GAMS 45.7.0  64fbf3ce Jan 18, 2024          WEX-WEI x86 64bit/MS Windows - 07/25/25 13:04:55 Page 1
GUIDE_GLOBAL_CGE model GTAP11c
C o m p i l a t i o n


   2  *==============================================================================
   3  *           GUIDE_GLOBAL_CGE GTAP11c Model Code Manual
   4  *           Version: 1.0
   5  *           Author: Jintae Kim
   6  *           Original Code Authors: Veronique Robichaud, Andre Lemelin,
   7  *           Helene Maisonnave, Bernard Decaluwe (PEP-w-1)
   8  *
   9  *           Except where otherwise noted, this work is licensed under
  10  *           the Creative Commons Attribution-NonCommercial-ShareAlike 3.0
  11  *           (CC BY-NC-SA 3.0) License.
  12  *           https://creativecommons.org/licenses/by-nc-sa/3.0/
  13  *==============================================================================
  14   
  15  *==============================================================================
  16  * Set
  17  *==============================================================================
  18  SET
  19   J               All industries
  20   I               All commodities
  21   I1(I)           All commodities except agriculture (agr)
  22   I2(I)           Backstop technology
  23   BUS(J)          Private industries
  24   PUB(J)          Public industries
  25   F               Production factors
  26  * L(F)           Labor categories
  27   K(F)            Capital categories
  28   Z               Regions
  29   ZR(Z)           Reference country (USA)
  30   Z1(Z)           All regions except reference region
  31   Zrich(Z)        Rich regions
  32   Zother(Z)       Non-rich regions
  33   
GDXIN   C:\Users\kimc0\GUIDE_GLOBAL_CGE\2.RD_CGE\Input_w-t\DATA_AGG-2019_GTAP11c_new.gdx
--- LOAD  J = 1:J
--- LOAD  I = 2:I
--- LOAD  BUS = 3:BUS
--- LOAD  PUB = 4:PUB
--- LOAD  F = 5:F
--- LOAD  K = 7:K
--- LOAD  Z = 8:Z
--- LOAD  ZR = 9:ZR
--- LOAD  Z1 = 10:Z1
--- LOAD  Zrich = 11:Zrich
--- LOAD  Zother = 12:Zother
  36   
  37  I1(I) Commodities excluding agriculture and backstop technology
  38  /
  39  * 01_AGRICULT    Agricultural forest and fishery goods
  40   02_COAL        Coal
  41   03_OIL         Crude petroleum
  42   04_GAS         Natural gas Gas distribution
  43   05_MINING      Mined and quarried goods
  44   06_FOODPRO     Food beverages and tobacco products
  45   07_TEXTILES    Textile and leather products
  46   08_WOODPRO     Wood products
  47   09_PAPERPRO    Paper products
  48   10_PETROLCOAL  Petroleum and coal products
  49  * 11_CHEMICAL    Chemical products
  50  * 12_NONMET      Non-metallic mineral products
  51  * 13_IRONSTL     Primary iron and steel products
  52   14_NONFERR     Non-ferrous metal products
  53   15_MACHINE     Fabricated metal products Electronic and electrical equipment Machinery and equipment
  54   16_TRANSEQ     Motor vehicles Other transport equipment
  55   17_OTHERIND    Other manufactured products Water supply
  56   18_ELEC        Electricity
  57   19_CONSTRUC    Construction
  58  * 20_LTRP        Land transport service(road rail)
  59  * 21_WTRP        Water transport service
  60  * 22_ATRP        Air transport service
  61   23_SER         Service
  62  /
  63   
  64  I2(I) Commodities excluding electricity
  65  /
  66   01_AGRICULT    Agricultural forest and fishery goods
  67   02_COAL        Coal
  68   03_OIL         Crude petroleum
  69   04_GAS         Natural gas Gas distribution
  70   05_MINING      Mined and quarried goods
  71   06_FOODPRO     Food beverages and tobacco products
  72   07_TEXTILES    Textile and leather products
  73   08_WOODPRO     Wood products
  74   09_PAPERPRO    Paper products
  75   10_PETROLCOAL  Petroleum and coal products
  76   11_CHEMICAL    Chemical products
  77   12_NONMET      Non-metallic mineral products
  78   13_IRONSTL     Primary iron and steel products
  79   14_NONFERR     Non-ferrous metal products
  80   15_MACHINE     Fabricated metal products Electronic and electrical equipment Machinery and equipment
  81   16_TRANSEQ     Motor vehicles Other transport equipment
  82   17_OTHERIND    Other manufactured products Water supply
  83  * 18_ELEC        Electricity
  84   19_CONSTRUC    Construction
  85   20_LTRP        Land transport service(road rail)
  86   21_WTRP        Water transport service
  87   22_ATRP        Air transport service
  88   23_SER         Service
  89  /
  90   
  91  I3(I) Commodities for backstop technology
  92  /
  93   11_CHEMICAL    Chemical products
  94   12_NONMET      Non-metallic mineral products
  95   13_IRONSTL     Primary iron and steel products
  96   20_LTRP        Land transport service(road rail)
  97   21_WTRP        Water transport service
  98   22_ATRP        Air transport service
  99  /
 100   
 101  ENE(I) Energy commodities full list
 102  /
 103   02_COAL         Coal
 104   03_OIL          Crude petroleum
 105   04_GAS          Natural gas
 106   10_PETROLCOAL   Petroleum and coal products
 107   18_ELEC         Electricity
 108  /
 109   
 110  ENE1(I) Energy commodities exclduing electricity
 111  /
 112   02_COAL         Coal
 113   03_OIL          Crude petroleum
 114   04_GAS          Natural gas
 115   10_PETROLCOAL   Petroleum and coal products
 116  /
 117   
 118  ENE2(I) Energy commodities Only electricity
 119  /
 120   18_ELEC         Electricity
 121  /
 122   
 123  ENE3(ene) Energy commodities exclduing electricity
 124  /
 125   02_COAL         Coal
 126   03_OIL          Crude petroleum
 127   04_GAS          Natural gas
 128   10_PETROLCOAL   Petroleum and coal products
 129  /
 130   
 131  ENE4(ene) Energy commodities exclduing electricity
 132  /
 133  * 02_COAL         Coal
 134  * 03_OIL          Crude petroleum
 135  * 04_GAS          Natural gas
 136  * 10_PETROLCOAL   Petroleum and coal products
 137   18_ELEC         Electricity
 138  /
 139   
 140  ENE5(ene) Energy commodities exclduing electricity
 141  /
 142   02_COAL         Coal
 143   04_GAS          Natural gas
 144  /
 145   
 146  ENE6(ene) Energy commodities exclduing electricity
 147  /
 148   03_OIL          Crude petroleum
 149   10_PETROLCOAL   Petroleum and coal products
 150  /
 151   
 152  ENE7(ene) Energy commodities exclduing electricity
 153  /
 154   02_COAL         Coal
 155   04_GAS          Natural gas
 156  * 10_PETROLCOAL   Petroleum and coal products
 157  /
 158   
 159   
 160  NENE(I) Non-energy commodities
 161  /
 162   01_AGRICULT    Agricultural forest and fishery goods
 163   05_MINING      Mined and quarried goods
 164   06_FOODPRO     Food beverages and tobacco products
 165   07_TEXTILES    Textile and leather products
 166   08_WOODPRO     Wood products
 167   09_PAPERPRO    Paper products
 168   11_CHEMICAL    Chemical products
 169   12_NONMET      Non-metallic mineral products
 170   13_IRONSTL     Primary iron and steel products
 171   14_NONFERR     Non-ferrous metal products
 172   15_MACHINE     Fabricated metal products Electronic and electrical equipment Machinery and equipment
 173   16_TRANSEQ     Motor vehicles Other transport equipment
 174   17_OTHERIND    Other manufactured products Water supply
 175   19_CONSTRUC    Construction
 176   20_LTRP        Land transport service(road rail)
 177   21_WTRP        Water transport service
 178   22_ATRP        Air transport service
 179   23_SER         Service
 180  * 02_COAL        Coal
 181  * 03_OIL         Crude petroleum
 182  * 04_GAS         Natural gas Gas distribution
 183  * 10_PETROLCOAL  Petroleum and coal products
 184  * 18_ELEC        Electricity
 185  /
 186   
 187  J2(J) KLE Sectors
 188  /
 189   01_AGRICULT    Agricultural forest and fishery goods
 190   06_FOODPRO     Food beverages and tobacco products
 191   07_TEXTILES    Textile and leather products
 192   08_WOODPRO     Wood products
 193   09_PAPERPRO    Paper products
 194   11_CHEMICAL    Chemical products
 195   12_NONMET      Non-metallic mineral products
 196   13_IRONSTL     Primary iron and steel products
 197   14_NONFERR     Non-ferrous metal products
 198   15_MACHINE     Fabricated metal products Electronic and electrical equipment Machinery and equipment
 199   16_TRANSEQ     Motor vehicles Other transport equipment
 200   17_OTHERIND    Other manufactured products Water supply
 201   27_CONSTRUC    Construction
 202   28_LTRP        Land transport service(road rail)
 203   29_WTRP        Water transport service
 204   30_ATRP        Air transport service
 205   31_SER         Service
 206  /
 207   
 208  J3(J) Non-KLE Sectors
 209  /
 210   02_COAL        Coal
 211   03_OIL         Crude petroleum
 212   04_GAS         Natural gas Gas distribution
 213   05_MINING      Mined and quarried goods
 214   10_PETROLCOAL  Petroleum and coal products
 215   18_TnD         Transmission and Distribution
 216   19_eNuclear    Nuclear generation
 217   20_eCoal       Coal generation
 218   21_eGas        Gas generation
 219   22_eOil        Oil generation
 220   23_eWind       Wind generation
 221   24_eSolar      Solar generation
 222   25_eHydro      Hydro generation
 223   26_eOther      Other generation
 224  /
 225   
 226  J4(J) Industries excluding specified energy-related industries
 227  /
 228   01_AGRICULT    Agricultural forest and fishery goods
 229  * 02_COAL        Coal
 230  * 03_OIL         Crude petroleum
 231  * 04_GAS         Natural gas Gas distribution
 232   05_MINING      Mined and quarried goods
 233   06_FOODPRO     Food beverages and tobacco products
 234   07_TEXTILES    Textile and leather products
 235   08_WOODPRO     Wood products
 236   09_PAPERPRO    Paper products
 237  * 10_PETROLCOAL  Petroleum and coal products
 238   11_CHEMICAL    Chemical products
 239   12_NONMET      Non-metallic mineral products
 240   13_IRONSTL     Primary iron and steel products
 241   14_NONFERR     Non-ferrous metal products
 242   15_MACHINE     Fabricated metal products Electronic and electrical equipment Machinery and equipment
 243   16_TRANSEQ     Motor vehicles Other transport equipment
 244   17_OTHERIND    Other manufactured products Water supply
 245  * 18_TnD         Transmission and Distribution
 246  * 19_eNuclear    Nuclear generation
 247  * 20_eCoal       Coal generation
 248  * 21_eGas        Gas generation
 249  * 22_eOil        Oil generation
 250  * 23_eWind       Wind generation
 251  * 24_eSolar      Solar generation
 252  * 25_eHydro      Hydro generation
 253  * 26_eOther      Other generation
 254   27_CONSTRUC    Construction
 255   28_LTRP        Land transport service(road rail)
 256   29_WTRP        Water transport service
 257   30_ATRP        Air transport service
 258   31_SER         Service
 259  /
 260   
 261  J5(J) Fossil fuel power sector
 262  /
 263   20_eCoal       Coal generation
 264   21_eGas        Gas generation
 265   22_eOil        Oil generation
 266  /
 267   
 268  J6(J) Industries excluding specified energy-related industries
 269  /
 270   01_AGRICULT    Agricultural forest and fishery goods
 271   02_COAL        Coal
 272   03_OIL         Crude petroleum
 273   04_GAS         Natural gas Gas distribution
 274   05_MINING      Mined and quarried goods
 275   06_FOODPRO     Food beverages and tobacco products
 276   07_TEXTILES    Textile and leather products
 277   08_WOODPRO     Wood products
 278   09_PAPERPRO    Paper products
 279   10_PETROLCOAL  Petroleum and coal products
 280   11_CHEMICAL    Chemical products
 281   12_NONMET      Non-metallic mineral products
 282   13_IRONSTL     Primary iron and steel products
 283   14_NONFERR     Non-ferrous metal products
 284   15_MACHINE     Fabricated metal products Electronic and electrical equipment Machinery and equipment
 285   16_TRANSEQ     Motor vehicles Other transport equipment
 286   17_OTHERIND    Other manufactured products Water supply
 287  * 18_TnD         Transmission and Distribution
 288  * 19_eNuclear    Nuclear generation
 289  * 20_eCoal       Coal generation
 290  * 21_eGas        Gas generation
 291  * 22_eOil        Oil generation
 292  * 23_eWind       Wind generation
 293  * 24_eSolar      Solar generation
 294  * 25_eHydro      Hydro generation
 295  * 26_eOther      Other generation
 296   27_CONSTRUC    Construction
 297   28_LTRP        Land transport service(road rail)
 298   29_WTRP        Water transport service
 299   30_ATRP        Air transport service
 300   31_SER         Service
 301  /
 302   
 303  TND(J) Electricity Transmission and Distribution
 304  /
 305   18_TnD         Electricity Transmission and Distribution
 306  /
 307   
 308  POWER(J) Power sectors
 309  /
 310   19_eNuclear    Nuclear generation
 311   20_eCoal       Coal generation
 312   21_eGas        Gas generation
 313   22_eOil        Oil generation
 314   23_eWind       Wind generation
 315   24_eSolar      Solar generation
 316   25_eHydro      Hydro generation
 317   26_eOther      Other generation
 318  /
 319   
 320  Energy(J) Industries
 321  /
 322   02_COAL        Coal
 323   03_OIL         Crude petroleum
 324   04_GAS         Natural gas Gas distribution
 325   05_MINING      Mined and quarried goods
 326   10_PETROLCOAL  Petroleum and coal products
 327   18_TnD         Transmission and Distribution
 328   19_eNuclear    Nuclear generation
 329   20_eCoal       Coal generation
 330   21_eGas        Gas generation
 331   22_eOil        Oil generation
 332   23_eWind       Wind generation
 333   24_eSolar      Solar generation
 334   25_eHydro      Hydro generation
 335   26_eOther      Other generation
 336  /
 337   
 338  IndCon(J) Industries
 339  /
 340   06_FOODPRO     Food beverages and tobacco products
 341   07_TEXTILES    Textile and leather products
 342   08_WOODPRO     Wood products
 343   09_PAPERPRO    Paper products
 344   11_CHEMICAL    Chemical products
 345   12_NONMET      Non-metallic mineral products
 346   13_IRONSTL     Primary iron and steel products
 347   14_NONFERR     Non-ferrous metal products
 348   15_MACHINE     Fabricated metal products Electronic and electrical equipment Machinery and equipment
 349   16_TRANSEQ     Motor vehicles Other transport equipment
 350   17_OTHERIND    Other manufactured products Water supply
 351   27_CONSTRUC    Construction
 352  /
 353   
 354  Roadrail(J) Industries
 355  /
 356   28_LTRP        Land transport service(road rail)
 357  /
 358   
 359  Air(J) Industries
 360  /
 361   30_ATRP        Air transport service
 362  /
 363   
 364  Water(J) Industries
 365  /
 366   29_WTRP        Water transport service
 367  /
 368   
 369  Other(J) Industries
 370  /
 371   01_AGRICULT    Agricultural forest and fishery goods
 372   31_SER         Service
 373  /
 374   
 375  Elec(J) Industries
 376  /
 377   19_eNuclear    Nuclear generation
 378   20_eCoal       Coal generation
 379   21_eGas        Gas generation
 380   22_eOil        Oil generation
 381   23_eWind       Wind generation
 382   24_eSolar      Solar generation
 383   25_eHydro      Hydro generation
 384   26_eOther      Other generation
 385  /
 386   
 387  NEA(Z) NorthEastAisa 6 Countires
 388  /
 389   01_KOR Korea
 390   02_CHN China
 391   03_JPN Japan
 392   04_RUS Russian Federation
 393   05_MNG Mongolia
 394   06_PRK Peoples Republic of Korea
 395  /
 396   
 397  NEA2(Z) Sub NEA KOR-CHN-JPN
 398  /
 399   01_KOR Korea
 400   02_CHN China
 401   03_JPN Japan
 402  /
 403   
 404  NEA3(Z) Sub NEA KOR-CHN-JPN
 405  /
 406   01_KOR Korea
 407   02_CHN China
 408   03_JPN Japan
 409   04_RUS Russian Federation
 410  /
 411   
 412  PERMIT_Z(z)
 413  /
 414  * 01_KOR Korea
 415   /
 416   
 417  CTAX_Z(z)
 418  /
 419  01_KOR Korea
 420   02_CHN China
 421   03_JPN Japan
 422   04_RUS Russian Federation
 423   05_MNG Mongolia
 424   06_PRK Peoples Republic of Korea
 425   07_NAM North America
 426   08_LAM Latin America and the Caribbean
 427   09_WEU Western Europe
 428   10_EEU Central and Eastern Europe
 429   11_FSU Former Soviet Union
 430   12_MEA Middle East and North Africa
 431   13_AFR Sub-Saharan Africa
 432   14_CPA Centrally Planned Asia and China
 433   15_SAS South Asia
 434   16_PAS Other Pacific Asia
 435   17_PAO Pacific OECD
 436  /
 437   
 438  COMtoIND(j,i3)
 439  /
 440   11_CHEMICAL.    (11_CHEMICAL)
 441   12_NONMET.      (12_NONMET)
 442   13_IRONSTL.     (13_IRONSTL)
 443   28_LTRP.        (20_LTRP)
 444   29_WTRP.        (21_WTRP )
 445   30_ATRP.        (22_ATRP )
 446  /
 447   
 448  INDtoCOM(i3,j)
 449  /
 450   11_CHEMICAL.    (11_CHEMICAL)
 451   12_NONMET.      (12_NONMET)
 452   13_IRONSTL.     (13_IRONSTL)
 453   20_LTRP.        (28_LTRP )
 454   21_WTRP.        (29_WTRP )
 455   22_ATRP.        (30_ATRP )
 456  /
 457   
 458  TIME Time periods
 459  /
 460  2019*2050
 461  /
 462   
 463  T(time)
 464  T1(time)         First period;
 465  T1(time)         = yes$[ord(time) eq 1];
 466   
 467  Parameter EndTime /2050/;
 468   
 469  ALIAS (j,jj)
 470  ALIAS (i,ii,ij)
 471  *ALIAS (l,lj)
 472  ALIAS (k,kj)
 473  ALIAS (z,zj,zjj)
 474  ALIAS (power, powerr)
 475  AlIAS (ENE,ENEE)
 476  AlIAS (TIME, TIMEE)
 477  Alias (Elec, Elecc)
 478  Alias (ene1, enee1)
 479  Alias (ene3, enee3)
 480  Alias (ene4, enee4)
 481  Alias (ene5, enee5)
 482  Alias (ene6, enee6)
 483  Alias (ene7, enee7)
 484  ;
 485   
 486  *==============================================================================
 487  * Scalar
 488  *==============================================================================
 489  *scalar solar_growth solar ;
 490  *scalar solar_growth / 0.04823 /;
 491   
 492  *==============================================================================
 493  * Parameters
 494  *==============================================================================
 495  PARAMETER
 496   A_K(z)                        Scale parameter (investment function)
 497   aij(i,j,z)                       Input output coefficient
 498   aij2(i,j,z)                     Input output coefficient (intermediate energy)
 499   B_KD(j,z)                    Scale parameter (CES - composite capital)
 500   B_LD(j,z)                    Scale parameter (CES - composite labor)
 501   B_M1(i,z)                    Scale parameter (CES - composite commodity)
 502   B_M2(i,z)                    Scale parameter (CES - composite import)
 503   B_VA(j,z)                    Scale parameter (CES - value added)
 504   B_VA_t(j,z,time)          Scale parameter (CES - value added)
 505   B_KLE(j,z)                  Scale parameter (CES - composite KLE)
 506   B_ENER(j,z)                Scale parameter (CES - composite ENER)
 507   B_ENER_t(j,z,time)           Scale parameter (CES - composite ENER)
 508   B_ENER2(j,z)                 Scale parameter (CES - composite ENER)
 509   B_ENER3(j,z)                 Scale parameter (CES - composite ENER)
 510   B_ENER4(j,z)                 Scale parameter (CES - composite ENER)
 511   B_ENER5_1(j,z)               Scale parameter (CES - composite ENER)
 512   B_ENER5_2(j,z)               Scale parameter (CES - composite ENER)
 513   B_X1(i,z)                    Scale parameter (CET - total output)
 514   B_X2(i,z)                    Scale parameter (CET - composite export)
 515   B_X3(i,z)                    Scale parameter (CES - top level)
 516   B_X4(z)                      Scale parameter (CES - Aggregated Electricity)
 517   beta_D_X1(i,z)               Share parameter (CET - total output - local sales)
 518   beta_EX_X1(i,z)              Share parameter (CET - total output - export)
 519   beta_X2(i,z,zj)              Share parameter (CET - composite export)
 520   beta_X3(j,i,z)               Share parameter (CES - top level)
 521   beta_X4(power, z)            Share parameter (CES - Aggregated Electricity)
 522   beta_KD(k,j,z)               Share parameter (CES - composite capital)
 523  * beta_LD(l,j,z)               Share parameter (CES - composite labor)
 524   beta_M1(i,z)                 Share parameter (CES - composite commodity)
 525   beta_M2(i,zj,z)              Share parameter (CES - composite import)
 526   beta_VA(j,z)                 Share parameter (CES - value added)
 527   beta_KLE(j,z)                Share parameter (CES - KLE composite)
 528   beta_KLE2(j,z)               Share parameter (CES - KLE composite)
 529   beta_KLE2_t(j,z,time)        Share parameter (CES - KLE composite)
 530   beta_ENER(ene,j,z)           Share parameter (CES - ENER composite)
 531   beta_ENER2(j,z)              Share parameter (CES - ENER composite)
 532   beta_ENER3(ene3,j,z)         Share parameter (CES - ENER composite)
 533   beta_ENER4(j,z)              Share parameter (CES - ENER composite)
 534   beta_ENER5_1(ene5,j,z)       Share parameter (CES - ENER composite)
 535   beta_ENER5_2(ene6,j,z)       Share parameter (CES - ENER composite)
 536   delta(z)                     Depreciation rate of capital in country z
 537   eta                          Price elasticity of indexed transfers and parameters
 538   frisch(z)                    Frisch parameter (LES function)
 539   gamma_GVT(i,z)               Share of commodity i in total current public expenditures on goods and services
 540   gamma_INV(i,z)               Share of commodity i in total investment expenditures
 541   gamma_LES(i,z)               Marginal share of commodity i in household consumption budget
 542   io(j,z)                      Coefficient (Leontief - intermediate consumption)
 543   io2(j,z)                     Coefficient (Leontief - intermediate energy consumption)
 544   v(j,z)                       value added Coefficient (Leontief)
 545   v2(j,z)                      KLE Share parameter (Leontief)
 546   kmob                         Flag parameter (1 if capital is mobile)
 547   RES                          Rescaling factor
 548   rho_KD(j,z)                  Elasticity paameter (CES - composite capital)
 549   rho_LD(j,z)                  Elasticity parameter (CES - composite labor)
 550   rho_M1(i,z)                  Elasticity parameter (CES - composite commodity)
 551   rho_M2(i,z)                  Elasticity parameter (CES - composite import)
 552   rho_VA(j,z)                  Elasticity parameter (CES - value added)
 553   rho_KLE(j,z)                 Elasticity parameter (CES - KLE)
 554   rho_ENER(j,z)                Elasticity parameter (CES - ENER)
 555   rho_ENER2(j,z)               Elasticity parameter (CES - ENER)
 556   rho_ENER3(j,z)               Elasticity parameter (CES - ENER)
 557   rho_ENER4(j,z)               Elasticity parameter (CES - ENER)
 558   rho_ENER5_1(j,z)             Elasticity parameter (CES - ENER)
 559   rho_ENER5_2(j,z)             Elasticity parameter (CES - ENER)
 560   rho_X1(i,z)                  Elasticity parameter (CET - composite export)
 561   rho_X2(i,z)                  Elasticity parameter (CET - composite export)
 562   rho_X3(i,z)                  Elasticity parameter (CES - top level)
 563   rho_X4(z)                    Elasticity parameter (CES - Aggregated Electricity)
 564   sigma_INV(k,j,z)             Elasticity (investment demand)
 565   sigma_KD(j,z)                Elasticity (CES - composite capital)
 566   sigma_LD(j,z)                Elasticity (CES - composite labor)
 567   sigma_M1(i,z)                Elasticity (CES - composite commodity)
 568   sigma_M2(i,z)                Elasticity (CES - composite import)
 569   sigma_VA(j,z)                Elasticity (CES - value added)
 570   sigma_KLE(j,z)               Elasticity (CES - kle)
 571   sigma_ENER(j,z)              Elasticity (CES - within energy)
 572   sigma_ENER2(j,z)             Elasticity (CES - within energy)
 573   sigma_ENER3(j,z)             Elasticity (CES - within energy)
 574   sigma_ENER4(j,z)             Elasticity (CES - within energy)
 575   sigma_ENER5_1(j,z)           Elasticity (CES - within energy)
 576   sigma_ENER5_2(j,z)           Elasticity (CES - within energy)
 577   sigma_X0(j,z)                Elasticity (CET - exports and local sales)
 578   sigma_X1(i,z)                Elasticity (CET - total output)
 579   sigma_X2(i,z)                Elasticity (CET - composite export)
 580   sigma_X3(i,z)                Elasticity (CES - top level)
 581   sigma_X4(z)                  Elasticity (CES - Aggregated Electricity)
 582   sigma_Y(i,z)                 Income elasticity of consumption
 583   elasLS(z)                    Elasticity of labor supply
 584   tmrg(i,ij,zj,z)              Rate of margin i applied to commodity ij imported from country zj
 585   TnDShare(z)                  T&D share of Aggregated electricity
 586   PowerShare(z)                Power Industries share of Aggregated electricity
 587   theta2(j,i,z)                Export share of composite activity
 588   TOT_POP(z,time)              Total population from 1980 to 2050 based on the PEP w aggregation
 589   g_GDP(z,time)                GDP past and projected growth rate
 590   g_LS(z,time)                 Active population past and projected growth rate
 591   g_POP(z,time)                Population past and projected growth rate
 592   g_SDR(z,time)                Growth rate of domestic savings rate
 593   gamma_GVT(i,z)               Share of commodity i in total current public expenditures on goods and services
 594   gamma_INV(i,z)               Share of commodity i in total investment expenditures
 595   gamma_LES(i,z)               Marginal share of commodity i in household consumption budget
 596   exogro(z,time)               Exogenous growth factor for exogenously growing variables except labor
 597   growthz(z)                   Steady state grwoth
 598   AEEI(z,time)                 Autonomous energy efficiency improvement (Reference)
 599   AEEI_low(z,time)             Autonomous energy efficiency improvement (Low)
 600   AEEI_high(z,time)            Autonomous energy efficiency improvement (High)
 601   CTAX_Cal(z,time)             Carbon Tax for Baseline Scenario
 602   CTAX_CPS(z,time)             Carbon Tax for Current Policy Scenario
 603   CTAX_NZS(z,time)             Carbon Tax for Net Zero Scenario
 604   PERMIT_Cal(z,time)           PERMIT
 605   TIW_Share_Cal(j,time)        PERMIT
 606   switch(i3,z,time)            binary variable - equals zero if no use of backstop technologies
 607   penetration_rate(i3,z,time)  penetration_rate
 608   
 609  *==============================================================================
 610  *  Volume
 611  *==============================================================================
 612   CABXO(z)        Current account balance of region z in terms of the international currency (pseudo-volume variable)
 613   CO(i,z)         Consumption of commodity i by households in region z
 614   CGO(i,z)        Public consumption of commodity i in region z
 615   CIO(j,z)        Total intermediate consumption of industry j in region z
 616   CEO(j,z)        Total energy intermediate consumption of industry j in region z
 617   CEelecO(j,z)    Total energy intermediate consumption of industry j in region z
 618   CEnelecO(j,z)   Total energy intermediate consumption of industry j in region z
 619   CMINO(i,z)      Minimum consumption of commodity i by households in region z
 620   CTH_REALO(z)    Real household consumption in region z
 621   DDO(i,z)        Domestic demand for commodity i produced locally in region z
 622   DIO(i,j,z)      Intermediate consumption of commodity i by industry j in region z
 623   DEO(ene,j,z)    Intermediate energy consumption of commodity i by industry j in region z
 624   DEelecO(j,z)    Intermediate energy consumption of commodity i by industry j in region z
 625   DEnelecO(j,z)   Intermediate energy consumption of commodity i by industry j in region z
 626   DEcoalgasO(j,z) Intermediate energy consumption of commodity i by industry j in region z
 627   DEcoalO(j,z)    Intermediate energy consumption of commodity i by industry j in region z
 628   DEgasO(j,z)     Intermediate energy consumption of commodity i by industry j in region z
 629   DEoilpetrolO(j,z) Intermediate energy consumption of commodity i by industry j in region z
 630   DEoilO(j,z)     Intermediate energy consumption of commodity i by industry j in region z
 631   DEpetrolO(j,z)  Intermediate energy consumption of commodity i by industry j in region z
 632   DITO(i,z)       Total intermediate demand of commodity i in region z
 633   DSO(j,i,z)      Supply of commodity i by sector j to the domestic market
 634   DSO_I(i,z)      Supply of commodity i to the domestic market of region z
 635   DSO_J(j,z)      Supply of activity j to the domestic market of region z
 636   EXO(i,z,zj)     Quantity of product i exported by country z to country zj
 637   EXTO(i,z)       Supply of composite commodity i by region z to the export market
 638   EXTTO(j,i,z)    Supply of activity j to the export market i of region z
 639   G_REALO(z)      Current real government expenditures on goods and services in region z
 640   GDP_BP_REALO(z) Real GDP at basic prices
 641   GDP_MP_REALO(z) Real GDP at market prices
 642   GDP_BP_W_REALO  Real GDP at basic prices
 643   IMO(i,zj,z)     Quantity of product i imported by country z from country zj
 644   IMTO(i,z)       Quantity demanded of composite imports of commodity i by region z
 645   INDO(k,j,z)     Volume of new type k capital investment to industry j in region z
 646   INVO(i,z)       Final demand of commodity i for investment purposes (GFCF) in region z
 647   IT_REALO(z)     Real gross fixed capital formation
 648   KDO(k,j,z)      Demand for type k capital by industry j in region z
 649   KDCO(j,z)       Demand for composite capital by industry j in region z
 650   KSO(k,z)        Supply of type k capital in region z
 651   KSTO(z)         Total supply of capital in region z
 652   LDO(j,z)        Demand for type l labor by industry j in region z
 653   LDCO(j,z)       Demand for composite labor by industry j in region z
 654   LSO(z)          Supply of type l labor in region z
 655   LSTO(z)         Supply of type l labor in region z (Trend)
 656   LSO_lag(z)      Supply of type l labor in region z (T-1)
 657   LSTO_lag(z)     Supply of type l labor in region z (Trend T-1)
 658   MRGNO(i,z)      Domestic production of commodity i in region z exported as international margin services
 659   POPO(z)         Population in 2019
 660   QO(i,z)         Quantity demanded of composite commodity i in region z
 661   VAO(j,z)        Value added of industry j in region z
 662   KLEO(j,z)       KLE of industry j in region z
 663   XSO_I(i,z)      Commoidty i total production
 664   XSO(j,i,z)      Total output of industry j in region z
 665   XSTO(j,z)       Total output of industry j
 666   POWERQO(z)      Total power output in region z
 667   Share_Elec(j2,z)
 668   Share_nElec(ene3,j2,z)
 669   Share_coalgas2(j2,z)
 670   Share_oilpetrol2(j2,z)
 671   Share_coalgas(ene5,j2,z)
 672   Share_oilpetrol(ene6,j2,z)
 673  *==============================================================================
 674  *   Price
 675  *==============================================================================
 676   eO(z)                Exchange rate (price of international currency in terms of region z local currency)
 677   IRO(z)               Interest rate
 678   PO(i,z)              Basic price of commodity i in region z
 679   PO2(j,i,z)           Basic price of industry js production of commodity i
 680   PO3(i,j,z)           Basic price of power industry js production of commodity i
 681   PO4(i,j,z)           Basic energy commodity price of industry js production of commodity i
 682   PPOWERO(z)           Basic price of composite power commodity in region z
 683   PIO(i,z)             Basic price of composite activity commodity in region z
 684   PTO(j,z)             Basic price of industry js output
 685   PCO(i,z)             Purchaser price of composite commodity i (including all taxes and margins) in region z
 686   PCIO(j,z)            Intermediate consumption price index of industry j in region z
 687   PCEO(j,z)            Intermediate energy consumption price index of industry j in region z
 688   PCEelecO(j,z)        Intermediate energy consumption price index of industry j in region z
 689   PCEnelecO(j,z)       Intermediate energy consumption price index of industry j in region z
 690   PCEcoalgasO(j,z)     Intermediate energy consumption price index of industry j in region z
 691   PCEcoalO(j,z)        Intermediate energy consumption price index of industry j in region z
 692   PCEgasO(j,z)         Intermediate energy consumption price index of industry j in region z
 693   PCEoilpetrolO(j,z)   Intermediate energy consumption price index of industry j in region z
 694   PCEoilO(j,z)         Intermediate energy consumption price index of industry j in region z
 695   PCEpetrolO(j,z)      Intermediate energy consumption price index of industry j in region z
 696   PDO(i,z)             Price of local product i sold on region z domestic market (including all taxes)
 697   PEO(i,z,zj)          Price received for commodity i exported to region zj by region z (excluding export taxes)
 698   PETO(i,z)            Border price of composite commodity i exported by region z
 699   PIXCONO(z)           Consumer price index in region z
 700   PIXCONO_lag(z)       Consumer price index in region z
 701   PIXGDPO(z)           GDP deflator in region z
 702   PIXGDP_WO            World GDP deflator
 703   PIXGVTO(z)           Public expenditures price index in region z
 704   PIXINVO(z)           Investment price index in region z
 705   PKO(z)               Price of new capital in region z
 706   PLO(i,z)             Price of local product i (excluding all taxes on products) in region z
 707   PMO(i,zj,z)          Price of commodity i imported by region z from region zj (including all taxes duties and margins)
 708   PMTO(i,z)            Price of composite commodity i imported by region z (including all taxes duties and margins)
 709   PPO(j,z)             Unit cost of industry j in region z including taxes directly related to the use of capital and labor but excluding other taxes on production
 710   PVAO(j,Z)            Price of industry j value added in region z (including taxes on production directly related to the use of capital and labor)
 711   PKLEO(j,z)           Price of industry j KLE in region z
 712   PWMO(i,zj,z)         World price of commodity i imported from country zj by region z (expressed in international currency)
 713   PWMGO(i)             World price of margin i (expressed in international currency)
 714   PWXO(i,z,zj)         World price of commodity i exported to country zj by region z (expressed in international currency)
 715   RO(k,j,z)            Rental rate of type k capital in industry j of region z
 716   RCO(j,z)             Rental rate of industry j composite capital in region z
 717   RKO(k,z)             Rental rate of type k capital in region z
 718   RTIO(k,j,z)          Rental rate paid by industry j for type k capital in region z including capital taxes
 719   UO(z)                User cost of capital in region z
 720   WO(z)                Wage rate of type l labor in region z
 721   WO_lag(z)            Wage rate of type l labor in region z
 722   WCO(j,z)             Wage rate of industry j composite labor in region z
 723   WTIO(j,z)            Wage rate paid z by industry j for type l labor in region including payroll taxes
 724   
 725  *==============================================================================
 726  *   Nominal (value)
 727  *==============================================================================
 728   CABO(z)         Current account balance of region z
 729   CTHO(z)         Consumption budget of households in region z
 730   DEPO(z)         Amount of depreciation (capital consumption allowance) in region z
 731   GO(z)           Current government expenditures on goods and services in region z
 732   GDP_BPO(z)      Region z GDP at basic prices
 733   GDP_BP_WO       World GDP at basic prices
 734   GDP_FDO(z)      Region z GDP at purchasers prices from the perspective of final demand
 735   GDP_IBO(z)      Region z GDP at market prices (income-based)
 736   GDP_MPO(z)      Region z GDP at market prices
 737   ITO(z)          Total investment expenditures in region z
 738   RKDO(k,j,z)     Type k capital income in industry j in region z
 739   SGO(z)          Government savings in region z
 740   SHO(z)          Household savings in region z
 741   SROWO(z)        Rest-of-the-world savings with respect to region z
 742   TDHO(z)         Household income taxes in region z
 743   TICO(i,z)       Government revenue from indirect taxes on commodity i in region z
 744   TICTO(z)        Total government receipts of indirect taxes on commodities in region z
 745   TIKO(k,j,z)     Government revenue from taxes on type k capital used by industry j in region z
 746   TIKTO(z)        Total government revenue from from taxes on capital in region z
 747   TIMO(i,zj,z)    Government revenue from duties on commodity i imported from region zj by region z
 748   TIMTO(z)        Total government revenue from import duties in region z
 749   TIPO(j,z)       Government revenue from taxes on industry j production in region z (excluding taxes directly related to the use of capital and labor)
 750   TIPTO(z)        Total government revenue from production taxes in region z (excluding taxes directly related to the use of capital and labor)
 751   TIWO(j,z)       Government revenue from payroll taxes on type l labor in industry j of region z
 752   TIWTO(z)        Total government revenue from payroll taxes in region z
 753   TIXO(i,z,zj)    Government revenue from export taxes on commodity i exported by region z to region zj
 754   TIXTO(z)        Total government revenue from export taxes in region z
 755   TPRCTSO(z)      Total government revenue from taxes on products and imports in region z
 756   TPRODNO(z)      Total government revenue from other taxes on production in region z
 757   YDHO(z)         Household disposable income in region z
 758   YGO(z)          Total government income in region z
 759   YHO(z)          Household total income in region z
 760   YHKO(z)         Household capital income in region z
 761   YHLO(z)         Household labor income in region z
 762   YROWO(z)        Rest-of-the-world total income from region z
 763   TIWO_Share(j,z)     Government revenue from payroll taxes on type l labor in industry j of region z
 764   TIKO_Share(k,j,z)     Government revenue from taxes on type k capital used by industry j in region z
 765   TIPO_Share(j,z)
 766  *==============================================================================
 767  *   Rates and intercepts
 768  *==============================================================================
 769   phiO(z)         Scale variable (allocation of investment to industries)
 770   sh0O(z)         Intercept (household savings)
 771   sh1O(z)         Slope (household savings)
 772   ttdh0O(z)       Intercept (household income tax)
 773   ttdh1O(z)       Slope (household income tax)
 774   tticO(i,z)      Tax rate on commodity i
 775   ttikO(k,j,z)    Tax rate on capital k used in industry j
 776   ttimO(i,zj,z)   Rate of taxes and duties on imports of commodity i from country zj
 777   ttipO(j,z)      Tax rate on the production of industry j
 778   ttiwO(j,z)    Tax rate on type l worker compensation in industry j
 779   ttixO(i,z,zj)   Export tax rate on exported commodity x
 780  ;
 781   
--- LOAD  CO = 13:CO
--- LOAD  CGO = 14:CGO
--- LOAD  DDO = 15:DDO
--- LOAD  DEPO = 16:DEPO
--- LOAD  DIO = 17:DIO
--- LOAD  DSO = 18:DSO
--- LOAD  DSO_I = 19:DSO_I
--- LOAD  EXO = 20:EXO
--- LOAD  IMO = 21:IMO
--- LOAD  INVO = 22:INVO
--- LOAD  KSTO = 23:KSTO
--- LOAD  LDO = 24:LDO
--- LOAD  MRGNO = 25:MRGNO
--- LOAD  XSO = 39:XSO
--- LOAD  XSO_I = 40:XSO_I
--- LOAD  XSTO = 41:XSTO
--- LOAD  TOT_POP = 62:TOT_POP
--- LOAD  g_GDP = 63:g_GDP
--- LOAD  g_POP = 64:g_POP
--- LOAD  g_SDR = 65:g_SDR
--- LOAD  AEEI_low = 66:AEEI_low
--- LOAD  AEEI_high = 67:AEEI_high
--- LOAD  CTAX_Cal = 72:CTAX_Cal
--- LOAD  CTAX_CPS = 73:CTAX_CPS
--- LOAD  CTAX_NZS = 74:CTAX_NZS
--- LOAD  PERMIT_Cal = 75:PERMIT_Cal
--- LOAD  TIW_Share_Cal = 76:TIW_Share_Cal
--- LOAD  RKDO = 27:RKDO
--- LOAD  TDHO = 28:TDHO
--- LOAD  TICO = 30:TICO
--- LOAD  TIKO = 31:TIKO
--- LOAD  TIMO = 32:TIMO
--- LOAD  TIPO = 33:TIPO
--- LOAD  TIWO = 34:TIWO
--- LOAD  TIXO = 35:TIXO
--- LOAD  tmrg = 38:tmrg
--- LOAD  sigma_M1 = 44:sigma_M1
--- LOAD  sigma_M2 = 45:sigma_M2
--- LOAD  sigma_VA = 46:sigma_VA
--- LOAD  sigma_KLE = 47:sigma_KLE
--- LOAD  POPO = 26:POPO
 786   
 787  * Other exogenous parameters can be defined if the Excel file VAL_PAR.XLS
 788  PARAMETER PARZ;
 789   
GDXIN   C:\Users\kimc0\GUIDE_GLOBAL_CGE\2.RD_CGE\Input_w-t\PAR.gdx
--- LOAD  sigma_KD = 1:sigma_KD
--- LOAD  sigma_LD = 2:sigma_LD
--- LOAD  sigma_X1 = 4:sigma_X1
--- LOAD  sigma_X2 = 5:sigma_X2
--- LOAD  sigma_X3 = 6:sigma_X3
--- LOAD  sigma_X0 = 7:sigma_X0
--- LOAD  sigma_Y = 8:sigma_y
--- LOAD  sigma_INV = 10:sigma_inv
--- LOAD  PARZ = 9:PARZ
 793   
 794  *===============================================================================
 795  * CES - composite capital
 796   sigma_KD(j,z)             = 0.5;
 797   sigma_KD('02_COAL',z)     = 0.2;
 798   sigma_KD('03_OIL',z)      = 0.2;
 799   sigma_KD('04_GAS',z)      = 0.2;
 800   sigma_KD('05_MINING',z)   = 0.2;
 801   
 802  * CES - composite labor
 803   sigma_LD(j,z)   = 2*sigma_VA(j,z);
 804   
 805  * CES - composite K-L
 806   sigma_VA('10_PETROLCOAL',z)  = 1.26;
 807   sigma_VA('18_TnD',z)         = 0.2;
 808   sigma_VA('19_eNuclear',z)    = 0.2;
 809   sigma_VA('20_eCoal',z)       = 0.2;
 810   sigma_VA('21_eGas',z)        = 0.2;
 811   sigma_VA('22_eOil',z)        = 0.2;
 812   sigma_VA('23_eWind',z)       = 0.2;
 813   sigma_VA('24_eSolar',z)      = 0.2;
 814   sigma_VA('25_eHydro',z)      = 0.2;
 815   sigma_VA('26_eOther',z)      = 0.2;
 816   
 817  * CES - composite ENER
 818   sigma_ENER(j,z)              = 1.1 ;
 819   sigma_ENER2(j2,z)           = 1.1 ;
 820  * sigma_ENER2(j2,z)          = 0.5;
 821   sigma_ENER3(j2,z)           = 1.1 ;
 822   sigma_ENER4(j2,z)           = 2.0 ;
 823   sigma_ENER5_1(j2,z)        = 2.0 ;
 824   sigma_ENER5_2(j2,z)        = 2.0 ;
 825   
 826  * CES - composite Power sector
 827   sigma_X4(z)    = 1.1;
 828   
 829  * CES - DOM vs.IMP
 830   sigma_M1('03_OIL','06_PRK') = 0.5;
 831   sigma_M1('04_GAS',Z) = 6;
 832   
 833  * CES - IMP sourcing
 834   sigma_M2('03_OIL',Z) = 2;
 835   sigma_M2('04_GAS',Z) = 2;
 836   
 837  * CET - total output
 838   sigma_X2(i,Z)  = 2;
 839   
 840  * CES - composite Power sector
 841   sigma_X4(z)    = 2;
 842   sigma_X4(NEA2) = 5;
 843   
 844  * Investment demand elasticity
 845   sigma_INV(k,j,z) = 2;
 846   
 847  * Income elasticity of consumption
 848  * sigma_Y('03_OIL','06_PRK') = 1.01;
 849   
 850  * LES parameters - Frisch all (1.1)
 851   frisch(z)      = PARZ(z,'frisch');
 852   
 853  * Labour supply
 854   elasLS(z)      = 0.5 ;
 855   
 856   growthz(z)     = 0.02 ;
 857  *==============================================================================
 858  *   Rescaling
 859  *==============================================================================
 860  * GTAP data are in millions of US dollars With RES = 10000, model results are in tens of billions (10G$)
 861  RES              = 10000;
 862  CO(i,z)          = CO(i,z)/RES;
 863  CGO(i,z)         = CGO(i,z)/RES;
 864  DDO(i,z)         = DDO(i,z)/RES;
 865  DEPO(z)          = DEPO(z)/RES;
 866  DIO(i,j,z)       = DIO(i,j,z)/RES;
 867  DSO(j,i,z)       = DSO(j,i,z)/RES;
 868  DSO_I(i,z)       = DSO_I(i,z)/RES;
 869  EXO(i,z,zj)      = EXO(i,z,zj)/RES;
 870  IMO(i,z,zj)      = IMO(i,z,zj)/RES;
 871  INVO(i,z)        = INVO(i,z)/RES;
 872  KSTO(z)          = KSTO(z)/RES;
 873  LDO(j,z)         = LDO(j,z)/RES;
 874  MRGNO(i,z)       = MRGNO(i,z)/RES;
 875  RKDO(k,j,z)      = RKDO(k,j,z)/RES;
 876  TDHO(z)          = TDHO(z)/RES;
 877  TICO(i,z)        = TICO(i,z)/RES;
 878  TIKO(k,j,z)      = TIKO(k,j,z)/RES;
 879  TIMO(i,z,zj)     = TIMO(i,z,zj)/RES;
 880  TIPO(j,z)        = TIPO(j,z)/RES;
 881  TIWO(j,z)        = TIWO(j,z)/RES;
 882  TIXO(i,z,zj)     = TIXO(i,z,zj)/RES;
 883  tmrg(i,ij,z,zj)  = tmrg(i,ij,z,zj)/RES;
 884  XSO_I(i,z)       = XSO_I(i,z)/RES;
 885  XSO(j,i,z)       = XSO(j,i,z)/RES;
 886  XSTO(j,z)        = XSTO(j,z)/RES;
 887   
 888  *==============================================================================
 889  *  3.3 Exogenous prices and parameters
 890  *==============================================================================
 891  *  Price elasticity (should be equal to one to verify homogeneity)
 892  eta = 1;
 893   
 894  *------------------------------------------------------------------------------
 895  *  Slopes of taxation functions
 896  *   One can either choose to assign a value to the intercepts and calibrate
 897  *   the slopes accordingly, or the other way around. This type of modelling
 898  *   can be useful to take into account known marginal savings or taxation rates
 899  *   or to deal with negative average saving rates in cases where savings are
 900  *   negative for some household groups.
 901  *   When no further information is available, one can simply set the intercepts
 902  *   to zero and calibrate an average rate: this is what we do here for ttdh0O.
 903  *   If the user wishes to assume otherwise, he can fill the appropriate area in
 904  *   the Excel file VAL_PAR.xls.
 905  * ttdh0O(z)       = PARZ(z,'ttdh0O');
 906   ttdh0O(z)       = 0;
 907  *   The slope ttdh1O is calibrated below in the mane GAMS file
 908   
 909  *------------------------------------------------------------------------------
 910  * Also we need to assign values to some prices
 911  * All of the prices below, EXCEPT eO, may be set at arbitrary values
 912  * without loss of generality.
 913  *
 914  * In the case of eO, although exchange rates may be given arbitrary values
 915  * in the model, they must all be equal for calibration at this stage. The reason
 916  * is that the supply of margin transport services MRGNO must equal global demand.
 917  * Since there is a single world price for international transport margins
 918  * (rather than bilateral world prices for other commodities) the unit of
 919  * measurement of the volume of margin services must be the same for all regions,
 920  * and in turn, that implies that the divisor that converts the nominal value to
 921  * volume be the same for all regions. Since that divisor involves the exchange
 922  * rate, all exchange rates must be equal.
 923   
 924  * Normally, prices that may be given arbitrary values are set at 1:
 925   eO(z)            = 1;
 926   PEO(i,z,zj)      = 1;
 927   PLO(i,z)         = 1;
 928   PWMGO(i)         = 1;
 929   WO(z)            = 1;
 930   WO_lag(z)        = WO(z) ;
 931   
 932  *==============================================================================
 933  * Calibration
 934  *==============================================================================
 935   YHKO(z)         = SUM[(k,j),RKDO(k,j,z)];
 936   YHLO(z)         = SUM[(j),LDO(j,z)];
 937   YHO(z)          = YHLO(z)+YHKO(z);
 938   YDHO(z)         = YHO(z)-TDHO(z);
 939   CTHO(z)         = SUM[i,CO(i,z)];
 940   SHO(z)          = YDHO(z)-CTHO(z);
 941   TICTO(z)        = SUM[i,TICO(i,z)];
 942   TIMTO(z)        = SUM[(i,zj),TIMO(i,zj,z)];
 943   TIWTO(z)        = SUM[(j),TIWO(j,z)];
 944   TIKTO(z)        = SUM[(k,j),TIKO(k,j,z)];
 945   TIPTO(z)        = SUM[j,TIPO(j,z)];
 946   TIXTO(z)        = SUM[(i,zj),TIXO(i,z,zj)];
 947   TPRODNO(z)      = TIKTO(z)+TIWTO(z)+TIPTO(z);
 948   TPRCTSO(z)      = TICTO(z)+TIMTO(z)+TIXTO(z);
 949   YGO(z)          = TDHO(z)+TPRCTSO(z)+TPRODNO(z);
 950   GO(z)           = SUM[i,CGO(i,z)];
 951   SGO(z)          = YGO(z)-GO(z);
 952   YROWO(z)        = SUM[(i,zj),IMO(i,zj,z)]+SUM[(i,ij,zj),tmrg(i,ij,zj,z)];
 953   SROWO(z)        = YROWO(z)-SUM[(i,zj),EXO(i,z,zj)]-SUM[i,MRGNO(i,z)];
 954   CABO(z)         = -SROWO(z);
 955   ITO(z)          = SHO(z)+SGO(z)+SROWO(z);
 956   
 957  *==============================================================================
 958  *  Calibration of parameters and other variables
 959  *==============================================================================
 960  *  Calibration of investment and government spending shares
 961  *==============================================================================
 962   gamma_GVT(i,z)  = CGO(i,z)/SUM[ij,CGO(ij,z)];
 963   gamma_INV(i,z)  = INVO(i,z)/SUM[ij,INVO(ij,z)] ;
 964   
 965  *==============================================================================
 966  *  Calibration of other prices and revised volumes (part 1)
 967  *==============================================================================
 968   LDO(j,z)      = LDO(j,z)/WO(z);
 969   LDCO(j,z)     = LDO(j,z);
 970   LSO(z)        = SUM[j,LDO(j,z)];
 971   LSTO(z)       = LSO(z) ;
 972   LSO_lag(z)    = LSO(z) ;
 973   LSTO_lag(z)   = LSO(z) ;
 974   EXO(i,z,zj)  = [EXO(i,z,zj)-TIXO(i,z,zj)]/PEO(i,z,zj);
 975   EXTO(i,z)    = SUM[zj,EXO(i,z,zj)];
 976   PWXO(i,z,zj)$EXO(i,z,zj)
 977                   = {[PEO(i,z,zj)*EXO(i,z,zj)+TIXO(i,z,zj)]/EXO(i,z,zj)}/eO(z);
 978   
 979   PETO(i,z)       = SUM[zj,PEO(i,z,zj)*EXO(i,z,zj)]/EXTO(i,z);
 980  * PETO(i,z)$(EXTO(i,z) > 0) = SUM[zj, PEO(i,z,zj) * EXO(i,z,zj)] / EXTO(i,z);
 981  * PETO(i,z)$(EXTO(i,z) = 0) = 0;
 982   PWMO(i,z,zj)    = PWXO(i,z,zj);
 983   IMO(i,zj,z)     = EXO(i,zj,z);
 984   IMTO(i,z)       = SUM[zj,IMO(i,zj,z)];
 985   
 986   DSO(j,i,z)      = DSO(j,i,z)/PLO(i,z);
 987   DSO_I(i,z)      = SUM(j,DSO(j,i,z));
 988   DSO_J(j,z)      = SUM(i,DSO(j,i,z));
 989   QO(i,z)         = IMTO(i,z)+DDO(i,z);
 990   
 991   MRGNO(i,z)$MRGNO(i,z)
 992                   = MRGNO(i,z)/[eO(z)*PWMGO(i)];
 993   
 994   XSO_I(i,z)      = EXTO(i,z)+DDO(i,z)+MRGNO(i,z);
 995   
 996   XSTO(j,z)       = sum(i, XSO(j,i,z));
 997   
 998   PO(i,z)         = [PETO(i,z)*EXTO(i,z)+PLO(i,z)*DSO_I(i,z)
 999                    +eO(z)*PWMGO(i)*MRGNO(i,z)]/XSO_I(i,z);
1000   
1001   PO2(j,i,z)$XSO(j,i,z) = 1;
1002   
1003   PO3(i,j,z)$XSO(j,i,z) = 1;
1004   
1005   PIO(i,z)       = SUM[j$XSO(j,i,z),PO2(J,I,z)*XSO(j,i,z)]/XSO_I(i,z);
1006   
1007   PTO(j,z)       = SUM[i$XSO(j,i,z),PO2(j,i,z)*XSO(j,i,z)]/XSTO(j,z);
1008   
1009   PPO(j,z)       = (TIWO(j,z)+WO(z)*LDO(j,z)
1010                    +SUM[k,TIKO(k,j,z)+RKDO(k,j,z)]
1011                    +SUM[nene,DIO(nene,j,z)]+SUM[ene,DIO(ene,j,z)])/XSTO(j,z);
1012   
1013   theta2(j,i,z)  = DSO(j,i,z)/sum(jj, DSO(jj,i,z));
1014   
1015   EXTTO(j,i,z)$DSO(j,i,z) = theta2(j,i,z)*EXTO(i,z);
1016   
1017  *==============================================================================
1018  *  Calibration of tax rates, margins, prices and volumes
1019  *==============================================================================
1020  *  Margin rates and tax rates
1021  *==============================================================================
1022   ttixO(i,z,zj)   = [eO(z)*PWXO(i,z,zj)/PEO(i,z,zj)]-1;
1023   tticO(i,z)      = TICO(i,z)/{PLO(i,z)*DDO(i,z)
1024                     +SUM[zj,IMO(i,zj,z)*eO(z)*PWMO(i,zj,z)
1025                     +TIMO(i,zj,z)+SUM[ij,tmrg(ij,i,zj,z)]]};
1026   
1027   tmrg(i,ij,zj,z)$IMO(ij,zj,z)
1028                   = tmrg(i,ij,zj,z)/(PWMGO(i)*eO(z)*IMO(ij,zj,z));
1029   
1030   ttimO(i,zj,z)$IMO(i,zj,z)
1031                   = TIMO(i,zj,z)/{IMO(i,zj,z)*eO(z)*(PWMO(i,zj,z)
1032                    +SUM[ij,PWMGO(ij)*tmrg(ij,i,zj,z)])};
1033   
1034   ttiwO(j,z)$LDO(j,z)
1035                   = TIWO(j,z)/[WO(z)*LDO(j,z)];
1036   
1037   ttikO(k,j,z)$RKDO(k,j,z)
1038                   = TIKO(k,j,z)/RKDO(k,j,z);
1039   
1040   ttipO(j,z)      = [PTO(j,z)/PPO(j,z)]-1;
1041   
1042   ttdh1O(z)       = [TDHO(z)-ttdh0O(z)]/YHO(z);
1043   
1044  *==============================================================================
1045  *  Calibration of other prices and revised volumes (part 2)
1046  *==============================================================================
1047   PDO(i,z)        = PLO(i,z)*(1+tticO(i,z));
1048   PMO(i,zj,z)     = eO(z)*(PWMO(i,zj,z)+SUM[ij,PWMGO(ij)*tmrg(ij,i,zj,z)])
1049                   *(1+ttimO(i,zj,z))*(1+tticO(i,z));
1050   PMTO(i,z)       = SUM[zj,PMO(i,zj,z)*IMO(i,zj,z)]/IMTO(i,z);
1051   PCO(i,z)        = [PMTO(i,z)*IMTO(i,z)+PDO(i,z)*DDO(i,z)]/QO(i,z);
1052   
1053   CO(i,z)         = CO(i,z)/PCO(i,z);
1054   CGO(i,z)        = CGO(i,z)/PCO(i,z);
1055   DIO(nene,j,z)   = DIO(nene,j,z)/PCO(nene,z);
1056   DEO(ene,j,z)    = DIO(ene,j,z)/PCO(ene,z);
1057   
1058   DEelecO(j,z)    = DIO("18_ELEC",j,z)/PCO("18_ELEC",z);
1059   DEnelecO(j,z)   = sum(ene3,DEO(ene3,j,z));
1060   
1061   DEcoalgasO(j,z) = sum(ene5,DEO(ene5,j,z));
1062   DEcoalO(j,z)    = DEO("02_COAL ",j,z);
1063   DEgasO(j,z)     = DEO("04_GAS",j,z);
1064   
1065   DEoilpetrolO(j,z) = sum(ene6,DEO(ene6,j,z));
1066   DEoilO(j,z)       = DEO("03_OIL",j,z);
1067   DEpetrolO(j,z)    = DEO("10_PETROLCOAL",j,z);
1068   
1069   INVO(i,z)       = INVO(i,z)/PCO(i,z);
1070   
1071   CIO(j,z)        = SUM[nene,DIO(nene,j,z)];
1072   CEO(j3,z)        = SUM[ene,DEO(ene,j3,z)];
1073   CEO(j2,z)        = DEelecO(j2,z)+DEnelecO(j2,z);
1074   
1075   DITO(nene,z)    = SUM[j,DIO(nene,j,z)];
1076   DITO(ene,z)     = SUM[j,DEO(ene,j,z)];
1077   
1078   PO4(ene,j,z)    = PCO(ene,z);
1079   
1080   PCIO(j,z)       = SUM[nene,PCO(nene,z)*DIO(nene,j,z)]/CIO(j,z);
1081   
1082   PCEcoalO(j,z)   = PO4("02_COAL",j,z) ;
1083   PCEgasO(j,z)    = PO4("04_GAS",j,z) ;
1084   PCEoilO(j,z)    = PO4("03_OIL",j,z) ;
1085   PCEpetrolO(j,z) = PO4("10_PETROLCOAL",j,z) ;
1086   
1087   PCEoilpetrolO(j,z)  = [PCEoilO(j,z)*DEoilO(j,z)+PCEpetrolO(j,z)*DEpetrolO(j,z)]
1088                     /DEoilpetrolO(j,z) ;
1089   
1090   PCEcoalgasO(j,z)  = [PCEcoalO(j,z)*DEcoalO(j,z)+PCEgasO(j,z)*DEgasO(j,z)]
1091                     /DEcoalgasO(j,z) ;
1092   
1093   PCEnelecO(j,z)  = [PCEcoalgasO(j,z)*DEcoalgasO(j,z)+PCEoilpetrolO(j,z)*DEoilpetrolO(j,z)]
1094                     /DEnelecO(j,z) ;
1095   
1096   PCEelecO(j,z)   = SUM[ene4,PCO(ene4,z)*DEO(ene4,j,z)]/DEelecO(j,z) ;
1097   PCEO(j,z)       = [PCEelecO(j,z)*DEelecO(j,z)+PCEnelecO(j,z)*DEnelecO(j,z)]/CEO(j,z) ;
1098   PCEO(j3,z)       = SUM[ene,PCO(ene,z)*DEO(ene,j3,z)]/CEO(j3,z) ;
1099   WTIO(j,z)     = WO(z)*(1+ttiwO(j,z));
1100   WCO(j,z)$LDCO(j,z)
1101                   = (WTIO(j,z)*LDO(j,z))/LDCO(j,z);
1102   
1103  *==============================================================================
1104  *  Calibration of dynamic parameters
1105  *==============================================================================
1106  * Calibration of dynamic parameters following new procedure.
1107  * The price of capital is arbitrary:
1108   PKO(z) = 1;
1109   
1110  * The calibration of depreciation rates is based on two hypotheses:
1111  * 1. The rate of depreciation is the same for all types of capital and all
1112  *    industries in each region (this hypothesis is made to accommodate the fact
1113  *    that, in the GTAP data base, capital consumption allowance is not detailed;
1114  *    as a matter of fact, the GTAP capital consumption allowance is set at
1115  *    4% of the value of the capital stock).
1116  * 2. The rental rate of capital is uniform across industries and types of
1117  *    capital in each region.
1118  * 3. The investment rate (IND/KD) is uniform across industries and types of
1119  *    capital in each region.
1120  * These hypotheses lead to the following formulae:
1121   
1122  * From GTAP, we know KSTO.
1123   KSTO(z)         = KSTO(z)/PKO(z);
1124   
1125  * Assuming a uniform depreciation rate for all types
1126  * of capital and all industries:
1127   delta(z)        = DEPO(z)/[PKO(z)*KSTO(z)];
1128   
1129  * From GTAP, we know KSTO. Assuming a uniform rental rate R for all types
1130  * of capital and all industries:
1131   RO(k,j,z)$RKDO(k,j,z)
1132                   = SUM[(kj,jj),RKDO(kj,jj,z)]/KSTO(z);
1133   
1134  * Then from the GTAP value of income paid to capital RKD we calibrate KDO:
1135   KDO(k,j,z)$RKDO(k,j,z)
1136                   = RKDO(k,j,z)/RO(k,j,z);
1137   
1138  * The supply of capital is equal to demand:
1139   KSO(k,z)        = SUM[j,KDO(k,j,z)];
1140   
1141  * The rate of return on capital, net of depreciation, is:
1142   IRO(z)         = {SUM[(k,j)$RKDO(k,j,z),RKDO(k,j,z)]-DEPO(z)}/[PKO(z)*KSTO(z)];
1143   
1144  * The user cost of capital follows
1145   UO(z)           = PKO(z)*(IRO(z)+delta(z));
1146   
1147  * Combining
1148  * - the hypothesis of uniform investment rates
1149  * - the hypothesis of uniform rental rates
1150  * - the hypothesis of uniform depreciation rates
1151  * leads to
1152   phiO(z)         = [ITO(z)/PKO(z)]/KSTO(z);
1153   
1154  * Investment by destination follows:
1155   INDO(k,j,z)$KDO(k,j,z)
1156                   = phiO(z)*KDO(k,j,z);
1157   
1158   A_K(z)          = 1/PKO(z)*{PROD[i$gamma_INV(i,z),(PCO(i,Z)/gamma_INV(i,z))
1159                     **gamma_INV(i,z)]};
1160   
1161   KDCO(j,z)       = SUM[k,KDO(k,j,z)];
1162   RTIO(k,j,z)     = RO(k,j,z)*(1+ttikO(k,j,z));
1163   RCO(j,z)$KDCO(j,z)
1164                   = SUM[k,RTIO(k,j,z)*KDO(k,j,z)]/KDCO(j,z);
1165   
1166  *==============================================================================
1167  *  Calibration of other prices and revised volumes (part 3)
1168  *==============================================================================
1169   VAO(j,z)        = LDCO(j,z)+KDCO(j,z);
1170   
1171   PVAO(j,z)       = [WCO(j,z)*LDCO(j,z)+RCO(j,z)*KDCO(j,z)]/VAO(j,z);
1172   
1173  * PIXGDPO is tautologically equal to 1, based on its formula
1174  * PIXGDPO(z)      = {SUM[j,{(PVAO(j,z)*VAO(j,z)+TIPO(j,z))/VAO(j,z)}*VAO(j,z)]
1175  *                   /SUM[j,{(PVAO(j,z)*VAO(j,z)+TIPO(j,z))/VAO(j,z)}*VAO(j,z)]
1176  *                   *SUM[j,{(PVAO(j,z)*VAO(j,z)+TIPO(j,z))/VAO(j,z)}*VAO(j,z)]
1177  *                   /SUM[j,{(PVAO(j,z)*VAO(j,z)+TIPO(j,z))/VAO(j,z)}*VAO(j,z)]}**0.5;
1178   PIXGDPO(z)      = 1;
1179   
1180  * PIXGDP_WO is tautologically equal to 1, based on its formula
1181  * PIXGDP_WO       = {SUM[(j,z),{(PVAO(j,z)*VAO(j,z)+TIPO(j,z))/VAO(j,z)}*VAO(j,z)/eO(z)]
1182  *                   /SUM[(j,z),{(PVAO(j,z)*VAO(j,z)+TIPO(j,z))/VAO(j,z)}*VAO(j,z)/eO(z)]
1183  *                   *SUM[(j,z),{(PVAO(j,z)*VAO(j,z)+TIPO(j,z))/VAO(j,z)}*VAO(j,z)/eO(z)]
1184  *                   /SUM[(j,z),{(PVAO(j,z)*VAO(j,z)+TIPO(j,z))/VAO(j,z)}*VAO(j,z)]/eO(z)}**0.5;
1185   PIXGDP_WO       = 1;
1186   
1187  * PIXCONO(z) is tautologically equal to 1, based on its formula
1188  * PIXCONO(z)      = SUM[i,PCO(i,z)*CO(i,z)]
1189  *                  /SUM[i,PCO(i,z)*CO(i,z)];
1190   PIXCONO(z)      = 1;
1191   PIXCONO_lag(z)  = PIXCONO(z);
1192   
1193  * PIXINVO(z) is tautologically equal to 1, based on its formula
1194  * PIXINVO(z)      = PROD[i$gamma_INV(i,z),(PCO(i,z)/PCO(i,z))**gamma_INV(i,z)];
1195   PIXINVO(z)      = 1;
1196   
1197  * PIXGVTO(z) is tautologically equal to 1, based on its formula
1198  * PIXGVTO(z)      = PROD[i$gamma_GVT(i,z),(PCO(i,z)/PCO(i,z))**gamma_GVT(i,z)];
1199   PIXGVTO(z)      = 1;
1200   
1201  *==============================================================================
1202  *  Calibration of function parameters
1203  *==============================================================================
1204  *   Leontief functions
1205  *==============================================================================
1206   io(j,z)         = CIO(j,z)/XSTO(j,z) ;
1207   
1208   io2(j,z)        = CEO(j,z)/XSTO(j,z) ;
1209   
1210   v(j,z)          = VAO(j,z)/XSTO(j,z) ;
1211   
1212   v2(j,z)         = (CEO(j,z)+VAO(j,z))/XSTO(j,z) ;
1213   
1214   aij(nene,j,z)   = DIO(nene,j,z)/CIO(j,z);
1215   
1216   aij2(ene,j,z)   = DEO(ene,j,z)/CEO(j,z);
1217   
1218  *==============================================================================
1219  *   Calibration of CET parameters
1220  *==============================================================================
1221  *    CET between total exports, domestic supply and margins
1222  *==============================================================================
1223   rho_X1(i,z)     = (1+sigma_X1(i,z))/sigma_X1(i,z);
1224   
1225   beta_EX_X1(i,z)$MRGNO(i,z)
1226                   = [PETO(i,z)*EXTO(i,z)$EXTO(i,z)**(1-rho_X1(i,z))]/
1227                     [PETO(i,z)*EXTO(i,z)$EXTO(i,z)**(1-rho_X1(i,z))+
1228                     PLO(i,z)*DSO_I(i,z)**(1-rho_X1(i,z))+
1229                     eO(z)*PWMGO(i)*MRGNO(i,z)$MRGNO(i,z)**(1-rho_X1(i,z))];
1230   
1231   beta_EX_X1(i,z)$(MRGNO(i,z) eq 0)
1232                   = [PETO(i,z)*EXTO(i,z)$EXTO(i,z)**(1-rho_X1(i,z))]/
1233                     [PETO(i,z)*EXTO(i,z)$EXTO(i,z)**(1-rho_X1(i,z))+
1234                     PLO(i,z)*DSO_I(i,z)**(1-rho_X1(i,z))];
1235   
1236   beta_D_X1(i,z)$MRGNO(i,z)
1237                   = [PLO(i,z)*DSO_I(i,z)**(1-rho_X1(i,z))]/
1238                     [PETO(i,z)*EXTO(i,z)**(1-rho_X1(i,z))+
1239                     PLO(i,z)*DSO_I(i,z)**(1-rho_X1(i,z))+
1240                     eO(z)*PWMGO(i)*MRGNO(i,z)**(1-rho_X1(i,z))];
1241   
1242   beta_D_X1(i,z)$(MRGNO(i,z) eq 0)
1243                   = [PLO(i,z)*DSO_I(i,z)**(1-rho_X1(i,z))]/
1244                     [PETO(i,z)*EXTO(i,z)**(1-rho_X1(i,z))+
1245                     PLO(i,z)*DSO_I(i,z)**(1-rho_X1(i,z))];
1246   
1247   B_X1(i,z)       = XSO_I(i,z)/[beta_EX_X1(i,z)*EXTO(i,z)**rho_X1(i,z)
1248                    +beta_D_X1(i,z)*DSO_I(i,z)**rho_X1(i,z)+(1-beta_EX_X1(i,z)
1249                    -beta_D_X1(i,z))*MRGNO(i,z)**rho_X1(i,z)]**(1/rho_X1(i,z));
1250   
1251  *==============================================================================
1252  *    CET between exports to different trading partners
1253  *==============================================================================
1254   rho_X2(i,z)     = (1+sigma_X2(i,z))/sigma_X2(i,z);
1255   
1256   beta_X2(i,z,zj)$EXO(i,z,zj)
1257                   = [PEO(i,z,zj)*EXO(i,z,zj)**(1-rho_X2(i,z))]/
1258                     SUM[zjj$EXO(i,z,zjj),PEO(i,z,zjj)*EXO(i,z,zjj)
1259                     **(1-rho_X2(i,z))];
1260   
1261   B_X2(i,z)       = EXTO(i,z)/{SUM[zj,beta_X2(i,z,zj)*EXO(i,z,zj)**rho_X2(i,z)]
1262                     **(1/rho_X2(i,z))};
1263   
1264  *==============================================================================
1265  *   Calibration of CES parameters
1266  *==============================================================================
1267  *    Composite output
1268  *==============================================================================
1269   rho_X3(i,z)   = (1-sigma_X3(i,z))/sigma_X3(i,z);
1270   
1271   beta_X3(j,i,z)$XSO(j,i,z)
1272                 = [PO2(j,i,z)*XSO(j,i,z)**(1+rho_X3(i,z))]/
1273                     SUM[jj$XSO(jj,i,z),PO2(jj,i,z)*XSO(jj,i,z)**(1+rho_X3(i,z))];
1274   
1275   B_X3(i,z)     = XSO_I(i,z)
1276                    /SUM[jj$XSO(jj,i,z),beta_X3(jj,i,z)*XSO(jj,i,z)**(-rho_X3(i,z))
1277                    ]**(-1/rho_X3(i,z));
1278   
1279   POWERQO(Z) = SUM(POWER, XSO(power,'18_ELEC',z));
1280   
1281   rho_X4(z)   = (1-sigma_X4(z))/sigma_X4(z);
1282   
1283   beta_X4(power,z)
1284                 = [PO2(power,'18_ELEC',z)*XSO(power,'18_ELEC',z)**(1+rho_X4(z))]/
1285                     SUM[powerr$XSO(powerr,'18_ELEC',z),PO2(powerr,'18_ELEC',z)*XSO(powerr,'18_ELEC',z)**(1+rho_X4(z))];
1286   
1287   B_X4(z)     = POWERQO(Z)
1288                    /SUM[powerr$XSO(powerr,'18_ELEC',z),beta_X4(powerr,z)*XSO(powerr,'18_ELEC',z)**(-rho_X4(z))
1289                    ]**(-1/rho_X4(z));
1290   
1291   TnDShare(z) = XSO('18_TnD','18_ELEC',z)/XSO_I('18_ELEC',z);
1292   
1293   PPOWERO(z) = 1;
1294   
1295  *==============================================================================
1296  *    Composite good
1297  *==============================================================================
1298   rho_M1(i,z)     = (1-sigma_m1(i,z))/sigma_m1(i,z);
1299   
1300   beta_M1(i,z)    = PMTO(i,z)*IMTO(i,z)**(rho_M1(i,z)+1)/
1301                    {PDO(i,z)*DDO(i,z)**(rho_M1(i,z)+1)
1302                    +PMTO(i,z)*IMTO(i,z)**(rho_M1(i,z)+1)};
1303   
1304   B_M1(i,z)       = QO(i,z)/{beta_M1(i,z)*IMTO(i,z)**(-rho_M1(i,z))
1305                    +(1-beta_M1(i,z))*DDO(i,z)**(-rho_M1(i,z))}**(-1/rho_M1(i,z));
1306   
1307  *==============================================================================
1308  *   CES between imports from different trading partners
1309  *==============================================================================
1310   rho_M2(i,z)     = (1-sigma_M2(i,z))/sigma_M2(i,z);
1311   
1312   beta_M2(i,zj,z)$IMO(i,zj,z)
1313                   = [PMO(i,zj,z)*IMO(i,zj,z)**(rho_M2(i,z)+1)]/
1314                     SUM[zjj$IMO(i,zjj,z),PMO(i,zjj,z)*IMO(i,zjj,z)
1315                      **(rho_M2(i,z)+1)];
1316   
1317   B_M2(i,z)       = IMTO(i,z)/{SUM[zj$IMO(i,zj,z),beta_M2(i,zj,z)*IMO(i,zj,z)
1318                     **(-rho_M2(i,z))]**(-1/rho_M2(i,z))};
1319   
1320  *==============================================================================
1321  *    Composite capital
1322  *==============================================================================
1323   rho_KD(j,z)     = (1-sigma_KD(j,z))/sigma_KD(j,z);
1324   
1325   beta_KD(k,j,z)$KDO(k,j,z)
1326                   = [RTIO(k,j,z)*KDO(k,j,z)**(1+rho_KD(j,z))]/
1327                     SUM[kj$KDO(kj,j,z),RTIO(kj,j,z)*KDO(kj,j,z)**(1+rho_KD(j,z))];
1328   B_KD(j,z)$KDCO(j,z)
1329                   = KDCO(j,z)/{SUM[k$KDO(k,j,z),beta_KD(k,j,z)*KDO(k,j,z)
1330                     **(-rho_KD(j,z))]**(-1/rho_KD(j,z))};
1331   
1332  *===============================================================================
1333  *   Composite E
1334  *===============================================================================
1335  *Leontief
1336   Share_Elec(j2,z) = DEO('18_ELEC',j2,z)/sum(ene,DEO(ene,j2,z));
1337   Share_nElec(ene3,j2,z) = DEO(ene3,j2,z)/sum(enee3,DEO(enee3,j2,z));
1338   Share_coalgas2(j2,z) = sum(ene5,DEO(ene5,j2,z))/sum(enee3,DEO(enee3,j2,z));
1339   Share_Oilpetrol2(j2,z) = sum(ene6,DEO(ene6,j2,z))/sum(enee3,DEO(enee3,j2,z));
1340   Share_coalgas(ene5,j2,z) = DEO(ene5,j2,z)/sum(enee5,DEO(enee5,j2,z));
1341   Share_Oilpetrol(ene6,j2,z) = DEO(ene6,j2,z)/sum(enee6,DEO(enee6,j2,z));
1342   
1343  *CES No Level
1344   rho_ENER(j,z)   = (1-sigma_ENER(j,z))/sigma_ENER(j,z);
1345   
1346   beta_ENER(ene,j,z)$DEO(ene,j,z)
1347                   = [PO4(ene,j,z)*DEO(ene,j,z)**(1+rho_ENER(j,z))]/
1348                     SUM[enee,PO4(enee,j,z)*DEO(enee,j,z)
1349                     **(1+rho_ENER(j,z))];
1350   
1351   B_ENER(j,z)$CEO(j,z)
1352                   = CEO(j,z)/{SUM[ene,beta_ENER(ene,j,z)*DEO(ene,j,z)
1353                     **(-rho_ENER(j,z))]**(-1/rho_ENER(j,z))};
1354   
1355   B_ENER_t(j,z,time) = B_ENER(j,z)*(1/AEEI_low(z,'2019'));
1356   
1357  *Level 5_1 (Coal/Gas)
1358   rho_ENER5_1(j2,z)   = (1-sigma_ENER5_1(j2,z))/sigma_ENER5_1(j2,z);
1359   
1360   beta_ENER5_1(ene5,j2,z)
1361                   = [PO4(ene5,j2,z)*DEO(ene5,j2,z)**(1+rho_ENER5_1(j2,z))]/
1362                     SUM[enee5,PO4(enee5,j2,z)*DEO(enee5,j2,z)
1363                     **(1+rho_ENER5_1(j2,z))];
1364   B_ENER5_1(j2,z)
1365                   = DEcoalgasO(j2,z)/{SUM[ene5,beta_ENER5_1(ene5,j2,z)*DEO(ene5,j2,z)
1366                     **(-rho_ENER5_1(j2,z))]**(-1/rho_ENER5_1(j2,z))};
1367   
1368  *Level 5_2 (oil/petrol)
1369   rho_ENER5_2(j2,z)   = (1-sigma_ENER5_2(j2,z))/sigma_ENER5_2(j2,z);
1370   
1371   beta_ENER5_2(ene6,j2,z)
1372                   = [PO4(ene6,j2,z)*DEO(ene6,j2,z)**(1+rho_ENER5_2(j2,z))]/
1373                     SUM[enee6,PO4(enee6,j2,z)*DEO(enee6,j2,z)
1374                     **(1+rho_ENER5_2(j2,z))];
1375   B_ENER5_2(j2,z)
1376                   = DEoilpetrolO(j2,z)/{SUM[ene6,beta_ENER5_2(ene6,j2,z)*DEO(ene6,j2,z)
1377                     **(-rho_ENER5_2(j2,z))]**(-1/rho_ENER5_2(j2,z))};
1378   
1379  *Level 4 (Coal-Gas/Oil-Petrol)
1380   rho_ENER4(j2,z)   = (1-sigma_ENER4(j2,z))/sigma_ENER4(j2,z);
1381   
1382   beta_ENER4(j2,z)
1383                   = PCEcoalgasO(j2,z)*DEcoalgasO(j2,z)**(rho_ENER4(j2,z)+1)/
1384                    {PCEcoalgasO(j2,z)*DEcoalgasO(j2,z)**(rho_ENER4(j2,z)+1)+
1385                     PCEoilpetrolO(j2,z)*DEoilpetrolO(j2,z)**(rho_ENER4(j2,z)+1)};
1386   B_ENER4(j2,z)
1387                   = DEnelecO(j2,z)
1388                     /{[beta_ENER4(j2,z)*DEcoalgasO(j2,z)**(-rho_ENER4(j2,z))+
1389                     (1-beta_ENER4(j2,z))*DEoilpetrolO(j2,z)**(-rho_ENER4(j2,z))
1390                     ]**(-1/rho_ENER4(j2,z))};
1391   
1392  *Level 3 (Coal/Gas/Oil/Petrol)
1393   rho_ENER3(j2,z)   = (1-sigma_ENER3(j2,z))/sigma_ENER3(j2,z);
1394   
1395   beta_ENER3(ene3,j2,z)
1396                   = [PO4(ene3,j2,z)*DEO(ene3,j2,z)**(1+rho_ENER3(j2,z))]/
1397                     SUM[enee3,PO4(enee3,j2,z)*DEO(enee3,j2,z)
1398                     **(1+rho_ENER3(j2,z))];
1399   
1400   B_ENER3(j2,z)
1401                   = DEnelecO(j2,z)/{SUM[ene3,beta_ENER3(ene3,j2,z)*DEO(ene3,j2,z)
1402                     **(-rho_ENER3(j2,z))]**(-1/rho_ENER3(j2,z))};
1403   
1404  *Level 2 (Elec/Non Elec)
1405   rho_ENER2(j2,z)   = (1-sigma_ENER2(j2,z))/sigma_ENER2(j2,z);
1406   
1407   beta_ENER2(j2,z)
1408                   = PCEelecO(j2,z)*DEelecO(j2,z)**(rho_ENER2(j2,z)+1)/
1409                    {PCEelecO(j2,z)*DEelecO(j2,z)**(rho_ENER2(j2,z)+1)+
1410                     PCEnelecO(j2,z)*DEnelecO(j2,z)**(rho_ENER2(j2,z)+1)};
1411   B_ENER2(j2,z)
1412                   = CEO(j2,z)
1413                     /{[beta_ENER2(j2,z)*DEelecO(j2,z)**(-rho_ENER2(j2,z))+
1414                     (1-beta_ENER2(j2,z))*DEnelecO(j2,z)**(-rho_ENER2(j2,z))
1415                     ]**(-1/rho_ENER2(j2,z))};
1416   
1417  *==============================================================================
1418  *    4.6.3.5 Value added
1419  *==============================================================================
1420   rho_VA(j,z)     = (1-sigma_VA(j,z))/sigma_VA(j,z);
1421   
1422   beta_VA(j,z)$KDCO(j,z)
1423                   = WCO(j,z)*LDCO(j,z)**(rho_VA(j,z)+1)/
1424                    {WCO(j,z)*LDCO(j,z)**(rho_VA(j,z)+1)+
1425                     RCO(j,z)*KDCO(j,z)**(rho_VA(j,z)+1)};
1426   B_VA(j,z)$KDCO(j,z)
1427                   = VAO(j,z)
1428                     /{[beta_VA(j,z)*LDCO(j,z)**(-rho_VA(j,z))+
1429                     (1-beta_VA(j,z))*KDCO(j,z)**(-rho_VA(j,z))
1430                     ]**(-1/rho_VA(j,z))};
1431   
1432   B_VA_t(j,z,time) = B_VA(j,z);
1433  * B_VA_t(j,z,time) = B_VA(j,z)*(1/AEEI_low(z,'2019'));
1434   
1435  *==============================================================================
1436  *    Composite KLE
1437  *==============================================================================
1438   KLEO(j,z)       = CEO(j,z) + VAO(j,z) ;
1439   
1440   PKLEO(j,z)      = [PCEO(j,z)*CEO(j,z)+PVAO(j,z)*VAO(j,z)]/KLEO(j,z);
1441   
1442   rho_KLE(j,z)    = (1-sigma_KLE(j,z))/sigma_KLE(j,z);
1443   
1444   beta_KLE(j,z)$KLEO(j,z)
1445                   = PVAO(j,z)*VAO(j,z)**(rho_KLE(j,z)+1)/
1446                    {PVAO(j,z)*VAO(j,z)**(rho_KLE(j,z)+1)+
1447                     PCEO(j,z)*CEO(j,z)**(rho_KLE(j,z)+1)};
1448   
1449   beta_KLE2(j,z)$KLEO(j,z)
1450                   = 1-beta_KLE(j,z);
1451   
1452   B_KLE(j,z)$KLEO(j,z)
1453                   = KLEO(j,z)
1454                     /{[beta_KLE(j,z)*VAO(j,z)**(-rho_KLE(j,z))+
1455                     (beta_KLE2(j,z))*CEO(j,z)**(-rho_KLE(j,z))
1456                     ]**(-1/rho_KLE(j,z))};
1457   
1458   beta_KLE2_t(j,z,time) = beta_KLE2(j,z)*AEEI_low(z,'2019');
1459   
1460  *==============================================================================
1461  *  Calibration of LES parameters
1462  *==============================================================================
1463  *   As the assigned values of income elasticities may not result in
1464  *   consumption shares that add up to 1, this first step
1465  *   adjusts the elasticities proportionally
1466   sigma_Y(i,z)    = sigma_Y(i,z)/{SUM[ij,sigma_Y(ij,z)*PCO(ij,z)*CO(ij,z)]
1467                     /CTHO(z)};
1468   gamma_LES(i,z)  = PCO(i,z)*CO(i,z)*sigma_Y(i,z)/CTHO(z);
1469   CMINO(i,z)      = CO(i,z)+gamma_LES(i,z)*CTHO(z)/{PCO(i,z)*frisch(z)};
1470   
1471  *==============================================================================
1472  *  Calibration of gross domestic products
1473  *==============================================================================
1474   GDP_BPO(z)      = SUM[j,PVAO(j,z)*VAO(j,z)]+TIPTO(z);
1475   GDP_MPO(z)      = GDP_BPO(z)+TPRCTSO(z);
1476  * GDP_IBO(z)      = SUM[(l,j),WO(l,z)*LDO(l,j,z)]+SUM[(k,j),RO(k,j,z)*KDO(k,j,z)]
1477   GDP_IBO(z)      = SUM[(j),WO(z)*LDO(j,z)]+SUM[(k,j),RO(k,j,z)*KDO(k,j,z)]
1478                     +TPRODNO(z)+TPRCTSO(z);
1479   GDP_FDO(z)      = SUM[i,PCO(i,z)*(CO(i,z)+CGO(i,z)+INVO(i,z))]
1480                    +eO(z)*SUM[(i,zj),PWXO(i,z,zj)*EXO(i,z,zj)]
1481                    +eO(z)*SUM[i,PWMGO(i)*MRGNO(i,z)]
1482                    -eO(z)*SUM[(i,zj),IMO(i,zj,z)*(PWMO(i,zj,z)
1483                    +SUM{ij,PWMGO(ij)*tmrg(ij,i,zj,z)})];
1484   GDP_BP_WO       = SUM[z,GDP_BPO(z)/eO(z)];
1485   
1486  *==============================================================================
1487  *  4.8 Calibration of real (volume) variables computed from price indices
1488  *==============================================================================
1489   CABXO(z)        = CABO(z)/[PIXGDP_WO*eO(z)];
1490   
1491  *------------------------------------------------------------------------------
1492  * Calculation of CAB index
1493  * If every region's CABX grows exogenously according to exogro, then the
1494  * worldwide sum of CABX's will not be zero. If, due to redundancy, the reference
1495  * region's CABX is left implicit, then it will not grow according to that
1496  * region's exogro (it follows that the solution will depend on the choice of
1497  * reference region). CABix is formed from exogro by inflating or deflating the
1498  * updating factors of positive (SURplus) and negative (DEFicit) CABX's in such
1499  * a way that their sum remains zero.
1500   
      Parameter CABXsur(z,time), CABXdef(z,time), bal(time), mu(time), CABix(z,time);
       CABXsur(z,time) = CABXO(z)*exogro(z,time)$[CABXO(z) gt 0];
       CABXdef(z,time) = CABXO(z)*exogro(z,time)$[CABXO(z) lt 0];
       Bal(time)       = sum(zj,CABXsur(zj,time))+sum(zj,CABXdef(zj,time));
       mu(time)        = sum(zj,CABXsur(zj,time))/
                           {sum(zj,CABXsur(zj,time))+sum(zj,abs[CABXdef(zj,time)])};
       CABXsur(z,time) = CABXsur(z,time)*{1-mu(time)*Bal(time)/sum(zj,CABXsur(zj,time))};
       CABXdef(z,time) = CABXdef(z,time)*{1-[1-mu(time)]*Bal(time)/sum(zj,CABXdef(zj,time))};
       CABix(z,time)   = [CABXsur(z,time)+CABXdef(z,time)]/CABXO(z);
1512  *------------------------------------------------------------------------------
1513   
1514   CTH_REALO(z)    = CTHO(z)/PIXCONO(z);
1515   G_REALO(z)      = GO(z)/PIXGVTO(z);
1516   GDP_BP_REALO(z) = GDP_BPO(z)/PIXGDPO(z);
1517   GDP_BP_W_REALO  = GDP_BP_WO/PIXGDP_WO;
1518   GDP_MP_REALO(z) = GDP_MPO(z)/PIXCONO(z);
1519   IT_REALO(z)     = ITO(z)/PIXINVO(z);
1520   
1521  *==============================================================================
1522  *  Parameters of the household savings function
1523  *==============================================================================
1524   sh1O(z)         = [SHO(z)+SGO(z)]/GDP_IBO(z);
1525   sh0O(z)         = SHO(z)-sh1O(z)*YDHO(z);
1526   
1527  *==============================================================================
1528  *  Re-calibration of indexed transfers and parameters
1529  *==============================================================================
1530   sh0O(z)         = sh0O(z)/PIXCONO(z)**eta;
1531   ttdh0O(z)       = ttdh0O(z)/PIXCONO(z)**eta;
1532   
1533  *==============================================================================
1534  *  Energy & CO2 emission
1535  *==============================================================================
INCLUDE    C:\Users\kimc0\GUIDE_GLOBAL_CGE\2.RD_CGE\DATA_WEB_2024.gms
1537  Set flow, commodity
1538   
1539  flow flow
1540  /
1541  f1_INDPROD      Production
1542  f2_IMPORTS      Imports
1543  f3_EXPORTS      Exports
1544  f4_MARBUNK      International marine bunkers
1545  f5_AVBUNK       International aviation bunkers
1546  f6_STOCKCHA     Stock changes
1547  f7_TES          Total energy supply
1548  f8_TRANSFER     Transfers
1549  f9_STATDIFF     Statistical differences
1550  f10_TOTTRANF    Transformation process
1551  f11_MAINELEC    Main activity producer electricity plants
1552  f12_AUTOELEC    Autoproducer electricity plants
1553  f13_MAINCHP     Main activity producer CHP plants
1554  f14_AUTOCHP     Autoproducer CHP plants
1555  f15_MAINHEAT    Main activity producer heat plants
1556  f16_AUTOHEAT    Autoproducer heat plants
1557  f17_THEAT       Heat pumps
1558  f19_TBOILER     Electric boilers
1559  f18_TELE        Chemical heat for electricity production
1560  f20_TBLASTFUR   Blast furances
1561  f21_TGASWKS     Gas works
1562  f22_TCOKEOVS    Coke ovens
1563  f23_TPATFUEL    Patent fuel plants
1564  f24_TBKB        BKB peat briquettes
1565  f25_TREFINER    Oil refineries
1566  f26_TPETCHEM    Petrochemical plants
1567  f27_TCOALLIQ    Coal liquefaction
1568  f28_TGTL        Gas-to-liquids plants
1569  f29_TBLENDGAS   For blened natural gas
1570  f30_TCHARCOAL   Charocal production plants
1571  f31_TNONSPEC    Non-specific transformation
1572  f32_TOTENGY     Energy industry own use
1573  f33_EMINES      Coal mines
1574  f34_EOILGASEX   Oil and gas extraction
1575  f35_EBLASTFUR   Blast furances
1576  f36_EGASWKS     Gas works
1577  f37_EBIOGAS     Gasfication plants for biogases
1578  f38_ECOKEOVS    Coke ovens
1579  f39_EPATFUEL    Patent fuel plants
1580  f40_EBKB        BKB peat briquettes
1581  f41_EREFINER    Oil refineries
1582  f42_ECOALLIQ    Coal liquefaction plants
1583  f43_ELNG        Liqefaction regasification plants
1584  f44_EGTL        Gas to liquids plants
1585  f45_EPOWERPLT   Own use in electricity CHP and heat plants
1586  f46_EPUMPST     Pumped storage plants
1587  f47_ENUC        Nuclear industry
1588  f48_ECHARCOAL   Charcoal production plants
1589  f49_ENONSPEC    Non specified
1590  f50_DISTLOSS    Losses
1591  f51_TFC         Total final consumption
1592  f52_AGRICULT    Agriculture forestry
1593  f53_FISHING     Fishing
1594  f54_MINING      Mining and quarrying
1595  f55_FOODPRO     Food and tobacco
1596  f56_TEXTILES    Textile and leather
1597  f57_WOODPRO     Wood and wood products
1598  f58_PAPERPRO    Paper pulp and print
1599  f59_CHEMICAL    Chemical and petrochemical
1600  f60_NONMET      Non metallic minerals
1601  f61_IRONSTL     Iron and steel
1602  f62_NONFERR     Non ferrous metals
1603  f63_MACHINE     Machinery
1604  f64_TRANSEQ     Transport equipment
1605  f65_INONSPEC    Industry not elsewhere specified
1606  f66_CONSTRUC    Construction
1607  f67_COMMPUB     Commerical and public services
1608  f68_ONONSPEC    Final consumption not elsewhere specified
1609  f69_RESIDENT    Residential
1610  f70_ROAD        Road
1611  f71_RAIL        Rail
1612  f72_DOMESAIR    Domestic aviation
1613  f73_DOMESNAV    Domestic navigation
1614  f74_PIPELINE    Pipeline transport
1615  f75_TRNONSPE    Transport not elsewhere
1616  f76_NEMINING    Non energy use in mining and quarrying
1617  f77_NEFOODPRO   Non energy use in food beverages tobacco
1618  f78_NETEXTILES  Non energy use in textiles and leather
1619  f79_NEWOODPRO   Non energy use in wood and wood products
1620  f80_NEPAPERPRO  Non energy use in paper pulp and printing
1621  f81_NECHEM      Non energy use in chemical petrochemical
1622  f82_NENONMET    Non energy use in non metallic minerals
1623  f83_NEIRONSTL   Non energy use in iron and steel
1624  f84_NENONFERR   Non energy use in non ferrous metals
1625  f85_NEMACHINE   Non energy use in machinery
1626  f86_NETRANSEQ   Non energy use in transport equipment
1627  f87_NEINONSPEC  Non energy use in non specified industry
1628  f88_NECONSTRUC  Non energy use in construction
1629  f89_NEOTHER     Non energy use in other residential commerical public services agriculture forestry and fishing
1630  f90_NETRANS     Non energy use in transport
1631  f91_TOTIND      Industry
1632  f92_MANUFACT    Mnaufacturing
1633  f93_TOTTRANS    Transport
1634  f94_NONENUSE    Non energy use
1635  f95_NEINTREN    Non energy use industry transformation energy
1636  f96_NEIND       Non energy use in industry
1637  f97_WORLDAV     World aviation bunkers
1638  f98_WORLDMAR    World marine bunkers
1639  f99_ELOUTPUT    Electrictiy output GWh
1640  f100_ELMAINE    Electrictiy output GWh main activity producer electrictiy plants
1641  f101_ELAUTOE    Electrictiy output GWh autoproducer electricity plants
1642  f102_ELMAINC    Electrictiy output GWh main activty producer CHP plants
1643  f103_ELAUTOC    Electrictiy output GWh autoproducer CHP plants
1644  f104_HEATOUT    Heat output
1645  f105_HEMAINC    Heat output main activity producer CHP plants
1646  f106_HEAUTOC    Heat output autoproducer CHP plants
1647  f107_HEMAINH    Heat output main activity producer heat plants
1648  f108_HEAUTOH    Heat output autoproducer heat plants
1649  /
1650   
1651  product energy product
1652  /
1653  p1_HARDCOAL      Hard coal
1654  p2_BROWN         Brown coal
1655  p3_ANTCOAL       Anthracite
1656  p4_COKCOAL       Coking coal
1657  p5_BITCOAL       Other bittuminous coal
1658  p6_SUBCOAL       Sub-bituminous coal
1659  p7_LIGNITE       Lignite
1660  p8_PATFUEL       Patent fuel
1661  p9_OVENCOKE      Coke oven coke
1662  p10_GASCOKE      Gas coke
1663  p11_COALTAR      Coal tar
1664  p12_BKB          Brown coal briquettes
1665  p13_GASWKSGS     Gas works gas
1666  p14_COKEOVGS     Coke oven gas
1667  p15_BLFURGS      Blast furnace gas
1668  p16_OGASES       Other recovered gases
1669  p17_PEAT         Peat
1670  p18_PEATPROD     Peat products
1671  p19_OILSHALE     Oil shale and oil sands
1672  p20_NATGAS       Natural gas
1673  p21_CRNGFEED     Crude NGL feedstock
1674  p22_CRUDEOIL     Curde oil
1675  p23_NGL          Natural gas liquids
1676  p24_REFFEEDS     Refinery feedstocks
1677  p25_ADDITIVE     Addtitives blending components
1678  p26_NONCRUDE     Other hydrocarbons
1679  p27_REFINGAS     Refinery gas
1680  p28_ETHANE       Ethane
1681  p29_LPG          Liquefied petroleum gases(LPG)
1682  p30_NONBIOGASO   Motor gasoline (excl. biofuels)
1683  p31_AVGAS        Aviation gasoline
1684  p32_JETGAS       Jet fuel Gasoline tpye
1685  p33_NONBIOJETK   Jet fuel Kerosene type (excl. biofuels)
1686  p34_OTHKERO      Kerosene
1687  p35_NONBIODIES   Diesel oil (excl. biofuels)
1688  p36_RESFUEL      Fuel oil
1689  p37_NAPHTHA      Naphtha
1690  p38_WHITESP      Solvent (White spirit and industrial sprit SBP)
1691  p39_LUBRIC       Lubricants
1692  p40_BITUMEN      Bitumen (Asphalt)
1693  p41_PARWAX       Paraffin waxes
1694  p42_PETCOKE      Petroleum coke
1695  p43_ONONSPEC     Other oil products
1696  p44_INDWASTE     Industrial waste
1697  p45_MUNWASTER    Municipal waste(renewable)
1698  p46_MUNWASTEN    Municipal waste(non-renewable)
1699  p47_PRIMSBIO     Primary solid biofuels
1700  p48_BIOGASES     Biogases
1701  p49_BIOGASOL     Biogasoline
1702  p50_BIODIESEL    Biodiesels
1703  p51_BIOJETKERO   Bio jet kerosene
1704  p52_OBIOLIQ      Other liquid biofuels
1705  p53_RENEWNS      Non-specified primary biofuels and waste
1706  p54_CHARCOAL     Charcoal
1707  p55_NUCLEAR      Nuclear
1708  p56_HYDRO        Hydro
1709  p57_GEOTHERM     Geothermal
1710  p58_SOLARPV      Solar photovaltaics
1711  p59_SOLARTH      Solar thermal
1712  p60_TIDE         Tide wave and ocean
1713  p61_WIND         Wind
1714  p62_OTHER        Other sources includes production not included elsewhere such as fuel cells
1715  p63_ELECTR       Electricity
1716  p64_HEAT         Heat
1717  p65_HEATNS       Heat output from non-specified combustible fuels
1718  p66_TOTAL        Total
1719  p67_MANGAS       Elec heat output from non-specified manufactured gases
1720  p68_MRENEW       Memo Renewable
1721  /
1722   
1723  *===========================Products Mapping====================================
1724  p_coal(product)
1725  /
1726  p1_HARDCOAL      Hard coal
1727  p2_BROWN         Brown coal
1728  p3_ANTCOAL       Anthracite
1729  p4_COKCOAL       Coking coal
1730  p5_BITCOAL       Other bittuminous coal
1731  p6_SUBCOAL       Sub-bituminous coal
1732  p7_LIGNITE       Lignite
1733  p8_PATFUEL       Patent fuel
1734  *p9_OVENCOKE      Coke oven coke
1735  *p10_GASCOKE      Gas coke
1736  p11_COALTAR      Coal tar
1737  p12_BKB          Brown coal briquettes
1738  *p13_GASWKSGS     Gas works gas
1739  *p14_COKEOVGS     Coke oven gas
1740  p15_BLFURGS      Blast furnace gas
1741  p16_OGASES       Other recovered gases
1742  p17_PEAT
1743  /
1744   
1745  p_coal3(product)
1746  /
1747  p1_HARDCOAL      Hard coal
1748  p2_BROWN         Brown coal
1749  p3_ANTCOAL       Anthracite
1750  p4_COKCOAL       Coking coal
1751  p5_BITCOAL       Other bittuminous coal
1752  p6_SUBCOAL       Sub-bituminous coal
1753  p7_LIGNITE       Lignite
1754  p8_PATFUEL       Patent fuel
1755  p9_OVENCOKE      Coke oven coke
1756  p10_GASCOKE      Gas coke
1757  p11_COALTAR      Coal tar
1758  p12_BKB          Brown coal briquettes
1759  p13_GASWKSGS     Gas works gas
1760  p14_COKEOVGS     Coke oven gas
1761  p15_BLFURGS      Blast furnace gas
1762  p16_OGASES       Other recovered gases
1763  /
1764   
1765  p_coal5(p_coal)
1766  /
1767  p1_HARDCOAL      Hard coal
1768  p2_BROWN         Brown coal
1769  p3_ANTCOAL       Anthracite
1770  p4_COKCOAL       Coking coal
1771  p5_BITCOAL       Other bittuminous coal
1772  p6_SUBCOAL       Sub-bituminous coal
1773  p7_LIGNITE       Lignite
1774  *p8_PATFUEL       Patent fuel
1775  *p9_OVENCOKE      Coke oven coke
1776  *p10_GASCOKE      Gas coke
1777  p11_COALTAR      Coal tar
1778  *p12_BKB          Brown coal briquettes
1779  *p13_GASWKSGS     Gas works gas
1780  *p14_COKEOVGS     Coke oven gas
1781  p15_BLFURGS      Blast furnace gas
1782  p16_OGASES       Other recovered gases
1783  p17_PEAT
1784  /
1785   
1786  p_coal_TES(product)
1787  /
1788  p1_HARDCOAL      Hard coal
1789  p2_BROWN         Brown coal
1790  p3_ANTCOAL       Anthracite
1791  p4_COKCOAL       Coking coal
1792  p5_BITCOAL       Other bittuminous coal
1793  p6_SUBCOAL       Sub-bituminous coal
1794  p7_LIGNITE       Lignite
1795  /
1796   
1797  p_oil(product)
1798  /
1799  p22_CRUDEOIL     Curde oil
1800  /
1801   
1802  p_gasoil(product)
1803  /
1804  p20_NATGAS       Natural gas
1805  p22_CRUDEOIL     Curde oil
1806  /
1807   
1808  p_gas(product)
1809  /
1810  p13_GASWKSGS     Gas works gas
1811  p20_NATGAS       Natural gas
1812  p23_NGL          Natural gas liquids
1813  /
1814   
1815  p_oilproduct(product)
1816  /
1817  p9_OVENCOKE      Coke oven coke
1818  p10_GASCOKE      Gas coke
1819  p14_COKEOVGS     Coke oven gas
1820  p24_REFFEEDS     Refinery feedstocks
1821  p27_REFINGAS     Refinery gas
1822  p28_ETHANE       Ethane
1823  p29_LPG          Liquefied petroleum gases(LPG)
1824  p30_NONBIOGASO   Motor gasoline (excl. biofuels)
1825  p31_AVGAS        Aviation gasoline
1826  p32_JETGAS       Jet fuel Gasoline tpye
1827  p33_NONBIOJETK   Jet fuel Kerosene type (excl. biofuels)
1828  p34_OTHKERO      Kerosene
1829  p35_NONBIODIES   Diesel oil (excl. biofuels)
1830  p36_RESFUEL      Fuel oil
1831  p37_NAPHTHA      Naphtha
1832  p38_WHITESP      Solvent (White spirit and industrial sprit SBP)
1833  p39_LUBRIC       Lubricants
1834  p40_BITUMEN      Bitumen (Asphalt)
1835  p41_PARWAX       Paraffin waxes
1836  p42_PETCOKE      Petroleum coke
1837  p43_ONONSPEC     Other oil products
1838  /
1839   
1840  p_liquids(product)
1841  /
1842  p22_CRUDEOIL
1843  p9_OVENCOKE      Coke oven coke
1844  p10_GASCOKE      Gas coke
1845  p14_COKEOVGS     Coke oven gas
1846  p24_REFFEEDS     Refinery feedstocks
1847  p27_REFINGAS     Refinery gas
1848  p28_ETHANE       Ethane
1849  p29_LPG          Liquefied petroleum gases(LPG)
1850  p30_NONBIOGASO   Motor gasoline (excl. biofuels)
1851  p31_AVGAS        Aviation gasoline
1852  p32_JETGAS       Jet fuel Gasoline tpye
1853  p33_NONBIOJETK   Jet fuel Kerosene type (excl. biofuels)
1854  p34_OTHKERO      Kerosene
1855  p35_NONBIODIES   Diesel oil (excl. biofuels)
1856  p36_RESFUEL      Fuel oil
1857  p37_NAPHTHA      Naphtha
1858  p38_WHITESP      Solvent (White spirit and industrial sprit SBP)
1859  p39_LUBRIC       Lubricants
1860  p40_BITUMEN      Bitumen (Asphalt)
1861  p41_PARWAX       Paraffin waxes
1862  p42_PETCOKE      Petroleum coke
1863  p43_ONONSPEC     Other oil products
1864  /
1865   
1866  p_liquid(p_oilproduct)
1867  /
1868  p29_LPG          Liquefied petroleum gases(LPG)
1869  p30_NONBIOGASO   Motor gasoline (excl. biofuels)
1870  p31_AVGAS        Aviation gasoline
1871  p32_JETGAS       Jet fuel Gasoline tpye
1872  p33_NONBIOJETK   Jet fuel Kerosene type (excl. biofuels)
1873  p34_OTHKERO      Kerosene
1874  p35_NONBIODIES   Diesel oil (excl. biofuels)
1875  p36_RESFUEL      Fuel oil
1876  /
1877   
1878  p_oilproduct_feed(product)
1879  /
1880  p37_NAPHTHA      Naphtha
1881  p38_WHITESP      Solvent (White spirit and industrial sprit SBP)
1882  p39_LUBRIC       Lubricants
1883  p40_BITUMEN      Bitumen (Asphalt)
1884  p41_PARWAX       Paraffin waxes
1885  p42_PETCOKE      Petroleum coke
1886  p43_ONONSPEC     Other oil products
1887  /
1888   
1889  p_waste(product)
1890  /
1891  p44_INDWASTE
1892  p45_MUNWASTER
1893  p46_MUNWASTEN
1894  /
1895   
1896  p_bio(product)
1897  /
1898  p47_PRIMSBIO     Primary solid biofuels
1899  p48_BIOGASES     Biogases
1900  p49_BIOGASOL     Biogasoline
1901  p50_BIODIESEL    Biodiesels
1902  p51_BIOJETKERO   Bio jet kerosene
1903  p52_OBIOLIQ      Other liquid biofuels
1904  /
1905   
1906  p_biowastecharcoal(product)
1907  /
1908  p44_INDWASTE
1909  p45_MUNWASTER
1910  p46_MUNWASTEN
1911  p47_PRIMSBIO     Primary solid biofuels
1912  p48_BIOGASES     Biogases
1913  p49_BIOGASOL     Biogasoline
1914  p50_BIODIESEL    Biodiesels
1915  p51_BIOJETKERO   Bio jet kerosene
1916  p52_OBIOLIQ      Other liquid biofuels
1917  p54_CHARCOAL
1918  /
1919   
1920  p_charcoal(product)
1921  /
1922  p54_CHARCOAL
1923  /
1924   
1925  p_nuclear(product)
1926  /
1927  p55_NUCLEAR      Nuclear
1928  /
1929   
1930  p_geo(product)
1931  /
1932  p57_GEOTHERM     Geothermal
1933  /
1934   
1935  p_solar(product)
1936  /
1937  p58_SOLARPV      Solar photovaltaics
1938  p59_SOLARTH      Solar thermal
1939  /
1940   
1941  p_wind(product)
1942  /
1943  p61_WIND         Wind
1944  /
1945   
1946  p_hydro(product)
1947  /
1948  p56_HYDRO        Hydro
1949  /
1950   
1951  p_elecother(product)
1952  /
1953  p44_INDWASTE     Industrial waste
1954  p45_MUNWASTER    Municipal waste(renewable)
1955  p46_MUNWASTEN    Municipal waste(non-renewable)
1956  p47_PRIMSBIO     Primary solid biofuels
1957  p48_BIOGASES     Biogases
1958  p49_BIOGASOL     Biogasoline
1959  p50_BIODIESEL    Biodiesels
1960  p51_BIOJETKERO   Bio jet kerosene
1961  p52_OBIOLIQ      Other liquid biofuels
1962  p54_CHARCOAL     Charcoal
1963  p57_GEOTHERM     Geothermal
1964  p60_TIDE         Tide wave and ocean
1965  p62_OTHER        Other sources includes production not included elsewhere such as fuel cells
1966  /
1967   
1968  p_elecwaste(product)
1969  /
1970  p44_INDWASTE     Industrial waste
1971  p45_MUNWASTER    Municipal waste(renewable)
1972  p46_MUNWASTEN    Municipal waste(non-renewable)
1973  /
1974   
1975  p_elecbio(product)
1976  /
1977  p47_PRIMSBIO     Primary solid biofuels
1978  p48_BIOGASES     Biogases
1979  p49_BIOGASOL     Biogasoline
1980  p50_BIODIESEL    Biodiesels
1981  p51_BIOJETKERO   Bio jet kerosene
1982  p52_OBIOLIQ      Other liquid biofuels
1983  p54_CHARCOAL     Charcoal
1984  /
1985   
1986  p_elecgeo(product)
1987  /
1988  p57_GEOTHERM     Geothermal
1989  /
1990   
1991  p_elecother2(product)
1992  /
1993  p60_TIDE         Tide wave and ocean
1994  p62_OTHER        Other sources includes production not included elsewhere such as fuel cells
1995  /
1996   
1997  p_elecheat(product)
1998  /
1999  p63_ELECTR    Electricity
2000  p64_HEAT      Heat
2001  /
2002   
2003  p_elec(product)
2004  /
2005  p63_ELECTR    Electricity
2006  /
2007   
2008  p_heat(product)
2009  /
2010  p64_HEAT      Heat
2011  /
2012   
2013  p_ftotal(product)
2014  /
2015  p1_HARDCOAL      Hard coal
2016  p2_BROWN         Brown coal
2017  p3_ANTCOAL       Anthracite
2018  p4_COKCOAL       Coking coal
2019  p5_BITCOAL       Other bittuminous coal
2020  p6_SUBCOAL       Sub-bituminous coal
2021  p7_LIGNITE       Lignite
2022  p8_PATFUEL       Patent fuel
2023  *p9_OVENCOKE      Coke oven coke
2024  *p10_GASCOKE      Gas coke
2025  *p11_COALTAR      Coal tar
2026  p12_BKB          Brown coal briquettes
2027  *p13_GASWKSGS     Gas works gas
2028  *p14_COKEOVGS     Coke oven gas
2029  *p15_BLFURGS      Blast furnace gas
2030  *p16_OGASES       Other recovered gases
2031   
2032  p13_GASWKSGS     Gas works gas
2033  p20_NATGAS       Natural gas
2034  p23_NGL          Natural gas liquids
2035   
2036  p29_LPG          Liquefied petroleum gases(LPG)
2037  p30_NONBIOGASO   Motor gasoline (excl. biofuels)
2038  p31_AVGAS        Aviation gasoline
2039  p32_JETGAS       Jet fuel Gasoline tpye
2040  p33_NONBIOJETK   Jet fuel Kerosene type (excl. biofuels)
2041  p34_OTHKERO      Kerosene
2042  p35_NONBIODIES   Diesel oil (excl. biofuels)
2043  p36_RESFUEL      Fuel oil
2044   
2045  p63_ELECTR    Electricity
2046  p64_HEAT      Heat
2047  /
2048   
2049  p_fuelcomb(product)
2050  /
2051  p1_HARDCOAL      Hard coal
2052  p2_BROWN         Brown coal
2053  p3_ANTCOAL       Anthracite
2054  p4_COKCOAL       Coking coal
2055  p5_BITCOAL       Other bittuminous coal
2056  p6_SUBCOAL       Sub-bituminous coal
2057  p7_LIGNITE       Lignite
2058  p8_PATFUEL       Patent fuel
2059  p9_OVENCOKE      Coke oven coke
2060  p10_GASCOKE      Gas coke
2061  p11_COALTAR      Coal tar
2062  p12_BKB          Brown coal briquettes
2063  p13_GASWKSGS     Gas works gas
2064  p14_COKEOVGS     Coke oven gas
2065  p15_BLFURGS      Blast furnace gas
2066  p16_OGASES       Other recovered gases
2067  p17_PEAT         Peat
2068  p18_PEATPROD     Peat products
2069  p19_OILSHALE     Oil shale and oil sands
2070  p20_NATGAS       Natural gas
2071  p21_CRNGFEED     Crude NGL feedstock
2072  p22_CRUDEOIL     Curde oil
2073  p23_NGL          Natural gas liquids
2074  p24_REFFEEDS     Refinery feedstocks
2075  p25_ADDITIVE     Addtitives blending components
2076  p26_NONCRUDE     Other hydrocarbons
2077  p27_REFINGAS     Refinery gas
2078  p28_ETHANE       Ethane
2079  p29_LPG          Liquefied petroleum gases(LPG)
2080  p30_NONBIOGASO   Motor gasoline (excl. biofuels)
2081  p31_AVGAS        Aviation gasoline
2082  p32_JETGAS       Jet fuel Gasoline tpye
2083  p33_NONBIOJETK   Jet fuel Kerosene type (excl. biofuels)
2084  p34_OTHKERO      Kerosene
2085  p35_NONBIODIES   Diesel oil (excl. biofuels)
2086  p36_RESFUEL      Fuel oil
2087  p37_NAPHTHA      Naphtha
2088  p38_WHITESP      Solvent (White spirit and industrial sprit SBP)
2089  p39_LUBRIC       Lubricants
2090  p40_BITUMEN      Bitumen (Asphalt)
2091  p41_PARWAX       Paraffin waxes
2092  p42_PETCOKE      Petroleum coke
2093  p43_ONONSPEC     Other oil products
2094  p63_ELECTR       Electricity
2095  p64_HEAT         Heat
2096   
2097  /
2098   
2099  *===========================Flows Mapping====================================
2100  f_balstfur(flow)
2101  /
2102  f20_TBLASTFUR   Blast furances
2103  /
2104   
2105  f_cokeoven(flow)
2106  /
2107  f22_TCOKEOVS    Coke ovens
2108  /
2109   
2110  f_eblastcoke(flow)
2111  /
2112  f35_EBLASTFUR   Blast furances
2113  f38_ECOKEOVS    Coke ovens
2114  /
2115   
2116  f_tpetrochem(flow)
2117  /
2118  f26_TPETCHEM    Petrochemical plants
2119  /
2120   
2121  f_prod(flow)
2122  /
2123  f1_INDPROD      Production
2124  /
2125   
2126  f_agri(flow)
2127  /
2128  f52_AGRICULT    Agriculture forestry
2129  f53_FISHING     Fishing
2130  /
2131   
2132  f_coa(flow)
2133  /
2134  f33_EMINES      Coal mines
2135  /
2136   
2137  f_oil(flow)
2138  /
2139  f34_EOILGASEX   Oil and gas extraction
2140  /
2141   
2142  f_gas(flow)
2143  /
2144  f21_TGASWKS     Includes the manufacture of town gas
2145  f29_TBLENDGAS   For blened natural gas
2146  f34_EOILGASEX   Oil and gas extraction
2147  f36_EGASWKS     Represents the energy which is used in gas works
2148  /
2149   
2150  f_mining(flow)
2151  /
2152  f54_MINING      Mining and quarrying
2153  /
2154   
2155  f_foodpro(flow)
2156  /
2157  f55_FOODPRO     Food and tobacco
2158  /
2159   
2160  f_textiles(flow)
2161  /
2162  f56_TEXTILES    Textile and leather
2163  /
2164   
2165  f_woodpro(flow)
2166  /
2167  f57_WOODPRO     Wood and wood products
2168  /
2169   
2170  f_paperpro(flow)
2171  /
2172  f58_PAPERPRO    Paper pulp and print
2173  /
2174   
2175  f_petrolcoal(flow)
2176  /
2177  *f20_TBLASTFUR   Blast furances
2178  *f22_TCOKEOVS    Coke ovens
2179  f23_TPATFUEL    Patent fuel plants
2180  f24_TBKB        BKB peat briquettes
2181  *f25_TREFINER    Oil refineries
2182  *f26_TPETCHEM    Petrochemical plants
2183  f27_TCOALLIQ    Coal liquefaction
2184  f28_TGTL        Gas-to-liquids plants
2185  *f33_EMINES      Coal mines
2186  *f34_EOILGASEX   Oil and gas extraction
2187  *f35_EBLASTFUR   Blast furances
2188  *f36_EGASWKS     Gas works
2189  *f37_EBIOGAS     Gasfication plants for biogases
2190  *f38_ECOKEOVS    Coke ovens
2191  *f39_EPATFUEL    Patent fuel plants
2192  *f40_EBKB        BKB peat briquettes
2193  f41_EREFINER    Oil refineries
2194  f42_ECOALLIQ    Coal liquefaction plants
2195  *f43_ELNG        Liqefaction regasification plants
2196  *f44_EGTL        Gas to liquids plants
2197  *f45_EPOWERPLT   Own use in electricity CHP and heat plants
2198  *f46_EPUMPST     Pumped storage plants
2199  *f47_ENUC        Nuclear industry
2200  *f48_ECHARCOAL   Charcoal production plants
2201  *f49_ENONSPEC    Non specified
2202  *f50_DISTLOSS    Losses
2203  /
2204   
2205  *https://www.gtap.agecon.purdue.edu/databases/contribute/concordinfo.asp
2206  *p_c Petroleum & Coke: manufacture of coke and refined petroleum products
2207  *1910 Manufacture of coke oven products
2208  *1920 Manufacture of refined petroleum products
2209   
2210  f_chemical(flow)
2211  /
2212  f59_CHEMICAL    Chemical and petrochemical
2213  /
2214   
2215  f_nonmet(flow)
2216  /
2217  f60_NONMET      Non metallic minerals
2218  /
2219   
2220  f_ironstl(flow)
2221  /
2222  f61_IRONSTL     Iron and steel
2223  /
2224   
2225  f_nonferr(flow)
2226  /
2227  f62_NONFERR     Non ferrous metals
2228  /
2229   
2230  f_machine(flow)
2231  /
2232  f63_MACHINE     Machinery
2233  /
2234   
2235  f_transeq(flow)
2236  /
2237  f64_TRANSEQ     Transport equipment
2238  /
2239   
2240  f_otherind(flow)
2241  /
2242  f65_INONSPEC    Industry not elsewhere specified
2243  /
2244   
2245  f_elec(flow)
2246  /
2247  f11_MAINELEC    Main activity producer electricity plants
2248  f12_AUTOELEC    Autoproducer electricity plants
2249  f13_MAINCHP     Main activity producer CHP plants
2250  f14_AUTOCHP     Autoproducer CHP plants
2251  f15_MAINHEAT    Main activity producer heat plants
2252  f16_AUTOHEAT    Autoproducer heat plants
2253  *f17_THEAT       Heat pumps
2254  *f19_TBOILER     Electric boilers
2255  *f45_EPOWERPLT   Own use in electricity CHP and heat plants
2256  *f46_EPUMPST     Pumped storage plants
2257  /
2258   
2259  f_construc(flow)
2260  /
2261  f66_CONSTRUC    Construction
2262  /
2263   
2264  f_ser(flow)
2265  /
2266  f67_COMMPUB     Commerical and public services
2267  f68_ONONSPEC    Final consumption not elsewhere specified
2268  /
2269   
2270  f_household(flow)
2271  /
2272  f69_RESIDENT    Residential
2273  /
2274   
2275  f_roadrail(flow)
2276  /
2277  f70_ROAD        Road
2278  f71_RAIL        Rail
2279  f74_PIPELINE    Pipeline transport
2280  f75_TRNONSPE    Transport not elsewhere
2281  /
2282   
2283  f_domeair(flow)
2284  /
2285  f72_DOMESAIR    Domestic aviation
2286  /
2287   
2288  f_domewater(flow)
2289  /
2290  f73_DOMESNAV    Domestic navigation
2291  /
2292   
2293  *Non-energy
2294  f_nemining(flow)
2295  /
2296  f76_NEMINING    Non energy use in mining and quarrying
2297  /
2298   
2299  f_nefoodpro(flow)
2300  /
2301  f77_NEFOODPRO   Non energy use in food beverages tobacco
2302  /
2303   
2304  f_netextiles(flow)
2305  /
2306  f78_NETEXTILES  Non energy use in textiles and leather
2307  /
2308   
2309  f_newoodpro(flow)
2310  /
2311  f79_NEWOODPRO   Non energy use in wood and wood products
2312  /
2313   
2314  f_nepaperpro(flow)
2315  /
2316  f80_NEPAPERPRO  Non energy use in paper pulp and printing
2317  /
2318   
2319  f_nechemical(flow)
2320  /
2321  f81_NECHEM      Non energy use in chemical petrochemical
2322  /
2323   
2324  f_nenonmet(flow)
2325  /
2326  f82_NENONMET    Non energy use in non metallic minerals
2327  /
2328   
2329  f_neironstl(flow)
2330  /
2331  f83_NEIRONSTL   Non energy use in iron and steel
2332  /
2333   
2334  f_nenonferr(flow)
2335  /
2336  f84_NENONFERR   Non energy use in non ferrous metals
2337  /
2338   
2339  f_nemachine(flow)
2340  /
2341  f85_NEMACHINE   Non energy use in machinery
2342  /
2343   
2344  f_netranseq(flow)
2345  /
2346  f86_NETRANSEQ   Non energy use in transport equipment
2347  /
2348   
2349  f_neotherind(flow)
2350  /
2351  f87_NEINONSPEC  Non energy use in non specified industry
2352  /
2353   
2354  f_neconstruc(flow)
2355  /
2356  f88_NECONSTRUC  Non energy use in construction
2357  /
2358   
2359  f_netransport(flow)
2360  /
2361  f90_NETRANS     Non energy use in transport
2362  /
2363   
2364  f_neother(flow)
2365  /
2366  f89_NEOTHER     Non energy use in other residential commerical public services agriculture forestry and fishing
2367  /
2368   
2369  f_elecoutput(flow)
2370  /
2371  f99_ELOUTPUT    Electrictiy output GWh
2372  /
2373   
2374  f_TES(flow)
2375  /
2376  f7_TES          Total energy supply
2377  /
2378   
2379  f_marine_bunker(flow)
2380  /
2381  f4_MARBUNK      International marine bunkers
2382  /
2383   
2384  f_aviation_bunker(flow)
2385  /
2386  f5_AVBUNK       International aviation bunkers
2387  /
2388   
2389  type
2390  /
2391  CO2EF
2392  Stored_rate
2393  CH4EF_Energy
2394  N2OEF_Energy
2395  CH4EF_Industry
2396  N2OEF_Industry
2397  CH4EF_LTRP
2398  N2OEF_LTRP
2399  CH4EF_ATRP
2400  N2OEF_ATRP
2401  CH4EF_WTRP
2402  N2OEF_WTRP
2403  CH4EF_Other
2404  N2OEF_Other
2405  /
2406   
2407  punit
2408  /
2409  physical
2410  /
2411   
2412  ;
2413   
2414  Alias(p_coal, p_coal2);
2415  Alias(p_coal3, p_coal4);
2416  Alias(p_gas, p_gas2);
2417  Alias(p_oil, p_oil2);
2418  Alias(p_oilproduct, p_oilproduct2);
2419  Alias(p_elecheat, p_elecheat2);
2420  Alias(p_waste, p_waste2);
2421  Alias(p_bio, p_bio2);
2422  Alias(p_charcoal, p_charcoal2);
2423  Alias(p_geo, p_geo2);
2424  Alias(p_solar, p_solar2);
2425   
2426  *=== Import from Excel using GDX utilities
2427  *Unit 2019 ktoe
2428  Parameter
2429  WEB_KOR(flow,product),
2430  WEB_CHN(flow,product),
2431  WEB_JPN(flow,product),
2432  WEB_RUS(flow,product),
2433  WEB_MNG(flow,product),
2434  WEB_PRK(flow,product),
2435  WEB_NAM(flow,product),
2436  WEB_LAM(flow,product),
2437  WEB_WEU(flow,product),
2438  WEB_EEU(flow,product),
2439  WEB_FSU(flow,product),
2440  WEB_MEA(flow,product),
2441  WEB_AFR(flow,product),
2442  WEB_CPA(flow,product),
2443  WEB_SAS(flow,product),
2444  WEB_PAS(flow,product),
2445  WEB_PAO(flow,product),
2446  GHGsEF(product,type) kgC per TJ,
2447  physical_unit(product,punit)
2448  ;
2449   
2471   
GDXIN   C:\Users\kimc0\GUIDE_GLOBAL_CGE\2.RD_CGE\Input_WEB\250328_WEB19.gdx
--- LOAD  WEB_KOR = 1:WEB_KOR
--- LOAD  WEB_CHN = 2:WEB_CHN
--- LOAD  WEB_JPN = 3:WEB_JPN
--- LOAD  WEB_RUS = 4:WEB_RUS
--- LOAD  WEB_MNG = 5:WEB_MNG
--- LOAD  WEB_PRK = 6:WEB_PRK
--- LOAD  WEB_NAM = 7:WEB_NAM
--- LOAD  WEB_LAM = 8:WEB_LAM
--- LOAD  WEB_WEU = 9:WEB_WEU
--- LOAD  WEB_EEU = 10:WEB_EEU
--- LOAD  WEB_FSU = 11:WEB_FSU
--- LOAD  WEB_MEA = 12:WEB_MEA
--- LOAD  WEB_AFR = 13:WEB_AFR
--- LOAD  WEB_CPA = 14:WEB_CPA
--- LOAD  WEB_SAS = 15:WEB_SAS
--- LOAD  WEB_PAS = 16:WEB_PAS
--- LOAD  WEB_PAO = 17:WEB_PAO
--- LOAD  GHGsEF = 18:GHGsEF
--- LOAD  physical_unit = 19:physical_unit
2475   
2476  Parameter WEB(flow,product,z);
2477  WEB(flow,product,'01_KOR') =  WEB_KOR(flow,product);
2478  WEB(flow,product,'02_CHN') =  WEB_CHN(flow,product);
2479  WEB(flow,product,'03_JPN') =  WEB_JPN(flow,product);
2480  WEB(flow,product,'04_RUS') =  WEB_RUS(flow,product);
2481  WEB(flow,product,'05_MNG') =  WEB_MNG(flow,product);
2482  WEB(flow,product,'06_PRK') =  WEB_PRK(flow,product);
2483  WEB(flow,product,'07_NAM') =  WEB_NAM(flow,product);
2484  WEB(flow,product,'08_LAM') =  WEB_LAM(flow,product);
2485  WEB(flow,product,'09_WEU') =  WEB_WEU(flow,product);
2486  WEB(flow,product,'10_EEU') =  WEB_EEU(flow,product);
2487  WEB(flow,product,'11_FSU') =  WEB_FSU(flow,product);
2488  WEB(flow,product,'12_MEA') =  WEB_MEA(flow,product);
2489  WEB(flow,product,'13_AFR') =  WEB_AFR(flow,product);
2490  WEB(flow,product,'14_CPA') =  WEB_CPA(flow,product);
2491  WEB(flow,product,'15_SAS') =  WEB_SAS(flow,product);
2492  WEB(flow,product,'16_PAS') =  WEB_PAS(flow,product);
2493  WEB(flow,product,'17_PAO') =  WEB_PAO(flow,product);
2494   
2495  execute_unload 'Input_WEB/WEB_2019.gdx',
2496  *Sets
2497  WEB, GHGsEF  ;
2498   
2499  Parameter
2500   TCoke_Share(f_cokeoven,product,z)
2501   TBlast_Share(f_balstfur,product,z)
2502  ;
2503   
2504  Parameter
2505   Coal_DIO(p_coal,j,z)            Intermediate consumption of coal products by industry j in region z
2506   Coal_CO(p_coal,z)               Household consumption of coal products in region z
2507   CoalR_DIO(p_coal,j,z)           Intermediate consumption ratio of coal products by industry j in region z
2508   CoalR_CO(p_coal,z)              Household consumption ratio of coal products in region z
2509   Coal_Marine(p_coal,z)           Marine Bunker consumption of coal products
2510   Coal_Aviation(p_coal,z)         Aviation Bunker consumption of coal products
2511   
2512   Gas_DIO(p_gas,j,z)              Intermediate consumption of gas products by industry j in region z
2513   Gas_CO(p_gas,z)                 Household consumption of gas products in region z
2514   GasR_DIO(p_gas,j,z)             Intermediate consumption ratio of gas products by industry j in region z
2515   GasR_CO(p_gas,z)                Household consumption ratio of gas products in region z
2516   Gas_Marine(p_gas,z)             Marine Bunker consumption of coal products
2517   Gas_Aviation(p_gas,z)           Aviation Bunker consumption of coal products
2518   
2519   Oil_DIO(p_oil,j,z)              Intermediate consumption of crudeoil by industry j in region z
2520   Oil_CO(p_oil,z)                 Household consumption of crudeoil in region z
2521   OilR_DIO(p_oil,j,z)             Intermediate consumption ratio of crudeoil by industry j in region z
2522   Oil_Marine(p_oil,z)             Marine Bunker consumption of crudeoil
2523   Oil_Aviation(p_oil,z)           Aviation Bunker consumption of crudeoil
2524   
2525   Oilp_DIO(p_oilproduct,j,z)      Intermediate consumption of petrolcoal by industry j in region z
2526   Oilp_CO(p_oilproduct,z)         Household consumption of petrolcoal products in region z
2527   OilpR_DIO(p_oilproduct,j,z)     Intermediate consumption ratio of petrolcoal products by industry j in region z
2528   OilpR_CO(p_oilproduct,z)        Household consumption ratio of petrolcoal products in region z
2529   Oilp_Marine(p_oilproduct,z)     Marine Bunker consumption of oil products
2530   Oilp_Aviation(p_oilproduct,z)   Aviation Bunker consumption of oil products
2531   
2532   Elec_DIO(p_elecheat,j,z)        Intermediate consumption of electricity by industry j in region z
2533   Elec_CO(p_elecheat,z)           Household consumption of electricity in region z
2534   ElecR_DIO(p_elecheat,j,z)       Intermediate consumption ratio of electricity by industry j in region z
2535   ElecR_CO(p_elecheat,z)          Household consumption ratio of electricity in region z
2536   
2537   NCoal_DIO(p_coal,j,z)           Intermediate consumption of non energy coal products by industry j in region z
2538   NCoalR_DIO(p_coal,j,z)          Intermediate consumption ratio of non energy coal products by industry j in region z
2539   
2540   NGas_DIO(p_gas,j,z)             Intermediate consumption of non energy gas products by industry j in region z
2541   NGasR_DIO(p_gas,j,z)            Intermediate consumption ratio of non energy gas products by industry j in region z
2542   
2543   NOil_DIO(p_oil,j,z)             Intermediate consumption of non energy oil by industry j in region z
2544   NOilR_DIO(p_oil,j,z)            Intermediate consumption ratio of non-energy oil by industry j in region z
2545   
2546   NOilp_DIO(p_oilproduct,j,z)     Intermediate consumption of non energy oilproducts by industry j in region z
2547   NOilpR_DIO(p_oilproduct,j,z)    Intermediate consumption ratio of non energy oilproducts by industry j in region z
2548   
2549   Waste_DIO(p_waste,j,z)          Intermediate consumption of waste energy by industry j in region z
2550   Waste_CO(p_waste,z)             Household consumption of waste energy in region z
2551   WasteR_DIO(p_waste,j,z)         Intermediate consumption ratio of waste energy by industry j in region z
2552   WasteR_CO(p_waste,z)            Household consumption ratio of waste energy in region z
2553   
2554   Bio_DIO(p_bio,j,z)              Intermediate consumption of bio energy by industry j in region z
2555   Bio_CO(p_bio,z)                 Household consumption of bio energy in region z
2556   BioR_DIO(p_bio,j,z)             Intermediate consumption ratio of bio energy by industry j in region z
2557   BioR_CO(p_bio,z)                Household consumption ratio of bio energy in region z
2558   Bio_Marine(p_bio,z)             Marine Bunker consumption of waste energy
2559   Bio_Aviation(p_bio,z)           Aviation Bunker consumption of waste energy
2560   
2561   Charcoal_DIO(p_charcoal,j,z)    Intermediate consumption of charcoal energy by industry j in region z
2562   Charcoal_CO(p_charcoal,z)       Household consumption of charcoal energy in region z
2563   CharcoalR_DIO(p_charcoal,j,z)   Intermediate consumption ratio of charcoal energy by industry j in region z
2564   CharcoalR_CO(p_charcoal,z)      Household consumption ratio of charcoal energy in region z
2565   
2566   Solar_DIO(p_solar,j,z)          Intermediate consumption of solar energy by industry j in region z
2567   Solar_CO(p_solar,z)             Household consumption of solar energy in region z
2568   SolarR_DIO(p_solar,j,z)         Intermediate consumption ratio of solar energy by industry j in region z
2569   SolarR_CO(p_solar,z)            Household consumption ratio of solar energy in region z
2570   
2571   Geo_DIO(p_geo,j,z)              Intermediate consumption of geothermal energy by industry j in region z
2572   Geo_CO(p_geo,z)                 Household consumption of geothermal energy in region z
2573   GeoR_DIO(p_geo,j,z)             Intermediate consumption ratio of geothermal energy by industry j in region z
2574   GeoR_CO(p_geo,z)                Household consumption ratio of geothermal energy in region z
2575   
2576   Coal_Total(p_coal,z)
2577   Gas_Total(p_gas,z)
2578   Oilp_Total(p_oilproduct,z)
2579   ELec_Total(p_elecheat,z)
2580   NCoal_Total(p_coal,z)
2581   NGas_Total(p_gas,z)
2582   NOilp_Total(p_oilproduct,z)
2583   Waste_Total(p_waste,z)
2584   Bio_Total(p_bio,z)
2585   Charcoal_Total(p_charcoal,z)
2586   Solar_Total(p_solar,z)
2587   Geo_Total(p_geo,z)
2588   
2589   TES_Coal(p_coal_TES,z)        Primary Energy Supply Coal
2590   TES_Gas(p_gas,z)              Primary Energy Supply Gas
2591   TES_Oil(p_oil,z)              Primary Energy Supply Oil
2592   
2593   ElecNucGWh(j,z)     Nuclear Output GWh
2594   ElecCoalGWh(j,z)    Coal Output GWh
2595   ElecGasGWh(j,z)     Gas Output GWh
2596   ElecOilGWh(j,z)     Oil Output GWh
2597   ElecSolarGWh(j,z)   Solar Output GWh
2598   ElecWindGWh(j,z)    Wind Output GWh
2599   ElecHydroGWh(j,z)   Hydro Output GWh
2600  * ElecOtherGWh(j,z)   Other Output GWh
2601   ElecwasteGWh(j,z)   waste Output GWh
2602   ElecbioGWh(j,z)     bio Output GWh
2603   ElecgeoGWh(j,z)     geothermal Output GWh
2604   ElecOtherGWh(j,z)   Other Output GWh
2605   
2606  ;
2607  *
2608   
2609  *f_balstfur(flow)
2610  *f_cokeoven(flow)
2611  * WEB(f_balstfur, 'p4_COKCOAL', z) = WEB(f_cokeoven, 'p66_TOTAL', z) ;
2612  * WEB(f_cokeoven, 'p4_COKCOAL', z) = WEB(f_cokeoven, 'p66_TOTAL', z) ;
2613   
2614   TCoke_Share(f_cokeoven,p_coal,z)$(WEB(f_cokeoven, p_coal, z) lt 0)  = WEB(f_cokeoven, p_coal, z)$(WEB(f_cokeoven, p_coal, z) lt 0)/sum(p_coal2, WEB(f_cokeoven, p_coal2, z)$(WEB(f_cokeoven, p_coal2, z) lt 0)) ;
2615   TBlast_Share(f_balstfur,p_coal,z)$(WEB(f_balstfur, p_coal, z) lt 0) = WEB(f_balstfur, p_coal, z)$(WEB(f_balstfur, p_coal, z) lt 0)/sum(p_coal2, WEB(f_balstfur, p_coal2, z)$(WEB(f_balstfur, p_coal2, z) lt 0)) ;
2616   
2617  display TCoke_Share, TBlast_Share ;
2618   
2619  *Coal
2620   Coal_DIO(p_coal,'01_AGRICULT',z) = sum((f_agri), WEB(f_agri, p_coal, z));
2621   Coal_DIO(p_coal,'02_COAL',z) = -1*sum((f_coa), WEB(f_coa, p_coal, z));
2622   Coal_DIO(p_coal,'03_OIL',z) = -1*sum((f_oil), WEB(f_oil, p_coal, z));
2623   Coal_DIO(p_coal,'04_GAS',z) = -1*sum((f_gas), WEB(f_gas, p_coal, z));
2624   Coal_DIO(p_coal,'05_MINING',z) = sum((f_mining), WEB(f_mining, p_coal, z));
2625   Coal_DIO(p_coal,'06_FOODPRO',z) = sum((f_foodpro), WEB(f_foodpro, p_coal, z));
2626   Coal_DIO(p_coal,'07_TEXTILES',z) = sum((f_textiles), WEB(f_textiles, p_coal, z));
2627   Coal_DIO(p_coal,'08_WOODPRO',z) = sum((f_woodpro), WEB(f_woodpro, p_coal, z));
2628   Coal_DIO(p_coal,'09_PAPERPRO',z) = sum((f_paperpro), WEB(f_paperpro, p_coal, z));
2629   Coal_DIO(p_coal5,'10_PETROLCOAL',z) = -1*sum((f_petrolcoal), WEB(f_petrolcoal, p_coal5, z));
2630   Coal_DIO(p_coal,'11_CHEMICAL',z) = sum((f_chemical), WEB(f_chemical, p_coal, z));
2631   Coal_DIO(p_coal,'12_NONMET',z) = sum((f_nonmet), WEB(f_nonmet, p_coal, z));
2632   Coal_DIO(p_coal,'13_IRONSTL',z) = sum((f_ironstl), WEB(f_ironstl, p_coal, z))
2633   + sum(f_cokeoven, -1*TCoke_Share(f_cokeoven,p_coal,z)*WEB(f_cokeoven, 'p66_TOTAL', z))
2634   + sum(f_balstfur, -1*TBlast_Share(f_balstfur,p_coal,z)*WEB(f_balstfur, 'p66_TOTAL', z))
2635   + sum((f_Eblastcoke), -1*WEB(f_Eblastcoke, p_coal, z))
2636  ;
2637   
2638   Coal_DIO(p_coal,'14_NONFERR',z) = sum((f_nonferr), WEB(f_nonferr, p_coal, z));
2639   Coal_DIO(p_coal,'15_MACHINE',z) = sum((f_machine), WEB(f_machine, p_coal, z));
2640   Coal_DIO(p_coal,'16_TRANSEQ',z) = sum((f_transeq), WEB(f_transeq, p_coal, z));
2641   Coal_DIO(p_coal,'17_OTHERIND',z) = sum((f_otherind), WEB(f_otherind, p_coal, z));
2642   Coal_DIO(p_coal,'18_TnD',z) = 0 ;
2643   Coal_DIO(p_coal,'19_eNuclear',z) = 0 ;
2644   Coal_DIO(p_coal,'20_eCoal',z) = -1*sum((f_elec), WEB(f_elec, p_coal, z));
2645   Coal_DIO(p_coal,'19_eNuclear',z) = 0 ;
2646   Coal_DIO(p_coal,'21_eGas',z) = 0 ;
2647   Coal_DIO(p_coal,'22_eOil',z) = 0 ;
2648   Coal_DIO(p_coal,'23_eWind',z) = 0 ;
2649   Coal_DIO(p_coal,'24_eSolar',z) = 0 ;
2650   Coal_DIO(p_coal,'25_eHydro',z) = 0 ;
2651   Coal_DIO(p_coal,'26_eOther',z) = 0 ;
2652   Coal_DIO(p_coal,'27_CONSTRUC',z) = sum((f_construc), WEB(f_construc, p_coal, z));
2653   Coal_DIO(p_coal,'28_LTRP',z) = sum((f_roadrail), WEB(f_roadrail, p_coal, z));
2654   Coal_DIO(p_coal,'29_WTRP',z) = sum((f_domewater), WEB(f_domewater, p_coal, z));
2655   Coal_DIO(p_coal,'30_ATRP',z) = sum((f_domeair), WEB(f_domeair, p_coal, z));
2656   Coal_DIO(p_coal,'31_SER',z) = sum((f_ser), WEB(f_ser, p_coal, z));
2657   Coal_CO(p_coal,z) = sum((f_household), WEB(f_household, p_coal, z));
2658   
2659   Coal_Marine(p_coal,z)   = -1*sum((f_marine_bunker), WEB(f_marine_bunker, p_coal, z));
2660   Coal_Aviation(p_coal,z) = -1*sum((f_aviation_bunker), WEB(f_aviation_bunker, p_coal, z));
2661   
2662  *Ratio
2663  Loop(j,
2664      CoalR_DIO(p_coal,j,z)$(Coal_DIO(p_coal,j,z) gt 0)
2665           = Coal_DIO(p_coal,j,z)/sum(p_coal2, Coal_DIO(p_coal2,j,z));
2666       );
2667   
2668   CoalR_CO(p_coal,z)$(Coal_CO(p_coal,z) gt 0)  = Coal_CO(p_coal,z)/ sum(p_coal2, Coal_CO(p_coal2,z));
2669   
2670  display Coal_DIO, CoalR_DIO, CoalR_CO ;
2671   
2672  *Gas
2673   Gas_DIO(p_gas,'01_AGRICULT',z) = sum((f_agri), WEB(f_agri, p_gas, z));
2674   Gas_DIO(p_gas,'02_COAL',z) = -1*sum((f_coa), WEB(f_coa, p_gas, z));
2675   Gas_DIO(p_gas,'03_OIL',z) = 0;
2676   Gas_DIO(p_gas,'04_GAS',z) = -1*sum((f_gas), WEB(f_gas, p_gas, z));
2677   Gas_DIO(p_gas,'05_MINING',z) = sum((f_mining), WEB(f_mining, p_gas, z));
2678   Gas_DIO(p_gas,'06_FOODPRO',z) = sum((f_foodpro), WEB(f_foodpro, p_gas, z));
2679   Gas_DIO(p_gas,'07_TEXTILES',z) = sum((f_textiles), WEB(f_textiles, p_gas, z));
2680   Gas_DIO(p_gas,'08_WOODPRO',z) = sum((f_woodpro), WEB(f_woodpro, p_gas, z));
2681   Gas_DIO(p_gas,'09_PAPERPRO',z) = sum((f_paperpro), WEB(f_paperpro, p_gas, z));
2682   Gas_DIO(p_gas,'10_PETROLCOAL',z) = -1*sum((f_petrolcoal), WEB(f_petrolcoal, p_gas, z));
2683   Gas_DIO(p_gas,'11_CHEMICAL',z) = sum((f_chemical), WEB(f_chemical, p_gas, z));
2684   Gas_DIO(p_gas,'12_NONMET',z) = sum((f_nonmet), WEB(f_nonmet, p_gas, z));
2685   Gas_DIO(p_gas,'13_IRONSTL',z) = sum((f_ironstl), WEB(f_ironstl, p_gas, z));
2686   Gas_DIO(p_gas,'14_NONFERR',z) = sum((f_nonferr), WEB(f_nonferr, p_gas, z));
2687   Gas_DIO(p_gas,'15_MACHINE',z) = sum((f_machine), WEB(f_machine, p_gas, z));
2688   Gas_DIO(p_gas,'16_TRANSEQ',z) = sum((f_transeq), WEB(f_transeq, p_gas, z));
2689   Gas_DIO(p_gas,'17_OTHERIND',z) = sum((f_otherind), WEB(f_otherind, p_gas, z));
2690   Gas_DIO(p_gas,'18_TnD',z) = 0 ;
2691   Gas_DIO(p_gas,'19_eNuclear',z) = 0 ;
2692   Gas_DIO(p_gas,'20_eCoal',z) = 0;
2693   Gas_DIO(p_gas,'19_eNuclear',z) = 0 ;
2694   Gas_DIO(p_gas,'21_eGas',z) = -1*sum((f_elec), WEB(f_elec, p_gas, z)) ;
2695   Gas_DIO(p_gas,'22_eOil',z) = 0 ;
2696   Gas_DIO(p_gas,'23_eWind',z) = 0 ;
2697   Gas_DIO(p_gas,'24_eSolar',z) = 0 ;
2698   Gas_DIO(p_gas,'25_eHydro',z) = 0 ;
2699   Gas_DIO(p_gas,'26_eOther',z) = 0 ;
2700   Gas_DIO(p_gas,'27_CONSTRUC',z) = sum((f_construc), WEB(f_construc, p_gas, z));
2701   Gas_DIO(p_gas,'28_LTRP',z) = sum((f_roadrail), WEB(f_roadrail, p_gas, z));
2702   Gas_DIO(p_gas,'29_WTRP',z) = sum((f_domewater), WEB(f_domewater, p_gas, z));
2703   Gas_DIO(p_gas,'30_ATRP',z) = sum((f_domeair), WEB(f_domeair, p_gas, z));
2704   Gas_DIO(p_gas,'31_SER',z) = sum((f_ser), WEB(f_ser, p_gas, z));
2705   Gas_CO(p_gas,z) = sum((f_household), WEB(f_household, p_gas, z));
2706   
2707   Gas_Marine(p_gas,z)   = -1*sum((f_marine_bunker), WEB(f_marine_bunker, p_gas, z));
2708   Gas_Aviation(p_gas,z) = -1*sum((f_aviation_bunker), WEB(f_aviation_bunker, p_gas, z));
2709   
2710  *Ratio
2711  Loop(j,
2712      GasR_DIO(p_gas,j,z)$(Gas_DIO(p_gas,j,z) gt 0)
2713           = Gas_DIO(p_gas,j,z)/sum(p_gas2, Gas_DIO(p_gas2,j,z));
2714       );
2715   
2716   GasR_CO(p_gas,z)$(Gas_CO(p_gas,z) gt 0)  = Gas_CO(p_gas,z)/ sum(p_gas2, Gas_CO(p_gas2,z));
2717   
2718   
2719  display Gas_DIO, GasR_DIO, GasR_CO ;
2720   
2721  *Oil
2722   Oil_DIO(p_oil,'01_AGRICULT',z) = sum((f_agri), WEB(f_agri, p_oil, z));
2723   Oil_DIO(p_oil,'02_COAL',z) = -1*sum((f_coa), WEB(f_coa, p_oil, z));
2724   Oil_DIO(p_oil,'03_OIL',z) = -1*sum((f_oil), WEB(f_oil, p_oil, z));
2725   Oil_DIO(p_oil,'04_GAS',z) = 0;
2726   Oil_DIO(p_oil,'05_MINING',z) = sum((f_mining), WEB(f_mining, p_oil, z));
2727   Oil_DIO(p_oil,'06_FOODPRO',z) = sum((f_foodpro), WEB(f_foodpro, p_oil, z));
2728   Oil_DIO(p_oil,'07_TEXTILES',z) = sum((f_textiles), WEB(f_textiles, p_oil, z));
2729   Oil_DIO(p_oil,'08_WOODPRO',z) = sum((f_woodpro), WEB(f_woodpro, p_oil, z));
2730   Oil_DIO(p_oil,'09_PAPERPRO',z) = sum((f_paperpro), WEB(f_paperpro, p_oil, z));
2731   Oil_DIO(p_oil,'10_PETROLCOAL',z) = -1*sum((f_petrolcoal), WEB(f_petrolcoal, p_oil, z));
2732   Oil_DIO(p_oil,'11_CHEMICAL',z) = sum((f_chemical), WEB(f_chemical, p_oil, z));
2733   Oil_DIO(p_oil,'12_NONMET',z) = sum((f_nonmet), WEB(f_nonmet, p_oil, z));
2734   Oil_DIO(p_oil,'13_IRONSTL',z) = sum((f_ironstl), WEB(f_ironstl, p_oil, z));
2735   Oil_DIO(p_oil,'14_NONFERR',z) = sum((f_nonferr), WEB(f_nonferr, p_oil, z));
2736   Oil_DIO(p_oil,'15_MACHINE',z) = sum((f_machine), WEB(f_machine, p_oil, z));
2737   Oil_DIO(p_oil,'16_TRANSEQ',z) = sum((f_transeq), WEB(f_transeq, p_oil, z));
2738   Oil_DIO(p_oil,'17_OTHERIND',z) = sum((f_otherind), WEB(f_otherind, p_oil, z));
2739   Oil_DIO(p_oil,'18_TnD',z) = 0 ;
2740   Oil_DIO(p_oil,'19_eNuclear',z) = 0 ;
2741   Oil_DIO(p_oil,'20_eCoal',z) = 0 ;
2742   Oil_DIO(p_oil,'19_eNuclear',z) = 0 ;
2743   Oil_DIO(p_oil,'21_eGas',z) = 0 ;
2744   Oil_DIO(p_oil,'22_eOil',z) = 0 ;
2745   Oil_DIO(p_oil,'23_eWind',z) = 0 ;
2746   Oil_DIO(p_oil,'24_eSolar',z) = 0 ;
2747   Oil_DIO(p_oil,'25_eHydro',z) = 0 ;
2748   Oil_DIO(p_oil,'26_eOther',z) = 0 ;
2749   Oil_DIO(p_oil,'27_CONSTRUC',z) = sum((f_construc), WEB(f_construc, p_oil, z));
2750   Oil_DIO(p_oil,'28_LTRP',z) = sum((f_roadrail), WEB(f_roadrail, p_oil, z));
2751   Oil_DIO(p_oil,'29_WTRP',z) = sum((f_domewater), WEB(f_domewater, p_oil, z));
2752   Oil_DIO(p_oil,'30_ATRP',z) = sum((f_domeair), WEB(f_domeair, p_oil, z));
2753   Oil_DIO(p_oil,'31_SER',z) = sum((f_ser), WEB(f_ser, p_oil, z));
2754   Oil_CO(p_oil,z) = sum((f_household), WEB(f_household, p_oil, z));
2755   
2756   Oil_Marine(p_oil,z)   = -1*sum((f_marine_bunker), WEB(f_marine_bunker, p_oil, z));
2757   Oil_Aviation(p_oil,z) = -1*sum((f_aviation_bunker), WEB(f_aviation_bunker, p_oil, z));
2758   
2759  *Ratio
2760  Loop(j,
2761      OilR_DIO(p_oil,j,z)$(Oil_DIO(p_oil,j,z) gt 0)
2762           = Oil_DIO(p_oil,j,z)/sum(p_oil2, Oil_DIO(p_oil2,j,z));
2763       );
2764   
2765  display Oil_DIO, OilR_DIO ;
2766   
2767  *Oilproducts
2768   Oilp_DIO(p_oilproduct,'01_AGRICULT',z) = sum((f_agri), WEB(f_agri, p_oilproduct, z));
2769   Oilp_DIO(p_oilproduct,'02_COAL',z) = -1*sum((f_coa), WEB(f_coa, p_oilproduct, z));
2770   Oilp_DIO(p_oilproduct,'03_OIL',z) = -1*sum((f_oil), WEB(f_oil, p_oilproduct, z));
2771   Oilp_DIO(p_oilproduct,'04_GAS',z) = 0;
2772   Oilp_DIO(p_oilproduct,'05_MINING',z) = sum((f_mining), WEB(f_mining, p_oilproduct, z));
2773   Oilp_DIO(p_oilproduct,'06_FOODPRO',z) = sum((f_foodpro), WEB(f_foodpro, p_oilproduct, z));
2774   Oilp_DIO(p_oilproduct,'07_TEXTILES',z) = sum((f_textiles), WEB(f_textiles, p_oilproduct, z));
2775   Oilp_DIO(p_oilproduct,'08_WOODPRO',z) = sum((f_woodpro), WEB(f_woodpro, p_oilproduct, z));
2776   Oilp_DIO(p_oilproduct,'09_PAPERPRO',z) = sum((f_paperpro), WEB(f_paperpro, p_oilproduct, z));
2777   Oilp_DIO(p_oilproduct,'10_PETROLCOAL',z) = -1*sum((f_petrolcoal), WEB(f_petrolcoal, p_oilproduct, z));
2778   
2779   Oilp_DIO(p_oilproduct,'11_CHEMICAL',z) = sum((f_chemical), WEB(f_chemical, p_oilproduct, z))
2780  * + sum(f_tpetrochem, -1*WEB(f_tpetrochem, p_oilproduct, z)$(WEB(f_tpetrochem, p_oilproduct, z) lt 0))
2781   ;
2782   
2783   Oilp_DIO(p_oilproduct,'12_NONMET',z) = sum((f_nonmet), WEB(f_nonmet, p_oilproduct, z));
2784   Oilp_DIO(p_oilproduct,'13_IRONSTL',z) = sum((f_ironstl), WEB(f_ironstl, p_oilproduct, z));
2785   Oilp_DIO(p_oilproduct,'14_NONFERR',z) = sum((f_nonferr), WEB(f_nonferr, p_oilproduct, z));
2786   Oilp_DIO(p_oilproduct,'15_MACHINE',z) = sum((f_machine), WEB(f_machine, p_oilproduct, z));
2787   Oilp_DIO(p_oilproduct,'16_TRANSEQ',z) = sum((f_transeq), WEB(f_transeq, p_oilproduct, z));
2788   Oilp_DIO(p_oilproduct,'17_OTHERIND',z) = sum((f_otherind), WEB(f_otherind, p_oilproduct, z));
2789   Oilp_DIO(p_oilproduct,'18_TnD',z) = 0 ;
2790   Oilp_DIO(p_oilproduct,'19_eNuclear',z) = 0 ;
2791   Oilp_DIO(p_oilproduct,'20_eCoal',z) = 0 ;
2792   Oilp_DIO(p_oilproduct,'19_eNuclear',z) = 0 ;
2793   Oilp_DIO(p_oilproduct,'21_eGas',z) = 0 ;
2794   Oilp_DIO(p_oilproduct,'22_eOil',z) = -1*sum((f_elec), WEB(f_elec, p_oilproduct, z)) ;
2795   Oilp_DIO(p_oilproduct,'23_eWind',z) = 0 ;
2796   Oilp_DIO(p_oilproduct,'24_eSolar',z) = 0 ;
2797   Oilp_DIO(p_oilproduct,'25_eHydro',z) = 0 ;
2798   Oilp_DIO(p_oilproduct,'26_eOther',z) = 0 ;
2799   Oilp_DIO(p_oilproduct,'27_CONSTRUC',z) = sum((f_construc), WEB(f_construc, p_oilproduct, z));
2800   Oilp_DIO(p_oilproduct,'28_LTRP',z) = sum((f_roadrail), WEB(f_roadrail, p_oilproduct, z));
2801   Oilp_DIO(p_oilproduct,'29_WTRP',z) = sum((f_domewater), WEB(f_domewater, p_oilproduct, z));
2802   Oilp_DIO(p_oilproduct,'30_ATRP',z) = sum((f_domeair), WEB(f_domeair, p_oilproduct, z));
2803   Oilp_DIO(p_oilproduct,'31_SER',z) = sum((f_ser), WEB(f_ser, p_oilproduct, z));
2804   Oilp_CO(p_oilproduct,z) = sum((f_household), WEB(f_household, p_oilproduct, z));
2805   
2806   Oilp_Marine(p_oilproduct,z)   = -1*sum((f_marine_bunker), WEB(f_marine_bunker, p_oilproduct, z));
2807   Oilp_Aviation(p_oilproduct,z) = -1*sum((f_aviation_bunker), WEB(f_aviation_bunker, p_oilproduct, z));
2808   
2809  *Ratio
2810  Loop(j,
2811      OilpR_DIO(p_oilproduct,j,z)$(Oilp_DIO(p_oilproduct,j,z) gt 0)
2812           = Oilp_DIO(p_oilproduct,j,z)/sum(p_oilproduct2, Oilp_DIO(p_oilproduct2,j,z));
2813       );
2814   
2815   OilpR_CO(p_oilproduct,z)$(Oilp_CO(p_oilproduct,z) gt 0)  = Oilp_CO(p_oilproduct,z)/ sum(p_oilproduct2, Oilp_CO(p_oilproduct2,z));
2816   
2817   
2818  display Oilp_DIO, Oilp_CO, OilpR_DIO, OilpR_CO ;
2819   
2820  *Electricity/Heat
2821   Elec_DIO(p_elecheat,'01_AGRICULT',z) = sum((f_agri), WEB(f_agri, p_elecheat, z));
2822   Elec_DIO(p_elecheat,'02_COAL',z) = -1*sum((f_coa), WEB(f_coa, p_elecheat, z));
2823   Elec_DIO(p_elecheat,'03_OIL',z) = 0;
2824   Elec_DIO(p_elecheat,'04_GAS',z) = -1*sum((f_gas), WEB(f_gas, p_elecheat, z));
2825   Elec_DIO(p_elecheat,'05_MINING',z) = sum((f_mining), WEB(f_mining, p_elecheat, z));
2826   Elec_DIO(p_elecheat,'06_FOODPRO',z) = sum((f_foodpro), WEB(f_foodpro, p_elecheat, z));
2827   Elec_DIO(p_elecheat,'07_TEXTILES',z) = sum((f_textiles), WEB(f_textiles, p_elecheat, z));
2828   Elec_DIO(p_elecheat,'08_WOODPRO',z) = sum((f_woodpro), WEB(f_woodpro, p_elecheat, z));
2829   Elec_DIO(p_elecheat,'09_PAPERPRO',z) = sum((f_paperpro), WEB(f_paperpro, p_elecheat, z));
2830   Elec_DIO(p_elecheat,'10_PETROLCOAL',z) = -1*sum((f_petrolcoal), WEB(f_petrolcoal, p_elecheat, z));
2831   Elec_DIO(p_elecheat,'11_CHEMICAL',z) = sum((f_chemical), WEB(f_chemical, p_elecheat, z));
2832   Elec_DIO(p_elecheat,'12_NONMET',z) = sum((f_nonmet), WEB(f_nonmet, p_elecheat, z));
2833   Elec_DIO(p_elecheat,'13_IRONSTL',z) = sum((f_ironstl), WEB(f_ironstl, p_elecheat, z));
2834   Elec_DIO(p_elecheat,'14_NONFERR',z) = sum((f_nonferr), WEB(f_nonferr, p_elecheat, z));
2835   Elec_DIO(p_elecheat,'15_MACHINE',z) = sum((f_machine), WEB(f_machine, p_elecheat, z));
2836   Elec_DIO(p_elecheat,'16_TRANSEQ',z) = sum((f_transeq), WEB(f_transeq, p_elecheat, z));
2837   Elec_DIO(p_elecheat,'17_OTHERIND',z) = sum((f_otherind), WEB(f_otherind, p_elecheat, z));
2838   Elec_DIO(p_elecheat,'18_TnD',z) = 0 ;
2839   Elec_DIO(p_elecheat,'19_eNuclear',z) = 0 ;
2840   Elec_DIO(p_elecheat,'20_eCoal',z) = 0;
2841   Elec_DIO(p_elecheat,'19_eNuclear',z) = 0 ;
2842   Elec_DIO(p_elecheat,'21_eGas',z) = 0 ;
2843   Elec_DIO(p_elecheat,'22_eOil',z) = 0 ;
2844   Elec_DIO(p_elecheat,'23_eWind',z) = 0 ;
2845   Elec_DIO(p_elecheat,'24_eSolar',z) = 0 ;
2846   Elec_DIO(p_elecheat,'25_eHydro',z) = 0 ;
2847   Elec_DIO(p_elecheat,'26_eOther',z) = 0 ;
2848   Elec_DIO(p_elecheat,'27_CONSTRUC',z) = sum((f_construc), WEB(f_construc, p_elecheat, z));
2849   Elec_DIO(p_elecheat,'28_LTRP',z) = sum((f_roadrail), WEB(f_roadrail, p_elecheat, z));
2850   Elec_DIO(p_elecheat,'29_WTRP',z) = sum((f_domewater), WEB(f_domewater, p_elecheat, z));
2851   Elec_DIO(p_elecheat,'30_ATRP',z) = sum((f_domeair), WEB(f_domeair, p_elecheat, z));
2852   Elec_DIO(p_elecheat,'31_SER',z) = sum((f_ser), WEB(f_ser, p_elecheat, z));
2853   Elec_CO(p_elecheat,z) = sum((f_household), WEB(f_household, p_elecheat, z));
2854   
2855  *Ratio
2856  Loop(j,
2857      ElecR_DIO(p_elecheat,j,z)$(Elec_DIO(p_elecheat,j,z) gt 0)
2858           = Elec_DIO(p_elecheat,j,z)/sum(p_elecheat2, Elec_DIO(p_elecheat2,j,z));
2859       );
2860   
2861   ElecR_CO(p_elecheat,z)$(Elec_CO(p_elecheat,z) gt 0)  = Elec_CO(p_elecheat,z)/ sum(p_elecheat2, Elec_CO(p_elecheat2,z));
2862   
2863  display Elec_DIO, Elec_CO, ElecR_DIO, ElecR_CO ;
2864   
2865  *Waste
2866   Waste_DIO(p_Waste,'01_AGRICULT',z)   = sum((f_agri), WEB(f_agri, p_waste, z));
2867   Waste_DIO(p_Waste,'02_COAL',z)       = sum((f_coa), WEB(f_coa, p_waste, z));
2868   Waste_DIO(p_Waste,'03_OIL',z)        = sum((f_oil), WEB(f_oil, p_waste, z));
2869   Waste_DIO(p_Waste,'04_GAS',z)        = sum((f_gas), WEB(f_gas, p_waste, z));
2870   Waste_DIO(p_Waste,'05_MINING',z)     = sum((f_mining), WEB(f_mining, p_waste, z));
2871   Waste_DIO(p_Waste,'06_FOODPRO',z)    = sum((f_foodpro), WEB(f_foodpro, p_waste, z));
2872   Waste_DIO(p_Waste,'07_TEXTILES',z)   = sum((f_textiles), WEB(f_textiles, p_waste, z));
2873   Waste_DIO(p_Waste,'08_WOODPRO',z)    = sum((f_woodpro), WEB(f_woodpro, p_waste, z));
2874   Waste_DIO(p_Waste,'09_PAPERPRO',z)   = sum((f_paperpro), WEB(f_paperpro, p_waste, z));
2875   Waste_DIO(p_Waste,'10_PETROLCOAL',z) = sum((f_petrolcoal), WEB(f_petrolcoal, p_waste, z));
2876   Waste_DIO(p_Waste,'11_CHEMICAL',z)   = sum((f_chemical), WEB(f_chemical, p_waste, z));
2877   Waste_DIO(p_Waste,'12_NONMET',z)     = sum((f_nonmet), WEB(f_nonmet, p_waste, z));
2878   Waste_DIO(p_Waste,'13_IRONSTL',z)    = sum((f_ironstl), WEB(f_ironstl, p_waste, z));
2879   Waste_DIO(p_Waste,'14_NONFERR',z)    = sum((f_nonferr), WEB(f_nonferr, p_waste, z));
2880   Waste_DIO(p_Waste,'15_MACHINE',z)    = sum((f_machine), WEB(f_machine, p_waste, z));
2881   Waste_DIO(p_Waste,'16_TRANSEQ',z)    = sum((f_transeq), WEB(f_transeq, p_waste, z));
2882   Waste_DIO(p_Waste,'17_OTHERIND',z)   = sum((f_otherind), WEB(f_otherind, p_waste, z));
2883   Waste_DIO(p_Waste,'18_TnD',z)        = 0 ;
2884   Waste_DIO(p_Waste,'19_eNuclear',z)   = 0 ;
2885   Waste_DIO(p_Waste,'20_eCoal',z)      = 0 ;
2886   Waste_DIO(p_Waste,'19_eNuclear',z)   = 0 ;
2887   Waste_DIO(p_Waste,'21_eGas',z)       = 0 ;
2888   Waste_DIO(p_Waste,'22_eOil',z)       = 0 ;
2889   Waste_DIO(p_Waste,'23_eWind',z)      = 0 ;
2890   Waste_DIO(p_Waste,'24_eSolar',z)     = 0 ;
2891   Waste_DIO(p_Waste,'25_eHydro',z)     = 0 ;
2892   Waste_DIO(p_Waste,'26_eOther',z)     = -1*sum((f_elec), WEB(f_elec, p_waste, z)) ;
2893   Waste_DIO(p_Waste,'27_CONSTRUC',z)   = sum((f_construc), WEB(f_construc, p_waste, z));
2894   Waste_DIO(p_Waste,'28_LTRP',z)       = sum((f_roadrail), WEB(f_roadrail, p_waste, z));
2895   Waste_DIO(p_Waste,'29_WTRP',z)       = sum((f_domewater), WEB(f_domewater, p_waste, z));
2896   Waste_DIO(p_Waste,'30_ATRP',z)       = sum((f_domeair), WEB(f_domeair, p_waste, z));
2897   Waste_DIO(p_Waste,'31_SER',z)        = sum((f_ser), WEB(f_ser, p_waste, z));
2898   Waste_CO(p_Waste,z)                  = sum((f_household), WEB(f_household, p_waste, z));
2899   
2900  *Ratio
2901  Loop(j,
2902      WasteR_DIO(p_waste,j,z)$(Waste_DIO(p_waste,j,z) gt 0)
2903           = Waste_DIO(p_waste,j,z)/sum(p_waste2, Waste_DIO(p_waste2,j,z));
2904       );
2905   
2906   WasteR_CO(p_waste,z)$(Waste_CO(p_waste,z) gt 0) = Waste_CO(p_waste,z)/ sum(p_waste2, Waste_CO(p_waste2,z));
2907   
2908  display Waste_DIO, WasteR_DIO, WasteR_CO ;
2909   
2910  *Bio
2911   Bio_DIO(p_Bio,'01_AGRICULT',z)   = sum((f_agri), WEB(f_agri, p_Bio, z));
2912   Bio_DIO(p_Bio,'02_COAL',z)       = sum((f_coa), WEB(f_coa, p_Bio, z));
2913   Bio_DIO(p_Bio,'03_OIL',z)        = sum((f_oil), WEB(f_oil, p_Bio, z));
2914   Bio_DIO(p_Bio,'04_GAS',z)        = sum((f_gas), WEB(f_gas, p_Bio, z));
2915   Bio_DIO(p_Bio,'05_MINING',z)     = sum((f_mining), WEB(f_mining, p_Bio, z));
2916   Bio_DIO(p_Bio,'06_FOODPRO',z)    = sum((f_foodpro), WEB(f_foodpro, p_Bio, z));
2917   Bio_DIO(p_Bio,'07_TEXTILES',z)   = sum((f_textiles), WEB(f_textiles, p_Bio, z));
2918   Bio_DIO(p_Bio,'08_WOODPRO',z)    = sum((f_woodpro), WEB(f_woodpro, p_Bio, z));
2919   Bio_DIO(p_Bio,'09_PAPERPRO',z)   = sum((f_paperpro), WEB(f_paperpro, p_Bio, z));
2920   Bio_DIO(p_Bio,'10_PETROLCOAL',z) = sum((f_petrolcoal), WEB(f_petrolcoal, p_Bio, z));
2921   Bio_DIO(p_Bio,'11_CHEMICAL',z)   = sum((f_chemical), WEB(f_chemical, p_Bio, z));
2922   Bio_DIO(p_Bio,'12_NONMET',z)     = sum((f_nonmet), WEB(f_nonmet, p_Bio, z));
2923   Bio_DIO(p_Bio,'13_IRONSTL',z)    = sum((f_ironstl), WEB(f_ironstl, p_Bio, z));
2924   Bio_DIO(p_Bio,'14_NONFERR',z)    = sum((f_nonferr), WEB(f_nonferr, p_Bio, z));
2925   Bio_DIO(p_Bio,'15_MACHINE',z)    = sum((f_machine), WEB(f_machine, p_Bio, z));
2926   Bio_DIO(p_Bio,'16_TRANSEQ',z)    = sum((f_transeq), WEB(f_transeq, p_Bio, z));
2927   Bio_DIO(p_Bio,'17_OTHERIND',z)   = sum((f_otherind), WEB(f_otherind, p_Bio, z));
2928   Bio_DIO(p_Bio,'18_TnD',z)        = 0 ;
2929   Bio_DIO(p_Bio,'19_eNuclear',z)   = 0 ;
2930   Bio_DIO(p_Bio,'20_eCoal',z)      = 0 ;
2931   Bio_DIO(p_Bio,'19_eNuclear',z)   = 0 ;
2932   Bio_DIO(p_Bio,'21_eGas',z)       = 0 ;
2933   Bio_DIO(p_Bio,'22_eOil',z)       = 0 ;
2934   Bio_DIO(p_Bio,'23_eWind',z)      = 0 ;
2935   Bio_DIO(p_Bio,'24_eSolar',z)     = 0 ;
2936   Bio_DIO(p_Bio,'25_eHydro',z)     = 0 ;
2937   Bio_DIO(p_Bio,'26_eOther',z)     = -1*sum((f_elec), WEB(f_elec, p_Bio, z)) ;
2938   Bio_DIO(p_Bio,'27_CONSTRUC',z)   = sum((f_construc), WEB(f_construc, p_Bio, z));
2939   Bio_DIO(p_Bio,'28_LTRP',z)       = sum((f_roadrail), WEB(f_roadrail, p_Bio, z));
2940   Bio_DIO(p_Bio,'29_WTRP',z)       = sum((f_domewater), WEB(f_domewater, p_Bio, z));
2941   Bio_DIO(p_Bio,'30_ATRP',z)       = sum((f_domeair), WEB(f_domeair, p_Bio, z));
2942   Bio_DIO(p_Bio,'31_SER',z)        = sum((f_ser), WEB(f_ser, p_Bio, z));
2943   Bio_CO(p_Bio,z)                  = sum((f_household), WEB(f_household, p_Bio, z));
2944   
2945   Bio_Marine(p_Bio,z)              = -1*sum((f_marine_bunker), WEB(f_marine_bunker, p_Bio, z));
2946   Bio_Aviation(p_Bio,z)            = -1*sum((f_aviation_bunker), WEB(f_aviation_bunker, p_Bio, z));
2947   
2948  *Ratio
2949  Loop(j,
2950      BioR_DIO(p_Bio,j,z)$(Bio_DIO(p_Bio,j,z) gt 0)
2951           = Bio_DIO(p_Bio,j,z)/sum(p_Bio2, Bio_DIO(p_Bio2,j,z));
2952       );
2953   
2954   BioR_CO(p_Bio,z)$(Bio_CO(p_Bio,z) gt 0) = Bio_CO(p_Bio,z)/ sum(p_Bio2, Bio_CO(p_Bio2,z));
2955   
2956  display Bio_DIO, BioR_DIO, BioR_CO ;
2957   
2958  *Charcoal
2959   Charcoal_DIO(p_Charcoal,'01_AGRICULT',z)   = sum((f_agri), WEB(f_agri, p_Charcoal, z));
2960   Charcoal_DIO(p_Charcoal,'02_COAL',z)       = sum((f_coa), WEB(f_coa, p_Charcoal, z));
2961   Charcoal_DIO(p_Charcoal,'03_OIL',z)        = sum((f_oil), WEB(f_oil, p_Charcoal, z));
2962   Charcoal_DIO(p_Charcoal,'04_GAS',z)        = sum((f_gas), WEB(f_gas, p_Charcoal, z));
2963   Charcoal_DIO(p_Charcoal,'05_MINING',z)     = sum((f_mining), WEB(f_mining, p_Charcoal, z));
2964   Charcoal_DIO(p_Charcoal,'06_FOODPRO',z)    = sum((f_foodpro), WEB(f_foodpro, p_Charcoal, z));
2965   Charcoal_DIO(p_Charcoal,'07_TEXTILES',z)   = sum((f_textiles), WEB(f_textiles, p_Charcoal, z));
2966   Charcoal_DIO(p_Charcoal,'08_WOODPRO',z)    = sum((f_woodpro), WEB(f_woodpro, p_Charcoal, z));
2967   Charcoal_DIO(p_Charcoal,'09_PAPERPRO',z)   = sum((f_paperpro), WEB(f_paperpro, p_Charcoal, z));
2968   Charcoal_DIO(p_Charcoal,'10_PETROLCOAL',z) = sum((f_petrolcoal), WEB(f_petrolcoal, p_Charcoal, z));
2969   Charcoal_DIO(p_Charcoal,'11_CHEMICAL',z)   = sum((f_chemical), WEB(f_chemical, p_Charcoal, z));
2970   Charcoal_DIO(p_Charcoal,'12_NONMET',z)     = sum((f_nonmet), WEB(f_nonmet, p_Charcoal, z));
2971   Charcoal_DIO(p_Charcoal,'13_IRONSTL',z)    = sum((f_ironstl), WEB(f_ironstl, p_Charcoal, z));
2972   Charcoal_DIO(p_Charcoal,'14_NONFERR',z)    = sum((f_nonferr), WEB(f_nonferr, p_Charcoal, z));
2973   Charcoal_DIO(p_Charcoal,'15_MACHINE',z)    = sum((f_machine), WEB(f_machine, p_Charcoal, z));
2974   Charcoal_DIO(p_Charcoal,'16_TRANSEQ',z)    = sum((f_transeq), WEB(f_transeq, p_Charcoal, z));
2975   Charcoal_DIO(p_Charcoal,'17_OTHERIND',z)   = sum((f_otherind), WEB(f_otherind, p_Charcoal, z));
2976   Charcoal_DIO(p_Charcoal,'18_TnD',z)        = 0 ;
2977   Charcoal_DIO(p_Charcoal,'19_eNuclear',z)   = 0 ;
2978   Charcoal_DIO(p_Charcoal,'20_eCoal',z)      = 0 ;
2979   Charcoal_DIO(p_Charcoal,'19_eNuclear',z)   = 0 ;
2980   Charcoal_DIO(p_Charcoal,'21_eGas',z)       = 0 ;
2981   Charcoal_DIO(p_Charcoal,'22_eOil',z)       = 0 ;
2982   Charcoal_DIO(p_Charcoal,'23_eWind',z)      = 0 ;
2983   Charcoal_DIO(p_Charcoal,'24_eSolar',z)     = 0 ;
2984   Charcoal_DIO(p_Charcoal,'25_eHydro',z)     = 0 ;
2985   Charcoal_DIO(p_Charcoal,'26_eOther',z)     = -1*sum((f_elec), WEB(f_elec, p_Charcoal, z)) ;
2986   Charcoal_DIO(p_Charcoal,'27_CONSTRUC',z)   = sum((f_construc), WEB(f_construc, p_Charcoal, z));
2987   Charcoal_DIO(p_Charcoal,'28_LTRP',z)       = sum((f_roadrail), WEB(f_roadrail, p_Charcoal, z));
2988   Charcoal_DIO(p_Charcoal,'29_WTRP',z)       = sum((f_domewater), WEB(f_domewater, p_Charcoal, z));
2989   Charcoal_DIO(p_Charcoal,'30_ATRP',z)       = sum((f_domeair), WEB(f_domeair, p_Charcoal, z));
2990   Charcoal_DIO(p_Charcoal,'31_SER',z)        = sum((f_ser), WEB(f_ser, p_Charcoal, z));
2991   Charcoal_CO(p_Charcoal,z)                  = sum((f_household), WEB(f_household, p_Charcoal, z));
2992   
2993  *Ratio
2994  Loop(j,
2995      CharcoalR_DIO(p_Charcoal,j,z)$(Charcoal_DIO(p_Charcoal,j,z) gt 0)
2996           = Charcoal_DIO(p_Charcoal,j,z)/sum(p_Charcoal2, Charcoal_DIO(p_Charcoal2,j,z));
2997       );
2998   
2999   CharcoalR_CO(p_Charcoal,z)$(Charcoal_CO(p_Charcoal,z) gt 0) = Charcoal_CO(p_Charcoal,z)/ sum(p_Charcoal2, Charcoal_CO(p_Charcoal2,z));
3000   
3001  display Charcoal_DIO, CharcoalR_DIO, CharcoalR_CO ;
3002   
3003  *Geothermal
3004   Geo_DIO(p_Geo,'01_AGRICULT',z)   = sum((f_agri), WEB(f_agri, p_Geo, z));
3005   Geo_DIO(p_Geo,'02_COAL',z)       = sum((f_coa), WEB(f_coa, p_Geo, z));
3006   Geo_DIO(p_Geo,'03_OIL',z)        = sum((f_oil), WEB(f_oil, p_Geo, z));
3007   Geo_DIO(p_Geo,'04_GAS',z)        = sum((f_gas), WEB(f_gas, p_Geo, z));
3008   Geo_DIO(p_Geo,'05_MINING',z)     = sum((f_mining), WEB(f_mining, p_Geo, z));
3009   Geo_DIO(p_Geo,'06_FOODPRO',z)    = sum((f_foodpro), WEB(f_foodpro, p_Geo, z));
3010   Geo_DIO(p_Geo,'07_TEXTILES',z)   = sum((f_textiles), WEB(f_textiles, p_Geo, z));
3011   Geo_DIO(p_Geo,'08_WOODPRO',z)    = sum((f_woodpro), WEB(f_woodpro, p_Geo, z));
3012   Geo_DIO(p_Geo,'09_PAPERPRO',z)   = sum((f_paperpro), WEB(f_paperpro, p_Geo, z));
3013   Geo_DIO(p_Geo,'10_PETROLCOAL',z) = sum((f_petrolcoal), WEB(f_petrolcoal, p_Geo, z));
3014   Geo_DIO(p_Geo,'11_CHEMICAL',z)   = sum((f_chemical), WEB(f_chemical, p_Geo, z));
3015   Geo_DIO(p_Geo,'12_NONMET',z)     = sum((f_nonmet), WEB(f_nonmet, p_Geo, z));
3016   Geo_DIO(p_Geo,'13_IRONSTL',z)    = sum((f_ironstl), WEB(f_ironstl, p_Geo, z));
3017   Geo_DIO(p_Geo,'14_NONFERR',z)    = sum((f_nonferr), WEB(f_nonferr, p_Geo, z));
3018   Geo_DIO(p_Geo,'15_MACHINE',z)    = sum((f_machine), WEB(f_machine, p_Geo, z));
3019   Geo_DIO(p_Geo,'16_TRANSEQ',z)    = sum((f_transeq), WEB(f_transeq, p_Geo, z));
3020   Geo_DIO(p_Geo,'17_OTHERIND',z)   = sum((f_otherind), WEB(f_otherind, p_Geo, z));
3021   Geo_DIO(p_Geo,'18_TnD',z)        = 0 ;
3022   Geo_DIO(p_Geo,'19_eNuclear',z)   = 0 ;
3023   Geo_DIO(p_Geo,'20_eCoal',z)      = 0 ;
3024   Geo_DIO(p_Geo,'19_eNuclear',z)   = 0 ;
3025   Geo_DIO(p_Geo,'21_eGas',z)       = 0 ;
3026   Geo_DIO(p_Geo,'22_eOil',z)       = 0 ;
3027   Geo_DIO(p_Geo,'23_eWind',z)      = 0 ;
3028   Geo_DIO(p_Geo,'24_eSolar',z)     = 0 ;
3029   Geo_DIO(p_Geo,'25_eHydro',z)     = 0 ;
3030   Geo_DIO(p_Geo,'26_eOther',z)     = -1*sum((f_elec), WEB(f_elec, p_Geo, z)) ;
3031   Geo_DIO(p_Geo,'27_CONSTRUC',z)   = sum((f_construc), WEB(f_construc, p_Geo, z));
3032   Geo_DIO(p_Geo,'28_LTRP',z)       = sum((f_roadrail), WEB(f_roadrail, p_Geo, z));
3033   Geo_DIO(p_Geo,'29_WTRP',z)       = sum((f_domewater), WEB(f_domewater, p_Geo, z));
3034   Geo_DIO(p_Geo,'30_ATRP',z)       = sum((f_domeair), WEB(f_domeair, p_Geo, z));
3035   Geo_DIO(p_Geo,'31_SER',z)        = sum((f_ser), WEB(f_ser, p_Geo, z));
3036   Geo_CO(p_Geo,z)                  = sum((f_household), WEB(f_household, p_Geo, z));
3037   
3038  *Ratio
3039  Loop(j,
3040      GeoR_DIO(p_Geo,j,z)$(Geo_DIO(p_Geo,j,z) gt 0)
3041           = Geo_DIO(p_Geo,j,z)/sum(p_Geo2, Geo_DIO(p_Geo2,j,z));
3042       );
3043   
3044   GeoR_CO(p_Geo,z)$(Geo_CO(p_Geo,z) gt 0) = Geo_CO(p_Geo,z)/ sum(p_Geo2, Geo_CO(p_Geo2,z));
3045   
3046  display Geo_DIO, GeoR_DIO, GeoR_CO ;
3047   
3048  *Solar
3049   Solar_DIO(p_Solar,'01_AGRICULT',z)   = sum((f_agri), WEB(f_agri, p_Solar, z));
3050   Solar_DIO(p_Solar,'02_COAL',z)       = sum((f_coa), WEB(f_coa, p_Solar, z));
3051   Solar_DIO(p_Solar,'03_OIL',z)        = sum((f_oil), WEB(f_oil, p_Solar, z));
3052   Solar_DIO(p_Solar,'04_GAS',z)        = sum((f_gas), WEB(f_gas, p_Solar, z));
3053   Solar_DIO(p_Solar,'05_MINING',z)     = sum((f_mining), WEB(f_mining, p_Solar, z));
3054   Solar_DIO(p_Solar,'06_FOODPRO',z)    = sum((f_foodpro), WEB(f_foodpro, p_Solar, z));
3055   Solar_DIO(p_Solar,'07_TEXTILES',z)   = sum((f_textiles), WEB(f_textiles, p_Solar, z));
3056   Solar_DIO(p_Solar,'08_WOODPRO',z)    = sum((f_woodpro), WEB(f_woodpro, p_Solar, z));
3057   Solar_DIO(p_Solar,'09_PAPERPRO',z)   = sum((f_paperpro), WEB(f_paperpro, p_Solar, z));
3058   Solar_DIO(p_Solar,'10_PETROLCOAL',z) = sum((f_petrolcoal), WEB(f_petrolcoal, p_Solar, z));
3059   Solar_DIO(p_Solar,'11_CHEMICAL',z)   = sum((f_chemical), WEB(f_chemical, p_Solar, z));
3060   Solar_DIO(p_Solar,'12_NONMET',z)     = sum((f_nonmet), WEB(f_nonmet, p_Solar, z));
3061   Solar_DIO(p_Solar,'13_IRONSTL',z)    = sum((f_ironstl), WEB(f_ironstl, p_Solar, z));
3062   Solar_DIO(p_Solar,'14_NONFERR',z)    = sum((f_nonferr), WEB(f_nonferr, p_Solar, z));
3063   Solar_DIO(p_Solar,'15_MACHINE',z)    = sum((f_machine), WEB(f_machine, p_Solar, z));
3064   Solar_DIO(p_Solar,'16_TRANSEQ',z)    = sum((f_transeq), WEB(f_transeq, p_Solar, z));
3065   Solar_DIO(p_Solar,'17_OTHERIND',z)   = sum((f_otherind), WEB(f_otherind, p_Solar, z));
3066   Solar_DIO(p_Solar,'27_CONSTRUC',z)   = sum((f_construc), WEB(f_construc, p_Solar, z));
3067   Solar_DIO(p_Solar,'28_LTRP',z)       = sum((f_roadrail), WEB(f_roadrail, p_Solar, z));
3068   Solar_DIO(p_Solar,'29_WTRP',z)       = sum((f_domewater), WEB(f_domewater, p_Solar, z));
3069   Solar_DIO(p_Solar,'30_ATRP',z)       = sum((f_domeair), WEB(f_domeair, p_Solar, z));
3070   Solar_DIO(p_Solar,'31_SER',z)        = sum((f_ser), WEB(f_ser, p_Solar, z));
3071   Solar_CO(p_Solar,z)                  = sum((f_household), WEB(f_household, p_Solar, z));
3072   
3073  *Ratio
3074  Loop(j,
3075      SolarR_DIO(p_Solar,j,z)$(Solar_DIO(p_Solar,j,z) gt 0)
3076           = Solar_DIO(p_Solar,j,z)/sum(p_Solar2, Solar_DIO(p_Solar2,j,z));
3077       );
3078   
3079   SolarR_CO(p_Solar,z)$(Solar_CO(p_Solar,z) gt 0) = Solar_CO(p_Solar,z)/ sum(p_Solar2, Solar_CO(p_Solar2,z));
3080   
3081  display Solar_DIO, SolarR_DIO, SolarR_CO ;
3082   
3083  *Coal non-energy
3084   NCoal_DIO(p_coal,'05_MINING',z) = sum(f_nemining, WEB(f_nemining, p_coal, z));
3085   NCoal_DIO(p_coal,'06_FOODPRO',z) = sum(f_nefoodpro, WEB(f_nefoodpro, p_coal, z));
3086   NCoal_DIO(p_coal,'07_TEXTILES',z) = sum(f_netextiles, WEB(f_netextiles, p_coal, z));
3087   NCoal_DIO(p_coal,'08_WOODPRO',z) = sum(f_newoodpro, WEB(f_newoodpro, p_coal, z));
3088   NCoal_DIO(p_coal,'09_PAPERPRO',z) = sum(f_nepaperpro, WEB(f_nepaperpro, p_coal, z));
3089   NCoal_DIO(p_coal,'11_CHEMICAL',z) = sum(f_nechemical, WEB(f_nechemical, p_coal, z));
3090   NCoal_DIO(p_coal,'12_NONMET',z) = sum(f_nenonmet, WEB(f_nenonmet, p_coal, z));
3091   NCoal_DIO(p_coal,'13_IRONSTL',z) = sum(f_neironstl, WEB(f_neironstl, p_coal, z));
3092   NCoal_DIO(p_coal,'14_NONFERR',z) = sum(f_nenonferr, WEB(f_nenonferr, p_coal, z));
3093   NCoal_DIO(p_coal,'15_MACHINE',z) = sum(f_nemachine, WEB(f_nemachine, p_coal, z));
3094   NCoal_DIO(p_coal,'16_TRANSEQ',z) = sum(f_netranseq, WEB(f_netranseq, p_coal, z));
3095   NCoal_DIO(p_coal,'17_OTHERIND',z) = sum(f_neotherind, WEB(f_neotherind, p_coal, z));
3096   NCoal_DIO(p_coal,'27_CONSTRUC',z) = sum(f_neconstruc, WEB(f_neconstruc, p_coal, z));
3097   NCoal_DIO(p_coal,'28_LTRP',z) = sum(f_netransport, WEB(f_netransport, p_coal, z));
3098  * NEC_DIO(p_coal,'29_WTRP',z) = sum((f_domewater), domewater_fne_coal(f_domewater, p_coal, z));
3099  * NEC_DIO(p_coal,'30_ATRP',z) = sum((f_domeair), domeair_fne_coal(f_domeair, p_coal, z));
3100   NCoal_DIO(p_coal,'31_SER',z) = sum(f_neother, WEB(f_neother, p_coal, z));
3101  * NEC_CO(p_coal,z) = sum((f_household), household_fne_coal(f_household, p_coal, z));
3102   
3103  *Ratio
3104  Loop(j,
3105      NCoalR_DIO(p_coal,j,z)$(NCoal_DIO(p_coal,j,z) gt 0)
3106           = NCoal_DIO(p_coal,j,z)/sum(p_coal2, NCoal_DIO(p_coal2,j,z));
3107       );
3108   
3109  display NCoal_DIO, NCoalR_DIO ;
3110   
3111  *Gas non-energy
3112   NGas_DIO(p_gas,'05_MINING',z) = sum(f_nemining, WEB(f_nemining, p_gas, z));
3113   NGas_DIO(p_gas,'06_FOODPRO',z) = sum(f_nefoodpro, WEB(f_nefoodpro, p_gas, z));
3114   NGas_DIO(p_gas,'07_TEXTILES',z) = sum(f_netextiles, WEB(f_netextiles, p_gas, z));
3115   NGas_DIO(p_gas,'08_WOODPRO',z) = sum(f_newoodpro, WEB(f_newoodpro, p_gas, z));
3116   NGas_DIO(p_gas,'09_PAPERPRO',z) = sum(f_nepaperpro, WEB(f_nepaperpro, p_gas, z));
3117   NGas_DIO(p_gas,'11_CHEMICAL',z) = sum(f_nechemical, WEB(f_nechemical, p_gas, z));
3118   NGas_DIO(p_gas,'12_NONMET',z) = sum(f_nenonmet, WEB(f_nenonmet, p_gas, z));
3119   NGas_DIO(p_gas,'13_IRONSTL',z) = sum(f_neironstl, WEB(f_neironstl, p_gas, z));
3120   NGas_DIO(p_gas,'14_NONFERR',z) = sum(f_nenonferr, WEB(f_nenonferr, p_gas, z));
3121   NGas_DIO(p_gas,'15_MACHINE',z) = sum(f_nemachine, WEB(f_nemachine, p_gas, z));
3122   NGas_DIO(p_gas,'16_TRANSEQ',z) = sum(f_netranseq, WEB(f_netranseq, p_gas, z));
3123   NGas_DIO(p_gas,'17_OTHERIND',z) = sum(f_neotherind, WEB(f_neotherind, p_gas, z));
3124   NGas_DIO(p_gas,'27_CONSTRUC',z) = sum(f_neconstruc, WEB(f_neconstruc, p_gas, z));
3125   NGas_DIO(p_gas,'28_LTRP',z) = sum(f_netransport, WEB(f_netransport, p_gas, z));
3126  * NEG_DIO(p_gas,'29_WTRP',z) = sum((f_domewater), domewater_fne_gas(f_domewater, p_gas, z));
3127  * NEG_DIO(p_gas,'30_ATRP',z) = sum((f_domeair), domeair_fne_gas(f_domeair, p_gas, z));
3128   NGas_DIO(p_gas,'31_SER',z) = sum(f_neother, WEB(f_neother, p_gas, z));
3129  * NEG_CO(p_gas,z) = sum((f_household), household_fne_gas(f_household, p_gas, z));
3130   
3131  *Ratio
3132  Loop(j,
3133      NGasR_DIO(p_gas,j,z)$(NGas_DIO(p_gas,j,z) gt 0)
3134           = NGas_DIO(p_gas,j,z)/sum(p_gas2, NGas_DIO(p_gas2,j,z));
3135       );
3136   
3137  display NGas_DIO, NGasR_DIO ;
3138   
3139  *Oil non-energy
3140   NOil_DIO(p_oil,'05_MINING',z) = sum(f_nemining, WEB(f_nemining, p_oil, z));
3141   NOil_DIO(p_oil,'06_FOODPRO',z) = sum(f_nefoodpro, WEB(f_nefoodpro, p_oil, z));
3142   NOil_DIO(p_oil,'07_TEXTILES',z) = sum(f_netextiles, WEB(f_netextiles, p_oil, z));
3143   NOil_DIO(p_oil,'08_WOODPRO',z) = sum(f_newoodpro, WEB(f_newoodpro, p_oil, z));
3144   NOil_DIO(p_oil,'09_PAPERPRO',z) = sum(f_nepaperpro, WEB(f_nepaperpro, p_oil, z));
3145   NOil_DIO(p_oil,'11_CHEMICAL',z) = sum(f_nechemical, WEB(f_nechemical, p_oil, z));
3146   NOil_DIO(p_oil,'12_NONMET',z) = sum(f_nenonmet, WEB(f_nenonmet, p_oil, z));
3147   NOil_DIO(p_oil,'13_IRONSTL',z) = sum(f_neironstl, WEB(f_neironstl, p_oil, z));
3148   NOil_DIO(p_oil,'14_NONFERR',z) = sum(f_nenonferr, WEB(f_nenonferr, p_oil, z));
3149   NOil_DIO(p_oil,'15_MACHINE',z) = sum(f_nemachine, WEB(f_nemachine, p_oil, z));
3150   NOil_DIO(p_oil,'16_TRANSEQ',z) = sum(f_netranseq, WEB(f_netranseq, p_oil, z));
3151   NOil_DIO(p_oil,'17_OTHERIND',z) = sum(f_neotherind, WEB(f_neotherind, p_oil, z));
3152   NOil_DIO(p_oil,'27_CONSTRUC',z) = sum(f_neconstruc, WEB(f_neconstruc, p_oil, z));
3153   NOil_DIO(p_oil,'28_LTRP',z) = sum(f_netransport, WEB(f_netransport, p_oil, z));
3154  * NEP_DIO(p_oil,'29_WTRP',z) = sum((f_domewater), domewater_fne_oilproduct(f_domewater, p_oilproduct, z));
3155  * NEP_DIO(p_oil,'30_ATRP',z) = sum((f_domeair), domeair_fne_oilproduct(f_domeair, p_oilproduct, z));
3156   NOil_DIO(p_oil,'31_SER',z) = sum(f_neother, WEB(f_neother, p_oil, z) );
3157  * NEP_CO(p_oillz) = sum((f_household), household_fne_oilproduct(f_household, p_oilproduct, z));
3158   
3159  *Ratio
3160  Loop(j,
3161      NOilR_DIO(p_oil,j,z)$(NOil_DIO(p_oil,j,z) gt 0)
3162           = NOil_DIO(p_oil,j,z)/sum(p_oil2, NOil_DIO(p_oil2,j,z));
3163       );
3164   
3165  display NOil_DIO, NOilR_DIO ;
3166   
3167  *Oilproducts non-energy
3168   NOilp_DIO(p_oilproduct,'05_MINING',z) = sum(f_nemining, WEB(f_nemining, p_oilproduct, z));
3169   NOilp_DIO(p_oilproduct,'06_FOODPRO',z) = sum(f_nefoodpro, WEB(f_nefoodpro, p_oilproduct, z));
3170   NOilp_DIO(p_oilproduct,'07_TEXTILES',z) = sum(f_netextiles, WEB(f_netextiles, p_oilproduct, z));
3171   NOilp_DIO(p_oilproduct,'08_WOODPRO',z) = sum(f_newoodpro, WEB(f_newoodpro, p_oilproduct, z));
3172   NOilp_DIO(p_oilproduct,'09_PAPERPRO',z) = sum(f_nepaperpro, WEB(f_nepaperpro, p_oilproduct, z));
3173   NOilp_DIO(p_oilproduct,'11_CHEMICAL',z) = sum(f_nechemical, WEB(f_nechemical, p_oilproduct, z));
3174   NOilp_DIO(p_oilproduct,'12_NONMET',z) = sum(f_nenonmet, WEB(f_nenonmet, p_oilproduct, z));
3175   NOilp_DIO(p_oilproduct,'13_IRONSTL',z) = sum(f_neironstl, WEB(f_neironstl, p_oilproduct, z));
3176   NOilp_DIO(p_oilproduct,'14_NONFERR',z) = sum(f_nenonferr, WEB(f_nenonferr, p_oilproduct, z));
3177   NOilp_DIO(p_oilproduct,'15_MACHINE',z) = sum(f_nemachine, WEB(f_nemachine, p_oilproduct, z));
3178   NOilp_DIO(p_oilproduct,'16_TRANSEQ',z) = sum(f_netranseq, WEB(f_netranseq, p_oilproduct, z));
3179   NOilp_DIO(p_oilproduct,'17_OTHERIND',z) = sum(f_neotherind, WEB(f_neotherind, p_oilproduct, z));
3180   NOilp_DIO(p_oilproduct,'27_CONSTRUC',z) = sum(f_neconstruc, WEB(f_neconstruc, p_oilproduct, z));
3181   NOilp_DIO(p_oilproduct,'28_LTRP',z) = sum(f_netransport, WEB(f_netransport, p_oilproduct, z));
3182  * NEP_DIO(p_oilproduct,'29_WTRP',z) = sum((f_domewater), domewater_fne_oilproduct(f_domewater, p_oilproductproduct, z));
3183  * NEP_DIO(p_oilproduct,'30_ATRP',z) = sum((f_domeair), domeair_fne_oilproduct(f_domeair, p_oilproductproduct, z));
3184   NOilp_DIO(p_oilproduct,'31_SER',z) = sum(f_neother, WEB(f_neother, p_oilproduct, z) );
3185  * NEP_CO(p_oilproductlz) = sum((f_household), household_fne_oilproduct(f_household, p_oilproductproduct, z));
3186   
3187  *Ratio
3188  Loop(j,
3189      NOilpR_DIO(p_oilproduct,j,z)$(NOilp_DIO(p_oilproduct,j,z) gt 0)
3190           = NOilp_DIO(p_oilproduct,j,z)/sum(p_oilproduct2, NOilp_DIO(p_oilproduct2,j,z));
3191       );
3192   
3193  display NOilp_DIO, NOilpR_DIO ;
3194   
3195   
3196   Coal_Total(p_coal,z) = sum(j,Coal_DIO(p_coal,j,z)) + Coal_CO(p_coal,z) ;
3197   Gas_Total(p_gas,z) = sum(j, Gas_DIO(p_gas,j,z)) + Gas_CO(p_gas,z) ;
3198   Oilp_Total(p_oilproduct,z) = sum(j, Oilp_DIO(p_oilproduct,j,z)) + Oilp_CO(p_oilproduct,z) ;
3199   ELec_Total(p_elecheat,z) = sum(j, ELec_DIO(p_elecheat,j,z)) + ELec_CO(p_elecheat,z) ;
3200   NCoal_Total(p_coal,z) = sum(j, NCoal_DIO(p_coal,j,z)) ;
3201   NGas_Total(p_gas,z) = sum(j, NGas_DIO(p_gas,j,z)) ;
3202   NOilp_Total(p_oilproduct,z) = sum(j, NOilp_DIO(p_oilproduct,j,z)) ;
3203   
3204  *Total Energy Supply
3205   TES_Coal(p_coal_TES,z)    =  sum(f_TES, WEB(f_TES, p_coal_TES, z));
3206   TES_Gas(p_gas,z)          =  sum(f_TES, WEB(f_TES, p_gas, z));
3207   TES_Oil(p_oil,z)          =  sum(f_TES, WEB(f_TES, p_oil, z));
3208   
3209   
3210  *=============================Eelectricity============================================================
3211   ElecNucGWh('19_eNuclear',z)  = sum((f_elecoutput, p_nuclear), WEB(f_elecoutput, p_nuclear,z));
3212   ElecCoalGWh('20_eCoal',z)    = sum((f_elecoutput, p_coal), WEB(f_elecoutput, p_coal,z));
3213   ElecGasGWh('21_eGas',z)      = sum((f_elecoutput, p_gas), WEB(f_elecoutput, p_gas,z));
3214   ElecOilGWh('22_eOil',z)      = sum((f_elecoutput, p_oilproduct), WEB(f_elecoutput, p_oilproduct,z));
3215   ElecWindGWh('23_eWind',z)    = sum((f_elecoutput, p_wind), WEB(f_elecoutput, p_wind,z));
3216   ElecSolarGWh('24_eSolar',z)  = sum((f_elecoutput, p_solar), WEB(f_elecoutput, p_solar,z));
3217   ElecHydroGWh('25_eHydro',z)  = sum((f_elecoutput, p_hydro), WEB(f_elecoutput, p_Hydro,z));
3218  * ElecOtherGWh('26_eOther',z)  = sum((f_elecoutput, p_elecother), WEB(f_elecoutput, p_elecother,z));
3219   ElecwasteGWh('26_eOther',z)  = sum((f_elecoutput, p_elecwaste), WEB(f_elecoutput, p_elecwaste,z));
3220   ElecbioGWh('26_eOther',z)    = sum((f_elecoutput, p_elecbio), WEB(f_elecoutput, p_elecbio,z));
3221   ElecgeoGWh('26_eOther',z)    = sum((f_elecoutput, p_elecgeo), WEB(f_elecoutput, p_elecgeo,z));
3222   ElecOtherGWh('26_eOther',z)  = sum((f_elecoutput, p_elecother), WEB(f_elecoutput, p_elecother,z));
3223   
3224  execute_unload 'Input_WEB/DATA_WEB-2019_250328.gdx',
3225  *Sets
3226  product, p_coal, p_oil, p_oilproduct, p_gas, p_elecheat,
3227   
3228  flow, f_elec,  f_agri, f_mining, f_foodpro, f_textiles, f_woodpro,f_paperpro,
3229  f_chemical, f_nonmet, f_ironstl, f_nonferr, f_machine, f_transeq, f_otherind,
3230  f_construc, f_ser, f_household, f_roadrail, f_domeair,  f_domewater,
3231  f_nemining, f_nefoodpro, f_netextiles, f_newoodpro, f_nepaperpro,
3232  f_nechemical,f_nenonmet, f_neironstl, f_nenonferr, f_nemachine,
3233  f_netranseq, f_neotherind, f_neconstruc, f_netransport, f_neother,
3234   
3235  *WEB
3236  WEB,
3237  Coal_DIO, Coal_CO, CoalR_DIO, CoalR_CO,
3238  Gas_DIO, Gas_CO, GasR_DIO, GasR_CO,
3239  Oil_DIO, Oil_CO, OilR_DIO,
3240  Oilp_DIO, Oilp_CO, OilpR_DIO, OilpR_CO,
3241  Elec_DIO, Elec_CO, ElecR_DIO,ElecR_CO,
3242  Waste_DIO, Waste_CO, WasteR_DIO, WasteR_CO,
3243  Bio_DIO, Bio_CO, BioR_DIO, BioR_CO,
3244  Charcoal_DIO, Charcoal_CO, CharcoalR_DIO, CharcoalR_CO,
3245  Geo_DIO, Geo_CO, GeoR_DIO, GeoR_CO,
3246  Solar_DIO, Solar_CO, SolarR_DIO, SolarR_CO,
3247  NCoal_DIO, NCoalR_DIO, NGas_DIO, NGasR_DIO,
3248  NOil_DIO, NOilR_DIO, NOilp_DIO, NOilpR_DIO,
3249   
3250  Coal_Total, Gas_Total, Oilp_Total, Elec_Total, NCoal_Total, NGas_Total, NOilp_Total,
3251   
3252  ElecNucGWh, ElecCoalGWh, ElecGasGWh, ElecOilGWh, ElecSolarGWh, ElecWindGWh, ElecHydroGWh, ElecwasteGWh, ElecbioGWh, ElecgeoGWh, ElecOtherGWh
3253   
3254  Coal_Marine,Coal_Aviation, Gas_Marine, Gas_Aviation, Oilp_Marine, Oilp_Aviation, Bio_Marine, Bio_Aviation
3255  ;
3256   
EXIT C:\Users\kimc0\GUIDE_GLOBAL_CGE\2.RD_CGE\DATA_WEB_2024.gms
INCLUDE    C:\Users\kimc0\GUIDE_GLOBAL_CGE\2.RD_CGE\DATA_CO2coef.gms
3259  *==============================================================================
3260  *  4.9 CO2 emission
3261  *==============================================================================
3262   
3263  Parameter
3264   CO2IO(product,j,z) ktCO2 industry j sector
3265   CO2HO(product,z)   ktCO2 residendital sector
3266   CH4IO(product,j,z) tCO2eq industry j sector
3267   CH4HO(product,z)   tCO2eq residendital sector
3268   N2OIO(product,j,z) tCO2eq industry j sector
3269   N2OHO(product,z)   tCO2eq residendital sector
3270   Marinebunker_CO2(product,z) ktCO2 marine bunker
3271   Aviationbunker_CO2(product,z) ktCO2 aviation bunker
3272   Marinebunker_CH4(product,z) tCO2eq marine bunker
3273   Aviationbunker_CH4(product,z) tCO2eq aviation bunker
3274   Marinebunker_N2O(product,z) tCO2eq marine bunker
3275   Aviationbunker_N2O(product,z) tCO2eq aviation bunker
3276   
3277   GWP_CH4            GWP 100 AR5
3278   GWP_N2O            GWP 100 AR5
3279   ;
3280   GWP_CH4 = 28;
3281   GWP_N2O = 265;
3282   
3283   CO2IO(p_coal,j,z)        = Coal_DIO(p_coal,j,z)*41.868*GHGsEF(p_coal,'CO2EF')*1*(44/12)*0.001 ;
3284   CO2IO(p_oil,j,z)         = Oil_DIO(p_oil,j,z)*41.868*GHGsEF(p_oil,'CO2EF')*1*(44/12)*0.001 ;
3285   CO2IO(p_gas,j,z)         = Gas_DIO(p_gas,j,z)*41.868*GHGsEF(p_gas,'CO2EF')*1*(44/12)*0.001 ;
3286   CO2IO(p_oilproduct,j,z)  = Oilp_DIO(p_oilproduct,j,z)*41.868*GHGsEF(p_oilproduct,'CO2EF')*1*(44/12)*0.001 ;
3287   
3288   CO2HO(p_coal,z) = Coal_CO(p_coal,z)*41.868*GHGsEF(p_coal,'CO2EF')*1*(44/12)*0.001 ;
3289   CO2HO(p_gas,z) = Gas_CO(p_gas,z)*41.868*GHGsEF(p_gas,'CO2EF')*1*(44/12)*0.001 ;
3290   CO2HO(p_oilproduct,z) = Oilp_CO(p_oilproduct,z)*41.868*GHGsEF(p_oilproduct,'CO2EF')*1*(44/12)*0.001 ;
3291   
3292  *==============================================================================
3293  *  4.10 Energy
3294  *==============================================================================
3295  Parameter
3296   EEI(product,j,z)  Energy intensity by industry sector ktoe per 10 billion $
3297   NEI(product,j,z)  Non-Energy intensity by production sectos ktoe per 10 billion $
3298   EHI(product,z)    Energy intensity by household ktoe per 10 billion $
3299   
3300   EEO(product,j,z)  Initial Industry energy consumption in region z ktoe
3301   NEO(product,j,z)  Initial Industry non energy consumption in region z ktoe
3302   EHO(product,z)    Initial Household energy consumption in region z ktoe
3303   
3304   Marinebunker(product,z)
3305   Aviationbunker(product,z)
3306  ;
3307   
3308   EEI(p_coal,j,z)$(DIO('02_COAL',j,z) gt 0)               = Coal_DIO(p_coal,j,z)/DEO('02_COAL',j,z);
3309   EEI(p_oil,j,z)$(DIO('03_OIL',j,z) gt 0)                 = Oil_DIO(p_oil,j,z)/DEO('03_OIL',j,z);
3310   EEI(p_gas,j,z)$(DIO('04_GAS',j,z) gt 0)                 = Gas_DIO(p_gas,j,z)/DEO('04_GAS',j,z);
3311   EEI(p_oilproduct,j,z)$(DIO('10_PETROLCOAL',j,z) gt 0)   = Oilp_DIO(p_oilproduct,j,z)/DEO('10_PETROLCOAL',j,z);
3312   EEI(p_elecheat,j,z)$(DIO('18_ELEC',j,z) gt 0)           = Elec_DIO(p_elecheat,j,z)/DEO('18_ELEC',j,z);
3313   EEI(p_waste,j,z)                                        = Waste_DIO(p_waste,j,z)/XSTO(j,z);
3314   EEI(p_bio,j,z)                                          = Bio_DIO(p_bio,j,z)/XSTO(j,z);
3315   EEI(p_charcoal,j,z)                                     = Charcoal_DIO(p_charcoal,j,z)/XSTO(j,z);
3316   EEI(p_solar,j,z)                                        = Solar_DIO(p_solar,j,z)/XSTO(j,z);
3317   EEI(p_geo,j,z)                                          = Geo_DIO(p_geo,j,z)/XSTO(j,z);
3318   
3319   NEI(p_coal,j,z)$(DIO('02_COAL',j,z) gt 0)               = NCoal_DIO(p_coal,j,z)/DEO('02_COAL',j,z);
3320   NEI(p_oil,j,z)$(DIO('03_OIL',j,z) gt 0)                 = NOil_DIO(p_oil,j,z)/DEO('03_OIL',j,z);
3321   NEI(p_gas,j,z)$(DIO('04_GAS',j,z) gt 0)                 = NGas_DIO(p_gas,j,z)/DEO('04_GAS',j,z);
3322   NEI(p_oilproduct,j,z)$(DIO('10_PETROLCOAL',j,z) gt 0)   = NOilp_DIO(p_oilproduct,j,z)/DEO('10_PETROLCOAL',j,z);
3323   
3324   EHI(p_coal,z)$(CO('02_COAL',z) gt 0)                    = Coal_CO(p_coal,z)/CO('02_COAL',z);
3325   EHI(p_oil,z)$(CO('03_OIL',z) gt 0)                      = Oil_CO(p_oil,z)/CO('03_OIL',z);
3326   EHI(p_gas,z)$(CO('04_GAS',z) gt 0)                      = Gas_CO(p_gas,z)/CO('04_GAS',z);
3327   EHI(p_oilproduct,z)$(CO('10_PETROLCOAL',z) gt 0)        = Oilp_CO(p_oilproduct,z)/CO('10_PETROLCOAL',z);
3328   EHI(p_elecheat,z)$(CO('18_ELEC',z) gt 0)                = Elec_CO(p_elecheat,z)/CO('18_ELEC',z);
3329   EHI(p_waste,z)                                          = Waste_CO(p_waste,z)/TOT_POP(z,'2019');
3330   EHI(p_bio,z)                                            = Bio_CO(p_bio,z)/TOT_POP(z,'2019');
3331   EHI(p_charcoal,z)                                       = Charcoal_CO(p_charcoal,z)/TOT_POP(z,'2019');
3332   EHI(p_solar,z)                                          = Solar_CO(p_solar,z)/TOT_POP(z,'2019');
3333   EHI(p_geo,z)                                            = Geo_CO(p_geo,z)/TOT_POP(z,'2019');
3334   
3335   EEO(p_coal,j,z)       = Coal_DIO(p_coal,j,z) ;
3336   EEO(p_gas,j,z)        = Gas_DIO(p_gas,j,z) ;
3337   EEO(p_oil,j,z)        = Oil_DIO(p_oil,j,z) ;
3338   EEO(p_oilproduct,j,z) = Oilp_DIO(p_oilproduct,j,z) ;
3339   EEO(p_elecheat,j,z)   = Elec_DIO(p_elecheat,j,z) ;
3340   EEO(p_waste,j,z)      = Waste_DIO(p_waste,j,z) ;
3341   EEO(p_bio,j,z)        = Bio_DIO(p_bio,j,z) ;
3342   EEO(p_charcoal,j,z)   = Charcoal_DIO(p_charcoal,j,z) ;
3343   EEO(p_solar,j,z)      = Solar_DIO(p_solar,j,z) ;
3344   EEO(p_geo,j,z)        = Geo_DIO(p_geo,j,z) ;
3345   
3346   NEO(p_coal,j,z)       = NCoal_DIO(p_coal,j,z) ;
3347   NEO(p_gas,j,z)        = NGas_DIO(p_gas,j,z) ;
3348   NEO(p_oilproduct,j,z) = NOilp_DIO(p_oilproduct,j,z) ;
3349   
3350   EHO(p_coal,z)         = Coal_CO(p_coal,z) ;
3351   EHO(p_gas,z)          = Gas_CO(p_gas,z) ;
3352   EHO(p_oil,z)          = Oil_CO(p_oil,z) ;
3353   EHO(p_oilproduct,z)   = Oilp_CO(p_oilproduct,z) ;
3354   EHO(p_elecheat,z)     = Elec_CO(p_elecheat,z) ;
3355   EHO(p_waste,z)        = Waste_CO(p_waste,z);
3356   EHO(p_bio,z)          = Bio_CO(p_bio,z);
3357   EHO(p_charcoal,z)     = Charcoal_CO(p_charcoal,z);
3358   EHO(p_solar,z)        = Solar_CO(p_solar,z);
3359   EHO(p_geo,z)          = Geo_CO(p_geo,z);
3360   
3361   Marinebunker(p_gas,z)          = gas_Marine(p_gas,z);
3362   Marinebunker(p_oilproduct,z)   = Oilp_Marine(p_oilproduct,z);
3363   Marinebunker(p_Bio,z)          = Bio_Marine(p_Bio,z);
3364   
3365   Aviationbunker(p_oilproduct,z) = Oilp_Aviation(p_oilproduct,z);
3366   
3367  *==============================================================================
3368  *  4.12 CO2FACTOR and CTAX
3369  *==============================================================================
3370  Parameters
3371   CO2_Energy(ene,j,z)        CO2 emissions from Energy
3372  ;
3373   
3374   CO2_Energy('02_COAL',j,z) = sum(p_coal,CO2IO(p_coal,j,z));
3375   CO2_Energy('03_OIL',j,z)  = sum(p_oil,CO2IO(p_oil,j,z));
3376   CO2_Energy('04_GAS',j,z)  = sum(p_gas,CO2IO(p_gas,j,z));
3377   CO2_Energy('10_PETROLCOAL',j,z)  = sum(p_oilproduct,CO2IO(p_oilproduct,j,z));
3378   
3379  Parameters
3380   CO2FACTOR(ene,j,z)       CO2 emissions factor (tCO2 per 100$)
3381   CO2FACTOR2(ene,j,z,time) Time series CO2 emissions factor (tCO2 per 100$)
3382  ;
3383   
3384   CO2FACTOR('02_COAL',j,z)$DEO('02_COAL',j,z) = [sum(p_coal,CO2IO(p_coal,j,z))/DEO('02_COAL',j,z)]*(1000/(10**8));
3385   CO2FACTOR('03_OIL',j,z)$DEO('03_OIL',j,z)   = [sum(p_oil,CO2IO(p_oil,j,z))/DEO('03_OIL',j,z)]*(1000/(10**8));
3386   CO2FACTOR('04_GAS',j,z)$DEO('04_GAS',j,z)   = [sum(p_gas,CO2IO(p_gas,j,z))/DEO('04_GAS',j,z)]*(1000/(10**8));
3387   CO2FACTOR('10_PETROLCOAL',j,z)$DEO('10_PETROLCOAL',j,z) = [sum(p_oilproduct,CO2IO(p_oilproduct,j,z))/DEO('10_PETROLCOAL',j,z)]*(1000/(10**8));
3388   
3389  *PRK
3390   CO2FACTOR('02_COAL','01_AGRICULT','06_PRK')        = CO2FACTOR('02_COAL','01_AGRICULT','05_MNG');
3391   CO2FACTOR('10_PETROLCOAL','01_AGRICULT','06_PRK')  = CO2FACTOR('10_PETROLCOAL','01_AGRICULT','05_MNG');
3392   CO2FACTOR('02_COAL','28_LTRP','06_PRK')            = CO2FACTOR('02_COAL','28_LTRP','05_MNG');
3393   CO2FACTOR('02_COAL','17_OTHERIND','06_PRK')        = CO2FACTOR('02_COAL','17_OTHERIND','05_MNG');
3394   
3395  *RUS
3396   CO2FACTOR('02_COAL','08_WOODPRO','04_RUS')         = CO2FACTOR('02_COAL','08_WOODPRO','10_EEU');
3397   
3398  *LAM
3399   CO2FACTOR('04_GAS','02_COAL','08_LAM')             = CO2FACTOR('04_GAS','02_COAL','07_NAM');
3400   
3401   CO2FACTOR(ene,j,z)$(CO2FACTOR(ene,j,z) gt 10) = 10 ;
3402   CO2FACTOR(ene,j,z)$(CO2FACTOR(ene,j,z) lt 0) = 3.28666e-05 ;
3403  * CO2FACTOR2(ene,j,z)$(CO2FACTOR2(ene,j,z) lt 0.1) = 0.1 ;
3404   
3405   CO2FACTOR2(ene,j,z,time) = CO2FACTOR(ene,j,z);
3406   
      *Petrolcoal
       CO2FACTOR('10_PETROLCOAL','10_PETROLCOAL',z) = 0;
       CO2FACTOR('02_COAL','10_PETROLCOAL',z) = CO2FACTOR('02_COAL','13_IRONSTL',z);
       
      *KOR
      * CO2FACTOR('02_COAL','10_PETROLCOAL','01_KOR') = 0;
      * CO2FACTOR(ene,'20_eCoal','01_KOR') =  CO2FACTOR(ene,'20_eCoal','03_JPN');
3416   
3417   
3418  *==============================================================================
3419  *  Electricity Generation coefficients
3420  *==============================================================================
3421  Parameter
3422   EGINucGWh(j,z)    Nuclear GWh per 10 billion $
3423   EGICoalGWh(j,z)   Coal GWh per 10 billion $
3424   EGIGasGWh(j,z)    Gas GWh per 10 billion $
3425   EGIOilGWh(j,z)    Oil GWh per 10 billion $
3426   EGIWindGWh(j,z)   Wind GWh per 10 billion $
3427   EGISolarGWh(j,z)  Solar GWh per 10 billion $
3428   EGIHydroGWh(j,z)  Hydro GWh per 10 billion $
3429   EGIWasteGWh(j,z)  Waste GWh per 10 billion $
3430   EGIBioGWh(j,z)    bio GWh per 10 billion $
3431   EGIGeoGWh(j,z)    geothermal GWh per 10 billion $
3432   EGIOtherGWh(j,z)  Other GWh per 10 billion $
3433  ;
3434   
3435   EGINucGWh('19_eNuclear',z) = ElecNucGWh('19_eNuclear',z)/DSO_J('19_eNuclear',z);
3436   EGICoalGWh('20_eCoal',z)   = ElecCoalGWh('20_eCoal',z)/DSO_J('20_eCoal',z);
3437   EGIGasGWh('21_eGas',z)     = ElecGasGWh('21_eGas',z)/DSO_J('21_eGas',z);
3438   EGIOilGWh('22_eOil',z)     = ElecOilGWh('22_eOil',z)/DSO_J('22_eOil',z);
3439   EGIWindGWh('23_eWind',z)   = ElecWindGWh('23_eWind',z)/DSO_J('23_eWind',z);
3440   EGISolarGWh('24_eSolar',z) = ElecSolarGWh('24_eSolar',z)/DSO_J('24_eSolar',z);
3441   EGIHydroGWh('25_eHydro',z) = ElecHydroGWh('25_eHydro',z)/DSO_J('25_eHydro',z);
3442   EGIWasteGWh('26_eOther',z) = ElecWasteGWh('26_eOther',z)/DSO_J('26_eOther',z);
3443   EGIBioGWh('26_eOther',z)   = ElecBioGWh('26_eOther',z)/DSO_J('26_eOther',z);
3444   EGIGeoGWh('26_eOther',z)   = ElecGeoGWh('26_eOther',z)/DSO_J('26_eOther',z);
3445   EGIOtherGWh('26_eOther',z) = ElecOtherGWh('26_eOther',z)/DSO_J('26_eOther',z);
3446   
3447  *==============================================================================
3448  *  Backstop technology
3449  *==============================================================================
3450   switch(i3,z,time)  = 0 ;
3451   penetration_rate(i3,z,time) = 0.01 ;
3452   
3453  Parameters
3454   CTAX0(z)           Initial Carbon tax $ per ton CO2
3455   TCTAX0(z)          Initial Government Revenue from Carbon tax
3456   PERMITO(j,z)       CO2 emissions
3457   PERMIT_TOTALO(z)   Total CO2 emissions (billion ton)
3458  ;
3459   
3460   CTAX0(z)          = 0;
3461   TCTAX0(z)         = 0;
3462   PERMITO(j,z)      = sum(ene, CO2FACTOR(ene,j,z)*DEO(ene,j,z)) ;
3463   PERMIT_TOTALO(z)  = sum(j,PERMITO(j,z));
3464   
3465  *==============================================================================
3466  *   Marginal abatement curves for emissions
3467  *==============================================================================
3468  Parameters
3469   alpha_CO2(ene,j,z)   Emissions responsiveness parameter – higher values imply stronger reduction in emissions intensity in response to carbon price
3470   gamma_CO2(ene,j,z)   Adjustment speed parameter – governs how rapidly emissions intensity responds to changes in carbon price
3471   MINCO2FACTOR(ene,j,z) minimum CO2 emission factor
3472   CTAX_CO2(ene,j,z,time)
3473   CO2FACTOR2_Star(ene,j,z,time)
3474   AbateCostO(j,z)
3475   AbateCost(j,z,time)
3476   theta_CO2(j,z)
3477   delta_CO2(j,z)
3478  ;
3479   
3480   alpha_CO2(ene,j,z)     = 0.15 ;
3481   gamma_CO2(ene,j,z)     = 1.5 ;
3482   MINCO2FACTOR(ene,j,z)  = CO2FACTOR(ene,j,z)*0.1 ;
3483   AbateCostO(j,z)        = 0 ;
3484   theta_CO2(j,z)         = 0.2;
3485   delta_CO2(j,z)         = 1;
3486   
3487  *==============================================================================
3488  *   Carbon tax recycling
3489  *==============================================================================
3490   TIWO_Share(j,z)    =   LDO(j,z)/LSO(z);
3491  * TIWO_Share(j,z)    =   PERMITO(j,z)/ PERMIT_TOTALO(z);
3492   TIKO_Share(k,j,z)   =  KDO(k,j,z)/KSO(k,z);
3493   TIPO_Share(j,z)     =  XSTO(j,z)/sum(jj,XSTO(jj,z));
3494   
3495  *==============================================================================
3496  *   Labour Supply
3497  *==============================================================================
3498  Parameters
3499   W_lag(z,time)         Wage rate of type l labor in region z
3500   PIXCON_lag(z,time)    Consumer price index in region z
3501   LS_lag(z,time)        Supply of type l labor in region z (T-1)
3502   LST_lag(z,time)       Supply of type l labor in region z (Trend T-1)
3503  ;
3504   
3505  execute_unload 'Calibration_Check_GTAP11c';
3506   
3507  *==============================================================================
3508  * Variable
3509  *==============================================================================
3510  VARIABLES
3511  *==============================================================================
3512  *   Volume variables
3513  *==============================================================================
3514   C(i,z,time)             Consumption of commodity i by households in region z
3515   CABX(z,time)            Current account balance of region z in terms of the international currency
3516   CG(i,z,time)            Public consumption of commodity i in region z
3517   CI(j,z,time)            Total intermediate consumption of industry j in region z
3518   CE(j,z,time)            Total intermediate consumption of industry j in region z
3519   CMIN(i,z,time)          Minimum consumption of commodity i by households in region z
3520   CTH_REAL(z,time)        Real household consumption in region z
3521   DD(i,z,time)            Domestic demand for commodity i produced locally in region z
3522   DI(i,j,z,time)          Intermediate consumption of commodity i by industry j in region z
3523   DE(i,j,z,time)          Intermediate energy consumption of commodity i by industry j in region z
3524   DEelec(j2,z,time)       Intermediate energy consumption of commodity i by industry j in region z
3525   DEnelec(j2,z,time)      Intermediate energy consumption of commodity i by industry j in region z
3526   DEcoalgas(j2,z,time)    Intermediate energy consumption of commodity i by industry j in region z
3527   DEoilpetrol(j2,z,time)  Intermediate energy consumption of commodity i by industry j in region z
3528   DIT(i,z,time)           Total intermediate demand of commodity i in region z
3529   DS(j,i,z,time)          Supply of commodity i by sector j to the domestic market
3530   DS_I(i,z,time)          Supply of commodity i to the domestic market of region z
3531   EX(i,z,zj,time)         Quantity of product i exported by country z to country zj
3532   EXT(i,z,time)           Supply of composite commodity i by region z to the export market
3533   EXTT(j,i,z,time)        Supply of activity j to the export market i of region z
3534   G_REAL(z,time)          Current real government expenditures on goods and services in region z
3535   GDP_BP_REAL(z,time)     Real GDP at basic prices
3536   GDP_BP_W_REAL(time)     Real world GDP at basic prices
3537   GDP_MP_REAL(z,time)     Real GDP at market prices
3538   IM(i,zj,z,time)         Quantity of product i imported by country z from country zj
3539   IMT(i,z,time)           Quantity demanded of composite imports of commodity i by region z
3540   IND(k,j,z,time)         Volume of new type k capital investment to industry j in region z
3541   INV(i,z,time)           Final demand of commodity i for investment purposes (GFCF) in region z
3542   IT_REAL(z,time)         Real gross fixed capital formation
3543   KD(k,j,z,time)          Demand for type k capital by industry j in region z
3544   KDC(j,z,time)           Demand for composite capital by industry j in region z
3545   KS(k,z,time)            Supply of type k capital in region z
3546   LD(j,z,time)            Demand for type l labor by industry j in region z
3547   LDC(j,z,time)           Demand for composite labor by industry j in region z
3548   LS(z,time)              Supply of type l labor in region z
3549   LST(z,time)             Supply of type l labor in region z (Trend)
3550   MRGN(i,z,time)          Domestic production of commodity i in region z exported as international margin services
3551   Q(i,z,time)             Quantity demanded of composite commodity i in region z
3552   VA(j,z,time)            Value added of industry j in region z
3553   KLE(j,z,time)           KLE of industry j in region z
3554   XS(j,i,z,time)          Total output of industry j by commodity in region z
3555   XS_I(i,z,time)          Total output of commodity i in region z
3556   XST(j,z,time)           Total aggregate output of industry j in region z
3557   POWERQ(z,time)          Total power output in region z
3558   C_Conventional(i3,z,time)
3559   XDBS(i3,z,time)
3560   XDBS2(j,z,time)
3561   LBS(j,z,time)
3562   KBS(k,j,z,time)
3563   CLBS(i3,z,time)
3564   CKBS(i3,z,time)
3565   MARKUP(i3,z,time)
3566   PERMIT(j,z,time)
3567   PERMIT_TOTAL(z,time)
3568   deltatiw(j,z,time)
3569   
3570  *==============================================================================
3571  *   Price variables
3572  *==============================================================================
3573   e(z,time)               Exchange rate (price of international currency in terms of region z local currency)
3574   IR(z,time)              Interest rate
3575   P(i,z,time)             Basic price of commodity i in region z
3576   P2(j,i,z,time)          Basic price of industry js production of commodity i
3577   P3(i,j,z,time)          Basic price of power industry js production of commodity i
3578   P4(ene,j,z,time)        Basic energy commodity price of industry js production of commodity i
3579   PPOWER(z,time)          Basic price of composite power commodity in region z
3580   PI(i,z,time)            Basic price of composite activity commodity in region z
3581   PT(j,z,time)            Basic price of industry js output
3582   PC(i,z,time)            Purchaser price of composite commodity i (including all taxes and margins) in region z
3583   PCI(j,z,time)           Intermediate consumption price index of industry j in region z
3584   PCE(j,z,time)           Intermediate energy consumption price index of industry j in region z
3585   PCEelec(j2,z,time)      Intermediate energy consumption price index of industry j in region z
3586   PCEnelec(j2,z,time)     Intermediate energy consumption price index of industry j in region z
3587   PCEcoalgas(j2,z,time)   Intermediate energy consumption price index of industry j in region z
3588   PCEoilpetrol(j2,z,time) Intermediate energy consumption price index of industry j in region z
3589   PD(i,z,time)            Price of local product i sold on region z domestic market (including all taxes)
3590   PE(i,z,zj,time)         Price received for commodity i exported to region zj by region z (excluding export taxes)
3591   PET(i,z,time)           Border price of composite commodity i exported by region z
3592   PIXCON(z,time)          Consumer price index in region z
3593   PIXGDP(z,time)          GDP deflator in region z
3594   PIXGDP_W(time)          World GDP deflator
3595   PIXGVT(z,time)          Public expenditures price index in region z
3596   PIXINV(z,time)          Investment price index in region z
3597   PK(z,time)              Price of new capital in region z
3598   PL(i,z,time)            Price of local product i (excluding all taxes on products) in region z
3599   PM(i,zj,z,time)         Price of commodity i imported by region z from region zj (including all taxes duties and margins)
3600   PMT(i,z,time)           Price of composite commodity i imported by region z (including all taxes duties and margins)
3601   PP(j,z,time)            Unit cost of industry j in region z including taxes directly related to the use of capital and labor but excluding other taxes on production
3602   PVA(j,z,time)           Price of industry j value added in region z (including taxes on production directly related to the use of capital and labor)
3603   PKLE(j,z,time)          Price of industry j KLE in region z
3604   PWM(i,zj,z,time)        World price of commodity i imported from country zj by region z (expressed in international currency)
3605   PWMG(i,time)            World price of margin i (expressed in international currency)
3606   PWX(i,z,zj,time)        World price of commodity i exported to country zj by region z (expressed in international currency)
3607   R(k,j,z,time)           Rental rate of type k capital in industry j of region z
3608   RC(j,z,time)            Rental rate of industry j composite capital in region z
3609   RTI(k,j,z,time)         Rental rate paid by industry j for type k capital in region z including capital taxes
3610   U(z,time)               User cost of capital in region z
3611   W(z,time)               Wage rate of type l labor in region z
3612   WC(j,z,time)            Wage rate of industry j composite labor in region z
3613   WTI(j,z,time)           Wage rate paid z by industry j for type l labor in region including payroll taxes
3614   CTAX(Z,time)            Carbon tax in region z
3615   
3616  *==============================================================================
3617  *   5.1.3 Nominal (value) variables
3618  *==============================================================================
3619   CAB(z,time)             Current account balance of region z
3620   CTH(z,time)             Consumption budget of households in region z
3621   DEP(z,time)             Amount of depreciation (capital consumption allowance) in region z
3622   G(z,time)               Current government expenditures on goods and services in region z
3623   GDP_BP(z,time)          Region z GDP at basic prices
3624   GDP_BP_W(time)          World GDP at basic prices
3625   GDP_FD(z,time)          Region z GDP at purchasers prices from the perspective of final demand
3626   GDP_IB(z,time)          Region z GDP at market prices (income-based)
3627   GDP_MP(z,time)          Region z GDP at market prices
3628   IT(z,time)              Total investment expenditures in region z
3629   SG(z,time)              Government savings in region z
3630   SH(z,time)              Household savings in region z
3631   SROW(z,time)            Rest-of-the-world savings with respect to region z
3632   TDH(z,time)             Household income taxes in region z
3633   TCTAX(z,time)           Government revenuse from Carbon tax
3634   TIC(i,z,time)           Government revenue from indirect taxes on commodity i in region z
3635   TICT(z,time)            Total government receipts of indirect taxes on commodities in region z
3636   TIK(k,j,z,time)         Government revenue from taxes on type k capital used by industry j in region z
3637   TIKT(z,time)            Total government revenue from from taxes on capital in region z
3638   TIM(i,zj,z,time)        Government revenue from duties on commodity i imported from region zj by region z
3639   TIMT(z,time)            Total government revenue from import duties in region z
3640   TIP(j,z,time)           Government revenue from taxes on industry j production in region z (excluding taxes directly related to the use of capital and labor)
3641   TIPT(z,time)            Total government revenue from production taxes in region z (excluding taxes directly related to the use of capital and labor)
3642   TIW(j,z,time)           Government revenue from payroll taxes on type l labor in industry j of region z
3643   TIWT(z,time)            Total government revenue from payroll taxes in region z
3644   TIX(i,z,zj,time)        Government revenue from export taxes on commodity i exported by region z to region zj
3645   TIXT(z,time)            Total government revenue from export taxes in region z
3646   TPRCTS(z,time)          Total government revenue from taxes on products and imports in region z
3647   TPRODN(z,time)          Total government revenue from other taxes on production in region z
3648   YDH(z,time)             Household disposable income in region z
3649   YG(z,time)              Total government income in region z
3650   YH(z,time)              Household total income in region z
3651   YHK(z,time)             Household capital income in region z
3652   YHL(z,time)             Household labor income in region z
3653   YROW(z,time)            Rest-of-the-world total income from region z
3654   REBATE(z,time)
3655   TIW_Share(j,z,time)
3656  * TIK_Share(k,j,z,time)
3657  * TIP_Share(j,z,time)
3658   
3659  *==============================================================================
3660  *  Rates and intercepts
3661  *==============================================================================
3662   phi(z,time)             Scale variable (allocation of investment to industries)
3663   sh0(z,time)             Intercept (household savings)
3664   sh1(z,time)             Slope (household savings)
3665   ttdh0(z,time)           Intercept (household income tax)
3666   ttdh1(z,time)           Slope (household income tax)
3667   ttic(i,z,time)          Tax rate on commodity i
3668   ttik(k,j,z,time)        Tax rate on capital k used in industry j
3669   ttim(i,zj,z,time)       Rate of taxes and duties on imports of commodity i from country zj
3670   ttip(j,z,time)          Tax rate on the production of industry j
3671   ttiw(j,z,time)          Tax rate on type l worker compensation in industry j
3672   ttix(i,z,zj,time)       Export tax rate on exported commodity i
3673   ttiw_lag(j,z,time)
3674   
3675  *==============================================================================
3676  *   Other variables
3677  *==============================================================================
3678   A_VA(z,time)            Multifactor productivity
3679   LEON(z,time)            Excess supply on the last market in region z
3680  * OBJ                     Objective variable
3681  ;
3682   
3683  *==============================================================================
3684  *  Equations
3685  *==============================================================================
3686  EQUATIONS
3687   EQ1(j,z,time)           Leontief - demand for value added
3688   EQ1_1(j,z,time)         Leontief - demand for KLE(Industries)
3689   EQ2(j,z,time)           Leontief - demand for intermediate consumption
3690   EQ2_1(j,z,time)         Leontief - demand for intermediate energy consumption(Energy Industries)
3691   EQ3(j,z,time)           CES - combination of labor and capital
3692   EQ3_1(j,z,time)         CES - combination of composite energy and value added
3693   EQ4(j,z,time)           CES - demand for composite labor
3694   EQ4_1(j,z,time)         Demand for value added relative to composite energy
3695   EQ5(j,z,time)           CES between labor categories
3696  * EQ6(l,j,z,time)         Demand for labor
3697   EQ7(j,z,time)           CES between capital categories
3698   EQ8(k,j,z,time)         Demand for capital
3699   EQ9(i,j,z,time)         Leontief - demand for commodity i by sector j
3700   EQ9_1(ene,j3,z,time)
3701  *Simple Nesting
3702  *EQ9_2(ene,j2,z,time)
3703   
3704  *Nested CES
3705   EQ9_2(j2,z,time)
3706   EQ9_3(j2,z,time)
3707   EQ9_4(j2,z,time)
3708   EQ9_5(j2,z,time)
3709   EQ9_6(ene2,j2,z,time)
3710   EQ9_7(ene5,j2,z,time)
3711   EQ9_8(ene6,j2,z,time)
3712   
3713   EQ10(z,time)            Household total income
3714   EQ11(z,time)            Household labor income
3715   EQ12(z,time)            Household capital income
3716   EQ13(z,time)            Household disposable income
3717   EQ14(z,time)            Household consumption budget
3718  * CALEQ1(z,time)         Aggregate domestic savings
3719   EQ15(z,time)            Household savings
3720   EQ16(z,time)            Government total income
3721   EQ16_1(z,time)          Government revenue from Ctax
3722   EQ17(z,time)            Total government receipts of taxes on production
3723   EQ18(z,time)            Government receipts of indirect taxes on wages
3724   EQ19(z,time)            Government receipts of indirect taxes on capital
3725   EQ20(z,time)            Government receipts of indirect taxes on production
3726   EQ21(z,time)            Total government receipts of taxes on products and imports
3727   EQ22(z,time)            Government receipts of indirect taxes on consumption
3728   EQ23(z,time)            Government receipts of indirect taxes on imports
3729   EQ24(z,time)            Government receipts of indirect taxes on exports
3730   EQ25(z,time)            Household h income taxes
3731  * EQ26(l,j,z,time)        Government receipts of indirect taxes on wages
3732   EQ26(j,z,time)        Government receipts of indirect taxes on wages
3733   EQ27(k,j,z,time)        Government receipts of indirect taxes on capital
3734   EQ28(j,z,time)          Government receipts of indirect taxes on production of industry j
3735   EQ29(i,z,time)          Government receipts of indirect taxes on commodity i
3736   EQ30(i,zj,z,time)       Government receipts of indirect taxes on imports of commodity i
3737   EQ31(i,z,zj,time)       Government receipts of indirect taxes on exports of commodity i
3738   EQ32(z,time)            Government savings
3739   EQ33(z,time)            Rest of the world total income
3740   EQ34(z,time)            Rest of the world savings
3741   EQ35(z,time)            Equivalence between current account balance and savings
3742   EQ36(i,z,time)          Household consumption of commodity i
3743   EQ37(i,z,time)          Final demand of commodity i for investment purposes
3744   EQ38(i,z,time)          Public final consumption of commodity i
3745  * CALEQ2(z,time)         Current government expenditures on goods and services
3746   EQ39(i,z,time)          Total intermediate consumption of commodity i
3747   EQ39_1(i,z,time)        Total intermediate consumption of commodity i
3748   EQ39_2(i,z,time)        Total intermediate consumption of commodity i
3749  * EQ40_1(j,z)            CET between different commodities produced by industry j
3750  * EQ40_2(j,i,z)          Industry j production of commodity i (CET)
3751   EQ40_3(i,z,time)        Domestic supply by commdities
3752   EQ40_4(j,z,time)        Total supply by commdities
3753   EQ40_5(i,z,time)        CET function between exports local production and margins
3754   EQ41(i,z,time)          Supply of composite exports
3755   EQ42(i,z,time)          Supply of margins
3756   EQ43(i,z,time)          CET function between exports by trading partner
3757   EQ44(i,z,zj,time)       Supply of exports by trading partner
3758   EQ45(i,z,time)          CES function between composite imports and local production
3759   EQ46(i,z,time)          Demand for composite imports
3760   EQ47(i,z,time)          CES function between imports by origin
3761   EQ48(i,zj,z,time)       Demand for imports by origin
3762   EQ49(j,z,time)          Producer price in energy industries j after production taxes
3763   EQ49_1(j,z,time)        Producer price in industry j after production taxes
3764  * EQ49_2(j,i,z)          Total producer price is equal to P if there is only one product
3765  * EQ49_3(j,i,z)          Basic price of industry j's production of commodity i
3766   EQ50(j,z,time)          Basic price of industry j production
3767   EQ51(j,z,time)          Price index of industry j intermediate consumption
3768  *Simple Nesting
3769  * EQ51_1(j,z,time)
3770  *Nested CES
3771   EQ51_1(j2,z,time)
3772   EQ51_2(j3,z,time)
3773   EQ51_3(j2,z,time)
3774   EQ51_3(j2,z,time)
3775   EQ51_4(j2,z,time)
3776   EQ51_5(j2,z,time)
3777   EQ51_6(j2,z,time)
3778   
3779   EQ52(j,z,time)          Value added price
3780   EQ52_1(j,z,time)        KLE price
3781   EQ53(j,z,time)          Price of composite labor in industry j (redundant)
3782  * EQ53_1(j,z,time)        TIW Share
3783  * EQ53_1(k,j,z,time)     TIK Share
3784  * EQ54(l,j,z,time)       Wages including taxes
3785   EQ54(j,z,time)          Wages including taxes
3786   EQ54_1(ene,j,z,time)    energy commodity prices
3787  * EQ55(j,z)              Price of composite capital in industry j (redundant)
3788   EQ56(k,j,z,time)        Rental rate including taxes
3789  * EQ57(k,j,z,time)       Rate of remuneration of capital k (capital mobile)
3790   EQ58(i,z,time)          Producer price is a weighted sum of PE and PL
3791  * EQ59(i,z)              Price of composite export i (redundant)
3792   EQ60(i,z,zj,time)       Border price of exported commodity i
3793   EQ61(i,z,time)          Price of local product i (including all taxes and margins)
3794   EQ62(i,zj,z,time)       Price of imported commodity i (including all taxes and duties)
3795  * EQ63(i,z)              Price of composite import i (redundant)
3796   EQ64(i,z,time)          Consumer price is a weighted sum of PD and PM
3797  * EQ65(z,time)           Aggregate price of capital
3798   EQ66(z,time)            GDP deflator (Fischer index)
3799   EQ67(time)              World GDP deflator (Fischer index)
3800   EQ68(z,time)            Consumer price index (Laspeyres)
3801   EQ69(z,time)            Investment price index (derived from investment function)
3802   EQ70(z,time)            Public expenditure price index
3803   EQ71(i1,z,time)         Domestic absorbtion
3804   EQ71_2(i3,z,time)       Domestic absorbtion
3805  * EQ72(l,z,time)         Labor supply equals labor demand
3806   EQ72(z,time)            Labor supply equals labor demand
3807   EQ73(k,z,time)          Capital supply equals capital demand
3808   EQ74(z,time)            Total investment equals total savings
3809   EQ75(z,time)            Depreciation
3810   EQ76(i,z,time)          Supply of domestic production equals demand
3811   EQ77(i,z,zj,time)       Exports supply equals imports demand
3812   EQ78(i,z,zj,time)       Exports price equals imports price
3813   EQ79(i,time)            World demand for margins equals world supply
3814  * EQ80                   Sum of foreign savings equals zero (redundant)
3815   EQ81(z,time)            GDP at basic prices
3816   EQ82(z,time)            GDP at market prices
3817   EQ83(z,time)            GDP at market prices (income-based)
3818   EQ84(z,time)            GDP at market prices (expenditure-based)
3819   EQ85(time)              World GDP
3820   EQ86(z,time)            Real consumption budget of type h households
3821   EQ87(z,time)            Real current government expenditures on goods and services
3822   EQ88(z,time)            Real GDP at basic prices
3823   EQ89(time)              Real world GDP at basic prices
3824   EQ90(z,time)            Real GDP at market prices
3825   EQ91(z,time)            Real gross fixed capital formation
3826   EQ92(z,time)            Current account balance of region z in terms of the reference currency
3827  * EQ93                    fictitious OBJ. fuction
3828   WALRAS(z,time)          Walras law verification
3829  * EQB_1(i,z)             Top Nest - CES function Aggregated acitivty
3830  * EQB_2(j,i,z)           Top Nest - CES function Aggregated acitivty
3831  * EQB_3(j,i,z)           Total producer price is equal to P if there is only one product
3832  * EQB_4(j,i,z)           Basic price of industry j's production of commodity i
3833  * EQB_5(j,i,z)           Supply of exports for compsite activity
3834   EQA_1(z,time)           Top Nest - Leontief function Aggregated-Electricity
3835   EQA_2(Z,time)           Top Nest - Leontief function Aggregated-Electricity
3836   EQA_3(z,time)           Second Nest - CES function - Aggregated-Electricity
3837   EQA_4(power,i,z,time)   Second Nest - CES function - Aggregated-Electricity
3838   EQB_1(i2,z,time)        Industry j production of commodity i (CES)
3839   EQB_3(j,i,z,time)       Total producer price is equal to P if there is only one product
3840   EQB_4(j,i,z,time)       Basic price of industry js production of commodity i
3841   EQB_5(j,i,z,time)       Supply of exports for compsite activity
3842   EQ94(z,time)            Total investment expenditure constraint
3843   EQ95(z,time)            Aggregate price of capital
3844   EQ96(k,bus,z,time)      Investment demand by industry
3845  * CALEQ3(k,pub,z,time)   Public investment demand
3846   EQ97a(z,time)           Interest rate (weighted average rate of return on capital)
3847   EQ97b(z,time)           User cost of capital
3848   EQ98(i3,z,time)
3849   EQ99(i3,z,time)
3850   EQ100(j,z,time)
3851   EQ101(j,z,time)
3852   EQ102(k,j,z,time)
3853   EQ103(i3,z,time)
3854   EQ104(i3,z,time)
3855   EQ105(i3,z,time)
3856   EQ106(z,time)           labor supply
3857   EQ107(j,z,time)
3858   EQ108(z,time)
3859   EQ109(j,z,time)
3860   EQ110(j,z,time)
3861   EQ111(j,z,time)
3862   EQ112(z,time)
3863  ;
3864   
3865  *==============================================================================
3866  *  5.3 Equations
3867  *==============================================================================
3868  *   5.3.1 Production
3869  *==============================================================================
3870   EQ1(j3,z,t)..     VA(j3,z,t) =e= v(j3,z)*XST(j3,z,t);
3871   
3872   EQ1_1(j2,z,t)..   KLE(j2,z,t) =e= v2(j2,z)*XST(j2,z,t);
3873   
3874   EQ2(j,z,t)..      CI(j,z,t) =e= io(j,z)*XST(j,z,t);
3875   
3876   EQ2_1(j3,z,t)..   CE(j3,z,t) =e= io2(j3,z)*XST(j3,z,t);
3877   
3878  * EQ3(j,z,t)..      VA(j,z,t) =e= A_VA(z,t)*B_VA(j,z)*{
3879   EQ3(j,z,t)..      VA(j,z,t) =e= A_VA(z,t)*B_VA_t(j,z,t)*{
3880                      [beta_VA(j,z)*LDC(j,z,t)**(-rho_VA(j,z))]$LDCO(j,z)
3881                     +[(1-beta_VA(j,z))*KDC(j,z,t)**(-rho_VA(j,z))]$KDCO(j,z)
3882                                                     }**(-1/rho_VA(j,z));
3883   
3884   EQ3_1(j2,z,t)..   KLE(j2,z,t) =e= B_KLE(j2,z)*{
3885                      [beta_KLE(j2,z)*VA(j2,z,t)**(-rho_KLE(j2,z))]$VAO(j2,z)
3886                     +[(1-beta_KLE(j2,z))*CE(j2,z,t)**(-rho_KLE(j2,z))]$CEO(j2,z)
3887                                                     }**(-1/rho_KLE(j2,z));
3888   
3889   EQ4_1(j2,z,t)$[VAO(j2,z) and CEO(j2,z)]..
3890                   VA(j2,z,t) =e= {[(1-beta_KLE2(j2,z))/(beta_KLE2(j2,z))]
3891                                *[PCE(j2,z,t)/PVA(j2,z,t)]}**sigma_KLE(j2,z)*CE(j2,z,t);
3892   
3893   EQ4(j,z,t)$[LDCO(j,z) and KDCO(j,z)]..
3894                   LDC(j,z,t) =e= {[beta_VA(j,z)/(1-beta_VA(j,z))]
3895                                *[RC(j,z,t)/WC(j,z,t)]}**sigma_VA(j,z)*KDC(j,z,t);
3896   
3897  * EQ5(j,z,t)$LDCO(j,z)..
3898  *                 LDC(j,z,t) =e= B_LD(j,z)*SUM[l$LDO(l,j,z),beta_LD(l,j,z)
3899  *                                *LD(l,j,z,t)**(-rho_LD(j,z))]**(-1/rho_LD(j,z));
3900   
3901   EQ5(j,z,t)$LDCO(j,z)..
3902                   LDC(j,z,t) =e= LD(j,z,t);
3903   
3904  * EQ6(l,j,z,t)$LDO(l,j,z)..
3905  *                 LD(l,j,z,t) =e= [beta_LD(l,j,z)*WC(j,z,t)/WTI(l,j,z,t)]
3906  *                               **sigma_LD(j,z)*B_LD(j,z)**(sigma_LD(j,z)-1)
3907  *                               *LDC(j,z,t);
3908   
3909   EQ7(j,z,t)$KDCO(j,z)..
3910                   KDC(j,z,t) =e= B_KD(j,z)*SUM[k$KDO(k,j,z),beta_KD(k,j,z)
3911                                  *KD(k,j,z,t)**(-rho_KD(j,z))]**(-1/rho_KD(j,z));
3912   
3913   EQ8(k,j,z,t)$KDO(k,j,z)..
3914                   KD(k,j,z,t) =e= [beta_KD(k,j,z)*RC(j,z,t)/RTI(k,j,z,t)]
3915                                   **sigma_KD(j,z)*B_KD(j,z)**(sigma_KD(j,z)-1)
3916                                   *KDC(j,z,t);
3917   
3918   EQ9(nene,j,z,t)..   DI(nene,j,z,t) =e= aij(nene,j,z)*CI(j,z,t) ;
3919   
3920   EQ9_1(ene,j3,z,t)..  DE(ene,j3,z,t)   =e= aij2(ene,j3,z)*CE(j3,z,t) ;
3921   
3922  *=============================Simple Nesting=========================================
3923  * EQ9_2(ene,j2,z,t)..  DE(ene,j2,z,t) =e= [beta_ENER_t(ene,j2,z,t)*PCE(j2,z,t)/((P4(ene,j2,z,t)+P4(ene,j2,z,t)*CTAX(z,t)*CO2FACTOR2(ene,j2,z,t)))]
3924  *                                   **sigma_ENER(j2,z)*B_ENER_t(j2,z,t)**(sigma_ENER(j2,z)-1)
3925  *                                   *CE(j2,z,t);
3926   
3927  *=============================Leontief===========================================
3928  * EQ9_2(j2,z,t)..       DEelec(j2,z,t)  =e= Share_Elec(j2,z)*CE(j2,z,t);
3929   
3930  * EQ9_3(j2,z,t)..       DEnelec(j2,z,t) =e= (1-Share_Elec(j2,z))*CE(j2,z,t);
3931   
3932  * EQ9_4(ene3,j2,z,t)..  DE(ene3,j2,z,t) =e= Share_nElec(ene3,j2,z)*DEnelec(j2,z,t);
3933   
3934  * EQ9_5(ene2,j2,z,t)..  DE(ene2,j2,z,t) =e= DEelec(j2,z,t) ;
3935   
3936  *=============================Level 1, 2=======================================
3937  * EQ9_2(j2,z,t)..       CE(j2,z,t)  =e= B_ENER2(j2,z)*{[(beta_ENER2(j2,z))*DEelec(j2,z,t)**(-rho_ENER2(j2,z))]
3938  *                                                     +[(1-beta_ENER2(j2,z))*DEnelec(j2,z,t)**(-rho_ENER2(j2,z))]
3939  *                                                   }**(-1/rho_ENER2(j2,z));
3940   
3941  * EQ9_3(j2,z,t)..       DEelec(j2,z,t) =e= {[(beta_ENER2(j2,z))/(1-beta_ENER2(j2,z))]
3942  *                                        *[PCEnelec(j2,z,t)/PCEelec(j2,z,t)]}**sigma_ENER2(j2,z)*DEnelec(j2,z,t);
3943   
3944  * EQ9_4(ene3,j2,z,t)..  DE(ene3,j2,z,t) =e= [beta_ENER3(ene3,j2,z)*PCEnelec(j2,z,t)/P4(ene3,j2,z,t)]
3945  *                                            **sigma_ENER3(j2,z)*B_ENER3(j2,z)**(sigma_ENER3(j2,z)-1)
3946  *                                            *DEnelec(j2,z,t);
3947   
3948  * EQ9_5(ene2,j2,z,t)..  DE(ene2,j2,z,t) =e= DEelec(j2,z,t) ;
3949   
3950  *=============================Level 1, 2, 3 (Leonteif) =======================================
3951  * EQ9_2(j2,z,t)..        DEelec(j2,z,t)  =e= Share_Elec(j2,z)*CE(j2,z,t);
3952   
3953  * EQ9_3(j2,z,t)..        DEnelec(j2,z,t) =e= (1-Share_Elec(j2,z))*CE(j2,z,t);
3954   
3955  * EQ9_4(j2,z,t)..        DEcoalgas(j2,z,t) =e= Share_coalgas2(j2,z)*DEnelec(j2,z,t);
3956   
3957  * EQ9_5(j2,z,t)..        DEoilpetrol(j2,z,t) =e= (1-Share_coalgas2(j2,z))*DEnelec(j2,z,t);
3958   
3959  * EQ9_6(ene2,j2,z,t)..   DE(ene2,j2,z,t) =e= DEelec(j2,z,t) ;
3960   
3961  * EQ9_7(ene5,j2,z,t)..   DE(ene5,j2,z,t) =e= Share_coalgas(ene5,j2,z)*DEcoalgas(j2,z,t);
3962   
3963  * EQ9_8(ene6,j2,z,t)..   DE(ene6,j2,z,t) =e= Share_oilpetrol(ene6,j2,z)*DEoilpetrol(j2,z,t);
3964   
3965  *=============================Level 1, 2, 3 (CES) =======================================
3966   EQ9_2(j2,z,t)..        CE(j2,z,t)  =e= B_ENER2(j2,z)*{[(beta_ENER2(j2,z))*DEelec(j2,z,t)**(-rho_ENER2(j2,z))]
3967                                             +[(1-beta_ENER2(j2,z))*DEnelec(j2,z,t)**(-rho_ENER2(j2,z))]
3968                                              }**(-1/rho_ENER2(j2,z));
3969   
3970   EQ9_3(j2,z,t)..        DEnelec(j2,z,t) =e= {[(1-beta_ENER2(j2,z))/(beta_ENER2(j2,z))]
3971                                          *[PCEelec(j2,z,t)/PCEnelec(j2,z,t)]}**sigma_ENER2(j2,z)*DEelec(j2,z,t);
3972   
3973   EQ9_4(j2,z,t)..        DEnelec(j2,z,t) =e= B_ENER4(j2,z)*{[(beta_ENER4(j2,z))*DEcoalgas(j2,z,t)**(-rho_ENER4(j2,z))]
3974                                             +[(1-beta_ENER4(j2,z))*DEoilpetrol(j2,z,t)**(-rho_ENER4(j2,z))]
3975                                              }**(-1/rho_ENER4(j2,z));
3976   
3977   EQ9_5(j2,z,t)..        DEoilpetrol(j2,z,t) =e= {[(1-beta_ENER4(j2,z))/(beta_ENER4(j2,z))]
3978                                         *[PCEcoalgas(j2,z,t)/PCEoilpetrol(j2,z,t)]}**sigma_ENER4(j2,z)*DEcoalgas(j2,z,t);
3979   
3980   EQ9_6(ene2,j2,z,t)..   DE(ene2,j2,z,t) =e= DEelec(j2,z,t) ;
3981   
3982   EQ9_7(ene5,j2,z,t)..   DE(ene5,j2,z,t) =e= [beta_ENER5_1(ene5,j2,z)*PCEcoalgas(j2,z,t)/(P4(ene5,j2,z,t)+P4(ene5,j2,z,t)*CTAX(z,t)*CO2FACTOR2(ene5,j2,z,t))]
3983                                              **sigma_ENER5_1(j2,z)*B_ENER5_1(j2,z)**(sigma_ENER5_1(j2,z)-1)
3984                                              *DEcoalgas(j2,z,t);
3985   
3986   EQ9_8(ene6,j2,z,t)..   DE(ene6,j2,z,t) =e= [beta_ENER5_2(ene6,j2,z)*PCEoilpetrol(j2,z,t)/(P4(ene6,j2,z,t)+P4(ene6,j2,z,t)*CTAX(z,t)*CO2FACTOR2(ene6,j2,z,t))]
3987                                              **sigma_ENER5_2(j2,z)*B_ENER5_2(j2,z)**(sigma_ENER5_2(j2,z)-1)
3988                                              *DEoilpetrol(j2,z,t);
3989   
3990  *==============================================================================
3991  *   5.3.2 Income and savings
3992  *==============================================================================
3993  *    5.3.2.1 Households
3994  *==============================================================================
3995   EQ10(z,t)..       YH(z,t) =e= YHL(z,t)+YHK(z,t)+SUM(i3,MARKUP(i3,z,t));
3996  * EQ10(z,t)..       YH(z,t) =e= YHL(z,t)+YHK(z,t)+SUM(i3,MARKUP(i3,z,t))+TCTAX(z,t);
3997   
3998   EQ11(z,t)..       YHL(z,t) =e= SUM[(j)$LDO(j,z),W(z,t)*LD(j,z,t)];
3999   
4000   EQ12(z,t)..       YHK(z,t) =e= SUM[(k,j)$KDO(k,j,z),R(k,j,z,t)*KD(k,j,z,t)];
4001   
4002   EQ13(z,t)..       YDH(z,t) =e= YH(z,t)-TDH(z,t);
4003   
4004   EQ14(z,t)..       CTH(z,t) =e= YDH(z,t)-SH(z,t);
4005   
4006   EQ15(z,t)..       SH(z,t) =e= PIXCON(z,t)**eta*sh0(z,t)+sh1(z,t)*YDH(z,t);
4007   
4008  *==============================================================================
4009  *    5.3.2.2 Government
4010  *==============================================================================
4011  * EQ16(z,t)..       YG(z,t) =e= TDH(z,t)+TPRODN(z,t)+TPRCTS(z,t)+TCTAX(z,t);
4012   EQ16(z,t)..       YG(z,t) =e= TDH(z,t)+TPRODN(z,t)+TPRCTS(z,t);
4013   
4014   EQ16_1(z,t)..     TCTAX(z,t) =e= sum((ene,j), PC(ene,z,t)*CTAX(z,t)*CO2FACTOR2(ene,j,z,t)*DE(ene,j,z,t));
4015   
4016   EQ17(z,t)..       TPRODN(z,t) =e= TIWT(z,t)+TIKT(z,t)+TIPT(z,t);
4017   
4018   EQ18(z,t)..       TIWT(z,t) =e= SUM[(j)$LDO(j,z),TIW(j,z,t)];
4019   
4020   EQ19(z,t)..       TIKT(z,t) =e= SUM[(k,j)$KDO(k,j,z),TIK(k,j,z,t)];
4021   
4022   EQ20(z,t)..       TIPT(z,t) =e= SUM[j,TIP(j,z,t)];
4023   
4024   EQ21(z,t)..       TPRCTS(z,t) =e= TICT(z,t)+TIMT(z,t)+TIXT(z,t);
4025   
4026   EQ22(z,t)..       TICT(z,t) =e= SUM[i,TIC(i,z,t)];
4027   
4028   EQ23(z,t)..       TIMT(z,t) =e= SUM[(i,zj)$IMO(i,zj,z),TIM(i,zj,z,t)];
4029   
4030   EQ24(z,t)..       TIXT(z,t) =e= SUM[(i,zj)$EXO(i,z,zj),TIX(i,z,zj,t)];
4031   
4032   EQ25(z,t)..       TDH(z,t) =e= PIXCON(z,t)**eta*ttdh0(z,t)+ttdh1(z,t)*YH(z,t);
4033   
4034   EQ26(j,z,t)$LDO(j,z)..
4035                   TIW(j,z,t) =e= ttiw(j,z,t)*W(z,t)*LD(j,z,t);
4036   
4037   EQ27(k,j,z,t)$KDO(k,j,z)..
4038                   TIK(k,j,z,t) =e= ttik(k,j,z,t)*R(k,j,z,t)*KD(k,j,z,t);
4039   
4040   EQ28(j,z,t)..     TIP(j,z,t) =e= ttip(j,z,t)*PP(j,z,t)*XST(j,z,t);
4041   
4042   EQ29(i,z,t)..     TIC(i,z,t) =e= ttic(i,z,t)*{[PL(i,z,t)*DD(i,z,t)]$DDO(i,z)
4043                   +[SUM[zj$IMO(i,zj,z),(1+ttim(i,zj,z,t))*IM(i,zj,z,t)*e(z,t)
4044                    *(PWM(i,zj,z,t)+SUM(ij,PWMG(ij,t)*tmrg(ij,i,zj,z)))]]};
4045   
4046   EQ30(i,zj,z,t)$IMO(i,zj,z)..
4047                   TIM(i,zj,z,t) =e= ttim(i,zj,z,t)*IM(i,zj,z,t)*e(z,t)*
4048                                     (PWM(i,zj,z,t)+SUM[ij,PWMG(ij,t)
4049                                     *tmrg(ij,i,zj,z)]);
4050   
4051   EQ31(i,z,zj,t)$EXO(i,z,zj)..
4052                   TIX(i,z,zj,t) =e= ttix(i,z,zj,t)*PE(i,z,zj,t)*EX(i,z,zj,t);
4053   
4054   EQ32(z,t)..       SG(z,t) =e= YG(z,t)-G(z,t);
4055   
4056  *==============================================================================
4057  *    5.3.2.4 Rest of the world
4058  *==============================================================================
4059   EQ33(z,t)..       YROW(z,t) =e= e(z,t)*SUM{(i,zj)$IMO(i,zj,z),IM(i,zj,z,t)*
4060                             [PWM(i,zj,z,t)+SUM(ij,PWMG(ij,t)*tmrg(ij,i,zj,z))]};
4061   
4062   EQ34(z,t)..       SROW(z,t) =e= YROW(z,t)-e(z,t)*SUM[(i,zj)$EXO(i,z,zj),
4063                                 EX(i,z,zj,t)*PWX(i,z,zj,t)]-e(z,t)
4064                                 *SUM[i$MRGNO(i,z),MRGN(i,z,t)*PWMG(i,t)];
4065   
4066   EQ35(z,t)..       SROW(z,t) =e= -CAB(z,t);
4067   
4068  *==============================================================================
4069  *   5.3.3 Demand
4070  *==============================================================================
4071   EQ36(i,z,t)..     PC(i,z,t)*C(i,z,t) =e= PC(i,z,t)*CMIN(i,z,t)+gamma_LES(i,z)
4072                                   *{CTH(z,t)-SUM[ij,PC(ij,z,t)*CMIN(ij,z,t)]};
4073   
4074   EQ37(i,z,t)..     PC(i,z,t)*INV(i,z,t) =e= gamma_INV(i,z)*IT(z,t);
4075   
4076   EQ38(i,z,t)..     PC(i,z,t)*CG(i,z,t) =e= gamma_GVT(i,z)*G(z,t);
4077   
4078   EQ39(nene,z,t)..    DIT(nene,z,t) =e= SUM[j,DI(nene,j,z,t)];
4079   
4080   EQ39_1(ene1,z,t)..  DIT(ene1,z,t) =e= SUM[j,DE(ene1,j,z,t)];
4081   
4082   EQ39_2(ene2,z,t)..  DIT(ene2,z,t) =e= SUM[j,DE(ene2,j,z,t)];
4083   
4084  *==============================================================================
4085  *   5.3.4 International trade
4086  *==============================================================================
       EQB_1(i,z)..    XS_I(i,z) =e= B_X3(i,z)*SUM[j$XSO(j,i,z),beta_X3(j,i,z)
                                      *XS(j,i,z)**(-rho_X3(i,z))]**(-1/rho_X3(i,z));
       
       EQB_2(j,i,z)${DSO(j,i,z) and [DSO(j,i,z) ne DSO_I(i,z)]}..
                       XS(j,i,z) =e= XS_I(i,z)/B_X3(i,z)**(1-sigma_X3(i,z))*
                                     [beta_X3(j,i,z)*PI(i,z)/P2(j,i,z)]
                                     **sigma_X3(i,z);
       
       EQB_3(j,i,z)${DSO(j,i,z)}..   P2(j,i,z) =e= PT(j,z);
       
       EQB_4(j,i,z)$DSO(j,i,z)..
                       P2(j,i,z)*XS(j,i,z) =e= [PET(i,z)*EXTT(j,i,z)]$EXTTO(j,i,z)
                                              +[e(z)*MRGN(i,z)*PWMG(i)]$MRGNO(i,z)
                                              +[PL(i,z)*DS(j,i,z)]$DSO(j,i,z);
       
       EQB_5(j,i,z)$DSO(j,i,z)..  EXTT(j,i,z)  =e= theta2(j,i,z)*EXT(i,z);
4105   
4106  *[Top Nest - Leontief function]
4107   EQA_1(z,t)..  XS('18_TnD','18_ELEC',z,t) =e= TnDShare(z)*XS_I('18_ELEC',z,t);
4108   EQA_2(z,t)..  XS_I('18_ELEC',z,t) =e= XS('18_TnD','18_ELEC',z,t) + POWERQ(z,t);
4109   
4110   
4111  *[Second Nest - CES function]
4112  * EQA_3(z,t)..    POWERQ(z,t) =e= B_X4(z)*SUM[POWER, beta_X4(power,z)
4113  *                                *XS(POWER,'18_ELEC',z,t)**(-rho_X4(z))]**(-1/rho_X4(z));
4114   EQA_3(z,t)..    POWERQ(z,t) =e= B_X4(z)*SUM[POWER, beta_X4(power,z)
4115                                  *XS(POWER,'18_ELEC',z,t)**(-rho_X4(z))]**(-1/rho_X4(z));
4116   
4117  * EQA_4(power,'18_ELEC',z,t)..  XS(POWER,'18_ELEC',z,t) =e= POWERQ(z,t)/B_X4(z)**(1-sigma_X4(z))*
4118  *                               [beta_X4(power,z)*PPOWER(z,t)/P2(POWER,'18_ELEC',z,t)]
4119  *                               **sigma_X4(z);
4120   
4121   EQA_4(power,'18_ELEC',z,t)..  XS(POWER,'18_ELEC',z,t) =e= POWERQ(z,t)/B_X4(z)**(1-sigma_X4(z))*
4122                                 [beta_X4(power,z)*PPOWER(z,t)/P2(POWER,'18_ELEC',z,t)]
4123                                 **sigma_X4(z);
4124   
4125  * exclude electiricity
4126   EQB_1(i2,z,t)..    XS_I(i2,z,t) =e= B_X3(i2,z)*SUM[j$XSO(j,i2,z),beta_X3(j,i2,z)
4127                                  *XS(j,i2,z,t)**(-rho_X3(i2,z))]**(-1/rho_X3(i2,z));
4128   
4129   
4130   EQB_3(j,i,z,t)${DSO(j,i,z)}..   P2(j,i,z,t) =e= PT(j,z,t);
4131   
4132   EQB_4(j,i,z,t)$DSO(j,i,z)..
4133                   P2(j,i,z,t)*XS(j,i,z,t) =e= [PET(i,z,t)*EXTT(j,i,z,t)]$EXTTO(j,i,z)
4134                                          +[e(z,t)*MRGN(i,z,t)*PWMG(i,t)]$MRGNO(i,z)
4135                                          +[PL(i,z,t)*DS(j,i,z,t)]$DSO(j,i,z);
4136   
4137   EQB_5(j,i,z,t)$DSO(j,i,z)..  EXTT(j,i,z,t)  =e= theta2(j,i,z)*EXT(i,z,t);
4138   
4139   EQ40_3(i,z,t)..   DS_I(i,z,t) =e= sum(j,DS(j,i,z,t)$DSO(j,i,z));
4140   
4141   EQ40_4(j,z,t)..   XST(j,z,t)  =e= sum(i,XS(j,i,z,t)$XSO(j,i,z));
4142   
4143   EQ40_5(i,z,t)..   XS_I(i,z,t) =e= B_X1(i,z)*{
4144                   [beta_EX_X1(i,z)*EXT(i,z,t)**rho_X1(i,z)]$EXTO(i,z)
4145                  +[beta_D_X1(i,z)*DS_I(i,z,t)**rho_X1(i,z)]$DSO_I(i,z)
4146                  +[(1-beta_EX_X1(i,z)-beta_D_X1(i,z))*MRGN(i,z,t)**rho_X1(i,z)]$MRGNO(i,z)
4147                                            }**(1/rho_X1(i,z));
4148   
4149   EQ41(i,z,t)$[EXTO(i,z) and DSO_I(i,z)]..
4150                   EXT(i,z,t) =e= {[beta_D_X1(i,z)/beta_EX_X1(i,z)]*[PET(i,z,t)/PL(i,z,t)]}
4151                                **sigma_X1(i,z)*DS_I(i,z,t);
4152   
4153   EQ42(i,z,t)$[MRGNO(i,z) and DSO_I(i,z)]..
4154                   MRGN(i,z,t) =e= {[beta_D_X1(i,z)/(1-beta_EX_X1(i,z)
4155                                   -beta_D_X1(i,z))]*[e(z,t)*PWMG(i,t)/PL(i,z,t)]}
4156                                   **sigma_X1(i,z)*DS_I(i,z,t);
4157   
4158   EQ43(i,z,t)$EXTO(i,z)..
4159                   EXT(i,z,t) =e= B_X2(i,z)*SUM[zj$EXO(i,z,zj),beta_X2(i,z,zj)
4160                                  *EX(i,z,zj,t)**rho_X2(i,z)]**(1/rho_X2(i,z));
4161   
4162   EQ44(i,z,zj,t)$EXO(i,z,zj)..
4163                   EX(i,z,zj,t) =e= EXT(i,z,t)/B_X2(i,z)**(1+sigma_X2(i,z))*
4164                                    [PE(i,z,zj,t)/(beta_X2(i,z,zj)*PET(i,z,t))]
4165                                    **sigma_X2(i,z);
4166   
4167   EQ45(i,z,t)..     Q(i,z,t) =e= B_M1(i,z)*{
4168                      [beta_M1(i,z)*IMT(i,z,t)**(-rho_M1(i,z))]$IMTO(i,z)
4169                     +[(1-beta_M1(i,z))*DD(i,z,t)**(-rho_M1(i,z))]$DDO(i,z)
4170                                          }**(-1/rho_M1(i,z));
4171   
4172   EQ46(i,z,t)$[IMTO(i,z) and DDO(i,z)]..
4173                   IMT(i,z,t) =e= {[beta_M1(i,z)/(1-beta_M1(i,z))]*[PD(i,z,t)
4174                                  /PMT(i,z,t)]}**sigma_m1(i,z)*DD(i,z,t);
4175   
4176   EQ47(i,z,t)$IMTO(i,z)..
4177                   IMT(i,z,t) =e= B_M2(i,z)*SUM[zj$IMO(i,zj,z),beta_M2(i,zj,z)*
4178                                  IM(i,zj,z,t)**(-rho_M2(i,z))]**(-1/rho_M2(i,z));
4179   
4180   EQ48(i,zj,z,t)$IMO(i,zj,z)..
4181                   IM(i,zj,z,t) =e= IMT(i,z,t)/B_M2(i,z)**(1-sigma_M2(i,z))*
4182                                    [beta_M2(i,zj,z)*PMT(i,z,t)/PM(i,zj,z,t)]
4183                                    **sigma_M2(i,z);
4184   
4185  *==============================================================================
4186  *   5.3.5 Prices
4187  *==============================================================================
4188   EQ49(j2,z,t)..     PP(j2,z,t)*XST(j2,z,t) =e= PKLE(j2,z,t)*KLE(j2,z,t)+PCI(j2,z,t)*CI(j2,z,t);
4189   
4190   EQ49_1(j3,z,t)..   PP(j3,z,t)*XST(j3,z,t) =e= PVA(j3,z,t)*VA(j3,z,t)+PCI(j3,z,t)*CI(j3,z,t)+PCE(j3,z,t)*CE(j3,z,t);
4191   
4192   EQ50(j,z,t)..      PT(j,z,t) =e= (1+ttip(j,z,t))*PP(j,z,t);
4193   
4194   EQ51(j,z,t)..      PCI(j,z,t)*CI(j,z,t) =e= SUM[nene,PC(nene,z,t)*DI(nene,j,z,t)];
4195   
4196  *Simple Nesting
4197  * EQ51_1(j,z,t)..    PCE(j,z,t)*CE(j,z,t) =e= SUM[ene,PC(ene,z,t)*DE(ene,j,z,t) + PC(ene,z,t)*CTAX(z,t)*CO2FACTOR2(ene,j,z,t)*DE(ene,j,z,t)];
4198   
4199  *============================== Level 1-3 ========================================
4200  * EQ51_1(j2,z,t)..   PCE(j2,z,t)*CE(j2,z,t) =e= [PCEelec(j2,z,t)*DEelec(j2,z,t)+PCEnelec(j2,z,t)*DEnelec(j2,z,t)];
4201   
4202  * EQ51_12(j3,z,t)..  PCE(j3,z,t)*CE(j3,z,t) =e= SUM[ene,PC(ene,z,t)*DE(ene,j3,z,t)+PC(ene,z,t)*CTAX(z,t)*CO2FACTOR2(ene,j3,z,t)*DE(ene,j3,z,t)];
4203   
4204  * EQ51_2(j2,z,t)..   PCEelec(j2,z,t)*DEelec(j2,z,t) =e= PC("18_ELEC",z,t)*DE("18_ELEC",j2,z,t);
4205   
4206  * EQ51_3(j2,z,t)..   PCEnelec(j2,z,t)*DEnelec(j2,z,t) =e= SUM[ene3,PC(ene3,z,t)*DE(ene3,j2,z,t)+PC(ene3,z,t)*CTAX(z,t)*CO2FACTOR2(ene3,j2,z,t)*DE(ene3,j2,z,t)];
4207  *================================= Level 1-5 ======================================
4208   EQ51_2(j3,z,t)..   PCE(j3,z,t)*CE(j3,z,t) =e= SUM[ene,PC(ene,z,t)*DE(ene,j3,z,t)+PC(ene,z,t)*CTAX(z,t)*CO2FACTOR2(ene,j3,z,t)*DE(ene,j3,z,t)];
4209   
4210   EQ51_1(j2,z,t)..   PCE(j2,z,t)*CE(j2,z,t) =e= [PCEelec(j2,z,t)*DEelec(j2,z,t)+PCEnelec(j2,z,t)*DEnelec(j2,z,t)];
4211   
4212   EQ51_3(j2,z,t)..   PCEelec(j2,z,t)*DEelec(j2,z,t) =e= PC("18_ELEC",z,t)*DE("18_ELEC",j2,z,t);
4213   
4214   EQ51_4(j2,z,t)..   PCEnelec(j2,z,t)*DEnelec(j2,z,t) =e= [PCEcoalgas(j2,z,t)*DEcoalgas(j2,z,t)+PCEoilpetrol(j2,z,t)*DEoilpetrol(j2,z,t)];
4215   
4216   EQ51_5(j2,z,t)..   PCEcoalgas(j2,z,t)*DEcoalgas(j2,z,t) =e= [PC("02_COAL",z,t)*DE("02_COAL",j2,z,t)+PC("02_COAL",z,t)*CTAX(z,t)*CO2FACTOR2("02_COAL",j2,z,t)*DE("02_COAL",j2,z,t)
4217                      +PC("04_GAS",z,t)*DE("04_GAS",j2,z,t)+PC("04_GAS",z,t)*CTAX(z,t)*CO2FACTOR2("04_GAS",j2,z,t)*DE("04_GAS",j2,z,t)];
4218   
4219   EQ51_6(j2,z,t)..   PCEoilpetrol(j2,z,t)*DEoilpetrol(j2,z,t) =e= [PC("03_OIL",z,t)*DE("03_OIL",j2,z,t)+PC("03_OIL",z,t)*CTAX(z,t)*CO2FACTOR2("03_OIL",j2,z,t)*DE("03_OIL",j2,z,t)
4220                      +PC("10_PETROLCOAL",z,t)*DE("10_PETROLCOAL",j2,z,t)+PC("10_PETROLCOAL",z,t)*CTAX(z,t)*CO2FACTOR2("10_PETROLCOAL",j2,z,t)*DE("10_PETROLCOAL",j2,z,t)];
4221  *==================================================================================
4222   
4223   EQ52(j,z,t)..      PVA(j,z,t)*VA(j,z,t) =e= [WC(j,z,t)*LDC(j,z,t)]$LDCO(j,z)
4224                                       +[RC(j,z,t)*KDC(j,z,t)]$KDCO(j,z);
4225   
4226   EQ52_1(j2,z,t)..   PKLE(j2,z,t)*KLE(j2,z,t) =e= [PVA(j2,z,t)*VA(j2,z,t)]$VAO(j2,z)
4227                                         +[PCE(j2,z,t)*CE(j2,z,t)]$CEO(j2,z);
4228   
4229  * Given equations 5 and 6, equation 53 is redundant
4230  * EQ53(j,z)..     WC(j,z)*LDC(j,z) =e= SUM[l$LDO(l,j,z),WTI(l,j,z)*LD(l,j,z)];
4231   EQ53(j,z,t)..     WC(j,z,t)*LDC(j,z,t) =e= WTI(j,z,t)*LD(j,z,t);
4232   
4233   EQ54(j,z,t)$LDO(j,z)..
4234                   WTI(j,z,t) =e= W(z,t)*(1+ttiw(j,z,t));
4235   
4236   EQ54_1(ene,j2,z,t)$DEO(ene,j2,z)..
4237                   P4(ene,j2,z,t) =e= PC(ene,z,t);
4238   
4239  * Given equations 7 and 8, equation 55 is redundant
4240  * EQ55(j,z)$(kmob and KDCO(j,z))..
4241  *                 RC(j,z)*KDC(j,z) =e= SUM[k$KDO(k,j,z),RTI(k,j,z)*KD(k,j,z)];
4242   
4243   EQ56(k,j,z,t)$KDO(k,j,z)..
4244                   RTI(k,j,z,t) =e= R(k,j,z,t)*(1+ttik(k,j,z,t));
4245   
4246  * EQ57(k,j,z,t)$(kmob and KDO(k,j,z))..
4247  *                 R(k,j,z,t) =e= RK(k,z,t);
4248   
4249   EQ58(i,z,t)..     P(i,z,t)*XS_I(i,z,t) =e= [PL(i,z,t)*DS_I(i,z,t)]$DSO_I(i,z)
4250                                       +[PET(i,z,t)*EXT(i,z,t)]$EXTO(i,z)
4251                                       +[e(z,t)*PWMG(i,t)*MRGN(i,z,t)]$MRGNO(i,z);
4252   
4253  * Given equations 43 and 44, equation 59 is redundant
4254  * EQ59(i,z)$EXTO(i,z)..
4255  *                 PET(i,z)*EXT(i,z) =e= SUM[zj$EXO(i,z,zj),
4256  *                                           PE(i,z,zj)*EX(i,z,zj);
4257   
4258   EQ60(i,z,zj,t)$EXO(i,z,zj)..
4259                   PE(i,z,zj,t)*(1+ttix(i,z,zj,t)) =e= e(z,t)*PWX(i,z,zj,t);
4260   
4261   EQ61(i,z,t)$DDO(i,z)..
4262                   PD(i,z,t) =e= (1+ttic(i,z,t))*PL(i,z,t);
4263   
4264   EQ62(i,zj,z,t)$IMO(i,zj,z)..
4265                   PM(i,zj,z,t) =e= (1+ttic(i,z,t))*(1+ttim(i,zj,z,t))*e(z,t)*
4266                                    (PWM(i,zj,z,t)+SUM[ij,PWMG(ij,t)
4267                                    *tmrg(ij,i,zj,z)]);
4268   
4269  * Given equations 47 and 48, equation 63 is redundant
4270  * EQ63(i,z)$IMTO(i,z)..
4271  *                 PMT(i,z)*IMT(i,z) =e= SUM[zj$IMO(i,zj,z),
4272  *                                           PM(i,zj,z)*IM(i,zj,z);
4273   
4274   EQ64(i,z,t)..     PC(i,z,t)*Q(i,z,t) =e= [PD(i,z,t)*DD(i,z,t)]$DDO(i,z)+
4275                                      [PMT(i,z,t)*IMT(i,z,t)]$IMTO(i,z);
4276   
4277  * EQ65(z,t)..       PK(z,t) =e= 1/A_K(z)*PROD[i$gamma_INV(i,z),(PC(i,z,t)
4278  *                               /gamma_INV(i,z))**gamma_INV(i,z)];
4279   
4280   EQ66(z,t)..       PIXGDP(z,t) =e=
4281                   {SUM[j,{(PVA(j,z,t)*VA(j,z,t)+TIP(j,z,t))/VA(j,z,t)}*VAO(j,z)]
4282                   /SUM[j,{(PVAO(j,z)*VAO(j,z)+TIPO(j,z))/VAO(j,z)}*VAO(j,z)]
4283                   *SUM[j,{(PVA(j,z,t)*VA(j,z,t)+TIP(j,z,t))/VA(j,z,t)}*VA(j,z,t)]
4284                   /SUM[j,{(PVAO(j,z)*VAO(j,z)+TIPO(j,z))/VAO(j,z)}*VA(j,z,t)]}**0.5;
4285   
4286   EQ67(t)..         PIXGDP_W(t) =e=
4287                   {SUM[(j,z),{(PVA(j,z,t)*VA(j,z,t)+TIP(j,z,t))/VA(j,z,t)}*VAO(j,z)/e(z,t)]
4288                   /SUM[(j,z),{(PVAO(j,z)*VAO(j,z)+TIPO(j,z))/VAO(j,z)}*VAO(j,z)/eO(z)]
4289                   *SUM[(j,z),{(PVA(j,z,t)*VA(j,z,t)+TIP(j,z,t))/VA(j,z,t)}*VA(j,z,t)/e(z,t)]
4290                   /SUM[(j,z),{(PVAO(j,z)*VAO(j,z)+TIPO(j,z))/VAO(j,z)}*VA(j,z,t)/eO(z)]}**0.5;
4291   
4292   EQ68(z,t)..       PIXCON(z,t) =e= SUM[i,PC(i,z,t)*CO(i,z)]/SUM[i,PCO(i,z)*CO(i,z)];
4293   
4294   EQ69(z,t)..       PIXINV(z,t) =e= PROD[i$gamma_INV(i,z),(PC(i,z,t)/PCO(i,z))
4295                                   **gamma_INV(i,z)];
4296   
4297   EQ70(z,t)..       PIXGVT(z,t) =e= PROD[i$gamma_GVT(i,z),(PC(i,z,t)/PCO(i,z))
4298                                   **gamma_GVT(i,z)];
4299   
4300  *==============================================================================
4301  *   5.3.6 Equilibrium
4302  *==============================================================================
4303   EQ71(i1,z,t)..    Q(i1,z,t) =e= C(i1,z,t)+CG(i1,z,t)+INV(i1,z,t)+DIT(i1,z,t);
4304   
4305   EQ71_2(i3,z,t)..  Q(i3,z,t) =e= C_Conventional(i3,z,t);
4306   
4307   EQ72(z,t)..     LS(z,t) =e= SUM[j$LDO(j,z),LD(j,z,t)];
4308   
4309   EQ73(k,z,t)$KSO(k,z)..
4310                         KS(k,z,t) =e= SUM[j$KDO(k,j,z),KD(k,j,z,t)];
4311   
4312   EQ74(z,t)..       IT(z,t) =e= SH(z,t)+SG(z,t)-CAB(z,t);
4313   
4314   EQ75(z,t)..       DEP(z,t) =e= PK(z,t)*delta(z)*SUM[k$KSO(k,z),KS(k,z,t)];
4315   
4316   EQ76(i,z,t)$DDO(i,z)..
4317                     SUM[j$DSO(j,i,z),DS(j,i,z,t)] =e= DD(i,z,t);
4318   
4319   EQ77(i,z,zj,t)$EXO(i,z,zj)..
4320                     EX(i,z,zj,t) =e= IM(i,z,zj,t);
4321   
4322   EQ78(i,z,zj,t)$EXO(i,z,zj)..
4323                     PWX(i,z,zj,t) =e= PWM(i,z,zj,t);
4324   
4325   EQ79(i,t)..       SUM[z$MRGNO(i,z),MRGN(i,z,t)] =e= SUM[(z,zj,ij)$IMO(ij,zj,z),
4326                                                   tmrg(i,ij,zj,z)*IM(ij,zj,z,t)];
4327   
4328  * Given equations 33, 34 and 77, equation 80 is redundant
4329  * EQ80..          SUM[z,SROW(z)/e(z)] =e= 0;
4330   
4331  *==============================================================================
4332  *   5.3.7 Gross domestic product
4333  *==============================================================================
4334   EQ81(z,t)..       GDP_BP(z,t) =e= SUM[j,PVA(j,z,t)*VA(j,z,t)]+TIPT(z,t);
4335   
4336   EQ82(z,t)..       GDP_MP(z,t) =e= GDP_BP(z,t)+TPRCTS(z,t);
4337   
4338   EQ83(z,t)..       GDP_IB(z,t) =e= SUM[(j)$LDO(j,z),W(z,t)*LD(j,z,t)]
4339                                +SUM[(k,j)$KDO(k,j,z),R(k,j,z,t)*KD(k,j,z,t)]
4340                                +TPRCTS(z,t)+TPRODN(z,t);
4341   
4342   EQ84(z,t)..       GDP_FD(z,t) =e=
4343                   SUM[i,PC(i,z,t)*(C(i,z,t)+CG(i,z,t)+INV(i,z,t))]
4344                  +SUM[(i,zj)$EXO(i,z,zj),e(z,t)*PWX(i,z,zj,t)*EX(i,z,zj,t)]
4345                  +SUM[i$MRGNO(i,z),e(z,t)*PWMG(i,t)*MRGN(i,z,t)]
4346                  -SUM[(i,zj)$IMO(i,zj,z),e(z,t)*IM(i,zj,z,t)
4347                      *(PWM(i,zj,z,t)+SUM[ij,PWMG(ij,t)*tmrg(ij,i,zj,z)])]
4348                  -TCTAX(z,t) ;
4349   
4350   EQ85(t)..          GDP_BP_W(t) =e= SUM[z,GDP_BP(z,t)/e(z,t)];
4351   
4352  *==============================================================================
4353  *  5.3.8 Real (volume) variables computed from price indices
4354  *==============================================================================
4355   EQ86(z,t)..       CTH_REAL(z,t) =e= CTH(z,t)/PIXCON(z,t);
4356   
4357   EQ87(z,t)..       G_REAL(z,t) =e= G(z,t)/PIXGVT(z,t);
4358   
4359   EQ88(z,t)..       GDP_BP_REAL(z,t) =e= GDP_BP(z,t)/PIXGDP(z,t);
4360   
4361   EQ89(t)..         GDP_BP_W_REAL(t) =e= GDP_BP_W(t)/PIXGDP_W(t);
4362   
4363   EQ90(z,t)..       GDP_MP_REAL(z,t) =e= GDP_MP(z,t)/PIXCON(z,t);
4364   
4365   EQ91(z,t)..       IT_REAL(z,t) =e= IT(z,t)/PIXINV(z,t);
4366   
4367   EQ92(z,t)..       CABX(z,t) =e= CAB(z,t)/[PIXGDP_W(t)*e(z,t)];
4368   
4369  *==============================================================================
4370  *   5.3.8 Dynamic equations
4371  *==============================================================================
4372   EQ94(z,t)..     IT(z,t) =e= PK(z,t)*SUM[(k,j)$KDO(k,j,z),IND(k,j,z,t)];
4373   
4374   EQ95(z,t)..     PK(z,t) =e= 1/A_K(z)*PROD[i$gamma_INV(i,z),(PC(i,z,t)
4375                                 /gamma_INV(i,z))**gamma_INV(i,z)];
4376   
4377   EQ96(k,bus,z,t)$KDO(k,bus,z)..
4378                   IND(k,bus,z,t) =e= phi(z,t)*[R(k,bus,z,t)/U(z,t)]
4379                                    **sigma_INV(k,bus,z)*KD(k,bus,z,t);
4380   
4381   EQ97a(z,t)..    IR(z,t) =e= {SUM[(k,j)$KDO(k,j,z),
4382                                R(k,j,z,t)*KD(k,j,z,t)]-DEP(z,t)}/
4383                               {PK(z,t)*SUM[(k,j)$KDO(k,j,z),KD(k,j,z,t)]};
4384   
4385   EQ97b(z,t)..    U(z,t) =e= PK(z,t)*(delta(z)+IR(z,t));
4386   
4387  *==============================================================================
4388  *   5.3.9 Other
4389  *==============================================================================
4390   WALRAS(z,t)..   LEON(z,t) =e= Q('01_AGRICULT',z,t)-C('01_AGRICULT',z,t)-CG('01_AGRICULT',z,t)-INV('01_AGRICULT',z,t)
4391                              -DIT('01_AGRICULT',z,t);
4392   
4393  *==============================================================================
4394  *   5.3.10 Backstop technology
4395  *==============================================================================
4396   EQ98(i3,z,t)..    C_Conventional(i3,z,t) =e= (1-penetration_rate(i3,z,t)*switch(i3,z,t))*[C(i3,z,t)+CG(i3,z,t)+INV(i3,z,t)+DIT(i3,z,t)];
4397   
4398   EQ99(i3,z,t)..    XDBS(i3,z,t) =e= penetration_rate(i3,z,t)*switch(i3,z,t)*[C(i3,z,t)+CG(i3,z,t)+INV(i3,z,t)+DIT(i3,z,t)];
4399   
4400   EQ100(j,z,t)..    XDBS2(j,z,t) =e= sum{i3$COMtoIND(j,i3),XDBS(i3,z,t)};
4401   
4402   EQ101(j,z,t)..    LBS(j,z,t) =e= 0.6*XDBS2(j,z,t);
4403   
4404   EQ102(k,j,z,t)..   KBS(k,j,z,t) =e= 0.3*XDBS2(j,z,t)*KDO(k,j,z)/sum(kj,KDO(kj,j,z));
4405   
4406   EQ103(i3,z,t)..   CLBS(i3,z,t)  =e= sum{j$INDtoCOM(i3,j),LBS(j,z,t)*WC(j,z,t)};
4407   
4408   EQ104(i3,z,t)..   CKBS(i3,z,t)  =e= sum{k,sum{j$INDtoCOM(i3,j),KBS(k,j,z,t)*RC(j,z,t)}};
4409   
4410   EQ105(i3,z,t)..   MARKUP(i3,z,t) =e= {PC(i3,z,t)*XDBS(i3,z,t)-CLBS(i3,z,t)-CKBS(i3,z,t)}*switch(i3,z,t) ;
4411   
4412  *================================================================================
4413  * 6 Labour Supply
4414  *================================================================================
4415   EQ106(z,t)..  LS(z,t) =e= LST(z,t) *((W(z,t)/PIXCON(z,t)) / (W_lag(z,t)/PIXCON_lag(z,t)))**elasLS(z);
4416   
4417  *==============================================================================
4418  * 7 PERMET
4419  *==============================================================================
4420   EQ107(j,z,t).. PERMIT(j,z,t) =e= sum(ene, CO2FACTOR2(ene,j,z,t)*DE(ene,j,z,t));
4421   
4422   EQ108(z,t)..  PERMIT_TOTAL(z,t) =E=  sum(j,PERMIT(j,z,t))  ;
4423   
4424  *==============================================================================
4425  *   8 Carbon Tax Revenue Recycling
4426  *==============================================================================
4427   
4428  EQ109(j,z,t)..   TIW_Share(j,z,t) =e= LD(j,z,t)/SUM(jj,LD(jj,z,t));
4429  *EQ109(j,z,t)..   TIW_Share(j,z,t) =e= 0;
4430   
4431  EQ110(j,z,t)..    ttiw(j,z,t) =e= ttiw_lag(j,z,t) + deltatiw(j,z,t);
4432   
4433  EQ111(j,z,t)..   deltatiw(j,z,t) =e= -TIW_Share(j,z,t) * REBATE(z,t) / (W(z,t)*LD(j,z,t));
4434   
4435  EQ112(z,t)..  REBATE(z,t) =e= TCTAX(z,t);
4436   
4437  *==============================================================================
4438  * 6 Numerical resolution to compute A_VA, sh0, G, G_REAL and IND
4439  *==============================================================================
4440  option cns = conopt4;
4441  *option cns = path;
4442  *option cns = minos;
4443  *option NLP = conopt4;
4444  *option NLP = minos;
4445  *option NLP = pathnlp ;
4446   
4447  *option conopt4.TolPiv = 1e-6;
4448  *option iterlim = 100;
4449  *option reslim = 1000;
4450  *option iterlim = 0;
4451  *option lmmxsf = t ;
4452   
4453  *Eliminating display of solution makes it easier to check whether model solves
4454  *and to identify year when it crashes.
4455  *option profile=1;
4456  *option profile=3;
4457  *option profiletol=10;
4458   
4459  *Fast solve option
4460  option profile=0;
4461  option limrow=0, limcol=0, solprint = off;

**** LIST OF STRAY NAMES - CHECK DECLARATIONS FOR SPURIOUS COMMAS
**** STRAY NAME commodity OF TYPE SET  


COMPILATION TIME     =        3.063 SECONDS      6 MB  45.7.0 64fbf3ce WEX-WEI
GAMS 45.7.0  64fbf3ce Jan 18, 2024          WEX-WEI x86 64bit/MS Windows - 07/25/25 13:04:55 Page 2
GUIDE_GLOBAL_CGE model GTAP11c
E x e c u t i o n


----   2617 PARAMETER TCoke_Share  

                             01_KOR      02_CHN      03_JPN      04_RUS      05_MNG      07_NAM      08_LAM      09_WEU      10_EEU      11_FSU      12_MEA      13_AFR      14_CPA      15_SAS      16_PAS      17_PAO

f22_TCOKEOVS.p3_ANTCOAL                               0.127                                                       0.002
f22_TCOKEOVS.p4_COKCOAL       1.000       0.967       0.717       1.000       1.000       1.000       1.000       0.993       1.000       1.000       1.000       1.000       1.000       1.000       0.760       0.864
f22_TCOKEOVS.p5_BITCOAL                   0.033       0.155                                                                                                                                           0.240
f22_TCOKEOVS.p6_SUBCOAL                                                                                                                                                                                           0.136
f22_TCOKEOVS.p7_LIGNITE                                                                                           0.005


----   2617 PARAMETER TBlast_Share  

                               01_KOR      03_JPN      04_RUS      07_NAM      08_LAM      09_WEU      10_EEU      15_SAS      16_PAS      17_PAO

f20_TBLASTFUR.p3_ANTCOAL                                                                    0.048
f20_TBLASTFUR.p4_COKCOAL        0.175       1.000                                           0.166       0.629
f20_TBLASTFUR.p5_BITCOAL        0.825                   1.000       1.000                   0.786       0.347       1.000       1.000       1.000
f20_TBLASTFUR.p11_COALTAR                                                       1.000                   0.024


----   2670 PARAMETER Coal_DIO  Intermediate consumption of coal products by industry j in region z

                               01_KOR      02_CHN      03_JPN      04_RUS      05_MNG      06_PRK      07_NAM      08_LAM      09_WEU      10_EEU      11_FSU      12_MEA      13_AFR      14_CPA      15_SAS      16_PAS      17_PAO

p3_ANTCOAL .01_AGRICULT                                                                   157.131                              11.065       1.652       5.913
p3_ANTCOAL .05_MINING                                                                                                                                   1.726                              28.289
p3_ANTCOAL .06_FOODPRO                                                                                 15.550                  24.630       0.004       9.704                              48.435
p3_ANTCOAL .07_TEXTILES                                                                                 1.794                               0.454                                          98.995
p3_ANTCOAL .08_WOODPRO                                                                                                                                                                      0.023
p3_ANTCOAL .09_PAPERPRO                                                                                 2.990                  14.569                                                      42.336
p3_ANTCOAL .10_PETROLCOAL     297.997
p3_ANTCOAL .11_CHEMICAL                                                                                12.560                  57.620     172.997       0.288                              52.960
p3_ANTCOAL .12_NONMET                    3247.074                                                                   0.038      67.602     122.777      28.773     205.334                 551.670                  22.050
p3_ANTCOAL .13_IRONSTL        810.207                 276.509                                                       1.150    1323.838     184.352     747.857                   2.050      70.980                 110.796       7.015
p3_ANTCOAL .14_NONFERR        133.478                                                                 187.617       5.592                   0.197      21.637                1472.532                              20.790
p3_ANTCOAL .15_MACHINE                                                                                                          0.242       0.361       0.345                               0.157
p3_ANTCOAL .16_TRANSEQ                                                                                                                                                                      0.151
p3_ANTCOAL .17_OTHERIND      1831.391       0.024                                        6042.636      20.933      42.030       0.003       8.651                               0.191     150.477                              79.715
p3_ANTCOAL .20_eCoal          570.345                                                                 344.991       7.087     131.269      45.882    1162.546                           31657.933
p3_ANTCOAL .27_CONSTRUC                                                                    25.801                                           0.009                                           2.164
p3_ANTCOAL .28_LTRP                                                                       686.139
p3_ANTCOAL .31_SER                                                                        977.878       1.579                  19.137       5.133      23.939                              27.440
p4_COKCOAL .02_COAL                                                                                                                                                                                    29.837                   0.196
p4_COKCOAL .04_GAS                                                                                                                                                  6.213
p4_COKCOAL .06_FOODPRO                                                                                                                      2.405
p4_COKCOAL .07_TEXTILES                                                                                                                     0.150
p4_COKCOAL .10_PETROLCOAL                                                                                                                   5.495
p4_COKCOAL .11_CHEMICAL                                                                                            11.698                                                                             492.039
p4_COKCOAL .12_NONMET                                                                                             914.319       0.251      22.731       0.642
p4_COKCOAL .13_IRONSTL       1682.492   62769.516   18444.505   12326.897       7.232                3451.432    1843.958    5791.605    3077.025    1942.712     148.340     740.563     398.025    9470.008    1090.270     527.644
p4_COKCOAL .14_NONFERR                                                                                              0.035                                                                                        3872.659
p4_COKCOAL .15_MACHINE                                                                                                                      0.312
p4_COKCOAL .16_TRANSEQ                                                                                                                      0.027
p4_COKCOAL .17_OTHERIND                                                                                          1455.989                   0.023                1493.021                            1574.524
p4_COKCOAL .20_eCoal                                                                                                          349.812      34.162       5.064                                       19487.628
p4_COKCOAL .31_SER                                                                                                                          0.069
p5_BITCOAL .01_AGRICULT                 11174.448                  38.742                  57.982                   0.088       9.285     716.084      93.494                 285.634                                           1.074
p5_BITCOAL .02_COAL                     14846.320                 201.119                              10.482                              22.595     194.548                  11.259                  71.912                   0.646
p5_BITCOAL .04_GAS                      21005.181                                                                                                                            1741.111                  45.107
p5_BITCOAL .05_MINING                    3955.884                                                                 147.116     221.892      10.848     396.213                 392.811     159.297                              22.071
p5_BITCOAL .06_FOODPRO                  12357.874       0.679      92.325                            1121.956     713.794     602.956     561.843      52.035      17.709      91.257     272.731                 445.286     156.527
p5_BITCOAL .07_TEXTILES       419.374    2265.548                   0.258                              31.705     103.990     199.741       9.058       2.650                   2.156     557.426      43.976     287.312      13.372
p5_BITCOAL .08_WOODPRO                    262.528                  10.288                                           0.034      15.787      33.062       0.681                  20.910       0.443                               3.782
p5_BITCOAL .09_PAPERPRO                  3670.995    1571.465       0.006                             826.262     299.119     424.880     230.501       0.946                  12.100     238.391     577.350     477.845
p5_BITCOAL .10_PETROLCOAL               24916.908      64.050                                                                  99.594      16.592     172.852               18971.567
p5_BITCOAL .11_CHEMICAL       591.844   19402.325    2592.189     161.035                            1090.252      76.037    1252.506    1153.447      14.132                1049.465     298.210     525.972    1633.911     121.647
p5_BITCOAL .12_NONMET        2025.813  110872.092    2892.146     652.890                            4691.347     307.726    3045.240     900.293    2158.563    2178.166    2548.968    3106.388   19814.941    7495.790     328.180
p5_BITCOAL .13_IRONSTL       7283.958   62966.909    2639.632   10140.474                            4793.956    2202.957   13736.528    1417.511    1046.960                2031.836     399.681   48279.516    9466.820     732.806
p5_BITCOAL .14_NONFERR        174.175   12187.789      31.175                                          36.183     644.661     122.061      19.128    1624.586       2.091      14.309                 262.551                 291.030
p5_BITCOAL .15_MACHINE                   1675.791       0.002       1.296                              28.470                  18.866      24.431      31.300                   1.307       0.886                  14.655
p5_BITCOAL .16_TRANSEQ                    321.587       4.881       4.708                                           0.993     171.059      14.604       1.037                   0.533       0.222
p5_BITCOAL .17_OTHERIND                 40992.183       6.901       2.810     108.021    2229.733     350.706     687.966     292.083      43.697      38.223     246.778    3901.522     348.724   19227.812    2578.668      14.486
p5_BITCOAL .20_eCoal        52019.320 1189069.286   61420.844   38336.769    1080.245    3610.533  101529.817   18810.777   43224.665   22701.303   34591.158   11573.034   67356.668    1460.914  213977.178   48095.270   16973.040
p5_BITCOAL .27_CONSTRUC                  3311.675                  11.698                   9.521                               4.095      13.071      25.136                              12.186
p5_BITCOAL .28_LTRP                                     0.888                   2.606     253.185                               9.974       0.314      22.321                   6.510
p5_BITCOAL .31_SER                      26497.618       0.194     644.380     254.560     360.837     182.501       0.010    2719.321     570.884     822.221                1364.070                7081.558                   4.788
p6_SUBCOAL .01_AGRICULT                                                                    11.874      20.775                   0.324                                                                                          41.665
p6_SUBCOAL .02_COAL                                                                                     0.457                                                                                                                  13.213
p6_SUBCOAL .05_MINING                                                                                              78.767                                                                 173.356                              70.604
p6_SUBCOAL .06_FOODPRO                                                                               1696.815      21.505                                                                 296.802                 201.532     266.244
p6_SUBCOAL .07_TEXTILES                                                                                                                                                                   606.624                  20.063       1.116
p6_SUBCOAL .08_WOODPRO                                                                                                                      0.054                                           0.482                               8.855
p6_SUBCOAL .09_PAPERPRO                                                                               149.331     102.282                  20.796                                         259.430                1635.298      42.179
p6_SUBCOAL .10_PETROLCOAL                                                                                                                                                                                           4.830
p6_SUBCOAL .11_CHEMICAL                                                                               367.910     134.527                   0.009                                         324.529                  17.426       0.332
p6_SUBCOAL .12_NONMET                                                                                 250.841     159.904      65.197      46.180                              23.474    3435.627               11738.066     174.113
p6_SUBCOAL .13_IRONSTL                                                                                                                    274.584                                         434.956                 166.040      83.050
p6_SUBCOAL .14_NONFERR                                                                                                                                                                                                       1101.232
p6_SUBCOAL .15_MACHINE                                                                                                                                                                      0.964
p6_SUBCOAL .16_TRANSEQ                                                                                                                                                                      0.241
p6_SUBCOAL .17_OTHERIND                                                                   456.643     344.356       7.161     293.685       0.054                                         379.501                2039.993       1.901
p6_SUBCOAL .20_eCoal          955.624                                                      70.459  138289.019    4136.613     840.930     285.264                                         967.085   51713.242   64323.895   11245.385
p6_SUBCOAL .27_CONSTRUC                                                                     1.950                                                                                          13.261
p6_SUBCOAL .28_LTRP                                                                        51.852                                           0.101
p6_SUBCOAL .31_SER                                                                         73.898     193.832                               0.054     357.275                                                                  10.623
p7_LIGNITE .01_AGRICULT                                            11.637       1.410                                           0.611      21.494       6.844                                                                   0.248
p7_LIGNITE .02_COAL                                                21.949                                                                 274.645       1.599
p7_LIGNITE .04_GAS                                                                                   1724.590                             447.093
p7_LIGNITE .05_MINING                                              18.222                                           7.739      11.274       1.432      18.556
p7_LIGNITE .06_FOODPRO                                              7.629                              13.013       7.007     621.509      52.036       7.686                                                       1.781     106.455
p7_LIGNITE .07_TEXTILES                                                                                                       617.922      10.222       1.870                                          36.936       1.463
p7_LIGNITE .08_WOODPRO                                                                                                                      0.460                                                                               0.104
p7_LIGNITE .09_PAPERPRO                                             0.014                                                      86.881      49.808       0.077                                         124.489      11.960
p7_LIGNITE .10_PETROLCOAL                                                                                                    3207.896     638.586      87.746                   1.421                 768.198
p7_LIGNITE .11_CHEMICAL                                                                               121.954                 413.268     254.845                                                      68.401       1.336
p7_LIGNITE .12_NONMET                                               3.969                                           0.937     589.072     135.531     253.855       0.030                            1594.650     124.689       1.742
p7_LIGNITE .13_IRONSTL                                                                                                         13.951      16.387       2.954                                           7.980
p7_LIGNITE .14_NONFERR                                                                                                        198.992      46.072       3.655                                          12.996
p7_LIGNITE .15_MACHINE                                              0.075                                                       0.815      12.801       0.044
p7_LIGNITE .16_TRANSEQ                                              1.119                                                       1.630       4.047
p7_LIGNITE .17_OTHERIND                                             0.128      17.858                             105.311       0.307       3.907       2.428                              47.971                  80.211
p7_LIGNITE .20_eCoal                                            24176.200    2113.971               16778.905     481.925   40166.816   41407.908    1600.446                  57.130    3309.238    8283.779    3705.547   10570.158
p7_LIGNITE .27_CONSTRUC                                             2.523                                                                  14.868       3.188
p7_LIGNITE .28_LTRP                                                            17.952                                                                   4.085
p7_LIGNITE .31_SER                                                 92.163     315.400                                         304.539     114.726     118.909                                                                  15.684
p8_PATFUEL .01_AGRICULT         0.638                                                                                           0.297       5.038
p8_PATFUEL .02_COAL                        41.473
p8_PATFUEL .05_MINING                      48.261
p8_PATFUEL .06_FOODPRO                     73.504                                                                                           0.014
p8_PATFUEL .07_TEXTILES                   103.623                                                                                           0.005
p8_PATFUEL .08_WOODPRO                      1.717
p8_PATFUEL .09_PAPERPRO                    60.824                                                                               0.429
p8_PATFUEL .11_CHEMICAL                  1537.302
p8_PATFUEL .12_NONMET                     381.409                                                                                           0.024
p8_PATFUEL .13_IRONSTL                   1323.071
p8_PATFUEL .14_NONFERR                     32.031
p8_PATFUEL .15_MACHINE                     12.134
p8_PATFUEL .16_TRANSEQ                      4.058
p8_PATFUEL .17_OTHERIND         0.535      86.106                                                                   1.391
p8_PATFUEL .27_CONSTRUC                                                                                                                     0.031
p8_PATFUEL .31_SER             23.035     158.364                                                                               1.992       6.019      25.008
p11_COALTAR.02_COAL                        51.999
p11_COALTAR.04_GAS                       1145.746                                                                                          31.988
p11_COALTAR.05_MINING                       1.360
p11_COALTAR.06_FOODPRO                      0.160
p11_COALTAR.11_CHEMICAL                  4999.060                                                                                                                                                                               8.530
p11_COALTAR.12_NONMET                     177.998                                                                                          14.643                   0.126
p11_COALTAR.13_IRONSTL                   2436.611                                                                4244.444      80.932      83.959      57.529                                                                   1.706
p11_COALTAR.14_NONFERR                    164.958                                                                                                                                                                              27.297
p11_COALTAR.15_MACHINE                     25.440
p11_COALTAR.17_OTHERIND                    57.999                                                                                                                                                                              88.713
p11_COALTAR.20_eCoal                                                                                                8.075                   3.972
p12_BKB    .01_AGRICULT                                                                                                         0.203       8.319
p12_BKB    .02_COAL                                                                                                             0.468       0.190
p12_BKB    .05_MINING                                                                                                          58.476       6.036
p12_BKB    .06_FOODPRO                                                                                                         83.178       5.597
p12_BKB    .07_TEXTILES                                                                                                                     0.016
p12_BKB    .08_WOODPRO                                                                                                                      0.006
p12_BKB    .09_PAPERPRO                                                                                                       132.341      10.661
p12_BKB    .11_CHEMICAL                                                                                                        50.696       0.824
p12_BKB    .12_NONMET                                                                                                        1082.243      46.927
p12_BKB    .13_IRONSTL                                                                                                        154.416
p12_BKB    .14_NONFERR                                                                                                          0.013       0.028
p12_BKB    .15_MACHINE                                                                                                          2.565       0.060
p12_BKB    .16_TRANSEQ                                                                                                                      0.021
p12_BKB    .17_OTHERIND                                                                                             0.860      17.512       0.133                                                                   3.821
p12_BKB    .20_eCoal                                                                                                          397.294     166.769
p12_BKB    .27_CONSTRUC                                                                                                         2.410       4.633
p12_BKB    .31_SER                                                                                                              2.139      33.705      59.879                   0.478
p15_BLFURGS.11_CHEMICAL                               103.592                                                                   6.913
p15_BLFURGS.12_NONMET                                   5.369                                                                   3.774       0.005
p15_BLFURGS.13_IRONSTL       2324.487   75071.961    5189.109    3406.648                  24.509    2572.460    1117.976    5334.923    1331.054    1496.504     311.067     432.899               10326.276    1705.334     431.976
p15_BLFURGS.14_NONFERR                                 34.170
p15_BLFURGS.20_eCoal         3113.662   27228.876    4411.176    1781.122                             517.329    1305.154    5045.327     762.006     602.775     198.803                                         586.637     131.172
p16_OGASES .02_COAL                                                                                                                        27.137
p16_OGASES .11_CHEMICAL                                                                                                                    28.216
p16_OGASES .12_NONMET                                  51.203                                                                  10.605       1.335
p16_OGASES .13_IRONSTL        183.557   11586.709     788.691                                                     186.488     356.292      94.536      30.954                                                     154.702
p16_OGASES .14_NONFERR                                                                                                                     29.973
p16_OGASES .20_eCoal          786.849    7462.731     251.557                                                      37.067     431.367      72.027      59.425                                                     123.615
p17_PEAT   .01_AGRICULT                                                                                                        48.624      14.667
p17_PEAT   .02_COAL                                                                                                                         2.417
p17_PEAT   .06_FOODPRO                                                                                                          0.249       0.028
p17_PEAT   .08_WOODPRO                                                                                                          2.743
p17_PEAT   .09_PAPERPRO                                                                                                       153.672
p17_PEAT   .10_PETROLCOAL                                          14.526                                                      57.255       1.837     465.062
p17_PEAT   .11_CHEMICAL                                                                                                         2.579
p17_PEAT   .12_NONMET                                                                                                           0.249       0.504      16.326
p17_PEAT   .13_IRONSTL                                                                                                                                  0.928
p17_PEAT   .20_eCoal                                              266.802                                                    1672.705      26.120      86.321                   8.229
p17_PEAT   .31_SER                                                                                                              2.494       1.518       5.205


----   2670 PARAMETER CoalR_DIO  Intermediate consumption ratio of coal products by industry j in region z

                               01_KOR      02_CHN      03_JPN      04_RUS      05_MNG      06_PRK      07_NAM      08_LAM      09_WEU      10_EEU      11_FSU      12_MEA      13_AFR      14_CPA      15_SAS      16_PAS      17_PAO

p3_ANTCOAL .01_AGRICULT                                                                     0.692                               0.157       0.002       0.056
p3_ANTCOAL .05_MINING                                                                                                                                   0.004                               0.078
p3_ANTCOAL .06_FOODPRO                                                                                  0.005                   0.018 5.788469E-6       0.140                               0.078
p3_ANTCOAL .07_TEXTILES                                                                                 0.054                               0.023                                           0.078
p3_ANTCOAL .08_WOODPRO                                                                                                                                                                      0.024
p3_ANTCOAL .09_PAPERPRO                                                                                 0.003                   0.018                                                       0.078
p3_ANTCOAL .10_PETROLCOAL       1.000
p3_ANTCOAL .11_CHEMICAL                                                                                 0.008                   0.032       0.107       0.020                               0.078
p3_ANTCOAL .12_NONMET                       0.028                                                             2.762262E-5       0.014       0.095       0.012       0.086                   0.078                   0.001
p3_ANTCOAL .13_IRONSTL          0.066                   0.010                                                 1.198399E-4       0.049       0.028       0.140                   0.001       0.054                   0.009       0.004
p3_ANTCOAL .14_NONFERR          0.434                                                                   0.838       0.009                   0.002       0.013                   0.990                               0.005
p3_ANTCOAL .15_MACHINE                                                                                                          0.011       0.010       0.011                               0.078
p3_ANTCOAL .16_TRANSEQ                                                                                                                                                                      0.246
p3_ANTCOAL .17_OTHERIND         1.000 5.882880E-7                                           0.692       0.029       0.018 4.804587E-6       0.153                         4.902974E-5       0.162                               0.431
p3_ANTCOAL .20_eCoal            0.010                                                                   0.001 2.859033E-4       0.001       0.001       0.031                               0.847
p3_ANTCOAL .27_CONSTRUC                                                                     0.692                                     2.637098E-4                                           0.078
p3_ANTCOAL .28_LTRP                                                                         0.692
p3_ANTCOAL .31_SER                                                                          0.692       0.004                   0.006       0.007       0.017                               1.000
p4_COKCOAL .02_COAL                                                                                                                                                                                     0.293                   0.014
p4_COKCOAL .04_GAS                                                                                                                                                  1.000
p4_COKCOAL .06_FOODPRO                                                                                                                      0.004
p4_COKCOAL .07_TEXTILES                                                                                                                     0.008
p4_COKCOAL .10_PETROLCOAL                                                                                                                   0.008
p4_COKCOAL .11_CHEMICAL                                                                                             0.053                                                                               0.453
p4_COKCOAL .12_NONMET                                                                                               0.661 5.160114E-5       0.018 2.612932E-4
p4_COKCOAL .13_IRONSTL          0.137       0.290       0.675       0.476       1.000                   0.319       0.192       0.216       0.475       0.365       0.323       0.231       0.305       0.139       0.086       0.296
p4_COKCOAL .14_NONFERR                                                                                        5.382230E-5                                                                                           0.995
p4_COKCOAL .15_MACHINE                                                                                                                      0.008
p4_COKCOAL .16_TRANSEQ                                                                                                                      0.001
p4_COKCOAL .17_OTHERIND                                                                                             0.633             4.055689E-4                   0.858                               0.076
p4_COKCOAL .20_eCoal                                                                                                            0.004       0.001 1.328759E-4                                           0.066
p4_COKCOAL .31_SER                                                                                                                    9.397527E-5
p5_BITCOAL .01_AGRICULT                     1.000                   0.769                   0.255                   1.000       0.132       0.933       0.880                   1.000                                           0.025
p5_BITCOAL .02_COAL                         0.994                   0.902                               0.958                               0.069       0.992                   1.000                   0.707                   0.046
p5_BITCOAL .04_GAS                          0.948                                                                                                                               1.000                   1.000
p5_BITCOAL .05_MINING                       0.988                                                                   0.630       0.761       0.592       0.951                   1.000       0.441                               0.238
p5_BITCOAL .06_FOODPRO                      0.994       1.000       0.924                               0.394       0.962       0.452       0.903       0.750       1.000       1.000       0.441                   0.687       0.296
p5_BITCOAL .07_TEXTILES         1.000       0.956                   1.000                               0.946       1.000       0.244       0.455       0.586                   1.000       0.441       0.544       0.930       0.923
p5_BITCOAL .08_WOODPRO                      0.994                   1.000                                           1.000       0.852       0.985       1.000                   1.000       0.467                               0.297
p5_BITCOAL .09_PAPERPRO                     0.984       1.000       0.285                               0.844       0.745       0.523       0.739       0.925                   1.000       0.441       0.823       0.225
p5_BITCOAL .10_PETROLCOAL                   1.000       1.000                                                                   0.030       0.025       0.238                   1.000
p5_BITCOAL .11_CHEMICAL         1.000       0.748       0.962       1.000                               0.685       0.342       0.702       0.716       0.980                   1.000       0.441       0.484       0.989       0.932
p5_BITCOAL .12_NONMET           1.000       0.967       0.981       0.994                               0.949       0.223       0.626       0.697       0.878       0.914       0.991       0.438       0.926       0.387       0.651
p5_BITCOAL .13_IRONSTL          0.593       0.291       0.097       0.392                               0.443       0.230       0.513       0.219       0.197                   0.633       0.307       0.709       0.746       0.411
p5_BITCOAL .14_NONFERR          0.566       0.984       0.477                                           0.162       0.991       0.380       0.201       0.985       1.000       0.010                   0.953                   0.205
p5_BITCOAL .15_MACHINE                      0.978       1.000       0.945                               1.000                   0.839       0.643       0.988                   1.000       0.441                   1.000
p5_BITCOAL .16_TRANSEQ                      0.988       1.000       0.808                                           1.000       0.991       0.781       1.000                   1.000       0.361
p5_BITCOAL .17_OTHERIND                     0.996       1.000       0.956       0.858       0.255       0.490       0.299       0.484       0.774       0.940       0.142       1.000       0.376       0.924       0.548       0.078
p5_BITCOAL .20_eCoal            0.906       0.972       0.929       0.594       0.338       0.981       0.394       0.759       0.469       0.347       0.908       0.983       0.999       0.039       0.729       0.412       0.436
p5_BITCOAL .27_CONSTRUC                     1.000                   0.823                   0.255                               0.629       0.401       0.887                               0.441
p5_BITCOAL .28_LTRP                                     1.000                   0.127       0.255                               1.000       0.757       0.845                   1.000
p5_BITCOAL .31_SER                          0.994       1.000       0.875       0.447       0.255       0.483       1.000       0.892       0.780       0.582                   1.000                   1.000                   0.154
p6_SUBCOAL .01_AGRICULT                                                                     0.052       1.000                   0.005                                                                                           0.969
p6_SUBCOAL .02_COAL                                                                                     0.042                                                                                                                   0.940
p6_SUBCOAL .05_MINING                                                                                               0.337                                                                   0.480                               0.762
p6_SUBCOAL .06_FOODPRO                                                                                  0.596       0.029                                                                   0.480                   0.311       0.503
p6_SUBCOAL .07_TEXTILES                                                                                                                                                                     0.480                   0.065       0.077
p6_SUBCOAL .08_WOODPRO                                                                                                                      0.002                                           0.508                               0.695
p6_SUBCOAL .09_PAPERPRO                                                                                 0.153       0.255                   0.067                                           0.480                   0.770       1.000
p6_SUBCOAL .10_PETROLCOAL                                                                                                                                                                                           1.000
p6_SUBCOAL .11_CHEMICAL                                                                                 0.231       0.605             5.588890E-6                                           0.480                   0.011       0.003
p6_SUBCOAL .12_NONMET                                                                                   0.051       0.116       0.013       0.036                               0.009       0.484                   0.606       0.345
p6_SUBCOAL .13_IRONSTL                                                                                                                      0.042                                           0.334                   0.013       0.047
p6_SUBCOAL .14_NONFERR                                                                                                                                                                                                          0.776
p6_SUBCOAL .15_MACHINE                                                                                                                                                                      0.480
p6_SUBCOAL .16_TRANSEQ                                                                                                                                                                      0.393
p6_SUBCOAL .17_OTHERIND                                                                     0.052       0.481       0.003       0.487       0.001                                           0.410                   0.434       0.010
p6_SUBCOAL .20_eCoal            0.017                                                       0.019       0.537       0.167       0.009       0.004                                           0.026       0.176       0.551       0.289
p6_SUBCOAL .27_CONSTRUC                                                                     0.052                                                                                           0.480
p6_SUBCOAL .28_LTRP                                                                         0.052                                           0.243
p6_SUBCOAL .31_SER                                                                          0.052       0.513                         7.403284E-5       0.253                                                                   0.342
p7_LIGNITE .01_AGRICULT                                             0.231       1.000                                           0.009       0.028       0.064                                                                   0.006
p7_LIGNITE .02_COAL                                                 0.098                                                                   0.840       0.008
p7_LIGNITE .04_GAS                                                                                      1.000                               0.933
p7_LIGNITE .05_MINING                                               1.000                                           0.033       0.039       0.078       0.045
p7_LIGNITE .06_FOODPRO                                              0.076                               0.005       0.009       0.466       0.084       0.111                                                       0.003       0.201
p7_LIGNITE .07_TEXTILES                                                                                                         0.756       0.514       0.414                                           0.456       0.005
p7_LIGNITE .08_WOODPRO                                                                                                                      0.014                                                                               0.008
p7_LIGNITE .09_PAPERPRO                                             0.715                                                       0.107       0.160       0.075                                           0.177       0.006
p7_LIGNITE .10_PETROLCOAL                                                                                                       0.953       0.964       0.121             7.490122E-5                   1.000
p7_LIGNITE .11_CHEMICAL                                                                                 0.077                   0.232       0.158                                                       0.063       0.001
p7_LIGNITE .12_NONMET                                               0.006                                           0.001       0.121       0.105       0.103 1.275351E-5                               0.074       0.006       0.003
p7_LIGNITE .13_IRONSTL                                                                                                          0.001       0.003       0.001                                     1.172100E-4
p7_LIGNITE .14_NONFERR                                                                                                          0.620       0.483       0.002                                           0.047
p7_LIGNITE .15_MACHINE                                              0.055                                                       0.036       0.337       0.001
p7_LIGNITE .16_TRANSEQ                                              0.192                                                       0.009       0.216
p7_LIGNITE .17_OTHERIND                                             0.044       0.142                               0.046       0.001       0.069       0.060                               0.052                   0.017
p7_LIGNITE .20_eCoal                                                0.374       0.662                   0.065       0.019       0.435       0.632       0.042                   0.001       0.088       0.028       0.032       0.272
p7_LIGNITE .27_CONSTRUC                                             0.177                                                                   0.456       0.113
p7_LIGNITE .28_LTRP                                                             0.873                                                                   0.155
p7_LIGNITE .31_SER                                                  0.125       0.553                                           0.100       0.157       0.084                                                                   0.504
p8_PATFUEL .01_AGRICULT         1.000                                                                                           0.004       0.007
p8_PATFUEL .02_COAL                         0.003
p8_PATFUEL .05_MINING                       0.012
p8_PATFUEL .06_FOODPRO                      0.006                                                                                     2.218913E-5
p8_PATFUEL .07_TEXTILES                     0.044                                                                                     2.311140E-4
p8_PATFUEL .08_WOODPRO                      0.006
p8_PATFUEL .09_PAPERPRO                     0.016                                                                               0.001
p8_PATFUEL .11_CHEMICAL                     0.059
p8_PATFUEL .12_NONMET                       0.003                                                                                     1.874588E-5
p8_PATFUEL .13_IRONSTL                      0.006
p8_PATFUEL .14_NONFERR                      0.003
p8_PATFUEL .15_MACHINE                      0.007
p8_PATFUEL .16_TRANSEQ                      0.012
p8_PATFUEL .17_OTHERIND   2.920424E-4       0.002                                                                   0.001
p8_PATFUEL .27_CONSTRUC                                                                                                                     0.001
p8_PATFUEL .31_SER              1.000       0.006                                                                               0.001       0.008       0.018
p11_COALTAR.02_COAL                         0.003
p11_COALTAR.04_GAS                          0.052                                                                                           0.067
p11_COALTAR.05_MINING                 3.395327E-4
p11_COALTAR.06_FOODPRO                1.287049E-5
p11_COALTAR.11_CHEMICAL                     0.193                                                                                                                                                                               0.065
p11_COALTAR.12_NONMET                       0.002                                                                                           0.011             5.294386E-5
p11_COALTAR.13_IRONSTL                      0.011                                                                   0.442       0.003       0.013       0.011                                                                   0.001
p11_COALTAR.14_NONFERR                      0.013                                                                                                                                                                               0.019
p11_COALTAR.15_MACHINE                      0.015
p11_COALTAR.17_OTHERIND                     0.001                                                                                                                                                                               0.480
p11_COALTAR.20_eCoal                                                                                          3.257957E-4             6.063010E-5
p12_BKB    .01_AGRICULT                                                                                                         0.003       0.011
p12_BKB    .02_COAL                                                                                                             1.000       0.001
p12_BKB    .05_MINING                                                                                                           0.201       0.330
p12_BKB    .06_FOODPRO                                                                                                          0.062       0.009
p12_BKB    .07_TEXTILES                                                                                                                     0.001
p12_BKB    .08_WOODPRO                                                                                                                1.667595E-4
p12_BKB    .09_PAPERPRO                                                                                                         0.163       0.034
p12_BKB    .11_CHEMICAL                                                                                                         0.028       0.001
p12_BKB    .12_NONMET                                                                                                           0.222       0.036
p12_BKB    .13_IRONSTL                                                                                                          0.006
p12_BKB    .14_NONFERR                                                                                                    4.142447E-5 2.976977E-4
p12_BKB    .15_MACHINE                                                                                                          0.114       0.002
p12_BKB    .16_TRANSEQ                                                                                                                      0.001
p12_BKB    .17_OTHERIND                                                                                       3.737112E-4       0.029       0.002                                                                   0.001
p12_BKB    .20_eCoal                                                                                                            0.004       0.003
p12_BKB    .27_CONSTRUC                                                                                                         0.371       0.142
p12_BKB    .31_SER                                                                                                              0.001       0.046       0.042             3.500794E-4
p15_BLFURGS.11_CHEMICAL                                 0.038                                                                   0.004
p15_BLFURGS.12_NONMET                                   0.002                                                                   0.001 3.873115E-6
p15_BLFURGS.13_IRONSTL          0.189       0.347       0.190       0.132                   1.000       0.238       0.116       0.199       0.205       0.281       0.677       0.135                   0.152       0.134       0.242
p15_BLFURGS.14_NONFERR                                  0.523
p15_BLFURGS.20_eCoal            0.054       0.022       0.067       0.028                               0.002       0.053       0.055       0.012       0.016       0.017                                           0.005       0.003
p16_OGASES .02_COAL                                                                                                                         0.083
p16_OGASES .11_CHEMICAL                                                                                                                     0.018
p16_OGASES .12_NONMET                                   0.017                                                                   0.002       0.001
p16_OGASES .13_IRONSTL          0.015       0.054       0.029                                                       0.019       0.013       0.015       0.006                                                       0.012
p16_OGASES .14_NONFERR                                                                                                                      0.314
p16_OGASES .20_eCoal            0.014       0.006       0.004                                                       0.001       0.005       0.001       0.002                                                       0.001
p17_PEAT   .01_AGRICULT                                                                                                         0.691       0.019
p17_PEAT   .02_COAL                                                                                                                         0.007
p17_PEAT   .06_FOODPRO                                                                                                    1.871639E-4 4.502143E-5
p17_PEAT   .08_WOODPRO                                                                                                          0.148
p17_PEAT   .09_PAPERPRO                                                                                                         0.189
p17_PEAT   .10_PETROLCOAL                                           1.000                                                       0.017       0.003       0.641
p17_PEAT   .11_CHEMICAL                                                                                                         0.001
p17_PEAT   .12_NONMET                                                                                                     5.127221E-5 3.903325E-4       0.007
p17_PEAT   .13_IRONSTL                                                                                                                            1.742453E-4
p17_PEAT   .20_eCoal                                                0.004                                                       0.018 3.987518E-4       0.002             1.220477E-4
p17_PEAT   .31_SER                                                                                                              0.001       0.002       0.004


----   2670 PARAMETER CoalR_CO  Household consumption ratio of coal products in region z

                01_KOR      02_CHN      04_RUS      05_MNG      06_PRK      08_LAM      09_WEU      10_EEU      11_FSU      12_MEA      13_AFR      14_CPA      15_SAS      17_PAO

p3_ANTCOAL                                                       0.692                   0.062 3.252798E-4       0.012                   0.010       1.000
p5_BITCOAL                   0.942       0.794       0.735       0.255       0.982       0.399       0.846       0.812       1.000       0.989                   0.844       0.018
p6_SUBCOAL                                                       0.052                   0.050 1.067961E-5                                                                   0.767
p7_LIGNITE                               0.206       0.265                               0.242       0.117       0.175                                                       0.128
p8_PATFUEL       1.000       0.058                                                       0.077
p12_BKB                                                                                  0.120       0.036                                                       0.156       0.086
p17_PEAT                           1.401441E-5                               0.018       0.052 1.962603E-4       0.001                   0.001


----   2719 PARAMETER Gas_DIO  Intermediate consumption of gas products by industry j in region z

                                01_KOR      02_CHN      03_JPN      04_RUS      07_NAM      08_LAM      09_WEU      10_EEU      11_FSU      12_MEA      13_AFR      14_CPA      15_SAS      16_PAS      17_PAO

p13_GASWKSGS.02_COAL                                                                                                 5.415
p13_GASWKSGS.04_GAS                      -3928.132                                                                -272.363                  -1.059    -442.025                 -24.050                  -0.817
p13_GASWKSGS.05_MINING                      39.255                                                                                                       6.470
p13_GASWKSGS.06_FOODPRO                     45.495                                                                                                      22.270
p13_GASWKSGS.07_TEXTILES                     0.201
p13_GASWKSGS.09_PAPERPRO                     1.812                                                                                                      84.781
p13_GASWKSGS.10_PETROLCOAL                                                                                         -69.793
p13_GASWKSGS.11_CHEMICAL                   656.661                                                                                                     113.693
p13_GASWKSGS.12_NONMET                     285.452                                                                                                       3.525
p13_GASWKSGS.13_IRONSTL                                                                                                                                126.462                  24.050
p13_GASWKSGS.14_NONFERR                   1803.905                                                                                                      37.059
p13_GASWKSGS.15_MACHINE                    127.024                                                                                                       2.279
p13_GASWKSGS.16_TRANSEQ                      4.026
p13_GASWKSGS.17_OTHERIND                    97.633                                                                                                      45.486
p13_GASWKSGS.21_eGas                                                                                               335.365
p13_GASWKSGS.31_SER                        192.650                                                                                                                                                       0.817
p20_NATGAS  .01_AGRICULT         4.029     103.771       1.478    1163.601    2435.281      33.432    3586.149     439.592     428.503    2842.662                             196.499       4.124      57.957
p20_NATGAS  .02_COAL                                                           100.896      82.035      12.123      10.623                                                                               0.331
p20_NATGAS  .04_GAS                       8867.481   -1566.761   10132.255   75367.531   22798.475    9129.024     757.477    7005.504   30978.434    3558.481                 874.010   13564.017    1427.067
p20_NATGAS  .05_MINING                    1725.238                1867.455    5469.596     986.019     671.193     166.025     683.737      45.830       0.131                                         124.775
p20_NATGAS  .06_FOODPRO        722.549    5715.051    1844.947    1255.384   17148.455    3166.670   13334.333    2272.790    1171.045     586.008     217.907      17.095                 379.040    1170.664
p20_NATGAS  .07_TEXTILES       220.126    4454.597     204.719      52.449    1273.439    1315.006    2647.076     295.462     287.611     128.606      36.924       3.869                 210.380     122.586
p20_NATGAS  .08_WOODPRO         24.147     376.070      23.388     217.685    1756.784      10.504     421.512     137.292      16.570                   1.335                               5.062      67.394
p20_NATGAS  .09_PAPERPRO       268.387    2083.010     692.135     519.543   10004.284    2185.369    6157.753     780.392      86.942      66.044      18.076       4.499                 299.827     314.243
p20_NATGAS  .10_PETROLCOAL    2067.606   10821.399     188.913               23492.593    8481.813    9827.281    1836.002    1133.837   20546.151    3216.065                6711.827    2309.310     181.090
p20_NATGAS  .11_CHEMICAL      1549.235   25023.936    1970.016    7939.272   58081.654    6874.991   19231.952    2101.895    2909.096   17930.509    1813.522     305.916     677.231    5804.665    1503.119
p20_NATGAS  .12_NONMET         519.826   13617.301     766.582    7647.908   10401.610    4056.977   12957.827    2798.971    2381.522    6039.976    1551.707     134.963       5.920    1140.704    1148.608
p20_NATGAS  .13_IRONSTL       1483.836   10620.874    2313.316   11004.617   11175.093    6848.731    7967.481    1506.036    2195.388    3866.103     695.497     226.738     620.814     976.912     201.194
p20_NATGAS  .14_NONFERR        333.302    4370.605     369.681                4334.977     700.156    3434.747     648.932     251.788                  34.224                              91.507    2743.451
p20_NATGAS  .15_MACHINE       1124.899   11672.636    1422.420    1273.513    8644.179      20.274    6157.551    1036.532     210.727                  17.863      19.795                 837.405      13.768
p20_NATGAS  .16_TRANSEQ        656.209    3736.215     657.237     753.172    4472.050     194.519    2359.934     611.557      93.474       3.705      11.006      10.797                  43.624       1.576
p20_NATGAS  .17_OTHERIND       496.077    8661.666     517.249     645.484   15745.810    8034.361    3541.503     480.598    1232.813   90199.919    1151.395       2.339   18220.304   19069.114       6.690
p20_NATGAS  .21_eGas         24731.244   48841.277   63464.170  193839.210  297976.796   84779.702  125032.500   13472.249   57175.132  249321.448   13690.494    7067.000   37684.730   82866.672   13272.344
p20_NATGAS  .27_CONSTRUC         0.117     235.159      56.382    3551.669     687.757      51.245    2480.411     287.792     124.406       5.400       0.026                  24.091       5.088      71.427
p20_NATGAS  .28_LTRP          1094.001   25022.417      33.415   30955.633   27077.415    8177.701    3179.212     956.170    7759.604    7946.502       1.959      34.000    5477.779    1878.569     463.028
p20_NATGAS  .29_WTRP                                                                                    75.337
p20_NATGAS  .31_SER           3324.659   12438.142    9408.897    5317.924   96687.906    2614.686   42999.850    5633.215   12866.554   15164.253      43.008                3136.024     752.308    1164.902
p23_NGL     .04_GAS                                                                                                                        131.089
p23_NGL     .11_CHEMICAL                                 1.607                                                      25.130
p23_NGL     .13_IRONSTL                                                                                              3.076
p23_NGL     .14_NONFERR                                                                                              2.417
p23_NGL     .17_OTHERIND                                                                                                         0.500
p23_NGL     .21_eGas                                     0.877


----   2719 PARAMETER GasR_DIO  Intermediate consumption ratio of gas products by industry j in region z

                                01_KOR      02_CHN      03_JPN      04_RUS      07_NAM      08_LAM      09_WEU      10_EEU      11_FSU      12_MEA      13_AFR      14_CPA      15_SAS      16_PAS      17_PAO

p13_GASWKSGS.02_COAL                                                                                                 0.338
p13_GASWKSGS.05_MINING                       0.022                                                                                                       0.980
p13_GASWKSGS.06_FOODPRO                      0.008                                                                                                       0.093
p13_GASWKSGS.07_TEXTILES               4.518723E-5
p13_GASWKSGS.09_PAPERPRO                     0.001                                                                                                       0.824
p13_GASWKSGS.11_CHEMICAL                     0.026                                                                                                       0.059
p13_GASWKSGS.12_NONMET                       0.021                                                                                                       0.002
p13_GASWKSGS.13_IRONSTL                                                                                                                                  0.154                   0.037
p13_GASWKSGS.14_NONFERR                      0.292                                                                                                       0.520
p13_GASWKSGS.15_MACHINE                      0.011                                                                                                       0.113
p13_GASWKSGS.16_TRANSEQ                      0.001
p13_GASWKSGS.17_OTHERIND                     0.011                                                                                                       0.038
p13_GASWKSGS.21_eGas                                                                                                 0.024
p13_GASWKSGS.31_SER                          0.015                                                                                                                                                       0.001
p20_NATGAS  .01_AGRICULT         1.000       1.000       1.000       1.000       1.000       1.000       1.000       1.000       1.000       1.000                               1.000       1.000       1.000
p20_NATGAS  .02_COAL                                                             1.000       1.000       1.000       0.662                                                                               1.000
p20_NATGAS  .04_GAS                          1.795                   1.000       1.000       1.000       1.000       1.561       1.000       0.996       1.142                   1.028       1.000       1.001
p20_NATGAS  .05_MINING                       0.978                   1.000       1.000       1.000       1.000       1.000       1.000       1.000       0.020                                           1.000
p20_NATGAS  .06_FOODPRO          1.000       0.992       1.000       1.000       1.000       1.000       1.000       1.000       1.000       1.000       0.907       1.000                   1.000       1.000
p20_NATGAS  .07_TEXTILES         1.000       1.000       1.000       1.000       1.000       1.000       1.000       1.000       1.000       1.000       1.000       1.000                   1.000       1.000
p20_NATGAS  .08_WOODPRO          1.000       1.000       1.000       1.000       1.000       1.000       1.000       1.000       1.000                   1.000                               1.000       1.000
p20_NATGAS  .09_PAPERPRO         1.000       0.999       1.000       1.000       1.000       1.000       1.000       1.000       1.000       1.000       0.176       1.000                   1.000       1.000
p20_NATGAS  .10_PETROLCOAL       1.000       1.000       1.000                   1.000       1.000       1.000       1.040       1.000       1.000       1.000                   1.000       1.000       1.000
p20_NATGAS  .11_CHEMICAL         1.000       0.974       0.999       1.000       1.000       1.000       1.000       0.988       1.000       1.000       0.941       1.000       1.000       1.000       1.000
p20_NATGAS  .12_NONMET           1.000       0.979       1.000       1.000       1.000       1.000       1.000       1.000       1.000       1.000       0.998       1.000       1.000       1.000       1.000
p20_NATGAS  .13_IRONSTL          1.000       1.000       1.000       1.000       1.000       1.000       1.000       0.998       1.000       1.000       0.846       1.000       0.963       1.000       1.000
p20_NATGAS  .14_NONFERR          1.000       0.708       1.000                   1.000       1.000       1.000       0.996       1.000                   0.480                               1.000       1.000
p20_NATGAS  .15_MACHINE          1.000       0.989       1.000       1.000       1.000       1.000       1.000       1.000       1.000                   0.887       1.000                   1.000       1.000
p20_NATGAS  .16_TRANSEQ          1.000       0.999       1.000       1.000       1.000       1.000       1.000       1.000       1.000       1.000       1.000       1.000                   1.000       1.000
p20_NATGAS  .17_OTHERIND         1.000       0.989       1.000       1.000       1.000       1.000       1.000       1.000       1.000       1.000       0.962       1.000       1.000       1.000       1.000
p20_NATGAS  .21_eGas             1.000       1.000       1.000       1.000       1.000       1.000       1.000       0.976       1.000       1.000       1.000       1.000       1.000       1.000       1.000
p20_NATGAS  .27_CONSTRUC         1.000       1.000       1.000       1.000       1.000       1.000       1.000       1.000       1.000       1.000       1.000                   1.000       1.000       1.000
p20_NATGAS  .28_LTRP             1.000       1.000       1.000       1.000       1.000       1.000       1.000       1.000       1.000       1.000       1.000       1.000       1.000       1.000       1.000
p20_NATGAS  .29_WTRP                                                                                     1.000
p20_NATGAS  .31_SER              1.000       0.985       1.000       1.000       1.000       1.000       1.000       1.000       1.000       1.000       1.000                   1.000       1.000       0.999
p23_NGL     .04_GAS                                                                                                                          0.004
p23_NGL     .11_CHEMICAL                                 0.001                                                       0.012
p23_NGL     .13_IRONSTL                                                                                              0.002
p23_NGL     .14_NONFERR                                                                                              0.004
p23_NGL     .17_OTHERIND                                                                                                   4.058173E-4
p23_NGL     .21_eGas                               1.382651E-5


----   2719 PARAMETER GasR_CO  Household consumption ratio of gas products in region z

                  01_KOR      02_CHN      03_JPN      04_RUS      07_NAM      08_LAM      09_WEU      10_EEU      11_FSU      12_MEA      13_AFR      15_SAS      16_PAS      17_PAO

p13_GASWKSGS                   0.019                                                                                     1.747813E-5
p20_NATGAS         1.000       0.981       1.000       1.000       1.000       1.000       1.000       1.000       1.000       1.000       1.000       1.000       1.000       1.000


----   2765 PARAMETER Oil_DIO  Intermediate consumption of crudeoil by industry j in region z

                                02_CHN      03_JPN      04_RUS      08_LAM      10_EEU      11_FSU      12_MEA      16_PAS      17_PAO

p22_CRUDEOIL.01_AGRICULT                                11.276
p22_CRUDEOIL.02_COAL                                     0.151
p22_CRUDEOIL.03_OIL           2684.200                  91.766     264.506       2.002    1103.552    3270.762      19.075      22.890
p22_CRUDEOIL.06_FOODPRO                                  1.407       0.190                                                       3.850
p22_CRUDEOIL.07_TEXTILES                                                                                                        11.137
p22_CRUDEOIL.08_WOODPRO                                  0.010
p22_CRUDEOIL.09_PAPERPRO                                             8.574
p22_CRUDEOIL.10_PETROLCOAL                                                                             402.394     539.716
p22_CRUDEOIL.11_CHEMICAL                     2.576       0.010       0.042
p22_CRUDEOIL.12_NONMET                                   0.010       0.927
p22_CRUDEOIL.13_IRONSTL                                 11.758       0.893
p22_CRUDEOIL.15_MACHINE                                  0.050
p22_CRUDEOIL.17_OTHERIND       580.800                             206.435                            1569.039
p22_CRUDEOIL.27_CONSTRUC                                 4.693
p22_CRUDEOIL.28_LTRP                                                 3.381                   1.470       4.410
p22_CRUDEOIL.31_SER                                      1.729


----   2765 PARAMETER OilR_DIO  Intermediate consumption ratio of crudeoil by industry j in region z

                                02_CHN      03_JPN      04_RUS      08_LAM      10_EEU      11_FSU      12_MEA      16_PAS      17_PAO

p22_CRUDEOIL.01_AGRICULT                                 1.000
p22_CRUDEOIL.02_COAL                                     1.000
p22_CRUDEOIL.03_OIL              1.000                   1.000       1.000       1.000       1.000       1.000       1.000       1.000
p22_CRUDEOIL.06_FOODPRO                                  1.000       1.000                                                       1.000
p22_CRUDEOIL.07_TEXTILES                                                                                                         1.000
p22_CRUDEOIL.08_WOODPRO                                  1.000
p22_CRUDEOIL.09_PAPERPRO                                             1.000
p22_CRUDEOIL.10_PETROLCOAL                                                                               1.000       1.000
p22_CRUDEOIL.11_CHEMICAL                     1.000       1.000       1.000
p22_CRUDEOIL.12_NONMET                                   1.000       1.000
p22_CRUDEOIL.13_IRONSTL                                  1.000       1.000
p22_CRUDEOIL.15_MACHINE                                  1.000
p22_CRUDEOIL.17_OTHERIND         1.000                               1.000                               1.000
p22_CRUDEOIL.27_CONSTRUC                                 1.000
p22_CRUDEOIL.28_LTRP                                                 1.000                   1.000       1.000
p22_CRUDEOIL.31_SER                                      1.000


----   2818 PARAMETER Oilp_DIO  Intermediate consumption of petrolcoal by industry j in region z

                                  01_KOR      02_CHN      03_JPN      04_RUS      05_MNG      06_PRK      07_NAM      08_LAM      09_WEU      10_EEU      11_FSU      12_MEA      13_AFR      14_CPA      15_SAS      16_PAS      17_PAO

p9_OVENCOKE   .01_AGRICULT                   381.895       0.023                                                                   0.163       2.822
p9_OVENCOKE   .02_COAL                       313.094                                                                                           0.007
p9_OVENCOKE   .05_MINING                    1018.002       2.708      30.964                             117.191      40.076       4.199       0.469      65.726                                                                  29.665
p9_OVENCOKE   .06_FOODPRO                    806.990                   0.007                                          16.582      92.027      30.435       1.800
p9_OVENCOKE   .07_TEXTILES                     7.936       0.033       0.021                                                       0.031       0.016
p9_OVENCOKE   .08_WOODPRO                      3.776                                                                                           0.028
p9_OVENCOKE   .09_PAPERPRO                     1.600       1.282       0.028                                           4.574
p9_OVENCOKE   .10_PETROLCOAL                                                                                                                 -15.861
p9_OVENCOKE   .11_CHEMICAL                 16007.839      29.588      18.850                                           0.480      58.124      56.545     221.351                                                                   4.514
p9_OVENCOKE   .12_NONMET                    8578.906     140.324      59.613                              16.526      50.974     179.345     145.375      29.730      43.548                                                       2.579
p9_OVENCOKE   .13_IRONSTL        660.820   29455.033    1489.206   18359.549                  11.281    2276.786    2336.065    2438.980     368.990    2117.590     182.809     142.936    3587.556    5147.528     480.828     287.618
p9_OVENCOKE   .14_NONFERR                   2599.407     133.890                                           8.197     261.515      22.073      24.623      73.832                                                                  70.937
p9_OVENCOKE   .15_MACHINE                   4612.819       0.486       1.379                                           1.075      22.169       4.113      11.057
p9_OVENCOKE   .16_TRANSEQ                     92.866      53.267      13.541                                           0.580      11.291       0.042       4.065
p9_OVENCOKE   .17_OTHERIND                   624.203                   0.561      31.651                               0.760       0.069       0.090                   7.307      20.541
p9_OVENCOKE   .22_eOil                                    14.288       0.727                                                                   0.716
p9_OVENCOKE   .27_CONSTRUC                    62.081                   0.007                                                       1.016       0.002
p9_OVENCOKE   .28_LTRP                         0.123
p9_OVENCOKE   .31_SER                        150.856     123.675                                                                  52.266      40.513
p10_GASCOKE   .13_IRONSTL                                                                                                                                              3.598
p14_COKEOVGS  .02_COAL                        41.227
p14_COKEOVGS  .05_MINING                     169.267                                                                               3.203
p14_COKEOVGS  .06_FOODPRO                      2.378
p14_COKEOVGS  .09_PAPERPRO                     6.343
p14_COKEOVGS  .10_PETROLCOAL                                                                                                      13.091    -221.874
p14_COKEOVGS  .11_CHEMICAL                  3167.713     588.525                                                                  40.413      13.852                                                                   4.944
p14_COKEOVGS  .12_NONMET                    1424.698     131.186      19.076                                                      11.414      42.320
p14_COKEOVGS  .13_IRONSTL       1657.906   13609.157    3091.753    3159.852                             479.880    1424.462    1450.924     397.517     679.594      72.126     454.959                1791.642     852.509      18.816
p14_COKEOVGS  .14_NONFERR                    766.657                                                                                           1.648
p14_COKEOVGS  .15_MACHINE                    240.621                   6.664                                                       8.727       0.067
p14_COKEOVGS  .16_TRANSEQ                     20.613                                                                              27.214
p14_COKEOVGS  .17_OTHERIND                    45.191                                                     640.714                   0.322
p14_COKEOVGS  .22_eOil           729.613   10724.877    1286.222    1512.719                             129.063     339.725    1231.981     911.660     374.076      73.105                             895.821     323.713      56.448
p14_COKEOVGS  .31_SER                         89.192
p27_REFINGAS  .03_OIL                                                                                   4959.561                               1.338
p27_REFINGAS  .10_PETROLCOAL    5059.291   20119.864    4873.535                                       18414.005    8881.166   21231.978    2391.851    1553.983   10452.096    1100.097               17921.585    5598.715    1223.549
p27_REFINGAS  .11_CHEMICAL       370.920     276.321                                                                 268.651    3190.356     970.793                 232.588                                        2950.744
p27_REFINGAS  .13_IRONSTL                                  0.030
p27_REFINGAS  .17_OTHERIND                   176.441                                                                              46.109
p27_REFINGAS  .22_eOil                      2492.391    1882.226                                        1563.327     591.550    2570.876     297.433      72.120                  16.965                             324.052
p27_REFINGAS  .31_SER                                                                                                              0.453
p28_ETHANE    .03_OIL                                                                                                                                                                                                             14.325
p28_ETHANE    .10_PETROLCOAL                                                                              14.214
p28_ETHANE    .11_CHEMICAL                                                                                                       263.164
p29_LPG       .01_AGRICULT         5.608      93.841       2.486      56.385                            1101.778     311.013     826.417     130.992      35.915     141.696       5.327                  29.034       2.076      50.818
p29_LPG       .02_COAL                       501.004                                                                                           0.034                                                                               0.329
p29_LPG       .03_OIL             94.348       1.560                   4.911                              68.835       8.900       0.079       3.616       7.606     401.058                                                       3.964
p29_LPG       .05_MINING           1.684       1.253       0.279       1.351                              70.949     163.429      52.386       7.208       5.449       4.738      17.901                   0.113       1.980      35.593
p29_LPG       .06_FOODPRO         23.777      39.679     212.898      39.915                              54.228     337.562     460.166      89.618      24.983      22.428       8.846      14.144                 108.794      19.160
p29_LPG       .07_TEXTILES         3.738      30.630      35.347       0.659                                          28.209      40.422       9.764       0.625       8.702       9.790      20.672       2.937      31.061       4.324
p29_LPG       .08_WOODPRO          0.230       6.683       0.756       1.373                             107.000       4.011      16.362       9.131                   0.130                   0.326                   4.963       0.925
p29_LPG       .09_PAPERPRO         5.080      32.161      59.423       2.659                              31.633      86.890     128.715       9.799       0.335       0.185                   7.398                  14.142       2.790
p29_LPG       .10_PETROLCOAL     112.970    9060.744     113.429                                         245.320     472.546     302.351       5.046                 531.116      10.389                  42.299     183.085
p29_LPG       .11_CHEMICAL       117.835   11941.542     541.721     203.038                             110.715     208.088     585.534     158.655      23.235     167.171       4.895      26.112      23.386     418.774
p29_LPG       .12_NONMET          15.485     854.992      93.941      17.810                              16.946     194.817     227.189      36.523      32.896      69.098                  72.895                 106.435     101.820
p29_LPG       .13_IRONSTL         63.809     133.658     303.661      12.745                               2.260      55.845     215.796       3.167     101.306                              84.863      69.253     149.290       0.730
p29_LPG       .14_NONFERR         11.557      45.110      58.031                                           1.130      94.232      85.975      10.466       1.102      39.583       9.790                              25.834      16.334
p29_LPG       .15_MACHINE         26.119     224.295     215.049       4.230                             149.126      10.084     219.942      44.290       3.096       1.093       5.014     112.063      27.001     132.317       5.666
p29_LPG       .16_TRANSEQ         19.751      47.476     138.696      15.502                              22.595       0.345      55.469      13.327       3.208       1.260      14.685      63.103                  11.226
p29_LPG       .17_OTHERIND       709.527      98.195      48.701       1.527                              41.800    1856.015     588.750      27.050       2.255     385.144     118.481      20.672     143.739     534.747      87.057
p29_LPG       .22_eOil                        49.920     367.597      22.190                                          45.400      73.632      25.593       0.549                  64.425                   1.695
p29_LPG       .27_CONSTRUC        19.131     195.335      14.033      26.720                             616.631      23.980      80.218      63.265      17.397      15.283       0.005       7.072                  17.461       5.253
p29_LPG       .28_LTRP          3476.636    2164.032     712.914    1338.469                             337.433    2794.463    6724.667    3318.437    2563.092    1096.224      91.167      61.360     195.495    1238.851     279.482
p29_LPG       .29_WTRP             0.898                               2.966                                           0.025
p29_LPG       .30_ATRP             0.309                                                                                                                                           0.586
p29_LPG       .31_SER           1075.610    2030.488     856.547      23.534                            2546.443    3581.059    2778.105     287.420    1819.850     855.246     470.495     563.506    4293.616    2128.745      54.995
p30_NONBIOGASO.01_AGRICULT                  2607.752                                          18.647    4421.630     154.845     147.490      30.633      12.381      22.302     273.486     136.499       3.177     165.070     181.290
p30_NONBIOGASO.02_COAL                                                                                   767.211                               0.054                                                                               0.031
p30_NONBIOGASO.03_OIL                                                                                    814.293                               0.106                                                                               0.006
p30_NONBIOGASO.05_MINING                                                                                 160.504       4.744       0.019       0.732       0.703       0.030     138.128                              33.720       0.245
p30_NONBIOGASO.06_FOODPRO                                                                                              3.277       0.104       3.304       1.378       1.189      80.569                              19.363       8.393
p30_NONBIOGASO.07_TEXTILES                                                                                             0.343                   1.143       0.014       0.009                                           0.003
p30_NONBIOGASO.08_WOODPRO                                                                                              0.109       0.096       1.446       0.105                   0.184                              16.063       0.053
p30_NONBIOGASO.09_PAPERPRO                                                                                 1.023       0.158       0.040       0.744                   0.012       0.007                               0.067
p30_NONBIOGASO.10_PETROLCOAL                               0.148                                          31.840      17.966                                                                                           1.901
p30_NONBIOGASO.11_CHEMICAL                                                                                             1.503     122.177       5.137       0.864                   0.075                               0.154
p30_NONBIOGASO.12_NONMET                                                                                               1.463       0.051       1.061       0.195       0.003       1.359                               0.021       0.002
p30_NONBIOGASO.13_IRONSTL                                                                                  1.495       0.090       0.066       0.328       0.294       1.070                                           0.047       0.002
p30_NONBIOGASO.14_NONFERR                                                                                                                      0.017       0.024       0.006       0.774                                           0.033
p30_NONBIOGASO.15_MACHINE                                                                                              0.272      14.799       2.600       0.069                                                       0.338
p30_NONBIOGASO.16_TRANSEQ                                                                                              0.269       5.357       3.345                               3.490                               3.748
p30_NONBIOGASO.17_OTHERIND                                                                               626.502     176.154       2.372       3.612       3.876      30.641     107.006                   7.351     114.203       1.657
p30_NONBIOGASO.22_eOil                                                                                    26.751      14.485                   0.019                   9.830       0.145
p30_NONBIOGASO.27_CONSTRUC                                                                               279.197      41.021      87.533      16.212       5.659       0.996       5.737                             118.943       1.391
p30_NONBIOGASO.28_LTRP         10334.061  144577.675   37972.382   35932.745     579.421     189.766  405068.022   98275.826   73425.205   12608.794   12755.923  101832.060   38487.914    7690.018   42615.531   66674.333   16110.747
p30_NONBIOGASO.29_WTRP                                                13.977                            4751.679      18.726     427.427       7.238                             115.235                             216.101     268.518
p30_NONBIOGASO.30_ATRP                                                                                     3.697      16.618       0.870                                           0.224
p30_NONBIOGASO.31_SER                                                                                   1983.867     914.902     310.057      58.049     166.070      83.578     148.171                   6.085     595.645      14.513
p31_AVGAS     .01_AGRICULT                                                                                             0.800
p31_AVGAS     .06_FOODPRO                                                                                              0.007
p31_AVGAS     .16_TRANSEQ                                                                                                                      0.001
p31_AVGAS     .17_OTHERIND                                                                                             0.004
p31_AVGAS     .28_LTRP                                                                                     0.426
p31_AVGAS     .30_ATRP             0.507                   2.233       1.051                             579.210      85.214      50.062      12.892       5.973       8.826      45.348                  85.145       9.127      59.201
p31_AVGAS     .31_SER              2.189                                                                                           1.272       0.153
p33_NONBIOJETK.01_AGRICULT                                                                                             0.400
p33_NONBIOJETK.05_MINING                                                                                              28.645
p33_NONBIOJETK.10_PETROLCOAL                                                                              42.449
p33_NONBIOJETK.11_CHEMICAL                                                                                                                                 0.188                                                       0.914
p33_NONBIOJETK.15_MACHINE                                                                                                          4.108       0.064
p33_NONBIOJETK.16_TRANSEQ          0.010                                                                                                       0.484
p33_NONBIOJETK.17_OTHERIND         0.314                                                                              17.739                               0.004                   0.057
p33_NONBIOJETK.22_eOil                                                                                    14.880
p33_NONBIOJETK.27_CONSTRUC                                                                                                                                 0.004
p33_NONBIOJETK.28_LTRP                                                                                    79.846                   0.347                                                                                           9.049
p33_NONBIOJETK.29_WTRP                                                                                                 0.175
p33_NONBIOJETK.30_ATRP          1102.172   27274.031    3523.127    5854.113       3.616               62465.533    5488.977    8747.637     155.570     506.034    2913.613     839.249    1003.614    4558.307    5581.908    3238.104
p33_NONBIOJETK.31_SER            437.591                 766.256                                                       1.138     704.836      28.129      23.901                                                     189.002
p34_OTHKERO   .01_AGRICULT       120.228     223.759     478.095                               0.019      15.098       3.292     335.655       1.121       1.937       9.207     131.508                               2.489
p34_OTHKERO   .02_COAL                         7.725                                                                                           0.002
p34_OTHKERO   .03_OIL              0.638                                                                   3.526
p34_OTHKERO   .05_MINING           0.968       4.944       2.563                                           1.707      11.564       1.343       0.001                               2.482                               0.007
p34_OTHKERO   .06_FOODPRO          5.060       1.545     136.923                                                       0.037      16.858       0.001       1.493                   4.598                               0.702       0.513
p34_OTHKERO   .07_TEXTILES         3.421       0.927      38.639                                                                   0.014                                           0.309
p34_OTHKERO   .08_WOODPRO          0.425                  25.796                                           6.473                   0.111       0.001                               0.001                                           0.207
p34_OTHKERO   .09_PAPERPRO         0.560       0.206      22.084                                                                   0.038       0.007       0.422                   0.046                               0.660
p34_OTHKERO   .10_PETROLCOAL                              21.046                                                      19.787                                                                                           0.001
p34_OTHKERO   .11_CHEMICAL         8.006       9.682     117.204                                           1.887                   0.480       1.702       0.495                  38.057                               3.015       1.249
p34_OTHKERO   .12_NONMET           1.349       8.549      64.403                                                                   1.598       0.005       0.401                   0.363                               1.319
p34_OTHKERO   .13_IRONSTL          0.298       0.206      89.428                                           0.086       0.005       0.133                   0.121                                                       1.321
p34_OTHKERO   .14_NONFERR          0.081       5.562      47.275                                                                   0.372       0.006                                                                               0.224
p34_OTHKERO   .15_MACHINE          5.204      35.123     185.241                                                                   1.279       0.036                                                                   1.425
p34_OTHKERO   .16_TRANSEQ          0.869      12.566      47.631                                                                  15.482       0.041       0.126                   0.414
p34_OTHKERO   .17_OTHERIND        44.746       4.231      45.230                               7.219       8.368      48.339     314.776                   1.034     206.418      70.990                  26.873      34.710       1.147
p34_OTHKERO   .22_eOil             1.091                  81.561                                          29.041       9.468       1.851                                          25.156                               1.001
p34_OTHKERO   .27_CONSTRUC         9.536     165.109     118.930                               0.586       1.029      58.957       0.889       0.005                   4.185      12.431                               0.019
p34_OTHKERO   .28_LTRP             0.694                                                      30.626                   7.752       0.030                   1.480      51.896      64.425                   0.037
p34_OTHKERO   .29_WTRP             5.010                                                                                           1.027                                           3.138
p34_OTHKERO   .30_ATRP             0.180                                                                                                                   0.103
p34_OTHKERO   .31_SER            389.014    4098.574    2547.781                               1.299     337.637      32.380    1039.228       2.368      24.944     277.247     316.498                 482.345      69.352       0.057
p35_NONBIODIES.01_AGRICULT      1059.909   15045.383    4166.879    2857.948      90.505      27.219   11887.140   13708.006   15723.115    4268.785    2811.060    4472.422    1921.138    2245.458   12055.071    6642.092    2265.396
p35_NONBIODIES.02_COAL                      1556.507                1805.260                             878.000                  13.391      99.943       3.024                                                                2912.173
p35_NONBIODIES.03_OIL              4.925     413.709                1141.087                            4482.475    1292.453     916.912       8.757     132.066    1529.430       0.186                                         102.149
p35_NONBIODIES.05_MINING          43.395    2775.397     186.109    2047.157     278.221                2438.358    3443.459     673.087     230.647     696.104     180.391    2640.503     264.915    1609.633    1060.188    2651.126
p35_NONBIODIES.06_FOODPRO         28.418     362.913     604.516     522.885                             188.234     411.097     642.213     135.275      60.937     124.623      77.415      52.780                1265.736      34.303
p35_NONBIODIES.07_TEXTILES         4.129     134.843      68.538      15.832                                           7.830     116.294      12.597      10.605       2.261      46.311      35.525      22.649     456.862       1.094
p35_NONBIODIES.08_WOODPRO          1.544     103.427      71.450     180.369                             285.592       3.240     125.579      76.621      13.370       0.265       7.946      21.315                 305.391       4.585
p35_NONBIODIES.09_PAPERPRO         5.040     195.940     115.825      81.348                              75.943     225.825     178.447      20.170       5.165       0.306       2.878      13.195                 125.009       3.687
p35_NONBIODIES.10_PETROLCOAL       0.518     229.906      17.327                                          71.407     195.214      56.831       2.987       6.394      91.359       7.694                             102.147
p35_NONBIODIES.11_CHEMICAL        29.744     406.365     472.831     165.534                            1004.710     150.447     402.960      62.574      30.842      37.566       1.782      45.675     549.596     444.032     101.394
p35_NONBIODIES.12_NONMET         127.640    3203.487     459.017     455.629                             324.577     124.419     681.775     163.369     102.739      32.007      13.293     113.680     294.955     498.143      25.062
p35_NONBIODIES.13_IRONSTL          2.592     535.802     218.481                                          77.148      62.399     113.453      17.686     154.809      55.847     288.041      57.855     205.806     273.745      13.197
p35_NONBIODIES.14_NONFERR          3.136     340.473     109.215                                          74.164      12.800      82.569      24.459       8.012       3.565       2.462                  19.029      55.453      46.801
p35_NONBIODIES.15_MACHINE         36.163     738.270     229.715     186.973                             107.853       0.483     542.753      51.786      29.318       0.041       3.652      28.420     127.414     366.236      11.786
p35_NONBIODIES.16_TRANSEQ        101.311     389.637      80.194     177.470                              38.664      16.216      89.062      24.071       8.284      18.660       2.322      20.300                   2.475
p35_NONBIODIES.17_OTHERIND       135.073    1212.954     162.248     157.211     317.329      22.951     399.774    4193.760    1162.155      43.395       8.711   11054.682    2691.823     188.215    4002.644    4247.325     135.383
p35_NONBIODIES.22_eOil           184.817     357.634     664.035    1442.783     126.261                2156.696   10076.280    2493.779      98.981      30.548   23834.787    3578.883     188.186    2213.947    5270.326    1022.533
p35_NONBIODIES.27_CONSTRUC       657.790    5408.708    1164.861    2603.883                  10.087   11464.237     791.830    4698.464     704.463     671.919     498.654     223.308     404.985     646.480    1808.464     866.465
p35_NONBIODIES.28_LTRP         19250.543   99985.918   21972.408   20036.346     305.037     169.357  153540.276   84815.478  194028.261   40709.194   11282.560   86017.584   33384.428    7495.651   71419.681   50588.476   16587.321
p35_NONBIODIES.29_WTRP           245.885   14873.123    1003.052     408.581                            4260.368    1827.864    4738.309     154.435     167.263      57.778     896.988    1064.077    1370.147    3876.213     349.127
p35_NONBIODIES.30_ATRP             1.338                                                                               7.372                               0.306                  18.926
p35_NONBIODIES.31_SER            870.107    9153.784    5716.354    1312.706                  35.675    7187.809    2122.272   10409.980     863.794    1444.105    3187.148    2699.590     141.335    3227.350    3076.044     826.444
p36_RESFUEL   .01_AGRICULT        29.883      11.900                 457.017                   0.024     195.016     225.096     111.708      19.567      15.297      43.115      46.705                 174.870      37.968
p36_RESFUEL   .02_COAL                         2.700                                                      11.522                               0.573                                                                               1.936
p36_RESFUEL   .03_OIL             11.874       8.700                                                      47.048      29.114       6.688
p36_RESFUEL   .05_MINING           2.648      13.500       0.043      81.074                             418.917     800.371     107.475       4.766       6.108     180.902     325.153       0.198     127.811     123.890      15.231
p36_RESFUEL   .06_FOODPRO         23.511      29.900      17.263       0.191                              22.536     219.843     395.224      74.007      21.912     187.843      65.924       7.036       4.601     479.381       8.090
p36_RESFUEL   .07_TEXTILES        24.585      42.800      24.681       0.019                                          32.008      51.290      10.089       0.048      34.198       5.426       0.694     348.667     237.892       2.016
p36_RESFUEL   .08_WOODPRO          1.700       3.500       4.117       2.064                             143.905     100.039      24.405       5.733       2.866                   2.222                               8.096       2.274
p36_RESFUEL   .09_PAPERPRO        11.169      84.100     386.099     113.920                             117.790     490.865     295.553      33.288       1.826      19.262       3.496                              80.001
p36_RESFUEL   .10_PETROLCOAL     322.783     273.800     939.859                              13.447       8.730    1611.563    1551.554     517.984     186.300    3116.393      77.394                 184.435    2051.516      45.296
p36_RESFUEL   .11_CHEMICAL       244.439     158.200     569.490      40.728                              58.718     113.688     721.351     167.796      26.136      25.311      15.550      12.883     709.092     898.332       3.344
p36_RESFUEL   .12_NONMET         257.886     962.900     467.625      84.504                              35.180     237.653     350.469      31.232      21.295     137.450      24.320      39.640     818.399     699.321       8.464
p36_RESFUEL   .13_IRONSTL          5.810       6.400      74.732     304.519                              32.865      51.763     120.562      23.426     354.094                   4.047      17.838     302.143     628.172       3.028
p36_RESFUEL   .14_NONFERR         20.077     138.200      89.419                                                     700.623     117.140      29.684       2.771      22.791      27.604                  69.527      35.402      25.129
p36_RESFUEL   .15_MACHINE          5.393      54.200       0.502       0.611                                           0.023     124.222       4.308       9.249                   4.118       9.910     197.851      68.111       0.001
p36_RESFUEL   .16_TRANSEQ         55.340      17.100       9.542      28.528                              12.207       0.246       4.116       3.197       0.773                   0.164       2.874                   8.216
p36_RESFUEL   .17_OTHERIND       147.655      52.500      33.707                              23.363      30.745    2201.010     100.773       3.497      95.009   14672.145    1401.927      35.484    1424.887    1052.930      18.522
p36_RESFUEL   .22_eOil           754.729     741.500    3108.536    3623.241       2.881     398.261    2784.115   16267.128    5104.247     589.278     594.387   35686.250    4374.539     380.920    7136.519    3842.854      54.944
p36_RESFUEL   .27_CONSTRUC        14.997     318.400                  13.280                   0.662      17.386      15.411      86.093      14.522      62.504       9.491      28.427                              16.965       9.118
p36_RESFUEL   .28_LTRP             3.810                             113.996                  60.150                   2.160       0.047                   0.622      20.556      91.779                  45.636       0.480       1.518
p36_RESFUEL   .29_WTRP           133.368    9442.012    2108.857     187.733                             855.864    1284.133    1480.074                             233.626      10.461      45.388     769.965     302.222     185.002
p36_RESFUEL   .30_ATRP             0.014
p36_RESFUEL   .31_SER             57.524    1271.988      44.890     140.575                   0.661     335.187     387.372     372.292      58.326     903.081     193.215     140.742                1368.741     604.708      12.570
p37_NAPHTHA   .10_PETROLCOAL                              16.577                                           0.378     163.448                                          96.578                                          65.158
p37_NAPHTHA   .11_CHEMICAL                              6143.541                                                     207.447     824.133     218.592                                                    4480.009
p37_NAPHTHA   .17_OTHERIND                                                                                             0.039      29.426                                          42.992                              19.354
p37_NAPHTHA   .22_eOil           764.953                   1.969                                                                                                                                         128.919
p38_WHITESP   .05_MINING                                                                                                           0.024
p38_WHITESP   .06_FOODPRO                                                                                                          0.007
p38_WHITESP   .09_PAPERPRO                                 0.049
p38_WHITESP   .10_PETROLCOAL                               0.143
p38_WHITESP   .11_CHEMICAL                                 0.232                                                                   0.001       5.260
p38_WHITESP   .12_NONMET                                   0.223                                                                                           0.009
p38_WHITESP   .13_IRONSTL                                  1.242
p38_WHITESP   .14_NONFERR                                  0.043
p38_WHITESP   .15_MACHINE                                 16.982                                                                   1.418       0.104
p38_WHITESP   .16_TRANSEQ                                 23.978                                                                   0.789
p38_WHITESP   .17_OTHERIND                                                                                                         0.035                   0.007                   8.216
p38_WHITESP   .27_CONSTRUC                                                                                                         0.816       0.044       0.048
p38_WHITESP   .28_LTRP                                                                                                            13.042
p38_WHITESP   .31_SER                                                                                                              0.248
p39_LUBRIC    .01_AGRICULT                                17.281                                                                                                                   0.004
p39_LUBRIC    .06_FOODPRO                                                                                                                                                          0.059
p39_LUBRIC    .10_PETROLCOAL                              76.970                                           0.710       1.003       0.262
p39_LUBRIC    .17_OTHERIND                                                                                                                     9.178                               0.004
p39_LUBRIC    .29_WTRP                                                                                                 1.391
p39_LUBRIC    .31_SER                                                                                                                                                              0.001
p40_BITUMEN   .10_PETROLCOAL                             426.775                                           2.522      79.297       0.241
p40_BITUMEN   .12_NONMET                                                                                                           0.093
p40_BITUMEN   .22_eOil                                   900.393
p41_PARWAX    .01_AGRICULT                                                                                                                                                         0.084
p41_PARWAX    .05_MINING                                                                                                                                                           0.788
p41_PARWAX    .06_FOODPRO                                                                                                                                                          0.029
p41_PARWAX    .17_OTHERIND                                                                                                                                                         1.218
p41_PARWAX    .28_LTRP                                                                                                                                                             0.011
p41_PARWAX    .31_SER                                                                                                                                                              0.288
p42_PETCOKE   .03_OIL             13.381                                                                3364.089
p42_PETCOKE   .05_MINING                                                                                             323.383      13.758                  15.286
p42_PETCOKE   .06_FOODPRO                                                                                             83.161       1.544       1.089                   0.127
p42_PETCOKE   .09_PAPERPRO                                60.322                                          16.815                   3.057       0.173
p42_PETCOKE   .10_PETROLCOAL     313.689                 232.015                                       11697.762     145.666    3483.628     440.113                               1.040                             473.293     191.872
p42_PETCOKE   .11_CHEMICAL                               591.339                                         524.230     140.351      25.879     228.390      24.458
p42_PETCOKE   .12_NONMET         182.237                 535.761                                        1259.226    6888.887    6481.558    1030.658      27.341    1459.770     241.569                6868.146
p42_PETCOKE   .13_IRONSTL                                534.446                                           4.334     212.056      24.217      36.929      20.077
p42_PETCOKE   .14_NONFERR                                  3.433                                         184.714     447.200      11.670       1.141      69.942       4.369
p42_PETCOKE   .15_MACHINE                                                                                135.282      43.578
p42_PETCOKE   .17_OTHERIND                  6001.565                2586.874                             840.103    1408.757     168.912      11.634                 460.891       2.064                9723.427     147.221
p42_PETCOKE   .22_eOil           635.343    3098.194     865.481                                        2587.930    1549.581      44.330      90.318
p42_PETCOKE   .28_LTRP                                                                                                             0.241
p42_PETCOKE   .31_SER                                                                                                                          0.081
p43_ONONSPEC  .01_AGRICULT                                                                                                                     3.631
p43_ONONSPEC  .02_COAL                         4.784                                                                                           0.320                                                                               0.353
p43_ONONSPEC  .03_OIL                        161.094                                                                                           0.081
p43_ONONSPEC  .05_MINING                       3.128                                                                               0.955       0.168                               0.987                                          63.248
p43_ONONSPEC  .06_FOODPRO                      5.612                                                                               0.264      10.792                              12.764                                          46.557
p43_ONONSPEC  .07_TEXTILES                    11.132                                                                                           1.137
p43_ONONSPEC  .09_PAPERPRO                     4.048      21.114                                                                  21.974       1.590                                                                              45.788
p43_ONONSPEC  .10_PETROLCOAL               20156.234     181.884                                           9.371    1023.412     763.169     127.269                 126.929                                          26.524
p43_ONONSPEC  .11_CHEMICAL                 16221.595       0.226                                                    2020.215      55.682     104.991      15.911
p43_ONONSPEC  .12_NONMET                     118.405     246.134                                                                 204.475       2.352       1.911                   4.258                                          36.332
p43_ONONSPEC  .13_IRONSTL                      7.820                                                                                           0.007       0.955                   1.972                              11.938       3.850
p43_ONONSPEC  .14_NONFERR                     46.093      40.466                                                                   7.643                   0.955                                                                 192.728
p43_ONONSPEC  .15_MACHINE                     77.465       0.011                                                                   3.800       0.372                                                                               0.003
p43_ONONSPEC  .16_TRANSEQ                     21.620                                                                               0.955       1.551       4.777
p43_ONONSPEC  .17_OTHERIND                 20610.362                                                                 190.095       3.821       0.020       0.955     866.463       9.926                  49.367    3458.667       2.986
p43_ONONSPEC  .22_eOil           137.389     286.583      59.465     847.313                             236.735     218.288    3110.466       2.159     111.493                 136.554                              13.034      77.386
p43_ONONSPEC  .27_CONSTRUC                   811.541                                                                               1.886                  62.206                  14.675                                           0.017
p43_ONONSPEC  .28_LTRP                                                                                                 0.522       0.051                                          13.375                                           0.961
p43_ONONSPEC  .29_WTRP                                                                                                             0.003
p43_ONONSPEC  .30_ATRP                                                                                                                                   182.478       0.287
p43_ONONSPEC  .31_SER                                                                                                  1.932       1.440       6.579     324.016                  10.745                                           0.021


----   2818 PARAMETER Oilp_CO  Household consumption of petrolcoal products in region z

                    01_KOR      02_CHN      03_JPN      04_RUS      06_PRK      07_NAM      08_LAM      09_WEU      10_EEU      11_FSU      12_MEA      13_AFR      14_CPA      15_SAS      16_PAS      17_PAO

p9_OVENCOKE                     81.986                                                                   7.056      47.802
p14_COKEOVGS                   260.045
p29_LPG            741.706   34256.313    4648.856   12095.271                5038.074   19590.351    4837.661    1326.414    1701.695   17864.838    4051.991    1880.881   27164.999   13897.415     454.071
p30_NONBIOGASO                                                                               8.380     306.160       6.001     514.262                  17.414                               0.920       3.937
p34_OTHKERO       1611.124     481.070    6725.908                             329.327     362.294    2889.632                 138.540    4264.628    1437.341      17.957    2449.851     557.219
p35_NONBIODIES     557.828    3043.603                2409.187       4.468   11079.116      43.636   23573.520     290.468    1937.833     472.618     231.091                  22.032      12.396      21.655
p36_RESFUEL        188.475                              14.426                               9.734       5.783                   3.586                   0.480                   0.014
p41_PARWAX                                                                                                                                   2.055       1.960
p42_PETCOKE                                                                                             29.090      29.226
p43_ONONSPEC                                                                                                                                             1.787


----   2818 PARAMETER OilpR_DIO  Intermediate consumption ratio of petrolcoal products by industry j in region z

                                  01_KOR      02_CHN      03_JPN      04_RUS      05_MNG      06_PRK      07_NAM      08_LAM      09_WEU      10_EEU      11_FSU      12_MEA      13_AFR      14_CPA      15_SAS      16_PAS      17_PAO

p9_OVENCOKE   .01_AGRICULT                     0.021 4.973456E-6                                                             9.524894E-6       0.001
p9_OVENCOKE   .02_COAL                         0.129                                                                                     7.232521E-5
p9_OVENCOKE   .05_MINING                       0.255       0.014       0.014                               0.037       0.008       0.005       0.002       0.083                                                                   0.011
p9_OVENCOKE   .06_FOODPRO                      0.646             1.225581E-5                                           0.015       0.057       0.088       0.016
p9_OVENCOKE   .07_TEXTILES                     0.035 1.949335E-4       0.001                                                 1.480404E-4 4.662327E-4
p9_OVENCOKE   .08_WOODPRO                      0.032                                                                                     2.979773E-4
p9_OVENCOKE   .09_PAPERPRO                     0.005       0.002 1.399314E-4                                           0.006
p9_OVENCOKE   .11_CHEMICAL                     0.332       0.003       0.044                                     1.542977E-4       0.009       0.028       0.644                                                                   0.041
p9_OVENCOKE   .12_NONMET                       0.566       0.066       0.094                               0.010       0.007       0.022       0.100       0.137       0.025                                                       0.015
p9_OVENCOKE   .13_IRONSTL          0.276       0.673       0.257       0.841                   1.000       0.792       0.564       0.559       0.435       0.618       0.580       0.160       0.957       0.685       0.201       0.879
p9_OVENCOKE   .14_NONFERR                      0.659       0.278                                           0.031       0.172       0.067       0.268       0.471                                                                   0.201
p9_OVENCOKE   .15_MACHINE                      0.771       0.001       0.007                                           0.019       0.024       0.038       0.209
p9_OVENCOKE   .16_TRANSEQ                      0.154       0.151       0.058                                           0.033       0.054       0.001       0.191
p9_OVENCOKE   .17_OTHERIND                     0.022             2.043935E-4       0.091                         7.530216E-5 2.862435E-5       0.001             2.639316E-4       0.005
p9_OVENCOKE   .22_eOil                                     0.002 9.763763E-5                                                             3.552301E-4
p9_OVENCOKE   .27_CONSTRUC                     0.009             2.609791E-6                                                 2.050267E-4 2.504655E-6
p9_OVENCOKE   .28_LTRP                   4.981199E-7
p9_OVENCOKE   .31_SER                          0.009       0.012                                                                   0.003       0.030
p10_GASCOKE   .13_IRONSTL                                                                                                                                              0.011
p14_COKEOVGS  .02_COAL                         0.017
p14_COKEOVGS  .05_MINING                       0.042                                                                               0.004
p14_COKEOVGS  .06_FOODPRO                      0.002
p14_COKEOVGS  .09_PAPERPRO                     0.020
p14_COKEOVGS  .10_PETROLCOAL                                                                                                 4.777232E-4
p14_COKEOVGS  .11_CHEMICAL                     0.066       0.065                                                                   0.006       0.007                                                                   0.001
p14_COKEOVGS  .12_NONMET                       0.094       0.061       0.030                                                       0.001       0.029
p14_COKEOVGS  .13_IRONSTL          0.693       0.311       0.533       0.145                               0.167       0.344       0.332       0.469       0.198       0.229       0.510                   0.238       0.356       0.057
p14_COKEOVGS  .14_NONFERR                      0.195                                                                                           0.018
p14_COKEOVGS  .15_MACHINE                      0.040                   0.033                                                       0.009       0.001
p14_COKEOVGS  .16_TRANSEQ                      0.034                                                                               0.130
p14_COKEOVGS  .17_OTHERIND                     0.002                                                       0.248             1.333597E-4
p14_COKEOVGS  .22_eOil             0.227       0.604       0.139       0.203                               0.014       0.012       0.084       0.452       0.316       0.001                               0.086       0.033       0.047
p14_COKEOVGS  .31_SER                          0.005
p27_REFINGAS  .03_OIL                                                                                      0.361                               0.096
p27_REFINGAS  .10_PETROLCOAL       0.871       0.404       0.706                                           0.603       0.704       0.775       0.737       0.890       0.725       0.919                   0.988       0.658       0.838
p27_REFINGAS  .11_CHEMICAL         0.481       0.006                                                                   0.086       0.507       0.487                   0.503                                           0.625
p27_REFINGAS  .13_IRONSTL                            5.152527E-6
p27_REFINGAS  .17_OTHERIND                     0.006                                                                               0.019
p27_REFINGAS  .22_eOil                         0.140       0.204                                           0.164       0.020       0.176       0.148       0.061                   0.002                               0.033
p27_REFINGAS  .31_SER                                                                                                        2.889566E-5
p28_ETHANE    .03_OIL                                                                                                                                                                                                              0.119
p28_ETHANE    .10_PETROLCOAL                                                                         4.654486E-4
p28_ETHANE    .11_CHEMICAL                                                                                                         0.042
p29_LPG       .01_AGRICULT         0.005       0.005       0.001       0.017                               0.063       0.022       0.048       0.029       0.012       0.030       0.002                   0.002 3.030499E-4       0.020
p29_LPG       .02_COAL                         0.206                                                                                     3.378479E-4                                                                         1.129743E-4
p29_LPG       .03_OIL              0.754       0.003                   0.004                               0.005       0.007 8.563579E-5       0.260       0.054       0.208                                                       0.033
p29_LPG       .05_MINING           0.035 3.143402E-4       0.001       0.001                               0.022       0.034       0.061       0.030       0.007       0.013       0.006             6.503384E-5       0.002       0.013
p29_LPG       .06_FOODPRO          0.294       0.032       0.219       0.071                               0.205       0.315       0.286       0.260       0.222       0.067       0.035       0.191                   0.058       0.164
p29_LPG       .07_TEXTILES         0.104       0.134       0.211       0.040                                           0.412       0.194       0.281       0.055       0.193       0.158       0.363       0.008       0.043       0.582
p29_LPG       .08_WOODPRO          0.059       0.057       0.007       0.007                               0.197       0.037       0.098       0.098                   0.329                   0.015                   0.015       0.115
p29_LPG       .09_PAPERPRO         0.233       0.099       0.089       0.013                               0.130       0.107       0.205       0.149       0.043       0.009                   0.359                   0.064       0.053
p29_LPG       .10_PETROLCOAL       0.019       0.182       0.016                                           0.008       0.037       0.011       0.002                   0.037       0.009                   0.002       0.022
p29_LPG       .11_CHEMICAL         0.153       0.248       0.060       0.474                               0.065       0.067       0.093       0.080       0.068       0.361       0.081       0.308       0.004       0.089
p29_LPG       .12_NONMET           0.026       0.056       0.044       0.028                               0.010       0.026       0.028       0.025       0.152       0.040                   0.322                   0.082       0.584
p29_LPG       .13_IRONSTL          0.027       0.003       0.052       0.001                               0.001       0.013       0.049       0.004       0.030                               0.023       0.009       0.062       0.002
p29_LPG       .14_NONFERR          0.332       0.011       0.120                                           0.004       0.062       0.263       0.114       0.007       0.563       0.241                               0.221       0.046
p29_LPG       .15_MACHINE          0.358       0.037       0.332       0.021                               0.380       0.182       0.233       0.411       0.059       0.963       0.392       0.745       0.077       0.233       0.325
p29_LPG       .16_TRANSEQ          0.111       0.079       0.393       0.066                               0.308       0.020       0.264       0.289       0.151       0.063       0.697       0.731                   0.437
p29_LPG       .17_OTHERIND         0.684       0.003       0.168       0.001                               0.016       0.184       0.244       0.275       0.020       0.014       0.026       0.085       0.009       0.056       0.353
p29_LPG       .22_eOil                         0.003       0.040       0.003                                           0.002       0.005       0.013 4.642602E-4                   0.008             1.633050E-4
p29_LPG       .27_CONSTRUC         0.027       0.028       0.011       0.010                               0.050       0.026       0.016       0.079       0.021       0.029 1.581263E-5       0.017                   0.009       0.006
p29_LPG       .28_LTRP             0.105       0.009       0.012       0.023                               0.001       0.015       0.025       0.059       0.096       0.006       0.001       0.004       0.002       0.010       0.008
p29_LPG       .29_WTRP             0.002                               0.005                                     7.949395E-6
p29_LPG       .30_ATRP       2.794878E-4                                                                                                                                           0.001
p29_LPG       .31_SER              0.380       0.121       0.085       0.016                               0.206       0.509       0.177       0.214       0.387       0.186       0.124       0.799       0.458       0.319       0.061
p30_NONBIOGASO.01_AGRICULT                     0.142                                           0.406       0.251       0.011       0.009       0.007       0.004       0.005       0.115       0.057 2.590981E-4       0.024       0.073
p30_NONBIOGASO.02_COAL                                                                                     0.463                               0.001                                                                         1.060099E-5
p30_NONBIOGASO.03_OIL                                                                                      0.059                               0.008                                                                         5.313655E-5
p30_NONBIOGASO.05_MINING                                                                                   0.050       0.001 2.218465E-5       0.003       0.001 8.195351E-5       0.044                               0.028 8.765317E-5
p30_NONBIOGASO.06_FOODPRO                                                                                              0.003 6.472244E-5       0.010       0.012       0.004       0.322                               0.010       0.072
p30_NONBIOGASO.07_TEXTILES                                                                                             0.005                   0.033       0.001 1.903914E-4                                     4.271044E-6
p30_NONBIOGASO.08_WOODPRO                                                                                              0.001       0.001       0.016       0.006                   0.018                               0.048       0.007
p30_NONBIOGASO.09_PAPERPRO                                                                                 0.004 1.957166E-4 6.371200E-5       0.011                   0.001       0.001                         3.042588E-4
p30_NONBIOGASO.10_PETROLCOAL                         2.146468E-5                                           0.001       0.001                                                                                     2.235267E-4
p30_NONBIOGASO.11_CHEMICAL                                                                                       4.830482E-4       0.019       0.003       0.003                   0.001                         3.255728E-5
p30_NONBIOGASO.12_NONMET                                                                                         1.951398E-4 6.205481E-6       0.001       0.001 1.837099E-6       0.005                         1.601239E-5 1.205097E-5
p30_NONBIOGASO.13_IRONSTL                                                                                  0.001 2.184573E-5 1.516911E-5 3.867699E-4 8.577240E-5       0.003                                     1.960088E-5 6.417279E-6
p30_NONBIOGASO.14_NONFERR                                                                                                                1.825216E-4 1.544955E-4 9.101976E-5       0.019                                     9.370041E-5
p30_NONBIOGASO.15_MACHINE                                                                                              0.005       0.016       0.024       0.001                                                       0.001
p30_NONBIOGASO.16_TRANSEQ                                                                                              0.015       0.026       0.073                               0.166                               0.146
p30_NONBIOGASO.17_OTHERIND                                                                                 0.242       0.017       0.001       0.037       0.035       0.001       0.024             4.780246E-4       0.012       0.007
p30_NONBIOGASO.22_eOil                                                                                     0.003 4.975628E-4             9.374266E-6             1.649236E-4 1.766572E-5
p30_NONBIOGASO.27_CONSTRUC                                                                                 0.023       0.044       0.018       0.020       0.007       0.002       0.020                               0.061       0.002
p30_NONBIOGASO.28_LTRP             0.313       0.586       0.626       0.626       0.655       0.422       0.725       0.529       0.268       0.223       0.479       0.539       0.534       0.504       0.373       0.563       0.488
p30_NONBIOGASO.29_WTRP                                                 0.023                               0.482       0.006       0.064       0.045                               0.112                               0.049       0.335
p30_NONBIOGASO.30_ATRP                                                                               5.863745E-5       0.003 9.883426E-5                                     2.472540E-4
p30_NONBIOGASO.31_SER                                                                                      0.160       0.130       0.020       0.043       0.035       0.018       0.039                   0.001       0.089       0.016
p31_AVGAS     .01_AGRICULT                                                                                       5.554918E-5
p31_AVGAS     .06_FOODPRO                                                                                        6.999097E-6
p31_AVGAS     .16_TRANSEQ                                                                                                                2.171114E-5
p31_AVGAS     .17_OTHERIND                                                                                       4.260517E-7
p31_AVGAS     .28_LTRP                                                                               7.618608E-7
p31_AVGAS     .30_ATRP       4.591133E-4                   0.001 1.794826E-4                               0.009       0.015       0.006       0.077       0.009       0.003       0.050                   0.018       0.002       0.018
p31_AVGAS     .31_SER              0.001                                                                                     8.114778E-5 1.138685E-4
p33_NONBIOJETK.01_AGRICULT                                                                                       2.779195E-5
p33_NONBIOJETK.05_MINING                                                                                               0.006
p33_NONBIOJETK.10_PETROLCOAL                                                                               0.001
p33_NONBIOJETK.11_CHEMICAL                                                                                                                                 0.001                                                 1.935856E-4
p33_NONBIOJETK.15_MACHINE                                                                                                          0.004       0.001
p33_NONBIOJETK.16_TRANSEQ    5.415162E-5                                                                                                       0.011
p33_NONBIOJETK.17_OTHERIND   3.022226E-4                                                                               0.002                         3.665591E-5             1.262501E-5
p33_NONBIOJETK.22_eOil                                                                                     0.002
p33_NONBIOJETK.27_CONSTRUC                                                                                                                           5.001600E-6
p33_NONBIOJETK.28_LTRP                                                                               1.428306E-4             1.265537E-6                                                                                     2.743090E-4
p33_NONBIOJETK.29_WTRP                                                                                           5.577347E-5
p33_NONBIOJETK.30_ATRP             0.998       1.000       0.999       1.000       1.000                   0.991       0.980       0.994       0.923       0.728       0.997       0.928       1.000       0.982       0.998       0.982
p33_NONBIOJETK.31_SER              0.155                   0.076                                                 1.615809E-4       0.045       0.021       0.005                                                       0.028
p34_OTHKERO   .01_AGRICULT         0.099       0.012       0.102                         4.095022E-4       0.001 2.285633E-4       0.020 2.513937E-4       0.001       0.002       0.055                         3.634176E-4
p34_OTHKERO   .02_COAL                         0.003                                                                                     2.080588E-5
p34_OTHKERO   .03_OIL              0.005                                                             2.565899E-4
p34_OTHKERO   .05_MINING           0.020       0.001       0.013                                           0.001       0.002       0.002 4.098514E-6                               0.001                         5.656732E-6
p34_OTHKERO   .06_FOODPRO          0.063       0.001       0.141                                                 3.490216E-5       0.010 2.902585E-6       0.013                   0.018                         3.746578E-4       0.004
p34_OTHKERO   .07_TEXTILES         0.095       0.004       0.231                                                             6.921370E-5                                           0.005
p34_OTHKERO   .08_WOODPRO          0.109                   0.253                                           0.012                   0.001 1.075730E-5                         9.659223E-5                                           0.026
p34_OTHKERO   .09_PAPERPRO         0.026       0.001       0.033                                                             6.052640E-5 1.094706E-4       0.054                   0.007                               0.003
p34_OTHKERO   .10_PETROLCOAL                               0.003                                                       0.002                                                                                     1.293761E-7
p34_OTHKERO   .11_CHEMICAL         0.010 2.009161E-4       0.013                                           0.001             7.626083E-5       0.001       0.001                   0.631                               0.001       0.011
p34_OTHKERO   .12_NONMET           0.002       0.001       0.030                                                             1.964127E-4 3.510228E-6       0.002                   0.001                               0.001
p34_OTHKERO   .13_IRONSTL    1.247054E-4 4.708779E-6       0.015                                     2.984501E-5 1.255224E-6 3.036114E-5             3.534721E-5                                                       0.001
p34_OTHKERO   .14_NONFERR          0.002       0.001       0.098                                                                   0.001 6.735916E-5                                                                               0.001
p34_OTHKERO   .15_MACHINE          0.071       0.006       0.286                                                                   0.001 3.341371E-4                                                                   0.003
p34_OTHKERO   .16_TRANSEQ          0.005       0.021       0.135                                                                   0.074       0.001       0.006                   0.020
p34_OTHKERO   .17_OTHERIND         0.043 1.467617E-4       0.156                               0.135       0.003       0.005       0.130                   0.009       0.007       0.016                   0.002       0.004       0.005
p34_OTHKERO   .22_eOil       3.401566E-4                   0.009                                           0.003 3.252140E-4 1.264903E-4                                           0.003                         1.024248E-4
p34_OTHKERO   .27_CONSTRUC         0.014       0.024       0.092                               0.052 8.316045E-5       0.063 1.793051E-4 6.386870E-6                   0.008       0.044                         9.531814E-6
p34_OTHKERO   .28_LTRP       2.097942E-5                                                       0.068             4.170015E-5 1.086830E-7             5.563141E-5 2.745559E-4       0.001             3.255266E-7
p34_OTHKERO   .29_WTRP             0.013                                                                                     1.545095E-4                                           0.003
p34_OTHKERO   .30_ATRP       1.632383E-4                                                                                                             1.479363E-4
p34_OTHKERO   .31_SER              0.137       0.244       0.253                               0.035       0.027       0.005       0.066       0.002       0.005       0.060       0.084                   0.051       0.010 6.317411E-5
p35_NONBIODIES.01_AGRICULT         0.872       0.819       0.893       0.848       1.000       0.593       0.675       0.952       0.917       0.958       0.977       0.954       0.808       0.943       0.983       0.970       0.907
p35_NONBIODIES.02_COAL                         0.641                   1.000                               0.530                   1.000       0.990       1.000                                                                   0.999
p35_NONBIODIES.03_OIL              0.039       0.707                   0.996                               0.326       0.971       0.993       0.630       0.946       0.792       1.000                                           0.848
p35_NONBIODIES.05_MINING           0.891       0.696       0.971       0.948       1.000                   0.760       0.715       0.786       0.945       0.882       0.493       0.845       0.999       0.926       0.869       0.948
p35_NONBIODIES.06_FOODPRO          0.352       0.291       0.622       0.929                               0.710       0.384       0.399       0.393       0.542       0.371       0.309       0.714                   0.675       0.293
p35_NONBIODIES.07_TEXTILES         0.115       0.591       0.410       0.958                                           0.114       0.559       0.363       0.939       0.050       0.749       0.624       0.061       0.629       0.147
p35_NONBIODIES.08_WOODPRO          0.396       0.881       0.700       0.981                               0.526       0.030       0.754       0.824       0.818       0.671       0.768       0.985                   0.913       0.570
p35_NONBIODIES.09_PAPERPRO         0.231       0.604       0.174       0.411                               0.312       0.279       0.284       0.307       0.667       0.015       0.448       0.641                   0.569       0.071
p35_NONBIODIES.10_PETROLCOAL 8.915090E-5       0.005       0.003                                           0.002       0.015       0.002       0.001       0.004       0.006       0.006                               0.012
p35_NONBIODIES.11_CHEMICAL         0.039       0.008       0.052       0.387                               0.591       0.048       0.064       0.031       0.090       0.081       0.030       0.539       0.095       0.094       0.918
p35_NONBIODIES.12_NONMET           0.218       0.211       0.215       0.716                               0.196       0.017       0.084       0.112       0.475       0.018       0.047       0.503       0.037       0.382       0.144
p35_NONBIODIES.13_IRONSTL          0.001       0.012       0.038                                           0.027       0.015       0.026       0.021       0.045       0.177       0.323       0.015       0.027       0.114       0.040
p35_NONBIODIES.14_NONFERR          0.090       0.086       0.227                                           0.277       0.008       0.252       0.266       0.051       0.051       0.061                   0.215       0.475       0.133
p35_NONBIODIES.15_MACHINE          0.496       0.123       0.355       0.936                               0.275       0.009       0.575       0.481       0.555       0.037       0.286       0.189       0.362       0.644       0.675
p35_NONBIODIES.16_TRANSEQ          0.571       0.647       0.227       0.755                               0.526       0.918       0.425       0.523       0.390       0.937       0.110       0.235                   0.096
p35_NONBIODIES.17_OTHERIND         0.130       0.042       0.560       0.057       0.909       0.429       0.154       0.416       0.481       0.441       0.078       0.399       0.601       0.770       0.260       0.442       0.549
p35_NONBIODIES.22_eOil             0.058       0.020       0.072       0.194       0.978                   0.226       0.346       0.170       0.049       0.026       0.400       0.437       0.331       0.213       0.539       0.844
p35_NONBIODIES.27_CONSTRUC         0.938       0.777       0.898       0.985                   0.890       0.926       0.850       0.948       0.882       0.820       0.943       0.785       0.983       1.000       0.922       0.982
p35_NONBIODIES.28_LTRP             0.582       0.405       0.362       0.349       0.345       0.376       0.275       0.456       0.708       0.719       0.424       0.455       0.463       0.492       0.625       0.427       0.503
p35_NONBIODIES.29_WTRP             0.638       0.612       0.322       0.666                               0.432       0.584       0.713       0.955       1.000       0.198       0.874       0.959       0.640       0.882       0.435
p35_NONBIODIES.30_ATRP             0.001                                                                               0.001                         4.397794E-4                   0.021
p35_NONBIODIES.31_SER              0.307       0.545       0.568       0.889                   0.948       0.580       0.301       0.664       0.642       0.307       0.693       0.713       0.201       0.344       0.462       0.910
p36_RESFUEL   .01_AGRICULT         0.025       0.001                   0.136                   0.001       0.011       0.016       0.007       0.004       0.005       0.009       0.020                   0.014       0.006
p36_RESFUEL   .02_COAL                         0.001                                                       0.007                               0.006                                                                               0.001
p36_RESFUEL   .03_OIL              0.095       0.015                                                       0.003       0.022       0.007
p36_RESFUEL   .05_MINING           0.054       0.003 2.227420E-4       0.038                               0.131       0.166       0.125       0.020       0.008       0.494       0.104       0.001       0.074       0.102       0.005
p36_RESFUEL   .06_FOODPRO          0.291       0.024       0.018 3.394327E-4                               0.085       0.205       0.246       0.215       0.195       0.559       0.263       0.095       1.000       0.256       0.069
p36_RESFUEL   .07_TEXTILES         0.685       0.187       0.148       0.001                                           0.468       0.247       0.290       0.004       0.757       0.088       0.012       0.932       0.328       0.271
p36_RESFUEL   .08_WOODPRO          0.436       0.030       0.040       0.011                               0.265       0.931       0.147       0.062       0.175                   0.215                               0.024       0.283
p36_RESFUEL   .09_PAPERPRO         0.511       0.259       0.580       0.575                               0.484       0.607       0.471       0.506       0.236       0.975       0.544                               0.364
p36_RESFUEL   .10_PETROLCOAL       0.056       0.005       0.136                               1.000 2.858602E-4       0.128       0.057       0.160       0.107       0.216       0.065                   0.010       0.241       0.031
p36_RESFUEL   .11_CHEMICAL         0.317       0.003       0.063       0.095                               0.035       0.037       0.115       0.084       0.076       0.055       0.258       0.152       0.123       0.190       0.030
p36_RESFUEL   .12_NONMET           0.441       0.064       0.219       0.133                               0.021       0.032       0.043       0.021       0.098       0.079       0.085       0.175       0.103       0.536       0.049
p36_RESFUEL   .13_IRONSTL          0.002 1.462921E-4       0.013       0.014                               0.011       0.012       0.028       0.028       0.103                   0.005       0.005       0.040       0.262       0.009
p36_RESFUEL   .14_NONFERR          0.576       0.035       0.186                                                       0.462       0.358       0.323       0.018       0.324       0.679                   0.785       0.303       0.071
p36_RESFUEL   .15_MACHINE          0.074       0.009       0.001       0.003                                     4.089007E-4       0.132       0.040       0.175                   0.322       0.066       0.562       0.120 5.728985E-5
p36_RESFUEL   .16_TRANSEQ          0.312       0.028       0.027       0.121                               0.166       0.014       0.020       0.069       0.036                   0.008       0.033                   0.320
p36_RESFUEL   .17_OTHERIND         0.142       0.002       0.116                               0.436       0.012       0.218       0.042       0.036       0.849       0.530       0.313       0.145       0.093       0.110       0.075
p36_RESFUEL   .22_eOil             0.235       0.042       0.337       0.486       0.022       1.000       0.292       0.559       0.349       0.292       0.502       0.599       0.534       0.669       0.688       0.393       0.045
p36_RESFUEL   .27_CONSTRUC         0.021       0.046                   0.005                   0.058       0.001       0.017       0.017       0.018       0.076       0.018       0.100                               0.009       0.010
p36_RESFUEL   .28_LTRP       1.152099E-4                               0.002                   0.134             1.162154E-5 1.706834E-7             2.338399E-5 1.087535E-4       0.001             3.993467E-4 4.051404E-6 4.601826E-5
p36_RESFUEL   .29_WTRP             0.346       0.388       0.678       0.306                               0.087       0.410       0.223                               0.802       0.010       0.041       0.360       0.069       0.230
p36_RESFUEL   .30_ATRP       1.285626E-5
p36_RESFUEL   .31_SER              0.020       0.076       0.004       0.095                   0.018       0.027       0.055       0.024       0.043       0.192       0.042       0.037                   0.146       0.091       0.014
p37_NAPHTHA   .10_PETROLCOAL                               0.002                                     1.238756E-5       0.013                                           0.007                                           0.008
p37_NAPHTHA   .11_CHEMICAL                                 0.678                                                       0.067       0.131       0.110                                                       0.777
p37_NAPHTHA   .17_OTHERIND                                                                                       3.834465E-6       0.012                                           0.010                               0.002
p37_NAPHTHA   .22_eOil             0.238             2.132527E-4                                                                                                                                           0.012
p38_WHITESP   .05_MINING                                                                                                     2.802272E-5
p38_WHITESP   .06_FOODPRO                                                                                                    4.538653E-6
p38_WHITESP   .09_PAPERPRO                           7.400178E-5
p38_WHITESP   .10_PETROLCOAL                         2.069653E-5
p38_WHITESP   .11_CHEMICAL                           2.563310E-5                                                             1.589761E-7       0.003
p38_WHITESP   .12_NONMET                             1.042264E-4                                                                                     3.972000E-5
p38_WHITESP   .13_IRONSTL                            2.139763E-4
p38_WHITESP   .14_NONFERR                            8.946131E-5
p38_WHITESP   .15_MACHINE                                  0.026                                                                   0.002       0.001
p38_WHITESP   .16_TRANSEQ                                  0.068                                                                   0.004
p38_WHITESP   .17_OTHERIND                                                                                                   1.464309E-5             5.990112E-5                   0.002
p38_WHITESP   .27_CONSTRUC                                                                                                   1.646992E-4 5.522764E-5 5.855532E-5
p38_WHITESP   .28_LTRP                                                                                                       4.756559E-5
p38_WHITESP   .31_SER                                                                                                        1.581348E-5
p39_LUBRIC    .01_AGRICULT                                 0.004                                                                                                             1.681907E-6
p39_LUBRIC    .06_FOODPRO                                                                                                                                                    2.366056E-4
p39_LUBRIC    .10_PETROLCOAL                               0.011                                     2.325573E-5 7.954917E-5 9.553662E-6
p39_LUBRIC    .17_OTHERIND                                                                                                                     0.093                         8.938060E-7
p39_LUBRIC    .29_WTRP                                                                                           4.442084E-4
p39_LUBRIC    .31_SER                                                                                                                                                        2.640940E-7
p40_BITUMEN   .10_PETROLCOAL                               0.062                                     8.259026E-5       0.006 8.805572E-6
p40_BITUMEN   .12_NONMET                                                                                                     1.144020E-5
p40_BITUMEN   .22_eOil                                     0.098
p41_PARWAX    .01_AGRICULT                                                                                                                                                   3.536209E-5
p41_PARWAX    .05_MINING                                                                                                                                                     2.521480E-4
p41_PARWAX    .06_FOODPRO                                                                                                                                                    1.147058E-4
p41_PARWAX    .17_OTHERIND                                                                                                                                                   2.721863E-4
p41_PARWAX    .28_LTRP                                                                                                                                                       1.455642E-7
p41_PARWAX    .31_SER                                                                                                                                                        7.595343E-5
p42_PETCOKE   .03_OIL              0.107                                                                   0.245
p42_PETCOKE   .05_MINING                                                                                               0.067       0.016                   0.019
p42_PETCOKE   .06_FOODPRO                                                                                              0.078       0.001       0.003             3.789290E-4
p42_PETCOKE   .09_PAPERPRO                                 0.091                                           0.069                   0.005       0.003
p42_PETCOKE   .10_PETROLCOAL       0.054                   0.034                                           0.383       0.012       0.127       0.136                               0.001                               0.056       0.131
p42_PETCOKE   .11_CHEMICAL                                 0.065                                           0.308       0.045       0.004       0.115       0.071
p42_PETCOKE   .12_NONMET           0.312                   0.251                                           0.762       0.919       0.796       0.709       0.126       0.838       0.847                   0.861
p42_PETCOKE   .13_IRONSTL                                  0.092                                           0.002       0.051       0.006       0.044       0.006
p42_PETCOKE   .14_NONFERR                                  0.007                                           0.689       0.295       0.036       0.012       0.447       0.062
p42_PETCOKE   .15_MACHINE                                                                                  0.345       0.785
p42_PETCOKE   .17_OTHERIND                     0.208                   0.942                               0.325       0.140       0.070       0.118                   0.017 4.611145E-4                   0.632       0.015
p42_PETCOKE   .22_eOil             0.198       0.175       0.094                                           0.272       0.053       0.003       0.045
p42_PETCOKE   .28_LTRP                                                                                                       8.807700E-7
p42_PETCOKE   .31_SER                                                                                                                    6.027895E-5
p43_ONONSPEC  .01_AGRICULT                                                                                                                     0.001
p43_ONONSPEC  .02_COAL                         0.002                                                                                           0.003                                                                         1.212767E-4
p43_ONONSPEC  .03_OIL                          0.275                                                                                           0.006
p43_ONONSPEC  .05_MINING                       0.001                                                                               0.001       0.001                         3.157128E-4                                           0.023
p43_ONONSPEC  .06_FOODPRO                      0.004                                                                         1.638889E-4       0.031                               0.051                                           0.398
p43_ONONSPEC  .07_TEXTILES                     0.049                                                                                           0.033
p43_ONONSPEC  .09_PAPERPRO                     0.012       0.032                                                                   0.035       0.024                                                                               0.876
p43_ONONSPEC  .10_PETROLCOAL                   0.404       0.026                                     3.068663E-4       0.081       0.028       0.039                   0.009                                           0.003
p43_ONONSPEC  .11_CHEMICAL                     0.337 2.500360E-5                                                       0.649       0.009       0.053       0.046
p43_ONONSPEC  .12_NONMET                       0.008       0.115                                                                   0.025       0.002       0.009                   0.015                                           0.208
p43_ONONSPEC  .13_IRONSTL                1.787530E-4                                                                                     7.900482E-6 2.786364E-4                   0.002                               0.005       0.012
p43_ONONSPEC  .14_NONFERR                      0.012       0.084                                                                   0.023                   0.006                                                                   0.547
p43_ONONSPEC  .15_MACHINE                      0.013 1.774729E-5                                                                   0.004       0.003                                                                         1.661406E-4
p43_ONONSPEC  .16_TRANSEQ                      0.036                                                                               0.005       0.034       0.225
p43_ONONSPEC  .17_OTHERIND                     0.715                                                                   0.019       0.002 2.030937E-4       0.009       0.031       0.002                   0.003       0.360       0.012
p43_ONONSPEC  .22_eOil             0.043       0.016       0.006       0.114                               0.025       0.007       0.213       0.001       0.094                   0.017                               0.001       0.064
p43_ONONSPEC  .27_CONSTRUC                     0.117                                                                         3.804584E-4                   0.076                   0.052                                     1.949574E-5
p43_ONONSPEC  .28_LTRP                                                                                           2.805867E-6 1.849070E-7                                     1.854267E-4                                     2.913388E-5
p43_ONONSPEC  .29_WTRP                                                                                                       4.362975E-7
p43_ONONSPEC  .30_ATRP                                                                                                                                     0.263 9.805916E-5
p43_ONONSPEC  .31_SER                                                                                            2.743623E-4 9.188155E-5       0.005       0.069                   0.003                                     2.311248E-5


----   2818 PARAMETER OilpR_CO  Household consumption ratio of petrolcoal products in region z

                    01_KOR      02_CHN      03_JPN      04_RUS      06_PRK      07_NAM      08_LAM      09_WEU      10_EEU      11_FSU      12_MEA      13_AFR      14_CPA      15_SAS      16_PAS      17_PAO

p9_OVENCOKE                      0.002                                                             2.229366E-4       0.028
p14_COKEOVGS                     0.007
p29_LPG              0.239       0.899       0.409       0.833                   0.306       0.979       0.153       0.780       0.396       0.790       0.706       0.991       0.917       0.961       0.947
p30_NONBIOGASO                                                                         4.187036E-4       0.010       0.004       0.120                   0.003                         6.360265E-5       0.008
p34_OTHKERO          0.520       0.013       0.591                               0.020       0.018       0.091                   0.032       0.189       0.250       0.009       0.083       0.039
p35_NONBIODIES       0.180       0.080                   0.166       1.000       0.674       0.002       0.745       0.171       0.451       0.021       0.040                   0.001       0.001       0.045
p36_RESFUEL          0.061                               0.001                         4.863250E-4 1.827204E-4                   0.001             8.368071E-5             4.622617E-7
p41_PARWAX                                                                                                                             9.092140E-5 3.414103E-4
p42_PETCOKE                                                                                              0.001       0.017
p43_ONONSPEC                                                                                                                                       3.111425E-4


----   2863 PARAMETER Elec_DIO  Intermediate consumption of electricity by industry j in region z

                              01_KOR      02_CHN      03_JPN      04_RUS      05_MNG      06_PRK      07_NAM      08_LAM      09_WEU      10_EEU      11_FSU      12_MEA      13_AFR      14_CPA      15_SAS      16_PAS      17_PAO

p63_ELECTR.01_AGRICULT      1469.152   11489.252     317.093    1694.626       6.217      30.721    7373.503    4517.851    5630.657     573.417    2532.631    6121.534     710.201     570.490   19172.575     817.548     405.807
p63_ELECTR.02_COAL                      8828.547                 754.523                             819.968      39.573     229.394     759.675     222.230                 280.607                                         549.519
p63_ELECTR.04_GAS                       5333.534                8878.100                            5800.765    2194.550    1151.065     196.103    1163.449     307.644      14.523                              52.440     691.484
p63_ELECTR.05_MINING         153.487   11313.242      92.696    2510.851                            4111.227    4902.547    1448.887     515.156    1523.640     534.719    3528.680     634.566    2201.427      95.660    1805.624
p63_ELECTR.06_FOODPRO       1009.612   11400.172    2168.030    1428.134                            7537.490    4170.949   10169.470    1798.775     887.562     557.780     330.629    1610.232    6265.169    2289.979     759.203
p63_ELECTR.07_TEXTILES       915.633   18474.205     331.015     132.330                            1412.424     907.958    3047.327     329.211     315.666     161.612      69.981    1315.219     153.678    1453.234      24.526
p63_ELECTR.08_WOODPRO        157.645    3393.637     263.358     386.784                            2203.054      66.799    1838.507     651.149     134.396      52.651      61.980     448.237     391.757     285.051     183.555
p63_ELECTR.09_PAPERPRO       884.260    7529.321    2936.229    1561.892                            9637.563    3353.851    9552.924    1034.607     151.849      54.112     103.094     285.899    1127.383     760.634     432.305
p63_ELECTR.10_PETROLCOAL    1240.975   10308.942     905.234    2599.785                            5575.234     747.646    3051.987     569.700     281.865    1704.373    1023.248                 456.574     224.421     122.026
p63_ELECTR.11_CHEMICAL      4554.067   54086.329    4831.584    4098.151                           12498.029    3983.935   15083.510    2130.256    1492.335    1164.054     747.487     908.168    1560.078    4743.297     371.127
p63_ELECTR.12_NONMET        1070.690   32335.684    1458.756    1456.638                            3226.860    2679.716    6027.088    1465.128     687.463     816.813     696.807    1020.120     143.716    1436.801     300.426
p63_ELECTR.13_IRONSTL       4555.670   55543.250    5793.414    5337.665                            5586.895    5038.146   10870.186    1638.368    3738.133     507.938    1712.342    1508.082    8374.816    2639.783     410.555
p63_ELECTR.14_NONFERR        748.721   57383.233     975.182    8006.497                            8785.990    3149.050    7901.877    1186.372    1732.498    1437.067    2677.056                 919.409     194.356    3226.609
p63_ELECTR.15_MACHINE       6792.512   47630.696    5537.138    1629.269                            8951.462      71.113    9718.604    1805.024     465.229     310.725       5.825    1062.855     509.816    7635.266     125.223
p63_ELECTR.16_TRANSEQ       2236.205   10297.421    2300.527    1115.546                            3903.762     422.332    3829.376    1034.133     110.321      56.419       4.795      70.163    1198.221     245.350       2.443
p63_ELECTR.17_OTHERIND       359.933   19407.430    1898.987     562.537     365.365    1025.381    8456.797   19795.879    8834.618    1358.945     885.112   22323.092    5636.589    1214.015   28423.156   18752.124      59.371
p63_ELECTR.27_CONSTRUC                  8522.700     466.873    1055.959                  19.862    4036.313     112.332    2400.348     340.636     338.147      61.047      72.044     231.384      14.370     143.302     226.877
p63_ELECTR.28_LTRP           267.474   11235.250    1488.843    7018.753                  46.128    1854.849     502.240    5337.280     828.602    1278.099     289.663     270.183                1646.690     491.179     547.219
p63_ELECTR.31_SER          14068.070   92931.119   27199.359   13144.359      75.933     202.510  146762.249   27949.175   70732.356   11142.312    5668.883   34893.334    6658.900    2523.562   19092.436   23791.703    6845.775
p64_HEAT  .01_AGRICULT                    16.691                2541.878       5.320                                         247.404      68.312     557.881
p64_HEAT  .02_COAL                       168.506                 453.539                                                                 108.991      77.264
p64_HEAT  .04_GAS                       1189.340                2519.860                                                       1.679       0.319     760.963
p64_HEAT  .05_MINING                     641.989                 854.397                                                      57.365      90.156     584.256
p64_HEAT  .06_FOODPRO        139.198    4927.916                4151.737                             528.962                1217.555     246.630    1476.283                                                      27.346
p64_HEAT  .07_TEXTILES       476.543    7929.378                 946.607                             139.363                 110.262      42.035      97.216                                                      49.529
p64_HEAT  .08_WOODPRO         11.200     174.981                1260.325                             242.473                 357.731     263.281     183.420
p64_HEAT  .09_PAPERPRO       290.312    5231.883                4220.434                             553.271                2112.403     165.075     303.622                                                       6.156
p64_HEAT  .10_PETROLCOAL      31.630   15152.587                9185.784                            1474.851                1917.029      63.324     541.249                                                     468.239
p64_HEAT  .11_CHEMICAL      2214.735   39860.036               12395.988                            3173.077                6807.604    1279.129    1504.013                                                    1773.446
p64_HEAT  .12_NONMET           3.055     601.562                2116.682                               3.565                 227.277      53.085     181.713                                                       0.002
p64_HEAT  .13_IRONSTL          6.021    4650.984                6063.835                             176.370                 309.555     254.109    2062.213                                                       5.118
p64_HEAT  .14_NONFERR          0.059    5220.698                                                      93.472                  96.802      48.867     305.189                                                       5.741
p64_HEAT  .15_MACHINE          4.148    1172.640                1663.211                              86.422                 466.362     158.298     202.486                                                      41.337
p64_HEAT  .16_TRANSEQ          7.762     871.601                2003.997                             115.282                 449.850     124.284      74.770                                                       0.029
p64_HEAT  .17_OTHERIND       268.371     805.384                             291.400                 160.543                2699.237     116.716     556.350                                                       0.195
p64_HEAT  .27_CONSTRUC                   549.400                 448.224                               0.788                  19.395      26.881     206.955
p64_HEAT  .31_SER            342.309    7899.102     514.967   18901.060     406.720                1292.066                7834.373    2700.974    8022.850                                                       1.169


----   2863 PARAMETER Elec_CO  Household consumption of electricity in region z

                01_KOR      02_CHN      03_JPN      04_RUS      05_MNG      06_PRK      07_NAM      08_LAM      09_WEU      10_EEU      11_FSU      12_MEA      13_AFR      14_CPA      15_SAS      16_PAS      17_PAO

p63_ELECTR    5796.888   92489.133   21660.498   13833.001     141.178     207.491  138450.285   32277.139   70721.595   11165.133    8697.425   45149.560   10562.063    6047.377   35629.281   24749.966    6295.126
p64_HEAT      2141.861   30771.006      25.728   47677.505     407.320                                       14023.183    8306.408    6961.017


----   2863 PARAMETER ElecR_DIO  Intermediate consumption ratio of electricity by industry j in region z

                              01_KOR      02_CHN      03_JPN      04_RUS      05_MNG      06_PRK      07_NAM      08_LAM      09_WEU      10_EEU      11_FSU      12_MEA      13_AFR      14_CPA      15_SAS      16_PAS      17_PAO

p63_ELECTR.01_AGRICULT         1.000       0.999       1.000       0.400       0.539       1.000       1.000       1.000       0.958       0.894       0.819       1.000       1.000       1.000       1.000       1.000       1.000
p63_ELECTR.02_COAL                         0.981                   0.625                               1.000       1.000       1.000       0.875       0.742                   1.000                                           1.000
p63_ELECTR.04_GAS                          0.818                   0.779                               1.000       1.000       0.999       0.998       0.605       1.000       1.000                               1.000       1.000
p63_ELECTR.05_MINING           1.000       0.946       1.000       0.746                               1.000       1.000       0.962       0.851       0.723       1.000       1.000       1.000       1.000       1.000       1.000
p63_ELECTR.06_FOODPRO          0.879       0.698       1.000       0.256                               0.934       1.000       0.893       0.879       0.375       1.000       1.000       1.000       1.000       0.988       1.000
p63_ELECTR.07_TEXTILES         0.658       0.700       1.000       0.123                               0.910       1.000       0.965       0.887       0.765       1.000       1.000       1.000       1.000       0.967       1.000
p63_ELECTR.08_WOODPRO          0.934       0.951       1.000       0.235                               0.901       1.000       0.837       0.712       0.423       1.000       1.000       1.000       1.000       1.000       1.000
p63_ELECTR.09_PAPERPRO         0.753       0.590       1.000       0.270                               0.946       1.000       0.819       0.862       0.333       1.000       1.000       1.000       1.000       0.992       1.000
p63_ELECTR.10_PETROLCOAL       0.975       0.405       1.000       0.221                               0.791       1.000       0.614       0.900       0.342       1.000       1.000                   1.000       0.324       1.000
p63_ELECTR.11_CHEMICAL         0.673       0.576       1.000       0.248                               0.798       1.000       0.689       0.625       0.498       1.000       1.000       1.000       1.000       0.728       1.000
p63_ELECTR.12_NONMET           0.997       0.982       1.000       0.408                               0.999       1.000       0.964       0.965       0.791       1.000       1.000       1.000       1.000       1.000       1.000
p63_ELECTR.13_IRONSTL          0.999       0.923       1.000       0.468                               0.969       1.000       0.972       0.866       0.644       1.000       1.000       1.000       1.000       0.998       1.000
p63_ELECTR.14_NONFERR          1.000       0.917       1.000       1.000                               0.989       1.000       0.988       0.960       0.850       1.000       1.000                   1.000       0.971       1.000
p63_ELECTR.15_MACHINE          0.999       0.976       1.000       0.495                               0.990       1.000       0.954       0.919       0.697       1.000       1.000       1.000       1.000       0.995       1.000
p63_ELECTR.16_TRANSEQ          0.997       0.922       1.000       0.358                               0.971       1.000       0.895       0.893       0.596       1.000       1.000       1.000       1.000       1.000       1.000
p63_ELECTR.17_OTHERIND         0.573       0.960       1.000       1.000       0.556       1.000       0.981       1.000       0.766       0.921       0.614       1.000       1.000       1.000       1.000       1.000       1.000
p63_ELECTR.27_CONSTRUC                     0.939       1.000       0.702                   1.000       1.000       1.000       0.992       0.927       0.620       1.000       1.000       1.000       1.000       1.000       1.000
p63_ELECTR.28_LTRP             1.000       1.000       1.000       1.000                   1.000       1.000       1.000       1.000       1.000       1.000       1.000       1.000                   1.000       1.000       1.000
p63_ELECTR.31_SER              0.976       0.922       0.981       0.410       0.157       1.000       0.991       1.000       0.900       0.805       0.414       1.000       1.000       1.000       1.000       1.000       1.000
p64_HEAT  .01_AGRICULT                     0.001                   0.600       0.461                                           0.042       0.106       0.181
p64_HEAT  .02_COAL                         0.019                   0.375                                                                   0.125       0.258
p64_HEAT  .04_GAS                          0.182                   0.221                                                       0.001       0.002       0.395
p64_HEAT  .05_MINING                       0.054                   0.254                                                       0.038       0.149       0.277
p64_HEAT  .06_FOODPRO          0.121       0.302                   0.744                               0.066                   0.107       0.121       0.625                                                       0.012
p64_HEAT  .07_TEXTILES         0.342       0.300                   0.877                               0.090                   0.035       0.113       0.235                                                       0.033
p64_HEAT  .08_WOODPRO          0.066       0.049                   0.765                               0.099                   0.163       0.288       0.577
p64_HEAT  .09_PAPERPRO         0.247       0.410                   0.730                               0.054                   0.181       0.138       0.667                                                       0.008
p64_HEAT  .10_PETROLCOAL       0.025       0.595                   0.779                               0.209                   0.386       0.100       0.658                                                       0.676
p64_HEAT  .11_CHEMICAL         0.327       0.424                   0.752                               0.202                   0.311       0.375       0.502                                                       0.272
p64_HEAT  .12_NONMET           0.003       0.018                   0.592                               0.001                   0.036       0.035       0.209                                                 1.043985E-6
p64_HEAT  .13_IRONSTL          0.001       0.077                   0.532                               0.031                   0.028       0.134       0.356                                                       0.002
p64_HEAT  .14_NONFERR    7.946254E-5       0.083                                                       0.011                   0.012       0.040       0.150                                                       0.029
p64_HEAT  .15_MACHINE          0.001       0.024                   0.505                               0.010                   0.046       0.081       0.303                                                       0.005
p64_HEAT  .16_TRANSEQ          0.003       0.078                   0.642                               0.029                   0.105       0.107       0.404                                                 1.181848E-4
p64_HEAT  .17_OTHERIND         0.427       0.040                               0.444                   0.019                   0.234       0.079       0.386                                                 1.037205E-5
p64_HEAT  .27_CONSTRUC                     0.061                   0.298                         1.952391E-4                   0.008       0.073       0.380
p64_HEAT  .31_SER              0.024       0.078       0.019       0.590       0.843                   0.009                   0.100       0.195       0.586                                                 4.911555E-5


----   2863 PARAMETER ElecR_CO  Household consumption ratio of electricity in region z

                01_KOR      02_CHN      03_JPN      04_RUS      05_MNG      06_PRK      07_NAM      08_LAM      09_WEU      10_EEU      11_FSU      12_MEA      13_AFR      14_CPA      15_SAS      16_PAS      17_PAO

p63_ELECTR       0.730       0.750       0.999       0.225       0.257       1.000       1.000       1.000       0.835       0.573       0.555       1.000       1.000       1.000       1.000       1.000       1.000
p64_HEAT         0.270       0.250       0.001       0.775       0.743                                           0.165       0.427       0.445


----   2908 PARAMETER Waste_DIO  Intermediate consumption of waste energy by industry j in region z

                                 01_KOR      02_CHN      03_JPN      04_RUS      07_NAM      08_LAM      09_WEU      10_EEU      11_FSU      12_MEA      15_SAS      16_PAS      17_PAO

p44_INDWASTE .01_AGRICULT                                            43.008
p44_INDWASTE .02_COAL                                                                                                -0.023
p44_INDWASTE .05_MINING                                               8.123                               0.014       1.053
p44_INDWASTE .06_FOODPRO         73.562                             242.900       1.549                  49.981       6.635                                                       3.869
p44_INDWASTE .07_TEXTILES        62.347                               3.780                               0.243       0.430
p44_INDWASTE .08_WOODPRO          6.378                             585.900                             265.582
p44_INDWASTE .09_PAPERPRO       416.430                 258.585     458.220     187.977                  61.831      34.694
p44_INDWASTE .10_PETROLCOAL                                        -135.726
p44_INDWASTE .11_CHEMICAL       391.545                 153.176     147.910     205.265      76.194     461.539      55.453                   8.742                              82.330
p44_INDWASTE .12_NONMET         712.494                 573.024      73.206     155.310     168.736    2372.168    1396.748       0.645      62.569
p44_INDWASTE .13_IRONSTL          8.567                  35.225    1287.930                               5.532       0.982
p44_INDWASTE .14_NONFERR                                 30.933                                          17.688
p44_INDWASTE .15_MACHINE                                              0.798                               5.279       1.036
p44_INDWASTE .16_TRANSEQ                                              0.077                               4.024       0.098
p44_INDWASTE .17_OTHERIND        76.770                               3.780                              88.997       0.445                  43.156
p44_INDWASTE .26_eOther         561.214    4359.033    3620.600    4144.694     555.144     308.681    1112.496     132.740      18.272
p44_INDWASTE .27_CONSTRUC        13.710                               0.070                               0.426       0.030
p44_INDWASTE .31_SER            117.785                 773.068     114.249                              36.214      26.876
p45_MUNWASTER.01_AGRICULT         0.172                                                                   2.567
p45_MUNWASTER.05_MINING                                                                                   0.007
p45_MUNWASTER.06_FOODPRO                                                                      9.985       0.520       0.487
p45_MUNWASTER.07_TEXTILES         0.457                                                       0.126       0.027
p45_MUNWASTER.08_WOODPRO                                                                                  2.898       0.014
p45_MUNWASTER.09_PAPERPRO         7.132                                                       0.018     189.541                                                       8.369
p45_MUNWASTER.11_CHEMICAL                                                                     0.025      44.119                                                       0.001
p45_MUNWASTER.12_NONMET                                                                       1.499     529.905     140.716
p45_MUNWASTER.13_IRONSTL                                                                      0.001       0.621
p45_MUNWASTER.14_NONFERR                                                                      0.030
p45_MUNWASTER.15_MACHINE                                                                                  9.531       0.623
p45_MUNWASTER.16_TRANSEQ                                                                                  3.559
p45_MUNWASTER.17_OTHERIND        20.044                                          33.963                   0.293                              12.701                 112.032
p45_MUNWASTER.26_eOther         151.854      35.109     383.277                3025.837               10007.010     248.649      36.723                 328.676    1064.650
p45_MUNWASTER.27_CONSTRUC         6.683                                                                               0.003
p45_MUNWASTER.31_SER            168.739                                         132.311                 155.338      36.636                                         145.485
p46_MUNWASTEN.01_AGRICULT         0.281                                                                   2.567
p46_MUNWASTEN.05_MINING                                                                                   0.007
p46_MUNWASTEN.06_FOODPRO                                                                                  0.430
p46_MUNWASTEN.07_TEXTILES         0.699                                                                   0.027
p46_MUNWASTEN.08_WOODPRO                                                                                  0.240
p46_MUNWASTEN.09_PAPERPRO        12.057                                                                 170.318                                                       8.369
p46_MUNWASTEN.11_CHEMICAL                                                                                44.119                                                       0.001
p46_MUNWASTEN.12_NONMET                                                                                 553.053     225.686
p46_MUNWASTEN.13_IRONSTL                                                                                  0.621
p46_MUNWASTEN.15_MACHINE                                                                                  9.495       0.024
p46_MUNWASTEN.16_TRANSEQ                                                                                  3.559
p46_MUNWASTEN.17_OTHERIND        32.325                                          41.512                   0.238                              38.448
p46_MUNWASTEN.26_eOther         222.489      35.109     383.277                3618.863                9676.069     368.073      36.723                 328.676     961.702
p46_MUNWASTEN.27_CONSTRUC        10.146                                                                               0.010
p46_MUNWASTEN.31_SER            252.807                                         161.714                 197.737      29.384                                         145.485


----   2908 PARAMETER WasteR_DIO  Intermediate consumption ratio of waste energy by industry j in region z

                               01_KOR      02_CHN      03_JPN      04_RUS      07_NAM      08_LAM      09_WEU      10_EEU      11_FSU      12_MEA      15_SAS      16_PAS      17_PAO

p44_INDWASTE .01_AGRICULT                                           1.000
p44_INDWASTE .05_MINING                                             1.000                               0.488       1.000
p44_INDWASTE .06_FOODPRO        1.000                               1.000       1.000                   0.981       0.932                                                       1.000
p44_INDWASTE .07_TEXTILES       0.982                               1.000                               0.817       1.000
p44_INDWASTE .08_WOODPRO        1.000                               1.000                               0.988
p44_INDWASTE .09_PAPERPRO       0.956                   1.000       1.000       1.000                   0.147       1.000
p44_INDWASTE .11_CHEMICAL       1.000                   1.000       1.000       1.000       1.000       0.840       1.000                   1.000                               1.000
p44_INDWASTE .12_NONMET         1.000                   1.000       1.000       1.000       0.991       0.687       0.792       1.000       1.000
p44_INDWASTE .13_IRONSTL        1.000                   1.000       1.000                               0.817       1.000
p44_INDWASTE .14_NONFERR                                1.000                                           1.000
p44_INDWASTE .15_MACHINE                                            1.000                               0.217       0.616
p44_INDWASTE .16_TRANSEQ                                            1.000                               0.361       1.000
p44_INDWASTE .17_OTHERIND       0.594                               1.000                               0.994       1.000                   0.458
p44_INDWASTE .26_eOther         0.600       0.984       0.825       1.000       0.077       1.000       0.053       0.177       0.199
p44_INDWASTE .27_CONSTRUC       0.449                               1.000                               1.000       0.712
p44_INDWASTE .31_SER            0.218                   1.000       1.000                               0.093       0.289
p45_MUNWASTER.01_AGRICULT       0.379                                                                   0.500
p45_MUNWASTER.05_MINING                                                                                 0.256
p45_MUNWASTER.06_FOODPRO                                                                    1.000       0.010       0.068
p45_MUNWASTER.07_TEXTILES       0.007                                                       1.000       0.092
p45_MUNWASTER.08_WOODPRO                                                                                0.011       1.000
p45_MUNWASTER.09_PAPERPRO       0.016                                                       1.000       0.449                                                       0.500
p45_MUNWASTER.11_CHEMICAL                                                             3.280031E-4       0.080                                                       0.500
p45_MUNWASTER.12_NONMET                                                                     0.009       0.153       0.080
p45_MUNWASTER.13_IRONSTL                                                                    1.000       0.092
p45_MUNWASTER.14_NONFERR                                                                    1.000
p45_MUNWASTER.15_MACHINE                                                                                0.392       0.370
p45_MUNWASTER.16_TRANSEQ                                                                                0.319
p45_MUNWASTER.17_OTHERIND       0.155                                           0.450                   0.003                               0.135                   1.000
p45_MUNWASTER.26_eOther         0.162       0.008       0.087                   0.420                   0.481       0.332       0.400                   0.500       0.525
p45_MUNWASTER.27_CONSTRUC       0.219                                                                               0.061
p45_MUNWASTER.31_SER            0.313                                           0.450                   0.399       0.394                                           0.500
p46_MUNWASTEN.01_AGRICULT       0.621                                                                   0.500
p46_MUNWASTEN.05_MINING                                                                                 0.256
p46_MUNWASTEN.06_FOODPRO                                                                                0.008
p46_MUNWASTEN.07_TEXTILES       0.011                                                                   0.092
p46_MUNWASTEN.08_WOODPRO                                                                                0.001
p46_MUNWASTEN.09_PAPERPRO       0.028                                                                   0.404                                                       0.500
p46_MUNWASTEN.11_CHEMICAL                                                                               0.080                                                       0.500
p46_MUNWASTEN.12_NONMET                                                                                 0.160       0.128
p46_MUNWASTEN.13_IRONSTL                                                                                0.092
p46_MUNWASTEN.15_MACHINE                                                                                0.391       0.014
p46_MUNWASTEN.16_TRANSEQ                                                                                0.319
p46_MUNWASTEN.17_OTHERIND       0.250                                           0.550                   0.003                               0.408
p46_MUNWASTEN.26_eOther         0.238       0.008       0.087                   0.503                   0.465       0.491       0.400                   0.500       0.475
p46_MUNWASTEN.27_CONSTRUC       0.332                                                                               0.226
p46_MUNWASTEN.31_SER            0.469                                           0.550                   0.508       0.316                                           0.500


----   2908 PARAMETER WasteR_CO  Household consumption ratio of waste energy in region z

                      ( ALL       0.000 )


----   2956 PARAMETER Bio_DIO  Intermediate consumption of bio energy by industry j in region z

                                 01_KOR      02_CHN      03_JPN      04_RUS      05_MNG      06_PRK      07_NAM      08_LAM      09_WEU      10_EEU      11_FSU      12_MEA      13_AFR      14_CPA      15_SAS      16_PAS      17_PAO

p47_PRIMSBIO .01_AGRICULT        14.307                   1.014      29.126       3.355                1344.658    3535.945    1127.334     576.535      65.640       0.509    2005.426     378.000                   0.119
p47_PRIMSBIO .02_COAL                                                                                                                        -0.561      -0.024
p47_PRIMSBIO .05_MINING           0.143                               7.371                                           2.865      15.318       4.602       1.839                   7.426                                           0.358
p47_PRIMSBIO .06_FOODPRO         22.702                  55.991      16.989                            1479.423   19126.162     997.357     295.788      20.346       4.535    2001.778    1376.578    9082.314    6472.186    1902.981
p47_PRIMSBIO .07_TEXTILES        27.092                   9.885       0.665                                          78.648      25.453      24.391       1.936       1.087                1306.600
p47_PRIMSBIO .08_WOODPRO         69.213                  43.587     142.471                            4152.168     121.561    3431.617    1586.734      74.136       0.248                1003.842                             262.157
p47_PRIMSBIO .09_PAPERPRO       193.169                2339.610       3.066                           31584.169   11897.070   11692.487    1793.682       0.310                 453.988                2456.283    3191.571     174.931
p47_PRIMSBIO .10_PETROLCOAL                                                                                                      -3.105      -0.025      -2.006
p47_PRIMSBIO .11_CHEMICAL         0.584                  28.756      10.920                              48.712     158.029     310.924      90.988       1.051                                                       0.016      10.748
p47_PRIMSBIO .12_NONMET           0.952                 147.813       0.756                             513.955    2332.379    1198.628      65.981      17.239      27.543    1236.035     413.830    6142.519                  70.555
p47_PRIMSBIO .13_IRONSTL                                  6.356       0.511                               0.167      68.214      10.967       8.678       7.428
p47_PRIMSBIO .14_NONFERR                                                                                 20.326                   0.670       0.139       0.191       0.005                                                      44.664
p47_PRIMSBIO .15_MACHINE          0.172                   1.167       0.350                               0.836                  62.417      41.357       6.544
p47_PRIMSBIO .16_TRANSEQ          0.681                   0.003       0.007                               0.024                  14.820       2.106       1.314
p47_PRIMSBIO .17_OTHERIND        83.553                   0.061       4.473                             590.045    6689.837     823.256     241.395       9.936     715.603   11405.180    1288.840   50964.611    7846.740     452.043
p47_PRIMSBIO .26_eOther        1343.941   37531.080    4979.926     563.739                           11499.741   20682.565   27900.790    6196.446    1884.406                1128.703     956.960   15345.017   14388.668    1143.415
p47_PRIMSBIO .27_CONSTRUC                                 0.186       5.355                                           1.124      84.811      16.093       6.152       0.696      14.164
p47_PRIMSBIO .28_LTRP                                                                                                                         0.035       0.050
p47_PRIMSBIO .31_SER            118.330                1396.104    1031.728       8.024     763.383    1532.697     655.769    2686.730     675.908     171.168    2236.780    9083.100     192.733    3221.897     610.112       3.702
p48_BIOGASES .01_AGRICULT         1.147     726.503                                                       1.450       0.752     708.495     157.603
p48_BIOGASES .04_GAS                         -6.171      -1.921                                                                -990.407      -7.754
p48_BIOGASES .05_MINING                                                                                                           9.453
p48_BIOGASES .06_FOODPRO         10.238                                                                   2.681       0.128     175.592      30.676       0.119                                                                  19.179
p48_BIOGASES .07_TEXTILES         1.027                                                                                           0.150       0.652
p48_BIOGASES .08_WOODPRO                                                                                                          0.208       0.525
p48_BIOGASES .09_PAPERPRO         1.835                                                                  59.870                 191.684       7.205                                                                               0.931
p48_BIOGASES .10_PETROLCOAL                                                                                                      -0.024
p48_BIOGASES .11_CHEMICAL         7.858                                                                   7.016                  46.471       3.518       0.788                                                       0.343
p48_BIOGASES .12_NONMET                                                                                                          11.369       0.601                                                                               3.869
p48_BIOGASES .13_IRONSTL                                                                                  1.457
p48_BIOGASES .14_NONFERR                                                                                                          0.333
p48_BIOGASES .15_MACHINE                                                                                                          8.858       0.327
p48_BIOGASES .16_TRANSEQ                                                                                                          2.938
p48_BIOGASES .17_OTHERIND         3.206                                                                   3.624       2.596     142.909       1.234                                                     111.494     639.896       1.085
p48_BIOGASES .26_eOther         142.777    1168.025       1.021                                        3660.823     715.603   11679.785    1125.887      66.643      37.789       6.721                 489.381    1035.928     428.959
p48_BIOGASES .27_CONSTRUC                                                                                                         0.848
p48_BIOGASES .28_LTRP                                                                                                           198.982       2.493                                                      10.697
p48_BIOGASES .29_WTRP                                                                                                             0.001
p48_BIOGASES .31_SER             25.572                                                                  97.113      10.329     754.630     116.486                              26.930                   1.075                  16.050
p49_BIOGASOL .01_AGRICULT                                                                                             0.100       3.509
p49_BIOGASOL .05_MINING                                                                                                           0.001
p49_BIOGASOL .06_FOODPRO                                                                                                          0.001
p49_BIOGASOL .08_WOODPRO                                                                                                          0.001
p49_BIOGASOL .11_CHEMICAL                                                                                                         0.001
p49_BIOGASOL .12_NONMET                                                                                                           0.001
p49_BIOGASOL .13_IRONSTL                                                                                              6.052       0.002
p49_BIOGASOL .15_MACHINE                                                                                                          0.019
p49_BIOGASOL .16_TRANSEQ                                                                                                          0.136
p49_BIOGASOL .17_OTHERIND                                                                                            16.327       0.009
p49_BIOGASOL .26_eOther                                                                                               2.757
p49_BIOGASOL .27_CONSTRUC                                                                                                         3.312
p49_BIOGASOL .28_LTRP                      2048.342     414.263                                       30941.132    6903.680    2774.459     485.668      88.110                  61.599      78.093    1067.540    1195.259     130.120
p49_BIOGASOL .29_WTRP                                                                                                             6.341
p49_BIOGASOL .31_SER                                                                                                  6.144       4.495
p50_BIODIESEL.01_AGRICULT                                                                               291.147     670.520     431.014       1.985      12.038                                                       4.194       0.239
p50_BIODIESEL.02_COAL                                                                                   -30.223
p50_BIODIESEL.03_OIL                                                                                    -85.631
p50_BIODIESEL.04_GAS                                                                                    -85.631                  -0.002
p50_BIODIESEL.05_MINING                                                                                  48.356      52.328      30.190                                                                               3.706       0.006
p50_BIODIESEL.06_FOODPRO                                                                                  7.052      23.072       5.049                                                                               2.271
p50_BIODIESEL.07_TEXTILES                                                                                             0.165       0.209                                                                               0.017
p50_BIODIESEL.08_WOODPRO                                                                                  7.052                   9.170                                                                               0.109
p50_BIODIESEL.09_PAPERPRO                                                                                 2.015      18.505       6.395                                                                               0.031
p50_BIODIESEL.11_CHEMICAL                                                                                34.253       1.622       0.634                                                                               0.771
p50_BIODIESEL.12_NONMET                                                                                  12.089       7.505       6.123       0.050                                                                   1.046
p50_BIODIESEL.13_IRONSTL                                                                                  2.015       3.639       2.753                                                                               0.386
p50_BIODIESEL.14_NONFERR                                                                                  1.007       1.282       0.535
p50_BIODIESEL.15_MACHINE                                                                                  4.030                   3.248                                                                               1.837
p50_BIODIESEL.16_TRANSEQ                                                                                  1.007                   3.407
p50_BIODIESEL.17_OTHERIND                                                                                10.074      21.406      79.715                                                                             347.343       0.044
p50_BIODIESEL.26_eOther                                                                                 220.705     121.761      30.585       1.154                                                                 419.140
p50_BIODIESEL.27_CONSTRUC                                                                               365.696                 245.176                                                                               4.287       0.051
p50_BIODIESEL.28_LTRP           641.330     342.730      12.402                                        5288.702    5585.334   12834.389    2245.944       1.949                                          39.098    6550.405       2.203
p50_BIODIESEL.29_WTRP                                                                                   107.795                  15.385                                                                               6.128
p50_BIODIESEL.31_SER                        569.079                                                     261.931      12.452      97.205       0.001                                                                 259.077       0.070
p52_OBIOLIQ  .01_AGRICULT                                                                                                        10.938
p52_OBIOLIQ  .05_MINING                                                                                                           0.643
p52_OBIOLIQ  .06_FOODPRO                                                                                                         50.700
p52_OBIOLIQ  .08_WOODPRO                                                                                                          1.286
p52_OBIOLIQ  .09_PAPERPRO                                                                               359.400                   3.926
p52_OBIOLIQ  .10_PETROLCOAL                                                                                                     -34.742                                                                              -0.004
p52_OBIOLIQ  .11_CHEMICAL                                                                                 0.258                   9.995       0.009
p52_OBIOLIQ  .12_NONMET                                                                                                           5.788
p52_OBIOLIQ  .15_MACHINE                                                                                                          3.206
p52_OBIOLIQ  .16_TRANSEQ                                                                                                          0.751
p52_OBIOLIQ  .17_OTHERIND                                                                                                         0.707
p52_OBIOLIQ  .26_eOther         411.912                                                                  62.714                1118.972       0.941                                                                 182.592
p52_OBIOLIQ  .28_LTRP                                                                                             11855.977      30.311
p52_OBIOLIQ  .31_SER                                                                                                             37.059       1.059


----   2956 PARAMETER BioR_DIO  Intermediate consumption ratio of bio energy by industry j in region z

                               01_KOR      02_CHN      03_JPN      04_RUS      05_MNG      06_PRK      07_NAM      08_LAM      09_WEU      10_EEU      11_FSU      12_MEA      13_AFR      14_CPA      15_SAS      16_PAS      17_PAO

p47_PRIMSBIO .01_AGRICULT       0.926                   1.000       1.000       1.000                   0.821       0.840       0.494       0.783       0.845       1.000       1.000       1.000                   0.028
p47_PRIMSBIO .05_MINING         1.000                               1.000                                           0.052       0.275       1.000       1.000                   1.000                                           0.984
p47_PRIMSBIO .06_FOODPRO        0.689                   1.000       1.000                               0.993       0.999       0.812       0.906       0.994       1.000       1.000       1.000       1.000       1.000       0.990
p47_PRIMSBIO .07_TEXTILES       0.963                   1.000       1.000                                           0.998       0.986       0.974       1.000       1.000                   1.000
p47_PRIMSBIO .08_WOODPRO        1.000                   1.000       1.000                               0.998       1.000       0.997       1.000       1.000       1.000                   1.000                               1.000
p47_PRIMSBIO .09_PAPERPRO       0.991                   1.000       1.000                               0.987       0.998       0.983       0.996       1.000                   1.000                   1.000       1.000       0.995
p47_PRIMSBIO .11_CHEMICAL       0.069                   1.000       1.000                               0.540       0.990       0.845       0.963       0.571                                                       0.014       1.000
p47_PRIMSBIO .12_NONMET         1.000                   1.000       1.000                               0.977       0.997       0.981       0.990       1.000       1.000       1.000       1.000       1.000                   0.948
p47_PRIMSBIO .13_IRONSTL                                1.000       1.000                               0.046       0.876       0.799       1.000       1.000
p47_PRIMSBIO .14_NONFERR                                                                                0.953                   0.436       1.000       1.000       1.000                                                       1.000
p47_PRIMSBIO .15_MACHINE        1.000                   1.000       1.000                               0.172                   0.803       0.992       1.000
p47_PRIMSBIO .16_TRANSEQ        1.000                   1.000       1.000                               0.023                   0.672       1.000       1.000
p47_PRIMSBIO .17_OTHERIND       0.963                   1.000       1.000                               0.977       0.994       0.787       0.995       1.000       1.000       1.000       1.000       0.998       0.888       0.998
p47_PRIMSBIO .26_eOther         0.708       0.970       1.000       1.000                               0.745       0.961       0.685       0.846       0.966                   0.994       1.000       0.969       0.898       0.727
p47_PRIMSBIO .27_CONSTRUC                               1.000       1.000                                           1.000       0.254       1.000       1.000       1.000       1.000
p47_PRIMSBIO .28_LTRP                                                                                                                 1.280110E-5       0.001
p47_PRIMSBIO .31_SER            0.822                   1.000       1.000       1.000       1.000       0.810       0.958       0.750       0.852       1.000       1.000       0.997       1.000       1.000       0.702       0.187
p48_BIOGASES .01_AGRICULT       0.074       1.000                                                       0.001 1.787363E-4       0.311       0.214
p48_BIOGASES .05_MINING                                                                                                         0.170
p48_BIOGASES .06_FOODPRO        0.311                                                                   0.002 6.689518E-6       0.143       0.094       0.006                                                                   0.010
p48_BIOGASES .07_TEXTILES       0.037                                                                                           0.006       0.026
p48_BIOGASES .08_WOODPRO                                                                                                  6.042504E-5 3.307588E-4
p48_BIOGASES .09_PAPERPRO       0.009                                                                   0.002                   0.016       0.004                                                                               0.005
p48_BIOGASES .11_CHEMICAL       0.931                                                                   0.078                   0.126       0.037       0.429                                                       0.303
p48_BIOGASES .12_NONMET                                                                                                         0.009       0.009                                                                               0.052
p48_BIOGASES .13_IRONSTL                                                                                0.400
p48_BIOGASES .14_NONFERR                                                                                                        0.216
p48_BIOGASES .15_MACHINE                                                                                                        0.114       0.008
p48_BIOGASES .16_TRANSEQ                                                                                                        0.133
p48_BIOGASES .17_OTHERIND       0.037                                                                   0.006 3.857557E-4       0.137       0.005                                                       0.002       0.072       0.002
p48_BIOGASES .26_eOther         0.075       0.030 2.049209E-4                                           0.237       0.033       0.287       0.154       0.034       1.000       0.006                   0.031       0.065       0.273
p48_BIOGASES .27_CONSTRUC                                                                                                       0.003
p48_BIOGASES .28_LTRP                                                                                                           0.013       0.001                                                       0.010
p48_BIOGASES .29_WTRP                                                                                                     2.301252E-5
p48_BIOGASES .31_SER            0.178                                                                   0.051       0.015       0.211       0.147                               0.003             3.334811E-4                   0.810
p49_BIOGASOL .01_AGRICULT                                                                                     2.372059E-5       0.002
p49_BIOGASOL .05_MINING                                                                                                   1.079063E-5
p49_BIOGASOL .06_FOODPRO                                                                                                  9.766425E-7
p49_BIOGASOL .08_WOODPRO                                                                                                  1.743030E-7
p49_BIOGASOL .11_CHEMICAL                                                                                                 1.630324E-6
p49_BIOGASOL .12_NONMET                                                                                                   4.910348E-7
p49_BIOGASOL .13_IRONSTL                                                                                            0.078 1.384668E-4
p49_BIOGASOL .15_MACHINE                                                                                                  2.443783E-4
p49_BIOGASOL .16_TRANSEQ                                                                                                        0.006
p49_BIOGASOL .17_OTHERIND                                                                                           0.002 9.077043E-6
p49_BIOGASOL .26_eOther                                                                                       1.281067E-4
p49_BIOGASOL .27_CONSTRUC                                                                                                       0.010
p49_BIOGASOL .28_LTRP                       0.857       0.971                                           0.854       0.284       0.175       0.178       0.978                   1.000       1.000       0.955       0.154       0.983
p49_BIOGASOL .29_WTRP                                                                                                           0.292
p49_BIOGASOL .31_SER                                                                                                0.009       0.001
p50_BIODIESEL.01_AGRICULT                                                                               0.178       0.159       0.189       0.003       0.155                                                       0.972       1.000
p50_BIODIESEL.05_MINING                                                                                 1.000       0.948       0.543                                                                               1.000       0.016
p50_BIODIESEL.06_FOODPRO                                                                                0.005       0.001       0.004                                                                         3.507785E-4
p50_BIODIESEL.07_TEXTILES                                                                                           0.002       0.008                                                                               1.000
p50_BIODIESEL.08_WOODPRO                                                                                0.002                   0.003                                                                               1.000
p50_BIODIESEL.09_PAPERPRO                                                                         6.295489E-5       0.002       0.001                                                                         9.744323E-6
p50_BIODIESEL.11_CHEMICAL                                                                               0.380       0.010       0.002                                                                               0.682
p50_BIODIESEL.12_NONMET                                                                                 0.023       0.003       0.005       0.001                                                                   1.000
p50_BIODIESEL.13_IRONSTL                                                                                0.554       0.047       0.201                                                                               1.000
p50_BIODIESEL.14_NONFERR                                                                                0.047       1.000       0.348
p50_BIODIESEL.15_MACHINE                                                                                0.828                   0.042                                                                               1.000
p50_BIODIESEL.16_TRANSEQ                                                                                0.977                   0.155
p50_BIODIESEL.17_OTHERIND                                                                               0.017       0.003       0.076                                                                               0.039 9.665196E-5
p50_BIODIESEL.26_eOther                                                                                 0.014       0.006       0.001 1.575959E-4                                                                   0.026
p50_BIODIESEL.27_CONSTRUC                                                                               1.000                   0.734                                                                               1.000       1.000
p50_BIODIESEL.28_LTRP           1.000       0.143       0.029                                           0.146       0.229       0.810       0.821       0.022                                           0.035       0.846       0.017
p50_BIODIESEL.29_WTRP                                                                                   1.000                   0.708                                                                               1.000
p50_BIODIESEL.31_SER                        1.000                                                       0.138       0.018       0.027 1.134282E-6                                                                   0.298       0.004
p52_OBIOLIQ  .01_AGRICULT                                                                                                       0.005
p52_OBIOLIQ  .05_MINING                                                                                                         0.012
p52_OBIOLIQ  .06_FOODPRO                                                                                                        0.041
p52_OBIOLIQ  .08_WOODPRO                                                                                                  3.736476E-4
p52_OBIOLIQ  .09_PAPERPRO                                                                               0.011             3.301024E-4
p52_OBIOLIQ  .11_CHEMICAL                                                                               0.003                   0.027 9.310632E-5
p52_OBIOLIQ  .12_NONMET                                                                                                         0.005
p52_OBIOLIQ  .15_MACHINE                                                                                                        0.041
p52_OBIOLIQ  .16_TRANSEQ                                                                                                        0.034
p52_OBIOLIQ  .17_OTHERIND                                                                                                       0.001
p52_OBIOLIQ  .26_eOther         0.217                                                                   0.004                   0.027 1.285015E-4                                                                   0.011
p52_OBIOLIQ  .28_LTRP                                                                                               0.487       0.002
p52_OBIOLIQ  .31_SER                                                                                                            0.010       0.001


----   2956 PARAMETER BioR_CO  Household consumption ratio of bio energy in region z

                   01_KOR      02_CHN      04_RUS      05_MNG      07_NAM      08_LAM      09_WEU      10_EEU      11_FSU      12_MEA      13_AFR      14_CPA      15_SAS      16_PAS      17_PAO

p47_PRIMSBIO        1.000       0.918       1.000       1.000       0.975       0.993       0.989       1.000       1.000       1.000       1.000       1.000       0.979       0.999       1.000
p48_BIOGASES                    0.082                                     1.623691E-5       0.010                                     3.310334E-5                   0.021       0.001
p49_BIOGASOL                                                                    0.006 2.755165E-4                                     1.856343E-7                                     2.970876E-6
p50_BIODIESEL                                                       0.025 6.178594E-6 4.208614E-4
p52_OBIOLIQ                                                                           6.528785E-5


----   3001 PARAMETER Charcoal_DIO  Intermediate consumption of charcoal energy by industry j in region z

                              02_CHN      04_RUS      08_LAM      09_WEU      10_EEU      11_FSU      12_MEA      13_AFR      14_CPA      15_SAS      16_PAS

p54_CHARCOAL.01_AGRICULT                   5.149      32.152
p54_CHARCOAL.05_MINING                                 0.036                   0.004                               5.907
p54_CHARCOAL.06_FOODPRO                    7.357       0.854       7.361       0.006                             223.850
p54_CHARCOAL.07_TEXTILES                                                                                          41.743
p54_CHARCOAL.11_CHEMICAL                   5.297      15.873      15.357
p54_CHARCOAL.12_NONMET                                92.164
p54_CHARCOAL.13_IRONSTL                             3638.575       5.820
p54_CHARCOAL.14_NONFERR                               10.886                   1.337
p54_CHARCOAL.15_MACHINE                                                        0.017       0.001
p54_CHARCOAL.17_OTHERIND                              41.495                                           4.996     121.134                 634.291
p54_CHARCOAL.28_LTRP                                   0.108
p54_CHARCOAL.31_SER            2.389                 314.483      32.665      12.086       2.601     406.255    3786.887     175.040                 172.885


----   3001 PARAMETER CharcoalR_DIO  Intermediate consumption ratio of charcoal energy by industry j in region z

                              02_CHN      04_RUS      08_LAM      09_WEU      10_EEU      11_FSU      12_MEA      13_AFR      14_CPA      15_SAS      16_PAS

p54_CHARCOAL.01_AGRICULT                   1.000       1.000
p54_CHARCOAL.05_MINING                                 1.000                   1.000                               1.000
p54_CHARCOAL.06_FOODPRO                    1.000       1.000       1.000       1.000                               1.000
p54_CHARCOAL.07_TEXTILES                                                                                           1.000
p54_CHARCOAL.11_CHEMICAL                   1.000       1.000       1.000
p54_CHARCOAL.12_NONMET                                 1.000
p54_CHARCOAL.13_IRONSTL                                1.000       1.000
p54_CHARCOAL.14_NONFERR                                1.000                   1.000
p54_CHARCOAL.15_MACHINE                                                        1.000       1.000
p54_CHARCOAL.17_OTHERIND                               1.000                                           1.000       1.000                   1.000
p54_CHARCOAL.28_LTRP                                   1.000
p54_CHARCOAL.31_SER            1.000                   1.000       1.000       1.000       1.000       1.000       1.000       1.000                   1.000


----   3001 PARAMETER CharcoalR_CO  Household consumption ratio of charcoal energy in region z

                  03_JPN      05_MNG      06_PRK      08_LAM      09_WEU      10_EEU      11_FSU      12_MEA      13_AFR      14_CPA      15_SAS      16_PAS      17_PAO

p54_CHARCOAL       1.000       1.000       1.000       1.000       1.000       1.000       1.000       1.000       1.000       1.000       1.000       1.000       1.000


----   3046 PARAMETER Geo_DIO  Intermediate consumption of geothermal energy by industry j in region z

                              01_KOR      02_CHN      03_JPN      04_RUS      07_NAM      08_LAM      09_WEU      10_EEU      11_FSU      13_AFR      16_PAS      17_PAO

p57_GEOTHERM.01_AGRICULT      29.326    1106.886      11.236                                         856.634      54.998       1.018                              10.629
p57_GEOTHERM.06_FOODPRO                                0.086                                                       0.406
p57_GEOTHERM.07_TEXTILES                                                                                           0.007
p57_GEOTHERM.08_WOODPRO                                                                                            0.001
p57_GEOTHERM.12_NONMET                                                                                             0.263
p57_GEOTHERM.15_MACHINE                                                                                            0.215
p57_GEOTHERM.16_TRANSEQ                                                                                            0.162
p57_GEOTHERM.17_OTHERIND       4.501     309.677       0.560                                          13.121       0.287                                         117.228
p57_GEOTHERM.26_eOther                   168.272    2447.581     104.340    8772.101    6479.065   18184.042     153.520                4501.032   33804.696    4610.699
p57_GEOTHERM.27_CONSTRUC                                                                                           0.215
p57_GEOTHERM.31_SER          154.744    3602.244      57.385                               2.471     178.568     106.035       8.885                              56.792


----   3046 PARAMETER GeoR_DIO  Intermediate consumption ratio of geothermal energy by industry j in region z

                              01_KOR      02_CHN      03_JPN      04_RUS      07_NAM      08_LAM      09_WEU      10_EEU      11_FSU      13_AFR      16_PAS      17_PAO

p57_GEOTHERM.01_AGRICULT       1.000       1.000       1.000                                           1.000       1.000       1.000                               1.000
p57_GEOTHERM.06_FOODPRO                                1.000                                                       1.000
p57_GEOTHERM.07_TEXTILES                                                                                           1.000
p57_GEOTHERM.08_WOODPRO                                                                                            1.000
p57_GEOTHERM.12_NONMET                                                                                             1.000
p57_GEOTHERM.15_MACHINE                                                                                            1.000
p57_GEOTHERM.16_TRANSEQ                                                                                            1.000
p57_GEOTHERM.17_OTHERIND       1.000       1.000       1.000                                           1.000       1.000                                           1.000
p57_GEOTHERM.26_eOther                     1.000       1.000       1.000       1.000       1.000       1.000       1.000                   1.000       1.000       1.000
p57_GEOTHERM.27_CONSTRUC                                                                                           1.000
p57_GEOTHERM.31_SER            1.000       1.000       1.000                               1.000       1.000       1.000       1.000                               1.000


----   3046 PARAMETER GeoR_CO  Household consumption ratio of geothermal energy in region z

                  01_KOR      02_CHN      03_JPN      07_NAM      09_WEU      10_EEU      11_FSU      17_PAO

p57_GEOTHERM       1.000       1.000       1.000       1.000       1.000       1.000       1.000       1.000


----   3081 PARAMETER Solar_DIO  Intermediate consumption of solar energy by industry j in region z

                               01_KOR      02_CHN      03_JPN      07_NAM      08_LAM      09_WEU      10_EEU      11_FSU      12_MEA      13_AFR      15_SAS      16_PAS      17_PAO

p59_SOLARTH.01_AGRICULT                                                         0.174       8.619                                                       0.454
p59_SOLARTH.05_MINING                                                                       0.030
p59_SOLARTH.06_FOODPRO                                                                      0.930       1.306
p59_SOLARTH.07_TEXTILES                                                                     0.120                               0.080
p59_SOLARTH.08_WOODPRO                                                                      0.014
p59_SOLARTH.09_PAPERPRO                                                                     0.029
p59_SOLARTH.10_PETROLCOAL                                                                  -0.005
p59_SOLARTH.11_CHEMICAL                                                                     0.605
p59_SOLARTH.12_NONMET                                                                       0.045
p59_SOLARTH.13_IRONSTL                                                                      0.006       0.002
p59_SOLARTH.14_NONFERR                                                          0.019       0.231 1.000000E-4
p59_SOLARTH.15_MACHINE                                                                      0.655       0.328
p59_SOLARTH.16_TRANSEQ                                                                      0.265
p59_SOLARTH.17_OTHERIND         1.793                                          38.978     305.502                               2.538                  66.308
p59_SOLARTH.27_CONSTRUC                                                                     0.189
p59_SOLARTH.31_SER             21.971    2331.900      18.303    1847.295     341.590     290.871      36.441       7.282      57.965     131.730     206.452      13.132      11.250


----   3081 PARAMETER SolarR_DIO  Intermediate consumption ratio of solar energy by industry j in region z

                             01_KOR      02_CHN      03_JPN      07_NAM      08_LAM      09_WEU      10_EEU      11_FSU      12_MEA      13_AFR      15_SAS      16_PAS      17_PAO

p59_SOLARTH.01_AGRICULT                                                       1.000       1.000                                                       1.000
p59_SOLARTH.05_MINING                                                                     1.000
p59_SOLARTH.06_FOODPRO                                                                    1.000       1.000
p59_SOLARTH.07_TEXTILES                                                                   1.000                               1.000
p59_SOLARTH.08_WOODPRO                                                                    1.000
p59_SOLARTH.09_PAPERPRO                                                                   1.000
p59_SOLARTH.11_CHEMICAL                                                                   1.000
p59_SOLARTH.12_NONMET                                                                     1.000
p59_SOLARTH.13_IRONSTL                                                                    1.000       1.000
p59_SOLARTH.14_NONFERR                                                        1.000       1.000       1.000
p59_SOLARTH.15_MACHINE                                                                    1.000       1.000
p59_SOLARTH.16_TRANSEQ                                                                    1.000
p59_SOLARTH.17_OTHERIND       1.000                                           1.000       1.000                               1.000                   1.000
p59_SOLARTH.27_CONSTRUC                                                                   1.000
p59_SOLARTH.31_SER            1.000       1.000       1.000       1.000       1.000       1.000       1.000       1.000       1.000       1.000       1.000       1.000       1.000


----   3081 PARAMETER SolarR_CO  Household consumption ratio of solar energy in region z

                 01_KOR      02_CHN      03_JPN      07_NAM      08_LAM      09_WEU      10_EEU      11_FSU      12_MEA      14_CPA      15_SAS      16_PAS      17_PAO

p59_SOLARTH       1.000       1.000       1.000       1.000       1.000       1.000       1.000       1.000       1.000       1.000       1.000       1.000       1.000


----   3109 PARAMETER NCoal_DIO  Intermediate consumption of non energy coal products by industry j in region z

                             01_KOR      03_JPN      04_RUS      09_WEU      10_EEU      13_AFR

p3_ANTCOAL .11_CHEMICAL                                          17.275
p5_BITCOAL .11_CHEMICAL                   0.271     182.631                   3.050    1048.274
p11_COALTAR.11_CHEMICAL     518.622     716.402                 295.004     345.737
p16_OGASES .11_CHEMICAL                                                      23.706


----   3109 PARAMETER NCoalR_DIO  Intermediate consumption ratio of non energy coal products by industry j in region z

                             01_KOR      03_JPN      04_RUS      09_WEU      10_EEU      13_AFR

p3_ANTCOAL .11_CHEMICAL                                           0.055
p5_BITCOAL .11_CHEMICAL             3.774387E-4       1.000                   0.008       1.000
p11_COALTAR.11_CHEMICAL       1.000       1.000                   0.945       0.928
p16_OGASES .11_CHEMICAL                                                       0.064


----   3137 PARAMETER NGas_DIO  Intermediate consumption of non energy gas products by industry j in region z

                            02_CHN      03_JPN      04_RUS      07_NAM      08_LAM      09_WEU      10_EEU      11_FSU      12_MEA      13_AFR      15_SAS      16_PAS      17_PAO

p20_NATGAS.11_CHEMICAL    8704.871     215.974   42863.206   26423.925   11949.438   11803.880    4873.984    3573.778   35100.336    1227.857   22177.357   16930.428    2180.587
p20_NATGAS.13_IRONSTL                                                                                            0.817                             488.776
p23_NGL   .11_CHEMICAL                  41.888                                        1468.428                                                                 644.159


----   3137 PARAMETER NGasR_DIO  Intermediate consumption ratio of non energy gas products by industry j in region z

                            02_CHN      03_JPN      04_RUS      07_NAM      08_LAM      09_WEU      10_EEU      11_FSU      12_MEA      13_AFR      15_SAS      16_PAS      17_PAO

p20_NATGAS.11_CHEMICAL       1.000       0.838       1.000       1.000       1.000       0.889       1.000       1.000       1.000       1.000       1.000       0.963       1.000
p20_NATGAS.13_IRONSTL                                                                                            1.000                               1.000
p23_NGL   .11_CHEMICAL                   0.162                                           0.111                                                                   0.037


----   3165 PARAMETER NOil_DIO  Intermediate consumption of non energy oil by industry j in region z

                              16_PAS

p22_CRUDEOIL.11_CHEMICAL    2482.946


----   3165 PARAMETER NOilR_DIO  Intermediate consumption ratio of non-energy oil by industry j in region z

                              16_PAS

p22_CRUDEOIL.11_CHEMICAL       1.000


----   3193 PARAMETER NOilp_DIO  Intermediate consumption of non energy oilproducts by industry j in region z

                                01_KOR      02_CHN      03_JPN      04_RUS      07_NAM      08_LAM      09_WEU      10_EEU      11_FSU      12_MEA      13_AFR      15_SAS      16_PAS      17_PAO

p9_OVENCOKE   .11_CHEMICAL                              77.998                                          21.415
p14_COKEOVGS  .11_CHEMICAL                               1.287
p27_REFINGAS  .11_CHEMICAL                 553.852                             809.858                 214.034                  55.114
p28_ETHANE    .11_CHEMICAL                                                   47245.406    3336.114    2213.627                           33884.332                            2486.392     503.778
p29_LPG       .05_MINING                                                                                15.382
p29_LPG       .07_TEXTILES                                                                                           0.022
p29_LPG       .11_CHEMICAL    4580.828    6046.728    3773.918    8916.977   33310.946      66.037   13705.734     778.472     165.831   15221.287                            5172.369     148.643
p29_LPG       .13_IRONSTL                                                                                            0.001
p30_NONBIOGASO.05_MINING                                                                                                         0.002
p30_NONBIOGASO.11_CHEMICAL                  22.145                                                    2784.943                   0.005
p34_OTHKERO   .11_CHEMICAL                  12.051     630.802                               2.818     216.931                   3.908
p34_OTHKERO   .13_IRONSTL                                                                                0.090
p34_OTHKERO   .14_NONFERR                                                                                0.418
p35_NONBIODIES.05_MINING                                                                                                         1.027
p35_NONBIODIES.06_FOODPRO                                                                                            0.003       0.018
p35_NONBIODIES.08_WOODPRO                                                                                            0.007
p35_NONBIODIES.11_CHEMICAL                 177.478     125.123                3953.942                1235.657      12.212       3.519
p35_NONBIODIES.13_IRONSTL                                                                                            0.046
p36_RESFUEL   .07_TEXTILES                                                                                                       0.955
p36_RESFUEL   .11_CHEMICAL                 313.000     421.246                               0.687     819.039                  13.949                             372.446
p36_RESFUEL   .14_NONFERR                                                                                3.821
p37_NAPHTHA   .06_FOODPRO                                                                                            0.471
p37_NAPHTHA   .11_CHEMICAL   43663.668   61553.031   22658.213    9274.690   11965.454    8440.683   29073.743    3667.005     248.968   15288.352      51.296    9977.362   41062.310
p37_NAPHTHA   .14_NONFERR                                                                                            0.095
p38_WHITESP   .05_MINING         0.141                                          23.622                   1.065       0.004
p38_WHITESP   .06_FOODPRO                                                                                1.041       0.568
p38_WHITESP   .07_TEXTILES       0.992                                                                   3.125       0.001
p38_WHITESP   .08_WOODPRO                                                       57.514                               0.106
p38_WHITESP   .09_PAPERPRO       7.377                                           1.027                   2.083       0.001
p38_WHITESP   .11_CHEMICAL     129.662     876.928                 760.199     515.573                 182.253      51.037       0.786
p38_WHITESP   .13_IRONSTL        0.148                                          72.920                   0.010       0.003
p38_WHITESP   .14_NONFERR        0.165                                                                               0.446
p39_LUBRIC    .05_MINING                                 3.705                 144.309                   6.993      12.060      10.769
p39_LUBRIC    .06_FOODPRO                                                                               28.405       5.010       2.178
p39_LUBRIC    .07_TEXTILES                                                                              18.762       4.594       0.054
p39_LUBRIC    .08_WOODPRO                                                      209.899                   3.960       5.291       1.003
p39_LUBRIC    .09_PAPERPRO                                                       3.010                   9.748       5.091       0.004
p39_LUBRIC    .11_CHEMICAL                                                    1369.303                  82.020       9.936     109.543
p39_LUBRIC    .13_IRONSTL                                                      193.608                  11.009       7.271      21.542
p39_LUBRIC    .14_NONFERR                                                                                4.039       5.622       0.049
p40_BITUMEN   .05_MINING                                                                                 1.732       0.305       4.053
p40_BITUMEN   .07_TEXTILES                                                                               0.053                   5.589
p40_BITUMEN   .08_WOODPRO                                                                                0.002
p40_BITUMEN   .09_PAPERPRO                                                                               0.931
p40_BITUMEN   .11_CHEMICAL                                                                              47.758                   1.872
p40_BITUMEN   .13_IRONSTL                                                                                0.001
p40_BITUMEN   .14_NONFERR                                                                                0.007
p41_PARWAX    .05_MINING                                                         2.866                               0.033
p41_PARWAX    .06_FOODPRO                                                                                2.866       0.086
p41_PARWAX    .07_TEXTILES                                                                               0.955       0.008
p41_PARWAX    .08_WOODPRO                                                        5.732                   7.614       6.324
p41_PARWAX    .09_PAPERPRO                                                                              21.146       0.001
p41_PARWAX    .11_CHEMICAL      13.717                                          53.726      16.698      79.319      17.273       0.207
p41_PARWAX    .13_IRONSTL                                                        7.643                               0.109
p41_PARWAX    .14_NONFERR                                                                                            0.009
p42_PETCOKE   .11_CHEMICAL                             470.341                                         234.086       2.082       2.110                                                      61.814
p42_PETCOKE   .13_IRONSTL                                0.008                                          38.667       3.193                                                                  17.533
p42_PETCOKE   .14_NONFERR                                                                              461.248     147.171                                                                 821.280
p43_ONONSPEC  .05_MINING                                                       180.567
p43_ONONSPEC  .08_WOODPRO                                                      436.610
p43_ONONSPEC  .09_PAPERPRO                                                       7.643                   3.390
p43_ONONSPEC  .11_CHEMICAL    1096.999     981.824    1498.216                3108.818      80.493    5696.800    1716.000     470.144     632.450      15.575    3619.311                1598.097
p43_ONONSPEC  .13_IRONSTL                                                      441.387


----   3193 PARAMETER NOilpR_DIO  Intermediate consumption ratio of non energy oilproducts by industry j in region z

                                01_KOR      02_CHN      03_JPN      04_RUS      07_NAM      08_LAM      09_WEU      10_EEU      11_FSU      12_MEA      13_AFR      15_SAS      16_PAS      17_PAO

p9_OVENCOKE   .11_CHEMICAL                               0.003                                     3.783042E-4
p14_COKEOVGS  .11_CHEMICAL                         4.340270E-5
p27_REFINGAS  .11_CHEMICAL                   0.008                               0.008                   0.004                   0.051
p28_ETHANE    .11_CHEMICAL                                                       0.462       0.279       0.039                               0.521                               0.051       0.218
p29_LPG       .05_MINING                                                                                 0.611
p29_LPG       .07_TEXTILES                                                                                           0.005
p29_LPG       .11_CHEMICAL       0.093       0.086       0.127       0.471       0.326       0.006       0.242       0.124       0.154       0.234                               0.106       0.064
p29_LPG       .13_IRONSTL                                                                                      1.035489E-4
p30_NONBIOGASO.05_MINING                                                                                                   1.324879E-4
p30_NONBIOGASO.11_CHEMICAL             3.139485E-4                                                       0.049             4.925845E-6
p34_OTHKERO   .11_CHEMICAL             1.708464E-4       0.021                         2.359102E-4       0.004                   0.004
p34_OTHKERO   .13_IRONSTL                                                                                0.002
p34_OTHKERO   .14_NONFERR                                                                                0.001
p35_NONBIODIES.05_MINING                                                                                                         0.065
p35_NONBIODIES.06_FOODPRO                                                                                            0.001       0.008
p35_NONBIODIES.08_WOODPRO                                                                                            0.001
p35_NONBIODIES.11_CHEMICAL                   0.003       0.004                   0.039                   0.022       0.002       0.003
p35_NONBIODIES.13_IRONSTL                                                                                            0.004
p36_RESFUEL   .07_TEXTILES                                                                                                       0.145
p36_RESFUEL   .11_CHEMICAL                   0.004       0.014                         5.752069E-5       0.014                   0.013                               0.027
p36_RESFUEL   .14_NONFERR                                                                                0.008
p37_NAPHTHA   .06_FOODPRO                                                                                            0.077
p37_NAPHTHA   .11_CHEMICAL       0.882       0.873       0.764       0.489       0.117       0.707       0.514       0.586       0.231       0.235       0.767       0.714       0.843
p37_NAPHTHA   .14_NONFERR                                                                                            0.001
p38_WHITESP   .05_MINING         1.000                                           0.067                   0.042 3.386441E-4
p38_WHITESP   .06_FOODPRO                                                                                0.032       0.093
p38_WHITESP   .07_TEXTILES       1.000                                                                   0.136 2.161882E-4
p38_WHITESP   .08_WOODPRO                                                        0.081                               0.009
p38_WHITESP   .09_PAPERPRO       1.000                                           0.088                   0.056 1.963518E-4
p38_WHITESP   .11_CHEMICAL       0.003       0.012                   0.040       0.005                   0.003       0.008       0.001
p38_WHITESP   .13_IRONSTL        1.000                                           0.102             2.089302E-4 2.918196E-4
p38_WHITESP   .14_NONFERR        1.000                                                                               0.003
p39_LUBRIC    .05_MINING                                 1.000                   0.411                   0.278       0.972       0.679
p39_LUBRIC    .06_FOODPRO                                                                                0.879       0.816       0.992
p39_LUBRIC    .07_TEXTILES                                                                               0.819       0.993       0.008
p39_LUBRIC    .08_WOODPRO                                                        0.296                   0.342       0.451       1.000
p39_LUBRIC    .09_PAPERPRO                                                       0.258                   0.261       1.000       1.000
p39_LUBRIC    .11_CHEMICAL                                                       0.013                   0.001       0.002       0.102
p39_LUBRIC    .13_IRONSTL                                                        0.271                   0.221       0.684       1.000
p39_LUBRIC    .14_NONFERR                                                                                0.009       0.037       1.000
p40_BITUMEN   .05_MINING                                                                                 0.069       0.025       0.256
p40_BITUMEN   .07_TEXTILES                                                                               0.002                   0.847
p40_BITUMEN   .08_WOODPRO                                                                          1.641228E-4
p40_BITUMEN   .09_PAPERPRO                                                                               0.025
p40_BITUMEN   .11_CHEMICAL                                                                               0.001                   0.002
p40_BITUMEN   .13_IRONSTL                                                                          1.808049E-5
p40_BITUMEN   .14_NONFERR                                                                          1.597327E-5
p41_PARWAX    .05_MINING                                                         0.008                               0.003
p41_PARWAX    .06_FOODPRO                                                                                0.089       0.014
p41_PARWAX    .07_TEXTILES                                                                               0.042       0.002
p41_PARWAX    .08_WOODPRO                                                        0.008                   0.658       0.539
p41_PARWAX    .09_PAPERPRO                                                                               0.567 1.570814E-4
p41_PARWAX    .11_CHEMICAL 2.772039E-4                                           0.001       0.001       0.001       0.003 1.926656E-4
p41_PARWAX    .13_IRONSTL                                                        0.011                               0.010
p41_PARWAX    .14_NONFERR                                                                                      5.999630E-5
p42_PETCOKE   .11_CHEMICAL                               0.016                                           0.004 3.328581E-4       0.002                                                       0.027
p42_PETCOKE   .13_IRONSTL                                1.000                                           0.777       0.301                                                                   1.000
p42_PETCOKE   .14_NONFERR                                                                                0.982       0.960                                                                   1.000
p43_ONONSPEC  .05_MINING                                                         0.514
p43_ONONSPEC  .08_WOODPRO                                                        0.615
p43_ONONSPEC  .09_PAPERPRO                                                       0.654                   0.091
p43_ONONSPEC  .11_CHEMICAL       0.022       0.014       0.051                   0.030       0.007       0.101       0.274       0.437       0.010       0.233       0.259                   0.691
p43_ONONSPEC  .13_IRONSTL                                                        0.617

GAMS 45.7.0  64fbf3ce Jan 18, 2024          WEX-WEI x86 64bit/MS Windows - 07/25/25 13:04:55 Page 3
GUIDE_GLOBAL_CGE model GTAP11c
Range Statistics    SOLVE PEPWT Using CNS From line 5093


RANGE STATISTICS (ABSOLUTE NON-ZERO FINITE VALUES)

RHS       [min, max] : [ 4.474E-07, 5.315E+03] - Zero values observed as well
Bound     [min, max] : [        NA,        NA]
Matrix    [min, max] : [ 1.091E-20, 1.588E+04] - Zero values observed as well

GAMS 45.7.0  64fbf3ce Jan 18, 2024          WEX-WEI x86 64bit/MS Windows - 07/25/25 13:04:55 Page 4
GUIDE_GLOBAL_CGE model GTAP11c
Model Statistics    SOLVE PEPWT Using CNS From line 5093


LOOPS                                 TIME   2019


MODEL STATISTICS

BLOCKS OF EQUATIONS         141     SINGLE EQUATIONS       92,894
BLOCKS OF VARIABLES         146     SINGLE VARIABLES       92,894
NON ZERO ELEMENTS       457,665     NON LINEAR N-Z        282,525
CODE LENGTH             810,505     CONSTANT POOL          56,752
SINGLE =E|X= EQUS        92,894     SINGLE UNFIXED VARS    92,894


GENERATION TIME      =        0.313 SECONDS     95 MB  45.7.0 64fbf3ce WEX-WEI
               L O O P S               TIME 2019

GAMS 45.7.0  64fbf3ce Jan 18, 2024          WEX-WEI x86 64bit/MS Windows - 07/25/25 13:04:55 Page 5
GUIDE_GLOBAL_CGE model GTAP11c
Solution Report     SOLVE PEPWT Using CNS From line 5093


               S O L V E      S U M M A R Y

     MODEL   PEPWT               
     TYPE    CNS                 
     SOLVER  CONOPT4             FROM LINE  5093

**** SOLVER STATUS     1 Normal Completion
**** MODEL STATUS      16 Solved

 RESOURCE USAGE, LIMIT          0.375 10000000000.000
 ITERATION COUNT, LIMIT         1    2147483647
 EVALUATION ERRORS              0             0
 
 
    C O N O P T   version 4.31
    Copyright (C) ARKI Consulting and Development A/S
                  Bagsvaerdvej 246 A
                  DK-2880 Bagsvaerd, Denmark
 
 
    The user model has 92894 constraints and 92894 variables
    with 457665 Jacobian elements, 282525 of which are nonlinear.
 
    The pre-triangular part of the model has 8682 constraints and variables.
    The post-triangular part of the model has 1078 constraints and variables.
 
    Preprocessed model has 83134 constraints and 83134 variables
    with 406179 Jacobian elements, 250292 of which are nonlinear.
 
 ** Feasible solution to a square system.
 
 
 CONOPT time Total                            0.389 seconds
   of which: Function evaluations             0.025 =  6.4%
             1st Derivative evaluations       0.033 =  8.5%
 


**** REPORT SUMMARY :        0 INFEASIBLE
                             0  DEPENDENT
                             0     ERRORS
GAMS 45.7.0  64fbf3ce Jan 18, 2024          WEX-WEI x86 64bit/MS Windows - 07/25/25 13:04:55 Page 6
GUIDE_GLOBAL_CGE model GTAP11c
Range Statistics    SOLVE PEPWT Using CNS From line 5093


RANGE STATISTICS (ABSOLUTE NON-ZERO FINITE VALUES)

RHS       [min, max] : [ 4.474E-07, 5.577E+03] - Zero values observed as well
Bound     [min, max] : [        NA,        NA]
Matrix    [min, max] : [ 1.091E-20, 1.588E+04] - Zero values observed as well

GAMS 45.7.0  64fbf3ce Jan 18, 2024          WEX-WEI x86 64bit/MS Windows - 07/25/25 13:04:55 Page 7
GUIDE_GLOBAL_CGE model GTAP11c
Model Statistics    SOLVE PEPWT Using CNS From line 5093


LOOPS                                 TIME   2020


MODEL STATISTICS

BLOCKS OF EQUATIONS         141     SINGLE EQUATIONS       92,894
BLOCKS OF VARIABLES         146     SINGLE VARIABLES       92,894
NON ZERO ELEMENTS       457,665     NON LINEAR N-Z        282,525
CODE LENGTH             810,505     CONSTANT POOL          56,752
SINGLE =E|X= EQUS        92,894     SINGLE UNFIXED VARS    92,894


GENERATION TIME      =        0.485 SECONDS    110 MB  45.7.0 64fbf3ce WEX-WEI
               L O O P S               TIME 2020

GAMS 45.7.0  64fbf3ce Jan 18, 2024          WEX-WEI x86 64bit/MS Windows - 07/25/25 13:04:55 Page 8
GUIDE_GLOBAL_CGE model GTAP11c
Solution Report     SOLVE PEPWT Using CNS From line 5093


               S O L V E      S U M M A R Y

     MODEL   PEPWT               
     TYPE    CNS                 
     SOLVER  CONOPT4             FROM LINE  5093

**** SOLVER STATUS     1 Normal Completion
**** MODEL STATUS      16 Solved

 RESOURCE USAGE, LIMIT          0.672 10000000000.000
 ITERATION COUNT, LIMIT         1    2147483647
 EVALUATION ERRORS              0             0
 
 
    C O N O P T   version 4.31
    Copyright (C) ARKI Consulting and Development A/S
                  Bagsvaerdvej 246 A
                  DK-2880 Bagsvaerd, Denmark
 
 
    The user model has 92894 constraints and 92894 variables
    with 457665 Jacobian elements, 282525 of which are nonlinear.
 
    The pre-triangular part of the model has 8682 constraints and variables.
    The post-triangular part of the model has 1078 constraints and variables.
 
    Preprocessed model has 83134 constraints and 83134 variables
    with 406179 Jacobian elements, 250292 of which are nonlinear.
 
 ** Feasible solution to a square system.
 
 
 CONOPT time Total                            0.686 seconds
   of which: Function evaluations             0.167 = 24.3%
             1st Derivative evaluations       0.044 =  6.4%
 


**** REPORT SUMMARY :        0 INFEASIBLE
                             0  DEPENDENT
                             0     ERRORS
GAMS 45.7.0  64fbf3ce Jan 18, 2024          WEX-WEI x86 64bit/MS Windows - 07/25/25 13:04:55 Page 9
GUIDE_GLOBAL_CGE model GTAP11c
Range Statistics    SOLVE PEPWT Using CNS From line 5093


RANGE STATISTICS (ABSOLUTE NON-ZERO FINITE VALUES)

RHS       [min, max] : [ 4.474E-07, 5.816E+03] - Zero values observed as well
Bound     [min, max] : [        NA,        NA]
Matrix    [min, max] : [ 1.076E-20, 1.536E+04] - Zero values observed as well

GAMS 45.7.0  64fbf3ce Jan 18, 2024          WEX-WEI x86 64bit/MS Windows - 07/25/25 13:04:55 Page 10
GUIDE_GLOBAL_CGE model GTAP11c
Model Statistics    SOLVE PEPWT Using CNS From line 5093


LOOPS                                 TIME   2021


MODEL STATISTICS

BLOCKS OF EQUATIONS         141     SINGLE EQUATIONS       92,894
BLOCKS OF VARIABLES         146     SINGLE VARIABLES       92,894
NON ZERO ELEMENTS       457,665     NON LINEAR N-Z        282,525
CODE LENGTH             810,522     CONSTANT POOL          56,770
SINGLE =E|X= EQUS        92,894     SINGLE UNFIXED VARS    92,894


GENERATION TIME      =        0.578 SECONDS    122 MB  45.7.0 64fbf3ce WEX-WEI
               L O O P S               TIME 2021

GAMS 45.7.0  64fbf3ce Jan 18, 2024          WEX-WEI x86 64bit/MS Windows - 07/25/25 13:04:55 Page 11
GUIDE_GLOBAL_CGE model GTAP11c
Solution Report     SOLVE PEPWT Using CNS From line 5093


               S O L V E      S U M M A R Y

     MODEL   PEPWT               
     TYPE    CNS                 
     SOLVER  CONOPT4             FROM LINE  5093

**** SOLVER STATUS     1 Normal Completion
**** MODEL STATUS      16 Solved

 RESOURCE USAGE, LIMIT          0.735 10000000000.000
 ITERATION COUNT, LIMIT         2    2147483647
 EVALUATION ERRORS              0             0
 
 
    C O N O P T   version 4.31
    Copyright (C) ARKI Consulting and Development A/S
                  Bagsvaerdvej 246 A
                  DK-2880 Bagsvaerd, Denmark
 
 
    The user model has 92894 constraints and 92894 variables
    with 457665 Jacobian elements, 282525 of which are nonlinear.
 
    The pre-triangular part of the model has 8682 constraints and variables.
    The post-triangular part of the model has 1078 constraints and variables.
 
    Preprocessed model has 83134 constraints and 83134 variables
    with 406179 Jacobian elements, 250292 of which are nonlinear.
 
 ** Feasible solution to a square system.
 
 
 CONOPT time Total                            0.771 seconds
   of which: Function evaluations             0.093 = 12.1%
             1st Derivative evaluations       0.063 =  8.2%
 


**** REPORT SUMMARY :        0 INFEASIBLE
                             0  DEPENDENT
                             0     ERRORS
GAMS 45.7.0  64fbf3ce Jan 18, 2024          WEX-WEI x86 64bit/MS Windows - 07/25/25 13:04:55 Page 12
GUIDE_GLOBAL_CGE model GTAP11c
Range Statistics    SOLVE PEPWT Using CNS From line 5093


RANGE STATISTICS (ABSOLUTE NON-ZERO FINITE VALUES)

RHS       [min, max] : [ 4.474E-07, 6.069E+03] - Zero values observed as well
Bound     [min, max] : [        NA,        NA]
Matrix    [min, max] : [ 1.114E-20, 1.626E+04] - Zero values observed as well

GAMS 45.7.0  64fbf3ce Jan 18, 2024          WEX-WEI x86 64bit/MS Windows - 07/25/25 13:04:55 Page 13
GUIDE_GLOBAL_CGE model GTAP11c
Model Statistics    SOLVE PEPWT Using CNS From line 5093


LOOPS                                 TIME   2022


MODEL STATISTICS

BLOCKS OF EQUATIONS         141     SINGLE EQUATIONS       92,894
BLOCKS OF VARIABLES         146     SINGLE VARIABLES       92,894
NON ZERO ELEMENTS       457,665     NON LINEAR N-Z        282,525
CODE LENGTH             810,522     CONSTANT POOL          56,770
SINGLE =E|X= EQUS        92,894     SINGLE UNFIXED VARS    92,894


GENERATION TIME      =        0.641 SECONDS    134 MB  45.7.0 64fbf3ce WEX-WEI
               L O O P S               TIME 2022

GAMS 45.7.0  64fbf3ce Jan 18, 2024          WEX-WEI x86 64bit/MS Windows - 07/25/25 13:04:55 Page 14
GUIDE_GLOBAL_CGE model GTAP11c
Solution Report     SOLVE PEPWT Using CNS From line 5093


               S O L V E      S U M M A R Y

     MODEL   PEPWT               
     TYPE    CNS                 
     SOLVER  CONOPT4             FROM LINE  5093

**** SOLVER STATUS     1 Normal Completion
**** MODEL STATUS      16 Solved

 RESOURCE USAGE, LIMIT          0.953 10000000000.000
 ITERATION COUNT, LIMIT         3    2147483647
 EVALUATION ERRORS              0             0
 
 
    C O N O P T   version 4.31
    Copyright (C) ARKI Consulting and Development A/S
                  Bagsvaerdvej 246 A
                  DK-2880 Bagsvaerd, Denmark
 
 
    The user model has 92894 constraints and 92894 variables
    with 457665 Jacobian elements, 282525 of which are nonlinear.
 
    The pre-triangular part of the model has 8682 constraints and variables.
    The post-triangular part of the model has 1078 constraints and variables.
 
    Preprocessed model has 83134 constraints and 83134 variables
    with 406179 Jacobian elements, 250292 of which are nonlinear.
 
 ** Feasible solution to a square system.
 
 
 CONOPT time Total                            0.961 seconds
   of which: Function evaluations             0.103 = 10.7%
             1st Derivative evaluations       0.061 =  6.3%
 


**** REPORT SUMMARY :        0 INFEASIBLE
                             0  DEPENDENT
                             0     ERRORS
GAMS 45.7.0  64fbf3ce Jan 18, 2024          WEX-WEI x86 64bit/MS Windows - 07/25/25 13:04:55 Page 15
GUIDE_GLOBAL_CGE model GTAP11c
Range Statistics    SOLVE PEPWT Using CNS From line 5093


RANGE STATISTICS (ABSOLUTE NON-ZERO FINITE VALUES)

RHS       [min, max] : [ 4.474E-07, 6.320E+03] - Zero values observed as well
Bound     [min, max] : [        NA,        NA]
Matrix    [min, max] : [ 1.166E-20, 1.647E+04] - Zero values observed as well

GAMS 45.7.0  64fbf3ce Jan 18, 2024          WEX-WEI x86 64bit/MS Windows - 07/25/25 13:04:55 Page 16
GUIDE_GLOBAL_CGE model GTAP11c
Model Statistics    SOLVE PEPWT Using CNS From line 5093


LOOPS                                 TIME   2023


MODEL STATISTICS

BLOCKS OF EQUATIONS         141     SINGLE EQUATIONS       92,894
BLOCKS OF VARIABLES         146     SINGLE VARIABLES       92,894
NON ZERO ELEMENTS       457,665     NON LINEAR N-Z        282,525
CODE LENGTH             810,522     CONSTANT POOL          56,770
SINGLE =E|X= EQUS        92,894     SINGLE UNFIXED VARS    92,894


GENERATION TIME      =        0.672 SECONDS    147 MB  45.7.0 64fbf3ce WEX-WEI
               L O O P S               TIME 2023

GAMS 45.7.0  64fbf3ce Jan 18, 2024          WEX-WEI x86 64bit/MS Windows - 07/25/25 13:04:55 Page 17
GUIDE_GLOBAL_CGE model GTAP11c
Solution Report     SOLVE PEPWT Using CNS From line 5093


               S O L V E      S U M M A R Y

     MODEL   PEPWT               
     TYPE    CNS                 
     SOLVER  CONOPT4             FROM LINE  5093

**** SOLVER STATUS     1 Normal Completion
**** MODEL STATUS      16 Solved

 RESOURCE USAGE, LIMIT          0.750 10000000000.000
 ITERATION COUNT, LIMIT         2    2147483647
 EVALUATION ERRORS              0             0
 
 
    C O N O P T   version 4.31
    Copyright (C) ARKI Consulting and Development A/S
                  Bagsvaerdvej 246 A
                  DK-2880 Bagsvaerd, Denmark
 
 
    The user model has 92894 constraints and 92894 variables
    with 457665 Jacobian elements, 282525 of which are nonlinear.
 
    The pre-triangular part of the model has 8682 constraints and variables.
    The post-triangular part of the model has 1078 constraints and variables.
 
    Preprocessed model has 83134 constraints and 83134 variables
    with 406179 Jacobian elements, 250292 of which are nonlinear.
 
 ** Feasible solution to a square system.
 
 
 CONOPT time Total                            0.760 seconds
   of which: Function evaluations             0.124 = 16.3%
             1st Derivative evaluations       0.028 =  3.7%
 


**** REPORT SUMMARY :        0 INFEASIBLE
                             0  DEPENDENT
                             0     ERRORS
GAMS 45.7.0  64fbf3ce Jan 18, 2024          WEX-WEI x86 64bit/MS Windows - 07/25/25 13:04:55 Page 18
GUIDE_GLOBAL_CGE model GTAP11c
Range Statistics    SOLVE PEPWT Using CNS From line 5093


RANGE STATISTICS (ABSOLUTE NON-ZERO FINITE VALUES)

RHS       [min, max] : [ 4.474E-07, 6.568E+03] - Zero values observed as well
Bound     [min, max] : [        NA,        NA]
Matrix    [min, max] : [ 1.211E-20, 1.669E+04] - Zero values observed as well

GAMS 45.7.0  64fbf3ce Jan 18, 2024          WEX-WEI x86 64bit/MS Windows - 07/25/25 13:04:55 Page 19
GUIDE_GLOBAL_CGE model GTAP11c
Model Statistics    SOLVE PEPWT Using CNS From line 5093


LOOPS                                 TIME   2024


MODEL STATISTICS

BLOCKS OF EQUATIONS         141     SINGLE EQUATIONS       92,894
BLOCKS OF VARIABLES         146     SINGLE VARIABLES       92,894
NON ZERO ELEMENTS       457,665     NON LINEAR N-Z        282,525
CODE LENGTH             810,522     CONSTANT POOL          56,770
SINGLE =E|X= EQUS        92,894     SINGLE UNFIXED VARS    92,894


GENERATION TIME      =        0.734 SECONDS    159 MB  45.7.0 64fbf3ce WEX-WEI
               L O O P S               TIME 2024

GAMS 45.7.0  64fbf3ce Jan 18, 2024          WEX-WEI x86 64bit/MS Windows - 07/25/25 13:04:55 Page 20
GUIDE_GLOBAL_CGE model GTAP11c
Solution Report     SOLVE PEPWT Using CNS From line 5093


               S O L V E      S U M M A R Y

     MODEL   PEPWT               
     TYPE    CNS                 
     SOLVER  CONOPT4             FROM LINE  5093

**** SOLVER STATUS     1 Normal Completion
**** MODEL STATUS      16 Solved

 RESOURCE USAGE, LIMIT          1.469 10000000000.000
 ITERATION COUNT, LIMIT         5    2147483647
 EVALUATION ERRORS              0             0
 
 
    C O N O P T   version 4.31
    Copyright (C) ARKI Consulting and Development A/S
                  Bagsvaerdvej 246 A
                  DK-2880 Bagsvaerd, Denmark
 
 
    The user model has 92894 constraints and 92894 variables
    with 457665 Jacobian elements, 282525 of which are nonlinear.
 
    The pre-triangular part of the model has 8682 constraints and variables.
    The post-triangular part of the model has 1078 constraints and variables.
 
    Preprocessed model has 83134 constraints and 83134 variables
    with 406179 Jacobian elements, 250292 of which are nonlinear.
 
 ** Feasible solution to a square system.
 
 
 CONOPT time Total                            1.469 seconds
   of which: Function evaluations             0.150 = 10.2%
             1st Derivative evaluations       0.080 =  5.4%
 


**** REPORT SUMMARY :        0 INFEASIBLE
                             0  DEPENDENT
                             0     ERRORS
GAMS 45.7.0  64fbf3ce Jan 18, 2024          WEX-WEI x86 64bit/MS Windows - 07/25/25 13:04:55 Page 21
GUIDE_GLOBAL_CGE model GTAP11c
Range Statistics    SOLVE PEPWT Using CNS From line 5093


RANGE STATISTICS (ABSOLUTE NON-ZERO FINITE VALUES)

RHS       [min, max] : [ 4.474E-07, 7.006E+03] - Zero values observed as well
Bound     [min, max] : [        NA,        NA]
Matrix    [min, max] : [ 1.246E-20, 1.692E+04] - Zero values observed as well

GAMS 45.7.0  64fbf3ce Jan 18, 2024          WEX-WEI x86 64bit/MS Windows - 07/25/25 13:04:55 Page 22
GUIDE_GLOBAL_CGE model GTAP11c
Model Statistics    SOLVE PEPWT Using CNS From line 5093


LOOPS                                 TIME   2025


MODEL STATISTICS

BLOCKS OF EQUATIONS         141     SINGLE EQUATIONS       92,894
BLOCKS OF VARIABLES         146     SINGLE VARIABLES       92,894
NON ZERO ELEMENTS       457,665     NON LINEAR N-Z        282,525
CODE LENGTH             810,522     CONSTANT POOL          56,770
SINGLE =E|X= EQUS        92,894     SINGLE UNFIXED VARS    92,894


GENERATION TIME      =        0.828 SECONDS    172 MB  45.7.0 64fbf3ce WEX-WEI
               L O O P S               TIME 2025

GAMS 45.7.0  64fbf3ce Jan 18, 2024          WEX-WEI x86 64bit/MS Windows - 07/25/25 13:04:55 Page 23
GUIDE_GLOBAL_CGE model GTAP11c
Solution Report     SOLVE PEPWT Using CNS From line 5093


               S O L V E      S U M M A R Y

     MODEL   PEPWT               
     TYPE    CNS                 
     SOLVER  CONOPT4             FROM LINE  5093

**** SOLVER STATUS     1 Normal Completion
**** MODEL STATUS      16 Solved

 RESOURCE USAGE, LIMIT          1.031 10000000000.000
 ITERATION COUNT, LIMIT         3    2147483647
 EVALUATION ERRORS              0             0
 
 
    C O N O P T   version 4.31
    Copyright (C) ARKI Consulting and Development A/S
                  Bagsvaerdvej 246 A
                  DK-2880 Bagsvaerd, Denmark
 
 
    The user model has 92894 constraints and 92894 variables
    with 457665 Jacobian elements, 282525 of which are nonlinear.
 
    The pre-triangular part of the model has 8682 constraints and variables.
    The post-triangular part of the model has 1078 constraints and variables.
 
    Preprocessed model has 83134 constraints and 83134 variables
    with 406179 Jacobian elements, 250292 of which are nonlinear.
 
 ** Feasible solution to a square system.
 
 
 CONOPT time Total                            1.055 seconds
   of which: Function evaluations             0.154 = 14.6%
             1st Derivative evaluations       0.055 =  5.2%
 


**** REPORT SUMMARY :        0 INFEASIBLE
                             0  DEPENDENT
                             0     ERRORS
GAMS 45.7.0  64fbf3ce Jan 18, 2024          WEX-WEI x86 64bit/MS Windows - 07/25/25 13:04:55 Page 24
GUIDE_GLOBAL_CGE model GTAP11c
Range Statistics    SOLVE PEPWT Using CNS From line 5093


RANGE STATISTICS (ABSOLUTE NON-ZERO FINITE VALUES)

RHS       [min, max] : [ 4.474E-07, 7.548E+03] - Zero values observed as well
Bound     [min, max] : [        NA,        NA]
Matrix    [min, max] : [ 1.254E-20, 1.789E+04] - Zero values observed as well

GAMS 45.7.0  64fbf3ce Jan 18, 2024          WEX-WEI x86 64bit/MS Windows - 07/25/25 13:04:55 Page 25
GUIDE_GLOBAL_CGE model GTAP11c
Model Statistics    SOLVE PEPWT Using CNS From line 5093


LOOPS                                 TIME   2026


MODEL STATISTICS

BLOCKS OF EQUATIONS         141     SINGLE EQUATIONS       92,894
BLOCKS OF VARIABLES         146     SINGLE VARIABLES       92,894
NON ZERO ELEMENTS       457,665     NON LINEAR N-Z        282,525
CODE LENGTH             810,522     CONSTANT POOL          56,770
SINGLE =E|X= EQUS        92,894     SINGLE UNFIXED VARS    92,894


GENERATION TIME      =        0.891 SECONDS    185 MB  45.7.0 64fbf3ce WEX-WEI
               L O O P S               TIME 2026

GAMS 45.7.0  64fbf3ce Jan 18, 2024          WEX-WEI x86 64bit/MS Windows - 07/25/25 13:04:55 Page 26
GUIDE_GLOBAL_CGE model GTAP11c
Solution Report     SOLVE PEPWT Using CNS From line 5093


               S O L V E      S U M M A R Y

     MODEL   PEPWT               
     TYPE    CNS                 
     SOLVER  CONOPT4             FROM LINE  5093

**** SOLVER STATUS     1 Normal Completion
**** MODEL STATUS      16 Solved

 RESOURCE USAGE, LIMIT          0.672 10000000000.000
 ITERATION COUNT, LIMIT         1    2147483647
 EVALUATION ERRORS              0             0
 
 
    C O N O P T   version 4.31
    Copyright (C) ARKI Consulting and Development A/S
                  Bagsvaerdvej 246 A
                  DK-2880 Bagsvaerd, Denmark
 
 
    The user model has 92894 constraints and 92894 variables
    with 457665 Jacobian elements, 282525 of which are nonlinear.
 
    The pre-triangular part of the model has 8682 constraints and variables.
    The post-triangular part of the model has 1078 constraints and variables.
 
    Preprocessed model has 83134 constraints and 83134 variables
    with 406179 Jacobian elements, 250292 of which are nonlinear.
 
 ** Feasible solution to a square system.
 
 
 CONOPT time Total                            0.671 seconds
   of which: Function evaluations             0.160 = 23.8%
             1st Derivative evaluations       0.031 =  4.6%
 


**** REPORT SUMMARY :        0 INFEASIBLE
                             0  DEPENDENT
                             0     ERRORS
GAMS 45.7.0  64fbf3ce Jan 18, 2024          WEX-WEI x86 64bit/MS Windows - 07/25/25 13:04:55 Page 27
GUIDE_GLOBAL_CGE model GTAP11c
Range Statistics    SOLVE PEPWT Using CNS From line 5093


RANGE STATISTICS (ABSOLUTE NON-ZERO FINITE VALUES)

RHS       [min, max] : [ 4.474E-07, 8.113E+03] - Zero values observed as well
Bound     [min, max] : [        NA,        NA]
Matrix    [min, max] : [ 1.278E-20, 1.876E+04] - Zero values observed as well

GAMS 45.7.0  64fbf3ce Jan 18, 2024          WEX-WEI x86 64bit/MS Windows - 07/25/25 13:04:55 Page 28
GUIDE_GLOBAL_CGE model GTAP11c
Model Statistics    SOLVE PEPWT Using CNS From line 5093


LOOPS                                 TIME   2027


MODEL STATISTICS

BLOCKS OF EQUATIONS         141     SINGLE EQUATIONS       92,894
BLOCKS OF VARIABLES         146     SINGLE VARIABLES       92,894
NON ZERO ELEMENTS       457,665     NON LINEAR N-Z        282,525
CODE LENGTH             810,522     CONSTANT POOL          56,770
SINGLE =E|X= EQUS        92,894     SINGLE UNFIXED VARS    92,894


GENERATION TIME      =        0.906 SECONDS    198 MB  45.7.0 64fbf3ce WEX-WEI
               L O O P S               TIME 2027

GAMS 45.7.0  64fbf3ce Jan 18, 2024          WEX-WEI x86 64bit/MS Windows - 07/25/25 13:04:55 Page 29
GUIDE_GLOBAL_CGE model GTAP11c
Solution Report     SOLVE PEPWT Using CNS From line 5093


               S O L V E      S U M M A R Y

     MODEL   PEPWT               
     TYPE    CNS                 
     SOLVER  CONOPT4             FROM LINE  5093

**** SOLVER STATUS     1 Normal Completion
**** MODEL STATUS      16 Solved

 RESOURCE USAGE, LIMIT          1.203 10000000000.000
 ITERATION COUNT, LIMIT         2    2147483647
 EVALUATION ERRORS              0             0
 
 
    C O N O P T   version 4.31
    Copyright (C) ARKI Consulting and Development A/S
                  Bagsvaerdvej 246 A
                  DK-2880 Bagsvaerd, Denmark
 
 
    The user model has 92894 constraints and 92894 variables
    with 457665 Jacobian elements, 282525 of which are nonlinear.
 
    The pre-triangular part of the model has 8682 constraints and variables.
    The post-triangular part of the model has 1078 constraints and variables.
 
    Preprocessed model has 83134 constraints and 83134 variables
    with 406179 Jacobian elements, 250292 of which are nonlinear.
 
 ** Feasible solution to a square system.
 
 
 CONOPT time Total                            1.220 seconds
   of which: Function evaluations             0.366 = 30.0%
             1st Derivative evaluations       0.045 =  3.7%
 


**** REPORT SUMMARY :        0 INFEASIBLE
                             0  DEPENDENT
                             0     ERRORS
GAMS 45.7.0  64fbf3ce Jan 18, 2024          WEX-WEI x86 64bit/MS Windows - 07/25/25 13:04:55 Page 30
GUIDE_GLOBAL_CGE model GTAP11c
Range Statistics    SOLVE PEPWT Using CNS From line 5093


RANGE STATISTICS (ABSOLUTE NON-ZERO FINITE VALUES)

RHS       [min, max] : [ 4.474E-07, 8.701E+03] - Zero values observed as well
Bound     [min, max] : [        NA,        NA]
Matrix    [min, max] : [ 1.291E-20, 1.963E+04] - Zero values observed as well

GAMS 45.7.0  64fbf3ce Jan 18, 2024          WEX-WEI x86 64bit/MS Windows - 07/25/25 13:04:55 Page 31
GUIDE_GLOBAL_CGE model GTAP11c
Model Statistics    SOLVE PEPWT Using CNS From line 5093


LOOPS                                 TIME   2028


MODEL STATISTICS

BLOCKS OF EQUATIONS         141     SINGLE EQUATIONS       92,894
BLOCKS OF VARIABLES         146     SINGLE VARIABLES       92,894
NON ZERO ELEMENTS       457,665     NON LINEAR N-Z        282,525
CODE LENGTH             810,522     CONSTANT POOL          56,770
SINGLE =E|X= EQUS        92,894     SINGLE UNFIXED VARS    92,894


GENERATION TIME      =        0.984 SECONDS    210 MB  45.7.0 64fbf3ce WEX-WEI
               L O O P S               TIME 2028

GAMS 45.7.0  64fbf3ce Jan 18, 2024          WEX-WEI x86 64bit/MS Windows - 07/25/25 13:04:55 Page 32
GUIDE_GLOBAL_CGE model GTAP11c
Solution Report     SOLVE PEPWT Using CNS From line 5093


               S O L V E      S U M M A R Y

     MODEL   PEPWT               
     TYPE    CNS                 
     SOLVER  CONOPT4             FROM LINE  5093

**** SOLVER STATUS     1 Normal Completion
**** MODEL STATUS      16 Solved

 RESOURCE USAGE, LIMIT          0.640 10000000000.000
 ITERATION COUNT, LIMIT         1    2147483647
 EVALUATION ERRORS              0             0
 
 
    C O N O P T   version 4.31
    Copyright (C) ARKI Consulting and Development A/S
                  Bagsvaerdvej 246 A
                  DK-2880 Bagsvaerd, Denmark
 
 
    The user model has 92894 constraints and 92894 variables
    with 457665 Jacobian elements, 282525 of which are nonlinear.
 
    The pre-triangular part of the model has 8682 constraints and variables.
    The post-triangular part of the model has 1078 constraints and variables.
 
    Preprocessed model has 83134 constraints and 83134 variables
    with 406179 Jacobian elements, 250292 of which are nonlinear.
 
 ** Feasible solution to a square system.
 
 
 CONOPT time Total                            0.630 seconds
   of which: Function evaluations             0.168 = 26.7%
             1st Derivative evaluations       0.046 =  7.3%
 


**** REPORT SUMMARY :        0 INFEASIBLE
                             0  DEPENDENT
                             0     ERRORS
GAMS 45.7.0  64fbf3ce Jan 18, 2024          WEX-WEI x86 64bit/MS Windows - 07/25/25 13:04:55 Page 33
GUIDE_GLOBAL_CGE model GTAP11c
Range Statistics    SOLVE PEPWT Using CNS From line 5093


RANGE STATISTICS (ABSOLUTE NON-ZERO FINITE VALUES)

RHS       [min, max] : [ 4.474E-07, 9.310E+03] - Zero values observed as well
Bound     [min, max] : [        NA,        NA]
Matrix    [min, max] : [ 1.300E-20, 2.051E+04] - Zero values observed as well

GAMS 45.7.0  64fbf3ce Jan 18, 2024          WEX-WEI x86 64bit/MS Windows - 07/25/25 13:04:55 Page 34
GUIDE_GLOBAL_CGE model GTAP11c
Model Statistics    SOLVE PEPWT Using CNS From line 5093


LOOPS                                 TIME   2029


MODEL STATISTICS

BLOCKS OF EQUATIONS         141     SINGLE EQUATIONS       92,894
BLOCKS OF VARIABLES         146     SINGLE VARIABLES       92,894
NON ZERO ELEMENTS       457,665     NON LINEAR N-Z        282,525
CODE LENGTH             810,522     CONSTANT POOL          56,770
SINGLE =E|X= EQUS        92,894     SINGLE UNFIXED VARS    92,894


GENERATION TIME      =        1.110 SECONDS    223 MB  45.7.0 64fbf3ce WEX-WEI
               L O O P S               TIME 2029

GAMS 45.7.0  64fbf3ce Jan 18, 2024          WEX-WEI x86 64bit/MS Windows - 07/25/25 13:04:55 Page 35
GUIDE_GLOBAL_CGE model GTAP11c
Solution Report     SOLVE PEPWT Using CNS From line 5093


               S O L V E      S U M M A R Y

     MODEL   PEPWT               
     TYPE    CNS                 
     SOLVER  CONOPT4             FROM LINE  5093

**** SOLVER STATUS     1 Normal Completion
**** MODEL STATUS      16 Solved

 RESOURCE USAGE, LIMIT          0.875 10000000000.000
 ITERATION COUNT, LIMIT         2    2147483647
 EVALUATION ERRORS              0             0
 
 
    C O N O P T   version 4.31
    Copyright (C) ARKI Consulting and Development A/S
                  Bagsvaerdvej 246 A
                  DK-2880 Bagsvaerd, Denmark
 
 
    The user model has 92894 constraints and 92894 variables
    with 457665 Jacobian elements, 282525 of which are nonlinear.
 
    The pre-triangular part of the model has 8682 constraints and variables.
    The post-triangular part of the model has 1078 constraints and variables.
 
    Preprocessed model has 83134 constraints and 83134 variables
    with 406179 Jacobian elements, 250292 of which are nonlinear.
 
 ** Feasible solution to a square system.
 
 
 CONOPT time Total                            0.909 seconds
   of which: Function evaluations             0.182 = 20.0%
             1st Derivative evaluations       0.049 =  5.4%
 


**** REPORT SUMMARY :        0 INFEASIBLE
                             0  DEPENDENT
                             0     ERRORS
GAMS 45.7.0  64fbf3ce Jan 18, 2024          WEX-WEI x86 64bit/MS Windows - 07/25/25 13:04:55 Page 36
GUIDE_GLOBAL_CGE model GTAP11c
Range Statistics    SOLVE PEPWT Using CNS From line 5093


RANGE STATISTICS (ABSOLUTE NON-ZERO FINITE VALUES)

RHS       [min, max] : [ 4.474E-07, 9.941E+03] - Zero values observed as well
Bound     [min, max] : [        NA,        NA]
Matrix    [min, max] : [ 1.308E-20, 2.138E+04] - Zero values observed as well

GAMS 45.7.0  64fbf3ce Jan 18, 2024          WEX-WEI x86 64bit/MS Windows - 07/25/25 13:04:55 Page 37
GUIDE_GLOBAL_CGE model GTAP11c
Model Statistics    SOLVE PEPWT Using CNS From line 5093


LOOPS                                 TIME   2030


MODEL STATISTICS

BLOCKS OF EQUATIONS         141     SINGLE EQUATIONS       92,894
BLOCKS OF VARIABLES         146     SINGLE VARIABLES       92,894
NON ZERO ELEMENTS       457,665     NON LINEAR N-Z        282,525
CODE LENGTH             810,522     CONSTANT POOL          56,770
SINGLE =E|X= EQUS        92,894     SINGLE UNFIXED VARS    92,894


GENERATION TIME      =        1.093 SECONDS    236 MB  45.7.0 64fbf3ce WEX-WEI
               L O O P S               TIME 2030

GAMS 45.7.0  64fbf3ce Jan 18, 2024          WEX-WEI x86 64bit/MS Windows - 07/25/25 13:04:55 Page 38
GUIDE_GLOBAL_CGE model GTAP11c
Solution Report     SOLVE PEPWT Using CNS From line 5093


               S O L V E      S U M M A R Y

     MODEL   PEPWT               
     TYPE    CNS                 
     SOLVER  CONOPT4             FROM LINE  5093

**** SOLVER STATUS     1 Normal Completion
**** MODEL STATUS      16 Solved

 RESOURCE USAGE, LIMIT          0.610 10000000000.000
 ITERATION COUNT, LIMIT         1    2147483647
 EVALUATION ERRORS              0             0
 
 
    C O N O P T   version 4.31
    Copyright (C) ARKI Consulting and Development A/S
                  Bagsvaerdvej 246 A
                  DK-2880 Bagsvaerd, Denmark
 
 
    The user model has 92894 constraints and 92894 variables
    with 457665 Jacobian elements, 282525 of which are nonlinear.
 
    The pre-triangular part of the model has 8682 constraints and variables.
    The post-triangular part of the model has 1078 constraints and variables.
 
    Preprocessed model has 83134 constraints and 83134 variables
    with 406179 Jacobian elements, 250292 of which are nonlinear.
 
 ** Feasible solution to a square system.
 
 
 CONOPT time Total                            0.629 seconds
   of which: Function evaluations             0.169 = 26.9%
             1st Derivative evaluations       0.036 =  5.7%
 


**** REPORT SUMMARY :        0 INFEASIBLE
                             0  DEPENDENT
                             0     ERRORS
GAMS 45.7.0  64fbf3ce Jan 18, 2024          WEX-WEI x86 64bit/MS Windows - 07/25/25 13:04:55 Page 39
GUIDE_GLOBAL_CGE model GTAP11c
Range Statistics    SOLVE PEPWT Using CNS From line 5093


RANGE STATISTICS (ABSOLUTE NON-ZERO FINITE VALUES)

RHS       [min, max] : [ 4.474E-07, 1.059E+04] - Zero values observed as well
Bound     [min, max] : [        NA,        NA]
Matrix    [min, max] : [ 1.313E-20, 2.300E+04] - Zero values observed as well

GAMS 45.7.0  64fbf3ce Jan 18, 2024          WEX-WEI x86 64bit/MS Windows - 07/25/25 13:04:55 Page 40
GUIDE_GLOBAL_CGE model GTAP11c
Model Statistics    SOLVE PEPWT Using CNS From line 5093


LOOPS                                 TIME   2031


MODEL STATISTICS

BLOCKS OF EQUATIONS         141     SINGLE EQUATIONS       92,894
BLOCKS OF VARIABLES         146     SINGLE VARIABLES       92,894
NON ZERO ELEMENTS       457,665     NON LINEAR N-Z        282,525
CODE LENGTH             810,522     CONSTANT POOL          56,770
SINGLE =E|X= EQUS        92,894     SINGLE UNFIXED VARS    92,894


GENERATION TIME      =        1.140 SECONDS    248 MB  45.7.0 64fbf3ce WEX-WEI
               L O O P S               TIME 2031

GAMS 45.7.0  64fbf3ce Jan 18, 2024          WEX-WEI x86 64bit/MS Windows - 07/25/25 13:04:55 Page 41
GUIDE_GLOBAL_CGE model GTAP11c
Solution Report     SOLVE PEPWT Using CNS From line 5093


               S O L V E      S U M M A R Y

     MODEL   PEPWT               
     TYPE    CNS                 
     SOLVER  CONOPT4             FROM LINE  5093

**** SOLVER STATUS     1 Normal Completion
**** MODEL STATUS      16 Solved

 RESOURCE USAGE, LIMIT          0.766 10000000000.000
 ITERATION COUNT, LIMIT         1    2147483647
 EVALUATION ERRORS              0             0
 
 
    C O N O P T   version 4.31
    Copyright (C) ARKI Consulting and Development A/S
                  Bagsvaerdvej 246 A
                  DK-2880 Bagsvaerd, Denmark
 
 
    The user model has 92894 constraints and 92894 variables
    with 457665 Jacobian elements, 282525 of which are nonlinear.
 
    The pre-triangular part of the model has 8682 constraints and variables.
    The post-triangular part of the model has 1078 constraints and variables.
 
    Preprocessed model has 83134 constraints and 83134 variables
    with 406179 Jacobian elements, 250292 of which are nonlinear.
 
 ** Feasible solution to a square system.
 
 
 CONOPT time Total                            0.782 seconds
   of which: Function evaluations             0.252 = 32.2%
             1st Derivative evaluations       0.033 =  4.2%
 


**** REPORT SUMMARY :        0 INFEASIBLE
                             0  DEPENDENT
                             0     ERRORS
GAMS 45.7.0  64fbf3ce Jan 18, 2024          WEX-WEI x86 64bit/MS Windows - 07/25/25 13:04:55 Page 42
GUIDE_GLOBAL_CGE model GTAP11c
Range Statistics    SOLVE PEPWT Using CNS From line 5093


RANGE STATISTICS (ABSOLUTE NON-ZERO FINITE VALUES)

RHS       [min, max] : [ 4.474E-07, 1.127E+04] - Zero values observed as well
Bound     [min, max] : [        NA,        NA]
Matrix    [min, max] : [ 1.318E-20, 2.524E+04] - Zero values observed as well

GAMS 45.7.0  64fbf3ce Jan 18, 2024          WEX-WEI x86 64bit/MS Windows - 07/25/25 13:04:55 Page 43
GUIDE_GLOBAL_CGE model GTAP11c
Model Statistics    SOLVE PEPWT Using CNS From line 5093


LOOPS                                 TIME   2032


MODEL STATISTICS

BLOCKS OF EQUATIONS         141     SINGLE EQUATIONS       92,894
BLOCKS OF VARIABLES         146     SINGLE VARIABLES       92,894
NON ZERO ELEMENTS       457,665     NON LINEAR N-Z        282,525
CODE LENGTH             810,522     CONSTANT POOL          56,770
SINGLE =E|X= EQUS        92,894     SINGLE UNFIXED VARS    92,894


GENERATION TIME      =        1.250 SECONDS    261 MB  45.7.0 64fbf3ce WEX-WEI
               L O O P S               TIME 2032

GAMS 45.7.0  64fbf3ce Jan 18, 2024          WEX-WEI x86 64bit/MS Windows - 07/25/25 13:04:55 Page 44
GUIDE_GLOBAL_CGE model GTAP11c
Solution Report     SOLVE PEPWT Using CNS From line 5093


               S O L V E      S U M M A R Y

     MODEL   PEPWT               
     TYPE    CNS                 
     SOLVER  CONOPT4             FROM LINE  5093

**** SOLVER STATUS     1 Normal Completion
**** MODEL STATUS      16 Solved

 RESOURCE USAGE, LIMIT          1.000 10000000000.000
 ITERATION COUNT, LIMIT         3    2147483647
 EVALUATION ERRORS              0             0
 
 
    C O N O P T   version 4.31
    Copyright (C) ARKI Consulting and Development A/S
                  Bagsvaerdvej 246 A
                  DK-2880 Bagsvaerd, Denmark
 
 
    The user model has 92894 constraints and 92894 variables
    with 457665 Jacobian elements, 282525 of which are nonlinear.
 
    The pre-triangular part of the model has 8682 constraints and variables.
    The post-triangular part of the model has 1078 constraints and variables.
 
    Preprocessed model has 83134 constraints and 83134 variables
    with 406179 Jacobian elements, 250292 of which are nonlinear.
 
 ** Feasible solution to a square system.
 
 
 CONOPT time Total                            1.005 seconds
   of which: Function evaluations             0.095 =  9.5%
             1st Derivative evaluations       0.051 =  5.1%
 


**** REPORT SUMMARY :        0 INFEASIBLE
                             0  DEPENDENT
                             0     ERRORS
GAMS 45.7.0  64fbf3ce Jan 18, 2024          WEX-WEI x86 64bit/MS Windows - 07/25/25 13:04:55 Page 45
GUIDE_GLOBAL_CGE model GTAP11c
Range Statistics    SOLVE PEPWT Using CNS From line 5093


RANGE STATISTICS (ABSOLUTE NON-ZERO FINITE VALUES)

RHS       [min, max] : [ 4.474E-07, 1.196E+04] - Zero values observed as well
Bound     [min, max] : [        NA,        NA]
Matrix    [min, max] : [ 1.321E-20, 2.763E+04] - Zero values observed as well

GAMS 45.7.0  64fbf3ce Jan 18, 2024          WEX-WEI x86 64bit/MS Windows - 07/25/25 13:04:55 Page 46
GUIDE_GLOBAL_CGE model GTAP11c
Model Statistics    SOLVE PEPWT Using CNS From line 5093


LOOPS                                 TIME   2033


MODEL STATISTICS

BLOCKS OF EQUATIONS         141     SINGLE EQUATIONS       92,894
BLOCKS OF VARIABLES         146     SINGLE VARIABLES       92,894
NON ZERO ELEMENTS       457,665     NON LINEAR N-Z        282,525
CODE LENGTH             810,522     CONSTANT POOL          56,770
SINGLE =E|X= EQUS        92,894     SINGLE UNFIXED VARS    92,894


GENERATION TIME      =        1.250 SECONDS    274 MB  45.7.0 64fbf3ce WEX-WEI
               L O O P S               TIME 2033

GAMS 45.7.0  64fbf3ce Jan 18, 2024          WEX-WEI x86 64bit/MS Windows - 07/25/25 13:04:55 Page 47
GUIDE_GLOBAL_CGE model GTAP11c
Solution Report     SOLVE PEPWT Using CNS From line 5093


               S O L V E      S U M M A R Y

     MODEL   PEPWT               
     TYPE    CNS                 
     SOLVER  CONOPT4             FROM LINE  5093

**** SOLVER STATUS     1 Normal Completion
**** MODEL STATUS      16 Solved

 RESOURCE USAGE, LIMIT          0.750 10000000000.000
 ITERATION COUNT, LIMIT         2    2147483647
 EVALUATION ERRORS              0             0
 
 
    C O N O P T   version 4.31
    Copyright (C) ARKI Consulting and Development A/S
                  Bagsvaerdvej 246 A
                  DK-2880 Bagsvaerd, Denmark
 
 
    The user model has 92894 constraints and 92894 variables
    with 457665 Jacobian elements, 282525 of which are nonlinear.
 
    The pre-triangular part of the model has 8682 constraints and variables.
    The post-triangular part of the model has 1078 constraints and variables.
 
    Preprocessed model has 83134 constraints and 83134 variables
    with 406179 Jacobian elements, 250292 of which are nonlinear.
 
 ** Feasible solution to a square system.
 
 
 CONOPT time Total                            0.750 seconds
   of which: Function evaluations             0.085 = 11.3%
             1st Derivative evaluations       0.063 =  8.4%
 


**** REPORT SUMMARY :        0 INFEASIBLE
                             0  DEPENDENT
                             0     ERRORS
GAMS 45.7.0  64fbf3ce Jan 18, 2024          WEX-WEI x86 64bit/MS Windows - 07/25/25 13:04:55 Page 48
GUIDE_GLOBAL_CGE model GTAP11c
Range Statistics    SOLVE PEPWT Using CNS From line 5093


RANGE STATISTICS (ABSOLUTE NON-ZERO FINITE VALUES)

RHS       [min, max] : [ 4.474E-07, 1.267E+04] - Zero values observed as well
Bound     [min, max] : [        NA,        NA]
Matrix    [min, max] : [ 1.298E-20, 3.016E+04] - Zero values observed as well

GAMS 45.7.0  64fbf3ce Jan 18, 2024          WEX-WEI x86 64bit/MS Windows - 07/25/25 13:04:55 Page 49
GUIDE_GLOBAL_CGE model GTAP11c
Model Statistics    SOLVE PEPWT Using CNS From line 5093


LOOPS                                 TIME   2034


MODEL STATISTICS

BLOCKS OF EQUATIONS         141     SINGLE EQUATIONS       92,894
BLOCKS OF VARIABLES         146     SINGLE VARIABLES       92,894
NON ZERO ELEMENTS       457,665     NON LINEAR N-Z        282,525
CODE LENGTH             810,522     CONSTANT POOL          56,770
SINGLE =E|X= EQUS        92,894     SINGLE UNFIXED VARS    92,894


GENERATION TIME      =        1.406 SECONDS    285 MB  45.7.0 64fbf3ce WEX-WEI
               L O O P S               TIME 2034

GAMS 45.7.0  64fbf3ce Jan 18, 2024          WEX-WEI x86 64bit/MS Windows - 07/25/25 13:04:55 Page 50
GUIDE_GLOBAL_CGE model GTAP11c
Solution Report     SOLVE PEPWT Using CNS From line 5093


               S O L V E      S U M M A R Y

     MODEL   PEPWT               
     TYPE    CNS                 
     SOLVER  CONOPT4             FROM LINE  5093

**** SOLVER STATUS     1 Normal Completion
**** MODEL STATUS      16 Solved

 RESOURCE USAGE, LIMIT          1.219 10000000000.000
 ITERATION COUNT, LIMIT         3    2147483647
 EVALUATION ERRORS              0             0
 
 
    C O N O P T   version 4.31
    Copyright (C) ARKI Consulting and Development A/S
                  Bagsvaerdvej 246 A
                  DK-2880 Bagsvaerd, Denmark
 
 
    The user model has 92894 constraints and 92894 variables
    with 457665 Jacobian elements, 282525 of which are nonlinear.
 
    The pre-triangular part of the model has 8682 constraints and variables.
    The post-triangular part of the model has 1078 constraints and variables.
 
    Preprocessed model has 83134 constraints and 83134 variables
    with 406179 Jacobian elements, 250292 of which are nonlinear.
 
 ** Feasible solution to a square system.
 
 
 CONOPT time Total                            1.233 seconds
   of which: Function evaluations             0.195 = 15.8%
             1st Derivative evaluations       0.065 =  5.3%
 


**** REPORT SUMMARY :        0 INFEASIBLE
                             0  DEPENDENT
                             0     ERRORS
GAMS 45.7.0  64fbf3ce Jan 18, 2024          WEX-WEI x86 64bit/MS Windows - 07/25/25 13:04:55 Page 51
GUIDE_GLOBAL_CGE model GTAP11c
Range Statistics    SOLVE PEPWT Using CNS From line 5093


RANGE STATISTICS (ABSOLUTE NON-ZERO FINITE VALUES)

RHS       [min, max] : [ 4.474E-07, 1.341E+04] - Zero values observed as well
Bound     [min, max] : [        NA,        NA]
Matrix    [min, max] : [ 1.248E-20, 3.283E+04] - Zero values observed as well

GAMS 45.7.0  64fbf3ce Jan 18, 2024          WEX-WEI x86 64bit/MS Windows - 07/25/25 13:04:55 Page 52
GUIDE_GLOBAL_CGE model GTAP11c
Model Statistics    SOLVE PEPWT Using CNS From line 5093


LOOPS                                 TIME   2035


MODEL STATISTICS

BLOCKS OF EQUATIONS         141     SINGLE EQUATIONS       92,894
BLOCKS OF VARIABLES         146     SINGLE VARIABLES       92,894
NON ZERO ELEMENTS       457,665     NON LINEAR N-Z        282,525
CODE LENGTH             810,522     CONSTANT POOL          56,770
SINGLE =E|X= EQUS        92,894     SINGLE UNFIXED VARS    92,894


GENERATION TIME      =        1.500 SECONDS    298 MB  45.7.0 64fbf3ce WEX-WEI
               L O O P S               TIME 2035

GAMS 45.7.0  64fbf3ce Jan 18, 2024          WEX-WEI x86 64bit/MS Windows - 07/25/25 13:04:55 Page 53
GUIDE_GLOBAL_CGE model GTAP11c
Solution Report     SOLVE PEPWT Using CNS From line 5093


               S O L V E      S U M M A R Y

     MODEL   PEPWT               
     TYPE    CNS                 
     SOLVER  CONOPT4             FROM LINE  5093

**** SOLVER STATUS     1 Normal Completion
**** MODEL STATUS      16 Solved

 RESOURCE USAGE, LIMIT          0.828 10000000000.000
 ITERATION COUNT, LIMIT         2    2147483647
 EVALUATION ERRORS              0             0
 
 
    C O N O P T   version 4.31
    Copyright (C) ARKI Consulting and Development A/S
                  Bagsvaerdvej 246 A
                  DK-2880 Bagsvaerd, Denmark
 
 
    The user model has 92894 constraints and 92894 variables
    with 457665 Jacobian elements, 282525 of which are nonlinear.
 
    The pre-triangular part of the model has 8682 constraints and variables.
    The post-triangular part of the model has 1078 constraints and variables.
 
    Preprocessed model has 83134 constraints and 83134 variables
    with 406179 Jacobian elements, 250292 of which are nonlinear.
 
 ** Feasible solution to a square system.
 
 
 CONOPT time Total                            0.842 seconds
   of which: Function evaluations             0.115 = 13.7%
             1st Derivative evaluations       0.053 =  6.3%
 


**** REPORT SUMMARY :        0 INFEASIBLE
                             0  DEPENDENT
                             0     ERRORS
GAMS 45.7.0  64fbf3ce Jan 18, 2024          WEX-WEI x86 64bit/MS Windows - 07/25/25 13:04:55 Page 54
GUIDE_GLOBAL_CGE model GTAP11c
Range Statistics    SOLVE PEPWT Using CNS From line 5093


RANGE STATISTICS (ABSOLUTE NON-ZERO FINITE VALUES)

RHS       [min, max] : [ 4.474E-07, 1.416E+04] - Zero values observed as well
Bound     [min, max] : [        NA,        NA]
Matrix    [min, max] : [ 1.054E-20, 3.563E+04] - Zero values observed as well

GAMS 45.7.0  64fbf3ce Jan 18, 2024          WEX-WEI x86 64bit/MS Windows - 07/25/25 13:04:55 Page 55
GUIDE_GLOBAL_CGE model GTAP11c
Model Statistics    SOLVE PEPWT Using CNS From line 5093


LOOPS                                 TIME   2036


MODEL STATISTICS

BLOCKS OF EQUATIONS         141     SINGLE EQUATIONS       92,894
BLOCKS OF VARIABLES         146     SINGLE VARIABLES       92,894
NON ZERO ELEMENTS       457,665     NON LINEAR N-Z        282,525
CODE LENGTH             810,522     CONSTANT POOL          56,770
SINGLE =E|X= EQUS        92,894     SINGLE UNFIXED VARS    92,894


GENERATION TIME      =        1.625 SECONDS    310 MB  45.7.0 64fbf3ce WEX-WEI
               L O O P S               TIME 2036

GAMS 45.7.0  64fbf3ce Jan 18, 2024          WEX-WEI x86 64bit/MS Windows - 07/25/25 13:04:55 Page 56
GUIDE_GLOBAL_CGE model GTAP11c
Solution Report     SOLVE PEPWT Using CNS From line 5093


               S O L V E      S U M M A R Y

     MODEL   PEPWT               
     TYPE    CNS                 
     SOLVER  CONOPT4             FROM LINE  5093

**** SOLVER STATUS     1 Normal Completion
**** MODEL STATUS      16 Solved

 RESOURCE USAGE, LIMIT          0.781 10000000000.000
 ITERATION COUNT, LIMIT         2    2147483647
 EVALUATION ERRORS              0             0
 
 
    C O N O P T   version 4.31
    Copyright (C) ARKI Consulting and Development A/S
                  Bagsvaerdvej 246 A
                  DK-2880 Bagsvaerd, Denmark
 
 
    The user model has 92894 constraints and 92894 variables
    with 457665 Jacobian elements, 282525 of which are nonlinear.
 
    The pre-triangular part of the model has 8682 constraints and variables.
    The post-triangular part of the model has 1078 constraints and variables.
 
    Preprocessed model has 83134 constraints and 83134 variables
    with 406179 Jacobian elements, 250292 of which are nonlinear.
 
 ** Feasible solution to a square system.
 
 
 CONOPT time Total                            0.796 seconds
   of which: Function evaluations             0.128 = 16.1%
             1st Derivative evaluations       0.044 =  5.5%
 


**** REPORT SUMMARY :        0 INFEASIBLE
                             0  DEPENDENT
                             0     ERRORS
GAMS 45.7.0  64fbf3ce Jan 18, 2024          WEX-WEI x86 64bit/MS Windows - 07/25/25 13:04:55 Page 57
GUIDE_GLOBAL_CGE model GTAP11c
Range Statistics    SOLVE PEPWT Using CNS From line 5093


RANGE STATISTICS (ABSOLUTE NON-ZERO FINITE VALUES)

RHS       [min, max] : [ 4.474E-07, 1.492E+04] - Zero values observed as well
Bound     [min, max] : [        NA,        NA]
Matrix    [min, max] : [ 1.120E-20, 3.875E+04] - Zero values observed as well

GAMS 45.7.0  64fbf3ce Jan 18, 2024          WEX-WEI x86 64bit/MS Windows - 07/25/25 13:04:55 Page 58
GUIDE_GLOBAL_CGE model GTAP11c
Model Statistics    SOLVE PEPWT Using CNS From line 5093


LOOPS                                 TIME   2037


MODEL STATISTICS

BLOCKS OF EQUATIONS         141     SINGLE EQUATIONS       92,894
BLOCKS OF VARIABLES         146     SINGLE VARIABLES       92,894
NON ZERO ELEMENTS       457,665     NON LINEAR N-Z        282,525
CODE LENGTH             810,522     CONSTANT POOL          56,770
SINGLE =E|X= EQUS        92,894     SINGLE UNFIXED VARS    92,894


GENERATION TIME      =        1.719 SECONDS    323 MB  45.7.0 64fbf3ce WEX-WEI
               L O O P S               TIME 2037

GAMS 45.7.0  64fbf3ce Jan 18, 2024          WEX-WEI x86 64bit/MS Windows - 07/25/25 13:04:55 Page 59
GUIDE_GLOBAL_CGE model GTAP11c
Solution Report     SOLVE PEPWT Using CNS From line 5093


               S O L V E      S U M M A R Y

     MODEL   PEPWT               
     TYPE    CNS                 
     SOLVER  CONOPT4             FROM LINE  5093

**** SOLVER STATUS     1 Normal Completion
**** MODEL STATUS      16 Solved

 RESOURCE USAGE, LIMIT          0.610 10000000000.000
 ITERATION COUNT, LIMIT         1    2147483647
 EVALUATION ERRORS              0             0
 
 
    C O N O P T   version 4.31
    Copyright (C) ARKI Consulting and Development A/S
                  Bagsvaerdvej 246 A
                  DK-2880 Bagsvaerd, Denmark
 
 
    The user model has 92894 constraints and 92894 variables
    with 457665 Jacobian elements, 282525 of which are nonlinear.
 
    The pre-triangular part of the model has 8682 constraints and variables.
    The post-triangular part of the model has 1078 constraints and variables.
 
    Preprocessed model has 83134 constraints and 83134 variables
    with 406179 Jacobian elements, 250292 of which are nonlinear.
 
 ** Feasible solution to a square system.
 
 
 CONOPT time Total                            0.636 seconds
   of which: Function evaluations             0.145 = 22.8%
             1st Derivative evaluations       0.040 =  6.3%
 


**** REPORT SUMMARY :        0 INFEASIBLE
                             0  DEPENDENT
                             0     ERRORS
GAMS 45.7.0  64fbf3ce Jan 18, 2024          WEX-WEI x86 64bit/MS Windows - 07/25/25 13:04:55 Page 60
GUIDE_GLOBAL_CGE model GTAP11c
Range Statistics    SOLVE PEPWT Using CNS From line 5093


RANGE STATISTICS (ABSOLUTE NON-ZERO FINITE VALUES)

RHS       [min, max] : [ 4.474E-07, 1.570E+04] - Zero values observed as well
Bound     [min, max] : [        NA,        NA]
Matrix    [min, max] : [ 1.110E-20, 4.203E+04] - Zero values observed as well

GAMS 45.7.0  64fbf3ce Jan 18, 2024          WEX-WEI x86 64bit/MS Windows - 07/25/25 13:04:55 Page 61
GUIDE_GLOBAL_CGE model GTAP11c
Model Statistics    SOLVE PEPWT Using CNS From line 5093


LOOPS                                 TIME   2038


MODEL STATISTICS

BLOCKS OF EQUATIONS         141     SINGLE EQUATIONS       92,894
BLOCKS OF VARIABLES         146     SINGLE VARIABLES       92,894
NON ZERO ELEMENTS       457,665     NON LINEAR N-Z        282,525
CODE LENGTH             810,522     CONSTANT POOL          56,770
SINGLE =E|X= EQUS        92,894     SINGLE UNFIXED VARS    92,894


GENERATION TIME      =        1.688 SECONDS    336 MB  45.7.0 64fbf3ce WEX-WEI
               L O O P S               TIME 2038

GAMS 45.7.0  64fbf3ce Jan 18, 2024          WEX-WEI x86 64bit/MS Windows - 07/25/25 13:04:55 Page 62
GUIDE_GLOBAL_CGE model GTAP11c
Solution Report     SOLVE PEPWT Using CNS From line 5093


               S O L V E      S U M M A R Y

     MODEL   PEPWT               
     TYPE    CNS                 
     SOLVER  CONOPT4             FROM LINE  5093

**** SOLVER STATUS     1 Normal Completion
**** MODEL STATUS      16 Solved

 RESOURCE USAGE, LIMIT          0.625 10000000000.000
 ITERATION COUNT, LIMIT         1    2147483647
 EVALUATION ERRORS              0             0
 
 
    C O N O P T   version 4.31
    Copyright (C) ARKI Consulting and Development A/S
                  Bagsvaerdvej 246 A
                  DK-2880 Bagsvaerd, Denmark
 
 
    The user model has 92894 constraints and 92894 variables
    with 457665 Jacobian elements, 282525 of which are nonlinear.
 
    The pre-triangular part of the model has 8682 constraints and variables.
    The post-triangular part of the model has 1078 constraints and variables.
 
    Preprocessed model has 83134 constraints and 83134 variables
    with 406179 Jacobian elements, 250292 of which are nonlinear.
 
 ** Feasible solution to a square system.
 
 
 CONOPT time Total                            0.642 seconds
   of which: Function evaluations             0.136 = 21.2%
             1st Derivative evaluations       0.041 =  6.4%
 


**** REPORT SUMMARY :        0 INFEASIBLE
                             0  DEPENDENT
                             0     ERRORS
GAMS 45.7.0  64fbf3ce Jan 18, 2024          WEX-WEI x86 64bit/MS Windows - 07/25/25 13:04:55 Page 63
GUIDE_GLOBAL_CGE model GTAP11c
Range Statistics    SOLVE PEPWT Using CNS From line 5093


RANGE STATISTICS (ABSOLUTE NON-ZERO FINITE VALUES)

RHS       [min, max] : [ 4.474E-07, 1.650E+04] - Zero values observed as well
Bound     [min, max] : [        NA,        NA]
Matrix    [min, max] : [ 1.069E-20, 4.545E+04] - Zero values observed as well

GAMS 45.7.0  64fbf3ce Jan 18, 2024          WEX-WEI x86 64bit/MS Windows - 07/25/25 13:04:55 Page 64
GUIDE_GLOBAL_CGE model GTAP11c
Model Statistics    SOLVE PEPWT Using CNS From line 5093


LOOPS                                 TIME   2039


MODEL STATISTICS

BLOCKS OF EQUATIONS         141     SINGLE EQUATIONS       92,894
BLOCKS OF VARIABLES         146     SINGLE VARIABLES       92,894
NON ZERO ELEMENTS       457,665     NON LINEAR N-Z        282,525
CODE LENGTH             810,522     CONSTANT POOL          56,770
SINGLE =E|X= EQUS        92,894     SINGLE UNFIXED VARS    92,894


GENERATION TIME      =        1.610 SECONDS    348 MB  45.7.0 64fbf3ce WEX-WEI
               L O O P S               TIME 2039

GAMS 45.7.0  64fbf3ce Jan 18, 2024          WEX-WEI x86 64bit/MS Windows - 07/25/25 13:04:55 Page 65
GUIDE_GLOBAL_CGE model GTAP11c
Solution Report     SOLVE PEPWT Using CNS From line 5093


               S O L V E      S U M M A R Y

     MODEL   PEPWT               
     TYPE    CNS                 
     SOLVER  CONOPT4             FROM LINE  5093

**** SOLVER STATUS     1 Normal Completion
**** MODEL STATUS      16 Solved

 RESOURCE USAGE, LIMIT          0.531 10000000000.000
 ITERATION COUNT, LIMIT         1    2147483647
 EVALUATION ERRORS              0             0
 
 
    C O N O P T   version 4.31
    Copyright (C) ARKI Consulting and Development A/S
                  Bagsvaerdvej 246 A
                  DK-2880 Bagsvaerd, Denmark
 
 
    The user model has 92894 constraints and 92894 variables
    with 457665 Jacobian elements, 282525 of which are nonlinear.
 
    The pre-triangular part of the model has 8682 constraints and variables.
    The post-triangular part of the model has 1078 constraints and variables.
 
    Preprocessed model has 83134 constraints and 83134 variables
    with 406179 Jacobian elements, 250292 of which are nonlinear.
 
 ** Feasible solution to a square system.
 
 
 CONOPT time Total                            0.543 seconds
   of which: Function evaluations             0.115 = 21.2%
             1st Derivative evaluations       0.038 =  7.0%
 


**** REPORT SUMMARY :        0 INFEASIBLE
                             0  DEPENDENT
                             0     ERRORS
GAMS 45.7.0  64fbf3ce Jan 18, 2024          WEX-WEI x86 64bit/MS Windows - 07/25/25 13:04:55 Page 66
GUIDE_GLOBAL_CGE model GTAP11c
Range Statistics    SOLVE PEPWT Using CNS From line 5093


RANGE STATISTICS (ABSOLUTE NON-ZERO FINITE VALUES)

RHS       [min, max] : [ 4.474E-07, 1.731E+04] - Zero values observed as well
Bound     [min, max] : [        NA,        NA]
Matrix    [min, max] : [ 1.030E-20, 4.902E+04] - Zero values observed as well

GAMS 45.7.0  64fbf3ce Jan 18, 2024          WEX-WEI x86 64bit/MS Windows - 07/25/25 13:04:55 Page 67
GUIDE_GLOBAL_CGE model GTAP11c
Model Statistics    SOLVE PEPWT Using CNS From line 5093


LOOPS                                 TIME   2040


MODEL STATISTICS

BLOCKS OF EQUATIONS         141     SINGLE EQUATIONS       92,894
BLOCKS OF VARIABLES         146     SINGLE VARIABLES       92,894
NON ZERO ELEMENTS       457,665     NON LINEAR N-Z        282,525
CODE LENGTH             810,522     CONSTANT POOL          56,770
SINGLE =E|X= EQUS        92,894     SINGLE UNFIXED VARS    92,894


GENERATION TIME      =        1.750 SECONDS    361 MB  45.7.0 64fbf3ce WEX-WEI
               L O O P S               TIME 2040

GAMS 45.7.0  64fbf3ce Jan 18, 2024          WEX-WEI x86 64bit/MS Windows - 07/25/25 13:04:55 Page 68
GUIDE_GLOBAL_CGE model GTAP11c
Solution Report     SOLVE PEPWT Using CNS From line 5093


               S O L V E      S U M M A R Y

     MODEL   PEPWT               
     TYPE    CNS                 
     SOLVER  CONOPT4             FROM LINE  5093

**** SOLVER STATUS     1 Normal Completion
**** MODEL STATUS      16 Solved

 RESOURCE USAGE, LIMIT          0.610 10000000000.000
 ITERATION COUNT, LIMIT         1    2147483647
 EVALUATION ERRORS              0             0
 
 
    C O N O P T   version 4.31
    Copyright (C) ARKI Consulting and Development A/S
                  Bagsvaerdvej 246 A
                  DK-2880 Bagsvaerd, Denmark
 
 
    The user model has 92894 constraints and 92894 variables
    with 457665 Jacobian elements, 282525 of which are nonlinear.
 
    The pre-triangular part of the model has 8682 constraints and variables.
    The post-triangular part of the model has 1078 constraints and variables.
 
    Preprocessed model has 83134 constraints and 83134 variables
    with 406179 Jacobian elements, 250292 of which are nonlinear.
 
 ** Feasible solution to a square system.
 
 
 CONOPT time Total                            0.630 seconds
   of which: Function evaluations             0.141 = 22.4%
             1st Derivative evaluations       0.040 =  6.3%
 


**** REPORT SUMMARY :        0 INFEASIBLE
                             0  DEPENDENT
                             0     ERRORS
GAMS 45.7.0  64fbf3ce Jan 18, 2024          WEX-WEI x86 64bit/MS Windows - 07/25/25 13:04:55 Page 69
GUIDE_GLOBAL_CGE model GTAP11c
Range Statistics    SOLVE PEPWT Using CNS From line 5093


RANGE STATISTICS (ABSOLUTE NON-ZERO FINITE VALUES)

RHS       [min, max] : [ 4.474E-07, 1.813E+04] - Zero values observed as well
Bound     [min, max] : [        NA,        NA]
Matrix    [min, max] : [ 1.314E-20, 5.273E+04] - Zero values observed as well

GAMS 45.7.0  64fbf3ce Jan 18, 2024          WEX-WEI x86 64bit/MS Windows - 07/25/25 13:04:55 Page 70
GUIDE_GLOBAL_CGE model GTAP11c
Model Statistics    SOLVE PEPWT Using CNS From line 5093


LOOPS                                 TIME   2041


MODEL STATISTICS

BLOCKS OF EQUATIONS         141     SINGLE EQUATIONS       92,894
BLOCKS OF VARIABLES         146     SINGLE VARIABLES       92,894
NON ZERO ELEMENTS       457,665     NON LINEAR N-Z        282,525
CODE LENGTH             810,522     CONSTANT POOL          56,770
SINGLE =E|X= EQUS        92,894     SINGLE UNFIXED VARS    92,894


GENERATION TIME      =        1.890 SECONDS    373 MB  45.7.0 64fbf3ce WEX-WEI
               L O O P S               TIME 2041

GAMS 45.7.0  64fbf3ce Jan 18, 2024          WEX-WEI x86 64bit/MS Windows - 07/25/25 13:04:55 Page 71
GUIDE_GLOBAL_CGE model GTAP11c
Solution Report     SOLVE PEPWT Using CNS From line 5093


               S O L V E      S U M M A R Y

     MODEL   PEPWT               
     TYPE    CNS                 
     SOLVER  CONOPT4             FROM LINE  5093

**** SOLVER STATUS     1 Normal Completion
**** MODEL STATUS      16 Solved

 RESOURCE USAGE, LIMIT          0.531 10000000000.000
 ITERATION COUNT, LIMIT         1    2147483647
 EVALUATION ERRORS              0             0
 
 
    C O N O P T   version 4.31
    Copyright (C) ARKI Consulting and Development A/S
                  Bagsvaerdvej 246 A
                  DK-2880 Bagsvaerd, Denmark
 
 
    The user model has 92894 constraints and 92894 variables
    with 457665 Jacobian elements, 282525 of which are nonlinear.
 
    The pre-triangular part of the model has 8682 constraints and variables.
    The post-triangular part of the model has 1078 constraints and variables.
 
    Preprocessed model has 83134 constraints and 83134 variables
    with 406179 Jacobian elements, 250292 of which are nonlinear.
 
 ** Feasible solution to a square system.
 
 
 CONOPT time Total                            0.550 seconds
   of which: Function evaluations             0.102 = 18.5%
             1st Derivative evaluations       0.036 =  6.5%
 


**** REPORT SUMMARY :        0 INFEASIBLE
                             0  DEPENDENT
                             0     ERRORS
GAMS 45.7.0  64fbf3ce Jan 18, 2024          WEX-WEI x86 64bit/MS Windows - 07/25/25 13:04:55 Page 72
GUIDE_GLOBAL_CGE model GTAP11c
Range Statistics    SOLVE PEPWT Using CNS From line 5093


RANGE STATISTICS (ABSOLUTE NON-ZERO FINITE VALUES)

RHS       [min, max] : [ 4.474E-07, 1.897E+04] - Zero values observed as well
Bound     [min, max] : [        NA,        NA]
Matrix    [min, max] : [ 1.310E-20, 5.661E+04] - Zero values observed as well

GAMS 45.7.0  64fbf3ce Jan 18, 2024          WEX-WEI x86 64bit/MS Windows - 07/25/25 13:04:55 Page 73
GUIDE_GLOBAL_CGE model GTAP11c
Model Statistics    SOLVE PEPWT Using CNS From line 5093


LOOPS                                 TIME   2042


MODEL STATISTICS

BLOCKS OF EQUATIONS         141     SINGLE EQUATIONS       92,894
BLOCKS OF VARIABLES         146     SINGLE VARIABLES       92,894
NON ZERO ELEMENTS       457,665     NON LINEAR N-Z        282,525
CODE LENGTH             810,522     CONSTANT POOL          56,770
SINGLE =E|X= EQUS        92,894     SINGLE UNFIXED VARS    92,894


GENERATION TIME      =        1.843 SECONDS    386 MB  45.7.0 64fbf3ce WEX-WEI
               L O O P S               TIME 2042

GAMS 45.7.0  64fbf3ce Jan 18, 2024          WEX-WEI x86 64bit/MS Windows - 07/25/25 13:04:55 Page 74
GUIDE_GLOBAL_CGE model GTAP11c
Solution Report     SOLVE PEPWT Using CNS From line 5093


               S O L V E      S U M M A R Y

     MODEL   PEPWT               
     TYPE    CNS                 
     SOLVER  CONOPT4             FROM LINE  5093

**** SOLVER STATUS     1 Normal Completion
**** MODEL STATUS      16 Solved

 RESOURCE USAGE, LIMIT          0.625 10000000000.000
 ITERATION COUNT, LIMIT         1    2147483647
 EVALUATION ERRORS              0             0
 
 
    C O N O P T   version 4.31
    Copyright (C) ARKI Consulting and Development A/S
                  Bagsvaerdvej 246 A
                  DK-2880 Bagsvaerd, Denmark
 
 
    The user model has 92894 constraints and 92894 variables
    with 457665 Jacobian elements, 282525 of which are nonlinear.
 
    The pre-triangular part of the model has 8682 constraints and variables.
    The post-triangular part of the model has 1078 constraints and variables.
 
    Preprocessed model has 83134 constraints and 83134 variables
    with 406179 Jacobian elements, 250292 of which are nonlinear.
 
 ** Feasible solution to a square system.
 
 
 CONOPT time Total                            0.642 seconds
   of which: Function evaluations             0.132 = 20.6%
             1st Derivative evaluations       0.039 =  6.1%
 


**** REPORT SUMMARY :        0 INFEASIBLE
                             0  DEPENDENT
                             0     ERRORS
GAMS 45.7.0  64fbf3ce Jan 18, 2024          WEX-WEI x86 64bit/MS Windows - 07/25/25 13:04:55 Page 75
GUIDE_GLOBAL_CGE model GTAP11c
Range Statistics    SOLVE PEPWT Using CNS From line 5093


RANGE STATISTICS (ABSOLUTE NON-ZERO FINITE VALUES)

RHS       [min, max] : [ 4.474E-07, 1.982E+04] - Zero values observed as well
Bound     [min, max] : [        NA,        NA]
Matrix    [min, max] : [ 1.305E-20, 6.064E+04] - Zero values observed as well

GAMS 45.7.0  64fbf3ce Jan 18, 2024          WEX-WEI x86 64bit/MS Windows - 07/25/25 13:04:55 Page 76
GUIDE_GLOBAL_CGE model GTAP11c
Model Statistics    SOLVE PEPWT Using CNS From line 5093


LOOPS                                 TIME   2043


MODEL STATISTICS

BLOCKS OF EQUATIONS         141     SINGLE EQUATIONS       92,894
BLOCKS OF VARIABLES         146     SINGLE VARIABLES       92,894
NON ZERO ELEMENTS       457,665     NON LINEAR N-Z        282,525
CODE LENGTH             810,522     CONSTANT POOL          56,770
SINGLE =E|X= EQUS        92,894     SINGLE UNFIXED VARS    92,894


GENERATION TIME      =        1.750 SECONDS    398 MB  45.7.0 64fbf3ce WEX-WEI
               L O O P S               TIME 2043

GAMS 45.7.0  64fbf3ce Jan 18, 2024          WEX-WEI x86 64bit/MS Windows - 07/25/25 13:04:55 Page 77
GUIDE_GLOBAL_CGE model GTAP11c
Solution Report     SOLVE PEPWT Using CNS From line 5093


               S O L V E      S U M M A R Y

     MODEL   PEPWT               
     TYPE    CNS                 
     SOLVER  CONOPT4             FROM LINE  5093

**** SOLVER STATUS     1 Normal Completion
**** MODEL STATUS      16 Solved

 RESOURCE USAGE, LIMIT          0.531 10000000000.000
 ITERATION COUNT, LIMIT         1    2147483647
 EVALUATION ERRORS              0             0
 
 
    C O N O P T   version 4.31
    Copyright (C) ARKI Consulting and Development A/S
                  Bagsvaerdvej 246 A
                  DK-2880 Bagsvaerd, Denmark
 
 
    The user model has 92894 constraints and 92894 variables
    with 457665 Jacobian elements, 282525 of which are nonlinear.
 
    The pre-triangular part of the model has 8682 constraints and variables.
    The post-triangular part of the model has 1078 constraints and variables.
 
    Preprocessed model has 83134 constraints and 83134 variables
    with 406179 Jacobian elements, 250292 of which are nonlinear.
 
 ** Feasible solution to a square system.
 
 
 CONOPT time Total                            0.552 seconds
   of which: Function evaluations             0.103 = 18.7%
             1st Derivative evaluations       0.038 =  6.9%
 


**** REPORT SUMMARY :        0 INFEASIBLE
                             0  DEPENDENT
                             0     ERRORS
GAMS 45.7.0  64fbf3ce Jan 18, 2024          WEX-WEI x86 64bit/MS Windows - 07/25/25 13:04:55 Page 78
GUIDE_GLOBAL_CGE model GTAP11c
Range Statistics    SOLVE PEPWT Using CNS From line 5093


RANGE STATISTICS (ABSOLUTE NON-ZERO FINITE VALUES)

RHS       [min, max] : [ 4.474E-07, 2.068E+04] - Zero values observed as well
Bound     [min, max] : [        NA,        NA]
Matrix    [min, max] : [ 1.301E-20, 6.482E+04] - Zero values observed as well

GAMS 45.7.0  64fbf3ce Jan 18, 2024          WEX-WEI x86 64bit/MS Windows - 07/25/25 13:04:55 Page 79
GUIDE_GLOBAL_CGE model GTAP11c
Model Statistics    SOLVE PEPWT Using CNS From line 5093


LOOPS                                 TIME   2044


MODEL STATISTICS

BLOCKS OF EQUATIONS         141     SINGLE EQUATIONS       92,894
BLOCKS OF VARIABLES         146     SINGLE VARIABLES       92,894
NON ZERO ELEMENTS       457,665     NON LINEAR N-Z        282,525
CODE LENGTH             810,522     CONSTANT POOL          56,770
SINGLE =E|X= EQUS        92,894     SINGLE UNFIXED VARS    92,894


GENERATION TIME      =        1.781 SECONDS    411 MB  45.7.0 64fbf3ce WEX-WEI
               L O O P S               TIME 2044

GAMS 45.7.0  64fbf3ce Jan 18, 2024          WEX-WEI x86 64bit/MS Windows - 07/25/25 13:04:55 Page 80
GUIDE_GLOBAL_CGE model GTAP11c
Solution Report     SOLVE PEPWT Using CNS From line 5093


               S O L V E      S U M M A R Y

     MODEL   PEPWT               
     TYPE    CNS                 
     SOLVER  CONOPT4             FROM LINE  5093

**** SOLVER STATUS     1 Normal Completion
**** MODEL STATUS      16 Solved

 RESOURCE USAGE, LIMIT          0.562 10000000000.000
 ITERATION COUNT, LIMIT         1    2147483647
 EVALUATION ERRORS              0             0
 
 
    C O N O P T   version 4.31
    Copyright (C) ARKI Consulting and Development A/S
                  Bagsvaerdvej 246 A
                  DK-2880 Bagsvaerd, Denmark
 
 
    The user model has 92894 constraints and 92894 variables
    with 457665 Jacobian elements, 282525 of which are nonlinear.
 
    The pre-triangular part of the model has 8682 constraints and variables.
    The post-triangular part of the model has 1078 constraints and variables.
 
    Preprocessed model has 83134 constraints and 83134 variables
    with 406179 Jacobian elements, 250292 of which are nonlinear.
 
 ** Feasible solution to a square system.
 
 
 CONOPT time Total                            0.580 seconds
   of which: Function evaluations             0.121 = 20.9%
             1st Derivative evaluations       0.040 =  6.9%
 


**** REPORT SUMMARY :        0 INFEASIBLE
                             0  DEPENDENT
                             0     ERRORS
GAMS 45.7.0  64fbf3ce Jan 18, 2024          WEX-WEI x86 64bit/MS Windows - 07/25/25 13:04:55 Page 81
GUIDE_GLOBAL_CGE model GTAP11c
Range Statistics    SOLVE PEPWT Using CNS From line 5093


RANGE STATISTICS (ABSOLUTE NON-ZERO FINITE VALUES)

RHS       [min, max] : [ 4.474E-07, 2.156E+04] - Zero values observed as well
Bound     [min, max] : [        NA,        NA]
Matrix    [min, max] : [ 1.297E-20, 6.915E+04] - Zero values observed as well

GAMS 45.7.0  64fbf3ce Jan 18, 2024          WEX-WEI x86 64bit/MS Windows - 07/25/25 13:04:55 Page 82
GUIDE_GLOBAL_CGE model GTAP11c
Model Statistics    SOLVE PEPWT Using CNS From line 5093


LOOPS                                 TIME   2045


MODEL STATISTICS

BLOCKS OF EQUATIONS         141     SINGLE EQUATIONS       92,894
BLOCKS OF VARIABLES         146     SINGLE VARIABLES       92,894
NON ZERO ELEMENTS       457,665     NON LINEAR N-Z        282,525
CODE LENGTH             810,522     CONSTANT POOL          56,770
SINGLE =E|X= EQUS        92,894     SINGLE UNFIXED VARS    92,894


GENERATION TIME      =        1.953 SECONDS    424 MB  45.7.0 64fbf3ce WEX-WEI
               L O O P S               TIME 2045

GAMS 45.7.0  64fbf3ce Jan 18, 2024          WEX-WEI x86 64bit/MS Windows - 07/25/25 13:04:55 Page 83
GUIDE_GLOBAL_CGE model GTAP11c
Solution Report     SOLVE PEPWT Using CNS From line 5093


               S O L V E      S U M M A R Y

     MODEL   PEPWT               
     TYPE    CNS                 
     SOLVER  CONOPT4             FROM LINE  5093

**** SOLVER STATUS     1 Normal Completion
**** MODEL STATUS      16 Solved

 RESOURCE USAGE, LIMIT          0.578 10000000000.000
 ITERATION COUNT, LIMIT         1    2147483647
 EVALUATION ERRORS              0             0
 
 
    C O N O P T   version 4.31
    Copyright (C) ARKI Consulting and Development A/S
                  Bagsvaerdvej 246 A
                  DK-2880 Bagsvaerd, Denmark
 
 
    The user model has 92894 constraints and 92894 variables
    with 457665 Jacobian elements, 282525 of which are nonlinear.
 
    The pre-triangular part of the model has 8682 constraints and variables.
    The post-triangular part of the model has 1078 constraints and variables.
 
    Preprocessed model has 83134 constraints and 83134 variables
    with 406179 Jacobian elements, 250292 of which are nonlinear.
 
 ** Feasible solution to a square system.
 
 
 CONOPT time Total                            0.590 seconds
   of which: Function evaluations             0.126 = 21.4%
             1st Derivative evaluations       0.038 =  6.4%
 


**** REPORT SUMMARY :        0 INFEASIBLE
                             0  DEPENDENT
                             0     ERRORS
GAMS 45.7.0  64fbf3ce Jan 18, 2024          WEX-WEI x86 64bit/MS Windows - 07/25/25 13:04:55 Page 84
GUIDE_GLOBAL_CGE model GTAP11c
Range Statistics    SOLVE PEPWT Using CNS From line 5093


RANGE STATISTICS (ABSOLUTE NON-ZERO FINITE VALUES)

RHS       [min, max] : [ 4.474E-07, 2.246E+04] - Zero values observed as well
Bound     [min, max] : [        NA,        NA]
Matrix    [min, max] : [ 1.292E-20, 7.362E+04] - Zero values observed as well

GAMS 45.7.0  64fbf3ce Jan 18, 2024          WEX-WEI x86 64bit/MS Windows - 07/25/25 13:04:55 Page 85
GUIDE_GLOBAL_CGE model GTAP11c
Model Statistics    SOLVE PEPWT Using CNS From line 5093


LOOPS                                 TIME   2046


MODEL STATISTICS

BLOCKS OF EQUATIONS         141     SINGLE EQUATIONS       92,894
BLOCKS OF VARIABLES         146     SINGLE VARIABLES       92,894
NON ZERO ELEMENTS       457,665     NON LINEAR N-Z        282,525
CODE LENGTH             810,522     CONSTANT POOL          56,770
SINGLE =E|X= EQUS        92,894     SINGLE UNFIXED VARS    92,894


GENERATION TIME      =        2.141 SECONDS    436 MB  45.7.0 64fbf3ce WEX-WEI
               L O O P S               TIME 2046

GAMS 45.7.0  64fbf3ce Jan 18, 2024          WEX-WEI x86 64bit/MS Windows - 07/25/25 13:04:55 Page 86
GUIDE_GLOBAL_CGE model GTAP11c
Solution Report     SOLVE PEPWT Using CNS From line 5093


               S O L V E      S U M M A R Y

     MODEL   PEPWT               
     TYPE    CNS                 
     SOLVER  CONOPT4             FROM LINE  5093

**** SOLVER STATUS     1 Normal Completion
**** MODEL STATUS      16 Solved

 RESOURCE USAGE, LIMIT          0.625 10000000000.000
 ITERATION COUNT, LIMIT         1    2147483647
 EVALUATION ERRORS              0             0
 
 
    C O N O P T   version 4.31
    Copyright (C) ARKI Consulting and Development A/S
                  Bagsvaerdvej 246 A
                  DK-2880 Bagsvaerd, Denmark
 
 
    The user model has 92894 constraints and 92894 variables
    with 457665 Jacobian elements, 282525 of which are nonlinear.
 
    The pre-triangular part of the model has 8682 constraints and variables.
    The post-triangular part of the model has 1078 constraints and variables.
 
    Preprocessed model has 83134 constraints and 83134 variables
    with 406179 Jacobian elements, 250292 of which are nonlinear.
 
 ** Feasible solution to a square system.
 
 
 CONOPT time Total                            0.634 seconds
   of which: Function evaluations             0.133 = 21.0%
             1st Derivative evaluations       0.046 =  7.3%
 


**** REPORT SUMMARY :        0 INFEASIBLE
                             0  DEPENDENT
                             0     ERRORS
GAMS 45.7.0  64fbf3ce Jan 18, 2024          WEX-WEI x86 64bit/MS Windows - 07/25/25 13:04:55 Page 87
GUIDE_GLOBAL_CGE model GTAP11c
Range Statistics    SOLVE PEPWT Using CNS From line 5093


RANGE STATISTICS (ABSOLUTE NON-ZERO FINITE VALUES)

RHS       [min, max] : [ 4.474E-07, 2.337E+04] - Zero values observed as well
Bound     [min, max] : [        NA,        NA]
Matrix    [min, max] : [ 1.287E-20, 7.831E+04] - Zero values observed as well

GAMS 45.7.0  64fbf3ce Jan 18, 2024          WEX-WEI x86 64bit/MS Windows - 07/25/25 13:04:55 Page 88
GUIDE_GLOBAL_CGE model GTAP11c
Model Statistics    SOLVE PEPWT Using CNS From line 5093


LOOPS                                 TIME   2047


MODEL STATISTICS

BLOCKS OF EQUATIONS         141     SINGLE EQUATIONS       92,894
BLOCKS OF VARIABLES         146     SINGLE VARIABLES       92,894
NON ZERO ELEMENTS       457,665     NON LINEAR N-Z        282,525
CODE LENGTH             810,522     CONSTANT POOL          56,770
SINGLE =E|X= EQUS        92,894     SINGLE UNFIXED VARS    92,894


GENERATION TIME      =        2.390 SECONDS    449 MB  45.7.0 64fbf3ce WEX-WEI
               L O O P S               TIME 2047

GAMS 45.7.0  64fbf3ce Jan 18, 2024          WEX-WEI x86 64bit/MS Windows - 07/25/25 13:04:55 Page 89
GUIDE_GLOBAL_CGE model GTAP11c
Solution Report     SOLVE PEPWT Using CNS From line 5093


               S O L V E      S U M M A R Y

     MODEL   PEPWT               
     TYPE    CNS                 
     SOLVER  CONOPT4             FROM LINE  5093

**** SOLVER STATUS     1 Normal Completion
**** MODEL STATUS      16 Solved

 RESOURCE USAGE, LIMIT          0.579 10000000000.000
 ITERATION COUNT, LIMIT         1    2147483647
 EVALUATION ERRORS              0             0
 
 
    C O N O P T   version 4.31
    Copyright (C) ARKI Consulting and Development A/S
                  Bagsvaerdvej 246 A
                  DK-2880 Bagsvaerd, Denmark
 
 
    The user model has 92894 constraints and 92894 variables
    with 457665 Jacobian elements, 282525 of which are nonlinear.
 
    The pre-triangular part of the model has 8682 constraints and variables.
    The post-triangular part of the model has 1078 constraints and variables.
 
    Preprocessed model has 83134 constraints and 83134 variables
    with 406179 Jacobian elements, 250292 of which are nonlinear.
 
 ** Feasible solution to a square system.
 
 
 CONOPT time Total                            0.585 seconds
   of which: Function evaluations             0.114 = 19.5%
             1st Derivative evaluations       0.043 =  7.4%
 


**** REPORT SUMMARY :        0 INFEASIBLE
                             0  DEPENDENT
                             0     ERRORS
GAMS 45.7.0  64fbf3ce Jan 18, 2024          WEX-WEI x86 64bit/MS Windows - 07/25/25 13:04:55 Page 90
GUIDE_GLOBAL_CGE model GTAP11c
Range Statistics    SOLVE PEPWT Using CNS From line 5093


RANGE STATISTICS (ABSOLUTE NON-ZERO FINITE VALUES)

RHS       [min, max] : [ 4.474E-07, 2.429E+04] - Zero values observed as well
Bound     [min, max] : [        NA,        NA]
Matrix    [min, max] : [ 1.282E-20, 8.317E+04] - Zero values observed as well

GAMS 45.7.0  64fbf3ce Jan 18, 2024          WEX-WEI x86 64bit/MS Windows - 07/25/25 13:04:55 Page 91
GUIDE_GLOBAL_CGE model GTAP11c
Model Statistics    SOLVE PEPWT Using CNS From line 5093


LOOPS                                 TIME   2048


MODEL STATISTICS

BLOCKS OF EQUATIONS         141     SINGLE EQUATIONS       92,894
BLOCKS OF VARIABLES         146     SINGLE VARIABLES       92,894
NON ZERO ELEMENTS       457,665     NON LINEAR N-Z        282,525
CODE LENGTH             810,522     CONSTANT POOL          56,770
SINGLE =E|X= EQUS        92,894     SINGLE UNFIXED VARS    92,894


GENERATION TIME      =        2.344 SECONDS    461 MB  45.7.0 64fbf3ce WEX-WEI
               L O O P S               TIME 2048

GAMS 45.7.0  64fbf3ce Jan 18, 2024          WEX-WEI x86 64bit/MS Windows - 07/25/25 13:04:55 Page 92
GUIDE_GLOBAL_CGE model GTAP11c
Solution Report     SOLVE PEPWT Using CNS From line 5093


               S O L V E      S U M M A R Y

     MODEL   PEPWT               
     TYPE    CNS                 
     SOLVER  CONOPT4             FROM LINE  5093

**** SOLVER STATUS     1 Normal Completion
**** MODEL STATUS      16 Solved

 RESOURCE USAGE, LIMIT          0.641 10000000000.000
 ITERATION COUNT, LIMIT         1    2147483647
 EVALUATION ERRORS              0             0
 
 
    C O N O P T   version 4.31
    Copyright (C) ARKI Consulting and Development A/S
                  Bagsvaerdvej 246 A
                  DK-2880 Bagsvaerd, Denmark
 
 
    The user model has 92894 constraints and 92894 variables
    with 457665 Jacobian elements, 282525 of which are nonlinear.
 
    The pre-triangular part of the model has 8682 constraints and variables.
    The post-triangular part of the model has 1078 constraints and variables.
 
    Preprocessed model has 83134 constraints and 83134 variables
    with 406179 Jacobian elements, 250292 of which are nonlinear.
 
 ** Feasible solution to a square system.
 
 
 CONOPT time Total                            0.640 seconds
   of which: Function evaluations             0.126 = 19.7%
             1st Derivative evaluations       0.046 =  7.2%
 


**** REPORT SUMMARY :        0 INFEASIBLE
                             0  DEPENDENT
                             0     ERRORS
GAMS 45.7.0  64fbf3ce Jan 18, 2024          WEX-WEI x86 64bit/MS Windows - 07/25/25 13:04:55 Page 93
GUIDE_GLOBAL_CGE model GTAP11c
Range Statistics    SOLVE PEPWT Using CNS From line 5093


RANGE STATISTICS (ABSOLUTE NON-ZERO FINITE VALUES)

RHS       [min, max] : [ 4.474E-07, 2.523E+04] - Zero values observed as well
Bound     [min, max] : [        NA,        NA]
Matrix    [min, max] : [ 1.277E-20, 8.818E+04] - Zero values observed as well

GAMS 45.7.0  64fbf3ce Jan 18, 2024          WEX-WEI x86 64bit/MS Windows - 07/25/25 13:04:55 Page 94
GUIDE_GLOBAL_CGE model GTAP11c
Model Statistics    SOLVE PEPWT Using CNS From line 5093


LOOPS                                 TIME   2049


MODEL STATISTICS

BLOCKS OF EQUATIONS         141     SINGLE EQUATIONS       92,894
BLOCKS OF VARIABLES         146     SINGLE VARIABLES       92,894
NON ZERO ELEMENTS       457,665     NON LINEAR N-Z        282,525
CODE LENGTH             810,522     CONSTANT POOL          56,770
SINGLE =E|X= EQUS        92,894     SINGLE UNFIXED VARS    92,894


GENERATION TIME      =        2.515 SECONDS    474 MB  45.7.0 64fbf3ce WEX-WEI
               L O O P S               TIME 2049

GAMS 45.7.0  64fbf3ce Jan 18, 2024          WEX-WEI x86 64bit/MS Windows - 07/25/25 13:04:55 Page 95
GUIDE_GLOBAL_CGE model GTAP11c
Solution Report     SOLVE PEPWT Using CNS From line 5093


               S O L V E      S U M M A R Y

     MODEL   PEPWT               
     TYPE    CNS                 
     SOLVER  CONOPT4             FROM LINE  5093

**** SOLVER STATUS     1 Normal Completion
**** MODEL STATUS      16 Solved

 RESOURCE USAGE, LIMIT          0.594 10000000000.000
 ITERATION COUNT, LIMIT         1    2147483647
 EVALUATION ERRORS              0             0
 
 
    C O N O P T   version 4.31
    Copyright (C) ARKI Consulting and Development A/S
                  Bagsvaerdvej 246 A
                  DK-2880 Bagsvaerd, Denmark
 
 
    The user model has 92894 constraints and 92894 variables
    with 457665 Jacobian elements, 282525 of which are nonlinear.
 
    The pre-triangular part of the model has 8682 constraints and variables.
    The post-triangular part of the model has 1078 constraints and variables.
 
    Preprocessed model has 83134 constraints and 83134 variables
    with 406179 Jacobian elements, 250292 of which are nonlinear.
 
 ** Feasible solution to a square system.
 
 
 CONOPT time Total                            0.597 seconds
   of which: Function evaluations             0.115 = 19.3%
             1st Derivative evaluations       0.041 =  6.9%
 


**** REPORT SUMMARY :        0 INFEASIBLE
                             0  DEPENDENT
                             0     ERRORS
GAMS 45.7.0  64fbf3ce Jan 18, 2024          WEX-WEI x86 64bit/MS Windows - 07/25/25 13:04:55 Page 96
GUIDE_GLOBAL_CGE model GTAP11c
Range Statistics    SOLVE PEPWT Using CNS From line 5093


RANGE STATISTICS (ABSOLUTE NON-ZERO FINITE VALUES)

RHS       [min, max] : [ 4.474E-07, 2.618E+04] - Zero values observed as well
Bound     [min, max] : [        NA,        NA]
Matrix    [min, max] : [ 1.272E-20, 9.334E+04] - Zero values observed as well

GAMS 45.7.0  64fbf3ce Jan 18, 2024          WEX-WEI x86 64bit/MS Windows - 07/25/25 13:04:55 Page 97
GUIDE_GLOBAL_CGE model GTAP11c
Model Statistics    SOLVE PEPWT Using CNS From line 5093


LOOPS                                 TIME   2050


MODEL STATISTICS

BLOCKS OF EQUATIONS         141     SINGLE EQUATIONS       92,894
BLOCKS OF VARIABLES         146     SINGLE VARIABLES       92,894
NON ZERO ELEMENTS       457,665     NON LINEAR N-Z        282,525
CODE LENGTH             810,522     CONSTANT POOL          56,770
SINGLE =E|X= EQUS        92,894     SINGLE UNFIXED VARS    92,894


GENERATION TIME      =        2.343 SECONDS    487 MB  45.7.0 64fbf3ce WEX-WEI
               L O O P S               TIME 2050

GAMS 45.7.0  64fbf3ce Jan 18, 2024          WEX-WEI x86 64bit/MS Windows - 07/25/25 13:04:55 Page 98
GUIDE_GLOBAL_CGE model GTAP11c
Solution Report     SOLVE PEPWT Using CNS From line 5093


               S O L V E      S U M M A R Y

     MODEL   PEPWT               
     TYPE    CNS                 
     SOLVER  CONOPT4             FROM LINE  5093

**** SOLVER STATUS     1 Normal Completion
**** MODEL STATUS      16 Solved

 RESOURCE USAGE, LIMIT          0.593 10000000000.000
 ITERATION COUNT, LIMIT         1    2147483647
 EVALUATION ERRORS              0             0
 
 
    C O N O P T   version 4.31
    Copyright (C) ARKI Consulting and Development A/S
                  Bagsvaerdvej 246 A
                  DK-2880 Bagsvaerd, Denmark
 
 
    The user model has 92894 constraints and 92894 variables
    with 457665 Jacobian elements, 282525 of which are nonlinear.
 
    The pre-triangular part of the model has 8682 constraints and variables.
    The post-triangular part of the model has 1078 constraints and variables.
 
    Preprocessed model has 83134 constraints and 83134 variables
    with 406179 Jacobian elements, 250292 of which are nonlinear.
 
 ** Feasible solution to a square system.
 
 
 CONOPT time Total                            0.617 seconds
   of which: Function evaluations             0.110 = 17.8%
             1st Derivative evaluations       0.047 =  7.6%
 


**** REPORT SUMMARY :        0 INFEASIBLE
                             0  DEPENDENT
                             0     ERRORS
GAMS 45.7.0  64fbf3ce Jan 18, 2024          WEX-WEI x86 64bit/MS Windows - 07/25/25 13:04:55 Page 99
GUIDE_GLOBAL_CGE model GTAP11c
E x e c u t i o n


EXECUTION TIME       =       98.687 SECONDS    684 MB  45.7.0 64fbf3ce WEX-WEI


USER: Medium MUD - 10 User License                   S220825|0002AO-WIN
      Konkuk University, Dept of Technology Fusion Engineering  DC16297
      License for teaching and research at degree granting institutions


**** FILE SUMMARY

Input      C:\Users\kimc0\GUIDE_GLOBAL_CGE\2.RD_CGE\Model_GTAP11c_new.gms
Output     C:\Users\kimc0\GUIDE_GLOBAL_CGE\2.RD_CGE\Output_w-t\log_482.lst
