GAMS 45.7.0  64fbf3ce Jan 18, 2024          WEX-WEI x86 64bit/MS Windows - 04/29/26 18:09:43 Page 1
GUIDE_GLOBAL_CGE model GTAP11c
C o m p i l a t i o n


   2  *==============================================================================
   3  *           GUIDE_GLOBAL_CGE GTAP11c Model Code Manual
   4  *           Version: 1.0
   5  *           Author: Jintae Kim
   6  *           Original Code Authors: Veronique Robichaud, Andre Lemelin,
   7  *           Helene Maisonnave, Bernard Decaluwe (PEP-w-1)
   8  *
   9  *           Except where otherwise noted, this work is licensed under
  10  *           the Creative Commons Attribution-NonCommercial-ShareAlike 3.0
  11  *           (CC BY-NC-SA 3.0) License.
  12  *           https://creativecommons.org/licenses/by-nc-sa/3.0/
  13  *==============================================================================
  14   
  15  *==============================================================================
  16  * Set
  17  *==============================================================================
  18  SET
  19   J               All industries
  20   I               All commodities
  21   I1(I)           All commodities except agriculture (agr)
  22   I2(I)           Backstop technology
  23   BUS(J)          Private industries
  24   PUB(J)          Public industries
  25   F               Production factors
  26  * L(F)           Labor categories
  27   K(F)            Capital categories
  28   Z               Regions
  29   ZR(Z)           Reference country (USA)
  30   Z1(Z)           All regions except reference region
  31   Zrich(Z)        Rich regions
  32   Zother(Z)       Non-rich regions
  33   
  34  *$GDXIN Input_w-t/DATA_AGG-2019_GTAP11c_new.gdx
GDXIN   C:\Users\kimc0\GUIDE_GLOBAL_CGE\2.GUIDE-GLOBAL-CGE_v1\Input_CGE\DATA_AGG-2019_GTAP11c_Regen.gdx
--- LOAD  J = 1:J
--- LOAD  I = 2:I
--- LOAD  BUS = 3:BUS
--- LOAD  PUB = 4:PUB
--- LOAD  F = 5:F
--- LOAD  K = 7:K
--- LOAD  Z = 8:Z
--- LOAD  ZR = 9:ZR
--- LOAD  Z1 = 10:Z1
--- LOAD  Zrich = 11:Zrich
--- LOAD  Zother = 12:Zother
  37   
  38  I1(I) Commodities excluding agriculture and backstop technology
  39  /
  40  * 01_AGRICULT    Agricultural forest and fishery goods
  41   02_COAL        Coal
  42   03_OIL         Crude petroleum
  43   04_GAS         Natural gas Gas distribution
  44   05_MINING      Mined and quarried goods
  45   06_FOODPRO     Food beverages and tobacco products
  46   07_TEXTILES    Textile and leather products
  47   08_WOODPRO     Wood products
  48   09_PAPERPRO    Paper products
  49   10_PETROLCOAL  Petroleum and coal products
  50  * 11_CHEMICAL    Chemical products
  51  * 12_NONMET      Non-metallic mineral products
  52  * 13_IRONSTL     Primary iron and steel products
  53   14_NONFERR     Non-ferrous metal products
  54   15_MACHINE     Fabricated metal products Electronic and electrical equipment Machinery and equipment
  55   16_TRANSEQ     Motor vehicles Other transport equipment
  56   17_OTHERIND    Other manufactured products Water supply
  57   18_ELEC        Electricity
  58   19_CONSTRUC    Construction
  59  * 20_LTRP        Land transport service(road rail)
  60  * 21_WTRP        Water transport service
  61  * 22_ATRP        Air transport service
  62   23_SER         Service
  63  /
  64   
  65  I2(I) Commodities excluding electricity
  66  /
  67   01_AGRICULT    Agricultural forest and fishery goods
  68   02_COAL        Coal
  69   03_OIL         Crude petroleum
  70   04_GAS         Natural gas Gas distribution
  71   05_MINING      Mined and quarried goods
  72   06_FOODPRO     Food beverages and tobacco products
  73   07_TEXTILES    Textile and leather products
  74   08_WOODPRO     Wood products
  75   09_PAPERPRO    Paper products
  76   10_PETROLCOAL  Petroleum and coal products
  77   11_CHEMICAL    Chemical products
  78   12_NONMET      Non-metallic mineral products
  79   13_IRONSTL     Primary iron and steel products
  80   14_NONFERR     Non-ferrous metal products
  81   15_MACHINE     Fabricated metal products Electronic and electrical equipment Machinery and equipment
  82   16_TRANSEQ     Motor vehicles Other transport equipment
  83   17_OTHERIND    Other manufactured products Water supply
  84  * 18_ELEC        Electricity
  85   19_CONSTRUC    Construction
  86   20_LTRP        Land transport service(road rail)
  87   21_WTRP        Water transport service
  88   22_ATRP        Air transport service
  89   23_SER         Service
  90  /
  91   
  92  I3(I) Commodities for backstop technology
  93  /
  94   11_CHEMICAL    Chemical products
  95   12_NONMET      Non-metallic mineral products
  96   13_IRONSTL     Primary iron and steel products
  97   20_LTRP        Land transport service(road rail)
  98   21_WTRP        Water transport service
  99   22_ATRP        Air transport service
 100  /
 101   
 102  ENE(I) Energy commodities full list
 103  /
 104   02_COAL         Coal
 105   03_OIL          Crude petroleum
 106   04_GAS          Natural gas
 107   10_PETROLCOAL   Petroleum and coal products
 108   18_ELEC         Electricity
 109  /
 110   
 111  ENE1(I) Energy commodities exclduing electricity
 112  /
 113   02_COAL         Coal
 114   03_OIL          Crude petroleum
 115   04_GAS          Natural gas
 116   10_PETROLCOAL   Petroleum and coal products
 117  /
 118   
 119  ENE2(I) Energy commodities Only electricity
 120  /
 121   18_ELEC         Electricity
 122  /
 123   
 124  ENE3(ene) Energy commodities exclduing electricity
 125  /
 126   02_COAL         Coal
 127   03_OIL          Crude petroleum
 128   04_GAS          Natural gas
 129   10_PETROLCOAL   Petroleum and coal products
 130  /
 131   
 132  ENE4(ene) Energy commodities exclduing electricity
 133  /
 134  * 02_COAL         Coal
 135  * 03_OIL          Crude petroleum
 136  * 04_GAS          Natural gas
 137  * 10_PETROLCOAL   Petroleum and coal products
 138   18_ELEC         Electricity
 139  /
 140   
 141  ENE5(ene) Energy commodities exclduing electricity
 142  /
 143   02_COAL         Coal
 144   04_GAS          Natural gas
 145  /
 146   
 147  ENE6(ene) Energy commodities exclduing electricity
 148  /
 149   03_OIL          Crude petroleum
 150   10_PETROLCOAL   Petroleum and coal products
 151  /
 152   
 153  ENE7(ene) Energy commodities exclduing electricity
 154  /
 155   02_COAL         Coal
 156   04_GAS          Natural gas
 157  * 10_PETROLCOAL   Petroleum and coal products
 158  /
 159   
 160  NENE(I) Non-energy commodities
 161  /
 162   01_AGRICULT    Agricultural forest and fishery goods
 163   05_MINING      Mined and quarried goods
 164   06_FOODPRO     Food beverages and tobacco products
 165   07_TEXTILES    Textile and leather products
 166   08_WOODPRO     Wood products
 167   09_PAPERPRO    Paper products
 168   11_CHEMICAL    Chemical products
 169   12_NONMET      Non-metallic mineral products
 170   13_IRONSTL     Primary iron and steel products
 171   14_NONFERR     Non-ferrous metal products
 172   15_MACHINE     Fabricated metal products Electronic and electrical equipment Machinery and equipment
 173   16_TRANSEQ     Motor vehicles Other transport equipment
 174   17_OTHERIND    Other manufactured products Water supply
 175   19_CONSTRUC    Construction
 176   20_LTRP        Land transport service(road rail)
 177   21_WTRP        Water transport service
 178   22_ATRP        Air transport service
 179   23_SER         Service
 180  * 02_COAL        Coal
 181  * 03_OIL         Crude petroleum
 182  * 04_GAS         Natural gas Gas distribution
 183  * 10_PETROLCOAL  Petroleum and coal products
 184  * 18_ELEC        Electricity
 185  /
 186   
 187   
 188  J2(J) KLE Sectors
 189  /
 190   01_AGRICULT   Agricultural forest and fishery goods
 191   05_MINING      Mined and quarried goods
 192   06_FOODPRO   Food beverages and tobacco products
 193   07_TEXTILES   Textile and leather products
 194   08_WOODPRO  Wood products
 195   09_PAPERPRO  Paper products
 196   10_PETROLCOAL  Petroleum and coal products
 197   11_CHEMICAL    Chemical products
 198   12_NONMET      Non-metallic mineral products
 199   13_IRONSTL     Primary iron and steel products
 200   14_NONFERR     Non-ferrous metal products
 201   15_MACHINE   Fabricated metal products Electronic and electrical equipment Machinery and equipment
 202   16_TRANSEQ   Motor vehicles Other transport equipment
 203   17_OTHERIND Other manufactured products Water supply
 204   27_CONSTRUC    Construction
 205   28_LTRP          Land transport service(road rail)
 206   29_WTRP        Water transport service
 207   30_ATRP         Air transport service
 208   31_SER           Service
 209  /
 210   
 211  J3(J) Non-KLE Sectors
 212  /
 213   02_COAL        Coal
 214   03_OIL           Crude petroleum
 215   04_GAS          Natural gas Gas distribution
 216   18_TnD          Transmission and Distribution
 217   19_eNuclear    Nuclear generation
 218   20_eCoal        Coal generation
 219   21_eGas         Gas generation
 220   22_eOil          Oil generation
 221   23_eWind       Wind generation
 222   24_eSolar       Solar generation
 223   25_eHydro      Hydro generation
 224   26_eOther      Other generation
 225  /
 226   
      J2(J) KLE Sectors
      /
       01_AGRICULT  Agricultural forest and fishery goods
       02_COAL        Coal
       03_OIL         Crude petroleum
       04_GAS         Natural gas Gas distribution
       05_MINING      Mined and quarried goods
       06_FOODPRO     Food beverages and tobacco products
       07_TEXTILES     Textile and leather products
       08_WOODPRO    Wood products
       09_PAPERPRO    Paper products
       10_PETROLCOAL  Petroleum and coal products
       11_CHEMICAL    Chemical products
       12_NONMET      Non-metallic mineral products
       13_IRONSTL     Primary iron and steel products
       14_NONFERR     Non-ferrous metal products
       15_MACHINE     Fabricated metal products Electronic and electrical equipment Machinery and equipment
       16_TRANSEQ     Motor vehicles Other transport equipment
       17_OTHERIND    Other manufactured products Water supply
       27_CONSTRUC    Construction
       28_LTRP        Land transport service(road rail)
       29_WTRP        Water transport service
       30_ATRP        Air transport service
       31_SER         Service
      /
       
      J3(J) Non-KLE Sectors
      /
       18_TnD         Transmission and Distribution
       19_eNuclear    Nuclear generation
       20_eCoal       Coal generation
       21_eGas        Gas generation
       22_eOil        Oil generation
       23_eWind       Wind generation
       24_eSolar      Solar generation
       25_eHydro      Hydro generation
       26_eOther      Other generation
      /
 267   
 268  J4(J) Industries excluding specified energy-related industries
 269  /
 270   01_AGRICULT    Agricultural forest and fishery goods
 271  * 02_COAL        Coal
 272  * 03_OIL         Crude petroleum
 273  * 04_GAS         Natural gas Gas distribution
 274   05_MINING      Mined and quarried goods
 275   06_FOODPRO     Food beverages and tobacco products
 276   07_TEXTILES    Textile and leather products
 277   08_WOODPRO     Wood products
 278   09_PAPERPRO    Paper products
 279  * 10_PETROLCOAL  Petroleum and coal products
 280   11_CHEMICAL    Chemical products
 281   12_NONMET      Non-metallic mineral products
 282   13_IRONSTL     Primary iron and steel products
 283   14_NONFERR     Non-ferrous metal products
 284   15_MACHINE     Fabricated metal products Electronic and electrical equipment Machinery and equipment
 285   16_TRANSEQ     Motor vehicles Other transport equipment
 286   17_OTHERIND    Other manufactured products Water supply
 287  * 18_TnD         Transmission and Distribution
 288  * 19_eNuclear    Nuclear generation
 289  * 20_eCoal       Coal generation
 290  * 21_eGas        Gas generation
 291  * 22_eOil        Oil generation
 292  * 23_eWind       Wind generation
 293  * 24_eSolar      Solar generation
 294  * 25_eHydro      Hydro generation
 295  * 26_eOther      Other generation
 296   27_CONSTRUC    Construction
 297   28_LTRP        Land transport service(road rail)
 298   29_WTRP        Water transport service
 299   30_ATRP        Air transport service
 300   31_SER         Service
 301  /
 302   
 303  J5(J) Fossil fuel power sector
 304  /
 305   20_eCoal       Coal generation
 306   21_eGas        Gas generation
 307   22_eOil        Oil generation
 308  /
 309   
 310  J6(J) Industries excluding specified energy-related industries
 311  /
 312   01_AGRICULT    Agricultural forest and fishery goods
 313   02_COAL        Coal
 314   03_OIL         Crude petroleum
 315   04_GAS         Natural gas Gas distribution
 316   05_MINING      Mined and quarried goods
 317   06_FOODPRO     Food beverages and tobacco products
 318   07_TEXTILES    Textile and leather products
 319   08_WOODPRO     Wood products
 320   09_PAPERPRO    Paper products
 321   10_PETROLCOAL  Petroleum and coal products
 322   11_CHEMICAL    Chemical products
 323   12_NONMET      Non-metallic mineral products
 324   13_IRONSTL     Primary iron and steel products
 325   14_NONFERR     Non-ferrous metal products
 326   15_MACHINE     Fabricated metal products Electronic and electrical equipment Machinery and equipment
 327   16_TRANSEQ     Motor vehicles Other transport equipment
 328   17_OTHERIND    Other manufactured products Water supply
 329  * 18_TnD         Transmission and Distribution
 330  * 19_eNuclear    Nuclear generation
 331  * 20_eCoal       Coal generation
 332  * 21_eGas        Gas generation
 333  * 22_eOil        Oil generation
 334  * 23_eWind       Wind generation
 335  * 24_eSolar      Solar generation
 336  * 25_eHydro      Hydro generation
 337  * 26_eOther      Other generation
 338   27_CONSTRUC    Construction
 339   28_LTRP        Land transport service(road rail)
 340   29_WTRP        Water transport service
 341   30_ATRP        Air transport service
 342   31_SER         Service
 343  /
 344   
 345  J7(J) Industries MAC
 346  /
 347  * 01_AGRICULT    Agricultural forest and fishery goods
 348  * 02_COAL        Coal
 349  * 03_OIL         Crude petroleum
 350  * 04_GAS         Natural gas Gas distribution
 351  * 05_MINING      Mined and quarried goods
 352   06_FOODPRO     Food beverages and tobacco products
 353   07_TEXTILES    Textile and leather products
 354   08_WOODPRO     Wood products
 355   09_PAPERPRO    Paper products
 356   10_PETROLCOAL  Petroleum and coal products
 357  * 11_CHEMICAL    Chemical products
 358  * 12_NONMET      Non-metallic mineral products
 359  * 13_IRONSTL     Primary iron and steel products
 360  * 14_NONFERR     Non-ferrous metal products
 361   15_MACHINE     Fabricated metal products Electronic and electrical equipment Machinery and equipment
 362   16_TRANSEQ     Motor vehicles Other transport equipment
 363   17_OTHERIND    Other manufactured products Water supply
 364  * 18_TnD         Transmission and Distribution
 365  * 19_eNuclear    Nuclear generation
 366  * 20_eCoal       Coal generation
 367  * 21_eGas        Gas generation
 368  * 22_eOil        Oil generation
 369   23_eWind       Wind generation
 370   24_eSolar      Solar generation
 371   25_eHydro      Hydro generation
 372   26_eOther      Other generation
 373  * 27_CONSTRUC    Construction
 374  * 28_LTRP        Land transport service(road rail)
 375  * 29_WTRP        Water transport service
 376  * 30_ATRP        Air transport service
 377   31_SER         Service
 378  /
 379   
 380  TND(J) Electricity Transmission and Distribution
 381  /
 382   18_TnD         Electricity Transmission and Distribution
 383  /
 384   
 385  IRONSTEEL(J)
 386  /
 387   
 388  /
 389   
 390  POWER(J) Power sectors
 391  /
 392   19_eNuclear    Nuclear generation
 393   20_eCoal       Coal generation
 394   21_eGas        Gas generation
 395   22_eOil        Oil generation
 396   23_eWind       Wind generation
 397   24_eSolar      Solar generation
 398   25_eHydro      Hydro generation
 399   26_eOther      Other generation
 400  /
 401   
 402  Energy(J) Industries
 403  /
 404   02_COAL        Coal
 405   03_OIL         Crude petroleum
 406   04_GAS         Natural gas Gas distribution
 407   05_MINING      Mined and quarried goods
 408   10_PETROLCOAL  Petroleum and coal products
 409   18_TnD         Transmission and Distribution
 410   19_eNuclear    Nuclear generation
 411   20_eCoal       Coal generation
 412   21_eGas        Gas generation
 413   22_eOil        Oil generation
 414   23_eWind       Wind generation
 415   24_eSolar      Solar generation
 416   25_eHydro      Hydro generation
 417   26_eOther      Other generation
 418  /
 419   
 420  IndCon(J) Industries
 421  /
 422   06_FOODPRO     Food beverages and tobacco products
 423   07_TEXTILES    Textile and leather products
 424   08_WOODPRO     Wood products
 425   09_PAPERPRO    Paper products
 426   11_CHEMICAL    Chemical products
 427   12_NONMET      Non-metallic mineral products
 428   13_IRONSTL     Primary iron and steel products
 429   14_NONFERR     Non-ferrous metal products
 430   15_MACHINE     Fabricated metal products Electronic and electrical equipment Machinery and equipment
 431   16_TRANSEQ     Motor vehicles Other transport equipment
 432   17_OTHERIND    Other manufactured products Water supply
 433   27_CONSTRUC    Construction
 434  /
 435   
 436  Roadrail(J) Industries
 437  /
 438   28_LTRP        Land transport service(road rail)
 439  /
 440   
 441  Air(J) Industries
 442  /
 443   30_ATRP        Air transport service
 444  /
 445   
 446  Water(J) Industries
 447  /
 448   29_WTRP        Water transport service
 449  /
 450   
 451  Other(J) Industries
 452  /
 453   01_AGRICULT    Agricultural forest and fishery goods
 454   31_SER         Service
 455  /
 456   
 457  Elec(J) Industries
 458  /
 459   19_eNuclear    Nuclear generation
 460   20_eCoal       Coal generation
 461   21_eGas        Gas generation
 462   22_eOil        Oil generation
 463   23_eWind       Wind generation
 464   24_eSolar      Solar generation
 465   25_eHydro      Hydro generation
 466   26_eOther      Other generation
 467  /
 468   
 469  NEA(Z) NorthEastAisa 6 Countires
 470  /
 471   01_KOR Korea
 472   02_CHN China
 473   03_JPN Japan
 474   04_RUS Russian Federation
 475   05_MNG Mongolia
 476   06_PRK Peoples Republic of Korea
 477  /
 478   
 479  NEA2(Z) Sub NEA KOR-CHN-JPN
 480  /
 481   01_KOR Korea
 482   02_CHN China
 483   03_JPN Japan
 484  /
 485   
 486  NEA3(Z) Sub NEA KOR-CHN-JPN
 487  /
 488   01_KOR Korea
 489   02_CHN China
 490   03_JPN Japan
 491   04_RUS Russian Federation
 492  /
 493   
 494  PERMIT_Z(z)
 495  /
 496  01_KOR Korea
 497  02_CHN China
 498  03_JPN Japan
 499  04_RUS Russian Federation
 500  05_MNG Mongolia
 501  06_PRK Peoples Republic of Korea
 502  07_NAM North America
 503  08_LAM Latin America and the Caribbean
 504  09_WEU Western Europe
 505  10_EEU Central and Eastern Europe
 506  11_FSU Former Soviet Union
 507  12_MEA Middle East and North Africa
 508  13_AFR Sub-Saharan Africa
 509  14_CPA Centrally Planned Asia and China
 510  15_SAS South Asia
 511  16_PAS Other Pacific Asia
 512  17_PAO Pacific OECD
 513   /
 514   
 515  PERMIT2_Z(z)
 516  /
 517  *01_KOR Korea
 518  *02_CHN China
 519  *03_JPN Japan
 520  *04_RUS Russian Federation
 521  *05_MNG Mongolia
 522  * 06_PRK Peoples Republic of Korea
 523   07_NAM North America
 524   08_LAM Latin America and the Caribbean
 525   09_WEU Western Europe
 526   10_EEU Central and Eastern Europe
 527   11_FSU Former Soviet Union
 528   12_MEA Middle East and North Africa
 529   13_AFR Sub-Saharan Africa
 530   14_CPA Centrally Planned Asia and China
 531   15_SAS South Asia
 532   16_PAS Other Pacific Asia
 533   17_PAO Pacific OECD
 534  /
 535   
 536  z_early(z)
 537  /
 538  07_NAM
 539  09_WEU
 540  10_EEU
 541  /
 542   
 543  z_mid(z)
 544  /
 545  01_KOR
 546  03_JPN
 547  17_PAO
 548  /
 549   
 550  z_late_emerge(z)
 551  /
 552  02_CHN
 553  04_RUS
 554  08_LAM
 555  12_MEA
 556  15_SAS
 557  16_PAS
 558  /
 559   
 560  z_late_dev(z)
 561  /
 562  05_MNG
 563  11_FSU
 564  13_AFR
 565  14_CPA
 566  /
 567   
 568  z_latest(z)
 569  /
 570  06_PRK
 571  /
 572   
 573  COMtoCOM(i3,i2)
 574  /
 575   11_CHEMICAL.    (11_CHEMICAL)
 576   12_NONMET.      (12_NONMET)
 577   13_IRONSTL.     (13_IRONSTL)
 578   20_LTRP.        (20_LTRP)
 579   21_WTRP.        (21_WTRP )
 580   22_ATRP.        (22_ATRP )
 581  /
 582   
 583  COMtoIND(j,i3)
 584  /
 585   11_CHEMICAL.    (11_CHEMICAL)
 586   12_NONMET.      (12_NONMET)
 587   13_IRONSTL.     (13_IRONSTL)
 588   28_LTRP.        (20_LTRP)
 589   29_WTRP.        (21_WTRP )
 590   30_ATRP.        (22_ATRP )
 591  /
 592   
 593  INDtoCOM(i3,j)
 594  /
 595   11_CHEMICAL.    (11_CHEMICAL)
 596   12_NONMET.      (12_NONMET)
 597   13_IRONSTL.     (13_IRONSTL)
 598   20_LTRP.        (28_LTRP )
 599   21_WTRP.        (29_WTRP )
 600   22_ATRP.        (30_ATRP )
 601  /
 602   
 603  TIME Time periods
 604  /
 605  *2019
 606  *2019*2020
 607  *2019*2028
 608  *2019*2034
 609  *2019*2035
 610  *2019*2036
 611  *2019*2041
 612  *2019*2042
 613  *2019*2045
 614  *2019*2047
 615  2019*2050
 616  /
 617   
 618  T(time)
 619  T1(time)         First period;
 620  T1(time)         = yes$[ord(time) eq 1];
 621   
 622  Parameter EndTime /2050/;
 623   
 624  Alias (j,jj)
 625  Alias (j2,jj2)
 626  Alias (i,ii,ij)
 627  Alias (k,kj)
 628  Alias (z,zj,zjj)
 629  Alias (power, powerr)
 630  Alias (ENE,ENEE)
 631  Alias (TIME, TIMEE)
 632  Alias (Elec, Elecc)
 633  Alias (ene1, enee1)
 634  Alias (ene3, enee3)
 635  Alias (ene4, enee4)
 636  Alias (ene5, enee5)
 637  Alias (ene6, enee6)
 638  Alias (ene7, enee7)
 639  ;
 640   
 641  *==============================================================================
 642  * Parameters
 643  *==============================================================================
 644  PARAMETER
 645   A_K(z)                       Scale parameter (investment function)
 646   aij(i,j,z)                      Input output coefficient
 647   aij2(i,j,z)                    Input output coefficient (intermediate energy)
 648   aij2_t(i,j,z,time)          Input output coefficient (intermediate energy)
 649   B_KD(j,z)                    Scale parameter (CES - composite capital)
 650   B_LD(j,z)                    Scale parameter (CES - composite labor)
 651   B_M1(i,z)                    Scale parameter (CES - composite commodity)
 652   B_M2(i,z)                    Scale parameter (CES - composite import)
 653   B_VA(j,z)                    Scale parameter (CES - value added)
 654   B_VA_t(j,z,time)             Scale parameter (CES - value added)
 655   B_KLE(j,z)                   Scale parameter (CES - composite KLE)
 656  * B_ENER(j,z)                 Scale parameter (CES - composite ENER)
 657  * B_ENER3(j,z)                Scale parameter (CES - composite ENER)
 658   B_ENER_t(j,z,time)           Scale parameter (CES - composite ENER)
 659   B_ENER_elec(j,z)             Scale parameter (CES - composite ENER)
 660   B_ENER_nelec(j,z)           Scale parameter (CES - composite ENER)
 661   B_ENER_coalgas(j,z)          Scale parameter (CES - composite ENER)
 662   B_ENER_oilprod(j,z)          Scale parameter (CES - composite ENER)
 663   B_X1(i,z)                    Scale parameter (CET - total output)
 664   B_X2(i,z)                    Scale parameter (CET - composite export)
 665   B_X3(i,z)                    Scale parameter (CES - top level)
 666   B_X4(z)                      Scale parameter (CES - Aggregated Electricity)
 667   beta_D_X1(i,z)               Share parameter (CET - total output - local sales)
 668   beta_EX_X1(i,z)              Share parameter (CET - total output - export)
 669   beta_X2(i,z,zj)              Share parameter (CET - composite export)
 670   beta_X3(j,i,z)               Share parameter (CES - top level)
 671   beta_X4(power, z)            Share parameter (CES - Aggregated Electricity)
 672   beta_KD(k,j,z)               Share parameter (CES - composite capital)
 673  * beta_LD(l,j,z)              Share parameter (CES - composite labor)
 674   beta_M1(i,z)                 Share parameter (CES - composite commodity)
 675   beta_M2(i,zj,z)              Share parameter (CES - composite import)
 676   beta_VA(j,z)                 Share parameter (CES - value added)
 677   beta_KLE(j,z)                Share parameter (CES - KLE composite)
 678   beta_KLE2(j,z)               Share parameter (CES - KLE composite)
 679   beta_KLE2_t(j,z,time)        Share parameter (CES - KLE composite)
 680  * beta_ENER(ene,j,z)          Share parameter (CES - ENER composite)
 681  * beta_ENER3(ene3,j,z)        Share parameter (CES - ENER composite)
 682   beta_ENER_elec(j,z)          Share parameter (CES - ENER composite)
 683   beta_ENER_nelec(j,z)        Share parameter (CES - ENER composite)
 684   beta_ENER_coalgas(ene5,j,z)  Share parameter (CES - ENER composite)
 685   beta_ENER_oilprod(ene6,j,z)  Share parameter (CES - ENER composite)
 686   delta(z)                     Depreciation rate of capital in country z
 687   eta                          Price elasticity of indexed transfers and parameters
 688   frisch(z)                    Frisch parameter (LES function)
 689   gamma_GVT(i,z)               Share of commodity i in total current public expenditures on goods and services
 690   gamma_INV(i,z)               Share of commodity i in total investment expenditures
 691   gamma_LES(i,z)               Marginal share of commodity i in household consumption budget
 692   io(j,z)                      Coefficient (Leontief - intermediate consumption)
 693   io2(j,z)                     Coefficient (Leontief - intermediate energy consumption)
 694   v(j,z)                       value added Coefficient (Leontief)
 695   v2(j,z)                      KLE Share parameter (Leontief)
 696   kmob                         Flag parameter (1 if capital is mobile)
 697   RES                          Rescaling factor
 698   rho_KD(j,z)                  Elasticity paameter (CES - composite capital)
 699   rho_LD(j,z)                  Elasticity parameter (CES - composite labor)
 700   rho_M1(i,z)                  Elasticity parameter (CES - composite commodity)
 701   rho_M2(i,z)                  Elasticity parameter (CES - composite import)
 702   rho_VA(j,z)                  Elasticity parameter (CES - value added)
 703   rho_KLE(j,z)                 Elasticity parameter (CES - KLE)
 704  * rho_ENER(j,z)               Elasticity parameter (CES - ENER)
 705  * rho_ENER3(j,z)              Elasticity parameter (CES - ENER)
 706   rho_ENER_elec(j,z)           Elasticity parameter (CES - ENER)
 707   rho_ENER_nelec(j,z)         Elasticity parameter (CES - ENER)
 708   rho_ENER_coalgas(j,z)        Elasticity parameter (CES - ENER)
 709   rho_ENER_oilprod(j,z)        Elasticity parameter (CES - ENER)
 710   rho_X1(i,z)                  Elasticity parameter (CET - composite export)
 711   rho_X2(i,z)                  Elasticity parameter (CET - composite export)
 712   rho_X3(i,z)                  Elasticity parameter (CES - top level)
 713   rho_X4(z)                    Elasticity parameter (CES - Aggregated Electricity)
 714   sigma_INV(k,j,z)             Elasticity (investment demand)
 715   sigma_KD(j,z)                Elasticity (CES - composite capital)
 716   sigma_LD(j,z)                Elasticity (CES - composite labor)
 717   sigma_M1(i,z)                Elasticity (CES - composite commodity)
 718   sigma_M2(i,z)                Elasticity (CES - composite import)
 719   sigma_VA(j,z)                Elasticity (CES - value added)
 720   sigma_KLE(j,z)               Elasticity (CES - kle)
 721  * sigma_ENER(j,z)             Elasticity (CES - within energy)
 722  * sigma_ENER3(j,z)            Elasticity (CES - within energy)
 723   sigma_ENER_elec(j,z)         Elasticity (CES - within energy)
 724   sigma_ENER_nelec(j,z)       Elasticity (CES - within energy)
 725   sigma_ENER_coalgas(j,z)      Elasticity (CES - within energy)
 726   sigma_ENER_oilprod(j,z)      Elasticity (CES - within energy)
 727   sigma_X0(j,z)                Elasticity (CET - exports and local sales)
 728   sigma_X1(i,z)                Elasticity (CET - total output)
 729   sigma_X2(i,z)                Elasticity (CET - composite export)
 730   sigma_X3(i,z)                Elasticity (CES - top level)
 731   sigma_X4(z)                  Elasticity (CES - Aggregated Electricity)
 732   sigma_Y(i,z)                 Income elasticity of consumption
 733   elasLS(z)                    Elasticity of labor supply
 734   tmrg(i,ij,zj,z)              Rate of margin i applied to commodity ij imported from country zj
 735   TnDShare(z)                  T&D share of Aggregated electricity
 736   PowerShare(z)                Power Industries share of Aggregated electricity
 737   theta2(j,i,z)                Export share of composite activity
 738   TOT_POP(z,time)              Total population
 739   g_GDP(z,time)                GDP past and projected growth rate
 740   g_LS(z,time)                 Active population past and projected growth rate
 741   g_POP(z,time)                Population past and projected growth rate
 742   g_SDR(z,time)                Growth rate of domestic savings rate
 743   gamma_GVT(i,z)               Share of commodity i in total current public expenditures on goods and services
 744   gamma_INV(i,z)               Share of commodity i in total investment expenditures
 745   gamma_LES(i,z)               Marginal share of commodity i in household consumption budget
 746   exogro(z,time)               Exogenous growth factor for exogenously growing variables except labor
 747   growthz(z)                   Steady state grwoth
 748   AEEI(z,time)                 Autonomous energy efficiency improvement (Reference)
 749   AEEI_low(z,time)             Autonomous energy efficiency improvement (Low)
 750   AEEI_medium(z,time)          Autonomous energy efficiency improvement (Medium)
 751   AEEI_high(z,time)            Autonomous energy efficiency improvement (High)
 752   PERMIT_NDC_old(z,time)       PERMIT
 753   PERMIT_NZ(z,time)            PERMIT
 754   EMPLOY(j,z)                  Employment by sector 2019 (thousand)
 755   switch(i3,z,time)            binary variable - equals zero if no use of backstop technologies
 756   penetration_rate(i3,z,time)  penetration_rate
 757   Cap_Share(j,z)               Capital Cost Share
 758   Lab_Share(j,z)               Labor Cost Share
 759   recycle_gov(z,time)          binary variable - equals zero if no use of CTAX Rebate
 760   recycle_hou(z,time)          binary variable - equals zero if no use of CTAX Rebate
 761   recycle_labor(z,time)        binary variable - equals zero if no use of CTAX Rebate
 762   recycle_capital(z,time)      binary variable - equals zero if no use of CTAX Rebate
 763   recycle_ptax(z,time)         binary variable - equals zero if no use of CTAX Rebate
 764  *==============================================================================
 765  *  Volume
 766  *==============================================================================
 767   CABXO(z)        Current account balance of region z in terms of the international currency (pseudo-volume variable)
 768   CO(i,z)         Consumption of commodity i by households in region z
 769   CGO(i,z)        Public consumption of commodity i in region z
 770   CIO(j,z)        Total intermediate consumption of industry j in region z
 771   CEO(j,z)        Total energy intermediate consumption of industry j in region z
 772   CEelecO(j,z)    Total energy intermediate consumption of industry j in region z
 773   CEnelecO(j,z)   Total energy intermediate consumption of industry j in region z
 774   CMINO(i,z)      Minimum consumption of commodity i by households in region z
 775   CTH_REALO(z)    Real household consumption in region z
 776   DDO(i,z)        Domestic demand for commodity i produced locally in region z
 777   DIO(i,j,z)      Intermediate consumption of commodity i by industry j in region z
 778   DEO(ene,j,z)    Intermediate energy consumption of commodity i by industry j in region z
 779   DEelecO(j,z)    Intermediate energy consumption of commodity i by industry j in region z
 780   DEnelecO(j,z)   Intermediate energy consumption of commodity i by industry j in region z
 781   DEcoalgasO(j,z) Intermediate energy consumption of commodity i by industry j in region z
 782   DEcoalO(j,z)    Intermediate energy consumption of commodity i by industry j in region z
 783   DEgasO(j,z)     Intermediate energy consumption of commodity i by industry j in region z
 784   DEoilpetrolO(j,z) Intermediate energy consumption of commodity i by industry j in region z
 785   DEoilO(j,z)     Intermediate energy consumption of commodity i by industry j in region z
 786   DEpetrolO(j,z)  Intermediate energy consumption of commodity i by industry j in region z
 787   DITO(i,z)       Total intermediate demand of commodity i in region z
 788   DSO(j,i,z)      Supply of commodity i by sector j to the domestic market
 789   DSO_I(i,z)      Supply of commodity i to the domestic market of region z
 790   DSO_J(j,z)      Supply of activity j to the domestic market of region z
 791   EXO(i,z,zj)     Quantity of product i exported by country z to country zj
 792   EXTO(i,z)       Supply of composite commodity i by region z to the export market
 793   EXTTO(j,i,z)    Supply of activity j to the export market i of region z
 794   G_REALO(z)      Current real government expenditures on goods and services in region z
 795   GDP_BP_REALO(z) Real GDP at basic prices
 796   GDP_MP_REALO(z) Real GDP at market prices
 797   GDP_BP_W_REALO  Real GDP at basic prices
 798   IMO(i,zj,z)     Quantity of product i imported by country z from country zj
 799   IMTO(i,z)       Quantity demanded of composite imports of commodity i by region z
 800   INDO(k,j,z)     Volume of new type k capital investment to industry j in region z
 801   INVO(i,z)       Final demand of commodity i for investment purposes (GFCF) in region z
 802   IT_REALO(z)     Real gross fixed capital formation
 803   KDO(k,j,z)      Demand for type k capital by industry j in region z
 804   KDCO(j,z)       Demand for composite capital by industry j in region z
 805   KSO(k,z)        Supply of type k capital in region z
 806   KSTO(z)         Total supply of capital in region z
 807   LDO(j,z)        Demand for type l labor by industry j in region z
 808   LDCO(j,z)       Demand for composite labor by industry j in region z
 809   LSO(z)          Supply of type l labor in region z
 810   LSTO(z)         Supply of type l labor in region z (Trend)
 811   LSO_lag(z)      Supply of type l labor in region z (T-1)
 812   LSTO_lag(z)     Supply of type l labor in region z (Trend T-1)
 813   MRGNO(i,z)      Domestic production of commodity i in region z exported as international margin services
 814   POPO(z)         Population in 2019
 815   QO(i,z)         Quantity demanded of composite commodity i in region z
 816   VAO(j,z)        Value added of industry j in region z
 817   KLEO(j,z)       KLE of industry j in region z
 818   XSO_I(i,z)      Commoidty i total production
 819   XSO(j,i,z)      Total output of industry j in region z
 820   XSTO(j,z)       Total output of industry j
 821   POWERQO(z)      Total power output in region z
 822   Share_Elec(j2,z)
 823   Share_nElec(ene3,j2,z)
 824   Share_coalgas2(j2,z)
 825   Share_oilpetrol2(j2,z)
 826   Share_coalgas(ene5,j2,z)
 827   Share_oilpetrol(ene6,j2,z)
 828  *==============================================================================
 829  *   Price
 830  *==============================================================================
 831   eO(z)                Exchange rate (price of international currency in terms of region z local currency)
 832   IRO(z)               Interest rate
 833   PO(i,z)              Basic price of commodity i in region z
 834   PO2(j,i,z)           Basic price of industry js production of commodity i
 835   PO3(i,j,z)           Basic price of power industry js production of commodity i
 836   PO4(i,j,z)           Basic energy commodity price of industry js production of commodity i
 837   PPOWERO(z)           Basic price of composite power commodity in region z
 838   PIO(i,z)             Basic price of composite activity commodity in region z
 839   PTO(j,z)             Basic price of industry js output
 840   PCO(i,z)             Purchaser price of composite commodity i (including all taxes and margins) in region z
 841   PCIO(j,z)            Intermediate consumption price index of industry j in region z
 842   PCEO(j,z)            Intermediate energy consumption price index of industry j in region z
 843   PCEelecO(j,z)        Intermediate energy consumption price index of industry j in region z
 844   PCEnelecO(j,z)       Intermediate energy consumption price index of industry j in region z
 845   PCEcoalgasO(j,z)     Intermediate energy consumption price index of industry j in region z
 846   PCEcoalO(j,z)        Intermediate energy consumption price index of industry j in region z
 847   PCEgasO(j,z)         Intermediate energy consumption price index of industry j in region z
 848   PCEoilpetrolO(j,z)   Intermediate energy consumption price index of industry j in region z
 849   PCEoilO(j,z)         Intermediate energy consumption price index of industry j in region z
 850   PCEpetrolO(j,z)      Intermediate energy consumption price index of industry j in region z
 851   PDO(i,z)             Price of local product i sold on region z domestic market (including all taxes)
 852   PEO(i,z,zj)          Price received for commodity i exported to region zj by region z (excluding export taxes)
 853   PETO(i,z)            Border price of composite commodity i exported by region z
 854   PIXCONO(z)           Consumer price index in region z
 855   PIXCONO_lag(z)       Consumer price index in region z
 856   PIXGDPO(z)           GDP deflator in region z
 857   PIXGDP_WO            World GDP deflator
 858   PIXGVTO(z)           Public expenditures price index in region z
 859   PIXINVO(z)           Investment price index in region z
 860   PKO(z)               Price of new capital in region z
 861   PLO(i,z)             Price of local product i (excluding all taxes on products) in region z
 862   PMO(i,zj,z)          Price of commodity i imported by region z from region zj (including all taxes duties and margins)
 863   PMTO(i,z)            Price of composite commodity i imported by region z (including all taxes duties and margins)
 864   PPO(j,z)             Unit cost of industry j in region z including taxes directly related to the use of capital and labor but excluding other taxes on production
 865   PVAO(j,Z)            Price of industry j value added in region z (including taxes on production directly related to the use of capital and labor)
 866   PKLEO(j,z)           Price of industry j KLE in region z
 867   PWMO(i,zj,z)         World price of commodity i imported from country zj by region z (expressed in international currency)
 868   PWMGO(i)             World price of margin i (expressed in international currency)
 869   PWXO(i,z,zj)         World price of commodity i exported to country zj by region z (expressed in international currency)
 870   RO(k,j,z)            Rental rate of type k capital in industry j of region z
 871   RCO(j,z)             Rental rate of industry j composite capital in region z
 872   RKO(k,z)             Rental rate of type k capital in region z
 873   RTIO(k,j,z)          Rental rate paid by industry j for type k capital in region z including capital taxes
 874   UO(z)                User cost of capital in region z
 875   WO(z)                Wage rate of type l labor in region z
 876   WO_lag(z)            Wage rate of type l labor in region z
 877   WCO(j,z)             Wage rate of industry j composite labor in region z
 878   WTIO(j,z)            Wage rate paid z by industry j for type l labor in region including payroll taxes
 879   
 880  *==============================================================================
 881  *   Nominal (value)
 882  *==============================================================================
 883   CABO(z)         Current account balance of region z
 884   CTHO(z)         Consumption budget of households in region z
 885   DEPO(z)         Amount of depreciation (capital consumption allowance) in region z
 886   GO(z)           Current government expenditures on goods and services in region z
 887   GDP_BPO(z)      Region z GDP at basic prices
 888   GDP_BP_WO       World GDP at basic prices
 889   GDP_FDO(z)      Region z GDP at purchasers prices from the perspective of final demand
 890   GDP_IBO(z)      Region z GDP at market prices (income-based)
 891   GDP_MPO(z)      Region z GDP at market prices
 892   ITO(z)          Total investment expenditures in region z
 893   RKDO(k,j,z)     Type k capital income in industry j in region z
 894   SGO(z)          Government savings in region z
 895   SHO(z)          Household savings in region z
 896   SROWO(z)        Rest-of-the-world savings with respect to region z
 897   TDHO(z)         Household income taxes in region z
 898   TICO(i,z)       Government revenue from indirect taxes on commodity i in region z
 899   TICTO(z)        Total government receipts of indirect taxes on commodities in region z
 900   TIKO(k,j,z)     Government revenue from taxes on type k capital used by industry j in region z
 901   TIKTO(z)        Total government revenue from from taxes on capital in region z
 902   TIMO(i,zj,z)    Government revenue from duties on commodity i imported from region zj by region z
 903   TIMTO(z)        Total government revenue from import duties in region z
 904   TIPO(j,z)       Government revenue from taxes on industry j production in region z (excluding taxes directly related to the use of capital and labor)
 905   TIPTO(z)        Total government revenue from production taxes in region z (excluding taxes directly related to the use of capital and labor)
 906   TIWO(j,z)       Government revenue from payroll taxes on type l labor in industry j of region z
 907   TIWTO(z)        Total government revenue from payroll taxes in region z
 908   TIXO(i,z,zj)    Government revenue from export taxes on commodity i exported by region z to region zj
 909   TIXTO(z)        Total government revenue from export taxes in region z
 910   TPRCTSO(z)      Total government revenue from taxes on products and imports in region z
 911   TPRODNO(z)      Total government revenue from other taxes on production in region z
 912   YDHO(z)         Household disposable income in region z
 913   YGO(z)          Total government income in region z
 914   YHO(z)          Household total income in region z
 915   YHKO(z)         Household capital income in region z
 916   YHLO(z)         Household labor income in region z
 917   YROWO(z)        Rest-of-the-world total income from region z
 918   TIWO_Share(j,z)     Government revenue from payroll taxes on type l labor in industry j of region z
 919   TIKO_Share(k,j,z)     Government revenue from taxes on type k capital used by industry j in region z
 920   TIPO_Share(j,z)
 921  *==============================================================================
 922  *   Rates and intercepts
 923  *==============================================================================
 924   phiO(z)         Scale variable (allocation of investment to industries)
 925   sh0O(z)         Intercept (household savings)
 926   sh1O(z)         Slope (household savings)
 927   ttdh0O(z)       Intercept (household income tax)
 928   ttdh1O(z)       Slope (household income tax)
 929   tticO(i,z)      Tax rate on commodity i
 930   ttikO(k,j,z)    Tax rate on capital k used in industry j
 931   ttimO(i,zj,z)   Rate of taxes and duties on imports of commodity i from country zj
 932   ttipO(j,z)      Tax rate on the production of industry j
 933   ttiwO(j,z)    Tax rate on type l worker compensation in industry j
 934   ttixO(i,z,zj)   Export tax rate on exported commodity x
 935  ;
 936   
--- LOAD  CO = 13:CO
--- LOAD  CGO = 14:CGO
--- LOAD  DDO = 15:DDO
--- LOAD  DEPO = 16:DEPO
--- LOAD  DIO = 17:DIO
--- LOAD  DSO = 18:DSO
--- LOAD  DSO_I = 19:DSO_I
--- LOAD  EXO = 20:EXO
--- LOAD  IMO = 21:IMO
--- LOAD  INVO = 22:INVO
--- LOAD  KSTO = 23:KSTO
--- LOAD  LDO = 24:LDO
--- LOAD  MRGNO = 25:MRGNO
--- LOAD  XSO = 39:XSO
--- LOAD  XSO_I = 40:XSO_I
--- LOAD  XSTO = 41:XSTO
--- LOAD  TOT_POP = 58:TOT_POP
--- LOAD  g_GDP = 59:g_GDP
--- LOAD  g_POP = 60:g_POP
--- LOAD  g_SDR = 61:g_SDR
--- LOAD  EMPLOY = 55:EMPLOY
--- LOAD  AEEI_low = 62:AEEI_low
--- LOAD  AEEI_medium = 63:AEEI_medium
--- LOAD  AEEI_high = 64:AEEI_high
--- LOAD  PERMIT_NDC_old = 65:PERMIT_NDC_old
--- LOAD  PERMIT_NZ = 66:PERMIT_NZ
--- LOAD  Cap_Share = 56:Cap_Share
--- LOAD  Lab_Share = 57:Lab_Share
--- LOAD  RKDO = 27:RKDO
--- LOAD  TDHO = 28:TDHO
--- LOAD  TICO = 30:TICO
--- LOAD  TIKO = 31:TIKO
--- LOAD  TIMO = 32:TIMO
--- LOAD  TIPO = 33:TIPO
--- LOAD  TIWO = 34:TIWO
--- LOAD  TIXO = 35:TIXO
--- LOAD  tmrg = 38:tmrg
--- LOAD  sigma_M1 = 44:sigma_M1
--- LOAD  sigma_M2 = 45:sigma_M2
--- LOAD  sigma_VA = 46:sigma_VA
--- LOAD  sigma_KLE = 47:sigma_KLE
--- LOAD  POPO = 26:POPO
 942   
 943  * Other exogenous parameters can be defined if the Excel file VAL_PAR.XLS
 944  PARAMETER PARZ;
 945   
GDXIN   C:\Users\kimc0\GUIDE_GLOBAL_CGE\2.GUIDE-GLOBAL-CGE_v1\Input_CGE\PAR.gdx
--- LOAD  sigma_KD = 1:sigma_KD
--- LOAD  sigma_LD = 2:sigma_LD
--- LOAD  sigma_X1 = 4:sigma_X1
--- LOAD  sigma_X2 = 5:sigma_X2
--- LOAD  sigma_X3 = 6:sigma_X3
--- LOAD  sigma_X0 = 7:sigma_X0
--- LOAD  sigma_Y = 8:sigma_y
--- LOAD  sigma_INV = 10:sigma_inv
--- LOAD  PARZ = 9:PARZ
 949   
 950  *===============================================================================
 951  * CES - composite capital
 952    sigma_KD(j,z)   = 2*sigma_VA(j,z);
 953  * sigma_KD(j,z)                  = 0.5;
 954  * sigma_KD('02_COAL',z)     = 0.2;
 955  * sigma_KD('03_OIL',z)        = 0.2;
 956  * sigma_KD('04_GAS',z)       = 0.2;
 957  * sigma_KD('05_MINING',z)  = 0.2;
 958   
 959  * CES - composite labor
 960   sigma_LD(j,z)   = 2*sigma_VA(j,z);
 961   
 962  * sigma_KLE(j,z) =0.5* sigma_KLE(j,z);
 963  *sigma_KLE(j,z)$(sigma_KLE(j,z) >= 0.5) = 0.8*sigma_KLE(j,z);
 964   
 965  * CES - composite K-L
 966  * sigma_VA('10_PETROLCOAL',z)  = 1.26;
 967   sigma_VA('18_TnD',z)         = 0.2;
 968   sigma_VA('19_eNuclear',z)   = 0.2;
 969   sigma_VA('20_eCoal',z)       = 0.2;
 970   sigma_VA('21_eGas',z)        = 0.2;
 971   sigma_VA('22_eOil',z)         = 0.2;
 972   sigma_VA('23_eWind',z)      = 0.2;
 973   sigma_VA('24_eSolar',z)      = 0.2;
 974   sigma_VA('25_eHydro',z)     = 0.2;
 975   sigma_VA('26_eOther',z)     = 0.2;
 976   
 977  * CES - composite ENER
 978  * sigma_ENER(j,z)              = 1.1 ;
 979  * sigma_ENER3(j2,z)           = 1.1 ;
 980   
 981   sigma_ENER_elec(j2,z)        = 2.0 ;
 982   sigma_ENER_nelec(j2,z)      = 2.0 ;
 983   sigma_ENER_coalgas(j2,z)   = 1.5 ;
 984   sigma_ENER_oilprod(j2,z)    = 0.5 ;
 985   
 986  *sigma_Y('18_ELEC',z) = 0.1*sigma_Y('18_ELEC',z);
 987   
 988  * CES - DOM vs.IMP
 989   sigma_M1('03_OIL','06_PRK') = 0.5;
 990   sigma_M1('04_GAS',Z) = 6;
 991   
 992  * CES - IMP sourcing
 993   sigma_M2('03_OIL',Z) = 2;
 994   sigma_M2('04_GAS',Z) = 2;
 995   
 996   sigma_X0(j,z)  = 1.5;
 997  * CET - total output
 998   sigma_X2(i,Z)  = 2;
 999   
1000  * CES - composite Power sector
1001  * sigma_X4(z)    = 4;
1002   sigma_X4(z)    = 2;
1003   
1004  * Investment demand elasticity
1005   sigma_INV(k,j,z) = 2;
1006  * sigma_INV(k,j,z) = 1.5;
1007   
1008  * LES parameters - Frisch all (1.1)
1009   frisch(z)  = PARZ(z,'frisch');
1010   
1011  * Labour supply
1012   elasLS(z) = 0.5 ;
1013   
1014   growthz(z)     = 0.02 ;
1015   
1016   
1017  *==============================================================================
1018  * Calibration of Own-price elasticities for KOR
1019  *==============================================================================
1020  *$ontext
1021  *Elec
1022   sigma_KLE('01_AGRICULT','01_KOR')        = 0.5 ;
1023   sigma_KLE('05_MINING  ','01_KOR')        = 0.5 ;
1024   sigma_KLE('06_FOODPRO ','01_KOR')        = 0.5 ;
1025   sigma_KLE('07_TEXTILES','01_KOR')        = 0.5 ;
1026   sigma_KLE('08_WOODPRO','01_KOR')        = 0.5 ;
1027   sigma_KLE('09_PAPERPRO','01_KOR')        = 0.5 ;
1028   sigma_KLE('11_CHEMICAL','01_KOR')        = 0.5 ;
1029   sigma_KLE('12_NONMET','01_KOR')         = 0.5 ;
1030   sigma_KLE('13_IRONSTL','01_KOR')         = 0.5 ;
1031   sigma_KLE('14_NONFERR','01_KOR')         = 0.5 ;
1032   sigma_KLE('15_MACHINE','01_KOR')         = 0.5 ;
1033   sigma_KLE('16_TRANSEQ','01_KOR')         = 0.5 ;
1034   sigma_KLE('17_OTHERIND','01_KOR')        = 0.5 ;
1035   sigma_KLE('31_SER ','01_KOR')                 = 0.5 ;
1036   
1037   sigma_ENER_elec(j,'01_KOR') = 0.1 ;
1038   
1039   sigma_Y('18_ELEC','01_KOR') = 0.1* sigma_Y('18_ELEC','01_KOR');
1040   
1041   
1042  *Coal
1043   sigma_KLE('20_eCoal','01_KOR')                 = 1.2;
1044   sigma_ENER_elec('20_eCoal','01_KOR')       = 0.4;
1045   sigma_ENER_nelec('20_eCoal','01_KOR')      = 0.4 ;
1046   sigma_ENER_coalgas('20_eCoal','01_KOR')  = 0.4;
1047   sigma_ENER_oilprod('20_eCoal','01_KOR')   = 0.4 ;
1048   
1049  *Gas
1050   sigma_ENER_coalgas(j,'01_KOR')  = 0.2;
1051   sigma_ENER_nelec(j,'01_KOR') = 0.5 ;
1052   
1053   sigma_Y('04_GAS','01_KOR') = 0.1* sigma_Y('04_GAS','01_KOR');
1054   
1055  *PetrolCoal
1056   sigma_KLE('10_PETROLCOAL','01_KOR')     = 0.5 ;
1057   sigma_KLE('11_CHEMICAL','01_KOR')         = 0.5 ;
1058   sigma_KLE('22_eOil','01_KOR')         = 0.5 ;
1059   sigma_KLE('28_LTRP','01_KOR')                 = 0.5 ;
1060   
1061   sigma_ENER_nelec(j,'01_KOR') = 0.5 ;
1062   sigma_ENER_oilprod(j,'01_KOR')   = 0.1 ;
1063   
1064   sigma_Y('10_PETROLCOAL','01_KOR') = 0.1* sigma_Y('10_PETROLCOAL','01_KOR');
1065  *$offtext
1066  *==============================================================================
1067  *   Rescaling
1068  *==============================================================================
1069  * GTAP data are in millions of US dollars With RES = 10000, model results are in tens of billions (10G$)
1070  RES              = 10000;
1071  CO(i,z)          = CO(i,z)/RES;
1072  CGO(i,z)         = CGO(i,z)/RES;
1073  DDO(i,z)         = DDO(i,z)/RES;
1074  DEPO(z)          = DEPO(z)/RES;
1075  DIO(i,j,z)       = DIO(i,j,z)/RES;
1076  DSO(j,i,z)       = DSO(j,i,z)/RES;
1077  DSO_I(i,z)       = DSO_I(i,z)/RES;
1078  EXO(i,z,zj)      = EXO(i,z,zj)/RES;
1079  IMO(i,z,zj)      = IMO(i,z,zj)/RES;
1080  INVO(i,z)        = INVO(i,z)/RES;
1081  KSTO(z)          = KSTO(z)/RES;
1082  LDO(j,z)         = LDO(j,z)/RES;
1083  MRGNO(i,z)       = MRGNO(i,z)/RES;
1084  RKDO(k,j,z)      = RKDO(k,j,z)/RES;
1085  TDHO(z)          = TDHO(z)/RES;
1086  TICO(i,z)        = TICO(i,z)/RES;
1087  TIKO(k,j,z)      = TIKO(k,j,z)/RES;
1088  TIMO(i,z,zj)     = TIMO(i,z,zj)/RES;
1089  TIPO(j,z)        = TIPO(j,z)/RES;
1090  TIWO(j,z)        = TIWO(j,z)/RES;
1091  TIXO(i,z,zj)     = TIXO(i,z,zj)/RES;
1092  tmrg(i,ij,z,zj)  = tmrg(i,ij,z,zj)/RES;
1093  XSO_I(i,z)       = XSO_I(i,z)/RES;
1094  XSO(j,i,z)       = XSO(j,i,z)/RES;
1095  XSTO(j,z)        = XSTO(j,z)/RES;
1096   
1097  *==============================================================================
1098  *  3.3 Exogenous prices and parameters
1099  *==============================================================================
1100  *  Price elasticity (should be equal to one to verify homogeneity)
1101  eta = 1;
1102   
1103  *------------------------------------------------------------------------------
1104  *  Slopes of taxation functions
1105  *   One can either choose to assign a value to the intercepts and calibrate
1106  *   the slopes accordingly, or the other way around. This type of modelling
1107  *   can be useful to take into account known marginal savings or taxation rates
1108  *   or to deal with negative average saving rates in cases where savings are
1109  *   negative for some household groups.
1110  *   When no further information is available, one can simply set the intercepts
1111  *   to zero and calibrate an average rate: this is what we do here for ttdh0O.
1112  *   If the user wishes to assume otherwise, he can fill the appropriate area in
1113  *   the Excel file VAL_PAR.xls.
1114  * ttdh0O(z)       = PARZ(z,'ttdh0O');
1115   ttdh0O(z)       = 0;
1116  *   The slope ttdh1O is calibrated below in the mane GAMS file
1117   
1118  *------------------------------------------------------------------------------
1119  * Also we need to assign values to some prices
1120  * All of the prices below, EXCEPT eO, may be set at arbitrary values
1121  * without loss of generality.
1122  *
1123  * In the case of eO, although exchange rates may be given arbitrary values
1124  * in the model, they must all be equal for calibration at this stage. The reason
1125  * is that the supply of margin transport services MRGNO must equal global demand.
1126  * Since there is a single world price for international transport margins
1127  * (rather than bilateral world prices for other commodities) the unit of
1128  * measurement of the volume of margin services must be the same for all regions,
1129  * and in turn, that implies that the divisor that converts the nominal value to
1130  * volume be the same for all regions. Since that divisor involves the exchange
1131  * rate, all exchange rates must be equal.
1132   
1133  * Normally, prices that may be given arbitrary values are set at 1:
1134   eO(z)            = 1;
1135   PEO(i,z,zj)      = 1;
1136   PLO(i,z)         = 1;
1137   PWMGO(i)         = 1;
1138   WO(z)            = 1;
1139   WO_lag(z)        = WO(z) ;
1140   
1141  *==============================================================================
1142  * Calibration
1143  *==============================================================================
1144   YHKO(z)         = SUM[(k,j),RKDO(k,j,z)];
1145   YHLO(z)         = SUM[(j),LDO(j,z)];
1146   YHO(z)          = YHLO(z)+YHKO(z);
1147   YDHO(z)         = YHO(z)-TDHO(z);
1148   CTHO(z)         = SUM[i,CO(i,z)];
1149   SHO(z)          = YDHO(z)-CTHO(z);
1150   TICTO(z)        = SUM[i,TICO(i,z)];
1151   TIMTO(z)        = SUM[(i,zj),TIMO(i,zj,z)];
1152   TIWTO(z)        = SUM[(j),TIWO(j,z)];
1153   TIKTO(z)        = SUM[(k,j),TIKO(k,j,z)];
1154   TIPTO(z)        = SUM[j,TIPO(j,z)];
1155   TIXTO(z)        = SUM[(i,zj),TIXO(i,z,zj)];
1156   TPRODNO(z)      = TIKTO(z)+TIWTO(z)+TIPTO(z);
1157   TPRCTSO(z)      = TICTO(z)+TIMTO(z)+TIXTO(z);
1158   YGO(z)          = TDHO(z)+TPRCTSO(z)+TPRODNO(z);
1159   GO(z)           = SUM[i,CGO(i,z)];
1160   SGO(z)          = YGO(z)-GO(z);
1161   YROWO(z)        = SUM[(i,zj),IMO(i,zj,z)]+SUM[(i,ij,zj),tmrg(i,ij,zj,z)];
1162   SROWO(z)        = YROWO(z)-SUM[(i,zj),EXO(i,z,zj)]-SUM[i,MRGNO(i,z)];
1163   CABO(z)         = -SROWO(z);
1164   ITO(z)          = SHO(z)+SGO(z)+SROWO(z);
1165   
1166  *==============================================================================
1167  *  Calibration of parameters and other variables
1168  *==============================================================================
1169  *  Calibration of investment and government spending shares
1170  *==============================================================================
1171   gamma_GVT(i,z)  = CGO(i,z)/SUM[ij,CGO(ij,z)];
1172   gamma_INV(i,z)  = INVO(i,z)/SUM[ij,INVO(ij,z)] ;
1173   
1174  *==============================================================================
1175  *  Calibration of other prices and revised volumes (part 1)
1176  *==============================================================================
1177   LDO(j,z)      = LDO(j,z)/WO(z);
1178   LDCO(j,z)     = LDO(j,z);
1179   LSO(z)        = SUM[j,LDO(j,z)];
1180   LSTO(z)       = LSO(z) ;
1181   LSO_lag(z)    = LSO(z) ;
1182   LSTO_lag(z)   = LSO(z) ;
1183   EXO(i,z,zj)  = [EXO(i,z,zj)-TIXO(i,z,zj)]/PEO(i,z,zj);
1184   EXTO(i,z)    = SUM[zj,EXO(i,z,zj)];
1185   PWXO(i,z,zj)$EXO(i,z,zj)
1186                   = {[PEO(i,z,zj)*EXO(i,z,zj)+TIXO(i,z,zj)]/EXO(i,z,zj)}/eO(z);
1187   
1188   PETO(i,z)       = SUM[zj,PEO(i,z,zj)*EXO(i,z,zj)]/EXTO(i,z);
1189  * PETO(i,z)$(EXTO(i,z) > 0) = SUM[zj, PEO(i,z,zj) * EXO(i,z,zj)] / EXTO(i,z);
1190  * PETO(i,z)$(EXTO(i,z) = 0) = 0;
1191   PWMO(i,z,zj)    = PWXO(i,z,zj);
1192   IMO(i,zj,z)     = EXO(i,zj,z);
1193   IMTO(i,z)       = SUM[zj,IMO(i,zj,z)];
1194   
1195   DSO(j,i,z)      = DSO(j,i,z)/PLO(i,z);
1196   DSO_I(i,z)      = SUM(j,DSO(j,i,z));
1197   DSO_J(j,z)      = SUM(i,DSO(j,i,z));
1198   QO(i,z)         = IMTO(i,z)+DDO(i,z);
1199   
1200   MRGNO(i,z)$MRGNO(i,z)
1201                   = MRGNO(i,z)/[eO(z)*PWMGO(i)];
1202   
1203   XSO_I(i,z)      = EXTO(i,z)+DDO(i,z)+MRGNO(i,z);
1204   
1205   XSTO(j,z)       = sum(i, XSO(j,i,z));
1206   
1207   PO(i,z)         = [PETO(i,z)*EXTO(i,z)+PLO(i,z)*DSO_I(i,z)
1208                    +eO(z)*PWMGO(i)*MRGNO(i,z)]/XSO_I(i,z);
1209   
1210   PO2(j,i,z)$XSO(j,i,z) = 1;
1211   
1212   PO3(i,j,z)$XSO(j,i,z) = 1;
1213   
1214   PIO(i,z)       = SUM[j$XSO(j,i,z),PO2(J,I,z)*XSO(j,i,z)]/XSO_I(i,z);
1215   
1216   PTO(j,z)       = SUM[i$XSO(j,i,z),PO2(j,i,z)*XSO(j,i,z)]/XSTO(j,z);
1217   
1218   PPO(j,z)       = (TIWO(j,z)+WO(z)*LDO(j,z)
1219                    +SUM[k,TIKO(k,j,z)+RKDO(k,j,z)]
1220                    +SUM[nene,DIO(nene,j,z)]+SUM[ene,DIO(ene,j,z)])/XSTO(j,z);
1221   
1222   theta2(j,i,z)  = DSO(j,i,z)/sum(jj, DSO(jj,i,z));
1223   
1224   EXTTO(j,i,z)$DSO(j,i,z) = theta2(j,i,z)*EXTO(i,z);
1225   
1226  *==============================================================================
1227  *  Calibration of tax rates, margins, prices and volumes
1228  *==============================================================================
1229  *  Margin rates and tax rates
1230  *==============================================================================
1231   ttixO(i,z,zj)   = [eO(z)*PWXO(i,z,zj)/PEO(i,z,zj)]-1;
1232   tticO(i,z)      = TICO(i,z)/{PLO(i,z)*DDO(i,z)
1233                     +SUM[zj,IMO(i,zj,z)*eO(z)*PWMO(i,zj,z)
1234                     +TIMO(i,zj,z)+SUM[ij,tmrg(ij,i,zj,z)]]};
1235   
1236   tmrg(i,ij,zj,z)$IMO(ij,zj,z)
1237                   = tmrg(i,ij,zj,z)/(PWMGO(i)*eO(z)*IMO(ij,zj,z));
1238   
1239   ttimO(i,zj,z)$IMO(i,zj,z)
1240                   = TIMO(i,zj,z)/{IMO(i,zj,z)*eO(z)*(PWMO(i,zj,z)
1241                    +SUM[ij,PWMGO(ij)*tmrg(ij,i,zj,z)])};
1242   
1243   ttiwO(j,z)$LDO(j,z)
1244                   = TIWO(j,z)/[WO(z)*LDO(j,z)];
1245   
1246   ttikO(k,j,z)$RKDO(k,j,z)
1247                   = TIKO(k,j,z)/RKDO(k,j,z);
1248   
1249   ttipO(j,z)      = [PTO(j,z)/PPO(j,z)]-1;
1250   
1251   ttdh1O(z)       = [TDHO(z)-ttdh0O(z)]/YHO(z);
1252   
1253  *==============================================================================
1254  *  Calibration of other prices and revised volumes (part 2)
1255  *==============================================================================
1256   PDO(i,z)        = PLO(i,z)*(1+tticO(i,z));
1257   PMO(i,zj,z)     = eO(z)*(PWMO(i,zj,z)+SUM[ij,PWMGO(ij)*tmrg(ij,i,zj,z)])
1258                   *(1+ttimO(i,zj,z))*(1+tticO(i,z));
1259   PMTO(i,z)       = SUM[zj,PMO(i,zj,z)*IMO(i,zj,z)]/IMTO(i,z);
1260   PCO(i,z)        = [PMTO(i,z)*IMTO(i,z)+PDO(i,z)*DDO(i,z)]/QO(i,z);
1261   
1262   CO(i,z)         = CO(i,z)/PCO(i,z);
1263   CGO(i,z)        = CGO(i,z)/PCO(i,z);
1264   DIO(nene,j,z)   = DIO(nene,j,z)/PCO(nene,z);
1265   DEO(ene,j,z)    = DIO(ene,j,z)/PCO(ene,z);
1266   
1267   DEelecO(j,z)    = DIO("18_ELEC",j,z)/PCO("18_ELEC",z);
1268   DEnelecO(j,z)   = sum(ene3,DEO(ene3,j,z));
1269   
1270   DEcoalgasO(j,z) = sum(ene5,DEO(ene5,j,z));
1271   DEcoalO(j,z)    = DEO("02_COAL ",j,z);
1272   DEgasO(j,z)     = DEO("04_GAS",j,z);
1273   
1274   DEoilpetrolO(j,z) = sum(ene6,DEO(ene6,j,z));
1275   DEoilO(j,z)       = DEO("03_OIL",j,z);
1276   DEpetrolO(j,z)    = DEO("10_PETROLCOAL",j,z);
1277   
1278   INVO(i,z)       = INVO(i,z)/PCO(i,z);
1279   
1280   CIO(j,z)        = SUM[nene,DIO(nene,j,z)];
1281   CEO(j3,z)        = SUM[ene,DEO(ene,j3,z)];
1282   CEO(j2,z)        = DEelecO(j2,z)+DEnelecO(j2,z);
1283   
1284   DITO(nene,z)    = SUM[j,DIO(nene,j,z)];
1285   DITO(ene,z)     = SUM[j,DEO(ene,j,z)];
1286   
1287   PO4(ene,j,z)    = PCO(ene,z);
1288   
1289   PCIO(j,z)       = SUM[nene,PCO(nene,z)*DIO(nene,j,z)]/CIO(j,z);
1290   
1291   PCEcoalO(j,z)   = PO4("02_COAL",j,z) ;
1292   PCEgasO(j,z)    = PO4("04_GAS",j,z) ;
1293   PCEoilO(j,z)    = PO4("03_OIL",j,z) ;
1294   PCEpetrolO(j,z) = PO4("10_PETROLCOAL",j,z) ;
1295   
1296   PCEoilpetrolO(j,z)  = [PCEoilO(j,z)*DEoilO(j,z)+PCEpetrolO(j,z)*DEpetrolO(j,z)]
1297                     /DEoilpetrolO(j,z) ;
1298   
1299   PCEcoalgasO(j,z)  = [PCEcoalO(j,z)*DEcoalO(j,z)+PCEgasO(j,z)*DEgasO(j,z)]
1300                     /DEcoalgasO(j,z) ;
1301   
1302   PCEnelecO(j,z)  = [PCEcoalgasO(j,z)*DEcoalgasO(j,z)+PCEoilpetrolO(j,z)*DEoilpetrolO(j,z)]
1303                     /DEnelecO(j,z) ;
1304   
1305   PCEelecO(j,z)   = SUM[ene4,PCO(ene4,z)*DEO(ene4,j,z)]/DEelecO(j,z) ;
1306   PCEO(j,z)       = [PCEelecO(j,z)*DEelecO(j,z)+PCEnelecO(j,z)*DEnelecO(j,z)]/CEO(j,z) ;
1307   PCEO(j3,z)       = SUM[ene,PCO(ene,z)*DEO(ene,j3,z)]/CEO(j3,z) ;
1308   WTIO(j,z)     = WO(z)*(1+ttiwO(j,z));
1309   WCO(j,z)$LDCO(j,z)
1310                   = (WTIO(j,z)*LDO(j,z))/LDCO(j,z);
1311   
1312  *==============================================================================
1313  *  Calibration of dynamic parameters
1314  *==============================================================================
1315  * Calibration of dynamic parameters following new procedure.
1316  * The price of capital is arbitrary:
1317   PKO(z) = 1;
1318   
1319  * The calibration of depreciation rates is based on two hypotheses:
1320  * 1. The rate of depreciation is the same for all types of capital and all
1321  *    industries in each region (this hypothesis is made to accommodate the fact
1322  *    that, in the GTAP data base, capital consumption allowance is not detailed;
1323  *    as a matter of fact, the GTAP capital consumption allowance is set at
1324  *    4% of the value of the capital stock).
1325  * 2. The rental rate of capital is uniform across industries and types of
1326  *    capital in each region.
1327  * 3. The investment rate (IND/KD) is uniform across industries and types of
1328  *    capital in each region.
1329  * These hypotheses lead to the following formulae:
1330   
1331  * From GTAP, we know KSTO.
1332   KSTO(z)         = KSTO(z)/PKO(z);
1333   
1334  * Assuming a uniform depreciation rate for all types
1335  * of capital and all industries:
1336   delta(z)        = DEPO(z)/[PKO(z)*KSTO(z)];
1337   
1338  * From GTAP, we know KSTO. Assuming a uniform rental rate R for all types
1339  * of capital and all industries:
1340   RO(k,j,z)$RKDO(k,j,z)
1341                   = SUM[(kj,jj),RKDO(kj,jj,z)]/KSTO(z);
1342   
1343  * Then from the GTAP value of income paid to capital RKD we calibrate KDO:
1344   KDO(k,j,z)$RKDO(k,j,z)
1345                   = RKDO(k,j,z)/RO(k,j,z);
1346   
1347  * The supply of capital is equal to demand:
1348   KSO(k,z)        = SUM[j,KDO(k,j,z)];
1349   
1350  * The rate of return on capital, net of depreciation, is:
1351   IRO(z)         = {SUM[(k,j)$RKDO(k,j,z),RKDO(k,j,z)]-DEPO(z)}/[PKO(z)*KSTO(z)];
1352   
1353  * The user cost of capital follows
1354   UO(z)           = PKO(z)*(IRO(z)+delta(z));
1355   
1356  * Combining
1357  * - the hypothesis of uniform investment rates
1358  * - the hypothesis of uniform rental rates
1359  * - the hypothesis of uniform depreciation rates
1360  * leads to
1361   phiO(z)         = [ITO(z)/PKO(z)]/KSTO(z);
1362   
1363  * Investment by destination follows:
1364   INDO(k,j,z)$KDO(k,j,z)
1365                   = phiO(z)*KDO(k,j,z);
1366   
1367   A_K(z)          = 1/PKO(z)*{PROD[i$gamma_INV(i,z),(PCO(i,Z)/gamma_INV(i,z))
1368                     **gamma_INV(i,z)]};
1369   
1370   KDCO(j,z)       = SUM[k,KDO(k,j,z)];
1371   RTIO(k,j,z)     = RO(k,j,z)*(1+ttikO(k,j,z));
1372   RCO(j,z)$KDCO(j,z)
1373                   = SUM[k,RTIO(k,j,z)*KDO(k,j,z)]/KDCO(j,z);
1374   
1375  *==============================================================================
1376  *  Calibration of other prices and revised volumes (part 3)
1377  *==============================================================================
1378   VAO(j,z)        = LDCO(j,z)+KDCO(j,z);
1379   
1380   PVAO(j,z)       = [WCO(j,z)*LDCO(j,z)+RCO(j,z)*KDCO(j,z)]/VAO(j,z);
1381   
1382  * PIXGDPO is tautologically equal to 1, based on its formula
1383  * PIXGDPO(z)      = {SUM[j,{(PVAO(j,z)*VAO(j,z)+TIPO(j,z))/VAO(j,z)}*VAO(j,z)]
1384  *                   /SUM[j,{(PVAO(j,z)*VAO(j,z)+TIPO(j,z))/VAO(j,z)}*VAO(j,z)]
1385  *                   *SUM[j,{(PVAO(j,z)*VAO(j,z)+TIPO(j,z))/VAO(j,z)}*VAO(j,z)]
1386  *                   /SUM[j,{(PVAO(j,z)*VAO(j,z)+TIPO(j,z))/VAO(j,z)}*VAO(j,z)]}**0.5;
1387   PIXGDPO(z)      = 1;
1388   
1389  * PIXGDP_WO is tautologically equal to 1, based on its formula
1390  * PIXGDP_WO       = {SUM[(j,z),{(PVAO(j,z)*VAO(j,z)+TIPO(j,z))/VAO(j,z)}*VAO(j,z)/eO(z)]
1391  *                   /SUM[(j,z),{(PVAO(j,z)*VAO(j,z)+TIPO(j,z))/VAO(j,z)}*VAO(j,z)/eO(z)]
1392  *                   *SUM[(j,z),{(PVAO(j,z)*VAO(j,z)+TIPO(j,z))/VAO(j,z)}*VAO(j,z)/eO(z)]
1393  *                   /SUM[(j,z),{(PVAO(j,z)*VAO(j,z)+TIPO(j,z))/VAO(j,z)}*VAO(j,z)]/eO(z)}**0.5;
1394   PIXGDP_WO       = 1;
1395   
1396  * PIXCONO(z) is tautologically equal to 1, based on its formula
1397  * PIXCONO(z)      = SUM[i,PCO(i,z)*CO(i,z)]
1398  *                  /SUM[i,PCO(i,z)*CO(i,z)];
1399   PIXCONO(z)      = 1;
1400   PIXCONO_lag(z)  = PIXCONO(z);
1401   
1402  * PIXINVO(z) is tautologically equal to 1, based on its formula
1403  * PIXINVO(z)      = PROD[i$gamma_INV(i,z),(PCO(i,z)/PCO(i,z))**gamma_INV(i,z)];
1404   PIXINVO(z)      = 1;
1405   
1406  * PIXGVTO(z) is tautologically equal to 1, based on its formula
1407  * PIXGVTO(z)      = PROD[i$gamma_GVT(i,z),(PCO(i,z)/PCO(i,z))**gamma_GVT(i,z)];
1408   PIXGVTO(z)      = 1;
1409   
1410  *==============================================================================
1411  *  Calibration of function parameters
1412  *==============================================================================
1413  *   Leontief functions
1414  *==============================================================================
1415   io(j,z)         = CIO(j,z)/XSTO(j,z) ;
1416   
1417   io2(j,z)        = CEO(j,z)/XSTO(j,z) ;
1418   
1419   v(j,z)          = VAO(j,z)/XSTO(j,z) ;
1420   
1421   v2(j,z)         = (CEO(j,z)+VAO(j,z))/XSTO(j,z) ;
1422   
1423   aij(nene,j,z)   = DIO(nene,j,z)/CIO(j,z);
1424   
1425   aij2(ene,j,z)   = DEO(ene,j,z)/CEO(j,z);
1426   
1427   aij2_t(ene,j,z,time) =  aij2(ene,j,z);
1428   
1429  *==============================================================================
1430  *   Calibration of CET parameters
1431  *==============================================================================
1432  *    CET between total exports, domestic supply and margins
1433  *==============================================================================
1434   rho_X1(i,z)     = (1+sigma_X1(i,z))/sigma_X1(i,z);
1435   
1436   beta_EX_X1(i,z)$MRGNO(i,z)
1437                   = [PETO(i,z)*EXTO(i,z)$EXTO(i,z)**(1-rho_X1(i,z))]/
1438                     [PETO(i,z)*EXTO(i,z)$EXTO(i,z)**(1-rho_X1(i,z))+
1439                     PLO(i,z)*DSO_I(i,z)**(1-rho_X1(i,z))+
1440                     eO(z)*PWMGO(i)*MRGNO(i,z)$MRGNO(i,z)**(1-rho_X1(i,z))];
1441   
1442   beta_EX_X1(i,z)$(MRGNO(i,z) eq 0)
1443                   = [PETO(i,z)*EXTO(i,z)$EXTO(i,z)**(1-rho_X1(i,z))]/
1444                     [PETO(i,z)*EXTO(i,z)$EXTO(i,z)**(1-rho_X1(i,z))+
1445                     PLO(i,z)*DSO_I(i,z)**(1-rho_X1(i,z))];
1446   
1447   beta_D_X1(i,z)$MRGNO(i,z)
1448                   = [PLO(i,z)*DSO_I(i,z)**(1-rho_X1(i,z))]/
1449                     [PETO(i,z)*EXTO(i,z)**(1-rho_X1(i,z))+
1450                     PLO(i,z)*DSO_I(i,z)**(1-rho_X1(i,z))+
1451                     eO(z)*PWMGO(i)*MRGNO(i,z)**(1-rho_X1(i,z))];
1452   
1453   beta_D_X1(i,z)$(MRGNO(i,z) eq 0)
1454                   = [PLO(i,z)*DSO_I(i,z)**(1-rho_X1(i,z))]/
1455                     [PETO(i,z)*EXTO(i,z)**(1-rho_X1(i,z))+
1456                     PLO(i,z)*DSO_I(i,z)**(1-rho_X1(i,z))];
1457   
1458   B_X1(i,z)       = XSO_I(i,z)/[beta_EX_X1(i,z)*EXTO(i,z)**rho_X1(i,z)
1459                    +beta_D_X1(i,z)*DSO_I(i,z)**rho_X1(i,z)+(1-beta_EX_X1(i,z)
1460                    -beta_D_X1(i,z))*MRGNO(i,z)**rho_X1(i,z)]**(1/rho_X1(i,z));
1461   
1462  *==============================================================================
1463  *    CET between exports to different trading partners
1464  *==============================================================================
1465   rho_X2(i,z)     = (1+sigma_X2(i,z))/sigma_X2(i,z);
1466   
1467   beta_X2(i,z,zj)$EXO(i,z,zj)
1468                   = [PEO(i,z,zj)*EXO(i,z,zj)**(1-rho_X2(i,z))]/
1469                     SUM[zjj$EXO(i,z,zjj),PEO(i,z,zjj)*EXO(i,z,zjj)
1470                     **(1-rho_X2(i,z))];
1471   
1472   B_X2(i,z)       = EXTO(i,z)/{SUM[zj,beta_X2(i,z,zj)*EXO(i,z,zj)**rho_X2(i,z)]
1473                     **(1/rho_X2(i,z))};
1474   
1475  *==============================================================================
1476  *   Calibration of CES parameters
1477  *==============================================================================
1478  *    Composite output
1479  *==============================================================================
1480   rho_X3(i,z)   = (1-sigma_X3(i,z))/sigma_X3(i,z);
1481   
1482   beta_X3(j,i,z)$XSO(j,i,z)
1483                 = [PO2(j,i,z)*XSO(j,i,z)**(1+rho_X3(i,z))]/
1484                     SUM[jj$XSO(jj,i,z),PO2(jj,i,z)*XSO(jj,i,z)**(1+rho_X3(i,z))];
1485   
1486   B_X3(i,z)     = XSO_I(i,z)
1487                    /SUM[jj$XSO(jj,i,z),beta_X3(jj,i,z)*XSO(jj,i,z)**(-rho_X3(i,z))
1488                    ]**(-1/rho_X3(i,z));
1489   
1490   POWERQO(Z) = SUM(POWER, XSO(power,'18_ELEC',z));
1491   
1492   rho_X4(z)   = (1-sigma_X4(z))/sigma_X4(z);
1493   
1494   beta_X4(power,z)
1495                 = [PO2(power,'18_ELEC',z)*XSO(power,'18_ELEC',z)**(1+rho_X4(z))]/
1496                     SUM[powerr$XSO(powerr,'18_ELEC',z),PO2(powerr,'18_ELEC',z)*XSO(powerr,'18_ELEC',z)**(1+rho_X4(z))];
1497   
1498   B_X4(z)     = POWERQO(Z)
1499                    /SUM[powerr$XSO(powerr,'18_ELEC',z),beta_X4(powerr,z)*XSO(powerr,'18_ELEC',z)**(-rho_X4(z))
1500                    ]**(-1/rho_X4(z));
1501   
1502   TnDShare(z) = XSO('18_TnD','18_ELEC',z)/XSO_I('18_ELEC',z);
1503   
1504   PPOWERO(z) = 1;
1505   
1506  *==============================================================================
1507  *    Composite good
1508  *==============================================================================
1509   rho_M1(i,z)     = (1-sigma_m1(i,z))/sigma_m1(i,z);
1510   
1511   beta_M1(i,z)    = PMTO(i,z)*IMTO(i,z)**(rho_M1(i,z)+1)/
1512                    {PDO(i,z)*DDO(i,z)**(rho_M1(i,z)+1)
1513                    +PMTO(i,z)*IMTO(i,z)**(rho_M1(i,z)+1)};
1514   
1515   B_M1(i,z)       = QO(i,z)/{beta_M1(i,z)*IMTO(i,z)**(-rho_M1(i,z))
1516                    +(1-beta_M1(i,z))*DDO(i,z)**(-rho_M1(i,z))}**(-1/rho_M1(i,z));
1517   
1518  *==============================================================================
1519  *   CES between imports from different trading partners
1520  *==============================================================================
1521   rho_M2(i,z)     = (1-sigma_M2(i,z))/sigma_M2(i,z);
1522   
1523   beta_M2(i,zj,z)$IMO(i,zj,z)
1524                   = [PMO(i,zj,z)*IMO(i,zj,z)**(rho_M2(i,z)+1)]/
1525                     SUM[zjj$IMO(i,zjj,z),PMO(i,zjj,z)*IMO(i,zjj,z)
1526                      **(rho_M2(i,z)+1)];
1527   
1528   B_M2(i,z)       = IMTO(i,z)/{SUM[zj$IMO(i,zj,z),beta_M2(i,zj,z)*IMO(i,zj,z)
1529                     **(-rho_M2(i,z))]**(-1/rho_M2(i,z))};
1530   
1531  *==============================================================================
1532  *    Composite capital
1533  *==============================================================================
1534   rho_KD(j,z)     = (1-sigma_KD(j,z))/sigma_KD(j,z);
1535   
1536   beta_KD(k,j,z)$KDO(k,j,z)
1537                   = [RTIO(k,j,z)*KDO(k,j,z)**(1+rho_KD(j,z))]/
1538                     SUM[kj$KDO(kj,j,z),RTIO(kj,j,z)*KDO(kj,j,z)**(1+rho_KD(j,z))];
1539   B_KD(j,z)$KDCO(j,z)
1540                   = KDCO(j,z)/{SUM[k$KDO(k,j,z),beta_KD(k,j,z)*KDO(k,j,z)
1541                     **(-rho_KD(j,z))]**(-1/rho_KD(j,z))};
1542   
1543  *===============================================================================
1544  *   Composite E
1545  *===============================================================================
1546  *Leontief
1547   Share_Elec(j2,z) = DEO('18_ELEC',j2,z)/sum(ene,DEO(ene,j2,z));
1548   Share_nElec(ene3,j2,z) = DEO(ene3,j2,z)/sum(enee3,DEO(enee3,j2,z));
1549   Share_coalgas2(j2,z) = sum(ene5,DEO(ene5,j2,z))/sum(enee3,DEO(enee3,j2,z));
1550   Share_Oilpetrol2(j2,z) = sum(ene6,DEO(ene6,j2,z))/sum(enee3,DEO(enee3,j2,z));
1551   Share_coalgas(ene5,j2,z) = DEO(ene5,j2,z)/sum(enee5,DEO(enee5,j2,z));
1552   Share_Oilpetrol(ene6,j2,z) = DEO(ene6,j2,z)/sum(enee6,DEO(enee6,j2,z));
1553   
1554  *CES No Level
1555  * rho_ENER(j,z)   = (1-sigma_ENER(j,z))/sigma_ENER(j,z);
1556   
1557  * beta_ENER(ene,j,z)$DEO(ene,j,z)
1558  *                 = [PO4(ene,j,z)*DEO(ene,j,z)**(1+rho_ENER(j,z))]/
1559  *                   SUM[enee,PO4(enee,j,z)*DEO(enee,j,z)
1560  *                   **(1+rho_ENER(j,z))];
1561   
1562  * B_ENER(j,z)$CEO(j,z)
1563  *                 = CEO(j,z)/{SUM[ene,beta_ENER(ene,j,z)*DEO(ene,j,z)
1564  *                   **(-rho_ENER(j,z))]**(-1/rho_ENER(j,z))};
1565   
1566  *Level 5_1 (Coal/Gas)
1567   rho_ENER_coalgas(j2,z)   = (1-sigma_ENER_coalgas(j2,z))/sigma_ENER_coalgas(j2,z);
1568   
1569   beta_ENER_coalgas(ene5,j2,z)
1570                   = [PO4(ene5,j2,z)*DEO(ene5,j2,z)**(1+rho_ENER_coalgas(j2,z))]/
1571                     SUM[enee5,PO4(enee5,j2,z)*DEO(enee5,j2,z)
1572                     **(1+rho_ENER_coalgas(j2,z))];
1573   B_ENER_coalgas(j2,z)
1574                   = DEcoalgasO(j2,z)/{SUM[ene5,beta_ENER_coalgas(ene5,j2,z)*DEO(ene5,j2,z)
1575                     **(-rho_ENER_coalgas(j2,z))]**(-1/rho_ENER_coalgas(j2,z))};
1576   
1577  *Level 5_2 (oil/petrol)
1578   rho_ENER_oilprod(j2,z)   = (1-sigma_ENER_oilprod(j2,z))/sigma_ENER_oilprod(j2,z);
1579   
1580   beta_ENER_oilprod(ene6,j2,z)
1581                   = [PO4(ene6,j2,z)*DEO(ene6,j2,z)**(1+rho_ENER_oilprod(j2,z))]/
1582                     SUM[enee6,PO4(enee6,j2,z)*DEO(enee6,j2,z)
1583                     **(1+rho_ENER_oilprod(j2,z))];
1584   B_ENER_oilprod(j2,z)
1585                   = DEoilpetrolO(j2,z)/{SUM[ene6,beta_ENER_oilprod(ene6,j2,z)*DEO(ene6,j2,z)
1586                     **(-rho_ENER_oilprod(j2,z))]**(-1/rho_ENER_oilprod(j2,z))};
1587   
1588  *Level 4 (Coal-Gas/Oil-Petrol)
1589   rho_ENER_nelec(j2,z)   = (1-sigma_ENER_nelec(j2,z))/sigma_ENER_nelec(j2,z);
1590   
1591   beta_ENER_nelec(j2,z)
1592                   = PCEcoalgasO(j2,z)*DEcoalgasO(j2,z)**(rho_ENER_nelec(j2,z)+1)/
1593                    {PCEcoalgasO(j2,z)*DEcoalgasO(j2,z)**(rho_ENER_nelec(j2,z)+1)+
1594                     PCEoilpetrolO(j2,z)*DEoilpetrolO(j2,z)**(rho_ENER_nelec(j2,z)+1)};
1595   B_ENER_nelec(j2,z)
1596                   = DEnelecO(j2,z)
1597                     /{[beta_ENER_nelec(j2,z)*DEcoalgasO(j2,z)**(-rho_ENER_nelec(j2,z))+
1598                     (1-beta_ENER_nelec(j2,z))*DEoilpetrolO(j2,z)**(-rho_ENER_nelec(j2,z))
1599                     ]**(-1/rho_ENER_nelec(j2,z))};
1600   
1601  *Level 3 (Coal/Gas/Oil/Petrol)
1602  * rho_ENER3(j2,z)   = (1-sigma_ENER3(j2,z))/sigma_ENER3(j2,z);
1603   
1604  * beta_ENER3(ene3,j2,z)
1605  *                 = [PO4(ene3,j2,z)*DEO(ene3,j2,z)**(1+rho_ENER3(j2,z))]/
1606  *                   SUM[enee3,PO4(enee3,j2,z)*DEO(enee3,j2,z)
1607  *                   **(1+rho_ENER3(j2,z))];
1608   
1609  * B_ENER3(j2,z)
1610  *                 = DEnelecO(j2,z)/{SUM[ene3,beta_ENER3(ene3,j2,z)*DEO(ene3,j2,z)
1611  *                   **(-rho_ENER3(j2,z))]**(-1/rho_ENER3(j2,z))};
1612   
1613  *Level 2 (Elec/Non Elec)
1614   rho_ENER_elec(j2,z)   = (1-sigma_ENER_elec(j2,z))/sigma_ENER_elec(j2,z);
1615   
1616   beta_ENER_elec(j2,z)
1617                   = PCEelecO(j2,z)*DEelecO(j2,z)**(rho_ENER_elec(j2,z)+1)/
1618                    {PCEelecO(j2,z)*DEelecO(j2,z)**(rho_ENER_elec(j2,z)+1)+
1619                     PCEnelecO(j2,z)*DEnelecO(j2,z)**(rho_ENER_elec(j2,z)+1)};
1620   B_ENER_elec(j2,z)
1621                   = CEO(j2,z)
1622                     /{[beta_ENER_elec(j2,z)*DEelecO(j2,z)**(-rho_ENER_elec(j2,z))+
1623                     (1-beta_ENER_elec(j2,z))*DEnelecO(j2,z)**(-rho_ENER_elec(j2,z))
1624                     ]**(-1/rho_ENER_elec(j2,z))};
1625   
1626  *==============================================================================
1627  *    4.6.3.5 Value added
1628  *==============================================================================
1629   rho_VA(j,z)     = (1-sigma_VA(j,z))/sigma_VA(j,z);
1630   
1631   beta_VA(j,z)$KDCO(j,z)
1632                   = WCO(j,z)*LDCO(j,z)**(rho_VA(j,z)+1)/
1633                    {WCO(j,z)*LDCO(j,z)**(rho_VA(j,z)+1)+
1634                     RCO(j,z)*KDCO(j,z)**(rho_VA(j,z)+1)};
1635   B_VA(j,z)$KDCO(j,z)
1636                   = VAO(j,z)
1637                     /{[beta_VA(j,z)*LDCO(j,z)**(-rho_VA(j,z))+
1638                     (1-beta_VA(j,z))*KDCO(j,z)**(-rho_VA(j,z))
1639                     ]**(-1/rho_VA(j,z))};
1640   
1641   B_VA_t(j,z,time) = B_VA(j,z);
1642   
1643  *==============================================================================
1644  *    Composite KLE
1645  *==============================================================================
1646    KLEO(j,z)       = CEO(j,z) + VAO(j,z) ;
1647   
1648   PKLEO(j,z)      = [PCEO(j,z)*CEO(j,z)+PVAO(j,z)*VAO(j,z)]/KLEO(j,z);
1649   
1650   rho_KLE(j,z)    = (1-sigma_KLE(j,z))/sigma_KLE(j,z);
1651   
1652   beta_KLE(j,z)$KLEO(j,z)
1653                   = PVAO(j,z)*VAO(j,z)**(rho_KLE(j,z)+1)/
1654                    {PVAO(j,z)*VAO(j,z)**(rho_KLE(j,z)+1)+
1655                     PCEO(j,z)*CEO(j,z)**(rho_KLE(j,z)+1)};
1656   
1657   beta_KLE2(j,z)$KLEO(j,z)
1658                   = 1-beta_KLE(j,z);
1659   
1660   B_KLE(j,z)$KLEO(j,z)
1661                   = KLEO(j,z)
1662                     /{[beta_KLE(j,z)*VAO(j,z)**(-rho_KLE(j,z))+
1663                     (beta_KLE2(j,z))*CEO(j,z)**(-rho_KLE(j,z))
1664                     ]**(-1/rho_KLE(j,z))};
1665   
1666  *B_KLE(j,z)$KLEO(j,z)
1667  *                 = KLEO(j,z)
1668  *                   /{[beta_KLE(j,z)*(VAO(j,z)+EPS)**(-rho_KLE(j,z))+
1669  *                   (beta_KLE2(j,z))*(CEO(j,z)+EPS)**(-rho_KLE(j,z))
1670  *                   ]**(-1/rho_KLE(j,z))};
1671   
1672  *==============================================================================
1673  *  Calibration of LES parameters
1674  *==============================================================================
1675  *   As the assigned values of income elasticities may not result in
1676  *   consumption shares that add up to 1, this first step
1677  *   adjusts the elasticities proportionally
1678   sigma_Y(i,z)    = sigma_Y(i,z)/{SUM[ij,sigma_Y(ij,z)*PCO(ij,z)*CO(ij,z)]
1679                     /CTHO(z)};
1680   gamma_LES(i,z)  = PCO(i,z)*CO(i,z)*sigma_Y(i,z)/CTHO(z);
1681   CMINO(i,z)      = CO(i,z)+gamma_LES(i,z)*CTHO(z)/{PCO(i,z)*frisch(z)};
1682   
1683  *==============================================================================
1684  *  Calibration of gross domestic products
1685  *==============================================================================
1686   GDP_BPO(z)      = SUM[j,PVAO(j,z)*VAO(j,z)]+TIPTO(z);
1687   GDP_MPO(z)      = GDP_BPO(z)+TPRCTSO(z);
1688  * GDP_IBO(z)      = SUM[(l,j),WO(l,z)*LDO(l,j,z)]+SUM[(k,j),RO(k,j,z)*KDO(k,j,z)]
1689   GDP_IBO(z)      = SUM[(j),WO(z)*LDO(j,z)]+SUM[(k,j),RO(k,j,z)*KDO(k,j,z)]
1690                     +TPRODNO(z)+TPRCTSO(z);
1691   GDP_FDO(z)      = SUM[i,PCO(i,z)*(CO(i,z)+CGO(i,z)+INVO(i,z))]
1692                    +eO(z)*SUM[(i,zj),PWXO(i,z,zj)*EXO(i,z,zj)]
1693                    +eO(z)*SUM[i,PWMGO(i)*MRGNO(i,z)]
1694                    -eO(z)*SUM[(i,zj),IMO(i,zj,z)*(PWMO(i,zj,z)
1695                    +SUM{ij,PWMGO(ij)*tmrg(ij,i,zj,z)})];
1696   GDP_BP_WO       = SUM[z,GDP_BPO(z)/eO(z)];
1697   
1698  *==============================================================================
1699  *  4.8 Calibration of real (volume) variables computed from price indices
1700  *==============================================================================
1701   CABXO(z)        = CABO(z)/[PIXGDP_WO*eO(z)];
1702   
1703  *------------------------------------------------------------------------------
1704  * Calculation of CAB index
1705  * If every region's CABX grows exogenously according to exogro, then the
1706  * worldwide sum of CABX's will not be zero. If, due to redundancy, the reference
1707  * region's CABX is left implicit, then it will not grow according to that
1708  * region's exogro (it follows that the solution will depend on the choice of
1709  * reference region). CABix is formed from exogro by inflating or deflating the
1710  * updating factors of positive (SURplus) and negative (DEFicit) CABX's in such
1711  * a way that their sum remains zero.
1712   
1713  *$ontext
1714  Parameter CABXsur(z,time), CABXdef(z,time), bal(time), mu(time), CABix(z,time);
1715  * CABXsur(z,time) = CABXO(z)*exogro(z,time)$[CABXO(z) gt 0];
1716  * CABXdef(z,time) = CABXO(z)*exogro(z,time)$[CABXO(z) lt 0];
1717   
1718   CABXsur(z,t1) = CABXO(z)$[CABXO(z) gt 0];
1719   CABXdef(z,t1) = CABXO(z)$[CABXO(z) lt 0];
1720   
1721   CABXsur(z,time)$[ord(time) gt 1] = CABXO(z)*(1+g_GDP(z,time))$[CABXO(z) gt 0];
1722   CABXdef(z,time)$[ord(time) gt 1] = CABXO(z)*(1+g_GDP(z,time))$[CABXO(z) lt 0];
1723   
1724   Bal(time)           = sum(zj,CABXsur(zj,time))+sum(zj,CABXdef(zj,time));
1725   mu(time)           = sum(zj,CABXsur(zj,time))/
1726                          {sum(zj,CABXsur(zj,time))+sum(zj,abs[CABXdef(zj,time)])};
1727   CABXsur(z,time) = CABXsur(z,time)*{1-mu(time)*Bal(time)/sum(zj,CABXsur(zj,time))};
1728   CABXdef(z,time) = CABXdef(z,time)*{1-[1-mu(time)]*Bal(time)/sum(zj,CABXdef(zj,time))};
1729   CABix(z,time)     = [CABXsur(z,time)+CABXdef(z,time)]/CABXO(z);
1730  *$offtext
1731  *------------------------------------------------------------------------------
1732   
1733   CTH_REALO(z)    = CTHO(z)/PIXCONO(z);
1734   G_REALO(z)      = GO(z)/PIXGVTO(z);
1735   GDP_BP_REALO(z) = GDP_BPO(z)/PIXGDPO(z);
1736   GDP_BP_W_REALO  = GDP_BP_WO/PIXGDP_WO;
1737   GDP_MP_REALO(z) = GDP_MPO(z)/PIXCONO(z);
1738   IT_REALO(z)     = ITO(z)/PIXINVO(z);
1739   
1740  *==============================================================================
1741  *  Parameters of the household savings function
1742  *==============================================================================
1743   sh1O(z)         = [SHO(z)+SGO(z)]/GDP_IBO(z);
1744   sh0O(z)         = SHO(z)-sh1O(z)*YDHO(z);
1745   
1746  *==============================================================================
1747  *  Re-calibration of indexed transfers and parameters
1748  *==============================================================================
1749   sh0O(z)         = sh0O(z)/PIXCONO(z)**eta;
1750   ttdh0O(z)       = ttdh0O(z)/PIXCONO(z)**eta;
1751   
1752  *==============================================================================
1753  *  Energy & CO2 emission
1754  *==============================================================================
INCLUDE    C:\Users\kimc0\GUIDE_GLOBAL_CGE\2.GUIDE-GLOBAL-CGE_v1\DATA_WEB_2024_new.gms
1756  Set flow, commodity
1757   
1758  flow flow
1759  /
1760  f1_INDPROD      Production
1761  f2_IMPORTS      Imports
1762  f3_EXPORTS      Exports
1763  f4_MARBUNK      International marine bunkers
1764  f5_AVBUNK       International aviation bunkers
1765  f6_STOCKCHA     Stock changes
1766  f7_TES          Total energy supply
1767  f8_TRANSFER     Transfers
1768  f9_STATDIFF     Statistical differences
1769  f10_TOTTRANF    Transformation process
1770  f11_MAINELEC    Main activity producer electricity plants
1771  f12_AUTOELEC    Autoproducer electricity plants
1772  f13_MAINCHP     Main activity producer CHP plants
1773  f14_AUTOCHP     Autoproducer CHP plants
1774  f15_MAINHEAT    Main activity producer heat plants
1775  f16_AUTOHEAT    Autoproducer heat plants
1776  f17_THEAT       Heat pumps
1777  f19_TBOILER     Electric boilers
1778  f18_TELE        Chemical heat for electricity production
1779  f20_TBLASTFUR   Blast furances
1780  f21_TGASWKS     Gas works
1781  f22_TCOKEOVS    Coke ovens
1782  f23_TPATFUEL    Patent fuel plants
1783  f24_TBKB        BKB peat briquettes
1784  f25_TREFINER    Oil refineries
1785  f26_TPETCHEM    Petrochemical plants
1786  f27_TCOALLIQ    Coal liquefaction
1787  f28_TGTL        Gas-to-liquids plants
1788  f29_TBLENDGAS   For blened natural gas
1789  f30_TCHARCOAL   Charocal production plants
1790  f31_TNONSPEC    Non-specific transformation
1791  f32_TOTENGY     Energy industry own use
1792  f33_EMINES      Coal mines
1793  f34_EOILGASEX   Oil and gas extraction
1794  f35_EBLASTFUR   Blast furances
1795  f36_EGASWKS     Gas works
1796  f37_EBIOGAS     Gasfication plants for biogases
1797  f38_ECOKEOVS    Coke ovens
1798  f39_EPATFUEL    Patent fuel plants
1799  f40_EBKB        BKB peat briquettes
1800  f41_EREFINER    Oil refineries
1801  f42_ECOALLIQ    Coal liquefaction plants
1802  f43_ELNG        Liqefaction regasification plants
1803  f44_EGTL        Gas to liquids plants
1804  f45_EPOWERPLT   Own use in electricity CHP and heat plants
1805  f46_EPUMPST     Pumped storage plants
1806  f47_ENUC        Nuclear industry
1807  f48_ECHARCOAL   Charcoal production plants
1808  f49_ENONSPEC    Non specified
1809  f50_DISTLOSS    Losses
1810  f51_TFC         Total final consumption
1811  f52_AGRICULT    Agriculture forestry
1812  f53_FISHING     Fishing
1813  f54_MINING      Mining and quarrying
1814  f55_FOODPRO     Food and tobacco
1815  f56_TEXTILES    Textile and leather
1816  f57_WOODPRO     Wood and wood products
1817  f58_PAPERPRO    Paper pulp and print
1818  f59_CHEMICAL    Chemical and petrochemical
1819  f60_NONMET      Non metallic minerals
1820  f61_IRONSTL     Iron and steel
1821  f62_NONFERR     Non ferrous metals
1822  f63_MACHINE     Machinery
1823  f64_TRANSEQ     Transport equipment
1824  f65_INONSPEC    Industry not elsewhere specified
1825  f66_CONSTRUC    Construction
1826  f67_COMMPUB     Commerical and public services
1827  f68_ONONSPEC    Final consumption not elsewhere specified
1828  f69_RESIDENT    Residential
1829  f70_ROAD        Road
1830  f71_RAIL        Rail
1831  f72_DOMESAIR    Domestic aviation
1832  f73_DOMESNAV    Domestic navigation
1833  f74_PIPELINE    Pipeline transport
1834  f75_TRNONSPE    Transport not elsewhere
1835  f76_NEMINING    Non energy use in mining and quarrying
1836  f77_NEFOODPRO   Non energy use in food beverages tobacco
1837  f78_NETEXTILES  Non energy use in textiles and leather
1838  f79_NEWOODPRO   Non energy use in wood and wood products
1839  f80_NEPAPERPRO  Non energy use in paper pulp and printing
1840  f81_NECHEM      Non energy use in chemical petrochemical
1841  f82_NENONMET    Non energy use in non metallic minerals
1842  f83_NEIRONSTL   Non energy use in iron and steel
1843  f84_NENONFERR   Non energy use in non ferrous metals
1844  f85_NEMACHINE   Non energy use in machinery
1845  f86_NETRANSEQ   Non energy use in transport equipment
1846  f87_NEINONSPEC  Non energy use in non specified industry
1847  f88_NECONSTRUC  Non energy use in construction
1848  f89_NEOTHER     Non energy use in other residential commerical public services agriculture forestry and fishing
1849  f90_NETRANS     Non energy use in transport
1850  f91_TOTIND      Industry
1851  f92_MANUFACT    Mnaufacturing
1852  f93_TOTTRANS    Transport
1853  f94_NONENUSE    Non energy use
1854  f95_NEINTREN    Non energy use industry transformation energy
1855  f96_NEIND       Non energy use in industry
1856  f97_WORLDAV     World aviation bunkers
1857  f98_WORLDMAR    World marine bunkers
1858  f99_ELOUTPUT    Electrictiy output GWh
1859  f100_ELMAINE    Electrictiy output GWh main activity producer electrictiy plants
1860  f101_ELAUTOE    Electrictiy output GWh autoproducer electricity plants
1861  f102_ELMAINC    Electrictiy output GWh main activty producer CHP plants
1862  f103_ELAUTOC    Electrictiy output GWh autoproducer CHP plants
1863  f104_HEATOUT    Heat output
1864  f105_HEMAINC    Heat output main activity producer CHP plants
1865  f106_HEAUTOC    Heat output autoproducer CHP plants
1866  f107_HEMAINH    Heat output main activity producer heat plants
1867  f108_HEAUTOH    Heat output autoproducer heat plants
1868  /
1869   
1870  product energy product
1871  /
1872  p1_HARDCOAL      Hard coal
1873  p2_BROWN         Brown coal
1874  p3_ANTCOAL       Anthracite
1875  p4_COKCOAL       Coking coal
1876  p5_BITCOAL       Other bittuminous coal
1877  p6_SUBCOAL       Sub-bituminous coal
1878  p7_LIGNITE       Lignite
1879  p8_PATFUEL       Patent fuel
1880  p9_OVENCOKE      Coke oven coke
1881  p10_GASCOKE      Gas coke
1882  p11_COALTAR      Coal tar
1883  p12_BKB          Brown coal briquettes
1884  p13_GASWKSGS     Gas works gas
1885  p14_COKEOVGS     Coke oven gas
1886  p15_BLFURGS      Blast furnace gas
1887  p16_OGASES       Other recovered gases
1888  p17_PEAT         Peat
1889  p18_PEATPROD     Peat products
1890  p19_OILSHALE     Oil shale and oil sands
1891  p20_NATGAS       Natural gas
1892  p21_CRNGFEED     Crude NGL feedstock
1893  p22_CRUDEOIL     Curde oil
1894  p23_NGL          Natural gas liquids
1895  p24_REFFEEDS     Refinery feedstocks
1896  p25_ADDITIVE     Addtitives blending components
1897  p26_NONCRUDE     Other hydrocarbons
1898  p27_REFINGAS     Refinery gas
1899  p28_ETHANE       Ethane
1900  p29_LPG          Liquefied petroleum gases(LPG)
1901  p30_NONBIOGASO   Motor gasoline (excl. biofuels)
1902  p31_AVGAS        Aviation gasoline
1903  p32_JETGAS       Jet fuel Gasoline tpye
1904  p33_NONBIOJETK   Jet fuel Kerosene type (excl. biofuels)
1905  p34_OTHKERO      Kerosene
1906  p35_NONBIODIES   Diesel oil (excl. biofuels)
1907  p36_RESFUEL      Fuel oil
1908  p37_NAPHTHA      Naphtha
1909  p38_WHITESP      Solvent (White spirit and industrial sprit SBP)
1910  p39_LUBRIC       Lubricants
1911  p40_BITUMEN      Bitumen (Asphalt)
1912  p41_PARWAX       Paraffin waxes
1913  p42_PETCOKE      Petroleum coke
1914  p43_ONONSPEC     Other oil products
1915  p44_INDWASTE     Industrial waste
1916  p45_MUNWASTER    Municipal waste(renewable)
1917  p46_MUNWASTEN    Municipal waste(non-renewable)
1918  p47_PRIMSBIO     Primary solid biofuels
1919  p48_BIOGASES     Biogases
1920  p49_BIOGASOL     Biogasoline
1921  p50_BIODIESEL    Biodiesels
1922  p51_BIOJETKERO   Bio jet kerosene
1923  p52_OBIOLIQ      Other liquid biofuels
1924  p53_RENEWNS      Non-specified primary biofuels and waste
1925  p54_CHARCOAL     Charcoal
1926  p55_NUCLEAR      Nuclear
1927  p56_HYDRO        Hydro
1928  p57_GEOTHERM     Geothermal
1929  p58_SOLARPV      Solar photovaltaics
1930  p59_SOLARTH      Solar thermal
1931  p60_TIDE         Tide wave and ocean
1932  p61_WIND         Wind
1933  p62_OTHER        Other sources includes production not included elsewhere such as fuel cells
1934  p63_ELECTR       Electricity
1935  p64_HEAT         Heat
1936  p65_HEATNS       Heat output from non-specified combustible fuels
1937  p66_TOTAL        Total
1938  p67_MANGAS       Elec heat output from non-specified manufactured gases
1939  p68_MRENEW       Memo Renewable
1940  /
1941   
1942  *===========================Products Mapping====================================
1943  p_coal(product)
1944  /
1945  p1_HARDCOAL      Hard coal
1946  p2_BROWN         Brown coal
1947  p3_ANTCOAL       Anthracite
1948  p4_COKCOAL       Coking coal
1949  p5_BITCOAL       Other bittuminous coal
1950  p6_SUBCOAL       Sub-bituminous coal
1951  p7_LIGNITE       Lignite
1952  p8_PATFUEL       Patent fuel
1953  *p9_OVENCOKE      Coke oven coke
1954  *p10_GASCOKE      Gas coke
1955  *p11_COALTAR      Coal tar
1956  *p12_BKB          Brown coal briquettes
1957  *p13_GASWKSGS     Gas works gas
1958  *p14_COKEOVGS     Coke oven gas
1959  *p15_BLFURGS      Blast furnace gas
1960  *p16_OGASES       Other recovered gases
1961  *p17_PEAT
1962  /
1963   
1964  p_coal3(product)
1965  /
1966  p1_HARDCOAL      Hard coal
1967  p2_BROWN         Brown coal
1968  p3_ANTCOAL       Anthracite
1969  p4_COKCOAL       Coking coal
1970  p5_BITCOAL       Other bittuminous coal
1971  p6_SUBCOAL       Sub-bituminous coal
1972  p7_LIGNITE       Lignite
1973  p8_PATFUEL       Patent fuel
1974  p9_OVENCOKE      Coke oven coke
1975  p10_GASCOKE      Gas coke
1976  p11_COALTAR      Coal tar
1977  p12_BKB          Brown coal briquettes
1978  p13_GASWKSGS     Gas works gas
1979  p14_COKEOVGS     Coke oven gas
1980  p15_BLFURGS      Blast furnace gas
1981  p16_OGASES       Other recovered gases
1982  /
1983   
1984  p_coal5(p_coal)
1985  /
1986  p1_HARDCOAL      Hard coal
1987  p2_BROWN         Brown coal
1988  p3_ANTCOAL       Anthracite
1989  p4_COKCOAL       Coking coal
1990  p5_BITCOAL       Other bittuminous coal
1991  p6_SUBCOAL       Sub-bituminous coal
1992  p7_LIGNITE       Lignite
1993  *p8_PATFUEL       Patent fuel
1994  *p9_OVENCOKE      Coke oven coke
1995  *p10_GASCOKE      Gas coke
1996  *p11_COALTAR      Coal tar
1997  *p12_BKB          Brown coal briquettes
1998  *p13_GASWKSGS     Gas works gas
1999  *p14_COKEOVGS     Coke oven gas
2000  *p15_BLFURGS      Blast furnace gas
2001  *p16_OGASES       Other recovered gases
2002  *p17_PEAT
2003  /
2004   
2005  p_coal_TES(product)
2006  /
2007  p1_HARDCOAL      Hard coal
2008  p2_BROWN         Brown coal
2009  p3_ANTCOAL       Anthracite
2010  p4_COKCOAL       Coking coal
2011  p5_BITCOAL       Other bittuminous coal
2012  p6_SUBCOAL       Sub-bituminous coal
2013  p7_LIGNITE       Lignite
2014  /
2015   
2016  p_oil(product)
2017  /
2018  p22_CRUDEOIL     Curde oil
2019  /
2020   
2021  p_gasoil(product)
2022  /
2023  p20_NATGAS       Natural gas
2024  p22_CRUDEOIL     Curde oil
2025  /
2026   
2027  p_gas(product)
2028  /
2029  p13_GASWKSGS     Gas works gas
2030  p20_NATGAS       Natural gas
2031  p23_NGL          Natural gas liquids
2032  /
2033   
2034  p_oilproduct(product)
2035  /
2036  p9_OVENCOKE      Coke oven coke
2037  p10_GASCOKE      Gas coke
2038  p14_COKEOVGS     Coke oven gas
2039  p24_REFFEEDS     Refinery feedstocks
2040  p27_REFINGAS     Refinery gas
2041  p28_ETHANE       Ethane
2042  p29_LPG          Liquefied petroleum gases(LPG)
2043  p30_NONBIOGASO   Motor gasoline (excl. biofuels)
2044  p31_AVGAS        Aviation gasoline
2045  p32_JETGAS       Jet fuel Gasoline tpye
2046  p33_NONBIOJETK   Jet fuel Kerosene type (excl. biofuels)
2047  p34_OTHKERO      Kerosene
2048  p35_NONBIODIES   Diesel oil (excl. biofuels)
2049  p36_RESFUEL      Fuel oil
2050  p37_NAPHTHA      Naphtha
2051  p38_WHITESP      Solvent (White spirit and industrial sprit SBP)
2052  p39_LUBRIC       Lubricants
2053  p40_BITUMEN      Bitumen (Asphalt)
2054  p41_PARWAX       Paraffin waxes
2055  p42_PETCOKE      Petroleum coke
2056  p43_ONONSPEC     Other oil products
2057  /
2058   
2059  p_liquids(product)
2060  /
2061  p22_CRUDEOIL
2062  p9_OVENCOKE      Coke oven coke
2063  p10_GASCOKE      Gas coke
2064  p14_COKEOVGS     Coke oven gas
2065  p24_REFFEEDS     Refinery feedstocks
2066  p27_REFINGAS     Refinery gas
2067  p28_ETHANE       Ethane
2068  p29_LPG          Liquefied petroleum gases(LPG)
2069  p30_NONBIOGASO   Motor gasoline (excl. biofuels)
2070  p31_AVGAS        Aviation gasoline
2071  p32_JETGAS       Jet fuel Gasoline tpye
2072  p33_NONBIOJETK   Jet fuel Kerosene type (excl. biofuels)
2073  p34_OTHKERO      Kerosene
2074  p35_NONBIODIES   Diesel oil (excl. biofuels)
2075  p36_RESFUEL      Fuel oil
2076  p37_NAPHTHA      Naphtha
2077  p38_WHITESP      Solvent (White spirit and industrial sprit SBP)
2078  p39_LUBRIC       Lubricants
2079  p40_BITUMEN      Bitumen (Asphalt)
2080  p41_PARWAX       Paraffin waxes
2081  p42_PETCOKE      Petroleum coke
2082  p43_ONONSPEC     Other oil products
2083  /
2084   
2085  p_liquid(p_oilproduct)
2086  /
2087  p29_LPG          Liquefied petroleum gases(LPG)
2088  p30_NONBIOGASO   Motor gasoline (excl. biofuels)
2089  p31_AVGAS        Aviation gasoline
2090  p32_JETGAS       Jet fuel Gasoline tpye
2091  p33_NONBIOJETK   Jet fuel Kerosene type (excl. biofuels)
2092  p34_OTHKERO      Kerosene
2093  p35_NONBIODIES   Diesel oil (excl. biofuels)
2094  p36_RESFUEL      Fuel oil
2095  /
2096   
2097  p_oilproduct_feed(product)
2098  /
2099  p37_NAPHTHA      Naphtha
2100  p38_WHITESP      Solvent (White spirit and industrial sprit SBP)
2101  p39_LUBRIC       Lubricants
2102  p40_BITUMEN      Bitumen (Asphalt)
2103  p41_PARWAX       Paraffin waxes
2104  p42_PETCOKE      Petroleum coke
2105  p43_ONONSPEC     Other oil products
2106  /
2107   
2108  p_waste(product)
2109  /
2110  p44_INDWASTE
2111  p45_MUNWASTER
2112  p46_MUNWASTEN
2113  /
2114   
2115  p_bio(product)
2116  /
2117  p47_PRIMSBIO     Primary solid biofuels
2118  p48_BIOGASES     Biogases
2119  p49_BIOGASOL     Biogasoline
2120  p50_BIODIESEL    Biodiesels
2121  p51_BIOJETKERO   Bio jet kerosene
2122  p52_OBIOLIQ      Other liquid biofuels
2123  /
2124   
2125  p_biowastecharcoal(product)
2126  /
2127  p44_INDWASTE
2128  p45_MUNWASTER
2129  p46_MUNWASTEN
2130  p47_PRIMSBIO     Primary solid biofuels
2131  p48_BIOGASES     Biogases
2132  p49_BIOGASOL     Biogasoline
2133  p50_BIODIESEL    Biodiesels
2134  p51_BIOJETKERO   Bio jet kerosene
2135  p52_OBIOLIQ      Other liquid biofuels
2136  p54_CHARCOAL
2137  /
2138   
2139  p_charcoal(product)
2140  /
2141  p54_CHARCOAL
2142  /
2143   
2144  p_nuclear(product)
2145  /
2146  p55_NUCLEAR      Nuclear
2147  /
2148   
2149  p_geo(product)
2150  /
2151  p57_GEOTHERM     Geothermal
2152  /
2153   
2154  p_solar(product)
2155  /
2156  p58_SOLARPV      Solar photovaltaics
2157  p59_SOLARTH      Solar thermal
2158  /
2159   
2160  p_wind(product)
2161  /
2162  p61_WIND         Wind
2163  /
2164   
2165  p_hydro(product)
2166  /
2167  p56_HYDRO        Hydro
2168  /
2169   
2170  p_elecother(product)
2171  /
2172  p44_INDWASTE     Industrial waste
2173  p45_MUNWASTER    Municipal waste(renewable)
2174  p46_MUNWASTEN    Municipal waste(non-renewable)
2175  p47_PRIMSBIO     Primary solid biofuels
2176  p48_BIOGASES     Biogases
2177  p49_BIOGASOL     Biogasoline
2178  p50_BIODIESEL    Biodiesels
2179  p51_BIOJETKERO   Bio jet kerosene
2180  p52_OBIOLIQ      Other liquid biofuels
2181  p54_CHARCOAL     Charcoal
2182  p57_GEOTHERM     Geothermal
2183  p60_TIDE         Tide wave and ocean
2184  p62_OTHER        Other sources includes production not included elsewhere such as fuel cells
2185  /
2186   
2187  p_elecwaste(product)
2188  /
2189  p44_INDWASTE     Industrial waste
2190  p45_MUNWASTER    Municipal waste(renewable)
2191  p46_MUNWASTEN    Municipal waste(non-renewable)
2192  /
2193   
2194  p_elecbio(product)
2195  /
2196  p47_PRIMSBIO     Primary solid biofuels
2197  p48_BIOGASES     Biogases
2198  p49_BIOGASOL     Biogasoline
2199  p50_BIODIESEL    Biodiesels
2200  p51_BIOJETKERO   Bio jet kerosene
2201  p52_OBIOLIQ      Other liquid biofuels
2202  p54_CHARCOAL     Charcoal
2203  /
2204   
2205  p_elecgeo(product)
2206  /
2207  p57_GEOTHERM     Geothermal
2208  /
2209   
2210  p_elecother2(product)
2211  /
2212  p60_TIDE         Tide wave and ocean
2213  p62_OTHER        Other sources includes production not included elsewhere such as fuel cells
2214  /
2215   
2216  p_elecheat(product)
2217  /
2218  p63_ELECTR    Electricity
2219  p64_HEAT      Heat
2220  /
2221   
2222  p_elec(product)
2223  /
2224  p63_ELECTR    Electricity
2225  /
2226   
2227  p_heat(product)
2228  /
2229  p64_HEAT      Heat
2230  /
2231   
2232  p_ftotal(product)
2233  /
2234  p1_HARDCOAL      Hard coal
2235  p2_BROWN         Brown coal
2236  p3_ANTCOAL       Anthracite
2237  p4_COKCOAL       Coking coal
2238  p5_BITCOAL       Other bittuminous coal
2239  p6_SUBCOAL       Sub-bituminous coal
2240  p7_LIGNITE       Lignite
2241  p8_PATFUEL       Patent fuel
2242  *p9_OVENCOKE      Coke oven coke
2243  *p10_GASCOKE      Gas coke
2244  *p11_COALTAR      Coal tar
2245  p12_BKB          Brown coal briquettes
2246  *p13_GASWKSGS     Gas works gas
2247  *p14_COKEOVGS     Coke oven gas
2248  *p15_BLFURGS      Blast furnace gas
2249  *p16_OGASES       Other recovered gases
2250   
2251  p13_GASWKSGS     Gas works gas
2252  p20_NATGAS       Natural gas
2253  p23_NGL          Natural gas liquids
2254   
2255  p29_LPG          Liquefied petroleum gases(LPG)
2256  p30_NONBIOGASO   Motor gasoline (excl. biofuels)
2257  p31_AVGAS        Aviation gasoline
2258  p32_JETGAS       Jet fuel Gasoline tpye
2259  p33_NONBIOJETK   Jet fuel Kerosene type (excl. biofuels)
2260  p34_OTHKERO      Kerosene
2261  p35_NONBIODIES   Diesel oil (excl. biofuels)
2262  p36_RESFUEL      Fuel oil
2263   
2264  p63_ELECTR    Electricity
2265  p64_HEAT      Heat
2266  /
2267   
2268  p_fuelcomb(product)
2269  /
2270  p1_HARDCOAL      Hard coal
2271  p2_BROWN         Brown coal
2272  p3_ANTCOAL       Anthracite
2273  p4_COKCOAL       Coking coal
2274  p5_BITCOAL       Other bittuminous coal
2275  p6_SUBCOAL       Sub-bituminous coal
2276  p7_LIGNITE       Lignite
2277  p8_PATFUEL       Patent fuel
2278  p9_OVENCOKE      Coke oven coke
2279  p10_GASCOKE      Gas coke
2280  p11_COALTAR      Coal tar
2281  p12_BKB          Brown coal briquettes
2282  p13_GASWKSGS     Gas works gas
2283  p14_COKEOVGS     Coke oven gas
2284  p15_BLFURGS      Blast furnace gas
2285  p16_OGASES       Other recovered gases
2286  p17_PEAT         Peat
2287  p18_PEATPROD     Peat products
2288  p19_OILSHALE     Oil shale and oil sands
2289  p20_NATGAS       Natural gas
2290  p21_CRNGFEED     Crude NGL feedstock
2291  p22_CRUDEOIL     Curde oil
2292  p23_NGL          Natural gas liquids
2293  p24_REFFEEDS     Refinery feedstocks
2294  p25_ADDITIVE     Addtitives blending components
2295  p26_NONCRUDE     Other hydrocarbons
2296  p27_REFINGAS     Refinery gas
2297  p28_ETHANE       Ethane
2298  p29_LPG          Liquefied petroleum gases(LPG)
2299  p30_NONBIOGASO   Motor gasoline (excl. biofuels)
2300  p31_AVGAS        Aviation gasoline
2301  p32_JETGAS       Jet fuel Gasoline tpye
2302  p33_NONBIOJETK   Jet fuel Kerosene type (excl. biofuels)
2303  p34_OTHKERO      Kerosene
2304  p35_NONBIODIES   Diesel oil (excl. biofuels)
2305  p36_RESFUEL      Fuel oil
2306  p37_NAPHTHA      Naphtha
2307  p38_WHITESP      Solvent (White spirit and industrial sprit SBP)
2308  p39_LUBRIC       Lubricants
2309  p40_BITUMEN      Bitumen (Asphalt)
2310  p41_PARWAX       Paraffin waxes
2311  p42_PETCOKE      Petroleum coke
2312  p43_ONONSPEC     Other oil products
2313  p63_ELECTR       Electricity
2314  p64_HEAT         Heat
2315   
2316  /
2317   
2318  *===========================Flows Mapping====================================
2319  f_balstfur(flow)
2320  /
2321  f20_TBLASTFUR   Blast furances
2322  /
2323   
2324  f_cokeoven(flow)
2325  /
2326  f22_TCOKEOVS    Coke ovens
2327  /
2328   
2329  f_eblastcoke(flow)
2330  /
2331  f35_EBLASTFUR   Blast furances
2332  f38_ECOKEOVS    Coke ovens
2333  /
2334   
2335  f_tpetrochem(flow)
2336  /
2337  f26_TPETCHEM    Petrochemical plants
2338  /
2339   
2340  f_prod(flow)
2341  /
2342  f1_INDPROD      Production
2343  /
2344   
2345  f_agri(flow)
2346  /
2347  f52_AGRICULT    Agriculture forestry
2348  f53_FISHING     Fishing
2349  /
2350   
2351  f_coa(flow)
2352  /
2353  f33_EMINES      Coal mines
2354  /
2355   
2356  f_oil(flow)
2357  /
2358  f34_EOILGASEX   Oil and gas extraction
2359  /
2360   
2361  f_gas(flow)
2362  /
2363  f21_TGASWKS     Includes the manufacture of town gas
2364  f29_TBLENDGAS   For blened natural gas
2365  f34_EOILGASEX   Oil and gas extraction
2366  f36_EGASWKS     Represents the energy which is used in gas works
2367  /
2368   
2369  f_mining(flow)
2370  /
2371  f54_MINING      Mining and quarrying
2372  /
2373   
2374  f_foodpro(flow)
2375  /
2376  f55_FOODPRO     Food and tobacco
2377  /
2378   
2379  f_textiles(flow)
2380  /
2381  f56_TEXTILES    Textile and leather
2382  /
2383   
2384  f_woodpro(flow)
2385  /
2386  f57_WOODPRO     Wood and wood products
2387  /
2388   
2389  f_paperpro(flow)
2390  /
2391  f58_PAPERPRO    Paper pulp and print
2392  /
2393   
2394  f_petrolcoal(flow)
2395  /
2396  *f20_TBLASTFUR   Blast furances
2397  *f22_TCOKEOVS    Coke ovens
2398  f23_TPATFUEL    Patent fuel plants
2399  f24_TBKB        BKB peat briquettes
2400  *f25_TREFINER    Oil refineries
2401  *f26_TPETCHEM    Petrochemical plants
2402  f27_TCOALLIQ    Coal liquefaction
2403  f28_TGTL        Gas-to-liquids plants
2404  *f33_EMINES      Coal mines
2405  *f34_EOILGASEX   Oil and gas extraction
2406  *f35_EBLASTFUR   Blast furances
2407  *f36_EGASWKS     Gas works
2408  *f37_EBIOGAS     Gasfication plants for biogases
2409  *f38_ECOKEOVS    Coke ovens
2410  *f39_EPATFUEL    Patent fuel plants
2411  *f40_EBKB        BKB peat briquettes
2412  f41_EREFINER    Oil refineries
2413  f42_ECOALLIQ    Coal liquefaction plants
2414  *f43_ELNG        Liqefaction regasification plants
2415  *f44_EGTL        Gas to liquids plants
2416  *f45_EPOWERPLT   Own use in electricity CHP and heat plants
2417  *f46_EPUMPST     Pumped storage plants
2418  *f47_ENUC        Nuclear industry
2419  *f48_ECHARCOAL   Charcoal production plants
2420  *f49_ENONSPEC    Non specified
2421  *f50_DISTLOSS    Losses
2422  /
2423   
2424  *https://www.gtap.agecon.purdue.edu/databases/contribute/concordinfo.asp
2425  *p_c Petroleum & Coke: manufacture of coke and refined petroleum products
2426  *1910 Manufacture of coke oven products
2427  *1920 Manufacture of refined petroleum products
2428   
2429  f_chemical(flow)
2430  /
2431  f59_CHEMICAL    Chemical and petrochemical
2432  /
2433   
2434  f_nonmet(flow)
2435  /
2436  f60_NONMET      Non metallic minerals
2437  /
2438   
2439  f_ironstl(flow)
2440  /
2441  f61_IRONSTL     Iron and steel
2442  /
2443   
2444  f_nonferr(flow)
2445  /
2446  f62_NONFERR     Non ferrous metals
2447  /
2448   
2449  f_machine(flow)
2450  /
2451  f63_MACHINE     Machinery
2452  /
2453   
2454  f_transeq(flow)
2455  /
2456  f64_TRANSEQ     Transport equipment
2457  /
2458   
2459  f_otherind(flow)
2460  /
2461  f65_INONSPEC    Industry not elsewhere specified
2462  /
2463   
2464  f_elec(flow)
2465  /
2466  f11_MAINELEC    Main activity producer electricity plants
2467  f12_AUTOELEC    Autoproducer electricity plants
2468  f13_MAINCHP     Main activity producer CHP plants
2469  f14_AUTOCHP     Autoproducer CHP plants
2470  f15_MAINHEAT    Main activity producer heat plants
2471  f16_AUTOHEAT    Autoproducer heat plants
2472  *f17_THEAT       Heat pumps
2473  *f19_TBOILER     Electric boilers
2474  *f45_EPOWERPLT   Own use in electricity CHP and heat plants
2475  *f46_EPUMPST     Pumped storage plants
2476  /
2477   
2478  f_construc(flow)
2479  /
2480  f66_CONSTRUC    Construction
2481  /
2482   
2483  f_ser(flow)
2484  /
2485  f67_COMMPUB     Commerical and public services
2486  f68_ONONSPEC    Final consumption not elsewhere specified
2487  /
2488   
2489  f_household(flow)
2490  /
2491  f69_RESIDENT    Residential
2492  /
2493   
2494  f_roadrail(flow)
2495  /
2496  f70_ROAD        Road
2497  f71_RAIL        Rail
2498  f74_PIPELINE    Pipeline transport
2499  f75_TRNONSPE    Transport not elsewhere
2500  /
2501   
2502  f_domeair(flow)
2503  /
2504  f72_DOMESAIR    Domestic aviation
2505  /
2506   
2507  f_domewater(flow)
2508  /
2509  f73_DOMESNAV    Domestic navigation
2510  /
2511   
2512  *Non-energy
2513  f_nemining(flow)
2514  /
2515  f76_NEMINING    Non energy use in mining and quarrying
2516  /
2517   
2518  f_nefoodpro(flow)
2519  /
2520  f77_NEFOODPRO   Non energy use in food beverages tobacco
2521  /
2522   
2523  f_netextiles(flow)
2524  /
2525  f78_NETEXTILES  Non energy use in textiles and leather
2526  /
2527   
2528  f_newoodpro(flow)
2529  /
2530  f79_NEWOODPRO   Non energy use in wood and wood products
2531  /
2532   
2533  f_nepaperpro(flow)
2534  /
2535  f80_NEPAPERPRO  Non energy use in paper pulp and printing
2536  /
2537   
2538  f_nechemical(flow)
2539  /
2540  f81_NECHEM      Non energy use in chemical petrochemical
2541  /
2542   
2543  f_nenonmet(flow)
2544  /
2545  f82_NENONMET    Non energy use in non metallic minerals
2546  /
2547   
2548  f_neironstl(flow)
2549  /
2550  f83_NEIRONSTL   Non energy use in iron and steel
2551  /
2552   
2553  f_nenonferr(flow)
2554  /
2555  f84_NENONFERR   Non energy use in non ferrous metals
2556  /
2557   
2558  f_nemachine(flow)
2559  /
2560  f85_NEMACHINE   Non energy use in machinery
2561  /
2562   
2563  f_netranseq(flow)
2564  /
2565  f86_NETRANSEQ   Non energy use in transport equipment
2566  /
2567   
2568  f_neotherind(flow)
2569  /
2570  f87_NEINONSPEC  Non energy use in non specified industry
2571  /
2572   
2573  f_neconstruc(flow)
2574  /
2575  f88_NECONSTRUC  Non energy use in construction
2576  /
2577   
2578  f_netransport(flow)
2579  /
2580  f90_NETRANS     Non energy use in transport
2581  /
2582   
2583  f_neother(flow)
2584  /
2585  f89_NEOTHER     Non energy use in other residential commerical public services agriculture forestry and fishing
2586  /
2587   
2588  f_elecoutput(flow)
2589  /
2590  f99_ELOUTPUT    Electrictiy output GWh
2591  /
2592   
2593  f_TES(flow)
2594  /
2595  f7_TES          Total energy supply
2596  /
2597   
2598  f_marine_bunker(flow)
2599  /
2600  f4_MARBUNK      International marine bunkers
2601  /
2602   
2603  f_aviation_bunker(flow)
2604  /
2605  f5_AVBUNK       International aviation bunkers
2606  /
2607   
2608  type
2609  /
2610  CO2EF
2611  Stored_rate
2612  CH4EF_Energy
2613  N2OEF_Energy
2614  CH4EF_Industry
2615  N2OEF_Industry
2616  CH4EF_LTRP
2617  N2OEF_LTRP
2618  CH4EF_ATRP
2619  N2OEF_ATRP
2620  CH4EF_WTRP
2621  N2OEF_WTRP
2622  CH4EF_Other
2623  N2OEF_Other
2624  /
2625   
2626  punit
2627  /
2628  physical
2629  /
2630   
2631  ;
2632   
2633  Alias(p_coal, p_coal2);
2634  Alias(p_coal3, p_coal4);
2635  Alias(p_gas, p_gas2);
2636  Alias(p_oil, p_oil2);
2637  Alias(p_oilproduct, p_oilproduct2);
2638  Alias(p_elecheat, p_elecheat2);
2639  Alias(p_waste, p_waste2);
2640  Alias(p_bio, p_bio2);
2641  Alias(p_charcoal, p_charcoal2);
2642  Alias(p_geo, p_geo2);
2643  Alias(p_solar, p_solar2);
2644   
2645  *=== Import from Excel using GDX utilities
2646  *Unit 2019 ktoe
2647  Parameter
2648  WEB_KOR(flow,product),
2649  WEB_CHN(flow,product),
2650  WEB_JPN(flow,product),
2651  WEB_RUS(flow,product),
2652  WEB_MNG(flow,product),
2653  WEB_PRK(flow,product),
2654  WEB_NAM(flow,product),
2655  WEB_LAM(flow,product),
2656  WEB_WEU(flow,product),
2657  WEB_EEU(flow,product),
2658  WEB_FSU(flow,product),
2659  WEB_MEA(flow,product),
2660  WEB_AFR(flow,product),
2661  WEB_CPA(flow,product),
2662  WEB_SAS(flow,product),
2663  WEB_PAS(flow,product),
2664  WEB_PAO(flow,product),
2665  GHGsEF(product,type) kgC per TJ,
2666  physical_unit(product,punit)
2667  ;
2668   
2690   
GDXIN   C:\Users\kimc0\GUIDE_GLOBAL_CGE\2.GUIDE-GLOBAL-CGE_v1\Input_WEB\250328_WEB19.gdx
--- LOAD  WEB_KOR = 1:WEB_KOR
--- LOAD  WEB_CHN = 2:WEB_CHN
--- LOAD  WEB_JPN = 3:WEB_JPN
--- LOAD  WEB_RUS = 4:WEB_RUS
--- LOAD  WEB_MNG = 5:WEB_MNG
--- LOAD  WEB_PRK = 6:WEB_PRK
--- LOAD  WEB_NAM = 7:WEB_NAM
--- LOAD  WEB_LAM = 8:WEB_LAM
--- LOAD  WEB_WEU = 9:WEB_WEU
--- LOAD  WEB_EEU = 10:WEB_EEU
--- LOAD  WEB_FSU = 11:WEB_FSU
--- LOAD  WEB_MEA = 12:WEB_MEA
--- LOAD  WEB_AFR = 13:WEB_AFR
--- LOAD  WEB_CPA = 14:WEB_CPA
--- LOAD  WEB_SAS = 15:WEB_SAS
--- LOAD  WEB_PAS = 16:WEB_PAS
--- LOAD  WEB_PAO = 17:WEB_PAO
--- LOAD  GHGsEF = 18:GHGsEF
--- LOAD  physical_unit = 19:physical_unit
2694   
2695  Parameter WEB(flow,product,z);
2696  WEB(flow,product,'01_KOR') =  WEB_KOR(flow,product);
2697  WEB(flow,product,'02_CHN') =  WEB_CHN(flow,product);
2698  WEB(flow,product,'03_JPN') =  WEB_JPN(flow,product);
2699  WEB(flow,product,'04_RUS') =  WEB_RUS(flow,product);
2700  WEB(flow,product,'05_MNG') =  WEB_MNG(flow,product);
2701  WEB(flow,product,'06_PRK') =  WEB_PRK(flow,product);
2702  WEB(flow,product,'07_NAM') =  WEB_NAM(flow,product);
2703  WEB(flow,product,'08_LAM') =  WEB_LAM(flow,product);
2704  WEB(flow,product,'09_WEU') =  WEB_WEU(flow,product);
2705  WEB(flow,product,'10_EEU') =  WEB_EEU(flow,product);
2706  WEB(flow,product,'11_FSU') =  WEB_FSU(flow,product);
2707  WEB(flow,product,'12_MEA') =  WEB_MEA(flow,product);
2708  WEB(flow,product,'13_AFR') =  WEB_AFR(flow,product);
2709  WEB(flow,product,'14_CPA') =  WEB_CPA(flow,product);
2710  WEB(flow,product,'15_SAS') =  WEB_SAS(flow,product);
2711  WEB(flow,product,'16_PAS') =  WEB_PAS(flow,product);
2712  WEB(flow,product,'17_PAO') =  WEB_PAO(flow,product);
2713   
2714  execute_unload 'Input_WEB/WEB_2019.gdx',
2715  *Sets
2716  WEB, GHGsEF  ;
2717   
2718  Parameter
2719   TCoke_Share(f_cokeoven,product,z)
2720   TBlast_Share(f_balstfur,product,z)
2721  ;
2722   
2723  Parameter
2724   Coal_DIO(p_coal,j,z)            Intermediate consumption of coal products by industry j in region z
2725   Coal_CO(p_coal,z)               Household consumption of coal products in region z
2726   CoalR_DIO(p_coal,j,z)           Intermediate consumption ratio of coal products by industry j in region z
2727   CoalR_CO(p_coal,z)              Household consumption ratio of coal products in region z
2728   Coal_Marine(p_coal,z)           Marine Bunker consumption of coal products
2729   Coal_Aviation(p_coal,z)         Aviation Bunker consumption of coal products
2730   
2731   Gas_DIO(p_gas,j,z)              Intermediate consumption of gas products by industry j in region z
2732   Gas_CO(p_gas,z)                 Household consumption of gas products in region z
2733   GasR_DIO(p_gas,j,z)             Intermediate consumption ratio of gas products by industry j in region z
2734   GasR_CO(p_gas,z)                Household consumption ratio of gas products in region z
2735   Gas_Marine(p_gas,z)             Marine Bunker consumption of coal products
2736   Gas_Aviation(p_gas,z)           Aviation Bunker consumption of coal products
2737   
2738   Oil_DIO(p_oil,j,z)              Intermediate consumption of crudeoil by industry j in region z
2739   Oil_CO(p_oil,z)                 Household consumption of crudeoil in region z
2740   OilR_DIO(p_oil,j,z)             Intermediate consumption ratio of crudeoil by industry j in region z
2741   Oil_Marine(p_oil,z)             Marine Bunker consumption of crudeoil
2742   Oil_Aviation(p_oil,z)           Aviation Bunker consumption of crudeoil
2743   
2744   Oilp_DIO(p_oilproduct,j,z)      Intermediate consumption of petrolcoal by industry j in region z
2745   Oilp_CO(p_oilproduct,z)         Household consumption of petrolcoal products in region z
2746   OilpR_DIO(p_oilproduct,j,z)     Intermediate consumption ratio of petrolcoal products by industry j in region z
2747   OilpR_CO(p_oilproduct,z)        Household consumption ratio of petrolcoal products in region z
2748   Oilp_Marine(p_oilproduct,z)     Marine Bunker consumption of oil products
2749   Oilp_Aviation(p_oilproduct,z)   Aviation Bunker consumption of oil products
2750   
2751   Elec_DIO(p_elecheat,j,z)        Intermediate consumption of electricity by industry j in region z
2752   Elec_CO(p_elecheat,z)           Household consumption of electricity in region z
2753   ElecR_DIO(p_elecheat,j,z)       Intermediate consumption ratio of electricity by industry j in region z
2754   ElecR_CO(p_elecheat,z)          Household consumption ratio of electricity in region z
2755   
2756   NCoal_DIO(p_coal,j,z)           Intermediate consumption of non energy coal products by industry j in region z
2757   NCoalR_DIO(p_coal,j,z)          Intermediate consumption ratio of non energy coal products by industry j in region z
2758   
2759   NGas_DIO(p_gas,j,z)             Intermediate consumption of non energy gas products by industry j in region z
2760   NGasR_DIO(p_gas,j,z)            Intermediate consumption ratio of non energy gas products by industry j in region z
2761   
2762   NOil_DIO(p_oil,j,z)             Intermediate consumption of non energy oil by industry j in region z
2763   NOilR_DIO(p_oil,j,z)            Intermediate consumption ratio of non-energy oil by industry j in region z
2764   
2765   NOilp_DIO(p_oilproduct,j,z)     Intermediate consumption of non energy oilproducts by industry j in region z
2766   NOilpR_DIO(p_oilproduct,j,z)    Intermediate consumption ratio of non energy oilproducts by industry j in region z
2767   
2768   Waste_DIO(p_waste,j,z)          Intermediate consumption of waste energy by industry j in region z
2769   Waste_CO(p_waste,z)             Household consumption of waste energy in region z
2770   WasteR_DIO(p_waste,j,z)         Intermediate consumption ratio of waste energy by industry j in region z
2771   WasteR_CO(p_waste,z)            Household consumption ratio of waste energy in region z
2772   
2773   Bio_DIO(p_bio,j,z)              Intermediate consumption of bio energy by industry j in region z
2774   Bio_CO(p_bio,z)                 Household consumption of bio energy in region z
2775   BioR_DIO(p_bio,j,z)             Intermediate consumption ratio of bio energy by industry j in region z
2776   BioR_CO(p_bio,z)                Household consumption ratio of bio energy in region z
2777   Bio_Marine(p_bio,z)             Marine Bunker consumption of waste energy
2778   Bio_Aviation(p_bio,z)           Aviation Bunker consumption of waste energy
2779   
2780   Charcoal_DIO(p_charcoal,j,z)    Intermediate consumption of charcoal energy by industry j in region z
2781   Charcoal_CO(p_charcoal,z)       Household consumption of charcoal energy in region z
2782   CharcoalR_DIO(p_charcoal,j,z)   Intermediate consumption ratio of charcoal energy by industry j in region z
2783   CharcoalR_CO(p_charcoal,z)      Household consumption ratio of charcoal energy in region z
2784   
2785   Solar_DIO(p_solar,j,z)          Intermediate consumption of solar energy by industry j in region z
2786   Solar_CO(p_solar,z)             Household consumption of solar energy in region z
2787   SolarR_DIO(p_solar,j,z)         Intermediate consumption ratio of solar energy by industry j in region z
2788   SolarR_CO(p_solar,z)            Household consumption ratio of solar energy in region z
2789   
2790   Geo_DIO(p_geo,j,z)              Intermediate consumption of geothermal energy by industry j in region z
2791   Geo_CO(p_geo,z)                 Household consumption of geothermal energy in region z
2792   GeoR_DIO(p_geo,j,z)             Intermediate consumption ratio of geothermal energy by industry j in region z
2793   GeoR_CO(p_geo,z)                Household consumption ratio of geothermal energy in region z
2794   
2795   Coal_Total(p_coal,z)
2796   Gas_Total(p_gas,z)
2797   Oilp_Total(p_oilproduct,z)
2798   ELec_Total(p_elecheat,z)
2799   NCoal_Total(p_coal,z)
2800   NGas_Total(p_gas,z)
2801   NOilp_Total(p_oilproduct,z)
2802   Waste_Total(p_waste,z)
2803   Bio_Total(p_bio,z)
2804   Charcoal_Total(p_charcoal,z)
2805   Solar_Total(p_solar,z)
2806   Geo_Total(p_geo,z)
2807   
2808   TES_Coal(p_coal_TES,z)        Primary Energy Supply Coal
2809   TES_Gas(p_gas,z)              Primary Energy Supply Gas
2810   TES_Oil(p_oil,z)              Primary Energy Supply Oil
2811   
2812   ElecNucGWh(j,z)     Nuclear Output GWh
2813   ElecCoalGWh(j,z)    Coal Output GWh
2814   ElecGasGWh(j,z)     Gas Output GWh
2815   ElecOilGWh(j,z)     Oil Output GWh
2816   ElecSolarGWh(j,z)   Solar Output GWh
2817   ElecWindGWh(j,z)    Wind Output GWh
2818   ElecHydroGWh(j,z)   Hydro Output GWh
2819  * ElecOtherGWh(j,z)   Other Output GWh
2820   ElecwasteGWh(j,z)   waste Output GWh
2821   ElecbioGWh(j,z)     bio Output GWh
2822   ElecgeoGWh(j,z)     geothermal Output GWh
2823   ElecOtherGWh(j,z)   Other Output GWh
2824   
2825  ;
2826  *
2827   
2828  *f_balstfur(flow)
2829  *f_cokeoven(flow)
2830  * WEB(f_balstfur, 'p4_COKCOAL', z) = WEB(f_cokeoven, 'p66_TOTAL', z) ;
2831  * WEB(f_cokeoven, 'p4_COKCOAL', z) = WEB(f_cokeoven, 'p66_TOTAL', z) ;
2832   
2833   TCoke_Share(f_cokeoven,p_coal,z)$(WEB(f_cokeoven, p_coal, z) lt 0)  = WEB(f_cokeoven, p_coal, z)$(WEB(f_cokeoven, p_coal, z) lt 0)/sum(p_coal2, WEB(f_cokeoven, p_coal2, z)$(WEB(f_cokeoven, p_coal2, z) lt 0)) ;
2834   TBlast_Share(f_balstfur,p_coal,z)$(WEB(f_balstfur, p_coal, z) lt 0) = WEB(f_balstfur, p_coal, z)$(WEB(f_balstfur, p_coal, z) lt 0)/sum(p_coal2, WEB(f_balstfur, p_coal2, z)$(WEB(f_balstfur, p_coal2, z) lt 0)) ;
2835   
2836  display TCoke_Share, TBlast_Share ;
2837   
2838  *Coal
2839   Coal_DIO(p_coal,'01_AGRICULT',z) = sum((f_agri), WEB(f_agri, p_coal, z));
2840   Coal_DIO(p_coal,'02_COAL',z) = -1*sum((f_coa), WEB(f_coa, p_coal, z));
2841   Coal_DIO(p_coal,'03_OIL',z) = -1*sum((f_oil), WEB(f_oil, p_coal, z));
2842   Coal_DIO(p_coal,'04_GAS',z) = -1*sum((f_gas), WEB(f_gas, p_coal, z));
2843   Coal_DIO(p_coal,'05_MINING',z) = sum((f_mining), WEB(f_mining, p_coal, z));
2844   Coal_DIO(p_coal,'06_FOODPRO',z) = sum((f_foodpro), WEB(f_foodpro, p_coal, z));
2845   Coal_DIO(p_coal,'07_TEXTILES',z) = sum((f_textiles), WEB(f_textiles, p_coal, z));
2846   Coal_DIO(p_coal,'08_WOODPRO',z) = sum((f_woodpro), WEB(f_woodpro, p_coal, z));
2847   Coal_DIO(p_coal,'09_PAPERPRO',z) = sum((f_paperpro), WEB(f_paperpro, p_coal, z));
2848   Coal_DIO(p_coal5,'10_PETROLCOAL',z) = -1*sum((f_petrolcoal), WEB(f_petrolcoal, p_coal5, z));
2849   Coal_DIO(p_coal,'11_CHEMICAL',z) = sum((f_chemical), WEB(f_chemical, p_coal, z));
2850   Coal_DIO(p_coal,'12_NONMET',z) = sum((f_nonmet), WEB(f_nonmet, p_coal, z));
2851   Coal_DIO(p_coal,'13_IRONSTL',z) = sum((f_ironstl), WEB(f_ironstl, p_coal, z))
2852   + sum(f_cokeoven, -1*TCoke_Share(f_cokeoven,p_coal,z)*WEB(f_cokeoven, 'p66_TOTAL', z))
2853   + sum(f_balstfur, -1*TBlast_Share(f_balstfur,p_coal,z)*WEB(f_balstfur, 'p66_TOTAL', z))
2854   + sum((f_Eblastcoke), -1*WEB(f_Eblastcoke, p_coal, z))
2855  ;
2856   
2857   Coal_DIO(p_coal,'14_NONFERR',z) = sum((f_nonferr), WEB(f_nonferr, p_coal, z));
2858   Coal_DIO(p_coal,'15_MACHINE',z) = sum((f_machine), WEB(f_machine, p_coal, z));
2859   Coal_DIO(p_coal,'16_TRANSEQ',z) = sum((f_transeq), WEB(f_transeq, p_coal, z));
2860   Coal_DIO(p_coal,'17_OTHERIND',z) = sum((f_otherind), WEB(f_otherind, p_coal, z));
2861   Coal_DIO(p_coal,'18_TnD',z) = 0 ;
2862   Coal_DIO(p_coal,'19_eNuclear',z) = 0 ;
2863   Coal_DIO(p_coal,'20_eCoal',z) = -1*sum((f_elec), WEB(f_elec, p_coal, z));
2864   Coal_DIO(p_coal,'19_eNuclear',z) = 0 ;
2865   Coal_DIO(p_coal,'21_eGas',z) = 0 ;
2866   Coal_DIO(p_coal,'22_eOil',z) = 0 ;
2867   Coal_DIO(p_coal,'23_eWind',z) = 0 ;
2868   Coal_DIO(p_coal,'24_eSolar',z) = 0 ;
2869   Coal_DIO(p_coal,'25_eHydro',z) = 0 ;
2870   Coal_DIO(p_coal,'26_eOther',z) = 0 ;
2871   Coal_DIO(p_coal,'27_CONSTRUC',z) = sum((f_construc), WEB(f_construc, p_coal, z));
2872   Coal_DIO(p_coal,'28_LTRP',z) = sum((f_roadrail), WEB(f_roadrail, p_coal, z));
2873   Coal_DIO(p_coal,'29_WTRP',z) = sum((f_domewater), WEB(f_domewater, p_coal, z));
2874   Coal_DIO(p_coal,'30_ATRP',z) = sum((f_domeair), WEB(f_domeair, p_coal, z));
2875   Coal_DIO(p_coal,'31_SER',z) = sum((f_ser), WEB(f_ser, p_coal, z));
2876   Coal_CO(p_coal,z) = sum((f_household), WEB(f_household, p_coal, z));
2877   
2878   Coal_Marine(p_coal,z)   = -1*sum((f_marine_bunker), WEB(f_marine_bunker, p_coal, z));
2879   Coal_Aviation(p_coal,z) = -1*sum((f_aviation_bunker), WEB(f_aviation_bunker, p_coal, z));
2880   
2881  *Ratio
2882  Loop(j,
2883      CoalR_DIO(p_coal,j,z)$(Coal_DIO(p_coal,j,z) gt 0)
2884           = Coal_DIO(p_coal,j,z)/sum(p_coal2, Coal_DIO(p_coal2,j,z));
2885       );
2886   
2887   CoalR_CO(p_coal,z)$(Coal_CO(p_coal,z) gt 0)  = Coal_CO(p_coal,z)/ sum(p_coal2, Coal_CO(p_coal2,z));
2888   
2889  display Coal_DIO, CoalR_DIO, CoalR_CO ;
2890   
2891  *Gas
2892   Gas_DIO(p_gas,'01_AGRICULT',z) = sum((f_agri), WEB(f_agri, p_gas, z));
2893   Gas_DIO(p_gas,'02_COAL',z) = -1*sum((f_coa), WEB(f_coa, p_gas, z));
2894   Gas_DIO(p_gas,'03_OIL',z) = 0;
2895   Gas_DIO(p_gas,'04_GAS',z) = -1*sum((f_gas), WEB(f_gas, p_gas, z));
2896   Gas_DIO(p_gas,'05_MINING',z) = sum((f_mining), WEB(f_mining, p_gas, z));
2897   Gas_DIO(p_gas,'06_FOODPRO',z) = sum((f_foodpro), WEB(f_foodpro, p_gas, z));
2898   Gas_DIO(p_gas,'07_TEXTILES',z) = sum((f_textiles), WEB(f_textiles, p_gas, z));
2899   Gas_DIO(p_gas,'08_WOODPRO',z) = sum((f_woodpro), WEB(f_woodpro, p_gas, z));
2900   Gas_DIO(p_gas,'09_PAPERPRO',z) = sum((f_paperpro), WEB(f_paperpro, p_gas, z));
2901   Gas_DIO(p_gas,'10_PETROLCOAL',z) = -1*sum((f_petrolcoal), WEB(f_petrolcoal, p_gas, z));
2902   Gas_DIO(p_gas,'11_CHEMICAL',z) = sum((f_chemical), WEB(f_chemical, p_gas, z));
2903   Gas_DIO(p_gas,'12_NONMET',z) = sum((f_nonmet), WEB(f_nonmet, p_gas, z));
2904   Gas_DIO(p_gas,'13_IRONSTL',z) = sum((f_ironstl), WEB(f_ironstl, p_gas, z));
2905   Gas_DIO(p_gas,'14_NONFERR',z) = sum((f_nonferr), WEB(f_nonferr, p_gas, z));
2906   Gas_DIO(p_gas,'15_MACHINE',z) = sum((f_machine), WEB(f_machine, p_gas, z));
2907   Gas_DIO(p_gas,'16_TRANSEQ',z) = sum((f_transeq), WEB(f_transeq, p_gas, z));
2908   Gas_DIO(p_gas,'17_OTHERIND',z) = sum((f_otherind), WEB(f_otherind, p_gas, z));
2909   Gas_DIO(p_gas,'18_TnD',z) = 0 ;
2910   Gas_DIO(p_gas,'19_eNuclear',z) = 0 ;
2911   Gas_DIO(p_gas,'20_eCoal',z) = 0;
2912   Gas_DIO(p_gas,'19_eNuclear',z) = 0 ;
2913   Gas_DIO(p_gas,'21_eGas',z) = -1*sum((f_elec), WEB(f_elec, p_gas, z)) ;
2914   Gas_DIO(p_gas,'22_eOil',z) = 0 ;
2915   Gas_DIO(p_gas,'23_eWind',z) = 0 ;
2916   Gas_DIO(p_gas,'24_eSolar',z) = 0 ;
2917   Gas_DIO(p_gas,'25_eHydro',z) = 0 ;
2918   Gas_DIO(p_gas,'26_eOther',z) = 0 ;
2919   Gas_DIO(p_gas,'27_CONSTRUC',z) = sum((f_construc), WEB(f_construc, p_gas, z));
2920   Gas_DIO(p_gas,'28_LTRP',z) = sum((f_roadrail), WEB(f_roadrail, p_gas, z));
2921   Gas_DIO(p_gas,'29_WTRP',z) = sum((f_domewater), WEB(f_domewater, p_gas, z));
2922   Gas_DIO(p_gas,'30_ATRP',z) = sum((f_domeair), WEB(f_domeair, p_gas, z));
2923   Gas_DIO(p_gas,'31_SER',z) = sum((f_ser), WEB(f_ser, p_gas, z));
2924   Gas_CO(p_gas,z) = sum((f_household), WEB(f_household, p_gas, z));
2925   
2926   Gas_Marine(p_gas,z)   = -1*sum((f_marine_bunker), WEB(f_marine_bunker, p_gas, z));
2927   Gas_Aviation(p_gas,z) = -1*sum((f_aviation_bunker), WEB(f_aviation_bunker, p_gas, z));
2928   
2929  *Ratio
2930  Loop(j,
2931      GasR_DIO(p_gas,j,z)$(Gas_DIO(p_gas,j,z) gt 0)
2932           = Gas_DIO(p_gas,j,z)/sum(p_gas2, Gas_DIO(p_gas2,j,z));
2933       );
2934   
2935   GasR_CO(p_gas,z)$(Gas_CO(p_gas,z) gt 0)  = Gas_CO(p_gas,z)/ sum(p_gas2, Gas_CO(p_gas2,z));
2936   
2937   
2938  display Gas_DIO, GasR_DIO, GasR_CO ;
2939   
2940  *Oil
2941   Oil_DIO(p_oil,'01_AGRICULT',z) = sum((f_agri), WEB(f_agri, p_oil, z));
2942   Oil_DIO(p_oil,'02_COAL',z) = -1*sum((f_coa), WEB(f_coa, p_oil, z));
2943   Oil_DIO(p_oil,'03_OIL',z) = -1*sum((f_oil), WEB(f_oil, p_oil, z));
2944   Oil_DIO(p_oil,'04_GAS',z) = 0;
2945   Oil_DIO(p_oil,'05_MINING',z) = sum((f_mining), WEB(f_mining, p_oil, z));
2946   Oil_DIO(p_oil,'06_FOODPRO',z) = sum((f_foodpro), WEB(f_foodpro, p_oil, z));
2947   Oil_DIO(p_oil,'07_TEXTILES',z) = sum((f_textiles), WEB(f_textiles, p_oil, z));
2948   Oil_DIO(p_oil,'08_WOODPRO',z) = sum((f_woodpro), WEB(f_woodpro, p_oil, z));
2949   Oil_DIO(p_oil,'09_PAPERPRO',z) = sum((f_paperpro), WEB(f_paperpro, p_oil, z));
2950   Oil_DIO(p_oil,'10_PETROLCOAL',z) = -1*sum((f_petrolcoal), WEB(f_petrolcoal, p_oil, z));
2951   Oil_DIO(p_oil,'11_CHEMICAL',z) = sum((f_chemical), WEB(f_chemical, p_oil, z));
2952   Oil_DIO(p_oil,'12_NONMET',z) = sum((f_nonmet), WEB(f_nonmet, p_oil, z));
2953   Oil_DIO(p_oil,'13_IRONSTL',z) = sum((f_ironstl), WEB(f_ironstl, p_oil, z));
2954   Oil_DIO(p_oil,'14_NONFERR',z) = sum((f_nonferr), WEB(f_nonferr, p_oil, z));
2955   Oil_DIO(p_oil,'15_MACHINE',z) = sum((f_machine), WEB(f_machine, p_oil, z));
2956   Oil_DIO(p_oil,'16_TRANSEQ',z) = sum((f_transeq), WEB(f_transeq, p_oil, z));
2957   Oil_DIO(p_oil,'17_OTHERIND',z) = sum((f_otherind), WEB(f_otherind, p_oil, z));
2958   Oil_DIO(p_oil,'18_TnD',z) = 0 ;
2959   Oil_DIO(p_oil,'19_eNuclear',z) = 0 ;
2960   Oil_DIO(p_oil,'20_eCoal',z) = 0 ;
2961   Oil_DIO(p_oil,'19_eNuclear',z) = 0 ;
2962   Oil_DIO(p_oil,'21_eGas',z) = 0 ;
2963   Oil_DIO(p_oil,'22_eOil',z) = 0 ;
2964   Oil_DIO(p_oil,'23_eWind',z) = 0 ;
2965   Oil_DIO(p_oil,'24_eSolar',z) = 0 ;
2966   Oil_DIO(p_oil,'25_eHydro',z) = 0 ;
2967   Oil_DIO(p_oil,'26_eOther',z) = 0 ;
2968   Oil_DIO(p_oil,'27_CONSTRUC',z) = sum((f_construc), WEB(f_construc, p_oil, z));
2969   Oil_DIO(p_oil,'28_LTRP',z) = sum((f_roadrail), WEB(f_roadrail, p_oil, z));
2970   Oil_DIO(p_oil,'29_WTRP',z) = sum((f_domewater), WEB(f_domewater, p_oil, z));
2971   Oil_DIO(p_oil,'30_ATRP',z) = sum((f_domeair), WEB(f_domeair, p_oil, z));
2972   Oil_DIO(p_oil,'31_SER',z) = sum((f_ser), WEB(f_ser, p_oil, z));
2973   Oil_CO(p_oil,z) = sum((f_household), WEB(f_household, p_oil, z));
2974   
2975   Oil_Marine(p_oil,z)   = -1*sum((f_marine_bunker), WEB(f_marine_bunker, p_oil, z));
2976   Oil_Aviation(p_oil,z) = -1*sum((f_aviation_bunker), WEB(f_aviation_bunker, p_oil, z));
2977   
2978  *Ratio
2979  Loop(j,
2980      OilR_DIO(p_oil,j,z)$(Oil_DIO(p_oil,j,z) gt 0)
2981           = Oil_DIO(p_oil,j,z)/sum(p_oil2, Oil_DIO(p_oil2,j,z));
2982       );
2983   
2984  display Oil_DIO, OilR_DIO ;
2985   
2986  *Oilproducts
2987   Oilp_DIO(p_oilproduct,'01_AGRICULT',z) = sum((f_agri), WEB(f_agri, p_oilproduct, z));
2988   Oilp_DIO(p_oilproduct,'02_COAL',z) = -1*sum((f_coa), WEB(f_coa, p_oilproduct, z));
2989   Oilp_DIO(p_oilproduct,'03_OIL',z) = -1*sum((f_oil), WEB(f_oil, p_oilproduct, z));
2990   Oilp_DIO(p_oilproduct,'04_GAS',z) = 0;
2991   Oilp_DIO(p_oilproduct,'05_MINING',z) = sum((f_mining), WEB(f_mining, p_oilproduct, z));
2992   Oilp_DIO(p_oilproduct,'06_FOODPRO',z) = sum((f_foodpro), WEB(f_foodpro, p_oilproduct, z));
2993   Oilp_DIO(p_oilproduct,'07_TEXTILES',z) = sum((f_textiles), WEB(f_textiles, p_oilproduct, z));
2994   Oilp_DIO(p_oilproduct,'08_WOODPRO',z) = sum((f_woodpro), WEB(f_woodpro, p_oilproduct, z));
2995   Oilp_DIO(p_oilproduct,'09_PAPERPRO',z) = sum((f_paperpro), WEB(f_paperpro, p_oilproduct, z));
2996   Oilp_DIO(p_oilproduct,'10_PETROLCOAL',z) = -1*sum((f_petrolcoal), WEB(f_petrolcoal, p_oilproduct, z));
2997   
2998   Oilp_DIO(p_oilproduct,'11_CHEMICAL',z) = sum((f_chemical), WEB(f_chemical, p_oilproduct, z))
2999  * + sum(f_tpetrochem, -1*WEB(f_tpetrochem, p_oilproduct, z)$(WEB(f_tpetrochem, p_oilproduct, z) lt 0))
3000   ;
3001   
3002   Oilp_DIO(p_oilproduct,'12_NONMET',z) = sum((f_nonmet), WEB(f_nonmet, p_oilproduct, z));
3003   Oilp_DIO(p_oilproduct,'13_IRONSTL',z) = sum((f_ironstl), WEB(f_ironstl, p_oilproduct, z));
3004   Oilp_DIO(p_oilproduct,'14_NONFERR',z) = sum((f_nonferr), WEB(f_nonferr, p_oilproduct, z));
3005   Oilp_DIO(p_oilproduct,'15_MACHINE',z) = sum((f_machine), WEB(f_machine, p_oilproduct, z));
3006   Oilp_DIO(p_oilproduct,'16_TRANSEQ',z) = sum((f_transeq), WEB(f_transeq, p_oilproduct, z));
3007   Oilp_DIO(p_oilproduct,'17_OTHERIND',z) = sum((f_otherind), WEB(f_otherind, p_oilproduct, z));
3008   Oilp_DIO(p_oilproduct,'18_TnD',z) = 0 ;
3009   Oilp_DIO(p_oilproduct,'19_eNuclear',z) = 0 ;
3010   Oilp_DIO(p_oilproduct,'20_eCoal',z) = 0 ;
3011   Oilp_DIO(p_oilproduct,'19_eNuclear',z) = 0 ;
3012   Oilp_DIO(p_oilproduct,'21_eGas',z) = 0 ;
3013   Oilp_DIO(p_oilproduct,'22_eOil',z) = -1*sum((f_elec), WEB(f_elec, p_oilproduct, z)) ;
3014   Oilp_DIO(p_oilproduct,'23_eWind',z) = 0 ;
3015   Oilp_DIO(p_oilproduct,'24_eSolar',z) = 0 ;
3016   Oilp_DIO(p_oilproduct,'25_eHydro',z) = 0 ;
3017   Oilp_DIO(p_oilproduct,'26_eOther',z) = 0 ;
3018   Oilp_DIO(p_oilproduct,'27_CONSTRUC',z) = sum((f_construc), WEB(f_construc, p_oilproduct, z));
3019   Oilp_DIO(p_oilproduct,'28_LTRP',z) = sum((f_roadrail), WEB(f_roadrail, p_oilproduct, z));
3020   Oilp_DIO(p_oilproduct,'29_WTRP',z) = sum((f_domewater), WEB(f_domewater, p_oilproduct, z));
3021   Oilp_DIO(p_oilproduct,'30_ATRP',z) = sum((f_domeair), WEB(f_domeair, p_oilproduct, z));
3022   Oilp_DIO(p_oilproduct,'31_SER',z) = sum((f_ser), WEB(f_ser, p_oilproduct, z));
3023   Oilp_CO(p_oilproduct,z) = sum((f_household), WEB(f_household, p_oilproduct, z));
3024   
3025   Oilp_Marine(p_oilproduct,z)   = -1*sum((f_marine_bunker), WEB(f_marine_bunker, p_oilproduct, z));
3026   Oilp_Aviation(p_oilproduct,z) = -1*sum((f_aviation_bunker), WEB(f_aviation_bunker, p_oilproduct, z));
3027   
3028  *Ratio
3029  Loop(j,
3030      OilpR_DIO(p_oilproduct,j,z)$(Oilp_DIO(p_oilproduct,j,z) gt 0)
3031           = Oilp_DIO(p_oilproduct,j,z)/sum(p_oilproduct2, Oilp_DIO(p_oilproduct2,j,z));
3032       );
3033   
3034   OilpR_CO(p_oilproduct,z)$(Oilp_CO(p_oilproduct,z) gt 0)  = Oilp_CO(p_oilproduct,z)/ sum(p_oilproduct2, Oilp_CO(p_oilproduct2,z));
3035   
3036   
3037  display Oilp_DIO, Oilp_CO, OilpR_DIO, OilpR_CO ;
3038   
3039  *Electricity/Heat
3040   Elec_DIO(p_elecheat,'01_AGRICULT',z) = sum((f_agri), WEB(f_agri, p_elecheat, z));
3041   Elec_DIO(p_elecheat,'02_COAL',z) = -1*sum((f_coa), WEB(f_coa, p_elecheat, z));
3042   Elec_DIO(p_elecheat,'03_OIL',z) = 0;
3043   Elec_DIO(p_elecheat,'04_GAS',z) = -1*sum((f_gas), WEB(f_gas, p_elecheat, z));
3044   Elec_DIO(p_elecheat,'05_MINING',z) = sum((f_mining), WEB(f_mining, p_elecheat, z));
3045   Elec_DIO(p_elecheat,'06_FOODPRO',z) = sum((f_foodpro), WEB(f_foodpro, p_elecheat, z));
3046   Elec_DIO(p_elecheat,'07_TEXTILES',z) = sum((f_textiles), WEB(f_textiles, p_elecheat, z));
3047   Elec_DIO(p_elecheat,'08_WOODPRO',z) = sum((f_woodpro), WEB(f_woodpro, p_elecheat, z));
3048   Elec_DIO(p_elecheat,'09_PAPERPRO',z) = sum((f_paperpro), WEB(f_paperpro, p_elecheat, z));
3049   Elec_DIO(p_elecheat,'10_PETROLCOAL',z) = -1*sum((f_petrolcoal), WEB(f_petrolcoal, p_elecheat, z));
3050   Elec_DIO(p_elecheat,'11_CHEMICAL',z) = sum((f_chemical), WEB(f_chemical, p_elecheat, z));
3051   Elec_DIO(p_elecheat,'12_NONMET',z) = sum((f_nonmet), WEB(f_nonmet, p_elecheat, z));
3052   Elec_DIO(p_elecheat,'13_IRONSTL',z) = sum((f_ironstl), WEB(f_ironstl, p_elecheat, z));
3053   Elec_DIO(p_elecheat,'14_NONFERR',z) = sum((f_nonferr), WEB(f_nonferr, p_elecheat, z));
3054   Elec_DIO(p_elecheat,'15_MACHINE',z) = sum((f_machine), WEB(f_machine, p_elecheat, z));
3055   Elec_DIO(p_elecheat,'16_TRANSEQ',z) = sum((f_transeq), WEB(f_transeq, p_elecheat, z));
3056   Elec_DIO(p_elecheat,'17_OTHERIND',z) = sum((f_otherind), WEB(f_otherind, p_elecheat, z));
3057   Elec_DIO(p_elecheat,'18_TnD',z) = 0 ;
3058   Elec_DIO(p_elecheat,'19_eNuclear',z) = 0 ;
3059   Elec_DIO(p_elecheat,'20_eCoal',z) = 0;
3060   Elec_DIO(p_elecheat,'19_eNuclear',z) = 0 ;
3061   Elec_DIO(p_elecheat,'21_eGas',z) = 0 ;
3062   Elec_DIO(p_elecheat,'22_eOil',z) = 0 ;
3063   Elec_DIO(p_elecheat,'23_eWind',z) = 0 ;
3064   Elec_DIO(p_elecheat,'24_eSolar',z) = 0 ;
3065   Elec_DIO(p_elecheat,'25_eHydro',z) = 0 ;
3066   Elec_DIO(p_elecheat,'26_eOther',z) = 0 ;
3067   Elec_DIO(p_elecheat,'27_CONSTRUC',z) = sum((f_construc), WEB(f_construc, p_elecheat, z));
3068   Elec_DIO(p_elecheat,'28_LTRP',z) = sum((f_roadrail), WEB(f_roadrail, p_elecheat, z));
3069   Elec_DIO(p_elecheat,'29_WTRP',z) = sum((f_domewater), WEB(f_domewater, p_elecheat, z));
3070   Elec_DIO(p_elecheat,'30_ATRP',z) = sum((f_domeair), WEB(f_domeair, p_elecheat, z));
3071   Elec_DIO(p_elecheat,'31_SER',z) = sum((f_ser), WEB(f_ser, p_elecheat, z));
3072   Elec_CO(p_elecheat,z) = sum((f_household), WEB(f_household, p_elecheat, z));
3073   
3074  *Ratio
3075  Loop(j,
3076      ElecR_DIO(p_elecheat,j,z)$(Elec_DIO(p_elecheat,j,z) gt 0)
3077           = Elec_DIO(p_elecheat,j,z)/sum(p_elecheat2, Elec_DIO(p_elecheat2,j,z));
3078       );
3079   
3080   ElecR_CO(p_elecheat,z)$(Elec_CO(p_elecheat,z) gt 0)  = Elec_CO(p_elecheat,z)/ sum(p_elecheat2, Elec_CO(p_elecheat2,z));
3081   
3082  display Elec_DIO, Elec_CO, ElecR_DIO, ElecR_CO ;
3083   
3084  *Waste
3085   Waste_DIO(p_Waste,'01_AGRICULT',z)   = sum((f_agri), WEB(f_agri, p_waste, z));
3086   Waste_DIO(p_Waste,'02_COAL',z)       = sum((f_coa), WEB(f_coa, p_waste, z));
3087   Waste_DIO(p_Waste,'03_OIL',z)        = sum((f_oil), WEB(f_oil, p_waste, z));
3088   Waste_DIO(p_Waste,'04_GAS',z)        = sum((f_gas), WEB(f_gas, p_waste, z));
3089   Waste_DIO(p_Waste,'05_MINING',z)     = sum((f_mining), WEB(f_mining, p_waste, z));
3090   Waste_DIO(p_Waste,'06_FOODPRO',z)    = sum((f_foodpro), WEB(f_foodpro, p_waste, z));
3091   Waste_DIO(p_Waste,'07_TEXTILES',z)   = sum((f_textiles), WEB(f_textiles, p_waste, z));
3092   Waste_DIO(p_Waste,'08_WOODPRO',z)    = sum((f_woodpro), WEB(f_woodpro, p_waste, z));
3093   Waste_DIO(p_Waste,'09_PAPERPRO',z)   = sum((f_paperpro), WEB(f_paperpro, p_waste, z));
3094   Waste_DIO(p_Waste,'10_PETROLCOAL',z) = sum((f_petrolcoal), WEB(f_petrolcoal, p_waste, z));
3095   Waste_DIO(p_Waste,'11_CHEMICAL',z)   = sum((f_chemical), WEB(f_chemical, p_waste, z));
3096   Waste_DIO(p_Waste,'12_NONMET',z)     = sum((f_nonmet), WEB(f_nonmet, p_waste, z));
3097   Waste_DIO(p_Waste,'13_IRONSTL',z)    = sum((f_ironstl), WEB(f_ironstl, p_waste, z));
3098   Waste_DIO(p_Waste,'14_NONFERR',z)    = sum((f_nonferr), WEB(f_nonferr, p_waste, z));
3099   Waste_DIO(p_Waste,'15_MACHINE',z)    = sum((f_machine), WEB(f_machine, p_waste, z));
3100   Waste_DIO(p_Waste,'16_TRANSEQ',z)    = sum((f_transeq), WEB(f_transeq, p_waste, z));
3101   Waste_DIO(p_Waste,'17_OTHERIND',z)   = sum((f_otherind), WEB(f_otherind, p_waste, z));
3102   Waste_DIO(p_Waste,'18_TnD',z)        = 0 ;
3103   Waste_DIO(p_Waste,'19_eNuclear',z)   = 0 ;
3104   Waste_DIO(p_Waste,'20_eCoal',z)      = 0 ;
3105   Waste_DIO(p_Waste,'19_eNuclear',z)   = 0 ;
3106   Waste_DIO(p_Waste,'21_eGas',z)       = 0 ;
3107   Waste_DIO(p_Waste,'22_eOil',z)       = 0 ;
3108   Waste_DIO(p_Waste,'23_eWind',z)      = 0 ;
3109   Waste_DIO(p_Waste,'24_eSolar',z)     = 0 ;
3110   Waste_DIO(p_Waste,'25_eHydro',z)     = 0 ;
3111   Waste_DIO(p_Waste,'26_eOther',z)     = -1*sum((f_elec), WEB(f_elec, p_waste, z)) ;
3112   Waste_DIO(p_Waste,'27_CONSTRUC',z)   = sum((f_construc), WEB(f_construc, p_waste, z));
3113   Waste_DIO(p_Waste,'28_LTRP',z)       = sum((f_roadrail), WEB(f_roadrail, p_waste, z));
3114   Waste_DIO(p_Waste,'29_WTRP',z)       = sum((f_domewater), WEB(f_domewater, p_waste, z));
3115   Waste_DIO(p_Waste,'30_ATRP',z)       = sum((f_domeair), WEB(f_domeair, p_waste, z));
3116   Waste_DIO(p_Waste,'31_SER',z)        = sum((f_ser), WEB(f_ser, p_waste, z));
3117   Waste_CO(p_Waste,z)                  = sum((f_household), WEB(f_household, p_waste, z));
3118   
3119  *Ratio
3120  Loop(j,
3121      WasteR_DIO(p_waste,j,z)$(Waste_DIO(p_waste,j,z) gt 0)
3122           = Waste_DIO(p_waste,j,z)/sum(p_waste2, Waste_DIO(p_waste2,j,z));
3123       );
3124   
3125   WasteR_CO(p_waste,z)$(Waste_CO(p_waste,z) gt 0) = Waste_CO(p_waste,z)/ sum(p_waste2, Waste_CO(p_waste2,z));
3126   
3127  display Waste_DIO, WasteR_DIO, WasteR_CO ;
3128   
3129  *Bio
3130   Bio_DIO(p_Bio,'01_AGRICULT',z)   = sum((f_agri), WEB(f_agri, p_Bio, z));
3131   Bio_DIO(p_Bio,'02_COAL',z)       = sum((f_coa), WEB(f_coa, p_Bio, z));
3132   Bio_DIO(p_Bio,'03_OIL',z)        = sum((f_oil), WEB(f_oil, p_Bio, z));
3133   Bio_DIO(p_Bio,'04_GAS',z)        = sum((f_gas), WEB(f_gas, p_Bio, z));
3134   Bio_DIO(p_Bio,'05_MINING',z)     = sum((f_mining), WEB(f_mining, p_Bio, z));
3135   Bio_DIO(p_Bio,'06_FOODPRO',z)    = sum((f_foodpro), WEB(f_foodpro, p_Bio, z));
3136   Bio_DIO(p_Bio,'07_TEXTILES',z)   = sum((f_textiles), WEB(f_textiles, p_Bio, z));
3137   Bio_DIO(p_Bio,'08_WOODPRO',z)    = sum((f_woodpro), WEB(f_woodpro, p_Bio, z));
3138   Bio_DIO(p_Bio,'09_PAPERPRO',z)   = sum((f_paperpro), WEB(f_paperpro, p_Bio, z));
3139   Bio_DIO(p_Bio,'10_PETROLCOAL',z) = sum((f_petrolcoal), WEB(f_petrolcoal, p_Bio, z));
3140   Bio_DIO(p_Bio,'11_CHEMICAL',z)   = sum((f_chemical), WEB(f_chemical, p_Bio, z));
3141   Bio_DIO(p_Bio,'12_NONMET',z)     = sum((f_nonmet), WEB(f_nonmet, p_Bio, z));
3142   Bio_DIO(p_Bio,'13_IRONSTL',z)    = sum((f_ironstl), WEB(f_ironstl, p_Bio, z));
3143   Bio_DIO(p_Bio,'14_NONFERR',z)    = sum((f_nonferr), WEB(f_nonferr, p_Bio, z));
3144   Bio_DIO(p_Bio,'15_MACHINE',z)    = sum((f_machine), WEB(f_machine, p_Bio, z));
3145   Bio_DIO(p_Bio,'16_TRANSEQ',z)    = sum((f_transeq), WEB(f_transeq, p_Bio, z));
3146   Bio_DIO(p_Bio,'17_OTHERIND',z)   = sum((f_otherind), WEB(f_otherind, p_Bio, z));
3147   Bio_DIO(p_Bio,'18_TnD',z)        = 0 ;
3148   Bio_DIO(p_Bio,'19_eNuclear',z)   = 0 ;
3149   Bio_DIO(p_Bio,'20_eCoal',z)      = 0 ;
3150   Bio_DIO(p_Bio,'19_eNuclear',z)   = 0 ;
3151   Bio_DIO(p_Bio,'21_eGas',z)       = 0 ;
3152   Bio_DIO(p_Bio,'22_eOil',z)       = 0 ;
3153   Bio_DIO(p_Bio,'23_eWind',z)      = 0 ;
3154   Bio_DIO(p_Bio,'24_eSolar',z)     = 0 ;
3155   Bio_DIO(p_Bio,'25_eHydro',z)     = 0 ;
3156   Bio_DIO(p_Bio,'26_eOther',z)     = -1*sum((f_elec), WEB(f_elec, p_Bio, z)) ;
3157   Bio_DIO(p_Bio,'27_CONSTRUC',z)   = sum((f_construc), WEB(f_construc, p_Bio, z));
3158   Bio_DIO(p_Bio,'28_LTRP',z)       = sum((f_roadrail), WEB(f_roadrail, p_Bio, z));
3159   Bio_DIO(p_Bio,'29_WTRP',z)       = sum((f_domewater), WEB(f_domewater, p_Bio, z));
3160   Bio_DIO(p_Bio,'30_ATRP',z)       = sum((f_domeair), WEB(f_domeair, p_Bio, z));
3161   Bio_DIO(p_Bio,'31_SER',z)        = sum((f_ser), WEB(f_ser, p_Bio, z));
3162   Bio_CO(p_Bio,z)                  = sum((f_household), WEB(f_household, p_Bio, z));
3163   
3164   Bio_Marine(p_Bio,z)              = -1*sum((f_marine_bunker), WEB(f_marine_bunker, p_Bio, z));
3165   Bio_Aviation(p_Bio,z)            = -1*sum((f_aviation_bunker), WEB(f_aviation_bunker, p_Bio, z));
3166   
3167  *Ratio
3168  Loop(j,
3169      BioR_DIO(p_Bio,j,z)$(Bio_DIO(p_Bio,j,z) gt 0)
3170           = Bio_DIO(p_Bio,j,z)/sum(p_Bio2, Bio_DIO(p_Bio2,j,z));
3171       );
3172   
3173   BioR_CO(p_Bio,z)$(Bio_CO(p_Bio,z) gt 0) = Bio_CO(p_Bio,z)/ sum(p_Bio2, Bio_CO(p_Bio2,z));
3174   
3175  display Bio_DIO, BioR_DIO, BioR_CO ;
3176   
3177  *Charcoal
3178   Charcoal_DIO(p_Charcoal,'01_AGRICULT',z)   = sum((f_agri), WEB(f_agri, p_Charcoal, z));
3179   Charcoal_DIO(p_Charcoal,'02_COAL',z)       = sum((f_coa), WEB(f_coa, p_Charcoal, z));
3180   Charcoal_DIO(p_Charcoal,'03_OIL',z)        = sum((f_oil), WEB(f_oil, p_Charcoal, z));
3181   Charcoal_DIO(p_Charcoal,'04_GAS',z)        = sum((f_gas), WEB(f_gas, p_Charcoal, z));
3182   Charcoal_DIO(p_Charcoal,'05_MINING',z)     = sum((f_mining), WEB(f_mining, p_Charcoal, z));
3183   Charcoal_DIO(p_Charcoal,'06_FOODPRO',z)    = sum((f_foodpro), WEB(f_foodpro, p_Charcoal, z));
3184   Charcoal_DIO(p_Charcoal,'07_TEXTILES',z)   = sum((f_textiles), WEB(f_textiles, p_Charcoal, z));
3185   Charcoal_DIO(p_Charcoal,'08_WOODPRO',z)    = sum((f_woodpro), WEB(f_woodpro, p_Charcoal, z));
3186   Charcoal_DIO(p_Charcoal,'09_PAPERPRO',z)   = sum((f_paperpro), WEB(f_paperpro, p_Charcoal, z));
3187   Charcoal_DIO(p_Charcoal,'10_PETROLCOAL',z) = sum((f_petrolcoal), WEB(f_petrolcoal, p_Charcoal, z));
3188   Charcoal_DIO(p_Charcoal,'11_CHEMICAL',z)   = sum((f_chemical), WEB(f_chemical, p_Charcoal, z));
3189   Charcoal_DIO(p_Charcoal,'12_NONMET',z)     = sum((f_nonmet), WEB(f_nonmet, p_Charcoal, z));
3190   Charcoal_DIO(p_Charcoal,'13_IRONSTL',z)    = sum((f_ironstl), WEB(f_ironstl, p_Charcoal, z));
3191   Charcoal_DIO(p_Charcoal,'14_NONFERR',z)    = sum((f_nonferr), WEB(f_nonferr, p_Charcoal, z));
3192   Charcoal_DIO(p_Charcoal,'15_MACHINE',z)    = sum((f_machine), WEB(f_machine, p_Charcoal, z));
3193   Charcoal_DIO(p_Charcoal,'16_TRANSEQ',z)    = sum((f_transeq), WEB(f_transeq, p_Charcoal, z));
3194   Charcoal_DIO(p_Charcoal,'17_OTHERIND',z)   = sum((f_otherind), WEB(f_otherind, p_Charcoal, z));
3195   Charcoal_DIO(p_Charcoal,'18_TnD',z)        = 0 ;
3196   Charcoal_DIO(p_Charcoal,'19_eNuclear',z)   = 0 ;
3197   Charcoal_DIO(p_Charcoal,'20_eCoal',z)      = 0 ;
3198   Charcoal_DIO(p_Charcoal,'19_eNuclear',z)   = 0 ;
3199   Charcoal_DIO(p_Charcoal,'21_eGas',z)       = 0 ;
3200   Charcoal_DIO(p_Charcoal,'22_eOil',z)       = 0 ;
3201   Charcoal_DIO(p_Charcoal,'23_eWind',z)      = 0 ;
3202   Charcoal_DIO(p_Charcoal,'24_eSolar',z)     = 0 ;
3203   Charcoal_DIO(p_Charcoal,'25_eHydro',z)     = 0 ;
3204   Charcoal_DIO(p_Charcoal,'26_eOther',z)     = -1*sum((f_elec), WEB(f_elec, p_Charcoal, z)) ;
3205   Charcoal_DIO(p_Charcoal,'27_CONSTRUC',z)   = sum((f_construc), WEB(f_construc, p_Charcoal, z));
3206   Charcoal_DIO(p_Charcoal,'28_LTRP',z)       = sum((f_roadrail), WEB(f_roadrail, p_Charcoal, z));
3207   Charcoal_DIO(p_Charcoal,'29_WTRP',z)       = sum((f_domewater), WEB(f_domewater, p_Charcoal, z));
3208   Charcoal_DIO(p_Charcoal,'30_ATRP',z)       = sum((f_domeair), WEB(f_domeair, p_Charcoal, z));
3209   Charcoal_DIO(p_Charcoal,'31_SER',z)        = sum((f_ser), WEB(f_ser, p_Charcoal, z));
3210   Charcoal_CO(p_Charcoal,z)                  = sum((f_household), WEB(f_household, p_Charcoal, z));
3211   
3212  *Ratio
3213  Loop(j,
3214      CharcoalR_DIO(p_Charcoal,j,z)$(Charcoal_DIO(p_Charcoal,j,z) gt 0)
3215           = Charcoal_DIO(p_Charcoal,j,z)/sum(p_Charcoal2, Charcoal_DIO(p_Charcoal2,j,z));
3216       );
3217   
3218   CharcoalR_CO(p_Charcoal,z)$(Charcoal_CO(p_Charcoal,z) gt 0) = Charcoal_CO(p_Charcoal,z)/ sum(p_Charcoal2, Charcoal_CO(p_Charcoal2,z));
3219   
3220  display Charcoal_DIO, CharcoalR_DIO, CharcoalR_CO ;
3221   
3222  *Geothermal
3223   Geo_DIO(p_Geo,'01_AGRICULT',z)   = sum((f_agri), WEB(f_agri, p_Geo, z));
3224   Geo_DIO(p_Geo,'02_COAL',z)       = sum((f_coa), WEB(f_coa, p_Geo, z));
3225   Geo_DIO(p_Geo,'03_OIL',z)        = sum((f_oil), WEB(f_oil, p_Geo, z));
3226   Geo_DIO(p_Geo,'04_GAS',z)        = sum((f_gas), WEB(f_gas, p_Geo, z));
3227   Geo_DIO(p_Geo,'05_MINING',z)     = sum((f_mining), WEB(f_mining, p_Geo, z));
3228   Geo_DIO(p_Geo,'06_FOODPRO',z)    = sum((f_foodpro), WEB(f_foodpro, p_Geo, z));
3229   Geo_DIO(p_Geo,'07_TEXTILES',z)   = sum((f_textiles), WEB(f_textiles, p_Geo, z));
3230   Geo_DIO(p_Geo,'08_WOODPRO',z)    = sum((f_woodpro), WEB(f_woodpro, p_Geo, z));
3231   Geo_DIO(p_Geo,'09_PAPERPRO',z)   = sum((f_paperpro), WEB(f_paperpro, p_Geo, z));
3232   Geo_DIO(p_Geo,'10_PETROLCOAL',z) = sum((f_petrolcoal), WEB(f_petrolcoal, p_Geo, z));
3233   Geo_DIO(p_Geo,'11_CHEMICAL',z)   = sum((f_chemical), WEB(f_chemical, p_Geo, z));
3234   Geo_DIO(p_Geo,'12_NONMET',z)     = sum((f_nonmet), WEB(f_nonmet, p_Geo, z));
3235   Geo_DIO(p_Geo,'13_IRONSTL',z)    = sum((f_ironstl), WEB(f_ironstl, p_Geo, z));
3236   Geo_DIO(p_Geo,'14_NONFERR',z)    = sum((f_nonferr), WEB(f_nonferr, p_Geo, z));
3237   Geo_DIO(p_Geo,'15_MACHINE',z)    = sum((f_machine), WEB(f_machine, p_Geo, z));
3238   Geo_DIO(p_Geo,'16_TRANSEQ',z)    = sum((f_transeq), WEB(f_transeq, p_Geo, z));
3239   Geo_DIO(p_Geo,'17_OTHERIND',z)   = sum((f_otherind), WEB(f_otherind, p_Geo, z));
3240   Geo_DIO(p_Geo,'18_TnD',z)        = 0 ;
3241   Geo_DIO(p_Geo,'19_eNuclear',z)   = 0 ;
3242   Geo_DIO(p_Geo,'20_eCoal',z)      = 0 ;
3243   Geo_DIO(p_Geo,'19_eNuclear',z)   = 0 ;
3244   Geo_DIO(p_Geo,'21_eGas',z)       = 0 ;
3245   Geo_DIO(p_Geo,'22_eOil',z)       = 0 ;
3246   Geo_DIO(p_Geo,'23_eWind',z)      = 0 ;
3247   Geo_DIO(p_Geo,'24_eSolar',z)     = 0 ;
3248   Geo_DIO(p_Geo,'25_eHydro',z)     = 0 ;
3249   Geo_DIO(p_Geo,'26_eOther',z)     = -1*sum((f_elec), WEB(f_elec, p_Geo, z)) ;
3250   Geo_DIO(p_Geo,'27_CONSTRUC',z)   = sum((f_construc), WEB(f_construc, p_Geo, z));
3251   Geo_DIO(p_Geo,'28_LTRP',z)       = sum((f_roadrail), WEB(f_roadrail, p_Geo, z));
3252   Geo_DIO(p_Geo,'29_WTRP',z)       = sum((f_domewater), WEB(f_domewater, p_Geo, z));
3253   Geo_DIO(p_Geo,'30_ATRP',z)       = sum((f_domeair), WEB(f_domeair, p_Geo, z));
3254   Geo_DIO(p_Geo,'31_SER',z)        = sum((f_ser), WEB(f_ser, p_Geo, z));
3255   Geo_CO(p_Geo,z)                  = sum((f_household), WEB(f_household, p_Geo, z));
3256   
3257  *Ratio
3258  Loop(j,
3259      GeoR_DIO(p_Geo,j,z)$(Geo_DIO(p_Geo,j,z) gt 0)
3260           = Geo_DIO(p_Geo,j,z)/sum(p_Geo2, Geo_DIO(p_Geo2,j,z));
3261       );
3262   
3263   GeoR_CO(p_Geo,z)$(Geo_CO(p_Geo,z) gt 0) = Geo_CO(p_Geo,z)/ sum(p_Geo2, Geo_CO(p_Geo2,z));
3264   
3265  display Geo_DIO, GeoR_DIO, GeoR_CO ;
3266   
3267  *Solar
3268   Solar_DIO(p_Solar,'01_AGRICULT',z)   = sum((f_agri), WEB(f_agri, p_Solar, z));
3269   Solar_DIO(p_Solar,'02_COAL',z)       = sum((f_coa), WEB(f_coa, p_Solar, z));
3270   Solar_DIO(p_Solar,'03_OIL',z)        = sum((f_oil), WEB(f_oil, p_Solar, z));
3271   Solar_DIO(p_Solar,'04_GAS',z)        = sum((f_gas), WEB(f_gas, p_Solar, z));
3272   Solar_DIO(p_Solar,'05_MINING',z)     = sum((f_mining), WEB(f_mining, p_Solar, z));
3273   Solar_DIO(p_Solar,'06_FOODPRO',z)    = sum((f_foodpro), WEB(f_foodpro, p_Solar, z));
3274   Solar_DIO(p_Solar,'07_TEXTILES',z)   = sum((f_textiles), WEB(f_textiles, p_Solar, z));
3275   Solar_DIO(p_Solar,'08_WOODPRO',z)    = sum((f_woodpro), WEB(f_woodpro, p_Solar, z));
3276   Solar_DIO(p_Solar,'09_PAPERPRO',z)   = sum((f_paperpro), WEB(f_paperpro, p_Solar, z));
3277   Solar_DIO(p_Solar,'10_PETROLCOAL',z) = sum((f_petrolcoal), WEB(f_petrolcoal, p_Solar, z));
3278   Solar_DIO(p_Solar,'11_CHEMICAL',z)   = sum((f_chemical), WEB(f_chemical, p_Solar, z));
3279   Solar_DIO(p_Solar,'12_NONMET',z)     = sum((f_nonmet), WEB(f_nonmet, p_Solar, z));
3280   Solar_DIO(p_Solar,'13_IRONSTL',z)    = sum((f_ironstl), WEB(f_ironstl, p_Solar, z));
3281   Solar_DIO(p_Solar,'14_NONFERR',z)    = sum((f_nonferr), WEB(f_nonferr, p_Solar, z));
3282   Solar_DIO(p_Solar,'15_MACHINE',z)    = sum((f_machine), WEB(f_machine, p_Solar, z));
3283   Solar_DIO(p_Solar,'16_TRANSEQ',z)    = sum((f_transeq), WEB(f_transeq, p_Solar, z));
3284   Solar_DIO(p_Solar,'17_OTHERIND',z)   = sum((f_otherind), WEB(f_otherind, p_Solar, z));
3285   Solar_DIO(p_Solar,'27_CONSTRUC',z)   = sum((f_construc), WEB(f_construc, p_Solar, z));
3286   Solar_DIO(p_Solar,'28_LTRP',z)       = sum((f_roadrail), WEB(f_roadrail, p_Solar, z));
3287   Solar_DIO(p_Solar,'29_WTRP',z)       = sum((f_domewater), WEB(f_domewater, p_Solar, z));
3288   Solar_DIO(p_Solar,'30_ATRP',z)       = sum((f_domeair), WEB(f_domeair, p_Solar, z));
3289   Solar_DIO(p_Solar,'31_SER',z)        = sum((f_ser), WEB(f_ser, p_Solar, z));
3290   Solar_CO(p_Solar,z)                  = sum((f_household), WEB(f_household, p_Solar, z));
3291   
3292  *Ratio
3293  Loop(j,
3294      SolarR_DIO(p_Solar,j,z)$(Solar_DIO(p_Solar,j,z) gt 0)
3295           = Solar_DIO(p_Solar,j,z)/sum(p_Solar2, Solar_DIO(p_Solar2,j,z));
3296       );
3297   
3298   SolarR_CO(p_Solar,z)$(Solar_CO(p_Solar,z) gt 0) = Solar_CO(p_Solar,z)/ sum(p_Solar2, Solar_CO(p_Solar2,z));
3299   
3300  display Solar_DIO, SolarR_DIO, SolarR_CO ;
3301   
3302  *Coal non-energy
3303   NCoal_DIO(p_coal,'05_MINING',z) = sum(f_nemining, WEB(f_nemining, p_coal, z));
3304   NCoal_DIO(p_coal,'06_FOODPRO',z) = sum(f_nefoodpro, WEB(f_nefoodpro, p_coal, z));
3305   NCoal_DIO(p_coal,'07_TEXTILES',z) = sum(f_netextiles, WEB(f_netextiles, p_coal, z));
3306   NCoal_DIO(p_coal,'08_WOODPRO',z) = sum(f_newoodpro, WEB(f_newoodpro, p_coal, z));
3307   NCoal_DIO(p_coal,'09_PAPERPRO',z) = sum(f_nepaperpro, WEB(f_nepaperpro, p_coal, z));
3308   NCoal_DIO(p_coal,'11_CHEMICAL',z) = sum(f_nechemical, WEB(f_nechemical, p_coal, z));
3309   NCoal_DIO(p_coal,'12_NONMET',z) = sum(f_nenonmet, WEB(f_nenonmet, p_coal, z));
3310   NCoal_DIO(p_coal,'13_IRONSTL',z) = sum(f_neironstl, WEB(f_neironstl, p_coal, z));
3311   NCoal_DIO(p_coal,'14_NONFERR',z) = sum(f_nenonferr, WEB(f_nenonferr, p_coal, z));
3312   NCoal_DIO(p_coal,'15_MACHINE',z) = sum(f_nemachine, WEB(f_nemachine, p_coal, z));
3313   NCoal_DIO(p_coal,'16_TRANSEQ',z) = sum(f_netranseq, WEB(f_netranseq, p_coal, z));
3314   NCoal_DIO(p_coal,'17_OTHERIND',z) = sum(f_neotherind, WEB(f_neotherind, p_coal, z));
3315   NCoal_DIO(p_coal,'27_CONSTRUC',z) = sum(f_neconstruc, WEB(f_neconstruc, p_coal, z));
3316   NCoal_DIO(p_coal,'28_LTRP',z) = sum(f_netransport, WEB(f_netransport, p_coal, z));
3317  * NEC_DIO(p_coal,'29_WTRP',z) = sum((f_domewater), domewater_fne_coal(f_domewater, p_coal, z));
3318  * NEC_DIO(p_coal,'30_ATRP',z) = sum((f_domeair), domeair_fne_coal(f_domeair, p_coal, z));
3319   NCoal_DIO(p_coal,'31_SER',z) = sum(f_neother, WEB(f_neother, p_coal, z));
3320  * NEC_CO(p_coal,z) = sum((f_household), household_fne_coal(f_household, p_coal, z));
3321   
3322  *Ratio
3323  Loop(j,
3324      NCoalR_DIO(p_coal,j,z)$(NCoal_DIO(p_coal,j,z) gt 0)
3325           = NCoal_DIO(p_coal,j,z)/sum(p_coal2, NCoal_DIO(p_coal2,j,z));
3326       );
3327   
3328  display NCoal_DIO, NCoalR_DIO ;
3329   
3330  *Gas non-energy
3331   NGas_DIO(p_gas,'05_MINING',z) = sum(f_nemining, WEB(f_nemining, p_gas, z));
3332   NGas_DIO(p_gas,'06_FOODPRO',z) = sum(f_nefoodpro, WEB(f_nefoodpro, p_gas, z));
3333   NGas_DIO(p_gas,'07_TEXTILES',z) = sum(f_netextiles, WEB(f_netextiles, p_gas, z));
3334   NGas_DIO(p_gas,'08_WOODPRO',z) = sum(f_newoodpro, WEB(f_newoodpro, p_gas, z));
3335   NGas_DIO(p_gas,'09_PAPERPRO',z) = sum(f_nepaperpro, WEB(f_nepaperpro, p_gas, z));
3336   NGas_DIO(p_gas,'11_CHEMICAL',z) = sum(f_nechemical, WEB(f_nechemical, p_gas, z));
3337   NGas_DIO(p_gas,'12_NONMET',z) = sum(f_nenonmet, WEB(f_nenonmet, p_gas, z));
3338   NGas_DIO(p_gas,'13_IRONSTL',z) = sum(f_neironstl, WEB(f_neironstl, p_gas, z));
3339   NGas_DIO(p_gas,'14_NONFERR',z) = sum(f_nenonferr, WEB(f_nenonferr, p_gas, z));
3340   NGas_DIO(p_gas,'15_MACHINE',z) = sum(f_nemachine, WEB(f_nemachine, p_gas, z));
3341   NGas_DIO(p_gas,'16_TRANSEQ',z) = sum(f_netranseq, WEB(f_netranseq, p_gas, z));
3342   NGas_DIO(p_gas,'17_OTHERIND',z) = sum(f_neotherind, WEB(f_neotherind, p_gas, z));
3343   NGas_DIO(p_gas,'27_CONSTRUC',z) = sum(f_neconstruc, WEB(f_neconstruc, p_gas, z));
3344   NGas_DIO(p_gas,'28_LTRP',z) = sum(f_netransport, WEB(f_netransport, p_gas, z));
3345  * NEG_DIO(p_gas,'29_WTRP',z) = sum((f_domewater), domewater_fne_gas(f_domewater, p_gas, z));
3346  * NEG_DIO(p_gas,'30_ATRP',z) = sum((f_domeair), domeair_fne_gas(f_domeair, p_gas, z));
3347   NGas_DIO(p_gas,'31_SER',z) = sum(f_neother, WEB(f_neother, p_gas, z));
3348  * NEG_CO(p_gas,z) = sum((f_household), household_fne_gas(f_household, p_gas, z));
3349   
3350  *Ratio
3351  Loop(j,
3352      NGasR_DIO(p_gas,j,z)$(NGas_DIO(p_gas,j,z) gt 0)
3353           = NGas_DIO(p_gas,j,z)/sum(p_gas2, NGas_DIO(p_gas2,j,z));
3354       );
3355   
3356  display NGas_DIO, NGasR_DIO ;
3357   
3358  *Oil non-energy
3359   NOil_DIO(p_oil,'05_MINING',z) = sum(f_nemining, WEB(f_nemining, p_oil, z));
3360   NOil_DIO(p_oil,'06_FOODPRO',z) = sum(f_nefoodpro, WEB(f_nefoodpro, p_oil, z));
3361   NOil_DIO(p_oil,'07_TEXTILES',z) = sum(f_netextiles, WEB(f_netextiles, p_oil, z));
3362   NOil_DIO(p_oil,'08_WOODPRO',z) = sum(f_newoodpro, WEB(f_newoodpro, p_oil, z));
3363   NOil_DIO(p_oil,'09_PAPERPRO',z) = sum(f_nepaperpro, WEB(f_nepaperpro, p_oil, z));
3364   NOil_DIO(p_oil,'11_CHEMICAL',z) = sum(f_nechemical, WEB(f_nechemical, p_oil, z));
3365   NOil_DIO(p_oil,'12_NONMET',z) = sum(f_nenonmet, WEB(f_nenonmet, p_oil, z));
3366   NOil_DIO(p_oil,'13_IRONSTL',z) = sum(f_neironstl, WEB(f_neironstl, p_oil, z));
3367   NOil_DIO(p_oil,'14_NONFERR',z) = sum(f_nenonferr, WEB(f_nenonferr, p_oil, z));
3368   NOil_DIO(p_oil,'15_MACHINE',z) = sum(f_nemachine, WEB(f_nemachine, p_oil, z));
3369   NOil_DIO(p_oil,'16_TRANSEQ',z) = sum(f_netranseq, WEB(f_netranseq, p_oil, z));
3370   NOil_DIO(p_oil,'17_OTHERIND',z) = sum(f_neotherind, WEB(f_neotherind, p_oil, z));
3371   NOil_DIO(p_oil,'27_CONSTRUC',z) = sum(f_neconstruc, WEB(f_neconstruc, p_oil, z));
3372   NOil_DIO(p_oil,'28_LTRP',z) = sum(f_netransport, WEB(f_netransport, p_oil, z));
3373  * NEP_DIO(p_oil,'29_WTRP',z) = sum((f_domewater), domewater_fne_oilproduct(f_domewater, p_oilproduct, z));
3374  * NEP_DIO(p_oil,'30_ATRP',z) = sum((f_domeair), domeair_fne_oilproduct(f_domeair, p_oilproduct, z));
3375   NOil_DIO(p_oil,'31_SER',z) = sum(f_neother, WEB(f_neother, p_oil, z) );
3376  * NEP_CO(p_oillz) = sum((f_household), household_fne_oilproduct(f_household, p_oilproduct, z));
3377   
3378  *Ratio
3379  Loop(j,
3380      NOilR_DIO(p_oil,j,z)$(NOil_DIO(p_oil,j,z) gt 0)
3381           = NOil_DIO(p_oil,j,z)/sum(p_oil2, NOil_DIO(p_oil2,j,z));
3382       );
3383   
3384  display NOil_DIO, NOilR_DIO ;
3385   
3386  *Oilproducts non-energy
3387   NOilp_DIO(p_oilproduct,'05_MINING',z) = sum(f_nemining, WEB(f_nemining, p_oilproduct, z));
3388   NOilp_DIO(p_oilproduct,'06_FOODPRO',z) = sum(f_nefoodpro, WEB(f_nefoodpro, p_oilproduct, z));
3389   NOilp_DIO(p_oilproduct,'07_TEXTILES',z) = sum(f_netextiles, WEB(f_netextiles, p_oilproduct, z));
3390   NOilp_DIO(p_oilproduct,'08_WOODPRO',z) = sum(f_newoodpro, WEB(f_newoodpro, p_oilproduct, z));
3391   NOilp_DIO(p_oilproduct,'09_PAPERPRO',z) = sum(f_nepaperpro, WEB(f_nepaperpro, p_oilproduct, z));
3392   NOilp_DIO(p_oilproduct,'11_CHEMICAL',z) = sum(f_nechemical, WEB(f_nechemical, p_oilproduct, z));
3393   NOilp_DIO(p_oilproduct,'12_NONMET',z) = sum(f_nenonmet, WEB(f_nenonmet, p_oilproduct, z));
3394   NOilp_DIO(p_oilproduct,'13_IRONSTL',z) = sum(f_neironstl, WEB(f_neironstl, p_oilproduct, z));
3395   NOilp_DIO(p_oilproduct,'14_NONFERR',z) = sum(f_nenonferr, WEB(f_nenonferr, p_oilproduct, z));
3396   NOilp_DIO(p_oilproduct,'15_MACHINE',z) = sum(f_nemachine, WEB(f_nemachine, p_oilproduct, z));
3397   NOilp_DIO(p_oilproduct,'16_TRANSEQ',z) = sum(f_netranseq, WEB(f_netranseq, p_oilproduct, z));
3398   NOilp_DIO(p_oilproduct,'17_OTHERIND',z) = sum(f_neotherind, WEB(f_neotherind, p_oilproduct, z));
3399   NOilp_DIO(p_oilproduct,'27_CONSTRUC',z) = sum(f_neconstruc, WEB(f_neconstruc, p_oilproduct, z));
3400   NOilp_DIO(p_oilproduct,'28_LTRP',z) = sum(f_netransport, WEB(f_netransport, p_oilproduct, z));
3401  * NEP_DIO(p_oilproduct,'29_WTRP',z) = sum((f_domewater), domewater_fne_oilproduct(f_domewater, p_oilproductproduct, z));
3402  * NEP_DIO(p_oilproduct,'30_ATRP',z) = sum((f_domeair), domeair_fne_oilproduct(f_domeair, p_oilproductproduct, z));
3403   NOilp_DIO(p_oilproduct,'31_SER',z) = sum(f_neother, WEB(f_neother, p_oilproduct, z) );
3404  * NEP_CO(p_oilproductlz) = sum((f_household), household_fne_oilproduct(f_household, p_oilproductproduct, z));
3405   
3406  *Ratio
3407  Loop(j,
3408      NOilpR_DIO(p_oilproduct,j,z)$(NOilp_DIO(p_oilproduct,j,z) gt 0)
3409           = NOilp_DIO(p_oilproduct,j,z)/sum(p_oilproduct2, NOilp_DIO(p_oilproduct2,j,z));
3410       );
3411   
3412  display NOilp_DIO, NOilpR_DIO ;
3413   
3414   
3415   Coal_Total(p_coal,z) = sum(j,Coal_DIO(p_coal,j,z)) + Coal_CO(p_coal,z) ;
3416   Gas_Total(p_gas,z) = sum(j, Gas_DIO(p_gas,j,z)) + Gas_CO(p_gas,z) ;
3417   Oilp_Total(p_oilproduct,z) = sum(j, Oilp_DIO(p_oilproduct,j,z)) + Oilp_CO(p_oilproduct,z) ;
3418   ELec_Total(p_elecheat,z) = sum(j, ELec_DIO(p_elecheat,j,z)) + ELec_CO(p_elecheat,z) ;
3419   NCoal_Total(p_coal,z) = sum(j, NCoal_DIO(p_coal,j,z)) ;
3420   NGas_Total(p_gas,z) = sum(j, NGas_DIO(p_gas,j,z)) ;
3421   NOilp_Total(p_oilproduct,z) = sum(j, NOilp_DIO(p_oilproduct,j,z)) ;
3422   
3423  *Total Energy Supply
3424   TES_Coal(p_coal_TES,z)    =  sum(f_TES, WEB(f_TES, p_coal_TES, z));
3425   TES_Gas(p_gas,z)          =  sum(f_TES, WEB(f_TES, p_gas, z));
3426   TES_Oil(p_oil,z)          =  sum(f_TES, WEB(f_TES, p_oil, z));
3427   
3428   
3429  *=============================Eelectricity============================================================
3430   ElecNucGWh('19_eNuclear',z)  = sum((f_elecoutput, p_nuclear), WEB(f_elecoutput, p_nuclear,z));
3431   ElecCoalGWh('20_eCoal',z)    = sum((f_elecoutput, p_coal), WEB(f_elecoutput, p_coal,z));
3432   ElecGasGWh('21_eGas',z)      = sum((f_elecoutput, p_gas), WEB(f_elecoutput, p_gas,z));
3433   ElecOilGWh('22_eOil',z)      = sum((f_elecoutput, p_oilproduct), WEB(f_elecoutput, p_oilproduct,z));
3434   ElecWindGWh('23_eWind',z)    = sum((f_elecoutput, p_wind), WEB(f_elecoutput, p_wind,z));
3435   ElecSolarGWh('24_eSolar',z)  = sum((f_elecoutput, p_solar), WEB(f_elecoutput, p_solar,z));
3436   ElecHydroGWh('25_eHydro',z)  = sum((f_elecoutput, p_hydro), WEB(f_elecoutput, p_Hydro,z));
3437  * ElecOtherGWh('26_eOther',z)  = sum((f_elecoutput, p_elecother), WEB(f_elecoutput, p_elecother,z));
3438   ElecwasteGWh('26_eOther',z)  = sum((f_elecoutput, p_elecwaste), WEB(f_elecoutput, p_elecwaste,z));
3439   ElecbioGWh('26_eOther',z)    = sum((f_elecoutput, p_elecbio), WEB(f_elecoutput, p_elecbio,z));
3440   ElecgeoGWh('26_eOther',z)    = sum((f_elecoutput, p_elecgeo), WEB(f_elecoutput, p_elecgeo,z));
3441   ElecOtherGWh('26_eOther',z)  = sum((f_elecoutput, p_elecother), WEB(f_elecoutput, p_elecother,z));
3442   
3443  execute_unload 'Input_WEB/DATA_WEB-2019_250328.gdx',
3444  *Sets
3445  product, p_coal, p_oil, p_oilproduct, p_gas, p_elecheat,
3446   
3447  flow, f_elec,  f_agri, f_mining, f_foodpro, f_textiles, f_woodpro,f_paperpro,
3448  f_chemical, f_nonmet, f_ironstl, f_nonferr, f_machine, f_transeq, f_otherind,
3449  f_construc, f_ser, f_household, f_roadrail, f_domeair,  f_domewater,
3450  f_nemining, f_nefoodpro, f_netextiles, f_newoodpro, f_nepaperpro,
3451  f_nechemical,f_nenonmet, f_neironstl, f_nenonferr, f_nemachine,
3452  f_netranseq, f_neotherind, f_neconstruc, f_netransport, f_neother,
3453   
3454  *WEB
3455  WEB,
3456  Coal_DIO, Coal_CO, CoalR_DIO, CoalR_CO,
3457  Gas_DIO, Gas_CO, GasR_DIO, GasR_CO,
3458  Oil_DIO, Oil_CO, OilR_DIO,
3459  Oilp_DIO, Oilp_CO, OilpR_DIO, OilpR_CO,
3460  Elec_DIO, Elec_CO, ElecR_DIO,ElecR_CO,
3461  Waste_DIO, Waste_CO, WasteR_DIO, WasteR_CO,
3462  Bio_DIO, Bio_CO, BioR_DIO, BioR_CO,
3463  Charcoal_DIO, Charcoal_CO, CharcoalR_DIO, CharcoalR_CO,
3464  Geo_DIO, Geo_CO, GeoR_DIO, GeoR_CO,
3465  Solar_DIO, Solar_CO, SolarR_DIO, SolarR_CO,
3466  NCoal_DIO, NCoalR_DIO, NGas_DIO, NGasR_DIO,
3467  NOil_DIO, NOilR_DIO, NOilp_DIO, NOilpR_DIO,
3468   
3469  Coal_Total, Gas_Total, Oilp_Total, Elec_Total, NCoal_Total, NGas_Total, NOilp_Total,
3470   
3471  ElecNucGWh, ElecCoalGWh, ElecGasGWh, ElecOilGWh, ElecSolarGWh, ElecWindGWh, ElecHydroGWh, ElecwasteGWh, ElecbioGWh, ElecgeoGWh, ElecOtherGWh
3472   
3473  Coal_Marine,Coal_Aviation, Gas_Marine, Gas_Aviation, Oilp_Marine, Oilp_Aviation, Bio_Marine, Bio_Aviation
3474  ;
3475   
EXIT C:\Users\kimc0\GUIDE_GLOBAL_CGE\2.GUIDE-GLOBAL-CGE_v1\DATA_WEB_2024_new.gms
INCLUDE    C:\Users\kimc0\GUIDE_GLOBAL_CGE\2.GUIDE-GLOBAL-CGE_v1\DATA_CO2coef_new.gms
3478  *==============================================================================
3479  *  4.9 CO2 emission
3480  *==============================================================================
3481   
3482  Parameter
3483   CO2IO(product,j,z) ktCO2 industry j sector
3484   CO2HO(product,z)   ktCO2 residendital sector
3485   CH4IO(product,j,z) tCO2eq industry j sector
3486   CH4HO(product,z)   tCO2eq residendital sector
3487   N2OIO(product,j,z) tCO2eq industry j sector
3488   N2OHO(product,z)   tCO2eq residendital sector
3489   Marinebunker_CO2(product,z) ktCO2 marine bunker
3490   Aviationbunker_CO2(product,z) ktCO2 aviation bunker
3491   Marinebunker_CH4(product,z) tCO2eq marine bunker
3492   Aviationbunker_CH4(product,z) tCO2eq aviation bunker
3493   Marinebunker_N2O(product,z) tCO2eq marine bunker
3494   Aviationbunker_N2O(product,z) tCO2eq aviation bunker
3495   
3496   GWP_CH4            GWP 100 AR5
3497   GWP_N2O            GWP 100 AR5
3498   ;
3499   GWP_CH4 = 28;
3500   GWP_N2O = 265;
3501   
3502   CO2IO(p_coal,j,z)        = Coal_DIO(p_coal,j,z)*41.868*GHGsEF(p_coal,'CO2EF')*1*(44/12)*0.001 ;
3503   CO2IO(p_oil,j,z)         = Oil_DIO(p_oil,j,z)*41.868*GHGsEF(p_oil,'CO2EF')*1*(44/12)*0.001 ;
3504   CO2IO(p_gas,j,z)         = Gas_DIO(p_gas,j,z)*41.868*GHGsEF(p_gas,'CO2EF')*1*(44/12)*0.001 ;
3505   CO2IO(p_oilproduct,j,z)  = Oilp_DIO(p_oilproduct,j,z)*41.868*GHGsEF(p_oilproduct,'CO2EF')*1*(44/12)*0.001 ;
3506   
3507   CO2HO(p_coal,z) = Coal_CO(p_coal,z)*41.868*GHGsEF(p_coal,'CO2EF')*1*(44/12)*0.001 ;
3508   CO2HO(p_gas,z) = Gas_CO(p_gas,z)*41.868*GHGsEF(p_gas,'CO2EF')*1*(44/12)*0.001 ;
3509   CO2HO(p_oilproduct,z) = Oilp_CO(p_oilproduct,z)*41.868*GHGsEF(p_oilproduct,'CO2EF')*1*(44/12)*0.001 ;
3510   
3511  *==============================================================================
3512  *  4.10 Energy
3513  *==============================================================================
3514  Parameter
3515   EEI(product,j,z)  Energy intensity by industry sector ktoe per 10 billion $
3516   NEI(product,j,z)  Non-Energy intensity by production sectos ktoe per 10 billion $
3517   EHI(product,z)    Energy intensity by household ktoe per 10 billion $
3518   
3519   EEO(product,j,z)  Initial Industry energy consumption in region z ktoe
3520   NEO(product,j,z)  Initial Industry non energy consumption in region z ktoe
3521   EHO(product,z)    Initial Household energy consumption in region z ktoe
3522   
3523   Marinebunker(product,z)
3524   Aviationbunker(product,z)
3525  ;
3526   
3527   EEI(p_coal,j,z)$(DIO('02_COAL',j,z) gt 0)               = Coal_DIO(p_coal,j,z)/DEO('02_COAL',j,z);
3528   EEI(p_oil,j,z)$(DIO('03_OIL',j,z) gt 0)                 = Oil_DIO(p_oil,j,z)/DEO('03_OIL',j,z);
3529   EEI(p_gas,j,z)$(DIO('04_GAS',j,z) gt 0)                 = Gas_DIO(p_gas,j,z)/DEO('04_GAS',j,z);
3530   EEI(p_oilproduct,j,z)$(DIO('10_PETROLCOAL',j,z) gt 0)   = Oilp_DIO(p_oilproduct,j,z)/DEO('10_PETROLCOAL',j,z);
3531   EEI(p_elecheat,j,z)$(DIO('18_ELEC',j,z) gt 0)           = Elec_DIO(p_elecheat,j,z)/DEO('18_ELEC',j,z);
3532   EEI(p_waste,j,z)                                        = Waste_DIO(p_waste,j,z)/XSTO(j,z);
3533   EEI(p_bio,j,z)                                          = Bio_DIO(p_bio,j,z)/XSTO(j,z);
3534   EEI(p_charcoal,j,z)                                     = Charcoal_DIO(p_charcoal,j,z)/XSTO(j,z);
3535   EEI(p_solar,j,z)                                        = Solar_DIO(p_solar,j,z)/XSTO(j,z);
3536   EEI(p_geo,j,z)                                          = Geo_DIO(p_geo,j,z)/XSTO(j,z);
3537   
3538   NEI(p_coal,j,z)$(DIO('02_COAL',j,z) gt 0)               = NCoal_DIO(p_coal,j,z)/DEO('02_COAL',j,z);
3539   NEI(p_oil,j,z)$(DIO('03_OIL',j,z) gt 0)                 = NOil_DIO(p_oil,j,z)/DEO('03_OIL',j,z);
3540   NEI(p_gas,j,z)$(DIO('04_GAS',j,z) gt 0)                 = NGas_DIO(p_gas,j,z)/DEO('04_GAS',j,z);
3541   NEI(p_oilproduct,j,z)$(DIO('10_PETROLCOAL',j,z) gt 0)   = NOilp_DIO(p_oilproduct,j,z)/DEO('10_PETROLCOAL',j,z);
3542   
3543   EHI(p_coal,z)$(CO('02_COAL',z) gt 0)                    = Coal_CO(p_coal,z)/CO('02_COAL',z);
3544   EHI(p_oil,z)$(CO('03_OIL',z) gt 0)                      = Oil_CO(p_oil,z)/CO('03_OIL',z);
3545   EHI(p_gas,z)$(CO('04_GAS',z) gt 0)                      = Gas_CO(p_gas,z)/CO('04_GAS',z);
3546   EHI(p_oilproduct,z)$(CO('10_PETROLCOAL',z) gt 0)        = Oilp_CO(p_oilproduct,z)/CO('10_PETROLCOAL',z);
3547   EHI(p_elecheat,z)$(CO('18_ELEC',z) gt 0)                = Elec_CO(p_elecheat,z)/CO('18_ELEC',z);
3548   EHI(p_waste,z)                                          = Waste_CO(p_waste,z)/TOT_POP(z,'2019');
3549   EHI(p_bio,z)                                            = Bio_CO(p_bio,z)/TOT_POP(z,'2019');
3550   EHI(p_charcoal,z)                                       = Charcoal_CO(p_charcoal,z)/TOT_POP(z,'2019');
3551   EHI(p_solar,z)                                          = Solar_CO(p_solar,z)/TOT_POP(z,'2019');
3552   EHI(p_geo,z)                                            = Geo_CO(p_geo,z)/TOT_POP(z,'2019');
3553   
3554   EEO(p_coal,j,z)       = Coal_DIO(p_coal,j,z) ;
3555   EEO(p_gas,j,z)        = Gas_DIO(p_gas,j,z) ;
3556   EEO(p_oil,j,z)        = Oil_DIO(p_oil,j,z) ;
3557   EEO(p_oilproduct,j,z) = Oilp_DIO(p_oilproduct,j,z) ;
3558   EEO(p_elecheat,j,z)   = Elec_DIO(p_elecheat,j,z) ;
3559   EEO(p_waste,j,z)      = Waste_DIO(p_waste,j,z) ;
3560   EEO(p_bio,j,z)        = Bio_DIO(p_bio,j,z) ;
3561   EEO(p_charcoal,j,z)   = Charcoal_DIO(p_charcoal,j,z) ;
3562   EEO(p_solar,j,z)      = Solar_DIO(p_solar,j,z) ;
3563   EEO(p_geo,j,z)        = Geo_DIO(p_geo,j,z) ;
3564   
3565   NEO(p_coal,j,z)       = NCoal_DIO(p_coal,j,z) ;
3566   NEO(p_gas,j,z)        = NGas_DIO(p_gas,j,z) ;
3567   NEO(p_oilproduct,j,z) = NOilp_DIO(p_oilproduct,j,z) ;
3568   
3569   EHO(p_coal,z)         = Coal_CO(p_coal,z) ;
3570   EHO(p_gas,z)          = Gas_CO(p_gas,z) ;
3571   EHO(p_oil,z)          = Oil_CO(p_oil,z) ;
3572   EHO(p_oilproduct,z)   = Oilp_CO(p_oilproduct,z) ;
3573   EHO(p_elecheat,z)     = Elec_CO(p_elecheat,z) ;
3574   EHO(p_waste,z)        = Waste_CO(p_waste,z);
3575   EHO(p_bio,z)          = Bio_CO(p_bio,z);
3576   EHO(p_charcoal,z)     = Charcoal_CO(p_charcoal,z);
3577   EHO(p_solar,z)        = Solar_CO(p_solar,z);
3578   EHO(p_geo,z)          = Geo_CO(p_geo,z);
3579   
3580   Marinebunker(p_gas,z)          = gas_Marine(p_gas,z);
3581   Marinebunker(p_oilproduct,z)   = Oilp_Marine(p_oilproduct,z);
3582   Marinebunker(p_Bio,z)          = Bio_Marine(p_Bio,z);
3583   
3584   Aviationbunker(p_oilproduct,z) = Oilp_Aviation(p_oilproduct,z);
3585   
3586  *==============================================================================
3587  *  4.12 CO2FACTOR and CTAX
3588  *==============================================================================
3589  Parameters
3590   CO2_Energy(ene,j,z)        CO2 emissions from Energy
3591  ;
3592   
3593   CO2_Energy('02_COAL',j,z) = sum(p_coal,CO2IO(p_coal,j,z));
3594   CO2_Energy('03_OIL',j,z)  = sum(p_oil,CO2IO(p_oil,j,z));
3595   CO2_Energy('04_GAS',j,z)  = sum(p_gas,CO2IO(p_gas,j,z));
3596   CO2_Energy('10_PETROLCOAL',j,z)  = sum(p_oilproduct,CO2IO(p_oilproduct,j,z));
3597   
3598  Parameters
3599   CO2FACTOR(ene,j,z)       CO2 emissions factor (tCO2 per 100$)
3600   CO2FACTOR2(ene,j,z,time) Time series CO2 emissions factor (tCO2 per 100$)
3601  ;
3602   
3603   CO2FACTOR('02_COAL',j,z)$DEO('02_COAL',j,z) = [sum(p_coal,CO2IO(p_coal,j,z))/DEO('02_COAL',j,z)]*(1000/(10**8));
3604   CO2FACTOR('03_OIL',j,z)$DEO('03_OIL',j,z)   = [sum(p_oil,CO2IO(p_oil,j,z))/DEO('03_OIL',j,z)]*(1000/(10**8));
3605   CO2FACTOR('04_GAS',j,z)$DEO('04_GAS',j,z)   = [sum(p_gas,CO2IO(p_gas,j,z))/DEO('04_GAS',j,z)]*(1000/(10**8));
3606   CO2FACTOR('10_PETROLCOAL',j,z)$DEO('10_PETROLCOAL',j,z) = [sum(p_oilproduct,CO2IO(p_oilproduct,j,z))/DEO('10_PETROLCOAL',j,z)]*(1000/(10**8));
3607   
3608  Parameters
3609  Global_CO2FACTOR(ene,j)       Global Average CO2 emissions factor (tCO2 per 100$)
3610  ;
3611   
3612   Global_CO2FACTOR('02_COAL',j)            = [sum((p_coal,z),CO2IO(p_coal,j,z))/sum(z,DEO('02_COAL',j,z))]*(1000/(10**8));
3613   Global_CO2FACTOR('03_OIL',j)               = [sum((p_oil,z),CO2IO(p_oil,j,z))/sum(z,DEO('03_OIL',j,z))]*(1000/(10**8));
3614   Global_CO2FACTOR('04_GAS',j)              = [sum((p_gas,z),CO2IO(p_gas,j,z))/sum(z,DEO('04_GAS',j,z))]*(1000/(10**8));
3615   Global_CO2FACTOR('10_PETROLCOAL',j) = [sum((p_oilproduct,z),CO2IO(p_oilproduct,j,z))/sum(z,DEO('10_PETROLCOAL',j,z))]*(1000/(10**8));
3616   
      *MNG
      CO2FACTOR('02_COAL','31_SER','05_MNG')        = 2;
       
      *PRK
       CO2FACTOR('02_COAL','01_AGRICULT','06_PRK')        = CO2FACTOR('02_COAL','01_AGRICULT','05_MNG');
       CO2FACTOR('10_PETROLCOAL','01_AGRICULT','06_PRK')  = CO2FACTOR('10_PETROLCOAL','01_AGRICULT','05_MNG');
       CO2FACTOR('02_COAL','28_LTRP','06_PRK')            = CO2FACTOR('02_COAL','28_LTRP','05_MNG');
       CO2FACTOR('02_COAL','17_OTHERIND','06_PRK')        = CO2FACTOR('02_COAL','17_OTHERIND','05_MNG');
       
      *RUS
       CO2FACTOR('02_COAL','08_WOODPRO','04_RUS')    = CO2FACTOR('02_COAL','08_WOODPRO','10_EEU');
       CO2FACTOR('04_GAS','17_OTHERIND','04_RUS')      = SMAX(j$(not sameas(j, '17_OTHERIND')), CO2FACTOR('04_GAS', j, '04_RUS'));
       
      *LAM
       CO2FACTOR('04_GAS','02_COAL','08_LAM')             = CO2FACTOR('04_GAS','02_COAL','07_NAM');
       
      * CO2FACTOR(ene,j,z)$(CO2FACTOR(ene,j,z) gt 10) = 10 ;
3636   
3637  CO2FACTOR(ene, j, z)$(
3638      not sameas(j, '13_IRONSTL') and
3639      not sameas(j, '20_eCoal') and
3640      not sameas(j, '21_eGas') and
3641      not sameas(j, '22_eOil')
3642  ) = MIN(CO2FACTOR(ene, j, z), Global_CO2FACTOR(ene, j));
3643   
3644  *Otherind Sector
3645   CO2FACTOR('02_COAL','17_OTHERIND',Z)$DEO('02_COAL','17_OTHERIND',z) = Global_CO2FACTOR('02_COAL','20_eCoal');
3646   CO2FACTOR('03_OIL','17_OTHERIND',Z)$DEO('03_OIL','17_OTHERIND',z) = Global_CO2FACTOR('03_OIL','03_OIL');
3647   CO2FACTOR('04_GAS','17_OTHERIND',Z)$DEO('04_GAS','17_OTHERIND',z) = Global_CO2FACTOR('04_Gas','21_eGas');
3648   CO2FACTOR('10_PETROLCOAL','17_OTHERIND',Z)$DEO('10_PETROLCOAL','17_OTHERIND',z) = Global_CO2FACTOR('10_PETROLCOAL','22_eOil');
3649   
3650   CO2FACTOR(ene,j,z)$(CO2FACTOR(ene,j,z) lt 0) = 0.1 ;
3651   
3652   
3653   CO2FACTOR('02_COAL','20_eCoal','06_PRK') = CO2FACTOR('02_COAL','20_eCoal','05_MNG') ;
3654   
3655   CO2FACTOR('10_PETROLCOAL','22_eOil','06_PRK') = CO2FACTOR('10_PETROLCOAL','22_eOil','05_MNG') ;
3656   
3657   CO2FACTOR2(ene,j,z,time) = CO2FACTOR(ene,j,z);
3658   
3659  *===========
3660  * Coal 2.7tCO2 per 100$
3661  * CO2FACTOR2('02_COAL',j,z,time)$CO2FACTOR('02_COAL',j,z)           = 2.7 ;
3662  * Gas 1.8tCO2 per 100$
3663  * CO2FACTOR2('04_GAS',j,z,time)$CO2FACTOR('04_GAS',j,z)             = 0.67;
3664  * Oilrproduct  0.6tCO2 per 100$
3665  * CO2FACTOR2('10_PETROLCOAL',j,z,time)$CO2FACTOR('10_PETROLCOAL',j,z) = 0.67;
3666   
3667   
3668   
3669  *==============================================================================
3670  *  Electricity Generation coefficients
3671  *==============================================================================
3672  Parameter
3673   EGINucGWh(j,z)    Nuclear GWh per 10 billion $
3674   EGICoalGWh(j,z)   Coal GWh per 10 billion $
3675   EGIGasGWh(j,z)    Gas GWh per 10 billion $
3676   EGIOilGWh(j,z)    Oil GWh per 10 billion $
3677   EGIWindGWh(j,z)   Wind GWh per 10 billion $
3678   EGISolarGWh(j,z)  Solar GWh per 10 billion $
3679   EGIHydroGWh(j,z)  Hydro GWh per 10 billion $
3680   EGIWasteGWh(j,z)  Waste GWh per 10 billion $
3681   EGIBioGWh(j,z)    bio GWh per 10 billion $
3682   EGIGeoGWh(j,z)    geothermal GWh per 10 billion $
3683   EGIOtherGWh(j,z)  Other GWh per 10 billion $
3684  ;
3685   
3686   EGINucGWh('19_eNuclear',z) = ElecNucGWh('19_eNuclear',z)/DSO_J('19_eNuclear',z);
3687   EGICoalGWh('20_eCoal',z)   = ElecCoalGWh('20_eCoal',z)/DSO_J('20_eCoal',z);
3688   EGIGasGWh('21_eGas',z)     = ElecGasGWh('21_eGas',z)/DSO_J('21_eGas',z);
3689   EGIOilGWh('22_eOil',z)     = ElecOilGWh('22_eOil',z)/DSO_J('22_eOil',z);
3690   EGIWindGWh('23_eWind',z)   = ElecWindGWh('23_eWind',z)/DSO_J('23_eWind',z);
3691   EGISolarGWh('24_eSolar',z) = ElecSolarGWh('24_eSolar',z)/DSO_J('24_eSolar',z);
3692   EGIHydroGWh('25_eHydro',z) = ElecHydroGWh('25_eHydro',z)/DSO_J('25_eHydro',z);
3693   EGIWasteGWh('26_eOther',z) = ElecWasteGWh('26_eOther',z)/DSO_J('26_eOther',z);
3694   EGIBioGWh('26_eOther',z)   = ElecBioGWh('26_eOther',z)/DSO_J('26_eOther',z);
3695   EGIGeoGWh('26_eOther',z)   = ElecGeoGWh('26_eOther',z)/DSO_J('26_eOther',z);
3696   EGIOtherGWh('26_eOther',z) = ElecOtherGWh('26_eOther',z)/DSO_J('26_eOther',z);
3697   
3698  *==============================================================================
3699  *  Backstop technology
3700  *==============================================================================
3701   switch(i3,z,time)  = 0 ;
3702   penetration_rate(i3,z,time) = eps ;
3703   
3704  Parameters
3705   Max_Pen(i3,z)           Maximum Penetration Rate
3706   Logistic_Coeff(i3,z)    Logistic Growth Rate Coefficient
3707   Gompertz_Coeff(i3,z) Gompertz  Growth Rate Coefficient
3708   Start_Year(i3, z)        First Year
3709   Inflection_Lapse(i3, z) Inflection Point Time
3710  ;
3711   
3712  Parameters
3713   CTAX0(z)           Initial Carbon tax $ per ton CO2
3714   TCTAX0(z)          Initial Government Revenue from Carbon tax
3715   PERMITO(j,z)       CO2 emissions
3716   PERMIT_TOTALO(z)   Total CO2 emissions (billion ton)
3717   PERMIT_NEA_TOTALO
3718  ;
3719   
3720   CTAX0(z)          = 0;
3721   TCTAX0(z)         = 0;
3722   PERMITO(j,z)      = sum(ene, CO2FACTOR(ene,j,z)*DEO(ene,j,z)) ;
3723   PERMIT_TOTALO(z)  = sum(j,PERMITO(j,z));
3724   PERMIT_NEA_TOTALO = sum(NEA, PERMIT_TOTALO(NEA));
3725   
3726  *==============================================================================
3727  *   Marginal abatement curves for emissions
3728  *==============================================================================
3729  Parameters
3730   alpha_CO2(ene,j,z)   Emissions responsiveness parameter – higher values imply stronger reduction in emissions intensity in response to carbon price
3731   gamma_CO2(ene,j,z)   Adjustment speed parameter – governs how rapidly emissions intensity responds to changes in carbon price
3732   MINCO2FACTOR(ene,j,z) minimum CO2 emission factor
3733   CTAX_CO2(ene,j,z,time)
3734   CO2FACTOR2_Star(ene,j,z,time)
3735  ;
3736   
3737   alpha_CO2(ene,j,z)     = 0.15 ;
3738   gamma_CO2(ene,j,z)     = 1.5 ;
3739   MINCO2FACTOR(ene,j,z)  = CO2FACTOR(ene,j,z)*0.1 ;
3740   
3741  Scalar
3742  adjustment_factor
3743  trigger_price
3744  SolarWind_TFP_BAU
3745  SolarWind_TFP_NDC
3746  SolarWind_TFP_NZ
3747  ;
3748   
3749  adjustment_factor = 0.5 ;
3750  trigger_price  = 1.0 ;
3751  SolarWind_TFP_BAU =0.02;
3752  SolarWind_TFP_NDC=0.02;
3753  SolarWind_TFP_NZ =0.04;
3754   
3755  *==============================================================================
3756  *   Carbon tax recycling
3757  *==============================================================================
3758   TIWO_Share(j,z)    =   LDO(j,z)/LSO(z);
3759   TIKO_Share(k,j,z)   =  KDO(k,j,z)/KSO(k,z);
3760   TIPO_Share(j,z)     =  XSTO(j,z)/sum(jj,XSTO(jj,z));
3761   
3762  *==============================================================================
3763  *  Direct Air Capture
3764  *==============================================================================
3765  Parameter
3766   DAC_TRIGGER   DAC trigger Price (100$ per tCO2)
3767   DAC_MAX Maximum DAC yearly
3768   DAC_growth_rate(z,time)
3769   DAC_Max_Pen(z)   Maximum Penetration
3770   DAC_Logistic_Coeff(z)  Logistic Growth Rate
3771   DAC_Inflection(z)  Inflection Lapse
3772   DAC_Start_Year(z)  First Triggered Year
3773   DAC_Tech_Coeff(i)
3774   switchDAC(z,time)  binary parameter
3775   ;
3776   
3777  Scalar DAC_Unit_Scale 100MilliontCO2 to tCO2 / 100000000 /;
3778  Scalar DAC_Elec_Intensity MWh needed per ton CO2 / 2.5 /;
3779  Scalar Price_USD_MWh USD per MWh / 107.14 /;
3780   
3781   DAC_TRIGGER = 5.0;
3782   DAC_MAX = 2.0;
3783   DAC_growth_rate(z,time) = 0 ;
3784   DAC_Max_Pen(z)         = 1.0 ;
3785   DAC_Logistic_Coeff(z)  = 0.3 ;
3786   DAC_Inflection(z) = 15 ;
3787   DAC_Start_Year(z) = 0 ;
3788   DAC_Tech_Coeff('18_ELEC') = (DAC_Unit_Scale * DAC_Elec_Intensity * Price_USD_MWh)/10**10 ;
3789   switchDAC(z,time)  = 0 ;
3790   
3791  *==============================================================================
3792  *   Labour Supply
3793  *==============================================================================
3794  Parameters
3795   W_lag(z,time)         Wage rate of type l labor in region z
3796   PIXCON_lag(z,time)    Consumer price index in region z
3797   LS_lag(z,time)        Supply of type l labor in region z (T-1)
3798   LST_lag(z,time)       Supply of type l labor in region z (Trend T-1)
3799  ;
3800   
3801  *==============================================================================
3802  *  Own-price elasticities
3803  *==============================================================================
3804  PARAMETER
3805   elas_elec(j,z)               Own price elasticities(electricity)
3806   elas_gas(j,z)               Own price elasticities(gas)
3807   elas_oil(j,z)                 Own price elasticities(oil)
3808   elas_coal(j,z)               Own price elasticities(coal)
3809   elas_petrolcoal(j,z)       Own price elasticities(petrolcoal)
3810   elas_Hou_ENER(ene,z)  Own price elasticities Household
3811  ;
3812   
3813   elas_elec(j2,z)       = -1*(1- DEO('18_ELEC',j2,z)/sum(ene,DEO(ene,j2,z)))*sigma_ENER_elec(j2,z) ;
3814   elas_elec(j3,z)       = eps ;
3815   
3816   elas_gas(j2,z)        = -1*(1- DEO('04_GAS',j2,z)/(DEO('02_COAL',j2,z)+DEO('04_GAS',j2,z)))*sigma_ENER_coalgas(j2,z) ;
3817   elas_gas(j3,z)        = eps ;
3818   
3819   elas_coal(j2,z)       = -1*(1- DEO('02_COAL',j2,z)/(DEO('02_COAL',j2,z)+DEO('04_GAS',j2,z)))*sigma_ENER_coalgas(j2,z) ;
3820   elas_coal(j3,z)       = eps ;
3821   
3822   elas_oil(j2,z)          = -1*(1- DEO('03_OIL',j2,z)/(DEO('03_OIL',j2,z)+DEO('10_PETROLCOAL',j2,z)))*sigma_ENER_oilprod(j2,z) ;
3823   elas_oil(j3,z)          = eps ;
3824   
3825   elas_petrolcoal(j2,z)  = -1*(1- DEO('10_PETROLCOAL',j2,z)/(DEO('03_OIL',j2,z)+DEO('10_PETROLCOAL',j2,z)))*sigma_ENER_oilprod(j2,z) ;
3826   elas_petrolcoal(j3,z)  = eps ;
3827   
3828   elas_Hou_ENER(ene,z)   = CMINO(ene,z)/CO(ene,z)*(1-gamma_LES(ene,z)) -1 ;
3829   
3830  *==============================================================================
3831  *   Sigma_ENE_elec
3832  *==============================================================================
3833  PARAMETER W_Origin(ene,j,z) "Original Weights";
3834  W_Origin(ene,j,z)$(sum(jj,DIO(ene,jj,z))) = DIO(ene,j,z) / sum(jj,DIO(ene,jj,z));
3835  W_Origin(ene,j,z)$(not sum(jj,DIO(ene,jj,z))) = 0;
3836   
3837  PARAMETER V_log(ene,j2,z) "Log transformed weights (ln(W_orig))";
3838  PARAMETER V_min(ene), V_max(ene);
3839  PARAMETER N_norm(ene,j2,z) "Normalized values (0 to 1)";
3840  PARAMETER W_final(ene,j2,z) "Final Scaled Weights (0.1 to 2.0)";
3841  SCALAR A /0.1/, B /1.0/;
3842   
3843  * 1. 로그 변환 (기존과 동일, 0 값 방지 위해 EPS 사용)
3844  V_log(ene,j2,z) = LOG(W_Origin(ene,j2,z) + 1E-8);
3845   
3846  * 2. V_min 및 V_max 계산 (***수정: ene 인덱스 명시***)
3847  * 'ene' 상품 내에서 j2와 z에 대한 최소값/최대값을 찾음
3848  V_min(ene) = Smin((j2,z), V_log(ene,j2,z));
3849  V_max(ene) = Smax((j2,z), V_log(ene,j2,z));
3850   
3851  * 3. 0-1 정규화 (***수정: 모든 인덱스 명시 및 분모 0 조건 처리***)
3852  * 먼저, V_max = V_min인 경우를 위해 모든 N_norm을 0.5로 초기화합니다.
3853  N_norm(ene,j2,z) = 0.5;
3854   
3855  * V_max(ene) - V_min(ene)가 0이 아닐 때만 정규화 계산 수행
3856  N_norm(ene,j2,z)$(V_max(ene) - V_min(ene)) =
3857      (V_log(ene,j2,z) - V_min(ene)) / (V_max(ene) - V_min(ene));
3858   
3859  * 4. 최종 목표 범위 (0.1 ~ 2.0)로 스케일링 (***수정: 모든 인덱스 명시***)
3860  W_final(ene,j2,z) = A + (B - A) * N_norm(ene,j2,z);
3861   
3862  execute_unload 'Calibration_Check_GTAP11c';
3863  *$exit
3864  *==============================================================================
3865  * Variable
3866  *==============================================================================
3867  VARIABLES
3868  *==============================================================================
3869  *   Volume variables
3870  *==============================================================================
3871   C(i,z,time)             Consumption of commodity i by households in region z
3872   CABX(z,time)            Current account balance of region z in terms of the international currency
3873   CG(i,z,time)            Public consumption of commodity i in region z
3874   CI(j,z,time)            Total intermediate consumption of industry j in region z
3875   CE(j,z,time)            Total intermediate consumption of industry j in region z
3876   CMIN(i,z,time)          Minimum consumption of commodity i by households in region z
3877   CTH_REAL(z,time)        Real household consumption in region z
3878   DD(i,z,time)            Domestic demand for commodity i produced locally in region z
3879   DI(i,j,z,time)          Intermediate consumption of commodity i by industry j in region z
3880   DE(i,j,z,time)          Intermediate energy consumption of commodity i by industry j in region z
3881   DEelec(j2,z,time)       Intermediate energy consumption of commodity i by industry j in region z
3882   DEnelec(j2,z,time)      Intermediate energy consumption of commodity i by industry j in region z
3883   DEcoalgas(j2,z,time)    Intermediate energy consumption of commodity i by industry j in region z
3884   DEoilpetrol(j2,z,time)  Intermediate energy consumption of commodity i by industry j in region z
3885   DIT(i,z,time)           Total intermediate demand of commodity i in region z
3886   DS(j,i,z,time)          Supply of commodity i by sector j to the domestic market
3887   DS_I(i,z,time)          Supply of commodity i to the domestic market of region z
3888   EX(i,z,zj,time)         Quantity of product i exported by country z to country zj
3889   EXT(i,z,time)           Supply of composite commodity i by region z to the export market
3890   EXTT(j,i,z,time)        Supply of activity j to the export market i of region z
3891   G_REAL(z,time)          Current real government expenditures on goods and services in region z
3892   GDP_BP_REAL(z,time)     Real GDP at basic prices
3893   GDP_BP_W_REAL(time)     Real world GDP at basic prices
3894   GDP_MP_REAL(z,time)     Real GDP at market prices
3895   IM(i,zj,z,time)         Quantity of product i imported by country z from country zj
3896   IMT(i,z,time)           Quantity demanded of composite imports of commodity i by region z
3897   IND(k,j,z,time)         Volume of new type k capital investment to industry j in region z
3898   INV(i,z,time)           Final demand of commodity i for investment purposes (GFCF) in region z
3899   IT_REAL(z,time)         Real gross fixed capital formation
3900   KD(k,j,z,time)          Demand for type k capital by industry j in region z
3901   KDC(j,z,time)           Demand for composite capital by industry j in region z
3902   KS(k,z,time)            Supply of type k capital in region z
3903   LD(j,z,time)            Demand for type l labor by industry j in region z
3904   LDC(j,z,time)           Demand for composite labor by industry j in region z
3905   LS(z,time)              Supply of type l labor in region z
3906   LST(z,time)             Supply of type l labor in region z (Trend)
3907   MRGN(i,z,time)          Domestic production of commodity i in region z exported as international margin services
3908   Q(i,z,time)             Quantity demanded of composite commodity i in region z
3909   VA(j,z,time)            Value added of industry j in region z
3910   KLE(j,z,time)           KLE of industry j in region z
3911   XS(j,i,z,time)          Total output of industry j by commodity in region z
3912   XS_I(i,z,time)          Total output of commodity i in region z
3913  * XS_I2(i,z,time)          Total output of commodity i in region z
3914   XST(j,z,time)           Total aggregate output of industry j in region z
3915   POWERQ(z,time)          Total power output in region z
3916   C_Conventional(i3,z,time)
3917   XDBS(i,z,time)
3918   XDBS2(j,z,time)
3919   LBS(j,z,time)
3920   KBS(k,j,z,time)
3921  * EBS(j,z,time)
3922   CLBS(i3,z,time)
3923   CKBS(i3,z,time)
3924  * CEBS(i3,z,time)
3925   MARKUP(i3,z,time)
3926   PERMIT(j,z,time)
3927   PERMIT_TOTAL(z,time)
3928   PERMIT_NEA_TOTAL(time)
3929   deltatik(j,z,time)
3930   deltatip(j,z,time)
3931   Q_DAC(z,time)  100ktCO2
3932   
3933  *==============================================================================
3934  *   Price variables
3935  *==============================================================================
3936   e(z,time)               Exchange rate (price of international currency in terms of region z local currency)
3937   IR(z,time)              Interest rate
3938   P(i,z,time)             Basic price of commodity i in region z
3939   P2(j,i,z,time)          Basic price of industry js production of commodity i
3940   P3(i,j,z,time)          Basic price of power industry js production of commodity i
3941   P4(ene,j,z,time)        Basic energy commodity price of industry js production of commodity i
3942   PPOWER(z,time)          Basic price of composite power commodity in region z
3943   PI(i,z,time)            Basic price of composite activity commodity in region z
3944   PT(j,z,time)            Basic price of industry js output
3945   PC(i,z,time)            Purchaser price of composite commodity i (including all taxes and margins) in region z
3946   PCI(j,z,time)           Intermediate consumption price index of industry j in region z
3947   PCE(j,z,time)           Intermediate energy consumption price index of industry j in region z
3948   PCEelec(j2,z,time)      Intermediate energy consumption price index of industry j in region z
3949   PCEnelec(j2,z,time)     Intermediate energy consumption price index of industry j in region z
3950   PCEcoalgas(j2,z,time)   Intermediate energy consumption price index of industry j in region z
3951   PCEoilpetrol(j2,z,time) Intermediate energy consumption price index of industry j in region z
3952   PD(i,z,time)            Price of local product i sold on region z domestic market (including all taxes)
3953   PE(i,z,zj,time)         Price received for commodity i exported to region zj by region z (excluding export taxes)
3954   PET(i,z,time)           Border price of composite commodity i exported by region z
3955   PIXCON(z,time)          Consumer price index in region z
3956   PIXGDP(z,time)          GDP deflator in region z
3957   PIXGDP_W(time)          World GDP deflator
3958   PIXGVT(z,time)          Public expenditures price index in region z
3959   PIXINV(z,time)          Investment price index in region z
3960   PK(z,time)              Price of new capital in region z
3961   PL(i,z,time)            Price of local product i (excluding all taxes on products) in region z
3962   PM(i,zj,z,time)         Price of commodity i imported by region z from region zj (including all taxes duties and margins)
3963   PMT(i,z,time)           Price of composite commodity i imported by region z (including all taxes duties and margins)
3964   PP(j,z,time)            Unit cost of industry j in region z including taxes directly related to the use of capital and labor but excluding other taxes on production
3965   PVA(j,z,time)           Price of industry j value added in region z (including taxes on production directly related to the use of capital and labor)
3966   PKLE(j,z,time)          Price of industry j KLE in region z
3967   PWM(i,zj,z,time)        World price of commodity i imported from country zj by region z (expressed in international currency)
3968   PWMG(i,time)            World price of margin i (expressed in international currency)
3969   PWX(i,z,zj,time)        World price of commodity i exported to country zj by region z (expressed in international currency)
3970   R(k,j,z,time)           Rental rate of type k capital in industry j of region z
3971   RC(j,z,time)            Rental rate of industry j composite capital in region z
3972   RTI(k,j,z,time)         Rental rate paid by industry j for type k capital in region z including capital taxes
3973   U(z,time)               User cost of capital in region z
3974   W(z,time)               Wage rate of type l labor in region z
3975   WC(j,z,time)            Wage rate of industry j composite labor in region z
3976   WTI(j,z,time)           Wage rate paid z by industry j for type l labor in region including payroll taxes
3977   CTAX(Z,time)            Carbon tax in region z
3978   
3979  *==============================================================================
3980  *   5.1.3 Nominal (value) variables
3981  *==============================================================================
3982   CAB(z,time)             Current account balance of region z
3983   CTH(z,time)             Consumption budget of households in region z
3984   DEP(z,time)             Amount of depreciation (capital consumption allowance) in region z
3985   G(z,time)               Current government expenditures on goods and services in region z
3986   GDP_BP(z,time)          Region z GDP at basic prices
3987   GDP_BP_W(time)          World GDP at basic prices
3988   GDP_FD(z,time)          Region z GDP at purchasers prices from the perspective of final demand
3989   GDP_IB(z,time)          Region z GDP at market prices (income-based)
3990   GDP_MP(z,time)          Region z GDP at market prices
3991   IT(z,time)              Total investment expenditures in region z
3992   SG(z,time)              Government savings in region z
3993   SH(z,time)              Household savings in region z
3994   SROW(z,time)            Rest-of-the-world savings with respect to region z
3995   TDH(z,time)             Household income taxes in region z
3996   TCTAX(z,time)           Government revenuse from Carbon tax
3997   TIC(i,z,time)           Government revenue from indirect taxes on commodity i in region z
3998   TICT(z,time)            Total government receipts of indirect taxes on commodities in region z
3999   TIK(k,j,z,time)         Government revenue from taxes on type k capital used by industry j in region z
4000   TIKT(z,time)            Total government revenue from from taxes on capital in region z
4001   TIM(i,zj,z,time)        Government revenue from duties on commodity i imported from region zj by region z
4002   TIMT(z,time)            Total government revenue from import duties in region z
4003   TIP(j,z,time)           Government revenue from taxes on industry j production in region z (excluding taxes directly related to the use of capital and labor)
4004   TIPT(z,time)            Total government revenue from production taxes in region z (excluding taxes directly related to the use of capital and labor)
4005   TIW(j,z,time)           Government revenue from payroll taxes on type l labor in industry j of region z
4006   TIWT(z,time)            Total government revenue from payroll taxes in region z
4007   TIX(i,z,zj,time)        Government revenue from export taxes on commodity i exported by region z to region zj
4008   TIXT(z,time)            Total government revenue from export taxes in region z
4009   TPRCTS(z,time)          Total government revenue from taxes on products and imports in region z
4010   TPRODN(z,time)          Total government revenue from other taxes on production in region z
4011   YDH(z,time)             Household disposable income in region z
4012   YG(z,time)              Total government income in region z
4013   YH(z,time)              Household total income in region z
4014   YHK(z,time)             Household capital income in region z
4015   YHL(z,time)             Household labor income in region z
4016   YROW(z,time)            Rest-of-the-world total income from region z
4017   REBATE(z,time)
4018   TIW_Share(j,z,time)
4019  * TIK_Share(j,z,time)
4020  * TIP_Share(j,z,time)
4021   LaborRebate(j,z,time)
4022  *==============================================================================
4023  *  Rates and intercepts
4024  *==============================================================================
4025   phi(z,time)             Scale variable (allocation of investment to industries)
4026   sh0(z,time)             Intercept (household savings)
4027   sh1(z,time)             Slope (household savings)
4028   ttdh0(z,time)           Intercept (household income tax)
4029   ttdh1(z,time)           Slope (household income tax)
4030   ttic(i,z,time)          Tax rate on commodity i
4031   ttik(k,j,z,time)        Tax rate on capital k used in industry j
4032   ttim(i,zj,z,time)       Rate of taxes and duties on imports of commodity i from country zj
4033   ttip(j,z,time)          Tax rate on the production of industry j
4034   ttiw(j,z,time)          Tax rate on type l worker compensation in industry j
4035   ttix(i,z,zj,time)       Export tax rate on exported commodity i
4036  * ttik_lag(j,z,time)
4037  * ttip_lag(j,z,time)
4038   
4039  *==============================================================================
4040  *   Other variables
4041  *==============================================================================
4042   A_VA(z,time)            Multifactor productivity
4043   LEON(z,time)            Excess supply on the last market in region z
4044  ;
4045   
4046  *==============================================================================
4047  *  Equations
4048  *==============================================================================
4049  EQUATIONS
4050   EQ1(j,z,time)           Leontief - demand for value added
4051   EQ1_1(j,z,time)         Leontief - demand for KLE(Industries)
4052   EQ2(j,z,time)           Leontief - demand for intermediate consumption
4053   EQ2_1(j,z,time)         Leontief - demand for intermediate energy consumption(Energy Industries)
4054   EQ3(j,z,time)           CES - combination of labor and capital
4055   EQ3_1(j,z,time)         CES - combination of composite energy and value added
4056   EQ4(j,z,time)           CES - demand for composite labor
4057   EQ4_1(j,z,time)         Demand for value added relative to composite energy
4058   EQ5(j,z,time)           CES between labor categories
4059  * EQ6(l,j,z,time)         Demand for labor
4060   EQ7(j,z,time)           CES between capital categories
4061   EQ8(k,j,z,time)         Demand for capital
4062   EQ9(i,j,z,time)         Leontief - demand for commodity i by sector j
4063   EQ9_1(ene,j3,z,time)
4064  *Simple Nesting
4065  *EQ9_2(ene,j2,z,time)
4066   
4067  *Nested CES
4068   EQ9_2(j2,z,time)
4069   EQ9_3(j2,z,time)
4070   EQ9_4(j2,z,time)
4071   EQ9_5(j2,z,time)
4072   EQ9_6(ene2,j2,z,time)
4073   EQ9_7(ene5,j2,z,time)
4074   EQ9_8(ene6,j2,z,time)
4075   
4076   EQ10(z,time)            Household total income
4077   EQ11(z,time)            Household labor income
4078   EQ12(z,time)            Household capital income
4079   EQ13(z,time)            Household disposable income
4080   EQ14(z,time)            Household consumption budget
4081  * CALEQ1(z,time)         Aggregate domestic savings
4082   EQ15(z,time)            Household savings
4083   EQ16(z,time)            Government total income
4084   EQ16_1(z,time)          Government revenue from Ctax
4085   EQ17(z,time)            Total government receipts of taxes on production
4086   EQ18(z,time)            Government receipts of indirect taxes on wages
4087   EQ19(z,time)            Government receipts of indirect taxes on capital
4088   EQ20(z,time)            Government receipts of indirect taxes on production
4089   EQ21(z,time)            Total government receipts of taxes on products and imports
4090   EQ22(z,time)            Government receipts of indirect taxes on consumption
4091   EQ23(z,time)            Government receipts of indirect taxes on imports
4092   EQ24(z,time)            Government receipts of indirect taxes on exports
4093   EQ25(z,time)            Household h income taxes
4094  * EQ26(l,j,z,time)        Government receipts of indirect taxes on wages
4095   EQ26(j,z,time)        Government receipts of indirect taxes on wages
4096   EQ27(k,j,z,time)        Government receipts of indirect taxes on capital
4097   EQ28(j,z,time)          Government receipts of indirect taxes on production of industry j
4098   EQ29(i,z,time)          Government receipts of indirect taxes on commodity i
4099   EQ30(i,zj,z,time)       Government receipts of indirect taxes on imports of commodity i
4100   EQ31(i,z,zj,time)       Government receipts of indirect taxes on exports of commodity i
4101   EQ32(z,time)            Government savings
4102   EQ33(z,time)            Rest of the world total income
4103   EQ34(z,time)            Rest of the world savings
4104   EQ35(z,time)            Equivalence between current account balance and savings
4105   EQ36(i,z,time)          Household consumption of commodity i
4106   EQ37(i,z,time)          Final demand of commodity i for investment purposes
4107   EQ38(i,z,time)          Public final consumption of commodity i
4108  * CALEQ2(z,time)         Current government expenditures on goods and services
4109   EQ39(i,z,time)          Total intermediate consumption of commodity i
4110   EQ39_1(i,z,time)        Total intermediate consumption of commodity i
4111   EQ39_2(i,z,time)        Total intermediate consumption of commodity i
4112  * EQ40_1(j,z)            CET between different commodities produced by industry j
4113  * EQ40_2(j,i,z)          Industry j production of commodity i (CET)
4114   EQ40_3(i,z,time)        Domestic supply by commdities
4115   EQ40_4(j,z,time)        Total supply by commdities
4116   EQ40_5(i,z,time)        CET function between exports local production and margins
4117   EQ41(i,z,time)          Supply of composite exports
4118   EQ42(i,z,time)          Supply of margins
4119   EQ43(i,z,time)          CET function between exports by trading partner
4120   EQ44(i,z,zj,time)       Supply of exports by trading partner
4121   EQ45(i,z,time)          CES function between composite imports and local production
4122   EQ46(i,z,time)          Demand for composite imports
4123   EQ47(i,z,time)          CES function between imports by origin
4124   EQ48(i,zj,z,time)       Demand for imports by origin
4125   EQ49(j,z,time)          Producer price in energy industries j after production taxes
4126   EQ49_1(j,z,time)        Producer price in industry j after production taxes
4127  * EQ49_2(j,i,z)          Total producer price is equal to P if there is only one product
4128  * EQ49_3(j,i,z)          Basic price of industry j's production of commodity i
4129   EQ50(j,z,time)          Basic price of industry j production
4130   EQ51(j,z,time)          Price index of industry j intermediate consumption
4131  *Simple Nesting
4132  * EQ51_1(j,z,time)
4133  *Nested CES
4134   EQ51_1(j2,z,time)
4135   EQ51_2(j3,z,time)
4136   EQ51_3(j2,z,time)
4137   EQ51_3(j2,z,time)
4138   EQ51_4(j2,z,time)
4139   EQ51_5(j2,z,time)
4140   EQ51_6(j2,z,time)
4141   EQ52(j,z,time)          Value added price
4142   EQ52_1(j,z,time)        KLE price
4143   EQ53(j,z,time)          Price of composite labor in industry j (redundant)
4144  * EQ53_1(j,z,time)       TIW Share
4145  * EQ53_1(k,j,z,time)     TIK Share
4146  * EQ54(l,j,z,time)       Wages including taxes
4147   EQ54(j,z,time)          Wages including taxes
4148   EQ54_1(ene,j,z,time)    energy commodity prices
4149  * EQ55(j,z)              Price of composite capital in industry j (redundant)
4150  *EQ55(j,z,time)              Price of composite capital in industry j (redundant)
4151   EQ56(k,j,z,time)        Rental rate including taxes
4152  * EQ57(k,j,z,time)       Rate of remuneration of capital k (capital mobile)
4153   EQ58(i,z,time)          Producer price is a weighted sum of PE and PL
4154  * EQ59(i,z)              Price of composite export i (redundant)
4155   EQ60(i,z,zj,time)       Border price of exported commodity i
4156   EQ61(i,z,time)          Price of local product i (including all taxes and margins)
4157   EQ62(i,zj,z,time)       Price of imported commodity i (including all taxes and duties)
4158  * EQ63(i,z)              Price of composite import i (redundant)
4159   EQ64(i,z,time)          Consumer price is a weighted sum of PD and PM
4160  * EQ65(z,time)           Aggregate price of capital
4161   EQ66(z,time)            GDP deflator (Fischer index)
4162   EQ67(time)              World GDP deflator (Fischer index)
4163   EQ68(z,time)            Consumer price index (Laspeyres)
4164   EQ69(z,time)            Investment price index (derived from investment function)
4165   EQ70(z,time)            Public expenditure price index
4166   EQ71(i1,z,time)         Domestic absorbtion
4167   EQ71_2(i3,z,time)       Domestic absorbtion
4168  * EQ72(l,z,time)         Labor supply equals labor demand
4169   EQ72(z,time)            Labor supply equals labor demand
4170   EQ73(k,z,time)          Capital supply equals capital demand
4171   EQ74(z,time)            Total investment equals total savings
4172   EQ75(z,time)            Depreciation
4173   EQ76(i,z,time)          Supply of domestic production equals demand
4174   EQ77(i,z,zj,time)       Exports supply equals imports demand
4175   EQ78(i,z,zj,time)       Exports price equals imports price
4176   EQ79(i,time)            World demand for margins equals world supply
4177  * EQ80                   Sum of foreign savings equals zero (redundant)
4178   EQ81(z,time)            GDP at basic prices
4179   EQ82(z,time)            GDP at market prices
4180   EQ83(z,time)            GDP at market prices (income-based)
4181   EQ84(z,time)            GDP at market prices (expenditure-based)
4182   EQ85(time)              World GDP
4183   EQ86(z,time)            Real consumption budget of type h households
4184   EQ87(z,time)            Real current government expenditures on goods and services
4185   EQ88(z,time)            Real GDP at basic prices
4186   EQ89(time)              Real world GDP at basic prices
4187   EQ90(z,time)            Real GDP at market prices
4188   EQ91(z,time)            Real gross fixed capital formation
4189   EQ92(z,time)            Current account balance of region z in terms of the reference currency
4190  * EQ93                    fictitious OBJ. fuction
4191   WALRAS(z,time)          Walras law verification
4192  * EQB_1(i,z)             Top Nest - CES function Aggregated acitivty
4193  * EQB_2(j,i,z)           Top Nest - CES function Aggregated acitivty
4194  * EQB_3(j,i,z)           Total producer price is equal to P if there is only one product
4195  * EQB_4(j,i,z)           Basic price of industry j's production of commodity i
4196  * EQB_5(j,i,z)           Supply of exports for compsite activity
4197   EQA_1(z,time)           Top Nest - Leontief function Aggregated-Electricity
4198   EQA_2(Z,time)           Top Nest - Leontief function Aggregated-Electricity
4199   EQA_3(z,time)           Second Nest - CES function - Aggregated-Electricity
4200   EQA_4(power,i,z,time)   Second Nest - CES function - Aggregated-Electricity
4201   EQB_1(i2,z,time)        Industry j production of commodity i (CES)
4202   EQB_3(j,i,z,time)       Total producer price is equal to P if there is only one product
4203   EQB_4(j,i,z,time)       Basic price of industry js production of commodity i
4204   EQB_5(j,i,z,time)       Supply of exports for compsite activity
4205   EQ94(z,time)            Total investment expenditure constraint
4206   EQ95(z,time)            Aggregate price of capital
4207   EQ96(k,bus,z,time)      Investment demand by industry
4208  *CALEQ3(k,pub,z,time)   Public investment demand
4209   EQ97a(z,time)           Interest rate (weighted average rate of return on capital)
4210   EQ97b(z,time)           User cost of capital
4211   EQ98(i3,z,time)
4212   EQ99(i3,z,time)
4213   EQ100(j,z,time)
4214   EQ101(j,z,time)
4215   EQ102(k,j,z,time)
4216  * EQ102_1(j,z,time)
4217   EQ103(i3,z,time)
4218   EQ104(i3,z,time)
4219  * EQ104_1(i3,z,time)
4220   EQ105(i3,z,time)
4221  * EQ105_1(i,z,time)
4222   EQ106(z,time)           labor supply
4223   EQ107(j,z,time)
4224   EQ108(z,time)
4225   EQ108_1(time)
4226   EQ109(z,time)
4227   EQ110(j,z,time)
4228   EQ111(j,z,time)
4229  * EQ112(j,z,time)
4230  * EQ113(j,z,time)
4231  * EQ114(j,z,time)
4232  * EQ115(j,z,time)
4233  * EQ116(j,z,time)
4234  * EQ117(j,z,time)
4235   EQ118(z,time)
4236  ;
4237   
4238  *==============================================================================
4239  *  5.3 Equations
4240  *==============================================================================
4241  *   5.3.1 Production
4242  *==============================================================================
4243   EQ1(j3,z,t)..     VA(j3,z,t) =e= v(j3,z)*XST(j3,z,t);
4244   
4245   EQ1_1(j2,z,t)..   KLE(j2,z,t) =e= v2(j2,z)*XST(j2,z,t);
4246   
4247   EQ2(j,z,t)..      CI(j,z,t) =e= io(j,z)*XST(j,z,t);
4248   
4249   EQ2_1(j3,z,t)..   CE(j3,z,t) =e= io2(j3,z)*XST(j3,z,t);
4250   
4251   EQ3(j,z,t)..      VA(j,z,t) =e= A_VA(z,t)*B_VA_t(j,z,t)*{
4252                      [beta_VA(j,z)*LDC(j,z,t)**(-rho_VA(j,z))]$LDCO(j,z)
4253                     +[(1-beta_VA(j,z))*KDC(j,z,t)**(-rho_VA(j,z))]$KDCO(j,z)
4254                                                     }**(-1/rho_VA(j,z));
4255   
4256   EQ3_1(j2,z,t)..   KLE(j2,z,t) =e= B_KLE(j2,z)*{
4257                      [beta_KLE(j2,z)*VA(j2,z,t)**(-rho_KLE(j2,z))]$VAO(j2,z)
4258                     +[(1-beta_KLE(j2,z))*CE(j2,z,t)**(-rho_KLE(j2,z))]$CEO(j2,z)
4259                                                     }**(-1/rho_KLE(j2,z));
4260   
4261   EQ4_1(j2,z,t)$[VAO(j2,z) and CEO(j2,z)]..
4262                   VA(j2,z,t) =e= {[(1-beta_KLE2(j2,z))/(beta_KLE2(j2,z))]
4263                                *[PCE(j2,z,t)/PVA(j2,z,t)]}**sigma_KLE(j2,z)*CE(j2,z,t);
4264   
4265   EQ4(j,z,t)$[LDCO(j,z) and KDCO(j,z)]..
4266                   LDC(j,z,t) =e= {[beta_VA(j,z)/(1-beta_VA(j,z))]
4267                                *[RC(j,z,t)/WC(j,z,t)]}**sigma_VA(j,z)*KDC(j,z,t);
4268   
4269   EQ5(j,z,t)$LDCO(j,z)..
4270                   LDC(j,z,t) =e= LD(j,z,t);
4271   
4272   EQ7(j,z,t)$KDCO(j,z)..
4273                   KDC(j,z,t) =e= B_KD(j,z)*SUM[k$KDO(k,j,z),beta_KD(k,j,z)
4274                                  *KD(k,j,z,t)**(-rho_KD(j,z))]**(-1/rho_KD(j,z));
4275   
4276   EQ8(k,j,z,t)$KDO(k,j,z)..
4277                    KD(k,j,z,t) =e= [beta_KD(k,j,z)*RC(j,z,t)/RTI(k,j,z,t)]**sigma_KD(j,z)*B_KD(j,z)**(sigma_KD(j,z)-1)
4278                      * (KDC(j,z,t) );
4279   
4280   EQ9(nene,j,z,t)..   DI(nene,j,z,t) =e= aij(nene,j,z)*CI(j,z,t) ;
4281   
4282  * EQ9_1(ene,j3,z,t)..  DE(ene,j3,z,t)   =e= aij2(ene,j3,z)*CE(j3,z,t)*AEEI(z,t) ;
4283   EQ9_1(ene,j3,z,t)..  DE(ene,j3,z,t)   =e= aij2_t(ene,j3,z,t)*CE(j3,z,t)*AEEI(z,t) ;
4284   
4285  *=============================Simple Nesting=========================================
4286  * EQ9_2(ene,j2,z,t)..  DE(ene,j2,z,t) =e= [beta_ENER_t(ene,j2,z,t)*PCE(j2,z,t)/((P4(ene,j2,z,t)+P4(ene,j2,z,t)*CTAX(z,t)*CO2FACTOR2(ene,j2,z,t)))]
4287  *                                   **sigma_ENER(j2,z)*B_ENER_t(j2,z,t)**(sigma_ENER(j2,z)-1)
4288  *                                   *CE(j2,z,t);
4289   
4290  *=============================Leontief===========================================
4291  * EQ9_2(j2,z,t)..       DEelec(j2,z,t)  =e= Share_Elec(j2,z)*CE(j2,z,t);
4292   
4293  * EQ9_3(j2,z,t)..       DEnelec(j2,z,t) =e= (1-Share_Elec(j2,z))*CE(j2,z,t);
4294   
4295  * EQ9_4(ene3,j2,z,t)..  DE(ene3,j2,z,t) =e= Share_nElec(ene3,j2,z)*DEnelec(j2,z,t);
4296   
4297  * EQ9_5(ene2,j2,z,t)..  DE(ene2,j2,z,t) =e= DEelec(j2,z,t) ;
4298   
4299  *=============================Level 1, 2=======================================
4300  * EQ9_2(j2,z,t)..       CE(j2,z,t)  =e= B_ENER2(j2,z)*{[(beta_ENER2(j2,z))*DEelec(j2,z,t)**(-rho_ENER2(j2,z))]
4301  *                                                     +[(1-beta_ENER2(j2,z))*DEnelec(j2,z,t)**(-rho_ENER2(j2,z))]
4302  *                                                   }**(-1/rho_ENER2(j2,z));
4303   
4304  * EQ9_3(j2,z,t)..       DEelec(j2,z,t) =e= {[(beta_ENER2(j2,z))/(1-beta_ENER2(j2,z))]
4305  *                                        *[PCEnelec(j2,z,t)/PCEelec(j2,z,t)]}**sigma_ENER2(j2,z)*DEnelec(j2,z,t);
4306   
4307  * EQ9_4(ene3,j2,z,t)..  DE(ene3,j2,z,t) =e= [beta_ENER3(ene3,j2,z)*PCEnelec(j2,z,t)/P4(ene3,j2,z,t)]
4308  *                                            **sigma_ENER3(j2,z)*B_ENER3(j2,z)**(sigma_ENER3(j2,z)-1)
4309  *                                            *DEnelec(j2,z,t);
4310   
4311  * EQ9_5(ene2,j2,z,t)..  DE(ene2,j2,z,t) =e= DEelec(j2,z,t) ;
4312   
4313  *=============================Level 1, 2, 3 (Leonteif) =======================================
4314  * EQ9_2(j2,z,t)..        DEelec(j2,z,t)  =e= Share_Elec(j2,z)*CE(j2,z,t);
4315   
4316  * EQ9_3(j2,z,t)..        DEnelec(j2,z,t) =e= (1-Share_Elec(j2,z))*CE(j2,z,t);
4317   
4318  * EQ9_4(j2,z,t)..        DEcoalgas(j2,z,t) =e= Share_coalgas2(j2,z)*DEnelec(j2,z,t);
4319   
4320  * EQ9_5(j2,z,t)..        DEoilpetrol(j2,z,t) =e= (1-Share_coalgas2(j2,z))*DEnelec(j2,z,t);
4321   
4322  * EQ9_6(ene2,j2,z,t)..   DE(ene2,j2,z,t) =e= DEelec(j2,z,t) ;
4323   
4324  * EQ9_7(ene5,j2,z,t)..   DE(ene5,j2,z,t) =e= Share_coalgas(ene5,j2,z)*DEcoalgas(j2,z,t);
4325   
4326  * EQ9_8(ene6,j2,z,t)..   DE(ene6,j2,z,t) =e= Share_oilpetrol(ene6,j2,z)*DEoilpetrol(j2,z,t);
4327   
4328  *=============================Level 1, 2, 3 (CES) =======================================
4329   EQ9_2(j2,z,t)..        CE(j2,z,t)  =e= B_ENER_elec(j2,z)*{[(beta_ENER_elec(j2,z))*DEelec(j2,z,t)**(-rho_ENER_elec(j2,z))]
4330                                             +[(1-beta_ENER_elec(j2,z))*DEnelec(j2,z,t)**(-rho_ENER_elec(j2,z))]
4331                                              }**(-1/rho_ENER_elec(j2,z));
4332   
4333   EQ9_3(j2,z,t)..        DEnelec(j2,z,t) =e= {[(1-beta_ENER_elec(j2,z))/(beta_ENER_elec(j2,z))]
4334                                          *[PCEelec(j2,z,t)/PCEnelec(j2,z,t)]}**sigma_ENER_elec(j2,z)*DEelec(j2,z,t);
4335   
4336   EQ9_4(j2,z,t)..        DEnelec(j2,z,t) =e= B_ENER_nelec(j2,z)*{[(beta_ENER_nelec(j2,z))*DEcoalgas(j2,z,t)**(-rho_ENER_nelec(j2,z))]
4337                                             +[(1-beta_ENER_nelec(j2,z))*DEoilpetrol(j2,z,t)**(-rho_ENER_nelec(j2,z))]
4338                                              }**(-1/rho_ENER_nelec(j2,z));
4339   
4340   EQ9_5(j2,z,t)..        DEoilpetrol(j2,z,t) =e= {[(1-beta_ENER_nelec(j2,z))/(beta_ENER_nelec(j2,z))]
4341                                         *[PCEcoalgas(j2,z,t)/PCEoilpetrol(j2,z,t)]}**sigma_ENER_nelec(j2,z)*DEcoalgas(j2,z,t);
4342   
4343   EQ9_6(ene2,j2,z,t)..   DE(ene2,j2,z,t) =e= DEelec(j2,z,t)*AEEI(z,t) ;
4344   
4345   EQ9_7(ene5,j2,z,t)..   DE(ene5,j2,z,t) =e= [beta_ENER_coalgas(ene5,j2,z)*PCEcoalgas(j2,z,t)/(P4(ene5,j2,z,t)+P4(ene5,j2,z,t)*CTAX(z,t)*CO2FACTOR2(ene5,j2,z,t))]
4346                                              **sigma_ENER_coalgas(j2,z)*B_ENER_coalgas(j2,z)**(sigma_ENER_coalgas(j2,z)-1)
4347                                              *DEcoalgas(j2,z,t)*AEEI(z,t);
4348   
4349   EQ9_8(ene6,j2,z,t)..   DE(ene6,j2,z,t) =e= [beta_ENER_oilprod(ene6,j2,z)*PCEoilpetrol(j2,z,t)/(P4(ene6,j2,z,t)+P4(ene6,j2,z,t)*CTAX(z,t)*CO2FACTOR2(ene6,j2,z,t))]
4350                                              **sigma_ENER_oilprod(j2,z)*B_ENER_oilprod(j2,z)**(sigma_ENER_oilprod(j2,z)-1)
4351                                              *DEoilpetrol(j2,z,t)*AEEI(z,t);
4352   
4353  *==============================================================================
4354  *   5.3.2 Income and savings
4355  *==============================================================================
4356  *    5.3.2.1 Households
4357  *==============================================================================
4358   EQ10(z,t)..       YH(z,t) =e= YHL(z,t)+YHK(z,t)+sum(i3,MARKUP(i3,z,t))+REBATE(z,t)*recycle_hou(z,t) ;
4359   
4360   EQ11(z,t)..       YHL(z,t) =e= SUM[(j)$LDO(j,z),W(z,t)*(LD(j,z,t)+LBS(j,z,t))];
4361   
4362   EQ12(z,t)..       YHK(z,t) =e= SUM[(k,j)$KDO(k,j,z),R(k,j,z,t)*(KD(k,j,z,t)+KBS(k,j,z,t))];
4363   
4364   EQ13(z,t)..       YDH(z,t) =e= YH(z,t)-TDH(z,t);
4365   
4366   EQ14(z,t)..       CTH(z,t) =e= YDH(z,t)-SH(z,t);
4367   
4368   EQ15(z,t)..       SH(z,t) =e= PIXCON(z,t)**eta*sh0(z,t)+sh1(z,t)*YDH(z,t);
4369   
4370  *==============================================================================
4371  *    5.3.2.2 Government
4372  *==============================================================================
4373   EQ16(z,t)..       YG(z,t) =e= TDH(z,t)+TPRODN(z,t)+TPRCTS(z,t)+REBATE(z,t)*recycle_gov(z,t)-sum(i1,PC(i1,z,t)*Q_DAC(z,t)*DAC_Tech_Coeff(i1));
4374   
4375   EQ16_1(z,t)..    TCTAX(z,t) =e= sum((ene,j), PC(ene,z,t)*CTAX(z,t)*CO2FACTOR2(ene,j,z,t)*DE(ene,j,z,t));
4376   
4377   EQ17(z,t)..       TPRODN(z,t) =e= TIWT(z,t)+TIKT(z,t)+TIPT(z,t);
4378   
4379   EQ18(z,t)..       TIWT(z,t) =e= SUM[(j)$LDO(j,z),TIW(j,z,t)];
4380   
4381   EQ19(z,t)..       TIKT(z,t) =e= SUM[(k,j)$KDO(k,j,z),TIK(k,j,z,t)];
4382   
4383   EQ20(z,t)..       TIPT(z,t) =e= SUM[j,TIP(j,z,t)];
4384   
4385   EQ21(z,t)..       TPRCTS(z,t) =e= TICT(z,t)+TIMT(z,t)+TIXT(z,t);
4386   
4387   EQ22(z,t)..       TICT(z,t) =e= SUM[i,TIC(i,z,t)];
4388   
4389   EQ23(z,t)..       TIMT(z,t) =e= SUM[(i,zj)$IMO(i,zj,z),TIM(i,zj,z,t)];
4390   
4391   EQ24(z,t)..       TIXT(z,t) =e= SUM[(i,zj)$EXO(i,z,zj),TIX(i,z,zj,t)];
4392   
4393   EQ25(z,t)..       TDH(z,t) =e= PIXCON(z,t)**eta*ttdh0(z,t)+ttdh1(z,t)*YH(z,t);
4394   
4395   EQ26(j,z,t)$LDO(j,z)..
4396                          TIW(j,z,t) =e= ttiw(j,z,t)*W(z,t)*(LD(j,z,t)) -LaborRebate(j,z,t);
4397   
4398   EQ27(k,j,z,t)$KDO(k,j,z)..
4399                          TIK(k,j,z,t) =e= ttik(k,j,z,t)*R(k,j,z,t)*(KD(k,j,z,t));
4400   
4401   EQ28(j,z,t)..     TIP(j,z,t) =e= ttip(j,z,t)*PP(j,z,t)*XST(j,z,t);
4402   
4403   EQ29(i,z,t)..     TIC(i,z,t) =e= ttic(i,z,t)*{[PL(i,z,t)*DD(i,z,t)]$DDO(i,z)
4404                   +[SUM[zj$IMO(i,zj,z),(1+ttim(i,zj,z,t))*IM(i,zj,z,t)*e(z,t)
4405                    *(PWM(i,zj,z,t)+SUM(ij,PWMG(ij,t)*tmrg(ij,i,zj,z)))]]};
4406   
4407   EQ30(i,zj,z,t)$IMO(i,zj,z)..
4408                   TIM(i,zj,z,t) =e= ttim(i,zj,z,t)*IM(i,zj,z,t)*e(z,t)*
4409                                     (PWM(i,zj,z,t)+SUM[ij,PWMG(ij,t)
4410                                     *tmrg(ij,i,zj,z)]);
4411   
4412   EQ31(i,z,zj,t)$EXO(i,z,zj)..
4413                   TIX(i,z,zj,t) =e= ttix(i,z,zj,t)*PE(i,z,zj,t)*EX(i,z,zj,t);
4414   
4415   EQ32(z,t)..       SG(z,t) =e= YG(z,t)-G(z,t);
4416   
4417  *==============================================================================
4418  *    5.3.2.4 Rest of the world
4419  *==============================================================================
4420   EQ33(z,t)..       YROW(z,t) =e= e(z,t)*SUM{(i,zj)$IMO(i,zj,z),IM(i,zj,z,t)*
4421                             [PWM(i,zj,z,t)+SUM(ij,PWMG(ij,t)*tmrg(ij,i,zj,z))]};
4422   
4423   EQ34(z,t)..       SROW(z,t) =e= YROW(z,t)-e(z,t)*SUM[(i,zj)$EXO(i,z,zj),
4424                                 EX(i,z,zj,t)*PWX(i,z,zj,t)]-e(z,t)
4425                                 *SUM[i$MRGNO(i,z),MRGN(i,z,t)*PWMG(i,t)];
4426   
4427   EQ35(z,t)..       SROW(z,t) =e= -CAB(z,t);
4428   
4429  *==============================================================================
4430  *   5.3.3 Demand
4431  *==============================================================================
4432   EQ36(i,z,t)..  PC(i,z,t)*C(i,z,t) =e= PC(i,z,t) * (CMIN(i,z,t))
4433                         + gamma_LES(i,z) * {CTH(z,t) - SUM[ij, PC(ij,z,t) * (CMIN(ij,z,t) )]};
4434   
4435   EQ37(i,z,t)..     PC(i,z,t)*INV(i,z,t) =e= gamma_INV(i,z)*IT(z,t);
4436   
4437   EQ38(i,z,t)..     PC(i,z,t)*CG(i,z,t) =e= gamma_GVT(i,z)*G(z,t);
4438   
4439   EQ39(nene,z,t)..    DIT(nene,z,t) =e= SUM[j,DI(nene,j,z,t)];
4440   
4441   EQ39_1(ene1,z,t)..  DIT(ene1,z,t) =e= SUM[j,DE(ene1,j,z,t)];
4442   
4443  * EQ39_2(ene2,z,t)..  DIT(ene2,z,t) =e= SUM[j,DE(ene2,j,z,t)]+SUM[j, EBS(j,z,t)];
4444   EQ39_2(ene2,z,t)..  DIT(ene2,z,t) =e= SUM[j,DE(ene2,j,z,t)];
4445   
4446  *==============================================================================
4447  *   5.3.4 International trade
4448  *==============================================================================
       EQB_1(i,z)..    XS_I(i,z) =e= B_X3(i,z)*SUM[j$XSO(j,i,z),beta_X3(j,i,z)
                                      *XS(j,i,z)**(-rho_X3(i,z))]**(-1/rho_X3(i,z));
       
       EQB_2(j,i,z)${DSO(j,i,z) and [DSO(j,i,z) ne DSO_I(i,z)]}..
                       XS(j,i,z) =e= XS_I(i,z)/B_X3(i,z)**(1-sigma_X3(i,z))*
                                     [beta_X3(j,i,z)*PI(i,z)/P2(j,i,z)]
                                     **sigma_X3(i,z);
       
       EQB_3(j,i,z)${DSO(j,i,z)}..   P2(j,i,z) =e= PT(j,z);
       
       EQB_4(j,i,z)$DSO(j,i,z)..
                       P2(j,i,z)*XS(j,i,z) =e= [PET(i,z)*EXTT(j,i,z)]$EXTTO(j,i,z)
                                              +[e(z)*MRGN(i,z)*PWMG(i)]$MRGNO(i,z)
                                              +[PL(i,z)*DS(j,i,z)]$DSO(j,i,z);
       
       EQB_5(j,i,z)$DSO(j,i,z)..  EXTT(j,i,z)  =e= theta2(j,i,z)*EXT(i,z);
4467   
4468  *[Top Nest - Leontief function]
4469   EQA_1(z,t)..  XS('18_TnD','18_ELEC',z,t) =e= TnDShare(z)*XS_I('18_ELEC',z,t);
4470   EQA_2(z,t)..  XS_I('18_ELEC',z,t) =e= XS('18_TnD','18_ELEC',z,t) + POWERQ(z,t);
4471   
4472  *[Second Nest - CES function]
4473  * EQA_3(z,t)..    POWERQ(z,t) =e= B_X4(z)*SUM[POWER, beta_X4(power,z)
4474  *                                *XS(POWER,'18_ELEC',z,t)**(-rho_X4(z))]**(-1/rho_X4(z));
4475   EQA_3(z,t)..    POWERQ(z,t) =e= B_X4(z)*SUM[POWER, beta_X4(power,z)
4476                                  *XS(POWER,'18_ELEC',z,t)**(-rho_X4(z))]**(-1/rho_X4(z));
4477   
4478  * EQA_4(power,'18_ELEC',z,t)..  XS(POWER,'18_ELEC',z,t) =e= POWERQ(z,t)/B_X4(z)**(1-sigma_X4(z))*
4479  *                               [beta_X4(power,z)*PPOWER(z,t)/P2(POWER,'18_ELEC',z,t)]
4480  *                               **sigma_X4(z);
4481   
4482   EQA_4(power,'18_ELEC',z,t)..  XS(POWER,'18_ELEC',z,t) =e= POWERQ(z,t)/B_X4(z)**(1-sigma_X4(z))*
4483                                 [beta_X4(power,z)*PPOWER(z,t)/P2(POWER,'18_ELEC',z,t)]
4484                                 **sigma_X4(z);
4485   
4486  * exclude electiricity
4487   EQB_1(i2,z,t)..    XS_I(i2,z,t) =e= B_X3(i2,z)*SUM[j$XSO(j,i2,z),beta_X3(j,i2,z)
4488                                  *XS(j,i2,z,t)**(-rho_X3(i2,z))]**(-1/rho_X3(i2,z));
4489   
4490   EQB_3(j,i,z,t)${DSO(j,i,z)}..   P2(j,i,z,t) =e= PT(j,z,t);
4491   
4492   EQB_4(j,i,z,t)$DSO(j,i,z)..
4493                   P2(j,i,z,t)*XS(j,i,z,t) =e= [PET(i,z,t)*EXTT(j,i,z,t)]$EXTTO(j,i,z)
4494                                          +[e(z,t)*MRGN(i,z,t)*PWMG(i,t)]$MRGNO(i,z)
4495                                          +[PL(i,z,t)*DS(j,i,z,t)]$DSO(j,i,z);
4496   
4497   EQB_5(j,i,z,t)$DSO(j,i,z)..  EXTT(j,i,z,t)  =e= theta2(j,i,z)*EXT(i,z,t);
4498   
4499   EQ40_3(i,z,t)..   DS_I(i,z,t) =e= sum(j,DS(j,i,z,t)$DSO(j,i,z));
4500   
4501   EQ40_4(j,z,t)..   XST(j,z,t)  =e= sum(i,XS(j,i,z,t)$XSO(j,i,z)) ;
4502   
4503   EQ40_5(i,z,t)..   XS_I(i,z,t) =e= B_X1(i,z)*{
4504  * EQ40_5(i,z,t)..   XS_I2(i,z,t) =e= B_X1(i,z)*{
4505                   [beta_EX_X1(i,z)*EXT(i,z,t)**rho_X1(i,z)]$EXTO(i,z)
4506                  +[beta_D_X1(i,z)*DS_I(i,z,t)**rho_X1(i,z)]$DSO_I(i,z)
4507                  +[(1-beta_EX_X1(i,z)-beta_D_X1(i,z))*MRGN(i,z,t)**rho_X1(i,z)]$MRGNO(i,z)
4508                                            }**(1/rho_X1(i,z));
4509   
4510   EQ41(i,z,t)$[EXTO(i,z) and DSO_I(i,z)]..
4511                   EXT(i,z,t) =e= {[beta_D_X1(i,z)/beta_EX_X1(i,z)]*[PET(i,z,t)/PL(i,z,t)]}
4512                                **sigma_X1(i,z)*DS_I(i,z,t);
4513   
4514   EQ42(i,z,t)$[MRGNO(i,z) and DSO_I(i,z)]..
4515                   MRGN(i,z,t) =e= {[beta_D_X1(i,z)/(1-beta_EX_X1(i,z)
4516                                   -beta_D_X1(i,z))]*[e(z,t)*PWMG(i,t)/PL(i,z,t)]}
4517                                   **sigma_X1(i,z)*DS_I(i,z,t);
4518   
4519   EQ43(i,z,t)$EXTO(i,z)..
4520                   EXT(i,z,t) =e= B_X2(i,z)*SUM[zj$EXO(i,z,zj),beta_X2(i,z,zj)
4521                                  *EX(i,z,zj,t)**rho_X2(i,z)]**(1/rho_X2(i,z));
4522   
4523   EQ44(i,z,zj,t)$EXO(i,z,zj)..
4524                   EX(i,z,zj,t) =e= EXT(i,z,t)/B_X2(i,z)**(1+sigma_X2(i,z))*
4525                                    [PE(i,z,zj,t)/(beta_X2(i,z,zj)*PET(i,z,t))]
4526                                    **sigma_X2(i,z);
4527   
4528   EQ45(i,z,t)..     Q(i,z,t) =e= B_M1(i,z)*{
4529                      [beta_M1(i,z)*IMT(i,z,t)**(-rho_M1(i,z))]$IMTO(i,z)
4530                     +[(1-beta_M1(i,z))*DD(i,z,t)**(-rho_M1(i,z))]$DDO(i,z)
4531                                          }**(-1/rho_M1(i,z));
4532   
4533   EQ46(i,z,t)$[IMTO(i,z) and DDO(i,z)]..
4534                   IMT(i,z,t) =e= {[beta_M1(i,z)/(1-beta_M1(i,z))]*[PD(i,z,t)
4535                                  /PMT(i,z,t)]}**sigma_m1(i,z)*DD(i,z,t);
4536   
4537   EQ47(i,z,t)$IMTO(i,z)..
4538                   IMT(i,z,t) =e= B_M2(i,z)*SUM[zj$IMO(i,zj,z),beta_M2(i,zj,z)*
4539                                  IM(i,zj,z,t)**(-rho_M2(i,z))]**(-1/rho_M2(i,z));
4540   
4541   EQ48(i,zj,z,t)$IMO(i,zj,z)..
4542                   IM(i,zj,z,t) =e= IMT(i,z,t)/B_M2(i,z)**(1-sigma_M2(i,z))*
4543                                    [beta_M2(i,zj,z)*PMT(i,z,t)/PM(i,zj,z,t)]
4544                                    **sigma_M2(i,z);
4545   
4546  *==============================================================================
4547  *   5.3.5 Prices
4548  *==============================================================================
4549   EQ49(j2,z,t)..       PP(j2,z,t)*XST(j2,z,t) =e= PKLE(j2,z,t)*KLE(j2,z,t)+PCI(j2,z,t)*CI(j2,z,t);
4550   
4551   EQ49_1(j3,z,t)..    PP(j3,z,t)*XST(j3,z,t) =e= PVA(j3,z,t)*VA(j3,z,t)+PCI(j3,z,t)*CI(j3,z,t)+PCE(j3,z,t)*CE(j3,z,t);
4552   
4553   EQ50(j,z,t)..        PT(j,z,t) =e= (1+ttip(j,z,t))*PP(j,z,t);
4554   
4555   EQ51(j,z,t)..        PCI(j,z,t)*CI(j,z,t) =e= SUM[nene,PC(nene,z,t)*DI(nene,j,z,t)];
4556   
4557  *Simple Nesting
4558  * EQ51_1(j,z,t)..    PCE(j,z,t)*CE(j,z,t) =e= SUM[ene,PC(ene,z,t)*DE(ene,j,z,t) + PC(ene,z,t)*CTAX(z,t)*CO2FACTOR2(ene,j,z,t)*DE(ene,j,z,t)];
4559   
4560  *============================== Level 1-3 ========================================
4561  * EQ51_1(j2,z,t)..   PCE(j2,z,t)*CE(j2,z,t) =e= [PCEelec(j2,z,t)*DEelec(j2,z,t)+PCEnelec(j2,z,t)*DEnelec(j2,z,t)];
4562   
4563  * EQ51_12(j3,z,t)..  PCE(j3,z,t)*CE(j3,z,t) =e= SUM[ene,PC(ene,z,t)*DE(ene,j3,z,t)+PC(ene,z,t)*CTAX(z,t)*CO2FACTOR2(ene,j3,z,t)*DE(ene,j3,z,t)];
4564   
4565  * EQ51_2(j2,z,t)..   PCEelec(j2,z,t)*DEelec(j2,z,t) =e= PC("18_ELEC",z,t)*DE("18_ELEC",j2,z,t);
4566   
4567  * EQ51_3(j2,z,t)..   PCEnelec(j2,z,t)*DEnelec(j2,z,t) =e= SUM[ene3,PC(ene3,z,t)*DE(ene3,j2,z,t)+PC(ene3,z,t)*CTAX(z,t)*CO2FACTOR2(ene3,j2,z,t)*DE(ene3,j2,z,t)];
4568   
4569  *================================= Level 1-5 ======================================
4570   EQ51_2(j3,z,t)..   PCE(j3,z,t)*CE(j3,z,t) =e= SUM[ene,PC(ene,z,t)*DE(ene,j3,z,t)+PC(ene,z,t)*CTAX(z,t)*CO2FACTOR2(ene,j3,z,t)*DE(ene,j3,z,t)];
4571   
4572   EQ51_1(j2,z,t)..   PCE(j2,z,t)*CE(j2,z,t) =e= [PCEelec(j2,z,t)*DEelec(j2,z,t)+PCEnelec(j2,z,t)*DEnelec(j2,z,t)];
4573   
4574   EQ51_3(j2,z,t)..   PCEelec(j2,z,t)*DEelec(j2,z,t) =e= PC("18_ELEC",z,t)*{DE("18_ELEC",j2,z,t)};
4575   
4576   EQ51_4(j2,z,t)..   PCEnelec(j2,z,t)*DEnelec(j2,z,t) =e= [PCEcoalgas(j2,z,t)*DEcoalgas(j2,z,t)+PCEoilpetrol(j2,z,t)*DEoilpetrol(j2,z,t)];
4577   
4578   EQ51_5(j2,z,t)..   PCEcoalgas(j2,z,t)*DEcoalgas(j2,z,t) =e= [PC("02_COAL",z,t)*DE("02_COAL",j2,z,t)+PC("02_COAL",z,t)*CTAX(z,t)*CO2FACTOR2("02_COAL",j2,z,t)*DE("02_COAL",j2,z,t)
4579                      +PC("04_GAS",z,t)*DE("04_GAS",j2,z,t)+PC("04_GAS",z,t)*CTAX(z,t)*CO2FACTOR2("04_GAS",j2,z,t)*DE("04_GAS",j2,z,t)];
4580   
4581   EQ51_6(j2,z,t)..   PCEoilpetrol(j2,z,t)*DEoilpetrol(j2,z,t) =e= [PC("03_OIL",z,t)*DE("03_OIL",j2,z,t)+PC("03_OIL",z,t)*CTAX(z,t)*CO2FACTOR2("03_OIL",j2,z,t)*DE("03_OIL",j2,z,t)
4582                      +PC("10_PETROLCOAL",z,t)*DE("10_PETROLCOAL",j2,z,t)+PC("10_PETROLCOAL",z,t)*CTAX(z,t)*CO2FACTOR2("10_PETROLCOAL",j2,z,t)*DE("10_PETROLCOAL",j2,z,t)];
4583   
4584  *==================================================================================
4585   EQ52(j,z,t)..      PVA(j,z,t)*VA(j,z,t) =e= [WC(j,z,t)*LDC(j,z,t)]$LDCO(j,z)
4586                                       +[RC(j,z,t)*KDC(j,z,t)]$KDCO(j,z);
4587   
4588   EQ52_1(j2,z,t)..   PKLE(j2,z,t)*KLE(j2,z,t) =e= [PVA(j2,z,t)*VA(j2,z,t)]$VAO(j2,z)
4589                                         +[PCE(j2,z,t)*CE(j2,z,t)]$CEO(j2,z);
4590   
4591  * Given equations 5 and 6, equation 53 is redundant
4592  * EQ53(j,z)..     WC(j,z)*LDC(j,z) =e= SUM[l$LDO(l,j,z),WTI(l,j,z)*LD(l,j,z)];
4593   EQ53(j,z,t)..     WC(j,z,t)*LDC(j,z,t) =e= WTI(j,z,t)*(LD(j,z,t));
4594   
4595   EQ54(j,z,t)$LDO(j,z)..
4596                   WTI(j,z,t)*LD(j,z,t) =e= W(z,t)*(1+ttiw(j,z,t))*LD(j,z,t) -LaborRebate(j,z,t);
4597   
4598   EQ54_1(ene,j2,z,t)$DEO(ene,j2,z)..
4599                   P4(ene,j2,z,t) =e= PC(ene,z,t);
4600   
4601  * Given equations 7 and 8, equation 55 is redundant
4602  * EQ55(j,z)$(kmob and KDCO(j,z))..
4603  *                 RC(j,z)*KDC(j,z) =e= SUM[k$KDO(k,j,z),RTI(k,j,z)*KD(k,j,z)];
4604   
4605  * EQ55(j,z,t)$KDCO(j,z)..
4606  *                RC(j,z,t)*KDC(j,z,t) =e= SUM[k$KDO(k,j,z),RTI(k,j,z,t)*(KD(k,j,z,t)+KBS(k,j,z,t))];
4607   
4608   EQ56(k,j,z,t)$KDO(k,j,z)..
4609                   RTI(k,j,z,t) =e= R(k,j,z,t)*(1+ttik(k,j,z,t));
4610   
4611  * EQ57(k,j,z,t)$(kmob and KDO(k,j,z))..
4612  *                 R(k,j,z,t) =e= RK(k,z,t);
4613   
4614   EQ58(i,z,t)..     P(i,z,t)*XS_I(i,z,t)=e= [PL(i,z,t)*DS_I(i,z,t)]$DSO_I(i,z)
4615                                       +[PET(i,z,t)*EXT(i,z,t)]$EXTO(i,z)
4616                                       +[e(z,t)*PWMG(i,t)*MRGN(i,z,t)]$MRGNO(i,z);
4617   
4618  * Given equations 43 and 44, equation 59 is redundant
4619  * EQ59(i,z)$EXTO(i,z)..
4620  *                 PET(i,z)*EXT(i,z) =e= SUM[zj$EXO(i,z,zj),
4621  *                                           PE(i,z,zj)*EX(i,z,zj);
4622   
4623   EQ60(i,z,zj,t)$EXO(i,z,zj)..
4624                   PE(i,z,zj,t)*(1+ttix(i,z,zj,t)) =e= e(z,t)*PWX(i,z,zj,t);
4625   
4626   EQ61(i,z,t)$DDO(i,z)..
4627                   PD(i,z,t) =e= (1+ttic(i,z,t))*PL(i,z,t);
4628   
4629   EQ62(i,zj,z,t)$IMO(i,zj,z)..
4630                   PM(i,zj,z,t) =e= (1+ttic(i,z,t))*(1+ttim(i,zj,z,t))*e(z,t)*
4631                                    (PWM(i,zj,z,t)+SUM[ij,PWMG(ij,t)
4632                                    *tmrg(ij,i,zj,z)]);
4633   
4634  * Given equations 47 and 48, equation 63 is redundant
4635  * EQ63(i,z)$IMTO(i,z)..
4636  *                 PMT(i,z)*IMT(i,z) =e= SUM[zj$IMO(i,zj,z),
4637  *                                           PM(i,zj,z)*IM(i,zj,z);
4638   
4639   EQ64(i,z,t)..     PC(i,z,t)*Q(i,z,t) =e= [PD(i,z,t)*DD(i,z,t)]$DDO(i,z)+
4640                                      [PMT(i,z,t)*IMT(i,z,t)]$IMTO(i,z);
4641   
4642  * EQ65(z,t)..       PK(z,t) =e= 1/A_K(z)*PROD[i$gamma_INV(i,z),(PC(i,z,t)
4643  *                               /gamma_INV(i,z))**gamma_INV(i,z)];
4644   
4645   EQ66(z,t)..       PIXGDP(z,t) =e=
4646                   {SUM[j,{(PVA(j,z,t)*VA(j,z,t)+TIP(j,z,t))/VA(j,z,t)}*VAO(j,z)]
4647                   /SUM[j,{(PVAO(j,z)*VAO(j,z)+TIPO(j,z))/VAO(j,z)}*VAO(j,z)]
4648                   *SUM[j,{(PVA(j,z,t)*VA(j,z,t)+TIP(j,z,t))/VA(j,z,t)}*VA(j,z,t)]
4649                   /SUM[j,{(PVAO(j,z)*VAO(j,z)+TIPO(j,z))/VAO(j,z)}*VA(j,z,t)]}**0.5;
4650   
4651   EQ67(t)..         PIXGDP_W(t) =e=
4652                   {SUM[(j,z),{(PVA(j,z,t)*VA(j,z,t)+TIP(j,z,t))/VA(j,z,t)}*VAO(j,z)/e(z,t)]
4653                   /SUM[(j,z),{(PVAO(j,z)*VAO(j,z)+TIPO(j,z))/VAO(j,z)}*VAO(j,z)/eO(z)]
4654                   *SUM[(j,z),{(PVA(j,z,t)*VA(j,z,t)+TIP(j,z,t))/VA(j,z,t)}*VA(j,z,t)/e(z,t)]
4655                   /SUM[(j,z),{(PVAO(j,z)*VAO(j,z)+TIPO(j,z))/VAO(j,z)}*VA(j,z,t)/eO(z)]}**0.5;
4656   
4657   EQ68(z,t)..       PIXCON(z,t) =e= SUM[i,PC(i,z,t)*CO(i,z)]/SUM[i,PCO(i,z)*CO(i,z)];
4658   
4659   EQ69(z,t)..       PIXINV(z,t) =e= PROD[i$gamma_INV(i,z),(PC(i,z,t)/PCO(i,z))
4660                                   **gamma_INV(i,z)];
4661   
4662   EQ70(z,t)..       PIXGVT(z,t) =e= PROD[i$gamma_GVT(i,z),(PC(i,z,t)/PCO(i,z))
4663                                   **gamma_GVT(i,z)];
4664   
4665  *==============================================================================
4666  *   5.3.6 Equilibrium
4667  *==============================================================================
4668   EQ71(i1,z,t)..    Q(i1,z,t) =e= C(i1,z,t)+CG(i1,z,t)+INV(i1,z,t)+DIT(i1,z,t)+(Q_DAC(z,t)*DAC_Tech_Coeff(i1));
4669   
4670   EQ71_2(i3,z,t)..  Q(i3,z,t) =e=  C_Conventional(i3,z,t);
4671   
4672   EQ72(z,t)..       LS(z,t) =e= SUM[j$LDO(j,z),LD(j,z,t)+LBS(j,z,t)];
4673   
4674   EQ73(k,z,t)$KSO(k,z)..
4675                         KS(k,z,t) =e= SUM[j$KDO(k,j,z),KD(k,j,z,t)+KBS(k,j,z,t)];
4676   
4677   EQ74(z,t)..       IT(z,t) =e= SH(z,t)+SG(z,t)-CAB(z,t);
4678   
4679   EQ75(z,t)..       DEP(z,t) =e= PK(z,t)*delta(z)*SUM[k$KSO(k,z),KS(k,z,t)];
4680   
4681   EQ76(i,z,t)$DDO(i,z)..
4682                     SUM[j$DSO(j,i,z),DS(j,i,z,t)] =e= DD(i,z,t);
4683   
4684   EQ77(i,z,zj,t)$EXO(i,z,zj)..
4685                     EX(i,z,zj,t) =e= IM(i,z,zj,t);
4686   
4687   EQ78(i,z,zj,t)$EXO(i,z,zj)..
4688                     PWX(i,z,zj,t) =e= PWM(i,z,zj,t);
4689   
4690   EQ79(i,t)..       SUM[z$MRGNO(i,z),MRGN(i,z,t)] =e= SUM[(z,zj,ij)$IMO(ij,zj,z),
4691                                                   tmrg(i,ij,zj,z)*IM(ij,zj,z,t)];
4692   
4693  * Given equations 33, 34 and 77, equation 80 is redundant
4694  *EQ80..          SUM[z,SROW(z,t)/e(z,t)] =e= 0;
4695   
4696  *==============================================================================
4697  *   5.3.7 Gross domestic product
4698  *==============================================================================
4699   EQ81(z,t)..       GDP_BP(z,t) =e= SUM[j,PVA(j,z,t)*VA(j,z,t)]+TIPT(z,t)+sum(i3, CLBS(i3,z,t)+CKBS(i3,z,t)) ;
4700   
4701   EQ82(z,t)..       GDP_MP(z,t) =e= GDP_BP(z,t)+TPRCTS(z,t)+TCTAX(z,t)+SUM(i3,MARKUP(i3,z,t));
4702   
4703   EQ83(z,t)..       GDP_IB(z,t) =e= SUM[(j)$LDO(j,z),W(z,t)*(LD(j,z,t)+LBS(j,z,t))]
4704                                +SUM[(k,j)$KDO(k,j,z),R(k,j,z,t)*(KD(k,j,z,t)+KBS(k,j,z,t))]
4705                                +TPRCTS(z,t)+TPRODN(z,t)+TCTAX(z,t)+SUM(i3,MARKUP(i3,z,t));
4706   
4707   EQ84(z,t)..       GDP_FD(z,t) =e=
4708                                   SUM[i,PC(i,z,t)*(C(i,z,t)+CG(i,z,t)+INV(i,z,t))]
4709                                  +SUM[(i,zj)$EXO(i,z,zj),e(z,t)*PWX(i,z,zj,t)*EX(i,z,zj,t)]
4710                                  +SUM[i$MRGNO(i,z),e(z,t)*PWMG(i,t)*MRGN(i,z,t)]
4711                                  -SUM[(i,zj)$IMO(i,zj,z),e(z,t)*IM(i,zj,z,t)
4712                                      *(PWM(i,zj,z,t)+SUM[ij,PWMG(ij,t)*tmrg(ij,i,zj,z)])]
4713                                  +SUM(i1,PC(i1,z,t)*Q_DAC(z,t)*DAC_Tech_Coeff(i1));
4714   
4715   EQ85(t)..          GDP_BP_W(t) =e= SUM[z,GDP_BP(z,t)/e(z,t)];
4716   
4717  *==============================================================================
4718  *  5.3.8 Real (volume) variables computed from price indices
4719  *==============================================================================
4720   EQ86(z,t)..       CTH_REAL(z,t) =e= CTH(z,t)/PIXCON(z,t);
4721   
4722   EQ87(z,t)..       G_REAL(z,t) =e= G(z,t)/PIXGVT(z,t);
4723   
4724   EQ88(z,t)..       GDP_BP_REAL(z,t) =e= GDP_BP(z,t)/PIXGDP(z,t);
4725   
4726   EQ89(t)..         GDP_BP_W_REAL(t) =e= GDP_BP_W(t)/PIXGDP_W(t);
4727   
4728   EQ90(z,t)..       GDP_MP_REAL(z,t) =e= GDP_MP(z,t)/PIXCON(z,t);
4729   
4730   EQ91(z,t)..       IT_REAL(z,t) =e= IT(z,t)/PIXINV(z,t);
4731   
4732   EQ92(z,t)..       CABX(z,t) =e= CAB(z,t)/[PIXGDP_W(t)*e(z,t)];
4733   
4734  *==============================================================================
4735  *   5.3.8 Dynamic equations
4736  *==============================================================================
4737   EQ94(z,t)..     IT(z,t) =e= PK(z,t)*SUM[(k,j)$KDO(k,j,z),IND(k,j,z,t)];
4738   
4739   EQ95(z,t)..     PK(z,t) =e= 1/A_K(z)*PROD[i$gamma_INV(i,z),(PC(i,z,t)
4740                                 /gamma_INV(i,z))**gamma_INV(i,z)];
4741   
4742   EQ96(k,bus,z,t)$KDO(k,bus,z)..
4743                       IND(k,bus,z,t) =e= phi(z,t)*[R(k,bus,z,t)/U(z,t)]
4744                                    **sigma_INV(k,bus,z)*(KD(k,bus,z,t));
4745   
4746   EQ97a(z,t)..    IR(z,t) =e= {SUM[(k,j)$KDO(k,j,z),
4747                                R(k,j,z,t)*(KD(k,j,z,t))]-DEP(z,t)}/
4748                               {PK(z,t)*SUM[(k,j)$KDO(k,j,z),(KD(k,j,z,t))]};
4749   
4750   EQ97b(z,t)..    U(z,t) =e= PK(z,t)*(delta(z)+IR(z,t));
4751   
4752  *==============================================================================
4753  *   5.3.9 Other
4754  *==============================================================================
4755   WALRAS(z,t)..   LEON(z,t) =e= Q('01_AGRICULT',z,t)-C('01_AGRICULT',z,t)-CG('01_AGRICULT',z,t)-INV('01_AGRICULT',z,t)
4756                              -DIT('01_AGRICULT',z,t);
4757   
4758  * WALRAS(z,t)..   LEON(z,t) =e= LS(z,t) -SUM[j$LDO(j,z),LD(j,z,t)];
4759   
4760  *==============================================================================
4761  *   5.3.10 Backstop technology
4762  *==============================================================================
4763   EQ98(i3,z,t)..    C_Conventional(i3,z,t) =e= (1-penetration_rate(i3,z,t))*[C(i3,z,t)+CG(i3,z,t)+INV(i3,z,t)+DIT(i3,z,t)];
4764   
4765   EQ99(i3,z,t)..    XDBS(i3,z,t) =e= penetration_rate(i3,z,t)*[C(i3,z,t)+CG(i3,z,t)+INV(i3,z,t)+DIT(i3,z,t)];
4766   
4767   EQ100(j,z,t)..    XDBS2(j,z,t) =e= sum{i3$COMtoIND(j,i3),XDBS(i3,z,t)};
4768   
4769   EQ101(j,z,t)..    LBS(j,z,t) =e= Lab_Share(j,z)*XDBS2(j,z,t);
4770   
4771   EQ102(k,j,z,t)..  KBS(k,j,z,t) =e= Cap_Share(j,z)*XDBS2(j,z,t)*KDO(k,j,z)/sum(kj,KDO(kj,j,z));
4772   
4773   EQ103(i3,z,t)..   CLBS(i3,z,t)  =e= sum{j$INDtoCOM(i3,j),LBS(j,z,t)*W(z,t)};
4774   
4775   EQ104(i3,z,t)..   CKBS(i3,z,t) =e= sum{ j$INDtoCOM(i3,j), sum(k$KDO(k,j,z), KBS(k,j,z,t)*R(k,j,z,t))};
4776   
4777   EQ105(i3,z,t)..   MARKUP(i3,z,t) =e= {PC(i3,z,t)*XDBS(i3,z,t)-CLBS(i3,z,t)-CKBS(i3,z,t)};
4778   
4779  *================================================================================
4780  * 6 Labour Supply
4781  *================================================================================
4782   EQ106(z,t)..  LS(z,t) =e= LST(z,t) *((W(z,t)/PIXCON(z,t)) / (W_lag(z,t)/PIXCON_lag(z,t)))**elasLS(z);
4783   
4784  *==============================================================================
4785  * 7 PERMET
4786  *==============================================================================
4787   EQ107(j,z,t).. PERMIT(j,z,t) =e= sum(ene, CO2FACTOR2(ene,j,z,t)*DE(ene,j,z,t));
4788   
4789   EQ108(z,t)..  PERMIT_TOTAL(z,t) =e=  sum(j,PERMIT(j,z,t))-Q_DAC(z,t)*switchDAC(z,t);
4790   
4791   EQ108_1(t).. PERMIT_NEA_TOTAL(t) =e= sum(NEA, PERMIT_TOTAL(NEA,t));
4792   
4793  *==============================================================================
4794  * 8 Carbon Tax Revenue Recycling
4795  *==============================================================================
4796  EQ109(z,t)..     REBATE(z,t) =e= TCTAX(z,t);
4797   
4798  EQ110(j,z,t)..   TIW_Share(j,z,t) =e= LD(j,z,t)/SUM(jj,LD(jj,z,t));
4799   
4800  EQ111(j,z,t)..   LaborRebate(j,z,t) =e= TIW_Share(j,z,t) * TCTAX(z,t) * recycle_labor(z,t);
4801   
4802  *EQ112(j,z,t)..   TIK_Share(j,z,t) =e= KD('cap',j,z,t)/SUM(jj,KD('cap',jj,z,t));
4803   
4804  *EQ113(j,z,t)..   ttik('cap',j,z,t) =e= ttik_lag(j,z,t) + deltatik(j,z,t);
4805   
4806  *EQ114(j,z,t)..   deltatik(j,z,t) =e= -TIK_Share(j,z,t)*REBATE(z,t)/(R('cap',j,z,t)*KD('cap',j,z,t))*recycle_capital(z,t);
4807   
4808  *EQ115(j,z,t)..   TIP_Share(j,z,t) =e= XST(j,z,t)/SUM(jj,XST(jj,z,t));
4809   
4810  *EQ116(j,z,t)..   ttip(j,z,t) =e= ttip_lag(j,z,t) + deltatip(j,z,t);
4811   
4812  *EQ117(j,z,t)..   deltatip(j,z,t) =e= -TIP_Share(j,z,t) * REBATE(z,t) / (PP(j,z,t)*XST(j,z,t))*recycle_ptax(z,t);
4813   
4814  *==============================================================================
4815  * 9 DAC
4816  *==============================================================================
4817  EQ118(z,t)..    Q_DAC(z,t) =e= DAC_MAX*DAC_growth_rate(z,t)*switchDAC(z,t);
4818   
4819  *==============================================================================
4820  * 6 Numerical resolution to compute A_VA, sh0, G, G_REAL and IND
4821  *==============================================================================
4822  option cns = conopt4;
4823  *option cns = path;
4824  *option cns = minos;
4825   
4826  *option conopt4.TolPiv = 1e-6;
4827  *option iterlim = 100;
4828  *option reslim = 1000;
4829  *option iterlim = 0;
4830  *option lmmxsf = t ;
4831   
4832  *Eliminating display of solution makes it easier to check whether model solves
4833  *and to identify year when it crashes.
4834  *option profile=1;
4835  *option profile=3;
4836  *option profiletol=10;
4837   
4838  *Fast solve option
4839  option profile=0;
4840  option limrow=0, limcol=0, solprint = off;

**** LIST OF STRAY NAMES - CHECK DECLARATIONS FOR SPURIOUS COMMAS
**** STRAY NAME commodity OF TYPE SET  


COMPILATION TIME     =       12.922 SECONDS      6 MB  45.7.0 64fbf3ce WEX-WEI
GAMS 45.7.0  64fbf3ce Jan 18, 2024          WEX-WEI x86 64bit/MS Windows - 04/29/26 18:09:43 Page 2
GUIDE_GLOBAL_CGE model GTAP11c
E x e c u t i o n


----   2836 PARAMETER TCoke_Share  

                             01_KOR      02_CHN      03_JPN      04_RUS      05_MNG      07_NAM      08_LAM      09_WEU      10_EEU      11_FSU      12_MEA      13_AFR      14_CPA      15_SAS      16_PAS      17_PAO

f22_TCOKEOVS.p3_ANTCOAL                               0.127                                                       0.002
f22_TCOKEOVS.p4_COKCOAL       1.000       0.967       0.717       1.000       1.000       1.000       1.000       0.993       1.000       1.000       1.000       1.000       1.000       1.000       0.760       0.864
f22_TCOKEOVS.p5_BITCOAL                   0.033       0.155                                                                                                                                           0.240
f22_TCOKEOVS.p6_SUBCOAL                                                                                                                                                                                           0.136
f22_TCOKEOVS.p7_LIGNITE                                                                                           0.005


----   2836 PARAMETER TBlast_Share  

                              01_KOR      03_JPN      04_RUS      07_NAM      09_WEU      10_EEU      15_SAS      16_PAS      17_PAO

f20_TBLASTFUR.p3_ANTCOAL                                                       0.048
f20_TBLASTFUR.p4_COKCOAL       0.175       1.000                               0.166       0.645
f20_TBLASTFUR.p5_BITCOAL       0.825                   1.000       1.000       0.786       0.355       1.000       1.000       1.000


----   2889 PARAMETER Coal_DIO  Intermediate consumption of coal products by industry j in region z

                              01_KOR      02_CHN      03_JPN      04_RUS      05_MNG      06_PRK      07_NAM      08_LAM      09_WEU      10_EEU      11_FSU      12_MEA      13_AFR      14_CPA      15_SAS      16_PAS      17_PAO

p3_ANTCOAL.01_AGRICULT                                                                   157.131                              11.065       1.652       5.913
p3_ANTCOAL.05_MINING                                                                                                                                   1.726                              28.289
p3_ANTCOAL.06_FOODPRO                                                                                 15.550                  24.630       0.004       9.704                              48.435
p3_ANTCOAL.07_TEXTILES                                                                                 1.794                               0.454                                          98.995
p3_ANTCOAL.08_WOODPRO                                                                                                                                                                      0.023
p3_ANTCOAL.09_PAPERPRO                                                                                 2.990                  14.569                                                      42.336
p3_ANTCOAL.10_PETROLCOAL     297.997
p3_ANTCOAL.11_CHEMICAL                                                                                12.560                  57.620     172.997       0.288                              52.960
p3_ANTCOAL.12_NONMET                    3247.074                                                                   0.038      67.602     122.777      28.773     205.334                 551.670                  22.050
p3_ANTCOAL.13_IRONSTL        810.207                 276.509                                                       1.150    1323.838     184.352     747.857                   2.050      70.980                 110.796       7.015
p3_ANTCOAL.14_NONFERR        133.478                                                                 187.617       5.592                   0.197      21.637                1472.532                              20.790
p3_ANTCOAL.15_MACHINE                                                                                                          0.242       0.361       0.345                               0.157
p3_ANTCOAL.16_TRANSEQ                                                                                                                                                                      0.151
p3_ANTCOAL.17_OTHERIND      1831.391       0.024                                        6042.636      20.933      42.030       0.003       8.651                               0.191     150.477                              79.715
p3_ANTCOAL.20_eCoal          570.345                                                                 344.991       7.087     131.269      45.882    1162.546                           31657.933
p3_ANTCOAL.27_CONSTRUC                                                                    25.801                                           0.009                                           2.164
p3_ANTCOAL.28_LTRP                                                                       686.139
p3_ANTCOAL.31_SER                                                                        977.878       1.579                  19.137       5.133      23.939                              27.440
p4_COKCOAL.02_COAL                                                                                                                                                                                    29.837                   0.196
p4_COKCOAL.04_GAS                                                                                                                                                  6.213
p4_COKCOAL.06_FOODPRO                                                                                                                      2.405
p4_COKCOAL.07_TEXTILES                                                                                                                     0.150
p4_COKCOAL.10_PETROLCOAL                                                                                                                   5.495
p4_COKCOAL.11_CHEMICAL                                                                                            11.698                                                                             492.039
p4_COKCOAL.12_NONMET                                                                                             914.319       0.251      22.731       0.642
p4_COKCOAL.13_IRONSTL       1682.492   62769.516   18444.505   12326.897       7.232                3451.432    1843.958    5791.605    3131.171    1942.712     148.340     740.563     398.025    9470.008    1090.270     527.644
p4_COKCOAL.14_NONFERR                                                                                              0.035                                                                                        3872.659
p4_COKCOAL.15_MACHINE                                                                                                                      0.312
p4_COKCOAL.16_TRANSEQ                                                                                                                      0.027
p4_COKCOAL.17_OTHERIND                                                                                          1455.989                   0.023                1493.021                            1574.524
p4_COKCOAL.20_eCoal                                                                                                          349.812      34.162       5.064                                       19487.628
p4_COKCOAL.31_SER                                                                                                                          0.069
p5_BITCOAL.01_AGRICULT                 11174.448                  38.742                  57.982                   0.088       9.285     716.084      93.494                 285.634                                           1.074
p5_BITCOAL.02_COAL                     14846.320                 201.119                              10.482                              22.595     194.548                  11.259                  71.912                   0.646
p5_BITCOAL.04_GAS                      21005.181                                                                                                                            1741.111                  45.107
p5_BITCOAL.05_MINING                    3955.884                                                                 147.116     221.892      10.848     396.213                 392.811     159.297                              22.071
p5_BITCOAL.06_FOODPRO                  12357.874       0.679      92.325                            1121.956     713.794     602.956     561.843      52.035      17.709      91.257     272.731                 445.286     156.527
p5_BITCOAL.07_TEXTILES       419.374    2265.548                   0.258                              31.705     103.990     199.741       9.058       2.650                   2.156     557.426      43.976     287.312      13.372
p5_BITCOAL.08_WOODPRO                    262.528                  10.288                                           0.034      15.787      33.062       0.681                  20.910       0.443                               3.782
p5_BITCOAL.09_PAPERPRO                  3670.995    1571.465       0.006                             826.262     299.119     424.880     230.501       0.946                  12.100     238.391     577.350     477.845
p5_BITCOAL.10_PETROLCOAL               24916.908      64.050                                                                  99.594      16.592     172.852               18971.567
p5_BITCOAL.11_CHEMICAL       591.844   19402.325    2592.189     161.035                            1090.252      76.037    1252.506    1153.447      14.132                1049.465     298.210     525.972    1633.911     121.647
p5_BITCOAL.12_NONMET        2025.813  110872.092    2892.146     652.890                            4691.347     307.726    3045.240     900.293    2158.563    2178.166    2548.968    3106.388   19814.941    7495.790     328.180
p5_BITCOAL.13_IRONSTL       7283.958   62966.909    2639.632   10140.474                            4793.956    2202.957   13736.528    1447.324    1046.960                2031.836     399.681   48279.516    9466.820     732.806
p5_BITCOAL.14_NONFERR        174.175   12187.789      31.175                                          36.183     644.661     122.061      19.128    1624.586       2.091      14.309                 262.551                 291.030
p5_BITCOAL.15_MACHINE                   1675.791       0.002       1.296                              28.470                  18.866      24.431      31.300                   1.307       0.886                  14.655
p5_BITCOAL.16_TRANSEQ                    321.587       4.881       4.708                                           0.993     171.059      14.604       1.037                   0.533       0.222
p5_BITCOAL.17_OTHERIND                 40992.183       6.901       2.810     108.021    2229.733     350.706     687.966     292.083      43.697      38.223     246.778    3901.522     348.724   19227.812    2578.668      14.486
p5_BITCOAL.20_eCoal        52019.320 1189069.286   61420.844   38336.769    1080.245    3610.533  101529.817   18810.777   43224.665   22701.303   34591.158   11573.034   67356.668    1460.914  213977.178   48095.270   16973.040
p5_BITCOAL.27_CONSTRUC                  3311.675                  11.698                   9.521                               4.095      13.071      25.136                              12.186
p5_BITCOAL.28_LTRP                                     0.888                   2.606     253.185                               9.974       0.314      22.321                   6.510
p5_BITCOAL.31_SER                      26497.618       0.194     644.380     254.560     360.837     182.501       0.010    2719.321     570.884     822.221                1364.070                7081.558                   4.788
p6_SUBCOAL.01_AGRICULT                                                                    11.874      20.775                   0.324                                                                                          41.665
p6_SUBCOAL.02_COAL                                                                                     0.457                                                                                                                  13.213
p6_SUBCOAL.05_MINING                                                                                              78.767                                                                 173.356                              70.604
p6_SUBCOAL.06_FOODPRO                                                                               1696.815      21.505                                                                 296.802                 201.532     266.244
p6_SUBCOAL.07_TEXTILES                                                                                                                                                                   606.624                  20.063       1.116
p6_SUBCOAL.08_WOODPRO                                                                                                                      0.054                                           0.482                               8.855
p6_SUBCOAL.09_PAPERPRO                                                                               149.331     102.282                  20.796                                         259.430                1635.298      42.179
p6_SUBCOAL.10_PETROLCOAL                                                                                                                                                                                           4.830
p6_SUBCOAL.11_CHEMICAL                                                                               367.910     134.527                   0.009                                         324.529                  17.426       0.332
p6_SUBCOAL.12_NONMET                                                                                 250.841     159.904      65.197      46.180                              23.474    3435.627               11738.066     174.113
p6_SUBCOAL.13_IRONSTL                                                                                                                    274.584                                         434.956                 166.040      83.050
p6_SUBCOAL.14_NONFERR                                                                                                                                                                                                       1101.232
p6_SUBCOAL.15_MACHINE                                                                                                                                                                      0.964
p6_SUBCOAL.16_TRANSEQ                                                                                                                                                                      0.241
p6_SUBCOAL.17_OTHERIND                                                                   456.643     344.356       7.161     293.685       0.054                                         379.501                2039.993       1.901
p6_SUBCOAL.20_eCoal          955.624                                                      70.459  138289.019    4136.613     840.930     285.264                                         967.085   51713.242   64323.895   11245.385
p6_SUBCOAL.27_CONSTRUC                                                                     1.950                                                                                          13.261
p6_SUBCOAL.28_LTRP                                                                        51.852                                           0.101
p6_SUBCOAL.31_SER                                                                         73.898     193.832                               0.054     357.275                                                                  10.623
p7_LIGNITE.01_AGRICULT                                            11.637       1.410                                           0.611      21.494       6.844                                                                   0.248
p7_LIGNITE.02_COAL                                                21.949                                                                 274.645       1.599
p7_LIGNITE.04_GAS                                                                                   1724.590                             447.093
p7_LIGNITE.05_MINING                                              18.222                                           7.739      11.274       1.432      18.556
p7_LIGNITE.06_FOODPRO                                              7.629                              13.013       7.007     621.509      52.036       7.686                                                       1.781     106.455
p7_LIGNITE.07_TEXTILES                                                                                                       617.922      10.222       1.870                                          36.936       1.463
p7_LIGNITE.08_WOODPRO                                                                                                                      0.460                                                                               0.104
p7_LIGNITE.09_PAPERPRO                                             0.014                                                      86.881      49.808       0.077                                         124.489      11.960
p7_LIGNITE.10_PETROLCOAL                                                                                                    3207.896     638.586      87.746                   1.421                 768.198
p7_LIGNITE.11_CHEMICAL                                                                               121.954                 413.268     254.845                                                      68.401       1.336
p7_LIGNITE.12_NONMET                                               3.969                                           0.937     589.072     135.531     253.855       0.030                            1594.650     124.689       1.742
p7_LIGNITE.13_IRONSTL                                                                                                         13.951      16.387       2.954                                           7.980
p7_LIGNITE.14_NONFERR                                                                                                        198.992      46.072       3.655                                          12.996
p7_LIGNITE.15_MACHINE                                              0.075                                                       0.815      12.801       0.044
p7_LIGNITE.16_TRANSEQ                                              1.119                                                       1.630       4.047
p7_LIGNITE.17_OTHERIND                                             0.128      17.858                             105.311       0.307       3.907       2.428                              47.971                  80.211
p7_LIGNITE.20_eCoal                                            24176.200    2113.971               16778.905     481.925   40166.816   41407.908    1600.446                  57.130    3309.238    8283.779    3705.547   10570.158
p7_LIGNITE.27_CONSTRUC                                             2.523                                                                  14.868       3.188
p7_LIGNITE.28_LTRP                                                            17.952                                                                   4.085
p7_LIGNITE.31_SER                                                 92.163     315.400                                         304.539     114.726     118.909                                                                  15.684
p8_PATFUEL.01_AGRICULT         0.638                                                                                           0.297       5.038
p8_PATFUEL.02_COAL                        41.473
p8_PATFUEL.05_MINING                      48.261
p8_PATFUEL.06_FOODPRO                     73.504                                                                                           0.014
p8_PATFUEL.07_TEXTILES                   103.623                                                                                           0.005
p8_PATFUEL.08_WOODPRO                      1.717
p8_PATFUEL.09_PAPERPRO                    60.824                                                                               0.429
p8_PATFUEL.11_CHEMICAL                  1537.302
p8_PATFUEL.12_NONMET                     381.409                                                                                           0.024
p8_PATFUEL.13_IRONSTL                   1323.071
p8_PATFUEL.14_NONFERR                     32.031
p8_PATFUEL.15_MACHINE                     12.134
p8_PATFUEL.16_TRANSEQ                      4.058
p8_PATFUEL.17_OTHERIND         0.535      86.106                                                                   1.391
p8_PATFUEL.27_CONSTRUC                                                                                                                     0.031
p8_PATFUEL.31_SER             23.035     158.364                                                                               1.992       6.019      25.008


----   2889 PARAMETER CoalR_DIO  Intermediate consumption ratio of coal products by industry j in region z

                              01_KOR      02_CHN      03_JPN      04_RUS      05_MNG      06_PRK      07_NAM      08_LAM      09_WEU      10_EEU      11_FSU      12_MEA      13_AFR      14_CPA      15_SAS      16_PAS      17_PAO

p3_ANTCOAL.01_AGRICULT                                                                     0.692                               0.513       0.002       0.056
p3_ANTCOAL.05_MINING                                                                                                                                   0.004                               0.078
p3_ANTCOAL.06_FOODPRO                                                                                  0.005                   0.020 5.841300E-6       0.140                               0.078
p3_ANTCOAL.07_TEXTILES                                                                                 0.054                               0.023                                           0.078
p3_ANTCOAL.08_WOODPRO                                                                                                                                                                      0.024
p3_ANTCOAL.09_PAPERPRO                                                                                 0.003                   0.028                                                       0.078
p3_ANTCOAL.10_PETROLCOAL       1.000
p3_ANTCOAL.11_CHEMICAL                                                                                 0.008                   0.033       0.109       0.020                               0.078
p3_ANTCOAL.12_NONMET                       0.028                                                             2.762262E-5       0.018       0.100       0.012       0.086                   0.078                   0.001
p3_ANTCOAL.13_IRONSTL          0.083                   0.013                                                 2.841111E-4       0.063       0.036       0.200                   0.001       0.054                   0.010       0.005
p3_ANTCOAL.14_NONFERR          0.434                                                                   0.838       0.009                   0.003       0.013                   0.990                               0.005
p3_ANTCOAL.15_MACHINE                                                                                                          0.012       0.010       0.011                               0.078
p3_ANTCOAL.16_TRANSEQ                                                                                                                                                                      0.246
p3_ANTCOAL.17_OTHERIND         1.000 5.891186E-7                                           0.692       0.029       0.018 4.948150E-6       0.154                         4.902974E-5       0.162                               0.829
p3_ANTCOAL.20_eCoal            0.011                                                                   0.001 3.023758E-4       0.002       0.001       0.031                               0.847
p3_ANTCOAL.27_CONSTRUC                                                                     0.692                                     3.073745E-4                                           0.078
p3_ANTCOAL.28_LTRP                                                                         0.692
p3_ANTCOAL.31_SER                                                                          0.692       0.004                   0.006       0.007       0.018                               1.000
p4_COKCOAL.02_COAL                                                                                                                                                                                     0.293                   0.014
p4_COKCOAL.04_GAS                                                                                                                                                  1.000
p4_COKCOAL.06_FOODPRO                                                                                                                      0.004
p4_COKCOAL.07_TEXTILES                                                                                                                     0.008
p4_COKCOAL.10_PETROLCOAL                                                                                                                   0.008
p4_COKCOAL.11_CHEMICAL                                                                                             0.053                                                                               0.453
p4_COKCOAL.12_NONMET                                                                                               0.661 6.662486E-5       0.019 2.630401E-4
p4_COKCOAL.13_IRONSTL          0.172       0.494       0.863       0.549       1.000                   0.419       0.456       0.278       0.620       0.519       1.000       0.267       0.305       0.164       0.101       0.391
p4_COKCOAL.14_NONFERR                                                                                        5.382230E-5                                                                                           0.995
p4_COKCOAL.15_MACHINE                                                                                                                      0.008
p4_COKCOAL.16_TRANSEQ                                                                                                                      0.001
p4_COKCOAL.17_OTHERIND                                                                                             0.633             4.065228E-4                   0.858                               0.076
p4_COKCOAL.20_eCoal                                                                                                            0.004       0.001 1.355382E-4                                           0.066
p4_COKCOAL.31_SER                                                                                                                    9.872503E-5
p5_BITCOAL.01_AGRICULT                     1.000                   0.769                   0.255                   1.000       0.430       0.962       0.880                   1.000                                           0.025
p5_BITCOAL.02_COAL                         0.997                   0.902                               0.958                               0.076       0.992                   1.000                   0.707                   0.046
p5_BITCOAL.04_GAS                          1.000                                                                                                                               1.000                   1.000
p5_BITCOAL.05_MINING                       0.988                                                                   0.630       0.952       0.883       0.951                   1.000       0.441                               0.238
p5_BITCOAL.06_FOODPRO                      0.994       1.000       0.924                               0.394       0.962       0.483       0.912       0.750       1.000       1.000       0.441                   0.687       0.296
p5_BITCOAL.07_TEXTILES         1.000       0.956                   1.000                               0.946       1.000       0.244       0.455       0.586                   1.000       0.441       0.544       0.930       0.923
p5_BITCOAL.08_WOODPRO                      0.994                   1.000                                           1.000       1.000       0.985       1.000                   1.000       0.467                               0.297
p5_BITCOAL.09_PAPERPRO                     0.984       1.000       0.285                               0.844       0.745       0.807       0.766       0.925                   1.000       0.441       0.823       0.225
p5_BITCOAL.10_PETROLCOAL                   1.000       1.000                                                                   0.030       0.025       0.663                   1.000
p5_BITCOAL.11_CHEMICAL         1.000       0.927       1.000       1.000                               0.685       0.342       0.727       0.729       0.980                   1.000       0.441       0.484       0.989       0.997
p5_BITCOAL.12_NONMET           1.000       0.968       1.000       0.994                               0.949       0.223       0.808       0.733       0.884       0.914       0.991       0.438       0.926       0.387       0.651
p5_BITCOAL.13_IRONSTL          0.745       0.496       0.124       0.451                               0.581       0.544       0.658       0.286       0.280                   0.732       0.307       0.836       0.874       0.543
p5_BITCOAL.14_NONFERR          0.566       0.997       1.000                                           0.162       0.991       0.380       0.292       0.985       1.000       0.010                   0.953                   0.209
p5_BITCOAL.15_MACHINE                      0.993       1.000       0.945                               1.000                   0.947       0.645       0.988                   1.000       0.441                   1.000
p5_BITCOAL.16_TRANSEQ                      0.988       1.000       0.808                                           1.000       0.991       0.782       1.000                   1.000       0.361
p5_BITCOAL.17_OTHERIND                     0.998       1.000       0.956       0.858       0.255       0.490       0.299       0.498       0.776       0.940       0.142       1.000       0.376       0.924       0.549       0.151
p5_BITCOAL.20_eCoal            0.972       1.000       1.000       0.613       0.338       0.981       0.395       0.803       0.510       0.352       0.926       1.000       0.999       0.039       0.729       0.414       0.438
p5_BITCOAL.27_CONSTRUC                     1.000                   0.823                   0.255                               1.000       0.467       0.887                               0.441
p5_BITCOAL.28_LTRP                                     1.000                   0.127       0.255                               1.000       0.757       0.845                   1.000
p5_BITCOAL.31_SER                          0.994       1.000       0.875       0.447       0.255       0.483       1.000       0.893       0.819       0.610                   1.000                   1.000                   0.154
p6_SUBCOAL.01_AGRICULT                                                                     0.052       1.000                   0.015                                                                                           0.969
p6_SUBCOAL.02_COAL                                                                                     0.042                                                                                                                   0.940
p6_SUBCOAL.05_MINING                                                                                               0.337                                                                   0.480                               0.762
p6_SUBCOAL.06_FOODPRO                                                                                  0.596       0.029                                                                   0.480                   0.311       0.503
p6_SUBCOAL.07_TEXTILES                                                                                                                                                                     0.480                   0.065       0.077
p6_SUBCOAL.08_WOODPRO                                                                                                                      0.002                                           0.508                               0.695
p6_SUBCOAL.09_PAPERPRO                                                                                 0.153       0.255                   0.069                                           0.480                   0.770       1.000
p6_SUBCOAL.10_PETROLCOAL                                                                                                                                                                                           1.000
p6_SUBCOAL.11_CHEMICAL                                                                                 0.231       0.605             5.691528E-6                                           0.480                   0.011       0.003
p6_SUBCOAL.12_NONMET                                                                                   0.051       0.116       0.017       0.038                               0.009       0.484                   0.606       0.345
p6_SUBCOAL.13_IRONSTL                                                                                                                      0.054                                           0.334                   0.015       0.061
p6_SUBCOAL.14_NONFERR                                                                                                                                                                                                          0.791
p6_SUBCOAL.15_MACHINE                                                                                                                                                                      0.480
p6_SUBCOAL.16_TRANSEQ                                                                                                                                                                      0.393
p6_SUBCOAL.17_OTHERIND                                                                     0.052       0.481       0.003       0.501       0.001                                           0.410                   0.434       0.020
p6_SUBCOAL.20_eCoal            0.018                                                       0.019       0.538       0.177       0.010       0.004                                           0.026       0.176       0.554       0.290
p6_SUBCOAL.27_CONSTRUC                                                                     0.052                                                                                           0.480
p6_SUBCOAL.28_LTRP                                                                         0.052                                           0.243
p6_SUBCOAL.31_SER                                                                          0.052       0.513                         7.777466E-5       0.265                                                                   0.342
p7_LIGNITE.01_AGRICULT                                             0.231       1.000                                           0.028       0.029       0.064                                                                   0.006
p7_LIGNITE.02_COAL                                                 0.098                                                                   0.924       0.008
p7_LIGNITE.04_GAS                                                                                      1.000                               1.000
p7_LIGNITE.05_MINING                                               1.000                                           0.033       0.048       0.117       0.045
p7_LIGNITE.06_FOODPRO                                              0.076                               0.005       0.009       0.498       0.084       0.111                                                       0.003       0.201
p7_LIGNITE.07_TEXTILES                                                                                                         0.756       0.514       0.414                                           0.456       0.005
p7_LIGNITE.08_WOODPRO                                                                                                                      0.014                                                                               0.008
p7_LIGNITE.09_PAPERPRO                                             0.715                                                       0.165       0.165       0.075                                           0.177       0.006
p7_LIGNITE.10_PETROLCOAL                                                                                                       0.970       0.967       0.337             7.490122E-5                   1.000
p7_LIGNITE.11_CHEMICAL                                                                                 0.077                   0.240       0.161                                                       0.063       0.001
p7_LIGNITE.12_NONMET                                               0.006                                           0.001       0.156       0.110       0.104 1.275419E-5                               0.074       0.006       0.003
p7_LIGNITE.13_IRONSTL                                                                                                          0.001       0.003       0.001                                     1.381656E-4
p7_LIGNITE.14_NONFERR                                                                                                          0.620       0.704       0.002                                           0.047
p7_LIGNITE.15_MACHINE                                              0.055                                                       0.041       0.338       0.001
p7_LIGNITE.16_TRANSEQ                                              0.192                                                       0.009       0.217
p7_LIGNITE.17_OTHERIND                                             0.044       0.142                               0.046       0.001       0.069       0.060                               0.052                   0.017
p7_LIGNITE.20_eCoal                                                0.387       0.662                   0.065       0.021       0.474       0.642       0.043                   0.001       0.088       0.028       0.032       0.273
p7_LIGNITE.27_CONSTRUC                                             0.177                                                                   0.531       0.113
p7_LIGNITE.28_LTRP                                                             0.873                                                                   0.155
p7_LIGNITE.31_SER                                                  0.125       0.553                                           0.100       0.165       0.088                                                                   0.504
p8_PATFUEL.01_AGRICULT         1.000                                                                                           0.014       0.007
p8_PATFUEL.02_COAL                         0.003
p8_PATFUEL.05_MINING                       0.012
p8_PATFUEL.06_FOODPRO                      0.006                                                                                     2.239165E-5
p8_PATFUEL.07_TEXTILES                     0.044                                                                                     2.312964E-4
p8_PATFUEL.08_WOODPRO                      0.006
p8_PATFUEL.09_PAPERPRO                     0.016                                                                               0.001
p8_PATFUEL.11_CHEMICAL                     0.073
p8_PATFUEL.12_NONMET                       0.003                                                                                     1.971427E-5
p8_PATFUEL.13_IRONSTL                      0.010
p8_PATFUEL.14_NONFERR                      0.003
p8_PATFUEL.15_MACHINE                      0.007
p8_PATFUEL.16_TRANSEQ                      0.012
p8_PATFUEL.17_OTHERIND   2.920424E-4       0.002                                                                   0.001
p8_PATFUEL.27_CONSTRUC                                                                                                                     0.001
p8_PATFUEL.31_SER              1.000       0.006                                                                               0.001       0.009       0.019


----   2889 PARAMETER CoalR_CO  Household consumption ratio of coal products in region z

                01_KOR      02_CHN      04_RUS      05_MNG      06_PRK      08_LAM      09_WEU      10_EEU      11_FSU      12_MEA      13_AFR      14_CPA      15_SAS      17_PAO

p3_ANTCOAL                                                       0.692                   0.075 3.375521E-4       0.012                   0.010       1.000
p5_BITCOAL                   0.942       0.794       0.735       0.255       1.000       0.481       0.878       0.813       1.000       0.990                   1.000       0.020
p6_SUBCOAL                                                       0.052                   0.060 1.108254E-5                                                                   0.839
p7_LIGNITE                               0.206       0.265                               0.292       0.121       0.175                                                       0.141
p8_PATFUEL       1.000       0.058                                                       0.092


----   2938 PARAMETER Gas_DIO  Intermediate consumption of gas products by industry j in region z

                                01_KOR      02_CHN      03_JPN      04_RUS      07_NAM      08_LAM      09_WEU      10_EEU      11_FSU      12_MEA      13_AFR      14_CPA      15_SAS      16_PAS      17_PAO

p13_GASWKSGS.02_COAL                                                                                                 5.415
p13_GASWKSGS.04_GAS                      -3928.132                                                                -272.363                  -1.059    -442.025                 -24.050                  -0.817
p13_GASWKSGS.05_MINING                      39.255                                                                                                       6.470
p13_GASWKSGS.06_FOODPRO                     45.495                                                                                                      22.270
p13_GASWKSGS.07_TEXTILES                     0.201
p13_GASWKSGS.09_PAPERPRO                     1.812                                                                                                      84.781
p13_GASWKSGS.10_PETROLCOAL                                                                                         -69.793
p13_GASWKSGS.11_CHEMICAL                   656.661                                                                                                     113.693
p13_GASWKSGS.12_NONMET                     285.452                                                                                                       3.525
p13_GASWKSGS.13_IRONSTL                                                                                                                                126.462                  24.050
p13_GASWKSGS.14_NONFERR                   1803.905                                                                                                      37.059
p13_GASWKSGS.15_MACHINE                    127.024                                                                                                       2.279
p13_GASWKSGS.16_TRANSEQ                      4.026
p13_GASWKSGS.17_OTHERIND                    97.633                                                                                                      45.486
p13_GASWKSGS.21_eGas                                                                                               335.365
p13_GASWKSGS.31_SER                        192.650                                                                                                                                                       0.817
p20_NATGAS  .01_AGRICULT         4.029     103.771       1.478    1163.601    2435.281      33.432    3586.149     439.592     428.503    2842.662                             196.499       4.124      57.957
p20_NATGAS  .02_COAL                                                           100.896      82.035      12.123      10.623                                                                               0.331
p20_NATGAS  .04_GAS                       8867.481   -1566.761   10132.255   75367.531   22798.475    9129.024     757.477    7005.504   30978.434    3558.481                 874.010   13564.017    1427.067
p20_NATGAS  .05_MINING                    1725.238                1867.455    5469.596     986.019     671.193     166.025     683.737      45.830       0.131                                         124.775
p20_NATGAS  .06_FOODPRO        722.549    5715.051    1844.947    1255.384   17148.455    3166.670   13334.333    2272.790    1171.045     586.008     217.907      17.095                 379.040    1170.664
p20_NATGAS  .07_TEXTILES       220.126    4454.597     204.719      52.449    1273.439    1315.006    2647.076     295.462     287.611     128.606      36.924       3.869                 210.380     122.586
p20_NATGAS  .08_WOODPRO         24.147     376.070      23.388     217.685    1756.784      10.504     421.512     137.292      16.570                   1.335                               5.062      67.394
p20_NATGAS  .09_PAPERPRO       268.387    2083.010     692.135     519.543   10004.284    2185.369    6157.753     780.392      86.942      66.044      18.076       4.499                 299.827     314.243
p20_NATGAS  .10_PETROLCOAL    2067.606   10821.399     188.913               23492.593    8481.813    9827.281    1836.002    1133.837   20546.151    3216.065                6711.827    2309.310     181.090
p20_NATGAS  .11_CHEMICAL      1549.235   25023.936    1970.016    7939.272   58081.654    6874.991   19231.952    2101.895    2909.096   17930.509    1813.522     305.916     677.231    5804.665    1503.119
p20_NATGAS  .12_NONMET         519.826   13617.301     766.582    7647.908   10401.610    4056.977   12957.827    2798.971    2381.522    6039.976    1551.707     134.963       5.920    1140.704    1148.608
p20_NATGAS  .13_IRONSTL       1483.836   10620.874    2313.316   11004.617   11175.093    6848.731    7967.481    1506.036    2195.388    3866.103     695.497     226.738     620.814     976.912     201.194
p20_NATGAS  .14_NONFERR        333.302    4370.605     369.681                4334.977     700.156    3434.747     648.932     251.788                  34.224                              91.507    2743.451
p20_NATGAS  .15_MACHINE       1124.899   11672.636    1422.420    1273.513    8644.179      20.274    6157.551    1036.532     210.727                  17.863      19.795                 837.405      13.768
p20_NATGAS  .16_TRANSEQ        656.209    3736.215     657.237     753.172    4472.050     194.519    2359.934     611.557      93.474       3.705      11.006      10.797                  43.624       1.576
p20_NATGAS  .17_OTHERIND       496.077    8661.666     517.249     645.484   15745.810    8034.361    3541.503     480.598    1232.813   90199.919    1151.395       2.339   18220.304   19069.114       6.690
p20_NATGAS  .21_eGas         24731.244   48841.277   63464.170  193839.210  297976.796   84779.702  125032.500   13472.249   57175.132  249321.448   13690.494    7067.000   37684.730   82866.672   13272.344
p20_NATGAS  .27_CONSTRUC         0.117     235.159      56.382    3551.669     687.757      51.245    2480.411     287.792     124.406       5.400       0.026                  24.091       5.088      71.427
p20_NATGAS  .28_LTRP          1094.001   25022.417      33.415   30955.633   27077.415    8177.701    3179.212     956.170    7759.604    7946.502       1.959      34.000    5477.779    1878.569     463.028
p20_NATGAS  .29_WTRP                                                                                    75.337
p20_NATGAS  .31_SER           3324.659   12438.142    9408.897    5317.924   96687.906    2614.686   42999.850    5633.215   12866.554   15164.253      43.008                3136.024     752.308    1164.902
p23_NGL     .04_GAS                                                                                                                        131.089
p23_NGL     .11_CHEMICAL                                 1.607                                                      25.130
p23_NGL     .13_IRONSTL                                                                                              3.076
p23_NGL     .14_NONFERR                                                                                              2.417
p23_NGL     .17_OTHERIND                                                                                                         0.500
p23_NGL     .21_eGas                                     0.877


----   2938 PARAMETER GasR_DIO  Intermediate consumption ratio of gas products by industry j in region z

                                01_KOR      02_CHN      03_JPN      04_RUS      07_NAM      08_LAM      09_WEU      10_EEU      11_FSU      12_MEA      13_AFR      14_CPA      15_SAS      16_PAS      17_PAO

p13_GASWKSGS.02_COAL                                                                                                 0.338
p13_GASWKSGS.05_MINING                       0.022                                                                                                       0.980
p13_GASWKSGS.06_FOODPRO                      0.008                                                                                                       0.093
p13_GASWKSGS.07_TEXTILES               4.518723E-5
p13_GASWKSGS.09_PAPERPRO                     0.001                                                                                                       0.824
p13_GASWKSGS.11_CHEMICAL                     0.026                                                                                                       0.059
p13_GASWKSGS.12_NONMET                       0.021                                                                                                       0.002
p13_GASWKSGS.13_IRONSTL                                                                                                                                  0.154                   0.037
p13_GASWKSGS.14_NONFERR                      0.292                                                                                                       0.520
p13_GASWKSGS.15_MACHINE                      0.011                                                                                                       0.113
p13_GASWKSGS.16_TRANSEQ                      0.001
p13_GASWKSGS.17_OTHERIND                     0.011                                                                                                       0.038
p13_GASWKSGS.21_eGas                                                                                                 0.024
p13_GASWKSGS.31_SER                          0.015                                                                                                                                                       0.001
p20_NATGAS  .01_AGRICULT         1.000       1.000       1.000       1.000       1.000       1.000       1.000       1.000       1.000       1.000                               1.000       1.000       1.000
p20_NATGAS  .02_COAL                                                             1.000       1.000       1.000       0.662                                                                               1.000
p20_NATGAS  .04_GAS                          1.795                   1.000       1.000       1.000       1.000       1.561       1.000       0.996       1.142                   1.028       1.000       1.001
p20_NATGAS  .05_MINING                       0.978                   1.000       1.000       1.000       1.000       1.000       1.000       1.000       0.020                                           1.000
p20_NATGAS  .06_FOODPRO          1.000       0.992       1.000       1.000       1.000       1.000       1.000       1.000       1.000       1.000       0.907       1.000                   1.000       1.000
p20_NATGAS  .07_TEXTILES         1.000       1.000       1.000       1.000       1.000       1.000       1.000       1.000       1.000       1.000       1.000       1.000                   1.000       1.000
p20_NATGAS  .08_WOODPRO          1.000       1.000       1.000       1.000       1.000       1.000       1.000       1.000       1.000                   1.000                               1.000       1.000
p20_NATGAS  .09_PAPERPRO         1.000       0.999       1.000       1.000       1.000       1.000       1.000       1.000       1.000       1.000       0.176       1.000                   1.000       1.000
p20_NATGAS  .10_PETROLCOAL       1.000       1.000       1.000                   1.000       1.000       1.000       1.040       1.000       1.000       1.000                   1.000       1.000       1.000
p20_NATGAS  .11_CHEMICAL         1.000       0.974       0.999       1.000       1.000       1.000       1.000       0.988       1.000       1.000       0.941       1.000       1.000       1.000       1.000
p20_NATGAS  .12_NONMET           1.000       0.979       1.000       1.000       1.000       1.000       1.000       1.000       1.000       1.000       0.998       1.000       1.000       1.000       1.000
p20_NATGAS  .13_IRONSTL          1.000       1.000       1.000       1.000       1.000       1.000       1.000       0.998       1.000       1.000       0.846       1.000       0.963       1.000       1.000
p20_NATGAS  .14_NONFERR          1.000       0.708       1.000                   1.000       1.000       1.000       0.996       1.000                   0.480                               1.000       1.000
p20_NATGAS  .15_MACHINE          1.000       0.989       1.000       1.000       1.000       1.000       1.000       1.000       1.000                   0.887       1.000                   1.000       1.000
p20_NATGAS  .16_TRANSEQ          1.000       0.999       1.000       1.000       1.000       1.000       1.000       1.000       1.000       1.000       1.000       1.000                   1.000       1.000
p20_NATGAS  .17_OTHERIND         1.000       0.989       1.000       1.000       1.000       1.000       1.000       1.000       1.000       1.000       0.962       1.000       1.000       1.000       1.000
p20_NATGAS  .21_eGas             1.000       1.000       1.000       1.000       1.000       1.000       1.000       0.976       1.000       1.000       1.000       1.000       1.000       1.000       1.000
p20_NATGAS  .27_CONSTRUC         1.000       1.000       1.000       1.000       1.000       1.000       1.000       1.000       1.000       1.000       1.000                   1.000       1.000       1.000
p20_NATGAS  .28_LTRP             1.000       1.000       1.000       1.000       1.000       1.000       1.000       1.000       1.000       1.000       1.000       1.000       1.000       1.000       1.000
p20_NATGAS  .29_WTRP                                                                                     1.000
p20_NATGAS  .31_SER              1.000       0.985       1.000       1.000       1.000       1.000       1.000       1.000       1.000       1.000       1.000                   1.000       1.000       0.999
p23_NGL     .04_GAS                                                                                                                          0.004
p23_NGL     .11_CHEMICAL                                 0.001                                                       0.012
p23_NGL     .13_IRONSTL                                                                                              0.002
p23_NGL     .14_NONFERR                                                                                              0.004
p23_NGL     .17_OTHERIND                                                                                                   4.058173E-4
p23_NGL     .21_eGas                               1.382651E-5


----   2938 PARAMETER GasR_CO  Household consumption ratio of gas products in region z

                  01_KOR      02_CHN      03_JPN      04_RUS      07_NAM      08_LAM      09_WEU      10_EEU      11_FSU      12_MEA      13_AFR      15_SAS      16_PAS      17_PAO

p13_GASWKSGS                   0.019                                                                                     1.747813E-5
p20_NATGAS         1.000       0.981       1.000       1.000       1.000       1.000       1.000       1.000       1.000       1.000       1.000       1.000       1.000       1.000


----   2984 PARAMETER Oil_DIO  Intermediate consumption of crudeoil by industry j in region z

                                02_CHN      03_JPN      04_RUS      08_LAM      10_EEU      11_FSU      12_MEA      16_PAS      17_PAO

p22_CRUDEOIL.01_AGRICULT                                11.276
p22_CRUDEOIL.02_COAL                                     0.151
p22_CRUDEOIL.03_OIL           2684.200                  91.766     264.506       2.002    1103.552    3270.762      19.075      22.890
p22_CRUDEOIL.06_FOODPRO                                  1.407       0.190                                                       3.850
p22_CRUDEOIL.07_TEXTILES                                                                                                        11.137
p22_CRUDEOIL.08_WOODPRO                                  0.010
p22_CRUDEOIL.09_PAPERPRO                                             8.574
p22_CRUDEOIL.10_PETROLCOAL                                                                             402.394     539.716
p22_CRUDEOIL.11_CHEMICAL                     2.576       0.010       0.042
p22_CRUDEOIL.12_NONMET                                   0.010       0.927
p22_CRUDEOIL.13_IRONSTL                                 11.758       0.893
p22_CRUDEOIL.15_MACHINE                                  0.050
p22_CRUDEOIL.17_OTHERIND       580.800                             206.435                            1569.039
p22_CRUDEOIL.27_CONSTRUC                                 4.693
p22_CRUDEOIL.28_LTRP                                                 3.381                   1.470       4.410
p22_CRUDEOIL.31_SER                                      1.729


----   2984 PARAMETER OilR_DIO  Intermediate consumption ratio of crudeoil by industry j in region z

                                02_CHN      03_JPN      04_RUS      08_LAM      10_EEU      11_FSU      12_MEA      16_PAS      17_PAO

p22_CRUDEOIL.01_AGRICULT                                 1.000
p22_CRUDEOIL.02_COAL                                     1.000
p22_CRUDEOIL.03_OIL              1.000                   1.000       1.000       1.000       1.000       1.000       1.000       1.000
p22_CRUDEOIL.06_FOODPRO                                  1.000       1.000                                                       1.000
p22_CRUDEOIL.07_TEXTILES                                                                                                         1.000
p22_CRUDEOIL.08_WOODPRO                                  1.000
p22_CRUDEOIL.09_PAPERPRO                                             1.000
p22_CRUDEOIL.10_PETROLCOAL                                                                               1.000       1.000
p22_CRUDEOIL.11_CHEMICAL                     1.000       1.000       1.000
p22_CRUDEOIL.12_NONMET                                   1.000       1.000
p22_CRUDEOIL.13_IRONSTL                                  1.000       1.000
p22_CRUDEOIL.15_MACHINE                                  1.000
p22_CRUDEOIL.17_OTHERIND         1.000                               1.000                               1.000
p22_CRUDEOIL.27_CONSTRUC                                 1.000
p22_CRUDEOIL.28_LTRP                                                 1.000                   1.000       1.000
p22_CRUDEOIL.31_SER                                      1.000


----   3037 PARAMETER Oilp_DIO  Intermediate consumption of petrolcoal by industry j in region z

                                  01_KOR      02_CHN      03_JPN      04_RUS      05_MNG      06_PRK      07_NAM      08_LAM      09_WEU      10_EEU      11_FSU      12_MEA      13_AFR      14_CPA      15_SAS      16_PAS      17_PAO

p9_OVENCOKE   .01_AGRICULT                   381.895       0.023                                                                   0.163       2.822
p9_OVENCOKE   .02_COAL                       313.094                                                                                           0.007
p9_OVENCOKE   .05_MINING                    1018.002       2.708      30.964                             117.191      40.076       4.199       0.469      65.726                                                                  29.665
p9_OVENCOKE   .06_FOODPRO                    806.990                   0.007                                          16.582      92.027      30.435       1.800
p9_OVENCOKE   .07_TEXTILES                     7.936       0.033       0.021                                                       0.031       0.016
p9_OVENCOKE   .08_WOODPRO                      3.776                                                                                           0.028
p9_OVENCOKE   .09_PAPERPRO                     1.600       1.282       0.028                                           4.574
p9_OVENCOKE   .10_PETROLCOAL                                                                                                                 -15.861
p9_OVENCOKE   .11_CHEMICAL                 16007.839      29.588      18.850                                           0.480      58.124      56.545     221.351                                                                   4.514
p9_OVENCOKE   .12_NONMET                    8578.906     140.324      59.613                              16.526      50.974     179.345     145.375      29.730      43.548                                                       2.579
p9_OVENCOKE   .13_IRONSTL        660.820   29455.033    1489.206   18359.549                  11.281    2276.786    2336.065    2438.980     368.990    2117.590     182.809     142.936    3587.556    5147.528     480.828     287.618
p9_OVENCOKE   .14_NONFERR                   2599.407     133.890                                           8.197     261.515      22.073      24.623      73.832                                                                  70.937
p9_OVENCOKE   .15_MACHINE                   4612.819       0.486       1.379                                           1.075      22.169       4.113      11.057
p9_OVENCOKE   .16_TRANSEQ                     92.866      53.267      13.541                                           0.580      11.291       0.042       4.065
p9_OVENCOKE   .17_OTHERIND                   624.203                   0.561      31.651                               0.760       0.069       0.090                   7.307      20.541
p9_OVENCOKE   .22_eOil                                    14.288       0.727                                                                   0.716
p9_OVENCOKE   .27_CONSTRUC                    62.081                   0.007                                                       1.016       0.002
p9_OVENCOKE   .28_LTRP                         0.123
p9_OVENCOKE   .31_SER                        150.856     123.675                                                                  52.266      40.513
p10_GASCOKE   .13_IRONSTL                                                                                                                                              3.598
p14_COKEOVGS  .02_COAL                        41.227
p14_COKEOVGS  .05_MINING                     169.267                                                                               3.203
p14_COKEOVGS  .06_FOODPRO                      2.378
p14_COKEOVGS  .09_PAPERPRO                     6.343
p14_COKEOVGS  .10_PETROLCOAL                                                                                                      13.091    -221.874
p14_COKEOVGS  .11_CHEMICAL                  3167.713     588.525                                                                  40.413      13.852                                                                   4.944
p14_COKEOVGS  .12_NONMET                    1424.698     131.186      19.076                                                      11.414      42.320
p14_COKEOVGS  .13_IRONSTL       1657.906   13609.157    3091.753    3159.852                             479.880    1424.462    1450.924     397.517     679.594      72.126     454.959                1791.642     852.509      18.816
p14_COKEOVGS  .14_NONFERR                    766.657                                                                                           1.648
p14_COKEOVGS  .15_MACHINE                    240.621                   6.664                                                       8.727       0.067
p14_COKEOVGS  .16_TRANSEQ                     20.613                                                                              27.214
p14_COKEOVGS  .17_OTHERIND                    45.191                                                     640.714                   0.322
p14_COKEOVGS  .22_eOil           729.613   10724.877    1286.222    1512.719                             129.063     339.725    1231.981     911.660     374.076      73.105                             895.821     323.713      56.448
p14_COKEOVGS  .31_SER                         89.192
p27_REFINGAS  .03_OIL                                                                                   4959.561                               1.338
p27_REFINGAS  .10_PETROLCOAL    5059.291   20119.864    4873.535                                       18414.005    8881.166   21231.978    2391.851    1553.983   10452.096    1100.097               17921.585    5598.715    1223.549
p27_REFINGAS  .11_CHEMICAL       370.920     276.321                                                                 268.651    3190.356     970.793                 232.588                                        2950.744
p27_REFINGAS  .13_IRONSTL                                  0.030
p27_REFINGAS  .17_OTHERIND                   176.441                                                                              46.109
p27_REFINGAS  .22_eOil                      2492.391    1882.226                                        1563.327     591.550    2570.876     297.433      72.120                  16.965                             324.052
p27_REFINGAS  .31_SER                                                                                                              0.453
p28_ETHANE    .03_OIL                                                                                                                                                                                                             14.325
p28_ETHANE    .10_PETROLCOAL                                                                              14.214
p28_ETHANE    .11_CHEMICAL                                                                                                       263.164
p29_LPG       .01_AGRICULT         5.608      93.841       2.486      56.385                            1101.778     311.013     826.417     130.992      35.915     141.696       5.327                  29.034       2.076      50.818
p29_LPG       .02_COAL                       501.004                                                                                           0.034                                                                               0.329
p29_LPG       .03_OIL             94.348       1.560                   4.911                              68.835       8.900       0.079       3.616       7.606     401.058                                                       3.964
p29_LPG       .05_MINING           1.684       1.253       0.279       1.351                              70.949     163.429      52.386       7.208       5.449       4.738      17.901                   0.113       1.980      35.593
p29_LPG       .06_FOODPRO         23.777      39.679     212.898      39.915                              54.228     337.562     460.166      89.618      24.983      22.428       8.846      14.144                 108.794      19.160
p29_LPG       .07_TEXTILES         3.738      30.630      35.347       0.659                                          28.209      40.422       9.764       0.625       8.702       9.790      20.672       2.937      31.061       4.324
p29_LPG       .08_WOODPRO          0.230       6.683       0.756       1.373                             107.000       4.011      16.362       9.131                   0.130                   0.326                   4.963       0.925
p29_LPG       .09_PAPERPRO         5.080      32.161      59.423       2.659                              31.633      86.890     128.715       9.799       0.335       0.185                   7.398                  14.142       2.790
p29_LPG       .10_PETROLCOAL     112.970    9060.744     113.429                                         245.320     472.546     302.351       5.046                 531.116      10.389                  42.299     183.085
p29_LPG       .11_CHEMICAL       117.835   11941.542     541.721     203.038                             110.715     208.088     585.534     158.655      23.235     167.171       4.895      26.112      23.386     418.774
p29_LPG       .12_NONMET          15.485     854.992      93.941      17.810                              16.946     194.817     227.189      36.523      32.896      69.098                  72.895                 106.435     101.820
p29_LPG       .13_IRONSTL         63.809     133.658     303.661      12.745                               2.260      55.845     215.796       3.167     101.306                              84.863      69.253     149.290       0.730
p29_LPG       .14_NONFERR         11.557      45.110      58.031                                           1.130      94.232      85.975      10.466       1.102      39.583       9.790                              25.834      16.334
p29_LPG       .15_MACHINE         26.119     224.295     215.049       4.230                             149.126      10.084     219.942      44.290       3.096       1.093       5.014     112.063      27.001     132.317       5.666
p29_LPG       .16_TRANSEQ         19.751      47.476     138.696      15.502                              22.595       0.345      55.469      13.327       3.208       1.260      14.685      63.103                  11.226
p29_LPG       .17_OTHERIND       709.527      98.195      48.701       1.527                              41.800    1856.015     588.750      27.050       2.255     385.144     118.481      20.672     143.739     534.747      87.057
p29_LPG       .22_eOil                        49.920     367.597      22.190                                          45.400      73.632      25.593       0.549                  64.425                   1.695
p29_LPG       .27_CONSTRUC        19.131     195.335      14.033      26.720                             616.631      23.980      80.218      63.265      17.397      15.283       0.005       7.072                  17.461       5.253
p29_LPG       .28_LTRP          3476.636    2164.032     712.914    1338.469                             337.433    2794.463    6724.667    3318.437    2563.092    1096.224      91.167      61.360     195.495    1238.851     279.482
p29_LPG       .29_WTRP             0.898                               2.966                                           0.025
p29_LPG       .30_ATRP             0.309                                                                                                                                           0.586
p29_LPG       .31_SER           1075.610    2030.488     856.547      23.534                            2546.443    3581.059    2778.105     287.420    1819.850     855.246     470.495     563.506    4293.616    2128.745      54.995
p30_NONBIOGASO.01_AGRICULT                  2607.752                                          18.647    4421.630     154.845     147.490      30.633      12.381      22.302     273.486     136.499       3.177     165.070     181.290
p30_NONBIOGASO.02_COAL                                                                                   767.211                               0.054                                                                               0.031
p30_NONBIOGASO.03_OIL                                                                                    814.293                               0.106                                                                               0.006
p30_NONBIOGASO.05_MINING                                                                                 160.504       4.744       0.019       0.732       0.703       0.030     138.128                              33.720       0.245
p30_NONBIOGASO.06_FOODPRO                                                                                              3.277       0.104       3.304       1.378       1.189      80.569                              19.363       8.393
p30_NONBIOGASO.07_TEXTILES                                                                                             0.343                   1.143       0.014       0.009                                           0.003
p30_NONBIOGASO.08_WOODPRO                                                                                              0.109       0.096       1.446       0.105                   0.184                              16.063       0.053
p30_NONBIOGASO.09_PAPERPRO                                                                                 1.023       0.158       0.040       0.744                   0.012       0.007                               0.067
p30_NONBIOGASO.10_PETROLCOAL                               0.148                                          31.840      17.966                                                                                           1.901
p30_NONBIOGASO.11_CHEMICAL                                                                                             1.503     122.177       5.137       0.864                   0.075                               0.154
p30_NONBIOGASO.12_NONMET                                                                                               1.463       0.051       1.061       0.195       0.003       1.359                               0.021       0.002
p30_NONBIOGASO.13_IRONSTL                                                                                  1.495       0.090       0.066       0.328       0.294       1.070                                           0.047       0.002
p30_NONBIOGASO.14_NONFERR                                                                                                                      0.017       0.024       0.006       0.774                                           0.033
p30_NONBIOGASO.15_MACHINE                                                                                              0.272      14.799       2.600       0.069                                                       0.338
p30_NONBIOGASO.16_TRANSEQ                                                                                              0.269       5.357       3.345                               3.490                               3.748
p30_NONBIOGASO.17_OTHERIND                                                                               626.502     176.154       2.372       3.612       3.876      30.641     107.006                   7.351     114.203       1.657
p30_NONBIOGASO.22_eOil                                                                                    26.751      14.485                   0.019                   9.830       0.145
p30_NONBIOGASO.27_CONSTRUC                                                                               279.197      41.021      87.533      16.212       5.659       0.996       5.737                             118.943       1.391
p30_NONBIOGASO.28_LTRP         10334.061  144577.675   37972.382   35932.745     579.421     189.766  405068.022   98275.826   73425.205   12608.794   12755.923  101832.060   38487.914    7690.018   42615.531   66674.333   16110.747
p30_NONBIOGASO.29_WTRP                                                13.977                            4751.679      18.726     427.427       7.238                             115.235                             216.101     268.518
p30_NONBIOGASO.30_ATRP                                                                                     3.697      16.618       0.870                                           0.224
p30_NONBIOGASO.31_SER                                                                                   1983.867     914.902     310.057      58.049     166.070      83.578     148.171                   6.085     595.645      14.513
p31_AVGAS     .01_AGRICULT                                                                                             0.800
p31_AVGAS     .06_FOODPRO                                                                                              0.007
p31_AVGAS     .16_TRANSEQ                                                                                                                      0.001
p31_AVGAS     .17_OTHERIND                                                                                             0.004
p31_AVGAS     .28_LTRP                                                                                     0.426
p31_AVGAS     .30_ATRP             0.507                   2.233       1.051                             579.210      85.214      50.062      12.892       5.973       8.826      45.348                  85.145       9.127      59.201
p31_AVGAS     .31_SER              2.189                                                                                           1.272       0.153
p33_NONBIOJETK.01_AGRICULT                                                                                             0.400
p33_NONBIOJETK.05_MINING                                                                                              28.645
p33_NONBIOJETK.10_PETROLCOAL                                                                              42.449
p33_NONBIOJETK.11_CHEMICAL                                                                                                                                 0.188                                                       0.914
p33_NONBIOJETK.15_MACHINE                                                                                                          4.108       0.064
p33_NONBIOJETK.16_TRANSEQ          0.010                                                                                                       0.484
p33_NONBIOJETK.17_OTHERIND         0.314                                                                              17.739                               0.004                   0.057
p33_NONBIOJETK.22_eOil                                                                                    14.880
p33_NONBIOJETK.27_CONSTRUC                                                                                                                                 0.004
p33_NONBIOJETK.28_LTRP                                                                                    79.846                   0.347                                                                                           9.049
p33_NONBIOJETK.29_WTRP                                                                                                 0.175
p33_NONBIOJETK.30_ATRP          1102.172   27274.031    3523.127    5854.113       3.616               62465.533    5488.977    8747.637     155.570     506.034    2913.613     839.249    1003.614    4558.307    5581.908    3238.104
p33_NONBIOJETK.31_SER            437.591                 766.256                                                       1.138     704.836      28.129      23.901                                                     189.002
p34_OTHKERO   .01_AGRICULT       120.228     223.759     478.095                               0.019      15.098       3.292     335.655       1.121       1.937       9.207     131.508                               2.489
p34_OTHKERO   .02_COAL                         7.725                                                                                           0.002
p34_OTHKERO   .03_OIL              0.638                                                                   3.526
p34_OTHKERO   .05_MINING           0.968       4.944       2.563                                           1.707      11.564       1.343       0.001                               2.482                               0.007
p34_OTHKERO   .06_FOODPRO          5.060       1.545     136.923                                                       0.037      16.858       0.001       1.493                   4.598                               0.702       0.513
p34_OTHKERO   .07_TEXTILES         3.421       0.927      38.639                                                                   0.014                                           0.309
p34_OTHKERO   .08_WOODPRO          0.425                  25.796                                           6.473                   0.111       0.001                               0.001                                           0.207
p34_OTHKERO   .09_PAPERPRO         0.560       0.206      22.084                                                                   0.038       0.007       0.422                   0.046                               0.660
p34_OTHKERO   .10_PETROLCOAL                              21.046                                                      19.787                                                                                           0.001
p34_OTHKERO   .11_CHEMICAL         8.006       9.682     117.204                                           1.887                   0.480       1.702       0.495                  38.057                               3.015       1.249
p34_OTHKERO   .12_NONMET           1.349       8.549      64.403                                                                   1.598       0.005       0.401                   0.363                               1.319
p34_OTHKERO   .13_IRONSTL          0.298       0.206      89.428                                           0.086       0.005       0.133                   0.121                                                       1.321
p34_OTHKERO   .14_NONFERR          0.081       5.562      47.275                                                                   0.372       0.006                                                                               0.224
p34_OTHKERO   .15_MACHINE          5.204      35.123     185.241                                                                   1.279       0.036                                                                   1.425
p34_OTHKERO   .16_TRANSEQ          0.869      12.566      47.631                                                                  15.482       0.041       0.126                   0.414
p34_OTHKERO   .17_OTHERIND        44.746       4.231      45.230                               7.219       8.368      48.339     314.776                   1.034     206.418      70.990                  26.873      34.710       1.147
p34_OTHKERO   .22_eOil             1.091                  81.561                                          29.041       9.468       1.851                                          25.156                               1.001
p34_OTHKERO   .27_CONSTRUC         9.536     165.109     118.930                               0.586       1.029      58.957       0.889       0.005                   4.185      12.431                               0.019
p34_OTHKERO   .28_LTRP             0.694                                                      30.626                   7.752       0.030                   1.480      51.896      64.425                   0.037
p34_OTHKERO   .29_WTRP             5.010                                                                                           1.027                                           3.138
p34_OTHKERO   .30_ATRP             0.180                                                                                                                   0.103
p34_OTHKERO   .31_SER            389.014    4098.574    2547.781                               1.299     337.637      32.380    1039.228       2.368      24.944     277.247     316.498                 482.345      69.352       0.057
p35_NONBIODIES.01_AGRICULT      1059.909   15045.383    4166.879    2857.948      90.505      27.219   11887.140   13708.006   15723.115    4268.785    2811.060    4472.422    1921.138    2245.458   12055.071    6642.092    2265.396
p35_NONBIODIES.02_COAL                      1556.507                1805.260                             878.000                  13.391      99.943       3.024                                                                2912.173
p35_NONBIODIES.03_OIL              4.925     413.709                1141.087                            4482.475    1292.453     916.912       8.757     132.066    1529.430       0.186                                         102.149
p35_NONBIODIES.05_MINING          43.395    2775.397     186.109    2047.157     278.221                2438.358    3443.459     673.087     230.647     696.104     180.391    2640.503     264.915    1609.633    1060.188    2651.126
p35_NONBIODIES.06_FOODPRO         28.418     362.913     604.516     522.885                             188.234     411.097     642.213     135.275      60.937     124.623      77.415      52.780                1265.736      34.303
p35_NONBIODIES.07_TEXTILES         4.129     134.843      68.538      15.832                                           7.830     116.294      12.597      10.605       2.261      46.311      35.525      22.649     456.862       1.094
p35_NONBIODIES.08_WOODPRO          1.544     103.427      71.450     180.369                             285.592       3.240     125.579      76.621      13.370       0.265       7.946      21.315                 305.391       4.585
p35_NONBIODIES.09_PAPERPRO         5.040     195.940     115.825      81.348                              75.943     225.825     178.447      20.170       5.165       0.306       2.878      13.195                 125.009       3.687
p35_NONBIODIES.10_PETROLCOAL       0.518     229.906      17.327                                          71.407     195.214      56.831       2.987       6.394      91.359       7.694                             102.147
p35_NONBIODIES.11_CHEMICAL        29.744     406.365     472.831     165.534                            1004.710     150.447     402.960      62.574      30.842      37.566       1.782      45.675     549.596     444.032     101.394
p35_NONBIODIES.12_NONMET         127.640    3203.487     459.017     455.629                             324.577     124.419     681.775     163.369     102.739      32.007      13.293     113.680     294.955     498.143      25.062
p35_NONBIODIES.13_IRONSTL          2.592     535.802     218.481                                          77.148      62.399     113.453      17.686     154.809      55.847     288.041      57.855     205.806     273.745      13.197
p35_NONBIODIES.14_NONFERR          3.136     340.473     109.215                                          74.164      12.800      82.569      24.459       8.012       3.565       2.462                  19.029      55.453      46.801
p35_NONBIODIES.15_MACHINE         36.163     738.270     229.715     186.973                             107.853       0.483     542.753      51.786      29.318       0.041       3.652      28.420     127.414     366.236      11.786
p35_NONBIODIES.16_TRANSEQ        101.311     389.637      80.194     177.470                              38.664      16.216      89.062      24.071       8.284      18.660       2.322      20.300                   2.475
p35_NONBIODIES.17_OTHERIND       135.073    1212.954     162.248     157.211     317.329      22.951     399.774    4193.760    1162.155      43.395       8.711   11054.682    2691.823     188.215    4002.644    4247.325     135.383
p35_NONBIODIES.22_eOil           184.817     357.634     664.035    1442.783     126.261                2156.696   10076.280    2493.779      98.981      30.548   23834.787    3578.883     188.186    2213.947    5270.326    1022.533
p35_NONBIODIES.27_CONSTRUC       657.790    5408.708    1164.861    2603.883                  10.087   11464.237     791.830    4698.464     704.463     671.919     498.654     223.308     404.985     646.480    1808.464     866.465
p35_NONBIODIES.28_LTRP         19250.543   99985.918   21972.408   20036.346     305.037     169.357  153540.276   84815.478  194028.261   40709.194   11282.560   86017.584   33384.428    7495.651   71419.681   50588.476   16587.321
p35_NONBIODIES.29_WTRP           245.885   14873.123    1003.052     408.581                            4260.368    1827.864    4738.309     154.435     167.263      57.778     896.988    1064.077    1370.147    3876.213     349.127
p35_NONBIODIES.30_ATRP             1.338                                                                               7.372                               0.306                  18.926
p35_NONBIODIES.31_SER            870.107    9153.784    5716.354    1312.706                  35.675    7187.809    2122.272   10409.980     863.794    1444.105    3187.148    2699.590     141.335    3227.350    3076.044     826.444
p36_RESFUEL   .01_AGRICULT        29.883      11.900                 457.017                   0.024     195.016     225.096     111.708      19.567      15.297      43.115      46.705                 174.870      37.968
p36_RESFUEL   .02_COAL                         2.700                                                      11.522                               0.573                                                                               1.936
p36_RESFUEL   .03_OIL             11.874       8.700                                                      47.048      29.114       6.688
p36_RESFUEL   .05_MINING           2.648      13.500       0.043      81.074                             418.917     800.371     107.475       4.766       6.108     180.902     325.153       0.198     127.811     123.890      15.231
p36_RESFUEL   .06_FOODPRO         23.511      29.900      17.263       0.191                              22.536     219.843     395.224      74.007      21.912     187.843      65.924       7.036       4.601     479.381       8.090
p36_RESFUEL   .07_TEXTILES        24.585      42.800      24.681       0.019                                          32.008      51.290      10.089       0.048      34.198       5.426       0.694     348.667     237.892       2.016
p36_RESFUEL   .08_WOODPRO          1.700       3.500       4.117       2.064                             143.905     100.039      24.405       5.733       2.866                   2.222                               8.096       2.274
p36_RESFUEL   .09_PAPERPRO        11.169      84.100     386.099     113.920                             117.790     490.865     295.553      33.288       1.826      19.262       3.496                              80.001
p36_RESFUEL   .10_PETROLCOAL     322.783     273.800     939.859                              13.447       8.730    1611.563    1551.554     517.984     186.300    3116.393      77.394                 184.435    2051.516      45.296
p36_RESFUEL   .11_CHEMICAL       244.439     158.200     569.490      40.728                              58.718     113.688     721.351     167.796      26.136      25.311      15.550      12.883     709.092     898.332       3.344
p36_RESFUEL   .12_NONMET         257.886     962.900     467.625      84.504                              35.180     237.653     350.469      31.232      21.295     137.450      24.320      39.640     818.399     699.321       8.464
p36_RESFUEL   .13_IRONSTL          5.810       6.400      74.732     304.519                              32.865      51.763     120.562      23.426     354.094                   4.047      17.838     302.143     628.172       3.028
p36_RESFUEL   .14_NONFERR         20.077     138.200      89.419                                                     700.623     117.140      29.684       2.771      22.791      27.604                  69.527      35.402      25.129
p36_RESFUEL   .15_MACHINE          5.393      54.200       0.502       0.611                                           0.023     124.222       4.308       9.249                   4.118       9.910     197.851      68.111       0.001
p36_RESFUEL   .16_TRANSEQ         55.340      17.100       9.542      28.528                              12.207       0.246       4.116       3.197       0.773                   0.164       2.874                   8.216
p36_RESFUEL   .17_OTHERIND       147.655      52.500      33.707                              23.363      30.745    2201.010     100.773       3.497      95.009   14672.145    1401.927      35.484    1424.887    1052.930      18.522
p36_RESFUEL   .22_eOil           754.729     741.500    3108.536    3623.241       2.881     398.261    2784.115   16267.128    5104.247     589.278     594.387   35686.250    4374.539     380.920    7136.519    3842.854      54.944
p36_RESFUEL   .27_CONSTRUC        14.997     318.400                  13.280                   0.662      17.386      15.411      86.093      14.522      62.504       9.491      28.427                              16.965       9.118
p36_RESFUEL   .28_LTRP             3.810                             113.996                  60.150                   2.160       0.047                   0.622      20.556      91.779                  45.636       0.480       1.518
p36_RESFUEL   .29_WTRP           133.368    9442.012    2108.857     187.733                             855.864    1284.133    1480.074                             233.626      10.461      45.388     769.965     302.222     185.002
p36_RESFUEL   .30_ATRP             0.014
p36_RESFUEL   .31_SER             57.524    1271.988      44.890     140.575                   0.661     335.187     387.372     372.292      58.326     903.081     193.215     140.742                1368.741     604.708      12.570
p37_NAPHTHA   .10_PETROLCOAL                              16.577                                           0.378     163.448                                          96.578                                          65.158
p37_NAPHTHA   .11_CHEMICAL                              6143.541                                                     207.447     824.133     218.592                                                    4480.009
p37_NAPHTHA   .17_OTHERIND                                                                                             0.039      29.426                                          42.992                              19.354
p37_NAPHTHA   .22_eOil           764.953                   1.969                                                                                                                                         128.919
p38_WHITESP   .05_MINING                                                                                                           0.024
p38_WHITESP   .06_FOODPRO                                                                                                          0.007
p38_WHITESP   .09_PAPERPRO                                 0.049
p38_WHITESP   .10_PETROLCOAL                               0.143
p38_WHITESP   .11_CHEMICAL                                 0.232                                                                   0.001       5.260
p38_WHITESP   .12_NONMET                                   0.223                                                                                           0.009
p38_WHITESP   .13_IRONSTL                                  1.242
p38_WHITESP   .14_NONFERR                                  0.043
p38_WHITESP   .15_MACHINE                                 16.982                                                                   1.418       0.104
p38_WHITESP   .16_TRANSEQ                                 23.978                                                                   0.789
p38_WHITESP   .17_OTHERIND                                                                                                         0.035                   0.007                   8.216
p38_WHITESP   .27_CONSTRUC                                                                                                         0.816       0.044       0.048
p38_WHITESP   .28_LTRP                                                                                                            13.042
p38_WHITESP   .31_SER                                                                                                              0.248
p39_LUBRIC    .01_AGRICULT                                17.281                                                                                                                   0.004
p39_LUBRIC    .06_FOODPRO                                                                                                                                                          0.059
p39_LUBRIC    .10_PETROLCOAL                              76.970                                           0.710       1.003       0.262
p39_LUBRIC    .17_OTHERIND                                                                                                                     9.178                               0.004
p39_LUBRIC    .29_WTRP                                                                                                 1.391
p39_LUBRIC    .31_SER                                                                                                                                                              0.001
p40_BITUMEN   .10_PETROLCOAL                             426.775                                           2.522      79.297       0.241
p40_BITUMEN   .12_NONMET                                                                                                           0.093
p40_BITUMEN   .22_eOil                                   900.393
p41_PARWAX    .01_AGRICULT                                                                                                                                                         0.084
p41_PARWAX    .05_MINING                                                                                                                                                           0.788
p41_PARWAX    .06_FOODPRO                                                                                                                                                          0.029
p41_PARWAX    .17_OTHERIND                                                                                                                                                         1.218
p41_PARWAX    .28_LTRP                                                                                                                                                             0.011
p41_PARWAX    .31_SER                                                                                                                                                              0.288
p42_PETCOKE   .03_OIL             13.381                                                                3364.089
p42_PETCOKE   .05_MINING                                                                                             323.383      13.758                  15.286
p42_PETCOKE   .06_FOODPRO                                                                                             83.161       1.544       1.089                   0.127
p42_PETCOKE   .09_PAPERPRO                                60.322                                          16.815                   3.057       0.173
p42_PETCOKE   .10_PETROLCOAL     313.689                 232.015                                       11697.762     145.666    3483.628     440.113                               1.040                             473.293     191.872
p42_PETCOKE   .11_CHEMICAL                               591.339                                         524.230     140.351      25.879     228.390      24.458
p42_PETCOKE   .12_NONMET         182.237                 535.761                                        1259.226    6888.887    6481.558    1030.658      27.341    1459.770     241.569                6868.146
p42_PETCOKE   .13_IRONSTL                                534.446                                           4.334     212.056      24.217      36.929      20.077
p42_PETCOKE   .14_NONFERR                                  3.433                                         184.714     447.200      11.670       1.141      69.942       4.369
p42_PETCOKE   .15_MACHINE                                                                                135.282      43.578
p42_PETCOKE   .17_OTHERIND                  6001.565                2586.874                             840.103    1408.757     168.912      11.634                 460.891       2.064                9723.427     147.221
p42_PETCOKE   .22_eOil           635.343    3098.194     865.481                                        2587.930    1549.581      44.330      90.318
p42_PETCOKE   .28_LTRP                                                                                                             0.241
p42_PETCOKE   .31_SER                                                                                                                          0.081
p43_ONONSPEC  .01_AGRICULT                                                                                                                     3.631
p43_ONONSPEC  .02_COAL                         4.784                                                                                           0.320                                                                               0.353
p43_ONONSPEC  .03_OIL                        161.094                                                                                           0.081
p43_ONONSPEC  .05_MINING                       3.128                                                                               0.955       0.168                               0.987                                          63.248
p43_ONONSPEC  .06_FOODPRO                      5.612                                                                               0.264      10.792                              12.764                                          46.557
p43_ONONSPEC  .07_TEXTILES                    11.132                                                                                           1.137
p43_ONONSPEC  .09_PAPERPRO                     4.048      21.114                                                                  21.974       1.590                                                                              45.788
p43_ONONSPEC  .10_PETROLCOAL               20156.234     181.884                                           9.371    1023.412     763.169     127.269                 126.929                                          26.524
p43_ONONSPEC  .11_CHEMICAL                 16221.595       0.226                                                    2020.215      55.682     104.991      15.911
p43_ONONSPEC  .12_NONMET                     118.405     246.134                                                                 204.475       2.352       1.911                   4.258                                          36.332
p43_ONONSPEC  .13_IRONSTL                      7.820                                                                                           0.007       0.955                   1.972                              11.938       3.850
p43_ONONSPEC  .14_NONFERR                     46.093      40.466                                                                   7.643                   0.955                                                                 192.728
p43_ONONSPEC  .15_MACHINE                     77.465       0.011                                                                   3.800       0.372                                                                               0.003
p43_ONONSPEC  .16_TRANSEQ                     21.620                                                                               0.955       1.551       4.777
p43_ONONSPEC  .17_OTHERIND                 20610.362                                                                 190.095       3.821       0.020       0.955     866.463       9.926                  49.367    3458.667       2.986
p43_ONONSPEC  .22_eOil           137.389     286.583      59.465     847.313                             236.735     218.288    3110.466       2.159     111.493                 136.554                              13.034      77.386
p43_ONONSPEC  .27_CONSTRUC                   811.541                                                                               1.886                  62.206                  14.675                                           0.017
p43_ONONSPEC  .28_LTRP                                                                                                 0.522       0.051                                          13.375                                           0.961
p43_ONONSPEC  .29_WTRP                                                                                                             0.003
p43_ONONSPEC  .30_ATRP                                                                                                                                   182.478       0.287
p43_ONONSPEC  .31_SER                                                                                                  1.932       1.440       6.579     324.016                  10.745                                           0.021


----   3037 PARAMETER Oilp_CO  Household consumption of petrolcoal products in region z

                    01_KOR      02_CHN      03_JPN      04_RUS      06_PRK      07_NAM      08_LAM      09_WEU      10_EEU      11_FSU      12_MEA      13_AFR      14_CPA      15_SAS      16_PAS      17_PAO

p9_OVENCOKE                     81.986                                                                   7.056      47.802
p14_COKEOVGS                   260.045
p29_LPG            741.706   34256.313    4648.856   12095.271                5038.074   19590.351    4837.661    1326.414    1701.695   17864.838    4051.991    1880.881   27164.999   13897.415     454.071
p30_NONBIOGASO                                                                               8.380     306.160       6.001     514.262                  17.414                               0.920       3.937
p34_OTHKERO       1611.124     481.070    6725.908                             329.327     362.294    2889.632                 138.540    4264.628    1437.341      17.957    2449.851     557.219
p35_NONBIODIES     557.828    3043.603                2409.187       4.468   11079.116      43.636   23573.520     290.468    1937.833     472.618     231.091                  22.032      12.396      21.655
p36_RESFUEL        188.475                              14.426                               9.734       5.783                   3.586                   0.480                   0.014
p41_PARWAX                                                                                                                                   2.055       1.960
p42_PETCOKE                                                                                             29.090      29.226
p43_ONONSPEC                                                                                                                                             1.787


----   3037 PARAMETER OilpR_DIO  Intermediate consumption ratio of petrolcoal products by industry j in region z

                                  01_KOR      02_CHN      03_JPN      04_RUS      05_MNG      06_PRK      07_NAM      08_LAM      09_WEU      10_EEU      11_FSU      12_MEA      13_AFR      14_CPA      15_SAS      16_PAS      17_PAO

p9_OVENCOKE   .01_AGRICULT                     0.021 4.973456E-6                                                             9.524894E-6       0.001
p9_OVENCOKE   .02_COAL                         0.129                                                                                     7.232521E-5
p9_OVENCOKE   .05_MINING                       0.255       0.014       0.014                               0.037       0.008       0.005       0.002       0.083                                                                   0.011
p9_OVENCOKE   .06_FOODPRO                      0.646             1.225581E-5                                           0.015       0.057       0.088       0.016
p9_OVENCOKE   .07_TEXTILES                     0.035 1.949335E-4       0.001                                                 1.480404E-4 4.662327E-4
p9_OVENCOKE   .08_WOODPRO                      0.032                                                                                     2.979773E-4
p9_OVENCOKE   .09_PAPERPRO                     0.005       0.002 1.399314E-4                                           0.006
p9_OVENCOKE   .11_CHEMICAL                     0.332       0.003       0.044                                     1.542977E-4       0.009       0.028       0.644                                                                   0.041
p9_OVENCOKE   .12_NONMET                       0.566       0.066       0.094                               0.010       0.007       0.022       0.100       0.137       0.025                                                       0.015
p9_OVENCOKE   .13_IRONSTL          0.276       0.673       0.257       0.841                   1.000       0.792       0.564       0.559       0.435       0.618       0.580       0.160       0.957       0.685       0.201       0.879
p9_OVENCOKE   .14_NONFERR                      0.659       0.278                                           0.031       0.172       0.067       0.268       0.471                                                                   0.201
p9_OVENCOKE   .15_MACHINE                      0.771       0.001       0.007                                           0.019       0.024       0.038       0.209
p9_OVENCOKE   .16_TRANSEQ                      0.154       0.151       0.058                                           0.033       0.054       0.001       0.191
p9_OVENCOKE   .17_OTHERIND                     0.022             2.043935E-4       0.091                         7.530216E-5 2.862435E-5       0.001             2.639316E-4       0.005
p9_OVENCOKE   .22_eOil                                     0.002 9.763763E-5                                                             3.552301E-4
p9_OVENCOKE   .27_CONSTRUC                     0.009             2.609791E-6                                                 2.050267E-4 2.504655E-6
p9_OVENCOKE   .28_LTRP                   4.981199E-7
p9_OVENCOKE   .31_SER                          0.009       0.012                                                                   0.003       0.030
p10_GASCOKE   .13_IRONSTL                                                                                                                                              0.011
p14_COKEOVGS  .02_COAL                         0.017
p14_COKEOVGS  .05_MINING                       0.042                                                                               0.004
p14_COKEOVGS  .06_FOODPRO                      0.002
p14_COKEOVGS  .09_PAPERPRO                     0.020
p14_COKEOVGS  .10_PETROLCOAL                                                                                                 4.777232E-4
p14_COKEOVGS  .11_CHEMICAL                     0.066       0.065                                                                   0.006       0.007                                                                   0.001
p14_COKEOVGS  .12_NONMET                       0.094       0.061       0.030                                                       0.001       0.029
p14_COKEOVGS  .13_IRONSTL          0.693       0.311       0.533       0.145                               0.167       0.344       0.332       0.469       0.198       0.229       0.510                   0.238       0.356       0.057
p14_COKEOVGS  .14_NONFERR                      0.195                                                                                           0.018
p14_COKEOVGS  .15_MACHINE                      0.040                   0.033                                                       0.009       0.001
p14_COKEOVGS  .16_TRANSEQ                      0.034                                                                               0.130
p14_COKEOVGS  .17_OTHERIND                     0.002                                                       0.248             1.333597E-4
p14_COKEOVGS  .22_eOil             0.227       0.604       0.139       0.203                               0.014       0.012       0.084       0.452       0.316       0.001                               0.086       0.033       0.047
p14_COKEOVGS  .31_SER                          0.005
p27_REFINGAS  .03_OIL                                                                                      0.361                               0.096
p27_REFINGAS  .10_PETROLCOAL       0.871       0.404       0.706                                           0.603       0.704       0.775       0.737       0.890       0.725       0.919                   0.988       0.658       0.838
p27_REFINGAS  .11_CHEMICAL         0.481       0.006                                                                   0.086       0.507       0.487                   0.503                                           0.625
p27_REFINGAS  .13_IRONSTL                            5.152527E-6
p27_REFINGAS  .17_OTHERIND                     0.006                                                                               0.019
p27_REFINGAS  .22_eOil                         0.140       0.204                                           0.164       0.020       0.176       0.148       0.061                   0.002                               0.033
p27_REFINGAS  .31_SER                                                                                                        2.889566E-5
p28_ETHANE    .03_OIL                                                                                                                                                                                                              0.119
p28_ETHANE    .10_PETROLCOAL                                                                         4.654486E-4
p28_ETHANE    .11_CHEMICAL                                                                                                         0.042
p29_LPG       .01_AGRICULT         0.005       0.005       0.001       0.017                               0.063       0.022       0.048       0.029       0.012       0.030       0.002                   0.002 3.030499E-4       0.020
p29_LPG       .02_COAL                         0.206                                                                                     3.378479E-4                                                                         1.129743E-4
p29_LPG       .03_OIL              0.754       0.003                   0.004                               0.005       0.007 8.563579E-5       0.260       0.054       0.208                                                       0.033
p29_LPG       .05_MINING           0.035 3.143402E-4       0.001       0.001                               0.022       0.034       0.061       0.030       0.007       0.013       0.006             6.503384E-5       0.002       0.013
p29_LPG       .06_FOODPRO          0.294       0.032       0.219       0.071                               0.205       0.315       0.286       0.260       0.222       0.067       0.035       0.191                   0.058       0.164
p29_LPG       .07_TEXTILES         0.104       0.134       0.211       0.040                                           0.412       0.194       0.281       0.055       0.193       0.158       0.363       0.008       0.043       0.582
p29_LPG       .08_WOODPRO          0.059       0.057       0.007       0.007                               0.197       0.037       0.098       0.098                   0.329                   0.015                   0.015       0.115
p29_LPG       .09_PAPERPRO         0.233       0.099       0.089       0.013                               0.130       0.107       0.205       0.149       0.043       0.009                   0.359                   0.064       0.053
p29_LPG       .10_PETROLCOAL       0.019       0.182       0.016                                           0.008       0.037       0.011       0.002                   0.037       0.009                   0.002       0.022
p29_LPG       .11_CHEMICAL         0.153       0.248       0.060       0.474                               0.065       0.067       0.093       0.080       0.068       0.361       0.081       0.308       0.004       0.089
p29_LPG       .12_NONMET           0.026       0.056       0.044       0.028                               0.010       0.026       0.028       0.025       0.152       0.040                   0.322                   0.082       0.584
p29_LPG       .13_IRONSTL          0.027       0.003       0.052       0.001                               0.001       0.013       0.049       0.004       0.030                               0.023       0.009       0.062       0.002
p29_LPG       .14_NONFERR          0.332       0.011       0.120                                           0.004       0.062       0.263       0.114       0.007       0.563       0.241                               0.221       0.046
p29_LPG       .15_MACHINE          0.358       0.037       0.332       0.021                               0.380       0.182       0.233       0.411       0.059       0.963       0.392       0.745       0.077       0.233       0.325
p29_LPG       .16_TRANSEQ          0.111       0.079       0.393       0.066                               0.308       0.020       0.264       0.289       0.151       0.063       0.697       0.731                   0.437
p29_LPG       .17_OTHERIND         0.684       0.003       0.168       0.001                               0.016       0.184       0.244       0.275       0.020       0.014       0.026       0.085       0.009       0.056       0.353
p29_LPG       .22_eOil                         0.003       0.040       0.003                                           0.002       0.005       0.013 4.642602E-4                   0.008             1.633050E-4
p29_LPG       .27_CONSTRUC         0.027       0.028       0.011       0.010                               0.050       0.026       0.016       0.079       0.021       0.029 1.581263E-5       0.017                   0.009       0.006
p29_LPG       .28_LTRP             0.105       0.009       0.012       0.023                               0.001       0.015       0.025       0.059       0.096       0.006       0.001       0.004       0.002       0.010       0.008
p29_LPG       .29_WTRP             0.002                               0.005                                     7.949395E-6
p29_LPG       .30_ATRP       2.794878E-4                                                                                                                                           0.001
p29_LPG       .31_SER              0.380       0.121       0.085       0.016                               0.206       0.509       0.177       0.214       0.387       0.186       0.124       0.799       0.458       0.319       0.061
p30_NONBIOGASO.01_AGRICULT                     0.142                                           0.406       0.251       0.011       0.009       0.007       0.004       0.005       0.115       0.057 2.590981E-4       0.024       0.073
p30_NONBIOGASO.02_COAL                                                                                     0.463                               0.001                                                                         1.060099E-5
p30_NONBIOGASO.03_OIL                                                                                      0.059                               0.008                                                                         5.313655E-5
p30_NONBIOGASO.05_MINING                                                                                   0.050       0.001 2.218465E-5       0.003       0.001 8.195351E-5       0.044                               0.028 8.765317E-5
p30_NONBIOGASO.06_FOODPRO                                                                                              0.003 6.472244E-5       0.010       0.012       0.004       0.322                               0.010       0.072
p30_NONBIOGASO.07_TEXTILES                                                                                             0.005                   0.033       0.001 1.903914E-4                                     4.271044E-6
p30_NONBIOGASO.08_WOODPRO                                                                                              0.001       0.001       0.016       0.006                   0.018                               0.048       0.007
p30_NONBIOGASO.09_PAPERPRO                                                                                 0.004 1.957166E-4 6.371200E-5       0.011                   0.001       0.001                         3.042588E-4
p30_NONBIOGASO.10_PETROLCOAL                         2.146468E-5                                           0.001       0.001                                                                                     2.235267E-4
p30_NONBIOGASO.11_CHEMICAL                                                                                       4.830482E-4       0.019       0.003       0.003                   0.001                         3.255728E-5
p30_NONBIOGASO.12_NONMET                                                                                         1.951398E-4 6.205481E-6       0.001       0.001 1.837099E-6       0.005                         1.601239E-5 1.205097E-5
p30_NONBIOGASO.13_IRONSTL                                                                                  0.001 2.184573E-5 1.516911E-5 3.867699E-4 8.577240E-5       0.003                                     1.960088E-5 6.417279E-6
p30_NONBIOGASO.14_NONFERR                                                                                                                1.825216E-4 1.544955E-4 9.101976E-5       0.019                                     9.370041E-5
p30_NONBIOGASO.15_MACHINE                                                                                              0.005       0.016       0.024       0.001                                                       0.001
p30_NONBIOGASO.16_TRANSEQ                                                                                              0.015       0.026       0.073                               0.166                               0.146
p30_NONBIOGASO.17_OTHERIND                                                                                 0.242       0.017       0.001       0.037       0.035       0.001       0.024             4.780246E-4       0.012       0.007
p30_NONBIOGASO.22_eOil                                                                                     0.003 4.975628E-4             9.374266E-6             1.649236E-4 1.766572E-5
p30_NONBIOGASO.27_CONSTRUC                                                                                 0.023       0.044       0.018       0.020       0.007       0.002       0.020                               0.061       0.002
p30_NONBIOGASO.28_LTRP             0.313       0.586       0.626       0.626       0.655       0.422       0.725       0.529       0.268       0.223       0.479       0.539       0.534       0.504       0.373       0.563       0.488
p30_NONBIOGASO.29_WTRP                                                 0.023                               0.482       0.006       0.064       0.045                               0.112                               0.049       0.335
p30_NONBIOGASO.30_ATRP                                                                               5.863745E-5       0.003 9.883426E-5                                     2.472540E-4
p30_NONBIOGASO.31_SER                                                                                      0.160       0.130       0.020       0.043       0.035       0.018       0.039                   0.001       0.089       0.016
p31_AVGAS     .01_AGRICULT                                                                                       5.554918E-5
p31_AVGAS     .06_FOODPRO                                                                                        6.999097E-6
p31_AVGAS     .16_TRANSEQ                                                                                                                2.171114E-5
p31_AVGAS     .17_OTHERIND                                                                                       4.260517E-7
p31_AVGAS     .28_LTRP                                                                               7.618608E-7
p31_AVGAS     .30_ATRP       4.591133E-4                   0.001 1.794826E-4                               0.009       0.015       0.006       0.077       0.009       0.003       0.050                   0.018       0.002       0.018
p31_AVGAS     .31_SER              0.001                                                                                     8.114778E-5 1.138685E-4
p33_NONBIOJETK.01_AGRICULT                                                                                       2.779195E-5
p33_NONBIOJETK.05_MINING                                                                                               0.006
p33_NONBIOJETK.10_PETROLCOAL                                                                               0.001
p33_NONBIOJETK.11_CHEMICAL                                                                                                                                 0.001                                                 1.935856E-4
p33_NONBIOJETK.15_MACHINE                                                                                                          0.004       0.001
p33_NONBIOJETK.16_TRANSEQ    5.415162E-5                                                                                                       0.011
p33_NONBIOJETK.17_OTHERIND   3.022226E-4                                                                               0.002                         3.665591E-5             1.262501E-5
p33_NONBIOJETK.22_eOil                                                                                     0.002
p33_NONBIOJETK.27_CONSTRUC                                                                                                                           5.001600E-6
p33_NONBIOJETK.28_LTRP                                                                               1.428306E-4             1.265537E-6                                                                                     2.743090E-4
p33_NONBIOJETK.29_WTRP                                                                                           5.577347E-5
p33_NONBIOJETK.30_ATRP             0.998       1.000       0.999       1.000       1.000                   0.991       0.980       0.994       0.923       0.728       0.997       0.928       1.000       0.982       0.998       0.982
p33_NONBIOJETK.31_SER              0.155                   0.076                                                 1.615809E-4       0.045       0.021       0.005                                                       0.028
p34_OTHKERO   .01_AGRICULT         0.099       0.012       0.102                         4.095022E-4       0.001 2.285633E-4       0.020 2.513937E-4       0.001       0.002       0.055                         3.634176E-4
p34_OTHKERO   .02_COAL                         0.003                                                                                     2.080588E-5
p34_OTHKERO   .03_OIL              0.005                                                             2.565899E-4
p34_OTHKERO   .05_MINING           0.020       0.001       0.013                                           0.001       0.002       0.002 4.098514E-6                               0.001                         5.656732E-6
p34_OTHKERO   .06_FOODPRO          0.063       0.001       0.141                                                 3.490216E-5       0.010 2.902585E-6       0.013                   0.018                         3.746578E-4       0.004
p34_OTHKERO   .07_TEXTILES         0.095       0.004       0.231                                                             6.921370E-5                                           0.005
p34_OTHKERO   .08_WOODPRO          0.109                   0.253                                           0.012                   0.001 1.075730E-5                         9.659223E-5                                           0.026
p34_OTHKERO   .09_PAPERPRO         0.026       0.001       0.033                                                             6.052640E-5 1.094706E-4       0.054                   0.007                               0.003
p34_OTHKERO   .10_PETROLCOAL                               0.003                                                       0.002                                                                                     1.293761E-7
p34_OTHKERO   .11_CHEMICAL         0.010 2.009161E-4       0.013                                           0.001             7.626083E-5       0.001       0.001                   0.631                               0.001       0.011
p34_OTHKERO   .12_NONMET           0.002       0.001       0.030                                                             1.964127E-4 3.510228E-6       0.002                   0.001                               0.001
p34_OTHKERO   .13_IRONSTL    1.247054E-4 4.708779E-6       0.015                                     2.984501E-5 1.255224E-6 3.036114E-5             3.534721E-5                                                       0.001
p34_OTHKERO   .14_NONFERR          0.002       0.001       0.098                                                                   0.001 6.735916E-5                                                                               0.001
p34_OTHKERO   .15_MACHINE          0.071       0.006       0.286                                                                   0.001 3.341371E-4                                                                   0.003
p34_OTHKERO   .16_TRANSEQ          0.005       0.021       0.135                                                                   0.074       0.001       0.006                   0.020
p34_OTHKERO   .17_OTHERIND         0.043 1.467617E-4       0.156                               0.135       0.003       0.005       0.130                   0.009       0.007       0.016                   0.002       0.004       0.005
p34_OTHKERO   .22_eOil       3.401566E-4                   0.009                                           0.003 3.252140E-4 1.264903E-4                                           0.003                         1.024248E-4
p34_OTHKERO   .27_CONSTRUC         0.014       0.024       0.092                               0.052 8.316045E-5       0.063 1.793051E-4 6.386870E-6                   0.008       0.044                         9.531814E-6
p34_OTHKERO   .28_LTRP       2.097942E-5                                                       0.068             4.170015E-5 1.086830E-7             5.563141E-5 2.745559E-4       0.001             3.255266E-7
p34_OTHKERO   .29_WTRP             0.013                                                                                     1.545095E-4                                           0.003
p34_OTHKERO   .30_ATRP       1.632383E-4                                                                                                             1.479363E-4
p34_OTHKERO   .31_SER              0.137       0.244       0.253                               0.035       0.027       0.005       0.066       0.002       0.005       0.060       0.084                   0.051       0.010 6.317411E-5
p35_NONBIODIES.01_AGRICULT         0.872       0.819       0.893       0.848       1.000       0.593       0.675       0.952       0.917       0.958       0.977       0.954       0.808       0.943       0.983       0.970       0.907
p35_NONBIODIES.02_COAL                         0.641                   1.000                               0.530                   1.000       0.990       1.000                                                                   0.999
p35_NONBIODIES.03_OIL              0.039       0.707                   0.996                               0.326       0.971       0.993       0.630       0.946       0.792       1.000                                           0.848
p35_NONBIODIES.05_MINING           0.891       0.696       0.971       0.948       1.000                   0.760       0.715       0.786       0.945       0.882       0.493       0.845       0.999       0.926       0.869       0.948
p35_NONBIODIES.06_FOODPRO          0.352       0.291       0.622       0.929                               0.710       0.384       0.399       0.393       0.542       0.371       0.309       0.714                   0.675       0.293
p35_NONBIODIES.07_TEXTILES         0.115       0.591       0.410       0.958                                           0.114       0.559       0.363       0.939       0.050       0.749       0.624       0.061       0.629       0.147
p35_NONBIODIES.08_WOODPRO          0.396       0.881       0.700       0.981                               0.526       0.030       0.754       0.824       0.818       0.671       0.768       0.985                   0.913       0.570
p35_NONBIODIES.09_PAPERPRO         0.231       0.604       0.174       0.411                               0.312       0.279       0.284       0.307       0.667       0.015       0.448       0.641                   0.569       0.071
p35_NONBIODIES.10_PETROLCOAL 8.915090E-5       0.005       0.003                                           0.002       0.015       0.002       0.001       0.004       0.006       0.006                               0.012
p35_NONBIODIES.11_CHEMICAL         0.039       0.008       0.052       0.387                               0.591       0.048       0.064       0.031       0.090       0.081       0.030       0.539       0.095       0.094       0.918
p35_NONBIODIES.12_NONMET           0.218       0.211       0.215       0.716                               0.196       0.017       0.084       0.112       0.475       0.018       0.047       0.503       0.037       0.382       0.144
p35_NONBIODIES.13_IRONSTL          0.001       0.012       0.038                                           0.027       0.015       0.026       0.021       0.045       0.177       0.323       0.015       0.027       0.114       0.040
p35_NONBIODIES.14_NONFERR          0.090       0.086       0.227                                           0.277       0.008       0.252       0.266       0.051       0.051       0.061                   0.215       0.475       0.133
p35_NONBIODIES.15_MACHINE          0.496       0.123       0.355       0.936                               0.275       0.009       0.575       0.481       0.555       0.037       0.286       0.189       0.362       0.644       0.675
p35_NONBIODIES.16_TRANSEQ          0.571       0.647       0.227       0.755                               0.526       0.918       0.425       0.523       0.390       0.937       0.110       0.235                   0.096
p35_NONBIODIES.17_OTHERIND         0.130       0.042       0.560       0.057       0.909       0.429       0.154       0.416       0.481       0.441       0.078       0.399       0.601       0.770       0.260       0.442       0.549
p35_NONBIODIES.22_eOil             0.058       0.020       0.072       0.194       0.978                   0.226       0.346       0.170       0.049       0.026       0.400       0.437       0.331       0.213       0.539       0.844
p35_NONBIODIES.27_CONSTRUC         0.938       0.777       0.898       0.985                   0.890       0.926       0.850       0.948       0.882       0.820       0.943       0.785       0.983       1.000       0.922       0.982
p35_NONBIODIES.28_LTRP             0.582       0.405       0.362       0.349       0.345       0.376       0.275       0.456       0.708       0.719       0.424       0.455       0.463       0.492       0.625       0.427       0.503
p35_NONBIODIES.29_WTRP             0.638       0.612       0.322       0.666                               0.432       0.584       0.713       0.955       1.000       0.198       0.874       0.959       0.640       0.882       0.435
p35_NONBIODIES.30_ATRP             0.001                                                                               0.001                         4.397794E-4                   0.021
p35_NONBIODIES.31_SER              0.307       0.545       0.568       0.889                   0.948       0.580       0.301       0.664       0.642       0.307       0.693       0.713       0.201       0.344       0.462       0.910
p36_RESFUEL   .01_AGRICULT         0.025       0.001                   0.136                   0.001       0.011       0.016       0.007       0.004       0.005       0.009       0.020                   0.014       0.006
p36_RESFUEL   .02_COAL                         0.001                                                       0.007                               0.006                                                                               0.001
p36_RESFUEL   .03_OIL              0.095       0.015                                                       0.003       0.022       0.007
p36_RESFUEL   .05_MINING           0.054       0.003 2.227420E-4       0.038                               0.131       0.166       0.125       0.020       0.008       0.494       0.104       0.001       0.074       0.102       0.005
p36_RESFUEL   .06_FOODPRO          0.291       0.024       0.018 3.394327E-4                               0.085       0.205       0.246       0.215       0.195       0.559       0.263       0.095       1.000       0.256       0.069
p36_RESFUEL   .07_TEXTILES         0.685       0.187       0.148       0.001                                           0.468       0.247       0.290       0.004       0.757       0.088       0.012       0.932       0.328       0.271
p36_RESFUEL   .08_WOODPRO          0.436       0.030       0.040       0.011                               0.265       0.931       0.147       0.062       0.175                   0.215                               0.024       0.283
p36_RESFUEL   .09_PAPERPRO         0.511       0.259       0.580       0.575                               0.484       0.607       0.471       0.506       0.236       0.975       0.544                               0.364
p36_RESFUEL   .10_PETROLCOAL       0.056       0.005       0.136                               1.000 2.858602E-4       0.128       0.057       0.160       0.107       0.216       0.065                   0.010       0.241       0.031
p36_RESFUEL   .11_CHEMICAL         0.317       0.003       0.063       0.095                               0.035       0.037       0.115       0.084       0.076       0.055       0.258       0.152       0.123       0.190       0.030
p36_RESFUEL   .12_NONMET           0.441       0.064       0.219       0.133                               0.021       0.032       0.043       0.021       0.098       0.079       0.085       0.175       0.103       0.536       0.049
p36_RESFUEL   .13_IRONSTL          0.002 1.462921E-4       0.013       0.014                               0.011       0.012       0.028       0.028       0.103                   0.005       0.005       0.040       0.262       0.009
p36_RESFUEL   .14_NONFERR          0.576       0.035       0.186                                                       0.462       0.358       0.323       0.018       0.324       0.679                   0.785       0.303       0.071
p36_RESFUEL   .15_MACHINE          0.074       0.009       0.001       0.003                                     4.089007E-4       0.132       0.040       0.175                   0.322       0.066       0.562       0.120 5.728985E-5
p36_RESFUEL   .16_TRANSEQ          0.312       0.028       0.027       0.121                               0.166       0.014       0.020       0.069       0.036                   0.008       0.033                   0.320
p36_RESFUEL   .17_OTHERIND         0.142       0.002       0.116                               0.436       0.012       0.218       0.042       0.036       0.849       0.530       0.313       0.145       0.093       0.110       0.075
p36_RESFUEL   .22_eOil             0.235       0.042       0.337       0.486       0.022       1.000       0.292       0.559       0.349       0.292       0.502       0.599       0.534       0.669       0.688       0.393       0.045
p36_RESFUEL   .27_CONSTRUC         0.021       0.046                   0.005                   0.058       0.001       0.017       0.017       0.018       0.076       0.018       0.100                               0.009       0.010
p36_RESFUEL   .28_LTRP       1.152099E-4                               0.002                   0.134             1.162154E-5 1.706834E-7             2.338399E-5 1.087535E-4       0.001             3.993467E-4 4.051404E-6 4.601826E-5
p36_RESFUEL   .29_WTRP             0.346       0.388       0.678       0.306                               0.087       0.410       0.223                               0.802       0.010       0.041       0.360       0.069       0.230
p36_RESFUEL   .30_ATRP       1.285626E-5
p36_RESFUEL   .31_SER              0.020       0.076       0.004       0.095                   0.018       0.027       0.055       0.024       0.043       0.192       0.042       0.037                   0.146       0.091       0.014
p37_NAPHTHA   .10_PETROLCOAL                               0.002                                     1.238756E-5       0.013                                           0.007                                           0.008
p37_NAPHTHA   .11_CHEMICAL                                 0.678                                                       0.067       0.131       0.110                                                       0.777
p37_NAPHTHA   .17_OTHERIND                                                                                       3.834465E-6       0.012                                           0.010                               0.002
p37_NAPHTHA   .22_eOil             0.238             2.132527E-4                                                                                                                                           0.012
p38_WHITESP   .05_MINING                                                                                                     2.802272E-5
p38_WHITESP   .06_FOODPRO                                                                                                    4.538653E-6
p38_WHITESP   .09_PAPERPRO                           7.400178E-5
p38_WHITESP   .10_PETROLCOAL                         2.069653E-5
p38_WHITESP   .11_CHEMICAL                           2.563310E-5                                                             1.589761E-7       0.003
p38_WHITESP   .12_NONMET                             1.042264E-4                                                                                     3.972000E-5
p38_WHITESP   .13_IRONSTL                            2.139763E-4
p38_WHITESP   .14_NONFERR                            8.946131E-5
p38_WHITESP   .15_MACHINE                                  0.026                                                                   0.002       0.001
p38_WHITESP   .16_TRANSEQ                                  0.068                                                                   0.004
p38_WHITESP   .17_OTHERIND                                                                                                   1.464309E-5             5.990112E-5                   0.002
p38_WHITESP   .27_CONSTRUC                                                                                                   1.646992E-4 5.522764E-5 5.855532E-5
p38_WHITESP   .28_LTRP                                                                                                       4.756559E-5
p38_WHITESP   .31_SER                                                                                                        1.581348E-5
p39_LUBRIC    .01_AGRICULT                                 0.004                                                                                                             1.681907E-6
p39_LUBRIC    .06_FOODPRO                                                                                                                                                    2.366056E-4
p39_LUBRIC    .10_PETROLCOAL                               0.011                                     2.325573E-5 7.954917E-5 9.553662E-6
p39_LUBRIC    .17_OTHERIND                                                                                                                     0.093                         8.938060E-7
p39_LUBRIC    .29_WTRP                                                                                           4.442084E-4
p39_LUBRIC    .31_SER                                                                                                                                                        2.640940E-7
p40_BITUMEN   .10_PETROLCOAL                               0.062                                     8.259026E-5       0.006 8.805572E-6
p40_BITUMEN   .12_NONMET                                                                                                     1.144020E-5
p40_BITUMEN   .22_eOil                                     0.098
p41_PARWAX    .01_AGRICULT                                                                                                                                                   3.536209E-5
p41_PARWAX    .05_MINING                                                                                                                                                     2.521480E-4
p41_PARWAX    .06_FOODPRO                                                                                                                                                    1.147058E-4
p41_PARWAX    .17_OTHERIND                                                                                                                                                   2.721863E-4
p41_PARWAX    .28_LTRP                                                                                                                                                       1.455642E-7
p41_PARWAX    .31_SER                                                                                                                                                        7.595343E-5
p42_PETCOKE   .03_OIL              0.107                                                                   0.245
p42_PETCOKE   .05_MINING                                                                                               0.067       0.016                   0.019
p42_PETCOKE   .06_FOODPRO                                                                                              0.078       0.001       0.003             3.789290E-4
p42_PETCOKE   .09_PAPERPRO                                 0.091                                           0.069                   0.005       0.003
p42_PETCOKE   .10_PETROLCOAL       0.054                   0.034                                           0.383       0.012       0.127       0.136                               0.001                               0.056       0.131
p42_PETCOKE   .11_CHEMICAL                                 0.065                                           0.308       0.045       0.004       0.115       0.071
p42_PETCOKE   .12_NONMET           0.312                   0.251                                           0.762       0.919       0.796       0.709       0.126       0.838       0.847                   0.861
p42_PETCOKE   .13_IRONSTL                                  0.092                                           0.002       0.051       0.006       0.044       0.006
p42_PETCOKE   .14_NONFERR                                  0.007                                           0.689       0.295       0.036       0.012       0.447       0.062
p42_PETCOKE   .15_MACHINE                                                                                  0.345       0.785
p42_PETCOKE   .17_OTHERIND                     0.208                   0.942                               0.325       0.140       0.070       0.118                   0.017 4.611145E-4                   0.632       0.015
p42_PETCOKE   .22_eOil             0.198       0.175       0.094                                           0.272       0.053       0.003       0.045
p42_PETCOKE   .28_LTRP                                                                                                       8.807700E-7
p42_PETCOKE   .31_SER                                                                                                                    6.027895E-5
p43_ONONSPEC  .01_AGRICULT                                                                                                                     0.001
p43_ONONSPEC  .02_COAL                         0.002                                                                                           0.003                                                                         1.212767E-4
p43_ONONSPEC  .03_OIL                          0.275                                                                                           0.006
p43_ONONSPEC  .05_MINING                       0.001                                                                               0.001       0.001                         3.157128E-4                                           0.023
p43_ONONSPEC  .06_FOODPRO                      0.004                                                                         1.638889E-4       0.031                               0.051                                           0.398
p43_ONONSPEC  .07_TEXTILES                     0.049                                                                                           0.033
p43_ONONSPEC  .09_PAPERPRO                     0.012       0.032                                                                   0.035       0.024                                                                               0.876
p43_ONONSPEC  .10_PETROLCOAL                   0.404       0.026                                     3.068663E-4       0.081       0.028       0.039                   0.009                                           0.003
p43_ONONSPEC  .11_CHEMICAL                     0.337 2.500360E-5                                                       0.649       0.009       0.053       0.046
p43_ONONSPEC  .12_NONMET                       0.008       0.115                                                                   0.025       0.002       0.009                   0.015                                           0.208
p43_ONONSPEC  .13_IRONSTL                1.787530E-4                                                                                     7.900482E-6 2.786364E-4                   0.002                               0.005       0.012
p43_ONONSPEC  .14_NONFERR                      0.012       0.084                                                                   0.023                   0.006                                                                   0.547
p43_ONONSPEC  .15_MACHINE                      0.013 1.774729E-5                                                                   0.004       0.003                                                                         1.661406E-4
p43_ONONSPEC  .16_TRANSEQ                      0.036                                                                               0.005       0.034       0.225
p43_ONONSPEC  .17_OTHERIND                     0.715                                                                   0.019       0.002 2.030937E-4       0.009       0.031       0.002                   0.003       0.360       0.012
p43_ONONSPEC  .22_eOil             0.043       0.016       0.006       0.114                               0.025       0.007       0.213       0.001       0.094                   0.017                               0.001       0.064
p43_ONONSPEC  .27_CONSTRUC                     0.117                                                                         3.804584E-4                   0.076                   0.052                                     1.949574E-5
p43_ONONSPEC  .28_LTRP                                                                                           2.805867E-6 1.849070E-7                                     1.854267E-4                                     2.913388E-5
p43_ONONSPEC  .29_WTRP                                                                                                       4.362975E-7
p43_ONONSPEC  .30_ATRP                                                                                                                                     0.263 9.805916E-5
p43_ONONSPEC  .31_SER                                                                                            2.743623E-4 9.188155E-5       0.005       0.069                   0.003                                     2.311248E-5


----   3037 PARAMETER OilpR_CO  Household consumption ratio of petrolcoal products in region z

                    01_KOR      02_CHN      03_JPN      04_RUS      06_PRK      07_NAM      08_LAM      09_WEU      10_EEU      11_FSU      12_MEA      13_AFR      14_CPA      15_SAS      16_PAS      17_PAO

p9_OVENCOKE                      0.002                                                             2.229366E-4       0.028
p14_COKEOVGS                     0.007
p29_LPG              0.239       0.899       0.409       0.833                   0.306       0.979       0.153       0.780       0.396       0.790       0.706       0.991       0.917       0.961       0.947
p30_NONBIOGASO                                                                         4.187036E-4       0.010       0.004       0.120                   0.003                         6.360265E-5       0.008
p34_OTHKERO          0.520       0.013       0.591                               0.020       0.018       0.091                   0.032       0.189       0.250       0.009       0.083       0.039
p35_NONBIODIES       0.180       0.080                   0.166       1.000       0.674       0.002       0.745       0.171       0.451       0.021       0.040                   0.001       0.001       0.045
p36_RESFUEL          0.061                               0.001                         4.863250E-4 1.827204E-4                   0.001             8.368071E-5             4.622617E-7
p41_PARWAX                                                                                                                             9.092140E-5 3.414103E-4
p42_PETCOKE                                                                                              0.001       0.017
p43_ONONSPEC                                                                                                                                       3.111425E-4


----   3082 PARAMETER Elec_DIO  Intermediate consumption of electricity by industry j in region z

                              01_KOR      02_CHN      03_JPN      04_RUS      05_MNG      06_PRK      07_NAM      08_LAM      09_WEU      10_EEU      11_FSU      12_MEA      13_AFR      14_CPA      15_SAS      16_PAS      17_PAO

p63_ELECTR.01_AGRICULT      1469.152   11489.252     317.093    1694.626       6.217      30.721    7373.503    4517.851    5630.657     573.417    2532.631    6121.534     710.201     570.490   19172.575     817.548     405.807
p63_ELECTR.02_COAL                      8828.547                 754.523                             819.968      39.573     229.394     759.675     222.230                 280.607                                         549.519
p63_ELECTR.04_GAS                       5333.534                8878.100                            5800.765    2194.550    1151.065     196.103    1163.449     307.644      14.523                              52.440     691.484
p63_ELECTR.05_MINING         153.487   11313.242      92.696    2510.851                            4111.227    4902.547    1448.887     515.156    1523.640     534.719    3528.680     634.566    2201.427      95.660    1805.624
p63_ELECTR.06_FOODPRO       1009.612   11400.172    2168.030    1428.134                            7537.490    4170.949   10169.470    1798.775     887.562     557.780     330.629    1610.232    6265.169    2289.979     759.203
p63_ELECTR.07_TEXTILES       915.633   18474.205     331.015     132.330                            1412.424     907.958    3047.327     329.211     315.666     161.612      69.981    1315.219     153.678    1453.234      24.526
p63_ELECTR.08_WOODPRO        157.645    3393.637     263.358     386.784                            2203.054      66.799    1838.507     651.149     134.396      52.651      61.980     448.237     391.757     285.051     183.555
p63_ELECTR.09_PAPERPRO       884.260    7529.321    2936.229    1561.892                            9637.563    3353.851    9552.924    1034.607     151.849      54.112     103.094     285.899    1127.383     760.634     432.305
p63_ELECTR.10_PETROLCOAL    1240.975   10308.942     905.234    2599.785                            5575.234     747.646    3051.987     569.700     281.865    1704.373    1023.248                 456.574     224.421     122.026
p63_ELECTR.11_CHEMICAL      4554.067   54086.329    4831.584    4098.151                           12498.029    3983.935   15083.510    2130.256    1492.335    1164.054     747.487     908.168    1560.078    4743.297     371.127
p63_ELECTR.12_NONMET        1070.690   32335.684    1458.756    1456.638                            3226.860    2679.716    6027.088    1465.128     687.463     816.813     696.807    1020.120     143.716    1436.801     300.426
p63_ELECTR.13_IRONSTL       4555.670   55543.250    5793.414    5337.665                            5586.895    5038.146   10870.186    1638.368    3738.133     507.938    1712.342    1508.082    8374.816    2639.783     410.555
p63_ELECTR.14_NONFERR        748.721   57383.233     975.182    8006.497                            8785.990    3149.050    7901.877    1186.372    1732.498    1437.067    2677.056                 919.409     194.356    3226.609
p63_ELECTR.15_MACHINE       6792.512   47630.696    5537.138    1629.269                            8951.462      71.113    9718.604    1805.024     465.229     310.725       5.825    1062.855     509.816    7635.266     125.223
p63_ELECTR.16_TRANSEQ       2236.205   10297.421    2300.527    1115.546                            3903.762     422.332    3829.376    1034.133     110.321      56.419       4.795      70.163    1198.221     245.350       2.443
p63_ELECTR.17_OTHERIND       359.933   19407.430    1898.987     562.537     365.365    1025.381    8456.797   19795.879    8834.618    1358.945     885.112   22323.092    5636.589    1214.015   28423.156   18752.124      59.371
p63_ELECTR.27_CONSTRUC                  8522.700     466.873    1055.959                  19.862    4036.313     112.332    2400.348     340.636     338.147      61.047      72.044     231.384      14.370     143.302     226.877
p63_ELECTR.28_LTRP           267.474   11235.250    1488.843    7018.753                  46.128    1854.849     502.240    5337.280     828.602    1278.099     289.663     270.183                1646.690     491.179     547.219
p63_ELECTR.31_SER          14068.070   92931.119   27199.359   13144.359      75.933     202.510  146762.249   27949.175   70732.356   11142.312    5668.883   34893.334    6658.900    2523.562   19092.436   23791.703    6845.775
p64_HEAT  .01_AGRICULT                    16.691                2541.878       5.320                                         247.404      68.312     557.881
p64_HEAT  .02_COAL                       168.506                 453.539                                                                 108.991      77.264
p64_HEAT  .04_GAS                       1189.340                2519.860                                                       1.679       0.319     760.963
p64_HEAT  .05_MINING                     641.989                 854.397                                                      57.365      90.156     584.256
p64_HEAT  .06_FOODPRO        139.198    4927.916                4151.737                             528.962                1217.555     246.630    1476.283                                                      27.346
p64_HEAT  .07_TEXTILES       476.543    7929.378                 946.607                             139.363                 110.262      42.035      97.216                                                      49.529
p64_HEAT  .08_WOODPRO         11.200     174.981                1260.325                             242.473                 357.731     263.281     183.420
p64_HEAT  .09_PAPERPRO       290.312    5231.883                4220.434                             553.271                2112.403     165.075     303.622                                                       6.156
p64_HEAT  .10_PETROLCOAL      31.630   15152.587                9185.784                            1474.851                1917.029      63.324     541.249                                                     468.239
p64_HEAT  .11_CHEMICAL      2214.735   39860.036               12395.988                            3173.077                6807.604    1279.129    1504.013                                                    1773.446
p64_HEAT  .12_NONMET           3.055     601.562                2116.682                               3.565                 227.277      53.085     181.713                                                       0.002
p64_HEAT  .13_IRONSTL          6.021    4650.984                6063.835                             176.370                 309.555     254.109    2062.213                                                       5.118
p64_HEAT  .14_NONFERR          0.059    5220.698                                                      93.472                  96.802      48.867     305.189                                                       5.741
p64_HEAT  .15_MACHINE          4.148    1172.640                1663.211                              86.422                 466.362     158.298     202.486                                                      41.337
p64_HEAT  .16_TRANSEQ          7.762     871.601                2003.997                             115.282                 449.850     124.284      74.770                                                       0.029
p64_HEAT  .17_OTHERIND       268.371     805.384                             291.400                 160.543                2699.237     116.716     556.350                                                       0.195
p64_HEAT  .27_CONSTRUC                   549.400                 448.224                               0.788                  19.395      26.881     206.955
p64_HEAT  .31_SER            342.309    7899.102     514.967   18901.060     406.720                1292.066                7834.373    2700.974    8022.850                                                       1.169


----   3082 PARAMETER Elec_CO  Household consumption of electricity in region z

                01_KOR      02_CHN      03_JPN      04_RUS      05_MNG      06_PRK      07_NAM      08_LAM      09_WEU      10_EEU      11_FSU      12_MEA      13_AFR      14_CPA      15_SAS      16_PAS      17_PAO

p63_ELECTR    5796.888   92489.133   21660.498   13833.001     141.178     207.491  138450.285   32277.139   70721.595   11165.133    8697.425   45149.560   10562.063    6047.377   35629.281   24749.966    6295.126
p64_HEAT      2141.861   30771.006      25.728   47677.505     407.320                                       14023.183    8306.408    6961.017


----   3082 PARAMETER ElecR_DIO  Intermediate consumption ratio of electricity by industry j in region z

                              01_KOR      02_CHN      03_JPN      04_RUS      05_MNG      06_PRK      07_NAM      08_LAM      09_WEU      10_EEU      11_FSU      12_MEA      13_AFR      14_CPA      15_SAS      16_PAS      17_PAO

p63_ELECTR.01_AGRICULT         1.000       0.999       1.000       0.400       0.539       1.000       1.000       1.000       0.958       0.894       0.819       1.000       1.000       1.000       1.000       1.000       1.000
p63_ELECTR.02_COAL                         0.981                   0.625                               1.000       1.000       1.000       0.875       0.742                   1.000                                           1.000
p63_ELECTR.04_GAS                          0.818                   0.779                               1.000       1.000       0.999       0.998       0.605       1.000       1.000                               1.000       1.000
p63_ELECTR.05_MINING           1.000       0.946       1.000       0.746                               1.000       1.000       0.962       0.851       0.723       1.000       1.000       1.000       1.000       1.000       1.000
p63_ELECTR.06_FOODPRO          0.879       0.698       1.000       0.256                               0.934       1.000       0.893       0.879       0.375       1.000       1.000       1.000       1.000       0.988       1.000
p63_ELECTR.07_TEXTILES         0.658       0.700       1.000       0.123                               0.910       1.000       0.965       0.887       0.765       1.000       1.000       1.000       1.000       0.967       1.000
p63_ELECTR.08_WOODPRO          0.934       0.951       1.000       0.235                               0.901       1.000       0.837       0.712       0.423       1.000       1.000       1.000       1.000       1.000       1.000
p63_ELECTR.09_PAPERPRO         0.753       0.590       1.000       0.270                               0.946       1.000       0.819       0.862       0.333       1.000       1.000       1.000       1.000       0.992       1.000
p63_ELECTR.10_PETROLCOAL       0.975       0.405       1.000       0.221                               0.791       1.000       0.614       0.900       0.342       1.000       1.000                   1.000       0.324       1.000
p63_ELECTR.11_CHEMICAL         0.673       0.576       1.000       0.248                               0.798       1.000       0.689       0.625       0.498       1.000       1.000       1.000       1.000       0.728       1.000
p63_ELECTR.12_NONMET           0.997       0.982       1.000       0.408                               0.999       1.000       0.964       0.965       0.791       1.000       1.000       1.000       1.000       1.000       1.000
p63_ELECTR.13_IRONSTL          0.999       0.923       1.000       0.468                               0.969       1.000       0.972       0.866       0.644       1.000       1.000       1.000       1.000       0.998       1.000
p63_ELECTR.14_NONFERR          1.000       0.917       1.000       1.000                               0.989       1.000       0.988       0.960       0.850       1.000       1.000                   1.000       0.971       1.000
p63_ELECTR.15_MACHINE          0.999       0.976       1.000       0.495                               0.990       1.000       0.954       0.919       0.697       1.000       1.000       1.000       1.000       0.995       1.000
p63_ELECTR.16_TRANSEQ          0.997       0.922       1.000       0.358                               0.971       1.000       0.895       0.893       0.596       1.000       1.000       1.000       1.000       1.000       1.000
p63_ELECTR.17_OTHERIND         0.573       0.960       1.000       1.000       0.556       1.000       0.981       1.000       0.766       0.921       0.614       1.000       1.000       1.000       1.000       1.000       1.000
p63_ELECTR.27_CONSTRUC                     0.939       1.000       0.702                   1.000       1.000       1.000       0.992       0.927       0.620       1.000       1.000       1.000       1.000       1.000       1.000
p63_ELECTR.28_LTRP             1.000       1.000       1.000       1.000                   1.000       1.000       1.000       1.000       1.000       1.000       1.000       1.000                   1.000       1.000       1.000
p63_ELECTR.31_SER              0.976       0.922       0.981       0.410       0.157       1.000       0.991       1.000       0.900       0.805       0.414       1.000       1.000       1.000       1.000       1.000       1.000
p64_HEAT  .01_AGRICULT                     0.001                   0.600       0.461                                           0.042       0.106       0.181
p64_HEAT  .02_COAL                         0.019                   0.375                                                                   0.125       0.258
p64_HEAT  .04_GAS                          0.182                   0.221                                                       0.001       0.002       0.395
p64_HEAT  .05_MINING                       0.054                   0.254                                                       0.038       0.149       0.277
p64_HEAT  .06_FOODPRO          0.121       0.302                   0.744                               0.066                   0.107       0.121       0.625                                                       0.012
p64_HEAT  .07_TEXTILES         0.342       0.300                   0.877                               0.090                   0.035       0.113       0.235                                                       0.033
p64_HEAT  .08_WOODPRO          0.066       0.049                   0.765                               0.099                   0.163       0.288       0.577
p64_HEAT  .09_PAPERPRO         0.247       0.410                   0.730                               0.054                   0.181       0.138       0.667                                                       0.008
p64_HEAT  .10_PETROLCOAL       0.025       0.595                   0.779                               0.209                   0.386       0.100       0.658                                                       0.676
p64_HEAT  .11_CHEMICAL         0.327       0.424                   0.752                               0.202                   0.311       0.375       0.502                                                       0.272
p64_HEAT  .12_NONMET           0.003       0.018                   0.592                               0.001                   0.036       0.035       0.209                                                 1.043985E-6
p64_HEAT  .13_IRONSTL          0.001       0.077                   0.532                               0.031                   0.028       0.134       0.356                                                       0.002
p64_HEAT  .14_NONFERR    7.946254E-5       0.083                                                       0.011                   0.012       0.040       0.150                                                       0.029
p64_HEAT  .15_MACHINE          0.001       0.024                   0.505                               0.010                   0.046       0.081       0.303                                                       0.005
p64_HEAT  .16_TRANSEQ          0.003       0.078                   0.642                               0.029                   0.105       0.107       0.404                                                 1.181848E-4
p64_HEAT  .17_OTHERIND         0.427       0.040                               0.444                   0.019                   0.234       0.079       0.386                                                 1.037205E-5
p64_HEAT  .27_CONSTRUC                     0.061                   0.298                         1.952391E-4                   0.008       0.073       0.380
p64_HEAT  .31_SER              0.024       0.078       0.019       0.590       0.843                   0.009                   0.100       0.195       0.586                                                 4.911555E-5


----   3082 PARAMETER ElecR_CO  Household consumption ratio of electricity in region z

                01_KOR      02_CHN      03_JPN      04_RUS      05_MNG      06_PRK      07_NAM      08_LAM      09_WEU      10_EEU      11_FSU      12_MEA      13_AFR      14_CPA      15_SAS      16_PAS      17_PAO

p63_ELECTR       0.730       0.750       0.999       0.225       0.257       1.000       1.000       1.000       0.835       0.573       0.555       1.000       1.000       1.000       1.000       1.000       1.000
p64_HEAT         0.270       0.250       0.001       0.775       0.743                                           0.165       0.427       0.445


----   3127 PARAMETER Waste_DIO  Intermediate consumption of waste energy by industry j in region z

                                 01_KOR      02_CHN      03_JPN      04_RUS      07_NAM      08_LAM      09_WEU      10_EEU      11_FSU      12_MEA      15_SAS      16_PAS      17_PAO

p44_INDWASTE .01_AGRICULT                                            43.008
p44_INDWASTE .02_COAL                                                                                                -0.023
p44_INDWASTE .05_MINING                                               8.123                               0.014       1.053
p44_INDWASTE .06_FOODPRO         73.562                             242.900       1.549                  49.981       6.635                                                       3.869
p44_INDWASTE .07_TEXTILES        62.347                               3.780                               0.243       0.430
p44_INDWASTE .08_WOODPRO          6.378                             585.900                             265.582
p44_INDWASTE .09_PAPERPRO       416.430                 258.585     458.220     187.977                  61.831      34.694
p44_INDWASTE .10_PETROLCOAL                                        -135.726
p44_INDWASTE .11_CHEMICAL       391.545                 153.176     147.910     205.265      76.194     461.539      55.453                   8.742                              82.330
p44_INDWASTE .12_NONMET         712.494                 573.024      73.206     155.310     168.736    2372.168    1396.748       0.645      62.569
p44_INDWASTE .13_IRONSTL          8.567                  35.225    1287.930                               5.532       0.982
p44_INDWASTE .14_NONFERR                                 30.933                                          17.688
p44_INDWASTE .15_MACHINE                                              0.798                               5.279       1.036
p44_INDWASTE .16_TRANSEQ                                              0.077                               4.024       0.098
p44_INDWASTE .17_OTHERIND        76.770                               3.780                              88.997       0.445                  43.156
p44_INDWASTE .26_eOther         561.214    4359.033    3620.600    4144.694     555.144     308.681    1112.496     132.740      18.272
p44_INDWASTE .27_CONSTRUC        13.710                               0.070                               0.426       0.030
p44_INDWASTE .31_SER            117.785                 773.068     114.249                              36.214      26.876
p45_MUNWASTER.01_AGRICULT         0.172                                                                   2.567
p45_MUNWASTER.05_MINING                                                                                   0.007
p45_MUNWASTER.06_FOODPRO                                                                      9.985       0.520       0.487
p45_MUNWASTER.07_TEXTILES         0.457                                                       0.126       0.027
p45_MUNWASTER.08_WOODPRO                                                                                  2.898       0.014
p45_MUNWASTER.09_PAPERPRO         7.132                                                       0.018     189.541                                                       8.369
p45_MUNWASTER.11_CHEMICAL                                                                     0.025      44.119                                                       0.001
p45_MUNWASTER.12_NONMET                                                                       1.499     529.905     140.716
p45_MUNWASTER.13_IRONSTL                                                                      0.001       0.621
p45_MUNWASTER.14_NONFERR                                                                      0.030
p45_MUNWASTER.15_MACHINE                                                                                  9.531       0.623
p45_MUNWASTER.16_TRANSEQ                                                                                  3.559
p45_MUNWASTER.17_OTHERIND        20.044                                          33.963                   0.293                              12.701                 112.032
p45_MUNWASTER.26_eOther         151.854      35.109     383.277                3025.837               10007.010     248.649      36.723                 328.676    1064.650
p45_MUNWASTER.27_CONSTRUC         6.683                                                                               0.003
p45_MUNWASTER.31_SER            168.739                                         132.311                 155.338      36.636                                         145.485
p46_MUNWASTEN.01_AGRICULT         0.281                                                                   2.567
p46_MUNWASTEN.05_MINING                                                                                   0.007
p46_MUNWASTEN.06_FOODPRO                                                                                  0.430
p46_MUNWASTEN.07_TEXTILES         0.699                                                                   0.027
p46_MUNWASTEN.08_WOODPRO                                                                                  0.240
p46_MUNWASTEN.09_PAPERPRO        12.057                                                                 170.318                                                       8.369
p46_MUNWASTEN.11_CHEMICAL                                                                                44.119                                                       0.001
p46_MUNWASTEN.12_NONMET                                                                                 553.053     225.686
p46_MUNWASTEN.13_IRONSTL                                                                                  0.621
p46_MUNWASTEN.15_MACHINE                                                                                  9.495       0.024
p46_MUNWASTEN.16_TRANSEQ                                                                                  3.559
p46_MUNWASTEN.17_OTHERIND        32.325                                          41.512                   0.238                              38.448
p46_MUNWASTEN.26_eOther         222.489      35.109     383.277                3618.863                9676.069     368.073      36.723                 328.676     961.702
p46_MUNWASTEN.27_CONSTRUC        10.146                                                                               0.010
p46_MUNWASTEN.31_SER            252.807                                         161.714                 197.737      29.384                                         145.485


----   3127 PARAMETER WasteR_DIO  Intermediate consumption ratio of waste energy by industry j in region z

                               01_KOR      02_CHN      03_JPN      04_RUS      07_NAM      08_LAM      09_WEU      10_EEU      11_FSU      12_MEA      15_SAS      16_PAS      17_PAO

p44_INDWASTE .01_AGRICULT                                           1.000
p44_INDWASTE .05_MINING                                             1.000                               0.488       1.000
p44_INDWASTE .06_FOODPRO        1.000                               1.000       1.000                   0.981       0.932                                                       1.000
p44_INDWASTE .07_TEXTILES       0.982                               1.000                               0.817       1.000
p44_INDWASTE .08_WOODPRO        1.000                               1.000                               0.988
p44_INDWASTE .09_PAPERPRO       0.956                   1.000       1.000       1.000                   0.147       1.000
p44_INDWASTE .11_CHEMICAL       1.000                   1.000       1.000       1.000       1.000       0.840       1.000                   1.000                               1.000
p44_INDWASTE .12_NONMET         1.000                   1.000       1.000       1.000       0.991       0.687       0.792       1.000       1.000
p44_INDWASTE .13_IRONSTL        1.000                   1.000       1.000                               0.817       1.000
p44_INDWASTE .14_NONFERR                                1.000                                           1.000
p44_INDWASTE .15_MACHINE                                            1.000                               0.217       0.616
p44_INDWASTE .16_TRANSEQ                                            1.000                               0.361       1.000
p44_INDWASTE .17_OTHERIND       0.594                               1.000                               0.994       1.000                   0.458
p44_INDWASTE .26_eOther         0.600       0.984       0.825       1.000       0.077       1.000       0.053       0.177       0.199
p44_INDWASTE .27_CONSTRUC       0.449                               1.000                               1.000       0.712
p44_INDWASTE .31_SER            0.218                   1.000       1.000                               0.093       0.289
p45_MUNWASTER.01_AGRICULT       0.379                                                                   0.500
p45_MUNWASTER.05_MINING                                                                                 0.256
p45_MUNWASTER.06_FOODPRO                                                                    1.000       0.010       0.068
p45_MUNWASTER.07_TEXTILES       0.007                                                       1.000       0.092
p45_MUNWASTER.08_WOODPRO                                                                                0.011       1.000
p45_MUNWASTER.09_PAPERPRO       0.016                                                       1.000       0.449                                                       0.500
p45_MUNWASTER.11_CHEMICAL                                                             3.280031E-4       0.080                                                       0.500
p45_MUNWASTER.12_NONMET                                                                     0.009       0.153       0.080
p45_MUNWASTER.13_IRONSTL                                                                    1.000       0.092
p45_MUNWASTER.14_NONFERR                                                                    1.000
p45_MUNWASTER.15_MACHINE                                                                                0.392       0.370
p45_MUNWASTER.16_TRANSEQ                                                                                0.319
p45_MUNWASTER.17_OTHERIND       0.155                                           0.450                   0.003                               0.135                   1.000
p45_MUNWASTER.26_eOther         0.162       0.008       0.087                   0.420                   0.481       0.332       0.400                   0.500       0.525
p45_MUNWASTER.27_CONSTRUC       0.219                                                                               0.061
p45_MUNWASTER.31_SER            0.313                                           0.450                   0.399       0.394                                           0.500
p46_MUNWASTEN.01_AGRICULT       0.621                                                                   0.500
p46_MUNWASTEN.05_MINING                                                                                 0.256
p46_MUNWASTEN.06_FOODPRO                                                                                0.008
p46_MUNWASTEN.07_TEXTILES       0.011                                                                   0.092
p46_MUNWASTEN.08_WOODPRO                                                                                0.001
p46_MUNWASTEN.09_PAPERPRO       0.028                                                                   0.404                                                       0.500
p46_MUNWASTEN.11_CHEMICAL                                                                               0.080                                                       0.500
p46_MUNWASTEN.12_NONMET                                                                                 0.160       0.128
p46_MUNWASTEN.13_IRONSTL                                                                                0.092
p46_MUNWASTEN.15_MACHINE                                                                                0.391       0.014
p46_MUNWASTEN.16_TRANSEQ                                                                                0.319
p46_MUNWASTEN.17_OTHERIND       0.250                                           0.550                   0.003                               0.408
p46_MUNWASTEN.26_eOther         0.238       0.008       0.087                   0.503                   0.465       0.491       0.400                   0.500       0.475
p46_MUNWASTEN.27_CONSTRUC       0.332                                                                               0.226
p46_MUNWASTEN.31_SER            0.469                                           0.550                   0.508       0.316                                           0.500


----   3127 PARAMETER WasteR_CO  Household consumption ratio of waste energy in region z

                      ( ALL       0.000 )


----   3175 PARAMETER Bio_DIO  Intermediate consumption of bio energy by industry j in region z

                                 01_KOR      02_CHN      03_JPN      04_RUS      05_MNG      06_PRK      07_NAM      08_LAM      09_WEU      10_EEU      11_FSU      12_MEA      13_AFR      14_CPA      15_SAS      16_PAS      17_PAO

p47_PRIMSBIO .01_AGRICULT        14.307                   1.014      29.126       3.355                1344.658    3535.945    1127.334     576.535      65.640       0.509    2005.426     378.000                   0.119
p47_PRIMSBIO .02_COAL                                                                                                                        -0.561      -0.024
p47_PRIMSBIO .05_MINING           0.143                               7.371                                           2.865      15.318       4.602       1.839                   7.426                                           0.358
p47_PRIMSBIO .06_FOODPRO         22.702                  55.991      16.989                            1479.423   19126.162     997.357     295.788      20.346       4.535    2001.778    1376.578    9082.314    6472.186    1902.981
p47_PRIMSBIO .07_TEXTILES        27.092                   9.885       0.665                                          78.648      25.453      24.391       1.936       1.087                1306.600
p47_PRIMSBIO .08_WOODPRO         69.213                  43.587     142.471                            4152.168     121.561    3431.617    1586.734      74.136       0.248                1003.842                             262.157
p47_PRIMSBIO .09_PAPERPRO       193.169                2339.610       3.066                           31584.169   11897.070   11692.487    1793.682       0.310                 453.988                2456.283    3191.571     174.931
p47_PRIMSBIO .10_PETROLCOAL                                                                                                      -3.105      -0.025      -2.006
p47_PRIMSBIO .11_CHEMICAL         0.584                  28.756      10.920                              48.712     158.029     310.924      90.988       1.051                                                       0.016      10.748
p47_PRIMSBIO .12_NONMET           0.952                 147.813       0.756                             513.955    2332.379    1198.628      65.981      17.239      27.543    1236.035     413.830    6142.519                  70.555
p47_PRIMSBIO .13_IRONSTL                                  6.356       0.511                               0.167      68.214      10.967       8.678       7.428
p47_PRIMSBIO .14_NONFERR                                                                                 20.326                   0.670       0.139       0.191       0.005                                                      44.664
p47_PRIMSBIO .15_MACHINE          0.172                   1.167       0.350                               0.836                  62.417      41.357       6.544
p47_PRIMSBIO .16_TRANSEQ          0.681                   0.003       0.007                               0.024                  14.820       2.106       1.314
p47_PRIMSBIO .17_OTHERIND        83.553                   0.061       4.473                             590.045    6689.837     823.256     241.395       9.936     715.603   11405.180    1288.840   50964.611    7846.740     452.043
p47_PRIMSBIO .26_eOther        1343.941   37531.080    4979.926     563.739                           11499.741   20682.565   27900.790    6196.446    1884.406                1128.703     956.960   15345.017   14388.668    1143.415
p47_PRIMSBIO .27_CONSTRUC                                 0.186       5.355                                           1.124      84.811      16.093       6.152       0.696      14.164
p47_PRIMSBIO .28_LTRP                                                                                                                         0.035       0.050
p47_PRIMSBIO .31_SER            118.330                1396.104    1031.728       8.024     763.383    1532.697     655.769    2686.730     675.908     171.168    2236.780    9083.100     192.733    3221.897     610.112       3.702
p48_BIOGASES .01_AGRICULT         1.147     726.503                                                       1.450       0.752     708.495     157.603
p48_BIOGASES .04_GAS                         -6.171      -1.921                                                                -990.407      -7.754
p48_BIOGASES .05_MINING                                                                                                           9.453
p48_BIOGASES .06_FOODPRO         10.238                                                                   2.681       0.128     175.592      30.676       0.119                                                                  19.179
p48_BIOGASES .07_TEXTILES         1.027                                                                                           0.150       0.652
p48_BIOGASES .08_WOODPRO                                                                                                          0.208       0.525
p48_BIOGASES .09_PAPERPRO         1.835                                                                  59.870                 191.684       7.205                                                                               0.931
p48_BIOGASES .10_PETROLCOAL                                                                                                      -0.024
p48_BIOGASES .11_CHEMICAL         7.858                                                                   7.016                  46.471       3.518       0.788                                                       0.343
p48_BIOGASES .12_NONMET                                                                                                          11.369       0.601                                                                               3.869
p48_BIOGASES .13_IRONSTL                                                                                  1.457
p48_BIOGASES .14_NONFERR                                                                                                          0.333
p48_BIOGASES .15_MACHINE                                                                                                          8.858       0.327
p48_BIOGASES .16_TRANSEQ                                                                                                          2.938
p48_BIOGASES .17_OTHERIND         3.206                                                                   3.624       2.596     142.909       1.234                                                     111.494     639.896       1.085
p48_BIOGASES .26_eOther         142.777    1168.025       1.021                                        3660.823     715.603   11679.785    1125.887      66.643      37.789       6.721                 489.381    1035.928     428.959
p48_BIOGASES .27_CONSTRUC                                                                                                         0.848
p48_BIOGASES .28_LTRP                                                                                                           198.982       2.493                                                      10.697
p48_BIOGASES .29_WTRP                                                                                                             0.001
p48_BIOGASES .31_SER             25.572                                                                  97.113      10.329     754.630     116.486                              26.930                   1.075                  16.050
p49_BIOGASOL .01_AGRICULT                                                                                             0.100       3.509
p49_BIOGASOL .05_MINING                                                                                                           0.001
p49_BIOGASOL .06_FOODPRO                                                                                                          0.001
p49_BIOGASOL .08_WOODPRO                                                                                                          0.001
p49_BIOGASOL .11_CHEMICAL                                                                                                         0.001
p49_BIOGASOL .12_NONMET                                                                                                           0.001
p49_BIOGASOL .13_IRONSTL                                                                                              6.052       0.002
p49_BIOGASOL .15_MACHINE                                                                                                          0.019
p49_BIOGASOL .16_TRANSEQ                                                                                                          0.136
p49_BIOGASOL .17_OTHERIND                                                                                            16.327       0.009
p49_BIOGASOL .26_eOther                                                                                               2.757
p49_BIOGASOL .27_CONSTRUC                                                                                                         3.312
p49_BIOGASOL .28_LTRP                      2048.342     414.263                                       30941.132    6903.680    2774.459     485.668      88.110                  61.599      78.093    1067.540    1195.259     130.120
p49_BIOGASOL .29_WTRP                                                                                                             6.341
p49_BIOGASOL .31_SER                                                                                                  6.144       4.495
p50_BIODIESEL.01_AGRICULT                                                                               291.147     670.520     431.014       1.985      12.038                                                       4.194       0.239
p50_BIODIESEL.02_COAL                                                                                   -30.223
p50_BIODIESEL.03_OIL                                                                                    -85.631
p50_BIODIESEL.04_GAS                                                                                    -85.631                  -0.002
p50_BIODIESEL.05_MINING                                                                                  48.356      52.328      30.190                                                                               3.706       0.006
p50_BIODIESEL.06_FOODPRO                                                                                  7.052      23.072       5.049                                                                               2.271
p50_BIODIESEL.07_TEXTILES                                                                                             0.165       0.209                                                                               0.017
p50_BIODIESEL.08_WOODPRO                                                                                  7.052                   9.170                                                                               0.109
p50_BIODIESEL.09_PAPERPRO                                                                                 2.015      18.505       6.395                                                                               0.031
p50_BIODIESEL.11_CHEMICAL                                                                                34.253       1.622       0.634                                                                               0.771
p50_BIODIESEL.12_NONMET                                                                                  12.089       7.505       6.123       0.050                                                                   1.046
p50_BIODIESEL.13_IRONSTL                                                                                  2.015       3.639       2.753                                                                               0.386
p50_BIODIESEL.14_NONFERR                                                                                  1.007       1.282       0.535
p50_BIODIESEL.15_MACHINE                                                                                  4.030                   3.248                                                                               1.837
p50_BIODIESEL.16_TRANSEQ                                                                                  1.007                   3.407
p50_BIODIESEL.17_OTHERIND                                                                                10.074      21.406      79.715                                                                             347.343       0.044
p50_BIODIESEL.26_eOther                                                                                 220.705     121.761      30.585       1.154                                                                 419.140
p50_BIODIESEL.27_CONSTRUC                                                                               365.696                 245.176                                                                               4.287       0.051
p50_BIODIESEL.28_LTRP           641.330     342.730      12.402                                        5288.702    5585.334   12834.389    2245.944       1.949                                          39.098    6550.405       2.203
p50_BIODIESEL.29_WTRP                                                                                   107.795                  15.385                                                                               6.128
p50_BIODIESEL.31_SER                        569.079                                                     261.931      12.452      97.205       0.001                                                                 259.077       0.070
p52_OBIOLIQ  .01_AGRICULT                                                                                                        10.938
p52_OBIOLIQ  .05_MINING                                                                                                           0.643
p52_OBIOLIQ  .06_FOODPRO                                                                                                         50.700
p52_OBIOLIQ  .08_WOODPRO                                                                                                          1.286
p52_OBIOLIQ  .09_PAPERPRO                                                                               359.400                   3.926
p52_OBIOLIQ  .10_PETROLCOAL                                                                                                     -34.742                                                                              -0.004
p52_OBIOLIQ  .11_CHEMICAL                                                                                 0.258                   9.995       0.009
p52_OBIOLIQ  .12_NONMET                                                                                                           5.788
p52_OBIOLIQ  .15_MACHINE                                                                                                          3.206
p52_OBIOLIQ  .16_TRANSEQ                                                                                                          0.751
p52_OBIOLIQ  .17_OTHERIND                                                                                                         0.707
p52_OBIOLIQ  .26_eOther         411.912                                                                  62.714                1118.972       0.941                                                                 182.592
p52_OBIOLIQ  .28_LTRP                                                                                             11855.977      30.311
p52_OBIOLIQ  .31_SER                                                                                                             37.059       1.059


----   3175 PARAMETER BioR_DIO  Intermediate consumption ratio of bio energy by industry j in region z

                               01_KOR      02_CHN      03_JPN      04_RUS      05_MNG      06_PRK      07_NAM      08_LAM      09_WEU      10_EEU      11_FSU      12_MEA      13_AFR      14_CPA      15_SAS      16_PAS      17_PAO

p47_PRIMSBIO .01_AGRICULT       0.926                   1.000       1.000       1.000                   0.821       0.840       0.494       0.783       0.845       1.000       1.000       1.000                   0.028
p47_PRIMSBIO .05_MINING         1.000                               1.000                                           0.052       0.275       1.000       1.000                   1.000                                           0.984
p47_PRIMSBIO .06_FOODPRO        0.689                   1.000       1.000                               0.993       0.999       0.812       0.906       0.994       1.000       1.000       1.000       1.000       1.000       0.990
p47_PRIMSBIO .07_TEXTILES       0.963                   1.000       1.000                                           0.998       0.986       0.974       1.000       1.000                   1.000
p47_PRIMSBIO .08_WOODPRO        1.000                   1.000       1.000                               0.998       1.000       0.997       1.000       1.000       1.000                   1.000                               1.000
p47_PRIMSBIO .09_PAPERPRO       0.991                   1.000       1.000                               0.987       0.998       0.983       0.996       1.000                   1.000                   1.000       1.000       0.995
p47_PRIMSBIO .11_CHEMICAL       0.069                   1.000       1.000                               0.540       0.990       0.845       0.963       0.571                                                       0.014       1.000
p47_PRIMSBIO .12_NONMET         1.000                   1.000       1.000                               0.977       0.997       0.981       0.990       1.000       1.000       1.000       1.000       1.000                   0.948
p47_PRIMSBIO .13_IRONSTL                                1.000       1.000                               0.046       0.876       0.799       1.000       1.000
p47_PRIMSBIO .14_NONFERR                                                                                0.953                   0.436       1.000       1.000       1.000                                                       1.000
p47_PRIMSBIO .15_MACHINE        1.000                   1.000       1.000                               0.172                   0.803       0.992       1.000
p47_PRIMSBIO .16_TRANSEQ        1.000                   1.000       1.000                               0.023                   0.672       1.000       1.000
p47_PRIMSBIO .17_OTHERIND       0.963                   1.000       1.000                               0.977       0.994       0.787       0.995       1.000       1.000       1.000       1.000       0.998       0.888       0.998
p47_PRIMSBIO .26_eOther         0.708       0.970       1.000       1.000                               0.745       0.961       0.685       0.846       0.966                   0.994       1.000       0.969       0.898       0.727
p47_PRIMSBIO .27_CONSTRUC                               1.000       1.000                                           1.000       0.254       1.000       1.000       1.000       1.000
p47_PRIMSBIO .28_LTRP                                                                                                                 1.280110E-5       0.001
p47_PRIMSBIO .31_SER            0.822                   1.000       1.000       1.000       1.000       0.810       0.958       0.750       0.852       1.000       1.000       0.997       1.000       1.000       0.702       0.187
p48_BIOGASES .01_AGRICULT       0.074       1.000                                                       0.001 1.787363E-4       0.311       0.214
p48_BIOGASES .05_MINING                                                                                                         0.170
p48_BIOGASES .06_FOODPRO        0.311                                                                   0.002 6.689518E-6       0.143       0.094       0.006                                                                   0.010
p48_BIOGASES .07_TEXTILES       0.037                                                                                           0.006       0.026
p48_BIOGASES .08_WOODPRO                                                                                                  6.042504E-5 3.307588E-4
p48_BIOGASES .09_PAPERPRO       0.009                                                                   0.002                   0.016       0.004                                                                               0.005
p48_BIOGASES .11_CHEMICAL       0.931                                                                   0.078                   0.126       0.037       0.429                                                       0.303
p48_BIOGASES .12_NONMET                                                                                                         0.009       0.009                                                                               0.052
p48_BIOGASES .13_IRONSTL                                                                                0.400
p48_BIOGASES .14_NONFERR                                                                                                        0.216
p48_BIOGASES .15_MACHINE                                                                                                        0.114       0.008
p48_BIOGASES .16_TRANSEQ                                                                                                        0.133
p48_BIOGASES .17_OTHERIND       0.037                                                                   0.006 3.857557E-4       0.137       0.005                                                       0.002       0.072       0.002
p48_BIOGASES .26_eOther         0.075       0.030 2.049209E-4                                           0.237       0.033       0.287       0.154       0.034       1.000       0.006                   0.031       0.065       0.273
p48_BIOGASES .27_CONSTRUC                                                                                                       0.003
p48_BIOGASES .28_LTRP                                                                                                           0.013       0.001                                                       0.010
p48_BIOGASES .29_WTRP                                                                                                     2.301252E-5
p48_BIOGASES .31_SER            0.178                                                                   0.051       0.015       0.211       0.147                               0.003             3.334811E-4                   0.810
p49_BIOGASOL .01_AGRICULT                                                                                     2.372059E-5       0.002
p49_BIOGASOL .05_MINING                                                                                                   1.079063E-5
p49_BIOGASOL .06_FOODPRO                                                                                                  9.766425E-7
p49_BIOGASOL .08_WOODPRO                                                                                                  1.743030E-7
p49_BIOGASOL .11_CHEMICAL                                                                                                 1.630324E-6
p49_BIOGASOL .12_NONMET                                                                                                   4.910348E-7
p49_BIOGASOL .13_IRONSTL                                                                                            0.078 1.384668E-4
p49_BIOGASOL .15_MACHINE                                                                                                  2.443783E-4
p49_BIOGASOL .16_TRANSEQ                                                                                                        0.006
p49_BIOGASOL .17_OTHERIND                                                                                           0.002 9.077043E-6
p49_BIOGASOL .26_eOther                                                                                       1.281067E-4
p49_BIOGASOL .27_CONSTRUC                                                                                                       0.010
p49_BIOGASOL .28_LTRP                       0.857       0.971                                           0.854       0.284       0.175       0.178       0.978                   1.000       1.000       0.955       0.154       0.983
p49_BIOGASOL .29_WTRP                                                                                                           0.292
p49_BIOGASOL .31_SER                                                                                                0.009       0.001
p50_BIODIESEL.01_AGRICULT                                                                               0.178       0.159       0.189       0.003       0.155                                                       0.972       1.000
p50_BIODIESEL.05_MINING                                                                                 1.000       0.948       0.543                                                                               1.000       0.016
p50_BIODIESEL.06_FOODPRO                                                                                0.005       0.001       0.004                                                                         3.507785E-4
p50_BIODIESEL.07_TEXTILES                                                                                           0.002       0.008                                                                               1.000
p50_BIODIESEL.08_WOODPRO                                                                                0.002                   0.003                                                                               1.000
p50_BIODIESEL.09_PAPERPRO                                                                         6.295489E-5       0.002       0.001                                                                         9.744323E-6
p50_BIODIESEL.11_CHEMICAL                                                                               0.380       0.010       0.002                                                                               0.682
p50_BIODIESEL.12_NONMET                                                                                 0.023       0.003       0.005       0.001                                                                   1.000
p50_BIODIESEL.13_IRONSTL                                                                                0.554       0.047       0.201                                                                               1.000
p50_BIODIESEL.14_NONFERR                                                                                0.047       1.000       0.348
p50_BIODIESEL.15_MACHINE                                                                                0.828                   0.042                                                                               1.000
p50_BIODIESEL.16_TRANSEQ                                                                                0.977                   0.155
p50_BIODIESEL.17_OTHERIND                                                                               0.017       0.003       0.076                                                                               0.039 9.665196E-5
p50_BIODIESEL.26_eOther                                                                                 0.014       0.006       0.001 1.575959E-4                                                                   0.026
p50_BIODIESEL.27_CONSTRUC                                                                               1.000                   0.734                                                                               1.000       1.000
p50_BIODIESEL.28_LTRP           1.000       0.143       0.029                                           0.146       0.229       0.810       0.821       0.022                                           0.035       0.846       0.017
p50_BIODIESEL.29_WTRP                                                                                   1.000                   0.708                                                                               1.000
p50_BIODIESEL.31_SER                        1.000                                                       0.138       0.018       0.027 1.134282E-6                                                                   0.298       0.004
p52_OBIOLIQ  .01_AGRICULT                                                                                                       0.005
p52_OBIOLIQ  .05_MINING                                                                                                         0.012
p52_OBIOLIQ  .06_FOODPRO                                                                                                        0.041
p52_OBIOLIQ  .08_WOODPRO                                                                                                  3.736476E-4
p52_OBIOLIQ  .09_PAPERPRO                                                                               0.011             3.301024E-4
p52_OBIOLIQ  .11_CHEMICAL                                                                               0.003                   0.027 9.310632E-5
p52_OBIOLIQ  .12_NONMET                                                                                                         0.005
p52_OBIOLIQ  .15_MACHINE                                                                                                        0.041
p52_OBIOLIQ  .16_TRANSEQ                                                                                                        0.034
p52_OBIOLIQ  .17_OTHERIND                                                                                                       0.001
p52_OBIOLIQ  .26_eOther         0.217                                                                   0.004                   0.027 1.285015E-4                                                                   0.011
p52_OBIOLIQ  .28_LTRP                                                                                               0.487       0.002
p52_OBIOLIQ  .31_SER                                                                                                            0.010       0.001


----   3175 PARAMETER BioR_CO  Household consumption ratio of bio energy in region z

                   01_KOR      02_CHN      04_RUS      05_MNG      07_NAM      08_LAM      09_WEU      10_EEU      11_FSU      12_MEA      13_AFR      14_CPA      15_SAS      16_PAS      17_PAO

p47_PRIMSBIO        1.000       0.918       1.000       1.000       0.975       0.993       0.989       1.000       1.000       1.000       1.000       1.000       0.979       0.999       1.000
p48_BIOGASES                    0.082                                     1.623691E-5       0.010                                     3.310334E-5                   0.021       0.001
p49_BIOGASOL                                                                    0.006 2.755165E-4                                     1.856343E-7                                     2.970876E-6
p50_BIODIESEL                                                       0.025 6.178594E-6 4.208614E-4
p52_OBIOLIQ                                                                           6.528785E-5


----   3220 PARAMETER Charcoal_DIO  Intermediate consumption of charcoal energy by industry j in region z

                              02_CHN      04_RUS      08_LAM      09_WEU      10_EEU      11_FSU      12_MEA      13_AFR      14_CPA      15_SAS      16_PAS

p54_CHARCOAL.01_AGRICULT                   5.149      32.152
p54_CHARCOAL.05_MINING                                 0.036                   0.004                               5.907
p54_CHARCOAL.06_FOODPRO                    7.357       0.854       7.361       0.006                             223.850
p54_CHARCOAL.07_TEXTILES                                                                                          41.743
p54_CHARCOAL.11_CHEMICAL                   5.297      15.873      15.357
p54_CHARCOAL.12_NONMET                                92.164
p54_CHARCOAL.13_IRONSTL                             3638.575       5.820
p54_CHARCOAL.14_NONFERR                               10.886                   1.337
p54_CHARCOAL.15_MACHINE                                                        0.017       0.001
p54_CHARCOAL.17_OTHERIND                              41.495                                           4.996     121.134                 634.291
p54_CHARCOAL.28_LTRP                                   0.108
p54_CHARCOAL.31_SER            2.389                 314.483      32.665      12.086       2.601     406.255    3786.887     175.040                 172.885


----   3220 PARAMETER CharcoalR_DIO  Intermediate consumption ratio of charcoal energy by industry j in region z

                              02_CHN      04_RUS      08_LAM      09_WEU      10_EEU      11_FSU      12_MEA      13_AFR      14_CPA      15_SAS      16_PAS

p54_CHARCOAL.01_AGRICULT                   1.000       1.000
p54_CHARCOAL.05_MINING                                 1.000                   1.000                               1.000
p54_CHARCOAL.06_FOODPRO                    1.000       1.000       1.000       1.000                               1.000
p54_CHARCOAL.07_TEXTILES                                                                                           1.000
p54_CHARCOAL.11_CHEMICAL                   1.000       1.000       1.000
p54_CHARCOAL.12_NONMET                                 1.000
p54_CHARCOAL.13_IRONSTL                                1.000       1.000
p54_CHARCOAL.14_NONFERR                                1.000                   1.000
p54_CHARCOAL.15_MACHINE                                                        1.000       1.000
p54_CHARCOAL.17_OTHERIND                               1.000                                           1.000       1.000                   1.000
p54_CHARCOAL.28_LTRP                                   1.000
p54_CHARCOAL.31_SER            1.000                   1.000       1.000       1.000       1.000       1.000       1.000       1.000                   1.000


----   3220 PARAMETER CharcoalR_CO  Household consumption ratio of charcoal energy in region z

                  03_JPN      05_MNG      06_PRK      08_LAM      09_WEU      10_EEU      11_FSU      12_MEA      13_AFR      14_CPA      15_SAS      16_PAS      17_PAO

p54_CHARCOAL       1.000       1.000       1.000       1.000       1.000       1.000       1.000       1.000       1.000       1.000       1.000       1.000       1.000


----   3265 PARAMETER Geo_DIO  Intermediate consumption of geothermal energy by industry j in region z

                              01_KOR      02_CHN      03_JPN      04_RUS      07_NAM      08_LAM      09_WEU      10_EEU      11_FSU      13_AFR      16_PAS      17_PAO

p57_GEOTHERM.01_AGRICULT      29.326    1106.886      11.236                                         856.634      54.998       1.018                              10.629
p57_GEOTHERM.06_FOODPRO                                0.086                                                       0.406
p57_GEOTHERM.07_TEXTILES                                                                                           0.007
p57_GEOTHERM.08_WOODPRO                                                                                            0.001
p57_GEOTHERM.12_NONMET                                                                                             0.263
p57_GEOTHERM.15_MACHINE                                                                                            0.215
p57_GEOTHERM.16_TRANSEQ                                                                                            0.162
p57_GEOTHERM.17_OTHERIND       4.501     309.677       0.560                                          13.121       0.287                                         117.228
p57_GEOTHERM.26_eOther                   168.272    2447.581     104.340    8772.101    6479.065   18184.042     153.520                4501.032   33804.696    4610.699
p57_GEOTHERM.27_CONSTRUC                                                                                           0.215
p57_GEOTHERM.31_SER          154.744    3602.244      57.385                               2.471     178.568     106.035       8.885                              56.792


----   3265 PARAMETER GeoR_DIO  Intermediate consumption ratio of geothermal energy by industry j in region z

                              01_KOR      02_CHN      03_JPN      04_RUS      07_NAM      08_LAM      09_WEU      10_EEU      11_FSU      13_AFR      16_PAS      17_PAO

p57_GEOTHERM.01_AGRICULT       1.000       1.000       1.000                                           1.000       1.000       1.000                               1.000
p57_GEOTHERM.06_FOODPRO                                1.000                                                       1.000
p57_GEOTHERM.07_TEXTILES                                                                                           1.000
p57_GEOTHERM.08_WOODPRO                                                                                            1.000
p57_GEOTHERM.12_NONMET                                                                                             1.000
p57_GEOTHERM.15_MACHINE                                                                                            1.000
p57_GEOTHERM.16_TRANSEQ                                                                                            1.000
p57_GEOTHERM.17_OTHERIND       1.000       1.000       1.000                                           1.000       1.000                                           1.000
p57_GEOTHERM.26_eOther                     1.000       1.000       1.000       1.000       1.000       1.000       1.000                   1.000       1.000       1.000
p57_GEOTHERM.27_CONSTRUC                                                                                           1.000
p57_GEOTHERM.31_SER            1.000       1.000       1.000                               1.000       1.000       1.000       1.000                               1.000


----   3265 PARAMETER GeoR_CO  Household consumption ratio of geothermal energy in region z

                  01_KOR      02_CHN      03_JPN      07_NAM      09_WEU      10_EEU      11_FSU      17_PAO

p57_GEOTHERM       1.000       1.000       1.000       1.000       1.000       1.000       1.000       1.000


----   3300 PARAMETER Solar_DIO  Intermediate consumption of solar energy by industry j in region z

                               01_KOR      02_CHN      03_JPN      07_NAM      08_LAM      09_WEU      10_EEU      11_FSU      12_MEA      13_AFR      15_SAS      16_PAS      17_PAO

p59_SOLARTH.01_AGRICULT                                                         0.174       8.619                                                       0.454
p59_SOLARTH.05_MINING                                                                       0.030
p59_SOLARTH.06_FOODPRO                                                                      0.930       1.306
p59_SOLARTH.07_TEXTILES                                                                     0.120                               0.080
p59_SOLARTH.08_WOODPRO                                                                      0.014
p59_SOLARTH.09_PAPERPRO                                                                     0.029
p59_SOLARTH.10_PETROLCOAL                                                                  -0.005
p59_SOLARTH.11_CHEMICAL                                                                     0.605
p59_SOLARTH.12_NONMET                                                                       0.045
p59_SOLARTH.13_IRONSTL                                                                      0.006       0.002
p59_SOLARTH.14_NONFERR                                                          0.019       0.231 1.000000E-4
p59_SOLARTH.15_MACHINE                                                                      0.655       0.328
p59_SOLARTH.16_TRANSEQ                                                                      0.265
p59_SOLARTH.17_OTHERIND         1.793                                          38.978     305.502                               2.538                  66.308
p59_SOLARTH.27_CONSTRUC                                                                     0.189
p59_SOLARTH.31_SER             21.971    2331.900      18.303    1847.295     341.590     290.871      36.441       7.282      57.965     131.730     206.452      13.132      11.250


----   3300 PARAMETER SolarR_DIO  Intermediate consumption ratio of solar energy by industry j in region z

                             01_KOR      02_CHN      03_JPN      07_NAM      08_LAM      09_WEU      10_EEU      11_FSU      12_MEA      13_AFR      15_SAS      16_PAS      17_PAO

p59_SOLARTH.01_AGRICULT                                                       1.000       1.000                                                       1.000
p59_SOLARTH.05_MINING                                                                     1.000
p59_SOLARTH.06_FOODPRO                                                                    1.000       1.000
p59_SOLARTH.07_TEXTILES                                                                   1.000                               1.000
p59_SOLARTH.08_WOODPRO                                                                    1.000
p59_SOLARTH.09_PAPERPRO                                                                   1.000
p59_SOLARTH.11_CHEMICAL                                                                   1.000
p59_SOLARTH.12_NONMET                                                                     1.000
p59_SOLARTH.13_IRONSTL                                                                    1.000       1.000
p59_SOLARTH.14_NONFERR                                                        1.000       1.000       1.000
p59_SOLARTH.15_MACHINE                                                                    1.000       1.000
p59_SOLARTH.16_TRANSEQ                                                                    1.000
p59_SOLARTH.17_OTHERIND       1.000                                           1.000       1.000                               1.000                   1.000
p59_SOLARTH.27_CONSTRUC                                                                   1.000
p59_SOLARTH.31_SER            1.000       1.000       1.000       1.000       1.000       1.000       1.000       1.000       1.000       1.000       1.000       1.000       1.000


----   3300 PARAMETER SolarR_CO  Household consumption ratio of solar energy in region z

                 01_KOR      02_CHN      03_JPN      07_NAM      08_LAM      09_WEU      10_EEU      11_FSU      12_MEA      14_CPA      15_SAS      16_PAS      17_PAO

p59_SOLARTH       1.000       1.000       1.000       1.000       1.000       1.000       1.000       1.000       1.000       1.000       1.000       1.000       1.000


----   3328 PARAMETER NCoal_DIO  Intermediate consumption of non energy coal products by industry j in region z

                            03_JPN      04_RUS      09_WEU      10_EEU      13_AFR

p3_ANTCOAL.11_CHEMICAL                              17.275
p5_BITCOAL.11_CHEMICAL       0.271     182.631                   3.050    1048.274


----   3328 PARAMETER NCoalR_DIO  Intermediate consumption ratio of non energy coal products by industry j in region z

                            03_JPN      04_RUS      09_WEU      10_EEU      13_AFR

p3_ANTCOAL.11_CHEMICAL                               1.000
p5_BITCOAL.11_CHEMICAL       1.000       1.000                   1.000       1.000


----   3356 PARAMETER NGas_DIO  Intermediate consumption of non energy gas products by industry j in region z

                            02_CHN      03_JPN      04_RUS      07_NAM      08_LAM      09_WEU      10_EEU      11_FSU      12_MEA      13_AFR      15_SAS      16_PAS      17_PAO

p20_NATGAS.11_CHEMICAL    8704.871     215.974   42863.206   26423.925   11949.438   11803.880    4873.984    3573.778   35100.336    1227.857   22177.357   16930.428    2180.587
p20_NATGAS.13_IRONSTL                                                                                            0.817                             488.776
p23_NGL   .11_CHEMICAL                  41.888                                        1468.428                                                                 644.159


----   3356 PARAMETER NGasR_DIO  Intermediate consumption ratio of non energy gas products by industry j in region z

                            02_CHN      03_JPN      04_RUS      07_NAM      08_LAM      09_WEU      10_EEU      11_FSU      12_MEA      13_AFR      15_SAS      16_PAS      17_PAO

p20_NATGAS.11_CHEMICAL       1.000       0.838       1.000       1.000       1.000       0.889       1.000       1.000       1.000       1.000       1.000       0.963       1.000
p20_NATGAS.13_IRONSTL                                                                                            1.000                               1.000
p23_NGL   .11_CHEMICAL                   0.162                                           0.111                                                                   0.037


----   3384 PARAMETER NOil_DIO  Intermediate consumption of non energy oil by industry j in region z

                              16_PAS

p22_CRUDEOIL.11_CHEMICAL    2482.946


----   3384 PARAMETER NOilR_DIO  Intermediate consumption ratio of non-energy oil by industry j in region z

                              16_PAS

p22_CRUDEOIL.11_CHEMICAL       1.000


----   3412 PARAMETER NOilp_DIO  Intermediate consumption of non energy oilproducts by industry j in region z

                                01_KOR      02_CHN      03_JPN      04_RUS      07_NAM      08_LAM      09_WEU      10_EEU      11_FSU      12_MEA      13_AFR      15_SAS      16_PAS      17_PAO

p9_OVENCOKE   .11_CHEMICAL                              77.998                                          21.415
p14_COKEOVGS  .11_CHEMICAL                               1.287
p27_REFINGAS  .11_CHEMICAL                 553.852                             809.858                 214.034                  55.114
p28_ETHANE    .11_CHEMICAL                                                   47245.406    3336.114    2213.627                           33884.332                            2486.392     503.778
p29_LPG       .05_MINING                                                                                15.382
p29_LPG       .07_TEXTILES                                                                                           0.022
p29_LPG       .11_CHEMICAL    4580.828    6046.728    3773.918    8916.977   33310.946      66.037   13705.734     778.472     165.831   15221.287                            5172.369     148.643
p29_LPG       .13_IRONSTL                                                                                            0.001
p30_NONBIOGASO.05_MINING                                                                                                         0.002
p30_NONBIOGASO.11_CHEMICAL                  22.145                                                    2784.943                   0.005
p34_OTHKERO   .11_CHEMICAL                  12.051     630.802                               2.818     216.931                   3.908
p34_OTHKERO   .13_IRONSTL                                                                                0.090
p34_OTHKERO   .14_NONFERR                                                                                0.418
p35_NONBIODIES.05_MINING                                                                                                         1.027
p35_NONBIODIES.06_FOODPRO                                                                                            0.003       0.018
p35_NONBIODIES.08_WOODPRO                                                                                            0.007
p35_NONBIODIES.11_CHEMICAL                 177.478     125.123                3953.942                1235.657      12.212       3.519
p35_NONBIODIES.13_IRONSTL                                                                                            0.046
p36_RESFUEL   .07_TEXTILES                                                                                                       0.955
p36_RESFUEL   .11_CHEMICAL                 313.000     421.246                               0.687     819.039                  13.949                             372.446
p36_RESFUEL   .14_NONFERR                                                                                3.821
p37_NAPHTHA   .06_FOODPRO                                                                                            0.471
p37_NAPHTHA   .11_CHEMICAL   43663.668   61553.031   22658.213    9274.690   11965.454    8440.683   29073.743    3667.005     248.968   15288.352      51.296    9977.362   41062.310
p37_NAPHTHA   .14_NONFERR                                                                                            0.095
p38_WHITESP   .05_MINING         0.141                                          23.622                   1.065       0.004
p38_WHITESP   .06_FOODPRO                                                                                1.041       0.568
p38_WHITESP   .07_TEXTILES       0.992                                                                   3.125       0.001
p38_WHITESP   .08_WOODPRO                                                       57.514                               0.106
p38_WHITESP   .09_PAPERPRO       7.377                                           1.027                   2.083       0.001
p38_WHITESP   .11_CHEMICAL     129.662     876.928                 760.199     515.573                 182.253      51.037       0.786
p38_WHITESP   .13_IRONSTL        0.148                                          72.920                   0.010       0.003
p38_WHITESP   .14_NONFERR        0.165                                                                               0.446
p39_LUBRIC    .05_MINING                                 3.705                 144.309                   6.993      12.060      10.769
p39_LUBRIC    .06_FOODPRO                                                                               28.405       5.010       2.178
p39_LUBRIC    .07_TEXTILES                                                                              18.762       4.594       0.054
p39_LUBRIC    .08_WOODPRO                                                      209.899                   3.960       5.291       1.003
p39_LUBRIC    .09_PAPERPRO                                                       3.010                   9.748       5.091       0.004
p39_LUBRIC    .11_CHEMICAL                                                    1369.303                  82.020       9.936     109.543
p39_LUBRIC    .13_IRONSTL                                                      193.608                  11.009       7.271      21.542
p39_LUBRIC    .14_NONFERR                                                                                4.039       5.622       0.049
p40_BITUMEN   .05_MINING                                                                                 1.732       0.305       4.053
p40_BITUMEN   .07_TEXTILES                                                                               0.053                   5.589
p40_BITUMEN   .08_WOODPRO                                                                                0.002
p40_BITUMEN   .09_PAPERPRO                                                                               0.931
p40_BITUMEN   .11_CHEMICAL                                                                              47.758                   1.872
p40_BITUMEN   .13_IRONSTL                                                                                0.001
p40_BITUMEN   .14_NONFERR                                                                                0.007
p41_PARWAX    .05_MINING                                                         2.866                               0.033
p41_PARWAX    .06_FOODPRO                                                                                2.866       0.086
p41_PARWAX    .07_TEXTILES                                                                               0.955       0.008
p41_PARWAX    .08_WOODPRO                                                        5.732                   7.614       6.324
p41_PARWAX    .09_PAPERPRO                                                                              21.146       0.001
p41_PARWAX    .11_CHEMICAL      13.717                                          53.726      16.698      79.319      17.273       0.207
p41_PARWAX    .13_IRONSTL                                                        7.643                               0.109
p41_PARWAX    .14_NONFERR                                                                                            0.009
p42_PETCOKE   .11_CHEMICAL                             470.341                                         234.086       2.082       2.110                                                      61.814
p42_PETCOKE   .13_IRONSTL                                0.008                                          38.667       3.193                                                                  17.533
p42_PETCOKE   .14_NONFERR                                                                              461.248     147.171                                                                 821.280
p43_ONONSPEC  .05_MINING                                                       180.567
p43_ONONSPEC  .08_WOODPRO                                                      436.610
p43_ONONSPEC  .09_PAPERPRO                                                       7.643                   3.390
p43_ONONSPEC  .11_CHEMICAL    1096.999     981.824    1498.216                3108.818      80.493    5696.800    1716.000     470.144     632.450      15.575    3619.311                1598.097
p43_ONONSPEC  .13_IRONSTL                                                      441.387


----   3412 PARAMETER NOilpR_DIO  Intermediate consumption ratio of non energy oilproducts by industry j in region z

                                01_KOR      02_CHN      03_JPN      04_RUS      07_NAM      08_LAM      09_WEU      10_EEU      11_FSU      12_MEA      13_AFR      15_SAS      16_PAS      17_PAO

p9_OVENCOKE   .11_CHEMICAL                               0.003                                     3.783042E-4
p14_COKEOVGS  .11_CHEMICAL                         4.340270E-5
p27_REFINGAS  .11_CHEMICAL                   0.008                               0.008                   0.004                   0.051
p28_ETHANE    .11_CHEMICAL                                                       0.462       0.279       0.039                               0.521                               0.051       0.218
p29_LPG       .05_MINING                                                                                 0.611
p29_LPG       .07_TEXTILES                                                                                           0.005
p29_LPG       .11_CHEMICAL       0.093       0.086       0.127       0.471       0.326       0.006       0.242       0.124       0.154       0.234                               0.106       0.064
p29_LPG       .13_IRONSTL                                                                                      1.035489E-4
p30_NONBIOGASO.05_MINING                                                                                                   1.324879E-4
p30_NONBIOGASO.11_CHEMICAL             3.139485E-4                                                       0.049             4.925845E-6
p34_OTHKERO   .11_CHEMICAL             1.708464E-4       0.021                         2.359102E-4       0.004                   0.004
p34_OTHKERO   .13_IRONSTL                                                                                0.002
p34_OTHKERO   .14_NONFERR                                                                                0.001
p35_NONBIODIES.05_MINING                                                                                                         0.065
p35_NONBIODIES.06_FOODPRO                                                                                            0.001       0.008
p35_NONBIODIES.08_WOODPRO                                                                                            0.001
p35_NONBIODIES.11_CHEMICAL                   0.003       0.004                   0.039                   0.022       0.002       0.003
p35_NONBIODIES.13_IRONSTL                                                                                            0.004
p36_RESFUEL   .07_TEXTILES                                                                                                       0.145
p36_RESFUEL   .11_CHEMICAL                   0.004       0.014                         5.752069E-5       0.014                   0.013                               0.027
p36_RESFUEL   .14_NONFERR                                                                                0.008
p37_NAPHTHA   .06_FOODPRO                                                                                            0.077
p37_NAPHTHA   .11_CHEMICAL       0.882       0.873       0.764       0.489       0.117       0.707       0.514       0.586       0.231       0.235       0.767       0.714       0.843
p37_NAPHTHA   .14_NONFERR                                                                                            0.001
p38_WHITESP   .05_MINING         1.000                                           0.067                   0.042 3.386441E-4
p38_WHITESP   .06_FOODPRO                                                                                0.032       0.093
p38_WHITESP   .07_TEXTILES       1.000                                                                   0.136 2.161882E-4
p38_WHITESP   .08_WOODPRO                                                        0.081                               0.009
p38_WHITESP   .09_PAPERPRO       1.000                                           0.088                   0.056 1.963518E-4
p38_WHITESP   .11_CHEMICAL       0.003       0.012                   0.040       0.005                   0.003       0.008       0.001
p38_WHITESP   .13_IRONSTL        1.000                                           0.102             2.089302E-4 2.918196E-4
p38_WHITESP   .14_NONFERR        1.000                                                                               0.003
p39_LUBRIC    .05_MINING                                 1.000                   0.411                   0.278       0.972       0.679
p39_LUBRIC    .06_FOODPRO                                                                                0.879       0.816       0.992
p39_LUBRIC    .07_TEXTILES                                                                               0.819       0.993       0.008
p39_LUBRIC    .08_WOODPRO                                                        0.296                   0.342       0.451       1.000
p39_LUBRIC    .09_PAPERPRO                                                       0.258                   0.261       1.000       1.000
p39_LUBRIC    .11_CHEMICAL                                                       0.013                   0.001       0.002       0.102
p39_LUBRIC    .13_IRONSTL                                                        0.271                   0.221       0.684       1.000
p39_LUBRIC    .14_NONFERR                                                                                0.009       0.037       1.000
p40_BITUMEN   .05_MINING                                                                                 0.069       0.025       0.256
p40_BITUMEN   .07_TEXTILES                                                                               0.002                   0.847
p40_BITUMEN   .08_WOODPRO                                                                          1.641228E-4
p40_BITUMEN   .09_PAPERPRO                                                                               0.025
p40_BITUMEN   .11_CHEMICAL                                                                               0.001                   0.002
p40_BITUMEN   .13_IRONSTL                                                                          1.808049E-5
p40_BITUMEN   .14_NONFERR                                                                          1.597327E-5
p41_PARWAX    .05_MINING                                                         0.008                               0.003
p41_PARWAX    .06_FOODPRO                                                                                0.089       0.014
p41_PARWAX    .07_TEXTILES                                                                               0.042       0.002
p41_PARWAX    .08_WOODPRO                                                        0.008                   0.658       0.539
p41_PARWAX    .09_PAPERPRO                                                                               0.567 1.570814E-4
p41_PARWAX    .11_CHEMICAL 2.772039E-4                                           0.001       0.001       0.001       0.003 1.926656E-4
p41_PARWAX    .13_IRONSTL                                                        0.011                               0.010
p41_PARWAX    .14_NONFERR                                                                                      5.999630E-5
p42_PETCOKE   .11_CHEMICAL                               0.016                                           0.004 3.328581E-4       0.002                                                       0.027
p42_PETCOKE   .13_IRONSTL                                1.000                                           0.777       0.301                                                                   1.000
p42_PETCOKE   .14_NONFERR                                                                                0.982       0.960                                                                   1.000
p43_ONONSPEC  .05_MINING                                                         0.514
p43_ONONSPEC  .08_WOODPRO                                                        0.615
p43_ONONSPEC  .09_PAPERPRO                                                       0.654                   0.091
p43_ONONSPEC  .11_CHEMICAL       0.022       0.014       0.051                   0.030       0.007       0.101       0.274       0.437       0.010       0.233       0.259                   0.691
p43_ONONSPEC  .13_IRONSTL                                                        0.617

GAMS 45.7.0  64fbf3ce Jan 18, 2024          WEX-WEI x86 64bit/MS Windows - 04/29/26 18:09:43 Page 3
GUIDE_GLOBAL_CGE model GTAP11c
Range Statistics    SOLVE CGE Using CNS From line 5512


RANGE STATISTICS (ABSOLUTE NON-ZERO FINITE VALUES)

RHS       [min, max] : [ 4.118E-05, 5.315E+03] - Zero values observed as well
Bound     [min, max] : [        NA,        NA]
Matrix    [min, max] : [ 1.091E-20, 2.266E+05] - Zero values observed as well

GAMS 45.7.0  64fbf3ce Jan 18, 2024          WEX-WEI x86 64bit/MS Windows - 04/29/26 18:09:43 Page 4
GUIDE_GLOBAL_CGE model GTAP11c
Model Statistics    SOLVE CGE Using CNS From line 5512


LOOPS                                 TIME   2019


MODEL STATISTICS

BLOCKS OF EQUATIONS         142     SINGLE EQUATIONS       92,895
BLOCKS OF VARIABLES         147     SINGLE VARIABLES       92,895
NON ZERO ELEMENTS       463,984     NON LINEAR N-Z        288,472
CODE LENGTH             836,863     CONSTANT POOL          59,574
SINGLE =E|X= EQUS        92,895     SINGLE UNFIXED VARS    92,895


GENERATION TIME      =        1.062 SECONDS     98 MB  45.7.0 64fbf3ce WEX-WEI
               L O O P S               TIME 2019

GAMS 45.7.0  64fbf3ce Jan 18, 2024          WEX-WEI x86 64bit/MS Windows - 04/29/26 18:09:43 Page 5
GUIDE_GLOBAL_CGE model GTAP11c
Solution Report     SOLVE CGE Using CNS From line 5512


               S O L V E      S U M M A R Y

     MODEL   CGE                 
     TYPE    CNS                 
     SOLVER  CONOPT4             FROM LINE  5512

**** SOLVER STATUS     1 Normal Completion
**** MODEL STATUS      16 Solved

 RESOURCE USAGE, LIMIT          1.578 10000000000.000
 ITERATION COUNT, LIMIT         1    2147483647
 EVALUATION ERRORS              0             0
 
 
    C O N O P T   version 4.31
    Copyright (C) ARKI Consulting and Development A/S
                  Bagsvaerdvej 246 A
                  DK-2880 Bagsvaerd, Denmark
 
    408 constant coefficients less than 1.0E-20 (=Tol_Zero) have been removed.
    463576 coefficients left.
 
    The user model has 92895 constraints and 92895 variables
    with 463576 Jacobian elements, 288472 of which are nonlinear.
 
    The pre-triangular part of the model has 9117 constraints and variables.
    The post-triangular part of the model has 1040 constraints and variables.
 
    Preprocessed model has 82738 constraints and 82738 variables
    with 393437 Jacobian elements, 237760 of which are nonlinear.
 
 ** Feasible solution to a square system.
 
 
 CONOPT time Total                            1.556 seconds
   of which: Function evaluations             0.148 =  9.5%
             1st Derivative evaluations       0.176 = 11.3%
 


**** REPORT SUMMARY :        0 INFEASIBLE
                             0  DEPENDENT
                             0     ERRORS
GAMS 45.7.0  64fbf3ce Jan 18, 2024          WEX-WEI x86 64bit/MS Windows - 04/29/26 18:09:43 Page 6
GUIDE_GLOBAL_CGE model GTAP11c
Range Statistics    SOLVE CGE Using CNS From line 5512


RANGE STATISTICS (ABSOLUTE NON-ZERO FINITE VALUES)

RHS       [min, max] : [ 4.171E-05, 5.577E+03] - Zero values observed as well
Bound     [min, max] : [ 1.972E-10, 4.000E-01]
Matrix    [min, max] : [ 1.091E-20, 2.266E+05] - Zero values observed as well

GAMS 45.7.0  64fbf3ce Jan 18, 2024          WEX-WEI x86 64bit/MS Windows - 04/29/26 18:09:43 Page 7
GUIDE_GLOBAL_CGE model GTAP11c
Model Statistics    SOLVE CGE Using CNS From line 5512


LOOPS                                 TIME   2020


MODEL STATISTICS

BLOCKS OF EQUATIONS         142     SINGLE EQUATIONS       92,895
BLOCKS OF VARIABLES         147     SINGLE VARIABLES       92,895
NON ZERO ELEMENTS       463,984     NON LINEAR N-Z        288,472
CODE LENGTH             836,863     CONSTANT POOL          59,574
SINGLE =E|X= EQUS        92,895     SINGLE UNFIXED VARS    92,895


GENERATION TIME      =        1.078 SECONDS    113 MB  45.7.0 64fbf3ce WEX-WEI
               L O O P S               TIME 2020

GAMS 45.7.0  64fbf3ce Jan 18, 2024          WEX-WEI x86 64bit/MS Windows - 04/29/26 18:09:43 Page 8
GUIDE_GLOBAL_CGE model GTAP11c
Solution Report     SOLVE CGE Using CNS From line 5512


               S O L V E      S U M M A R Y

     MODEL   CGE                 
     TYPE    CNS                 
     SOLVER  CONOPT4             FROM LINE  5512

**** SOLVER STATUS     1 Normal Completion
**** MODEL STATUS      16 Solved

 RESOURCE USAGE, LIMIT          4.562 10000000000.000
 ITERATION COUNT, LIMIT         6    2147483647
 EVALUATION ERRORS              0             0
 
 
    C O N O P T   version 4.31
    Copyright (C) ARKI Consulting and Development A/S
                  Bagsvaerdvej 246 A
                  DK-2880 Bagsvaerd, Denmark
 
    408 constant coefficients less than 1.0E-20 (=Tol_Zero) have been removed.
    463576 coefficients left.
 
    The user model has 92895 constraints and 92895 variables
    with 463576 Jacobian elements, 288472 of which are nonlinear.
 
    The pre-triangular part of the model has 9117 constraints and variables.
    The post-triangular part of the model has 1040 constraints and variables.
 
    Preprocessed model has 82738 constraints and 82738 variables
    with 393437 Jacobian elements, 237760 of which are nonlinear.
 
 ** Feasible solution to a square system.
 
 
 CONOPT time Total                            4.583 seconds
   of which: Function evaluations             0.337 =  7.4%
             1st Derivative evaluations       0.247 =  5.4%
 


**** REPORT SUMMARY :        0 INFEASIBLE
                             0  DEPENDENT
                             0     ERRORS
GAMS 45.7.0  64fbf3ce Jan 18, 2024          WEX-WEI x86 64bit/MS Windows - 04/29/26 18:09:43 Page 9
GUIDE_GLOBAL_CGE model GTAP11c
Range Statistics    SOLVE CGE Using CNS From line 5512


RANGE STATISTICS (ABSOLUTE NON-ZERO FINITE VALUES)

RHS       [min, max] : [ 4.199E-05, 5.815E+03] - Zero values observed as well
Bound     [min, max] : [ 1.810E-10, 4.198E-01]
Matrix    [min, max] : [ 1.090E-20, 2.280E+05] - Zero values observed as well

GAMS 45.7.0  64fbf3ce Jan 18, 2024          WEX-WEI x86 64bit/MS Windows - 04/29/26 18:09:43 Page 10
GUIDE_GLOBAL_CGE model GTAP11c
Model Statistics    SOLVE CGE Using CNS From line 5512


LOOPS                                 TIME   2021


MODEL STATISTICS

BLOCKS OF EQUATIONS         142     SINGLE EQUATIONS       92,895
BLOCKS OF VARIABLES         147     SINGLE VARIABLES       92,895
NON ZERO ELEMENTS       463,984     NON LINEAR N-Z        288,472
CODE LENGTH             836,880     CONSTANT POOL          59,749
SINGLE =E|X= EQUS        92,895     SINGLE UNFIXED VARS    92,895


GENERATION TIME      =        1.375 SECONDS    125 MB  45.7.0 64fbf3ce WEX-WEI
               L O O P S               TIME 2021

GAMS 45.7.0  64fbf3ce Jan 18, 2024          WEX-WEI x86 64bit/MS Windows - 04/29/26 18:09:43 Page 11
GUIDE_GLOBAL_CGE model GTAP11c
Solution Report     SOLVE CGE Using CNS From line 5512


               S O L V E      S U M M A R Y

     MODEL   CGE                 
     TYPE    CNS                 
     SOLVER  CONOPT4             FROM LINE  5512

**** SOLVER STATUS     1 Normal Completion
**** MODEL STATUS      16 Solved

 RESOURCE USAGE, LIMIT          4.641 10000000000.000
 ITERATION COUNT, LIMIT         5    2147483647
 EVALUATION ERRORS              0             0
 
 
    C O N O P T   version 4.31
    Copyright (C) ARKI Consulting and Development A/S
                  Bagsvaerdvej 246 A
                  DK-2880 Bagsvaerd, Denmark
 
    408 constant coefficients less than 1.0E-20 (=Tol_Zero) have been removed.
    463576 coefficients left.
 
    The user model has 92895 constraints and 92895 variables
    with 463576 Jacobian elements, 288472 of which are nonlinear.
 
    The pre-triangular part of the model has 9117 constraints and variables.
    The post-triangular part of the model has 1040 constraints and variables.
 
    Preprocessed model has 82738 constraints and 82738 variables
    with 393437 Jacobian elements, 237760 of which are nonlinear.
 
 ** Feasible solution to a square system.
 
 
 CONOPT time Total                            4.660 seconds
   of which: Function evaluations             0.709 = 15.2%
             1st Derivative evaluations       0.221 =  4.7%
 


**** REPORT SUMMARY :        0 INFEASIBLE
                             0  DEPENDENT
                             0     ERRORS
GAMS 45.7.0  64fbf3ce Jan 18, 2024          WEX-WEI x86 64bit/MS Windows - 04/29/26 18:09:43 Page 12
GUIDE_GLOBAL_CGE model GTAP11c
Range Statistics    SOLVE CGE Using CNS From line 5512


RANGE STATISTICS (ABSOLUTE NON-ZERO FINITE VALUES)

RHS       [min, max] : [ 4.196E-05, 6.069E+03] - Zero values observed as well
Bound     [min, max] : [ 1.415E-10, 4.381E-01]
Matrix    [min, max] : [ 1.103E-20, 2.324E+05] - Zero values observed as well

GAMS 45.7.0  64fbf3ce Jan 18, 2024          WEX-WEI x86 64bit/MS Windows - 04/29/26 18:09:43 Page 13
GUIDE_GLOBAL_CGE model GTAP11c
Model Statistics    SOLVE CGE Using CNS From line 5512


LOOPS                                 TIME   2022


MODEL STATISTICS

BLOCKS OF EQUATIONS         142     SINGLE EQUATIONS       92,895
BLOCKS OF VARIABLES         147     SINGLE VARIABLES       92,895
NON ZERO ELEMENTS       463,984     NON LINEAR N-Z        288,472
CODE LENGTH             836,880     CONSTANT POOL          59,784
SINGLE =E|X= EQUS        92,895     SINGLE UNFIXED VARS    92,895


GENERATION TIME      =        1.422 SECONDS    138 MB  45.7.0 64fbf3ce WEX-WEI
               L O O P S               TIME 2022

GAMS 45.7.0  64fbf3ce Jan 18, 2024          WEX-WEI x86 64bit/MS Windows - 04/29/26 18:09:43 Page 14
GUIDE_GLOBAL_CGE model GTAP11c
Solution Report     SOLVE CGE Using CNS From line 5512


               S O L V E      S U M M A R Y

     MODEL   CGE                 
     TYPE    CNS                 
     SOLVER  CONOPT4             FROM LINE  5512

**** SOLVER STATUS     1 Normal Completion
**** MODEL STATUS      16 Solved

 RESOURCE USAGE, LIMIT          4.156 10000000000.000
 ITERATION COUNT, LIMIT         4    2147483647
 EVALUATION ERRORS              0             0
 
 
    C O N O P T   version 4.31
    Copyright (C) ARKI Consulting and Development A/S
                  Bagsvaerdvej 246 A
                  DK-2880 Bagsvaerd, Denmark
 
    408 constant coefficients less than 1.0E-20 (=Tol_Zero) have been removed.
    463576 coefficients left.
 
    The user model has 92895 constraints and 92895 variables
    with 463576 Jacobian elements, 288472 of which are nonlinear.
 
    The pre-triangular part of the model has 9117 constraints and variables.
    The post-triangular part of the model has 1040 constraints and variables.
 
    Preprocessed model has 82738 constraints and 82738 variables
    with 393437 Jacobian elements, 237760 of which are nonlinear.
 
 ** Feasible solution to a square system.
 
 
 CONOPT time Total                            4.195 seconds
   of which: Function evaluations             0.827 = 19.7%
             1st Derivative evaluations       0.207 =  4.9%
 


**** REPORT SUMMARY :        0 INFEASIBLE
                             0  DEPENDENT
                             0     ERRORS
GAMS 45.7.0  64fbf3ce Jan 18, 2024          WEX-WEI x86 64bit/MS Windows - 04/29/26 18:09:43 Page 15
GUIDE_GLOBAL_CGE model GTAP11c
Range Statistics    SOLVE CGE Using CNS From line 5512


RANGE STATISTICS (ABSOLUTE NON-ZERO FINITE VALUES)

RHS       [min, max] : [ 4.205E-05, 6.314E+03] - Zero values observed as well
Bound     [min, max] : [ 1.282E-10, 4.579E-01]
Matrix    [min, max] : [ 1.077E-20, 2.343E+05] - Zero values observed as well

GAMS 45.7.0  64fbf3ce Jan 18, 2024          WEX-WEI x86 64bit/MS Windows - 04/29/26 18:09:43 Page 16
GUIDE_GLOBAL_CGE model GTAP11c
Model Statistics    SOLVE CGE Using CNS From line 5512


LOOPS                                 TIME   2023


MODEL STATISTICS

BLOCKS OF EQUATIONS         142     SINGLE EQUATIONS       92,895
BLOCKS OF VARIABLES         147     SINGLE VARIABLES       92,895
NON ZERO ELEMENTS       463,984     NON LINEAR N-Z        288,472
CODE LENGTH             836,880     CONSTANT POOL          59,785
SINGLE =E|X= EQUS        92,895     SINGLE UNFIXED VARS    92,895


GENERATION TIME      =        1.453 SECONDS    151 MB  45.7.0 64fbf3ce WEX-WEI
               L O O P S               TIME 2023

GAMS 45.7.0  64fbf3ce Jan 18, 2024          WEX-WEI x86 64bit/MS Windows - 04/29/26 18:09:43 Page 17
GUIDE_GLOBAL_CGE model GTAP11c
Solution Report     SOLVE CGE Using CNS From line 5512


               S O L V E      S U M M A R Y

     MODEL   CGE                 
     TYPE    CNS                 
     SOLVER  CONOPT4             FROM LINE  5512

**** SOLVER STATUS     1 Normal Completion
**** MODEL STATUS      16 Solved

 RESOURCE USAGE, LIMIT          4.000 10000000000.000
 ITERATION COUNT, LIMIT         5    2147483647
 EVALUATION ERRORS              0             0
 
 
    C O N O P T   version 4.31
    Copyright (C) ARKI Consulting and Development A/S
                  Bagsvaerdvej 246 A
                  DK-2880 Bagsvaerd, Denmark
 
    408 constant coefficients less than 1.0E-20 (=Tol_Zero) have been removed.
    463576 coefficients left.
 
    The user model has 92895 constraints and 92895 variables
    with 463576 Jacobian elements, 288472 of which are nonlinear.
 
    The pre-triangular part of the model has 9117 constraints and variables.
    The post-triangular part of the model has 1040 constraints and variables.
 
    Preprocessed model has 82738 constraints and 82738 variables
    with 393437 Jacobian elements, 237760 of which are nonlinear.
 
 ** Feasible solution to a square system.
 
 
 CONOPT time Total                            4.019 seconds
   of which: Function evaluations             0.367 =  9.1%
             1st Derivative evaluations       0.177 =  4.4%
 


**** REPORT SUMMARY :        0 INFEASIBLE
                             0  DEPENDENT
                             0     ERRORS
GAMS 45.7.0  64fbf3ce Jan 18, 2024          WEX-WEI x86 64bit/MS Windows - 04/29/26 18:09:43 Page 18
GUIDE_GLOBAL_CGE model GTAP11c
Range Statistics    SOLVE CGE Using CNS From line 5512


RANGE STATISTICS (ABSOLUTE NON-ZERO FINITE VALUES)

RHS       [min, max] : [ 4.247E-05, 6.553E+03] - Zero values observed as well
Bound     [min, max] : [ 1.211E-10, 4.771E-01]
Matrix    [min, max] : [ 1.061E-20, 2.366E+05] - Zero values observed as well

GAMS 45.7.0  64fbf3ce Jan 18, 2024          WEX-WEI x86 64bit/MS Windows - 04/29/26 18:09:43 Page 19
GUIDE_GLOBAL_CGE model GTAP11c
Model Statistics    SOLVE CGE Using CNS From line 5512


LOOPS                                 TIME   2024


MODEL STATISTICS

BLOCKS OF EQUATIONS         142     SINGLE EQUATIONS       92,895
BLOCKS OF VARIABLES         147     SINGLE VARIABLES       92,895
NON ZERO ELEMENTS       463,984     NON LINEAR N-Z        288,472
CODE LENGTH             836,880     CONSTANT POOL          59,785
SINGLE =E|X= EQUS        92,895     SINGLE UNFIXED VARS    92,895


GENERATION TIME      =        1.359 SECONDS    164 MB  45.7.0 64fbf3ce WEX-WEI
               L O O P S               TIME 2024

GAMS 45.7.0  64fbf3ce Jan 18, 2024          WEX-WEI x86 64bit/MS Windows - 04/29/26 18:09:43 Page 20
GUIDE_GLOBAL_CGE model GTAP11c
Solution Report     SOLVE CGE Using CNS From line 5512


               S O L V E      S U M M A R Y

     MODEL   CGE                 
     TYPE    CNS                 
     SOLVER  CONOPT4             FROM LINE  5512

**** SOLVER STATUS     1 Normal Completion
**** MODEL STATUS      16 Solved

 RESOURCE USAGE, LIMIT          2.250 10000000000.000
 ITERATION COUNT, LIMIT         2    2147483647
 EVALUATION ERRORS              0             0
 
 
    C O N O P T   version 4.31
    Copyright (C) ARKI Consulting and Development A/S
                  Bagsvaerdvej 246 A
                  DK-2880 Bagsvaerd, Denmark
 
    408 constant coefficients less than 1.0E-20 (=Tol_Zero) have been removed.
    463576 coefficients left.
 
    The user model has 92895 constraints and 92895 variables
    with 463576 Jacobian elements, 288472 of which are nonlinear.
 
    The pre-triangular part of the model has 9117 constraints and variables.
    The post-triangular part of the model has 1040 constraints and variables.
 
    Preprocessed model has 82738 constraints and 82738 variables
    with 393437 Jacobian elements, 237760 of which are nonlinear.
 
 ** Feasible solution to a square system.
 
 
 CONOPT time Total                            2.299 seconds
   of which: Function evaluations             0.457 = 19.9%
             1st Derivative evaluations       0.137 =  6.0%
 


**** REPORT SUMMARY :        0 INFEASIBLE
                             0  DEPENDENT
                             0     ERRORS
GAMS 45.7.0  64fbf3ce Jan 18, 2024          WEX-WEI x86 64bit/MS Windows - 04/29/26 18:09:43 Page 21
GUIDE_GLOBAL_CGE model GTAP11c
Range Statistics    SOLVE CGE Using CNS From line 5512


RANGE STATISTICS (ABSOLUTE NON-ZERO FINITE VALUES)

RHS       [min, max] : [ 4.325E-05, 7.037E+03] - Zero values observed as well
Bound     [min, max] : [ 1.173E-10, 4.959E-01]
Matrix    [min, max] : [ 1.044E-20, 2.390E+05] - Zero values observed as well

GAMS 45.7.0  64fbf3ce Jan 18, 2024          WEX-WEI x86 64bit/MS Windows - 04/29/26 18:09:43 Page 22
GUIDE_GLOBAL_CGE model GTAP11c
Model Statistics    SOLVE CGE Using CNS From line 5512


LOOPS                                 TIME   2025


MODEL STATISTICS

BLOCKS OF EQUATIONS         142     SINGLE EQUATIONS       92,895
BLOCKS OF VARIABLES         147     SINGLE VARIABLES       92,895
NON ZERO ELEMENTS       463,984     NON LINEAR N-Z        288,472
CODE LENGTH             836,880     CONSTANT POOL          59,785
SINGLE =E|X= EQUS        92,895     SINGLE UNFIXED VARS    92,895


GENERATION TIME      =        1.688 SECONDS    176 MB  45.7.0 64fbf3ce WEX-WEI
               L O O P S               TIME 2025

GAMS 45.7.0  64fbf3ce Jan 18, 2024          WEX-WEI x86 64bit/MS Windows - 04/29/26 18:09:43 Page 23
GUIDE_GLOBAL_CGE model GTAP11c
Solution Report     SOLVE CGE Using CNS From line 5512


               S O L V E      S U M M A R Y

     MODEL   CGE                 
     TYPE    CNS                 
     SOLVER  CONOPT4             FROM LINE  5512

**** SOLVER STATUS     1 Normal Completion
**** MODEL STATUS      16 Solved

 RESOURCE USAGE, LIMIT          2.031 10000000000.000
 ITERATION COUNT, LIMIT         2    2147483647
 EVALUATION ERRORS              0             0
 
 
    C O N O P T   version 4.31
    Copyright (C) ARKI Consulting and Development A/S
                  Bagsvaerdvej 246 A
                  DK-2880 Bagsvaerd, Denmark
 
    336 constant coefficients less than 1.0E-20 (=Tol_Zero) have been removed.
    463648 coefficients left.
 
    The user model has 92895 constraints and 92895 variables
    with 463648 Jacobian elements, 288472 of which are nonlinear.
 
    The pre-triangular part of the model has 9042 constraints and variables.
    The post-triangular part of the model has 1040 constraints and variables.
 
    Preprocessed model has 82813 constraints and 82813 variables
    with 393767 Jacobian elements, 237853 of which are nonlinear.
 
 ** Feasible solution to a square system.
 
 
 CONOPT time Total                            2.055 seconds
   of which: Function evaluations             0.336 = 16.4%
             1st Derivative evaluations       0.123 =  6.0%
 


**** REPORT SUMMARY :        0 INFEASIBLE
                             0  DEPENDENT
                             0     ERRORS
GAMS 45.7.0  64fbf3ce Jan 18, 2024          WEX-WEI x86 64bit/MS Windows - 04/29/26 18:09:43 Page 24
GUIDE_GLOBAL_CGE model GTAP11c
Range Statistics    SOLVE CGE Using CNS From line 5512


RANGE STATISTICS (ABSOLUTE NON-ZERO FINITE VALUES)

RHS       [min, max] : [ 4.439E-05, 7.587E+03] - Zero values observed as well
Bound     [min, max] : [ 1.149E-10, 5.144E-01]
Matrix    [min, max] : [ 1.034E-20, 2.414E+05] - Zero values observed as well

GAMS 45.7.0  64fbf3ce Jan 18, 2024          WEX-WEI x86 64bit/MS Windows - 04/29/26 18:09:43 Page 25
GUIDE_GLOBAL_CGE model GTAP11c
Model Statistics    SOLVE CGE Using CNS From line 5512


LOOPS                                 TIME   2026


MODEL STATISTICS

BLOCKS OF EQUATIONS         142     SINGLE EQUATIONS       92,895
BLOCKS OF VARIABLES         147     SINGLE VARIABLES       92,895
NON ZERO ELEMENTS       463,984     NON LINEAR N-Z        288,472
CODE LENGTH             836,880     CONSTANT POOL          59,785
SINGLE =E|X= EQUS        92,895     SINGLE UNFIXED VARS    92,895


GENERATION TIME      =        1.641 SECONDS    189 MB  45.7.0 64fbf3ce WEX-WEI
               L O O P S               TIME 2026

GAMS 45.7.0  64fbf3ce Jan 18, 2024          WEX-WEI x86 64bit/MS Windows - 04/29/26 18:09:43 Page 26
GUIDE_GLOBAL_CGE model GTAP11c
Solution Report     SOLVE CGE Using CNS From line 5512


               S O L V E      S U M M A R Y

     MODEL   CGE                 
     TYPE    CNS                 
     SOLVER  CONOPT4             FROM LINE  5512

**** SOLVER STATUS     1 Normal Completion
**** MODEL STATUS      16 Solved

 RESOURCE USAGE, LIMIT          3.219 10000000000.000
 ITERATION COUNT, LIMIT         2    2147483647
 EVALUATION ERRORS              0             0
 
 
    C O N O P T   version 4.31
    Copyright (C) ARKI Consulting and Development A/S
                  Bagsvaerdvej 246 A
                  DK-2880 Bagsvaerd, Denmark
 
    336 constant coefficients less than 1.0E-20 (=Tol_Zero) have been removed.
    463648 coefficients left.
 
    The user model has 92895 constraints and 92895 variables
    with 463648 Jacobian elements, 288472 of which are nonlinear.
 
    The pre-triangular part of the model has 9042 constraints and variables.
    The post-triangular part of the model has 1040 constraints and variables.
 
    Preprocessed model has 82813 constraints and 82813 variables
    with 393767 Jacobian elements, 237853 of which are nonlinear.
 
 ** Feasible solution to a square system.
 
 
 CONOPT time Total                            3.258 seconds
   of which: Function evaluations             0.788 = 24.2%
             1st Derivative evaluations       0.108 =  3.3%
 


**** REPORT SUMMARY :        0 INFEASIBLE
                             0  DEPENDENT
                             0     ERRORS
GAMS 45.7.0  64fbf3ce Jan 18, 2024          WEX-WEI x86 64bit/MS Windows - 04/29/26 18:09:43 Page 27
GUIDE_GLOBAL_CGE model GTAP11c
Range Statistics    SOLVE CGE Using CNS From line 5512


RANGE STATISTICS (ABSOLUTE NON-ZERO FINITE VALUES)

RHS       [min, max] : [ 4.585E-05, 8.160E+03] - Zero values observed as well
Bound     [min, max] : [ 1.097E-10, 5.324E-01]
Matrix    [min, max] : [ 1.021E-20, 2.446E+05] - Zero values observed as well

GAMS 45.7.0  64fbf3ce Jan 18, 2024          WEX-WEI x86 64bit/MS Windows - 04/29/26 18:09:43 Page 28
GUIDE_GLOBAL_CGE model GTAP11c
Model Statistics    SOLVE CGE Using CNS From line 5512


LOOPS                                 TIME   2027


MODEL STATISTICS

BLOCKS OF EQUATIONS         142     SINGLE EQUATIONS       92,895
BLOCKS OF VARIABLES         147     SINGLE VARIABLES       92,895
NON ZERO ELEMENTS       463,984     NON LINEAR N-Z        288,472
CODE LENGTH             836,880     CONSTANT POOL          59,785
SINGLE =E|X= EQUS        92,895     SINGLE UNFIXED VARS    92,895


GENERATION TIME      =        1.812 SECONDS    202 MB  45.7.0 64fbf3ce WEX-WEI
               L O O P S               TIME 2027

GAMS 45.7.0  64fbf3ce Jan 18, 2024          WEX-WEI x86 64bit/MS Windows - 04/29/26 18:09:43 Page 29
GUIDE_GLOBAL_CGE model GTAP11c
Solution Report     SOLVE CGE Using CNS From line 5512


               S O L V E      S U M M A R Y

     MODEL   CGE                 
     TYPE    CNS                 
     SOLVER  CONOPT4             FROM LINE  5512

**** SOLVER STATUS     1 Normal Completion
**** MODEL STATUS      16 Solved

 RESOURCE USAGE, LIMIT          1.921 10000000000.000
 ITERATION COUNT, LIMIT         1    2147483647
 EVALUATION ERRORS              0             0
 
 
    C O N O P T   version 4.31
    Copyright (C) ARKI Consulting and Development A/S
                  Bagsvaerdvej 246 A
                  DK-2880 Bagsvaerd, Denmark
 
    336 constant coefficients less than 1.0E-20 (=Tol_Zero) have been removed.
    463648 coefficients left.
 
    The user model has 92895 constraints and 92895 variables
    with 463648 Jacobian elements, 288472 of which are nonlinear.
 
    The pre-triangular part of the model has 9042 constraints and variables.
    The post-triangular part of the model has 1040 constraints and variables.
 
    Preprocessed model has 82813 constraints and 82813 variables
    with 393767 Jacobian elements, 237853 of which are nonlinear.
 
 ** Feasible solution to a square system.
 
 
 CONOPT time Total                            1.971 seconds
   of which: Function evaluations             0.546 = 27.7%
             1st Derivative evaluations       0.134 =  6.8%
 


**** REPORT SUMMARY :        0 INFEASIBLE
                             0  DEPENDENT
                             0     ERRORS
GAMS 45.7.0  64fbf3ce Jan 18, 2024          WEX-WEI x86 64bit/MS Windows - 04/29/26 18:09:43 Page 30
GUIDE_GLOBAL_CGE model GTAP11c
Range Statistics    SOLVE CGE Using CNS From line 5512


RANGE STATISTICS (ABSOLUTE NON-ZERO FINITE VALUES)

RHS       [min, max] : [ 4.765E-05, 8.755E+03] - Zero values observed as well
Bound     [min, max] : [ 1.058E-10, 5.502E-01]
Matrix    [min, max] : [ 1.013E-20, 2.475E+05] - Zero values observed as well

GAMS 45.7.0  64fbf3ce Jan 18, 2024          WEX-WEI x86 64bit/MS Windows - 04/29/26 18:09:43 Page 31
GUIDE_GLOBAL_CGE model GTAP11c
Model Statistics    SOLVE CGE Using CNS From line 5512


LOOPS                                 TIME   2028


MODEL STATISTICS

BLOCKS OF EQUATIONS         142     SINGLE EQUATIONS       92,895
BLOCKS OF VARIABLES         147     SINGLE VARIABLES       92,895
NON ZERO ELEMENTS       463,984     NON LINEAR N-Z        288,472
CODE LENGTH             836,880     CONSTANT POOL          59,785
SINGLE =E|X= EQUS        92,895     SINGLE UNFIXED VARS    92,895


GENERATION TIME      =        1.578 SECONDS    215 MB  45.7.0 64fbf3ce WEX-WEI
               L O O P S               TIME 2028

GAMS 45.7.0  64fbf3ce Jan 18, 2024          WEX-WEI x86 64bit/MS Windows - 04/29/26 18:09:43 Page 32
GUIDE_GLOBAL_CGE model GTAP11c
Solution Report     SOLVE CGE Using CNS From line 5512


               S O L V E      S U M M A R Y

     MODEL   CGE                 
     TYPE    CNS                 
     SOLVER  CONOPT4             FROM LINE  5512

**** SOLVER STATUS     1 Normal Completion
**** MODEL STATUS      16 Solved

 RESOURCE USAGE, LIMIT          1.812 10000000000.000
 ITERATION COUNT, LIMIT         1    2147483647
 EVALUATION ERRORS              0             0
 
 
    C O N O P T   version 4.31
    Copyright (C) ARKI Consulting and Development A/S
                  Bagsvaerdvej 246 A
                  DK-2880 Bagsvaerd, Denmark
 
    336 constant coefficients less than 1.0E-20 (=Tol_Zero) have been removed.
    463648 coefficients left.
 
    The user model has 92895 constraints and 92895 variables
    with 463648 Jacobian elements, 288472 of which are nonlinear.
 
    The pre-triangular part of the model has 9042 constraints and variables.
    The post-triangular part of the model has 1040 constraints and variables.
 
    Preprocessed model has 82813 constraints and 82813 variables
    with 393767 Jacobian elements, 237853 of which are nonlinear.
 
 ** Feasible solution to a square system.
 
 
 CONOPT time Total                            1.842 seconds
   of which: Function evaluations             0.510 = 27.7%
             1st Derivative evaluations       0.130 =  7.1%
 


**** REPORT SUMMARY :        0 INFEASIBLE
                             0  DEPENDENT
                             0     ERRORS
GAMS 45.7.0  64fbf3ce Jan 18, 2024          WEX-WEI x86 64bit/MS Windows - 04/29/26 18:09:43 Page 33
GUIDE_GLOBAL_CGE model GTAP11c
Range Statistics    SOLVE CGE Using CNS From line 5512


RANGE STATISTICS (ABSOLUTE NON-ZERO FINITE VALUES)

RHS       [min, max] : [ 4.979E-05, 9.371E+03] - Zero values observed as well
Bound     [min, max] : [ 1.029E-10, 5.677E-01]
Matrix    [min, max] : [ 1.007E-20, 2.504E+05] - Zero values observed as well

GAMS 45.7.0  64fbf3ce Jan 18, 2024          WEX-WEI x86 64bit/MS Windows - 04/29/26 18:09:43 Page 34
GUIDE_GLOBAL_CGE model GTAP11c
Model Statistics    SOLVE CGE Using CNS From line 5512


LOOPS                                 TIME   2029


MODEL STATISTICS

BLOCKS OF EQUATIONS         142     SINGLE EQUATIONS       92,895
BLOCKS OF VARIABLES         147     SINGLE VARIABLES       92,895
NON ZERO ELEMENTS       463,984     NON LINEAR N-Z        288,472
CODE LENGTH             836,880     CONSTANT POOL          59,785
SINGLE =E|X= EQUS        92,895     SINGLE UNFIXED VARS    92,895


GENERATION TIME      =        1.656 SECONDS    228 MB  45.7.0 64fbf3ce WEX-WEI
               L O O P S               TIME 2029

GAMS 45.7.0  64fbf3ce Jan 18, 2024          WEX-WEI x86 64bit/MS Windows - 04/29/26 18:09:43 Page 35
GUIDE_GLOBAL_CGE model GTAP11c
Solution Report     SOLVE CGE Using CNS From line 5512


               S O L V E      S U M M A R Y

     MODEL   CGE                 
     TYPE    CNS                 
     SOLVER  CONOPT4             FROM LINE  5512

**** SOLVER STATUS     1 Normal Completion
**** MODEL STATUS      16 Solved

 RESOURCE USAGE, LIMIT          2.125 10000000000.000
 ITERATION COUNT, LIMIT         1    2147483647
 EVALUATION ERRORS              0             0
 
 
    C O N O P T   version 4.31
    Copyright (C) ARKI Consulting and Development A/S
                  Bagsvaerdvej 246 A
                  DK-2880 Bagsvaerd, Denmark
 
    336 constant coefficients less than 1.0E-20 (=Tol_Zero) have been removed.
    463648 coefficients left.
 
    The user model has 92895 constraints and 92895 variables
    with 463648 Jacobian elements, 288472 of which are nonlinear.
 
    The pre-triangular part of the model has 9042 constraints and variables.
    The post-triangular part of the model has 1040 constraints and variables.
 
    Preprocessed model has 82813 constraints and 82813 variables
    with 393767 Jacobian elements, 237853 of which are nonlinear.
 
 ** Feasible solution to a square system.
 
 
 CONOPT time Total                            2.167 seconds
   of which: Function evaluations             0.676 = 31.2%
             1st Derivative evaluations       0.147 =  6.8%
 


**** REPORT SUMMARY :        0 INFEASIBLE
                             0  DEPENDENT
                             0     ERRORS
GAMS 45.7.0  64fbf3ce Jan 18, 2024          WEX-WEI x86 64bit/MS Windows - 04/29/26 18:09:43 Page 36
GUIDE_GLOBAL_CGE model GTAP11c
Range Statistics    SOLVE CGE Using CNS From line 5512


RANGE STATISTICS (ABSOLUTE NON-ZERO FINITE VALUES)

RHS       [min, max] : [ 5.228E-05, 1.001E+04] - Zero values observed as well
Bound     [min, max] : [ 1.004E-10, 5.849E-01]
Matrix    [min, max] : [ 1.004E-20, 2.534E+05] - Zero values observed as well

GAMS 45.7.0  64fbf3ce Jan 18, 2024          WEX-WEI x86 64bit/MS Windows - 04/29/26 18:09:43 Page 37
GUIDE_GLOBAL_CGE model GTAP11c
Model Statistics    SOLVE CGE Using CNS From line 5512


LOOPS                                 TIME   2030


MODEL STATISTICS

BLOCKS OF EQUATIONS         142     SINGLE EQUATIONS       92,895
BLOCKS OF VARIABLES         147     SINGLE VARIABLES       92,895
NON ZERO ELEMENTS       463,984     NON LINEAR N-Z        288,472
CODE LENGTH             836,880     CONSTANT POOL          59,785
SINGLE =E|X= EQUS        92,895     SINGLE UNFIXED VARS    92,895


GENERATION TIME      =        1.969 SECONDS    241 MB  45.7.0 64fbf3ce WEX-WEI
               L O O P S               TIME 2030

GAMS 45.7.0  64fbf3ce Jan 18, 2024          WEX-WEI x86 64bit/MS Windows - 04/29/26 18:09:43 Page 38
GUIDE_GLOBAL_CGE model GTAP11c
Solution Report     SOLVE CGE Using CNS From line 5512


               S O L V E      S U M M A R Y

     MODEL   CGE                 
     TYPE    CNS                 
     SOLVER  CONOPT4             FROM LINE  5512

**** SOLVER STATUS     1 Normal Completion
**** MODEL STATUS      16 Solved

 RESOURCE USAGE, LIMIT          2.734 10000000000.000
 ITERATION COUNT, LIMIT         1    2147483647
 EVALUATION ERRORS              0             0
 
 
    C O N O P T   version 4.31
    Copyright (C) ARKI Consulting and Development A/S
                  Bagsvaerdvej 246 A
                  DK-2880 Bagsvaerd, Denmark
 
    264 constant coefficients less than 1.0E-20 (=Tol_Zero) have been removed.
    463720 coefficients left.
 
    The user model has 92895 constraints and 92895 variables
    with 463720 Jacobian elements, 288472 of which are nonlinear.
 
    The pre-triangular part of the model has 8967 constraints and variables.
    The post-triangular part of the model has 1040 constraints and variables.
 
    Preprocessed model has 82888 constraints and 82888 variables
    with 394097 Jacobian elements, 237946 of which are nonlinear.
 
 ** Feasible solution to a square system.
 
 
 CONOPT time Total                            2.746 seconds
   of which: Function evaluations             1.029 = 37.5%
             1st Derivative evaluations       0.112 =  4.1%
 


**** REPORT SUMMARY :        0 INFEASIBLE
                             0  DEPENDENT
                             0     ERRORS
GAMS 45.7.0  64fbf3ce Jan 18, 2024          WEX-WEI x86 64bit/MS Windows - 04/29/26 18:09:43 Page 39
GUIDE_GLOBAL_CGE model GTAP11c
Range Statistics    SOLVE CGE Using CNS From line 5512


RANGE STATISTICS (ABSOLUTE NON-ZERO FINITE VALUES)

RHS       [min, max] : [ 5.511E-05, 1.067E+04] - Zero values observed as well
Bound     [min, max] : [ 7.661E-11, 6.018E-01]
Matrix    [min, max] : [ 1.002E-20, 2.562E+05] - Zero values observed as well

GAMS 45.7.0  64fbf3ce Jan 18, 2024          WEX-WEI x86 64bit/MS Windows - 04/29/26 18:09:43 Page 40
GUIDE_GLOBAL_CGE model GTAP11c
Model Statistics    SOLVE CGE Using CNS From line 5512


LOOPS                                 TIME   2031


MODEL STATISTICS

BLOCKS OF EQUATIONS         142     SINGLE EQUATIONS       92,895
BLOCKS OF VARIABLES         147     SINGLE VARIABLES       92,895
NON ZERO ELEMENTS       463,984     NON LINEAR N-Z        288,472
CODE LENGTH             836,880     CONSTANT POOL          59,785
SINGLE =E|X= EQUS        92,895     SINGLE UNFIXED VARS    92,895


GENERATION TIME      =        1.985 SECONDS    254 MB  45.7.0 64fbf3ce WEX-WEI
               L O O P S               TIME 2031

GAMS 45.7.0  64fbf3ce Jan 18, 2024          WEX-WEI x86 64bit/MS Windows - 04/29/26 18:09:43 Page 41
GUIDE_GLOBAL_CGE model GTAP11c
Solution Report     SOLVE CGE Using CNS From line 5512


               S O L V E      S U M M A R Y

     MODEL   CGE                 
     TYPE    CNS                 
     SOLVER  CONOPT4             FROM LINE  5512

**** SOLVER STATUS     1 Normal Completion
**** MODEL STATUS      16 Solved

 RESOURCE USAGE, LIMIT          3.656 10000000000.000
 ITERATION COUNT, LIMIT         4    2147483647
 EVALUATION ERRORS              0             0
 
 
    C O N O P T   version 4.31
    Copyright (C) ARKI Consulting and Development A/S
                  Bagsvaerdvej 246 A
                  DK-2880 Bagsvaerd, Denmark
 
    264 constant coefficients less than 1.0E-20 (=Tol_Zero) have been removed.
    463720 coefficients left.
 
    The user model has 92895 constraints and 92895 variables
    with 463720 Jacobian elements, 288472 of which are nonlinear.
 
    The pre-triangular part of the model has 8967 constraints and variables.
    The post-triangular part of the model has 1040 constraints and variables.
 
    Preprocessed model has 82888 constraints and 82888 variables
    with 394097 Jacobian elements, 237946 of which are nonlinear.
 
 ** Feasible solution to a square system.
 
 
 CONOPT time Total                            3.695 seconds
   of which: Function evaluations             0.572 = 15.5%
             1st Derivative evaluations       0.204 =  5.5%
 


**** REPORT SUMMARY :        0 INFEASIBLE
                             0  DEPENDENT
                             0     ERRORS
GAMS 45.7.0  64fbf3ce Jan 18, 2024          WEX-WEI x86 64bit/MS Windows - 04/29/26 18:09:43 Page 42
GUIDE_GLOBAL_CGE model GTAP11c
Range Statistics    SOLVE CGE Using CNS From line 5512


RANGE STATISTICS (ABSOLUTE NON-ZERO FINITE VALUES)

RHS       [min, max] : [ 5.835E-05, 1.134E+04] - Zero values observed as well
Bound     [min, max] : [ 9.799E-12, 6.185E-01]
Matrix    [min, max] : [ 1.331E-20, 4.835E+05] - Zero values observed as well

GAMS 45.7.0  64fbf3ce Jan 18, 2024          WEX-WEI x86 64bit/MS Windows - 04/29/26 18:09:43 Page 43
GUIDE_GLOBAL_CGE model GTAP11c
Model Statistics    SOLVE CGE Using CNS From line 5512


LOOPS                                 TIME   2032


MODEL STATISTICS

BLOCKS OF EQUATIONS         142     SINGLE EQUATIONS       92,895
BLOCKS OF VARIABLES         147     SINGLE VARIABLES       92,895
NON ZERO ELEMENTS       463,984     NON LINEAR N-Z        288,472
CODE LENGTH             836,880     CONSTANT POOL          59,785
SINGLE =E|X= EQUS        92,895     SINGLE UNFIXED VARS    92,895


GENERATION TIME      =        2.141 SECONDS    266 MB  45.7.0 64fbf3ce WEX-WEI
               L O O P S               TIME 2032

GAMS 45.7.0  64fbf3ce Jan 18, 2024          WEX-WEI x86 64bit/MS Windows - 04/29/26 18:09:43 Page 44
GUIDE_GLOBAL_CGE model GTAP11c
Solution Report     SOLVE CGE Using CNS From line 5512


               S O L V E      S U M M A R Y

     MODEL   CGE                 
     TYPE    CNS                 
     SOLVER  CONOPT4             FROM LINE  5512

**** SOLVER STATUS     1 Normal Completion
**** MODEL STATUS      16 Solved

 RESOURCE USAGE, LIMIT          2.641 10000000000.000
 ITERATION COUNT, LIMIT         2    2147483647
 EVALUATION ERRORS              0             0
 
 
    C O N O P T   version 4.31
    Copyright (C) ARKI Consulting and Development A/S
                  Bagsvaerdvej 246 A
                  DK-2880 Bagsvaerd, Denmark
 
    264 constant coefficients less than 1.0E-20 (=Tol_Zero) have been removed.
    463720 coefficients left.
 
    The user model has 92895 constraints and 92895 variables
    with 463720 Jacobian elements, 288472 of which are nonlinear.
 
    The pre-triangular part of the model has 8967 constraints and variables.
    The post-triangular part of the model has 1040 constraints and variables.
 
    Preprocessed model has 82888 constraints and 82888 variables
    with 394097 Jacobian elements, 237946 of which are nonlinear.
 
 ** Feasible solution to a square system.
 
 
 CONOPT time Total                            2.696 seconds
   of which: Function evaluations             0.438 = 16.2%
             1st Derivative evaluations       0.172 =  6.4%
 


**** REPORT SUMMARY :        0 INFEASIBLE
                             0  DEPENDENT
                             0     ERRORS
GAMS 45.7.0  64fbf3ce Jan 18, 2024          WEX-WEI x86 64bit/MS Windows - 04/29/26 18:09:43 Page 45
GUIDE_GLOBAL_CGE model GTAP11c
Range Statistics    SOLVE CGE Using CNS From line 5512


RANGE STATISTICS (ABSOLUTE NON-ZERO FINITE VALUES)

RHS       [min, max] : [ 5.816E-05, 1.204E+04] - Zero values observed as well
Bound     [min, max] : [ 1.855E-12, 6.349E-01]
Matrix    [min, max] : [ 1.136E-20, 2.452E+06] - Zero values observed as well

GAMS 45.7.0  64fbf3ce Jan 18, 2024          WEX-WEI x86 64bit/MS Windows - 04/29/26 18:09:43 Page 46
GUIDE_GLOBAL_CGE model GTAP11c
Model Statistics    SOLVE CGE Using CNS From line 5512


LOOPS                                 TIME   2033


MODEL STATISTICS

BLOCKS OF EQUATIONS         142     SINGLE EQUATIONS       92,895
BLOCKS OF VARIABLES         147     SINGLE VARIABLES       92,895
NON ZERO ELEMENTS       463,984     NON LINEAR N-Z        288,472
CODE LENGTH             836,880     CONSTANT POOL          59,785
SINGLE =E|X= EQUS        92,895     SINGLE UNFIXED VARS    92,895


GENERATION TIME      =        2.250 SECONDS    278 MB  45.7.0 64fbf3ce WEX-WEI
               L O O P S               TIME 2033

GAMS 45.7.0  64fbf3ce Jan 18, 2024          WEX-WEI x86 64bit/MS Windows - 04/29/26 18:09:43 Page 47
GUIDE_GLOBAL_CGE model GTAP11c
Solution Report     SOLVE CGE Using CNS From line 5512


               S O L V E      S U M M A R Y

     MODEL   CGE                 
     TYPE    CNS                 
     SOLVER  CONOPT4             FROM LINE  5512

**** SOLVER STATUS     1 Normal Completion
**** MODEL STATUS      16 Solved

 RESOURCE USAGE, LIMIT          2.219 10000000000.000
 ITERATION COUNT, LIMIT         2    2147483647
 EVALUATION ERRORS              0             0
 
 
    C O N O P T   version 4.31
    Copyright (C) ARKI Consulting and Development A/S
                  Bagsvaerdvej 246 A
                  DK-2880 Bagsvaerd, Denmark
 
    264 constant coefficients less than 1.0E-20 (=Tol_Zero) have been removed.
    463720 coefficients left.
 
    The user model has 92895 constraints and 92895 variables
    with 463720 Jacobian elements, 288472 of which are nonlinear.
 
    The pre-triangular part of the model has 8967 constraints and variables.
    The post-triangular part of the model has 1040 constraints and variables.
 
    Preprocessed model has 82888 constraints and 82888 variables
    with 394097 Jacobian elements, 237946 of which are nonlinear.
 
 ** Feasible solution to a square system.
 
 
 CONOPT time Total                            2.245 seconds
   of which: Function evaluations             0.437 = 19.5%
             1st Derivative evaluations       0.115 =  5.1%
 


**** REPORT SUMMARY :        0 INFEASIBLE
                             0  DEPENDENT
                             0     ERRORS
GAMS 45.7.0  64fbf3ce Jan 18, 2024          WEX-WEI x86 64bit/MS Windows - 04/29/26 18:09:43 Page 48
GUIDE_GLOBAL_CGE model GTAP11c
Range Statistics    SOLVE CGE Using CNS From line 5512


RANGE STATISTICS (ABSOLUTE NON-ZERO FINITE VALUES)

RHS       [min, max] : [ 5.815E-05, 1.275E+04] - Zero values observed as well
Bound     [min, max] : [ 4.007E-13, 6.513E-01]
Matrix    [min, max] : [ 1.331E-20, 1.090E+07] - Zero values observed as well

GAMS 45.7.0  64fbf3ce Jan 18, 2024          WEX-WEI x86 64bit/MS Windows - 04/29/26 18:09:43 Page 49
GUIDE_GLOBAL_CGE model GTAP11c
Model Statistics    SOLVE CGE Using CNS From line 5512


LOOPS                                 TIME   2034


MODEL STATISTICS

BLOCKS OF EQUATIONS         142     SINGLE EQUATIONS       92,895
BLOCKS OF VARIABLES         147     SINGLE VARIABLES       92,895
NON ZERO ELEMENTS       463,984     NON LINEAR N-Z        288,472
CODE LENGTH             836,880     CONSTANT POOL          59,785
SINGLE =E|X= EQUS        92,895     SINGLE UNFIXED VARS    92,895


GENERATION TIME      =        2.219 SECONDS    291 MB  45.7.0 64fbf3ce WEX-WEI
               L O O P S               TIME 2034

GAMS 45.7.0  64fbf3ce Jan 18, 2024          WEX-WEI x86 64bit/MS Windows - 04/29/26 18:09:43 Page 50
GUIDE_GLOBAL_CGE model GTAP11c
Solution Report     SOLVE CGE Using CNS From line 5512


               S O L V E      S U M M A R Y

     MODEL   CGE                 
     TYPE    CNS                 
     SOLVER  CONOPT4             FROM LINE  5512

**** SOLVER STATUS     1 Normal Completion
**** MODEL STATUS      16 Solved

 RESOURCE USAGE, LIMIT          2.110 10000000000.000
 ITERATION COUNT, LIMIT         2    2147483647
 EVALUATION ERRORS              0             0
 
 
    C O N O P T   version 4.31
    Copyright (C) ARKI Consulting and Development A/S
                  Bagsvaerdvej 246 A
                  DK-2880 Bagsvaerd, Denmark
 
    264 constant coefficients less than 1.0E-20 (=Tol_Zero) have been removed.
    463720 coefficients left.
 
    The user model has 92895 constraints and 92895 variables
    with 463720 Jacobian elements, 288472 of which are nonlinear.
 
    The pre-triangular part of the model has 8967 constraints and variables.
    The post-triangular part of the model has 1040 constraints and variables.
 
    Preprocessed model has 82888 constraints and 82888 variables
    with 394097 Jacobian elements, 237946 of which are nonlinear.
 
 ** Feasible solution to a square system.
 
 
 CONOPT time Total                            2.133 seconds
   of which: Function evaluations             0.302 = 14.2%
             1st Derivative evaluations       0.124 =  5.8%
 


**** REPORT SUMMARY :        0 INFEASIBLE
                             0  DEPENDENT
                             0     ERRORS
GAMS 45.7.0  64fbf3ce Jan 18, 2024          WEX-WEI x86 64bit/MS Windows - 04/29/26 18:09:43 Page 51
GUIDE_GLOBAL_CGE model GTAP11c
Range Statistics    SOLVE CGE Using CNS From line 5512


RANGE STATISTICS (ABSOLUTE NON-ZERO FINITE VALUES)

RHS       [min, max] : [ 5.839E-05, 1.348E+04] - Zero values observed as well
Bound     [min, max] : [ 9.376E-14, 6.675E-01]
Matrix    [min, max] : [ 1.336E-20, 4.471E+07] - Zero values observed as well

GAMS 45.7.0  64fbf3ce Jan 18, 2024          WEX-WEI x86 64bit/MS Windows - 04/29/26 18:09:43 Page 52
GUIDE_GLOBAL_CGE model GTAP11c
Model Statistics    SOLVE CGE Using CNS From line 5512


LOOPS                                 TIME   2035


MODEL STATISTICS

BLOCKS OF EQUATIONS         142     SINGLE EQUATIONS       92,895
BLOCKS OF VARIABLES         147     SINGLE VARIABLES       92,895
NON ZERO ELEMENTS       463,984     NON LINEAR N-Z        288,472
CODE LENGTH             836,880     CONSTANT POOL          59,785
SINGLE =E|X= EQUS        92,895     SINGLE UNFIXED VARS    92,895


GENERATION TIME      =        2.172 SECONDS    304 MB  45.7.0 64fbf3ce WEX-WEI
               L O O P S               TIME 2035

GAMS 45.7.0  64fbf3ce Jan 18, 2024          WEX-WEI x86 64bit/MS Windows - 04/29/26 18:09:43 Page 53
GUIDE_GLOBAL_CGE model GTAP11c
Solution Report     SOLVE CGE Using CNS From line 5512


               S O L V E      S U M M A R Y

     MODEL   CGE                 
     TYPE    CNS                 
     SOLVER  CONOPT4             FROM LINE  5512

**** SOLVER STATUS     1 Normal Completion
**** MODEL STATUS      16 Solved

 RESOURCE USAGE, LIMIT          2.500 10000000000.000
 ITERATION COUNT, LIMIT         2    2147483647
 EVALUATION ERRORS              0             0
 
 
    C O N O P T   version 4.31
    Copyright (C) ARKI Consulting and Development A/S
                  Bagsvaerdvej 246 A
                  DK-2880 Bagsvaerd, Denmark
 
    264 constant coefficients less than 1.0E-20 (=Tol_Zero) have been removed.
    463720 coefficients left.
 
    The user model has 92895 constraints and 92895 variables
    with 463720 Jacobian elements, 288472 of which are nonlinear.
 
    The pre-triangular part of the model has 8967 constraints and variables.
    The post-triangular part of the model has 1040 constraints and variables.
 
    Preprocessed model has 82888 constraints and 82888 variables
    with 394097 Jacobian elements, 237946 of which are nonlinear.
 
 ** Feasible solution to a square system.
 
 
 CONOPT time Total                            2.552 seconds
   of which: Function evaluations             0.304 = 11.9%
             1st Derivative evaluations       0.204 =  8.0%
 


**** REPORT SUMMARY :        0 INFEASIBLE
                             0  DEPENDENT
                             0     ERRORS
GAMS 45.7.0  64fbf3ce Jan 18, 2024          WEX-WEI x86 64bit/MS Windows - 04/29/26 18:09:43 Page 54
GUIDE_GLOBAL_CGE model GTAP11c
Range Statistics    SOLVE CGE Using CNS From line 5512


RANGE STATISTICS (ABSOLUTE NON-ZERO FINITE VALUES)

RHS       [min, max] : [ 5.889E-05, 1.423E+04] - Zero values observed as well
Bound     [min, max] : [ 2.305E-14, 6.837E-01]
Matrix    [min, max] : [ 1.342E-20, 1.746E+08] - Zero values observed as well

GAMS 45.7.0  64fbf3ce Jan 18, 2024          WEX-WEI x86 64bit/MS Windows - 04/29/26 18:09:43 Page 55
GUIDE_GLOBAL_CGE model GTAP11c
Model Statistics    SOLVE CGE Using CNS From line 5512


LOOPS                                 TIME   2036


MODEL STATISTICS

BLOCKS OF EQUATIONS         142     SINGLE EQUATIONS       92,895
BLOCKS OF VARIABLES         147     SINGLE VARIABLES       92,895
NON ZERO ELEMENTS       463,984     NON LINEAR N-Z        288,472
CODE LENGTH             836,880     CONSTANT POOL          59,785
SINGLE =E|X= EQUS        92,895     SINGLE UNFIXED VARS    92,895


GENERATION TIME      =        2.484 SECONDS    316 MB  45.7.0 64fbf3ce WEX-WEI
               L O O P S               TIME 2036

GAMS 45.7.0  64fbf3ce Jan 18, 2024          WEX-WEI x86 64bit/MS Windows - 04/29/26 18:09:43 Page 56
GUIDE_GLOBAL_CGE model GTAP11c
Solution Report     SOLVE CGE Using CNS From line 5512


               S O L V E      S U M M A R Y

     MODEL   CGE                 
     TYPE    CNS                 
     SOLVER  CONOPT4             FROM LINE  5512

**** SOLVER STATUS     1 Normal Completion
**** MODEL STATUS      16 Solved

 RESOURCE USAGE, LIMIT          2.125 10000000000.000
 ITERATION COUNT, LIMIT         2    2147483647
 EVALUATION ERRORS              0             0
 
 
    C O N O P T   version 4.31
    Copyright (C) ARKI Consulting and Development A/S
                  Bagsvaerdvej 246 A
                  DK-2880 Bagsvaerd, Denmark
 
    264 constant coefficients less than 1.0E-20 (=Tol_Zero) have been removed.
    463720 coefficients left.
 
    The user model has 92895 constraints and 92895 variables
    with 463720 Jacobian elements, 288472 of which are nonlinear.
 
    The pre-triangular part of the model has 8967 constraints and variables.
    The post-triangular part of the model has 1040 constraints and variables.
 
    Preprocessed model has 82888 constraints and 82888 variables
    with 394097 Jacobian elements, 237946 of which are nonlinear.
 
 ** Feasible solution to a square system.
 
 
 CONOPT time Total                            2.172 seconds
   of which: Function evaluations             0.231 = 10.6%
             1st Derivative evaluations       0.113 =  5.2%
 


**** REPORT SUMMARY :        0 INFEASIBLE
                             0  DEPENDENT
                             0     ERRORS
GAMS 45.7.0  64fbf3ce Jan 18, 2024          WEX-WEI x86 64bit/MS Windows - 04/29/26 18:09:43 Page 57
GUIDE_GLOBAL_CGE model GTAP11c
Range Statistics    SOLVE CGE Using CNS From line 5512


RANGE STATISTICS (ABSOLUTE NON-ZERO FINITE VALUES)

RHS       [min, max] : [ 5.967E-05, 1.499E+04] - Zero values observed as well
Bound     [min, max] : [ 6.577E-15, 7.000E-01]
Matrix    [min, max] : [ 1.342E-20, 5.874E+08] - Zero values observed as well

GAMS 45.7.0  64fbf3ce Jan 18, 2024          WEX-WEI x86 64bit/MS Windows - 04/29/26 18:09:43 Page 58
GUIDE_GLOBAL_CGE model GTAP11c
Model Statistics    SOLVE CGE Using CNS From line 5512


LOOPS                                 TIME   2037


MODEL STATISTICS

BLOCKS OF EQUATIONS         142     SINGLE EQUATIONS       92,895
BLOCKS OF VARIABLES         147     SINGLE VARIABLES       92,895
NON ZERO ELEMENTS       463,985     NON LINEAR N-Z        288,472
CODE LENGTH             836,880     CONSTANT POOL          59,785
SINGLE =E|X= EQUS        92,895     SINGLE UNFIXED VARS    92,895


GENERATION TIME      =        2.328 SECONDS    329 MB  45.7.0 64fbf3ce WEX-WEI
               L O O P S               TIME 2037

GAMS 45.7.0  64fbf3ce Jan 18, 2024          WEX-WEI x86 64bit/MS Windows - 04/29/26 18:09:43 Page 59
GUIDE_GLOBAL_CGE model GTAP11c
Solution Report     SOLVE CGE Using CNS From line 5512


               S O L V E      S U M M A R Y

     MODEL   CGE                 
     TYPE    CNS                 
     SOLVER  CONOPT4             FROM LINE  5512

**** SOLVER STATUS     1 Normal Completion
**** MODEL STATUS      16 Solved

 RESOURCE USAGE, LIMIT          2.203 10000000000.000
 ITERATION COUNT, LIMIT         2    2147483647
 EVALUATION ERRORS              0             0
 
 
    C O N O P T   version 4.31
    Copyright (C) ARKI Consulting and Development A/S
                  Bagsvaerdvej 246 A
                  DK-2880 Bagsvaerd, Denmark
 
    264 constant coefficients less than 1.0E-20 (=Tol_Zero) have been removed.
    463721 coefficients left.
 
    The user model has 92895 constraints and 92895 variables
    with 463721 Jacobian elements, 288472 of which are nonlinear.
 
    The pre-triangular part of the model has 8967 constraints and variables.
    The post-triangular part of the model has 1040 constraints and variables.
 
    Preprocessed model has 82888 constraints and 82888 variables
    with 394097 Jacobian elements, 237946 of which are nonlinear.
 
 ** Feasible solution to a square system.
 
 
 CONOPT time Total                            2.215 seconds
   of which: Function evaluations             0.256 = 11.6%
             1st Derivative evaluations       0.178 =  8.0%
 


**** REPORT SUMMARY :        0 INFEASIBLE
                             0  DEPENDENT
                             0     ERRORS
GAMS 45.7.0  64fbf3ce Jan 18, 2024          WEX-WEI x86 64bit/MS Windows - 04/29/26 18:09:43 Page 60
GUIDE_GLOBAL_CGE model GTAP11c
Range Statistics    SOLVE CGE Using CNS From line 5512


RANGE STATISTICS (ABSOLUTE NON-ZERO FINITE VALUES)

RHS       [min, max] : [ 6.108E-05, 1.576E+04] - Zero values observed as well
Bound     [min, max] : [ 1.871E-15, 7.225E-01]
Matrix    [min, max] : [ 1.314E-20, 1.983E+09] - Zero values observed as well

GAMS 45.7.0  64fbf3ce Jan 18, 2024          WEX-WEI x86 64bit/MS Windows - 04/29/26 18:09:43 Page 61
GUIDE_GLOBAL_CGE model GTAP11c
Model Statistics    SOLVE CGE Using CNS From line 5512


LOOPS                                 TIME   2038


MODEL STATISTICS

BLOCKS OF EQUATIONS         142     SINGLE EQUATIONS       92,895
BLOCKS OF VARIABLES         147     SINGLE VARIABLES       92,895
NON ZERO ELEMENTS       463,985     NON LINEAR N-Z        288,472
CODE LENGTH             836,880     CONSTANT POOL          59,785
SINGLE =E|X= EQUS        92,895     SINGLE UNFIXED VARS    92,895


GENERATION TIME      =        2.281 SECONDS    342 MB  45.7.0 64fbf3ce WEX-WEI
               L O O P S               TIME 2038

GAMS 45.7.0  64fbf3ce Jan 18, 2024          WEX-WEI x86 64bit/MS Windows - 04/29/26 18:09:43 Page 62
GUIDE_GLOBAL_CGE model GTAP11c
Solution Report     SOLVE CGE Using CNS From line 5512


               S O L V E      S U M M A R Y

     MODEL   CGE                 
     TYPE    CNS                 
     SOLVER  CONOPT4             FROM LINE  5512

**** SOLVER STATUS     1 Normal Completion
**** MODEL STATUS      16 Solved

 RESOURCE USAGE, LIMIT          2.047 10000000000.000
 ITERATION COUNT, LIMIT         2    2147483647
 EVALUATION ERRORS              0             0
 
 
    C O N O P T   version 4.31
    Copyright (C) ARKI Consulting and Development A/S
                  Bagsvaerdvej 246 A
                  DK-2880 Bagsvaerd, Denmark
 
    264 constant coefficients less than 1.0E-20 (=Tol_Zero) have been removed.
    463721 coefficients left.
 
    The user model has 92895 constraints and 92895 variables
    with 463721 Jacobian elements, 288472 of which are nonlinear.
 
    The pre-triangular part of the model has 8967 constraints and variables.
    The post-triangular part of the model has 1040 constraints and variables.
 
    Preprocessed model has 82888 constraints and 82888 variables
    with 394097 Jacobian elements, 237946 of which are nonlinear.
 
 ** Feasible solution to a square system.
 
 
 CONOPT time Total                            2.070 seconds
   of which: Function evaluations             0.256 = 12.4%
             1st Derivative evaluations       0.148 =  7.1%
 


**** REPORT SUMMARY :        0 INFEASIBLE
                             0  DEPENDENT
                             0     ERRORS
GAMS 45.7.0  64fbf3ce Jan 18, 2024          WEX-WEI x86 64bit/MS Windows - 04/29/26 18:09:43 Page 63
GUIDE_GLOBAL_CGE model GTAP11c
Range Statistics    SOLVE CGE Using CNS From line 5512


RANGE STATISTICS (ABSOLUTE NON-ZERO FINITE VALUES)

RHS       [min, max] : [ 6.288E-05, 1.654E+04] - Zero values observed as well
Bound     [min, max] : [ 5.283E-16, 7.589E-01]
Matrix    [min, max] : [ 1.280E-20, 6.739E+09] - Zero values observed as well

GAMS 45.7.0  64fbf3ce Jan 18, 2024          WEX-WEI x86 64bit/MS Windows - 04/29/26 18:09:43 Page 64
GUIDE_GLOBAL_CGE model GTAP11c
Model Statistics    SOLVE CGE Using CNS From line 5512


LOOPS                                 TIME   2039


MODEL STATISTICS

BLOCKS OF EQUATIONS         142     SINGLE EQUATIONS       92,895
BLOCKS OF VARIABLES         147     SINGLE VARIABLES       92,895
NON ZERO ELEMENTS       463,985     NON LINEAR N-Z        288,472
CODE LENGTH             836,880     CONSTANT POOL          59,785
SINGLE =E|X= EQUS        92,895     SINGLE UNFIXED VARS    92,895


GENERATION TIME      =        2.375 SECONDS    354 MB  45.7.0 64fbf3ce WEX-WEI
               L O O P S               TIME 2039

GAMS 45.7.0  64fbf3ce Jan 18, 2024          WEX-WEI x86 64bit/MS Windows - 04/29/26 18:09:43 Page 65
GUIDE_GLOBAL_CGE model GTAP11c
Solution Report     SOLVE CGE Using CNS From line 5512


               S O L V E      S U M M A R Y

     MODEL   CGE                 
     TYPE    CNS                 
     SOLVER  CONOPT4             FROM LINE  5512

**** SOLVER STATUS     1 Normal Completion
**** MODEL STATUS      16 Solved

 RESOURCE USAGE, LIMIT          1.765 10000000000.000
 ITERATION COUNT, LIMIT         2    2147483647
 EVALUATION ERRORS              0             0
 
 
    C O N O P T   version 4.31
    Copyright (C) ARKI Consulting and Development A/S
                  Bagsvaerdvej 246 A
                  DK-2880 Bagsvaerd, Denmark
 
    264 constant coefficients less than 1.0E-20 (=Tol_Zero) have been removed.
    463721 coefficients left.
 
    The user model has 92895 constraints and 92895 variables
    with 463721 Jacobian elements, 288472 of which are nonlinear.
 
    The pre-triangular part of the model has 8967 constraints and variables.
    The post-triangular part of the model has 1040 constraints and variables.
 
    Preprocessed model has 82888 constraints and 82888 variables
    with 394097 Jacobian elements, 237946 of which are nonlinear.
 
 ** Feasible solution to a square system.
 
 
 CONOPT time Total                            1.803 seconds
   of which: Function evaluations             0.204 = 11.3%
             1st Derivative evaluations       0.126 =  7.0%
 


**** REPORT SUMMARY :        0 INFEASIBLE
                             0  DEPENDENT
                             0     ERRORS
GAMS 45.7.0  64fbf3ce Jan 18, 2024          WEX-WEI x86 64bit/MS Windows - 04/29/26 18:09:43 Page 66
GUIDE_GLOBAL_CGE model GTAP11c
Range Statistics    SOLVE CGE Using CNS From line 5512


RANGE STATISTICS (ABSOLUTE NON-ZERO FINITE VALUES)

RHS       [min, max] : [ 6.471E-05, 1.733E+04] - Zero values observed as well
Bound     [min, max] : [ 1.484E-16, 7.957E-01]
Matrix    [min, max] : [ 1.028E-20, 2.303E+10] - Zero values observed as well

GAMS 45.7.0  64fbf3ce Jan 18, 2024          WEX-WEI x86 64bit/MS Windows - 04/29/26 18:09:43 Page 67
GUIDE_GLOBAL_CGE model GTAP11c
Model Statistics    SOLVE CGE Using CNS From line 5512


LOOPS                                 TIME   2040


MODEL STATISTICS

BLOCKS OF EQUATIONS         142     SINGLE EQUATIONS       92,895
BLOCKS OF VARIABLES         147     SINGLE VARIABLES       92,895
NON ZERO ELEMENTS       463,986     NON LINEAR N-Z        288,472
CODE LENGTH             836,880     CONSTANT POOL          59,785
SINGLE =E|X= EQUS        92,895     SINGLE UNFIXED VARS    92,895


GENERATION TIME      =        2.703 SECONDS    367 MB  45.7.0 64fbf3ce WEX-WEI
               L O O P S               TIME 2040

GAMS 45.7.0  64fbf3ce Jan 18, 2024          WEX-WEI x86 64bit/MS Windows - 04/29/26 18:09:43 Page 68
GUIDE_GLOBAL_CGE model GTAP11c
Solution Report     SOLVE CGE Using CNS From line 5512


               S O L V E      S U M M A R Y

     MODEL   CGE                 
     TYPE    CNS                 
     SOLVER  CONOPT4             FROM LINE  5512

**** SOLVER STATUS     1 Normal Completion
**** MODEL STATUS      16 Solved

 RESOURCE USAGE, LIMIT          2.578 10000000000.000
 ITERATION COUNT, LIMIT         1    2147483647
 EVALUATION ERRORS              0             0
 
 
    C O N O P T   version 4.31
    Copyright (C) ARKI Consulting and Development A/S
                  Bagsvaerdvej 246 A
                  DK-2880 Bagsvaerd, Denmark
 
    120 constant coefficients less than 1.0E-20 (=Tol_Zero) have been removed.
    463866 coefficients left.
 
    The user model has 92895 constraints and 92895 variables
    with 463866 Jacobian elements, 288472 of which are nonlinear.
 
    The pre-triangular part of the model has 8817 constraints and variables.
    The post-triangular part of the model has 1040 constraints and variables.
 
    Preprocessed model has 83038 constraints and 83038 variables
    with 394757 Jacobian elements, 238132 of which are nonlinear.
 
 ** Feasible solution to a square system.
 
 
 CONOPT time Total                            2.611 seconds
   of which: Function evaluations             0.788 = 30.2%
             1st Derivative evaluations       0.159 =  6.1%
 


**** REPORT SUMMARY :        0 INFEASIBLE
                             0  DEPENDENT
                             0     ERRORS
GAMS 45.7.0  64fbf3ce Jan 18, 2024          WEX-WEI x86 64bit/MS Windows - 04/29/26 18:09:43 Page 69
GUIDE_GLOBAL_CGE model GTAP11c
Range Statistics    SOLVE CGE Using CNS From line 5512


RANGE STATISTICS (ABSOLUTE NON-ZERO FINITE VALUES)

RHS       [min, max] : [ 6.701E-05, 1.815E+04] - Zero values observed as well
Bound     [min, max] : [ 7.273E-17, 8.327E-01]
Matrix    [min, max] : [ 1.065E-20, 4.512E+10] - Zero values observed as well

GAMS 45.7.0  64fbf3ce Jan 18, 2024          WEX-WEI x86 64bit/MS Windows - 04/29/26 18:09:43 Page 70
GUIDE_GLOBAL_CGE model GTAP11c
Model Statistics    SOLVE CGE Using CNS From line 5512


LOOPS                                 TIME   2041


MODEL STATISTICS

BLOCKS OF EQUATIONS         142     SINGLE EQUATIONS       92,895
BLOCKS OF VARIABLES         147     SINGLE VARIABLES       92,895
NON ZERO ELEMENTS       463,986     NON LINEAR N-Z        288,472
CODE LENGTH             836,880     CONSTANT POOL          59,777
SINGLE =E|X= EQUS        92,895     SINGLE UNFIXED VARS    92,895


GENERATION TIME      =        3.859 SECONDS    380 MB  45.7.0 64fbf3ce WEX-WEI
               L O O P S               TIME 2041

GAMS 45.7.0  64fbf3ce Jan 18, 2024          WEX-WEI x86 64bit/MS Windows - 04/29/26 18:09:43 Page 71
GUIDE_GLOBAL_CGE model GTAP11c
Solution Report     SOLVE CGE Using CNS From line 5512


               S O L V E      S U M M A R Y

     MODEL   CGE                 
     TYPE    CNS                 
     SOLVER  CONOPT4             FROM LINE  5512

**** SOLVER STATUS     1 Normal Completion
**** MODEL STATUS      16 Solved

 RESOURCE USAGE, LIMIT          1.922 10000000000.000
 ITERATION COUNT, LIMIT         2    2147483647
 EVALUATION ERRORS              0             0
 
 
    C O N O P T   version 4.31
    Copyright (C) ARKI Consulting and Development A/S
                  Bagsvaerdvej 246 A
                  DK-2880 Bagsvaerd, Denmark
 
    120 constant coefficients less than 1.0E-20 (=Tol_Zero) have been removed.
    463866 coefficients left.
 
    The user model has 92895 constraints and 92895 variables
    with 463866 Jacobian elements, 288472 of which are nonlinear.
 
    The pre-triangular part of the model has 8817 constraints and variables.
    The post-triangular part of the model has 1040 constraints and variables.
 
    Preprocessed model has 83038 constraints and 83038 variables
    with 394757 Jacobian elements, 238132 of which are nonlinear.
 
 ** Feasible solution to a square system.
 
 
 CONOPT time Total                            1.947 seconds
   of which: Function evaluations             0.232 = 11.9%
             1st Derivative evaluations       0.170 =  8.7%
 


**** REPORT SUMMARY :        0 INFEASIBLE
                             0  DEPENDENT
                             0     ERRORS
GAMS 45.7.0  64fbf3ce Jan 18, 2024          WEX-WEI x86 64bit/MS Windows - 04/29/26 18:09:43 Page 72
GUIDE_GLOBAL_CGE model GTAP11c
Range Statistics    SOLVE CGE Using CNS From line 5512


RANGE STATISTICS (ABSOLUTE NON-ZERO FINITE VALUES)

RHS       [min, max] : [ 7.006E-05, 1.898E+04] - Zero values observed as well
Bound     [min, max] : [ 2.110E-17, 8.721E-01]
Matrix    [min, max] : [ 1.105E-20, 1.493E+11] - Zero values observed as well

GAMS 45.7.0  64fbf3ce Jan 18, 2024          WEX-WEI x86 64bit/MS Windows - 04/29/26 18:09:43 Page 73
GUIDE_GLOBAL_CGE model GTAP11c
Model Statistics    SOLVE CGE Using CNS From line 5512


LOOPS                                 TIME   2042


MODEL STATISTICS

BLOCKS OF EQUATIONS         142     SINGLE EQUATIONS       92,895
BLOCKS OF VARIABLES         147     SINGLE VARIABLES       92,895
NON ZERO ELEMENTS       463,988     NON LINEAR N-Z        288,472
CODE LENGTH             836,880     CONSTANT POOL          59,777
SINGLE =E|X= EQUS        92,895     SINGLE UNFIXED VARS    92,895


GENERATION TIME      =        4.218 SECONDS    393 MB  45.7.0 64fbf3ce WEX-WEI
               L O O P S               TIME 2042

GAMS 45.7.0  64fbf3ce Jan 18, 2024          WEX-WEI x86 64bit/MS Windows - 04/29/26 18:09:43 Page 74
GUIDE_GLOBAL_CGE model GTAP11c
Solution Report     SOLVE CGE Using CNS From line 5512


               S O L V E      S U M M A R Y

     MODEL   CGE                 
     TYPE    CNS                 
     SOLVER  CONOPT4             FROM LINE  5512

**** SOLVER STATUS     1 Normal Completion
**** MODEL STATUS      16 Solved

 RESOURCE USAGE, LIMIT          2.031 10000000000.000
 ITERATION COUNT, LIMIT         2    2147483647
 EVALUATION ERRORS              0             0
 
 
    C O N O P T   version 4.31
    Copyright (C) ARKI Consulting and Development A/S
                  Bagsvaerdvej 246 A
                  DK-2880 Bagsvaerd, Denmark
 
    120 constant coefficients less than 1.0E-20 (=Tol_Zero) have been removed.
    463868 coefficients left.
 
    The user model has 92895 constraints and 92895 variables
    with 463868 Jacobian elements, 288472 of which are nonlinear.
 
    The pre-triangular part of the model has 8817 constraints and variables.
    The post-triangular part of the model has 1040 constraints and variables.
 
    Preprocessed model has 83038 constraints and 83038 variables
    with 394757 Jacobian elements, 238132 of which are nonlinear.
 
 ** Feasible solution to a square system.
 
 
 CONOPT time Total                            2.112 seconds
   of which: Function evaluations             0.324 = 15.3%
             1st Derivative evaluations       0.094 =  4.5%
 


**** REPORT SUMMARY :        0 INFEASIBLE
                             0  DEPENDENT
                             0     ERRORS
GAMS 45.7.0  64fbf3ce Jan 18, 2024          WEX-WEI x86 64bit/MS Windows - 04/29/26 18:09:43 Page 75
GUIDE_GLOBAL_CGE model GTAP11c
Range Statistics    SOLVE CGE Using CNS From line 5512


RANGE STATISTICS (ABSOLUTE NON-ZERO FINITE VALUES)

RHS       [min, max] : [ 7.415E-05, 1.982E+04] - Zero values observed as well
Bound     [min, max] : [ 6.289E-18, 9.119E-01]
Matrix    [min, max] : [ 1.109E-20, 4.809E+11] - Zero values observed as well

GAMS 45.7.0  64fbf3ce Jan 18, 2024          WEX-WEI x86 64bit/MS Windows - 04/29/26 18:09:43 Page 76
GUIDE_GLOBAL_CGE model GTAP11c
Model Statistics    SOLVE CGE Using CNS From line 5512


LOOPS                                 TIME   2043


MODEL STATISTICS

BLOCKS OF EQUATIONS         142     SINGLE EQUATIONS       92,895
BLOCKS OF VARIABLES         147     SINGLE VARIABLES       92,895
NON ZERO ELEMENTS       463,988     NON LINEAR N-Z        288,472
CODE LENGTH             836,880     CONSTANT POOL          59,771
SINGLE =E|X= EQUS        92,895     SINGLE UNFIXED VARS    92,895


GENERATION TIME      =        4.188 SECONDS    405 MB  45.7.0 64fbf3ce WEX-WEI
               L O O P S               TIME 2043

GAMS 45.7.0  64fbf3ce Jan 18, 2024          WEX-WEI x86 64bit/MS Windows - 04/29/26 18:09:43 Page 77
GUIDE_GLOBAL_CGE model GTAP11c
Solution Report     SOLVE CGE Using CNS From line 5512


               S O L V E      S U M M A R Y

     MODEL   CGE                 
     TYPE    CNS                 
     SOLVER  CONOPT4             FROM LINE  5512

**** SOLVER STATUS     1 Normal Completion
**** MODEL STATUS      16 Solved

 RESOURCE USAGE, LIMIT          2.016 10000000000.000
 ITERATION COUNT, LIMIT         2    2147483647
 EVALUATION ERRORS              0             0
 
 
    C O N O P T   version 4.31
    Copyright (C) ARKI Consulting and Development A/S
                  Bagsvaerdvej 246 A
                  DK-2880 Bagsvaerd, Denmark
 
    120 constant coefficients less than 1.0E-20 (=Tol_Zero) have been removed.
    463868 coefficients left.
 
    The user model has 92895 constraints and 92895 variables
    with 463868 Jacobian elements, 288472 of which are nonlinear.
 
    The pre-triangular part of the model has 8817 constraints and variables.
    The post-triangular part of the model has 1040 constraints and variables.
 
    Preprocessed model has 83038 constraints and 83038 variables
    with 394757 Jacobian elements, 238132 of which are nonlinear.
 
 ** Feasible solution to a square system.
 
 
 CONOPT time Total                            2.053 seconds
   of which: Function evaluations             0.276 = 13.4%
             1st Derivative evaluations       0.150 =  7.3%
 


**** REPORT SUMMARY :        0 INFEASIBLE
                             0  DEPENDENT
                             0     ERRORS
GAMS 45.7.0  64fbf3ce Jan 18, 2024          WEX-WEI x86 64bit/MS Windows - 04/29/26 18:09:43 Page 78
GUIDE_GLOBAL_CGE model GTAP11c
Range Statistics    SOLVE CGE Using CNS From line 5512


RANGE STATISTICS (ABSOLUTE NON-ZERO FINITE VALUES)

RHS       [min, max] : [ 7.942E-05, 2.068E+04] - Zero values observed as well
Bound     [min, max] : [ 1.861E-18, 9.520E-01]
Matrix    [min, max] : [ 1.069E-20, 1.560E+12] - Zero values observed as well

GAMS 45.7.0  64fbf3ce Jan 18, 2024          WEX-WEI x86 64bit/MS Windows - 04/29/26 18:09:43 Page 79
GUIDE_GLOBAL_CGE model GTAP11c
Model Statistics    SOLVE CGE Using CNS From line 5512


LOOPS                                 TIME   2044


MODEL STATISTICS

BLOCKS OF EQUATIONS         142     SINGLE EQUATIONS       92,895
BLOCKS OF VARIABLES         147     SINGLE VARIABLES       92,895
NON ZERO ELEMENTS       463,989     NON LINEAR N-Z        288,472
CODE LENGTH             836,880     CONSTANT POOL          59,761
SINGLE =E|X= EQUS        92,895     SINGLE UNFIXED VARS    92,895


GENERATION TIME      =        4.453 SECONDS    418 MB  45.7.0 64fbf3ce WEX-WEI
               L O O P S               TIME 2044

GAMS 45.7.0  64fbf3ce Jan 18, 2024          WEX-WEI x86 64bit/MS Windows - 04/29/26 18:09:43 Page 80
GUIDE_GLOBAL_CGE model GTAP11c
Solution Report     SOLVE CGE Using CNS From line 5512


               S O L V E      S U M M A R Y

     MODEL   CGE                 
     TYPE    CNS                 
     SOLVER  CONOPT4             FROM LINE  5512

**** SOLVER STATUS     1 Normal Completion
**** MODEL STATUS      16 Solved

 RESOURCE USAGE, LIMIT          2.156 10000000000.000
 ITERATION COUNT, LIMIT         2    2147483647
 EVALUATION ERRORS              0             0
 
 
    C O N O P T   version 4.31
    Copyright (C) ARKI Consulting and Development A/S
                  Bagsvaerdvej 246 A
                  DK-2880 Bagsvaerd, Denmark
 
    120 constant coefficients less than 1.0E-20 (=Tol_Zero) have been removed.
    463869 coefficients left.
 
    The user model has 92895 constraints and 92895 variables
    with 463869 Jacobian elements, 288472 of which are nonlinear.
 
    The pre-triangular part of the model has 8817 constraints and variables.
    The post-triangular part of the model has 1040 constraints and variables.
 
    Preprocessed model has 83038 constraints and 83038 variables
    with 394757 Jacobian elements, 238132 of which are nonlinear.
 
 ** Feasible solution to a square system.
 
 
 CONOPT time Total                            2.195 seconds
   of which: Function evaluations             0.269 = 12.3%
             1st Derivative evaluations       0.131 =  6.0%
 


**** REPORT SUMMARY :        0 INFEASIBLE
                             0  DEPENDENT
                             0     ERRORS
GAMS 45.7.0  64fbf3ce Jan 18, 2024          WEX-WEI x86 64bit/MS Windows - 04/29/26 18:09:43 Page 81
GUIDE_GLOBAL_CGE model GTAP11c
Range Statistics    SOLVE CGE Using CNS From line 5512


RANGE STATISTICS (ABSOLUTE NON-ZERO FINITE VALUES)

RHS       [min, max] : [ 8.617E-05, 2.155E+04] - Zero values observed as well
Bound     [min, max] : [ 5.641E-19, 9.927E-01]
Matrix    [min, max] : [ 1.034E-20, 4.941E+12] - Zero values observed as well

GAMS 45.7.0  64fbf3ce Jan 18, 2024          WEX-WEI x86 64bit/MS Windows - 04/29/26 18:09:43 Page 82
GUIDE_GLOBAL_CGE model GTAP11c
Model Statistics    SOLVE CGE Using CNS From line 5512


LOOPS                                 TIME   2045


MODEL STATISTICS

BLOCKS OF EQUATIONS         142     SINGLE EQUATIONS       92,895
BLOCKS OF VARIABLES         147     SINGLE VARIABLES       92,895
NON ZERO ELEMENTS       463,989     NON LINEAR N-Z        288,472
CODE LENGTH             836,880     CONSTANT POOL          59,756
SINGLE =E|X= EQUS        92,895     SINGLE UNFIXED VARS    92,895


GENERATION TIME      =        3.500 SECONDS    430 MB  45.7.0 64fbf3ce WEX-WEI
               L O O P S               TIME 2045

GAMS 45.7.0  64fbf3ce Jan 18, 2024          WEX-WEI x86 64bit/MS Windows - 04/29/26 18:09:43 Page 83
GUIDE_GLOBAL_CGE model GTAP11c
Solution Report     SOLVE CGE Using CNS From line 5512


               S O L V E      S U M M A R Y

     MODEL   CGE                 
     TYPE    CNS                 
     SOLVER  CONOPT4             FROM LINE  5512

**** SOLVER STATUS     1 Normal Completion
**** MODEL STATUS      16 Solved

 RESOURCE USAGE, LIMIT          2.187 10000000000.000
 ITERATION COUNT, LIMIT         2    2147483647
 EVALUATION ERRORS              0             0
 
 
    C O N O P T   version 4.31
    Copyright (C) ARKI Consulting and Development A/S
                  Bagsvaerdvej 246 A
                  DK-2880 Bagsvaerd, Denmark
 
    96 constant coefficients less than 1.0E-20 (=Tol_Zero) have been removed.
    463893 coefficients left.
 
    The user model has 92895 constraints and 92895 variables
    with 463893 Jacobian elements, 288472 of which are nonlinear.
 
    The pre-triangular part of the model has 8792 constraints and variables.
    The post-triangular part of the model has 1040 constraints and variables.
 
    Preprocessed model has 83063 constraints and 83063 variables
    with 394867 Jacobian elements, 238163 of which are nonlinear.
 
 ** Feasible solution to a square system.
 
 
 CONOPT time Total                            2.182 seconds
   of which: Function evaluations             0.255 = 11.7%
             1st Derivative evaluations       0.114 =  5.2%
 


**** REPORT SUMMARY :        0 INFEASIBLE
                             0  DEPENDENT
                             0     ERRORS
GAMS 45.7.0  64fbf3ce Jan 18, 2024          WEX-WEI x86 64bit/MS Windows - 04/29/26 18:09:43 Page 84
GUIDE_GLOBAL_CGE model GTAP11c
Range Statistics    SOLVE CGE Using CNS From line 5512


RANGE STATISTICS (ABSOLUTE NON-ZERO FINITE VALUES)

RHS       [min, max] : [ 9.452E-05, 2.244E+04] - Zero values observed as well
Bound     [min, max] : [ 1.705E-19, 1.034E+00]
Matrix    [min, max] : [ 1.008E-20, 1.570E+13] - Zero values observed as well

GAMS 45.7.0  64fbf3ce Jan 18, 2024          WEX-WEI x86 64bit/MS Windows - 04/29/26 18:09:43 Page 85
GUIDE_GLOBAL_CGE model GTAP11c
Model Statistics    SOLVE CGE Using CNS From line 5512


LOOPS                                 TIME   2046


MODEL STATISTICS

BLOCKS OF EQUATIONS         142     SINGLE EQUATIONS       92,895
BLOCKS OF VARIABLES         147     SINGLE VARIABLES       92,895
NON ZERO ELEMENTS       463,990     NON LINEAR N-Z        288,472
CODE LENGTH             836,880     CONSTANT POOL          59,756
SINGLE =E|X= EQUS        92,895     SINGLE UNFIXED VARS    92,895


GENERATION TIME      =        4.765 SECONDS    444 MB  45.7.0 64fbf3ce WEX-WEI
               L O O P S               TIME 2046

GAMS 45.7.0  64fbf3ce Jan 18, 2024          WEX-WEI x86 64bit/MS Windows - 04/29/26 18:09:43 Page 86
GUIDE_GLOBAL_CGE model GTAP11c
Solution Report     SOLVE CGE Using CNS From line 5512


               S O L V E      S U M M A R Y

     MODEL   CGE                 
     TYPE    CNS                 
     SOLVER  CONOPT4             FROM LINE  5512

**** SOLVER STATUS     1 Normal Completion
**** MODEL STATUS      16 Solved

 RESOURCE USAGE, LIMIT          2.203 10000000000.000
 ITERATION COUNT, LIMIT         2    2147483647
 EVALUATION ERRORS              0             0
 
 
    C O N O P T   version 4.31
    Copyright (C) ARKI Consulting and Development A/S
                  Bagsvaerdvej 246 A
                  DK-2880 Bagsvaerd, Denmark
 
    96 constant coefficients less than 1.0E-20 (=Tol_Zero) have been removed.
    463894 coefficients left.
 
    The user model has 92895 constraints and 92895 variables
    with 463894 Jacobian elements, 288472 of which are nonlinear.
 
    The pre-triangular part of the model has 8792 constraints and variables.
    The post-triangular part of the model has 1040 constraints and variables.
 
    Preprocessed model has 83063 constraints and 83063 variables
    with 394867 Jacobian elements, 238163 of which are nonlinear.
 
 ** Feasible solution to a square system.
 
 
 CONOPT time Total                            2.167 seconds
   of which: Function evaluations             0.282 = 13.0%
             1st Derivative evaluations       0.141 =  6.5%
 


**** REPORT SUMMARY :        0 INFEASIBLE
                             0  DEPENDENT
                             0     ERRORS
GAMS 45.7.0  64fbf3ce Jan 18, 2024          WEX-WEI x86 64bit/MS Windows - 04/29/26 18:09:43 Page 87
GUIDE_GLOBAL_CGE model GTAP11c
Range Statistics    SOLVE CGE Using CNS From line 5512


RANGE STATISTICS (ABSOLUTE NON-ZERO FINITE VALUES)

RHS       [min, max] : [ 1.044E-04, 2.334E+04] - Zero values observed as well
Bound     [min, max] : [ 5.034E-20, 1.076E+00]
Matrix    [min, max] : [ 1.408E-20, 5.103E+13] - Zero values observed as well

GAMS 45.7.0  64fbf3ce Jan 18, 2024          WEX-WEI x86 64bit/MS Windows - 04/29/26 18:09:43 Page 88
GUIDE_GLOBAL_CGE model GTAP11c
Model Statistics    SOLVE CGE Using CNS From line 5512


LOOPS                                 TIME   2047


MODEL STATISTICS

BLOCKS OF EQUATIONS         142     SINGLE EQUATIONS       92,895
BLOCKS OF VARIABLES         147     SINGLE VARIABLES       92,895
NON ZERO ELEMENTS       463,992     NON LINEAR N-Z        288,472
CODE LENGTH             836,880     CONSTANT POOL          59,747
SINGLE =E|X= EQUS        92,895     SINGLE UNFIXED VARS    92,895


GENERATION TIME      =        4.796 SECONDS    456 MB  45.7.0 64fbf3ce WEX-WEI
               L O O P S               TIME 2047

GAMS 45.7.0  64fbf3ce Jan 18, 2024          WEX-WEI x86 64bit/MS Windows - 04/29/26 18:09:43 Page 89
GUIDE_GLOBAL_CGE model GTAP11c
Solution Report     SOLVE CGE Using CNS From line 5512


               S O L V E      S U M M A R Y

     MODEL   CGE                 
     TYPE    CNS                 
     SOLVER  CONOPT4             FROM LINE  5512

**** SOLVER STATUS     1 Normal Completion
**** MODEL STATUS      16 Solved

 RESOURCE USAGE, LIMIT          2.594 10000000000.000
 ITERATION COUNT, LIMIT         2    2147483647
 EVALUATION ERRORS              0             0
 
 
    C O N O P T   version 4.31
    Copyright (C) ARKI Consulting and Development A/S
                  Bagsvaerdvej 246 A
                  DK-2880 Bagsvaerd, Denmark
 
    96 constant coefficients less than 1.0E-20 (=Tol_Zero) have been removed.
    463896 coefficients left.
 
    The user model has 92895 constraints and 92895 variables
    with 463896 Jacobian elements, 288472 of which are nonlinear.
 
    The pre-triangular part of the model has 8792 constraints and variables.
    The post-triangular part of the model has 1040 constraints and variables.
 
    Preprocessed model has 83063 constraints and 83063 variables
    with 394867 Jacobian elements, 238163 of which are nonlinear.
 
 ** Feasible solution to a square system.
 
 
 CONOPT time Total                            2.626 seconds
   of which: Function evaluations             0.584 = 22.2%
             1st Derivative evaluations       0.138 =  5.3%
 


**** REPORT SUMMARY :        0 INFEASIBLE
                             0  DEPENDENT
                             0     ERRORS
GAMS 45.7.0  64fbf3ce Jan 18, 2024          WEX-WEI x86 64bit/MS Windows - 04/29/26 18:09:43 Page 90
GUIDE_GLOBAL_CGE model GTAP11c
Range Statistics    SOLVE CGE Using CNS From line 5512


RANGE STATISTICS (ABSOLUTE NON-ZERO FINITE VALUES)

RHS       [min, max] : [ 1.165E-04, 2.426E+04] - Zero values observed as well
Bound     [min, max] : [ 1.535E-20, 1.119E+00]
Matrix    [min, max] : [ 1.050E-20, 1.607E+14] - Zero values observed as well

GAMS 45.7.0  64fbf3ce Jan 18, 2024          WEX-WEI x86 64bit/MS Windows - 04/29/26 18:09:43 Page 91
GUIDE_GLOBAL_CGE model GTAP11c
Model Statistics    SOLVE CGE Using CNS From line 5512


LOOPS                                 TIME   2048


MODEL STATISTICS

BLOCKS OF EQUATIONS         142     SINGLE EQUATIONS       92,895
BLOCKS OF VARIABLES         147     SINGLE VARIABLES       92,895
NON ZERO ELEMENTS       463,995     NON LINEAR N-Z        288,472
CODE LENGTH             836,880     CONSTANT POOL          59,738
SINGLE =E|X= EQUS        92,895     SINGLE UNFIXED VARS    92,895


GENERATION TIME      =        4.781 SECONDS    469 MB  45.7.0 64fbf3ce WEX-WEI
               L O O P S               TIME 2048

GAMS 45.7.0  64fbf3ce Jan 18, 2024          WEX-WEI x86 64bit/MS Windows - 04/29/26 18:09:43 Page 92
GUIDE_GLOBAL_CGE model GTAP11c
Solution Report     SOLVE CGE Using CNS From line 5512


               S O L V E      S U M M A R Y

     MODEL   CGE                 
     TYPE    CNS                 
     SOLVER  CONOPT4             FROM LINE  5512

**** SOLVER STATUS     1 Normal Completion
**** MODEL STATUS      16 Solved

 RESOURCE USAGE, LIMIT          2.140 10000000000.000
 ITERATION COUNT, LIMIT         2    2147483647
 EVALUATION ERRORS              0             0
 
 
    C O N O P T   version 4.31
    Copyright (C) ARKI Consulting and Development A/S
                  Bagsvaerdvej 246 A
                  DK-2880 Bagsvaerd, Denmark
 
    96 constant coefficients less than 1.0E-20 (=Tol_Zero) have been removed.
    463899 coefficients left.
 
    The user model has 92895 constraints and 92895 variables
    with 463899 Jacobian elements, 288472 of which are nonlinear.
 
    The pre-triangular part of the model has 8792 constraints and variables.
    The post-triangular part of the model has 1040 constraints and variables.
 
    Preprocessed model has 83063 constraints and 83063 variables
    with 394867 Jacobian elements, 238163 of which are nonlinear.
 
 ** Feasible solution to a square system.
 
 
 CONOPT time Total                            2.155 seconds
   of which: Function evaluations             0.433 = 20.1%
             1st Derivative evaluations       0.157 =  7.3%
 


**** REPORT SUMMARY :        0 INFEASIBLE
                             0  DEPENDENT
                             0     ERRORS
GAMS 45.7.0  64fbf3ce Jan 18, 2024          WEX-WEI x86 64bit/MS Windows - 04/29/26 18:09:43 Page 93
GUIDE_GLOBAL_CGE model GTAP11c
Range Statistics    SOLVE CGE Using CNS From line 5512


RANGE STATISTICS (ABSOLUTE NON-ZERO FINITE VALUES)

RHS       [min, max] : [ 1.317E-04, 2.519E+04] - Zero values observed as well
Bound     [min, max] : [ 4.766E-21, 1.162E+00]
Matrix    [min, max] : [ 1.064E-20, 4.967E+14] - Zero values observed as well

GAMS 45.7.0  64fbf3ce Jan 18, 2024          WEX-WEI x86 64bit/MS Windows - 04/29/26 18:09:43 Page 94
GUIDE_GLOBAL_CGE model GTAP11c
Model Statistics    SOLVE CGE Using CNS From line 5512


LOOPS                                 TIME   2049


MODEL STATISTICS

BLOCKS OF EQUATIONS         142     SINGLE EQUATIONS       92,895
BLOCKS OF VARIABLES         147     SINGLE VARIABLES       92,895
NON ZERO ELEMENTS       463,996     NON LINEAR N-Z        288,472
CODE LENGTH             836,880     CONSTANT POOL          59,672
SINGLE =E|X= EQUS        92,895     SINGLE UNFIXED VARS    92,895


GENERATION TIME      =        4.984 SECONDS    481 MB  45.7.0 64fbf3ce WEX-WEI
               L O O P S               TIME 2049

GAMS 45.7.0  64fbf3ce Jan 18, 2024          WEX-WEI x86 64bit/MS Windows - 04/29/26 18:09:43 Page 95
GUIDE_GLOBAL_CGE model GTAP11c
Solution Report     SOLVE CGE Using CNS From line 5512


               S O L V E      S U M M A R Y

     MODEL   CGE                 
     TYPE    CNS                 
     SOLVER  CONOPT4             FROM LINE  5512

**** SOLVER STATUS     1 Normal Completion
**** MODEL STATUS      16 Solved

 RESOURCE USAGE, LIMIT          4.250 10000000000.000
 ITERATION COUNT, LIMIT         3    2147483647
 EVALUATION ERRORS              0             0
 
 
    C O N O P T   version 4.31
    Copyright (C) ARKI Consulting and Development A/S
                  Bagsvaerdvej 246 A
                  DK-2880 Bagsvaerd, Denmark
 
    96 constant coefficients less than 1.0E-20 (=Tol_Zero) have been removed.
    463900 coefficients left.
 
    The user model has 92895 constraints and 92895 variables
    with 463900 Jacobian elements, 288472 of which are nonlinear.
 
    The pre-triangular part of the model has 8792 constraints and variables.
    The post-triangular part of the model has 1040 constraints and variables.
 
    Preprocessed model has 83063 constraints and 83063 variables
    with 394867 Jacobian elements, 238163 of which are nonlinear.
 
 ** Feasible solution to a square system.
 
 
 CONOPT time Total                            4.339 seconds
   of which: Function evaluations             1.157 = 26.7%
             1st Derivative evaluations       0.173 =  4.0%
 


**** REPORT SUMMARY :        0 INFEASIBLE
                             0  DEPENDENT
                             0     ERRORS
GAMS 45.7.0  64fbf3ce Jan 18, 2024          WEX-WEI x86 64bit/MS Windows - 04/29/26 18:09:43 Page 96
GUIDE_GLOBAL_CGE model GTAP11c
Range Statistics    SOLVE CGE Using CNS From line 5512


RANGE STATISTICS (ABSOLUTE NON-ZERO FINITE VALUES)

RHS       [min, max] : [ 1.555E-04, 2.615E+04] - Zero values observed as well
Bound     [min, max] : [ 1.467E-21, 1.207E+00]
Matrix    [min, max] : [ 1.042E-20, 1.549E+15] - Zero values observed as well

GAMS 45.7.0  64fbf3ce Jan 18, 2024          WEX-WEI x86 64bit/MS Windows - 04/29/26 18:09:43 Page 97
GUIDE_GLOBAL_CGE model GTAP11c
Model Statistics    SOLVE CGE Using CNS From line 5512


LOOPS                                 TIME   2050


MODEL STATISTICS

BLOCKS OF EQUATIONS         142     SINGLE EQUATIONS       92,895
BLOCKS OF VARIABLES         147     SINGLE VARIABLES       92,895
NON ZERO ELEMENTS       463,996     NON LINEAR N-Z        288,472
CODE LENGTH             836,880     CONSTANT POOL          59,656
SINGLE =E|X= EQUS        92,895     SINGLE UNFIXED VARS    92,895


GENERATION TIME      =        4.359 SECONDS    494 MB  45.7.0 64fbf3ce WEX-WEI
               L O O P S               TIME 2050

GAMS 45.7.0  64fbf3ce Jan 18, 2024          WEX-WEI x86 64bit/MS Windows - 04/29/26 18:09:43 Page 98
GUIDE_GLOBAL_CGE model GTAP11c
Solution Report     SOLVE CGE Using CNS From line 5512


               S O L V E      S U M M A R Y

     MODEL   CGE                 
     TYPE    CNS                 
     SOLVER  CONOPT4             FROM LINE  5512

**** SOLVER STATUS     1 Normal Completion
**** MODEL STATUS      16 Solved

 RESOURCE USAGE, LIMIT         10.250 10000000000.000
 ITERATION COUNT, LIMIT         8    2147483647
 EVALUATION ERRORS              0             0
 
 
    C O N O P T   version 4.31
    Copyright (C) ARKI Consulting and Development A/S
                  Bagsvaerdvej 246 A
                  DK-2880 Bagsvaerd, Denmark
 
    96 constant coefficients less than 1.0E-20 (=Tol_Zero) have been removed.
    463900 coefficients left.
 
    The user model has 92895 constraints and 92895 variables
    with 463900 Jacobian elements, 288472 of which are nonlinear.
 
    The pre-triangular part of the model has 8792 constraints and variables.
    The post-triangular part of the model has 1040 constraints and variables.
 
    Preprocessed model has 83063 constraints and 83063 variables
    with 394867 Jacobian elements, 238163 of which are nonlinear.
 
 ** Feasible solution to a square system.
 
 
 CONOPT time Total                           10.295 seconds
   of which: Function evaluations             1.010 =  9.8%
             1st Derivative evaluations       0.420 =  4.1%
 


**** REPORT SUMMARY :        0 INFEASIBLE
                             0  DEPENDENT
                             0     ERRORS
GAMS 45.7.0  64fbf3ce Jan 18, 2024          WEX-WEI x86 64bit/MS Windows - 04/29/26 18:09:43 Page 99
GUIDE_GLOBAL_CGE model GTAP11c
E x e c u t i o n


EXECUTION TIME       =      234.281 SECONDS    703 MB  45.7.0 64fbf3ce WEX-WEI


USER: Medium MUD - 10 User License                   S220825|0002AO-WIN
      Konkuk University, Dept of Technology Fusion Engineering  DC16297
      License for teaching and research at degree granting institutions


**** FILE SUMMARY

Input      C:\Users\kimc0\GUIDE_GLOBAL_CGE\2.GUIDE-GLOBAL-CGE_v1\Model_GTAP11c_new_backstop.gms
Output     C:\Users\kimc0\GUIDE_GLOBAL_CGE\2.GUIDE-GLOBAL-CGE_v1\Model_GTAP11c_new_backstop.lst
