GAMS 42.5.0  cf11b917 Mar 30, 2023          WEX-WEI x86 64bit/MS Windows - 06/12/24 11:15:55 Page 1
PEP model w-t
World wide model, static version, October 2013


   3   
   4  *==============================================================================*
   5  *                                                                              *
   6  *           Except where otherwise noted, this work is licensed under          *
   7  *               http://creativecommons.org/licenses/by-nc-sa/3.0/              *
   8  *                                                                              *
   9  *                                                                              *
  10  *  You are free to share, to copy, distribute and transmit the work under      *
  11  *  the following conditions:                                                   *
  12  *                                                                              *
  13  *  - Attribution:         You must attribute the work to:                      *
  14  *                         Veronique Robichaud, Andre Lemelin,                  *
  15  *                         Helene Maisonnave and Bernard Decaluwe.              *
  16  *  - Noncommercial:       You may not use this work for commercial purposes.   *
  17  *  - Share Alike:         If you alter, transform, or build upon this work,    *
  18  *                         you may distribute the resulting work only under     *
  19  *                         the same or similar license to this one.             *
  20  *                                                                              *
  21  *==============================================================================*
  22   
  23  * NOTE: section and subsection titles of the program are preceded and followed
  24  *       by this line:
  25  *==============================================================================
  26  *       to facilitate jumping from one to the next with repeat search.
  27   
  28  *==============================================================================
  29  * 1 Set definition
  30  *==============================================================================
  31  * The sets are defined in the DATA_AGG-2007.gms file and are stored in the
  32  * DATA_AGG-2007.GDX output file. Any changes in the aggregation of industries
  33  * and/or region is thus automatically taken into account in the current file.
  34  SET
  35   J               All industries
  36   I               All commodities
  37   I1(I)           All commodities except agriculture (agr)
  38   BUS(J)          Private industries
  39   PUB(J)          Public industries
  40   F               Production factors
  41   L(F)            Labor categories
  42   K(F)            Capital categories
  43   Z               Regions
  44   ZR(Z)           Reference country (USA)
  45   Z1(Z)           All regions except reference region
  46   Zrich(Z)        Rich regions
  47   Zother(Z)       Non-rich regions
  48   
GDXIN   C:\Users\kimc0\GUIDE_GLOBAL_CGE\2.RD_CGE\Input_w-t\DATA_AGG-2019_GTAP11b.gdx
--- LOAD  J = 1:J
--- LOAD  I = 2:I
--- LOAD  BUS = 3:BUS
--- LOAD  PUB = 4:PUB
--- LOAD  F = 5:F
--- LOAD  L = 6:L
--- LOAD  K = 7:K
--- LOAD  Z = 8:Z
--- LOAD  ZR = 9:ZR
--- LOAD  Z1 = 10:Z1
--- LOAD  Zrich = 11:Zrich
--- LOAD  Zother = 12:Zother
  51   
  52  I1(I) All commodities except agriculture
  53  /
  54  * 01_AGRICULT    Agricultural forest and fishery goods
  55   02_COAL        Coal
  56   03_OIL         Crude petroleum
  57   04_GAS         Natural gas Gas distribution
  58   05_MINING      Mined and quarried goods
  59   06_FOODPRO     Food beverages and tobacco products
  60   07_TEXTILES    Textile and leather products
  61   08_WOODPRO     Wood products
  62   09_PAPERPRO    Paper products
  63   10_PETROLCOAL  Petroleum and coal products
  64   11_CHEMICAL    Chemical products
  65   12_NONMET      Non-metallic mineral products
  66   13_IRONSTL     Primary iron and steel products
  67   14_NONFERR     Non-ferrous metal products
  68   15_MACHINE     Fabricated metal products Electronic and electrical equipment Machinery and equipment
  69   16_TRANSEQ     Motor vehicles Other transport equipment
  70   17_OTHERIND    Other manufactured products Water supply
  71   18_ELEC        Electricity
  72   19_CONSTRUC    Construction
  73   20_LTRP        Land transport service(road rail)
  74   21_WTRP        Water transport service
  75   22_ATRP        Air transport service
  76   23_SER         Service
  77  /
  78   
  79  TND(J) TnD
  80  /
  81   18_TnD         Transmission and Distribution
  82  /
  83   
  84  POWER(J) POWER industries
  85  /
  86   19_eNuclear    Nuclear generation
  87   20_eCoal       Coal generation
  88   21_eGas        Gas generation
  89   22_eOil        Oil generation
  90   23_eWind       Wind generation
  91   24_eSolar      Solar generation
  92   25_eHydro      Hydro generation
  93   26_eOther      Other generation
  94  /
  95   
  96  I2(I) Non-electricity commodities
  97  /
  98   01_AGRICULT    Agricultural forest and fishery goods
  99   02_COAL        Coal
 100   03_OIL         Crude petroleum
 101   04_GAS         Natural gas Gas distribution
 102   05_MINING      Mined and quarried goods
 103   06_FOODPRO     Food beverages and tobacco products
 104   07_TEXTILES    Textile and leather products
 105   08_WOODPRO     Wood products
 106   09_PAPERPRO    Paper products
 107   10_PETROLCOAL  Petroleum and coal products
 108   11_CHEMICAL    Chemical products
 109   12_NONMET      Non-metallic mineral products
 110   13_IRONSTL     Primary iron and steel products
 111   14_NONFERR     Non-ferrous metal products
 112   15_MACHINE     Fabricated metal products Electronic and electrical equipment Machinery and equipment
 113   16_TRANSEQ     Motor vehicles Other transport equipment
 114   17_OTHERIND    Other manufactured products Water supply
 115  * 18_ELEC        Electricity
 116   19_CONSTRUC    Construction
 117   20_LTRP        Land transport service(road rail)
 118   21_WTRP        Water transport service
 119   22_ATRP        Air transport service
 120   23_SER         Service
 121  /
 122   
 123  ENE(I) Energy commodities
 124  /
 125   02_COAL         Coal
 126   03_OIL          Crude petroleum
 127   04_GAS         Natural gas
 128   10_PETROLCOAL   Petroleum and coal products
 129   18_ELEC         Electricity
 130  /
 131   
 132  NENE(I) Non-energy commodities
 133  /
 134   01_AGRICULT    Agricultural forest and fishery goods
 135  * 02_COAL        Coal
 136  * 03_OIL         Crude petroleum
 137  * 04_GAS         Natural gas Gas distribution
 138   05_MINING      Mined and quarried goods
 139   06_FOODPRO     Food beverages and tobacco products
 140   07_TEXTILES    Textile and leather products
 141   08_WOODPRO     Wood products
 142   09_PAPERPRO    Paper products
 143  * 10_PETROLCOAL  Petroleum and coal products
 144   11_CHEMICAL    Chemical products
 145   12_NONMET      Non-metallic mineral products
 146   13_IRONSTL     Primary iron and steel products
 147   14_NONFERR     Non-ferrous metal products
 148   15_MACHINE     Fabricated metal products Electronic and electrical equipment Machinery and equipment
 149   16_TRANSEQ     Motor vehicles Other transport equipment
 150   17_OTHERIND    Other manufactured products Water supply
 151  * 18_ELEC        Electricity
 152   19_CONSTRUC    Construction
 153   20_LTRP        Land transport service(road rail)
 154   21_WTRP        Water transport service
 155   22_ATRP        Air transport service
 156   23_SER         Service
 157  /
 158   
 159  J2(J) Industries
 160  /
 161  * 01_AGRICULT    Agricultural forest and fishery goods
 162  * 02_COAL        Coal
 163  * 03_OIL         Crude petroleum
 164  * 04_GAS         Natural gas Gas distribution
 165   05_MINING      Mined and quarried goods
 166   06_FOODPRO     Food beverages and tobacco products
 167   07_TEXTILES    Textile and leather products
 168   08_WOODPRO     Wood products
 169   09_PAPERPRO    Paper products
 170  * 10_PETROLCOAL  Petroleum and coal products
 171   11_CHEMICAL    Chemical products
 172   12_NONMET      Non-metallic mineral products
 173  * 13_IRONSTL     Primary iron and steel products
 174   14_NONFERR     Non-ferrous metal products
 175   15_MACHINE     Fabricated metal products Electronic and electrical equipment Machinery and equipment
 176   16_TRANSEQ     Motor vehicles Other transport equipment
 177   17_OTHERIND    Other manufactured products Water supply
 178  * 18_TnD         Transmission and Distribution
 179  * 19_eNuclear    Nuclear generation
 180  * 20_eCoal       Coal generation
 181  * 21_eGas        Gas generation
 182  * 22_eOil        Oil generation
 183  * 23_eWind       Wind generation
 184  * 24_eSolar      Solar generation
 185  * 25_eHydro      Hydro generation
 186  * 26_eOther      Other generation
 187   27_CONSTRUC    Construction
 188   28_LTRP        Land transport service(road rail)
 189   29_WTRP        Water transport service
 190   30_ATRP        Air transport service
 191   31_SER         Service
 192  /
 193   
 194  J3(J) Energy Industries
 195  /
 196   01_AGRICULT    Agricultural forest and fishery goods
 197   02_COAL        Coal
 198   03_OIL         Crude petroleum
 199   04_GAS         Natural gas Gas distribution
 200  * 05_MINING      Mined and quarried goods
 201   10_PETROLCOAL  Petroleum and coal products
 202   13_IRONSTL     Primary iron and steel products
 203   18_TnD         Transmission and Distribution
 204   19_eNuclear    Nuclear generation
 205   20_eCoal       Coal generation
 206   21_eGas        Gas generation
 207   22_eOil        Oil generation
 208   23_eWind       Wind generation
 209   24_eSolar      Solar generation
 210   25_eHydro      Hydro generation
 211   26_eOther      Other generation
 212  * 27_CONSTRUC    Construction
 213  * 28_LTRP        Land transport service(road rail)
 214  * 29_WTRP        Water transport service
 215  * 30_ATRP        Air transport service
 216  * 31_SER         Service
 217  /
 218   
 219  Z2(Z)
 220  /
 221   01_KOR Korea
 222   02_CHN China
 223   03_JPN Japan
 224   04_RUS Russian Federation
 225   05_MNG Mongolia
 226   06_PRK Peoples Republic of Korea
 227  * 07_NAM North America
 228  * 08_LAM Latin America and the Caribbean
 229  * 09_WEU Western Europe
 230  * 10_EEU Central and Eastern Europe
 231  * 11_FSU Former Soviet Union
 232  * 12_MEA Middle East and North Africa
 233  * 13_AFR Sub-Saharan Africa
 234  * 14_CPA Centrally Planned Asia and China
 235  * 15_SAS South Asia
 236  * 16_PAS Other Pacific Asia
 237  * 17_PAO Pacific OECD
 238  /
 239   
 240  Z3(Z)
 241  /
 242   01_KOR Korea
 243   02_CHN China
 244   03_JPN Japan
 245   04_RUS Russian Federation
 246   05_MNG Mongolia
 247   06_PRK Peoples Republic of Korea
 248  * 07_NAM North America
 249  * 08_LAM Latin America and the Caribbean
 250  * 09_WEU Western Europe
 251  * 10_EEU Central and Eastern Europe
 252  * 11_FSU Former Soviet Union
 253  * 12_MEA Middle East and North Africa
 254  * 13_AFR Sub-Saharan Africa
 255  * 14_CPA Centrally Planned Asia and China
 256  * 15_SAS South Asia
 257  * 16_PAS Other Pacific Asia
 258  * 17_PAO Pacific OECD
 259  /
 260   
 261  *==============================================================================
 262  *  Periods
 263  *==============================================================================
 264  * The set TIME is the period of time for which we have projections for GDP,
 265  * population and economically active population .
 266  TIME Time periods
 267  /
 268  2019*2050
 269  *2019
 270   
 271  /
 272  T(time)
 273  T1(time)         First period;
 274  T1(time)         = yes$[ord(time) eq 1];
 275   
 276  *===============================================================================
 277   
 278  ALIAS (j,jj)
 279  ALIAS (i,ii,ij)
 280  ALIAS (l,lj)
 281  ALIAS (k,kj)
 282  ALIAS (z,zj,zjj)
 283  ALIAS (power, power2)
 284  AlIAS (ENE,ENE2)
 285  AlIAS (bus,bus2)
 286  ;
 287   
 288  *$EXIT
 289   
 290  *==============================================================================
 291  * 2 Declaration of parameters and benchmark variables
 292  *==============================================================================
 293  PARAMETER
 294  *==============================================================================
 295  *  2.1 Parameters
 296  *==============================================================================
 297   A_K(z)               Scale parameter (investment function)
 298   aij(i,j,z)           Input output coefficient
 299   aij2(i,j,z)          Input output coefficient (intermediate energy)
 300   B_KD(j,z)            Scale parameter (CES - composite capital)
 301   B_LD(j,z)            Scale parameter (CES - composite labor)
 302   B_M1(i,z)            Scale parameter (CES - composite commodity)
 303   B_M2(i,z)            Scale parameter (CES - composite import)
 304   B_VA(j,z)            Scale parameter (CES - value added)
 305   B_KLE(j,z)           Scale parameter (CES - composite KLE)
 306   B_ENER(j,z)          Scale parameter (CES - composite ENER)
 307   B_X1(i,z)            Scale parameter (CET - total output)
 308   B_X2(i,z)            Scale parameter (CET - composite export)
 309   B_X3(i,z)            Scale parameter (CES - top level)
 310   B_X4(z)              Scale parameter (CES - Aggregated Electricity)
 311   beta_D_X1(i,z)       Share parameter (CET - total output - local sales)
 312   beta_EX_X1(i,z)      Share parameter (CET - total output - export)
 313   beta_X2(i,z,zj)      Share parameter (CET - composite export)
 314   beta_X3(j,i,z)       Share parameter (CES - top level)
 315   beta_X4(power, z)    Share parameter (CES - Aggregated Electricity)
 316   beta_KD(k,j,z)       Share parameter (CES - composite capital)
 317   beta_LD(l,j,z)       Share parameter (CES - composite labor)
 318   beta_M1(i,z)         Share parameter (CES - composite commodity)
 319   beta_M2(i,zj,z)      Share parameter (CES - composite import)
 320   beta_VA(j,z)         Share parameter (CES - value added)
 321   beta_KLE(j,z)        Share parameter (CES - KLE composite)
 322   beta_ENER(ene,j,z)   Share parameter (CES - ENER composite)
 323   delta(z)             Depreciation rate of capital in country z
 324   eta                  Price elasticity of indexed transfers and parameters
 325   frisch(z)            Frisch parameter (LES function)
 326   gamma_GVT(i,z)       Share of commodity i in total current public expenditures on goods and services
 327   gamma_INV(i,z)       Share of commodity i in total investment expenditures
 328   gamma_LES(i,z)       Marginal share of commodity i in household consumption budget
 329   io(j,z)              Coefficient (Leontief - intermediate consumption)
 330   io2(j,z)             Coefficient (Leontief - intermediate energy consumption)
 331   v(j,z)               value added Coefficient (Leontief)
 332   v2(j,z)              KLE Share parameter (Leontief)
 333   kmob                 Flag parameter (1 if capital is mobile)
 334   RES                  Rescaling factor
 335   rho_KD(j,z)          Elasticity paameter (CES - composite capital)
 336   rho_LD(j,z)          Elasticity parameter (CES - composite labor)
 337   rho_M1(i,z)          Elasticity parameter (CES - composite commodity)
 338   rho_M2(i,z)          Elasticity parameter (CES - composite import)
 339   rho_VA(j,z)          Elasticity parameter (CES - value added)
 340   rho_KLE(j,z)         Elasticity parameter (CES - KLE)
 341   rho_ENER(j,z)        Elasticity parameter (CES - ENER)
 342   rho_X1(i,z)          Elasticity parameter (CET - composite export)
 343   rho_X2(i,z)          Elasticity parameter (CET - composite export)
 344   rho_X3(i,z)          Elasticity parameter (CES - top level)
 345   rho_X4(z)            Elasticity parameter (CES - Aggregated Electricity)
 346   sigma_INV(k,j,z)     Elasticity (investment demand)
 347   sigma_KD(j,z)        Elasticity (CES - composite capital)
 348   sigma_LD(j,z)        Elasticity (CES - composite labor)
 349   sigma_M1(i,z)        Elasticity (CES - composite commodity)
 350   sigma_M2(i,z)        Elasticity (CES - composite import)
 351   sigma_VA(j,z)        Elasticity (CES - value added)
 352   sigma_KLE(j,z)       Elasticity (CES - kle)
 353   sigma_ENER(j,z)      Elasticity (CES - within energy)
 354   sigma_X0(j,z)        Elasticity (CET - exports and local sales)
 355   sigma_X1(i,z)        Elasticity (CET - total output)
 356   sigma_X2(i,z)        Elasticity (CET - composite export)
 357   sigma_X3(i,z)        Elasticity (CES - top level)
 358   sigma_X4(z)          Elasticity (CES - Aggregated Electricity)
 359   sigma_Y(i,z)         Income elasticity of consumption
 360   tmrg(i,ij,zj,z)      Rate of margin i applied to commodity ij imported from country zj
 361   TnDShare(z)          T&D share of Aggregated electricity
 362   PowerShare(z)        Power Industries share of Aggregated electricity
 363   theta2(j,i,z)        Export share of composite activity
 364   
 365   g_GDP(z,time)        GDP past and projected growth rate
 366   g_LS(z,time)         Active population past and projected growth rate
 367   g_POP(z,time)        Population past and projected growth rate
 368   g_SDR(z,time)        Growth rate of domestic savings rate
 369   gamma_GVT(i,z)       Share of commodity i in total current public expenditures on goods and services
 370   gamma_INV(i,z)       Share of commodity i in total investment expenditures
 371   gamma_LES(i,z)       Marginal share of commodity i in household consumption budget
 372   exogro(z,time)       Exogenous growth factor for exogenously growing variables except labor
 373   growthz(z)           Steady state grwoth
 374   AEEI(z,time)
 375   AEEI_low(z,time)     Autonomous energy efficiency improvement
 376   AEEI_high(z,time)    Autonomous energy efficiency improvement
 377   
 378   CTAX_Cal(z,time)
 379   
 380   B_ENER_t(j,z,time)
 381   
 382  *==============================================================================
 383  *  2.2 Variables - Benchmark
 384  *==============================================================================
 385  *  Benchmark values of variables are parameters. Their acronyms are the
 386  *  corresponding variable names,followed by the letter "O".
 387   
 388  *==============================================================================
 389  *   2.2.1 Volume variables
 390  *==============================================================================
 391   CABXO(z)        Current account balance of region z in terms of the international currency (pseudo-volume variable)
 392   CO(i,z)         Consumption of commodity i by households in region z
 393   CGO(i,z)        Public consumption of commodity i in region z
 394   CIO(j,z)        Total intermediate consumption of industry j in region z
 395   CEO(j,z)        Total energy intermediate consumption of industry j in region z
 396   CMINO(i,z)      Minimum consumption of commodity i by households in region z
 397   CTH_REALO(z)    Real household consumption in region z
 398   DDO(i,z)        Domestic demand for commodity i produced locally in region z
 399   DIO(i,j,z)      Intermediate consumption of commodity i by industry j in region z
 400   DEO(ene,j,z)    Intermediate energy consumption of commodity i by industry j in region z
 401   DITO(i,z)       Total intermediate demand of commodity i in region z
 402   DSO(j,i,z)      Supply of commodity i by sector j to the domestic market
 403   DSO_I(i,z)      Supply of commodity i to the domestic market of region z
 404   DSO_J(j,z)      Supply of activity j to the domestic market of region z
 405   EXO(i,z,zj)     Quantity of product i exported by country z to country zj
 406   EXTO(i,z)       Supply of composite commodity i by region z to the export market
 407   EXTTO(j,i,z)    Supply of activity j to the export market i of region z
 408   G_REALO(z)      Current real government expenditures on goods and services in region z
 409   GDP_BP_REALO(z) Real GDP at basic prices
 410   GDP_MP_REALO(z) Real GDP at market prices
 411   GDP_BP_W_REALO  Real GDP at basic prices
 412   IMO(i,zj,z)     Quantity of product i imported by country z from country zj
 413   IMTO(i,z)       Quantity demanded of composite imports of commodity i by region z
 414   INDO(k,j,z)     Volume of new type k capital investment to industry j in region z
 415   INVO(i,z)       Final demand of commodity i for investment purposes (GFCF) in region z
 416   IT_REALO(z)     Real gross fixed capital formation
 417   KDO(k,j,z)      Demand for type k capital by industry j in region z
 418   KDCO(j,z)       Demand for composite capital by industry j in region z
 419   KSO(k,z)        Supply of type k capital in region z
 420   KSTO(z)         Total supply of capital in region z
 421   LDO(l,j,z)      Demand for type l labor by industry j in region z
 422   LDCO(j,z)       Demand for composite labor by industry j in region z
 423   LSO(l,z)        Supply of type l labor in region z
 424   MRGNO(i,z)      Domestic production of commodity i in region z exported as international margin services
 425   POPO(z)         Population in 2019
 426   QO(i,z)         Quantity demanded of composite commodity i in region z
 427   VAO(j,z)        Value added of industry j in region z
 428   KLEO(j,z)       KLE of industry j in region z
 429   XSO_I(i,z)      Commoidty i total production
 430   XSO(j,i,z)      Total output of industry j in region z
 431   XSTO(j,z)       Total output of industry j
 432   POWERQO(z)      Total power output in region z
 433   
 434  *==============================================================================
 435  *   2.2.2 Price variables
 436  *==============================================================================
 437   eO(z)           Exchange rate (price of international currency in terms of region z local currency)
 438   IRO(z)          Interest rate
 439   PO(i,z)         Basic price of commodity i in region z
 440   PO2(j,i,z)      Basic price of industry js production of commodity i
 441   PO3(i,j,z)
 442   PO4(i,j,z)
 443   PPOWERO(z)
 444   PIO(i,z)
 445   PTO(j,z)        Basic price of industry js output
 446   PCO(i,z)        Purchaser price of composite commodity i (including all taxes and margins) in region z
 447   PCIO(j,z)       Intermediate consumption price index of industry j in region z
 448   PCEO(j,z)       Intermediate energy consumption price index of industry j in region z
 449   PDO(i,z)        Price of local product i sold on region z domestic market (including all taxes)
 450   PEO(i,z,zj)     Price received for commodity i exported to region zj by region z (excluding export taxes)
 451   PETO(i,z)       Border price of composite commodity i exported by region z
 452   PIXCONO(z)      Consumer price index in region z
 453   PIXGDPO(z)      GDP deflator in region z
 454   PIXGDP_WO       World GDP deflator
 455   PIXGVTO(z)      Public expenditures price index in region z
 456   PIXINVO(z)      Investment price index in region z
 457   PKO(z)          Price of new capital in region z
 458   PLO(i,z)        Price of local product i (excluding all taxes on products) in region z
 459   PMO(i,zj,z)     Price of commodity i imported by region z from region zj (including all taxes duties and margins)
 460   PMTO(i,z)       Price of composite commodity i imported by region z (including all taxes duties and margins)
 461   PPO(j,z)        Unit cost of industry j in region z including taxes directly related to the use of capital and labor but excluding other taxes on production
 462   PVAO(j,Z)       Price of industry j value added in region z (including taxes on production directly related to the use of capital and labor)
 463   PKLEO(j,z)      Price of industry j KLE in region z
 464   PWMO(i,zj,z)    World price of commodity i imported from country zj by region z (expressed in international currency)
 465   PWMGO(i)        World price of margin i (expressed in international currency)
 466   PWXO(i,z,zj)    World price of commodity i exported to country zj by region z (expressed in international currency)
 467   RO(k,j,z)       Rental rate of type k capital in industry j of region z
 468   RCO(j,z)        Rental rate of industry j composite capital in region z
 469   RKO(k,z)        Rental rate of type k capital in region z
 470   RTIO(k,j,z)     Rental rate paid by industry j for type k capital in region z including capital taxes
 471   UO(z)           User cost of capital in region z
 472   WO(l,z)         Wage rate of type l labor in region z
 473   WCO(j,z)        Wage rate of industry j composite labor in region z
 474   WTIO(l,j,z)     Wage rate paid z by industry j for type l labor in region including payroll taxes
 475   
 476  *==============================================================================
 477  *   2.2.3 Nominal (value) variables
 478  *==============================================================================
 479   CABO(z)         Current account balance of region z
 480   CTHO(z)         Consumption budget of households in region z
 481   DEPO(z)         Amount of depreciation (capital consumption allowance) in region z
 482   GO(z)           Current government expenditures on goods and services in region z
 483   GDP_BPO(z)      Region z GDP at basic prices
 484   GDP_BP_WO       World GDP at basic prices
 485   GDP_FDO(z)      Region z GDP at purchasers prices from the perspective of final demand
 486   GDP_IBO(z)      Region z GDP at market prices (income-based)
 487   GDP_MPO(z)      Region z GDP at market prices
 488   ITO(z)          Total investment expenditures in region z
 489   RKDO(k,j,z)     Type k capital income in industry j in region z
 490   SGO(z)          Government savings in region z
 491   SHO(z)          Household savings in region z
 492   SROWO(z)        Rest-of-the-world savings with respect to region z
 493   TDHO(z)         Household income taxes in region z
 494   TICO(i,z)       Government revenue from indirect taxes on commodity i in region z
 495   TICTO(z)        Total government receipts of indirect taxes on commodities in region z
 496   TIKO(k,j,z)     Government revenue from taxes on type k capital used by industry j in region z
 497   TIKTO(z)        Total government revenue from from taxes on capital in region z
 498   TIMO(i,zj,z)    Government revenue from duties on commodity i imported from region zj by region z
 499   TIMTO(z)        Total government revenue from import duties in region z
 500   TIPO(j,z)       Government revenue from taxes on industry j production in region z (excluding taxes directly related to the use of capital and labor)
 501   TIPTO(z)        Total government revenue from production taxes in region z (excluding taxes directly related to the use of capital and labor)
 502   TIWO(l,j,z)     Government revenue from payroll taxes on type l labor in industry j of region z
 503   TIWTO(z)        Total government revenue from payroll taxes in region z
 504   TIXO(i,z,zj)    Government revenue from export taxes on commodity i exported by region z to region zj
 505   TIXTO(z)        Total government revenue from export taxes in region z
 506   TPRCTSO(z)      Total government revenue from taxes on products and imports in region z
 507   TPRODNO(z)      Total government revenue from other taxes on production in region z
 508   YDHO(z)         Household disposable income in region z
 509   YGO(z)          Total government income in region z
 510   YHO(z)          Household total income in region z
 511   YHKO(z)         Household capital income in region z
 512   YHLO(z)         Household labor income in region z
 513   YROWO(z)        Rest-of-the-world total income from region z
 514   
 515  *==============================================================================
 516  *   2.2.4 Rates and intercepts
 517  *==============================================================================
 518   phiO(z)         Scale variable (allocation of investment to industries)
 519   sh0O(z)         Intercept (household savings)
 520   sh1O(z)         Slope (household savings)
 521   ttdh0O(z)       Intercept (household income tax)
 522   ttdh1O(z)       Slope (household income tax)
 523   tticO(i,z)      Tax rate on commodity i
 524   ttikO(k,j,z)    Tax rate on capital k used in industry j
 525   ttimO(i,zj,z)   Rate of taxes and duties on imports of commodity i from country zj
 526   ttipO(j,z)      Tax rate on the production of industry j
 527   ttiwO(l,j,z)    Tax rate on type l worker compensation in industry j
 528   ttixO(i,z,zj)   Export tax rate on exported commodity x
 529  ;
 530   
 531  Scalar
 532   Tiny small figure / 0.000000000001/ ;
 533   
 534  *==============================================================================
 535  * 3 Data
 536  *==============================================================================
 537  *  3.1 Data input from GTAP8.1
 538  *==============================================================================
 539  *   3.1.1 Reading data aggregated with DATA_AGG-2007.gms
 540  *==============================================================================
 541  *  The PEP w-t model uses aggregated data from GTAP8.1. The following file
 542  *  includes data for some variables and substitution elasticities.
 543   
--- LOAD  CO = 13:CO
--- LOAD  CGO = 14:CGO
--- LOAD  DDO = 15:DDO
--- LOAD  DEPO = 16:DEPO
--- LOAD  DIO = 17:DIO
--- LOAD  DSO = 18:DSO
--- LOAD  DSO_I = 19:DSO_I
--- LOAD  EXO = 20:EXO
--- LOAD  IMO = 21:IMO
--- LOAD  INVO = 22:INVO
--- LOAD  KSTO = 23:KSTO
--- LOAD  LDO = 24:LDO
--- LOAD  MRGNO = 25:MRGNO
--- LOAD  XSO = 39:XSO
--- LOAD  XSO_I = 40:XSO_I
--- LOAD  XSTO = 41:XSTO
--- LOAD  g_GDP = 62:g_GDP
--- LOAD  g_POP = 63:g_POP
--- LOAD  g_SDR = 64:g_SDR
--- LOAD  AEEI_low = 65:AEEI_low
--- LOAD  AEEI_high = 66:AEEI_high
--- LOAD  CTAX_Cal = 68:CTAX_Cal
--- LOAD  RKDO = 27:RKDO
--- LOAD  TDHO = 28:TDHO
--- LOAD  TICO = 30:TICO
--- LOAD  TIKO = 31:TIKO
--- LOAD  TIMO = 32:TIMO
--- LOAD  TIPO = 33:TIPO
--- LOAD  TIWO = 34:TIWO
--- LOAD  TIXO = 35:TIXO
--- LOAD  tmrg = 38:tmrg
--- LOAD  sigma_M1 = 43:sigma_M1
--- LOAD  sigma_M2 = 44:sigma_M2
--- LOAD  sigma_VA = 45:sigma_VA
--- LOAD  sigma_KLE = 46:sigma_KLE
--- LOAD  POPO = 26:POPO
 547   
 548  display sigma_M1, sigma_M2 ;
 549   
 550  sigma_M1('04_GAS',Z) = 6;
 551  sigma_M2('03_OIL',Z) = 6;
 552  sigma_M2('04_GAS',Z) = 6;
 553   
 554  display sigma_M1, sigma_M2 ;
 555   
 556  *==============================================================================
 557  *   3.1.2 Rescaling the variables
 558  *==============================================================================
 559  * GTAP 8.1 data are in millions of (2004 and 2007) US dollars
 560  * (see www.gtap.agecon.purdue.edu/resources/download/5679.pdf)
 561  * With RES = 10000, model results are in tens of billions (10G$)
 562  RES              = 10000;
 563  *RES              = 1;
 564   
 565  * NOTE: In GTAP parlance, "agents' prices" are prices paid by buyers, and
 566  *       "market prices" are prices received by sellers.
 567   
 568  * Household consumption = GTAP domestic purchases (VDPA) + import purchases (VIPA)
 569  * by households at agents' prices.
 570  CO(i,z)          = CO(i,z)/RES;
 571   
 572  * Public final consumption = domestic purchases (VDGA) + import purchases (VIGA)
 573  * by government at agents' prices.
 574  CGO(i,z)         = CGO(i,z)/RES;
 575   
 576  * Domestic purchases = domestic absorption:
 577  * (CO + CGO + INVO + DIO) - [ imports (IMO) + transport margins (tmrg)
 578  *                              + indirect taxes (TICO + TIMO) ]
 579  DDO(i,z)         = DDO(i,z)/RES;
 580   
 581  * Capital depreciation (DEP)
 582  DEPO(z)          = DEPO(z)/RES;
 583   
 584  * Intermediate consumption = domestic purchases (VDFA) + import purchases (VIFA)
 585  * by firms belonging to sectors other than CGDS, at agents' prices.
 586  DIO(i,j,z)       = DIO(i,j,z)/RES;
 587   
 588  * Domestic supply = domestic demand (DDO) in GTAP_AGG.gms
 589  DSO(j,i,z)        = DSO(j,i,z)/RES;
 590  DSO_I(i,z)        = DSO_I(i,z)/RES;
 591   
 592  * Exports = exports at world prices (VXWD) = imports at world prices
 593  * Note: the GTAP variable VXWD is NOT used in the DATA_AGG.gms program; the
 594  * value recorded in DATA_AGG.gdx is actually identical to IMO
 595  EXO(i,z,zj)      = EXO(i,z,zj)/RES;
 596   
 597  * Imports = imports at world prices (VIWS) - sum of transport margins on imports (VTWR)
 598  IMO(i,z,zj)      = IMO(i,z,zj)/RES;
 599   
 600  * Demand for investment purposes = domestic purchases (VDFA)+ import purchases (VIFA)
 601  * by firms of the CGDS sector at agents' prices.
 602  INVO(i,z)        = INVO(i,z)/RES;
 603   
 604  * Total capital stock at the beginning of the period (VKB)
 605  KSTO(z)          = KSTO(z)/RES;
 606   
 607  * Labor demand = Remuneration of labor at market prices, before taxes
 608  * (components of VFM, "primary factor purchases, by households, at market prices")
 609  LDO(l,j,z)       = LDO(l,j,z)/RES;
 610   
 611  * Supply of transport margins at market prices (VST), adjusted proportionately
 612  * so that MRGNO = sum of tmrg for every margin commodity
 613  MRGNO(i,z)       = MRGNO(i,z)/RES;
 614   
 615  * Remuneration of capital at market prices, before taxes
 616  * (components of VFM, "primary factor purchases, by households, at market prices")
 617  RKDO(k,j,z)      = RKDO(k,j,z)/RES;
 618   
 619  * Direct taxes = factor payment at market prices (VFM)
 620  *                - primary factor sales at agents' prices (EVOA)
 621  TDHO(z)          = TDHO(z)/RES;
 622   
 623  * Domestic taxes on commodities = demand at agents' prices - demand at market prices:
 624  * Include 6 pairs of GTAP components
 625  *       VDPA - VDPM
 626  *       VIPA - VIPM
 627  *       VDGA - VDGM
 628  *       VIGA - VIGM
 629  *       VDFA - VDFM
 630  *       VIFA - VIFM
 631  TICO(i,z)        = TICO(i,z)/RES;
 632   
 633  * Net taxes on factor of production = factor employment tax revenue (FTRV)
 634  *                                     - factor-based subsidies (FBEP).
 635  TIKO(k,j,z)      = TIKO(k,j,z)/RES;
 636   
 637  * Import duties = "ordinary" import duties (TFRV)
 638  TIMO(i,z,zj)     = TIMO(i,z,zj)/RES;
 639   
 640  * Taxes on production = MINUS "ordinary output subsidies" (OSEP)
 641  TIPO(j,z)        = TIPO(j,z)/RES;
 642   
 643  * Net taxes on factor of production = factor employment tax revenue (FTRV)
 644  *                                     - factor-based subsidies (FBEP).
 645  TIWO(l,j,z)      = TIWO(l,j,z)/RES;
 646   
 647  * Taxes on exports = export tax equivalent of the Multi-Fiber Agreement (MFA)
 648  * quota premium(MFRV) + "ordinary" export taxes (XTRV)
 649  TIXO(i,z,zj)     = TIXO(i,z,zj)/RES;
 650   
 651  * Transport margins at world prices = sum of margins on imports (VTWR)
 652  tmrg(i,ij,z,zj)  = tmrg(i,ij,z,zj)/RES;
 653   
 654  * Domestic output = domestic supply (DSO) + supply of transport margins (MRGNO)
 655  *                   + exports (EXO) - taxes on exports (TIXO)
 656   
 657  XSO_I(i,z)        = XSO_I(i,z)/RES;
 658  XSO(j,i,z)        = XSO(j,i,z)/RES;
 659  XSTO(j,z)         = XSTO(j,z)/RES;
 660   
 661  growthz(z)        = 0.02;
 662   
 663  *==============================================================================
 664  *  3.3 Exogenous prices and parameters
 665  *==============================================================================
 666   
 667  *  Price elasticity (should be equal to one to verify homogeneity)
 668  eta = 1;
 669   
 670  *==============================================================================
 671  * CES and CET elasticities
 672  *==============================================================================
 673  * CES elasticities are defined using GTAP8.1 data for imports
 674  * (sigma_M1 and sigma_M2) and value added (sigma_VA)
 675   
 676  * Other exogenous parameters can be defined if the Excel file VAL_PAR.XLS
 677  PARAMETER
 678  PARZ;
 679   
GDXIN   C:\Users\kimc0\GUIDE_GLOBAL_CGE\2.RD_CGE\Input_w-t\PAR.gdx
--- LOAD  sigma_KD = 1:sigma_KD
--- LOAD  sigma_LD = 2:sigma_LD
--- LOAD  sigma_X1 = 4:sigma_X1
--- LOAD  sigma_X2 = 5:sigma_X2
--- LOAD  sigma_X3 = 6:sigma_X3
--- LOAD  sigma_X0 = 7:sigma_X0
--- LOAD  sigma_Y = 8:sigma_y
--- LOAD  sigma_INV = 10:sigma_inv
--- LOAD  PARZ = 9:PARZ
 683   
 684  * sigma_INV(k,j,z) = 2;
 685   sigma_INV(k,j,z) = 1;
 686   
 687  *------------------------------------------------------------------------------
 688  * CES - composite capital
 689  * We assume that the elasticity between the different type of capital
 690  * is twice that used for value added.
 691  * If the user wishes to assume otherwise, he can fill the appropriate area in
 692  * the Excel file VAL_PAR.xls and delete following line:
 693   sigma_KD(j,z)   = 2*sigma_VA(j,z);
 694   
 695  *------------------------------------------------------------------------------
 696  * CES - composite labor
 697  * We assume that the elasticity between the different type of labor
 698  * is twice that used for value added.
 699  * If the user wishes to assume otherwise, he can fill the appropriate area in
 700  * the Excel file VAL_PAR.xls and delete following line:
 701  * sigma_LD(j,z)   = 2*sigma_VA(j,z);
 702   sigma_LD(j,z)   = 0.5;
 703   
 704  *$exit
 705  *------------------------------------------------------------------------------
 706  * CES - composite KLE, KE, ENER
 707  * sigma_KLE(j,z)  = 0.5 ;
 708  * sigma_KLE(j,z)  = 1.1 ;
 709   sigma_ENER(j,z) = 1.1 ;
 710  *  sigma_ENER(j,z) = 2.0 ;
 711   
 712  *------------------------------------------------------------------------------
 713  * CET - total output
 714  * We arbitrarily assume that the transformation elasticity between total exports,
 715  * domestic supply and margins is equal to 2 for all sectors and all region.
 716  * If the user wishes to assume otherwise, he can fill the appropriate area in
 717  * the Excel file VAL_PAR.xls.
 718   
 719  *------------------------------------------------------------------------------
 720  * CET - exports
 721  * We arbitrarily assume that the transformation elasticity between exports
 722  * to the different partners is equal to 3 for all sectors and all region.
 723  * If the user wishes to assume otherwise, he can fill the appropriate area in
 724  * the Excel file VAL_PAR.xls.
 725   
 726  *------------------------------------------------------------------------------
 727  * LES parameters - Frisch
 728  * We assume that the Frisch parameter is -1.1 for rich regions/countries and
 729  * -1.5 for other regions/countries.
 730   frisch(zrich)   = -1.1;
 731   frisch(zother)  = -1.5;
 732   
 733  * If the user wishes to assume otherwise, he can fill the appropriate area in
 734  * the Excel file VAL_PAR.xls, delete the previous 2 lines and uncomment the
 735  * following line:
 736   frisch(z)      = PARZ(z,'frisch');
 737   
 738  *------------------------------------------------------------------------------
 739  * LES parameters - Income elasticity of consumption
 740  * We arbitrarily assume that the income elasticity of the consumption of
 741  * commodity i is the same for all region/country.
 742  * If the user wishes to assume otherwise, he can fill the appropriate area in
 743  * the Excel file VAL_PAR.xls.
 744   
 745  *------------------------------------------------------------------------------
 746  *  Slopes of taxation functions
 747  *   One can either choose to assign a value to the intercepts and calibrate
 748  *   the slopes accordingly, or the other way around. This type of modelling
 749  *   can be useful to take into account known marginal savings or taxation rates
 750  *   or to deal with negative average saving rates in cases where savings are
 751  *   negative for some household groups.
 752  *   When no further information is available, one can simply set the intercepts
 753  *   to zero and calibrate an average rate: this is what we do here for ttdh0O.
 754  *   If the user wishes to assume otherwise, he can fill the appropriate area in
 755  *   the Excel file VAL_PAR.xls.
 756  * ttdh0O(z)       = PARZ(z,'ttdh0O');
 757   
 758   ttdh0O(z)       = 0;
 759  *   The slope ttdh1O is calibrated below in the mane GAMS file
 760   
 761  *------------------------------------------------------------------------------
 762  *  Elasticity - Investment demand function
 763  * We arbitrarily assume that this elasticity is equal to 2 for all types of
 764  * capital, all sectors and all regions.
 765  * If the user wishes to assume otherwise, he can fill the appropriate area in
 766  * the Excel file VAL_PAR.xls.
 767   
 768  *------------------------------------------------------------------------------
 769  * Also we need to assign values to some prices
 770  * All of the prices below, EXCEPT eO, may be set at arbitrary values
 771  * without loss of generality.
 772  *
 773  * In the case of eO, although exchange rates may be given arbitrary values
 774  * in the model, they must all be equal for calibration at this stage. The reason
 775  * is that the supply of margin transport services MRGNO must equal global demand.
 776  * Since there is a single world price for international transport margins
 777  * (rather than bilateral world prices for other commodities) the unit of
 778  * measurement of the volume of margin services must be the same for all regions,
 779  * and in turn, that implies that the divisor that converts the nominal value to
 780  * volume be the same for all regions. Since that divisor involves the exchange
 781  * rate, all exchange rates must be equal.
 782   
 783  * Normally, prices that may be given arbitrary values are set at 1:
 784   eO(z)           = 1;
 785   PEO(i,z,zj)     = 1;
 786   PLO(i,z)        = 1;
 787   PWMGO(i)        = 1;
 788   WO(l,z)         = 1;
 789   
 790  *==============================================================================
 791  * 4 Calibration
 792  *==============================================================================
 793  *  4.1 Calculation of income and savings related variables and parameters
 794  *==============================================================================
 795   YHKO(z)         = SUM[(k,j),RKDO(k,j,z)];
 796   YHLO(z)         = SUM[(l,j),LDO(l,j,z)];
 797   YHO(z)          = YHLO(z)+YHKO(z);
 798   YDHO(z)         = YHO(z)-TDHO(z);
 799   CTHO(z)         = SUM[i,CO(i,z)];
 800   SHO(z)          = YDHO(z)-CTHO(z);
 801   
 802   TICTO(z)        = SUM[i,TICO(i,z)];
 803   TIMTO(z)        = SUM[(i,zj),TIMO(i,zj,z)];
 804   TIWTO(z)        = SUM[(l,j),TIWO(l,j,z)];
 805   TIKTO(z)        = SUM[(k,j),TIKO(k,j,z)];
 806   TIPTO(z)        = SUM[j,TIPO(j,z)];
 807   TIXTO(z)        = SUM[(i,zj),TIXO(i,z,zj)];
 808   TPRODNO(z)      = TIKTO(z)+TIWTO(z)+TIPTO(z);
 809   TPRCTSO(z)      = TICTO(z)+TIMTO(z)+TIXTO(z);
 810   YGO(z)          = TDHO(z)+TPRCTSO(z)+TPRODNO(z);
 811   GO(z)           = SUM[i,CGO(i,z)];
 812   SGO(z)          = YGO(z)-GO(z);
 813   
 814   YROWO(z)        = SUM[(i,zj),IMO(i,zj,z)]+SUM[(i,ij,zj),tmrg(i,ij,zj,z)];
 815   SROWO(z)        = YROWO(z)-SUM[(i,zj),EXO(i,z,zj)]-SUM[i,MRGNO(i,z)];
 816   CABO(z)         = -SROWO(z);
 817   
 818   ITO(z)          = SHO(z)+SGO(z)+SROWO(z);
 819   
 820  *==============================================================================
 821  *  4.2 Calibration of parameters and other variables
 822  *==============================================================================
 823  *  4.2.1 Calibration of investment and government spending shares
 824  *==============================================================================
 825   gamma_GVT(i,z)  = CGO(i,z)/SUM[ij,CGO(ij,z)];
 826   gamma_INV(i,z)  = INVO(i,z)/SUM[ij,INVO(ij,z)] ;
 827   
 828  *==============================================================================
 829  *  4.2.2 Calibration of other prices and revised volumes (part 1)
 830  *==============================================================================
 831   LDO(l,j,z)      = LDO(l,j,z)/WO(l,z);
 832   LDCO(j,z)       = SUM[l,LDO(l,j,z)];
 833   LSO(l,z)        = SUM[j,LDO(l,j,z)];
 834   EXO(i,z,zj)     = [EXO(i,z,zj)-TIXO(i,z,zj)]/PEO(i,z,zj);
 835   EXTO(i,z)       = SUM[zj,EXO(i,z,zj)];
 836   
 837   PWXO(i,z,zj)$EXO(i,z,zj)
 838                   = {[PEO(i,z,zj)*EXO(i,z,zj)+TIXO(i,z,zj)]/EXO(i,z,zj)}/eO(z);
 839   
 840   PETO(i,z)       = SUM[zj,PEO(i,z,zj)*EXO(i,z,zj)]/EXTO(i,z);
 841   PWMO(i,z,zj)    = PWXO(i,z,zj);
 842   IMO(i,zj,z)     = EXO(i,zj,z);
 843   IMTO(i,z)       = SUM[zj,IMO(i,zj,z)];
 844   
 845   DSO(j,i,z)       = DSO(j,i,z)/PLO(i,z);
 846   DSO_I(i,z)       = SUM(j,DSO(j,i,z));
 847   DSO_J(j,z)       = SUM(i,DSO(j,i,z));
 848   QO(i,z)         = IMTO(i,z)+DDO(i,z);
 849   
 850   MRGNO(i,z)$MRGNO(i,z)
 851                   = MRGNO(i,z)/[eO(z)*PWMGO(i)];
 852   
 853   XSO_I(i,z)      = EXTO(i,z)+DDO(i,z)+MRGNO(i,z);
 854   
 855   XSTO(j,z)       = sum(i, XSO(j,i,z));
 856   
 857   PO(i,z)        = [PETO(i,z)*EXTO(i,z)+PLO(i,z)*DSO_I(i,z)
 858                    +eO(z)*PWMGO(i)*MRGNO(i,z)]/XSO_I(i,z);
 859   
 860   PO2(j,i,z)$XSO(j,i,z) = 1;
 861   
 862   PO3(i,j,z)$XSO(j,i,z) = 1;
 863   
 864   PIO(i,z)       = SUM[j$XSO(j,i,z),PO2(J,I,z)*XSO(j,i,z)]/XSO_I(i,z);
 865   
 866   PTO(j,z)       = SUM[i$XSO(j,i,z),PO2(j,i,z)*XSO(j,i,z)]/XSTO(j,z);
 867   
 868   PPO(j,z)       = [SUM[l,TIWO(l,j,z)+WO(l,z)*LDO(l,j,z)]
 869                    +SUM[k,TIKO(k,j,z)+RKDO(k,j,z)]
 870                    +SUM[nene,DIO(nene,j,z)]+SUM[ene,DIO(ene,j,z)]]/XSTO(j,z);
 871   
 872   theta2(j,i,z) = DSO(j,i,z)/sum(jj, DSO(jj,i,z));
 873   
 874   EXTTO(j,i,z)$DSO(j,i,z) = theta2(j,i,z)*EXTO(i,z);
 875   
 876  *==============================================================================
 877  *  4.3 Calibration of tax rates, margins, prices and volumes
 878  *==============================================================================
 879  *  4.3.1 Margin rates and tax rates
 880  *==============================================================================
 881   ttixO(i,z,zj)   = [eO(z)*PWXO(i,z,zj)/PEO(i,z,zj)]-1;
 882   tticO(i,z)      = TICO(i,z)/{PLO(i,z)*DDO(i,z)
 883                     +SUM[zj,IMO(i,zj,z)*eO(z)*PWMO(i,zj,z)
 884                     +TIMO(i,zj,z)+SUM[ij,tmrg(ij,i,zj,z)]]};
 885   
 886   tmrg(i,ij,zj,z)$IMO(ij,zj,z)
 887                   = tmrg(i,ij,zj,z)/(PWMGO(i)*eO(z)*IMO(ij,zj,z));
 888   
 889   ttimO(i,zj,z)$IMO(i,zj,z)
 890                   = TIMO(i,zj,z)/{IMO(i,zj,z)*eO(z)*(PWMO(i,zj,z)
 891                    +SUM[ij,PWMGO(ij)*tmrg(ij,i,zj,z)])};
 892   
 893   ttiwO(l,j,z)$LDO(l,j,z)
 894                   = TIWO(l,j,z)/[WO(l,z)*LDO(l,j,z)];
 895   
 896   ttikO(k,j,z)$RKDO(k,j,z)
 897                   = TIKO(k,j,z)/RKDO(k,j,z);
 898   
 899   ttipO(j,z)      = [PTO(j,z)/PPO(j,z)]-1;
 900   
 901   ttdh1O(z)       = [TDHO(z)-ttdh0O(z)]/YHO(z);
 902   
 903  *==============================================================================
 904  *  4.3.2 Calibration of other prices and revised volumes (part 2)
 905  *==============================================================================
 906   PDO(i,z)        = PLO(i,z)*(1+tticO(i,z));
 907   PMO(i,zj,z)     = eO(z)*(PWMO(i,zj,z)+SUM[ij,PWMGO(ij)*tmrg(ij,i,zj,z)])
 908                   *(1+ttimO(i,zj,z))*(1+tticO(i,z));
 909   PMTO(i,z)       = SUM[zj,PMO(i,zj,z)*IMO(i,zj,z)]/IMTO(i,z);
 910   PCO(i,z)        = [PMTO(i,z)*IMTO(i,z)+PDO(i,z)*DDO(i,z)]/QO(i,z);
 911   
 912   CO(i,z)         = CO(i,z)/PCO(i,z);
 913   CGO(i,z)        = CGO(i,z)/PCO(i,z);
 914   DIO(nene,j,z)   = DIO(nene,j,z)/PCO(nene,z);
 915   DEO(ene,j,z)    = DIO(ene,j,z)/PCO(ene,z);
 916   INVO(i,z)       = INVO(i,z)/PCO(i,z);
 917   
 918   CIO(j,z)        = SUM[nene,DIO(nene,j,z)];
 919   CEO(j,z)        = SUM[ene,DEO(ene,j,z)];
 920   
 921   DITO(nene,z)     = SUM[j,DIO(nene,j,z)];
 922   DITO(ene,z)      = SUM[j,DEO(ene,j,z)];
 923   
 924   PO4(ene,j,z)    = PCO(ene,z);
 925   
 926   PCIO(j,z)       = SUM[nene,PCO(nene,z)*DIO(nene,j,z)]/CIO(j,z);
 927   PCEO(j,z)       = SUM[ene,PCO(ene,z)*DEO(ene,j,z)]/CEO(j,z) ;
 928   
 929   WTIO(l,j,z)     = WO(l,z)*(1+ttiwO(l,j,z));
 930   
 931   WCO(j,z)$LDCO(j,z)
 932                   = SUM[l,WTIO(l,j,z)*LDO(l,j,z)]/LDCO(j,z);
 933   
 934  *==============================================================================
 935  *  4.4 Calibration of dynamic parameters
 936  *==============================================================================
 937  * Calibration of dynamic parameters following new procedure.
 938  * The price of capital is arbitrary:
 939   PKO(z) = 1;
 940   
 941  * The calibration of depreciation rates is based on two hypotheses:
 942  * 1. The rate of depreciation is the same for all types of capital and all
 943  *    industries in each region (this hypothesis is made to accommodate the fact
 944  *    that, in the GTAP data base, capital consumption allowance is not detailed;
 945  *    as a matter of fact, the GTAP capital consumption allowance is set at
 946  *    4% of the value of the capital stock).
 947  * 2. The rental rate of capital is uniform across industries and types of
 948  *    capital in each region.
 949  * 3. The investment rate (IND/KD) is uniform across industries and types of
 950  *    capital in each region.
 951  * These hypotheses lead to the following formulae:
 952   
 953  * From GTAP, we know KSTO.
 954   KSTO(z)         = KSTO(z)/PKO(z);
 955   
 956  * Assuming a uniform depreciation rate for all types
 957  * of capital and all industries:
 958   delta(z)        = DEPO(z)/[PKO(z)*KSTO(z)];
 959   
 960  * From GTAP, we know KSTO. Assuming a uniform rental rate R for all types
 961  * of capital and all industries:
 962   RO(k,j,z)$RKDO(k,j,z)
 963                   = SUM[(kj,jj),RKDO(kj,jj,z)]/KSTO(z);
 964   
 965  * Then from the GTAP value of income paid to capital RKD we calibrate KDO:
 966   KDO(k,j,z)$RKDO(k,j,z)
 967                   = RKDO(k,j,z)/RO(k,j,z);
 968   
 969  * The supply of capital is equal to demand:
 970   KSO(k,z)        = SUM[j,KDO(k,j,z)];
 971   
 972  * The rate of return on capital, net of depreciation, is:
 973   IRO(z)         = {SUM[(k,j)$RKDO(k,j,z),RKDO(k,j,z)]-DEPO(z)}/[PKO(z)*KSTO(z)];
 974   
 975  * The user cost of capital follows
 976   UO(z)           = PKO(z)*(IRO(z)+delta(z));
 977   
 978  * Combining
 979  * - the hypothesis of uniform investment rates
 980  * - the hypothesis of uniform rental rates
 981  * - the hypothesis of uniform depreciation rates
 982  * leads to
 983   phiO(z)         = [ITO(z)/PKO(z)]/KSTO(z);
 984   
 985  * Investment by destination follows:
 986   INDO(k,j,z)$KDO(k,j,z)
 987                   = phiO(z)*KDO(k,j,z);
 988   
 989   A_K(z)          = 1/PKO(z)*{PROD[i$gamma_INV(i,z),(PCO(i,Z)/gamma_INV(i,z))
 990                     **gamma_INV(i,z)]};
 991   
 992  * INDO(k,j,z)$KDO(k,j,z) = KDO(k,j,z)/sum((kj,jj),KDO(kj,jj,z))*ITO(z);
 993   
 994   KDCO(j,z)       = SUM[k,KDO(k,j,z)];
 995   RTIO(k,j,z)     = RO(k,j,z)*(1+ttikO(k,j,z));
 996   RCO(j,z)$KDCO(j,z)
 997                   = SUM[k,RTIO(k,j,z)*KDO(k,j,z)]/KDCO(j,z);
 998   
 999  *==============================================================================
1000  *  4.5 Calibration of other prices and revised volumes (part 3)
1001  *==============================================================================
1002   VAO(j,z)        = LDCO(j,z)+KDCO(j,z);
1003   
1004   PVAO(j,z)       = [WCO(j,z)*LDCO(j,z)+RCO(j,z)*KDCO(j,z)]/VAO(j,z);
1005   
1006  * PIXGDPO is tautologically equal to 1, based on its formula
1007  * PIXGDPO(z)      = {SUM[j,{(PVAO(j,z)*VAO(j,z)+TIPO(j,z))/VAO(j,z)}*VAO(j,z)]
1008  *                   /SUM[j,{(PVAO(j,z)*VAO(j,z)+TIPO(j,z))/VAO(j,z)}*VAO(j,z)]
1009  *                   *SUM[j,{(PVAO(j,z)*VAO(j,z)+TIPO(j,z))/VAO(j,z)}*VAO(j,z)]
1010  *                   /SUM[j,{(PVAO(j,z)*VAO(j,z)+TIPO(j,z))/VAO(j,z)}*VAO(j,z)]}**0.5;
1011   PIXGDPO(z)      = 1;
1012   
1013  * PIXGDP_WO is tautologically equal to 1, based on its formula
1014  * PIXGDP_WO       = {SUM[(j,z),{(PVAO(j,z)*VAO(j,z)+TIPO(j,z))/VAO(j,z)}*VAO(j,z)/eO(z)]
1015  *                   /SUM[(j,z),{(PVAO(j,z)*VAO(j,z)+TIPO(j,z))/VAO(j,z)}*VAO(j,z)/eO(z)]
1016  *                   *SUM[(j,z),{(PVAO(j,z)*VAO(j,z)+TIPO(j,z))/VAO(j,z)}*VAO(j,z)/eO(z)]
1017  *                   /SUM[(j,z),{(PVAO(j,z)*VAO(j,z)+TIPO(j,z))/VAO(j,z)}*VAO(j,z)]/eO(z)}**0.5;
1018   PIXGDP_WO       = 1;
1019   
1020  * PIXCONO(z) is tautologically equal to 1, based on its formula
1021  * PIXCONO(z)      = SUM[i,PCO(i,z)*CO(i,z)]
1022  *                  /SUM[i,PCO(i,z)*CO(i,z)];
1023   PIXCONO(z)      = 1;
1024   
1025  * PIXINVO(z) is tautologically equal to 1, based on its formula
1026  * PIXINVO(z)      = PROD[i$gamma_INV(i,z),(PCO(i,z)/PCO(i,z))**gamma_INV(i,z)];
1027   PIXINVO(z)      = 1;
1028   
1029  * PIXGVTO(z) is tautologically equal to 1, based on its formula
1030  * PIXGVTO(z)      = PROD[i$gamma_GVT(i,z),(PCO(i,z)/PCO(i,z))**gamma_GVT(i,z)];
1031   PIXGVTO(z)      = 1;
1032   
1033  *==============================================================================
1034  *  4.6 Calibration of function parameters
1035  *==============================================================================
1036  *   4.6.1 Leontief functions
1037  *==============================================================================
1038   io(j,z)         = CIO(j,z)/XSTO(j,z) ;
1039   
1040   io2(j,z)        = CEO(j,z)/XSTO(j,z) ;
1041   
1042   v(j,z)          = VAO(j,z)/XSTO(j,z) ;
1043   
1044   v2(j,z)         = (CEO(j,z)+VAO(j,z))/XSTO(j,z) ;
1045   
1046   aij(nene,j,z)   = DIO(nene,j,z)/CIO(j,z);
1047   aij2(ene,j,z)   = DEO(ene,j,z)/CEO(j,z);
1048   
1049  *==============================================================================
1050  *   4.6.2 Calibration of CET parameters
1051  *==============================================================================
1052  *    4.6.2.1 CET between total exports, domestic supply and margins
1053  *==============================================================================
1054   rho_X1(i,z)     = (1+sigma_X1(i,z))/sigma_X1(i,z);
1055   
1056   beta_EX_X1(i,z)$MRGNO(i,z)
1057                   = [PETO(i,z)*EXTO(i,z)$EXTO(i,z)**(1-rho_X1(i,z))]/
1058                     [PETO(i,z)*EXTO(i,z)$EXTO(i,z)**(1-rho_X1(i,z))+
1059                     PLO(i,z)*DSO_I(i,z)**(1-rho_X1(i,z))+
1060                     eO(z)*PWMGO(i)*MRGNO(i,z)$MRGNO(i,z)**(1-rho_X1(i,z))+Tiny];
1061   
1062   beta_EX_X1(i,z)$(MRGNO(i,z) eq 0)
1063                   = [PETO(i,z)*EXTO(i,z)$EXTO(i,z)**(1-rho_X1(i,z))]/
1064                     [PETO(i,z)*EXTO(i,z)$EXTO(i,z)**(1-rho_X1(i,z))+
1065                     PLO(i,z)*DSO_I(i,z)**(1-rho_X1(i,z))+Tiny];
1066   
1067   beta_D_X1(i,z)$MRGNO(i,z)
1068                   = [PLO(i,z)*DSO_I(i,z)**(1-rho_X1(i,z))]/
1069                     [PETO(i,z)*EXTO(i,z)**(1-rho_X1(i,z))+
1070                     PLO(i,z)*DSO_I(i,z)**(1-rho_X1(i,z))+
1071                     eO(z)*PWMGO(i)*MRGNO(i,z)**(1-rho_X1(i,z))];
1072   
1073   beta_D_X1(i,z)$(MRGNO(i,z) eq 0)
1074                   = [PLO(i,z)*DSO_I(i,z)**(1-rho_X1(i,z))]/
1075                     [PETO(i,z)*EXTO(i,z)**(1-rho_X1(i,z))+
1076                     PLO(i,z)*DSO_I(i,z)**(1-rho_X1(i,z))];
1077   
1078   B_X1(i,z)       = XSO_I(i,z)/[beta_EX_X1(i,z)*EXTO(i,z)**rho_X1(i,z)
1079                    +beta_D_X1(i,z)*DSO_I(i,z)**rho_X1(i,z)+(1-beta_EX_X1(i,z)
1080                    -beta_D_X1(i,z))*MRGNO(i,z)**rho_X1(i,z)]**(1/rho_X1(i,z));
1081   
1082  *==============================================================================
1083  *    4.6.2.2 CET between exports to different trading partners
1084  *==============================================================================
1085   rho_X2(i,z)     = (1+sigma_X2(i,z))/sigma_X2(i,z);
1086   beta_X2(i,z,zj)$EXO(i,z,zj)
1087                   = [PEO(i,z,zj)*EXO(i,z,zj)**(1-rho_X2(i,z))]/
1088                     SUM[zjj$EXO(i,z,zjj),PEO(i,z,zjj)*EXO(i,z,zjj)
1089                     **(1-rho_X2(i,z))];
1090   B_X2(i,z)       = EXTO(i,z)/{SUM[zj,beta_X2(i,z,zj)*EXO(i,z,zj)**rho_X2(i,z)]
1091                     **(1/rho_X2(i,z))};
1092   
1093  *==============================================================================
1094  *   4.6.3 Calibration of CES parameters
1095  *==============================================================================
1096  *    4.6.3.0 Composite output
1097  *==============================================================================
1098   rho_X3(i,z)   = (1-sigma_X3(i,z))/sigma_X3(i,z);
1099   
1100   beta_X3(j,i,z)$XSO(j,i,z)
1101                 = [PO2(j,i,z)*XSO(j,i,z)**(1+rho_X3(i,z))]/
1102                     SUM[jj$XSO(jj,i,z),PO2(jj,i,z)*XSO(jj,i,z)**(1+rho_X3(i,z))];
1103   
1104   B_X3(i,z)     = XSO_I(i,z)
1105                    /SUM[jj$XSO(jj,i,z),beta_X3(jj,i,z)*XSO(jj,i,z)**(-rho_X3(i,z))
1106                    ]**(-1/rho_X3(i,z));
1107   
1108   POWERQO(Z) = SUM(POWER, XSO(power,'18_ELEC',z));
1109   
1110   sigma_X4(z) =2;
1111   
1112   rho_X4(z)   = (1-sigma_X4(z))/sigma_X4(z);
1113   
1114   beta_X4(power,z)
1115                 = [PO2(power,'18_ELEC',z)*XSO(power,'18_ELEC',z)**(1+rho_X4(z))]/
1116                     SUM[power2$XSO(power2,'18_ELEC',z),PO2(power2,'18_ELEC',z)*XSO(power2,'18_ELEC',z)**(1+rho_X4(z))];
1117   
1118   B_X4(z)     = POWERQO(Z)
1119                    /SUM[power2$XSO(power2,'18_ELEC',z),beta_X4(power2,z)*XSO(power2,'18_ELEC',z)**(-rho_X4(z))
1120                    ]**(-1/rho_X4(z));
1121   
1122   TnDShare(z) = XSO('18_TnD','18_ELEC',z) / XSO_I('18_ELEC',z);
1123   
1124   PPOWERO(z) = 1;
1125   
1126  *==============================================================================
1127  *    4.6.3.1 Composite good
1128  *==============================================================================
1129   rho_M1(i,z)     = (1-sigma_m1(i,z))/sigma_m1(i,z);
1130   beta_M1(i,z)    = PMTO(i,z)*IMTO(i,z)**(rho_M1(i,z)+1)/
1131                    {PDO(i,z)*DDO(i,z)**(rho_M1(i,z)+1)
1132                    +PMTO(i,z)*IMTO(i,z)**(rho_M1(i,z)+1)};
1133   B_M1(i,z)       = QO(i,z)/{beta_M1(i,z)*IMTO(i,z)**(-rho_M1(i,z))
1134                    +(1-beta_M1(i,z))*DDO(i,z)**(-rho_M1(i,z))}**(-1/rho_M1(i,z));
1135   
1136  *==============================================================================
1137  *    4.6.3.2 CES between imports from different trading partners
1138  *==============================================================================
1139   rho_M2(i,z)     = (1-sigma_M2(i,z))/sigma_M2(i,z);
1140   beta_M2(i,zj,z)$IMO(i,zj,z)
1141                   = [PMO(i,zj,z)*IMO(i,zj,z)**(rho_M2(i,z)+1)]/
1142                     SUM[zjj$IMO(i,zjj,z),PMO(i,zjj,z)*IMO(i,zjj,z)
1143                      **(rho_M2(i,z)+1)];
1144   B_M2(i,z)       = IMTO(i,z)/{SUM[zj$IMO(i,zj,z),beta_M2(i,zj,z)*IMO(i,zj,z)
1145                     **(-rho_M2(i,z))]**(-1/rho_M2(i,z))};
1146   
1147  *==============================================================================
1148  *    4.6.3.3 Composite capital
1149  *==============================================================================
1150   rho_KD(j,z)     = (1-sigma_KD(j,z))/sigma_KD(j,z);
1151   
1152   beta_KD(k,j,z)$KDO(k,j,z)
1153                   = [RTIO(k,j,z)*KDO(k,j,z)**(1+rho_KD(j,z))]/
1154                     SUM[kj$KDO(kj,j,z),RTIO(kj,j,z)*KDO(kj,j,z)**(1+rho_KD(j,z))];
1155   B_KD(j,z)$KDCO(j,z)
1156                   = KDCO(j,z)/{SUM[k$KDO(k,j,z),beta_KD(k,j,z)*KDO(k,j,z)
1157                     **(-rho_KD(j,z))]**(-1/rho_KD(j,z))};
1158   
1159  *==============================================================================
1160  *    4.6.3.4 Composite labor
1161  *==============================================================================
1162   rho_LD(j,z)     = (1-sigma_LD(j,z))/sigma_LD(j,z);
1163   beta_LD(l,j,z)$LDO(l,j,z)
1164                   = [WTIO(l,j,z)*LDO(l,j,z)**(1+rho_LD(j,z))]/
1165                     SUM[lj$LDO(lj,j,z),WTIO(lj,j,z)*LDO(lj,j,z)
1166                     **(1+rho_LD(j,z))];
1167   B_LD(j,z)$LDCO(j,z)
1168                   = LDCO(j,z)/{SUM[l$LDO(l,j,z),beta_LD(l,j,z)*LDO(l,j,z)
1169                     **(-rho_LD(j,z))]**(-1/rho_LD(j,z))};
1170   
1171  *===============================================================================
1172  *   Composite E
1173  *===============================================================================
1174   rho_ENER(j,z)   = (1-sigma_ENER(j,z))/sigma_ENER(j,z);
1175   
1176   beta_ENER(ene,j,z)$DEO(ene,j,z)
1177                   = [PO4(ene,j,z)*DEO(ene,j,z)**(1+rho_ENER(j,z))]/
1178                     SUM[ene2$DIO(ene,j,z),DEO(ene2,j,z)**(1+rho_ENER(j,z))];
1179   
1180   B_ENER(j,z)$CEO(j,z)
1181                   = CEO(j,z)/{SUM[ene$DEO(ene,j,z),beta_ENER(ene,j,z)*DEO(ene,j,z)
1182                     **(-rho_ENER(j,z))]**(-1/rho_ENER(j,z))};
1183   
1184   B_ENER_t(j,z,time) = B_ENER(j,z)*(1/AEEI_low(z,'2019'));
1185   
1186  *==============================================================================
1187  *    4.6.3.5 Value added
1188  *==============================================================================
1189   sigma_VA('10_PETROLCOAL',z) = 1.260;
1190   display sigma_VA ;
1191   
1192   rho_VA(j,z)     = (1-sigma_VA(j,z))/sigma_VA(j,z);
1193   
1194   beta_VA(j,z)$KDCO(j,z)
1195                   = WCO(j,z)*LDCO(j,z)**(rho_VA(j,z)+1)/
1196                    {WCO(j,z)*LDCO(j,z)**(rho_VA(j,z)+1)+
1197                     RCO(j,z)*KDCO(j,z)**(rho_VA(j,z)+1)};
1198   B_VA(j,z)$KDCO(j,z)
1199                   = VAO(j,z)
1200                     /{[beta_VA(j,z)*LDCO(j,z)**(-rho_VA(j,z))+
1201                     (1-beta_VA(j,z))*KDCO(j,z)**(-rho_VA(j,z))
1202                     ]**(-1/rho_VA(j,z))};
1203   
1204  *==============================================================================
1205  *    Composite KLE
1206  *==============================================================================
1207   KLEO(j,z)       = CEO(j,z) + VAO(j,z) ;
1208   
1209   PKLEO(j,z)      = [PCEO(j,z)*CEO(j,z)+PVAO(j,z)*VAO(j,z)]/KLEO(j,z);
1210   
1211   rho_KLE(j,z)    = (1-sigma_KLE(j,z))/sigma_KLE(j,z);
1212   
1213   beta_KLE(j,z)$KLEO(j,z)
1214                   = PVAO(j,z)*VAO(j,z)**(rho_KLE(j,z)+1)/
1215                    {PVAO(j,z)*VAO(j,z)**(rho_KLE(j,z)+1)+
1216                     PCEO(j,z)*CEO(j,z)**(rho_KLE(j,z)+1)};
1217   
1218   B_KLE(j,z)$KLEO(j,z)
1219                   = KLEO(j,z)
1220                     /{[beta_KLE(j,z)*VAO(j,z)**(-rho_KLE(j,z))+
1221                     (1-beta_KLE(j,z))*CEO(j,z)**(-rho_KLE(j,z))
1222                     ]**(-1/rho_KLE(j,z))};
1223   
1224  *==============================================================================
1225  *   4.6.4 Calibration of LES parameters
1226  *==============================================================================
1227  *   As the assigned values of income elasticities may not result in
1228  *   consumption shares that add up to 1, this first step
1229  *   adjusts the elasticities proportionally
1230   sigma_Y(i,z)    = sigma_Y(i,z)/{SUM[ij,sigma_Y(ij,z)*PCO(ij,z)*CO(ij,z)]
1231                     /CTHO(z)};
1232   gamma_LES(i,z)  = PCO(i,z)*CO(i,z)*sigma_Y(i,z)/CTHO(z);
1233   CMINO(i,z)      = CO(i,z)+gamma_LES(i,z)*CTHO(z)/{PCO(i,z)*frisch(z)};
1234   
1235  *==============================================================================
1236  *  4.7 Calibration of gross domestic products
1237  *==============================================================================
1238   GDP_BPO(z)      = SUM[j,PVAO(j,z)*VAO(j,z)]+TIPTO(z);
1239   GDP_MPO(z)      = GDP_BPO(z)+TPRCTSO(z);
1240   GDP_IBO(z)      = SUM[(l,j),WO(l,z)*LDO(l,j,z)]+SUM[(k,j),RO(k,j,z)*KDO(k,j,z)]
1241                     +TPRODNO(z)+TPRCTSO(z);
1242   GDP_FDO(z)      = SUM[i,PCO(i,z)*(CO(i,z)+CGO(i,z)+INVO(i,z))]
1243                    +eO(z)*SUM[(i,zj),PWXO(i,z,zj)*EXO(i,z,zj)]
1244                    +eO(z)*SUM[i,PWMGO(i)*MRGNO(i,z)]
1245                    -eO(z)*SUM[(i,zj),IMO(i,zj,z)*(PWMO(i,zj,z)
1246                    +SUM{ij,PWMGO(ij)*tmrg(ij,i,zj,z)})];
1247   GDP_BP_WO       = SUM[z,GDP_BPO(z)/eO(z)];
1248   
1249  *==============================================================================
1250  *  4.8 Calibration of real (volume) variables computed from price indices
1251  *==============================================================================
1252   CABXO(z)        = CABO(z)/[PIXGDP_WO*eO(z)];
1253   
1254  *------------------------------------------------------------------------------
1255  * Calculation of CAB index
1256  * If every region's CABX grows exogenously according to exogro, then the
1257  * worldwide sum of CABX's will not be zero. If, due to redundancy, the reference
1258  * region's CABX is left implicit, then it will not grow according to that
1259  * region's exogro (it follows that the solution will depend on the choice of
1260  * reference region). CABix is formed from exogro by inflating or deflating the
1261  * updating factors of positive (SURplus) and negative (DEFicit) CABX's in such
1262  * a way that their sum remains zero.
1263   
      Parameter CABXsur(z,time), CABXdef(z,time), bal(time), mu(time), CABix(z,time);
       CABXsur(z,time) = CABXO(z)*exogro(z,time)$[CABXO(z) gt 0];
       CABXdef(z,time) = CABXO(z)*exogro(z,time)$[CABXO(z) lt 0];
       Bal(time)       = sum(zj,CABXsur(zj,time))+sum(zj,CABXdef(zj,time));
       mu(time)        = sum(zj,CABXsur(zj,time))/
                           {sum(zj,CABXsur(zj,time))+sum(zj,abs[CABXdef(zj,time)])};
       CABXsur(z,time) = CABXsur(z,time)*{1-mu(time)*Bal(time)/sum(zj,CABXsur(zj,time))};
       CABXdef(z,time) = CABXdef(z,time)*{1-[1-mu(time)]*Bal(time)/sum(zj,CABXdef(zj,time))};
       CABix(z,time)   = [CABXsur(z,time)+CABXdef(z,time)]/CABXO(z);
1275  *------------------------------------------------------------------------------
1276   
1277   CTH_REALO(z)    = CTHO(z)/PIXCONO(z);
1278   G_REALO(z)      = GO(z)/PIXGVTO(z);
1279   GDP_BP_REALO(z) = GDP_BPO(z)/PIXGDPO(z);
1280   GDP_BP_W_REALO  = GDP_BP_WO/PIXGDP_WO;
1281   GDP_MP_REALO(z) = GDP_MPO(z)/PIXCONO(z);
1282   IT_REALO(z)     = ITO(z)/PIXINVO(z);
1283   
1284  *==============================================================================
1285  *  4.9 Parameters of the household savings function
1286  *==============================================================================
1287  * sh1O(z)         = SHO(z)/YDHO(z);
1288  * sh0O(z)         = 0 ;
1289   
1290   sh1O(z)         = [SHO(z)+SGO(z)]/GDP_IBO(z);
1291   sh0O(z)         = SHO(z)-sh1O(z)*YDHO(z);
1292   
1293  *==============================================================================
1294  *  4.10 Re-calibration of indexed transfers and parameters
1295  *==============================================================================
1296   sh0O(z)         = sh0O(z)/PIXCONO(z)**eta;
1297   ttdh0O(z)       = ttdh0O(z)/PIXCONO(z)**eta;
1298   
1299  *==============================================================================
1300  *  4.9 CO2 emission
1301  *==============================================================================
INCLUDE    C:\Users\kimc0\GUIDE_GLOBAL_CGE\2.RD_CGE\DATA_WEB-2019.gms
1303  Set flow, commodity
1304   
1305  flow flow
1306  /
1307  f1_INDPROD      Production
1308  f2_IMPORTS      Imports
1309  f3_EXPORTS      Exports
1310  f5_MARBUNK      International marine bunkers
1311  f4_AVBUNK       International aviation bunkers
1312  f6_STOCKCHA     Stock changes
1313  f7_TES          Total energy supply
1314  f8_TRANSFER     Transfers
1315  f9_STATDIFF     Statistical differences
1316  f10_TOTTRANF    Transformation process
1317  f11_MAINELEC    Main activity producer electricity plants
1318  f12_AUTOELEC    Autoproducer electricity plants
1319  f13_MAINCHP     Main activity producer CHP plants
1320  f14_AUTOCHP     Autoproducer CHP plants
1321  f15_MAINHEAT    Main activity producer heat plants
1322  f16_AUTOHEAT    Autoproducer heat plants
1323  f17_THEAT       Heat pumps
1324  f19_TBOILER     Electric boilers
1325  f18_TELE        Chemical heat for electricity production
1326  f20_TBLASTFUR   Blast furances
1327  f21_TGASWKS     Gas works
1328  f22_TCOKEOVS    Coke ovens
1329  f23_TPATFUEL    Patent fuel plants
1330  f24_TBKB        BKB peat briquettes
1331  f25_TREFINER    Oil refineries
1332  f26_TPETCHEM    Petrochemical plants
1333  f27_TCOALLIQ    Coal liquefaction
1334  f28_TGTL        Gas-to-liquids plants
1335  f29_TBLENDGAS   For blened natural gas
1336  f30_TCHARCOAL   Charocal production plants
1337  f31_TNONSPEC    Non-specific transformation
1338  f32_TOTENGY     Energy industry own use
1339  f33_EMINES      Coal mines
1340  f34_EOILGASEX   Oil and gas extraction
1341  f35_EBLASTFUR   Blast furances
1342  f36_EGASWKS     Gas works
1343  f37_EBIOGAS     Gasfication plants for biogases
1344  f38_ECOKEOVS    Coke ovens
1345  f39_EPATFUEL    Patent fuel plants
1346  f40_EBKB        BKB peat briquettes
1347  f41_EREFINER    Oil refineries
1348  f42_ECOALLIQ    Coal liquefaction plants
1349  f43_ELNG        Liqefaction regasification plants
1350  f44_EGTL        Gas to liquids plants
1351  f45_EPOWERPLT   Own use in electricity CHP and heat plants
1352  f46_EPUMPST     Pumped storage plants
1353  f47_ENUC        Nuclear industry
1354  f48_ECHARCOAL   Charcoal production plants
1355  f49_ENONSPEC    Non specified
1356  f50_DISTLOSS    Losses
1357  f51_TFC         Total final consumption
1358  f52_AGRICULT    Agriculture forestry
1359  f53_FISHING     Fishing
1360  f54_MINING      Mining and quarrying
1361  f55_FOODPRO     Food and tobacco
1362  f56_TEXTILES    Textile and leather
1363  f57_WOODPRO     Wood and wood products
1364  f58_PAPERPRO    Paper pulp and print
1365  f59_CHEMICAL    Chemical and petrochemical
1366  f60_NONMET      Non metallic minerals
1367  f61_IRONSTL     Iron and steel
1368  f62_NONFERR     Non ferrous metals
1369  f63_MACHINE     Machinery
1370  f64_TRANSEQ     Transport equipment
1371  f65_INONSPEC    Industry not elsewhere specified
1372  f66_CONSTRUC    Construction
1373  f67_COMMPUB     Commerical and public services
1374  f68_ONONSPEC    Final consumption not elsewhere specified
1375  f69_RESIDENT    Residential
1376  f70_ROAD        Road
1377  f71_RAIL        Rail
1378  f72_DOMESAIR    Domestic aviation
1379  f73_DOMESNAV    Domestic navigation
1380  f74_PIPELINE    Pipeline transport
1381  f75_TRNONSPE    Transport not elsewhere
1382  f76_NEMINING    Non energy use in mining and quarrying
1383  f77_NEFOODPRO   Non energy use in food beverages tobacco
1384  f78_NETEXTILES  Non energy use in textiles and leather
1385  f79_NEWOODPRO   Non energy use in wood and wood products
1386  f80_NEPAPERPRO  Non energy use in paper pulp and printing
1387  f81_NECHEM      Non energy use in chemical petrochemical
1388  f82_NENONMET    Non energy use in non metallic minerals
1389  f83_NEIRONSTL   Non energy use in iron and steel
1390  f84_NENONFERR   Non energy use in non ferrous metals
1391  f85_NEMACHINE   Non energy use in machinery
1392  f86_NETRANSEQ   Non energy use in transport equipment
1393  f87_NEINONSPEC  Non energy use in non specified industry
1394  f88_NECONSTRUC  Non energy use in construction
1395  f89_NEOTHER     Non energy use in other residential commerical public services agriculture forestry and fishing
1396  f90_NETRANS     Non energy use in transport
1397  f91_TOTIND      Industry
1398  f92_MANUFACT    Mnaufacturing
1399  f93_TOTTRANS    Transport
1400  f94_NONENUSE    Non energy use
1401  f95_NEINTREN    Non energy use industry transformation energy
1402  f96_NEIND       Non energy use in industry
1403  f97_WORLDAV     World aviation bunkers
1404  f98_WORLDMAR    World marine bunkers
1405  f99_ELOUTPUT    Electrictiy output GWh
1406  f100_ELMAINE    Electrictiy output GWh main activity producer electrictiy plants
1407  f101_ELAUTOE    Electrictiy output GWh autoproducer electricity plants
1408  f102_ELMAINC    Electrictiy output GWh main activty producer CHP plants
1409  f103_ELAUTOC    Electrictiy output GWh autoproducer CHP plants
1410  f104_HEATOUT    Heat output
1411  f105_HEMAINC    Heat output main activity producer CHP plants
1412  f106_HEAUTOC    Heat output autoproducer CHP plants
1413  f107_HEMAINH    Heat output main activity producer heat plants
1414  f108_HEAUTOH    Heat output autoproducer heat plants
1415  /
1416   
1417  product energy product
1418  /
1419  p1_HARDCOAL      Hard coal
1420  p2_BROWN         Brown coal
1421  p3_ANTCOAL       Anthracite
1422  p4_COKCOAL       Coking coal
1423  p5_BITCOAL       Other bittuminous coal
1424  p6_SUBCOAL       Sub-bituminous coal
1425  p7_LIGNITE       Lignite
1426  p8_PATFUEL       Patent fuel
1427  p9_OVENCOKE      Coke oven coke
1428  p10_GASCOKE      Gas coke
1429  p11_COALTAR      Coal tar
1430  p12_BKB          Brown coal briquettes
1431  p13_GASWKSGS     Gas works gas
1432  p14_COKEOVGS     Coke oven gas
1433  p15_BLFURGS      Blast furnace gas
1434  p16_OGASES       Other recovered gases
1435  p17_PEAT         Peat
1436  p18_PEATPROD     Peat products
1437  p19_OILSHALE     Oil shale and oil sands
1438  p20_NATGAS       Natural gas
1439  p21_CRNGFEED     Crude NGL feedstock
1440  p22_CRUDEOIL     Curde oil
1441  p23_NGL          Natural gas liquids
1442  p24_REFFEEDS     Refinery feedstocks
1443  p25_ADDITIVE     Addtitives blending components
1444  p26_NONCRUDE     Other hydrocarbons
1445  p27_REFINGAS     Refinery gas
1446  p28_ETHANE       Ethane
1447  p29_LPG          Liquefied petroleum gases(LPG)
1448  p30_NONBIOGASO   Motor gasoline (excl. biofuels)
1449  p31_AVGAS        Aviation gasoline
1450  p32_JETGAS       Jet fuel Gasoline tpye
1451  p33_NONBIOJETK   Jet fuel Kerosene type (excl. biofuels)
1452  p34_OTHKERO      Kerosene
1453  p35_NONBIODIES   Diesel oil (excl. biofuels)
1454  p36_RESFUEL      Fuel oil
1455  p37_NAPHTHA      Naphtha
1456  p38_WHITESP      Solvent (White spirit and industrial sprit SBP)
1457  p39_LUBRIC       Lubricants
1458  p40_BITUMEN      Bitumen (Asphalt)
1459  p41_PARWAX       Paraffin waxes
1460  p42_PETCOKE      Petroleum coke
1461  p43_ONONSPEC     Other oil products
1462  p44_INDWASTE     Industrial waste
1463  p45_MUNWASTER    Municipal waste(renewable)
1464  p46_MUNWASTEN    Municipal waste(non-renewable)
1465  p47_PRIMSBIO     Primary solid biofuels
1466  p48_BIOGASES     Biogases
1467  p49_BIOGASOL     Biogasoline
1468  p50_BIODIESEL    Biodiesels
1469  p51_BIOJETKERO   Bio jet kerosene
1470  p52_OBIOLIQ      Other liquid biofuels
1471  p53_RENEWNS      Non-specified primary biofuels and waste
1472  p54_CHARCOAL     Charcoal
1473  p55_NUCLEAR      Nuclear
1474  p56_HYDRO        Hydro
1475  p57_GEOTHERM     Geothermal
1476  p58_SOLARPV      Solar photovaltaics
1477  p59_SOLARTH      Solar thermal
1478  p60_TIDE         Tide wave and ocean
1479  p61_WIND         Wind
1480  p62_OTHER        Other sources includes production not included elsewhere such as fuel cells
1481  p63_ELECTR       Electricity
1482  p64_HEAT         Heat
1483  p65_HEATNS       Heat output from non-specified combustible fuels
1484  p66_TOTAL        Total
1485  p67_MANGAS       Elec heat output from non-specified manufactured gases
1486  p68_MRENEW       Memo Renewable
1487  /
1488   
1489  *===========================Products Mapping====================================
1490  p_coal(product)
1491  /
1492  p1_HARDCOAL      Hard coal
1493  p2_BROWN         Brown coal
1494  p3_ANTCOAL       Anthracite
1495  p4_COKCOAL       Coking coal
1496  p5_BITCOAL       Other bittuminous coal
1497  p6_SUBCOAL       Sub-bituminous coal
1498  p7_LIGNITE       Lignite
1499  p8_PATFUEL       Patent fuel
1500  *p9_OVENCOKE      Coke oven coke
1501  *p10_GASCOKE      Gas coke
1502  p11_COALTAR      Coal tar
1503  p12_BKB          Brown coal briquettes
1504  *p13_GASWKSGS     Gas works gas
1505  *p14_COKEOVGS     Coke oven gas
1506  p15_BLFURGS      Blast furnace gas
1507  p16_OGASES       Other recovered gases
1508  /
1509   
1510  p_coal3(product)
1511  /
1512  p1_HARDCOAL      Hard coal
1513  p2_BROWN         Brown coal
1514  p3_ANTCOAL       Anthracite
1515  p4_COKCOAL       Coking coal
1516  p5_BITCOAL       Other bittuminous coal
1517  p6_SUBCOAL       Sub-bituminous coal
1518  p7_LIGNITE       Lignite
1519  p8_PATFUEL       Patent fuel
1520  p9_OVENCOKE      Coke oven coke
1521  p10_GASCOKE      Gas coke
1522  p11_COALTAR      Coal tar
1523  p12_BKB          Brown coal briquettes
1524  p13_GASWKSGS     Gas works gas
1525  p14_COKEOVGS     Coke oven gas
1526  p15_BLFURGS      Blast furnace gas
1527  p16_OGASES       Other recovered gases
1528  /
1529   
1530  p_coal_TES(product)
1531  /
1532  p1_HARDCOAL      Hard coal
1533  p2_BROWN         Brown coal
1534  p3_ANTCOAL       Anthracite
1535  p4_COKCOAL       Coking coal
1536  p5_BITCOAL       Other bittuminous coal
1537  p6_SUBCOAL       Sub-bituminous coal
1538  p7_LIGNITE       Lignite
1539  /
1540   
1541  p_oil(product)
1542  /
1543  p22_CRUDEOIL     Curde oil
1544  /
1545   
1546  p_gasoil(product)
1547  /
1548  p20_NATGAS       Natural gas
1549  p22_CRUDEOIL     Curde oil
1550  /
1551   
1552  p_gas(product)
1553  /
1554  p13_GASWKSGS     Gas works gas
1555  p20_NATGAS       Natural gas
1556  p23_NGL          Natural gas liquids
1557  /
1558   
1559  p_oilproduct(product)
1560  /
1561  p9_OVENCOKE      Coke oven coke
1562  p10_GASCOKE      Gas coke
1563  p14_COKEOVGS     Coke oven gas
1564  p24_REFFEEDS     Refinery feedstocks
1565  p27_REFINGAS     Refinery gas
1566  p28_ETHANE       Ethane
1567  p29_LPG          Liquefied petroleum gases(LPG)
1568  p30_NONBIOGASO   Motor gasoline (excl. biofuels)
1569  p31_AVGAS        Aviation gasoline
1570  p32_JETGAS       Jet fuel Gasoline tpye
1571  p33_NONBIOJETK   Jet fuel Kerosene type (excl. biofuels)
1572  p34_OTHKERO      Kerosene
1573  p35_NONBIODIES   Diesel oil (excl. biofuels)
1574  p36_RESFUEL      Fuel oil
1575  p37_NAPHTHA      Naphtha
1576  p38_WHITESP      Solvent (White spirit and industrial sprit SBP)
1577  p39_LUBRIC       Lubricants
1578  p40_BITUMEN      Bitumen (Asphalt)
1579  p41_PARWAX       Paraffin waxes
1580  p42_PETCOKE      Petroleum coke
1581  p43_ONONSPEC     Other oil products
1582  /
1583   
1584  p_liquids(product)
1585  /
1586  p22_CRUDEOIL
1587  p9_OVENCOKE      Coke oven coke
1588  p10_GASCOKE      Gas coke
1589  p14_COKEOVGS     Coke oven gas
1590  p24_REFFEEDS     Refinery feedstocks
1591  p27_REFINGAS     Refinery gas
1592  p28_ETHANE       Ethane
1593  p29_LPG          Liquefied petroleum gases(LPG)
1594  p30_NONBIOGASO   Motor gasoline (excl. biofuels)
1595  p31_AVGAS        Aviation gasoline
1596  p32_JETGAS       Jet fuel Gasoline tpye
1597  p33_NONBIOJETK   Jet fuel Kerosene type (excl. biofuels)
1598  p34_OTHKERO      Kerosene
1599  p35_NONBIODIES   Diesel oil (excl. biofuels)
1600  p36_RESFUEL      Fuel oil
1601  p37_NAPHTHA      Naphtha
1602  p38_WHITESP      Solvent (White spirit and industrial sprit SBP)
1603  p39_LUBRIC       Lubricants
1604  p40_BITUMEN      Bitumen (Asphalt)
1605  p41_PARWAX       Paraffin waxes
1606  p42_PETCOKE      Petroleum coke
1607  p43_ONONSPEC     Other oil products
1608  /
1609   
1610   
1611  p_liquid(p_oilproduct)
1612  /
1613  p29_LPG          Liquefied petroleum gases(LPG)
1614  p30_NONBIOGASO   Motor gasoline (excl. biofuels)
1615  p31_AVGAS        Aviation gasoline
1616  p32_JETGAS       Jet fuel Gasoline tpye
1617  p33_NONBIOJETK   Jet fuel Kerosene type (excl. biofuels)
1618  p34_OTHKERO      Kerosene
1619  p35_NONBIODIES   Diesel oil (excl. biofuels)
1620  p36_RESFUEL      Fuel oil
1621  /
1622   
1623  p_oilproduct_feed(product)
1624  /
1625  p37_NAPHTHA      Naphtha
1626  p38_WHITESP      Solvent (White spirit and industrial sprit SBP)
1627  p39_LUBRIC       Lubricants
1628  p40_BITUMEN      Bitumen (Asphalt)
1629  p41_PARWAX       Paraffin waxes
1630  p42_PETCOKE      Petroleum coke
1631  p43_ONONSPEC     Other oil products
1632  /
1633   
1634  p_nuclear(product)
1635  /
1636  p55_NUCLEAR      Nuclear
1637  /
1638   
1639  p_solar(product)
1640  /
1641  p58_SOLARPV      Solar photovaltaics
1642  p59_SOLARTH      Solar thermal
1643  /
1644   
1645  p_wind(product)
1646  /
1647  p61_WIND         Wind
1648  /
1649   
1650  p_hydro(product)
1651  /
1652  p56_HYDRO        Hydro
1653  /
1654   
1655  p_elecother(product)
1656  /
1657  p44_INDWASTE     Industrial waste
1658  p45_MUNWASTER    Municipal waste(renewable)
1659  p46_MUNWASTEN    Municipal waste(non-renewable)
1660  p47_PRIMSBIO     Primary solid biofuels
1661  p48_BIOGASES     Biogases
1662  p49_BIOGASOL     Biogasoline
1663  p50_BIODIESEL    Biodiesels
1664  p51_BIOJETKERO   Bio jet kerosene
1665  p52_OBIOLIQ      Other liquid biofuels
1666  p54_CHARCOAL     Charcoal
1667  p57_GEOTHERM     Geothermal
1668  p60_TIDE         Tide wave and ocean
1669  p62_OTHER        Other sources includes production not included elsewhere such as fuel cells
1670  /
1671   
1672  p_elecwaste(product)
1673  /
1674  p44_INDWASTE     Industrial waste
1675  p45_MUNWASTER    Municipal waste(renewable)
1676  p46_MUNWASTEN    Municipal waste(non-renewable)
1677  /
1678   
1679  p_elecbio(product)
1680  /
1681  p47_PRIMSBIO     Primary solid biofuels
1682  p48_BIOGASES     Biogases
1683  p49_BIOGASOL     Biogasoline
1684  p50_BIODIESEL    Biodiesels
1685  p51_BIOJETKERO   Bio jet kerosene
1686  p52_OBIOLIQ      Other liquid biofuels
1687  p54_CHARCOAL     Charcoal
1688  /
1689   
1690  p_elecgeo(product)
1691  /
1692  p57_GEOTHERM     Geothermal
1693  /
1694   
1695  p_elecother2(product)
1696  /
1697  p60_TIDE         Tide wave and ocean
1698  p62_OTHER        Other sources includes production not included elsewhere such as fuel cells
1699  /
1700   
1701  p_elecheat(product)
1702  /
1703  p63_ELECTR    Electricity
1704  p64_HEAT      Heat
1705  /
1706   
1707  p_elec(product)
1708  /
1709  p63_ELECTR    Electricity
1710  /
1711   
1712  p_heat(product)
1713  /
1714  p64_HEAT      Heat
1715  /
1716   
1717  p_ftotal(product)
1718  /
1719  p1_HARDCOAL      Hard coal
1720  p2_BROWN         Brown coal
1721  p3_ANTCOAL       Anthracite
1722  p4_COKCOAL       Coking coal
1723  p5_BITCOAL       Other bittuminous coal
1724  p6_SUBCOAL       Sub-bituminous coal
1725  p7_LIGNITE       Lignite
1726  p8_PATFUEL       Patent fuel
1727  *p9_OVENCOKE      Coke oven coke
1728  *p10_GASCOKE      Gas coke
1729  *p11_COALTAR      Coal tar
1730  p12_BKB          Brown coal briquettes
1731  *p13_GASWKSGS     Gas works gas
1732  *p14_COKEOVGS     Coke oven gas
1733  *p15_BLFURGS      Blast furnace gas
1734  *p16_OGASES       Other recovered gases
1735   
1736  p13_GASWKSGS     Gas works gas
1737  p20_NATGAS       Natural gas
1738  p23_NGL          Natural gas liquids
1739   
1740  p29_LPG          Liquefied petroleum gases(LPG)
1741  p30_NONBIOGASO   Motor gasoline (excl. biofuels)
1742  p31_AVGAS        Aviation gasoline
1743  p32_JETGAS       Jet fuel Gasoline tpye
1744  p33_NONBIOJETK   Jet fuel Kerosene type (excl. biofuels)
1745  p34_OTHKERO      Kerosene
1746  p35_NONBIODIES   Diesel oil (excl. biofuels)
1747  p36_RESFUEL      Fuel oil
1748   
1749  p63_ELECTR    Electricity
1750  p64_HEAT      Heat
1751   
1752  /
1753   
1754  *===========================Flows Mapping====================================
1755  f_balstfur(flow)
1756  /
1757  f20_TBLASTFUR   Blast furances
1758  /
1759   
1760  f_cokeoven(flow)
1761  /
1762  f22_TCOKEOVS    Coke ovens
1763  /
1764   
1765  f_eblastcoke(flow)
1766  /
1767  f35_EBLASTFUR   Blast furances
1768  f38_ECOKEOVS    Coke ovens
1769  /
1770   
1771  f_tpetrochem(flow)
1772  /
1773  f26_TPETCHEM    Petrochemical plants
1774  /
1775   
1776  f_prod(flow)
1777  /
1778  f1_INDPROD      Production
1779  /
1780   
1781  f_agri(flow)
1782  /
1783  f52_AGRICULT    Agriculture forestry
1784  f53_FISHING     Fishing
1785  /
1786   
1787  f_coa(flow)
1788  /
1789  f33_EMINES      Coal mines
1790  /
1791   
1792  f_oil(flow)
1793  /
1794  f34_EOILGASEX   Oil and gas extraction
1795  /
1796   
1797  f_gas(flow)
1798  /
1799  f21_TGASWKS     Includes the manufacture of town gas
1800  f34_EOILGASEX   Oil and gas extraction
1801  f36_EGASWKS     Represents the energy which is used in gas works
1802  /
1803   
1804  f_mining(flow)
1805  /
1806  f54_MINING      Mining and quarrying
1807  /
1808   
1809  f_foodpro(flow)
1810  /
1811  f55_FOODPRO     Food and tobacco
1812  /
1813   
1814  f_textiles(flow)
1815  /
1816  f56_TEXTILES    Textile and leather
1817  /
1818   
1819  f_woodpro(flow)
1820  /
1821  f57_WOODPRO     Wood and wood products
1822  /
1823   
1824  f_paperpro(flow)
1825  /
1826  f58_PAPERPRO    Paper pulp and print
1827  /
1828   
1829  f_petrolcoal(flow)
1830  /
1831  *f20_TBLASTFUR   Blast furances
1832  *f22_TCOKEOVS    Coke ovens
1833  *f23_TPATFUEL    Patent fuel plants
1834  *f24_TBKB        BKB peat briquettes
1835  *f25_TREFINER    Oil refineries
1836  *f26_TPETCHEM    Petrochemical plants
1837  *f27_TCOALLIQ    Coal liquefaction
1838  *f28_TGTL        Gas-to-liquids plants
1839   
1840  *f33_EMINES      Coal mines
1841  *f34_EOILGASEX   Oil and gas extraction
1842  *f35_EBLASTFUR   Blast furances
1843  *f36_EGASWKS     Gas works
1844  *f37_EBIOGAS     Gasfication plants for biogases
1845  *f38_ECOKEOVS    Coke ovens
1846  *f39_EPATFUEL    Patent fuel plants
1847  *f40_EBKB        BKB peat briquettes
1848  f41_EREFINER    Oil refineries
1849  f42_ECOALLIQ    Coal liquefaction plants
1850  *f43_ELNG        Liqefaction regasification plants
1851  *f44_EGTL        Gas to liquids plants
1852  *f45_EPOWERPLT   Own use in electricity CHP and heat plants
1853  *f46_EPUMPST     Pumped storage plants
1854  *f47_ENUC        Nuclear industry
1855  *f48_ECHARCOAL   Charcoal production plants
1856  *f49_ENONSPEC    Non specified
1857  *f50_DISTLOSS    Losses
1858  /
1859   
1860  *https://www.gtap.agecon.purdue.edu/databases/contribute/concordinfo.asp
1861  *p_c Petroleum & Coke: manufacture of coke and refined petroleum products
1862  *1910 Manufacture of coke oven products
1863  *1920 Manufacture of refined petroleum products
1864   
1865  f_chemical(flow)
1866  /
1867  f59_CHEMICAL    Chemical and petrochemical
1868  /
1869   
1870  f_nonmet(flow)
1871  /
1872  f60_NONMET      Non metallic minerals
1873  /
1874   
1875  f_ironstl(flow)
1876  /
1877  f61_IRONSTL     Iron and steel
1878  /
1879   
1880  f_nonferr(flow)
1881  /
1882  f62_NONFERR     Non ferrous metals
1883  /
1884   
1885  f_machine(flow)
1886  /
1887  f63_MACHINE     Machinery
1888  /
1889   
1890  f_transeq(flow)
1891  /
1892  f64_TRANSEQ     Transport equipment
1893  /
1894   
1895  f_otherind(flow)
1896  /
1897  f65_INONSPEC    Industry not elsewhere specified
1898  /
1899   
1900  f_elec(flow)
1901  /
1902  f11_MAINELEC    Main activity producer electricity plants
1903  f12_AUTOELEC    Autoproducer electricity plants
1904  f13_MAINCHP     Main activity producer CHP plants
1905  f14_AUTOCHP     Autoproducer CHP plants
1906  f15_MAINHEAT    Main activity producer heat plants
1907  f16_AUTOHEAT    Autoproducer heat plants
1908  *f17_THEAT       Heat pumps
1909  *f19_TBOILER     Electric boilers
1910  *f45_EPOWERPLT   Own use in electricity CHP and heat plants
1911  *f46_EPUMPST     Pumped storage plants
1912  /
1913   
1914  f_construc(flow)
1915  /
1916  f66_CONSTRUC    Construction
1917  /
1918   
1919  f_ser(flow)
1920  /
1921  f67_COMMPUB     Commerical and public services
1922  f68_ONONSPEC    Final consumption not elsewhere specified
1923  /
1924   
1925  f_household(flow)
1926  /
1927  f69_RESIDENT    Residential
1928  /
1929   
1930  f_roadrail(flow)
1931  /
1932  f70_ROAD        Road
1933  f71_RAIL        Rail
1934  f74_PIPELINE    Pipeline transport
1935  f75_TRNONSPE    Transport not elsewhere
1936  /
1937   
1938  f_domeair(flow)
1939  /
1940  f72_DOMESAIR    Domestic aviation
1941  /
1942   
1943  f_domewater(flow)
1944  /
1945  f73_DOMESNAV    Domestic navigation
1946  /
1947   
1948  *Non-energy
1949  f_nemining(flow)
1950  /
1951  f76_NEMINING    Non energy use in mining and quarrying
1952  /
1953   
1954  f_nefoodpro(flow)
1955  /
1956  f77_NEFOODPRO   Non energy use in food beverages tobacco
1957  /
1958   
1959  f_netextiles(flow)
1960  /
1961  f78_NETEXTILES  Non energy use in textiles and leather
1962  /
1963   
1964  f_newoodpro(flow)
1965  /
1966  f79_NEWOODPRO   Non energy use in wood and wood products
1967  /
1968   
1969  f_nepaperpro(flow)
1970  /
1971  f80_NEPAPERPRO  Non energy use in paper pulp and printing
1972  /
1973   
1974  f_nechemical(flow)
1975  /
1976  f81_NECHEM      Non energy use in chemical petrochemical
1977  /
1978   
1979  f_nenonmet(flow)
1980  /
1981  f82_NENONMET    Non energy use in non metallic minerals
1982  /
1983   
1984  f_neironstl(flow)
1985  /
1986  f83_NEIRONSTL   Non energy use in iron and steel
1987  /
1988   
1989  f_nenonferr(flow)
1990  /
1991  f84_NENONFERR   Non energy use in non ferrous metals
1992  /
1993   
1994  f_nemachine(flow)
1995  /
1996  f85_NEMACHINE   Non energy use in machinery
1997  /
1998   
1999  f_netranseq(flow)
2000  /
2001  f86_NETRANSEQ   Non energy use in transport equipment
2002  /
2003   
2004  f_neotherind(flow)
2005  /
2006  f87_NEINONSPEC  Non energy use in non specified industry
2007  /
2008   
2009  f_neconstruc(flow)
2010  /
2011  f88_NECONSTRUC  Non energy use in construction
2012  /
2013   
2014  f_netransport(flow)
2015  /
2016  f90_NETRANS     Non energy use in transport
2017  /
2018   
2019  f_neother(flow)
2020  /
2021  f89_NEOTHER     Non energy use in other residential commerical public services agriculture forestry and fishing
2022  /
2023   
2024  f_elecoutput(flow)
2025  /
2026  f99_ELOUTPUT    Electrictiy output GWh
2027  /
2028   
2029  f_TES(flow)
2030  /
2031  f7_TES          Total energy supply
2032  /
2033   
2034  type
2035  /
2036  CO2EF
2037  Stored_rate
2038  CH4EF_Energy
2039  N2OEF_Energy
2040  CH4EF_Industry
2041  N2OEF_Industry
2042  CH4EF_LTRP
2043  N2OEF_LTRP
2044  CH4EF_ATRP
2045  N2OEF_ATRP
2046  CH4EF_WTRP
2047  N2OEF_WTRP
2048  CH4EF_Other
2049  N2OEF_Other
2050  /
2051   
2052  punit
2053  /
2054  physical
2055  /
2056   
2057  ;
2058   
2059  Alias(p_coal, p_coal2);
2060  Alias(p_coal3, p_coal4);
2061  Alias(p_gas, p_gas2);
2062  Alias(p_oil, p_oil2);
2063  Alias(p_oilproduct, p_oilproduct2);
2064  Alias(p_elecheat, p_elecheat2);
2065   
2066  *=== Import from Excel using GDX utilities
2067  *Unit 2019 ktoe
2068  Parameter
2069  WEB_KOR(flow,product),
2070  WEB_CHN(flow,product),
2071  WEB_JPN(flow,product),
2072  WEB_RUS(flow,product),
2073  WEB_MNG(flow,product),
2074  WEB_PRK(flow,product),
2075  WEB_NAM(flow,product),
2076  WEB_LAM(flow,product),
2077  WEB_WEU(flow,product),
2078  WEB_EEU(flow,product),
2079  WEB_FSU(flow,product),
2080  WEB_MEA(flow,product),
2081  WEB_AFR(flow,product),
2082  WEB_CPA(flow,product),
2083  WEB_SAS(flow,product),
2084  WEB_PAS(flow,product),
2085  WEB_PAO(flow,product),
2086  GHGsEF(product,type) kgC per TJ,
2087  physical_unit(product,punit)
2088  ;
2089   
2111   
2112  *$call  gdxxrw Input_WEB/230425_WEB19.xlsx @Input_WEB/WEB19.txt trace=0 output=Input_WEB/230425_WEB19.gdx
GDXIN   C:\Users\kimc0\GUIDE_GLOBAL_CGE\2.RD_CGE\Input_WEB\240522_WEB19.gdx
--- LOAD  WEB_KOR = 1:WEB_KOR
--- LOAD  WEB_CHN = 2:WEB_CHN
--- LOAD  WEB_JPN = 3:WEB_JPN
--- LOAD  WEB_RUS = 4:WEB_RUS
--- LOAD  WEB_MNG = 5:WEB_MNG
--- LOAD  WEB_PRK = 6:WEB_PRK
--- LOAD  WEB_NAM = 7:WEB_NAM
--- LOAD  WEB_LAM = 8:WEB_LAM
--- LOAD  WEB_WEU = 9:WEB_WEU
--- LOAD  WEB_EEU = 10:WEB_EEU
--- LOAD  WEB_FSU = 11:WEB_FSU
--- LOAD  WEB_MEA = 12:WEB_MEA
--- LOAD  WEB_AFR = 13:WEB_AFR
--- LOAD  WEB_CPA = 14:WEB_CPA
--- LOAD  WEB_SAS = 15:WEB_SAS
--- LOAD  WEB_PAS = 16:WEB_PAS
--- LOAD  WEB_PAO = 17:WEB_PAO
--- LOAD  GHGsEF = 18:GHGsEF
--- LOAD  physical_unit = 19:physical_unit
2116   
2117  Parameter WEB(flow,product,z);
2118  WEB(flow,product,'01_KOR') =  WEB_KOR(flow,product);
2119  WEB(flow,product,'02_CHN') =  WEB_CHN(flow,product);
2120  WEB(flow,product,'03_JPN') =  WEB_JPN(flow,product);
2121  WEB(flow,product,'04_RUS') =  WEB_RUS(flow,product);
2122  WEB(flow,product,'05_MNG') =  WEB_MNG(flow,product);
2123  WEB(flow,product,'06_PRK') =  WEB_PRK(flow,product);
2124  WEB(flow,product,'07_NAM') =  WEB_NAM(flow,product);
2125  WEB(flow,product,'08_LAM') =  WEB_LAM(flow,product);
2126  WEB(flow,product,'09_WEU') =  WEB_WEU(flow,product);
2127  WEB(flow,product,'10_EEU') =  WEB_EEU(flow,product);
2128  WEB(flow,product,'11_FSU') =  WEB_FSU(flow,product);
2129  WEB(flow,product,'12_MEA') =  WEB_MEA(flow,product);
2130  WEB(flow,product,'13_AFR') =  WEB_AFR(flow,product);
2131  WEB(flow,product,'14_CPA') =  WEB_CPA(flow,product);
2132  WEB(flow,product,'15_SAS') =  WEB_SAS(flow,product);
2133  WEB(flow,product,'16_PAS') =  WEB_PAS(flow,product);
2134  WEB(flow,product,'17_PAO') =  WEB_PAO(flow,product);
2135   
2136  execute_unload 'Input_WEB/WEB_2019_230425.gdx',
2137  *Sets
2138  WEB, GHGsEF  ;
2139   
2140  Parameter
2141   TCoke_Share(f_cokeoven,product,z)
2142   TBlast_Share(f_balstfur,product,z)
2143  ;
2144   
2145  Parameter
2146   Coal_DIO(p_coal,j,z)            Intermediate consumption of coal products by industry j in region z
2147   Coal_CO(p_coal,z)               Household consumption of coal products in region z
2148   CoalR_DIO(p_coal,j,z)           Intermediate consumption ratio of coal products by industry j in region z
2149   CoalR_CO(p_coal,z)              Household consumption ratio of coal products in region z
2150   
2151   Gas_DIO(p_gas,j,z)              Intermediate consumption of gas products by industry j in region z
2152   Gas_CO(p_gas,z)                 Household consumption of gas products in region z
2153   GasR_DIO(p_gas,j,z)             Intermediate consumption ratio of gas products by industry j in region z
2154   GasR_CO(p_gas,z)                Household consumption ratio of gas products in region z
2155   
2156   Oil_DIO(p_oil,j,z)              Intermediate consumption of crudeoil by industry j in region z
2157   Oil_CO(p_oil,z)                 Household consumption of crudeoil in region z
2158   OilR_DIO(p_oil,j,z)             Intermediate consumption ratio of crudeoil by industry j in region z
2159   
2160   Oilp_DIO(p_oilproduct,j,z)      Intermediate consumption of petrolcoal by industry j in region z
2161   Oilp_CO(p_oilproduct,z)         Household consumption of petrolcoal products in region z
2162   OilpR_DIO(p_oilproduct,j,z)     Intermediate consumption ratio of petrolcoal products by industry j in region z
2163   OilpR_CO(p_oilproduct,z)        Household consumption ratio of petrolcoal products in region z
2164   
2165   Elec_DIO(p_elecheat,j,z)        Intermediate consumption of electricity by industry j in region z
2166   Elec_CO(p_elecheat,z)           Household consumption of electricity in region z
2167   ElecR_DIO(p_elecheat,j,z)       Intermediate consumption ratio of electricity by industry j in region z
2168   ElecR_CO(p_elecheat,z)          Household consumption ratio of electricity in region z
2169   
2170   NCoal_DIO(p_coal,j,z)           Intermediate consumption of non energy coal products by industry j in region z
2171   NCoalR_DIO(p_coal,j,z)          Intermediate consumption ratio of non energy coal products by industry j in region z
2172   
2173   NGas_DIO(p_gas,j,z)             Intermediate consumption of non energy gas products by industry j in region z
2174   NGasR_DIO(p_gas,j,z)            Intermediate consumption ratio of non energy gas products by industry j in region z
2175   
2176   NOil_DIO(p_oil,j,z)             Intermediate consumption of non energy oil by industry j in region z
2177   NOilR_DIO(p_oil,j,z)            Intermediate consumption ratio of non-energy oil by industry j in region z
2178   
2179   NOilp_DIO(p_oilproduct,j,z)     Intermediate consumption of non energy oilproducts by industry j in region z
2180   NOilpR_DIO(p_oilproduct,j,z)    Intermediate consumption ratio of non energy oilproducts by industry j in region z
2181   
2182   Coal_Total(p_coal,z)
2183   Gas_Total(p_gas,z)
2184   Oilp_Total(p_oilproduct,z)
2185   ELec_Total(p_elecheat,z)
2186   NCoal_Total(p_coal,z)
2187   NGas_Total(p_gas,z)
2188   NOilp_Total(p_oilproduct,z)
2189   
2190   TES_Coal(p_coal_TES,z)        Primary Energy Supply Coal
2191   TES_Gas(p_gas,z)              Primary Energy Supply Gas
2192   TES_Oil(p_oil,z)              Primary Energy Supply Oil
2193   
2194   ElecNucGWh(j,z)     Nuclear Output GWh
2195   ElecCoalGWh(j,z)    Coal Output GWh
2196   ElecGasGWh(j,z)     Gas Output GWh
2197   ElecOilGWh(j,z)     Oil Output GWh
2198   ElecSolarGWh(j,z)   Solar Output GWh
2199   ElecWindGWh(j,z)    Wind Output GWh
2200   ElecHydroGWh(j,z)   Hydro Output GWh
2201  * ElecOtherGWh(j,z)   Other Output GWh
2202   ElecwasteGWh(j,z)   waste Output GWh
2203   ElecbioGWh(j,z)     bio Output GWh
2204   ElecgeoGWh(j,z)     geothermal Output GWh
2205   ElecOtherGWh(j,z)   Other Output GWh
2206   
2207  ;
2208  *
2209   
2210  *f_balstfur(flow)
2211  *f_cokeoven(flow)
2212  * WEB(f_balstfur, 'p4_COKCOAL', z) = WEB(f_cokeoven, 'p66_TOTAL', z) ;
2213  * WEB(f_cokeoven, 'p4_COKCOAL', z) = WEB(f_cokeoven, 'p66_TOTAL', z) ;
2214   
2215   TCoke_Share(f_cokeoven,p_coal,z)$(WEB(f_cokeoven, p_coal, z) lt 0)  = WEB(f_cokeoven, p_coal, z)$(WEB(f_cokeoven, p_coal, z) lt 0)/sum(p_coal2, WEB(f_cokeoven, p_coal2, z)$(WEB(f_cokeoven, p_coal2, z) lt 0)) ;
2216   TBlast_Share(f_balstfur,p_coal,z)$(WEB(f_balstfur, p_coal, z) lt 0) = WEB(f_balstfur, p_coal, z)$(WEB(f_balstfur, p_coal, z) lt 0)/sum(p_coal2, WEB(f_balstfur, p_coal2, z)$(WEB(f_balstfur, p_coal2, z) lt 0)) ;
2217   
2218  display TCoke_Share, TBlast_Share ;
2219   
2220  *Coal
2221   Coal_DIO(p_coal,'01_AGRICULT',z) = sum((f_agri), WEB(f_agri, p_coal, z));
2222   Coal_DIO(p_coal,'02_COAL',z) = -1*sum((f_coa), WEB(f_coa, p_coal, z));
2223   Coal_DIO(p_coal,'03_OIL',z) = -1*sum((f_oil), WEB(f_oil, p_coal, z));
2224   Coal_DIO(p_coal,'04_GAS',z) = -1*sum((f_gas), WEB(f_gas, p_coal, z));
2225   Coal_DIO(p_coal,'05_MINING',z) = sum((f_mining), WEB(f_mining, p_coal, z));
2226   Coal_DIO(p_coal,'06_FOODPRO',z) = sum((f_foodpro), WEB(f_foodpro, p_coal, z));
2227   Coal_DIO(p_coal,'07_TEXTILES',z) = sum((f_textiles), WEB(f_textiles, p_coal, z));
2228   Coal_DIO(p_coal,'08_WOODPRO',z) = sum((f_woodpro), WEB(f_woodpro, p_coal, z));
2229   Coal_DIO(p_coal,'09_PAPERPRO',z) = sum((f_paperpro), WEB(f_paperpro, p_coal, z));
2230   Coal_DIO(p_coal,'10_PETROLCOAL',z) = -1*sum((f_petrolcoal), WEB(f_petrolcoal, p_coal, z));
2231   Coal_DIO(p_coal,'11_CHEMICAL',z) = sum((f_chemical), WEB(f_chemical, p_coal, z));
2232   Coal_DIO(p_coal,'12_NONMET',z) = sum((f_nonmet), WEB(f_nonmet, p_coal, z));
2233   Coal_DIO(p_coal,'13_IRONSTL',z) = sum((f_ironstl), WEB(f_ironstl, p_coal, z))
2234   + sum(f_cokeoven, -1*TCoke_Share(f_cokeoven,p_coal,z)*WEB(f_cokeoven, 'p66_TOTAL', z))
2235   + sum(f_balstfur, -1*TBlast_Share(f_balstfur,p_coal,z)*WEB(f_balstfur, 'p66_TOTAL', z))
2236   + sum((f_Eblastcoke), -1*WEB(f_Eblastcoke, p_coal, z))
2237  ;
2238   
2239   Coal_DIO(p_coal,'14_NONFERR',z) = sum((f_nonferr), WEB(f_nonferr, p_coal, z));
2240   Coal_DIO(p_coal,'15_MACHINE',z) = sum((f_machine), WEB(f_machine, p_coal, z));
2241   Coal_DIO(p_coal,'16_TRANSEQ',z) = sum((f_transeq), WEB(f_transeq, p_coal, z));
2242   Coal_DIO(p_coal,'17_OTHERIND',z) = sum((f_otherind), WEB(f_otherind, p_coal, z));
2243   Coal_DIO(p_coal,'18_TnD',z) = 0 ;
2244   Coal_DIO(p_coal,'19_eNuclear',z) = 0 ;
2245   Coal_DIO(p_coal,'20_eCoal',z) = -1*sum((f_elec), WEB(f_elec, p_coal, z));
2246   Coal_DIO(p_coal,'19_eNuclear',z) = 0 ;
2247   Coal_DIO(p_coal,'21_eGas',z) = 0 ;
2248   Coal_DIO(p_coal,'22_eOil',z) = 0 ;
2249   Coal_DIO(p_coal,'23_eWind',z) = 0 ;
2250   Coal_DIO(p_coal,'24_eSolar',z) = 0 ;
2251   Coal_DIO(p_coal,'25_eHydro',z) = 0 ;
2252   Coal_DIO(p_coal,'26_eOther',z) = 0 ;
2253   Coal_DIO(p_coal,'27_CONSTRUC',z) = sum((f_construc), WEB(f_construc, p_coal, z));
2254   Coal_DIO(p_coal,'28_LTRP',z) = sum((f_roadrail), WEB(f_roadrail, p_coal, z));
2255   Coal_DIO(p_coal,'29_WTRP',z) = sum((f_domewater), WEB(f_domewater, p_coal, z));
2256   Coal_DIO(p_coal,'30_ATRP',z) = sum((f_domeair), WEB(f_domeair, p_coal, z));
2257   Coal_DIO(p_coal,'31_SER',z) = sum((f_ser), WEB(f_ser, p_coal, z));
2258   Coal_CO(p_coal,z) = sum((f_household), WEB(f_household, p_coal, z));
2259   
2260  *Ratio
2261  Loop(j,
2262      CoalR_DIO(p_coal,j,z)$(Coal_DIO(p_coal,j,z) gt 0)
2263           = Coal_DIO(p_coal,j,z)/sum(p_coal2, Coal_DIO(p_coal2,j,z));
2264       );
2265   
2266   CoalR_CO(p_coal,z)$(Coal_CO(p_coal,z) gt 0)  = Coal_CO(p_coal,z)/ sum(p_coal2, Coal_CO(p_coal2,z));
2267   
2268  display Coal_DIO, CoalR_DIO, CoalR_CO ;
2269   
2270  *Gas
2271   Gas_DIO(p_gas,'01_AGRICULT',z) = sum((f_agri), WEB(f_agri, p_gas, z));
2272   Gas_DIO(p_gas,'02_COAL',z) = -1*sum((f_coa), WEB(f_coa, p_gas, z));
2273   Gas_DIO(p_gas,'03_OIL',z) = 0;
2274   Gas_DIO(p_gas,'04_GAS',z) = -1*sum((f_gas), WEB(f_gas, p_gas, z));
2275   Gas_DIO(p_gas,'05_MINING',z) = sum((f_mining), WEB(f_mining, p_gas, z));
2276   Gas_DIO(p_gas,'06_FOODPRO',z) = sum((f_foodpro), WEB(f_foodpro, p_gas, z));
2277   Gas_DIO(p_gas,'07_TEXTILES',z) = sum((f_textiles), WEB(f_textiles, p_gas, z));
2278   Gas_DIO(p_gas,'08_WOODPRO',z) = sum((f_woodpro), WEB(f_woodpro, p_gas, z));
2279   Gas_DIO(p_gas,'09_PAPERPRO',z) = sum((f_paperpro), WEB(f_paperpro, p_gas, z));
2280   Gas_DIO(p_gas,'10_PETROLCOAL',z) = -1*sum((f_petrolcoal), WEB(f_petrolcoal, p_gas, z));
2281   Gas_DIO(p_gas,'11_CHEMICAL',z) = sum((f_chemical), WEB(f_chemical, p_gas, z));
2282   Gas_DIO(p_gas,'12_NONMET',z) = sum((f_nonmet), WEB(f_nonmet, p_gas, z));
2283   Gas_DIO(p_gas,'13_IRONSTL',z) = sum((f_ironstl), WEB(f_ironstl, p_gas, z));
2284   Gas_DIO(p_gas,'14_NONFERR',z) = sum((f_nonferr), WEB(f_nonferr, p_gas, z));
2285   Gas_DIO(p_gas,'15_MACHINE',z) = sum((f_machine), WEB(f_machine, p_gas, z));
2286   Gas_DIO(p_gas,'16_TRANSEQ',z) = sum((f_transeq), WEB(f_transeq, p_gas, z));
2287   Gas_DIO(p_gas,'17_OTHERIND',z) = sum((f_otherind), WEB(f_otherind, p_gas, z));
2288   Gas_DIO(p_gas,'18_TnD',z) = 0 ;
2289   Gas_DIO(p_gas,'19_eNuclear',z) = 0 ;
2290   Gas_DIO(p_gas,'20_eCoal',z) = 0;
2291   Gas_DIO(p_gas,'19_eNuclear',z) = 0 ;
2292   Gas_DIO(p_gas,'21_eGas',z) = -1*sum((f_elec), WEB(f_elec, p_gas, z)) ;
2293   Gas_DIO(p_gas,'22_eOil',z) = 0 ;
2294   Gas_DIO(p_gas,'23_eWind',z) = 0 ;
2295   Gas_DIO(p_gas,'24_eSolar',z) = 0 ;
2296   Gas_DIO(p_gas,'25_eHydro',z) = 0 ;
2297   Gas_DIO(p_gas,'26_eOther',z) = 0 ;
2298   Gas_DIO(p_gas,'27_CONSTRUC',z) = sum((f_construc), WEB(f_construc, p_gas, z));
2299   Gas_DIO(p_gas,'28_LTRP',z) = sum((f_roadrail), WEB(f_roadrail, p_gas, z));
2300   Gas_DIO(p_gas,'29_WTRP',z) = sum((f_domewater), WEB(f_domewater, p_gas, z));
2301   Gas_DIO(p_gas,'30_ATRP',z) = sum((f_domeair), WEB(f_domeair, p_gas, z));
2302   Gas_DIO(p_gas,'31_SER',z) = sum((f_ser), WEB(f_ser, p_gas, z));
2303   Gas_CO(p_gas,z) = sum((f_household), WEB(f_household, p_gas, z));
2304   
2305  *Ratio
2306  Loop(j,
2307      GasR_DIO(p_gas,j,z)$(Gas_DIO(p_gas,j,z) gt 0)
2308           = Gas_DIO(p_gas,j,z)/sum(p_gas2, Gas_DIO(p_gas2,j,z));
2309       );
2310   
2311   GasR_CO(p_gas,z)$(Gas_CO(p_gas,z) gt 0)  = Gas_CO(p_gas,z)/ sum(p_gas2, Gas_CO(p_gas2,z));
2312   
2313   
2314  display Gas_DIO, GasR_DIO, GasR_CO ;
2315   
2316  *Oil
2317   Oil_DIO(p_oil,'01_AGRICULT',z) = sum((f_agri), WEB(f_agri, p_oil, z));
2318   Oil_DIO(p_oil,'02_COAL',z) = -1*sum((f_coa), WEB(f_coa, p_oil, z));
2319   Oil_DIO(p_oil,'03_OIL',z) = -1*sum((f_oil), WEB(f_oil, p_oil, z));
2320   Oil_DIO(p_oil,'04_GAS',z) = 0;
2321   Oil_DIO(p_oil,'05_MINING',z) = sum((f_mining), WEB(f_mining, p_oil, z));
2322   Oil_DIO(p_oil,'06_FOODPRO',z) = sum((f_foodpro), WEB(f_foodpro, p_oil, z));
2323   Oil_DIO(p_oil,'07_TEXTILES',z) = sum((f_textiles), WEB(f_textiles, p_oil, z));
2324   Oil_DIO(p_oil,'08_WOODPRO',z) = sum((f_woodpro), WEB(f_woodpro, p_oil, z));
2325   Oil_DIO(p_oil,'09_PAPERPRO',z) = sum((f_paperpro), WEB(f_paperpro, p_oil, z));
2326   Oil_DIO(p_oil,'10_PETROLCOAL',z) = -1*sum((f_petrolcoal), WEB(f_petrolcoal, p_oil, z));
2327   Oil_DIO(p_oil,'11_CHEMICAL',z) = sum((f_chemical), WEB(f_chemical, p_oil, z));
2328   Oil_DIO(p_oil,'12_NONMET',z) = sum((f_nonmet), WEB(f_nonmet, p_oil, z));
2329   Oil_DIO(p_oil,'13_IRONSTL',z) = sum((f_ironstl), WEB(f_ironstl, p_oil, z));
2330   Oil_DIO(p_oil,'14_NONFERR',z) = sum((f_nonferr), WEB(f_nonferr, p_oil, z));
2331   Oil_DIO(p_oil,'15_MACHINE',z) = sum((f_machine), WEB(f_machine, p_oil, z));
2332   Oil_DIO(p_oil,'16_TRANSEQ',z) = sum((f_transeq), WEB(f_transeq, p_oil, z));
2333   Oil_DIO(p_oil,'17_OTHERIND',z) = sum((f_otherind), WEB(f_otherind, p_oil, z));
2334   Oil_DIO(p_oil,'18_TnD',z) = 0 ;
2335   Oil_DIO(p_oil,'19_eNuclear',z) = 0 ;
2336   Oil_DIO(p_oil,'20_eCoal',z) = 0 ;
2337   Oil_DIO(p_oil,'19_eNuclear',z) = 0 ;
2338   Oil_DIO(p_oil,'21_eGas',z) = 0 ;
2339   Oil_DIO(p_oil,'22_eOil',z) = 0 ;
2340   Oil_DIO(p_oil,'23_eWind',z) = 0 ;
2341   Oil_DIO(p_oil,'24_eSolar',z) = 0 ;
2342   Oil_DIO(p_oil,'25_eHydro',z) = 0 ;
2343   Oil_DIO(p_oil,'26_eOther',z) = 0 ;
2344   Oil_DIO(p_oil,'27_CONSTRUC',z) = sum((f_construc), WEB(f_construc, p_oil, z));
2345   Oil_DIO(p_oil,'28_LTRP',z) = sum((f_roadrail), WEB(f_roadrail, p_oil, z));
2346   Oil_DIO(p_oil,'29_WTRP',z) = sum((f_domewater), WEB(f_domewater, p_oil, z));
2347   Oil_DIO(p_oil,'30_ATRP',z) = sum((f_domeair), WEB(f_domeair, p_oil, z));
2348   Oil_DIO(p_oil,'31_SER',z) = sum((f_ser), WEB(f_ser, p_oil, z));
2349   Oil_CO(p_oil,z) = sum((f_household), WEB(f_household, p_oil, z));
2350   
2351  *Ratio
2352  Loop(j,
2353      OilR_DIO(p_oil,j,z)$(Oil_DIO(p_oil,j,z) gt 0)
2354           = Oil_DIO(p_oil,j,z)/sum(p_oil2, Oil_DIO(p_oil2,j,z));
2355       );
2356   
2357  display Oil_DIO, OilR_DIO ;
2358   
2359  *Oilproducts
2360   Oilp_DIO(p_oilproduct,'01_AGRICULT',z) = sum((f_agri), WEB(f_agri, p_oilproduct, z));
2361   Oilp_DIO(p_oilproduct,'02_COAL',z) = -1*sum((f_coa), WEB(f_coa, p_oilproduct, z));
2362   Oilp_DIO(p_oilproduct,'03_OIL',z) = -1*sum((f_oil), WEB(f_oil, p_oilproduct, z));
2363   Oilp_DIO(p_oilproduct,'04_GAS',z) = 0;
2364   Oilp_DIO(p_oilproduct,'05_MINING',z) = sum((f_mining), WEB(f_mining, p_oilproduct, z));
2365   Oilp_DIO(p_oilproduct,'06_FOODPRO',z) = sum((f_foodpro), WEB(f_foodpro, p_oilproduct, z));
2366   Oilp_DIO(p_oilproduct,'07_TEXTILES',z) = sum((f_textiles), WEB(f_textiles, p_oilproduct, z));
2367   Oilp_DIO(p_oilproduct,'08_WOODPRO',z) = sum((f_woodpro), WEB(f_woodpro, p_oilproduct, z));
2368   Oilp_DIO(p_oilproduct,'09_PAPERPRO',z) = sum((f_paperpro), WEB(f_paperpro, p_oilproduct, z));
2369   Oilp_DIO(p_oilproduct,'10_PETROLCOAL',z) = -1*sum((f_petrolcoal), WEB(f_petrolcoal, p_oilproduct, z));
2370   
2371   Oilp_DIO(p_oilproduct,'11_CHEMICAL',z) = sum((f_chemical), WEB(f_chemical, p_oilproduct, z))
2372  * + sum(f_tpetrochem, -1*WEB(f_tpetrochem, p_oilproduct, z)$(WEB(f_tpetrochem, p_oilproduct, z) lt 0))
2373   ;
2374   
2375   Oilp_DIO(p_oilproduct,'12_NONMET',z) = sum((f_nonmet), WEB(f_nonmet, p_oilproduct, z));
2376   Oilp_DIO(p_oilproduct,'13_IRONSTL',z) = sum((f_ironstl), WEB(f_ironstl, p_oilproduct, z));
2377   Oilp_DIO(p_oilproduct,'14_NONFERR',z) = sum((f_nonferr), WEB(f_nonferr, p_oilproduct, z));
2378   Oilp_DIO(p_oilproduct,'15_MACHINE',z) = sum((f_machine), WEB(f_machine, p_oilproduct, z));
2379   Oilp_DIO(p_oilproduct,'16_TRANSEQ',z) = sum((f_transeq), WEB(f_transeq, p_oilproduct, z));
2380   Oilp_DIO(p_oilproduct,'17_OTHERIND',z) = sum((f_otherind), WEB(f_otherind, p_oilproduct, z));
2381   Oilp_DIO(p_oilproduct,'18_TnD',z) = 0 ;
2382   Oilp_DIO(p_oilproduct,'19_eNuclear',z) = 0 ;
2383   Oilp_DIO(p_oilproduct,'20_eCoal',z) = 0 ;
2384   Oilp_DIO(p_oilproduct,'19_eNuclear',z) = 0 ;
2385   Oilp_DIO(p_oilproduct,'21_eGas',z) = 0 ;
2386   Oilp_DIO(p_oilproduct,'22_eOil',z) = -1*sum((f_elec), WEB(f_elec, p_oilproduct, z)) ;
2387   Oilp_DIO(p_oilproduct,'23_eWind',z) = 0 ;
2388   Oilp_DIO(p_oilproduct,'24_eSolar',z) = 0 ;
2389   Oilp_DIO(p_oilproduct,'25_eHydro',z) = 0 ;
2390   Oilp_DIO(p_oilproduct,'26_eOther',z) = 0 ;
2391   Oilp_DIO(p_oilproduct,'27_CONSTRUC',z) = sum((f_construc), WEB(f_construc, p_oilproduct, z));
2392   Oilp_DIO(p_oilproduct,'28_LTRP',z) = sum((f_roadrail), WEB(f_roadrail, p_oilproduct, z));
2393   Oilp_DIO(p_oilproduct,'29_WTRP',z) = sum((f_domewater), WEB(f_domewater, p_oilproduct, z));
2394   Oilp_DIO(p_oilproduct,'30_ATRP',z) = sum((f_domeair), WEB(f_domeair, p_oilproduct, z));
2395   Oilp_DIO(p_oilproduct,'31_SER',z) = sum((f_ser), WEB(f_ser, p_oilproduct, z));
2396   Oilp_CO(p_oilproduct,z) = sum((f_household), WEB(f_household, p_oilproduct, z));
2397   
2398  *Ratio
2399  Loop(j,
2400      OilpR_DIO(p_oilproduct,j,z)$(Oilp_DIO(p_oilproduct,j,z) gt 0)
2401           = Oilp_DIO(p_oilproduct,j,z)/sum(p_oilproduct2, Oilp_DIO(p_oilproduct2,j,z));
2402       );
2403   
2404   OilpR_CO(p_oilproduct,z)$(Oilp_CO(p_oilproduct,z) gt 0)  = Oilp_CO(p_oilproduct,z)/ sum(p_oilproduct2, Oilp_CO(p_oilproduct2,z));
2405   
2406   
2407  display Oilp_DIO, Oilp_CO, OilpR_DIO, OilpR_CO ;
2408   
2409  *Electricity/Heat
2410   Elec_DIO(p_elecheat,'01_AGRICULT',z) = sum((f_agri), WEB(f_agri, p_elecheat, z));
2411   Elec_DIO(p_elecheat,'02_COAL',z) = -1*sum((f_coa), WEB(f_coa, p_elecheat, z));
2412   Elec_DIO(p_elecheat,'03_OIL',z) = 0;
2413   Elec_DIO(p_elecheat,'04_GAS',z) = -1*sum((f_gas), WEB(f_gas, p_elecheat, z));
2414   Elec_DIO(p_elecheat,'05_MINING',z) = sum((f_mining), WEB(f_mining, p_elecheat, z));
2415   Elec_DIO(p_elecheat,'06_FOODPRO',z) = sum((f_foodpro), WEB(f_foodpro, p_elecheat, z));
2416   Elec_DIO(p_elecheat,'07_TEXTILES',z) = sum((f_textiles), WEB(f_textiles, p_elecheat, z));
2417   Elec_DIO(p_elecheat,'08_WOODPRO',z) = sum((f_woodpro), WEB(f_woodpro, p_elecheat, z));
2418   Elec_DIO(p_elecheat,'09_PAPERPRO',z) = sum((f_paperpro), WEB(f_paperpro, p_elecheat, z));
2419   Elec_DIO(p_elecheat,'10_PETROLCOAL',z) = -1*sum((f_petrolcoal), WEB(f_petrolcoal, p_elecheat, z));
2420   Elec_DIO(p_elecheat,'11_CHEMICAL',z) = sum((f_chemical), WEB(f_chemical, p_elecheat, z));
2421   Elec_DIO(p_elecheat,'12_NONMET',z) = sum((f_nonmet), WEB(f_nonmet, p_elecheat, z));
2422   Elec_DIO(p_elecheat,'13_IRONSTL',z) = sum((f_ironstl), WEB(f_ironstl, p_elecheat, z));
2423   Elec_DIO(p_elecheat,'14_NONFERR',z) = sum((f_nonferr), WEB(f_nonferr, p_elecheat, z));
2424   Elec_DIO(p_elecheat,'15_MACHINE',z) = sum((f_machine), WEB(f_machine, p_elecheat, z));
2425   Elec_DIO(p_elecheat,'16_TRANSEQ',z) = sum((f_transeq), WEB(f_transeq, p_elecheat, z));
2426   Elec_DIO(p_elecheat,'17_OTHERIND',z) = sum((f_otherind), WEB(f_otherind, p_elecheat, z));
2427   Elec_DIO(p_elecheat,'18_TnD',z) = 0 ;
2428   Elec_DIO(p_elecheat,'19_eNuclear',z) = 0 ;
2429   Elec_DIO(p_elecheat,'20_eCoal',z) = 0;
2430   Elec_DIO(p_elecheat,'19_eNuclear',z) = 0 ;
2431   Elec_DIO(p_elecheat,'21_eGas',z) = 0 ;
2432   Elec_DIO(p_elecheat,'22_eOil',z) = 0 ;
2433   Elec_DIO(p_elecheat,'23_eWind',z) = 0 ;
2434   Elec_DIO(p_elecheat,'24_eSolar',z) = 0 ;
2435   Elec_DIO(p_elecheat,'25_eHydro',z) = 0 ;
2436   Elec_DIO(p_elecheat,'26_eOther',z) = 0 ;
2437   Elec_DIO(p_elecheat,'27_CONSTRUC',z) = sum((f_construc), WEB(f_construc, p_elecheat, z));
2438   Elec_DIO(p_elecheat,'28_LTRP',z) = sum((f_roadrail), WEB(f_roadrail, p_elecheat, z));
2439   Elec_DIO(p_elecheat,'29_WTRP',z) = sum((f_domewater), WEB(f_domewater, p_elecheat, z));
2440   Elec_DIO(p_elecheat,'30_ATRP',z) = sum((f_domeair), WEB(f_domeair, p_elecheat, z));
2441   Elec_DIO(p_elecheat,'31_SER',z) = sum((f_ser), WEB(f_ser, p_elecheat, z));
2442   Elec_CO(p_elecheat,z) = sum((f_household), WEB(f_household, p_elecheat, z));
2443   
2444  *Ratio
2445  Loop(j,
2446      ElecR_DIO(p_elecheat,j,z)$(Elec_DIO(p_elecheat,j,z) gt 0)
2447           = Elec_DIO(p_elecheat,j,z)/sum(p_elecheat2, Elec_DIO(p_elecheat2,j,z));
2448       );
2449   
2450   ElecR_CO(p_elecheat,z)$(Elec_CO(p_elecheat,z) gt 0)  = Elec_CO(p_elecheat,z)/ sum(p_elecheat2, Elec_CO(p_elecheat2,z));
2451   
2452  display Elec_DIO, Elec_CO, ElecR_DIO, ElecR_CO ;
2453   
2454  *Coal non-energy
2455   NCoal_DIO(p_coal,'05_MINING',z) = sum(f_nemining, WEB(f_nemining, p_coal, z));
2456   NCoal_DIO(p_coal,'06_FOODPRO',z) = sum(f_nefoodpro, WEB(f_nefoodpro, p_coal, z));
2457   NCoal_DIO(p_coal,'07_TEXTILES',z) = sum(f_netextiles, WEB(f_netextiles, p_coal, z));
2458   NCoal_DIO(p_coal,'08_WOODPRO',z) = sum(f_newoodpro, WEB(f_newoodpro, p_coal, z));
2459   NCoal_DIO(p_coal,'09_PAPERPRO',z) = sum(f_nepaperpro, WEB(f_nepaperpro, p_coal, z));
2460   NCoal_DIO(p_coal,'11_CHEMICAL',z) = sum(f_nechemical, WEB(f_nechemical, p_coal, z));
2461   NCoal_DIO(p_coal,'12_NONMET',z) = sum(f_nenonmet, WEB(f_nenonmet, p_coal, z));
2462   NCoal_DIO(p_coal,'13_IRONSTL',z) = sum(f_neironstl, WEB(f_neironstl, p_coal, z));
2463   NCoal_DIO(p_coal,'14_NONFERR',z) = sum(f_nenonferr, WEB(f_nenonferr, p_coal, z));
2464   NCoal_DIO(p_coal,'15_MACHINE',z) = sum(f_nemachine, WEB(f_nemachine, p_coal, z));
2465   NCoal_DIO(p_coal,'16_TRANSEQ',z) = sum(f_netranseq, WEB(f_netranseq, p_coal, z));
2466   NCoal_DIO(p_coal,'17_OTHERIND',z) = sum(f_neotherind, WEB(f_neotherind, p_coal, z));
2467   NCoal_DIO(p_coal,'27_CONSTRUC',z) = sum(f_neconstruc, WEB(f_neconstruc, p_coal, z));
2468   NCoal_DIO(p_coal,'28_LTRP',z) = sum(f_netransport, WEB(f_netransport, p_coal, z));
2469  * NEC_DIO(p_coal,'29_WTRP',z) = sum((f_domewater), domewater_fne_coal(f_domewater, p_coal, z));
2470  * NEC_DIO(p_coal,'30_ATRP',z) = sum((f_domeair), domeair_fne_coal(f_domeair, p_coal, z));
2471   NCoal_DIO(p_coal,'31_SER',z) = sum(f_neother, WEB(f_neother, p_coal, z));
2472  * NEC_CO(p_coal,z) = sum((f_household), household_fne_coal(f_household, p_coal, z));
2473   
2474  *Ratio
2475  Loop(j,
2476      NCoalR_DIO(p_coal,j,z)$(NCoal_DIO(p_coal,j,z) gt 0)
2477           = NCoal_DIO(p_coal,j,z)/sum(p_coal2, NCoal_DIO(p_coal2,j,z));
2478       );
2479   
2480  display NCoal_DIO, NCoalR_DIO ;
2481   
2482  *Gas non-energy
2483   NGas_DIO(p_gas,'05_MINING',z) = sum(f_nemining, WEB(f_nemining, p_gas, z));
2484   NGas_DIO(p_gas,'06_FOODPRO',z) = sum(f_nefoodpro, WEB(f_nefoodpro, p_gas, z));
2485   NGas_DIO(p_gas,'07_TEXTILES',z) = sum(f_netextiles, WEB(f_netextiles, p_gas, z));
2486   NGas_DIO(p_gas,'08_WOODPRO',z) = sum(f_newoodpro, WEB(f_newoodpro, p_gas, z));
2487   NGas_DIO(p_gas,'09_PAPERPRO',z) = sum(f_nepaperpro, WEB(f_nepaperpro, p_gas, z));
2488   NGas_DIO(p_gas,'11_CHEMICAL',z) = sum(f_nechemical, WEB(f_nechemical, p_gas, z));
2489   NGas_DIO(p_gas,'12_NONMET',z) = sum(f_nenonmet, WEB(f_nenonmet, p_gas, z));
2490   NGas_DIO(p_gas,'13_IRONSTL',z) = sum(f_neironstl, WEB(f_neironstl, p_gas, z));
2491   NGas_DIO(p_gas,'14_NONFERR',z) = sum(f_nenonferr, WEB(f_nenonferr, p_gas, z));
2492   NGas_DIO(p_gas,'15_MACHINE',z) = sum(f_nemachine, WEB(f_nemachine, p_gas, z));
2493   NGas_DIO(p_gas,'16_TRANSEQ',z) = sum(f_netranseq, WEB(f_netranseq, p_gas, z));
2494   NGas_DIO(p_gas,'17_OTHERIND',z) = sum(f_neotherind, WEB(f_neotherind, p_gas, z));
2495   NGas_DIO(p_gas,'27_CONSTRUC',z) = sum(f_neconstruc, WEB(f_neconstruc, p_gas, z));
2496   NGas_DIO(p_gas,'28_LTRP',z) = sum(f_netransport, WEB(f_netransport, p_gas, z));
2497  * NEG_DIO(p_gas,'29_WTRP',z) = sum((f_domewater), domewater_fne_gas(f_domewater, p_gas, z));
2498  * NEG_DIO(p_gas,'30_ATRP',z) = sum((f_domeair), domeair_fne_gas(f_domeair, p_gas, z));
2499   NGas_DIO(p_gas,'31_SER',z) = sum(f_neother, WEB(f_neother, p_gas, z));
2500  * NEG_CO(p_gas,z) = sum((f_household), household_fne_gas(f_household, p_gas, z));
2501   
2502  *Ratio
2503  Loop(j,
2504      NGasR_DIO(p_gas,j,z)$(NGas_DIO(p_gas,j,z) gt 0)
2505           = NGas_DIO(p_gas,j,z)/sum(p_gas2, NGas_DIO(p_gas2,j,z));
2506       );
2507   
2508  display NGas_DIO, NGasR_DIO ;
2509   
2510  *Oil non-energy
2511   NOil_DIO(p_oil,'05_MINING',z) = sum(f_nemining, WEB(f_nemining, p_oil, z));
2512   NOil_DIO(p_oil,'06_FOODPRO',z) = sum(f_nefoodpro, WEB(f_nefoodpro, p_oil, z));
2513   NOil_DIO(p_oil,'07_TEXTILES',z) = sum(f_netextiles, WEB(f_netextiles, p_oil, z));
2514   NOil_DIO(p_oil,'08_WOODPRO',z) = sum(f_newoodpro, WEB(f_newoodpro, p_oil, z));
2515   NOil_DIO(p_oil,'09_PAPERPRO',z) = sum(f_nepaperpro, WEB(f_nepaperpro, p_oil, z));
2516   NOil_DIO(p_oil,'11_CHEMICAL',z) = sum(f_nechemical, WEB(f_nechemical, p_oil, z));
2517   NOil_DIO(p_oil,'12_NONMET',z) = sum(f_nenonmet, WEB(f_nenonmet, p_oil, z));
2518   NOil_DIO(p_oil,'13_IRONSTL',z) = sum(f_neironstl, WEB(f_neironstl, p_oil, z));
2519   NOil_DIO(p_oil,'14_NONFERR',z) = sum(f_nenonferr, WEB(f_nenonferr, p_oil, z));
2520   NOil_DIO(p_oil,'15_MACHINE',z) = sum(f_nemachine, WEB(f_nemachine, p_oil, z));
2521   NOil_DIO(p_oil,'16_TRANSEQ',z) = sum(f_netranseq, WEB(f_netranseq, p_oil, z));
2522   NOil_DIO(p_oil,'17_OTHERIND',z) = sum(f_neotherind, WEB(f_neotherind, p_oil, z));
2523   NOil_DIO(p_oil,'27_CONSTRUC',z) = sum(f_neconstruc, WEB(f_neconstruc, p_oil, z));
2524   NOil_DIO(p_oil,'28_LTRP',z) = sum(f_netransport, WEB(f_netransport, p_oil, z));
2525  * NEP_DIO(p_oil,'29_WTRP',z) = sum((f_domewater), domewater_fne_oilproduct(f_domewater, p_oilproduct, z));
2526  * NEP_DIO(p_oil,'30_ATRP',z) = sum((f_domeair), domeair_fne_oilproduct(f_domeair, p_oilproduct, z));
2527   NOil_DIO(p_oil,'31_SER',z) = sum(f_neother, WEB(f_neother, p_oil, z) );
2528  * NEP_CO(p_oillz) = sum((f_household), household_fne_oilproduct(f_household, p_oilproduct, z));
2529   
2530  *Ratio
2531  Loop(j,
2532      NOilR_DIO(p_oil,j,z)$(NOil_DIO(p_oil,j,z) gt 0)
2533           = NOil_DIO(p_oil,j,z)/sum(p_oil2, NOil_DIO(p_oil2,j,z));
2534       );
2535   
2536  display NOil_DIO, NOilR_DIO ;
2537   
2538  *Oilproducts non-energy
2539   NOilp_DIO(p_oilproduct,'05_MINING',z) = sum(f_nemining, WEB(f_nemining, p_oilproduct, z));
2540   NOilp_DIO(p_oilproduct,'06_FOODPRO',z) = sum(f_nefoodpro, WEB(f_nefoodpro, p_oilproduct, z));
2541   NOilp_DIO(p_oilproduct,'07_TEXTILES',z) = sum(f_netextiles, WEB(f_netextiles, p_oilproduct, z));
2542   NOilp_DIO(p_oilproduct,'08_WOODPRO',z) = sum(f_newoodpro, WEB(f_newoodpro, p_oilproduct, z));
2543   NOilp_DIO(p_oilproduct,'09_PAPERPRO',z) = sum(f_nepaperpro, WEB(f_nepaperpro, p_oilproduct, z));
2544   NOilp_DIO(p_oilproduct,'11_CHEMICAL',z) = sum(f_nechemical, WEB(f_nechemical, p_oilproduct, z));
2545   NOilp_DIO(p_oilproduct,'12_NONMET',z) = sum(f_nenonmet, WEB(f_nenonmet, p_oilproduct, z));
2546   NOilp_DIO(p_oilproduct,'13_IRONSTL',z) = sum(f_neironstl, WEB(f_neironstl, p_oilproduct, z));
2547   NOilp_DIO(p_oilproduct,'14_NONFERR',z) = sum(f_nenonferr, WEB(f_nenonferr, p_oilproduct, z));
2548   NOilp_DIO(p_oilproduct,'15_MACHINE',z) = sum(f_nemachine, WEB(f_nemachine, p_oilproduct, z));
2549   NOilp_DIO(p_oilproduct,'16_TRANSEQ',z) = sum(f_netranseq, WEB(f_netranseq, p_oilproduct, z));
2550   NOilp_DIO(p_oilproduct,'17_OTHERIND',z) = sum(f_neotherind, WEB(f_neotherind, p_oilproduct, z));
2551   NOilp_DIO(p_oilproduct,'27_CONSTRUC',z) = sum(f_neconstruc, WEB(f_neconstruc, p_oilproduct, z));
2552   NOilp_DIO(p_oilproduct,'28_LTRP',z) = sum(f_netransport, WEB(f_netransport, p_oilproduct, z));
2553  * NEP_DIO(p_oilproduct,'29_WTRP',z) = sum((f_domewater), domewater_fne_oilproduct(f_domewater, p_oilproductproduct, z));
2554  * NEP_DIO(p_oilproduct,'30_ATRP',z) = sum((f_domeair), domeair_fne_oilproduct(f_domeair, p_oilproductproduct, z));
2555   NOilp_DIO(p_oilproduct,'31_SER',z) = sum(f_neother, WEB(f_neother, p_oilproduct, z) );
2556  * NEP_CO(p_oilproductlz) = sum((f_household), household_fne_oilproduct(f_household, p_oilproductproduct, z));
2557   
2558  *Ratio
2559  Loop(j,
2560      NOilpR_DIO(p_oilproduct,j,z)$(NOilp_DIO(p_oilproduct,j,z) gt 0)
2561           = NOilp_DIO(p_oilproduct,j,z)/sum(p_oilproduct2, NOilp_DIO(p_oilproduct2,j,z));
2562       );
2563   
2564  display NOilp_DIO, NOilpR_DIO ;
2565   
2566   
2567   Coal_Total(p_coal,z) = sum(j,Coal_DIO(p_coal,j,z)) + Coal_CO(p_coal,z) ;
2568   Gas_Total(p_gas,z) = sum(j, Gas_DIO(p_gas,j,z)) + Gas_CO(p_gas,z) ;
2569   Oilp_Total(p_oilproduct,z) = sum(j, Oilp_DIO(p_oilproduct,j,z)) + Oilp_CO(p_oilproduct,z) ;
2570   ELec_Total(p_elecheat,z) = sum(j, ELec_DIO(p_elecheat,j,z)) + ELec_CO(p_elecheat,z) ;
2571   NCoal_Total(p_coal,z) = sum(j, NCoal_DIO(p_coal,j,z)) ;
2572   NGas_Total(p_gas,z) = sum(j, NGas_DIO(p_gas,j,z)) ;
2573   NOilp_Total(p_oilproduct,z) = sum(j, NOilp_DIO(p_oilproduct,j,z)) ;
2574   
2575  *Total Energy Supply
2576   TES_Coal(p_coal_TES,z)    =  sum(f_TES, WEB(f_TES, p_coal_TES, z));
2577   TES_Gas(p_gas,z)          =  sum(f_TES, WEB(f_TES, p_gas, z));
2578   TES_Oil(p_oil,z)          =  sum(f_TES, WEB(f_TES, p_oil, z));
2579   
2580   
2581  *=============================Eelectricity============================================================
2582   ElecNucGWh('19_eNuclear',z)  = sum((f_elecoutput, p_nuclear), WEB(f_elecoutput, p_nuclear,z));
2583   ElecCoalGWh('20_eCoal',z)    = sum((f_elecoutput, p_coal), WEB(f_elecoutput, p_coal,z));
2584   ElecGasGWh('21_eGas',z)      = sum((f_elecoutput, p_gas), WEB(f_elecoutput, p_gas,z));
2585   ElecOilGWh('22_eOil',z)      = sum((f_elecoutput, p_oilproduct), WEB(f_elecoutput, p_oilproduct,z));
2586   ElecWindGWh('23_eWind',z)    = sum((f_elecoutput, p_wind), WEB(f_elecoutput, p_wind,z));
2587   ElecSolarGWh('24_eSolar',z)  = sum((f_elecoutput, p_solar), WEB(f_elecoutput, p_solar,z));
2588   ElecHydroGWh('25_eHydro',z)  = sum((f_elecoutput, p_hydro), WEB(f_elecoutput, p_Hydro,z));
2589  * ElecOtherGWh('26_eOther',z)  = sum((f_elecoutput, p_elecother), WEB(f_elecoutput, p_elecother,z));
2590   ElecwasteGWh('26_eOther',z)  = sum((f_elecoutput, p_elecwaste), WEB(f_elecoutput, p_elecwaste,z));
2591   ElecbioGWh('26_eOther',z)    = sum((f_elecoutput, p_elecbio), WEB(f_elecoutput, p_elecbio,z));
2592   ElecgeoGWh('26_eOther',z)    = sum((f_elecoutput, p_elecgeo), WEB(f_elecoutput, p_elecgeo,z));
2593   ElecOtherGWh('26_eOther',z)  = sum((f_elecoutput, p_elecother), WEB(f_elecoutput, p_elecother,z));
2594   
2595  execute_unload 'Input_WEB/DATA_WEB-2019_230418.gdx',
2596  *Sets
2597  product, p_coal, p_oil, p_oilproduct, p_gas, p_elecheat,
2598   
2599  flow, f_elec,  f_agri, f_mining, f_foodpro, f_textiles, f_woodpro,f_paperpro,
2600  f_chemical, f_nonmet, f_ironstl, f_nonferr, f_machine, f_transeq, f_otherind,
2601  f_construc, f_ser, f_household, f_roadrail, f_domeair,  f_domewater,
2602  f_nemining, f_nefoodpro, f_netextiles, f_newoodpro, f_nepaperpro,
2603  f_nechemical,f_nenonmet, f_neironstl, f_nenonferr, f_nemachine,
2604  f_netranseq, f_neotherind, f_neconstruc, f_netransport, f_neother,
2605   
2606  *WEB
2607  WEB,
2608  Coal_DIO, Coal_CO, CoalR_DIO, CoalR_CO,
2609  Gas_DIO, Gas_CO, GasR_DIO, GasR_CO,
2610  Oil_DIO, Oil_CO, OilR_DIO,
2611  Oilp_DIO, Oilp_CO, OilpR_DIO, OilpR_CO,
2612  Elec_DIO, Elec_CO, ElecR_DIO,ElecR_CO,
2613  NCoal_DIO, NCoalR_DIO, NGas_DIO, NGasR_DIO,
2614  NOil_DIO, NOilR_DIO, NOilp_DIO, NOilpR_DIO,
2615   
2616  Coal_Total, Gas_Total, Oilp_Total, Elec_Total, NCoal_Total, NGas_Total, NOilp_Total,
2617   
2618  ElecNucGWh, ElecCoalGWh, ElecGasGWh, ElecOilGWh, ElecSolarGWh, ElecWindGWh, ElecHydroGWh, ElecwasteGWh, ElecbioGWh, ElecgeoGWh, ElecOtherGWh
2619  ;
2620   
EXIT C:\Users\kimc0\GUIDE_GLOBAL_CGE\2.RD_CGE\DATA_WEB-2019.gms
2622   
2623  Parameter
2624   CO2IO(product,j,z) ktCO2 industry j sector
2625   CO2HO(product,z)   ktCO2 residendital sector
2626   CH4IO(product,j,z) tCO2eq industry j sector
2627   CH4HO(product,z)   tCO2eq residendital sector
2628   N2OIO(product,j,z) tCO2eq industry j sector
2629   N2OHO(product,z)   tCO2eq residendital sector
2630   GWP_CH4            GWP 100 AR5
2631   GWP_N2O            GWP 100 AR5
2632   ;
2633   GWP_CH4 = 28;
2634   GWP_N2O = 265;
2635   
2636   CO2IO(p_coal,j,z) = Coal_DIO(p_coal,j,z)*41.868*GHGsEF(p_coal,'CO2EF')*1*(44/12)*0.001 ;
2637   CO2IO(p_gas,j,z)  = Gas_DIO(p_gas,j,z)*41.868*GHGsEF(p_gas,'CO2EF')*1*(44/12)*0.001 ;
2638   CO2IO(p_oilproduct,j,z)  = Oilp_DIO(p_oilproduct,j,z)*41.868*GHGsEF(p_oilproduct,'CO2EF')*1*(44/12)*0.001 ;
2639   
2640   CO2HO(p_coal,z) = Coal_CO(p_coal,z)*41.868*GHGsEF(p_coal,'CO2EF')*1*(44/12)*0.001 ;
2641   CO2HO(p_gas,z) = Gas_CO(p_gas,z)*41.868*GHGsEF(p_gas,'CO2EF')*1*(44/12)*0.001 ;
2642   CO2HO(p_oilproduct,z) = Oilp_CO(p_oilproduct,z)*41.868*GHGsEF(p_oilproduct,'CO2EF')*1*(44/12)*0.001 ;
2643   
2644  * CH4IO(p_coal,j,z) = Coal_DIO(p_coal,j,z)*41.868*GHGsEF(p_coal,'CH4EF')*1000*0.000001*GWP_CH4 ;
2645  * CH4IO(p_gas,j,z)  = Gas_DIO(p_gas,j,z)*41.868*GHGsEF(p_gas,'CH4EF')*1000*0.000001*GWP_CH4 ;
2646  * CH4IO(p_oilproduct,j,z)  = Oilp_DIO(p_oilproduct,j,z)*41.868*GHGsEF(p_oilproduct,'CH4EF')*1000*0.000001*GWP_CH4 ;
2647   
2648  * CH4HO(p_coal,z) = Coal_CO(p_coal,z)*41.868*GHGsEF(p_coal,'CH4EF')*1000*0.000001*GWP_CH4 ;
2649  * CH4HO(p_gas,z) = Gas_CO(p_gas,z)*41.868*GHGsEF(p_gas,'CH4EF')*1000*0.000001*GWP_CH4 ;
2650  * CH4HO(p_oilproduct,z) = Oilp_CO(p_oilproduct,z)*41.868*GHGsEF(p_oilproduct,'CH4EF')*1000*0.000001*GWP_CH4 ;
2651   
2652  * N2OIO(p_coal,j,z) = Coal_DIO(p_coal,j,z)*41.868*GHGsEF(p_coal,'N2OEF')*1000*0.000001*GWP_N2O ;
2653  * N2OIO(p_gas,j,z)  = Gas_DIO(p_gas,j,z)*41.868*GHGsEF(p_gas,'N2OEF')*1000*0.000001*GWP_N2O ;
2654  * N2OIO(p_oilproduct,j,z)  = Oilp_DIO(p_oilproduct,j,z)*41.868*GHGsEF(p_oilproduct,'N2OEF')*1000*0.000001*GWP('N2OEF') ;
2655   
2656  * N2OHO(p_coal,z) = Coal_CO(p_coal,z)*41.868*GHGsEF(p_coal,'N2OEF')*1000*0.000001*GWP('N2OEF') ;
2657  * N2OHO(p_gas,z) = Gas_CO(p_gas,z)*41.868*GHGsEF(p_gas,'N2OEF')*1000*0.000001*GWP('N2OEF') ;
2658  * N2OHO(p_oilproduct,z) = Oilp_CO(p_oilproduct,z)*41.868*GHGsEF(p_oilproduct,'N2OEF')*1000*0.000001*GWP('N2OEF') ;
2659   
2660  *==============================================================================
2661  *  4.10 Energy
2662  *==============================================================================
2663  Parameter
2664   EEI(product,j,z)  Energy intensity by industry sector ktoe per 10 billion $
2665   NEI(product,j,z)  Non-Energy intensity by production sectos ktoe per 10 billion $
2666   EHI(product,z)    Energy intensity by household ktoe per 10 billion $
2667   
2668   EEO(product,j,z)  Initial Industry energy consumption in region z ktoe
2669   NEO(product,j,z)  Initial Industry non energy consumption in region z ktoe
2670   EHO(product,z)    Initial Household energy consumption in region z ktoe
2671  ;
2672   
2673   EEI(p_coal,j,z)$(DIO('02_COAL',j,z) gt 0)               = Coal_DIO(p_coal,j,z)/DIO('02_COAL',j,z);
2674   EEI(p_oil,j,z)$(DIO('03_OIL',j,z) gt 0)                 = Oil_DIO(p_oil,j,z)/DIO('03_OIL',j,z);
2675   EEI(p_gas,j,z)$(DIO('04_GAS',j,z) gt 0)                 = Gas_DIO(p_gas,j,z)/DIO('04_GAS',j,z);
2676   EEI(p_oilproduct,j,z)$(DIO('10_PETROLCOAL',j,z) gt 0)   = Oilp_DIO(p_oilproduct,j,z)/DIO('10_PETROLCOAL',j,z);
2677   EEI(p_elecheat,j,z)$(DIO('18_ELEC',j,z) gt 0)           = Elec_DIO(p_elecheat,j,z)/DIO('18_ELEC',j,z);
2678   
2679   NEI(p_coal,j,z)$(DIO('02_COAL',j,z) gt 0)              = NCoal_DIO(p_coal,j,z)/DIO('02_COAL',j,z);
2680   NEI(p_oil,j,z)$(DIO('03_OIL',j,z) gt 0)                = NOil_DIO(p_oil,j,z)/DIO('03_OIL',j,z);
2681   NEI(p_gas,j,z)$(DIO('04_GAS',j,z) gt 0)                = NGas_DIO(p_gas,j,z)/DIO('04_GAS',j,z);
2682   NEI(p_oilproduct,j,z)$(DIO('10_PETROLCOAL',j,z) gt 0)  = NOilp_DIO(p_oilproduct,j,z)/DIO('10_PETROLCOAL',j,z);
2683   
2684   EHI(p_coal,z)$(CO('02_COAL',z) gt 0)                    = Coal_CO(p_coal,z)/CO('02_COAL',z);
2685   EHI(p_oil,z)$(CO('03_OIL',z) gt 0)                      = Oil_CO(p_oil,z)/CO('03_OIL',z);
2686   EHI(p_gas,z)$(CO('04_GAS',z) gt 0)                      = Gas_CO(p_gas,z)/CO('04_GAS',z);
2687   EHI(p_oilproduct,z)$(CO('10_PETROLCOAL',z) gt 0)        = Oilp_CO(p_oilproduct,z)/CO('10_PETROLCOAL',z);
2688   EHI(p_elecheat,z)$(CO('18_ELEC',z) gt 0)                = Elec_CO(p_elecheat,z)/CO('18_ELEC',z);
2689   
2690   EEO(p_coal,j,z)       = Coal_DIO(p_coal,j,z) ;
2691   EEO(p_gas,j,z)        = Gas_DIO(p_gas,j,z) ;
2692   EEO(p_oil,j,z)        = Oil_DIO(p_oil,j,z) ;
2693   EEO(p_oilproduct,j,z) = Oilp_DIO(p_oilproduct,j,z) ;
2694   EEO(p_elecheat,j,z)   = Elec_DIO(p_elecheat,j,z) ;
2695   
2696   NEO(p_coal,j,z)       = NCoal_DIO(p_coal,j,z) ;
2697   NEO(p_gas,j,z)        = NGas_DIO(p_gas,j,z) ;
2698   NEO(p_oilproduct,j,z) = NOilp_DIO(p_oilproduct,j,z) ;
2699   
2700   EHO(p_coal,z)         = Coal_CO(p_coal,z) ;
2701   EHO(p_gas,z)          = Gas_CO(p_gas,z) ;
2702   EHO(p_oil,z)          = Oil_CO(p_oil,z) ;
2703   EHO(p_oilproduct,z)   = Oilp_CO(p_oilproduct,z) ;
2704   EHO(p_elecheat,z)     = Elec_CO(p_elecheat,z) ;
2705   
2706  *display EEI, EHI, EEO, NEO, EHO, GDPPPP, GHGsEF, CO2HO ;
2707  *execute_unload 'GHGs emission',
2708  *CO2HO, CO2IO, CH4IO, CH4HO, N2OIO, N2OHO
2709  *$EXIT
2710   
2711  *==============================================================================
2712  *  4.12 CO2FACTOR and CTAX
2713  *==============================================================================
2714  Parameters
2715   CO2FACTOR(ene,j,z)       CO2 emissions factor (tCO2 per 100$)
2716   CO2FACTOR2(ene,j,z,time) Time series CO2 emissions factor (tCO2 per 100$)
2717   CTAX0(z)                 initial Carbon tax $ per ton CO2
2718   TCTAX0(z)                initial Government Revenue from Carbon tax
2719  ;
2720   
2721  * CO2FACTOR(ene,j,z) = 0 ;
2722   CO2FACTOR('02_COAL',j,z)$DEO('02_COAL',j,z) = [sum(p_coal,CO2IO(p_coal,j,z))/DEO('02_COAL',j,z)]*(1000/(10**8));
2723   CO2FACTOR('04_GAS',j,z)$DEO('04_GAS',j,z) = [sum(p_gas,CO2IO(p_gas,j,z))/DEO('04_GAS',j,z)]*(1000/(10**8));
2724   CO2FACTOR('10_PETROLCOAL',j,z)$DEO('10_PETROLCOAL',j,z) = [sum(p_oilproduct,CO2IO(p_oilproduct,j,z))/DEO('10_PETROLCOAL',j,z)]*(1000/(10**8));
2725   
2726  * CO2FACTOR('02_COAL',j,z)$DEO('02_COAL',j,z) = [sum(p_coal,CO2IO(p_coal,j,z))/DEO('02_COAL',j,z)]*10/100;
2727  * CO2FACTOR('04_GAS',j,z)$DEO('04_GAS',j,z) = [sum(p_gas,CO2IO(p_gas,j,z))/DEO('04_GAS',j,z)]*10/100;
2728  * CO2FACTOR('10_PETROLCOAL',j,z)$DEO('10_PETROLCOAL',j,z) = [sum(p_oilproduct,CO2IO(p_oilproduct,j,z))/DEO('10_PETROLCOAL',j,z)]*10/100;
2729   
2730  *PetrolCoal
2731   CO2FACTOR('10_PETROLCOAL','10_PETROLCOAL',z) = 0;
2732   
2733  *PRK
2734   CO2FACTOR('02_COAL','01_AGRICULT','06_PRK')        = CO2FACTOR('02_COAL','01_AGRICULT','05_MNG');
2735   CO2FACTOR('10_PETROLCOAL','01_AGRICULT','06_PRK')  = CO2FACTOR('10_PETROLCOAL','01_AGRICULT','05_MNG');
2736   CO2FACTOR('02_COAL','28_LTRP','06_PRK')            = CO2FACTOR('02_COAL','28_LTRP','05_MNG');
2737   CO2FACTOR('02_COAL','17_OTHERIND','06_PRK')        = CO2FACTOR('02_COAL','17_OTHERIND','05_MNG');
2738   
2739  *RUS
2740   CO2FACTOR('02_COAL','08_WOODPRO','04_RUS')         = CO2FACTOR('02_COAL','08_WOODPRO','10_EEU');
2741   
2742  *LAM
2743   CO2FACTOR('04_GAS','02_COAL','08_LAM')             = CO2FACTOR('04_GAS','02_COAL','07_NAM');
2744   
2745   CTAX0(z) = 0 ;
2746   
2747   TCTAX0(z) = 0;
2748   
2749  * CO2FACTOR2(ene,j,z,time) = CO2FACTOR(ene,j,z)*AEEI(z,time);
2750   CO2FACTOR2(ene,j,z,time) = CO2FACTOR(ene,j,z);
2751   
2752  *execute_unload 'CO2FACTOR_w-t',
2753  * CO2FACTOR, CO2FACTOR2 ;
2754  *$exit
2755   
2756  *==============================================================================
2757  * 5 Model
2758  *==============================================================================
2759  *  5.1 Variable declarations
2760  *==============================================================================
2761  VARIABLES
2762   
2763  *==============================================================================
2764  *   5.1.1 Volume variables
2765  *==============================================================================
2766   C(i,z,time)             Consumption of commodity i by households in region z
2767   CABX(z,time)            Current account balance of region z in terms of the international currency
2768   CG(i,z,time)            Public consumption of commodity i in region z
2769   CI(j,z,time)            Total intermediate consumption of industry j in region z
2770   CE(j,z,time)            Total intermediate consumption of industry j in region z
2771   CMIN(i,z,time)          Minimum consumption of commodity i by households in region z
2772   CTH_REAL(z,time)        Real household consumption in region z
2773   DD(i,z,time)            Domestic demand for commodity i produced locally in region z
2774   DI(i,j,z,time)          Intermediate consumption of commodity i by industry j in region z
2775   DE(i,j,z,time)          Intermediate energy consumption of commodity i by industry j in region z
2776   DIT(i,z,time)           Total intermediate demand of commodity i in region z
2777   DS(j,i,z,time)          Supply of commodity i by sector j to the domestic market
2778   DS_I(i,z,time)          Supply of commodity i to the domestic market of region z
2779   EX(i,z,zj,time)         Quantity of product i exported by country z to country zj
2780   EXT(i,z,time)           Supply of composite commodity i by region z to the export market
2781   EXTT(j,i,z,time)        Supply of activity j to the export market i of region z
2782   G_REAL(z,time)          Current real government expenditures on goods and services in region z
2783   GDP_BP_REAL(z,time)     Real GDP at basic prices
2784   GDP_BP_W_REAL(time)     Real world GDP at basic prices
2785   GDP_MP_REAL(z,time)     Real GDP at market prices
2786   IM(i,zj,z,time)         Quantity of product i imported by country z from country zj
2787   IMT(i,z,time)           Quantity demanded of composite imports of commodity i by region z
2788   IND(k,j,z,time)         Volume of new type k capital investment to industry j in region z
2789   INV(i,z,time)           Final demand of commodity i for investment purposes (GFCF) in region z
2790   IT_REAL(z,time)         Real gross fixed capital formation
2791   KD(k,j,z,time)          Demand for type k capital by industry j in region z
2792   KDC(j,z,time)           Demand for composite capital by industry j in region z
2793   KS(k,z,time)            Supply of type k capital in region z
2794   LD(l,j,z,time)          Demand for type l labor by industry j in region z
2795   LDC(j,z,time)           Demand for composite labor by industry j in region z
2796   LS(l,z,time)            Supply of type l labor in region z
2797   MRGN(i,z,time)          Domestic production of commodity i in region z exported as international margin services
2798   Q(i,z,time)             Quantity demanded of composite commodity i in region z
2799   VA(j,z,time)            Value added of industry j in region z
2800   KLE(j,z,time)           KLE of industry j in region z
2801   XS(j,i,z,time)          Total output of industry j by commodity in region z
2802   XS_I(i,z,time)          Total output of commodity i in region z
2803   XST(j,z,time)           Total aggregate output of industry j in region z
2804   POWERQ(z,time)          Total power output in region z
2805   OBJ
2806   
2807  *==============================================================================
2808  *   5.1.2 Price variables
2809  *==============================================================================
2810   e(z,time)               Exchange rate (price of international currency in terms of region z local currency)
2811   IR(z,time)              Interest rate
2812   P(i,z,time)             Basic price of commodity i in region z
2813   P2(j,i,z,time)          Basic price of industry js production of commodity i
2814   P3(i,j,z,time)          Basic price of power industry js production of commodity i
2815   P4(ene,j,z,time)        Basic energy commodity price of industry js production of commodity i
2816   PPOWER(z,time)          Basic price of composite power commodity in region z
2817   PI(i,z,time)            Basic price of composite activity commodity in region z
2818   PT(j,z,time)            Basic price of industry js output
2819   PC(i,z,time)            Purchaser price of composite commodity i (including all taxes and margins) in region z
2820   PCI(j,z,time)           Intermediate consumption price index of industry j in region z
2821   PCE(j,z,time)           Intermediate energy consumption price index of industry j in region z
2822   PD(i,z,time)            Price of local product i sold on region z domestic market (including all taxes)
2823   PE(i,z,zj,time)         Price received for commodity i exported to region zj by region z (excluding export taxes)
2824   PET(i,z,time)           Border price of composite commodity i exported by region z
2825   PIXCON(z,time)          Consumer price index in region z
2826   PIXGDP(z,time)          GDP deflator in region z
2827   PIXGDP_W(time)          World GDP deflator
2828   PIXGVT(z,time)          Public expenditures price index in region z
2829   PIXINV(z,time)          Investment price index in region z
2830   PK(z,time)              Price of new capital in region z
2831   PL(i,z,time)            Price of local product i (excluding all taxes on products) in region z
2832   PM(i,zj,z,time)         Price of commodity i imported by region z from region zj (including all taxes duties and margins)
2833   PMT(i,z,time)           Price of composite commodity i imported by region z (including all taxes duties and margins)
2834   PP(j,z,time)            Unit cost of industry j in region z including taxes directly related to the use of capital and labor but excluding other taxes on production
2835   PVA(j,z,time)           Price of industry j value added in region z (including taxes on production directly related to the use of capital and labor)
2836   PKLE(j,z,time)          Price of industry j KLE in region z
2837   PWM(i,zj,z,time)        World price of commodity i imported from country zj by region z (expressed in international currency)
2838   PWMG(i,time)            World price of margin i (expressed in international currency)
2839   PWX(i,z,zj,time)        World price of commodity i exported to country zj by region z (expressed in international currency)
2840   R(k,j,z,time)           Rental rate of type k capital in industry j of region z
2841   RC(j,z,time)            Rental rate of industry j composite capital in region z
2842   RTI(k,j,z,time)         Rental rate paid by industry j for type k capital in region z including capital taxes
2843   U(z,time)               User cost of capital in region z
2844   W(l,z,time)             Wage rate of type l labor in region z
2845   WC(j,z,time)            Wage rate of industry j composite labor in region z
2846   WTI(l,j,z,time)         Wage rate paid z by industry j for type l labor in region including payroll taxes
2847   CTAX(Z,time)            Carbon tax in region z
2848   
2849  *==============================================================================
2850  *   5.1.3 Nominal (value) variables
2851  *==============================================================================
2852   CAB(z,time)             Current account balance of region z
2853   CTH(z,time)             Consumption budget of households in region z
2854   DEP(z,time)             Amount of depreciation (capital consumption allowance) in region z
2855   G(z,time)               Current government expenditures on goods and services in region z
2856   GDP_BP(z,time)          Region z GDP at basic prices
2857   GDP_BP_W(time)          World GDP at basic prices
2858   GDP_FD(z,time)          Region z GDP at purchasers prices from the perspective of final demand
2859   GDP_IB(z,time)          Region z GDP at market prices (income-based)
2860   GDP_MP(z,time)          Region z GDP at market prices
2861   IT(z,time)              Total investment expenditures in region z
2862   SG(z,time)              Government savings in region z
2863   SH(z,time)              Household savings in region z
2864   SROW(z,time)            Rest-of-the-world savings with respect to region z
2865   TDH(z,time)             Household income taxes in region z
2866   TCTAX(z,time)           Government revenuse from Carbon tax
2867   TIC(i,z,time)           Government revenue from indirect taxes on commodity i in region z
2868   TICT(z,time)            Total government receipts of indirect taxes on commodities in region z
2869   TIK(k,j,z,time)         Government revenue from taxes on type k capital used by industry j in region z
2870   TIKT(z,time)            Total government revenue from from taxes on capital in region z
2871   TIM(i,zj,z,time)        Government revenue from duties on commodity i imported from region zj by region z
2872   TIMT(z,time)            Total government revenue from import duties in region z
2873   TIP(j,z,time)           Government revenue from taxes on industry j production in region z (excluding taxes directly related to the use of capital and labor)
2874   TIPT(z,time)            Total government revenue from production taxes in region z (excluding taxes directly related to the use of capital and labor)
2875   TIW(l,j,z,time)         Government revenue from payroll taxes on type l labor in industry j of region z
2876   TIWT(z,time)            Total government revenue from payroll taxes in region z
2877   TIX(i,z,zj,time)        Government revenue from export taxes on commodity i exported by region z to region zj
2878   TIXT(z,time)            Total government revenue from export taxes in region z
2879   TPRCTS(z,time)          Total government revenue from taxes on products and imports in region z
2880   TPRODN(z,time)          Total government revenue from other taxes on production in region z
2881   YDH(z,time)             Household disposable income in region z
2882   YG(z,time)              Total government income in region z
2883   YH(z,time)              Household total income in region z
2884   YHK(z,time)             Household capital income in region z
2885   YHL(z,time)             Household labor income in region z
2886   YROW(z,time)            Rest-of-the-world total income from region z
2887   
2888  *==============================================================================
2889  *   5.1.4 Rates and intercepts
2890  *==============================================================================
2891   phi(z,time)             Scale variable (allocation of investment to industries)
2892   sh0(z,time)             Intercept (household savings)
2893   sh1(z,time)             Slope (household savings)
2894   ttdh0(z,time)           Intercept (household income tax)
2895   ttdh1(z,time)           Slope (household income tax)
2896   ttic(i,z,time)          Tax rate on commodity i
2897   ttik(k,j,z,time)        Tax rate on capital k used in industry j
2898   ttim(i,zj,z,time)       Rate of taxes and duties on imports of commodity i from country zj
2899   ttip(j,z,time)          Tax rate on the production of industry j
2900   ttiw(l,j,z,time)        Tax rate on type l worker compensation in industry j
2901   ttix(i,z,zj,time)       Export tax rate on exported commodity i
2902   
2903  *==============================================================================
2904  *   5.1.5 Other variables
2905  *==============================================================================
2906   A_VA(z,time)            Multifactor productivity
2907   LEON(z,time)            Excess supply on the last market in region z
2908  ;
2909   
2910  *==============================================================================
2911  *  5.2 Equation declarations
2912  *==============================================================================
2913  EQUATIONS
2914   EQ1(j,z,time)           Leontief - demand for value added
2915   EQ1_1(j,z,time)         Leontief - demand for KLE(Industries)
2916   EQ2(j,z,time)           Leontief - demand for intermediate consumption
2917   EQ2_1(j,z,time)         Leontief - demand for intermediate energy consumption(Energy Industries)
2918   EQ3(j,z,time)           CES - combination of labor and capital
2919   EQ3_1(j,z,time)         CES - combination of composite energy and value added
2920   EQ4(j,z,time)           CES - demand for composite labor
2921   EQ4_1(j,z,time)         Demand for value added relative to composite energy
2922   EQ5(j,z,time)           CES between labor categories
2923   EQ6(l,j,z,time)         Demand for labor
2924   EQ7(j,z,time)           CES between capital categories
2925   EQ8(k,j,z,time)         Demand for capital
2926   EQ9(i,j,z,time)         Leontief - demand for commodity i by sector j
2927   EQ9_1(i,j,z,time)       Leontief - demand for commodity i by sector j
2928   EQ9_2(i,j,z,time)       CES between energy commodities categories
2929   EQ10(z,time)            Household total income
2930   EQ11(z,time)            Household labor income
2931   EQ12(z,time)            Household capital income
2932   EQ13(z,time)            Household disposable income
2933   EQ14(z,time)            Household consumption budget
2934   CALEQ1(z,time)          Aggregate domestic savings
2935   EQ15(z,time)            Household savings
2936   EQ16(z,time)            Government total income
2937   EQ16_1(z,time)          Government revenue from Ctax
2938   EQ17(z,time)            Total government receipts of taxes on production
2939   EQ18(z,time)            Government receipts of indirect taxes on wages
2940   EQ19(z,time)            Government receipts of indirect taxes on capital
2941   EQ20(z,time)            Government receipts of indirect taxes on production
2942   EQ21(z,time)            Total government receipts of taxes on products and imports
2943   EQ22(z,time)            Government receipts of indirect taxes on consumption
2944   EQ23(z,time)            Government receipts of indirect taxes on imports
2945   EQ24(z,time)            Government receipts of indirect taxes on exports
2946   EQ25(z,time)            Household h income taxes
2947   EQ26(l,j,z,time)        Government receipts of indirect taxes on wages
2948   EQ27(k,j,z,time)        Government receipts of indirect taxes on capital
2949   EQ28(j,z,time)          Government receipts of indirect taxes on production of industry j
2950   EQ29(i,z,time)          Government receipts of indirect taxes on commodity i
2951   EQ30(i,zj,z,time)       Government receipts of indirect taxes on imports of commodity i
2952   EQ31(i,z,zj,time)       Government receipts of indirect taxes on exports of commodity i
2953   EQ32(z,time)            Government savings
2954   EQ33(z,time)            Rest of the world total income
2955   EQ34(z,time)            Rest of the world savings
2956   EQ35(z,time)            Equivalence between current account balance and savings
2957   EQ36(i,z,time)          Household consumption of commodity i
2958   EQ37(i,z,time)          Final demand of commodity i for investment purposes
2959   EQ38(i,z,time)          Public final consumption of commodity i
2960   CALEQ2(z,time)          Current government expenditures on goods and services
2961   EQ39(i,z,time)          Total intermediate consumption of commodity i
2962   EQ39_1(i,z,time)        Total intermediate consumption of commodity i
2963  * EQ40_1(j,z)             CET between different commodities produced by industry j
2964  * EQ40_2(j,i,z)           Industry j production of commodity i (CET)
2965   EQ40_3(i,z,time)        Domestic supply by commdities
2966   EQ40_4(j,z,time)        Total supply by commdities
2967   EQ40_5(i,z,time)        CET function between exports local production and margins
2968   EQ41(i,z,time)          Supply of composite exports
2969   EQ42(i,z,time)          Supply of margins
2970   EQ43(i,z,time)          CET function between exports by trading partner
2971   EQ44(i,z,zj,time)       Supply of exports by trading partner
2972   EQ45(i,z,time)          CES function between composite imports and local production
2973   EQ46(i,z,time)          Demand for composite imports
2974   EQ47(i,z,time)          CES function between imports by origin
2975   EQ48(i,zj,z,time)       Demand for imports by origin
2976   EQ49(j,z,time)          Producer price in energy industries j after production taxes
2977   EQ49_1(j,z,time)        Producer price in industry j after production taxes
2978  * EQ49_2(j,i,z)     Total producer price is equal to P if there is only one product
2979  * EQ49_3(j,i,z)     Basic price of industry j's production of commodity i
2980   EQ50(j,z,time)          Basic price of industry j production
2981   EQ51(j,z,time)          Price index of industry j intermediate consumption
2982   EQ51_1(j,z,time)        Price index of industry j intermediate energy consumption
2983   EQ52(j,z,time)          Value added price
2984   EQ52_1(j,z,time)        KLE price
2985  * EQ53(j,z)         Price of composite labor in industry j (redundant)
2986   EQ54(l,j,z,time)        Wages including taxes
2987   EQ54_1(ene,j,z,time)    energy commodity prices
2988  * EQ55(j,z)         Price of composite capital in industry j (redundant)
2989   EQ56(k,j,z,time)        Rental rate including taxes
2990  * EQ57(k,j,z,time)        Rate of remuneration of capital k (capital mobile)
2991   EQ58(i,z,time)          Producer price is a weighted sum of PE and PL
2992  * EQ59(i,z)         Price of composite export i (redundant)
2993   EQ60(i,z,zj,time)       Border price of exported commodity i
2994   EQ61(i,z,time)          Price of local product i (including all taxes and margins)
2995   EQ62(i,zj,z,time)       Price of imported commodity i (including all taxes and duties)
2996  * EQ63(i,z)         Price of composite import i (redundant)
2997   EQ64(i,z,time)          Consumer price is a weighted sum of PD and PM
2998  * EQ65(z,time)            Aggregate price of capital
2999   EQ66(z,time)            GDP deflator (Fischer index)
3000   EQ67(time)              World GDP deflator (Fischer index)
3001   EQ68(z,time)            Consumer price index (Laspeyres)
3002   EQ69(z,time)            Investment price index (derived from investment function)
3003   EQ70(z,time)            Public expenditure price index
3004   EQ71(i1,z,time)         Domestic absorbtion
3005   EQ72(l,z,time)          Labor supply equals labor demand
3006   EQ73(k,z,time)          Capital supply equals capital demand
3007   EQ74(z,time)            Total investment equals total savings
3008   EQ75(z,time)            Depreciation
3009   EQ76(i,z,time)          Supply of domestic production equals demand
3010   EQ77(i,z,zj,time)       Exports supply equals imports demand
3011   EQ78(i,z,zj,time)       Exports price equals imports price
3012   EQ79(i,time)            World demand for margins equals world supply
3013  * EQ80              Sum of foreign savings equals zero (redundant)
3014   EQ81(z,time)            GDP at basic prices
3015   EQ82(z,time)            GDP at market prices
3016   EQ83(z,time)            GDP at market prices (income-based)
3017   EQ84(z,time)            GDP at market prices (expenditure-based)
3018   EQ85(time)              World GDP
3019   EQ86(z,time)            Real consumption budget of type h households
3020   EQ87(z,time)            Real current government expenditures on goods and services
3021   EQ88(z,time)            Real GDP at basic prices
3022   EQ89(time)              Real world GDP at basic prices
3023   EQ90(z,time)            Real GDP at market prices
3024   EQ91(z,time)            Real gross fixed capital formation
3025   EQ92(z,time)            Current account balance of region z in terms of the reference currency
3026   EQ93                    fictitious OBJ. fuction
3027   WALRAS(z,time)          Walras law verification
3028  * EQB_1(i,z)        Top Nest - CES function Aggregated acitivty
3029  * EQB_2(j,i,z)      Top Nest - CES function Aggregated acitivty
3030  * EQB_3(j,i,z)      Total producer price is equal to P if there is only one product
3031  * EQB_4(j,i,z)      Basic price of industry j's production of commodity i
3032  * EQB_5(j,i,z)      Supply of exports for compsite activity
3033   EQA_1(z,time)           Top Nest - Leontief function Aggregated-Electricity
3034   EQA_2(Z,time)           Top Nest - Leontief function Aggregated-Electricity
3035   EQA_3(z,time)           Second Nest - CES function - Aggregated-Electricity
3036   EQA_4(power,i,z,time)   Second Nest - CES function - Aggregated-Electricity
3037   EQB_1(i2,z,time)        Industry j production of commodity i (CES)
3038   EQB_3(j,i,z,time)       Total producer price is equal to P if there is only one product
3039   EQB_4(j,i,z,time)       Basic price of industry js production of commodity i
3040   EQB_5(j,i,z,time)       Supply of exports for compsite activity
3041   
3042   EQ94(z,time)            Total investment expenditure constraint
3043   EQ95(z,time)            Aggregate price of capital
3044   EQ96(k,bus,z,time)      Investment demand by industry
3045   CALEQ3(k,pub,z,time)    Public investment demand
3046  * EQ97a(z,time)           Interest rate (weighted average rate of return on capital)
3047   EQ97b(z,time)           User cost of capital
3048  * EQ98(k,j,z,time)
3049  ;
3050   
3051  *==============================================================================
3052  *  5.3 Equations
3053  *==============================================================================
3054  *   5.3.1 Production
3055  *==============================================================================
3056   EQ1(j3,z,t)..     VA(j3,z,t) =e= v(j3,z)*XST(j3,z,t);
3057   
3058   EQ1_1(j2,z,t)..   KLE(j2,z,t) =e= v2(j2,z)*XST(j2,z,t);
3059   
3060   EQ2(j,z,t)..      CI(j,z,t) =e= io(j,z)*XST(j,z,t);
3061   
3062   EQ2_1(j3,z,t)..   CE(j3,z,t) =e= io2(j3,z)*XST(j3,z,t);
3063   
3064   EQ3(j,z,t)..      VA(j,z,t) =e= A_VA(z,t)*B_VA(j,z)*{
3065                      [beta_VA(j,z)*LDC(j,z,t)**(-rho_VA(j,z))]$LDCO(j,z)
3066                     +[(1-beta_VA(j,z))*KDC(j,z,t)**(-rho_VA(j,z))]$KDCO(j,z)
3067                                                     }**(-1/rho_VA(j,z));
3068   
3069   EQ3_1(j2,z,t)..   KLE(j2,z,t) =e= B_KLE(j2,z)*{
3070                      [beta_KLE(j2,z)*VA(j2,z,t)**(-rho_KLE(j2,z))]$VAO(j2,z)
3071                     +[(1-beta_KLE(j2,z))*CE(j2,z,t)**(-rho_KLE(j2,z))]$CEO(j2,z)
3072                                                     }**(-1/rho_KLE(j2,z));
3073   
3074   EQ4(j,z,t)$[LDCO(j,z) and KDCO(j,z)]..
3075                   LDC(j,z,t) =e= {[beta_VA(j,z)/(1-beta_VA(j,z))]
3076                                *[RC(j,z,t)/WC(j,z,t)]}**sigma_VA(j,z)*KDC(j,z,t);
3077   
3078   EQ4_1(j2,z,t)$[VAO(j2,z) and CEO(j2,z)]..
3079                   VA(j2,z,t) =e= {[beta_KLE(j2,z)/(1-beta_KLE(j2,z))]
3080                                *[PCE(j2,z,t)/PVA(j2,z,t)]}**sigma_KLE(j2,z)*CE(j2,z,t);
3081   
3082   EQ5(j,z,t)$LDCO(j,z)..
3083                   LDC(j,z,t) =e= B_LD(j,z)*SUM[l$LDO(l,j,z),beta_LD(l,j,z)
3084                                  *LD(l,j,z,t)**(-rho_LD(j,z))]**(-1/rho_LD(j,z));
3085   
3086   EQ6(l,j,z,t)$LDO(l,j,z)..
3087                   LD(l,j,z,t) =e= [beta_LD(l,j,z)*WC(j,z,t)/WTI(l,j,z,t)]
3088                                 **sigma_LD(j,z)*B_LD(j,z)**(sigma_LD(j,z)-1)
3089                                 *LDC(j,z,t);
3090   
3091   EQ7(j,z,t)$KDCO(j,z)..
3092                   KDC(j,z,t) =e= B_KD(j,z)*SUM[k$KDO(k,j,z),beta_KD(k,j,z)
3093                                  *KD(k,j,z,t)**(-rho_KD(j,z))]**(-1/rho_KD(j,z));
3094   
3095   EQ8(k,j,z,t)$KDO(k,j,z)..
3096                   KD(k,j,z,t) =e= [beta_KD(k,j,z)*RC(j,z,t)/RTI(k,j,z,t)]
3097                                   **sigma_KD(j,z)*B_KD(j,z)**(sigma_KD(j,z)-1)
3098                                   *KDC(j,z,t);
3099   
3100   EQ9(nene,j,z,t)..   DI(nene,j,z,t) =e= aij(nene,j,z)*CI(j,z,t) ;
3101   
3102   EQ9_1(ene,j3,z,t)..  DE(ene,j3,z,t)   =e= aij2(ene,j3,z)*CE(j3,z,t) ;
3103   
3104  * EQ9_2(ene,j2,z,t)..  DE(ene,j2,z,t) =e= [beta_ENER(ene,j2,z)*PCE(j2,z,t)/P4(ene,j2,z,t)]
3105  *                                   **sigma_ENER(j2,z)*B_ENER_t(j2,z,t)**(sigma_ENER(j2,z)-1)
3106  *                                   *CE(j2,z,t);
3107   
3108   EQ9_2(ene,j2,z,t)..  DE(ene,j2,z,t) =e= [beta_ENER(ene,j2,z)*PCE(j2,z,t)/((P4(ene,j2,z,t)+P4(ene,j2,z,t)*CTAX(z,t)*CO2FACTOR2(ene,j2,z,t)))]
3109                                     **sigma_ENER(j2,z)*B_ENER_t(j2,z,t)**(sigma_ENER(j2,z)-1)
3110                                     *CE(j2,z,t);
3111   
3112   
3113  *==============================================================================
3114  *   5.3.2 Income and savings
3115  *==============================================================================
3116  *    5.3.2.1 Households
3117  *==============================================================================
3118  * EQ10(z,t)..       YH(z,t) =e= YHL(z,t)+YHK(z,t);
3119   EQ10(z,t)..       YH(z,t) =e= YHL(z,t)+YHK(z,t)+TCTAX(z,t);
3120   
3121   EQ11(z,t)..       YHL(z,t) =e= SUM[(l,j)$LDO(l,j,z),W(l,z,t)*LD(l,j,z,t)];
3122   
3123   EQ12(z,t)..       YHK(z,t) =e= SUM[(k,j)$KDO(k,j,z),R(k,j,z,t)*KD(k,j,z,t)];
3124   
3125   EQ13(z,t)..       YDH(z,t) =e= YH(z,t)-TDH(z,t);
3126   
3127   EQ14(z,t)..       CTH(z,t) =e= YDH(z,t)-SH(z,t);
3128   
3129   CALEQ1(z,t)..     SH(z,t)+SG(z,t) =e= sh1(z,t)*GDP_IB(z,t);
3130   
3131  * EQ15(z,t)..      SH(z,t)+SG(z,t) =e= sh1(z,t)*GDP_IB(z,t);
3132  * EQ15(z,t)..      SH(z,t) =e= sh1(z,t)*YDH(z,t);
3133   EQ15(z,t)..       SH(z,t) =e= PIXCON(z,t)**eta*sh0(z,t)+sh1(z,t)*YDH(z,t);
3134   
3135  *==============================================================================
3136  *    5.3.2.2 Government
3137  *==============================================================================
3138   EQ16(z,t)..       YG(z,t) =e= TDH(z,t)+TPRODN(z,t)+TPRCTS(z,t)+TCTAX(z,t);
3139   
3140   EQ16_1(z,t)..     TCTAX(z,t) =e= sum((ene,j), PC(ene,z,t)*CTAX(z,t)*CO2FACTOR2(ene,j,z,t)*DE(ene,j,z,t));
3141   
3142   EQ17(z,t)..       TPRODN(z,t) =e= TIWT(z,t)+TIKT(z,t)+TIPT(z,t);
3143   
3144   EQ18(z,t)..       TIWT(z,t) =e= SUM[(l,j)$LDO(l,j,z),TIW(l,j,z,t)];
3145   
3146   EQ19(z,t)..       TIKT(z,t) =e= SUM[(k,j)$KDO(k,j,z),TIK(k,j,z,t)];
3147   
3148   EQ20(z,t)..       TIPT(z,t) =e= SUM[j,TIP(j,z,t)];
3149   
3150   EQ21(z,t)..       TPRCTS(z,t) =e= TICT(z,t)+TIMT(z,t)+TIXT(z,t);
3151   
3152   EQ22(z,t)..       TICT(z,t) =e= SUM[i,TIC(i,z,t)];
3153   
3154   EQ23(z,t)..       TIMT(z,t) =e= SUM[(i,zj)$IMO(i,zj,z),TIM(i,zj,z,t)];
3155   
3156   EQ24(z,t)..       TIXT(z,t) =e= SUM[(i,zj)$EXO(i,z,zj),TIX(i,z,zj,t)];
3157   
3158   EQ25(z,t)..       TDH(z,t) =e= PIXCON(z,t)**eta*ttdh0(z,t)+ttdh1(z,t)*YH(z,t);
3159   
3160   EQ26(l,j,z,t)$LDO(l,j,z)..
3161                   TIW(l,j,z,t) =e= ttiw(l,j,z,t)*W(l,z,t)*LD(l,j,z,t);
3162   
3163   EQ27(k,j,z,t)$KDO(k,j,z)..
3164                   TIK(k,j,z,t) =e= ttik(k,j,z,t)*R(k,j,z,t)*KD(k,j,z,t);
3165   
3166   EQ28(j,z,t)..     TIP(j,z,t) =e= ttip(j,z,t)*PP(j,z,t)*XST(j,z,t);
3167   
3168   EQ29(i,z,t)..     TIC(i,z,t) =e= ttic(i,z,t)*{[PL(i,z,t)*DD(i,z,t)]$DDO(i,z)
3169                   +[SUM[zj$IMO(i,zj,z),(1+ttim(i,zj,z,t))*IM(i,zj,z,t)*e(z,t)
3170                    *(PWM(i,zj,z,t)+SUM(ij,PWMG(ij,t)*tmrg(ij,i,zj,z)))]]};
3171   
3172   EQ30(i,zj,z,t)$IMO(i,zj,z)..
3173                   TIM(i,zj,z,t) =e= ttim(i,zj,z,t)*IM(i,zj,z,t)*e(z,t)*
3174                                     (PWM(i,zj,z,t)+SUM[ij,PWMG(ij,t)
3175                                     *tmrg(ij,i,zj,z)]);
3176   
3177   EQ31(i,z,zj,t)$EXO(i,z,zj)..
3178                   TIX(i,z,zj,t) =e= ttix(i,z,zj,t)*PE(i,z,zj,t)*EX(i,z,zj,t);
3179   
3180   EQ32(z,t)..       SG(z,t) =e= YG(z,t)-G(z,t)-TCTAX(z,t);
3181   
3182  *==============================================================================
3183  *    5.3.2.4 Rest of the world
3184  *==============================================================================
3185   EQ33(z,t)..       YROW(z,t) =e= e(z,t)*SUM{(i,zj)$IMO(i,zj,z),IM(i,zj,z,t)*
3186                             [PWM(i,zj,z,t)+SUM(ij,PWMG(ij,t)*tmrg(ij,i,zj,z))]};
3187   
3188   EQ34(z,t)..       SROW(z,t) =e= YROW(z,t)-e(z,t)*SUM[(i,zj)$EXO(i,z,zj),
3189                                 EX(i,z,zj,t)*PWX(i,z,zj,t)]-e(z,t)
3190                                 *SUM[i$MRGNO(i,z),MRGN(i,z,t)*PWMG(i,t)];
3191   
3192   EQ35(z,t)..       SROW(z,t) =e= -CAB(z,t);
3193   
3194  *==============================================================================
3195  *   5.3.3 Demand
3196  *==============================================================================
3197   EQ36(i,z,t)..     PC(i,z,t)*C(i,z,t) =e= PC(i,z,t)*CMIN(i,z,t)+gamma_LES(i,z)
3198                                   *{CTH(z,t)-SUM[ij,PC(ij,z,t)*CMIN(ij,z,t)]};
3199   
3200   EQ37(i,z,t)..     PC(i,z,t)*INV(i,z,t) =e= gamma_INV(i,z)*IT(z,t);
3201   
3202   EQ38(i,z,t)..     PC(i,z,t)*CG(i,z,t) =e= gamma_GVT(i,z)*G(z,t);
3203   
3204   CALEQ2(z,t)..     G(z,t) =e= GO(z)*GDP_BP(z,t)/GDP_BPO(z);
3205   
3206   EQ39(nene,z,t)..   DIT(nene,z,t) =e= SUM[j,DI(nene,j,z,t)];
3207   
3208   EQ39_1(ene,z,t)..  DIT(ene,z,t) =e= SUM[j,DE(ene,j,z,t)];
3209   
3210  *==============================================================================
3211  *   5.3.4 International trade
3212  *==============================================================================
       EQB_1(i,z)..    XS_I(i,z) =e= B_X3(i,z)*SUM[j$XSO(j,i,z),beta_X3(j,i,z)
                                      *XS(j,i,z)**(-rho_X3(i,z))]**(-1/rho_X3(i,z));
       
       EQB_2(j,i,z)${DSO(j,i,z) and [DSO(j,i,z) ne DSO_I(i,z)]}..
                       XS(j,i,z) =e= XS_I(i,z)/B_X3(i,z)**(1-sigma_X3(i,z))*
                                     [beta_X3(j,i,z)*PI(i,z)/P2(j,i,z)]
                                     **sigma_X3(i,z);
       
       EQB_3(j,i,z)${DSO(j,i,z)}..   P2(j,i,z) =e= PT(j,z);
       
       EQB_4(j,i,z)$DSO(j,i,z)..
                       P2(j,i,z)*XS(j,i,z) =e= [PET(i,z)*EXTT(j,i,z)]$EXTTO(j,i,z)
                                              +[e(z)*MRGN(i,z)*PWMG(i)]$MRGNO(i,z)
                                              +[PL(i,z)*DS(j,i,z)]$DSO(j,i,z);
       
       EQB_5(j,i,z)$DSO(j,i,z)..  EXTT(j,i,z)  =e= theta2(j,i,z)*EXT(i,z);
3231   
3232  *[Top Nest - Leontief function]
3233   EQA_1(z,t)..  XS('18_TnD','18_ELEC',z,t) =e= TnDShare(z)*XS_I('18_ELEC',z,t);
3234   EQA_2(z,t)..  XS_I('18_ELEC',z,t) =e= XS('18_TnD','18_ELEC',z,t) + POWERQ(z,t);
3235   
3236   
3237  *[Second Nest - CES function]
3238   EQA_3(z,t)..    POWERQ(z,t) =e= B_X4(z)*SUM[POWER, beta_X4(power,z)
3239                                  *XS(POWER,'18_ELEC',z,t)**(-rho_X4(z))]**(-1/rho_X4(z));
3240   
3241   EQA_4(power,'18_ELEC',z,t)..  XS(POWER,'18_ELEC',z,t) =e= POWERQ(z,t)/B_X4(z)**(1-sigma_X4(z))*
3242                                 [beta_X4(power,z)*PPOWER(z,t)/P2(POWER,'18_ELEC',z,t)]
3243                                 **sigma_X4(z);
3244   
3245  * exclude electiricity
3246   EQB_1(i2,z,t)..    XS_I(i2,z,t) =e= B_X3(i2,z)*SUM[j$XSO(j,i2,z),beta_X3(j,i2,z)
3247                                  *XS(j,i2,z,t)**(-rho_X3(i2,z))]**(-1/rho_X3(i2,z));
3248   
3249   
3250   EQB_3(j,i,z,t)${DSO(j,i,z)}..   P2(j,i,z,t) =e= PT(j,z,t);
3251   
3252   EQB_4(j,i,z,t)$DSO(j,i,z)..
3253                   P2(j,i,z,t)*XS(j,i,z,t) =e= [PET(i,z,t)*EXTT(j,i,z,t)]$EXTTO(j,i,z)
3254                                          +[e(z,t)*MRGN(i,z,t)*PWMG(i,t)]$MRGNO(i,z)
3255                                          +[PL(i,z,t)*DS(j,i,z,t)]$DSO(j,i,z);
3256   
3257   EQB_5(j,i,z,t)$DSO(j,i,z)..  EXTT(j,i,z,t)  =e= theta2(j,i,z)*EXT(i,z,t);
3258   
3259   EQ40_3(i,z,t)..   DS_I(i,z,t) =e= sum(j,DS(j,i,z,t)$DSO(j,i,z));
3260   
3261   EQ40_4(j,z,t)..   XST(j,z,t)  =e= sum(i,XS(j,i,z,t)$XSO(j,i,z));
3262   
3263   EQ40_5(i,z,t)..   XS_I(i,z,t) =e= B_X1(i,z)*{
3264                   [beta_EX_X1(i,z)*EXT(i,z,t)**rho_X1(i,z)]$EXTO(i,z)
3265                  +[beta_D_X1(i,z)*DS_I(i,z,t)**rho_X1(i,z)]$DSO_I(i,z)
3266                  +[(1-beta_EX_X1(i,z)-beta_D_X1(i,z))*MRGN(i,z,t)**rho_X1(i,z)]$MRGNO(i,z)
3267                                            }**(1/rho_X1(i,z));
3268   
3269   EQ41(i,z,t)$[EXTO(i,z) and DSO_I(i,z)]..
3270                   EXT(i,z,t) =e= {[beta_D_X1(i,z)/beta_EX_X1(i,z)]*[PET(i,z,t)/PL(i,z,t)]}
3271                                **sigma_X1(i,z)*DS_I(i,z,t);
3272   
3273   EQ42(i,z,t)$[MRGNO(i,z) and DSO_I(i,z)]..
3274                   MRGN(i,z,t) =e= {[beta_D_X1(i,z)/(1-beta_EX_X1(i,z)
3275                                   -beta_D_X1(i,z))]*[e(z,t)*PWMG(i,t)/PL(i,z,t)]}
3276                                   **sigma_X1(i,z)*DS_I(i,z,t);
3277   
3278   EQ43(i,z,t)$EXTO(i,z)..
3279                   EXT(i,z,t) =e= B_X2(i,z)*SUM[zj$EXO(i,z,zj),beta_X2(i,z,zj)
3280                                  *EX(i,z,zj,t)**rho_X2(i,z)]**(1/rho_X2(i,z));
3281   
3282   EQ44(i,z,zj,t)$EXO(i,z,zj)..
3283                   EX(i,z,zj,t) =e= EXT(i,z,t)/B_X2(i,z)**(1+sigma_X2(i,z))*
3284                                    [PE(i,z,zj,t)/(beta_X2(i,z,zj)*PET(i,z,t))]
3285                                    **sigma_X2(i,z);
3286   
3287   EQ45(i,z,t)..     Q(i,z,t) =e= B_M1(i,z)*{
3288                      [beta_M1(i,z)*IMT(i,z,t)**(-rho_M1(i,z))]$IMTO(i,z)
3289                     +[(1-beta_M1(i,z))*DD(i,z,t)**(-rho_M1(i,z))]$DDO(i,z)
3290                                          }**(-1/rho_M1(i,z));
3291   
3292   EQ46(i,z,t)$[IMTO(i,z) and DDO(i,z)]..
3293                   IMT(i,z,t) =e= {[beta_M1(i,z)/(1-beta_M1(i,z))]*[PD(i,z,t)
3294                                  /PMT(i,z,t)]}**sigma_m1(i,z)*DD(i,z,t);
3295   
3296   EQ47(i,z,t)$IMTO(i,z)..
3297                   IMT(i,z,t) =e= B_M2(i,z)*SUM[zj$IMO(i,zj,z),beta_M2(i,zj,z)*
3298                                  IM(i,zj,z,t)**(-rho_M2(i,z))]**(-1/rho_M2(i,z));
3299   
3300   EQ48(i,zj,z,t)$IMO(i,zj,z)..
3301                   IM(i,zj,z,t) =e= IMT(i,z,t)/B_M2(i,z)**(1-sigma_M2(i,z))*
3302                                    [beta_M2(i,zj,z)*PMT(i,z,t)/PM(i,zj,z,t)]
3303                                    **sigma_M2(i,z);
3304   
3305  *==============================================================================
3306  *   5.3.5 Prices
3307  *==============================================================================
3308   EQ49(j2,z,t)..     PP(j2,z,t)*XST(j2,z,t) =e= PKLE(j2,z,t)*KLE(j2,z,t)+PCI(j2,z,t)*CI(j2,z,t);
3309   
3310   EQ49_1(j3,z,t)..   PP(j3,z,t)*XST(j3,z,t) =e= PVA(j3,z,t)*VA(j3,z,t)+PCI(j3,z,t)*CI(j3,z,t)+PCE(j3,z,t)*CE(j3,z,t);
3311   
3312   EQ50(j,z,t)..     PT(j,z,t) =e= (1+ttip(j,z,t))*PP(j,z,t);
3313   
3314   EQ51(j,z,t)..     PCI(j,z,t)*CI(j,z,t) =e= SUM[nene,PC(nene,z,t)*DI(nene,j,z,t)];
3315   
3316   EQ51_1(j,z,t)..   PCE(j,z,t)*CE(j,z,t) =e= SUM[ene,PC(ene,z,t)*DE(ene,j,z,t) + PC(ene,z,t)*CTAX(z,t)*CO2FACTOR2(ene,j,z,t)*DE(ene,j,z,t)];
3317   
3318   EQ52(j,z,t)..     PVA(j,z,t)*VA(j,z,t) =e= [WC(j,z,t)*LDC(j,z,t)]$LDCO(j,z)
3319                                       +[RC(j,z,t)*KDC(j,z,t)]$KDCO(j,z);
3320   
3321   EQ52_1(j2,z,t)..   PKLE(j2,z,t)*KLE(j2,z,t) =e= [PVA(j2,z,t)*VA(j2,z,t)]$VAO(j2,z)
3322                                         +[PCE(j2,z,t)*CE(j2,z,t)]$CEO(j2,z);
3323   
3324  * Given equations 5 and 6, equation 53 is redundant
3325  * EQ53(j,z)..     WC(j,z)*LDC(j,z) =e= SUM[l$LDO(l,j,z),WTI(l,j,z)*LD(l,j,z)];
3326   
3327   EQ54(l,j,z,t)$LDO(l,j,z)..
3328                   WTI(l,j,z,t) =e= W(l,z,t)*(1+ttiw(l,j,z,t));
3329   
3330   EQ54_1(ene,j2,z,t)$DEO(ene,j2,z)..
3331                   P4(ene,j2,z,t) =e= PC(ene,z,t);
3332   
3333  * Given equations 7 and 8, equation 55 is redundant
3334  * EQ55(j,z)$(kmob and KDCO(j,z))..
3335  *                 RC(j,z)*KDC(j,z) =e= SUM[k$KDO(k,j,z),RTI(k,j,z)*KD(k,j,z)];
3336   
3337   EQ56(k,j,z,t)$KDO(k,j,z)..
3338                   RTI(k,j,z,t) =e= R(k,j,z,t)*(1+ttik(k,j,z,t));
3339   
3340  * EQ57(k,j,z,t)$(kmob and KDO(k,j,z))..
3341  *                 R(k,j,z,t) =e= RK(k,z,t);
3342   
3343  * EQ58(j,z)..     P(j,z)*XST(j,z) =e= [PL(j,z)*DS(j,z)]$DSO(j,z)
3344  *                                   +[PET(j,z)*EXT(j,z)]$EXTO(j,z)
3345  *                                   +[e(z)*PWMG(j)*MRGN(j,z)]$MRGNO(j,z);
3346   
3347   EQ58(i,z,t)..     P(i,z,t)*XS_I(i,z,t) =e= [PL(i,z,t)*DS_I(i,z,t)]$DSO_I(i,z)
3348                                       +[PET(i,z,t)*EXT(i,z,t)]$EXTO(i,z)
3349                                       +[e(z,t)*PWMG(i,t)*MRGN(i,z,t)]$MRGNO(i,z);
3350   
3351  * Given equations 43 and 44, equation 59 is redundant
3352  * EQ59(i,z)$EXTO(i,z)..
3353  *                 PET(i,z)*EXT(i,z) =e= SUM[zj$EXO(i,z,zj),
3354  *                                           PE(i,z,zj)*EX(i,z,zj);
3355   
3356   EQ60(i,z,zj,t)$EXO(i,z,zj)..
3357                   PE(i,z,zj,t)*(1+ttix(i,z,zj,t)) =e= e(z,t)*PWX(i,z,zj,t);
3358   
3359   EQ61(i,z,t)$DDO(i,z)..
3360                   PD(i,z,t) =e= (1+ttic(i,z,t))*PL(i,z,t);
3361   
3362   EQ62(i,zj,z,t)$IMO(i,zj,z)..
3363                   PM(i,zj,z,t) =e= (1+ttic(i,z,t))*(1+ttim(i,zj,z,t))*e(z,t)*
3364                                    (PWM(i,zj,z,t)+SUM[ij,PWMG(ij,t)
3365                                    *tmrg(ij,i,zj,z)]);
3366   
3367  * Given equations 47 and 48, equation 63 is redundant
3368  * EQ63(i,z)$IMTO(i,z)..
3369  *                 PMT(i,z)*IMT(i,z) =e= SUM[zj$IMO(i,zj,z),
3370  *                                           PM(i,zj,z)*IM(i,zj,z);
3371   
3372   EQ64(i,z,t)..     PC(i,z,t)*Q(i,z,t) =e= [PD(i,z,t)*DD(i,z,t)]$DDO(i,z)+
3373                                      [PMT(i,z,t)*IMT(i,z,t)]$IMTO(i,z);
3374   
3375  * EQ65(z,t)..       PK(z,t) =e= 1/A_K(z)*PROD[i$gamma_INV(i,z),(PC(i,z,t)
3376  *                               /gamma_INV(i,z))**gamma_INV(i,z)];
3377   
3378   EQ66(z,t)..       PIXGDP(z,t) =e=
3379                   {SUM[j,{(PVA(j,z,t)*VA(j,z,t)+TIP(j,z,t))/VA(j,z,t)}*VAO(j,z)]
3380                   /SUM[j,{(PVAO(j,z)*VAO(j,z)+TIPO(j,z))/VAO(j,z)}*VAO(j,z)]
3381                   *SUM[j,{(PVA(j,z,t)*VA(j,z,t)+TIP(j,z,t))/VA(j,z,t)}*VA(j,z,t)]
3382                   /SUM[j,{(PVAO(j,z)*VAO(j,z)+TIPO(j,z))/VAO(j,z)}*VA(j,z,t)]}**0.5;
3383   
3384   EQ67(t)..         PIXGDP_W(t) =e=
3385                   {SUM[(j,z),{(PVA(j,z,t)*VA(j,z,t)+TIP(j,z,t))/VA(j,z,t)}*VAO(j,z)/e(z,t)]
3386                   /SUM[(j,z),{(PVAO(j,z)*VAO(j,z)+TIPO(j,z))/VAO(j,z)}*VAO(j,z)/eO(z)]
3387                   *SUM[(j,z),{(PVA(j,z,t)*VA(j,z,t)+TIP(j,z,t))/VA(j,z,t)}*VA(j,z,t)/e(z,t)]
3388                   /SUM[(j,z),{(PVAO(j,z)*VAO(j,z)+TIPO(j,z))/VAO(j,z)}*VA(j,z,t)/eO(z)]}**0.5;
3389   
3390   EQ68(z,t)..       PIXCON(z,t) =e= SUM[i,PC(i,z,t)*CO(i,z)]/SUM[i,PCO(i,z)*CO(i,z)];
3391   
3392   EQ69(z,t)..       PIXINV(z,t) =e= PROD[i$gamma_INV(i,z),(PC(i,z,t)/PCO(i,z))
3393                                   **gamma_INV(i,z)];
3394   
3395   EQ70(z,t)..       PIXGVT(z,t) =e= PROD[i$gamma_GVT(i,z),(PC(i,z,t)/PCO(i,z))
3396                                   **gamma_GVT(i,z)];
3397   
3398  *==============================================================================
3399  *   5.3.6 Equilibrium
3400  *==============================================================================
3401   EQ71(i1,z,t)..    Q(i1,z,t) =e= C(i1,z,t)+CG(i1,z,t)+INV(i1,z,t)+DIT(i1,z,t);
3402   
3403   EQ72(l,z,t)..     LS(l,z,t) =e= SUM[j$LDO(l,j,z),LD(l,j,z,t)];
3404   
3405   EQ73(k,z,t)$KSO(k,z)..
3406                     KS(k,z,t) =e= SUM[j$KDO(k,j,z),KD(k,j,z,t)];
3407   
3408   EQ74(z,t)..       IT(z,t) =e= SH(z,t)+SG(z,t)-CAB(z,t);
3409   
3410   EQ75(z,t)..       DEP(z,t) =e= PK(z,t)*delta(z)*SUM[k$KSO(k,z),KS(k,z,t)];
3411   
3412   EQ76(i,z,t)$DDO(i,z)..
3413                     SUM[j$DSO(j,i,z),DS(j,i,z,t)] =e= DD(i,z,t);
3414   
3415   EQ77(i,z,zj,t)$EXO(i,z,zj)..
3416                     EX(i,z,zj,t) =e= IM(i,z,zj,t);
3417   
3418   EQ78(i,z,zj,t)$EXO(i,z,zj)..
3419                     PWX(i,z,zj,t) =e= PWM(i,z,zj,t);
3420   
3421   EQ79(i,t)..       SUM[z$MRGNO(i,z),MRGN(i,z,t)] =e= SUM[(z,zj,ij)$IMO(ij,zj,z),
3422                                                   tmrg(i,ij,zj,z)*IM(ij,zj,z,t)];
3423   
3424  * Given equations 33, 34 and 77, equation 80 is redundant
3425  * EQ80..          SUM[z,SROW(z)/e(z)] =e= 0;
3426   
3427  *==============================================================================
3428  *   5.3.7 Gross domestic product
3429  *==============================================================================
3430   EQ81(z,t)..       GDP_BP(z,t) =e= SUM[j,PVA(j,z,t)*VA(j,z,t)]+TIPT(z,t);
3431   
3432   EQ82(z,t)..       GDP_MP(z,t) =e= GDP_BP(z,t)+TPRCTS(z,t);
3433   
3434   EQ83(z,t)..       GDP_IB(z,t) =e= SUM[(l,j)$LDO(l,j,z),W(l,z,t)*LD(l,j,z,t)]
3435                                +SUM[(k,j)$KDO(k,j,z),R(k,j,z,t)*KD(k,j,z,t)]
3436                                +TPRCTS(z,t)+TPRODN(z,t);
3437   
3438   EQ84(z,t)..       GDP_FD(z,t) =e=
3439                   SUM[i,PC(i,z,t)*(C(i,z,t)+CG(i,z,t)+INV(i,z,t))]
3440                  +SUM[(i,zj)$EXO(i,z,zj),e(z,t)*PWX(i,z,zj,t)*EX(i,z,zj,t)]
3441                  +SUM[i$MRGNO(i,z),e(z,t)*PWMG(i,t)*MRGN(i,z,t)]
3442                  -SUM[(i,zj)$IMO(i,zj,z),e(z,t)*IM(i,zj,z,t)
3443                      *(PWM(i,zj,z,t)+SUM[ij,PWMG(ij,t)*tmrg(ij,i,zj,z)])]-TCTAX(z,t);
3444   
3445   EQ85(t)..          GDP_BP_W(t) =e= SUM[z,GDP_BP(z,t)/e(z,t)];
3446   
3447  *==============================================================================
3448  *  5.3.8 Real (volume) variables computed from price indices
3449  *==============================================================================
3450   EQ86(z,t)..       CTH_REAL(z,t) =e= CTH(z,t)/PIXCON(z,t);
3451   
3452   EQ87(z,t)..       G_REAL(z,t) =e= G(z,t)/PIXGVT(z,t);
3453   
3454   EQ88(z,t)..       GDP_BP_REAL(z,t) =e= GDP_BP(z,t)/PIXGDP(z,t);
3455   
3456   EQ89(t)..         GDP_BP_W_REAL(t) =e= GDP_BP_W(t)/PIXGDP_W(t);
3457   
3458   EQ90(z,t)..       GDP_MP_REAL(z,t) =e= GDP_MP(z,t)/PIXCON(z,t);
3459   
3460   EQ91(z,t)..       IT_REAL(z,t) =e= IT(z,t)/PIXINV(z,t);
3461   
3462   EQ92(z,t)..       CABX(z,t) =e= CAB(z,t)/[PIXGDP_W(t)*e(z,t)];
3463   
3464   EQ93..            OBJ =e= 1;
3465   
3466  *==============================================================================
3467  *   5.3.8 Dynamic equations
3468  *==============================================================================
3469   EQ94(z,t)..     IT(z,t) =e= PK(z,t)*SUM[(k,j)$KDO(k,j,z),IND(k,j,z,t)];
3470   
3471   EQ95(z,t)..     PK(z,t) =e= 1/A_K(z)*PROD[i$gamma_INV(i,z),(PC(i,z,t)
3472                                 /gamma_INV(i,z))**gamma_INV(i,z)];
3473   
3474   EQ96(k,bus,z,t)$KDO(k,bus,z)..
3475                   IND(k,bus,z,t) =e= phi(z,t)*[R(k,bus,z,t)/U(z,t)]
3476                                    **sigma_INV(k,bus,z)*KD(k,bus,z,t);
3477   
3478   CALEQ3(k,pub,z,t)$KDO(k,pub,z)..
3479                   IND(k,pub,z,t)*PK(z,t) =e= INDO(k,pub,z)*PKO(z)*GDP_BP(z,t)
3480                                              /GDP_BPO(z);
3481   
3482  * EQ97a(z,t)..    IR(z,t) =e= {SUM[(k,j)$KDO(k,j,z),
3483  *                              R(k,j,z,t)*KD(k,j,z,t)]-DEP(z,t)}/
3484  *                             {PK(z,t)*SUM[(k,j)$KDO(k,j,z),KD(k,j,z,t)]};
3485   
3486   EQ97b(z,t)..    U(z,t) =e= PK(z,t)*(delta(z)+IR(z,t));
3487   
3488  *==============================================================================
3489  *   5.3.10 Other
3490  *==============================================================================
3491   WALRAS(z,t)..   LEON(z,t) =e= Q('01_AGRICULT',z,t)-C('01_AGRICULT',z,t)-CG('01_AGRICULT',z,t)-INV('01_AGRICULT',z,t)
3492                              -DIT('01_AGRICULT',z,t);
3493   
3494  *==============================================================================
3495  * 6 Numerical resolution to compute A_VA, sh0, G, G_REAL and IND
3496  *==============================================================================
3497  *option cns = Snopt;
3498  *option cns = Ipopt;
3499  *option cns = path;
3500  *option cns = conopt4;
3501   
3502  *option NLP = Ipopt;
3503  *option NLP = conopt4;
3504  *option NLP = minos;
3505  *option NLP = pathnlp ;
3506   
3507  *option iterlim = 100;
3508  *option iterlim = 0;
3509   
3510  * Eliminating display of solution makes it easier to check whether model solves
3511  * and to identify year when it crashes.
3512  option limrow=0, limcol=0, solprint = off;
3513  *option limrow=0, limcol=0, iterlim= 100 ;
3514  *option limrow=100 ;
3515  *option reslim = 1000;
3516   
3517  MODEL PEPWT World wide dynamic model /all/ ;
3518  PEPWT.holdfixed=1;
3519   
3520  *==============================================================================
3521  *  6.1 Resolution
3522  *==============================================================================
3523   
3524  LOOP[time,
3525  T(time) = YES;
3526   
3527  *==============================================================================
3528  *   6.1.1 Initialisation
3529  *==============================================================================
INCLUDE    C:\Users\kimc0\GUIDE_GLOBAL_CGE\2.RD_CGE\INIT.gms
3531  *==============================================================================*
3532  *                                                                              *
3533  *           Except where otherwise noted, this work is licensed under          *
3534  *               http://creativecommons.org/licenses/by-nc-sa/3.0/              *
3535  *                                                                              *
3536  *                                                                              *
3537  *  You are free to share, to copy, distribute and transmit the work under      *
3538  *  the following conditions:                                                   *
3539  *                                                                              *
3540  *  - Attribution:         You must attribute the work to:                      *
3541  *                         Veronique Robichaud, Andre Lemelin,                  *
3542  *                         Bernard Decaluwe and Helene Maisonnave.              *
3543  *  - Noncommercial:       You may not use this work for commercial purposes.   *
3544  *  - Share Alike:         If you alter, transform, or build upon this work,    *
3545  *                         you may distribute the resulting work only under     *
3546  *                         the same or similar license to this one.             *
3547  *                                                                              *
3548  *==============================================================================*
3549   
3550  * This file is included in the files CAL_B_line, BAU_SOLVE and SIM_SOLVE
3551   
3552  *==============================================================================
3553   
3554  *==============================================================================
3555  * A. Initialization
3556  *    Assignment of initial values to variables prior to resolution
3557  *==============================================================================
3558  *  A.1 Initialization for the first period
3559  *==============================================================================
3560  *   A.1.1 Volume variables
3561  *==============================================================================
3562   CABX.L(z,t1)      = CABXO(z);
3563   C.L(i,z,t1)       = CO(i,z);
3564   CG.L(i,z,t1)      = CGO(i,z);
3565   CI.L(j,z,t1)      = CIO(j,z);
3566   CE.L(j,z,t1)      = CEO(j,z);
3567   CMIN.L(i,z,t1)    = CMINO(i,z);
3568   CTH_REAL.L(z,t1)  = CTH_REALO(z);
3569   DI.L(i,j,z,t1)    = DIO(i,j,z);
3570   DE.L(ene,j,z,t1)  = DEO(ene,j,z);
3571   DIT.L(i,z,t1)     = DITO(i,z);
3572   DD.L(i,z,t1)      = DDO(i,z);
3573   DS.L(j,i,z,t1)    = DSO(j,i,z);
3574   DS_I.L(i,z,t1)    = DSO_I(i,z);
3575   EX.L(i,z,zj,t1)   = EXO(i,z,zj);
3576   EXT.L(i,z,t1)     = EXTO(i,z);
3577   EXTT.L(j,i,z,t1)  = EXTTO(j,i,z);
3578   G_REAL.L(z,t1)    = G_REALO(z);
3579   GDP_BP_REAL.l(z,t1) = GDP_BP_REALO(z);
3580   GDP_MP_REAL.l(z,t1) = GDP_MP_REALO(z);
3581   GDP_BP_W_REAL.l(t1) = GDP_BP_W_REALO;
3582   IM.L(i,zj,z,t1)   = IMO(i,zj,z);
3583   IMT.L(i,z,t1)     = IMTO(i,z);
3584   IND.L(k,j,z,t1)   = INDO(k,j,z);
3585   INV.L(i,z,t1)     = INVO(i,z);
3586   IT_REAL.l(z,t1)   = IT_REALO(z);
3587   KD.L(k,j,z,t1)    = KDO(k,j,z);
3588   KDC.L(j,z,t1)     = KDCO(j,z);
3589   KS.L(k,z,t1)      = KSO(k,z);
3590   LD.L(l,j,z,t1)    = LDO(l,j,z);
3591   LDC.L(j,z,t1)     = LDCO(j,z);
3592   LS.L(l,z,t1)           = LSO(l,z);
3593   MRGN.L(i,z,t1)         = MRGNO(i,z);
3594   Q.L(i,z,t1)            = QO(i,z);
3595   VA.L(j,z,t1)           = VAO(j,z);
3596   KLE.L(j,z,t1)          = KLEO(j,z);
3597   XS.L(j,i,z,t1)         = XSO(j,i,z);
3598   XS_I.L(i,z,t1)         = XSO_I(i,z);
3599   XST.L(j,z,t1)          = XSTO(j,z);
3600   POWERQ.L(z,t1)         = POWERQO(z);
3601   OBJ.L                  = 1;
3602  * C_Conventional.L(i3,z,t1)  = 0;
3603  * XDBS.L(i3,z,t1)  = 0;
3604  * XDBS2.L(j,z,t1)  = 0;
3605  * LBS.L(l,j,z,t1)  = 0;
3606  * KBS.L(k,j,z,t1)  = 0;
3607   
3608  * beta_X4_t.fx(power,z,t1)  = beta_X4(power,z);
3609  *==============================================================================
3610  *   A.1.2 Price variables
3611  *==============================================================================
3612   e.L(z,t1)         = eO(z);
3613   IR.L(z,t1)        = IRO(z);
3614   P.L(i,z,t1)       = PO(i,z);
3615   P2.L(j,i,z,t1)    = PO2(j,i,z);
3616   P4.L(ene,j,z,t1)  = PO4(ene,j,z);
3617   PPOWER.L(z,t1)    = PPOWERO(z);
3618   PI.l(i,z,t1)      = PO(i,z);
3619   PT.L(j,z,t1)      = PTO(j,z);
3620   PP.L(j,z,t1)      = PPO(j,z);
3621   PC.L(i,z,t1)      = PCO(i,z);
3622   PCI.L(j,z,t1)     = PCIO(j,z);
3623   PCE.L(j,z,t1)     = PCEO(j,z);
3624   PD.L(i,z,t1)      = PDO(i,z);
3625   PE.L(i,z,zj,t1)   = PEO(i,z,zj);
3626   PET.L(i,z,t1)     = PETO(i,z);
3627   PIXCON.L(z,t1)    = PIXCONO(z);
3628   PIXGDP.L(z,t1)    = PIXGDPO(z);
3629   PIXGDP_W.L(t1)    = PIXGDP_WO;
3630   PIXGVT.L(z,t1)    = PIXGVTO(z);
3631   PIXINV.L(z,t1)    = PIXINVO(z);
3632   PK.L(z,t1)        = PKO(z);
3633   PL.L(i,z,t1)      = PLO(i,z);
3634   PM.L(i,zj,z,t1)   = PMO(i,zj,z);
3635   PMT.L(i,z,t1)     = PMTO(i,z);
3636   PP.L(j,z,t1)      = PPO(j,z);
3637   PVA.L(j,Z,t1)     = PVAO(j,Z);
3638   PKLE.L(j,Z,t1)    = PKLEO(j,Z);
3639   PWM.L(i,zj,z,t1)  = PWMO(i,zj,z);
3640   PWMG.L(i,t1)      = PWMGO(i);
3641   PWX.L(i,z,zj,t1)  = PWXO(i,z,zj);
3642   R.L(k,j,z,t1)     = RO(k,j,z);
3643   RC.L(j,z,t1)      = RCO(j,z);
3644   RTI.L(k,j,z,t1)   = RTIO(k,j,z);
3645   U.L(z,t1)         = UO(z);
3646   W.L(l,z,t1)       = WO(l,z);
3647   WC.L(j,z,t1)      = WCO(j,z);
3648   WTI.L(l,j,z,t1)   = WTIO(l,j,z);
3649   
3650  *==============================================================================
3651  *   A.1.3 Nominal (value) variables
3652  *==============================================================================
3653   CAB.L(z,t1)       = CABO(z);
3654   CTH.L(z,t1)       = CTHO(z);
3655   DEP.L(z,t1)       = DEPO(z);
3656   G.L(z,t1)         = GO(z);
3657   GDP_BP.L(z,t1)    = GDP_BPO(z);
3658   GDP_BP_W.L(t1)    = SUM[z,GDP_BPO(z)];
3659   GDP_FD.L(z,t1)    = GDP_FDO(z);
3660   GDP_IB.L(z,t1)    = GDP_IBO(z);
3661   GDP_MP.L(z,t1)    = GDP_MPO(z);
3662   IT.L(z,t1)        = ITO(z);
3663   SG.L(z,t1)        = SGO(z);
3664   SH.L(z,t1)        = SHO(z);
3665   SROW.L(z,t1)      = SROWO(z);
3666  * TCTAX.L(z,t1)     = TCTAX0(z);
3667   TDH.L(z,t1)       = TDHO(z);
3668   TIC.L(i,z,t1)     = TICO(i,z);
3669   TICT.L(z,t1)      = TICTO(z);
3670   TIK.L(k,j,z,t1)   = TIKO(k,j,z);
3671   TIKT.L(z,t1)      = TIKTO(z);
3672   TIM.L(i,zj,z,t1)  = TIMO(i,zj,z);
3673   TIMT.L(z,t1)      = TIMTO(z);
3674   TIP.L(j,z,t1)     = TIPO(j,z);
3675   TIPT.L(z,t1)      = TIPTO(z);
3676   TIW.L(l,j,z,t1)   = TIWO(l,j,z);
3677   TIWT.L(z,t1)      = TIWTO(z);
3678   TIX.L(i,z,zj,t1)  = TIXO(i,z,zj);
3679   TIXT.L(z,t1)      = TIXTO(z);
3680   TPRODN.l(z,t1)    = TPRODNO(z);
3681   TPRCTS.l(z,t1)    = TPRCTSO(z);
3682   YDH.L(z,t1)       = YDHO(z);
3683   YG.L(z,t1)        = YGO(z);
3684   YH.L(z,t1)        = YHO(z);
3685   YHK.L(z,t1)       = YHKO(z);
3686   YHL.L(z,t1)       = YHLO(z);
3687   YROW.L(z,t1)      = YROWO(z);
3688  * CLBS.L(i3,z,t1)   = 0;
3689  * CKBS.L(i3,z,t1)   = 0;
3690  * MARKUP.L(i3,z,t1) = 0;
3691   
3692  *==============================================================================
3693  *   A.1.4 Rates and intercepts
3694  *==============================================================================
3695   phi.L(z,t1)       = phio(z);
3696   
3697  *==============================================================================
3698  *  A.2 Initialization for the following periods
3699  *==============================================================================
3700   
3701  IF{ord(time) gt 1,
3702   
3703  *==============================================================================
3704  *   A.2.1 Volume variables
3705  *==============================================================================
3706  * CABX.L(z,time)      = CABXO(z);
3707  * C.L(i,z,time)       = CO(i,z);
3708  * CG.L(i,z,time)      = CGO(i,z);
3709  * CI.L(j,z,time)      = CIO(j,z);
3710  * CE.L(j,z,time)      = CEO(j,z);
3711  * CMIN.L(i,z,time)    = CMINO(i,z);
3712  * CTH_REAL.L(z,time)  = CTH_REALO(z);
3713  * DI.L(i,j,z,time)    = DIO(i,j,z);
3714  * DE.L(ene,j,z,time)  = DEO(ene,j,z);
3715  * DIT.L(i,z,time)     = DITO(i,z);
3716  * DD.L(i,z,time)      = DDO(i,z);
3717  * DS.L(j,i,z,time)    = DSO(j,i,z);
3718  * DS_I.L(i,z,time)    = DSO_I(i,z);
3719  * EX.L(i,z,zj,time)   = EXO(i,z,zj);
3720  * EXT.L(i,z,time)     = EXTO(i,z);
3721  * G_REAL.L(z,time)    = G_REALO(z);
3722  * GDP_BP_REAL.l(z,time) = GDP_BP_REALO(z);
3723  * GDP_MP_REAL.l(z,time) = GDP_MP_REALO(z);
3724  * GDP_BP_W_REAL.l(time) = GDP_BP_W_REALO;
3725  * IM.L(i,zj,z,time)   = IMO(i,zj,z);
3726  * IMT.L(i,z,time)     = IMTO(i,z);
3727  * IND.L(k,j,z,time)   = INDO(k,j,z);
3728  * INV.L(i,z,time)     = INVO(i,z);
3729  * IT_REAL.l(z,time)   = IT_REALO(z);
3730  * KD.L(k,j,z,time)    = KDO(k,j,z);
3731  * KDC.L(j,z,time)     = KDCO(j,z);
3732  * KS.L(k,z,time)      = KSO(k,z);
3733  * LD.L(l,j,z,time)    = LDO(l,j,z);
3734  * LDC.L(j,z,time)     = LDCO(j,z);
3735  * LS.L(l,z,time)      = LSO(l,z);
3736  * MRGN.L(i,z,time)    = MRGNO(i,z);
3737  * Q.L(i,z,time)         = QO(i,z);
3738  * VA.L(j,z,time)        = VAO(j,z);
3739  * KLE.L(j,z,time)       = KLEO(j,z);
3740  * XS.L(j,i,z,time)      = XSO(j,i,z);
3741  * XS_I.L(i,z,time)      = XSO_I(i,z);
3742  * XST.L(j,z,time)       = XSTO(j,z);
3743  * POWERQ.L(z,time)      = POWERQO(z);
3744   
3745   CABX.L(z,time)      = CABX.L(z,time-1);
3746   C.L(i,z,time)       = C.L(i,z,time-1);
3747   CG.L(i,z,time)      = CG.L(i,z,time-1);
3748   CI.L(j,z,time)      = CI.L(j,z,time-1);
3749   CE.L(j,z,time)      = CE.L(j,z,time-1);
3750   CMIN.L(i,z,time)    = CMIN.L(i,z,time-1);
3751   CTH_REAL.L(z,time)  = CTH_REAL.l(z,time-1);
3752   DI.L(i,j,z,time)    = DI.L(i,j,z,time-1);
3753   DE.L(ene,j,z,time)  = DE.L(ene,j,z,time-1);
3754   DIT.L(i,z,time)     = DIT.L(i,z,time-1);
3755   DD.L(i,z,time)      = DD.L(i,z,time-1);
3756   DS.L(j,i,z,time)    = DS.L(j,i,z,time-1);
3757   DS_I.L(i,z,time)    = DS_I.L(i,z,time-1);
3758   EX.L(i,z,zj,time)   = EX.L(i,z,zj,time-1);
3759   EXT.L(i,z,time)     = EXT.L(i,z,time-1);
3760   EXTT.L(j,i,z,time)  = EXTT.L(j,i,z,time-1);
3761   G_REAL.L(z,time)    = G_REAL.L(z,time-1);
3762   GDP_BP_REAL.l(z,time) = GDP_BP_REAL.l(z,time-1);
3763   GDP_MP_REAL.l(z,time) = GDP_MP_REAL.l(z,time-1);
3764   GDP_BP_W_REAL.l(time) = SUM[z,GDP_BP_REAL.L(z,time)];
3765   IM.L(i,zj,z,time)   = IM.L(i,zj,z,time-1);
3766   IMT.L(i,z,time)     = IMT.L(i,z,time-1);
3767   IND.L(k,j,z,time)   = IND.L(k,j,z,time-1);
3768   INV.L(i,z,time)     = INV.L(i,z,time-1);
3769   IT_REAL.l(z,time)   = IT_REAL.l(z,time-1);
3770   KD.L(k,j,z,time)    = KD.L(k,j,z,time-1);
3771   KDC.L(j,z,time)     = KDC.L(j,z,time-1);
3772   KS.L(k,z,time)      = KS.L(k,z,time-1);
3773   LD.L(l,j,z,time)    = LD.L(l,j,z,time-1);
3774   LDC.l(j,z,time)     = LDC.l(j,z,time-1);
3775   LS.L(l,z,time)      = LS.L(l,z,time-1);
3776   MRGN.L(i,z,time)    = MRGN.L(i,z,time-1);
3777   Q.L(i,z,time)       = Q.L(i,z,time-1);
3778   VA.L(j,z,time)      = VA.L(j,z,time-1);
3779   KLE.L(j,z,time)     = KLE.L(j,z,time-1);
3780   XS.L(j,i,z,time)    = XS.L(j,i,z,time-1);
3781   XS_I.L(i,z,time)    = XS_I.L(i,z,time-1);
3782   XST.L(j,z,time)     = XST.L(j,z,time-1);
3783   POWERQ.L(z,time)    = POWERQ.L(z,time-1);
3784  * C_Conventional.L(i3,z,time)  = C_Conventional.L(i3,z,time-1);
3785  * XDBS.L(i3,z,time)   = XDBS.L(i3,z,time-1);
3786  * XDBS2.L(j,z,time)   = XDBS2.L(j,z,time-1);
3787  * LBS.L(l,j,z,time)   = LBS.L(l,j,z,time-1);
3788  * KBS.L(k,j,z,time)   = KBS.L(k,j,z,time-1);
3789   
3790   CABX.L(z,time)      = CABX.L(z,time-1)*(1+growthz(z));
3791   C.L(i,z,time)       = C.L(i,z,time-1)*(1+growthz(z));
3792   CG.L(i,z,time)      = CG.L(i,z,time-1)*(1+growthz(z));
3793   CI.L(j,z,time)      = CI.L(j,z,time-1)*(1+growthz(z));
3794   CE.L(j,z,time)      = CE.L(j,z,time-1)*(1+growthz(z));
3795   CMIN.L(i,z,time)    = CMIN.L(i,z,time-1)*(1+growthz(z));
3796   CTH_REAL.L(z,time)  = CTH_REAL.l(z,time-1)*(1+growthz(z));
3797   DI.L(i,j,z,time)    = DI.L(i,j,z,time-1)*(1+growthz(z));
3798   DE.L(ene,j,z,time)  = DE.L(ene,j,z,time-1)*(1+growthz(z));
3799   DIT.L(i,z,time)     = DIT.L(i,z,time-1)*(1+growthz(z));
3800   DD.L(i,z,time)      = DD.L(i,z,time-1)*(1+growthz(z));
3801   DS.L(j,i,z,time)    = DS.L(j,i,z,time-1)*(1+growthz(z));
3802   DS_I.L(i,z,time)    = DS_I.L(i,z,time-1)*(1+growthz(z));
3803   EX.L(i,z,zj,time)   = EX.L(i,z,zj,time-1)*(1+growthz(z));
3804   EXT.L(i,z,time)     = EXT.L(i,z,time-1)*(1+growthz(z));
3805   EXTT.L(j,i,z,time)  = EXTT.L(j,i,z,time-1)*(1+growthz(z));
3806   G_REAL.L(z,time)    = G_REAL.L(z,time-1)*(1+growthz(z));
3807   GDP_BP_REAL.l(z,time) = GDP_BP_REAL.l(z,time-1)*(1+growthz(z));
3808   GDP_MP_REAL.l(z,time) = GDP_MP_REAL.l(z,time-1)*(1+growthz(z));
3809   GDP_BP_W_REAL.l(time) = SUM[z,GDP_BP_REAL.L(z,time)];
3810   IM.L(i,zj,z,time)   = IM.L(i,zj,z,time-1)*(1+growthz(z));
3811   IMT.L(i,z,time)     = IMT.L(i,z,time-1)*(1+growthz(z));
3812   IND.L(k,j,z,time)   = IND.L(k,j,z,time-1)*(1+growthz(z));
3813   INV.L(i,z,time)     = INV.L(i,z,time-1)*(1+growthz(z));
3814   IT_REAL.l(z,time)   = IT_REAL.l(z,time-1)*(1+growthz(z));
3815   KD.L(k,j,z,time)    = KD.L(k,j,z,time-1)*(1+growthz(z));
3816   KDC.L(j,z,time)     = KDC.L(j,z,time-1)*(1+growthz(z));
3817   KS.L(k,z,time)      = KS.L(k,z,time-1)*(1+growthz(z));
3818   LD.L(l,j,z,time)    = LD.L(l,j,z,time-1)*(1+growthz(z));
3819   LDC.l(j,z,time)     = LDC.l(j,z,time-1)*(1+growthz(z));
3820   LS.L(l,z,time)      = LS.L(l,z,time-1)*(1+growthz(z));
3821   MRGN.L(i,z,time)    = MRGN.L(i,z,time-1)*(1+growthz(z));
3822   Q.L(i,z,time)       = Q.L(i,z,time-1)*(1+growthz(z));
3823   VA.L(j,z,time)      = VA.L(j,z,time-1)*(1+growthz(z));
3824   KLE.L(j,z,time)     = KLE.L(j,z,time-1)*(1+growthz(z));
3825   XS.L(j,i,z,time)    = XS.L(j,i,z,time-1)*(1+growthz(z));
3826   XS_I.L(i,z,time)    = XS_I.L(i,z,time-1)*(1+growthz(z));
3827   XST.L(j,z,time)     = XST.L(j,z,time-1)*(1+growthz(z));
3828   POWERQ.L(z,time)    = POWERQ.L(z,time-1)*(1+growthz(z));
3829  * KK.L(k,j,z,time)    = KK.L(k,j,z,time-1)*(1+0.03);
3830  * beta_X4_t.fx(power,z,time)  = beta_X4_t.L(power,z,time-1);
3831  *==============================================================================
3832  *   A.2.2 Price variables
3833  *==============================================================================
3834  * e.L(z,time)         = eO(z);
3835  * IR.L(z,time)        = IRO(z);
3836  * P.L(i,z,time)       = PO(i,z);
3837  * P2.L(j,i,z,time)    = PO2(j,i,z);
3838  * P4.L(ene,j,z,time)  = PO4(ene,j,z);
3839  * PPOWER.L(z,time)    = PPOWERO(z);
3840  * PI.l(i,z,time)      = PO(i,z);
3841  * PT.L(j,z,time)      = PTO(j,z);
3842  * PP.L(j,z,time)      = PPO(j,z);
3843  * PC.L(i,z,time)      = PCO(i,z);
3844  * PCI.L(j,z,time)     = PCIO(j,z);
3845  * PCE.L(j,z,time)     = PCEO(j,z);
3846  * PD.L(i,z,time)      = PDO(i,z);
3847  * PE.L(i,z,zj,time)   = PEO(i,z,zj);
3848  * PET.L(i,z,time)     = PETO(i,z);
3849  * PIXCON.L(z,time)    = PIXCONO(z);
3850  * PIXGDP.L(z,time)    = PIXGDPO(z);
3851  * PIXGDP_W.L(time)    = PIXGDP_WO;
3852  * PIXGVT.L(z,time)    = PIXGVTO(z);
3853  * PIXINV.L(z,time)    = PIXINVO(z);
3854  * PK.L(z,time)        = PKO(z);
3855  * PL.L(i,z,time)      = PLO(i,z);
3856  * PM.L(i,zj,z,time)   = PMO(i,zj,z);
3857  * PMT.L(i,z,time)     = PMTO(i,z);
3858  * PP.L(j,z,time)      = PPO(j,z);
3859  * PVA.L(j,Z,time)     = PVAO(j,Z);
3860  * PKLE.L(j,Z,time)    = PKLEO(j,Z);
3861  * PWM.L(i,zj,z,time)  = PWMO(i,zj,z);
3862  * PWMG.L(i,time)      = PWMGO(i);
3863  * PWX.L(i,z,zj,time)  = PWXO(i,z,zj);
3864  * R.L(k,j,z,time)     = RO(k,j,z);
3865  * RK.L(k,z,time)      = RKO(k,z);
3866  * RC.L(j,z,time)      = RCO(j,z);
3867  * RTI.L(k,j,z,time)   = RTIO(k,j,z);
3868  * U.L(z,time)         = UO(z);
3869  * W.L(l,z,time)       = WO(l,z);
3870  * WC.L(j,z,time)      = WCO(j,z);
3871  * WTI.L(l,j,z,time)   = WTIO(l,j,z);
3872   
3873   e.L(z,time)         = e.L(z,time-1);
3874   IR.L(z,time)        = IR.L(z,time-1);
3875   P.L(i,z,time)       = P.L(i,z,time-1);
3876   P2.L(j,i,z,time)    = P2.L(j,i,z,time-1);
3877   P4.L(ene,j,z,time)  = P4.L(ene,j,z,time-1);
3878   PPOWER.L(z,time)    = PPOWER.L(z,time-1);
3879   PI.l(i,z,time)      = PI.L(i,z,time-1);
3880   PT.L(j,z,time)      = PT.L(j,z,time-1);
3881   PP.L(j,z,time)      = PP.L(j,z,time-1);
3882   PC.L(i,z,time)      = PC.L(i,z,time-1);
3883   PCI.L(j,z,time)     = PCI.L(j,z,time-1);
3884   PCE.L(j,z,time)     = PCE.L(j,z,time-1);
3885   PD.L(i,z,time)      = PD.L(i,z,time-1);
3886   PE.L(i,z,zj,time)   = PE.L(i,z,zj,time-1);
3887   PET.L(i,z,time)     = PET.L(i,z,time-1);
3888   PIXCON.L(z,time)    = PIXCON.L(z,time-1);
3889   PIXGDP.L(z,time)    = PIXGDP.L(z,time-1);
3890   PIXGDP_W.L(time)    = PIXGDP_W.L(time-1);
3891   PIXGVT.L(z,time)    = PIXGVT.L(z,time-1);
3892   PIXINV.L(z,time)    = PIXINV.L(z,time-1);
3893   PK.L(z,time)        = PK.L(z,time-1);
3894   PL.L(i,z,time)      = PL.L(i,z,time-1);
3895   PM.L(i,zj,z,time)   = PM.L(i,zj,z,time-1);
3896   PMT.L(i,z,time)     = PMT.L(i,z,time-1);
3897   PP.L(j,z,time)      = PP.L(j,z,time-1);
3898   PVA.L(j,Z,time)     = PVA.L(j,Z,time-1);
3899   PKLE.L(j,Z,time)    = PKLE.L(j,Z,time-1);
3900   PWM.L(i,zj,z,time)  = PWM.L(i,zj,z,time-1);
3901   PWMG.L(i,time)      = PWMG.L(i,time-1);
3902   PWX.L(i,z,zj,time)  = PWX.L(i,z,zj,time-1);
3903   R.L(k,j,z,time)     = R.L(k,j,z,time-1);
3904   RC.L(j,z,time)      = RC.L(j,z,time-1);
3905   RTI.L(k,j,z,time)   = RTI.L(k,j,z,time-1);
3906   U.L(z,time)         = U.L(z,time-1);
3907   W.L(l,z,time)       = W.L(l,z,time-1);
3908   WC.L(j,z,time)      = WC.L(j,z,time-1);
3909   WTI.L(l,j,z,time)   = WTI.L(l,j,z,time-1);
3910   
3911  *==============================================================================
3912  *   A.2.3 Nominal (value) variables
3913  *==============================================================================
3914  * CAB.L(z,time)       = CABO(z);
3915  * CTH.L(z,time)       = CTHO(z);
3916  * DEP.L(z,time)       = DEPO(z);
3917  * G.L(z,time)         = GO(z);
3918  * GDP_BP.L(z,time)    = GDP_BPO(z);
3919  * GDP_BP_W.L(time)    = SUM[z,GDP_BPO(z)];
3920  * GDP_FD.L(z,time)    = GDP_FDO(z);
3921  * GDP_IB.L(z,time)    = GDP_IBO(z);
3922  * GDP_MP.L(z,time)    = GDP_MPO(z);
3923  * IT.L(z,time)        = ITO(z);
3924  * SG.L(z,time)        = SGO(z);
3925  * SH.L(z,time)        = SHO(z);
3926  * SROW.L(z,time)      = SROWO(z);
3927  * TDH.L(z,time)       = TDHO(z);
3928  * TIC.L(i,z,time)     = TICO(i,z);
3929  * TICT.L(z,time)      = TICTO(z);
3930  * TIK.L(k,j,z,time)   = TIKO(k,j,z);
3931  * TIKT.L(z,time)      = TIKTO(z);
3932  * TIM.L(i,zj,z,time)  = TIMO(i,zj,z);
3933  * TIMT.L(z,time)      = TIMTO(z);
3934  * TIP.L(j,z,time)     = TIPO(j,z);
3935  * TIPT.L(z,time)      = TIPTO(z);
3936  * TIW.L(l,j,z,time)   = TIWO(l,j,z);
3937  * TIWT.L(z,time)      = TIWTO(z);
3938  * TIX.L(i,z,zj,time)  = TIXO(i,z,zj);
3939  * TIXT.L(z,time)      = TIXTO(z);
3940  * TPRODN.l(z,time)    = TPRODNO(z);
3941  * TPRCTS.l(z,time)    = TPRCTSO(z);
3942  * YDH.L(z,time)       = YDHO(z);
3943  * YG.L(z,time)        = YGO(z);
3944  * YH.L(z,time)        = YHO(z);
3945  * YHK.L(z,time)       = YHKO(z);
3946  * YHL.L(z,time)       = YHLO(z);
3947  * YROW.L(z,time)      = YROWO(z);
3948   
3949   CAB.L(z,time)       = CAB.L(z,time-1);
3950   CTH.L(z,time)       = CTH.L(z,time-1);
3951   DEP.L(z,time)       = DEP.L(z,time-1);
3952   G.L(z,time)         = G.L(z,time-1);
3953   GDP_BP.L(z,time)    = GDP_BP.L(z,time-1);
3954   GDP_BP_W.L(time)    = SUM[z,GDP_BP.L(z,time)];
3955   GDP_FD.L(z,time)    = GDP_FD.L(z,time-1);
3956   GDP_IB.L(z,time)    = GDP_IB.L(z,time-1);
3957   GDP_MP.L(z,time)    = GDP_MP.L(z,time-1);
3958   IT.L(z,time)        = IT.L(z,time-1);
3959   SG.L(z,time)        = SG.L(z,time-1);
3960   SH.L(z,time)        = SH.L(z,time-1);
3961   SROW.L(z,time)      = SROW.L(z,time-1);
3962  * TCTAX.L(z,time)     = TCTAX.L(z,time-1);
3963   TDH.L(z,time)       = TDH.L(z,time-1);
3964   TIC.L(i,z,time)     = TIC.L(i,z,time-1);
3965   TICT.L(z,time)      = TICT.L(z,time-1);
3966   TIK.L(k,j,z,time)   = TIK.L(k,j,z,time-1);
3967   TIKT.L(z,time)      = TIKT.L(z,time-1);
3968   TIM.L(i,zj,z,time)  = TIM.L(i,zj,z,time-1);
3969   TIMT.L(z,time)      = TIMT.L(z,time-1);
3970   TIP.L(j,z,time)     = TIP.L(j,z,time-1);
3971   TIPT.L(z,time)      = TIPT.L(z,time-1);
3972   TIW.L(l,j,z,time)   = TIW.L(l,j,z,time-1);
3973   TIWT.L(z,time)      = TIWT.L(z,time-1);
3974   TIX.L(i,z,zj,time)  = TIX.L(i,z,zj,time-1);
3975   TIXT.L(z,time)      = TIXT.L(z,time-1);
3976   TPRODN.l(z,time)    = TPRODN.l(z,time-1);
3977   TPRCTS.l(z,time)    = TPRCTS.l(z,time-1);
3978   YDH.L(z,time)       = YDH.L(z,time-1);
3979   YG.L(z,time)        = YG.L(z,time-1);
3980   YH.L(z,time)        = YH.L(z,time-1);
3981   YHK.L(z,time)       = YHK.L(z,time-1);
3982   YHL.L(z,time)       = YHL.L(z,time-1);
3983   YROW.L(z,time)      = YROW.L(z,time-1);
3984   
3985   CAB.L(z,time)       = CAB.L(z,time-1)*(1+growthz(z));
3986   CTH.L(z,time)       = CTH.L(z,time-1)*(1+growthz(z));
3987   DEP.L(z,time)       = DEP.L(z,time-1)*(1+0.03);
3988   G.L(z,time)         = G.L(z,time-1)*(1+growthz(z));
3989   GDP_BP.L(z,time)    = GDP_BP.L(z,time-1)*(1+growthz(z));
3990   GDP_BP_W.L(time)    = SUM[z,GDP_BP.L(z,time)];
3991   GDP_FD.L(z,time)    = GDP_FD.L(z,time-1)*(1+growthz(z));
3992   GDP_IB.L(z,time)    = GDP_IB.L(z,time-1)*(1+growthz(z));
3993   GDP_MP.L(z,time)    = GDP_MP.L(z,time-1)*(1+growthz(z));
3994   IT.L(z,time)        = IT.L(z,time-1)*(1+growthz(z));
3995   SG.L(z,time)        = SG.L(z,time-1)*(1+growthz(z));
3996   SH.L(z,time)        = SH.L(z,time-1)*(1+growthz(z));
3997   SROW.L(z,time)      = SROW.L(z,time-1)*(1+growthz(z));
3998   TDH.L(z,time)       = TDH.L(z,time-1)*(1+growthz(z));
3999   TIC.L(i,z,time)     = TIC.L(i,z,time-1)*(1+growthz(z));
4000   TICT.L(z,time)      = TICT.L(z,time-1)*(1+growthz(z));
4001   TIK.L(k,j,z,time)   = TIK.L(k,j,z,time-1)*(1+growthz(z));
4002   TIKT.L(z,time)      = TIKT.L(z,time-1)*(1+growthz(z));
4003   TIM.L(i,zj,z,time)  = TIM.L(i,zj,z,time-1)*(1+growthz(z));
4004   TIMT.L(z,time)      = TIMT.L(z,time-1)*(1+growthz(z));
4005   TIP.L(j,z,time)     = TIP.L(j,z,time-1)*(1+growthz(z));
4006   TIPT.L(z,time)      = TIPT.L(z,time-1)*(1+growthz(z));
4007   TIW.L(l,j,z,time)   = TIW.L(l,j,z,time-1)*(1+growthz(z));
4008   TIWT.L(z,time)      = TIWT.L(z,time-1)*(1+growthz(z));
4009   TIX.L(i,z,zj,time)  = TIX.L(i,z,zj,time-1)*(1+growthz(z));
4010   TIXT.L(z,time)      = TIXT.L(z,time-1)*(1+growthz(z));
4011   TPRODN.l(z,time)    = TPRODN.l(z,time-1)*(1+growthz(z));
4012   TPRCTS.l(z,time)    = TPRCTS.l(z,time-1)*(1+growthz(z));
4013   YDH.L(z,time)       = YDH.L(z,time-1)*(1+growthz(z));
4014   YG.L(z,time)        = YG.L(z,time-1)*(1+growthz(z));
4015   YH.L(z,time)        = YH.L(z,time-1)*(1+growthz(z));
4016   YHK.L(z,time)       = YHK.L(z,time-1)*(1+growthz(z));
4017   YHL.L(z,time)       = YHL.L(z,time-1)*(1+growthz(z));
4018   YROW.L(z,time)      = YROW.L(z,time-1)*(1+growthz(z));
4019  * CLBS.L(i3,z,time)   = CLBS.L(i3,z,time-1)*(1+growthz(z));
4020  * CKBS.L(i3,z,time)   = CKBS.L(i3,z,time-1)*(1+growthz(z));
4021  * MARKUP.L(i3,z,time) = MARKUP.L(i3,z,time-1)*(1+growthz(z));
4022   
4023  *==============================================================================
4024  *   A.2.4 Rates and intercepts
4025  *==============================================================================
4026  *  phi.L(z,time)       = phio(z);
4027   phi.L(z,time)       = phi.L(z,time-1);
4028   
4029  * End of the IF command
4030  };
4031   
4032  *==============================================================================
4033  *   6.1.1.1 Lower bounds on some variables
4034  *==============================================================================
       LD.LO(l,j,z,time)$(ord(time) gt 1)   = 0.00001*LD.l(l,j,z,time-1);
       LDC.LO(j,z,time)$(ord(time) gt 1)    = 0.00001*LDC.l(j,z,time-1);
       RC.LO(j,z,time)$(ord(time) gt 1)     = 0.00001*RC.l(j,z,time-1);
       WC.LO(j,z,time)$(ord(time) gt 1)     = 0.00001*WC.l(j,z,time-1);
       R.LO(k,j,z,time)$(ord(time) gt 1)    = 0.00001*R.l(k,j,z,time-1);
       RTI.LO(k,j,z,time)$(ord(time) gt 1)  = 0.00001*RTI.l(k,j,z,time-1);
       U.LO(z,time)$(ord(time) gt 1)        = 0.00001*U.l(z,time-1);
       DS_I.LO(i,z,time)$(ord(time) gt 1)   = 0.00001*DS_I.l(i,z,time-1);
       EXT.LO(i,z,time)$(ord(time) gt 1)    = 0.00001*EXT.l(i,z,time-1);
       EX.LO(i,z,zj,time)$(ord(time) gt 1)  = 0.00001*EX.l(i,z,zj,time-1);
       EXTT.LO(j,i,z,time)$(ord(time) gt 1) = 0.00001*EXTT.l(j,i,z,time-1);
       IM.LO(i,zj,z,time)$(ord(time) gt 1)  = 0.00001*IM.l(i,zj,z,time-1);
       IMT.LO(i,z,time)$(ord(time) gt 1)    = 0.00001*IMT.l(i,z,time-1);
       
       KD.LO(k,j,z,time)$(ord(time) gt 1)   = 0.00001*KD.L(k,j,z,time-1);
       KDC.LO(j,z,time)$(ord(time) gt 1)    = 0.00001*KDC.L(j,z,time-1);
       VA.LO(j,z,time)$(ord(time) gt 1)      = 0.00001*VA.L(j,z,time-1);
       
       XS.LO(j,i,z,time)$(ord(time) gt 1)   = 0.00001*XS.L(j,i,z,time-1);
       XS_I.LO(i,z,time)$(ord(time) gt 1)   = 0.00001*XS_I.L(i,z,time-1);
       XST.LO(j,z,time)$(ord(time) gt 1)    = 0.00001*XST.L(j,z,time-1);
       
       C.LO(i,z,time)$(ord(time) gt 1)      = 0.00001*C.L(i,z,time-1);
       CG.LO(i,z,time)$(ord(time) gt 1)     = 0.00001*CG.L(i,z,time-1);
       CI.LO(j,z,time)$(ord(time) gt 1)     = 0.00001*CI.L(j,z,time-1);
       CE.LO(j,z,time)$(ord(time) gt 1)     = 0.00001*CE.L(j,z,time-1); 
       CMIN.LO(i,z,time)$(ord(time) gt 1)   = 0.00001*CMIN.L(i,z,time-1);
       CTH_REAL.LO(z,time)$(ord(time) gt 1) = 0.00001*CTH_REAL.l(z,time-1);
       DI.LO(i,j,z,time)$(ord(time) gt 1)   = 0.00001*DI.L(i,j,z,time-1);
       DE.LO(ene,j,z,time)$(ord(time) gt 1) = 0.00001*DE.L(ene,j,z,time-1);
       DIT.LO(i,z,time)$(ord(time) gt 1)    = 0.00001*DIT.L(i,z,time-1);
       DD.LO(i,z,time)$(ord(time) gt 1)     = 0.00001*DD.L(i,z,time-1);
       
       MRGN.LO(i,z,time)$(ord(time) gt 1)   = 0.00001*MRGN.L(i,z,time-1);
       Q.LO(i,z,time)$(ord(time) gt 1)      = 0.00001*Q.L(i,z,time-1);
       VA.LO(j,z,time)$(ord(time) gt 1)     = 0.00001*VA.L(j,z,time-1);
       
       e.LO(z,time)$(ord(time) gt 1)        = 0.00001*e.L(z,time-1);
       IR.LO(z,time)$(ord(time) gt 1)       = 0.00001*IR.L(z,time-1);
       P.LO(i,z,time)$(ord(time) gt 1)      = 0.00001*P.L(i,z,time-1);
       P2.LO(j,i,z,time)$(ord(time) gt 1)   = 0.00001*P2.L(j,i,z,time-1);
       P4.LO(ene,j,z,time)$(ord(time) gt 1) = 0.00001*P4.L(ene,j,z,time-1);
       PPOWER.LO(z,time) $(ord(time) gt 1)  = 0.00001*PPOWER.L(z,time-1);
       PI.lO(i,z,time)$(ord(time) gt 1)     = 0.00001*PI.L(i,z,time-1);
       PT.LO(j,z,time)$(ord(time) gt 1)     = 0.00001*PT.L(j,z,time-1);
       PP.LO(j,z,time)$(ord(time) gt 1)     = 0.00001*PP.L(j,z,time-1); 
       PC.LO(i,z,time)$(ord(time) gt 1)     = 0.00001*PC.L(i,z,time-1);
       PCI.LO(j,z,time)$(ord(time) gt 1)    = 0.00001*PCI.L(j,z,time-1);
       PCE.LO(j,z,time)$(ord(time) gt 1)    = 0.00001*PCE.L(j,z,time-1);
       PD.LO(i,z,time)$(ord(time) gt 1)     = 0.00001*PD.L(i,z,time-1);
       PE.LO(i,z,zj,time)$(ord(time) gt 1)  = 0.00001*PE.L(i,z,zj,time-1);
       PET.LO(i,z,time)$(ord(time) gt 1)    = 0.00001*PET.L(i,z,time-1);
       PIXCON.LO(z,time)$(ord(time) gt 1)   = 0.00001*PIXCON.L(z,time-1);
       PIXGDP.LO(z,time)$(ord(time) gt 1)   = 0.00001*PIXGDP.L(z,time-1);
       PIXGDP_W.LO(time)$(ord(time) gt 1)   = 0.00001*PIXGDP_W.L(time-1);
       PIXGVT.LO(z,time)$(ord(time) gt 1)   = 0.00001*PIXGVT.L(z,time-1);
       PIXINV.LO(z,time)$(ord(time) gt 1)   = 0.00001*PIXINV.L(z,time-1);
       PK.LO(z,time)$(ord(time) gt 1)       = 0.00001*PK.L(z,time-1);
       PL.LO(i,z,time)$(ord(time) gt 1)     = 0.00001*PL.L(i,z,time-1);
       PM.LO(i,zj,z,time)$(ord(time) gt 1)  = 0.00001*PM.L(i,zj,z,time-1);
       PMT.LO(i,z,time)$(ord(time) gt 1)    = 0.00001*PMT.L(i,z,time-1);
       PP.LO(j,z,time)$(ord(time) gt 1)     = 0.00001*PP.L(j,z,time-1);
       PVA.LO(j,Z,time)$(ord(time) gt 1)    = 0.00001*PVA.L(j,Z,time-1);
       PKLE.LO(j,Z,time)$(ord(time) gt 1)   = 0.00001*PKLE.L(j,Z,time-1);
       PWM.LO(i,zj,z,time)$(ord(time) gt 1) = 0.00001*PWM.L(i,zj,z,time-1);
       PWMG.LO(i,time)$(ord(time) gt 1)     = 0.00001*PWMG.L(i,time-1);
       PWX.LO(i,z,zj,time) $(ord(time) gt 1) = 0.00001*PWX.L(i,z,zj,time-1);
4104  *==============================================================================
4105  *   6.1.3 Closures
4106  *==============================================================================
4107  *$ontext
4108  * FP CLOSURE: fixed PIXGDPs; numeraire is exchange rate of reference region
4109  * The exchange rates are endogenous, except for the reference region.
4110   e.FX(zr,time)      = eO(zr);
4111   PIXGDP.FX(z,time)  = PIXGDPO(z)/sum[zr,eO(zr)];
4112  *$offtext
4113   
      * FE CLOSURE: fixed exchange rates; numeraire is PIXGDP of reference region
      * The exchange rates can be fixed at arbitrary values
       PIXGDP.FX(zr,time)  = PIXGDPO(zr);
       e.FX(z,time)        = eO(z);
4120   
4121   phi.fx(z,time)       = phio(z);
4122   ttdh0.fx(z,time)     = ttdh0O(z);
4123   ttdh1.fx(z,time)     = ttdh1O(z);
4124   ttic.fx(i,z,time)    = tticO(i,z);
4125   ttik.fx(k,j,z,time)  = ttikO(k,j,z);
4126   ttim.fx(i,zj,z,time) = ttimO(i,zj,z);
4127   ttip.fx(j,z,time)    = ttipO(j,z);
4128   ttiw.fx(l,j,z,time)  = ttiwO(l,j,z);
4129   ttix.fx(i,z,zj,time) = ttixO(i,z,zj);
4130   CTAX.fX(z,time)      = CTAX0(z);
4131   
4132  *==============================================================================
4133  *   6.1.2 Fixing GDP_BP_REAL and sh1, and initializing A_VA and sh0
4134  *==============================================================================
4135  * To compute the baseline, real GDP is set to grow at the projected growth rate
4136  * and multifactor productivity is endogenous.
4137   GDP_BP_REAL.fx(z,t1)  = GDP_BP_REALO(z);
4138   GDP_BP_REAL.fx(z,time)$[ord(time) gt 1]
4139                         = GDP_BP_REAL.l(z,time-1)*[1+g_GDP(z,time)];
4140   
4141   A_VA.L(z,t1)          = 1;
4142   A_VA.L(z,time)$[ord(time) gt 1]
4143                         = A_VA.L(z,time-1);
4144   
4145  * Domestic savings rates are made to follow the evolution anticipated by FBQF
4146  * and the intercept for the household savings function is endogenously
4147  * determined from the added constraint labeled CALEQ1:
4148   sh1.fx(z,t1)          = sh1O(z);
4149   sh1.fx(z,time)$[ord(time) gt 1]
4150                         = sh1.l(z,time-1)*[1+g_SDR(z,time-1)];
4151   
4152   sh1.fx('05_MNG',time)$[ord(time) gt 1]
4153                         = sh1.l('05_MNG',time-1)*[1+growthz('05_MNG')];
4154   
4155   sh0.l(z,t1)           = sh0O(z);
4156   sh0.l(z,time)$[ord(time) gt 1]
4157  *                      = sh0.l(z,time-1)*exogro(z,time)/exogro(z,time-1);
4158                         = sh0.l(z,time-1)*[1+growthz(z)];
4159   
4160  *==============================================================================
4161  *   6.1.4 Other exogenous variables
4162  *==============================================================================
4163  * CABX.FX(z1,time)    = CABXO(z1)*cabix(z1,time);
4164   CABX.FX(z1,time)     = CABXO(z1);
4165   CABX.FX(z1,time)$[ord(time) gt 1]
4166  *                      = CABX.l(z1,time-1)*[1+growthz(z1)];
4167                        = CABX.l(z1,time-1)*[1+g_GDP(z1,time)];
4168   
4169   CMIN.FX(i,z,t1)      = CMINO(i,z);
4170   CMIN.FX(i,z,time)$[ord(time) gt 1]
4171                        = CMIN.l(i,z,time-1)*[1+g_POP(z,time)];
4172   
4173   KD.fx(k,j,z,t1)$KDO(k,j,z)
4174                        = KDO(k,j,z);
4175   KD.fx(k,j,z,time)${[ord(time) gt 1] and KDO(k,j,z)}
4176                        = KD.l(k,j,z,time-1)*[1-delta(z)]+IND.l(k,j,z,time-1);
4177   
4178   KD.fx('natr',j,z,time)${[ord(time) gt 1] and KDO('natr',j,z)}
4179                       = KD.l('natr',j,z,time-1)*(1-0.01);
4180   
4181   KD.fx('land',j,z,time)${[ord(time) gt 1] and KDO('land',j,z)}
4182                       = KD.l('land',j,z,time-1);
4183   
4184   LS.FX(l,z,t1)        = LSO(l,z);
4185   LS.FX(l,z,time)$[ord(time) gt 1]
4186                        = LS.l(l,z,time-1)*[1+g_POP(z,time)];
4187   
4188  *==============================================================================
4189  *   CTAX
4190  *==============================================================================
4191   CTAX.fx(z,time)$[ord(time) gt 1]
4192                        = CTAX_Cal(z,time);
4193   
4194  *==============================================================================
4195  *   6.1.5 Resolution
4196  *==============================================================================
4197   
4198  SOLVE PEPWT USING CNS;
4199  *SOLVE PEPWT using NLP maximizing OBJ;
4200  *SOLVE PEPWT USING MCP;
4201   
4202  * The single element in subset T(time) is removed, and the subset is now empty.
4203  T(time)          = NO;
4204  * End of LOOP over time periods
4205  ];
4206   
4207  *==============================================================================
4208  * 7. Output
4209  *==============================================================================
4210  * Preparation of a GDX file that includes the baseline values for A_VA, sh0, G,
4211  * G_REAL and IND. This file will then be used in the main program.
4212   
4213  PARAMETER
4214   A_VA_RES(z,time) Value of A_VA to reproduce real GDP projections
4215   GX(z,time)       Current government expenditures on goods and services in region z
4216   G_REALX(z,time)  Current real government expenditures on goods and services in region z
4217   INDX(k,j,z,time) Volume of new type k capital investment to industry j in region z
4218   sh0X(z,time)     Intercept (household savings)
4219   sh1X(z,time)     Household savings rate
4220   phi_BAU(z,time)
4221   valCTAX(z,time)
4222  ;
4223   
4224   A_VA_RES(z,time)        = A_VA.l(z,time);
4225   GX(z,time)              = G.l(z,time);
4226   G_REALX(z,time)         = G_REAL.l(z,time);
4227   INDX(k,pub,z,time)      = IND.l(k,pub,z,time);
4228   sh1X(z,time)            = sh1.l(z,time);
4229   sh0X(z,time)            = sh0.l(z,time);
4230   phi_BAU(z,time)         = phi.l(z,time);
4231   valCTAX(z,time)         = CTAX.l(z,time);
4232   
4233  execute_unload 'Input_w-t/B_line_GTAP11b.gdx',
4234   A_VA_RES, GX, G_REALX, INDX, delta, XST, VA, LS, KS, LD, KD, IND, EX, g_GDP, g_POP, GDP_BP, RC, IT, SH, SG, CABX, R, PK, sigma_LD, sigma_INV,
4235   sh1X, sh0X, phi_BAU, valCTAX ;

**** LIST OF STRAY NAMES - CHECK DECLARATIONS FOR SPURIOUS COMMAS
**** STRAY NAME commodity OF TYPE SET  
GAMS 42.5.0  cf11b917 Mar 30, 2023          WEX-WEI x86 64bit/MS Windows - 06/12/24 11:15:55 Page 2
PEP model w-t
Include File Summary


   SEQ   GLOBAL TYPE      PARENT   LOCAL  FILENAME

     1        1 INPUT          0       0  C:\Users\kimc0\GUIDE_GLOBAL_CGE\2.RD_CGE\CAL_B_line_GTAP11b.gms
     2       49 GDXIN          1      49  C:\Users\kimc0\GUIDE_GLOBAL_CGE\2.RD_CGE\Input_w-t\DATA_AGG-2019_GTAP11b.gdx
     3      680 CALL           1     680  gdxxrw Input_w-t/PAR.xlsx @Input_w-t/PAR.txt Rdim=2 Cdim=1 output=Input_w-t/PAR.gdx
     4      681 GDXIN          1     681  C:\Users\kimc0\GUIDE_GLOBAL_CGE\2.RD_CGE\Input_w-t\PAR.gdx
     5     1302 INCLUDE        1    1302  .C:\Users\kimc0\GUIDE_GLOBAL_CGE\2.RD_CGE\DATA_WEB-2019.gms
     6     2113 CALL           5     811  .gdxxrw Input_WEB/240522_WEB19.xlsx @Input_WEB/WEB19.txt trace=0 output=Input_WEB/240522_WEB19.gdx
     7     2114 GDXIN          5     812  .C:\Users\kimc0\GUIDE_GLOBAL_CGE\2.RD_CGE\Input_WEB\240522_WEB19.gdx
     8     2621 EXIT           5    1319  .C:\Users\kimc0\GUIDE_GLOBAL_CGE\2.RD_CGE\DATA_WEB-2019.gms
     9     3530 INCLUDE        1    2211  .C:\Users\kimc0\GUIDE_GLOBAL_CGE\2.RD_CGE\INIT.gms


COMPILATION TIME     =        6.391 SECONDS      6 MB  42.5.0 cf11b917 WEX-WEI
GAMS 42.5.0  cf11b917 Mar 30, 2023          WEX-WEI x86 64bit/MS Windows - 06/12/24 11:15:55 Page 3
PEP model w-t
E x e c u t i o n


----    548 PARAMETER sigma_M1  Elasticity (CES - composite commodity)

                   01_KOR      02_CHN      03_JPN      04_RUS      05_MNG      06_PRK      07_NAM      08_LAM      09_WEU      10_EEU      11_FSU      12_MEA      13_AFR      14_CPA      15_SAS      16_PAS      17_PAO

01_AGRICULT         2.245       2.141       2.412       2.196       2.487       2.445       2.167       2.153       2.291       2.300       2.380       2.348       2.085       2.288       2.848       2.683       2.494
02_COAL             3.050       3.050       3.050       3.050       3.050       3.050       3.050       3.050       3.050       3.050       3.050       3.050       3.050       3.050       3.050       3.050       3.050
03_OIL              5.200       5.200       5.200       5.200       5.200       5.200       5.200       5.200       5.200       5.200       5.200       5.200       5.200       5.200       5.200       5.200       5.200
04_GAS             16.963      13.227      16.539       6.117       2.860      16.178      11.829      12.452      15.358      14.008      13.142      13.561       9.875      16.541      11.882      12.956      13.429
05_MINING           0.900       0.900       0.900       0.900       0.900       0.900       0.900       0.900       0.900       0.900       0.900       0.900       0.900       0.900       0.900       0.900       0.900
06_FOODPRO          2.470       2.344       2.219       2.692       2.559       2.426       2.561       2.613       2.441       2.455       2.706       2.533       2.674       2.463       2.571       2.438       2.400
07_TEXTILES         3.774       3.769       3.779       3.779       3.758       3.770       3.784       3.790       3.787       3.798       3.796       3.771       3.780       3.804       3.770       3.786       3.784
08_WOODPRO          3.400       3.400       3.400       3.400       3.400       3.400       3.400       3.400       3.400       3.400       3.400       3.400       3.400       3.400       3.400       3.400       3.400
09_PAPERPRO         2.950       2.950       2.950       2.950       2.950       2.950       2.950       2.950       2.950       2.950       2.950       2.950       2.950       2.950       2.950       2.950       2.950
10_PETROLCOAL       2.100       2.100       2.100       2.100       2.100       2.100       2.100       2.100       2.100       2.100       2.100       2.100       2.100       2.100       2.100       2.100       2.100
11_CHEMICAL         3.300       3.300       3.300       3.300       3.300       3.300       3.300       3.300       3.300       3.300       3.300       3.300       3.300       3.300       3.300       3.300       3.300
12_NONMET           2.900       2.900       2.900       2.900       2.900       2.900       2.900       2.900       2.900       2.900       2.900       2.900       2.900       2.900       2.900       2.900       2.900
13_IRONSTL          2.950       2.950       2.950       2.950       2.950       2.950       2.950       2.950       2.950       2.950       2.950       2.950       2.950       2.950       2.950       2.950       2.950
14_NONFERR          4.200       4.200       4.200       4.200       4.200       4.200       4.200       4.200       4.200       4.200       4.200       4.200       4.200       4.200       4.200       4.200       4.200
15_MACHINE          4.199       4.210       4.185       4.151       4.123       4.110       4.141       4.171       4.139       4.167       4.150       4.128       4.127       4.279       4.088       4.260       4.140
16_TRANSEQ          2.990       3.024       3.115       3.434       2.968       3.428       3.150       3.033       3.149       2.968       3.145       3.160       3.465       3.597       3.229       3.361       3.245
17_OTHERIND         3.750       3.750       3.750       3.750       3.750       3.750       3.750       3.750       3.750       3.750       3.750       3.750       3.750       3.750       3.750       3.750       3.750
18_ELEC             2.800       2.800       2.800       2.800       2.800       2.800       2.800       2.800       2.800       2.800       2.800       2.800       2.800       2.800       2.800       2.800       2.800
19_CONSTRUC         1.900       1.900       1.900       1.900       1.900       1.900       1.900       1.900       1.900       1.900       1.900       1.900       1.900       1.900       1.900       1.900       1.900
20_LTRP             1.900       1.900       1.900       1.900       1.900       1.900       1.900       1.900       1.900       1.900       1.900       1.900       1.900       1.900       1.900       1.900       1.900
21_WTRP             1.900       1.900       1.900       1.900       1.900       1.900       1.900       1.900       1.900       1.900       1.900       1.900       1.900       1.900       1.900       1.900       1.900
22_ATRP             1.900       1.900       1.900       1.900       1.900       1.900       1.900       1.900       1.900       1.900       1.900       1.900       1.900       1.900       1.900       1.900       1.900
23_SER              1.911       1.904       1.917       1.912       1.943       1.912       1.908       1.911       1.913       1.913       1.913       1.932       1.913       1.913       1.914       1.916       1.914


----    548 PARAMETER sigma_M2  Elasticity (CES - composite import)

                   01_KOR      02_CHN      03_JPN      04_RUS      05_MNG      06_PRK      07_NAM      08_LAM      09_WEU      10_EEU      11_FSU      12_MEA      13_AFR      14_CPA      15_SAS      16_PAS      17_PAO

01_AGRICULT         4.438       4.765       4.521       4.243       4.530       3.699       4.380       4.962       4.853       4.198       4.425       5.066       6.824       4.294       5.010       5.161       4.620
02_COAL             6.100       6.100       6.100       6.100       6.100       6.100       6.100       6.100       6.100       6.100       6.100       6.100       6.100       6.100       6.100       6.100       6.100
03_OIL             10.400      10.400      10.400      10.400      10.400      10.400      10.400      10.400      10.400      10.400      10.400      10.400      10.400      10.400      10.400      10.400      10.400
04_GAS             34.346      33.718      34.341      34.323       7.529      33.767      30.437      34.239      34.291      33.855      34.115      28.360      10.158      24.515      34.260      34.240      24.823
05_MINING           1.800       1.800       1.800       1.800       1.800       1.800       1.800       1.800       1.800       1.800       1.800       1.800       1.800       1.800       1.800       1.800       1.800
06_FOODPRO          5.199       5.407       5.090       5.205       4.400       4.994       4.053       5.369       4.929       4.975       4.689       5.329       5.224       4.603       5.963       5.124       4.495
07_TEXTILES         7.592       7.671       7.585       7.569       7.555       7.575       7.579       7.581       7.576       7.601       7.623       7.551       7.585       7.556       7.568       7.612       7.588
08_WOODPRO          6.800       6.800       6.800       6.800       6.800       6.800       6.800       6.800       6.800       6.800       6.800       6.800       6.800       6.800       6.800       6.800       6.800
09_PAPERPRO         5.900       5.900       5.900       5.900       5.900       5.900       5.900       5.900       5.900       5.900       5.900       5.900       5.900       5.900       5.900       5.900       5.900
10_PETROLCOAL       4.200       4.200       4.200       4.200       4.200       4.200       4.200       4.200       4.200       4.200       4.200       4.200       4.200       4.200       4.200       4.200       4.200
11_CHEMICAL         6.600       6.600       6.600       6.600       6.600       6.600       6.600       6.600       6.600       6.600       6.600       6.600       6.600       6.600       6.600       6.600       6.600
12_NONMET           5.800       5.800       5.800       5.800       5.800       5.800       5.800       5.800       5.800       5.800       5.800       5.800       5.800       5.800       5.800       5.800       5.800
13_IRONSTL          5.900       5.900       5.900       5.900       5.900       5.900       5.900       5.900       5.900       5.900       5.900       5.900       5.900       5.900       5.900       5.900       5.900
14_NONFERR          8.400       8.400       8.400       8.400       8.400       8.400       8.400       8.400       8.400       8.400       8.400       8.400       8.400       8.400       8.400       8.400       8.400
15_MACHINE          8.626       8.644       8.600       8.357       8.267       8.361       8.548       8.481       8.503       8.428       8.314       8.401       8.337       8.586       8.497       8.562       8.446
16_TRANSEQ          6.309       6.155       6.689       6.152       5.924       7.062       6.160       6.245       6.358       5.917       6.126       6.528       6.823       6.563       7.044       7.348       6.379
17_OTHERIND         7.500       7.500       7.500       7.500       7.500       7.500       7.500       7.500       7.500       7.500       7.500       7.500       7.500       7.500       7.500       7.500       7.500
18_ELEC             5.600       5.600       5.600       5.600       5.600       5.600       5.600       5.600       5.600       5.600       5.600       5.600       5.600       5.600       5.600       5.600       5.600
19_CONSTRUC         3.800       3.800       3.800       3.800       3.800       3.800       3.800       3.800       3.800       3.800       3.800       3.800       3.800       3.800       3.800       3.800       3.800
20_LTRP             3.800       3.800       3.800       3.800       3.800       3.800       3.800       3.800       3.800       3.800       3.800       3.800       3.800       3.800       3.800       3.800       3.800
21_WTRP             3.800       3.800       3.800       3.800       3.800       3.800       3.800       3.800       3.800       3.800       3.800       3.800       3.800       3.800       3.800       3.800       3.800
22_ATRP             3.800       3.800       3.800       3.800       3.800       3.800       3.800       3.800       3.800       3.800       3.800       3.800       3.800       3.800       3.800       3.800       3.800
23_SER              3.800       3.801       3.800       3.800       3.800       3.800       3.800       3.801       3.800       3.801       3.801       3.800       3.801       3.801       3.801       3.800       3.800


----    554 PARAMETER sigma_M1  Elasticity (CES - composite commodity)

                   01_KOR      02_CHN      03_JPN      04_RUS      05_MNG      06_PRK      07_NAM      08_LAM      09_WEU      10_EEU      11_FSU      12_MEA      13_AFR      14_CPA      15_SAS      16_PAS      17_PAO

01_AGRICULT         2.245       2.141       2.412       2.196       2.487       2.445       2.167       2.153       2.291       2.300       2.380       2.348       2.085       2.288       2.848       2.683       2.494
02_COAL             3.050       3.050       3.050       3.050       3.050       3.050       3.050       3.050       3.050       3.050       3.050       3.050       3.050       3.050       3.050       3.050       3.050
03_OIL              5.200       5.200       5.200       5.200       5.200       5.200       5.200       5.200       5.200       5.200       5.200       5.200       5.200       5.200       5.200       5.200       5.200
04_GAS              6.000       6.000       6.000       6.000       6.000       6.000       6.000       6.000       6.000       6.000       6.000       6.000       6.000       6.000       6.000       6.000       6.000
05_MINING           0.900       0.900       0.900       0.900       0.900       0.900       0.900       0.900       0.900       0.900       0.900       0.900       0.900       0.900       0.900       0.900       0.900
06_FOODPRO          2.470       2.344       2.219       2.692       2.559       2.426       2.561       2.613       2.441       2.455       2.706       2.533       2.674       2.463       2.571       2.438       2.400
07_TEXTILES         3.774       3.769       3.779       3.779       3.758       3.770       3.784       3.790       3.787       3.798       3.796       3.771       3.780       3.804       3.770       3.786       3.784
08_WOODPRO          3.400       3.400       3.400       3.400       3.400       3.400       3.400       3.400       3.400       3.400       3.400       3.400       3.400       3.400       3.400       3.400       3.400
09_PAPERPRO         2.950       2.950       2.950       2.950       2.950       2.950       2.950       2.950       2.950       2.950       2.950       2.950       2.950       2.950       2.950       2.950       2.950
10_PETROLCOAL       2.100       2.100       2.100       2.100       2.100       2.100       2.100       2.100       2.100       2.100       2.100       2.100       2.100       2.100       2.100       2.100       2.100
11_CHEMICAL         3.300       3.300       3.300       3.300       3.300       3.300       3.300       3.300       3.300       3.300       3.300       3.300       3.300       3.300       3.300       3.300       3.300
12_NONMET           2.900       2.900       2.900       2.900       2.900       2.900       2.900       2.900       2.900       2.900       2.900       2.900       2.900       2.900       2.900       2.900       2.900
13_IRONSTL          2.950       2.950       2.950       2.950       2.950       2.950       2.950       2.950       2.950       2.950       2.950       2.950       2.950       2.950       2.950       2.950       2.950
14_NONFERR          4.200       4.200       4.200       4.200       4.200       4.200       4.200       4.200       4.200       4.200       4.200       4.200       4.200       4.200       4.200       4.200       4.200
15_MACHINE          4.199       4.210       4.185       4.151       4.123       4.110       4.141       4.171       4.139       4.167       4.150       4.128       4.127       4.279       4.088       4.260       4.140
16_TRANSEQ          2.990       3.024       3.115       3.434       2.968       3.428       3.150       3.033       3.149       2.968       3.145       3.160       3.465       3.597       3.229       3.361       3.245
17_OTHERIND         3.750       3.750       3.750       3.750       3.750       3.750       3.750       3.750       3.750       3.750       3.750       3.750       3.750       3.750       3.750       3.750       3.750
18_ELEC             2.800       2.800       2.800       2.800       2.800       2.800       2.800       2.800       2.800       2.800       2.800       2.800       2.800       2.800       2.800       2.800       2.800
19_CONSTRUC         1.900       1.900       1.900       1.900       1.900       1.900       1.900       1.900       1.900       1.900       1.900       1.900       1.900       1.900       1.900       1.900       1.900
20_LTRP             1.900       1.900       1.900       1.900       1.900       1.900       1.900       1.900       1.900       1.900       1.900       1.900       1.900       1.900       1.900       1.900       1.900
21_WTRP             1.900       1.900       1.900       1.900       1.900       1.900       1.900       1.900       1.900       1.900       1.900       1.900       1.900       1.900       1.900       1.900       1.900
22_ATRP             1.900       1.900       1.900       1.900       1.900       1.900       1.900       1.900       1.900       1.900       1.900       1.900       1.900       1.900       1.900       1.900       1.900
23_SER              1.911       1.904       1.917       1.912       1.943       1.912       1.908       1.911       1.913       1.913       1.913       1.932       1.913       1.913       1.914       1.916       1.914


----    554 PARAMETER sigma_M2  Elasticity (CES - composite import)

                   01_KOR      02_CHN      03_JPN      04_RUS      05_MNG      06_PRK      07_NAM      08_LAM      09_WEU      10_EEU      11_FSU      12_MEA      13_AFR      14_CPA      15_SAS      16_PAS      17_PAO

01_AGRICULT         4.438       4.765       4.521       4.243       4.530       3.699       4.380       4.962       4.853       4.198       4.425       5.066       6.824       4.294       5.010       5.161       4.620
02_COAL             6.100       6.100       6.100       6.100       6.100       6.100       6.100       6.100       6.100       6.100       6.100       6.100       6.100       6.100       6.100       6.100       6.100
03_OIL              6.000       6.000       6.000       6.000       6.000       6.000       6.000       6.000       6.000       6.000       6.000       6.000       6.000       6.000       6.000       6.000       6.000
04_GAS              6.000       6.000       6.000       6.000       6.000       6.000       6.000       6.000       6.000       6.000       6.000       6.000       6.000       6.000       6.000       6.000       6.000
05_MINING           1.800       1.800       1.800       1.800       1.800       1.800       1.800       1.800       1.800       1.800       1.800       1.800       1.800       1.800       1.800       1.800       1.800
06_FOODPRO          5.199       5.407       5.090       5.205       4.400       4.994       4.053       5.369       4.929       4.975       4.689       5.329       5.224       4.603       5.963       5.124       4.495
07_TEXTILES         7.592       7.671       7.585       7.569       7.555       7.575       7.579       7.581       7.576       7.601       7.623       7.551       7.585       7.556       7.568       7.612       7.588
08_WOODPRO          6.800       6.800       6.800       6.800       6.800       6.800       6.800       6.800       6.800       6.800       6.800       6.800       6.800       6.800       6.800       6.800       6.800
09_PAPERPRO         5.900       5.900       5.900       5.900       5.900       5.900       5.900       5.900       5.900       5.900       5.900       5.900       5.900       5.900       5.900       5.900       5.900
10_PETROLCOAL       4.200       4.200       4.200       4.200       4.200       4.200       4.200       4.200       4.200       4.200       4.200       4.200       4.200       4.200       4.200       4.200       4.200
11_CHEMICAL         6.600       6.600       6.600       6.600       6.600       6.600       6.600       6.600       6.600       6.600       6.600       6.600       6.600       6.600       6.600       6.600       6.600
12_NONMET           5.800       5.800       5.800       5.800       5.800       5.800       5.800       5.800       5.800       5.800       5.800       5.800       5.800       5.800       5.800       5.800       5.800
13_IRONSTL          5.900       5.900       5.900       5.900       5.900       5.900       5.900       5.900       5.900       5.900       5.900       5.900       5.900       5.900       5.900       5.900       5.900
14_NONFERR          8.400       8.400       8.400       8.400       8.400       8.400       8.400       8.400       8.400       8.400       8.400       8.400       8.400       8.400       8.400       8.400       8.400
15_MACHINE          8.626       8.644       8.600       8.357       8.267       8.361       8.548       8.481       8.503       8.428       8.314       8.401       8.337       8.586       8.497       8.562       8.446
16_TRANSEQ          6.309       6.155       6.689       6.152       5.924       7.062       6.160       6.245       6.358       5.917       6.126       6.528       6.823       6.563       7.044       7.348       6.379
17_OTHERIND         7.500       7.500       7.500       7.500       7.500       7.500       7.500       7.500       7.500       7.500       7.500       7.500       7.500       7.500       7.500       7.500       7.500
18_ELEC             5.600       5.600       5.600       5.600       5.600       5.600       5.600       5.600       5.600       5.600       5.600       5.600       5.600       5.600       5.600       5.600       5.600
19_CONSTRUC         3.800       3.800       3.800       3.800       3.800       3.800       3.800       3.800       3.800       3.800       3.800       3.800       3.800       3.800       3.800       3.800       3.800
20_LTRP             3.800       3.800       3.800       3.800       3.800       3.800       3.800       3.800       3.800       3.800       3.800       3.800       3.800       3.800       3.800       3.800       3.800
21_WTRP             3.800       3.800       3.800       3.800       3.800       3.800       3.800       3.800       3.800       3.800       3.800       3.800       3.800       3.800       3.800       3.800       3.800
22_ATRP             3.800       3.800       3.800       3.800       3.800       3.800       3.800       3.800       3.800       3.800       3.800       3.800       3.800       3.800       3.800       3.800       3.800
23_SER              3.800       3.801       3.800       3.800       3.800       3.800       3.800       3.801       3.800       3.801       3.801       3.800       3.801       3.801       3.801       3.800       3.800


----   1190 PARAMETER sigma_VA  Elasticity (CES - value added)

                   01_KOR      02_CHN      03_JPN      04_RUS      05_MNG      06_PRK      07_NAM      08_LAM      09_WEU      10_EEU      11_FSU      12_MEA      13_AFR      14_CPA      15_SAS      16_PAS      17_PAO

01_AGRICULT         0.251       0.251       0.248       0.257       0.263       0.261       0.253       0.257       0.254       0.253       0.259       0.256       0.250       0.237       0.253       0.251       0.251
02_COAL             3.746       3.790       3.985       3.668       3.999       3.995       3.842       3.946       3.774       3.622       3.687       3.666       3.854       3.741       3.998       3.997       3.885
03_OIL              0.359       0.377       0.397       0.393       0.400       0.237       0.389       0.385       0.394       0.384       0.384       0.396       0.377       0.399       0.399       0.393       0.395
04_GAS              0.999       0.985       1.018       1.419       1.003       1.020       1.271       1.251       1.452       1.093       1.365       1.433       1.507       1.567       1.193       1.355       1.557
05_MINING           0.200       0.200       0.200       0.200       0.200       0.200       0.200       0.200       0.200       0.200       0.200       0.200       0.200       0.200       0.200       0.200       0.200
06_FOODPRO          1.120       1.120       1.120       1.120       1.120       1.120       1.120       1.120       1.120       1.120       1.120       1.120       1.120       1.120       1.120       1.120       1.120
07_TEXTILES         1.260       1.260       1.260       1.260       1.260       1.260       1.260       1.260       1.260       1.260       1.260       1.260       1.260       1.260       1.260       1.260       1.260
08_WOODPRO          1.260       1.260       1.260       1.260       1.260       1.260       1.260       1.260       1.260       1.260       1.260       1.260       1.260       1.260       1.260       1.260       1.260
09_PAPERPRO         1.260       1.260       1.260       1.260       1.260       1.260       1.260       1.260       1.260       1.260       1.260       1.260       1.260       1.260       1.260       1.260       1.260
10_PETROLCOAL       1.260       1.260       1.260       1.260       1.260       1.260       1.260       1.260       1.260       1.260       1.260       1.260       1.260       1.260       1.260       1.260       1.260
11_CHEMICAL         1.260       1.260       1.260       1.260       1.260       1.260       1.260       1.260       1.260       1.260       1.260       1.260       1.260       1.260       1.260       1.260       1.260
12_NONMET           1.260       1.260       1.260       1.260       1.260       1.260       1.260       1.260       1.260       1.260       1.260       1.260       1.260       1.260       1.260       1.260       1.260
13_IRONSTL          1.260       1.260       1.260       1.260       1.260       1.260       1.260       1.260       1.260       1.260       1.260       1.260       1.260       1.260       1.260       1.260       1.260
14_NONFERR          1.260       1.260       1.260       1.260       1.260       1.260       1.260       1.260       1.260       1.260       1.260       1.260       1.260       1.260       1.260       1.260       1.260
15_MACHINE          1.260       1.260       1.260       1.260       1.260       1.260       1.260       1.260       1.260       1.260       1.260       1.260       1.260       1.260       1.260       1.260       1.260
16_TRANSEQ          1.260       1.260       1.260       1.260       1.260       1.260       1.260       1.260       1.260       1.260       1.260       1.260       1.260       1.260       1.260       1.260       1.260
17_OTHERIND         1.260       1.260       1.260       1.260       1.260       1.260       1.260       1.260       1.260       1.260       1.260       1.260       1.260       1.260       1.260       1.260       1.260
18_TnD              1.260       1.260       1.260       1.260       1.260       1.260       1.260       1.260       1.260       1.260       1.260       1.260       1.260       1.260       1.260       1.260       1.260
19_eNuclear         1.260       1.260       1.260       1.260       1.260       1.260       1.260       1.260       1.260       1.260       1.260       1.260       1.260       1.260       1.260       1.260       1.260
20_eCoal            1.260       1.260       1.260       1.260       1.260       1.260       1.260       1.260       1.260       1.260       1.260       1.260       1.260       1.260       1.260       1.260       1.260
21_eGas             1.260       1.260       1.260       1.260       1.260       1.260       1.260       1.260       1.260       1.260       1.260       1.260       1.260       1.260       1.260       1.260       1.260
22_eOil             1.260       1.260       1.260       1.260       1.260       1.260       1.260       1.260       1.260       1.260       1.260       1.260       1.260       1.260       1.260       1.260       1.260
23_eWind            1.260       1.260       1.260       1.260       1.260       1.260       1.260       1.260       1.260       1.260       1.260       1.260       1.260       1.260       1.260       1.260       1.260
24_eSolar           1.260       1.260       1.260       1.260       1.260       1.260       1.260       1.260       1.260       1.260       1.260       1.260       1.260       1.260       1.260       1.260       1.260
25_eHydro           1.260       1.260       1.260       1.260       1.260       1.260       1.260       1.260       1.260       1.260       1.260       1.260       1.260       1.260       1.260       1.260       1.260
26_eOther           1.260       1.260       1.260       1.260       1.260       1.260       1.260       1.260       1.260       1.260       1.260       1.260       1.260       1.260       1.260       1.260       1.260
27_CONSTRUC         1.260       1.260       1.260       1.260       1.260       1.260       1.260       1.260       1.260       1.260       1.260       1.260       1.260       1.260       1.260       1.260       1.260
28_LTRP             1.260       1.260       1.260       1.260       1.260       1.260       1.260       1.260       1.260       1.260       1.260       1.260       1.260       1.260       1.260       1.260       1.260
29_WTRP             1.260       1.260       1.260       1.260       1.260       1.260       1.260       1.260       1.260       1.260       1.260       1.260       1.260       1.260       1.260       1.260       1.260
30_ATRP             1.260       1.260       1.260       1.260       1.260       1.260       1.260       1.260       1.260       1.260       1.260       1.260       1.260       1.260       1.260       1.260       1.260
31_SER              1.260       1.260       1.260       1.260       1.260       1.260       1.260       1.260       1.260       1.260       1.260       1.260       1.260       1.260       1.260       1.260       1.260


----   2218 PARAMETER TCoke_Share  

                             01_KOR      02_CHN      03_JPN      04_RUS      05_MNG      07_NAM      08_LAM      09_WEU      10_EEU      11_FSU      12_MEA      13_AFR      14_CPA      15_SAS      16_PAS      17_PAO

f22_TCOKEOVS.p3_ANTCOAL                               0.127                                                       0.002
f22_TCOKEOVS.p4_COKCOAL       1.000       0.967       0.717       1.000       1.000       1.000       1.000       0.993       1.000       1.000       1.000       1.000       1.000       1.000       0.760       0.864
f22_TCOKEOVS.p5_BITCOAL                   0.033       0.155                                                                                                                                           0.240
f22_TCOKEOVS.p6_SUBCOAL                                                                                                                                                                                           0.136
f22_TCOKEOVS.p7_LIGNITE                                                                                           0.005


----   2218 PARAMETER TBlast_Share  

                               01_KOR      03_JPN      04_RUS      07_NAM      08_LAM      09_WEU      10_EEU      15_SAS      16_PAS      17_PAO

f20_TBLASTFUR.p3_ANTCOAL                                                                    0.045
f20_TBLASTFUR.p4_COKCOAL        1.000       1.000                                           0.170       0.629
f20_TBLASTFUR.p5_BITCOAL                                1.000       1.000                   0.785       0.347       1.000       1.000       1.000
f20_TBLASTFUR.p11_COALTAR                                                       1.000                   0.024


----   2268 PARAMETER Coal_DIO  Intermediate consumption of coal products by industry j in region z

                               01_KOR      02_CHN      03_JPN      04_RUS      05_MNG      06_PRK      07_NAM      08_LAM      09_WEU      10_EEU      11_FSU      12_MEA      13_AFR      14_CPA      15_SAS      16_PAS      17_PAO

p3_ANTCOAL .01_AGRICULT                                                                   157.131                              11.065       1.652       5.913
p3_ANTCOAL .05_MINING                                                                                                                                   1.726                              28.289
p3_ANTCOAL .06_FOODPRO                                                                                 15.550                  24.630       0.004       9.834                              48.435
p3_ANTCOAL .07_TEXTILES                                                                                 1.794                               0.454                                          98.995
p3_ANTCOAL .08_WOODPRO                                                                                                                                                                      0.023
p3_ANTCOAL .09_PAPERPRO                                                                                 2.990                  14.569                                                      42.336
p3_ANTCOAL .11_CHEMICAL                                                                                12.560                  57.620     172.997       0.288                              52.960
p3_ANTCOAL .12_NONMET                    3247.074                                                                   0.039      67.602     122.777      28.773     205.671                 551.670                  22.050
p3_ANTCOAL .13_IRONSTL        880.592                 276.509                                                       1.150    1296.286     183.641     747.857                   2.050      70.980                 110.796       7.015
p3_ANTCOAL .14_NONFERR                                                                                171.387       5.592                   0.197      21.637                1472.532                              20.790
p3_ANTCOAL .15_MACHINE                                                                                                          0.242       0.361       0.345                               0.157
p3_ANTCOAL .16_TRANSEQ                                                                                                                                                                      0.151
p3_ANTCOAL .17_OTHERIND       207.083                                                    6042.636      20.933      42.030       0.003       8.651                               0.191      88.546                              79.715
p3_ANTCOAL .20_eCoal         1000.268                                                                 344.991       7.087     131.269      45.882    1162.412                           31657.933
p3_ANTCOAL .27_CONSTRUC                                                                    25.801                                           0.009                                           2.164
p3_ANTCOAL .28_LTRP                                                                       686.139
p3_ANTCOAL .31_SER                                                                        977.878       1.579                  19.137       5.133      23.939                              27.440
p4_COKCOAL .02_COAL                                                                                                                                                                                    29.832                   0.196
p4_COKCOAL .04_GAS                                                                                                                                                  9.348
p4_COKCOAL .06_FOODPRO                                                                                                                      2.405
p4_COKCOAL .07_TEXTILES                                                                                                                     0.150
p4_COKCOAL .11_CHEMICAL                                                                                            11.698                                                                             491.966
p4_COKCOAL .12_NONMET                                                                                             914.319       0.231      22.731       0.642
p4_COKCOAL .13_IRONSTL      12324.349   62769.516   18448.020   12326.897       7.232                3418.478     944.000    5779.948    2857.308    1657.862      42.145     740.558     398.025    9464.537    1200.143     527.347
p4_COKCOAL .14_NONFERR                                                                                              0.035                                                                                        3872.659
p4_COKCOAL .15_MACHINE                                                                                                                      0.312
p4_COKCOAL .16_TRANSEQ                                                                                                                      0.027
p4_COKCOAL .17_OTHERIND                                                                                          1455.989                   0.023                1493.021                            1574.291
p4_COKCOAL .20_eCoal                                                                                                          349.812      34.162       5.064                                       19487.628
p4_COKCOAL .31_SER                                                                                                                          0.069
p5_BITCOAL .01_AGRICULT                 11174.448                  38.742                  38.370                   0.088       9.285     716.084      93.494                 257.030                                           1.074
p5_BITCOAL .02_COAL                     14846.320                 201.119                              10.482                              22.595     194.548                  11.259                  71.912                   0.646
p5_BITCOAL .04_GAS                      18123.888                                                                                                                            1741.111                  45.107
p5_BITCOAL .05_MINING                    3955.884                                                                 147.116      93.419      11.701     396.213                 392.666     159.297                              26.395
p5_BITCOAL .06_FOODPRO                  12357.874       0.679      92.325                            1121.956     739.848     595.577     561.843      52.035      17.709      65.187     272.731                 445.286     185.687
p5_BITCOAL .07_TEXTILES        43.976    2265.548                   0.258                              31.705     103.990     233.703       9.058       2.650                   2.155     557.426      43.893     287.312      15.283
p5_BITCOAL .08_WOODPRO                    262.528                  10.288                                           0.034      15.787      33.062       0.681                  20.905       0.443                               4.285
p5_BITCOAL .09_PAPERPRO                  3670.995    1571.465       0.006                             826.262     299.119     481.853     230.501       0.946                  12.096     238.391     576.255     477.845
p5_BITCOAL .10_PETROLCOAL                              64.050                                                                              16.592                           14045.049
p5_BITCOAL .11_CHEMICAL        70.264   31745.595    2592.189     161.035                            1090.252      76.037    1241.337    1153.447      14.132                1049.465     298.210     524.975    1633.911     145.479
p5_BITCOAL .12_NONMET        2152.046  110872.092    2892.146     652.890                            4675.740     297.152    3010.686     847.288    2116.951    2011.496    1889.578    3106.388   19380.251    7395.290     377.351
p5_BITCOAL .13_IRONSTL                  62966.909    2639.632   10140.474                            4704.068    2202.957   13525.218    1426.209     922.122                1984.804     399.681   48558.763    9292.147     734.343
p5_BITCOAL .14_NONFERR                  12187.789      31.175                                          31.214     644.661     249.204      19.129    1624.586       2.091      14.309                 262.053                 348.044
p5_BITCOAL .15_MACHINE                   1675.791       0.002       1.296                              28.470                  19.011      24.431      31.300                   1.306       0.886                  14.655
p5_BITCOAL .16_TRANSEQ                    321.587       4.881       4.708                                           0.993     199.463      14.604       1.037                   0.533       0.222
p5_BITCOAL .17_OTHERIND                 40992.183       6.901       2.810     108.021    1475.561     546.427     687.961     316.325      43.697      38.223     248.289    4169.313     348.724   19245.695    3717.599      17.302
p5_BITCOAL .20_eCoal        46730.114 1182900.565   61420.844   38336.769    1080.245     438.635  101529.817   18247.396   43214.962   22759.715   34570.000   11573.034   67463.931    1460.914  213115.196   48033.432   16973.345
p5_BITCOAL .27_CONSTRUC                  3311.675                  11.698                   6.300                               4.403      13.071      25.136                              12.186
p5_BITCOAL .28_LTRP                                     0.860                   2.606     167.550                               9.974       0.314      22.321                   3.491
p5_BITCOAL .31_SER                      26497.618       0.194     644.380     254.560     238.789     182.501       0.010    2719.621     570.884     831.794                1344.227                9614.216                   4.788
p6_SUBCOAL .01_AGRICULT                                                                    11.874      20.775                   0.787                                                                                          48.720
p6_SUBCOAL .02_COAL                                                                                     0.457                                                                                                                  15.450
p6_SUBCOAL .05_MINING                                                                                              78.767                                                                 173.356                              70.604
p6_SUBCOAL .06_FOODPRO                                                                               1696.815      21.505                                                                 296.802                 201.532     311.325
p6_SUBCOAL .07_TEXTILES                                                                                                                                                                   606.624                  20.063       1.305
p6_SUBCOAL .08_WOODPRO                                                                                                                      0.054                                           0.482                              10.354
p6_SUBCOAL .09_PAPERPRO                                                                               149.331     102.282                  22.944                                         259.430                1635.298      42.179
p6_SUBCOAL .11_CHEMICAL                                                                               367.910     134.527                   0.010                                         379.603                  17.426       0.388
p6_SUBCOAL .12_NONMET                                                                                 182.019     159.904      75.607      46.180                              23.474    3380.553               11738.647     176.734
p6_SUBCOAL .13_IRONSTL                                                                                                                    211.030                                         434.956                 166.222      83.003
p6_SUBCOAL .14_NONFERR                                                                                                                                                                                                       1101.232
p6_SUBCOAL .15_MACHINE                                                                                                                                                                      0.964
p6_SUBCOAL .16_TRANSEQ                                                                                                                                                                      0.241
p6_SUBCOAL .17_OTHERIND                                                                   456.643     344.356       7.161     293.685       0.054                                         379.501                2040.007       2.223
p6_SUBCOAL .20_eCoal         4819.154                                                      70.459  138289.019    4136.613     840.930     286.731                                         967.085   48788.478   64355.817   11245.385
p6_SUBCOAL .27_CONSTRUC                                                                     1.950                                                                                          13.261
p6_SUBCOAL .28_LTRP                                                                        51.852                                           0.103
p6_SUBCOAL .31_SER                                                                         73.898     193.832                               0.054     357.275                                                                  12.422
p7_LIGNITE .01_AGRICULT                                            11.637       1.410                                           0.611      20.979       6.795                                                                   0.248
p7_LIGNITE .02_COAL                                                21.949                                                                 274.645       1.599
p7_LIGNITE .04_GAS                                                                                   1724.590                             447.093
p7_LIGNITE .05_MINING                                              18.222                                           7.739      10.106       1.432      18.556
p7_LIGNITE .06_FOODPRO                                              7.629                              13.013       7.007     621.509      48.947       7.686                                                       1.781     106.455
p7_LIGNITE .07_TEXTILES                                                                                                       617.922       9.616       1.870                                          36.936       1.463
p7_LIGNITE .08_WOODPRO                                                                                                                      0.460                                                                               0.104
p7_LIGNITE .09_PAPERPRO                                             0.014                                                      86.881      49.808       0.077                                         124.489      11.960
p7_LIGNITE .11_CHEMICAL                                                                               121.954                 413.268     254.845                                                      68.401       1.336
p7_LIGNITE .12_NONMET                                               3.969                                           0.937     590.143     132.035     253.855       0.030                            1594.650     124.689       1.742
p7_LIGNITE .13_IRONSTL                                                                                                         13.951       6.070       2.954                                           7.980
p7_LIGNITE .14_NONFERR                                                                                                        200.160      46.072       3.655                                          12.996
p7_LIGNITE .15_MACHINE                                              0.075                                                       0.815      12.801       0.044
p7_LIGNITE .16_TRANSEQ                                              1.119                                                       1.630       4.047
p7_LIGNITE .17_OTHERIND                                             0.128      17.858                             105.311       0.307       3.907       2.428                              65.651                  80.211
p7_LIGNITE .20_eCoal                                            24176.200    2113.971               16778.905     481.925   40166.816   39153.056    1600.029                  57.130    3309.238    8283.779    3705.547   10570.158
p7_LIGNITE .27_CONSTRUC                                             2.523                                                                  14.619       0.790                                         106.021
p7_LIGNITE .28_LTRP                                                            17.952                                                                   4.085
p7_LIGNITE .31_SER                                                 92.163     315.400                                         303.808     106.514     111.546                                                                  15.684
p8_PATFUEL .01_AGRICULT                                                                                                                     5.038
p8_PATFUEL .02_COAL                        41.473
p8_PATFUEL .05_MINING                      48.261
p8_PATFUEL .06_FOODPRO                     73.504                                                                                           0.014
p8_PATFUEL .07_TEXTILES                   103.623                                                                                           0.005
p8_PATFUEL .08_WOODPRO                      1.717
p8_PATFUEL .09_PAPERPRO                    60.824
p8_PATFUEL .11_CHEMICAL                  1537.302
p8_PATFUEL .12_NONMET                     381.409                                                                                           0.024
p8_PATFUEL .13_IRONSTL                   1323.071
p8_PATFUEL .14_NONFERR                     32.031
p8_PATFUEL .15_MACHINE                     12.134
p8_PATFUEL .16_TRANSEQ                      4.058
p8_PATFUEL .17_OTHERIND                    86.106
p8_PATFUEL .27_CONSTRUC                                                                                                                     0.031
p8_PATFUEL .31_SER                        158.364                                                                   1.391                   6.019      25.008
p11_COALTAR.02_COAL                        51.999
p11_COALTAR.04_GAS                       1145.746                                                                                          31.988
p11_COALTAR.05_MINING                       1.360
p11_COALTAR.06_FOODPRO                      0.160
p11_COALTAR.11_CHEMICAL                  4999.060                                                                                                                                                                               8.530
p11_COALTAR.12_NONMET                     177.998                                                                                          14.643                   0.126
p11_COALTAR.13_IRONSTL                   2436.611                                                                4244.043      80.932      84.605      57.529                                                                   1.706
p11_COALTAR.14_NONFERR                    164.958                                                                                                                                                                              27.297
p11_COALTAR.15_MACHINE                     25.440
p11_COALTAR.17_OTHERIND                    57.999                                                                                                                                                                              88.713
p11_COALTAR.20_eCoal                                                                                                8.075                   3.972
p12_BKB    .01_AGRICULT                                                                                                         0.203       8.319
p12_BKB    .02_COAL                                                                                                             0.468       0.190
p12_BKB    .05_MINING                                                                                                          58.476
p12_BKB    .06_FOODPRO                                                                                                         83.178       5.597
p12_BKB    .07_TEXTILES                                                                                                                     0.016
p12_BKB    .08_WOODPRO                                                                                                                      0.006
p12_BKB    .09_PAPERPRO                                                                                                       133.870      10.661
p12_BKB    .11_CHEMICAL                                                                                                        50.696       0.824
p12_BKB    .12_NONMET                                                                                                        1082.243      45.303
p12_BKB    .13_IRONSTL                                                                                                        154.416
p12_BKB    .14_NONFERR                                                                                                          0.013       0.028
p12_BKB    .15_MACHINE                                                                                                          2.565       0.060
p12_BKB    .16_TRANSEQ                                                                                                                      0.021
p12_BKB    .17_OTHERIND                                                                                             0.860      17.513       0.133                                                                   3.821
p12_BKB    .20_eCoal                                                                                                          397.294     166.769
p12_BKB    .27_CONSTRUC                                                                                                         2.410       4.392
p12_BKB    .31_SER                                                                                                              2.154      33.705      59.879                   0.478
p15_BLFURGS.11_CHEMICAL                               103.592                                                                   6.913
p15_BLFURGS.12_NONMET                                   5.369                                                                   3.774       0.005
p15_BLFURGS.13_IRONSTL       2521.922   75071.961    5189.109    3406.648                  24.509    2512.826    1117.976    5114.128    1331.054    1496.504     270.279     432.899               10326.276    1205.891     431.976
p15_BLFURGS.14_NONFERR                                 34.170
p15_BLFURGS.20_eCoal         2870.725   27228.876    4411.176    1781.122                             483.878    1305.154    5240.303     762.006     602.775     198.944                                         598.484     131.172
p16_OGASES .02_COAL                                                                                                                        27.137
p16_OGASES .11_CHEMICAL                                                                                                                    28.216
p16_OGASES .12_NONMET                                  51.203                                                                               1.335
p16_OGASES .13_IRONSTL        183.557   11586.709     788.691                                                     186.488                  94.536      30.954                                                     121.666
p16_OGASES .14_NONFERR                                                                                                                     29.973
p16_OGASES .20_eCoal          536.558    7462.731     251.557                                                      37.067                  72.027      59.425                                                     128.819


----   2268 PARAMETER CoalR_DIO  Intermediate consumption ratio of coal products by industry j in region z

                               01_KOR      02_CHN      03_JPN      04_RUS      05_MNG      06_PRK      07_NAM      08_LAM      09_WEU      10_EEU      11_FSU      12_MEA      13_AFR      14_CPA      15_SAS      16_PAS      17_PAO

p3_ANTCOAL .01_AGRICULT                                                                     0.758                               0.504       0.002       0.056
p3_ANTCOAL .05_MINING                                                                                                                                   0.004                               0.078
p3_ANTCOAL .06_FOODPRO                                                                                  0.005                   0.019 5.817632E-6       0.141                               0.078
p3_ANTCOAL .07_TEXTILES                                                                                 0.054                               0.024                                           0.078
p3_ANTCOAL .08_WOODPRO                                                                                                                                                                      0.024
p3_ANTCOAL .09_PAPERPRO                                                                                 0.003                   0.020                                                       0.078
p3_ANTCOAL .11_CHEMICAL                                                                                 0.008                   0.033       0.107       0.020                               0.072
p3_ANTCOAL .12_NONMET                       0.028                                                             2.834552E-5       0.014       0.100       0.012       0.093                   0.078                   0.001
p3_ANTCOAL .13_IRONSTL          0.055                   0.010                                                 1.322469E-4       0.050       0.030       0.152                   0.001       0.054                   0.009       0.004
p3_ANTCOAL .14_NONFERR                                                                                  0.846       0.009                   0.002       0.013                   0.990                               0.005
p3_ANTCOAL .15_MACHINE                                                                                                          0.011       0.010       0.011                               0.078
p3_ANTCOAL .16_TRANSEQ                                                                                                                                                                      0.246
p3_ANTCOAL .17_OTHERIND         1.000                                                       0.758       0.023       0.018 4.619066E-6       0.153                         4.588075E-5       0.100                               0.424
p3_ANTCOAL .20_eCoal            0.018                                                                   0.001 2.925528E-4       0.001       0.001       0.031                               0.847
p3_ANTCOAL .27_CONSTRUC                                                                     0.758                                     2.677293E-4                                           0.078
p3_ANTCOAL .28_LTRP                                                                         0.758
p3_ANTCOAL .31_SER                                                                          0.758       0.004                   0.006       0.007       0.017                               1.000
p4_COKCOAL .02_COAL                                                                                                                                                                                     0.293                   0.012
p4_COKCOAL .04_GAS                                                                                                                                                  1.000
p4_COKCOAL .06_FOODPRO                                                                                                                      0.004
p4_COKCOAL .07_TEXTILES                                                                                                                     0.008
p4_COKCOAL .11_CHEMICAL                                                                                             0.053                                                                               0.453
p4_COKCOAL .12_NONMET                                                                                               0.666 4.771975E-5       0.018 2.676005E-4
p4_COKCOAL .13_IRONSTL          0.775       0.290       0.675       0.476       1.000                   0.321       0.109       0.223       0.461       0.337       0.135       0.234       0.305       0.138       0.099       0.295
p4_COKCOAL .14_NONFERR                                                                                        5.382230E-5                                                                                           0.995
p4_COKCOAL .15_MACHINE                                                                                                                      0.008
p4_COKCOAL .16_TRANSEQ                                                                                                                      0.001
p4_COKCOAL .17_OTHERIND                                                                                             0.633             4.055689E-4                   0.857                               0.076
p4_COKCOAL .20_eCoal                                                                                                            0.004       0.001 1.332537E-4                                           0.067
p4_COKCOAL .31_SER                                                                                                                    9.524104E-5
p5_BITCOAL .01_AGRICULT                     1.000                   0.769                   0.185                   1.000       0.423       0.952       0.880                   1.000                                           0.021
p5_BITCOAL .02_COAL                         0.994                   0.902                               0.958                               0.070       0.992                   1.000                   0.707                   0.040
p5_BITCOAL .04_GAS                          0.941                                                                                                                               1.000                   1.000
p5_BITCOAL .05_MINING                       0.988                                                                   0.630       0.577       0.891       0.951                   1.000       0.441                               0.272
p5_BITCOAL .06_FOODPRO                      0.994       1.000       0.924                               0.394       0.963       0.450       0.908       0.748       1.000       1.000       0.441                   0.687       0.308
p5_BITCOAL .07_TEXTILES         1.000       0.956                   1.000                               0.946       1.000       0.274       0.469       0.586                   1.000       0.441       0.543       0.930       0.921
p5_BITCOAL .08_WOODPRO                      0.994                   1.000                                           1.000       1.000       0.985       1.000                   1.000       0.467                               0.291
p5_BITCOAL .09_PAPERPRO                     0.984       1.000       0.285                               0.844       0.745       0.672       0.734       0.925                   1.000       0.441       0.822       0.225
p5_BITCOAL .10_PETROLCOAL                               1.000                                                                               1.000                               1.000
p5_BITCOAL .11_CHEMICAL         1.000       0.829       0.962       1.000                               0.685       0.342       0.701       0.716       0.980                   1.000       0.408       0.484       0.989       0.942
p5_BITCOAL .12_NONMET           1.000       0.967       0.981       0.994                               0.963       0.217       0.623       0.688       0.882       0.907       0.988       0.441       0.924       0.384       0.679
p5_BITCOAL .13_IRONSTL                      0.291       0.097       0.392                               0.442       0.253       0.521       0.230       0.188                   0.628       0.307       0.710       0.768       0.411
p5_BITCOAL .14_NONFERR                      0.984       0.477                                           0.154       0.991       0.555       0.201       0.985       1.000       0.010                   0.953                   0.236
p5_BITCOAL .15_MACHINE                      0.978       1.000       0.945                               1.000                   0.840       0.643       0.988                   1.000       0.441                   1.000
p5_BITCOAL .16_TRANSEQ                      0.988       1.000       0.808                                           1.000       0.992       0.781       1.000                   1.000       0.361
p5_BITCOAL .17_OTHERIND                     0.996       1.000       0.956       0.858       0.185       0.599       0.299       0.504       0.774       0.940       0.143       1.000       0.395       0.924       0.636       0.092
p5_BITCOAL .20_eCoal            0.835       0.972       0.929       0.596       0.338       0.862       0.394       0.753       0.478       0.360       0.910       0.983       0.999       0.039       0.736       0.411       0.436
p5_BITCOAL .27_CONSTRUC                     1.000                   0.823                   0.185                               0.646       0.407       0.970                               0.441
p5_BITCOAL .28_LTRP                                     1.000                   0.127       0.185                               1.000       0.754       0.845                   1.000
p5_BITCOAL .31_SER                          0.994       1.000       0.875       0.447       0.185       0.483       0.007       0.893       0.790       0.590                   1.000                   1.000                   0.146
p6_SUBCOAL .01_AGRICULT                                                                     0.057       1.000                   0.036                                                                                           0.974
p6_SUBCOAL .02_COAL                                                                                     0.042                                                                                                                   0.948
p6_SUBCOAL .05_MINING                                                                                               0.337                                                                   0.480                               0.728
p6_SUBCOAL .06_FOODPRO                                                                                  0.596       0.028                                                                   0.480                   0.311       0.516
p6_SUBCOAL .07_TEXTILES                                                                                                                                                                     0.480                   0.065       0.079
p6_SUBCOAL .08_WOODPRO                                                                                                                      0.002                                           0.508                               0.702
p6_SUBCOAL .09_PAPERPRO                                                                                 0.153       0.255                   0.073                                           0.480                   0.770       1.000
p6_SUBCOAL .11_CHEMICAL                                                                                 0.231       0.605             6.147775E-6                                           0.519                   0.011       0.003
p6_SUBCOAL .12_NONMET                                                                                   0.037       0.117       0.016       0.037                               0.012       0.480                   0.609       0.318
p6_SUBCOAL .13_IRONSTL                                                                                                                      0.034                                           0.334                   0.014       0.046
p6_SUBCOAL .14_NONFERR                                                                                                                                                                                                          0.746
p6_SUBCOAL .15_MACHINE                                                                                                                                                                      0.480
p6_SUBCOAL .16_TRANSEQ                                                                                                                                                                      0.393
p6_SUBCOAL .17_OTHERIND                                                                     0.057       0.378       0.003       0.468       0.001                                           0.430                   0.349       0.012
p6_SUBCOAL .20_eCoal            0.086                                                       0.138       0.537       0.171       0.009       0.005                                           0.026       0.168       0.551       0.289
p6_SUBCOAL .27_CONSTRUC                                                                     0.057                                                                                           0.480
p6_SUBCOAL .28_LTRP                                                                         0.057                                           0.246
p6_SUBCOAL .31_SER                                                                          0.057       0.513                         7.503000E-5       0.253                                                                   0.378
p7_LIGNITE .01_AGRICULT                                             0.231       1.000                                           0.028       0.028       0.064                                                                   0.005
p7_LIGNITE .02_COAL                                                 0.098                                                                   0.846       0.008
p7_LIGNITE .04_GAS                                                                                      1.000                               0.933
p7_LIGNITE .05_MINING                                               1.000                                           0.033       0.062       0.109       0.045
p7_LIGNITE .06_FOODPRO                                              0.076                               0.005       0.009       0.469       0.079       0.111                                                       0.003       0.176
p7_LIGNITE .07_TEXTILES                                                                                                         0.726       0.498       0.414                                           0.457       0.005
p7_LIGNITE .08_WOODPRO                                                                                                                      0.014                                                                               0.007
p7_LIGNITE .09_PAPERPRO                                             0.715                                                       0.121       0.159       0.075                                           0.178       0.006
p7_LIGNITE .11_CHEMICAL                                                                                 0.077                   0.234       0.158                                                       0.063       0.001
p7_LIGNITE .12_NONMET                                               0.006                                           0.001       0.122       0.107       0.106 1.371023E-5                               0.076       0.006       0.003
p7_LIGNITE .13_IRONSTL                                                                                                          0.001       0.001       0.001                                     1.167406E-4
p7_LIGNITE .14_NONFERR                                                                                                          0.445       0.483       0.002                                           0.047
p7_LIGNITE .15_MACHINE                                              0.055                                                       0.036       0.337       0.001
p7_LIGNITE .16_TRANSEQ                                              0.192                                                       0.008       0.216
p7_LIGNITE .17_OTHERIND                                             0.044       0.142                               0.046 4.885061E-4       0.069       0.060                               0.074                   0.014
p7_LIGNITE .20_eCoal                                                0.376       0.662                   0.065       0.020       0.445       0.619       0.042                   0.001       0.088       0.029       0.032       0.272
p7_LIGNITE .27_CONSTRUC                                             0.177                                                                   0.455       0.030                                           1.000
p7_LIGNITE .28_LTRP                                                             0.873                                                                   0.155
p7_LIGNITE .31_SER                                                  0.125       0.553                                           0.100       0.147       0.079                                                                   0.477
p8_PATFUEL .01_AGRICULT                                                                                                                     0.007
p8_PATFUEL .02_COAL                         0.003
p8_PATFUEL .05_MINING                       0.012
p8_PATFUEL .06_FOODPRO                      0.006                                                                                     2.230092E-5
p8_PATFUEL .07_TEXTILES                     0.044                                                                                     2.383642E-4
p8_PATFUEL .08_WOODPRO                      0.006
p8_PATFUEL .09_PAPERPRO                     0.016
p8_PATFUEL .11_CHEMICAL                     0.040
p8_PATFUEL .12_NONMET                       0.003                                                                                     1.963774E-5
p8_PATFUEL .13_IRONSTL                      0.006
p8_PATFUEL .14_NONFERR                      0.003
p8_PATFUEL .15_MACHINE                      0.007
p8_PATFUEL .16_TRANSEQ                      0.012
p8_PATFUEL .17_OTHERIND                     0.002
p8_PATFUEL .27_CONSTRUC                                                                                                                     0.001
p8_PATFUEL .31_SER                          0.006                                                                   0.993                   0.008       0.018
p11_COALTAR.02_COAL                         0.003
p11_COALTAR.04_GAS                          0.059                                                                                           0.067
p11_COALTAR.05_MINING                 3.395327E-4
p11_COALTAR.06_FOODPRO                1.287049E-5
p11_COALTAR.11_CHEMICAL                     0.131                                                                                                                                                                               0.055
p11_COALTAR.12_NONMET                       0.002                                                                                           0.012             5.691548E-5
p11_COALTAR.13_IRONSTL                      0.011                                                                   0.488       0.003       0.014       0.012                                                                   0.001
p11_COALTAR.14_NONFERR                      0.013                                                                                                                                                                               0.018
p11_COALTAR.15_MACHINE                      0.015
p11_COALTAR.17_OTHERIND                     0.001                                                                                                                                                                               0.472
p11_COALTAR.20_eCoal                                                                                          3.333730E-4             6.275804E-5
p12_BKB    .01_AGRICULT                                                                                                         0.009       0.011
p12_BKB    .02_COAL                                                                                                             1.000       0.001
p12_BKB    .05_MINING                                                                                                           0.361
p12_BKB    .06_FOODPRO                                                                                                          0.063       0.009
p12_BKB    .07_TEXTILES                                                                                                                     0.001
p12_BKB    .08_WOODPRO                                                                                                                1.667595E-4
p12_BKB    .09_PAPERPRO                                                                                                         0.187       0.034
p12_BKB    .11_CHEMICAL                                                                                                         0.029       0.001
p12_BKB    .12_NONMET                                                                                                           0.224       0.037
p12_BKB    .13_IRONSTL                                                                                                          0.006
p12_BKB    .14_NONFERR                                                                                                    2.959647E-5 2.976977E-4
p12_BKB    .15_MACHINE                                                                                                          0.113       0.002
p12_BKB    .16_TRANSEQ                                                                                                                      0.001
p12_BKB    .17_OTHERIND                                                                                       3.739380E-4       0.028       0.002                                                                   0.001
p12_BKB    .20_eCoal                                                                                                            0.004       0.003
p12_BKB    .27_CONSTRUC                                                                                                         0.354       0.137
p12_BKB    .31_SER                                                                                                              0.001       0.047       0.042             3.552453E-4
p15_BLFURGS.11_CHEMICAL                                 0.038                                                                   0.004
p15_BLFURGS.12_NONMET                                   0.002                                                                   0.001 4.057385E-6
p15_BLFURGS.13_IRONSTL          0.159       0.347       0.190       0.132                   1.000       0.236       0.129       0.197       0.215       0.304       0.865       0.137                   0.151       0.100       0.242
p15_BLFURGS.14_NONFERR                                  0.523
p15_BLFURGS.20_eCoal            0.051       0.022       0.067       0.028                               0.002       0.054       0.058       0.012       0.016       0.017                                           0.005       0.003
p16_OGASES .02_COAL                                                                                                                         0.084
p16_OGASES .11_CHEMICAL                                                                                                                     0.018
p16_OGASES .12_NONMET                                   0.017                                                                               0.001
p16_OGASES .13_IRONSTL          0.012       0.054       0.029                                                       0.021                   0.015       0.006                                                       0.010
p16_OGASES .14_NONFERR                                                                                                                      0.314
p16_OGASES .20_eCoal            0.010       0.006       0.004                                                       0.002                   0.001       0.002                                                       0.001


----   2268 PARAMETER CoalR_CO  Household consumption ratio of coal products in region z

                01_KOR      02_CHN      04_RUS      05_MNG      06_PRK      08_LAM      09_WEU      10_EEU      11_FSU      12_MEA      13_AFR      14_CPA      15_SAS      17_PAO

p3_ANTCOAL                                                       0.758                   0.071 3.255096E-4       0.013                   0.010       1.000
p5_BITCOAL                   0.942       0.794       0.735       0.185       1.000       0.457       0.847       0.843       1.000       0.990                   0.843       0.016
p6_SUBCOAL                                                       0.057                   0.057 1.088295E-5                                                                   0.794
p7_LIGNITE                               0.206       0.265                               0.277       0.116       0.145                                                       0.114
p8_PATFUEL       1.000       0.058                                                                         6.943841E-5
p12_BKB                                                                                  0.137       0.036                                                       0.157       0.076


----   2314 PARAMETER Gas_DIO  Intermediate consumption of gas products by industry j in region z

                                01_KOR      02_CHN      03_JPN      04_RUS      07_NAM      08_LAM      09_WEU      10_EEU      11_FSU      12_MEA      13_AFR      14_CPA      15_SAS      16_PAS      17_PAO

p13_GASWKSGS.02_COAL                                                                                                 5.415
p13_GASWKSGS.04_GAS                      -5958.472                           -1129.213                            -342.156                  -1.593    -442.025                 -24.050                  -0.817
p13_GASWKSGS.05_MINING                      39.255                                                                                                       6.470
p13_GASWKSGS.06_FOODPRO                     45.495                                                                                                      22.270
p13_GASWKSGS.07_TEXTILES                     0.201
p13_GASWKSGS.09_PAPERPRO                     1.812                                                                                                      84.781
p13_GASWKSGS.11_CHEMICAL                   656.661                                                                                                     113.693
p13_GASWKSGS.12_NONMET                     285.452                                                                                                       3.525
p13_GASWKSGS.13_IRONSTL                                                                                                                                126.462                  24.050
p13_GASWKSGS.14_NONFERR                   1803.905                                                                                                      37.059
p13_GASWKSGS.15_MACHINE                    127.024                                                                                                       2.279
p13_GASWKSGS.16_TRANSEQ                      4.026
p13_GASWKSGS.17_OTHERIND                    97.633                                                                                                      45.486
p13_GASWKSGS.21_eGas                                                                                               335.365
p13_GASWKSGS.31_SER                        192.650                                                                                                                                                       0.817
p20_NATGAS  .01_AGRICULT         4.095     103.771       1.478    1233.756    2435.281      33.431    3543.938     439.592     428.503    1980.891                             196.499       3.712      57.957
p20_NATGAS  .02_COAL                                                           101.691      82.035      11.994      10.623                                                                               0.331
p20_NATGAS  .04_GAS                      12481.544     103.444   10743.139   76365.016   24220.186   10064.786     765.221    6307.825   30907.816    3554.354                 874.010   13477.105    1441.651
p20_NATGAS  .05_MINING                    1725.238                1980.046    5506.719     986.019     679.821     166.026     683.737      45.830       0.131                                         124.775
p20_NATGAS  .06_FOODPRO        681.248    5715.051    1844.947    1331.073   17148.455    3166.671   13517.668    2267.158    1171.045     586.008     217.511      17.095                 361.301    1170.664
p20_NATGAS  .07_TEXTILES       302.871    4454.597     204.719      55.611    1273.439    1315.006    2695.960     295.355     287.611     128.606      36.825       3.869                 196.327     122.586
p20_NATGAS  .08_WOODPRO         13.777     376.070      23.388     230.810    1756.784      10.504     420.941     137.292      16.570                   1.335                               4.578      67.394
p20_NATGAS  .09_PAPERPRO       269.279    2083.010     692.135     550.867   10004.284    2185.369    6094.826     779.919      86.942      66.044      18.076       4.499                 294.596     314.243
p20_NATGAS  .10_PETROLCOAL               10821.399     188.913               23492.593    7901.127    9714.638    1836.002     368.807    7331.298     159.816                6711.827    1378.209     181.090
p20_NATGAS  .11_CHEMICAL       893.892   25023.936    1970.700    8417.939   58081.654    6877.029   19184.514    2100.992    3007.838   17408.685    2495.800     305.916     677.231    5680.602    2015.998
p20_NATGAS  .12_NONMET         594.748   13617.301     766.582    8109.009   10401.610    4056.977   12792.850    2797.144    2381.522    6039.976     343.121     134.963       5.920    1111.884    1148.608
p20_NATGAS  .13_IRONSTL       1556.013   10620.874    2313.316   11668.097   11175.093    6848.724    7900.999    1483.723    2195.388    3866.103     469.650     226.738     506.163     930.517     201.194
p20_NATGAS  .14_NONFERR        245.590    4370.605     369.681                4334.977     700.156                 648.932     251.788                  34.224                              82.314    2743.451
p20_NATGAS  .15_MACHINE       1012.753   11672.636    1422.420    1350.295    8644.179      42.118    6301.600    1036.403     210.727                  17.863      19.795                 782.223      13.768
p20_NATGAS  .16_TRANSEQ        457.318    3736.215     657.237     798.581    4472.050     199.844    2394.317     607.709      93.474       3.705      11.006      10.797                  39.599       1.576
p20_NATGAS  .17_OTHERIND      1386.349    7279.424     517.249     684.401   15745.810    8021.450    3708.211     480.405    1164.668   85894.987    2355.884       2.339   15196.275   19051.505       6.690
p20_NATGAS  .21_eGas         24932.197   46502.599   63699.128  205616.257  297941.134   80494.570  125153.436   13272.507   55729.652  253629.959   12534.293    7067.000   37684.730   81208.472   13272.344
p20_NATGAS  .27_CONSTRUC         3.475     235.159      56.382    3765.803     687.757      51.245    2485.622     287.792     124.406       5.400       0.026                  24.091       5.082      71.427
p20_NATGAS  .28_LTRP          1190.138   25022.417      33.415   28238.262   27077.415    8177.254    3214.925     949.069    7787.824    8210.599       1.959      34.000    5477.779    1878.566     463.028
p20_NATGAS  .29_WTRP                                                                                    75.337
p20_NATGAS  .31_SER           3998.200   12183.047    9173.255    5638.547   96834.016    2609.541   42475.730    5627.433   11172.721   14301.065      43.085                3114.501     710.120    1458.974
p23_NGL     .04_GAS                                                                                                                        117.344
p23_NGL     .11_CHEMICAL                                 1.607                                                      25.130
p23_NGL     .13_IRONSTL                                                                                              3.076
p23_NGL     .14_NONFERR                                                                                              2.417
p23_NGL     .17_OTHERIND                                                                                                         0.500
p23_NGL     .21_eGas                                     0.877


----   2314 PARAMETER GasR_DIO  Intermediate consumption ratio of gas products by industry j in region z

                                01_KOR      02_CHN      03_JPN      04_RUS      07_NAM      08_LAM      09_WEU      10_EEU      11_FSU      12_MEA      13_AFR      14_CPA      15_SAS      16_PAS      17_PAO

p13_GASWKSGS.02_COAL                                                                                                 0.338
p13_GASWKSGS.05_MINING                       0.022                                                                                                       0.980
p13_GASWKSGS.06_FOODPRO                      0.008                                                                                                       0.093
p13_GASWKSGS.07_TEXTILES               4.518723E-5
p13_GASWKSGS.09_PAPERPRO                     0.001                                                                                                       0.824
p13_GASWKSGS.11_CHEMICAL                     0.026                                                                                                       0.044
p13_GASWKSGS.12_NONMET                       0.021                                                                                                       0.010
p13_GASWKSGS.13_IRONSTL                                                                                                                                  0.212                   0.045
p13_GASWKSGS.14_NONFERR                      0.292                                                                                                       0.520
p13_GASWKSGS.15_MACHINE                      0.011                                                                                                       0.113
p13_GASWKSGS.16_TRANSEQ                      0.001
p13_GASWKSGS.17_OTHERIND                     0.013                                                                                                       0.019
p13_GASWKSGS.21_eGas                                                                                                 0.025
p13_GASWKSGS.31_SER                          0.016                                                                                                                                                       0.001
p20_NATGAS  .01_AGRICULT         1.000       1.000       1.000       1.000       1.000       1.000       1.000       1.000       1.000       1.000                               1.000       1.000       1.000
p20_NATGAS  .02_COAL                                                             1.000       1.000       1.000       0.662                                                                               1.000
p20_NATGAS  .04_GAS                          1.913       1.000       1.000       1.015       1.000       1.000       1.809       1.000       0.996       1.142                   1.028       1.000       1.001
p20_NATGAS  .05_MINING                       0.978                   1.000       1.000       1.000       1.000       1.000       1.000       1.000       0.020                                           1.000
p20_NATGAS  .06_FOODPRO          1.000       0.992       1.000       1.000       1.000       1.000       1.000       1.000       1.000       1.000       0.907       1.000                   1.000       1.000
p20_NATGAS  .07_TEXTILES         1.000       1.000       1.000       1.000       1.000       1.000       1.000       1.000       1.000       1.000       1.000       1.000                   1.000       1.000
p20_NATGAS  .08_WOODPRO          1.000       1.000       1.000       1.000       1.000       1.000       1.000       1.000       1.000                   1.000                               1.000       1.000
p20_NATGAS  .09_PAPERPRO         1.000       0.999       1.000       1.000       1.000       1.000       1.000       1.000       1.000       1.000       0.176       1.000                   1.000       1.000
p20_NATGAS  .10_PETROLCOAL                   1.000       1.000                   1.000       1.000       1.000       1.000       1.000       1.000       1.000                   1.000       1.000       1.000
p20_NATGAS  .11_CHEMICAL         1.000       0.974       0.999       1.000       1.000       1.000       1.000       0.988       1.000       1.000       0.956       1.000       1.000       1.000       1.000
p20_NATGAS  .12_NONMET           1.000       0.979       1.000       1.000       1.000       1.000       1.000       1.000       1.000       1.000       0.990       1.000       1.000       1.000       1.000
p20_NATGAS  .13_IRONSTL          1.000       1.000       1.000       1.000       1.000       1.000       1.000       0.998       1.000       1.000       0.788       1.000       0.955       1.000       1.000
p20_NATGAS  .14_NONFERR          1.000       0.708       1.000                   1.000       1.000                   0.996       1.000                   0.480                               1.000       1.000
p20_NATGAS  .15_MACHINE          1.000       0.989       1.000       1.000       1.000       1.000       1.000       1.000       1.000                   0.887       1.000                   1.000       1.000
p20_NATGAS  .16_TRANSEQ          1.000       0.999       1.000       1.000       1.000       1.000       1.000       1.000       1.000       1.000       1.000       1.000                   1.000       1.000
p20_NATGAS  .17_OTHERIND         1.000       0.987       1.000       1.000       1.000       1.000       1.000       1.000       1.000       1.000       0.981       1.000       1.000       1.000       1.000
p20_NATGAS  .21_eGas             1.000       1.000       1.000       1.000       1.000       1.000       1.000       0.975       1.000       1.000       1.000       1.000       1.000       1.000       1.000
p20_NATGAS  .27_CONSTRUC         1.000       1.000       1.000       1.000       1.000       1.000       1.000       1.000       1.000       1.000       1.000                   1.000       1.000       1.000
p20_NATGAS  .28_LTRP             1.000       1.000       1.000       1.000       1.000       1.000       1.000       1.000       1.000       1.000       1.000       1.000       1.000       1.000       1.000
p20_NATGAS  .29_WTRP                                                                                     1.000
p20_NATGAS  .31_SER              1.000       0.984       1.000       1.000       1.000       1.000       1.000       1.000       1.000       1.000       1.000                   1.000       1.000       0.999
p23_NGL     .04_GAS                                                                                                                          0.004
p23_NGL     .11_CHEMICAL                                 0.001                                                       0.012
p23_NGL     .13_IRONSTL                                                                                              0.002
p23_NGL     .14_NONFERR                                                                                              0.004
p23_NGL     .17_OTHERIND                                                                                                   4.295515E-4
p23_NGL     .21_eGas                               1.377551E-5


----   2314 PARAMETER GasR_CO  Household consumption ratio of gas products in region z

                  01_KOR      02_CHN      03_JPN      04_RUS      07_NAM      08_LAM      09_WEU      10_EEU      11_FSU      12_MEA      13_AFR      15_SAS      16_PAS      17_PAO

p13_GASWKSGS                   0.019                                                                                     2.999937E-5
p20_NATGAS         1.000       0.981       1.000       1.000       1.000       1.000       1.000       1.000       1.000       1.000       1.000       1.000       1.000       1.000


----   2357 PARAMETER Oil_DIO  Intermediate consumption of crudeoil by industry j in region z

                                02_CHN      03_JPN      04_RUS      08_LAM      10_EEU      11_FSU      12_MEA      16_PAS      17_PAO

p22_CRUDEOIL.01_AGRICULT                                11.276
p22_CRUDEOIL.02_COAL                                     0.151
p22_CRUDEOIL.03_OIL           2684.200                  91.766     264.506       2.002    1103.552    3190.448      19.075      22.890
p22_CRUDEOIL.06_FOODPRO                                  1.407       0.190                                                       3.850
p22_CRUDEOIL.07_TEXTILES                                                                                                        11.137
p22_CRUDEOIL.08_WOODPRO                                  0.010
p22_CRUDEOIL.09_PAPERPRO                                             8.574
p22_CRUDEOIL.10_PETROLCOAL                                                                             402.394     539.716
p22_CRUDEOIL.11_CHEMICAL                     2.576       0.010       0.042
p22_CRUDEOIL.12_NONMET                                   0.010       0.927
p22_CRUDEOIL.13_IRONSTL                                 11.758       0.893
p22_CRUDEOIL.15_MACHINE                                  0.050
p22_CRUDEOIL.17_OTHERIND       580.800                             202.831                            1569.039
p22_CRUDEOIL.27_CONSTRUC                                 4.693
p22_CRUDEOIL.28_LTRP                                                 3.373                   1.470       4.410
p22_CRUDEOIL.31_SER                                      1.729


----   2357 PARAMETER OilR_DIO  Intermediate consumption ratio of crudeoil by industry j in region z

                                02_CHN      03_JPN      04_RUS      08_LAM      10_EEU      11_FSU      12_MEA      16_PAS      17_PAO

p22_CRUDEOIL.01_AGRICULT                                 1.000
p22_CRUDEOIL.02_COAL                                     1.000
p22_CRUDEOIL.03_OIL              1.000                   1.000       1.000       1.000       1.000       1.000       1.000       1.000
p22_CRUDEOIL.06_FOODPRO                                  1.000       1.000                                                       1.000
p22_CRUDEOIL.07_TEXTILES                                                                                                         1.000
p22_CRUDEOIL.08_WOODPRO                                  1.000
p22_CRUDEOIL.09_PAPERPRO                                             1.000
p22_CRUDEOIL.10_PETROLCOAL                                                                               1.000       1.000
p22_CRUDEOIL.11_CHEMICAL                     1.000       1.000       1.000
p22_CRUDEOIL.12_NONMET                                   1.000       1.000
p22_CRUDEOIL.13_IRONSTL                                  1.000       1.000
p22_CRUDEOIL.15_MACHINE                                  1.000
p22_CRUDEOIL.17_OTHERIND         1.000                               1.000                               1.000
p22_CRUDEOIL.27_CONSTRUC                                 1.000
p22_CRUDEOIL.28_LTRP                                                 1.000                   1.000       1.000
p22_CRUDEOIL.31_SER                                      1.000


----   2407 PARAMETER Oilp_DIO  Intermediate consumption of petrolcoal by industry j in region z

                                  01_KOR      02_CHN      03_JPN      04_RUS      05_MNG      06_PRK      07_NAM      08_LAM      09_WEU      10_EEU      11_FSU      12_MEA      13_AFR      14_CPA      15_SAS      16_PAS      17_PAO

p9_OVENCOKE   .01_AGRICULT                   381.895       0.023                                                                   0.163       2.822
p9_OVENCOKE   .02_COAL                       313.094                                                                                           0.007
p9_OVENCOKE   .05_MINING                    1018.002       2.708      30.964                             117.191      40.076       4.199       0.469      65.323                                                                  29.665
p9_OVENCOKE   .06_FOODPRO                    806.990                   0.007                                          12.332      90.255      30.386       1.800
p9_OVENCOKE   .07_TEXTILES                     7.936       0.033       0.021                                                       0.031       0.016
p9_OVENCOKE   .08_WOODPRO                      3.776                                                                                           0.028
p9_OVENCOKE   .09_PAPERPRO                     1.600       1.282       0.028                                           3.170
p9_OVENCOKE   .11_CHEMICAL                 16007.839      29.588      18.850                                           0.333      58.124      56.545     217.595                                                                   4.514
p9_OVENCOKE   .12_NONMET                    8578.906     140.324      59.613                              16.526      49.073     183.650     144.937      29.626      43.637                                                       2.579
p9_OVENCOKE   .13_IRONSTL       1242.989   29455.033    1485.691   18359.549                  11.281    2338.408    2308.630    2647.868     342.161    2041.155     182.809     142.927    3587.556    5147.528     457.520     293.422
p9_OVENCOKE   .14_NONFERR                   2599.407     133.890                                           8.197     261.499      22.073      24.623      72.580                                                                  70.937
p9_OVENCOKE   .15_MACHINE                   4612.819       0.486       1.379                                           0.745      22.169       4.113      11.040
p9_OVENCOKE   .16_TRANSEQ                     92.866      53.267      13.541                                           0.402      11.291       0.042       4.065
p9_OVENCOKE   .17_OTHERIND       212.163     624.203                   0.561      31.651                               0.739       0.069       0.090                  56.559      20.433
p9_OVENCOKE   .22_eOil                                    15.655       0.727                                                                   0.716
p9_OVENCOKE   .27_CONSTRUC                    62.081                   0.007                                                       1.016       0.002
p9_OVENCOKE   .28_LTRP                         0.123
p9_OVENCOKE   .31_SER                        150.856     123.675                                                       0.020      52.266      40.513
p10_GASCOKE   .13_IRONSTL                                                                                                                                              5.413
p14_COKEOVGS  .02_COAL                        41.227
p14_COKEOVGS  .05_MINING                     169.267
p14_COKEOVGS  .06_FOODPRO                      2.378
p14_COKEOVGS  .09_PAPERPRO                     6.343
p14_COKEOVGS  .10_PETROLCOAL                                                                                                                  17.224
p14_COKEOVGS  .11_CHEMICAL                  3167.713     588.525                                                                              13.852                                                                   4.449
p14_COKEOVGS  .12_NONMET                    1424.698     131.186      19.076                                                                  42.320
p14_COKEOVGS  .13_IRONSTL       1588.625   13609.157    3091.753    3159.852                             479.880    1424.462                 397.517     667.412      60.321     454.956                1791.376     734.151      18.816
p14_COKEOVGS  .14_NONFERR                    766.657                                                                                           1.648
p14_COKEOVGS  .15_MACHINE                    240.621                   6.664                                                                   0.067
p14_COKEOVGS  .16_TRANSEQ                     20.613
p14_COKEOVGS  .17_OTHERIND                    45.191                                                     640.714
p14_COKEOVGS  .22_eOil           806.685   10724.877    1286.222    1512.719                             129.063     339.731                 911.660     374.076      49.963                             895.688     324.450      56.448
p14_COKEOVGS  .31_SER                         89.192
p27_REFINGAS  .03_OIL                                                                                   5261.896                               1.338
p27_REFINGAS  .10_PETROLCOAL    5059.291   20010.323    4873.535                                       18286.898    8952.209   21274.422    2391.851    1552.176    8935.112    1081.290               17921.585    5346.160    1223.549
p27_REFINGAS  .11_CHEMICAL       370.920     276.321                                                                 268.651    3380.625     970.793                 155.879                                        2928.421
p27_REFINGAS  .13_IRONSTL                                  0.030
p27_REFINGAS  .17_OTHERIND                   176.441                                                                              46.109
p27_REFINGAS  .22_eOil                      2492.391    1882.226                                        1563.327     532.369    2426.263     297.433      72.120                                                     294.203
p27_REFINGAS  .31_SER                                                                                                              0.453
p28_ETHANE    .03_OIL                                                                                                                                                                                                             14.325
p28_ETHANE    .10_PETROLCOAL                                                                              14.214
p28_ETHANE    .11_CHEMICAL                                                                                                       263.164
p29_LPG       .01_AGRICULT         5.608      93.841       2.486      56.385                            1100.368     311.013     803.426     130.952      35.915     138.595       5.731                  29.034       2.076      50.816
p29_LPG       .02_COAL                       501.004                                                                                           0.034                                                                               0.329
p29_LPG       .03_OIL             94.348       1.560                   4.911                              57.617       8.900                   3.616       7.606     401.058                                                       3.964
p29_LPG       .05_MINING           1.684       1.234       0.385       1.351                             180.759     163.429      50.975       7.184       5.449       4.738      17.759                   0.113       1.783      35.593
p29_LPG       .06_FOODPRO         23.777      39.074     293.531      39.915                              54.228     336.502     486.816      84.915      24.756      22.428       8.481      14.144                 107.173      19.160
p29_LPG       .07_TEXTILES         3.738      30.162      48.734       0.659                                          28.210      37.236       9.713       0.625       8.702       9.790      20.672       2.937      30.077       4.324
p29_LPG       .08_WOODPRO          0.230       6.581       1.044       1.373                              80.212       4.011      14.427       9.131                   0.130                   0.326                   4.798       0.925
p29_LPG       .09_PAPERPRO         5.080      31.671      73.161       2.659                              31.633      86.798     128.022       9.695       0.335       0.185                   7.398                  13.722       2.790
p29_LPG       .10_PETROLCOAL     112.970    9060.744     113.429                                         244.799     486.937     302.347       5.046                 216.523      10.905                  42.299     164.691
p29_LPG       .11_CHEMICAL       117.835   11759.126      49.927     203.038                             110.715     208.080     585.683     157.624      23.236     179.430       4.895      26.112      23.386     401.302
p29_LPG       .12_NONMET          15.485     841.932     121.877      17.810                              16.946     194.444     227.324      23.094      32.896      69.098                  72.895                 105.667     101.820
p29_LPG       .13_IRONSTL         63.809     131.616     315.181      12.745                               2.260      55.845     215.792       2.942     101.306                              84.863      69.253     148.272       0.730
p29_LPG       .14_NONFERR         11.557      44.421      77.134                                           1.130      94.232      88.774       9.327       1.102      39.583       9.790                              23.765      16.334
p29_LPG       .15_MACHINE         26.119     220.868     278.119       4.230                             149.126      10.084     219.304      43.250       3.096       1.093       5.014     112.063      27.001     129.239       5.666
p29_LPG       .16_TRANSEQ         19.751      46.751     172.897      15.502                              22.595       0.345      55.849      13.090       3.208       1.260      14.685      63.103                  10.104
p29_LPG       .17_OTHERIND       709.527      88.704      67.147       1.527                              41.800    1852.586     404.437      27.036       2.254     371.576     143.510      20.672     142.568     537.651      87.053
p29_LPG       .22_eOil                        49.920     368.533      22.190                                          45.400      77.101      25.593       0.549                 102.527                   1.695
p29_LPG       .27_CONSTRUC        19.131     192.352      19.348      26.720                             615.709      23.246      80.009      63.186      17.397      15.283       0.002       7.072                  17.428       5.253
p29_LPG       .28_LTRP          3476.636    1870.215     712.914    1338.469                             336.663    2770.440    6725.307    3248.034    2534.660    1092.685      25.523      61.360     218.779    1236.267     373.446
p29_LPG       .29_WTRP             0.898                               2.966                                           0.025
p29_LPG       .30_ATRP             0.309                                                                                                                                           0.586
p29_LPG       .31_SER           1075.610    1957.456    1180.959      23.534                            2514.804    3582.442    2707.891     267.470    1748.265     729.681     348.489     558.781    4302.205    1979.362      54.768
p30_NONBIOGASO.01_AGRICULT                  2607.752                                          18.647    4364.651     155.687     136.290      30.082      12.380      16.877     268.734     136.499                 164.094     172.519
p30_NONBIOGASO.02_COAL                                                                                   767.211                               0.054                                                                               0.031
p30_NONBIOGASO.03_OIL                                                                                    814.293                               0.106                                                                               0.006
p30_NONBIOGASO.05_MINING                                                                                 160.504       4.744       0.007       0.732       0.703       0.030     128.278                              33.720       0.222
p30_NONBIOGASO.06_FOODPRO                                                                                              3.530       0.104       3.304       1.378       1.189      81.296                              19.352       8.393
p30_NONBIOGASO.07_TEXTILES                                                                                             0.343                   1.143       0.014       0.009                                           0.003
p30_NONBIOGASO.08_WOODPRO                                                                                              0.109       0.095       1.446       0.105                   0.184                              16.062       0.053
p30_NONBIOGASO.09_PAPERPRO                                                                                             0.158       0.040       0.744                   0.012       0.878                               0.060
p30_NONBIOGASO.10_PETROLCOAL                               0.148                                          31.845      17.966                                                                                           1.711
p30_NONBIOGASO.11_CHEMICAL                                                                                             1.503     122.177       5.137       0.855                   0.946                               0.135
p30_NONBIOGASO.12_NONMET                                                                                               1.463       0.050       1.061       0.195       0.003       2.230                               0.017       0.002
p30_NONBIOGASO.13_IRONSTL                                                                                              0.090       0.066       0.328       0.291       1.070                                           0.042       0.002
p30_NONBIOGASO.14_NONFERR                                                                                                                      0.017       0.024       0.006       0.774                                           0.033
p30_NONBIOGASO.15_MACHINE                                                                                              0.272      14.799       2.600       0.068                   0.871                               0.305
p30_NONBIOGASO.16_TRANSEQ                                                                                              0.269       5.357       3.345                               3.490                               3.373       1.704
p30_NONBIOGASO.17_OTHERIND                                                                               908.455     185.358       2.382       3.612       3.871      41.746      42.452                   0.878     114.157
p30_NONBIOGASO.22_eOil                                                                                                14.485                   0.019                               0.145
p30_NONBIOGASO.27_CONSTRUC                                                                                            41.021      88.166      16.212       5.659       0.996       6.608                             118.890       1.088
p30_NONBIOGASO.28_LTRP         10334.061  143352.793   37846.045   35932.745     579.421     189.766  402501.060   98332.511   73354.338   12439.515   12929.403   99141.850   36730.520    7690.018   42686.832   65813.961   16123.518
p30_NONBIOGASO.29_WTRP                                                13.977                            4734.141       8.026     424.112       7.238                             108.352                             217.308     268.518
p30_NONBIOGASO.30_ATRP                                                                                                16.502       0.740                                           0.224                               0.214
p30_NONBIOGASO.31_SER                                                                                   1983.867     910.486     310.032      58.049     164.456      87.081     102.207                   5.273     591.803      17.083
p31_AVGAS     .01_AGRICULT                                                                                             0.800
p31_AVGAS     .06_FOODPRO                                                                                              0.007
p31_AVGAS     .17_OTHERIND                                                                                             0.004
p31_AVGAS     .30_ATRP             0.507                   2.233       1.051                             580.979      87.736      49.564      11.135       5.973       8.954      39.707                  85.145       9.102      59.199
p31_AVGAS     .31_SER              2.189                                                                                           1.377       0.032
p33_NONBIOJETK.01_AGRICULT                                                                                             0.400
p33_NONBIOJETK.05_MINING                                                                                              28.645
p33_NONBIOJETK.10_PETROLCOAL                                                                              42.449
p33_NONBIOJETK.11_CHEMICAL                                                                                                                                 0.188                                                       0.823
p33_NONBIOJETK.15_MACHINE                                                                                                          4.108       0.064
p33_NONBIOJETK.16_TRANSEQ          0.010                                                                                                       0.484
p33_NONBIOJETK.17_OTHERIND         0.314                                                                              17.739                               0.004                   0.057
p33_NONBIOJETK.22_eOil                                                                                    14.880
p33_NONBIOJETK.27_CONSTRUC                                                                                                                                 0.004
p33_NONBIOJETK.28_LTRP                                                                                    52.197                                                                                                                   9.049
p33_NONBIOJETK.30_ATRP          1102.172   27270.255    3523.127    5854.113       3.616               66637.542    5401.490    8747.800     159.732     617.036    3130.777    1713.987    1031.194    4305.497    5488.338    3236.572
p33_NONBIOJETK.31_SER            437.591                 766.256                                                       1.138     703.809      19.424      23.901                                                     170.101
p34_OTHKERO   .01_AGRICULT       120.228     211.483     476.254                               0.019      13.600       1.647     317.899       1.090       1.937      11.171     128.443                               2.473
p34_OTHKERO   .02_COAL                         7.725                                                                                           0.002
p34_OTHKERO   .03_OIL              0.638                                                                  10.461                                                                                                                   0.033
p34_OTHKERO   .05_MINING           0.968       4.944       2.565                                           3.138      11.564       0.598       0.001                               2.482                               0.007
p34_OTHKERO   .06_FOODPRO          5.060       1.545     136.999                                                       1.726      19.643       0.001       1.493                   2.910                               0.702       0.513
p34_OTHKERO   .07_TEXTILES         3.421       0.927      38.660                                                                   0.067                                           0.309
p34_OTHKERO   .08_WOODPRO          0.425                  25.810                                                                   0.228       0.001                               0.001                                           0.207
p34_OTHKERO   .09_PAPERPRO         0.560       0.206      22.093                                                                   0.129       0.007       0.422                   0.046                               0.660
p34_OTHKERO   .10_PETROLCOAL                              21.012                                                      19.787                                                                                           0.001
p34_OTHKERO   .11_CHEMICAL         8.006       9.682     117.251                                                                   0.481       1.702       0.495                  38.057                               3.015       1.249
p34_OTHKERO   .12_NONMET           1.349       8.549      64.434                                                                   2.810       0.005       0.401                   0.363                               1.319
p34_OTHKERO   .13_IRONSTL          0.298       0.206      89.441                                                       0.005       0.133                   0.121                                                       1.321
p34_OTHKERO   .14_NONFERR          0.081       5.562      47.295                                                                   0.448       0.006                                                                               0.224
p34_OTHKERO   .15_MACHINE          5.204      35.123     185.332                                                                   1.248       0.036                                                                   1.425
p34_OTHKERO   .16_TRANSEQ          0.869      12.566      47.651                                                                  24.075       0.041       0.126                   0.414
p34_OTHKERO   .17_OTHERIND        44.746       3.811      45.255                               7.219      24.689      48.486     154.164                   1.034      85.873      79.558                  16.677      34.292       2.006
p34_OTHKERO   .22_eOil             1.091                  81.600                                          29.041       9.457       1.851                               3.569      25.156
p34_OTHKERO   .27_CONSTRUC         9.536     165.109     118.996                               0.586       1.046                   0.715       0.005                   4.185      12.431                               0.019
p34_OTHKERO   .28_LTRP             0.694                                                      30.626                  11.772       0.030                   1.480      27.828      60.405                   0.037                   0.365
p34_OTHKERO   .29_WTRP             5.010                                                                                           1.027
p34_OTHKERO   .30_ATRP             0.180                                                                                                                   0.103
p34_OTHKERO   .31_SER            389.014    3043.226    2549.185                               1.299     389.166      33.373    1052.969       2.368       1.043     298.039     301.281                 485.465      44.183       0.057
p35_NONBIODIES.01_AGRICULT      1059.909   15045.383    3732.153    2857.948      90.505      27.219   11332.731   13726.440   15442.331    4240.444    2811.060    4965.492    1999.487    2245.458   11949.603    6616.177    2142.601
p35_NONBIODIES.02_COAL                      1556.507                1805.260                             878.000                  13.391      98.738       3.024                                                                2912.173
p35_NONBIODIES.03_OIL              4.925     413.709                1141.087                            4673.302    1573.649     917.279       8.757     132.066    1308.569       0.186                                         102.149
p35_NONBIODIES.05_MINING          43.395    2775.397     187.389    2047.157     278.221                2480.344    3443.459     680.451     213.737     696.104     273.429    2081.326     264.915    1609.633    1066.153    2634.059
p35_NONBIODIES.06_FOODPRO         28.418     362.913     656.460     522.885                             188.234     417.266     633.046     119.111      60.938     202.420      66.850      52.780                1268.329      34.303
p35_NONBIODIES.07_TEXTILES         4.129     134.843      74.517      15.832                                           9.908     113.877      10.690      10.605       2.261      47.474      35.525      22.649     464.513       1.094
p35_NONBIODIES.08_WOODPRO          1.544     103.427      73.329     180.369                             739.711       3.246     127.920      76.549      13.370       0.265       9.103      21.315                 305.388       4.585
p35_NONBIODIES.09_PAPERPRO         5.040     195.940     122.591      81.348                              70.206     225.825     177.038      20.028       5.165       0.306       4.035      13.195                 124.923       3.687
p35_NONBIODIES.10_PETROLCOAL       0.518     229.906      17.327                                          71.403     192.534      56.831       2.987       6.394     106.957       7.701                              98.556
p35_NONBIODIES.11_CHEMICAL        29.744     406.365     507.721     165.534                                         150.712     385.812      62.023      30.842     178.007       2.940      45.675     549.596     441.448     101.394
p35_NONBIODIES.12_NONMET         127.640    3203.487     472.383     455.629                             324.577     122.972     676.529     123.796     102.739      43.003      21.237     113.680     294.955     501.461      25.101
p35_NONBIODIES.13_IRONSTL          2.592     535.802     220.790                                                      62.399     111.723       9.018     154.809      55.847     286.682      57.855     205.806     274.679      13.197
p35_NONBIODIES.14_NONFERR          3.136     340.473     112.615                                          84.451      12.800      85.063      10.963       8.012       3.565       2.462                  19.029      54.773      46.801
p35_NONBIODIES.15_MACHINE         36.163     738.270     240.196     186.973                             107.853       0.483     545.223      51.172      29.318       0.041       4.809      28.420     127.414     366.291      11.786
p35_NONBIODIES.16_TRANSEQ        101.311     389.637      83.705     177.470                              38.664      16.216     252.566      23.417       8.283      88.790       2.322      20.300                   2.228
p35_NONBIODIES.17_OTHERIND       135.073     439.830     175.279     157.211     317.329      22.951     560.633    4303.032     941.469      32.786       8.711   11729.314    2797.604     188.215    3552.604    4268.934     166.225
p35_NONBIODIES.22_eOil           184.817     300.693     671.782    1442.783     126.261                2156.696    8931.249    2519.053      96.943      29.688   16970.636    3232.368     188.186    2721.393    5330.352    1022.472
p35_NONBIODIES.27_CONSTRUC       657.790    5408.708    1167.755    2603.883                  10.087   11464.451     682.815    4702.718     693.195     621.273     778.766     282.669     404.985     646.480    1792.016     818.040
p35_NONBIODIES.28_LTRP         19250.543   97214.475   21972.895   20036.346     305.037     169.357  153862.397   84577.082  194297.322   39757.480   11393.227   85212.444   30706.537    7495.651   71854.364   50539.633   17469.924
p35_NONBIODIES.29_WTRP           245.885   14873.123    1009.043     408.581                            4260.098    1777.763    4427.328     154.435     167.263      57.778     772.849    1064.077    1381.942    3947.696     349.128
p35_NONBIODIES.30_ATRP             1.338                                                                               7.372                               0.306                  18.926
p35_NONBIODIES.31_SER            870.107    9153.784    5901.336    1312.706                  35.675    7192.591    2253.970   10426.625     789.622    1554.771    3139.716    2271.694     141.335    3227.350    3047.561     757.557
p36_RESFUEL   .01_AGRICULT        29.883      11.900                 457.017                   0.024     173.642     225.095     103.050      14.887      15.297      39.203      33.999                 174.870      34.107
p36_RESFUEL   .02_COAL                         2.700                                                      11.522                               0.573                                                                               1.936
p36_RESFUEL   .03_OIL             11.874       8.700                                                      47.048      32.247       6.821
p36_RESFUEL   .05_MINING           2.648      13.500       0.043      81.074                             399.371     800.371     107.481       4.766       6.108     180.902     188.463       0.198     127.811     123.587      15.231
p36_RESFUEL   .06_FOODPRO         23.511      29.900      17.251       0.191                              22.536     156.220     351.408      66.659      21.912     187.843      49.929       7.036       4.601     462.733       8.090
p36_RESFUEL   .07_TEXTILES        24.585      42.800      24.664       0.019                                          14.652      47.292       7.807       0.048      34.198       5.426       0.694     348.667     227.293       2.016
p36_RESFUEL   .08_WOODPRO          1.700       3.500       4.114       2.064                              16.302     100.039      25.151       5.733       2.866                   2.222                               8.011       2.274
p36_RESFUEL   .09_PAPERPRO        11.169      84.100     386.097     113.920                             120.472     463.975     272.515      33.035       1.826      19.262       3.590                              74.732
p36_RESFUEL   .10_PETROLCOAL     322.783     273.800     939.859                              13.447       8.730    1663.618    1551.469     517.984     186.300    3167.362      77.396                 234.108    2042.590      45.296
p36_RESFUEL   .11_CHEMICAL       244.439     158.200     569.463      40.728                                         111.305     721.510     166.303      26.135      25.311      15.550      12.883     709.092     852.988       3.344
p36_RESFUEL   .12_NONMET         257.886     962.900     467.582      84.504                              53.968     148.089     348.353      25.041      21.294     137.450      37.164      39.640     818.399     676.556       8.464
p36_RESFUEL   .13_IRONSTL          5.810       6.400      74.731     304.519                                          51.761     120.654                 352.146                   4.018      17.838     302.143     619.152       3.028
p36_RESFUEL   .14_NONFERR         20.077     138.200      89.396                                                     700.623     117.216      21.017       2.771      22.791      27.604                  69.527      31.432      25.129
p36_RESFUEL   .15_MACHINE          5.393      54.200       0.502       0.611                                           0.023     124.365       3.621       9.249                   4.118       9.910     197.851      61.709       0.001
p36_RESFUEL   .16_TRANSEQ         55.340      17.100       9.536      28.528                              12.207       0.246      15.327       0.111       0.773                   0.164       2.874                   7.209
p36_RESFUEL   .17_OTHERIND       147.655      52.500      33.683                              23.363      35.526    2035.657      77.686       3.428      95.009   14475.119    1780.185      35.484    1415.954    1046.267      18.522
p36_RESFUEL   .22_eOil           754.729     741.500    3058.675    3623.241       2.881     398.261    2784.115   17185.455    5104.288     570.171     594.387   32953.279    3663.869     380.920    7136.519    3815.641      54.944
p36_RESFUEL   .27_CONSTRUC        14.997     318.400                  13.280                   0.662      17.283      15.411      86.357      13.327      62.504       9.491      22.695                              16.836       9.118
p36_RESFUEL   .28_LTRP             3.810                             113.996                  60.150                   2.160       0.047                   0.622       6.941      91.779                  45.636       0.480       1.518
p36_RESFUEL   .29_WTRP           133.368    9442.012    2119.881     187.733                             855.531    1438.056    1476.736                             233.627       8.117      45.388     770.417     298.019     185.004
p36_RESFUEL   .30_ATRP             0.014
p36_RESFUEL   .31_SER             57.524    1271.988      83.887     140.575                   0.661     335.499     387.368     381.379      47.037     995.819     190.996     126.063                1368.741     596.855      12.570
p37_NAPHTHA   .10_PETROLCOAL                              16.577                                           0.378      79.230                                         101.576                                          65.158
p37_NAPHTHA   .11_CHEMICAL                              6142.133                                                     207.316     824.133     218.592                                                    4480.009
p37_NAPHTHA   .17_OTHERIND                                                                                             0.039      23.541                                          42.510                 105.833      32.692
p37_NAPHTHA   .22_eOil           764.953                   1.969                                                                                                                                         128.919
p38_WHITESP   .05_MINING                                                                                                           0.024
p38_WHITESP   .06_FOODPRO                                                                                                          0.007
p38_WHITESP   .09_PAPERPRO                                 0.049
p38_WHITESP   .10_PETROLCOAL                               0.143
p38_WHITESP   .11_CHEMICAL                                 0.232                                                                   0.001       5.260
p38_WHITESP   .12_NONMET                                   0.223                                                                                           0.009
p38_WHITESP   .13_IRONSTL                                  1.242
p38_WHITESP   .14_NONFERR                                  0.043
p38_WHITESP   .15_MACHINE                                 16.982                                                                   1.418       0.104
p38_WHITESP   .16_TRANSEQ                                 23.978                                                                   0.789
p38_WHITESP   .17_OTHERIND                                                                                                         0.035                   0.007                   8.216
p38_WHITESP   .27_CONSTRUC                                                                                                         0.816       0.044       0.048
p38_WHITESP   .28_LTRP                                                                                                            13.042
p38_WHITESP   .31_SER                                                                                                              0.248
p39_LUBRIC    .01_AGRICULT                                17.541                                                       0.004
p39_LUBRIC    .03_OIL                                                                                                                                      0.267
p39_LUBRIC    .06_FOODPRO                                                                                              0.059
p39_LUBRIC    .10_PETROLCOAL                              76.970                                           0.710       1.003       0.262
p39_LUBRIC    .11_CHEMICAL                                                                                                                                 0.190
p39_LUBRIC    .12_NONMET                                                                                                                                   0.237
p39_LUBRIC    .15_MACHINE                                                                                                                                  1.136
p39_LUBRIC    .17_OTHERIND                                                                                             0.004                   9.178
p39_LUBRIC    .27_CONSTRUC                                                                                                                                 0.602
p39_LUBRIC    .28_LTRP                                                                                                                                     4.845
p39_LUBRIC    .29_WTRP                                                                                                 1.391
p39_LUBRIC    .31_SER                                                                                                  0.001                              99.749
p40_BITUMEN   .10_PETROLCOAL                             426.775                                           2.522      79.297       0.241
p40_BITUMEN   .12_NONMET                                                                                                                                 127.870
p40_BITUMEN   .22_eOil                                  1737.091
p40_BITUMEN   .27_CONSTRUC                                                                                                                               200.320                   0.056
p40_BITUMEN   .28_LTRP                                                                                                                                     1.988
p42_PETCOKE   .03_OIL             13.381                                                                2591.834
p42_PETCOKE   .05_MINING                                                                                             323.383      13.758                  15.286
p42_PETCOKE   .06_FOODPRO                                                                                             83.161       1.544       1.089                   0.127
p42_PETCOKE   .09_PAPERPRO                                60.322                                          16.815                   3.057       0.173
p42_PETCOKE   .10_PETROLCOAL     313.689                 232.015                                       11816.368     145.666    3442.147     440.113                               1.040                             425.964     191.872
p42_PETCOKE   .11_CHEMICAL                               591.339                                         524.230     140.351      25.879     228.390      24.458
p42_PETCOKE   .12_NONMET         182.237                 535.761                                        1259.578    7077.740    6481.558     947.806      27.341    1553.059     235.859                6790.250
p42_PETCOKE   .13_IRONSTL                                534.446                                           4.334     212.056      22.727       2.042      24.357
p42_PETCOKE   .14_NONFERR                                  3.433                                         184.714     447.200      91.229       1.141      69.942       4.369
p42_PETCOKE   .15_MACHINE                                                                                135.282      43.578
p42_PETCOKE   .17_OTHERIND                  5975.684                2586.874                             839.484    1151.091     168.805                             130.302       2.064                9801.324     147.221
p42_PETCOKE   .22_eOil           635.343    3098.194     865.244                                        2587.930    1608.809      44.330      90.318
p42_PETCOKE   .28_LTRP                                                                                                             0.241
p42_PETCOKE   .31_SER                                                                                                                          0.081
p43_ONONSPEC  .01_AGRICULT                                                                                                                     3.630
p43_ONONSPEC  .02_COAL                         4.784                                                                                           0.320                                                                               0.353
p43_ONONSPEC  .03_OIL                        161.094                                                                                           0.081
p43_ONONSPEC  .05_MINING                       3.128                                                                               0.955       0.168                               0.986                                          63.248
p43_ONONSPEC  .06_FOODPRO                      5.612                                                                               0.256      10.792                               0.986                                          46.557
p43_ONONSPEC  .07_TEXTILES                    11.132                                                                                           1.137
p43_ONONSPEC  .09_PAPERPRO                     4.048      21.114                                                                  21.974       1.590                                                                              45.788
p43_ONONSPEC  .10_PETROLCOAL               20156.234     181.884                                           9.371    1066.140     763.169     127.269                 126.929                                          23.872      50.595
p43_ONONSPEC  .11_CHEMICAL                 15892.547     520.297                                                    2020.215      44.176     104.991      15.911
p43_ONONSPEC  .12_NONMET                     118.405     246.134                                                                 204.475       2.352       1.911                   4.258                                          36.332
p43_ONONSPEC  .13_IRONSTL                      7.820                                                                                           0.007       0.955                   1.972                              10.745       3.850
p43_ONONSPEC  .14_NONFERR                     46.093      40.466                                                                   7.643                   0.955                                                                 192.728
p43_ONONSPEC  .15_MACHINE                     77.465       0.011                                                                   3.800       0.372                                                                               0.003
p43_ONONSPEC  .16_TRANSEQ                     21.620                                                                               0.955       1.551       4.777
p43_ONONSPEC  .17_OTHERIND                 14351.786                                                                 190.089       3.821       0.020       0.955     449.217       3.726                  49.367    3458.661       2.986
p43_ONONSPEC  .22_eOil           137.389     286.583     280.960     847.313                             260.619     218.288    3066.518       2.159     111.493                  32.964                              11.731      77.386
p43_ONONSPEC  .27_CONSTRUC                   811.541                                                                               1.886                   2.006                   0.986                                           0.017
p43_ONONSPEC  .28_LTRP                                                                                                 0.522       0.051                             101.271                                                       0.595
p43_ONONSPEC  .29_WTRP                                                                                                             0.003
p43_ONONSPEC  .30_ATRP                                                                                                                                   182.478       0.287
p43_ONONSPEC  .31_SER                                                                                                 18.832       1.440       6.579     360.944                  10.745                 265.597      21.018       0.021


----   2407 PARAMETER Oilp_CO  Household consumption of petrolcoal products in region z

                    01_KOR      02_CHN      03_JPN      04_RUS      06_PRK      07_NAM      08_LAM      09_WEU      10_EEU      11_FSU      12_MEA      13_AFR      14_CPA      15_SAS      16_PAS      17_PAO

p9_OVENCOKE                     81.986                                                                   7.056      47.802
p14_COKEOVGS                   260.045
p29_LPG            741.706   34256.313    4648.856   12095.271                5044.294   19511.826    4828.603    1315.130    1689.802   17974.803    2988.202    1877.809   27206.732   13916.823     454.071
p30_NONBIOGASO                                                                               6.643     300.380       5.255     514.262                  16.671                               0.920       0.011
p34_OTHKERO       1611.124     452.516    6725.908                             329.167     377.970    2886.297                 154.635    4455.622    1492.721      17.957    2462.503     595.145
p35_NONBIODIES     557.828    3043.603                2409.187       4.468   11074.291      11.774   23415.999     281.679    1937.833     600.067     351.920                  56.868      12.396       2.896
p36_RESFUEL        188.475                              14.426                               9.734       5.783                   3.587                                           0.014
p39_LUBRIC                                                                                                                       2.144
p41_PARWAX                                                                                                                                   2.055
p42_PETCOKE                                                                                             29.090      29.226
p43_ONONSPEC                                                                                                                    60.200                   1.787


----   2407 PARAMETER OilpR_DIO  Intermediate consumption ratio of petrolcoal products by industry j in region z

                                  01_KOR      02_CHN      03_JPN      04_RUS      05_MNG      06_PRK      07_NAM      08_LAM      09_WEU      10_EEU      11_FSU      12_MEA      13_AFR      14_CPA      15_SAS      16_PAS      17_PAO

p9_OVENCOKE   .01_AGRICULT                     0.021 5.486635E-6                                                             9.718411E-6       0.001
p9_OVENCOKE   .02_COAL                         0.129                                                                                     7.319859E-5
p9_OVENCOKE   .05_MINING                       0.255       0.014       0.014                               0.035       0.008       0.005       0.002       0.083                                                                   0.011
p9_OVENCOKE   .06_FOODPRO                      0.646             1.225581E-5                                           0.012       0.057       0.096       0.016
p9_OVENCOKE   .07_TEXTILES                     0.035 1.746975E-4       0.001                                                 1.551624E-4       0.001
p9_OVENCOKE   .08_WOODPRO                      0.032                                                                                     2.982076E-4
p9_OVENCOKE   .09_PAPERPRO                     0.005       0.002 1.399314E-4                                           0.004
p9_OVENCOKE   .11_CHEMICAL                     0.336       0.003       0.044                                     1.070303E-4       0.009       0.028       0.640                                                                   0.041
p9_OVENCOKE   .12_NONMET                       0.567       0.064       0.094                               0.010       0.006       0.023       0.111       0.086       0.024                                                       0.015
p9_OVENCOKE   .13_IRONSTL          0.428       0.673       0.256       0.841                   1.000       0.828       0.561       0.849       0.454       0.611       0.598       0.160       0.957       0.685       0.204       0.881
p9_OVENCOKE   .14_NONFERR                      0.660       0.266                                           0.029       0.172       0.054       0.358       0.467                                                                   0.201
p9_OVENCOKE   .15_MACHINE                      0.771       0.001       0.007                                           0.014       0.024       0.039       0.205
p9_OVENCOKE   .16_TRANSEQ                      0.154       0.136       0.058                                           0.023       0.031       0.001       0.191
p9_OVENCOKE   .17_OTHERIND         0.170       0.029             2.043935E-4       0.091                         7.553534E-5 3.796942E-5       0.001                   0.002       0.004
p9_OVENCOKE   .22_eOil                                     0.002 9.763763E-5                                                             3.589952E-4
p9_OVENCOKE   .27_CONSTRUC                     0.009             2.609791E-6                                                 2.048297E-4 2.544627E-6
p9_OVENCOKE   .28_LTRP                   5.069346E-7
p9_OVENCOKE   .31_SER                          0.010       0.012                                                 2.810384E-6       0.003       0.033
p10_GASCOKE   .13_IRONSTL                                                                                                                                              0.018
p14_COKEOVGS  .02_COAL                         0.017
p14_COKEOVGS  .05_MINING                       0.042
p14_COKEOVGS  .06_FOODPRO                      0.002
p14_COKEOVGS  .09_PAPERPRO                     0.020
p14_COKEOVGS  .10_PETROLCOAL                                                                                                                   0.005
p14_COKEOVGS  .11_CHEMICAL                     0.066       0.065                                                                               0.007                                                                   0.001
p14_COKEOVGS  .12_NONMET                       0.094       0.060       0.030                                                                   0.032
p14_COKEOVGS  .13_IRONSTL          0.547       0.311       0.532       0.145                               0.170       0.346                   0.527       0.200       0.197       0.511                   0.238       0.327       0.056
p14_COKEOVGS  .14_NONFERR                      0.195                                                                                           0.024
p14_COKEOVGS  .15_MACHINE                      0.040                   0.033                                                                   0.001
p14_COKEOVGS  .16_TRANSEQ                      0.034
p14_COKEOVGS  .17_OTHERIND                     0.002                                                       0.210
p14_COKEOVGS  .22_eOil             0.246       0.606       0.125       0.203                               0.014       0.012                   0.457       0.316       0.001                               0.082       0.033       0.047
p14_COKEOVGS  .31_SER                          0.006
p27_REFINGAS  .03_OIL                                                                                      0.391                               0.096
p27_REFINGAS  .10_PETROLCOAL       0.871       0.402       0.706                                           0.599       0.705       0.777       0.683       0.890       0.706       0.918                   0.985       0.654       0.810
p27_REFINGAS  .11_CHEMICAL         0.481       0.006                                                                   0.086       0.527       0.488                   0.289                                           0.632
p27_REFINGAS  .13_IRONSTL                            5.143374E-6
p27_REFINGAS  .17_OTHERIND                     0.008                                                                               0.025
p27_REFINGAS  .22_eOil                         0.141       0.184                                           0.164       0.018       0.183       0.149       0.061                                                       0.030
p27_REFINGAS  .31_SER                                                                                                        2.895421E-5
p28_ETHANE    .03_OIL                                                                                                                                                                                                              0.119
p28_ETHANE    .10_PETROLCOAL                                                                         4.655862E-4
p28_ETHANE    .11_CHEMICAL                                                                                                         0.041
p29_LPG       .01_AGRICULT         0.005       0.005       0.001       0.017                               0.065       0.022       0.048       0.030       0.012       0.027       0.002                   0.002 3.044174E-4       0.021
p29_LPG       .02_COAL                         0.206                                                                                     3.419276E-4                                                                         1.129743E-4
p29_LPG       .03_OIL              0.754       0.003                   0.004                               0.004       0.006                   0.260       0.054       0.235                                                       0.033
p29_LPG       .05_MINING           0.035 3.095242E-4       0.002       0.001                               0.054       0.034       0.059       0.032       0.007       0.010       0.007             6.503384E-5       0.001       0.013
p29_LPG       .06_FOODPRO          0.294       0.031       0.266       0.071                               0.205       0.333       0.308       0.269       0.220       0.054       0.040       0.191                   0.058       0.164
p29_LPG       .07_TEXTILES         0.104       0.132       0.261       0.040                                           0.531       0.188       0.318       0.055       0.193       0.155       0.363       0.008       0.042       0.582
p29_LPG       .08_WOODPRO          0.059       0.056       0.010       0.007                               0.096       0.037       0.086       0.098                   0.329                   0.015                   0.014       0.115
p29_LPG       .09_PAPERPRO         0.233       0.098       0.107       0.013                               0.132       0.111       0.212       0.149       0.043       0.009                   0.359                   0.064       0.053
p29_LPG       .10_PETROLCOAL       0.019       0.182       0.016                                           0.008       0.038       0.011       0.001                   0.017       0.009                   0.002       0.020
p29_LPG       .11_CHEMICAL         0.153       0.247       0.005       0.474                               0.174       0.067       0.091       0.079       0.068       0.333       0.078       0.308       0.004       0.087
p29_LPG       .12_NONMET           0.026       0.056       0.056       0.028                               0.010       0.026       0.028       0.018       0.095       0.037                   0.322                   0.082       0.584
p29_LPG       .13_IRONSTL          0.022       0.003       0.054       0.001                               0.001       0.014       0.069       0.004       0.030                               0.023       0.009       0.066       0.002
p29_LPG       .14_NONFERR          0.332       0.011       0.153                                           0.004       0.062       0.215       0.136       0.007       0.563       0.241                               0.216       0.046
p29_LPG       .15_MACHINE          0.358       0.037       0.385       0.021                               0.380       0.183       0.234       0.410       0.057       0.963       0.339       0.745       0.077       0.231       0.325
p29_LPG       .16_TRANSEQ          0.111       0.078       0.442       0.066                               0.308       0.020       0.153       0.311       0.151       0.014       0.697       0.731                   0.441
p29_LPG       .17_OTHERIND         0.568       0.004       0.209       0.001                               0.014       0.189       0.222       0.355       0.020       0.014       0.029       0.085       0.009       0.056       0.315
p29_LPG       .22_eOil                         0.003       0.036       0.003                                           0.002       0.006       0.013 4.645981E-4                   0.015             1.556934E-4
p29_LPG       .27_CONSTRUC         0.027       0.028       0.015       0.010                               0.051       0.030       0.016       0.080       0.019       0.019 7.067186E-6       0.017                   0.009       0.006
p29_LPG       .28_LTRP             0.105       0.008       0.012       0.023                               0.001       0.015       0.025       0.059       0.094       0.006 3.774693E-4       0.004       0.002       0.011       0.011
p29_LPG       .29_WTRP             0.002                               0.005                                     7.720305E-6
p29_LPG       .30_ATRP       2.794878E-4                                                                                                                                     3.306021E-4
p29_LPG       .31_SER              0.380       0.125       0.111       0.016                               0.203       0.498       0.173       0.217       0.353       0.164       0.110       0.798       0.446       0.307       0.065
p30_NONBIOGASO.01_AGRICULT                     0.142                                           0.406       0.257       0.011       0.008       0.007       0.004       0.003       0.110       0.057                   0.024       0.073
p30_NONBIOGASO.02_COAL                                                                                     0.463                               0.001                                                                         1.060099E-5
p30_NONBIOGASO.03_OIL                                                                                      0.061                               0.008                                                                         5.312208E-5
p30_NONBIOGASO.05_MINING                                                                                   0.048       0.001 8.620212E-6       0.003       0.001 6.534537E-5       0.053                               0.028 7.976912E-5
p30_NONBIOGASO.06_FOODPRO                                                                                              0.003 6.575791E-5       0.010       0.012       0.003       0.386                               0.010       0.072
p30_NONBIOGASO.07_TEXTILES                                                                                             0.006                   0.037       0.001 1.903914E-4                                     4.294306E-6
p30_NONBIOGASO.08_WOODPRO                                                                                              0.001       0.001       0.016       0.006                   0.016                               0.048       0.007
p30_NONBIOGASO.09_PAPERPRO                                                                                       2.028398E-4 6.635968E-5       0.011                   0.001       0.103                         2.783797E-4
p30_NONBIOGASO.10_PETROLCOAL                         2.146478E-5                                           0.001       0.001                                                                                     2.094947E-4
p30_NONBIOGASO.11_CHEMICAL                                                                                       4.834218E-4       0.019       0.003       0.003                   0.015                         2.911983E-5
p30_NONBIOGASO.12_NONMET                                                                                         1.926840E-4 6.215576E-6       0.001       0.001 1.733243E-6       0.007                         1.299591E-5 1.204823E-5
p30_NONBIOGASO.13_IRONSTL                                                                                        2.199138E-5 2.122500E-5 4.350046E-4 8.708911E-5       0.004                                     1.861185E-5 6.305445E-6
p30_NONBIOGASO.14_NONFERR                                                                                                                2.443896E-4 1.557410E-4 9.101976E-5       0.019                                     9.370041E-5
p30_NONBIOGASO.15_MACHINE                                                                                              0.005       0.016       0.025       0.001                   0.059                               0.001
p30_NONBIOGASO.16_TRANSEQ                                                                                              0.015       0.015       0.079                               0.166                               0.147       1.000
p30_NONBIOGASO.17_OTHERIND                                                                                 0.298       0.019       0.001       0.047       0.035       0.002       0.009             5.823586E-5       0.012
p30_NONBIOGASO.22_eOil                                                                                                 0.001             9.473624E-6                         2.051855E-5
p30_NONBIOGASO.27_CONSTRUC                                                                                             0.054       0.018       0.021       0.006       0.001       0.020                               0.061       0.001
p30_NONBIOGASO.28_LTRP             0.313       0.591       0.625       0.626       0.655       0.422       0.723       0.530       0.267       0.224       0.481       0.534       0.543       0.504       0.372       0.560       0.475
p30_NONBIOGASO.29_WTRP                                                 0.023                               0.481       0.002       0.067       0.045                               0.122                               0.049       0.335
p30_NONBIOGASO.30_ATRP                                                                                                 0.003 8.409766E-5                                     1.260833E-4                         3.892570E-5
p30_NONBIOGASO.31_SER                                                                                      0.160       0.127       0.020       0.047       0.033       0.020       0.032                   0.001       0.092       0.020
p31_AVGAS     .01_AGRICULT                                                                                       5.548126E-5
p31_AVGAS     .06_FOODPRO                                                                                        7.419840E-6
p31_AVGAS     .17_OTHERIND                                                                                       4.394561E-7
p31_AVGAS     .30_ATRP       4.591133E-4                   0.001 1.794826E-4                               0.009       0.016       0.006       0.065       0.007       0.003       0.022                   0.019       0.002       0.018
p31_AVGAS     .31_SER              0.001                                                                                     8.803282E-5 2.558533E-5
p33_NONBIOJETK.01_AGRICULT                                                                                       2.775797E-5
p33_NONBIOJETK.05_MINING                                                                                               0.006
p33_NONBIOJETK.10_PETROLCOAL                                                                               0.001
p33_NONBIOJETK.11_CHEMICAL                                                                                                                                 0.001                                                 1.776116E-4
p33_NONBIOJETK.15_MACHINE                                                                                                          0.004       0.001
p33_NONBIOJETK.16_TRANSEQ    5.415162E-5                                                                                                       0.011
p33_NONBIOJETK.17_OTHERIND   2.509048E-4                                                                               0.002                         3.665771E-5             1.148301E-5
p33_NONBIOJETK.22_eOil                                                                                     0.002
p33_NONBIOJETK.27_CONSTRUC                                                                                                                           4.506417E-6
p33_NONBIOJETK.28_LTRP                                                                               9.375336E-5                                                                                                             2.663220E-4
p33_NONBIOJETK.30_ATRP             0.998       1.000       0.999       1.000       1.000                   0.991       0.980       0.994       0.935       0.766       0.997       0.966       1.000       0.981       0.998       0.982
p33_NONBIOJETK.31_SER              0.155                   0.072                                                 1.582858E-4       0.045       0.016       0.005                                                       0.026
p34_OTHKERO   .01_AGRICULT         0.099       0.012       0.113                         4.095022E-4       0.001 1.141800E-4       0.019 2.464563E-4       0.001       0.002       0.053                         3.626084E-4
p34_OTHKERO   .02_COAL                         0.003                                                                                     2.105713E-5
p34_OTHKERO   .03_OIL              0.005                                                                   0.001                                                                                                             2.722507E-4
p34_OTHKERO   .05_MINING           0.020       0.001       0.013                                           0.001       0.002       0.001 4.404177E-6                               0.001                         5.631509E-6
p34_OTHKERO   .06_FOODPRO          0.063       0.001       0.124                                                       0.002       0.012 3.161989E-6       0.013                   0.014                         3.778208E-4       0.004
p34_OTHKERO   .07_TEXTILES         0.095       0.004       0.207                                                             3.365210E-4                                           0.005
p34_OTHKERO   .08_WOODPRO          0.109                   0.247                                                                   0.001 1.076562E-5                         8.688022E-5                                           0.026
p34_OTHKERO   .09_PAPERPRO         0.026       0.001       0.032                                                             2.146736E-4 1.103088E-4       0.054                   0.005                               0.003
p34_OTHKERO   .10_PETROLCOAL                               0.003                                                       0.002                                                                                     1.346603E-7
p34_OTHKERO   .11_CHEMICAL         0.010 2.030715E-4       0.013                                                             7.497156E-5       0.001       0.001                   0.610                               0.001       0.011
p34_OTHKERO   .12_NONMET           0.002       0.001       0.030                                                             3.458937E-4 3.891904E-6       0.001                   0.001                               0.001
p34_OTHKERO   .13_IRONSTL    1.026816E-4 4.708998E-6       0.015                                                 1.263593E-6 4.248206E-5             3.625970E-5                                                       0.001
p34_OTHKERO   .14_NONFERR          0.002       0.001       0.094                                                                   0.001 9.019139E-5                                                                               0.001
p34_OTHKERO   .15_MACHINE          0.071       0.006       0.257                                                                   0.001 3.415589E-4                                                                   0.003
p34_OTHKERO   .16_TRANSEQ          0.005       0.021       0.122                                                                   0.066       0.001       0.006                   0.020
p34_OTHKERO   .17_OTHERIND         0.036 1.751528E-4       0.141                               0.135       0.008       0.005       0.085                   0.009       0.003       0.016                   0.001       0.004       0.007
p34_OTHKERO   .22_eOil       3.321759E-4                   0.008                                           0.003 3.274059E-4 1.397873E-4                         7.142021E-5       0.004
p34_OTHKERO   .27_CONSTRUC         0.014       0.024       0.091                               0.052 8.646535E-5             1.440640E-4 6.488800E-6                   0.005       0.038                         9.613463E-6
p34_OTHKERO   .28_LTRP       2.097942E-5                                                       0.068             6.339553E-5 1.086044E-7             5.508775E-5 1.499464E-4       0.001             3.240259E-7             1.073623E-5
p34_OTHKERO   .29_WTRP             0.013                                                                                     1.622636E-4
p34_OTHKERO   .30_ATRP       1.632383E-4                                                                                                             1.275599E-4
p34_OTHKERO   .31_SER              0.137       0.194       0.240                               0.035       0.031       0.005       0.067       0.002 2.107519E-4       0.067       0.095                   0.050       0.007 6.816639E-5
p35_NONBIODIES.01_AGRICULT         0.872       0.820       0.883       0.848       1.000       0.593       0.667       0.952       0.919       0.959       0.977       0.960       0.821       0.943       0.983       0.970       0.906
p35_NONBIODIES.02_COAL                         0.641                   1.000                               0.530                   1.000       0.990       1.000                                                                   0.999
p35_NONBIODIES.03_OIL              0.039       0.707                   0.996                               0.347       0.975       0.993       0.630       0.944       0.765       1.000                                           0.848
p35_NONBIODIES.05_MINING           0.891       0.696       0.970       0.948       1.000                   0.742       0.715       0.793       0.941       0.882       0.596       0.860       0.999       0.926       0.870       0.948
p35_NONBIODIES.06_FOODPRO          0.352       0.291       0.594       0.929                               0.710       0.413       0.400       0.377       0.543       0.489       0.318       0.714                   0.683       0.293
p35_NONBIODIES.07_TEXTILES         0.115       0.592       0.399       0.958                                           0.187       0.574       0.350       0.939       0.050       0.754       0.624       0.061       0.643       0.147
p35_NONBIODIES.08_WOODPRO          0.396       0.882       0.703       0.981                               0.885       0.030       0.762       0.824       0.818       0.671       0.791       0.985                   0.914       0.570
p35_NONBIODIES.09_PAPERPRO         0.231       0.605       0.179       0.411                               0.294       0.290       0.294       0.307       0.667       0.015       0.472       0.641                   0.583       0.071
p35_NONBIODIES.10_PETROLCOAL 8.915090E-5       0.005       0.003                                           0.002       0.015       0.002       0.001       0.004       0.008       0.007                               0.012
p35_NONBIODIES.11_CHEMICAL         0.039       0.009       0.056       0.387                                           0.048       0.060       0.031       0.091       0.330       0.047       0.539       0.095       0.095       0.918
p35_NONBIODIES.12_NONMET           0.218       0.212       0.217       0.716                               0.194       0.016       0.083       0.094       0.298       0.023       0.071       0.503       0.037       0.390       0.144
p35_NONBIODIES.13_IRONSTL          0.001       0.012       0.038                                                       0.015       0.036       0.012       0.046       0.183       0.322       0.015       0.027       0.122       0.040
p35_NONBIODIES.14_NONFERR          0.090       0.086       0.223                                           0.303       0.008       0.206       0.159       0.052       0.051       0.061                   0.215       0.498       0.133
p35_NONBIODIES.15_MACHINE          0.496       0.123       0.333       0.936                               0.275       0.009       0.582       0.486       0.544       0.037       0.325       0.189       0.362       0.655       0.675
p35_NONBIODIES.16_TRANSEQ          0.571       0.648       0.214       0.755                               0.526       0.928       0.690       0.556       0.390       0.986       0.110       0.235                   0.097
p35_NONBIODIES.17_OTHERIND         0.108       0.020       0.545       0.057       0.909       0.429       0.184       0.440       0.517       0.431       0.078       0.429       0.569       0.770       0.236       0.443       0.601
p35_NONBIODIES.22_eOil             0.056       0.017       0.066       0.194       0.978                   0.226       0.309       0.190       0.049       0.025       0.340       0.458       0.331       0.250       0.545       0.844
p35_NONBIODIES.27_CONSTRUC         0.938       0.777       0.894       0.985                   0.890       0.948       0.896       0.948       0.882       0.683       0.963       0.869       0.983       1.000       0.921       0.981
p35_NONBIODIES.28_LTRP             0.582       0.401       0.363       0.349       0.345       0.376       0.276       0.455       0.708       0.717       0.424       0.459       0.454       0.492       0.626       0.430       0.514
p35_NONBIODIES.29_WTRP             0.638       0.612       0.322       0.666                               0.433       0.551       0.700       0.955       1.000       0.198       0.869       0.959       0.642       0.885       0.435
p35_NONBIODIES.30_ATRP             0.001                                                                               0.001                         3.792052E-4                   0.011
p35_NONBIODIES.31_SER              0.307       0.584       0.556       0.889                   0.948       0.579       0.314       0.667       0.641       0.314       0.706       0.719       0.202       0.334       0.472       0.900
p36_RESFUEL   .01_AGRICULT         0.025       0.001                   0.136                   0.001       0.010       0.016       0.006       0.003       0.005       0.008       0.014                   0.014       0.005
p36_RESFUEL   .02_COAL                         0.001                                                       0.007                               0.006                                                                               0.001
p36_RESFUEL   .03_OIL              0.095       0.015                                                       0.003       0.020       0.007
p36_RESFUEL   .05_MINING           0.054       0.003 2.211407E-4       0.038                               0.120       0.166       0.125       0.021       0.008       0.394       0.078       0.001       0.074       0.101       0.005
p36_RESFUEL   .06_FOODPRO          0.291       0.024       0.016 3.394327E-4                               0.085       0.155       0.222       0.211       0.195       0.454       0.237       0.095       1.000       0.249       0.069
p36_RESFUEL   .07_TEXTILES         0.685       0.188       0.132       0.001                                           0.276       0.238       0.256       0.004       0.757       0.086       0.012       0.932       0.315       0.271
p36_RESFUEL   .08_WOODPRO          0.436       0.030       0.039       0.011                               0.019       0.931       0.150       0.062       0.175                   0.193                               0.024       0.283
p36_RESFUEL   .09_PAPERPRO         0.511       0.260       0.562       0.575                               0.504       0.595       0.452       0.506       0.236       0.975       0.420                               0.349
p36_RESFUEL   .10_PETROLCOAL       0.056       0.006       0.136                               1.000 2.859446E-4       0.131       0.057       0.148       0.107       0.250       0.066                   0.013       0.250       0.030
p36_RESFUEL   .11_CHEMICAL         0.317       0.003       0.062       0.095                                           0.036       0.113       0.084       0.077       0.047       0.249       0.152       0.123       0.184       0.030
p36_RESFUEL   .12_NONMET           0.441       0.064       0.214       0.133                               0.032       0.020       0.043       0.019       0.062       0.074       0.123       0.175       0.104       0.526       0.049
p36_RESFUEL   .13_IRONSTL          0.002 1.462990E-4       0.013       0.014                                           0.013       0.039                   0.105                   0.005       0.005       0.040       0.276       0.009
p36_RESFUEL   .14_NONFERR          0.576       0.035       0.177                                                       0.462       0.284       0.306       0.018       0.324       0.679                   0.785       0.286       0.071
p36_RESFUEL   .15_MACHINE          0.074       0.009       0.001       0.003                                     4.113452E-4       0.133       0.034       0.172                   0.278       0.066       0.562       0.110 5.728985E-5
p36_RESFUEL   .16_TRANSEQ          0.312       0.028       0.024       0.121                               0.166       0.014       0.042       0.003       0.036                   0.008       0.033                   0.315
p36_RESFUEL   .17_OTHERIND         0.118       0.002       0.105                               0.436       0.012       0.208       0.043       0.045       0.849       0.529       0.362       0.145       0.094       0.109       0.067
p36_RESFUEL   .22_eOil             0.230       0.042       0.298       0.486       0.022       1.000       0.292       0.595       0.386       0.286       0.503       0.659       0.519       0.669       0.656       0.390       0.045
p36_RESFUEL   .27_CONSTRUC         0.021       0.046                   0.005                   0.058       0.001       0.020       0.017       0.017       0.069       0.012       0.070                               0.009       0.011
p36_RESFUEL   .28_LTRP       1.152099E-4                               0.002                   0.134             1.163416E-5 1.705599E-7             2.315547E-5 3.740267E-5       0.001             3.975057E-4 4.082818E-6 4.467836E-5
p36_RESFUEL   .29_WTRP             0.346       0.388       0.678       0.306                               0.087       0.446       0.233                               0.802       0.009       0.041       0.358       0.067       0.230
p36_RESFUEL   .30_ATRP       1.285626E-5
p36_RESFUEL   .31_SER              0.020       0.081       0.008       0.095                   0.018       0.027       0.054       0.024       0.038       0.201       0.043       0.040                   0.142       0.093       0.015
p37_NAPHTHA   .10_PETROLCOAL                               0.002                                     1.239122E-5       0.006                                           0.008                                           0.008
p37_NAPHTHA   .11_CHEMICAL                                 0.674                                                       0.067       0.129       0.110                                                       0.777
p37_NAPHTHA   .17_OTHERIND                                                                                       3.955105E-6       0.013                                           0.009                   0.007       0.003
p37_NAPHTHA   .22_eOil             0.233             1.920691E-4                                                                                                                                           0.012
p38_WHITESP   .05_MINING                                                                                                     2.795744E-5
p38_WHITESP   .06_FOODPRO                                                                                                    4.611266E-6
p38_WHITESP   .09_PAPERPRO                           7.179155E-5
p38_WHITESP   .10_PETROLCOAL                         2.069663E-5
p38_WHITESP   .11_CHEMICAL                           2.545940E-5                                                             1.559633E-7       0.003
p38_WHITESP   .12_NONMET                             1.022522E-4                                                                                     2.496243E-5
p38_WHITESP   .13_IRONSTL                            2.135962E-4
p38_WHITESP   .14_NONFERR                            8.546981E-5
p38_WHITESP   .15_MACHINE                                  0.024                                                                   0.002       0.001
p38_WHITESP   .16_TRANSEQ                                  0.061                                                                   0.002
p38_WHITESP   .17_OTHERIND                                                                                                   1.942366E-5             5.990406E-5                   0.002
p38_WHITESP   .27_CONSTRUC                                                                                                   1.645409E-4 5.610903E-5 5.275805E-5
p38_WHITESP   .28_LTRP                                                                                                       4.753119E-5
p38_WHITESP   .31_SER                                                                                                        1.584552E-5
p39_LUBRIC    .01_AGRICULT                                 0.004                                                 2.773716E-7
p39_LUBRIC    .03_OIL                                                                                                                                      0.002
p39_LUBRIC    .06_FOODPRO                                                                                        5.856727E-5
p39_LUBRIC    .10_PETROLCOAL                               0.011                                     2.326260E-5 7.896485E-5 9.557923E-6
p39_LUBRIC    .11_CHEMICAL                                                                                                                                 0.001
p39_LUBRIC    .12_NONMET                                                                                                                                   0.001
p39_LUBRIC    .15_MACHINE                                                                                                                                  0.021
p39_LUBRIC    .17_OTHERIND                                                                                       4.087963E-7                   0.121
p39_LUBRIC    .27_CONSTRUC                                                                                                                                 0.001
p39_LUBRIC    .28_LTRP                                                                                                                               1.803342E-4
p39_LUBRIC    .29_WTRP                                                                                           4.314069E-4
p39_LUBRIC    .31_SER                                                                                            1.391279E-7                               0.020
p40_BITUMEN   .10_PETROLCOAL                               0.062                                     8.261467E-5       0.006 8.809499E-6
p40_BITUMEN   .12_NONMET                                                                                                                                   0.371
p40_BITUMEN   .22_eOil                                     0.169
p40_BITUMEN   .27_CONSTRUC                                                                                                                                 0.220             1.717633E-4
p40_BITUMEN   .28_LTRP                                                                                                                               7.401486E-5
p42_PETCOKE   .03_OIL              0.107                                                                   0.193
p42_PETCOKE   .05_MINING                                                                                               0.067       0.016                   0.019
p42_PETCOKE   .06_FOODPRO                                                                                              0.082       0.001       0.003             3.077238E-4
p42_PETCOKE   .09_PAPERPRO                                 0.088                                           0.070                   0.005       0.003
p42_PETCOKE   .10_PETROLCOAL       0.054                   0.034                                           0.387       0.011       0.126       0.126                               0.001                               0.052       0.127
p42_PETCOKE   .11_CHEMICAL                                 0.065                                           0.826       0.045       0.004       0.115       0.072
p42_PETCOKE   .12_NONMET           0.312                   0.246                                           0.754       0.932       0.798       0.723       0.079       0.841       0.783                   0.859
p42_PETCOKE   .13_IRONSTL                                  0.092                                           0.002       0.052       0.007       0.003       0.007
p42_PETCOKE   .14_NONFERR                                  0.007                                           0.663       0.295       0.221       0.017       0.450       0.062
p42_PETCOKE   .15_MACHINE                                                                                  0.345       0.790
p42_PETCOKE   .17_OTHERIND                     0.275                   0.942                               0.275       0.118       0.093                               0.005 4.194042E-4                   0.650       0.015
p42_PETCOKE   .22_eOil             0.193       0.175       0.084                                           0.272       0.056       0.003       0.045
p42_PETCOKE   .28_LTRP                                                                                                       8.801329E-7
p42_PETCOKE   .31_SER                                                                                                                    6.587208E-5
p43_ONONSPEC  .01_AGRICULT                                                                                                                     0.001
p43_ONONSPEC  .02_COAL                         0.002                                                                                           0.003                                                                         1.212767E-4
p43_ONONSPEC  .03_OIL                          0.275                                                                                           0.006
p43_ONONSPEC  .05_MINING                       0.001                                                                               0.001       0.001                         4.075570E-4                                           0.023
p43_ONONSPEC  .06_FOODPRO                      0.004                                                                         1.617101E-4       0.034                               0.005                                           0.398
p43_ONONSPEC  .07_TEXTILES                     0.049                                                                                           0.037
p43_ONONSPEC  .09_PAPERPRO                     0.012       0.031                                                                   0.036       0.024                                                                               0.876
p43_ONONSPEC  .10_PETROLCOAL                   0.405       0.026                                     3.069570E-4       0.084       0.028       0.036                   0.010                                           0.003       0.033
p43_ONONSPEC  .11_CHEMICAL                     0.333       0.057                                                       0.650       0.007       0.053       0.047
p43_ONONSPEC  .12_NONMET                       0.008       0.113                                                                   0.025       0.002       0.006                   0.014                                           0.208
p43_ONONSPEC  .13_IRONSTL                1.787614E-4                                                                                     8.885765E-6 2.858294E-4                   0.002                               0.005       0.012
p43_ONONSPEC  .14_NONFERR                      0.012       0.080                                                                   0.019                   0.006                                                                   0.547
p43_ONONSPEC  .15_MACHINE                      0.013 1.593618E-5                                                                   0.004       0.004                                                                         1.661406E-4
p43_ONONSPEC  .16_TRANSEQ                      0.036                                                                               0.003       0.037       0.225
p43_ONONSPEC  .17_OTHERIND                     0.660                                                                   0.019       0.002 2.626419E-4       0.009       0.016       0.001                   0.003       0.359       0.011
p43_ONONSPEC  .22_eOil             0.042       0.016       0.027       0.114                               0.027       0.008       0.232       0.001       0.094                   0.005                               0.001       0.064
p43_ONONSPEC  .27_CONSTRUC                     0.117                                                                         3.800928E-4                   0.002                   0.003                                     2.063549E-5
p43_ONONSPEC  .28_LTRP                                                                                           2.808915E-6 1.847732E-7                               0.001                                                 1.751700E-5
p43_ONONSPEC  .29_WTRP                                                                                                       4.581933E-7
p43_ONONSPEC  .30_ATRP                                                                                                                                     0.226 9.127335E-5
p43_ONONSPEC  .31_SER                                                                                                  0.003 9.206773E-5       0.005       0.073                   0.003                   0.028       0.003 2.493892E-5


----   2407 PARAMETER OilpR_CO  Household consumption ratio of petrolcoal products in region z

                    01_KOR      02_CHN      03_JPN      04_RUS      06_PRK      07_NAM      08_LAM      09_WEU      10_EEU      11_FSU      12_MEA      13_AFR      14_CPA      15_SAS      16_PAS      17_PAO

p9_OVENCOKE                      0.002                                                             2.241812E-4       0.028
p14_COKEOVGS                     0.007
p29_LPG              0.239       0.899       0.409       0.833                   0.307       0.980       0.153       0.783       0.387       0.780       0.616       0.991       0.915       0.958       0.994
p30_NONBIOGASO                                                                         3.335384E-4       0.010       0.003       0.118                   0.003                         6.335160E-5 2.341474E-5
p34_OTHKERO          0.520       0.012       0.591                               0.020       0.019       0.092                   0.035       0.193       0.308       0.009       0.083       0.041
p35_NONBIODIES       0.180       0.080                   0.166       1.000       0.673       0.001       0.744       0.168       0.444       0.026       0.073                   0.002       0.001       0.006
p36_RESFUEL          0.061                               0.001                         4.886799E-4 1.837404E-4                   0.001                                     4.608742E-7
p39_LUBRIC                                                                                                                 4.914884E-4
p41_PARWAX                                                                                                                             8.923026E-5
p42_PETCOKE                                                                                              0.001       0.017
p43_ONONSPEC                                                                                                                     0.014             3.682724E-4


----   2452 PARAMETER Elec_DIO  Intermediate consumption of electricity by industry j in region z

                              01_KOR      02_CHN      03_JPN      04_RUS      05_MNG      06_PRK      07_NAM      08_LAM      09_WEU      10_EEU      11_FSU      12_MEA      13_AFR      14_CPA      15_SAS      16_PAS      17_PAO

p63_ELECTR.01_AGRICULT      1469.152   11489.252     281.946    1694.626       6.217      17.495    7373.503    4586.749    5617.593     558.032    2507.285    5868.486     652.570     570.490   19172.919     833.999     405.777
p63_ELECTR.02_COAL                      8828.547                 754.523                             808.790      39.573     229.458     752.075     222.229                 285.177                                         549.483
p63_ELECTR.04_GAS                       5333.534                8878.100                            7236.707    1685.979    1126.433     196.103    1152.085     342.420      17.012                              52.448     688.766
p63_ELECTR.05_MINING         153.487   11313.242      92.769    2510.851                            4532.637    4903.559    1443.191     502.296    1523.640     534.761    3151.209     634.566    2201.427      95.664    1805.599
p63_ELECTR.06_FOODPRO       1009.612   11400.172    2169.772    1428.134                            7178.505    4181.644   10188.948    1753.015     887.562     557.770     254.790    1610.232    6265.169    2290.055     759.199
p63_ELECTR.07_TEXTILES       915.633   18474.205     331.291     132.330                            1431.426     908.591    3038.500     323.490     315.666     161.607      71.647    1315.219     153.678    1453.329      24.543
p63_ELECTR.08_WOODPRO        157.645    3393.637     263.565     386.784                            1850.604      68.830    1835.203     650.654     134.396      52.651      61.516     448.237     391.757     285.057     183.562
p63_ELECTR.09_PAPERPRO       884.260    7529.321    2936.832    1561.892                            9801.966    3352.075    9566.381    1033.432     151.849      54.111     103.094     285.899    1127.383     760.698     432.313
p63_ELECTR.10_PETROLCOAL    1240.975   10308.942     905.234    2599.785                            5575.234     718.019    3024.303     569.700     279.122    1668.156    1015.829                 456.574     224.461     121.997
p63_ELECTR.11_CHEMICAL      4554.067   54086.329    4832.687    4098.151                           12498.029    3978.706   15028.834    2123.070    1482.979                 735.427     908.168    1560.078    4743.906     371.168
p63_ELECTR.12_NONMET        1070.690   32335.684    1459.235    1456.638                            3031.503    2667.381    5990.599    1447.315     687.463                 322.445    1020.120     143.716    1649.840     300.453
p63_ELECTR.13_IRONSTL       4555.670   55543.250    5793.947    5337.665                            5586.895    4710.929   10870.959    1536.677    3738.133     508.837    1646.348    1508.082    8374.816    2640.034     410.514
p63_ELECTR.14_NONFERR        748.721   57383.233     975.596    8006.497                            8785.990    3149.050    7899.614    1183.808    1732.498    1437.059    2676.915                 919.409     194.391    3226.686
p63_ELECTR.15_MACHINE       6792.512   47630.696    5540.565    1629.269                            8962.468      71.113    9740.332    1798.701     465.229     310.721       5.825    1062.855     509.816    7636.224     125.226
p63_ELECTR.16_TRANSEQ       2236.205   10297.421    2301.706    1115.546                            3784.674     422.332    3836.135    1023.989     110.321      56.418       4.795      70.163    1198.221     245.398       2.443
p63_ELECTR.17_OTHERIND       359.933   19149.097    1900.495     562.537     365.365     583.938    9162.300   19938.024    8888.704    1343.572     865.649   21194.728    5795.962    1214.015   28421.285   18769.103      59.400
p63_ELECTR.27_CONSTRUC                  8522.700     467.237    1055.959                  11.311    4036.313     112.174    2399.521     338.762     338.147                  71.717     231.384      14.370     143.317     226.877
p63_ELECTR.28_LTRP           267.474   14246.091    1487.871    7018.753                  26.269    1854.849     568.010    5282.137     819.114    1273.326     266.614     270.508                1646.690     484.409     547.165
p63_ELECTR.31_SER          14068.070  106629.165   27220.889   13144.359      75.933     115.326  146763.109   28080.817   70603.285   10924.761    5561.528   34768.170    6570.638    2523.562   19106.280   23810.017    7005.677
p64_HEAT  .01_AGRICULT                    16.691                2541.878       5.320                                         221.161      68.312     557.881
p64_HEAT  .02_COAL                       168.506                 453.539                                                                 108.991      77.264
p64_HEAT  .04_GAS                       1189.340                2519.860                                                       1.679       0.319     760.963
p64_HEAT  .05_MINING                     641.989                 854.397                                                      57.189      90.156     584.256
p64_HEAT  .06_FOODPRO        129.589    4927.916                4151.737                             528.962                1226.998     246.442    1476.283                                                      24.611
p64_HEAT  .07_TEXTILES       443.646    7929.378                 946.607                             139.363                 110.128      42.025      97.216                                                      44.576
p64_HEAT  .08_WOODPRO         10.426     174.981                1260.325                             242.473                 357.609     263.281     183.420
p64_HEAT  .09_PAPERPRO       270.271    5231.883                4220.434                             553.271                2110.196     164.938     303.622                                                       5.540
p64_HEAT  .10_PETROLCOAL      29.447   15152.587                9185.784                            1474.851                1899.111      63.324     541.249                                                     421.415
p64_HEAT  .11_CHEMICAL      2061.844   39860.036               12395.988                            3173.077                6864.858    1278.389    1504.013                                                    1596.101
p64_HEAT  .12_NONMET           2.844     601.562                2116.682                               3.565                 227.990      53.078     181.713                                                       0.001
p64_HEAT  .13_IRONSTL          5.605    4650.984                6063.835                             176.370                 309.654     252.959    2062.213                                                       4.606
p64_HEAT  .14_NONFERR          0.055    5220.698                                                      93.472                  96.535      48.844     305.189                                                       5.167
p64_HEAT  .15_MACHINE          3.862    1172.640                1663.211                              86.422                 466.067     158.296     193.996                                                      37.203
p64_HEAT  .16_TRANSEQ          7.226     871.601                2003.997                             115.282                 449.719     124.277      83.260                                                       5.167
p64_HEAT  .17_OTHERIND       249.845     805.384                             291.400                 180.558                2656.793     116.631     556.350                                                       0.175
p64_HEAT  .27_CONSTRUC                   549.400                 448.224                               0.788                  19.395      26.881     206.955
p64_HEAT  .31_SER            318.678    7899.102     514.967   18901.060     406.720                1292.759                7859.020    2684.401    8023.234                                                       1.052


----   2452 PARAMETER Elec_CO  Household consumption of electricity in region z

                01_KOR      02_CHN      03_JPN      04_RUS      05_MNG      06_PRK      07_NAM      08_LAM      09_WEU      10_EEU      11_FSU      12_MEA      13_AFR      14_CPA      15_SAS      16_PAS      17_PAO

p63_ELECTR    5796.888   91463.543   21673.444   13833.001     141.178     118.163  138450.285   32545.578   70843.594   10686.409    8680.688   44586.597   10190.004    6047.377   35639.772   24735.423    6137.989
p64_HEAT      1994.001   30771.006      25.728   47677.505     407.320                                       14047.003    8265.320    6961.017


----   2452 PARAMETER ElecR_DIO  Intermediate consumption ratio of electricity by industry j in region z

                              01_KOR      02_CHN      03_JPN      04_RUS      05_MNG      06_PRK      07_NAM      08_LAM      09_WEU      10_EEU      11_FSU      12_MEA      13_AFR      14_CPA      15_SAS      16_PAS      17_PAO

p63_ELECTR.01_AGRICULT         1.000       0.999       1.000       0.400       0.539       1.000       1.000       1.000       0.962       0.891       0.818       1.000       1.000       1.000       1.000       1.000       1.000
p63_ELECTR.02_COAL                         0.981                   0.625                               1.000       1.000       1.000       0.873       0.742                   1.000                                           1.000
p63_ELECTR.04_GAS                          0.818                   0.779                               1.000       1.000       0.999       0.998       0.602       1.000       1.000                               1.000       1.000
p63_ELECTR.05_MINING           1.000       0.946       1.000       0.746                               1.000       1.000       0.962       0.848       0.723       1.000       1.000       1.000       1.000       1.000       1.000
p63_ELECTR.06_FOODPRO          0.886       0.698       1.000       0.256                               0.931       1.000       0.893       0.877       0.375       1.000       1.000       1.000       1.000       0.989       1.000
p63_ELECTR.07_TEXTILES         0.674       0.700       1.000       0.123                               0.911       1.000       0.965       0.885       0.765       1.000       1.000       1.000       1.000       0.970       1.000
p63_ELECTR.08_WOODPRO          0.938       0.951       1.000       0.235                               0.884       1.000       0.837       0.712       0.423       1.000       1.000       1.000       1.000       1.000       1.000
p63_ELECTR.09_PAPERPRO         0.766       0.590       1.000       0.270                               0.947       1.000       0.819       0.862       0.333       1.000       1.000       1.000       1.000       0.993       1.000
p63_ELECTR.10_PETROLCOAL       0.977       0.405       1.000       0.221                               0.791       1.000       0.614       0.900       0.340       1.000       1.000                   1.000       0.348       1.000
p63_ELECTR.11_CHEMICAL         0.688       0.576       1.000       0.248                               0.798       1.000       0.686       0.624       0.496                   1.000       1.000       1.000       0.748       1.000
p63_ELECTR.12_NONMET           0.997       0.982       1.000       0.408                               0.999       1.000       0.963       0.965       0.791                   1.000       1.000       1.000       1.000       1.000
p63_ELECTR.13_IRONSTL          0.999       0.923       1.000       0.468                               0.969       1.000       0.972       0.859       0.644       1.000       1.000       1.000       1.000       0.998       1.000
p63_ELECTR.14_NONFERR          1.000       0.917       1.000       1.000                               0.989       1.000       0.988       0.960       0.850       1.000       1.000                   1.000       0.974       1.000
p63_ELECTR.15_MACHINE          0.999       0.976       1.000       0.495                               0.990       1.000       0.954       0.919       0.706       1.000       1.000       1.000       1.000       0.995       1.000
p63_ELECTR.16_TRANSEQ          0.997       0.922       1.000       0.358                               0.970       1.000       0.895       0.892       0.570       1.000       1.000       1.000       1.000       0.979       1.000
p63_ELECTR.17_OTHERIND         0.590       0.960       1.000       1.000       0.556       1.000       0.981       1.000       0.770       0.920       0.609       1.000       1.000       1.000       1.000       1.000       1.000
p63_ELECTR.27_CONSTRUC                     0.939       1.000       0.702                   1.000       1.000       1.000       0.992       0.926       0.620                   1.000       1.000       1.000       1.000       1.000
p63_ELECTR.28_LTRP             1.000       1.000       1.000       1.000                   1.000       1.000       1.000       1.000       1.000       1.000       1.000       1.000                   1.000       1.000       1.000
p63_ELECTR.31_SER              0.978       0.931       0.981       0.410       0.157       1.000       0.991       1.000       0.900       0.803       0.409       1.000       1.000       1.000       1.000       1.000       1.000
p64_HEAT  .01_AGRICULT                     0.001                   0.600       0.461                                           0.038       0.109       0.182
p64_HEAT  .02_COAL                         0.019                   0.375                                                                   0.127       0.258
p64_HEAT  .04_GAS                          0.182                   0.221                                                       0.001       0.002       0.398
p64_HEAT  .05_MINING                       0.054                   0.254                                                       0.038       0.152       0.277
p64_HEAT  .06_FOODPRO          0.114       0.302                   0.744                               0.069                   0.107       0.123       0.625                                                       0.011
p64_HEAT  .07_TEXTILES         0.326       0.300                   0.877                               0.089                   0.035       0.115       0.235                                                       0.030
p64_HEAT  .08_WOODPRO          0.062       0.049                   0.765                               0.116                   0.163       0.288       0.577
p64_HEAT  .09_PAPERPRO         0.234       0.410                   0.730                               0.053                   0.181       0.138       0.667                                                       0.007
p64_HEAT  .10_PETROLCOAL       0.023       0.595                   0.779                               0.209                   0.386       0.100       0.660                                                       0.652
p64_HEAT  .11_CHEMICAL         0.312       0.424                   0.752                               0.202                   0.314       0.376       0.504                                                       0.252
p64_HEAT  .12_NONMET           0.003       0.018                   0.592                               0.001                   0.037       0.035       0.209                                                 8.485665E-7
p64_HEAT  .13_IRONSTL          0.001       0.077                   0.532                               0.031                   0.028       0.141       0.356                                                       0.002
p64_HEAT  .14_NONFERR    7.398737E-5       0.083                                                       0.011                   0.012       0.040       0.150                                                       0.026
p64_HEAT  .15_MACHINE          0.001       0.024                   0.505                               0.010                   0.046       0.081       0.294                                                       0.005
p64_HEAT  .16_TRANSEQ          0.003       0.078                   0.642                               0.030                   0.105       0.108       0.430                                                       0.021
p64_HEAT  .17_OTHERIND         0.410       0.040                               0.444                   0.019                   0.230       0.080       0.391                                                 9.329075E-6
p64_HEAT  .27_CONSTRUC                     0.061                   0.298                         1.952391E-4                   0.008       0.074       0.380
p64_HEAT  .31_SER              0.022       0.069       0.019       0.590       0.843                   0.009                   0.100       0.197       0.591                                                 4.416853E-5


----   2452 PARAMETER ElecR_CO  Household consumption ratio of electricity in region z

                01_KOR      02_CHN      03_JPN      04_RUS      05_MNG      06_PRK      07_NAM      08_LAM      09_WEU      10_EEU      11_FSU      12_MEA      13_AFR      14_CPA      15_SAS      16_PAS      17_PAO

p63_ELECTR       0.744       0.748       0.999       0.225       0.257       1.000       1.000       1.000       0.835       0.564       0.555       1.000       1.000       1.000       1.000       1.000       1.000
p64_HEAT         0.256       0.252       0.001       0.775       0.743                                           0.165       0.436       0.445


----   2480 PARAMETER NCoal_DIO  Intermediate consumption of non energy coal products by industry j in region z

                             01_KOR      03_JPN      04_RUS      08_LAM      09_WEU      10_EEU      13_AFR

p3_ANTCOAL .11_CHEMICAL                                                      17.275
p5_BITCOAL .11_CHEMICAL                   0.271     182.631                               3.050    1048.274
p11_COALTAR.11_CHEMICAL     517.708     716.402                             295.004     345.737
p11_COALTAR.31_SER                                              208.815                   0.573
p16_OGASES .11_CHEMICAL                                                                  23.706


----   2480 PARAMETER NCoalR_DIO  Intermediate consumption ratio of non energy coal products by industry j in region z

                             01_KOR      03_JPN      04_RUS      08_LAM      09_WEU      10_EEU      13_AFR

p3_ANTCOAL .11_CHEMICAL                                                       0.055
p5_BITCOAL .11_CHEMICAL             3.774387E-4       1.000                               0.008       1.000
p11_COALTAR.11_CHEMICAL       1.000       1.000                               0.945       0.928
p11_COALTAR.31_SER                                                1.000                   1.000
p16_OGASES .11_CHEMICAL                                                                   0.064


----   2508 PARAMETER NGas_DIO  Intermediate consumption of non energy gas products by industry j in region z

                            02_CHN      03_JPN      04_RUS      07_NAM      08_LAM      09_WEU      10_EEU      11_FSU      12_MEA      13_AFR      15_SAS      16_PAS      17_PAO

p20_NATGAS.11_CHEMICAL    8704.871     215.974   45447.474   26423.925   11949.859   11882.306    4873.984    3146.738   34092.515    1317.210   25525.167   16929.988    2180.587
p20_NATGAS.13_IRONSTL                                                                                            0.817
p20_NATGAS.15_MACHINE                                                                                0.989
p20_NATGAS.17_OTHERIND                                                                                          96.926
p23_NGL   .11_CHEMICAL                  41.888                8507.705                1468.430                                                                 644.159
p23_NGL   .17_OTHERIND                                                                                           2.002


----   2508 PARAMETER NGasR_DIO  Intermediate consumption ratio of non energy gas products by industry j in region z

                            02_CHN      03_JPN      04_RUS      07_NAM      08_LAM      09_WEU      10_EEU      11_FSU      12_MEA      13_AFR      15_SAS      16_PAS      17_PAO

p20_NATGAS.11_CHEMICAL       1.000       0.838       1.000       0.756       1.000       0.890       1.000       1.000       1.000       1.000       1.000       0.963       1.000
p20_NATGAS.13_IRONSTL                                                                                            1.000
p20_NATGAS.15_MACHINE                                                                                1.000
p20_NATGAS.17_OTHERIND                                                                                           0.980
p23_NGL   .11_CHEMICAL                   0.162                   0.244                   0.110                                                                   0.037
p23_NGL   .17_OTHERIND                                                                                           0.020


----   2536 PARAMETER NOil_DIO  Intermediate consumption of non energy oil by industry j in region z

                              11_FSU      16_PAS

p22_CRUDEOIL.11_CHEMICAL                2482.946
p22_CRUDEOIL.17_OTHERIND       3.015
p22_CRUDEOIL.27_CONSTRUC       2.010
p22_CRUDEOIL.31_SER            1.005


----   2536 PARAMETER NOilR_DIO  Intermediate consumption ratio of non-energy oil by industry j in region z

                              11_FSU      16_PAS

p22_CRUDEOIL.11_CHEMICAL                   1.000
p22_CRUDEOIL.17_OTHERIND       1.000
p22_CRUDEOIL.27_CONSTRUC       1.000
p22_CRUDEOIL.31_SER            1.000


----   2564 PARAMETER NOilp_DIO  Intermediate consumption of non energy oilproducts by industry j in region z

                                01_KOR      02_CHN      03_JPN      04_RUS      07_NAM      08_LAM      09_WEU      10_EEU      11_FSU      12_MEA      13_AFR      14_CPA      15_SAS      16_PAS      17_PAO

p9_OVENCOKE   .11_CHEMICAL                              77.998                                          21.415
p14_COKEOVGS  .11_CHEMICAL                               1.287
p27_REFINGAS  .11_CHEMICAL                 553.852                             809.858                 214.081                  55.114
p28_ETHANE    .11_CHEMICAL                                                   46804.709    3336.114    2213.308                           38011.522                                        2486.392     503.778
p29_LPG       .05_MINING                                                                                15.382
p29_LPG       .07_TEXTILES                                                                                           0.022
p29_LPG       .11_CHEMICAL    4580.828    6046.728    3747.818    8916.977   33109.178      66.037   13852.021     778.472     165.831   16315.075                                        4983.620     148.643
p29_LPG       .13_IRONSTL                                                                                            0.001
p29_LPG       .15_MACHINE                                                                                            0.102
p29_LPG       .16_TRANSEQ                                                                                            0.001
p29_LPG       .17_OTHERIND                                                                  35.500                   0.415
p29_LPG       .27_CONSTRUC                                                                                           0.002
p30_NONBIOGASO.05_MINING                                                                                                         0.002
p30_NONBIOGASO.11_CHEMICAL                  22.145                                                    2784.943                   0.005
p30_NONBIOGASO.12_NONMET                                                                                                         0.003
p30_NONBIOGASO.17_OTHERIND                                                                             113.500
p30_NONBIOGASO.27_CONSTRUC                                                                                                       0.008
p33_NONBIOJETK.17_OTHERIND                                                                                           0.005
p34_OTHKERO   .11_CHEMICAL                  12.051     630.802                               2.073     216.975                   3.908
p34_OTHKERO   .12_NONMET                                                                                 0.088       0.003
p34_OTHKERO   .13_IRONSTL                                                                                0.090
p34_OTHKERO   .14_NONFERR                                                                                0.418
p34_OTHKERO   .15_MACHINE                                                                                0.168       0.007
p34_OTHKERO   .16_TRANSEQ                                                                                            0.002
p34_OTHKERO   .17_OTHERIND                                                                   2.715      13.351
p34_OTHKERO   .27_CONSTRUC                                                                               0.021                                                                                           4.678
p34_OTHKERO   .28_LTRP                                                                                               0.079      16.509
p34_OTHKERO   .31_SER                                                                        5.731       1.800                               6.621
p35_NONBIODIES.05_MINING                                                                                                         1.027
p35_NONBIODIES.06_FOODPRO                                                                                            0.003       0.018
p35_NONBIODIES.08_WOODPRO                                                                                            0.007
p35_NONBIODIES.11_CHEMICAL                 177.478     125.123                3955.977                1235.655      12.212       3.519
p35_NONBIODIES.12_NONMET                                                                                             0.013       0.041
p35_NONBIODIES.13_IRONSTL                                                                                            0.046
p35_NONBIODIES.15_MACHINE                                                                                            0.003
p35_NONBIODIES.16_TRANSEQ                                                                                            0.021
p35_NONBIODIES.17_OTHERIND                                                                                           0.055
p35_NONBIODIES.27_CONSTRUC                                                                                           0.019       0.003
p35_NONBIODIES.28_LTRP                                                                                               0.148
p35_NONBIODIES.31_SER                                                                                                0.005       0.508
p36_RESFUEL   .07_TEXTILES                                                                                                       0.955
p36_RESFUEL   .11_CHEMICAL                 313.000     421.246                               0.687     818.275                  13.949                                         372.446
p36_RESFUEL   .14_NONFERR                                                                                3.821
p37_NAPHTHA   .06_FOODPRO                                                                                            0.471
p37_NAPHTHA   .11_CHEMICAL   43663.668   61292.169   22573.370    9274.690   11975.703    8440.642   29079.816    3667.005     248.968   14393.805      51.296                9717.433   39381.019
p37_NAPHTHA   .14_NONFERR                                                                                            0.095
p37_NAPHTHA   .17_OTHERIND                                                                                                       0.313                                                                   2.746
p38_WHITESP   .05_MINING         0.141                                          23.622                   1.065       0.004
p38_WHITESP   .06_FOODPRO                                                                                1.041       0.568
p38_WHITESP   .07_TEXTILES       0.992                                                                   3.125       0.001
p38_WHITESP   .08_WOODPRO                                                       57.514                               0.106
p38_WHITESP   .09_PAPERPRO       7.377                                           1.027                   2.083       0.001
p38_WHITESP   .11_CHEMICAL     129.662     873.288                 760.199     515.573                 182.331      51.037       0.786
p38_WHITESP   .12_NONMET                                                        11.297                   1.041       0.555
p38_WHITESP   .13_IRONSTL        0.148                                          72.920                   0.010       0.003
p38_WHITESP   .14_NONFERR        0.165                                                                               0.446
p38_WHITESP   .15_MACHINE        0.896                                          99.623                   2.917       0.225
p38_WHITESP   .16_TRANSEQ                                                       18.487                   1.567       0.046
p38_WHITESP   .17_OTHERIND      26.600                                         562.623                 430.776      16.339                   5.794
p38_WHITESP   .27_CONSTRUC                                                                              26.180       0.003
p38_WHITESP   .28_LTRP           0.004                                         501.194                                                                  13.713
p38_WHITESP   .31_SER           32.331                                         242.381                  77.964      73.763                   0.303      20.291                   1.705
p39_LUBRIC    .05_MINING                                 3.753                 144.454                   6.993      12.060      10.769
p39_LUBRIC    .06_FOODPRO                                                                               28.405       5.010       2.178
p39_LUBRIC    .07_TEXTILES                                                                              18.762       4.594       0.054
p39_LUBRIC    .08_WOODPRO                                                      209.659                   3.960       5.291       1.003
p39_LUBRIC    .09_PAPERPRO                                                       3.010                   9.748       5.091       0.004
p39_LUBRIC    .11_CHEMICAL                                                    1369.303                  82.020       9.936     109.352
p39_LUBRIC    .12_NONMET                                                        29.091                  10.146       7.586       2.349
p39_LUBRIC    .13_IRONSTL                                                      193.608                  11.009       7.271      21.542
p39_LUBRIC    .14_NONFERR                                                                                4.039       5.622       0.049
p39_LUBRIC    .15_MACHINE                                                      264.832                 413.151      23.244       9.057
p39_LUBRIC    .16_TRANSEQ                                                       48.151     106.969      66.612       9.000       1.003
p39_LUBRIC    .17_OTHERIND                                       11569.981    1802.623     139.811    1223.579     119.642      13.456     108.603                                                     305.226
p39_LUBRIC    .27_CONSTRUC                              37.849                  18.057                  84.240      27.788       3.259
p39_LUBRIC    .28_LTRP         688.439    2366.809     871.789                1397.392      19.163    1430.697     510.695     111.081      72.443      93.779      17.933                  74.343
p39_LUBRIC    .31_SER                                  482.115                 816.566      34.894     224.323     139.459     121.415     184.981      82.317
p40_BITUMEN   .05_MINING                                                                                 1.732       0.305       4.053
p40_BITUMEN   .07_TEXTILES                                                                               0.053                   5.589
p40_BITUMEN   .08_WOODPRO                                                                                0.002
p40_BITUMEN   .09_PAPERPRO                                                                               0.931
p40_BITUMEN   .11_CHEMICAL                                                                              47.758                   1.872
p40_BITUMEN   .12_NONMET                                                                                89.553     234.600     130.277
p40_BITUMEN   .13_IRONSTL                                                                                0.001
p40_BITUMEN   .14_NONFERR                                                                                0.007
p40_BITUMEN   .15_MACHINE                                                                                0.157       0.002       0.001
p40_BITUMEN   .16_TRANSEQ                                                                                3.237
p40_BITUMEN   .17_OTHERIND                                        6241.510     559.855     953.765     220.431      99.100       5.589     431.267
p40_BITUMEN   .27_CONSTRUC    1578.041                 926.722               22049.051     105.298   12835.127    2971.219     889.939     403.270       2.690                                         126.980
p40_BITUMEN   .28_LTRP                                                                                   0.184                                          85.291
p40_BITUMEN   .31_SER                    31402.456                             536.926       8.939       1.985       1.389     379.059      41.359      57.351
p41_PARWAX    .05_MINING                                                         2.866                               0.033
p41_PARWAX    .06_FOODPRO                                                                                2.866       0.086
p41_PARWAX    .07_TEXTILES                                                                               0.955       0.008
p41_PARWAX    .08_WOODPRO                                                        5.732                   7.614       6.324
p41_PARWAX    .09_PAPERPRO                                                                              21.167       0.001
p41_PARWAX    .11_CHEMICAL      13.717                                          53.726      16.698      79.626      17.273       0.207
p41_PARWAX    .12_NONMET                                                         0.955                   0.011       0.451
p41_PARWAX    .13_IRONSTL                                                        7.643                               0.109
p41_PARWAX    .14_NONFERR                                                                                            0.009
p41_PARWAX    .15_MACHINE                                                       10.509                   1.825       0.499
p41_PARWAX    .16_TRANSEQ                                                        1.911                               0.066
p41_PARWAX    .17_OTHERIND       0.975                  43.166     210.478      58.278      35.349     357.648      67.882
p41_PARWAX    .27_CONSTRUC                                                                                           0.024
p41_PARWAX    .28_LTRP                                                          51.591                               7.417                               2.505
p41_PARWAX    .31_SER                                                           17.197       0.600       0.019     110.376       0.339                   0.422
p42_PETCOKE   .11_CHEMICAL                             470.341                                         235.595       2.082       2.110                                                                  61.814
p42_PETCOKE   .12_NONMET                                 3.302                                         352.715      38.426
p42_PETCOKE   .13_IRONSTL                                0.008                                          38.667       3.193                                                                              17.533
p42_PETCOKE   .14_NONFERR                                                                              381.690     147.171                                                                             821.280
p42_PETCOKE   .15_MACHINE                                                                              275.398       0.764
p42_PETCOKE   .17_OTHERIND                                                    1384.924                  61.796       2.293                 210.055
p42_PETCOKE   .31_SER                                                                                    2.426
p43_ONONSPEC  .05_MINING                                                       180.567
p43_ONONSPEC  .08_WOODPRO                                                      436.610
p43_ONONSPEC  .09_PAPERPRO                                                       7.643                   3.390
p43_ONONSPEC  .11_CHEMICAL    1096.999    7240.401    1748.915                3108.818      80.493    5696.811    1716.000     470.144     632.450      15.575                3530.780                1598.092
p43_ONONSPEC  .12_NONMET                                                        83.118                                          24.840
p43_ONONSPEC  .13_IRONSTL                                                      441.387
p43_ONONSPEC  .15_MACHINE                                                      817.808                               0.005
p43_ONONSPEC  .16_TRANSEQ                                                      385.020
p43_ONONSPEC  .17_OTHERIND      58.023                 373.174                3646.385    1482.322     445.994       4.785     945.830                                                                1053.024
p43_ONONSPEC  .28_LTRP                                                        2979.841
p43_ONONSPEC  .31_SER            0.096                                        3264.546                                           3.895                   3.421      68.788


----   2564 PARAMETER NOilpR_DIO  Intermediate consumption ratio of non energy oilproducts by industry j in region z

                                01_KOR      02_CHN      03_JPN      04_RUS      07_NAM      08_LAM      09_WEU      10_EEU      11_FSU      12_MEA      13_AFR      14_CPA      15_SAS      16_PAS      17_PAO

p9_OVENCOKE   .11_CHEMICAL                               0.003                                     3.772826E-4
p14_COKEOVGS  .11_CHEMICAL                         4.319913E-5
p27_REFINGAS  .11_CHEMICAL                   0.007                               0.008                   0.004                   0.051
p28_ETHANE    .11_CHEMICAL                                                       0.460       0.279       0.039                               0.548                                           0.053       0.218
p29_LPG       .05_MINING                                                                                 0.611
p29_LPG       .07_TEXTILES                                                                                           0.005
p29_LPG       .11_CHEMICAL       0.093       0.079       0.126       0.471       0.326       0.006       0.244       0.124       0.154       0.235                                           0.106       0.064
p29_LPG       .13_IRONSTL                                                                                      1.035489E-4
p29_LPG       .15_MACHINE                                                                                            0.004
p29_LPG       .16_TRANSEQ                                                                                      1.203896E-4
p29_LPG       .17_OTHERIND                                                                   0.013                   0.001
p29_LPG       .27_CONSTRUC                                                                                     7.335642E-7
p30_NONBIOGASO.05_MINING                                                                                                   1.324879E-4
p30_NONBIOGASO.11_CHEMICAL             2.893594E-4                                                       0.049             4.926715E-6
p30_NONBIOGASO.12_NONMET                                                                                                   2.031616E-5
p30_NONBIOGASO.17_OTHERIND                                                                               0.040
p30_NONBIOGASO.27_CONSTRUC                                                                                                 9.404294E-6
p33_NONBIOJETK.17_OTHERIND                                                                                     1.674634E-5
p34_OTHKERO   .11_CHEMICAL             1.574654E-4       0.021                         1.735531E-4       0.004                   0.004
p34_OTHKERO   .12_NONMET                                                                           1.946846E-4 1.100717E-5
p34_OTHKERO   .13_IRONSTL                                                                                0.002
p34_OTHKERO   .14_NONFERR                                                                                0.001
p34_OTHKERO   .15_MACHINE                                                                          2.427856E-4 2.897209E-4
p34_OTHKERO   .16_TRANSEQ                                                                                      2.298347E-4
p34_OTHKERO   .17_OTHERIND                                                                   0.001       0.005
p34_OTHKERO   .27_CONSTRUC                                                                         1.583554E-6                                                                                           0.036
p34_OTHKERO   .28_LTRP                                                                                         1.527958E-4       0.129
p34_OTHKERO   .31_SER                                                                        0.114       0.006                               0.028
p35_NONBIODIES.05_MINING                                                                                                         0.065
p35_NONBIODIES.06_FOODPRO                                                                                            0.001       0.008
p35_NONBIODIES.08_WOODPRO                                                                                            0.001
p35_NONBIODIES.11_CHEMICAL                   0.002       0.004                   0.039                   0.022       0.002       0.003
p35_NONBIODIES.12_NONMET                                                                                       4.686922E-5 2.609356E-4
p35_NONBIODIES.13_IRONSTL                                                                                            0.004
p35_NONBIODIES.15_MACHINE                                                                                      1.207171E-4
p35_NONBIODIES.16_TRANSEQ                                                                                            0.002
p35_NONBIODIES.17_OTHERIND                                                                                     1.764806E-4
p35_NONBIODIES.27_CONSTRUC                                                                                     6.435359E-6 3.470632E-6
p35_NONBIODIES.28_LTRP                                                                                         2.857205E-4
p35_NONBIODIES.31_SER                                                                                          1.569272E-5       0.001
p36_RESFUEL   .07_TEXTILES                                                                                                       0.145
p36_RESFUEL   .11_CHEMICAL                   0.004       0.014                         5.752447E-5       0.014                   0.013                                           0.027
p36_RESFUEL   .14_NONFERR                                                                                0.010
p37_NAPHTHA   .06_FOODPRO                                                                                            0.077
p37_NAPHTHA   .11_CHEMICAL       0.882       0.801       0.758       0.489       0.118       0.707       0.512       0.586       0.231       0.208       0.767                   0.713       0.841
p37_NAPHTHA   .14_NONFERR                                                                                            0.001
p37_NAPHTHA   .17_OTHERIND                                                                                                 3.243929E-4                                                                   0.002
p38_WHITESP   .05_MINING         1.000                                           0.067                   0.042 3.386441E-4
p38_WHITESP   .06_FOODPRO                                                                                0.032       0.093
p38_WHITESP   .07_TEXTILES       1.000                                                                   0.136 2.161882E-4
p38_WHITESP   .08_WOODPRO                                                        0.081                               0.009
p38_WHITESP   .09_PAPERPRO       1.000                                           0.088                   0.056 1.963518E-4
p38_WHITESP   .11_CHEMICAL       0.003       0.011                   0.040       0.005                   0.003       0.008       0.001
p38_WHITESP   .12_NONMET                                                         0.091                   0.002       0.002
p38_WHITESP   .13_IRONSTL        1.000                                           0.102             2.089302E-4 2.918196E-4
p38_WHITESP   .14_NONFERR        1.000                                                                               0.003
p38_WHITESP   .15_MACHINE        1.000                                           0.084                   0.004       0.009
p38_WHITESP   .16_TRANSEQ                                                        0.041                   0.022       0.005
p38_WHITESP   .17_OTHERIND       0.311                                           0.070                   0.150       0.053                   0.008
p38_WHITESP   .27_CONSTRUC                                                                               0.002 1.000315E-6
p38_WHITESP   .28_LTRP     5.955466E-6                                           0.102                                                                   0.070
p38_WHITESP   .31_SER            0.997                                           0.050                   0.253       0.227                   0.001       0.124                   1.000
p39_LUBRIC    .05_MINING                                 1.000                   0.411                   0.278       0.972       0.679
p39_LUBRIC    .06_FOODPRO                                                                                0.879       0.816       0.992
p39_LUBRIC    .07_TEXTILES                                                                               0.819       0.993       0.008
p39_LUBRIC    .08_WOODPRO                                                        0.295                   0.342       0.451       1.000
p39_LUBRIC    .09_PAPERPRO                                                       0.258                   0.261       1.000       1.000
p39_LUBRIC    .11_CHEMICAL                                                       0.013                   0.001       0.002       0.102
p39_LUBRIC    .12_NONMET                                                         0.234                   0.022       0.027       0.015
p39_LUBRIC    .13_IRONSTL                                                        0.271                   0.221       0.684       1.000
p39_LUBRIC    .14_NONFERR                                                                                0.010       0.037       1.000
p39_LUBRIC    .15_MACHINE                                                        0.222                   0.596       0.935       1.000
p39_LUBRIC    .16_TRANSEQ                                                        0.106       1.000       0.933       0.985       1.000
p39_LUBRIC    .17_OTHERIND                                           0.642       0.225       0.053       0.427       0.385       0.014       0.144                                                       0.224
p39_LUBRIC    .27_CONSTRUC                               0.039                   0.001                   0.007       0.009       0.004
p39_LUBRIC    .28_LTRP           1.000       1.000       1.000                   0.283       1.000       1.000       0.985       0.871       1.000       0.480       1.000                   1.000
p39_LUBRIC    .31_SER                                    1.000                   0.167       0.696       0.727       0.429       0.240       0.793       0.503
p40_BITUMEN   .05_MINING                                                                                 0.069       0.025       0.256
p40_BITUMEN   .07_TEXTILES                                                                               0.002                   0.847
p40_BITUMEN   .08_WOODPRO                                                                          1.641228E-4
p40_BITUMEN   .09_PAPERPRO                                                                               0.025
p40_BITUMEN   .11_CHEMICAL                                                                               0.001                   0.002
p40_BITUMEN   .12_NONMET                                                                                 0.197       0.833       0.827
p40_BITUMEN   .13_IRONSTL                                                                          1.808049E-5
p40_BITUMEN   .14_NONFERR                                                                          1.923199E-5
p40_BITUMEN   .15_MACHINE                                                                          2.256291E-4 7.645414E-5 1.103972E-4
p40_BITUMEN   .16_TRANSEQ                                                                                0.045
p40_BITUMEN   .17_OTHERIND                                           0.346       0.070       0.360       0.077       0.319       0.006       0.571
p40_BITUMEN   .27_CONSTRUC       1.000                   0.961                   0.999       1.000       0.991       0.991       0.996       1.000       1.000                                           0.964
p40_BITUMEN   .28_LTRP                                                                             1.288716E-4                                           0.437
p40_BITUMEN   .31_SER                        1.000                               0.110       0.178       0.006       0.004       0.750       0.177       0.350
p41_PARWAX    .05_MINING                                                         0.008                               0.003
p41_PARWAX    .06_FOODPRO                                                                                0.089       0.014
p41_PARWAX    .07_TEXTILES                                                                               0.042       0.002
p41_PARWAX    .08_WOODPRO                                                        0.008                   0.658       0.539
p41_PARWAX    .09_PAPERPRO                                                                               0.567 1.570814E-4
p41_PARWAX    .11_CHEMICAL 2.772039E-4                                           0.001       0.001       0.001       0.003 1.926996E-4
p41_PARWAX    .12_NONMET                                                         0.008             2.315050E-5       0.002
p41_PARWAX    .13_IRONSTL                                                        0.011                               0.010
p41_PARWAX    .14_NONFERR                                                                                      5.999630E-5
p41_PARWAX    .15_MACHINE                                                        0.009                   0.003       0.020
p41_PARWAX    .16_TRANSEQ                                                        0.004                               0.007
p41_PARWAX    .17_OTHERIND       0.011                   0.104       0.012       0.007       0.013       0.125       0.219
p41_PARWAX    .27_CONSTRUC                                                                                     7.969175E-6
p41_PARWAX    .28_LTRP                                                           0.010                               0.014                               0.013
p41_PARWAX    .31_SER                                                            0.004       0.012 6.190899E-5       0.340       0.001                   0.003
p42_PETCOKE   .11_CHEMICAL                               0.016                                           0.004 3.328581E-4       0.002                                                                   0.027
p42_PETCOKE   .12_NONMET                                 1.000                                           0.778       0.136
p42_PETCOKE   .13_IRONSTL                                1.000                                           0.777       0.301                                                                               1.000
p42_PETCOKE   .14_NONFERR                                                                                0.979       0.960                                                                               1.000
p42_PETCOKE   .15_MACHINE                                                                                0.397       0.031
p42_PETCOKE   .17_OTHERIND                                                       0.173                   0.022       0.007                   0.278
p42_PETCOKE   .31_SER                                                                                    0.008
p43_ONONSPEC  .05_MINING                                                         0.514
p43_ONONSPEC  .08_WOODPRO                                                        0.615
p43_ONONSPEC  .09_PAPERPRO                                                       0.654                   0.091
p43_ONONSPEC  .11_CHEMICAL       0.022       0.095       0.059                   0.031       0.007       0.100       0.274       0.437       0.009       0.233                   0.259                   0.691
p43_ONONSPEC  .12_NONMET                                                         0.668                                           0.158
p43_ONONSPEC  .13_IRONSTL                                                        0.617
p43_ONONSPEC  .15_MACHINE                                                        0.686                         1.931473E-4
p43_ONONSPEC  .16_TRANSEQ                                                        0.849
p43_ONONSPEC  .17_OTHERIND       0.678                   0.896                   0.455       0.559       0.156       0.015       0.980                                                                   0.774
p43_ONONSPEC  .28_LTRP                                                           0.604
p43_ONONSPEC  .31_SER            0.003                                           0.669                                           0.008                   0.021       1.000

GAMS 42.5.0  cf11b917 Mar 30, 2023          WEX-WEI x86 64bit/MS Windows - 06/12/24 11:15:55 Page 4
PEP model w-t
Range Statistics    SOLVE PEPWT Using CNS From line 4198


RANGE STATISTICS (ABSOLUTE NON-ZERO FINITE VALUES)

RHS       [min, max] : [ 1.098E-06, 8.930E+03] - Zero values observed as well
Bound     [min, max] : [        NA,        NA]
Matrix    [min, max] : [ 1.059E-20, 1.731E+05] - Zero values observed as well

GAMS 42.5.0  cf11b917 Mar 30, 2023          WEX-WEI x86 64bit/MS Windows - 06/12/24 11:15:55 Page 5
PEP model w-t
Model Statistics    SOLVE PEPWT Using CNS From line 4198


LOOPS                                 TIME   2019


MODEL STATISTICS

BLOCKS OF EQUATIONS         116     SINGLE EQUATIONS       86,775
BLOCKS OF VARIABLES         124     SINGLE VARIABLES       86,775
NON ZERO ELEMENTS       426,530     NON LINEAR N-Z        258,260
CODE LENGTH             783,451     CONSTANT POOL          58,113
SINGLE =E|X= EQUS        86,775     SINGLE UNFIXED VARS    86,775


GENERATION TIME      =        0.609 SECONDS     59 MB  42.5.0 cf11b917 WEX-WEI
               L O O P S               TIME 2019

GAMS 42.5.0  cf11b917 Mar 30, 2023          WEX-WEI x86 64bit/MS Windows - 06/12/24 11:15:55 Page 6
PEP model w-t
Solution Report     SOLVE PEPWT Using CNS From line 4198


               S O L V E      S U M M A R Y

     MODEL   PEPWT               
     TYPE    CNS                 
     SOLVER  CONOPT              FROM LINE  4198

**** SOLVER STATUS     1 Normal Completion
**** MODEL STATUS      16 Solved

 RESOURCE USAGE, LIMIT          1.157 10000000000.000
 ITERATION COUNT, LIMIT         2    2147483647
 EVALUATION ERRORS              0             0
 
 
    C O N O P T 3   version 3.17N
    Copyright (C)   ARKI Consulting and Development A/S
                    Bagsvaerdvej 246 A
                    DK-2880 Bagsvaerd, Denmark
 
 
 ** 65 linear coefficients less than Rtmina = 1.00E-20
    have been set to zero.
 
 
 ** Warning **  The value of LFITER is out of range.
                LFITER is decreased from 2147483647 to 1000000000.
 
                   Pre-triangular equations:   6170
                   Post-triangular equations:  190
 
 
    It may be more efficient to turn the Post-triangular equations
    into ordinary equations with option:
 
    Lspost=False
 
 
 ** Feasible solution to a square system.
 
 
 CONOPT time Total                            0.898 seconds
   of which: Function evaluations             0.124 = 13.8%
             1st Derivative evaluations       0.069 =  7.7%
 


**** REPORT SUMMARY :        0 INFEASIBLE
                             0  DEPENDENT
                             0     ERRORS
GAMS 42.5.0  cf11b917 Mar 30, 2023          WEX-WEI x86 64bit/MS Windows - 06/12/24 11:15:55 Page 7
PEP model w-t
Range Statistics    SOLVE PEPWT Using CNS From line 4198


RANGE STATISTICS (ABSOLUTE NON-ZERO FINITE VALUES)

RHS       [min, max] : [ 1.087E-06, 8.958E+03] - Zero values observed as well
Bound     [min, max] : [        NA,        NA]
Matrix    [min, max] : [ 1.016E-20, 1.765E+05] - Zero values observed as well

GAMS 42.5.0  cf11b917 Mar 30, 2023          WEX-WEI x86 64bit/MS Windows - 06/12/24 11:15:55 Page 8
PEP model w-t
Model Statistics    SOLVE PEPWT Using CNS From line 4198


LOOPS                                 TIME   2020


MODEL STATISTICS

BLOCKS OF EQUATIONS         116     SINGLE EQUATIONS       86,775
BLOCKS OF VARIABLES         124     SINGLE VARIABLES       86,775
NON ZERO ELEMENTS       427,378     NON LINEAR N-Z        259,108
CODE LENGTH             790,472     CONSTANT POOL          59,501
SINGLE =E|X= EQUS        86,775     SINGLE UNFIXED VARS    86,775


GENERATION TIME      =        0.828 SECONDS     74 MB  42.5.0 cf11b917 WEX-WEI
               L O O P S               TIME 2020

GAMS 42.5.0  cf11b917 Mar 30, 2023          WEX-WEI x86 64bit/MS Windows - 06/12/24 11:15:55 Page 9
PEP model w-t
Solution Report     SOLVE PEPWT Using CNS From line 4198


               S O L V E      S U M M A R Y

     MODEL   PEPWT               
     TYPE    CNS                 
     SOLVER  CONOPT              FROM LINE  4198

**** SOLVER STATUS     1 Normal Completion
**** MODEL STATUS      16 Solved

 RESOURCE USAGE, LIMIT          1.172 10000000000.000
 ITERATION COUNT, LIMIT        15    2147483647
 EVALUATION ERRORS              0             0
 
 
    C O N O P T 3   version 3.17N
    Copyright (C)   ARKI Consulting and Development A/S
                    Bagsvaerdvej 246 A
                    DK-2880 Bagsvaerd, Denmark
 
 
 ** 65 linear coefficients less than Rtmina = 1.00E-20
    have been set to zero.
 
 
 ** Warning **  The value of LFITER is out of range.
                LFITER is decreased from 2147483647 to 1000000000.
 
                   Pre-triangular equations:   6153
                   Post-triangular equations:  190
 
 
    It may be more efficient to turn the Post-triangular equations
    into ordinary equations with option:
 
    Lspost=False
 
 
 ** Feasible solution to a square system.
 
 
 CONOPT time Total                            1.221 seconds
   of which: Function evaluations             0.399 = 32.7%
             1st Derivative evaluations       0.058 =  4.8%
 


**** REPORT SUMMARY :        0 INFEASIBLE
                             0  DEPENDENT
                             0     ERRORS
GAMS 42.5.0  cf11b917 Mar 30, 2023          WEX-WEI x86 64bit/MS Windows - 06/12/24 11:15:55 Page 10
PEP model w-t
Range Statistics    SOLVE PEPWT Using CNS From line 4198


RANGE STATISTICS (ABSOLUTE NON-ZERO FINITE VALUES)

RHS       [min, max] : [ 1.076E-06, 8.968E+03] - Zero values observed as well
Bound     [min, max] : [        NA,        NA]
Matrix    [min, max] : [ 1.037E-20, 1.892E+05] - Zero values observed as well

GAMS 42.5.0  cf11b917 Mar 30, 2023          WEX-WEI x86 64bit/MS Windows - 06/12/24 11:15:55 Page 11
PEP model w-t
Model Statistics    SOLVE PEPWT Using CNS From line 4198


LOOPS                                 TIME   2021


MODEL STATISTICS

BLOCKS OF EQUATIONS         116     SINGLE EQUATIONS       86,775
BLOCKS OF VARIABLES         124     SINGLE VARIABLES       86,775
NON ZERO ELEMENTS       427,378     NON LINEAR N-Z        259,108
CODE LENGTH             790,472     CONSTANT POOL          59,501
SINGLE =E|X= EQUS        86,775     SINGLE UNFIXED VARS    86,775


GENERATION TIME      =        0.984 SECONDS     86 MB  42.5.0 cf11b917 WEX-WEI
               L O O P S               TIME 2021

GAMS 42.5.0  cf11b917 Mar 30, 2023          WEX-WEI x86 64bit/MS Windows - 06/12/24 11:15:55 Page 12
PEP model w-t
Solution Report     SOLVE PEPWT Using CNS From line 4198


               S O L V E      S U M M A R Y

     MODEL   PEPWT               
     TYPE    CNS                 
     SOLVER  CONOPT              FROM LINE  4198

**** SOLVER STATUS     1 Normal Completion
**** MODEL STATUS      16 Solved

 RESOURCE USAGE, LIMIT          1.156 10000000000.000
 ITERATION COUNT, LIMIT        16    2147483647
 EVALUATION ERRORS              0             0
 
 
    C O N O P T 3   version 3.17N
    Copyright (C)   ARKI Consulting and Development A/S
                    Bagsvaerdvej 246 A
                    DK-2880 Bagsvaerd, Denmark
 
 
 ** 65 linear coefficients less than Rtmina = 1.00E-20
    have been set to zero.
 
 
 ** Warning **  The value of LFITER is out of range.
                LFITER is decreased from 2147483647 to 1000000000.
 
                   Pre-triangular equations:   6153
                   Post-triangular equations:  190
 
 
    It may be more efficient to turn the Post-triangular equations
    into ordinary equations with option:
 
    Lspost=False
 
 
 ** Feasible solution to a square system.
 
 
 CONOPT time Total                            1.176 seconds
   of which: Function evaluations             0.363 = 30.9%
             1st Derivative evaluations       0.079 =  6.7%
 


**** REPORT SUMMARY :        0 INFEASIBLE
                             0  DEPENDENT
                             0     ERRORS
GAMS 42.5.0  cf11b917 Mar 30, 2023          WEX-WEI x86 64bit/MS Windows - 06/12/24 11:15:55 Page 13
PEP model w-t
Range Statistics    SOLVE PEPWT Using CNS From line 4198


RANGE STATISTICS (ABSOLUTE NON-ZERO FINITE VALUES)

RHS       [min, max] : [ 1.066E-06, 9.007E+03] - Zero values observed as well
Bound     [min, max] : [        NA,        NA]
Matrix    [min, max] : [ 1.029E-20, 1.770E+05] - Zero values observed as well

GAMS 42.5.0  cf11b917 Mar 30, 2023          WEX-WEI x86 64bit/MS Windows - 06/12/24 11:15:55 Page 14
PEP model w-t
Model Statistics    SOLVE PEPWT Using CNS From line 4198


LOOPS                                 TIME   2022


MODEL STATISTICS

BLOCKS OF EQUATIONS         116     SINGLE EQUATIONS       86,775
BLOCKS OF VARIABLES         124     SINGLE VARIABLES       86,775
NON ZERO ELEMENTS       427,378     NON LINEAR N-Z        259,108
CODE LENGTH             790,472     CONSTANT POOL          59,501
SINGLE =E|X= EQUS        86,775     SINGLE UNFIXED VARS    86,775


GENERATION TIME      =        1.078 SECONDS     99 MB  42.5.0 cf11b917 WEX-WEI
               L O O P S               TIME 2022

GAMS 42.5.0  cf11b917 Mar 30, 2023          WEX-WEI x86 64bit/MS Windows - 06/12/24 11:15:55 Page 15
PEP model w-t
Solution Report     SOLVE PEPWT Using CNS From line 4198


               S O L V E      S U M M A R Y

     MODEL   PEPWT               
     TYPE    CNS                 
     SOLVER  CONOPT              FROM LINE  4198

**** SOLVER STATUS     1 Normal Completion
**** MODEL STATUS      16 Solved

 RESOURCE USAGE, LIMIT          1.203 10000000000.000
 ITERATION COUNT, LIMIT        15    2147483647
 EVALUATION ERRORS              0             0
 
 
    C O N O P T 3   version 3.17N
    Copyright (C)   ARKI Consulting and Development A/S
                    Bagsvaerdvej 246 A
                    DK-2880 Bagsvaerd, Denmark
 
 
 ** 65 linear coefficients less than Rtmina = 1.00E-20
    have been set to zero.
 
 
 ** Warning **  The value of LFITER is out of range.
                LFITER is decreased from 2147483647 to 1000000000.
 
                   Pre-triangular equations:   6153
                   Post-triangular equations:  190
 
 
    It may be more efficient to turn the Post-triangular equations
    into ordinary equations with option:
 
    Lspost=False
 
 
 ** Feasible solution to a square system.
 
 
 CONOPT time Total                            1.249 seconds
   of which: Function evaluations             0.413 = 33.1%
             1st Derivative evaluations       0.061 =  4.9%
 


**** REPORT SUMMARY :        0 INFEASIBLE
                             0  DEPENDENT
                             0     ERRORS
GAMS 42.5.0  cf11b917 Mar 30, 2023          WEX-WEI x86 64bit/MS Windows - 06/12/24 11:15:55 Page 16
PEP model w-t
Range Statistics    SOLVE PEPWT Using CNS From line 4198


RANGE STATISTICS (ABSOLUTE NON-ZERO FINITE VALUES)

RHS       [min, max] : [ 1.055E-06, 9.052E+03] - Zero values observed as well
Bound     [min, max] : [        NA,        NA]
Matrix    [min, max] : [ 1.031E-20, 1.777E+05] - Zero values observed as well

GAMS 42.5.0  cf11b917 Mar 30, 2023          WEX-WEI x86 64bit/MS Windows - 06/12/24 11:15:55 Page 17
PEP model w-t
Model Statistics    SOLVE PEPWT Using CNS From line 4198


LOOPS                                 TIME   2023


MODEL STATISTICS

BLOCKS OF EQUATIONS         116     SINGLE EQUATIONS       86,775
BLOCKS OF VARIABLES         124     SINGLE VARIABLES       86,775
NON ZERO ELEMENTS       427,378     NON LINEAR N-Z        259,108
CODE LENGTH             790,472     CONSTANT POOL          59,501
SINGLE =E|X= EQUS        86,775     SINGLE UNFIXED VARS    86,775


GENERATION TIME      =        1.125 SECONDS    112 MB  42.5.0 cf11b917 WEX-WEI
               L O O P S               TIME 2023

GAMS 42.5.0  cf11b917 Mar 30, 2023          WEX-WEI x86 64bit/MS Windows - 06/12/24 11:15:55 Page 18
PEP model w-t
Solution Report     SOLVE PEPWT Using CNS From line 4198


               S O L V E      S U M M A R Y

     MODEL   PEPWT               
     TYPE    CNS                 
     SOLVER  CONOPT              FROM LINE  4198

**** SOLVER STATUS     1 Normal Completion
**** MODEL STATUS      16 Solved

 RESOURCE USAGE, LIMIT          1.281 10000000000.000
 ITERATION COUNT, LIMIT        13    2147483647
 EVALUATION ERRORS              0             0
 
 
    C O N O P T 3   version 3.17N
    Copyright (C)   ARKI Consulting and Development A/S
                    Bagsvaerdvej 246 A
                    DK-2880 Bagsvaerd, Denmark
 
 
 ** 65 linear coefficients less than Rtmina = 1.00E-20
    have been set to zero.
 
 
 ** Warning **  The value of LFITER is out of range.
                LFITER is decreased from 2147483647 to 1000000000.
 
                   Pre-triangular equations:   6153
                   Post-triangular equations:  190
 
 
    It may be more efficient to turn the Post-triangular equations
    into ordinary equations with option:
 
    Lspost=False
 
 
 ** Feasible solution to a square system.
 
 
 CONOPT time Total                            1.309 seconds
   of which: Function evaluations             0.322 = 24.6%
             1st Derivative evaluations       0.062 =  4.7%
 


**** REPORT SUMMARY :        0 INFEASIBLE
                             0  DEPENDENT
                             0     ERRORS
GAMS 42.5.0  cf11b917 Mar 30, 2023          WEX-WEI x86 64bit/MS Windows - 06/12/24 11:15:55 Page 19
PEP model w-t
Range Statistics    SOLVE PEPWT Using CNS From line 4198


RANGE STATISTICS (ABSOLUTE NON-ZERO FINITE VALUES)

RHS       [min, max] : [ 1.044E-06, 9.211E+03] - Zero values observed as well
Bound     [min, max] : [        NA,        NA]
Matrix    [min, max] : [ 1.065E-20, 1.787E+05] - Zero values observed as well

GAMS 42.5.0  cf11b917 Mar 30, 2023          WEX-WEI x86 64bit/MS Windows - 06/12/24 11:15:55 Page 20
PEP model w-t
Model Statistics    SOLVE PEPWT Using CNS From line 4198


LOOPS                                 TIME   2024


MODEL STATISTICS

BLOCKS OF EQUATIONS         116     SINGLE EQUATIONS       86,775
BLOCKS OF VARIABLES         124     SINGLE VARIABLES       86,775
NON ZERO ELEMENTS       427,378     NON LINEAR N-Z        259,108
CODE LENGTH             790,472     CONSTANT POOL          59,501
SINGLE =E|X= EQUS        86,775     SINGLE UNFIXED VARS    86,775


GENERATION TIME      =        1.203 SECONDS    125 MB  42.5.0 cf11b917 WEX-WEI
               L O O P S               TIME 2024

GAMS 42.5.0  cf11b917 Mar 30, 2023          WEX-WEI x86 64bit/MS Windows - 06/12/24 11:15:55 Page 21
PEP model w-t
Solution Report     SOLVE PEPWT Using CNS From line 4198


               S O L V E      S U M M A R Y

     MODEL   PEPWT               
     TYPE    CNS                 
     SOLVER  CONOPT              FROM LINE  4198

**** SOLVER STATUS     1 Normal Completion
**** MODEL STATUS      16 Solved

 RESOURCE USAGE, LIMIT          1.047 10000000000.000
 ITERATION COUNT, LIMIT        13    2147483647
 EVALUATION ERRORS              0             0
 
 
    C O N O P T 3   version 3.17N
    Copyright (C)   ARKI Consulting and Development A/S
                    Bagsvaerdvej 246 A
                    DK-2880 Bagsvaerd, Denmark
 
 
 ** 65 linear coefficients less than Rtmina = 1.00E-20
    have been set to zero.
 
 
 ** Warning **  The value of LFITER is out of range.
                LFITER is decreased from 2147483647 to 1000000000.
 
                   Pre-triangular equations:   6153
                   Post-triangular equations:  190
 
 
    It may be more efficient to turn the Post-triangular equations
    into ordinary equations with option:
 
    Lspost=False
 
 
 ** Feasible solution to a square system.
 
 
 CONOPT time Total                            1.077 seconds
   of which: Function evaluations             0.324 = 30.1%
             1st Derivative evaluations       0.049 =  4.5%
 


**** REPORT SUMMARY :        0 INFEASIBLE
                             0  DEPENDENT
                             0     ERRORS
GAMS 42.5.0  cf11b917 Mar 30, 2023          WEX-WEI x86 64bit/MS Windows - 06/12/24 11:15:55 Page 22
PEP model w-t
Range Statistics    SOLVE PEPWT Using CNS From line 4198


RANGE STATISTICS (ABSOLUTE NON-ZERO FINITE VALUES)

RHS       [min, max] : [ 1.034E-06, 9.628E+03] - Zero values observed as well
Bound     [min, max] : [        NA,        NA]
Matrix    [min, max] : [ 1.036E-20, 1.800E+05] - Zero values observed as well

GAMS 42.5.0  cf11b917 Mar 30, 2023          WEX-WEI x86 64bit/MS Windows - 06/12/24 11:15:55 Page 23
PEP model w-t
Model Statistics    SOLVE PEPWT Using CNS From line 4198


LOOPS                                 TIME   2025


MODEL STATISTICS

BLOCKS OF EQUATIONS         116     SINGLE EQUATIONS       86,775
BLOCKS OF VARIABLES         124     SINGLE VARIABLES       86,775
NON ZERO ELEMENTS       427,378     NON LINEAR N-Z        259,108
CODE LENGTH             790,472     CONSTANT POOL          59,501
SINGLE =E|X= EQUS        86,775     SINGLE UNFIXED VARS    86,775


GENERATION TIME      =        1.266 SECONDS    137 MB  42.5.0 cf11b917 WEX-WEI
               L O O P S               TIME 2025

GAMS 42.5.0  cf11b917 Mar 30, 2023          WEX-WEI x86 64bit/MS Windows - 06/12/24 11:15:55 Page 24
PEP model w-t
Solution Report     SOLVE PEPWT Using CNS From line 4198


               S O L V E      S U M M A R Y

     MODEL   PEPWT               
     TYPE    CNS                 
     SOLVER  CONOPT              FROM LINE  4198

**** SOLVER STATUS     1 Normal Completion
**** MODEL STATUS      16 Solved

 RESOURCE USAGE, LIMIT          1.203 10000000000.000
 ITERATION COUNT, LIMIT        13    2147483647
 EVALUATION ERRORS              0             0
 
 
    C O N O P T 3   version 3.17N
    Copyright (C)   ARKI Consulting and Development A/S
                    Bagsvaerdvej 246 A
                    DK-2880 Bagsvaerd, Denmark
 
 
 ** 65 linear coefficients less than Rtmina = 1.00E-20
    have been set to zero.
 
 
 ** Warning **  The value of LFITER is out of range.
                LFITER is decreased from 2147483647 to 1000000000.
 
                   Pre-triangular equations:   6153
                   Post-triangular equations:  190
 
 
    It may be more efficient to turn the Post-triangular equations
    into ordinary equations with option:
 
    Lspost=False
 
 
 ** Feasible solution to a square system.
 
 
 CONOPT time Total                            1.230 seconds
   of which: Function evaluations             0.347 = 28.2%
             1st Derivative evaluations       0.058 =  4.7%
 


**** REPORT SUMMARY :        0 INFEASIBLE
                             0  DEPENDENT
                             0     ERRORS
GAMS 42.5.0  cf11b917 Mar 30, 2023          WEX-WEI x86 64bit/MS Windows - 06/12/24 11:15:55 Page 25
PEP model w-t
Range Statistics    SOLVE PEPWT Using CNS From line 4198


RANGE STATISTICS (ABSOLUTE NON-ZERO FINITE VALUES)

RHS       [min, max] : [ 1.024E-06, 1.007E+04] - Zero values observed as well
Bound     [min, max] : [        NA,        NA]
Matrix    [min, max] : [ 1.065E-20, 1.815E+05] - Zero values observed as well

GAMS 42.5.0  cf11b917 Mar 30, 2023          WEX-WEI x86 64bit/MS Windows - 06/12/24 11:15:55 Page 26
PEP model w-t
Model Statistics    SOLVE PEPWT Using CNS From line 4198


LOOPS                                 TIME   2026


MODEL STATISTICS

BLOCKS OF EQUATIONS         116     SINGLE EQUATIONS       86,775
BLOCKS OF VARIABLES         124     SINGLE VARIABLES       86,775
NON ZERO ELEMENTS       427,378     NON LINEAR N-Z        259,108
CODE LENGTH             790,472     CONSTANT POOL          59,501
SINGLE =E|X= EQUS        86,775     SINGLE UNFIXED VARS    86,775


GENERATION TIME      =        1.344 SECONDS    150 MB  42.5.0 cf11b917 WEX-WEI
               L O O P S               TIME 2026

GAMS 42.5.0  cf11b917 Mar 30, 2023          WEX-WEI x86 64bit/MS Windows - 06/12/24 11:15:55 Page 27
PEP model w-t
Solution Report     SOLVE PEPWT Using CNS From line 4198


               S O L V E      S U M M A R Y

     MODEL   PEPWT               
     TYPE    CNS                 
     SOLVER  CONOPT              FROM LINE  4198

**** SOLVER STATUS     1 Normal Completion
**** MODEL STATUS      16 Solved

 RESOURCE USAGE, LIMIT          1.078 10000000000.000
 ITERATION COUNT, LIMIT        13    2147483647
 EVALUATION ERRORS              0             0
 
 
    C O N O P T 3   version 3.17N
    Copyright (C)   ARKI Consulting and Development A/S
                    Bagsvaerdvej 246 A
                    DK-2880 Bagsvaerd, Denmark
 
 
 ** 65 linear coefficients less than Rtmina = 1.00E-20
    have been set to zero.
 
 
 ** Warning **  The value of LFITER is out of range.
                LFITER is decreased from 2147483647 to 1000000000.
 
                   Pre-triangular equations:   6153
                   Post-triangular equations:  190
 
 
    It may be more efficient to turn the Post-triangular equations
    into ordinary equations with option:
 
    Lspost=False
 
 
 ** Feasible solution to a square system.
 
 
 CONOPT time Total                            1.100 seconds
   of which: Function evaluations             0.316 = 28.7%
             1st Derivative evaluations       0.049 =  4.5%
 


**** REPORT SUMMARY :        0 INFEASIBLE
                             0  DEPENDENT
                             0     ERRORS
GAMS 42.5.0  cf11b917 Mar 30, 2023          WEX-WEI x86 64bit/MS Windows - 06/12/24 11:15:55 Page 28
PEP model w-t
Range Statistics    SOLVE PEPWT Using CNS From line 4198


RANGE STATISTICS (ABSOLUTE NON-ZERO FINITE VALUES)

RHS       [min, max] : [ 1.013E-06, 1.053E+04] - Zero values observed as well
Bound     [min, max] : [        NA,        NA]
Matrix    [min, max] : [ 1.065E-20, 1.805E+05] - Zero values observed as well

GAMS 42.5.0  cf11b917 Mar 30, 2023          WEX-WEI x86 64bit/MS Windows - 06/12/24 11:15:55 Page 29
PEP model w-t
Model Statistics    SOLVE PEPWT Using CNS From line 4198


LOOPS                                 TIME   2027


MODEL STATISTICS

BLOCKS OF EQUATIONS         116     SINGLE EQUATIONS       86,775
BLOCKS OF VARIABLES         124     SINGLE VARIABLES       86,775
NON ZERO ELEMENTS       427,378     NON LINEAR N-Z        259,108
CODE LENGTH             790,472     CONSTANT POOL          59,501
SINGLE =E|X= EQUS        86,775     SINGLE UNFIXED VARS    86,775


GENERATION TIME      =        1.391 SECONDS    164 MB  42.5.0 cf11b917 WEX-WEI
               L O O P S               TIME 2027

GAMS 42.5.0  cf11b917 Mar 30, 2023          WEX-WEI x86 64bit/MS Windows - 06/12/24 11:15:55 Page 30
PEP model w-t
Solution Report     SOLVE PEPWT Using CNS From line 4198


               S O L V E      S U M M A R Y

     MODEL   PEPWT               
     TYPE    CNS                 
     SOLVER  CONOPT              FROM LINE  4198

**** SOLVER STATUS     1 Normal Completion
**** MODEL STATUS      16 Solved

 RESOURCE USAGE, LIMIT          1.156 10000000000.000
 ITERATION COUNT, LIMIT        13    2147483647
 EVALUATION ERRORS              0             0
 
 
    C O N O P T 3   version 3.17N
    Copyright (C)   ARKI Consulting and Development A/S
                    Bagsvaerdvej 246 A
                    DK-2880 Bagsvaerd, Denmark
 
 
 ** 65 linear coefficients less than Rtmina = 1.00E-20
    have been set to zero.
 
 
 ** Warning **  The value of LFITER is out of range.
                LFITER is decreased from 2147483647 to 1000000000.
 
                   Pre-triangular equations:   6153
                   Post-triangular equations:  190
 
 
    It may be more efficient to turn the Post-triangular equations
    into ordinary equations with option:
 
    Lspost=False
 
 
 ** Feasible solution to a square system.
 
 
 CONOPT time Total                            1.194 seconds
   of which: Function evaluations             0.333 = 27.9%
             1st Derivative evaluations       0.068 =  5.7%
 


**** REPORT SUMMARY :        0 INFEASIBLE
                             0  DEPENDENT
                             0     ERRORS
GAMS 42.5.0  cf11b917 Mar 30, 2023          WEX-WEI x86 64bit/MS Windows - 06/12/24 11:15:55 Page 31
PEP model w-t
Range Statistics    SOLVE PEPWT Using CNS From line 4198


RANGE STATISTICS (ABSOLUTE NON-ZERO FINITE VALUES)

RHS       [min, max] : [ 1.003E-06, 1.102E+04] - Zero values observed as well
Bound     [min, max] : [        NA,        NA]
Matrix    [min, max] : [ 1.065E-20, 1.801E+05] - Zero values observed as well

GAMS 42.5.0  cf11b917 Mar 30, 2023          WEX-WEI x86 64bit/MS Windows - 06/12/24 11:15:55 Page 32
PEP model w-t
Model Statistics    SOLVE PEPWT Using CNS From line 4198


LOOPS                                 TIME   2028


MODEL STATISTICS

BLOCKS OF EQUATIONS         116     SINGLE EQUATIONS       86,775
BLOCKS OF VARIABLES         124     SINGLE VARIABLES       86,775
NON ZERO ELEMENTS       427,378     NON LINEAR N-Z        259,108
CODE LENGTH             790,472     CONSTANT POOL          59,501
SINGLE =E|X= EQUS        86,775     SINGLE UNFIXED VARS    86,775


GENERATION TIME      =        1.500 SECONDS    176 MB  42.5.0 cf11b917 WEX-WEI
               L O O P S               TIME 2028

GAMS 42.5.0  cf11b917 Mar 30, 2023          WEX-WEI x86 64bit/MS Windows - 06/12/24 11:15:55 Page 33
PEP model w-t
Solution Report     SOLVE PEPWT Using CNS From line 4198


               S O L V E      S U M M A R Y

     MODEL   PEPWT               
     TYPE    CNS                 
     SOLVER  CONOPT              FROM LINE  4198

**** SOLVER STATUS     1 Normal Completion
**** MODEL STATUS      16 Solved

 RESOURCE USAGE, LIMIT          1.328 10000000000.000
 ITERATION COUNT, LIMIT        13    2147483647
 EVALUATION ERRORS              0             0
 
 
    C O N O P T 3   version 3.17N
    Copyright (C)   ARKI Consulting and Development A/S
                    Bagsvaerdvej 246 A
                    DK-2880 Bagsvaerd, Denmark
 
 
 ** 65 linear coefficients less than Rtmina = 1.00E-20
    have been set to zero.
 
 
 ** Warning **  The value of LFITER is out of range.
                LFITER is decreased from 2147483647 to 1000000000.
 
                   Pre-triangular equations:   6153
                   Post-triangular equations:  190
 
 
    It may be more efficient to turn the Post-triangular equations
    into ordinary equations with option:
 
    Lspost=False
 
 
 ** Feasible solution to a square system.
 
 
 CONOPT time Total                            1.359 seconds
   of which: Function evaluations             0.352 = 25.9%
             1st Derivative evaluations       0.060 =  4.4%
 


**** REPORT SUMMARY :        0 INFEASIBLE
                             0  DEPENDENT
                             0     ERRORS
GAMS 42.5.0  cf11b917 Mar 30, 2023          WEX-WEI x86 64bit/MS Windows - 06/12/24 11:15:55 Page 34
PEP model w-t
Range Statistics    SOLVE PEPWT Using CNS From line 4198


RANGE STATISTICS (ABSOLUTE NON-ZERO FINITE VALUES)

RHS       [min, max] : [ 9.932E-07, 1.153E+04] - Zero values observed as well
Bound     [min, max] : [        NA,        NA]
Matrix    [min, max] : [ 1.065E-20, 1.802E+05] - Zero values observed as well

GAMS 42.5.0  cf11b917 Mar 30, 2023          WEX-WEI x86 64bit/MS Windows - 06/12/24 11:15:55 Page 35
PEP model w-t
Model Statistics    SOLVE PEPWT Using CNS From line 4198


LOOPS                                 TIME   2029


MODEL STATISTICS

BLOCKS OF EQUATIONS         116     SINGLE EQUATIONS       86,775
BLOCKS OF VARIABLES         124     SINGLE VARIABLES       86,775
NON ZERO ELEMENTS       427,378     NON LINEAR N-Z        259,108
CODE LENGTH             790,472     CONSTANT POOL          59,501
SINGLE =E|X= EQUS        86,775     SINGLE UNFIXED VARS    86,775


GENERATION TIME      =        1.532 SECONDS    189 MB  42.5.0 cf11b917 WEX-WEI
               L O O P S               TIME 2029

GAMS 42.5.0  cf11b917 Mar 30, 2023          WEX-WEI x86 64bit/MS Windows - 06/12/24 11:15:55 Page 36
PEP model w-t
Solution Report     SOLVE PEPWT Using CNS From line 4198


               S O L V E      S U M M A R Y

     MODEL   PEPWT               
     TYPE    CNS                 
     SOLVER  CONOPT              FROM LINE  4198

**** SOLVER STATUS     1 Normal Completion
**** MODEL STATUS      16 Solved

 RESOURCE USAGE, LIMIT          1.312 10000000000.000
 ITERATION COUNT, LIMIT        13    2147483647
 EVALUATION ERRORS              0             0
 
 
    C O N O P T 3   version 3.17N
    Copyright (C)   ARKI Consulting and Development A/S
                    Bagsvaerdvej 246 A
                    DK-2880 Bagsvaerd, Denmark
 
 
 ** 65 linear coefficients less than Rtmina = 1.00E-20
    have been set to zero.
 
 
 ** Warning **  The value of LFITER is out of range.
                LFITER is decreased from 2147483647 to 1000000000.
 
                   Pre-triangular equations:   6153
                   Post-triangular equations:  190
 
 
    It may be more efficient to turn the Post-triangular equations
    into ordinary equations with option:
 
    Lspost=False
 
 
 ** Feasible solution to a square system.
 
 
 CONOPT time Total                            1.334 seconds
   of which: Function evaluations             0.382 = 28.6%
             1st Derivative evaluations       0.052 =  3.9%
 


**** REPORT SUMMARY :        0 INFEASIBLE
                             0  DEPENDENT
                             0     ERRORS
GAMS 42.5.0  cf11b917 Mar 30, 2023          WEX-WEI x86 64bit/MS Windows - 06/12/24 11:15:55 Page 37
PEP model w-t
Range Statistics    SOLVE PEPWT Using CNS From line 4198


RANGE STATISTICS (ABSOLUTE NON-ZERO FINITE VALUES)

RHS       [min, max] : [ 9.833E-07, 1.205E+04] - Zero values observed as well
Bound     [min, max] : [        NA,        NA]
Matrix    [min, max] : [ 1.065E-20, 1.808E+05] - Zero values observed as well

GAMS 42.5.0  cf11b917 Mar 30, 2023          WEX-WEI x86 64bit/MS Windows - 06/12/24 11:15:55 Page 38
PEP model w-t
Model Statistics    SOLVE PEPWT Using CNS From line 4198


LOOPS                                 TIME   2030


MODEL STATISTICS

BLOCKS OF EQUATIONS         116     SINGLE EQUATIONS       86,775
BLOCKS OF VARIABLES         124     SINGLE VARIABLES       86,775
NON ZERO ELEMENTS       427,378     NON LINEAR N-Z        259,108
CODE LENGTH             790,472     CONSTANT POOL          59,501
SINGLE =E|X= EQUS        86,775     SINGLE UNFIXED VARS    86,775


GENERATION TIME      =        1.547 SECONDS    202 MB  42.5.0 cf11b917 WEX-WEI
               L O O P S               TIME 2030

GAMS 42.5.0  cf11b917 Mar 30, 2023          WEX-WEI x86 64bit/MS Windows - 06/12/24 11:15:55 Page 39
PEP model w-t
Solution Report     SOLVE PEPWT Using CNS From line 4198


               S O L V E      S U M M A R Y

     MODEL   PEPWT               
     TYPE    CNS                 
     SOLVER  CONOPT              FROM LINE  4198

**** SOLVER STATUS     1 Normal Completion
**** MODEL STATUS      16 Solved

 RESOURCE USAGE, LIMIT          1.203 10000000000.000
 ITERATION COUNT, LIMIT        13    2147483647
 EVALUATION ERRORS              0             0
 
 
    C O N O P T 3   version 3.17N
    Copyright (C)   ARKI Consulting and Development A/S
                    Bagsvaerdvej 246 A
                    DK-2880 Bagsvaerd, Denmark
 
 
 ** 65 linear coefficients less than Rtmina = 1.00E-20
    have been set to zero.
 
 
 ** Warning **  The value of LFITER is out of range.
                LFITER is decreased from 2147483647 to 1000000000.
 
                   Pre-triangular equations:   6153
                   Post-triangular equations:  190
 
 
    It may be more efficient to turn the Post-triangular equations
    into ordinary equations with option:
 
    Lspost=False
 
 
 ** Feasible solution to a square system.
 
 
 CONOPT time Total                            1.238 seconds
   of which: Function evaluations             0.295 = 23.8%
             1st Derivative evaluations       0.053 =  4.3%
 


**** REPORT SUMMARY :        0 INFEASIBLE
                             0  DEPENDENT
                             0     ERRORS
GAMS 42.5.0  cf11b917 Mar 30, 2023          WEX-WEI x86 64bit/MS Windows - 06/12/24 11:15:55 Page 40
PEP model w-t
Range Statistics    SOLVE PEPWT Using CNS From line 4198


RANGE STATISTICS (ABSOLUTE NON-ZERO FINITE VALUES)

RHS       [min, max] : [ 9.735E-07, 1.260E+04] - Zero values observed as well
Bound     [min, max] : [        NA,        NA]
Matrix    [min, max] : [ 1.065E-20, 1.817E+05] - Zero values observed as well

GAMS 42.5.0  cf11b917 Mar 30, 2023          WEX-WEI x86 64bit/MS Windows - 06/12/24 11:15:55 Page 41
PEP model w-t
Model Statistics    SOLVE PEPWT Using CNS From line 4198


LOOPS                                 TIME   2031


MODEL STATISTICS

BLOCKS OF EQUATIONS         116     SINGLE EQUATIONS       86,775
BLOCKS OF VARIABLES         124     SINGLE VARIABLES       86,775
NON ZERO ELEMENTS       427,378     NON LINEAR N-Z        259,108
CODE LENGTH             790,472     CONSTANT POOL          59,501
SINGLE =E|X= EQUS        86,775     SINGLE UNFIXED VARS    86,775


GENERATION TIME      =        1.718 SECONDS    215 MB  42.5.0 cf11b917 WEX-WEI
               L O O P S               TIME 2031

GAMS 42.5.0  cf11b917 Mar 30, 2023          WEX-WEI x86 64bit/MS Windows - 06/12/24 11:15:55 Page 42
PEP model w-t
Solution Report     SOLVE PEPWT Using CNS From line 4198


               S O L V E      S U M M A R Y

     MODEL   PEPWT               
     TYPE    CNS                 
     SOLVER  CONOPT              FROM LINE  4198

**** SOLVER STATUS     1 Normal Completion
**** MODEL STATUS      16 Solved

 RESOURCE USAGE, LIMIT          1.157 10000000000.000
 ITERATION COUNT, LIMIT        12    2147483647
 EVALUATION ERRORS              0             0
 
 
    C O N O P T 3   version 3.17N
    Copyright (C)   ARKI Consulting and Development A/S
                    Bagsvaerdvej 246 A
                    DK-2880 Bagsvaerd, Denmark
 
 
 ** 65 linear coefficients less than Rtmina = 1.00E-20
    have been set to zero.
 
 
 ** Warning **  The value of LFITER is out of range.
                LFITER is decreased from 2147483647 to 1000000000.
 
                   Pre-triangular equations:   6153
                   Post-triangular equations:  190
 
 
    It may be more efficient to turn the Post-triangular equations
    into ordinary equations with option:
 
    Lspost=False
 
 
 ** Feasible solution to a square system.
 
 
 CONOPT time Total                            1.161 seconds
   of which: Function evaluations             0.299 = 25.8%
             1st Derivative evaluations       0.082 =  7.1%
 


**** REPORT SUMMARY :        0 INFEASIBLE
                             0  DEPENDENT
                             0     ERRORS
GAMS 42.5.0  cf11b917 Mar 30, 2023          WEX-WEI x86 64bit/MS Windows - 06/12/24 11:15:55 Page 43
PEP model w-t
Range Statistics    SOLVE PEPWT Using CNS From line 4198


RANGE STATISTICS (ABSOLUTE NON-ZERO FINITE VALUES)

RHS       [min, max] : [ 9.637E-07, 1.317E+04] - Zero values observed as well
Bound     [min, max] : [        NA,        NA]
Matrix    [min, max] : [ 1.065E-20, 1.910E+05] - Zero values observed as well

GAMS 42.5.0  cf11b917 Mar 30, 2023          WEX-WEI x86 64bit/MS Windows - 06/12/24 11:15:55 Page 44
PEP model w-t
Model Statistics    SOLVE PEPWT Using CNS From line 4198


LOOPS                                 TIME   2032


MODEL STATISTICS

BLOCKS OF EQUATIONS         116     SINGLE EQUATIONS       86,775
BLOCKS OF VARIABLES         124     SINGLE VARIABLES       86,775
NON ZERO ELEMENTS       427,378     NON LINEAR N-Z        259,108
CODE LENGTH             790,472     CONSTANT POOL          59,501
SINGLE =E|X= EQUS        86,775     SINGLE UNFIXED VARS    86,775


GENERATION TIME      =        1.750 SECONDS    228 MB  42.5.0 cf11b917 WEX-WEI
               L O O P S               TIME 2032

GAMS 42.5.0  cf11b917 Mar 30, 2023          WEX-WEI x86 64bit/MS Windows - 06/12/24 11:15:55 Page 45
PEP model w-t
Solution Report     SOLVE PEPWT Using CNS From line 4198


               S O L V E      S U M M A R Y

     MODEL   PEPWT               
     TYPE    CNS                 
     SOLVER  CONOPT              FROM LINE  4198

**** SOLVER STATUS     1 Normal Completion
**** MODEL STATUS      16 Solved

 RESOURCE USAGE, LIMIT          1.015 10000000000.000
 ITERATION COUNT, LIMIT        12    2147483647
 EVALUATION ERRORS              0             0
 
 
    C O N O P T 3   version 3.17N
    Copyright (C)   ARKI Consulting and Development A/S
                    Bagsvaerdvej 246 A
                    DK-2880 Bagsvaerd, Denmark
 
 
 ** 65 linear coefficients less than Rtmina = 1.00E-20
    have been set to zero.
 
 
 ** Warning **  The value of LFITER is out of range.
                LFITER is decreased from 2147483647 to 1000000000.
 
                   Pre-triangular equations:   6153
                   Post-triangular equations:  190
 
 
    It may be more efficient to turn the Post-triangular equations
    into ordinary equations with option:
 
    Lspost=False
 
 
 ** Feasible solution to a square system.
 
 
 CONOPT time Total                            1.040 seconds
   of which: Function evaluations             0.255 = 24.5%
             1st Derivative evaluations       0.057 =  5.5%
 


**** REPORT SUMMARY :        0 INFEASIBLE
                             0  DEPENDENT
                             0     ERRORS
GAMS 42.5.0  cf11b917 Mar 30, 2023          WEX-WEI x86 64bit/MS Windows - 06/12/24 11:15:55 Page 46
PEP model w-t
Range Statistics    SOLVE PEPWT Using CNS From line 4198


RANGE STATISTICS (ABSOLUTE NON-ZERO FINITE VALUES)

RHS       [min, max] : [ 9.541E-07, 1.375E+04] - Zero values observed as well
Bound     [min, max] : [        NA,        NA]
Matrix    [min, max] : [ 1.065E-20, 2.024E+05] - Zero values observed as well

GAMS 42.5.0  cf11b917 Mar 30, 2023          WEX-WEI x86 64bit/MS Windows - 06/12/24 11:15:55 Page 47
PEP model w-t
Model Statistics    SOLVE PEPWT Using CNS From line 4198


LOOPS                                 TIME   2033


MODEL STATISTICS

BLOCKS OF EQUATIONS         116     SINGLE EQUATIONS       86,775
BLOCKS OF VARIABLES         124     SINGLE VARIABLES       86,775
NON ZERO ELEMENTS       427,378     NON LINEAR N-Z        259,108
CODE LENGTH             790,472     CONSTANT POOL          59,501
SINGLE =E|X= EQUS        86,775     SINGLE UNFIXED VARS    86,775


GENERATION TIME      =        1.703 SECONDS    241 MB  42.5.0 cf11b917 WEX-WEI
               L O O P S               TIME 2033

GAMS 42.5.0  cf11b917 Mar 30, 2023          WEX-WEI x86 64bit/MS Windows - 06/12/24 11:15:55 Page 48
PEP model w-t
Solution Report     SOLVE PEPWT Using CNS From line 4198


               S O L V E      S U M M A R Y

     MODEL   PEPWT               
     TYPE    CNS                 
     SOLVER  CONOPT              FROM LINE  4198

**** SOLVER STATUS     1 Normal Completion
**** MODEL STATUS      16 Solved

 RESOURCE USAGE, LIMIT          1.140 10000000000.000
 ITERATION COUNT, LIMIT        12    2147483647
 EVALUATION ERRORS              0             0
 
 
    C O N O P T 3   version 3.17N
    Copyright (C)   ARKI Consulting and Development A/S
                    Bagsvaerdvej 246 A
                    DK-2880 Bagsvaerd, Denmark
 
 
 ** 65 linear coefficients less than Rtmina = 1.00E-20
    have been set to zero.
 
 
 ** Warning **  The value of LFITER is out of range.
                LFITER is decreased from 2147483647 to 1000000000.
 
                   Pre-triangular equations:   6153
                   Post-triangular equations:  190
 
 
    It may be more efficient to turn the Post-triangular equations
    into ordinary equations with option:
 
    Lspost=False
 
 
 ** Feasible solution to a square system.
 
 
 CONOPT time Total                            1.169 seconds
   of which: Function evaluations             0.262 = 22.4%
             1st Derivative evaluations       0.049 =  4.2%
 


**** REPORT SUMMARY :        0 INFEASIBLE
                             0  DEPENDENT
                             0     ERRORS
GAMS 42.5.0  cf11b917 Mar 30, 2023          WEX-WEI x86 64bit/MS Windows - 06/12/24 11:15:55 Page 49
PEP model w-t
Range Statistics    SOLVE PEPWT Using CNS From line 4198


RANGE STATISTICS (ABSOLUTE NON-ZERO FINITE VALUES)

RHS       [min, max] : [ 9.446E-07, 1.435E+04] - Zero values observed as well
Bound     [min, max] : [        NA,        NA]
Matrix    [min, max] : [ 1.065E-20, 2.145E+05] - Zero values observed as well

GAMS 42.5.0  cf11b917 Mar 30, 2023          WEX-WEI x86 64bit/MS Windows - 06/12/24 11:15:55 Page 50
PEP model w-t
Model Statistics    SOLVE PEPWT Using CNS From line 4198


LOOPS                                 TIME   2034


MODEL STATISTICS

BLOCKS OF EQUATIONS         116     SINGLE EQUATIONS       86,775
BLOCKS OF VARIABLES         124     SINGLE VARIABLES       86,775
NON ZERO ELEMENTS       427,378     NON LINEAR N-Z        259,108
CODE LENGTH             790,472     CONSTANT POOL          59,501
SINGLE =E|X= EQUS        86,775     SINGLE UNFIXED VARS    86,775


GENERATION TIME      =        1.829 SECONDS    253 MB  42.5.0 cf11b917 WEX-WEI
               L O O P S               TIME 2034

GAMS 42.5.0  cf11b917 Mar 30, 2023          WEX-WEI x86 64bit/MS Windows - 06/12/24 11:15:55 Page 51
PEP model w-t
Solution Report     SOLVE PEPWT Using CNS From line 4198


               S O L V E      S U M M A R Y

     MODEL   PEPWT               
     TYPE    CNS                 
     SOLVER  CONOPT              FROM LINE  4198

**** SOLVER STATUS     1 Normal Completion
**** MODEL STATUS      16 Solved

 RESOURCE USAGE, LIMIT          1.094 10000000000.000
 ITERATION COUNT, LIMIT        12    2147483647
 EVALUATION ERRORS              0             0
 
 
    C O N O P T 3   version 3.17N
    Copyright (C)   ARKI Consulting and Development A/S
                    Bagsvaerdvej 246 A
                    DK-2880 Bagsvaerd, Denmark
 
 
 ** 65 linear coefficients less than Rtmina = 1.00E-20
    have been set to zero.
 
 
 ** Warning **  The value of LFITER is out of range.
                LFITER is decreased from 2147483647 to 1000000000.
 
                   Pre-triangular equations:   6153
                   Post-triangular equations:  190
 
 
    It may be more efficient to turn the Post-triangular equations
    into ordinary equations with option:
 
    Lspost=False
 
 
 ** Feasible solution to a square system.
 
 
 CONOPT time Total                            1.128 seconds
   of which: Function evaluations             0.341 = 30.2%
             1st Derivative evaluations       0.049 =  4.3%
 


**** REPORT SUMMARY :        0 INFEASIBLE
                             0  DEPENDENT
                             0     ERRORS
GAMS 42.5.0  cf11b917 Mar 30, 2023          WEX-WEI x86 64bit/MS Windows - 06/12/24 11:15:55 Page 52
PEP model w-t
Range Statistics    SOLVE PEPWT Using CNS From line 4198


RANGE STATISTICS (ABSOLUTE NON-ZERO FINITE VALUES)

RHS       [min, max] : [ 9.351E-07, 1.497E+04] - Zero values observed as well
Bound     [min, max] : [        NA,        NA]
Matrix    [min, max] : [ 1.065E-20, 2.272E+05] - Zero values observed as well

GAMS 42.5.0  cf11b917 Mar 30, 2023          WEX-WEI x86 64bit/MS Windows - 06/12/24 11:15:55 Page 53
PEP model w-t
Model Statistics    SOLVE PEPWT Using CNS From line 4198


LOOPS                                 TIME   2035


MODEL STATISTICS

BLOCKS OF EQUATIONS         116     SINGLE EQUATIONS       86,775
BLOCKS OF VARIABLES         124     SINGLE VARIABLES       86,775
NON ZERO ELEMENTS       427,378     NON LINEAR N-Z        259,108
CODE LENGTH             790,472     CONSTANT POOL          59,501
SINGLE =E|X= EQUS        86,775     SINGLE UNFIXED VARS    86,775


GENERATION TIME      =        1.906 SECONDS    266 MB  42.5.0 cf11b917 WEX-WEI
               L O O P S               TIME 2035

GAMS 42.5.0  cf11b917 Mar 30, 2023          WEX-WEI x86 64bit/MS Windows - 06/12/24 11:15:55 Page 54
PEP model w-t
Solution Report     SOLVE PEPWT Using CNS From line 4198


               S O L V E      S U M M A R Y

     MODEL   PEPWT               
     TYPE    CNS                 
     SOLVER  CONOPT              FROM LINE  4198

**** SOLVER STATUS     1 Normal Completion
**** MODEL STATUS      16 Solved

 RESOURCE USAGE, LIMIT          1.218 10000000000.000
 ITERATION COUNT, LIMIT        12    2147483647
 EVALUATION ERRORS              0             0
 
 
    C O N O P T 3   version 3.17N
    Copyright (C)   ARKI Consulting and Development A/S
                    Bagsvaerdvej 246 A
                    DK-2880 Bagsvaerd, Denmark
 
 
 ** 65 linear coefficients less than Rtmina = 1.00E-20
    have been set to zero.
 
 
 ** Warning **  The value of LFITER is out of range.
                LFITER is decreased from 2147483647 to 1000000000.
 
                   Pre-triangular equations:   6153
                   Post-triangular equations:  190
 
 
    It may be more efficient to turn the Post-triangular equations
    into ordinary equations with option:
 
    Lspost=False
 
 
 ** Feasible solution to a square system.
 
 
 CONOPT time Total                            1.266 seconds
   of which: Function evaluations             0.306 = 24.2%
             1st Derivative evaluations       0.057 =  4.5%
 


**** REPORT SUMMARY :        0 INFEASIBLE
                             0  DEPENDENT
                             0     ERRORS
GAMS 42.5.0  cf11b917 Mar 30, 2023          WEX-WEI x86 64bit/MS Windows - 06/12/24 11:15:55 Page 55
PEP model w-t
Range Statistics    SOLVE PEPWT Using CNS From line 4198


RANGE STATISTICS (ABSOLUTE NON-ZERO FINITE VALUES)

RHS       [min, max] : [ 9.258E-07, 1.560E+04] - Zero values observed as well
Bound     [min, max] : [        NA,        NA]
Matrix    [min, max] : [ 1.065E-20, 2.406E+05] - Zero values observed as well

GAMS 42.5.0  cf11b917 Mar 30, 2023          WEX-WEI x86 64bit/MS Windows - 06/12/24 11:15:55 Page 56
PEP model w-t
Model Statistics    SOLVE PEPWT Using CNS From line 4198


LOOPS                                 TIME   2036


MODEL STATISTICS

BLOCKS OF EQUATIONS         116     SINGLE EQUATIONS       86,775
BLOCKS OF VARIABLES         124     SINGLE VARIABLES       86,775
NON ZERO ELEMENTS       427,378     NON LINEAR N-Z        259,108
CODE LENGTH             790,472     CONSTANT POOL          59,501
SINGLE =E|X= EQUS        86,775     SINGLE UNFIXED VARS    86,775


GENERATION TIME      =        1.907 SECONDS    278 MB  42.5.0 cf11b917 WEX-WEI
               L O O P S               TIME 2036

GAMS 42.5.0  cf11b917 Mar 30, 2023          WEX-WEI x86 64bit/MS Windows - 06/12/24 11:15:55 Page 57
PEP model w-t
Solution Report     SOLVE PEPWT Using CNS From line 4198


               S O L V E      S U M M A R Y

     MODEL   PEPWT               
     TYPE    CNS                 
     SOLVER  CONOPT              FROM LINE  4198

**** SOLVER STATUS     1 Normal Completion
**** MODEL STATUS      16 Solved

 RESOURCE USAGE, LIMIT          1.156 10000000000.000
 ITERATION COUNT, LIMIT        12    2147483647
 EVALUATION ERRORS              0             0
 
 
    C O N O P T 3   version 3.17N
    Copyright (C)   ARKI Consulting and Development A/S
                    Bagsvaerdvej 246 A
                    DK-2880 Bagsvaerd, Denmark
 
 
 ** 65 linear coefficients less than Rtmina = 1.00E-20
    have been set to zero.
 
 
 ** Warning **  The value of LFITER is out of range.
                LFITER is decreased from 2147483647 to 1000000000.
 
                   Pre-triangular equations:   6153
                   Post-triangular equations:  190
 
 
    It may be more efficient to turn the Post-triangular equations
    into ordinary equations with option:
 
    Lspost=False
 
 
 ** Feasible solution to a square system.
 
 
 CONOPT time Total                            1.176 seconds
   of which: Function evaluations             0.293 = 24.9%
             1st Derivative evaluations       0.071 =  6.0%
 


**** REPORT SUMMARY :        0 INFEASIBLE
                             0  DEPENDENT
                             0     ERRORS
GAMS 42.5.0  cf11b917 Mar 30, 2023          WEX-WEI x86 64bit/MS Windows - 06/12/24 11:15:55 Page 58
PEP model w-t
Range Statistics    SOLVE PEPWT Using CNS From line 4198


RANGE STATISTICS (ABSOLUTE NON-ZERO FINITE VALUES)

RHS       [min, max] : [ 9.165E-07, 1.624E+04] - Zero values observed as well
Bound     [min, max] : [        NA,        NA]
Matrix    [min, max] : [ 1.065E-20, 2.558E+05] - Zero values observed as well

GAMS 42.5.0  cf11b917 Mar 30, 2023          WEX-WEI x86 64bit/MS Windows - 06/12/24 11:15:55 Page 59
PEP model w-t
Model Statistics    SOLVE PEPWT Using CNS From line 4198


LOOPS                                 TIME   2037


MODEL STATISTICS

BLOCKS OF EQUATIONS         116     SINGLE EQUATIONS       86,775
BLOCKS OF VARIABLES         124     SINGLE VARIABLES       86,775
NON ZERO ELEMENTS       427,378     NON LINEAR N-Z        259,108
CODE LENGTH             790,472     CONSTANT POOL          59,501
SINGLE =E|X= EQUS        86,775     SINGLE UNFIXED VARS    86,775


GENERATION TIME      =        2.047 SECONDS    291 MB  42.5.0 cf11b917 WEX-WEI
               L O O P S               TIME 2037

GAMS 42.5.0  cf11b917 Mar 30, 2023          WEX-WEI x86 64bit/MS Windows - 06/12/24 11:15:55 Page 60
PEP model w-t
Solution Report     SOLVE PEPWT Using CNS From line 4198


               S O L V E      S U M M A R Y

     MODEL   PEPWT               
     TYPE    CNS                 
     SOLVER  CONOPT              FROM LINE  4198

**** SOLVER STATUS     1 Normal Completion
**** MODEL STATUS      16 Solved

 RESOURCE USAGE, LIMIT          1.172 10000000000.000
 ITERATION COUNT, LIMIT        12    2147483647
 EVALUATION ERRORS              0             0
 
 
    C O N O P T 3   version 3.17N
    Copyright (C)   ARKI Consulting and Development A/S
                    Bagsvaerdvej 246 A
                    DK-2880 Bagsvaerd, Denmark
 
 
 ** 65 linear coefficients less than Rtmina = 1.00E-20
    have been set to zero.
 
 
 ** Warning **  The value of LFITER is out of range.
                LFITER is decreased from 2147483647 to 1000000000.
 
                   Pre-triangular equations:   6153
                   Post-triangular equations:  190
 
 
    It may be more efficient to turn the Post-triangular equations
    into ordinary equations with option:
 
    Lspost=False
 
 
 ** Feasible solution to a square system.
 
 
 CONOPT time Total                            1.180 seconds
   of which: Function evaluations             0.304 = 25.8%
             1st Derivative evaluations       0.034 =  2.9%
 


**** REPORT SUMMARY :        0 INFEASIBLE
                             0  DEPENDENT
                             0     ERRORS
GAMS 42.5.0  cf11b917 Mar 30, 2023          WEX-WEI x86 64bit/MS Windows - 06/12/24 11:15:55 Page 61
PEP model w-t
Range Statistics    SOLVE PEPWT Using CNS From line 4198


RANGE STATISTICS (ABSOLUTE NON-ZERO FINITE VALUES)

RHS       [min, max] : [ 9.073E-07, 1.689E+04] - Zero values observed as well
Bound     [min, max] : [        NA,        NA]
Matrix    [min, max] : [ 1.065E-20, 2.716E+05] - Zero values observed as well

GAMS 42.5.0  cf11b917 Mar 30, 2023          WEX-WEI x86 64bit/MS Windows - 06/12/24 11:15:55 Page 62
PEP model w-t
Model Statistics    SOLVE PEPWT Using CNS From line 4198


LOOPS                                 TIME   2038


MODEL STATISTICS

BLOCKS OF EQUATIONS         116     SINGLE EQUATIONS       86,775
BLOCKS OF VARIABLES         124     SINGLE VARIABLES       86,775
NON ZERO ELEMENTS       427,378     NON LINEAR N-Z        259,108
CODE LENGTH             790,472     CONSTANT POOL          59,501
SINGLE =E|X= EQUS        86,775     SINGLE UNFIXED VARS    86,775


GENERATION TIME      =        2.141 SECONDS    304 MB  42.5.0 cf11b917 WEX-WEI
               L O O P S               TIME 2038

GAMS 42.5.0  cf11b917 Mar 30, 2023          WEX-WEI x86 64bit/MS Windows - 06/12/24 11:15:55 Page 63
PEP model w-t
Solution Report     SOLVE PEPWT Using CNS From line 4198


               S O L V E      S U M M A R Y

     MODEL   PEPWT               
     TYPE    CNS                 
     SOLVER  CONOPT              FROM LINE  4198

**** SOLVER STATUS     1 Normal Completion
**** MODEL STATUS      16 Solved

 RESOURCE USAGE, LIMIT          1.156 10000000000.000
 ITERATION COUNT, LIMIT        12    2147483647
 EVALUATION ERRORS              0             0
 
 
    C O N O P T 3   version 3.17N
    Copyright (C)   ARKI Consulting and Development A/S
                    Bagsvaerdvej 246 A
                    DK-2880 Bagsvaerd, Denmark
 
 
 ** 65 linear coefficients less than Rtmina = 1.00E-20
    have been set to zero.
 
 
 ** Warning **  The value of LFITER is out of range.
                LFITER is decreased from 2147483647 to 1000000000.
 
                   Pre-triangular equations:   6153
                   Post-triangular equations:  190
 
 
    It may be more efficient to turn the Post-triangular equations
    into ordinary equations with option:
 
    Lspost=False
 
 
 ** Feasible solution to a square system.
 
 
 CONOPT time Total                            1.198 seconds
   of which: Function evaluations             0.284 = 23.7%
             1st Derivative evaluations       0.056 =  4.7%
 


**** REPORT SUMMARY :        0 INFEASIBLE
                             0  DEPENDENT
                             0     ERRORS
GAMS 42.5.0  cf11b917 Mar 30, 2023          WEX-WEI x86 64bit/MS Windows - 06/12/24 11:15:55 Page 64
PEP model w-t
Range Statistics    SOLVE PEPWT Using CNS From line 4198


RANGE STATISTICS (ABSOLUTE NON-ZERO FINITE VALUES)

RHS       [min, max] : [ 8.983E-07, 1.755E+04] - Zero values observed as well
Bound     [min, max] : [        NA,        NA]
Matrix    [min, max] : [ 1.065E-20, 2.880E+05] - Zero values observed as well

GAMS 42.5.0  cf11b917 Mar 30, 2023          WEX-WEI x86 64bit/MS Windows - 06/12/24 11:15:55 Page 65
PEP model w-t
Model Statistics    SOLVE PEPWT Using CNS From line 4198


LOOPS                                 TIME   2039


MODEL STATISTICS

BLOCKS OF EQUATIONS         116     SINGLE EQUATIONS       86,775
BLOCKS OF VARIABLES         124     SINGLE VARIABLES       86,775
NON ZERO ELEMENTS       427,378     NON LINEAR N-Z        259,108
CODE LENGTH             790,472     CONSTANT POOL          59,501
SINGLE =E|X= EQUS        86,775     SINGLE UNFIXED VARS    86,775


GENERATION TIME      =        2.062 SECONDS    317 MB  42.5.0 cf11b917 WEX-WEI
               L O O P S               TIME 2039

GAMS 42.5.0  cf11b917 Mar 30, 2023          WEX-WEI x86 64bit/MS Windows - 06/12/24 11:15:55 Page 66
PEP model w-t
Solution Report     SOLVE PEPWT Using CNS From line 4198


               S O L V E      S U M M A R Y

     MODEL   PEPWT               
     TYPE    CNS                 
     SOLVER  CONOPT              FROM LINE  4198

**** SOLVER STATUS     1 Normal Completion
**** MODEL STATUS      16 Solved

 RESOURCE USAGE, LIMIT          1.093 10000000000.000
 ITERATION COUNT, LIMIT        12    2147483647
 EVALUATION ERRORS              0             0
 
 
    C O N O P T 3   version 3.17N
    Copyright (C)   ARKI Consulting and Development A/S
                    Bagsvaerdvej 246 A
                    DK-2880 Bagsvaerd, Denmark
 
 
 ** 65 linear coefficients less than Rtmina = 1.00E-20
    have been set to zero.
 
 
 ** Warning **  The value of LFITER is out of range.
                LFITER is decreased from 2147483647 to 1000000000.
 
                   Pre-triangular equations:   6153
                   Post-triangular equations:  190
 
 
    It may be more efficient to turn the Post-triangular equations
    into ordinary equations with option:
 
    Lspost=False
 
 
 ** Feasible solution to a square system.
 
 
 CONOPT time Total                            1.122 seconds
   of which: Function evaluations             0.290 = 25.8%
             1st Derivative evaluations       0.056 =  5.0%
 


**** REPORT SUMMARY :        0 INFEASIBLE
                             0  DEPENDENT
                             0     ERRORS
GAMS 42.5.0  cf11b917 Mar 30, 2023          WEX-WEI x86 64bit/MS Windows - 06/12/24 11:15:55 Page 67
PEP model w-t
Range Statistics    SOLVE PEPWT Using CNS From line 4198


RANGE STATISTICS (ABSOLUTE NON-ZERO FINITE VALUES)

RHS       [min, max] : [ 8.893E-07, 1.822E+04] - Zero values observed as well
Bound     [min, max] : [        NA,        NA]
Matrix    [min, max] : [ 1.019E-20, 3.048E+05] - Zero values observed as well

GAMS 42.5.0  cf11b917 Mar 30, 2023          WEX-WEI x86 64bit/MS Windows - 06/12/24 11:15:55 Page 68
PEP model w-t
Model Statistics    SOLVE PEPWT Using CNS From line 4198


LOOPS                                 TIME   2040


MODEL STATISTICS

BLOCKS OF EQUATIONS         116     SINGLE EQUATIONS       86,775
BLOCKS OF VARIABLES         124     SINGLE VARIABLES       86,775
NON ZERO ELEMENTS       427,378     NON LINEAR N-Z        259,108
CODE LENGTH             790,472     CONSTANT POOL          59,501
SINGLE =E|X= EQUS        86,775     SINGLE UNFIXED VARS    86,775


GENERATION TIME      =        2.110 SECONDS    330 MB  42.5.0 cf11b917 WEX-WEI
               L O O P S               TIME 2040

GAMS 42.5.0  cf11b917 Mar 30, 2023          WEX-WEI x86 64bit/MS Windows - 06/12/24 11:15:55 Page 69
PEP model w-t
Solution Report     SOLVE PEPWT Using CNS From line 4198


               S O L V E      S U M M A R Y

     MODEL   PEPWT               
     TYPE    CNS                 
     SOLVER  CONOPT              FROM LINE  4198

**** SOLVER STATUS     1 Normal Completion
**** MODEL STATUS      16 Solved

 RESOURCE USAGE, LIMIT          1.109 10000000000.000
 ITERATION COUNT, LIMIT        12    2147483647
 EVALUATION ERRORS              0             0
 
 
    C O N O P T 3   version 3.17N
    Copyright (C)   ARKI Consulting and Development A/S
                    Bagsvaerdvej 246 A
                    DK-2880 Bagsvaerd, Denmark
 
 
 ** 65 linear coefficients less than Rtmina = 1.00E-20
    have been set to zero.
 
 
 ** Warning **  The value of LFITER is out of range.
                LFITER is decreased from 2147483647 to 1000000000.
 
                   Pre-triangular equations:   6153
                   Post-triangular equations:  190
 
 
    It may be more efficient to turn the Post-triangular equations
    into ordinary equations with option:
 
    Lspost=False
 
 
 ** Feasible solution to a square system.
 
 
 CONOPT time Total                            1.133 seconds
   of which: Function evaluations             0.293 = 25.9%
             1st Derivative evaluations       0.049 =  4.3%
 


**** REPORT SUMMARY :        0 INFEASIBLE
                             0  DEPENDENT
                             0     ERRORS
GAMS 42.5.0  cf11b917 Mar 30, 2023          WEX-WEI x86 64bit/MS Windows - 06/12/24 11:15:55 Page 70
PEP model w-t
Range Statistics    SOLVE PEPWT Using CNS From line 4198


RANGE STATISTICS (ABSOLUTE NON-ZERO FINITE VALUES)

RHS       [min, max] : [ 8.804E-07, 1.889E+04] - Zero values observed as well
Bound     [min, max] : [        NA,        NA]
Matrix    [min, max] : [ 1.065E-20, 3.222E+05] - Zero values observed as well

GAMS 42.5.0  cf11b917 Mar 30, 2023          WEX-WEI x86 64bit/MS Windows - 06/12/24 11:15:55 Page 71
PEP model w-t
Model Statistics    SOLVE PEPWT Using CNS From line 4198


LOOPS                                 TIME   2041


MODEL STATISTICS

BLOCKS OF EQUATIONS         116     SINGLE EQUATIONS       86,775
BLOCKS OF VARIABLES         124     SINGLE VARIABLES       86,775
NON ZERO ELEMENTS       427,378     NON LINEAR N-Z        259,108
CODE LENGTH             790,472     CONSTANT POOL          59,501
SINGLE =E|X= EQUS        86,775     SINGLE UNFIXED VARS    86,775


GENERATION TIME      =        2.250 SECONDS    343 MB  42.5.0 cf11b917 WEX-WEI
               L O O P S               TIME 2041

GAMS 42.5.0  cf11b917 Mar 30, 2023          WEX-WEI x86 64bit/MS Windows - 06/12/24 11:15:55 Page 72
PEP model w-t
Solution Report     SOLVE PEPWT Using CNS From line 4198


               S O L V E      S U M M A R Y

     MODEL   PEPWT               
     TYPE    CNS                 
     SOLVER  CONOPT              FROM LINE  4198

**** SOLVER STATUS     1 Normal Completion
**** MODEL STATUS      16 Solved

 RESOURCE USAGE, LIMIT          1.235 10000000000.000
 ITERATION COUNT, LIMIT        12    2147483647
 EVALUATION ERRORS              0             0
 
 
    C O N O P T 3   version 3.17N
    Copyright (C)   ARKI Consulting and Development A/S
                    Bagsvaerdvej 246 A
                    DK-2880 Bagsvaerd, Denmark
 
 
 ** 65 linear coefficients less than Rtmina = 1.00E-20
    have been set to zero.
 
 
 ** Warning **  The value of LFITER is out of range.
                LFITER is decreased from 2147483647 to 1000000000.
 
                   Pre-triangular equations:   6153
                   Post-triangular equations:  190
 
 
    It may be more efficient to turn the Post-triangular equations
    into ordinary equations with option:
 
    Lspost=False
 
 
 ** Feasible solution to a square system.
 
 
 CONOPT time Total                            1.254 seconds
   of which: Function evaluations             0.276 = 22.0%
             1st Derivative evaluations       0.084 =  6.7%
 


**** REPORT SUMMARY :        0 INFEASIBLE
                             0  DEPENDENT
                             0     ERRORS
GAMS 42.5.0  cf11b917 Mar 30, 2023          WEX-WEI x86 64bit/MS Windows - 06/12/24 11:15:55 Page 73
PEP model w-t
Range Statistics    SOLVE PEPWT Using CNS From line 4198


RANGE STATISTICS (ABSOLUTE NON-ZERO FINITE VALUES)

RHS       [min, max] : [ 8.716E-07, 1.957E+04] - Zero values observed as well
Bound     [min, max] : [        NA,        NA]
Matrix    [min, max] : [ 1.065E-20, 3.402E+05] - Zero values observed as well

GAMS 42.5.0  cf11b917 Mar 30, 2023          WEX-WEI x86 64bit/MS Windows - 06/12/24 11:15:55 Page 74
PEP model w-t
Model Statistics    SOLVE PEPWT Using CNS From line 4198


LOOPS                                 TIME   2042


MODEL STATISTICS

BLOCKS OF EQUATIONS         116     SINGLE EQUATIONS       86,775
BLOCKS OF VARIABLES         124     SINGLE VARIABLES       86,775
NON ZERO ELEMENTS       427,378     NON LINEAR N-Z        259,108
CODE LENGTH             790,472     CONSTANT POOL          59,501
SINGLE =E|X= EQUS        86,775     SINGLE UNFIXED VARS    86,775


GENERATION TIME      =        2.188 SECONDS    355 MB  42.5.0 cf11b917 WEX-WEI
               L O O P S               TIME 2042

GAMS 42.5.0  cf11b917 Mar 30, 2023          WEX-WEI x86 64bit/MS Windows - 06/12/24 11:15:55 Page 75
PEP model w-t
Solution Report     SOLVE PEPWT Using CNS From line 4198


               S O L V E      S U M M A R Y

     MODEL   PEPWT               
     TYPE    CNS                 
     SOLVER  CONOPT              FROM LINE  4198

**** SOLVER STATUS     1 Normal Completion
**** MODEL STATUS      16 Solved

 RESOURCE USAGE, LIMIT          1.078 10000000000.000
 ITERATION COUNT, LIMIT        12    2147483647
 EVALUATION ERRORS              0             0
 
 
    C O N O P T 3   version 3.17N
    Copyright (C)   ARKI Consulting and Development A/S
                    Bagsvaerdvej 246 A
                    DK-2880 Bagsvaerd, Denmark
 
 
 ** 65 linear coefficients less than Rtmina = 1.00E-20
    have been set to zero.
 
 
 ** Warning **  The value of LFITER is out of range.
                LFITER is decreased from 2147483647 to 1000000000.
 
                   Pre-triangular equations:   6153
                   Post-triangular equations:  190
 
 
    It may be more efficient to turn the Post-triangular equations
    into ordinary equations with option:
 
    Lspost=False
 
 
 ** Feasible solution to a square system.
 
 
 CONOPT time Total                            1.119 seconds
   of which: Function evaluations             0.307 = 27.4%
             1st Derivative evaluations       0.056 =  5.0%
 


**** REPORT SUMMARY :        0 INFEASIBLE
                             0  DEPENDENT
                             0     ERRORS
GAMS 42.5.0  cf11b917 Mar 30, 2023          WEX-WEI x86 64bit/MS Windows - 06/12/24 11:15:55 Page 76
PEP model w-t
Range Statistics    SOLVE PEPWT Using CNS From line 4198


RANGE STATISTICS (ABSOLUTE NON-ZERO FINITE VALUES)

RHS       [min, max] : [ 8.629E-07, 2.026E+04] - Zero values observed as well
Bound     [min, max] : [        NA,        NA]
Matrix    [min, max] : [ 1.065E-20, 3.588E+05] - Zero values observed as well

GAMS 42.5.0  cf11b917 Mar 30, 2023          WEX-WEI x86 64bit/MS Windows - 06/12/24 11:15:55 Page 77
PEP model w-t
Model Statistics    SOLVE PEPWT Using CNS From line 4198


LOOPS                                 TIME   2043


MODEL STATISTICS

BLOCKS OF EQUATIONS         116     SINGLE EQUATIONS       86,775
BLOCKS OF VARIABLES         124     SINGLE VARIABLES       86,775
NON ZERO ELEMENTS       427,378     NON LINEAR N-Z        259,108
CODE LENGTH             790,472     CONSTANT POOL          59,501
SINGLE =E|X= EQUS        86,775     SINGLE UNFIXED VARS    86,775


GENERATION TIME      =        2.406 SECONDS    369 MB  42.5.0 cf11b917 WEX-WEI
               L O O P S               TIME 2043

GAMS 42.5.0  cf11b917 Mar 30, 2023          WEX-WEI x86 64bit/MS Windows - 06/12/24 11:15:55 Page 78
PEP model w-t
Solution Report     SOLVE PEPWT Using CNS From line 4198


               S O L V E      S U M M A R Y

     MODEL   PEPWT               
     TYPE    CNS                 
     SOLVER  CONOPT              FROM LINE  4198

**** SOLVER STATUS     1 Normal Completion
**** MODEL STATUS      16 Solved

 RESOURCE USAGE, LIMIT          1.140 10000000000.000
 ITERATION COUNT, LIMIT        12    2147483647
 EVALUATION ERRORS              0             0
 
 
    C O N O P T 3   version 3.17N
    Copyright (C)   ARKI Consulting and Development A/S
                    Bagsvaerdvej 246 A
                    DK-2880 Bagsvaerd, Denmark
 
 
 ** 65 linear coefficients less than Rtmina = 1.00E-20
    have been set to zero.
 
 
 ** Warning **  The value of LFITER is out of range.
                LFITER is decreased from 2147483647 to 1000000000.
 
                   Pre-triangular equations:   6153
                   Post-triangular equations:  190
 
 
    It may be more efficient to turn the Post-triangular equations
    into ordinary equations with option:
 
    Lspost=False
 
 
 ** Feasible solution to a square system.
 
 
 CONOPT time Total                            1.161 seconds
   of which: Function evaluations             0.331 = 28.5%
             1st Derivative evaluations       0.093 =  8.0%
 


**** REPORT SUMMARY :        0 INFEASIBLE
                             0  DEPENDENT
                             0     ERRORS
GAMS 42.5.0  cf11b917 Mar 30, 2023          WEX-WEI x86 64bit/MS Windows - 06/12/24 11:15:55 Page 79
PEP model w-t
Range Statistics    SOLVE PEPWT Using CNS From line 4198


RANGE STATISTICS (ABSOLUTE NON-ZERO FINITE VALUES)

RHS       [min, max] : [ 8.542E-07, 2.095E+04] - Zero values observed as well
Bound     [min, max] : [        NA,        NA]
Matrix    [min, max] : [ 1.065E-20, 3.778E+05] - Zero values observed as well

GAMS 42.5.0  cf11b917 Mar 30, 2023          WEX-WEI x86 64bit/MS Windows - 06/12/24 11:15:55 Page 80
PEP model w-t
Model Statistics    SOLVE PEPWT Using CNS From line 4198


LOOPS                                 TIME   2044


MODEL STATISTICS

BLOCKS OF EQUATIONS         116     SINGLE EQUATIONS       86,775
BLOCKS OF VARIABLES         124     SINGLE VARIABLES       86,775
NON ZERO ELEMENTS       427,378     NON LINEAR N-Z        259,108
CODE LENGTH             790,472     CONSTANT POOL          59,501
SINGLE =E|X= EQUS        86,775     SINGLE UNFIXED VARS    86,775


GENERATION TIME      =        2.484 SECONDS    381 MB  42.5.0 cf11b917 WEX-WEI
               L O O P S               TIME 2044

GAMS 42.5.0  cf11b917 Mar 30, 2023          WEX-WEI x86 64bit/MS Windows - 06/12/24 11:15:55 Page 81
PEP model w-t
Solution Report     SOLVE PEPWT Using CNS From line 4198


               S O L V E      S U M M A R Y

     MODEL   PEPWT               
     TYPE    CNS                 
     SOLVER  CONOPT              FROM LINE  4198

**** SOLVER STATUS     1 Normal Completion
**** MODEL STATUS      16 Solved

 RESOURCE USAGE, LIMIT          1.156 10000000000.000
 ITERATION COUNT, LIMIT        12    2147483647
 EVALUATION ERRORS              0             0
 
 
    C O N O P T 3   version 3.17N
    Copyright (C)   ARKI Consulting and Development A/S
                    Bagsvaerdvej 246 A
                    DK-2880 Bagsvaerd, Denmark
 
 
 ** 65 linear coefficients less than Rtmina = 1.00E-20
    have been set to zero.
 
 
 ** Warning **  The value of LFITER is out of range.
                LFITER is decreased from 2147483647 to 1000000000.
 
                   Pre-triangular equations:   6153
                   Post-triangular equations:  190
 
 
    It may be more efficient to turn the Post-triangular equations
    into ordinary equations with option:
 
    Lspost=False
 
 
 ** Feasible solution to a square system.
 
 
 CONOPT time Total                            1.161 seconds
   of which: Function evaluations             0.313 = 27.0%
             1st Derivative evaluations       0.077 =  6.6%
 


**** REPORT SUMMARY :        0 INFEASIBLE
                             0  DEPENDENT
                             0     ERRORS
GAMS 42.5.0  cf11b917 Mar 30, 2023          WEX-WEI x86 64bit/MS Windows - 06/12/24 11:15:55 Page 82
PEP model w-t
Range Statistics    SOLVE PEPWT Using CNS From line 4198


RANGE STATISTICS (ABSOLUTE NON-ZERO FINITE VALUES)

RHS       [min, max] : [ 8.457E-07, 2.165E+04] - Zero values observed as well
Bound     [min, max] : [        NA,        NA]
Matrix    [min, max] : [ 1.065E-20, 3.973E+05] - Zero values observed as well

GAMS 42.5.0  cf11b917 Mar 30, 2023          WEX-WEI x86 64bit/MS Windows - 06/12/24 11:15:55 Page 83
PEP model w-t
Model Statistics    SOLVE PEPWT Using CNS From line 4198


LOOPS                                 TIME   2045


MODEL STATISTICS

BLOCKS OF EQUATIONS         116     SINGLE EQUATIONS       86,775
BLOCKS OF VARIABLES         124     SINGLE VARIABLES       86,775
NON ZERO ELEMENTS       427,378     NON LINEAR N-Z        259,108
CODE LENGTH             790,472     CONSTANT POOL          59,501
SINGLE =E|X= EQUS        86,775     SINGLE UNFIXED VARS    86,775


GENERATION TIME      =        2.421 SECONDS    394 MB  42.5.0 cf11b917 WEX-WEI
               L O O P S               TIME 2045

GAMS 42.5.0  cf11b917 Mar 30, 2023          WEX-WEI x86 64bit/MS Windows - 06/12/24 11:15:55 Page 84
PEP model w-t
Solution Report     SOLVE PEPWT Using CNS From line 4198


               S O L V E      S U M M A R Y

     MODEL   PEPWT               
     TYPE    CNS                 
     SOLVER  CONOPT              FROM LINE  4198

**** SOLVER STATUS     1 Normal Completion
**** MODEL STATUS      16 Solved

 RESOURCE USAGE, LIMIT          1.125 10000000000.000
 ITERATION COUNT, LIMIT        12    2147483647
 EVALUATION ERRORS              0             0
 
 
    C O N O P T 3   version 3.17N
    Copyright (C)   ARKI Consulting and Development A/S
                    Bagsvaerdvej 246 A
                    DK-2880 Bagsvaerd, Denmark
 
 
 ** 65 linear coefficients less than Rtmina = 1.00E-20
    have been set to zero.
 
 
 ** Warning **  The value of LFITER is out of range.
                LFITER is decreased from 2147483647 to 1000000000.
 
                   Pre-triangular equations:   6153
                   Post-triangular equations:  190
 
 
    It may be more efficient to turn the Post-triangular equations
    into ordinary equations with option:
 
    Lspost=False
 
 
 ** Feasible solution to a square system.
 
 
 CONOPT time Total                            1.128 seconds
   of which: Function evaluations             0.325 = 28.8%
             1st Derivative evaluations       0.056 =  5.0%
 


**** REPORT SUMMARY :        0 INFEASIBLE
                             0  DEPENDENT
                             0     ERRORS
GAMS 42.5.0  cf11b917 Mar 30, 2023          WEX-WEI x86 64bit/MS Windows - 06/12/24 11:15:55 Page 85
PEP model w-t
Range Statistics    SOLVE PEPWT Using CNS From line 4198


RANGE STATISTICS (ABSOLUTE NON-ZERO FINITE VALUES)

RHS       [min, max] : [ 8.372E-07, 2.235E+04] - Zero values observed as well
Bound     [min, max] : [        NA,        NA]
Matrix    [min, max] : [ 1.065E-20, 4.173E+05] - Zero values observed as well

GAMS 42.5.0  cf11b917 Mar 30, 2023          WEX-WEI x86 64bit/MS Windows - 06/12/24 11:15:55 Page 86
PEP model w-t
Model Statistics    SOLVE PEPWT Using CNS From line 4198


LOOPS                                 TIME   2046


MODEL STATISTICS

BLOCKS OF EQUATIONS         116     SINGLE EQUATIONS       86,775
BLOCKS OF VARIABLES         124     SINGLE VARIABLES       86,775
NON ZERO ELEMENTS       427,378     NON LINEAR N-Z        259,108
CODE LENGTH             790,472     CONSTANT POOL          59,501
SINGLE =E|X= EQUS        86,775     SINGLE UNFIXED VARS    86,775


GENERATION TIME      =        2.532 SECONDS    407 MB  42.5.0 cf11b917 WEX-WEI
               L O O P S               TIME 2046

GAMS 42.5.0  cf11b917 Mar 30, 2023          WEX-WEI x86 64bit/MS Windows - 06/12/24 11:15:55 Page 87
PEP model w-t
Solution Report     SOLVE PEPWT Using CNS From line 4198


               S O L V E      S U M M A R Y

     MODEL   PEPWT               
     TYPE    CNS                 
     SOLVER  CONOPT              FROM LINE  4198

**** SOLVER STATUS     1 Normal Completion
**** MODEL STATUS      16 Solved

 RESOURCE USAGE, LIMIT          1.140 10000000000.000
 ITERATION COUNT, LIMIT        12    2147483647
 EVALUATION ERRORS              0             0
 
 
    C O N O P T 3   version 3.17N
    Copyright (C)   ARKI Consulting and Development A/S
                    Bagsvaerdvej 246 A
                    DK-2880 Bagsvaerd, Denmark
 
 
 ** 65 linear coefficients less than Rtmina = 1.00E-20
    have been set to zero.
 
 
 ** Warning **  The value of LFITER is out of range.
                LFITER is decreased from 2147483647 to 1000000000.
 
                   Pre-triangular equations:   6153
                   Post-triangular equations:  190
 
 
    It may be more efficient to turn the Post-triangular equations
    into ordinary equations with option:
 
    Lspost=False
 
 
 ** Feasible solution to a square system.
 
 
 CONOPT time Total                            1.165 seconds
   of which: Function evaluations             0.332 = 28.5%
             1st Derivative evaluations       0.032 =  2.7%
 


**** REPORT SUMMARY :        0 INFEASIBLE
                             0  DEPENDENT
                             0     ERRORS
GAMS 42.5.0  cf11b917 Mar 30, 2023          WEX-WEI x86 64bit/MS Windows - 06/12/24 11:15:55 Page 88
PEP model w-t
Range Statistics    SOLVE PEPWT Using CNS From line 4198


RANGE STATISTICS (ABSOLUTE NON-ZERO FINITE VALUES)

RHS       [min, max] : [ 8.289E-07, 2.306E+04] - Zero values observed as well
Bound     [min, max] : [        NA,        NA]
Matrix    [min, max] : [ 1.065E-20, 4.380E+05] - Zero values observed as well

GAMS 42.5.0  cf11b917 Mar 30, 2023          WEX-WEI x86 64bit/MS Windows - 06/12/24 11:15:55 Page 89
PEP model w-t
Model Statistics    SOLVE PEPWT Using CNS From line 4198


LOOPS                                 TIME   2047


MODEL STATISTICS

BLOCKS OF EQUATIONS         116     SINGLE EQUATIONS       86,775
BLOCKS OF VARIABLES         124     SINGLE VARIABLES       86,775
NON ZERO ELEMENTS       427,378     NON LINEAR N-Z        259,108
CODE LENGTH             790,472     CONSTANT POOL          59,501
SINGLE =E|X= EQUS        86,775     SINGLE UNFIXED VARS    86,775


GENERATION TIME      =        2.687 SECONDS    420 MB  42.5.0 cf11b917 WEX-WEI
               L O O P S               TIME 2047

GAMS 42.5.0  cf11b917 Mar 30, 2023          WEX-WEI x86 64bit/MS Windows - 06/12/24 11:15:55 Page 90
PEP model w-t
Solution Report     SOLVE PEPWT Using CNS From line 4198


               S O L V E      S U M M A R Y

     MODEL   PEPWT               
     TYPE    CNS                 
     SOLVER  CONOPT              FROM LINE  4198

**** SOLVER STATUS     1 Normal Completion
**** MODEL STATUS      16 Solved

 RESOURCE USAGE, LIMIT          1.187 10000000000.000
 ITERATION COUNT, LIMIT        12    2147483647
 EVALUATION ERRORS              0             0
 
 
    C O N O P T 3   version 3.17N
    Copyright (C)   ARKI Consulting and Development A/S
                    Bagsvaerdvej 246 A
                    DK-2880 Bagsvaerd, Denmark
 
 
 ** 65 linear coefficients less than Rtmina = 1.00E-20
    have been set to zero.
 
 
 ** Warning **  The value of LFITER is out of range.
                LFITER is decreased from 2147483647 to 1000000000.
 
                   Pre-triangular equations:   6153
                   Post-triangular equations:  190
 
 
    It may be more efficient to turn the Post-triangular equations
    into ordinary equations with option:
 
    Lspost=False
 
 
 ** Feasible solution to a square system.
 
 
 CONOPT time Total                            1.211 seconds
   of which: Function evaluations             0.349 = 28.8%
             1st Derivative evaluations       0.050 =  4.1%
 


**** REPORT SUMMARY :        0 INFEASIBLE
                             0  DEPENDENT
                             0     ERRORS
GAMS 42.5.0  cf11b917 Mar 30, 2023          WEX-WEI x86 64bit/MS Windows - 06/12/24 11:15:55 Page 91
PEP model w-t
Range Statistics    SOLVE PEPWT Using CNS From line 4198


RANGE STATISTICS (ABSOLUTE NON-ZERO FINITE VALUES)

RHS       [min, max] : [ 8.206E-07, 2.376E+04] - Zero values observed as well
Bound     [min, max] : [        NA,        NA]
Matrix    [min, max] : [ 1.065E-20, 4.592E+05] - Zero values observed as well

GAMS 42.5.0  cf11b917 Mar 30, 2023          WEX-WEI x86 64bit/MS Windows - 06/12/24 11:15:55 Page 92
PEP model w-t
Model Statistics    SOLVE PEPWT Using CNS From line 4198


LOOPS                                 TIME   2048


MODEL STATISTICS

BLOCKS OF EQUATIONS         116     SINGLE EQUATIONS       86,775
BLOCKS OF VARIABLES         124     SINGLE VARIABLES       86,775
NON ZERO ELEMENTS       427,378     NON LINEAR N-Z        259,108
CODE LENGTH             790,472     CONSTANT POOL          59,501
SINGLE =E|X= EQUS        86,775     SINGLE UNFIXED VARS    86,775


GENERATION TIME      =        2.750 SECONDS    433 MB  42.5.0 cf11b917 WEX-WEI
               L O O P S               TIME 2048

GAMS 42.5.0  cf11b917 Mar 30, 2023          WEX-WEI x86 64bit/MS Windows - 06/12/24 11:15:55 Page 93
PEP model w-t
Solution Report     SOLVE PEPWT Using CNS From line 4198


               S O L V E      S U M M A R Y

     MODEL   PEPWT               
     TYPE    CNS                 
     SOLVER  CONOPT              FROM LINE  4198

**** SOLVER STATUS     1 Normal Completion
**** MODEL STATUS      16 Solved

 RESOURCE USAGE, LIMIT          1.187 10000000000.000
 ITERATION COUNT, LIMIT        12    2147483647
 EVALUATION ERRORS              0             0
 
 
    C O N O P T 3   version 3.17N
    Copyright (C)   ARKI Consulting and Development A/S
                    Bagsvaerdvej 246 A
                    DK-2880 Bagsvaerd, Denmark
 
 
 ** 65 linear coefficients less than Rtmina = 1.00E-20
    have been set to zero.
 
 
 ** Warning **  The value of LFITER is out of range.
                LFITER is decreased from 2147483647 to 1000000000.
 
                   Pre-triangular equations:   6153
                   Post-triangular equations:  190
 
 
    It may be more efficient to turn the Post-triangular equations
    into ordinary equations with option:
 
    Lspost=False
 
 
 ** Feasible solution to a square system.
 
 
 CONOPT time Total                            1.227 seconds
   of which: Function evaluations             0.326 = 26.6%
             1st Derivative evaluations       0.062 =  5.1%
 


**** REPORT SUMMARY :        0 INFEASIBLE
                             0  DEPENDENT
                             0     ERRORS
GAMS 42.5.0  cf11b917 Mar 30, 2023          WEX-WEI x86 64bit/MS Windows - 06/12/24 11:15:55 Page 94
PEP model w-t
Range Statistics    SOLVE PEPWT Using CNS From line 4198


RANGE STATISTICS (ABSOLUTE NON-ZERO FINITE VALUES)

RHS       [min, max] : [ 8.124E-07, 2.447E+04] - Zero values observed as well
Bound     [min, max] : [        NA,        NA]
Matrix    [min, max] : [ 1.004E-20, 4.808E+05] - Zero values observed as well

GAMS 42.5.0  cf11b917 Mar 30, 2023          WEX-WEI x86 64bit/MS Windows - 06/12/24 11:15:55 Page 95
PEP model w-t
Model Statistics    SOLVE PEPWT Using CNS From line 4198


LOOPS                                 TIME   2049


MODEL STATISTICS

BLOCKS OF EQUATIONS         116     SINGLE EQUATIONS       86,775
BLOCKS OF VARIABLES         124     SINGLE VARIABLES       86,775
NON ZERO ELEMENTS       427,378     NON LINEAR N-Z        259,108
CODE LENGTH             790,472     CONSTANT POOL          59,501
SINGLE =E|X= EQUS        86,775     SINGLE UNFIXED VARS    86,775


GENERATION TIME      =        2.766 SECONDS    446 MB  42.5.0 cf11b917 WEX-WEI
               L O O P S               TIME 2049

GAMS 42.5.0  cf11b917 Mar 30, 2023          WEX-WEI x86 64bit/MS Windows - 06/12/24 11:15:55 Page 96
PEP model w-t
Solution Report     SOLVE PEPWT Using CNS From line 4198


               S O L V E      S U M M A R Y

     MODEL   PEPWT               
     TYPE    CNS                 
     SOLVER  CONOPT              FROM LINE  4198

**** SOLVER STATUS     1 Normal Completion
**** MODEL STATUS      16 Solved

 RESOURCE USAGE, LIMIT          1.140 10000000000.000
 ITERATION COUNT, LIMIT        12    2147483647
 EVALUATION ERRORS              0             0
 
 
    C O N O P T 3   version 3.17N
    Copyright (C)   ARKI Consulting and Development A/S
                    Bagsvaerdvej 246 A
                    DK-2880 Bagsvaerd, Denmark
 
 
 ** 65 linear coefficients less than Rtmina = 1.00E-20
    have been set to zero.
 
 
 ** Warning **  The value of LFITER is out of range.
                LFITER is decreased from 2147483647 to 1000000000.
 
                   Pre-triangular equations:   6153
                   Post-triangular equations:  190
 
 
    It may be more efficient to turn the Post-triangular equations
    into ordinary equations with option:
 
    Lspost=False
 
 
 ** Feasible solution to a square system.
 
 
 CONOPT time Total                            1.158 seconds
   of which: Function evaluations             0.290 = 25.0%
             1st Derivative evaluations       0.063 =  5.4%
 


**** REPORT SUMMARY :        0 INFEASIBLE
                             0  DEPENDENT
                             0     ERRORS
GAMS 42.5.0  cf11b917 Mar 30, 2023          WEX-WEI x86 64bit/MS Windows - 06/12/24 11:15:55 Page 97
PEP model w-t
Range Statistics    SOLVE PEPWT Using CNS From line 4198


RANGE STATISTICS (ABSOLUTE NON-ZERO FINITE VALUES)

RHS       [min, max] : [ 8.042E-07, 2.518E+04] - Zero values observed as well
Bound     [min, max] : [        NA,        NA]
Matrix    [min, max] : [ 1.014E-20, 5.027E+05] - Zero values observed as well

GAMS 42.5.0  cf11b917 Mar 30, 2023          WEX-WEI x86 64bit/MS Windows - 06/12/24 11:15:55 Page 98
PEP model w-t
Model Statistics    SOLVE PEPWT Using CNS From line 4198


LOOPS                                 TIME   2050


MODEL STATISTICS

BLOCKS OF EQUATIONS         116     SINGLE EQUATIONS       86,775
BLOCKS OF VARIABLES         124     SINGLE VARIABLES       86,775
NON ZERO ELEMENTS       427,378     NON LINEAR N-Z        259,108
CODE LENGTH             790,472     CONSTANT POOL          59,501
SINGLE =E|X= EQUS        86,775     SINGLE UNFIXED VARS    86,775


GENERATION TIME      =        2.812 SECONDS    458 MB  42.5.0 cf11b917 WEX-WEI
               L O O P S               TIME 2050

GAMS 42.5.0  cf11b917 Mar 30, 2023          WEX-WEI x86 64bit/MS Windows - 06/12/24 11:15:55 Page 99
PEP model w-t
Solution Report     SOLVE PEPWT Using CNS From line 4198


               S O L V E      S U M M A R Y

     MODEL   PEPWT               
     TYPE    CNS                 
     SOLVER  CONOPT              FROM LINE  4198

**** SOLVER STATUS     1 Normal Completion
**** MODEL STATUS      16 Solved

 RESOURCE USAGE, LIMIT          1.140 10000000000.000
 ITERATION COUNT, LIMIT        12    2147483647
 EVALUATION ERRORS              0             0
 
 
    C O N O P T 3   version 3.17N
    Copyright (C)   ARKI Consulting and Development A/S
                    Bagsvaerdvej 246 A
                    DK-2880 Bagsvaerd, Denmark
 
 
 ** 65 linear coefficients less than Rtmina = 1.00E-20
    have been set to zero.
 
 
 ** Warning **  The value of LFITER is out of range.
                LFITER is decreased from 2147483647 to 1000000000.
 
                   Pre-triangular equations:   6153
                   Post-triangular equations:  190
 
 
    It may be more efficient to turn the Post-triangular equations
    into ordinary equations with option:
 
    Lspost=False
 
 
 ** Feasible solution to a square system.
 
 
 CONOPT time Total                            1.149 seconds
   of which: Function evaluations             0.355 = 30.9%
             1st Derivative evaluations       0.043 =  3.7%
 


**** REPORT SUMMARY :        0 INFEASIBLE
                             0  DEPENDENT
                             0     ERRORS
GAMS 42.5.0  cf11b917 Mar 30, 2023          WEX-WEI x86 64bit/MS Windows - 06/12/24 11:15:55 Page 100
PEP model w-t
E x e c u t i o n


EXECUTION TIME       =      145.203 SECONDS    458 MB  42.5.0 cf11b917 WEX-WEI


USER: Medium MUD - 10 User License                   S220825|0002AO-WIN
      Konkuk University, Dept of Technology Fusion Engineering  DC16297
      License for teaching and research at degree granting institutions


**** FILE SUMMARY

Input      C:\Users\kimc0\GUIDE_GLOBAL_CGE\2.RD_CGE\CAL_B_line_GTAP11b.gms
Output     C:\Users\kimc0\GUIDE_GLOBAL_CGE\2.RD_CGE\CAL_B_line_GTAP11b.lst
