GAMS 42.5.0  cf11b917 Mar 30, 2023          WEX-WEI x86 64bit/MS Windows - 05/10/24 13:03:03 Page 1
G e n e r a l   A l g e b r a i c   M o d e l i n g   S y s t e m
C o m p i l a t i o n


   1  *==============================================================================*
   2  *                                                                              *
   3  *           Except where otherwise noted, this work is licensed under          *
   4  *               http://creativecommons.org/licenses/by-nc-sa/3.0/              *
   5  *                                                                              *
   6  *                                                                              *
   7  *  You are free to share, to copy, distribute and transmit the work under      *
   8  *  the following conditions:                                                   *
   9  *                                                                              *
  10  *  - Attribution:         You must attribute the work to:                      *
  11  *                         Veronique Robichaud, Andre Lemelin,                  *
  12  *                         Helene Maisonnave and Bernard Decaluwe.              *
  13  *  - Noncommercial:       You may not use this work for commercial purposes.   *
  14  *  - Share Alike:         If you alter, transform, or build upon this work,    *
  15  *                         you may distribute the resulting work only under     *
  16  *                         the same or similar license to this one.             *
  17  *                                                                              *
  18  *==============================================================================*
  19  * This file allows the mapping between the sets defined in the files PEP-w.GMS
  20  * and the sets used in GTAP8.1.
  21  * It also allows the creation of the different sets used in the model.
  22   
  23  * Prior to the steps below, GTAP8.1 data need to be converted into GDX files.
  24  * We first used GTAPAgg and a 1 to 1 mapping to generate HAR files.
  25  * We changed the names of two sectors set in order to avoid confusion with
  26  * regions that share the same acronyms. Therefore, "other mining" is refered to
  27  * using OTM instead of OMN (which refers to Oman in the REG set) and "Insurance"
  28  * is refered to using INS instead of ISR (which refers to Israel in the REG set).
  29   
  30  * Running GTAPAgg automatically generates a number of files, of which two are
  31  * used below: BaseData2007.har and Default.prm. The latter was renamed
  32  * Parameters2007.har.
  33  * The har2gdx facility allows converting these two files into GDX format.
  34  *==============================================================================
  37   
  38  *$EXIT
  39  *==============================================================================
  40  * 1. Define the sets
  41  *==============================================================================
  42  *  1.1 Sets that will be used in the aggregated model
  43  *==============================================================================
  44  SET J All industries
  45  /
  46   01_AGRICULT    Agricultural forest and fishery goods
  47   02_COAL        Coal
  48   03_OIL         Crude petroleum
  49   04_GAS         Natural gas Gas distribution
  50   05_MINING      Mined and quarried goods
  51   06_FOODPRO     Food beverages and tobacco products
  52   07_TEXTILES    Textile and leather products
  53   08_WOODPRO     Wood products
  54   09_PAPERPRO    Paper products
  55   10_PETROLCOAL  Petroleum and coal products
  56   11_CHEMICAL    Chemical products
  57   12_NONMET      Non-metallic mineral products
  58   13_IRONSTL     Primary iron and steel products
  59   14_NONFERR     Non-ferrous metal products
  60   15_MACHINE     Fabricated metal products Electronic and electrical equipment Machinery and equipment
  61   16_TRANSEQ     Motor vehicles Other transport equipment
  62   17_OTHERIND    Other manufactured products Water supply
  63   18_TnD         Transmission and Distribution
  64   19_eNuclear    Nuclear generation
  65   20_eCoal       Coal generation
  66   21_eGas        Gas generation
  67   22_eOil        Oil generation
  68   23_eWind       Wind generation
  69   24_eSolar      Solar generation
  70   25_eHydro      Hydro generation
  71   26_eOther      Other generation
  72   27_CONSTRUC    Construction
  73   28_LTRP        Land transport service(road rail)
  74   29_WTRP        Water transport service
  75   30_ATRP        Air transport service
  76   31_SER         Service
  77  /
  78   
  79  I All commodities except agriculture
  80  /
  81   01_AGRICULT    Agricultural forest and fishery goods
  82   02_COAL        Coal
  83   03_OIL         Crude petroleum
  84   04_GAS         Natural gas Gas distribution
  85   05_MINING      Mined and quarried goods
  86   06_FOODPRO     Food beverages and tobacco products
  87   07_TEXTILES    Textile and leather products
  88   08_WOODPRO     Wood products
  89   09_PAPERPRO    Paper products
  90   10_PETROLCOAL  Petroleum and coal products
  91   11_CHEMICAL    Chemical products
  92   12_NONMET      Non-metallic mineral products
  93   13_IRONSTL     Primary iron and steel products
  94   14_NONFERR     Non-ferrous metal products
  95   15_MACHINE     Fabricated metal products Electronic and electrical equipment Machinery and equipment
  96   16_TRANSEQ     Motor vehicles Other transport equipment
  97   17_OTHERIND    Other manufactured products Water supply
  98   18_ELEC        Electricity
  99   19_CONSTRUC    Construction
 100   20_LTRP        Land transport service(road rail)
 101   21_WTRP        Water transport service
 102   22_ATRP        Air transport service
 103   23_SER         Service
 104  /
 105   
 106  BUS(J) Private industries
 107  /
 108   01_AGRICULT    Agricultural forest and fishery goods
 109   02_COAL        Coal
 110   03_OIL         Crude petroleum
 111   04_GAS         Natural gas Gas distribution
 112   05_MINING      Mined and quarried goods
 113   06_FOODPRO     Food beverages and tobacco products
 114   07_TEXTILES    Textile and leather products
 115   08_WOODPRO     Wood products
 116   09_PAPERPRO    Paper products
 117   10_PETROLCOAL  Petroleum and coal products
 118   11_CHEMICAL    Chemical products
 119   12_NONMET      Non-metallic mineral products
 120   13_IRONSTL     Primary iron and steel products
 121   14_NONFERR     Non-ferrous metal products
 122   15_MACHINE     Fabricated metal products Electronic and electrical equipment Machinery and equipment
 123   16_TRANSEQ     Motor vehicles Other transport equipment
 124   17_OTHERIND    Other manufactured products Water supply
 125   18_TnD         Transmission and Distribution
 126   19_eNuclear    Nuclear generation
 127   20_eCoal       Coal generation
 128   21_eGas        Gas generation
 129   22_eOil        Oil generation
 130   23_eWind       Wind generation
 131   24_eSolar      Solar generation
 132   25_eHydro      Hydro generation
 133   26_eOther      Other generation
 134   27_CONSTRUC    Construction
 135   28_LTRP        Land transport service(road rail)
 136   29_WTRP        Water transport service
 137   30_ATRP        Air transport service
 138   31_SER         Service
 139  /
 140   
 141  TRP(J) TRANSPORT
 142  /
 143   28_LTRP        Land transport service(road rail)
 144   29_WTRP        Water transport service
 145   30_ATRP        Air transport service
 146  /
 147   
 148  PUB(J) Public industries
 149  /
 150  * 01_AGRICULT    Agricultural forest and fishery goods
 151  * 02_COAL        Coal
 152  * 03_OIL         Crude petroleum
 153  * 04_GAS         Natural gas Gas distribution
 154  * 05_MINING      Mined and quarried goods
 155  * 06_FOODPRO     Food beverages and tobacco products
 156  * 07_TEXTILES    Textile and leather products
 157  * 08_WOODPRO     Wood products
 158  * 09_PAPERPRO    Paper products
 159  * 10_PETROLCOAL  Petroleum and coal products
 160  * 11_CHEMICAL    Chemical products
 161  * 12_NONMET      Non-metallic mineral products
 162  * 13_IRONSTL     Primary iron and steel products
 163  * 14_NONFERR     Non-ferrous metal products
 164  * 15_MACHINE     Fabricated metal products Electronic and electrical equipment Machinery and equipment
 165  * 16_TRANSEQ     Motor vehicles Other transport equipment
 166  * 17_OTHERIND    Other manufactured products Water supply
 167  * 18_TnD         Transmission and Distribution
 168  * 19_eNuclear    Nuclear generation
 169  * 20_eCoal       Coal generation
 170  * 21_eGas        Gas generation
 171  * 22_eOil        Oil generation
 172  * 23_eWind       Wind generation
 173  * 24_eSolar      Solar generation
 174  * 25_eHydro      Hydro generation
 175  * 26_eOther      Other generation
 176  * 27_CONSTRUC    Construction
 177  * 28_LTRP        Land transport service(road rail)
 178  * 29_WTRP        Water transport service
 179  * 30_ATRP        Air transport service
 180  * 31_SER         Service
 181  /
 182   
 183  F Production factors
 184  /
 185   slab            Skilled labour
 186   ulab            Unskilled Labour
 187   cap             Capital
 188   land            Land
 189   natr            Natural resources
 190  /
 191   
 192  L(F) Labor categories
 193  /
 194   slab            Skilled labour
 195   ulab            Unskilled Labour
 196  /
 197   
 198  K(F) Capital categories
 199  /
 200   cap             Capital
 201   land            Land
 202   natr            Natural resources
 203  /
 204   
 205  Z Regions
 206  /
 207   01_KOR Korea
 208   02_CHN China
 209   03_JPN Japan
 210   04_RUS Russian Federation
 211   05_MNG Mongolia
 212   06_PRK Peoples Republic of Korea
 213   07_NAM North America
 214   08_LAM Latin America and the Caribbean
 215   09_WEU Western Europe
 216   10_EEU Central and Eastern Europe
 217   11_FSU Former Soviet Union
 218   12_MEA Middle East and North Africa
 219   13_AFR Sub-Saharan Africa
 220   14_CPA Centrally Planned Asia and China
 221   15_SAS South Asia
 222   16_PAS Other Pacific Asia
 223   17_PAO Pacific OECD
 224  /
 225   
 226  Z1(Z) All regions except reference region
 227  /
 228   01_KOR Korea
 229   02_CHN China
 230   03_JPN Japan
 231   04_RUS Russian Federation
 232   05_MNG Mongolia
 233   06_PRK Peoples Republic of Korea
 234  * 07_NAM North America
 235   08_LAM Latin America and the Caribbean
 236   09_WEU Western Europe
 237   10_EEU Central and Eastern Europe
 238   11_FSU Former Soviet Union
 239   12_MEA Middle East and North Africa
 240   13_AFR Sub-Saharan Africa
 241   14_CPA Centrally Planned Asia and China
 242   15_SAS South Asia
 243   16_PAS Other Pacific Asia
 244   17_PAO Pacific OECD
 245  /
 246   
 247  ZR(Z) Reference country
 248  /
 249   07_NAM North America
 250  /
 251   
 252  Zrich(Z) Rich regions
 253   
 254  Zother(Z) Non-rich regions
 255   
 256  TIME Time periods
 257  /
 258  2018*2100
 259  /
 260   
 261  *==============================================================================
 262  *  1.2 Sets used in GTAP8.1
 263  *==============================================================================
 264   
 265   GlobalSet(*)          All of the elements of all sets
 266   endw(GlobalSet)  All factors of production
 267   acts(GlobalSet)  All sectors and commodities
 268   comm(GlobalSet)
 269   reg(GlobalSet)     All regions
 270   marg(comm)  Margin commodities
 271   
GDXIN   C:\Users\kimc0\GUIDE_GLOBAL_CGE\2.RD_CGE\Input_w-t\GTAP11_basedata2019.gdx
 273   
--- LOAD  GlobalSet = 1:GlobalSet
--- LOAD  reg = 5:REG
--- LOAD  endw = 6:ENDW
--- LOAD  acts = 4:ACTS
--- LOAD  comm = 3:COMM
--- LOAD  marg = 7:MARG
 275   
 276  *==============================================================================
 277  *  1.3 Mapping between sets used in PEP-w and GTAP8.1
 278  *==============================================================================
 279   
 280  z1c(reg)  Elements in GTAP that refer to one single country
 281  * All GTAP regions except those beginning with an "x"
 282  /
 283  r_01KOR, r_02CHN, r_03JPN, r_04RUS, r_05MNG, r_06PRK, r_07NAM, r_08LAM,
 284  r_09WEU, r_10EEU, r_11FSU, r_12MEA, r_13AFR, r_14CPA, r_15SAS, r_16PAS, r_17PAO
 285  /
 286   
 287  z2reg(z,reg) Mapping of regions
 288  /
 289   01_KOR. (r_01KOR)
 290   02_CHN. (r_02CHN)
 291   03_JPN. (r_03JPN)
 292   04_RUS. (r_04RUS)
 293   05_MNG. (r_05MNG)
 294   06_PRK. (r_06PRK)
 295   07_NAM. (r_07NAM)
 296   08_LAM. (r_08LAM)
 297   09_WEU. (r_09WEU)
 298   10_EEU. (r_10EEU)
 299   11_FSU. (r_11FSU)
 300   12_MEA. (r_12MEA)
 301   13_AFR. (r_13AFR)
 302   14_CPA. (r_14CPA)
 303   15_SAS. (r_15SAS)
 304   16_PAS. (r_16PAS)
 305   17_PAO. (r_17PAO)
 306  /
 307   
 308  j2acts(j,acts) Mapping of sectors
 309  /
 310   01_AGRICULT.     (pdr, wht, gro, v_f, osd, c_b, pfb, ocr, ctl, oap, rmk, wol, frs, fsh)
 311   02_COAL.         (coa)
 312   03_OIL.          (oil)
 313   04_GAS.          (gas, gdt)
 314   05_MINING.       (oxt)
 315   06_FOODPRO.      (cmt, omt, vol, mil, pcr, sgr, ofd, b_t)
 316   07_TEXTILES.     (tex, wap, lea)
 317   08_WOODPRO.      (lum)
 318   09_PAPERPRO.     (ppp)
 319   10_PETROLCOAL.   (p_c)
 320   11_CHEMICAL.     (chm, bph, rpp)
 321   12_NONMET.       (nmm)
 322   13_IRONSTL.      (i_s)
 323   14_NONFERR.      (nfm)
 324   15_MACHINE.      (fmp, ele, eeq, ome)
 325   16_TRANSEQ.      (mvh, otn)
 326   17_OTHERIND.     (omf)
 327   18_TnD.          (TnD)
 328   19_eNuclear.     (eNuclear)
 329   20_eCoal.        (eCoal)
 330   21_eGas.         (eGas)
 331   22_eOil.         (eOil)
 332   23_eWind.        (eWind)
 333   24_eSolar.       (eSolar)
 334   25_eHydro.       (eHydro)
 335   26_eOther.       (eOther)
 336   27_CONSTRUC.     (cns)
 337   28_LTRP.         (otp)
 338   29_WTRP.         (wtp)
 339   30_ATRP.         (atp)
 340   31_SER.          (trd, afs, whs, cmn, ofi, ins, rsa, obs, ros, dwe, osg, edu, hht, wtr)
 341  /
 342   
 343  j2comm(j,comm) Mapping of sectors
 344  /
 345   01_AGRICULT.     (pdr, wht, gro, v_f, osd, c_b, pfb, ocr, ctl, oap, rmk, wol, frs, fsh)
 346   02_COAL.         (coa)
 347   03_OIL.          (oil)
 348   04_GAS.          (gas, gdt)
 349   05_MINING.       (oxt)
 350   06_FOODPRO.      (cmt, omt, vol, mil, pcr, sgr, ofd, b_t)
 351   07_TEXTILES.     (tex, wap, lea)
 352   08_WOODPRO.      (lum)
 353   09_PAPERPRO.     (ppp)
 354   10_PETROLCOAL.   (p_c)
 355   11_CHEMICAL.     (chm, bph, rpp)
 356   12_NONMET.       (nmm)
 357   13_IRONSTL.      (i_s)
 358   14_NONFERR.      (nfm)
 359   15_MACHINE.      (fmp, ele, eeq, ome)
 360   16_TRANSEQ.      (mvh, otn)
 361   17_OTHERIND.     (omf)
 362   18_TnD.          (TnD)
 363   19_eNuclear.     (eNuclear)
 364   20_eCoal.        (eCoal)
 365   21_eGas.         (eGas)
 366   22_eOil.         (eOil)
 367   23_eWind.        (eWind)
 368   24_eSolar.       (eSolar)
 369   25_eHydro.       (eHydro)
 370   26_eOther.       (eOther)
 371   27_CONSTRUC.     (cns)
 372   28_LTRP.         (otp)
 373   29_WTRP.         (wtp)
 374   30_ATRP.         (atp)
 375   31_SER.          (trd, afs, whs, cmn, ofi, ins, rsa, obs, ros, dwe, osg, edu, hht, wtr)
 376  /
 377   
 378  i2comm(i,comm) Mapping of sectors
 379  /
 380   01_AGRICULT.     (pdr, wht, gro, v_f, osd, c_b, pfb, ocr, ctl, oap, rmk, wol, frs, fsh)
 381   02_COAL.         (coa)
 382   03_OIL.          (oil)
 383   04_GAS.          (gas, gdt)
 384   05_MINING.       (oxt)
 385   06_FOODPRO.      (cmt, omt, vol, mil, pcr, sgr, ofd, b_t)
 386   07_TEXTILES.     (tex, wap, lea)
 387   08_WOODPRO.      (lum)
 388   09_PAPERPRO.     (ppp)
 389   10_PETROLCOAL.   (p_c)
 390   11_CHEMICAL.     (chm, bph, rpp)
 391   12_NONMET.       (nmm)
 392   13_IRONSTL.      (i_s)
 393   14_NONFERR.      (nfm)
 394   15_MACHINE.      (fmp, ele, eeq, ome)
 395   16_TRANSEQ.      (mvh, otn)
 396   17_OTHERIND.     (omf)
 397   18_ELEC.         (TnD, eNuclear, eCoal, eGas, eOil, eWind, eSolar, eHydro, eOther)
 398   19_CONSTRUC.     (cns)
 399   20_LTRP.         (otp)
 400   21_WTRP.         (wtp)
 401   22_ATRP.         (atp)
 402   23_SER.          (trd, afs, whs, cmn, ofi, ins, rsa, obs, ros, dwe, osg, edu, hht, wtr)
 403  /
 404   
 405  i2comm2(i,comm) Mapping of sectors
 406  /
 407   02_COAL.         (coa, oil, gas, gdt, p_c, TnD, eNuclear, eCoal, eGas, eOil, eWind, eSolar, eHydro, eOther)
 408  /
 409   
 410  COMtoIND(j,i)
 411  /
 412   01_AGRICULT.     (01_AGRICULT)
 413   02_COAL.         (02_COAL)
 414   03_OIL.          (03_OIL)
 415   04_GAS.          (04_GAS)
 416   05_MINING.       (05_MINING)
 417   06_FOODPRO.      (06_FOODPRO)
 418   07_TEXTILES.     (07_TEXTILES)
 419   08_WOODPRO.      (08_WOODPRO)
 420   09_PAPERPRO.     (09_PAPERPRO)
 421   10_PETROLCOAL.   (10_PETROLCOAL)
 422   11_CHEMICAL.     (11_CHEMICAL)
 423   12_NONMET.       (12_NONMET)
 424   13_IRONSTL.      (13_IRONSTL)
 425   14_NONFERR.      (14_NONFERR)
 426   15_MACHINE.      (15_MACHINE)
 427   16_TRANSEQ.      (16_TRANSEQ)
 428   17_OTHERIND.     (17_OTHERIND)
 429   18_TnD.          (18_ELEC)
 430   19_eNuclear.     (18_ELEC)
 431   20_eCoal.        (18_ELEC)
 432   21_eGas.         (18_ELEC)
 433   22_eOil.         (18_ELEC)
 434   23_eWind.        (18_ELEC)
 435   24_eSolar.       (18_ELEC)
 436   25_eHydro.       (18_ELEC)
 437   26_eOther.       (18_ELEC)
 438   27_CONSTRUC.     (19_CONSTRUC)
 439   28_LTRP.         (20_LTRP)
 440   29_WTRP.         (21_WTRP)
 441   30_ATRP.         (22_ATRP)
 442   31_SER.          (23_SER)
 443  /
 444   
 445  f2endw(f,endw) Mapping of production factors
 446  /
 447   slab.     (SkLab)
 448   ulab.     (UnSkLab)
 449   cap.      (Capital)
 450   land.     (Land)
 451   natr.     (NatlRes)
 452  /
 453   
 454  ALIAS(reg,regj)
 455  ALIAS(comm,commi)
 456  ALIAS(acts,actsj)
 457  ALIAS(j,jj)
 458  ALIAS(i,ij)
 459  ALIAS(l,lj)
 460  ALIAS(k,kj)
 461  ALIAS(z,zj,zjj)
 462  ALIAS(time,timej)
 463   
 464  ;
 465   
 466  *==============================================================================
 467  * 2. Calibration of variables
 468  *==============================================================================
 469   
 470  Parameter
 471  *==============================================================================
 472  *  2.1 Variables in GTAP8.1
 473  *==============================================================================
 474  * These are the variables from GTAP8.1 used in the calibration process.
 475  * Population data is in million while all other data are expressed in millions
 476  * of USD
 477   
 478   EVOS(endw,acts,reg)            Endowments at agents prices
 479   FBEP(endw,acts,reg)            Factor-based subsidies
 480   FTRV(endw,acts,reg)            Taxes - Factor Employment Tax Revenue
 481   MFRV(comm,reg,reg)             Protection MFA export subsidy equivalent
 482   OSEP(comm,reg)                 Ordinary output subsidies
 483   POP(reg)                       Population
 484   TFRV(comm,reg,reg)             Protection Ordinary Import Duty
 485   VDEP(reg)                      Capital Stock Value of Depreciation
 486   VDFP(comm,acts,reg)            Intermed Firms Dom Purchases at Agent Prices
 487   VDFB(comm,acts,reg)            Intermed Firms Dom Purchases at Mkt Prices
 488   VMFP(comm,acts,reg)            Intermed Firms Imp Purchases at Agent Prices
 489   VMFB(comm,acts,reg)            Intermed Firms Imp Purchases at Mkt Prices
 490   VDGP(comm,reg)                 Government Dom Purchases at Agents Prices
 491   VDGB(comm,reg)                 Government Dom Purchases at Market Prices
 492   VDPP(comm,reg)                 Private Hhold Dom Purchases at Agents Prices
 493   VDPB(comm,reg)                 Private Hhold Dom Purchases at Market Prices
 494   EVFB(endw,acts,reg)            Endowments Firms Purchases at Market Prices
 495   VIFA(comm,acts,reg)            Intermed Firms Imports at Agents Prices
 496   VIFM(comm,acts,reg)            Intermed Firms Imports at Market Prices
 497   VMGP(comm,reg)                 Government Imports at Agents Prices
 498   VMGB(comm,reg)                 Government Imports at Market Prices
 499   VMSB(comm,reg,reg)             Trade Bilateral Imports at Market Prices
 500   VMPP(comm,reg)                 Private Households Imports at Agents Prices
 501   VMPB(comm,reg)                 Private Households Imports at Market Prices
 502   VCIF(comm,reg,reg)             Trade Bilateral Imports at World Prices
 503   VKB(reg)                       Capital Stock Value at Beginning-of-Period
 504   VST(marg,reg)                  Trade Exports Internatl Trans Mkt Prices
 505   VTMFSD(marg,comm,reg,reg)      Trade Margins Internatl Trans World Prices
 506   VXSB(comm,reg,reg)             Trade Bilateral Exports at Market Prices
 507   VFOB(comm,reg,reg)             Trade Bilateral Exports at World Prices
 508   XTRV(comm,reg,reg)             Protection Ordinary Export Subsidy
 509   VDIP(comm,reg)                 Investment expenditure on dom. c in r at producer prices
 510   VMIP(comm,reg)                 Investment expenditure on imp. c in r at producer prices
 511   VDIB(comm,reg)                 Investment expenditure on dom. c in r at basic prices
 512   VMIB(comm,reg)                 Investment expenditure on imp. c in r at basic prices
 513   MAKES(comm,acts,reg)           Make matrix valued at suppliers prices
 514   MAKEB(comm,acts,reg)           Make matrix valued at basic prices
 515   
 516  *==============================================================================
 517  *  2.2 Variables in the aggregated model
 518  *==============================================================================
 519   CO(i,z)         Household consumption of commodity I
 520   CGO(i,z)        Public final consumption of commodity i
 521   INVO(i,z)       Final demand of commodity i for investment purposes
 522   DDO(i,z)        Demand for domestic production of commodity i
 523   DEPO(z)         Depreciation
 524   DIO(i,j,z)      Intermediate consumption of commodity i by industry j
 525   DSO(j,i,z)      Supply of commodity i by sector j to the domestic market
 526   EXO(i,z,zj)     Exports supply of commodity i from country z to country zj
 527   EXTO(i,z)       Total Export
 528   IMO(i,zj,z)     Imports of commodity m by country z from country zj
 529   RKDO(k,j,z)     Type k capital income in industry j
 530   RKDO_J(k,z)     Type k capital income
 531   KSTO(z)         Total capital stock in region z
 532   LDO(l,j,z)      Industry j demand for labour l
 533   LDO_J(l,z)      Demand for labour l
 534   MRGNO(i,z)      Demand for commodity i as a margin
 535   POPO(z)         Population
 536   TDHO(z)         Household income taxes
 537   DTAX(f,z)       Direct taxes
 538   TICO(i,z)       Government receipts of indirect taxes on commodity i
 539   TIKO(k,j,z)     Government receipts of indirect taxes on capital k of industry j
 540   TIKO_J(k,z)     Government receipts of indirect taxes on capital k
 541   TIMO(i,zj,z)    Government receipts of indirect taxes on imports of commodity i
 542   TIPO(j,z)       Government receipts of indirect taxes on production of industry j
 543   TIWO(l,j,z)     Government receipts of indirect taxes on wages and salaries of industry j
 544   TIWO_J(l,z)     Government receipts of indirect taxes on wages and salaries
 545   TIXO(i,z,zj)    Government receipts of indirect taxes on exports of commodity i
 546   tmrg(i,ij,zj,z) Rate of commodity i margin applied to import m from country zj
 547   XSO_I(i,z)      total production by commodity
 548   XSO(j,i,z)      Industry j production of commodity i
 549   XSTO(j,z)       Total aggregate output of industry j
 550   tssm(i,j,z)     Intermediate tax by source import
 551   tssd(i,j,z)     Intermediate tax by source domestic
 552   MAKE(j,i,z)     Make matrix valued at basic prices
 553   DSO_I(i,z)      Supplys of domestic production of commodity i
 554   XSO_I(i,z)      Total aggregate output of commoity i
 555   
 556   DIO2(i,z)
 557   TIMO2(i,z)
 558   IMO2(i,z)
 559   tmrg2(i,z)
 560   tmrg3(ij,zj)
 561   tmrg4(zj)
 562   DIO3(j,z)
 563   LDO2(j,z)
 564   TIWO2(j,z)
 565   TIKO2(j,z)
 566   RKDO2(k,j,z)
 567   RKDO2(k,j,z)
 568   DDO_Matrix(i,ij,z)
 569   XSO_Matrix(i,ij,z)
 570  ;
 571   
 572  *==============================================================================
 573  *  2.3 Loading parameters from GTAP database
 574  *==============================================================================
--- LOAD  EVOS = 13:EVOS
--- LOAD  FBEP = 40:FBEP
--- LOAD  FTRV = 41:FTRV
--- LOAD  MFRV = 46:MFRV
--- LOAD  OSEP = 43:OSEP
--- LOAD  POP = 42:POP
--- LOAD  TFRV = 45:TFRV
--- LOAD  VDEP = 31:VDEP
--- LOAD  VDFP = 11:VDFP
--- LOAD  VDFB = 9:VDFB
--- LOAD  VDGP = 20:VDGP
--- LOAD  VDGB = 18:VDGB
--- LOAD  VMFP = 12:VMFP
--- LOAD  VMFB = 10:VMFB
--- LOAD  MAKES = 16:MAKES
--- LOAD  MAKEB = 17:MAKEB
--- LOAD  VDPP = 24:VDPP
--- LOAD  VDPB = 22:VDPB
--- LOAD  EVFB = 14:EVFB
--- LOAD  VDIP = 28:VDIP
--- LOAD  VDIB = 26:VDIB
--- LOAD  VMIP = 29:VMIP
--- LOAD  VMIB = 27:VMIB
--- LOAD  VMGP = 21:VMGP
--- LOAD  VMGB = 19:VMGB
--- LOAD  VMPP = 25:VMPP
--- LOAD  VMPB = 23:VMPB
--- LOAD  VMSB = 35:VMSB
--- LOAD  VCIF = 34:VCIF
--- LOAD  VKB = 39:VKB
--- LOAD  VST = 36:VST
--- LOAD  VTMFSD = 38:VTMFSD
--- LOAD  VXSB = 32:VXSB
--- LOAD  VFOB = 33:VFOB
--- LOAD  XTRV = 44:XTRV
 578   
 579  *==============================================================================
 580  * 2.4 Mapping between variables in the model and GTAP
 581  *==============================================================================
 582  * NOTE: In GTAP parlance, "agents' prices" are prices paid by buyers, and
 583  *       "market prices" are prices received by sellers.
 584  * A - Agent Price
 585  * P - Producer Price
 586  * B - Basic Price
 587   
 588  *==============================================================================
 589  * 2.4.1 Households consumption
 590  *==============================================================================
 591  * Households consumption is given by the sum of domestic purchases at
 592  * agents prices (VDPP) and private household imports at agents prices (VMPP).
 593   
 594   CO(i,z)         = SUM{(comm,reg)$[i2comm(i,comm)$z2reg(z,reg)],
 595                         VDPP(comm,reg)+VMPP(comm,reg)};
 596   
 597  *==============================================================================
 598  * 2.4.2 Public final consumption
 599  *==============================================================================
 600  * Public final consumption is given by the sum of domestic purchases at
 601  * agents prices (VDGP) and public final imports at agents prices (VMGP).
 602   
 603   CGO(i,z)        = SUM{(comm,reg)$[i2comm(i,comm)$z2reg(z,reg)],
 604                         VDGP(comm,reg)+VMGP(comm,reg)};
 605   
 606  *==============================================================================
 607  * 2.4.3 Demand for investment purposes
 608  *=============================================================================
 609  *  In the GTAP data, the accumulation account is presented in the
 610  *  production sector CGDS (Capital goods). Demand for investment purposes
 611  *  is thus given by the sum of domestic purchases at agents prices (VDFP)
 612  *  and public final imports at agents prices (VIFA) for this sector.
 613   
 614   INVO(i,z)       = SUM{(comm,reg)$[i2comm(i,comm)$z2reg(z,reg)],
 615  *                      VDFP(comm,'CGDS',reg)+VIFA(comm,'CGDS',reg)};
 616                        VDIP(comm,reg)+VMIP(comm,reg)};
 617   
 618  *==============================================================================
 619  * 2.4.4 Intermediate demand
 620  *==============================================================================
 621  * Intermediate consumption is given by the sum of domestic purchases at
 622  * agents prices (VDFP) and public final imports at agents prices (VIFA).
 623   
 624   DIO(i,j,z)      = SUM[(comm,acts,reg)$[i2comm(i,comm)
 625                        $j2acts(j,acts)$z2reg(z,reg)],
 626                        VDFP(comm,acts,reg)
 627                       +VMFP(comm,acts,reg)];
 628   
 629   DIO(i,'09_PAPERPRO','05_MNG')$(DIO(i,'09_PAPERPRO','05_MNG') lt 0.0000068505) = 0.000001 ;
 630   
 631   
 632   tssm(i,j,z)    = SUM[(comm,acts,reg)$[i2comm(i,comm)
 633                        $j2acts(j,acts)$z2reg(z,reg)],
 634                        VMFP(comm,acts,reg)-VMFB(comm,acts,reg)];
 635   
 636   tssd(i,j,z)    = SUM[(comm,acts,reg)$[i2comm(i,comm)
 637                        $j2acts(j,acts)$z2reg(z,reg)],
 638                        VDFP(comm,acts,reg)-VDFB(comm,acts,reg)];
 639   
 640  *==============================================================================
 641  * 2.4.5 Imports
 642  *==============================================================================
 643  * Imports are defined in GTAP at world prices (VCIF) and at market prices
 644  * (VMSB). Data on bilateral flows also include margins on imports (VTMFSD) and
 645  * import duties (TFRV). On the export side, the database includes exports at
 646  * market prices (VXSB), at world prices (VFOB) and subsidies on exports (MFRV
 647  * and XTRV).
 648  * The relationships between those variables is the following:
 649  *       VMSB = VCIF + TFRV
 650  *       VCIF = VFOB + VTMFSD
 651  *       VXSB = VFOB - MFRV - XTRV
 652  *
 653  * Imports are evaluated at world prices (VCIF) less transport margins (VTMFSD).
 654   
 655  ** Elimination of trade within a country:
 656  ** Trade within any entity that is a GTAP single-country region (or equivalent)
 657  ** is removed.
 658   VCIF(comm,z1c,z1c)        = 0;
 659   VTMFSD(marg,comm,z1c,z1c) = 0;
 660   
 661   IMO(i,zj,z)     = SUM{(comm,regj,reg)$[i2comm(i,comm)
 662                         $z2reg(zj,regj)$z2reg(z,reg)],
 663                         VCIF(comm,regj,reg)-
 664                         SUM[marg,VTMFSD(marg,comm,regj,reg)]};
 665  *lt Strictly less than
 666   IMO(i,zj, z)$(IMO(i, zj, z) lt  0.0001) = 0.00001 ;
 667   IMO(i,zj,z)$sameas(zj,z) = 0 ;
 668  *==============================================================================
 669  * 2.4.6 Exports
 670  *==============================================================================
 671  *  To limit the sources of potential desequilibrium, exports are simply set
 672  *  equal to imports.
 673   
 674   EXO(i,zj,z)     = IMO(i,zj,z);
 675   EXTO(i,z)       = sum(zj, EXO(i,z,zj));
 676  * EXO(i,zj,z)     = SUM{(comm,regj,reg)$[j2comm(i,comm)
 677  *                       $z2reg(zj,regj)$z2reg(z,reg)],
 678  *                       VXSB(comm,regj,reg)};
 679   
 680  *==============================================================================
 681  * 2.4.7 Margins
 682  *==============================================================================
 683  *  Transport margins are given by the variable VTMFSD
 684  * tmrg(TRP,ij,zj,z)$IMO(ij,zj,z)
 685  *                 = SUM{(comm,regj,reg)$[j2comm(ij,comm)
 686  *                       $z2reg(zj,regj)$z2reg(z,reg)],
 687  *                       SUM[marg,VTMFSD(marg,comm,regj,reg)]};
 688   
 689    tmrg('20_LTRP',ij,zj,z)$IMO(ij,zj,z)
 690                   = SUM{(comm,regj,reg)$[i2comm(ij,comm)
 691                         $z2reg(zj,regj)$z2reg(z,reg)],
 692                         VTMFSD('otp',comm,regj,reg)};
 693   
 694    tmrg('21_WTRP',ij,zj,z)$IMO(ij,zj,z)
 695                   = SUM{(comm,regj,reg)$[i2comm(ij,comm)
 696                         $z2reg(zj,regj)$z2reg(z,reg)],
 697                         VTMFSD('wtp',comm,regj,reg)};
 698   
 699   tmrg('22_ATRP',ij,zj,z)$IMO(ij,zj,z)
 700                   = SUM{(comm,regj,reg)$[i2comm(ij,comm)
 701                         $z2reg(zj,regj)$z2reg(z,reg)],
 702                         VTMFSD('atp',comm,regj,reg)};
 703   
 704   tmrg3(ij,zj) = tmrg('20_LTRP',ij,zj,'01_KOR') ;
 705   
 706   tmrg4(zj) = sum(ij,tmrg('20_LTRP',ij,zj,'01_KOR')) ;
 707   
 708  * Supply of transport margin are given by the variable VST
 709   MRGNO(i,z)      = SUM{(marg,reg)$[i2comm(i,marg)$z2reg(z,reg)],
 710                         VST(marg,reg)};
 711   
 712  *==============================================================================
 713  * 2.4.8 Import duties
 714  *==============================================================================
 715  *  Import duties are given by the variable TFRV
 716   
 717   TIMO(i,zj,z)$IMO(i,zj,z)
 718                   = SUM{(comm,regj,reg)$[i2comm(i,comm)
 719                         $z2reg(zj,regj)$z2reg(z,reg)],
 720                         TFRV(comm,regj,reg)};
 721   
 722  *==============================================================================
 723  * 2.4.9 Taxes on exports
 724  *==============================================================================
 725  *  Taxes on exports are given by the sum of MRRV and XTRV
 726   
 727  * TIXO(i,z,zj)$IMO(i,z,zj)
 728   TIXO(i,z,zj)$IMO(i,z,zj)
 729                   = SUM{(comm,reg,regj)$[i2comm(i,comm)
 730                         $z2reg(z,reg)$z2reg(zj,regj)],
 731                         MFRV(comm,reg,regj)+XTRV(comm,reg,regj)};
 732   
 733  *==============================================================================
 734  * 2.4.10 Taxes on factors of production
 735  *==============================================================================
 736  * Net taxes on factor of production are calculated as taxes (FTRV)
 737  * less subsidies (FBEP).
 738   
 739   TIWO(l,j,z)      = SUM{(endw,acts,reg)$[f2endw(l,endw)
 740                         $j2acts(j,acts)$z2reg(z,reg)],
 741                         FTRV(endw,acts,reg)+
 742                         FBEP(endw,acts,reg)};
 743   
 744   TIWO_J(l,z) = SUM(j, TIWO(l,j,z));
 745   
 746   TIKO(k,j,z)     = SUM{(endw,acts,reg)$[f2endw(k,endw)
 747                         $j2acts(j,acts)$z2reg(z,reg)],
 748                         FTRV(endw,acts,reg)+
 749                         FBEP(endw,acts,reg)};
 750   
 751   TIKO_J(k,z) = SUM(j, TIKO(k,j,z));
 752  *==============================================================================
 753  * 2.4.11 Taxes on production
 754  *==============================================================================
 755  * Taxes on production are set equal to the negative value of production
 756  * subsidies (OSEP).
 757   
 758   TIPO(j,z)       = SUM{(comm,reg)$[j2comm(j,comm)$z2reg(z,reg)],
 759                         OSEP(comm,reg)};
 760   
 761  *==============================================================================
 762  * 2.4.12 Domestic taxes on commodities
 763  *==============================================================================
 764  * Domestic taxes on commodities are evaluated as the difference between
 765  * demand at agent prices and demand at market prices.
 766   
 767   TICO(i,z)       = SUM{(comm,reg)$[i2comm(i,comm)$z2reg(z,reg)],
 768                        VDPP(comm,reg)-VDPB(comm,reg)
 769                       +VMPP(comm,reg)-VMPB(comm,reg)
 770                       +VDGP(comm,reg)-VDGB(comm,reg)
 771                       +VMGP(comm,reg)-VMGB(comm,reg)
 772                       +SUM[acts,VDFP(comm,acts,reg)
 773  *                          +VIFA(comm,acts,reg)]
 774                            +VMFP(comm,acts,reg)]
 775   
 776                       -SUM[acts,VDFB(comm,acts,reg)
 777  *                          +VIFM(comm,acts,reg)]};
 778                             +VMFB(comm,acts,reg)]};
 779   
 780  *==============================================================================
 781  * 2.4.13 Direct taxes
 782  *==============================================================================
 783  * Direct taxes is given by the difference between factor payment at
 784  * market prices (EVFB) and endowment at agent prices (EVOS)
 785   
 786   TDHO(z)            = SUM{reg$z2reg(z,reg),
 787                         SUM[endw,SUM(acts,EVFB(endw,acts,reg))
 788                         -SUM(acts,EVOS(endw, acts, reg))]};
 789   
 790   DTAX(f,z)          = SUM{(endw,reg)$[f2endw(f,endw)$z2reg(z,reg)],
 791                         SUM[acts,EVFB(endw,acts,reg)] -
 792                         SUM[acts,EVOS(endw,acts, reg)]} ;
 793   
 794  *==============================================================================
 795  * 2.4.14 Factors of production
 796  *==============================================================================
 797  * Remuneration of the production factors is evaluated at market prices,
 798  * that is before taxes (EVFB).
 799   
 800   LDO(l,j,z)      = SUM{(endw,acts,reg)$[f2endw(l,endw)
 801                         $j2acts(j,acts)$z2reg(z,reg)],
 802                         EVFB(endw,acts,reg)};
 803   
 804   LDO_J(l,z)       = SUM(j,LDO(l,j,z)) - DTAX(l,z);
 805   
 806   RKDO(k,j,z)      = SUM{(endw,acts,reg)$[f2endw(k,endw)
 807                         $j2acts(j,acts)$z2reg(z,reg)],
 808                         EVFB(endw,acts,reg)};
 809   
 810  * Total capital stock at the beginning of the period
 811   KSTO(z)         = SUM{reg$z2reg(z,reg),VKB(reg)};
 812   
 813  *==============================================================================
 814  * 2.4.15 Depreciation
 815  *==============================================================================
 816  * Depreciation is given by the variable VDEP
 817   
 818   DEPO(z)         = SUM{reg$z2reg(z,reg),VDEP(reg)};
 819   
 820  *==============================================================================
 821  * 2.4.16 Population
 822  *==============================================================================
 823  *  Population by region
 824   POPO(z)         = SUM{reg$z2reg(z,reg),POP(reg)};
 825   
 826  *==============================================================================
 827  * 2.4.17 Domestic demand
 828  *==============================================================================
 829  * Once again, to avoid descrepencies, domestic purchases are calculated
 830  * by substracting imports, transport margins and indirect taxes from total
 831  * domestic absorption.
 832   
 833   DDO(i,z)        = CO(i,z)+CGO(i,z)+INVO(i,z)+SUM[j,DIO(i,j,z)]-TICO(i,z)
 834                     -SUM[zj,TIMO(i,zj,z)]-SUM[zj,IMO(i,zj,z)]
 835                     -SUM[(ij,zj),tmrg(ij,i,zj,z)];
 836   
 837   DIO2(i,z)  = SUM[j,DIO(i,j,z)];
 838   TIMO2(i,z) = SUM[zj,TIMO(i,zj,z)];
 839   IMO2(i,z)  = SUM[zj,IMO(i,zj,z)];
 840   tmrg2(i,z) = SUM[(ij,zj),tmrg(ij,i,zj,z)] ;
 841   
 842   
 843  *==============================================================================
 844  * 2.4.18 MAKE Matrix
 845  *==============================================================================
 846   
 847   MAKE(j,i,z) = SUM[(acts,comm,reg)$[i2comm(i,comm)
 848                        $j2acts(j,acts)$z2reg(z,reg)],
 849                        MAKEB(comm,acts,reg)];
 850   
 851  *==============================================================================
 852  * 2.5 Equilibrate data
 853  *==============================================================================
 854  *  2.5.1 Equilibrium on the world margin market
 855  *==============================================================================
 856  *  The first step would be to equilibrate international markets. As there is a
 857  *  small difference between supply of margins and demand, we chose to adjust
 858  *  the supply side by increasing or reducing each region's production
 859  *  proportionately.
 860   
 861   MRGNO(i,z)$MRGNO(i,z)
 862                   = MRGNO(i,z)*SUM[(ij,zj,zjj),tmrg(i,ij,zj,zjj)]
 863                    /SUM[zjj,MRGNO(i,zjj)];
 864   
 865  **==============================================================================
 866  * 2.5.2 Equilibrium in each region
 867  *==============================================================================
 868  *  As exports have already been set equal to imports, the remaining differences
 869  *  would appear in the national data. Total production is first set equal to
 870  *  the sum of production for the domestic market (DSO), adjusted production
 871  *  of margins (MRGNO) and exports.
 872   
 873  * DSO(i,z)        = DDO(i,z);
 874  * XSO(j,z)        = DSO(j,z)+MRGNO(j,z)+SUM[zj,EXO(j,z,zj)-TIXO(j,z,zj)];
 875   
 876  *Table XSO_Matrix(i,j,z) ;
 877  * XSO_Matrix(i,j,z) =   XSO(j,z)$sameas(i,j);
 878   
 879   DSO_I(i,z)        = DDO(i,z) ;
 880   XSO_I(i,z)        = DDO(i,z)+MRGNO(i,z)+SUM[zj,EXO(i,z,zj)-TIXO(i,z,zj)];
 881   XSO(j,i,z)        = XSO_I(i,z)*[MAKE(j,i,z)/sum(jj,MAKE(jj,i,z))];
 882   XSTO(j,z)         = SUM(i, XSO(j,i,z));
 883   
 884   EXTO(i,z)         = SUM[zj,EXO(i,z,zj)];
 885   DSO(j,i,z)        = DDO(i,z)*[MAKE(j,i,z)/sum(jj,MAKE(jj,i,z))];
 886   
 887  *  The operating surplus is the variable that was used to equilibrate the
 888  *  regional data. As all other variables (income, savings and so on) will
 889  *  be calculated based on the variables described in these steps, there
 890  *  should not be any other descrepency.
 891   
 892  * Balancing in 2019 Database
 893  TIPO('09_PAPERPRO','05_MNG') = 0.0001  ;
 894  TIXO('10_PETROLCOAL','05_MNG','06_PRK') = 0 ;
 895  RKDO('cap',j,z)  = XSTO(j,z)-SUM[i,DIO(i,j,z)]-SUM[l,LDO(l,j,z)+TIWO(l,j,z)]
 896                    -TIPO(j,z)-SUM[k,TIKO(k,j,z)]-RKDO('land',j,z) -RKDO('natr',j,z);
 897   
 898  RKDO_J(k,z) = sum(j,RKDO(k,j,z)) - DTAX(k,z);
 899   
 900  DIO3(j,z) = SUM[i,DIO(i,j,z)];
 901  LDO2(j,z) = SUM[l,LDO(l,j,z)];
 902  TIWO2(j,z) = SUM[l,TIWO(l,j,z)];
 903  TIKO2(j,z) = SUM[k,TIKO(k,j,z)];
 904  RKDO2('land',j,z) =RKDO('land',j,z);
 905  RKDO2('natr',j,z) =RKDO('natr',j,z);
 906   
 907  *Recalibrating
 908  *KSTO(z)  = sum((k,j),RKDO(k,j,z));
 909   
 910  Display RKDO ;
 911  *$EXIT
 912  *==============================================================================
 913  * 3. CES elasticities
 914  *==============================================================================
 915  * 3.1 Definition of GTAP parameters
 916  *==============================================================================
 917  PARAMETER
 918   ESUBD(comm, reg)   Elasticity of substitution between domestic product and imports
 919   ESUBM(comm, reg)   Elasticity of substitution between imports from different regions
 920   ESUBVA(acts, reg)  Elasticity of substitution between primary factors in the production of value added
 921   ELFKLE(acts, reg)  Elasticity of substitution between VA-energy sub-production
 922   
 923  *==============================================================================
 924  * 3.2 Definition in PEP w
 925  *==============================================================================
 926   sigma_M1(i,z)   Elasticity (CES - composite commodity)
 927   sigma_M2(i,z)   Elasticity (CES - composite import)
 928   sigma_VA(j,z)   Elasticity (CES - value added)
 929   sigma_KLE(j,z)  Elastcitiy (CES - KL-E)
 930   
 931  *==============================================================================
 932  * 3.3 Temporary variables
 933  *==============================================================================
 934   IM_GTAP(comm,z)  Total imports using the GTAP commodity sets
 935   Q_GTAP(comm,z)   Composite commodity using the GTAP commodity sets
 936   VA_GTAP(acts,z)  Value added using the GTAP sectors
 937   KLE_GTAP(acts,z) KLE using the GTAP sectors
 938   E_GTAP(acts,z)   E using ther GTAP sectors
 939   SH_IM(comm,i,z)  Share of each import TRAD_COM in aggregation i for region z
 940   SH_Q(comm,i,z)   Share of each composite commodity TRAD_COM in aggregation i for region z
 941   SH_VA(acts,j,z)  Share of each sector TRAD_COM in aggregation j for region z
 942   SH_KLE(acts,j,z)   Share of each sector KLE in aggregation j for region z
 943  ;
 944   
 945  *==============================================================================
 946  * 3.4 Load the GTAP file which includes the parameters
 947  *==============================================================================
GDXIN   C:\Users\kimc0\GUIDE_GLOBAL_CGE\2.RD_CGE\Input_w-t\GTAP11_Parameters2019.gdx
--- LOAD  ESUBD = 21:ESUBD
--- LOAD  ESUBM = 22:ESUBM
--- LOAD  ESUBVA = 18:ESUBVA
--- LOAD  ELFKLE = 63:ELFKLE
 950   
 951  Display ESUBD, ESUBM, ESUBVA, ELFKLE ;
 952  *==============================================================================
 953  *  3.5 sigma_M1
 954  *==============================================================================
 955  * Elasticities of substitution between domestic product and imports are
 956  * aggregated acording to the share of each commodity (QO) TRAD_COMM in total I
 957   
 958   Q_GTAP(comm,z)
 959                   = SUM{reg$z2reg(z,reg),
 960                     VDPP(comm,reg)+VMPP(comm,reg)+
 961                     VDGP(comm,reg)+VMGP(comm,reg)+
 962                     VDIP(comm,reg)+VMIP(comm,reg)+
 963                     SUM[acts,VDFP(comm,acts,reg)+
 964                         VMFP(comm,acts,reg)]};
 965   
 966   
 967   SH_Q(comm,i,z)$i2comm(i,comm)
 968                   = Q_GTAP(comm,z)/
 969                     SUM{commi$i2comm(i,commi),
 970                         Q_GTAP(commi,z)};
 971   
 972   sigma_M1(i,z)   = SUM{(comm,reg)$[i2comm(i,comm)$z2reg(z,reg)],
 973                     ESUBD(comm,reg)*SH_Q(comm,i,z)};
 974   
 975  *==============================================================================
 976  *  3.6 sigma_M2
 977  *==============================================================================
 978  * Elasticities of substitution between imports from different partners are
 979  * aggregated acording to the share of total import (IMTO) TRAD_COMM in total I
 980   
 981   IM_GTAP(comm,z)
 982                   = SUM[regj,SUM{reg$z2reg(z,reg),VCIF(comm,regj,reg)}];
 983   
 984   SH_IM(comm,i,z)$i2comm(i,comm)
 985                   = IM_GTAP(comm,z)/
 986                     SUM{commi$i2comm(i,commi),
 987                         IM_GTAP(commi,z)};
 988   
 989   sigma_M2(i,z)   = SUM{(comm,reg)$[i2comm(i,comm)$z2reg(z,reg)],
 990                     ESUBM(comm,reg)*SH_IM(comm,i,z)};
 991   
 992  *==============================================================================
 993  *  3.7 sigma_VA
 994  *==============================================================================
 995  * Elasticities of substitution between factors of production are aggregated
 996  * acording to the share of each sector (VA) TRAD_COMM in total I
 997   
 998   VA_GTAP(acts,z)
 999                   = SUM{endw,
1000                         SUM[reg$z2reg(z,reg),EVFB(endw,acts,reg)]};
1001   
1002   SH_VA(acts,j,z)$j2acts(j,acts)
1003                   = VA_GTAP(acts,z)/
1004                     SUM{actsj$j2acts(j,actsj),
1005                         VA_GTAP(actsj,z)};
1006   
1007   sigma_VA(j,z)   = SUM{(acts,reg)$[j2acts(j,acts)$z2reg(z,reg)],
1008                     ESUBVA(acts,reg)*SH_VA(acts,j,z)};
1009   
1010  *==============================================================================
1011  *  3.8 sigma_KLE
1012  *==============================================================================
1013   
1014   KLE_GTAP(acts,z)
1015                   = SUM{endw,
1016                         SUM[reg$z2reg(z,reg),EVFB(endw,acts,reg)]} +
1017                       SUM[i,
1018                          SUM[(comm,reg)$[i2comm2(i,comm)$z2reg(z,reg)],
1019                               VDFP(comm,acts,reg)+VMFP(comm,acts,reg)]];
1020   
1021   E_GTAP(acts,z)
1022                   = SUM[i,
1023                          SUM[(comm,reg)$[i2comm2(i,comm)$z2reg(z,reg)],
1024                               VDFP(comm,acts,reg)+VMFP(comm,acts,reg)]];
1025   
1026   SH_KLE(acts,j,z)$j2acts(j,acts)
1027                   = KLE_GTAP(acts,z)/
1028                     SUM{actsj$j2acts(j,actsj),
1029                         KLE_GTAP(actsj,z)};
1030   
1031   sigma_KLE(j,z)   = SUM{(acts,reg)$[j2acts(j,acts)$z2reg(z,reg)],
1032                      ELFKLE(acts, reg)*SH_KLE(acts,j,z)};
1033   
1034  *==============================================================================
1035  * 4. Own price elasticities (Conditional)
1036  *==============================================================================
1037  PARAMETER
1038   E_Composite(j,z)
1039   KLE_Composite(j,z)
1040   elas_E(j,z)         Composite Energy commodity own price elasticities
1041   elas_elec(j,z)
1042   elas_gas(j,z)
1043   elas_oil(j,z)
1044   elas_coal(j,z)
1045   elas_petrolcoal(j,z)
1046  ;
1047   
1048   
1049  * 02_COAL        Coal
1050  * 03_OIL         Crude petroleum
1051  * 04_GAS         Natural gas Gas distribution
1052  * 10_PETROLCOAL  Petroleum and coal products
1053  * 18_ELEC        Electricity
1054   
1055   E_Composite(j,z)   = SUM{(acts)$[j2acts(j,acts)], E_GTAP(acts,z)};
1056   KLE_Composite(j,z) = SUM{(acts)$[j2acts(j,acts)], KLE_GTAP(acts,z)};
1057   
1058   elas_E(j,z) = sigma_KLE(j,z)*(1- E_Composite(j,z)/KLE_Composite(j,z));
1059   elas_elec(j,z) = 1.1*(1- DIO('18_ELEC',j,z)/E_Composite(j,z));
1060   elas_gas(j,z) = 1.1*(1- DIO('04_GAS',j,z)/E_Composite(j,z));
1061   elas_oil(j,z) = 1.1*(1- DIO('03_OIL',j,z)/E_Composite(j,z));
1062   elas_coal(j,z) = 1.1*(1- DIO('02_COAL',j,z)/E_Composite(j,z));
1063   elas_petrolcoal(j,z) = 1.1*(1- DIO('10_PETROLCOAL',j,z)/E_Composite(j,z));
1064   
1065   
1066  * LDO(l,j,z)      = SUM{(endw,acts,reg)$[f2endw(l,endw)
1067  *                       $j2acts(j,acts)$z2reg(z,reg)],
1068  *                       EVFB(endw,acts,reg)};
1069   
1070  * elas_E(j,z) = sigma_KLE(j,z)*(1- SUM{ (acts)$[, E_GTAP(acts,z)/KLE_GTAP(acts,z)} ) ;
1071   
1072   
1073  * CGO(i,z)        = SUM{(comm,reg)$[i2comm(i,comm)$z2reg(z,reg)],
1074  *                       VDGP(comm,reg)+VMGP(comm,reg)};
1075   
1076  *==============================================================================
1077  * Importing WEB(World Energy Balance)
1078  *==============================================================================
1079  *$INCLUDE DATA_WEB-2019_230417.gms
1080   
1081  *==============================================================================
1082  * SAM Balancing
1083  *==============================================================================
1084  *$INCLUDE DATA_SamBal-2019_230217.gms
1085   
1086  *==============================================================================
1087  * Projections used in PEP w-t model
1088  *==============================================================================
1089  * The following file includes data from:
1090  * Source: "The Great Shift: Macroeconomic projections for the world economy at
1091  * the 2050 horizon" CEPII Working Paper 2012-03
1092  * by Jean Foure, Agnes Benassy-Quere & Lionel Fontagne
1093  * February 2012.
1094   
1095  ** * * * * * * * * * * * * * * * * * * * * * * * * * * * * * * * * * * * **
1096  **NOTE THAT THE FOLLOWING GTAP8.1 REGIONS ARE ABSENT FROM THE PROJECTIONS**
1097  **   aze, ben, bfa, cyp, ecu, gin, hrv, nam, rwa, slv, svn, tgo, twn,    **
1098  **   xea, xer, xna, xtw, zwe                                             **
1099  ** * * * * * * * * * * * * * * * * * * * * * * * * * * * * * * * * * * * **
1100   
1101  *$include Projection_231002.gms
1102  * Data on total and active population are expressed in thousands
1103  * Data on GDP is expressed in millions of USD
1104   
1105  PARAMETER
1106   ACT_POP(z,time)         Active population from 1980 to 2050 based on the PEP w aggregation
1107   ACT_POP_GTAP8(reg,time) Active population from 1980 to 2050 based on the GTAP8 aggregation
1108   CAB_Foure(z,time)       Implicit CAB in Foure et al projections
1109   exogro(z,time)          Exogenous growth factor for exogenously growing variables
1110   exogro_LS(z,time)       Exogenous growth factor for exogenously growing labor supply
1111   g_GDP(z,time)           GDP growth
1112   g_KS(z,time)            Capital stock growth rate
1113   g_LS(z,time)            Active population growth rate
1114   g_POP(z,time)           Population growth rate
1115   g_SDR(z,time)           Domestic savings rate growth rate
1116   GDP(z,time)             GDP projection based on the PEP w aggregation
1117   GDP_GTAP8(reg,time)     GDP from 1980 to 2050 based on the GTAP8 aggregation
1118   gdp_per_cap(z)          GDP per capita
1119   I_rate(z,time)          Investment rate - domestic savings over GDP
1120   Invest(z,time)          Investments from 1980 to 2050 based on PEP w aggregation
1121   Invest_GTAP8(reg,time)  Investments from 1980 to 2050 based on GTAP8 aggregation
1122   K_Stock_GTAP8(reg,time) Capital stock from 1980 to 2050 based on the GTAP8 aggregation
1123   K_Stock(z,time)         Capital stock from 1980 to 2050 based on the PEP w aggregation
1124   TFP(z,time)             Total factor productivity index 1980-2050 for PEP w aggregation
1125   TFP_GTAP8(reg,time)     Total factor productivity 1980-2050 for GTAP8 aggregation
1126   S_rate(z,time)          Savings rate - domestic savings over GDP
1127   Savings(z,time)         Domestic savings from 1980 to 2050 based on PEP w aggregation
1128   Savings_GTAP8(reg,time) Domestic savings from 1980 to 2050 based on GTAP8 aggregation
1129   sdr_fac(z,time)         Exogenous change factor for domestic savings rate
1130   TOT_POP(z,time)         Total population from 1980 to 2050 based on the PEP w aggregation
1131   TOT_POP_GTAP8(reg,time) Total population from 1980 to 2050 based on the GTAP8 aggregation
1132   AEEI_low(z,time)        Autonomous energy efficiency improvement
1133   AEEI_high(z,time)       Autonomous energy efficiency improvement
1134   TREND(z,time)           Value to Physical quantity
1135   CTAX_Cal(z,time)
1136   CTAX_CPS(z,time)
1137   CTAX_NZS(z,time)
1138   CTAX_61(z,time)
1139   CTAX_145(z,time)
1140   CTAX_285(z,time)
1141   CTAX_425(z,time)
1142   CTAX_565(z,time)
1143  ;
1144   
GDXIN   C:\Users\kimc0\GUIDE_GLOBAL_CGE\2.RD_CGE\Input_w-t\Projection.gdx
--- LOAD  GDP = 1:GDP
--- LOAD  TOT_POP = 2:TOT_POP
--- LOAD  g_SDR = 3:g_SDR
--- LOAD  AEEI_low = 4:AEEI_low
--- LOAD  AEEI_high = 5:AEEI_high
--- LOAD  TREND = 6:TREND
--- LOAD  CTAX_Cal = 7:CTAX_Cal
--- LOAD  CTAX_CPS = 8:CTAX_CPS
--- LOAD  CTAX_NZS = 9:CTAX_NZS
--- LOAD  CTAX_61 = 10:CTAX_61
--- LOAD  CTAX_145 = 11:CTAX_145
--- LOAD  CTAX_285 = 12:CTAX_285
--- LOAD  CTAX_425 = 13:CTAX_425
--- LOAD  CTAX_565 = 14:CTAX_565
1148   
1149  *$CALL gdxxrw Input_w-t\JointB_VAL_230411_PAR.xls @Input_w-t\JointB_POWER_PAR.txt Rdim=2 Cdim=1 output = Input_w-t\JointB_VAL_230411_PAR.gdx
1150  *$GDXIN Input_w-t\JointB_VAL_230411_PAR.gdx
1151  *$LOAD sigma_KD, sigma_LD, sigma_KLE, sigma_X1, sigma_X2, sigma_X3, sigma_X0, sigma_y, sigma_inv, PARZ
1152   
1153  *==============================================================================
1154  * 4.1 Real GDP projections
1155  *==============================================================================
1156  * GDP_GTAP8(reg,time)     = Projection('GDP_K',reg,time);
1157  * GDP(z,time)             = SUM{reg$z2reg(z,reg),GDP_GTAP8(reg,time)};
1158   
1159  loop{time$[time.val lt 2100],
1160   g_GDP(z,time+1)           = [GDP(z,time+1)/GDP(z,time)]-1;
1161  };
1162   g_GDP(z,time)$[time.val ge 2100]
1163                           = g_GDP(z,time+2);
1164   
1165  display g_GDP ;
1166   
1167  *==============================================================================
1168  * 4.2 Total population projections
1169  *==============================================================================
1170  * TOT_POP_GTAP8(reg,time) = Projection ('Pop',reg,time);
1171  * TOT_POP(z,time)         = SUM{reg$z2reg(z,reg),TOT_POP_GTAP8(reg,time)};
1172   
1173  *TOT_POP(z,time) = ACT_POP(z,time);
1174   
1175  loop{time$[time.val lt 2100],
1176   g_POP(z,time+1)           = [TOT_POP(z,time+1)/TOT_POP(z,time)]-1;
1177  };
1178   g_POP(z,time)$[time.val ge 2100]
1179                           = g_POP(z,time+1);
1180   
1181  display g_POP ;
1182   
1183  *==============================================================================
1184  * 5. Endogenous definition of set for rich regions/countries
1185  *==============================================================================
1186  * In the World Bank's 2007 World Development Indicators, "High-income" countries
1187  * are defined as those with a per capita Gross National Income of 10726USD
1188  * or above. Since there is no income from abroad in PEP-w-t, GDP is equal to
1189  * GNI, and we define high-income economies according to GDP per capita.
1190   
1191  * gdp_per_cap(z)  = [GDP(z,'2019')*10000000000]/[ACT_POP(z,'2019')*1000000];
1192  * Zrich(Z)        = yes$[gdp_per_cap(z) ge 10726];
1193  * Zother(Z)       = yes$[not Zrich(Z)];
1194   
1195   Zrich('01_KOR')        = yes;
1196   Zrich('03_JPN')        = yes;
1197   Zrich('07_NAM')        = yes;
1198   Zrich('09_WEU')        = yes;
1199   Zrich('10_EEU')        = yes;
1200   Zrich('17_PAO')        = yes;
1201   Zother(Z)              = yes$[not Zrich(Z)];
1202   
1203  execute_unload 'Input_w-t\DATA_AGG-2019_GTAP11b.gdx',
1204   
1205  *Sets used in PEP w-1 and PEP w-t
1206   J, I, BUS, PUB, F, L, K, Z, ZR, Z1, Zrich, Zother
1207   
1208  *Benchmark variables and parameters used in PEP w-1 and PEP w-t
1209   CO, CGO, DDO, DEPO, DIO, DSO,DSO_I, EXO, IMO, INVO, KSTO, LDO, MRGNO, POPO, RKDO,
1210   TDHO, DTAX, TICO, TIKO, TIMO, TIPO, TIWO, TIXO, tssm, tssd, tmrg, XSO, XSO_I, XSTO, EXTO,
1211   sigma_M1, sigma_M2, sigma_VA, sigma_KLE, Q_GTAP, KLE_GTAP, SH_Q, SH_VA, SH_KLE, ESUBD, ELFKLE,
1212   elas_E, elas_elec, elas_gas, elas_oil, elas_coal, elas_petrolcoal, DDO_Matrix
1213   
1214  *Parameters used in PEP w-t only
1215   TOT_POP, g_GDP, g_POP, g_SDR, AEEI_low, AEEI_high TREND, CTAX_Cal, CTAX_CPS, CTAX_NZS, CTAX_61, CTAX_145, CTAX_285, CTAX_425, CTAX_565 ;
GAMS 42.5.0  cf11b917 Mar 30, 2023          WEX-WEI x86 64bit/MS Windows - 05/10/24 13:03:03 Page 2
G e n e r a l   A l g e b r a i c   M o d e l i n g   S y s t e m
Include File Summary


   SEQ   GLOBAL TYPE      PARENT   LOCAL  FILENAME

     1        1 INPUT          0       0  C:\Users\kimc0\GUIDE_GLOBAL_CGE\2.RD_CGE\DATA_GTAP11b.gms
     2       35 CALL           1      35  har2gdx Input_GTAP11DB\basedata2019_240214.har Input_w-t\GTAP11_basedata2019.gdx
     3       36 CALL           1      36  har2gdx Input_GTAP11DB\parameter2019_240416.prm Input_w-t\GTAP11_Parameters2019.gdx
     4      272 GDXIN          1     272  C:\Users\kimc0\GUIDE_GLOBAL_CGE\2.RD_CGE\Input_w-t\GTAP11_basedata2019.gdx
     5      948 GDXIN          1     948  C:\Users\kimc0\GUIDE_GLOBAL_CGE\2.RD_CGE\Input_w-t\GTAP11_Parameters2019.gdx
     6     1145 CALL           1    1145  gdxxrw Input_w-t\Projection.xlsx @Input_w-t\Projection.txt output = Input_w-t\Projection.gdx
     7     1146 GDXIN          1    1146  C:\Users\kimc0\GUIDE_GLOBAL_CGE\2.RD_CGE\Input_w-t\Projection.gdx


COMPILATION TIME     =        2.000 SECONDS     21 MB  42.5.0 cf11b917 WEX-WEI
GAMS 42.5.0  cf11b917 Mar 30, 2023          WEX-WEI x86 64bit/MS Windows - 05/10/24 13:03:03 Page 3
G e n e r a l   A l g e b r a i c   M o d e l i n g   S y s t e m
E x e c u t i o n


----    910 PARAMETER RKDO  Type k capital income in industry j

                        01_KOR      02_CHN      03_JPN      04_RUS      05_MNG      06_PRK      07_NAM      08_LAM      09_WEU      10_EEU      11_FSU      12_MEA      13_AFR      14_CPA      15_SAS      16_PAS      17_PAO

cap .01_AGRICULT      5133.985  274058.027   18194.396   17640.225     335.988      91.368  105722.518   80384.070  116855.242   27564.359   21616.671   41035.174   95296.961    9912.797   93186.186   52229.134   10575.306
cap .02_COAL             9.641   28237.252      34.030    5026.127    1075.291      34.835   11256.541    2471.293    1031.694    1572.849    1978.159      32.929    3839.678     279.689   10537.700   13042.249   17980.975
cap .03_OIL             44.657   13681.132      61.835   85626.934     107.672       0.465   73726.100   56680.968   27598.258     919.706   14827.864  299488.131   41817.347     764.907    4219.635   14301.366    2157.747
cap .04_GAS             15.148     292.572     297.674   24500.433       0.573       0.240   49896.790   16618.821   22549.873    1057.594   10270.580  129486.634   10091.196     389.517   11946.780   15037.647   16337.427
cap .05_MINING        2084.076   49360.934    2479.672   13831.371    1098.390     252.774   54891.863   39002.350   33592.295    4597.753    5868.182   24986.434   20315.433     984.866   17717.633   29146.952   38624.600
cap .06_FOODPRO       9237.060  208156.793   58585.527   29323.881     318.674     360.268  161902.576  134689.100  205633.903   40682.085   11502.089   79129.343   67390.236    2798.242   57355.250   83311.476   12137.579
cap .07_TEXTILES      4372.197  112437.072    1983.690     983.158      46.984     107.109    7714.432   21121.250   60412.270   11726.653    2221.910   25564.200    8095.496   11959.601   59313.400   18754.267     773.684
cap .08_WOODPRO        918.933   23470.875    4061.066    2376.337      17.249      12.604   11836.310    7248.341   16944.283    7010.670     492.619    5448.096    3223.876     587.664    6601.972    9801.466    1530.949
cap .09_PAPERPRO      5227.096   55996.945   21000.793    3641.865       0.020      31.048   46964.703   15863.395   68707.582    9717.368     649.215    5292.648    4993.449     922.040    6510.235   14563.662    1459.713
cap .10_PETROLCOAL    4361.311   26869.007    3125.750    4821.835       5.986       4.625   32816.240   14397.942    9783.818    1855.193    4040.582   55505.194    1902.469    1148.893   25419.728    8934.744    1360.514
cap .11_CHEMICAL     46742.282  263529.801   64740.459    9030.797       0.015      36.842  284195.316   60330.412  309594.939   32380.771    4156.920   82676.895   13456.517    5564.852   62493.031   69916.718    5953.448
cap .12_NONMET        8255.379  170564.760   18695.975    3047.354      16.170      14.766   24358.354   13398.787   40041.728    8151.344    2157.591   36880.732    5780.095    2635.272   17001.635   11743.712    2346.413
cap .13_IRONSTL      12480.447  129398.159   51417.857    8953.856       1.772      16.685   25178.213   12425.850   33363.487    5898.379    4431.225   39789.328    2288.403    2695.786    6092.767   11718.111     911.040
cap .14_NONFERR       3588.930   61718.339   20972.841    8370.350     500.035       3.408   24194.483   23679.129   28690.300    5169.223    6736.728   26050.218   11323.366    1368.110    8714.433    8250.775    1824.571
cap .15_MACHINE     138684.258  473031.090  133464.938    9394.771      48.529      61.502  339869.094   63132.512  347236.954   70842.319    6301.853   64548.987   16825.451   16634.412   53697.361  124721.928    7348.333
cap .16_TRANSEQ      17870.508  172212.559   47062.914    5726.138      17.152      27.335  132418.106   35079.527  139868.867   26493.256    3205.903   35488.535   17260.376    2342.362   27741.141   26971.107    1928.247
cap .17_OTHERIND     11553.085   95318.583   12416.811    1668.360      12.599      19.188  126084.768   23757.888   82290.399   13257.171    1485.048   13847.501    5785.510    1472.203   13850.791   10133.718    1335.581
cap .18_TnD           8762.712   49164.053    5945.241    6545.710      86.375      27.605   21823.273   13597.543   35148.108   10007.102    3426.746   23025.832    1458.353    1866.838    8513.213   12039.001    6934.757
cap .19_eNuclear      3372.457    4844.631     844.940    4158.737       0.068       0.006   17061.839    1532.471   17544.599    3408.135    3221.943     528.550     988.019       0.110     701.097     636.419       0.053
cap .20_eCoal         3415.145   30853.903    4195.418    8008.251     404.258       5.507   43925.449    2024.206   11115.783    7558.533    3569.574     863.659    6762.200    3094.006    4880.132    8582.704    2167.706
cap .21_eGas          1583.668    4035.682    2155.842   14786.093       0.069       0.257    9829.725    4086.849    6162.838     593.706    3262.756   11843.033     439.647     487.499    2131.240    3556.458     309.821
cap .22_eOil           303.927     483.354     285.187     327.842       2.818       2.258     200.035    1281.563     447.322      84.758      79.925    2648.775     147.759      11.382     559.908     269.611      25.825
cap .23_eWind          280.356   11103.414     387.866       5.620      15.555       0.006   12062.360    2778.235   20129.836    1235.418      75.877     943.345     555.134      36.616     461.235     220.060     247.366
cap .24_eSolar         840.352    3825.074    3437.712      42.006       1.703       0.059    7481.191     723.824    8401.555     949.505      75.182     406.439     557.099       0.474     348.864     664.541     155.059
cap .25_eHydro         364.359   41638.733    5965.579   11971.549       4.581     101.890   33122.367   29352.444   20907.962    3549.514    3465.646    6614.340    5043.519   13586.834    4470.781    3047.588    1622.790
cap .26_eOther        1656.432    5857.783    2585.319    7520.264       0.069       0.828    4147.661    3172.884   17518.740    2709.610    1279.538     144.451     284.919      11.915     134.924    2582.129     199.561
cap .27_CONSTRUC     27855.560  383400.902   79703.250   56077.211     274.580     380.865  230214.447  146897.359  510809.242   68674.575   20119.090  101210.023   55573.276    3425.708   65374.961   90933.461   60539.125
cap .28_LTRP          9812.267  313534.292   71267.195   24723.050     259.960     328.542  115094.759   74964.266  130781.697   15929.412   10648.109   53186.327   20273.418    1524.424   83591.527   39592.862   17770.088
cap .29_WTRP          2817.835   23156.535    7554.430    1113.234      13.520      72.885    7275.011    4532.671   33500.113    1334.431     681.791    3842.561    1787.001     338.041    2358.725   21517.596    1812.151
cap .30_ATRP          2889.646   26483.455    5282.389    2692.475      59.958     122.274   37879.618    8593.208   22613.375    1460.341    1530.889    6341.729    3545.824     762.517    3399.007   12482.945    2083.365
cap .31_SER         402939.548 2796710.827 1771993.143  541399.435    2529.360    5799.742 6298716.040 1411836.164 5440006.388  522803.584  142350.476  848412.171  313612.595   39530.276  959063.604  804239.123  375191.511
land.01_AGRICULT     12377.672  216915.789    7871.616    4882.324     284.400     386.918   42329.738   55002.427   49520.034   18777.321    8864.637   22899.859   58819.123   11730.136  127298.070   70494.584    4609.279
natr.01_AGRICULT      1890.423   86249.159    4203.621    1683.363       3.476       0.968   10192.872    5914.965   13906.144    3316.344    1105.990    3758.463   16368.943   14038.308   22022.436   11367.161    2186.670
natr.02_COAL            24.903   42412.844      29.857    6595.242     768.485     133.763   11938.766    1708.096    2554.263    2694.344    2626.102      58.904    4365.125     644.323    8892.624    8529.689   13284.554
natr.03_OIL             58.654   17706.916      64.615   60129.840     118.025       0.289   66684.688   40235.758   17251.912    1278.273   16058.892  179669.844   27037.193    1603.219    4203.362    9622.269    1748.197
natr.04_GAS              0.027       8.038       7.608   14026.623       0.002       0.018   22389.094    5237.146    8473.886     216.180    4419.801   46592.445    3697.444     680.354    1702.123    6772.308    9421.519
natr.05_MINING         455.883   35687.016    1157.450    5155.888     323.699       0.335   20299.680   10217.386    8971.010    1834.651    3154.654    4175.729    8655.359    1738.101    4127.499    3608.651    9931.762


----    951 PARAMETER ESUBD  Elasticity of substitution between domestic product and imports

             r_01KOR     r_02CHN     r_03JPN     r_04RUS     r_05MNG     r_06PRK     r_07NAM     r_08LAM     r_09WEU     r_10EEU     r_11FSU     r_12MEA     r_13AFR     r_14CPA     r_15SAS     r_16PAS     r_17PAO

pdr            5.050       5.050       5.050       5.050       5.050       5.050       5.050       5.050       5.050       5.050       5.050       5.050       5.050       5.050       5.050       5.050       5.050
wht            4.450       4.450       4.450       4.450       4.450       4.450       4.450       4.450       4.450       4.450       4.450       4.450       4.450       4.450       4.450       4.450       4.450
gro            1.300       1.300       1.300       1.300       1.300       1.300       1.300       1.300       1.300       1.300       1.300       1.300       1.300       1.300       1.300       1.300       1.300
v_f            1.850       1.850       1.850       1.850       1.850       1.850       1.850       1.850       1.850       1.850       1.850       1.850       1.850       1.850       1.850       1.850       1.850
osd            2.450       2.450       2.450       2.450       2.450       2.450       2.450       2.450       2.450       2.450       2.450       2.450       2.450       2.450       2.450       2.450       2.450
c_b            2.700       2.700       2.700       2.700       2.700       2.700       2.700       2.700       2.700       2.700       2.700       2.700       2.700       2.700       2.700       2.700       2.700
pfb            2.500       2.500       2.500       2.500       2.500       2.500       2.500       2.500       2.500       2.500       2.500       2.500       2.500       2.500       2.500       2.500       2.500
ocr            3.250       3.250       3.250       3.250       3.250       3.250       3.250       3.250       3.250       3.250       3.250       3.250       3.250       3.250       3.250       3.250       3.250
ctl            2.000       2.000       2.000       2.000       2.000       2.000       2.000       2.000       2.000       2.000       2.000       2.000       2.000       2.000       2.000       2.000       2.000
oap            1.300       1.300       1.300       1.300       1.300       1.300       1.300       1.300       1.300       1.300       1.300       1.300       1.300       1.300       1.300       1.300       1.300
rmk            3.650       3.650       3.650       3.650       3.650       3.650       3.650       3.650       3.650       3.650       3.650       3.650       3.650       3.650       3.650       3.650       3.650
wol            6.450       6.450       6.450       6.450       6.450       6.450       6.450       6.450       6.450       6.450       6.450       6.450       6.450       6.450       6.450       6.450       6.450
frs            2.500       2.500       2.500       2.500       2.500       2.500       2.500       2.500       2.500       2.500       2.500       2.500       2.500       2.500       2.500       2.500       2.500
fsh            1.250       1.250       1.250       1.250       1.250       1.250       1.250       1.250       1.250       1.250       1.250       1.250       1.250       1.250       1.250       1.250       1.250
coa            3.050       3.050       3.050       3.050       3.050       3.050       3.050       3.050       3.050       3.050       3.050       3.050       3.050       3.050       3.050       3.050       3.050
oil            5.200       5.200       5.200       5.200       5.200       5.200       5.200       5.200       5.200       5.200       5.200       5.200       5.200       5.200       5.200       5.200       5.200
gas           17.200      17.200      17.200      17.200      17.200      17.200      17.200      17.200      17.200      17.200      17.200      17.200      17.200      17.200      17.200      17.200      17.200
oxt            0.900       0.900       0.900       0.900       0.900       0.900       0.900       0.900       0.900       0.900       0.900       0.900       0.900       0.900       0.900       0.900       0.900
cmt            3.850       3.850       3.850       3.850       3.850       3.850       3.850       3.850       3.850       3.850       3.850       3.850       3.850       3.850       3.850       3.850       3.850
omt            4.400       4.400       4.400       4.400       4.400       4.400       4.400       4.400       4.400       4.400       4.400       4.400       4.400       4.400       4.400       4.400       4.400
vol            3.300       3.300       3.300       3.300       3.300       3.300       3.300       3.300       3.300       3.300       3.300       3.300       3.300       3.300       3.300       3.300       3.300
mil            3.650       3.650       3.650       3.650       3.650       3.650       3.650       3.650       3.650       3.650       3.650       3.650       3.650       3.650       3.650       3.650       3.650
pcr            2.600       2.600       2.600       2.600       2.600       2.600       2.600       2.600       2.600       2.600       2.600       2.600       2.600       2.600       2.600       2.600       2.600
sgr            2.700       2.700       2.700       2.700       2.700       2.700       2.700       2.700       2.700       2.700       2.700       2.700       2.700       2.700       2.700       2.700       2.700
ofd            2.000       2.000       2.000       2.000       2.000       2.000       2.000       2.000       2.000       2.000       2.000       2.000       2.000       2.000       2.000       2.000       2.000
b_t            1.150       1.150       1.150       1.150       1.150       1.150       1.150       1.150       1.150       1.150       1.150       1.150       1.150       1.150       1.150       1.150       1.150
tex            3.750       3.750       3.750       3.750       3.750       3.750       3.750       3.750       3.750       3.750       3.750       3.750       3.750       3.750       3.750       3.750       3.750
wap            3.700       3.700       3.700       3.700       3.700       3.700       3.700       3.700       3.700       3.700       3.700       3.700       3.700       3.700       3.700       3.700       3.700
lea            4.050       4.050       4.050       4.050       4.050       4.050       4.050       4.050       4.050       4.050       4.050       4.050       4.050       4.050       4.050       4.050       4.050
lum            3.400       3.400       3.400       3.400       3.400       3.400       3.400       3.400       3.400       3.400       3.400       3.400       3.400       3.400       3.400       3.400       3.400
ppp            2.950       2.950       2.950       2.950       2.950       2.950       2.950       2.950       2.950       2.950       2.950       2.950       2.950       2.950       2.950       2.950       2.950
p_c            2.100       2.100       2.100       2.100       2.100       2.100       2.100       2.100       2.100       2.100       2.100       2.100       2.100       2.100       2.100       2.100       2.100
chm            3.300       3.300       3.300       3.300       3.300       3.300       3.300       3.300       3.300       3.300       3.300       3.300       3.300       3.300       3.300       3.300       3.300
bph            3.300       3.300       3.300       3.300       3.300       3.300       3.300       3.300       3.300       3.300       3.300       3.300       3.300       3.300       3.300       3.300       3.300
rpp            3.300       3.300       3.300       3.300       3.300       3.300       3.300       3.300       3.300       3.300       3.300       3.300       3.300       3.300       3.300       3.300       3.300
nmm            2.900       2.900       2.900       2.900       2.900       2.900       2.900       2.900       2.900       2.900       2.900       2.900       2.900       2.900       2.900       2.900       2.900
i_s            2.950       2.950       2.950       2.950       2.950       2.950       2.950       2.950       2.950       2.950       2.950       2.950       2.950       2.950       2.950       2.950       2.950
nfm            4.200       4.200       4.200       4.200       4.200       4.200       4.200       4.200       4.200       4.200       4.200       4.200       4.200       4.200       4.200       4.200       4.200
fmp            3.750       3.750       3.750       3.750       3.750       3.750       3.750       3.750       3.750       3.750       3.750       3.750       3.750       3.750       3.750       3.750       3.750
ele            4.400       4.400       4.400       4.400       4.400       4.400       4.400       4.400       4.400       4.400       4.400       4.400       4.400       4.400       4.400       4.400       4.400
eeq            4.400       4.400       4.400       4.400       4.400       4.400       4.400       4.400       4.400       4.400       4.400       4.400       4.400       4.400       4.400       4.400       4.400
ome            4.050       4.050       4.050       4.050       4.050       4.050       4.050       4.050       4.050       4.050       4.050       4.050       4.050       4.050       4.050       4.050       4.050
mvh            2.800       2.800       2.800       2.800       2.800       2.800       2.800       2.800       2.800       2.800       2.800       2.800       2.800       2.800       2.800       2.800       2.800
otn            4.300       4.300       4.300       4.300       4.300       4.300       4.300       4.300       4.300       4.300       4.300       4.300       4.300       4.300       4.300       4.300       4.300
omf            3.750       3.750       3.750       3.750       3.750       3.750       3.750       3.750       3.750       3.750       3.750       3.750       3.750       3.750       3.750       3.750       3.750
TnD            2.800       2.800       2.800       2.800       2.800       2.800       2.800       2.800       2.800       2.800       2.800       2.800       2.800       2.800       2.800       2.800       2.800
eNuclear       2.800       2.800       2.800       2.800       2.800       2.800       2.800       2.800       2.800       2.800       2.800       2.800       2.800       2.800       2.800       2.800       2.800
eCoal          2.800       2.800       2.800       2.800       2.800       2.800       2.800       2.800       2.800       2.800       2.800       2.800       2.800       2.800       2.800       2.800       2.800
eGas           2.800       2.800       2.800       2.800       2.800       2.800       2.800       2.800       2.800       2.800       2.800       2.800       2.800       2.800       2.800       2.800       2.800
eWind          2.800       2.800       2.800       2.800       2.800       2.800       2.800       2.800       2.800       2.800       2.800       2.800       2.800       2.800       2.800       2.800       2.800
eHydro         2.800       2.800       2.800       2.800       2.800       2.800       2.800       2.800       2.800       2.800       2.800       2.800       2.800       2.800       2.800       2.800       2.800
eOil           2.800       2.800       2.800       2.800       2.800       2.800       2.800       2.800       2.800       2.800       2.800       2.800       2.800       2.800       2.800       2.800       2.800
eOther         2.800       2.800       2.800       2.800       2.800       2.800       2.800       2.800       2.800       2.800       2.800       2.800       2.800       2.800       2.800       2.800       2.800
eSolar         2.800       2.800       2.800       2.800       2.800       2.800       2.800       2.800       2.800       2.800       2.800       2.800       2.800       2.800       2.800       2.800       2.800
gdt            2.800       2.800       2.800       2.800       2.800       2.800       2.800       2.800       2.800       2.800       2.800       2.800       2.800       2.800       2.800       2.800       2.800
wtr            2.800       2.800       2.800       2.800       2.800       2.800       2.800       2.800       2.800       2.800       2.800       2.800       2.800       2.800       2.800       2.800       2.800
cns            1.900       1.900       1.900       1.900       1.900       1.900       1.900       1.900       1.900       1.900       1.900       1.900       1.900       1.900       1.900       1.900       1.900
trd            1.900       1.900       1.900       1.900       1.900       1.900       1.900       1.900       1.900       1.900       1.900       1.900       1.900       1.900       1.900       1.900       1.900
afs            1.900       1.900       1.900       1.900       1.900       1.900       1.900       1.900       1.900       1.900       1.900       1.900       1.900       1.900       1.900       1.900       1.900
otp            1.900       1.900       1.900       1.900       1.900       1.900       1.900       1.900       1.900       1.900       1.900       1.900       1.900       1.900       1.900       1.900       1.900
wtp            1.900       1.900       1.900       1.900       1.900       1.900       1.900       1.900       1.900       1.900       1.900       1.900       1.900       1.900       1.900       1.900       1.900
atp            1.900       1.900       1.900       1.900       1.900       1.900       1.900       1.900       1.900       1.900       1.900       1.900       1.900       1.900       1.900       1.900       1.900
whs            1.900       1.900       1.900       1.900       1.900       1.900       1.900       1.900       1.900       1.900       1.900       1.900       1.900       1.900       1.900       1.900       1.900
cmn            1.900       1.900       1.900       1.900       1.900       1.900       1.900       1.900       1.900       1.900       1.900       1.900       1.900       1.900       1.900       1.900       1.900
ofi            1.900       1.900       1.900       1.900       1.900       1.900       1.900       1.900       1.900       1.900       1.900       1.900       1.900       1.900       1.900       1.900       1.900
ins            1.900       1.900       1.900       1.900       1.900       1.900       1.900       1.900       1.900       1.900       1.900       1.900       1.900       1.900       1.900       1.900       1.900
rsa            1.900       1.900       1.900       1.900       1.900       1.900       1.900       1.900       1.900       1.900       1.900       1.900       1.900       1.900       1.900       1.900       1.900
obs            1.900       1.900       1.900       1.900       1.900       1.900       1.900       1.900       1.900       1.900       1.900       1.900       1.900       1.900       1.900       1.900       1.900
ros            1.900       1.900       1.900       1.900       1.900       1.900       1.900       1.900       1.900       1.900       1.900       1.900       1.900       1.900       1.900       1.900       1.900
osg            1.900       1.900       1.900       1.900       1.900       1.900       1.900       1.900       1.900       1.900       1.900       1.900       1.900       1.900       1.900       1.900       1.900
edu            1.900       1.900       1.900       1.900       1.900       1.900       1.900       1.900       1.900       1.900       1.900       1.900       1.900       1.900       1.900       1.900       1.900
hht            1.900       1.900       1.900       1.900       1.900       1.900       1.900       1.900       1.900       1.900       1.900       1.900       1.900       1.900       1.900       1.900       1.900
dwe            1.900       1.900       1.900       1.900       1.900       1.900       1.900       1.900       1.900       1.900       1.900       1.900       1.900       1.900       1.900       1.900       1.900


----    951 PARAMETER ESUBM  Elasticity of substitution between imports from different regions

             r_01KOR     r_02CHN     r_03JPN     r_04RUS     r_05MNG     r_06PRK     r_07NAM     r_08LAM     r_09WEU     r_10EEU     r_11FSU     r_12MEA     r_13AFR     r_14CPA     r_15SAS     r_16PAS     r_17PAO

pdr           10.100      10.100      10.100      10.100      10.100      10.100      10.100      10.100      10.100      10.100      10.100      10.100      10.100      10.100      10.100      10.100      10.100
wht            8.900       8.900       8.900       8.900       8.900       8.900       8.900       8.900       8.900       8.900       8.900       8.900       8.900       8.900       8.900       8.900       8.900
gro            2.600       2.600       2.600       2.600       2.600       2.600       2.600       2.600       2.600       2.600       2.600       2.600       2.600       2.600       2.600       2.600       2.600
v_f            3.700       3.700       3.700       3.700       3.700       3.700       3.700       3.700       3.700       3.700       3.700       3.700       3.700       3.700       3.700       3.700       3.700
osd            4.900       4.900       4.900       4.900       4.900       4.900       4.900       4.900       4.900       4.900       4.900       4.900       4.900       4.900       4.900       4.900       4.900
c_b            5.400       5.400       5.400       5.400       5.400       5.400       5.400       5.400       5.400       5.400       5.400       5.400       5.400       5.400       5.400       5.400       5.400
pfb            5.000       5.000       5.000       5.000       5.000       5.000       5.000       5.000       5.000       5.000       5.000       5.000       5.000       5.000       5.000       5.000       5.000
ocr            6.500       6.500       6.500       6.500       6.500       6.500       6.500       6.500       6.500       6.500       6.500       6.500       6.500       6.500       6.500       6.500       6.500
ctl            4.000       4.000       4.000       4.000       4.000       4.000       4.000       4.000       4.000       4.000       4.000       4.000       4.000       4.000       4.000       4.000       4.000
oap            2.600       2.600       2.600       2.600       2.600       2.600       2.600       2.600       2.600       2.600       2.600       2.600       2.600       2.600       2.600       2.600       2.600
rmk            7.300       7.300       7.300       7.300       7.300       7.300       7.300       7.300       7.300       7.300       7.300       7.300       7.300       7.300       7.300       7.300       7.300
wol           12.900      12.900      12.900      12.900      12.900      12.900      12.900      12.900      12.900      12.900      12.900      12.900      12.900      12.900      12.900      12.900      12.900
frs            5.000       5.000       5.000       5.000       5.000       5.000       5.000       5.000       5.000       5.000       5.000       5.000       5.000       5.000       5.000       5.000       5.000
fsh            2.500       2.500       2.500       2.500       2.500       2.500       2.500       2.500       2.500       2.500       2.500       2.500       2.500       2.500       2.500       2.500       2.500
coa            6.100       6.100       6.100       6.100       6.100       6.100       6.100       6.100       6.100       6.100       6.100       6.100       6.100       6.100       6.100       6.100       6.100
oil           10.400      10.400      10.400      10.400      10.400      10.400      10.400      10.400      10.400      10.400      10.400      10.400      10.400      10.400      10.400      10.400      10.400
gas           34.400      34.400      34.400      34.400      34.400      34.400      34.400      34.400      34.400      34.400      34.400      34.400      34.400      34.400      34.400      34.400      34.400
oxt            1.800       1.800       1.800       1.800       1.800       1.800       1.800       1.800       1.800       1.800       1.800       1.800       1.800       1.800       1.800       1.800       1.800
cmt            7.700       7.700       7.700       7.700       7.700       7.700       7.700       7.700       7.700       7.700       7.700       7.700       7.700       7.700       7.700       7.700       7.700
omt            8.800       8.800       8.800       8.800       8.800       8.800       8.800       8.800       8.800       8.800       8.800       8.800       8.800       8.800       8.800       8.800       8.800
vol            6.600       6.600       6.600       6.600       6.600       6.600       6.600       6.600       6.600       6.600       6.600       6.600       6.600       6.600       6.600       6.600       6.600
mil            7.300       7.300       7.300       7.300       7.300       7.300       7.300       7.300       7.300       7.300       7.300       7.300       7.300       7.300       7.300       7.300       7.300
pcr            5.200       5.200       5.200       5.200       5.200       5.200       5.200       5.200       5.200       5.200       5.200       5.200       5.200       5.200       5.200       5.200       5.200
sgr            5.400       5.400       5.400       5.400       5.400       5.400       5.400       5.400       5.400       5.400       5.400       5.400       5.400       5.400       5.400       5.400       5.400
ofd            4.000       4.000       4.000       4.000       4.000       4.000       4.000       4.000       4.000       4.000       4.000       4.000       4.000       4.000       4.000       4.000       4.000
b_t            2.300       2.300       2.300       2.300       2.300       2.300       2.300       2.300       2.300       2.300       2.300       2.300       2.300       2.300       2.300       2.300       2.300
tex            7.500       7.500       7.500       7.500       7.500       7.500       7.500       7.500       7.500       7.500       7.500       7.500       7.500       7.500       7.500       7.500       7.500
wap            7.400       7.400       7.400       7.400       7.400       7.400       7.400       7.400       7.400       7.400       7.400       7.400       7.400       7.400       7.400       7.400       7.400
lea            8.100       8.100       8.100       8.100       8.100       8.100       8.100       8.100       8.100       8.100       8.100       8.100       8.100       8.100       8.100       8.100       8.100
lum            6.800       6.800       6.800       6.800       6.800       6.800       6.800       6.800       6.800       6.800       6.800       6.800       6.800       6.800       6.800       6.800       6.800
ppp            5.900       5.900       5.900       5.900       5.900       5.900       5.900       5.900       5.900       5.900       5.900       5.900       5.900       5.900       5.900       5.900       5.900
p_c            4.200       4.200       4.200       4.200       4.200       4.200       4.200       4.200       4.200       4.200       4.200       4.200       4.200       4.200       4.200       4.200       4.200
chm            6.600       6.600       6.600       6.600       6.600       6.600       6.600       6.600       6.600       6.600       6.600       6.600       6.600       6.600       6.600       6.600       6.600
bph            6.600       6.600       6.600       6.600       6.600       6.600       6.600       6.600       6.600       6.600       6.600       6.600       6.600       6.600       6.600       6.600       6.600
rpp            6.600       6.600       6.600       6.600       6.600       6.600       6.600       6.600       6.600       6.600       6.600       6.600       6.600       6.600       6.600       6.600       6.600
nmm            5.800       5.800       5.800       5.800       5.800       5.800       5.800       5.800       5.800       5.800       5.800       5.800       5.800       5.800       5.800       5.800       5.800
i_s            5.900       5.900       5.900       5.900       5.900       5.900       5.900       5.900       5.900       5.900       5.900       5.900       5.900       5.900       5.900       5.900       5.900
nfm            8.400       8.400       8.400       8.400       8.400       8.400       8.400       8.400       8.400       8.400       8.400       8.400       8.400       8.400       8.400       8.400       8.400
fmp            7.500       7.500       7.500       7.500       7.500       7.500       7.500       7.500       7.500       7.500       7.500       7.500       7.500       7.500       7.500       7.500       7.500
ele            8.800       8.800       8.800       8.800       8.800       8.800       8.800       8.800       8.800       8.800       8.800       8.800       8.800       8.800       8.800       8.800       8.800
eeq            8.800       8.800       8.800       8.800       8.800       8.800       8.800       8.800       8.800       8.800       8.800       8.800       8.800       8.800       8.800       8.800       8.800
ome            8.100       8.100       8.100       8.100       8.100       8.100       8.100       8.100       8.100       8.100       8.100       8.100       8.100       8.100       8.100       8.100       8.100
mvh            5.600       5.600       5.600       5.600       5.600       5.600       5.600       5.600       5.600       5.600       5.600       5.600       5.600       5.600       5.600       5.600       5.600
otn            8.600       8.600       8.600       8.600       8.600       8.600       8.600       8.600       8.600       8.600       8.600       8.600       8.600       8.600       8.600       8.600       8.600
omf            7.500       7.500       7.500       7.500       7.500       7.500       7.500       7.500       7.500       7.500       7.500       7.500       7.500       7.500       7.500       7.500       7.500
TnD            5.600       5.600       5.600       5.600       5.600       5.600       5.600       5.600       5.600       5.600       5.600       5.600       5.600       5.600       5.600       5.600       5.600
eNuclear       5.600       5.600       5.600       5.600       5.600       5.600       5.600       5.600       5.600       5.600       5.600       5.600       5.600       5.600       5.600       5.600       5.600
eCoal          5.600       5.600       5.600       5.600       5.600       5.600       5.600       5.600       5.600       5.600       5.600       5.600       5.600       5.600       5.600       5.600       5.600
eGas           5.600       5.600       5.600       5.600       5.600       5.600       5.600       5.600       5.600       5.600       5.600       5.600       5.600       5.600       5.600       5.600       5.600
eWind          5.600       5.600       5.600       5.600       5.600       5.600       5.600       5.600       5.600       5.600       5.600       5.600       5.600       5.600       5.600       5.600       5.600
eHydro         5.600       5.600       5.600       5.600       5.600       5.600       5.600       5.600       5.600       5.600       5.600       5.600       5.600       5.600       5.600       5.600       5.600
eOil           5.600       5.600       5.600       5.600       5.600       5.600       5.600       5.600       5.600       5.600       5.600       5.600       5.600       5.600       5.600       5.600       5.600
eOther         5.600       5.600       5.600       5.600       5.600       5.600       5.600       5.600       5.600       5.600       5.600       5.600       5.600       5.600       5.600       5.600       5.600
eSolar         5.600       5.600       5.600       5.600       5.600       5.600       5.600       5.600       5.600       5.600       5.600       5.600       5.600       5.600       5.600       5.600       5.600
gdt            5.600       5.600       5.600       5.600       5.600       5.600       5.600       5.600       5.600       5.600       5.600       5.600       5.600       5.600       5.600       5.600       5.600
wtr            5.600       5.600       5.600       5.600       5.600       5.600       5.600       5.600       5.600       5.600       5.600       5.600       5.600       5.600       5.600       5.600       5.600
cns            3.800       3.800       3.800       3.800       3.800       3.800       3.800       3.800       3.800       3.800       3.800       3.800       3.800       3.800       3.800       3.800       3.800
trd            3.800       3.800       3.800       3.800       3.800       3.800       3.800       3.800       3.800       3.800       3.800       3.800       3.800       3.800       3.800       3.800       3.800
afs            3.800       3.800       3.800       3.800       3.800       3.800       3.800       3.800       3.800       3.800       3.800       3.800       3.800       3.800       3.800       3.800       3.800
otp            3.800       3.800       3.800       3.800       3.800       3.800       3.800       3.800       3.800       3.800       3.800       3.800       3.800       3.800       3.800       3.800       3.800
wtp            3.800       3.800       3.800       3.800       3.800       3.800       3.800       3.800       3.800       3.800       3.800       3.800       3.800       3.800       3.800       3.800       3.800
atp            3.800       3.800       3.800       3.800       3.800       3.800       3.800       3.800       3.800       3.800       3.800       3.800       3.800       3.800       3.800       3.800       3.800
whs            3.800       3.800       3.800       3.800       3.800       3.800       3.800       3.800       3.800       3.800       3.800       3.800       3.800       3.800       3.800       3.800       3.800
cmn            3.800       3.800       3.800       3.800       3.800       3.800       3.800       3.800       3.800       3.800       3.800       3.800       3.800       3.800       3.800       3.800       3.800
ofi            3.800       3.800       3.800       3.800       3.800       3.800       3.800       3.800       3.800       3.800       3.800       3.800       3.800       3.800       3.800       3.800       3.800
ins            3.800       3.800       3.800       3.800       3.800       3.800       3.800       3.800       3.800       3.800       3.800       3.800       3.800       3.800       3.800       3.800       3.800
rsa            3.800       3.800       3.800       3.800       3.800       3.800       3.800       3.800       3.800       3.800       3.800       3.800       3.800       3.800       3.800       3.800       3.800
obs            3.800       3.800       3.800       3.800       3.800       3.800       3.800       3.800       3.800       3.800       3.800       3.800       3.800       3.800       3.800       3.800       3.800
ros            3.800       3.800       3.800       3.800       3.800       3.800       3.800       3.800       3.800       3.800       3.800       3.800       3.800       3.800       3.800       3.800       3.800
osg            3.800       3.800       3.800       3.800       3.800       3.800       3.800       3.800       3.800       3.800       3.800       3.800       3.800       3.800       3.800       3.800       3.800
edu            3.800       3.800       3.800       3.800       3.800       3.800       3.800       3.800       3.800       3.800       3.800       3.800       3.800       3.800       3.800       3.800       3.800
hht            3.800       3.800       3.800       3.800       3.800       3.800       3.800       3.800       3.800       3.800       3.800       3.800       3.800       3.800       3.800       3.800       3.800
dwe            3.800       3.800       3.800       3.800       3.800       3.800       3.800       3.800       3.800       3.800       3.800       3.800       3.800       3.800       3.800       3.800       3.800


----    951 PARAMETER ESUBVA  Elasticity of substitution between primary factors in the production of value added

             r_01KOR     r_02CHN     r_03JPN     r_04RUS     r_05MNG     r_06PRK     r_07NAM     r_08LAM     r_09WEU     r_10EEU     r_11FSU     r_12MEA     r_13AFR     r_14CPA     r_15SAS     r_16PAS     r_17PAO

pdr            0.264       0.264       0.264       0.264       0.264       0.264       0.264       0.264       0.264       0.264       0.264       0.264       0.264       0.264       0.264       0.264       0.264
wht            0.264       0.264       0.264       0.264       0.264       0.264       0.264       0.264       0.264       0.264       0.264       0.264       0.264       0.264       0.264       0.264       0.264
gro            0.264       0.264       0.264       0.264       0.264       0.264       0.264       0.264       0.264       0.264       0.264       0.264       0.264       0.264       0.264       0.264       0.264
v_f            0.264       0.264       0.264       0.264       0.264       0.264       0.264       0.264       0.264       0.264       0.264       0.264       0.264       0.264       0.264       0.264       0.264
osd            0.264       0.264       0.264       0.264       0.264       0.264       0.264       0.264       0.264       0.264       0.264       0.264       0.264       0.264       0.264       0.264       0.264
c_b            0.264       0.264       0.264       0.264       0.264       0.264       0.264       0.264       0.264       0.264       0.264       0.264       0.264       0.264       0.264       0.264       0.264
pfb            0.264       0.264       0.264       0.264       0.264       0.264       0.264       0.264       0.264       0.264       0.264       0.264       0.264       0.264       0.264       0.264       0.264
ocr            0.264       0.264       0.264       0.264       0.264       0.264       0.264       0.264       0.264       0.264       0.264       0.264       0.264       0.264       0.264       0.264       0.264
ctl            0.264       0.264       0.264       0.264       0.264       0.264       0.264       0.264       0.264       0.264       0.264       0.264       0.264       0.264       0.264       0.264       0.264
oap            0.264       0.264       0.264       0.264       0.264       0.264       0.264       0.264       0.264       0.264       0.264       0.264       0.264       0.264       0.264       0.264       0.264
rmk            0.264       0.264       0.264       0.264       0.264       0.264       0.264       0.264       0.264       0.264       0.264       0.264       0.264       0.264       0.264       0.264       0.264
wol            0.264       0.264       0.264       0.264       0.264       0.264       0.264       0.264       0.264       0.264       0.264       0.264       0.264       0.264       0.264       0.264       0.264
frs            0.200       0.200       0.200       0.200       0.200       0.200       0.200       0.200       0.200       0.200       0.200       0.200       0.200       0.200       0.200       0.200       0.200
fsh            0.200       0.200       0.200       0.200       0.200       0.200       0.200       0.200       0.200       0.200       0.200       0.200       0.200       0.200       0.200       0.200       0.200
coa            3.746       3.790       3.985       3.668       3.999       3.995       3.842       3.946       3.774       3.622       3.687       3.666       3.854       3.741       3.998       3.997       3.885
oil            0.359       0.377       0.397       0.393       0.400       0.237       0.389       0.385       0.394       0.384       0.384       0.396       0.377       0.399       0.399       0.393       0.395
gas            0.222       0.142       1.444       1.522       1.615       1.221       1.404       1.422       1.566       1.381       1.522       1.575       1.579       1.591       1.591       1.454       1.582
oxt            0.200       0.200       0.200       0.200       0.200       0.200       0.200       0.200       0.200       0.200       0.200       0.200       0.200       0.200       0.200       0.200       0.200
cmt            1.120       1.120       1.120       1.120       1.120       1.120       1.120       1.120       1.120       1.120       1.120       1.120       1.120       1.120       1.120       1.120       1.120
omt            1.120       1.120       1.120       1.120       1.120       1.120       1.120       1.120       1.120       1.120       1.120       1.120       1.120       1.120       1.120       1.120       1.120
vol            1.120       1.120       1.120       1.120       1.120       1.120       1.120       1.120       1.120       1.120       1.120       1.120       1.120       1.120       1.120       1.120       1.120
mil            1.120       1.120       1.120       1.120       1.120       1.120       1.120       1.120       1.120       1.120       1.120       1.120       1.120       1.120       1.120       1.120       1.120
pcr            1.120       1.120       1.120       1.120       1.120       1.120       1.120       1.120       1.120       1.120       1.120       1.120       1.120       1.120       1.120       1.120       1.120
sgr            1.120       1.120       1.120       1.120       1.120       1.120       1.120       1.120       1.120       1.120       1.120       1.120       1.120       1.120       1.120       1.120       1.120
ofd            1.120       1.120       1.120       1.120       1.120       1.120       1.120       1.120       1.120       1.120       1.120       1.120       1.120       1.120       1.120       1.120       1.120
b_t            1.120       1.120       1.120       1.120       1.120       1.120       1.120       1.120       1.120       1.120       1.120       1.120       1.120       1.120       1.120       1.120       1.120
tex            1.260       1.260       1.260       1.260       1.260       1.260       1.260       1.260       1.260       1.260       1.260       1.260       1.260       1.260       1.260       1.260       1.260
wap            1.260       1.260       1.260       1.260       1.260       1.260       1.260       1.260       1.260       1.260       1.260       1.260       1.260       1.260       1.260       1.260       1.260
lea            1.260       1.260       1.260       1.260       1.260       1.260       1.260       1.260       1.260       1.260       1.260       1.260       1.260       1.260       1.260       1.260       1.260
lum            1.260       1.260       1.260       1.260       1.260       1.260       1.260       1.260       1.260       1.260       1.260       1.260       1.260       1.260       1.260       1.260       1.260
ppp            1.260       1.260       1.260       1.260       1.260       1.260       1.260       1.260       1.260       1.260       1.260       1.260       1.260       1.260       1.260       1.260       1.260
p_c            1.000       1.000       1.000       1.000       1.000       1.000       1.000       1.000       1.000       1.000       1.000       1.000       1.000       1.000       1.000       1.000       1.000
chm            1.260       1.260       1.260       1.260       1.260       1.260       1.260       1.260       1.260       1.260       1.260       1.260       1.260       1.260       1.260       1.260       1.260
bph            1.260       1.260       1.260       1.260       1.260       1.260       1.260       1.260       1.260       1.260       1.260       1.260       1.260       1.260       1.260       1.260       1.260
rpp            1.260       1.260       1.260       1.260       1.260       1.260       1.260       1.260       1.260       1.260       1.260       1.260       1.260       1.260       1.260       1.260       1.260
nmm            1.260       1.260       1.260       1.260       1.260       1.260       1.260       1.260       1.260       1.260       1.260       1.260       1.260       1.260       1.260       1.260       1.260
i_s            1.260       1.260       1.260       1.260       1.260       1.260       1.260       1.260       1.260       1.260       1.260       1.260       1.260       1.260       1.260       1.260       1.260
nfm            1.260       1.260       1.260       1.260       1.260       1.260       1.260       1.260       1.260       1.260       1.260       1.260       1.260       1.260       1.260       1.260       1.260
fmp            1.260       1.260       1.260       1.260       1.260       1.260       1.260       1.260       1.260       1.260       1.260       1.260       1.260       1.260       1.260       1.260       1.260
ele            1.260       1.260       1.260       1.260       1.260       1.260       1.260       1.260       1.260       1.260       1.260       1.260       1.260       1.260       1.260       1.260       1.260
eeq            1.260       1.260       1.260       1.260       1.260       1.260       1.260       1.260       1.260       1.260       1.260       1.260       1.260       1.260       1.260       1.260       1.260
ome            1.260       1.260       1.260       1.260       1.260       1.260       1.260       1.260       1.260       1.260       1.260       1.260       1.260       1.260       1.260       1.260       1.260
mvh            1.260       1.260       1.260       1.260       1.260       1.260       1.260       1.260       1.260       1.260       1.260       1.260       1.260       1.260       1.260       1.260       1.260
otn            1.260       1.260       1.260       1.260       1.260       1.260       1.260       1.260       1.260       1.260       1.260       1.260       1.260       1.260       1.260       1.260       1.260
omf            1.260       1.260       1.260       1.260       1.260       1.260       1.260       1.260       1.260       1.260       1.260       1.260       1.260       1.260       1.260       1.260       1.260
TnD            1.260       1.260       1.260       1.260       1.260       1.260       1.260       1.260       1.260       1.260       1.260       1.260       1.260       1.260       1.260       1.260       1.260
eNuclear       1.260       1.260       1.260       1.260       1.260       1.260       1.260       1.260       1.260       1.260       1.260       1.260       1.260       1.260       1.260       1.260       1.260
eCoal          1.260       1.260       1.260       1.260       1.260       1.260       1.260       1.260       1.260       1.260       1.260       1.260       1.260       1.260       1.260       1.260       1.260
eGas           1.260       1.260       1.260       1.260       1.260       1.260       1.260       1.260       1.260       1.260       1.260       1.260       1.260       1.260       1.260       1.260       1.260
eWind          1.260       1.260       1.260       1.260       1.260       1.260       1.260       1.260       1.260       1.260       1.260       1.260       1.260       1.260       1.260       1.260       1.260
eHydro         1.260       1.260       1.260       1.260       1.260       1.260       1.260       1.260       1.260       1.260       1.260       1.260       1.260       1.260       1.260       1.260       1.260
eOil           1.260       1.260       1.260       1.260       1.260       1.260       1.260       1.260       1.260       1.260       1.260       1.260       1.260       1.260       1.260       1.260       1.260
eOther         1.260       1.260       1.260       1.260       1.260       1.260       1.260       1.260       1.260       1.260       1.260       1.260       1.260       1.260       1.260       1.260       1.260
eSolar         1.260       1.260       1.260       1.260       1.260       1.260       1.260       1.260       1.260       1.260       1.260       1.260       1.260       1.260       1.260       1.260       1.260
gdt            1.000       1.000       1.000       1.000       1.000       1.000       1.000       1.000       1.000       1.000       1.000       1.000       1.000       1.000       1.000       1.000       1.000
wtr            1.260       1.260       1.260       1.260       1.260       1.260       1.260       1.260       1.260       1.260       1.260       1.260       1.260       1.260       1.260       1.260       1.260
cns            1.260       1.260       1.260       1.260       1.260       1.260       1.260       1.260       1.260       1.260       1.260       1.260       1.260       1.260       1.260       1.260       1.260
trd            1.260       1.260       1.260       1.260       1.260       1.260       1.260       1.260       1.260       1.260       1.260       1.260       1.260       1.260       1.260       1.260       1.260
afs            1.260       1.260       1.260       1.260       1.260       1.260       1.260       1.260       1.260       1.260       1.260       1.260       1.260       1.260       1.260       1.260       1.260
otp            1.260       1.260       1.260       1.260       1.260       1.260       1.260       1.260       1.260       1.260       1.260       1.260       1.260       1.260       1.260       1.260       1.260
wtp            1.260       1.260       1.260       1.260       1.260       1.260       1.260       1.260       1.260       1.260       1.260       1.260       1.260       1.260       1.260       1.260       1.260
atp            1.260       1.260       1.260       1.260       1.260       1.260       1.260       1.260       1.260       1.260       1.260       1.260       1.260       1.260       1.260       1.260       1.260
whs            1.260       1.260       1.260       1.260       1.260       1.260       1.260       1.260       1.260       1.260       1.260       1.260       1.260       1.260       1.260       1.260       1.260
cmn            1.260       1.260       1.260       1.260       1.260       1.260       1.260       1.260       1.260       1.260       1.260       1.260       1.260       1.260       1.260       1.260       1.260
ofi            1.260       1.260       1.260       1.260       1.260       1.260       1.260       1.260       1.260       1.260       1.260       1.260       1.260       1.260       1.260       1.260       1.260
ins            1.260       1.260       1.260       1.260       1.260       1.260       1.260       1.260       1.260       1.260       1.260       1.260       1.260       1.260       1.260       1.260       1.260
rsa            1.260       1.260       1.260       1.260       1.260       1.260       1.260       1.260       1.260       1.260       1.260       1.260       1.260       1.260       1.260       1.260       1.260
obs            1.260       1.260       1.260       1.260       1.260       1.260       1.260       1.260       1.260       1.260       1.260       1.260       1.260       1.260       1.260       1.260       1.260
ros            1.260       1.260       1.260       1.260       1.260       1.260       1.260       1.260       1.260       1.260       1.260       1.260       1.260       1.260       1.260       1.260       1.260
osg            1.260       1.260       1.260       1.260       1.260       1.260       1.260       1.260       1.260       1.260       1.260       1.260       1.260       1.260       1.260       1.260       1.260
edu            1.260       1.260       1.260       1.260       1.260       1.260       1.260       1.260       1.260       1.260       1.260       1.260       1.260       1.260       1.260       1.260       1.260
hht            1.260       1.260       1.260       1.260       1.260       1.260       1.260       1.260       1.260       1.260       1.260       1.260       1.260       1.260       1.260       1.260       1.260
dwe            1.260       1.260       1.260       1.260       1.260       1.260       1.260       1.260       1.260       1.260       1.260       1.260       1.260       1.260       1.260       1.260       1.260


----    951 PARAMETER ELFKLE  Elasticity of substitution between VA-energy sub-production

             r_01KOR     r_02CHN     r_03JPN     r_04RUS     r_05MNG     r_06PRK     r_07NAM     r_08LAM     r_09WEU     r_10EEU     r_11FSU     r_12MEA     r_13AFR     r_14CPA     r_15SAS     r_16PAS     r_17PAO

pdr            0.600       0.600       0.600       0.600       0.600       0.600       0.600       0.600       0.600       0.600       0.600       0.600       0.600       0.600       0.600       0.600       0.600
wht            0.600       0.600       0.600       0.600       0.600       0.600       0.600       0.600       0.600       0.600       0.600       0.600       0.600       0.600       0.600       0.600       0.600
gro            0.600       0.600       0.600       0.600       0.600       0.600       0.600       0.600       0.600       0.600       0.600       0.600       0.600       0.600       0.600       0.600       0.600
v_f            0.600       0.600       0.600       0.600       0.600       0.600       0.600       0.600       0.600       0.600       0.600       0.600       0.600       0.600       0.600       0.600       0.600
osd            0.600       0.600       0.600       0.600       0.600       0.600       0.600       0.600       0.600       0.600       0.600       0.600       0.600       0.600       0.600       0.600       0.600
c_b            0.600       0.600       0.600       0.600       0.600       0.600       0.600       0.600       0.600       0.600       0.600       0.600       0.600       0.600       0.600       0.600       0.600
pfb            0.600       0.600       0.600       0.600       0.600       0.600       0.600       0.600       0.600       0.600       0.600       0.600       0.600       0.600       0.600       0.600       0.600
ocr            0.600       0.600       0.600       0.600       0.600       0.600       0.600       0.600       0.600       0.600       0.600       0.600       0.600       0.600       0.600       0.600       0.600
ctl            0.600       0.600       0.600       0.600       0.600       0.600       0.600       0.600       0.600       0.600       0.600       0.600       0.600       0.600       0.600       0.600       0.600
oap            0.600       0.600       0.600       0.600       0.600       0.600       0.600       0.600       0.600       0.600       0.600       0.600       0.600       0.600       0.600       0.600       0.600
rmk            0.600       0.600       0.600       0.600       0.600       0.600       0.600       0.600       0.600       0.600       0.600       0.600       0.600       0.600       0.600       0.600       0.600
wol            0.600       0.600       0.600       0.600       0.600       0.600       0.600       0.600       0.600       0.600       0.600       0.600       0.600       0.600       0.600       0.600       0.600
frs            0.600       0.600       0.600       0.600       0.600       0.600       0.600       0.600       0.600       0.600       0.600       0.600       0.600       0.600       0.600       0.600       0.600
fsh            0.600       0.600       0.600       0.600       0.600       0.600       0.600       0.600       0.600       0.600       0.600       0.600       0.600       0.600       0.600       0.600       0.600
coa            0.800       0.800       0.800       0.800       0.800       0.800       0.800       0.800       0.800       0.800       0.800       0.800       0.800       0.800       0.800       0.800       0.800
oil            0.800       0.800       0.800       0.800       0.800       0.800       0.800       0.800       0.800       0.800       0.800       0.800       0.800       0.800       0.800       0.800       0.800
gas            0.800       0.800       0.800       0.800       0.800       0.800       0.800       0.800       0.800       0.800       0.800       0.800       0.800       0.800       0.800       0.800       0.800
oxt            1.100       1.100       1.100       1.100       1.100       1.100       1.100       1.100       1.100       1.100       1.100       1.100       1.100       1.100       1.100       1.100       1.100
cmt            1.100       1.100       1.100       1.100       1.100       1.100       1.100       1.100       1.100       1.100       1.100       1.100       1.100       1.100       1.100       1.100       1.100
omt            1.100       1.100       1.100       1.100       1.100       1.100       1.100       1.100       1.100       1.100       1.100       1.100       1.100       1.100       1.100       1.100       1.100
vol            1.100       1.100       1.100       1.100       1.100       1.100       1.100       1.100       1.100       1.100       1.100       1.100       1.100       1.100       1.100       1.100       1.100
mil            1.100       1.100       1.100       1.100       1.100       1.100       1.100       1.100       1.100       1.100       1.100       1.100       1.100       1.100       1.100       1.100       1.100
pcr            1.100       1.100       1.100       1.100       1.100       1.100       1.100       1.100       1.100       1.100       1.100       1.100       1.100       1.100       1.100       1.100       1.100
sgr            1.100       1.100       1.100       1.100       1.100       1.100       1.100       1.100       1.100       1.100       1.100       1.100       1.100       1.100       1.100       1.100       1.100
ofd            1.100       1.100       1.100       1.100       1.100       1.100       1.100       1.100       1.100       1.100       1.100       1.100       1.100       1.100       1.100       1.100       1.100
b_t            1.100       1.100       1.100       1.100       1.100       1.100       1.100       1.100       1.100       1.100       1.100       1.100       1.100       1.100       1.100       1.100       1.100
tex            1.100       1.100       1.100       1.100       1.100       1.100       1.100       1.100       1.100       1.100       1.100       1.100       1.100       1.100       1.100       1.100       1.100
wap            1.100       1.100       1.100       1.100       1.100       1.100       1.100       1.100       1.100       1.100       1.100       1.100       1.100       1.100       1.100       1.100       1.100
lea            1.100       1.100       1.100       1.100       1.100       1.100       1.100       1.100       1.100       1.100       1.100       1.100       1.100       1.100       1.100       1.100       1.100
lum            1.100       1.100       1.100       1.100       1.100       1.100       1.100       1.100       1.100       1.100       1.100       1.100       1.100       1.100       1.100       1.100       1.100
ppp            1.100       1.100       1.100       1.100       1.100       1.100       1.100       1.100       1.100       1.100       1.100       1.100       1.100       1.100       1.100       1.100       1.100
p_c            0.800       0.800       0.800       0.800       0.800       0.800       0.800       0.800       0.800       0.800       0.800       0.800       0.800       0.800       0.800       0.800       0.800
chm            1.100       1.100       1.100       1.100       1.100       1.100       1.100       1.100       1.100       1.100       1.100       1.100       1.100       1.100       1.100       1.100       1.100
bph            1.100       1.100       1.100       1.100       1.100       1.100       1.100       1.100       1.100       1.100       1.100       1.100       1.100       1.100       1.100       1.100       1.100
rpp            1.100       1.100       1.100       1.100       1.100       1.100       1.100       1.100       1.100       1.100       1.100       1.100       1.100       1.100       1.100       1.100       1.100
nmm            1.100       1.100       1.100       1.100       1.100       1.100       1.100       1.100       1.100       1.100       1.100       1.100       1.100       1.100       1.100       1.100       1.100
i_s            1.100       1.100       1.100       1.100       1.100       1.100       1.100       1.100       1.100       1.100       1.100       1.100       1.100       1.100       1.100       1.100       1.100
nfm            1.100       1.100       1.100       1.100       1.100       1.100       1.100       1.100       1.100       1.100       1.100       1.100       1.100       1.100       1.100       1.100       1.100
fmp            1.100       1.100       1.100       1.100       1.100       1.100       1.100       1.100       1.100       1.100       1.100       1.100       1.100       1.100       1.100       1.100       1.100
ele            1.100       1.100       1.100       1.100       1.100       1.100       1.100       1.100       1.100       1.100       1.100       1.100       1.100       1.100       1.100       1.100       1.100
eeq            1.100       1.100       1.100       1.100       1.100       1.100       1.100       1.100       1.100       1.100       1.100       1.100       1.100       1.100       1.100       1.100       1.100
ome            1.100       1.100       1.100       1.100       1.100       1.100       1.100       1.100       1.100       1.100       1.100       1.100       1.100       1.100       1.100       1.100       1.100
mvh            1.100       1.100       1.100       1.100       1.100       1.100       1.100       1.100       1.100       1.100       1.100       1.100       1.100       1.100       1.100       1.100       1.100
otn            1.100       1.100       1.100       1.100       1.100       1.100       1.100       1.100       1.100       1.100       1.100       1.100       1.100       1.100       1.100       1.100       1.100
omf            1.100       1.100       1.100       1.100       1.100       1.100       1.100       1.100       1.100       1.100       1.100       1.100       1.100       1.100       1.100       1.100       1.100
TnD            0.100       0.100       0.100       0.100       0.100       0.100       0.100       0.100       0.100       0.100       0.100       0.100       0.100       0.100       0.100       0.100       0.100
eNuclear       0.100       0.100       0.100       0.100       0.100       0.100       0.100       0.100       0.100       0.100       0.100       0.100       0.100       0.100       0.100       0.100       0.100
eCoal          0.100       0.100       0.100       0.100       0.100       0.100       0.100       0.100       0.100       0.100       0.100       0.100       0.100       0.100       0.100       0.100       0.100
eGas           0.100       0.100       0.100       0.100       0.100       0.100       0.100       0.100       0.100       0.100       0.100       0.100       0.100       0.100       0.100       0.100       0.100
eWind          0.100       0.100       0.100       0.100       0.100       0.100       0.100       0.100       0.100       0.100       0.100       0.100       0.100       0.100       0.100       0.100       0.100
eHydro         0.100       0.100       0.100       0.100       0.100       0.100       0.100       0.100       0.100       0.100       0.100       0.100       0.100       0.100       0.100       0.100       0.100
eOil           0.100       0.100       0.100       0.100       0.100       0.100       0.100       0.100       0.100       0.100       0.100       0.100       0.100       0.100       0.100       0.100       0.100
eOther         0.100       0.100       0.100       0.100       0.100       0.100       0.100       0.100       0.100       0.100       0.100       0.100       0.100       0.100       0.100       0.100       0.100
eSolar         0.100       0.100       0.100       0.100       0.100       0.100       0.100       0.100       0.100       0.100       0.100       0.100       0.100       0.100       0.100       0.100       0.100
gdt            0.800       0.800       0.800       0.800       0.800       0.800       0.800       0.800       0.800       0.800       0.800       0.800       0.800       0.800       0.800       0.800       0.800
wtr            1.100       1.100       1.100       1.100       1.100       1.100       1.100       1.100       1.100       1.100       1.100       1.100       1.100       1.100       1.100       1.100       1.100
cns            1.100       1.100       1.100       1.100       1.100       1.100       1.100       1.100       1.100       1.100       1.100       1.100       1.100       1.100       1.100       1.100       1.100
trd            1.100       1.100       1.100       1.100       1.100       1.100       1.100       1.100       1.100       1.100       1.100       1.100       1.100       1.100       1.100       1.100       1.100
afs            1.100       1.100       1.100       1.100       1.100       1.100       1.100       1.100       1.100       1.100       1.100       1.100       1.100       1.100       1.100       1.100       1.100
otp            1.100       1.100       1.100       1.100       1.100       1.100       1.100       1.100       1.100       1.100       1.100       1.100       1.100       1.100       1.100       1.100       1.100
wtp            1.100       1.100       1.100       1.100       1.100       1.100       1.100       1.100       1.100       1.100       1.100       1.100       1.100       1.100       1.100       1.100       1.100
atp            1.100       1.100       1.100       1.100       1.100       1.100       1.100       1.100       1.100       1.100       1.100       1.100       1.100       1.100       1.100       1.100       1.100
whs            1.100       1.100       1.100       1.100       1.100       1.100       1.100       1.100       1.100       1.100       1.100       1.100       1.100       1.100       1.100       1.100       1.100
cmn            1.100       1.100       1.100       1.100       1.100       1.100       1.100       1.100       1.100       1.100       1.100       1.100       1.100       1.100       1.100       1.100       1.100
ofi            1.100       1.100       1.100       1.100       1.100       1.100       1.100       1.100       1.100       1.100       1.100       1.100       1.100       1.100       1.100       1.100       1.100
ins            1.100       1.100       1.100       1.100       1.100       1.100       1.100       1.100       1.100       1.100       1.100       1.100       1.100       1.100       1.100       1.100       1.100
rsa            1.100       1.100       1.100       1.100       1.100       1.100       1.100       1.100       1.100       1.100       1.100       1.100       1.100       1.100       1.100       1.100       1.100
obs            1.100       1.100       1.100       1.100       1.100       1.100       1.100       1.100       1.100       1.100       1.100       1.100       1.100       1.100       1.100       1.100       1.100
ros            1.100       1.100       1.100       1.100       1.100       1.100       1.100       1.100       1.100       1.100       1.100       1.100       1.100       1.100       1.100       1.100       1.100
osg            1.100       1.100       1.100       1.100       1.100       1.100       1.100       1.100       1.100       1.100       1.100       1.100       1.100       1.100       1.100       1.100       1.100
edu            1.100       1.100       1.100       1.100       1.100       1.100       1.100       1.100       1.100       1.100       1.100       1.100       1.100       1.100       1.100       1.100       1.100
hht            1.100       1.100       1.100       1.100       1.100       1.100       1.100       1.100       1.100       1.100       1.100       1.100       1.100       1.100       1.100       1.100       1.100
dwe            1.100       1.100       1.100       1.100       1.100       1.100       1.100       1.100       1.100       1.100       1.100       1.100       1.100       1.100       1.100       1.100       1.100


----   1165 PARAMETER g_GDP  GDP growth

              2019        2020        2021        2022        2023        2024        2025        2026        2027        2028        2029        2030        2031        2032        2033        2034        2035        2036        2037        2038        2039        2040        2041        2042        2043        2044        2045        2046        2047        2048        2049        2050        2051        2052        2053        2054        2055        2056        2057        2058        2059        2060        2061        2062        2063        2064        2065        2066        2067        2068        2069        2070        2071        2072        2073        2074        2075        2076        2077        2078        2079        2080        2081        2082        2083        2084        2085        2086        2087        2088        2089        2090        2091        2092        2093        2094        2095        2096        2097        2098        2099

01_KOR       0.022      -0.007       0.043       0.015       0.015       0.015       0.014       0.020       0.019       0.019       0.019       0.018       0.013       0.013       0.013       0.013       0.012       0.009       0.009       0.009       0.009       0.008       0.006       0.006       0.006       0.006       0.006       0.004       0.004       0.004       0.004       0.004       0.002       0.002       0.002       0.002       0.002 -7.81364E-5 -7.81425E-5 -7.81486E-5 -7.81547E-5 -7.81608E-5      -0.001      -0.001      -0.001      -0.001      -0.001      -0.002      -0.002      -0.002      -0.002      -0.002      -0.003      -0.003      -0.003      -0.003      -0.003      -0.004      -0.004      -0.004      -0.004      -0.004      -0.005      -0.005      -0.005      -0.005      -0.005      -0.005      -0.005      -0.005      -0.005      -0.006      -0.006      -0.006      -0.006      -0.006      -0.006      -0.006      -0.006      -0.006      -0.007
02_CHN       0.058       0.021       0.084       0.052       0.049       0.047       0.045       0.040       0.039       0.037       0.036       0.035       0.030       0.029       0.029       0.028       0.027       0.021       0.021       0.020       0.020       0.019       0.018       0.018       0.018       0.017       0.017       0.015       0.015       0.015       0.015       0.015       0.012       0.012       0.012       0.012       0.012       0.011       0.011       0.011       0.011       0.011       0.010       0.010       0.010       0.010       0.010       0.008       0.008       0.008       0.008       0.008       0.006       0.006       0.005       0.005       0.005       0.004       0.004       0.004       0.004       0.004       0.003       0.003       0.003       0.003       0.003       0.002       0.002       0.002       0.002       0.002       0.002       0.002       0.002       0.002       0.002       0.001       0.001       0.001       0.001
03_JPN      -0.004      -0.043       0.021       0.016       0.016       0.015       0.015       0.008       0.008       0.008       0.008       0.008       0.009       0.008       0.008       0.008       0.008       0.007       0.007       0.007       0.007       0.007       0.007       0.007       0.007       0.007       0.007       0.007       0.007       0.007       0.007       0.007       0.007       0.007       0.006       0.006       0.006       0.006       0.006       0.006       0.006       0.006       0.005       0.005       0.005       0.005       0.005       0.004       0.004       0.004       0.004       0.004       0.003       0.003       0.003       0.003       0.003       0.003       0.003       0.003       0.003       0.003       0.002       0.002       0.002       0.002       0.002       0.002       0.002       0.002       0.002       0.002       0.002       0.002       0.002       0.002       0.002       0.001       0.001       0.001       0.001
04_RUS       0.022      -0.027       0.056      -0.011      -0.011      -0.011      -0.011       0.015       0.015       0.015       0.014       0.014       0.019       0.019       0.019       0.018       0.018       0.018       0.018       0.018       0.017       0.017       0.017       0.017       0.016       0.016       0.016       0.016       0.016       0.015       0.015       0.015       0.016       0.016       0.016       0.015       0.015       0.017       0.017       0.017       0.016       0.016       0.017       0.017       0.016       0.016       0.016       0.016       0.016       0.016       0.015       0.015       0.015       0.015       0.015       0.014       0.014       0.014       0.014       0.014       0.014       0.014       0.014       0.014       0.014       0.013       0.013       0.014       0.014       0.014       0.013       0.013       0.014       0.014       0.014       0.013       0.013       0.013       0.013       0.013       0.013
05_MNG       0.056      -0.046       0.016       0.050       0.047       0.045       0.043       0.041       0.039       0.038       0.036       0.035       0.041       0.040       0.038       0.037       0.036       0.037       0.036       0.035       0.034       0.032       0.035       0.033       0.032       0.031       0.030       0.034       0.032       0.031       0.030       0.030       0.033       0.032       0.031       0.030       0.029       0.033       0.032       0.031       0.030       0.029       0.033       0.032       0.031       0.030       0.029       0.031       0.030       0.029       0.028       0.028       0.029       0.028       0.027       0.027       0.026       0.027       0.026       0.026       0.025       0.024       0.026       0.025       0.024       0.024       0.023       0.024       0.024       0.023       0.023       0.022       0.023       0.023       0.022       0.022       0.021       0.022       0.022       0.021       0.021
06_PRK       0.004      -0.045      -0.001      -0.007      -0.007      -0.007      -0.007      -0.007      -0.007      -0.007      -0.007      -0.007      -0.007      -0.007      -0.007      -0.007      -0.007      -0.007      -0.007      -0.007      -0.007      -0.007      -0.007      -0.007      -0.007      -0.007      -0.007      -0.007      -0.007      -0.007      -0.007      -0.007      -0.007      -0.007      -0.007      -0.007      -0.007      -0.007      -0.007      -0.007      -0.007      -0.007      -0.007      -0.007      -0.007      -0.007      -0.007      -0.007      -0.007      -0.007      -0.007      -0.007      -0.007      -0.007      -0.007      -0.007      -0.007      -0.007      -0.007      -0.007      -0.007      -0.007      -0.007      -0.007      -0.007      -0.007      -0.007      -0.007      -0.007      -0.007      -0.007      -0.007      -0.007      -0.007      -0.007      -0.007      -0.007      -0.007      -0.007      -0.007      -0.007
07_NAM       0.023      -0.030       0.058       0.015       0.014       0.014       0.014       0.020       0.019       0.019       0.018       0.018       0.016       0.016       0.016       0.016       0.015       0.014       0.014       0.014       0.014       0.014       0.013       0.013       0.013       0.013       0.013       0.012       0.012       0.012       0.012       0.012       0.012       0.012       0.012       0.011       0.011       0.011       0.011       0.011       0.011       0.011       0.011       0.011       0.011       0.011       0.011       0.010       0.010       0.010       0.010       0.010       0.010       0.010       0.010       0.009       0.009       0.009       0.009       0.009       0.009       0.009       0.008       0.008       0.008       0.008       0.008       0.008       0.008       0.008       0.008       0.008       0.007       0.007       0.007       0.007       0.007       0.007       0.007       0.007       0.007
08_LAM       0.008      -0.067       0.074       0.018       0.018       0.017       0.017       0.027       0.026       0.025       0.025       0.024       0.030       0.030       0.029       0.028       0.027       0.031       0.030       0.029       0.029       0.028       0.031       0.030       0.029       0.028       0.027       0.029       0.029       0.028       0.027       0.026       0.028       0.027       0.026       0.026       0.025       0.026       0.025       0.024       0.024       0.023       0.024       0.024       0.023       0.023       0.022       0.022       0.022       0.021       0.021       0.020       0.020       0.020       0.020       0.019       0.019       0.019       0.018       0.018       0.018       0.017       0.017       0.017       0.016       0.016       0.016       0.015       0.015       0.015       0.015       0.014       0.014       0.014       0.014       0.014       0.013       0.013       0.013       0.013       0.013
09_WEU       0.015      -0.057       0.069       0.005       0.005       0.005       0.005       0.019       0.018       0.018       0.018       0.017       0.018       0.017       0.017       0.017       0.016       0.017       0.016       0.016       0.016       0.016       0.016       0.016       0.015       0.015       0.015       0.015       0.014       0.014       0.014       0.014       0.014       0.013       0.013       0.013       0.013       0.013       0.013       0.012       0.012       0.012       0.012       0.012       0.011       0.011       0.011       0.010       0.010       0.010       0.010       0.010       0.009       0.009       0.009       0.009       0.009       0.008       0.008       0.008       0.008       0.008       0.007       0.007       0.007       0.007       0.007       0.006       0.006       0.006       0.006       0.006       0.006       0.005       0.005       0.005       0.005       0.005       0.005       0.005       0.005
10_EEU       0.039      -0.034       0.066       0.016       0.016       0.015       0.015       0.030       0.029       0.028       0.027       0.026       0.021       0.021       0.020       0.020       0.019       0.016       0.015       0.015       0.015       0.015       0.011       0.011       0.011       0.011       0.011       0.009       0.009       0.009       0.008       0.008       0.007       0.007       0.007       0.007       0.007       0.007       0.007       0.007       0.007       0.007       0.006       0.006       0.006       0.006       0.006       0.005       0.005       0.005       0.005       0.005       0.004       0.004       0.004       0.004       0.004       0.004       0.004       0.004       0.004       0.004       0.003       0.003       0.003       0.003       0.003       0.003       0.003       0.003       0.003       0.003       0.003       0.003       0.003       0.003       0.003       0.003       0.003       0.003       0.003
11_FSU       0.041      -0.025       0.049       0.020       0.020       0.020       0.019       0.039       0.038       0.036       0.035       0.034       0.036       0.035       0.034       0.033       0.032       0.031       0.030       0.029       0.028       0.027       0.026       0.025       0.025       0.024       0.024       0.023       0.023       0.022       0.022       0.021       0.022       0.022       0.021       0.021       0.020       0.022       0.021       0.021       0.021       0.020       0.021       0.021       0.021       0.020       0.020       0.020       0.020       0.020       0.019       0.019       0.019       0.019       0.018       0.018       0.018       0.018       0.018       0.018       0.017       0.017       0.018       0.017       0.017       0.017       0.016       0.017       0.017       0.017       0.017       0.016       0.017       0.017       0.016       0.016       0.016       0.016       0.016       0.016       0.016
12_MEA       0.009      -0.032       0.043       0.039       0.037       0.036       0.035       0.041       0.040       0.038       0.037       0.036       0.039       0.037       0.036       0.035       0.034       0.036       0.035       0.034       0.033       0.032       0.034       0.033       0.032       0.031       0.030       0.031       0.031       0.030       0.029       0.028       0.030       0.029       0.028       0.028       0.027       0.029       0.028       0.027       0.027       0.026       0.027       0.027       0.026       0.025       0.025       0.025       0.025       0.024       0.023       0.023       0.023       0.023       0.022       0.022       0.021       0.022       0.021       0.021       0.020       0.020       0.020       0.020       0.020       0.019       0.019       0.019       0.019       0.019       0.018       0.018       0.019       0.018       0.018       0.018       0.017       0.018       0.017       0.017       0.017
13_AFR       0.030      -0.018       0.045       0.042       0.040       0.038       0.037       0.049       0.047       0.045       0.043       0.041       0.057       0.054       0.051       0.049       0.046       0.055       0.052       0.050       0.047       0.045       0.054       0.051       0.049       0.046       0.044       0.053       0.050       0.048       0.045       0.044       0.051       0.049       0.047       0.045       0.043       0.050       0.047       0.045       0.043       0.042       0.048       0.046       0.044       0.042       0.040       0.046       0.044       0.042       0.040       0.039       0.043       0.042       0.040       0.038       0.037       0.041       0.039       0.038       0.037       0.035       0.039       0.037       0.036       0.035       0.033       0.036       0.035       0.034       0.033       0.032       0.034       0.033       0.032       0.031       0.030       0.032       0.031       0.030       0.030
14_CPA       0.072       0.024       0.026       0.068       0.063       0.060       0.056       0.076       0.071       0.066       0.062       0.059       0.062       0.059       0.055       0.052       0.050       0.045       0.043       0.042       0.040       0.038       0.036       0.034       0.033       0.032       0.031       0.029       0.029       0.028       0.027       0.026       0.026       0.025       0.024       0.024       0.023       0.023       0.022       0.022       0.021       0.021       0.020       0.020       0.020       0.019       0.019       0.018       0.018       0.018       0.017       0.017       0.016       0.015       0.015       0.015       0.015       0.013       0.013       0.013       0.013       0.013       0.012       0.012       0.012       0.011       0.011       0.011       0.011       0.011       0.011       0.011       0.010       0.010       0.010       0.010       0.010       0.010       0.010       0.010       0.010
15_SAS       0.040      -0.046       0.084       0.062       0.058       0.055       0.052       0.065       0.061       0.057       0.054       0.052       0.053       0.051       0.048       0.046       0.044       0.046       0.044       0.042       0.041       0.039       0.041       0.040       0.038       0.037       0.035       0.038       0.036       0.035       0.034       0.033       0.035       0.034       0.032       0.031       0.030       0.032       0.031       0.030       0.029       0.028       0.030       0.029       0.028       0.027       0.026       0.027       0.026       0.025       0.025       0.024       0.024       0.024       0.023       0.023       0.022       0.022       0.021       0.021       0.020       0.020       0.020       0.019       0.019       0.019       0.018       0.018       0.017       0.017       0.017       0.017       0.016       0.016       0.016       0.016       0.015       0.015       0.015       0.015       0.014
16_PAS       0.042      -0.051       0.034       0.102       0.093       0.085       0.078       0.043       0.041       0.040       0.038       0.037       0.035       0.034       0.033       0.032       0.031       0.029       0.028       0.027       0.026       0.026       0.024       0.024       0.023       0.023       0.022       0.021       0.021       0.020       0.020       0.019       0.019       0.019       0.019       0.018       0.018       0.018       0.018       0.017       0.017       0.017       0.017       0.016       0.016       0.016       0.016       0.015       0.015       0.015       0.015       0.014       0.014       0.014       0.014       0.013       0.013       0.013       0.013       0.012       0.012       0.012       0.012       0.012       0.011       0.011       0.011       0.011       0.011       0.011       0.010       0.010       0.010       0.010       0.010       0.010       0.010       0.009       0.009       0.009       0.009
17_PAO       0.022      -0.004       0.026       0.018       0.018       0.017       0.017       0.028       0.027       0.026       0.025       0.025       0.026       0.025       0.025       0.024       0.023       0.024       0.024       0.023       0.023       0.022       0.023       0.023       0.022       0.022       0.021       0.022       0.021       0.021       0.020       0.020       0.020       0.019       0.019       0.019       0.018       0.019       0.018       0.018       0.018       0.017       0.018       0.017       0.017       0.017       0.017       0.016       0.016       0.016       0.016       0.015       0.015       0.015       0.014       0.014       0.014       0.013       0.013       0.013       0.013       0.013       0.012       0.012       0.012       0.011       0.011       0.011       0.010       0.010       0.010       0.010       0.009       0.009       0.009       0.009       0.009       0.008       0.008       0.008       0.008


----   1181 PARAMETER g_POP  Population growth rate

              2019        2020        2021        2022        2023        2024        2025        2026        2027        2028        2029        2030        2031        2032        2033        2034        2035        2036        2037        2038        2039        2040        2041        2042        2043        2044        2045        2046        2047        2048        2049        2050        2051        2052        2053        2054        2055        2056        2057        2058        2059        2060        2061        2062        2063        2064        2065        2066        2067        2068        2069        2070        2071        2072        2073        2074        2075        2076        2077        2078        2079        2080        2081        2082        2083        2084        2085        2086        2087        2088        2089        2090        2091        2092        2093        2094        2095        2096        2097        2098        2099

01_KOR       0.003       0.002      -0.001      -0.001      -0.001      -0.001      -0.001      -0.002      -0.002      -0.002      -0.002      -0.002      -0.003      -0.003      -0.003      -0.003      -0.003      -0.004      -0.004      -0.004      -0.004      -0.004      -0.005      -0.005      -0.005      -0.005      -0.005      -0.006      -0.006      -0.006      -0.006      -0.006      -0.008      -0.008      -0.008      -0.008      -0.008      -0.010      -0.010      -0.010      -0.010      -0.010      -0.010      -0.010      -0.011      -0.011      -0.011      -0.011      -0.011      -0.011      -0.011      -0.011      -0.011      -0.011      -0.011      -0.011      -0.011      -0.010      -0.011      -0.011      -0.011      -0.011      -0.010      -0.011      -0.011      -0.011      -0.011      -0.011      -0.011      -0.011      -0.011      -0.011      -0.011      -0.011      -0.011      -0.011      -0.011      -0.011      -0.011      -0.011      -0.011
02_CHN       0.004       0.011 3.362421E-4 3.361291E-4 3.360162E-4 3.359033E-4 3.357905E-4      -0.001      -0.001      -0.001      -0.001      -0.001      -0.002      -0.002      -0.002      -0.002      -0.002      -0.003      -0.003      -0.003      -0.003      -0.003      -0.004      -0.004      -0.004      -0.004      -0.004      -0.006      -0.006      -0.006      -0.006      -0.006      -0.007      -0.007      -0.007      -0.008      -0.008      -0.009      -0.009      -0.009      -0.009      -0.009      -0.009      -0.009      -0.010      -0.010      -0.010      -0.010      -0.010      -0.010      -0.010      -0.010      -0.010      -0.010      -0.010      -0.010      -0.010      -0.010      -0.010      -0.010      -0.010      -0.010      -0.010      -0.010      -0.011      -0.011      -0.011      -0.010      -0.010      -0.010      -0.011      -0.011      -0.010      -0.010      -0.010      -0.010      -0.010      -0.010      -0.010      -0.010      -0.010
03_JPN      -0.001      -0.009      -0.005      -0.005      -0.005      -0.005      -0.005      -0.005      -0.005      -0.005      -0.005      -0.005      -0.006      -0.006      -0.006      -0.006      -0.006      -0.006      -0.006      -0.006      -0.006      -0.006      -0.006      -0.006      -0.006      -0.006      -0.006      -0.006      -0.006      -0.006      -0.006      -0.006      -0.006      -0.006      -0.006      -0.006      -0.006      -0.006      -0.006      -0.006      -0.006      -0.006      -0.007      -0.007      -0.007      -0.007      -0.007      -0.007      -0.007      -0.007      -0.007      -0.007      -0.008      -0.008      -0.008      -0.008      -0.008      -0.007      -0.007      -0.007      -0.008      -0.008      -0.007      -0.007      -0.007      -0.007      -0.007      -0.007      -0.007      -0.007      -0.007      -0.007      -0.007      -0.007      -0.007      -0.007      -0.007      -0.007      -0.007      -0.007      -0.007
04_RUS -4.95564E-4       0.009      -0.001      -0.001      -0.001      -0.001      -0.001      -0.003      -0.003      -0.003      -0.003      -0.003      -0.003      -0.003      -0.003      -0.003      -0.003      -0.002      -0.002      -0.002      -0.002      -0.002      -0.001      -0.001      -0.001      -0.001      -0.001      -0.001      -0.001      -0.001      -0.001      -0.001      -0.001      -0.001      -0.001      -0.001      -0.001      -0.001      -0.001      -0.001      -0.001      -0.001      -0.002      -0.002      -0.002      -0.002      -0.002      -0.002      -0.002      -0.002      -0.002      -0.002      -0.002      -0.002      -0.002      -0.002      -0.002      -0.002      -0.002      -0.002      -0.002      -0.002      -0.002      -0.002      -0.002      -0.002      -0.002      -0.002      -0.002      -0.002      -0.002      -0.002      -0.002      -0.002      -0.002      -0.002      -0.002      -0.003      -0.003      -0.003      -0.003
05_MNG       0.022       0.011       0.015       0.015       0.014       0.014       0.014       0.012       0.012       0.012       0.012       0.012       0.011       0.011       0.011       0.011       0.011       0.011       0.011       0.010       0.010       0.010       0.010       0.010       0.010       0.010       0.010       0.009       0.009       0.009       0.009       0.009       0.008       0.008       0.008       0.008       0.008       0.006       0.006       0.006       0.006       0.006       0.005       0.005       0.005       0.005       0.005       0.004       0.004       0.004       0.004       0.004       0.003       0.003       0.003       0.003       0.003       0.003       0.003       0.003       0.003       0.003       0.002       0.002       0.002       0.002       0.002       0.002       0.002       0.002       0.002       0.002       0.001       0.001       0.001       0.001       0.001       0.001       0.001       0.001       0.001
06_PRK       0.005       0.002       0.005       0.005       0.004       0.004       0.004       0.001       0.001       0.001       0.001       0.001      -0.001      -0.001      -0.001      -0.001      -0.001      -0.002      -0.002      -0.002      -0.002      -0.002      -0.003      -0.003      -0.003      -0.003      -0.003      -0.004      -0.004      -0.004      -0.004      -0.004      -0.004      -0.004      -0.004      -0.004      -0.004      -0.005      -0.005      -0.005      -0.005      -0.005      -0.006      -0.006      -0.006      -0.006      -0.007      -0.007      -0.007      -0.007      -0.007      -0.007      -0.007      -0.007      -0.007      -0.007      -0.007      -0.007      -0.007      -0.007      -0.007      -0.007      -0.007      -0.007      -0.007      -0.007      -0.007      -0.008      -0.008      -0.008      -0.008      -0.008      -0.008      -0.008      -0.008      -0.008      -0.008      -0.008      -0.008      -0.008      -0.009
07_NAM       0.006       0.020       0.004       0.004       0.004       0.004       0.004       0.004       0.004       0.004       0.004       0.004       0.004       0.004       0.004       0.004       0.004       0.004       0.004       0.004       0.004       0.004       0.003       0.003       0.003       0.003       0.003       0.003       0.003       0.003       0.003       0.003       0.003       0.003       0.003       0.003       0.003       0.003       0.003       0.003       0.003       0.003       0.002       0.002       0.002       0.002       0.002       0.002       0.002       0.002       0.002       0.002       0.002       0.002       0.002       0.002       0.002       0.001       0.001       0.001       0.001       0.001       0.001       0.001       0.001       0.001       0.001 2.034209E-4 2.033795E-4 2.033382E-4 2.032968E-4 2.032555E-4 -2.25503E-4 -2.25554E-4 -2.25605E-4 -2.25656E-4 -2.25707E-4      -0.001      -0.001      -0.001      -0.001
08_LAM       0.011       0.006       0.007       0.007       0.007       0.007       0.007       0.007       0.007       0.007       0.007       0.006       0.005       0.005       0.005       0.005       0.005       0.004       0.004       0.004       0.004       0.004       0.003       0.003       0.003       0.003       0.003       0.002       0.002       0.002       0.002       0.002       0.001       0.001       0.001       0.001       0.001 -1.50845E-4 -1.50868E-4 -1.50891E-4 -1.50914E-4 -1.50936E-4      -0.001      -0.001      -0.001      -0.001      -0.001      -0.002      -0.002      -0.002      -0.002      -0.002      -0.002      -0.002      -0.002      -0.002      -0.002      -0.003      -0.003      -0.003      -0.003      -0.003      -0.003      -0.003      -0.003      -0.003      -0.003      -0.004      -0.004      -0.004      -0.004      -0.004      -0.004      -0.004      -0.004      -0.004      -0.004      -0.004      -0.004      -0.004      -0.004
09_WEU       0.004      -0.002       0.002       0.002       0.002       0.002       0.002       0.002       0.002       0.002       0.002       0.002       0.001       0.001       0.001       0.001       0.001       0.001       0.001       0.001       0.001       0.001       0.001       0.001       0.001       0.001       0.001       0.001       0.001       0.001       0.001       0.001 4.894598E-4 4.892203E-4 4.889811E-4 4.887421E-4 4.885034E-4 -4.00360E-5 -4.00376E-5 -4.00392E-5 -4.00408E-5 -4.00424E-5 -4.64739E-4 -4.64956E-4 -4.65172E-4 -4.65388E-4 -4.65605E-4      -0.001      -0.001      -0.001      -0.001      -0.001      -0.001      -0.001      -0.001      -0.001      -0.001      -0.001      -0.001      -0.001      -0.001      -0.001      -0.001      -0.001      -0.001      -0.001      -0.001      -0.001      -0.001      -0.001      -0.001      -0.001      -0.002      -0.002      -0.002      -0.002      -0.002      -0.002      -0.002      -0.002      -0.002
10_EEU      -0.002       0.010      -0.002      -0.002      -0.002      -0.002      -0.002      -0.005      -0.005      -0.005      -0.005      -0.005      -0.005      -0.005      -0.005      -0.005      -0.005      -0.005      -0.005      -0.005      -0.005      -0.005      -0.005      -0.005      -0.005      -0.005      -0.005      -0.005      -0.005      -0.005      -0.005      -0.005      -0.005      -0.005      -0.005      -0.005      -0.005      -0.005      -0.005      -0.005      -0.005      -0.005      -0.005      -0.005      -0.005      -0.005      -0.005      -0.005      -0.005      -0.005      -0.005      -0.005      -0.005      -0.005      -0.005      -0.005      -0.006      -0.005      -0.005      -0.005      -0.005      -0.005      -0.005      -0.005      -0.005      -0.005      -0.005      -0.004      -0.004      -0.005      -0.005      -0.005      -0.004      -0.004      -0.004      -0.004      -0.004      -0.004      -0.004      -0.004      -0.004
11_FSU       0.007       0.051      -0.003      -0.003      -0.003      -0.003      -0.003       0.007       0.007       0.007       0.007       0.007       0.006       0.006       0.006       0.006       0.006       0.005       0.005       0.005       0.005       0.005       0.004       0.004       0.004       0.004       0.004       0.003       0.003       0.003       0.003       0.003       0.002       0.002       0.002       0.002       0.002       0.001       0.001       0.001       0.001       0.001 4.037447E-4 4.035818E-4 4.034190E-4 4.032563E-4 4.030937E-4 -3.39743E-5 -3.39755E-5 -3.39766E-5 -3.39778E-5 -3.39789E-5 -3.70306E-4 -3.70443E-4 -3.70581E-4 -3.70718E-4 -3.70855E-4      -0.001      -0.001      -0.001      -0.001      -0.001      -0.001      -0.001      -0.001      -0.001      -0.001      -0.001      -0.001      -0.001      -0.001      -0.001      -0.001      -0.001      -0.001      -0.001      -0.001      -0.002      -0.002      -0.002      -0.002
12_MEA       0.017       0.009       0.016       0.016       0.016       0.016       0.015       0.015       0.015       0.014       0.014       0.014       0.013       0.013       0.013       0.013       0.012       0.012       0.012       0.011       0.011       0.011       0.010       0.010       0.010       0.010       0.010       0.009       0.009       0.009       0.009       0.009       0.007       0.007       0.007       0.007       0.007       0.006       0.006       0.006       0.006       0.006       0.004       0.004       0.004       0.004       0.004       0.003       0.003       0.003       0.003       0.003       0.002       0.002       0.002       0.002       0.002       0.001       0.001       0.001       0.001       0.001       0.001       0.001       0.001       0.001       0.001 1.457431E-4 1.457218E-4 1.457006E-4 1.456794E-4 1.456582E-4 -3.76305E-4 -3.76447E-4 -3.76588E-4 -3.76730E-4 -3.76872E-4      -0.001      -0.001      -0.001      -0.001
13_AFR       0.027      -0.011       0.027       0.026       0.025       0.025       0.024       0.025       0.025       0.024       0.024       0.023       0.023       0.023       0.022       0.022       0.021       0.022       0.021       0.021       0.020       0.020       0.020       0.019       0.019       0.019       0.018       0.018       0.018       0.017       0.017       0.017       0.016       0.016       0.015       0.015       0.015       0.014       0.014       0.014       0.013       0.013       0.012       0.012       0.012       0.012       0.012       0.011       0.010       0.010       0.010       0.010       0.009       0.009       0.009       0.009       0.009       0.008       0.007       0.007       0.007       0.007       0.006       0.006       0.006       0.006       0.006       0.005       0.005       0.005       0.005       0.005       0.004       0.004       0.004       0.004       0.004       0.003       0.003       0.003       0.003
14_CPA       0.010       0.005       0.009       0.008       0.008       0.008       0.008       0.007       0.007       0.007       0.007       0.007       0.005       0.005       0.005       0.005       0.005       0.004       0.004       0.004       0.004       0.004       0.002       0.002       0.002       0.002       0.002       0.001       0.001       0.001       0.001       0.001 4.268291E-4 4.266470E-4 4.264651E-4 4.262833E-4 4.261016E-4      -0.001      -0.001      -0.001      -0.001      -0.001      -0.001      -0.001      -0.001      -0.001      -0.001      -0.002      -0.002      -0.002      -0.002      -0.002      -0.003      -0.003      -0.003      -0.003      -0.003      -0.004      -0.004      -0.004      -0.004      -0.004      -0.004      -0.004      -0.004      -0.004      -0.004      -0.004      -0.004      -0.004      -0.004      -0.004      -0.004      -0.004      -0.004      -0.004      -0.004      -0.004      -0.004      -0.004      -0.004
15_SAS       0.011       0.005       0.010       0.010       0.010       0.010       0.009       0.009       0.009       0.009       0.009       0.009       0.008       0.008       0.008       0.008       0.008       0.006       0.006       0.006       0.006       0.006       0.005       0.005       0.005       0.005       0.005       0.003       0.003       0.003       0.003       0.003       0.002       0.002       0.002       0.002       0.002       0.002       0.002       0.002       0.002       0.001       0.001       0.001       0.001       0.001       0.001 -4.15424E-4 -4.15597E-4 -4.15770E-4 -4.15943E-4 -4.16116E-4      -0.001      -0.001      -0.001      -0.001      -0.001      -0.002      -0.002      -0.002      -0.002      -0.002      -0.003      -0.003      -0.003      -0.003      -0.003      -0.003      -0.003      -0.003      -0.003      -0.003      -0.004      -0.004      -0.004      -0.004      -0.004      -0.004      -0.004      -0.004      -0.004
16_PAS       0.010       0.050       0.008       0.008       0.008       0.008       0.008       0.007       0.007       0.007       0.007       0.007       0.006       0.006       0.006       0.006       0.006       0.004       0.004       0.004       0.004       0.004       0.003       0.003       0.003       0.003       0.003       0.002       0.002       0.002       0.002       0.002       0.001       0.001       0.001       0.001       0.001 -8.83557E-5 -8.83636E-5 -8.83714E-5 -8.83792E-5 -8.83870E-5      -0.001      -0.001      -0.001      -0.001      -0.001      -0.001      -0.001      -0.001      -0.001      -0.001      -0.002      -0.002      -0.002      -0.002      -0.002      -0.003      -0.003      -0.003      -0.003      -0.003      -0.003      -0.003      -0.003      -0.003      -0.003      -0.004      -0.004      -0.004      -0.004      -0.004      -0.004      -0.004      -0.004      -0.004      -0.004      -0.004      -0.004      -0.004      -0.004
17_PAO       0.015       0.008       0.008       0.008       0.008       0.008       0.007       0.007       0.007       0.007       0.007       0.007       0.006       0.006       0.006       0.006       0.006       0.006       0.006       0.006       0.006       0.006       0.006       0.006       0.005       0.005       0.005       0.005       0.005       0.005       0.005       0.005       0.005       0.005       0.005       0.005       0.005       0.004       0.004       0.004       0.004       0.004       0.004       0.004       0.004       0.004       0.004       0.003       0.003       0.003       0.003       0.003       0.003       0.003       0.003       0.003       0.003       0.002       0.002       0.002       0.002       0.002       0.001       0.001       0.001       0.001       0.001 3.988722E-4 3.987132E-4 3.985543E-4 3.983955E-4 3.982368E-4 -2.19363E-4 -2.19411E-4 -2.19459E-4 -2.19507E-4 -2.19556E-4      -0.001      -0.001      -0.001      -0.001



EXECUTION TIME       =        0.468 SECONDS     33 MB  42.5.0 cf11b917 WEX-WEI


USER: Medium MUD - 10 User License                   S220825|0002AO-WIN
      Konkuk University, Dept of Technology Fusion Engineering  DC16297
      License for teaching and research at degree granting institutions


**** FILE SUMMARY

Input      C:\Users\kimc0\GUIDE_GLOBAL_CGE\2.RD_CGE\DATA_GTAP11b.gms
Output     C:\Users\kimc0\GUIDE_GLOBAL_CGE\2.RD_CGE\DATA_GTAP11b.lst
