GAMS 42.5.0  cf11b917 Mar 30, 2023          WEX-WEI x86 64bit/MS Windows - 05/10/24 16:35:52 Page 1
PEP model w-t
World wide model, static version, October 2013


   3   
   4  *==============================================================================*
   5  *                                                                              *
   6  *           Except where otherwise noted, this work is licensed under          *
   7  *               http://creativecommons.org/licenses/by-nc-sa/3.0/              *
   8  *                                                                              *
   9  *                                                                              *
  10  *  You are free to share, to copy, distribute and transmit the work under      *
  11  *  the following conditions:                                                   *
  12  *                                                                              *
  13  *  - Attribution:         You must attribute the work to:                      *
  14  *                         Veronique Robichaud, Andre Lemelin,                  *
  15  *                         Helene Maisonnave and Bernard Decaluwe.              *
  16  *  - Noncommercial:       You may not use this work for commercial purposes.   *
  17  *  - Share Alike:         If you alter, transform, or build upon this work,    *
  18  *                         you may distribute the resulting work only under     *
  19  *                         the same or similar license to this one.             *
  20  *                                                                              *
  21  *==============================================================================*
  22   
  23  * NOTE: section and subsection titles of the program are preceded and followed
  24  *       by this line:
  25  *==============================================================================
  26  *       to facilitate jumping from one to the next with repeat search.
  27   
  28  *==============================================================================
  29  * 1 Set definition
  30  *==============================================================================
  31  * The sets are defined in the DATA_AGG-2007.gms file and are stored in the
  32  * DATA_AGG-2007.GDX output file. Any changes in the aggregation of industries
  33  * and/or region is thus automatically taken into account in the current file.
  34  SET
  35   J               All industries
  36   I               All commodities
  37   I1(I)           All commodities except agriculture (agr)
  38   I2(I)           Backstop technology
  39   BUS(J)          Private industries
  40   PUB(J)          Public industries
  41   F               Production factors
  42   L(F)            Labor categories
  43   K(F)            Capital categories
  44   Z               Regions
  45   ZR(Z)           Reference country (USA)
  46   Z1(Z)           All regions except reference region
  47   Zrich(Z)        Rich regions
  48   Zother(Z)       Non-rich regions
  49   
GDXIN   C:\Users\kimc0\GUIDE_GLOBAL_CGE\2.RD_CGE\Input_w-t\DATA_AGG-2019_GTAP11b.gdx
--- LOAD  J = 1:J
--- LOAD  I = 2:I
--- LOAD  BUS = 3:BUS
--- LOAD  PUB = 4:PUB
--- LOAD  F = 5:F
--- LOAD  L = 6:L
--- LOAD  K = 7:K
--- LOAD  Z = 8:Z
--- LOAD  ZR = 9:ZR
--- LOAD  Z1 = 10:Z1
--- LOAD  Zrich = 11:Zrich
--- LOAD  Zother = 12:Zother
  52   
  53  I1(I) All commodities except agriculture
  54  /
  55  * 01_AGRICULT    Agricultural forest and fishery goods
  56   02_COAL        Coal
  57   03_OIL         Crude petroleum
  58   04_GAS         Natural gas Gas distribution
  59   05_MINING      Mined and quarried goods
  60   06_FOODPRO     Food beverages and tobacco products
  61   07_TEXTILES    Textile and leather products
  62   08_WOODPRO     Wood products
  63   09_PAPERPRO    Paper products
  64  * 10_PETROLCOAL  Petroleum and coal products
  65   11_CHEMICAL    Chemical products
  66   12_NONMET      Non-metallic mineral products
  67  * 13_IRONSTL     Primary iron and steel products
  68   14_NONFERR     Non-ferrous metal products
  69   15_MACHINE     Fabricated metal products Electronic and electrical equipment Machinery and equipment
  70   16_TRANSEQ     Motor vehicles Other transport equipment
  71   17_OTHERIND    Other manufactured products Water supply
  72   18_ELEC        Electricity
  73   19_CONSTRUC    Construction
  74  * 20_LTRP        Land transport service(road rail)
  75   21_WTRP        Water transport service
  76   22_ATRP        Air transport service
  77   23_SER         Service
  78  /
  79   
  80  I3(I) All commodities except agriculture
  81  /
  82   13_IRONSTL     Primary iron and steel products
  83   10_PETROLCOAL  Petroleum and coal products
  84   20_LTRP
  85  /
  86   
  87  COMtoIND(j,i3)
  88  /
  89   10_PETROLCOAL.   (10_PETROLCOAL)
  90   13_IRONSTL.      (13_IRONSTL)
  91   28_LTRP.         (20_LTRP )
  92  /
  93   
  94  INDtoCOM(i3,j)
  95  /
  96   10_PETROLCOAL.   (10_PETROLCOAL)
  97   13_IRONSTL.      (13_IRONSTL)
  98   20_LTRP.         (28_LTRP )
  99  /
 100   
 101  TND(J) TnD
 102  /
 103   18_TnD         Transmission and Distribution
 104  /
 105   
 106  POWER(J) POWER industries
 107  /
 108   19_eNuclear    Nuclear generation
 109   20_eCoal       Coal generation
 110   21_eGas        Gas generation
 111   22_eOil        Oil generation
 112   23_eWind       Wind generation
 113   24_eSolar      Solar generation
 114   25_eHydro      Hydro generation
 115   26_eOther      Other generation
 116  /
 117   
 118  I2(I) Non-electricity commodities
 119  /
 120   01_AGRICULT    Agricultural forest and fishery goods
 121   02_COAL        Coal
 122   03_OIL         Crude petroleum
 123   04_GAS         Natural gas Gas distribution
 124   05_MINING      Mined and quarried goods
 125   06_FOODPRO     Food beverages and tobacco products
 126   07_TEXTILES    Textile and leather products
 127   08_WOODPRO     Wood products
 128   09_PAPERPRO    Paper products
 129   10_PETROLCOAL  Petroleum and coal products
 130   11_CHEMICAL    Chemical products
 131   12_NONMET      Non-metallic mineral products
 132   13_IRONSTL     Primary iron and steel products
 133   14_NONFERR     Non-ferrous metal products
 134   15_MACHINE     Fabricated metal products Electronic and electrical equipment Machinery and equipment
 135   16_TRANSEQ     Motor vehicles Other transport equipment
 136   17_OTHERIND    Other manufactured products Water supply
 137  * 18_ELEC        Electricity
 138   19_CONSTRUC    Construction
 139   20_LTRP        Land transport service(road rail)
 140   21_WTRP        Water transport service
 141   22_ATRP        Air transport service
 142   23_SER         Service
 143  /
 144   
 145  ENE(I) Energy commodities
 146  /
 147   02_COAL         Coal
 148   03_OIL          Crude petroleum
 149   04_GAS         Natural gas
 150   10_PETROLCOAL   Petroleum and coal products
 151   18_ELEC         Electricity
 152  /
 153   
 154  NENE(I) Non-energy commodities
 155  /
 156   01_AGRICULT    Agricultural forest and fishery goods
 157  * 02_COAL        Coal
 158  * 03_OIL         Crude petroleum
 159  * 04_GAS         Natural gas Gas distribution
 160   05_MINING      Mined and quarried goods
 161   06_FOODPRO     Food beverages and tobacco products
 162   07_TEXTILES    Textile and leather products
 163   08_WOODPRO     Wood products
 164   09_PAPERPRO    Paper products
 165  * 10_PETROLCOAL  Petroleum and coal products
 166   11_CHEMICAL    Chemical products
 167   12_NONMET      Non-metallic mineral products
 168   13_IRONSTL     Primary iron and steel products
 169   14_NONFERR     Non-ferrous metal products
 170   15_MACHINE     Fabricated metal products Electronic and electrical equipment Machinery and equipment
 171   16_TRANSEQ     Motor vehicles Other transport equipment
 172   17_OTHERIND    Other manufactured products Water supply
 173  * 18_ELEC        Electricity
 174   19_CONSTRUC    Construction
 175   20_LTRP        Land transport service(road rail)
 176   21_WTRP        Water transport service
 177   22_ATRP        Air transport service
 178   23_SER         Service
 179  /
 180   
 181  J2(J) Industries
 182  /
 183  * 01_AGRICULT    Agricultural forest and fishery goods
 184  * 02_COAL        Coal
 185  * 03_OIL         Crude petroleum
 186  * 04_GAS         Natural gas Gas distribution
 187  * 05_MINING      Mined and quarried goods
 188   06_FOODPRO     Food beverages and tobacco products
 189   07_TEXTILES    Textile and leather products
 190   08_WOODPRO     Wood products
 191   09_PAPERPRO    Paper products
 192  * 10_PETROLCOAL  Petroleum and coal products
 193   11_CHEMICAL    Chemical products
 194   12_NONMET      Non-metallic mineral products
 195  * 13_IRONSTL     Primary iron and steel products
 196   14_NONFERR     Non-ferrous metal products
 197   15_MACHINE     Fabricated metal products Electronic and electrical equipment Machinery and equipment
 198   16_TRANSEQ     Motor vehicles Other transport equipment
 199   17_OTHERIND    Other manufactured products Water supply
 200  * 18_TnD         Transmission and Distribution
 201  * 19_eNuclear    Nuclear generation
 202  * 20_eCoal       Coal generation
 203  * 21_eGas        Gas generation
 204  * 22_eOil        Oil generation
 205  * 23_eWind       Wind generation
 206  * 24_eSolar      Solar generation
 207  * 25_eHydro      Hydro generation
 208  * 26_eOther      Other generation
 209   27_CONSTRUC    Construction
 210   28_LTRP        Land transport service(road rail)
 211   29_WTRP        Water transport service
 212   30_ATRP        Air transport service
 213   31_SER         Service
 214  /
 215   
 216  J3(J) Energy Industries
 217  /
 218   01_AGRICULT    Agricultural forest and fishery goods
 219   02_COAL        Coal
 220   03_OIL         Crude petroleum
 221   04_GAS         Natural gas Gas distribution
 222   05_MINING      Mined and quarried goods
 223   10_PETROLCOAL  Petroleum and coal products
 224   13_IRONSTL     Primary iron and steel products
 225  * 17_OTHERIND    Other manufactured products Water supply
 226   18_TnD         Transmission and Distribution
 227   19_eNuclear    Nuclear generation
 228   20_eCoal       Coal generation
 229   21_eGas        Gas generation
 230   22_eOil        Oil generation
 231   23_eWind       Wind generation
 232   24_eSolar      Solar generation
 233   25_eHydro      Hydro generation
 234   26_eOther      Other generation
 235  * 27_CONSTRUC    Construction
 236  /
 237   
 238  J4(J) Energy Transformation Industries
 239  /
 240   10_PETROLCOAL  Petroleum and coal products
 241   19_eNuclear    Nuclear generation
 242   20_eCoal       Coal generation
 243   21_eGas        Gas generation
 244   22_eOil        Oil generation
 245   23_eWind       Wind generation
 246   24_eSolar      Solar generation
 247   25_eHydro      Hydro generation
 248   26_eOther      Other generation
 249  /
 250   
 251  J5(J) Industries
 252  /
 253   01_AGRICULT    Agricultural forest and fishery goods
 254   02_COAL        Coal
 255   03_OIL         Crude petroleum
 256   04_GAS         Natural gas Gas distribution
 257   05_MINING      Mined and quarried goods
 258   06_FOODPRO     Food beverages and tobacco products
 259   07_TEXTILES    Textile and leather products
 260   08_WOODPRO     Wood products
 261   09_PAPERPRO    Paper products
 262  * 10_PETROLCOAL  Petroleum and coal products
 263   11_CHEMICAL    Chemical products
 264   12_NONMET      Non-metallic mineral products
 265   13_IRONSTL     Primary iron and steel products
 266   14_NONFERR     Non-ferrous metal products
 267   15_MACHINE     Fabricated metal products Electronic and electrical equipment Machinery and equipment
 268   16_TRANSEQ     Motor vehicles Other transport equipment
 269   17_OTHERIND    Other manufactured products Water supply
 270  * 18_TnD         Transmission and Distribution
 271  * 19_eNuclear    Nuclear generation
 272  * 20_eCoal       Coal generation
 273  * 21_eGas        Gas generation
 274  * 22_eOil        Oil generation
 275  * 23_eWind       Wind generation
 276  * 24_eSolar      Solar generation
 277  * 25_eHydro      Hydro generation
 278  * 26_eOther      Other generation
 279   27_CONSTRUC    Construction
 280   28_LTRP        Land transport service(road rail)
 281   29_WTRP        Water transport service
 282   30_ATRP        Air transport service
 283   31_SER         Service
 284  /
 285   
 286  Z2(Z)
 287  /
 288   01_KOR Korea
 289   02_CHN China
 290   03_JPN Japan
 291   04_RUS Russian Federation
 292   05_MNG Mongolia
 293   06_PRK Peoples Republic of Korea
 294  * 07_NAM North America
 295  * 08_LAM Latin America and the Caribbean
 296  * 09_WEU Western Europe
 297  * 10_EEU Central and Eastern Europe
 298  * 11_FSU Former Soviet Union
 299  * 12_MEA Middle East and North Africa
 300  * 13_AFR Sub-Saharan Africa
 301  * 14_CPA Centrally Planned Asia and China
 302  * 15_SAS South Asia
 303  * 16_PAS Other Pacific Asia
 304  * 17_PAO Pacific OECD
 305  /
 306   
 307  Z3(Z)
 308  /
 309   01_KOR Korea
 310   02_CHN China
 311   03_JPN Japan
 312   04_RUS Russian Federation
 313   05_MNG Mongolia
 314   06_PRK Peoples Republic of Korea
 315  * 07_NAM North America
 316  * 08_LAM Latin America and the Caribbean
 317  * 09_WEU Western Europe
 318  * 10_EEU Central and Eastern Europe
 319  * 11_FSU Former Soviet Union
 320  * 12_MEA Middle East and North Africa
 321  * 13_AFR Sub-Saharan Africa
 322  * 14_CPA Centrally Planned Asia and China
 323  * 15_SAS South Asia
 324  * 16_PAS Other Pacific Asia
 325  * 17_PAO Pacific OECD
 326  /
 327   
 328  Z4(Z)
 329  /
 330   01_KOR Korea
 331   02_CHN China
 332   03_JPN Japan
 333   04_RUS Russian Federation
 334   05_MNG Mongolia
 335   06_PRK Peoples Republic of Korea
 336   07_NAM North America
 337   08_LAM Latin America and the Caribbean
 338   09_WEU Western Europe
 339   10_EEU Central and Eastern Europe
 340   11_FSU Former Soviet Union
 341   12_MEA Middle East and North Africa
 342   13_AFR Sub-Saharan Africa
 343   14_CPA Centrally Planned Asia and China
 344   15_SAS South Asia
 345   16_PAS Other Pacific Asia
 346   17_PAO Pacific OECD
 347  /
 348   
 349  NEA(Z)
 350  /
 351   01_KOR Korea
 352   02_CHN China
 353   03_JPN Japan
 354   04_RUS Russian Federation
 355   05_MNG Mongolia
 356   06_PRK Peoples Republic of Korea
 357  /
 358   
 359  *==============================================================================
 360  *  Periods
 361  *==============================================================================
 362  * The set TIME is the period of time for which we have projections for GDP,
 363  * population and economically active population .
 364  TIME Time periods
 365  /
 366  2019*2050
 367  *2019*2038
 368  *2019*2025
 369  *2019
 370  /
 371  T(time)
 372  T1(time)         First period;
 373  T1(time)         = yes$[ord(time) eq 1];
 374   
 375  *===============================================================================
 376   
 377  ALIAS (j,jj)
 378  ALIAS (i,ii,ij)
 379  ALIAS (l,lj)
 380  ALIAS (k,kj)
 381  ALIAS (z,zj,zjj)
 382  ALIAS (power, power2)
 383  AlIAS (ENE,ENE2)
 384  ;
 385   
 386  * If you don't want the model to run to the horizon defined in the set
 387  * TIME, define parameter EndTime as the final year for model resolution.
 388  *Parameter EndTime /2008/;
 389  *Parameter EndTime /2020/;
 390  Parameter EndTime /2050/;
 391   
 392  *$EXIT
 393   
 394  *==============================================================================
 395  * 2 Declaration of parameters and benchmark variables
 396  *==============================================================================
 397  PARAMETER
 398  *==============================================================================
 399  *  2.1 Parameters
 400  *==============================================================================
 401   A_K(z)               Scale parameter (investment function)
 402   aij(i,j,z)           Input output coefficient
 403   aij2(i,j,z)          Input output coefficient (intermediate energy)
 404   aij2_t(i,j,z,time)   Input output coefficient (intermediate energy)
 405   B_KD(j,z)            Scale parameter (CES - composite capital)
 406   B_LD(j,z)            Scale parameter (CES - composite labor)
 407   B_M1(i,z)            Scale parameter (CES - composite commodity)
 408   B_M2(i,z)            Scale parameter (CES - composite import)
 409   B_VA(j,z)            Scale parameter (CES - value added)
 410   B_KLE(j,z)           Scale parameter (CES - composite KLE)
 411   B_ENER(j,z)          Scale parameter (CES - composite ENER)
 412   B_X1(i,z)            Scale parameter (CET - total output)
 413   B_X2(i,z)            Scale parameter (CET - composite export)
 414   B_X3(i,z)            Scale parameter (CES - top level)
 415   B_X4(z)              Scale parameter (CES - Aggregated Electricity)
 416   beta_D_X1(i,z)       Share parameter (CET - total output - local sales)
 417   beta_EX_X1(i,z)      Share parameter (CET - total output - export)
 418   beta_X2(i,z,zj)      Share parameter (CET - composite export)
 419   beta_X3(j,i,z)       Share parameter (CES - top level)
 420   beta_X4(power, z)    Share parameter (CES - Aggregated Electricity)
 421   beta_KD(k,j,z)       Share parameter (CES - composite capital)
 422   beta_LD(l,j,z)       Share parameter (CES - composite labor)
 423   beta_M1(i,z)         Share parameter (CES - composite commodity)
 424   beta_M2(i,zj,z)      Share parameter (CES - composite import)
 425   beta_VA(j,z)         Share parameter (CES - value added)
 426   beta_KLE(j,z)        Share parameter (CES - KLE composite)
 427   beta_KLE2(j,z)
 428   beta_KLE2_t(j,z,time)
 429   beta_ENER(ene,j,z)   Share parameter (CES - ENER composite)
 430   delta(z)             Depreciation rate of capital in country z
 431   eta                  Price elasticity of indexed transfers and parameters
 432   frisch(z)            Frisch parameter (LES function)
 433   gamma_GVT(i,z)       Share of commodity i in total current public expenditures on goods and services
 434   gamma_INV(i,z)       Share of commodity i in total investment expenditures
 435   gamma_LES(i,z)       Marginal share of commodity i in household consumption budget
 436   io(j,z)              Coefficient (Leontief - intermediate consumption)
 437   io2(j,z)             Coefficient (Leontief - intermediate energy consumption)
 438   io2_t(j,z,time)
 439   v(j,z)               value added Coefficient (Leontief)
 440   v2(j,z)              KLE Share parameter (Leontief)
 441   kmob                 Flag parameter (1 if capital is mobile)
 442   RES                  Rescaling factor
 443   rho_KD(j,z)          Elasticity paameter (CES - composite capital)
 444   rho_LD(j,z)          Elasticity parameter (CES - composite labor)
 445   rho_M1(i,z)          Elasticity parameter (CES - composite commodity)
 446   rho_M2(i,z)          Elasticity parameter (CES - composite import)
 447   rho_VA(j,z)          Elasticity parameter (CES - value added)
 448   rho_KLE(j,z)         Elasticity parameter (CES - KLE)
 449   rho_ENER(j,z)        Elasticity parameter (CES - ENER)
 450   rho_X1(i,z)          Elasticity parameter (CET - composite export)
 451   rho_X2(i,z)          Elasticity parameter (CET - composite export)
 452   rho_X3(i,z)          Elasticity parameter (CES - top level)
 453   rho_X4(z)            Elasticity parameter (CES - Aggregated Electricity)
 454   sigma_INV(k,j,z)     Elasticity (investment demand)
 455   sigma_KD(j,z)        Elasticity (CES - composite capital)
 456   sigma_LD(j,z)        Elasticity (CES - composite labor)
 457   sigma_M1(i,z)        Elasticity (CES - composite commodity)
 458   sigma_M2(i,z)        Elasticity (CES - composite import)
 459   sigma_VA(j,z)        Elasticity (CES - value added)
 460   sigma_KLE(j,z)       Elasticity (CES - kle)
 461   sigma_ENER(j,z)      Elasticity (CES - within energy)
 462   sigma_X0(j,z)        Elasticity (CET - exports and local sales)
 463   sigma_X1(i,z)        Elasticity (CET - total output)
 464   sigma_X2(i,z)        Elasticity (CET - composite export)
 465   sigma_X3(i,z)        Elasticity (CES - top level)
 466   sigma_X4(z)          Elasticity (CES - Aggregated Electricity)
 467   sigma_Y(i,z)         Income elasticity of consumption
 468   tmrg(i,ij,zj,z)      Rate of margin i applied to commodity ij imported from country zj
 469   TnDShare(z)          T&D share of Aggregated electricity
 470   PowerShare(z)        Power Industries share of Aggregated electricity
 471   theta2(j,i,z)        Export share of composite activity
 472   elas_enecom(ene,z)   Household own-price elasticities
 473   
 474   TOT_POP(z,time)      Total population from 1980 to 2050 based on the PEP w aggregation
 475   g_GDP(z,time)        GDP past and projected growth rate
 476   g_LS(z,time)         Active population past and projected growth rate
 477   g_POP(z,time)        Population past and projected growth rate
 478   g_SDR(z,time)        Growth rate of domestic savings rate
 479   gamma_GVT(i,z)       Share of commodity i in total current public expenditures on goods and services
 480   gamma_INV(i,z)       Share of commodity i in total investment expenditures
 481   gamma_LES(i,z)       Marginal share of commodity i in household consumption budget
 482   exogro(z,time)       Exogenous growth factor for exogenously growing variables except labor
 483   growthz(z)           Steady state grwoth
 484   AEEI(z,time)
 485   AEEI_low(z,time)     Autonomous energy efficiency improvement
 486   AEEI_high(z,time)    Autonomous energy efficiency improvement
 487   
 488   TREND(z,time)
 489   CTAX_Cal(z,time)
 490   CTAX_CPS(z,time)
 491   CTAX_NZS(z,time)
 492   
 493   CTAX_61(z,time)
 494   CTAX_145(z,time)
 495   CTAX_285(z,time)
 496   CTAX_425(z,time)
 497   CTAX_565(z,time)
 498   
 499   B_ENER_t(j,z,time)
 500   
 501   switch(i3,z,time)    binary variable - equals zero if no use of backstop technologies
 502   penetration_rate(i3,z,time) penetration_rate
 503  *==============================================================================
 504  *  2.2 Variables - Benchmark
 505  *==============================================================================
 506  *  Benchmark values of variables are parameters. Their acronyms are the
 507  *  corresponding variable names,followed by the letter "O".
 508   
 509  *==============================================================================
 510  *   2.2.1 Volume variables
 511  *==============================================================================
 512   CABXO(z)        Current account balance of region z in terms of the international currency (pseudo-volume variable)
 513   CO(i,z)         Consumption of commodity i by households in region z
 514   CGO(i,z)        Public consumption of commodity i in region z
 515   CIO(j,z)        Total intermediate consumption of industry j in region z
 516   CEO(j,z)        Total energy intermediate consumption of industry j in region z
 517   CMINO(i,z)      Minimum consumption of commodity i by households in region z
 518   CTH_REALO(z)    Real household consumption in region z
 519   DDO(i,z)        Domestic demand for commodity i produced locally in region z
 520   DIO(i,j,z)      Intermediate consumption of commodity i by industry j in region z
 521   DEO(ene,j,z)    Intermediate energy consumption of commodity i by industry j in region z
 522   DITO(i,z)       Total intermediate demand of commodity i in region z
 523   DSO(j,i,z)      Supply of commodity i by sector j to the domestic market
 524   DSO_I(i,z)      Supply of commodity i to the domestic market of region z
 525   DSO_J(j,z)      Supply of activity j to the domestic market of region z
 526   EXO(i,z,zj)     Quantity of product i exported by country z to country zj
 527   EXTO(i,z)       Supply of composite commodity i by region z to the export market
 528   EXTTO(j,i,z)    Supply of activity j to the export market i of region z
 529   G_REALO(z)      Current real government expenditures on goods and services in region z
 530   GDP_BP_REALO(z) Real GDP at basic prices
 531   GDP_MP_REALO(z) Real GDP at market prices
 532   GDP_BP_W_REALO  Real GDP at basic prices
 533   IMO(i,zj,z)     Quantity of product i imported by country z from country zj
 534   IMTO(i,z)       Quantity demanded of composite imports of commodity i by region z
 535   INDO(k,j,z)     Volume of new type k capital investment to industry j in region z
 536   INVO(i,z)       Final demand of commodity i for investment purposes (GFCF) in region z
 537   IT_REALO(z)     Real gross fixed capital formation
 538   KDO(k,j,z)      Demand for type k capital by industry j in region z
 539   KDCO(j,z)       Demand for composite capital by industry j in region z
 540   KSO(k,z)        Supply of type k capital in region z
 541   KSTO(z)         Total supply of capital in region z
 542   LDO(l,j,z)      Demand for type l labor by industry j in region z
 543   LDCO(j,z)       Demand for composite labor by industry j in region z
 544   LSO(l,z)        Supply of type l labor in region z
 545   MRGNO(i,z)      Domestic production of commodity i in region z exported as international margin services
 546   POPO(z)         Population in 2019
 547   QO(i,z)         Quantity demanded of composite commodity i in region z
 548   VAO(j,z)        Value added of industry j in region z
 549   KLEO(j,z)       KLE of industry j in region z
 550   XSO_I(i,z)      Commoidty i total production
 551   XSO(j,i,z)      Total output of industry j in region z
 552   XSTO(j,z)       Total output of industry j
 553   POWERQO(z)      Total power output in region z
 554   
 555  *==============================================================================
 556  *   2.2.2 Price variables
 557  *==============================================================================
 558   eO(z)           Exchange rate (price of international currency in terms of region z local currency)
 559   IRO(z)          Interest rate
 560   PO(i,z)         Basic price of commodity i in region z
 561   PO2(j,i,z)      Basic price of industry js production of commodity i
 562   PO3(i,j,z)
 563   PO4(i,j,z)
 564   PPOWERO(z)
 565   PIO(i,z)
 566   PTO(j,z)        Basic price of industry js output
 567   PCO(i,z)        Purchaser price of composite commodity i (including all taxes and margins) in region z
 568   PCIO(j,z)       Intermediate consumption price index of industry j in region z
 569   PCEO(j,z)       Intermediate energy consumption price index of industry j in region z
 570   PDO(i,z)        Price of local product i sold on region z domestic market (including all taxes)
 571   PEO(i,z,zj)     Price received for commodity i exported to region zj by region z (excluding export taxes)
 572   PETO(i,z)       Border price of composite commodity i exported by region z
 573   PIXCONO(z)      Consumer price index in region z
 574   PIXGDPO(z)      GDP deflator in region z
 575   PIXGDP_WO       World GDP deflator
 576   PIXGVTO(z)      Public expenditures price index in region z
 577   PIXINVO(z)      Investment price index in region z
 578   PKO(z)          Price of new capital in region z
 579   PLO(i,z)        Price of local product i (excluding all taxes on products) in region z
 580   PMO(i,zj,z)     Price of commodity i imported by region z from region zj (including all taxes duties and margins)
 581   PMTO(i,z)       Price of composite commodity i imported by region z (including all taxes duties and margins)
 582   PPO(j,z)        Unit cost of industry j in region z including taxes directly related to the use of capital and labor but excluding other taxes on production
 583   PVAO(j,Z)       Price of industry j value added in region z (including taxes on production directly related to the use of capital and labor)
 584   PKLEO(j,z)      Price of industry j KLE in region z
 585   PWMO(i,zj,z)    World price of commodity i imported from country zj by region z (expressed in international currency)
 586   PWMGO(i)        World price of margin i (expressed in international currency)
 587   PWXO(i,z,zj)    World price of commodity i exported to country zj by region z (expressed in international currency)
 588   RO(k,j,z)       Rental rate of type k capital in industry j of region z
 589   RCO(j,z)        Rental rate of industry j composite capital in region z
 590   RKO(k,z)        Rental rate of type k capital in region z
 591   RTIO(k,j,z)     Rental rate paid by industry j for type k capital in region z including capital taxes
 592   UO(z)           User cost of capital in region z
 593   WO(l,z)         Wage rate of type l labor in region z
 594   WCO(j,z)        Wage rate of industry j composite labor in region z
 595   WTIO(l,j,z)     Wage rate paid z by industry j for type l labor in region including payroll taxes
 596   
 597  *==============================================================================
 598  *   2.2.3 Nominal (value) variables
 599  *==============================================================================
 600   CABO(z)         Current account balance of region z
 601   CTHO(z)         Consumption budget of households in region z
 602   DEPO(z)         Amount of depreciation (capital consumption allowance) in region z
 603   GO(z)           Current government expenditures on goods and services in region z
 604   GDP_BPO(z)      Region z GDP at basic prices
 605   GDP_BP_WO       World GDP at basic prices
 606   GDP_FDO(z)      Region z GDP at purchasers prices from the perspective of final demand
 607   GDP_IBO(z)      Region z GDP at market prices (income-based)
 608   GDP_MPO(z)      Region z GDP at market prices
 609   ITO(z)          Total investment expenditures in region z
 610   RKDO(k,j,z)     Type k capital income in industry j in region z
 611   SGO(z)          Government savings in region z
 612   SHO(z)          Household savings in region z
 613   SROWO(z)        Rest-of-the-world savings with respect to region z
 614   TDHO(z)         Household income taxes in region z
 615   TICO(i,z)       Government revenue from indirect taxes on commodity i in region z
 616   TICTO(z)        Total government receipts of indirect taxes on commodities in region z
 617   TIKO(k,j,z)     Government revenue from taxes on type k capital used by industry j in region z
 618   TIKTO(z)        Total government revenue from from taxes on capital in region z
 619   TIMO(i,zj,z)    Government revenue from duties on commodity i imported from region zj by region z
 620   TIMTO(z)        Total government revenue from import duties in region z
 621   TIPO(j,z)       Government revenue from taxes on industry j production in region z (excluding taxes directly related to the use of capital and labor)
 622   TIPTO(z)        Total government revenue from production taxes in region z (excluding taxes directly related to the use of capital and labor)
 623   TIWO(l,j,z)     Government revenue from payroll taxes on type l labor in industry j of region z
 624   TIWTO(z)        Total government revenue from payroll taxes in region z
 625   TIXO(i,z,zj)    Government revenue from export taxes on commodity i exported by region z to region zj
 626   TIXTO(z)        Total government revenue from export taxes in region z
 627   TPRCTSO(z)      Total government revenue from taxes on products and imports in region z
 628   TPRODNO(z)      Total government revenue from other taxes on production in region z
 629   YDHO(z)         Household disposable income in region z
 630   YGO(z)          Total government income in region z
 631   YHO(z)          Household total income in region z
 632   YHKO(z)         Household capital income in region z
 633   YHLO(z)         Household labor income in region z
 634   YROWO(z)        Rest-of-the-world total income from region z
 635   
 636  *==============================================================================
 637  *   2.2.4 Rates and intercepts
 638  *==============================================================================
 639   phiO(z)         Scale variable (allocation of investment to industries)
 640   sh0O(z)         Intercept (household savings)
 641   sh1O(z)         Slope (household savings)
 642   ttdh0O(z)       Intercept (household income tax)
 643   ttdh1O(z)       Slope (household income tax)
 644   tticO(i,z)      Tax rate on commodity i
 645   ttikO(k,j,z)    Tax rate on capital k used in industry j
 646   ttimO(i,zj,z)   Rate of taxes and duties on imports of commodity i from country zj
 647   ttipO(j,z)      Tax rate on the production of industry j
 648   ttiwO(l,j,z)    Tax rate on type l worker compensation in industry j
 649   ttixO(i,z,zj)   Export tax rate on exported commodity x
 650  ;
 651   
 652  Scalar
 653   Tiny small figure / 0.000000000001/ ;
 654   
 655  *==============================================================================
 656  * 3 Data
 657  *==============================================================================
 658  *  3.1 Data input from GTAP8.1
 659  *==============================================================================
 660  *   3.1.1 Reading data aggregated with DATA_AGG-2007.gms
 661  *==============================================================================
 662  *  The PEP w-t model uses aggregated data from GTAP8.1. The following file
 663  *  includes data for some variables and substitution elasticities.
 664   
--- LOAD  CO = 13:CO
--- LOAD  CGO = 14:CGO
--- LOAD  DDO = 15:DDO
--- LOAD  DEPO = 16:DEPO
--- LOAD  DIO = 17:DIO
--- LOAD  DSO = 18:DSO
--- LOAD  DSO_I = 19:DSO_I
--- LOAD  EXO = 20:EXO
--- LOAD  IMO = 21:IMO
--- LOAD  INVO = 22:INVO
--- LOAD  KSTO = 23:KSTO
--- LOAD  LDO = 24:LDO
--- LOAD  MRGNO = 25:MRGNO
--- LOAD  XSO = 39:XSO
--- LOAD  XSO_I = 40:XSO_I
--- LOAD  XSTO = 41:XSTO
--- LOAD  TOT_POP = 61:TOT_POP
--- LOAD  g_GDP = 62:g_GDP
--- LOAD  g_POP = 63:g_POP
--- LOAD  g_SDR = 64:g_SDR
--- LOAD  AEEI_low = 65:AEEI_low
--- LOAD  AEEI_high = 66:AEEI_high
--- LOAD  TREND = 67:TREND
--- LOAD  CTAX_Cal = 68:CTAX_Cal
--- LOAD  CTAX_CPS = 69:CTAX_CPS
--- LOAD  CTAX_NZS = 70:CTAX_NZS
--- LOAD  CTAX_61 = 71:CTAX_61
--- LOAD  CTAX_145 = 72:CTAX_145
--- LOAD  CTAX_285 = 73:CTAX_285
--- LOAD  CTAX_425 = 74:CTAX_425
--- LOAD  CTAX_565 = 75:CTAX_565
--- LOAD  RKDO = 27:RKDO
--- LOAD  TDHO = 28:TDHO
--- LOAD  TICO = 30:TICO
--- LOAD  TIKO = 31:TIKO
--- LOAD  TIMO = 32:TIMO
--- LOAD  TIPO = 33:TIPO
--- LOAD  TIWO = 34:TIWO
--- LOAD  TIXO = 35:TIXO
--- LOAD  tmrg = 38:tmrg
--- LOAD  sigma_M1 = 43:sigma_M1
--- LOAD  sigma_M2 = 44:sigma_M2
--- LOAD  sigma_VA = 45:sigma_VA
--- LOAD  sigma_KLE = 46:sigma_KLE
--- LOAD  POPO = 26:POPO
 668   
 669  display sigma_M1, sigma_M2 ;
 670   
 671  sigma_M1('04_GAS',Z) = 6;
 672   
 673  sigma_M2('03_OIL',Z) = 2;
 674  sigma_M2('04_GAS',Z) = 2;
 675   
 676  sigma_M1('03_OIL','06_PRK') = 0.5;
 677   
 678  *sigma_M1('10_PETROLCOAL','05_mng') = 6;
 679   
 680  *sigma_M2('19_CONSTRUC',Z) = 0.5;
 681   
 682  display sigma_M1, sigma_M2 ;
 683   
 684  *==============================================================================
 685  *   3.1.2 Rescaling the variables
 686  *==============================================================================
 687  * GTAP 8.1 data are in millions of (2004 and 2007) US dollars
 688  * (see www.gtap.agecon.purdue.edu/resources/download/5679.pdf)
 689  * With RES = 10000, model results are in tens of billions (10G$)
 690  RES              = 10000;
 691  *RES              = 1;
 692   
 693   
 694  * NOTE: In GTAP parlance, "agents' prices" are prices paid by buyers, and
 695  *       "market prices" are prices received by sellers.
 696   
 697  * Household consumption = GTAP domestic purchases (VDPA) + import purchases (VIPA)
 698  * by households at agents' prices.
 699  CO(i,z)          = CO(i,z)/RES;
 700   
 701  * Public final consumption = domestic purchases (VDGA) + import purchases (VIGA)
 702  * by government at agents' prices.
 703  CGO(i,z)         = CGO(i,z)/RES;
 704   
 705  * Domestic purchases = domestic absorption:
 706  * (CO + CGO + INVO + DIO) - [ imports (IMO) + transport margins (tmrg)
 707  *                              + indirect taxes (TICO + TIMO) ]
 708  DDO(i,z)         = DDO(i,z)/RES;
 709   
 710  * Capital depreciation (DEP)
 711  DEPO(z)          = DEPO(z)/RES;
 712   
 713  * Intermediate consumption = domestic purchases (VDFA) + import purchases (VIFA)
 714  * by firms belonging to sectors other than CGDS, at agents' prices.
 715  DIO(i,j,z)       = DIO(i,j,z)/RES;
 716   
 717  * Domestic supply = domestic demand (DDO) in GTAP_AGG.gms
 718  DSO(j,i,z)        = DSO(j,i,z)/RES;
 719  DSO_I(i,z)        = DSO_I(i,z)/RES;
 720   
 721  * Exports = exports at world prices (VXWD) = imports at world prices
 722  * Note: the GTAP variable VXWD is NOT used in the DATA_AGG.gms program; the
 723  * value recorded in DATA_AGG.gdx is actually identical to IMO
 724  EXO(i,z,zj)      = EXO(i,z,zj)/RES;
 725   
 726  * Imports = imports at world prices (VIWS) - sum of transport margins on imports (VTWR)
 727  IMO(i,z,zj)      = IMO(i,z,zj)/RES;
 728   
 729  * Demand for investment purposes = domestic purchases (VDFA)+ import purchases (VIFA)
 730  * by firms of the CGDS sector at agents' prices.
 731  INVO(i,z)        = INVO(i,z)/RES;
 732   
 733  * Total capital stock at the beginning of the period (VKB)
 734  KSTO(z)          = KSTO(z)/RES;
 735   
 736  * Labor demand = Remuneration of labor at market prices, before taxes
 737  * (components of VFM, "primary factor purchases, by households, at market prices")
 738  LDO(l,j,z)       = LDO(l,j,z)/RES;
 739   
 740  * Supply of transport margins at market prices (VST), adjusted proportionately
 741  * so that MRGNO = sum of tmrg for every margin commodity
 742  MRGNO(i,z)       = MRGNO(i,z)/RES;
 743   
 744  * Remuneration of capital at market prices, before taxes
 745  * (components of VFM, "primary factor purchases, by households, at market prices")
 746  RKDO(k,j,z)      = RKDO(k,j,z)/RES;
 747   
 748  * Direct taxes = factor payment at market prices (VFM)
 749  *                - primary factor sales at agents' prices (EVOA)
 750  TDHO(z)          = TDHO(z)/RES;
 751   
 752  * Domestic taxes on commodities = demand at agents' prices - demand at market prices:
 753  * Include 6 pairs of GTAP components
 754  *       VDPA - VDPM
 755  *       VIPA - VIPM
 756  *       VDGA - VDGM
 757  *       VIGA - VIGM
 758  *       VDFA - VDFM
 759  *       VIFA - VIFM
 760  TICO(i,z)        = TICO(i,z)/RES;
 761   
 762  * Net taxes on factor of production = factor employment tax revenue (FTRV)
 763  *                                     - factor-based subsidies (FBEP).
 764  TIKO(k,j,z)      = TIKO(k,j,z)/RES;
 765   
 766  * Import duties = "ordinary" import duties (TFRV)
 767  TIMO(i,z,zj)     = TIMO(i,z,zj)/RES;
 768   
 769  * Taxes on production = MINUS "ordinary output subsidies" (OSEP)
 770  TIPO(j,z)        = TIPO(j,z)/RES;
 771   
 772  * Net taxes on factor of production = factor employment tax revenue (FTRV)
 773  *                                     - factor-based subsidies (FBEP).
 774  TIWO(l,j,z)      = TIWO(l,j,z)/RES;
 775   
 776  * Taxes on exports = export tax equivalent of the Multi-Fiber Agreement (MFA)
 777  * quota premium(MFRV) + "ordinary" export taxes (XTRV)
 778  TIXO(i,z,zj)     = TIXO(i,z,zj)/RES;
 779   
 780  * Transport margins at world prices = sum of margins on imports (VTWR)
 781  tmrg(i,ij,z,zj)  = tmrg(i,ij,z,zj)/RES;
 782   
 783  * Domestic output = domestic supply (DSO) + supply of transport margins (MRGNO)
 784  *                   + exports (EXO) - taxes on exports (TIXO)
 785   
 786  XSO_I(i,z)        = XSO_I(i,z)/RES;
 787  XSO(j,i,z)        = XSO(j,i,z)/RES;
 788  XSTO(j,z)         = XSTO(j,z)/RES;
 789   
 790  growthz(z)        = 0.02;
 791   
 792  *==============================================================================
 793  *  3.3 Exogenous prices and parameters
 794  *==============================================================================
 795   
 796  *  Price elasticity (should be equal to one to verify homogeneity)
 797  eta = 1;
 798   
 799  *==============================================================================
 800  * CES and CET elasticities
 801  *==============================================================================
 802  * CES elasticities are defined using GTAP8.1 data for imports
 803  * (sigma_M1 and sigma_M2) and value added (sigma_VA)
 804   
 805  * Other exogenous parameters can be defined if the Excel file VAL_PAR.XLS
 806  PARAMETER
 807  PARZ;
 808   
GDXIN   C:\Users\kimc0\GUIDE_GLOBAL_CGE\2.RD_CGE\Input_w-t\PAR.gdx
--- LOAD  sigma_KD = 1:sigma_KD
--- LOAD  sigma_LD = 2:sigma_LD
--- LOAD  sigma_X1 = 4:sigma_X1
--- LOAD  sigma_X2 = 5:sigma_X2
--- LOAD  sigma_X3 = 6:sigma_X3
--- LOAD  sigma_X0 = 7:sigma_X0
--- LOAD  sigma_Y = 8:sigma_y
--- LOAD  sigma_INV = 10:sigma_inv
--- LOAD  PARZ = 9:PARZ
 812   
 813  sigma_INV(k,j,z) = 2;
 814  *$exit
 815   
 816  *sigma_VA('03_OIL','06_PRK') = 2;
 817   
 818  sigma_Y('03_OIL','06_PRK') = 1.01;
 819   
 820   
 821  *------------------------------------------------------------------------------
 822  * CES - composite capital
 823  * We assume that the elasticity between the different type of capital
 824  * is twice that used for value added.
 825  * If the user wishes to assume otherwise, he can fill the appropriate area in
 826  * the Excel file VAL_PAR.xls and delete following line:
 827   sigma_KD(j,z)   = 2*sigma_VA(j,z);
 828  * sigma_KD(j,z)   = 0.5;
 829   
 830  * sigma_KD('27_CONSTRUC', '05_MNG') = 0.2;
 831  *27_CONSTRUC 05_MNG  2.52
 832   
 833  *------------------------------------------------------------------------------
 834  * CES - composite labor
 835  * We assume that the elasticity between the different type of labor
 836  * is twice that used for value added.
 837  * If the user wishes to assume otherwise, he can fill the appropriate area in
 838  * the Excel file VAL_PAR.xls and delete following line:
 839   sigma_LD(j,z)   = 2*sigma_VA(j,z);
 840  * sigma_LD(j,z)   = 0.5;
 841   
 842  *------------------------------------------------------------------------------
 843  * CES - composite KLE, ENER
 844   sigma_KLE(j,z)  = 0.5 ;
 845   sigma_ENER(j,z) = 1.1 ;
 846   
 847  *------------------------------------------------------------------------------
 848  * CET - total output
 849  * We arbitrarily assume that the transformation elasticity between total exports,
 850  * domestic supply and margins is equal to 2 for all sectors and all region.
 851  * If the user wishes to assume otherwise, he can fill the appropriate area in
 852  * the Excel file VAL_PAR.xls.
 853   
 854  *------------------------------------------------------------------------------
 855  * CET - exports
 856  * We arbitrarily assume that the transformation elasticity between exports
 857  * to the different partners is equal to 3 for all sectors and all region.
 858  * If the user wishes to assume otherwise, he can fill the appropriate area in
 859  * the Excel file VAL_PAR.xls.
 860   
 861  *------------------------------------------------------------------------------
 862  * LES parameters - Frisch
 863  * We assume that the Frisch parameter is -1.1 for rich regions/countries and
 864  * -1.5 for other regions/countries.
 865   frisch(zrich)   = -1.1;
 866   frisch(zother)  = -1.5;
 867   
 868  * If the user wishes to assume otherwise, he can fill the appropriate area in
 869  * the Excel file VAL_PAR.xls, delete the previous 2 lines and uncomment the
 870  * following line:
 871   frisch(z)      = PARZ(z,'frisch');
 872   
 873  *------------------------------------------------------------------------------
 874  * LES parameters - Income elasticity of consumption
 875  * We arbitrarily assume that the income elasticity of the consumption of
 876  * commodity i is the same for all region/country.
 877  * If the user wishes to assume otherwise, he can fill the appropriate area in
 878  * the Excel file VAL_PAR.xls.
 879   
 880  *------------------------------------------------------------------------------
 881  *  Slopes of taxation functions
 882  *   One can either choose to assign a value to the intercepts and calibrate
 883  *   the slopes accordingly, or the other way around. This type of modelling
 884  *   can be useful to take into account known marginal savings or taxation rates
 885  *   or to deal with negative average saving rates in cases where savings are
 886  *   negative for some household groups.
 887  *   When no further information is available, one can simply set the intercepts
 888  *   to zero and calibrate an average rate: this is what we do here for ttdh0O.
 889  *   If the user wishes to assume otherwise, he can fill the appropriate area in
 890  *   the Excel file VAL_PAR.xls.
 891  * ttdh0O(z)       = PARZ(z,'ttdh0O');
 892   
 893   ttdh0O(z)       = 0;
 894  *   The slope ttdh1O is calibrated below in the mane GAMS file
 895   
 896  *------------------------------------------------------------------------------
 897  *  Elasticity - Investment demand function
 898  * We arbitrarily assume that this elasticity is equal to 2 for all types of
 899  * capital, all sectors and all regions.
 900  * If the user wishes to assume otherwise, he can fill the appropriate area in
 901  * the Excel file VAL_PAR.xls.
 902   
 903  *------------------------------------------------------------------------------
 904  * Also we need to assign values to some prices
 905  * All of the prices below, EXCEPT eO, may be set at arbitrary values
 906  * without loss of generality.
 907  *
 908  * In the case of eO, although exchange rates may be given arbitrary values
 909  * in the model, they must all be equal for calibration at this stage. The reason
 910  * is that the supply of margin transport services MRGNO must equal global demand.
 911  * Since there is a single world price for international transport margins
 912  * (rather than bilateral world prices for other commodities) the unit of
 913  * measurement of the volume of margin services must be the same for all regions,
 914  * and in turn, that implies that the divisor that converts the nominal value to
 915  * volume be the same for all regions. Since that divisor involves the exchange
 916  * rate, all exchange rates must be equal.
 917   
 918  * Normally, prices that may be given arbitrary values are set at 1:
 919   eO(z)           = 1;
 920   PEO(i,z,zj)     = 1;
 921   PLO(i,z)        = 1;
 922   PWMGO(i)        = 1;
 923   WO(l,z)         = 1;
 924   
 925  *==============================================================================
 926  * 4 Calibration
 927  *==============================================================================
 928  *  4.1 Calculation of income and savings related variables and parameters
 929  *==============================================================================
 930   YHKO(z)         = SUM[(k,j),RKDO(k,j,z)];
 931   YHLO(z)         = SUM[(l,j),LDO(l,j,z)];
 932   YHO(z)          = YHLO(z)+YHKO(z);
 933   YDHO(z)         = YHO(z)-TDHO(z);
 934   CTHO(z)         = SUM[i,CO(i,z)];
 935   SHO(z)          = YDHO(z)-CTHO(z);
 936   
 937   TICTO(z)        = SUM[i,TICO(i,z)];
 938   TIMTO(z)        = SUM[(i,zj),TIMO(i,zj,z)];
 939   TIWTO(z)        = SUM[(l,j),TIWO(l,j,z)];
 940   TIKTO(z)        = SUM[(k,j),TIKO(k,j,z)];
 941   TIPTO(z)        = SUM[j,TIPO(j,z)];
 942   TIXTO(z)        = SUM[(i,zj),TIXO(i,z,zj)];
 943   TPRODNO(z)      = TIKTO(z)+TIWTO(z)+TIPTO(z);
 944   TPRCTSO(z)      = TICTO(z)+TIMTO(z)+TIXTO(z);
 945   YGO(z)          = TDHO(z)+TPRCTSO(z)+TPRODNO(z);
 946   GO(z)           = SUM[i,CGO(i,z)];
 947   SGO(z)          = YGO(z)-GO(z);
 948   
 949   YROWO(z)        = SUM[(i,zj),IMO(i,zj,z)]+SUM[(i,ij,zj),tmrg(i,ij,zj,z)];
 950   SROWO(z)        = YROWO(z)-SUM[(i,zj),EXO(i,z,zj)]-SUM[i,MRGNO(i,z)];
 951   CABO(z)         = -SROWO(z);
 952   
 953   ITO(z)          = SHO(z)+SGO(z)+SROWO(z);
 954   
 955  *==============================================================================
 956  *  4.2 Calibration of parameters and other variables
 957  *==============================================================================
 958  *  4.2.1 Calibration of investment and government spending shares
 959  *==============================================================================
 960   gamma_GVT(i,z)  = CGO(i,z)/SUM[ij,CGO(ij,z)];
 961   gamma_INV(i,z)  = INVO(i,z)/SUM[ij,INVO(ij,z)] ;
 962   
 963  *==============================================================================
 964  *  4.2.2 Calibration of other prices and revised volumes (part 1)
 965  *==============================================================================
 966   LDO(l,j,z)      = LDO(l,j,z)/WO(l,z);
 967   LDCO(j,z)       = SUM[l,LDO(l,j,z)];
 968   LSO(l,z)        = SUM[j,LDO(l,j,z)];
 969   EXO(i,z,zj)     = [EXO(i,z,zj)-TIXO(i,z,zj)]/PEO(i,z,zj);
 970   EXTO(i,z)       = SUM[zj,EXO(i,z,zj)];
 971   
 972   PWXO(i,z,zj)$EXO(i,z,zj)
 973                   = {[PEO(i,z,zj)*EXO(i,z,zj)+TIXO(i,z,zj)]/EXO(i,z,zj)}/eO(z);
 974   
 975   PETO(i,z)       = SUM[zj,PEO(i,z,zj)*EXO(i,z,zj)]/EXTO(i,z);
 976   PWMO(i,z,zj)    = PWXO(i,z,zj);
 977   IMO(i,zj,z)     = EXO(i,zj,z);
 978   IMTO(i,z)       = SUM[zj,IMO(i,zj,z)];
 979   
 980   DSO(j,i,z)       = DSO(j,i,z)/PLO(i,z);
 981   DSO_I(i,z)       = SUM(j,DSO(j,i,z));
 982   DSO_J(j,z)       = SUM(i,DSO(j,i,z));
 983   QO(i,z)         = IMTO(i,z)+DDO(i,z);
 984   
 985   MRGNO(i,z)$MRGNO(i,z)
 986                   = MRGNO(i,z)/[eO(z)*PWMGO(i)];
 987   
 988   XSO_I(i,z)      = EXTO(i,z)+DDO(i,z)+MRGNO(i,z);
 989   
 990   XSTO(j,z)       = sum(i, XSO(j,i,z));
 991   
 992   PO(i,z)        = [PETO(i,z)*EXTO(i,z)+PLO(i,z)*DSO_I(i,z)
 993                    +eO(z)*PWMGO(i)*MRGNO(i,z)]/XSO_I(i,z);
 994   
 995   PO2(j,i,z)$XSO(j,i,z) = 1;
 996   
 997   PO3(i,j,z)$XSO(j,i,z) = 1;
 998   
 999   PIO(i,z)       = SUM[j$XSO(j,i,z),PO2(J,I,z)*XSO(j,i,z)]/XSO_I(i,z);
1000   
1001   PTO(j,z)       = SUM[i$XSO(j,i,z),PO2(j,i,z)*XSO(j,i,z)]/XSTO(j,z);
1002   
1003   PPO(j,z)       = [SUM[l,TIWO(l,j,z)+WO(l,z)*LDO(l,j,z)]
1004                    +SUM[k,TIKO(k,j,z)+RKDO(k,j,z)]
1005                    +SUM[nene,DIO(nene,j,z)]+SUM[ene,DIO(ene,j,z)]]/XSTO(j,z);
1006   
1007   theta2(j,i,z) = DSO(j,i,z)/sum(jj, DSO(jj,i,z));
1008   
1009   EXTTO(j,i,z)$DSO(j,i,z) = theta2(j,i,z)*EXTO(i,z);
1010   
1011  *==============================================================================
1012  *  4.3 Calibration of tax rates, margins, prices and volumes
1013  *==============================================================================
1014  *  4.3.1 Margin rates and tax rates
1015  *==============================================================================
1016   ttixO(i,z,zj)   = [eO(z)*PWXO(i,z,zj)/PEO(i,z,zj)]-1;
1017   tticO(i,z)      = TICO(i,z)/{PLO(i,z)*DDO(i,z)
1018                     +SUM[zj,IMO(i,zj,z)*eO(z)*PWMO(i,zj,z)
1019                     +TIMO(i,zj,z)+SUM[ij,tmrg(ij,i,zj,z)]]};
1020   
1021   tmrg(i,ij,zj,z)$IMO(ij,zj,z)
1022                   = tmrg(i,ij,zj,z)/(PWMGO(i)*eO(z)*IMO(ij,zj,z));
1023   
1024   ttimO(i,zj,z)$IMO(i,zj,z)
1025                   = TIMO(i,zj,z)/{IMO(i,zj,z)*eO(z)*(PWMO(i,zj,z)
1026                    +SUM[ij,PWMGO(ij)*tmrg(ij,i,zj,z)])};
1027   
1028   ttiwO(l,j,z)$LDO(l,j,z)
1029                   = TIWO(l,j,z)/[WO(l,z)*LDO(l,j,z)];
1030   
1031   ttikO(k,j,z)$RKDO(k,j,z)
1032                   = TIKO(k,j,z)/RKDO(k,j,z);
1033   
1034   ttipO(j,z)      = [PTO(j,z)/PPO(j,z)]-1;
1035   
1036   ttdh1O(z)       = [TDHO(z)-ttdh0O(z)]/YHO(z);
1037   
1038  *==============================================================================
1039  *  4.3.2 Calibration of other prices and revised volumes (part 2)
1040  *==============================================================================
1041   PDO(i,z)        = PLO(i,z)*(1+tticO(i,z));
1042   PMO(i,zj,z)     = eO(z)*(PWMO(i,zj,z)+SUM[ij,PWMGO(ij)*tmrg(ij,i,zj,z)])
1043                   *(1+ttimO(i,zj,z))*(1+tticO(i,z));
1044   PMTO(i,z)       = SUM[zj,PMO(i,zj,z)*IMO(i,zj,z)]/IMTO(i,z);
1045   PCO(i,z)        = [PMTO(i,z)*IMTO(i,z)+PDO(i,z)*DDO(i,z)]/QO(i,z);
1046   
1047   CO(i,z)         = CO(i,z)/PCO(i,z);
1048   CGO(i,z)        = CGO(i,z)/PCO(i,z);
1049   DIO(nene,j,z)   = DIO(nene,j,z)/PCO(nene,z);
1050   DEO(ene,j,z)    = DIO(ene,j,z)/PCO(ene,z);
1051   INVO(i,z)       = INVO(i,z)/PCO(i,z);
1052   
1053   CIO(j,z)        = SUM[nene,DIO(nene,j,z)];
1054   CEO(j,z)        = SUM[ene,DEO(ene,j,z)];
1055   
1056   DITO(nene,z)     = SUM[j,DIO(nene,j,z)];
1057   DITO(ene,z)      = SUM[j,DEO(ene,j,z)];
1058   
1059   PO4(ene,j,z)    = PCO(ene,z);
1060   
1061   PCIO(j,z)       = SUM[nene,PCO(nene,z)*DIO(nene,j,z)]/CIO(j,z);
1062   PCEO(j,z)       = SUM[ene,PCO(ene,z)*DEO(ene,j,z)]/CEO(j,z) ;
1063   
1064   WTIO(l,j,z)     = WO(l,z)*(1+ttiwO(l,j,z));
1065   
1066   WCO(j,z)$LDCO(j,z)
1067                   = SUM[l,WTIO(l,j,z)*LDO(l,j,z)]/LDCO(j,z);
1068   
1069  *==============================================================================
1070  *  4.4 Calibration of dynamic parameters
1071  *==============================================================================
1072  * Calibration of dynamic parameters following new procedure.
1073  * The price of capital is arbitrary:
1074   PKO(z) = 1;
1075   
1076  * The calibration of depreciation rates is based on two hypotheses:
1077  * 1. The rate of depreciation is the same for all types of capital and all
1078  *    industries in each region (this hypothesis is made to accommodate the fact
1079  *    that, in the GTAP data base, capital consumption allowance is not detailed;
1080  *    as a matter of fact, the GTAP capital consumption allowance is set at
1081  *    4% of the value of the capital stock).
1082  * 2. The rental rate of capital is uniform across industries and types of
1083  *    capital in each region.
1084  * 3. The investment rate (IND/KD) is uniform across industries and types of
1085  *    capital in each region.
1086  * These hypotheses lead to the following formulae:
1087   
1088  * From GTAP, we know KSTO.
1089   KSTO(z)         = KSTO(z)/PKO(z);
1090   
1091  * Assuming a uniform depreciation rate for all types
1092  * of capital and all industries:
1093   delta(z)        = DEPO(z)/[PKO(z)*KSTO(z)];
1094   
1095  * From GTAP, we know KSTO. Assuming a uniform rental rate R for all types
1096  * of capital and all industries:
1097   RO(k,j,z)$RKDO(k,j,z)
1098                   = SUM[(kj,jj),RKDO(kj,jj,z)]/KSTO(z);
1099   
1100  * Then from the GTAP value of income paid to capital RKD we calibrate KDO:
1101   KDO(k,j,z)$RKDO(k,j,z)
1102                   = RKDO(k,j,z)/RO(k,j,z);
1103   
1104  * The supply of capital is equal to demand:
1105   KSO(k,z)        = SUM[j,KDO(k,j,z)];
1106   
1107  * The rate of return on capital, net of depreciation, is:
1108   IRO(z)         = {SUM[(k,j)$RKDO(k,j,z),RKDO(k,j,z)]-DEPO(z)}/[PKO(z)*KSTO(z)];
1109   
1110  * The user cost of capital follows
1111   UO(z)           = PKO(z)*(IRO(z)+delta(z));
1112   
1113  * Combining
1114  * - the hypothesis of uniform investment rates
1115  * - the hypothesis of uniform rental rates
1116  * - the hypothesis of uniform depreciation rates
1117  * leads to
1118   phiO(z)         = [ITO(z)/PKO(z)]/KSTO(z);
1119   
1120  * Investment by destination follows:
1121   INDO(k,j,z)$KDO(k,j,z)
1122                   = phiO(z)*KDO(k,j,z);
1123   
1124   A_K(z)          = 1/PKO(z)*{PROD[i$gamma_INV(i,z),(PCO(i,Z)/gamma_INV(i,z))
1125                     **gamma_INV(i,z)]};
1126   
1127   KDCO(j,z)       = SUM[k,KDO(k,j,z)];
1128   RTIO(k,j,z)     = RO(k,j,z)*(1+ttikO(k,j,z));
1129   RCO(j,z)$KDCO(j,z)
1130                   = SUM[k,RTIO(k,j,z)*KDO(k,j,z)]/KDCO(j,z);
1131   
1132  *==============================================================================
1133  *  4.5 Calibration of other prices and revised volumes (part 3)
1134  *==============================================================================
1135   VAO(j,z)        = LDCO(j,z)+KDCO(j,z);
1136   
1137   PVAO(j,z)       = [WCO(j,z)*LDCO(j,z)+RCO(j,z)*KDCO(j,z)]/VAO(j,z);
1138   
1139  * PIXGDPO is tautologically equal to 1, based on its formula
1140  * PIXGDPO(z)      = {SUM[j,{(PVAO(j,z)*VAO(j,z)+TIPO(j,z))/VAO(j,z)}*VAO(j,z)]
1141  *                   /SUM[j,{(PVAO(j,z)*VAO(j,z)+TIPO(j,z))/VAO(j,z)}*VAO(j,z)]
1142  *                   *SUM[j,{(PVAO(j,z)*VAO(j,z)+TIPO(j,z))/VAO(j,z)}*VAO(j,z)]
1143  *                   /SUM[j,{(PVAO(j,z)*VAO(j,z)+TIPO(j,z))/VAO(j,z)}*VAO(j,z)]}**0.5;
1144   PIXGDPO(z)      = 1;
1145   
1146  * PIXGDP_WO is tautologically equal to 1, based on its formula
1147  * PIXGDP_WO       = {SUM[(j,z),{(PVAO(j,z)*VAO(j,z)+TIPO(j,z))/VAO(j,z)}*VAO(j,z)/eO(z)]
1148  *                   /SUM[(j,z),{(PVAO(j,z)*VAO(j,z)+TIPO(j,z))/VAO(j,z)}*VAO(j,z)/eO(z)]
1149  *                   *SUM[(j,z),{(PVAO(j,z)*VAO(j,z)+TIPO(j,z))/VAO(j,z)}*VAO(j,z)/eO(z)]
1150  *                   /SUM[(j,z),{(PVAO(j,z)*VAO(j,z)+TIPO(j,z))/VAO(j,z)}*VAO(j,z)]/eO(z)}**0.5;
1151   PIXGDP_WO       = 1;
1152   
1153  * PIXCONO(z) is tautologically equal to 1, based on its formula
1154  * PIXCONO(z)      = SUM[i,PCO(i,z)*CO(i,z)]
1155  *                  /SUM[i,PCO(i,z)*CO(i,z)];
1156   PIXCONO(z)      = 1;
1157   
1158  * PIXINVO(z) is tautologically equal to 1, based on its formula
1159  * PIXINVO(z)      = PROD[i$gamma_INV(i,z),(PCO(i,z)/PCO(i,z))**gamma_INV(i,z)];
1160   PIXINVO(z)      = 1;
1161   
1162  * PIXGVTO(z) is tautologically equal to 1, based on its formula
1163  * PIXGVTO(z)      = PROD[i$gamma_GVT(i,z),(PCO(i,z)/PCO(i,z))**gamma_GVT(i,z)];
1164   PIXGVTO(z)      = 1;
1165   
1166  *==============================================================================
1167  *  4.6 Calibration of function parameters
1168  *==============================================================================
1169  *   4.6.1 Leontief functions
1170  *==============================================================================
1171   io(j,z)         = CIO(j,z)/XSTO(j,z) ;
1172   
1173   io2(j,z)        = CEO(j,z)/XSTO(j,z) ;
1174   
1175   v(j,z)          = VAO(j,z)/XSTO(j,z) ;
1176   
1177   v2(j,z)         = (CEO(j,z)+VAO(j,z))/XSTO(j,z) ;
1178   
1179   aij(nene,j,z)   = DIO(nene,j,z)/CIO(j,z);
1180   aij2(ene,j,z)   = DEO(ene,j,z)/CEO(j,z);
1181   
1182   aij2_t(ene,j,z,time) =  aij2(ene,j,z)*AEEI_low(z,'2019') ;
1183   io2_t(j,z,time) = io2(j,z)*AEEI_low(z,'2019') ;
1184  *==============================================================================
1185  *   4.6.2 Calibration of CET parameters
1186  *==============================================================================
1187  *    4.6.2.1 CET between total exports, domestic supply and margins
1188  *==============================================================================
1189   rho_X1(i,z)     = (1+sigma_X1(i,z))/sigma_X1(i,z);
1190   
1191   beta_EX_X1(i,z)$MRGNO(i,z)
1192                   = [PETO(i,z)*EXTO(i,z)$EXTO(i,z)**(1-rho_X1(i,z))]/
1193                     [PETO(i,z)*EXTO(i,z)$EXTO(i,z)**(1-rho_X1(i,z))+
1194                     PLO(i,z)*DSO_I(i,z)**(1-rho_X1(i,z))+
1195                     eO(z)*PWMGO(i)*MRGNO(i,z)$MRGNO(i,z)**(1-rho_X1(i,z))+Tiny];
1196   
1197   beta_EX_X1(i,z)$(MRGNO(i,z) eq 0)
1198                   = [PETO(i,z)*EXTO(i,z)$EXTO(i,z)**(1-rho_X1(i,z))]/
1199                     [PETO(i,z)*EXTO(i,z)$EXTO(i,z)**(1-rho_X1(i,z))+
1200                     PLO(i,z)*DSO_I(i,z)**(1-rho_X1(i,z))+Tiny];
1201   
1202   beta_D_X1(i,z)$MRGNO(i,z)
1203                   = [PLO(i,z)*DSO_I(i,z)**(1-rho_X1(i,z))]/
1204                     [PETO(i,z)*EXTO(i,z)**(1-rho_X1(i,z))+
1205                     PLO(i,z)*DSO_I(i,z)**(1-rho_X1(i,z))+
1206                     eO(z)*PWMGO(i)*MRGNO(i,z)**(1-rho_X1(i,z))];
1207   
1208   beta_D_X1(i,z)$(MRGNO(i,z) eq 0)
1209                   = [PLO(i,z)*DSO_I(i,z)**(1-rho_X1(i,z))]/
1210                     [PETO(i,z)*EXTO(i,z)**(1-rho_X1(i,z))+
1211                     PLO(i,z)*DSO_I(i,z)**(1-rho_X1(i,z))];
1212   
1213   B_X1(i,z)       = XSO_I(i,z)/[beta_EX_X1(i,z)*EXTO(i,z)**rho_X1(i,z)
1214                    +beta_D_X1(i,z)*DSO_I(i,z)**rho_X1(i,z)+(1-beta_EX_X1(i,z)
1215                    -beta_D_X1(i,z))*MRGNO(i,z)**rho_X1(i,z)]**(1/rho_X1(i,z));
1216   
1217  *==============================================================================
1218  *    4.6.2.2 CET between exports to different trading partners
1219  *==============================================================================
1220   rho_X2(i,z)     = (1+sigma_X2(i,z))/sigma_X2(i,z);
1221   beta_X2(i,z,zj)$EXO(i,z,zj)
1222                   = [PEO(i,z,zj)*EXO(i,z,zj)**(1-rho_X2(i,z))]/
1223                     SUM[zjj$EXO(i,z,zjj),PEO(i,z,zjj)*EXO(i,z,zjj)
1224                     **(1-rho_X2(i,z))];
1225   B_X2(i,z)       = EXTO(i,z)/{SUM[zj,beta_X2(i,z,zj)*EXO(i,z,zj)**rho_X2(i,z)]
1226                     **(1/rho_X2(i,z))};
1227   
1228  *==============================================================================
1229  *   4.6.3 Calibration of CES parameters
1230  *==============================================================================
1231  *    4.6.3.0 Composite output
1232  *==============================================================================
1233   rho_X3(i,z)   = (1-sigma_X3(i,z))/sigma_X3(i,z);
1234   
1235   beta_X3(j,i,z)$XSO(j,i,z)
1236                 = [PO2(j,i,z)*XSO(j,i,z)**(1+rho_X3(i,z))]/
1237                     SUM[jj$XSO(jj,i,z),PO2(jj,i,z)*XSO(jj,i,z)**(1+rho_X3(i,z))];
1238   
1239   B_X3(i,z)     = XSO_I(i,z)
1240                    /SUM[jj$XSO(jj,i,z),beta_X3(jj,i,z)*XSO(jj,i,z)**(-rho_X3(i,z))
1241                    ]**(-1/rho_X3(i,z));
1242   
1243   POWERQO(Z) = SUM(POWER, XSO(power,'18_ELEC',z));
1244   
1245  * sigma_X4(z) =2;
1246   sigma_X4(z) =2;
1247   
1248   rho_X4(z)   = (1-sigma_X4(z))/sigma_X4(z);
1249   
1250   beta_X4(power,z)
1251                 = [PO2(power,'18_ELEC',z)*XSO(power,'18_ELEC',z)**(1+rho_X4(z))]/
1252                     SUM[power2$XSO(power2,'18_ELEC',z),PO2(power2,'18_ELEC',z)*XSO(power2,'18_ELEC',z)**(1+rho_X4(z))];
1253   
1254   B_X4(z)     = POWERQO(Z)
1255                    /SUM[power2$XSO(power2,'18_ELEC',z),beta_X4(power2,z)*XSO(power2,'18_ELEC',z)**(-rho_X4(z))
1256                    ]**(-1/rho_X4(z));
1257   
1258   TnDShare(z) = XSO('18_TnD','18_ELEC',z) / XSO_I('18_ELEC',z);
1259   
1260   PPOWERO(z) = 1;
1261   
1262  *==============================================================================
1263  *    4.6.3.1 Composite good
1264  *==============================================================================
1265   rho_M1(i,z)     = (1-sigma_m1(i,z))/sigma_m1(i,z);
1266   beta_M1(i,z)    = PMTO(i,z)*IMTO(i,z)**(rho_M1(i,z)+1)/
1267                    {PDO(i,z)*DDO(i,z)**(rho_M1(i,z)+1)
1268                    +PMTO(i,z)*IMTO(i,z)**(rho_M1(i,z)+1)};
1269   B_M1(i,z)       = QO(i,z)/{beta_M1(i,z)*IMTO(i,z)**(-rho_M1(i,z))
1270                    +(1-beta_M1(i,z))*DDO(i,z)**(-rho_M1(i,z))}**(-1/rho_M1(i,z));
1271   
1272  *==============================================================================
1273  *    4.6.3.2 CES between imports from different trading partners
1274  *==============================================================================
1275   rho_M2(i,z)     = (1-sigma_M2(i,z))/sigma_M2(i,z);
1276   beta_M2(i,zj,z)$IMO(i,zj,z)
1277                   = [PMO(i,zj,z)*IMO(i,zj,z)**(rho_M2(i,z)+1)]/
1278                     SUM[zjj$IMO(i,zjj,z),PMO(i,zjj,z)*IMO(i,zjj,z)
1279                      **(rho_M2(i,z)+1)];
1280   B_M2(i,z)       = IMTO(i,z)/{SUM[zj$IMO(i,zj,z),beta_M2(i,zj,z)*IMO(i,zj,z)
1281                     **(-rho_M2(i,z))]**(-1/rho_M2(i,z))};
1282   
1283  *==============================================================================
1284  *    4.6.3.3 Composite capital
1285  *==============================================================================
1286   rho_KD(j,z)     = (1-sigma_KD(j,z))/sigma_KD(j,z);
1287   
1288   beta_KD(k,j,z)$KDO(k,j,z)
1289                   = [RTIO(k,j,z)*KDO(k,j,z)**(1+rho_KD(j,z))]/
1290                     SUM[kj$KDO(kj,j,z),RTIO(kj,j,z)*KDO(kj,j,z)**(1+rho_KD(j,z))];
1291   B_KD(j,z)$KDCO(j,z)
1292                   = KDCO(j,z)/{SUM[k$KDO(k,j,z),beta_KD(k,j,z)*KDO(k,j,z)
1293                     **(-rho_KD(j,z))]**(-1/rho_KD(j,z))};
1294   
1295  *==============================================================================
1296  *    4.6.3.4 Composite labor
1297  *==============================================================================
1298   rho_LD(j,z)     = (1-sigma_LD(j,z))/sigma_LD(j,z);
1299   beta_LD(l,j,z)$LDO(l,j,z)
1300                   = [WTIO(l,j,z)*LDO(l,j,z)**(1+rho_LD(j,z))]/
1301                     SUM[lj$LDO(lj,j,z),WTIO(lj,j,z)*LDO(lj,j,z)
1302                     **(1+rho_LD(j,z))];
1303   B_LD(j,z)$LDCO(j,z)
1304                   = LDCO(j,z)/{SUM[l$LDO(l,j,z),beta_LD(l,j,z)*LDO(l,j,z)
1305                     **(-rho_LD(j,z))]**(-1/rho_LD(j,z))};
1306   
1307  *===============================================================================
1308  *   Composite E
1309  *===============================================================================
1310   rho_ENER(j,z)   = (1-sigma_ENER(j,z))/sigma_ENER(j,z);
1311   
1312   beta_ENER(ene,j,z)$DEO(ene,j,z)
1313                   = [PO4(ene,j,z)*DEO(ene,j,z)**(1+rho_ENER(j,z))]/
1314                     SUM[ene2$DIO(ene,j,z),DEO(ene2,j,z)**(1+rho_ENER(j,z))];
1315   
1316   B_ENER(j,z)$CEO(j,z)
1317                   = CEO(j,z)/{SUM[ene$DEO(ene,j,z),beta_ENER(ene,j,z)*DEO(ene,j,z)
1318                     **(-rho_ENER(j,z))]**(-1/rho_ENER(j,z))};
1319   
1320   B_ENER_t(j,z,time) = B_ENER(j,z)*(1/AEEI_low(z,'2019'));
1321   
1322  *==============================================================================
1323  *    4.6.3.5 Value added
1324  *==============================================================================
1325   sigma_VA('10_PETROLCOAL',z) = 1.260;
1326   display sigma_VA ;
1327   
1328   rho_VA(j,z)     = (1-sigma_VA(j,z))/sigma_VA(j,z);
1329   
1330   beta_VA(j,z)$KDCO(j,z)
1331                   = WCO(j,z)*LDCO(j,z)**(rho_VA(j,z)+1)/
1332                    {WCO(j,z)*LDCO(j,z)**(rho_VA(j,z)+1)+
1333                     RCO(j,z)*KDCO(j,z)**(rho_VA(j,z)+1)};
1334   B_VA(j,z)$KDCO(j,z)
1335                   = VAO(j,z)
1336                     /{[beta_VA(j,z)*LDCO(j,z)**(-rho_VA(j,z))+
1337                     (1-beta_VA(j,z))*KDCO(j,z)**(-rho_VA(j,z))
1338                     ]**(-1/rho_VA(j,z))};
1339   
1340  *==============================================================================
1341  *    Composite KLE
1342  *==============================================================================
1343   KLEO(j,z)       = CEO(j,z) + VAO(j,z) ;
1344   
1345   PKLEO(j,z)      = [PCEO(j,z)*CEO(j,z)+PVAO(j,z)*VAO(j,z)]/KLEO(j,z);
1346   
1347   rho_KLE(j,z)    = (1-sigma_KLE(j,z))/sigma_KLE(j,z);
1348   
1349   beta_KLE(j,z)$KLEO(j,z)
1350                   = PVAO(j,z)*VAO(j,z)**(rho_KLE(j,z)+1)/
1351                    {PVAO(j,z)*VAO(j,z)**(rho_KLE(j,z)+1)+
1352                     PCEO(j,z)*CEO(j,z)**(rho_KLE(j,z)+1)};
1353   
1354   beta_KLE2(j,z)$KLEO(j,z)
1355                   = 1-beta_KLE(j,z);
1356   
1357   B_KLE(j,z)$KLEO(j,z)
1358                   = KLEO(j,z)
1359                     /{[beta_KLE(j,z)*VAO(j,z)**(-rho_KLE(j,z))+
1360                     (beta_KLE2(j,z))*CEO(j,z)**(-rho_KLE(j,z))
1361                     ]**(-1/rho_KLE(j,z))};
1362   
1363   beta_KLE2_t(j,z,time) = beta_KLE2(j,z)*AEEI_low(z,'2019');
1364   
1365  *==============================================================================
1366  *   4.6.4 Calibration of LES parameters
1367  *==============================================================================
1368  *   As the assigned values of income elasticities may not result in
1369  *   consumption shares that add up to 1, this first step
1370  *   adjusts the elasticities proportionally
1371   sigma_Y(i,z)    = sigma_Y(i,z)/{SUM[ij,sigma_Y(ij,z)*PCO(ij,z)*CO(ij,z)]
1372                     /CTHO(z)};
1373   gamma_LES(i,z)  = PCO(i,z)*CO(i,z)*sigma_Y(i,z)/CTHO(z);
1374   CMINO(i,z)      = CO(i,z)+gamma_LES(i,z)*CTHO(z)/{PCO(i,z)*frisch(z)};
1375   
1376   elas_enecom(ene,z)  = CMINO(ene,z)/CO(ene,z)*(1-gamma_LES(ene,z)) -1 ;
1377   
1378  *==============================================================================
1379  *  4.7 Calibration of gross domestic products
1380  *==============================================================================
1381   GDP_BPO(z)      = SUM[j,PVAO(j,z)*VAO(j,z)]+TIPTO(z);
1382   GDP_MPO(z)      = GDP_BPO(z)+TPRCTSO(z);
1383   GDP_IBO(z)      = SUM[(l,j),WO(l,z)*LDO(l,j,z)]+SUM[(k,j),RO(k,j,z)*KDO(k,j,z)]
1384                     +TPRODNO(z)+TPRCTSO(z);
1385   GDP_FDO(z)      = SUM[i,PCO(i,z)*(CO(i,z)+CGO(i,z)+INVO(i,z))]
1386                    +eO(z)*SUM[(i,zj),PWXO(i,z,zj)*EXO(i,z,zj)]
1387                    +eO(z)*SUM[i,PWMGO(i)*MRGNO(i,z)]
1388                    -eO(z)*SUM[(i,zj),IMO(i,zj,z)*(PWMO(i,zj,z)
1389                    +SUM{ij,PWMGO(ij)*tmrg(ij,i,zj,z)})];
1390   GDP_BP_WO       = SUM[z,GDP_BPO(z)/eO(z)];
1391   
1392  *==============================================================================
1393  *  4.8 Calibration of real (volume) variables computed from price indices
1394  *==============================================================================
1395   CABXO(z)        = CABO(z)/[PIXGDP_WO*eO(z)];
1396   
1397  *------------------------------------------------------------------------------
1398  * Calculation of CAB index
1399  * If every region's CABX grows exogenously according to exogro, then the
1400  * worldwide sum of CABX's will not be zero. If, due to redundancy, the reference
1401  * region's CABX is left implicit, then it will not grow according to that
1402  * region's exogro (it follows that the solution will depend on the choice of
1403  * reference region). CABix is formed from exogro by inflating or deflating the
1404  * updating factors of positive (SURplus) and negative (DEFicit) CABX's in such
1405  * a way that their sum remains zero.
1406   
      Parameter CABXsur(z,time), CABXdef(z,time), bal(time), mu(time), CABix(z,time);
       CABXsur(z,time) = CABXO(z)*exogro(z,time)$[CABXO(z) gt 0];
       CABXdef(z,time) = CABXO(z)*exogro(z,time)$[CABXO(z) lt 0];
       Bal(time)       = sum(zj,CABXsur(zj,time))+sum(zj,CABXdef(zj,time));
       mu(time)        = sum(zj,CABXsur(zj,time))/
                           {sum(zj,CABXsur(zj,time))+sum(zj,abs[CABXdef(zj,time)])};
       CABXsur(z,time) = CABXsur(z,time)*{1-mu(time)*Bal(time)/sum(zj,CABXsur(zj,time))};
       CABXdef(z,time) = CABXdef(z,time)*{1-[1-mu(time)]*Bal(time)/sum(zj,CABXdef(zj,time))};
       CABix(z,time)   = [CABXsur(z,time)+CABXdef(z,time)]/CABXO(z);
1418  *------------------------------------------------------------------------------
1419   
1420   CTH_REALO(z)    = CTHO(z)/PIXCONO(z);
1421   G_REALO(z)      = GO(z)/PIXGVTO(z);
1422   GDP_BP_REALO(z) = GDP_BPO(z)/PIXGDPO(z);
1423   GDP_BP_W_REALO  = GDP_BP_WO/PIXGDP_WO;
1424   GDP_MP_REALO(z) = GDP_MPO(z)/PIXCONO(z);
1425   IT_REALO(z)     = ITO(z)/PIXINVO(z);
1426   
1427  *==============================================================================
1428  *  4.9 Parameters of the household savings function
1429  *==============================================================================
1430  * sh1O(z)         = [SHO(z)+SGO(z)]/GDP_IBO(z);
1431   sh1O(z)         = [SHO(z)/YDHO(z)];
1432   
1433  * sh0O(z)         = SHO(z)-sh1O(z)*YDHO(z);
1434   sh0O(z) =0 ;
1435  *==============================================================================
1436  *  4.10 Re-calibration of indexed transfers and parameters
1437  *==============================================================================
1438  * sh0O(z)         = sh0O(z)/PIXCONO(z)**eta;
1439   ttdh0O(z)       = ttdh0O(z)/PIXCONO(z)**eta;
1440   
1441  *==============================================================================
1442  *  4.9 CO2 emission
1443  *==============================================================================
1444  *$INCLUDE DATA_WEB-2019_240111.gms
INCLUDE    C:\Users\kimc0\GUIDE_GLOBAL_CGE\2.RD_CGE\DATA_WEB-2019.gms
1446  Set flow, commodity
1447   
1448  flow flow
1449  /
1450  f1_INDPROD      Production
1451  f2_IMPORTS      Imports
1452  f3_EXPORTS      Exports
1453  f5_MARBUNK      International marine bunkers
1454  f4_AVBUNK       International aviation bunkers
1455  f6_STOCKCHA     Stock changes
1456  f7_TES          Total energy supply
1457  f8_TRANSFER     Transfers
1458  f9_STATDIFF     Statistical differences
1459  f10_TOTTRANF    Transformation process
1460  f11_MAINELEC    Main activity producer electricity plants
1461  f12_AUTOELEC    Autoproducer electricity plants
1462  f13_MAINCHP     Main activity producer CHP plants
1463  f14_AUTOCHP     Autoproducer CHP plants
1464  f15_MAINHEAT    Main activity producer heat plants
1465  f16_AUTOHEAT    Autoproducer heat plants
1466  f17_THEAT       Heat pumps
1467  f19_TBOILER     Electric boilers
1468  f18_TELE        Chemical heat for electricity production
1469  f20_TBLASTFUR   Blast furances
1470  f21_TGASWKS     Gas works
1471  f22_TCOKEOVS    Coke ovens
1472  f23_TPATFUEL    Patent fuel plants
1473  f24_TBKB        BKB peat briquettes
1474  f25_TREFINER    Oil refineries
1475  f26_TPETCHEM    Petrochemical plants
1476  f27_TCOALLIQ    Coal liquefaction
1477  f28_TGTL        Gas-to-liquids plants
1478  f29_TBLENDGAS   For blened natural gas
1479  f30_TCHARCOAL   Charocal production plants
1480  f31_TNONSPEC    Non-specific transformation
1481  f32_TOTENGY     Energy industry own use
1482  f33_EMINES      Coal mines
1483  f34_EOILGASEX   Oil and gas extraction
1484  f35_EBLASTFUR   Blast furances
1485  f36_EGASWKS     Gas works
1486  f37_EBIOGAS     Gasfication plants for biogases
1487  f38_ECOKEOVS    Coke ovens
1488  f39_EPATFUEL    Patent fuel plants
1489  f40_EBKB        BKB peat briquettes
1490  f41_EREFINER    Oil refineries
1491  f42_ECOALLIQ    Coal liquefaction plants
1492  f43_ELNG        Liqefaction regasification plants
1493  f44_EGTL        Gas to liquids plants
1494  f45_EPOWERPLT   Own use in electricity CHP and heat plants
1495  f46_EPUMPST     Pumped storage plants
1496  f47_ENUC        Nuclear industry
1497  f48_ECHARCOAL   Charcoal production plants
1498  f49_ENONSPEC    Non specified
1499  f50_DISTLOSS    Losses
1500  f51_TFC         Total final consumption
1501  f52_AGRICULT    Agriculture forestry
1502  f53_FISHING     Fishing
1503  f54_MINING      Mining and quarrying
1504  f55_FOODPRO     Food and tobacco
1505  f56_TEXTILES    Textile and leather
1506  f57_WOODPRO     Wood and wood products
1507  f58_PAPERPRO    Paper pulp and print
1508  f59_CHEMICAL    Chemical and petrochemical
1509  f60_NONMET      Non metallic minerals
1510  f61_IRONSTL     Iron and steel
1511  f62_NONFERR     Non ferrous metals
1512  f63_MACHINE     Machinery
1513  f64_TRANSEQ     Transport equipment
1514  f65_INONSPEC    Industry not elsewhere specified
1515  f66_CONSTRUC    Construction
1516  f67_COMMPUB     Commerical and public services
1517  f68_ONONSPEC    Final consumption not elsewhere specified
1518  f69_RESIDENT    Residential
1519  f70_ROAD        Road
1520  f71_RAIL        Rail
1521  f72_DOMESAIR    Domestic aviation
1522  f73_DOMESNAV    Domestic navigation
1523  f74_PIPELINE    Pipeline transport
1524  f75_TRNONSPE    Transport not elsewhere
1525  f76_NEMINING    Non energy use in mining and quarrying
1526  f77_NEFOODPRO   Non energy use in food beverages tobacco
1527  f78_NETEXTILES  Non energy use in textiles and leather
1528  f79_NEWOODPRO   Non energy use in wood and wood products
1529  f80_NEPAPERPRO  Non energy use in paper pulp and printing
1530  f81_NECHEM      Non energy use in chemical petrochemical
1531  f82_NENONMET    Non energy use in non metallic minerals
1532  f83_NEIRONSTL   Non energy use in iron and steel
1533  f84_NENONFERR   Non energy use in non ferrous metals
1534  f85_NEMACHINE   Non energy use in machinery
1535  f86_NETRANSEQ   Non energy use in transport equipment
1536  f87_NEINONSPEC  Non energy use in non specified industry
1537  f88_NECONSTRUC  Non energy use in construction
1538  f89_NEOTHER     Non energy use in other residential commerical public services agriculture forestry and fishing
1539  f90_NETRANS     Non energy use in transport
1540  f91_TOTIND      Industry
1541  f92_MANUFACT    Mnaufacturing
1542  f93_TOTTRANS    Transport
1543  f94_NONENUSE    Non energy use
1544  f95_NEINTREN    Non energy use industry transformation energy
1545  f96_NEIND       Non energy use in industry
1546  f97_WORLDAV     World aviation bunkers
1547  f98_WORLDMAR    World marine bunkers
1548  f99_ELOUTPUT    Electrictiy output GWh
1549  f100_ELMAINE    Electrictiy output GWh main activity producer electrictiy plants
1550  f101_ELAUTOE    Electrictiy output GWh autoproducer electricity plants
1551  f102_ELMAINC    Electrictiy output GWh main activty producer CHP plants
1552  f103_ELAUTOC    Electrictiy output GWh autoproducer CHP plants
1553  f104_HEATOUT    Heat output
1554  f105_HEMAINC    Heat output main activity producer CHP plants
1555  f106_HEAUTOC    Heat output autoproducer CHP plants
1556  f107_HEMAINH    Heat output main activity producer heat plants
1557  f108_HEAUTOH    Heat output autoproducer heat plants
1558  /
1559   
1560  product energy product
1561  /
1562  p1_HARDCOAL      Hard coal
1563  p2_BROWN         Brown coal
1564  p3_ANTCOAL       Anthracite
1565  p4_COKCOAL       Coking coal
1566  p5_BITCOAL       Other bittuminous coal
1567  p6_SUBCOAL       Sub-bituminous coal
1568  p7_LIGNITE       Lignite
1569  p8_PATFUEL       Patent fuel
1570  p9_OVENCOKE      Coke oven coke
1571  p10_GASCOKE      Gas coke
1572  p11_COALTAR      Coal tar
1573  p12_BKB          Brown coal briquettes
1574  p13_GASWKSGS     Gas works gas
1575  p14_COKEOVGS     Coke oven gas
1576  p15_BLFURGS      Blast furnace gas
1577  p16_OGASES       Other recovered gases
1578  p17_PEAT         Peat
1579  p18_PEATPROD     Peat products
1580  p19_OILSHALE     Oil shale and oil sands
1581  p20_NATGAS       Natural gas
1582  p21_CRNGFEED     Crude NGL feedstock
1583  p22_CRUDEOIL     Curde oil
1584  p23_NGL          Natural gas liquids
1585  p24_REFFEEDS     Refinery feedstocks
1586  p25_ADDITIVE     Addtitives blending components
1587  p26_NONCRUDE     Other hydrocarbons
1588  p27_REFINGAS     Refinery gas
1589  p28_ETHANE       Ethane
1590  p29_LPG          Liquefied petroleum gases(LPG)
1591  p30_NONBIOGASO   Motor gasoline (excl. biofuels)
1592  p31_AVGAS        Aviation gasoline
1593  p32_JETGAS       Jet fuel Gasoline tpye
1594  p33_NONBIOJETK   Jet fuel Kerosene type (excl. biofuels)
1595  p34_OTHKERO      Kerosene
1596  p35_NONBIODIES   Diesel oil (excl. biofuels)
1597  p36_RESFUEL      Fuel oil
1598  p37_NAPHTHA      Naphtha
1599  p38_WHITESP      Solvent (White spirit and industrial sprit SBP)
1600  p39_LUBRIC       Lubricants
1601  p40_BITUMEN      Bitumen (Asphalt)
1602  p41_PARWAX       Paraffin waxes
1603  p42_PETCOKE      Petroleum coke
1604  p43_ONONSPEC     Other oil products
1605  p44_INDWASTE     Industrial waste
1606  p45_MUNWASTER    Municipal waste(renewable)
1607  p46_MUNWASTEN    Municipal waste(non-renewable)
1608  p47_PRIMSBIO     Primary solid biofuels
1609  p48_BIOGASES     Biogases
1610  p49_BIOGASOL     Biogasoline
1611  p50_BIODIESEL    Biodiesels
1612  p51_BIOJETKERO   Bio jet kerosene
1613  p52_OBIOLIQ      Other liquid biofuels
1614  p53_RENEWNS      Non-specified primary biofuels and waste
1615  p54_CHARCOAL     Charcoal
1616  p55_NUCLEAR      Nuclear
1617  p56_HYDRO        Hydro
1618  p57_GEOTHERM     Geothermal
1619  p58_SOLARPV      Solar photovaltaics
1620  p59_SOLARTH      Solar thermal
1621  p60_TIDE         Tide wave and ocean
1622  p61_WIND         Wind
1623  p62_OTHER        Other sources includes production not included elsewhere such as fuel cells
1624  p63_ELECTR       Electricity
1625  p64_HEAT         Heat
1626  p65_HEATNS       Heat output from non-specified combustible fuels
1627  p66_TOTAL        Total
1628  p67_MANGAS       Elec heat output from non-specified manufactured gases
1629  p68_MRENEW       Memo Renewable
1630  /
1631   
1632  *===========================Products Mapping====================================
1633  p_coal(product)
1634  /
1635  p1_HARDCOAL      Hard coal
1636  p2_BROWN         Brown coal
1637  p3_ANTCOAL       Anthracite
1638  p4_COKCOAL       Coking coal
1639  p5_BITCOAL       Other bittuminous coal
1640  p6_SUBCOAL       Sub-bituminous coal
1641  p7_LIGNITE       Lignite
1642  p8_PATFUEL       Patent fuel
1643  *p9_OVENCOKE      Coke oven coke
1644  *p10_GASCOKE      Gas coke
1645  p11_COALTAR      Coal tar
1646  p12_BKB          Brown coal briquettes
1647  *p13_GASWKSGS     Gas works gas
1648  *p14_COKEOVGS     Coke oven gas
1649  p15_BLFURGS      Blast furnace gas
1650  p16_OGASES       Other recovered gases
1651  /
1652   
1653  p_coal3(product)
1654  /
1655  p1_HARDCOAL      Hard coal
1656  p2_BROWN         Brown coal
1657  p3_ANTCOAL       Anthracite
1658  p4_COKCOAL       Coking coal
1659  p5_BITCOAL       Other bittuminous coal
1660  p6_SUBCOAL       Sub-bituminous coal
1661  p7_LIGNITE       Lignite
1662  p8_PATFUEL       Patent fuel
1663  p9_OVENCOKE      Coke oven coke
1664  p10_GASCOKE      Gas coke
1665  p11_COALTAR      Coal tar
1666  p12_BKB          Brown coal briquettes
1667  p13_GASWKSGS     Gas works gas
1668  p14_COKEOVGS     Coke oven gas
1669  p15_BLFURGS      Blast furnace gas
1670  p16_OGASES       Other recovered gases
1671  /
1672   
1673  p_oil(product)
1674  /
1675  p22_CRUDEOIL     Curde oil
1676  /
1677   
1678  p_gasoil(product)
1679  /
1680  p20_NATGAS       Natural gas
1681  p22_CRUDEOIL     Curde oil
1682  /
1683   
1684  p_gas(product)
1685  /
1686  p13_GASWKSGS     Gas works gas
1687  p20_NATGAS       Natural gas
1688  p23_NGL          Natural gas liquids
1689  /
1690   
1691  p_oilproduct(product)
1692  /
1693  p9_OVENCOKE      Coke oven coke
1694  p10_GASCOKE      Gas coke
1695  p14_COKEOVGS     Coke oven gas
1696  p24_REFFEEDS     Refinery feedstocks
1697  p27_REFINGAS     Refinery gas
1698  p28_ETHANE       Ethane
1699  p29_LPG          Liquefied petroleum gases(LPG)
1700  p30_NONBIOGASO   Motor gasoline (excl. biofuels)
1701  p31_AVGAS        Aviation gasoline
1702  p32_JETGAS       Jet fuel Gasoline tpye
1703  p33_NONBIOJETK   Jet fuel Kerosene type (excl. biofuels)
1704  p34_OTHKERO      Kerosene
1705  p35_NONBIODIES   Diesel oil (excl. biofuels)
1706  p36_RESFUEL      Fuel oil
1707  p37_NAPHTHA      Naphtha
1708  p38_WHITESP      Solvent (White spirit and industrial sprit SBP)
1709  p39_LUBRIC       Lubricants
1710  p40_BITUMEN      Bitumen (Asphalt)
1711  p41_PARWAX       Paraffin waxes
1712  p42_PETCOKE      Petroleum coke
1713  p43_ONONSPEC     Other oil products
1714  /
1715   
1716  p_liquid(p_oilproduct)
1717  /
1718  p29_LPG          Liquefied petroleum gases(LPG)
1719  p30_NONBIOGASO   Motor gasoline (excl. biofuels)
1720  p31_AVGAS        Aviation gasoline
1721  p32_JETGAS       Jet fuel Gasoline tpye
1722  p33_NONBIOJETK   Jet fuel Kerosene type (excl. biofuels)
1723  p34_OTHKERO      Kerosene
1724  p35_NONBIODIES   Diesel oil (excl. biofuels)
1725  p36_RESFUEL      Fuel oil
1726  /
1727   
1728  p_oilproduct_feed(product)
1729  /
1730  p37_NAPHTHA      Naphtha
1731  p38_WHITESP      Solvent (White spirit and industrial sprit SBP)
1732  p39_LUBRIC       Lubricants
1733  p40_BITUMEN      Bitumen (Asphalt)
1734  p41_PARWAX       Paraffin waxes
1735  p42_PETCOKE      Petroleum coke
1736  p43_ONONSPEC     Other oil products
1737  /
1738   
1739  p_nuclear(product)
1740  /
1741  p55_NUCLEAR      Nuclear
1742  /
1743   
1744  p_solar(product)
1745  /
1746  p58_SOLARPV      Solar photovaltaics
1747  p61_WIND      Solar thermal
1748  /
1749   
1750  p_wind(product)
1751  /
1752  p61_WIND         Wind
1753  /
1754   
1755  p_hydro(product)
1756  /
1757  p56_HYDRO        Hydro
1758  /
1759   
1760  p_elecother(product)
1761  /
1762  p44_INDWASTE     Industrial waste
1763  p45_MUNWASTER    Municipal waste(renewable)
1764  p46_MUNWASTEN    Municipal waste(non-renewable)
1765  p47_PRIMSBIO     Primary solid biofuels
1766  p48_BIOGASES     Biogases
1767  p49_BIOGASOL     Biogasoline
1768  p50_BIODIESEL    Biodiesels
1769  p51_BIOJETKERO   Bio jet kerosene
1770  p52_OBIOLIQ      Other liquid biofuels
1771  p57_GEOTHERM     Geothermal
1772  p60_TIDE         Tide wave and ocean
1773  p62_OTHER        Other sources includes production not included elsewhere such as fuel cells
1774  /
1775   
1776  p_elecheat(product)
1777  /
1778  p63_ELECTR    Electricity
1779  p64_HEAT      Heat
1780  /
1781   
1782  p_elec(product)
1783  /
1784  p63_ELECTR    Electricity
1785  /
1786   
1787  p_heat(product)
1788  /
1789  p64_HEAT      Heat
1790  /
1791   
1792  p_ftotal(product)
1793  /
1794  p1_HARDCOAL      Hard coal
1795  p2_BROWN         Brown coal
1796  p3_ANTCOAL       Anthracite
1797  p4_COKCOAL       Coking coal
1798  p5_BITCOAL       Other bittuminous coal
1799  p6_SUBCOAL       Sub-bituminous coal
1800  p7_LIGNITE       Lignite
1801  p8_PATFUEL       Patent fuel
1802  *p9_OVENCOKE      Coke oven coke
1803  *p10_GASCOKE      Gas coke
1804  *p11_COALTAR      Coal tar
1805  p12_BKB          Brown coal briquettes
1806  *p13_GASWKSGS     Gas works gas
1807  *p14_COKEOVGS     Coke oven gas
1808  *p15_BLFURGS      Blast furnace gas
1809  *p16_OGASES       Other recovered gases
1810   
1811  p13_GASWKSGS     Gas works gas
1812  p20_NATGAS       Natural gas
1813  p23_NGL          Natural gas liquids
1814   
1815  p29_LPG          Liquefied petroleum gases(LPG)
1816  p30_NONBIOGASO   Motor gasoline (excl. biofuels)
1817  p31_AVGAS        Aviation gasoline
1818  p32_JETGAS       Jet fuel Gasoline tpye
1819  p33_NONBIOJETK   Jet fuel Kerosene type (excl. biofuels)
1820  p34_OTHKERO      Kerosene
1821  p35_NONBIODIES   Diesel oil (excl. biofuels)
1822  p36_RESFUEL      Fuel oil
1823   
1824  p63_ELECTR    Electricity
1825  p64_HEAT      Heat
1826   
1827  /
1828   
1829  *===========================Flows Mapping====================================
1830  f_balstfur(flow)
1831  /
1832  f20_TBLASTFUR   Blast furances
1833  /
1834   
1835  f_cokeoven(flow)
1836  /
1837  f22_TCOKEOVS    Coke ovens
1838  /
1839   
1840  f_eblastcoke(flow)
1841  /
1842  f35_EBLASTFUR   Blast furances
1843  f38_ECOKEOVS    Coke ovens
1844  /
1845   
1846  f_tpetrochem(flow)
1847  /
1848  f26_TPETCHEM    Petrochemical plants
1849  /
1850   
1851  f_prod(flow)
1852  /
1853  f1_INDPROD      Production
1854  /
1855   
1856  f_agri(flow)
1857  /
1858  f52_AGRICULT    Agriculture forestry
1859  f53_FISHING     Fishing
1860  /
1861   
1862  f_coa(flow)
1863  /
1864  f33_EMINES      Coal mines
1865  /
1866   
1867  f_oil(flow)
1868  /
1869  f34_EOILGASEX   Oil and gas extraction
1870  /
1871   
1872  f_gas(flow)
1873  /
1874  f21_TGASWKS     Includes the manufacture of town gas
1875  f34_EOILGASEX   Oil and gas extraction
1876  f36_EGASWKS     Represents the energy which is used in gas works
1877  /
1878   
1879  f_mining(flow)
1880  /
1881  f54_MINING      Mining and quarrying
1882  /
1883   
1884  f_foodpro(flow)
1885  /
1886  f55_FOODPRO     Food and tobacco
1887  /
1888   
1889  f_textiles(flow)
1890  /
1891  f56_TEXTILES    Textile and leather
1892  /
1893   
1894  f_woodpro(flow)
1895  /
1896  f57_WOODPRO     Wood and wood products
1897  /
1898   
1899  f_paperpro(flow)
1900  /
1901  f58_PAPERPRO    Paper pulp and print
1902  /
1903   
1904  f_petrolcoal(flow)
1905  /
1906  *f20_TBLASTFUR   Blast furances
1907  *f22_TCOKEOVS    Coke ovens
1908  *f23_TPATFUEL    Patent fuel plants
1909  *f24_TBKB        BKB peat briquettes
1910  *f25_TREFINER    Oil refineries
1911  *f26_TPETCHEM    Petrochemical plants
1912  *f27_TCOALLIQ    Coal liquefaction
1913  *f28_TGTL        Gas-to-liquids plants
1914   
1915  *f33_EMINES      Coal mines
1916  *f34_EOILGASEX   Oil and gas extraction
1917  *f35_EBLASTFUR   Blast furances
1918  *f36_EGASWKS     Gas works
1919  *f37_EBIOGAS     Gasfication plants for biogases
1920  *f38_ECOKEOVS    Coke ovens
1921  *f39_EPATFUEL    Patent fuel plants
1922  *f40_EBKB        BKB peat briquettes
1923  f41_EREFINER    Oil refineries
1924  f42_ECOALLIQ    Coal liquefaction plants
1925  *f43_ELNG        Liqefaction regasification plants
1926  *f44_EGTL        Gas to liquids plants
1927  *f45_EPOWERPLT   Own use in electricity CHP and heat plants
1928  *f46_EPUMPST     Pumped storage plants
1929  *f47_ENUC        Nuclear industry
1930  *f48_ECHARCOAL   Charcoal production plants
1931  *f49_ENONSPEC    Non specified
1932  *f50_DISTLOSS    Losses
1933  /
1934   
1935  *https://www.gtap.agecon.purdue.edu/databases/contribute/concordinfo.asp
1936  *p_c Petroleum & Coke: manufacture of coke and refined petroleum products
1937  *1910 Manufacture of coke oven products
1938  *1920 Manufacture of refined petroleum products
1939   
1940  f_chemical(flow)
1941  /
1942  f59_CHEMICAL    Chemical and petrochemical
1943  /
1944   
1945  f_nonmet(flow)
1946  /
1947  f60_NONMET      Non metallic minerals
1948  /
1949   
1950  f_ironstl(flow)
1951  /
1952  f61_IRONSTL     Iron and steel
1953  /
1954   
1955  f_nonferr(flow)
1956  /
1957  f62_NONFERR     Non ferrous metals
1958  /
1959   
1960  f_machine(flow)
1961  /
1962  f63_MACHINE     Machinery
1963  /
1964   
1965  f_transeq(flow)
1966  /
1967  f64_TRANSEQ     Transport equipment
1968  /
1969   
1970  f_otherind(flow)
1971  /
1972  f65_INONSPEC    Industry not elsewhere specified
1973  /
1974   
1975  f_elec(flow)
1976  /
1977  f11_MAINELEC    Main activity producer electricity plants
1978  f12_AUTOELEC    Autoproducer electricity plants
1979  f13_MAINCHP     Main activity producer CHP plants
1980  f14_AUTOCHP     Autoproducer CHP plants
1981  f15_MAINHEAT    Main activity producer heat plants
1982  f16_AUTOHEAT    Autoproducer heat plants
1983  *f17_THEAT       Heat pumps
1984  *f19_TBOILER     Electric boilers
1985  *f45_EPOWERPLT   Own use in electricity CHP and heat plants
1986  *f46_EPUMPST     Pumped storage plants
1987  /
1988   
1989  f_construc(flow)
1990  /
1991  f66_CONSTRUC    Construction
1992  /
1993   
1994  f_ser(flow)
1995  /
1996  f67_COMMPUB     Commerical and public services
1997  f68_ONONSPEC    Final consumption not elsewhere specified
1998  /
1999   
2000  f_household(flow)
2001  /
2002  f69_RESIDENT    Residential
2003  /
2004   
2005  f_roadrail(flow)
2006  /
2007  f70_ROAD        Road
2008  f71_RAIL        Rail
2009  f74_PIPELINE    Pipeline transport
2010  f75_TRNONSPE    Transport not elsewhere
2011  /
2012   
2013  f_domeair(flow)
2014  /
2015  f72_DOMESAIR    Domestic aviation
2016  /
2017   
2018  f_domewater(flow)
2019  /
2020  f73_DOMESNAV    Domestic navigation
2021  /
2022   
2023  *Non-energy
2024  f_nemining(flow)
2025  /
2026  f76_NEMINING    Non energy use in mining and quarrying
2027  /
2028   
2029  f_nefoodpro(flow)
2030  /
2031  f77_NEFOODPRO   Non energy use in food beverages tobacco
2032  /
2033   
2034  f_netextiles(flow)
2035  /
2036  f78_NETEXTILES  Non energy use in textiles and leather
2037  /
2038   
2039  f_newoodpro(flow)
2040  /
2041  f79_NEWOODPRO   Non energy use in wood and wood products
2042  /
2043   
2044  f_nepaperpro(flow)
2045  /
2046  f80_NEPAPERPRO  Non energy use in paper pulp and printing
2047  /
2048   
2049  f_nechemical(flow)
2050  /
2051  f81_NECHEM      Non energy use in chemical petrochemical
2052  /
2053   
2054  f_nenonmet(flow)
2055  /
2056  f82_NENONMET    Non energy use in non metallic minerals
2057  /
2058   
2059  f_neironstl(flow)
2060  /
2061  f83_NEIRONSTL   Non energy use in iron and steel
2062  /
2063   
2064  f_nenonferr(flow)
2065  /
2066  f84_NENONFERR   Non energy use in non ferrous metals
2067  /
2068   
2069  f_nemachine(flow)
2070  /
2071  f85_NEMACHINE   Non energy use in machinery
2072  /
2073   
2074  f_netranseq(flow)
2075  /
2076  f86_NETRANSEQ   Non energy use in transport equipment
2077  /
2078   
2079  f_neotherind(flow)
2080  /
2081  f87_NEINONSPEC  Non energy use in non specified industry
2082  /
2083   
2084  f_neconstruc(flow)
2085  /
2086  f88_NECONSTRUC  Non energy use in construction
2087  /
2088   
2089  f_netransport(flow)
2090  /
2091  f90_NETRANS     Non energy use in transport
2092  /
2093   
2094  f_neother(flow)
2095  /
2096  f89_NEOTHER     Non energy use in other residential commerical public services agriculture forestry and fishing
2097  /
2098   
2099  f_elecoutput(flow)
2100  /
2101  f99_ELOUTPUT    Electrictiy output GWh
2102  /
2103   
2104  type
2105  /
2106  CO2EF,
2107  CH4EF,
2108  N2OEF,
2109  Stored_rate
2110  /
2111   
2112  punit
2113  /
2114  physical
2115  /
2116   
2117  ;
2118   
2119  Alias(p_coal, p_coal2);
2120  Alias(p_coal3, p_coal4);
2121  Alias(p_gas, p_gas2);
2122  Alias(p_oil, p_oil2);
2123  Alias(p_oilproduct, p_oilproduct2);
2124  Alias(p_elecheat, p_elecheat2);
2125   
2126  *=== Import from Excel using GDX utilities
2127  *Unit 2019 ktoe
2128  Parameter
2129  WEB_KOR(flow,product),
2130  WEB_CHN(flow,product),
2131  WEB_JPN(flow,product),
2132  WEB_RUS(flow,product),
2133  WEB_MNG(flow,product),
2134  WEB_PRK(flow,product),
2135  WEB_NAM(flow,product),
2136  WEB_LAM(flow,product),
2137  WEB_WEU(flow,product),
2138  WEB_EEU(flow,product),
2139  WEB_FSU(flow,product),
2140  WEB_MEA(flow,product),
2141  WEB_AFR(flow,product),
2142  WEB_CPA(flow,product),
2143  WEB_SAS(flow,product),
2144  WEB_PAS(flow,product),
2145  WEB_PAO(flow,product),
2146  GHGsEF(product,type) kgC per TJ,
2147  physical_unit(product,punit)
2148  ;
2149   
2171   
GDXIN   C:\Users\kimc0\GUIDE_GLOBAL_CGE\2.RD_CGE\Input_WEB\230425_WEB19.gdx
--- LOAD  WEB_KOR = 1:WEB_KOR
--- LOAD  WEB_CHN = 2:WEB_CHN
--- LOAD  WEB_JPN = 3:WEB_JPN
--- LOAD  WEB_RUS = 4:WEB_RUS
--- LOAD  WEB_MNG = 5:WEB_MNG
--- LOAD  WEB_PRK = 6:WEB_PRK
--- LOAD  WEB_NAM = 7:WEB_NAM
--- LOAD  WEB_LAM = 8:WEB_LAM
--- LOAD  WEB_WEU = 9:WEB_WEU
--- LOAD  WEB_EEU = 10:WEB_EEU
--- LOAD  WEB_FSU = 11:WEB_FSU
--- LOAD  WEB_MEA = 12:WEB_MEA
--- LOAD  WEB_AFR = 13:WEB_AFR
--- LOAD  WEB_CPA = 14:WEB_CPA
--- LOAD  WEB_SAS = 15:WEB_SAS
--- LOAD  WEB_PAS = 16:WEB_PAS
--- LOAD  WEB_PAO = 17:WEB_PAO
--- LOAD  GHGsEF = 18:GHGsEF
--- LOAD  physical_unit = 19:physical_unit
2175   
2176  Parameter WEB(flow,product,z);
2177  WEB(flow,product,'01_KOR') =  WEB_KOR(flow,product);
2178  WEB(flow,product,'02_CHN') =  WEB_CHN(flow,product);
2179  WEB(flow,product,'03_JPN') =  WEB_JPN(flow,product);
2180  WEB(flow,product,'04_RUS') =  WEB_RUS(flow,product);
2181  WEB(flow,product,'05_MNG') =  WEB_MNG(flow,product);
2182  WEB(flow,product,'06_PRK') =  WEB_PRK(flow,product);
2183  WEB(flow,product,'07_NAM') =  WEB_NAM(flow,product);
2184  WEB(flow,product,'08_LAM') =  WEB_LAM(flow,product);
2185  WEB(flow,product,'09_WEU') =  WEB_WEU(flow,product);
2186  WEB(flow,product,'10_EEU') =  WEB_EEU(flow,product);
2187  WEB(flow,product,'11_FSU') =  WEB_FSU(flow,product);
2188  WEB(flow,product,'12_MEA') =  WEB_MEA(flow,product);
2189  WEB(flow,product,'13_AFR') =  WEB_AFR(flow,product);
2190  WEB(flow,product,'14_CPA') =  WEB_CPA(flow,product);
2191  WEB(flow,product,'15_SAS') =  WEB_SAS(flow,product);
2192  WEB(flow,product,'16_PAS') =  WEB_PAS(flow,product);
2193  WEB(flow,product,'17_PAO') =  WEB_PAO(flow,product);
2194   
2195  execute_unload 'Input_WEB/WEB_2019_230425.gdx',
2196  *Sets
2197  WEB ;
2198   
2199   
2200  Parameter
2201   TCoke_Share(f_cokeoven,product,z)
2202   TBlast_Share(f_balstfur,product,z)
2203  ;
2204   
2205  Parameter
2206   Coal_DIO(p_coal,j,z)            Intermediate consumption of coal products by industry j in region z
2207   Coal_CO(p_coal,z)               Household consumption of coal products in region z
2208   CoalR_DIO(p_coal,j,z)           Intermediate consumption ratio of coal products by industry j in region z
2209   CoalR_CO(p_coal,z)              Household consumption ratio of coal products in region z
2210   
2211   Gas_DIO(p_gas,j,z)              Intermediate consumption of gas products by industry j in region z
2212   Gas_CO(p_gas,z)                 Household consumption of gas products in region z
2213   GasR_DIO(p_gas,j,z)             Intermediate consumption ratio of gas products by industry j in region z
2214   GasR_CO(p_gas,z)                Household consumption ratio of gas products in region z
2215   
2216   Oil_DIO(p_oil,j,z)              Intermediate consumption of crudeoil by industry j in region z
2217   Oil_CO(p_oil,z)                 Household consumption of crudeoil in region z
2218   OilR_DIO(p_oil,j,z)             Intermediate consumption ratio of crudeoil by industry j in region z
2219   
2220   Oilp_DIO(p_oilproduct,j,z)      Intermediate consumption of petrolcoal by industry j in region z
2221   Oilp_CO(p_oilproduct,z)         Household consumption of petrolcoal products in region z
2222   OilpR_DIO(p_oilproduct,j,z)     Intermediate consumption ratio of petrolcoal products by industry j in region z
2223   OilpR_CO(p_oilproduct,z)        Household consumption ratio of petrolcoal products in region z
2224   
2225   Elec_DIO(p_elecheat,j,z)        Intermediate consumption of electricity by industry j in region z
2226   Elec_CO(p_elecheat,z)           Household consumption of electricity in region z
2227   ElecR_DIO(p_elecheat,j,z)       Intermediate consumption ratio of electricity by industry j in region z
2228   ElecR_CO(p_elecheat,z)          Household consumption ratio of electricity in region z
2229   
2230   NCoal_DIO(p_coal,j,z)           Intermediate consumption of non energy coal products by industry j in region z
2231   NCoalR_DIO(p_coal,j,z)          Intermediate consumption ratio of non energy coal products by industry j in region z
2232   
2233   NGas_DIO(p_gas,j,z)             Intermediate consumption of non energy gas products by industry j in region z
2234   NGasR_DIO(p_gas,j,z)            Intermediate consumption ratio of non energy gas products by industry j in region z
2235   
2236   NOil_DIO(p_oil,j,z)             Intermediate consumption of non energy oil by industry j in region z
2237   NOilR_DIO(p_oil,j,z)            Intermediate consumption ratio of non-energy oil by industry j in region z
2238   
2239   NOilp_DIO(p_oilproduct,j,z)     Intermediate consumption of non energy oilproducts by industry j in region z
2240   NOilpR_DIO(p_oilproduct,j,z)    Intermediate consumption ratio of non energy oilproducts by industry j in region z
2241   
2242   Coal_Total(p_coal,z)
2243   Gas_Total(p_gas,z)
2244   Oilp_Total(p_oilproduct,z)
2245   ELec_Total(p_elecheat,z)
2246   NCoal_Total(p_coal,z)
2247   NGas_Total(p_gas,z)
2248   NOilp_Total(p_oilproduct,z)
2249   
2250   
2251   ElecNucGWh(j,z)     Nuclear Output GWh
2252   ElecCoalGWh(j,z)    Coal Output GWh
2253   ElecGasGWh(j,z)     Gas Output GWh
2254   ElecOilGWh(j,z)     Oil Output GWh
2255   ElecSolarGWh(j,z)   Solar Output GWh
2256   ElecWindGWh(j,z)    Wind Output GWh
2257   ElecHydroGWh(j,z)   Hydro Output GWh
2258   ElecOtherGWh(j,z)   Other Output GWh
2259   
2260  ;
2261  *
2262   
2263  *f_balstfur(flow)
2264  *f_cokeoven(flow)
2265  * WEB(f_balstfur, 'p4_COKCOAL', z) = WEB(f_cokeoven, 'p66_TOTAL', z) ;
2266  * WEB(f_cokeoven, 'p4_COKCOAL', z) = WEB(f_cokeoven, 'p66_TOTAL', z) ;
2267   
2268   TCoke_Share(f_cokeoven,p_coal,z)$(WEB(f_cokeoven, p_coal, z) lt 0)  = WEB(f_cokeoven, p_coal, z)$(WEB(f_cokeoven, p_coal, z) lt 0)/sum(p_coal2, WEB(f_cokeoven, p_coal2, z)$(WEB(f_cokeoven, p_coal2, z) lt 0)) ;
2269   TBlast_Share(f_balstfur,p_coal,z)$(WEB(f_balstfur, p_coal, z) lt 0) = WEB(f_balstfur, p_coal, z)$(WEB(f_balstfur, p_coal, z) lt 0)/sum(p_coal2, WEB(f_balstfur, p_coal2, z)$(WEB(f_balstfur, p_coal2, z) lt 0)) ;
2270   
2271  display TCoke_Share, TBlast_Share ;
2272   
2273  *Coal
2274   Coal_DIO(p_coal,'01_AGRICULT',z) = sum((f_agri), WEB(f_agri, p_coal, z));
2275   Coal_DIO(p_coal,'02_COAL',z) = -1*sum((f_coa), WEB(f_coa, p_coal, z));
2276   Coal_DIO(p_coal,'03_OIL',z) = -1*sum((f_oil), WEB(f_oil, p_coal, z));
2277   Coal_DIO(p_coal,'04_GAS',z) = -1*sum((f_gas), WEB(f_gas, p_coal, z));
2278   Coal_DIO(p_coal,'05_MINING',z) = sum((f_mining), WEB(f_mining, p_coal, z));
2279   Coal_DIO(p_coal,'06_FOODPRO',z) = sum((f_foodpro), WEB(f_foodpro, p_coal, z));
2280   Coal_DIO(p_coal,'07_TEXTILES',z) = sum((f_textiles), WEB(f_textiles, p_coal, z));
2281   Coal_DIO(p_coal,'08_WOODPRO',z) = sum((f_woodpro), WEB(f_woodpro, p_coal, z));
2282   Coal_DIO(p_coal,'09_PAPERPRO',z) = sum((f_paperpro), WEB(f_paperpro, p_coal, z));
2283   Coal_DIO(p_coal,'10_PETROLCOAL',z) = -1*sum((f_petrolcoal), WEB(f_petrolcoal, p_coal, z));
2284   Coal_DIO(p_coal,'11_CHEMICAL',z) = sum((f_chemical), WEB(f_chemical, p_coal, z));
2285   Coal_DIO(p_coal,'12_NONMET',z) = sum((f_nonmet), WEB(f_nonmet, p_coal, z));
2286   Coal_DIO(p_coal,'13_IRONSTL',z) = sum((f_ironstl), WEB(f_ironstl, p_coal, z))
2287   + sum(f_cokeoven, -1*TCoke_Share(f_cokeoven,p_coal,z)*WEB(f_cokeoven, 'p66_TOTAL', z))
2288   + sum(f_balstfur, -1*TBlast_Share(f_balstfur,p_coal,z)*WEB(f_balstfur, 'p66_TOTAL', z))
2289   + sum((f_Eblastcoke), -1*WEB(f_Eblastcoke, p_coal, z))
2290  ;
2291   
2292   Coal_DIO(p_coal,'14_NONFERR',z) = sum((f_nonferr), WEB(f_nonferr, p_coal, z));
2293   Coal_DIO(p_coal,'15_MACHINE',z) = sum((f_machine), WEB(f_machine, p_coal, z));
2294   Coal_DIO(p_coal,'16_TRANSEQ',z) = sum((f_transeq), WEB(f_transeq, p_coal, z));
2295   Coal_DIO(p_coal,'17_OTHERIND',z) = sum((f_otherind), WEB(f_otherind, p_coal, z));
2296   Coal_DIO(p_coal,'18_TnD',z) = 0 ;
2297   Coal_DIO(p_coal,'19_eNuclear',z) = 0 ;
2298   Coal_DIO(p_coal,'20_eCoal',z) = -1*sum((f_elec), WEB(f_elec, p_coal, z));
2299   Coal_DIO(p_coal,'19_eNuclear',z) = 0 ;
2300   Coal_DIO(p_coal,'21_eGas',z) = 0 ;
2301   Coal_DIO(p_coal,'22_eOil',z) = 0 ;
2302   Coal_DIO(p_coal,'23_eWind',z) = 0 ;
2303   Coal_DIO(p_coal,'24_eSolar',z) = 0 ;
2304   Coal_DIO(p_coal,'25_eHydro',z) = 0 ;
2305   Coal_DIO(p_coal,'26_eOther',z) = 0 ;
2306   Coal_DIO(p_coal,'27_CONSTRUC',z) = sum((f_construc), WEB(f_construc, p_coal, z));
2307   Coal_DIO(p_coal,'28_LTRP',z) = sum((f_roadrail), WEB(f_roadrail, p_coal, z));
2308   Coal_DIO(p_coal,'29_WTRP',z) = sum((f_domewater), WEB(f_domewater, p_coal, z));
2309   Coal_DIO(p_coal,'30_ATRP',z) = sum((f_domeair), WEB(f_domeair, p_coal, z));
2310   Coal_DIO(p_coal,'31_SER',z) = sum((f_ser), WEB(f_ser, p_coal, z));
2311   Coal_CO(p_coal,z) = sum((f_household), WEB(f_household, p_coal, z));
2312   
2313  *Ratio
2314  Loop(j,
2315      CoalR_DIO(p_coal,j,z)$(Coal_DIO(p_coal,j,z) gt 0)
2316           = Coal_DIO(p_coal,j,z)/sum(p_coal2, Coal_DIO(p_coal2,j,z));
2317       );
2318   
2319   CoalR_CO(p_coal,z)$(Coal_CO(p_coal,z) gt 0)  = Coal_CO(p_coal,z)/ sum(p_coal2, Coal_CO(p_coal2,z));
2320   
2321  display Coal_DIO, CoalR_DIO, CoalR_CO ;
2322   
2323  *Gas
2324   Gas_DIO(p_gas,'01_AGRICULT',z) = sum((f_agri), WEB(f_agri, p_gas, z));
2325   Gas_DIO(p_gas,'02_COAL',z) = -1*sum((f_coa), WEB(f_coa, p_gas, z));
2326   Gas_DIO(p_gas,'03_OIL',z) = 0;
2327   Gas_DIO(p_gas,'04_GAS',z) = -1*sum((f_gas), WEB(f_gas, p_gas, z));
2328   Gas_DIO(p_gas,'05_MINING',z) = sum((f_mining), WEB(f_mining, p_gas, z));
2329   Gas_DIO(p_gas,'06_FOODPRO',z) = sum((f_foodpro), WEB(f_foodpro, p_gas, z));
2330   Gas_DIO(p_gas,'07_TEXTILES',z) = sum((f_textiles), WEB(f_textiles, p_gas, z));
2331   Gas_DIO(p_gas,'08_WOODPRO',z) = sum((f_woodpro), WEB(f_woodpro, p_gas, z));
2332   Gas_DIO(p_gas,'09_PAPERPRO',z) = sum((f_paperpro), WEB(f_paperpro, p_gas, z));
2333   Gas_DIO(p_gas,'10_PETROLCOAL',z) = -1*sum((f_petrolcoal), WEB(f_petrolcoal, p_gas, z));
2334   Gas_DIO(p_gas,'11_CHEMICAL',z) = sum((f_chemical), WEB(f_chemical, p_gas, z));
2335   Gas_DIO(p_gas,'12_NONMET',z) = sum((f_nonmet), WEB(f_nonmet, p_gas, z));
2336   Gas_DIO(p_gas,'13_IRONSTL',z) = sum((f_ironstl), WEB(f_ironstl, p_gas, z));
2337   Gas_DIO(p_gas,'14_NONFERR',z) = sum((f_nonferr), WEB(f_nonferr, p_gas, z));
2338   Gas_DIO(p_gas,'15_MACHINE',z) = sum((f_machine), WEB(f_machine, p_gas, z));
2339   Gas_DIO(p_gas,'16_TRANSEQ',z) = sum((f_transeq), WEB(f_transeq, p_gas, z));
2340   Gas_DIO(p_gas,'17_OTHERIND',z) = sum((f_otherind), WEB(f_otherind, p_gas, z));
2341   Gas_DIO(p_gas,'18_TnD',z) = 0 ;
2342   Gas_DIO(p_gas,'19_eNuclear',z) = 0 ;
2343   Gas_DIO(p_gas,'20_eCoal',z) = 0;
2344   Gas_DIO(p_gas,'19_eNuclear',z) = 0 ;
2345   Gas_DIO(p_gas,'21_eGas',z) = -1*sum((f_elec), WEB(f_elec, p_gas, z)) ;
2346   Gas_DIO(p_gas,'22_eOil',z) = 0 ;
2347   Gas_DIO(p_gas,'23_eWind',z) = 0 ;
2348   Gas_DIO(p_gas,'24_eSolar',z) = 0 ;
2349   Gas_DIO(p_gas,'25_eHydro',z) = 0 ;
2350   Gas_DIO(p_gas,'26_eOther',z) = 0 ;
2351   Gas_DIO(p_gas,'27_CONSTRUC',z) = sum((f_construc), WEB(f_construc, p_gas, z));
2352   Gas_DIO(p_gas,'28_LTRP',z) = sum((f_roadrail), WEB(f_roadrail, p_gas, z));
2353   Gas_DIO(p_gas,'29_WTRP',z) = sum((f_domewater), WEB(f_domewater, p_gas, z));
2354   Gas_DIO(p_gas,'30_ATRP',z) = sum((f_domeair), WEB(f_domeair, p_gas, z));
2355   Gas_DIO(p_gas,'31_SER',z) = sum((f_ser), WEB(f_ser, p_gas, z));
2356   Gas_CO(p_gas,z) = sum((f_household), WEB(f_household, p_gas, z));
2357   
2358  *Ratio
2359  Loop(j,
2360      GasR_DIO(p_gas,j,z)$(Gas_DIO(p_gas,j,z) gt 0)
2361           = Gas_DIO(p_gas,j,z)/sum(p_gas2, Gas_DIO(p_gas2,j,z));
2362       );
2363   
2364   GasR_CO(p_gas,z)$(Gas_CO(p_gas,z) gt 0)  = Gas_CO(p_gas,z)/ sum(p_gas2, Gas_CO(p_gas2,z));
2365   
2366   
2367  display Gas_DIO, GasR_DIO, GasR_CO ;
2368   
2369  *Oil
2370   Oil_DIO(p_oil,'01_AGRICULT',z) = sum((f_agri), WEB(f_agri, p_oil, z));
2371   Oil_DIO(p_oil,'02_COAL',z) = -1*sum((f_coa), WEB(f_coa, p_oil, z));
2372   Oil_DIO(p_oil,'03_OIL',z) = -1*sum((f_oil), WEB(f_oil, p_oil, z));
2373   Oil_DIO(p_oil,'04_GAS',z) = 0;
2374   Oil_DIO(p_oil,'05_MINING',z) = sum((f_mining), WEB(f_mining, p_oil, z));
2375   Oil_DIO(p_oil,'06_FOODPRO',z) = sum((f_foodpro), WEB(f_foodpro, p_oil, z));
2376   Oil_DIO(p_oil,'07_TEXTILES',z) = sum((f_textiles), WEB(f_textiles, p_oil, z));
2377   Oil_DIO(p_oil,'08_WOODPRO',z) = sum((f_woodpro), WEB(f_woodpro, p_oil, z));
2378   Oil_DIO(p_oil,'09_PAPERPRO',z) = sum((f_paperpro), WEB(f_paperpro, p_oil, z));
2379   Oil_DIO(p_oil,'10_PETROLCOAL',z) = -1*sum((f_petrolcoal), WEB(f_petrolcoal, p_oil, z));
2380   Oil_DIO(p_oil,'11_CHEMICAL',z) = sum((f_chemical), WEB(f_chemical, p_oil, z));
2381   Oil_DIO(p_oil,'12_NONMET',z) = sum((f_nonmet), WEB(f_nonmet, p_oil, z));
2382   Oil_DIO(p_oil,'13_IRONSTL',z) = sum((f_ironstl), WEB(f_ironstl, p_oil, z));
2383   Oil_DIO(p_oil,'14_NONFERR',z) = sum((f_nonferr), WEB(f_nonferr, p_oil, z));
2384   Oil_DIO(p_oil,'15_MACHINE',z) = sum((f_machine), WEB(f_machine, p_oil, z));
2385   Oil_DIO(p_oil,'16_TRANSEQ',z) = sum((f_transeq), WEB(f_transeq, p_oil, z));
2386   Oil_DIO(p_oil,'17_OTHERIND',z) = sum((f_otherind), WEB(f_otherind, p_oil, z));
2387   Oil_DIO(p_oil,'18_TnD',z) = 0 ;
2388   Oil_DIO(p_oil,'19_eNuclear',z) = 0 ;
2389   Oil_DIO(p_oil,'20_eCoal',z) = 0 ;
2390   Oil_DIO(p_oil,'19_eNuclear',z) = 0 ;
2391   Oil_DIO(p_oil,'21_eGas',z) = 0 ;
2392   Oil_DIO(p_oil,'22_eOil',z) = 0 ;
2393   Oil_DIO(p_oil,'23_eWind',z) = 0 ;
2394   Oil_DIO(p_oil,'24_eSolar',z) = 0 ;
2395   Oil_DIO(p_oil,'25_eHydro',z) = 0 ;
2396   Oil_DIO(p_oil,'26_eOther',z) = 0 ;
2397   Oil_DIO(p_oil,'27_CONSTRUC',z) = sum((f_construc), WEB(f_construc, p_oil, z));
2398   Oil_DIO(p_oil,'28_LTRP',z) = sum((f_roadrail), WEB(f_roadrail, p_oil, z));
2399   Oil_DIO(p_oil,'29_WTRP',z) = sum((f_domewater), WEB(f_domewater, p_oil, z));
2400   Oil_DIO(p_oil,'30_ATRP',z) = sum((f_domeair), WEB(f_domeair, p_oil, z));
2401   Oil_DIO(p_oil,'31_SER',z) = sum((f_ser), WEB(f_ser, p_oil, z));
2402   Oil_CO(p_oil,z) = sum((f_household), WEB(f_household, p_oil, z));
2403   
2404  *Ratio
2405  Loop(j,
2406      OilR_DIO(p_oil,j,z)$(Oil_DIO(p_oil,j,z) gt 0)
2407           = Oil_DIO(p_oil,j,z)/sum(p_oil2, Oil_DIO(p_oil2,j,z));
2408       );
2409   
2410  display Oil_DIO, OilR_DIO ;
2411   
2412  *Oilproducts
2413   Oilp_DIO(p_oilproduct,'01_AGRICULT',z) = sum((f_agri), WEB(f_agri, p_oilproduct, z));
2414   Oilp_DIO(p_oilproduct,'02_COAL',z) = -1*sum((f_coa), WEB(f_coa, p_oilproduct, z));
2415   Oilp_DIO(p_oilproduct,'03_OIL',z) = -1*sum((f_oil), WEB(f_oil, p_oilproduct, z));
2416   Oilp_DIO(p_oilproduct,'04_GAS',z) = 0;
2417   Oilp_DIO(p_oilproduct,'05_MINING',z) = sum((f_mining), WEB(f_mining, p_oilproduct, z));
2418   Oilp_DIO(p_oilproduct,'06_FOODPRO',z) = sum((f_foodpro), WEB(f_foodpro, p_oilproduct, z));
2419   Oilp_DIO(p_oilproduct,'07_TEXTILES',z) = sum((f_textiles), WEB(f_textiles, p_oilproduct, z));
2420   Oilp_DIO(p_oilproduct,'08_WOODPRO',z) = sum((f_woodpro), WEB(f_woodpro, p_oilproduct, z));
2421   Oilp_DIO(p_oilproduct,'09_PAPERPRO',z) = sum((f_paperpro), WEB(f_paperpro, p_oilproduct, z));
2422   Oilp_DIO(p_oilproduct,'10_PETROLCOAL',z) = -1*sum((f_petrolcoal), WEB(f_petrolcoal, p_oilproduct, z));
2423   
2424   Oilp_DIO(p_oilproduct,'11_CHEMICAL',z) = sum((f_chemical), WEB(f_chemical, p_oilproduct, z))
2425  * + sum(f_tpetrochem, -1*WEB(f_tpetrochem, p_oilproduct, z)$(WEB(f_tpetrochem, p_oilproduct, z) lt 0))
2426   ;
2427   
2428   Oilp_DIO(p_oilproduct,'12_NONMET',z) = sum((f_nonmet), WEB(f_nonmet, p_oilproduct, z));
2429   Oilp_DIO(p_oilproduct,'13_IRONSTL',z) = sum((f_ironstl), WEB(f_ironstl, p_oilproduct, z));
2430   Oilp_DIO(p_oilproduct,'14_NONFERR',z) = sum((f_nonferr), WEB(f_nonferr, p_oilproduct, z));
2431   Oilp_DIO(p_oilproduct,'15_MACHINE',z) = sum((f_machine), WEB(f_machine, p_oilproduct, z));
2432   Oilp_DIO(p_oilproduct,'16_TRANSEQ',z) = sum((f_transeq), WEB(f_transeq, p_oilproduct, z));
2433   Oilp_DIO(p_oilproduct,'17_OTHERIND',z) = sum((f_otherind), WEB(f_otherind, p_oilproduct, z));
2434   Oilp_DIO(p_oilproduct,'18_TnD',z) = 0 ;
2435   Oilp_DIO(p_oilproduct,'19_eNuclear',z) = 0 ;
2436   Oilp_DIO(p_oilproduct,'20_eCoal',z) = 0 ;
2437   Oilp_DIO(p_oilproduct,'19_eNuclear',z) = 0 ;
2438   Oilp_DIO(p_oilproduct,'21_eGas',z) = 0 ;
2439   Oilp_DIO(p_oilproduct,'22_eOil',z) = -1*sum((f_elec), WEB(f_elec, p_oilproduct, z)) ;
2440   Oilp_DIO(p_oilproduct,'23_eWind',z) = 0 ;
2441   Oilp_DIO(p_oilproduct,'24_eSolar',z) = 0 ;
2442   Oilp_DIO(p_oilproduct,'25_eHydro',z) = 0 ;
2443   Oilp_DIO(p_oilproduct,'26_eOther',z) = 0 ;
2444   Oilp_DIO(p_oilproduct,'27_CONSTRUC',z) = sum((f_construc), WEB(f_construc, p_oilproduct, z));
2445   Oilp_DIO(p_oilproduct,'28_LTRP',z) = sum((f_roadrail), WEB(f_roadrail, p_oilproduct, z));
2446   Oilp_DIO(p_oilproduct,'29_WTRP',z) = sum((f_domewater), WEB(f_domewater, p_oilproduct, z));
2447   Oilp_DIO(p_oilproduct,'30_ATRP',z) = sum((f_domeair), WEB(f_domeair, p_oilproduct, z));
2448   Oilp_DIO(p_oilproduct,'31_SER',z) = sum((f_ser), WEB(f_ser, p_oilproduct, z));
2449   Oilp_CO(p_oilproduct,z) = sum((f_household), WEB(f_household, p_oilproduct, z));
2450   
2451  *Ratio
2452  Loop(j,
2453      OilpR_DIO(p_oilproduct,j,z)$(Oilp_DIO(p_oilproduct,j,z) gt 0)
2454           = Oilp_DIO(p_oilproduct,j,z)/sum(p_oilproduct2, Oilp_DIO(p_oilproduct2,j,z));
2455       );
2456   
2457   OilpR_CO(p_oilproduct,z)$(Oilp_CO(p_oilproduct,z) gt 0)  = Oilp_CO(p_oilproduct,z)/ sum(p_oilproduct2, Oilp_CO(p_oilproduct2,z));
2458   
2459   
2460  display Oilp_DIO, Oilp_CO, OilpR_DIO, OilpR_CO ;
2461   
2462  *Electricity/Heat
2463   Elec_DIO(p_elecheat,'01_AGRICULT',z) = sum((f_agri), WEB(f_agri, p_elecheat, z));
2464   Elec_DIO(p_elecheat,'02_COAL',z) = -1*sum((f_coa), WEB(f_coa, p_elecheat, z));
2465   Elec_DIO(p_elecheat,'03_OIL',z) = 0;
2466   Elec_DIO(p_elecheat,'04_GAS',z) = -1*sum((f_gas), WEB(f_gas, p_elecheat, z));
2467   Elec_DIO(p_elecheat,'05_MINING',z) = sum((f_mining), WEB(f_mining, p_elecheat, z));
2468   Elec_DIO(p_elecheat,'06_FOODPRO',z) = sum((f_foodpro), WEB(f_foodpro, p_elecheat, z));
2469   Elec_DIO(p_elecheat,'07_TEXTILES',z) = sum((f_textiles), WEB(f_textiles, p_elecheat, z));
2470   Elec_DIO(p_elecheat,'08_WOODPRO',z) = sum((f_woodpro), WEB(f_woodpro, p_elecheat, z));
2471   Elec_DIO(p_elecheat,'09_PAPERPRO',z) = sum((f_paperpro), WEB(f_paperpro, p_elecheat, z));
2472   Elec_DIO(p_elecheat,'10_PETROLCOAL',z) = -1*sum((f_petrolcoal), WEB(f_petrolcoal, p_elecheat, z));
2473   Elec_DIO(p_elecheat,'11_CHEMICAL',z) = sum((f_chemical), WEB(f_chemical, p_elecheat, z));
2474   Elec_DIO(p_elecheat,'12_NONMET',z) = sum((f_nonmet), WEB(f_nonmet, p_elecheat, z));
2475   Elec_DIO(p_elecheat,'13_IRONSTL',z) = sum((f_ironstl), WEB(f_ironstl, p_elecheat, z));
2476   Elec_DIO(p_elecheat,'14_NONFERR',z) = sum((f_nonferr), WEB(f_nonferr, p_elecheat, z));
2477   Elec_DIO(p_elecheat,'15_MACHINE',z) = sum((f_machine), WEB(f_machine, p_elecheat, z));
2478   Elec_DIO(p_elecheat,'16_TRANSEQ',z) = sum((f_transeq), WEB(f_transeq, p_elecheat, z));
2479   Elec_DIO(p_elecheat,'17_OTHERIND',z) = sum((f_otherind), WEB(f_otherind, p_elecheat, z));
2480   Elec_DIO(p_elecheat,'18_TnD',z) = 0 ;
2481   Elec_DIO(p_elecheat,'19_eNuclear',z) = 0 ;
2482   Elec_DIO(p_elecheat,'20_eCoal',z) = 0;
2483   Elec_DIO(p_elecheat,'19_eNuclear',z) = 0 ;
2484   Elec_DIO(p_elecheat,'21_eGas',z) = 0 ;
2485   Elec_DIO(p_elecheat,'22_eOil',z) = 0 ;
2486   Elec_DIO(p_elecheat,'23_eWind',z) = 0 ;
2487   Elec_DIO(p_elecheat,'24_eSolar',z) = 0 ;
2488   Elec_DIO(p_elecheat,'25_eHydro',z) = 0 ;
2489   Elec_DIO(p_elecheat,'26_eOther',z) = 0 ;
2490   Elec_DIO(p_elecheat,'27_CONSTRUC',z) = sum((f_construc), WEB(f_construc, p_elecheat, z));
2491   Elec_DIO(p_elecheat,'28_LTRP',z) = sum((f_roadrail), WEB(f_roadrail, p_elecheat, z));
2492   Elec_DIO(p_elecheat,'29_WTRP',z) = sum((f_domewater), WEB(f_domewater, p_elecheat, z));
2493   Elec_DIO(p_elecheat,'30_ATRP',z) = sum((f_domeair), WEB(f_domeair, p_elecheat, z));
2494   Elec_DIO(p_elecheat,'31_SER',z) = sum((f_ser), WEB(f_ser, p_elecheat, z));
2495   Elec_CO(p_elecheat,z) = sum((f_household), WEB(f_household, p_elecheat, z));
2496   
2497  *Ratio
2498  Loop(j,
2499      ElecR_DIO(p_elecheat,j,z)$(Elec_DIO(p_elecheat,j,z) gt 0)
2500           = Elec_DIO(p_elecheat,j,z)/sum(p_elecheat2, Elec_DIO(p_elecheat2,j,z));
2501       );
2502   
2503   ElecR_CO(p_elecheat,z)$(Elec_CO(p_elecheat,z) gt 0)  = Elec_CO(p_elecheat,z)/ sum(p_elecheat2, Elec_CO(p_elecheat2,z));
2504   
2505  display Elec_DIO, Elec_CO, ElecR_DIO, ElecR_CO ;
2506   
2507  *Coal non-energy
2508   NCoal_DIO(p_coal,'05_MINING',z) = sum(f_nemining, WEB(f_nemining, p_coal, z));
2509   NCoal_DIO(p_coal,'06_FOODPRO',z) = sum(f_nefoodpro, WEB(f_nefoodpro, p_coal, z));
2510   NCoal_DIO(p_coal,'07_TEXTILES',z) = sum(f_netextiles, WEB(f_netextiles, p_coal, z));
2511   NCoal_DIO(p_coal,'08_WOODPRO',z) = sum(f_newoodpro, WEB(f_newoodpro, p_coal, z));
2512   NCoal_DIO(p_coal,'09_PAPERPRO',z) = sum(f_nepaperpro, WEB(f_nepaperpro, p_coal, z));
2513   NCoal_DIO(p_coal,'11_CHEMICAL',z) = sum(f_nechemical, WEB(f_nechemical, p_coal, z));
2514   NCoal_DIO(p_coal,'12_NONMET',z) = sum(f_nenonmet, WEB(f_nenonmet, p_coal, z));
2515   NCoal_DIO(p_coal,'13_IRONSTL',z) = sum(f_neironstl, WEB(f_neironstl, p_coal, z));
2516   NCoal_DIO(p_coal,'14_NONFERR',z) = sum(f_nenonferr, WEB(f_nenonferr, p_coal, z));
2517   NCoal_DIO(p_coal,'15_MACHINE',z) = sum(f_nemachine, WEB(f_nemachine, p_coal, z));
2518   NCoal_DIO(p_coal,'16_TRANSEQ',z) = sum(f_netranseq, WEB(f_netranseq, p_coal, z));
2519   NCoal_DIO(p_coal,'17_OTHERIND',z) = sum(f_neotherind, WEB(f_neotherind, p_coal, z));
2520   NCoal_DIO(p_coal,'27_CONSTRUC',z) = sum(f_neconstruc, WEB(f_neconstruc, p_coal, z));
2521   NCoal_DIO(p_coal,'28_LTRP',z) = sum(f_netransport, WEB(f_netransport, p_coal, z));
2522  * NEC_DIO(p_coal,'29_WTRP',z) = sum((f_domewater), domewater_fne_coal(f_domewater, p_coal, z));
2523  * NEC_DIO(p_coal,'30_ATRP',z) = sum((f_domeair), domeair_fne_coal(f_domeair, p_coal, z));
2524   NCoal_DIO(p_coal,'31_SER',z) = sum(f_neother, WEB(f_neother, p_coal, z));
2525  * NEC_CO(p_coal,z) = sum((f_household), household_fne_coal(f_household, p_coal, z));
2526   
2527  *Ratio
2528  Loop(j,
2529      NCoalR_DIO(p_coal,j,z)$(NCoal_DIO(p_coal,j,z) gt 0)
2530           = NCoal_DIO(p_coal,j,z)/sum(p_coal2, NCoal_DIO(p_coal2,j,z));
2531       );
2532   
2533  display NCoal_DIO, NCoalR_DIO ;
2534   
2535  *Gas non-energy
2536   NGas_DIO(p_gas,'05_MINING',z) = sum(f_nemining, WEB(f_nemining, p_gas, z));
2537   NGas_DIO(p_gas,'06_FOODPRO',z) = sum(f_nefoodpro, WEB(f_nefoodpro, p_gas, z));
2538   NGas_DIO(p_gas,'07_TEXTILES',z) = sum(f_netextiles, WEB(f_netextiles, p_gas, z));
2539   NGas_DIO(p_gas,'08_WOODPRO',z) = sum(f_newoodpro, WEB(f_newoodpro, p_gas, z));
2540   NGas_DIO(p_gas,'09_PAPERPRO',z) = sum(f_nepaperpro, WEB(f_nepaperpro, p_gas, z));
2541   NGas_DIO(p_gas,'11_CHEMICAL',z) = sum(f_nechemical, WEB(f_nechemical, p_gas, z));
2542   NGas_DIO(p_gas,'12_NONMET',z) = sum(f_nenonmet, WEB(f_nenonmet, p_gas, z));
2543   NGas_DIO(p_gas,'13_IRONSTL',z) = sum(f_neironstl, WEB(f_neironstl, p_gas, z));
2544   NGas_DIO(p_gas,'14_NONFERR',z) = sum(f_nenonferr, WEB(f_nenonferr, p_gas, z));
2545   NGas_DIO(p_gas,'15_MACHINE',z) = sum(f_nemachine, WEB(f_nemachine, p_gas, z));
2546   NGas_DIO(p_gas,'16_TRANSEQ',z) = sum(f_netranseq, WEB(f_netranseq, p_gas, z));
2547   NGas_DIO(p_gas,'17_OTHERIND',z) = sum(f_neotherind, WEB(f_neotherind, p_gas, z));
2548   NGas_DIO(p_gas,'27_CONSTRUC',z) = sum(f_neconstruc, WEB(f_neconstruc, p_gas, z));
2549   NGas_DIO(p_gas,'28_LTRP',z) = sum(f_netransport, WEB(f_netransport, p_gas, z));
2550  * NEG_DIO(p_gas,'29_WTRP',z) = sum((f_domewater), domewater_fne_gas(f_domewater, p_gas, z));
2551  * NEG_DIO(p_gas,'30_ATRP',z) = sum((f_domeair), domeair_fne_gas(f_domeair, p_gas, z));
2552   NGas_DIO(p_gas,'31_SER',z) = sum(f_neother, WEB(f_neother, p_gas, z));
2553  * NEG_CO(p_gas,z) = sum((f_household), household_fne_gas(f_household, p_gas, z));
2554   
2555  *Ratio
2556  Loop(j,
2557      NGasR_DIO(p_gas,j,z)$(NGas_DIO(p_gas,j,z) gt 0)
2558           = NGas_DIO(p_gas,j,z)/sum(p_gas2, NGas_DIO(p_gas2,j,z));
2559       );
2560   
2561  display NGas_DIO, NGasR_DIO ;
2562   
2563  *Oil non-energy
2564   NOil_DIO(p_oil,'05_MINING',z) = sum(f_nemining, WEB(f_nemining, p_oil, z));
2565   NOil_DIO(p_oil,'06_FOODPRO',z) = sum(f_nefoodpro, WEB(f_nefoodpro, p_oil, z));
2566   NOil_DIO(p_oil,'07_TEXTILES',z) = sum(f_netextiles, WEB(f_netextiles, p_oil, z));
2567   NOil_DIO(p_oil,'08_WOODPRO',z) = sum(f_newoodpro, WEB(f_newoodpro, p_oil, z));
2568   NOil_DIO(p_oil,'09_PAPERPRO',z) = sum(f_nepaperpro, WEB(f_nepaperpro, p_oil, z));
2569   NOil_DIO(p_oil,'11_CHEMICAL',z) = sum(f_nechemical, WEB(f_nechemical, p_oil, z));
2570   NOil_DIO(p_oil,'12_NONMET',z) = sum(f_nenonmet, WEB(f_nenonmet, p_oil, z));
2571   NOil_DIO(p_oil,'13_IRONSTL',z) = sum(f_neironstl, WEB(f_neironstl, p_oil, z));
2572   NOil_DIO(p_oil,'14_NONFERR',z) = sum(f_nenonferr, WEB(f_nenonferr, p_oil, z));
2573   NOil_DIO(p_oil,'15_MACHINE',z) = sum(f_nemachine, WEB(f_nemachine, p_oil, z));
2574   NOil_DIO(p_oil,'16_TRANSEQ',z) = sum(f_netranseq, WEB(f_netranseq, p_oil, z));
2575   NOil_DIO(p_oil,'17_OTHERIND',z) = sum(f_neotherind, WEB(f_neotherind, p_oil, z));
2576   NOil_DIO(p_oil,'27_CONSTRUC',z) = sum(f_neconstruc, WEB(f_neconstruc, p_oil, z));
2577   NOil_DIO(p_oil,'28_LTRP',z) = sum(f_netransport, WEB(f_netransport, p_oil, z));
2578  * NEP_DIO(p_oil,'29_WTRP',z) = sum((f_domewater), domewater_fne_oilproduct(f_domewater, p_oilproduct, z));
2579  * NEP_DIO(p_oil,'30_ATRP',z) = sum((f_domeair), domeair_fne_oilproduct(f_domeair, p_oilproduct, z));
2580   NOil_DIO(p_oil,'31_SER',z) = sum(f_neother, WEB(f_neother, p_oil, z) );
2581  * NEP_CO(p_oillz) = sum((f_household), household_fne_oilproduct(f_household, p_oilproduct, z));
2582   
2583  *Ratio
2584  Loop(j,
2585      NOilR_DIO(p_oil,j,z)$(NOil_DIO(p_oil,j,z) gt 0)
2586           = NOil_DIO(p_oil,j,z)/sum(p_oil2, NOil_DIO(p_oil2,j,z));
2587       );
2588   
2589  display NOil_DIO, NOilR_DIO ;
2590   
2591  *Oilproducts non-energy
2592   NOilp_DIO(p_oilproduct,'05_MINING',z) = sum(f_nemining, WEB(f_nemining, p_oilproduct, z));
2593   NOilp_DIO(p_oilproduct,'06_FOODPRO',z) = sum(f_nefoodpro, WEB(f_nefoodpro, p_oilproduct, z));
2594   NOilp_DIO(p_oilproduct,'07_TEXTILES',z) = sum(f_netextiles, WEB(f_netextiles, p_oilproduct, z));
2595   NOilp_DIO(p_oilproduct,'08_WOODPRO',z) = sum(f_newoodpro, WEB(f_newoodpro, p_oilproduct, z));
2596   NOilp_DIO(p_oilproduct,'09_PAPERPRO',z) = sum(f_nepaperpro, WEB(f_nepaperpro, p_oilproduct, z));
2597   NOilp_DIO(p_oilproduct,'11_CHEMICAL',z) = sum(f_nechemical, WEB(f_nechemical, p_oilproduct, z));
2598   NOilp_DIO(p_oilproduct,'12_NONMET',z) = sum(f_nenonmet, WEB(f_nenonmet, p_oilproduct, z));
2599   NOilp_DIO(p_oilproduct,'13_IRONSTL',z) = sum(f_neironstl, WEB(f_neironstl, p_oilproduct, z));
2600   NOilp_DIO(p_oilproduct,'14_NONFERR',z) = sum(f_nenonferr, WEB(f_nenonferr, p_oilproduct, z));
2601   NOilp_DIO(p_oilproduct,'15_MACHINE',z) = sum(f_nemachine, WEB(f_nemachine, p_oilproduct, z));
2602   NOilp_DIO(p_oilproduct,'16_TRANSEQ',z) = sum(f_netranseq, WEB(f_netranseq, p_oilproduct, z));
2603   NOilp_DIO(p_oilproduct,'17_OTHERIND',z) = sum(f_neotherind, WEB(f_neotherind, p_oilproduct, z));
2604   NOilp_DIO(p_oilproduct,'27_CONSTRUC',z) = sum(f_neconstruc, WEB(f_neconstruc, p_oilproduct, z));
2605   NOilp_DIO(p_oilproduct,'28_LTRP',z) = sum(f_netransport, WEB(f_netransport, p_oilproduct, z));
2606  * NEP_DIO(p_oilproduct,'29_WTRP',z) = sum((f_domewater), domewater_fne_oilproduct(f_domewater, p_oilproductproduct, z));
2607  * NEP_DIO(p_oilproduct,'30_ATRP',z) = sum((f_domeair), domeair_fne_oilproduct(f_domeair, p_oilproductproduct, z));
2608   NOilp_DIO(p_oilproduct,'31_SER',z) = sum(f_neother, WEB(f_neother, p_oilproduct, z) );
2609  * NEP_CO(p_oilproductlz) = sum((f_household), household_fne_oilproduct(f_household, p_oilproductproduct, z));
2610   
2611  *Ratio
2612  Loop(j,
2613      NOilpR_DIO(p_oilproduct,j,z)$(NOilp_DIO(p_oilproduct,j,z) gt 0)
2614           = NOilp_DIO(p_oilproduct,j,z)/sum(p_oilproduct2, NOilp_DIO(p_oilproduct2,j,z));
2615       );
2616   
2617  display NOilp_DIO, NOilpR_DIO ;
2618   
2619   
2620   Coal_Total(p_coal,z) = sum(j,Coal_DIO(p_coal,j,z)) + Coal_CO(p_coal,z) ;
2621   Gas_Total(p_gas,z) = sum(j, Gas_DIO(p_gas,j,z)) + Gas_CO(p_gas,z) ;
2622   Oilp_Total(p_oilproduct,z) = sum(j, Oilp_DIO(p_oilproduct,j,z)) + Oilp_CO(p_oilproduct,z) ;
2623   ELec_Total(p_elecheat,z) = sum(j, ELec_DIO(p_elecheat,j,z)) + ELec_CO(p_elecheat,z) ;
2624   NCoal_Total(p_coal,z) = sum(j, NCoal_DIO(p_coal,j,z)) ;
2625   NGas_Total(p_gas,z) = sum(j, NGas_DIO(p_gas,j,z)) ;
2626   NOilp_Total(p_oilproduct,z) = sum(j, NOilp_DIO(p_oilproduct,j,z)) ;
2627   
2628  *=============================Eelectricity============================================================
2629   ElecNucGWh('19_eNuclear',z)  = sum((f_elecoutput, p_nuclear), WEB(f_elecoutput, p_nuclear,z));
2630   ElecCoalGWh('20_eCoal',z)    = sum((f_elecoutput, p_coal), WEB(f_elecoutput, p_coal,z));
2631   ElecGasGWh('21_eGas',z)      = sum((f_elecoutput, p_gas), WEB(f_elecoutput, p_gas,z));
2632   ElecOilGWh('22_eOil',z)      = sum((f_elecoutput, p_oilproduct), WEB(f_elecoutput, p_oilproduct,z));
2633   ElecWindGWh('23_eWind',z)    = sum((f_elecoutput, p_wind), WEB(f_elecoutput, p_wind,z));
2634   ElecSolarGWh('24_eSolar',z)  = sum((f_elecoutput, p_solar), WEB(f_elecoutput, p_solar,z));
2635   ElecHydroGWh('25_eHydro',z)  = sum((f_elecoutput, p_hydro), WEB(f_elecoutput, p_Hydro,z));
2636   ElecOtherGWh('26_eOther',z)  = sum((f_elecoutput, p_elecother), WEB(f_elecoutput, p_elecother,z));
2637   
2638  execute_unload 'Input_WEB/DATA_WEB-2019_230418.gdx',
2639  *Sets
2640  product, p_coal, p_oil, p_oilproduct, p_gas, p_elecheat,
2641   
2642  flow, f_elec,  f_agri, f_mining, f_foodpro, f_textiles, f_woodpro,f_paperpro,
2643  f_chemical, f_nonmet, f_ironstl, f_nonferr, f_machine, f_transeq, f_otherind,
2644  f_construc, f_ser, f_household, f_roadrail, f_domeair,  f_domewater,
2645  f_nemining, f_nefoodpro, f_netextiles, f_newoodpro, f_nepaperpro,
2646  f_nechemical,f_nenonmet, f_neironstl, f_nenonferr, f_nemachine,
2647  f_netranseq, f_neotherind, f_neconstruc, f_netransport, f_neother,
2648   
2649  *WEB
2650  WEB,
2651  Coal_DIO, Coal_CO, CoalR_DIO, CoalR_CO,
2652  Gas_DIO, Gas_CO, GasR_DIO, GasR_CO,
2653  Oil_DIO, Oil_CO, OilR_DIO,
2654  Oilp_DIO, Oilp_CO, OilpR_DIO, OilpR_CO,
2655  Elec_DIO, Elec_CO, ElecR_DIO,ElecR_CO,
2656  NCoal_DIO, NCoalR_DIO, NGas_DIO, NGasR_DIO,
2657  NOil_DIO, NOilR_DIO, NOilp_DIO, NOilpR_DIO,
2658   
2659  Coal_Total, Gas_Total, Oilp_Total, Elec_Total, NCoal_Total, NGas_Total, NOilp_Total,
2660   
2661  ElecNucGWh, ElecCoalGWh, ElecGasGWh, ElecOilGWh, ElecSolarGWh, ElecWindGWh, ElecHydroGWh, ElecOtherGWh
2662  ;
2663   
EXIT C:\Users\kimc0\GUIDE_GLOBAL_CGE\2.RD_CGE\DATA_WEB-2019.gms
2665   
2666  Parameter
2667   CO2IO(product,j,z) ktCO2 industry j sector
2668   CO2HO(product,z)   ktCO2 residendital sector
2669   CH4IO(product,j,z) tCO2eq industry j sector
2670   CH4HO(product,z)   tCO2eq residendital sector
2671   N2OIO(product,j,z) tCO2eq industry j sector
2672   N2OHO(product,z)   tCO2eq residendital sector
2673   GWP(type)          GWP 100 AR5
2674   ;
2675   
2676   GWP('CO2EF') = 1;
2677   GWP('CH4EF') = 28;
2678   GWP('N2OEF') = 265;
2679   
2680   CO2IO(p_coal,j,z) = Coal_DIO(p_coal,j,z)*41.868*GHGsEF(p_coal,'CO2EF')*1*(44/12)*0.001*GWP('CO2EF') ;
2681   CO2IO(p_gas,j,z)  = Gas_DIO(p_gas,j,z)*41.868*GHGsEF(p_gas,'CO2EF')*1*(44/12)*0.001*GWP('CO2EF') ;
2682   CO2IO(p_oilproduct,j,z)  = Oilp_DIO(p_oilproduct,j,z)*41.868*GHGsEF(p_oilproduct,'CO2EF')*1*(44/12)*0.001*GWP('CO2EF') ;
2683   
2684   CO2HO(p_coal,z) = Coal_CO(p_coal,z)*41.868*GHGsEF(p_coal,'CO2EF')*1*(44/12)*0.001*GWP('CO2EF') ;
2685   CO2HO(p_gas,z) = Gas_CO(p_gas,z)*41.868*GHGsEF(p_gas,'CO2EF')*1*(44/12)*0.001*GWP('CO2EF') ;
2686   CO2HO(p_oilproduct,z) = Oilp_CO(p_oilproduct,z)*41.868*GHGsEF(p_oilproduct,'CO2EF')*1*(44/12)*0.001*GWP('CO2EF') ;
2687   
2688   CH4IO(p_coal,j,z) = Coal_DIO(p_coal,j,z)*41.868*GHGsEF(p_coal,'CH4EF')*1000*0.000001*GWP('CH4EF') ;
2689   CH4IO(p_gas,j,z)  = Gas_DIO(p_gas,j,z)*41.868*GHGsEF(p_gas,'CH4EF')*1000*0.000001*GWP('CH4EF') ;
2690   CH4IO(p_oilproduct,j,z)  = Oilp_DIO(p_oilproduct,j,z)*41.868*GHGsEF(p_oilproduct,'CH4EF')*1000*0.000001*GWP('CH4EF') ;
2691   
2692   CH4HO(p_coal,z) = Coal_CO(p_coal,z)*41.868*GHGsEF(p_coal,'CH4EF')*1000*0.000001*GWP('CH4EF') ;
2693   CH4HO(p_gas,z) = Gas_CO(p_gas,z)*41.868*GHGsEF(p_gas,'CH4EF')*1000*0.000001*GWP('CH4EF') ;
2694   CH4HO(p_oilproduct,z) = Oilp_CO(p_oilproduct,z)*41.868*GHGsEF(p_oilproduct,'CH4EF')*1000*0.000001*GWP('CH4EF') ;
2695   
2696   N2OIO(p_coal,j,z) = Coal_DIO(p_coal,j,z)*41.868*GHGsEF(p_coal,'N2OEF')*1000*0.000001*GWP('N2OEF') ;
2697   N2OIO(p_gas,j,z)  = Gas_DIO(p_gas,j,z)*41.868*GHGsEF(p_gas,'N2OEF')*1000*0.000001*GWP('N2OEF') ;
2698   N2OIO(p_oilproduct,j,z)  = Oilp_DIO(p_oilproduct,j,z)*41.868*GHGsEF(p_oilproduct,'N2OEF')*1000*0.000001*GWP('N2OEF') ;
2699   
2700   N2OHO(p_coal,z) = Coal_CO(p_coal,z)*41.868*GHGsEF(p_coal,'N2OEF')*1000*0.000001*GWP('N2OEF') ;
2701   N2OHO(p_gas,z) = Gas_CO(p_gas,z)*41.868*GHGsEF(p_gas,'N2OEF')*1000*0.000001*GWP('N2OEF') ;
2702   N2OHO(p_oilproduct,z) = Oilp_CO(p_oilproduct,z)*41.868*GHGsEF(p_oilproduct,'N2OEF')*1000*0.000001*GWP('N2OEF') ;
2703   
2704  *==============================================================================
2705  *  4.10 Energy
2706  *==============================================================================
2707  Parameter
2708   EEI(product,j,z)  Energy intensity by industry sector ktoe per 10 billion $
2709   NEI(product,j,z)  Non-Energy intensity by production sectos ktoe per 10 billion $
2710   EHI(product,z)    Energy intensity by household ktoe per 10 billion $
2711   
2712   EEO(product,j,z)  Initial Industry energy consumption in region z ktoe
2713   NEO(product,j,z)  Initial Industry non energy consumption in region z ktoe
2714   EHO(product,z)    Initial Household energy consumption in region z ktoe
2715  ;
2716   
2717   EEI(p_coal,j,z)$(DIO('02_COAL',j,z) gt 0)               = Coal_DIO(p_coal,j,z)/DEO('02_COAL',j,z);
2718   EEI(p_oil,j,z)$(DIO('03_OIL',j,z) gt 0)                 = Oil_DIO(p_oil,j,z)/DEO('03_OIL',j,z);
2719   EEI(p_gas,j,z)$(DIO('04_GAS',j,z) gt 0)                 = Gas_DIO(p_gas,j,z)/DEO('04_GAS',j,z);
2720   EEI(p_oilproduct,j,z)$(DIO('10_PETROLCOAL',j,z) gt 0)   = Oilp_DIO(p_oilproduct,j,z)/DEO('10_PETROLCOAL',j,z);
2721   EEI(p_elecheat,j,z)$(DIO('18_ELEC',j,z) gt 0)           = Elec_DIO(p_elecheat,j,z)/DEO('18_ELEC',j,z);
2722   
2723   NEI(p_coal,j,z)$(DIO('02_COAL',j,z) gt 0)               = NCoal_DIO(p_coal,j,z)/DEO('02_COAL',j,z);
2724   NEI(p_oil,j,z)$(DIO('03_OIL',j,z) gt 0)                 = NOil_DIO(p_oil,j,z)/DEO('03_OIL',j,z);
2725   NEI(p_gas,j,z)$(DIO('04_GAS',j,z) gt 0)                 = NGas_DIO(p_gas,j,z)/DEO('04_GAS',j,z);
2726   NEI(p_oilproduct,j,z)$(DIO('10_PETROLCOAL',j,z) gt 0)   = NOilp_DIO(p_oilproduct,j,z)/DEO('10_PETROLCOAL',j,z);
2727   
2728   EHI(p_coal,z)$(CO('02_COAL',z) gt 0)                    = Coal_CO(p_coal,z)/CO('02_COAL',z);
2729   EHI(p_oil,z)$(CO('03_OIL',z) gt 0)                      = Oil_CO(p_oil,z)/CO('03_OIL',z);
2730   EHI(p_gas,z)$(CO('04_GAS',z) gt 0)                      = Gas_CO(p_gas,z)/CO('04_GAS',z);
2731   EHI(p_oilproduct,z)$(CO('10_PETROLCOAL',z) gt 0)        = Oilp_CO(p_oilproduct,z)/CO('10_PETROLCOAL',z);
2732   EHI(p_elecheat,z)$(CO('18_ELEC',z) gt 0)                = Elec_CO(p_elecheat,z)/CO('18_ELEC',z);
2733   
2734   EEO(p_coal,j,z)       = Coal_DIO(p_coal,j,z) ;
2735   EEO(p_gas,j,z)        = Gas_DIO(p_gas,j,z) ;
2736   EEO(p_oil,j,z)        = Oil_DIO(p_oil,j,z) ;
2737   EEO(p_oilproduct,j,z) = Oilp_DIO(p_oilproduct,j,z) ;
2738   EEO(p_elecheat,j,z)   = Elec_DIO(p_elecheat,j,z) ;
2739   
2740   NEO(p_coal,j,z)       = NCoal_DIO(p_coal,j,z) ;
2741   NEO(p_gas,j,z)        = NGas_DIO(p_gas,j,z) ;
2742   NEO(p_oilproduct,j,z) = NOilp_DIO(p_oilproduct,j,z) ;
2743   
2744   EHO(p_coal,z)         = Coal_CO(p_coal,z) ;
2745   EHO(p_gas,z)          = Gas_CO(p_gas,z) ;
2746   EHO(p_oil,z)          = Oil_CO(p_oil,z) ;
2747   EHO(p_oilproduct,z)   = Oilp_CO(p_oilproduct,z) ;
2748   EHO(p_elecheat,z)     = Elec_CO(p_elecheat,z) ;
2749   
2750  *display EEI, EHI, EEO, NEO, EHO, GDPPPP, GHGsEF, CO2HO ;
2751  *execute_unload 'GHGs emission',
2752  *CO2HO, CO2IO, CH4IO, CH4HO, N2OIO, N2OHO
2753   
2754  *==============================================================================
2755  *  4.11 Electricity Generation Intensities
2756  *==============================================================================
2757  Parameter
2758   EGINucGWh(j,z)    Nuclear GWh per 10 billion $
2759   EGICoalGWh(j,z)   Coal GWh per 10 billion $
2760   EGIGasGWh(j,z)    Gas GWh per 10 billion $
2761   EGIOilGWh(j,z)    Oil GWh per 10 billion $
2762   EGIWindGWh(j,z)   Wind GWh per 10 billion $
2763   EGISolarGWh(j,z)  Solar GWh per 10 billion $
2764   EGIHydroGWh(j,z)  Solar GWh per 10 billion $
2765   EGIOtherGWh(j,z)  Other GWh per 10 billion $
2766  ;
2767   
2768   EGINucGWh('19_eNuclear',z) = ElecNucGWh('19_eNuclear',z)/DSO_J('19_eNuclear',z);
2769   EGICoalGWh('20_eCoal',z)   = ElecCoalGWh('20_eCoal',z)/DSO_J('20_eCoal',z);
2770   EGIGasGWh('21_eGas',z)     = ElecGasGWh('21_eGas',z)/DSO_J('21_eGas',z);
2771   EGIOilGWh('22_eOil',z)     = ElecOilGWh('22_eOil',z)/DSO_J('22_eOil',z);
2772   EGIWindGWh('23_eWind',z)   = ElecWindGWh('23_eWind',z)/DSO_J('23_eWind',z);
2773   EGISolarGWh('24_eSolar',z) = ElecSolarGWh('24_eSolar',z)/DSO_J('24_eSolar',z);
2774   EGIHydroGWh('25_eHydro',z) = ElecHydroGWh('25_eHydro',z)/DSO_J('25_eHydro',z);
2775   EGIOtherGWh('26_eOther',z) = ElecOtherGWh('26_eOther',z)/DSO_J('26_eOther',z);
2776   
2777  display  EGINucGWh, EGICoalGWh, EGIGasGWh, EGIOilGWh, EGIWindGWh, EGISolarGWh, EGIHydroGWh, EGIOtherGWh ;
2778  *$exit
2779   
2780  *==============================================================================
2781  *  4.12 CO2FACTOR and CTAX
2782  *==============================================================================
2783  Parameters
2784   CO2FACTOR(ene,j,z)       CO2 emissions factor (tCO2 per 100$)
2785   CO2FACTOR2(ene,j,z,time) Time series CO2 emissions factor (tCO2 per 100$)
2786   CTAX0(z)                 initial Carbon tax $ per ton CO2
2787   TCTAX0(z)                initial Government Revenue from Carbon tax
2788  ;
2789   
2790  * CO2FACTOR(ene,j,z) = 0 ;
2791   CO2FACTOR('02_COAL',j,z)$DEO('02_COAL',j,z) = [sum(p_coal,CO2IO(p_coal,j,z))/DEO('02_COAL',j,z)]*(1000/(10**8));
2792   CO2FACTOR('04_GAS',j,z)$DEO('04_GAS',j,z) = [sum(p_gas,CO2IO(p_gas,j,z))/DEO('04_GAS',j,z)]*(1000/(10**8));
2793   CO2FACTOR('10_PETROLCOAL',j,z)$DEO('10_PETROLCOAL',j,z) = [sum(p_oilproduct,CO2IO(p_oilproduct,j,z))/DEO('10_PETROLCOAL',j,z)]*(1000/(10**8));
2794   
2795  * CO2FACTOR('02_COAL',j,z)$DEO('02_COAL',j,z) = [sum(p_coal,CO2IO(p_coal,j,z))/DEO('02_COAL',j,z)]*10/100;
2796  * CO2FACTOR('04_GAS',j,z)$DEO('04_GAS',j,z) = [sum(p_gas,CO2IO(p_gas,j,z))/DEO('04_GAS',j,z)]*10/100;
2797  * CO2FACTOR('10_PETROLCOAL',j,z)$DEO('10_PETROLCOAL',j,z) = [sum(p_oilproduct,CO2IO(p_oilproduct,j,z))/DEO('10_PETROLCOAL',j,z)]*10/100;
2798   
2799  *PetrolCoal
2800   CO2FACTOR('10_PETROLCOAL','10_PETROLCOAL',z) = 0;
2801   
2802  *PRK
2803   CO2FACTOR('02_COAL','01_AGRICULT','06_PRK')        = CO2FACTOR('02_COAL','01_AGRICULT','05_MNG');
2804   CO2FACTOR('10_PETROLCOAL','01_AGRICULT','06_PRK')  = CO2FACTOR('10_PETROLCOAL','01_AGRICULT','05_MNG');
2805   CO2FACTOR('02_COAL','28_LTRP','06_PRK')            = CO2FACTOR('02_COAL','28_LTRP','05_MNG');
2806   CO2FACTOR('02_COAL','17_OTHERIND','06_PRK')        = CO2FACTOR('02_COAL','17_OTHERIND','05_MNG');
2807   
2808  *RUS
2809   CO2FACTOR('02_COAL','08_WOODPRO','04_RUS')         = CO2FACTOR('02_COAL','08_WOODPRO','10_EEU');
2810   
2811  *LAM
2812   CO2FACTOR('04_GAS','02_COAL','08_LAM')             = CO2FACTOR('04_GAS','02_COAL','07_NAM');
2813   
2814   CTAX0(z) = 0 ;
2815   
2816   TCTAX0(z) = 0;
2817   
2818  * CO2FACTOR2(ene,j,z,time) = CO2FACTOR(ene,j,z)*AEEI(z,time);
2819   CO2FACTOR2(ene,j,z,time) = CO2FACTOR(ene,j,z);
2820   
2821  *execute_unload 'CO2FACTOR_w-t',
2822  * CO2FACTOR, CO2FACTOR2 ;
2823   
2824  *==============================================================================
2825  *  4.13 Backstop technology
2826  *==============================================================================
2827   switch(i3,z,time)  = 0 ;
2828   penetration_rate(i3,z,time) = 0.1 ;
2829   
2830   
2831  execute_unload 'Calibration_Check';
2832  *$exit
2833   
2834  *==============================================================================
2835  * 5 Model
2836  *==============================================================================
2837  *  5.1 Variable declarations
2838  *==============================================================================
2839  VARIABLES
2840   
2841  *==============================================================================
2842  *   5.1.1 Volume variables
2843  *==============================================================================
2844   C(i,z,time)             Consumption of commodity i by households in region z
2845   CABX(z,time)            Current account balance of region z in terms of the international currency
2846   CG(i,z,time)            Public consumption of commodity i in region z
2847   CI(j,z,time)            Total intermediate consumption of industry j in region z
2848   CE(j,z,time)            Total intermediate consumption of industry j in region z
2849   CMIN(i,z,time)          Minimum consumption of commodity i by households in region z
2850   CTH_REAL(z,time)        Real household consumption in region z
2851   DD(i,z,time)            Domestic demand for commodity i produced locally in region z
2852   DI(i,j,z,time)          Intermediate consumption of commodity i by industry j in region z
2853   DE(i,j,z,time)          Intermediate energy consumption of commodity i by industry j in region z
2854   DIT(i,z,time)           Total intermediate demand of commodity i in region z
2855   DS(j,i,z,time)          Supply of commodity i by sector j to the domestic market
2856   DS_I(i,z,time)          Supply of commodity i to the domestic market of region z
2857   EX(i,z,zj,time)         Quantity of product i exported by country z to country zj
2858   EXT(i,z,time)           Supply of composite commodity i by region z to the export market
2859   EXTT(j,i,z,time)        Supply of activity j to the export market i of region z
2860   G_REAL(z,time)          Current real government expenditures on goods and services in region z
2861   GDP_BP_REAL(z,time)     Real GDP at basic prices
2862   GDP_BP_W_REAL(time)     Real world GDP at basic prices
2863   GDP_MP_REAL(z,time)     Real GDP at market prices
2864   IM(i,zj,z,time)         Quantity of product i imported by country z from country zj
2865   IMT(i,z,time)           Quantity demanded of composite imports of commodity i by region z
2866   IND(k,j,z,time)         Volume of new type k capital investment to industry j in region z
2867   INV(i,z,time)           Final demand of commodity i for investment purposes (GFCF) in region z
2868   IT_REAL(z,time)         Real gross fixed capital formation
2869   KD(k,j,z,time)          Demand for type k capital by industry j in region z
2870   KDC(j,z,time)           Demand for composite capital by industry j in region z
2871   KS(k,z,time)            Supply of type k capital in region z
2872   LD(l,j,z,time)          Demand for type l labor by industry j in region z
2873   LDC(j,z,time)           Demand for composite labor by industry j in region z
2874   LS(l,z,time)            Supply of type l labor in region z
2875   MRGN(i,z,time)          Domestic production of commodity i in region z exported as international margin services
2876   Q(i,z,time)             Quantity demanded of composite commodity i in region z
2877   VA(j,z,time)            Value added of industry j in region z
2878   KLE(j,z,time)           KLE of industry j in region z
2879   XS(j,i,z,time)          Total output of industry j by commodity in region z
2880   XS_I(i,z,time)          Total output of commodity i in region z
2881   XST(j,z,time)           Total aggregate output of industry j in region z
2882   POWERQ(z,time)          Total power output in region z
2883   OBJ
2884   C_Conventional(i3,z,time)
2885   beta_X4_t(power,z,time)
2886   XDBS(i3,z,time)
2887   XDBS2(j,z,time)
2888   LBS(l,j,z,time)
2889   KBS(k,j,z,time)
2890  *==============================================================================
2891  *   5.1.2 Price variables
2892  *==============================================================================
2893   e(z,time)               Exchange rate (price of international currency in terms of region z local currency)
2894   IR(z,time)              Interest rate
2895   P(i,z,time)             Basic price of commodity i in region z
2896   P2(j,i,z,time)          Basic price of industry js production of commodity i
2897   P3(i,j,z,time)          Basic price of power industry js production of commodity i
2898   P4(ene,j,z,time)        Basic energy commodity price of industry js production of commodity i
2899   PPOWER(z,time)          Basic price of composite power commodity in region z
2900   PI(i,z,time)            Basic price of composite activity commodity in region z
2901   PT(j,z,time)            Basic price of industry js output
2902   PC(i,z,time)            Purchaser price of composite commodity i (including all taxes and margins) in region z
2903   PCI(j,z,time)           Intermediate consumption price index of industry j in region z
2904   PCE(j,z,time)           Intermediate energy consumption price index of industry j in region z
2905   PD(i,z,time)            Price of local product i sold on region z domestic market (including all taxes)
2906   PE(i,z,zj,time)         Price received for commodity i exported to region zj by region z (excluding export taxes)
2907   PET(i,z,time)           Border price of composite commodity i exported by region z
2908   PIXCON(z,time)          Consumer price index in region z
2909   PIXGDP(z,time)          GDP deflator in region z
2910   PIXGDP_W(time)          World GDP deflator
2911   PIXGVT(z,time)          Public expenditures price index in region z
2912   PIXINV(z,time)          Investment price index in region z
2913   PK(z,time)              Price of new capital in region z
2914   PL(i,z,time)            Price of local product i (excluding all taxes on products) in region z
2915   PM(i,zj,z,time)         Price of commodity i imported by region z from region zj (including all taxes duties and margins)
2916   PMT(i,z,time)           Price of composite commodity i imported by region z (including all taxes duties and margins)
2917   PP(j,z,time)            Unit cost of industry j in region z including taxes directly related to the use of capital and labor but excluding other taxes on production
2918   PVA(j,z,time)           Price of industry j value added in region z (including taxes on production directly related to the use of capital and labor)
2919   PKLE(j,z,time)          Price of industry j KLE in region z
2920   PWM(i,zj,z,time)        World price of commodity i imported from country zj by region z (expressed in international currency)
2921   PWMG(i,time)            World price of margin i (expressed in international currency)
2922   PWX(i,z,zj,time)        World price of commodity i exported to country zj by region z (expressed in international currency)
2923   R(k,j,z,time)           Rental rate of type k capital in industry j of region z
2924   RC(j,z,time)            Rental rate of industry j composite capital in region z
2925   RTI(k,j,z,time)         Rental rate paid by industry j for type k capital in region z including capital taxes
2926   U(z,time)               User cost of capital in region z
2927   W(l,z,time)             Wage rate of type l labor in region z
2928   WC(j,z,time)            Wage rate of industry j composite labor in region z
2929   WTI(l,j,z,time)         Wage rate paid z by industry j for type l labor in region including payroll taxes
2930   CTAX(Z,time)            Carbon tax in region z
2931   
2932  *==============================================================================
2933  *   5.1.3 Nominal (value) variables
2934  *==============================================================================
2935   CAB(z,time)             Current account balance of region z
2936   CTH(z,time)             Consumption budget of households in region z
2937   DEP(z,time)             Amount of depreciation (capital consumption allowance) in region z
2938   G(z,time)               Current government expenditures on goods and services in region z
2939   GDP_BP(z,time)          Region z GDP at basic prices
2940   GDP_BP_W(time)          World GDP at basic prices
2941   GDP_FD(z,time)          Region z GDP at purchasers prices from the perspective of final demand
2942   GDP_IB(z,time)          Region z GDP at market prices (income-based)
2943   GDP_MP(z,time)          Region z GDP at market prices
2944   IT(z,time)              Total investment expenditures in region z
2945   SG(z,time)              Government savings in region z
2946   SH(z,time)              Household savings in region z
2947   SROW(z,time)            Rest-of-the-world savings with respect to region z
2948   TDH(z,time)             Household income taxes in region z
2949   TCTAX(z,time)           Government revenuse from Carbon tax
2950   TIC(i,z,time)           Government revenue from indirect taxes on commodity i in region z
2951   TICT(z,time)            Total government receipts of indirect taxes on commodities in region z
2952   TIK(k,j,z,time)         Government revenue from taxes on type k capital used by industry j in region z
2953   TIKT(z,time)            Total government revenue from from taxes on capital in region z
2954   TIM(i,zj,z,time)        Government revenue from duties on commodity i imported from region zj by region z
2955   TIMT(z,time)            Total government revenue from import duties in region z
2956   TIP(j,z,time)           Government revenue from taxes on industry j production in region z (excluding taxes directly related to the use of capital and labor)
2957   TIPT(z,time)            Total government revenue from production taxes in region z (excluding taxes directly related to the use of capital and labor)
2958   TIW(l,j,z,time)         Government revenue from payroll taxes on type l labor in industry j of region z
2959   TIWT(z,time)            Total government revenue from payroll taxes in region z
2960   TIX(i,z,zj,time)        Government revenue from export taxes on commodity i exported by region z to region zj
2961   TIXT(z,time)            Total government revenue from export taxes in region z
2962   TPRCTS(z,time)          Total government revenue from taxes on products and imports in region z
2963   TPRODN(z,time)          Total government revenue from other taxes on production in region z
2964   YDH(z,time)             Household disposable income in region z
2965   YG(z,time)              Total government income in region z
2966   YH(z,time)              Household total income in region z
2967   YHK(z,time)             Household capital income in region z
2968   YHL(z,time)             Household labor income in region z
2969   YROW(z,time)            Rest-of-the-world total income from region z
2970   CLBS(i3,z,time)
2971   CKBS(i3,z,time)
2972   MARKUP(i3,z,time)
2973  *==============================================================================
2974  *   5.1.4 Rates and intercepts
2975  *==============================================================================
2976   phi(z,time)             Scale variable (allocation of investment to industries)
2977   sh0(z,time)             Intercept (household savings)
2978   sh1(z,time)             Slope (household savings)
2979   ttdh0(z,time)           Intercept (household income tax)
2980   ttdh1(z,time)           Slope (household income tax)
2981   ttic(i,z,time)          Tax rate on commodity i
2982   ttik(k,j,z,time)        Tax rate on capital k used in industry j
2983   ttim(i,zj,z,time)       Rate of taxes and duties on imports of commodity i from country zj
2984   ttip(j,z,time)          Tax rate on the production of industry j
2985   ttiw(l,j,z,time)        Tax rate on type l worker compensation in industry j
2986   ttix(i,z,zj,time)       Export tax rate on exported commodity i
2987   
2988  *==============================================================================
2989  *   5.1.5 Other variables
2990  *==============================================================================
2991   A_VA(z,time)            Multifactor productivity
2992   LEON(z,time)            Excess supply on the last market in region z
2993   OBJ                     Objective variable
2994  ;
2995   
2996  *==============================================================================
2997  *  5.2 Equation declarations
2998  *==============================================================================
2999  EQUATIONS
3000   EQ1(j,z,time)           Leontief - demand for value added
3001   EQ1_1(j,z,time)         Leontief - demand for KLE(Industries)
3002   EQ2(j,z,time)           Leontief - demand for intermediate consumption
3003   EQ2_1(j,z,time)         Leontief - demand for intermediate energy consumption(Energy Industries)
3004   EQ3(j,z,time)           CES - combination of labor and capital
3005   EQ3_1(j,z,time)         CES - combination of composite energy and value added
3006   EQ4(j,z,time)           CES - demand for composite labor
3007   EQ4_1(j,z,time)         Demand for value added relative to composite energy
3008   EQ5(j,z,time)           CES between labor categories
3009   EQ6(l,j,z,time)         Demand for labor
3010   EQ7(j,z,time)           CES between capital categories
3011   EQ8(k,j,z,time)         Demand for capital
3012   EQ9(i,j,z,time)         Leontief - demand for commodity i by sector j
3013   EQ9_1(i,j,z,time)       Leontief - demand for commodity i by sector j
3014   EQ9_2(i,j,z,time)       CES between energy commodities categories
3015  * EQ9_3(j2,z,time)
3016   EQ10(z,time)            Household total income
3017   EQ11(z,time)            Household labor income
3018   EQ12(z,time)            Household capital income
3019   EQ13(z,time)            Household disposable income
3020   EQ14(z,time)            Household consumption budget
3021  * CALEQ1(z,time)          Aggregate domestic savings
3022   EQ15(z,time)            Household savings
3023   EQ16(z,time)            Government total income
3024   EQ16_1(z,time)          Government revenue from Ctax
3025   EQ17(z,time)            Total government receipts of taxes on production
3026   EQ18(z,time)            Government receipts of indirect taxes on wages
3027   EQ19(z,time)            Government receipts of indirect taxes on capital
3028   EQ20(z,time)            Government receipts of indirect taxes on production
3029   EQ21(z,time)            Total government receipts of taxes on products and imports
3030   EQ22(z,time)            Government receipts of indirect taxes on consumption
3031   EQ23(z,time)            Government receipts of indirect taxes on imports
3032   EQ24(z,time)            Government receipts of indirect taxes on exports
3033   EQ25(z,time)            Household h income taxes
3034   EQ26(l,j,z,time)        Government receipts of indirect taxes on wages
3035   EQ27(k,j,z,time)        Government receipts of indirect taxes on capital
3036   EQ28(j,z,time)          Government receipts of indirect taxes on production of industry j
3037   EQ29(i,z,time)          Government receipts of indirect taxes on commodity i
3038   EQ30(i,zj,z,time)       Government receipts of indirect taxes on imports of commodity i
3039   EQ31(i,z,zj,time)       Government receipts of indirect taxes on exports of commodity i
3040   EQ32(z,time)            Government savings
3041   EQ33(z,time)            Rest of the world total income
3042   EQ34(z,time)            Rest of the world savings
3043   EQ35(z,time)            Equivalence between current account balance and savings
3044   EQ36(i,z,time)          Household consumption of commodity i
3045   EQ37(i,z,time)          Final demand of commodity i for investment purposes
3046   EQ38(i,z,time)          Public final consumption of commodity i
3047  * CALEQ2(z,time)          Current government expenditures on goods and services
3048   EQ39(i,z,time)          Total intermediate consumption of commodity i
3049   EQ39_1(i,z,time)        Total intermediate consumption of commodity i
3050  * EQ40_1(j,z)             CET between different commodities produced by industry j
3051  * EQ40_2(j,i,z)           Industry j production of commodity i (CET)
3052   EQ40_3(i,z,time)        Domestic supply by commdities
3053   EQ40_4(j,z,time)        Total supply by commdities
3054   EQ40_5(i,z,time)        CET function between exports local production and margins
3055   EQ41(i,z,time)          Supply of composite exports
3056   EQ42(i,z,time)          Supply of margins
3057   EQ43(i,z,time)          CET function between exports by trading partner
3058   EQ44(i,z,zj,time)       Supply of exports by trading partner
3059   EQ45(i,z,time)          CES function between composite imports and local production
3060   EQ46(i,z,time)          Demand for composite imports
3061   EQ47(i,z,time)          CES function between imports by origin
3062   EQ48(i,zj,z,time)       Demand for imports by origin
3063   EQ49(j,z,time)          Producer price in energy industries j after production taxes
3064   EQ49_1(j,z,time)        Producer price in industry j after production taxes
3065  * EQ49_2(j,i,z)     Total producer price is equal to P if there is only one product
3066  * EQ49_3(j,i,z)     Basic price of industry j's production of commodity i
3067   EQ50(j,z,time)          Basic price of industry j production
3068   EQ51(j,z,time)          Price index of industry j intermediate consumption
3069   EQ51_1(j,z,time)        Price index of industry j intermediate energy consumption
3070   EQ52(j,z,time)          Value added price
3071   EQ52_1(j,z,time)        KLE price
3072  * EQ53(j,z)         Price of composite labor in industry j (redundant)
3073   EQ54(l,j,z,time)        Wages including taxes
3074   EQ54_1(ene,j,z,time)    energy commodity prices
3075  * EQ55(j,z)         Price of composite capital in industry j (redundant)
3076   EQ56(k,j,z,time)        Rental rate including taxes
3077  * EQ57(k,j,z,time)        Rate of remuneration of capital k (capital mobile)
3078   EQ58(i,z,time)          Producer price is a weighted sum of PE and PL
3079  * EQ59(i,z)         Price of composite export i (redundant)
3080   EQ60(i,z,zj,time)       Border price of exported commodity i
3081   EQ61(i,z,time)          Price of local product i (including all taxes and margins)
3082   EQ62(i,zj,z,time)       Price of imported commodity i (including all taxes and duties)
3083  * EQ63(i,z)         Price of composite import i (redundant)
3084   EQ64(i,z,time)          Consumer price is a weighted sum of PD and PM
3085  * EQ65(z,time)            Aggregate price of capital
3086   EQ66(z,time)            GDP deflator (Fischer index)
3087   EQ67(time)              World GDP deflator (Fischer index)
3088   EQ68(z,time)            Consumer price index (Laspeyres)
3089   EQ69(z,time)            Investment price index (derived from investment function)
3090   EQ70(z,time)            Public expenditure price index
3091   EQ71(i1,z,time)         Domestic absorbtion
3092   EQ71_2(i3,z,time)         Domestic absorbtion
3093   EQ72(l,z,time)          Labor supply equals labor demand
3094   EQ73(k,z,time)          Capital supply equals capital demand
3095   EQ74(z,time)            Total investment equals total savings
3096   EQ75(z,time)            Depreciation
3097   EQ76(i,z,time)          Supply of domestic production equals demand
3098   EQ77(i,z,zj,time)       Exports supply equals imports demand
3099   EQ78(i,z,zj,time)       Exports price equals imports price
3100   EQ79(i,time)            World demand for margins equals world supply
3101  * EQ80              Sum of foreign savings equals zero (redundant)
3102   EQ81(z,time)            GDP at basic prices
3103   EQ82(z,time)            GDP at market prices
3104   EQ83(z,time)            GDP at market prices (income-based)
3105   EQ84(z,time)            GDP at market prices (expenditure-based)
3106   EQ85(time)              World GDP
3107   EQ86(z,time)            Real consumption budget of type h households
3108   EQ87(z,time)            Real current government expenditures on goods and services
3109   EQ88(z,time)            Real GDP at basic prices
3110   EQ89(time)              Real world GDP at basic prices
3111   EQ90(z,time)            Real GDP at market prices
3112   EQ91(z,time)            Real gross fixed capital formation
3113   EQ92(z,time)            Current account balance of region z in terms of the reference currency
3114   EQ93                    fictitious OBJ. fuction
3115   WALRAS(z,time)          Walras law verification
3116  * EQB_1(i,z)        Top Nest - CES function Aggregated acitivty
3117  * EQB_2(j,i,z)      Top Nest - CES function Aggregated acitivty
3118  * EQB_3(j,i,z)      Total producer price is equal to P if there is only one product
3119  * EQB_4(j,i,z)      Basic price of industry j's production of commodity i
3120  * EQB_5(j,i,z)      Supply of exports for compsite activity
3121   EQA_1(z,time)           Top Nest - Leontief function Aggregated-Electricity
3122   EQA_2(Z,time)           Top Nest - Leontief function Aggregated-Electricity
3123   EQA_3(z,time)           Second Nest - CES function - Aggregated-Electricity
3124   EQA_4(power,i,z,time)   Second Nest - CES function - Aggregated-Electricity
3125   EQB_1(i2,z,time)        Industry j production of commodity i (CES)
3126   EQB_3(j,i,z,time)       Total producer price is equal to P if there is only one product
3127   EQB_4(j,i,z,time)       Basic price of industry js production of commodity i
3128   EQB_5(j,i,z,time)       Supply of exports for compsite activity
3129   
3130   EQ94(z,time)            Total investment expenditure constraint
3131   EQ95(z,time)            Aggregate price of capital
3132   EQ96(k,bus,z,time)      Investment demand by industry
3133  * CALEQ3(k,pub,z,time)    Public investment demand
3134  * EQ97a(z,time)           Interest rate (weighted average rate of return on capital)
3135   EQ97b(z,time)           User cost of capital
3136   
3137   EQ98(i3,z,time)
3138   EQ99(i3,z,time)
3139   EQ100(j,z,time)
3140   EQ101(l,j,z,time)
3141   EQ102(k,j,z,time)
3142   EQ103(i3,z,time)
3143   EQ104(i3,z,time)
3144   EQ105(i3,z,time)
3145  ;
3146   
3147  *==============================================================================
3148  *  5.3 Equations
3149  *==============================================================================
3150  *   5.3.1 Production
3151  *==============================================================================
3152   EQ1(j3,z,t)..     VA(j3,z,t) =e= v(j3,z)*XST(j3,z,t);
3153   
3154   EQ1_1(j2,z,t)..   KLE(j2,z,t) =e= v2(j2,z)*XST(j2,z,t);
3155   
3156   EQ2(j,z,t)..      CI(j,z,t) =e= io(j,z)*XST(j,z,t);
3157   
3158  * EQ2_1(j3,z,t)..   CE(j3,z,t) =e= io2(j3,z)*XST(j3,z,t);
3159   EQ2_1(j3,z,t)..   CE(j3,z,t) =e= io2_t(j3,z,t)*XST(j3,z,t);
3160   
3161   
3162   EQ3(j,z,t)..      VA(j,z,t) =e= A_VA(z,t)*B_VA(j,z)*{
3163                      [beta_VA(j,z)*LDC(j,z,t)**(-rho_VA(j,z))]$LDCO(j,z)
3164                     +[(1-beta_VA(j,z))*KDC(j,z,t)**(-rho_VA(j,z))]$KDCO(j,z)
3165                                                     }**(-1/rho_VA(j,z));
3166   
3167   EQ3_1(j2,z,t)..   KLE(j2,z,t) =e= B_KLE(j2,z)*{
3168  *                    [beta_KLE(j2,z)*VA(j2,z,t)**(-rho_KLE(j2,z))]$VAO(j2,z)
3169  *                   +[(beta_KLE2(j2,z))*CE(j2,z,t)**(-rho_KLE(j2,z))]$CEO(j2,z)
3170  *                                                   }**(-1/rho_KLE(j2,z));
3171                      [(1-beta_KLE2_t(j2,z,t))*VA(j2,z,t)**(-rho_KLE(j2,z))]$VAO(j2,z)
3172                     +[(beta_KLE2_t(j2,z,t))*CE(j2,z,t)**(-rho_KLE(j2,z))]$CEO(j2,z)
3173                                                     }**(-1/rho_KLE(j2,z));
3174   
3175   EQ4(j,z,t)$[LDCO(j,z) and KDCO(j,z)]..
3176                   LDC(j,z,t) =e= {[beta_VA(j,z)/(1-beta_VA(j,z))]
3177                                *[RC(j,z,t)/WC(j,z,t)]}**sigma_VA(j,z)*KDC(j,z,t);
3178   
3179   EQ4_1(j2,z,t)$[VAO(j2,z) and CEO(j2,z)]..
3180  *                 VA(j2,z,t) =e= {[beta_KLE(j2,z)/(beta_KLE2(j2,z))]
3181  *                              *[PCE(j2,z,t)/PVA(j2,z,t)]}**sigma_KLE(j2,z)*CE(j2,z,t);
3182                   VA(j2,z,t) =e= {[(1-beta_KLE2_t(j2,z,t))/(beta_KLE2_t(j2,z,t))]
3183                                *[PCE(j2,z,t)/PVA(j2,z,t)]}**sigma_KLE(j2,z)*CE(j2,z,t);
3184   
3185   EQ5(j,z,t)$LDCO(j,z)..
3186                   LDC(j,z,t) =e= B_LD(j,z)*SUM[l$LDO(l,j,z),beta_LD(l,j,z)
3187                                  *LD(l,j,z,t)**(-rho_LD(j,z))]**(-1/rho_LD(j,z));
3188   
3189   EQ6(l,j,z,t)$LDO(l,j,z)..
3190                   LD(l,j,z,t) =e= [beta_LD(l,j,z)*WC(j,z,t)/WTI(l,j,z,t)]
3191                                 **sigma_LD(j,z)*B_LD(j,z)**(sigma_LD(j,z)-1)
3192                                 *LDC(j,z,t);
3193   
3194   EQ7(j,z,t)$KDCO(j,z)..
3195                   KDC(j,z,t) =e= B_KD(j,z)*SUM[k$KDO(k,j,z),beta_KD(k,j,z)
3196                                  *KD(k,j,z,t)**(-rho_KD(j,z))]**(-1/rho_KD(j,z));
3197   
3198   EQ8(k,j,z,t)$KDO(k,j,z)..
3199                   KD(k,j,z,t) =e= [beta_KD(k,j,z)*RC(j,z,t)/RTI(k,j,z,t)]
3200                                   **sigma_KD(j,z)*B_KD(j,z)**(sigma_KD(j,z)-1)
3201                                   *KDC(j,z,t);
3202   
3203   EQ9(nene,j,z,t)..    DI(nene,j,z,t) =e= aij(nene,j,z)*CI(j,z,t) ;
3204   
3205   EQ9_1(ene,j3,z,t)..  DE(ene,j3,z,t) =e= aij2_t(ene,j3,z,t)*CE(j3,z,t) ;
3206   
3207  * EQ9_3(j2,z,t)..      CE(j2,z,t) =e= B_ENER_t(j2,z,t)*SUM[ene,beta_ENER(ene,j2,z)
3208  *                                *DE(ene,j2,z,t)**(-rho_ENER(j2,z))]**(-1/rho_ENER(j2,z));
3209   
3210  * EQ9_2(ene,j2,z,t)..  DE(ene,j2,z,t) =e= [beta_ENER(ene,j2,z)*PCE(j2,z,t)/((P4(ene,j2,z,t)+PC(ene,z,t)*CTAX(z,t)*CO2FACTOR2(ene,j2,z,t)))]
3211   EQ9_2(ene,j2,z,t)..  DE(ene,j2,z,t) =e= [beta_ENER(ene,j2,z)*PCE(j2,z,t)/((P4(ene,j2,z,t)+P4(ene,j2,z,t)*CTAX(z,t)*CO2FACTOR2(ene,j2,z,t)))]
3212                                     **sigma_ENER(j2,z)*B_ENER_t(j2,z,t)**(sigma_ENER(j2,z)-1)
3213                                     *CE(j2,z,t);
3214   
3215  *==============================================================================
3216  *   5.3.2 Income and savings
3217  *==============================================================================
3218  *    5.3.2.1 Households
3219  *==============================================================================
3220   EQ10(z,t)..       YH(z,t) =e= YHL(z,t)+YHK(z,t)+TCTAX(z,t)+SUM(i3,MARKUP(i3,z,t));
3221  * EQ10(z,t)..       YH(z,t) =e= YHL(z,t)+YHK(z,t)+TCTAX(z,t);
3222  * EQ10(z,t)..       YH(z,t) =e= YHL(z,t)+YHK(z,t) ;
3223   
3224   EQ11(z,t)..       YHL(z,t) =e= SUM[(l,j)$LDO(l,j,z),W(l,z,t)*LD(l,j,z,t)];
3225   
3226   EQ12(z,t)..       YHK(z,t) =e= SUM[(k,j)$KDO(k,j,z),R(k,j,z,t)*KD(k,j,z,t)];
3227   
3228   EQ13(z,t)..       YDH(z,t) =e= YH(z,t)-TDH(z,t);
3229   
3230   EQ14(z,t)..       CTH(z,t) =e= YDH(z,t)-SH(z,t);
3231   
3232  * EQ15(z,t)..       SH(z,t) =e= PIXCON(z,t)**eta*sh0(z,t)+sh1(z,t)*YDH(z,t);
3233   EQ15(z,t)..       SH(z,t) =e= sh1(z,t)*YDH(z,t);
3234   
3235  *==============================================================================
3236  *    5.3.2.2 Government
3237  *==============================================================================
3238   EQ16(z,t)..       YG(z,t) =e= TDH(z,t)+TPRODN(z,t)+TPRCTS(z,t)+TCTAX(z,t);
3239  *TCTAX(z,t)
3240   EQ16_1(z,t)..     TCTAX(z,t) =e= sum((ene,j), PC(ene,z,t)*CTAX(z,t)*CO2FACTOR2(ene,j,z,t)*DE(ene,j,z,t));
3241   
3242   EQ17(z,t)..       TPRODN(z,t) =e= TIWT(z,t)+TIKT(z,t)+TIPT(z,t);
3243   
3244   EQ18(z,t)..       TIWT(z,t) =e= SUM[(l,j)$LDO(l,j,z),TIW(l,j,z,t)];
3245   
3246   EQ19(z,t)..       TIKT(z,t) =e= SUM[(k,j)$KDO(k,j,z),TIK(k,j,z,t)];
3247   
3248   EQ20(z,t)..       TIPT(z,t) =e= SUM[j,TIP(j,z,t)];
3249   
3250   EQ21(z,t)..       TPRCTS(z,t) =e= TICT(z,t)+TIMT(z,t)+TIXT(z,t);
3251   
3252   EQ22(z,t)..       TICT(z,t) =e= SUM[i,TIC(i,z,t)];
3253   
3254   EQ23(z,t)..       TIMT(z,t) =e= SUM[(i,zj)$IMO(i,zj,z),TIM(i,zj,z,t)];
3255   
3256   EQ24(z,t)..       TIXT(z,t) =e= SUM[(i,zj)$EXO(i,z,zj),TIX(i,z,zj,t)];
3257   
3258   EQ25(z,t)..       TDH(z,t) =e= PIXCON(z,t)**eta*ttdh0(z,t)+ttdh1(z,t)*YH(z,t);
3259   
3260   EQ26(l,j,z,t)$LDO(l,j,z)..
3261                     TIW(l,j,z,t) =e= ttiw(l,j,z,t)*W(l,z,t)*LD(l,j,z,t);
3262   
3263   EQ27(k,j,z,t)$KDO(k,j,z)..
3264                     TIK(k,j,z,t) =e= ttik(k,j,z,t)*R(k,j,z,t)*KD(k,j,z,t);
3265   
3266   EQ28(j,z,t)..     TIP(j,z,t) =e= ttip(j,z,t)*PP(j,z,t)*XST(j,z,t);
3267   
3268   EQ29(i,z,t)..     TIC(i,z,t) =e= ttic(i,z,t)*{[PL(i,z,t)*DD(i,z,t)]$DDO(i,z)
3269                   +[SUM[zj$IMO(i,zj,z),(1+ttim(i,zj,z,t))*IM(i,zj,z,t)*e(z,t)
3270                    *(PWM(i,zj,z,t)+SUM(ij,PWMG(ij,t)*tmrg(ij,i,zj,z)))]]};
3271   
3272   EQ30(i,zj,z,t)$IMO(i,zj,z)..
3273                   TIM(i,zj,z,t) =e= ttim(i,zj,z,t)*IM(i,zj,z,t)*e(z,t)*
3274                                     (PWM(i,zj,z,t)+SUM[ij,PWMG(ij,t)
3275                                     *tmrg(ij,i,zj,z)]);
3276   
3277   EQ31(i,z,zj,t)$EXO(i,z,zj)..
3278                   TIX(i,z,zj,t) =e= ttix(i,z,zj,t)*PE(i,z,zj,t)*EX(i,z,zj,t);
3279   
3280   EQ32(z,t)..       SG(z,t) =e= YG(z,t)-G(z,t)-TCTAX(z,t);
3281  * EQ32(z,t)..       SG(z,t) =e= YG(z,t)- sum(i,PC(i,z,t)*CG(i,z,t));
3282   
3283  *==============================================================================
3284  *    5.3.2.4 Rest of the world
3285  *==============================================================================
3286   EQ33(z,t)..       YROW(z,t) =e= e(z,t)*SUM{(i,zj)$IMO(i,zj,z),IM(i,zj,z,t)*
3287                             [PWM(i,zj,z,t)+SUM(ij,PWMG(ij,t)*tmrg(ij,i,zj,z))]};
3288   
3289   EQ34(z,t)..       SROW(z,t) =e= YROW(z,t)-e(z,t)*SUM[(i,zj)$EXO(i,z,zj),
3290                                 EX(i,z,zj,t)*PWX(i,z,zj,t)]-e(z,t)
3291                                 *SUM[i$MRGNO(i,z),MRGN(i,z,t)*PWMG(i,t)];
3292   
3293   EQ35(z,t)..       SROW(z,t) =e= -CAB(z,t);
3294   
3295  *==============================================================================
3296  *   5.3.3 Demand
3297  *==============================================================================
3298   EQ36(i,z,t)..     PC(i,z,t)*C(i,z,t) =e= PC(i,z,t)*CMIN(i,z,t)+gamma_LES(i,z)
3299                                   *{CTH(z,t)-SUM[ij,PC(ij,z,t)*CMIN(ij,z,t)]};
3300   
3301   EQ37(i,z,t)..     PC(i,z,t)*INV(i,z,t) =e= gamma_INV(i,z)*IT(z,t);
3302   
3303   EQ38(i,z,t)..     PC(i,z,t)*CG(i,z,t) =e= gamma_GVT(i,z)*G(z,t);
3304   
3305   EQ39(nene,z,t)..   DIT(nene,z,t) =e= SUM[j,DI(nene,j,z,t)];
3306   
3307   EQ39_1(ene,z,t)..  DIT(ene,z,t) =e= SUM[j,DE(ene,j,z,t)];
3308   
3309  *==============================================================================
3310  *   5.3.4 International trade
3311  *==============================================================================
       EQB_1(i,z)..    XS_I(i,z) =e= B_X3(i,z)*SUM[j$XSO(j,i,z),beta_X3(j,i,z)
                                      *XS(j,i,z)**(-rho_X3(i,z))]**(-1/rho_X3(i,z));
       
       EQB_2(j,i,z)${DSO(j,i,z) and [DSO(j,i,z) ne DSO_I(i,z)]}..
                       XS(j,i,z) =e= XS_I(i,z)/B_X3(i,z)**(1-sigma_X3(i,z))*
                                     [beta_X3(j,i,z)*PI(i,z)/P2(j,i,z)]
                                     **sigma_X3(i,z);
       
       EQB_3(j,i,z)${DSO(j,i,z)}..   P2(j,i,z) =e= PT(j,z);
       
       EQB_4(j,i,z)$DSO(j,i,z)..
                       P2(j,i,z)*XS(j,i,z) =e= [PET(i,z)*EXTT(j,i,z)]$EXTTO(j,i,z)
                                              +[e(z)*MRGN(i,z)*PWMG(i)]$MRGNO(i,z)
                                              +[PL(i,z)*DS(j,i,z)]$DSO(j,i,z);
       
       EQB_5(j,i,z)$DSO(j,i,z)..  EXTT(j,i,z)  =e= theta2(j,i,z)*EXT(i,z);
3330   
3331  *[Top Nest - Leontief function]
3332   EQA_1(z,t)..  XS('18_TnD','18_ELEC',z,t) =e= TnDShare(z)*XS_I('18_ELEC',z,t);
3333   EQA_2(z,t)..  XS_I('18_ELEC',z,t) =e= XS('18_TnD','18_ELEC',z,t) + POWERQ(z,t);
3334   
3335   
3336  *[Second Nest - CES function]
3337  * EQA_3(z,t)..    POWERQ(z,t) =e= B_X4(z)*SUM[POWER, beta_X4(power,z)
3338  *                                *XS(POWER,'18_ELEC',z,t)**(-rho_X4(z))]**(-1/rho_X4(z));
3339   EQA_3(z,t)..    POWERQ(z,t) =e= B_X4(z)*SUM[POWER, beta_X4_t(power,z,t)
3340                                  *XS(POWER,'18_ELEC',z,t)**(-rho_X4(z))]**(-1/rho_X4(z));
3341  *beta_X4_t(power2,z,time)
3342   
3343  * EQA_4(power,'18_ELEC',z,t)..  XS(POWER,'18_ELEC',z,t) =e= POWERQ(z,t)/B_X4(z)**(1-sigma_X4(z))*
3344  *                               [beta_X4(power,z)*PPOWER(z,t)/P2(POWER,'18_ELEC',z,t)]
3345  *                               **sigma_X4(z);
3346   
3347   EQA_4(power,'18_ELEC',z,t)..  XS(POWER,'18_ELEC',z,t) =e= POWERQ(z,t)/B_X4(z)**(1-sigma_X4(z))*
3348                                 [beta_X4_t(power,z,t)*PPOWER(z,t)/P2(POWER,'18_ELEC',z,t)]
3349                                 **sigma_X4(z);
3350   
3351  * exclude electiricity
3352   EQB_1(i2,z,t)..    XS_I(i2,z,t) =e= B_X3(i2,z)*SUM[j$XSO(j,i2,z),beta_X3(j,i2,z)
3353                                  *XS(j,i2,z,t)**(-rho_X3(i2,z))]**(-1/rho_X3(i2,z));
3354   
3355   
3356   EQB_3(j,i,z,t)${DSO(j,i,z)}..   P2(j,i,z,t) =e= PT(j,z,t);
3357   
3358   EQB_4(j,i,z,t)$DSO(j,i,z)..
3359                   P2(j,i,z,t)*XS(j,i,z,t) =e= [PET(i,z,t)*EXTT(j,i,z,t)]$EXTTO(j,i,z)
3360                                          +[e(z,t)*MRGN(i,z,t)*PWMG(i,t)]$MRGNO(i,z)
3361                                          +[PL(i,z,t)*DS(j,i,z,t)]$DSO(j,i,z);
3362   
3363   EQB_5(j,i,z,t)$DSO(j,i,z)..  EXTT(j,i,z,t)  =e= theta2(j,i,z)*EXT(i,z,t);
3364   
3365   EQ40_3(i,z,t)..   DS_I(i,z,t) =e= sum(j,DS(j,i,z,t)$DSO(j,i,z));
3366   
3367   EQ40_4(j,z,t)..   XST(j,z,t)  =e= sum(i,XS(j,i,z,t)$XSO(j,i,z));
3368   
3369   EQ40_5(i,z,t)..   XS_I(i,z,t) =e= B_X1(i,z)*{
3370                   [beta_EX_X1(i,z)*EXT(i,z,t)**rho_X1(i,z)]$EXTO(i,z)
3371                  +[beta_D_X1(i,z)*DS_I(i,z,t)**rho_X1(i,z)]$DSO_I(i,z)
3372                  +[(1-beta_EX_X1(i,z)-beta_D_X1(i,z))*MRGN(i,z,t)**rho_X1(i,z)]$MRGNO(i,z)
3373                                            }**(1/rho_X1(i,z));
3374   
3375   EQ41(i,z,t)$[EXTO(i,z) and DSO_I(i,z)]..
3376                   EXT(i,z,t) =e= {[beta_D_X1(i,z)/beta_EX_X1(i,z)]*[PET(i,z,t)/PL(i,z,t)]}
3377                                **sigma_X1(i,z)*DS_I(i,z,t);
3378   
3379   EQ42(i,z,t)$[MRGNO(i,z) and DSO_I(i,z)]..
3380                   MRGN(i,z,t) =e= {[beta_D_X1(i,z)/(1-beta_EX_X1(i,z)
3381                                   -beta_D_X1(i,z))]*[e(z,t)*PWMG(i,t)/PL(i,z,t)]}
3382                                   **sigma_X1(i,z)*DS_I(i,z,t);
3383   
3384   EQ43(i,z,t)$EXTO(i,z)..
3385                   EXT(i,z,t) =e= B_X2(i,z)*SUM[zj$EXO(i,z,zj),beta_X2(i,z,zj)
3386                                  *EX(i,z,zj,t)**rho_X2(i,z)]**(1/rho_X2(i,z));
3387   
3388   EQ44(i,z,zj,t)$EXO(i,z,zj)..
3389                   EX(i,z,zj,t) =e= EXT(i,z,t)/B_X2(i,z)**(1+sigma_X2(i,z))*
3390                                    [PE(i,z,zj,t)/(beta_X2(i,z,zj)*PET(i,z,t))]
3391                                    **sigma_X2(i,z);
3392   
3393   EQ45(i,z,t)..     Q(i,z,t) =e= B_M1(i,z)*{
3394                      [beta_M1(i,z)*IMT(i,z,t)**(-rho_M1(i,z))]$IMTO(i,z)
3395                     +[(1-beta_M1(i,z))*DD(i,z,t)**(-rho_M1(i,z))]$DDO(i,z)
3396                                          }**(-1/rho_M1(i,z));
3397   
3398   EQ46(i,z,t)$[IMTO(i,z) and DDO(i,z)]..
3399                   IMT(i,z,t) =e= {[beta_M1(i,z)/(1-beta_M1(i,z))]*[PD(i,z,t)
3400                                  /PMT(i,z,t)]}**sigma_m1(i,z)*DD(i,z,t);
3401   
3402   EQ47(i,z,t)$IMTO(i,z)..
3403                   IMT(i,z,t) =e= B_M2(i,z)*SUM[zj$IMO(i,zj,z),beta_M2(i,zj,z)*
3404                                  IM(i,zj,z,t)**(-rho_M2(i,z))]**(-1/rho_M2(i,z));
3405   
3406   EQ48(i,zj,z,t)$IMO(i,zj,z)..
3407                   IM(i,zj,z,t) =e= IMT(i,z,t)/B_M2(i,z)**(1-sigma_M2(i,z))*
3408                                    [beta_M2(i,zj,z)*PMT(i,z,t)/PM(i,zj,z,t)]
3409                                    **sigma_M2(i,z);
3410   
3411  *==============================================================================
3412  *   5.3.5 Prices
3413  *==============================================================================
3414   EQ49(j2,z,t)..     PP(j2,z,t)*XST(j2,z,t) =e= PKLE(j2,z,t)*KLE(j2,z,t)+PCI(j2,z,t)*CI(j2,z,t);
3415   
3416   EQ49_1(j3,z,t)..   PP(j3,z,t)*XST(j3,z,t) =e= PVA(j3,z,t)*VA(j3,z,t)+PCI(j3,z,t)*CI(j3,z,t)+PCE(j3,z,t)*CE(j3,z,t);
3417   
3418   EQ50(j,z,t)..     PT(j,z,t) =e= (1+ttip(j,z,t))*PP(j,z,t);
3419   
3420   EQ51(j,z,t)..     PCI(j,z,t)*CI(j,z,t) =e= SUM[nene,PC(nene,z,t)*DI(nene,j,z,t)];
3421   
3422   EQ51_1(j,z,t)..   PCE(j,z,t)*CE(j,z,t) =e= SUM[ene,PC(ene,z,t)*DE(ene,j,z,t) + PC(ene,z,t)*CTAX(z,t)*CO2FACTOR2(ene,j,z,t)*DE(ene,j,z,t)];
3423   
3424  * EQ51_1(j,z)..   PCE(j,z)*CE(j,z) =e= SUM[ene,P4(ene,j,z)*DE(ene,j,z)];
3425   
3426   EQ52(j,z,t)..     PVA(j,z,t)*VA(j,z,t) =e= [WC(j,z,t)*LDC(j,z,t)]$LDCO(j,z)
3427                                       +[RC(j,z,t)*KDC(j,z,t)]$KDCO(j,z);
3428   
3429   EQ52_1(j2,z,t)..   PKLE(j2,z,t)*KLE(j2,z,t) =e= [PVA(j2,z,t)*VA(j2,z,t)]$VAO(j2,z)
3430                                         +[PCE(j2,z,t)*CE(j2,z,t)]$CEO(j2,z);
3431   
3432  * Given equations 5 and 6, equation 53 is redundant
3433  * EQ53(j,z)..     WC(j,z)*LDC(j,z) =e= SUM[l$LDO(l,j,z),WTI(l,j,z)*LD(l,j,z)];
3434   
3435   EQ54(l,j,z,t)$LDO(l,j,z)..
3436                   WTI(l,j,z,t) =e= W(l,z,t)*(1+ttiw(l,j,z,t));
3437   
3438   EQ54_1(ene,j2,z,t)$DEO(ene,j2,z)..
3439                   P4(ene,j2,z,t) =e= PC(ene,z,t);
3440   
3441  * Given equations 7 and 8, equation 55 is redundant
3442  * EQ55(j,z)$(kmob and KDCO(j,z))..
3443  *                 RC(j,z)*KDC(j,z) =e= SUM[k$KDO(k,j,z),RTI(k,j,z)*KD(k,j,z)];
3444   
3445   EQ56(k,j,z,t)$KDO(k,j,z)..
3446                   RTI(k,j,z,t) =e= R(k,j,z,t)*(1+ttik(k,j,z,t));
3447   
3448  * EQ57(k,j,z,t)$(kmob and KDO(k,j,z))..
3449  *                 R(k,j,z,t) =e= RK(k,z,t);
3450   
3451  * EQ58(j,z)..     P(j,z)*XST(j,z) =e= [PL(j,z)*DS(j,z)]$DSO(j,z)
3452  *                                   +[PET(j,z)*EXT(j,z)]$EXTO(j,z)
3453  *                                   +[e(z)*PWMG(j)*MRGN(j,z)]$MRGNO(j,z);
3454   
3455   EQ58(i,z,t)..     P(i,z,t)*XS_I(i,z,t) =e= [PL(i,z,t)*DS_I(i,z,t)]$DSO_I(i,z)
3456                                       +[PET(i,z,t)*EXT(i,z,t)]$EXTO(i,z)
3457                                       +[e(z,t)*PWMG(i,t)*MRGN(i,z,t)]$MRGNO(i,z);
3458   
3459  * Given equations 43 and 44, equation 59 is redundant
3460  * EQ59(i,z)$EXTO(i,z)..
3461  *                 PET(i,z)*EXT(i,z) =e= SUM[zj$EXO(i,z,zj),
3462  *                                           PE(i,z,zj)*EX(i,z,zj);
3463   
3464   EQ60(i,z,zj,t)$EXO(i,z,zj)..
3465                   PE(i,z,zj,t)*(1+ttix(i,z,zj,t)) =e= e(z,t)*PWX(i,z,zj,t);
3466   
3467   EQ61(i,z,t)$DDO(i,z)..
3468                   PD(i,z,t) =e= (1+ttic(i,z,t))*PL(i,z,t);
3469   
3470   EQ62(i,zj,z,t)$IMO(i,zj,z)..
3471                   PM(i,zj,z,t) =e= (1+ttic(i,z,t))*(1+ttim(i,zj,z,t))*e(z,t)*
3472                                    (PWM(i,zj,z,t)+SUM[ij,PWMG(ij,t)
3473                                    *tmrg(ij,i,zj,z)]);
3474   
3475  * Given equations 47 and 48, equation 63 is redundant
3476  * EQ63(i,z)$IMTO(i,z)..
3477  *                 PMT(i,z)*IMT(i,z) =e= SUM[zj$IMO(i,zj,z),
3478  *                                           PM(i,zj,z)*IM(i,zj,z);
3479   
3480   EQ64(i,z,t)..     PC(i,z,t)*Q(i,z,t) =e= [PD(i,z,t)*DD(i,z,t)]$DDO(i,z)+
3481                                      [PMT(i,z,t)*IMT(i,z,t)]$IMTO(i,z);
3482   
3483  * EQ65(z,t)..       PK(z,t) =e= 1/A_K(z)*PROD[i$gamma_INV(i,z),(PC(i,z,t)
3484  *                               /gamma_INV(i,z))**gamma_INV(i,z)];
3485   
3486   EQ66(z,t)..       PIXGDP(z,t) =e=
3487                   {SUM[j,{(PVA(j,z,t)*VA(j,z,t)+TIP(j,z,t))/VA(j,z,t)}*VAO(j,z)]
3488                   /SUM[j,{(PVAO(j,z)*VAO(j,z)+TIPO(j,z))/VAO(j,z)}*VAO(j,z)]
3489                   *SUM[j,{(PVA(j,z,t)*VA(j,z,t)+TIP(j,z,t))/VA(j,z,t)}*VA(j,z,t)]
3490                   /SUM[j,{(PVAO(j,z)*VAO(j,z)+TIPO(j,z))/VAO(j,z)}*VA(j,z,t)]}**0.5;
3491   
3492   EQ67(t)..         PIXGDP_W(t) =e=
3493                   {SUM[(j,z),{(PVA(j,z,t)*VA(j,z,t)+TIP(j,z,t))/VA(j,z,t)}*VAO(j,z)/e(z,t)]
3494                   /SUM[(j,z),{(PVAO(j,z)*VAO(j,z)+TIPO(j,z))/VAO(j,z)}*VAO(j,z)/eO(z)]
3495                   *SUM[(j,z),{(PVA(j,z,t)*VA(j,z,t)+TIP(j,z,t))/VA(j,z,t)}*VA(j,z,t)/e(z,t)]
3496                   /SUM[(j,z),{(PVAO(j,z)*VAO(j,z)+TIPO(j,z))/VAO(j,z)}*VA(j,z,t)/eO(z)]}**0.5;
3497   
3498   EQ68(z,t)..       PIXCON(z,t) =e= SUM[i,PC(i,z,t)*CO(i,z)]/SUM[i,PCO(i,z)*CO(i,z)];
3499   
3500   EQ69(z,t)..       PIXINV(z,t) =e= PROD[i$gamma_INV(i,z),(PC(i,z,t)/PCO(i,z))
3501                                   **gamma_INV(i,z)];
3502   
3503   EQ70(z,t)..       PIXGVT(z,t) =e= PROD[i$gamma_GVT(i,z),(PC(i,z,t)/PCO(i,z))
3504                                   **gamma_GVT(i,z)];
3505   
3506  *==============================================================================
3507  *   5.3.6 Equilibrium
3508  *==============================================================================
3509   EQ71(i1,z,t)..    Q(i1,z,t) =e= C(i1,z,t)+CG(i1,z,t)+INV(i1,z,t)+DIT(i1,z,t);
3510   
3511   EQ71_2(i3,z,t)..  Q(i3,z,t) =e= C(i3,z,t)+CG(i3,z,t)+INV(i3,z,t)+C_Conventional(i3,z,t);
3512   
3513   EQ72(l,z,t)..     LS(l,z,t) =e= SUM[j$LDO(l,j,z),LD(l,j,z,t)+LBS(l,j,z,t)];
3514   
3515   EQ73(k,z,t)$KSO(k,z)..
3516                     KS(k,z,t) =e= SUM[j$KDO(k,j,z),KD(k,j,z,t)+KBS(k,j,z,t)];
3517   
3518   EQ74(z,t)..       IT(z,t)   =e= SH(z,t)+SG(z,t)-CAB(z,t);
3519   
3520   EQ75(z,t)..       DEP(z,t)  =e= PK(z,t)*delta(z)*SUM[k$KSO(k,z),KS(k,z,t)];
3521   
3522   EQ76(i,z,t)$DDO(i,z)..
3523                   SUM[j$DSO(j,i,z),DS(j,i,z,t)] =e= DD(i,z,t);
3524   
3525   EQ77(i,z,zj,t)$EXO(i,z,zj)..
3526                   EX(i,z,zj,t) =e= IM(i,z,zj,t);
3527   
3528   EQ78(i,z,zj,t)$EXO(i,z,zj)..
3529                   PWX(i,z,zj,t) =e= PWM(i,z,zj,t);
3530   
3531   EQ79(i,t)..       SUM[z$MRGNO(i,z),MRGN(i,z,t)] =e= SUM[(z,zj,ij)$IMO(ij,zj,z),
3532                                                   tmrg(i,ij,zj,z)*IM(ij,zj,z,t)];
3533   
3534  * Given equations 33, 34 and 77, equation 80 is redundant
3535  * EQ80..          SUM[z,SROW(z)/e(z)] =e= 0;
3536   
3537  *==============================================================================
3538  *   5.3.7 Gross domestic product
3539  *==============================================================================
3540   EQ81(z,t)..       GDP_BP(z,t) =e= SUM[j,PVA(j,z,t)*VA(j,z,t)]+TIPT(z,t);
3541   
3542   EQ82(z,t)..       GDP_MP(z,t) =e= GDP_BP(z,t)+TPRCTS(z,t);
3543   
3544   EQ83(z,t)..       GDP_IB(z,t) =e= SUM[(l,j)$LDO(l,j,z),W(l,z,t)*LD(l,j,z,t)]
3545                                +SUM[(k,j)$KDO(k,j,z),R(k,j,z,t)*KD(k,j,z,t)]
3546                                +TPRCTS(z,t)+TPRODN(z,t);
3547   
3548   EQ84(z,t)..       GDP_FD(z,t) =e=
3549                   SUM[i,PC(i,z,t)*(C(i,z,t)+CG(i,z,t)+INV(i,z,t))]
3550                  +SUM[(i,zj)$EXO(i,z,zj),e(z,t)*PWX(i,z,zj,t)*EX(i,z,zj,t)]
3551                  +SUM[i$MRGNO(i,z),e(z,t)*PWMG(i,t)*MRGN(i,z,t)]
3552                  -SUM[(i,zj)$IMO(i,zj,z),e(z,t)*IM(i,zj,z,t)
3553                      *(PWM(i,zj,z,t)+SUM[ij,PWMG(ij,t)*tmrg(ij,i,zj,z)])]-TCTAX(z,t);
3554   
3555   EQ85(t)..          GDP_BP_W(t) =e= SUM[z,GDP_BP(z,t)/e(z,t)];
3556   
3557  *==============================================================================
3558  *  5.3.8 Real (volume) variables computed from price indices
3559  *==============================================================================
3560   EQ86(z,t)..       CTH_REAL(z,t) =e= CTH(z,t)/PIXCON(z,t);
3561   
3562   EQ87(z,t)..       G_REAL(z,t) =e= G(z,t)/PIXGVT(z,t);
3563   
3564   EQ88(z,t)..       GDP_BP_REAL(z,t) =e= GDP_BP(z,t)/PIXGDP(z,t);
3565   
3566   EQ89(t)..         GDP_BP_W_REAL(t) =e= GDP_BP_W(t)/PIXGDP_W(t);
3567   
3568   EQ90(z,t)..       GDP_MP_REAL(z,t) =e= GDP_MP(z,t)/PIXCON(z,t);
3569   
3570   EQ91(z,t)..       IT_REAL(z,t) =e= IT(z,t)/PIXINV(z,t);
3571   
3572   EQ92(z,t)..       CABX(z,t) =e= CAB(z,t)/[PIXGDP_W(t)*e(z,t)];
3573   
3574   EQ93..            OBJ =e= 1;
3575   
3576  *==============================================================================
3577  *   5.3.8 Dynamic equations
3578  *==============================================================================
3579   EQ94(z,t)..     IT(z,t) =e= PK(z,t)*SUM[(k,j)$KDO(k,j,z),IND(k,j,z,t)];
3580   
3581   EQ95(z,t)..     PK(z,t) =e= 1/A_K(z)*PROD[i$gamma_INV(i,z),(PC(i,z,t)
3582                                 /gamma_INV(i,z))**gamma_INV(i,z)];
3583   EQ96(k,bus,z,t)$KDO(k,bus,z)..
3584                   IND(k,bus,z,t) =e= phi(z,t)*[R(k,bus,z,t)/U(z,t)]
3585                                    **sigma_INV(k,bus,z)*KD(k,bus,z,t);
3586   
3587  * EQ97a(z,t)..    IR(z,t) =e= {SUM[(k,j)$KDO(k,j,z),
3588  *                              R(k,j,z,t)*KD(k,j,z,t)]-DEP(z,t)}/
3589  *                             {PK(z,t)*SUM[(k,j)$KDO(k,j,z),KD(k,j,z,t)]};
3590   
3591   EQ97b(z,t)..    U(z,t) =e= PK(z,t)*(delta(z)+IR(z,t));
3592   
3593  *==============================================================================
3594  *   5.3.9 Other
3595  *==============================================================================
3596   WALRAS(z,t)..   LEON(z,t) =e= Q('01_AGRICULT',z,t)-C('01_AGRICULT',z,t)-CG('01_AGRICULT',z,t)-INV('01_AGRICULT',z,t)
3597                              -DIT('01_AGRICULT',z,t);
3598   
3599  *==============================================================================
3600  *   5.3.10 Backstop technology
3601  *==============================================================================
3602   EQ98(i3,z,t)..  C_Conventional(i3,z,t) =e= (1-penetration_rate(i3,z,t)*switch(i3,z,t))*DIT(i3,z,t);
3603   
3604   EQ99(i3,z,t)..  XDBS(i3,z,t) =e= penetration_rate(i3,z,t)*switch(i3,z,t)*DIT(i3,z,t);
3605   
3606   EQ100(j,z,t)..  XDBS2(j,z,t) =e= sum{i3$COMtoIND(j,i3),XDBS(i3,z,t)};
3607   
3608   EQ101(l,j,z,t)..  LBS(l,j,z,t) =e= 0.2*XDBS2(j,z,t)*LDO(l,j,z)/sum(lj,LDO(lj,j,z));
3609   
3610   EQ102(k,j,z,t)..  KBS(k,j,z,t) =e= 0.5*XDBS2(j,z,t)*KDO(k,j,z)/sum(kj,KDO(kj,j,z));
3611   
3612   EQ103(i3,z,t)..   CLBS(i3,z,t)  =e= sum(l,sum{j$INDtoCOM(i3,j),LBS(l,j,z,t)*WC(j,z,t)});
3613   
3614   EQ104(i3,z,t)..   CKBS(i3,z,t)  =e= sum(k,sum{j$INDtoCOM(i3,j),KBS(k,j,z,t)*RC(j,z,t)});
3615   
3616  * EQ104(i3,z,t)..   CKBS(i3,z,t)  =e= sum(k,sum{j$INDtoCOM(i3,j),KBS(k,j,z,t)*RTI(k,j,z,t)});
3617   
3618   EQ105(i3,z,t)..   MARKUP(i3,z,t) =e= {PC(i3,z,t)*XDBS(i3,z,t)-CLBS(i3,z,t)}*switch(i3,z,t) ;
3619   
3620  *==============================================================================
3621  * 6 Numerical resolution to compute A_VA, sh0, G, G_REAL and IND
3622  *==============================================================================
3623  *option cns = Snopt;
3624  *option cns = Ipopt;
3625  *option NLP = Ipopt;
3626  *option cns = path;
3627  *option cns = conopt4;
3628  *option NLP = conopt4;
3629  *option NLP = minos;
3630  *option NLP = pathnlp ;
3631   
3632  *option iterlim = 100;
3633  *option iterlim = 0;
3634   
3635  *option lmmxsf = t ;
3636   
3637  * Eliminating display of solution makes it easier to check whether model solves
3638  * and to identify year when it crashes.
3639  *option profile=1;
3640  *option profile=3;
3641  *option profiletol=10;
3642   
3643  option limrow=0, limcol=0, solprint = off;
3644  *$Offlisting
3645  *$Offsymlist
3646  *$Offinclude
3647  *option limrow=0, limcol=0, iterlim= 100 ;
3648  *option reslim = 1000;
3649   
3650  MODEL PEPWT World wide dynamic model /all/ ;
3651  PEPWT.holdfixed=1;
3652  *$EXIT
3653   
3654  *==============================================================================
3655  *  6.1 Scenarios
3656  *==============================================================================
3657  * Define the set of scenarios
3658  * For each scenario, there are two files to $INCLUDE:
3659  * SOLVE, and RESULTS.
3660   
3661  SET
3662  SCEN  List of scenarios
3663  /
3664   BAU             Business as usual values
3665   CPS             Current Policy Scenario
3666   NZS             Net Zero Scenario
3667  /
3668  ;
3669   
3670  *==============================================================================
3671  *  6.2 BAU scenario and Results
3672  *==============================================================================
3673  *$INCLUDE BAU_SOLVE_GTAP11b.gms
3674  *$INCLUDE BAU_RESULTS_GTAP11b.gms
3675  *$include BAU_IAMC.gms
3676  * The user may run the BAU scenario with the command line parameter s=bau
3677  * to save the solution and exit at this point.
3678  * The SIM scenario may be solved later using the command line parameter r=bau
3679  * to restart from the BAU solution.
3680   
3681  *==============================================================================
3682  *   6.3 Simulation 1 scenarios and Results
3683  *==============================================================================
3684  *$INCLUDE CPS_SOLVE_GTAP11b.gms
3685  *$INCLUDE CPS_RESULTS_GTAP11b.gms
3686   
3687  *==============================================================================
3688  *   6.4 Simulation 2 scenarios and Results
3689  *==============================================================================
INCLUDE    C:\Users\kimc0\GUIDE_GLOBAL_CGE\2.RD_CGE\NZS_SOLVE_GTAP11b.gms
3691  *==============================================================================
3692  *  6.2.1.1 Choice of multifactor productivity
3693  *==============================================================================
3694  *  6.2.1.1.1 Input for multifactor productivity
3695  *==============================================================================
3696  * Multifactor productivity is retrieved from a model BAU solution with
3697  * endogenous A_VA(z,time) in equation 3, and exogenous real GDPs, fixed at
3698  * values that are projected using Four?, Benassy-Qu?r? and Fontagn? projected
3699  * growth rates. So the solution is forced to follow the GDP projected growth
3700  * paths. The solution values of A_VA are stored as parameter A_VA_RES.
3701  *-------------------------------------------------------------------------------
3702   
3703  *$ONTEXT
3704  PARAMETER
3705   A_VA_RES(z,time)     Value of A_VA to reproduce real GDP projections
3706   GX(z,time)           Current government expenditures on goods and services in region z
3707   G_REALX(z,time)      Current real government expenditures on goods and services in region z
3708   INDX(k,j,z,time)     Volume of new type k capital investment to industry j in region z
3709   sh0X(z,time)     Intercept (household savings)
3710   sh1X(z,time)     Household savings rate
3711   phi_BAU(z,time)
3712  ;
3713   
GDXIN   C:\Users\kimc0\GUIDE_GLOBAL_CGE\2.RD_CGE\Input_w-t\B_line_GTAP11b.gdx
3715  *$LOAD A_VA_RES, sh0X, sh1X, GX, G_REALX, INDX
--- LOAD  A_VA_RES = 1:A_VA_RES
--- LOAD  GX = 2:GX
--- LOAD  G_REALX = 3:G_REALX
--- LOAD  INDX = 4:INDX
--- LOAD  sh1X = 26:sh1X
--- LOAD  sh0X = 27:sh0X
--- LOAD  phi_BAU = 28:phi_BAU
3717   
3718  display  A_VA_RES;
3719  *$EXIT
3720  *$OFFTEXT
3721   
3722  *==============================================================================
3723  *  6.2.1.1.2 Choice of multifactor productivity
3724  *==============================================================================
3725  * If you want to reproduce the real GDP projections, set:
3726   A_VA.FX(z,time)  = A_VA_RES(z,time);
3727  * Otherwise, simply put A_VA equal to one:
3728  * A_VA.FX(z,time)    = 1;
3729   
3730  *==============================================================================
3731  *   6.2.1.2 Choice of reference region
3732  *==============================================================================
3733  * By default, the reference region is USA,
3734   zr(z)           = no;
3735   zr('07_NAM')    = yes;
3736  *zr('ChinaHK')   = yes;
3737   z1(z)           = NOT[zr(z)];
3738   
3739  *==============================================================================
3740  *   6.2.1.3 Choice between closures FE and FP
3741  *==============================================================================
3742  *$ontext
3743  * FP CLOSURE: fixed PIXGDPs; numeraire is exchange rate of reference region
3744  * The exchange rates are endogenous, except for the reference region.
3745   e.FX(zr,time)      = eO(zr);
3746   PIXGDP.FX(z,time)  = PIXGDPO(z)/sum(zr,eO(zr));
3747  *$offtext
3748   
      * FE CLOSURE: fixed exchange rates; numeraire is PIXGDP of reference region
      * The exchange rates can be fixed at arbitrary values
       PIXGDP.FX(zr,time)  = PIXGDPO(zr);
       e.FX(z,time)        = eO(z);
3755   
3756   
3757  *==============================================================================
3758  *   Taking account of the existence or not of a feasible solution
3759  *==============================================================================
3760  PARAMETER
3761   SolStop
3762   If_Feasibl(time,scen)    Optimality status code
3763   StatSolver(time,scen)    Solver status code
3764   LastGood(scen)           Last feasible solution year
3765  ;
3766   SolStop = 0;
3767   LastGood(scen)=Endtime;
3768   file Status / 'Output_w-t/ModelStatus.xls'/;
3769  * Column separator: 6 = tab-separated file
3770  *                   5 = comma-separated file
3771       Status.pc=6;
3772  * Number of decimal places (maximum 10)
3773       Status.nd=0;
3774   
3775  * EndTime is the final year for model resolution.
3776  * Parameter EndTime is defined in the main program.
3777  LOOP[time$(time.val le EndTime),
3778  * T(time) is a subset of set TIME. It was previously empty. It now contains
3779  * a single element: it is the current value of the TIME index.
3780  T(time) = YES;
3781   
3782  *==============================================================================
3783  *   6.2.1.4 Other exogenous variables
3784  *==============================================================================
3785   G_REAL.FX(z,time)    = G_REALX(z,time);
3786   IND.fx(k,pub,z,time) = INDX(k,pub,z,time);
3787   phi.fx(z,time)       = phi_BAU(z,time);
3788   
3789   sh0.fx(z,time)       = sh0X(z,time);
3790   sh1.fx(z,time)       = sh1X(z,time);
3791  * ttdh0.fx(z,time)    = ttdh0O(z)*exogro(z,time);
3792  * phi.fx(z,time)       = phiO(z);
3793   ttdh0.fx(z,time)     = ttdh0O(z);
3794   ttdh1.fx(z,time)     = ttdh1O(z);
3795   ttic.fx(i,z,time)    = tticO(i,z);
3796   ttik.fx(k,j,z,time)  = ttikO(k,j,z);
3797   ttim.fx(i,zj,z,time) = ttimO(i,zj,z);
3798   ttip.fx(j,z,time)    = ttipO(j,z);
3799   ttiw.fx(l,j,z,time)  = ttiwO(l,j,z);
3800   ttix.fx(i,z,zj,time) = ttixO(i,z,zj);
3801  * CTAX.fX(z,time)     = CTAX1(z,time);
3802   CTAX.fX(z,time)      = CTAX0(z);
3803  beta_X4_t.fx(power,z,time) = beta_X4(power,z);
3804   
3805   
3806  *==============================================================================
3807  *   6.2.2.1 Initialisation
3808  *==============================================================================
3809   
INCLUDE    C:\Users\kimc0\GUIDE_GLOBAL_CGE\2.RD_CGE\INIT.gms
3811  *==============================================================================*
3812  *                                                                              *
3813  *           Except where otherwise noted, this work is licensed under          *
3814  *               http://creativecommons.org/licenses/by-nc-sa/3.0/              *
3815  *                                                                              *
3816  *                                                                              *
3817  *  You are free to share, to copy, distribute and transmit the work under      *
3818  *  the following conditions:                                                   *
3819  *                                                                              *
3820  *  - Attribution:         You must attribute the work to:                      *
3821  *                         Veronique Robichaud, Andre Lemelin,                  *
3822  *                         Bernard Decaluwe and Helene Maisonnave.              *
3823  *  - Noncommercial:       You may not use this work for commercial purposes.   *
3824  *  - Share Alike:         If you alter, transform, or build upon this work,    *
3825  *                         you may distribute the resulting work only under     *
3826  *                         the same or similar license to this one.             *
3827  *                                                                              *
3828  *==============================================================================*
3829   
3830  * This file is included in the files CAL_B_line, BAU_SOLVE and SIM_SOLVE
3831   
3832  *==============================================================================
3833   
3834  *==============================================================================
3835  * A. Initialization
3836  *    Assignment of initial values to variables prior to resolution
3837  *==============================================================================
3838  *  A.1 Initialization for the first period
3839  *==============================================================================
3840  *   A.1.1 Volume variables
3841  *==============================================================================
3842   CABX.L(z,t1)      = CABXO(z);
3843   C.L(i,z,t1)       = CO(i,z);
3844   CG.L(i,z,t1)      = CGO(i,z);
3845   CI.L(j,z,t1)      = CIO(j,z);
3846   CE.L(j,z,t1)      = CEO(j,z);
3847   CMIN.L(i,z,t1)    = CMINO(i,z);
3848   CTH_REAL.L(z,t1)  = CTH_REALO(z);
3849   DI.L(i,j,z,t1)    = DIO(i,j,z);
3850   DE.L(ene,j,z,t1)  = DEO(ene,j,z);
3851   DIT.L(i,z,t1)     = DITO(i,z);
3852   DD.L(i,z,t1)      = DDO(i,z);
3853   DS.L(j,i,z,t1)    = DSO(j,i,z);
3854   DS_I.L(i,z,t1)    = DSO_I(i,z);
3855   EX.L(i,z,zj,t1)   = EXO(i,z,zj);
3856   EXT.L(i,z,t1)     = EXTO(i,z);
3857   EXTT.L(j,i,z,t1)  = EXTTO(j,i,z);
3858   G_REAL.L(z,t1)    = G_REALO(z);
3859   GDP_BP_REAL.l(z,t1) = GDP_BP_REALO(z);
3860   GDP_MP_REAL.l(z,t1) = GDP_MP_REALO(z);
3861   GDP_BP_W_REAL.l(t1) = GDP_BP_W_REALO;
3862   IM.L(i,zj,z,t1)   = IMO(i,zj,z);
3863   IMT.L(i,z,t1)     = IMTO(i,z);
3864   IND.L(k,j,z,t1)   = INDO(k,j,z);
3865   INV.L(i,z,t1)     = INVO(i,z);
3866   IT_REAL.l(z,t1)   = IT_REALO(z);
3867   KD.L(k,j,z,t1)    = KDO(k,j,z);
3868   KDC.L(j,z,t1)     = KDCO(j,z);
3869   KS.L(k,z,t1)      = KSO(k,z);
3870   LD.L(l,j,z,t1)    = LDO(l,j,z);
3871   LDC.L(j,z,t1)     = LDCO(j,z);
3872   LS.L(l,z,t1)           = LSO(l,z);
3873   MRGN.L(i,z,t1)         = MRGNO(i,z);
3874   Q.L(i,z,t1)            = QO(i,z);
3875   VA.L(j,z,t1)           = VAO(j,z);
3876   KLE.L(j,z,t1)          = KLEO(j,z);
3877   XS.L(j,i,z,t1)         = XSO(j,i,z);
3878   XS_I.L(i,z,t1)         = XSO_I(i,z);
3879   XST.L(j,z,t1)          = XSTO(j,z);
3880   POWERQ.L(z,t1)         = POWERQO(z);
3881   OBJ.L                  = 1;
3882   C_Conventional.L(i3,z,t1)  = 0;
3883   XDBS.L(i3,z,t1)  = 0;
3884   XDBS2.L(j,z,t1)  = 0;
3885   LBS.L(l,j,z,t1)  = 0;
3886   KBS.L(k,j,z,t1)  = 0;
3887   
3888  * beta_X4_t.fx(power,z,t1)  = beta_X4(power,z);
3889  *==============================================================================
3890  *   A.1.2 Price variables
3891  *==============================================================================
3892   e.L(z,t1)         = eO(z);
3893   IR.L(z,t1)        = IRO(z);
3894   P.L(i,z,t1)       = PO(i,z);
3895   P2.L(j,i,z,t1)    = PO2(j,i,z);
3896   P4.L(ene,j,z,t1)  = PO4(ene,j,z);
3897   PPOWER.L(z,t1)    = PPOWERO(z);
3898   PI.l(i,z,t1)      = PO(i,z);
3899   PT.L(j,z,t1)      = PTO(j,z);
3900   PP.L(j,z,t1)      = PPO(j,z);
3901   PC.L(i,z,t1)      = PCO(i,z);
3902   PCI.L(j,z,t1)     = PCIO(j,z);
3903   PCE.L(j,z,t1)     = PCEO(j,z);
3904   PD.L(i,z,t1)      = PDO(i,z);
3905   PE.L(i,z,zj,t1)   = PEO(i,z,zj);
3906   PET.L(i,z,t1)     = PETO(i,z);
3907   PIXCON.L(z,t1)    = PIXCONO(z);
3908   PIXGDP.L(z,t1)    = PIXGDPO(z);
3909   PIXGDP_W.L(t1)    = PIXGDP_WO;
3910   PIXGVT.L(z,t1)    = PIXGVTO(z);
3911   PIXINV.L(z,t1)    = PIXINVO(z);
3912   PK.L(z,t1)        = PKO(z);
3913   PL.L(i,z,t1)      = PLO(i,z);
3914   PM.L(i,zj,z,t1)   = PMO(i,zj,z);
3915   PMT.L(i,z,t1)     = PMTO(i,z);
3916   PP.L(j,z,t1)      = PPO(j,z);
3917   PVA.L(j,Z,t1)     = PVAO(j,Z);
3918   PKLE.L(j,Z,t1)    = PKLEO(j,Z);
3919   PWM.L(i,zj,z,t1)  = PWMO(i,zj,z);
3920   PWMG.L(i,t1)      = PWMGO(i);
3921   PWX.L(i,z,zj,t1)  = PWXO(i,z,zj);
3922   R.L(k,j,z,t1)     = RO(k,j,z);
3923   RC.L(j,z,t1)      = RCO(j,z);
3924   RTI.L(k,j,z,t1)   = RTIO(k,j,z);
3925   U.L(z,t1)         = UO(z);
3926   W.L(l,z,t1)       = WO(l,z);
3927   WC.L(j,z,t1)      = WCO(j,z);
3928   WTI.L(l,j,z,t1)   = WTIO(l,j,z);
3929   
3930  *==============================================================================
3931  *   A.1.3 Nominal (value) variables
3932  *==============================================================================
3933   CAB.L(z,t1)       = CABO(z);
3934   CTH.L(z,t1)       = CTHO(z);
3935   DEP.L(z,t1)       = DEPO(z);
3936   G.L(z,t1)         = GO(z);
3937   GDP_BP.L(z,t1)    = GDP_BPO(z);
3938   GDP_BP_W.L(t1)    = SUM[z,GDP_BPO(z)];
3939   GDP_FD.L(z,t1)    = GDP_FDO(z);
3940   GDP_IB.L(z,t1)    = GDP_IBO(z);
3941   GDP_MP.L(z,t1)    = GDP_MPO(z);
3942   IT.L(z,t1)        = ITO(z);
3943   SG.L(z,t1)        = SGO(z);
3944   SH.L(z,t1)        = SHO(z);
3945   SROW.L(z,t1)      = SROWO(z);
3946  * TCTAX.L(z,t1)     = TCTAX0(z);
3947   TDH.L(z,t1)       = TDHO(z);
3948   TIC.L(i,z,t1)     = TICO(i,z);
3949   TICT.L(z,t1)      = TICTO(z);
3950   TIK.L(k,j,z,t1)   = TIKO(k,j,z);
3951   TIKT.L(z,t1)      = TIKTO(z);
3952   TIM.L(i,zj,z,t1)  = TIMO(i,zj,z);
3953   TIMT.L(z,t1)      = TIMTO(z);
3954   TIP.L(j,z,t1)     = TIPO(j,z);
3955   TIPT.L(z,t1)      = TIPTO(z);
3956   TIW.L(l,j,z,t1)   = TIWO(l,j,z);
3957   TIWT.L(z,t1)      = TIWTO(z);
3958   TIX.L(i,z,zj,t1)  = TIXO(i,z,zj);
3959   TIXT.L(z,t1)      = TIXTO(z);
3960   TPRODN.l(z,t1)    = TPRODNO(z);
3961   TPRCTS.l(z,t1)    = TPRCTSO(z);
3962   YDH.L(z,t1)       = YDHO(z);
3963   YG.L(z,t1)        = YGO(z);
3964   YH.L(z,t1)        = YHO(z);
3965   YHK.L(z,t1)       = YHKO(z);
3966   YHL.L(z,t1)       = YHLO(z);
3967   YROW.L(z,t1)      = YROWO(z);
3968   CLBS.L(i3,z,t1)   = 0;
3969   CKBS.L(i3,z,t1)   = 0;
3970   MARKUP.L(i3,z,t1) = 0;
3971   
3972  *==============================================================================
3973  *   A.1.4 Rates and intercepts
3974  *==============================================================================
3975   phi.L(z,t1)       = phio(z);
3976   
3977  *==============================================================================
3978  *  A.2 Initialization for the following periods
3979  *==============================================================================
3980   
3981  IF{ord(time) gt 1,
3982   
3983  *==============================================================================
3984  *   A.2.1 Volume variables
3985  *==============================================================================
3986  * CABX.L(z,time)      = CABXO(z);
3987  * C.L(i,z,time)       = CO(i,z);
3988  * CG.L(i,z,time)      = CGO(i,z);
3989  * CI.L(j,z,time)      = CIO(j,z);
3990  * CE.L(j,z,time)      = CEO(j,z);
3991  * CMIN.L(i,z,time)    = CMINO(i,z);
3992  * CTH_REAL.L(z,time)  = CTH_REALO(z);
3993  * DI.L(i,j,z,time)    = DIO(i,j,z);
3994  * DE.L(ene,j,z,time)  = DEO(ene,j,z);
3995  * DIT.L(i,z,time)     = DITO(i,z);
3996  * DD.L(i,z,time)      = DDO(i,z);
3997  * DS.L(j,i,z,time)    = DSO(j,i,z);
3998  * DS_I.L(i,z,time)    = DSO_I(i,z);
3999  * EX.L(i,z,zj,time)   = EXO(i,z,zj);
4000  * EXT.L(i,z,time)     = EXTO(i,z);
4001  * G_REAL.L(z,time)    = G_REALO(z);
4002  * GDP_BP_REAL.l(z,time) = GDP_BP_REALO(z);
4003  * GDP_MP_REAL.l(z,time) = GDP_MP_REALO(z);
4004  * GDP_BP_W_REAL.l(time) = GDP_BP_W_REALO;
4005  * IM.L(i,zj,z,time)   = IMO(i,zj,z);
4006  * IMT.L(i,z,time)     = IMTO(i,z);
4007  * IND.L(k,j,z,time)   = INDO(k,j,z);
4008  * INV.L(i,z,time)     = INVO(i,z);
4009  * IT_REAL.l(z,time)   = IT_REALO(z);
4010  * KD.L(k,j,z,time)    = KDO(k,j,z);
4011  * KDC.L(j,z,time)     = KDCO(j,z);
4012  * KS.L(k,z,time)      = KSO(k,z);
4013  * LD.L(l,j,z,time)    = LDO(l,j,z);
4014  * LDC.L(j,z,time)     = LDCO(j,z);
4015  * LS.L(l,z,time)      = LSO(l,z);
4016  * MRGN.L(i,z,time)    = MRGNO(i,z);
4017  * Q.L(i,z,time)         = QO(i,z);
4018  * VA.L(j,z,time)        = VAO(j,z);
4019  * KLE.L(j,z,time)       = KLEO(j,z);
4020  * XS.L(j,i,z,time)      = XSO(j,i,z);
4021  * XS_I.L(i,z,time)      = XSO_I(i,z);
4022  * XST.L(j,z,time)       = XSTO(j,z);
4023  * POWERQ.L(z,time)      = POWERQO(z);
4024   
4025   CABX.L(z,time)      = CABX.L(z,time-1);
4026   C.L(i,z,time)       = C.L(i,z,time-1);
4027   CG.L(i,z,time)      = CG.L(i,z,time-1);
4028   CI.L(j,z,time)      = CI.L(j,z,time-1);
4029   CE.L(j,z,time)      = CE.L(j,z,time-1);
4030   CMIN.L(i,z,time)    = CMIN.L(i,z,time-1);
4031   CTH_REAL.L(z,time)  = CTH_REAL.l(z,time-1);
4032   DI.L(i,j,z,time)    = DI.L(i,j,z,time-1);
4033   DE.L(ene,j,z,time)  = DE.L(ene,j,z,time-1);
4034   DIT.L(i,z,time)     = DIT.L(i,z,time-1);
4035   DD.L(i,z,time)      = DD.L(i,z,time-1);
4036   DS.L(j,i,z,time)    = DS.L(j,i,z,time-1);
4037   DS_I.L(i,z,time)    = DS_I.L(i,z,time-1);
4038   EX.L(i,z,zj,time)   = EX.L(i,z,zj,time-1);
4039   EXT.L(i,z,time)     = EXT.L(i,z,time-1);
4040   EXTT.L(j,i,z,time)  = EXTT.L(j,i,z,time-1);
4041   G_REAL.L(z,time)    = G_REAL.L(z,time-1);
4042   GDP_BP_REAL.l(z,time) = GDP_BP_REAL.l(z,time-1);
4043   GDP_MP_REAL.l(z,time) = GDP_MP_REAL.l(z,time-1);
4044   GDP_BP_W_REAL.l(time) = SUM[z,GDP_BP_REAL.L(z,time)];
4045   IM.L(i,zj,z,time)   = IM.L(i,zj,z,time-1);
4046   IMT.L(i,z,time)     = IMT.L(i,z,time-1);
4047   IND.L(k,j,z,time)   = IND.L(k,j,z,time-1);
4048   INV.L(i,z,time)     = INV.L(i,z,time-1);
4049   IT_REAL.l(z,time)   = IT_REAL.l(z,time-1);
4050   KD.L(k,j,z,time)    = KD.L(k,j,z,time-1);
4051   KDC.L(j,z,time)     = KDC.L(j,z,time-1);
4052   KS.L(k,z,time)      = KS.L(k,z,time-1);
4053   LD.L(l,j,z,time)    = LD.L(l,j,z,time-1);
4054   LDC.l(j,z,time)     = LDC.l(j,z,time-1);
4055   LS.L(l,z,time)      = LS.L(l,z,time-1);
4056   MRGN.L(i,z,time)    = MRGN.L(i,z,time-1);
4057   Q.L(i,z,time)       = Q.L(i,z,time-1);
4058   VA.L(j,z,time)      = VA.L(j,z,time-1);
4059   KLE.L(j,z,time)     = KLE.L(j,z,time-1);
4060   XS.L(j,i,z,time)    = XS.L(j,i,z,time-1);
4061   XS_I.L(i,z,time)    = XS_I.L(i,z,time-1);
4062   XST.L(j,z,time)     = XST.L(j,z,time-1);
4063   POWERQ.L(z,time)    = POWERQ.L(z,time-1);
4064   C_Conventional.L(i3,z,time)  = C_Conventional.L(i3,z,time-1);
4065   XDBS.L(i3,z,time)   = XDBS.L(i3,z,time-1);
4066   XDBS2.L(j,z,time)   = XDBS2.L(j,z,time-1);
4067   LBS.L(l,j,z,time)   = LBS.L(l,j,z,time-1);
4068   KBS.L(k,j,z,time)   = KBS.L(k,j,z,time-1);
4069   
4070   CABX.L(z,time)      = CABX.L(z,time-1)*(1+growthz(z));
4071   C.L(i,z,time)       = C.L(i,z,time-1)*(1+growthz(z));
4072   CG.L(i,z,time)      = CG.L(i,z,time-1)*(1+growthz(z));
4073   CI.L(j,z,time)      = CI.L(j,z,time-1)*(1+growthz(z));
4074   CE.L(j,z,time)      = CE.L(j,z,time-1)*(1+growthz(z));
4075   CMIN.L(i,z,time)    = CMIN.L(i,z,time-1)*(1+growthz(z));
4076   CTH_REAL.L(z,time)  = CTH_REAL.l(z,time-1)*(1+growthz(z));
4077   DI.L(i,j,z,time)    = DI.L(i,j,z,time-1)*(1+growthz(z));
4078   DE.L(ene,j,z,time)  = DE.L(ene,j,z,time-1)*(1+growthz(z));
4079   DIT.L(i,z,time)     = DIT.L(i,z,time-1)*(1+growthz(z));
4080   DD.L(i,z,time)      = DD.L(i,z,time-1)*(1+growthz(z));
4081   DS.L(j,i,z,time)    = DS.L(j,i,z,time-1)*(1+growthz(z));
4082   DS_I.L(i,z,time)    = DS_I.L(i,z,time-1)*(1+growthz(z));
4083   EX.L(i,z,zj,time)   = EX.L(i,z,zj,time-1)*(1+growthz(z));
4084   EXT.L(i,z,time)     = EXT.L(i,z,time-1)*(1+growthz(z));
4085   EXTT.L(j,i,z,time)  = EXTT.L(j,i,z,time-1)*(1+growthz(z));
4086   G_REAL.L(z,time)    = G_REAL.L(z,time-1)*(1+growthz(z));
4087   GDP_BP_REAL.l(z,time) = GDP_BP_REAL.l(z,time-1)*(1+growthz(z));
4088   GDP_MP_REAL.l(z,time) = GDP_MP_REAL.l(z,time-1)*(1+growthz(z));
4089   GDP_BP_W_REAL.l(time) = SUM[z,GDP_BP_REAL.L(z,time)];
4090   IM.L(i,zj,z,time)   = IM.L(i,zj,z,time-1)*(1+growthz(z));
4091   IMT.L(i,z,time)     = IMT.L(i,z,time-1)*(1+growthz(z));
4092   IND.L(k,j,z,time)   = IND.L(k,j,z,time-1)*(1+growthz(z));
4093   INV.L(i,z,time)     = INV.L(i,z,time-1)*(1+growthz(z));
4094   IT_REAL.l(z,time)   = IT_REAL.l(z,time-1)*(1+growthz(z));
4095   KD.L(k,j,z,time)    = KD.L(k,j,z,time-1)*(1+growthz(z));
4096   KDC.L(j,z,time)     = KDC.L(j,z,time-1)*(1+growthz(z));
4097   KS.L(k,z,time)      = KS.L(k,z,time-1)*(1+growthz(z));
4098   LD.L(l,j,z,time)    = LD.L(l,j,z,time-1)*(1+growthz(z));
4099   LDC.l(j,z,time)     = LDC.l(j,z,time-1)*(1+growthz(z));
4100   LS.L(l,z,time)      = LS.L(l,z,time-1)*(1+growthz(z));
4101   MRGN.L(i,z,time)    = MRGN.L(i,z,time-1)*(1+growthz(z));
4102   Q.L(i,z,time)       = Q.L(i,z,time-1)*(1+growthz(z));
4103   VA.L(j,z,time)      = VA.L(j,z,time-1)*(1+growthz(z));
4104   KLE.L(j,z,time)     = KLE.L(j,z,time-1)*(1+growthz(z));
4105   XS.L(j,i,z,time)    = XS.L(j,i,z,time-1)*(1+growthz(z));
4106   XS_I.L(i,z,time)    = XS_I.L(i,z,time-1)*(1+growthz(z));
4107   XST.L(j,z,time)     = XST.L(j,z,time-1)*(1+growthz(z));
4108   POWERQ.L(z,time)    = POWERQ.L(z,time-1)*(1+growthz(z));
4109  * KK.L(k,j,z,time)    = KK.L(k,j,z,time-1)*(1+0.03);
4110  * beta_X4_t.fx(power,z,time)  = beta_X4_t.L(power,z,time-1);
4111  *==============================================================================
4112  *   A.2.2 Price variables
4113  *==============================================================================
4114  * e.L(z,time)         = eO(z);
4115  * IR.L(z,time)        = IRO(z);
4116  * P.L(i,z,time)       = PO(i,z);
4117  * P2.L(j,i,z,time)    = PO2(j,i,z);
4118  * P4.L(ene,j,z,time)  = PO4(ene,j,z);
4119  * PPOWER.L(z,time)    = PPOWERO(z);
4120  * PI.l(i,z,time)      = PO(i,z);
4121  * PT.L(j,z,time)      = PTO(j,z);
4122  * PP.L(j,z,time)      = PPO(j,z);
4123  * PC.L(i,z,time)      = PCO(i,z);
4124  * PCI.L(j,z,time)     = PCIO(j,z);
4125  * PCE.L(j,z,time)     = PCEO(j,z);
4126  * PD.L(i,z,time)      = PDO(i,z);
4127  * PE.L(i,z,zj,time)   = PEO(i,z,zj);
4128  * PET.L(i,z,time)     = PETO(i,z);
4129  * PIXCON.L(z,time)    = PIXCONO(z);
4130  * PIXGDP.L(z,time)    = PIXGDPO(z);
4131  * PIXGDP_W.L(time)    = PIXGDP_WO;
4132  * PIXGVT.L(z,time)    = PIXGVTO(z);
4133  * PIXINV.L(z,time)    = PIXINVO(z);
4134  * PK.L(z,time)        = PKO(z);
4135  * PL.L(i,z,time)      = PLO(i,z);
4136  * PM.L(i,zj,z,time)   = PMO(i,zj,z);
4137  * PMT.L(i,z,time)     = PMTO(i,z);
4138  * PP.L(j,z,time)      = PPO(j,z);
4139  * PVA.L(j,Z,time)     = PVAO(j,Z);
4140  * PKLE.L(j,Z,time)    = PKLEO(j,Z);
4141  * PWM.L(i,zj,z,time)  = PWMO(i,zj,z);
4142  * PWMG.L(i,time)      = PWMGO(i);
4143  * PWX.L(i,z,zj,time)  = PWXO(i,z,zj);
4144  * R.L(k,j,z,time)     = RO(k,j,z);
4145  * RK.L(k,z,time)      = RKO(k,z);
4146  * RC.L(j,z,time)      = RCO(j,z);
4147  * RTI.L(k,j,z,time)   = RTIO(k,j,z);
4148  * U.L(z,time)         = UO(z);
4149  * W.L(l,z,time)       = WO(l,z);
4150  * WC.L(j,z,time)      = WCO(j,z);
4151  * WTI.L(l,j,z,time)   = WTIO(l,j,z);
4152   
4153   e.L(z,time)         = e.L(z,time-1);
4154   IR.L(z,time)        = IR.L(z,time-1);
4155   P.L(i,z,time)       = P.L(i,z,time-1);
4156   P2.L(j,i,z,time)    = P2.L(j,i,z,time-1);
4157   P4.L(ene,j,z,time)  = P4.L(ene,j,z,time-1);
4158   PPOWER.L(z,time)    = PPOWER.L(z,time-1);
4159   PI.l(i,z,time)      = PI.L(i,z,time-1);
4160   PT.L(j,z,time)      = PT.L(j,z,time-1);
4161   PP.L(j,z,time)      = PP.L(j,z,time-1);
4162   PC.L(i,z,time)      = PC.L(i,z,time-1);
4163   PCI.L(j,z,time)     = PCI.L(j,z,time-1);
4164   PCE.L(j,z,time)     = PCE.L(j,z,time-1);
4165   PD.L(i,z,time)      = PD.L(i,z,time-1);
4166   PE.L(i,z,zj,time)   = PE.L(i,z,zj,time-1);
4167   PET.L(i,z,time)     = PET.L(i,z,time-1);
4168   PIXCON.L(z,time)    = PIXCON.L(z,time-1);
4169   PIXGDP.L(z,time)    = PIXGDP.L(z,time-1);
4170   PIXGDP_W.L(time)    = PIXGDP_W.L(time-1);
4171   PIXGVT.L(z,time)    = PIXGVT.L(z,time-1);
4172   PIXINV.L(z,time)    = PIXINV.L(z,time-1);
4173   PK.L(z,time)        = PK.L(z,time-1);
4174   PL.L(i,z,time)      = PL.L(i,z,time-1);
4175   PM.L(i,zj,z,time)   = PM.L(i,zj,z,time-1);
4176   PMT.L(i,z,time)     = PMT.L(i,z,time-1);
4177   PP.L(j,z,time)      = PP.L(j,z,time-1);
4178   PVA.L(j,Z,time)     = PVA.L(j,Z,time-1);
4179   PKLE.L(j,Z,time)    = PKLE.L(j,Z,time-1);
4180   PWM.L(i,zj,z,time)  = PWM.L(i,zj,z,time-1);
4181   PWMG.L(i,time)      = PWMG.L(i,time-1);
4182   PWX.L(i,z,zj,time)  = PWX.L(i,z,zj,time-1);
4183   R.L(k,j,z,time)     = R.L(k,j,z,time-1);
4184   RC.L(j,z,time)      = RC.L(j,z,time-1);
4185   RTI.L(k,j,z,time)   = RTI.L(k,j,z,time-1);
4186   U.L(z,time)         = U.L(z,time-1);
4187   W.L(l,z,time)       = W.L(l,z,time-1);
4188   WC.L(j,z,time)      = WC.L(j,z,time-1);
4189   WTI.L(l,j,z,time)   = WTI.L(l,j,z,time-1);
4190   
4191  *==============================================================================
4192  *   A.2.3 Nominal (value) variables
4193  *==============================================================================
4194  * CAB.L(z,time)       = CABO(z);
4195  * CTH.L(z,time)       = CTHO(z);
4196  * DEP.L(z,time)       = DEPO(z);
4197  * G.L(z,time)         = GO(z);
4198  * GDP_BP.L(z,time)    = GDP_BPO(z);
4199  * GDP_BP_W.L(time)    = SUM[z,GDP_BPO(z)];
4200  * GDP_FD.L(z,time)    = GDP_FDO(z);
4201  * GDP_IB.L(z,time)    = GDP_IBO(z);
4202  * GDP_MP.L(z,time)    = GDP_MPO(z);
4203  * IT.L(z,time)        = ITO(z);
4204  * SG.L(z,time)        = SGO(z);
4205  * SH.L(z,time)        = SHO(z);
4206  * SROW.L(z,time)      = SROWO(z);
4207  * TDH.L(z,time)       = TDHO(z);
4208  * TIC.L(i,z,time)     = TICO(i,z);
4209  * TICT.L(z,time)      = TICTO(z);
4210  * TIK.L(k,j,z,time)   = TIKO(k,j,z);
4211  * TIKT.L(z,time)      = TIKTO(z);
4212  * TIM.L(i,zj,z,time)  = TIMO(i,zj,z);
4213  * TIMT.L(z,time)      = TIMTO(z);
4214  * TIP.L(j,z,time)     = TIPO(j,z);
4215  * TIPT.L(z,time)      = TIPTO(z);
4216  * TIW.L(l,j,z,time)   = TIWO(l,j,z);
4217  * TIWT.L(z,time)      = TIWTO(z);
4218  * TIX.L(i,z,zj,time)  = TIXO(i,z,zj);
4219  * TIXT.L(z,time)      = TIXTO(z);
4220  * TPRODN.l(z,time)    = TPRODNO(z);
4221  * TPRCTS.l(z,time)    = TPRCTSO(z);
4222  * YDH.L(z,time)       = YDHO(z);
4223  * YG.L(z,time)        = YGO(z);
4224  * YH.L(z,time)        = YHO(z);
4225  * YHK.L(z,time)       = YHKO(z);
4226  * YHL.L(z,time)       = YHLO(z);
4227  * YROW.L(z,time)      = YROWO(z);
4228   
4229   CAB.L(z,time)       = CAB.L(z,time-1);
4230   CTH.L(z,time)       = CTH.L(z,time-1);
4231   DEP.L(z,time)       = DEP.L(z,time-1);
4232   G.L(z,time)         = G.L(z,time-1);
4233   GDP_BP.L(z,time)    = GDP_BP.L(z,time-1);
4234   GDP_BP_W.L(time)    = SUM[z,GDP_BP.L(z,time)];
4235   GDP_FD.L(z,time)    = GDP_FD.L(z,time-1);
4236   GDP_IB.L(z,time)    = GDP_IB.L(z,time-1);
4237   GDP_MP.L(z,time)    = GDP_MP.L(z,time-1);
4238   IT.L(z,time)        = IT.L(z,time-1);
4239   SG.L(z,time)        = SG.L(z,time-1);
4240   SH.L(z,time)        = SH.L(z,time-1);
4241   SROW.L(z,time)      = SROW.L(z,time-1);
4242  * TCTAX.L(z,time)     = TCTAX.L(z,time-1);
4243   TDH.L(z,time)       = TDH.L(z,time-1);
4244   TIC.L(i,z,time)     = TIC.L(i,z,time-1);
4245   TICT.L(z,time)      = TICT.L(z,time-1);
4246   TIK.L(k,j,z,time)   = TIK.L(k,j,z,time-1);
4247   TIKT.L(z,time)      = TIKT.L(z,time-1);
4248   TIM.L(i,zj,z,time)  = TIM.L(i,zj,z,time-1);
4249   TIMT.L(z,time)      = TIMT.L(z,time-1);
4250   TIP.L(j,z,time)     = TIP.L(j,z,time-1);
4251   TIPT.L(z,time)      = TIPT.L(z,time-1);
4252   TIW.L(l,j,z,time)   = TIW.L(l,j,z,time-1);
4253   TIWT.L(z,time)      = TIWT.L(z,time-1);
4254   TIX.L(i,z,zj,time)  = TIX.L(i,z,zj,time-1);
4255   TIXT.L(z,time)      = TIXT.L(z,time-1);
4256   TPRODN.l(z,time)    = TPRODN.l(z,time-1);
4257   TPRCTS.l(z,time)    = TPRCTS.l(z,time-1);
4258   YDH.L(z,time)       = YDH.L(z,time-1);
4259   YG.L(z,time)        = YG.L(z,time-1);
4260   YH.L(z,time)        = YH.L(z,time-1);
4261   YHK.L(z,time)       = YHK.L(z,time-1);
4262   YHL.L(z,time)       = YHL.L(z,time-1);
4263   YROW.L(z,time)      = YROW.L(z,time-1);
4264   
4265   CAB.L(z,time)       = CAB.L(z,time-1)*(1+growthz(z));
4266   CTH.L(z,time)       = CTH.L(z,time-1)*(1+growthz(z));
4267   DEP.L(z,time)       = DEP.L(z,time-1)*(1+0.03);
4268   G.L(z,time)         = G.L(z,time-1)*(1+growthz(z));
4269   GDP_BP.L(z,time)    = GDP_BP.L(z,time-1)*(1+growthz(z));
4270   GDP_BP_W.L(time)    = SUM[z,GDP_BP.L(z,time)];
4271   GDP_FD.L(z,time)    = GDP_FD.L(z,time-1)*(1+growthz(z));
4272   GDP_IB.L(z,time)    = GDP_IB.L(z,time-1)*(1+growthz(z));
4273   GDP_MP.L(z,time)    = GDP_MP.L(z,time-1)*(1+growthz(z));
4274   IT.L(z,time)        = IT.L(z,time-1)*(1+growthz(z));
4275   SG.L(z,time)        = SG.L(z,time-1)*(1+growthz(z));
4276   SH.L(z,time)        = SH.L(z,time-1)*(1+growthz(z));
4277   SROW.L(z,time)      = SROW.L(z,time-1)*(1+growthz(z));
4278   TDH.L(z,time)       = TDH.L(z,time-1)*(1+growthz(z));
4279   TIC.L(i,z,time)     = TIC.L(i,z,time-1)*(1+growthz(z));
4280   TICT.L(z,time)      = TICT.L(z,time-1)*(1+growthz(z));
4281   TIK.L(k,j,z,time)   = TIK.L(k,j,z,time-1)*(1+growthz(z));
4282   TIKT.L(z,time)      = TIKT.L(z,time-1)*(1+growthz(z));
4283   TIM.L(i,zj,z,time)  = TIM.L(i,zj,z,time-1)*(1+growthz(z));
4284   TIMT.L(z,time)      = TIMT.L(z,time-1)*(1+growthz(z));
4285   TIP.L(j,z,time)     = TIP.L(j,z,time-1)*(1+growthz(z));
4286   TIPT.L(z,time)      = TIPT.L(z,time-1)*(1+growthz(z));
4287   TIW.L(l,j,z,time)   = TIW.L(l,j,z,time-1)*(1+growthz(z));
4288   TIWT.L(z,time)      = TIWT.L(z,time-1)*(1+growthz(z));
4289   TIX.L(i,z,zj,time)  = TIX.L(i,z,zj,time-1)*(1+growthz(z));
4290   TIXT.L(z,time)      = TIXT.L(z,time-1)*(1+growthz(z));
4291   TPRODN.l(z,time)    = TPRODN.l(z,time-1)*(1+growthz(z));
4292   TPRCTS.l(z,time)    = TPRCTS.l(z,time-1)*(1+growthz(z));
4293   YDH.L(z,time)       = YDH.L(z,time-1)*(1+growthz(z));
4294   YG.L(z,time)        = YG.L(z,time-1)*(1+growthz(z));
4295   YH.L(z,time)        = YH.L(z,time-1)*(1+growthz(z));
4296   YHK.L(z,time)       = YHK.L(z,time-1)*(1+growthz(z));
4297   YHL.L(z,time)       = YHL.L(z,time-1)*(1+growthz(z));
4298   YROW.L(z,time)      = YROW.L(z,time-1)*(1+growthz(z));
4299   CLBS.L(i3,z,time)   = CLBS.L(i3,z,time-1)*(1+growthz(z));
4300   CKBS.L(i3,z,time)   = CKBS.L(i3,z,time-1)*(1+growthz(z));
4301   MARKUP.L(i3,z,time) = MARKUP.L(i3,z,time-1)*(1+growthz(z));
4302   
4303  *==============================================================================
4304  *   A.2.4 Rates and intercepts
4305  *==============================================================================
4306  *  phi.L(z,time)       = phio(z);
4307   phi.L(z,time)       = phi.L(z,time-1);
4308   
4309  * End of the IF command
4310  };
4311   
4312  *==============================================================================
4313  *   6.1.1.1 Lower bounds on some variables
4314  *==============================================================================
       LD.LO(l,j,z,time)$(ord(time) gt 1)   = 0.00001*LD.l(l,j,z,time-1);
       LDC.LO(j,z,time)$(ord(time) gt 1)    = 0.00001*LDC.l(j,z,time-1);
       RC.LO(j,z,time)$(ord(time) gt 1)     = 0.00001*RC.l(j,z,time-1);
       WC.LO(j,z,time)$(ord(time) gt 1)     = 0.00001*WC.l(j,z,time-1);
       R.LO(k,j,z,time)$(ord(time) gt 1)    = 0.00001*R.l(k,j,z,time-1);
       RTI.LO(k,j,z,time)$(ord(time) gt 1)  = 0.00001*RTI.l(k,j,z,time-1);
       U.LO(z,time)$(ord(time) gt 1)        = 0.00001*U.l(z,time-1);
       DS_I.LO(i,z,time)$(ord(time) gt 1)   = 0.00001*DS_I.l(i,z,time-1);
       EXT.LO(i,z,time)$(ord(time) gt 1)    = 0.00001*EXT.l(i,z,time-1);
       EX.LO(i,z,zj,time)$(ord(time) gt 1)  = 0.00001*EX.l(i,z,zj,time-1);
       EXTT.LO(j,i,z,time)$(ord(time) gt 1) = 0.00001*EXTT.l(j,i,z,time-1);
       IM.LO(i,zj,z,time)$(ord(time) gt 1)  = 0.00001*IM.l(i,zj,z,time-1);
       IMT.LO(i,z,time)$(ord(time) gt 1)    = 0.00001*IMT.l(i,z,time-1);
       
       KD.LO(k,j,z,time)$(ord(time) gt 1)   = 0.00001*KD.L(k,j,z,time-1);
       KDC.LO(j,z,time)$(ord(time) gt 1)    = 0.00001*KDC.L(j,z,time-1);
       VA.LO(j,z,time)$(ord(time) gt 1)     = 0.00001*VA.L(j,z,time-1);
       
       XS.LO(j,i,z,time)$(ord(time) gt 1)   = 0.00001*XS.L(j,i,z,time-1);
       XS_I.LO(i,z,time)$(ord(time) gt 1)   = 0.00001*XS_I.L(i,z,time-1);
       XST.LO(j,z,time)$(ord(time) gt 1)    = 0.00001*XST.L(j,z,time-1);
       
       C.LO(i,z,time)$(ord(time) gt 1)      = 0.00001*C.L(i,z,time-1);
       CG.LO(i,z,time)$(ord(time) gt 1)     = 0.00001*CG.L(i,z,time-1);
       CI.LO(j,z,time)$(ord(time) gt 1)     = 0.00001*CI.L(j,z,time-1);
       CE.LO(j,z,time)$(ord(time) gt 1)     = 0.00001*CE.L(j,z,time-1); 
       CMIN.LO(i,z,time)$(ord(time) gt 1)   = 0.00001*CMIN.L(i,z,time-1);
       CTH_REAL.LO(z,time)$(ord(time) gt 1) = 0.00001*CTH_REAL.l(z,time-1);
       DI.LO(i,j,z,time)$(ord(time) gt 1)   = 0.00001*DI.L(i,j,z,time-1);
       DE.LO(ene,j,z,time)$(ord(time) gt 1) = 0.00001*DE.L(ene,j,z,time-1);
       DIT.LO(i,z,time)$(ord(time) gt 1)    = 0.00001*DIT.L(i,z,time-1);
       DD.LO(i,z,time)$(ord(time) gt 1)     = 0.00001*DD.L(i,z,time-1);
       
       MRGN.LO(i,z,time)$(ord(time) gt 1)   = 0.00001*MRGN.L(i,z,time-1);
       Q.LO(i,z,time)$(ord(time) gt 1)      = 0.00001*Q.L(i,z,time-1);
       VA.LO(j,z,time)$(ord(time) gt 1)     = 0.00001*VA.L(j,z,time-1);
       
       e.LO(z,time)$(ord(time) gt 1)        = 0.00001*e.L(z,time-1);
       IR.LO(z,time)$(ord(time) gt 1)       = 0.00001*IR.L(z,time-1);
       P.LO(i,z,time)$(ord(time) gt 1)      = 0.00001*P.L(i,z,time-1);
       P2.LO(j,i,z,time)$(ord(time) gt 1)   = 0.00001*P2.L(j,i,z,time-1);
       P4.LO(ene,j,z,time)$(ord(time) gt 1) = 0.00001*P4.L(ene,j,z,time-1);
       PPOWER.LO(z,time) $(ord(time) gt 1)  = 0.00001*PPOWER.L(z,time-1);
       PI.lO(i,z,time)$(ord(time) gt 1)     = 0.00001*PI.L(i,z,time-1);
       PT.LO(j,z,time)$(ord(time) gt 1)     = 0.00001*PT.L(j,z,time-1);
       PP.LO(j,z,time)$(ord(time) gt 1)     = 0.00001*PP.L(j,z,time-1); 
       PC.LO(i,z,time)$(ord(time) gt 1)     = 0.00001*PC.L(i,z,time-1);
       PCI.LO(j,z,time)$(ord(time) gt 1)    = 0.00001*PCI.L(j,z,time-1);
       PCE.LO(j,z,time)$(ord(time) gt 1)    = 0.00001*PCE.L(j,z,time-1);
       PD.LO(i,z,time)$(ord(time) gt 1)     = 0.00001*PD.L(i,z,time-1);
       PE.LO(i,z,zj,time)$(ord(time) gt 1)  = 0.00001*PE.L(i,z,zj,time-1);
       PET.LO(i,z,time)$(ord(time) gt 1)    = 0.00001*PET.L(i,z,time-1);
       PIXCON.LO(z,time)$(ord(time) gt 1)   = 0.00001*PIXCON.L(z,time-1);
       PIXGDP.LO(z,time)$(ord(time) gt 1)   = 0.00001*PIXGDP.L(z,time-1);
       PIXGDP_W.LO(time)$(ord(time) gt 1)   = 0.00001*PIXGDP_W.L(time-1);
       PIXGVT.LO(z,time)$(ord(time) gt 1)   = 0.00001*PIXGVT.L(z,time-1);
       PIXINV.LO(z,time)$(ord(time) gt 1)   = 0.00001*PIXINV.L(z,time-1);
       PK.LO(z,time)$(ord(time) gt 1)       = 0.00001*PK.L(z,time-1);
       PL.LO(i,z,time)$(ord(time) gt 1)     = 0.00001*PL.L(i,z,time-1);
       PM.LO(i,zj,z,time)$(ord(time) gt 1)  = 0.00001*PM.L(i,zj,z,time-1);
       PMT.LO(i,z,time)$(ord(time) gt 1)    = 0.00001*PMT.L(i,z,time-1);
       PP.LO(j,z,time)$(ord(time) gt 1)     = 0.00001*PP.L(j,z,time-1);
       PVA.LO(j,Z,time)$(ord(time) gt 1)    = 0.00001*PVA.L(j,Z,time-1);
       PKLE.LO(j,Z,time)$(ord(time) gt 1)   = 0.00001*PKLE.L(j,Z,time-1);
       PWM.LO(i,zj,z,time)$(ord(time) gt 1) = 0.00001*PWM.L(i,zj,z,time-1);
       PWMG.LO(i,time)$(ord(time) gt 1)     = 0.00001*PWMG.L(i,time-1);
       PWX.LO(i,z,zj,time) $(ord(time) gt 1) = 0.00001*PWX.L(i,z,zj,time-1);
4384   
4385  *==============================================================================
4386  *   6.1.3 Closures
4387  *==============================================================================
4388  *$ontext
4389  * FP CLOSURE: fixed PIXGDPs; numeraire is exchange rate of reference region
4390  * The exchange rates are endogenous, except for the reference region.
4391   e.FX(zr,time)      = eO(zr);
4392   PIXGDP.FX(z,time)  = PIXGDPO(z)/sum[zr,eO(zr)];
4393  *$offtext
4394   
      * FE CLOSURE: fixed exchange rates; numeraire is PIXGDP of reference region
      * The exchange rates can be fixed at arbitrary values
       PIXGDP.FX(zr,time)  = PIXGDPO(zr);
       e.FX(z,time)        = eO(z);
4401   
4402  *==============================================================================
4403  *   6.2.2.2 Variables fixed each period according to their lagged values
4404  *==============================================================================
4405   CABX.FX(z1,t1)      = CABXO(z1);
4406   CABX.FX(z1,time)$[ord(time) gt 1]
4407                       = CABX.l(z1,time-1)*[1+g_GDP(z1,time)];
4408   
4409   CMIN.FX(i,z,t1)     = CMINO(i,z);
4410   CMIN.FX(i,z,time)$[ord(time) gt 1]
4411                        = CMIN.l(i,z,time-1)*[1+g_GDP(z,time)];
4412   
4413   KD.fx(k,j,z,t1)$KDO(k,j,z)
4414                       = KDO(k,j,z);
4415   KD.fx(k,j,z,time)${[ord(time) gt 1] and KDO(k,j,z)}
4416                       = KD.l(k,j,z,time-1)*[1-delta(z)]+IND.l(k,j,z,time-1);
4417   
4418   KD.fx('natr',j,z,time)${[ord(time) gt 1] and KDO('natr',j,z)}
4419                        = KD.l('natr',j,z,time-1)*(1-0.01);
4420   
4421   KD.fx('land',j,z,time)${[ord(time) gt 1] and KDO('land',j,z)}
4422                        = KD.l('land',j,z,time-1);
4423   
4424   LS.FX(l,z,t1)       = LSO(l,z);
4425   LS.FX(l,z,time)$[ord(time) gt 1]
4426                       = LS.l(l,z,time-1)*[1+g_POP(z,time)];
4427   
4428  * SH.fx(z,t1)         = SHO(z);
4429  * SH.fx(z,time)$[ord(time) gt 1]
4430  *                     = SH.l(z,time-1)*[1+growthz(z)];
4431  *                     = SH.l(z,time-1)*[1+g_GDP(z,time)];
4432   
4433  *==============================================================================
4434  *   AEEI
4435  *==============================================================================
4436  * B_ENER_t(j2,'01_KOR',time) = B_ENER(j2,'01_KOR')*(AEEI_high('01_KOR',time));
4437  * io2_t(j,'01_KOR',time) = io2(j,'01_KOR')*AEEI_high('01_KOR',time) ;
4438   
4439  * io2_t(j,'01_KOR',t1)   = io2(j,'01_KOR');
4440  * io2_t(j,'01_KOR',time)$[ord(time) gt 1]
4441  *                        =  io2_t(j,'01_KOR',time-1)*[1-0.02 ];
4442   
4443  *CO2FACTOR2(ene,j2,'01_KOR',t1)   = CO2FACTOR(ene,j2,'01_KOR');
4444  *CO2FACTOR2(ene,j2,'01_KOR',time)$[ord(time) gt 1]
4445  *                        =  CO2FACTOR2(ene,j2,'01_KOR',time-1)*[1-0.02];
4446   
4447  AEEI(z,time) = AEEI_High(z,time);
4448  CO2FACTOR2(ene,j2,z,time) = CO2FACTOR(ene,j2,z)*AEEI(z,time);
4449   
4450  *==============================================================================
4451  *   CTAX
4452  *==============================================================================
4453   
4454   CTAX.fX(z,t1)              = CTAX0(z);
4455   CTAX.fx(z,time)$[ord(time) gt 1]
4456                              = CTAX_NZS(z,time);
       CTAX.fX(z,t1)              = CTAX0(z);
       CTAX.fx(z,time)$[ord(time) gt 1]
      *                            = CTAX_61(z4,time); 
                                  = CTAX_145(z,time);  
      *                            = CTAX_285(z,time);  
      *                            = CTAX_425(z,time);  
      *                            = CTAX_565(z4,time); 
       
       CTAX.fx('05_MNG',time)$[ord(time) gt 3]
                                  = 0.001 + 0.002*[ord(time)]-0.006; 
       
       CTAX.fx('06_PRK',time)$[ord(time) gt 3]
                                  = 0.001 + 0.002*[ord(time)]-0.006;  
       
4473  *======== CTAX_285 ========================================
4474  * CTAX.fx('14_CPA',time)$[ord(time) gt 1]
4475  *                             = CTAX_145('14_CPA',time);
4476   
4477  * CTAX.fx('08_LAM',time)$[ord(time) gt 1]
4478  *                             = CTAX_145('08_LAM',time);
4479   
4480  *======== CTAX_425 ========================================
4481  * CTAX.fx('02_CHN',time)$[ord(time) gt 1]
4482  *                             = CTAX_285('02_CHN',time);
4483   
4484  * CTAX.fx('01_KOR',time)$[ord(time) gt 1]
4485  *                             = CTAX_285('01_KOR',time);
4486   
4487   
4488  * CTAX.fx('01_KOR',time)$[ord(time) gt 1]
4489  *                            = CTAX_145('01_KOR',time);
4490   
4491  * CTAX.fx('02_CHN',time)$[ord(time) gt 1]
4492  *                            = CTAX_61('02_CHN',time);
4493  *                            = CTAX_145('02_CHN',time);
4494  *                            = CTAX_285('02_CHN',time);
4495   
4496  * CTAX.fx('03_JPN',time)$[ord(time) gt 1]
4497  *                            = CTAX_145('03_JPN',time);
4498   
4499  * CTAX.fx('04_RUS',time)$[ord(time) gt 1]
4500  *                            = CTAX_145('04_RUS',time);
4501   
4502  * CTAX.fx('05_MNG',time)$[ord(time) gt 1]
4503  *                            = CTAX_145('05_MNG',time);
4504   
4505  * CTAX.fx('06_PRK',time)$[ord(time) gt 1]
4506  *                            = CTAX_145('06_PRK',time);
4507   
4508  * CTAX.fX('01_KOR',t1)       = CTAX0('01_KOR');
4509  * CTAX.fx('01_KOR',time)$[ord(time) gt 1]
4510  *                            = CTAX_145('01_KOR',time);
4511  *                            = CTAX_285('01_KOR',time);
4512  *                            = CTAX_425('01_KOR',time);
4513  *                            = CTAX_565('01_KOR',time);
4514   
4515  * CTAX.fX('03_JPN',t1)       = CTAX0('03_JPN');
4516  * CTAX.fx('03_JPN',time)$[ord(time) gt 1]
4517  *                            = CTAX_565('03_JPN',time);
4518   
4519  * CTAX.fX('01_KOR',t1)       = CTAX0('01_KOR');
4520  * CTAX.fx('01_KOR',time)$[ord(time) gt 1]
4521  *                            = CTAX1('01_KOR',time);
4522   
4523  * CTAX.fx('01_KOR',time)$[ord(time) gt 3]
4524  *                            =0.2;
4525   
4526  * ttip.fx('31_SER','01_KOR',time)$[ord(time) gt 1]
4527  *                            = ttip.L('31_SER','01_KOR',time-1)*(1+0.01) ;
4528   
4529  * ttic.fx(i,'01_KOR',time)$[ord(time) gt 1]
4530  *                            = ttic.L(i,'01_KOR',time-1)*(1+0.05) ;
4531   
4532  * ttim.FX(ene,zj,'01_KOR',time)$[ord(time) gt 1]
4533  *                            =   ttim.l(ene,zj,'01_KOR',time-1)*1.1 ;
4534   
4535  *==============================================================================
4536  *Backstop technologies
4537  *==============================================================================
4538  penetration_rate('10_PETROLCOAL','01_KOR',time)$[CTAX.L('01_KOR',time) gt 1.0]
4539                               = penetration_rate('10_PETROLCOAL','01_KOR',time-1)+0.02;
4540   
4541  penetration_rate('13_IRONSTL','01_KOR',time)$[PCE.L('13_IRONSTL','01_KOR',time) gt 2.0]
4542                               = penetration_rate('13_IRONSTL','01_KOR',time-1)+0.04;
4543   
4544  penetration_rate('20_LTRP','01_KOR',time)$[CTAX.L('01_KOR',time) gt 1.0]
4545                               = penetration_rate('20_LTRP','01_KOR',time-1)+0.04;
4546   
4547  if ((CTAX.L('01_KOR',time)  gt 1.0), switch('10_PETROLCOAL','01_KOR',time) = 1  ;
4548  else switch('10_PETROLCOAL','01_KOR',time) = 0 ;
4549  );
4550   
4551  if ((PCE.L('13_IRONSTL','01_KOR',time)  gt 2.0), switch('13_IRONSTL','01_KOR',time) = 1  ;
4552  else switch('13_IRONSTL','01_KOR',time) = 0 ;
4553  );
4554   
4555  if ((CTAX.L('01_KOR',time)  gt 1.0), switch('20_LTRP','01_KOR',time) = 1  ;
4556  else switch('20_LTRP','01_KOR',time) = 0 ;
4557  );
4558   
4559  *===============================================================================
4560  * Coal-Phase out Shock
4561  *===============================================================================
4562  * KD.fx(k,'20_eCoal','01_KOR',time)$[ord(time) gt 12]
4563  *                      = KD.l(k,'20_eCoal','01_KOR',time-1)*[1-delta('01_KOR')];
4564  *                      = KD.l(k,'20_eCoal','01_KOR',time-1)*[1-0.1];
4565   
4566  *from A to B
4567  *ttim.fx('18_ELEC',Z2,Z2,time)$[ord(time) gt 1]
4568  *                            = ttim.l('18_ELEC',Z2,Z2,time-1)-0.1;
      beta_X4_t.fx('26_eOther','01_KOR',time)$[ord(time) gt 4]
                                 = beta_X4_t.l('26_eOther','01_KOR',time-1)*[1-0.01] ;
       
      beta_X4_t.fx('25_eHydro','01_KOR',time)$[ord(time) gt 4]
                                 = beta_X4_t.l('25_eHydro','01_KOR',time-1)*[1-0.01] ;
       
      beta_X4_t.fx('24_eSolar','01_KOR',time)$[ord(time) gt 4]
                                 = beta_X4_t.l('24_eSolar','01_KOR',time-1)*[1+0.02] ;
       
      beta_X4_t.fx('20_eCoal','01_KOR',time)$[ord(time) gt 4]
                                 = beta_X4_t.l('20_eCoal','01_KOR',time-1)*[1-0.012] ;
       
      beta_X4_t.fx('19_eNuclear','01_KOR',time)$[ord(time) gt 4]
                                 = beta_X4_t.l('19_eNuclear','01_KOR',time-1)*[1-0.01] ;
                                 
       
      beta_X4_t.fx('26_eOther','03_JPN',time)$[ord(time) gt 4]
                                 = beta_X4_t.l('26_eOther','03_JPN',time-1)*[1-0.01] ;
       
      beta_X4_t.fx('25_eHydro','03_JPN',time)$[ord(time) gt 4]
                                 = beta_X4_t.l('25_eHydro','03_JPN',time-1)*[1-0.01] ;
       
      beta_X4_t.fx('24_eSolar','03_JPN',time)$[ord(time) gt 4]
                                 = beta_X4_t.l('24_eSolar','03_JPN',time-1)*[1+0.02] ;
       
      beta_X4_t.fx('20_eCoal','03_JPN',time)$[ord(time) gt 4]
                                 = beta_X4_t.l('20_eCoal','03_JPN',time-1)*[1-0.02] ;
       
      beta_X4_t.fx('19_eNuclear','03_JPN',time)$[ord(time) gt 4]
                                 = beta_X4_t.l('19_eNuclear','03_JPN',time-1)*[1-0.01] ;
       
      beta_X4_t.fx('26_eOther','02_CHN',time)$[ord(time) gt 4]
                                 = beta_X4_t.l('26_eOther','02_CHN',time-1)*[1-0.01] ;
       
      beta_X4_t.fx('25_eHydro','02_CHN',time)$[ord(time) gt 4]
                                 = beta_X4_t.l('25_eHydro','02_CHN',time-1)*[1-0.01] ;
       
      beta_X4_t.fx('24_eSolar','02_CHN',time)$[ord(time) gt 4]
                                 = beta_X4_t.l('24_eSolar','02_CHN',time-1)*[1+0.02] ;
       
      beta_X4_t.fx('20_eCoal','02_CHN',time)$[ord(time) gt 4]
                                 = beta_X4_t.l('20_eCoal','02_CHN',time-1)*[1-0.02] ;
       
      beta_X4_t.fx('19_eNuclear','02_CHN',time)$[ord(time) gt 4]
                                 = beta_X4_t.l('19_eNuclear','02_CHN',time-1)*[1-0.01] ;
4616   
4617  *==============================================================================
4618  *   6.2.2.3 Resolution
4619  *==============================================================================
4620   
4621  SOLVE PEPWT USING CNS;
4622  *SOLVE PEPWT using NLP maximizing OBJ;
4623  *SOLVE PEPWT USING MCP;
4624   
4625  *==============================================================================
4626  *   Taking account of the existence or not of a feasible solution
4627  *==============================================================================
4628   If_Feasibl(time,'NZS') = PEPWT.modelstat;
4629   StatSolver(time,'NZS') = PEPWT.solvestat;
4630   
4631   Solstop = 1$(PEPWT.modelstat ne 16);
4632   LastGood('NZS')$(PEPWT.modelstat ne 16)= (time.val-1);
4633   
4634   put Status;
4635   put 'NZS', time.val, 'Optimality status', PEPWT.Tmodstat, 'Solver status', PEPWT.Tsolstat  /;
4636   
4637  * The single element in subset T(time) is removed, and the subset is now empty.
4638  T(time)          = NO;
4639  * End of LOOP over time periods
4640  ];
INCLUDE    C:\Users\kimc0\GUIDE_GLOBAL_CGE\2.RD_CGE\NZS_RESULTS_GTAP11b.gms
4642  *==============================================================================
4643  *   6.2.3.1 Declaration of parameters to store results
4644  *==============================================================================
4645  PARAMETER
4646   
4647   valA_VA(z,time,scen)        Multifactor productivity
4648   valC(i,z,time,scen)         Consumption of commodity i by households in region z
4649   valCAB(z,time,scen)         Current account balance of region z
4650   valCABX(z,time,scen)        Current account balance or region z in terms of the international currency
4651   valCG(i,z,time,scen)        Public consumption of commodity i in region z
4652   valCI(j,z,time,scen)        Total intermediate consumption of industry j in region z
4653   valCMIN(i,z,time,scen)      Minimum consumption of commodity i by households in region z
4654   valCTH(z,time,scen)         Consumption budget of households in region z
4655   valCTH_REAL(z,time,scen)    Real household consumption in region z
4656   valDD(i,z,time,scen)        Domestic demand for commodity i produced locally in region z
4657   valDEP(z,time,scen)         Amount of depreciation (capital consumption allowance) in region z
4658   valDI(i,j,z,time,scen)      Intermediate consumption of commodity i by industry j in region z
4659   valDE(i,j,z,time,scen)
4660   valDIT(i,z,time,scen)       Total intermediate demand of commodity i in region z
4661   valDS(j,i,z,time,scen)      Supply of inudstry i to the domestic market of region z
4662   valDS_I(i,z,time,scen)      Supply of commodity j to the domestic market of region z
4663   vale(z,time,scen)           Exchange rate (price of international currency in terms of region z local currency)
4664   valEX(i,z,zj,time,scen)     Quantity of product i exported by country z to country zj
4665   valEXT(i,z,time,scen)       Supply of composite commodity i by region z to the export market
4666   valG(z,time,scen)           Current government expenditures on goods and services in region z
4667   ValG_REAL(z,time,scen)      Current real government expenditures on goods and services in region z
4668   valGDP_BP(z,time,scen)      Region z GDP at basic prices
4669   valGDP_BP_REAL(z,time,scen) Region z real GDP at basic prices
4670   valGDP_BP_W(time,scen)      World GDP at basic prices
4671   valGDP_BP_W_REAL(time,scen) World real GDP at basic prices
4672   valGDP_FD(z,time,scen)      Region z GDP at purchasers prices from the perspective of final demand
4673   valGDP_IB(z,time,scen)      Region z GDP at market prices (income-based)
4674   valGDP_MP(z,time,scen)      Region z GDP at market prices
4675   valGDP_MP_REAL(z,time,scen) Real GDP at market prices
4676   valIM(i,zj,z,time,scen)     Quantity of product i imported by country z from country zj
4677   valIMT(i,z,time,scen)       Quantity demanded of composite imports of commodity i by region z
4678   valIND(k,j,z,time,scen)     Volume of new type k capital investment to industry j in region z
4679   valINV(i,z,time,scen)       Final demand of commodity i for investment purposes (GFCF) in region z
4680   valIR(z,time,scen)          Interest rate
4681   valIT(z,time,scen)          Total investment expenditures in region z
4682   valIT_REAL(z,time,scen)     Real gross fixed capital formation
4683   valKD(k,j,z,time,scen)      Demand for type k capital by industry j in region z
4684   valKDC(j,z,time,scen)       Demand for composite capital by industry j in region z
4685   valKS(k,z,time,scen)        Supply of type k capital in region z
4686   valLD(l,j,z,time,scen)      Demand for type l labor by industry j in region z
4687   valLDC(j,z,time,scen)       Demand for composite labor by industry j in region z
4688   valLS(l,z,time,scen)        Supply of type l labor in region z
4689   valMRGN(i,z,time,scen)      Domestic production of commodity i in region z exported as international margin services
4690   valP(i,z,time,scen)         Basic price of industry j production in region z
4691   valPC(i,z,time,scen)        Purchaser price of composite commodity i (including all taxes and margins) in region z
4692   valPCI(j,z,time,scen)       Intermediate consumption price index of industry j in region z
4693   valPCE(j,z,time,scen)       Intermediate energy consumption price index of industry j in region z
4694   valPD(i,z,time,scen)        Price of local product i sold on region z domestic market (including all taxes)
4695   valPE(i,z,zj,time,scen)     Price received for commodity i exported to region zj by region z (excluding export taxes)
4696   valPET(i,z,time,scen)       Border price of composite commodity i exported by region z
4697   valphi(z,time,scen)         Scale variable (allocation of investment to industries)
4698   valPIXCON(z,time,scen)      Consumer price index in region z
4699   valPIXGDP(z,time,scen)      GDP deflator in region z
4700   valPIXGDP_W(time,scen)      World GDP deflator
4701   valPIXGVT(z,time,scen)      Public expenditures price index in region z
4702   valPIXINV(z,time,scen)      Investment price index in region z
4703   valPK(z,time,scen)          Price of new capital in region z
4704   valPL(i,z,time,scen)        Price of local product i (excluding all taxes on products) in region z
4705   valPM(i,zj,z,time,scen)     Price of commodity i imported by region z from region zj (including all taxes duties and margins)
4706   valPMT(i,z,time,scen)       Price of composite commodity i imported by region z (including all taxes duties and margins)
4707   valPP(j,z,time,scen)        Unit cost of industry j in region z including taxes directly related to the use of capital and labor but excluding other taxes on production
4708   valPVA(j,Z,time,scen)       Price of industry j value added in region z (including taxes on production directly related to the use of capital and labor)
4709   valPWM(i,zj,z,time,scen)    World price of commodity i imported from country zj by region z (expressed in international currency)
4710   valPWMG(i,time,scen)        World price of margin i (expressed in international currency)
4711   valPWX(i,z,zj,time,scen)    World price of commodity i exported to country zj by region z (expressed in international currency)
4712   valQ(i,z,time,scen)         Quantity demanded of composite commodity i in region z
4713   valR(k,j,z,time,scen)       Rental rate of type k capital in industry j of region z
4714   valRC(j,z,time,scen)        Rental rate of industry j composite capital in region z
4715   valRTI(k,j,z,time,scen)     Rental rate paid by industry j for type k capital in region z including capital taxes
4716   valSG(z,time,scen)          Government savings in region z
4717   valSH(z,time,scen)          Household savings in region z
4718   valsh0(z,time,scen)         Intercept (household savings)
4719   valsh1(z,time,scen)         Slope (household savings)
4720   valSROW(z,time,scen)        Rest-of-the-world savings with respect to region z
4721   valTDH(z,time,scen)         Household income taxes in region z
4722   valTIC(i,z,time,scen)       Government revenue from indirect taxes on commodity i in region z
4723   valTICT(z,time,scen)        Total government receipts of indirect taxes on commodities in region z
4724   valTIK(k,j,z,time,scen)     Government revenue from taxes on type k capital used by industry j in region z
4725   valTIKT(z,time,scen)        Total government revenue from from taxes on capital in region z
4726   valTIM(i,zj,z,time,scen)    Government revenue from duties on commodity i imported from region zj by region z
4727   valTIMT(z,time,scen)        Total government revenue from import duties in region z
4728   valTIP(j,z,time,scen)       Government revenue from taxes on industry j production in region z (excluding taxes directly related to the use of capital and labor)
4729   valTIPT(z,time,scen)        Total government revenue from production taxes in region z (excluding taxes directly related to the use of capital and labor)
4730   valTIW(l,j,z,time,scen)     Government revenue from payroll taxes on type l labor in industry j of region z
4731   valTIWT(z,time,scen)        Total government revenue from payroll taxes in region z
4732   valTIX(i,z,zj,time,scen)    Government revenue from export taxes on commodity i exported by region z to region zj
4733   valTIXT(z,time,scen)        Total government revenue from export taxes in region z
4734   valTPRCTS(z,time,scen)      Total government revenue from taxes on products and imports in region z
4735   valTPRODN(z,time,scen)      Total government revenue from other taxes on production in region z
4736   valttdh0(z,time,scen)       Intercept (household income tax)
4737   valttdh1(z,time,scen)       Slope (household income tax)
4738   valttic(i,z,time,scen)      Tax rate on commodity i
4739   valttik(k,j,z,time,scen)    Tax rate on capital k used in industry j
4740   valttim(i,zj,z,time,scen)   Rate of taxes and duties on imports of commodity i from country zj
4741   valttip(j,z,time,scen)      Tax rate on the production of industry j
4742   valttiw(l,j,z,time,scen)    Tax rate on type l worker compensation in industry j
4743   valttix(i,z,zj,time,scen)   Export tax rate on exported commodity i
4744   valU(z,time,scen)           User cost of capital in region z
4745   valVA(j,z,time,scen)        Value added of industry j in region z
4746   valKLE(j,z,time,scen)      Value added of industry j in region z
4747   valW(l,z,time,scen)         Wage rate of type l labor in region z
4748   valWC(j,z,time,scen)        Wage rate of industry j composite labor in region z
4749   valWTI(l,j,z,time,scen)     Wage rate paid z by industry j for type l labor in region including payroll taxes
4750   valXS(j,i,z,time,scen)      Total output of commodity i by industry j in region z
4751   valXS_I(i,z,time,scen)      Total output of commodity i in region z
4752   valXST(j,z,time,scen)       Total output of industry j in region z
4753   valYDH(z,time,scen)         Household disposable income in region z
4754   valYG(z,time,scen)          Total government income in region z
4755   valYH(z,time,scen)          Household total income in region z
4756   valYHK(z,time,scen)         Household capital income in region z
4757   valYHL(z,time,scen)         Household labor income in region z
4758   valYROW(z,time,scen)        Rest-of-the-world total income from region z
4759   
4760  *=================== Energy ==================================================================
4761   valAEEI(z,time,scen)         AEEI
4762   valEE(product,j,z,time,scen) Industry's energy consumption by regions
4763   valNE(product,j,z,time,scen) Non-energy consumption by energy products
4764   valEH(product,z,time,scen)   Household energy consumption by energy products
4765   
4766   valTFC_product(product,time,z, scen)
4767   valTFC(time,z,scen)  Total final energy consumption by regions
4768   
4769   valNEA_TFC(product,time,scen) NEA's total final energy consumption by energy products
4770   valKOR_TFC(product,time,scen) Korea's total final energy consumption by energy products
4771   valCHN_TFC(product,time,scen) China's total final energy consumption by energy products
4772   valJPN_TFC(product,time,scen) Japan's total final energy consumption by energy products
4773   
4774  *================== CO2 emission ==============================================================
4775   valCO2I(product,j,z,time,scen)  Industry CO2 emissions by products
4776   valCO2NE(product,j,z,time,scen) Industry non-energy consumption CO2 emissions by products
4777   valCO2H(product,z,time,scen)    Household CO2 emission by products
4778   
4779   valCO2I2(j,z,time,scen)  Industry non-energy consumption CO2 emissions by regions
4780   valCO2NE2(j,z,time,scen) Non-energy consumption CO2 emission by industries and regions
4781   valCO2I3(j,z,time,scen)
4782   
4783   valTCO2I(z,time,scen)  Total industrial CO2 emission by regions
4784   valTCO2NE(z,time,scen) Total CO2 emission from non-energy consumption by regions
4785   valTCO2H(z,time,scen) Household CO2 emission by regions
4786   
4787   valTCO2(z,time,scen)          Total CO2 emission by regions
4788   
4789   valEndo_CO2(ene,j,z,time,scen) ktCO2
4790   valEndo_TotalCO2(z,time,scen)  ktCO2
4791   
4792  *================== CH4 emission ================================================================
4793   valCH4I(product,j,z,time,scen) Industry CH4 emissions by regions and products (CH4 tonne)
4794   valCH4H(product,z,time,scen) Household CH4 emissions by (CH4 tonne)
4795   valCH4I2(j,z,time,scen) Industry CH4 emissions by regions (CH4 tonne)
4796   valTCH4I(z,time,scen) Total industrial CH4 emission by regions (CH4 tonne)
4797   valTCH4H(z,time,scen) Household CH4 emission by regions (CH4 tonne)
4798   valTCH4(z,time,scen) Total CH4 emission by regions (CH4 tonne)
4799   valTCH4_CO2eq(z,time,scen) Total CO2 equivalent CH4 emission by regions (tCO2eq)
4800   
4801  *================== N2O emission ================================================================
4802   valN2OI(product,j,z,time,scen) Industry N2O emissions by regions (N2O tonne)
4803   valN2OH(product,z,time,scen)   Household N2O emission by regions (N2O tonne)
4804   valN2OI2(j,z,time,scen) Industry N2O emissions by regions (N2O tonne)
4805   valTN2OI(z,time,scen) Total industrial N2O emission by regions (N2O tonne)
4806   valTN2OH(z,time,scen) Household N2O emission by regions (N2O tonne)
4807   valTN2O(z,time,scen) Total N2O emission by regions (N2O tonne)
4808   valTN2O_CO2eq(z,time,scen) Total CO2 equivalent N2O emission by regions (tCO2eq)
4809   
4810  *================== Global GHGs emission =========================================================
4811   valGlobal_CO2(time,scen)    Globally total CO2 emission
4812   valGlobal_CH4(time,scen)    Globally total CH4 emission
4813   valGlobal_N2O(time,scen)    Globally total NO2 emission
4814   valGlobal_CO2eq(time,scen)    Globally total CO2 equivalent emission
4815   
4816   valGHG(*,z,time,scen)
4817   
4818  *================== Power Generation ==============================================================
4819   valPOWER(power,i,z,time,scen) Economic Output by power plants
4820   valElecGen(j,z,time,scen) Electricity generation by power plants
4821   
4822  *================== Carbon Tax ====================================================================
4823   valCTAX(z,time,scen) CTAX
4824   
4825  *================== Backstop technology ===========================================================
4826   valswitch(i3,z,time,scen) switch
4827   valpenetration_rate(i3,z,time,scen)
4828   valC_Conventional(i3,z,time,scen) backstop activity
4829   valXDBS(i3,z,time,scen)
4830   valXDBS2(j,z,time,scen)
4831   valLBS(l,j,z,time,scen)
4832   valKBS(k,j,z,time,scen)
4833   valCLBS(i3,z,time,scen)
4834   valCKBS(i3,z,time,scen)
4835   valMARKUP(i3,z,time,scen)
4836   
4837  ;
4838   
4839  *==============================================================================
4840  *   6.2.3.2 Assignment of solution values to result parameters
4841  *==============================================================================
4842   
4843   valA_VA(z,time,'NZS')       = A_VA.l(z,time);
4844   valC(i,z,time,'NZS')        = C.l(i,z,time);
4845   valCAB(z,time,'NZS')        = CAB.l(z,time);
4846   valCABX(z,time,'NZS')       = CABX.l(z,time);
4847   valCG(i,z,time,'NZS')       = CG.l(i,z,time);
4848   valCI(j,z,time,'NZS')       = CI.l(j,z,time);
4849   valCMIN(i,z,time,'NZS')     = CMIN.l(i,z,time);
4850   valCTH(z,time,'NZS')        = CTH.l(z,time);
4851   valCTH_REAL(z,time,'NZS')   = CTH_REAL.l(z,time);
4852   valDD(i,z,time,'NZS')       = DD.l(i,z,time);
4853   valDEP(z,time,'NZS')        = DEP.l(z,time);
4854   valDI(i,j,z,time,'NZS')     = DI.l(i,j,z,time);
4855   valDE(i,j,z,time,'NZS')     = DE.l(i,j,z,time);
4856   valDIT(i,z,time,'NZS')      = DIT.l(i,z,time);
4857   valDS(j,i,z,time,'NZS')     = DS.l(j,i,z,time);
4858   valDS_I(i,z,time,'NZS')     = DS_I.l(i,z,time);
4859   vale(z,time,'NZS')          = e.l(z,time);
4860   valEX(i,z,zj,time,'NZS')    = EX.l(i,z,zj,time);
4861   valEXT(i,z,time,'NZS')      = EXT.l(i,z,time);
4862   valG(z,time,'NZS')          = G.l(z,time);
4863   ValG_REAL(z,time,'NZS')     = G_REAL.L(z,time);
4864   valGDP_BP(z,time,'NZS')     = GDP_BP.l(z,time);
4865   valGDP_BP_REAL(z,time,'NZS')= GDP_BP_REAL.l(z,time);
4866   valGDP_BP_W(time,'NZS')     = GDP_BP_W.l(time);
4867   valGDP_BP_W_REAL(time,'NZS')= GDP_BP_W_REAL.l(time);
4868   valGDP_FD(z,time,'NZS')     = GDP_FD.l(z,time);
4869   valGDP_IB(z,time,'NZS')     = GDP_IB.l(z,time);
4870   valGDP_MP(z,time,'NZS')     = GDP_MP.l(z,time);
4871   valGDP_MP_REAL(z,time,'NZS')= GDP_MP_REAL.l(z,time);
4872   valIM(i,zj,z,time,'NZS')    = IM.l(i,zj,z,time);
4873   valIMT(i,z,time,'NZS')      = IMT.l(i,z,time);
4874   valIND(k,j,z,time,'NZS')    = IND.l(k,j,z,time);
4875   valINV(i,z,time,'NZS')      = INV.l(i,z,time);
4876   valIR(z,time,'NZS')         = IR.l(z,time);
4877   valIT(z,time,'NZS')         = IT.l(z,time);
4878   valIT_REAL(z,time,'NZS')    = IT_REAL.l(z,time);
4879   valKD(k,j,z,time,'NZS')     = KD.l(k,j,z,time);
4880   valKDC(j,z,time,'NZS')      = KDC.l(j,z,time);
4881   valKS(k,z,time,'NZS')       = KS.l(k,z,time);
4882   valLD(l,j,z,time,'NZS')     = LD.l(l,j,z,time);
4883   valLDC(j,z,time,'NZS')      = LDC.l(j,z,time);
4884   valLS(l,z,time,'NZS')       = LS.l(l,z,time);
4885   valMRGN(i,z,time,'NZS')     = MRGN.l(i,z,time);
4886   valP(i,z,time,'NZS')        = P.l(i,z,time);
4887   valPC(i,z,time,'NZS')       = PC.l(i,z,time);
4888   valPCI(j,z,time,'NZS')      = PCI.l(j,z,time);
4889   valPCE(j,z,time,'NZS')      = PCE.l(j,z,time);
4890   valPD(i,z,time,'NZS')       = PD.l(i,z,time);
4891   valPE(i,z,zj,time,'NZS')    = PE.l(i,z,zj,time);
4892   valPET(i,z,time,'NZS')      = PET.l(i,z,time);
4893   valphi(z,time,'NZS')        = phi.l(z,time);
4894   valPIXCON(z,time,'NZS')     = PIXCON.l(z,time);
4895   valPIXGDP(z,time,'NZS')     = PIXGDP.l(z,time);
4896   valPIXGDP_W(time,'NZS')     = PIXGDP_W.l(time);
4897   valPIXGVT(z,time,'NZS')     = PIXGVT.l(z,time);
4898   valPIXINV(z,time,'NZS')     = PIXINV.l(z,time);
4899   valPK(z,time,'NZS')         = PK.l(z,time);
4900   valPL(i,z,time,'NZS')       = PL.l(i,z,time);
4901   valPM(i,zj,z,time,'NZS')    = PM.l(i,zj,z,time);
4902   valPMT(i,z,time,'NZS')      = PMT.l(i,z,time);
4903   valPP(j,z,time,'NZS')       = PP.l(j,z,time);
4904   valPVA(j,Z,time,'NZS')      = PVA.l(j,Z,time);
4905   valPWM(i,zj,z,time,'NZS')   = PWM.l(i,zj,z,time);
4906   valPWMG(i,time,'NZS')       = PWMG.l(i,time);
4907   valPWX(i,z,zj,time,'NZS')   = PWX.l(i,z,zj,time);
4908   valQ(i,z,time,'NZS')        = Q.l(i,z,time);
4909   valR(k,j,z,time,'NZS')      = R.l(k,j,z,time);
4910   valRC(j,z,time,'NZS')       = RC.l(j,z,time);
4911   valRTI(k,j,z,time,'NZS')    = RTI.l(k,j,z,time);
4912   valSG(z,time,'NZS')         = SG.l(z,time);
4913   valSH(z,time,'NZS')         = SH.l(z,time);
4914   valsh0(z,time,'NZS')        = sh0.l(z,time);
4915   valsh1(z,time,'NZS')        = sh1.l(z,time);
4916   valSROW(z,time,'NZS')       = SROW.l(z,time);
4917   valTDH(z,time,'NZS')        = TDH.l(z,time);
4918   valTIC(i,z,time,'NZS')      = TIC.l(i,z,time);
4919   valTICT(z,time,'NZS')       = TICT.l(z,time);
4920   valTIK(k,j,z,time,'NZS')    = TIK.l(k,j,z,time);
4921   valTIKT(z,time,'NZS')       = TIKT.l(z,time);
4922   valTIM(i,zj,z,time,'NZS')   = TIM.l(i,zj,z,time);
4923   valTIMT(z,time,'NZS')       = TIMT.l(z,time);
4924   valTIP(j,z,time,'NZS')      = TIP.l(j,z,time);
4925   valTIPT(z,time,'NZS')       = TIPT.l(z,time);
4926   valTIW(l,j,z,time,'NZS')    = TIW.l(l,j,z,time);
4927   valTIWT(z,time,'NZS')       = TIWT.l(z,time);
4928   valTIX(i,z,zj,time,'NZS')   = TIX.l(i,z,zj,time);
4929   valTIXT(z,time,'NZS')       = TIXT.l(z,time);
4930   valTPRCTS(z,time,'NZS')     = TPRCTS.l(z,time);
4931   valTPRODN(z,time,'NZS')     = TPRODN.l(z,time);
4932   valttdh0(z,time,'NZS')      = ttdh0.l(z,time);
4933   valttdh1(z,time,'NZS')      = ttdh1.l(z,time);
4934   valttic(i,z,time,'NZS')     = ttic.l(i,z,time);
4935   valttik(k,j,z,time,'NZS')   = ttik.l(k,j,z,time);
4936   valttim(i,zj,z,time,'NZS')  = ttim.l(i,zj,z,time);
4937   valttip(j,z,time,'NZS')     = ttip.l(j,z,time);
4938   valttiw(l,j,z,time,'NZS')   = ttiw.l(l,j,z,time);
4939   valttix(i,z,zj,time,'NZS')  = ttix.l(i,z,zj,time);
4940   valU(z,time,'NZS')          = U.l(z,time);
4941   valVA(j,z,time,'NZS')       = VA.l(j,z,time);
4942   valKLE(j,z,time,'NZS')      = KLE.l(j,z,time);
4943   valW(l,z,time,'NZS')        = W.l(l,z,time);
4944   valWC(j,z,time,'NZS')       = WC.l(j,z,time);
4945   valWTI(l,j,z,time,'NZS')    = WTI.l(l,j,z,time);
4946   valXS(j,i,z,time,'NZS')     = XS.l(j,i,z,time);
4947   valXS_I(i,z,time,'NZS')     = XS_I.l(i,z,time);
4948   valXST(j,z,time,'NZS')      = XST.l(j,z,time);
4949   valYDH(z,time,'NZS')        = YDH.l(z,time);
4950   valYG(z,time,'NZS')         = YG.l(z,time);
4951   valYH(z,time,'NZS')         = YH.l(z,time);
4952   valYHK(z,time,'NZS')        = YHK.l(z,time);
4953   valYHL(z,time,'NZS')        = YHL.l(z,time);
4954   valYROW(z,time,'NZS')       = YROW.l(z,time);
4955   
4956  *=============================== Energy =====================================================================
4957   TREND(z,time) = 1;
4958   
4959   valAEEI(z,time,'NZS')                  = AEEI(z,time);
4960   
4961   valEE(p_coal,j,z,time,'NZS')           =  EEI(p_coal,j,z)*TREND(z,time)*DE.L('02_COAL',j,z,time)*AEEI(z,time);
4962   valEE(p_oil,j,z,time,'NZS')            =  EEI(p_oil,j,z)*TREND(z,time)*DE.L('03_OIL',j,z,time)*AEEI(z,time);
4963   valEE(p_gas,j,z,time,'NZS')            =  EEI(p_gas,j,z)*TREND(z,time)*DE.L('04_GAS',j,z,time)*AEEI(z,time);
4964   valEE(p_oilproduct,j,z,time,'NZS')     =  EEI(p_oilproduct,j,z)*TREND(z,time)*DE.L('10_PETROLCOAL',j,z,time)*AEEI(z,time);
4965   valEE(p_elecheat,j,z,time,'NZS')       =  EEI(p_elecheat,j,z)*TREND(z,time)*DE.L('18_ELEC',j,z,time)*AEEI(z,time);
4966   
4967   valNE(p_coal,j,z,time,'NZS')           =  NEI(p_coal,j,z)*TREND(z,time)*DE.L('02_COAL',j,z,time)*AEEI(z,time);
4968   valNE(p_oil,j,z,time,'NZS')            =  NEI(p_oil,j,z)*TREND(z,time)*DE.L('03_OIL',j,z,time)*AEEI(z,time);
4969   valNE(p_gas,j,z,time,'NZS')            =  NEI(p_gas,j,z)*TREND(z,time)*DE.L('04_GAS',j,z,time)*AEEI(z,time);
4970   valNE(p_oilproduct,j,z,time,'NZS')     =  NEI(p_oilproduct,j,z)*TREND(z,time)*DE.L('10_PETROLCOAL',j,z,time)*AEEI(z,time);
4971   valNE(p_elecheat,j,z,time,'NZS')       =  NEI(p_elecheat,j,z)*TREND(z,time)*DE.L('18_ELEC',j,z,time)*AEEI(z,time);
4972   
4973   valEH(p_coal,z,time,'NZS')             =  EHI(p_coal,z)*TREND(z,time)*C.L('02_COAL',z,time)*AEEI(z,time);
4974   valEH(p_oil,z,time,'NZS')              =  EHI(p_oil,z)*TREND(z,time)*C.L('03_OIL',z,time)*AEEI(z,time);
4975   valEH(p_gas,z,time,'NZS')              =  EHI(p_gas,z)*TREND(z,time)*C.L('04_GAS',z,time)*AEEI(z,time);
4976   valEH(p_oilproduct,z,time,'NZS')       =  EHI(p_oilproduct,z)*TREND(z,time)*C.L('10_PETROLCOAL',z,time)*AEEI(z,time);
4977   valEH(p_elecheat,z,time,'NZS')         =  EHI(p_elecheat,z)*TREND(z,time)*C.L('18_ELEC',z,time)*AEEI(z,time);
4978   
4979   valTFC_product(product,time,z,'NZS')   = valEH(product,z,time,'NZS') + Sum(j5,valEE(product,j5,z,time,'NZS'))+Sum(j,valNE(product,j,z,time,'NZS'));
4980   
4981   valTFC(time,z,'NZS')                   = sum(product, valEH(product,z,time,'NZS') + Sum(j5,valEE(product,j5,z,time,'NZS'))+Sum(j,valNE(product,j,z,time,'NZS')));
4982   valNEA_TFC(product,time,'NZS')         = sum(NEA,valEH(product,NEA,time,'NZS')) + Sum((j5,NEA),valEE(product,j5,NEA,time,'NZS'))+Sum((j,NEA),valNE(product,j,NEA,time,'NZS'));
4983   valKOR_TFC(product,time,'NZS')         = valEH(product,'01_KOR',time,'NZS') + Sum(j5,valEE(product,j5,'01_KOR',time,'NZS'))+Sum(j,valNE(product,j,'01_KOR',time,'NZS'));
4984   valCHN_TFC(product,time,'NZS')         = valEH(product,'02_CHN',time,'NZS') + Sum(j5,valEE(product,j5,'02_CHN',time,'NZS'))+Sum(j,valNE(product,j,'02_CHN',time,'NZS'));
4985   valJPN_TFC(product,time,'NZS')         = valEH(product,'03_JPN',time,'NZS') + Sum(j5,valEE(product,j5,'03_JPN',time,'NZS'))+Sum(j,valNE(product,j,'03_JPN',time,'NZS'));
4986   
4987  *============================== CO2 ========================================================================
4988   valCO2I(product,j,z,time,'NZS')        = valEE(product,j,z,time,'NZS')*41.868*GHGsEF(product,'CO2EF')*1*(44/12)*0.001*GWP('CO2EF') ;
4989   valCO2NE(product,j,z,time,'NZS')       = valNE(product,j,z,time,'NZS')*41.868*GHGsEF(product,'CO2EF')*1*(44/12)*0.001*GWP('CO2EF')*(1-GHGsEF(product,'Stored_rate')) ;
4990   valCO2I2(j,z,time,'NZS')               = sum(product,valCO2I(product,j,z,time,'NZS'));
4991   valCO2NE2(j,z,time,'NZS')              = sum(product,valCO2NE(product,j,z,time,'NZS'));
4992   valCO2I3(j,z,time,'NZS')               = valCO2I2(j,z,time,'NZS') + valCO2NE2(j,z,time,'NZS') ;
4993   valTCO2I(z,time,'NZS')                 = sum((product,j),valCO2I(product,j,z,time,'NZS'));
4994   valTCO2NE(z,time,'NZS')                = sum((product,j),valCO2NE(product,j,z,time,'NZS'));
4995   valCO2H(product,z,time,'NZS')          = valEH(product,z,time,'NZS')*41.868*GHGsEF(product,'CO2EF')*1*(44/12)*0.001*GWP('CO2EF') ;
4996   valTCO2H(z,time,'NZS')                 = sum((product),valCO2H(product,z,time,'NZS'));
4997   valTCO2(z,time,'NZS')                  = valTCO2H(z,time,'NZS') + valTCO2I(z,time,'NZS') +valTCO2NE(z,time,'NZS') ;
4998   valEndo_CO2(ene,j,z,time,'NZS')        = DE.L(ene,j,z,time)*CO2FACTOR2(ene,j,z,time)*10*1000;
4999   valEndo_TotalCO2(z,time,'NZS')         = sum((ene,j), valEndo_CO2(ene,j,z,time,'NZS'));
5000   
5001  *============================== CH4 =======================================================================
5002   valCH4I(product,j,z,time,'NZS')        = valEE(product,j,z,time,'NZS')*41.868*GHGsEF(product,'CH4EF')/10**6 ;
5003   valCH4H(product,z,time,'NZS')          = valEH(product,z,time,'NZS')*41.868*GHGsEF(product,'CH4EF')/10**6 ;
5004   valCH4I2(j,z,time,'NZS')               = sum(product, valCH4I(product,j,z,time,'NZS'));
5005   valTCH4I(z,time,'NZS')                 = sum(j, valCH4I2(j,z,time,'NZS'));
5006   valTCH4H(z,time,'NZS')                 = sum(product,valCH4H(product,z,time,'NZS'));
5007   valTCH4(z,time,'NZS')                  = valTCH4I(z,time,'NZS')+ valTCH4H(z,time,'NZS') ;
5008   valTCH4_CO2eq(z,time,'NZS')            = valTCH4(z,time,'NZS')*GWP('CH4EF');
5009   
5010  *============================== N2O ========================================================================
5011   valN2OI(product,j,z,time,'NZS')        = valEE(product,j,z,time,'NZS')*41.868*GHGsEF(product,'N2OEF')/10**6 ;
5012   valN2OH(product,z,time,'NZS')          = valEH(product,z,time,'NZS')*41.868*GHGsEF(product,'N2OEF')/10**6 ;
5013   valN2OI2(j,z,time,'NZS')               = sum(product, valN2OI(product,j,z,time,'NZS'));
5014   valTN2OI(z,time,'NZS')                 = sum(j, valN2OI2(j,z,time,'NZS'));
5015   valTN2OH(z,time,'NZS')                 = sum(product,valN2OH(product,z,time,'NZS'));
5016   valTN2O(z,time,'NZS')                  = valTN2OI(z,time,'NZS')+ valTN2OH(z,time,'NZS') ;
5017   valTN2O_CO2eq(z,time,'NZS')            = valTN2O(z,time,'NZS')*GWP('N2OEF');
5018   
5019  *============================= Global GHGs emission =============================================
5020   valGlobal_CO2(time,'NZS')              = sum(z, valTCO2(z,time,'NZS'));
5021   valGlobal_CH4(time,'NZS')              = sum(z, valTCH4(z,time,'NZS'));
5022   valGlobal_N2O(time,'NZS')              = sum(z, valTN2O(z,time,'NZS'));
5023   valGlobal_CO2eq(time,'NZS')            = valGlobal_CO2(time,'NZS')+valGlobal_CH4(time,'NZS')*GWP('CH4EF')+valGlobal_N2O(time,'NZS')*GWP('N2OEF');
5024   
5025   valGHG('CO2',z,time,'NZS')             = valTCO2(z,time,'NZS');
5026   valGHG('CH4',z,time,'NZS')             = valTCH4_CO2eq(z,time,'NZS');
5027   valGHG('N2O',z,time,'NZS')             = valTN2O_CO2eq(z,time,'NZS');
5028   
5029  *============================== Power Generation ============================================
5030   valPOWER(power,i,z,time,scen)          = XS.l(power,i,z,time);
5031   valElecGen('19_eNuclear',z,time,'NZS') = DS.l('19_eNuclear','18_ELEC',z,time)*EGINucGWh('19_eNuclear',z);
5032   valElecGen('20_eCoal',z,time,'NZS')    = DS.l('20_eCoal','18_ELEC',z,time)*EGICoalGWh('20_eCoal',z);
5033   valElecGen('21_eGas',z,time,'NZS')     = DS.l('21_eGas','18_ELEC',z,time)*EGIGasGWh('21_eGas',z);
5034   valElecGen('22_eOil',z,time,'NZS')     = DS.l('22_eOil','18_ELEC',z,time)*EGIOilGWh('22_eOil',z);
5035   valElecGen('23_eWind',z,time,'NZS')    = DS.l('23_eWind','18_ELEC',z,time)*EGIWindGWh('23_eWind',z);
5036   valElecGen('24_eSolar',z,time,'NZS')   = DS.l('24_eSolar','18_ELEC',z,time)*EGISolarGWh('24_eSolar',z);
5037   valElecGen('25_eHydro',z,time,'NZS')   = DS.l('25_eHydro','18_ELEC',z,time)*EGIHydroGWh('25_eHydro',z);
5038   valElecGen('26_eOther',z,time,'NZS')   = DS.l('26_eOther','18_ELEC',z,time)*EGIOtherGWh('26_eOther',z);
5039   
5040  *============================== Carbon Tax ============================================
5041   valCTAX(z,time,'NZS') = CTAX.l(z,time) ;
5042   
5043  *================== Backstop technology ===========================================================
5044   valswitch(i3,z,time,'NZS') = switch(i3,z,time) ;
5045   valpenetration_rate(i3,z,time,'NZS') = penetration_rate(i3,z,time) ;
5046   valC_Conventional(i3,z,time,'NZS') = C_Conventional.l(i3,z,time) ;
5047   valXDBS(i3,z,time,'NZS')  = XDBS.l(i3,z,time) ;
5048   valXDBS2(j,z,time,'NZS')  = XDBS2.l(j,z,time) ;
5049   valLBS(l,j,z,time,'NZS')  = LBS.l(l,j,z,time) ;
5050   valKBS(k,j,z,time,'NZS')  = KBS.l(k,j,z,time) ;
5051   valCLBS(i3,z,time,'NZS')  = CLBS.l(i3,z,time) ;
5052   valCKBS(i3,z,time,'NZS')  = CKBS.l(i3,z,time) ;
5053   valMARKUP(i3,z,time,'NZS')= MARKUP.l(i3,z,time) ;
5054   
5055   
5056   execute_unload 'Output_w-t\NZS_Results_GTAP11b.gdx',
5057  *$Ontext
5058   valA_VA,
5059   valC,
5060   valCAB,
5061   valCABX,
5062   valCG,
5063   valCI,
5064   valCMIN,
5065   valCTH,
5066   valCTH_REAL,
5067   valDD,
5068   valDEP,
5069   valDI,
5070   valDE,
5071   valDIT,
5072   valDS,
5073   valDS_I,
5074   vale,
5075   valEXT,
5076   valG,
5077   valG_REAL,
5078   valGDP_BP,
5079   valGDP_BP_REAL,
5080   valGDP_BP_W,
5081   valGDP_BP_W_REAL,
5082   valGDP_FD,
5083   valGDP_IB,
5084   valGDP_MP,
5085   valGDP_MP_REAL,
5086   valIM,
5087   valIMT,
5088   valIND,
5089   valINV,
5090   valIR,
5091   valIT,
5092   valIT_REAL,
5093   valKD,
5094   valKDC,
5095   valKS,
5096   valLD,
5097   valLDC,
5098   valLS,
5099   valMRGN,
5100   valP,
5101   valPC,
5102   valPCI,
5103   valPCE,
5104   valPD,
5105   valPE,
5106   valPET,
5107   valphi,
5108   valPIXCON,
5109   valPIXGDP,
5110   valPIXGDP_W,
5111   valPIXGVT,
5112   valPIXINV,
5113   valPK,
5114   valPL,
5115   valPM,
5116   valPMT,
5117   valPP,
5118   valPVA,
5119   valPWM,
5120   valPWMG,
5121   valPWX,
5122   valQ,
5123   valR,
5124   valRC,
5125   valRTI,
5126   valSG,
5127   valSH,
5128   valsh0,
5129   valsh1,
5130   valSROW,
5131   valTDH,
5132   valTIC,
5133   valTICT,
5134   valTIK,
5135   valTIKT,
5136   valTIM,
5137   valTIMT,
5138   valTIP,
5139   valTIPT,
5140   valTIW,
5141   valTIWT,
5142   valTIX,
5143   valTIXT,
5144   valTPRCTS,
5145   valTPRODN,
5146   valttdh0,
5147   valttdh1,
5148   valttic,
5149   valttik,
5150   valttim,
5151   valttip,
5152   valttiw,
5153   valttix,
5154   valU,
5155   valVA,
5156   valKLE,
5157   valW,
5158   valWC,
5159   valWTI,
5160   valXS,
5161   valYDH,
5162   valYG,
5163   valYH,
5164   valYHK,
5165   valYHL,
5166   valYROW,
5167   valEE,
5168   valNE,
5169   valEH,
5170   valTFC_product,
5171   valTFC,
5172   valNEA_TFC,
5173   valKOR_TFC,
5174   valCHN_TFC,
5175   valJPN_TFC,
5176   valCO2I,
5177   valCO2NE,
5178   valCO2H,
5179   valCO2I2,
5180   valCO2NE2,
5181   valCO2I3,
5182   valTCO2I,
5183   valTCO2NE,
5184   valTCO2H,
5185   valTCO2,
5186   valEndo_CO2,
5187   valEndo_TotalCO2,
5188   valCH4I,
5189   valCH4H,
5190   valCH4I2,
5191   valTCH4I,
5192   valTCH4H,
5193   valTCH4,
5194   valTCH4_CO2eq,
5195   valN2OI,
5196   valN2OH,
5197   valN2OI2,
5198   valTN2OI,
5199   valTN2OH,
5200   valTN2O,
5201   valTN2O_CO2eq,
5202   valGlobal_CO2,
5203   valGlobal_CH4,
5204   valGlobal_N2O,
5205   valGlobal_CO2eq,
5206   valGHG,
5207   valPOWER,
5208   valElecGen,
5209   valCTAX,
5210   valAEEI,
5211   valswitch,
5212   valpenetration_rate,
5213   valC_Conventional,
5214   valXDBS,
5215   valXDBS2,
5216   valLBS,
5217   valKBS,
5218   valCLBS,
5219   valCKBS,
5220   valMARKUP
5221   ;
5222  *$Offtext
5223   
EXIT C:\Users\kimc0\GUIDE_GLOBAL_CGE\2.RD_CGE\Model_GTAP11b.gms

**** LIST OF STRAY NAMES - CHECK DECLARATIONS FOR SPURIOUS COMMAS
**** STRAY NAME commodity OF TYPE SET  
GAMS 42.5.0  cf11b917 Mar 30, 2023          WEX-WEI x86 64bit/MS Windows - 05/10/24 16:35:52 Page 2
PEP model w-t
Include File Summary


   SEQ   GLOBAL TYPE      PARENT   LOCAL  FILENAME

     1        1 INPUT          0       0  C:\Users\kimc0\GUIDE_GLOBAL_CGE\2.RD_CGE\Model_GTAP11b.gms
     2       50 GDXIN          1      50  C:\Users\kimc0\GUIDE_GLOBAL_CGE\2.RD_CGE\Input_w-t\DATA_AGG-2019_GTAP11b.gdx
     3      809 CALL           1     809  gdxxrw Input_w-t\PAR.xlsx @Input_w-t\PAR.txt Rdim=2 Cdim=1 output = Input_w-t\PAR.gdx
     4      810 GDXIN          1     810  C:\Users\kimc0\GUIDE_GLOBAL_CGE\2.RD_CGE\Input_w-t\PAR.gdx
     5     1445 INCLUDE        1    1445  .C:\Users\kimc0\GUIDE_GLOBAL_CGE\2.RD_CGE\DATA_WEB-2019.gms
     6     2172 CALL           5     727  .gdxxrw Input_WEB/230425_WEB19.xlsx @Input_WEB/WEB19.txt trace=0 output=Input_WEB/230425_WEB19.gdx
     7     2173 GDXIN          5     728  .C:\Users\kimc0\GUIDE_GLOBAL_CGE\2.RD_CGE\Input_WEB\230425_WEB19.gdx
     8     2664 EXIT           5    1219  .C:\Users\kimc0\GUIDE_GLOBAL_CGE\2.RD_CGE\DATA_WEB-2019.gms
     9     3690 INCLUDE        1    2471  .C:\Users\kimc0\GUIDE_GLOBAL_CGE\2.RD_CGE\NZS_SOLVE_GTAP11b.gms
    10     3714 GDXIN          9      24  .C:\Users\kimc0\GUIDE_GLOBAL_CGE\2.RD_CGE\Input_w-t\B_line_GTAP11b.gdx
    11     3810 INCLUDE        9     120  ..C:\Users\kimc0\GUIDE_GLOBAL_CGE\2.RD_CGE\INIT.gms
    12     4641 INCLUDE        1    2472  .C:\Users\kimc0\GUIDE_GLOBAL_CGE\2.RD_CGE\NZS_RESULTS_GTAP11b.gms
    13     5224 EXIT           1    2474  C:\Users\kimc0\GUIDE_GLOBAL_CGE\2.RD_CGE\Model_GTAP11b.gms


COMPILATION TIME     =        3.484 SECONDS      6 MB  42.5.0 cf11b917 WEX-WEI
GAMS 42.5.0  cf11b917 Mar 30, 2023          WEX-WEI x86 64bit/MS Windows - 05/10/24 16:35:52 Page 3
PEP model w-t
E x e c u t i o n


----    669 PARAMETER sigma_M1  Elasticity (CES - composite commodity)

                   01_KOR      02_CHN      03_JPN      04_RUS      05_MNG      06_PRK      07_NAM      08_LAM      09_WEU      10_EEU      11_FSU      12_MEA      13_AFR      14_CPA      15_SAS      16_PAS      17_PAO

01_AGRICULT         2.245       2.141       2.412       2.196       2.487       2.445       2.167       2.153       2.291       2.300       2.380       2.348       2.085       2.288       2.848       2.683       2.494
02_COAL             3.050       3.050       3.050       3.050       3.050       3.050       3.050       3.050       3.050       3.050       3.050       3.050       3.050       3.050       3.050       3.050       3.050
03_OIL              5.200       5.200       5.200       5.200       5.200       5.200       5.200       5.200       5.200       5.200       5.200       5.200       5.200       5.200       5.200       5.200       5.200
04_GAS             16.963      13.227      16.539       6.117       2.860      16.178      11.829      12.452      15.358      14.008      13.142      13.561       9.875      16.541      11.882      12.956      13.429
05_MINING           0.900       0.900       0.900       0.900       0.900       0.900       0.900       0.900       0.900       0.900       0.900       0.900       0.900       0.900       0.900       0.900       0.900
06_FOODPRO          2.470       2.344       2.219       2.692       2.559       2.426       2.561       2.613       2.441       2.455       2.706       2.533       2.674       2.463       2.571       2.438       2.400
07_TEXTILES         3.774       3.769       3.779       3.779       3.758       3.770       3.784       3.790       3.787       3.798       3.796       3.771       3.780       3.804       3.770       3.786       3.784
08_WOODPRO          3.400       3.400       3.400       3.400       3.400       3.400       3.400       3.400       3.400       3.400       3.400       3.400       3.400       3.400       3.400       3.400       3.400
09_PAPERPRO         2.950       2.950       2.950       2.950       2.950       2.950       2.950       2.950       2.950       2.950       2.950       2.950       2.950       2.950       2.950       2.950       2.950
10_PETROLCOAL       2.100       2.100       2.100       2.100       2.100       2.100       2.100       2.100       2.100       2.100       2.100       2.100       2.100       2.100       2.100       2.100       2.100
11_CHEMICAL         3.300       3.300       3.300       3.300       3.300       3.300       3.300       3.300       3.300       3.300       3.300       3.300       3.300       3.300       3.300       3.300       3.300
12_NONMET           2.900       2.900       2.900       2.900       2.900       2.900       2.900       2.900       2.900       2.900       2.900       2.900       2.900       2.900       2.900       2.900       2.900
13_IRONSTL          2.950       2.950       2.950       2.950       2.950       2.950       2.950       2.950       2.950       2.950       2.950       2.950       2.950       2.950       2.950       2.950       2.950
14_NONFERR          4.200       4.200       4.200       4.200       4.200       4.200       4.200       4.200       4.200       4.200       4.200       4.200       4.200       4.200       4.200       4.200       4.200
15_MACHINE          4.199       4.210       4.185       4.151       4.123       4.110       4.141       4.171       4.139       4.167       4.150       4.128       4.127       4.279       4.088       4.260       4.140
16_TRANSEQ          2.990       3.024       3.115       3.434       2.968       3.428       3.150       3.033       3.149       2.968       3.145       3.160       3.465       3.597       3.229       3.361       3.245
17_OTHERIND         3.750       3.750       3.750       3.750       3.750       3.750       3.750       3.750       3.750       3.750       3.750       3.750       3.750       3.750       3.750       3.750       3.750
18_ELEC             2.800       2.800       2.800       2.800       2.800       2.800       2.800       2.800       2.800       2.800       2.800       2.800       2.800       2.800       2.800       2.800       2.800
19_CONSTRUC         1.900       1.900       1.900       1.900       1.900       1.900       1.900       1.900       1.900       1.900       1.900       1.900       1.900       1.900       1.900       1.900       1.900
20_LTRP             1.900       1.900       1.900       1.900       1.900       1.900       1.900       1.900       1.900       1.900       1.900       1.900       1.900       1.900       1.900       1.900       1.900
21_WTRP             1.900       1.900       1.900       1.900       1.900       1.900       1.900       1.900       1.900       1.900       1.900       1.900       1.900       1.900       1.900       1.900       1.900
22_ATRP             1.900       1.900       1.900       1.900       1.900       1.900       1.900       1.900       1.900       1.900       1.900       1.900       1.900       1.900       1.900       1.900       1.900
23_SER              1.911       1.904       1.917       1.912       1.943       1.912       1.908       1.911       1.913       1.913       1.913       1.932       1.913       1.913       1.914       1.916       1.914


----    669 PARAMETER sigma_M2  Elasticity (CES - composite import)

                   01_KOR      02_CHN      03_JPN      04_RUS      05_MNG      06_PRK      07_NAM      08_LAM      09_WEU      10_EEU      11_FSU      12_MEA      13_AFR      14_CPA      15_SAS      16_PAS      17_PAO

01_AGRICULT         4.438       4.765       4.521       4.243       4.530       3.699       4.380       4.962       4.853       4.198       4.425       5.066       6.824       4.294       5.010       5.161       4.620
02_COAL             6.100       6.100       6.100       6.100       6.100       6.100       6.100       6.100       6.100       6.100       6.100       6.100       6.100       6.100       6.100       6.100       6.100
03_OIL             10.400      10.400      10.400      10.400      10.400      10.400      10.400      10.400      10.400      10.400      10.400      10.400      10.400      10.400      10.400      10.400      10.400
04_GAS             34.346      33.718      34.341      34.323       7.529      33.767      30.437      34.239      34.291      33.855      34.115      28.360      10.158      24.515      34.260      34.240      24.823
05_MINING           1.800       1.800       1.800       1.800       1.800       1.800       1.800       1.800       1.800       1.800       1.800       1.800       1.800       1.800       1.800       1.800       1.800
06_FOODPRO          5.199       5.407       5.090       5.205       4.400       4.994       4.053       5.369       4.929       4.975       4.689       5.329       5.224       4.603       5.963       5.124       4.495
07_TEXTILES         7.592       7.671       7.585       7.569       7.555       7.575       7.579       7.581       7.576       7.601       7.623       7.551       7.585       7.556       7.568       7.612       7.588
08_WOODPRO          6.800       6.800       6.800       6.800       6.800       6.800       6.800       6.800       6.800       6.800       6.800       6.800       6.800       6.800       6.800       6.800       6.800
09_PAPERPRO         5.900       5.900       5.900       5.900       5.900       5.900       5.900       5.900       5.900       5.900       5.900       5.900       5.900       5.900       5.900       5.900       5.900
10_PETROLCOAL       4.200       4.200       4.200       4.200       4.200       4.200       4.200       4.200       4.200       4.200       4.200       4.200       4.200       4.200       4.200       4.200       4.200
11_CHEMICAL         6.600       6.600       6.600       6.600       6.600       6.600       6.600       6.600       6.600       6.600       6.600       6.600       6.600       6.600       6.600       6.600       6.600
12_NONMET           5.800       5.800       5.800       5.800       5.800       5.800       5.800       5.800       5.800       5.800       5.800       5.800       5.800       5.800       5.800       5.800       5.800
13_IRONSTL          5.900       5.900       5.900       5.900       5.900       5.900       5.900       5.900       5.900       5.900       5.900       5.900       5.900       5.900       5.900       5.900       5.900
14_NONFERR          8.400       8.400       8.400       8.400       8.400       8.400       8.400       8.400       8.400       8.400       8.400       8.400       8.400       8.400       8.400       8.400       8.400
15_MACHINE          8.626       8.644       8.600       8.357       8.267       8.361       8.548       8.481       8.503       8.428       8.314       8.401       8.337       8.586       8.497       8.562       8.446
16_TRANSEQ          6.309       6.155       6.689       6.152       5.924       7.062       6.160       6.245       6.358       5.917       6.126       6.528       6.823       6.563       7.044       7.348       6.379
17_OTHERIND         7.500       7.500       7.500       7.500       7.500       7.500       7.500       7.500       7.500       7.500       7.500       7.500       7.500       7.500       7.500       7.500       7.500
18_ELEC             5.600       5.600       5.600       5.600       5.600       5.600       5.600       5.600       5.600       5.600       5.600       5.600       5.600       5.600       5.600       5.600       5.600
19_CONSTRUC         3.800       3.800       3.800       3.800       3.800       3.800       3.800       3.800       3.800       3.800       3.800       3.800       3.800       3.800       3.800       3.800       3.800
20_LTRP             3.800       3.800       3.800       3.800       3.800       3.800       3.800       3.800       3.800       3.800       3.800       3.800       3.800       3.800       3.800       3.800       3.800
21_WTRP             3.800       3.800       3.800       3.800       3.800       3.800       3.800       3.800       3.800       3.800       3.800       3.800       3.800       3.800       3.800       3.800       3.800
22_ATRP             3.800       3.800       3.800       3.800       3.800       3.800       3.800       3.800       3.800       3.800       3.800       3.800       3.800       3.800       3.800       3.800       3.800
23_SER              3.800       3.801       3.800       3.800       3.800       3.800       3.800       3.801       3.800       3.801       3.801       3.800       3.801       3.801       3.801       3.800       3.800


----    682 PARAMETER sigma_M1  Elasticity (CES - composite commodity)

                   01_KOR      02_CHN      03_JPN      04_RUS      05_MNG      06_PRK      07_NAM      08_LAM      09_WEU      10_EEU      11_FSU      12_MEA      13_AFR      14_CPA      15_SAS      16_PAS      17_PAO

01_AGRICULT         2.245       2.141       2.412       2.196       2.487       2.445       2.167       2.153       2.291       2.300       2.380       2.348       2.085       2.288       2.848       2.683       2.494
02_COAL             3.050       3.050       3.050       3.050       3.050       3.050       3.050       3.050       3.050       3.050       3.050       3.050       3.050       3.050       3.050       3.050       3.050
03_OIL              5.200       5.200       5.200       5.200       5.200       0.500       5.200       5.200       5.200       5.200       5.200       5.200       5.200       5.200       5.200       5.200       5.200
04_GAS              6.000       6.000       6.000       6.000       6.000       6.000       6.000       6.000       6.000       6.000       6.000       6.000       6.000       6.000       6.000       6.000       6.000
05_MINING           0.900       0.900       0.900       0.900       0.900       0.900       0.900       0.900       0.900       0.900       0.900       0.900       0.900       0.900       0.900       0.900       0.900
06_FOODPRO          2.470       2.344       2.219       2.692       2.559       2.426       2.561       2.613       2.441       2.455       2.706       2.533       2.674       2.463       2.571       2.438       2.400
07_TEXTILES         3.774       3.769       3.779       3.779       3.758       3.770       3.784       3.790       3.787       3.798       3.796       3.771       3.780       3.804       3.770       3.786       3.784
08_WOODPRO          3.400       3.400       3.400       3.400       3.400       3.400       3.400       3.400       3.400       3.400       3.400       3.400       3.400       3.400       3.400       3.400       3.400
09_PAPERPRO         2.950       2.950       2.950       2.950       2.950       2.950       2.950       2.950       2.950       2.950       2.950       2.950       2.950       2.950       2.950       2.950       2.950
10_PETROLCOAL       2.100       2.100       2.100       2.100       2.100       2.100       2.100       2.100       2.100       2.100       2.100       2.100       2.100       2.100       2.100       2.100       2.100
11_CHEMICAL         3.300       3.300       3.300       3.300       3.300       3.300       3.300       3.300       3.300       3.300       3.300       3.300       3.300       3.300       3.300       3.300       3.300
12_NONMET           2.900       2.900       2.900       2.900       2.900       2.900       2.900       2.900       2.900       2.900       2.900       2.900       2.900       2.900       2.900       2.900       2.900
13_IRONSTL          2.950       2.950       2.950       2.950       2.950       2.950       2.950       2.950       2.950       2.950       2.950       2.950       2.950       2.950       2.950       2.950       2.950
14_NONFERR          4.200       4.200       4.200       4.200       4.200       4.200       4.200       4.200       4.200       4.200       4.200       4.200       4.200       4.200       4.200       4.200       4.200
15_MACHINE          4.199       4.210       4.185       4.151       4.123       4.110       4.141       4.171       4.139       4.167       4.150       4.128       4.127       4.279       4.088       4.260       4.140
16_TRANSEQ          2.990       3.024       3.115       3.434       2.968       3.428       3.150       3.033       3.149       2.968       3.145       3.160       3.465       3.597       3.229       3.361       3.245
17_OTHERIND         3.750       3.750       3.750       3.750       3.750       3.750       3.750       3.750       3.750       3.750       3.750       3.750       3.750       3.750       3.750       3.750       3.750
18_ELEC             2.800       2.800       2.800       2.800       2.800       2.800       2.800       2.800       2.800       2.800       2.800       2.800       2.800       2.800       2.800       2.800       2.800
19_CONSTRUC         1.900       1.900       1.900       1.900       1.900       1.900       1.900       1.900       1.900       1.900       1.900       1.900       1.900       1.900       1.900       1.900       1.900
20_LTRP             1.900       1.900       1.900       1.900       1.900       1.900       1.900       1.900       1.900       1.900       1.900       1.900       1.900       1.900       1.900       1.900       1.900
21_WTRP             1.900       1.900       1.900       1.900       1.900       1.900       1.900       1.900       1.900       1.900       1.900       1.900       1.900       1.900       1.900       1.900       1.900
22_ATRP             1.900       1.900       1.900       1.900       1.900       1.900       1.900       1.900       1.900       1.900       1.900       1.900       1.900       1.900       1.900       1.900       1.900
23_SER              1.911       1.904       1.917       1.912       1.943       1.912       1.908       1.911       1.913       1.913       1.913       1.932       1.913       1.913       1.914       1.916       1.914


----    682 PARAMETER sigma_M2  Elasticity (CES - composite import)

                   01_KOR      02_CHN      03_JPN      04_RUS      05_MNG      06_PRK      07_NAM      08_LAM      09_WEU      10_EEU      11_FSU      12_MEA      13_AFR      14_CPA      15_SAS      16_PAS      17_PAO

01_AGRICULT         4.438       4.765       4.521       4.243       4.530       3.699       4.380       4.962       4.853       4.198       4.425       5.066       6.824       4.294       5.010       5.161       4.620
02_COAL             6.100       6.100       6.100       6.100       6.100       6.100       6.100       6.100       6.100       6.100       6.100       6.100       6.100       6.100       6.100       6.100       6.100
03_OIL              2.000       2.000       2.000       2.000       2.000       2.000       2.000       2.000       2.000       2.000       2.000       2.000       2.000       2.000       2.000       2.000       2.000
04_GAS              2.000       2.000       2.000       2.000       2.000       2.000       2.000       2.000       2.000       2.000       2.000       2.000       2.000       2.000       2.000       2.000       2.000
05_MINING           1.800       1.800       1.800       1.800       1.800       1.800       1.800       1.800       1.800       1.800       1.800       1.800       1.800       1.800       1.800       1.800       1.800
06_FOODPRO          5.199       5.407       5.090       5.205       4.400       4.994       4.053       5.369       4.929       4.975       4.689       5.329       5.224       4.603       5.963       5.124       4.495
07_TEXTILES         7.592       7.671       7.585       7.569       7.555       7.575       7.579       7.581       7.576       7.601       7.623       7.551       7.585       7.556       7.568       7.612       7.588
08_WOODPRO          6.800       6.800       6.800       6.800       6.800       6.800       6.800       6.800       6.800       6.800       6.800       6.800       6.800       6.800       6.800       6.800       6.800
09_PAPERPRO         5.900       5.900       5.900       5.900       5.900       5.900       5.900       5.900       5.900       5.900       5.900       5.900       5.900       5.900       5.900       5.900       5.900
10_PETROLCOAL       4.200       4.200       4.200       4.200       4.200       4.200       4.200       4.200       4.200       4.200       4.200       4.200       4.200       4.200       4.200       4.200       4.200
11_CHEMICAL         6.600       6.600       6.600       6.600       6.600       6.600       6.600       6.600       6.600       6.600       6.600       6.600       6.600       6.600       6.600       6.600       6.600
12_NONMET           5.800       5.800       5.800       5.800       5.800       5.800       5.800       5.800       5.800       5.800       5.800       5.800       5.800       5.800       5.800       5.800       5.800
13_IRONSTL          5.900       5.900       5.900       5.900       5.900       5.900       5.900       5.900       5.900       5.900       5.900       5.900       5.900       5.900       5.900       5.900       5.900
14_NONFERR          8.400       8.400       8.400       8.400       8.400       8.400       8.400       8.400       8.400       8.400       8.400       8.400       8.400       8.400       8.400       8.400       8.400
15_MACHINE          8.626       8.644       8.600       8.357       8.267       8.361       8.548       8.481       8.503       8.428       8.314       8.401       8.337       8.586       8.497       8.562       8.446
16_TRANSEQ          6.309       6.155       6.689       6.152       5.924       7.062       6.160       6.245       6.358       5.917       6.126       6.528       6.823       6.563       7.044       7.348       6.379
17_OTHERIND         7.500       7.500       7.500       7.500       7.500       7.500       7.500       7.500       7.500       7.500       7.500       7.500       7.500       7.500       7.500       7.500       7.500
18_ELEC             5.600       5.600       5.600       5.600       5.600       5.600       5.600       5.600       5.600       5.600       5.600       5.600       5.600       5.600       5.600       5.600       5.600
19_CONSTRUC         3.800       3.800       3.800       3.800       3.800       3.800       3.800       3.800       3.800       3.800       3.800       3.800       3.800       3.800       3.800       3.800       3.800
20_LTRP             3.800       3.800       3.800       3.800       3.800       3.800       3.800       3.800       3.800       3.800       3.800       3.800       3.800       3.800       3.800       3.800       3.800
21_WTRP             3.800       3.800       3.800       3.800       3.800       3.800       3.800       3.800       3.800       3.800       3.800       3.800       3.800       3.800       3.800       3.800       3.800
22_ATRP             3.800       3.800       3.800       3.800       3.800       3.800       3.800       3.800       3.800       3.800       3.800       3.800       3.800       3.800       3.800       3.800       3.800
23_SER              3.800       3.801       3.800       3.800       3.800       3.800       3.800       3.801       3.800       3.801       3.801       3.800       3.801       3.801       3.801       3.800       3.800


----   1326 PARAMETER sigma_VA  Elasticity (CES - value added)

                   01_KOR      02_CHN      03_JPN      04_RUS      05_MNG      06_PRK      07_NAM      08_LAM      09_WEU      10_EEU      11_FSU      12_MEA      13_AFR      14_CPA      15_SAS      16_PAS      17_PAO

01_AGRICULT         0.251       0.251       0.248       0.257       0.263       0.261       0.253       0.257       0.254       0.253       0.259       0.256       0.250       0.237       0.253       0.251       0.251
02_COAL             3.746       3.790       3.985       3.668       3.999       3.995       3.842       3.946       3.774       3.622       3.687       3.666       3.854       3.741       3.998       3.997       3.885
03_OIL              0.359       0.377       0.397       0.393       0.400       0.237       0.389       0.385       0.394       0.384       0.384       0.396       0.377       0.399       0.399       0.393       0.395
04_GAS              0.999       0.985       1.018       1.419       1.003       1.020       1.271       1.251       1.452       1.093       1.365       1.433       1.507       1.567       1.193       1.355       1.557
05_MINING           0.200       0.200       0.200       0.200       0.200       0.200       0.200       0.200       0.200       0.200       0.200       0.200       0.200       0.200       0.200       0.200       0.200
06_FOODPRO          1.120       1.120       1.120       1.120       1.120       1.120       1.120       1.120       1.120       1.120       1.120       1.120       1.120       1.120       1.120       1.120       1.120
07_TEXTILES         1.260       1.260       1.260       1.260       1.260       1.260       1.260       1.260       1.260       1.260       1.260       1.260       1.260       1.260       1.260       1.260       1.260
08_WOODPRO          1.260       1.260       1.260       1.260       1.260       1.260       1.260       1.260       1.260       1.260       1.260       1.260       1.260       1.260       1.260       1.260       1.260
09_PAPERPRO         1.260       1.260       1.260       1.260       1.260       1.260       1.260       1.260       1.260       1.260       1.260       1.260       1.260       1.260       1.260       1.260       1.260
10_PETROLCOAL       1.260       1.260       1.260       1.260       1.260       1.260       1.260       1.260       1.260       1.260       1.260       1.260       1.260       1.260       1.260       1.260       1.260
11_CHEMICAL         1.260       1.260       1.260       1.260       1.260       1.260       1.260       1.260       1.260       1.260       1.260       1.260       1.260       1.260       1.260       1.260       1.260
12_NONMET           1.260       1.260       1.260       1.260       1.260       1.260       1.260       1.260       1.260       1.260       1.260       1.260       1.260       1.260       1.260       1.260       1.260
13_IRONSTL          1.260       1.260       1.260       1.260       1.260       1.260       1.260       1.260       1.260       1.260       1.260       1.260       1.260       1.260       1.260       1.260       1.260
14_NONFERR          1.260       1.260       1.260       1.260       1.260       1.260       1.260       1.260       1.260       1.260       1.260       1.260       1.260       1.260       1.260       1.260       1.260
15_MACHINE          1.260       1.260       1.260       1.260       1.260       1.260       1.260       1.260       1.260       1.260       1.260       1.260       1.260       1.260       1.260       1.260       1.260
16_TRANSEQ          1.260       1.260       1.260       1.260       1.260       1.260       1.260       1.260       1.260       1.260       1.260       1.260       1.260       1.260       1.260       1.260       1.260
17_OTHERIND         1.260       1.260       1.260       1.260       1.260       1.260       1.260       1.260       1.260       1.260       1.260       1.260       1.260       1.260       1.260       1.260       1.260
18_TnD              1.260       1.260       1.260       1.260       1.260       1.260       1.260       1.260       1.260       1.260       1.260       1.260       1.260       1.260       1.260       1.260       1.260
19_eNuclear         1.260       1.260       1.260       1.260       1.260       1.260       1.260       1.260       1.260       1.260       1.260       1.260       1.260       1.260       1.260       1.260       1.260
20_eCoal            1.260       1.260       1.260       1.260       1.260       1.260       1.260       1.260       1.260       1.260       1.260       1.260       1.260       1.260       1.260       1.260       1.260
21_eGas             1.260       1.260       1.260       1.260       1.260       1.260       1.260       1.260       1.260       1.260       1.260       1.260       1.260       1.260       1.260       1.260       1.260
22_eOil             1.260       1.260       1.260       1.260       1.260       1.260       1.260       1.260       1.260       1.260       1.260       1.260       1.260       1.260       1.260       1.260       1.260
23_eWind            1.260       1.260       1.260       1.260       1.260       1.260       1.260       1.260       1.260       1.260       1.260       1.260       1.260       1.260       1.260       1.260       1.260
24_eSolar           1.260       1.260       1.260       1.260       1.260       1.260       1.260       1.260       1.260       1.260       1.260       1.260       1.260       1.260       1.260       1.260       1.260
25_eHydro           1.260       1.260       1.260       1.260       1.260       1.260       1.260       1.260       1.260       1.260       1.260       1.260       1.260       1.260       1.260       1.260       1.260
26_eOther           1.260       1.260       1.260       1.260       1.260       1.260       1.260       1.260       1.260       1.260       1.260       1.260       1.260       1.260       1.260       1.260       1.260
27_CONSTRUC         1.260       1.260       1.260       1.260       1.260       1.260       1.260       1.260       1.260       1.260       1.260       1.260       1.260       1.260       1.260       1.260       1.260
28_LTRP             1.260       1.260       1.260       1.260       1.260       1.260       1.260       1.260       1.260       1.260       1.260       1.260       1.260       1.260       1.260       1.260       1.260
29_WTRP             1.260       1.260       1.260       1.260       1.260       1.260       1.260       1.260       1.260       1.260       1.260       1.260       1.260       1.260       1.260       1.260       1.260
30_ATRP             1.260       1.260       1.260       1.260       1.260       1.260       1.260       1.260       1.260       1.260       1.260       1.260       1.260       1.260       1.260       1.260       1.260
31_SER              1.260       1.260       1.260       1.260       1.260       1.260       1.260       1.260       1.260       1.260       1.260       1.260       1.260       1.260       1.260       1.260       1.260


----   2271 PARAMETER TCoke_Share  

                             01_KOR      02_CHN      03_JPN      04_RUS      05_MNG      07_NAM      08_LAM      09_WEU      10_EEU      11_FSU      12_MEA      13_AFR      14_CPA      15_SAS      16_PAS      17_PAO

f22_TCOKEOVS.p3_ANTCOAL                               0.127                                                       0.002
f22_TCOKEOVS.p4_COKCOAL       1.000       0.967       0.717       1.000       1.000       1.000       1.000       0.993       1.000       1.000       1.000       1.000       1.000       1.000       0.760       0.864
f22_TCOKEOVS.p5_BITCOAL                   0.033       0.155                                                                                                                                           0.240
f22_TCOKEOVS.p6_SUBCOAL                                                                                                                                                                                           0.136
f22_TCOKEOVS.p7_LIGNITE                                                                                           0.005


----   2271 PARAMETER TBlast_Share  

                               01_KOR      03_JPN      04_RUS      07_NAM      08_LAM      09_WEU      10_EEU      15_SAS      16_PAS      17_PAO

f20_TBLASTFUR.p3_ANTCOAL                                                                    0.045
f20_TBLASTFUR.p4_COKCOAL        1.000       1.000                                           0.170       0.629
f20_TBLASTFUR.p5_BITCOAL                                1.000       1.000                   0.785       0.347       1.000       1.000       1.000
f20_TBLASTFUR.p11_COALTAR                                                       1.000                   0.024


----   2321 PARAMETER Coal_DIO  Intermediate consumption of coal products by industry j in region z

                               01_KOR      02_CHN      03_JPN      04_RUS      05_MNG      06_PRK      07_NAM      08_LAM      09_WEU      10_EEU      11_FSU      12_MEA      13_AFR      14_CPA      15_SAS      16_PAS      17_PAO

p3_ANTCOAL .01_AGRICULT                                                                   157.131                              11.065       1.652       5.913
p3_ANTCOAL .05_MINING                                                                                                                                   1.726                              28.289
p3_ANTCOAL .06_FOODPRO                                                                                 15.550                  24.630       0.004       9.834                              48.435
p3_ANTCOAL .07_TEXTILES                                                                                 1.794                               0.454                                          98.995
p3_ANTCOAL .08_WOODPRO                                                                                                                                                                      0.023
p3_ANTCOAL .09_PAPERPRO                                                                                 2.990                  14.569                                                      42.336
p3_ANTCOAL .11_CHEMICAL                                                                                12.560                  57.620     172.997       0.288                              52.960
p3_ANTCOAL .12_NONMET                    3247.074                                                                   0.039      67.602     122.777      28.773     205.671                 551.670                  22.050
p3_ANTCOAL .13_IRONSTL        880.592                 276.509                                                       1.150    1296.286     183.641     747.857                   2.050      70.980                 110.796       7.015
p3_ANTCOAL .14_NONFERR                                                                                171.387       5.592                   0.197      21.637                1472.532                              20.790
p3_ANTCOAL .15_MACHINE                                                                                                          0.242       0.361       0.345                               0.157
p3_ANTCOAL .16_TRANSEQ                                                                                                                                                                      0.151
p3_ANTCOAL .17_OTHERIND       207.083                                                    6042.636      20.933      42.030       0.003       8.651                               0.191      88.546                              79.715
p3_ANTCOAL .20_eCoal         1000.268                                                                 344.991       7.087     131.269      45.882    1162.412                           31657.933
p3_ANTCOAL .27_CONSTRUC                                                                    25.801                                           0.009                                           2.164
p3_ANTCOAL .28_LTRP                                                                       686.139
p3_ANTCOAL .31_SER                                                                        977.878       1.579                  19.137       5.133      23.939                              27.440
p4_COKCOAL .02_COAL                                                                                                                                                                                    29.832                   0.196
p4_COKCOAL .04_GAS                                                                                                                                                  9.348
p4_COKCOAL .06_FOODPRO                                                                                                                      2.405
p4_COKCOAL .07_TEXTILES                                                                                                                     0.150
p4_COKCOAL .11_CHEMICAL                                                                                            11.698                                                                             491.966
p4_COKCOAL .12_NONMET                                                                                             914.319       0.231      22.731       0.642
p4_COKCOAL .13_IRONSTL      12324.349   62769.516   18448.020   12326.897       7.232                3418.478     944.000    5779.948    2857.308    1657.862      42.145     740.558     398.025    9464.537    1200.143     527.347
p4_COKCOAL .14_NONFERR                                                                                              0.035                                                                                        3872.659
p4_COKCOAL .15_MACHINE                                                                                                                      0.312
p4_COKCOAL .16_TRANSEQ                                                                                                                      0.027
p4_COKCOAL .17_OTHERIND                                                                                          1455.989                   0.023                1493.021                            1574.291
p4_COKCOAL .20_eCoal                                                                                                          349.812      34.162       5.064                                       19487.628
p4_COKCOAL .31_SER                                                                                                                          0.069
p5_BITCOAL .01_AGRICULT                 11174.448                  38.742                  38.370                   0.088       9.285     716.084      93.494                 257.030                                           1.074
p5_BITCOAL .02_COAL                     14846.320                 201.119                              10.482                              22.595     194.548                  11.259                  71.912                   0.646
p5_BITCOAL .04_GAS                      18123.888                                                                                                                            1741.111                  45.107
p5_BITCOAL .05_MINING                    3955.884                                                                 147.116      93.419      11.701     396.213                 392.666     159.297                              26.395
p5_BITCOAL .06_FOODPRO                  12357.874       0.679      92.325                            1121.956     739.848     595.577     561.843      52.035      17.709      65.187     272.731                 445.286     185.687
p5_BITCOAL .07_TEXTILES        43.976    2265.548                   0.258                              31.705     103.990     233.703       9.058       2.650                   2.155     557.426      43.893     287.312      15.283
p5_BITCOAL .08_WOODPRO                    262.528                  10.288                                           0.034      15.787      33.062       0.681                  20.905       0.443                               4.285
p5_BITCOAL .09_PAPERPRO                  3670.995    1571.465       0.006                             826.262     299.119     481.853     230.501       0.946                  12.096     238.391     576.255     477.845
p5_BITCOAL .10_PETROLCOAL                              64.050                                                                              16.592                           14045.049
p5_BITCOAL .11_CHEMICAL        70.264   31745.595    2592.189     161.035                            1090.252      76.037    1241.337    1153.447      14.132                1049.465     298.210     524.975    1633.911     145.479
p5_BITCOAL .12_NONMET        2152.046  110872.092    2892.146     652.890                            4675.740     297.152    3010.686     847.288    2116.951    2011.496    1889.578    3106.388   19380.251    7395.290     377.351
p5_BITCOAL .13_IRONSTL                  62966.909    2639.632   10140.474                            4704.068    2202.957   13525.218    1426.209     922.122                1984.804     399.681   48558.763    9292.147     734.343
p5_BITCOAL .14_NONFERR                  12187.789      31.175                                          31.214     644.661     249.204      19.129    1624.586       2.091      14.309                 262.053                 348.044
p5_BITCOAL .15_MACHINE                   1675.791       0.002       1.296                              28.470                  19.011      24.431      31.300                   1.306       0.886                  14.655
p5_BITCOAL .16_TRANSEQ                    321.587       4.881       4.708                                           0.993     199.463      14.604       1.037                   0.533       0.222
p5_BITCOAL .17_OTHERIND                 40992.183       6.901       2.810     108.021    1475.561     546.427     687.961     316.325      43.697      38.223     248.289    4169.313     348.724   19245.695    3717.599      17.302
p5_BITCOAL .20_eCoal        46730.114 1182900.565   61420.844   38336.769    1080.245     438.635  101529.817   18247.396   43214.962   22759.715   34570.000   11573.034   67463.931    1460.914  213115.196   48033.432   16973.345
p5_BITCOAL .27_CONSTRUC                  3311.675                  11.698                   6.300                               4.403      13.071      25.136                              12.186
p5_BITCOAL .28_LTRP                                     0.860                   2.606     167.550                               9.974       0.314      22.321                   3.491
p5_BITCOAL .31_SER                      26497.618       0.194     644.380     254.560     238.789     182.501       0.010    2719.621     570.884     831.794                1344.227                9614.216                   4.788
p6_SUBCOAL .01_AGRICULT                                                                    11.874      20.775                   0.787                                                                                          48.720
p6_SUBCOAL .02_COAL                                                                                     0.457                                                                                                                  15.450
p6_SUBCOAL .05_MINING                                                                                              78.767                                                                 173.356                              70.604
p6_SUBCOAL .06_FOODPRO                                                                               1696.815      21.505                                                                 296.802                 201.532     311.325
p6_SUBCOAL .07_TEXTILES                                                                                                                                                                   606.624                  20.063       1.305
p6_SUBCOAL .08_WOODPRO                                                                                                                      0.054                                           0.482                              10.354
p6_SUBCOAL .09_PAPERPRO                                                                               149.331     102.282                  22.944                                         259.430                1635.298      42.179
p6_SUBCOAL .11_CHEMICAL                                                                               367.910     134.527                   0.010                                         379.603                  17.426       0.388
p6_SUBCOAL .12_NONMET                                                                                 182.019     159.904      75.607      46.180                              23.474    3380.553               11738.647     176.734
p6_SUBCOAL .13_IRONSTL                                                                                                                    211.030                                         434.956                 166.222      83.003
p6_SUBCOAL .14_NONFERR                                                                                                                                                                                                       1101.232
p6_SUBCOAL .15_MACHINE                                                                                                                                                                      0.964
p6_SUBCOAL .16_TRANSEQ                                                                                                                                                                      0.241
p6_SUBCOAL .17_OTHERIND                                                                   456.643     344.356       7.161     293.685       0.054                                         379.501                2040.007       2.223
p6_SUBCOAL .20_eCoal         4819.154                                                      70.459  138289.019    4136.613     840.930     286.731                                         967.085   48788.478   64355.817   11245.385
p6_SUBCOAL .27_CONSTRUC                                                                     1.950                                                                                          13.261
p6_SUBCOAL .28_LTRP                                                                        51.852                                           0.103
p6_SUBCOAL .31_SER                                                                         73.898     193.832                               0.054     357.275                                                                  12.422
p7_LIGNITE .01_AGRICULT                                            11.637       1.410                                           0.611      20.979       6.795                                                                   0.248
p7_LIGNITE .02_COAL                                                21.949                                                                 274.645       1.599
p7_LIGNITE .04_GAS                                                                                   1724.590                             447.093
p7_LIGNITE .05_MINING                                              18.222                                           7.739      10.106       1.432      18.556
p7_LIGNITE .06_FOODPRO                                              7.629                              13.013       7.007     621.509      48.947       7.686                                                       1.781     106.455
p7_LIGNITE .07_TEXTILES                                                                                                       617.922       9.616       1.870                                          36.936       1.463
p7_LIGNITE .08_WOODPRO                                                                                                                      0.460                                                                               0.104
p7_LIGNITE .09_PAPERPRO                                             0.014                                                      86.881      49.808       0.077                                         124.489      11.960
p7_LIGNITE .11_CHEMICAL                                                                               121.954                 413.268     254.845                                                      68.401       1.336
p7_LIGNITE .12_NONMET                                               3.969                                           0.937     590.143     132.035     253.855       0.030                            1594.650     124.689       1.742
p7_LIGNITE .13_IRONSTL                                                                                                         13.951       6.070       2.954                                           7.980
p7_LIGNITE .14_NONFERR                                                                                                        200.160      46.072       3.655                                          12.996
p7_LIGNITE .15_MACHINE                                              0.075                                                       0.815      12.801       0.044
p7_LIGNITE .16_TRANSEQ                                              1.119                                                       1.630       4.047
p7_LIGNITE .17_OTHERIND                                             0.128      17.858                             105.311       0.307       3.907       2.428                              65.651                  80.211
p7_LIGNITE .20_eCoal                                            24176.200    2113.971               16778.905     481.925   40166.816   39153.056    1600.029                  57.130    3309.238    8283.779    3705.547   10570.158
p7_LIGNITE .27_CONSTRUC                                             2.523                                                                  14.619       0.790                                         106.021
p7_LIGNITE .28_LTRP                                                            17.952                                                                   4.085
p7_LIGNITE .31_SER                                                 92.163     315.400                                         303.808     106.514     111.546                                                                  15.684
p8_PATFUEL .01_AGRICULT                                                                                                                     5.038
p8_PATFUEL .02_COAL                        41.473
p8_PATFUEL .05_MINING                      48.261
p8_PATFUEL .06_FOODPRO                     73.504                                                                                           0.014
p8_PATFUEL .07_TEXTILES                   103.623                                                                                           0.005
p8_PATFUEL .08_WOODPRO                      1.717
p8_PATFUEL .09_PAPERPRO                    60.824
p8_PATFUEL .11_CHEMICAL                  1537.302
p8_PATFUEL .12_NONMET                     381.409                                                                                           0.024
p8_PATFUEL .13_IRONSTL                   1323.071
p8_PATFUEL .14_NONFERR                     32.031
p8_PATFUEL .15_MACHINE                     12.134
p8_PATFUEL .16_TRANSEQ                      4.058
p8_PATFUEL .17_OTHERIND                    86.106
p8_PATFUEL .27_CONSTRUC                                                                                                                     0.031
p8_PATFUEL .31_SER                        158.364                                                                   1.391                   6.019      25.008
p11_COALTAR.02_COAL                        51.999
p11_COALTAR.04_GAS                       1145.746                                                                                          31.988
p11_COALTAR.05_MINING                       1.360
p11_COALTAR.06_FOODPRO                      0.160
p11_COALTAR.11_CHEMICAL                  4999.060                                                                                                                                                                               8.530
p11_COALTAR.12_NONMET                     177.998                                                                                          14.643                   0.126
p11_COALTAR.13_IRONSTL                   2436.611                                                                4244.043      80.932      84.605      57.529                                                                   1.706
p11_COALTAR.14_NONFERR                    164.958                                                                                                                                                                              27.297
p11_COALTAR.15_MACHINE                     25.440
p11_COALTAR.17_OTHERIND                    57.999                                                                                                                                                                              88.713
p11_COALTAR.20_eCoal                                                                                                8.075                   3.972
p12_BKB    .01_AGRICULT                                                                                                         0.203       8.319
p12_BKB    .02_COAL                                                                                                             0.468       0.190
p12_BKB    .05_MINING                                                                                                          58.476
p12_BKB    .06_FOODPRO                                                                                                         83.178       5.597
p12_BKB    .07_TEXTILES                                                                                                                     0.016
p12_BKB    .08_WOODPRO                                                                                                                      0.006
p12_BKB    .09_PAPERPRO                                                                                                       133.870      10.661
p12_BKB    .11_CHEMICAL                                                                                                        50.696       0.824
p12_BKB    .12_NONMET                                                                                                        1082.243      45.303
p12_BKB    .13_IRONSTL                                                                                                        154.416
p12_BKB    .14_NONFERR                                                                                                          0.013       0.028
p12_BKB    .15_MACHINE                                                                                                          2.565       0.060
p12_BKB    .16_TRANSEQ                                                                                                                      0.021
p12_BKB    .17_OTHERIND                                                                                             0.860      17.513       0.133                                                                   3.821
p12_BKB    .20_eCoal                                                                                                          397.294     166.769
p12_BKB    .27_CONSTRUC                                                                                                         2.410       4.392
p12_BKB    .31_SER                                                                                                              2.154      33.705      59.879                   0.478
p15_BLFURGS.11_CHEMICAL                               103.592                                                                   6.913
p15_BLFURGS.12_NONMET                                   5.369                                                                   3.774       0.005
p15_BLFURGS.13_IRONSTL       2521.922   75071.961    5189.109    3406.648                  24.509    2512.826    1117.976    5114.128    1331.054    1496.504     270.279     432.899               10326.276    1205.891     431.976
p15_BLFURGS.14_NONFERR                                 34.170
p15_BLFURGS.20_eCoal         2870.725   27228.876    4411.176    1781.122                             483.878    1305.154    5240.303     762.006     602.775     198.944                                         598.484     131.172
p16_OGASES .02_COAL                                                                                                                        27.137
p16_OGASES .11_CHEMICAL                                                                                                                    28.216
p16_OGASES .12_NONMET                                  51.203                                                                               1.335
p16_OGASES .13_IRONSTL        183.557   11586.709     788.691                                                     186.488                  94.536      30.954                                                     121.666
p16_OGASES .14_NONFERR                                                                                                                     29.973
p16_OGASES .20_eCoal          536.558    7462.731     251.557                                                      37.067                  72.027      59.425                                                     128.819


----   2321 PARAMETER CoalR_DIO  Intermediate consumption ratio of coal products by industry j in region z

                               01_KOR      02_CHN      03_JPN      04_RUS      05_MNG      06_PRK      07_NAM      08_LAM      09_WEU      10_EEU      11_FSU      12_MEA      13_AFR      14_CPA      15_SAS      16_PAS      17_PAO

p3_ANTCOAL .01_AGRICULT                                                                     0.758                               0.504       0.002       0.056
p3_ANTCOAL .05_MINING                                                                                                                                   0.004                               0.078
p3_ANTCOAL .06_FOODPRO                                                                                  0.005                   0.019 5.817632E-6       0.141                               0.078
p3_ANTCOAL .07_TEXTILES                                                                                 0.054                               0.024                                           0.078
p3_ANTCOAL .08_WOODPRO                                                                                                                                                                      0.024
p3_ANTCOAL .09_PAPERPRO                                                                                 0.003                   0.020                                                       0.078
p3_ANTCOAL .11_CHEMICAL                                                                                 0.008                   0.033       0.107       0.020                               0.072
p3_ANTCOAL .12_NONMET                       0.028                                                             2.834552E-5       0.014       0.100       0.012       0.093                   0.078                   0.001
p3_ANTCOAL .13_IRONSTL          0.055                   0.010                                                 1.322469E-4       0.050       0.030       0.152                   0.001       0.054                   0.009       0.004
p3_ANTCOAL .14_NONFERR                                                                                  0.846       0.009                   0.002       0.013                   0.990                               0.005
p3_ANTCOAL .15_MACHINE                                                                                                          0.011       0.010       0.011                               0.078
p3_ANTCOAL .16_TRANSEQ                                                                                                                                                                      0.246
p3_ANTCOAL .17_OTHERIND         1.000                                                       0.758       0.023       0.018 4.619066E-6       0.153                         4.588075E-5       0.100                               0.424
p3_ANTCOAL .20_eCoal            0.018                                                                   0.001 2.925528E-4       0.001       0.001       0.031                               0.847
p3_ANTCOAL .27_CONSTRUC                                                                     0.758                                     2.677293E-4                                           0.078
p3_ANTCOAL .28_LTRP                                                                         0.758
p3_ANTCOAL .31_SER                                                                          0.758       0.004                   0.006       0.007       0.017                               1.000
p4_COKCOAL .02_COAL                                                                                                                                                                                     0.293                   0.012
p4_COKCOAL .04_GAS                                                                                                                                                  1.000
p4_COKCOAL .06_FOODPRO                                                                                                                      0.004
p4_COKCOAL .07_TEXTILES                                                                                                                     0.008
p4_COKCOAL .11_CHEMICAL                                                                                             0.053                                                                               0.453
p4_COKCOAL .12_NONMET                                                                                               0.666 4.771975E-5       0.018 2.676005E-4
p4_COKCOAL .13_IRONSTL          0.775       0.290       0.675       0.476       1.000                   0.321       0.109       0.223       0.461       0.337       0.135       0.234       0.305       0.138       0.099       0.295
p4_COKCOAL .14_NONFERR                                                                                        5.382230E-5                                                                                           0.995
p4_COKCOAL .15_MACHINE                                                                                                                      0.008
p4_COKCOAL .16_TRANSEQ                                                                                                                      0.001
p4_COKCOAL .17_OTHERIND                                                                                             0.633             4.055689E-4                   0.857                               0.076
p4_COKCOAL .20_eCoal                                                                                                            0.004       0.001 1.332537E-4                                           0.067
p4_COKCOAL .31_SER                                                                                                                    9.524104E-5
p5_BITCOAL .01_AGRICULT                     1.000                   0.769                   0.185                   1.000       0.423       0.952       0.880                   1.000                                           0.021
p5_BITCOAL .02_COAL                         0.994                   0.902                               0.958                               0.070       0.992                   1.000                   0.707                   0.040
p5_BITCOAL .04_GAS                          0.941                                                                                                                               1.000                   1.000
p5_BITCOAL .05_MINING                       0.988                                                                   0.630       0.577       0.891       0.951                   1.000       0.441                               0.272
p5_BITCOAL .06_FOODPRO                      0.994       1.000       0.924                               0.394       0.963       0.450       0.908       0.748       1.000       1.000       0.441                   0.687       0.308
p5_BITCOAL .07_TEXTILES         1.000       0.956                   1.000                               0.946       1.000       0.274       0.469       0.586                   1.000       0.441       0.543       0.930       0.921
p5_BITCOAL .08_WOODPRO                      0.994                   1.000                                           1.000       1.000       0.985       1.000                   1.000       0.467                               0.291
p5_BITCOAL .09_PAPERPRO                     0.984       1.000       0.285                               0.844       0.745       0.672       0.734       0.925                   1.000       0.441       0.822       0.225
p5_BITCOAL .10_PETROLCOAL                               1.000                                                                               1.000                               1.000
p5_BITCOAL .11_CHEMICAL         1.000       0.829       0.962       1.000                               0.685       0.342       0.701       0.716       0.980                   1.000       0.408       0.484       0.989       0.942
p5_BITCOAL .12_NONMET           1.000       0.967       0.981       0.994                               0.963       0.217       0.623       0.688       0.882       0.907       0.988       0.441       0.924       0.384       0.679
p5_BITCOAL .13_IRONSTL                      0.291       0.097       0.392                               0.442       0.253       0.521       0.230       0.188                   0.628       0.307       0.710       0.768       0.411
p5_BITCOAL .14_NONFERR                      0.984       0.477                                           0.154       0.991       0.555       0.201       0.985       1.000       0.010                   0.953                   0.236
p5_BITCOAL .15_MACHINE                      0.978       1.000       0.945                               1.000                   0.840       0.643       0.988                   1.000       0.441                   1.000
p5_BITCOAL .16_TRANSEQ                      0.988       1.000       0.808                                           1.000       0.992       0.781       1.000                   1.000       0.361
p5_BITCOAL .17_OTHERIND                     0.996       1.000       0.956       0.858       0.185       0.599       0.299       0.504       0.774       0.940       0.143       1.000       0.395       0.924       0.636       0.092
p5_BITCOAL .20_eCoal            0.835       0.972       0.929       0.596       0.338       0.862       0.394       0.753       0.478       0.360       0.910       0.983       0.999       0.039       0.736       0.411       0.436
p5_BITCOAL .27_CONSTRUC                     1.000                   0.823                   0.185                               0.646       0.407       0.970                               0.441
p5_BITCOAL .28_LTRP                                     1.000                   0.127       0.185                               1.000       0.754       0.845                   1.000
p5_BITCOAL .31_SER                          0.994       1.000       0.875       0.447       0.185       0.483       0.007       0.893       0.790       0.590                   1.000                   1.000                   0.146
p6_SUBCOAL .01_AGRICULT                                                                     0.057       1.000                   0.036                                                                                           0.974
p6_SUBCOAL .02_COAL                                                                                     0.042                                                                                                                   0.948
p6_SUBCOAL .05_MINING                                                                                               0.337                                                                   0.480                               0.728
p6_SUBCOAL .06_FOODPRO                                                                                  0.596       0.028                                                                   0.480                   0.311       0.516
p6_SUBCOAL .07_TEXTILES                                                                                                                                                                     0.480                   0.065       0.079
p6_SUBCOAL .08_WOODPRO                                                                                                                      0.002                                           0.508                               0.702
p6_SUBCOAL .09_PAPERPRO                                                                                 0.153       0.255                   0.073                                           0.480                   0.770       1.000
p6_SUBCOAL .11_CHEMICAL                                                                                 0.231       0.605             6.147775E-6                                           0.519                   0.011       0.003
p6_SUBCOAL .12_NONMET                                                                                   0.037       0.117       0.016       0.037                               0.012       0.480                   0.609       0.318
p6_SUBCOAL .13_IRONSTL                                                                                                                      0.034                                           0.334                   0.014       0.046
p6_SUBCOAL .14_NONFERR                                                                                                                                                                                                          0.746
p6_SUBCOAL .15_MACHINE                                                                                                                                                                      0.480
p6_SUBCOAL .16_TRANSEQ                                                                                                                                                                      0.393
p6_SUBCOAL .17_OTHERIND                                                                     0.057       0.378       0.003       0.468       0.001                                           0.430                   0.349       0.012
p6_SUBCOAL .20_eCoal            0.086                                                       0.138       0.537       0.171       0.009       0.005                                           0.026       0.168       0.551       0.289
p6_SUBCOAL .27_CONSTRUC                                                                     0.057                                                                                           0.480
p6_SUBCOAL .28_LTRP                                                                         0.057                                           0.246
p6_SUBCOAL .31_SER                                                                          0.057       0.513                         7.503000E-5       0.253                                                                   0.378
p7_LIGNITE .01_AGRICULT                                             0.231       1.000                                           0.028       0.028       0.064                                                                   0.005
p7_LIGNITE .02_COAL                                                 0.098                                                                   0.846       0.008
p7_LIGNITE .04_GAS                                                                                      1.000                               0.933
p7_LIGNITE .05_MINING                                               1.000                                           0.033       0.062       0.109       0.045
p7_LIGNITE .06_FOODPRO                                              0.076                               0.005       0.009       0.469       0.079       0.111                                                       0.003       0.176
p7_LIGNITE .07_TEXTILES                                                                                                         0.726       0.498       0.414                                           0.457       0.005
p7_LIGNITE .08_WOODPRO                                                                                                                      0.014                                                                               0.007
p7_LIGNITE .09_PAPERPRO                                             0.715                                                       0.121       0.159       0.075                                           0.178       0.006
p7_LIGNITE .11_CHEMICAL                                                                                 0.077                   0.234       0.158                                                       0.063       0.001
p7_LIGNITE .12_NONMET                                               0.006                                           0.001       0.122       0.107       0.106 1.371023E-5                               0.076       0.006       0.003
p7_LIGNITE .13_IRONSTL                                                                                                          0.001       0.001       0.001                                     1.167406E-4
p7_LIGNITE .14_NONFERR                                                                                                          0.445       0.483       0.002                                           0.047
p7_LIGNITE .15_MACHINE                                              0.055                                                       0.036       0.337       0.001
p7_LIGNITE .16_TRANSEQ                                              0.192                                                       0.008       0.216
p7_LIGNITE .17_OTHERIND                                             0.044       0.142                               0.046 4.885061E-4       0.069       0.060                               0.074                   0.014
p7_LIGNITE .20_eCoal                                                0.376       0.662                   0.065       0.020       0.445       0.619       0.042                   0.001       0.088       0.029       0.032       0.272
p7_LIGNITE .27_CONSTRUC                                             0.177                                                                   0.455       0.030                                           1.000
p7_LIGNITE .28_LTRP                                                             0.873                                                                   0.155
p7_LIGNITE .31_SER                                                  0.125       0.553                                           0.100       0.147       0.079                                                                   0.477
p8_PATFUEL .01_AGRICULT                                                                                                                     0.007
p8_PATFUEL .02_COAL                         0.003
p8_PATFUEL .05_MINING                       0.012
p8_PATFUEL .06_FOODPRO                      0.006                                                                                     2.230092E-5
p8_PATFUEL .07_TEXTILES                     0.044                                                                                     2.383642E-4
p8_PATFUEL .08_WOODPRO                      0.006
p8_PATFUEL .09_PAPERPRO                     0.016
p8_PATFUEL .11_CHEMICAL                     0.040
p8_PATFUEL .12_NONMET                       0.003                                                                                     1.963774E-5
p8_PATFUEL .13_IRONSTL                      0.006
p8_PATFUEL .14_NONFERR                      0.003
p8_PATFUEL .15_MACHINE                      0.007
p8_PATFUEL .16_TRANSEQ                      0.012
p8_PATFUEL .17_OTHERIND                     0.002
p8_PATFUEL .27_CONSTRUC                                                                                                                     0.001
p8_PATFUEL .31_SER                          0.006                                                                   0.993                   0.008       0.018
p11_COALTAR.02_COAL                         0.003
p11_COALTAR.04_GAS                          0.059                                                                                           0.067
p11_COALTAR.05_MINING                 3.395327E-4
p11_COALTAR.06_FOODPRO                1.287049E-5
p11_COALTAR.11_CHEMICAL                     0.131                                                                                                                                                                               0.055
p11_COALTAR.12_NONMET                       0.002                                                                                           0.012             5.691548E-5
p11_COALTAR.13_IRONSTL                      0.011                                                                   0.488       0.003       0.014       0.012                                                                   0.001
p11_COALTAR.14_NONFERR                      0.013                                                                                                                                                                               0.018
p11_COALTAR.15_MACHINE                      0.015
p11_COALTAR.17_OTHERIND                     0.001                                                                                                                                                                               0.472
p11_COALTAR.20_eCoal                                                                                          3.333730E-4             6.275804E-5
p12_BKB    .01_AGRICULT                                                                                                         0.009       0.011
p12_BKB    .02_COAL                                                                                                             1.000       0.001
p12_BKB    .05_MINING                                                                                                           0.361
p12_BKB    .06_FOODPRO                                                                                                          0.063       0.009
p12_BKB    .07_TEXTILES                                                                                                                     0.001
p12_BKB    .08_WOODPRO                                                                                                                1.667595E-4
p12_BKB    .09_PAPERPRO                                                                                                         0.187       0.034
p12_BKB    .11_CHEMICAL                                                                                                         0.029       0.001
p12_BKB    .12_NONMET                                                                                                           0.224       0.037
p12_BKB    .13_IRONSTL                                                                                                          0.006
p12_BKB    .14_NONFERR                                                                                                    2.959647E-5 2.976977E-4
p12_BKB    .15_MACHINE                                                                                                          0.113       0.002
p12_BKB    .16_TRANSEQ                                                                                                                      0.001
p12_BKB    .17_OTHERIND                                                                                       3.739380E-4       0.028       0.002                                                                   0.001
p12_BKB    .20_eCoal                                                                                                            0.004       0.003
p12_BKB    .27_CONSTRUC                                                                                                         0.354       0.137
p12_BKB    .31_SER                                                                                                              0.001       0.047       0.042             3.552453E-4
p15_BLFURGS.11_CHEMICAL                                 0.038                                                                   0.004
p15_BLFURGS.12_NONMET                                   0.002                                                                   0.001 4.057385E-6
p15_BLFURGS.13_IRONSTL          0.159       0.347       0.190       0.132                   1.000       0.236       0.129       0.197       0.215       0.304       0.865       0.137                   0.151       0.100       0.242
p15_BLFURGS.14_NONFERR                                  0.523
p15_BLFURGS.20_eCoal            0.051       0.022       0.067       0.028                               0.002       0.054       0.058       0.012       0.016       0.017                                           0.005       0.003
p16_OGASES .02_COAL                                                                                                                         0.084
p16_OGASES .11_CHEMICAL                                                                                                                     0.018
p16_OGASES .12_NONMET                                   0.017                                                                               0.001
p16_OGASES .13_IRONSTL          0.012       0.054       0.029                                                       0.021                   0.015       0.006                                                       0.010
p16_OGASES .14_NONFERR                                                                                                                      0.314
p16_OGASES .20_eCoal            0.010       0.006       0.004                                                       0.002                   0.001       0.002                                                       0.001


----   2321 PARAMETER CoalR_CO  Household consumption ratio of coal products in region z

                01_KOR      02_CHN      04_RUS      05_MNG      06_PRK      08_LAM      09_WEU      10_EEU      11_FSU      12_MEA      13_AFR      14_CPA      15_SAS      17_PAO

p3_ANTCOAL                                                       0.758                   0.071 3.255096E-4       0.013                   0.010       1.000
p5_BITCOAL                   0.942       0.794       0.735       0.185       1.000       0.457       0.847       0.843       1.000       0.990                   0.843       0.016
p6_SUBCOAL                                                       0.057                   0.057 1.088295E-5                                                                   0.794
p7_LIGNITE                               0.206       0.265                               0.277       0.116       0.145                                                       0.114
p8_PATFUEL       1.000       0.058                                                                         6.943841E-5
p12_BKB                                                                                  0.137       0.036                                                       0.157       0.076


----   2367 PARAMETER Gas_DIO  Intermediate consumption of gas products by industry j in region z

                                01_KOR      02_CHN      03_JPN      04_RUS      07_NAM      08_LAM      09_WEU      10_EEU      11_FSU      12_MEA      13_AFR      14_CPA      15_SAS      16_PAS      17_PAO

p13_GASWKSGS.02_COAL                                                                                                 5.415
p13_GASWKSGS.04_GAS                      -5958.472                           -1129.213                            -342.156                  -1.593    -442.025                 -24.050                  -0.817
p13_GASWKSGS.05_MINING                      39.255                                                                                                       6.470
p13_GASWKSGS.06_FOODPRO                     45.495                                                                                                      22.270
p13_GASWKSGS.07_TEXTILES                     0.201
p13_GASWKSGS.09_PAPERPRO                     1.812                                                                                                      84.781
p13_GASWKSGS.11_CHEMICAL                   656.661                                                                                                     113.693
p13_GASWKSGS.12_NONMET                     285.452                                                                                                       3.525
p13_GASWKSGS.13_IRONSTL                                                                                                                                126.462                  24.050
p13_GASWKSGS.14_NONFERR                   1803.905                                                                                                      37.059
p13_GASWKSGS.15_MACHINE                    127.024                                                                                                       2.279
p13_GASWKSGS.16_TRANSEQ                      4.026
p13_GASWKSGS.17_OTHERIND                    97.633                                                                                                      45.486
p13_GASWKSGS.21_eGas                                                                                               335.365
p13_GASWKSGS.31_SER                        192.650                                                                                                                                                       0.817
p20_NATGAS  .01_AGRICULT         4.095     103.771       1.478    1233.756    2435.281      33.431    3543.938     439.592     428.503    1980.891                             196.499       3.712      57.957
p20_NATGAS  .02_COAL                                                           101.691      82.035      11.994      10.623                                                                               0.331
p20_NATGAS  .04_GAS                      12481.544     103.444   10743.139   76365.016   24220.186   10064.786     765.221    6307.825   30907.816    3554.354                 874.010   13477.105    1441.651
p20_NATGAS  .05_MINING                    1725.238                1980.046    5506.719     986.019     679.821     166.026     683.737      45.830       0.131                                         124.775
p20_NATGAS  .06_FOODPRO        681.248    5715.051    1844.947    1331.073   17148.455    3166.671   13517.668    2267.158    1171.045     586.008     217.511      17.095                 361.301    1170.664
p20_NATGAS  .07_TEXTILES       302.871    4454.597     204.719      55.611    1273.439    1315.006    2695.960     295.355     287.611     128.606      36.825       3.869                 196.327     122.586
p20_NATGAS  .08_WOODPRO         13.777     376.070      23.388     230.810    1756.784      10.504     420.941     137.292      16.570                   1.335                               4.578      67.394
p20_NATGAS  .09_PAPERPRO       269.279    2083.010     692.135     550.867   10004.284    2185.369    6094.826     779.919      86.942      66.044      18.076       4.499                 294.596     314.243
p20_NATGAS  .10_PETROLCOAL               10821.399     188.913               23492.593    7901.127    9714.638    1836.002     368.807    7331.298     159.816                6711.827    1378.209     181.090
p20_NATGAS  .11_CHEMICAL       893.892   25023.936    1970.700    8417.939   58081.654    6877.029   19184.514    2100.992    3007.838   17408.685    2495.800     305.916     677.231    5680.602    2015.998
p20_NATGAS  .12_NONMET         594.748   13617.301     766.582    8109.009   10401.610    4056.977   12792.850    2797.144    2381.522    6039.976     343.121     134.963       5.920    1111.884    1148.608
p20_NATGAS  .13_IRONSTL       1556.013   10620.874    2313.316   11668.097   11175.093    6848.724    7900.999    1483.723    2195.388    3866.103     469.650     226.738     506.163     930.517     201.194
p20_NATGAS  .14_NONFERR        245.590    4370.605     369.681                4334.977     700.156                 648.932     251.788                  34.224                              82.314    2743.451
p20_NATGAS  .15_MACHINE       1012.753   11672.636    1422.420    1350.295    8644.179      42.118    6301.600    1036.403     210.727                  17.863      19.795                 782.223      13.768
p20_NATGAS  .16_TRANSEQ        457.318    3736.215     657.237     798.581    4472.050     199.844    2394.317     607.709      93.474       3.705      11.006      10.797                  39.599       1.576
p20_NATGAS  .17_OTHERIND      1386.349    7279.424     517.249     684.401   15745.810    8021.450    3708.211     480.405    1164.668   85894.987    2355.884       2.339   15196.275   19051.505       6.690
p20_NATGAS  .21_eGas         24932.197   46502.599   63699.128  205616.257  297941.134   80494.570  125153.436   13272.507   55729.652  253629.959   12534.293    7067.000   37684.730   81208.472   13272.344
p20_NATGAS  .27_CONSTRUC         3.475     235.159      56.382    3765.803     687.757      51.245    2485.622     287.792     124.406       5.400       0.026                  24.091       5.082      71.427
p20_NATGAS  .28_LTRP          1190.138   25022.417      33.415   28238.262   27077.415    8177.254    3214.925     949.069    7787.824    8210.599       1.959      34.000    5477.779    1878.566     463.028
p20_NATGAS  .29_WTRP                                                                                    75.337
p20_NATGAS  .31_SER           3998.200   12183.047    9173.255    5638.547   96834.016    2609.541   42475.730    5627.433   11172.721   14301.065      43.085                3114.501     710.120    1458.974
p23_NGL     .04_GAS                                                                                                                        117.344
p23_NGL     .11_CHEMICAL                                 1.607                                                      25.130
p23_NGL     .13_IRONSTL                                                                                              3.076
p23_NGL     .14_NONFERR                                                                                              2.417
p23_NGL     .17_OTHERIND                                                                                                         0.500
p23_NGL     .21_eGas                                     0.877


----   2367 PARAMETER GasR_DIO  Intermediate consumption ratio of gas products by industry j in region z

                                01_KOR      02_CHN      03_JPN      04_RUS      07_NAM      08_LAM      09_WEU      10_EEU      11_FSU      12_MEA      13_AFR      14_CPA      15_SAS      16_PAS      17_PAO

p13_GASWKSGS.02_COAL                                                                                                 0.338
p13_GASWKSGS.05_MINING                       0.022                                                                                                       0.980
p13_GASWKSGS.06_FOODPRO                      0.008                                                                                                       0.093
p13_GASWKSGS.07_TEXTILES               4.518723E-5
p13_GASWKSGS.09_PAPERPRO                     0.001                                                                                                       0.824
p13_GASWKSGS.11_CHEMICAL                     0.026                                                                                                       0.044
p13_GASWKSGS.12_NONMET                       0.021                                                                                                       0.010
p13_GASWKSGS.13_IRONSTL                                                                                                                                  0.212                   0.045
p13_GASWKSGS.14_NONFERR                      0.292                                                                                                       0.520
p13_GASWKSGS.15_MACHINE                      0.011                                                                                                       0.113
p13_GASWKSGS.16_TRANSEQ                      0.001
p13_GASWKSGS.17_OTHERIND                     0.013                                                                                                       0.019
p13_GASWKSGS.21_eGas                                                                                                 0.025
p13_GASWKSGS.31_SER                          0.016                                                                                                                                                       0.001
p20_NATGAS  .01_AGRICULT         1.000       1.000       1.000       1.000       1.000       1.000       1.000       1.000       1.000       1.000                               1.000       1.000       1.000
p20_NATGAS  .02_COAL                                                             1.000       1.000       1.000       0.662                                                                               1.000
p20_NATGAS  .04_GAS                          1.913       1.000       1.000       1.015       1.000       1.000       1.809       1.000       0.996       1.142                   1.028       1.000       1.001
p20_NATGAS  .05_MINING                       0.978                   1.000       1.000       1.000       1.000       1.000       1.000       1.000       0.020                                           1.000
p20_NATGAS  .06_FOODPRO          1.000       0.992       1.000       1.000       1.000       1.000       1.000       1.000       1.000       1.000       0.907       1.000                   1.000       1.000
p20_NATGAS  .07_TEXTILES         1.000       1.000       1.000       1.000       1.000       1.000       1.000       1.000       1.000       1.000       1.000       1.000                   1.000       1.000
p20_NATGAS  .08_WOODPRO          1.000       1.000       1.000       1.000       1.000       1.000       1.000       1.000       1.000                   1.000                               1.000       1.000
p20_NATGAS  .09_PAPERPRO         1.000       0.999       1.000       1.000       1.000       1.000       1.000       1.000       1.000       1.000       0.176       1.000                   1.000       1.000
p20_NATGAS  .10_PETROLCOAL                   1.000       1.000                   1.000       1.000       1.000       1.000       1.000       1.000       1.000                   1.000       1.000       1.000
p20_NATGAS  .11_CHEMICAL         1.000       0.974       0.999       1.000       1.000       1.000       1.000       0.988       1.000       1.000       0.956       1.000       1.000       1.000       1.000
p20_NATGAS  .12_NONMET           1.000       0.979       1.000       1.000       1.000       1.000       1.000       1.000       1.000       1.000       0.990       1.000       1.000       1.000       1.000
p20_NATGAS  .13_IRONSTL          1.000       1.000       1.000       1.000       1.000       1.000       1.000       0.998       1.000       1.000       0.788       1.000       0.955       1.000       1.000
p20_NATGAS  .14_NONFERR          1.000       0.708       1.000                   1.000       1.000                   0.996       1.000                   0.480                               1.000       1.000
p20_NATGAS  .15_MACHINE          1.000       0.989       1.000       1.000       1.000       1.000       1.000       1.000       1.000                   0.887       1.000                   1.000       1.000
p20_NATGAS  .16_TRANSEQ          1.000       0.999       1.000       1.000       1.000       1.000       1.000       1.000       1.000       1.000       1.000       1.000                   1.000       1.000
p20_NATGAS  .17_OTHERIND         1.000       0.987       1.000       1.000       1.000       1.000       1.000       1.000       1.000       1.000       0.981       1.000       1.000       1.000       1.000
p20_NATGAS  .21_eGas             1.000       1.000       1.000       1.000       1.000       1.000       1.000       0.975       1.000       1.000       1.000       1.000       1.000       1.000       1.000
p20_NATGAS  .27_CONSTRUC         1.000       1.000       1.000       1.000       1.000       1.000       1.000       1.000       1.000       1.000       1.000                   1.000       1.000       1.000
p20_NATGAS  .28_LTRP             1.000       1.000       1.000       1.000       1.000       1.000       1.000       1.000       1.000       1.000       1.000       1.000       1.000       1.000       1.000
p20_NATGAS  .29_WTRP                                                                                     1.000
p20_NATGAS  .31_SER              1.000       0.984       1.000       1.000       1.000       1.000       1.000       1.000       1.000       1.000       1.000                   1.000       1.000       0.999
p23_NGL     .04_GAS                                                                                                                          0.004
p23_NGL     .11_CHEMICAL                                 0.001                                                       0.012
p23_NGL     .13_IRONSTL                                                                                              0.002
p23_NGL     .14_NONFERR                                                                                              0.004
p23_NGL     .17_OTHERIND                                                                                                   4.295515E-4
p23_NGL     .21_eGas                               1.377551E-5


----   2367 PARAMETER GasR_CO  Household consumption ratio of gas products in region z

                  01_KOR      02_CHN      03_JPN      04_RUS      07_NAM      08_LAM      09_WEU      10_EEU      11_FSU      12_MEA      13_AFR      15_SAS      16_PAS      17_PAO

p13_GASWKSGS                   0.019                                                                                     2.999937E-5
p20_NATGAS         1.000       0.981       1.000       1.000       1.000       1.000       1.000       1.000       1.000       1.000       1.000       1.000       1.000       1.000


----   2410 PARAMETER Oil_DIO  Intermediate consumption of crudeoil by industry j in region z

                                02_CHN      03_JPN      04_RUS      08_LAM      10_EEU      11_FSU      12_MEA      16_PAS      17_PAO

p22_CRUDEOIL.01_AGRICULT                                11.276
p22_CRUDEOIL.02_COAL                                     0.151
p22_CRUDEOIL.03_OIL           2684.200                  91.766     264.506       2.002    1103.552    3190.448      19.075      22.890
p22_CRUDEOIL.06_FOODPRO                                  1.407       0.190                                                       3.850
p22_CRUDEOIL.07_TEXTILES                                                                                                        11.137
p22_CRUDEOIL.08_WOODPRO                                  0.010
p22_CRUDEOIL.09_PAPERPRO                                             8.574
p22_CRUDEOIL.10_PETROLCOAL                                                                             402.394     539.716
p22_CRUDEOIL.11_CHEMICAL                     2.576       0.010       0.042
p22_CRUDEOIL.12_NONMET                                   0.010       0.927
p22_CRUDEOIL.13_IRONSTL                                 11.758       0.893
p22_CRUDEOIL.15_MACHINE                                  0.050
p22_CRUDEOIL.17_OTHERIND       580.800                             202.831                            1569.039
p22_CRUDEOIL.27_CONSTRUC                                 4.693
p22_CRUDEOIL.28_LTRP                                                 3.373                   1.470       4.410
p22_CRUDEOIL.31_SER                                      1.729


----   2410 PARAMETER OilR_DIO  Intermediate consumption ratio of crudeoil by industry j in region z

                                02_CHN      03_JPN      04_RUS      08_LAM      10_EEU      11_FSU      12_MEA      16_PAS      17_PAO

p22_CRUDEOIL.01_AGRICULT                                 1.000
p22_CRUDEOIL.02_COAL                                     1.000
p22_CRUDEOIL.03_OIL              1.000                   1.000       1.000       1.000       1.000       1.000       1.000       1.000
p22_CRUDEOIL.06_FOODPRO                                  1.000       1.000                                                       1.000
p22_CRUDEOIL.07_TEXTILES                                                                                                         1.000
p22_CRUDEOIL.08_WOODPRO                                  1.000
p22_CRUDEOIL.09_PAPERPRO                                             1.000
p22_CRUDEOIL.10_PETROLCOAL                                                                               1.000       1.000
p22_CRUDEOIL.11_CHEMICAL                     1.000       1.000       1.000
p22_CRUDEOIL.12_NONMET                                   1.000       1.000
p22_CRUDEOIL.13_IRONSTL                                  1.000       1.000
p22_CRUDEOIL.15_MACHINE                                  1.000
p22_CRUDEOIL.17_OTHERIND         1.000                               1.000                               1.000
p22_CRUDEOIL.27_CONSTRUC                                 1.000
p22_CRUDEOIL.28_LTRP                                                 1.000                   1.000       1.000
p22_CRUDEOIL.31_SER                                      1.000


----   2460 PARAMETER Oilp_DIO  Intermediate consumption of petrolcoal by industry j in region z

                                  01_KOR      02_CHN      03_JPN      04_RUS      05_MNG      06_PRK      07_NAM      08_LAM      09_WEU      10_EEU      11_FSU      12_MEA      13_AFR      14_CPA      15_SAS      16_PAS      17_PAO

p9_OVENCOKE   .01_AGRICULT                   381.895       0.023                                                                   0.163       2.822
p9_OVENCOKE   .02_COAL                       313.094                                                                                           0.007
p9_OVENCOKE   .05_MINING                    1018.002       2.708      30.964                             117.191      40.076       4.199       0.469      65.323                                                                  29.665
p9_OVENCOKE   .06_FOODPRO                    806.990                   0.007                                          12.332      90.255      30.386       1.800
p9_OVENCOKE   .07_TEXTILES                     7.936       0.033       0.021                                                       0.031       0.016
p9_OVENCOKE   .08_WOODPRO                      3.776                                                                                           0.028
p9_OVENCOKE   .09_PAPERPRO                     1.600       1.282       0.028                                           3.170
p9_OVENCOKE   .11_CHEMICAL                 16007.839      29.588      18.850                                           0.333      58.124      56.545     217.595                                                                   4.514
p9_OVENCOKE   .12_NONMET                    8578.906     140.324      59.613                              16.526      49.073     183.650     144.937      29.626      43.637                                                       2.579
p9_OVENCOKE   .13_IRONSTL       1242.989   29455.033    1485.691   18359.549                  11.281    2338.408    2308.630    2647.868     342.161    2041.155     182.809     142.927    3587.556    5147.528     457.520     293.422
p9_OVENCOKE   .14_NONFERR                   2599.407     133.890                                           8.197     261.499      22.073      24.623      72.580                                                                  70.937
p9_OVENCOKE   .15_MACHINE                   4612.819       0.486       1.379                                           0.745      22.169       4.113      11.040
p9_OVENCOKE   .16_TRANSEQ                     92.866      53.267      13.541                                           0.402      11.291       0.042       4.065
p9_OVENCOKE   .17_OTHERIND       212.163     624.203                   0.561      31.651                               0.739       0.069       0.090                  56.559      20.433
p9_OVENCOKE   .22_eOil                                    15.655       0.727                                                                   0.716
p9_OVENCOKE   .27_CONSTRUC                    62.081                   0.007                                                       1.016       0.002
p9_OVENCOKE   .28_LTRP                         0.123
p9_OVENCOKE   .31_SER                        150.856     123.675                                                       0.020      52.266      40.513
p10_GASCOKE   .13_IRONSTL                                                                                                                                              5.413
p14_COKEOVGS  .02_COAL                        41.227
p14_COKEOVGS  .05_MINING                     169.267
p14_COKEOVGS  .06_FOODPRO                      2.378
p14_COKEOVGS  .09_PAPERPRO                     6.343
p14_COKEOVGS  .10_PETROLCOAL                                                                                                                  17.224
p14_COKEOVGS  .11_CHEMICAL                  3167.713     588.525                                                                              13.852                                                                   4.449
p14_COKEOVGS  .12_NONMET                    1424.698     131.186      19.076                                                                  42.320
p14_COKEOVGS  .13_IRONSTL       1588.625   13609.157    3091.753    3159.852                             479.880    1424.462                 397.517     667.412      60.321     454.956                1791.376     734.151      18.816
p14_COKEOVGS  .14_NONFERR                    766.657                                                                                           1.648
p14_COKEOVGS  .15_MACHINE                    240.621                   6.664                                                                   0.067
p14_COKEOVGS  .16_TRANSEQ                     20.613
p14_COKEOVGS  .17_OTHERIND                    45.191                                                     640.714
p14_COKEOVGS  .22_eOil           806.685   10724.877    1286.222    1512.719                             129.063     339.731                 911.660     374.076      49.963                             895.688     324.450      56.448
p14_COKEOVGS  .31_SER                         89.192
p27_REFINGAS  .03_OIL                                                                                   5261.896                               1.338
p27_REFINGAS  .10_PETROLCOAL    5059.291   20010.323    4873.535                                       18286.898    8952.209   21274.422    2391.851    1552.176    8935.112    1081.290               17921.585    5346.160    1223.549
p27_REFINGAS  .11_CHEMICAL       370.920     276.321                                                                 268.651    3380.625     970.793                 155.879                                        2928.421
p27_REFINGAS  .13_IRONSTL                                  0.030
p27_REFINGAS  .17_OTHERIND                   176.441                                                                              46.109
p27_REFINGAS  .22_eOil                      2492.391    1882.226                                        1563.327     532.369    2426.263     297.433      72.120                                                     294.203
p27_REFINGAS  .31_SER                                                                                                              0.453
p28_ETHANE    .03_OIL                                                                                                                                                                                                             14.325
p28_ETHANE    .10_PETROLCOAL                                                                              14.214
p28_ETHANE    .11_CHEMICAL                                                                                                       263.164
p29_LPG       .01_AGRICULT         5.608      93.841       2.486      56.385                            1100.368     311.013     803.426     130.952      35.915     138.595       5.731                  29.034       2.076      50.816
p29_LPG       .02_COAL                       501.004                                                                                           0.034                                                                               0.329
p29_LPG       .03_OIL             94.348       1.560                   4.911                              57.617       8.900                   3.616       7.606     401.058                                                       3.964
p29_LPG       .05_MINING           1.684       1.234       0.385       1.351                             180.759     163.429      50.975       7.184       5.449       4.738      17.759                   0.113       1.783      35.593
p29_LPG       .06_FOODPRO         23.777      39.074     293.531      39.915                              54.228     336.502     486.816      84.915      24.756      22.428       8.481      14.144                 107.173      19.160
p29_LPG       .07_TEXTILES         3.738      30.162      48.734       0.659                                          28.210      37.236       9.713       0.625       8.702       9.790      20.672       2.937      30.077       4.324
p29_LPG       .08_WOODPRO          0.230       6.581       1.044       1.373                              80.212       4.011      14.427       9.131                   0.130                   0.326                   4.798       0.925
p29_LPG       .09_PAPERPRO         5.080      31.671      73.161       2.659                              31.633      86.798     128.022       9.695       0.335       0.185                   7.398                  13.722       2.790
p29_LPG       .10_PETROLCOAL     112.970    9060.744     113.429                                         244.799     486.937     302.347       5.046                 216.523      10.905                  42.299     164.691
p29_LPG       .11_CHEMICAL       117.835   11759.126      49.927     203.038                             110.715     208.080     585.683     157.624      23.236     179.430       4.895      26.112      23.386     401.302
p29_LPG       .12_NONMET          15.485     841.932     121.877      17.810                              16.946     194.444     227.324      23.094      32.896      69.098                  72.895                 105.667     101.820
p29_LPG       .13_IRONSTL         63.809     131.616     315.181      12.745                               2.260      55.845     215.792       2.942     101.306                              84.863      69.253     148.272       0.730
p29_LPG       .14_NONFERR         11.557      44.421      77.134                                           1.130      94.232      88.774       9.327       1.102      39.583       9.790                              23.765      16.334
p29_LPG       .15_MACHINE         26.119     220.868     278.119       4.230                             149.126      10.084     219.304      43.250       3.096       1.093       5.014     112.063      27.001     129.239       5.666
p29_LPG       .16_TRANSEQ         19.751      46.751     172.897      15.502                              22.595       0.345      55.849      13.090       3.208       1.260      14.685      63.103                  10.104
p29_LPG       .17_OTHERIND       709.527      88.704      67.147       1.527                              41.800    1852.586     404.437      27.036       2.254     371.576     143.510      20.672     142.568     537.651      87.053
p29_LPG       .22_eOil                        49.920     368.533      22.190                                          45.400      77.101      25.593       0.549                 102.527                   1.695
p29_LPG       .27_CONSTRUC        19.131     192.352      19.348      26.720                             615.709      23.246      80.009      63.186      17.397      15.283       0.002       7.072                  17.428       5.253
p29_LPG       .28_LTRP          3476.636    1870.215     712.914    1338.469                             336.663    2770.440    6725.307    3248.034    2534.660    1092.685      25.523      61.360     218.779    1236.267     373.446
p29_LPG       .29_WTRP             0.898                               2.966                                           0.025
p29_LPG       .30_ATRP             0.309                                                                                                                                           0.586
p29_LPG       .31_SER           1075.610    1957.456    1180.959      23.534                            2514.804    3582.442    2707.891     267.470    1748.265     729.681     348.489     558.781    4302.205    1979.362      54.768
p30_NONBIOGASO.01_AGRICULT                  2607.752                                          18.647    4364.651     155.687     136.290      30.082      12.380      16.877     268.734     136.499                 164.094     172.519
p30_NONBIOGASO.02_COAL                                                                                   767.211                               0.054                                                                               0.031
p30_NONBIOGASO.03_OIL                                                                                    814.293                               0.106                                                                               0.006
p30_NONBIOGASO.05_MINING                                                                                 160.504       4.744       0.007       0.732       0.703       0.030     128.278                              33.720       0.222
p30_NONBIOGASO.06_FOODPRO                                                                                              3.530       0.104       3.304       1.378       1.189      81.296                              19.352       8.393
p30_NONBIOGASO.07_TEXTILES                                                                                             0.343                   1.143       0.014       0.009                                           0.003
p30_NONBIOGASO.08_WOODPRO                                                                                              0.109       0.095       1.446       0.105                   0.184                              16.062       0.053
p30_NONBIOGASO.09_PAPERPRO                                                                                             0.158       0.040       0.744                   0.012       0.878                               0.060
p30_NONBIOGASO.10_PETROLCOAL                               0.148                                          31.845      17.966                                                                                           1.711
p30_NONBIOGASO.11_CHEMICAL                                                                                             1.503     122.177       5.137       0.855                   0.946                               0.135
p30_NONBIOGASO.12_NONMET                                                                                               1.463       0.050       1.061       0.195       0.003       2.230                               0.017       0.002
p30_NONBIOGASO.13_IRONSTL                                                                                              0.090       0.066       0.328       0.291       1.070                                           0.042       0.002
p30_NONBIOGASO.14_NONFERR                                                                                                                      0.017       0.024       0.006       0.774                                           0.033
p30_NONBIOGASO.15_MACHINE                                                                                              0.272      14.799       2.600       0.068                   0.871                               0.305
p30_NONBIOGASO.16_TRANSEQ                                                                                              0.269       5.357       3.345                               3.490                               3.373       1.704
p30_NONBIOGASO.17_OTHERIND                                                                               908.455     185.358       2.382       3.612       3.871      41.746      42.452                   0.878     114.157
p30_NONBIOGASO.22_eOil                                                                                                14.485                   0.019                               0.145
p30_NONBIOGASO.27_CONSTRUC                                                                                            41.021      88.166      16.212       5.659       0.996       6.608                             118.890       1.088
p30_NONBIOGASO.28_LTRP         10334.061  143352.793   37846.045   35932.745     579.421     189.766  402501.060   98332.511   73354.338   12439.515   12929.403   99141.850   36730.520    7690.018   42686.832   65813.961   16123.518
p30_NONBIOGASO.29_WTRP                                                13.977                            4734.141       8.026     424.112       7.238                             108.352                             217.308     268.518
p30_NONBIOGASO.30_ATRP                                                                                                16.502       0.740                                           0.224                               0.214
p30_NONBIOGASO.31_SER                                                                                   1983.867     910.486     310.032      58.049     164.456      87.081     102.207                   5.273     591.803      17.083
p31_AVGAS     .01_AGRICULT                                                                                             0.800
p31_AVGAS     .06_FOODPRO                                                                                              0.007
p31_AVGAS     .17_OTHERIND                                                                                             0.004
p31_AVGAS     .30_ATRP             0.507                   2.233       1.051                             580.979      87.736      49.564      11.135       5.973       8.954      39.707                  85.145       9.102      59.199
p31_AVGAS     .31_SER              2.189                                                                                           1.377       0.032
p33_NONBIOJETK.01_AGRICULT                                                                                             0.400
p33_NONBIOJETK.05_MINING                                                                                              28.645
p33_NONBIOJETK.10_PETROLCOAL                                                                              42.449
p33_NONBIOJETK.11_CHEMICAL                                                                                                                                 0.188                                                       0.823
p33_NONBIOJETK.15_MACHINE                                                                                                          4.108       0.064
p33_NONBIOJETK.16_TRANSEQ          0.010                                                                                                       0.484
p33_NONBIOJETK.17_OTHERIND         0.314                                                                              17.739                               0.004                   0.057
p33_NONBIOJETK.22_eOil                                                                                    14.880
p33_NONBIOJETK.27_CONSTRUC                                                                                                                                 0.004
p33_NONBIOJETK.28_LTRP                                                                                    52.197                                                                                                                   9.049
p33_NONBIOJETK.30_ATRP          1102.172   27270.255    3523.127    5854.113       3.616               66637.542    5401.490    8747.800     159.732     617.036    3130.777    1713.987    1031.194    4305.497    5488.338    3236.572
p33_NONBIOJETK.31_SER            437.591                 766.256                                                       1.138     703.809      19.424      23.901                                                     170.101
p34_OTHKERO   .01_AGRICULT       120.228     211.483     476.254                               0.019      13.600       1.647     317.899       1.090       1.937      11.171     128.443                               2.473
p34_OTHKERO   .02_COAL                         7.725                                                                                           0.002
p34_OTHKERO   .03_OIL              0.638                                                                  10.461                                                                                                                   0.033
p34_OTHKERO   .05_MINING           0.968       4.944       2.565                                           3.138      11.564       0.598       0.001                               2.482                               0.007
p34_OTHKERO   .06_FOODPRO          5.060       1.545     136.999                                                       1.726      19.643       0.001       1.493                   2.910                               0.702       0.513
p34_OTHKERO   .07_TEXTILES         3.421       0.927      38.660                                                                   0.067                                           0.309
p34_OTHKERO   .08_WOODPRO          0.425                  25.810                                                                   0.228       0.001                               0.001                                           0.207
p34_OTHKERO   .09_PAPERPRO         0.560       0.206      22.093                                                                   0.129       0.007       0.422                   0.046                               0.660
p34_OTHKERO   .10_PETROLCOAL                              21.012                                                      19.787                                                                                           0.001
p34_OTHKERO   .11_CHEMICAL         8.006       9.682     117.251                                                                   0.481       1.702       0.495                  38.057                               3.015       1.249
p34_OTHKERO   .12_NONMET           1.349       8.549      64.434                                                                   2.810       0.005       0.401                   0.363                               1.319
p34_OTHKERO   .13_IRONSTL          0.298       0.206      89.441                                                       0.005       0.133                   0.121                                                       1.321
p34_OTHKERO   .14_NONFERR          0.081       5.562      47.295                                                                   0.448       0.006                                                                               0.224
p34_OTHKERO   .15_MACHINE          5.204      35.123     185.332                                                                   1.248       0.036                                                                   1.425
p34_OTHKERO   .16_TRANSEQ          0.869      12.566      47.651                                                                  24.075       0.041       0.126                   0.414
p34_OTHKERO   .17_OTHERIND        44.746       3.811      45.255                               7.219      24.689      48.486     154.164                   1.034      85.873      79.558                  16.677      34.292       2.006
p34_OTHKERO   .22_eOil             1.091                  81.600                                          29.041       9.457       1.851                               3.569      25.156
p34_OTHKERO   .27_CONSTRUC         9.536     165.109     118.996                               0.586       1.046                   0.715       0.005                   4.185      12.431                               0.019
p34_OTHKERO   .28_LTRP             0.694                                                      30.626                  11.772       0.030                   1.480      27.828      60.405                   0.037                   0.365
p34_OTHKERO   .29_WTRP             5.010                                                                                           1.027
p34_OTHKERO   .30_ATRP             0.180                                                                                                                   0.103
p34_OTHKERO   .31_SER            389.014    3043.226    2549.185                               1.299     389.166      33.373    1052.969       2.368       1.043     298.039     301.281                 485.465      44.183       0.057
p35_NONBIODIES.01_AGRICULT      1059.909   15045.383    3732.153    2857.948      90.505      27.219   11332.731   13726.440   15442.331    4240.444    2811.060    4965.492    1999.487    2245.458   11949.603    6616.177    2142.601
p35_NONBIODIES.02_COAL                      1556.507                1805.260                             878.000                  13.391      98.738       3.024                                                                2912.173
p35_NONBIODIES.03_OIL              4.925     413.709                1141.087                            4673.302    1573.649     917.279       8.757     132.066    1308.569       0.186                                         102.149
p35_NONBIODIES.05_MINING          43.395    2775.397     187.389    2047.157     278.221                2480.344    3443.459     680.451     213.737     696.104     273.429    2081.326     264.915    1609.633    1066.153    2634.059
p35_NONBIODIES.06_FOODPRO         28.418     362.913     656.460     522.885                             188.234     417.266     633.046     119.111      60.938     202.420      66.850      52.780                1268.329      34.303
p35_NONBIODIES.07_TEXTILES         4.129     134.843      74.517      15.832                                           9.908     113.877      10.690      10.605       2.261      47.474      35.525      22.649     464.513       1.094
p35_NONBIODIES.08_WOODPRO          1.544     103.427      73.329     180.369                             739.711       3.246     127.920      76.549      13.370       0.265       9.103      21.315                 305.388       4.585
p35_NONBIODIES.09_PAPERPRO         5.040     195.940     122.591      81.348                              70.206     225.825     177.038      20.028       5.165       0.306       4.035      13.195                 124.923       3.687
p35_NONBIODIES.10_PETROLCOAL       0.518     229.906      17.327                                          71.403     192.534      56.831       2.987       6.394     106.957       7.701                              98.556
p35_NONBIODIES.11_CHEMICAL        29.744     406.365     507.721     165.534                                         150.712     385.812      62.023      30.842     178.007       2.940      45.675     549.596     441.448     101.394
p35_NONBIODIES.12_NONMET         127.640    3203.487     472.383     455.629                             324.577     122.972     676.529     123.796     102.739      43.003      21.237     113.680     294.955     501.461      25.101
p35_NONBIODIES.13_IRONSTL          2.592     535.802     220.790                                                      62.399     111.723       9.018     154.809      55.847     286.682      57.855     205.806     274.679      13.197
p35_NONBIODIES.14_NONFERR          3.136     340.473     112.615                                          84.451      12.800      85.063      10.963       8.012       3.565       2.462                  19.029      54.773      46.801
p35_NONBIODIES.15_MACHINE         36.163     738.270     240.196     186.973                             107.853       0.483     545.223      51.172      29.318       0.041       4.809      28.420     127.414     366.291      11.786
p35_NONBIODIES.16_TRANSEQ        101.311     389.637      83.705     177.470                              38.664      16.216     252.566      23.417       8.283      88.790       2.322      20.300                   2.228
p35_NONBIODIES.17_OTHERIND       135.073     439.830     175.279     157.211     317.329      22.951     560.633    4303.032     941.469      32.786       8.711   11729.314    2797.604     188.215    3552.604    4268.934     166.225
p35_NONBIODIES.22_eOil           184.817     300.693     671.782    1442.783     126.261                2156.696    8931.249    2519.053      96.943      29.688   16970.636    3232.368     188.186    2721.393    5330.352    1022.472
p35_NONBIODIES.27_CONSTRUC       657.790    5408.708    1167.755    2603.883                  10.087   11464.451     682.815    4702.718     693.195     621.273     778.766     282.669     404.985     646.480    1792.016     818.040
p35_NONBIODIES.28_LTRP         19250.543   97214.475   21972.895   20036.346     305.037     169.357  153862.397   84577.082  194297.322   39757.480   11393.227   85212.444   30706.537    7495.651   71854.364   50539.633   17469.924
p35_NONBIODIES.29_WTRP           245.885   14873.123    1009.043     408.581                            4260.098    1777.763    4427.328     154.435     167.263      57.778     772.849    1064.077    1381.942    3947.696     349.128
p35_NONBIODIES.30_ATRP             1.338                                                                               7.372                               0.306                  18.926
p35_NONBIODIES.31_SER            870.107    9153.784    5901.336    1312.706                  35.675    7192.591    2253.970   10426.625     789.622    1554.771    3139.716    2271.694     141.335    3227.350    3047.561     757.557
p36_RESFUEL   .01_AGRICULT        29.883      11.900                 457.017                   0.024     173.642     225.095     103.050      14.887      15.297      39.203      33.999                 174.870      34.107
p36_RESFUEL   .02_COAL                         2.700                                                      11.522                               0.573                                                                               1.936
p36_RESFUEL   .03_OIL             11.874       8.700                                                      47.048      32.247       6.821
p36_RESFUEL   .05_MINING           2.648      13.500       0.043      81.074                             399.371     800.371     107.481       4.766       6.108     180.902     188.463       0.198     127.811     123.587      15.231
p36_RESFUEL   .06_FOODPRO         23.511      29.900      17.251       0.191                              22.536     156.220     351.408      66.659      21.912     187.843      49.929       7.036       4.601     462.733       8.090
p36_RESFUEL   .07_TEXTILES        24.585      42.800      24.664       0.019                                          14.652      47.292       7.807       0.048      34.198       5.426       0.694     348.667     227.293       2.016
p36_RESFUEL   .08_WOODPRO          1.700       3.500       4.114       2.064                              16.302     100.039      25.151       5.733       2.866                   2.222                               8.011       2.274
p36_RESFUEL   .09_PAPERPRO        11.169      84.100     386.097     113.920                             120.472     463.975     272.515      33.035       1.826      19.262       3.590                              74.732
p36_RESFUEL   .10_PETROLCOAL     322.783     273.800     939.859                              13.447       8.730    1663.618    1551.469     517.984     186.300    3167.362      77.396                 234.108    2042.590      45.296
p36_RESFUEL   .11_CHEMICAL       244.439     158.200     569.463      40.728                                         111.305     721.510     166.303      26.135      25.311      15.550      12.883     709.092     852.988       3.344
p36_RESFUEL   .12_NONMET         257.886     962.900     467.582      84.504                              53.968     148.089     348.353      25.041      21.294     137.450      37.164      39.640     818.399     676.556       8.464
p36_RESFUEL   .13_IRONSTL          5.810       6.400      74.731     304.519                                          51.761     120.654                 352.146                   4.018      17.838     302.143     619.152       3.028
p36_RESFUEL   .14_NONFERR         20.077     138.200      89.396                                                     700.623     117.216      21.017       2.771      22.791      27.604                  69.527      31.432      25.129
p36_RESFUEL   .15_MACHINE          5.393      54.200       0.502       0.611                                           0.023     124.365       3.621       9.249                   4.118       9.910     197.851      61.709       0.001
p36_RESFUEL   .16_TRANSEQ         55.340      17.100       9.536      28.528                              12.207       0.246      15.327       0.111       0.773                   0.164       2.874                   7.209
p36_RESFUEL   .17_OTHERIND       147.655      52.500      33.683                              23.363      35.526    2035.657      77.686       3.428      95.009   14475.119    1780.185      35.484    1415.954    1046.267      18.522
p36_RESFUEL   .22_eOil           754.729     741.500    3058.675    3623.241       2.881     398.261    2784.115   17185.455    5104.288     570.171     594.387   32953.279    3663.869     380.920    7136.519    3815.641      54.944
p36_RESFUEL   .27_CONSTRUC        14.997     318.400                  13.280                   0.662      17.283      15.411      86.357      13.327      62.504       9.491      22.695                              16.836       9.118
p36_RESFUEL   .28_LTRP             3.810                             113.996                  60.150                   2.160       0.047                   0.622       6.941      91.779                  45.636       0.480       1.518
p36_RESFUEL   .29_WTRP           133.368    9442.012    2119.881     187.733                             855.531    1438.056    1476.736                             233.627       8.117      45.388     770.417     298.019     185.004
p36_RESFUEL   .30_ATRP             0.014
p36_RESFUEL   .31_SER             57.524    1271.988      83.887     140.575                   0.661     335.499     387.368     381.379      47.037     995.819     190.996     126.063                1368.741     596.855      12.570
p37_NAPHTHA   .10_PETROLCOAL                              16.577                                           0.378      79.230                                         101.576                                          65.158
p37_NAPHTHA   .11_CHEMICAL                              6142.133                                                     207.316     824.133     218.592                                                    4480.009
p37_NAPHTHA   .17_OTHERIND                                                                                             0.039      23.541                                          42.510                 105.833      32.692
p37_NAPHTHA   .22_eOil           764.953                   1.969                                                                                                                                         128.919
p38_WHITESP   .05_MINING                                                                                                           0.024
p38_WHITESP   .06_FOODPRO                                                                                                          0.007
p38_WHITESP   .09_PAPERPRO                                 0.049
p38_WHITESP   .10_PETROLCOAL                               0.143
p38_WHITESP   .11_CHEMICAL                                 0.232                                                                   0.001       5.260
p38_WHITESP   .12_NONMET                                   0.223                                                                                           0.009
p38_WHITESP   .13_IRONSTL                                  1.242
p38_WHITESP   .14_NONFERR                                  0.043
p38_WHITESP   .15_MACHINE                                 16.982                                                                   1.418       0.104
p38_WHITESP   .16_TRANSEQ                                 23.978                                                                   0.789
p38_WHITESP   .17_OTHERIND                                                                                                         0.035                   0.007                   8.216
p38_WHITESP   .27_CONSTRUC                                                                                                         0.816       0.044       0.048
p38_WHITESP   .28_LTRP                                                                                                            13.042
p38_WHITESP   .31_SER                                                                                                              0.248
p39_LUBRIC    .01_AGRICULT                                17.541                                                       0.004
p39_LUBRIC    .03_OIL                                                                                                                                      0.267
p39_LUBRIC    .06_FOODPRO                                                                                              0.059
p39_LUBRIC    .10_PETROLCOAL                              76.970                                           0.710       1.003       0.262
p39_LUBRIC    .11_CHEMICAL                                                                                                                                 0.190
p39_LUBRIC    .12_NONMET                                                                                                                                   0.237
p39_LUBRIC    .15_MACHINE                                                                                                                                  1.136
p39_LUBRIC    .17_OTHERIND                                                                                             0.004                   9.178
p39_LUBRIC    .27_CONSTRUC                                                                                                                                 0.602
p39_LUBRIC    .28_LTRP                                                                                                                                     4.845
p39_LUBRIC    .29_WTRP                                                                                                 1.391
p39_LUBRIC    .31_SER                                                                                                  0.001                              99.749
p40_BITUMEN   .10_PETROLCOAL                             426.775                                           2.522      79.297       0.241
p40_BITUMEN   .12_NONMET                                                                                                                                 127.870
p40_BITUMEN   .22_eOil                                  1737.091
p40_BITUMEN   .27_CONSTRUC                                                                                                                               200.320                   0.056
p40_BITUMEN   .28_LTRP                                                                                                                                     1.988
p42_PETCOKE   .03_OIL             13.381                                                                2591.834
p42_PETCOKE   .05_MINING                                                                                             323.383      13.758                  15.286
p42_PETCOKE   .06_FOODPRO                                                                                             83.161       1.544       1.089                   0.127
p42_PETCOKE   .09_PAPERPRO                                60.322                                          16.815                   3.057       0.173
p42_PETCOKE   .10_PETROLCOAL     313.689                 232.015                                       11816.368     145.666    3442.147     440.113                               1.040                             425.964     191.872
p42_PETCOKE   .11_CHEMICAL                               591.339                                         524.230     140.351      25.879     228.390      24.458
p42_PETCOKE   .12_NONMET         182.237                 535.761                                        1259.578    7077.740    6481.558     947.806      27.341    1553.059     235.859                6790.250
p42_PETCOKE   .13_IRONSTL                                534.446                                           4.334     212.056      22.727       2.042      24.357
p42_PETCOKE   .14_NONFERR                                  3.433                                         184.714     447.200      91.229       1.141      69.942       4.369
p42_PETCOKE   .15_MACHINE                                                                                135.282      43.578
p42_PETCOKE   .17_OTHERIND                  5975.684                2586.874                             839.484    1151.091     168.805                             130.302       2.064                9801.324     147.221
p42_PETCOKE   .22_eOil           635.343    3098.194     865.244                                        2587.930    1608.809      44.330      90.318
p42_PETCOKE   .28_LTRP                                                                                                             0.241
p42_PETCOKE   .31_SER                                                                                                                          0.081
p43_ONONSPEC  .01_AGRICULT                                                                                                                     3.630
p43_ONONSPEC  .02_COAL                         4.784                                                                                           0.320                                                                               0.353
p43_ONONSPEC  .03_OIL                        161.094                                                                                           0.081
p43_ONONSPEC  .05_MINING                       3.128                                                                               0.955       0.168                               0.986                                          63.248
p43_ONONSPEC  .06_FOODPRO                      5.612                                                                               0.256      10.792                               0.986                                          46.557
p43_ONONSPEC  .07_TEXTILES                    11.132                                                                                           1.137
p43_ONONSPEC  .09_PAPERPRO                     4.048      21.114                                                                  21.974       1.590                                                                              45.788
p43_ONONSPEC  .10_PETROLCOAL               20156.234     181.884                                           9.371    1066.140     763.169     127.269                 126.929                                          23.872      50.595
p43_ONONSPEC  .11_CHEMICAL                 15892.547     520.297                                                    2020.215      44.176     104.991      15.911
p43_ONONSPEC  .12_NONMET                     118.405     246.134                                                                 204.475       2.352       1.911                   4.258                                          36.332
p43_ONONSPEC  .13_IRONSTL                      7.820                                                                                           0.007       0.955                   1.972                              10.745       3.850
p43_ONONSPEC  .14_NONFERR                     46.093      40.466                                                                   7.643                   0.955                                                                 192.728
p43_ONONSPEC  .15_MACHINE                     77.465       0.011                                                                   3.800       0.372                                                                               0.003
p43_ONONSPEC  .16_TRANSEQ                     21.620                                                                               0.955       1.551       4.777
p43_ONONSPEC  .17_OTHERIND                 14351.786                                                                 190.089       3.821       0.020       0.955     449.217       3.726                  49.367    3458.661       2.986
p43_ONONSPEC  .22_eOil           137.389     286.583     280.960     847.313                             260.619     218.288    3066.518       2.159     111.493                  32.964                              11.731      77.386
p43_ONONSPEC  .27_CONSTRUC                   811.541                                                                               1.886                   2.006                   0.986                                           0.017
p43_ONONSPEC  .28_LTRP                                                                                                 0.522       0.051                             101.271                                                       0.595
p43_ONONSPEC  .29_WTRP                                                                                                             0.003
p43_ONONSPEC  .30_ATRP                                                                                                                                   182.478       0.287
p43_ONONSPEC  .31_SER                                                                                                 18.832       1.440       6.579     360.944                  10.745                 265.597      21.018       0.021


----   2460 PARAMETER Oilp_CO  Household consumption of petrolcoal products in region z

                    01_KOR      02_CHN      03_JPN      04_RUS      06_PRK      07_NAM      08_LAM      09_WEU      10_EEU      11_FSU      12_MEA      13_AFR      14_CPA      15_SAS      16_PAS      17_PAO

p9_OVENCOKE                     81.986                                                                   7.056      47.802
p14_COKEOVGS                   260.045
p29_LPG            741.706   34256.313    4648.856   12095.271                5044.294   19511.826    4828.603    1315.130    1689.802   17974.803    2988.202    1877.809   27206.732   13916.823     454.071
p30_NONBIOGASO                                                                               6.643     300.380       5.255     514.262                  16.671                               0.920       0.011
p34_OTHKERO       1611.124     452.516    6725.908                             329.167     377.970    2886.297                 154.635    4455.622    1492.721      17.957    2462.503     595.145
p35_NONBIODIES     557.828    3043.603                2409.187       4.468   11074.291      11.774   23415.999     281.679    1937.833     600.067     351.920                  56.868      12.396       2.896
p36_RESFUEL        188.475                              14.426                               9.734       5.783                   3.587                                           0.014
p39_LUBRIC                                                                                                                       2.144
p41_PARWAX                                                                                                                                   2.055
p42_PETCOKE                                                                                             29.090      29.226
p43_ONONSPEC                                                                                                                    60.200                   1.787


----   2460 PARAMETER OilpR_DIO  Intermediate consumption ratio of petrolcoal products by industry j in region z

                                  01_KOR      02_CHN      03_JPN      04_RUS      05_MNG      06_PRK      07_NAM      08_LAM      09_WEU      10_EEU      11_FSU      12_MEA      13_AFR      14_CPA      15_SAS      16_PAS      17_PAO

p9_OVENCOKE   .01_AGRICULT                     0.021 5.486635E-6                                                             9.718411E-6       0.001
p9_OVENCOKE   .02_COAL                         0.129                                                                                     7.319859E-5
p9_OVENCOKE   .05_MINING                       0.255       0.014       0.014                               0.035       0.008       0.005       0.002       0.083                                                                   0.011
p9_OVENCOKE   .06_FOODPRO                      0.646             1.225581E-5                                           0.012       0.057       0.096       0.016
p9_OVENCOKE   .07_TEXTILES                     0.035 1.746975E-4       0.001                                                 1.551624E-4       0.001
p9_OVENCOKE   .08_WOODPRO                      0.032                                                                                     2.982076E-4
p9_OVENCOKE   .09_PAPERPRO                     0.005       0.002 1.399314E-4                                           0.004
p9_OVENCOKE   .11_CHEMICAL                     0.336       0.003       0.044                                     1.070303E-4       0.009       0.028       0.640                                                                   0.041
p9_OVENCOKE   .12_NONMET                       0.567       0.064       0.094                               0.010       0.006       0.023       0.111       0.086       0.024                                                       0.015
p9_OVENCOKE   .13_IRONSTL          0.428       0.673       0.256       0.841                   1.000       0.828       0.561       0.849       0.454       0.611       0.598       0.160       0.957       0.685       0.204       0.881
p9_OVENCOKE   .14_NONFERR                      0.660       0.266                                           0.029       0.172       0.054       0.358       0.467                                                                   0.201
p9_OVENCOKE   .15_MACHINE                      0.771       0.001       0.007                                           0.014       0.024       0.039       0.205
p9_OVENCOKE   .16_TRANSEQ                      0.154       0.136       0.058                                           0.023       0.031       0.001       0.191
p9_OVENCOKE   .17_OTHERIND         0.170       0.029             2.043935E-4       0.091                         7.553534E-5 3.796942E-5       0.001                   0.002       0.004
p9_OVENCOKE   .22_eOil                                     0.002 9.763763E-5                                                             3.589952E-4
p9_OVENCOKE   .27_CONSTRUC                     0.009             2.609791E-6                                                 2.048297E-4 2.544627E-6
p9_OVENCOKE   .28_LTRP                   5.069346E-7
p9_OVENCOKE   .31_SER                          0.010       0.012                                                 2.810384E-6       0.003       0.033
p10_GASCOKE   .13_IRONSTL                                                                                                                                              0.018
p14_COKEOVGS  .02_COAL                         0.017
p14_COKEOVGS  .05_MINING                       0.042
p14_COKEOVGS  .06_FOODPRO                      0.002
p14_COKEOVGS  .09_PAPERPRO                     0.020
p14_COKEOVGS  .10_PETROLCOAL                                                                                                                   0.005
p14_COKEOVGS  .11_CHEMICAL                     0.066       0.065                                                                               0.007                                                                   0.001
p14_COKEOVGS  .12_NONMET                       0.094       0.060       0.030                                                                   0.032
p14_COKEOVGS  .13_IRONSTL          0.547       0.311       0.532       0.145                               0.170       0.346                   0.527       0.200       0.197       0.511                   0.238       0.327       0.056
p14_COKEOVGS  .14_NONFERR                      0.195                                                                                           0.024
p14_COKEOVGS  .15_MACHINE                      0.040                   0.033                                                                   0.001
p14_COKEOVGS  .16_TRANSEQ                      0.034
p14_COKEOVGS  .17_OTHERIND                     0.002                                                       0.210
p14_COKEOVGS  .22_eOil             0.246       0.606       0.125       0.203                               0.014       0.012                   0.457       0.316       0.001                               0.082       0.033       0.047
p14_COKEOVGS  .31_SER                          0.006
p27_REFINGAS  .03_OIL                                                                                      0.391                               0.096
p27_REFINGAS  .10_PETROLCOAL       0.871       0.402       0.706                                           0.599       0.705       0.777       0.683       0.890       0.706       0.918                   0.985       0.654       0.810
p27_REFINGAS  .11_CHEMICAL         0.481       0.006                                                                   0.086       0.527       0.488                   0.289                                           0.632
p27_REFINGAS  .13_IRONSTL                            5.143374E-6
p27_REFINGAS  .17_OTHERIND                     0.008                                                                               0.025
p27_REFINGAS  .22_eOil                         0.141       0.184                                           0.164       0.018       0.183       0.149       0.061                                                       0.030
p27_REFINGAS  .31_SER                                                                                                        2.895421E-5
p28_ETHANE    .03_OIL                                                                                                                                                                                                              0.119
p28_ETHANE    .10_PETROLCOAL                                                                         4.655862E-4
p28_ETHANE    .11_CHEMICAL                                                                                                         0.041
p29_LPG       .01_AGRICULT         0.005       0.005       0.001       0.017                               0.065       0.022       0.048       0.030       0.012       0.027       0.002                   0.002 3.044174E-4       0.021
p29_LPG       .02_COAL                         0.206                                                                                     3.419276E-4                                                                         1.129743E-4
p29_LPG       .03_OIL              0.754       0.003                   0.004                               0.004       0.006                   0.260       0.054       0.235                                                       0.033
p29_LPG       .05_MINING           0.035 3.095242E-4       0.002       0.001                               0.054       0.034       0.059       0.032       0.007       0.010       0.007             6.503384E-5       0.001       0.013
p29_LPG       .06_FOODPRO          0.294       0.031       0.266       0.071                               0.205       0.333       0.308       0.269       0.220       0.054       0.040       0.191                   0.058       0.164
p29_LPG       .07_TEXTILES         0.104       0.132       0.261       0.040                                           0.531       0.188       0.318       0.055       0.193       0.155       0.363       0.008       0.042       0.582
p29_LPG       .08_WOODPRO          0.059       0.056       0.010       0.007                               0.096       0.037       0.086       0.098                   0.329                   0.015                   0.014       0.115
p29_LPG       .09_PAPERPRO         0.233       0.098       0.107       0.013                               0.132       0.111       0.212       0.149       0.043       0.009                   0.359                   0.064       0.053
p29_LPG       .10_PETROLCOAL       0.019       0.182       0.016                                           0.008       0.038       0.011       0.001                   0.017       0.009                   0.002       0.020
p29_LPG       .11_CHEMICAL         0.153       0.247       0.005       0.474                               0.174       0.067       0.091       0.079       0.068       0.333       0.078       0.308       0.004       0.087
p29_LPG       .12_NONMET           0.026       0.056       0.056       0.028                               0.010       0.026       0.028       0.018       0.095       0.037                   0.322                   0.082       0.584
p29_LPG       .13_IRONSTL          0.022       0.003       0.054       0.001                               0.001       0.014       0.069       0.004       0.030                               0.023       0.009       0.066       0.002
p29_LPG       .14_NONFERR          0.332       0.011       0.153                                           0.004       0.062       0.215       0.136       0.007       0.563       0.241                               0.216       0.046
p29_LPG       .15_MACHINE          0.358       0.037       0.385       0.021                               0.380       0.183       0.234       0.410       0.057       0.963       0.339       0.745       0.077       0.231       0.325
p29_LPG       .16_TRANSEQ          0.111       0.078       0.442       0.066                               0.308       0.020       0.153       0.311       0.151       0.014       0.697       0.731                   0.441
p29_LPG       .17_OTHERIND         0.568       0.004       0.209       0.001                               0.014       0.189       0.222       0.355       0.020       0.014       0.029       0.085       0.009       0.056       0.315
p29_LPG       .22_eOil                         0.003       0.036       0.003                                           0.002       0.006       0.013 4.645981E-4                   0.015             1.556934E-4
p29_LPG       .27_CONSTRUC         0.027       0.028       0.015       0.010                               0.051       0.030       0.016       0.080       0.019       0.019 7.067186E-6       0.017                   0.009       0.006
p29_LPG       .28_LTRP             0.105       0.008       0.012       0.023                               0.001       0.015       0.025       0.059       0.094       0.006 3.774693E-4       0.004       0.002       0.011       0.011
p29_LPG       .29_WTRP             0.002                               0.005                                     7.720305E-6
p29_LPG       .30_ATRP       2.794878E-4                                                                                                                                     3.306021E-4
p29_LPG       .31_SER              0.380       0.125       0.111       0.016                               0.203       0.498       0.173       0.217       0.353       0.164       0.110       0.798       0.446       0.307       0.065
p30_NONBIOGASO.01_AGRICULT                     0.142                                           0.406       0.257       0.011       0.008       0.007       0.004       0.003       0.110       0.057                   0.024       0.073
p30_NONBIOGASO.02_COAL                                                                                     0.463                               0.001                                                                         1.060099E-5
p30_NONBIOGASO.03_OIL                                                                                      0.061                               0.008                                                                         5.312208E-5
p30_NONBIOGASO.05_MINING                                                                                   0.048       0.001 8.620212E-6       0.003       0.001 6.534537E-5       0.053                               0.028 7.976912E-5
p30_NONBIOGASO.06_FOODPRO                                                                                              0.003 6.575791E-5       0.010       0.012       0.003       0.386                               0.010       0.072
p30_NONBIOGASO.07_TEXTILES                                                                                             0.006                   0.037       0.001 1.903914E-4                                     4.294306E-6
p30_NONBIOGASO.08_WOODPRO                                                                                              0.001       0.001       0.016       0.006                   0.016                               0.048       0.007
p30_NONBIOGASO.09_PAPERPRO                                                                                       2.028398E-4 6.635968E-5       0.011                   0.001       0.103                         2.783797E-4
p30_NONBIOGASO.10_PETROLCOAL                         2.146478E-5                                           0.001       0.001                                                                                     2.094947E-4
p30_NONBIOGASO.11_CHEMICAL                                                                                       4.834218E-4       0.019       0.003       0.003                   0.015                         2.911983E-5
p30_NONBIOGASO.12_NONMET                                                                                         1.926840E-4 6.215576E-6       0.001       0.001 1.733243E-6       0.007                         1.299591E-5 1.204823E-5
p30_NONBIOGASO.13_IRONSTL                                                                                        2.199138E-5 2.122500E-5 4.350046E-4 8.708911E-5       0.004                                     1.861185E-5 6.305445E-6
p30_NONBIOGASO.14_NONFERR                                                                                                                2.443896E-4 1.557410E-4 9.101976E-5       0.019                                     9.370041E-5
p30_NONBIOGASO.15_MACHINE                                                                                              0.005       0.016       0.025       0.001                   0.059                               0.001
p30_NONBIOGASO.16_TRANSEQ                                                                                              0.015       0.015       0.079                               0.166                               0.147       1.000
p30_NONBIOGASO.17_OTHERIND                                                                                 0.298       0.019       0.001       0.047       0.035       0.002       0.009             5.823586E-5       0.012
p30_NONBIOGASO.22_eOil                                                                                                 0.001             9.473624E-6                         2.051855E-5
p30_NONBIOGASO.27_CONSTRUC                                                                                             0.054       0.018       0.021       0.006       0.001       0.020                               0.061       0.001
p30_NONBIOGASO.28_LTRP             0.313       0.591       0.625       0.626       0.655       0.422       0.723       0.530       0.267       0.224       0.481       0.534       0.543       0.504       0.372       0.560       0.475
p30_NONBIOGASO.29_WTRP                                                 0.023                               0.481       0.002       0.067       0.045                               0.122                               0.049       0.335
p30_NONBIOGASO.30_ATRP                                                                                                 0.003 8.409766E-5                                     1.260833E-4                         3.892570E-5
p30_NONBIOGASO.31_SER                                                                                      0.160       0.127       0.020       0.047       0.033       0.020       0.032                   0.001       0.092       0.020
p31_AVGAS     .01_AGRICULT                                                                                       5.548126E-5
p31_AVGAS     .06_FOODPRO                                                                                        7.419840E-6
p31_AVGAS     .17_OTHERIND                                                                                       4.394561E-7
p31_AVGAS     .30_ATRP       4.591133E-4                   0.001 1.794826E-4                               0.009       0.016       0.006       0.065       0.007       0.003       0.022                   0.019       0.002       0.018
p31_AVGAS     .31_SER              0.001                                                                                     8.803282E-5 2.558533E-5
p33_NONBIOJETK.01_AGRICULT                                                                                       2.775797E-5
p33_NONBIOJETK.05_MINING                                                                                               0.006
p33_NONBIOJETK.10_PETROLCOAL                                                                               0.001
p33_NONBIOJETK.11_CHEMICAL                                                                                                                                 0.001                                                 1.776116E-4
p33_NONBIOJETK.15_MACHINE                                                                                                          0.004       0.001
p33_NONBIOJETK.16_TRANSEQ    5.415162E-5                                                                                                       0.011
p33_NONBIOJETK.17_OTHERIND   2.509048E-4                                                                               0.002                         3.665771E-5             1.148301E-5
p33_NONBIOJETK.22_eOil                                                                                     0.002
p33_NONBIOJETK.27_CONSTRUC                                                                                                                           4.506417E-6
p33_NONBIOJETK.28_LTRP                                                                               9.375336E-5                                                                                                             2.663220E-4
p33_NONBIOJETK.30_ATRP             0.998       1.000       0.999       1.000       1.000                   0.991       0.980       0.994       0.935       0.766       0.997       0.966       1.000       0.981       0.998       0.982
p33_NONBIOJETK.31_SER              0.155                   0.072                                                 1.582858E-4       0.045       0.016       0.005                                                       0.026
p34_OTHKERO   .01_AGRICULT         0.099       0.012       0.113                         4.095022E-4       0.001 1.141800E-4       0.019 2.464563E-4       0.001       0.002       0.053                         3.626084E-4
p34_OTHKERO   .02_COAL                         0.003                                                                                     2.105713E-5
p34_OTHKERO   .03_OIL              0.005                                                                   0.001                                                                                                             2.722507E-4
p34_OTHKERO   .05_MINING           0.020       0.001       0.013                                           0.001       0.002       0.001 4.404177E-6                               0.001                         5.631509E-6
p34_OTHKERO   .06_FOODPRO          0.063       0.001       0.124                                                       0.002       0.012 3.161989E-6       0.013                   0.014                         3.778208E-4       0.004
p34_OTHKERO   .07_TEXTILES         0.095       0.004       0.207                                                             3.365210E-4                                           0.005
p34_OTHKERO   .08_WOODPRO          0.109                   0.247                                                                   0.001 1.076562E-5                         8.688022E-5                                           0.026
p34_OTHKERO   .09_PAPERPRO         0.026       0.001       0.032                                                             2.146736E-4 1.103088E-4       0.054                   0.005                               0.003
p34_OTHKERO   .10_PETROLCOAL                               0.003                                                       0.002                                                                                     1.346603E-7
p34_OTHKERO   .11_CHEMICAL         0.010 2.030715E-4       0.013                                                             7.497156E-5       0.001       0.001                   0.610                               0.001       0.011
p34_OTHKERO   .12_NONMET           0.002       0.001       0.030                                                             3.458937E-4 3.891904E-6       0.001                   0.001                               0.001
p34_OTHKERO   .13_IRONSTL    1.026816E-4 4.708998E-6       0.015                                                 1.263593E-6 4.248206E-5             3.625970E-5                                                       0.001
p34_OTHKERO   .14_NONFERR          0.002       0.001       0.094                                                                   0.001 9.019139E-5                                                                               0.001
p34_OTHKERO   .15_MACHINE          0.071       0.006       0.257                                                                   0.001 3.415589E-4                                                                   0.003
p34_OTHKERO   .16_TRANSEQ          0.005       0.021       0.122                                                                   0.066       0.001       0.006                   0.020
p34_OTHKERO   .17_OTHERIND         0.036 1.751528E-4       0.141                               0.135       0.008       0.005       0.085                   0.009       0.003       0.016                   0.001       0.004       0.007
p34_OTHKERO   .22_eOil       3.321759E-4                   0.008                                           0.003 3.274059E-4 1.397873E-4                         7.142021E-5       0.004
p34_OTHKERO   .27_CONSTRUC         0.014       0.024       0.091                               0.052 8.646535E-5             1.440640E-4 6.488800E-6                   0.005       0.038                         9.613463E-6
p34_OTHKERO   .28_LTRP       2.097942E-5                                                       0.068             6.339553E-5 1.086044E-7             5.508775E-5 1.499464E-4       0.001             3.240259E-7             1.073623E-5
p34_OTHKERO   .29_WTRP             0.013                                                                                     1.622636E-4
p34_OTHKERO   .30_ATRP       1.632383E-4                                                                                                             1.275599E-4
p34_OTHKERO   .31_SER              0.137       0.194       0.240                               0.035       0.031       0.005       0.067       0.002 2.107519E-4       0.067       0.095                   0.050       0.007 6.816639E-5
p35_NONBIODIES.01_AGRICULT         0.872       0.820       0.883       0.848       1.000       0.593       0.667       0.952       0.919       0.959       0.977       0.960       0.821       0.943       0.983       0.970       0.906
p35_NONBIODIES.02_COAL                         0.641                   1.000                               0.530                   1.000       0.990       1.000                                                                   0.999
p35_NONBIODIES.03_OIL              0.039       0.707                   0.996                               0.347       0.975       0.993       0.630       0.944       0.765       1.000                                           0.848
p35_NONBIODIES.05_MINING           0.891       0.696       0.970       0.948       1.000                   0.742       0.715       0.793       0.941       0.882       0.596       0.860       0.999       0.926       0.870       0.948
p35_NONBIODIES.06_FOODPRO          0.352       0.291       0.594       0.929                               0.710       0.413       0.400       0.377       0.543       0.489       0.318       0.714                   0.683       0.293
p35_NONBIODIES.07_TEXTILES         0.115       0.592       0.399       0.958                                           0.187       0.574       0.350       0.939       0.050       0.754       0.624       0.061       0.643       0.147
p35_NONBIODIES.08_WOODPRO          0.396       0.882       0.703       0.981                               0.885       0.030       0.762       0.824       0.818       0.671       0.791       0.985                   0.914       0.570
p35_NONBIODIES.09_PAPERPRO         0.231       0.605       0.179       0.411                               0.294       0.290       0.294       0.307       0.667       0.015       0.472       0.641                   0.583       0.071
p35_NONBIODIES.10_PETROLCOAL 8.915090E-5       0.005       0.003                                           0.002       0.015       0.002       0.001       0.004       0.008       0.007                               0.012
p35_NONBIODIES.11_CHEMICAL         0.039       0.009       0.056       0.387                                           0.048       0.060       0.031       0.091       0.330       0.047       0.539       0.095       0.095       0.918
p35_NONBIODIES.12_NONMET           0.218       0.212       0.217       0.716                               0.194       0.016       0.083       0.094       0.298       0.023       0.071       0.503       0.037       0.390       0.144
p35_NONBIODIES.13_IRONSTL          0.001       0.012       0.038                                                       0.015       0.036       0.012       0.046       0.183       0.322       0.015       0.027       0.122       0.040
p35_NONBIODIES.14_NONFERR          0.090       0.086       0.223                                           0.303       0.008       0.206       0.159       0.052       0.051       0.061                   0.215       0.498       0.133
p35_NONBIODIES.15_MACHINE          0.496       0.123       0.333       0.936                               0.275       0.009       0.582       0.486       0.544       0.037       0.325       0.189       0.362       0.655       0.675
p35_NONBIODIES.16_TRANSEQ          0.571       0.648       0.214       0.755                               0.526       0.928       0.690       0.556       0.390       0.986       0.110       0.235                   0.097
p35_NONBIODIES.17_OTHERIND         0.108       0.020       0.545       0.057       0.909       0.429       0.184       0.440       0.517       0.431       0.078       0.429       0.569       0.770       0.236       0.443       0.601
p35_NONBIODIES.22_eOil             0.056       0.017       0.066       0.194       0.978                   0.226       0.309       0.190       0.049       0.025       0.340       0.458       0.331       0.250       0.545       0.844
p35_NONBIODIES.27_CONSTRUC         0.938       0.777       0.894       0.985                   0.890       0.948       0.896       0.948       0.882       0.683       0.963       0.869       0.983       1.000       0.921       0.981
p35_NONBIODIES.28_LTRP             0.582       0.401       0.363       0.349       0.345       0.376       0.276       0.455       0.708       0.717       0.424       0.459       0.454       0.492       0.626       0.430       0.514
p35_NONBIODIES.29_WTRP             0.638       0.612       0.322       0.666                               0.433       0.551       0.700       0.955       1.000       0.198       0.869       0.959       0.642       0.885       0.435
p35_NONBIODIES.30_ATRP             0.001                                                                               0.001                         3.792052E-4                   0.011
p35_NONBIODIES.31_SER              0.307       0.584       0.556       0.889                   0.948       0.579       0.314       0.667       0.641       0.314       0.706       0.719       0.202       0.334       0.472       0.900
p36_RESFUEL   .01_AGRICULT         0.025       0.001                   0.136                   0.001       0.010       0.016       0.006       0.003       0.005       0.008       0.014                   0.014       0.005
p36_RESFUEL   .02_COAL                         0.001                                                       0.007                               0.006                                                                               0.001
p36_RESFUEL   .03_OIL              0.095       0.015                                                       0.003       0.020       0.007
p36_RESFUEL   .05_MINING           0.054       0.003 2.211407E-4       0.038                               0.120       0.166       0.125       0.021       0.008       0.394       0.078       0.001       0.074       0.101       0.005
p36_RESFUEL   .06_FOODPRO          0.291       0.024       0.016 3.394327E-4                               0.085       0.155       0.222       0.211       0.195       0.454       0.237       0.095       1.000       0.249       0.069
p36_RESFUEL   .07_TEXTILES         0.685       0.188       0.132       0.001                                           0.276       0.238       0.256       0.004       0.757       0.086       0.012       0.932       0.315       0.271
p36_RESFUEL   .08_WOODPRO          0.436       0.030       0.039       0.011                               0.019       0.931       0.150       0.062       0.175                   0.193                               0.024       0.283
p36_RESFUEL   .09_PAPERPRO         0.511       0.260       0.562       0.575                               0.504       0.595       0.452       0.506       0.236       0.975       0.420                               0.349
p36_RESFUEL   .10_PETROLCOAL       0.056       0.006       0.136                               1.000 2.859446E-4       0.131       0.057       0.148       0.107       0.250       0.066                   0.013       0.250       0.030
p36_RESFUEL   .11_CHEMICAL         0.317       0.003       0.062       0.095                                           0.036       0.113       0.084       0.077       0.047       0.249       0.152       0.123       0.184       0.030
p36_RESFUEL   .12_NONMET           0.441       0.064       0.214       0.133                               0.032       0.020       0.043       0.019       0.062       0.074       0.123       0.175       0.104       0.526       0.049
p36_RESFUEL   .13_IRONSTL          0.002 1.462990E-4       0.013       0.014                                           0.013       0.039                   0.105                   0.005       0.005       0.040       0.276       0.009
p36_RESFUEL   .14_NONFERR          0.576       0.035       0.177                                                       0.462       0.284       0.306       0.018       0.324       0.679                   0.785       0.286       0.071
p36_RESFUEL   .15_MACHINE          0.074       0.009       0.001       0.003                                     4.113452E-4       0.133       0.034       0.172                   0.278       0.066       0.562       0.110 5.728985E-5
p36_RESFUEL   .16_TRANSEQ          0.312       0.028       0.024       0.121                               0.166       0.014       0.042       0.003       0.036                   0.008       0.033                   0.315
p36_RESFUEL   .17_OTHERIND         0.118       0.002       0.105                               0.436       0.012       0.208       0.043       0.045       0.849       0.529       0.362       0.145       0.094       0.109       0.067
p36_RESFUEL   .22_eOil             0.230       0.042       0.298       0.486       0.022       1.000       0.292       0.595       0.386       0.286       0.503       0.659       0.519       0.669       0.656       0.390       0.045
p36_RESFUEL   .27_CONSTRUC         0.021       0.046                   0.005                   0.058       0.001       0.020       0.017       0.017       0.069       0.012       0.070                               0.009       0.011
p36_RESFUEL   .28_LTRP       1.152099E-4                               0.002                   0.134             1.163416E-5 1.705599E-7             2.315547E-5 3.740267E-5       0.001             3.975057E-4 4.082818E-6 4.467836E-5
p36_RESFUEL   .29_WTRP             0.346       0.388       0.678       0.306                               0.087       0.446       0.233                               0.802       0.009       0.041       0.358       0.067       0.230
p36_RESFUEL   .30_ATRP       1.285626E-5
p36_RESFUEL   .31_SER              0.020       0.081       0.008       0.095                   0.018       0.027       0.054       0.024       0.038       0.201       0.043       0.040                   0.142       0.093       0.015
p37_NAPHTHA   .10_PETROLCOAL                               0.002                                     1.239122E-5       0.006                                           0.008                                           0.008
p37_NAPHTHA   .11_CHEMICAL                                 0.674                                                       0.067       0.129       0.110                                                       0.777
p37_NAPHTHA   .17_OTHERIND                                                                                       3.955105E-6       0.013                                           0.009                   0.007       0.003
p37_NAPHTHA   .22_eOil             0.233             1.920691E-4                                                                                                                                           0.012
p38_WHITESP   .05_MINING                                                                                                     2.795744E-5
p38_WHITESP   .06_FOODPRO                                                                                                    4.611266E-6
p38_WHITESP   .09_PAPERPRO                           7.179155E-5
p38_WHITESP   .10_PETROLCOAL                         2.069663E-5
p38_WHITESP   .11_CHEMICAL                           2.545940E-5                                                             1.559633E-7       0.003
p38_WHITESP   .12_NONMET                             1.022522E-4                                                                                     2.496243E-5
p38_WHITESP   .13_IRONSTL                            2.135962E-4
p38_WHITESP   .14_NONFERR                            8.546981E-5
p38_WHITESP   .15_MACHINE                                  0.024                                                                   0.002       0.001
p38_WHITESP   .16_TRANSEQ                                  0.061                                                                   0.002
p38_WHITESP   .17_OTHERIND                                                                                                   1.942366E-5             5.990406E-5                   0.002
p38_WHITESP   .27_CONSTRUC                                                                                                   1.645409E-4 5.610903E-5 5.275805E-5
p38_WHITESP   .28_LTRP                                                                                                       4.753119E-5
p38_WHITESP   .31_SER                                                                                                        1.584552E-5
p39_LUBRIC    .01_AGRICULT                                 0.004                                                 2.773716E-7
p39_LUBRIC    .03_OIL                                                                                                                                      0.002
p39_LUBRIC    .06_FOODPRO                                                                                        5.856727E-5
p39_LUBRIC    .10_PETROLCOAL                               0.011                                     2.326260E-5 7.896485E-5 9.557923E-6
p39_LUBRIC    .11_CHEMICAL                                                                                                                                 0.001
p39_LUBRIC    .12_NONMET                                                                                                                                   0.001
p39_LUBRIC    .15_MACHINE                                                                                                                                  0.021
p39_LUBRIC    .17_OTHERIND                                                                                       4.087963E-7                   0.121
p39_LUBRIC    .27_CONSTRUC                                                                                                                                 0.001
p39_LUBRIC    .28_LTRP                                                                                                                               1.803342E-4
p39_LUBRIC    .29_WTRP                                                                                           4.314069E-4
p39_LUBRIC    .31_SER                                                                                            1.391279E-7                               0.020
p40_BITUMEN   .10_PETROLCOAL                               0.062                                     8.261467E-5       0.006 8.809499E-6
p40_BITUMEN   .12_NONMET                                                                                                                                   0.371
p40_BITUMEN   .22_eOil                                     0.169
p40_BITUMEN   .27_CONSTRUC                                                                                                                                 0.220             1.717633E-4
p40_BITUMEN   .28_LTRP                                                                                                                               7.401486E-5
p42_PETCOKE   .03_OIL              0.107                                                                   0.193
p42_PETCOKE   .05_MINING                                                                                               0.067       0.016                   0.019
p42_PETCOKE   .06_FOODPRO                                                                                              0.082       0.001       0.003             3.077238E-4
p42_PETCOKE   .09_PAPERPRO                                 0.088                                           0.070                   0.005       0.003
p42_PETCOKE   .10_PETROLCOAL       0.054                   0.034                                           0.387       0.011       0.126       0.126                               0.001                               0.052       0.127
p42_PETCOKE   .11_CHEMICAL                                 0.065                                           0.826       0.045       0.004       0.115       0.072
p42_PETCOKE   .12_NONMET           0.312                   0.246                                           0.754       0.932       0.798       0.723       0.079       0.841       0.783                   0.859
p42_PETCOKE   .13_IRONSTL                                  0.092                                           0.002       0.052       0.007       0.003       0.007
p42_PETCOKE   .14_NONFERR                                  0.007                                           0.663       0.295       0.221       0.017       0.450       0.062
p42_PETCOKE   .15_MACHINE                                                                                  0.345       0.790
p42_PETCOKE   .17_OTHERIND                     0.275                   0.942                               0.275       0.118       0.093                               0.005 4.194042E-4                   0.650       0.015
p42_PETCOKE   .22_eOil             0.193       0.175       0.084                                           0.272       0.056       0.003       0.045
p42_PETCOKE   .28_LTRP                                                                                                       8.801329E-7
p42_PETCOKE   .31_SER                                                                                                                    6.587208E-5
p43_ONONSPEC  .01_AGRICULT                                                                                                                     0.001
p43_ONONSPEC  .02_COAL                         0.002                                                                                           0.003                                                                         1.212767E-4
p43_ONONSPEC  .03_OIL                          0.275                                                                                           0.006
p43_ONONSPEC  .05_MINING                       0.001                                                                               0.001       0.001                         4.075570E-4                                           0.023
p43_ONONSPEC  .06_FOODPRO                      0.004                                                                         1.617101E-4       0.034                               0.005                                           0.398
p43_ONONSPEC  .07_TEXTILES                     0.049                                                                                           0.037
p43_ONONSPEC  .09_PAPERPRO                     0.012       0.031                                                                   0.036       0.024                                                                               0.876
p43_ONONSPEC  .10_PETROLCOAL                   0.405       0.026                                     3.069570E-4       0.084       0.028       0.036                   0.010                                           0.003       0.033
p43_ONONSPEC  .11_CHEMICAL                     0.333       0.057                                                       0.650       0.007       0.053       0.047
p43_ONONSPEC  .12_NONMET                       0.008       0.113                                                                   0.025       0.002       0.006                   0.014                                           0.208
p43_ONONSPEC  .13_IRONSTL                1.787614E-4                                                                                     8.885765E-6 2.858294E-4                   0.002                               0.005       0.012
p43_ONONSPEC  .14_NONFERR                      0.012       0.080                                                                   0.019                   0.006                                                                   0.547
p43_ONONSPEC  .15_MACHINE                      0.013 1.593618E-5                                                                   0.004       0.004                                                                         1.661406E-4
p43_ONONSPEC  .16_TRANSEQ                      0.036                                                                               0.003       0.037       0.225
p43_ONONSPEC  .17_OTHERIND                     0.660                                                                   0.019       0.002 2.626419E-4       0.009       0.016       0.001                   0.003       0.359       0.011
p43_ONONSPEC  .22_eOil             0.042       0.016       0.027       0.114                               0.027       0.008       0.232       0.001       0.094                   0.005                               0.001       0.064
p43_ONONSPEC  .27_CONSTRUC                     0.117                                                                         3.800928E-4                   0.002                   0.003                                     2.063549E-5
p43_ONONSPEC  .28_LTRP                                                                                           2.808915E-6 1.847732E-7                               0.001                                                 1.751700E-5
p43_ONONSPEC  .29_WTRP                                                                                                       4.581933E-7
p43_ONONSPEC  .30_ATRP                                                                                                                                     0.226 9.127335E-5
p43_ONONSPEC  .31_SER                                                                                                  0.003 9.206773E-5       0.005       0.073                   0.003                   0.028       0.003 2.493892E-5


----   2460 PARAMETER OilpR_CO  Household consumption ratio of petrolcoal products in region z

                    01_KOR      02_CHN      03_JPN      04_RUS      06_PRK      07_NAM      08_LAM      09_WEU      10_EEU      11_FSU      12_MEA      13_AFR      14_CPA      15_SAS      16_PAS      17_PAO

p9_OVENCOKE                      0.002                                                             2.241812E-4       0.028
p14_COKEOVGS                     0.007
p29_LPG              0.239       0.899       0.409       0.833                   0.307       0.980       0.153       0.783       0.387       0.780       0.616       0.991       0.915       0.958       0.994
p30_NONBIOGASO                                                                         3.335384E-4       0.010       0.003       0.118                   0.003                         6.335160E-5 2.341474E-5
p34_OTHKERO          0.520       0.012       0.591                               0.020       0.019       0.092                   0.035       0.193       0.308       0.009       0.083       0.041
p35_NONBIODIES       0.180       0.080                   0.166       1.000       0.673       0.001       0.744       0.168       0.444       0.026       0.073                   0.002       0.001       0.006
p36_RESFUEL          0.061                               0.001                         4.886799E-4 1.837404E-4                   0.001                                     4.608742E-7
p39_LUBRIC                                                                                                                 4.914884E-4
p41_PARWAX                                                                                                                             8.923026E-5
p42_PETCOKE                                                                                              0.001       0.017
p43_ONONSPEC                                                                                                                     0.014             3.682724E-4


----   2505 PARAMETER Elec_DIO  Intermediate consumption of electricity by industry j in region z

                              01_KOR      02_CHN      03_JPN      04_RUS      05_MNG      06_PRK      07_NAM      08_LAM      09_WEU      10_EEU      11_FSU      12_MEA      13_AFR      14_CPA      15_SAS      16_PAS      17_PAO

p63_ELECTR.01_AGRICULT      1469.152   11489.252     281.946    1694.626       6.217      17.495    7373.503    4586.749    5617.593     558.032    2507.285    5868.486     652.570     570.490   19172.919     833.999     405.777
p63_ELECTR.02_COAL                      8828.547                 754.523                             808.790      39.573     229.458     752.075     222.229                 285.177                                         549.483
p63_ELECTR.04_GAS                       5333.534                8878.100                            7236.707    1685.979    1126.433     196.103    1152.085     342.420      17.012                              52.448     688.766
p63_ELECTR.05_MINING         153.487   11313.242      92.769    2510.851                            4532.637    4903.559    1443.191     502.296    1523.640     534.761    3151.209     634.566    2201.427      95.664    1805.599
p63_ELECTR.06_FOODPRO       1009.612   11400.172    2169.772    1428.134                            7178.505    4181.644   10188.948    1753.015     887.562     557.770     254.790    1610.232    6265.169    2290.055     759.199
p63_ELECTR.07_TEXTILES       915.633   18474.205     331.291     132.330                            1431.426     908.591    3038.500     323.490     315.666     161.607      71.647    1315.219     153.678    1453.329      24.543
p63_ELECTR.08_WOODPRO        157.645    3393.637     263.565     386.784                            1850.604      68.830    1835.203     650.654     134.396      52.651      61.516     448.237     391.757     285.057     183.562
p63_ELECTR.09_PAPERPRO       884.260    7529.321    2936.832    1561.892                            9801.966    3352.075    9566.381    1033.432     151.849      54.111     103.094     285.899    1127.383     760.698     432.313
p63_ELECTR.10_PETROLCOAL    1240.975   10308.942     905.234    2599.785                            5575.234     718.019    3024.303     569.700     279.122    1668.156    1015.829                 456.574     224.461     121.997
p63_ELECTR.11_CHEMICAL      4554.067   54086.329    4832.687    4098.151                           12498.029    3978.706   15028.834    2123.070    1482.979                 735.427     908.168    1560.078    4743.906     371.168
p63_ELECTR.12_NONMET        1070.690   32335.684    1459.235    1456.638                            3031.503    2667.381    5990.599    1447.315     687.463                 322.445    1020.120     143.716    1649.840     300.453
p63_ELECTR.13_IRONSTL       4555.670   55543.250    5793.947    5337.665                            5586.895    4710.929   10870.959    1536.677    3738.133     508.837    1646.348    1508.082    8374.816    2640.034     410.514
p63_ELECTR.14_NONFERR        748.721   57383.233     975.596    8006.497                            8785.990    3149.050    7899.614    1183.808    1732.498    1437.059    2676.915                 919.409     194.391    3226.686
p63_ELECTR.15_MACHINE       6792.512   47630.696    5540.565    1629.269                            8962.468      71.113    9740.332    1798.701     465.229     310.721       5.825    1062.855     509.816    7636.224     125.226
p63_ELECTR.16_TRANSEQ       2236.205   10297.421    2301.706    1115.546                            3784.674     422.332    3836.135    1023.989     110.321      56.418       4.795      70.163    1198.221     245.398       2.443
p63_ELECTR.17_OTHERIND       359.933   19149.097    1900.495     562.537     365.365     583.938    9162.300   19938.024    8888.704    1343.572     865.649   21194.728    5795.962    1214.015   28421.285   18769.103      59.400
p63_ELECTR.27_CONSTRUC                  8522.700     467.237    1055.959                  11.311    4036.313     112.174    2399.521     338.762     338.147                  71.717     231.384      14.370     143.317     226.877
p63_ELECTR.28_LTRP           267.474   14246.091    1487.871    7018.753                  26.269    1854.849     568.010    5282.137     819.114    1273.326     266.614     270.508                1646.690     484.409     547.165
p63_ELECTR.31_SER          14068.070  106629.165   27220.889   13144.359      75.933     115.326  146763.109   28080.817   70603.285   10924.761    5561.528   34768.170    6570.638    2523.562   19106.280   23810.017    7005.677
p64_HEAT  .01_AGRICULT                    16.691                2541.878       5.320                                         221.161      68.312     557.881
p64_HEAT  .02_COAL                       168.506                 453.539                                                                 108.991      77.264
p64_HEAT  .04_GAS                       1189.340                2519.860                                                       1.679       0.319     760.963
p64_HEAT  .05_MINING                     641.989                 854.397                                                      57.189      90.156     584.256
p64_HEAT  .06_FOODPRO        129.589    4927.916                4151.737                             528.962                1226.998     246.442    1476.283                                                      24.611
p64_HEAT  .07_TEXTILES       443.646    7929.378                 946.607                             139.363                 110.128      42.025      97.216                                                      44.576
p64_HEAT  .08_WOODPRO         10.426     174.981                1260.325                             242.473                 357.609     263.281     183.420
p64_HEAT  .09_PAPERPRO       270.271    5231.883                4220.434                             553.271                2110.196     164.938     303.622                                                       5.540
p64_HEAT  .10_PETROLCOAL      29.447   15152.587                9185.784                            1474.851                1899.111      63.324     541.249                                                     421.415
p64_HEAT  .11_CHEMICAL      2061.844   39860.036               12395.988                            3173.077                6864.858    1278.389    1504.013                                                    1596.101
p64_HEAT  .12_NONMET           2.844     601.562                2116.682                               3.565                 227.990      53.078     181.713                                                       0.001
p64_HEAT  .13_IRONSTL          5.605    4650.984                6063.835                             176.370                 309.654     252.959    2062.213                                                       4.606
p64_HEAT  .14_NONFERR          0.055    5220.698                                                      93.472                  96.535      48.844     305.189                                                       5.167
p64_HEAT  .15_MACHINE          3.862    1172.640                1663.211                              86.422                 466.067     158.296     193.996                                                      37.203
p64_HEAT  .16_TRANSEQ          7.226     871.601                2003.997                             115.282                 449.719     124.277      83.260                                                       5.167
p64_HEAT  .17_OTHERIND       249.845     805.384                             291.400                 180.558                2656.793     116.631     556.350                                                       0.175
p64_HEAT  .27_CONSTRUC                   549.400                 448.224                               0.788                  19.395      26.881     206.955
p64_HEAT  .31_SER            318.678    7899.102     514.967   18901.060     406.720                1292.759                7859.020    2684.401    8023.234                                                       1.052


----   2505 PARAMETER Elec_CO  Household consumption of electricity in region z

                01_KOR      02_CHN      03_JPN      04_RUS      05_MNG      06_PRK      07_NAM      08_LAM      09_WEU      10_EEU      11_FSU      12_MEA      13_AFR      14_CPA      15_SAS      16_PAS      17_PAO

p63_ELECTR    5796.888   91463.543   21673.444   13833.001     141.178     118.163  138450.285   32545.578   70843.594   10686.409    8680.688   44586.597   10190.004    6047.377   35639.772   24735.423    6137.989
p64_HEAT      1994.001   30771.006      25.728   47677.505     407.320                                       14047.003    8265.320    6961.017


----   2505 PARAMETER ElecR_DIO  Intermediate consumption ratio of electricity by industry j in region z

                              01_KOR      02_CHN      03_JPN      04_RUS      05_MNG      06_PRK      07_NAM      08_LAM      09_WEU      10_EEU      11_FSU      12_MEA      13_AFR      14_CPA      15_SAS      16_PAS      17_PAO

p63_ELECTR.01_AGRICULT         1.000       0.999       1.000       0.400       0.539       1.000       1.000       1.000       0.962       0.891       0.818       1.000       1.000       1.000       1.000       1.000       1.000
p63_ELECTR.02_COAL                         0.981                   0.625                               1.000       1.000       1.000       0.873       0.742                   1.000                                           1.000
p63_ELECTR.04_GAS                          0.818                   0.779                               1.000       1.000       0.999       0.998       0.602       1.000       1.000                               1.000       1.000
p63_ELECTR.05_MINING           1.000       0.946       1.000       0.746                               1.000       1.000       0.962       0.848       0.723       1.000       1.000       1.000       1.000       1.000       1.000
p63_ELECTR.06_FOODPRO          0.886       0.698       1.000       0.256                               0.931       1.000       0.893       0.877       0.375       1.000       1.000       1.000       1.000       0.989       1.000
p63_ELECTR.07_TEXTILES         0.674       0.700       1.000       0.123                               0.911       1.000       0.965       0.885       0.765       1.000       1.000       1.000       1.000       0.970       1.000
p63_ELECTR.08_WOODPRO          0.938       0.951       1.000       0.235                               0.884       1.000       0.837       0.712       0.423       1.000       1.000       1.000       1.000       1.000       1.000
p63_ELECTR.09_PAPERPRO         0.766       0.590       1.000       0.270                               0.947       1.000       0.819       0.862       0.333       1.000       1.000       1.000       1.000       0.993       1.000
p63_ELECTR.10_PETROLCOAL       0.977       0.405       1.000       0.221                               0.791       1.000       0.614       0.900       0.340       1.000       1.000                   1.000       0.348       1.000
p63_ELECTR.11_CHEMICAL         0.688       0.576       1.000       0.248                               0.798       1.000       0.686       0.624       0.496                   1.000       1.000       1.000       0.748       1.000
p63_ELECTR.12_NONMET           0.997       0.982       1.000       0.408                               0.999       1.000       0.963       0.965       0.791                   1.000       1.000       1.000       1.000       1.000
p63_ELECTR.13_IRONSTL          0.999       0.923       1.000       0.468                               0.969       1.000       0.972       0.859       0.644       1.000       1.000       1.000       1.000       0.998       1.000
p63_ELECTR.14_NONFERR          1.000       0.917       1.000       1.000                               0.989       1.000       0.988       0.960       0.850       1.000       1.000                   1.000       0.974       1.000
p63_ELECTR.15_MACHINE          0.999       0.976       1.000       0.495                               0.990       1.000       0.954       0.919       0.706       1.000       1.000       1.000       1.000       0.995       1.000
p63_ELECTR.16_TRANSEQ          0.997       0.922       1.000       0.358                               0.970       1.000       0.895       0.892       0.570       1.000       1.000       1.000       1.000       0.979       1.000
p63_ELECTR.17_OTHERIND         0.590       0.960       1.000       1.000       0.556       1.000       0.981       1.000       0.770       0.920       0.609       1.000       1.000       1.000       1.000       1.000       1.000
p63_ELECTR.27_CONSTRUC                     0.939       1.000       0.702                   1.000       1.000       1.000       0.992       0.926       0.620                   1.000       1.000       1.000       1.000       1.000
p63_ELECTR.28_LTRP             1.000       1.000       1.000       1.000                   1.000       1.000       1.000       1.000       1.000       1.000       1.000       1.000                   1.000       1.000       1.000
p63_ELECTR.31_SER              0.978       0.931       0.981       0.410       0.157       1.000       0.991       1.000       0.900       0.803       0.409       1.000       1.000       1.000       1.000       1.000       1.000
p64_HEAT  .01_AGRICULT                     0.001                   0.600       0.461                                           0.038       0.109       0.182
p64_HEAT  .02_COAL                         0.019                   0.375                                                                   0.127       0.258
p64_HEAT  .04_GAS                          0.182                   0.221                                                       0.001       0.002       0.398
p64_HEAT  .05_MINING                       0.054                   0.254                                                       0.038       0.152       0.277
p64_HEAT  .06_FOODPRO          0.114       0.302                   0.744                               0.069                   0.107       0.123       0.625                                                       0.011
p64_HEAT  .07_TEXTILES         0.326       0.300                   0.877                               0.089                   0.035       0.115       0.235                                                       0.030
p64_HEAT  .08_WOODPRO          0.062       0.049                   0.765                               0.116                   0.163       0.288       0.577
p64_HEAT  .09_PAPERPRO         0.234       0.410                   0.730                               0.053                   0.181       0.138       0.667                                                       0.007
p64_HEAT  .10_PETROLCOAL       0.023       0.595                   0.779                               0.209                   0.386       0.100       0.660                                                       0.652
p64_HEAT  .11_CHEMICAL         0.312       0.424                   0.752                               0.202                   0.314       0.376       0.504                                                       0.252
p64_HEAT  .12_NONMET           0.003       0.018                   0.592                               0.001                   0.037       0.035       0.209                                                 8.485665E-7
p64_HEAT  .13_IRONSTL          0.001       0.077                   0.532                               0.031                   0.028       0.141       0.356                                                       0.002
p64_HEAT  .14_NONFERR    7.398737E-5       0.083                                                       0.011                   0.012       0.040       0.150                                                       0.026
p64_HEAT  .15_MACHINE          0.001       0.024                   0.505                               0.010                   0.046       0.081       0.294                                                       0.005
p64_HEAT  .16_TRANSEQ          0.003       0.078                   0.642                               0.030                   0.105       0.108       0.430                                                       0.021
p64_HEAT  .17_OTHERIND         0.410       0.040                               0.444                   0.019                   0.230       0.080       0.391                                                 9.329075E-6
p64_HEAT  .27_CONSTRUC                     0.061                   0.298                         1.952391E-4                   0.008       0.074       0.380
p64_HEAT  .31_SER              0.022       0.069       0.019       0.590       0.843                   0.009                   0.100       0.197       0.591                                                 4.416853E-5


----   2505 PARAMETER ElecR_CO  Household consumption ratio of electricity in region z

                01_KOR      02_CHN      03_JPN      04_RUS      05_MNG      06_PRK      07_NAM      08_LAM      09_WEU      10_EEU      11_FSU      12_MEA      13_AFR      14_CPA      15_SAS      16_PAS      17_PAO

p63_ELECTR       0.744       0.748       0.999       0.225       0.257       1.000       1.000       1.000       0.835       0.564       0.555       1.000       1.000       1.000       1.000       1.000       1.000
p64_HEAT         0.256       0.252       0.001       0.775       0.743                                           0.165       0.436       0.445


----   2533 PARAMETER NCoal_DIO  Intermediate consumption of non energy coal products by industry j in region z

                             01_KOR      03_JPN      04_RUS      08_LAM      09_WEU      10_EEU      13_AFR

p3_ANTCOAL .11_CHEMICAL                                                      17.275
p5_BITCOAL .11_CHEMICAL                   0.271     182.631                               3.050    1048.274
p11_COALTAR.11_CHEMICAL     517.708     716.402                             295.004     345.737
p11_COALTAR.31_SER                                              208.815                   0.573
p16_OGASES .11_CHEMICAL                                                                  23.706


----   2533 PARAMETER NCoalR_DIO  Intermediate consumption ratio of non energy coal products by industry j in region z

                             01_KOR      03_JPN      04_RUS      08_LAM      09_WEU      10_EEU      13_AFR

p3_ANTCOAL .11_CHEMICAL                                                       0.055
p5_BITCOAL .11_CHEMICAL             3.774387E-4       1.000                               0.008       1.000
p11_COALTAR.11_CHEMICAL       1.000       1.000                               0.945       0.928
p11_COALTAR.31_SER                                                1.000                   1.000
p16_OGASES .11_CHEMICAL                                                                   0.064


----   2561 PARAMETER NGas_DIO  Intermediate consumption of non energy gas products by industry j in region z

                            02_CHN      03_JPN      04_RUS      07_NAM      08_LAM      09_WEU      10_EEU      11_FSU      12_MEA      13_AFR      15_SAS      16_PAS      17_PAO

p20_NATGAS.11_CHEMICAL    8704.871     215.974   45447.474   26423.925   11949.859   11882.306    4873.984    3146.738   34092.515    1317.210   25525.167   16929.988    2180.587
p20_NATGAS.13_IRONSTL                                                                                            0.817
p20_NATGAS.15_MACHINE                                                                                0.989
p20_NATGAS.17_OTHERIND                                                                                          96.926
p23_NGL   .11_CHEMICAL                  41.888                8507.705                1468.430                                                                 644.159
p23_NGL   .17_OTHERIND                                                                                           2.002


----   2561 PARAMETER NGasR_DIO  Intermediate consumption ratio of non energy gas products by industry j in region z

                            02_CHN      03_JPN      04_RUS      07_NAM      08_LAM      09_WEU      10_EEU      11_FSU      12_MEA      13_AFR      15_SAS      16_PAS      17_PAO

p20_NATGAS.11_CHEMICAL       1.000       0.838       1.000       0.756       1.000       0.890       1.000       1.000       1.000       1.000       1.000       0.963       1.000
p20_NATGAS.13_IRONSTL                                                                                            1.000
p20_NATGAS.15_MACHINE                                                                                1.000
p20_NATGAS.17_OTHERIND                                                                                           0.980
p23_NGL   .11_CHEMICAL                   0.162                   0.244                   0.110                                                                   0.037
p23_NGL   .17_OTHERIND                                                                                           0.020


----   2589 PARAMETER NOil_DIO  Intermediate consumption of non energy oil by industry j in region z

                              11_FSU      16_PAS

p22_CRUDEOIL.11_CHEMICAL                2482.946
p22_CRUDEOIL.17_OTHERIND       3.015
p22_CRUDEOIL.27_CONSTRUC       2.010
p22_CRUDEOIL.31_SER            1.005


----   2589 PARAMETER NOilR_DIO  Intermediate consumption ratio of non-energy oil by industry j in region z

                              11_FSU      16_PAS

p22_CRUDEOIL.11_CHEMICAL                   1.000
p22_CRUDEOIL.17_OTHERIND       1.000
p22_CRUDEOIL.27_CONSTRUC       1.000
p22_CRUDEOIL.31_SER            1.000


----   2617 PARAMETER NOilp_DIO  Intermediate consumption of non energy oilproducts by industry j in region z

                                01_KOR      02_CHN      03_JPN      04_RUS      07_NAM      08_LAM      09_WEU      10_EEU      11_FSU      12_MEA      13_AFR      14_CPA      15_SAS      16_PAS      17_PAO

p9_OVENCOKE   .11_CHEMICAL                              77.998                                          21.415
p14_COKEOVGS  .11_CHEMICAL                               1.287
p27_REFINGAS  .11_CHEMICAL                 553.852                             809.858                 214.081                  55.114
p28_ETHANE    .11_CHEMICAL                                                   46804.709    3336.114    2213.308                           38011.522                                        2486.392     503.778
p29_LPG       .05_MINING                                                                                15.382
p29_LPG       .07_TEXTILES                                                                                           0.022
p29_LPG       .11_CHEMICAL    4580.828    6046.728    3747.818    8916.977   33109.178      66.037   13852.021     778.472     165.831   16315.075                                        4983.620     148.643
p29_LPG       .13_IRONSTL                                                                                            0.001
p29_LPG       .15_MACHINE                                                                                            0.102
p29_LPG       .16_TRANSEQ                                                                                            0.001
p29_LPG       .17_OTHERIND                                                                  35.500                   0.415
p29_LPG       .27_CONSTRUC                                                                                           0.002
p30_NONBIOGASO.05_MINING                                                                                                         0.002
p30_NONBIOGASO.11_CHEMICAL                  22.145                                                    2784.943                   0.005
p30_NONBIOGASO.12_NONMET                                                                                                         0.003
p30_NONBIOGASO.17_OTHERIND                                                                             113.500
p30_NONBIOGASO.27_CONSTRUC                                                                                                       0.008
p33_NONBIOJETK.17_OTHERIND                                                                                           0.005
p34_OTHKERO   .11_CHEMICAL                  12.051     630.802                               2.073     216.975                   3.908
p34_OTHKERO   .12_NONMET                                                                                 0.088       0.003
p34_OTHKERO   .13_IRONSTL                                                                                0.090
p34_OTHKERO   .14_NONFERR                                                                                0.418
p34_OTHKERO   .15_MACHINE                                                                                0.168       0.007
p34_OTHKERO   .16_TRANSEQ                                                                                            0.002
p34_OTHKERO   .17_OTHERIND                                                                   2.715      13.351
p34_OTHKERO   .27_CONSTRUC                                                                               0.021                                                                                           4.678
p34_OTHKERO   .28_LTRP                                                                                               0.079      16.509
p34_OTHKERO   .31_SER                                                                        5.731       1.800                               6.621
p35_NONBIODIES.05_MINING                                                                                                         1.027
p35_NONBIODIES.06_FOODPRO                                                                                            0.003       0.018
p35_NONBIODIES.08_WOODPRO                                                                                            0.007
p35_NONBIODIES.11_CHEMICAL                 177.478     125.123                3955.977                1235.655      12.212       3.519
p35_NONBIODIES.12_NONMET                                                                                             0.013       0.041
p35_NONBIODIES.13_IRONSTL                                                                                            0.046
p35_NONBIODIES.15_MACHINE                                                                                            0.003
p35_NONBIODIES.16_TRANSEQ                                                                                            0.021
p35_NONBIODIES.17_OTHERIND                                                                                           0.055
p35_NONBIODIES.27_CONSTRUC                                                                                           0.019       0.003
p35_NONBIODIES.28_LTRP                                                                                               0.148
p35_NONBIODIES.31_SER                                                                                                0.005       0.508
p36_RESFUEL   .07_TEXTILES                                                                                                       0.955
p36_RESFUEL   .11_CHEMICAL                 313.000     421.246                               0.687     818.275                  13.949                                         372.446
p36_RESFUEL   .14_NONFERR                                                                                3.821
p37_NAPHTHA   .06_FOODPRO                                                                                            0.471
p37_NAPHTHA   .11_CHEMICAL   43663.668   61292.169   22573.370    9274.690   11975.703    8440.642   29079.816    3667.005     248.968   14393.805      51.296                9717.433   39381.019
p37_NAPHTHA   .14_NONFERR                                                                                            0.095
p37_NAPHTHA   .17_OTHERIND                                                                                                       0.313                                                                   2.746
p38_WHITESP   .05_MINING         0.141                                          23.622                   1.065       0.004
p38_WHITESP   .06_FOODPRO                                                                                1.041       0.568
p38_WHITESP   .07_TEXTILES       0.992                                                                   3.125       0.001
p38_WHITESP   .08_WOODPRO                                                       57.514                               0.106
p38_WHITESP   .09_PAPERPRO       7.377                                           1.027                   2.083       0.001
p38_WHITESP   .11_CHEMICAL     129.662     873.288                 760.199     515.573                 182.331      51.037       0.786
p38_WHITESP   .12_NONMET                                                        11.297                   1.041       0.555
p38_WHITESP   .13_IRONSTL        0.148                                          72.920                   0.010       0.003
p38_WHITESP   .14_NONFERR        0.165                                                                               0.446
p38_WHITESP   .15_MACHINE        0.896                                          99.623                   2.917       0.225
p38_WHITESP   .16_TRANSEQ                                                       18.487                   1.567       0.046
p38_WHITESP   .17_OTHERIND      26.600                                         562.623                 430.776      16.339                   5.794
p38_WHITESP   .27_CONSTRUC                                                                              26.180       0.003
p38_WHITESP   .28_LTRP           0.004                                         501.194                                                                  13.713
p38_WHITESP   .31_SER           32.331                                         242.381                  77.964      73.763                   0.303      20.291                   1.705
p39_LUBRIC    .05_MINING                                 3.753                 144.454                   6.993      12.060      10.769
p39_LUBRIC    .06_FOODPRO                                                                               28.405       5.010       2.178
p39_LUBRIC    .07_TEXTILES                                                                              18.762       4.594       0.054
p39_LUBRIC    .08_WOODPRO                                                      209.659                   3.960       5.291       1.003
p39_LUBRIC    .09_PAPERPRO                                                       3.010                   9.748       5.091       0.004
p39_LUBRIC    .11_CHEMICAL                                                    1369.303                  82.020       9.936     109.352
p39_LUBRIC    .12_NONMET                                                        29.091                  10.146       7.586       2.349
p39_LUBRIC    .13_IRONSTL                                                      193.608                  11.009       7.271      21.542
p39_LUBRIC    .14_NONFERR                                                                                4.039       5.622       0.049
p39_LUBRIC    .15_MACHINE                                                      264.832                 413.151      23.244       9.057
p39_LUBRIC    .16_TRANSEQ                                                       48.151     106.969      66.612       9.000       1.003
p39_LUBRIC    .17_OTHERIND                                       11569.981    1802.623     139.811    1223.579     119.642      13.456     108.603                                                     305.226
p39_LUBRIC    .27_CONSTRUC                              37.849                  18.057                  84.240      27.788       3.259
p39_LUBRIC    .28_LTRP         688.439    2366.809     871.789                1397.392      19.163    1430.697     510.695     111.081      72.443      93.779      17.933                  74.343
p39_LUBRIC    .31_SER                                  482.115                 816.566      34.894     224.323     139.459     121.415     184.981      82.317
p40_BITUMEN   .05_MINING                                                                                 1.732       0.305       4.053
p40_BITUMEN   .07_TEXTILES                                                                               0.053                   5.589
p40_BITUMEN   .08_WOODPRO                                                                                0.002
p40_BITUMEN   .09_PAPERPRO                                                                               0.931
p40_BITUMEN   .11_CHEMICAL                                                                              47.758                   1.872
p40_BITUMEN   .12_NONMET                                                                                89.553     234.600     130.277
p40_BITUMEN   .13_IRONSTL                                                                                0.001
p40_BITUMEN   .14_NONFERR                                                                                0.007
p40_BITUMEN   .15_MACHINE                                                                                0.157       0.002       0.001
p40_BITUMEN   .16_TRANSEQ                                                                                3.237
p40_BITUMEN   .17_OTHERIND                                        6241.510     559.855     953.765     220.431      99.100       5.589     431.267
p40_BITUMEN   .27_CONSTRUC    1578.041                 926.722               22049.051     105.298   12835.127    2971.219     889.939     403.270       2.690                                         126.980
p40_BITUMEN   .28_LTRP                                                                                   0.184                                          85.291
p40_BITUMEN   .31_SER                    31402.456                             536.926       8.939       1.985       1.389     379.059      41.359      57.351
p41_PARWAX    .05_MINING                                                         2.866                               0.033
p41_PARWAX    .06_FOODPRO                                                                                2.866       0.086
p41_PARWAX    .07_TEXTILES                                                                               0.955       0.008
p41_PARWAX    .08_WOODPRO                                                        5.732                   7.614       6.324
p41_PARWAX    .09_PAPERPRO                                                                              21.167       0.001
p41_PARWAX    .11_CHEMICAL      13.717                                          53.726      16.698      79.626      17.273       0.207
p41_PARWAX    .12_NONMET                                                         0.955                   0.011       0.451
p41_PARWAX    .13_IRONSTL                                                        7.643                               0.109
p41_PARWAX    .14_NONFERR                                                                                            0.009
p41_PARWAX    .15_MACHINE                                                       10.509                   1.825       0.499
p41_PARWAX    .16_TRANSEQ                                                        1.911                               0.066
p41_PARWAX    .17_OTHERIND       0.975                  43.166     210.478      58.278      35.349     357.648      67.882
p41_PARWAX    .27_CONSTRUC                                                                                           0.024
p41_PARWAX    .28_LTRP                                                          51.591                               7.417                               2.505
p41_PARWAX    .31_SER                                                           17.197       0.600       0.019     110.376       0.339                   0.422
p42_PETCOKE   .11_CHEMICAL                             470.341                                         235.595       2.082       2.110                                                                  61.814
p42_PETCOKE   .12_NONMET                                 3.302                                         352.715      38.426
p42_PETCOKE   .13_IRONSTL                                0.008                                          38.667       3.193                                                                              17.533
p42_PETCOKE   .14_NONFERR                                                                              381.690     147.171                                                                             821.280
p42_PETCOKE   .15_MACHINE                                                                              275.398       0.764
p42_PETCOKE   .17_OTHERIND                                                    1384.924                  61.796       2.293                 210.055
p42_PETCOKE   .31_SER                                                                                    2.426
p43_ONONSPEC  .05_MINING                                                       180.567
p43_ONONSPEC  .08_WOODPRO                                                      436.610
p43_ONONSPEC  .09_PAPERPRO                                                       7.643                   3.390
p43_ONONSPEC  .11_CHEMICAL    1096.999    7240.401    1748.915                3108.818      80.493    5696.811    1716.000     470.144     632.450      15.575                3530.780                1598.092
p43_ONONSPEC  .12_NONMET                                                        83.118                                          24.840
p43_ONONSPEC  .13_IRONSTL                                                      441.387
p43_ONONSPEC  .15_MACHINE                                                      817.808                               0.005
p43_ONONSPEC  .16_TRANSEQ                                                      385.020
p43_ONONSPEC  .17_OTHERIND      58.023                 373.174                3646.385    1482.322     445.994       4.785     945.830                                                                1053.024
p43_ONONSPEC  .28_LTRP                                                        2979.841
p43_ONONSPEC  .31_SER            0.096                                        3264.546                                           3.895                   3.421      68.788


----   2617 PARAMETER NOilpR_DIO  Intermediate consumption ratio of non energy oilproducts by industry j in region z

                                01_KOR      02_CHN      03_JPN      04_RUS      07_NAM      08_LAM      09_WEU      10_EEU      11_FSU      12_MEA      13_AFR      14_CPA      15_SAS      16_PAS      17_PAO

p9_OVENCOKE   .11_CHEMICAL                               0.003                                     3.772826E-4
p14_COKEOVGS  .11_CHEMICAL                         4.319913E-5
p27_REFINGAS  .11_CHEMICAL                   0.007                               0.008                   0.004                   0.051
p28_ETHANE    .11_CHEMICAL                                                       0.460       0.279       0.039                               0.548                                           0.053       0.218
p29_LPG       .05_MINING                                                                                 0.611
p29_LPG       .07_TEXTILES                                                                                           0.005
p29_LPG       .11_CHEMICAL       0.093       0.079       0.126       0.471       0.326       0.006       0.244       0.124       0.154       0.235                                           0.106       0.064
p29_LPG       .13_IRONSTL                                                                                      1.035489E-4
p29_LPG       .15_MACHINE                                                                                            0.004
p29_LPG       .16_TRANSEQ                                                                                      1.203896E-4
p29_LPG       .17_OTHERIND                                                                   0.013                   0.001
p29_LPG       .27_CONSTRUC                                                                                     7.335642E-7
p30_NONBIOGASO.05_MINING                                                                                                   1.324879E-4
p30_NONBIOGASO.11_CHEMICAL             2.893594E-4                                                       0.049             4.926715E-6
p30_NONBIOGASO.12_NONMET                                                                                                   2.031616E-5
p30_NONBIOGASO.17_OTHERIND                                                                               0.040
p30_NONBIOGASO.27_CONSTRUC                                                                                                 9.404294E-6
p33_NONBIOJETK.17_OTHERIND                                                                                     1.674634E-5
p34_OTHKERO   .11_CHEMICAL             1.574654E-4       0.021                         1.735531E-4       0.004                   0.004
p34_OTHKERO   .12_NONMET                                                                           1.946846E-4 1.100717E-5
p34_OTHKERO   .13_IRONSTL                                                                                0.002
p34_OTHKERO   .14_NONFERR                                                                                0.001
p34_OTHKERO   .15_MACHINE                                                                          2.427856E-4 2.897209E-4
p34_OTHKERO   .16_TRANSEQ                                                                                      2.298347E-4
p34_OTHKERO   .17_OTHERIND                                                                   0.001       0.005
p34_OTHKERO   .27_CONSTRUC                                                                         1.583554E-6                                                                                           0.036
p34_OTHKERO   .28_LTRP                                                                                         1.527958E-4       0.129
p34_OTHKERO   .31_SER                                                                        0.114       0.006                               0.028
p35_NONBIODIES.05_MINING                                                                                                         0.065
p35_NONBIODIES.06_FOODPRO                                                                                            0.001       0.008
p35_NONBIODIES.08_WOODPRO                                                                                            0.001
p35_NONBIODIES.11_CHEMICAL                   0.002       0.004                   0.039                   0.022       0.002       0.003
p35_NONBIODIES.12_NONMET                                                                                       4.686922E-5 2.609356E-4
p35_NONBIODIES.13_IRONSTL                                                                                            0.004
p35_NONBIODIES.15_MACHINE                                                                                      1.207171E-4
p35_NONBIODIES.16_TRANSEQ                                                                                            0.002
p35_NONBIODIES.17_OTHERIND                                                                                     1.764806E-4
p35_NONBIODIES.27_CONSTRUC                                                                                     6.435359E-6 3.470632E-6
p35_NONBIODIES.28_LTRP                                                                                         2.857205E-4
p35_NONBIODIES.31_SER                                                                                          1.569272E-5       0.001
p36_RESFUEL   .07_TEXTILES                                                                                                       0.145
p36_RESFUEL   .11_CHEMICAL                   0.004       0.014                         5.752447E-5       0.014                   0.013                                           0.027
p36_RESFUEL   .14_NONFERR                                                                                0.010
p37_NAPHTHA   .06_FOODPRO                                                                                            0.077
p37_NAPHTHA   .11_CHEMICAL       0.882       0.801       0.758       0.489       0.118       0.707       0.512       0.586       0.231       0.208       0.767                   0.713       0.841
p37_NAPHTHA   .14_NONFERR                                                                                            0.001
p37_NAPHTHA   .17_OTHERIND                                                                                                 3.243929E-4                                                                   0.002
p38_WHITESP   .05_MINING         1.000                                           0.067                   0.042 3.386441E-4
p38_WHITESP   .06_FOODPRO                                                                                0.032       0.093
p38_WHITESP   .07_TEXTILES       1.000                                                                   0.136 2.161882E-4
p38_WHITESP   .08_WOODPRO                                                        0.081                               0.009
p38_WHITESP   .09_PAPERPRO       1.000                                           0.088                   0.056 1.963518E-4
p38_WHITESP   .11_CHEMICAL       0.003       0.011                   0.040       0.005                   0.003       0.008       0.001
p38_WHITESP   .12_NONMET                                                         0.091                   0.002       0.002
p38_WHITESP   .13_IRONSTL        1.000                                           0.102             2.089302E-4 2.918196E-4
p38_WHITESP   .14_NONFERR        1.000                                                                               0.003
p38_WHITESP   .15_MACHINE        1.000                                           0.084                   0.004       0.009
p38_WHITESP   .16_TRANSEQ                                                        0.041                   0.022       0.005
p38_WHITESP   .17_OTHERIND       0.311                                           0.070                   0.150       0.053                   0.008
p38_WHITESP   .27_CONSTRUC                                                                               0.002 1.000315E-6
p38_WHITESP   .28_LTRP     5.955466E-6                                           0.102                                                                   0.070
p38_WHITESP   .31_SER            0.997                                           0.050                   0.253       0.227                   0.001       0.124                   1.000
p39_LUBRIC    .05_MINING                                 1.000                   0.411                   0.278       0.972       0.679
p39_LUBRIC    .06_FOODPRO                                                                                0.879       0.816       0.992
p39_LUBRIC    .07_TEXTILES                                                                               0.819       0.993       0.008
p39_LUBRIC    .08_WOODPRO                                                        0.295                   0.342       0.451       1.000
p39_LUBRIC    .09_PAPERPRO                                                       0.258                   0.261       1.000       1.000
p39_LUBRIC    .11_CHEMICAL                                                       0.013                   0.001       0.002       0.102
p39_LUBRIC    .12_NONMET                                                         0.234                   0.022       0.027       0.015
p39_LUBRIC    .13_IRONSTL                                                        0.271                   0.221       0.684       1.000
p39_LUBRIC    .14_NONFERR                                                                                0.010       0.037       1.000
p39_LUBRIC    .15_MACHINE                                                        0.222                   0.596       0.935       1.000
p39_LUBRIC    .16_TRANSEQ                                                        0.106       1.000       0.933       0.985       1.000
p39_LUBRIC    .17_OTHERIND                                           0.642       0.225       0.053       0.427       0.385       0.014       0.144                                                       0.224
p39_LUBRIC    .27_CONSTRUC                               0.039                   0.001                   0.007       0.009       0.004
p39_LUBRIC    .28_LTRP           1.000       1.000       1.000                   0.283       1.000       1.000       0.985       0.871       1.000       0.480       1.000                   1.000
p39_LUBRIC    .31_SER                                    1.000                   0.167       0.696       0.727       0.429       0.240       0.793       0.503
p40_BITUMEN   .05_MINING                                                                                 0.069       0.025       0.256
p40_BITUMEN   .07_TEXTILES                                                                               0.002                   0.847
p40_BITUMEN   .08_WOODPRO                                                                          1.641228E-4
p40_BITUMEN   .09_PAPERPRO                                                                               0.025
p40_BITUMEN   .11_CHEMICAL                                                                               0.001                   0.002
p40_BITUMEN   .12_NONMET                                                                                 0.197       0.833       0.827
p40_BITUMEN   .13_IRONSTL                                                                          1.808049E-5
p40_BITUMEN   .14_NONFERR                                                                          1.923199E-5
p40_BITUMEN   .15_MACHINE                                                                          2.256291E-4 7.645414E-5 1.103972E-4
p40_BITUMEN   .16_TRANSEQ                                                                                0.045
p40_BITUMEN   .17_OTHERIND                                           0.346       0.070       0.360       0.077       0.319       0.006       0.571
p40_BITUMEN   .27_CONSTRUC       1.000                   0.961                   0.999       1.000       0.991       0.991       0.996       1.000       1.000                                           0.964
p40_BITUMEN   .28_LTRP                                                                             1.288716E-4                                           0.437
p40_BITUMEN   .31_SER                        1.000                               0.110       0.178       0.006       0.004       0.750       0.177       0.350
p41_PARWAX    .05_MINING                                                         0.008                               0.003
p41_PARWAX    .06_FOODPRO                                                                                0.089       0.014
p41_PARWAX    .07_TEXTILES                                                                               0.042       0.002
p41_PARWAX    .08_WOODPRO                                                        0.008                   0.658       0.539
p41_PARWAX    .09_PAPERPRO                                                                               0.567 1.570814E-4
p41_PARWAX    .11_CHEMICAL 2.772039E-4                                           0.001       0.001       0.001       0.003 1.926996E-4
p41_PARWAX    .12_NONMET                                                         0.008             2.315050E-5       0.002
p41_PARWAX    .13_IRONSTL                                                        0.011                               0.010
p41_PARWAX    .14_NONFERR                                                                                      5.999630E-5
p41_PARWAX    .15_MACHINE                                                        0.009                   0.003       0.020
p41_PARWAX    .16_TRANSEQ                                                        0.004                               0.007
p41_PARWAX    .17_OTHERIND       0.011                   0.104       0.012       0.007       0.013       0.125       0.219
p41_PARWAX    .27_CONSTRUC                                                                                     7.969175E-6
p41_PARWAX    .28_LTRP                                                           0.010                               0.014                               0.013
p41_PARWAX    .31_SER                                                            0.004       0.012 6.190899E-5       0.340       0.001                   0.003
p42_PETCOKE   .11_CHEMICAL                               0.016                                           0.004 3.328581E-4       0.002                                                                   0.027
p42_PETCOKE   .12_NONMET                                 1.000                                           0.778       0.136
p42_PETCOKE   .13_IRONSTL                                1.000                                           0.777       0.301                                                                               1.000
p42_PETCOKE   .14_NONFERR                                                                                0.979       0.960                                                                               1.000
p42_PETCOKE   .15_MACHINE                                                                                0.397       0.031
p42_PETCOKE   .17_OTHERIND                                                       0.173                   0.022       0.007                   0.278
p42_PETCOKE   .31_SER                                                                                    0.008
p43_ONONSPEC  .05_MINING                                                         0.514
p43_ONONSPEC  .08_WOODPRO                                                        0.615
p43_ONONSPEC  .09_PAPERPRO                                                       0.654                   0.091
p43_ONONSPEC  .11_CHEMICAL       0.022       0.095       0.059                   0.031       0.007       0.100       0.274       0.437       0.009       0.233                   0.259                   0.691
p43_ONONSPEC  .12_NONMET                                                         0.668                                           0.158
p43_ONONSPEC  .13_IRONSTL                                                        0.617
p43_ONONSPEC  .15_MACHINE                                                        0.686                         1.931473E-4
p43_ONONSPEC  .16_TRANSEQ                                                        0.849
p43_ONONSPEC  .17_OTHERIND       0.678                   0.896                   0.455       0.559       0.156       0.015       0.980                                                                   0.774
p43_ONONSPEC  .28_LTRP                                                           0.604
p43_ONONSPEC  .31_SER            0.003                                           0.669                                           0.008                   0.021       1.000


----   2777 PARAMETER EGINucGWh  Nuclear GWh per 10 billion $

                 01_KOR      02_CHN      03_JPN      04_RUS      07_NAM      08_LAM      09_WEU      10_EEU      11_FSU      12_MEA      13_AFR      15_SAS      16_PAS

19_eNuclear  223119.046  193253.843  114022.398  154312.599  146470.128   87802.257  171096.306  147608.584   76563.842   27196.957   26262.466  150597.221  340289.664


----   2777 PARAMETER EGICoalGWh  Coal GWh per 10 billion $

              01_KOR      02_CHN      03_JPN      04_RUS      05_MNG      06_PRK      07_NAM      08_LAM      09_WEU      10_EEU      11_FSU      12_MEA      13_AFR      14_CPA      15_SAS      16_PAS      17_PAO

20_eCoal  142619.229  158729.634   81403.251   65399.419   31673.207  972807.756   62206.917  135046.732   86376.512   81396.346   59060.164  129209.009   76853.260  137765.575   83258.658  154967.945  136080.849


----   2777 PARAMETER EGIGasGWh  Gas GWh per 10 billion $

             01_KOR      02_CHN      03_JPN      04_RUS      07_NAM      08_LAM      09_WEU      10_EEU      11_FSU      12_MEA      13_AFR      14_CPA      15_SAS      16_PAS      17_PAO

21_eGas  108747.004   88897.335   78624.944   70120.537  195192.971  124877.604  114750.982   73047.949   87344.247  151786.283  138819.676  122023.239   76160.961  155347.362  125280.842


----   2777 PARAMETER EGIOilGWh  Oil GWh per 10 billion $

             01_KOR      02_CHN      03_JPN      04_RUS      05_MNG      06_PRK      07_NAM      08_LAM      09_WEU      10_EEU      11_FSU      12_MEA      13_AFR      14_CPA      15_SAS      16_PAS      17_PAO

22_eOil   35535.425   36787.543   35187.688   19853.824   39715.435  257978.347  107317.249   77786.281   57547.221   27516.249   10689.953   56256.110   39096.548  114972.441   40178.099   61569.916   55589.557


----   2777 PARAMETER EGIWindGWh  Wind GWh per 10 billion $

              01_KOR      02_CHN      03_JPN      04_RUS      05_MNG      07_NAM      08_LAM      09_WEU      10_EEU      11_FSU      12_MEA      13_AFR      14_CPA      15_SAS      16_PAS      17_PAO

23_eWind   74579.189  226443.506   62099.657  320622.122  133963.156  139392.800  206358.430  119505.781  153475.418  173316.867   94270.459   76757.312  143331.765  583194.658  230804.375  435114.991


----   2777 PARAMETER EGISolarGWh  Solar GWh per 10 billion $

               01_KOR      02_CHN      03_JPN      04_RUS      05_MNG      06_PRK      07_NAM      08_LAM      09_WEU      10_EEU      11_FSU      12_MEA      13_AFR      14_CPA      15_SAS      16_PAS      17_PAO

24_eSolar  161641.370 1130845.348  119349.322  224889.077 1787611.493 2213237.382  578295.732 1227027.178  391378.131  336196.788  531026.191  488286.351  101417.130 5.914754E+7 1737132.665  227921.115 1310108.895


----   2777 PARAMETER EGIHydroGWh  Solar GWh per 10 billion $

               01_KOR      02_CHN      03_JPN      04_RUS      05_MNG      06_PRK      07_NAM      08_LAM      09_WEU      10_EEU      11_FSU      13_AFR      14_CPA      15_SAS      16_PAS      17_PAO

25_eHydro   64872.757  217872.606   54140.914   97929.599  115408.813  871829.147  121962.555  176801.985  180747.113  124068.700  112811.902  125237.459   53912.920  174451.464  209788.939  191225.967


----   2777 PARAMETER EGIOtherGWh  Other GWh per 10 billion $

               01_KOR      02_CHN      03_JPN      04_RUS      07_NAM      08_LAM      09_WEU      10_EEU      11_FSU      13_AFR      14_CPA      15_SAS      16_PAS      17_PAO

26_eOther   38198.903   70130.737   43894.132    1313.131   85301.513   93155.630   54186.149   46244.068    1944.268   42746.465  435080.488   71526.365  106166.828  198576.429


----   3718 PARAMETER A_VA_RES  Value of A_VA to reproduce real GDP projections

              2019        2020        2021        2022        2023        2024        2025        2026        2027        2028        2029        2030        2031        2032        2033        2034        2035        2036        2037        2038        2039        2040        2041        2042        2043        2044        2045        2046        2047        2048        2049        2050

01_KOR       1.000       0.978       1.007       1.009       1.011       1.013       1.014       1.022       1.029       1.035       1.042       1.048       1.049       1.051       1.052       1.054       1.055       1.054       1.052       1.051       1.050       1.050       1.047       1.045       1.043       1.041       1.040       1.037       1.035       1.032       1.030       1.029
02_CHN       1.000       0.996       1.060       1.093       1.123       1.150       1.176       1.197       1.216       1.234       1.251       1.266       1.277       1.286       1.295       1.304       1.311       1.312       1.313       1.313       1.314       1.315       1.315       1.315       1.315       1.315       1.315       1.315       1.314       1.314       1.314       1.314
03_JPN       1.000       0.953       0.969       0.980       0.990       1.001       1.011       1.014       1.017       1.021       1.024       1.028       1.032       1.037       1.042       1.047       1.052       1.055       1.059       1.064       1.068       1.072       1.077       1.081       1.086       1.091       1.096       1.102       1.107       1.113       1.118       1.124
04_RUS       1.000       0.968       1.022       1.010       0.999       0.988       0.978       0.995       1.012       1.030       1.048       1.066       1.090       1.115       1.140       1.165       1.190       1.216       1.243       1.269       1.297       1.324       1.352       1.381       1.410       1.440       1.470       1.500       1.532       1.564       1.597       1.630
05_MNG       1.000       0.950       0.960       0.998       1.035       1.069       1.101       1.130       1.157       1.181       1.203       1.224       1.252       1.278       1.302       1.324       1.345       1.368       1.390       1.411       1.431       1.450       1.472       1.494       1.514       1.534       1.552       1.576       1.599       1.620       1.641       1.660
06_PRK       1.000       0.955       0.955       0.947       0.940       0.932       0.924       0.917       0.910       0.903       0.896       0.888       0.882       0.875       0.869       0.862       0.855       0.849       0.843       0.837       0.830       0.824       0.819       0.813       0.807       0.801       0.796       0.791       0.785       0.780       0.775       0.770
07_NAM       1.000       0.952       0.998       1.003       1.007       1.011       1.016       1.025       1.034       1.043       1.052       1.061       1.067       1.074       1.080       1.086       1.092       1.098       1.103       1.108       1.113       1.118       1.122       1.127       1.132       1.136       1.141       1.145       1.149       1.153       1.158       1.162
08_LAM       1.000       0.932       1.000       1.016       1.032       1.047       1.063       1.088       1.112       1.136       1.159       1.182       1.213       1.242       1.271       1.300       1.327       1.360       1.393       1.425       1.456       1.485       1.521       1.555       1.588       1.620       1.652       1.687       1.722       1.755       1.788       1.819
09_WEU       1.000       0.943       1.006       1.008       1.010       1.012       1.014       1.030       1.045       1.060       1.075       1.089       1.103       1.116       1.129       1.141       1.153       1.165       1.177       1.188       1.199       1.209       1.220       1.230       1.240       1.249       1.258       1.267       1.275       1.283       1.290       1.297
10_EEU       1.000       0.957       1.015       1.025       1.035       1.044       1.053       1.079       1.103       1.127       1.149       1.171       1.187       1.202       1.217       1.231       1.245       1.254       1.262       1.271       1.279       1.287       1.290       1.294       1.297       1.300       1.303       1.304       1.304       1.305       1.306       1.307
11_FSU       1.000       0.934       0.962       0.965       0.969       0.974       0.980       1.001       1.023       1.043       1.064       1.084       1.108       1.132       1.155       1.178       1.201       1.224       1.246       1.269       1.291       1.314       1.336       1.357       1.379       1.402       1.424       1.447       1.470       1.494       1.517       1.541
12_MEA       1.000       0.956       0.983       1.006       1.027       1.046       1.063       1.088       1.110       1.130       1.148       1.164       1.184       1.202       1.218       1.232       1.244       1.260       1.273       1.285       1.296       1.305       1.317       1.327       1.335       1.342       1.348       1.357       1.365       1.371       1.376       1.381
13_AFR       1.000       0.983       1.010       1.034       1.056       1.077       1.097       1.129       1.158       1.186       1.212       1.236       1.279       1.318       1.354       1.388       1.419       1.462       1.501       1.537       1.570       1.600       1.644       1.684       1.721       1.755       1.785       1.831       1.873       1.911       1.946       1.978
14_CPA       1.000       0.993       0.988       1.024       1.058       1.088       1.116       1.168       1.215       1.258       1.298       1.335       1.379       1.419       1.457       1.492       1.524       1.553       1.579       1.604       1.628       1.651       1.671       1.691       1.709       1.727       1.745       1.761       1.777       1.793       1.808       1.823
15_SAS       1.000       0.934       0.992       1.030       1.065       1.097       1.126       1.169       1.208       1.243       1.274       1.303       1.335       1.363       1.389       1.412       1.433       1.458       1.481       1.501       1.519       1.536       1.557       1.576       1.594       1.610       1.624       1.644       1.661       1.678       1.693       1.706
16_PAS       1.000       0.921       0.943       1.027       1.107       1.182       1.251       1.280       1.306       1.330       1.351       1.370       1.387       1.403       1.416       1.428       1.439       1.446       1.453       1.459       1.463       1.467       1.469       1.471       1.472       1.473       1.473       1.472       1.471       1.470       1.468       1.466
17_PAO       1.000       0.985       1.000       1.008       1.014       1.021       1.027       1.044       1.060       1.075       1.090       1.104       1.119       1.133       1.147       1.160       1.173       1.187       1.200       1.212       1.224       1.236       1.249       1.261       1.273       1.284       1.295       1.306       1.317       1.327       1.337       1.346

GAMS 42.5.0  cf11b917 Mar 30, 2023          WEX-WEI x86 64bit/MS Windows - 05/10/24 16:35:52 Page 4
PEP model w-t
Range Statistics    SOLVE PEPWT Using CNS From line 4621


RANGE STATISTICS (ABSOLUTE NON-ZERO FINITE VALUES)

RHS       [min, max] : [ 1.098E-06, 8.930E+03] - Zero values observed as well
Bound     [min, max] : [        NA,        NA]
Matrix    [min, max] : [ 1.059E-20, 1.731E+05] - Zero values observed as well

GAMS 42.5.0  cf11b917 Mar 30, 2023          WEX-WEI x86 64bit/MS Windows - 05/10/24 16:35:52 Page 5
PEP model w-t
Model Statistics    SOLVE PEPWT Using CNS From line 4621


LOOPS                                 TIME   2019


MODEL STATISTICS

BLOCKS OF EQUATIONS         122     SINGLE EQUATIONS       90,039
BLOCKS OF VARIABLES         132     SINGLE VARIABLES       90,039
NON ZERO ELEMENTS       432,684     NON LINEAR N-Z        257,648
CODE LENGTH             781,784     CONSTANT POOL          58,037
SINGLE =E|X= EQUS        90,039     SINGLE UNFIXED VARS    90,039


GENERATION TIME      =        0.516 SECONDS     63 MB  42.5.0 cf11b917 WEX-WEI
               L O O P S               TIME 2019

GAMS 42.5.0  cf11b917 Mar 30, 2023          WEX-WEI x86 64bit/MS Windows - 05/10/24 16:35:52 Page 6
PEP model w-t
Solution Report     SOLVE PEPWT Using CNS From line 4621


               S O L V E      S U M M A R Y

     MODEL   PEPWT               
     TYPE    CNS                 
     SOLVER  CONOPT              FROM LINE  4621

**** SOLVER STATUS     1 Normal Completion
**** MODEL STATUS      16 Solved

 RESOURCE USAGE, LIMIT          0.640 10000000000.000
 ITERATION COUNT, LIMIT         3    2147483647
 EVALUATION ERRORS              0             0
 
 
    C O N O P T 3   version 3.17N
    Copyright (C)   ARKI Consulting and Development A/S
                    Bagsvaerdvej 246 A
                    DK-2880 Bagsvaerd, Denmark
 
 
 ** 65 linear coefficients less than Rtmina = 1.00E-20
    have been set to zero.
 
 
 ** Warning **  The value of LFITER is out of range.
                LFITER is decreased from 2147483647 to 1000000000.
 
                   Pre-triangular equations:   9400
                   Post-triangular equations:  326
 
 
    It may be more efficient to turn the Post-triangular equations
    into ordinary equations with option:
 
    Lspost=False
 
 
 ** Feasible solution to a square system.
 
 
 CONOPT time Total                            0.652 seconds
   of which: Function evaluations             0.110 = 16.9%
             1st Derivative evaluations       0.049 =  7.5%
 


**** REPORT SUMMARY :        0 INFEASIBLE
                             0  DEPENDENT
                             0     ERRORS
GAMS 42.5.0  cf11b917 Mar 30, 2023          WEX-WEI x86 64bit/MS Windows - 05/10/24 16:35:52 Page 7
PEP model w-t
Range Statistics    SOLVE PEPWT Using CNS From line 4621


RANGE STATISTICS (ABSOLUTE NON-ZERO FINITE VALUES)

RHS       [min, max] : [ 1.087E-06, 8.958E+03] - Zero values observed as well
Bound     [min, max] : [        NA,        NA]
Matrix    [min, max] : [ 1.016E-20, 1.765E+05] - Zero values observed as well

GAMS 42.5.0  cf11b917 Mar 30, 2023          WEX-WEI x86 64bit/MS Windows - 05/10/24 16:35:52 Page 8
PEP model w-t
Model Statistics    SOLVE PEPWT Using CNS From line 4621


LOOPS                                 TIME   2020


MODEL STATISTICS

BLOCKS OF EQUATIONS         122     SINGLE EQUATIONS       90,039
BLOCKS OF VARIABLES         132     SINGLE VARIABLES       90,039
NON ZERO ELEMENTS       433,532     NON LINEAR N-Z        258,496
CODE LENGTH             788,770     CONSTANT POOL          59,396
SINGLE =E|X= EQUS        90,039     SINGLE UNFIXED VARS    90,039


GENERATION TIME      =        0.766 SECONDS     79 MB  42.5.0 cf11b917 WEX-WEI
               L O O P S               TIME 2020

GAMS 42.5.0  cf11b917 Mar 30, 2023          WEX-WEI x86 64bit/MS Windows - 05/10/24 16:35:52 Page 9
PEP model w-t
Solution Report     SOLVE PEPWT Using CNS From line 4621


               S O L V E      S U M M A R Y

     MODEL   PEPWT               
     TYPE    CNS                 
     SOLVER  CONOPT              FROM LINE  4621

**** SOLVER STATUS     1 Normal Completion
**** MODEL STATUS      16 Solved

 RESOURCE USAGE, LIMIT          0.859 10000000000.000
 ITERATION COUNT, LIMIT        18    2147483647
 EVALUATION ERRORS              0             0
 
 
    C O N O P T 3   version 3.17N
    Copyright (C)   ARKI Consulting and Development A/S
                    Bagsvaerdvej 246 A
                    DK-2880 Bagsvaerd, Denmark
 
 
 ** 65 linear coefficients less than Rtmina = 1.00E-20
    have been set to zero.
 
 
 ** Warning **  The value of LFITER is out of range.
                LFITER is decreased from 2147483647 to 1000000000.
 
                   Pre-triangular equations:   9383
                   Post-triangular equations:  326
 
 
    It may be more efficient to turn the Post-triangular equations
    into ordinary equations with option:
 
    Lspost=False
 
 
 ** Feasible solution to a square system.
 
 
 CONOPT time Total                            0.896 seconds
   of which: Function evaluations             0.316 = 35.3%
             1st Derivative evaluations       0.039 =  4.4%
 


**** REPORT SUMMARY :        0 INFEASIBLE
                             0  DEPENDENT
                             0     ERRORS
GAMS 42.5.0  cf11b917 Mar 30, 2023          WEX-WEI x86 64bit/MS Windows - 05/10/24 16:35:52 Page 10
PEP model w-t
Range Statistics    SOLVE PEPWT Using CNS From line 4621


RANGE STATISTICS (ABSOLUTE NON-ZERO FINITE VALUES)

RHS       [min, max] : [ 1.076E-06, 8.964E+03] - Zero values observed as well
Bound     [min, max] : [        NA,        NA]
Matrix    [min, max] : [ 1.034E-20, 1.882E+05] - Zero values observed as well

GAMS 42.5.0  cf11b917 Mar 30, 2023          WEX-WEI x86 64bit/MS Windows - 05/10/24 16:35:52 Page 11
PEP model w-t
Model Statistics    SOLVE PEPWT Using CNS From line 4621


LOOPS                                 TIME   2021


MODEL STATISTICS

BLOCKS OF EQUATIONS         122     SINGLE EQUATIONS       90,039
BLOCKS OF VARIABLES         132     SINGLE VARIABLES       90,039
NON ZERO ELEMENTS       433,532     NON LINEAR N-Z        258,496
CODE LENGTH             788,770     CONSTANT POOL          59,396
SINGLE =E|X= EQUS        90,039     SINGLE UNFIXED VARS    90,039


GENERATION TIME      =        0.812 SECONDS     92 MB  42.5.0 cf11b917 WEX-WEI
               L O O P S               TIME 2021

GAMS 42.5.0  cf11b917 Mar 30, 2023          WEX-WEI x86 64bit/MS Windows - 05/10/24 16:35:52 Page 12
PEP model w-t
Solution Report     SOLVE PEPWT Using CNS From line 4621


               S O L V E      S U M M A R Y

     MODEL   PEPWT               
     TYPE    CNS                 
     SOLVER  CONOPT              FROM LINE  4621

**** SOLVER STATUS     1 Normal Completion
**** MODEL STATUS      16 Solved

 RESOURCE USAGE, LIMIT          0.859 10000000000.000
 ITERATION COUNT, LIMIT        15    2147483647
 EVALUATION ERRORS              0             0
 
 
    C O N O P T 3   version 3.17N
    Copyright (C)   ARKI Consulting and Development A/S
                    Bagsvaerdvej 246 A
                    DK-2880 Bagsvaerd, Denmark
 
 
 ** 65 linear coefficients less than Rtmina = 1.00E-20
    have been set to zero.
 
 
 ** Warning **  The value of LFITER is out of range.
                LFITER is decreased from 2147483647 to 1000000000.
 
                   Pre-triangular equations:   9383
                   Post-triangular equations:  326
 
 
    It may be more efficient to turn the Post-triangular equations
    into ordinary equations with option:
 
    Lspost=False
 
 
 ** Feasible solution to a square system.
 
 
 CONOPT time Total                            0.874 seconds
   of which: Function evaluations             0.272 = 31.1%
             1st Derivative evaluations       0.038 =  4.3%
 


**** REPORT SUMMARY :        0 INFEASIBLE
                             0  DEPENDENT
                             0     ERRORS
GAMS 42.5.0  cf11b917 Mar 30, 2023          WEX-WEI x86 64bit/MS Windows - 05/10/24 16:35:52 Page 13
PEP model w-t
Range Statistics    SOLVE PEPWT Using CNS From line 4621


RANGE STATISTICS (ABSOLUTE NON-ZERO FINITE VALUES)

RHS       [min, max] : [ 1.066E-06, 8.996E+03] - Zero values observed as well
Bound     [min, max] : [        NA,        NA]
Matrix    [min, max] : [ 1.005E-20, 1.766E+05] - Zero values observed as well

GAMS 42.5.0  cf11b917 Mar 30, 2023          WEX-WEI x86 64bit/MS Windows - 05/10/24 16:35:52 Page 14
PEP model w-t
Model Statistics    SOLVE PEPWT Using CNS From line 4621


LOOPS                                 TIME   2022


MODEL STATISTICS

BLOCKS OF EQUATIONS         122     SINGLE EQUATIONS       90,039
BLOCKS OF VARIABLES         132     SINGLE VARIABLES       90,039
NON ZERO ELEMENTS       433,532     NON LINEAR N-Z        258,496
CODE LENGTH             788,770     CONSTANT POOL          59,396
SINGLE =E|X= EQUS        90,039     SINGLE UNFIXED VARS    90,039


GENERATION TIME      =        0.891 SECONDS    105 MB  42.5.0 cf11b917 WEX-WEI
               L O O P S               TIME 2022

GAMS 42.5.0  cf11b917 Mar 30, 2023          WEX-WEI x86 64bit/MS Windows - 05/10/24 16:35:52 Page 15
PEP model w-t
Solution Report     SOLVE PEPWT Using CNS From line 4621


               S O L V E      S U M M A R Y

     MODEL   PEPWT               
     TYPE    CNS                 
     SOLVER  CONOPT              FROM LINE  4621

**** SOLVER STATUS     1 Normal Completion
**** MODEL STATUS      16 Solved

 RESOURCE USAGE, LIMIT          0.890 10000000000.000
 ITERATION COUNT, LIMIT        15    2147483647
 EVALUATION ERRORS              0             0
 
 
    C O N O P T 3   version 3.17N
    Copyright (C)   ARKI Consulting and Development A/S
                    Bagsvaerdvej 246 A
                    DK-2880 Bagsvaerd, Denmark
 
 
 ** 65 linear coefficients less than Rtmina = 1.00E-20
    have been set to zero.
 
 
 ** Warning **  The value of LFITER is out of range.
                LFITER is decreased from 2147483647 to 1000000000.
 
                   Pre-triangular equations:   9383
                   Post-triangular equations:  326
 
 
    It may be more efficient to turn the Post-triangular equations
    into ordinary equations with option:
 
    Lspost=False
 
 
 ** Feasible solution to a square system.
 
 
 CONOPT time Total                            0.918 seconds
   of which: Function evaluations             0.266 = 29.0%
             1st Derivative evaluations       0.040 =  4.4%
 


**** REPORT SUMMARY :        0 INFEASIBLE
                             0  DEPENDENT
                             0     ERRORS
GAMS 42.5.0  cf11b917 Mar 30, 2023          WEX-WEI x86 64bit/MS Windows - 05/10/24 16:35:52 Page 16
PEP model w-t
Range Statistics    SOLVE PEPWT Using CNS From line 4621


RANGE STATISTICS (ABSOLUTE NON-ZERO FINITE VALUES)

RHS       [min, max] : [ 1.055E-06, 9.031E+03] - Zero values observed as well
Bound     [min, max] : [        NA,        NA]
Matrix    [min, max] : [ 1.010E-20, 1.769E+05] - Zero values observed as well

GAMS 42.5.0  cf11b917 Mar 30, 2023          WEX-WEI x86 64bit/MS Windows - 05/10/24 16:35:52 Page 17
PEP model w-t
Model Statistics    SOLVE PEPWT Using CNS From line 4621


LOOPS                                 TIME   2023


MODEL STATISTICS

BLOCKS OF EQUATIONS         122     SINGLE EQUATIONS       90,039
BLOCKS OF VARIABLES         132     SINGLE VARIABLES       90,039
NON ZERO ELEMENTS       433,532     NON LINEAR N-Z        258,496
CODE LENGTH             788,770     CONSTANT POOL          59,396
SINGLE =E|X= EQUS        90,039     SINGLE UNFIXED VARS    90,039


GENERATION TIME      =        0.953 SECONDS    118 MB  42.5.0 cf11b917 WEX-WEI
               L O O P S               TIME 2023

GAMS 42.5.0  cf11b917 Mar 30, 2023          WEX-WEI x86 64bit/MS Windows - 05/10/24 16:35:52 Page 18
PEP model w-t
Solution Report     SOLVE PEPWT Using CNS From line 4621


               S O L V E      S U M M A R Y

     MODEL   PEPWT               
     TYPE    CNS                 
     SOLVER  CONOPT              FROM LINE  4621

**** SOLVER STATUS     1 Normal Completion
**** MODEL STATUS      16 Solved

 RESOURCE USAGE, LIMIT          0.844 10000000000.000
 ITERATION COUNT, LIMIT        15    2147483647
 EVALUATION ERRORS              0             0
 
 
    C O N O P T 3   version 3.17N
    Copyright (C)   ARKI Consulting and Development A/S
                    Bagsvaerdvej 246 A
                    DK-2880 Bagsvaerd, Denmark
 
 
 ** 65 linear coefficients less than Rtmina = 1.00E-20
    have been set to zero.
 
 
 ** Warning **  The value of LFITER is out of range.
                LFITER is decreased from 2147483647 to 1000000000.
 
                   Pre-triangular equations:   9383
                   Post-triangular equations:  326
 
 
    It may be more efficient to turn the Post-triangular equations
    into ordinary equations with option:
 
    Lspost=False
 
 
 ** Feasible solution to a square system.
 
 
 CONOPT time Total                            0.858 seconds
   of which: Function evaluations             0.269 = 31.4%
             1st Derivative evaluations       0.042 =  4.9%
 


**** REPORT SUMMARY :        0 INFEASIBLE
                             0  DEPENDENT
                             0     ERRORS
GAMS 42.5.0  cf11b917 Mar 30, 2023          WEX-WEI x86 64bit/MS Windows - 05/10/24 16:35:52 Page 19
PEP model w-t
Range Statistics    SOLVE PEPWT Using CNS From line 4621


RANGE STATISTICS (ABSOLUTE NON-ZERO FINITE VALUES)

RHS       [min, max] : [ 1.044E-06, 9.150E+03] - Zero values observed as well
Bound     [min, max] : [        NA,        NA]
Matrix    [min, max] : [ 1.057E-20, 1.773E+05] - Zero values observed as well

GAMS 42.5.0  cf11b917 Mar 30, 2023          WEX-WEI x86 64bit/MS Windows - 05/10/24 16:35:52 Page 20
PEP model w-t
Model Statistics    SOLVE PEPWT Using CNS From line 4621


LOOPS                                 TIME   2024


MODEL STATISTICS

BLOCKS OF EQUATIONS         122     SINGLE EQUATIONS       90,039
BLOCKS OF VARIABLES         132     SINGLE VARIABLES       90,039
NON ZERO ELEMENTS       433,532     NON LINEAR N-Z        258,496
CODE LENGTH             788,770     CONSTANT POOL          59,396
SINGLE =E|X= EQUS        90,039     SINGLE UNFIXED VARS    90,039


GENERATION TIME      =        1.000 SECONDS    131 MB  42.5.0 cf11b917 WEX-WEI
               L O O P S               TIME 2024

GAMS 42.5.0  cf11b917 Mar 30, 2023          WEX-WEI x86 64bit/MS Windows - 05/10/24 16:35:52 Page 21
PEP model w-t
Solution Report     SOLVE PEPWT Using CNS From line 4621


               S O L V E      S U M M A R Y

     MODEL   PEPWT               
     TYPE    CNS                 
     SOLVER  CONOPT              FROM LINE  4621

**** SOLVER STATUS     1 Normal Completion
**** MODEL STATUS      16 Solved

 RESOURCE USAGE, LIMIT          0.875 10000000000.000
 ITERATION COUNT, LIMIT        15    2147483647
 EVALUATION ERRORS              0             0
 
 
    C O N O P T 3   version 3.17N
    Copyright (C)   ARKI Consulting and Development A/S
                    Bagsvaerdvej 246 A
                    DK-2880 Bagsvaerd, Denmark
 
 
 ** 65 linear coefficients less than Rtmina = 1.00E-20
    have been set to zero.
 
 
 ** Warning **  The value of LFITER is out of range.
                LFITER is decreased from 2147483647 to 1000000000.
 
                   Pre-triangular equations:   9383
                   Post-triangular equations:  326
 
 
    It may be more efficient to turn the Post-triangular equations
    into ordinary equations with option:
 
    Lspost=False
 
 
 ** Feasible solution to a square system.
 
 
 CONOPT time Total                            0.905 seconds
   of which: Function evaluations             0.286 = 31.6%
             1st Derivative evaluations       0.040 =  4.4%
 


**** REPORT SUMMARY :        0 INFEASIBLE
                             0  DEPENDENT
                             0     ERRORS
GAMS 42.5.0  cf11b917 Mar 30, 2023          WEX-WEI x86 64bit/MS Windows - 05/10/24 16:35:52 Page 22
PEP model w-t
Range Statistics    SOLVE PEPWT Using CNS From line 4621


RANGE STATISTICS (ABSOLUTE NON-ZERO FINITE VALUES)

RHS       [min, max] : [ 1.034E-06, 9.527E+03] - Zero values observed as well
Bound     [min, max] : [        NA,        NA]
Matrix    [min, max] : [ 1.065E-20, 1.778E+05] - Zero values observed as well

GAMS 42.5.0  cf11b917 Mar 30, 2023          WEX-WEI x86 64bit/MS Windows - 05/10/24 16:35:52 Page 23
PEP model w-t
Model Statistics    SOLVE PEPWT Using CNS From line 4621


LOOPS                                 TIME   2025


MODEL STATISTICS

BLOCKS OF EQUATIONS         122     SINGLE EQUATIONS       90,039
BLOCKS OF VARIABLES         132     SINGLE VARIABLES       90,039
NON ZERO ELEMENTS       433,532     NON LINEAR N-Z        258,496
CODE LENGTH             788,770     CONSTANT POOL          59,396
SINGLE =E|X= EQUS        90,039     SINGLE UNFIXED VARS    90,039


GENERATION TIME      =        0.984 SECONDS    145 MB  42.5.0 cf11b917 WEX-WEI
               L O O P S               TIME 2025

GAMS 42.5.0  cf11b917 Mar 30, 2023          WEX-WEI x86 64bit/MS Windows - 05/10/24 16:35:52 Page 24
PEP model w-t
Solution Report     SOLVE PEPWT Using CNS From line 4621


               S O L V E      S U M M A R Y

     MODEL   PEPWT               
     TYPE    CNS                 
     SOLVER  CONOPT              FROM LINE  4621

**** SOLVER STATUS     1 Normal Completion
**** MODEL STATUS      16 Solved

 RESOURCE USAGE, LIMIT          0.922 10000000000.000
 ITERATION COUNT, LIMIT        16    2147483647
 EVALUATION ERRORS              0             0
 
 
    C O N O P T 3   version 3.17N
    Copyright (C)   ARKI Consulting and Development A/S
                    Bagsvaerdvej 246 A
                    DK-2880 Bagsvaerd, Denmark
 
 
 ** 65 linear coefficients less than Rtmina = 1.00E-20
    have been set to zero.
 
 
 ** Warning **  The value of LFITER is out of range.
                LFITER is decreased from 2147483647 to 1000000000.
 
                   Pre-triangular equations:   9383
                   Post-triangular equations:  326
 
 
    It may be more efficient to turn the Post-triangular equations
    into ordinary equations with option:
 
    Lspost=False
 
 
 ** Feasible solution to a square system.
 
 
 CONOPT time Total                            0.936 seconds
   of which: Function evaluations             0.278 = 29.7%
             1st Derivative evaluations       0.037 =  4.0%
 


**** REPORT SUMMARY :        0 INFEASIBLE
                             0  DEPENDENT
                             0     ERRORS
GAMS 42.5.0  cf11b917 Mar 30, 2023          WEX-WEI x86 64bit/MS Windows - 05/10/24 16:35:52 Page 25
PEP model w-t
Range Statistics    SOLVE PEPWT Using CNS From line 4621


RANGE STATISTICS (ABSOLUTE NON-ZERO FINITE VALUES)

RHS       [min, max] : [ 1.024E-06, 9.912E+03] - Zero values observed as well
Bound     [min, max] : [        NA,        NA]
Matrix    [min, max] : [ 1.011E-20, 1.784E+05] - Zero values observed as well

GAMS 42.5.0  cf11b917 Mar 30, 2023          WEX-WEI x86 64bit/MS Windows - 05/10/24 16:35:52 Page 26
PEP model w-t
Model Statistics    SOLVE PEPWT Using CNS From line 4621


LOOPS                                 TIME   2026


MODEL STATISTICS

BLOCKS OF EQUATIONS         122     SINGLE EQUATIONS       90,039
BLOCKS OF VARIABLES         132     SINGLE VARIABLES       90,039
NON ZERO ELEMENTS       433,532     NON LINEAR N-Z        258,496
CODE LENGTH             788,770     CONSTANT POOL          59,396
SINGLE =E|X= EQUS        90,039     SINGLE UNFIXED VARS    90,039


GENERATION TIME      =        1.016 SECONDS    158 MB  42.5.0 cf11b917 WEX-WEI
               L O O P S               TIME 2026

GAMS 42.5.0  cf11b917 Mar 30, 2023          WEX-WEI x86 64bit/MS Windows - 05/10/24 16:35:52 Page 27
PEP model w-t
Solution Report     SOLVE PEPWT Using CNS From line 4621


               S O L V E      S U M M A R Y

     MODEL   PEPWT               
     TYPE    CNS                 
     SOLVER  CONOPT              FROM LINE  4621

**** SOLVER STATUS     1 Normal Completion
**** MODEL STATUS      16 Solved

 RESOURCE USAGE, LIMIT          0.860 10000000000.000
 ITERATION COUNT, LIMIT        17    2147483647
 EVALUATION ERRORS              0             0
 
 
    C O N O P T 3   version 3.17N
    Copyright (C)   ARKI Consulting and Development A/S
                    Bagsvaerdvej 246 A
                    DK-2880 Bagsvaerd, Denmark
 
 
 ** 65 linear coefficients less than Rtmina = 1.00E-20
    have been set to zero.
 
 
 ** Warning **  The value of LFITER is out of range.
                LFITER is decreased from 2147483647 to 1000000000.
 
                   Pre-triangular equations:   9383
                   Post-triangular equations:  326
 
 
    It may be more efficient to turn the Post-triangular equations
    into ordinary equations with option:
 
    Lspost=False
 
 
 ** Feasible solution to a square system.
 
 
 CONOPT time Total                            0.878 seconds
   of which: Function evaluations             0.298 = 33.9%
             1st Derivative evaluations       0.049 =  5.6%
 


**** REPORT SUMMARY :        0 INFEASIBLE
                             0  DEPENDENT
                             0     ERRORS
GAMS 42.5.0  cf11b917 Mar 30, 2023          WEX-WEI x86 64bit/MS Windows - 05/10/24 16:35:52 Page 28
PEP model w-t
Range Statistics    SOLVE PEPWT Using CNS From line 4621


RANGE STATISTICS (ABSOLUTE NON-ZERO FINITE VALUES)

RHS       [min, max] : [ 1.013E-06, 1.030E+04] - Zero values observed as well
Bound     [min, max] : [        NA,        NA]
Matrix    [min, max] : [ 1.065E-20, 1.765E+05] - Zero values observed as well

GAMS 42.5.0  cf11b917 Mar 30, 2023          WEX-WEI x86 64bit/MS Windows - 05/10/24 16:35:52 Page 29
PEP model w-t
Model Statistics    SOLVE PEPWT Using CNS From line 4621


LOOPS                                 TIME   2027


MODEL STATISTICS

BLOCKS OF EQUATIONS         122     SINGLE EQUATIONS       90,039
BLOCKS OF VARIABLES         132     SINGLE VARIABLES       90,039
NON ZERO ELEMENTS       433,532     NON LINEAR N-Z        258,496
CODE LENGTH             788,770     CONSTANT POOL          59,396
SINGLE =E|X= EQUS        90,039     SINGLE UNFIXED VARS    90,039


GENERATION TIME      =        1.156 SECONDS    171 MB  42.5.0 cf11b917 WEX-WEI
               L O O P S               TIME 2027

GAMS 42.5.0  cf11b917 Mar 30, 2023          WEX-WEI x86 64bit/MS Windows - 05/10/24 16:35:52 Page 30
PEP model w-t
Solution Report     SOLVE PEPWT Using CNS From line 4621


               S O L V E      S U M M A R Y

     MODEL   PEPWT               
     TYPE    CNS                 
     SOLVER  CONOPT              FROM LINE  4621

**** SOLVER STATUS     1 Normal Completion
**** MODEL STATUS      16 Solved

 RESOURCE USAGE, LIMIT          0.875 10000000000.000
 ITERATION COUNT, LIMIT        17    2147483647
 EVALUATION ERRORS              0             0
 
 
    C O N O P T 3   version 3.17N
    Copyright (C)   ARKI Consulting and Development A/S
                    Bagsvaerdvej 246 A
                    DK-2880 Bagsvaerd, Denmark
 
 
 ** 65 linear coefficients less than Rtmina = 1.00E-20
    have been set to zero.
 
 
 ** Warning **  The value of LFITER is out of range.
                LFITER is decreased from 2147483647 to 1000000000.
 
                   Pre-triangular equations:   9383
                   Post-triangular equations:  326
 
 
    It may be more efficient to turn the Post-triangular equations
    into ordinary equations with option:
 
    Lspost=False
 
 
 ** Feasible solution to a square system.
 
 
 CONOPT time Total                            0.899 seconds
   of which: Function evaluations             0.291 = 32.4%
             1st Derivative evaluations       0.039 =  4.3%
 


**** REPORT SUMMARY :        0 INFEASIBLE
                             0  DEPENDENT
                             0     ERRORS
GAMS 42.5.0  cf11b917 Mar 30, 2023          WEX-WEI x86 64bit/MS Windows - 05/10/24 16:35:52 Page 31
PEP model w-t
Range Statistics    SOLVE PEPWT Using CNS From line 4621


RANGE STATISTICS (ABSOLUTE NON-ZERO FINITE VALUES)

RHS       [min, max] : [ 1.003E-06, 1.069E+04] - Zero values observed as well
Bound     [min, max] : [        NA,        NA]
Matrix    [min, max] : [ 1.012E-20, 1.751E+05] - Zero values observed as well

GAMS 42.5.0  cf11b917 Mar 30, 2023          WEX-WEI x86 64bit/MS Windows - 05/10/24 16:35:52 Page 32
PEP model w-t
Model Statistics    SOLVE PEPWT Using CNS From line 4621


LOOPS                                 TIME   2028


MODEL STATISTICS

BLOCKS OF EQUATIONS         122     SINGLE EQUATIONS       90,039
BLOCKS OF VARIABLES         132     SINGLE VARIABLES       90,039
NON ZERO ELEMENTS       433,532     NON LINEAR N-Z        258,496
CODE LENGTH             788,770     CONSTANT POOL          59,396
SINGLE =E|X= EQUS        90,039     SINGLE UNFIXED VARS    90,039


GENERATION TIME      =        1.125 SECONDS    185 MB  42.5.0 cf11b917 WEX-WEI
               L O O P S               TIME 2028

GAMS 42.5.0  cf11b917 Mar 30, 2023          WEX-WEI x86 64bit/MS Windows - 05/10/24 16:35:52 Page 33
PEP model w-t
Solution Report     SOLVE PEPWT Using CNS From line 4621


               S O L V E      S U M M A R Y

     MODEL   PEPWT               
     TYPE    CNS                 
     SOLVER  CONOPT              FROM LINE  4621

**** SOLVER STATUS     1 Normal Completion
**** MODEL STATUS      16 Solved

 RESOURCE USAGE, LIMIT          0.875 10000000000.000
 ITERATION COUNT, LIMIT        16    2147483647
 EVALUATION ERRORS              0             0
 
 
    C O N O P T 3   version 3.17N
    Copyright (C)   ARKI Consulting and Development A/S
                    Bagsvaerdvej 246 A
                    DK-2880 Bagsvaerd, Denmark
 
 
 ** 65 linear coefficients less than Rtmina = 1.00E-20
    have been set to zero.
 
 
 ** Warning **  The value of LFITER is out of range.
                LFITER is decreased from 2147483647 to 1000000000.
 
                   Pre-triangular equations:   9383
                   Post-triangular equations:  326
 
 
    It may be more efficient to turn the Post-triangular equations
    into ordinary equations with option:
 
    Lspost=False
 
 
 ** Feasible solution to a square system.
 
 
 CONOPT time Total                            0.898 seconds
   of which: Function evaluations             0.297 = 33.1%
             1st Derivative evaluations       0.044 =  4.9%
 


**** REPORT SUMMARY :        0 INFEASIBLE
                             0  DEPENDENT
                             0     ERRORS
GAMS 42.5.0  cf11b917 Mar 30, 2023          WEX-WEI x86 64bit/MS Windows - 05/10/24 16:35:52 Page 34
PEP model w-t
Range Statistics    SOLVE PEPWT Using CNS From line 4621


RANGE STATISTICS (ABSOLUTE NON-ZERO FINITE VALUES)

RHS       [min, max] : [ 9.932E-07, 1.108E+04] - Zero values observed as well
Bound     [min, max] : [        NA,        NA]
Matrix    [min, max] : [ 1.065E-20, 1.739E+05] - Zero values observed as well

GAMS 42.5.0  cf11b917 Mar 30, 2023          WEX-WEI x86 64bit/MS Windows - 05/10/24 16:35:52 Page 35
PEP model w-t
Model Statistics    SOLVE PEPWT Using CNS From line 4621


LOOPS                                 TIME   2029


MODEL STATISTICS

BLOCKS OF EQUATIONS         122     SINGLE EQUATIONS       90,039
BLOCKS OF VARIABLES         132     SINGLE VARIABLES       90,039
NON ZERO ELEMENTS       433,532     NON LINEAR N-Z        258,496
CODE LENGTH             788,770     CONSTANT POOL          59,396
SINGLE =E|X= EQUS        90,039     SINGLE UNFIXED VARS    90,039


GENERATION TIME      =        1.250 SECONDS    198 MB  42.5.0 cf11b917 WEX-WEI
               L O O P S               TIME 2029

GAMS 42.5.0  cf11b917 Mar 30, 2023          WEX-WEI x86 64bit/MS Windows - 05/10/24 16:35:52 Page 36
PEP model w-t
Solution Report     SOLVE PEPWT Using CNS From line 4621


               S O L V E      S U M M A R Y

     MODEL   PEPWT               
     TYPE    CNS                 
     SOLVER  CONOPT              FROM LINE  4621

**** SOLVER STATUS     1 Normal Completion
**** MODEL STATUS      16 Solved

 RESOURCE USAGE, LIMIT          0.813 10000000000.000
 ITERATION COUNT, LIMIT        16    2147483647
 EVALUATION ERRORS              0             0
 
 
    C O N O P T 3   version 3.17N
    Copyright (C)   ARKI Consulting and Development A/S
                    Bagsvaerdvej 246 A
                    DK-2880 Bagsvaerd, Denmark
 
 
 ** 65 linear coefficients less than Rtmina = 1.00E-20
    have been set to zero.
 
 
 ** Warning **  The value of LFITER is out of range.
                LFITER is decreased from 2147483647 to 1000000000.
 
                   Pre-triangular equations:   9383
                   Post-triangular equations:  326
 
 
    It may be more efficient to turn the Post-triangular equations
    into ordinary equations with option:
 
    Lspost=False
 
 
 ** Feasible solution to a square system.
 
 
 CONOPT time Total                            0.834 seconds
   of which: Function evaluations             0.276 = 33.1%
             1st Derivative evaluations       0.038 =  4.6%
 


**** REPORT SUMMARY :        0 INFEASIBLE
                             0  DEPENDENT
                             0     ERRORS
GAMS 42.5.0  cf11b917 Mar 30, 2023          WEX-WEI x86 64bit/MS Windows - 05/10/24 16:35:52 Page 37
PEP model w-t
Range Statistics    SOLVE PEPWT Using CNS From line 4621


RANGE STATISTICS (ABSOLUTE NON-ZERO FINITE VALUES)

RHS       [min, max] : [ 9.833E-07, 1.146E+04] - Zero values observed as well
Bound     [min, max] : [        NA,        NA]
Matrix    [min, max] : [ 1.065E-20, 1.730E+05] - Zero values observed as well

GAMS 42.5.0  cf11b917 Mar 30, 2023          WEX-WEI x86 64bit/MS Windows - 05/10/24 16:35:52 Page 38
PEP model w-t
Model Statistics    SOLVE PEPWT Using CNS From line 4621


LOOPS                                 TIME   2030


MODEL STATISTICS

BLOCKS OF EQUATIONS         122     SINGLE EQUATIONS       90,039
BLOCKS OF VARIABLES         132     SINGLE VARIABLES       90,039
NON ZERO ELEMENTS       433,532     NON LINEAR N-Z        258,496
CODE LENGTH             788,770     CONSTANT POOL          59,396
SINGLE =E|X= EQUS        90,039     SINGLE UNFIXED VARS    90,039


GENERATION TIME      =        1.312 SECONDS    212 MB  42.5.0 cf11b917 WEX-WEI
               L O O P S               TIME 2030

GAMS 42.5.0  cf11b917 Mar 30, 2023          WEX-WEI x86 64bit/MS Windows - 05/10/24 16:35:52 Page 39
PEP model w-t
Solution Report     SOLVE PEPWT Using CNS From line 4621


               S O L V E      S U M M A R Y

     MODEL   PEPWT               
     TYPE    CNS                 
     SOLVER  CONOPT              FROM LINE  4621

**** SOLVER STATUS     1 Normal Completion
**** MODEL STATUS      16 Solved

 RESOURCE USAGE, LIMIT          0.875 10000000000.000
 ITERATION COUNT, LIMIT        16    2147483647
 EVALUATION ERRORS              0             0
 
 
    C O N O P T 3   version 3.17N
    Copyright (C)   ARKI Consulting and Development A/S
                    Bagsvaerdvej 246 A
                    DK-2880 Bagsvaerd, Denmark
 
 
 ** 65 linear coefficients less than Rtmina = 1.00E-20
    have been set to zero.
 
 
 ** Warning **  The value of LFITER is out of range.
                LFITER is decreased from 2147483647 to 1000000000.
 
                   Pre-triangular equations:   9383
                   Post-triangular equations:  326
 
 
    It may be more efficient to turn the Post-triangular equations
    into ordinary equations with option:
 
    Lspost=False
 
 
 ** Feasible solution to a square system.
 
 
 CONOPT time Total                            0.897 seconds
   of which: Function evaluations             0.298 = 33.2%
             1st Derivative evaluations       0.044 =  4.9%
 


**** REPORT SUMMARY :        0 INFEASIBLE
                             0  DEPENDENT
                             0     ERRORS
GAMS 42.5.0  cf11b917 Mar 30, 2023          WEX-WEI x86 64bit/MS Windows - 05/10/24 16:35:52 Page 40
PEP model w-t
Range Statistics    SOLVE PEPWT Using CNS From line 4621


RANGE STATISTICS (ABSOLUTE NON-ZERO FINITE VALUES)

RHS       [min, max] : [ 9.735E-07, 1.183E+04] - Zero values observed as well
Bound     [min, max] : [        NA,        NA]
Matrix    [min, max] : [ 1.065E-20, 1.724E+05] - Zero values observed as well

GAMS 42.5.0  cf11b917 Mar 30, 2023          WEX-WEI x86 64bit/MS Windows - 05/10/24 16:35:52 Page 41
PEP model w-t
Model Statistics    SOLVE PEPWT Using CNS From line 4621


LOOPS                                 TIME   2031


MODEL STATISTICS

BLOCKS OF EQUATIONS         122     SINGLE EQUATIONS       90,039
BLOCKS OF VARIABLES         132     SINGLE VARIABLES       90,039
NON ZERO ELEMENTS       433,532     NON LINEAR N-Z        258,496
CODE LENGTH             788,770     CONSTANT POOL          59,396
SINGLE =E|X= EQUS        90,039     SINGLE UNFIXED VARS    90,039


GENERATION TIME      =        1.391 SECONDS    225 MB  42.5.0 cf11b917 WEX-WEI
               L O O P S               TIME 2031

GAMS 42.5.0  cf11b917 Mar 30, 2023          WEX-WEI x86 64bit/MS Windows - 05/10/24 16:35:52 Page 42
PEP model w-t
Solution Report     SOLVE PEPWT Using CNS From line 4621


               S O L V E      S U M M A R Y

     MODEL   PEPWT               
     TYPE    CNS                 
     SOLVER  CONOPT              FROM LINE  4621

**** SOLVER STATUS     1 Normal Completion
**** MODEL STATUS      16 Solved

 RESOURCE USAGE, LIMIT          0.828 10000000000.000
 ITERATION COUNT, LIMIT        16    2147483647
 EVALUATION ERRORS              0             0
 
 
    C O N O P T 3   version 3.17N
    Copyright (C)   ARKI Consulting and Development A/S
                    Bagsvaerdvej 246 A
                    DK-2880 Bagsvaerd, Denmark
 
 
 ** 65 linear coefficients less than Rtmina = 1.00E-20
    have been set to zero.
 
 
 ** Warning **  The value of LFITER is out of range.
                LFITER is decreased from 2147483647 to 1000000000.
 
                   Pre-triangular equations:   9383
                   Post-triangular equations:  326
 
 
    It may be more efficient to turn the Post-triangular equations
    into ordinary equations with option:
 
    Lspost=False
 
 
 ** Feasible solution to a square system.
 
 
 CONOPT time Total                            0.851 seconds
   of which: Function evaluations             0.289 = 34.0%
             1st Derivative evaluations       0.041 =  4.8%
 


**** REPORT SUMMARY :        0 INFEASIBLE
                             0  DEPENDENT
                             0     ERRORS
GAMS 42.5.0  cf11b917 Mar 30, 2023          WEX-WEI x86 64bit/MS Windows - 05/10/24 16:35:52 Page 43
PEP model w-t
Range Statistics    SOLVE PEPWT Using CNS From line 4621


RANGE STATISTICS (ABSOLUTE NON-ZERO FINITE VALUES)

RHS       [min, max] : [ 9.637E-07, 1.218E+04] - Zero values observed as well
Bound     [min, max] : [        NA,        NA]
Matrix    [min, max] : [ 1.065E-20, 1.787E+05] - Zero values observed as well

GAMS 42.5.0  cf11b917 Mar 30, 2023          WEX-WEI x86 64bit/MS Windows - 05/10/24 16:35:52 Page 44
PEP model w-t
Model Statistics    SOLVE PEPWT Using CNS From line 4621


LOOPS                                 TIME   2032


MODEL STATISTICS

BLOCKS OF EQUATIONS         122     SINGLE EQUATIONS       90,039
BLOCKS OF VARIABLES         132     SINGLE VARIABLES       90,039
NON ZERO ELEMENTS       433,532     NON LINEAR N-Z        258,496
CODE LENGTH             788,770     CONSTANT POOL          59,396
SINGLE =E|X= EQUS        90,039     SINGLE UNFIXED VARS    90,039


GENERATION TIME      =        1.359 SECONDS    239 MB  42.5.0 cf11b917 WEX-WEI
               L O O P S               TIME 2032

GAMS 42.5.0  cf11b917 Mar 30, 2023          WEX-WEI x86 64bit/MS Windows - 05/10/24 16:35:52 Page 45
PEP model w-t
Solution Report     SOLVE PEPWT Using CNS From line 4621


               S O L V E      S U M M A R Y

     MODEL   PEPWT               
     TYPE    CNS                 
     SOLVER  CONOPT              FROM LINE  4621

**** SOLVER STATUS     1 Normal Completion
**** MODEL STATUS      16 Solved

 RESOURCE USAGE, LIMIT          0.844 10000000000.000
 ITERATION COUNT, LIMIT        16    2147483647
 EVALUATION ERRORS              0             0
 
 
    C O N O P T 3   version 3.17N
    Copyright (C)   ARKI Consulting and Development A/S
                    Bagsvaerdvej 246 A
                    DK-2880 Bagsvaerd, Denmark
 
 
 ** 65 linear coefficients less than Rtmina = 1.00E-20
    have been set to zero.
 
 
 ** Warning **  The value of LFITER is out of range.
                LFITER is decreased from 2147483647 to 1000000000.
 
                   Pre-triangular equations:   9383
                   Post-triangular equations:  326
 
 
    It may be more efficient to turn the Post-triangular equations
    into ordinary equations with option:
 
    Lspost=False
 
 
 ** Feasible solution to a square system.
 
 
 CONOPT time Total                            0.866 seconds
   of which: Function evaluations             0.289 = 33.4%
             1st Derivative evaluations       0.054 =  6.2%
 


**** REPORT SUMMARY :        0 INFEASIBLE
                             0  DEPENDENT
                             0     ERRORS
GAMS 42.5.0  cf11b917 Mar 30, 2023          WEX-WEI x86 64bit/MS Windows - 05/10/24 16:35:52 Page 46
PEP model w-t
Range Statistics    SOLVE PEPWT Using CNS From line 4621


RANGE STATISTICS (ABSOLUTE NON-ZERO FINITE VALUES)

RHS       [min, max] : [ 9.541E-07, 1.251E+04] - Zero values observed as well
Bound     [min, max] : [        NA,        NA]
Matrix    [min, max] : [ 1.065E-20, 1.854E+05] - Zero values observed as well

GAMS 42.5.0  cf11b917 Mar 30, 2023          WEX-WEI x86 64bit/MS Windows - 05/10/24 16:35:52 Page 47
PEP model w-t
Model Statistics    SOLVE PEPWT Using CNS From line 4621


LOOPS                                 TIME   2033


MODEL STATISTICS

BLOCKS OF EQUATIONS         122     SINGLE EQUATIONS       90,039
BLOCKS OF VARIABLES         132     SINGLE VARIABLES       90,039
NON ZERO ELEMENTS       433,536     NON LINEAR N-Z        258,498
CODE LENGTH             788,775     CONSTANT POOL          59,396
SINGLE =E|X= EQUS        90,039     SINGLE UNFIXED VARS    90,039


GENERATION TIME      =        1.516 SECONDS    252 MB  42.5.0 cf11b917 WEX-WEI
               L O O P S               TIME 2033

GAMS 42.5.0  cf11b917 Mar 30, 2023          WEX-WEI x86 64bit/MS Windows - 05/10/24 16:35:52 Page 48
PEP model w-t
Solution Report     SOLVE PEPWT Using CNS From line 4621


               S O L V E      S U M M A R Y

     MODEL   PEPWT               
     TYPE    CNS                 
     SOLVER  CONOPT              FROM LINE  4621

**** SOLVER STATUS     1 Normal Completion
**** MODEL STATUS      16 Solved

 RESOURCE USAGE, LIMIT          0.937 10000000000.000
 ITERATION COUNT, LIMIT        15    2147483647
 EVALUATION ERRORS              0             0
 
 
    C O N O P T 3   version 3.17N
    Copyright (C)   ARKI Consulting and Development A/S
                    Bagsvaerdvej 246 A
                    DK-2880 Bagsvaerd, Denmark
 
 
 ** 65 linear coefficients less than Rtmina = 1.00E-20
    have been set to zero.
 
 
 ** Warning **  The value of LFITER is out of range.
                LFITER is decreased from 2147483647 to 1000000000.
 
                   Pre-triangular equations:   9376
                   Post-triangular equations:  327
 
 
    It may be more efficient to turn the Post-triangular equations
    into ordinary equations with option:
 
    Lspost=False
 
 
 ** Feasible solution to a square system.
 
 
 CONOPT time Total                            0.963 seconds
   of which: Function evaluations             0.338 = 35.1%
             1st Derivative evaluations       0.048 =  5.0%
 


**** REPORT SUMMARY :        0 INFEASIBLE
                             0  DEPENDENT
                             0     ERRORS
GAMS 42.5.0  cf11b917 Mar 30, 2023          WEX-WEI x86 64bit/MS Windows - 05/10/24 16:35:52 Page 49
PEP model w-t
Range Statistics    SOLVE PEPWT Using CNS From line 4621


RANGE STATISTICS (ABSOLUTE NON-ZERO FINITE VALUES)

RHS       [min, max] : [ 9.446E-07, 1.282E+04] - Zero values observed as well
Bound     [min, max] : [        NA,        NA]
Matrix    [min, max] : [ 1.065E-20, 1.918E+05] - Zero values observed as well

GAMS 42.5.0  cf11b917 Mar 30, 2023          WEX-WEI x86 64bit/MS Windows - 05/10/24 16:35:52 Page 50
PEP model w-t
Model Statistics    SOLVE PEPWT Using CNS From line 4621


LOOPS                                 TIME   2034


MODEL STATISTICS

BLOCKS OF EQUATIONS         122     SINGLE EQUATIONS       90,039
BLOCKS OF VARIABLES         132     SINGLE VARIABLES       90,039
NON ZERO ELEMENTS       433,536     NON LINEAR N-Z        258,498
CODE LENGTH             788,775     CONSTANT POOL          59,396
SINGLE =E|X= EQUS        90,039     SINGLE UNFIXED VARS    90,039


GENERATION TIME      =        1.516 SECONDS    264 MB  42.5.0 cf11b917 WEX-WEI
               L O O P S               TIME 2034

GAMS 42.5.0  cf11b917 Mar 30, 2023          WEX-WEI x86 64bit/MS Windows - 05/10/24 16:35:52 Page 51
PEP model w-t
Solution Report     SOLVE PEPWT Using CNS From line 4621


               S O L V E      S U M M A R Y

     MODEL   PEPWT               
     TYPE    CNS                 
     SOLVER  CONOPT              FROM LINE  4621

**** SOLVER STATUS     1 Normal Completion
**** MODEL STATUS      16 Solved

 RESOURCE USAGE, LIMIT          0.812 10000000000.000
 ITERATION COUNT, LIMIT        15    2147483647
 EVALUATION ERRORS              0             0
 
 
    C O N O P T 3   version 3.17N
    Copyright (C)   ARKI Consulting and Development A/S
                    Bagsvaerdvej 246 A
                    DK-2880 Bagsvaerd, Denmark
 
 
 ** 65 linear coefficients less than Rtmina = 1.00E-20
    have been set to zero.
 
 
 ** Warning **  The value of LFITER is out of range.
                LFITER is decreased from 2147483647 to 1000000000.
 
                   Pre-triangular equations:   9376
                   Post-triangular equations:  327
 
 
    It may be more efficient to turn the Post-triangular equations
    into ordinary equations with option:
 
    Lspost=False
 
 
 ** Feasible solution to a square system.
 
 
 CONOPT time Total                            0.832 seconds
   of which: Function evaluations             0.271 = 32.6%
             1st Derivative evaluations       0.040 =  4.8%
 


**** REPORT SUMMARY :        0 INFEASIBLE
                             0  DEPENDENT
                             0     ERRORS
GAMS 42.5.0  cf11b917 Mar 30, 2023          WEX-WEI x86 64bit/MS Windows - 05/10/24 16:35:52 Page 52
PEP model w-t
Range Statistics    SOLVE PEPWT Using CNS From line 4621


RANGE STATISTICS (ABSOLUTE NON-ZERO FINITE VALUES)

RHS       [min, max] : [ 9.351E-07, 1.310E+04] - Zero values observed as well
Bound     [min, max] : [        NA,        NA]
Matrix    [min, max] : [ 1.031E-20, 1.979E+05] - Zero values observed as well

GAMS 42.5.0  cf11b917 Mar 30, 2023          WEX-WEI x86 64bit/MS Windows - 05/10/24 16:35:52 Page 53
PEP model w-t
Model Statistics    SOLVE PEPWT Using CNS From line 4621


LOOPS                                 TIME   2035


MODEL STATISTICS

BLOCKS OF EQUATIONS         122     SINGLE EQUATIONS       90,039
BLOCKS OF VARIABLES         132     SINGLE VARIABLES       90,039
NON ZERO ELEMENTS       433,536     NON LINEAR N-Z        258,498
CODE LENGTH             788,775     CONSTANT POOL          59,396
SINGLE =E|X= EQUS        90,039     SINGLE UNFIXED VARS    90,039


GENERATION TIME      =        1.562 SECONDS    277 MB  42.5.0 cf11b917 WEX-WEI
               L O O P S               TIME 2035

GAMS 42.5.0  cf11b917 Mar 30, 2023          WEX-WEI x86 64bit/MS Windows - 05/10/24 16:35:52 Page 54
PEP model w-t
Solution Report     SOLVE PEPWT Using CNS From line 4621


               S O L V E      S U M M A R Y

     MODEL   PEPWT               
     TYPE    CNS                 
     SOLVER  CONOPT              FROM LINE  4621

**** SOLVER STATUS     1 Normal Completion
**** MODEL STATUS      16 Solved

 RESOURCE USAGE, LIMIT          0.813 10000000000.000
 ITERATION COUNT, LIMIT        15    2147483647
 EVALUATION ERRORS              0             0
 
 
    C O N O P T 3   version 3.17N
    Copyright (C)   ARKI Consulting and Development A/S
                    Bagsvaerdvej 246 A
                    DK-2880 Bagsvaerd, Denmark
 
 
 ** 65 linear coefficients less than Rtmina = 1.00E-20
    have been set to zero.
 
 
 ** Warning **  The value of LFITER is out of range.
                LFITER is decreased from 2147483647 to 1000000000.
 
                   Pre-triangular equations:   9376
                   Post-triangular equations:  327
 
 
    It may be more efficient to turn the Post-triangular equations
    into ordinary equations with option:
 
    Lspost=False
 
 
 ** Feasible solution to a square system.
 
 
 CONOPT time Total                            0.832 seconds
   of which: Function evaluations             0.268 = 32.2%
             1st Derivative evaluations       0.040 =  4.8%
 


**** REPORT SUMMARY :        0 INFEASIBLE
                             0  DEPENDENT
                             0     ERRORS
GAMS 42.5.0  cf11b917 Mar 30, 2023          WEX-WEI x86 64bit/MS Windows - 05/10/24 16:35:52 Page 55
PEP model w-t
Range Statistics    SOLVE PEPWT Using CNS From line 4621


RANGE STATISTICS (ABSOLUTE NON-ZERO FINITE VALUES)

RHS       [min, max] : [ 9.258E-07, 1.335E+04] - Zero values observed as well
Bound     [min, max] : [        NA,        NA]
Matrix    [min, max] : [ 1.065E-20, 2.035E+05] - Zero values observed as well

GAMS 42.5.0  cf11b917 Mar 30, 2023          WEX-WEI x86 64bit/MS Windows - 05/10/24 16:35:52 Page 56
PEP model w-t
Model Statistics    SOLVE PEPWT Using CNS From line 4621


LOOPS                                 TIME   2036


MODEL STATISTICS

BLOCKS OF EQUATIONS         122     SINGLE EQUATIONS       90,039
BLOCKS OF VARIABLES         132     SINGLE VARIABLES       90,039
NON ZERO ELEMENTS       433,544     NON LINEAR N-Z        258,502
CODE LENGTH             788,785     CONSTANT POOL          59,396
SINGLE =E|X= EQUS        90,039     SINGLE UNFIXED VARS    90,039


GENERATION TIME      =        1.609 SECONDS    290 MB  42.5.0 cf11b917 WEX-WEI
               L O O P S               TIME 2036

GAMS 42.5.0  cf11b917 Mar 30, 2023          WEX-WEI x86 64bit/MS Windows - 05/10/24 16:35:52 Page 57
PEP model w-t
Solution Report     SOLVE PEPWT Using CNS From line 4621


               S O L V E      S U M M A R Y

     MODEL   PEPWT               
     TYPE    CNS                 
     SOLVER  CONOPT              FROM LINE  4621

**** SOLVER STATUS     1 Normal Completion
**** MODEL STATUS      16 Solved

 RESOURCE USAGE, LIMIT          1.016 10000000000.000
 ITERATION COUNT, LIMIT        24    2147483647
 EVALUATION ERRORS              0             0
 
 
    C O N O P T 3   version 3.17N
    Copyright (C)   ARKI Consulting and Development A/S
                    Bagsvaerdvej 246 A
                    DK-2880 Bagsvaerd, Denmark
 
 
 ** 65 linear coefficients less than Rtmina = 1.00E-20
    have been set to zero.
 
 
 ** Warning **  The value of LFITER is out of range.
                LFITER is decreased from 2147483647 to 1000000000.
 
                   Pre-triangular equations:   9364
                   Post-triangular equations:  327
 
 
    It may be more efficient to turn the Post-triangular equations
    into ordinary equations with option:
 
    Lspost=False
 
 
 ** Feasible solution to a square system.
 
 
 CONOPT time Total                            1.030 seconds
   of which: Function evaluations             0.408 = 39.6%
             1st Derivative evaluations       0.040 =  3.9%
 


**** REPORT SUMMARY :        0 INFEASIBLE
                             0  DEPENDENT
                             0     ERRORS
GAMS 42.5.0  cf11b917 Mar 30, 2023          WEX-WEI x86 64bit/MS Windows - 05/10/24 16:35:52 Page 58
PEP model w-t
Range Statistics    SOLVE PEPWT Using CNS From line 4621


RANGE STATISTICS (ABSOLUTE NON-ZERO FINITE VALUES)

RHS       [min, max] : [ 9.165E-07, 1.358E+04] - Zero values observed as well
Bound     [min, max] : [        NA,        NA]
Matrix    [min, max] : [ 1.065E-20, 2.095E+05] - Zero values observed as well

GAMS 42.5.0  cf11b917 Mar 30, 2023          WEX-WEI x86 64bit/MS Windows - 05/10/24 16:35:52 Page 59
PEP model w-t
Model Statistics    SOLVE PEPWT Using CNS From line 4621


LOOPS                                 TIME   2037


MODEL STATISTICS

BLOCKS OF EQUATIONS         122     SINGLE EQUATIONS       90,039
BLOCKS OF VARIABLES         132     SINGLE VARIABLES       90,039
NON ZERO ELEMENTS       433,544     NON LINEAR N-Z        258,502
CODE LENGTH             788,785     CONSTANT POOL          59,396
SINGLE =E|X= EQUS        90,039     SINGLE UNFIXED VARS    90,039


GENERATION TIME      =        1.718 SECONDS    304 MB  42.5.0 cf11b917 WEX-WEI
               L O O P S               TIME 2037

GAMS 42.5.0  cf11b917 Mar 30, 2023          WEX-WEI x86 64bit/MS Windows - 05/10/24 16:35:52 Page 60
PEP model w-t
Solution Report     SOLVE PEPWT Using CNS From line 4621


               S O L V E      S U M M A R Y

     MODEL   PEPWT               
     TYPE    CNS                 
     SOLVER  CONOPT              FROM LINE  4621

**** SOLVER STATUS     1 Normal Completion
**** MODEL STATUS      16 Solved

 RESOURCE USAGE, LIMIT          0.859 10000000000.000
 ITERATION COUNT, LIMIT        15    2147483647
 EVALUATION ERRORS              0             0
 
 
    C O N O P T 3   version 3.17N
    Copyright (C)   ARKI Consulting and Development A/S
                    Bagsvaerdvej 246 A
                    DK-2880 Bagsvaerd, Denmark
 
 
 ** 65 linear coefficients less than Rtmina = 1.00E-20
    have been set to zero.
 
 
 ** Warning **  The value of LFITER is out of range.
                LFITER is decreased from 2147483647 to 1000000000.
 
                   Pre-triangular equations:   9364
                   Post-triangular equations:  327
 
 
    It may be more efficient to turn the Post-triangular equations
    into ordinary equations with option:
 
    Lspost=False
 
 
 ** Feasible solution to a square system.
 
 
 CONOPT time Total                            0.884 seconds
   of which: Function evaluations             0.275 = 31.1%
             1st Derivative evaluations       0.044 =  5.0%
 


**** REPORT SUMMARY :        0 INFEASIBLE
                             0  DEPENDENT
                             0     ERRORS
GAMS 42.5.0  cf11b917 Mar 30, 2023          WEX-WEI x86 64bit/MS Windows - 05/10/24 16:35:52 Page 61
PEP model w-t
Range Statistics    SOLVE PEPWT Using CNS From line 4621


RANGE STATISTICS (ABSOLUTE NON-ZERO FINITE VALUES)

RHS       [min, max] : [ 9.073E-07, 1.377E+04] - Zero values observed as well
Bound     [min, max] : [        NA,        NA]
Matrix    [min, max] : [ 1.065E-20, 2.151E+05] - Zero values observed as well

GAMS 42.5.0  cf11b917 Mar 30, 2023          WEX-WEI x86 64bit/MS Windows - 05/10/24 16:35:52 Page 62
PEP model w-t
Model Statistics    SOLVE PEPWT Using CNS From line 4621


LOOPS                                 TIME   2038


MODEL STATISTICS

BLOCKS OF EQUATIONS         122     SINGLE EQUATIONS       90,039
BLOCKS OF VARIABLES         132     SINGLE VARIABLES       90,039
NON ZERO ELEMENTS       433,544     NON LINEAR N-Z        258,502
CODE LENGTH             788,785     CONSTANT POOL          59,396
SINGLE =E|X= EQUS        90,039     SINGLE UNFIXED VARS    90,039


GENERATION TIME      =        1.765 SECONDS    317 MB  42.5.0 cf11b917 WEX-WEI
               L O O P S               TIME 2038

GAMS 42.5.0  cf11b917 Mar 30, 2023          WEX-WEI x86 64bit/MS Windows - 05/10/24 16:35:52 Page 63
PEP model w-t
Solution Report     SOLVE PEPWT Using CNS From line 4621


               S O L V E      S U M M A R Y

     MODEL   PEPWT               
     TYPE    CNS                 
     SOLVER  CONOPT              FROM LINE  4621

**** SOLVER STATUS     1 Normal Completion
**** MODEL STATUS      16 Solved

 RESOURCE USAGE, LIMIT          0.797 10000000000.000
 ITERATION COUNT, LIMIT        14    2147483647
 EVALUATION ERRORS              0             0
 
 
    C O N O P T 3   version 3.17N
    Copyright (C)   ARKI Consulting and Development A/S
                    Bagsvaerdvej 246 A
                    DK-2880 Bagsvaerd, Denmark
 
 
 ** 65 linear coefficients less than Rtmina = 1.00E-20
    have been set to zero.
 
 
 ** Warning **  The value of LFITER is out of range.
                LFITER is decreased from 2147483647 to 1000000000.
 
                   Pre-triangular equations:   9364
                   Post-triangular equations:  327
 
 
    It may be more efficient to turn the Post-triangular equations
    into ordinary equations with option:
 
    Lspost=False
 
 
 ** Feasible solution to a square system.
 
 
 CONOPT time Total                            0.819 seconds
   of which: Function evaluations             0.251 = 30.6%
             1st Derivative evaluations       0.040 =  4.9%
 


**** REPORT SUMMARY :        0 INFEASIBLE
                             0  DEPENDENT
                             0     ERRORS
GAMS 42.5.0  cf11b917 Mar 30, 2023          WEX-WEI x86 64bit/MS Windows - 05/10/24 16:35:52 Page 64
PEP model w-t
Range Statistics    SOLVE PEPWT Using CNS From line 4621


RANGE STATISTICS (ABSOLUTE NON-ZERO FINITE VALUES)

RHS       [min, max] : [ 8.983E-07, 1.394E+04] - Zero values observed as well
Bound     [min, max] : [        NA,        NA]
Matrix    [min, max] : [ 1.065E-20, 2.202E+05] - Zero values observed as well

GAMS 42.5.0  cf11b917 Mar 30, 2023          WEX-WEI x86 64bit/MS Windows - 05/10/24 16:35:52 Page 65
PEP model w-t
Model Statistics    SOLVE PEPWT Using CNS From line 4621


LOOPS                                 TIME   2039


MODEL STATISTICS

BLOCKS OF EQUATIONS         122     SINGLE EQUATIONS       90,039
BLOCKS OF VARIABLES         132     SINGLE VARIABLES       90,039
NON ZERO ELEMENTS       433,544     NON LINEAR N-Z        258,502
CODE LENGTH             788,785     CONSTANT POOL          59,396
SINGLE =E|X= EQUS        90,039     SINGLE UNFIXED VARS    90,039


GENERATION TIME      =        1.782 SECONDS    330 MB  42.5.0 cf11b917 WEX-WEI
               L O O P S               TIME 2039

GAMS 42.5.0  cf11b917 Mar 30, 2023          WEX-WEI x86 64bit/MS Windows - 05/10/24 16:35:52 Page 66
PEP model w-t
Solution Report     SOLVE PEPWT Using CNS From line 4621


               S O L V E      S U M M A R Y

     MODEL   PEPWT               
     TYPE    CNS                 
     SOLVER  CONOPT              FROM LINE  4621

**** SOLVER STATUS     1 Normal Completion
**** MODEL STATUS      16 Solved

 RESOURCE USAGE, LIMIT          0.797 10000000000.000
 ITERATION COUNT, LIMIT        14    2147483647
 EVALUATION ERRORS              0             0
 
 
    C O N O P T 3   version 3.17N
    Copyright (C)   ARKI Consulting and Development A/S
                    Bagsvaerdvej 246 A
                    DK-2880 Bagsvaerd, Denmark
 
 
 ** 65 linear coefficients less than Rtmina = 1.00E-20
    have been set to zero.
 
 
 ** Warning **  The value of LFITER is out of range.
                LFITER is decreased from 2147483647 to 1000000000.
 
                   Pre-triangular equations:   9364
                   Post-triangular equations:  327
 
 
    It may be more efficient to turn the Post-triangular equations
    into ordinary equations with option:
 
    Lspost=False
 
 
 ** Feasible solution to a square system.
 
 
 CONOPT time Total                            0.809 seconds
   of which: Function evaluations             0.257 = 31.8%
             1st Derivative evaluations       0.040 =  4.9%
 


**** REPORT SUMMARY :        0 INFEASIBLE
                             0  DEPENDENT
                             0     ERRORS
GAMS 42.5.0  cf11b917 Mar 30, 2023          WEX-WEI x86 64bit/MS Windows - 05/10/24 16:35:52 Page 67
PEP model w-t
Range Statistics    SOLVE PEPWT Using CNS From line 4621


RANGE STATISTICS (ABSOLUTE NON-ZERO FINITE VALUES)

RHS       [min, max] : [ 8.893E-07, 1.408E+04] - Zero values observed as well
Bound     [min, max] : [        NA,        NA]
Matrix    [min, max] : [ 1.065E-20, 2.246E+05] - Zero values observed as well

GAMS 42.5.0  cf11b917 Mar 30, 2023          WEX-WEI x86 64bit/MS Windows - 05/10/24 16:35:52 Page 68
PEP model w-t
Model Statistics    SOLVE PEPWT Using CNS From line 4621


LOOPS                                 TIME   2040


MODEL STATISTICS

BLOCKS OF EQUATIONS         122     SINGLE EQUATIONS       90,039
BLOCKS OF VARIABLES         132     SINGLE VARIABLES       90,039
NON ZERO ELEMENTS       433,544     NON LINEAR N-Z        258,502
CODE LENGTH             788,785     CONSTANT POOL          59,396
SINGLE =E|X= EQUS        90,039     SINGLE UNFIXED VARS    90,039


GENERATION TIME      =        1.906 SECONDS    343 MB  42.5.0 cf11b917 WEX-WEI
               L O O P S               TIME 2040

GAMS 42.5.0  cf11b917 Mar 30, 2023          WEX-WEI x86 64bit/MS Windows - 05/10/24 16:35:52 Page 69
PEP model w-t
Solution Report     SOLVE PEPWT Using CNS From line 4621


               S O L V E      S U M M A R Y

     MODEL   PEPWT               
     TYPE    CNS                 
     SOLVER  CONOPT              FROM LINE  4621

**** SOLVER STATUS     1 Normal Completion
**** MODEL STATUS      16 Solved

 RESOURCE USAGE, LIMIT          0.797 10000000000.000
 ITERATION COUNT, LIMIT        14    2147483647
 EVALUATION ERRORS              0             0
 
 
    C O N O P T 3   version 3.17N
    Copyright (C)   ARKI Consulting and Development A/S
                    Bagsvaerdvej 246 A
                    DK-2880 Bagsvaerd, Denmark
 
 
 ** 65 linear coefficients less than Rtmina = 1.00E-20
    have been set to zero.
 
 
 ** Warning **  The value of LFITER is out of range.
                LFITER is decreased from 2147483647 to 1000000000.
 
                   Pre-triangular equations:   9364
                   Post-triangular equations:  327
 
 
    It may be more efficient to turn the Post-triangular equations
    into ordinary equations with option:
 
    Lspost=False
 
 
 ** Feasible solution to a square system.
 
 
 CONOPT time Total                            0.828 seconds
   of which: Function evaluations             0.252 = 30.4%
             1st Derivative evaluations       0.044 =  5.3%
 


**** REPORT SUMMARY :        0 INFEASIBLE
                             0  DEPENDENT
                             0     ERRORS
GAMS 42.5.0  cf11b917 Mar 30, 2023          WEX-WEI x86 64bit/MS Windows - 05/10/24 16:35:52 Page 70
PEP model w-t
Range Statistics    SOLVE PEPWT Using CNS From line 4621


RANGE STATISTICS (ABSOLUTE NON-ZERO FINITE VALUES)

RHS       [min, max] : [ 8.804E-07, 1.420E+04] - Zero values observed as well
Bound     [min, max] : [        NA,        NA]
Matrix    [min, max] : [ 1.065E-20, 2.285E+05] - Zero values observed as well

GAMS 42.5.0  cf11b917 Mar 30, 2023          WEX-WEI x86 64bit/MS Windows - 05/10/24 16:35:52 Page 71
PEP model w-t
Model Statistics    SOLVE PEPWT Using CNS From line 4621


LOOPS                                 TIME   2041


MODEL STATISTICS

BLOCKS OF EQUATIONS         122     SINGLE EQUATIONS       90,039
BLOCKS OF VARIABLES         132     SINGLE VARIABLES       90,039
NON ZERO ELEMENTS       433,544     NON LINEAR N-Z        258,502
CODE LENGTH             788,785     CONSTANT POOL          59,396
SINGLE =E|X= EQUS        90,039     SINGLE UNFIXED VARS    90,039


GENERATION TIME      =        1.906 SECONDS    357 MB  42.5.0 cf11b917 WEX-WEI
               L O O P S               TIME 2041

GAMS 42.5.0  cf11b917 Mar 30, 2023          WEX-WEI x86 64bit/MS Windows - 05/10/24 16:35:52 Page 72
PEP model w-t
Solution Report     SOLVE PEPWT Using CNS From line 4621


               S O L V E      S U M M A R Y

     MODEL   PEPWT               
     TYPE    CNS                 
     SOLVER  CONOPT              FROM LINE  4621

**** SOLVER STATUS     1 Normal Completion
**** MODEL STATUS      16 Solved

 RESOURCE USAGE, LIMIT          0.875 10000000000.000
 ITERATION COUNT, LIMIT        14    2147483647
 EVALUATION ERRORS              0             0
 
 
    C O N O P T 3   version 3.17N
    Copyright (C)   ARKI Consulting and Development A/S
                    Bagsvaerdvej 246 A
                    DK-2880 Bagsvaerd, Denmark
 
 
 ** 65 linear coefficients less than Rtmina = 1.00E-20
    have been set to zero.
 
 
 ** Warning **  The value of LFITER is out of range.
                LFITER is decreased from 2147483647 to 1000000000.
 
                   Pre-triangular equations:   9364
                   Post-triangular equations:  327
 
 
    It may be more efficient to turn the Post-triangular equations
    into ordinary equations with option:
 
    Lspost=False
 
 
 ** Feasible solution to a square system.
 
 
 CONOPT time Total                            0.905 seconds
   of which: Function evaluations             0.293 = 32.4%
             1st Derivative evaluations       0.039 =  4.3%
 


**** REPORT SUMMARY :        0 INFEASIBLE
                             0  DEPENDENT
                             0     ERRORS
GAMS 42.5.0  cf11b917 Mar 30, 2023          WEX-WEI x86 64bit/MS Windows - 05/10/24 16:35:52 Page 73
PEP model w-t
Range Statistics    SOLVE PEPWT Using CNS From line 4621


RANGE STATISTICS (ABSOLUTE NON-ZERO FINITE VALUES)

RHS       [min, max] : [ 8.716E-07, 1.429E+04] - Zero values observed as well
Bound     [min, max] : [        NA,        NA]
Matrix    [min, max] : [ 1.065E-20, 2.317E+05] - Zero values observed as well

GAMS 42.5.0  cf11b917 Mar 30, 2023          WEX-WEI x86 64bit/MS Windows - 05/10/24 16:35:52 Page 74
PEP model w-t
Model Statistics    SOLVE PEPWT Using CNS From line 4621


LOOPS                                 TIME   2042


MODEL STATISTICS

BLOCKS OF EQUATIONS         122     SINGLE EQUATIONS       90,039
BLOCKS OF VARIABLES         132     SINGLE VARIABLES       90,039
NON ZERO ELEMENTS       433,544     NON LINEAR N-Z        258,502
CODE LENGTH             788,785     CONSTANT POOL          59,396
SINGLE =E|X= EQUS        90,039     SINGLE UNFIXED VARS    90,039


GENERATION TIME      =        1.907 SECONDS    370 MB  42.5.0 cf11b917 WEX-WEI
               L O O P S               TIME 2042

GAMS 42.5.0  cf11b917 Mar 30, 2023          WEX-WEI x86 64bit/MS Windows - 05/10/24 16:35:52 Page 75
PEP model w-t
Solution Report     SOLVE PEPWT Using CNS From line 4621


               S O L V E      S U M M A R Y

     MODEL   PEPWT               
     TYPE    CNS                 
     SOLVER  CONOPT              FROM LINE  4621

**** SOLVER STATUS     1 Normal Completion
**** MODEL STATUS      16 Solved

 RESOURCE USAGE, LIMIT          0.844 10000000000.000
 ITERATION COUNT, LIMIT        14    2147483647
 EVALUATION ERRORS              0             0
 
 
    C O N O P T 3   version 3.17N
    Copyright (C)   ARKI Consulting and Development A/S
                    Bagsvaerdvej 246 A
                    DK-2880 Bagsvaerd, Denmark
 
 
 ** 65 linear coefficients less than Rtmina = 1.00E-20
    have been set to zero.
 
 
 ** Warning **  The value of LFITER is out of range.
                LFITER is decreased from 2147483647 to 1000000000.
 
                   Pre-triangular equations:   9364
                   Post-triangular equations:  327
 
 
    It may be more efficient to turn the Post-triangular equations
    into ordinary equations with option:
 
    Lspost=False
 
 
 ** Feasible solution to a square system.
 
 
 CONOPT time Total                            0.868 seconds
   of which: Function evaluations             0.259 = 29.8%
             1st Derivative evaluations       0.048 =  5.5%
 


**** REPORT SUMMARY :        0 INFEASIBLE
                             0  DEPENDENT
                             0     ERRORS
GAMS 42.5.0  cf11b917 Mar 30, 2023          WEX-WEI x86 64bit/MS Windows - 05/10/24 16:35:52 Page 76
PEP model w-t
Range Statistics    SOLVE PEPWT Using CNS From line 4621


RANGE STATISTICS (ABSOLUTE NON-ZERO FINITE VALUES)

RHS       [min, max] : [ 8.629E-07, 1.436E+04] - Zero values observed as well
Bound     [min, max] : [        NA,        NA]
Matrix    [min, max] : [ 1.065E-20, 2.346E+05] - Zero values observed as well

GAMS 42.5.0  cf11b917 Mar 30, 2023          WEX-WEI x86 64bit/MS Windows - 05/10/24 16:35:52 Page 77
PEP model w-t
Model Statistics    SOLVE PEPWT Using CNS From line 4621


LOOPS                                 TIME   2043


MODEL STATISTICS

BLOCKS OF EQUATIONS         122     SINGLE EQUATIONS       90,039
BLOCKS OF VARIABLES         132     SINGLE VARIABLES       90,039
NON ZERO ELEMENTS       433,544     NON LINEAR N-Z        258,502
CODE LENGTH             788,785     CONSTANT POOL          59,396
SINGLE =E|X= EQUS        90,039     SINGLE UNFIXED VARS    90,039


GENERATION TIME      =        2.156 SECONDS    383 MB  42.5.0 cf11b917 WEX-WEI
               L O O P S               TIME 2043

GAMS 42.5.0  cf11b917 Mar 30, 2023          WEX-WEI x86 64bit/MS Windows - 05/10/24 16:35:52 Page 78
PEP model w-t
Solution Report     SOLVE PEPWT Using CNS From line 4621


               S O L V E      S U M M A R Y

     MODEL   PEPWT               
     TYPE    CNS                 
     SOLVER  CONOPT              FROM LINE  4621

**** SOLVER STATUS     1 Normal Completion
**** MODEL STATUS      16 Solved

 RESOURCE USAGE, LIMIT          0.875 10000000000.000
 ITERATION COUNT, LIMIT        14    2147483647
 EVALUATION ERRORS              0             0
 
 
    C O N O P T 3   version 3.17N
    Copyright (C)   ARKI Consulting and Development A/S
                    Bagsvaerdvej 246 A
                    DK-2880 Bagsvaerd, Denmark
 
 
 ** 65 linear coefficients less than Rtmina = 1.00E-20
    have been set to zero.
 
 
 ** Warning **  The value of LFITER is out of range.
                LFITER is decreased from 2147483647 to 1000000000.
 
                   Pre-triangular equations:   9364
                   Post-triangular equations:  327
 
 
    It may be more efficient to turn the Post-triangular equations
    into ordinary equations with option:
 
    Lspost=False
 
 
 ** Feasible solution to a square system.
 
 
 CONOPT time Total                            0.897 seconds
   of which: Function evaluations             0.272 = 30.3%
             1st Derivative evaluations       0.046 =  5.1%
 


**** REPORT SUMMARY :        0 INFEASIBLE
                             0  DEPENDENT
                             0     ERRORS
GAMS 42.5.0  cf11b917 Mar 30, 2023          WEX-WEI x86 64bit/MS Windows - 05/10/24 16:35:52 Page 79
PEP model w-t
Range Statistics    SOLVE PEPWT Using CNS From line 4621


RANGE STATISTICS (ABSOLUTE NON-ZERO FINITE VALUES)

RHS       [min, max] : [ 8.542E-07, 1.441E+04] - Zero values observed as well
Bound     [min, max] : [        NA,        NA]
Matrix    [min, max] : [ 1.065E-20, 2.370E+05] - Zero values observed as well

GAMS 42.5.0  cf11b917 Mar 30, 2023          WEX-WEI x86 64bit/MS Windows - 05/10/24 16:35:52 Page 80
PEP model w-t
Model Statistics    SOLVE PEPWT Using CNS From line 4621


LOOPS                                 TIME   2044


MODEL STATISTICS

BLOCKS OF EQUATIONS         122     SINGLE EQUATIONS       90,039
BLOCKS OF VARIABLES         132     SINGLE VARIABLES       90,039
NON ZERO ELEMENTS       433,544     NON LINEAR N-Z        258,502
CODE LENGTH             788,785     CONSTANT POOL          59,396
SINGLE =E|X= EQUS        90,039     SINGLE UNFIXED VARS    90,039


GENERATION TIME      =        2.016 SECONDS    397 MB  42.5.0 cf11b917 WEX-WEI
               L O O P S               TIME 2044

GAMS 42.5.0  cf11b917 Mar 30, 2023          WEX-WEI x86 64bit/MS Windows - 05/10/24 16:35:52 Page 81
PEP model w-t
Solution Report     SOLVE PEPWT Using CNS From line 4621


               S O L V E      S U M M A R Y

     MODEL   PEPWT               
     TYPE    CNS                 
     SOLVER  CONOPT              FROM LINE  4621

**** SOLVER STATUS     1 Normal Completion
**** MODEL STATUS      16 Solved

 RESOURCE USAGE, LIMIT          0.859 10000000000.000
 ITERATION COUNT, LIMIT        14    2147483647
 EVALUATION ERRORS              0             0
 
 
    C O N O P T 3   version 3.17N
    Copyright (C)   ARKI Consulting and Development A/S
                    Bagsvaerdvej 246 A
                    DK-2880 Bagsvaerd, Denmark
 
 
 ** 65 linear coefficients less than Rtmina = 1.00E-20
    have been set to zero.
 
 
 ** Warning **  The value of LFITER is out of range.
                LFITER is decreased from 2147483647 to 1000000000.
 
                   Pre-triangular equations:   9364
                   Post-triangular equations:  327
 
 
    It may be more efficient to turn the Post-triangular equations
    into ordinary equations with option:
 
    Lspost=False
 
 
 ** Feasible solution to a square system.
 
 
 CONOPT time Total                            0.892 seconds
   of which: Function evaluations             0.253 = 28.4%
             1st Derivative evaluations       0.051 =  5.7%
 


**** REPORT SUMMARY :        0 INFEASIBLE
                             0  DEPENDENT
                             0     ERRORS
GAMS 42.5.0  cf11b917 Mar 30, 2023          WEX-WEI x86 64bit/MS Windows - 05/10/24 16:35:52 Page 82
PEP model w-t
Range Statistics    SOLVE PEPWT Using CNS From line 4621


RANGE STATISTICS (ABSOLUTE NON-ZERO FINITE VALUES)

RHS       [min, max] : [ 8.457E-07, 1.444E+04] - Zero values observed as well
Bound     [min, max] : [        NA,        NA]
Matrix    [min, max] : [ 1.065E-20, 2.389E+05] - Zero values observed as well

GAMS 42.5.0  cf11b917 Mar 30, 2023          WEX-WEI x86 64bit/MS Windows - 05/10/24 16:35:52 Page 83
PEP model w-t
Model Statistics    SOLVE PEPWT Using CNS From line 4621


LOOPS                                 TIME   2045


MODEL STATISTICS

BLOCKS OF EQUATIONS         122     SINGLE EQUATIONS       90,039
BLOCKS OF VARIABLES         132     SINGLE VARIABLES       90,039
NON ZERO ELEMENTS       433,544     NON LINEAR N-Z        258,502
CODE LENGTH             788,785     CONSTANT POOL          59,396
SINGLE =E|X= EQUS        90,039     SINGLE UNFIXED VARS    90,039


GENERATION TIME      =        2.094 SECONDS    410 MB  42.5.0 cf11b917 WEX-WEI
               L O O P S               TIME 2045

GAMS 42.5.0  cf11b917 Mar 30, 2023          WEX-WEI x86 64bit/MS Windows - 05/10/24 16:35:52 Page 84
PEP model w-t
Solution Report     SOLVE PEPWT Using CNS From line 4621


               S O L V E      S U M M A R Y

     MODEL   PEPWT               
     TYPE    CNS                 
     SOLVER  CONOPT              FROM LINE  4621

**** SOLVER STATUS     1 Normal Completion
**** MODEL STATUS      16 Solved

 RESOURCE USAGE, LIMIT          0.843 10000000000.000
 ITERATION COUNT, LIMIT        15    2147483647
 EVALUATION ERRORS              0             0
 
 
    C O N O P T 3   version 3.17N
    Copyright (C)   ARKI Consulting and Development A/S
                    Bagsvaerdvej 246 A
                    DK-2880 Bagsvaerd, Denmark
 
 
 ** 65 linear coefficients less than Rtmina = 1.00E-20
    have been set to zero.
 
 
 ** Warning **  The value of LFITER is out of range.
                LFITER is decreased from 2147483647 to 1000000000.
 
                   Pre-triangular equations:   9364
                   Post-triangular equations:  327
 
 
    It may be more efficient to turn the Post-triangular equations
    into ordinary equations with option:
 
    Lspost=False
 
 
 ** Feasible solution to a square system.
 
 
 CONOPT time Total                            0.861 seconds
   of which: Function evaluations             0.283 = 32.9%
             1st Derivative evaluations       0.040 =  4.6%
 


**** REPORT SUMMARY :        0 INFEASIBLE
                             0  DEPENDENT
                             0     ERRORS
GAMS 42.5.0  cf11b917 Mar 30, 2023          WEX-WEI x86 64bit/MS Windows - 05/10/24 16:35:52 Page 85
PEP model w-t
Range Statistics    SOLVE PEPWT Using CNS From line 4621


RANGE STATISTICS (ABSOLUTE NON-ZERO FINITE VALUES)

RHS       [min, max] : [ 8.372E-07, 1.445E+04] - Zero values observed as well
Bound     [min, max] : [        NA,        NA]
Matrix    [min, max] : [ 1.065E-20, 2.403E+05] - Zero values observed as well

GAMS 42.5.0  cf11b917 Mar 30, 2023          WEX-WEI x86 64bit/MS Windows - 05/10/24 16:35:52 Page 86
PEP model w-t
Model Statistics    SOLVE PEPWT Using CNS From line 4621


LOOPS                                 TIME   2046


MODEL STATISTICS

BLOCKS OF EQUATIONS         122     SINGLE EQUATIONS       90,039
BLOCKS OF VARIABLES         132     SINGLE VARIABLES       90,039
NON ZERO ELEMENTS       433,544     NON LINEAR N-Z        258,502
CODE LENGTH             788,785     CONSTANT POOL          59,396
SINGLE =E|X= EQUS        90,039     SINGLE UNFIXED VARS    90,039


GENERATION TIME      =        2.094 SECONDS    423 MB  42.5.0 cf11b917 WEX-WEI
               L O O P S               TIME 2046

GAMS 42.5.0  cf11b917 Mar 30, 2023          WEX-WEI x86 64bit/MS Windows - 05/10/24 16:35:52 Page 87
PEP model w-t
Solution Report     SOLVE PEPWT Using CNS From line 4621


               S O L V E      S U M M A R Y

     MODEL   PEPWT               
     TYPE    CNS                 
     SOLVER  CONOPT              FROM LINE  4621

**** SOLVER STATUS     1 Normal Completion
**** MODEL STATUS      16 Solved

 RESOURCE USAGE, LIMIT          0.922 10000000000.000
 ITERATION COUNT, LIMIT        15    2147483647
 EVALUATION ERRORS              0             0
 
 
    C O N O P T 3   version 3.17N
    Copyright (C)   ARKI Consulting and Development A/S
                    Bagsvaerdvej 246 A
                    DK-2880 Bagsvaerd, Denmark
 
 
 ** 65 linear coefficients less than Rtmina = 1.00E-20
    have been set to zero.
 
 
 ** Warning **  The value of LFITER is out of range.
                LFITER is decreased from 2147483647 to 1000000000.
 
                   Pre-triangular equations:   9364
                   Post-triangular equations:  327
 
 
    It may be more efficient to turn the Post-triangular equations
    into ordinary equations with option:
 
    Lspost=False
 
 
 ** Feasible solution to a square system.
 
 
 CONOPT time Total                            0.953 seconds
   of which: Function evaluations             0.268 = 28.1%
             1st Derivative evaluations       0.049 =  5.1%
 


**** REPORT SUMMARY :        0 INFEASIBLE
                             0  DEPENDENT
                             0     ERRORS
GAMS 42.5.0  cf11b917 Mar 30, 2023          WEX-WEI x86 64bit/MS Windows - 05/10/24 16:35:52 Page 88
PEP model w-t
Range Statistics    SOLVE PEPWT Using CNS From line 4621


RANGE STATISTICS (ABSOLUTE NON-ZERO FINITE VALUES)

RHS       [min, max] : [ 8.289E-07, 1.444E+04] - Zero values observed as well
Bound     [min, max] : [        NA,        NA]
Matrix    [min, max] : [ 1.065E-20, 2.414E+05] - Zero values observed as well

GAMS 42.5.0  cf11b917 Mar 30, 2023          WEX-WEI x86 64bit/MS Windows - 05/10/24 16:35:52 Page 89
PEP model w-t
Model Statistics    SOLVE PEPWT Using CNS From line 4621


LOOPS                                 TIME   2047


MODEL STATISTICS

BLOCKS OF EQUATIONS         122     SINGLE EQUATIONS       90,039
BLOCKS OF VARIABLES         132     SINGLE VARIABLES       90,039
NON ZERO ELEMENTS       433,544     NON LINEAR N-Z        258,502
CODE LENGTH             788,785     CONSTANT POOL          59,396
SINGLE =E|X= EQUS        90,039     SINGLE UNFIXED VARS    90,039


GENERATION TIME      =        2.156 SECONDS    436 MB  42.5.0 cf11b917 WEX-WEI
               L O O P S               TIME 2047

GAMS 42.5.0  cf11b917 Mar 30, 2023          WEX-WEI x86 64bit/MS Windows - 05/10/24 16:35:52 Page 90
PEP model w-t
Solution Report     SOLVE PEPWT Using CNS From line 4621


               S O L V E      S U M M A R Y

     MODEL   PEPWT               
     TYPE    CNS                 
     SOLVER  CONOPT              FROM LINE  4621

**** SOLVER STATUS     1 Normal Completion
**** MODEL STATUS      16 Solved

 RESOURCE USAGE, LIMIT          0.828 10000000000.000
 ITERATION COUNT, LIMIT        16    2147483647
 EVALUATION ERRORS              0             0
 
 
    C O N O P T 3   version 3.17N
    Copyright (C)   ARKI Consulting and Development A/S
                    Bagsvaerdvej 246 A
                    DK-2880 Bagsvaerd, Denmark
 
 
 ** 65 linear coefficients less than Rtmina = 1.00E-20
    have been set to zero.
 
 
 ** Warning **  The value of LFITER is out of range.
                LFITER is decreased from 2147483647 to 1000000000.
 
                   Pre-triangular equations:   9364
                   Post-triangular equations:  327
 
 
    It may be more efficient to turn the Post-triangular equations
    into ordinary equations with option:
 
    Lspost=False
 
 
 ** Feasible solution to a square system.
 
 
 CONOPT time Total                            0.855 seconds
   of which: Function evaluations             0.284 = 33.2%
             1st Derivative evaluations       0.040 =  4.7%
 


**** REPORT SUMMARY :        0 INFEASIBLE
                             0  DEPENDENT
                             0     ERRORS
GAMS 42.5.0  cf11b917 Mar 30, 2023          WEX-WEI x86 64bit/MS Windows - 05/10/24 16:35:52 Page 91
PEP model w-t
Range Statistics    SOLVE PEPWT Using CNS From line 4621


RANGE STATISTICS (ABSOLUTE NON-ZERO FINITE VALUES)

RHS       [min, max] : [ 8.206E-07, 1.443E+04] - Zero values observed as well
Bound     [min, max] : [        NA,        NA]
Matrix    [min, max] : [ 1.065E-20, 2.421E+05] - Zero values observed as well

GAMS 42.5.0  cf11b917 Mar 30, 2023          WEX-WEI x86 64bit/MS Windows - 05/10/24 16:35:52 Page 92
PEP model w-t
Model Statistics    SOLVE PEPWT Using CNS From line 4621


LOOPS                                 TIME   2048


MODEL STATISTICS

BLOCKS OF EQUATIONS         122     SINGLE EQUATIONS       90,039
BLOCKS OF VARIABLES         132     SINGLE VARIABLES       90,039
NON ZERO ELEMENTS       433,544     NON LINEAR N-Z        258,502
CODE LENGTH             788,785     CONSTANT POOL          59,396
SINGLE =E|X= EQUS        90,039     SINGLE UNFIXED VARS    90,039


GENERATION TIME      =        2.156 SECONDS    450 MB  42.5.0 cf11b917 WEX-WEI
               L O O P S               TIME 2048

GAMS 42.5.0  cf11b917 Mar 30, 2023          WEX-WEI x86 64bit/MS Windows - 05/10/24 16:35:52 Page 93
PEP model w-t
Solution Report     SOLVE PEPWT Using CNS From line 4621


               S O L V E      S U M M A R Y

     MODEL   PEPWT               
     TYPE    CNS                 
     SOLVER  CONOPT              FROM LINE  4621

**** SOLVER STATUS     1 Normal Completion
**** MODEL STATUS      16 Solved

 RESOURCE USAGE, LIMIT          0.891 10000000000.000
 ITERATION COUNT, LIMIT        17    2147483647
 EVALUATION ERRORS              0             0
 
 
    C O N O P T 3   version 3.17N
    Copyright (C)   ARKI Consulting and Development A/S
                    Bagsvaerdvej 246 A
                    DK-2880 Bagsvaerd, Denmark
 
 
 ** 65 linear coefficients less than Rtmina = 1.00E-20
    have been set to zero.
 
 
 ** Warning **  The value of LFITER is out of range.
                LFITER is decreased from 2147483647 to 1000000000.
 
                   Pre-triangular equations:   9364
                   Post-triangular equations:  327
 
 
    It may be more efficient to turn the Post-triangular equations
    into ordinary equations with option:
 
    Lspost=False
 
 
 ** Feasible solution to a square system.
 
 
 CONOPT time Total                            0.914 seconds
   of which: Function evaluations             0.306 = 33.5%
             1st Derivative evaluations       0.042 =  4.6%
 


**** REPORT SUMMARY :        0 INFEASIBLE
                             0  DEPENDENT
                             0     ERRORS
GAMS 42.5.0  cf11b917 Mar 30, 2023          WEX-WEI x86 64bit/MS Windows - 05/10/24 16:35:52 Page 94
PEP model w-t
Range Statistics    SOLVE PEPWT Using CNS From line 4621


RANGE STATISTICS (ABSOLUTE NON-ZERO FINITE VALUES)

RHS       [min, max] : [ 8.124E-07, 1.440E+04] - Zero values observed as well
Bound     [min, max] : [        NA,        NA]
Matrix    [min, max] : [ 1.065E-20, 2.426E+05] - Zero values observed as well

GAMS 42.5.0  cf11b917 Mar 30, 2023          WEX-WEI x86 64bit/MS Windows - 05/10/24 16:35:52 Page 95
PEP model w-t
Model Statistics    SOLVE PEPWT Using CNS From line 4621


LOOPS                                 TIME   2049


MODEL STATISTICS

BLOCKS OF EQUATIONS         122     SINGLE EQUATIONS       90,039
BLOCKS OF VARIABLES         132     SINGLE VARIABLES       90,039
NON ZERO ELEMENTS       433,544     NON LINEAR N-Z        258,502
CODE LENGTH             788,785     CONSTANT POOL          59,396
SINGLE =E|X= EQUS        90,039     SINGLE UNFIXED VARS    90,039


GENERATION TIME      =        2.391 SECONDS    463 MB  42.5.0 cf11b917 WEX-WEI
               L O O P S               TIME 2049

GAMS 42.5.0  cf11b917 Mar 30, 2023          WEX-WEI x86 64bit/MS Windows - 05/10/24 16:35:52 Page 96
PEP model w-t
Solution Report     SOLVE PEPWT Using CNS From line 4621


               S O L V E      S U M M A R Y

     MODEL   PEPWT               
     TYPE    CNS                 
     SOLVER  CONOPT              FROM LINE  4621

**** SOLVER STATUS     1 Normal Completion
**** MODEL STATUS      16 Solved

 RESOURCE USAGE, LIMIT          1.015 10000000000.000
 ITERATION COUNT, LIMIT        18    2147483647
 EVALUATION ERRORS              0             0
 
 
    C O N O P T 3   version 3.17N
    Copyright (C)   ARKI Consulting and Development A/S
                    Bagsvaerdvej 246 A
                    DK-2880 Bagsvaerd, Denmark
 
 
 ** 65 linear coefficients less than Rtmina = 1.00E-20
    have been set to zero.
 
 
 ** Warning **  The value of LFITER is out of range.
                LFITER is decreased from 2147483647 to 1000000000.
 
                   Pre-triangular equations:   9364
                   Post-triangular equations:  327
 
 
    It may be more efficient to turn the Post-triangular equations
    into ordinary equations with option:
 
    Lspost=False
 
 
 ** Feasible solution to a square system.
 
 
 CONOPT time Total                            1.037 seconds
   of which: Function evaluations             0.359 = 34.6%
             1st Derivative evaluations       0.054 =  5.2%
 


**** REPORT SUMMARY :        0 INFEASIBLE
                             0  DEPENDENT
                             0     ERRORS
GAMS 42.5.0  cf11b917 Mar 30, 2023          WEX-WEI x86 64bit/MS Windows - 05/10/24 16:35:52 Page 97
PEP model w-t
Range Statistics    SOLVE PEPWT Using CNS From line 4621


RANGE STATISTICS (ABSOLUTE NON-ZERO FINITE VALUES)

RHS       [min, max] : [ 8.042E-07, 1.436E+04] - Zero values observed as well
Bound     [min, max] : [        NA,        NA]
Matrix    [min, max] : [ 1.065E-20, 2.428E+05] - Zero values observed as well

GAMS 42.5.0  cf11b917 Mar 30, 2023          WEX-WEI x86 64bit/MS Windows - 05/10/24 16:35:52 Page 98
PEP model w-t
Model Statistics    SOLVE PEPWT Using CNS From line 4621


LOOPS                                 TIME   2050


MODEL STATISTICS

BLOCKS OF EQUATIONS         122     SINGLE EQUATIONS       90,039
BLOCKS OF VARIABLES         132     SINGLE VARIABLES       90,039
NON ZERO ELEMENTS       433,544     NON LINEAR N-Z        258,502
CODE LENGTH             788,785     CONSTANT POOL          59,396
SINGLE =E|X= EQUS        90,039     SINGLE UNFIXED VARS    90,039


GENERATION TIME      =        2.625 SECONDS    476 MB  42.5.0 cf11b917 WEX-WEI
               L O O P S               TIME 2050

GAMS 42.5.0  cf11b917 Mar 30, 2023          WEX-WEI x86 64bit/MS Windows - 05/10/24 16:35:52 Page 99
PEP model w-t
Solution Report     SOLVE PEPWT Using CNS From line 4621


               S O L V E      S U M M A R Y

     MODEL   PEPWT               
     TYPE    CNS                 
     SOLVER  CONOPT              FROM LINE  4621

**** SOLVER STATUS     1 Normal Completion
**** MODEL STATUS      16 Solved

 RESOURCE USAGE, LIMIT          1.109 10000000000.000
 ITERATION COUNT, LIMIT        19    2147483647
 EVALUATION ERRORS              0             0
 
 
    C O N O P T 3   version 3.17N
    Copyright (C)   ARKI Consulting and Development A/S
                    Bagsvaerdvej 246 A
                    DK-2880 Bagsvaerd, Denmark
 
 
 ** 65 linear coefficients less than Rtmina = 1.00E-20
    have been set to zero.
 
 
 ** Warning **  The value of LFITER is out of range.
                LFITER is decreased from 2147483647 to 1000000000.
 
                   Pre-triangular equations:   9364
                   Post-triangular equations:  327
 
 
    It may be more efficient to turn the Post-triangular equations
    into ordinary equations with option:
 
    Lspost=False
 
 
 ** Feasible solution to a square system.
 
 
 CONOPT time Total                            1.136 seconds
   of which: Function evaluations             0.396 = 34.9%
             1st Derivative evaluations       0.058 =  5.1%
 


**** REPORT SUMMARY :        0 INFEASIBLE
                             0  DEPENDENT
                             0     ERRORS
GAMS 42.5.0  cf11b917 Mar 30, 2023          WEX-WEI x86 64bit/MS Windows - 05/10/24 16:35:52 Page 100
PEP model w-t
E x e c u t i o n


**** REPORT FILE SUMMARY

Status C:\Users\kimc0\GUIDE_GLOBAL_CGE\2.RD_CGE\Output_w-t\ModelStatus.xls


EXECUTION TIME       =      120.094 SECONDS    664 MB  42.5.0 cf11b917 WEX-WEI


USER: Medium MUD - 10 User License                   S220825|0002AO-WIN
      Konkuk University, Dept of Technology Fusion Engineering  DC16297
      License for teaching and research at degree granting institutions


**** FILE SUMMARY

Input      C:\Users\kimc0\GUIDE_GLOBAL_CGE\2.RD_CGE\Model_GTAP11b.gms
Output     C:\Users\kimc0\GUIDE_GLOBAL_CGE\2.RD_CGE\Model_GTAP11b.lst
