
--- Job Model_GTAP11b.gms Start 07/09/24 20:38:56 42.5.0 cf11b917 WEX-WEI x86 64bit/MS Windows
--- Applying:
    C:\GAMS\42\gmsprmNT.txt
    C:\Users\kimc0\Documents\GAMS\gamsconfig.yaml
--- GAMS Parameters defined
    Input C:\Users\kimc0\GUIDE_GLOBAL_CGE\2.RD_CGE\Model_GTAP11b.gms
    PageSize 0
    ScrDir C:\Users\kimc0\GUIDE_GLOBAL_CGE\2.RD_CGE\225a\
    SysDir C:\GAMS\42\
    LogOption 3
    ErrMsg 1
    ErrorLog 99
    IDE 1
    LstTitleLeftAligned 1
Licensee: Medium MUD - 10 User License                   S220825|0002AO-WIN
          Konkuk University, Dept of Technology Fusion Engineering  DC16297
          C:\Users\kimc0\Documents\GAMS\gamslice.txt
          License Admin: MInyoung Choi, mychoi1119@naver.com               
Processor information: 1 socket(s), 6 core(s), and 12 thread(s) available
GAMS 42.5.0   Copyright (C) 1987-2023 GAMS Development. All rights reserved
--- Starting compilation
--- Model_GTAP11b.gms(42) 2 Mb
--- GDXin=C:\Users\kimc0\GUIDE_GLOBAL_CGE\2.RD_CGE\Input_w-t\DATA_AGG-2019_GTAP11b.gdx
--- GDX File ($gdxIn) C:\Users\kimc0\GUIDE_GLOBAL_CGE\2.RD_CGE\Input_w-t\DATA_AGG-2019_GTAP11b.gdx
--- Model_GTAP11b.gms(663) 5 Mb
--- call gdxxrw Input_w-t\PAR.xlsx @Input_w-t\PAR.txt Rdim=2 Cdim=1 output = Input_w-t\PAR.gdx

GDXXRW           42.5.0 cf11b917 Mar 30, 2023          WEI x86 64bit/MS Window
Input file : C:\Users\kimc0\GUIDE_GLOBAL_CGE\2.RD_CGE\Input_w-t\PAR.xlsx
Output file: C:\Users\kimc0\GUIDE_GLOBAL_CGE\2.RD_CGE\Input_w-t\PAR.gdx
Total time = 1156 Ms
--- Model_GTAP11b.gms(664) 5 Mb
--- GDXin=C:\Users\kimc0\GUIDE_GLOBAL_CGE\2.RD_CGE\Input_w-t\PAR.gdx
--- GDX File ($gdxIn) C:\Users\kimc0\GUIDE_GLOBAL_CGE\2.RD_CGE\Input_w-t\PAR.gdx
--- Model_GTAP11b.gms(1399) 6 Mb
--- . DATA_WEB-2019.gms(788) 6 Mb
--- $echo File C:\Users\kimc0\GUIDE_GLOBAL_CGE\2.RD_CGE\Input_WEB\WEB19.txt
--- . DATA_WEB-2019.gms(811) 6 Mb
--- call gdxxrw Input_WEB/240522_WEB19.xlsx @Input_WEB/WEB19.txt trace=0 output=Input_WEB/240522_WEB19.gdx
--- . DATA_WEB-2019.gms(812) 6 Mb
--- GDXin=C:\Users\kimc0\GUIDE_GLOBAL_CGE\2.RD_CGE\Input_WEB\240522_WEB19.gdx
--- GDX File ($gdxIn) C:\Users\kimc0\GUIDE_GLOBAL_CGE\2.RD_CGE\Input_WEB\240522_WEB19.gdx
--- . DATA_WEB-2019.gms(1319) 6 Mb
--- Model_GTAP11b.gms(2453) 6 Mb
--- . BAU_SOLVE_GTAP11b.gms(23) 6 Mb
--- GDXin=C:\Users\kimc0\GUIDE_GLOBAL_CGE\2.RD_CGE\Input_w-t\B_line_GTAP11b.gdx
--- GDX File ($gdxIn) C:\Users\kimc0\GUIDE_GLOBAL_CGE\2.RD_CGE\Input_w-t\B_line_GTAP11b.gdx
--- . BAU_SOLVE_GTAP11b.gms(103) 6 Mb
--- .. INIT.gms(500) 6 Mb
--- . BAU_SOLVE_GTAP11b.gms(358) 6 Mb
--- Model_GTAP11b.gms(2454) 6 Mb
--- . BAU_RESULTS_GTAP11b.gms(788) 6 Mb
--- Model_GTAP11b.gms(2455) 6 Mb
--- . BAU_IAMC.gms(772) 6 Mb
--- Model_GTAP11b.gms(2473) 6 Mb
--- . NZS_SOLVE_GTAP11b.gms(125) 6 Mb
--- .. INIT.gms(500) 6 Mb
--- . NZS_SOLVE_GTAP11b.gms(545) 6 Mb
--- Model_GTAP11b.gms(2474) 6 Mb
--- . NZS_RESULTS_GTAP11b.gms(635) 6 Mb
--- Model_GTAP11b.gms(2475) 6 Mb
--- . NZS_IAMC.gms(433) 6 Mb
--- Model_GTAP11b.gms(2477) 6 Mb
--- Starting execution: elapsed 0:00:03.087
--- Model_GTAP11b.gms(2233) 17 Mb
--- GDX File (execute_unload) C:\Users\kimc0\GUIDE_GLOBAL_CGE\2.RD_CGE\Input_WEB\WEB_2019_230425.gdx
--- Model_GTAP11b.gms(2692) 17 Mb
--- GDX File (execute_unload) C:\Users\kimc0\GUIDE_GLOBAL_CGE\2.RD_CGE\Input_WEB\DATA_WEB-2019_230418.gdx
--- Model_GTAP11b.gms(2899) 18 Mb
--- GDX File (execute_unload) C:\Users\kimc0\GUIDE_GLOBAL_CGE\2.RD_CGE\Calibration_Check.gdx
--- Model_GTAP11b.gms(3866) 63 Mb
--- Generating CNS model PEPWT
--- Model_GTAP11b.gms(4622) 106 Mb
--- LOOPS TIME = 2019
---   90,685 rows  90,685 columns  434,775 non-zeroes
---   786,000 nl-code  258,073 nl-non-zeroes
--- Range statistics (absolute non-zero finite values)
--- RHS       [min, max] : [ 1.098E-06, 8.930E+03] - Zero values observed as well
--- Bound     [min, max] : [        NA,        NA]
--- Matrix    [min, max] : [ 1.059E-20, 1.731E+05] - Zero values observed as well
--- Model_GTAP11b.gms(4622) 100 Mb
--- Executing CONOPT4 (Solvelink=2): elapsed 0:00:03.866

CONOPT 4         42.5.0 cf11b917 Mar 30, 2023          WEI x86 64bit/MS Window

 
 
    C O N O P T   version 4.30
    Copyright (C) ARKI Consulting and Development A/S
                  Bagsvaerdvej 246 A
                  DK-2880 Bagsvaerd, Denmark
 
    65 constant coefficients less than 1.0E-20 (=Tol_Zero) have been removed.
    434710 coefficients left.
 
    The user model has 90685 constraints and 90685 variables
    with 434710 Jacobian elements, 258073 of which are nonlinear.
 
    Iter Phase   Ninf   Infeasibility   RGmax      NSB   Step  InItr MX OK
       0   0          3.0357395585E+03 (Input point)
 
    The pre-triangular part of the model has 9992 constraints and variables.
    The post-triangular part of the model has 309 constraints and variables.
 
    Preprocessed model has 80384 constraints and 80384 variables
    with 380343 Jacobian elements, 225546 of which are nonlinear.
 
    Iter Phase   Ninf   Infeasibility   RGmax      NSB   Step  InItr MX OK
                      3.0357395585E+03 (Full preprocessed model)
                      1.5227114049E+02 (After scaling)
       1   1       0  4.5509307208E-12                 1.0E+00     1 F  T
 
 ** Feasible solution to a square system.
 
--- Reading solution for model PEPWT
--- Executing after solve: elapsed 0:00:04.918
--- Model_GTAP11b.gms(3866) 100 Mb
--- Generating CNS model PEPWT
--- Model_GTAP11b.gms(4622) 121 Mb
--- LOOPS TIME = 2020
---   90,685 rows  90,685 columns  435,637 non-zeroes
---   793,127 nl-code  258,935 nl-non-zeroes
--- Range statistics (absolute non-zero finite values)
--- RHS       [min, max] : [ 1.087E-06, 8.958E+03] - Zero values observed as well
--- Bound     [min, max] : [        NA,        NA]
--- Matrix    [min, max] : [ 1.016E-20, 1.765E+05] - Zero values observed as well
--- Model_GTAP11b.gms(4622) 115 Mb
--- Executing CONOPT4 (Solvelink=2): elapsed 0:00:05.699

CONOPT 4         42.5.0 cf11b917 Mar 30, 2023          WEI x86 64bit/MS Window

 
 
    C O N O P T   version 4.30
    Copyright (C) ARKI Consulting and Development A/S
                  Bagsvaerdvej 246 A
                  DK-2880 Bagsvaerd, Denmark
 
    65 constant coefficients less than 1.0E-20 (=Tol_Zero) have been removed.
    435572 coefficients left.
 
    The user model has 90685 constraints and 90685 variables
    with 435572 Jacobian elements, 258935 of which are nonlinear.
 
    Iter Phase   Ninf   Infeasibility   RGmax      NSB   Step  InItr MX OK
       0   0          6.5254071830E+03 (Input point)
 
    The pre-triangular part of the model has 9975 constraints and variables.
    The post-triangular part of the model has 309 constraints and variables.
 
    Preprocessed model has 80401 constraints and 80401 variables
    with 381273 Jacobian elements, 226408 of which are nonlinear.
 
    Iter Phase   Ninf   Infeasibility   RGmax      NSB   Step  InItr MX OK
                      5.3793959592E+03 (Full preprocessed model)
                      2.1756767972E+02 (After scaling)
       1   0       0  1.6392604367E+02                 2.5E-01     1 F  T
       2   0       0  8.3243698979E+01                 5.0E-01     1 F  T
       3   1       0  1.0456102338E-09                 1.0E+00    33 F  T
 
 ** Feasible solution to a square system.
 
--- Reading solution for model PEPWT
--- Executing after solve: elapsed 0:00:08.352
--- Model_GTAP11b.gms(3866) 115 Mb
--- Generating CNS model PEPWT
--- Model_GTAP11b.gms(4622) 133 Mb
--- LOOPS TIME = 2021
---   90,685 rows  90,685 columns  435,637 non-zeroes
---   793,127 nl-code  258,935 nl-non-zeroes
--- Range statistics (absolute non-zero finite values)
--- RHS       [min, max] : [ 1.076E-06, 8.967E+03] - Zero values observed as well
--- Bound     [min, max] : [        NA,        NA]
--- Matrix    [min, max] : [ 1.026E-20, 1.885E+05] - Zero values observed as well
--- Model_GTAP11b.gms(4622) 126 Mb
--- Executing CONOPT4 (Solvelink=2): elapsed 0:00:09.306

CONOPT 4         42.5.0 cf11b917 Mar 30, 2023          WEI x86 64bit/MS Window

 
 
    C O N O P T   version 4.30
    Copyright (C) ARKI Consulting and Development A/S
                  Bagsvaerdvej 246 A
                  DK-2880 Bagsvaerd, Denmark
 
    65 constant coefficients less than 1.0E-20 (=Tol_Zero) have been removed.
    435572 coefficients left.
 
    The user model has 90685 constraints and 90685 variables
    with 435572 Jacobian elements, 258935 of which are nonlinear.
 
    Iter Phase   Ninf   Infeasibility   RGmax      NSB   Step  InItr MX OK
       0   0          7.1756083597E+03 (Input point)
 
    The pre-triangular part of the model has 9975 constraints and variables.
    The post-triangular part of the model has 309 constraints and variables.
 
    Preprocessed model has 80401 constraints and 80401 variables
    with 381273 Jacobian elements, 226408 of which are nonlinear.
 
    Iter Phase   Ninf   Infeasibility   RGmax      NSB   Step  InItr MX OK
                      5.5373746967E+03 (Full preprocessed model)
                      2.1220938000E+02 (After scaling)
       1   0       0  1.0672386344E+02                 5.0E-01     1 F  T
       2   1       0  4.5049101025E-10                 1.0E+00    13 F  T
 
 ** Feasible solution to a square system.
 
--- Reading solution for model PEPWT
--- Executing after solve: elapsed 0:00:11.112
--- Model_GTAP11b.gms(3866) 126 Mb
--- Generating CNS model PEPWT
--- Model_GTAP11b.gms(4622) 145 Mb
--- LOOPS TIME = 2022
---   90,685 rows  90,685 columns  435,637 non-zeroes
---   793,127 nl-code  258,935 nl-non-zeroes
--- Range statistics (absolute non-zero finite values)
--- RHS       [min, max] : [ 1.066E-06, 9.006E+03] - Zero values observed as well
--- Bound     [min, max] : [        NA,        NA]
--- Matrix    [min, max] : [ 1.002E-20, 1.771E+05] - Zero values observed as well
--- Model_GTAP11b.gms(4622) 138 Mb
--- Executing CONOPT4 (Solvelink=2): elapsed 0:00:12.095

CONOPT 4         42.5.0 cf11b917 Mar 30, 2023          WEI x86 64bit/MS Window

 
 
    C O N O P T   version 4.30
    Copyright (C) ARKI Consulting and Development A/S
                  Bagsvaerdvej 246 A
                  DK-2880 Bagsvaerd, Denmark
 
    65 constant coefficients less than 1.0E-20 (=Tol_Zero) have been removed.
    435572 coefficients left.
 
    The user model has 90685 constraints and 90685 variables
    with 435572 Jacobian elements, 258935 of which are nonlinear.
 
    Iter Phase   Ninf   Infeasibility   RGmax      NSB   Step  InItr MX OK
       0   0          5.8893974522E+03 (Input point)
 
    The pre-triangular part of the model has 9975 constraints and variables.
    The post-triangular part of the model has 309 constraints and variables.
 
    Preprocessed model has 80401 constraints and 80401 variables
    with 381273 Jacobian elements, 226408 of which are nonlinear.
 
    Iter Phase   Ninf   Infeasibility   RGmax      NSB   Step  InItr MX OK
                      4.4848881213E+03 (Full preprocessed model)
                      1.9324007519E+02 (After scaling)
       1   0       0  1.8701918585E-02                 1.0E+00     5 F  F
       2   0       0  7.3915053465E-03                 1.0E+00     2 F  F
       3   1       0  6.7445330597E-10                 1.0E+00    11 F  T
 
 ** Feasible solution to a square system.
 
--- Reading solution for model PEPWT
--- Executing after solve: elapsed 0:00:14.355
--- Model_GTAP11b.gms(3866) 138 Mb
--- Generating CNS model PEPWT
--- Model_GTAP11b.gms(4622) 157 Mb
--- LOOPS TIME = 2023
---   90,685 rows  90,685 columns  435,637 non-zeroes
---   793,127 nl-code  258,935 nl-non-zeroes
--- Range statistics (absolute non-zero finite values)
--- RHS       [min, max] : [ 1.055E-06, 9.051E+03] - Zero values observed as well
--- Bound     [min, max] : [        NA,        NA]
--- Matrix    [min, max] : [ 1.026E-20, 1.779E+05] - Zero values observed as well
--- Model_GTAP11b.gms(4622) 151 Mb
--- Executing CONOPT4 (Solvelink=2): elapsed 0:00:15.577

CONOPT 4         42.5.0 cf11b917 Mar 30, 2023          WEI x86 64bit/MS Window

 
 
    C O N O P T   version 4.30
    Copyright (C) ARKI Consulting and Development A/S
                  Bagsvaerdvej 246 A
                  DK-2880 Bagsvaerd, Denmark
 
    65 constant coefficients less than 1.0E-20 (=Tol_Zero) have been removed.
    435572 coefficients left.
 
    The user model has 90685 constraints and 90685 variables
    with 435572 Jacobian elements, 258935 of which are nonlinear.
 
    Iter Phase   Ninf   Infeasibility   RGmax      NSB   Step  InItr MX OK
       0   0          5.9824105633E+03 (Input point)
 
    The pre-triangular part of the model has 9975 constraints and variables.
    The post-triangular part of the model has 309 constraints and variables.
 
    Preprocessed model has 80401 constraints and 80401 variables
    with 381273 Jacobian elements, 226408 of which are nonlinear.
 
    Iter Phase   Ninf   Infeasibility   RGmax      NSB   Step  InItr MX OK
                      4.5831118532E+03 (Full preprocessed model)
                      1.8650306776E+02 (After scaling)
       1   0       0  4.6137514842E-02                 1.0E+00     4 F  F
       2   0       0  1.0336473997E-02                 5.0E-01     1 F  T
       3   1       0  4.4231727443E-10                 1.0E+00    10 F  T
 
 ** Feasible solution to a square system.
 
--- Reading solution for model PEPWT
--- Executing after solve: elapsed 0:00:17.681
--- Model_GTAP11b.gms(3866) 151 Mb
--- Generating CNS model PEPWT
--- Model_GTAP11b.gms(4622) 169 Mb
--- LOOPS TIME = 2024
---   90,685 rows  90,685 columns  435,637 non-zeroes
---   793,127 nl-code  258,935 nl-non-zeroes
--- Range statistics (absolute non-zero finite values)
--- RHS       [min, max] : [ 1.044E-06, 9.155E+03] - Zero values observed as well
--- Bound     [min, max] : [        NA,        NA]
--- Matrix    [min, max] : [ 1.033E-20, 1.789E+05] - Zero values observed as well
--- Model_GTAP11b.gms(4622) 163 Mb
--- Executing CONOPT4 (Solvelink=2): elapsed 0:00:18.884

CONOPT 4         42.5.0 cf11b917 Mar 30, 2023          WEI x86 64bit/MS Window

 
 
    C O N O P T   version 4.30
    Copyright (C) ARKI Consulting and Development A/S
                  Bagsvaerdvej 246 A
                  DK-2880 Bagsvaerd, Denmark
 
    65 constant coefficients less than 1.0E-20 (=Tol_Zero) have been removed.
    435572 coefficients left.
 
    The user model has 90685 constraints and 90685 variables
    with 435572 Jacobian elements, 258935 of which are nonlinear.
 
    Iter Phase   Ninf   Infeasibility   RGmax      NSB   Step  InItr MX OK
       0   0          6.0544751686E+03 (Input point)
 
    The pre-triangular part of the model has 9975 constraints and variables.
    The post-triangular part of the model has 309 constraints and variables.
 
    Preprocessed model has 80401 constraints and 80401 variables
    with 381273 Jacobian elements, 226408 of which are nonlinear.
 
    Iter Phase   Ninf   Infeasibility   RGmax      NSB   Step  InItr MX OK
                      4.6719430299E+03 (Full preprocessed model)
                      1.8700691686E+02 (After scaling)
       1   0       0  3.7156602872E-02                 1.0E+00     4 F  F
       2   1       0  1.2114211199E-09                 1.0E+00    30 F  T
 
 ** Feasible solution to a square system.
 
--- Reading solution for model PEPWT
--- Executing after solve: elapsed 0:00:21.173
--- Model_GTAP11b.gms(3866) 163 Mb
--- Generating CNS model PEPWT
--- Model_GTAP11b.gms(4622) 182 Mb
--- LOOPS TIME = 2025
---   90,685 rows  90,685 columns  435,637 non-zeroes
---   793,127 nl-code  258,935 nl-non-zeroes
--- Range statistics (absolute non-zero finite values)
--- RHS       [min, max] : [ 1.034E-06, 9.535E+03] - Zero values observed as well
--- Bound     [min, max] : [        NA,        NA]
--- Matrix    [min, max] : [ 1.064E-20, 1.800E+05] - Zero values observed as well
--- Model_GTAP11b.gms(4622) 176 Mb
--- Executing CONOPT4 (Solvelink=2): elapsed 0:00:22.849

CONOPT 4         42.5.0 cf11b917 Mar 30, 2023          WEI x86 64bit/MS Window

 
 
    C O N O P T   version 4.30
    Copyright (C) ARKI Consulting and Development A/S
                  Bagsvaerdvej 246 A
                  DK-2880 Bagsvaerd, Denmark
 
    65 constant coefficients less than 1.0E-20 (=Tol_Zero) have been removed.
    435572 coefficients left.
 
    The user model has 90685 constraints and 90685 variables
    with 435572 Jacobian elements, 258935 of which are nonlinear.
 
    Iter Phase   Ninf   Infeasibility   RGmax      NSB   Step  InItr MX OK
       0   0          6.1343404768E+03 (Input point)
 
    The pre-triangular part of the model has 9975 constraints and variables.
    The post-triangular part of the model has 309 constraints and variables.
 
    Preprocessed model has 80401 constraints and 80401 variables
    with 381273 Jacobian elements, 226408 of which are nonlinear.
 
    Iter Phase   Ninf   Infeasibility   RGmax      NSB   Step  InItr MX OK
                      4.7590142253E+03 (Full preprocessed model)
                      1.8874009025E+02 (After scaling)
       1   0       0  3.1335917433E-02                 1.0E+00     4 F  F
       2   1       0  7.3893272929E-10                 1.0E+00    23 F  T
 
 ** Feasible solution to a square system.
 
--- Reading solution for model PEPWT
--- Executing after solve: elapsed 0:00:24.760
--- Model_GTAP11b.gms(3866) 176 Mb
--- Generating CNS model PEPWT
--- Model_GTAP11b.gms(4622) 194 Mb
--- LOOPS TIME = 2026
---   90,685 rows  90,685 columns  435,637 non-zeroes
---   793,127 nl-code  258,935 nl-non-zeroes
--- Range statistics (absolute non-zero finite values)
--- RHS       [min, max] : [ 1.024E-06, 9.925E+03] - Zero values observed as well
--- Bound     [min, max] : [        NA,        NA]
--- Matrix    [min, max] : [ 1.065E-20, 1.814E+05] - Zero values observed as well
--- Model_GTAP11b.gms(4622) 188 Mb
--- Executing CONOPT4 (Solvelink=2): elapsed 0:00:26.184

CONOPT 4         42.5.0 cf11b917 Mar 30, 2023          WEI x86 64bit/MS Window

 
 
    C O N O P T   version 4.30
    Copyright (C) ARKI Consulting and Development A/S
                  Bagsvaerdvej 246 A
                  DK-2880 Bagsvaerd, Denmark
 
    65 constant coefficients less than 1.0E-20 (=Tol_Zero) have been removed.
    435572 coefficients left.
 
    The user model has 90685 constraints and 90685 variables
    with 435572 Jacobian elements, 258935 of which are nonlinear.
 
    Iter Phase   Ninf   Infeasibility   RGmax      NSB   Step  InItr MX OK
       0   0          6.4246257756E+03 (Input point)
 
    The pre-triangular part of the model has 9975 constraints and variables.
    The post-triangular part of the model has 309 constraints and variables.
 
    Preprocessed model has 80401 constraints and 80401 variables
    with 381273 Jacobian elements, 226408 of which are nonlinear.
 
    Iter Phase   Ninf   Infeasibility   RGmax      NSB   Step  InItr MX OK
                      4.8997428957E+03 (Full preprocessed model)
                      1.9262289989E+02 (After scaling)
       1   0       0  5.2867013075E-03                 1.0E+00     6 F  F
       2   1       0  2.0620039700E-10                 1.0E+00     8 F  T
 
 ** Feasible solution to a square system.
 
--- Reading solution for model PEPWT
--- Executing after solve: elapsed 0:00:28.055
--- Model_GTAP11b.gms(3866) 188 Mb
--- Generating CNS model PEPWT
--- Model_GTAP11b.gms(4622) 207 Mb
--- LOOPS TIME = 2027
---   90,685 rows  90,685 columns  435,637 non-zeroes
---   793,127 nl-code  258,935 nl-non-zeroes
--- Range statistics (absolute non-zero finite values)
--- RHS       [min, max] : [ 1.013E-06, 1.032E+04] - Zero values observed as well
--- Bound     [min, max] : [        NA,        NA]
--- Matrix    [min, max] : [ 1.006E-20, 1.805E+05] - Zero values observed as well
--- Model_GTAP11b.gms(4622) 200 Mb
--- Executing CONOPT4 (Solvelink=2): elapsed 0:00:29.638

CONOPT 4         42.5.0 cf11b917 Mar 30, 2023          WEI x86 64bit/MS Window

 
 
    C O N O P T   version 4.30
    Copyright (C) ARKI Consulting and Development A/S
                  Bagsvaerdvej 246 A
                  DK-2880 Bagsvaerd, Denmark
 
    65 constant coefficients less than 1.0E-20 (=Tol_Zero) have been removed.
    435572 coefficients left.
 
    The user model has 90685 constraints and 90685 variables
    with 435572 Jacobian elements, 258935 of which are nonlinear.
 
    Iter Phase   Ninf   Infeasibility   RGmax      NSB   Step  InItr MX OK
       0   0          6.4808599152E+03 (Input point)
 
    The pre-triangular part of the model has 9975 constraints and variables.
    The post-triangular part of the model has 309 constraints and variables.
 
    Preprocessed model has 80401 constraints and 80401 variables
    with 381273 Jacobian elements, 226408 of which are nonlinear.
 
    Iter Phase   Ninf   Infeasibility   RGmax      NSB   Step  InItr MX OK
                      4.9886809234E+03 (Full preprocessed model)
                      1.8809181290E+02 (After scaling)
       1   0       0  5.5649061651E-03                 1.0E+00     6 F  F
       2   1       0  1.3324842882E-09                 1.0E+00     7 F  T
 
 ** Feasible solution to a square system.
 
--- Reading solution for model PEPWT
--- Executing after solve: elapsed 0:00:31.277
--- Model_GTAP11b.gms(3866) 200 Mb
--- Generating CNS model PEPWT
--- Model_GTAP11b.gms(4622) 219 Mb
--- LOOPS TIME = 2028
---   90,685 rows  90,685 columns  435,637 non-zeroes
---   793,127 nl-code  258,935 nl-non-zeroes
--- Range statistics (absolute non-zero finite values)
--- RHS       [min, max] : [ 1.003E-06, 1.072E+04] - Zero values observed as well
--- Bound     [min, max] : [        NA,        NA]
--- Matrix    [min, max] : [ 1.056E-20, 1.801E+05] - Zero values observed as well
--- Model_GTAP11b.gms(4622) 212 Mb
--- Executing CONOPT4 (Solvelink=2): elapsed 0:00:32.905

CONOPT 4         42.5.0 cf11b917 Mar 30, 2023          WEI x86 64bit/MS Window

 
 
    C O N O P T   version 4.30
    Copyright (C) ARKI Consulting and Development A/S
                  Bagsvaerdvej 246 A
                  DK-2880 Bagsvaerd, Denmark
 
    65 constant coefficients less than 1.0E-20 (=Tol_Zero) have been removed.
    435572 coefficients left.
 
    The user model has 90685 constraints and 90685 variables
    with 435572 Jacobian elements, 258935 of which are nonlinear.
 
    Iter Phase   Ninf   Infeasibility   RGmax      NSB   Step  InItr MX OK
       0   0          6.5224783669E+03 (Input point)
 
    The pre-triangular part of the model has 9975 constraints and variables.
    The post-triangular part of the model has 309 constraints and variables.
 
    Preprocessed model has 80401 constraints and 80401 variables
    with 381273 Jacobian elements, 226408 of which are nonlinear.
 
    Iter Phase   Ninf   Infeasibility   RGmax      NSB   Step  InItr MX OK
                      5.0712909311E+03 (Full preprocessed model)
                      1.9185764143E+02 (After scaling)
       1   1       0  1.2576234703E-09                 1.0E+00    50 F  T
 
 ** Feasible solution to a square system.
 
--- Reading solution for model PEPWT
--- Executing after solve: elapsed 0:00:35.125
--- Model_GTAP11b.gms(3866) 212 Mb
--- Generating CNS model PEPWT
--- Model_GTAP11b.gms(4622) 231 Mb
--- LOOPS TIME = 2029
---   90,685 rows  90,685 columns  435,637 non-zeroes
---   793,127 nl-code  258,935 nl-non-zeroes
--- Range statistics (absolute non-zero finite values)
--- RHS       [min, max] : [ 9.932E-07, 1.112E+04] - Zero values observed as well
--- Bound     [min, max] : [        NA,        NA]
--- Matrix    [min, max] : [ 1.065E-20, 1.801E+05] - Zero values observed as well
--- Model_GTAP11b.gms(4622) 225 Mb
--- Executing CONOPT4 (Solvelink=2): elapsed 0:00:36.901

CONOPT 4         42.5.0 cf11b917 Mar 30, 2023          WEI x86 64bit/MS Window

 
 
    C O N O P T   version 4.30
    Copyright (C) ARKI Consulting and Development A/S
                  Bagsvaerdvej 246 A
                  DK-2880 Bagsvaerd, Denmark
 
    65 constant coefficients less than 1.0E-20 (=Tol_Zero) have been removed.
    435572 coefficients left.
 
    The user model has 90685 constraints and 90685 variables
    with 435572 Jacobian elements, 258935 of which are nonlinear.
 
    Iter Phase   Ninf   Infeasibility   RGmax      NSB   Step  InItr MX OK
       0   0          6.5538935231E+03 (Input point)
 
    The pre-triangular part of the model has 9975 constraints and variables.
    The post-triangular part of the model has 309 constraints and variables.
 
    Preprocessed model has 80401 constraints and 80401 variables
    with 381273 Jacobian elements, 226408 of which are nonlinear.
 
    Iter Phase   Ninf   Infeasibility   RGmax      NSB   Step  InItr MX OK
                      5.1483924524E+03 (Full preprocessed model)
                      1.9027212391E+02 (After scaling)
       1   1       0  9.4265378358E-10                 1.0E+00    36 F  T
 
 ** Feasible solution to a square system.
 
--- Reading solution for model PEPWT
--- Executing after solve: elapsed 0:00:38.904
--- Model_GTAP11b.gms(3866) 225 Mb
--- Generating CNS model PEPWT
--- Model_GTAP11b.gms(4622) 244 Mb
--- LOOPS TIME = 2030
---   90,685 rows  90,685 columns  435,637 non-zeroes
---   793,127 nl-code  258,935 nl-non-zeroes
--- Range statistics (absolute non-zero finite values)
--- RHS       [min, max] : [ 9.833E-07, 1.150E+04] - Zero values observed as well
--- Bound     [min, max] : [        NA,        NA]
--- Matrix    [min, max] : [ 1.065E-20, 1.806E+05] - Zero values observed as well
--- Model_GTAP11b.gms(4622) 237 Mb
--- Executing CONOPT4 (Solvelink=2): elapsed 0:00:42.045

CONOPT 4         42.5.0 cf11b917 Mar 30, 2023          WEI x86 64bit/MS Window

 
 
    C O N O P T   version 4.30
    Copyright (C) ARKI Consulting and Development A/S
                  Bagsvaerdvej 246 A
                  DK-2880 Bagsvaerd, Denmark
 
    65 constant coefficients less than 1.0E-20 (=Tol_Zero) have been removed.
    435572 coefficients left.
 
    The user model has 90685 constraints and 90685 variables
    with 435572 Jacobian elements, 258935 of which are nonlinear.
 
    Iter Phase   Ninf   Infeasibility   RGmax      NSB   Step  InItr MX OK
       0   0          6.5723759730E+03 (Input point)
 
    The pre-triangular part of the model has 9975 constraints and variables.
    The post-triangular part of the model has 309 constraints and variables.
 
    Preprocessed model has 80401 constraints and 80401 variables
    with 381273 Jacobian elements, 226408 of which are nonlinear.
 
    Iter Phase   Ninf   Infeasibility   RGmax      NSB   Step  InItr MX OK
                      5.2190683639E+03 (Full preprocessed model)
                      1.8739200346E+02 (After scaling)
       1   1       0  7.5995187655E-10                 1.0E+00    28 F  T
 
 ** Feasible solution to a square system.
 
--- Reading solution for model PEPWT
--- Executing after solve: elapsed 0:00:44.157
--- Model_GTAP11b.gms(3866) 237 Mb
--- Generating CNS model PEPWT
--- Model_GTAP11b.gms(4622) 256 Mb
--- LOOPS TIME = 2031
---   90,685 rows  90,685 columns  435,637 non-zeroes
---   793,127 nl-code  258,935 nl-non-zeroes
--- Range statistics (absolute non-zero finite values)
--- RHS       [min, max] : [ 9.735E-07, 1.188E+04] - Zero values observed as well
--- Bound     [min, max] : [        NA,        NA]
--- Matrix    [min, max] : [ 1.065E-20, 1.815E+05] - Zero values observed as well
--- Model_GTAP11b.gms(4622) 250 Mb
--- Executing CONOPT4 (Solvelink=2): elapsed 0:00:46.183

CONOPT 4         42.5.0 cf11b917 Mar 30, 2023          WEI x86 64bit/MS Window

 
 
    C O N O P T   version 4.30
    Copyright (C) ARKI Consulting and Development A/S
                  Bagsvaerdvej 246 A
                  DK-2880 Bagsvaerd, Denmark
 
    65 constant coefficients less than 1.0E-20 (=Tol_Zero) have been removed.
    435572 coefficients left.
 
    The user model has 90685 constraints and 90685 variables
    with 435572 Jacobian elements, 258935 of which are nonlinear.
 
    Iter Phase   Ninf   Infeasibility   RGmax      NSB   Step  InItr MX OK
       0   0          6.5984587478E+03 (Input point)
 
    The pre-triangular part of the model has 9975 constraints and variables.
    The post-triangular part of the model has 309 constraints and variables.
 
    Preprocessed model has 80401 constraints and 80401 variables
    with 381273 Jacobian elements, 226408 of which are nonlinear.
 
    Iter Phase   Ninf   Infeasibility   RGmax      NSB   Step  InItr MX OK
                      5.3029772665E+03 (Full preprocessed model)
                      1.9066057642E+02 (After scaling)
       1   1       0  7.3898901421E-10                 1.0E+00    16 F  T
 
 ** Feasible solution to a square system.
 
--- Reading solution for model PEPWT
--- Executing after solve: elapsed 0:00:47.636
--- Model_GTAP11b.gms(3866) 250 Mb
--- Generating CNS model PEPWT
--- Model_GTAP11b.gms(4622) 268 Mb
--- LOOPS TIME = 2032
---   90,685 rows  90,685 columns  435,637 non-zeroes
---   793,127 nl-code  258,935 nl-non-zeroes
--- Range statistics (absolute non-zero finite values)
--- RHS       [min, max] : [ 9.637E-07, 1.224E+04] - Zero values observed as well
--- Bound     [min, max] : [        NA,        NA]
--- Matrix    [min, max] : [ 1.065E-20, 1.826E+05] - Zero values observed as well
--- Model_GTAP11b.gms(4622) 262 Mb
--- Executing CONOPT4 (Solvelink=2): elapsed 0:00:49.736

CONOPT 4         42.5.0 cf11b917 Mar 30, 2023          WEI x86 64bit/MS Window

 
 
    C O N O P T   version 4.30
    Copyright (C) ARKI Consulting and Development A/S
                  Bagsvaerdvej 246 A
                  DK-2880 Bagsvaerd, Denmark
 
    65 constant coefficients less than 1.0E-20 (=Tol_Zero) have been removed.
    435572 coefficients left.
 
    The user model has 90685 constraints and 90685 variables
    with 435572 Jacobian elements, 258935 of which are nonlinear.
 
    Iter Phase   Ninf   Infeasibility   RGmax      NSB   Step  InItr MX OK
       0   0          6.6002354098E+03 (Input point)
 
    The pre-triangular part of the model has 9975 constraints and variables.
    The post-triangular part of the model has 309 constraints and variables.
 
    Preprocessed model has 80401 constraints and 80401 variables
    with 381273 Jacobian elements, 226408 of which are nonlinear.
 
    Iter Phase   Ninf   Infeasibility   RGmax      NSB   Step  InItr MX OK
                      5.3641047469E+03 (Full preprocessed model)
                      1.8668349866E+02 (After scaling)
       1   1       0  8.4372966330E-10                 1.0E+00    17 F  T
 
 ** Feasible solution to a square system.
 
--- Reading solution for model PEPWT
--- Executing after solve: elapsed 0:00:51.252
--- Model_GTAP11b.gms(3866) 262 Mb
--- Generating CNS model PEPWT
--- Model_GTAP11b.gms(4622) 281 Mb
--- LOOPS TIME = 2033
---   90,685 rows  90,685 columns  435,637 non-zeroes
---   793,127 nl-code  258,935 nl-non-zeroes
--- Range statistics (absolute non-zero finite values)
--- RHS       [min, max] : [ 9.541E-07, 1.258E+04] - Zero values observed as well
--- Bound     [min, max] : [        NA,        NA]
--- Matrix    [min, max] : [ 1.065E-20, 1.842E+05] - Zero values observed as well
--- Model_GTAP11b.gms(4622) 275 Mb
--- Executing CONOPT4 (Solvelink=2): elapsed 0:00:53.725

CONOPT 4         42.5.0 cf11b917 Mar 30, 2023          WEI x86 64bit/MS Window

 
 
    C O N O P T   version 4.30
    Copyright (C) ARKI Consulting and Development A/S
                  Bagsvaerdvej 246 A
                  DK-2880 Bagsvaerd, Denmark
 
    65 constant coefficients less than 1.0E-20 (=Tol_Zero) have been removed.
    435572 coefficients left.
 
    The user model has 90685 constraints and 90685 variables
    with 435572 Jacobian elements, 258935 of which are nonlinear.
 
    Iter Phase   Ninf   Infeasibility   RGmax      NSB   Step  InItr MX OK
       0   0          6.5821729052E+03 (Input point)
 
    The pre-triangular part of the model has 9975 constraints and variables.
    The post-triangular part of the model has 309 constraints and variables.
 
    Preprocessed model has 80401 constraints and 80401 variables
    with 381273 Jacobian elements, 226408 of which are nonlinear.
 
    Iter Phase   Ninf   Infeasibility   RGmax      NSB   Step  InItr MX OK
                      5.4160810378E+03 (Full preprocessed model)
                      1.8360731525E+02 (After scaling)
       1   1       0  6.3342234337E-10                 1.0E+00    15 F  T
 
 ** Feasible solution to a square system.
 
--- Reading solution for model PEPWT
--- Executing after solve: elapsed 0:00:55.265
--- Model_GTAP11b.gms(3866) 275 Mb
--- Generating CNS model PEPWT
--- Model_GTAP11b.gms(4622) 292 Mb
--- LOOPS TIME = 2034
---   90,685 rows  90,685 columns  435,637 non-zeroes
---   793,127 nl-code  258,935 nl-non-zeroes
--- Range statistics (absolute non-zero finite values)
--- RHS       [min, max] : [ 9.446E-07, 1.289E+04] - Zero values observed as well
--- Bound     [min, max] : [        NA,        NA]
--- Matrix    [min, max] : [ 1.065E-20, 1.903E+05] - Zero values observed as well
--- Model_GTAP11b.gms(4622) 286 Mb
--- Executing CONOPT4 (Solvelink=2): elapsed 0:00:57.647

CONOPT 4         42.5.0 cf11b917 Mar 30, 2023          WEI x86 64bit/MS Window

 
 
    C O N O P T   version 4.30
    Copyright (C) ARKI Consulting and Development A/S
                  Bagsvaerdvej 246 A
                  DK-2880 Bagsvaerd, Denmark
 
    65 constant coefficients less than 1.0E-20 (=Tol_Zero) have been removed.
    435572 coefficients left.
 
    The user model has 90685 constraints and 90685 variables
    with 435572 Jacobian elements, 258935 of which are nonlinear.
 
    Iter Phase   Ninf   Infeasibility   RGmax      NSB   Step  InItr MX OK
       0   0          6.5548354941E+03 (Input point)
 
    The pre-triangular part of the model has 9975 constraints and variables.
    The post-triangular part of the model has 309 constraints and variables.
 
    Preprocessed model has 80401 constraints and 80401 variables
    with 381273 Jacobian elements, 226408 of which are nonlinear.
 
    Iter Phase   Ninf   Infeasibility   RGmax      NSB   Step  InItr MX OK
                      5.4623384309E+03 (Full preprocessed model)
                      1.8331559217E+02 (After scaling)
       1   1       0  6.2636925303E-10                 1.0E+00    13 F  T
 
 ** Feasible solution to a square system.
 
--- Reading solution for model PEPWT
--- Executing after solve: elapsed 0:00:59.169
--- Model_GTAP11b.gms(3866) 286 Mb
--- Generating CNS model PEPWT
--- Model_GTAP11b.gms(4622) 304 Mb
--- LOOPS TIME = 2035
---   90,685 rows  90,685 columns  435,637 non-zeroes
---   793,127 nl-code  258,935 nl-non-zeroes
--- Range statistics (absolute non-zero finite values)
--- RHS       [min, max] : [ 9.351E-07, 1.316E+04] - Zero values observed as well
--- Bound     [min, max] : [        NA,        NA]
--- Matrix    [min, max] : [ 1.065E-20, 1.960E+05] - Zero values observed as well
--- Model_GTAP11b.gms(4622) 298 Mb
--- Executing CONOPT4 (Solvelink=2): elapsed 0:01:01.677

CONOPT 4         42.5.0 cf11b917 Mar 30, 2023          WEI x86 64bit/MS Window

 
 
    C O N O P T   version 4.30
    Copyright (C) ARKI Consulting and Development A/S
                  Bagsvaerdvej 246 A
                  DK-2880 Bagsvaerd, Denmark
 
    65 constant coefficients less than 1.0E-20 (=Tol_Zero) have been removed.
    435572 coefficients left.
 
    The user model has 90685 constraints and 90685 variables
    with 435572 Jacobian elements, 258935 of which are nonlinear.
 
    Iter Phase   Ninf   Infeasibility   RGmax      NSB   Step  InItr MX OK
       0   0          6.5242905081E+03 (Input point)
 
    The pre-triangular part of the model has 9975 constraints and variables.
    The post-triangular part of the model has 309 constraints and variables.
 
    Preprocessed model has 80401 constraints and 80401 variables
    with 381273 Jacobian elements, 226408 of which are nonlinear.
 
    Iter Phase   Ninf   Infeasibility   RGmax      NSB   Step  InItr MX OK
                      5.5072086666E+03 (Full preprocessed model)
                      1.8396046689E+02 (After scaling)
       1   1       0  9.0635242373E-10                 1.0E+00    11 F  T
 
 ** Feasible solution to a square system.
 
--- Reading solution for model PEPWT
--- Executing after solve: elapsed 0:01:03.052
--- Model_GTAP11b.gms(3866) 298 Mb
--- Generating CNS model PEPWT
--- Model_GTAP11b.gms(4622) 317 Mb
--- LOOPS TIME = 2036
---   90,685 rows  90,685 columns  435,637 non-zeroes
---   793,127 nl-code  258,935 nl-non-zeroes
--- Range statistics (absolute non-zero finite values)
--- RHS       [min, max] : [ 9.258E-07, 1.341E+04] - Zero values observed as well
--- Bound     [min, max] : [        NA,        NA]
--- Matrix    [min, max] : [ 1.065E-20, 2.012E+05] - Zero values observed as well
--- Model_GTAP11b.gms(4622) 310 Mb
--- Executing CONOPT4 (Solvelink=2): elapsed 0:01:05.573

CONOPT 4         42.5.0 cf11b917 Mar 30, 2023          WEI x86 64bit/MS Window

 
 
    C O N O P T   version 4.30
    Copyright (C) ARKI Consulting and Development A/S
                  Bagsvaerdvej 246 A
                  DK-2880 Bagsvaerd, Denmark
 
    65 constant coefficients less than 1.0E-20 (=Tol_Zero) have been removed.
    435572 coefficients left.
 
    The user model has 90685 constraints and 90685 variables
    with 435572 Jacobian elements, 258935 of which are nonlinear.
 
    Iter Phase   Ninf   Infeasibility   RGmax      NSB   Step  InItr MX OK
       0   0          6.6058533442E+03 (Input point)
 
    The pre-triangular part of the model has 9975 constraints and variables.
    The post-triangular part of the model has 309 constraints and variables.
 
    Preprocessed model has 80401 constraints and 80401 variables
    with 381273 Jacobian elements, 226408 of which are nonlinear.
 
    Iter Phase   Ninf   Infeasibility   RGmax      NSB   Step  InItr MX OK
                      5.5619398021E+03 (Full preprocessed model)
                      1.8424697927E+02 (After scaling)
       1   1       0  3.5160264446E-09                 1.0E+00     9 F  T
 
 ** Feasible solution to a square system.
 
--- Reading solution for model PEPWT
--- Executing after solve: elapsed 0:01:06.989
--- Model_GTAP11b.gms(3866) 310 Mb
--- Generating CNS model PEPWT
--- Model_GTAP11b.gms(4622) 329 Mb
--- LOOPS TIME = 2037
---   90,685 rows  90,685 columns  435,637 non-zeroes
---   793,127 nl-code  258,935 nl-non-zeroes
--- Range statistics (absolute non-zero finite values)
--- RHS       [min, max] : [ 9.165E-07, 1.363E+04] - Zero values observed as well
--- Bound     [min, max] : [        NA,        NA]
--- Matrix    [min, max] : [ 1.065E-20, 2.066E+05] - Zero values observed as well
--- Model_GTAP11b.gms(4622) 322 Mb
--- Executing CONOPT4 (Solvelink=2): elapsed 0:01:09.643

CONOPT 4         42.5.0 cf11b917 Mar 30, 2023          WEI x86 64bit/MS Window

 
 
    C O N O P T   version 4.30
    Copyright (C) ARKI Consulting and Development A/S
                  Bagsvaerdvej 246 A
                  DK-2880 Bagsvaerd, Denmark
 
    65 constant coefficients less than 1.0E-20 (=Tol_Zero) have been removed.
    435572 coefficients left.
 
    The user model has 90685 constraints and 90685 variables
    with 435572 Jacobian elements, 258935 of which are nonlinear.
 
    Iter Phase   Ninf   Infeasibility   RGmax      NSB   Step  InItr MX OK
       0   0          6.7464230041E+03 (Input point)
 
    The pre-triangular part of the model has 9975 constraints and variables.
    The post-triangular part of the model has 309 constraints and variables.
 
    Preprocessed model has 80401 constraints and 80401 variables
    with 381273 Jacobian elements, 226408 of which are nonlinear.
 
    Iter Phase   Ninf   Infeasibility   RGmax      NSB   Step  InItr MX OK
                      5.6162845390E+03 (Full preprocessed model)
                      1.8570746878E+02 (After scaling)
       1   1       0  5.4419674585E-09                 1.0E+00     9 F  T
 
 ** Feasible solution to a square system.
 
--- Reading solution for model PEPWT
--- Executing after solve: elapsed 0:01:11.038
--- Model_GTAP11b.gms(3866) 322 Mb
--- Generating CNS model PEPWT
--- Model_GTAP11b.gms(4622) 341 Mb
--- LOOPS TIME = 2038
---   90,685 rows  90,685 columns  435,637 non-zeroes
---   793,127 nl-code  258,935 nl-non-zeroes
--- Range statistics (absolute non-zero finite values)
--- RHS       [min, max] : [ 9.073E-07, 1.382E+04] - Zero values observed as well
--- Bound     [min, max] : [        NA,        NA]
--- Matrix    [min, max] : [ 1.065E-20, 2.115E+05] - Zero values observed as well
--- Model_GTAP11b.gms(4622) 334 Mb
--- Executing CONOPT4 (Solvelink=2): elapsed 0:01:13.750

CONOPT 4         42.5.0 cf11b917 Mar 30, 2023          WEI x86 64bit/MS Window

 
 
    C O N O P T   version 4.30
    Copyright (C) ARKI Consulting and Development A/S
                  Bagsvaerdvej 246 A
                  DK-2880 Bagsvaerd, Denmark
 
    65 constant coefficients less than 1.0E-20 (=Tol_Zero) have been removed.
    435572 coefficients left.
 
    The user model has 90685 constraints and 90685 variables
    with 435572 Jacobian elements, 258935 of which are nonlinear.
 
    Iter Phase   Ninf   Infeasibility   RGmax      NSB   Step  InItr MX OK
       0   0          6.9199053476E+03 (Input point)
 
    The pre-triangular part of the model has 9975 constraints and variables.
    The post-triangular part of the model has 309 constraints and variables.
 
    Preprocessed model has 80401 constraints and 80401 variables
    with 381273 Jacobian elements, 226408 of which are nonlinear.
 
    Iter Phase   Ninf   Infeasibility   RGmax      NSB   Step  InItr MX OK
                      5.6814741336E+03 (Full preprocessed model)
                      1.8678632292E+02 (After scaling)
       1   1       0  6.0639452623E-10                 1.0E+00    10 F  T
 
 ** Feasible solution to a square system.
 
--- Reading solution for model PEPWT
--- Executing after solve: elapsed 0:01:15.090
--- Model_GTAP11b.gms(3866) 334 Mb
--- Generating CNS model PEPWT
--- Model_GTAP11b.gms(4622) 353 Mb
--- LOOPS TIME = 2039
---   90,685 rows  90,685 columns  435,637 non-zeroes
---   793,127 nl-code  258,935 nl-non-zeroes
--- Range statistics (absolute non-zero finite values)
--- RHS       [min, max] : [ 8.983E-07, 1.398E+04] - Zero values observed as well
--- Bound     [min, max] : [        NA,        NA]
--- Matrix    [min, max] : [ 1.065E-20, 2.158E+05] - Zero values observed as well
--- Model_GTAP11b.gms(4622) 347 Mb
--- Executing CONOPT4 (Solvelink=2): elapsed 0:01:17.842

CONOPT 4         42.5.0 cf11b917 Mar 30, 2023          WEI x86 64bit/MS Window

 
 
    C O N O P T   version 4.30
    Copyright (C) ARKI Consulting and Development A/S
                  Bagsvaerdvej 246 A
                  DK-2880 Bagsvaerd, Denmark
 
    65 constant coefficients less than 1.0E-20 (=Tol_Zero) have been removed.
    435572 coefficients left.
 
    The user model has 90685 constraints and 90685 variables
    with 435572 Jacobian elements, 258935 of which are nonlinear.
 
    Iter Phase   Ninf   Infeasibility   RGmax      NSB   Step  InItr MX OK
       0   0          7.1116707927E+03 (Input point)
 
    The pre-triangular part of the model has 9975 constraints and variables.
    The post-triangular part of the model has 309 constraints and variables.
 
    Preprocessed model has 80401 constraints and 80401 variables
    with 381273 Jacobian elements, 226408 of which are nonlinear.
 
    Iter Phase   Ninf   Infeasibility   RGmax      NSB   Step  InItr MX OK
                      5.7584131717E+03 (Full preprocessed model)
                      1.8976314227E+02 (After scaling)
       1   1       0  3.7062735984E-09                 1.0E+00     9 F  T
 
 ** Feasible solution to a square system.
 
--- Reading solution for model PEPWT
--- Executing after solve: elapsed 0:01:19.148
--- Model_GTAP11b.gms(3866) 347 Mb
--- Generating CNS model PEPWT
--- Model_GTAP11b.gms(4622) 365 Mb
--- LOOPS TIME = 2040
---   90,685 rows  90,685 columns  435,637 non-zeroes
---   793,127 nl-code  258,935 nl-non-zeroes
--- Range statistics (absolute non-zero finite values)
--- RHS       [min, max] : [ 8.893E-07, 1.410E+04] - Zero values observed as well
--- Bound     [min, max] : [        NA,        NA]
--- Matrix    [min, max] : [ 1.065E-20, 2.193E+05] - Zero values observed as well
--- Model_GTAP11b.gms(4622) 359 Mb
--- Executing CONOPT4 (Solvelink=2): elapsed 0:01:22.066

CONOPT 4         42.5.0 cf11b917 Mar 30, 2023          WEI x86 64bit/MS Window

 
 
    C O N O P T   version 4.30
    Copyright (C) ARKI Consulting and Development A/S
                  Bagsvaerdvej 246 A
                  DK-2880 Bagsvaerd, Denmark
 
    65 constant coefficients less than 1.0E-20 (=Tol_Zero) have been removed.
    435572 coefficients left.
 
    The user model has 90685 constraints and 90685 variables
    with 435572 Jacobian elements, 258935 of which are nonlinear.
 
    Iter Phase   Ninf   Infeasibility   RGmax      NSB   Step  InItr MX OK
       0   0          7.3316075262E+03 (Input point)
 
    The pre-triangular part of the model has 9975 constraints and variables.
    The post-triangular part of the model has 309 constraints and variables.
 
    Preprocessed model has 80401 constraints and 80401 variables
    with 381273 Jacobian elements, 226408 of which are nonlinear.
 
    Iter Phase   Ninf   Infeasibility   RGmax      NSB   Step  InItr MX OK
                      5.8385377239E+03 (Full preprocessed model)
                      1.9081966971E+02 (After scaling)
       1   1       0  2.8585675326E-09                 1.0E+00     9 F  T
 
 ** Feasible solution to a square system.
 
--- Reading solution for model PEPWT
--- Executing after solve: elapsed 0:01:23.434
--- Model_GTAP11b.gms(3866) 359 Mb
--- Generating CNS model PEPWT
--- Model_GTAP11b.gms(4622) 377 Mb
--- LOOPS TIME = 2041
---   90,685 rows  90,685 columns  435,637 non-zeroes
---   793,127 nl-code  258,935 nl-non-zeroes
--- Range statistics (absolute non-zero finite values)
--- RHS       [min, max] : [ 8.804E-07, 1.419E+04] - Zero values observed as well
--- Bound     [min, max] : [        NA,        NA]
--- Matrix    [min, max] : [ 1.065E-20, 2.222E+05] - Zero values observed as well
--- Model_GTAP11b.gms(4622) 371 Mb
--- Executing CONOPT4 (Solvelink=2): elapsed 0:01:26.361

CONOPT 4         42.5.0 cf11b917 Mar 30, 2023          WEI x86 64bit/MS Window

 
 
    C O N O P T   version 4.30
    Copyright (C) ARKI Consulting and Development A/S
                  Bagsvaerdvej 246 A
                  DK-2880 Bagsvaerd, Denmark
 
    65 constant coefficients less than 1.0E-20 (=Tol_Zero) have been removed.
    435572 coefficients left.
 
    The user model has 90685 constraints and 90685 variables
    with 435572 Jacobian elements, 258935 of which are nonlinear.
 
    Iter Phase   Ninf   Infeasibility   RGmax      NSB   Step  InItr MX OK
       0   0          7.6164667935E+03 (Input point)
 
    The pre-triangular part of the model has 9975 constraints and variables.
    The post-triangular part of the model has 309 constraints and variables.
 
    Preprocessed model has 80401 constraints and 80401 variables
    with 381273 Jacobian elements, 226408 of which are nonlinear.
 
    Iter Phase   Ninf   Infeasibility   RGmax      NSB   Step  InItr MX OK
                      5.9859075700E+03 (Full preprocessed model)
                      1.9280694441E+02 (After scaling)
       1   1       0  2.6195376927E-09                 1.0E+00     9 F  T
 
 ** Feasible solution to a square system.
 
--- Reading solution for model PEPWT
--- Executing after solve: elapsed 0:01:28.036
--- Model_GTAP11b.gms(3866) 371 Mb
--- Generating CNS model PEPWT
--- Model_GTAP11b.gms(4622) 390 Mb
--- LOOPS TIME = 2042
---   90,685 rows  90,685 columns  435,637 non-zeroes
---   793,127 nl-code  258,935 nl-non-zeroes
--- Range statistics (absolute non-zero finite values)
--- RHS       [min, max] : [ 8.716E-07, 1.426E+04] - Zero values observed as well
--- Bound     [min, max] : [        NA,        NA]
--- Matrix    [min, max] : [ 1.065E-20, 2.243E+05] - Zero values observed as well
--- Model_GTAP11b.gms(4622) 384 Mb
--- Executing CONOPT4 (Solvelink=2): elapsed 0:01:31.101

CONOPT 4         42.5.0 cf11b917 Mar 30, 2023          WEI x86 64bit/MS Window

 
 
    C O N O P T   version 4.30
    Copyright (C) ARKI Consulting and Development A/S
                  Bagsvaerdvej 246 A
                  DK-2880 Bagsvaerd, Denmark
 
    65 constant coefficients less than 1.0E-20 (=Tol_Zero) have been removed.
    435572 coefficients left.
 
    The user model has 90685 constraints and 90685 variables
    with 435572 Jacobian elements, 258935 of which are nonlinear.
 
    Iter Phase   Ninf   Infeasibility   RGmax      NSB   Step  InItr MX OK
       0   0          7.8008177250E+03 (Input point)
 
    The pre-triangular part of the model has 9975 constraints and variables.
    The post-triangular part of the model has 309 constraints and variables.
 
    Preprocessed model has 80401 constraints and 80401 variables
    with 381273 Jacobian elements, 226408 of which are nonlinear.
 
    Iter Phase   Ninf   Infeasibility   RGmax      NSB   Step  InItr MX OK
                      6.0538070177E+03 (Full preprocessed model)
                      1.9470814596E+02 (After scaling)
       1   1       0  2.7424798317E-09                 1.0E+00     9 F  T
 
 ** Feasible solution to a square system.
 
--- Reading solution for model PEPWT
--- Executing after solve: elapsed 0:01:32.505
--- Model_GTAP11b.gms(3866) 384 Mb
--- Generating CNS model PEPWT
--- Model_GTAP11b.gms(4622) 402 Mb
--- LOOPS TIME = 2043
---   90,685 rows  90,685 columns  435,637 non-zeroes
---   793,127 nl-code  258,935 nl-non-zeroes
--- Range statistics (absolute non-zero finite values)
--- RHS       [min, max] : [ 8.629E-07, 1.431E+04] - Zero values observed as well
--- Bound     [min, max] : [        NA,        NA]
--- Matrix    [min, max] : [ 1.065E-20, 2.260E+05] - Zero values observed as well
--- Model_GTAP11b.gms(4622) 396 Mb
--- Executing CONOPT4 (Solvelink=2): elapsed 0:01:35.583

CONOPT 4         42.5.0 cf11b917 Mar 30, 2023          WEI x86 64bit/MS Window

 
 
    C O N O P T   version 4.30
    Copyright (C) ARKI Consulting and Development A/S
                  Bagsvaerdvej 246 A
                  DK-2880 Bagsvaerd, Denmark
 
    65 constant coefficients less than 1.0E-20 (=Tol_Zero) have been removed.
    435572 coefficients left.
 
    The user model has 90685 constraints and 90685 variables
    with 435572 Jacobian elements, 258935 of which are nonlinear.
 
    Iter Phase   Ninf   Infeasibility   RGmax      NSB   Step  InItr MX OK
       0   0          8.0052313339E+03 (Input point)
 
    The pre-triangular part of the model has 9975 constraints and variables.
    The post-triangular part of the model has 309 constraints and variables.
 
    Preprocessed model has 80401 constraints and 80401 variables
    with 381273 Jacobian elements, 226408 of which are nonlinear.
 
    Iter Phase   Ninf   Infeasibility   RGmax      NSB   Step  InItr MX OK
                      6.1255638492E+03 (Full preprocessed model)
                      1.9489427995E+02 (After scaling)
       1   1       0  4.8408691037E-10                 1.0E+00    10 F  T
 
 ** Feasible solution to a square system.
 
--- Reading solution for model PEPWT
--- Executing after solve: elapsed 0:01:37.095
--- Model_GTAP11b.gms(3866) 396 Mb
--- Generating CNS model PEPWT
--- Model_GTAP11b.gms(4622) 414 Mb
--- LOOPS TIME = 2044
---   90,685 rows  90,685 columns  435,637 non-zeroes
---   793,127 nl-code  258,935 nl-non-zeroes
--- Range statistics (absolute non-zero finite values)
--- RHS       [min, max] : [ 8.542E-07, 1.433E+04] - Zero values observed as well
--- Bound     [min, max] : [        NA,        NA]
--- Matrix    [min, max] : [ 1.065E-20, 2.271E+05] - Zero values observed as well
--- Model_GTAP11b.gms(4622) 408 Mb
--- Executing CONOPT4 (Solvelink=2): elapsed 0:01:40.454

CONOPT 4         42.5.0 cf11b917 Mar 30, 2023          WEI x86 64bit/MS Window

 
 
    C O N O P T   version 4.30
    Copyright (C) ARKI Consulting and Development A/S
                  Bagsvaerdvej 246 A
                  DK-2880 Bagsvaerd, Denmark
 
    65 constant coefficients less than 1.0E-20 (=Tol_Zero) have been removed.
    435572 coefficients left.
 
    The user model has 90685 constraints and 90685 variables
    with 435572 Jacobian elements, 258935 of which are nonlinear.
 
    Iter Phase   Ninf   Infeasibility   RGmax      NSB   Step  InItr MX OK
       0   0          8.2131355345E+03 (Input point)
 
    The pre-triangular part of the model has 9975 constraints and variables.
    The post-triangular part of the model has 309 constraints and variables.
 
    Preprocessed model has 80401 constraints and 80401 variables
    with 381273 Jacobian elements, 226408 of which are nonlinear.
 
    Iter Phase   Ninf   Infeasibility   RGmax      NSB   Step  InItr MX OK
                      6.1956750216E+03 (Full preprocessed model)
                      1.9481311777E+02 (After scaling)
       1   1       0  5.5423641149E-10                 1.0E+00    10 F  T
 
 ** Feasible solution to a square system.
 
--- Reading solution for model PEPWT
--- Executing after solve: elapsed 0:01:41.966
--- Model_GTAP11b.gms(3866) 408 Mb
--- Generating CNS model PEPWT
--- Model_GTAP11b.gms(4622) 427 Mb
--- LOOPS TIME = 2045
---   90,685 rows  90,685 columns  435,637 non-zeroes
---   793,127 nl-code  258,935 nl-non-zeroes
--- Range statistics (absolute non-zero finite values)
--- RHS       [min, max] : [ 8.457E-07, 1.434E+04] - Zero values observed as well
--- Bound     [min, max] : [        NA,        NA]
--- Matrix    [min, max] : [ 1.065E-20, 2.289E+05] - Zero values observed as well
--- Model_GTAP11b.gms(4622) 420 Mb
--- Executing CONOPT4 (Solvelink=2): elapsed 0:01:45.315

CONOPT 4         42.5.0 cf11b917 Mar 30, 2023          WEI x86 64bit/MS Window

 
 
    C O N O P T   version 4.30
    Copyright (C) ARKI Consulting and Development A/S
                  Bagsvaerdvej 246 A
                  DK-2880 Bagsvaerd, Denmark
 
    65 constant coefficients less than 1.0E-20 (=Tol_Zero) have been removed.
    435572 coefficients left.
 
    The user model has 90685 constraints and 90685 variables
    with 435572 Jacobian elements, 258935 of which are nonlinear.
 
    Iter Phase   Ninf   Infeasibility   RGmax      NSB   Step  InItr MX OK
       0   0          8.4176456661E+03 (Input point)
 
    The pre-triangular part of the model has 9975 constraints and variables.
    The post-triangular part of the model has 309 constraints and variables.
 
    Preprocessed model has 80401 constraints and 80401 variables
    with 381273 Jacobian elements, 226408 of which are nonlinear.
 
    Iter Phase   Ninf   Infeasibility   RGmax      NSB   Step  InItr MX OK
                      6.2623121409E+03 (Full preprocessed model)
                      1.9613638758E+02 (After scaling)
       1   1       0  5.6307062008E-10                 1.0E+00    10 F  T
 
 ** Feasible solution to a square system.
 
--- Reading solution for model PEPWT
--- Executing after solve: elapsed 0:01:46.785
--- Model_GTAP11b.gms(3866) 421 Mb
--- Generating CNS model PEPWT
--- Model_GTAP11b.gms(4622) 439 Mb
--- LOOPS TIME = 2046
---   90,685 rows  90,685 columns  435,637 non-zeroes
---   793,127 nl-code  258,935 nl-non-zeroes
--- Range statistics (absolute non-zero finite values)
--- RHS       [min, max] : [ 8.372E-07, 1.432E+04] - Zero values observed as well
--- Bound     [min, max] : [        NA,        NA]
--- Matrix    [min, max] : [ 1.065E-20, 2.344E+05] - Zero values observed as well
--- Model_GTAP11b.gms(4622) 433 Mb
--- Executing CONOPT4 (Solvelink=2): elapsed 0:01:50.205

CONOPT 4         42.5.0 cf11b917 Mar 30, 2023          WEI x86 64bit/MS Window

 
 
    C O N O P T   version 4.30
    Copyright (C) ARKI Consulting and Development A/S
                  Bagsvaerdvej 246 A
                  DK-2880 Bagsvaerd, Denmark
 
    65 constant coefficients less than 1.0E-20 (=Tol_Zero) have been removed.
    435572 coefficients left.
 
    The user model has 90685 constraints and 90685 variables
    with 435572 Jacobian elements, 258935 of which are nonlinear.
 
    Iter Phase   Ninf   Infeasibility   RGmax      NSB   Step  InItr MX OK
       0   0          8.6778971907E+03 (Input point)
 
    The pre-triangular part of the model has 9975 constraints and variables.
    The post-triangular part of the model has 309 constraints and variables.
 
    Preprocessed model has 80401 constraints and 80401 variables
    with 381273 Jacobian elements, 226408 of which are nonlinear.
 
    Iter Phase   Ninf   Infeasibility   RGmax      NSB   Step  InItr MX OK
                      6.4009572839E+03 (Full preprocessed model)
                      1.9694357102E+02 (After scaling)
       1   1       0  1.0709943141E-09                 1.0E+00    10 F  T
 
 ** Feasible solution to a square system.
 
--- Reading solution for model PEPWT
--- Executing after solve: elapsed 0:01:51.798
--- Model_GTAP11b.gms(3866) 434 Mb
--- Generating CNS model PEPWT
--- Model_GTAP11b.gms(4622) 451 Mb
--- LOOPS TIME = 2047
---   90,685 rows  90,685 columns  435,637 non-zeroes
---   793,127 nl-code  258,935 nl-non-zeroes
--- Range statistics (absolute non-zero finite values)
--- RHS       [min, max] : [ 8.289E-07, 1.429E+04] - Zero values observed as well
--- Bound     [min, max] : [        NA,        NA]
--- Matrix    [min, max] : [ 1.065E-20, 2.401E+05] - Zero values observed as well
--- Model_GTAP11b.gms(4622) 445 Mb
--- Executing CONOPT4 (Solvelink=2): elapsed 0:01:55.295

CONOPT 4         42.5.0 cf11b917 Mar 30, 2023          WEI x86 64bit/MS Window

 
 
    C O N O P T   version 4.30
    Copyright (C) ARKI Consulting and Development A/S
                  Bagsvaerdvej 246 A
                  DK-2880 Bagsvaerd, Denmark
 
    65 constant coefficients less than 1.0E-20 (=Tol_Zero) have been removed.
    435572 coefficients left.
 
    The user model has 90685 constraints and 90685 variables
    with 435572 Jacobian elements, 258935 of which are nonlinear.
 
    Iter Phase   Ninf   Infeasibility   RGmax      NSB   Step  InItr MX OK
       0   0          8.8306191021E+03 (Input point)
 
    The pre-triangular part of the model has 9975 constraints and variables.
    The post-triangular part of the model has 309 constraints and variables.
 
    Preprocessed model has 80401 constraints and 80401 variables
    with 381273 Jacobian elements, 226408 of which are nonlinear.
 
    Iter Phase   Ninf   Infeasibility   RGmax      NSB   Step  InItr MX OK
                      6.4533640689E+03 (Full preprocessed model)
                      1.9767025997E+02 (After scaling)
       1   1       0  9.8141892355E-10                 1.0E+00    10 F  T
 
 ** Feasible solution to a square system.
 
--- Reading solution for model PEPWT
--- Executing after solve: elapsed 0:01:56.805
--- Model_GTAP11b.gms(3866) 446 Mb
--- Generating CNS model PEPWT
--- Model_GTAP11b.gms(4622) 463 Mb
--- LOOPS TIME = 2048
---   90,685 rows  90,685 columns  435,637 non-zeroes
---   793,127 nl-code  258,935 nl-non-zeroes
--- Range statistics (absolute non-zero finite values)
--- RHS       [min, max] : [ 8.206E-07, 1.425E+04] - Zero values observed as well
--- Bound     [min, max] : [        NA,        NA]
--- Matrix    [min, max] : [ 1.065E-20, 2.459E+05] - Zero values observed as well
--- Model_GTAP11b.gms(4622) 457 Mb
--- Executing CONOPT4 (Solvelink=2): elapsed 0:02:00.430

CONOPT 4         42.5.0 cf11b917 Mar 30, 2023          WEI x86 64bit/MS Window

 
 
    C O N O P T   version 4.30
    Copyright (C) ARKI Consulting and Development A/S
                  Bagsvaerdvej 246 A
                  DK-2880 Bagsvaerd, Denmark
 
    65 constant coefficients less than 1.0E-20 (=Tol_Zero) have been removed.
    435572 coefficients left.
 
    The user model has 90685 constraints and 90685 variables
    with 435572 Jacobian elements, 258935 of which are nonlinear.
 
    Iter Phase   Ninf   Infeasibility   RGmax      NSB   Step  InItr MX OK
       0   0          9.0038274188E+03 (Input point)
 
    The pre-triangular part of the model has 9975 constraints and variables.
    The post-triangular part of the model has 309 constraints and variables.
 
    Preprocessed model has 80401 constraints and 80401 variables
    with 381273 Jacobian elements, 226408 of which are nonlinear.
 
    Iter Phase   Ninf   Infeasibility   RGmax      NSB   Step  InItr MX OK
                      6.5059510932E+03 (Full preprocessed model)
                      1.9632042187E+02 (After scaling)
       1   1       0  2.1024486677E-10                 1.0E+00    11 F  T
 
 ** Feasible solution to a square system.
 
--- Reading solution for model PEPWT
--- Executing after solve: elapsed 0:02:01.877
--- Model_GTAP11b.gms(3866) 459 Mb
--- Generating CNS model PEPWT
--- Model_GTAP11b.gms(4622) 476 Mb
--- LOOPS TIME = 2049
---   90,685 rows  90,685 columns  435,637 non-zeroes
---   793,127 nl-code  258,935 nl-non-zeroes
--- Range statistics (absolute non-zero finite values)
--- RHS       [min, max] : [ 8.124E-07, 1.419E+04] - Zero values observed as well
--- Bound     [min, max] : [        NA,        NA]
--- Matrix    [min, max] : [ 1.065E-20, 2.519E+05] - Zero values observed as well
--- Model_GTAP11b.gms(4622) 469 Mb
--- Executing CONOPT4 (Solvelink=2): elapsed 0:02:05.553

CONOPT 4         42.5.0 cf11b917 Mar 30, 2023          WEI x86 64bit/MS Window

 
 
    C O N O P T   version 4.30
    Copyright (C) ARKI Consulting and Development A/S
                  Bagsvaerdvej 246 A
                  DK-2880 Bagsvaerd, Denmark
 
    65 constant coefficients less than 1.0E-20 (=Tol_Zero) have been removed.
    435572 coefficients left.
 
    The user model has 90685 constraints and 90685 variables
    with 435572 Jacobian elements, 258935 of which are nonlinear.
 
    Iter Phase   Ninf   Infeasibility   RGmax      NSB   Step  InItr MX OK
       0   0          9.1821742533E+03 (Input point)
 
    The pre-triangular part of the model has 9975 constraints and variables.
    The post-triangular part of the model has 309 constraints and variables.
 
    Preprocessed model has 80401 constraints and 80401 variables
    with 381273 Jacobian elements, 226408 of which are nonlinear.
 
    Iter Phase   Ninf   Infeasibility   RGmax      NSB   Step  InItr MX OK
                      6.5574694790E+03 (Full preprocessed model)
                      1.9249928481E+02 (After scaling)
       1   1       0  3.7223969242E-10                 1.0E+00    11 F  T
 
 ** Feasible solution to a square system.
 
--- Reading solution for model PEPWT
--- Executing after solve: elapsed 0:02:07.033
--- Model_GTAP11b.gms(3866) 471 Mb
--- Generating CNS model PEPWT
--- Model_GTAP11b.gms(4622) 488 Mb
--- LOOPS TIME = 2050
---   90,685 rows  90,685 columns  435,637 non-zeroes
---   793,127 nl-code  258,935 nl-non-zeroes
--- Range statistics (absolute non-zero finite values)
--- RHS       [min, max] : [ 8.042E-07, 1.412E+04] - Zero values observed as well
--- Bound     [min, max] : [        NA,        NA]
--- Matrix    [min, max] : [ 1.065E-20, 2.580E+05] - Zero values observed as well
--- Model_GTAP11b.gms(4622) 482 Mb
--- Executing CONOPT4 (Solvelink=2): elapsed 0:02:10.639

CONOPT 4         42.5.0 cf11b917 Mar 30, 2023          WEI x86 64bit/MS Window

 
 
    C O N O P T   version 4.30
    Copyright (C) ARKI Consulting and Development A/S
                  Bagsvaerdvej 246 A
                  DK-2880 Bagsvaerd, Denmark
 
    65 constant coefficients less than 1.0E-20 (=Tol_Zero) have been removed.
    435572 coefficients left.
 
    The user model has 90685 constraints and 90685 variables
    with 435572 Jacobian elements, 258935 of which are nonlinear.
 
    Iter Phase   Ninf   Infeasibility   RGmax      NSB   Step  InItr MX OK
       0   0          9.3613010753E+03 (Input point)
 
    The pre-triangular part of the model has 9975 constraints and variables.
    The post-triangular part of the model has 309 constraints and variables.
 
    Preprocessed model has 80401 constraints and 80401 variables
    with 381273 Jacobian elements, 226408 of which are nonlinear.
 
    Iter Phase   Ninf   Infeasibility   RGmax      NSB   Step  InItr MX OK
                      6.6196263278E+03 (Full preprocessed model)
                      1.9298915692E+02 (After scaling)
       1   1       0  1.4466061123E-10                 1.0E+00    12 F  T
 
 ** Feasible solution to a square system.
 
--- Reading solution for model PEPWT
--- Executing after solve: elapsed 0:02:12.247
--- Model_GTAP11b.gms(5252) 671 Mb
--- GDX File (execute_unload) C:\Users\kimc0\GUIDE_GLOBAL_CGE\2.RD_CGE\Output_w-t\Baseline_Results_GTAP11b.gdx
--- Model_GTAP11b.gms(6189) 671 Mb
--- GDX File (execute_unload) C:\Users\kimc0\GUIDE_GLOBAL_CGE\2.RD_CGE\Output_w-t\Baseline_Results_IAMC.gdx
--- Model_GTAP11b.gms(6297) 671 Mb
--- Generating CNS model PEPWT
--- Model_GTAP11b.gms(7236) 692 Mb
--- LOOPS TIME = 2019
---   90,685 rows  90,685 columns  434,775 non-zeroes
---   786,000 nl-code  258,073 nl-non-zeroes
--- Range statistics (absolute non-zero finite values)
--- RHS       [min, max] : [ 1.098E-06, 8.930E+03] - Zero values observed as well
--- Bound     [min, max] : [        NA,        NA]
--- Matrix    [min, max] : [ 1.059E-20, 1.731E+05] - Zero values observed as well
--- Model_GTAP11b.gms(7236) 686 Mb
--- Executing CONOPT4 (Solvelink=2): elapsed 0:02:15.207

CONOPT 4         42.5.0 cf11b917 Mar 30, 2023          WEI x86 64bit/MS Window

 
 
    C O N O P T   version 4.30
    Copyright (C) ARKI Consulting and Development A/S
                  Bagsvaerdvej 246 A
                  DK-2880 Bagsvaerd, Denmark
 
    65 constant coefficients less than 1.0E-20 (=Tol_Zero) have been removed.
    434710 coefficients left.
 
    The user model has 90685 constraints and 90685 variables
    with 434710 Jacobian elements, 258073 of which are nonlinear.
 
    Iter Phase   Ninf   Infeasibility   RGmax      NSB   Step  InItr MX OK
       0   0          1.0405805699E-08 (Input point)
 
    The pre-triangular part of the model has 9992 constraints and variables.
    The post-triangular part of the model has 309 constraints and variables.
 
    Preprocessed model has 80384 constraints and 80384 variables
    with 380343 Jacobian elements, 225546 of which are nonlinear.
 
    Iter Phase   Ninf   Infeasibility   RGmax      NSB   Step  InItr MX OK
                      1.0402542391E-08 (Full preprocessed model)
                      7.1853197679E-10 (After scaling)
       1   1       0  7.1853197679E-10                 0.0E+00     1 F  T
 
 ** Feasible solution to a square system.
 
--- Reading solution for model PEPWT
--- Executing after solve: elapsed 0:02:16.064
--- Model_GTAP11b.gms(6297) 686 Mb
--- Generating CNS model PEPWT
--- Model_GTAP11b.gms(7236) 692 Mb
--- LOOPS TIME = 2020
---   90,685 rows  90,685 columns  435,637 non-zeroes
---   793,127 nl-code  258,935 nl-non-zeroes
--- Range statistics (absolute non-zero finite values)
--- RHS       [min, max] : [ 1.087E-06, 8.958E+03] - Zero values observed as well
--- Bound     [min, max] : [        NA,        NA]
--- Matrix    [min, max] : [ 1.016E-20, 1.765E+05] - Zero values observed as well
--- Model_GTAP11b.gms(7236) 686 Mb
--- Executing CONOPT4 (Solvelink=2): elapsed 0:02:18.279

CONOPT 4         42.5.0 cf11b917 Mar 30, 2023          WEI x86 64bit/MS Window

 
 
    C O N O P T   version 4.30
    Copyright (C) ARKI Consulting and Development A/S
                  Bagsvaerdvej 246 A
                  DK-2880 Bagsvaerd, Denmark
 
    65 constant coefficients less than 1.0E-20 (=Tol_Zero) have been removed.
    435572 coefficients left.
 
    The user model has 90685 constraints and 90685 variables
    with 435572 Jacobian elements, 258935 of which are nonlinear.
 
    Iter Phase   Ninf   Infeasibility   RGmax      NSB   Step  InItr MX OK
       0   0          3.6121943887E+03 (Input point)
 
    The pre-triangular part of the model has 9975 constraints and variables.
    The post-triangular part of the model has 309 constraints and variables.
 
    Preprocessed model has 80401 constraints and 80401 variables
    with 381273 Jacobian elements, 226408 of which are nonlinear.
 
    Iter Phase   Ninf   Infeasibility   RGmax      NSB   Step  InItr MX OK
                      2.4521229905E+03 (Full preprocessed model)
                      6.4069640508E+01 (After scaling)
       1   0       0  4.8790284081E+01                 2.5E-01     1 F  T
       2   0       0  2.5649271601E+01                 5.0E-01     1 F  T
       3   1       0  8.0948655211E-10                 1.0E+00    33 F  T
 
 ** Feasible solution to a square system.
 
--- Reading solution for model PEPWT
--- Executing after solve: elapsed 0:02:20.817
--- Model_GTAP11b.gms(6297) 686 Mb
--- Generating CNS model PEPWT
--- Model_GTAP11b.gms(7236) 693 Mb
--- LOOPS TIME = 2021
---   90,685 rows  90,685 columns  435,637 non-zeroes
---   793,127 nl-code  258,935 nl-non-zeroes
--- Range statistics (absolute non-zero finite values)
--- RHS       [min, max] : [ 1.076E-06, 8.967E+03] - Zero values observed as well
--- Bound     [min, max] : [        NA,        NA]
--- Matrix    [min, max] : [ 1.026E-20, 1.885E+05] - Zero values observed as well
--- Model_GTAP11b.gms(7236) 686 Mb
--- Executing CONOPT4 (Solvelink=2): elapsed 0:02:23.119

CONOPT 4         42.5.0 cf11b917 Mar 30, 2023          WEI x86 64bit/MS Window

 
 
    C O N O P T   version 4.30
    Copyright (C) ARKI Consulting and Development A/S
                  Bagsvaerdvej 246 A
                  DK-2880 Bagsvaerd, Denmark
 
    65 constant coefficients less than 1.0E-20 (=Tol_Zero) have been removed.
    435572 coefficients left.
 
    The user model has 90685 constraints and 90685 variables
    with 435572 Jacobian elements, 258935 of which are nonlinear.
 
    Iter Phase   Ninf   Infeasibility   RGmax      NSB   Step  InItr MX OK
       0   0          4.2502644099E+03 (Input point)
 
    The pre-triangular part of the model has 9975 constraints and variables.
    The post-triangular part of the model has 309 constraints and variables.
 
    Preprocessed model has 80401 constraints and 80401 variables
    with 381273 Jacobian elements, 226408 of which are nonlinear.
 
    Iter Phase   Ninf   Infeasibility   RGmax      NSB   Step  InItr MX OK
                      2.6144873883E+03 (Full preprocessed model)
                      5.0451936504E+01 (After scaling)
       1   0       0  2.5845133154E+01                 5.0E-01     1 F  T
       2   1       0  1.4083008947E-09                 1.0E+00    12 F  T
 
 ** Feasible solution to a square system.
 
--- Reading solution for model PEPWT
--- Executing after solve: elapsed 0:02:24.695
--- Model_GTAP11b.gms(6297) 686 Mb
--- Generating CNS model PEPWT
--- Model_GTAP11b.gms(7236) 693 Mb
--- LOOPS TIME = 2022
---   90,685 rows  90,685 columns  435,637 non-zeroes
---   793,127 nl-code  258,935 nl-non-zeroes
--- Range statistics (absolute non-zero finite values)
--- RHS       [min, max] : [ 1.066E-06, 9.006E+03] - Zero values observed as well
--- Bound     [min, max] : [        NA,        NA]
--- Matrix    [min, max] : [ 1.002E-20, 1.771E+05] - Zero values observed as well
--- Model_GTAP11b.gms(7236) 686 Mb
--- Executing CONOPT4 (Solvelink=2): elapsed 0:02:27.112

CONOPT 4         42.5.0 cf11b917 Mar 30, 2023          WEI x86 64bit/MS Window

 
 
    C O N O P T   version 4.30
    Copyright (C) ARKI Consulting and Development A/S
                  Bagsvaerdvej 246 A
                  DK-2880 Bagsvaerd, Denmark
 
    65 constant coefficients less than 1.0E-20 (=Tol_Zero) have been removed.
    435572 coefficients left.
 
    The user model has 90685 constraints and 90685 variables
    with 435572 Jacobian elements, 258935 of which are nonlinear.
 
    Iter Phase   Ninf   Infeasibility   RGmax      NSB   Step  InItr MX OK
       0   0          2.6488354419E+03 (Input point)
 
    The pre-triangular part of the model has 9975 constraints and variables.
    The post-triangular part of the model has 309 constraints and variables.
 
    Preprocessed model has 80401 constraints and 80401 variables
    with 381273 Jacobian elements, 226408 of which are nonlinear.
 
    Iter Phase   Ninf   Infeasibility   RGmax      NSB   Step  InItr MX OK
                      1.2609514754E+03 (Full preprocessed model)
                      3.8109417544E+01 (After scaling)
       1   0       0  1.8968093724E-02                 1.0E+00     5 F  F
       2   0       0  7.8754065349E-03                 1.0E+00     2 F  F
       3   1       0  1.2760277352E-09                 1.0E+00    11 F  T
 
 ** Feasible solution to a square system.
 
--- Reading solution for model PEPWT
--- Executing after solve: elapsed 0:02:29.457
--- Model_GTAP11b.gms(6297) 686 Mb
--- Generating CNS model PEPWT
--- Model_GTAP11b.gms(7236) 693 Mb
--- LOOPS TIME = 2023
---   90,685 rows  90,685 columns  435,637 non-zeroes
---   793,127 nl-code  258,935 nl-non-zeroes
--- Range statistics (absolute non-zero finite values)
--- RHS       [min, max] : [ 1.055E-06, 9.051E+03] - Zero values observed as well
--- Bound     [min, max] : [        NA,        NA]
--- Matrix    [min, max] : [ 1.026E-20, 1.779E+05] - Zero values observed as well
--- Model_GTAP11b.gms(7236) 687 Mb
--- Executing CONOPT4 (Solvelink=2): elapsed 0:02:32.028

CONOPT 4         42.5.0 cf11b917 Mar 30, 2023          WEI x86 64bit/MS Window

 
 
    C O N O P T   version 4.30
    Copyright (C) ARKI Consulting and Development A/S
                  Bagsvaerdvej 246 A
                  DK-2880 Bagsvaerd, Denmark
 
    65 constant coefficients less than 1.0E-20 (=Tol_Zero) have been removed.
    435572 coefficients left.
 
    The user model has 90685 constraints and 90685 variables
    with 435572 Jacobian elements, 258935 of which are nonlinear.
 
    Iter Phase   Ninf   Infeasibility   RGmax      NSB   Step  InItr MX OK
       0   0          2.6043732597E+03 (Input point)
 
    The pre-triangular part of the model has 9975 constraints and variables.
    The post-triangular part of the model has 309 constraints and variables.
 
    Preprocessed model has 80401 constraints and 80401 variables
    with 381273 Jacobian elements, 226408 of which are nonlinear.
 
    Iter Phase   Ninf   Infeasibility   RGmax      NSB   Step  InItr MX OK
                      1.2420290526E+03 (Full preprocessed model)
                      4.6583448525E+01 (After scaling)
       1   1       0  4.8849899489E-10                 1.0E+00    26 F  T
 
 ** Feasible solution to a square system.
 
--- Reading solution for model PEPWT
--- Executing after solve: elapsed 0:02:33.512
--- Model_GTAP11b.gms(6297) 687 Mb
--- Generating CNS model PEPWT
--- Model_GTAP11b.gms(7236) 693 Mb
--- LOOPS TIME = 2024
---   90,685 rows  90,685 columns  435,637 non-zeroes
---   793,127 nl-code  258,935 nl-non-zeroes
--- Range statistics (absolute non-zero finite values)
--- RHS       [min, max] : [ 1.044E-06, 9.156E+03] - Zero values observed as well
--- Bound     [min, max] : [        NA,        NA]
--- Matrix    [min, max] : [ 1.044E-20, 1.788E+05] - Zero values observed as well
--- Model_GTAP11b.gms(7236) 687 Mb
--- Executing CONOPT4 (Solvelink=2): elapsed 0:02:36.092

CONOPT 4         42.5.0 cf11b917 Mar 30, 2023          WEI x86 64bit/MS Window

 
 
    C O N O P T   version 4.30
    Copyright (C) ARKI Consulting and Development A/S
                  Bagsvaerdvej 246 A
                  DK-2880 Bagsvaerd, Denmark
 
    65 constant coefficients less than 1.0E-20 (=Tol_Zero) have been removed.
    435572 coefficients left.
 
    The user model has 90685 constraints and 90685 variables
    with 435572 Jacobian elements, 258935 of which are nonlinear.
 
    Iter Phase   Ninf   Infeasibility   RGmax      NSB   Step  InItr MX OK
       0   0          2.6518762391E+03 (Input point)
 
    The pre-triangular part of the model has 9975 constraints and variables.
    The post-triangular part of the model has 309 constraints and variables.
 
    Preprocessed model has 80401 constraints and 80401 variables
    with 381273 Jacobian elements, 226408 of which are nonlinear.
 
    Iter Phase   Ninf   Infeasibility   RGmax      NSB   Step  InItr MX OK
                      1.2854333858E+03 (Full preprocessed model)
                      5.1849692018E+01 (After scaling)
       1   0       0  2.5498490245E-03                 1.0E+00     7 F  F
       2   1       0  2.1355086067E-10                 1.0E+00     6 F  T
 
 ** Feasible solution to a square system.
 
--- Reading solution for model PEPWT
--- Executing after solve: elapsed 0:02:37.835
--- Model_GTAP11b.gms(6297) 687 Mb
--- Generating CNS model PEPWT
--- Model_GTAP11b.gms(7236) 694 Mb
--- LOOPS TIME = 2025
---   90,685 rows  90,685 columns  435,637 non-zeroes
---   793,127 nl-code  258,935 nl-non-zeroes
--- Range statistics (absolute non-zero finite values)
--- RHS       [min, max] : [ 1.034E-06, 9.537E+03] - Zero values observed as well
--- Bound     [min, max] : [        NA,        NA]
--- Matrix    [min, max] : [ 1.065E-20, 1.800E+05] - Zero values observed as well
--- Model_GTAP11b.gms(7236) 687 Mb
--- Executing CONOPT4 (Solvelink=2): elapsed 0:02:40.545

CONOPT 4         42.5.0 cf11b917 Mar 30, 2023          WEI x86 64bit/MS Window

 
 
    C O N O P T   version 4.30
    Copyright (C) ARKI Consulting and Development A/S
                  Bagsvaerdvej 246 A
                  DK-2880 Bagsvaerd, Denmark
 
    65 constant coefficients less than 1.0E-20 (=Tol_Zero) have been removed.
    435572 coefficients left.
 
    The user model has 90685 constraints and 90685 variables
    with 435572 Jacobian elements, 258935 of which are nonlinear.
 
    Iter Phase   Ninf   Infeasibility   RGmax      NSB   Step  InItr MX OK
       0   0          2.7118822672E+03 (Input point)
 
    The pre-triangular part of the model has 9975 constraints and variables.
    The post-triangular part of the model has 309 constraints and variables.
 
    Preprocessed model has 80401 constraints and 80401 variables
    with 381273 Jacobian elements, 226408 of which are nonlinear.
 
    Iter Phase   Ninf   Infeasibility   RGmax      NSB   Step  InItr MX OK
                      1.3238852431E+03 (Full preprocessed model)
                      5.4239208929E+01 (After scaling)
       1   0       0  5.7239220541E-03                 1.0E+00     6 F  F
       2   1       0  2.3881021825E-10                 1.0E+00    12 F  T
 
 ** Feasible solution to a square system.
 
--- Reading solution for model PEPWT
--- Executing after solve: elapsed 0:02:42.323
--- Model_GTAP11b.gms(6297) 687 Mb
--- Generating CNS model PEPWT
--- Model_GTAP11b.gms(7236) 694 Mb
--- LOOPS TIME = 2026
---   90,685 rows  90,685 columns  435,661 non-zeroes
---   793,142 nl-code  258,941 nl-non-zeroes
--- Range statistics (absolute non-zero finite values)
--- RHS       [min, max] : [ 1.024E-06, 9.929E+03] - Zero values observed as well
--- Bound     [min, max] : [        NA,        NA]
--- Matrix    [min, max] : [ 1.065E-20, 1.813E+05] - Zero values observed as well
--- Model_GTAP11b.gms(7236) 687 Mb
--- Executing CONOPT4 (Solvelink=2): elapsed 0:02:45.063

CONOPT 4         42.5.0 cf11b917 Mar 30, 2023          WEI x86 64bit/MS Window

 
 
    C O N O P T   version 4.30
    Copyright (C) ARKI Consulting and Development A/S
                  Bagsvaerdvej 246 A
                  DK-2880 Bagsvaerd, Denmark
 
    65 constant coefficients less than 1.0E-20 (=Tol_Zero) have been removed.
    435596 coefficients left.
 
    The user model has 90685 constraints and 90685 variables
    with 435596 Jacobian elements, 258941 of which are nonlinear.
 
    Iter Phase   Ninf   Infeasibility   RGmax      NSB   Step  InItr MX OK
       0   0          3.0117268834E+03 (Input point)
 
    The pre-triangular part of the model has 9953 constraints and variables.
    The post-triangular part of the model has 304 constraints and variables.
 
    Preprocessed model has 80428 constraints and 80428 variables
    with 381366 Jacobian elements, 226429 of which are nonlinear.
 
    Iter Phase   Ninf   Infeasibility   RGmax      NSB   Step  InItr MX OK
                      1.4429416222E+03 (Full preprocessed model)
                      6.6477094569E+01 (After scaling)
       1   0       0  1.0634567155E-02                 1.0E+00     5 F  F
       2   1       0  3.8770899839E-10                 1.0E+00    22 F  T
 
 ** Feasible solution to a square system.
 
--- Reading solution for model PEPWT
--- Executing after solve: elapsed 0:02:47.111
--- Model_GTAP11b.gms(6297) 687 Mb
--- Generating CNS model PEPWT
--- Model_GTAP11b.gms(7236) 694 Mb
--- LOOPS TIME = 2027
---   90,685 rows  90,685 columns  435,661 non-zeroes
---   793,142 nl-code  258,941 nl-non-zeroes
--- Range statistics (absolute non-zero finite values)
--- RHS       [min, max] : [ 1.013E-06, 1.033E+04] - Zero values observed as well
--- Bound     [min, max] : [        NA,        NA]
--- Matrix    [min, max] : [ 1.017E-20, 1.805E+05] - Zero values observed as well
--- Model_GTAP11b.gms(7236) 688 Mb
--- Executing CONOPT4 (Solvelink=2): elapsed 0:02:49.836

CONOPT 4         42.5.0 cf11b917 Mar 30, 2023          WEI x86 64bit/MS Window

 
 
    C O N O P T   version 4.30
    Copyright (C) ARKI Consulting and Development A/S
                  Bagsvaerdvej 246 A
                  DK-2880 Bagsvaerd, Denmark
 
    65 constant coefficients less than 1.0E-20 (=Tol_Zero) have been removed.
    435596 coefficients left.
 
    The user model has 90685 constraints and 90685 variables
    with 435596 Jacobian elements, 258941 of which are nonlinear.
 
    Iter Phase   Ninf   Infeasibility   RGmax      NSB   Step  InItr MX OK
       0   0          3.0791620509E+03 (Input point)
 
    The pre-triangular part of the model has 9953 constraints and variables.
    The post-triangular part of the model has 304 constraints and variables.
 
    Preprocessed model has 80428 constraints and 80428 variables
    with 381366 Jacobian elements, 226429 of which are nonlinear.
 
    Iter Phase   Ninf   Infeasibility   RGmax      NSB   Step  InItr MX OK
                      1.5172098273E+03 (Full preprocessed model)
                      6.6667918957E+01 (After scaling)
       1   0       0  5.9208510975E-03                 1.0E+00     6 F  F
       2   1       0  4.2539547344E-10                 1.0E+00    15 F  T
 
 ** Feasible solution to a square system.
 
--- Reading solution for model PEPWT
--- Executing after solve: elapsed 0:02:51.866
--- Model_GTAP11b.gms(6297) 688 Mb
--- Generating CNS model PEPWT
--- Model_GTAP11b.gms(7236) 694 Mb
--- LOOPS TIME = 2028
---   90,685 rows  90,685 columns  435,661 non-zeroes
---   793,142 nl-code  258,941 nl-non-zeroes
--- Range statistics (absolute non-zero finite values)
--- RHS       [min, max] : [ 1.003E-06, 1.073E+04] - Zero values observed as well
--- Bound     [min, max] : [        NA,        NA]
--- Matrix    [min, max] : [ 1.029E-20, 1.801E+05] - Zero values observed as well
--- Model_GTAP11b.gms(7236) 688 Mb
--- Executing CONOPT4 (Solvelink=2): elapsed 0:02:54.736

CONOPT 4         42.5.0 cf11b917 Mar 30, 2023          WEI x86 64bit/MS Window

 
 
    C O N O P T   version 4.30
    Copyright (C) ARKI Consulting and Development A/S
                  Bagsvaerdvej 246 A
                  DK-2880 Bagsvaerd, Denmark
 
    65 constant coefficients less than 1.0E-20 (=Tol_Zero) have been removed.
    435596 coefficients left.
 
    The user model has 90685 constraints and 90685 variables
    with 435596 Jacobian elements, 258941 of which are nonlinear.
 
    Iter Phase   Ninf   Infeasibility   RGmax      NSB   Step  InItr MX OK
       0   0          3.1361001553E+03 (Input point)
 
    The pre-triangular part of the model has 9953 constraints and variables.
    The post-triangular part of the model has 304 constraints and variables.
 
    Preprocessed model has 80428 constraints and 80428 variables
    with 381366 Jacobian elements, 226429 of which are nonlinear.
 
    Iter Phase   Ninf   Infeasibility   RGmax      NSB   Step  InItr MX OK
                      1.5801630843E+03 (Full preprocessed model)
                      6.8412466688E+01 (After scaling)
       1   0       0  3.7743099702E-03                 1.0E+00     6 F  F
       2   1       0  4.0315337699E-10                 1.0E+00    18 F  T
 
 ** Feasible solution to a square system.
 
--- Reading solution for model PEPWT
--- Executing after solve: elapsed 0:02:56.773
--- Model_GTAP11b.gms(6297) 688 Mb
--- Generating CNS model PEPWT
--- Model_GTAP11b.gms(7236) 695 Mb
--- LOOPS TIME = 2029
---   90,685 rows  90,685 columns  435,685 non-zeroes
---   793,157 nl-code  258,947 nl-non-zeroes
--- Range statistics (absolute non-zero finite values)
--- RHS       [min, max] : [ 9.932E-07, 1.113E+04] - Zero values observed as well
--- Bound     [min, max] : [        NA,        NA]
--- Matrix    [min, max] : [ 1.065E-20, 1.801E+05] - Zero values observed as well
--- Model_GTAP11b.gms(7236) 688 Mb
--- Executing CONOPT4 (Solvelink=2): elapsed 0:02:59.838

CONOPT 4         42.5.0 cf11b917 Mar 30, 2023          WEI x86 64bit/MS Window

 
 
    C O N O P T   version 4.30
    Copyright (C) ARKI Consulting and Development A/S
                  Bagsvaerdvej 246 A
                  DK-2880 Bagsvaerd, Denmark
 
    65 constant coefficients less than 1.0E-20 (=Tol_Zero) have been removed.
    435620 coefficients left.
 
    The user model has 90685 constraints and 90685 variables
    with 435620 Jacobian elements, 258947 of which are nonlinear.
 
    Iter Phase   Ninf   Infeasibility   RGmax      NSB   Step  InItr MX OK
       0   0          3.2116870907E+03 (Input point)
 
    The pre-triangular part of the model has 9931 constraints and variables.
    The post-triangular part of the model has 299 constraints and variables.
 
    Preprocessed model has 80455 constraints and 80455 variables
    with 381459 Jacobian elements, 226450 of which are nonlinear.
 
    Iter Phase   Ninf   Infeasibility   RGmax      NSB   Step  InItr MX OK
                      1.6654849314E+03 (Full preprocessed model)
                      7.5913085079E+01 (After scaling)
       1   0       0  3.9176475423E-03                 1.0E+00     6 F  F
       2   1       0  2.5454604222E-10                 1.0E+00    21 F  T
 
 ** Feasible solution to a square system.
 
--- Reading solution for model PEPWT
--- Executing after solve: elapsed 0:03:01.897
--- Model_GTAP11b.gms(6297) 688 Mb
--- Generating CNS model PEPWT
--- Model_GTAP11b.gms(7236) 695 Mb
--- LOOPS TIME = 2030
---   90,685 rows  90,685 columns  435,685 non-zeroes
---   793,157 nl-code  258,947 nl-non-zeroes
--- Range statistics (absolute non-zero finite values)
--- RHS       [min, max] : [ 9.833E-07, 1.152E+04] - Zero values observed as well
--- Bound     [min, max] : [        NA,        NA]
--- Matrix    [min, max] : [ 1.065E-20, 1.805E+05] - Zero values observed as well
--- Model_GTAP11b.gms(7236) 688 Mb
--- Executing CONOPT4 (Solvelink=2): elapsed 0:03:05.074

CONOPT 4         42.5.0 cf11b917 Mar 30, 2023          WEI x86 64bit/MS Window

 
 
    C O N O P T   version 4.30
    Copyright (C) ARKI Consulting and Development A/S
                  Bagsvaerdvej 246 A
                  DK-2880 Bagsvaerd, Denmark
 
    65 constant coefficients less than 1.0E-20 (=Tol_Zero) have been removed.
    435620 coefficients left.
 
    The user model has 90685 constraints and 90685 variables
    with 435620 Jacobian elements, 258947 of which are nonlinear.
 
    Iter Phase   Ninf   Infeasibility   RGmax      NSB   Step  InItr MX OK
       0   0          3.3160975612E+03 (Input point)
 
    The pre-triangular part of the model has 9931 constraints and variables.
    The post-triangular part of the model has 299 constraints and variables.
 
    Preprocessed model has 80455 constraints and 80455 variables
    with 381459 Jacobian elements, 226450 of which are nonlinear.
 
    Iter Phase   Ninf   Infeasibility   RGmax      NSB   Step  InItr MX OK
                      1.7608838085E+03 (Full preprocessed model)
                      7.7910830578E+01 (After scaling)
       1   0       0  3.9374351434E-03                 1.0E+00     6 F  F
       2   1       0  3.7299260478E-10                 1.0E+00    18 F  T
 
 ** Feasible solution to a square system.
 
--- Reading solution for model PEPWT
--- Executing after solve: elapsed 0:03:07.070
--- Model_GTAP11b.gms(6297) 688 Mb
--- Generating CNS model PEPWT
--- Model_GTAP11b.gms(7236) 695 Mb
--- LOOPS TIME = 2031
---   90,685 rows  90,685 columns  435,685 non-zeroes
---   793,157 nl-code  258,947 nl-non-zeroes
--- Range statistics (absolute non-zero finite values)
--- RHS       [min, max] : [ 9.735E-07, 1.189E+04] - Zero values observed as well
--- Bound     [min, max] : [        NA,        NA]
--- Matrix    [min, max] : [ 1.065E-20, 1.812E+05] - Zero values observed as well
--- Model_GTAP11b.gms(7236) 689 Mb
--- Executing CONOPT4 (Solvelink=2): elapsed 0:03:10.079

CONOPT 4         42.5.0 cf11b917 Mar 30, 2023          WEI x86 64bit/MS Window

 
 
    C O N O P T   version 4.30
    Copyright (C) ARKI Consulting and Development A/S
                  Bagsvaerdvej 246 A
                  DK-2880 Bagsvaerd, Denmark
 
    65 constant coefficients less than 1.0E-20 (=Tol_Zero) have been removed.
    435620 coefficients left.
 
    The user model has 90685 constraints and 90685 variables
    with 435620 Jacobian elements, 258947 of which are nonlinear.
 
    Iter Phase   Ninf   Infeasibility   RGmax      NSB   Step  InItr MX OK
       0   0          3.4635808738E+03 (Input point)
 
    The pre-triangular part of the model has 9931 constraints and variables.
    The post-triangular part of the model has 299 constraints and variables.
 
    Preprocessed model has 80455 constraints and 80455 variables
    with 381459 Jacobian elements, 226450 of which are nonlinear.
 
    Iter Phase   Ninf   Infeasibility   RGmax      NSB   Step  InItr MX OK
                      1.8705333594E+03 (Full preprocessed model)
                      8.3804956862E+01 (After scaling)
       1   0       0  3.4742846591E-03                 1.0E+00     6 F  F
       2   1       0  4.1337244932E-10                 1.0E+00    22 F  T
 
 ** Feasible solution to a square system.
 
--- Reading solution for model PEPWT
--- Executing after solve: elapsed 0:03:12.106
--- Model_GTAP11b.gms(6297) 689 Mb
--- Generating CNS model PEPWT
--- Model_GTAP11b.gms(7236) 695 Mb
--- LOOPS TIME = 2032
---   90,685 rows  90,685 columns  435,685 non-zeroes
---   793,157 nl-code  258,947 nl-non-zeroes
--- Range statistics (absolute non-zero finite values)
--- RHS       [min, max] : [ 9.637E-07, 1.225E+04] - Zero values observed as well
--- Bound     [min, max] : [        NA,        NA]
--- Matrix    [min, max] : [ 1.065E-20, 1.822E+05] - Zero values observed as well
--- Model_GTAP11b.gms(7236) 689 Mb
--- Executing CONOPT4 (Solvelink=2): elapsed 0:03:15.309

CONOPT 4         42.5.0 cf11b917 Mar 30, 2023          WEI x86 64bit/MS Window

 
 
    C O N O P T   version 4.30
    Copyright (C) ARKI Consulting and Development A/S
                  Bagsvaerdvej 246 A
                  DK-2880 Bagsvaerd, Denmark
 
    65 constant coefficients less than 1.0E-20 (=Tol_Zero) have been removed.
    435620 coefficients left.
 
    The user model has 90685 constraints and 90685 variables
    with 435620 Jacobian elements, 258947 of which are nonlinear.
 
    Iter Phase   Ninf   Infeasibility   RGmax      NSB   Step  InItr MX OK
       0   0          3.5879329675E+03 (Input point)
 
    The pre-triangular part of the model has 9931 constraints and variables.
    The post-triangular part of the model has 299 constraints and variables.
 
    Preprocessed model has 80455 constraints and 80455 variables
    with 381459 Jacobian elements, 226450 of which are nonlinear.
 
    Iter Phase   Ninf   Infeasibility   RGmax      NSB   Step  InItr MX OK
                      1.9597346819E+03 (Full preprocessed model)
                      8.4485046538E+01 (After scaling)
       1   0       0  4.0121657210E-03                 1.0E+00     6 F  F
       2   1       0  2.4281835552E-10                 1.0E+00    19 F  T
 
 ** Feasible solution to a square system.
 
--- Reading solution for model PEPWT
--- Executing after solve: elapsed 0:03:17.218
--- Model_GTAP11b.gms(6297) 689 Mb
--- Generating CNS model PEPWT
--- Model_GTAP11b.gms(7236) 696 Mb
--- LOOPS TIME = 2033
---   90,685 rows  90,685 columns  435,757 non-zeroes
---   793,202 nl-code  258,965 nl-non-zeroes
--- Range statistics (absolute non-zero finite values)
--- RHS       [min, max] : [ 9.541E-07, 1.259E+04] - Zero values observed as well
--- Bound     [min, max] : [        NA,        NA]
--- Matrix    [min, max] : [ 1.065E-20, 1.837E+05] - Zero values observed as well
--- Model_GTAP11b.gms(7236) 689 Mb
--- Executing CONOPT4 (Solvelink=2): elapsed 0:03:20.449

CONOPT 4         42.5.0 cf11b917 Mar 30, 2023          WEI x86 64bit/MS Window

 
 
    C O N O P T   version 4.30
    Copyright (C) ARKI Consulting and Development A/S
                  Bagsvaerdvej 246 A
                  DK-2880 Bagsvaerd, Denmark
 
    65 constant coefficients less than 1.0E-20 (=Tol_Zero) have been removed.
    435692 coefficients left.
 
    The user model has 90685 constraints and 90685 variables
    with 435692 Jacobian elements, 258965 of which are nonlinear.
 
    Iter Phase   Ninf   Infeasibility   RGmax      NSB   Step  InItr MX OK
       0   0          3.7162001132E+03 (Input point)
 
    The pre-triangular part of the model has 9865 constraints and variables.
    The post-triangular part of the model has 284 constraints and variables.
 
    Preprocessed model has 80536 constraints and 80536 variables
    with 381738 Jacobian elements, 226513 of which are nonlinear.
 
    Iter Phase   Ninf   Infeasibility   RGmax      NSB   Step  InItr MX OK
                      2.0633816428E+03 (Full preprocessed model)
                      9.4873635056E+01 (After scaling)
       1   0       0  8.9380557621E-03                 1.0E+00     7 F  F
       2   0       0  3.1625655418E-03                 1.0E+00     2 F  F
       3   1       0  3.2013909952E-10                 1.0E+00    11 F  T
 
 ** Feasible solution to a square system.
 
--- Reading solution for model PEPWT
--- Executing after solve: elapsed 0:03:22.791
--- Model_GTAP11b.gms(6297) 689 Mb
--- Generating CNS model PEPWT
--- Model_GTAP11b.gms(7236) 696 Mb
--- LOOPS TIME = 2034
---   90,685 rows  90,685 columns  435,757 non-zeroes
---   793,202 nl-code  258,965 nl-non-zeroes
--- Range statistics (absolute non-zero finite values)
--- RHS       [min, max] : [ 9.446E-07, 1.290E+04] - Zero values observed as well
--- Bound     [min, max] : [        NA,        NA]
--- Matrix    [min, max] : [ 1.065E-20, 1.897E+05] - Zero values observed as well
--- Model_GTAP11b.gms(7236) 689 Mb
--- Executing CONOPT4 (Solvelink=2): elapsed 0:03:26.194

CONOPT 4         42.5.0 cf11b917 Mar 30, 2023          WEI x86 64bit/MS Window

 
 
    C O N O P T   version 4.30
    Copyright (C) ARKI Consulting and Development A/S
                  Bagsvaerdvej 246 A
                  DK-2880 Bagsvaerd, Denmark
 
    65 constant coefficients less than 1.0E-20 (=Tol_Zero) have been removed.
    435692 coefficients left.
 
    The user model has 90685 constraints and 90685 variables
    with 435692 Jacobian elements, 258965 of which are nonlinear.
 
    Iter Phase   Ninf   Infeasibility   RGmax      NSB   Step  InItr MX OK
       0   0          3.8789033419E+03 (Input point)
 
    The pre-triangular part of the model has 9865 constraints and variables.
    The post-triangular part of the model has 284 constraints and variables.
 
    Preprocessed model has 80536 constraints and 80536 variables
    with 381738 Jacobian elements, 226513 of which are nonlinear.
 
    Iter Phase   Ninf   Infeasibility   RGmax      NSB   Step  InItr MX OK
                      2.1893789676E+03 (Full preprocessed model)
                      1.0034041514E+02 (After scaling)
       1   0       0  6.8963130864E-03                 1.0E+00     6 F  F
       2   1       0  3.9785788329E-10                 1.0E+00    19 F  T
 
 ** Feasible solution to a square system.
 
--- Reading solution for model PEPWT
--- Executing after solve: elapsed 0:03:28.141
--- Model_GTAP11b.gms(6297) 689 Mb
--- Generating CNS model PEPWT
--- Model_GTAP11b.gms(7236) 696 Mb
--- LOOPS TIME = 2035
---   90,685 rows  90,685 columns  435,757 non-zeroes
---   793,202 nl-code  258,965 nl-non-zeroes
--- Range statistics (absolute non-zero finite values)
--- RHS       [min, max] : [ 9.351E-07, 1.319E+04] - Zero values observed as well
--- Bound     [min, max] : [        NA,        NA]
--- Matrix    [min, max] : [ 1.065E-20, 1.953E+05] - Zero values observed as well
--- Model_GTAP11b.gms(7236) 690 Mb
--- Executing CONOPT4 (Solvelink=2): elapsed 0:03:31.560

CONOPT 4         42.5.0 cf11b917 Mar 30, 2023          WEI x86 64bit/MS Window

 
 
    C O N O P T   version 4.30
    Copyright (C) ARKI Consulting and Development A/S
                  Bagsvaerdvej 246 A
                  DK-2880 Bagsvaerd, Denmark
 
    65 constant coefficients less than 1.0E-20 (=Tol_Zero) have been removed.
    435692 coefficients left.
 
    The user model has 90685 constraints and 90685 variables
    with 435692 Jacobian elements, 258965 of which are nonlinear.
 
    Iter Phase   Ninf   Infeasibility   RGmax      NSB   Step  InItr MX OK
       0   0          4.0316582260E+03 (Input point)
 
    The pre-triangular part of the model has 9865 constraints and variables.
    The post-triangular part of the model has 284 constraints and variables.
 
    Preprocessed model has 80536 constraints and 80536 variables
    with 381738 Jacobian elements, 226513 of which are nonlinear.
 
    Iter Phase   Ninf   Infeasibility   RGmax      NSB   Step  InItr MX OK
                      2.3049936894E+03 (Full preprocessed model)
                      1.0328089229E+02 (After scaling)
       1   0       0  5.1837279116E-03                 1.0E+00     6 F  F
       2   1       0  1.9028866517E-10                 1.0E+00    15 F  T
 
 ** Feasible solution to a square system.
 
--- Reading solution for model PEPWT
--- Executing after solve: elapsed 0:03:33.570
--- Model_GTAP11b.gms(6297) 690 Mb
--- Generating CNS model PEPWT
--- Model_GTAP11b.gms(7236) 696 Mb
--- LOOPS TIME = 2036
---   90,685 rows  90,685 columns  435,781 non-zeroes
---   793,217 nl-code  258,971 nl-non-zeroes
--- Range statistics (absolute non-zero finite values)
--- RHS       [min, max] : [ 9.258E-07, 1.344E+04] - Zero values observed as well
--- Bound     [min, max] : [        NA,        NA]
--- Matrix    [min, max] : [ 1.065E-20, 2.004E+05] - Zero values observed as well
--- Model_GTAP11b.gms(7236) 690 Mb
--- Executing CONOPT4 (Solvelink=2): elapsed 0:03:37.156

CONOPT 4         42.5.0 cf11b917 Mar 30, 2023          WEI x86 64bit/MS Window

 
 
    C O N O P T   version 4.30
    Copyright (C) ARKI Consulting and Development A/S
                  Bagsvaerdvej 246 A
                  DK-2880 Bagsvaerd, Denmark
 
    65 constant coefficients less than 1.0E-20 (=Tol_Zero) have been removed.
    435716 coefficients left.
 
    The user model has 90685 constraints and 90685 variables
    with 435716 Jacobian elements, 258971 of which are nonlinear.
 
    Iter Phase   Ninf   Infeasibility   RGmax      NSB   Step  InItr MX OK
       0   0          4.3768337837E+03 (Input point)
 
    The pre-triangular part of the model has 9843 constraints and variables.
    The post-triangular part of the model has 279 constraints and variables.
 
    Preprocessed model has 80563 constraints and 80563 variables
    with 381831 Jacobian elements, 226534 of which are nonlinear.
 
    Iter Phase   Ninf   Infeasibility   RGmax      NSB   Step  InItr MX OK
                      2.5229133677E+03 (Full preprocessed model)
                      1.1234406582E+02 (After scaling)
       1   0       0  9.3703466901E-03                 1.0E+00     7 F  F
       2   1       0  3.5140120076E-10                 1.0E+00    47 F  T
 
 ** Feasible solution to a square system.
 
--- Reading solution for model PEPWT
--- Executing after solve: elapsed 0:03:39.889
--- Model_GTAP11b.gms(6297) 690 Mb
--- Generating CNS model PEPWT
--- Model_GTAP11b.gms(7236) 697 Mb
--- LOOPS TIME = 2037
---   90,685 rows  90,685 columns  435,781 non-zeroes
---   793,217 nl-code  258,971 nl-non-zeroes
--- Range statistics (absolute non-zero finite values)
--- RHS       [min, max] : [ 9.165E-07, 1.368E+04] - Zero values observed as well
--- Bound     [min, max] : [        NA,        NA]
--- Matrix    [min, max] : [ 1.065E-20, 4.478E+05] - Zero values observed as well
--- Model_GTAP11b.gms(7236) 690 Mb
--- Executing CONOPT4 (Solvelink=2): elapsed 0:03:43.715

CONOPT 4         42.5.0 cf11b917 Mar 30, 2023          WEI x86 64bit/MS Window

 
 
    C O N O P T   version 4.30
    Copyright (C) ARKI Consulting and Development A/S
                  Bagsvaerdvej 246 A
                  DK-2880 Bagsvaerd, Denmark
 
    65 constant coefficients less than 1.0E-20 (=Tol_Zero) have been removed.
    435716 coefficients left.
 
    The user model has 90685 constraints and 90685 variables
    with 435716 Jacobian elements, 258971 of which are nonlinear.
 
    Iter Phase   Ninf   Infeasibility   RGmax      NSB   Step  InItr MX OK
       0   0          4.8927145530E+03 (Input point)
 
    The pre-triangular part of the model has 9843 constraints and variables.
    The post-triangular part of the model has 279 constraints and variables.
 
    Preprocessed model has 80563 constraints and 80563 variables
    with 381831 Jacobian elements, 226534 of which are nonlinear.
 
    Iter Phase   Ninf   Infeasibility   RGmax      NSB   Step  InItr MX OK
                      2.8643385511E+03 (Full preprocessed model)
                      1.1736934697E+02 (After scaling)
       1   0       0  5.0786368519E-03                 1.0E+00     6 F  F
       2   1       0  2.8810631000E-10                 1.0E+00    13 F  T
 
 ** Feasible solution to a square system.
 
--- Reading solution for model PEPWT
--- Executing after solve: elapsed 0:03:45.900
--- Model_GTAP11b.gms(6297) 690 Mb
--- Generating CNS model PEPWT
--- Model_GTAP11b.gms(7236) 697 Mb
--- LOOPS TIME = 2038
---   90,685 rows  90,685 columns  435,781 non-zeroes
---   793,217 nl-code  258,971 nl-non-zeroes
--- Range statistics (absolute non-zero finite values)
--- RHS       [min, max] : [ 9.073E-07, 1.388E+04] - Zero values observed as well
--- Bound     [min, max] : [        NA,        NA]
--- Matrix    [min, max] : [ 1.036E-20, 9.932E+05] - Zero values observed as well
--- Model_GTAP11b.gms(7236) 690 Mb
--- Executing CONOPT4 (Solvelink=2): elapsed 0:03:49.861

CONOPT 4         42.5.0 cf11b917 Mar 30, 2023          WEI x86 64bit/MS Window

 
 
    C O N O P T   version 4.30
    Copyright (C) ARKI Consulting and Development A/S
                  Bagsvaerdvej 246 A
                  DK-2880 Bagsvaerd, Denmark
 
    65 constant coefficients less than 1.0E-20 (=Tol_Zero) have been removed.
    435716 coefficients left.
 
    The user model has 90685 constraints and 90685 variables
    with 435716 Jacobian elements, 258971 of which are nonlinear.
 
    Iter Phase   Ninf   Infeasibility   RGmax      NSB   Step  InItr MX OK
       0   0          5.4456596665E+03 (Input point)
 
    The pre-triangular part of the model has 9843 constraints and variables.
    The post-triangular part of the model has 279 constraints and variables.
 
    Preprocessed model has 80563 constraints and 80563 variables
    with 381831 Jacobian elements, 226534 of which are nonlinear.
 
    Iter Phase   Ninf   Infeasibility   RGmax      NSB   Step  InItr MX OK
                      3.1738219807E+03 (Full preprocessed model)
                      1.2690400414E+02 (After scaling)
       1   0       0  3.0110623067E-03                 1.0E+00     7 F  F
       2   1       0  1.8832606944E-10                 1.0E+00    12 F  T
 
 ** Feasible solution to a square system.
 
--- Reading solution for model PEPWT
--- Executing after solve: elapsed 0:03:51.933
--- Model_GTAP11b.gms(6297) 690 Mb
--- Generating CNS model PEPWT
--- Model_GTAP11b.gms(7236) 697 Mb
--- LOOPS TIME = 2039
---   90,685 rows  90,685 columns  435,781 non-zeroes
---   793,217 nl-code  258,971 nl-non-zeroes
--- Range statistics (absolute non-zero finite values)
--- RHS       [min, max] : [ 8.983E-07, 1.404E+04] - Zero values observed as well
--- Bound     [min, max] : [        NA,        NA]
--- Matrix    [min, max] : [ 1.065E-20, 2.112E+06] - Zero values observed as well
--- Model_GTAP11b.gms(7236) 691 Mb
--- Executing CONOPT4 (Solvelink=2): elapsed 0:03:55.950

CONOPT 4         42.5.0 cf11b917 Mar 30, 2023          WEI x86 64bit/MS Window

 
 
    C O N O P T   version 4.30
    Copyright (C) ARKI Consulting and Development A/S
                  Bagsvaerdvej 246 A
                  DK-2880 Bagsvaerd, Denmark
 
    65 constant coefficients less than 1.0E-20 (=Tol_Zero) have been removed.
    435716 coefficients left.
 
    The user model has 90685 constraints and 90685 variables
    with 435716 Jacobian elements, 258971 of which are nonlinear.
 
    Iter Phase   Ninf   Infeasibility   RGmax      NSB   Step  InItr MX OK
       0   0          6.0295421253E+03 (Input point)
 
    The pre-triangular part of the model has 9843 constraints and variables.
    The post-triangular part of the model has 279 constraints and variables.
 
    Preprocessed model has 80563 constraints and 80563 variables
    with 381831 Jacobian elements, 226534 of which are nonlinear.
 
    Iter Phase   Ninf   Infeasibility   RGmax      NSB   Step  InItr MX OK
                      3.4985755589E+03 (Full preprocessed model)
                      1.3051783639E+02 (After scaling)
       1   0       0  2.3345440625E-03                 1.0E+00     7 F  F
       2   1       0  2.7468315206E-10                 1.0E+00     8 F  T
 
 ** Feasible solution to a square system.
 
--- Reading solution for model PEPWT
--- Executing after solve: elapsed 0:03:57.872
--- Model_GTAP11b.gms(6297) 691 Mb
--- Generating CNS model PEPWT
--- Model_GTAP11b.gms(7236) 697 Mb
--- LOOPS TIME = 2040
---   90,685 rows  90,685 columns  435,781 non-zeroes
---   793,217 nl-code  258,971 nl-non-zeroes
--- Range statistics (absolute non-zero finite values)
--- RHS       [min, max] : [ 8.893E-07, 1.415E+04] - Zero values observed as well
--- Bound     [min, max] : [        NA,        NA]
--- Matrix    [min, max] : [ 1.065E-20, 4.323E+06] - Zero values observed as well
--- Model_GTAP11b.gms(7236) 691 Mb
--- Executing CONOPT4 (Solvelink=2): elapsed 0:04:01.806

CONOPT 4         42.5.0 cf11b917 Mar 30, 2023          WEI x86 64bit/MS Window

 
 
    C O N O P T   version 4.30
    Copyright (C) ARKI Consulting and Development A/S
                  Bagsvaerdvej 246 A
                  DK-2880 Bagsvaerd, Denmark
 
    65 constant coefficients less than 1.0E-20 (=Tol_Zero) have been removed.
    435716 coefficients left.
 
    The user model has 90685 constraints and 90685 variables
    with 435716 Jacobian elements, 258971 of which are nonlinear.
 
    Iter Phase   Ninf   Infeasibility   RGmax      NSB   Step  InItr MX OK
       0   0          6.6369154691E+03 (Input point)
 
    The pre-triangular part of the model has 9843 constraints and variables.
    The post-triangular part of the model has 279 constraints and variables.
 
    Preprocessed model has 80563 constraints and 80563 variables
    with 381831 Jacobian elements, 226534 of which are nonlinear.
 
    Iter Phase   Ninf   Infeasibility   RGmax      NSB   Step  InItr MX OK
                      3.8196639713E+03 (Full preprocessed model)
                      1.3193528306E+02 (After scaling)
       1   0       0  1.6051647319E-03                 1.0E+00     8 F  F
       2   1       0  1.2191301116E-10                 1.0E+00     6 F  T
 
 ** Feasible solution to a square system.
 
--- Reading solution for model PEPWT
--- Executing after solve: elapsed 0:04:03.693
--- Model_GTAP11b.gms(6297) 691 Mb
--- Generating CNS model PEPWT
--- Model_GTAP11b.gms(7236) 698 Mb
--- LOOPS TIME = 2041
---   90,685 rows  90,685 columns  435,781 non-zeroes
---   793,217 nl-code  258,971 nl-non-zeroes
--- Range statistics (absolute non-zero finite values)
--- RHS       [min, max] : [ 8.804E-07, 1.422E+04] - Zero values observed as well
--- Bound     [min, max] : [        NA,        NA]
--- Matrix    [min, max] : [ 1.065E-20, 8.541E+06] - Zero values observed as well
--- Model_GTAP11b.gms(7236) 692 Mb
--- Executing CONOPT4 (Solvelink=2): elapsed 0:04:07.684

CONOPT 4         42.5.0 cf11b917 Mar 30, 2023          WEI x86 64bit/MS Window

 
 
    C O N O P T   version 4.30
    Copyright (C) ARKI Consulting and Development A/S
                  Bagsvaerdvej 246 A
                  DK-2880 Bagsvaerd, Denmark
 
    65 constant coefficients less than 1.0E-20 (=Tol_Zero) have been removed.
    435716 coefficients left.
 
    The user model has 90685 constraints and 90685 variables
    with 435716 Jacobian elements, 258971 of which are nonlinear.
 
    Iter Phase   Ninf   Infeasibility   RGmax      NSB   Step  InItr MX OK
       0   0          7.3122783912E+03 (Input point)
 
    The pre-triangular part of the model has 9843 constraints and variables.
    The post-triangular part of the model has 279 constraints and variables.
 
    Preprocessed model has 80563 constraints and 80563 variables
    with 381831 Jacobian elements, 226534 of which are nonlinear.
 
    Iter Phase   Ninf   Infeasibility   RGmax      NSB   Step  InItr MX OK
                      4.2109819719E+03 (Full preprocessed model)
                      1.3376859337E+02 (After scaling)
       1   0       0  1.4129990131E-03                 1.0E+00     8 F  F
       2   1       0  3.2226160120E-10                 1.0E+00     5 F  T
 
 ** Feasible solution to a square system.
 
--- Reading solution for model PEPWT
--- Executing after solve: elapsed 0:04:09.642
--- Model_GTAP11b.gms(6297) 692 Mb
--- Generating CNS model PEPWT
--- Model_GTAP11b.gms(7236) 698 Mb
--- LOOPS TIME = 2042
---   90,685 rows  90,685 columns  435,781 non-zeroes
---   793,217 nl-code  258,971 nl-non-zeroes
--- Range statistics (absolute non-zero finite values)
--- RHS       [min, max] : [ 8.716E-07, 1.425E+04] - Zero values observed as well
--- Bound     [min, max] : [        NA,        NA]
--- Matrix    [min, max] : [ 1.065E-20, 1.682E+07] - Zero values observed as well
--- Model_GTAP11b.gms(7236) 692 Mb
--- Executing CONOPT4 (Solvelink=2): elapsed 0:04:13.756

CONOPT 4         42.5.0 cf11b917 Mar 30, 2023          WEI x86 64bit/MS Window

 
 
    C O N O P T   version 4.30
    Copyright (C) ARKI Consulting and Development A/S
                  Bagsvaerdvej 246 A
                  DK-2880 Bagsvaerd, Denmark
 
    65 constant coefficients less than 1.0E-20 (=Tol_Zero) have been removed.
    435716 coefficients left.
 
    The user model has 90685 constraints and 90685 variables
    with 435716 Jacobian elements, 258971 of which are nonlinear.
 
    Iter Phase   Ninf   Infeasibility   RGmax      NSB   Step  InItr MX OK
       0   0          7.9184737886E+03 (Input point)
 
    The pre-triangular part of the model has 9843 constraints and variables.
    The post-triangular part of the model has 279 constraints and variables.
 
    Preprocessed model has 80563 constraints and 80563 variables
    with 381831 Jacobian elements, 226534 of which are nonlinear.
 
    Iter Phase   Ninf   Infeasibility   RGmax      NSB   Step  InItr MX OK
                      4.5394656780E+03 (Full preprocessed model)
                      1.3884565113E+02 (After scaling)
       1   0       0  1.1710468436E-03                 1.0E+00     9 F  F
       2   1       0  3.8679058082E-10                 1.0E+00     4 F  T
 
 ** Feasible solution to a square system.
 
--- Reading solution for model PEPWT
--- Executing after solve: elapsed 0:04:15.790
--- Model_GTAP11b.gms(6297) 692 Mb
--- Generating CNS model PEPWT
--- Model_GTAP11b.gms(7236) 698 Mb
--- LOOPS TIME = 2043
---   90,685 rows  90,685 columns  435,781 non-zeroes
---   793,217 nl-code  258,971 nl-non-zeroes
--- Range statistics (absolute non-zero finite values)
--- RHS       [min, max] : [ 8.629E-07, 1.424E+04] - Zero values observed as well
--- Bound     [min, max] : [        NA,        NA]
--- Matrix    [min, max] : [ 1.065E-20, 3.200E+07] - Zero values observed as well
--- Model_GTAP11b.gms(7236) 692 Mb
--- Executing CONOPT4 (Solvelink=2): elapsed 0:04:20.091

CONOPT 4         42.5.0 cf11b917 Mar 30, 2023          WEI x86 64bit/MS Window

 
 
    C O N O P T   version 4.30
    Copyright (C) ARKI Consulting and Development A/S
                  Bagsvaerdvej 246 A
                  DK-2880 Bagsvaerd, Denmark
 
    65 constant coefficients less than 1.0E-20 (=Tol_Zero) have been removed.
    435716 coefficients left.
 
    The user model has 90685 constraints and 90685 variables
    with 435716 Jacobian elements, 258971 of which are nonlinear.
 
    Iter Phase   Ninf   Infeasibility   RGmax      NSB   Step  InItr MX OK
       0   0          8.5290049401E+03 (Input point)
 
    The pre-triangular part of the model has 9843 constraints and variables.
    The post-triangular part of the model has 279 constraints and variables.
 
    Preprocessed model has 80563 constraints and 80563 variables
    with 381831 Jacobian elements, 226534 of which are nonlinear.
 
    Iter Phase   Ninf   Infeasibility   RGmax      NSB   Step  InItr MX OK
                      4.8720621965E+03 (Full preprocessed model)
                      1.3908522751E+02 (After scaling)
       1   0       0  2.1434552865E-03                 1.0E+00     8 F  F
       2   1       0  2.6781671511E-11                 1.0E+00     5 F  T
 
 ** Feasible solution to a square system.
 
--- Reading solution for model PEPWT
--- Executing after solve: elapsed 0:04:22.000
--- Model_GTAP11b.gms(6297) 692 Mb
--- Generating CNS model PEPWT
--- Model_GTAP11b.gms(7236) 698 Mb
--- LOOPS TIME = 2044
---   90,685 rows  90,685 columns  435,781 non-zeroes
---   793,217 nl-code  258,971 nl-non-zeroes
--- Range statistics (absolute non-zero finite values)
--- RHS       [min, max] : [ 8.542E-07, 1.420E+04] - Zero values observed as well
--- Bound     [min, max] : [        NA,        NA]
--- Matrix    [min, max] : [ 1.065E-20, 5.880E+07] - Zero values observed as well
--- Model_GTAP11b.gms(7236) 692 Mb
--- Executing CONOPT4 (Solvelink=2): elapsed 0:04:26.415

CONOPT 4         42.5.0 cf11b917 Mar 30, 2023          WEI x86 64bit/MS Window

 
 
    C O N O P T   version 4.30
    Copyright (C) ARKI Consulting and Development A/S
                  Bagsvaerdvej 246 A
                  DK-2880 Bagsvaerd, Denmark
 
    65 constant coefficients less than 1.0E-20 (=Tol_Zero) have been removed.
    435716 coefficients left.
 
    The user model has 90685 constraints and 90685 variables
    with 435716 Jacobian elements, 258971 of which are nonlinear.
 
    Iter Phase   Ninf   Infeasibility   RGmax      NSB   Step  InItr MX OK
       0   0          9.1306201671E+03 (Input point)
 
    The pre-triangular part of the model has 9843 constraints and variables.
    The post-triangular part of the model has 279 constraints and variables.
 
    Preprocessed model has 80563 constraints and 80563 variables
    with 381831 Jacobian elements, 226534 of which are nonlinear.
 
    Iter Phase   Ninf   Infeasibility   RGmax      NSB   Step  InItr MX OK
                      5.1949631073E+03 (Full preprocessed model)
                      1.4411408321E+02 (After scaling)
       1   0       0  2.7763749567E-03                 1.0E+00     8 F  F
       2   1       0  3.0837069257E-11                 1.0E+00     6 F  T
 
 ** Feasible solution to a square system.
 
--- Reading solution for model PEPWT
--- Executing after solve: elapsed 0:04:28.421
--- Model_GTAP11b.gms(6297) 692 Mb
--- Generating CNS model PEPWT
--- Model_GTAP11b.gms(7236) 699 Mb
--- LOOPS TIME = 2045
---   90,685 rows  90,685 columns  435,829 non-zeroes
---   793,247 nl-code  258,983 nl-non-zeroes
--- Range statistics (absolute non-zero finite values)
--- RHS       [min, max] : [ 8.457E-07, 1.412E+04] - Zero values observed as well
--- Bound     [min, max] : [        NA,        NA]
--- Matrix    [min, max] : [ 1.065E-20, 1.044E+08] - Zero values observed as well
--- Model_GTAP11b.gms(7236) 693 Mb
--- Executing CONOPT4 (Solvelink=2): elapsed 0:04:32.862

CONOPT 4         42.5.0 cf11b917 Mar 30, 2023          WEI x86 64bit/MS Window

 
 
    C O N O P T   version 4.30
    Copyright (C) ARKI Consulting and Development A/S
                  Bagsvaerdvej 246 A
                  DK-2880 Bagsvaerd, Denmark
 
    65 constant coefficients less than 1.0E-20 (=Tol_Zero) have been removed.
    435764 coefficients left.
 
    The user model has 90685 constraints and 90685 variables
    with 435764 Jacobian elements, 258983 of which are nonlinear.
 
    Iter Phase   Ninf   Infeasibility   RGmax      NSB   Step  InItr MX OK
       0   0          9.7451485146E+03 (Input point)
 
    The pre-triangular part of the model has 9799 constraints and variables.
    The post-triangular part of the model has 269 constraints and variables.
 
    Preprocessed model has 80617 constraints and 80617 variables
    with 382017 Jacobian elements, 226576 of which are nonlinear.
 
    Iter Phase   Ninf   Infeasibility   RGmax      NSB   Step  InItr MX OK
                      5.5300784549E+03 (Full preprocessed model)
                      1.5545395136E+02 (After scaling)
       1   0       0  3.6581784409E-03                 1.0E+00     8 F  F
       2   1       0  8.0829503346E-11                 1.0E+00     7 F  T
 
 ** Feasible solution to a square system.
 
--- Reading solution for model PEPWT
--- Executing after solve: elapsed 0:04:35.048
--- Model_GTAP11b.gms(6297) 693 Mb
--- Generating CNS model PEPWT
--- Model_GTAP11b.gms(7236) 699 Mb
--- LOOPS TIME = 2046
---   90,685 rows  90,685 columns  435,829 non-zeroes
---   793,247 nl-code  258,983 nl-non-zeroes
--- Range statistics (absolute non-zero finite values)
--- RHS       [min, max] : [ 8.372E-07, 1.401E+04] - Zero values observed as well
--- Bound     [min, max] : [        NA,        NA]
--- Matrix    [min, max] : [ 1.025E-20, 1.805E+08] - Zero values observed as well
--- Model_GTAP11b.gms(7236) 693 Mb
--- Executing CONOPT4 (Solvelink=2): elapsed 0:04:39.501

CONOPT 4         42.5.0 cf11b917 Mar 30, 2023          WEI x86 64bit/MS Window

 
 
    C O N O P T   version 4.30
    Copyright (C) ARKI Consulting and Development A/S
                  Bagsvaerdvej 246 A
                  DK-2880 Bagsvaerd, Denmark
 
    65 constant coefficients less than 1.0E-20 (=Tol_Zero) have been removed.
    435764 coefficients left.
 
    The user model has 90685 constraints and 90685 variables
    with 435764 Jacobian elements, 258983 of which are nonlinear.
 
    Iter Phase   Ninf   Infeasibility   RGmax      NSB   Step  InItr MX OK
       0   0          1.0449298305E+04 (Input point)
 
    The pre-triangular part of the model has 9799 constraints and variables.
    The post-triangular part of the model has 269 constraints and variables.
 
    Preprocessed model has 80617 constraints and 80617 variables
    with 382017 Jacobian elements, 226576 of which are nonlinear.
 
    Iter Phase   Ninf   Infeasibility   RGmax      NSB   Step  InItr MX OK
                      5.9446449888E+03 (Full preprocessed model)
                      1.6493869888E+02 (After scaling)
       1   0       0  4.3884070415E-03                 1.0E+00     8 F  F
       2   1       0  2.1531385083E-10                 1.0E+00     8 F  T
 
 ** Feasible solution to a square system.
 
--- Reading solution for model PEPWT
--- Executing after solve: elapsed 0:04:41.636
--- Model_GTAP11b.gms(6297) 693 Mb
--- Generating CNS model PEPWT
--- Model_GTAP11b.gms(7236) 699 Mb
--- LOOPS TIME = 2047
---   90,685 rows  90,685 columns  435,829 non-zeroes
---   793,247 nl-code  258,983 nl-non-zeroes
--- Range statistics (absolute non-zero finite values)
--- RHS       [min, max] : [ 8.289E-07, 1.388E+04] - Zero values observed as well
--- Bound     [min, max] : [        NA,        NA]
--- Matrix    [min, max] : [ 1.054E-20, 3.056E+08] - Zero values observed as well
--- Model_GTAP11b.gms(7236) 693 Mb
--- Executing CONOPT4 (Solvelink=2): elapsed 0:04:46.406

CONOPT 4         42.5.0 cf11b917 Mar 30, 2023          WEI x86 64bit/MS Window

 
 
    C O N O P T   version 4.30
    Copyright (C) ARKI Consulting and Development A/S
                  Bagsvaerdvej 246 A
                  DK-2880 Bagsvaerd, Denmark
 
    65 constant coefficients less than 1.0E-20 (=Tol_Zero) have been removed.
    435764 coefficients left.
 
    The user model has 90685 constraints and 90685 variables
    with 435764 Jacobian elements, 258983 of which are nonlinear.
 
    Iter Phase   Ninf   Infeasibility   RGmax      NSB   Step  InItr MX OK
       0   0          1.1055084802E+04 (Input point)
 
    The pre-triangular part of the model has 9799 constraints and variables.
    The post-triangular part of the model has 269 constraints and variables.
 
    Preprocessed model has 80617 constraints and 80617 variables
    with 382017 Jacobian elements, 226576 of which are nonlinear.
 
    Iter Phase   Ninf   Infeasibility   RGmax      NSB   Step  InItr MX OK
                      6.2740682715E+03 (Full preprocessed model)
                      1.7185321701E+02 (After scaling)
       1   0       0  4.4120624120E-03                 1.0E+00     9 F  F
       2   1       0  2.6426860417E-10                 1.0E+00    10 F  T
 
 ** Feasible solution to a square system.
 
--- Reading solution for model PEPWT
--- Executing after solve: elapsed 0:04:48.527
--- Model_GTAP11b.gms(6297) 693 Mb
--- Generating CNS model PEPWT
--- Model_GTAP11b.gms(7236) 699 Mb
--- LOOPS TIME = 2048
---   90,685 rows  90,685 columns  435,829 non-zeroes
---   793,247 nl-code  258,983 nl-non-zeroes
--- Range statistics (absolute non-zero finite values)
--- RHS       [min, max] : [ 8.206E-07, 1.372E+04] - Zero values observed as well
--- Bound     [min, max] : [        NA,        NA]
--- Matrix    [min, max] : [ 1.065E-20, 4.942E+08] - Zero values observed as well
--- Model_GTAP11b.gms(7236) 693 Mb
--- Executing CONOPT4 (Solvelink=2): elapsed 0:04:53.324

CONOPT 4         42.5.0 cf11b917 Mar 30, 2023          WEI x86 64bit/MS Window

 
 
    C O N O P T   version 4.30
    Copyright (C) ARKI Consulting and Development A/S
                  Bagsvaerdvej 246 A
                  DK-2880 Bagsvaerd, Denmark
 
    65 constant coefficients less than 1.0E-20 (=Tol_Zero) have been removed.
    435764 coefficients left.
 
    The user model has 90685 constraints and 90685 variables
    with 435764 Jacobian elements, 258983 of which are nonlinear.
 
    Iter Phase   Ninf   Infeasibility   RGmax      NSB   Step  InItr MX OK
       0   0          1.1654816356E+04 (Input point)
 
    The pre-triangular part of the model has 9799 constraints and variables.
    The post-triangular part of the model has 269 constraints and variables.
 
    Preprocessed model has 80617 constraints and 80617 variables
    with 382017 Jacobian elements, 226576 of which are nonlinear.
 
    Iter Phase   Ninf   Infeasibility   RGmax      NSB   Step  InItr MX OK
                      6.5979889843E+03 (Full preprocessed model)
                      1.7891188293E+02 (After scaling)
       1   0       0  4.4367466817E-03                 1.0E+00    10 F  F
       2   1       0  3.7608907759E-10                 1.0E+00    10 F  T
 
 ** Feasible solution to a square system.
 
--- Reading solution for model PEPWT
--- Executing after solve: elapsed 0:04:55.577
--- Model_GTAP11b.gms(6297) 693 Mb
--- Generating CNS model PEPWT
--- Model_GTAP11b.gms(7236) 700 Mb
--- LOOPS TIME = 2049
---   90,685 rows  90,685 columns  435,829 non-zeroes
---   793,247 nl-code  258,983 nl-non-zeroes
--- Range statistics (absolute non-zero finite values)
--- RHS       [min, max] : [ 8.124E-07, 1.355E+04] - Zero values observed as well
--- Bound     [min, max] : [        NA,        NA]
--- Matrix    [min, max] : [ 1.065E-20, 7.542E+08] - Zero values observed as well
--- Model_GTAP11b.gms(7236) 694 Mb
--- Executing CONOPT4 (Solvelink=2): elapsed 0:05:00.273

CONOPT 4         42.5.0 cf11b917 Mar 30, 2023          WEI x86 64bit/MS Window

 
 
    C O N O P T   version 4.30
    Copyright (C) ARKI Consulting and Development A/S
                  Bagsvaerdvej 246 A
                  DK-2880 Bagsvaerd, Denmark
 
    65 constant coefficients less than 1.0E-20 (=Tol_Zero) have been removed.
    435764 coefficients left.
 
    The user model has 90685 constraints and 90685 variables
    with 435764 Jacobian elements, 258983 of which are nonlinear.
 
    Iter Phase   Ninf   Infeasibility   RGmax      NSB   Step  InItr MX OK
       0   0          1.2255159428E+04 (Input point)
 
    The pre-triangular part of the model has 9799 constraints and variables.
    The post-triangular part of the model has 269 constraints and variables.
 
    Preprocessed model has 80617 constraints and 80617 variables
    with 382017 Jacobian elements, 226576 of which are nonlinear.
 
    Iter Phase   Ninf   Infeasibility   RGmax      NSB   Step  InItr MX OK
                      6.9193746437E+03 (Full preprocessed model)
                      1.7814533240E+02 (After scaling)
       1   0       0  4.4586306110E-03                 1.0E+00    13 F  F
       2   1       0  1.5600268709E-10                 1.0E+00    13 F  T
 
 ** Feasible solution to a square system.
 
--- Reading solution for model PEPWT
--- Executing after solve: elapsed 0:05:02.623
--- Model_GTAP11b.gms(6297) 694 Mb
--- Generating CNS model PEPWT
--- Model_GTAP11b.gms(7236) 700 Mb
--- LOOPS TIME = 2050
---   90,685 rows  90,685 columns  435,829 non-zeroes
---   793,247 nl-code  258,983 nl-non-zeroes
--- Range statistics (absolute non-zero finite values)
--- RHS       [min, max] : [ 8.042E-07, 1.336E+04] - Zero values observed as well
--- Bound     [min, max] : [        NA,        NA]
--- Matrix    [min, max] : [ 1.065E-20, 1.057E+09] - Zero values observed as well
--- Model_GTAP11b.gms(7236) 694 Mb
--- Executing CONOPT4 (Solvelink=2): elapsed 0:05:07.468

CONOPT 4         42.5.0 cf11b917 Mar 30, 2023          WEI x86 64bit/MS Window

 
 
    C O N O P T   version 4.30
    Copyright (C) ARKI Consulting and Development A/S
                  Bagsvaerdvej 246 A
                  DK-2880 Bagsvaerd, Denmark
 
    65 constant coefficients less than 1.0E-20 (=Tol_Zero) have been removed.
    435764 coefficients left.
 
    The user model has 90685 constraints and 90685 variables
    with 435764 Jacobian elements, 258983 of which are nonlinear.
 
    Iter Phase   Ninf   Infeasibility   RGmax      NSB   Step  InItr MX OK
       0   0          1.2874163684E+04 (Input point)
 
    The pre-triangular part of the model has 9799 constraints and variables.
    The post-triangular part of the model has 269 constraints and variables.
 
    Preprocessed model has 80617 constraints and 80617 variables
    with 382017 Jacobian elements, 226576 of which are nonlinear.
 
    Iter Phase   Ninf   Infeasibility   RGmax      NSB   Step  InItr MX OK
                      7.2444509843E+03 (Full preprocessed model)
                      1.7899340469E+02 (After scaling)
       1   0       0  1.0533142522E+00                 1.0E+00     7 F  F
       2   1       0  3.8305979481E-10                 1.0E+00    13 F  T
 
 ** Feasible solution to a square system.
 
--- Reading solution for model PEPWT
--- Executing after solve: elapsed 0:05:09.818
--- Model_GTAP11b.gms(7722) 797 Mb
--- GDX File (execute_unload) C:\Users\kimc0\GUIDE_GLOBAL_CGE\2.RD_CGE\Output_w-t\NZS_Results_GTAP11b.gdx
--- Model_GTAP11b.gms(8322) 797 Mb
--- GDX File (execute_unload) C:\Users\kimc0\GUIDE_GLOBAL_CGE\2.RD_CGE\Output_w-t\NZS_Results_IAMC.gdx
--- Putfile Status C:\Users\kimc0\GUIDE_GLOBAL_CGE\2.RD_CGE\Output_w-t\ModelStatus.xls
*** Status: Normal completion
--- Job Model_GTAP11b.gms Stop 07/09/24 20:44:08 elapsed 0:05:12.381
