scenario,Region_Group,Year,Final_Growth_Rate,Final_Growth_Rate_Pct
SSP1,01_KOR,2019,0.023138021059548874,2.3138021059548874
SSP1,01_KOR,2020,-0.00700242317542199,-0.700242317542199
SSP1,01_KOR,2021,0.04612967954542846,4.612967954542846
SSP1,01_KOR,2022,0.027275645670897797,2.7275645670897797
SSP1,01_KOR,2023,0.01583014674036276,1.583014674036276
SSP1,01_KOR,2024,0.020036110183901057,2.0036110183901057
SSP1,01_KOR,2025,0.023405984325556517,2.3405984325556517
SSP1,01_KOR,2026,0.021302721237932642,2.1302721237932642
SSP1,01_KOR,2027,0.020206159334211993,2.0206159334211993
SSP1,01_KOR,2028,0.0192261803420819,1.92261803420819
SSP1,01_KOR,2029,0.018353071300491575,1.8353071300491575
SSP1,01_KOR,2030,0.017578421620382256,1.7578421620382256
SSP1,01_KOR,2031,0.016807143037631755,1.6807143037631755
SSP1,01_KOR,2032,0.016060877571011378,1.6060877571011378
SSP1,01_KOR,2033,0.015433444371316885,1.5433444371316885
SSP1,01_KOR,2034,0.014917153355243906,1.4917153355243906
SSP1,01_KOR,2035,0.014505217880236732,1.4505217880236732
SSP1,01_KOR,2036,0.014153187980352255,1.4153187980352255
SSP1,01_KOR,2037,0.013767671224325984,1.3767671224325984
SSP1,01_KOR,2038,0.013343414214886717,1.3343414214886717
SSP1,01_KOR,2039,0.012882400483448686,1.2882400483448686
SSP1,01_KOR,2040,0.012386369297157973,1.2386369297157973
SSP1,01_KOR,2041,0.012084750898498697,1.2084750898498697
SSP1,01_KOR,2042,0.011840906921580796,1.1840906921580796
SSP1,01_KOR,2043,0.011366698040605083,1.1366698040605083
SSP1,01_KOR,2044,0.010672483673878963,1.0672483673878963
SSP1,01_KOR,2045,0.0097671845718732,0.97671845718732
SSP1,01_KOR,2046,0.009000750294793969,0.9000750294793969
SSP1,01_KOR,2047,0.008486351437255069,0.8486351437255069
SSP1,01_KOR,2048,0.007936902437191362,0.7936902437191362
SSP1,01_KOR,2049,0.0073529242954788465,0.7352924295478847
SSP1,01_KOR,2050,0.006734717509955024,0.6734717509955024
SSP1,02_CHN,2019,0.05916806569153765,5.916806569153765
SSP1,02_CHN,2020,0.021785492056031863,2.1785492056031863
SSP1,02_CHN,2021,0.08534882478651684,8.534882478651685
SSP1,02_CHN,2022,0.030229175761009364,3.0229175761009364
SSP1,02_CHN,2023,0.05381413598670526,5.381413598670526
SSP1,02_CHN,2024,0.04940405880695353,4.940405880695353
SSP1,02_CHN,2025,0.04518525747401658,4.518525747401658
SSP1,02_CHN,2026,0.041578551113087725,4.1578551113087725
SSP1,02_CHN,2027,0.039110054364586144,3.9110054364586144
SSP1,02_CHN,2028,0.0372352135227223,3.72352135227223
SSP1,02_CHN,2029,0.03587216716867725,3.587216716867725
SSP1,02_CHN,2030,0.03495393451379769,3.495393451379769
SSP1,02_CHN,2031,0.03435302888538816,3.435302888538816
SSP1,02_CHN,2032,0.03355537779666129,3.355537779666129
SSP1,02_CHN,2033,0.032424943646195414,3.2424943646195414
SSP1,02_CHN,2034,0.031005402855916797,3.1005402855916797
SSP1,02_CHN,2035,0.029333282423054108,2.933328242305411
SSP1,02_CHN,2036,0.02754980969548848,2.754980969548848
SSP1,02_CHN,2037,0.026129276070926633,2.6129276070926633
SSP1,02_CHN,2038,0.02515327301140413,2.515327301140413
SSP1,02_CHN,2039,0.024578277915574542,2.4578277915574542
SSP1,02_CHN,2040,0.024366749002399102,2.43667490023991
SSP1,02_CHN,2041,0.024364171964715187,2.4364171964715187
SSP1,02_CHN,2042,0.024136287204267637,2.4136287204267637
SSP1,02_CHN,2043,0.023616873743932176,2.3616873743932176
SSP1,02_CHN,2044,0.022833138571818345,2.2833138571818345
SSP1,02_CHN,2045,0.02180919492288491,2.180919492288491
SSP1,02_CHN,2046,0.020856319786568767,2.0856319786568767
SSP1,02_CHN,2047,0.020143301724311558,2.0143301724311558
SSP1,02_CHN,2048,0.019457777305595725,1.9457777305595725
SSP1,02_CHN,2049,0.018797702026511542,1.8797702026511542
SSP1,02_CHN,2050,0.01816121108791391,1.8161211087913909
SSP1,03_JPN,2019,-0.004021692008950528,-0.4021692008950528
SSP1,03_JPN,2020,-0.04168764571467465,-4.168764571467465
SSP1,03_JPN,2021,0.02696574041872002,2.696574041872002
SSP1,03_JPN,2022,0.009419987754831993,0.9419987754831993
SSP1,03_JPN,2023,0.014750348105339484,1.4750348105339484
SSP1,03_JPN,2024,0.001043090217733189,0.10430902177331891
SSP1,03_JPN,2025,0.013943005936350117,1.3943005936350117
SSP1,03_JPN,2026,0.009466000592814217,0.9466000592814217
SSP1,03_JPN,2027,0.008015032811722778,0.8015032811722778
SSP1,03_JPN,2028,0.007471700392625014,0.7471700392625014
SSP1,03_JPN,2029,0.007805546332568136,0.7805546332568136
SSP1,03_JPN,2030,0.008989937003934134,0.8989937003934134
SSP1,03_JPN,2031,0.010567831538888184,1.0567831538888184
SSP1,03_JPN,2032,0.011706222163887947,1.1706222163887947
SSP1,03_JPN,2033,0.012434284081119795,1.2434284081119795
SSP1,03_JPN,2034,0.012768094789961992,1.2768094789961992
SSP1,03_JPN,2035,0.012725751048058953,1.2725751048058953
SSP1,03_JPN,2036,0.012746994318519222,1.2746994318519222
SSP1,03_JPN,2037,0.01302961663745239,1.302961663745239
SSP1,03_JPN,2038,0.01324879676547619,1.324879676547619
SSP1,03_JPN,2039,0.013407336215279786,1.3407336215279786
SSP1,03_JPN,2040,0.013508068568818254,1.3508068568818254
SSP1,03_JPN,2041,0.013811855247313876,1.3811855247313876
SSP1,03_JPN,2042,0.01415237106529732,1.415237106529732
SSP1,03_JPN,2043,0.01419947479228334,1.419947479228334
SSP1,03_JPN,2044,0.013969012302339046,1.3969012302339046
SSP1,03_JPN,2045,0.013476267790974772,1.3476267790974772
SSP1,03_JPN,2046,0.013004414496627037,1.3004414496627037
SSP1,03_JPN,2047,0.012725867658046397,1.2725867658046397
SSP1,03_JPN,2048,0.012454230368158292,1.2454230368158292
SSP1,03_JPN,2049,0.012189175004515107,1.2189175004515107
SSP1,03_JPN,2050,0.011930392650585153,1.1930392650585153
SSP1,04_RUS,2019,0.021980757133501116,2.1980757133501116
SSP1,04_RUS,2020,-0.026536545010277024,-2.6536545010277024
SSP1,04_RUS,2021,0.0586649177292593,5.86649177292593
SSP1,04_RUS,2022,-0.014358821385983433,-1.4358821385983433
SSP1,04_RUS,2023,0.04082524812592703,4.082524812592703
SSP1,04_RUS,2024,0.04344374754915359,4.344374754915359
SSP1,04_RUS,2025,0.014469991296735207,1.4469991296735207
SSP1,04_RUS,2026,0.014006021092006105,1.4006021092006105
SSP1,04_RUS,2027,0.013961375644635288,1.3961375644635288
SSP1,04_RUS,2028,0.014371803315970988,1.4371803315970988
SSP1,04_RUS,2029,0.01521174614011378,1.521174614011378
SSP1,04_RUS,2030,0.01645445033788251,1.645445033788251
SSP1,04_RUS,2031,0.018439784380070767,1.8439784380070767
SSP1,04_RUS,2032,0.020322936991256535,2.0322936991256535
SSP1,04_RUS,2033,0.02135725657437293,2.135725657437293
SSP1,04_RUS,2034,0.021601279134134677,2.1601279134134677
SSP1,04_RUS,2035,0.021117329790602435,2.1117329790602435
SSP1,04_RUS,2036,0.020729072537542415,2.0729072537542415
SSP1,04_RUS,2037,0.020830439164194248,2.0830439164194248
SSP1,04_RUS,2038,0.02084578424767014,2.084578424767014
SSP1,04_RUS,2039,0.020781693664008838,2.078169366400884
SSP1,04_RUS,2040,0.02064442753054463,2.064442753054463
SSP1,04_RUS,2041,0.02066445737936151,2.066445737936151
SSP1,04_RUS,2042,0.02073239445257724,2.073239445257724
SSP1,04_RUS,2043,0.020581143763758414,2.0581143763758414
SSP1,04_RUS,2044,0.02022809474452969,2.022809474452969
SSP1,04_RUS,2045,0.01968939153050453,1.968939153050453
SSP1,04_RUS,2046,0.019174227672280608,1.9174227672280608
SSP1,04_RUS,2047,0.01880833360808931,1.8808333608089312
SSP1,04_RUS,2048,0.018456044188201126,1.8456044188201126
SSP1,04_RUS,2049,0.0181166143776732,1.8116614377673201
SSP1,04_RUS,2050,0.017789352566973893,1.7789352566973893
SSP1,05_MNG,2019,0.05602244220642638,5.602244220642638
SSP1,05_MNG,2020,-0.04557751975834423,-4.557751975834423
SSP1,05_MNG,2021,0.016367695773666924,1.6367695773666924
SSP1,05_MNG,2022,0.05032709636652699,5.032709636652699
SSP1,05_MNG,2023,0.0742211276150262,7.4221127615026194
SSP1,05_MNG,2024,0.05122045391226471,5.122045391226471
SSP1,05_MNG,2025,0.04014302500418543,4.014302500418543
SSP1,05_MNG,2026,0.0382786267638342,3.82786267638342
SSP1,05_MNG,2027,0.03744094473797199,3.7440944737971993
SSP1,05_MNG,2028,0.03736344108585632,3.736344108585632
SSP1,05_MNG,2029,0.037940461519785806,3.7940461519785806
SSP1,05_MNG,2030,0.039075593983430634,3.9075593983430634
SSP1,05_MNG,2031,0.0407914594430101,4.07914594430101
SSP1,05_MNG,2032,0.042170502038488156,4.217050203848816
SSP1,05_MNG,2033,0.04274783632246004,4.274783632246004
SSP1,05_MNG,2034,0.042635437454407565,4.2635437454407565
SSP1,05_MNG,2035,0.041937441604063874,4.193744160406387
SSP1,05_MNG,2036,0.041488340401252266,4.148834040125227
SSP1,05_MNG,2037,0.04147663194916529,4.147663194916529
SSP1,05_MNG,2038,0.041258324892187836,4.125832489218784
SSP1,05_MNG,2039,0.04086369036387594,4.086369036387594
SSP1,05_MNG,2040,0.040319716593424815,4.0319716593424815
SSP1,05_MNG,2041,0.04003581039541548,4.003581039541548
SSP1,05_MNG,2042,0.039891807221353215,3.9891807221353215
SSP1,05_MNG,2043,0.03947028808623587,3.947028808623587
SSP1,05_MNG,2044,0.038812369380142986,3.8812369380142986
SSP1,05_MNG,2045,0.03795424520387547,3.795424520387547
SSP1,05_MNG,2046,0.037189832753668384,3.7189832753668384
SSP1,05_MNG,2047,0.03662862672080869,3.662862672080869
SSP1,05_MNG,2048,0.03605821173137147,3.605821173137147
SSP1,05_MNG,2049,0.03548148517252714,3.548148517252714
SSP1,05_MNG,2050,0.03490093921626869,3.490093921626869
SSP1,06_PRK,2019,0.003533213425603643,0.3533213425603643
SSP1,06_PRK,2020,-0.045323507164476085,-4.532350716447608
SSP1,06_PRK,2021,-0.0005539478882047311,-0.055394788820473106
SSP1,06_PRK,2022,-0.0015213142773085053,-0.15213142773085053
SSP1,06_PRK,2023,0.03055937828880384,3.055937828880384
SSP1,06_PRK,2024,0.03703142621461142,3.703142621461142
SSP1,06_PRK,2025,0.050443975355863646,5.044397535586365
SSP1,06_PRK,2026,0.052505512944566624,5.250551294456662
SSP1,06_PRK,2027,0.05553616097152436,5.553616097152436
SSP1,06_PRK,2028,0.05764404545948221,5.764404545948221
SSP1,06_PRK,2029,0.05895283121745987,5.895283121745987
SSP1,06_PRK,2030,0.059585407844882754,5.958540784488275
SSP1,06_PRK,2031,0.060924998012125586,6.092499801212559
SSP1,06_PRK,2032,0.06293495714492225,6.2934957144922254
SSP1,06_PRK,2033,0.06436005914990761,6.436005914990761
SSP1,06_PRK,2034,0.06527899616560973,6.527899616560973
SSP1,06_PRK,2035,0.06576723911678473,6.576723911678473
SSP1,06_PRK,2036,0.06756306514642918,6.756306514642918
SSP1,06_PRK,2037,0.06976852515161003,6.976852515161003
SSP1,06_PRK,2038,0.07049557318200517,7.049557318200517
SSP1,06_PRK,2039,0.07005298401181004,7.005298401181004
SSP1,06_PRK,2040,0.06870950729363412,6.870950729363412
SSP1,06_PRK,2041,0.06866725337739199,6.866725337739199
SSP1,06_PRK,2042,0.06932708292858525,6.932708292858525
SSP1,06_PRK,2043,0.06862866561897052,6.862866561897052
SSP1,06_PRK,2044,0.06688750524232545,6.688750524232545
SSP1,06_PRK,2045,0.06436254335761138,6.436254335761138
SSP1,06_PRK,2046,0.062339889204956256,6.233988920495626
SSP1,06_PRK,2047,0.061134003632855816,6.113400363285582
SSP1,06_PRK,2048,0.05980826081915391,5.980826081915391
SSP1,06_PRK,2049,0.05839719847548008,5.839719847548008
SSP1,06_PRK,2050,0.056928572980502246,5.692857298050225
SSP1,07_NAM,2019,0.025249978477636992,2.524997847763699
SSP1,07_NAM,2020,-0.024121161369182076,-2.4121161369182076
SSP1,07_NAM,2021,0.06045768795521367,6.045768795521367
SSP1,07_NAM,2022,0.026529200047543666,2.6529200047543666
SSP1,07_NAM,2023,0.027523612452428736,2.7523612452428736
SSP1,07_NAM,2024,0.026883674931933665,2.6883674931933665
SSP1,07_NAM,2025,0.02485132116714661,2.485132116714661
SSP1,07_NAM,2026,0.021207866395871022,2.1207866395871022
SSP1,07_NAM,2027,0.019576717205843197,1.9576717205843197
SSP1,07_NAM,2028,0.01865590079182944,1.8655900791829438
SSP1,07_NAM,2029,0.01839080282999439,1.839080282999439
SSP1,07_NAM,2030,0.018734351453697506,1.8734351453697506
SSP1,07_NAM,2031,0.019083262082166152,1.9083262082166152
SSP1,07_NAM,2032,0.01903096328204934,1.903096328204934
SSP1,07_NAM,2033,0.018946307820866037,1.8946307820866037
SSP1,07_NAM,2034,0.0188316778951787,1.88316778951787
SSP1,07_NAM,2035,0.0186893190987103,1.86893190987103
SSP1,07_NAM,2036,0.018643268022451087,1.8643268022451087
SSP1,07_NAM,2037,0.01861800349456666,1.861800349456666
SSP1,07_NAM,2038,0.018460794079484533,1.8460794079484533
SSP1,07_NAM,2039,0.01818115471813453,1.818115471813453
SSP1,07_NAM,2040,0.01778795110405862,1.778795110405862
SSP1,07_NAM,2041,0.017514911787797738,1.7514911787797738
SSP1,07_NAM,2042,0.017329527464995387,1.7329527464995387
SSP1,07_NAM,2043,0.016996059203293612,1.6996059203293612
SSP1,07_NAM,2044,0.016524535096078763,1.6524535096078763
SSP1,07_NAM,2045,0.0159240579839226,1.5924057983922602
SSP1,07_NAM,2046,0.015358940167470525,1.5358940167470525
SSP1,07_NAM,2047,0.014918976863854239,1.4918976863854239
SSP1,07_NAM,2048,0.014490458585572297,1.4490458585572297
SSP1,07_NAM,2049,0.014072692835700451,1.407269283570045
SSP1,07_NAM,2050,0.013665031908434822,1.3665031908434822
SSP1,08_LAM,2019,0.007391817323493699,0.7391817323493699
SSP1,08_LAM,2020,-0.06650561216080941,-6.650561216080941
SSP1,08_LAM,2021,0.07482545861678758,7.482545861678758
SSP1,08_LAM,2022,0.041492185263314774,4.149218526331477
SSP1,08_LAM,2023,0.02288907970496723,2.288907970496723
SSP1,08_LAM,2024,0.022351595292703363,2.2351595292703363
SSP1,08_LAM,2025,0.03523035982218237,3.5230359822182367
SSP1,08_LAM,2026,0.027277758869296287,2.7277758869296287
SSP1,08_LAM,2027,0.02501163168210807,2.501163168210807
SSP1,08_LAM,2028,0.024260297039600864,2.4260297039600864
SSP1,08_LAM,2029,0.024878878845777663,2.4878878845777663
SSP1,08_LAM,2030,0.026737757900446413,2.6737757900446413
SSP1,08_LAM,2031,0.028974977494796272,2.8974977494796272
SSP1,08_LAM,2032,0.030486180571165145,3.0486180571165145
SSP1,08_LAM,2033,0.031516274993221405,3.1516274993221405
SSP1,08_LAM,2034,0.03211003239436838,3.211003239436838
SSP1,08_LAM,2035,0.03231285908463466,3.231285908463466
SSP1,08_LAM,2036,0.03284749109088558,3.2847491090885583
SSP1,08_LAM,2037,0.03367117551483756,3.367117551483756
SSP1,08_LAM,2038,0.03410622021761367,3.410622021761367
SSP1,08_LAM,2039,0.03419617273746112,3.4196172737461117
SSP1,08_LAM,2040,0.03398240910495387,3.398240910495387
SSP1,08_LAM,2041,0.03412827488557579,3.4128274885575793
SSP1,08_LAM,2042,0.0344795533949902,3.4479553394990203
SSP1,08_LAM,2043,0.034370593904043956,3.4370593904043956
SSP1,08_LAM,2044,0.03385901989404294,3.385901989404294
SSP1,08_LAM,2045,0.03299710013080803,3.2997100130808033
SSP1,08_LAM,2046,0.03220865451682964,3.220865451682964
SSP1,08_LAM,2047,0.03170615721664882,3.1706157216648823
SSP1,08_LAM,2048,0.03120819040572842,3.120819040572842
SSP1,08_LAM,2049,0.030715372372042138,3.071537237204214
SSP1,08_LAM,2050,0.030228215621048937,3.0228215621048937
SSP1,09_WEU,2019,0.01514792848188029,1.514792848188029
SSP1,09_WEU,2020,-0.05706494378063254,-5.706494378063254
SSP1,09_WEU,2021,0.07114154838286613,7.114154838286613
SSP1,09_WEU,2022,0.03981851711129969,3.981851711129969
SSP1,09_WEU,2023,0.009445413917018586,0.9445413917018586
SSP1,09_WEU,2024,0.012785651272023468,1.2785651272023468
SSP1,09_WEU,2025,0.027511059468800836,2.7511059468800836
SSP1,09_WEU,2026,0.020716815585641868,2.071681558564187
SSP1,09_WEU,2027,0.018355325154565838,1.8355325154565838
SSP1,09_WEU,2028,0.017146418108299866,1.7146418108299866
SSP1,09_WEU,2029,0.01700475290660486,1.7004752906604859
SSP1,09_WEU,2030,0.01785908047418472,1.7859080474184719
SSP1,09_WEU,2031,0.01870241781943105,1.870241781943105
SSP1,09_WEU,2032,0.018888966732729218,1.8888966732729218
SSP1,09_WEU,2033,0.01905307348548657,1.9053073485486571
SSP1,09_WEU,2034,0.01919582085278493,1.9195820852784928
SSP1,09_WEU,2035,0.019318280126161103,1.9318280126161103
SSP1,09_WEU,2036,0.01956246555197083,1.9562465551970831
SSP1,09_WEU,2037,0.019822722137424087,1.9822722137424087
SSP1,09_WEU,2038,0.019914380423892153,1.9914380423892153
SSP1,09_WEU,2039,0.019849757092804676,1.9849757092804676
SSP1,09_WEU,2040,0.019640677927293293,1.9640677927293293
SSP1,09_WEU,2041,0.019603669074062413,1.9603669074062413
SSP1,09_WEU,2042,0.019661332757725747,1.9661332757725747
SSP1,09_WEU,2043,0.019480976281188056,1.9480976281188056
SSP1,09_WEU,2044,0.019080584184592686,1.9080584184592686
SSP1,09_WEU,2045,0.01847680515182648,1.847680515182648
SSP1,09_WEU,2046,0.01790140257889039,1.790140257889039
SSP1,09_WEU,2047,0.017492675296515214,1.7492675296515214
SSP1,09_WEU,2048,0.01709888785467628,1.7098887854676281
SSP1,09_WEU,2049,0.016719188069611146,1.6719188069611146
SSP1,09_WEU,2050,0.016352786733412117,1.6352786733412117
SSP1,10_EEU,2019,0.04052819413036968,4.052819413036968
SSP1,10_EEU,2020,-0.032681923513597666,-3.2681923513597666
SSP1,10_EEU,2021,0.06658380215592397,6.658380215592397
SSP1,10_EEU,2022,0.04084888287269184,4.084888287269184
SSP1,10_EEU,2023,0.00981350104964207,0.981350104964207
SSP1,10_EEU,2024,0.02190056772300486,2.190056772300486
SSP1,10_EEU,2025,0.03225475766533292,3.2254757665332923
SSP1,10_EEU,2026,0.030308400062556418,3.0308400062556418
SSP1,10_EEU,2027,0.029453600492827636,2.9453600492827636
SSP1,10_EEU,2028,0.028485968801542416,2.8485968801542416
SSP1,10_EEU,2029,0.027419303360402658,2.741930336040266
SSP1,10_EEU,2030,0.026265226717692824,2.6265226717692824
SSP1,10_EEU,2031,0.025209429432424768,2.520942943242477
SSP1,10_EEU,2032,0.024320588384272757,2.4320588384272757
SSP1,10_EEU,2033,0.023453672618297006,2.3453672618297006
SSP1,10_EEU,2034,0.02260708324928351,2.260708324928351
SSP1,10_EEU,2035,0.021779311159159098,2.17793111591591
SSP1,10_EEU,2036,0.02122195044022912,2.122195044022912
SSP1,10_EEU,2037,0.020716159007886592,2.071615900788659
SSP1,10_EEU,2038,0.01991903081102553,1.9919030811025529
SSP1,10_EEU,2039,0.018853592084707493,1.8853592084707493
SSP1,10_EEU,2040,0.017539394361115068,1.7539394361115068
SSP1,10_EEU,2041,0.016398510595262206,1.6398510595262206
SSP1,10_EEU,2042,0.015571176514516116,1.5571176514516116
SSP1,10_EEU,2043,0.014718667946944208,1.4718667946944208
SSP1,10_EEU,2044,0.01384154278908123,1.384154278908123
SSP1,10_EEU,2045,0.012940037776874247,1.2940037776874247
SSP1,10_EEU,2046,0.012169780402901287,1.2169780402901287
SSP1,10_EEU,2047,0.01153296557895378,1.153296557895378
SSP1,10_EEU,2048,0.01087535108728277,1.087535108728277
SSP1,10_EEU,2049,0.010197110191583425,1.0197110191583425
SSP1,10_EEU,2050,0.009498237000047594,0.9498237000047594
SSP1,11_CAS,2019,0.04049283633972767,4.049283633972767
SSP1,11_CAS,2020,-0.022726531284744333,-2.2726531284744333
SSP1,11_CAS,2021,0.03826537693997101,3.8265376939971008
SSP1,11_CAS,2022,-0.06001897077380103,-6.001897077380103
SSP1,11_CAS,2023,0.051202914068402494,5.120291406840249
SSP1,11_CAS,2024,0.015328607604255362,1.5328607604255362
SSP1,11_CAS,2025,0.016855031197537285,1.6855031197537285
SSP1,11_CAS,2026,0.02581822064294892,2.581822064294892
SSP1,11_CAS,2027,0.035618038280355924,3.5618038280355924
SSP1,11_CAS,2028,0.040874422621255846,4.087442262125585
SSP1,11_CAS,2029,0.04202907413232593,4.202907413232593
SSP1,11_CAS,2030,0.03965505629407651,3.9655056294076507
SSP1,11_CAS,2031,0.03803355857076607,3.803355857076607
SSP1,11_CAS,2032,0.03877036732667283,3.8770367326672828
SSP1,11_CAS,2033,0.03887725413736054,3.887725413736054
SSP1,11_CAS,2034,0.03843982461972062,3.843982461972062
SSP1,11_CAS,2035,0.03753606965852119,3.7536069658521187
SSP1,11_CAS,2036,0.03696288077132026,3.696288077132026
SSP1,11_CAS,2037,0.0367349042242191,3.67349042242191
SSP1,11_CAS,2038,0.03615589874544023,3.615589874544023
SSP1,11_CAS,2039,0.035274800837551634,3.5274800837551634
SSP1,11_CAS,2040,0.03413437241733375,3.4134372417333747
SSP1,11_CAS,2041,0.033261556737674614,3.3261556737674614
SSP1,11_CAS,2042,0.03263255550994226,3.2632555509942263
SSP1,11_CAS,2043,0.031763072584791274,3.1763072584791274
SSP1,11_CAS,2044,0.03068418911540216,3.068418911540216
SSP1,11_CAS,2045,0.02942251419839015,2.942251419839015
SSP1,11_CAS,2046,0.02824706029097035,2.824706029097035
SSP1,11_CAS,2047,0.02730589119142457,2.730589119142457
SSP1,11_CAS,2048,0.026417787182040575,2.6417787182040575
SSP1,11_CAS,2049,0.02557824597820324,2.557824597820324
SSP1,11_CAS,2050,0.024783258598486846,2.4783258598486846
SSP1,12_MEA,2019,0.016246725531155803,1.6246725531155803
SSP1,12_MEA,2020,-0.02902546315332266,-2.902546315332266
SSP1,12_MEA,2021,0.04495180100463747,4.495180100463747
SSP1,12_MEA,2022,0.0658347897882281,6.58347897882281
SSP1,12_MEA,2023,0.011478749417447531,1.1478749417447531
SSP1,12_MEA,2024,0.013676130394412844,1.3676130394412844
SSP1,12_MEA,2025,0.037838113452173694,3.7838113452173694
SSP1,12_MEA,2026,0.03708705944434221,3.7087059444342207
SSP1,12_MEA,2027,0.038483652080150144,3.8483652080150144
SSP1,12_MEA,2028,0.03922562562960241,3.922562562960241
SSP1,12_MEA,2029,0.03939456242042905,3.9394562420429047
SSP1,12_MEA,2030,0.039068256986924954,3.9068256986924954
SSP1,12_MEA,2031,0.03895242273111066,3.895242273111066
SSP1,12_MEA,2032,0.0392040876751778,3.92040876751778
SSP1,12_MEA,2033,0.03926963221404689,3.926963221404689
SSP1,12_MEA,2034,0.03917289138284308,3.917289138284308
SSP1,12_MEA,2035,0.03893569282957854,3.893569282957854
SSP1,12_MEA,2036,0.03894869849541638,3.894869849541638
SSP1,12_MEA,2037,0.039083573040968655,3.9083573040968655
SSP1,12_MEA,2038,0.03893261358958244,3.8932613589582443
SSP1,12_MEA,2039,0.03853553408983279,3.853553408983279
SSP1,12_MEA,2040,0.03792801553130265,3.792801553130265
SSP1,12_MEA,2041,0.037600959147941815,3.7600959147941815
SSP1,12_MEA,2042,0.0374460789119071,3.74460789119071
SSP1,12_MEA,2043,0.036978657237211054,3.6978657237211054
SSP1,12_MEA,2044,0.036242676991867784,3.6242676991867784
SSP1,12_MEA,2045,0.03527686087609028,3.5276860876090277
SSP1,12_MEA,2046,0.034389484972364714,3.4389484972364714
SSP1,12_MEA,2047,0.03372857831990195,3.3728578319901947
SSP1,12_MEA,2048,0.03308545878347724,3.308545878347724
SSP1,12_MEA,2049,0.032459604562064204,3.2459604562064204
SSP1,12_MEA,2050,0.031850491608660825,3.1850491608660825
SSP1,13_AFR,2019,0.028352074103286773,2.8352074103286773
SSP1,13_AFR,2020,-0.03206409690665868,-3.206409690665868
SSP1,13_AFR,2021,0.0373352754681493,3.73352754681493
SSP1,13_AFR,2022,0.043173191817304835,4.3173191817304835
SSP1,13_AFR,2023,0.03675712824114408,3.6757128241144077
SSP1,13_AFR,2024,0.041348201663232276,4.134820166323228
SSP1,13_AFR,2025,0.04334075689424788,4.334075689424788
SSP1,13_AFR,2026,0.04252606925769675,4.252606925769675
SSP1,13_AFR,2027,0.043631541607840996,4.3631541607841
SSP1,13_AFR,2028,0.044947673551197775,4.4947673551197775
SSP1,13_AFR,2029,0.04642026968891,4.642026968891
SSP1,13_AFR,2030,0.0479989435120749,4.79989435120749
SSP1,13_AFR,2031,0.05073925538309543,5.073925538309543
SSP1,13_AFR,2032,0.05354379867205039,5.354379867205039
SSP1,13_AFR,2033,0.05494150197336434,5.494150197336434
SSP1,13_AFR,2034,0.05516110197732882,5.516110197732882
SSP1,13_AFR,2035,0.05441690607783767,5.441690607783767
SSP1,13_AFR,2036,0.054070076429359126,5.407007642935913
SSP1,13_AFR,2037,0.054479389706216796,5.44793897062168
SSP1,13_AFR,2038,0.05463943284551198,5.463943284551198
SSP1,13_AFR,2039,0.054587729249635286,5.458772924963529
SSP1,13_AFR,2040,0.054358038899780414,5.435803889978041
SSP1,13_AFR,2041,0.054651913930152896,5.46519139301529
SSP1,13_AFR,2042,0.055142773187084826,5.514277318708483
SSP1,13_AFR,2043,0.055071908776899825,5.5071908776899825
SSP1,13_AFR,2044,0.05454088275673907,5.454088275673907
SSP1,13_AFR,2045,0.05363833316674427,5.363833316674427
SSP1,13_AFR,2046,0.05306885429757657,5.306885429757657
SSP1,13_AFR,2047,0.052860330898108154,5.286033089810815
SSP1,13_AFR,2048,0.05241684751482922,5.241684751482922
SSP1,13_AFR,2049,0.05178146187603083,5.178146187603083
SSP1,13_AFR,2050,0.05099130083829717,5.099130083829717
SSP1,14_CLV,2019,0.0704410774199975,7.04410774199975
SSP1,14_CLV,2020,-0.021157004139797486,-2.1157004139797486
SSP1,14_CLV,2021,0.028852992627524054,2.8852992627524054
SSP1,14_CLV,2022,0.0425048932585379,4.25048932585379
SSP1,14_CLV,2023,0.045561031490437554,4.556103149043755
SSP1,14_CLV,2024,0.053203915037688176,5.320391503768818
SSP1,14_CLV,2025,0.057834291345177036,5.783429134517704
SSP1,14_CLV,2026,0.06377788757802239,6.3777887578022385
SSP1,14_CLV,2027,0.06880048680793571,6.880048680793571
SSP1,14_CLV,2028,0.07024954306291198,7.024954306291198
SSP1,14_CLV,2029,0.06888895127216976,6.888895127216976
SSP1,14_CLV,2030,0.06539301113040485,6.5393011130404854
SSP1,14_CLV,2031,0.06346835816871121,6.346835816871121
SSP1,14_CLV,2032,0.06310530496102484,6.310530496102484
SSP1,14_CLV,2033,0.061304022864344665,6.1304022864344665
SSP1,14_CLV,2034,0.05839209601804085,5.839209601804085
SSP1,14_CLV,2035,0.054628295588109,5.4628295588109
SSP1,14_CLV,2036,0.05153349929820861,5.153349929820861
SSP1,14_CLV,2037,0.04944114990491277,4.944114990491277
SSP1,14_CLV,2038,0.04718896322336241,4.718896322336241
SSP1,14_CLV,2039,0.044815530184810104,4.48155301848101
SSP1,14_CLV,2040,0.04235002583833314,4.235002583833314
SSP1,14_CLV,2041,0.04029551560461497,4.029551560461497
SSP1,14_CLV,2042,0.0386084572361185,3.86084572361185
SSP1,14_CLV,2043,0.03680044731618115,3.680044731618115
SSP1,14_CLV,2044,0.03489231111531943,3.489231111531943
SSP1,14_CLV,2045,0.032900062895800275,3.2900062895800275
SSP1,14_CLV,2046,0.03110358199913188,3.110358199913188
SSP1,14_CLV,2047,0.02961456509849758,2.961456509849758
SSP1,14_CLV,2048,0.028211173129462308,2.821117312946231
SSP1,14_CLV,2049,0.026884466044856614,2.6884466044856614
SSP1,14_CLV,2050,0.025626622489755446,2.5626622489755446
SSP1,15_SAS,2019,0.039944988094471556,3.9944988094471556
SSP1,15_SAS,2020,-0.04593614761175868,-4.593614761175868
SSP1,15_SAS,2021,0.08993912737969567,8.993912737969566
SSP1,15_SAS,2022,0.06966610684427899,6.9666106844278985
SSP1,15_SAS,2023,0.07761110811087102,7.761110811087102
SSP1,15_SAS,2024,0.05896328996862765,5.896328996862765
SSP1,15_SAS,2025,0.0628066603574291,6.28066603574291
SSP1,15_SAS,2026,0.06010587952628632,6.010587952628632
SSP1,15_SAS,2027,0.059610143566385165,5.9610143566385165
SSP1,15_SAS,2028,0.05870891362903974,5.870891362903974
SSP1,15_SAS,2029,0.05748990175055013,5.748990175055013
SSP1,15_SAS,2030,0.05602590746021208,5.602590746021208
SSP1,15_SAS,2031,0.05479714476595099,5.479714476595099
SSP1,15_SAS,2032,0.05392102391341247,5.392102391341247
SSP1,15_SAS,2033,0.053028984937335766,5.302898493733577
SSP1,15_SAS,2034,0.052128253636486876,5.212825363648688
SSP1,15_SAS,2035,0.05122477460615471,5.122477460615471
SSP1,15_SAS,2036,0.050652607507292835,5.0652607507292835
SSP1,15_SAS,2037,0.0501900265767925,5.01900265767925
SSP1,15_SAS,2038,0.049441570772576826,4.944157077257683
SSP1,15_SAS,2039,0.04846115106532034,4.846115106532034
SSP1,15_SAS,2040,0.047294523287329415,4.7294523287329415
SSP1,15_SAS,2041,0.04654916748594329,4.654916748594329
SSP1,15_SAS,2042,0.046017822556850385,4.6017822556850385
SSP1,15_SAS,2043,0.04507975121558405,4.507975121558405
SSP1,15_SAS,2044,0.04380639098252104,4.380639098252104
SSP1,15_SAS,2045,0.04225800609699126,4.225800609699126
SSP1,15_SAS,2046,0.040846357019102664,4.084635701910266
SSP1,15_SAS,2047,0.03976617463362664,3.976617463362664
SSP1,15_SAS,2048,0.038738824761598956,3.8738824761598956
SSP1,15_SAS,2049,0.037760299937268815,3.7760299937268815
SSP1,15_SAS,2050,0.03682699646029031,3.6826996460290307
SSP1,16_APC,2019,0.04194332669672707,4.194332669672707
SSP1,16_APC,2020,-0.051465835502136015,-5.1465835502136015
SSP1,16_APC,2021,0.03425715346926972,3.425715346926972
SSP1,16_APC,2022,0.0522325930275489,5.22325930275489
SSP1,16_APC,2023,0.042618272981487904,4.26182729814879
SSP1,16_APC,2024,0.04442999795923952,4.442999795923952
SSP1,16_APC,2025,0.04241163236903556,4.241163236903556
SSP1,16_APC,2026,0.04112646475303494,4.112646475303494
SSP1,16_APC,2027,0.04110285798326574,4.110285798326574
SSP1,16_APC,2028,0.04067474144637728,4.067474144637728
SSP1,16_APC,2029,0.03990318740855403,3.990318740855403
SSP1,16_APC,2030,0.03884177399014499,3.884177399014499
SSP1,16_APC,2031,0.03805492040494385,3.805492040494385
SSP1,16_APC,2032,0.037527117530394394,3.7527117530394394
SSP1,16_APC,2033,0.03675242875014062,3.675242875014062
SSP1,16_APC,2034,0.035767295939784116,3.5767295939784116
SSP1,16_APC,2035,0.03460308379024024,3.460308379024024
SSP1,16_APC,2036,0.033620890291405914,3.3620890291405914
SSP1,16_APC,2037,0.03284739769686351,3.284739769686351
SSP1,16_APC,2038,0.031968200379381306,3.1968200379381306
SSP1,16_APC,2039,0.030998201050643326,3.0998201050643326
SSP1,16_APC,2040,0.029950102488505825,2.9950102488505825
SSP1,16_APC,2041,0.029116824626092663,2.9116824626092663
SSP1,16_APC,2042,0.02841506690708817,2.841506690708817
SSP1,16_APC,2043,0.027535589213986134,2.7535589213986134
SSP1,16_APC,2044,0.02649852257882146,2.649852257882146
SSP1,16_APC,2045,0.025321041592415217,2.5321041592415217
SSP1,16_APC,2046,0.02423086569317845,2.423086569317845
SSP1,16_APC,2047,0.023343420229225753,2.3343420229225753
SSP1,16_APC,2048,0.022497197583628337,2.2497197583628337
SSP1,16_APC,2049,0.02168881874520867,2.168881874520867
SSP1,16_APC,2050,0.020915244715058012,2.0915244715058012
SSP1,17_ANZ,2019,0.02211033789625838,2.211033789625838
SSP1,17_ANZ,2020,-0.0015750142974053638,-0.15750142974053638
SSP1,17_ANZ,2021,0.02355306527576473,2.355306527576473
SSP1,17_ANZ,2022,0.041465765430935386,4.146576543093539
SSP1,17_ANZ,2023,0.03277651318340835,3.277651318340835
SSP1,17_ANZ,2024,0.013617679934381455,1.3617679934381455
SSP1,17_ANZ,2025,0.02850214395934425,2.850214395934425
SSP1,17_ANZ,2026,0.0269574232184564,2.69574232184564
SSP1,17_ANZ,2027,0.026482502285065435,2.6482502285065435
SSP1,17_ANZ,2028,0.02637010531671269,2.637010531671269
SSP1,17_ANZ,2029,0.026584043667792878,2.658404366779288
SSP1,17_ANZ,2030,0.027090608822967432,2.7090608822967432
SSP1,17_ANZ,2031,0.027701497695943322,2.7701497695943322
SSP1,17_ANZ,2032,0.028136959550575602,2.81369595505756
SSP1,17_ANZ,2033,0.028430825761859513,2.8430825761859513
SSP1,17_ANZ,2034,0.028595802123328795,2.8595802123328795
SSP1,17_ANZ,2035,0.028644108398681478,2.864410839868148
SSP1,17_ANZ,2036,0.028868594787368584,2.8868594787368584
SSP1,17_ANZ,2037,0.029180674017744268,2.918067401774427
SSP1,17_ANZ,2038,0.029269927633640558,2.926992763364056
SSP1,17_ANZ,2039,0.029159402298145398,2.91594022981454
SSP1,17_ANZ,2040,0.02887067509598551,2.887067509598551
SSP1,17_ANZ,2041,0.028892871343098925,2.8892871343098925
SSP1,17_ANZ,2042,0.02903191814471273,2.903191814471273
SSP1,17_ANZ,2043,0.028753010960884673,2.8753010960884673
SSP1,17_ANZ,2044,0.02810174399511145,2.810174399511145
SSP1,17_ANZ,2045,0.027119299698568078,2.711929969856808
SSP1,17_ANZ,2046,0.026194693990649665,2.6194693990649665
SSP1,17_ANZ,2047,0.025552161613718205,2.5552161613718205
SSP1,17_ANZ,2048,0.024940941449388854,2.4940941449388854
SSP1,17_ANZ,2049,0.024358796449821307,2.4358796449821307
SSP1,17_ANZ,2050,0.023803697713459693,2.3803697713459693
SSP2,01_KOR,2019,0.023138021059548874,2.3138021059548874
SSP2,01_KOR,2020,-0.00700242317542199,-0.700242317542199
SSP2,01_KOR,2021,0.04612967954542846,4.612967954542846
SSP2,01_KOR,2022,0.027275645670897797,2.7275645670897797
SSP2,01_KOR,2023,0.01583014674036276,1.583014674036276
SSP2,01_KOR,2024,0.020036110183901057,2.0036110183901057
SSP2,01_KOR,2025,0.023253311291278278,2.325331129127828
SSP2,01_KOR,2026,0.021301169187271318,2.130116918727132
SSP2,01_KOR,2027,0.020394679278191052,2.0394679278191052
SSP2,01_KOR,2028,0.01922160687686225,1.9221606876862252
SSP2,01_KOR,2029,0.01780152256147205,1.780152256147205
SSP2,01_KOR,2030,0.016149873543610305,1.6149873543610305
SSP2,01_KOR,2031,0.014751356022156825,1.4751356022156825
SSP2,01_KOR,2032,0.013755777087846477,1.3755777087846477
SSP2,01_KOR,2033,0.012761274269743161,1.2761274269743161
SSP2,01_KOR,2034,0.011765967878345718,1.1765967878345718
SSP2,01_KOR,2035,0.010767925989608518,1.0767925989608518
SSP2,01_KOR,2036,0.009912745389454525,0.9912745389454525
SSP2,01_KOR,2037,0.009224257490445087,0.9224257490445087
SSP2,01_KOR,2038,0.008565686786578208,0.8565686786578208
SSP2,01_KOR,2039,0.00793498170683149,0.793498170683149
SSP2,01_KOR,2040,0.0073302858727510856,0.7330285872751086
SSP2,01_KOR,2041,0.006837085061829784,0.6837085061829784
SSP2,01_KOR,2042,0.0064222681022376715,0.6422268102237672
SSP2,01_KOR,2043,0.00598272756054774,0.598272756054774
SSP2,01_KOR,2044,0.005518632526755329,0.5518632526755329
SSP2,01_KOR,2045,0.00503003181643491,0.503003181643491
SSP2,01_KOR,2046,0.004644139097607303,0.46441390976073027
SSP2,01_KOR,2047,0.00435260449790853,0.435260449790853
SSP2,01_KOR,2048,0.004024367418361763,0.4024367418361763
SSP2,01_KOR,2049,0.0036597869331391752,0.3659786933139175
SSP2,01_KOR,2050,0.0032590935825203005,0.32590935825203005
SSP2,02_CHN,2019,0.05916806569153765,5.916806569153765
SSP2,02_CHN,2020,0.021785492056031863,2.1785492056031863
SSP2,02_CHN,2021,0.08534882478651684,8.534882478651685
SSP2,02_CHN,2022,0.030229175761009364,3.0229175761009364
SSP2,02_CHN,2023,0.05381413598670526,5.381413598670526
SSP2,02_CHN,2024,0.04940405880695353,4.940405880695353
SSP2,02_CHN,2025,0.0449651078962201,4.49651078962201
SSP2,02_CHN,2026,0.041526896948613556,4.152689694861356
SSP2,02_CHN,2027,0.03926356366672912,3.9263563666729118
SSP2,02_CHN,2028,0.03713157000565315,3.7131570005653147
SSP2,02_CHN,2029,0.03511512371464365,3.511512371464365
SSP2,02_CHN,2030,0.03320055918111953,3.3200559181119527
SSP2,02_CHN,2031,0.03176745219621391,3.176745219621391
SSP2,02_CHN,2032,0.03050188017338229,3.050188017338229
SSP2,02_CHN,2033,0.028893149872872836,2.8893149872872836
SSP2,02_CHN,2034,0.02698074784621518,2.698074784621518
SSP2,02_CHN,2035,0.0247957582741396,2.47957582741396
SSP2,02_CHN,2036,0.022576259121662723,2.2576259121662723
SSP2,02_CHN,2037,0.02086705684682144,2.086705684682144
SSP2,02_CHN,2038,0.01968227512333831,1.968227512333831
SSP2,02_CHN,2039,0.018978262285868963,1.8978262285868963
SSP2,02_CHN,2040,0.018718434189412436,1.8718434189412436
SSP2,02_CHN,2041,0.01850497530986961,1.850497530986961
SSP2,02_CHN,2042,0.018036324153950734,1.8036324153950734
SSP2,02_CHN,2043,0.017536756802496223,1.7536756802496223
SSP2,02_CHN,2044,0.017008531013566808,1.7008531013566808
SSP2,02_CHN,2045,0.016453621843788513,1.6453621843788513
SSP2,02_CHN,2046,0.015932379954996634,1.5932379954996634
SSP2,02_CHN,2047,0.015470621949957852,1.5470621949957852
SSP2,02_CHN,2048,0.015021615179995118,1.5021615179995118
SSP2,02_CHN,2049,0.01458457527350343,1.458457527350343
SSP2,02_CHN,2050,0.014158770824780342,1.4158770824780342
SSP2,03_JPN,2019,-0.004021692008950528,-0.4021692008950528
SSP2,03_JPN,2020,-0.04168764571467465,-4.168764571467465
SSP2,03_JPN,2021,0.02696574041872002,2.696574041872002
SSP2,03_JPN,2022,0.009419987754831993,0.9419987754831993
SSP2,03_JPN,2023,0.014750348105339484,1.4750348105339484
SSP2,03_JPN,2024,0.001043090217733189,0.10430902177331891
SSP2,03_JPN,2025,0.013695385066527566,1.3695385066527566
SSP2,03_JPN,2026,0.009261572046808775,0.9261572046808775
SSP2,03_JPN,2027,0.00796280451399678,0.796280451399678
SSP2,03_JPN,2028,0.0072817545400658545,0.7281754540065855
SSP2,03_JPN,2029,0.00719724594895732,0.719724594895732
SSP2,03_JPN,2030,0.007691826052223849,0.7691826052223849
SSP2,03_JPN,2031,0.00836114833896473,0.836114833896473
SSP2,03_JPN,2032,0.008643489089007472,0.8643489089007472
SSP2,03_JPN,2033,0.008656360791299944,0.8656360791299944
SSP2,03_JPN,2034,0.008408797701678683,0.8408797701678683
SSP2,03_JPN,2035,0.007909545516789018,0.7909545516789018
SSP2,03_JPN,2036,0.007336702294074904,0.7336702294074904
SSP2,03_JPN,2037,0.006963529326323048,0.6963529326323048
SSP2,03_JPN,2038,0.0067509094505657785,0.6750909450565779
SSP2,03_JPN,2039,0.006694314504748888,0.6694314504748888
SSP2,03_JPN,2040,0.006789573043617825,0.6789573043617825
SSP2,03_JPN,2041,0.006866804543467442,0.6866804543467442
SSP2,03_JPN,2042,0.006843392127136916,0.6843392127136916
SSP2,03_JPN,2043,0.00684437184741693,0.684437184741693
SSP2,03_JPN,2044,0.006869084299411465,0.6869084299411465
SSP2,03_JPN,2045,0.006916879956349042,0.6916879956349042
SSP2,03_JPN,2046,0.006966647610060717,0.6966647610060717
SSP2,03_JPN,2047,0.0070016636071883465,0.7001663607188346
SSP2,03_JPN,2048,0.00703423306443951,0.703423306443951
SSP2,03_JPN,2049,0.007064408347947637,0.7064408347947637
SSP2,03_JPN,2050,0.007092241701661006,0.7092241701661006
SSP2,04_RUS,2019,0.021980757133501116,2.1980757133501116
SSP2,04_RUS,2020,-0.026536545010277024,-2.6536545010277024
SSP2,04_RUS,2021,0.0586649177292593,5.86649177292593
SSP2,04_RUS,2022,-0.014358821385983433,-1.4358821385983433
SSP2,04_RUS,2023,0.04082524812592703,4.082524812592703
SSP2,04_RUS,2024,0.04344374754915359,4.344374754915359
SSP2,04_RUS,2025,0.014397596271511048,1.4397596271511048
SSP2,04_RUS,2026,0.013947184929226086,1.3947184929226086
SSP2,04_RUS,2027,0.013925891169840776,1.3925891169840776
SSP2,04_RUS,2028,0.014241857551173576,1.4241857551173576
SSP2,04_RUS,2029,0.014876246729283116,1.4876246729283116
SSP2,04_RUS,2030,0.01580969024616774,1.580969024616774
SSP2,04_RUS,2031,0.017333893909593057,1.7333893909593057
SSP2,04_RUS,2032,0.018743689728674795,1.8743689728674795
SSP2,04_RUS,2033,0.01941249668063949,1.941249668063949
SSP2,04_RUS,2034,0.019389664970296483,1.9389664970296483
SSP2,04_RUS,2035,0.0187258848312839,1.87258848312839
SSP2,04_RUS,2036,0.018125786479195494,1.8125786479195494
SSP2,04_RUS,2037,0.017962297317862586,1.7962297317862586
SSP2,04_RUS,2038,0.017756329092683876,1.7756329092683876
SSP2,04_RUS,2039,0.017510967427060598,1.7510967427060598
SSP2,04_RUS,2040,0.017229072994158656,1.7229072994158656
SSP2,04_RUS,2041,0.016967855428052347,1.6967855428052347
SSP2,04_RUS,2042,0.016743434801601342,1.6743434801601342
SSP2,04_RUS,2043,0.016509295162185467,1.6509295162185467
SSP2,04_RUS,2044,0.016266206861988985,1.6266206861988985
SSP2,04_RUS,2045,0.016014878352166306,1.6014878352166306
SSP2,04_RUS,2046,0.01577141019785344,1.5771410197853442
SSP2,04_RUS,2047,0.015545505493258949,1.5545505493258949
SSP2,04_RUS,2048,0.015326188299814802,1.5326188299814802
SSP2,04_RUS,2049,0.015113173278914482,1.5113173278914482
SSP2,04_RUS,2050,0.014906191341085284,1.4906191341085284
SSP2,05_MNG,2019,0.05602244220642638,5.602244220642638
SSP2,05_MNG,2020,-0.04557751975834423,-4.557751975834423
SSP2,05_MNG,2021,0.016367695773666924,1.6367695773666924
SSP2,05_MNG,2022,0.05032709636652699,5.032709636652699
SSP2,05_MNG,2023,0.0742211276150262,7.4221127615026194
SSP2,05_MNG,2024,0.05122045391226471,5.122045391226471
SSP2,05_MNG,2025,0.04003315179353617,4.003315179353617
SSP2,05_MNG,2026,0.03834694407729633,3.834694407729633
SSP2,05_MNG,2027,0.037683450553525066,3.7683450553525066
SSP2,05_MNG,2028,0.0373879194168949,3.73879194168949
SSP2,05_MNG,2029,0.037409776229357705,3.7409776229357705
SSP2,05_MNG,2030,0.03770368457553208,3.770368457553208
SSP2,05_MNG,2031,0.03847066567672042,3.8470665676720417
SSP2,05_MNG,2032,0.03905355351969697,3.905355351969697
SSP2,05_MNG,2033,0.038965338017485474,3.8965338017485474
SSP2,05_MNG,2034,0.03829967842742188,3.829967842742188
SSP2,05_MNG,2035,0.037140695664992895,3.7140695664992895
SSP2,05_MNG,2036,0.03604376746105453,3.604376746105453
SSP2,05_MNG,2037,0.03535700170047873,3.535700170047873
SSP2,05_MNG,2038,0.03474862429911907,3.474862429911907
SSP2,05_MNG,2039,0.0342101463286657,3.4210146328665703
SSP2,05_MNG,2040,0.0337340477714938,3.3734047771493803
SSP2,05_MNG,2041,0.03320768350873937,3.320768350873937
SSP2,05_MNG,2042,0.0326959192076719,3.2695919207671897
SSP2,05_MNG,2043,0.0323252532332321,3.23252532332321
SSP2,05_MNG,2044,0.03207934813893676,3.207934813893676
SSP2,05_MNG,2045,0.03194351227802983,3.194351227802983
SSP2,05_MNG,2046,0.03186209226117387,3.186209226117387
SSP2,05_MNG,2047,0.03173362266288682,3.173362266288682
SSP2,05_MNG,2048,0.031557341620598756,3.1557341620598756
SSP2,05_MNG,2049,0.03133884082978633,3.133884082978633
SSP2,05_MNG,2050,0.031083225935962355,3.1083225935962355
SSP2,06_PRK,2019,0.003533213425603643,0.3533213425603643
SSP2,06_PRK,2020,-0.045323507164476085,-4.532350716447608
SSP2,06_PRK,2021,-0.0005539478882047311,-0.055394788820473106
SSP2,06_PRK,2022,-0.0015213142773085053,-0.15213142773085053
SSP2,06_PRK,2023,0.03055937828880384,3.055937828880384
SSP2,06_PRK,2024,0.03703142621461142,3.703142621461142
SSP2,06_PRK,2025,0.04881484133366287,4.881484133366287
SSP2,06_PRK,2026,0.051127728482162516,5.1127728482162516
SSP2,06_PRK,2027,0.054204756214457195,5.4204756214457195
SSP2,06_PRK,2028,0.05575812322281304,5.575812322281304
SSP2,06_PRK,2029,0.056036682849063046,5.603668284906305
SSP2,06_PRK,2030,0.05527472084686891,5.527472084686891
SSP2,06_PRK,2031,0.05501611981625465,5.501611981625465
SSP2,06_PRK,2032,0.05555830088642533,5.555830088642533
SSP2,06_PRK,2033,0.05571745074920442,5.571745074920442
SSP2,06_PRK,2034,0.05555718576683999,5.555718576683999
SSP2,06_PRK,2035,0.05513407076940324,5.513407076940324
SSP2,06_PRK,2036,0.055240725413241876,5.524072541324188
SSP2,06_PRK,2037,0.05560675495382328,5.560675495382328
SSP2,06_PRK,2038,0.055425679102015124,5.542567910201512
SSP2,06_PRK,2039,0.05479852620914882,5.479852620914882
SSP2,06_PRK,2040,0.05381288141801521,5.381288141801521
SSP2,06_PRK,2041,0.05318453969873338,5.318453969873338
SSP2,06_PRK,2042,0.05291018978448059,5.291018978448059
SSP2,06_PRK,2043,0.0523718681255434,5.23718681255434
SSP2,06_PRK,2044,0.05161922151430587,5.161922151430587
SSP2,06_PRK,2045,0.05069477247129117,5.069477247129117
SSP2,06_PRK,2046,0.05000798353098945,5.000798353098945
SSP2,06_PRK,2047,0.04954913312939646,4.954913312939646
SSP2,06_PRK,2048,0.048953510447111936,4.895351044711194
SSP2,06_PRK,2049,0.048246770805085326,4.824677080508533
SSP2,06_PRK,2050,0.04745093382476373,4.745093382476373
SSP2,07_NAM,2019,0.025249978477636992,2.524997847763699
SSP2,07_NAM,2020,-0.024121161369182076,-2.4121161369182076
SSP2,07_NAM,2021,0.06045768795521367,6.045768795521367
SSP2,07_NAM,2022,0.026529200047543666,2.6529200047543666
SSP2,07_NAM,2023,0.027523612452428736,2.7523612452428736
SSP2,07_NAM,2024,0.026883674931933665,2.6883674931933665
SSP2,07_NAM,2025,0.02464516491520574,2.464516491520574
SSP2,07_NAM,2026,0.021080889786001977,2.1080889786001977
SSP2,07_NAM,2027,0.01959235497620382,1.9592354976203818
SSP2,07_NAM,2028,0.018490001139327195,1.8490001139327195
SSP2,07_NAM,2029,0.017743254708016742,1.7743254708016742
SSP2,07_NAM,2030,0.017326374641861708,1.7326374641861708
SSP2,07_NAM,2031,0.016884390894111645,1.6884390894111645
SSP2,07_NAM,2032,0.016280508942060123,1.6280508942060123
SSP2,07_NAM,2033,0.015778693007442834,1.5778693007442834
SSP2,07_NAM,2034,0.01537247129517283,1.537247129517283
SSP2,07_NAM,2035,0.015056042249083523,1.5056042249083523
SSP2,07_NAM,2036,0.014724025580128641,1.4724025580128641
SSP2,07_NAM,2037,0.01435748239666812,1.435748239666812
SSP2,07_NAM,2038,0.014045861591540199,1.4045861591540199
SSP2,07_NAM,2039,0.013786148786445684,1.3786148786445684
SSP2,07_NAM,2040,0.013575575116033578,1.3575575116033578
SSP2,07_NAM,2041,0.013360515482687019,1.3360515482687019
SSP2,07_NAM,2042,0.013125297683076464,1.3125297683076464
SSP2,07_NAM,2043,0.012912873882020781,1.2912873882020781
SSP2,07_NAM,2044,0.012722132808810738,1.2722132808810738
SSP2,07_NAM,2045,0.01255203716360409,1.255203716360409
SSP2,07_NAM,2046,0.012386403959824488,1.2386403959824488
SSP2,07_NAM,2047,0.012214936703282664,1.2214936703282664
SSP2,07_NAM,2048,0.012047803013262026,1.2047803013262026
SSP2,07_NAM,2049,0.011884838690987998,1.1884838690987998
SSP2,07_NAM,2050,0.011725887721538486,1.1725887721538486
SSP2,08_LAM,2019,0.007391817323493699,0.7391817323493699
SSP2,08_LAM,2020,-0.06650561216080941,-6.650561216080941
SSP2,08_LAM,2021,0.07482545861678758,7.482545861678758
SSP2,08_LAM,2022,0.041492185263314774,4.149218526331477
SSP2,08_LAM,2023,0.02288907970496723,2.288907970496723
SSP2,08_LAM,2024,0.022351595292703363,2.2351595292703363
SSP2,08_LAM,2025,0.03512588855588605,3.5125888555886053
SSP2,08_LAM,2026,0.027252003381803114,2.7252003381803114
SSP2,08_LAM,2027,0.025088479009545583,2.5088479009545583
SSP2,08_LAM,2028,0.02421473957346154,2.421473957346154
SSP2,08_LAM,2029,0.02450717759103882,2.450717759103882
SSP2,08_LAM,2030,0.02585692756370772,2.585692756370772
SSP2,08_LAM,2031,0.027456301652184267,2.7456301652184267
SSP2,08_LAM,2032,0.028386725374625277,2.8386725374625277
SSP2,08_LAM,2033,0.02894351423112762,2.894351423112762
SSP2,08_LAM,2034,0.029161976370747134,2.9161976370747134
SSP2,08_LAM,2035,0.029076643849296646,2.9076643849296646
SSP2,08_LAM,2036,0.029151737142000478,2.915173714200048
SSP2,08_LAM,2037,0.0294423134665851,2.94423134665851
SSP2,08_LAM,2038,0.02955105859543883,2.955105859543883
SSP2,08_LAM,2039,0.02949660752656147,2.949660752656147
SSP2,08_LAM,2040,0.029296447238047918,2.929644723804792
SSP2,08_LAM,2041,0.029226237608933614,2.9226237608933614
SSP2,08_LAM,2042,0.029265960263991975,2.9265960263991975
SSP2,08_LAM,2043,0.029155166917103292,2.9155166917103292
SSP2,08_LAM,2044,0.02891007503543963,2.891007503543963
SSP2,08_LAM,2045,0.02854560775407,2.854560775407
SSP2,08_LAM,2046,0.02822480195737187,2.822480195737187
SSP2,08_LAM,2047,0.028007099901605992,2.800709990160599
SSP2,08_LAM,2048,0.027771361293580377,2.7771361293580377
SSP2,08_LAM,2049,0.027519784352849852,2.751978435284985
SSP2,08_LAM,2050,0.027254372296914076,2.7254372296914076
SSP2,09_WEU,2019,0.01514792848188029,1.514792848188029
SSP2,09_WEU,2020,-0.05706494378063254,-5.706494378063254
SSP2,09_WEU,2021,0.07114154838286613,7.114154838286613
SSP2,09_WEU,2022,0.03981851711129969,3.981851711129969
SSP2,09_WEU,2023,0.009445413917018586,0.9445413917018586
SSP2,09_WEU,2024,0.012785651272023468,1.2785651272023468
SSP2,09_WEU,2025,0.027367126429032718,2.7367126429032718
SSP2,09_WEU,2026,0.020642685474606015,2.0642685474606015
SSP2,09_WEU,2027,0.01840108539100571,1.8401085391005712
SSP2,09_WEU,2028,0.01707694035274332,1.707694035274332
SSP2,09_WEU,2029,0.01660125455463901,1.6601254554639011
SSP2,09_WEU,2030,0.01691749519536434,1.691749519536434
SSP2,09_WEU,2031,0.017188317606835923,1.7188317606835923
SSP2,09_WEU,2032,0.016943195460159544,1.6943195460159544
SSP2,09_WEU,2033,0.016743249714255892,1.6743249714255892
SSP2,09_WEU,2034,0.016585669504399325,1.6585669504399325
SSP2,09_WEU,2035,0.016467831736676652,1.6467831736676652
SSP2,09_WEU,2036,0.01636763217681847,1.636763217681847
SSP2,09_WEU,2037,0.016246883722258243,1.6246883722258243
SSP2,09_WEU,2038,0.01610770555200358,1.6107705552003582
SSP2,09_WEU,2039,0.015951339113515317,1.5951339113515317
SSP2,09_WEU,2040,0.015778949307171608,1.5778949307171608
SSP2,09_WEU,2041,0.015652697353434553,1.5652697353434553
SSP2,09_WEU,2042,0.015542309302361668,1.5542309302361668
SSP2,09_WEU,2043,0.015374120920718104,1.5374120920718104
SSP2,09_WEU,2044,0.015151692487484159,1.5151692487484159
SSP2,09_WEU,2045,0.01487834991941428,1.487834991941428
SSP2,09_WEU,2046,0.014613744970797482,1.4613744970797482
SSP2,09_WEU,2047,0.014394617696867451,1.439461769686745
SSP2,09_WEU,2048,0.014181826208411463,1.4181826208411463
SSP2,09_WEU,2049,0.013975099299726512,1.3975099299726512
SSP2,09_WEU,2050,0.013774181025596466,1.3774181025596466
SSP2,10_EEU,2019,0.04052819413036968,4.052819413036968
SSP2,10_EEU,2020,-0.032681923513597666,-3.2681923513597666
SSP2,10_EEU,2021,0.06658380215592397,6.658380215592397
SSP2,10_EEU,2022,0.04084888287269184,4.084888287269184
SSP2,10_EEU,2023,0.00981350104964207,0.981350104964207
SSP2,10_EEU,2024,0.02190056772300486,2.190056772300486
SSP2,10_EEU,2025,0.032060698326308756,3.2060698326308756
SSP2,10_EEU,2026,0.030257342827534117,3.0257342827534117
SSP2,10_EEU,2027,0.029579336477183693,2.9579336477183693
SSP2,10_EEU,2028,0.028366141997226757,2.8366141997226757
SSP2,10_EEU,2029,0.026678038855512787,2.6678038855512787
SSP2,10_EEU,2030,0.024564749590916923,2.4564749590916923
SSP2,10_EEU,2031,0.022669899469898835,2.2669899469898835
SSP2,10_EEU,2032,0.021325444039476116,2.1325444039476116
SSP2,10_EEU,2033,0.020076970009470285,2.0076970009470285
SSP2,10_EEU,2034,0.018915164291818387,1.8915164291818387
SSP2,10_EEU,2035,0.017831948088878224,1.7831948088878224
SSP2,10_EEU,2036,0.016968423617772954,1.6968423617772954
SSP2,10_EEU,2037,0.016193611386519757,1.6193611386519757
SSP2,10_EEU,2038,0.01530115736602955,1.530115736602955
SSP2,10_EEU,2039,0.014297443973235069,1.4297443973235069
SSP2,10_EEU,2040,0.013187502678022156,1.3187502678022156
SSP2,10_EEU,2041,0.012131490346114493,1.2131490346114493
SSP2,10_EEU,2042,0.011303129452117311,1.130312945211731
SSP2,10_EEU,2043,0.010625635164607905,1.0625635164607905
SSP2,10_EEU,2044,0.010091403229963714,1.0091403229963714
SSP2,10_EEU,2045,0.009693914913215362,0.9693914913215362
SSP2,10_EEU,2046,0.009350130746782481,0.9350130746782481
SSP2,10_EEU,2047,0.008966068427792573,0.8966068427792573
SSP2,10_EEU,2048,0.008573447934604905,0.8573447934604905
SSP2,10_EEU,2049,0.008172298183851678,0.8172298183851678
SSP2,10_EEU,2050,0.007762603027394954,0.7762603027394954
SSP2,11_CAS,2019,0.04049283633972767,4.049283633972767
SSP2,11_CAS,2020,-0.022726531284744333,-2.2726531284744333
SSP2,11_CAS,2021,0.03826537693997101,3.8265376939971008
SSP2,11_CAS,2022,-0.06001897077380103,-6.001897077380103
SSP2,11_CAS,2023,0.051202914068402494,5.120291406840249
SSP2,11_CAS,2024,0.015328607604255362,1.5328607604255362
SSP2,11_CAS,2025,0.016821072933188796,1.6821072933188796
SSP2,11_CAS,2026,0.026000919188285954,2.6000919188285954
SSP2,11_CAS,2027,0.03594332736640693,3.594332736640693
SSP2,11_CAS,2028,0.04088450965672408,4.088450965672408
SSP2,11_CAS,2029,0.041337508713047644,4.133750871304764
SSP2,11_CAS,2030,0.0379416546807152,3.7941654680715198
SSP2,11_CAS,2031,0.03522855137871783,3.522855137871783
SSP2,11_CAS,2032,0.035103110554222106,3.5103110554222106
SSP2,11_CAS,2033,0.03449564606797795,3.4495646067977948
SSP2,11_CAS,2034,0.033470050234978954,3.3470050234978954
SSP2,11_CAS,2035,0.03208207430751919,3.2082074307519193
SSP2,11_CAS,2036,0.030840037820130117,3.0840037820130117
SSP2,11_CAS,2037,0.029946061114562106,2.9946061114562106
SSP2,11_CAS,2038,0.029032913261584525,2.9032913261584525
SSP2,11_CAS,2039,0.028104213106016074,2.8104213106016074
SSP2,11_CAS,2040,0.027162933926634603,2.7162933926634603
SSP2,11_CAS,2041,0.02620447034672968,2.620447034672968
SSP2,11_CAS,2042,0.02534475698550165,2.534475698550165
SSP2,11_CAS,2043,0.024636707080815556,2.4636707080815556
SSP2,11_CAS,2044,0.024066508168366196,2.4066508168366196
SSP2,11_CAS,2045,0.02362196829738683,2.362196829738683
SSP2,11_CAS,2046,0.023195537441841108,2.3195537441841108
SSP2,11_CAS,2047,0.022722741348408793,2.2722741348408793
SSP2,11_CAS,2048,0.022269572077318722,2.2269572077318722
SSP2,11_CAS,2049,0.02183482272691517,2.183482272691517
SSP2,11_CAS,2050,0.02141738342233679,2.141738342233679
SSP2,12_MEA,2019,0.016246725531155803,1.6246725531155803
SSP2,12_MEA,2020,-0.02902546315332266,-2.902546315332266
SSP2,12_MEA,2021,0.04495180100463747,4.495180100463747
SSP2,12_MEA,2022,0.0658347897882281,6.58347897882281
SSP2,12_MEA,2023,0.011478749417447531,1.1478749417447531
SSP2,12_MEA,2024,0.013676130394412844,1.3676130394412844
SSP2,12_MEA,2025,0.03776369570230753,3.776369570230753
SSP2,12_MEA,2026,0.03716528955155107,3.7165289551551073
SSP2,12_MEA,2027,0.0386996506127848,3.8699650612784797
SSP2,12_MEA,2028,0.03924537827744157,3.9245378277441567
SSP2,12_MEA,2029,0.038933270399089004,3.8933270399089004
SSP2,12_MEA,2030,0.03788558522873631,3.7885585228736307
SSP2,12_MEA,2031,0.03699592553609565,3.6995925536095653
SSP2,12_MEA,2032,0.03664926273970259,3.6649262739702593
SSP2,12_MEA,2033,0.03623636303240896,3.623636303240896
SSP2,12_MEA,2034,0.03576706106967342,3.5767061069673423
SSP2,12_MEA,2035,0.03525006683169618,3.525006683169618
SSP2,12_MEA,2036,0.034854896125503076,3.4854896125503076
SSP2,12_MEA,2037,0.034532960910560906,3.4532960910560906
SSP2,12_MEA,2038,0.034107955847298976,3.4107955847298976
SSP2,12_MEA,2039,0.03359399011920572,3.359399011920572
SSP2,12_MEA,2040,0.033003588691407515,3.3003588691407515
SSP2,12_MEA,2041,0.0324622530175005,3.2462253017500498
SSP2,12_MEA,2042,0.032018890136015,3.2018890136015
SSP2,12_MEA,2043,0.0315812400530775,3.1581240053077497
SSP2,12_MEA,2044,0.031149609176194692,3.1149609176194692
SSP2,12_MEA,2045,0.030724243029799814,3.0724243029799814
SSP2,12_MEA,2046,0.030340733130682862,3.034073313068286
SSP2,12_MEA,2047,0.02998832316557487,2.998832316557487
SSP2,12_MEA,2048,0.02962754134217338,2.962754134217338
SSP2,12_MEA,2049,0.029260018189132264,2.9260018189132264
SSP2,12_MEA,2050,0.0288872052606739,2.88872052606739
SSP2,13_AFR,2019,0.028352074103286773,2.8352074103286773
SSP2,13_AFR,2020,-0.03206409690665868,-3.206409690665868
SSP2,13_AFR,2021,0.0373352754681493,3.73352754681493
SSP2,13_AFR,2022,0.043173191817304835,4.3173191817304835
SSP2,13_AFR,2023,0.03675712824114408,3.6757128241144077
SSP2,13_AFR,2024,0.041348201663232276,4.134820166323228
SSP2,13_AFR,2025,0.043307431283889475,4.3307431283889475
SSP2,13_AFR,2026,0.04262542304867267,4.262542304867267
SSP2,13_AFR,2027,0.04384698488239058,4.384698488239058
SSP2,13_AFR,2028,0.04503109011987694,4.503109011987694
SSP2,13_AFR,2029,0.04616437441228394,4.616437441228394
SSP2,13_AFR,2030,0.04723566039657179,4.723566039657179
SSP2,13_AFR,2031,0.049382417529574285,4.9382417529574285
SSP2,13_AFR,2032,0.051633639891780714,5.163363989178071
SSP2,13_AFR,2033,0.052528738480684956,5.2528738480684956
SSP2,13_AFR,2034,0.052291918731600884,5.229191873160088
SSP2,13_AFR,2035,0.051128741499377295,5.1128741499377295
SSP2,13_AFR,2036,0.05019842560361876,5.019842560361876
SSP2,13_AFR,2037,0.04999834411318815,4.999834411318815
SSP2,13_AFR,2038,0.049759796044892335,4.9759796044892335
SSP2,13_AFR,2039,0.04948719899539866,4.948719899539866
SSP2,13_AFR,2040,0.049184630696208265,4.9184630696208265
SSP2,13_AFR,2041,0.04908006545156862,4.908006545156862
SSP2,13_AFR,2042,0.04908236209257977,4.908236209257977
SSP2,13_AFR,2043,0.04893894917038133,4.893894917038133
SSP2,13_AFR,2044,0.04867198342961032,4.867198342961032
SSP2,13_AFR,2045,0.04830118945189721,4.830118945189721
SSP2,13_AFR,2046,0.04818426486468441,4.818426486468441
SSP2,13_AFR,2047,0.04821132124361838,4.821132124361838
SSP2,13_AFR,2048,0.04801293212085689,4.801293212085689
SSP2,13_AFR,2049,0.047625438661325514,4.762543866132551
SSP2,13_AFR,2050,0.047080925312839694,4.708092531283969
SSP2,14_CLV,2019,0.0704410774199975,7.04410774199975
SSP2,14_CLV,2020,-0.021157004139797486,-2.1157004139797486
SSP2,14_CLV,2021,0.028852992627524054,2.8852992627524054
SSP2,14_CLV,2022,0.0425048932585379,4.25048932585379
SSP2,14_CLV,2023,0.045561031490437554,4.556103149043755
SSP2,14_CLV,2024,0.053203915037688176,5.320391503768818
SSP2,14_CLV,2025,0.05769397768842088,5.769397768842088
SSP2,14_CLV,2026,0.0639119751393522,6.391197513935221
SSP2,14_CLV,2027,0.06913601341065778,6.913601341065778
SSP2,14_CLV,2028,0.07018027856758557,7.0180278567585574
SSP2,14_CLV,2029,0.06796322422224077,6.796322422224077
SSP2,14_CLV,2030,0.06327968192779565,6.327968192779565
SSP2,14_CLV,2031,0.06004687910482387,6.004687910482387
SSP2,14_CLV,2032,0.05875665147700082,5.875665147700082
SSP2,14_CLV,2033,0.05643306074021859,5.643306074021859
SSP2,14_CLV,2034,0.05330521237237229,5.330521237237229
SSP2,14_CLV,2035,0.049550265570272645,4.9550265570272645
SSP2,14_CLV,2036,0.046192336279258894,4.619233627925889
SSP2,14_CLV,2037,0.04376387336666476,4.376387336666476
SSP2,14_CLV,2038,0.04158327625557279,4.158327625557279
SSP2,14_CLV,2039,0.039617242979039125,3.9617242979039125
SSP2,14_CLV,2040,0.03783822766091105,3.783822766091105
SSP2,14_CLV,2041,0.03617766327006211,3.617766327006211
SSP2,14_CLV,2042,0.03463271089531417,3.4632710895314167
SSP2,14_CLV,2043,0.03323823487445465,3.3238234874454653
SSP2,14_CLV,2044,0.031977355897722104,3.1977355897722104
SSP2,14_CLV,2045,0.030835669992117065,3.0835669992117065
SSP2,14_CLV,2046,0.029770217211297245,2.9770217211297245
SSP2,14_CLV,2047,0.028751001245104213,2.8751001245104213
SSP2,14_CLV,2048,0.027792027730357383,2.7792027730357383
SSP2,14_CLV,2049,0.0268879853312729,2.68879853312729
SSP2,14_CLV,2050,0.026034167607794645,2.6034167607794645
SSP2,15_SAS,2019,0.039944988094471556,3.9944988094471556
SSP2,15_SAS,2020,-0.04593614761175868,-4.593614761175868
SSP2,15_SAS,2021,0.08993912737969567,8.993912737969566
SSP2,15_SAS,2022,0.06966610684427899,6.9666106844278985
SSP2,15_SAS,2023,0.07761110811087102,7.761110811087102
SSP2,15_SAS,2024,0.05896328996862765,5.896328996862765
SSP2,15_SAS,2025,0.0625919019520238,6.25919019520238
SSP2,15_SAS,2026,0.06011658076656379,6.011658076656379
SSP2,15_SAS,2027,0.05982568063322624,5.982568063322624
SSP2,15_SAS,2028,0.05856439697103166,5.856439697103166
SSP2,15_SAS,2029,0.0565424607928946,5.65424607928946
SSP2,15_SAS,2030,0.053930559697693115,5.3930559697693115
SSP2,15_SAS,2031,0.051584433558578,5.1584433558578
SSP2,15_SAS,2032,0.049929278379658104,4.99292783796581
SSP2,15_SAS,2033,0.048414110994903226,4.841411099490323
SSP2,15_SAS,2034,0.0470223494649844,4.70223494649844
SSP2,15_SAS,2035,0.04573986788147688,4.573986788147688
SSP2,15_SAS,2036,0.04456280129793799,4.456280129793799
SSP2,15_SAS,2037,0.0434718947334487,4.34718947334487
SSP2,15_SAS,2038,0.04244704797791443,4.244704797791443
SSP2,15_SAS,2039,0.041482242322078644,4.148224232207864
SSP2,15_SAS,2040,0.04057216660785712,4.057216660785712
SSP2,15_SAS,2041,0.03974489004399384,3.974489004399384
SSP2,15_SAS,2042,0.038979474197532005,3.8979474197532005
SSP2,15_SAS,2043,0.03823365793577116,3.823365793577116
SSP2,15_SAS,2044,0.037507205139327704,3.7507205139327704
SSP2,15_SAS,2045,0.036799811018134676,3.6799811018134676
SSP2,15_SAS,2046,0.03616183925189875,3.6161839251898753
SSP2,15_SAS,2047,0.03557926199656691,3.5579261996566913
SSP2,15_SAS,2048,0.03499594760924496,3.499594760924496
SSP2,15_SAS,2049,0.03441364545508496,3.4413645455084962
SSP2,15_SAS,2050,0.03383383757901903,3.3833837579019033
SSP2,16_APC,2019,0.04194332669672707,4.194332669672707
SSP2,16_APC,2020,-0.051465835502136015,-5.1465835502136015
SSP2,16_APC,2021,0.03425715346926972,3.425715346926972
SSP2,16_APC,2022,0.0522325930275489,5.22325930275489
SSP2,16_APC,2023,0.042618272981487904,4.26182729814879
SSP2,16_APC,2024,0.04442999795923952,4.442999795923952
SSP2,16_APC,2025,0.04226289554717644,4.226289554717644
SSP2,16_APC,2026,0.04113758117852173,4.113758117852173
SSP2,16_APC,2027,0.041273453797237236,4.127345379723724
SSP2,16_APC,2028,0.04059521940173072,4.059521940173072
SSP2,16_APC,2029,0.03922678874755037,3.9226788747550367
SSP2,16_APC,2030,0.03727474448717216,3.7274744487172162
SSP2,16_APC,2031,0.03560951950111124,3.560951950111124
SSP2,16_APC,2032,0.03449165077259542,3.4491650772595417
SSP2,16_APC,2033,0.03326449566417322,3.326449566417322
SSP2,16_APC,2034,0.031944567667121726,3.1944567667121726
SSP2,16_APC,2035,0.03054542177372177,3.054542177372177
SSP2,16_APC,2036,0.029222915929804305,2.9222915929804305
SSP2,16_APC,2037,0.028100662437742452,2.810066243774245
SSP2,16_APC,2038,0.027084621394934727,2.7084621394934727
SSP2,16_APC,2039,0.026164537429048673,2.6164537429048673
SSP2,16_APC,2040,0.02533148462057322,2.533148462057322
SSP2,16_APC,2041,0.024530586192144987,2.4530586192144987
SSP2,16_APC,2042,0.023753606168330776,2.3753606168330776
SSP2,16_APC,2043,0.023040918689164247,2.3040918689164247
SSP2,16_APC,2044,0.022387243585018313,2.2387243585018313
SSP2,16_APC,2045,0.0217878844087962,2.17878844087962
SSP2,16_APC,2046,0.021218841839593106,2.1218841839593106
SSP2,16_APC,2047,0.020662856493728343,2.0662856493728343
SSP2,16_APC,2048,0.0201308030940619,2.01308030940619
SSP2,16_APC,2049,0.01962109910209331,1.962109910209331
SSP2,16_APC,2050,0.01913229755137369,1.913229755137369
SSP2,17_ANZ,2019,0.02211033789625838,2.211033789625838
SSP2,17_ANZ,2020,-0.0015750142974053638,-0.15750142974053638
SSP2,17_ANZ,2021,0.02355306527576473,2.355306527576473
SSP2,17_ANZ,2022,0.041465765430935386,4.146576543093539
SSP2,17_ANZ,2023,0.03277651318340835,3.277651318340835
SSP2,17_ANZ,2024,0.013617679934381455,1.3617679934381455
SSP2,17_ANZ,2025,0.028320103273891117,2.8320103273891117
SSP2,17_ANZ,2026,0.02687366434049876,2.687366434049876
SSP2,17_ANZ,2027,0.02652272797384181,2.652272797384181
SSP2,17_ANZ,2028,0.026172632932870865,2.6172632932870865
SSP2,17_ANZ,2029,0.02582387003601272,2.582387003601272
SSP2,17_ANZ,2030,0.025476868350226,2.5476868350226
SSP2,17_ANZ,2031,0.025151272733515473,2.5151272733515473
SSP2,17_ANZ,2032,0.024848254568533124,2.4848254568533124
SSP2,17_ANZ,2033,0.024549107178193363,2.4549107178193363
SSP2,17_ANZ,2034,0.024253897936638014,2.4253897936638014
SSP2,17_ANZ,2035,0.023962677593692527,2.3962677593692527
SSP2,17_ANZ,2036,0.02366312691551764,2.366312691551764
SSP2,17_ANZ,2037,0.023381746112741686,2.3381746112741686
SSP2,17_ANZ,2038,0.023141452137107166,2.3141452137107166
SSP2,17_ANZ,2039,0.02293890465105508,2.293890465105508
SSP2,17_ANZ,2040,0.022771022574545885,2.2771022574545885
SSP2,17_ANZ,2041,0.022683591954394844,2.2683591954394844
SSP2,17_ANZ,2042,0.02258157385393167,2.258157385393167
SSP2,17_ANZ,2043,0.0223766632552147,2.23766632552147
SSP2,17_ANZ,2044,0.022077889532062134,2.2077889532062134
SSP2,17_ANZ,2045,0.021693578775498823,2.1693578775498823
SSP2,17_ANZ,2046,0.02132754141760196,2.132754141760196
SSP2,17_ANZ,2047,0.021037771349828427,2.1037771349828427
SSP2,17_ANZ,2048,0.020755067149267337,2.0755067149267337
SSP2,17_ANZ,2049,0.02047916015395379,2.047916015395379
SSP2,17_ANZ,2050,0.020209795389980467,2.0209795389980467
SSP3,01_KOR,2019,0.023138021059548874,2.3138021059548874
SSP3,01_KOR,2020,-0.00700242317542199,-0.700242317542199
SSP3,01_KOR,2021,0.04612967954542846,4.612967954542846
SSP3,01_KOR,2022,0.027275645670897797,2.7275645670897797
SSP3,01_KOR,2023,0.01583014674036276,1.583014674036276
SSP3,01_KOR,2024,0.020036110183901057,2.0036110183901057
SSP3,01_KOR,2025,0.02301753176231891,2.301753176231891
SSP3,01_KOR,2026,0.021349250973908163,2.1349250973908163
SSP3,01_KOR,2027,0.020786390687493217,2.0786390687493217
SSP3,01_KOR,2028,0.019293361590423164,1.9293361590423164
SSP3,01_KOR,2029,0.016941224428240087,1.6941224428240087
SSP3,01_KOR,2030,0.01378332484922229,1.378332484922229
SSP3,01_KOR,2031,0.011793745101040587,1.1793745101040587
SSP3,01_KOR,2032,0.011008029377506778,1.1008029377506778
SSP3,01_KOR,2033,0.009522158845922446,0.9522158845922446
SSP3,01_KOR,2034,0.007361224074301731,0.7361224074301731
SSP3,01_KOR,2035,0.0045387051432790315,0.45387051432790315
SSP3,01_KOR,2036,0.002766301009302863,0.2766301009302863
SSP3,01_KOR,2037,0.0023909238155266355,0.23909238155266355
SSP3,01_KOR,2038,0.00187777598659844,0.187777598659844
SSP3,01_KOR,2039,0.0012274499436117914,0.12274499436117914
SSP3,01_KOR,2040,0.00043979076975153575,0.043979076975153575
SSP3,01_KOR,2041,-0.0009488725914326146,-0.09488725914326146
SSP3,01_KOR,2042,-0.002502964702279842,-0.2502964702279842
SSP3,01_KOR,2043,-0.0035454947745451326,-0.35454947745451326
SSP3,01_KOR,2044,-0.0040753547299704485,-0.40753547299704485
SSP3,01_KOR,2045,-0.004086561698515734,-0.4086561698515734
SSP3,01_KOR,2046,-0.00428847616661332,-0.428847616661332
SSP3,01_KOR,2047,-0.00498248220783204,-0.49824822078320397
SSP3,01_KOR,2048,-0.00560388542432011,-0.560388542432011
SSP3,01_KOR,2049,-0.006152351548707746,-0.6152351548707746
SSP3,01_KOR,2050,-0.0066270798392895625,-0.6627079839289562
SSP3,02_CHN,2019,0.05916806569153765,5.916806569153765
SSP3,02_CHN,2020,0.021785492056031863,2.1785492056031863
SSP3,02_CHN,2021,0.08534882478651684,8.534882478651685
SSP3,02_CHN,2022,0.030229175761009364,3.0229175761009364
SSP3,02_CHN,2023,0.05381413598670526,5.381413598670526
SSP3,02_CHN,2024,0.04940405880695353,4.940405880695353
SSP3,02_CHN,2025,0.044746430764256884,4.474643076425688
SSP3,02_CHN,2026,0.04156384009363312,4.156384009363312
SSP3,02_CHN,2027,0.03958381290090074,3.958381290090074
SSP3,02_CHN,2028,0.03714691096153078,3.7146910961530777
SSP3,02_CHN,2029,0.03432176761436789,3.4321767614367893
SSP3,02_CHN,2030,0.031159363826898545,3.1159363826898545
SSP3,02_CHN,2031,0.02894157911294215,2.894157911294215
SSP3,02_CHN,2032,0.027416369490662618,2.7416369490662618
SSP3,02_CHN,2033,0.02526095499395309,2.526095499395309
SSP3,02_CHN,2034,0.022536216339261728,2.2536216339261728
SSP3,02_CHN,2035,0.019285635194688178,1.9285635194688178
SSP3,02_CHN,2036,0.016511666039160655,1.6511666039160655
SSP3,02_CHN,2037,0.014756574531546551,1.4756574531546551
SSP3,02_CHN,2038,0.013292616585783179,1.329261658578318
SSP3,02_CHN,2039,0.012098324734756138,1.2098324734756138
SSP3,02_CHN,2040,0.011156496164969942,1.1156496164969942
SSP3,02_CHN,2041,0.010370554670858345,1.0370554670858345
SSP3,02_CHN,2042,0.009609325675628,0.9609325675628
SSP3,02_CHN,2043,0.0088906382007794,0.8890638200779399
SSP3,02_CHN,2044,0.008211728609053504,0.8211728609053504
SSP3,02_CHN,2045,0.0075701391821223485,0.7570139182122348
SSP3,02_CHN,2046,0.0070605116550663816,0.7060511655066382
SSP3,02_CHN,2047,0.006631096503014522,0.6631096503014522
SSP3,02_CHN,2048,0.006160270858691419,0.6160270858691419
SSP3,02_CHN,2049,0.005648597427251989,0.5648597427251989
SSP3,02_CHN,2050,0.005096424748041395,0.5096424748041395
SSP3,03_JPN,2019,-0.004021692008950528,-0.4021692008950528
SSP3,03_JPN,2020,-0.04168764571467465,-4.168764571467465
SSP3,03_JPN,2021,0.02696574041872002,2.696574041872002
SSP3,03_JPN,2022,0.009419987754831993,0.9419987754831993
SSP3,03_JPN,2023,0.014750348105339484,1.4750348105339484
SSP3,03_JPN,2024,0.001043090217733189,0.10430902177331891
SSP3,03_JPN,2025,0.013369349379976025,1.3369349379976025
SSP3,03_JPN,2026,0.009116347422243987,0.9116347422243987
SSP3,03_JPN,2027,0.008145232857382112,0.8145232857382112
SSP3,03_JPN,2028,0.007233569107944371,0.7233569107944371
SSP3,03_JPN,2029,0.0063773054304983035,0.6377305430498303
SSP3,03_JPN,2030,0.005572915734066042,0.5572915734066042
SSP3,03_JPN,2031,0.0054221683745616645,0.5422168374561664
SSP3,03_JPN,2032,0.005418238109647033,0.5418238109647033
SSP3,03_JPN,2033,0.004715003010658192,0.4715003010658192
SSP3,03_JPN,2034,0.003326073866566581,0.3326073866566581
SSP3,03_JPN,2035,0.0012591542231714659,0.12591542231714659
SSP3,03_JPN,2036,-0.00023860260442165604,-0.023860260442165604
SSP3,03_JPN,2037,-0.0006577739421830264,-0.06577739421830264
SSP3,03_JPN,2038,-0.000990232626194243,-0.09902326261942429
SSP3,03_JPN,2039,-0.0012361178788301563,-0.12361178788301563
SSP3,03_JPN,2040,-0.0013952952270035457,-0.13952952270035457
SSP3,03_JPN,2041,-0.0021857550961945638,-0.21857550961945638
SSP3,03_JPN,2042,-0.0033602817079865233,-0.3360281707986523
SSP3,03_JPN,2043,-0.004077062209757676,-0.4077062209757676
SSP3,03_JPN,2044,-0.004331943162702245,-0.43319431627022453
SSP3,03_JPN,2045,-0.004117823396922682,-0.4117823396922682
SSP3,03_JPN,2046,-0.003907770826150347,-0.39077708261503474
SSP3,03_JPN,2047,-0.00401738203559876,-0.401738203559876
SSP3,03_JPN,2048,-0.0041252877409170274,-0.41252877409170274
SSP3,03_JPN,2049,-0.004231485413328517,-0.42314854133285174
SSP3,03_JPN,2050,-0.004335970256778898,-0.4335970256778898
SSP3,04_RUS,2019,0.021980757133501116,2.1980757133501116
SSP3,04_RUS,2020,-0.026536545010277024,-2.6536545010277024
SSP3,04_RUS,2021,0.0586649177292593,5.86649177292593
SSP3,04_RUS,2022,-0.014358821385983433,-1.4358821385983433
SSP3,04_RUS,2023,0.04082524812592703,4.082524812592703
SSP3,04_RUS,2024,0.04344374754915359,4.344374754915359
SSP3,04_RUS,2025,0.014387403570629731,1.438740357062973
SSP3,04_RUS,2026,0.014043206466898717,1.4043206466898717
SSP3,04_RUS,2027,0.014125258088458548,1.4125258088458548
SSP3,04_RUS,2028,0.014371623617690066,1.4371623617690066
SSP3,04_RUS,2029,0.014772852065558784,1.4772852065558784
SSP3,04_RUS,2030,0.015319400818097462,1.5319400818097462
SSP3,04_RUS,2031,0.016468923662187995,1.6468923662187995
SSP3,04_RUS,2032,0.01753562850287782,1.753562850287782
SSP3,04_RUS,2033,0.017750684271329975,1.7750684271329975
SSP3,04_RUS,2034,0.017169862562355753,1.7169862562355753
SSP3,04_RUS,2035,0.015847076391943604,1.5847076391943604
SSP3,04_RUS,2036,0.014726391832825314,1.4726391832825314
SSP3,04_RUS,2037,0.01418485868455166,1.418485868455166
SSP3,04_RUS,2038,0.013509545683952462,1.3509545683952462
SSP3,04_RUS,2039,0.012707271106589868,1.2707271106589868
SSP3,04_RUS,2040,0.011783693500427406,1.1783693500427406
SSP3,04_RUS,2041,0.010962349497863011,1.096234949786301
SSP3,04_RUS,2042,0.010337890412427608,1.0337890412427608
SSP3,04_RUS,2043,0.009736378491466358,0.9736378491466358
SSP3,04_RUS,2044,0.009156179355597871,0.9156179355597871
SSP3,04_RUS,2045,0.00859579576887115,0.8595795768871151
SSP3,04_RUS,2046,0.008123714104434576,0.8123714104434576
SSP3,04_RUS,2047,0.007712355195038656,0.7712355195038656
SSP3,04_RUS,2048,0.007278687366364833,0.7278687366364833
SSP3,04_RUS,2049,0.0068229884325943235,0.6822988432594324
SSP3,04_RUS,2050,0.006345424150325574,0.6345424150325574
SSP3,05_MNG,2019,0.05602244220642638,5.602244220642638
SSP3,05_MNG,2020,-0.04557751975834423,-4.557751975834423
SSP3,05_MNG,2021,0.016367695773666924,1.6367695773666924
SSP3,05_MNG,2022,0.05032709636652699,5.032709636652699
SSP3,05_MNG,2023,0.0742211276150262,7.4221127615026194
SSP3,05_MNG,2024,0.05122045391226471,5.122045391226471
SSP3,05_MNG,2025,0.03990246635245387,3.990246635245387
SSP3,05_MNG,2026,0.03845983046921542,3.8459830469215417
SSP3,05_MNG,2027,0.03803249729525238,3.8032497295252377
SSP3,05_MNG,2028,0.03746057871134578,3.746057871134578
SSP3,05_MNG,2029,0.036765903313486836,3.6765903313486836
SSP3,05_MNG,2030,0.035967533053483436,3.5967533053483436
SSP3,05_MNG,2031,0.035744731221475146,3.5744731221475146
SSP3,05_MNG,2032,0.035606491886018166,3.5606491886018166
SSP3,05_MNG,2033,0.03472304429414952,3.472304429414952
SSP3,05_MNG,2034,0.0331943134328776,3.31943134328776
SSP3,05_MNG,2035,0.031105438893373805,3.1105438893373805
SSP3,05_MNG,2036,0.029230712403852666,2.9230712403852666
SSP3,05_MNG,2037,0.02793548583413008,2.793548583413008
SSP3,05_MNG,2038,0.026679842477190574,2.6679842477190574
SSP3,05_MNG,2039,0.02546007136315831,2.546007136315831
SSP3,05_MNG,2040,0.024272735272051316,2.4272735272051316
SSP3,05_MNG,2041,0.02295847251973937,2.295847251973937
SSP3,05_MNG,2042,0.02177228011596033,2.177228011596033
SSP3,05_MNG,2043,0.020971021785342048,2.0971021785342048
SSP3,05_MNG,2044,0.02052262160167806,2.052262160167806
SSP3,05_MNG,2045,0.02039907783732131,2.039907783732131
SSP3,05_MNG,2046,0.020275879334070268,2.027587933407027
SSP3,05_MNG,2047,0.01995649951056455,1.9956499510564552
SSP3,05_MNG,2048,0.0196474535125295,1.96474535125295
SSP3,05_MNG,2049,0.01934823049125378,1.9348230491253782
SSP3,05_MNG,2050,0.019058352938148726,1.9058352938148726
SSP3,06_PRK,2019,0.003533213425603643,0.3533213425603643
SSP3,06_PRK,2020,-0.045323507164476085,-4.532350716447608
SSP3,06_PRK,2021,-0.0005539478882047311,-0.055394788820473106
SSP3,06_PRK,2022,-0.0015213142773085053,-0.15213142773085053
SSP3,06_PRK,2023,0.03055937828880384,3.055937828880384
SSP3,06_PRK,2024,0.03703142621461142,3.703142621461142
SSP3,06_PRK,2025,0.047783495369858375,4.7783495369858375
SSP3,06_PRK,2026,0.05062837690041255,5.062837690041255
SSP3,06_PRK,2027,0.05403014849355525,5.403014849355525
SSP3,06_PRK,2028,0.054905631899349494,5.490563189934949
SSP3,06_PRK,2029,0.05370506879462145,5.370506879462145
SSP3,06_PRK,2030,0.0508339694106017,5.08339694106017
SSP3,06_PRK,2031,0.04876787344134281,4.876787344134281
SSP3,06_PRK,2032,0.047957803168442226,4.795780316844223
SSP3,06_PRK,2033,0.04651624623407291,4.651624623407291
SSP3,06_PRK,2034,0.04455887922403812,4.455887922403812
SSP3,06_PRK,2035,0.04218014981146201,4.218014981146201
SSP3,06_PRK,2036,0.04042777039827339,4.042777039827339
SSP3,06_PRK,2037,0.03917256209142428,3.917256209142428
SSP3,06_PRK,2038,0.03742683675216241,3.7426836752162407
SSP3,06_PRK,2039,0.03526503049764096,3.526503049764096
SSP3,06_PRK,2040,0.032746451899538176,3.2746451899538176
SSP3,06_PRK,2041,0.030259349612245634,3.0259349612245634
SSP3,06_PRK,2042,0.02835778283961088,2.835778283961088
SSP3,06_PRK,2043,0.026922473835229388,2.692247383522939
SSP3,06_PRK,2044,0.025903351772405436,2.5903351772405436
SSP3,06_PRK,2045,0.025258651154088207,2.5258651154088207
SSP3,06_PRK,2046,0.02465068384262814,2.465068384262814
SSP3,06_PRK,2047,0.02387551262619847,2.387551262619847
SSP3,06_PRK,2048,0.023138752982841515,2.3138752982841515
SSP3,06_PRK,2049,0.022437440883680937,2.2437440883680937
SSP3,06_PRK,2050,0.021768906310195124,2.1768906310195124
SSP3,07_NAM,2019,0.025249978477636992,2.524997847763699
SSP3,07_NAM,2020,-0.024121161369182076,-2.4121161369182076
SSP3,07_NAM,2021,0.06045768795521367,6.045768795521367
SSP3,07_NAM,2022,0.026529200047543666,2.6529200047543666
SSP3,07_NAM,2023,0.027523612452428736,2.7523612452428736
SSP3,07_NAM,2024,0.026883674931933665,2.6883674931933665
SSP3,07_NAM,2025,0.024393059314688825,2.4393059314688825
SSP3,07_NAM,2026,0.020971215781528052,2.097121578152805
SSP3,07_NAM,2027,0.019703491412744745,1.9703491412744745
SSP3,07_NAM,2028,0.018360361397687708,1.8360361397687708
SSP3,07_NAM,2029,0.016945226282295556,1.6945226282295556
SSP3,07_NAM,2030,0.015460084249770523,1.5460084249770523
SSP3,07_NAM,2031,0.014145949552944126,1.4145949552944126
SSP3,07_NAM,2032,0.01312069798105342,1.312069798105342
SSP3,07_NAM,2033,0.012197252514816848,1.2197252514816848
SSP3,07_NAM,2034,0.011368752956689043,1.1368752956689043
SSP3,07_NAM,2035,0.010629314333259865,1.0629314333259865
SSP3,07_NAM,2036,0.009905155235950813,0.9905155235950813
SSP3,07_NAM,2037,0.009237779836189342,0.9237779836189342
SSP3,07_NAM,2038,0.008712851619431472,0.8712851619431472
SSP3,07_NAM,2039,0.008324581466568892,0.8324581466568892
SSP3,07_NAM,2040,0.008067963864757832,0.8067963864757832
SSP3,07_NAM,2041,0.007755788739378211,0.7755788739378211
SSP3,07_NAM,2042,0.007389088960753298,0.7389088960753298
SSP3,07_NAM,2043,0.007149024756938349,0.7149024756938349
SSP3,07_NAM,2044,0.007031780864344306,0.7031780864344306
SSP3,07_NAM,2045,0.00703387070029704,0.703387070029704
SSP3,07_NAM,2046,0.007035923111589515,0.7035923111589515
SSP3,07_NAM,2047,0.006960775567575572,0.6960775567575572
SSP3,07_NAM,2048,0.006886700965353265,0.6886700965353265
SSP3,07_NAM,2049,0.006813672508961588,0.6813672508961588
SSP3,07_NAM,2050,0.006741664249824364,0.6741664249824364
SSP3,08_LAM,2019,0.007391817323493699,0.7391817323493699
SSP3,08_LAM,2020,-0.06650561216080941,-6.650561216080941
SSP3,08_LAM,2021,0.07482545861678758,7.482545861678758
SSP3,08_LAM,2022,0.041492185263314774,4.149218526331477
SSP3,08_LAM,2023,0.02288907970496723,2.288907970496723
SSP3,08_LAM,2024,0.022351595292703363,2.2351595292703363
SSP3,08_LAM,2025,0.03496482690266589,3.496482690266589
SSP3,08_LAM,2026,0.027215491805093528,2.721549180509353
SSP3,08_LAM,2027,0.02519991325855009,2.519991325855009
SSP3,08_LAM,2028,0.02416667629356528,2.416667629356528
SSP3,08_LAM,2029,0.024021240709103386,2.4021240709103386
SSP3,08_LAM,2030,0.02468201773919021,2.468201773919021
SSP3,08_LAM,2031,0.025571135681889734,2.5571135681889734
SSP3,08_LAM,2032,0.025917093272661784,2.5917093272661784
SSP3,08_LAM,2033,0.025882863220820118,2.588286322082012
SSP3,08_LAM,2034,0.025505023803022775,2.5505023803022775
SSP3,08_LAM,2035,0.024817571346870793,2.4817571346870793
SSP3,08_LAM,2036,0.024280757085060944,2.4280757085060944
SSP3,08_LAM,2037,0.023974590570990495,2.3974590570990495
SSP3,08_LAM,2038,0.023514240934844777,2.3514240934844777
SSP3,08_LAM,2039,0.022914271643617035,2.2914271643617035
SSP3,08_LAM,2040,0.022187697532871864,2.2187697532871864
SSP3,08_LAM,2041,0.0215031819985827,2.15031819985827
SSP3,08_LAM,2042,0.020952048195099993,2.0952048195099993
SSP3,08_LAM,2043,0.02041924626762781,2.041924626762781
SSP3,08_LAM,2044,0.019903643202560106,1.9903643202560106
SSP3,08_LAM,2045,0.019404192491057737,1.9404192491057737
SSP3,08_LAM,2046,0.018927898818461353,1.8927898818461353
SSP3,08_LAM,2047,0.01847664613084299,1.8476646130842989
SSP3,08_LAM,2048,0.018042802235920696,1.8042802235920696
SSP3,08_LAM,2049,0.017625325509061485,1.7625325509061485
SSP3,08_LAM,2050,0.017223255096926682,1.7223255096926682
SSP3,09_WEU,2019,0.01514792848188029,1.514792848188029
SSP3,09_WEU,2020,-0.05706494378063254,-5.706494378063254
SSP3,09_WEU,2021,0.07114154838286613,7.114154838286613
SSP3,09_WEU,2022,0.03981851711129969,3.981851711129969
SSP3,09_WEU,2023,0.009445413917018586,0.9445413917018586
SSP3,09_WEU,2024,0.012785651272023468,1.2785651272023468
SSP3,09_WEU,2025,0.02713059281341934,2.713059281341934
SSP3,09_WEU,2026,0.020553923420861153,2.0553923420861153
SSP3,09_WEU,2027,0.01854239170914007,1.8542391709140071
SSP3,09_WEU,2028,0.017014970078966574,1.7014970078966574
SSP3,09_WEU,2029,0.01593264822969198,1.5932648229691981
SSP3,09_WEU,2030,0.015264092180228284,1.5264092180228284
SSP3,09_WEU,2031,0.014678004772761932,1.4678004772761932
SSP3,09_WEU,2032,0.013934772136515061,1.3934772136515061
SSP3,09_WEU,2033,0.01322364527872999,1.322364527872999
SSP3,09_WEU,2034,0.012542165865732757,1.2542165865732757
SSP3,09_WEU,2035,0.011888105750465172,1.1888105750465172
SSP3,09_WEU,2036,0.011290958400485218,1.1290958400485218
SSP3,09_WEU,2037,0.010753386599628545,1.0753386599628545
SSP3,09_WEU,2038,0.010244360359243254,1.0244360359243254
SSP3,09_WEU,2039,0.00976224150431948,0.976224150431948
SSP3,09_WEU,2040,0.009305545736275622,0.9305545736275622
SSP3,09_WEU,2041,0.008870133701997407,0.8870133701997407
SSP3,09_WEU,2042,0.008468263868182335,0.8468263868182335
SSP3,09_WEU,2043,0.008107843737469311,0.8107843737469311
SSP3,09_WEU,2044,0.007787246967069006,0.7787246967069006
SSP3,09_WEU,2045,0.007505010902419729,0.7505010902419729
SSP3,09_WEU,2046,0.007252488344394958,0.7252488344394958
SSP3,09_WEU,2047,0.007001343439533736,0.7001343439533736
SSP3,09_WEU,2048,0.006745070555868704,0.6745070555868704
SSP3,09_WEU,2049,0.006483689822728511,0.6483689822728511
SSP3,09_WEU,2050,0.006217204275255073,0.6217204275255073
SSP3,10_EEU,2019,0.04052819413036968,4.052819413036968
SSP3,10_EEU,2020,-0.032681923513597666,-3.2681923513597666
SSP3,10_EEU,2021,0.06658380215592397,6.658380215592397
SSP3,10_EEU,2022,0.04084888287269184,4.084888287269184
SSP3,10_EEU,2023,0.00981350104964207,0.981350104964207
SSP3,10_EEU,2024,0.02190056772300486,2.190056772300486
SSP3,10_EEU,2025,0.03174291907319682,3.174291907319682
SSP3,10_EEU,2026,0.030175834435250515,3.0175834435250515
SSP3,10_EEU,2027,0.02979369879881255,2.979369879881255
SSP3,10_EEU,2028,0.02818701635004328,2.818701635004328
SSP3,10_EEU,2029,0.025491823147239412,2.549182314723941
SSP3,10_EEU,2030,0.02181506910776987,2.181506910776987
SSP3,10_EEU,2031,0.018906411760682973,1.8906411760682973
SSP3,10_EEU,2032,0.017300381485366056,1.7300381485366056
SSP3,10_EEU,2033,0.015579096564067196,1.5579096564067196
SSP3,10_EEU,2034,0.01374468759195513,1.374468759195513
SSP3,10_EEU,2035,0.011796875715762933,1.1796875715762933
SSP3,10_EEU,2036,0.01052157118342234,1.052157118342234
SSP3,10_EEU,2037,0.009752416379730677,0.9752416379730677
SSP3,10_EEU,2038,0.008629259230208852,0.8629259230208852
SSP3,10_EEU,2039,0.007162751151014168,0.7162751151014168
SSP3,10_EEU,2040,0.005359165572262903,0.5359165572262903
SSP3,10_EEU,2041,0.004060951731439388,0.40609517314393884
SSP3,10_EEU,2042,0.0034967533038945398,0.349675330389454
SSP3,10_EEU,2043,0.0029397853538903895,0.29397853538903895
SSP3,10_EEU,2044,0.0023890605252749886,0.23890605252749886
SSP3,10_EEU,2045,0.0018436267653325622,0.18436267653325622
SSP3,10_EEU,2046,0.0015401104631755924,0.15401104631755924
SSP3,10_EEU,2047,0.001407547988850233,0.1407547988850233
SSP3,10_EEU,2048,0.0011735922195197368,0.11735922195197368
SSP3,10_EEU,2049,0.0008386644286244582,0.08386644286244582
SSP3,10_EEU,2050,0.00040292776900785476,0.040292776900785476
SSP3,11_CAS,2019,0.04049283633972767,4.049283633972767
SSP3,11_CAS,2020,-0.022726531284744333,-2.2726531284744333
SSP3,11_CAS,2021,0.03826537693997101,3.8265376939971008
SSP3,11_CAS,2022,-0.06001897077380103,-6.001897077380103
SSP3,11_CAS,2023,0.051202914068402494,5.120291406840249
SSP3,11_CAS,2024,0.015328607604255362,1.5328607604255362
SSP3,11_CAS,2025,0.016794397849372977,1.6794397849372977
SSP3,11_CAS,2026,0.02628472314867869,2.628472314867869
SSP3,11_CAS,2027,0.036468190124140154,3.6468190124140154
SSP3,11_CAS,2028,0.04107732843980827,4.107732843980827
SSP3,11_CAS,2029,0.040714755392255775,4.0714755392255775
SSP3,11_CAS,2030,0.036101500793905394,3.6101500793905394
SSP3,11_CAS,2031,0.03246391549633176,3.2463915496331763
SSP3,11_CAS,2032,0.031776830548378765,3.1776830548378765
SSP3,11_CAS,2033,0.030371552626306864,3.0371552626306864
SSP3,11_CAS,2034,0.028334368086325945,2.8334368086325945
SSP3,11_CAS,2035,0.02573532262354772,2.573532262354772
SSP3,11_CAS,2036,0.02362294634052975,2.362294634052975
SSP3,11_CAS,2037,0.022232195501255436,2.2232195501255436
SSP3,11_CAS,2038,0.020685009884121586,2.0685009884121586
SSP3,11_CAS,2039,0.01899202528150079,1.899202528150079
SSP3,11_CAS,2040,0.017160646460288698,1.7160646460288698
SSP3,11_CAS,2041,0.015445368959891015,1.5445368959891015
SSP3,11_CAS,2042,0.014138301966645228,1.4138301966645228
SSP3,11_CAS,2043,0.013118993381345811,1.3118993381345811
SSP3,11_CAS,2044,0.012369499836037967,1.2369499836037967
SSP3,11_CAS,2045,0.011874941265037409,1.1874941265037409
SSP3,11_CAS,2046,0.011455900091030147,1.1455900091030147
SSP3,11_CAS,2047,0.010942565641649526,1.0942565641649526
SSP3,11_CAS,2048,0.010419663806773505,1.0419663806773505
SSP3,11_CAS,2049,0.009887157874497676,0.9887157874497676
SSP3,11_CAS,2050,0.009344938048612361,0.9344938048612361
SSP3,12_MEA,2019,0.016246725531155803,1.6246725531155803
SSP3,12_MEA,2020,-0.02902546315332266,-2.902546315332266
SSP3,12_MEA,2021,0.04495180100463747,4.495180100463747
SSP3,12_MEA,2022,0.0658347897882281,6.58347897882281
SSP3,12_MEA,2023,0.011478749417447531,1.1478749417447531
SSP3,12_MEA,2024,0.013676130394412844,1.3676130394412844
SSP3,12_MEA,2025,0.037739903869709934,3.7739903869709934
SSP3,12_MEA,2026,0.03737993842769782,3.7379938427697823
SSP3,12_MEA,2027,0.03912719788269903,3.9127197882699027
SSP3,12_MEA,2028,0.039496681520321264,3.9496681520321264
SSP3,12_MEA,2029,0.0386769569117702,3.86769569117702
SSP3,12_MEA,2030,0.03684127120933911,3.684127120933911
SSP3,12_MEA,2031,0.03539396968373154,3.539396968373154
SSP3,12_MEA,2032,0.034709518636652836,3.4709518636652836
SSP3,12_MEA,2033,0.03372157962338429,3.372157962338429
SSP3,12_MEA,2034,0.03247155184541972,3.247155184541972
SSP3,12_MEA,2035,0.03099451172955292,3.099451172955292
SSP3,12_MEA,2036,0.029744083598253868,2.9744083598253868
SSP3,12_MEA,2037,0.028775052742444185,2.8775052742444185
SSP3,12_MEA,2038,0.02769527164158614,2.769527164158614
SSP3,12_MEA,2039,0.02651778261289328,2.651778261289328
SSP3,12_MEA,2040,0.025253383443735622,2.525338344373562
SSP3,12_MEA,2041,0.024021577519403703,2.4021577519403703
SSP3,12_MEA,2042,0.02298334605801533,2.298334605801533
SSP3,12_MEA,2043,0.022095544825924573,2.2095544825924573
SSP3,12_MEA,2044,0.0213451089414034,2.13451089414034
SSP3,12_MEA,2045,0.020720675260257337,2.0720675260257337
SSP3,12_MEA,2046,0.020134175434745716,2.0134175434745716
SSP3,12_MEA,2047,0.019523582798181227,1.9523582798181227
SSP3,12_MEA,2048,0.01893693831696952,1.893693831696952
SSP3,12_MEA,2049,0.018372596331587943,1.8372596331587943
SSP3,12_MEA,2050,0.017829051323688283,1.7829051323688283
SSP3,13_AFR,2019,0.028352074103286773,2.8352074103286773
SSP3,13_AFR,2020,-0.03206409690665868,-3.206409690665868
SSP3,13_AFR,2021,0.0373352754681493,3.73352754681493
SSP3,13_AFR,2022,0.043173191817304835,4.3173191817304835
SSP3,13_AFR,2023,0.03675712824114408,3.6757128241144077
SSP3,13_AFR,2024,0.041348201663232276,4.134820166323228
SSP3,13_AFR,2025,0.04323793083253391,4.323793083253391
SSP3,13_AFR,2026,0.04272765729329153,4.272765729329153
SSP3,13_AFR,2027,0.04409915915221241,4.409915915221241
SSP3,13_AFR,2028,0.04508176806280284,4.508176806280284
SSP3,13_AFR,2029,0.04572054848348195,4.572054848348195
SSP3,13_AFR,2030,0.04605917752266997,4.605917752266997
SSP3,13_AFR,2031,0.04748076480241026,4.748076480241026
SSP3,13_AFR,2032,0.049085818162297734,4.908581816229773
SSP3,13_AFR,2033,0.049260053780560975,4.9260053780560975
SSP3,13_AFR,2034,0.04824390701994563,4.824390701994563
SSP3,13_AFR,2035,0.04625065104153925,4.625065104153925
SSP3,13_AFR,2036,0.04452070287184595,4.452070287184595
SSP3,13_AFR,2037,0.043584905860662326,4.358490586066233
SSP3,13_AFR,2038,0.04261617568487108,4.261617568487108
SSP3,13_AFR,2039,0.04162383563182681,4.162383563182681
SSP3,13_AFR,2040,0.04061561942702485,4.061561942702485
SSP3,13_AFR,2041,0.03962626662883362,3.9626266628833617
SSP3,13_AFR,2042,0.03875889892811246,3.875889892811246
SSP3,13_AFR,2043,0.03802189527604227,3.8021895276042272
SSP3,13_AFR,2044,0.037399266014753074,3.7399266014753074
SSP3,13_AFR,2045,0.03687703713304735,3.6877037133047352
SSP3,13_AFR,2046,0.03642199659719658,3.642199659719658
SSP3,13_AFR,2047,0.0359577570242926,3.5957757024292603
SSP3,13_AFR,2048,0.03547318202817018,3.547318202817018
SSP3,13_AFR,2049,0.03497222859187299,3.497222859187299
SSP3,13_AFR,2050,0.034458361686173555,3.4458361686173555
SSP3,14_CLV,2019,0.0704410774199975,7.04410774199975
SSP3,14_CLV,2020,-0.021157004139797486,-2.1157004139797486
SSP3,14_CLV,2021,0.028852992627524054,2.8852992627524054
SSP3,14_CLV,2022,0.0425048932585379,4.25048932585379
SSP3,14_CLV,2023,0.045561031490437554,4.556103149043755
SSP3,14_CLV,2024,0.053203915037688176,5.320391503768818
SSP3,14_CLV,2025,0.057485545240474334,5.748554524047433
SSP3,14_CLV,2026,0.06410923488262887,6.410923488262887
SSP3,14_CLV,2027,0.06963344266331806,6.963344266331806
SSP3,14_CLV,2028,0.07008359411185094,7.008359411185094
SSP3,14_CLV,2029,0.06660665894217943,6.660665894217943
SSP3,14_CLV,2030,0.06016829515590816,6.016829515590816
SSP3,14_CLV,2031,0.055447925543902876,5.544792554390288
SSP3,14_CLV,2032,0.053277665307421174,5.327766530742117
SSP3,14_CLV,2033,0.05014924809220256,5.014924809220256
SSP3,14_CLV,2034,0.04625737387075923,4.625737387075923
SSP3,14_CLV,2035,0.04174508812072664,4.174508812072664
SSP3,14_CLV,2036,0.03779833476100802,3.7798334761008023
SSP3,14_CLV,2037,0.03501832875528632,3.501832875528632
SSP3,14_CLV,2038,0.03256151621260428,3.256151621260428
SSP3,14_CLV,2039,0.030383978884937823,3.0383978884937823
SSP3,14_CLV,2040,0.028450020573678625,2.8450020573678625
SSP3,14_CLV,2041,0.026568810615222427,2.6568810615222427
SSP3,14_CLV,2042,0.02484983512138217,2.484983512138217
SSP3,14_CLV,2043,0.023485392098269164,2.3485392098269164
SSP3,14_CLV,2044,0.022440891504019955,2.2440891504019955
SSP3,14_CLV,2045,0.02168743806237483,2.168743806237483
SSP3,14_CLV,2046,0.020996774371118798,2.09967743711188
SSP3,14_CLV,2047,0.02020766726688783,2.020766726688783
SSP3,14_CLV,2048,0.019446858639614817,1.9446858639614817
SSP3,14_CLV,2049,0.018712104246377814,1.8712104246377814
SSP3,14_CLV,2050,0.018001354017518345,1.8001354017518345
SSP3,15_SAS,2019,0.039944988094471556,3.9944988094471556
SSP3,15_SAS,2020,-0.04593614761175868,-4.593614761175868
SSP3,15_SAS,2021,0.08993912737969567,8.993912737969566
SSP3,15_SAS,2022,0.06966610684427899,6.9666106844278985
SSP3,15_SAS,2023,0.07761110811087102,7.761110811087102
SSP3,15_SAS,2024,0.05896328996862765,5.896328996862765
SSP3,15_SAS,2025,0.062365622328629966,6.236562232862997
SSP3,15_SAS,2026,0.06020496984824919,6.020496984824919
SSP3,15_SAS,2027,0.06019586235708374,6.019586235708374
SSP3,15_SAS,2028,0.058509175623426835,5.8509175623426835
SSP3,15_SAS,2029,0.05550760115358688,5.550760115358688
SSP3,15_SAS,2030,0.05147970575968097,5.147970575968097
SSP3,15_SAS,2031,0.04805120624721071,4.805120624721071
SSP3,15_SAS,2032,0.045787940892421775,4.5787940892421775
SSP3,15_SAS,2033,0.04352832408757101,4.352832408757101
SSP3,15_SAS,2034,0.041279326121723914,4.127932612172391
SSP3,15_SAS,2035,0.039045177264673825,3.9045177264673825
SSP3,15_SAS,2036,0.03707854578235881,3.7078545782358807
SSP3,15_SAS,2037,0.03539651479911177,3.5396514799111767
SSP3,15_SAS,2038,0.03375487244632969,3.3754872446329687
SSP3,15_SAS,2039,0.03215068981563496,3.215068981563496
SSP3,15_SAS,2040,0.030580969809257397,3.0580969809257397
SSP3,15_SAS,2041,0.029014354343526394,2.9014354343526394
SSP3,15_SAS,2042,0.027626096360717334,2.7626096360717334
SSP3,15_SAS,2043,0.026509116297603663,2.6509116297603663
SSP3,15_SAS,2044,0.02563577576960574,2.563577576960574
SSP3,15_SAS,2045,0.02498245145981981,2.498245145981981
SSP3,15_SAS,2046,0.024363430458516078,2.4363430458516078
SSP3,15_SAS,2047,0.02366671446780555,2.366671446780555
SSP3,15_SAS,2048,0.02300412945807362,2.300412945807362
SSP3,15_SAS,2049,0.022373157958269996,2.2373157958269996
SSP3,15_SAS,2050,0.02177152330083887,2.177152330083887
SSP3,16_APC,2019,0.04194332669672707,4.194332669672707
SSP3,16_APC,2020,-0.051465835502136015,-5.1465835502136015
SSP3,16_APC,2021,0.03425715346926972,3.425715346926972
SSP3,16_APC,2022,0.0522325930275489,5.22325930275489
SSP3,16_APC,2023,0.042618272981487904,4.26182729814879
SSP3,16_APC,2024,0.04442999795923952,4.442999795923952
SSP3,16_APC,2025,0.04208575744631182,4.208575744631182
SSP3,16_APC,2026,0.041219076723589154,4.121907672358915
SSP3,16_APC,2027,0.04160706538986436,4.160706538986436
SSP3,16_APC,2028,0.040590645134242154,4.059064513424215
SSP3,16_APC,2029,0.03838467707022786,3.8384677070227857
SSP3,16_APC,2030,0.03516905744211751,3.5169057442117513
SSP3,16_APC,2031,0.03252811829414348,3.252811829414348
SSP3,16_APC,2032,0.030909504984629077,3.0909504984629077
SSP3,16_APC,2033,0.029085974506451562,2.908597450645156
SSP3,16_APC,2034,0.027080808037376114,2.7080808037376114
SSP3,16_APC,2035,0.024911450533368518,2.4911450533368518
SSP3,16_APC,2036,0.023032337837939343,2.3032337837939343
SSP3,16_APC,2037,0.021585136239937297,2.1585136239937297
SSP3,16_APC,2038,0.020191126434834006,2.0191126434834006
SSP3,16_APC,2039,0.018843811123291587,1.8843811123291587
SSP3,16_APC,2040,0.017537309589097605,1.7537309589097605
SSP3,16_APC,2041,0.016316082719589176,1.6316082719589176
SSP3,16_APC,2042,0.015265960724654803,1.5265960724654803
SSP3,16_APC,2043,0.014372332165005552,1.4372332165005552
SSP3,16_APC,2044,0.01362467717814142,1.362467717814142
SSP3,16_APC,2045,0.01301400402183961,1.301400402183961
SSP3,16_APC,2046,0.012481156857626852,1.2481156857626852
SSP3,16_APC,2047,0.011934967015355014,1.1934967015355014
SSP3,16_APC,2048,0.011382914140713796,1.1382914140713796
SSP3,16_APC,2049,0.01082482091860748,1.082482091860748
SSP3,16_APC,2050,0.010260452261700692,1.0260452261700692
SSP3,17_ANZ,2019,0.02211033789625838,2.211033789625838
SSP3,17_ANZ,2020,-0.0015750142974053638,-0.15750142974053638
SSP3,17_ANZ,2021,0.02355306527576473,2.355306527576473
SSP3,17_ANZ,2022,0.041465765430935386,4.146576543093539
SSP3,17_ANZ,2023,0.03277651318340835,3.277651318340835
SSP3,17_ANZ,2024,0.013617679934381455,1.3617679934381455
SSP3,17_ANZ,2025,0.028063848288520266,2.8063848288520266
SSP3,17_ANZ,2026,0.026798304539180196,2.6798304539180196
SSP3,17_ANZ,2027,0.026665315581027915,2.6665315581027915
SSP3,17_ANZ,2028,0.025965722318841866,2.5965722318841866
SSP3,17_ANZ,2029,0.024757135862165214,2.4757135862165214
SSP3,17_ANZ,2030,0.023089487939613518,2.3089487939613518
SSP3,17_ANZ,2031,0.02164221292891022,2.164221292891022
SSP3,17_ANZ,2032,0.020663288912109223,2.0663288912109223
SSP3,17_ANZ,2033,0.019632827394833408,1.9632827394833408
SSP3,17_ANZ,2034,0.01855421178307104,1.855421178307104
SSP3,17_ANZ,2035,0.017429980891190855,1.7429980891190855
SSP3,17_ANZ,2036,0.01640735427569906,1.640735427569906
SSP3,17_ANZ,2037,0.015554527116006467,1.5554527116006467
SSP3,17_ANZ,2038,0.014756469297291686,1.4756469297291686
SSP3,17_ANZ,2039,0.014009070447236205,1.4009070447236205
SSP3,17_ANZ,2040,0.013308683486069173,1.3308683486069173
SSP3,17_ANZ,2041,0.0126207800896736,1.26207800896736
SSP3,17_ANZ,2042,0.011986632838755673,1.1986632838755673
SSP3,17_ANZ,2043,0.011454554253757188,1.1454554253757188
SSP3,17_ANZ,2044,0.011019330918628167,1.1019330918628167
SSP3,17_ANZ,2045,0.01067636292934293,1.067636292934293
SSP3,17_ANZ,2046,0.010365067097872105,1.0365067097872105
SSP3,17_ANZ,2047,0.010026030336412584,1.0026030336412584
SSP3,17_ANZ,2048,0.00968687485816333,0.968687485816333
SSP3,17_ANZ,2049,0.00934745751664079,0.9347457516640789
SSP3,17_ANZ,2050,0.00900762800152699,0.900762800152699
SSP4,01_KOR,2019,0.023138021059548874,2.3138021059548874
SSP4,01_KOR,2020,-0.00700242317542199,-0.700242317542199
SSP4,01_KOR,2021,0.04612967954542846,4.612967954542846
SSP4,01_KOR,2022,0.027275645670897797,2.7275645670897797
SSP4,01_KOR,2023,0.01583014674036276,1.583014674036276
SSP4,01_KOR,2024,0.020036110183901057,2.0036110183901057
SSP4,01_KOR,2025,0.0233843828912077,2.33843828912077
SSP4,01_KOR,2026,0.0213486500743445,2.13486500743445
SSP4,01_KOR,2027,0.020322199500667937,2.0322199500667937
SSP4,01_KOR,2028,0.019289121299841616,1.9289121299841616
SSP4,01_KOR,2029,0.018249143035198756,1.8249143035198756
SSP4,01_KOR,2030,0.017201749447156356,1.7201749447156356
SSP4,01_KOR,2031,0.01627276810058431,1.6272768100584312
SSP4,01_KOR,2032,0.01547700273353203,1.547700273353203
SSP4,01_KOR,2033,0.014694358442449484,1.4694358442449484
SSP4,01_KOR,2034,0.013923294942105091,1.392329494210509
SSP4,01_KOR,2035,0.013162338912365401,1.31623389123654
SSP4,01_KOR,2036,0.012555809647537108,1.2555809647537108
SSP4,01_KOR,2037,0.01203072425297691,1.203072425297691
SSP4,01_KOR,2038,0.01140863330821884,1.140863330821884
SSP4,01_KOR,2039,0.010693489431720327,1.0693489431720327
SSP4,01_KOR,2040,0.009888505854282359,0.9888505854282359
SSP4,01_KOR,2041,0.009396982176328672,0.9396982176328672
SSP4,01_KOR,2042,0.009065706246200955,0.9065706246200955
SSP4,01_KOR,2043,0.008425402345912714,0.8425402345912714
SSP4,01_KOR,2044,0.0074862217962352595,0.748622179623526
SSP4,01_KOR,2045,0.006256001510523301,0.6256001510523301
SSP4,01_KOR,2046,0.005362276246268616,0.5362276246268616
SSP4,01_KOR,2047,0.004911176352774049,0.49111763527740493
SSP4,01_KOR,2048,0.00433419409100666,0.433419409100666
SSP4,01_KOR,2049,0.0036329217557855564,0.36329217557855564
SSP4,01_KOR,2050,0.0028081776413619863,0.28081776413619863
SSP4,02_CHN,2019,0.05916806569153765,5.916806569153765
SSP4,02_CHN,2020,0.021785492056031863,2.1785492056031863
SSP4,02_CHN,2021,0.08534882478651684,8.534882478651685
SSP4,02_CHN,2022,0.030229175761009364,3.0229175761009364
SSP4,02_CHN,2023,0.05381413598670526,5.381413598670526
SSP4,02_CHN,2024,0.04940405880695353,4.940405880695353
SSP4,02_CHN,2025,0.04503936081873405,4.503936081873405
SSP4,02_CHN,2026,0.04156965371835164,4.156965371835164
SSP4,02_CHN,2027,0.039259293400715656,3.9259293400715656
SSP4,02_CHN,2028,0.037198445028808536,3.7198445028808536
SSP4,02_CHN,2029,0.03535444168658275,3.535444168658275
SSP4,02_CHN,2030,0.03370023657394472,3.370023657394472
SSP4,02_CHN,2031,0.03250993645048239,3.250993645048239
SSP4,02_CHN,2032,0.03138400943409758,3.138400943409758
SSP4,02_CHN,2033,0.02987147970685844,2.987147970685844
SSP4,02_CHN,2034,0.028018627632096615,2.8018627632096615
SSP4,02_CHN,2035,0.02586251255262617,2.586251255262617
SSP4,02_CHN,2036,0.023689563902847377,2.3689563902847377
SSP4,02_CHN,2037,0.02202541686068038,2.202541686068038
SSP4,02_CHN,2038,0.020832782474340616,2.0832782474340616
SSP4,02_CHN,2039,0.020070604887516108,2.007060488751611
SSP4,02_CHN,2040,0.019704384433430366,1.9704384433430366
SSP4,02_CHN,2041,0.01948458348308746,1.9484583483087459
SSP4,02_CHN,2042,0.01904490884155785,1.904490884155785
SSP4,02_CHN,2043,0.01843869172046042,1.843869172046042
SSP4,02_CHN,2044,0.017678178935251365,1.7678178935251365
SSP4,02_CHN,2045,0.016774034712129904,1.6774034712129904
SSP4,02_CHN,2046,0.015952011632010432,1.5952011632010432
SSP4,02_CHN,2047,0.015309007610193381,1.5309007610193381
SSP4,02_CHN,2048,0.014674149294010785,1.4674149294010785
SSP4,02_CHN,2049,0.014046588917972391,1.4046588917972391
SSP4,02_CHN,2050,0.013425502182587534,1.3425502182587534
SSP4,03_JPN,2019,-0.004021692008950528,-0.4021692008950528
SSP4,03_JPN,2020,-0.04168764571467465,-4.168764571467465
SSP4,03_JPN,2021,0.02696574041872002,2.696574041872002
SSP4,03_JPN,2022,0.009419987754831993,0.9419987754831993
SSP4,03_JPN,2023,0.014750348105339484,1.4750348105339484
SSP4,03_JPN,2024,0.001043090217733189,0.10430902177331891
SSP4,03_JPN,2025,0.013914609357993601,1.3914609357993601
SSP4,03_JPN,2026,0.009464226675426346,0.9464226675426346
SSP4,03_JPN,2027,0.008051576922082804,0.8051576922082804
SSP4,03_JPN,2028,0.007480625867457791,0.7480625867457791
SSP4,03_JPN,2029,0.007722915164640742,0.7722915164640742
SSP4,03_JPN,2030,0.00875385609699375,0.8753856096993751
SSP4,03_JPN,2031,0.010142471707677903,1.0142471707677903
SSP4,03_JPN,2032,0.011084615053793323,1.1084615053793323
SSP4,03_JPN,2033,0.011600845902981272,1.1600845902981272
SSP4,03_JPN,2034,0.011707993365802194,1.1707993365802194
SSP4,03_JPN,2035,0.011424167899075188,1.1424167899075188
SSP4,03_JPN,2036,0.011177641311665987,1.1177641311665987
SSP4,03_JPN,2037,0.011192047693046936,1.1192047693046936
SSP4,03_JPN,2038,0.011165839454858162,1.1165839454858162
SSP4,03_JPN,2039,0.011100786467419521,1.1100786467419521
SSP4,03_JPN,2040,0.010998597099359353,1.0998597099359353
SSP4,03_JPN,2041,0.01106997139195065,1.106997139195065
SSP4,03_JPN,2042,0.011162896087502538,1.1162896087502538
SSP4,03_JPN,2043,0.011000398641799691,1.1000398641799691
SSP4,03_JPN,2044,0.01059357601840416,1.059357601840416
SSP4,03_JPN,2045,0.009952715783142052,0.9952715783142052
SSP4,03_JPN,2046,0.009370641091930754,0.9370641091930754
SSP4,03_JPN,2047,0.008993550169384967,0.8993550169384967
SSP4,03_JPN,2048,0.008608792030020851,0.8608792030020851
SSP4,03_JPN,2049,0.008216380079865804,0.8216380079865804
SSP4,03_JPN,2050,0.007816287395245647,0.7816287395245647
SSP4,04_RUS,2019,0.021980757133501116,2.1980757133501116
SSP4,04_RUS,2020,-0.026536545010277024,-2.6536545010277024
SSP4,04_RUS,2021,0.0586649177292593,5.86649177292593
SSP4,04_RUS,2022,-0.014358821385983433,-1.4358821385983433
SSP4,04_RUS,2023,0.04082524812592703,4.082524812592703
SSP4,04_RUS,2024,0.04344374754915359,4.344374754915359
SSP4,04_RUS,2025,0.014487518445121195,1.4487518445121195
SSP4,04_RUS,2026,0.014085790073813387,1.4085790073813387
SSP4,04_RUS,2027,0.014098431519730559,1.4098431519730559
SSP4,04_RUS,2028,0.014496553677734392,1.4496553677734392
SSP4,04_RUS,2029,0.01525821220330914,1.525821220330914
SSP4,04_RUS,2030,0.016360555805442267,1.6360555805442267
SSP4,04_RUS,2031,0.018236811864015934,1.8236811864015934
SSP4,04_RUS,2032,0.02000814187870681,2.000814187870681
SSP4,04_RUS,2033,0.020827250707316836,2.0827250707316836
SSP4,04_RUS,2034,0.020761213589577387,2.0761213589577387
SSP4,04_RUS,2035,0.01987940469532501,1.987940469532501
SSP4,04_RUS,2036,0.019114230894348383,1.9114230894348383
SSP4,04_RUS,2037,0.018906235256111126,1.8906235256111126
SSP4,04_RUS,2038,0.01859905205194945,1.859905205194945
SSP4,04_RUS,2039,0.018200094479295048,1.8200094479295048
SSP4,04_RUS,2040,0.017716127515349234,1.7716127515349234
SSP4,04_RUS,2041,0.017315628997023103,1.7315628997023103
SSP4,04_RUS,2042,0.016996113666230883,1.6996113666230883
SSP4,04_RUS,2043,0.01659688679308924,1.6596886793089238
SSP4,04_RUS,2044,0.016123290676912427,1.6123290676912427
SSP4,04_RUS,2045,0.015580120806920172,1.5580120806920172
SSP4,04_RUS,2046,0.015069071727518368,1.5069071727518368
SSP4,04_RUS,2047,0.014641889829887011,1.4641889829887011
SSP4,04_RUS,2048,0.014225525923176052,1.4225525923176052
SSP4,04_RUS,2049,0.013819333033265657,1.3819333033265657
SSP4,04_RUS,2050,0.013422705160133663,1.3422705160133663
SSP4,05_MNG,2019,0.05602244220642638,5.602244220642638
SSP4,05_MNG,2020,-0.04557751975834423,-4.557751975834423
SSP4,05_MNG,2021,0.016367695773666924,1.6367695773666924
SSP4,05_MNG,2022,0.05032709636652699,5.032709636652699
SSP4,05_MNG,2023,0.0742211276150262,7.4221127615026194
SSP4,05_MNG,2024,0.05122045391226471,5.122045391226471
SSP4,05_MNG,2025,0.03993664550087561,3.993664550087561
SSP4,05_MNG,2026,0.03835240672775142,3.835240672775142
SSP4,05_MNG,2027,0.03779392482902022,3.779392482902022
SSP4,05_MNG,2028,0.037340970289085895,3.7340970289085895
SSP4,05_MNG,2029,0.03698006852260671,3.6980068522606713
SSP4,05_MNG,2030,0.03669926720124517,3.6699267201245167
SSP4,05_MNG,2031,0.03689561627155458,3.6895616271554577
SSP4,05_MNG,2032,0.03703815201408567,3.703815201408567
SSP4,05_MNG,2033,0.036528666497904094,3.6528666497904094
SSP4,05_MNG,2034,0.03545676192455427,3.545676192455427
SSP4,05_MNG,2035,0.03390089495780302,3.390089495780302
SSP4,05_MNG,2036,0.032449259539149455,3.2449259539149455
SSP4,05_MNG,2037,0.031443436550563364,3.1443436550563364
SSP4,05_MNG,2038,0.03051196821454205,3.051196821454205
SSP4,05_MNG,2039,0.029647905030971256,2.9647905030971256
SSP4,05_MNG,2040,0.02884513195134919,2.884513195134919
SSP4,05_MNG,2041,0.027861816035148035,2.7861816035148035
SSP4,05_MNG,2042,0.026928853476978265,2.6928853476978265
SSP4,05_MNG,2043,0.02636830672445334,2.636830672445334
SSP4,05_MNG,2044,0.0261432192879536,2.61432192879536
SSP4,05_MNG,2045,0.026220545005467777,2.6220545005467777
SSP4,05_MNG,2046,0.026316703029636956,2.6316703029636956
SSP4,05_MNG,2047,0.026225876278396232,2.622587627839623
SSP4,05_MNG,2048,0.02610773910290498,2.610773910290498
SSP4,05_MNG,2049,0.0259649581322976,2.59649581322976
SSP4,05_MNG,2050,0.025800007480544673,2.5800007480544673
SSP4,06_PRK,2019,0.003533213425603643,0.3533213425603643
SSP4,06_PRK,2020,-0.045323507164476085,-4.532350716447608
SSP4,06_PRK,2021,-0.0005539478882047311,-0.055394788820473106
SSP4,06_PRK,2022,-0.0015213142773085053,-0.15213142773085053
SSP4,06_PRK,2023,0.03055937828880384,3.055937828880384
SSP4,06_PRK,2024,0.03703142621461142,3.703142621461142
SSP4,06_PRK,2025,0.046894270570152496,4.68942705701525
SSP4,06_PRK,2026,0.049524991553553166,4.952499155355317
SSP4,06_PRK,2027,0.05270394129366229,5.270394129366229
SSP4,06_PRK,2028,0.053637266086802526,5.363726608680253
SSP4,06_PRK,2029,0.05271398101242153,5.271398101242153
SSP4,06_PRK,2030,0.05028743316348172,5.028743316348172
SSP4,06_PRK,2031,0.0487326303653659,4.87326303653659
SSP4,06_PRK,2032,0.048268045141690585,4.8268045141690585
SSP4,06_PRK,2033,0.04698509572135001,4.698509572135001
SSP4,06_PRK,2034,0.04503139696295766,4.503139696295766
SSP4,06_PRK,2035,0.04252852724967604,4.252852724967604
SSP4,06_PRK,2036,0.04075180744006501,4.075180744006501
SSP4,06_PRK,2037,0.039552967575286146,3.9552967575286146
SSP4,06_PRK,2038,0.0377404524586038,3.77404524586038
SSP4,06_PRK,2039,0.035407220715992116,3.5407220715992116
SSP4,06_PRK,2040,0.03262702270737461,3.262702270737461
SSP4,06_PRK,2041,0.029916224410282855,2.9916224410282855
SSP4,06_PRK,2042,0.027900352479328205,2.7900352479328205
SSP4,06_PRK,2043,0.026373893334282084,2.6373893334282084
SSP4,06_PRK,2044,0.025284484292519283,2.5284484292519283
SSP4,06_PRK,2045,0.024588762894877325,2.4588762894877325
SSP4,06_PRK,2046,0.023939347560299584,2.3939347560299584
SSP4,06_PRK,2047,0.023120191373041443,2.3120191373041443
SSP4,06_PRK,2048,0.022339574295198394,2.2339574295198394
SSP4,06_PRK,2049,0.021594456020883834,2.1594456020883834
SSP4,06_PRK,2050,0.020882097184424797,2.0882097184424797
SSP4,07_NAM,2019,0.025249978477636992,2.524997847763699
SSP4,07_NAM,2020,-0.024121161369182076,-2.4121161369182076
SSP4,07_NAM,2021,0.06045768795521367,6.045768795521367
SSP4,07_NAM,2022,0.026529200047543666,2.6529200047543666
SSP4,07_NAM,2023,0.027523612452428736,2.7523612452428736
SSP4,07_NAM,2024,0.026883674931933665,2.6883674931933665
SSP4,07_NAM,2025,0.024855283137125372,2.4855283137125372
SSP4,07_NAM,2026,0.021264055955933614,2.1264055955933614
SSP4,07_NAM,2027,0.019680753957840524,1.9680753957840524
SSP4,07_NAM,2028,0.01873362677378987,1.8733626773789869
SSP4,07_NAM,2029,0.018373426650928337,1.8373426650928337
SSP4,07_NAM,2030,0.01855788408508352,1.855788408508352
SSP4,07_NAM,2031,0.01880933225986281,1.880933225986281
SSP4,07_NAM,2032,0.01870284868737948,1.870284868737948
SSP4,07_NAM,2033,0.0184809443190197,1.8480944319019699
SSP4,07_NAM,2034,0.018152062092533727,1.8152062092533727
SSP4,07_NAM,2035,0.017724000056789535,1.7724000056789535
SSP4,07_NAM,2036,0.01742213933502157,1.742213933502157
SSP4,07_NAM,2037,0.017201955494660748,1.7201955494660748
SSP4,07_NAM,2038,0.016829463167109537,1.6829463167109537
SSP4,07_NAM,2039,0.0163148861714848,1.63148861714848
SSP4,07_NAM,2040,0.01566744458696645,1.566744458696645
SSP4,07_NAM,2041,0.015159132268316,1.5159132268316
SSP4,07_NAM,2042,0.014780792349538663,1.4780792349538663
SSP4,07_NAM,2043,0.014268349222133603,1.4268349222133603
SSP4,07_NAM,2044,0.013629332843135611,1.362933284313561
SSP4,07_NAM,2045,0.012870303291502516,1.2870303291502516
SSP4,07_NAM,2046,0.012191659077144257,1.2191659077144257
SSP4,07_NAM,2047,0.01166678679436739,1.166678679436739
SSP4,07_NAM,2048,0.011136248444951535,1.1136248444951535
SSP4,07_NAM,2049,0.010599883780973762,1.0599883780973762
SSP4,07_NAM,2050,0.010057479486406118,1.0057479486406118
SSP4,08_LAM,2019,0.007391817323493699,0.7391817323493699
SSP4,08_LAM,2020,-0.06650561216080941,-6.650561216080941
SSP4,08_LAM,2021,0.07482545861678758,7.482545861678758
SSP4,08_LAM,2022,0.041492185263314774,4.149218526331477
SSP4,08_LAM,2023,0.02288907970496723,2.288907970496723
SSP4,08_LAM,2024,0.022351595292703363,2.2351595292703363
SSP4,08_LAM,2025,0.03517718279097726,3.5177182790977257
SSP4,08_LAM,2026,0.027277588988536827,2.7277588988536827
SSP4,08_LAM,2027,0.02507831603059829,2.507831603059829
SSP4,08_LAM,2028,0.02425138694852147,2.425138694852147
SSP4,08_LAM,2029,0.024665310641095006,2.4665310641095006
SSP4,08_LAM,2030,0.02620358842933701,2.620358842933701
SSP4,08_LAM,2031,0.027973913790592997,2.7973913790592997
SSP4,08_LAM,2032,0.029055618223021495,2.9055618223021495
SSP4,08_LAM,2033,0.02981599703955551,2.981599703955551
SSP4,08_LAM,2034,0.030283687061502418,3.028368706150242
SSP4,08_LAM,2035,0.03048730570652647,3.048730570652647
SSP4,08_LAM,2036,0.030901790198618384,3.0901790198618384
SSP4,08_LAM,2037,0.031519145559371964,3.1519145559371964
SSP4,08_LAM,2038,0.03189976483743617,3.1899764837436173
SSP4,08_LAM,2039,0.0320677661746418,3.20677661746418
SSP4,08_LAM,2040,0.032046212816326136,3.2046212816326136
SSP4,08_LAM,2041,0.03224870969960003,3.224870969960003
SSP4,08_LAM,2042,0.03259024414978051,3.259024414978051
SSP4,08_LAM,2043,0.032656010930480095,3.2656010930480095
SSP4,08_LAM,2044,0.03247770922720572,3.247770922720572
SSP4,08_LAM,2045,0.03208469064542241,3.208469064542241
SSP4,08_LAM,2046,0.03176520980181041,3.1765209801810412
SSP4,08_LAM,2047,0.031616535336892904,3.1616535336892904
SSP4,08_LAM,2048,0.03142370322010879,3.142370322010879
SSP4,08_LAM,2049,0.031191939227724896,3.1191939227724896
SSP4,08_LAM,2050,0.030926007771828523,3.0926007771828523
SSP4,09_WEU,2019,0.01514792848188029,1.514792848188029
SSP4,09_WEU,2020,-0.05706494378063254,-5.706494378063254
SSP4,09_WEU,2021,0.07114154838286613,7.114154838286613
SSP4,09_WEU,2022,0.03981851711129969,3.981851711129969
SSP4,09_WEU,2023,0.009445413917018586,0.9445413917018586
SSP4,09_WEU,2024,0.012785651272023468,1.2785651272023468
SSP4,09_WEU,2025,0.02746634922704172,2.746634922704172
SSP4,09_WEU,2026,0.020724119796323937,2.0724119796323937
SSP4,09_WEU,2027,0.018428329309208014,1.8428329309208014
SSP4,09_WEU,2028,0.017166797724937233,1.7166797724937233
SSP4,09_WEU,2029,0.016862272956714275,1.6862272956714275
SSP4,09_WEU,2030,0.017450823626800283,1.7450823626800283
SSP4,09_WEU,2031,0.018043697852878626,1.8043697852878626
SSP4,09_WEU,2032,0.018043374557215497,1.8043374557215497
SSP4,09_WEU,2033,0.017997676626257064,1.7997676626257064
SSP4,09_WEU,2034,0.01790971501137051,1.7909715011370508
SSP4,09_WEU,2035,0.017782443246832536,1.7782443246832536
SSP4,09_WEU,2036,0.017748883437761043,1.7748883437761043
SSP4,09_WEU,2037,0.01774286760732724,1.774286760732724
SSP4,09_WEU,2038,0.017607357490152742,1.7607357490152742
SSP4,09_WEU,2039,0.017351247920350366,1.7351247920350366
SSP4,09_WEU,2040,0.016982861098150837,1.6982861098150837
SSP4,09_WEU,2041,0.01676851578036853,1.6768515780368531
SSP4,09_WEU,2042,0.016637570417280312,1.6637570417280312
SSP4,09_WEU,2043,0.016304637114346043,1.6304637114346043
SSP4,09_WEU,2044,0.015782777731582875,1.5782777731582875
SSP4,09_WEU,2045,0.015083828349811812,1.5083828349811812
SSP4,09_WEU,2046,0.014434511924217075,1.4434511924217075
SSP4,09_WEU,2047,0.013953204598102342,1.3953204598102342
SSP4,09_WEU,2048,0.013479986235100938,1.3479986235100938
SSP4,09_WEU,2049,0.013014262833378698,1.3014262833378698
SSP4,09_WEU,2050,0.012555467601148562,1.2555467601148562
SSP4,10_EEU,2019,0.04052819413036968,4.052819413036968
SSP4,10_EEU,2020,-0.032681923513597666,-3.2681923513597666
SSP4,10_EEU,2021,0.06658380215592397,6.658380215592397
SSP4,10_EEU,2022,0.04084888287269184,4.084888287269184
SSP4,10_EEU,2023,0.00981350104964207,0.981350104964207
SSP4,10_EEU,2024,0.02190056772300486,2.190056772300486
SSP4,10_EEU,2025,0.032221583296981215,3.2221583296981215
SSP4,10_EEU,2026,0.03036271701633253,3.036271701633253
SSP4,10_EEU,2027,0.029595517187519516,2.9595517187519516
SSP4,10_EEU,2028,0.028549072981021828,2.854907298102183
SSP4,10_EEU,2029,0.027255633346541686,2.7255633346541686
SSP4,10_EEU,2030,0.02574227926353667,2.574227926353667
SSP4,10_EEU,2031,0.02444867654322702,2.444867654322702
SSP4,10_EEU,2032,0.023454221677851272,2.3454221677851272
SSP4,10_EEU,2033,0.02238233283726654,2.238233283726654
SSP4,10_EEU,2034,0.021239712705887648,2.123971270588765
SSP4,10_EEU,2035,0.020031703394553846,2.0031703394553846
SSP4,10_EEU,2036,0.019190524696759637,1.9190524696759637
SSP4,10_EEU,2037,0.018519931680747614,1.8519931680747614
SSP4,10_EEU,2038,0.01751256313764138,1.751256313764138
SSP4,10_EEU,2039,0.016191403542498373,1.6191403542498373
SSP4,10_EEU,2040,0.014574992715237434,1.4574992715237434
SSP4,10_EEU,2041,0.013253120585702272,1.3253120585702272
SSP4,10_EEU,2042,0.012369859831925512,1.2369859831925512
SSP4,10_EEU,2043,0.011420286320697581,1.1420286320697581
SSP4,10_EEU,2044,0.010405828094345315,1.0405828094345315
SSP4,10_EEU,2045,0.009327169666830004,0.9327169666830004
SSP4,10_EEU,2046,0.00849265645275632,0.849265645275632
SSP4,10_EEU,2047,0.007893114140258062,0.7893114140258062
SSP4,10_EEU,2048,0.007217099994472509,0.7217099994472509
SSP4,10_EEU,2049,0.006465922552085335,0.6465922552085335
SSP4,10_EEU,2050,0.00564032420082361,0.564032420082361
SSP4,11_CAS,2019,0.04049283633972767,4.049283633972767
SSP4,11_CAS,2020,-0.022726531284744333,-2.2726531284744333
SSP4,11_CAS,2021,0.03826537693997101,3.8265376939971008
SSP4,11_CAS,2022,-0.06001897077380103,-6.001897077380103
SSP4,11_CAS,2023,0.051202914068402494,5.120291406840249
SSP4,11_CAS,2024,0.015328607604255362,1.5328607604255362
SSP4,11_CAS,2025,0.016819460980871614,1.6819460980871614
SSP4,11_CAS,2026,0.026083999835462057,2.6083999835462057
SSP4,11_CAS,2027,0.036101226074223725,3.6101226074223725
SSP4,11_CAS,2028,0.04098150456423322,4.098150456423322
SSP4,11_CAS,2029,0.041258819525572754,4.125881952557275
SSP4,11_CAS,2030,0.037592635250965456,3.7592635250965456
SSP4,11_CAS,2031,0.0346953309862883,3.4695330986288297
SSP4,11_CAS,2032,0.034457350100372874,3.4457350100372874
SSP4,11_CAS,2033,0.033641602653148084,3.3641602653148084
SSP4,11_CAS,2034,0.032323614822103774,3.2323614822103774
SSP4,11_CAS,2035,0.030568202480489415,3.0568202480489415
SSP4,11_CAS,2036,0.02902207583213623,2.902207583213623
SSP4,11_CAS,2037,0.027924915955441776,2.7924915955441776
SSP4,11_CAS,2038,0.02679569880466648,2.679569880466648
SSP4,11_CAS,2039,0.02563855947632998,2.563855947632998
SSP4,11_CAS,2040,0.02445671893772494,2.445671893772494
SSP4,11_CAS,2041,0.023247561163616037,2.3247561163616037
SSP4,11_CAS,2042,0.022188921693162778,2.2188921693162778
SSP4,11_CAS,2043,0.021357934755007024,2.1357934755007024
SSP4,11_CAS,2044,0.020735371607539133,2.0735371607539133
SSP4,11_CAS,2045,0.020304490401140685,2.0304490401140685
SSP4,11_CAS,2046,0.019893240515471255,1.9893240515471255
SSP4,11_CAS,2047,0.019395538389254785,1.9395538389254785
SSP4,11_CAS,2048,0.018917973558871592,1.8917973558871592
SSP4,11_CAS,2049,0.01845928372152228,1.845928372152228
SSP4,11_CAS,2050,0.018018309029076196,1.8018309029076196
SSP4,12_MEA,2019,0.016246725531155803,1.6246725531155803
SSP4,12_MEA,2020,-0.02902546315332266,-2.902546315332266
SSP4,12_MEA,2021,0.04495180100463747,4.495180100463747
SSP4,12_MEA,2022,0.0658347897882281,6.58347897882281
SSP4,12_MEA,2023,0.011478749417447531,1.1478749417447531
SSP4,12_MEA,2024,0.013676130394412844,1.3676130394412844
SSP4,12_MEA,2025,0.03787278606817135,3.787278606817135
SSP4,12_MEA,2026,0.03736650052815782,3.736650052815782
SSP4,12_MEA,2027,0.03898147001185359,3.898147001185359
SSP4,12_MEA,2028,0.03961058349081048,3.961058349081048
SSP4,12_MEA,2029,0.03938403180899286,3.938403180899286
SSP4,12_MEA,2030,0.038424105498724215,3.8424105498724215
SSP4,12_MEA,2031,0.0378335931424687,3.78335931424687
SSP4,12_MEA,2032,0.0377587642358157,3.77587642358157
SSP4,12_MEA,2033,0.037298406405636975,3.7298406405636975
SSP4,12_MEA,2034,0.03650683068616445,3.650683068616445
SSP4,12_MEA,2035,0.035431827428136664,3.5431827428136664
SSP4,12_MEA,2036,0.03457776924004774,3.457776924004774
SSP4,12_MEA,2037,0.03397988612039615,3.397988612039615
SSP4,12_MEA,2038,0.03320382446044867,3.320382446044867
SSP4,12_MEA,2039,0.03227400773059452,3.2274007730594523
SSP4,12_MEA,2040,0.03121150132385897,3.121150132385897
SSP4,12_MEA,2041,0.030174010165991083,3.0174010165991083
SSP4,12_MEA,2042,0.029317477554959392,2.9317477554959392
SSP4,12_MEA,2043,0.02856746015637257,2.856746015637257
SSP4,12_MEA,2044,0.027913578481641332,2.7913578481641332
SSP4,12_MEA,2045,0.02734668336423063,2.734668336423063
SSP4,12_MEA,2046,0.026807811282694383,2.6807811282694383
SSP4,12_MEA,2047,0.026259172089617477,2.6259172089617477
SSP4,12_MEA,2048,0.02573342354444086,2.573342354444086
SSP4,12_MEA,2049,0.025229109603040145,2.5229109603040145
SSP4,12_MEA,2050,0.024744896041062114,2.4744896041062114
SSP4,13_AFR,2019,0.028352074103286773,2.8352074103286773
SSP4,13_AFR,2020,-0.03206409690665868,-3.206409690665868
SSP4,13_AFR,2021,0.0373352754681493,3.73352754681493
SSP4,13_AFR,2022,0.043173191817304835,4.3173191817304835
SSP4,13_AFR,2023,0.03675712824114408,3.6757128241144077
SSP4,13_AFR,2024,0.041348201663232276,4.134820166323228
SSP4,13_AFR,2025,0.043270350863147566,4.327035086314757
SSP4,13_AFR,2026,0.042679696219628305,4.2679696219628305
SSP4,13_AFR,2027,0.043981213915842865,4.3981213915842865
SSP4,13_AFR,2028,0.04505369401573245,4.505369401573245
SSP4,13_AFR,2029,0.04591561468083505,4.591561468083505
SSP4,13_AFR,2030,0.04658586878907589,4.658586878907589
SSP4,13_AFR,2031,0.04834904241619076,4.834904241619076
SSP4,13_AFR,2032,0.05025126878275521,5.025126878275521
SSP4,13_AFR,2033,0.05072901977597977,5.072901977597977
SSP4,13_AFR,2034,0.05002138020023983,5.002138020023983
SSP4,13_AFR,2035,0.048343308755250725,4.8343308755250725
SSP4,13_AFR,2036,0.0469387741902938,4.69387741902938
SSP4,13_AFR,2037,0.04629963820985217,4.629963820985217
SSP4,13_AFR,2038,0.0455834764281875,4.55834764281875
SSP4,13_AFR,2039,0.04480585284661176,4.480585284661176
SSP4,13_AFR,2040,0.043980037932243476,4.398003793224348
SSP4,13_AFR,2041,0.04318369595208038,4.318369595208038
SSP4,13_AFR,2042,0.04252321917665203,4.252321917665203
SSP4,13_AFR,2043,0.041970389765748184,4.197038976574818
SSP4,13_AFR,2044,0.04151028333703355,4.151028333703355
SSP4,13_AFR,2045,0.041129836304100165,4.1129836304100165
SSP4,13_AFR,2046,0.04086689975059499,4.086689975059499
SSP4,13_AFR,2047,0.040608717858854115,4.0608717858854115
SSP4,13_AFR,2048,0.04026311203195654,4.026311203195654
SSP4,13_AFR,2049,0.03984330495049537,3.9843304950495373
SSP4,13_AFR,2050,0.039361014820434415,3.9361014820434415
SSP4,14_CLV,2019,0.0704410774199975,7.04410774199975
SSP4,14_CLV,2020,-0.021157004139797486,-2.1157004139797486
SSP4,14_CLV,2021,0.028852992627524054,2.8852992627524054
SSP4,14_CLV,2022,0.0425048932585379,4.25048932585379
SSP4,14_CLV,2023,0.045561031490437554,4.556103149043755
SSP4,14_CLV,2024,0.053203915037688176,5.320391503768818
SSP4,14_CLV,2025,0.057536803554413485,5.7536803554413485
SSP4,14_CLV,2026,0.06389839601172698,6.389839601172698
SSP4,14_CLV,2027,0.06921628756261122,6.921628756261122
SSP4,14_CLV,2028,0.06992241330171933,6.992241330171933
SSP4,14_CLV,2029,0.06704523518992245,6.704523518992245
SSP4,14_CLV,2030,0.061461523950774755,6.1461523950774755
SSP4,14_CLV,2031,0.05732475870532605,5.732475870532605
SSP4,14_CLV,2032,0.05544090371990329,5.544090371990329
SSP4,14_CLV,2033,0.0527492209737328,5.27492209737328
SSP4,14_CLV,2034,0.04942347063753738,4.942347063753738
SSP4,14_CLV,2035,0.04559511981279929,4.559511981279929
SSP4,14_CLV,2036,0.042123993289227224,4.212399328922722
SSP4,14_CLV,2037,0.039559164608440334,3.9559164608440334
SSP4,14_CLV,2038,0.03734902737596757,3.734902737596757
SSP4,14_CLV,2039,0.03544498497983195,3.544498497983195
SSP4,14_CLV,2040,0.03380743420671117,3.3807434206711173
SSP4,14_CLV,2041,0.032140962333305545,3.2140962333305545
SSP4,14_CLV,2042,0.03054050625486271,3.054050625486271
SSP4,14_CLV,2043,0.02928967703262697,2.928967703262697
SSP4,14_CLV,2044,0.028349643189310436,2.8349643189310436
SSP4,14_CLV,2045,0.027687500438023704,2.7687500438023704
SSP4,14_CLV,2046,0.027057846570131883,2.7057846570131883
SSP4,14_CLV,2047,0.02631744007176473,2.631744007176473
SSP4,14_CLV,2048,0.025615689794331153,2.5615689794331153
SSP4,14_CLV,2049,0.024949642169601827,2.4949642169601827
SSP4,14_CLV,2050,0.02431663704165521,2.431663704165521
SSP4,15_SAS,2019,0.039944988094471556,3.9944988094471556
SSP4,15_SAS,2020,-0.04593614761175868,-4.593614761175868
SSP4,15_SAS,2021,0.08993912737969567,8.993912737969566
SSP4,15_SAS,2022,0.06966610684427899,6.9666106844278985
SSP4,15_SAS,2023,0.07761110811087102,7.761110811087102
SSP4,15_SAS,2024,0.05896328996862765,5.896328996862765
SSP4,15_SAS,2025,0.062445607763774946,6.244560776377495
SSP4,15_SAS,2026,0.060108280826131066,6.010828082613107
SSP4,15_SAS,2027,0.05994502601407148,5.994502601407148
SSP4,15_SAS,2028,0.05845084404546852,5.845084404546852
SSP4,15_SAS,2029,0.05591328625088354,5.591328625088354
SSP4,15_SAS,2030,0.05256353709458561,5.256353709458561
SSP4,15_SAS,2031,0.04961251360922603,4.961251360922603
SSP4,15_SAS,2032,0.04759021067956737,4.759021067956737
SSP4,15_SAS,2033,0.04568303748817826,4.568303748817826
SSP4,15_SAS,2034,0.04387991303441452,4.387991303441452
SSP4,15_SAS,2035,0.04217109684688691,4.217109684688691
SSP4,15_SAS,2036,0.040616914887562805,4.0616914887562805
SSP4,15_SAS,2037,0.03920949414742547,3.920949414742547
SSP4,15_SAS,2038,0.03787300958181228,3.787300958181228
SSP4,15_SAS,2039,0.03660138498631471,3.660138498631471
SSP4,15_SAS,2040,0.03538920884715435,3.538920884715435
SSP4,15_SAS,2041,0.034133088643861775,3.4133088643861775
SSP4,15_SAS,2042,0.03297850547901526,3.2978505479015263
SSP4,15_SAS,2043,0.032073575875879445,3.2073575875879445
SSP4,15_SAS,2044,0.03138973306603221,3.138973306603221
SSP4,15_SAS,2045,0.030902192785331684,3.0902192785331684
SSP4,15_SAS,2046,0.030444453151029505,3.0444453151029505
SSP4,15_SAS,2047,0.029906799911925797,2.9906799911925797
SSP4,15_SAS,2048,0.029383693144410472,2.938369314441047
SSP4,15_SAS,2049,0.028874605226490768,2.887460522649077
SSP4,15_SAS,2050,0.028379027651106226,2.8379027651106226
SSP4,16_APC,2019,0.04194332669672707,4.194332669672707
SSP4,16_APC,2020,-0.051465835502136015,-5.1465835502136015
SSP4,16_APC,2021,0.03425715346926972,3.425715346926972
SSP4,16_APC,2022,0.0522325930275489,5.22325930275489
SSP4,16_APC,2023,0.042618272981487904,4.26182729814879
SSP4,16_APC,2024,0.04442999795923952,4.442999795923952
SSP4,16_APC,2025,0.042201218776297234,4.220121877629723
SSP4,16_APC,2026,0.041141446538733195,4.1141446538733195
SSP4,16_APC,2027,0.04134288418849463,4.134288418849463
SSP4,16_APC,2028,0.04056357693549928,4.056357693549928
SSP4,16_APC,2029,0.038953009065215705,3.8953009065215705
SSP4,16_APC,2030,0.03663874591934402,3.663874591934402
SSP4,16_APC,2031,0.034717885062594434,3.4717885062594434
SSP4,16_APC,2032,0.03346695415886414,3.3466954158864137
SSP4,16_APC,2033,0.03203088660257314,3.203088660257314
SSP4,16_APC,2034,0.03043469021822398,3.043469021822398
SSP4,16_APC,2035,0.028698503380713003,2.8698503380713003
SSP4,16_APC,2036,0.02712692422611762,2.712692422611762
SSP4,16_APC,2037,0.025853063827499412,2.585306382749941
SSP4,16_APC,2038,0.024646025239384084,2.4646025239384084
SSP4,16_APC,2039,0.023499235788706718,2.349923578870672
SSP4,16_APC,2040,0.022406884523623383,2.2406884523623383
SSP4,16_APC,2041,0.02131235815188659,2.131235815188659
SSP4,16_APC,2042,0.020312758913169082,2.031275891316908
SSP4,16_APC,2043,0.01949697586865029,1.949697586865029
SSP4,16_APC,2044,0.018850484648274213,1.8850484648274213
SSP4,16_APC,2045,0.01836064174051244,1.836064174051244
SSP4,16_APC,2046,0.017900098497329653,1.7900098497329653
SSP4,16_APC,2047,0.017382428839165298,1.7382428839165298
SSP4,16_APC,2048,0.016882283247973362,1.6882283247973362
SSP4,16_APC,2049,0.016398544394776726,1.6398544394776726
SSP4,16_APC,2050,0.015930180623220824,1.5930180623220824
SSP4,17_ANZ,2019,0.02211033789625838,2.211033789625838
SSP4,17_ANZ,2020,-0.0015750142974053638,-0.15750142974053638
SSP4,17_ANZ,2021,0.02355306527576473,2.355306527576473
SSP4,17_ANZ,2022,0.041465765430935386,4.146576543093539
SSP4,17_ANZ,2023,0.03277651318340835,3.277651318340835
SSP4,17_ANZ,2024,0.013617679934381455,1.3617679934381455
SSP4,17_ANZ,2025,0.028496067990393836,2.8496067990393836
SSP4,17_ANZ,2026,0.026998444890381945,2.6998444890381945
SSP4,17_ANZ,2027,0.026568004865860084,2.6568004865860084
SSP4,17_ANZ,2028,0.026422435679998912,2.6422435679998912
SSP4,17_ANZ,2029,0.02653331931224545,2.653331931224545
SSP4,17_ANZ,2030,0.026874299833542725,2.6874299833542725
SSP4,17_ANZ,2031,0.02736015655338475,2.736015655338475
SSP4,17_ANZ,2032,0.027702001416500588,2.770200141650059
SSP4,17_ANZ,2033,0.027837318714831083,2.7837318714831083
SSP4,17_ANZ,2034,0.027786257189180708,2.7786257189180708
SSP4,17_ANZ,2035,0.02756784069562057,2.756784069562057
SSP4,17_ANZ,2036,0.027518628144848956,2.7518628144848956
SSP4,17_ANZ,2037,0.02758752364565642,2.758752364565642
SSP4,17_ANZ,2038,0.027443292620884296,2.7443292620884296
SSP4,17_ANZ,2039,0.027107924280942886,2.7107924280942886
SSP4,17_ANZ,2040,0.026601630569040413,2.6601630569040413
SSP4,17_ANZ,2041,0.02638494709430983,2.638494709430983
SSP4,17_ANZ,2042,0.02628997262473365,2.628997262473365
SSP4,17_ANZ,2043,0.025816863489909192,2.581686348990919
SSP4,17_ANZ,2044,0.025003690439690196,2.5003690439690196
SSP4,17_ANZ,2045,0.023884314747101953,2.3884314747101953
SSP4,17_ANZ,2046,0.022840072613007356,2.2840072613007356
SSP4,17_ANZ,2047,0.022083947685907157,2.2083947685907157
SSP4,17_ANZ,2048,0.021361705445421153,2.1361705445421153
SSP4,17_ANZ,2049,0.0206707715999217,2.06707715999217
SSP4,17_ANZ,2050,0.02000881657648912,2.000881657648912
SSP5,01_KOR,2019,0.023138021059548874,2.3138021059548874
SSP5,01_KOR,2020,-0.00700242317542199,-0.700242317542199
SSP5,01_KOR,2021,0.04612967954542846,4.612967954542846
SSP5,01_KOR,2022,0.027275645670897797,2.7275645670897797
SSP5,01_KOR,2023,0.01583014674036276,1.583014674036276
SSP5,01_KOR,2024,0.020036110183901057,2.0036110183901057
SSP5,01_KOR,2025,0.02367711907324943,2.367711907324943
SSP5,01_KOR,2026,0.02143390288804392,2.143390288804392
SSP5,01_KOR,2027,0.020123898402196083,2.0123898402196083
SSP5,01_KOR,2028,0.019423772732352074,1.9423772732352074
SSP5,01_KOR,2029,0.019286139625571463,1.9286139625571463
SSP5,01_KOR,2030,0.019669088487654696,1.9669088487654696
SSP5,01_KOR,2031,0.02000706660629903,2.000706660629903
SSP5,01_KOR,2032,0.02000602833193743,2.000602833193743
SSP5,01_KOR,2033,0.020051761670227375,2.0051761670227375
SSP5,01_KOR,2034,0.020140442562326166,2.0140442562326166
SSP5,01_KOR,2035,0.020268416330344152,2.0268416330344152
SSP5,01_KOR,2036,0.020616870201446647,2.0616870201446647
SSP5,01_KOR,2037,0.020934809421107925,2.0934809421107925
SSP5,01_KOR,2038,0.020932175675434816,2.0932175675434816
SSP5,01_KOR,2039,0.020634199387809415,2.0634199387809415
SSP5,01_KOR,2040,0.020064675133668386,2.0064675133668386
SSP5,01_KOR,2041,0.019811681130933678,1.9811681130933678
SSP5,01_KOR,2042,0.019745898186055877,1.9745898186055877
SSP5,01_KOR,2043,0.019256887445934012,1.9256887445934012
SSP5,01_KOR,2044,0.018376771927727464,1.8376771927727464
SSP5,01_KOR,2045,0.017133962224109567,1.7133962224109567
SSP5,01_KOR,2046,0.016021226506855335,1.6021226506855335
SSP5,01_KOR,2047,0.015268679018076492,1.5268679018076492
SSP5,01_KOR,2048,0.014516849695350276,1.4516849695350276
SSP5,01_KOR,2049,0.013765016325192558,1.3765016325192558
SSP5,01_KOR,2050,0.013012410995442147,1.3012410995442147
SSP5,02_CHN,2019,0.05916806569153765,5.916806569153765
SSP5,02_CHN,2020,0.021785492056031863,2.1785492056031863
SSP5,02_CHN,2021,0.08534882478651684,8.534882478651685
SSP5,02_CHN,2022,0.030229175761009364,3.0229175761009364
SSP5,02_CHN,2023,0.05381413598670526,5.381413598670526
SSP5,02_CHN,2024,0.04940405880695353,4.940405880695353
SSP5,02_CHN,2025,0.04546020927727956,4.546020927727956
SSP5,02_CHN,2026,0.04164186061132402,4.164186061132402
SSP5,02_CHN,2027,0.03891844804295741,3.891844804295741
SSP5,02_CHN,2028,0.03737049172585993,3.7370491725859933
SSP5,02_CHN,2029,0.036832956738257705,3.6832956738257705
SSP5,02_CHN,2030,0.037168167158377896,3.7168167158377896
SSP5,02_CHN,2031,0.037741580099365235,3.7741580099365235
SSP5,02_CHN,2032,0.037750480329895586,3.7750480329895586
SSP5,02_CHN,2033,0.03737817263862819,3.7378172638628193
SSP5,02_CHN,2034,0.03667785507907628,3.6677855079076283
SSP5,02_CHN,2035,0.03569663433345793,3.5696634333457933
SSP5,02_CHN,2036,0.03473052446422864,3.473052446422864
SSP5,02_CHN,2037,0.03403034586672393,3.4030345866723932
SSP5,02_CHN,2038,0.03344628169918229,3.344628169918229
SSP5,02_CHN,2039,0.032965268570416706,3.2965268570416706
SSP5,02_CHN,2040,0.03257572977739942,3.257572977739942
SSP5,02_CHN,2041,0.03259812954244157,3.2598129542441567
SSP5,02_CHN,2042,0.03256490652283106,3.256490652283106
SSP5,02_CHN,2043,0.0319698980541705,3.19698980541705
SSP5,02_CHN,2044,0.030882176231675995,3.0882176231675995
SSP5,02_CHN,2045,0.029362151677332582,2.936215167733258
SSP5,02_CHN,2046,0.027954372547171147,2.7954372547171147
SSP5,02_CHN,2047,0.02696011399940179,2.696011399940179
SSP5,02_CHN,2048,0.026021311366014377,2.6021311366014377
SSP5,02_CHN,2049,0.025133158648167342,2.513315864816734
SSP5,02_CHN,2050,0.024291383443184156,2.4291383443184156
SSP5,03_JPN,2019,-0.004021692008950528,-0.4021692008950528
SSP5,03_JPN,2020,-0.04168764571467465,-4.168764571467465
SSP5,03_JPN,2021,0.02696574041872002,2.696574041872002
SSP5,03_JPN,2022,0.009419987754831993,0.9419987754831993
SSP5,03_JPN,2023,0.014750348105339484,1.4750348105339484
SSP5,03_JPN,2024,0.001043090217733189,0.10430902177331891
SSP5,03_JPN,2025,0.014263110668554901,1.4263110668554901
SSP5,03_JPN,2026,0.00980414616001557,0.980414616001557
SSP5,03_JPN,2027,0.008235109980732735,0.8235109980732735
SSP5,03_JPN,2028,0.007847242240159868,0.7847242240159868
SSP5,03_JPN,2029,0.008600353902037838,0.8600353902037838
SSP5,03_JPN,2030,0.010456951584030927,1.0456951584030927
SSP5,03_JPN,2031,0.013319552206742635,1.3319552206742635
SSP5,03_JPN,2032,0.01592406433952953,1.5924064339529531
SSP5,03_JPN,2033,0.01771930162875801,1.771930162875801
SSP5,03_JPN,2034,0.01874088115611361,1.874088115611361
SSP5,03_JPN,2035,0.019035084015174508,1.9035084015174508
SSP5,03_JPN,2036,0.01980077688843429,1.980077688843429
SSP5,03_JPN,2037,0.021149350380054832,2.114935038005483
SSP5,03_JPN,2038,0.021998978163221272,2.199897816322127
SSP5,03_JPN,2039,0.022384716431207208,2.2384716431207208
SSP5,03_JPN,2040,0.022343181266826884,2.2343181266826884
SSP5,03_JPN,2041,0.022729491624950082,2.2729491624950082
SSP5,03_JPN,2042,0.023393180585469242,2.339318058546924
SSP5,03_JPN,2043,0.02346942199597679,2.346942199597679
SSP5,03_JPN,2044,0.023009235800346195,2.3009235800346195
SSP5,03_JPN,2045,0.02206066730910372,2.206066730910372
SSP5,03_JPN,2046,0.02116408523953761,2.116408523953761
SSP5,03_JPN,2047,0.02063872054562732,2.063872054562732
SSP5,03_JPN,2048,0.020135853104964685,2.0135853104964685
SSP5,03_JPN,2049,0.019654029981351018,1.9654029981351018
SSP5,03_JPN,2050,0.019191920322743528,1.9191920322743528
SSP5,04_RUS,2019,0.021980757133501116,2.1980757133501116
SSP5,04_RUS,2020,-0.026536545010277024,-2.6536545010277024
SSP5,04_RUS,2021,0.0586649177292593,5.86649177292593
SSP5,04_RUS,2022,-0.014358821385983433,-1.4358821385983433
SSP5,04_RUS,2023,0.04082524812592703,4.082524812592703
SSP5,04_RUS,2024,0.04344374754915359,4.344374754915359
SSP5,04_RUS,2025,0.014547337963564333,1.4547337963564333
SSP5,04_RUS,2026,0.014011049675916487,1.4011049675916487
SSP5,04_RUS,2027,0.013887048419918946,1.3887048419918946
SSP5,04_RUS,2028,0.014432181855379866,1.4432181855379866
SSP5,04_RUS,2029,0.015608952323568737,1.5608952323568737
SSP5,04_RUS,2030,0.01737702478616221,1.737702478616221
SSP5,04_RUS,2031,0.020132064309886122,2.013206430988612
SSP5,04_RUS,2032,0.0228695276680706,2.28695276680706
SSP5,04_RUS,2033,0.024692477647319855,2.4692477647319855
SSP5,04_RUS,2034,0.025662668801099242,2.566266880109924
SSP5,04_RUS,2035,0.025851658546087064,2.5851658546087064
SSP5,04_RUS,2036,0.026413249172464015,2.6413249172464015
SSP5,04_RUS,2037,0.027558738324011012,2.755873832401101
SSP5,04_RUS,2038,0.028319666380048236,2.8319666380048236
SSP5,04_RUS,2039,0.02872988707076707,2.872988707076707
SSP5,04_RUS,2040,0.028823338033836965,2.8823338033836965
SSP5,04_RUS,2041,0.029299546228281237,2.9299546228281237
SSP5,04_RUS,2042,0.029990437563051753,2.9990437563051753
SSP5,04_RUS,2043,0.030178469555175225,3.0178469555175225
SSP5,04_RUS,2044,0.029917623786971825,2.9917623786971825
SSP5,04_RUS,2045,0.029258527212592478,2.925852721259248
SSP5,04_RUS,2046,0.02865916627128784,2.865916627128784
SSP5,04_RUS,2047,0.02835510087953441,2.835510087953441
SSP5,04_RUS,2048,0.028042532650011553,2.8042532650011553
SSP5,04_RUS,2049,0.027722894171358092,2.7722894171358092
SSP5,04_RUS,2050,0.027397472330349837,2.7397472330349837
SSP5,05_MNG,2019,0.05602244220642638,5.602244220642638
SSP5,05_MNG,2020,-0.04557751975834423,-4.557751975834423
SSP5,05_MNG,2021,0.016367695773666924,1.6367695773666924
SSP5,05_MNG,2022,0.05032709636652699,5.032709636652699
SSP5,05_MNG,2023,0.0742211276150262,7.4221127615026194
SSP5,05_MNG,2024,0.05122045391226471,5.122045391226471
SSP5,05_MNG,2025,0.040293069743840615,4.0293069743840615
SSP5,05_MNG,2026,0.03822223119981638,3.822223119981638
SSP5,05_MNG,2027,0.03718060756294017,3.718060756294017
SSP5,05_MNG,2028,0.03738114379255575,3.738114379255575
SSP5,05_MNG,2029,0.03865066628514313,3.865066628514313
SSP5,05_MNG,2030,0.040827569719698475,4.0827569719698475
SSP5,05_MNG,2031,0.04386937468888652,4.386937468888652
SSP5,05_MNG,2032,0.0464713002164705,4.64713002164705
SSP5,05_MNG,2033,0.04800953572017885,4.800953572017885
SSP5,05_MNG,2034,0.04863048826482186,4.863048826482186
SSP5,05_MNG,2035,0.04847669104995278,4.847669104995278
SSP5,05_MNG,2036,0.049025236275638484,4.902523627563848
SSP5,05_MNG,2037,0.05013336726213313,5.013336726213313
SSP5,05_MNG,2038,0.050454894499134983,5.045489449913498
SSP5,05_MNG,2039,0.05011893820159008,5.011893820159008
SSP5,05_MNG,2040,0.04924144833073596,4.924144833073596
SSP5,05_MNG,2041,0.04897113987248458,4.897113987248458
SSP5,05_MNG,2042,0.049103924629563256,4.910392462956326
SSP5,05_MNG,2043,0.04856471342991542,4.856471342991542
SSP5,05_MNG,2044,0.047471739470732244,4.747173947073224
SSP5,05_MNG,2045,0.04592651780423096,4.592651780423096
SSP5,05_MNG,2046,0.04456064720667019,4.456064720667019
SSP5,05_MNG,2047,0.04363506329685474,4.363506329685474
SSP5,05_MNG,2048,0.04271725530483783,4.271725530483783
SSP5,05_MNG,2049,0.04180987744206344,4.180987744206344
SSP5,05_MNG,2050,0.040915024758709784,4.091502475870978
SSP5,06_PRK,2019,0.003533213425603643,0.3533213425603643
SSP5,06_PRK,2020,-0.045323507164476085,-4.532350716447608
SSP5,06_PRK,2021,-0.0005539478882047311,-0.055394788820473106
SSP5,06_PRK,2022,-0.0015213142773085053,-0.15213142773085053
SSP5,06_PRK,2023,0.03055937828880384,3.055937828880384
SSP5,06_PRK,2024,0.03703142621461142,3.703142621461142
SSP5,06_PRK,2025,0.05132087211569436,5.132087211569436
SSP5,06_PRK,2026,0.05292714025549783,5.292714025549783
SSP5,06_PRK,2027,0.05570177482032479,5.570177482032479
SSP5,06_PRK,2028,0.058415381550374734,5.841538155037473
SSP5,06_PRK,2029,0.06100839459518337,6.100839459518337
SSP5,06_PRK,2030,0.06343197231056275,6.3431972310562745
SSP5,06_PRK,2031,0.0673945628356496,6.73945628356496
SSP5,06_PRK,2032,0.07195278580328157,7.195278580328157
SSP5,06_PRK,2033,0.0750491081368736,7.50491081368736
SSP5,06_PRK,2034,0.07690742394628747,7.690742394628747
SSP5,06_PRK,2035,0.07775013824160415,7.775013824160415
SSP5,06_PRK,2036,0.08125088118728452,8.125088118728453
SSP5,06_PRK,2037,0.08559618682950121,8.55961868295012
SSP5,06_PRK,2038,0.08694133086426592,8.694133086426593
SSP5,06_PRK,2039,0.08602373634056804,8.602373634056804
SSP5,06_PRK,2040,0.08346980749002553,8.346980749002553
SSP5,06_PRK,2041,0.0832040591607448,8.320405916074481
SSP5,06_PRK,2042,0.08418161783998013,8.418161783998013
SSP5,06_PRK,2043,0.08289032720232914,8.289032720232914
SSP5,06_PRK,2044,0.07995620601424736,7.9956206014247355
SSP5,06_PRK,2045,0.07586806109923461,7.586806109923461
SSP5,06_PRK,2046,0.07260273854895716,7.260273854895716
SSP5,06_PRK,2047,0.07065308473526954,7.0653084735269545
SSP5,06_PRK,2048,0.06861701136205944,6.861701136205944
SSP5,06_PRK,2049,0.06653523571577513,6.653523571577513
SSP5,06_PRK,2050,0.06443846812337428,6.443846812337428
SSP5,07_NAM,2019,0.025249978477636992,2.524997847763699
SSP5,07_NAM,2020,-0.024121161369182076,-2.4121161369182076
SSP5,07_NAM,2021,0.06045768795521367,6.045768795521367
SSP5,07_NAM,2022,0.026529200047543666,2.6529200047543666
SSP5,07_NAM,2023,0.027523612452428736,2.7523612452428736
SSP5,07_NAM,2024,0.026883674931933665,2.6883674931933665
SSP5,07_NAM,2025,0.025089963324114173,2.5089963324114173
SSP5,07_NAM,2026,0.02135030310604291,2.135030310604291
SSP5,07_NAM,2027,0.019552082815452287,1.9552082815452287
SSP5,07_NAM,2028,0.01885202241952766,1.8852022419527659
SSP5,07_NAM,2029,0.01916646840958558,1.916646840958558
SSP5,07_NAM,2030,0.02042070509339955,2.042070509339955
SSP5,07_NAM,2031,0.021805244765648935,2.1805244765648935
SSP5,07_NAM,2032,0.02261432473547198,2.261432473547198
SSP5,07_NAM,2033,0.02325693245914051,2.325693245914051
SSP5,07_NAM,2034,0.023743914110564424,2.3743914110564424
SSP5,07_NAM,2035,0.024086420290894806,2.4086420290894806
SSP5,07_NAM,2036,0.0247216331258735,2.47216331258735
SSP5,07_NAM,2037,0.025471933535675673,2.5471933535675673
SSP5,07_NAM,2038,0.025844778813941094,2.5844778813941094
SSP5,07_NAM,2039,0.02587390658759392,2.587390658759392
SSP5,07_NAM,2040,0.025592030127941756,2.5592030127941756
SSP5,07_NAM,2041,0.02555085799089274,2.555085799089274
SSP5,07_NAM,2042,0.025715438357153397,2.5715438357153397
SSP5,07_NAM,2043,0.025563963803062695,2.5563963803062695
SSP5,07_NAM,2044,0.025127002894964168,2.5127002894964168
SSP5,07_NAM,2045,0.02443267782383951,2.443267782383951
SSP5,07_NAM,2046,0.023774952441370845,2.3774952441370845
SSP5,07_NAM,2047,0.02332468794156517,2.332468794156517
SSP5,07_NAM,2048,0.022891946008985364,2.2891946008985364
SSP5,07_NAM,2049,0.022475695600462364,2.2475695600462364
SSP5,07_NAM,2050,0.022074985354744614,2.2074985354744614
SSP5,08_LAM,2019,0.007391817323493699,0.7391817323493699
SSP5,08_LAM,2020,-0.06650561216080941,-6.650561216080941
SSP5,08_LAM,2021,0.07482545861678758,7.482545861678758
SSP5,08_LAM,2022,0.041492185263314774,4.149218526331477
SSP5,08_LAM,2023,0.02288907970496723,2.288907970496723
SSP5,08_LAM,2024,0.022351595292703363,2.2351595292703363
SSP5,08_LAM,2025,0.0354426535731025,3.54426535731025
SSP5,08_LAM,2026,0.027380093175997766,2.7380093175997766
SSP5,08_LAM,2027,0.024968608848634943,2.4968608848634943
SSP5,08_LAM,2028,0.02440738618000715,2.440738618000715
SSP5,08_LAM,2029,0.025519392700923182,2.5519392700923182
SSP5,08_LAM,2030,0.028142381737375377,2.8142381737375377
SSP5,08_LAM,2031,0.031428992508516274,3.1428992508516274
SSP5,08_LAM,2032,0.03397661129614282,3.3976611296142822
SSP5,08_LAM,2033,0.03584550421805188,3.5845504218051882
SSP5,08_LAM,2034,0.037096386775930856,3.7096386775930856
SSP5,08_LAM,2035,0.037794909472831595,3.7794909472831595
SSP5,08_LAM,2036,0.0392369171788034,3.92369171788034
SSP5,08_LAM,2037,0.041140524168541415,4.1140524168541415
SSP5,08_LAM,2038,0.04219855735021372,4.219855735021372
SSP5,08_LAM,2039,0.042520390604246616,4.252039060424662
SSP5,08_LAM,2040,0.0422114128301494,4.22114128301494
SSP5,08_LAM,2041,0.04256872103638987,4.256872103638987
SSP5,08_LAM,2042,0.04334725090156222,4.334725090156222
SSP5,08_LAM,2043,0.04330101474525572,4.330101474525572
SSP5,08_LAM,2044,0.04255560042203754,4.255560042203754
SSP5,08_LAM,2045,0.04122296489576338,4.122296489576338
SSP5,08_LAM,2046,0.04003824010107948,4.003824010107948
SSP5,08_LAM,2047,0.03933954476661361,3.933954476661361
SSP5,08_LAM,2048,0.038637920036385776,3.8637920036385776
SSP5,08_LAM,2049,0.03793618239313501,3.793618239313501
SSP5,08_LAM,2050,0.03723668845074646,3.723668845074646
SSP5,09_WEU,2019,0.01514792848188029,1.514792848188029
SSP5,09_WEU,2020,-0.05706494378063254,-5.706494378063254
SSP5,09_WEU,2021,0.07114154838286613,7.114154838286613
SSP5,09_WEU,2022,0.03981851711129969,3.981851711129969
SSP5,09_WEU,2023,0.009445413917018586,0.9445413917018586
SSP5,09_WEU,2024,0.012785651272023468,1.2785651272023468
SSP5,09_WEU,2025,0.027743542482562944,2.7743542482562944
SSP5,09_WEU,2026,0.020842154578613714,2.0842154578613714
SSP5,09_WEU,2027,0.018294200250945192,1.8294200250945192
SSP5,09_WEU,2028,0.017272562390998836,1.7272562390998836
SSP5,09_WEU,2029,0.01766578082329806,1.766578082329806
SSP5,09_WEU,2030,0.019377654445135617,1.9377654445135617
SSP5,09_WEU,2031,0.021249762361791324,2.1249762361791324
SSP5,09_WEU,2032,0.02233960039615801,2.233960039615801
SSP5,09_WEU,2033,0.023267683703753983,2.3267683703753983
SSP5,09_WEU,2034,0.02404223012788531,2.404223012788531
SSP5,09_WEU,2035,0.02467226357456731,2.467226357456731
SSP5,09_WEU,2036,0.025708827629321807,2.5708827629321807
SSP5,09_WEU,2037,0.026898546800519618,2.689854680051962
SSP5,09_WEU,2038,0.0276021167155569,2.76021167155569
SSP5,09_WEU,2039,0.027863275929104647,2.7863275929104647
SSP5,09_WEU,2040,0.027725568121102828,2.772556812110283
SSP5,09_WEU,2041,0.027947699154895478,2.794769915489548
SSP5,09_WEU,2042,0.028430753437682643,2.8430753437682643
SSP5,09_WEU,2043,0.028436580217632068,2.843658021763207
SSP5,09_WEU,2044,0.028014975231205108,2.801497523120511
SSP5,09_WEU,2045,0.027212083554956523,2.7212083554956523
SSP5,09_WEU,2046,0.026459357816826623,2.6459357816826623
SSP5,09_WEU,2047,0.026000070902168382,2.600007090216838
SSP5,09_WEU,2048,0.025555650976438304,2.5555650976438304
SSP5,09_WEU,2049,0.0251253435401817,2.51253435401817
SSP5,09_WEU,2050,0.024708445435462023,2.4708445435462023
SSP5,10_EEU,2019,0.04052819413036968,4.052819413036968
SSP5,10_EEU,2020,-0.032681923513597666,-3.2681923513597666
SSP5,10_EEU,2021,0.06658380215592397,6.658380215592397
SSP5,10_EEU,2022,0.04084888287269184,4.084888287269184
SSP5,10_EEU,2023,0.00981350104964207,0.981350104964207
SSP5,10_EEU,2024,0.02190056772300486,2.190056772300486
SSP5,10_EEU,2025,0.03259322921207208,3.2593229212072083
SSP5,10_EEU,2026,0.03055030251250357,3.055030251250357
SSP5,10_EEU,2027,0.0295317133788493,2.95317133788493
SSP5,10_EEU,2028,0.028915125841569633,2.8915125841569633
SSP5,10_EEU,2029,0.028657231146941964,2.8657231146941964
SSP5,10_EEU,2030,0.028719555689967757,2.8719555689967757
SSP5,10_EEU,2031,0.02891749617458217,2.891749617458217
SSP5,10_EEU,2032,0.028911867155734683,2.8911867155734683
SSP5,10_EEU,2033,0.028708098188399367,2.8708098188399367
SSP5,10_EEU,2034,0.028327728772808758,2.832772877280876
SSP5,10_EEU,2035,0.027790407707632525,2.7790407707632525
SSP5,10_EEU,2036,0.02765733415364857,2.765733415364857
SSP5,10_EEU,2037,0.027630937337820072,2.763093733782007
SSP5,10_EEU,2038,0.02706078728224237,2.706078728224237
SSP5,10_EEU,2039,0.02600403782966909,2.600403782966909
SSP5,10_EEU,2040,0.024510902793600353,2.4510902793600353
SSP5,10_EEU,2041,0.023237655394050316,2.3237655394050316
SSP5,10_EEU,2042,0.022378715678507133,2.2378715678507133
SSP5,10_EEU,2043,0.02141569063722959,2.141569063722959
SSP5,10_EEU,2044,0.020357328232636362,2.0357328232636362
SSP5,10_EEU,2045,0.0192108134396074,1.92108134396074
SSP5,10_EEU,2046,0.01818717638002032,1.818717638002032
SSP5,10_EEU,2047,0.017350074277452165,1.7350074277452165
SSP5,10_EEU,2048,0.01652384272142826,1.6523842721428261
SSP5,10_EEU,2049,0.01570712159390042,1.570712159390042
SSP5,10_EEU,2050,0.014898583067306514,1.4898583067306514
SSP5,11_CAS,2019,0.04049283633972767,4.049283633972767
SSP5,11_CAS,2020,-0.022726531284744333,-2.2726531284744333
SSP5,11_CAS,2021,0.03826537693997101,3.8265376939971008
SSP5,11_CAS,2022,-0.06001897077380103,-6.001897077380103
SSP5,11_CAS,2023,0.051202914068402494,5.120291406840249
SSP5,11_CAS,2024,0.015328607604255362,1.5328607604255362
SSP5,11_CAS,2025,0.016905609950066403,1.6905609950066403
SSP5,11_CAS,2026,0.02564791600923666,2.564791600923666
SSP5,11_CAS,2027,0.035331026513809594,3.5331026513809594
SSP5,11_CAS,2028,0.041000295413620824,4.100029541362082
SSP5,11_CAS,2029,0.04301444496526452,4.301444496526452
SSP5,11_CAS,2030,0.04186729898777308,4.186729898777308
SSP5,11_CAS,2031,0.04180761481872142,4.180761481872142
SSP5,11_CAS,2032,0.04395460155805764,4.395460155805764
SSP5,11_CAS,2033,0.0450993763424099,4.50993763424099
SSP5,11_CAS,2034,0.04537995647976589,4.537995647976589
SSP5,11_CAS,2035,0.04492845566675374,4.492845566675374
SSP5,11_CAS,2036,0.045273468226882274,4.527346822688227
SSP5,11_CAS,2037,0.04610093713502694,4.610093713502694
SSP5,11_CAS,2038,0.045944595242324304,4.59445952423243
SSP5,11_CAS,2039,0.0449638413694442,4.49638413694442
SSP5,11_CAS,2040,0.0432988924720461,4.32988924720461
SSP5,11_CAS,2041,0.042175267079647805,4.2175267079647805
SSP5,11_CAS,2042,0.04159085321485634,4.159085321485634
SSP5,11_CAS,2043,0.04048200526316381,4.048200526316381
SSP5,11_CAS,2044,0.03893217287512507,3.893217287512507
SSP5,11_CAS,2045,0.03701123675643925,3.7011236756439247
SSP5,11_CAS,2046,0.03524648246122308,3.5246482461223083
SSP5,11_CAS,2047,0.03392091875062819,3.3920918750628193
SSP5,11_CAS,2048,0.03268592500329226,3.268592500329226
SSP5,11_CAS,2049,0.031532454474593186,3.1532454474593186
SSP5,11_CAS,2050,0.030452625824035184,3.0452625824035184
SSP5,12_MEA,2019,0.016246725531155803,1.6246725531155803
SSP5,12_MEA,2020,-0.02902546315332266,-2.902546315332266
SSP5,12_MEA,2021,0.04495180100463747,4.495180100463747
SSP5,12_MEA,2022,0.0658347897882281,6.58347897882281
SSP5,12_MEA,2023,0.011478749417447531,1.1478749417447531
SSP5,12_MEA,2024,0.013676130394412844,1.3676130394412844
SSP5,12_MEA,2025,0.03798421015065023,3.7984210150650233
SSP5,12_MEA,2026,0.03703884659778289,3.7038846597782893
SSP5,12_MEA,2027,0.0382615163042308,3.8261516304230803
SSP5,12_MEA,2028,0.039311991875473185,3.9311991875473185
SSP5,12_MEA,2029,0.040200818273879335,4.0200818273879335
SSP5,12_MEA,2030,0.04093923056998339,4.093923056998339
SSP5,12_MEA,2031,0.041992634133789064,4.199263413378906
SSP5,12_MEA,2032,0.04324467735242754,4.324467735242754
SSP5,12_MEA,2033,0.04420275157488751,4.420275157488751
SSP5,12_MEA,2034,0.044897176388565274,4.489717638856527
SSP5,12_MEA,2035,0.04535771997842053,4.535771997842053
SSP5,12_MEA,2036,0.04650138612608301,4.650138612608301
SSP5,12_MEA,2037,0.0478423798484664,4.78423798484664
SSP5,12_MEA,2038,0.04834395039153283,4.834395039153283
SSP5,12_MEA,2039,0.04813701485465516,4.813701485465516
SSP5,12_MEA,2040,0.04734092025557124,4.734092025557124
SSP5,12_MEA,2041,0.047151370060609654,4.715137006060965
SSP5,12_MEA,2042,0.04738392249490464,4.738392249490464
SSP5,12_MEA,2043,0.04692744788014913,4.692744788014913
SSP5,12_MEA,2044,0.04589878509995082,4.589878509995082
SSP5,12_MEA,2045,0.0443989891816301,4.43989891816301
SSP5,12_MEA,2046,0.04306526434838798,4.306526434838798
SSP5,12_MEA,2047,0.04217404377259748,4.217404377259748
SSP5,12_MEA,2048,0.041294194679124985,4.1294194679124985
SSP5,12_MEA,2049,0.040427484453090745,4.0427484453090745
SSP5,12_MEA,2050,0.03957527588405396,3.957527588405396
SSP5,13_AFR,2019,0.028352074103286773,2.8352074103286773
SSP5,13_AFR,2020,-0.03206409690665868,-3.206409690665868
SSP5,13_AFR,2021,0.0373352754681493,3.73352754681493
SSP5,13_AFR,2022,0.043173191817304835,4.3173191817304835
SSP5,13_AFR,2023,0.03675712824114408,3.6757128241144077
SSP5,13_AFR,2024,0.041348201663232276,4.134820166323228
SSP5,13_AFR,2025,0.04339397051656291,4.339397051656291
SSP5,13_AFR,2026,0.04237617397097848,4.237617397097848
SSP5,13_AFR,2027,0.04330467954713879,4.330467954713879
SSP5,13_AFR,2028,0.04481463214885317,4.481463214885317
SSP5,13_AFR,2029,0.04679131859794072,4.679131859794072
SSP5,13_AFR,2030,0.04912494040052806,4.912494040052806
SSP5,13_AFR,2031,0.05271620367951546,5.271620367951546
SSP5,13_AFR,2032,0.056365879186436985,5.6365879186436985
SSP5,13_AFR,2033,0.05863936322118213,5.863936322118213
SSP5,13_AFR,2034,0.05974422798892909,5.974422798892909
SSP5,13_AFR,2035,0.05988390952980782,5.988390952980782
SSP5,13_AFR,2036,0.06090427065790771,6.090427065790771
SSP5,13_AFR,2037,0.06272474671578698,6.272474671578698
SSP5,13_AFR,2038,0.06371352324269064,6.371352324269064
SSP5,13_AFR,2039,0.06401383438353214,6.401383438353214
SSP5,13_AFR,2040,0.06375575954512636,6.375575954512636
SSP5,13_AFR,2041,0.06457238881800254,6.4572388818002535
SSP5,13_AFR,2042,0.06585070730217435,6.585070730217435
SSP5,13_AFR,2043,0.06594227227873817,6.594227227873817
SSP5,13_AFR,2044,0.0650956221249368,6.50956221249368
SSP5,13_AFR,2045,0.06352336326781827,6.352336326781827
SSP5,13_AFR,2046,0.0625130501888036,6.25130501888036
SSP5,13_AFR,2047,0.062176764504046966,6.217676450404697
SSP5,13_AFR,2048,0.06148517862911329,6.148517862911329
SSP5,13_AFR,2049,0.06051449605900672,6.051449605900672
SSP5,13_AFR,2050,0.05932849841844701,5.932849841844701
SSP5,14_CLV,2019,0.0704410774199975,7.04410774199975
SSP5,14_CLV,2020,-0.021157004139797486,-2.1157004139797486
SSP5,14_CLV,2021,0.028852992627524054,2.8852992627524054
SSP5,14_CLV,2022,0.0425048932585379,4.25048932585379
SSP5,14_CLV,2023,0.045561031490437554,4.556103149043755
SSP5,14_CLV,2024,0.053203915037688176,5.320391503768818
SSP5,14_CLV,2025,0.05806303127560031,5.806303127560031
SSP5,14_CLV,2026,0.06369157248082513,6.369157248082513
SSP5,14_CLV,2027,0.06849670646834372,6.8496706468343715
SSP5,14_CLV,2028,0.0705224330438099,7.05224330438099
SSP5,14_CLV,2029,0.07032978276503843,7.032978276503843
SSP5,14_CLV,2030,0.06842938196881465,6.842938196881465
SSP5,14_CLV,2031,0.0683918205522267,6.83918205522267
SSP5,14_CLV,2032,0.06950438564666639,6.950438564666639
SSP5,14_CLV,2033,0.06857767696237138,6.857767696237138
SSP5,14_CLV,2034,0.06609189345192545,6.609189345192545
SSP5,14_CLV,2035,0.062436167129515274,6.243616712951527
SSP5,14_CLV,2036,0.05979575619461541,5.979575619461541
SSP5,14_CLV,2037,0.05826732213691144,5.826732213691144
SSP5,14_CLV,2038,0.056085525879096876,5.608552587909688
SSP5,14_CLV,2039,0.0533995373519347,5.33995373519347
SSP5,14_CLV,2040,0.05032542539830698,5.032542539830698
SSP5,14_CLV,2041,0.04784410521517768,4.784410521517768
SSP5,14_CLV,2042,0.04598354379004088,4.598354379004088
SSP5,14_CLV,2043,0.04388943935430367,4.388943935430367
SSP5,14_CLV,2044,0.04160838352643714,4.160838352643714
SSP5,14_CLV,2045,0.03917632029961027,3.9176320299610268
SSP5,14_CLV,2046,0.03698182205596101,3.698182205596101
SSP5,14_CLV,2047,0.035204573261756744,3.5204573261756744
SSP5,14_CLV,2048,0.03355525181206653,3.3555251812066533
SSP5,14_CLV,2049,0.03201939935150788,3.2019399351507882
SSP5,14_CLV,2050,0.030584621751927887,3.0584621751927887
SSP5,15_SAS,2019,0.039944988094471556,3.9944988094471556
SSP5,15_SAS,2020,-0.04593614761175868,-4.593614761175868
SSP5,15_SAS,2021,0.08993912737969567,8.993912737969566
SSP5,15_SAS,2022,0.06966610684427899,6.9666106844278985
SSP5,15_SAS,2023,0.07761110811087102,7.761110811087102
SSP5,15_SAS,2024,0.05896328996862765,5.896328996862765
SSP5,15_SAS,2025,0.06307626137217026,6.307626137217026
SSP5,15_SAS,2026,0.06010668425184518,6.010668425184518
SSP5,15_SAS,2027,0.059368270991796646,5.936827099179665
SSP5,15_SAS,2028,0.058915342700904594,5.891534270090459
SSP5,15_SAS,2029,0.05868615650104658,5.868615650104658
SSP5,15_SAS,2030,0.05862866037634418,5.862866037634418
SSP5,15_SAS,2031,0.058885529765464684,5.888552976546468
SSP5,15_SAS,2032,0.05916957868925454,5.916957868925454
SSP5,15_SAS,2033,0.05919497403465113,5.919497403465113
SSP5,15_SAS,2034,0.05900401793693,5.900401793693
SSP5,15_SAS,2035,0.05863418246221963,5.863418246221963
SSP5,15_SAS,2036,0.05904978916233383,5.904978916233383
SSP5,15_SAS,2037,0.05965463537168536,5.965463537168536
SSP5,15_SAS,2038,0.05936051702635048,5.936051702635048
SSP5,15_SAS,2039,0.0583475114221883,5.83475114221883
SSP5,15_SAS,2040,0.05676909807393549,5.676909807393549
SSP5,15_SAS,2041,0.05599554532060824,5.599554532060824
SSP5,15_SAS,2042,0.0556983704959404,5.56983704959404
SSP5,15_SAS,2043,0.054583879527434265,5.4583879527434265
SSP5,15_SAS,2044,0.05281806097614816,5.281806097614816
SSP5,15_SAS,2045,0.050537771516619756,5.053777151661976
SSP5,15_SAS,2046,0.04850342676684316,4.850342676684316
SSP5,15_SAS,2047,0.047054283417466314,4.705428341746631
SSP5,15_SAS,2048,0.04568096182357473,4.568096182357473
SSP5,15_SAS,2049,0.04437742413155399,4.437742413155399
SSP5,15_SAS,2050,0.043138263757995565,4.3138263757995565
SSP5,16_APC,2019,0.04194332669672707,4.194332669672707
SSP5,16_APC,2020,-0.051465835502136015,-5.1465835502136015
SSP5,16_APC,2021,0.03425715346926972,3.425715346926972
SSP5,16_APC,2022,0.0522325930275489,5.22325930275489
SSP5,16_APC,2023,0.042618272981487904,4.26182729814879
SSP5,16_APC,2024,0.04442999795923952,4.442999795923952
SSP5,16_APC,2025,0.04260939553485765,4.260939553485765
SSP5,16_APC,2026,0.04111544645229159,4.111544645229159
SSP5,16_APC,2027,0.040884329859317114,4.0884329859317114
SSP5,16_APC,2028,0.04079504920171528,4.079504920171528
SSP5,16_APC,2029,0.04082487767425391,4.082487767425391
SSP5,16_APC,2030,0.04095347487758749,4.095347487758749
SSP5,16_APC,2031,0.04140639349741315,4.140639349741315
SSP5,16_APC,2032,0.04181986804321247,4.181986804321247
SSP5,16_APC,2033,0.041820095405273205,4.1820095405273205
SSP5,16_APC,2034,0.041466692780443015,4.1466692780443015
SSP5,16_APC,2035,0.0408133923534284,4.08133923534284
SSP5,16_APC,2036,0.040555661847515134,4.055566184751513
SSP5,16_APC,2037,0.04052568307797033,4.052568307797033
SSP5,16_APC,2038,0.04003690089103373,4.003690089103373
SSP5,16_APC,2039,0.03915802036231719,3.915802036231719
SSP5,16_APC,2040,0.03794910087175518,3.794910087175518
SSP5,16_APC,2041,0.03713561667418186,3.713561667418186
SSP5,16_APC,2042,0.03660631704819606,3.6606317048196058
SSP5,16_APC,2043,0.035668381095120605,3.5668381095120605
SSP5,16_APC,2044,0.03437953765848034,3.437953765848034
SSP5,16_APC,2045,0.032788872631881016,3.2788872631881016
SSP5,16_APC,2046,0.031317720334953725,3.1317720334953725
SSP5,16_APC,2047,0.030195923240669886,3.0195923240669886
SSP5,16_APC,2048,0.0291436276627961,2.91436276627961
SSP5,16_APC,2049,0.028154426434127133,2.8154426434127133
SSP5,16_APC,2050,0.02722267450935245,2.722267450935245
SSP5,17_ANZ,2019,0.02211033789625838,2.211033789625838
SSP5,17_ANZ,2020,-0.0015750142974053638,-0.15750142974053638
SSP5,17_ANZ,2021,0.02355306527576473,2.355306527576473
SSP5,17_ANZ,2022,0.041465765430935386,4.146576543093539
SSP5,17_ANZ,2023,0.03277651318340835,3.277651318340835
SSP5,17_ANZ,2024,0.013617679934381455,1.3617679934381455
SSP5,17_ANZ,2025,0.028726350621214314,2.8726350621214314
SSP5,17_ANZ,2026,0.027078860784983227,2.7078860784983227
SSP5,17_ANZ,2027,0.026471607312660073,2.6471607312660073
SSP5,17_ANZ,2028,0.026649448202998416,2.6649448202998416
SSP5,17_ANZ,2029,0.0275328169820499,2.75328169820499
SSP5,17_ANZ,2030,0.02904519630019542,2.904519630019542
SSP5,17_ANZ,2031,0.030887880594231865,3.0887880594231865
SSP5,17_ANZ,2032,0.032437794210033566,3.2437794210033566
SSP5,17_ANZ,2033,0.03364447047521213,3.364447047521213
SSP5,17_ANZ,2034,0.034536546657435,3.4536546657434997
SSP5,17_ANZ,2035,0.03514378775688054,3.514378775688054
SSP5,17_ANZ,2036,0.03628806022005726,3.628806022005726
SSP5,17_ANZ,2037,0.0376778693775317,3.7677869377531703
SSP5,17_ANZ,2038,0.038426202958592226,3.8426202958592226
SSP5,17_ANZ,2039,0.03861141358583753,3.861141358583753
SSP5,17_ANZ,2040,0.03830846492160167,3.830846492160167
SSP5,17_ANZ,2041,0.03858017543341097,3.858017543341097
SSP5,17_ANZ,2042,0.039171309403785104,3.9171309403785104
SSP5,17_ANZ,2043,0.03902624264867538,3.902624264867538
SSP5,17_ANZ,2044,0.03824854924632959,3.824854924632959
SSP5,17_ANZ,2045,0.03693081977820034,3.693081977820034
SSP5,17_ANZ,2046,0.03572545737347954,3.572545737347954
SSP5,17_ANZ,2047,0.034969150063765664,3.4969150063765664
SSP5,17_ANZ,2048,0.03423877562340771,3.4238775623407713
SSP5,17_ANZ,2049,0.033533050314360935,3.3533050314360935
SSP5,17_ANZ,2050,0.03285076785439012,3.2850767854390117
