scenario,Region_Group,Year,Final_Growth_Rate,Final_Growth_Rate_Pct
SSP1,01_KOR,2019,0.003484807558033598,0.3484807558033598
SSP1,01_KOR,2020,0.001379643496117966,0.1379643496117966
SSP1,01_KOR,2021,-0.0012867445880863082,-0.12867445880863082
SSP1,01_KOR,2022,-0.001873109204236889,-0.1873109204236889
SSP1,01_KOR,2023,0.0007750727470121621,0.07750727470121621
SSP1,01_KOR,2024,0.0007434549002440782,0.07434549002440782
SSP1,01_KOR,2025,-0.0016426909621881647,-0.16426909621881647
SSP1,01_KOR,2026,-0.0015021024485205592,-0.15021024485205592
SSP1,01_KOR,2027,-0.0015595566401946925,-0.15595566401946925
SSP1,01_KOR,2028,-0.001640227992309673,-0.1640227992309673
SSP1,01_KOR,2029,-0.0017442789807330383,-0.17442789807330383
SSP1,01_KOR,2030,-0.0018718926540789438,-0.18718926540789438
SSP1,01_KOR,2031,-0.0020168314768954643,-0.20168314768954643
SSP1,01_KOR,2032,-0.00216865212931161,-0.216865212931161
SSP1,01_KOR,2033,-0.0023286217639835183,-0.23286217639835183
SSP1,01_KOR,2034,-0.002496882855633875,-0.2496882855633875
SSP1,01_KOR,2035,-0.0026735916744153876,-0.26735916744153876
SSP1,01_KOR,2036,-0.0029224133244646344,-0.29224133244646344
SSP1,01_KOR,2037,-0.0032041820048103187,-0.32041820048103187
SSP1,01_KOR,2038,-0.003435500717539397,-0.3435500717539397
SSP1,01_KOR,2039,-0.0036158795752344597,-0.36158795752344597
SSP1,01_KOR,2040,-0.0037447101491965284,-0.37447101491965284
SSP1,01_KOR,2041,-0.0039333151224454355,-0.39333151224454355
SSP1,01_KOR,2042,-0.004179020705812553,-0.4179020705812553
SSP1,01_KOR,2043,-0.00436810500310425,-0.436810500310425
SSP1,01_KOR,2044,-0.004499714355561735,-0.44997143555617347
SSP1,01_KOR,2045,-0.004572882204781359,-0.4572882204781359
SSP1,01_KOR,2046,-0.004654337853077339,-0.46543378530773394
SSP1,01_KOR,2047,-0.004782582284199588,-0.4782582284199588
SSP1,01_KOR,2048,-0.004909365758235307,-0.4909365758235307
SSP1,01_KOR,2049,-0.005034691856787288,-0.5034691856787288
SSP1,01_KOR,2050,-0.005158561689631247,-0.5158561689631247
SSP1,02_CHN,2019,0.003574141941435016,0.3574141941435016
SSP1,02_CHN,2020,0.00235159383881145,0.235159383881145
SSP1,02_CHN,2021,0.0008403467972573075,0.08403467972573075
SSP1,02_CHN,2022,-0.00017749315013781963,-0.017749315013781963
SSP1,02_CHN,2023,-0.0008981902417652954,-0.08981902417652954
SSP1,02_CHN,2024,-0.0012318031405127439,-0.12318031405127439
SSP1,02_CHN,2025,7.408830608279793e-05,0.007408830608279793
SSP1,02_CHN,2026,-0.0003691823635691982,-0.03691823635691982
SSP1,02_CHN,2027,-0.0009740856680829912,-0.09740856680829912
SSP1,02_CHN,2028,-0.0013793905805090656,-0.13793905805090656
SSP1,02_CHN,2029,-0.0015849304796710095,-0.15849304796710095
SSP1,02_CHN,2030,-0.0015898056377304792,-0.15898056377304792
SSP1,02_CHN,2031,-0.001702593818953102,-0.1702593818953102
SSP1,02_CHN,2032,-0.002006632250302176,-0.2006632250302176
SSP1,02_CHN,2033,-0.0022339037726533117,-0.22339037726533117
SSP1,02_CHN,2034,-0.002383962879656587,-0.2383962879656587
SSP1,02_CHN,2035,-0.0024561969186439603,-0.24561969186439603
SSP1,02_CHN,2036,-0.0025556430938170616,-0.25556430938170616
SSP1,02_CHN,2037,-0.00272775983213569,-0.272775983213569
SSP1,02_CHN,2038,-0.0028896948282729484,-0.28896948282729484
SSP1,02_CHN,2039,-0.0030414099568266684,-0.30414099568266684
SSP1,02_CHN,2040,-0.0031828498462086463,-0.31828498462086463
SSP1,02_CHN,2041,-0.003336851826280296,-0.3336851826280296
SSP1,02_CHN,2042,-0.0035194888266576463,-0.35194888266576463
SSP1,02_CHN,2043,-0.0037161170628379203,-0.37161170628379203
SSP1,02_CHN,2044,-0.0039270350129596565,-0.39270350129596565
SSP1,02_CHN,2045,-0.00415257139723868,-0.415257139723868
SSP1,02_CHN,2046,-0.0044248735540655115,-0.44248735540655115
SSP1,02_CHN,2047,-0.004724051482893898,-0.47240514828938984
SSP1,02_CHN,2048,-0.0050082568619892465,-0.5008256861989246
SSP1,02_CHN,2049,-0.005277414999743324,-0.5277414999743324
SSP1,02_CHN,2050,-0.005531404547867824,-0.5531404547867824
SSP1,03_JPN,2019,-0.0014036637200243174,-0.14036637200243174
SSP1,03_JPN,2020,-0.0029376228945061644,-0.29376228945061644
SSP1,03_JPN,2021,-0.004588962545837627,-0.4588962545837627
SSP1,03_JPN,2022,-0.004428683522494814,-0.4428683522494814
SSP1,03_JPN,2023,-0.004861850577265625,-0.4861850577265625
SSP1,03_JPN,2024,-0.004347041138675012,-0.4347041138675012
SSP1,03_JPN,2025,-0.00500439275143949,-0.500439275143949
SSP1,03_JPN,2026,-0.004617223604264198,-0.4617223604264198
SSP1,03_JPN,2027,-0.004480563957107053,-0.4480563957107053
SSP1,03_JPN,2028,-0.004426458595949367,-0.44264585959493674
SSP1,03_JPN,2029,-0.00445643122097894,-0.44564312209789403
SSP1,03_JPN,2030,-0.004571991322008917,-0.4571991322008917
SSP1,03_JPN,2031,-0.004687733094714597,-0.4687733094714597
SSP1,03_JPN,2032,-0.004748472458335429,-0.4748472458335429
SSP1,03_JPN,2033,-0.004813236821220812,-0.4813236821220812
SSP1,03_JPN,2034,-0.004882107665905355,-0.4882107665905355
SSP1,03_JPN,2035,-0.004955169980984331,-0.4955169980984331
SSP1,03_JPN,2036,-0.0050457445661302724,-0.5045744566130272
SSP1,03_JPN,2037,-0.005136518047103689,-0.5136518047103689
SSP1,03_JPN,2038,-0.005205254896364031,-0.5205254896364031
SSP1,03_JPN,2039,-0.005251502546924303,-0.5251502546924303
SSP1,03_JPN,2040,-0.0052747877971267565,-0.5274787797126756
SSP1,03_JPN,2041,-0.00531512593505179,-0.531512593505179
SSP1,03_JPN,2042,-0.005371889990959056,-0.5371889990959056
SSP1,03_JPN,2043,-0.005403995534560835,-0.5403995534560835
SSP1,03_JPN,2044,-0.005410905297943858,-0.5410905297943858
SSP1,03_JPN,2045,-0.005392067825945701,-0.5392067825945701
SSP1,03_JPN,2046,-0.005373382253876624,-0.5373382253876624
SSP1,03_JPN,2047,-0.005371998954447954,-0.5371998954447954
SSP1,03_JPN,2048,-0.005370168350854354,-0.5370168350854354
SSP1,03_JPN,2049,-0.005367881878415415,-0.5367881878415415
SSP1,03_JPN,2050,-0.005365130873464685,-0.5365130873464685
SSP1,04_RUS,2019,0.0003795441461940108,0.03795441461940108
SSP1,04_RUS,2020,-0.0014309954664415425,-0.14309954664415425
SSP1,04_RUS,2021,-0.0034313435378922064,-0.34313435378922064
SSP1,04_RUS,2022,-0.003522213505542826,-0.3522213505542826
SSP1,04_RUS,2023,-0.0028481124179200457,-0.28481124179200457
SSP1,04_RUS,2024,-0.002032168980699134,-0.2032168980699134
SSP1,04_RUS,2025,-0.0007903634839225848,-0.07903634839225848
SSP1,04_RUS,2026,-0.001357110171596565,-0.1357110171596565
SSP1,04_RUS,2027,-0.002177167369197708,-0.21771673691977078
SSP1,04_RUS,2028,-0.002631079994942609,-0.2631079994942609
SSP1,04_RUS,2029,-0.0027165536960797043,-0.27165536960797043
SSP1,04_RUS,2030,-0.00242987316668819,-0.242987316668819
SSP1,04_RUS,2031,-0.002174522677384605,-0.2174522677384605
SSP1,04_RUS,2032,-0.0021693045535561284,-0.21693045535561284
SSP1,04_RUS,2033,-0.0021168114566131324,-0.21168114566131324
SSP1,04_RUS,2034,-0.002016640508719858,-0.2016640508719858
SSP1,04_RUS,2035,-0.0018684163127038467,-0.18684163127038467
SSP1,04_RUS,2036,-0.001761911436961694,-0.1761911436961694
SSP1,04_RUS,2037,-0.0017019123436421424,-0.17019123436421424
SSP1,04_RUS,2038,-0.0016005742099558518,-0.16005742099558518
SSP1,04_RUS,2039,-0.0014576446170818658,-0.14576446170818658
SSP1,04_RUS,2040,-0.0012729156884283555,-0.12729156884283555
SSP1,04_RUS,2041,-0.0011066581759815453,-0.11066581759815453
SSP1,04_RUS,2042,-0.0009997641575112404,-0.09997641575112404
SSP1,04_RUS,2043,-0.0009123735846555681,-0.0912373584655568
SSP1,04_RUS,2044,-0.0008445902337906874,-0.08445902337906874
SSP1,04_RUS,2045,-0.0007965016990167939,-0.07965016990167939
SSP1,04_RUS,2046,-0.0007606799660178076,-0.07606799660178076
SSP1,04_RUS,2047,-0.0007203588969219021,-0.07203588969219021
SSP1,04_RUS,2048,-0.000674632953905574,-0.0674632953905574
SSP1,04_RUS,2049,-0.000623492742208076,-0.062349274220807605
SSP1,04_RUS,2050,-0.0005669313763153605,-0.05669313763153605
SSP1,05_MNG,2019,0.01854130165024559,1.854130165024559
SSP1,05_MNG,2020,0.018218163200540483,1.8218163200540483
SSP1,05_MNG,2021,0.016992345524951213,1.6992345524951213
SSP1,05_MNG,2022,0.014778613374959892,1.4778613374959892
SSP1,05_MNG,2023,0.013803284341192157,1.3803284341192157
SSP1,05_MNG,2024,0.012536967003672572,1.2536967003672572
SSP1,05_MNG,2025,0.012442415172092547,1.2442415172092547
SSP1,05_MNG,2026,0.011654559925722507,1.1654559925722507
SSP1,05_MNG,2027,0.010885033087500773,1.0885033087500773
SSP1,05_MNG,2028,0.010304009141778092,1.0304009141778092
SSP1,05_MNG,2029,0.009902761823330053,0.9902761823330053
SSP1,05_MNG,2030,0.009673735400628658,0.9673735400628658
SSP1,05_MNG,2031,0.009449781928752676,0.9449781928752676
SSP1,05_MNG,2032,0.009138707920135714,0.9138707920135714
SSP1,05_MNG,2033,0.008855505695927857,0.8855505695927857
SSP1,05_MNG,2034,0.008599067113588266,0.8599067113588266
SSP1,05_MNG,2035,0.008368376096417052,0.8368376096417052
SSP1,05_MNG,2036,0.008099001061128597,0.8099001061128597
SSP1,05_MNG,2037,0.00783044644523656,0.7830446445236561
SSP1,05_MNG,2038,0.007644088609844779,0.7644088609844779
SSP1,05_MNG,2039,0.007537342561051208,0.7537342561051208
SSP1,05_MNG,2040,0.007507805350218222,0.7507805350218222
SSP1,05_MNG,2041,0.007529573445235416,0.7529573445235416
SSP1,05_MNG,2042,0.007501196405172994,0.7501196405172994
SSP1,05_MNG,2043,0.0073978330526836,0.73978330526836
SSP1,05_MNG,2044,0.007221693428916209,0.7221693428916209
SSP1,05_MNG,2045,0.006974861366215279,0.6974861366215279
SSP1,05_MNG,2046,0.006742573220418047,0.6742573220418047
SSP1,05_MNG,2047,0.006570309313716827,0.6570309313716827
SSP1,05_MNG,2048,0.00639703250971424,0.639703250971424
SSP1,05_MNG,2049,0.0062227227247968475,0.6222722724796848
SSP1,05_MNG,2050,0.006047356766158307,0.6047356766158307
SSP1,06_PRK,2019,0.0041064515966069415,0.41064515966069415
SSP1,06_PRK,2020,0.0037898991736269316,0.37898991736269316
SSP1,06_PRK,2021,0.003681544664756009,0.3681544664756009
SSP1,06_PRK,2022,0.003671433343038766,0.3671433343038766
SSP1,06_PRK,2023,0.003393958223385729,0.3393958223385729
SSP1,06_PRK,2024,0.0030516457515430417,0.3051645751543042
SSP1,06_PRK,2025,0.0026765448065417807,0.2676544806541781
SSP1,06_PRK,2026,0.0016449460282899064,0.16449460282899064
SSP1,06_PRK,2027,0.0014475601154806395,0.14475601154806395
SSP1,06_PRK,2028,0.0011533977809867757,0.11533977809867757
SSP1,06_PRK,2029,0.000762781223514919,0.0762781223514919
SSP1,06_PRK,2030,0.00027572882379933716,0.027572882379933716
SSP1,06_PRK,2031,-0.00032087435593075586,-0.032087435593075586
SSP1,06_PRK,2032,-0.0008506378132872028,-0.08506378132872028
SSP1,06_PRK,2033,-0.0012128886541362682,-0.12128886541362682
SSP1,06_PRK,2034,-0.0014075377241720144,-0.14075377241720144
SSP1,06_PRK,2035,-0.001433942757928075,-0.1433942757928075
SSP1,06_PRK,2036,-0.0015925260436442379,-0.1592526043644238
SSP1,06_PRK,2037,-0.0019317970357645153,-0.19317970357645153
SSP1,06_PRK,2038,-0.002174706345846711,-0.21747063458467109
SSP1,06_PRK,2039,-0.002320711143220966,-0.2320711143220966
SSP1,06_PRK,2040,-0.00236904779767233,-0.236904779767233
SSP1,06_PRK,2041,-0.0024641569325724033,-0.24641569325724033
SSP1,06_PRK,2042,-0.002642402530482868,-0.2642402530482868
SSP1,06_PRK,2043,-0.002776608571125383,-0.2776608571125383
SSP1,06_PRK,2044,-0.0028663631945399226,-0.28663631945399226
SSP1,06_PRK,2045,-0.002911195509455511,-0.2911195509455511
SSP1,06_PRK,2046,-0.002962511266444534,-0.2962511266444534
SSP1,06_PRK,2047,-0.0030492629657992154,-0.30492629657992154
SSP1,06_PRK,2048,-0.0031341398044346658,-0.3134139804434666
SSP1,06_PRK,2049,-0.0032171359856925097,-0.32171359856925097
SSP1,06_PRK,2050,-0.0032982438916769885,-0.32982438916769885
SSP1,07_NAM,2019,0.006119103224941691,0.6119103224941691
SSP1,07_NAM,2020,0.004780946608776926,0.4780946608776926
SSP1,07_NAM,2021,0.0019829753854954113,0.19829753854954113
SSP1,07_NAM,2022,0.007046280097031454,0.7046280097031454
SSP1,07_NAM,2023,0.010539016692275638,1.0539016692275638
SSP1,07_NAM,2024,0.011948026867095507,1.1948026867095507
SSP1,07_NAM,2025,0.003820021598186063,0.3820021598186063
SSP1,07_NAM,2026,0.004246337650980037,0.42463376509800366
SSP1,07_NAM,2027,0.004443580764573296,0.4443580764573296
SSP1,07_NAM,2028,0.004529406230752375,0.4529406230752375
SSP1,07_NAM,2029,0.00450571881491002,0.450571881491002
SSP1,07_NAM,2030,0.004374471975286287,0.4374471975286287
SSP1,07_NAM,2031,0.004253928540650431,0.4253928540650431
SSP1,07_NAM,2032,0.004206939577994895,0.4206939577994895
SSP1,07_NAM,2033,0.004148257101177277,0.41482571011772773
SSP1,07_NAM,2034,0.004078071993811605,0.4078071993811605
SSP1,07_NAM,2035,0.003996566055442852,0.39965660554428517
SSP1,07_NAM,2036,0.003920040917131162,0.39200409171311623
SSP1,07_NAM,2037,0.0038542545252404636,0.38542545252404636
SSP1,07_NAM,2038,0.0037859394445916017,0.37859394445916017
SSP1,07_NAM,2039,0.0037151263828467673,0.37151263828467673
SSP1,07_NAM,2040,0.0036418438945871046,0.36418438945871046
SSP1,07_NAM,2041,0.0035720421978586714,0.35720421978586714
SSP1,07_NAM,2042,0.0035071628064662352,0.3507162806466235
SSP1,07_NAM,2043,0.003441993751392536,0.3441993751392536
SSP1,07_NAM,2044,0.0033765310565887496,0.33765310565887496
SSP1,07_NAM,2045,0.0033107704671695437,0.33107704671695437
SSP1,07_NAM,2046,0.0032484676599271456,0.32484676599271456
SSP1,07_NAM,2047,0.0031893713928399237,0.31893713928399237
SSP1,07_NAM,2048,0.0031295985411827765,0.31295985411827765
SSP1,07_NAM,2049,0.0030691505827555865,0.30691505827555865
SSP1,07_NAM,2050,0.0030080284879683283,0.30080284879683283
SSP1,08_LAM,2019,0.008183527633524701,0.8183527633524701
SSP1,08_LAM,2020,0.007153033357822691,0.7153033357822691
SSP1,08_LAM,2021,0.0058550337822129706,0.585503378221297
SSP1,08_LAM,2022,0.0060642303980167345,0.6064230398016734
SSP1,08_LAM,2023,0.006967054476407775,0.6967054476407775
SSP1,08_LAM,2024,0.006988649702892369,0.6988649702892369
SSP1,08_LAM,2025,0.006227382309430096,0.6227382309430096
SSP1,08_LAM,2026,0.006103568469990828,0.6103568469990828
SSP1,08_LAM,2027,0.005944332118885898,0.5944332118885898
SSP1,08_LAM,2028,0.005686001908651095,0.5686001908651095
SSP1,08_LAM,2029,0.005330769930525836,0.5330769930525836
SSP1,08_LAM,2030,0.004880526625655746,0.48805266256557456
SSP1,08_LAM,2031,0.004525828806768661,0.45258288067686614
SSP1,08_LAM,2032,0.004291042255570865,0.4291042255570865
SSP1,08_LAM,2033,0.003999678902787851,0.3999678902787851
SSP1,08_LAM,2034,0.0036524918030034215,0.36524918030034215
SSP1,08_LAM,2035,0.0032500555103949225,0.32500555103949225
SSP1,08_LAM,2036,0.0029333420185710946,0.29333420185710946
SSP1,08_LAM,2037,0.0027221508848778164,0.27221508848778164
SSP1,08_LAM,2038,0.0024858663936835335,0.24858663936835335
SSP1,08_LAM,2039,0.002224609069718664,0.22246090697186638
SSP1,08_LAM,2040,0.0019384374850577313,0.19384374850577313
SSP1,08_LAM,2041,0.0017942550837048987,0.17942550837048987
SSP1,08_LAM,2042,0.0017242456209214385,0.17242456209214385
SSP1,08_LAM,2043,0.0015282749711600374,0.15282749711600374
SSP1,08_LAM,2044,0.0012071055967080024,0.12071055967080024
SSP1,08_LAM,2045,0.0007612203282298946,0.07612203282298946
SSP1,08_LAM,2046,0.00047488369547021847,0.04748836954702185
SSP1,08_LAM,2047,0.0004140077725363067,0.04140077725363067
SSP1,08_LAM,2048,0.0003274687928693787,0.03274687928693787
SSP1,08_LAM,2049,0.00021528841236251317,0.021528841236251317
SSP1,08_LAM,2050,7.746475021064292e-05,0.007746475021064292
SSP1,09_WEU,2019,0.004762886155645241,0.47628861556452406
SSP1,09_WEU,2020,0.003202811102841041,0.3202811102841041
SSP1,09_WEU,2021,0.0028841608981153843,0.28841608981153843
SSP1,09_WEU,2022,0.005263638014970873,0.5263638014970873
SSP1,09_WEU,2023,0.005823495095734543,0.5823495095734543
SSP1,09_WEU,2024,0.004928165060704703,0.49281650607047034
SSP1,09_WEU,2025,0.0020271495228356695,0.20271495228356695
SSP1,09_WEU,2026,0.0019747384371968657,0.19747384371968657
SSP1,09_WEU,2027,0.0018658656269170404,0.18658656269170404
SSP1,09_WEU,2028,0.0017876642394010211,0.17876642394010211
SSP1,09_WEU,2029,0.001739886461407547,0.1739886461407547
SSP1,09_WEU,2030,0.0017223074368954983,0.17223074368954983
SSP1,09_WEU,2031,0.0017014597588702607,0.17014597588702607
SSP1,09_WEU,2032,0.0016623780941324995,0.16623780941324995
SSP1,09_WEU,2033,0.0016308460106315703,0.16308460106315703
SSP1,09_WEU,2034,0.001606810764269051,0.1606810764269051
SSP1,09_WEU,2035,0.0015902220628989383,0.15902220628989383
SSP1,09_WEU,2036,0.0015692747256803585,0.15692747256803585
SSP1,09_WEU,2037,0.0015440778242870046,0.15440778242870046
SSP1,09_WEU,2038,0.0015264178576424037,0.15264178576424037
SSP1,09_WEU,2039,0.0015162475796521857,0.15162475796521857
SSP1,09_WEU,2040,0.0015135211304453389,0.1513521130445339
SSP1,09_WEU,2041,0.00152178161416483,0.152178161416483
SSP1,09_WEU,2042,0.001525128449903379,0.1525128449903379
SSP1,09_WEU,2043,0.001512109145210161,0.1512109145210161
SSP1,09_WEU,2044,0.0014828227769370095,0.14828227769370095
SSP1,09_WEU,2045,0.001437365405630553,0.1437365405630553
SSP1,09_WEU,2046,0.0013944355120927288,0.13944355120927288
SSP1,09_WEU,2047,0.0013641828565365,0.13641828565365
SSP1,09_WEU,2048,0.001333054978094994,0.1333054978094994
SSP1,09_WEU,2049,0.0013010541078786186,0.13010541078786186
SSP1,09_WEU,2050,0.0012681821865399012,0.12681821865399012
SSP1,10_EEU,2019,-0.002926876355207386,-0.2926876355207386
SSP1,10_EEU,2020,-0.006714848426055187,-0.6714848426055187
SSP1,10_EEU,2021,-0.010088433095998828,-1.0088433095998828
SSP1,10_EEU,2022,-0.0034763772409029947,-0.34763772409029947
SSP1,10_EEU,2023,-0.0006524481852030473,-0.06524481852030473
SSP1,10_EEU,2024,-0.002642987921296136,-0.2642987921296136
SSP1,10_EEU,2025,-0.0020022542987921943,-0.20022542987921943
SSP1,10_EEU,2026,-0.002927033419230951,-0.2927033419230951
SSP1,10_EEU,2027,-0.0038884439429208717,-0.38884439429208717
SSP1,10_EEU,2028,-0.0044634833428229825,-0.44634833428229825
SSP1,10_EEU,2029,-0.004647410454018508,-0.4647410454018508
SSP1,10_EEU,2030,-0.004433474325462039,-0.4433474325462039
SSP1,10_EEU,2031,-0.0042345372578462825,-0.42345372578462825
SSP1,10_EEU,2032,-0.004302751606011901,-0.4302751606011901
SSP1,10_EEU,2033,-0.0043454513541910655,-0.43454513541910655
SSP1,10_EEU,2034,-0.004362195458447182,-0.4362195458447182
SSP1,10_EEU,2035,-0.00435252824307053,-0.43525282430705303
SSP1,10_EEU,2036,-0.004357022494654528,-0.4357022494654528
SSP1,10_EEU,2037,-0.00437941722507007,-0.437941722507007
SSP1,10_EEU,2038,-0.004380382224466128,-0.43803822244661283
SSP1,10_EEU,2039,-0.004359538701299903,-0.4359538701299903
SSP1,10_EEU,2040,-0.0043165044546147335,-0.43165044546147335
SSP1,10_EEU,2041,-0.004273472670928702,-0.4273472670928702
SSP1,10_EEU,2042,-0.004245747620083118,-0.4245747620083118
SSP1,10_EEU,2043,-0.00421851200516965,-0.421851200516965
SSP1,10_EEU,2044,-0.004191779797107276,-0.41917797971072757
SSP1,10_EEU,2045,-0.004165564967227975,-0.4165564967227975
SSP1,10_EEU,2046,-0.004140538803575899,-0.41405388035758994
SSP1,10_EEU,2047,-0.004115643155610638,-0.41156431556106376
SSP1,10_EEU,2048,-0.004089678442231404,-0.40896784422314036
SSP1,10_EEU,2049,-0.004062631854622301,-0.40626318546223006
SSP1,10_EEU,2050,-0.004034490726421702,-0.4034490726421702
SSP1,11_CAS,2019,0.01223377043067031,1.223377043067031
SSP1,11_CAS,2020,0.012494916923671218,1.2494916923671218
SSP1,11_CAS,2021,0.009880995030362438,0.9880995030362438
SSP1,11_CAS,2022,-0.006990911328116578,-0.6990911328116578
SSP1,11_CAS,2023,-0.005671671300248038,-0.5671671300248038
SSP1,11_CAS,2024,0.0145704567062801,1.45704567062801
SSP1,11_CAS,2025,0.004728125859458032,0.4728125859458032
SSP1,11_CAS,2026,0.007720171550904098,0.7720171550904098
SSP1,11_CAS,2027,0.010770360101992837,1.0770360101992837
SSP1,11_CAS,2028,0.012259542819158087,1.2259542819158087
SSP1,11_CAS,2029,0.012241165166333445,1.2241165166333445
SSP1,11_CAS,2030,0.010784821554904012,1.0784821554904012
SSP1,11_CAS,2031,0.009399003999242872,0.9399003999242872
SSP1,11_CAS,2032,0.009017801119619806,0.9017801119619806
SSP1,11_CAS,2033,0.0086506074833681,0.86506074833681
SSP1,11_CAS,2034,0.008296696138160309,0.8296696138160309
SSP1,11_CAS,2035,0.007955394063454913,0.7955394063454913
SSP1,11_CAS,2036,0.007610248436799694,0.7610248436799694
SSP1,11_CAS,2037,0.007290042108229811,0.7290042108229811
SSP1,11_CAS,2038,0.007023760676278634,0.7023760676278634
SSP1,11_CAS,2039,0.006809714624813834,0.6809714624813834
SSP1,11_CAS,2040,0.006646372949803192,0.6646372949803192
SSP1,11_CAS,2041,0.006532031475516176,0.6532031475516176
SSP1,11_CAS,2042,0.006396336807878544,0.6396336807878544
SSP1,11_CAS,2043,0.006205806495841237,0.6205806495841237
SSP1,11_CAS,2044,0.005961765612603864,0.5961765612603864
SSP1,11_CAS,2045,0.0056654098663480035,0.5665409866348003
SSP1,11_CAS,2046,0.005400120470345993,0.5400120470345993
SSP1,11_CAS,2047,0.0051948334500422355,0.5194833450042236
SSP1,11_CAS,2048,0.004981513269213922,0.4981513269213922
SSP1,11_CAS,2049,0.004760224767360821,0.4760224767360821
SSP1,11_CAS,2050,0.004531013096155334,0.4531013096155334
SSP1,12_MEA,2019,0.01722501137663013,1.7225011376630128
SSP1,12_MEA,2020,0.018479414648780557,1.8479414648780557
SSP1,12_MEA,2021,0.013362963470772149,1.336296347077215
SSP1,12_MEA,2022,0.020925489723068624,2.0925489723068624
SSP1,12_MEA,2023,0.02129376723448706,2.129376723448706
SSP1,12_MEA,2024,0.019733333226415795,1.9733333226415795
SSP1,12_MEA,2025,0.014734229940372323,1.4734229940372323
SSP1,12_MEA,2026,0.014012797435833058,1.4012797435833058
SSP1,12_MEA,2027,0.013441036226344627,1.3441036226344627
SSP1,12_MEA,2028,0.012911220216700103,1.2911220216700103
SSP1,12_MEA,2029,0.012420851965723179,1.2420851965723179
SSP1,12_MEA,2030,0.011967685640515757,1.1967685640515757
SSP1,12_MEA,2031,0.011543432386122099,1.1543432386122099
SSP1,12_MEA,2032,0.011136583474965489,1.113658347496549
SSP1,12_MEA,2033,0.01074736411285504,1.074736411285504
SSP1,12_MEA,2034,0.010374826919725244,1.0374826919725244
SSP1,12_MEA,2035,0.010018099272040004,1.0018099272040004
SSP1,12_MEA,2036,0.009663650385409728,0.9663650385409728
SSP1,12_MEA,2037,0.009329125024370777,0.9329125024370777
SSP1,12_MEA,2038,0.00903496776536672,0.9034967765366719
SSP1,12_MEA,2039,0.00877958223546993,0.8779582235469929
SSP1,12_MEA,2040,0.008561511421390833,0.8561511421390833
SSP1,12_MEA,2041,0.008398865499630093,0.8398865499630093
SSP1,12_MEA,2042,0.008226143168785782,0.8226143168785782
SSP1,12_MEA,2043,0.00799297752030359,0.799297752030359
SSP1,12_MEA,2044,0.007701255316501898,0.7701255316501898
SSP1,12_MEA,2045,0.007352679853590338,0.7352679853590338
SSP1,12_MEA,2046,0.007036697891605437,0.7036697891605437
SSP1,12_MEA,2047,0.006786468316104077,0.6786468316104077
SSP1,12_MEA,2048,0.00653032714481383,0.653032714481383
SSP1,12_MEA,2049,0.006268307259988726,0.6268307259988726
SSP1,12_MEA,2050,0.006000422417654194,0.6000422417654194
SSP1,13_AFR,2019,0.026063520589233224,2.6063520589233224
SSP1,13_AFR,2020,0.025814214350296627,2.5814214350296627
SSP1,13_AFR,2021,0.02549977497344269,2.549977497344269
SSP1,13_AFR,2022,0.02509963711783736,2.509963711783736
SSP1,13_AFR,2023,0.02518695029718576,2.518695029718576
SSP1,13_AFR,2024,0.025105902776744404,2.5105902776744404
SSP1,13_AFR,2025,0.023633159921080393,2.3633159921080393
SSP1,13_AFR,2026,0.022451307928095243,2.2451307928095243
SSP1,13_AFR,2027,0.021609604421871653,2.1609604421871653
SSP1,13_AFR,2028,0.020833461804666387,2.0833461804666387
SSP1,13_AFR,2029,0.020117586727981474,2.0117586727981474
SSP1,13_AFR,2030,0.019457287559160097,1.9457287559160097
SSP1,13_AFR,2031,0.018803446291643766,1.8803446291643766
SSP1,13_AFR,2032,0.01817436294191843,1.8174362941918432
SSP1,13_AFR,2033,0.0176207856395183,1.76207856395183
SSP1,13_AFR,2034,0.017137483101423934,1.7137483101423934
SSP1,13_AFR,2035,0.016719772273438238,1.6719772273438238
SSP1,13_AFR,2036,0.016273480929361428,1.6273480929361428
SSP1,13_AFR,2037,0.015818016515872113,1.5818016515872113
SSP1,13_AFR,2038,0.015449727560417514,1.5449727560417514
SSP1,13_AFR,2039,0.015163351187158725,1.5163351187158725
SSP1,13_AFR,2040,0.014954088884443273,1.4954088884443273
SSP1,13_AFR,2041,0.014794991670213697,1.4794991670213697
SSP1,13_AFR,2042,0.014595886066114838,1.4595886066114838
SSP1,13_AFR,2043,0.01433797731170472,1.433797731170472
SSP1,13_AFR,2044,0.014024668503537674,1.4024668503537674
SSP1,13_AFR,2045,0.013659086194455439,1.3659086194455439
SSP1,13_AFR,2046,0.013309835768617218,1.3309835768617218
SSP1,13_AFR,2047,0.013015448754335912,1.3015448754335912
SSP1,13_AFR,2048,0.012728483452454808,1.2728483452454808
SSP1,13_AFR,2049,0.012448578127914667,1.2448578127914667
SSP1,13_AFR,2050,0.012175392142944386,1.2175392142944386
SSP1,14_CLV,2019,0.013518730658905964,1.3518730658905964
SSP1,14_CLV,2020,0.014885445976928091,1.4885445976928091
SSP1,14_CLV,2021,0.014767858783025556,1.4767858783025556
SSP1,14_CLV,2022,0.013641674900897627,1.3641674900897627
SSP1,14_CLV,2023,0.013252516656313551,1.325251665631355
SSP1,14_CLV,2024,0.01274457405878704,1.274457405878704
SSP1,14_CLV,2025,0.007195321598883586,0.7195321598883586
SSP1,14_CLV,2026,0.006558102454760073,0.6558102454760073
SSP1,14_CLV,2027,0.006150367107552235,0.6150367107552235
SSP1,14_CLV,2028,0.005690250102344363,0.5690250102344363
SSP1,14_CLV,2029,0.00517851626829402,0.517851626829402
SSP1,14_CLV,2030,0.0046156683448894675,0.46156683448894675
SSP1,14_CLV,2031,0.0041859198742266734,0.41859198742266734
SSP1,14_CLV,2032,0.003890467797100561,0.3890467797100561
SSP1,14_CLV,2033,0.0035463736064145213,0.3546373606414521
SSP1,14_CLV,2034,0.0031540796662943293,0.31540796662943293
SSP1,14_CLV,2035,0.002713851139951151,0.2713851139951151
SSP1,14_CLV,2036,0.002391621962041013,0.23916219620410128
SSP1,14_CLV,2037,0.002193466030660174,0.2193466030660174
SSP1,14_CLV,2038,0.001956782707986715,0.1956782707986715
SSP1,14_CLV,2039,0.0016817552736758667,0.16817552736758667
SSP1,14_CLV,2040,0.0013684717140107772,0.13684717140107772
SSP1,14_CLV,2041,0.001221238734628427,0.1221238734628427
SSP1,14_CLV,2042,0.0011777257961227416,0.11777257961227416
SSP1,14_CLV,2043,0.0010029496719350384,0.10029496719350384
SSP1,14_CLV,2044,0.0006974426364163566,0.06974426364163566
SSP1,14_CLV,2045,0.0002614729931684767,0.026147299316847672
SSP1,14_CLV,2046,-4.665817189386523e-06,-0.0004665817189386523
SSP1,14_CLV,2047,-3.266087271525109e-05,-0.003266087271525109
SSP1,14_CLV,2048,-8.865383573919416e-05,-0.008865383573919416
SSP1,14_CLV,2049,-0.00017265698682744635,-0.017265698682744635
SSP1,14_CLV,2050,-0.00028469986343360176,-0.028469986343360176
SSP1,15_SAS,2019,0.011078877726085734,1.1078877726085734
SSP1,15_SAS,2020,0.010816429481470768,1.0816429481470768
SSP1,15_SAS,2021,0.009799168892817178,0.9799168892817178
SSP1,15_SAS,2022,0.009308764852383966,0.9308764852383966
SSP1,15_SAS,2023,0.00971334916372113,0.971334916372113
SSP1,15_SAS,2024,0.009721358620490506,0.9721358620490506
SSP1,15_SAS,2025,0.008907316492286377,0.8907316492286377
SSP1,15_SAS,2026,0.008588674904141502,0.8588674904141502
SSP1,15_SAS,2027,0.008331556889039415,0.8331556889039415
SSP1,15_SAS,2028,0.007974314350992717,0.7974314350992717
SSP1,15_SAS,2029,0.007520005605230917,0.7520005605230917
SSP1,15_SAS,2030,0.006971257099892325,0.6971257099892325
SSP1,15_SAS,2031,0.00652267871389367,0.652267871389367
SSP1,15_SAS,2032,0.0062014423902008176,0.6201442390200818
SSP1,15_SAS,2033,0.00582906003852246,0.582906003852246
SSP1,15_SAS,2034,0.005406469788373558,0.5406469788373558
SSP1,15_SAS,2035,0.004934398599077294,0.49343985990772943
SSP1,15_SAS,2036,0.004532174131926858,0.4532174131926858
SSP1,15_SAS,2037,0.004233179934914011,0.4233179934914011
SSP1,15_SAS,2038,0.00393502497914211,0.393502497914211
SSP1,15_SAS,2039,0.0036374622138064527,0.3637462213806453
SSP1,15_SAS,2040,0.003340246097166988,0.3340246097166988
SSP1,15_SAS,2041,0.00313918168714844,0.313918168714844
SSP1,15_SAS,2042,0.0029848359925959134,0.29848359925959134
SSP1,15_SAS,2043,0.002757151029446625,0.2757151029446625
SSP1,15_SAS,2044,0.0024568646012870232,0.24568646012870232
SSP1,15_SAS,2045,0.0020845329083258868,0.20845329083258868
SSP1,15_SAS,2046,0.0018159233370180772,0.18159233370180772
SSP1,15_SAS,2047,0.0016704010334755992,0.16704010334755992
SSP1,15_SAS,2048,0.001482369293960062,0.1482369293960062
SSP1,15_SAS,2049,0.0012520145572794128,0.12520145572794128
SSP1,15_SAS,2050,0.0009794391004251946,0.09794391004251946
SSP1,16_APC,2019,0.009469203870866139,0.9469203870866139
SSP1,16_APC,2020,0.008555061651338791,0.8555061651338791
SSP1,16_APC,2021,0.006767377900708027,0.6767377900708027
SSP1,16_APC,2022,0.007277429329823892,0.7277429329823892
SSP1,16_APC,2023,0.007980436008063085,0.7980436008063085
SSP1,16_APC,2024,0.007571111513670514,0.7571111513670514
SSP1,16_APC,2025,0.007171196331877239,0.7171196331877239
SSP1,16_APC,2026,0.006887149357050815,0.6887149357050815
SSP1,16_APC,2027,0.006634664748341068,0.6634664748341068
SSP1,16_APC,2028,0.006298270855163546,0.6298270855163546
SSP1,16_APC,2029,0.005879929585773658,0.5879929585773658
SSP1,16_APC,2030,0.005381278876432027,0.5381278876432027
SSP1,16_APC,2031,0.0049988852631237535,0.49988852631237535
SSP1,16_APC,2032,0.0047369866226187884,0.47369866226187884
SSP1,16_APC,2033,0.004403122177430774,0.4403122177430774
SSP1,16_APC,2034,0.003998371019036107,0.39983710190361066
SSP1,16_APC,2035,0.003523550725130775,0.3523550725130775
SSP1,16_APC,2036,0.003147871209016273,0.3147871209016273
SSP1,16_APC,2037,0.0029036285174057763,0.29036285174057763
SSP1,16_APC,2038,0.0026382973293981316,0.26382973293981316
SSP1,16_APC,2039,0.002351929317451873,0.2351929317451873
SSP1,16_APC,2040,0.002044517805649848,0.2044517805649848
SSP1,16_APC,2041,0.001893020694758496,0.1893020694758496
SSP1,16_APC,2042,0.0018193405299737897,0.18193405299737897
SSP1,16_APC,2043,0.0016082041728928687,0.16082041728928687
SSP1,16_APC,2044,0.0012604884117293214,0.12604884117293214
SSP1,16_APC,2045,0.0007767408205898718,0.07767408205898718
SSP1,16_APC,2046,0.0004660360963248955,0.04660360963248955
SSP1,16_APC,2047,0.00040329486020262983,0.04032948602026298
SSP1,16_APC,2048,0.0003170947009409897,0.03170947009409897
SSP1,16_APC,2049,0.00020745270476529853,0.020745270476529853
SSP1,16_APC,2050,7.436462429621926e-05,0.007436462429621926
SSP1,17_ANZ,2019,0.014775987750812458,1.4775987750812458
SSP1,17_ANZ,2020,0.013744275473396739,1.3744275473396739
SSP1,17_ANZ,2021,0.0015742645056020521,0.1574264505602052
SSP1,17_ANZ,2022,0.010738019861675774,1.0738019861675774
SSP1,17_ANZ,2023,0.024420923433801756,2.4420923433801756
SSP1,17_ANZ,2024,0.019597976416891427,1.9597976416891427
SSP1,17_ANZ,2025,0.006929117407004526,0.6929117407004526
SSP1,17_ANZ,2026,0.007244220886429398,0.7244220886429398
SSP1,17_ANZ,2027,0.007172787100292455,0.7172787100292455
SSP1,17_ANZ,2028,0.007064303051748988,0.7064303051748988
SSP1,17_ANZ,2029,0.006919811057480407,0.6919811057480407
SSP1,17_ANZ,2030,0.006740293056200386,0.6740293056200386
SSP1,17_ANZ,2031,0.006564248239254278,0.6564248239254278
SSP1,17_ANZ,2032,0.006420077807139268,0.6420077807139268
SSP1,17_ANZ,2033,0.006284000713773885,0.6284000713773885
SSP1,17_ANZ,2034,0.006155787967997206,0.6155787967997206
SSP1,17_ANZ,2035,0.006035223662170575,0.6035223662170575
SSP1,17_ANZ,2036,0.0058935178433139335,0.5893517843313933
SSP1,17_ANZ,2037,0.00575334747288081,0.575334747288081
SSP1,17_ANZ,2038,0.005653939623179838,0.5653939623179838
SSP1,17_ANZ,2039,0.0055943531116133816,0.5594353111613382
SSP1,17_ANZ,2040,0.005573695828354319,0.5573695828354319
SSP1,17_ANZ,2041,0.0055487731163264,0.55487731163264
SSP1,17_ANZ,2042,0.005499063386243064,0.5499063386243064
SSP1,17_ANZ,2043,0.005456729439469621,0.5456729439469621
SSP1,17_ANZ,2044,0.005421612247572982,0.5421612247572982
SSP1,17_ANZ,2045,0.005393557777597202,0.5393557777597202
SSP1,17_ANZ,2046,0.0053658047579769885,0.5365804757976989
SSP1,17_ANZ,2047,0.005333957750581764,0.5333957750581764
SSP1,17_ANZ,2048,0.005302462918582274,0.5302462918582274
SSP1,17_ANZ,2049,0.005271314401147809,0.5271314401147809
SSP1,17_ANZ,2050,0.005240506466697825,0.5240506466697825
SSP2,01_KOR,2019,0.003484807558033598,0.3484807558033598
SSP2,01_KOR,2020,0.001379643496117966,0.1379643496117966
SSP2,01_KOR,2021,-0.0012867445880863082,-0.12867445880863082
SSP2,01_KOR,2022,-0.001873109204236889,-0.1873109204236889
SSP2,01_KOR,2023,0.0007750727470121621,0.07750727470121621
SSP2,01_KOR,2024,0.0007434549002440782,0.07434549002440782
SSP2,01_KOR,2025,-0.001734139839375981,-0.1734139839375981
SSP2,01_KOR,2026,-0.0017307652277160912,-0.17307652277160912
SSP2,01_KOR,2027,-0.0019273572107653125,-0.19273572107653125
SSP2,01_KOR,2028,-0.0020991804440351203,-0.20991804440351203
SSP2,01_KOR,2029,-0.0022461331096618187,-0.22461331096618187
SSP2,01_KOR,2030,-0.002368070815423673,-0.2368070815423673
SSP2,01_KOR,2031,-0.0025131817798967893,-0.2513181779896789
SSP2,01_KOR,2032,-0.0027026577875716162,-0.2702657787571616
SSP2,01_KOR,2033,-0.0028989055857522317,-0.28989055857522317
SSP2,01_KOR,2034,-0.0031021052562505425,-0.31021052562505425
SSP2,01_KOR,2035,-0.003312451089085844,-0.3312451089085844
SSP2,01_KOR,2036,-0.0035986998335827414,-0.35986998335827414
SSP2,01_KOR,2037,-0.00392464807388293,-0.39246480738829304
SSP2,01_KOR,2038,-0.004203302236816198,-0.42033022368161976
SSP2,01_KOR,2039,-0.004434137592940424,-0.44341375929404236
SSP2,01_KOR,2040,-0.004616492264247429,-0.46164922642474293
SSP2,01_KOR,2041,-0.004880880456435865,-0.48808804564358654
SSP2,01_KOR,2042,-0.005210081249870657,-0.5210081249870657
SSP2,01_KOR,2043,-0.005463504377408612,-0.5463504377408612
SSP2,01_KOR,2044,-0.005639729373220659,-0.5639729373220659
SSP2,01_KOR,2045,-0.0057371292039151145,-0.5737129203915114
SSP2,01_KOR,2046,-0.005845851785165168,-0.5845851785165168
SSP2,01_KOR,2047,-0.006018404607696093,-0.6018404607696093
SSP2,01_KOR,2048,-0.006189597371894062,-0.6189597371894062
SSP2,01_KOR,2049,-0.006359449784095195,-0.6359449784095195
SSP2,01_KOR,2050,-0.006527977997653922,-0.6527977997653922
SSP2,02_CHN,2019,0.003574141941435016,0.3574141941435016
SSP2,02_CHN,2020,0.00235159383881145,0.235159383881145
SSP2,02_CHN,2021,0.0008403467972573075,0.08403467972573075
SSP2,02_CHN,2022,-0.00017749315013781963,-0.017749315013781963
SSP2,02_CHN,2023,-0.0008981902417652954,-0.08981902417652954
SSP2,02_CHN,2024,-0.0012318031405127439,-0.12318031405127439
SSP2,02_CHN,2025,7.408830608279793e-05,0.007408830608279793
SSP2,02_CHN,2026,-0.00044464279451206234,-0.044464279451206234
SSP2,02_CHN,2027,-0.0011706537497343517,-0.11706537497343517
SSP2,02_CHN,2028,-0.0016525995026624996,-0.16525995026624996
SSP2,02_CHN,2029,-0.001890206858871868,-0.1890206858871868
SSP2,02_CHN,2030,-0.0018821387638451315,-0.18821387638451315
SSP2,02_CHN,2031,-0.0019822561084119616,-0.19822561084119616
SSP2,02_CHN,2032,-0.0023053231891074777,-0.23053231891074777
SSP2,02_CHN,2033,-0.002553293373533383,-0.2553293373533383
SSP2,02_CHN,2034,-0.002725672258748313,-0.2725672258748313
SSP2,02_CHN,2035,-0.0028217847838440946,-0.28217847838440946
SSP2,02_CHN,2036,-0.002945938082633548,-0.2945938082633548
SSP2,02_CHN,2037,-0.003146396884517455,-0.3146396884517455
SSP2,02_CHN,2038,-0.0033424473351197914,-0.33424473351197914
SSP2,02_CHN,2039,-0.00353413893966803,-0.353413893966803
SSP2,02_CHN,2040,-0.003721512076592437,-0.3721512076592437
SSP2,02_CHN,2041,-0.0039411226060546145,-0.39411226060546145
SSP2,02_CHN,2042,-0.004195192135409975,-0.4195192135409975
SSP2,02_CHN,2043,-0.004448421178756878,-0.44484211787568784
SSP2,02_CHN,2044,-0.004700963275820036,-0.4700963275820036
SSP2,02_CHN,2045,-0.004952969662577855,-0.4952969662577855
SSP2,02_CHN,2046,-0.005257246344529065,-0.5257246344529065
SSP2,02_CHN,2047,-0.005603751702568549,-0.5603751702568549
SSP2,02_CHN,2048,-0.005934757936001067,-0.5934757936001067
SSP2,02_CHN,2049,-0.00625018902974539,-0.625018902974539
SSP2,02_CHN,2050,-0.006549911264122743,-0.6549911264122743
SSP2,03_JPN,2019,-0.0014036637200243174,-0.14036637200243174
SSP2,03_JPN,2020,-0.0029376228945061644,-0.29376228945061644
SSP2,03_JPN,2021,-0.004588962545837627,-0.4588962545837627
SSP2,03_JPN,2022,-0.004428683522494814,-0.4428683522494814
SSP2,03_JPN,2023,-0.004861850577265625,-0.4861850577265625
SSP2,03_JPN,2024,-0.004347041138675012,-0.4347041138675012
SSP2,03_JPN,2025,-0.005218858081857736,-0.5218858081857736
SSP2,03_JPN,2026,-0.005063684270072533,-0.5063684270072533
SSP2,03_JPN,2027,-0.005101915552477743,-0.5101915552477743
SSP2,03_JPN,2028,-0.0051554002147837785,-0.5155400214783779
SSP2,03_JPN,2029,-0.00522445386119319,-0.522445386119319
SSP2,03_JPN,2030,-0.005309404907734572,-0.5309404907734572
SSP2,03_JPN,2031,-0.00540175462180803,-0.540175462180803
SSP2,03_JPN,2032,-0.005486491920659753,-0.5486491920659753
SSP2,03_JPN,2033,-0.005564766135249699,-0.5564766135249699
SSP2,03_JPN,2034,-0.005636439216751943,-0.5636439216751943
SSP2,03_JPN,2035,-0.005701365766529798,-0.5701365766529798
SSP2,03_JPN,2036,-0.005781178261043074,-0.5781178261043074
SSP2,03_JPN,2037,-0.005868106756205638,-0.5868106756205638
SSP2,03_JPN,2038,-0.005936200112009571,-0.5936200112009571
SSP2,03_JPN,2039,-0.005985012363884823,-0.5985012363884823
SSP2,03_JPN,2040,-0.006014078189024219,-0.6014078189024219
SSP2,03_JPN,2041,-0.0060632352730494166,-0.6063235273049417
SSP2,03_JPN,2042,-0.006126863260676907,-0.6126863260676907
SSP2,03_JPN,2043,-0.006161429156515852,-0.6161429156515852
SSP2,03_JPN,2044,-0.006166208742445001,-0.6166208742445001
SSP2,03_JPN,2045,-0.00614045795759377,-0.614045795759377
SSP2,03_JPN,2046,-0.006115059074486173,-0.6115059074486173
SSP2,03_JPN,2047,-0.0061102288661204485,-0.6110228866120448
SSP2,03_JPN,2048,-0.006104615034094207,-0.6104615034094207
SSP2,03_JPN,2049,-0.006098200919791075,-0.6098200919791075
SSP2,03_JPN,2050,-0.006090969672524871,-0.6090969672524871
SSP2,04_RUS,2019,0.0003795441461940108,0.03795441461940108
SSP2,04_RUS,2020,-0.0014309954664415425,-0.14309954664415425
SSP2,04_RUS,2021,-0.0034313435378922064,-0.34313435378922064
SSP2,04_RUS,2022,-0.003522213505542826,-0.3522213505542826
SSP2,04_RUS,2023,-0.0028481124179200457,-0.28481124179200457
SSP2,04_RUS,2024,-0.002032168980699134,-0.2032168980699134
SSP2,04_RUS,2025,-0.0008051873789084452,-0.08051873789084452
SSP2,04_RUS,2026,-0.001514400285321682,-0.1514400285321682
SSP2,04_RUS,2027,-0.0025438006150817483,-0.2543800615081748
SSP2,04_RUS,2028,-0.0031190112390392377,-0.31190112390392377
SSP2,04_RUS,2029,-0.0032368304963293903,-0.32368304963293903
SSP2,04_RUS,2030,-0.002891809366938336,-0.2891809366938336
SSP2,04_RUS,2031,-0.0025865290526444484,-0.25865290526444484
SSP2,04_RUS,2032,-0.0025916789645263894,-0.25916789645263894
SSP2,04_RUS,2033,-0.002535068910481386,-0.2535068910481386
SSP2,04_RUS,2034,-0.00241606680945583,-0.24160668094558302
SSP2,04_RUS,2035,-0.002234079775434994,-0.2234079775434994
SSP2,04_RUS,2036,-0.0020945170674881997,-0.20945170674881997
SSP2,04_RUS,2037,-0.0020145007575593787,-0.20145007575593787
SSP2,04_RUS,2038,-0.0018965545699181074,-0.18965545699181074
SSP2,04_RUS,2039,-0.0017404130848184263,-0.17404130848184263
SSP2,04_RUS,2040,-0.0015458574732510888,-0.15458574732510888
SSP2,04_RUS,2041,-0.0013762010568260097,-0.13762010568260097
SSP2,04_RUS,2042,-0.0012634224421393947,-0.12634224421393947
SSP2,04_RUS,2043,-0.0011601319237523056,-0.11601319237523056
SSP2,04_RUS,2044,-0.001066411774741871,-0.10664117747418711
SSP2,04_RUS,2045,-0.000982334711454369,-0.0982334711454369
SSP2,04_RUS,2046,-0.0009190790608910593,-0.09190790608910593
SSP2,04_RUS,2047,-0.0008640648844879806,-0.08640648844879806
SSP2,04_RUS,2048,-0.0007998547312783044,-0.07998547312783044
SSP2,04_RUS,2049,-0.0007264289227699727,-0.07264289227699727
SSP2,04_RUS,2050,-0.0006437738073132859,-0.06437738073132859
SSP2,05_MNG,2019,0.01854130165024559,1.854130165024559
SSP2,05_MNG,2020,0.018218163200540483,1.8218163200540483
SSP2,05_MNG,2021,0.016992345524951213,1.6992345524951213
SSP2,05_MNG,2022,0.014778613374959892,1.4778613374959892
SSP2,05_MNG,2023,0.013803284341192157,1.3803284341192157
SSP2,05_MNG,2024,0.012536967003672572,1.2536967003672572
SSP2,05_MNG,2025,0.01307952988856842,1.307952988856842
SSP2,05_MNG,2026,0.01279355104136326,1.279355104136326
SSP2,05_MNG,2027,0.012295882116986512,1.2295882116986512
SSP2,05_MNG,2028,0.011928193383069718,1.1928193383069718
SSP2,05_MNG,2029,0.011684129484492711,1.1684129484492711
SSP2,05_MNG,2030,0.011557929394893529,1.155792939489353
SSP2,05_MNG,2031,0.011410926218440087,1.1410926218440087
SSP2,05_MNG,2032,0.011195950167348645,1.1195950167348645
SSP2,05_MNG,2033,0.01102259478547385,1.102259478547385
SSP2,05_MNG,2034,0.01088906222574515,1.088906222574515
SSP2,05_MNG,2035,0.010793665599574176,1.0793665599574176
SSP2,05_MNG,2036,0.010689945524565037,1.0689945524565037
SSP2,05_MNG,2037,0.010565382725398864,1.0565382725398864
SSP2,05_MNG,2038,0.010458416529760095,1.0458416529760095
SSP2,05_MNG,2039,0.010368344527815765,1.0368344527815765
SSP2,05_MNG,2040,0.010294498500207805,1.0294498500207805
SSP2,05_MNG,2041,0.010257918684619893,1.0257918684619893
SSP2,05_MNG,2042,0.010211997075049828,1.0211997075049828
SSP2,05_MNG,2043,0.010113547045613291,1.0113547045613291
SSP2,05_MNG,2044,0.009964683897774496,0.9964683897774496
SSP2,05_MNG,2045,0.00976741507785528,0.9767415077855279
SSP2,05_MNG,2046,0.009576373689961448,0.9576373689961448
SSP2,05_MNG,2047,0.009424793633224349,0.9424793633224349
SSP2,05_MNG,2048,0.009276017080274368,0.9276017080274368
SSP2,05_MNG,2049,0.009129945071774337,0.9129945071774337
SSP2,05_MNG,2050,0.00898648288427828,0.898648288427828
SSP2,06_PRK,2019,0.0041064515966069415,0.41064515966069415
SSP2,06_PRK,2020,0.0037898991736269316,0.37898991736269316
SSP2,06_PRK,2021,0.003681544664756009,0.3681544664756009
SSP2,06_PRK,2022,0.003671433343038766,0.3671433343038766
SSP2,06_PRK,2023,0.003393958223385729,0.3393958223385729
SSP2,06_PRK,2024,0.0030516457515430417,0.3051645751543042
SSP2,06_PRK,2025,0.002634810459628767,0.2634810459628767
SSP2,06_PRK,2026,0.0015777857693868302,0.15777857693868302
SSP2,06_PRK,2027,0.0013814149910513773,0.13814149910513773
SSP2,06_PRK,2028,0.0010962940107206443,0.10962940107206443
SSP2,06_PRK,2029,0.0007226889455960173,0.07226889455960173
SSP2,06_PRK,2030,0.0002605967320359337,0.02605967320359337
SSP2,06_PRK,2031,-0.0003627622376558559,-0.03627622376558559
SSP2,06_PRK,2032,-0.0009602872029379483,-0.09602872029379483
SSP2,06_PRK,2033,-0.0013664009974867497,-0.13664009974867497
SSP2,06_PRK,2034,-0.0015809752152446954,-0.15809752152446954
SSP2,06_PRK,2035,-0.0016031738489890035,-0.16031738489890035
SSP2,06_PRK,2036,-0.0017537465724277723,-0.17537465724277723
SSP2,06_PRK,2037,-0.002103166811517898,-0.2103166811517898
SSP2,06_PRK,2038,-0.00236485850685908,-0.236485850685908
SSP2,06_PRK,2039,-0.002538310222629292,-0.2538310222629292
SSP2,06_PRK,2040,-0.0026227905993722045,-0.26227905993722045
SSP2,06_PRK,2041,-0.0027757584058126783,-0.27757584058126783
SSP2,06_PRK,2042,-0.0030151882019774368,-0.3015188201977437
SSP2,06_PRK,2043,-0.0031915628674216157,-0.31915628674216157
SSP2,06_PRK,2044,-0.0033042158432633473,-0.3304215843263347
SSP2,06_PRK,2045,-0.003352370047877362,-0.3352370047877362
SSP2,06_PRK,2046,-0.0034087802282040114,-0.34087802282040114
SSP2,06_PRK,2047,-0.003515337726271106,-0.3515337726271106
SSP2,06_PRK,2048,-0.0036196017882306197,-0.361960178823062
SSP2,06_PRK,2049,-0.003721565363445589,-0.3721565363445589
SSP2,06_PRK,2050,-0.003821218622277245,-0.3821218622277245
SSP2,07_NAM,2019,0.006119103224941691,0.6119103224941691
SSP2,07_NAM,2020,0.004780946608776926,0.4780946608776926
SSP2,07_NAM,2021,0.0019829753854954113,0.19829753854954113
SSP2,07_NAM,2022,0.007046280097031454,0.7046280097031454
SSP2,07_NAM,2023,0.010539016692275638,1.0539016692275638
SSP2,07_NAM,2024,0.011948026867095507,1.1948026867095507
SSP2,07_NAM,2025,0.003788127041753464,0.3788127041753464
SSP2,07_NAM,2026,0.004170416439505553,0.4170416439505553
SSP2,07_NAM,2027,0.004328849092730902,0.4328849092730902
SSP2,07_NAM,2028,0.004396183807581222,0.4396183807581222
SSP2,07_NAM,2029,0.004373945634270626,0.4373945634270626
SSP2,07_NAM,2030,0.00426368733874205,0.42636873387420504
SSP2,07_NAM,2031,0.004158800466844248,0.4158800466844248
SSP2,07_NAM,2032,0.004114074438513526,0.41140744385135264
SSP2,07_NAM,2033,0.004064714857529905,0.4064714857529905
SSP2,07_NAM,2034,0.0040107948356509215,0.40107948356509215
SSP2,07_NAM,2035,0.003952384371390227,0.39523843713902274
SSP2,07_NAM,2036,0.003906789918935782,0.39067899189357824
SSP2,07_NAM,2037,0.00386593911813371,0.386593911813371
SSP2,07_NAM,2038,0.0038087311169243687,0.38087311169243687
SSP2,07_NAM,2039,0.0037354122146402435,0.37354122146402435
SSP2,07_NAM,2040,0.0036462165682633607,0.36462165682633607
SSP2,07_NAM,2041,0.0035517182164088723,0.35517182164088723
SSP2,07_NAM,2042,0.003471808613797034,0.3471808613797034
SSP2,07_NAM,2043,0.0034058683207927043,0.34058683207927043
SSP2,07_NAM,2044,0.0033536955588875372,0.3353695558887537
SSP2,07_NAM,2045,0.0033150988237824475,0.33150988237824475
SSP2,07_NAM,2046,0.003278153649035609,0.3278153649035609
SSP2,07_NAM,2047,0.0032337958441430725,0.32337958441430725
SSP2,07_NAM,2048,0.0031892783026390426,0.31892783026390426
SSP2,07_NAM,2049,0.0031445998411347986,0.31445998411347986
SSP2,07_NAM,2050,0.0030997591601145125,0.30997591601145125
SSP2,08_LAM,2019,0.008183527633524701,0.8183527633524701
SSP2,08_LAM,2020,0.007153033357822691,0.7153033357822691
SSP2,08_LAM,2021,0.0058550337822129706,0.585503378221297
SSP2,08_LAM,2022,0.0060642303980167345,0.6064230398016734
SSP2,08_LAM,2023,0.006967054476407775,0.6967054476407775
SSP2,08_LAM,2024,0.006988649702892369,0.6988649702892369
SSP2,08_LAM,2025,0.006604924953903968,0.6604924953903968
SSP2,08_LAM,2026,0.006810025845070511,0.6810025845070511
SSP2,08_LAM,2027,0.006863133775398822,0.6863133775398822
SSP2,08_LAM,2028,0.006775874386478531,0.6775874386478531
SSP2,08_LAM,2029,0.006552028251419761,0.6552028251419761
SSP2,08_LAM,2030,0.006195157499715664,0.6195157499715664
SSP2,08_LAM,2031,0.005892130195454426,0.5892130195454426
SSP2,08_LAM,2032,0.005701868347047556,0.5701868347047556
SSP2,08_LAM,2033,0.005470122763076235,0.5470122763076235
SSP2,08_LAM,2034,0.005197718384832628,0.5197718384832628
SSP2,08_LAM,2035,0.004885369459862288,0.48853694598622877
SSP2,08_LAM,2036,0.004637386711781488,0.4637386711781488
SSP2,08_LAM,2037,0.004448922555856605,0.4448922555856605
SSP2,08_LAM,2038,0.004214293963395788,0.42142939633957877
SSP2,08_LAM,2039,0.0039341855857324415,0.39341855857324415
SSP2,08_LAM,2040,0.003609162594921278,0.3609162594921278
SSP2,08_LAM,2041,0.003356691546928081,0.3356691546928081
SSP2,08_LAM,2042,0.0031782975891108123,0.31782975891108123
SSP2,08_LAM,2043,0.0029579893659263945,0.29579893659263945
SSP2,08_LAM,2044,0.002696171475667475,0.2696171475667475
SSP2,08_LAM,2045,0.0023931497469782403,0.23931497469782403
SSP2,08_LAM,2046,0.002162119855154243,0.2162119855154243
SSP2,08_LAM,2047,0.0020111128377033882,0.20111128377033882
SSP2,08_LAM,2048,0.001831259519878392,0.1831259519878392
SSP2,08_LAM,2049,0.0016227028288917644,0.16227028288917644
SSP2,08_LAM,2050,0.0013855313872035424,0.13855313872035424
SSP2,09_WEU,2019,0.004762886155645241,0.47628861556452406
SSP2,09_WEU,2020,0.003202811102841041,0.3202811102841041
SSP2,09_WEU,2021,0.0028841608981153843,0.28841608981153843
SSP2,09_WEU,2022,0.005263638014970873,0.5263638014970873
SSP2,09_WEU,2023,0.005823495095734543,0.5823495095734543
SSP2,09_WEU,2024,0.004928165060704703,0.49281650607047034
SSP2,09_WEU,2025,0.0019221912645175365,0.19221912645175365
SSP2,09_WEU,2026,0.0017784232085205076,0.17784232085205076
SSP2,09_WEU,2027,0.0016207746259144784,0.16207746259144784
SSP2,09_WEU,2028,0.0015184238504328817,0.15184238504328817
SSP2,09_WEU,2029,0.0014709754722392887,0.14709754722392887
SSP2,09_WEU,2030,0.0014780856348113325,0.14780856348113325
SSP2,09_WEU,2031,0.0014793098905621083,0.14793098905621083
SSP2,09_WEU,2032,0.0014455065276361978,0.14455065276361978
SSP2,09_WEU,2033,0.0014222582556346897,0.14222582556346897
SSP2,09_WEU,2034,0.0014095025804261585,0.14095025804261585
SSP2,09_WEU,2035,0.0014071794423682338,0.14071794423682338
SSP2,09_WEU,2036,0.0014103875364079865,0.14103875364079865
SSP2,09_WEU,2037,0.0014067686708691962,0.14067686708691962
SSP2,09_WEU,2038,0.001395035275636225,0.1395035275636225
SSP2,09_WEU,2039,0.0013752326040312735,0.13752326040312735
SSP2,09_WEU,2040,0.0013474046751400515,0.13474046751400515
SSP2,09_WEU,2041,0.0013265557155024421,0.1326555715502442
SSP2,09_WEU,2042,0.0013119092852922343,0.13119092852922343
SSP2,09_WEU,2043,0.0012881409249441145,0.12881409249441145
SSP2,09_WEU,2044,0.001255297031161895,0.1255297031161895
SSP2,09_WEU,2045,0.0012134215269139492,0.12134215269139492
SSP2,09_WEU,2046,0.0011747016486940431,0.11747016486940431
SSP2,09_WEU,2047,0.0011443488626998732,0.11443488626998732
SSP2,09_WEU,2048,0.0011128151883090798,0.11128151883090798
SSP2,09_WEU,2049,0.001080103321195569,0.1080103321195569
SSP2,09_WEU,2050,0.001046215567047648,0.1046215567047648
SSP2,10_EEU,2019,-0.002926876355207386,-0.2926876355207386
SSP2,10_EEU,2020,-0.006714848426055187,-0.6714848426055187
SSP2,10_EEU,2021,-0.010088433095998828,-1.0088433095998828
SSP2,10_EEU,2022,-0.0034763772409029947,-0.34763772409029947
SSP2,10_EEU,2023,-0.0006524481852030473,-0.06524481852030473
SSP2,10_EEU,2024,-0.002642987921296136,-0.2642987921296136
SSP2,10_EEU,2025,-0.0020403365519927608,-0.20403365519927608
SSP2,10_EEU,2026,-0.0031014933247838217,-0.31014933247838217
SSP2,10_EEU,2027,-0.004244786755646768,-0.4244786755646768
SSP2,10_EEU,2028,-0.004929927360086239,-0.4929927360086239
SSP2,10_EEU,2029,-0.0051509354236841665,-0.5150935423684166
SSP2,10_EEU,2030,-0.004898986363874758,-0.48989863638747577
SSP2,10_EEU,2031,-0.004666692393366811,-0.46666923933668114
SSP2,10_EEU,2032,-0.00475236190823336,-0.475236190823336
SSP2,10_EEU,2033,-0.004804749871868519,-0.4804749871868519
SSP2,10_EEU,2034,-0.004823220604647127,-0.4823220604647127
SSP2,10_EEU,2035,-0.004807115149750629,-0.4807115149750629
SSP2,10_EEU,2036,-0.004801558076551693,-0.4801558076551693
SSP2,10_EEU,2037,-0.004819325940597419,-0.48193259405974187
SSP2,10_EEU,2038,-0.004820947278015075,-0.4820947278015075
SSP2,10_EEU,2039,-0.004806107660995096,-0.4806107660995096
SSP2,10_EEU,2040,-0.004774489136721627,-0.4774489136721627
SSP2,10_EEU,2041,-0.004751985005790216,-0.4751985005790216
SSP2,10_EEU,2042,-0.0047410992094838456,-0.47410992094838456
SSP2,10_EEU,2043,-0.004716761920624424,-0.4716761920624424
SSP2,10_EEU,2044,-0.004678720470665754,-0.46787204706657537
SSP2,10_EEU,2045,-0.004626722917137505,-0.46267229171375046
SSP2,10_EEU,2046,-0.004576930163761261,-0.45769301637612614
SSP2,10_EEU,2047,-0.004537483737316106,-0.4537483737316106
SSP2,10_EEU,2048,-0.004496086501800889,-0.4496086501800889
SSP2,10_EEU,2049,-0.004452713368015893,-0.44527133680158926
SSP2,10_EEU,2050,-0.0044073397556416705,-0.44073397556416705
SSP2,11_CAS,2019,0.01223377043067031,1.223377043067031
SSP2,11_CAS,2020,0.012494916923671218,1.2494916923671218
SSP2,11_CAS,2021,0.009880995030362438,0.9880995030362438
SSP2,11_CAS,2022,-0.006990911328116578,-0.6990911328116578
SSP2,11_CAS,2023,-0.005671671300248038,-0.5671671300248038
SSP2,11_CAS,2024,0.0145704567062801,1.45704567062801
SSP2,11_CAS,2025,0.004830643433837656,0.4830643433837656
SSP2,11_CAS,2026,0.0082205901840533,0.82205901840533
SSP2,11_CAS,2027,0.011827566576064763,1.1827566576064763
SSP2,11_CAS,2028,0.01368475544561254,1.368475544561254
SSP2,11_CAS,2029,0.013854986355412047,1.3854986355412047
SSP2,11_CAS,2030,0.012424292040759566,1.2424292040759566
SSP2,11_CAS,2031,0.01103391267455578,1.103391267455578
SSP2,11_CAS,2032,0.010732150007259023,1.0732150007259023
SSP2,11_CAS,2033,0.01046576343120309,1.046576343120309
SSP2,11_CAS,2034,0.010233222473204906,1.0233222473204906
SSP2,11_CAS,2035,0.010033116667464315,1.0033116667464315
SSP2,11_CAS,2036,0.009846713310192268,0.9846713310192268
SSP2,11_CAS,2037,0.009650545918924891,0.9650545918924891
SSP2,11_CAS,2038,0.00945071828588362,0.9450718285883619
SSP2,11_CAS,2039,0.0092473523059875,0.92473523059875
SSP2,11_CAS,2040,0.00904055644697177,0.904055644697177
SSP2,11_CAS,2041,0.008861514735901466,0.8861514735901466
SSP2,11_CAS,2042,0.008695379516865609,0.8695379516865609
SSP2,11_CAS,2043,0.008504277319122178,0.8504277319122178
SSP2,11_CAS,2044,0.008289033714490301,0.8289033714490301
SSP2,11_CAS,2045,0.008050407107380586,0.8050407107380586
SSP2,11_CAS,2046,0.007826166095619369,0.7826166095619369
SSP2,11_CAS,2047,0.00763164697398544,0.763164697398544
SSP2,11_CAS,2048,0.007437242222719576,0.7437242222719576
SSP2,11_CAS,2049,0.00724290025211527,0.724290025211527
SSP2,11_CAS,2050,0.007048568083201312,0.7048568083201312
SSP2,12_MEA,2019,0.01722501137663013,1.7225011376630128
SSP2,12_MEA,2020,0.018479414648780557,1.8479414648780557
SSP2,12_MEA,2021,0.013362963470772149,1.336296347077215
SSP2,12_MEA,2022,0.020925489723068624,2.0925489723068624
SSP2,12_MEA,2023,0.02129376723448706,2.129376723448706
SSP2,12_MEA,2024,0.019733333226415795,1.9733333226415795
SSP2,12_MEA,2025,0.015312212087088772,1.5312212087088772
SSP2,12_MEA,2026,0.015076321424503325,1.5076321424503325
SSP2,12_MEA,2027,0.01480536285885048,1.480536285885048
SSP2,12_MEA,2028,0.014508798858105632,1.4508798858105632
SSP2,12_MEA,2029,0.014188171836468255,1.4188171836468255
SSP2,12_MEA,2030,0.013844884722006512,1.3844884722006512
SSP2,12_MEA,2031,0.01351937596683106,1.351937596683106
SSP2,12_MEA,2032,0.013228532410092031,1.322853241009203
SSP2,12_MEA,2033,0.01294121240852597,1.294121240852597
SSP2,12_MEA,2034,0.012657256200709677,1.2657256200709677
SSP2,12_MEA,2035,0.012376508199859249,1.2376508199859249
SSP2,12_MEA,2036,0.012130238311107266,1.2130238311107266
SSP2,12_MEA,2037,0.011897223971594872,1.1897223971594872
SSP2,12_MEA,2038,0.011636504160770889,1.1636504160770889
SSP2,12_MEA,2039,0.011349361942315284,1.1349361942315284
SSP2,12_MEA,2040,0.011036966401395176,1.1036966401395176
SSP2,12_MEA,2041,0.010773967527049733,1.0773967527049733
SSP2,12_MEA,2042,0.010545475057858411,1.054547505785841
SSP2,12_MEA,2043,0.010271674631440408,1.0271674631440408
SSP2,12_MEA,2044,0.009954384072413003,0.9954384072413003
SSP2,12_MEA,2045,0.009595246301209448,0.9595246301209448
SSP2,12_MEA,2046,0.009262460746907175,0.9262460746907175
SSP2,12_MEA,2047,0.008982965763517203,0.8982965763517203
SSP2,12_MEA,2048,0.008703098474789783,0.8703098474789783
SSP2,12_MEA,2049,0.008422767869058267,0.8422767869058267
SSP2,12_MEA,2050,0.00814187767943264,0.8141877679432641
SSP2,13_AFR,2019,0.026063520589233224,2.6063520589233224
SSP2,13_AFR,2020,0.025814214350296627,2.5814214350296627
SSP2,13_AFR,2021,0.02549977497344269,2.549977497344269
SSP2,13_AFR,2022,0.02509963711783736,2.509963711783736
SSP2,13_AFR,2023,0.02518695029718576,2.518695029718576
SSP2,13_AFR,2024,0.025105902776744404,2.5105902776744404
SSP2,13_AFR,2025,0.024794836912612528,2.479483691261253
SSP2,13_AFR,2026,0.024592015684353985,2.4592015684353985
SSP2,13_AFR,2027,0.024389740448027997,2.4389740448027997
SSP2,13_AFR,2028,0.024114589638106754,2.4114589638106754
SSP2,13_AFR,2029,0.023773649848388034,2.3773649848388034
SSP2,13_AFR,2030,0.023373389841883085,2.3373389841883085
SSP2,13_AFR,2031,0.02302273866052751,2.302273866052751
SSP2,13_AFR,2032,0.022732325920256757,2.2732325920256757
SSP2,13_AFR,2033,0.02240587341086897,2.240587341086897
SSP2,13_AFR,2034,0.022046889767696864,2.2046889767696864
SSP2,13_AFR,2035,0.021658560100023205,2.1658560100023205
SSP2,13_AFR,2036,0.021316864713812,2.1316864713812
SSP2,13_AFR,2037,0.021015243939435768,2.101524393943577
SSP2,13_AFR,2038,0.02067915443159629,2.067915443159629
SSP2,13_AFR,2039,0.02031169344288619,2.031169344288619
SSP2,13_AFR,2040,0.01991567118238513,1.991567118238513
SSP2,13_AFR,2041,0.01956337080728532,1.9563370807285319
SSP2,13_AFR,2042,0.01925105857411058,1.925105857411058
SSP2,13_AFR,2043,0.018908546673035875,1.8908546673035875
SSP2,13_AFR,2044,0.018538318920757524,1.8538318920757524
SSP2,13_AFR,2045,0.018142625767404885,1.8142625767404885
SSP2,13_AFR,2046,0.01776228944838687,1.776228944838687
SSP2,13_AFR,2047,0.017421666286500992,1.7421666286500992
SSP2,13_AFR,2048,0.017093162918933924,1.7093162918933924
SSP2,13_AFR,2049,0.01677613936593736,1.677613936593736
SSP2,13_AFR,2050,0.016469999907352095,1.6469999907352095
SSP2,14_CLV,2019,0.013518730658905964,1.3518730658905964
SSP2,14_CLV,2020,0.014885445976928091,1.4885445976928091
SSP2,14_CLV,2021,0.014767858783025556,1.4767858783025556
SSP2,14_CLV,2022,0.013641674900897627,1.3641674900897627
SSP2,14_CLV,2023,0.013252516656313551,1.325251665631355
SSP2,14_CLV,2024,0.01274457405878704,1.274457405878704
SSP2,14_CLV,2025,0.007654508413123207,0.7654508413123207
SSP2,14_CLV,2026,0.007349129872320503,0.7349129872320503
SSP2,14_CLV,2027,0.0070919109033549255,0.7091910903354925
SSP2,14_CLV,2028,0.006771480016438014,0.6771480016438014
SSP2,14_CLV,2029,0.006389404085941797,0.6389404085941797
SSP2,14_CLV,2030,0.005947013991394412,0.5947013991394412
SSP2,14_CLV,2031,0.005564649816073519,0.5564649816073519
SSP2,14_CLV,2032,0.005274934512443874,0.5274934512443874
SSP2,14_CLV,2033,0.004974725939106417,0.4974725939106417
SSP2,14_CLV,2034,0.00466402710226399,0.466402710226399
SSP2,14_CLV,2035,0.00434280584621205,0.434280584621205
SSP2,14_CLV,2036,0.00409155061347688,0.409155061347688
SSP2,14_CLV,2037,0.003890057080398801,0.3890057080398801
SSP2,14_CLV,2038,0.0036481148685136855,0.36481148685136855
SSP2,14_CLV,2039,0.003366202747116853,0.3366202747116853
SSP2,14_CLV,2040,0.003044693853880176,0.3044693853880176
SSP2,14_CLV,2041,0.00280171206231028,0.280171206231028
SSP2,14_CLV,2042,0.002635039176156484,0.2635039176156484
SSP2,14_CLV,2043,0.002425961038172275,0.24259610381722752
SSP2,14_CLV,2044,0.0021748068952296418,0.21748068952296418
SSP2,14_CLV,2045,0.001881811846346615,0.1881811846346615
SSP2,14_CLV,2046,0.0016683092524651943,0.16683092524651943
SSP2,14_CLV,2047,0.0015402807033275678,0.15402807033275678
SSP2,14_CLV,2048,0.001379632960029742,0.1379632960029742
SSP2,14_CLV,2049,0.0011864954827831564,0.11864954827831564
SSP2,14_CLV,2050,0.0009609427648555879,0.0960942764855588
SSP2,15_SAS,2019,0.011078877726085734,1.1078877726085734
SSP2,15_SAS,2020,0.010816429481470768,1.0816429481470768
SSP2,15_SAS,2021,0.009799168892817178,0.9799168892817178
SSP2,15_SAS,2022,0.009308764852383966,0.9308764852383966
SSP2,15_SAS,2023,0.00971334916372113,0.971334916372113
SSP2,15_SAS,2024,0.009721358620490506,0.9721358620490506
SSP2,15_SAS,2025,0.009413210855466092,0.9413210855466092
SSP2,15_SAS,2026,0.00953263112017444,0.953263112017444
SSP2,15_SAS,2027,0.009556497969334554,0.9556497969334554
SSP2,15_SAS,2028,0.00942155932080957,0.9421559320809569
SSP2,15_SAS,2029,0.00913375030371677,0.913375030371677
SSP2,15_SAS,2030,0.008698617189375257,0.8698617189375257
SSP2,15_SAS,2031,0.008317201028038568,0.8317201028038568
SSP2,15_SAS,2032,0.008061672380476725,0.8061672380476725
SSP2,15_SAS,2033,0.007771719182396053,0.7771719182396053
SSP2,15_SAS,2034,0.007448296906048091,0.7448296906048091
SSP2,15_SAS,2035,0.007092238423572317,0.7092238423572317
SSP2,15_SAS,2036,0.006797069224587782,0.6797069224587782
SSP2,15_SAS,2037,0.006555961634761465,0.6555961634761465
SSP2,15_SAS,2038,0.006273299892566531,0.6273299892566531
SSP2,15_SAS,2039,0.0059499994856189176,0.5949999485618918
SSP2,15_SAS,2040,0.005586839965839863,0.5586839965839863
SSP2,15_SAS,2041,0.0052858055582996055,0.5285805558299606
SSP2,15_SAS,2042,0.005051189093152164,0.5051189093152164
SSP2,15_SAS,2043,0.004784081080845937,0.47840810808459366
SSP2,15_SAS,2044,0.0044849653564946745,0.44849653564946745
SSP2,15_SAS,2045,0.004154230067092701,0.4154230067092701
SSP2,15_SAS,2046,0.0038805608835776884,0.38805608835776884
SSP2,15_SAS,2047,0.003671286491248482,0.3671286491248482
SSP2,15_SAS,2048,0.0034417752564628312,0.3441775256462831
SSP2,15_SAS,2049,0.003192187304913663,0.3192187304913663
SSP2,15_SAS,2050,0.0029226332180924963,0.29226332180924963
SSP2,16_APC,2019,0.009469203870866139,0.9469203870866139
SSP2,16_APC,2020,0.008555061651338791,0.8555061651338791
SSP2,16_APC,2021,0.006767377900708027,0.6767377900708027
SSP2,16_APC,2022,0.007277429329823892,0.7277429329823892
SSP2,16_APC,2023,0.007980436008063085,0.7980436008063085
SSP2,16_APC,2024,0.007571111513670514,0.7571111513670514
SSP2,16_APC,2025,0.0075729022425568004,0.75729022425568
SSP2,16_APC,2026,0.007620771689041961,0.7620771689041961
SSP2,16_APC,2027,0.007565667447132274,0.7565667447132274
SSP2,16_APC,2028,0.007392030006229788,0.7392030006229788
SSP2,16_APC,2029,0.0071033523110883845,0.7103352311088384
SSP2,16_APC,2030,0.006702837277202667,0.6702837277202667
SSP2,16_APC,2031,0.006366752630178274,0.6366752630178274
SSP2,16_APC,2032,0.006137527350805083,0.6137527350805083
SSP2,16_APC,2033,0.005863087668629641,0.5863087668629641
SSP2,16_APC,2034,0.0055443736669771315,0.5544373666977132
SSP2,16_APC,2035,0.00518218332229492,0.518218332229492
SSP2,16_APC,2036,0.00488664203657696,0.48866420365769603
SSP2,16_APC,2037,0.004661575059079048,0.46615750590790483
SSP2,16_APC,2038,0.004399735551645856,0.4399735551645856
SSP2,16_APC,2039,0.004101639109068911,0.4101639109068911
SSP2,16_APC,2040,0.003767696070640092,0.3767696070640092
SSP2,16_APC,2041,0.0035121148563419524,0.35121148563419524
SSP2,16_APC,2042,0.0033269482085609425,0.33269482085609425
SSP2,16_APC,2043,0.003094691680441519,0.3094691680441519
SSP2,16_APC,2044,0.0028158298911984403,0.28158298911984403
SSP2,16_APC,2045,0.0024907301163461515,0.24907301163461515
SSP2,16_APC,2046,0.0022438427400497396,0.22438427400497396
SSP2,16_APC,2047,0.002084884120440833,0.2084884120440833
SSP2,16_APC,2048,0.0018946261904939643,0.18946261904939643
SSP2,16_APC,2049,0.001673230373306911,0.1673230373306911
SSP2,16_APC,2050,0.0014207957095184742,0.14207957095184742
SSP2,17_ANZ,2019,0.014775987750812458,1.4775987750812458
SSP2,17_ANZ,2020,0.013744275473396739,1.3744275473396739
SSP2,17_ANZ,2021,0.0015742645056020521,0.1574264505602052
SSP2,17_ANZ,2022,0.010738019861675774,1.0738019861675774
SSP2,17_ANZ,2023,0.024420923433801756,2.4420923433801756
SSP2,17_ANZ,2024,0.019597976416891427,1.9597976416891427
SSP2,17_ANZ,2025,0.006904713539458873,0.6904713539458873
SSP2,17_ANZ,2026,0.007193002455048836,0.7193002455048836
SSP2,17_ANZ,2027,0.007101854987819678,0.7101854987819678
SSP2,17_ANZ,2028,0.006983866594465038,0.6983866594465038
SSP2,17_ANZ,2029,0.006839780234772386,0.6839780234772386
SSP2,17_ANZ,2030,0.0066702931640145735,0.6670293164014574
SSP2,17_ANZ,2031,0.006499701219571552,0.6499701219571552
SSP2,17_ANZ,2032,0.006354360028979489,0.6354360028979489
SSP2,17_ANZ,2033,0.006223344803844677,0.6223344803844677
SSP2,17_ANZ,2034,0.006106273975966969,0.6106273975966969
SSP2,17_ANZ,2035,0.006002788743317611,0.6002788743317611
SSP2,17_ANZ,2036,0.00588400899106567,0.588400899106567
SSP2,17_ANZ,2037,0.005761564527675844,0.5761564527675844
SSP2,17_ANZ,2038,0.00566934204144065,0.566934204144065
SSP2,17_ANZ,2039,0.005606643181165882,0.5606643181165882
SSP2,17_ANZ,2040,0.0055728044205101135,0.5572804420510113
SSP2,17_ANZ,2041,0.005527280970090587,0.5527280970090587
SSP2,17_ANZ,2042,0.005464082184703178,0.5464082184703178
SSP2,17_ANZ,2043,0.005419957005124765,0.5419957005124765
SSP2,17_ANZ,2044,0.005394494158534879,0.5394494158534879
SSP2,17_ANZ,2045,0.005387295324636998,0.5387295324636998
SSP2,17_ANZ,2046,0.005380118606774564,0.5380118606774564
SSP2,17_ANZ,2047,0.0053610671780586205,0.536106717805862
SSP2,17_ANZ,2048,0.005342140674795326,0.5342140674795326
SSP2,17_ANZ,2049,0.0053233377946422245,0.5323337794642224
SSP2,17_ANZ,2050,0.005304657253724088,0.5304657253724088
SSP3,01_KOR,2019,0.003484807558033598,0.3484807558033598
SSP3,01_KOR,2020,0.001379643496117966,0.1379643496117966
SSP3,01_KOR,2021,-0.0012867445880863082,-0.12867445880863082
SSP3,01_KOR,2022,-0.001873109204236889,-0.1873109204236889
SSP3,01_KOR,2023,0.0007750727470121621,0.07750727470121621
SSP3,01_KOR,2024,0.0007434549002440782,0.07434549002440782
SSP3,01_KOR,2025,-0.0017536637009870626,-0.17536637009870626
SSP3,01_KOR,2026,-0.0017856255600252613,-0.17856255600252613
SSP3,01_KOR,2027,-0.0020209816604186415,-0.20209816604186415
SSP3,01_KOR,2028,-0.00221677546481569,-0.221677546481569
SSP3,01_KOR,2029,-0.002372805691664426,-0.23728056916644258
SSP3,01_KOR,2030,-0.0024887944799067974,-0.24887944799067974
SSP3,01_KOR,2031,-0.002623460900765706,-0.2623460900765706
SSP3,01_KOR,2032,-0.0028126059544729687,-0.28126059544729687
SSP3,01_KOR,2033,-0.0030153504520802343,-0.30153504520802343
SSP3,01_KOR,2034,-0.0032319603803357966,-0.32319603803357966
SSP3,01_KOR,2035,-0.0034627313374676616,-0.34627313374676616
SSP3,01_KOR,2036,-0.003765611257381285,-0.3765611257381285
SSP3,01_KOR,2037,-0.004108719309838027,-0.4108719309838027
SSP3,01_KOR,2038,-0.004418273619370416,-0.44182736193704164
SSP3,01_KOR,2039,-0.004693987660800647,-0.4693987660800647
SSP3,01_KOR,2040,-0.0049354655844917605,-0.49354655844917605
SSP3,01_KOR,2041,-0.0052957722700086585,-0.5295772270008658
SSP3,01_KOR,2042,-0.005726847859951034,-0.5726847859951034
SSP3,01_KOR,2043,-0.006049890226642818,-0.6049890226642818
SSP3,01_KOR,2044,-0.006262690567398366,-0.6262690567398366
SSP3,01_KOR,2045,-0.00636266859994894,-0.636266859994894
SSP3,01_KOR,2046,-0.006476192980670814,-0.6476192980670814
SSP3,01_KOR,2047,-0.006678932504389445,-0.6678932504389445
SSP3,01_KOR,2048,-0.006880283928489606,-0.6880283928489606
SSP3,01_KOR,2049,-0.00708028055830856,-0.708028055830856
SSP3,01_KOR,2050,-0.007278951126958533,-0.7278951126958533
SSP3,02_CHN,2019,0.003574141941435016,0.3574141941435016
SSP3,02_CHN,2020,0.00235159383881145,0.235159383881145
SSP3,02_CHN,2021,0.0008403467972573075,0.08403467972573075
SSP3,02_CHN,2022,-0.00017749315013781963,-0.017749315013781963
SSP3,02_CHN,2023,-0.0008981902417652954,-0.08981902417652954
SSP3,02_CHN,2024,-0.0012318031405127439,-0.12318031405127439
SSP3,02_CHN,2025,7.408830608279793e-05,0.007408830608279793
SSP3,02_CHN,2026,-0.0003457702067987123,-0.03457702067987123
SSP3,02_CHN,2027,-0.0009077540302646625,-0.09077540302646625
SSP3,02_CHN,2028,-0.0012759033838294354,-0.12759033838294354
SSP3,02_CHN,2029,-0.0014500279313774955,-0.14500279313774955
SSP3,02_CHN,2030,-0.0014292956698318537,-0.14292956698318537
SSP3,02_CHN,2031,-0.0014741363047544587,-0.14741363047544587
SSP3,02_CHN,2032,-0.0016855270355906615,-0.16855270355906615
SSP3,02_CHN,2033,-0.001852603207543324,-0.1852603207543324
SSP3,02_CHN,2034,-0.0019751554578364416,-0.19751554578364416
SSP3,02_CHN,2035,-0.00205290255010504,-0.20529025501050402
SSP3,02_CHN,2036,-0.002126990494578207,-0.2126990494578207
SSP3,02_CHN,2037,-0.00224954230628982,-0.224954230628982
SSP3,02_CHN,2038,-0.002405476807825102,-0.2405476807825102
SSP3,02_CHN,2039,-0.002595160544362929,-0.2595160544362929
SSP3,02_CHN,2040,-0.0028190168533089865,-0.28190168533089865
SSP3,02_CHN,2041,-0.003111607470437816,-0.3111607470437816
SSP3,02_CHN,2042,-0.003433747368095541,-0.3433747368095541
SSP3,02_CHN,2043,-0.003731633652495736,-0.3731633652495736
SSP3,02_CHN,2044,-0.0040051855440107476,-0.40051855440107476
SSP3,02_CHN,2045,-0.00425424739306246,-0.425424739306246
SSP3,02_CHN,2046,-0.004577930747518111,-0.4577930747518111
SSP3,02_CHN,2047,-0.004975849438028868,-0.49758494380288676
SSP3,02_CHN,2048,-0.005348519704925669,-0.5348519704925669
SSP3,02_CHN,2049,-0.005695809146003317,-0.5695809146003317
SSP3,02_CHN,2050,-0.006017483964291137,-0.6017483964291137
SSP3,03_JPN,2019,-0.0014036637200243174,-0.14036637200243174
SSP3,03_JPN,2020,-0.0029376228945061644,-0.29376228945061644
SSP3,03_JPN,2021,-0.004588962545837627,-0.4588962545837627
SSP3,03_JPN,2022,-0.004428683522494814,-0.4428683522494814
SSP3,03_JPN,2023,-0.004861850577265625,-0.4861850577265625
SSP3,03_JPN,2024,-0.004347041138675012,-0.4347041138675012
SSP3,03_JPN,2025,-0.005388412742759141,-0.5388412742759141
SSP3,03_JPN,2026,-0.005451368761619779,-0.5451368761619779
SSP3,03_JPN,2027,-0.005676798649028925,-0.5676798649028925
SSP3,03_JPN,2028,-0.005833076878936971,-0.5833076878936971
SSP3,03_JPN,2029,-0.005918671336681003,-0.5918671336681003
SSP3,03_JPN,2030,-0.005931925556977635,-0.5931925556977635
SSP3,03_JPN,2031,-0.005955954919113826,-0.5955954919113826
SSP3,03_JPN,2032,-0.00603022375770601,-0.603022375770601
SSP3,03_JPN,2033,-0.006089795701172962,-0.6089795701172962
SSP3,03_JPN,2034,-0.006134310898425421,-0.6134310898425421
SSP3,03_JPN,2035,-0.006163395214596079,-0.6163395214596079
SSP3,03_JPN,2036,-0.006191725509863355,-0.6191725509863355
SSP3,03_JPN,2037,-0.006231165199501176,-0.6231165199501176
SSP3,03_JPN,2038,-0.00627271793910722,-0.627271793910722
SSP3,03_JPN,2039,-0.006316434089671086,-0.6316434089671086
SSP3,03_JPN,2040,-0.0063623656029667686,-0.6362365602966769
SSP3,03_JPN,2041,-0.006429371935951389,-0.6429371935951389
SSP3,03_JPN,2042,-0.006496319335851486,-0.6496319335851486
SSP3,03_JPN,2043,-0.006533244353165268,-0.6533244353165268
SSP3,03_JPN,2044,-0.006539352543107446,-0.6539352543107446
SSP3,03_JPN,2045,-0.006513826798311473,-0.6513826798311473
SSP3,03_JPN,2046,-0.0064887045626752515,-0.6488704562675252
SSP3,03_JPN,2047,-0.006484921512285857,-0.6484921512285857
SSP3,03_JPN,2048,-0.006480271096521606,-0.6480271096521606
SSP3,03_JPN,2049,-0.006474733506503183,-0.6474733506503183
SSP3,03_JPN,2050,-0.006468288675305134,-0.6468288675305134
SSP3,04_RUS,2019,0.0003795441461940108,0.03795441461940108
SSP3,04_RUS,2020,-0.0014309954664415425,-0.14309954664415425
SSP3,04_RUS,2021,-0.0034313435378922064,-0.34313435378922064
SSP3,04_RUS,2022,-0.003522213505542826,-0.3522213505542826
SSP3,04_RUS,2023,-0.0028481124179200457,-0.28481124179200457
SSP3,04_RUS,2024,-0.002032168980699134,-0.2032168980699134
SSP3,04_RUS,2025,-0.0008238904299331384,-0.08238904299331384
SSP3,04_RUS,2026,-0.001787565261306412,-0.1787565261306412
SSP3,04_RUS,2027,-0.0031959460184370903,-0.319594601843709
SSP3,04_RUS,2028,-0.003987618127491377,-0.3987618127491377
SSP3,04_RUS,2029,-0.004157361755946942,-0.4157361755946942
SSP3,04_RUS,2030,-0.003695730190080959,-0.3695730190080959
SSP3,04_RUS,2031,-0.0032878293360010247,-0.32878293360010247
SSP3,04_RUS,2032,-0.0033032056824142675,-0.33032056824142675
SSP3,04_RUS,2033,-0.003232833616830688,-0.3232833616830688
SSP3,04_RUS,2034,-0.0030755918216071043,-0.30755918216071043
SSP3,04_RUS,2035,-0.0028304263871477,-0.28304263871477
SSP3,04_RUS,2036,-0.00262440088998106,-0.262440088998106
SSP3,04_RUS,2037,-0.002501275895559041,-0.2501275895559041
SSP3,04_RUS,2038,-0.002355002499428216,-0.2355002499428216
SSP3,04_RUS,2039,-0.002185414881597625,-0.2185414881597625
SSP3,04_RUS,2040,-0.0019923811266162605,-0.19923811266162605
SSP3,04_RUS,2041,-0.0018299203185110358,-0.18299203185110358
SSP3,04_RUS,2042,-0.0017114419898158761,-0.17114419898158761
SSP3,04_RUS,2043,-0.001589566899573125,-0.1589566899573125
SSP3,04_RUS,2044,-0.001464318184196678,-0.1464318184196678
SSP3,04_RUS,2045,-0.0013357230392840869,-0.1335723039284087
SSP3,04_RUS,2046,-0.0012370139772253097,-0.12370139772253097
SSP3,04_RUS,2047,-0.0011615379787048852,-0.11615379787048852
SSP3,04_RUS,2048,-0.001072721833890511,-0.10727218338905109
SSP3,04_RUS,2049,-0.0009705268199262651,-0.09705268199262651
SSP3,04_RUS,2050,-0.0008549262972286087,-0.08549262972286087
SSP3,05_MNG,2019,0.01854130165024559,1.854130165024559
SSP3,05_MNG,2020,0.018218163200540483,1.8218163200540483
SSP3,05_MNG,2021,0.016992345524951213,1.6992345524951213
SSP3,05_MNG,2022,0.014778613374959892,1.4778613374959892
SSP3,05_MNG,2023,0.013803284341192157,1.3803284341192157
SSP3,05_MNG,2024,0.012536967003672572,1.2536967003672572
SSP3,05_MNG,2025,0.013843019673194457,1.3843019673194457
SSP3,05_MNG,2026,0.014249950750178098,1.4249950750178098
SSP3,05_MNG,2027,0.014224933679249707,1.4224933679249707
SSP3,05_MNG,2028,0.014206715309418527,1.4206715309418527
SSP3,05_MNG,2029,0.014194903105106293,1.4194903105106293
SSP3,05_MNG,2030,0.014189119810339212,1.4189119810339212
SSP3,05_MNG,2031,0.014171026085270988,1.4171026085270988
SSP3,05_MNG,2032,0.014151910250587374,1.4151910250587374
SSP3,05_MNG,2033,0.014154530701011803,1.4154530701011803
SSP3,05_MNG,2034,0.014177657431863722,1.4177657431863722
SSP3,05_MNG,2035,0.014220102601377738,1.4220102601377738
SSP3,05_MNG,2036,0.014316328356662966,1.4316328356662966
SSP3,05_MNG,2037,0.014400087400368689,1.4400087400368689
SSP3,05_MNG,2038,0.014406185363330604,1.4406185363330604
SSP3,05_MNG,2039,0.014338884373122918,1.4338884373122918
SSP3,05_MNG,2040,0.014202291823907753,1.4202291823907753
SSP3,05_MNG,2041,0.014094696661313355,1.4094696661313355
SSP3,05_MNG,2042,0.014035942162040627,1.4035942162040627
SSP3,05_MNG,2043,0.013942146886098739,1.3942146886098739
SSP3,05_MNG,2044,0.013815256989072378,1.3815256989072378
SSP3,05_MNG,2045,0.013657118040678151,1.3657118040678151
SSP3,05_MNG,2046,0.013503544639354548,1.3503544639354548
SSP3,05_MNG,2047,0.013376101146334696,1.3376101146334696
SSP3,05_MNG,2048,0.013251024546560464,1.3251024546560464
SSP3,05_MNG,2049,0.01312824538011892,1.312824538011892
SSP3,05_MNG,2050,0.013007696931179202,1.3007696931179202
SSP3,06_PRK,2019,0.0041064515966069415,0.41064515966069415
SSP3,06_PRK,2020,0.0037898991736269316,0.37898991736269316
SSP3,06_PRK,2021,0.003681544664756009,0.3681544664756009
SSP3,06_PRK,2022,0.003671433343038766,0.3671433343038766
SSP3,06_PRK,2023,0.003393958223385729,0.3393958223385729
SSP3,06_PRK,2024,0.0030516457515430417,0.3051645751543042
SSP3,06_PRK,2025,0.003036526658586114,0.3036526658586114
SSP3,06_PRK,2026,0.0022449124094716666,0.22449124094716666
SSP3,06_PRK,2027,0.0020671963977572094,0.20671963977572094
SSP3,06_PRK,2028,0.001704246624439909,0.1704246624439909
SSP3,06_PRK,2029,0.0011572352596347368,0.11572352596347368
SSP3,06_PRK,2030,0.00042659293149993616,0.042659293149993616
SSP3,06_PRK,2031,-0.0001627068881423499,-0.01627068881423499
SSP3,06_PRK,2032,-0.000438691437560923,-0.0438691437560923
SSP3,06_PRK,2033,-0.0006406675739422107,-0.06406675739422107
SSP3,06_PRK,2034,-0.0007686480401446483,-0.07686480401446483
SSP3,06_PRK,2035,-0.0008225067938089081,-0.08225067938089081
SSP3,06_PRK,2036,-0.0010148807757809353,-0.10148807757809353
SSP3,06_PRK,2037,-0.0013429884228443045,-0.13429884228443045
SSP3,06_PRK,2038,-0.001592654859510767,-0.1592654859510767
SSP3,06_PRK,2039,-0.0017636680920748438,-0.17636680920748438
SSP3,06_PRK,2040,-0.0018556303025303311,-0.1855630302530331
SSP3,06_PRK,2041,-0.002056351990961214,-0.20563519909612138
SSP3,06_PRK,2042,-0.0023553621298885163,-0.23553621298885163
SSP3,06_PRK,2043,-0.002558840454807365,-0.2558840454807365
SSP3,06_PRK,2044,-0.0026660286114403853,-0.2666028611440385
SSP3,06_PRK,2045,-0.002675985018653515,-0.2675985018653515
SSP3,06_PRK,2046,-0.0026930890686213127,-0.26930890686213127
SSP3,06_PRK,2047,-0.002781115424677516,-0.2781115424677516
SSP3,06_PRK,2048,-0.002866797023750589,-0.2866797023750589
SSP3,06_PRK,2049,-0.002950126031792455,-0.2950126031792455
SSP3,06_PRK,2050,-0.003031092380996747,-0.3031092380996747
SSP3,07_NAM,2019,0.006119103224941691,0.6119103224941691
SSP3,07_NAM,2020,0.004780946608776926,0.4780946608776926
SSP3,07_NAM,2021,0.0019829753854954113,0.19829753854954113
SSP3,07_NAM,2022,0.007046280097031454,0.7046280097031454
SSP3,07_NAM,2023,0.010539016692275638,1.0539016692275638
SSP3,07_NAM,2024,0.011948026867095507,1.1948026867095507
SSP3,07_NAM,2025,0.003588199048875973,0.3588199048875973
SSP3,07_NAM,2026,0.003721595650524545,0.3721595650524545
SSP3,07_NAM,2027,0.003676632404464808,0.3676632404464808
SSP3,07_NAM,2028,0.0036467706061962257,0.3646770606196226
SSP3,07_NAM,2029,0.003631789090890347,0.3631789090890347
SSP3,07_NAM,2030,0.003631472668184088,0.3631472668184088
SSP3,07_NAM,2031,0.003630957125981382,0.3630957125981382
SSP3,07_NAM,2032,0.0036207761332489596,0.36207761332489596
SSP3,07_NAM,2033,0.003610898719284883,0.3610898719284883
SSP3,07_NAM,2034,0.003601320833058974,0.3601320833058974
SSP3,07_NAM,2035,0.003592038485227267,0.3592038485227267
SSP3,07_NAM,2036,0.003620977262572156,0.3620977262572156
SSP3,07_NAM,2037,0.0036494077995101737,0.36494077995101737
SSP3,07_NAM,2038,0.003620656814657952,0.3620656814657952
SSP3,07_NAM,2039,0.0035355495069302467,0.35355495069302467
SSP3,07_NAM,2040,0.003394881231574054,0.3394881231574054
SSP3,07_NAM,2041,0.003239438288845875,0.3239438288845875
SSP3,07_NAM,2042,0.0031282660769920145,0.31282660769920145
SSP3,07_NAM,2043,0.0030503223212186015,0.30503223212186015
SSP3,07_NAM,2044,0.003005177176492513,0.3005177176492513
SSP3,07_NAM,2045,0.0029924273161545667,0.29924273161545667
SSP3,07_NAM,2046,0.002980467304936729,0.2980467304936729
SSP3,07_NAM,2047,0.0029478708815375843,0.2947870881537584
SSP3,07_NAM,2048,0.0029152373059342374,0.29152373059342374
SSP3,07_NAM,2049,0.0028825654544952783,0.28825654544952783
SSP3,07_NAM,2050,0.002849854172326749,0.2849854172326749
SSP3,08_LAM,2019,0.008183527633524701,0.8183527633524701
SSP3,08_LAM,2020,0.007153033357822691,0.7153033357822691
SSP3,08_LAM,2021,0.0058550337822129706,0.585503378221297
SSP3,08_LAM,2022,0.0060642303980167345,0.6064230398016734
SSP3,08_LAM,2023,0.006967054476407775,0.6967054476407775
SSP3,08_LAM,2024,0.006988649702892369,0.6988649702892369
SSP3,08_LAM,2025,0.006995147274881264,0.6995147274881264
SSP3,08_LAM,2026,0.0076180221440032,0.76180221440032
SSP3,08_LAM,2027,0.008008607532316026,0.8008607532316026
SSP3,08_LAM,2028,0.008160490920896324,0.8160490920896324
SSP3,08_LAM,2029,0.008080949527063286,0.8080949527063286
SSP3,08_LAM,2030,0.0077773602675248465,0.7777360267524847
SSP3,08_LAM,2031,0.007512713183757791,0.7512713183757791
SSP3,08_LAM,2032,0.0074040130079895405,0.740401300798954
SSP3,08_LAM,2033,0.007253086722971203,0.7253086722971203
SSP3,08_LAM,2034,0.007061145072043029,0.7061145072043029
SSP3,08_LAM,2035,0.006829310739094652,0.6829310739094652
SSP3,08_LAM,2036,0.006667608112000067,0.6667608112000067
SSP3,08_LAM,2037,0.006545238068013104,0.6545238068013104
SSP3,08_LAM,2038,0.00633923318085583,0.633923318085583
SSP3,08_LAM,2039,0.006051682458329655,0.6051682458329655
SSP3,08_LAM,2040,0.0056844596799434655,0.5684459679943465
SSP3,08_LAM,2041,0.005342868172891313,0.5342868172891313
SSP3,08_LAM,2042,0.005089622300433971,0.5089622300433971
SSP3,08_LAM,2043,0.0048516814307981715,0.48516814307981715
SSP3,08_LAM,2044,0.004628602075723354,0.46286020757233537
SSP3,08_LAM,2045,0.0044199787545640135,0.44199787545640135
SSP3,08_LAM,2046,0.004239012684561949,0.4239012684561949
SSP3,08_LAM,2047,0.004070478588542148,0.4070478588542148
SSP3,08_LAM,2048,0.0038933389687718645,0.38933389687718645
SSP3,08_LAM,2049,0.003707657837074496,0.3707657837074496
SSP3,08_LAM,2050,0.003513482387134781,0.3513482387134781
SSP3,09_WEU,2019,0.004762886155645241,0.47628861556452406
SSP3,09_WEU,2020,0.003202811102841041,0.3202811102841041
SSP3,09_WEU,2021,0.0028841608981153843,0.28841608981153843
SSP3,09_WEU,2022,0.005263638014970873,0.5263638014970873
SSP3,09_WEU,2023,0.005823495095734543,0.5823495095734543
SSP3,09_WEU,2024,0.004928165060704703,0.49281650607047034
SSP3,09_WEU,2025,0.001684506507066974,0.1684506507066974
SSP3,09_WEU,2026,0.0013615031298543911,0.13615031298543911
SSP3,09_WEU,2027,0.0011398331836798281,0.11398331836798281
SSP3,09_WEU,2028,0.0010160154160541168,0.10160154160541168
SSP3,09_WEU,2029,0.0009895384797207196,0.09895384797207196
SSP3,09_WEU,2030,0.001059993852746688,0.10599938527466879
SSP3,09_WEU,2031,0.0011220240497995526,0.11220240497995526
SSP3,09_WEU,2032,0.0011195270451045403,0.11195270451045403
SSP3,09_WEU,2033,0.0011294785310358435,0.11294785310358435
SSP3,09_WEU,2034,0.0011518225141715632,0.11518225141715632
SSP3,09_WEU,2035,0.0011865016207139867,0.11865016207139867
SSP3,09_WEU,2036,0.0012562646064018246,0.12562646064018246
SSP3,09_WEU,2037,0.00131930500736277,0.131930500736277
SSP3,09_WEU,2038,0.0013321073249654702,0.13321073249654702
SSP3,09_WEU,2039,0.0012949320316453239,0.1294932031645324
SSP3,09_WEU,2040,0.001208040167427482,0.12080401674274821
SSP3,09_WEU,2041,0.0011255517808006488,0.11255517808006488
SSP3,09_WEU,2042,0.0010812925036758347,0.10812925036758347
SSP3,09_WEU,2043,0.0010382326576348078,0.10382326576348078
SSP3,09_WEU,2044,0.000996361767371834,0.09963617673718339
SSP3,09_WEU,2045,0.0009556698790549323,0.09556698790549323
SSP3,09_WEU,2046,0.0009201100235927129,0.09201100235927129
SSP3,09_WEU,2047,0.0008875264347447676,0.08875264347447676
SSP3,09_WEU,2048,0.0008528844826274362,0.08528844826274362
SSP3,09_WEU,2049,0.0008161880951182976,0.08161880951182976
SSP3,09_WEU,2050,0.0007774404642686417,0.07774404642686417
SSP3,10_EEU,2019,-0.002926876355207386,-0.2926876355207386
SSP3,10_EEU,2020,-0.006714848426055187,-0.6714848426055187
SSP3,10_EEU,2021,-0.010088433095998828,-1.0088433095998828
SSP3,10_EEU,2022,-0.0034763772409029947,-0.34763772409029947
SSP3,10_EEU,2023,-0.0006524481852030473,-0.06524481852030473
SSP3,10_EEU,2024,-0.002642987921296136,-0.2642987921296136
SSP3,10_EEU,2025,-0.0020045798610219823,-0.20045798610219823
SSP3,10_EEU,2026,-0.002942693974471,-0.2942693974471
SSP3,10_EEU,2027,-0.003919978805082436,-0.3919978805082436
SSP3,10_EEU,2028,-0.004498579685506154,-0.44985796855061544
SSP3,10_EEU,2029,-0.004673540670523835,-0.46735406705238347
SSP3,10_EEU,2030,-0.0044378265581042076,-0.44378265581042076
SSP3,10_EEU,2031,-0.00422613855828502,-0.42261385582850197
SSP3,10_EEU,2032,-0.004289561200734537,-0.42895612007345374
SSP3,10_EEU,2033,-0.004312657318608415,-0.4312657318608415
SSP3,10_EEU,2034,-0.004294729488313331,-0.42947294883133313
SSP3,10_EEU,2035,-0.004235066640974505,-0.4235066640974505
SSP3,10_EEU,2036,-0.004171568826925376,-0.4171568826925376
SSP3,10_EEU,2037,-0.004136494423954917,-0.41364944239549173
SSP3,10_EEU,2038,-0.004107621284004215,-0.4107621284004215
SSP3,10_EEU,2039,-0.0040850591238505984,-0.40850591238505984
SSP3,10_EEU,2040,-0.00406891703498613,-0.40689170349861303
SSP3,10_EEU,2041,-0.004072249003027939,-0.4072249003027939
SSP3,10_EEU,2042,-0.004071836497701042,-0.40718364977010424
SSP3,10_EEU,2043,-0.004042749376319765,-0.4042749376319765
SSP3,10_EEU,2044,-0.003984521566091526,-0.39845215660915256
SSP3,10_EEU,2045,-0.00389669247643587,-0.389669247643587
SSP3,10_EEU,2046,-0.0038136599543253658,-0.3813659954325366
SSP3,10_EEU,2047,-0.003753207548832238,-0.3753207548832238
SSP3,10_EEU,2048,-0.003689465047799767,-0.3689465047799767
SSP3,10_EEU,2049,-0.00362240032656469,-0.362240032656469
SSP3,10_EEU,2050,-0.003551983013186266,-0.3551983013186266
SSP3,11_CAS,2019,0.01223377043067031,1.223377043067031
SSP3,11_CAS,2020,0.012494916923671218,1.2494916923671218
SSP3,11_CAS,2021,0.009880995030362438,0.9880995030362438
SSP3,11_CAS,2022,-0.006990911328116578,-0.6990911328116578
SSP3,11_CAS,2023,-0.005671671300248038,-0.5671671300248038
SSP3,11_CAS,2024,0.0145704567062801,1.45704567062801
SSP3,11_CAS,2025,0.004938861394457428,0.4938861394457428
SSP3,11_CAS,2026,0.008851538029075456,0.8851538029075456
SSP3,11_CAS,2027,0.01319921207570296,1.319921207570296
SSP3,11_CAS,2028,0.015517955753363566,1.5517955753363566
SSP3,11_CAS,2029,0.015885150916693513,1.5885150916693513
SSP3,11_CAS,2030,0.014412221943872705,1.4412221943872705
SSP3,11_CAS,2031,0.01297260411208101,1.297260411208101
SSP3,11_CAS,2032,0.012767846984161002,1.2767846984161002
SSP3,11_CAS,2033,0.012609310389999573,1.2609310389999573
SSP3,11_CAS,2034,0.012494749489607049,1.2494749489607049
SSP3,11_CAS,2035,0.01242205102888616,1.242205102888616
SSP3,11_CAS,2036,0.012401205092708256,1.2401205092708256
SSP3,11_CAS,2037,0.012354129844391215,1.2354129844391215
SSP3,11_CAS,2038,0.012233069731991453,1.2233069731991453
SSP3,11_CAS,2039,0.012041616028588553,1.2041616028588553
SSP3,11_CAS,2040,0.01178315638164884,1.178315638164884
SSP3,11_CAS,2041,0.011527399906736235,1.1527399906736235
SSP3,11_CAS,2042,0.011326726155565403,1.1326726155565403
SSP3,11_CAS,2043,0.011139567157421038,1.1139567157421038
SSP3,11_CAS,2044,0.01096534651761627,1.096534651761627
SSP3,11_CAS,2045,0.01080352344163038,1.080352344163038
SSP3,11_CAS,2046,0.010646356042318228,1.0646356042318228
SSP3,11_CAS,2047,0.010488208599935378,1.0488208599935378
SSP3,11_CAS,2048,0.010333521824094083,1.0333521824094083
SSP3,11_CAS,2049,0.010182171243763971,1.018217124376397
SSP3,11_CAS,2050,0.01003403815469861,1.003403815469861
SSP3,12_MEA,2019,0.01722501137663013,1.7225011376630128
SSP3,12_MEA,2020,0.018479414648780557,1.8479414648780557
SSP3,12_MEA,2021,0.013362963470772149,1.336296347077215
SSP3,12_MEA,2022,0.020925489723068624,2.0925489723068624
SSP3,12_MEA,2023,0.02129376723448706,2.129376723448706
SSP3,12_MEA,2024,0.019733333226415795,1.9733333226415795
SSP3,12_MEA,2025,0.015842464185530813,1.5842464185530813
SSP3,12_MEA,2026,0.016100612529194036,1.6100612529194036
SSP3,12_MEA,2027,0.016183615659990602,1.6183615659990602
SSP3,12_MEA,2028,0.016150879100569115,1.6150879100569115
SSP3,12_MEA,2029,0.016009573560365586,1.6009573560365586
SSP3,12_MEA,2030,0.015766531306847353,1.5766531306847353
SSP3,12_MEA,2031,0.01553476685544708,1.553476685544708
SSP3,12_MEA,2032,0.015378315361715522,1.5378315361715522
SSP3,12_MEA,2033,0.015221167979914352,1.5221167979914352
SSP3,12_MEA,2034,0.015063455195115427,1.5063455195115427
SSP3,12_MEA,2035,0.014905297490619196,1.4905297490619196
SSP3,12_MEA,2036,0.014826199724593314,1.4826199724593314
SSP3,12_MEA,2037,0.014750764386515902,1.4750764386515902
SSP3,12_MEA,2038,0.014566793908106446,1.4566793908106446
SSP3,12_MEA,2039,0.014280557977448982,1.4280557977448982
SSP3,12_MEA,2040,0.013897891827649334,1.3897891827649334
SSP3,12_MEA,2041,0.013547838285193015,1.3547838285193015
SSP3,12_MEA,2042,0.013279935655418518,1.3279935655418518
SSP3,12_MEA,2043,0.012994749907717651,1.299474990771765
SSP3,12_MEA,2044,0.012693198573582531,1.2693198573582531
SSP3,12_MEA,2045,0.012376112771944836,1.2376112771944836
SSP3,12_MEA,2046,0.012074082159199584,1.2074082159199584
SSP3,12_MEA,2047,0.011801009302180088,1.1801009302180088
SSP3,12_MEA,2048,0.011533618840465554,1.1533618840465554
SSP3,12_MEA,2049,0.011271637902959597,1.1271637902959597
SSP3,12_MEA,2050,0.011014807804835547,1.1014807804835547
SSP3,13_AFR,2019,0.026063520589233224,2.6063520589233224
SSP3,13_AFR,2020,0.025814214350296627,2.5814214350296627
SSP3,13_AFR,2021,0.02549977497344269,2.549977497344269
SSP3,13_AFR,2022,0.02509963711783736,2.509963711783736
SSP3,13_AFR,2023,0.02518695029718576,2.518695029718576
SSP3,13_AFR,2024,0.025105902776744404,2.5105902776744404
SSP3,13_AFR,2025,0.02552201023283418,2.552201023283418
SSP3,13_AFR,2026,0.02600700318841498,2.600700318841498
SSP3,13_AFR,2027,0.02632439973044387,2.632439973044387
SSP3,13_AFR,2028,0.0264377469634014,2.64377469634014
SSP3,13_AFR,2029,0.02636621081001933,2.636621081001933
SSP3,13_AFR,2030,0.026127911183226882,2.612791118322688
SSP3,13_AFR,2031,0.025962622811401825,2.5962622811401825
SSP3,13_AFR,2032,0.02592055432746232,2.592055432746232
SSP3,13_AFR,2033,0.0258054945660815,2.58054945660815
SSP3,13_AFR,2034,0.02562452583238506,2.562452583238506
SSP3,13_AFR,2035,0.025384213045203108,2.538421304520311
SSP3,13_AFR,2036,0.025272986425561417,2.5272986425561417
SSP3,13_AFR,2037,0.025209817607128704,2.5209817607128704
SSP3,13_AFR,2038,0.024982966510187943,2.4982966510187943
SSP3,13_AFR,2039,0.024608246836881564,2.4608246836881564
SSP3,13_AFR,2040,0.024100140773404277,2.4100140773404277
SSP3,13_AFR,2041,0.023614648580972286,2.3614648580972286
SSP3,13_AFR,2042,0.023245610583771725,2.3245610583771725
SSP3,13_AFR,2043,0.022893178838782724,2.2893178838782724
SSP3,13_AFR,2044,0.0225563385559302,2.25563385559302
SSP3,13_AFR,2045,0.022234152878759073,2.2234152878759073
SSP3,13_AFR,2046,0.021926882455420404,2.1926882455420404
SSP3,13_AFR,2047,0.021629918754750177,2.1629918754750177
SSP3,13_AFR,2048,0.021339847769838327,2.1339847769838327
SSP3,13_AFR,2049,0.02105642592191015,2.105642592191015
SSP3,13_AFR,2050,0.020779420914627478,2.0779420914627478
SSP3,14_CLV,2019,0.013518730658905964,1.3518730658905964
SSP3,14_CLV,2020,0.014885445976928091,1.4885445976928091
SSP3,14_CLV,2021,0.014767858783025556,1.4767858783025556
SSP3,14_CLV,2022,0.013641674900897627,1.3641674900897627
SSP3,14_CLV,2023,0.013252516656313551,1.325251665631355
SSP3,14_CLV,2024,0.01274457405878704,1.274457405878704
SSP3,14_CLV,2025,0.008084864113656165,0.8084864113656165
SSP3,14_CLV,2026,0.008146636726155121,0.8146636726155121
SSP3,14_CLV,2027,0.008118179143236759,0.8118179143236759
SSP3,14_CLV,2028,0.007979921706587456,0.7979921706587456
SSP3,14_CLV,2029,0.007735354697398833,0.7735354697398833
SSP3,14_CLV,2030,0.007387730326031017,0.7387730326031017
SSP3,14_CLV,2031,0.007055703415286274,0.7055703415286274
SSP3,14_CLV,2032,0.006815384719047302,0.6815384719047302
SSP3,14_CLV,2033,0.0065880831817553,0.65880831817553
SSP3,14_CLV,2034,0.006373354393125696,0.6373354393125696
SSP3,14_CLV,2035,0.0061707865146627405,0.617078651466274
SSP3,14_CLV,2036,0.006025249864958893,0.6025249864958893
SSP3,14_CLV,2037,0.005886666097794313,0.5886666097794313
SSP3,14_CLV,2038,0.005685940222977859,0.5685940222977859
SSP3,14_CLV,2039,0.005424443218948749,0.5424443218948749
SSP3,14_CLV,2040,0.005103396131283855,0.5103396131283855
SSP3,14_CLV,2041,0.004807425181999836,0.4807425181999836
SSP3,14_CLV,2042,0.004582575833734337,0.4582575833734337
SSP3,14_CLV,2043,0.0043678292040332245,0.43678292040332245
SSP3,14_CLV,2044,0.00416288938598508,0.416288938598508
SSP3,14_CLV,2045,0.00396748292269411,0.396748292269411
SSP3,14_CLV,2046,0.003798663305756511,0.3798663305756511
SSP3,14_CLV,2047,0.0036443734276172535,0.36443734276172535
SSP3,14_CLV,2048,0.0034813948078247225,0.34813948078247225
SSP3,14_CLV,2049,0.0033097879435990407,0.33097879435990407
SSP3,14_CLV,2050,0.003129597907103543,0.3129597907103543
SSP3,15_SAS,2019,0.011078877726085734,1.1078877726085734
SSP3,15_SAS,2020,0.010816429481470768,1.0816429481470768
SSP3,15_SAS,2021,0.009799168892817178,0.9799168892817178
SSP3,15_SAS,2022,0.009308764852383966,0.9308764852383966
SSP3,15_SAS,2023,0.00971334916372113,0.971334916372113
SSP3,15_SAS,2024,0.009721358620490506,0.9721358620490506
SSP3,15_SAS,2025,0.009880036212316368,0.9880036212316368
SSP3,15_SAS,2026,0.010481278664224991,1.048127866422499
SSP3,15_SAS,2027,0.010883352637283128,1.0883352637283128
SSP3,15_SAS,2028,0.011019055662537136,1.1019055662537136
SSP3,15_SAS,2029,0.010899412359808958,1.0899412359808958
SSP3,15_SAS,2030,0.010535369807505468,1.0535369807505468
SSP3,15_SAS,2031,0.010205454428664495,1.0205454428664495
SSP3,15_SAS,2032,0.010047315755006059,1.0047315755006059
SSP3,15_SAS,2033,0.009860047827369156,0.9860047827369156
SSP3,15_SAS,2034,0.009644794646040511,0.9644794646040511
SSP3,15_SAS,2035,0.009402615533347536,0.9402615533347536
SSP3,15_SAS,2036,0.00923735837869688,0.923735837869688
SSP3,15_SAS,2037,0.009100995828319691,0.9100995828319691
SSP3,15_SAS,2038,0.008869083637158326,0.8869083637158326
SSP3,15_SAS,2039,0.008544982744655316,0.8544982744655316
SSP3,15_SAS,2040,0.008131747481056939,0.8131747481056939
SSP3,15_SAS,2041,0.00774475913528927,0.774475913528927
SSP3,15_SAS,2042,0.007450005620267763,0.7450005620267763
SSP3,15_SAS,2043,0.007166802459328769,0.7166802459328769
SSP3,15_SAS,2044,0.006894661417353953,0.6894661417353953
SSP3,15_SAS,2045,0.006633129110571456,0.6633129110571456
SSP3,15_SAS,2046,0.00639817677563137,0.639817677563137
SSP3,15_SAS,2047,0.0061793563643286475,0.6179356364328648
SSP3,15_SAS,2048,0.005955187025012965,0.5955187025012965
SSP3,15_SAS,2049,0.005725700551919566,0.5725700551919566
SSP3,15_SAS,2050,0.005490913884218296,0.5490913884218296
SSP3,16_APC,2019,0.009469203870866139,0.9469203870866139
SSP3,16_APC,2020,0.008555061651338791,0.8555061651338791
SSP3,16_APC,2021,0.006767377900708027,0.6767377900708027
SSP3,16_APC,2022,0.007277429329823892,0.7277429329823892
SSP3,16_APC,2023,0.007980436008063085,0.7980436008063085
SSP3,16_APC,2024,0.007571111513670514,0.7571111513670514
SSP3,16_APC,2025,0.007930228099440884,0.7930228099440884
SSP3,16_APC,2026,0.00832711641012307,0.832711641012307
SSP3,16_APC,2027,0.008529392139239533,0.8529392139239533
SSP3,16_APC,2028,0.008544309391440352,0.8544309391440352
SSP3,16_APC,2029,0.008378077859751532,0.8378077859751532
SSP3,16_APC,2030,0.008036740802550124,0.8036740802550124
SSP3,16_APC,2031,0.007734919020933928,0.7734919020933928
SSP3,16_APC,2032,0.007563540841145411,0.7563540841145411
SSP3,16_APC,2033,0.007358514321880172,0.7358514321880172
SSP3,16_APC,2034,0.007120785904366711,0.7120785904366711
SSP3,16_APC,2035,0.006851213326930061,0.6851213326930061
SSP3,16_APC,2036,0.006644858148687982,0.6644858148687982
SSP3,16_APC,2037,0.006478512919721124,0.6478512919721124
SSP3,16_APC,2038,0.0062473695287061926,0.6247369528706193
SSP3,16_APC,2039,0.0059529883208844225,0.5952988320884423
SSP3,16_APC,2040,0.005596749389045419,0.5596749389045419
SSP3,16_APC,2041,0.005272626972503192,0.5272626972503192
SSP3,16_APC,2042,0.005025473411465864,0.5025473411465864
SSP3,16_APC,2043,0.004784459735387658,0.47844597353876583
SSP3,16_APC,2044,0.0045493257220088346,0.45493257220088346
SSP3,16_APC,2045,0.004319826115358971,0.4319826115358971
SSP3,16_APC,2046,0.004122570526950975,0.4122570526950975
SSP3,16_APC,2047,0.0039469144394801425,0.39469144394801425
SSP3,16_APC,2048,0.003760824891256842,0.3760824891256842
SSP3,16_APC,2049,0.003564380808000589,0.3564380808000589
SSP3,16_APC,2050,0.003357639923839084,0.3357639923839084
SSP3,17_ANZ,2019,0.014775987750812458,1.4775987750812458
SSP3,17_ANZ,2020,0.013744275473396739,1.3744275473396739
SSP3,17_ANZ,2021,0.0015742645056020521,0.1574264505602052
SSP3,17_ANZ,2022,0.010738019861675774,1.0738019861675774
SSP3,17_ANZ,2023,0.024420923433801756,2.4420923433801756
SSP3,17_ANZ,2024,0.019597976416891427,1.9597976416891427
SSP3,17_ANZ,2025,0.006563703165686663,0.6563703165686663
SSP3,17_ANZ,2026,0.006509084741606053,0.6509084741606053
SSP3,17_ANZ,2027,0.006187166486321782,0.6187166486321782
SSP3,17_ANZ,2028,0.0059533586332765065,0.5953358633276506
SSP3,17_ANZ,2029,0.005805376103908966,0.5805376103908966
SSP3,17_ANZ,2030,0.0057411506315470096,0.574115063154701
SSP3,17_ANZ,2031,0.005672323036482352,0.5672323036482352
SSP3,17_ANZ,2032,0.005553726167190076,0.5553726167190076
SSP3,17_ANZ,2033,0.005449414071972081,0.5449414071972081
SSP3,17_ANZ,2034,0.0053590579857139,0.53590579857139
SSP3,17_ANZ,2035,0.005282347198106274,0.5282347198106274
SSP3,17_ANZ,2036,0.005211422773138574,0.5211422773138574
SSP3,17_ANZ,2037,0.005134729803837557,0.5134729803837557
SSP3,17_ANZ,2038,0.005054182064766488,0.5054182064766488
SSP3,17_ANZ,2039,0.00496985066205724,0.496985066205724
SSP3,17_ANZ,2040,0.004881802452420869,0.4881802452420869
SSP3,17_ANZ,2041,0.0047717235573128125,0.47717235573128125
SSP3,17_ANZ,2042,0.004668055082465816,0.4668055082465816
SSP3,17_ANZ,2043,0.004602813674007278,0.4602813674007278
SSP3,17_ANZ,2044,0.0045752815425026405,0.45752815425026405
SSP3,17_ANZ,2045,0.0045847706893829,0.45847706893829
SSP3,17_ANZ,2046,0.004594060966249147,0.4594060966249147
SSP3,17_ANZ,2047,0.004578876079568639,0.4578876079568639
SSP3,17_ANZ,2048,0.004563792000492173,0.4563792000492173
SSP3,17_ANZ,2049,0.004548807667728916,0.4548807667728916
SSP3,17_ANZ,2050,0.004533922035091953,0.4533922035091953
SSP4,01_KOR,2019,0.003484807558033598,0.3484807558033598
SSP4,01_KOR,2020,0.001379643496117966,0.1379643496117966
SSP4,01_KOR,2021,-0.0012867445880863082,-0.12867445880863082
SSP4,01_KOR,2022,-0.001873109204236889,-0.1873109204236889
SSP4,01_KOR,2023,0.0007750727470121621,0.07750727470121621
SSP4,01_KOR,2024,0.0007434549002440782,0.07434549002440782
SSP4,01_KOR,2025,-0.0018314792675192537,-0.18314792675192537
SSP4,01_KOR,2026,-0.0020169916762182716,-0.20169916762182716
SSP4,01_KOR,2027,-0.002433505377440248,-0.24335053774402482
SSP4,01_KOR,2028,-0.0027534280092417207,-0.27534280092417207
SSP4,01_KOR,2029,-0.0029761517629564027,-0.29761517629564027
SSP4,01_KOR,2030,-0.0031007698730977085,-0.31007698730977085
SSP4,01_KOR,2031,-0.003272796922599075,-0.3272796922599075
SSP4,01_KOR,2032,-0.003551402562731676,-0.3551402562731676
SSP4,01_KOR,2033,-0.0038199131520078033,-0.38199131520078033
SSP4,01_KOR,2034,-0.004078384646003519,-0.4078384646003519
SSP4,01_KOR,2035,-0.004326844529384255,-0.4326844529384255
SSP4,01_KOR,2036,-0.0046736780382991006,-0.46736780382991006
SSP4,01_KOR,2037,-0.005079060199575491,-0.5079060199575491
SSP4,01_KOR,2038,-0.005414042524123808,-0.5414042524123808
SSP4,01_KOR,2039,-0.005677494514406134,-0.5677494514406134
SSP4,01_KOR,2040,-0.0058680352832443106,-0.5868035283244311
SSP4,01_KOR,2041,-0.006127499767615507,-0.6127499767615507
SSP4,01_KOR,2042,-0.006466382606060472,-0.6466382606060472
SSP4,01_KOR,2043,-0.006746054300022064,-0.6746054300022064
SSP4,01_KOR,2044,-0.006965147617225886,-0.6965147617225886
SSP4,01_KOR,2045,-0.007122104986693634,-0.7122104986693634
SSP4,01_KOR,2046,-0.007294874282368635,-0.7294874282368635
SSP4,01_KOR,2047,-0.007525169792205966,-0.7525169792205966
SSP4,01_KOR,2048,-0.007754687600456167,-0.7754687600456167
SSP4,01_KOR,2049,-0.00798348861439524,-0.798348861439524
SSP4,01_KOR,2050,-0.008211629699320877,-0.8211629699320877
SSP4,02_CHN,2019,0.003574141941435016,0.3574141941435016
SSP4,02_CHN,2020,0.00235159383881145,0.235159383881145
SSP4,02_CHN,2021,0.0008403467972573075,0.08403467972573075
SSP4,02_CHN,2022,-0.00017749315013781963,-0.017749315013781963
SSP4,02_CHN,2023,-0.0008981902417652954,-0.08981902417652954
SSP4,02_CHN,2024,-0.0012318031405127439,-0.12318031405127439
SSP4,02_CHN,2025,7.408830608279793e-05,0.007408830608279793
SSP4,02_CHN,2026,-0.0005654322530043165,-0.056543225300431654
SSP4,02_CHN,2027,-0.0014820701275093384,-0.14820701275093384
SSP4,02_CHN,2028,-0.0020786893984084953,-0.20786893984084953
SSP4,02_CHN,2029,-0.002354745096448063,-0.23547450964480632
SSP4,02_CHN,2030,-0.002307973615542247,-0.2307973615542247
SSP4,02_CHN,2031,-0.002334070141605471,-0.2334070141605471
SSP4,02_CHN,2032,-0.0026278237575559915,-0.26278237575559915
SSP4,02_CHN,2033,-0.0028886602930563443,-0.28886602930563443
SSP4,02_CHN,2034,-0.0031164358185519214,-0.31164358185519214
SSP4,02_CHN,2035,-0.0033109195970922878,-0.3310919597092288
SSP4,02_CHN,2036,-0.0035863911347817634,-0.35863911347817634
SSP4,02_CHN,2037,-0.003934938857770298,-0.3934938857770298
SSP4,02_CHN,2038,-0.004237874526651364,-0.4237874526651364
SSP4,02_CHN,2039,-0.004494739016188909,-0.4494739016188909
SSP4,02_CHN,2040,-0.004704929529707802,-0.4704929529707802
SSP4,02_CHN,2041,-0.004963331688793704,-0.4963331688793704
SSP4,02_CHN,2042,-0.0052933989152171845,-0.5293398915217185
SSP4,02_CHN,2043,-0.005611481265663243,-0.5611481265663243
SSP4,02_CHN,2044,-0.005917579576532606,-0.5917579576532606
SSP4,02_CHN,2045,-0.0062116521185074935,-0.6211652118507494
SSP4,02_CHN,2046,-0.0065625834087365,-0.65625834087365
SSP4,02_CHN,2047,-0.0069688604484601235,-0.6968860448460124
SSP4,02_CHN,2048,-0.007360803736731203,-0.7360803736731203
SSP4,02_CHN,2049,-0.007738367287669301,-0.7738367287669301
SSP4,02_CHN,2050,-0.008101438671832661,-0.8101438671832661
SSP4,03_JPN,2019,-0.0014036637200243174,-0.14036637200243174
SSP4,03_JPN,2020,-0.0029376228945061644,-0.29376228945061644
SSP4,03_JPN,2021,-0.004588962545837627,-0.4588962545837627
SSP4,03_JPN,2022,-0.004428683522494814,-0.4428683522494814
SSP4,03_JPN,2023,-0.004861850577265625,-0.4861850577265625
SSP4,03_JPN,2024,-0.004347041138675012,-0.4347041138675012
SSP4,03_JPN,2025,-0.005412969117790434,-0.5412969117790434
SSP4,03_JPN,2026,-0.005478102504901439,-0.5478102504901439
SSP4,03_JPN,2027,-0.005701878705542507,-0.5701878705542507
SSP4,03_JPN,2028,-0.005890107296111946,-0.5890107296111946
SSP4,03_JPN,2029,-0.006042045539979446,-0.6042045539979446
SSP4,03_JPN,2030,-0.006156872033098559,-0.6156872033098559
SSP4,03_JPN,2031,-0.006287066027001131,-0.6287066027001131
SSP4,03_JPN,2032,-0.0064511319508292475,-0.6451131950829248
SSP4,03_JPN,2033,-0.0066050283138905375,-0.6605028313890537
SSP4,03_JPN,2034,-0.006748524939356293,-0.6748524939356293
SSP4,03_JPN,2035,-0.006881370573252887,-0.6881370573252887
SSP4,03_JPN,2036,-0.007057005245786452,-0.7057005245786452
SSP4,03_JPN,2037,-0.007248604742519316,-0.7248604742519316
SSP4,03_JPN,2038,-0.007388058868165626,-0.7388058868165626
SSP4,03_JPN,2039,-0.007473855598100876,-0.7473855598100876
SSP4,03_JPN,2040,-0.007504384129989439,-0.7504384129989439
SSP4,03_JPN,2041,-0.00755654677007922,-0.755654677007922
SSP4,03_JPN,2042,-0.0076479558063854425,-0.7647955806385442
SSP4,03_JPN,2043,-0.0077085651833975755,-0.7708565183397575
SSP4,03_JPN,2044,-0.007737410324269778,-0.7737410324269778
SSP4,03_JPN,2045,-0.007733490290180667,-0.7733490290180667
SSP4,03_JPN,2046,-0.007729805776641618,-0.7729805776641618
SSP4,03_JPN,2047,-0.007748466094743445,-0.7748466094743445
SSP4,03_JPN,2048,-0.007766746919730783,-0.7766746919730783
SSP4,03_JPN,2049,-0.007784634252852141,-0.7784634252852141
SSP4,03_JPN,2050,-0.007802113728175519,-0.7802113728175519
SSP4,04_RUS,2019,0.0003795441461940108,0.03795441461940108
SSP4,04_RUS,2020,-0.0014309954664415425,-0.14309954664415425
SSP4,04_RUS,2021,-0.0034313435378922064,-0.34313435378922064
SSP4,04_RUS,2022,-0.003522213505542826,-0.3522213505542826
SSP4,04_RUS,2023,-0.0028481124179200457,-0.28481124179200457
SSP4,04_RUS,2024,-0.002032168980699134,-0.2032168980699134
SSP4,04_RUS,2025,-0.0008274574930337009,-0.08274574930337009
SSP4,04_RUS,2026,-0.001817178029830946,-0.1817178029830946
SSP4,04_RUS,2027,-0.003282523611327859,-0.3282523611327859
SSP4,04_RUS,2028,-0.00414489930977735,-0.414489930977735
SSP4,04_RUS,2029,-0.004399412523307555,-0.43994125233075554
SSP4,04_RUS,2030,-0.004036584562561951,-0.4036584562561951
SSP4,04_RUS,2031,-0.00369066560941278,-0.369066560941278
SSP4,04_RUS,2032,-0.003758366285280368,-0.3758366285280368
SSP4,04_RUS,2033,-0.0037953057769659626,-0.37953057769659626
SSP4,04_RUS,2034,-0.00380102055052578,-0.380102055052578
SSP4,04_RUS,2035,-0.0037750330297565693,-0.37750330297565693
SSP4,04_RUS,2036,-0.003775772717047099,-0.3775772717047099
SSP4,04_RUS,2037,-0.0037980144009814865,-0.37980144009814865
SSP4,04_RUS,2038,-0.003779898064416587,-0.3779898064416587
SSP4,04_RUS,2039,-0.003720808422484345,-0.3720808422484345
SSP4,04_RUS,2040,-0.0036201352108892193,-0.36201352108892193
SSP4,04_RUS,2041,-0.0035022251694187823,-0.3502225169418782
SSP4,04_RUS,2042,-0.0034152650708912935,-0.34152650708912935
SSP4,04_RUS,2043,-0.003358894816690161,-0.3358894816690161
SSP4,04_RUS,2044,-0.003333552322849931,-0.3333552322849931
SSP4,04_RUS,2045,-0.0033396635698278443,-0.33396635698278443
SSP4,04_RUS,2046,-0.003346492030156023,-0.3346492030156023
SSP4,04_RUS,2047,-0.003332541697873892,-0.3332541697873892
SSP4,04_RUS,2048,-0.003318114463749744,-0.3318114463749744
SSP4,04_RUS,2049,-0.0033032056343674787,-0.33032056343674787
SSP4,04_RUS,2050,-0.003287810545401171,-0.3287810545401171
SSP4,05_MNG,2019,0.01854130165024559,1.854130165024559
SSP4,05_MNG,2020,0.018218163200540483,1.8218163200540483
SSP4,05_MNG,2021,0.016992345524951213,1.6992345524951213
SSP4,05_MNG,2022,0.014778613374959892,1.4778613374959892
SSP4,05_MNG,2023,0.013803284341192157,1.3803284341192157
SSP4,05_MNG,2024,0.012536967003672572,1.2536967003672572
SSP4,05_MNG,2025,0.013728542066325344,1.3728542066325344
SSP4,05_MNG,2026,0.01399679692918343,1.399679692918343
SSP4,05_MNG,2027,0.01386290046220573,1.386290046220573
SSP4,05_MNG,2028,0.01379976611771827,1.379976611771827
SSP4,05_MNG,2029,0.013803616646881123,1.3803616646881123
SSP4,05_MNG,2030,0.013870835633855716,1.3870835633855716
SSP4,05_MNG,2031,0.013934292814719695,1.3934292814719695
SSP4,05_MNG,2032,0.013958046234586963,1.3958046234586963
SSP4,05_MNG,2033,0.013988291031566291,1.3988291031566291
SSP4,05_MNG,2034,0.014024604083120895,1.4024604083120895
SSP4,05_MNG,2035,0.014066575934523096,1.4066575934523096
SSP4,05_MNG,2036,0.014173651647760632,1.4173651647760632
SSP4,05_MNG,2037,0.014276981844439263,1.4276981844439263
SSP4,05_MNG,2038,0.014286304919206128,1.4286304919206128
SSP4,05_MNG,2039,0.014206743045648507,1.4206743045648507
SSP4,05_MNG,2040,0.01404323396840823,1.404323396840823
SSP4,05_MNG,2041,0.013909259481424963,1.3909259481424963
SSP4,05_MNG,2042,0.01383439923491614,1.383439923491614
SSP4,05_MNG,2043,0.013725009920614317,1.3725009920614317
SSP4,05_MNG,2044,0.013582991588817261,1.3582991588817261
SSP4,05_MNG,2045,0.01341014119933237,1.341014119933237
SSP4,05_MNG,2046,0.01324200728205649,1.324200728205649
SSP4,05_MNG,2047,0.013100435222197726,1.3100435222197726
SSP4,05_MNG,2048,0.012962002354792723,1.2962002354792723
SSP4,05_MNG,2049,0.012826602601803794,1.2826602601803794
SSP4,05_MNG,2050,0.012694134631186182,1.2694134631186182
SSP4,06_PRK,2019,0.0041064515966069415,0.41064515966069415
SSP4,06_PRK,2020,0.0037898991736269316,0.37898991736269316
SSP4,06_PRK,2021,0.003681544664756009,0.3681544664756009
SSP4,06_PRK,2022,0.003671433343038766,0.3671433343038766
SSP4,06_PRK,2023,0.003393958223385729,0.3393958223385729
SSP4,06_PRK,2024,0.0030516457515430417,0.3051645751543042
SSP4,06_PRK,2025,0.0015776180918085636,0.15776180918085636
SSP4,06_PRK,2026,-3.1423069503100365e-06,-0.00031423069503100365
SSP4,06_PRK,2027,-9.395400308753743e-06,-0.0009395400308753743
SSP4,06_PRK,2028,-1.56013051276771e-05,-0.00156013051276771
SSP4,06_PRK,2029,-2.1760135467618902e-05,-0.00217601354676189
SSP4,06_PRK,2030,-2.7872002472117963e-05,-0.0027872002472117963
SSP4,06_PRK,2031,-0.0008110197247560569,-0.08110197247560569
SSP4,06_PRK,2032,-0.002074294029530188,-0.20742940295301882
SSP4,06_PRK,2033,-0.0028946179567972408,-0.2894617956797241
SSP4,06_PRK,2034,-0.003270869952864963,-0.3270869952864963
SSP4,06_PRK,2035,-0.0031986488466057006,-0.31986488466057006
SSP4,06_PRK,2036,-0.0032642615404349096,-0.32642615404349096
SSP4,06_PRK,2037,-0.0036964590242875017,-0.3696459024287502
SSP4,06_PRK,2038,-0.004018304526679284,-0.4018304526679284
SSP4,06_PRK,2039,-0.004228486821038824,-0.4228486821038824
SSP4,06_PRK,2040,-0.004325343077042021,-0.4325343077042021
SSP4,06_PRK,2041,-0.0044715577767099335,-0.44715577767099335
SSP4,06_PRK,2042,-0.004714934961576933,-0.4714934961576933
SSP4,06_PRK,2043,-0.0049148261307717656,-0.49148261307717656
SSP4,06_PRK,2044,-0.005070506937337571,-0.5070506937337571
SSP4,06_PRK,2045,-0.005181157793797131,-0.5181157793797131
SSP4,06_PRK,2046,-0.005303683379497159,-0.5303683379497159
SSP4,06_PRK,2047,-0.005467245925063091,-0.5467245925063091
SSP4,06_PRK,2048,-0.005628870382165196,-0.5628870382165196
SSP4,06_PRK,2049,-0.005788564985905409,-0.5788564985905409
SSP4,06_PRK,2050,-0.005946333717901653,-0.5946333717901653
SSP4,07_NAM,2019,0.006119103224941691,0.6119103224941691
SSP4,07_NAM,2020,0.004780946608776926,0.4780946608776926
SSP4,07_NAM,2021,0.0019829753854954113,0.19829753854954113
SSP4,07_NAM,2022,0.007046280097031454,0.7046280097031454
SSP4,07_NAM,2023,0.010539016692275638,1.0539016692275638
SSP4,07_NAM,2024,0.011948026867095507,1.1948026867095507
SSP4,07_NAM,2025,0.0034660698827464476,0.34660698827464476
SSP4,07_NAM,2026,0.0035349433277089837,0.35349433277089837
SSP4,07_NAM,2027,0.003461970668682701,0.3461970668682701
SSP4,07_NAM,2028,0.0033520557329596024,0.33520557329596024
SSP4,07_NAM,2029,0.003205680078819828,0.3205680078819828
SSP4,07_NAM,2030,0.0030232783220964787,0.3023278322096479
SSP4,07_NAM,2031,0.0028855969308863028,0.2885596930886303
SSP4,07_NAM,2032,0.0027886041807516637,0.27886041807516637
SSP4,07_NAM,2033,0.0026501738878430547,0.2650173887843055
SSP4,07_NAM,2034,0.0024707182511882753,0.24707182511882753
SSP4,07_NAM,2035,0.002250586334914706,0.2250586334914706
SSP4,07_NAM,2036,0.0020571724799980373,0.20571724799980373
SSP4,07_NAM,2037,0.0019210221473244804,0.19210221473244804
SSP4,07_NAM,2038,0.001790164227167157,0.1790164227167157
SSP4,07_NAM,2039,0.0016645092560649832,0.16645092560649832
SSP4,07_NAM,2040,0.0015439746892425,0.15439746892425
SSP4,07_NAM,2041,0.0014499001023116076,0.14499001023116076
SSP4,07_NAM,2042,0.0013706468413827722,0.13706468413827722
SSP4,07_NAM,2043,0.0012790388084156223,0.12790388084156223
SSP4,07_NAM,2044,0.0011751204083954025,0.11751204083954025
SSP4,07_NAM,2045,0.001058924253544813,0.10589242535448129
SSP4,07_NAM,2046,0.0009689835476989206,0.09689835476989206
SSP4,07_NAM,2047,0.0009061929140170566,0.09061929140170566
SSP4,07_NAM,2048,0.0008325074048503023,0.08325074048503023
SSP4,07_NAM,2049,0.0007479512096715268,0.07479512096715268
SSP4,07_NAM,2050,0.0006525401920363105,0.06525401920363105
SSP4,08_LAM,2019,0.008183527633524701,0.8183527633524701
SSP4,08_LAM,2020,0.007153033357822691,0.7153033357822691
SSP4,08_LAM,2021,0.0058550337822129706,0.585503378221297
SSP4,08_LAM,2022,0.0060642303980167345,0.6064230398016734
SSP4,08_LAM,2023,0.006967054476407775,0.6967054476407775
SSP4,08_LAM,2024,0.006988649702892369,0.6988649702892369
SSP4,08_LAM,2025,0.0069481108065185815,0.6948110806518581
SSP4,08_LAM,2026,0.007504251790686922,0.7504251790686922
SSP4,08_LAM,2027,0.007835502546407414,0.7835502546407414
SSP4,08_LAM,2028,0.007960620587315725,0.7960620587315725
SSP4,08_LAM,2029,0.00788578130070583,0.788578130070583
SSP4,08_LAM,2030,0.007617210492197435,0.7617210492197435
SSP4,08_LAM,2031,0.007395590677082398,0.7395590677082398
SSP4,08_LAM,2032,0.007308391443802353,0.7308391443802353
SSP4,08_LAM,2033,0.0071644592794573025,0.7164459279457303
SSP4,08_LAM,2034,0.006965408934555439,0.6965408934555439
SSP4,08_LAM,2035,0.006712740391921379,0.6712740391921379
SSP4,08_LAM,2036,0.006539125489570807,0.6539125489570807
SSP4,08_LAM,2037,0.006415589230021279,0.6415589230021279
SSP4,08_LAM,2038,0.006197865424154125,0.6197865424154125
SSP4,08_LAM,2039,0.005888255208791993,0.5888255208791993
SSP4,08_LAM,2040,0.005488806332483609,0.5488806332483609
SSP4,08_LAM,2041,0.005118198208260871,0.5118198208260871
SSP4,08_LAM,2042,0.004849147723030134,0.4849147723030134
SSP4,08_LAM,2043,0.004600259423252373,0.4600259423252373
SSP4,08_LAM,2044,0.004370991973909,0.4370991973909
SSP4,08_LAM,2045,0.004160855956111931,0.41608559561119307
SSP4,08_LAM,2046,0.0039812614501100185,0.39812614501100185
SSP4,08_LAM,2047,0.0038129613096813397,0.381296130968134
SSP4,08_LAM,2048,0.0036346511455696007,0.36346511455696007
SSP4,08_LAM,2049,0.0034464044742708033,0.34464044742708033
SSP4,08_LAM,2050,0.003248275372546461,0.3248275372546461
SSP4,09_WEU,2019,0.004762886155645241,0.47628861556452406
SSP4,09_WEU,2020,0.003202811102841041,0.3202811102841041
SSP4,09_WEU,2021,0.0028841608981153843,0.28841608981153843
SSP4,09_WEU,2022,0.005263638014970873,0.5263638014970873
SSP4,09_WEU,2023,0.005823495095734543,0.5823495095734543
SSP4,09_WEU,2024,0.004928165060704703,0.49281650607047034
SSP4,09_WEU,2025,0.0013771856829249973,0.13771856829249973
SSP4,09_WEU,2026,0.0009685857619989857,0.09685857619989857
SSP4,09_WEU,2027,0.0008378666585946437,0.08378666585946437
SSP4,09_WEU,2028,0.0006827300750240628,0.06827300750240628
SSP4,09_WEU,2029,0.0005031894349616373,0.050318943496163726
SSP4,09_WEU,2030,0.0002992189808384005,0.02992189808384005
SSP4,09_WEU,2031,0.00017841484112524064,0.017841484112524064
SSP4,09_WEU,2032,0.00015201450532176253,0.015201450532176253
SSP4,09_WEU,2033,0.00011800362488445515,0.011800362488445515
SSP4,09_WEU,2034,7.638356210670771e-05,0.007638356210670771
SSP4,09_WEU,2035,2.715297426880703e-05,0.002715297426880703
SSP4,09_WEU,2036,-0.00013021749254171766,-0.013021749254171766
SSP4,09_WEU,2037,-0.0003415166393822,-0.03415166393822
SSP4,09_WEU,2038,-0.0004791824042033044,-0.04791824042033044
SSP4,09_WEU,2039,-0.0005431865032667904,-0.05431865032667904
SSP4,09_WEU,2040,-0.0005334099567065875,-0.05334099567065875
SSP4,09_WEU,2041,-0.0005397881610720301,-0.05397881610720301
SSP4,09_WEU,2042,-0.0006079646152690188,-0.06079646152690188
SSP4,09_WEU,2043,-0.0006707102365408613,-0.06707102365408613
SSP4,09_WEU,2044,-0.0007280238581713894,-0.07280238581713894
SSP4,09_WEU,2045,-0.0007799009400402124,-0.07799009400402124
SSP4,09_WEU,2046,-0.0008519846961720923,-0.08519846961720923
SSP4,09_WEU,2047,-0.0009423197184199594,-0.09423197184199594
SSP4,09_WEU,2048,-0.0010242768349585374,-0.10242768349585374
SSP4,09_WEU,2049,-0.0010978449122828193,-0.10978449122828193
SSP4,09_WEU,2050,-0.0011630059955651806,-0.11630059955651806
SSP4,10_EEU,2019,-0.002926876355207386,-0.2926876355207386
SSP4,10_EEU,2020,-0.006714848426055187,-0.6714848426055187
SSP4,10_EEU,2021,-0.010088433095998828,-1.0088433095998828
SSP4,10_EEU,2022,-0.0034763772409029947,-0.34763772409029947
SSP4,10_EEU,2023,-0.0006524481852030473,-0.06524481852030473
SSP4,10_EEU,2024,-0.002642987921296136,-0.2642987921296136
SSP4,10_EEU,2025,-0.0021081183861716424,-0.21081183861716424
SSP4,10_EEU,2026,-0.0034483430756836464,-0.34483430756836464
SSP4,10_EEU,2027,-0.004982261082506323,-0.4982261082506323
SSP4,10_EEU,2028,-0.005922082893420444,-0.5922082893420444
SSP4,10_EEU,2029,-0.006259293441391756,-0.6259293441391756
SSP4,10_EEU,2030,-0.005980261926057939,-0.5980261926057939
SSP4,10_EEU,2031,-0.005721000319750313,-0.5721000319750313
SSP4,10_EEU,2032,-0.005881317319757495,-0.5881317319757495
SSP4,10_EEU,2033,-0.006013036340864031,-0.6013036340864031
SSP4,10_EEU,2034,-0.006115505541732458,-0.6115505541732458
SSP4,10_EEU,2035,-0.00618802535621199,-0.618802535621199
SSP4,10_EEU,2036,-0.006295636350184486,-0.6295636350184486
SSP4,10_EEU,2037,-0.006427720528156877,-0.6427720528156877
SSP4,10_EEU,2038,-0.006512506780742333,-0.6512506780742333
SSP4,10_EEU,2039,-0.006548767943693634,-0.6548767943693634
SSP4,10_EEU,2040,-0.006535219785472557,-0.6535219785472557
SSP4,10_EEU,2041,-0.006526942147704329,-0.6526942147704329
SSP4,10_EEU,2042,-0.006552363923165494,-0.6552363923165494
SSP4,10_EEU,2043,-0.006569469166193831,-0.6569469166193831
SSP4,10_EEU,2044,-0.006578034792631304,-0.6578034792631304
SSP4,10_EEU,2045,-0.006577832681875506,-0.6577832681875506
SSP4,10_EEU,2046,-0.0065780923052188855,-0.6578092305218886
SSP4,10_EEU,2047,-0.006584454596902933,-0.6584454596902933
SSP4,10_EEU,2048,-0.006590327420311515,-0.6590327420311515
SSP4,10_EEU,2049,-0.006595698139603923,-0.6595698139603923
SSP4,10_EEU,2050,-0.006600553888284066,-0.6600553888284066
SSP4,11_CAS,2019,0.01223377043067031,1.223377043067031
SSP4,11_CAS,2020,0.012494916923671218,1.2494916923671218
SSP4,11_CAS,2021,0.009880995030362438,0.9880995030362438
SSP4,11_CAS,2022,-0.006990911328116578,-0.6990911328116578
SSP4,11_CAS,2023,-0.005671671300248038,-0.5671671300248038
SSP4,11_CAS,2024,0.0145704567062801,1.45704567062801
SSP4,11_CAS,2025,0.004902281952374965,0.4902281952374965
SSP4,11_CAS,2026,0.008618965893859354,0.8618965893859354
SSP4,11_CAS,2027,0.012690474128560059,1.2690474128560059
SSP4,11_CAS,2028,0.014846635799883767,1.4846635799883767
SSP4,11_CAS,2029,0.015158747510361392,1.5158747510361392
SSP4,11_CAS,2030,0.013727946639214839,1.3727946639214839
SSP4,11_CAS,2031,0.012330955107577868,1.2330955107577868
SSP4,11_CAS,2032,0.01210613209704925,1.210613209704925
SSP4,11_CAS,2033,0.011922017757220127,1.1922017757220127
SSP4,11_CAS,2034,0.01177672760814863,1.177672760814863
SSP4,11_CAS,2035,0.011668496308612442,1.1668496308612442
SSP4,11_CAS,2036,0.01160095175150433,1.160095175150433
SSP4,11_CAS,2037,0.01151229123756492,1.151229123756492
SSP4,11_CAS,2038,0.011368676822061996,1.1368676822061996
SSP4,11_CAS,2039,0.011172606047334943,1.1172606047334943
SSP4,11_CAS,2040,0.010926424228717035,1.0926424228717035
SSP4,11_CAS,2041,0.01068822505592637,1.068822505592637
SSP4,11_CAS,2042,0.010493989210492494,1.0493989210492494
SSP4,11_CAS,2043,0.010305108698012377,1.0305108698012377
SSP4,11_CAS,2044,0.010121368672868059,1.0121368672868059
SSP4,11_CAS,2045,0.009942565753388477,0.9942565753388477
SSP4,11_CAS,2046,0.00977009113388072,0.9770091133880721
SSP4,11_CAS,2047,0.009602830093304648,0.9602830093304648
SSP4,11_CAS,2048,0.009438600352120075,0.9438600352120075
SSP4,11_CAS,2049,0.009277288913792203,0.9277288913792203
SSP4,11_CAS,2050,0.00911878769195229,0.911878769195229
SSP4,12_MEA,2019,0.01722501137663013,1.7225011376630128
SSP4,12_MEA,2020,0.018479414648780557,1.8479414648780557
SSP4,12_MEA,2021,0.013362963470772149,1.336296347077215
SSP4,12_MEA,2022,0.020925489723068624,2.0925489723068624
SSP4,12_MEA,2023,0.02129376723448706,2.129376723448706
SSP4,12_MEA,2024,0.019733333226415795,1.9733333226415795
SSP4,12_MEA,2025,0.015590351519782608,1.5590351519782608
SSP4,12_MEA,2026,0.01560012129887256,1.560012129887256
SSP4,12_MEA,2027,0.01549788927134399,1.549788927134399
SSP4,12_MEA,2028,0.015337221070160556,1.5337221070160556
SSP4,12_MEA,2029,0.015121701093026019,1.5121701093026019
SSP4,12_MEA,2030,0.014854682153863319,1.485468215386332
SSP4,12_MEA,2031,0.014599032440332227,1.4599032440332227
SSP4,12_MEA,2032,0.014388643702054171,1.4388643702054171
SSP4,12_MEA,2033,0.014179960277392878,1.4179960277392878
SSP4,12_MEA,2034,0.013972969217912912,1.3972969217912912
SSP4,12_MEA,2035,0.013767654884384806,1.3767654884384806
SSP4,12_MEA,2036,0.013623774248245013,1.3623774248245013
SSP4,12_MEA,2037,0.01348588614434032,1.348588614434032
SSP4,12_MEA,2038,0.01326978299239534,1.326978299239534
SSP4,12_MEA,2039,0.012979615536261813,1.2979615536261813
SSP4,12_MEA,2040,0.012619224187267353,1.2619224187267353
SSP4,12_MEA,2041,0.012296653994386508,1.2296653994386508
SSP4,12_MEA,2042,0.012039167555393027,1.2039167555393027
SSP4,12_MEA,2043,0.01175600464656168,1.175600464656168
SSP4,12_MEA,2044,0.011448355944644995,1.1448355944644995
SSP4,12_MEA,2045,0.011117298834752987,1.1117298834752987
SSP4,12_MEA,2046,0.01080521309436766,1.080521309436766
SSP4,12_MEA,2047,0.010529645995351888,1.0529645995351888
SSP4,12_MEA,2048,0.010257584914975304,1.0257584914975304
SSP4,12_MEA,2049,0.009988832440912532,0.9988832440912532
SSP4,12_MEA,2050,0.009723198133624544,0.9723198133624544
SSP4,13_AFR,2019,0.026063520589233224,2.6063520589233224
SSP4,13_AFR,2020,0.025814214350296627,2.5814214350296627
SSP4,13_AFR,2021,0.02549977497344269,2.549977497344269
SSP4,13_AFR,2022,0.02509963711783736,2.509963711783736
SSP4,13_AFR,2023,0.02518695029718576,2.518695029718576
SSP4,13_AFR,2024,0.025105902776744404,2.5105902776744404
SSP4,13_AFR,2025,0.025488421029831176,2.5488421029831176
SSP4,13_AFR,2026,0.025930631543721328,2.5930631543721328
SSP4,13_AFR,2027,0.026212903433820323,2.6212903433820323
SSP4,13_AFR,2028,0.026312400950933457,2.6312400950933457
SSP4,13_AFR,2029,0.026246202310959754,2.6246202310959754
SSP4,13_AFR,2030,0.026030443837250505,2.6030443837250505
SSP4,13_AFR,2031,0.025889035178282338,2.588903517828234
SSP4,13_AFR,2032,0.025858860177171872,2.585886017717187
SSP4,13_AFR,2033,0.025751775390981058,2.5751775390981058
SSP4,13_AFR,2034,0.025575204030289456,2.5575204030289456
SSP4,13_AFR,2035,0.025336033095491484,2.5336033095491484
SSP4,13_AFR,2036,0.02523015645986848,2.523015645986848
SSP4,13_AFR,2037,0.02517403030416321,2.517403030416321
SSP4,13_AFR,2038,0.024947875268253705,2.4947875268253705
SSP4,13_AFR,2039,0.02456808272597044,2.456808272597044
SSP4,13_AFR,2040,0.024049664369288237,2.4049664369288237
SSP4,13_AFR,2041,0.023556526550053025,2.3556526550053025
SSP4,13_AFR,2042,0.0231836644213117,2.31836644213117
SSP4,13_AFR,2043,0.02282448054432651,2.282448054432651
SSP4,13_AFR,2044,0.02247822526692067,2.247822526692067
SSP4,13_AFR,2045,0.022144202736882335,2.2144202736882335
SSP4,13_AFR,2046,0.021825207668333402,2.18252076683334
SSP4,13_AFR,2047,0.02151879116748856,2.151879116748856
SSP4,13_AFR,2048,0.021220197522809237,2.1220197522809237
SSP4,13_AFR,2049,0.02092911410590359,2.092911410590359
SSP4,13_AFR,2050,0.020645245066801987,2.0645245066801987
SSP4,14_CLV,2019,0.013518730658905964,1.3518730658905964
SSP4,14_CLV,2020,0.014885445976928091,1.4885445976928091
SSP4,14_CLV,2021,0.014767858783025556,1.4767858783025556
SSP4,14_CLV,2022,0.013641674900897627,1.3641674900897627
SSP4,14_CLV,2023,0.013252516656313551,1.325251665631355
SSP4,14_CLV,2024,0.01274457405878704,1.274457405878704
SSP4,14_CLV,2025,0.008049793949050477,0.8049793949050477
SSP4,14_CLV,2026,0.008077959639166021,0.8077959639166021
SSP4,14_CLV,2027,0.008025891346449043,0.8025891346449043
SSP4,14_CLV,2028,0.007871357268089962,0.7871357268089962
SSP4,14_CLV,2029,0.00761757117710915,0.761757117710915
SSP4,14_CLV,2030,0.0072675111605029485,0.7267511160502949
SSP4,14_CLV,2031,0.006942421532837972,0.6942421532837972
SSP4,14_CLV,2032,0.006705732703655709,0.6705732703655709
SSP4,14_CLV,2033,0.006469886473388753,0.6469886473388753
SSP4,14_CLV,2034,0.006234756635615568,0.6234756635615568
SSP4,14_CLV,2035,0.006000217706912725,0.6000217706912725
SSP4,14_CLV,2036,0.0058375005892123966,0.5837500589212397
SSP4,14_CLV,2037,0.005693251646281983,0.5693251646281983
SSP4,14_CLV,2038,0.005470818102701447,0.5470818102701447
SSP4,14_CLV,2039,0.005171861436023439,0.5171861436023439
SSP4,14_CLV,2040,0.004797837365722701,0.47978373657227014
SSP4,14_CLV,2041,0.004463348005056655,0.44633480050566554
SSP4,14_CLV,2042,0.0042212622150137324,0.42212622150137324
SSP4,14_CLV,2043,0.003984194158600296,0.3984194158600296
SSP4,14_CLV,2044,0.003751916577794834,0.3751916577794834
SSP4,14_CLV,2045,0.0035242140217990325,0.35242140217990325
SSP4,14_CLV,2046,0.0033347910909771183,0.33347910909771183
SSP4,14_CLV,2047,0.003171483056079394,0.3171483056079394
SSP4,14_CLV,2048,0.002994435445131227,0.2994435445131227
SSP4,14_CLV,2049,0.002803740530555654,0.2803740530555654
SSP4,14_CLV,2050,0.0025994646887150807,0.2599464688715081
SSP4,15_SAS,2019,0.011078877726085734,1.1078877726085734
SSP4,15_SAS,2020,0.010816429481470768,1.0816429481470768
SSP4,15_SAS,2021,0.009799168892817178,0.9799168892817178
SSP4,15_SAS,2022,0.009308764852383966,0.9308764852383966
SSP4,15_SAS,2023,0.00971334916372113,0.971334916372113
SSP4,15_SAS,2024,0.009721358620490506,0.9721358620490506
SSP4,15_SAS,2025,0.009829701281013126,0.9829701281013126
SSP4,15_SAS,2026,0.010368374937607339,1.0368374937607339
SSP4,15_SAS,2027,0.010717054854425312,1.0717054854425312
SSP4,15_SAS,2028,0.01082353930785196,1.082353930785196
SSP4,15_SAS,2029,0.010697741088236956,1.0697741088236956
SSP4,15_SAS,2030,0.010349453231231154,1.0349453231231154
SSP4,15_SAS,2031,0.01003765520325306,1.003765520325306
SSP4,15_SAS,2032,0.009882988312125196,0.9882988312125196
SSP4,15_SAS,2033,0.009694864736735642,0.9694864736735642
SSP4,15_SAS,2034,0.009474574325377683,0.9474574325377683
SSP4,15_SAS,2035,0.00922331073094207,0.9223310730942069
SSP4,15_SAS,2036,0.009055243912708066,0.9055243912708066
SSP4,15_SAS,2037,0.008919511292499793,0.8919511292499793
SSP4,15_SAS,2038,0.008680187703401954,0.8680187703401954
SSP4,15_SAS,2039,0.008340838621292423,0.8340838621292423
SSP4,15_SAS,2040,0.007904691577698797,0.7904691577698797
SSP4,15_SAS,2041,0.007499238112037121,0.7499238112037121
SSP4,15_SAS,2042,0.007194977617317244,0.7194977617317244
SSP4,15_SAS,2043,0.006901489679524531,0.6901489679524531
SSP4,15_SAS,2044,0.006618299247328929,0.6618299247328929
SSP4,15_SAS,2045,0.006344964403518505,0.6344964403518505
SSP4,15_SAS,2046,0.006102080746565042,0.6102080746565042
SSP4,15_SAS,2047,0.005878549069416872,0.5878549069416872
SSP4,15_SAS,2048,0.005647965785665843,0.5647965785665843
SSP4,15_SAS,2049,0.00541038436273511,0.541038436273511
SSP4,15_SAS,2050,0.005165838907127851,0.5165838907127851
SSP4,16_APC,2019,0.009469203870866139,0.9469203870866139
SSP4,16_APC,2020,0.008555061651338791,0.8555061651338791
SSP4,16_APC,2021,0.006767377900708027,0.6767377900708027
SSP4,16_APC,2022,0.007277429329823892,0.7277429329823892
SSP4,16_APC,2023,0.007980436008063085,0.7980436008063085
SSP4,16_APC,2024,0.007571111513670514,0.7571111513670514
SSP4,16_APC,2025,0.007903839307572547,0.7903839307572547
SSP4,16_APC,2026,0.008271554207279319,0.8271554207279319
SSP4,16_APC,2027,0.008450427343382527,0.8450427343382527
SSP4,16_APC,2028,0.008450551560558628,0.8450551560558628
SSP4,16_APC,2029,0.00827780767375308,0.8277807673753079
SSP4,16_APC,2030,0.007937897200359423,0.7937897200359423
SSP4,16_APC,2031,0.007637406712565298,0.7637406712565298
SSP4,16_APC,2032,0.007462701055487075,0.7462701055487075
SSP4,16_APC,2033,0.007255158593769906,0.7255158593769906
SSP4,16_APC,2034,0.007015684980718806,0.7015684980718806
SSP4,16_APC,2035,0.006745098986819187,0.6745098986819187
SSP4,16_APC,2036,0.00653941388277568,0.653941388277568
SSP4,16_APC,2037,0.0063737154152072595,0.637371541520726
SSP4,16_APC,2038,0.0061413773025076335,0.6141377302507633
SSP4,16_APC,2039,0.005843976952016217,0.5843976952016217
SSP4,16_APC,2040,0.005482906249666186,0.5482906249666186
SSP4,16_APC,2041,0.005158434903819398,0.5158434903819398
SSP4,16_APC,2042,0.004913428890575444,0.4913428890575444
SSP4,16_APC,2043,0.004669851688913429,0.4669851688913429
SSP4,16_APC,2044,0.0044275334742320815,0.44275334742320815
SSP4,16_APC,2045,0.00418630727061986,0.418630727061986
SSP4,16_APC,2046,0.003980756546522191,0.39807565465221906
SSP4,16_APC,2047,0.0038022439653808693,0.38022439653808693
SSP4,16_APC,2048,0.0036118288919797514,0.36118288919797514
SSP4,16_APC,2049,0.003409601043311783,0.3409601043311783
SSP4,16_APC,2050,0.0031956255929348476,0.31956255929348476
SSP4,17_ANZ,2019,0.014775987750812458,1.4775987750812458
SSP4,17_ANZ,2020,0.013744275473396739,1.3744275473396739
SSP4,17_ANZ,2021,0.0015742645056020521,0.1574264505602052
SSP4,17_ANZ,2022,0.010738019861675774,1.0738019861675774
SSP4,17_ANZ,2023,0.024420923433801756,2.4420923433801756
SSP4,17_ANZ,2024,0.019597976416891427,1.9597976416891427
SSP4,17_ANZ,2025,0.006518791020732717,0.6518791020732717
SSP4,17_ANZ,2026,0.006476502092554792,0.6476502092554792
SSP4,17_ANZ,2027,0.006182336398580901,0.6182336398580901
SSP4,17_ANZ,2028,0.005907846629308544,0.5907846629308544
SSP4,17_ANZ,2029,0.005652385673726501,0.5652385673726501
SSP4,17_ANZ,2030,0.005415363676718021,0.5415363676718021
SSP4,17_ANZ,2031,0.005209512996843468,0.5209512996843468
SSP4,17_ANZ,2032,0.00501518610569085,0.501518610569085
SSP4,17_ANZ,2033,0.004809531618512164,0.4809531618512164
SSP4,17_ANZ,2034,0.004592680676582139,0.45926806765821393
SSP4,17_ANZ,2035,0.004364738025294912,0.4364738025294912
SSP4,17_ANZ,2036,0.004121792289388804,0.41217922893888037
SSP4,17_ANZ,2037,0.00390952824777524,0.390952824777524
SSP4,17_ANZ,2038,0.003753978821089188,0.3753978821089188
SSP4,17_ANZ,2039,0.003654195849027486,0.3654195849027486
SSP4,17_ANZ,2040,0.0036093197808697575,0.36093197808697575
SSP4,17_ANZ,2041,0.0035631050258533303,0.35631050258533303
SSP4,17_ANZ,2042,0.003484549795543801,0.3484549795543801
SSP4,17_ANZ,2043,0.003413698283198041,0.3413698283198041
SSP4,17_ANZ,2044,0.0033504334765472876,0.33504334765472876
SSP4,17_ANZ,2045,0.003294644466784291,0.3294644466784291
SSP4,17_ANZ,2046,0.00324176804538312,0.324176804538312
SSP4,17_ANZ,2047,0.003186523031926125,0.3186523031926125
SSP4,17_ANZ,2048,0.0031307528344528546,0.31307528344528546
SSP4,17_ANZ,2049,0.003074458127210633,0.3074458127210633
SSP4,17_ANZ,2050,0.003017639205840972,0.3017639205840972
SSP5,01_KOR,2019,0.003484807558033598,0.3484807558033598
SSP5,01_KOR,2020,0.001379643496117966,0.1379643496117966
SSP5,01_KOR,2021,-0.0012867445880863082,-0.12867445880863082
SSP5,01_KOR,2022,-0.001873109204236889,-0.1873109204236889
SSP5,01_KOR,2023,0.0007750727470121621,0.07750727470121621
SSP5,01_KOR,2024,0.0007434549002440782,0.07434549002440782
SSP5,01_KOR,2025,-0.001663680589288119,-0.1663680589288119
SSP5,01_KOR,2026,-0.0015566030614585502,-0.15566030614585502
SSP5,01_KOR,2027,-0.0016462288662937308,-0.16462288662937308
SSP5,01_KOR,2028,-0.0017423306705585118,-0.17423306705585118
SSP5,01_KOR,2029,-0.0018449769621398104,-0.18449769621398104
SSP5,01_KOR,2030,-0.001954242787462479,-0.1954242787462479
SSP5,01_KOR,2031,-0.0020744356322006663,-0.20744356322006663
SSP5,01_KOR,2032,-0.002208639777572352,-0.2208639777572352
SSP5,01_KOR,2033,-0.0023542604248545373,-0.23542604248545373
SSP5,01_KOR,2034,-0.0025114571324182933,-0.2511457132418293
SSP5,01_KOR,2035,-0.0026804071713094624,-0.26804071713094624
SSP5,01_KOR,2036,-0.0029144515441725805,-0.29144515441725805
SSP5,01_KOR,2037,-0.0031739743930553344,-0.31739743930553344
SSP5,01_KOR,2038,-0.0033856940031260496,-0.33856940031260496
SSP5,01_KOR,2039,-0.003549133913973823,-0.3549133913973823
SSP5,01_KOR,2040,-0.003663714678213803,-0.3663714678213803
SSP5,01_KOR,2041,-0.003832891895913848,-0.3832891895913848
SSP5,01_KOR,2042,-0.004053235875378647,-0.4053235875378647
SSP5,01_KOR,2043,-0.004218554618108716,-0.42185546181087163
SSP5,01_KOR,2044,-0.004328025838485017,-0.4328025838485017
SSP5,01_KOR,2045,-0.004380731367524926,-0.4380731367524926
SSP5,01_KOR,2046,-0.004438666477769915,-0.4438666477769915
SSP5,01_KOR,2047,-0.0045396828051872395,-0.45396828051872395
SSP5,01_KOR,2048,-0.004639985439128691,-0.4639985439128691
SSP5,01_KOR,2049,-0.0047395797274975004,-0.47395797274975004
SSP5,01_KOR,2050,-0.0048384699699906,-0.48384699699906
SSP5,02_CHN,2019,0.003574141941435016,0.3574141941435016
SSP5,02_CHN,2020,0.00235159383881145,0.235159383881145
SSP5,02_CHN,2021,0.0008403467972573075,0.08403467972573075
SSP5,02_CHN,2022,-0.00017749315013781963,-0.017749315013781963
SSP5,02_CHN,2023,-0.0008981902417652954,-0.08981902417652954
SSP5,02_CHN,2024,-0.0012318031405127439,-0.12318031405127439
SSP5,02_CHN,2025,7.408830608279793e-05,0.007408830608279793
SSP5,02_CHN,2026,-0.00041280742609894894,-0.041280742609894894
SSP5,02_CHN,2027,-0.0010865330563293307,-0.10865330563293307
SSP5,02_CHN,2028,-0.0015331530331534893,-0.15331530331534893
SSP5,02_CHN,2029,-0.001752428265281547,-0.1752428265281547
SSP5,02_CHN,2030,-0.0017432031208099996,-0.17432031208099996
SSP5,02_CHN,2031,-0.0018361867522445063,-0.18361867522445063
SSP5,02_CHN,2032,-0.0021352555028987252,-0.21352555028987252
SSP5,02_CHN,2033,-0.0023602616288399547,-0.23602616288399547
SSP5,02_CHN,2034,-0.002510738041565097,-0.2510738041565097
SSP5,02_CHN,2035,-0.0025860571759735995,-0.25860571759735995
SSP5,02_CHN,2036,-0.0026871039907470085,-0.26871039907470085
SSP5,02_CHN,2037,-0.0028581305844669336,-0.28581305844669336
SSP5,02_CHN,2038,-0.003019826025115413,-0.3019826025115413
SSP5,02_CHN,2039,-0.00317215553732042,-0.317215553732042
SSP5,02_CHN,2040,-0.0033150684592639923,-0.33150684592639923
SSP5,02_CHN,2041,-0.0034691456987575586,-0.34691456987575586
SSP5,02_CHN,2042,-0.003650466275427533,-0.3650466275427533
SSP5,02_CHN,2043,-0.0038466630318569894,-0.38466630318569894
SSP5,02_CHN,2044,-0.004058053261722927,-0.4058053261722927
SSP5,02_CHN,2045,-0.004284986516911449,-0.42849865169114487
SSP5,02_CHN,2046,-0.004556959109639158,-0.4556959109639158
SSP5,02_CHN,2047,-0.004854029538053806,-0.48540295380538057
SSP5,02_CHN,2048,-0.005136993292218062,-0.5136993292218062
SSP5,02_CHN,2049,-0.005405780441409158,-0.5405780441409158
SSP5,02_CHN,2050,-0.005660276977981327,-0.5660276977981327
SSP5,03_JPN,2019,-0.0014036637200243174,-0.14036637200243174
SSP5,03_JPN,2020,-0.0029376228945061644,-0.29376228945061644
SSP5,03_JPN,2021,-0.004588962545837627,-0.4588962545837627
SSP5,03_JPN,2022,-0.004428683522494814,-0.4428683522494814
SSP5,03_JPN,2023,-0.004861850577265625,-0.4861850577265625
SSP5,03_JPN,2024,-0.004347041138675012,-0.4347041138675012
SSP5,03_JPN,2025,-0.004798440909454027,-0.4798440909454027
SSP5,03_JPN,2026,-0.004218086111293262,-0.4218086111293262
SSP5,03_JPN,2027,-0.003958607109405321,-0.3958607109405321
SSP5,03_JPN,2028,-0.003824929961536383,-0.3824929961536383
SSP5,03_JPN,2029,-0.0038191669000952055,-0.38191669000952055
SSP5,03_JPN,2030,-0.003943312093301898,-0.39433120933018984
SSP5,03_JPN,2031,-0.004066292432227336,-0.40662924322273364
SSP5,03_JPN,2032,-0.00410365033402571,-0.410365033402571
SSP5,03_JPN,2033,-0.004145787171157322,-0.41457871711573224
SSP5,03_JPN,2034,-0.004192783377822806,-0.41927833778228063
SSP5,03_JPN,2035,-0.004244722260090317,-0.4244722260090317
SSP5,03_JPN,2036,-0.0043122350168102175,-0.43122350168102175
SSP5,03_JPN,2037,-0.004378172038975947,-0.4378172038975947
SSP5,03_JPN,2038,-0.004423125378972936,-0.44231253789729363
SSP5,03_JPN,2039,-0.0044467261788356804,-0.44467261788356804
SSP5,03_JPN,2040,-0.004448592698328646,-0.4448592698328646
SSP5,03_JPN,2041,-0.004465913230461527,-0.4465913230461527
SSP5,03_JPN,2042,-0.004498157281057069,-0.4498157281057069
SSP5,03_JPN,2043,-0.004507270475532121,-0.45072704755321213
SSP5,03_JPN,2044,-0.004492832216201226,-0.4492832216201226
SSP5,03_JPN,2045,-0.004454416115047488,-0.4454416115047488
SSP5,03_JPN,2046,-0.004416788295131924,-0.4416788295131924
SSP5,03_JPN,2047,-0.004395505530245258,-0.43955055302452584
SSP5,03_JPN,2048,-0.004373249502854892,-0.43732495028548923
SSP5,03_JPN,2049,-0.004350007380192866,-0.4350007380192866
SSP5,03_JPN,2050,-0.004325766406077736,-0.43257664060777357
SSP5,04_RUS,2019,0.0003795441461940108,0.03795441461940108
SSP5,04_RUS,2020,-0.0014309954664415425,-0.14309954664415425
SSP5,04_RUS,2021,-0.0034313435378922064,-0.34313435378922064
SSP5,04_RUS,2022,-0.003522213505542826,-0.3522213505542826
SSP5,04_RUS,2023,-0.0028481124179200457,-0.28481124179200457
SSP5,04_RUS,2024,-0.002032168980699134,-0.2032168980699134
SSP5,04_RUS,2025,-0.0006367348066413925,-0.06367348066413925
SSP5,04_RUS,2026,-0.0006770752877509612,-0.06770752877509612
SSP5,04_RUS,2027,-0.0007916085708271625,-0.07916085708271625
SSP5,04_RUS,2028,-0.000801002997840361,-0.0801002997840361
SSP5,04_RUS,2029,-0.0007049373121549296,-0.07049373121549296
SSP5,04_RUS,2030,-0.0005031020412133991,-0.05031020412133991
SSP5,04_RUS,2031,-0.00036432527093255285,-0.036432527093255285
SSP5,04_RUS,2032,-0.00033825462543735085,-0.033825462543735085
SSP5,04_RUS,2033,-0.00028067261001774035,-0.028067261001774035
SSP5,04_RUS,2034,-0.0001915457242062102,-0.01915457242062102
SSP5,04_RUS,2035,-7.086059585748039e-05,-0.007086059585748039
SSP5,04_RUS,2036,0.0001353410211031303,0.013534102110313029
SSP5,04_RUS,2037,0.000364779407801441,0.0364779407801441
SSP5,04_RUS,2038,0.0005322588850791288,0.05322588850791288
SSP5,04_RUS,2039,0.0006377713802874219,0.06377713802874219
SSP5,04_RUS,2040,0.0006814047608807439,0.06814047608807439
SSP5,04_RUS,2041,0.0008599666563808839,0.08599666563808839
SSP5,04_RUS,2042,0.0011495998541957153,0.11495998541957153
SSP5,04_RUS,2043,0.0013417361940994965,0.13417361940994965
SSP5,04_RUS,2044,0.0014366826727194582,0.14366826727194582
SSP5,04_RUS,2045,0.0014349126208919039,0.14349126208919039
SSP5,04_RUS,2046,0.001446604885593672,0.1446604885593672
SSP5,04_RUS,2047,0.0015318674374447117,0.15318674374447117
SSP5,04_RUS,2048,0.0016109925671283776,0.16109925671283776
SSP5,04_RUS,2049,0.0016839973891482618,0.16839973891482618
SSP5,04_RUS,2050,0.0017509036367617803,0.17509036367617803
SSP5,05_MNG,2019,0.01854130165024559,1.854130165024559
SSP5,05_MNG,2020,0.018218163200540483,1.8218163200540483
SSP5,05_MNG,2021,0.016992345524951213,1.6992345524951213
SSP5,05_MNG,2022,0.014778613374959892,1.4778613374959892
SSP5,05_MNG,2023,0.013803284341192157,1.3803284341192157
SSP5,05_MNG,2024,0.012536967003672572,1.2536967003672572
SSP5,05_MNG,2025,0.011991555766010853,1.1991555766010853
SSP5,05_MNG,2026,0.010856091718394634,1.0856091718394634
SSP5,05_MNG,2027,0.009923844412390803,0.9923844412390803
SSP5,05_MNG,2028,0.009242292089465698,0.9242292089465698
SSP5,05_MNG,2029,0.008800523714866726,0.8800523714866726
SSP5,05_MNG,2030,0.008589360474328345,0.8589360474328345
SSP5,05_MNG,2031,0.008390400264522313,0.8390400264522313
SSP5,05_MNG,2032,0.008071244206879324,0.8071244206879324
SSP5,05_MNG,2033,0.007777147656770511,0.7777147656770511
SSP5,05_MNG,2034,0.007507163625969371,0.7507163625969371
SSP5,05_MNG,2035,0.0072604271587706215,0.7260427158770622
SSP5,05_MNG,2036,0.006979903165414747,0.6979903165414747
SSP5,05_MNG,2037,0.006705697848985892,0.6705697848985892
SSP5,05_MNG,2038,0.006512481987588803,0.6512481987588803
SSP5,05_MNG,2039,0.006398036633740389,0.6398036633740389
SSP5,05_MNG,2040,0.0063603162243,0.63603162243
SSP5,05_MNG,2041,0.006374918522886519,0.6374918522886519
SSP5,05_MNG,2042,0.006340571127426253,0.6340571127426253
SSP5,05_MNG,2043,0.006231024162165255,0.6231024162165255
SSP5,05_MNG,2044,0.006048146428709655,0.6048146428709655
SSP5,05_MNG,2045,0.005793686816831345,0.5793686816831345
SSP5,05_MNG,2046,0.0055586341232947145,0.5558634123294715
SSP5,05_MNG,2047,0.005387336169917267,0.5387336169917267
SSP5,05_MNG,2048,0.005212222945994549,0.5212222945994549
SSP5,05_MNG,2049,0.005033314582432835,0.5033314582432835
SSP5,05_MNG,2050,0.0048506229876530416,0.48506229876530416
SSP5,06_PRK,2019,0.0041064515966069415,0.41064515966069415
SSP5,06_PRK,2020,0.0037898991736269316,0.37898991736269316
SSP5,06_PRK,2021,0.003681544664756009,0.3681544664756009
SSP5,06_PRK,2022,0.003671433343038766,0.3671433343038766
SSP5,06_PRK,2023,0.003393958223385729,0.3393958223385729
SSP5,06_PRK,2024,0.0030516457515430417,0.3051645751543042
SSP5,06_PRK,2025,0.002634642269929932,0.2634642269929932
SSP5,06_PRK,2026,0.0015775160332567317,0.15775160332567317
SSP5,06_PRK,2027,0.0013811506130971818,0.13811506130971818
SSP5,06_PRK,2028,0.0010960664816204169,0.10960664816204169
SSP5,06_PRK,2029,0.000722529543898176,0.0722529543898176
SSP5,06_PRK,2030,0.0002605366579175872,0.026053665791758718
SSP5,06_PRK,2031,-0.00033801890055051853,-0.03380189005505185
SSP5,06_PRK,2032,-0.0008948917632126685,-0.08948917632126685
SSP5,06_PRK,2033,-0.0012735282634072087,-0.12735282634072087
SSP5,06_PRK,2034,-0.00147381786319023,-0.147381786319023
SSP5,06_PRK,2035,-0.001495035839835679,-0.1495035839835679
SSP5,06_PRK,2036,-0.0016451008500942832,-0.16451008500942832
SSP5,06_PRK,2037,-0.001980827332934809,-0.19808273329348092
SSP5,06_PRK,2038,-0.002221728296629144,-0.2221728296629144
SSP5,06_PRK,2039,-0.002367250059267967,-0.23672500592679668
SSP5,06_PRK,2040,-0.0024166230469031547,-0.24166230469031547
SSP5,06_PRK,2041,-0.0025120609927340443,-0.2512060992734044
SSP5,06_PRK,2042,-0.0026891637886387043,-0.26891637886387043
SSP5,06_PRK,2043,-0.0028225926838115756,-0.28225926838115756
SSP5,06_PRK,2044,-0.0029119305279124985,-0.29119305279124985
SSP5,06_PRK,2045,-0.00295670181429053,-0.295670181429053
SSP5,06_PRK,2046,-0.003007749507554669,-0.3007749507554669
SSP5,06_PRK,2047,-0.003093854580823563,-0.3093854580823563
SSP5,06_PRK,2048,-0.0031781803051432744,-0.31781803051432744
SSP5,06_PRK,2049,-0.003260721342292938,-0.3260721342292938
SSP5,06_PRK,2050,-0.003341470625995213,-0.3341470625995213
SSP5,07_NAM,2019,0.006119103224941691,0.6119103224941691
SSP5,07_NAM,2020,0.004780946608776926,0.4780946608776926
SSP5,07_NAM,2021,0.0019829753854954113,0.19829753854954113
SSP5,07_NAM,2022,0.007046280097031454,0.7046280097031454
SSP5,07_NAM,2023,0.010539016692275638,1.0539016692275638
SSP5,07_NAM,2024,0.011948026867095507,1.1948026867095507
SSP5,07_NAM,2025,0.004299779038799301,0.42997790387993007
SSP5,07_NAM,2026,0.005501571483313095,0.5501571483313095
SSP5,07_NAM,2027,0.006491512292743362,0.6491512292743362
SSP5,07_NAM,2028,0.007037838826381204,0.7037838826381204
SSP5,07_NAM,2029,0.007150440556242588,0.7150440556242588
SSP5,07_NAM,2030,0.006841013998626577,0.6841013998626577
SSP5,07_NAM,2031,0.006545564805190418,0.6545564805190418
SSP5,07_NAM,2032,0.006531644337404385,0.6531644337404385
SSP5,07_NAM,2033,0.006506216662740316,0.6506216662740316
SSP5,07_NAM,2034,0.006469580435821243,0.6469580435821243
SSP5,07_NAM,2035,0.006422026371946554,0.6422026371946554
SSP5,07_NAM,2036,0.006378303666711327,0.6378303666711327
SSP5,07_NAM,2037,0.00634262690124987,0.634262690124987
SSP5,07_NAM,2038,0.006302652289881028,0.6302652289881028
SSP5,07_NAM,2039,0.006258490488191715,0.6258490488191715
SSP5,07_NAM,2040,0.006210248613893299,0.6210248613893299
SSP5,07_NAM,2041,0.00616634840871666,0.616634840871666
SSP5,07_NAM,2042,0.0061261037139199725,0.6126103713919973
SSP5,07_NAM,2043,0.006080921958345309,0.6080921958345309
SSP5,07_NAM,2044,0.006030925073067461,0.6030925073067461
SSP5,07_NAM,2045,0.005976230809873639,0.5976230809873639
SSP5,07_NAM,2046,0.005922426387200863,0.5922426387200863
SSP5,07_NAM,2047,0.005872998036429156,0.5872998036429156
SSP5,07_NAM,2048,0.005824178033823069,0.5824178033823069
SSP5,07_NAM,2049,0.005775953990877936,0.5775953990877936
SSP5,07_NAM,2050,0.0057283138456210025,0.5728313845621003
SSP5,08_LAM,2019,0.008183527633524701,0.8183527633524701
SSP5,08_LAM,2020,0.007153033357822691,0.7153033357822691
SSP5,08_LAM,2021,0.0058550337822129706,0.585503378221297
SSP5,08_LAM,2022,0.0060642303980167345,0.6064230398016734
SSP5,08_LAM,2023,0.006967054476407775,0.6967054476407775
SSP5,08_LAM,2024,0.006988649702892369,0.6988649702892369
SSP5,08_LAM,2025,0.0060084991240925145,0.6008499124092515
SSP5,08_LAM,2026,0.005696513105171386,0.5696513105171386
SSP5,08_LAM,2027,0.0054312449992710565,0.5431244999271057
SSP5,08_LAM,2028,0.005108434998534417,0.5108434998534417
SSP5,08_LAM,2029,0.004729077956429739,0.4729077956429739
SSP5,08_LAM,2030,0.0042939637025156685,0.42939637025156685
SSP5,08_LAM,2031,0.003970658669288918,0.3970658669288918
SSP5,08_LAM,2032,0.0037495473642599197,0.374954736425992
SSP5,08_LAM,2033,0.003459456725692922,0.3459456725692922
SSP5,08_LAM,2034,0.0031012003751067496,0.31012003751067496
SSP5,08_LAM,2035,0.0026753762023450367,0.26753762023450367
SSP5,08_LAM,2036,0.0023639604634932976,0.23639604634932976
SSP5,08_LAM,2037,0.0021808543162316063,0.21808543162316063
SSP5,08_LAM,2038,0.0019516080811847747,0.19516080811847747
SSP5,08_LAM,2039,0.0016764800213513453,0.16764800213513453
SSP5,08_LAM,2040,0.0013556171231936531,0.1355617123193653
SSP5,08_LAM,2041,0.001199851414943387,0.1199851414943387
SSP5,08_LAM,2042,0.001154404975306056,0.11544049753060559
SSP5,08_LAM,2043,0.000981555874851603,0.09815558748516029
SSP5,08_LAM,2044,0.0006818084456938767,0.06818084456938767
SSP5,08_LAM,2045,0.00025541425499597814,0.025541425499597814
SSP5,08_LAM,2046,-9.358604680875793e-06,-0.0009358604680875793
SSP5,08_LAM,2047,-6.551084585604272e-05,-0.006551084585604272
SSP5,08_LAM,2048,-0.0001778268026223495,-0.01778268026223495
SSP5,08_LAM,2049,-0.0003463558912040199,-0.03463558912040199
SSP5,08_LAM,2050,-0.0005712170163638675,-0.057121701636386746
SSP5,09_WEU,2019,0.004762886155645241,0.47628861556452406
SSP5,09_WEU,2020,0.003202811102841041,0.3202811102841041
SSP5,09_WEU,2021,0.0028841608981153843,0.28841608981153843
SSP5,09_WEU,2022,0.005263638014970873,0.5263638014970873
SSP5,09_WEU,2023,0.005823495095734543,0.5823495095734543
SSP5,09_WEU,2024,0.004928165060704703,0.49281650607047034
SSP5,09_WEU,2025,0.002457503079525747,0.2457503079525747
SSP5,09_WEU,2026,0.002906199735224657,0.2906199735224657
SSP5,09_WEU,2027,0.0032100729832804653,0.32100729832804653
SSP5,09_WEU,2028,0.003383520769631776,0.3383520769631776
SSP5,09_WEU,2029,0.0034280651156948228,0.3428065115694823
SSP5,09_WEU,2030,0.0033454048981391704,0.33454048981391704
SSP5,09_WEU,2031,0.003258882988923073,0.3258882988923073
SSP5,09_WEU,2032,0.0032572356869531305,0.32572356869531305
SSP5,09_WEU,2033,0.0032627200228598774,0.32627200228598774
SSP5,09_WEU,2034,0.0032752432719922453,0.32752432719922453
SSP5,09_WEU,2035,0.003294712980655312,0.3294712980655312
SSP5,09_WEU,2036,0.0033117731413270235,0.33117731413270235
SSP5,09_WEU,2037,0.00332442872893135,0.332442872893135
SSP5,09_WEU,2038,0.0033409294495296837,0.3340929449529684
SSP5,09_WEU,2039,0.0033612226256709565,0.33612226256709565
SSP5,09_WEU,2040,0.0033852553618844983,0.3385255361884498
SSP5,09_WEU,2041,0.003423010276563554,0.3423010276563554
SSP5,09_WEU,2042,0.003458522425706656,0.3458522425706656
SSP5,09_WEU,2043,0.0034739888023600507,0.34739888023600507
SSP5,09_WEU,2044,0.003469681687276127,0.3469681687276127
SSP5,09_WEU,2045,0.0034458732912010515,0.34458732912010515
SSP5,09_WEU,2046,0.0034222706987951934,0.34222706987951934
SSP5,09_WEU,2047,0.003411784596231371,0.3411784596231371
SSP5,09_WEU,2048,0.003401365143365531,0.3401365143365531
SSP5,09_WEU,2049,0.003391011701534996,0.3391011701534996
SSP5,09_WEU,2050,0.0033807236402161323,0.3380723640216132
SSP5,10_EEU,2019,-0.002926876355207386,-0.2926876355207386
SSP5,10_EEU,2020,-0.006714848426055187,-0.6714848426055187
SSP5,10_EEU,2021,-0.010088433095998828,-1.0088433095998828
SSP5,10_EEU,2022,-0.0034763772409029947,-0.34763772409029947
SSP5,10_EEU,2023,-0.0006524481852030473,-0.06524481852030473
SSP5,10_EEU,2024,-0.002642987921296136,-0.2642987921296136
SSP5,10_EEU,2025,-0.0020667980318882506,-0.20667980318882506
SSP5,10_EEU,2026,-0.003254669150917877,-0.3254669150917877
SSP5,10_EEU,2027,-0.0045632676458085,-0.45632676458085
SSP5,10_EEU,2028,-0.005326198065526699,-0.5326198065526699
SSP5,10_EEU,2029,-0.0055357846745103245,-0.5535784674510325
SSP5,10_EEU,2030,-0.005180611247151079,-0.5180611247151079
SSP5,10_EEU,2031,-0.004837662471334325,-0.4837662471334325
SSP5,10_EEU,2032,-0.004872012840091422,-0.4872012840091422
SSP5,10_EEU,2033,-0.00487942122921925,-0.48794212292192496
SSP5,10_EEU,2034,-0.004859356751759414,-0.4859356751759414
SSP5,10_EEU,2035,-0.004811281504911058,-0.4811281504911058
SSP5,10_EEU,2036,-0.004779182193892839,-0.4779182193892839
SSP5,10_EEU,2037,-0.00476651441094611,-0.476651441094611
SSP5,10_EEU,2038,-0.0047302807264083535,-0.47302807264083535
SSP5,10_EEU,2039,-0.004670035629061209,-0.4670035629061209
SSP5,10_EEU,2040,-0.004585338188986765,-0.4585338188986765
SSP5,10_EEU,2041,-0.004504647172631215,-0.45046471726312154
SSP5,10_EEU,2042,-0.004442753988760373,-0.4442753988760373
SSP5,10_EEU,2043,-0.004378249095120745,-0.43782490951207453
SSP5,10_EEU,2044,-0.004311106131267728,-0.4311106131267728
SSP5,10_EEU,2045,-0.00424130006124479,-0.42413000612447904
SSP5,10_EEU,2046,-0.004176303080259736,-0.41763030802597356
SSP5,10_EEU,2047,-0.004115702040206504,-0.41157020402065037
SSP5,10_EEU,2048,-0.004051771779729152,-0.4051771779729152
SSP5,10_EEU,2049,-0.003984475954993072,-0.3984475954993072
SSP5,10_EEU,2050,-0.003913779931909445,-0.39137799319094446
SSP5,11_CAS,2019,0.01223377043067031,1.223377043067031
SSP5,11_CAS,2020,0.012494916923671218,1.2494916923671218
SSP5,11_CAS,2021,0.009880995030362438,0.9880995030362438
SSP5,11_CAS,2022,-0.006990911328116578,-0.6990911328116578
SSP5,11_CAS,2023,-0.005671671300248038,-0.5671671300248038
SSP5,11_CAS,2024,0.0145704567062801,1.45704567062801
SSP5,11_CAS,2025,0.004671416788154303,0.46714167881543034
SSP5,11_CAS,2026,0.007439461324410868,0.7439461324410868
SSP5,11_CAS,2027,0.010194651158848211,1.0194651158848211
SSP5,11_CAS,2028,0.011523182790536657,1.1523182790536657
SSP5,11_CAS,2029,0.011472048109089972,1.1472048109089972
SSP5,11_CAS,2030,0.010101330796546515,1.0101330796546515
SSP5,11_CAS,2031,0.008799606566846974,0.8799606566846974
SSP5,11_CAS,2032,0.008425540038443646,0.8425540038443646
SSP5,11_CAS,2033,0.008063573457161688,0.8063573457161688
SSP5,11_CAS,2034,0.0077130634632653905,0.771306346326539
SSP5,11_CAS,2035,0.007373411793595963,0.7373411793595963
SSP5,11_CAS,2036,0.0070323364322923965,0.7032336432292396
SSP5,11_CAS,2037,0.006718803893172032,0.6718803893172032
SSP5,11_CAS,2038,0.006457891514460856,0.6457891514460856
SSP5,11_CAS,2039,0.006248058938789658,0.6248058938789658
SSP5,11_CAS,2040,0.006087914594800292,0.6087914594800292
SSP5,11_CAS,2041,0.005976738639555057,0.5976738639555057
SSP5,11_CAS,2042,0.005845423562302443,0.5845423562302443
SSP5,11_CAS,2043,0.0056601158797766615,0.5660115879776662
SSP5,11_CAS,2044,0.005422001299540291,0.5422001299540291
SSP5,11_CAS,2045,0.005132144357022694,0.5132144357022694
SSP5,11_CAS,2046,0.004875195670995369,0.4875195670995369
SSP5,11_CAS,2047,0.00467882099098893,0.467882099098893
SSP5,11_CAS,2048,0.004472997062894057,0.44729970628940574
SSP5,11_CAS,2049,0.00425780099200157,0.425780099200157
SSP5,11_CAS,2050,0.00403328811667647,0.403328811667647
SSP5,12_MEA,2019,0.01722501137663013,1.7225011376630128
SSP5,12_MEA,2020,0.018479414648780557,1.8479414648780557
SSP5,12_MEA,2021,0.013362963470772149,1.336296347077215
SSP5,12_MEA,2022,0.020925489723068624,2.0925489723068624
SSP5,12_MEA,2023,0.02129376723448706,2.129376723448706
SSP5,12_MEA,2024,0.019733333226415795,1.9733333226415795
SSP5,12_MEA,2025,0.014759341599389852,1.4759341599389852
SSP5,12_MEA,2026,0.014069330496193633,1.4069330496193633
SSP5,12_MEA,2027,0.01351986793546578,1.351986793546578
SSP5,12_MEA,2028,0.012993011305156843,1.2993011305156843
SSP5,12_MEA,2029,0.012487284826462108,1.2487284826462108
SSP5,12_MEA,2030,0.012001337439476734,1.2001337439476734
SSP5,12_MEA,2031,0.011547874813890413,1.1547874813890413
SSP5,12_MEA,2032,0.011126694294405937,1.1126694294405937
SSP5,12_MEA,2033,0.0107232650096043,1.07232650096043
SSP5,12_MEA,2034,0.010336611540901597,1.0336611540901597
SSP5,12_MEA,2035,0.009965835695237901,0.9965835695237901
SSP5,12_MEA,2036,0.009598760694499608,0.9598760694499608
SSP5,12_MEA,2037,0.009253806474053272,0.9253806474053272
SSP5,12_MEA,2038,0.008950394421487484,0.8950394421487484
SSP5,12_MEA,2039,0.008686882717394928,0.8686882717394928
SSP5,12_MEA,2040,0.008461776070771698,0.8461776070771698
SSP5,12_MEA,2041,0.00829207494426254,0.829207494426254
SSP5,12_MEA,2042,0.008112698694842324,0.8112698694842324
SSP5,12_MEA,2043,0.00787451033292097,0.787451033292097
SSP5,12_MEA,2044,0.007579311177329906,0.7579311177329906
SSP5,12_MEA,2045,0.007228722269866816,0.7228722269866816
SSP5,12_MEA,2046,0.006911984580837638,0.6911984580837638
SSP5,12_MEA,2047,0.006660903030755172,0.6660903030755172
SSP5,12_MEA,2048,0.006403291415647994,0.6403291415647994
SSP5,12_MEA,2049,0.006139191828383517,0.6139191828383517
SSP5,12_MEA,2050,0.005868625477339684,0.5868625477339684
SSP5,13_AFR,2019,0.026063520589233224,2.6063520589233224
SSP5,13_AFR,2020,0.025814214350296627,2.5814214350296627
SSP5,13_AFR,2021,0.02549977497344269,2.549977497344269
SSP5,13_AFR,2022,0.02509963711783736,2.509963711783736
SSP5,13_AFR,2023,0.02518695029718576,2.518695029718576
SSP5,13_AFR,2024,0.025105902776744404,2.5105902776744404
SSP5,13_AFR,2025,0.023503072879738296,2.3503072879738296
SSP5,13_AFR,2026,0.022210731789162885,2.2210731789162885
SSP5,13_AFR,2027,0.021301990203794974,2.1301990203794974
SSP5,13_AFR,2028,0.020482936259148987,2.0482936259148987
SSP5,13_AFR,2029,0.019746242984512774,1.9746242984512774
SSP5,13_AFR,2030,0.01908547121969617,1.908547121969617
SSP5,13_AFR,2031,0.018433416786062473,1.8433416786062473
SSP5,13_AFR,2032,0.017795229982121352,1.7795229982121352
SSP5,13_AFR,2033,0.017232068781006582,1.7232068781006582
SSP5,13_AFR,2034,0.016738790794456504,1.6738790794456504
SSP5,13_AFR,2035,0.016310797910613628,1.6310797910613628
SSP5,13_AFR,2036,0.015855515204925563,1.5855515204925563
SSP5,13_AFR,2037,0.015392803084700368,1.5392803084700368
SSP5,13_AFR,2038,0.015017761056530077,1.5017761056530077
SSP5,13_AFR,2039,0.01472520611099526,1.472520611099526
SSP5,13_AFR,2040,0.014510418858803664,1.4510418858803664
SSP5,13_AFR,2041,0.01434602681817676,1.434602681817676
SSP5,13_AFR,2042,0.014141819178227433,1.4141819178227433
SSP5,13_AFR,2043,0.013879351566105091,1.3879351566105091
SSP5,13_AFR,2044,0.013561882374654166,1.3561882374654166
SSP5,13_AFR,2045,0.013192400789252545,1.3192400789252545
SSP5,13_AFR,2046,0.012840427252251985,1.2840427252251985
SSP5,13_AFR,2047,0.012543954799929535,1.2543954799929535
SSP5,13_AFR,2048,0.012254279459846362,1.2254279459846362
SSP5,13_AFR,2049,0.011971064860455405,1.1971064860455405
SSP5,13_AFR,2050,0.011693993383923518,1.1693993383923518
SSP5,14_CLV,2019,0.013518730658905964,1.3518730658905964
SSP5,14_CLV,2020,0.014885445976928091,1.4885445976928091
SSP5,14_CLV,2021,0.014767858783025556,1.4767858783025556
SSP5,14_CLV,2022,0.013641674900897627,1.3641674900897627
SSP5,14_CLV,2023,0.013252516656313551,1.325251665631355
SSP5,14_CLV,2024,0.01274457405878704,1.274457405878704
SSP5,14_CLV,2025,0.007069568270129611,0.7069568270129611
SSP5,14_CLV,2026,0.006342097476627062,0.6342097476627062
SSP5,14_CLV,2027,0.005899070072304946,0.5899070072304946
SSP5,14_CLV,2028,0.005413435394958421,0.5413435394958421
SSP5,14_CLV,2029,0.004885603005150729,0.48856030051507293
SSP5,14_CLV,2030,0.004315759328096913,0.4315759328096913
SSP5,14_CLV,2031,0.003895226068347357,0.3895226068347357
SSP5,14_CLV,2032,0.0036115983607312163,0.36115983607312163
SSP5,14_CLV,2033,0.003267919926316143,0.3267919926316143
SSP5,14_CLV,2034,0.0028647422363603514,0.28647422363603514
SSP5,14_CLV,2035,0.0024023982442724634,0.24023982442724634
SSP5,14_CLV,2036,0.002083796390606185,0.20837963906061852
SSP5,14_CLV,2037,0.0019092783777958644,0.19092783777958644
SSP5,14_CLV,2038,0.0016765328155186054,0.16765328155186054
SSP5,14_CLV,2039,0.0013858555768822,0.13858555768822
SSP5,14_CLV,2040,0.0010373992320380498,0.10373992320380498
SSP5,14_CLV,2041,0.000837020545880307,0.0837020545880307
SSP5,14_CLV,2042,0.0007753962940171277,0.07753962940171277
SSP5,14_CLV,2043,0.0006422087987907332,0.06422087987907332
SSP5,14_CLV,2044,0.0004376313353697814,0.04376313353697814
SSP5,14_CLV,2045,0.000161731592540848,0.0161731592540848
SSP5,14_CLV,2046,-7.00949362705261e-05,-0.00700949362705261
SSP5,14_CLV,2047,-0.00022283281282242662,-0.022283281282242662
SSP5,14_CLV,2048,-0.0003944535675430849,-0.03944535675430849
SSP5,14_CLV,2049,-0.0005850595203318321,-0.058505952033183206
SSP5,14_CLV,2050,-0.0007947863204568195,-0.07947863204568195
SSP5,15_SAS,2019,0.011078877726085734,1.1078877726085734
SSP5,15_SAS,2020,0.010816429481470768,1.0816429481470768
SSP5,15_SAS,2021,0.009799168892817178,0.9799168892817178
SSP5,15_SAS,2022,0.009308764852383966,0.9308764852383966
SSP5,15_SAS,2023,0.00971334916372113,0.971334916372113
SSP5,15_SAS,2024,0.009721358620490506,0.9721358620490506
SSP5,15_SAS,2025,0.008742885832020653,0.8742885832020653
SSP5,15_SAS,2026,0.00828316218573022,0.828316218573022
SSP5,15_SAS,2027,0.007944808139314308,0.7944808139314308
SSP5,15_SAS,2028,0.007536253852551411,0.7536253852551411
SSP5,15_SAS,2029,0.007059365322643396,0.7059365322643396
SSP5,15_SAS,2030,0.00651567662758179,0.651567662758179
SSP5,15_SAS,2031,0.006083730658014597,0.6083730658014597
SSP5,15_SAS,2032,0.005767292310813854,0.5767292310813854
SSP5,15_SAS,2033,0.005391572061485661,0.5391572061485661
SSP5,15_SAS,2034,0.004957591014785434,0.4957591014785434
SSP5,15_SAS,2035,0.004466125826949385,0.44661258269493853
SSP5,15_SAS,2036,0.004060523950830008,0.40605239508300084
SSP5,15_SAS,2037,0.0037726746785742282,0.3772674678574228
SSP5,15_SAS,2038,0.0034755696807957648,0.3475569680795765
SSP5,15_SAS,2039,0.0031691123080768158,0.3169112308076816
SSP5,15_SAS,2040,0.0028531765162489453,0.28531765162489453
SSP5,15_SAS,2041,0.002656121792480537,0.2656121792480537
SSP5,15_SAS,2042,0.0025215311763051584,0.25215311763051584
SSP5,15_SAS,2043,0.0022934375292607,0.22934375292607
SSP5,15_SAS,2044,0.0019726438541425306,0.19726438541425306
SSP5,15_SAS,2045,0.0015597194830587746,0.15597194830587746
SSP5,15_SAS,2046,0.001286048402343809,0.1286048402343809
SSP5,15_SAS,2047,0.0011739154427705678,0.11739154427705678
SSP5,15_SAS,2048,0.001003548170563473,0.1003548170563473
SSP5,15_SAS,2049,0.000775140278672426,0.0775140278672426
SSP5,15_SAS,2050,0.0004887792111532008,0.04887792111532008
SSP5,16_APC,2019,0.009469203870866139,0.9469203870866139
SSP5,16_APC,2020,0.008555061651338791,0.8555061651338791
SSP5,16_APC,2021,0.006767377900708027,0.6767377900708027
SSP5,16_APC,2022,0.007277429329823892,0.7277429329823892
SSP5,16_APC,2023,0.007980436008063085,0.7980436008063085
SSP5,16_APC,2024,0.007571111513670514,0.7571111513670514
SSP5,16_APC,2025,0.007140887246496641,0.7140887246496641
SSP5,16_APC,2026,0.006829549359189668,0.6829549359189668
SSP5,16_APC,2027,0.006561187176711947,0.6561187176711947
SSP5,16_APC,2028,0.006216670814512382,0.6216670814512382
SSP5,16_APC,2029,0.005797721198869121,0.5797721198869121
SSP5,16_APC,2030,0.005305760616691524,0.5305760616691524
SSP5,16_APC,2031,0.0049294059122346745,0.49294059122346745
SSP5,16_APC,2032,0.004668893315068923,0.46688933150689227
SSP5,16_APC,2033,0.0043375368647495804,0.43375368647495804
SSP5,16_APC,2034,0.00393637876348496,0.393637876348496
SSP5,16_APC,2035,0.003466206033764463,0.3466206033764463
SSP5,16_APC,2036,0.003093561272394796,0.3093561272394796
SSP5,16_APC,2037,0.00285126955873527,0.285126955873527
SSP5,16_APC,2038,0.002589699927834088,0.2589699927834088
SSP5,16_APC,2039,0.0023088839547193984,0.23088839547193984
SSP5,16_APC,2040,0.002008800675431077,0.20088006754310772
SSP5,16_APC,2041,0.0018604341802190838,0.18604341802190838
SSP5,16_APC,2042,0.00178722496498529,0.178722496498529
SSP5,16_APC,2043,0.001580599438821384,0.1580599438821384
SSP5,16_APC,2044,0.001241393173105232,0.12413931731052319
SSP5,16_APC,2045,0.000770129318988122,0.0770129318988122
SSP5,16_APC,2046,0.0004675042855937228,0.04675042855937228
SSP5,16_APC,2047,0.0004054164141455985,0.04054164141455985
SSP5,16_APC,2048,0.0003193060424213634,0.03193060424213634
SSP5,16_APC,2049,0.00020919143521558325,0.020919143521558325
SSP5,16_APC,2050,7.506900614084877e-05,0.007506900614084877
SSP5,17_ANZ,2019,0.014775987750812458,1.4775987750812458
SSP5,17_ANZ,2020,0.013744275473396739,1.3744275473396739
SSP5,17_ANZ,2021,0.0015742645056020521,0.1574264505602052
SSP5,17_ANZ,2022,0.010738019861675774,1.0738019861675774
SSP5,17_ANZ,2023,0.024420923433801756,2.4420923433801756
SSP5,17_ANZ,2024,0.019597976416891427,1.9597976416891427
SSP5,17_ANZ,2025,0.007765987874035485,0.7765987874035485
SSP5,17_ANZ,2026,0.009125269442255446,0.9125269442255446
SSP5,17_ANZ,2027,0.00995316833639781,0.9953168336397811
SSP5,17_ANZ,2028,0.010355415872810525,1.0355415872810525
SSP5,17_ANZ,2029,0.010347492662232671,1.0347492662232671
SSP5,17_ANZ,2030,0.009945794618977821,0.9945794618977821
SSP5,17_ANZ,2031,0.009550321403660522,0.9550321403660522
SSP5,17_ANZ,2032,0.009422466306232113,0.9422466306232113
SSP5,17_ANZ,2033,0.009304718284279145,0.9304718284279145
SSP5,17_ANZ,2034,0.009196716793555826,0.9196716793555826
SSP5,17_ANZ,2035,0.00909811946556105,0.909811946556105
SSP5,17_ANZ,2036,0.008980251752495727,0.8980251752495727
SSP5,17_ANZ,2037,0.008860173447537312,0.8860173447537312
SSP5,17_ANZ,2038,0.008773929672775793,0.8773929672775793
SSP5,17_ANZ,2039,0.008720355335884333,0.8720355335884333
SSP5,17_ANZ,2040,0.008698335863518647,0.8698335863518647
SSP5,17_ANZ,2041,0.008680462682773449,0.8680462682773449
SSP5,17_ANZ,2042,0.008642514800588863,0.8642514800588863
SSP5,17_ANZ,2043,0.008599126639669885,0.8599126639669885
SSP5,17_ANZ,2044,0.008550490505717656,0.8550490505717656
SSP5,17_ANZ,2045,0.00849679212002985,0.849679212002985
SSP5,17_ANZ,2046,0.008444050051506169,0.8444050051506169
SSP5,17_ANZ,2047,0.008395902810435674,0.8395902810435674
SSP5,17_ANZ,2048,0.008348279579887707,0.8348279579887707
SSP5,17_ANZ,2049,0.008301171280423958,0.8301171280423958
SSP5,17_ANZ,2050,0.008254569046146187,0.8254569046146187
