GAMS 45.7.0  64fbf3ce Jan 18, 2024          WEX-WEI x86 64bit/MS Windows - 04/30/26 12:52:03 Page 1
G e n e r a l   A l g e b r a i c   M o d e l i n g   S y s t e m
C o m p i l a t i o n


   1  * ==============================================================================
   2  * Run_Master.gms: Integrated Pipeline Control for GUIDE-Global CGE
   3  * ==============================================================================
   4  * ------------------------------------------------------------------------------
   5  * [1] 제어 옵션 설정 (Control Switches: 1 = Run, 0 = Skip)
   6  * ------------------------------------------------------------------------------
   7  * --- Data & Baseline ---
  10   
  11  * 기준연도 2019년 입력자료 및 2050년까지 전망 자료를 생성합니다.
  12  * Baseline 시나리오를 Calibration 합니다.
  13   
  14  * --- Scenarios ---
  18   
  19  * RUN_BAU  BAU 시나리오를 구동합니다.
  20  * RUN_NDC NDC 시나리오를 구동합니다.
  21  * RUN_NZ   NZ 시나리오를 구동합니다.
  22   
  23  * --- Result Formats ---
  26  *$setglobal OUT_IPCC    0
  27   
  28  * OUT_PRIM CGE 기본 결과물을 출력합니다.
  29  * OUT_IAMC Integrated Assessment Modeling Consortium (IAMC)  모형비교 결과물 포맷으로 출력합니다.
  30  * OUT_IPCC  Intergovernmental Panel on Climate Change (IPCC)   2006년 국제표준 배출원 카테고리(Source/Sink Categories) 포맷으로 출력합니다.
  31   
  32  * ------------------------------------------------------------------------------
  33  * [2] Pre-processing: Data Generation & Baseline Calibration
  34  * ------------------------------------------------------------------------------
  37   
  40   
  41  * ------------------------------------------------------------------------------
  42  * [3] Model Engine Load (모형 뼈대 로드)
  43  * ------------------------------------------------------------------------------
INCLUDE    C:\Users\kimc0\GUIDE_GLOBAL_CGE\2.GUIDE-GLOBAL-CGE_v2\Sets.gms
  45  *==============================================================================
  46  * Sets
  47  *==============================================================================
  48  * 1. MASTER SETS (Core Dimensions)
  49  *------------------------------------------------------------------------------
  50  SET
  51   J               All industries including conventional and backstop technologies
  52   I               All commodities
  53   I1(I)           All commodities except agriculture (Used as the residual market for Walras Law)
  54   I2(I)           General commodities excluding electricity and backstop outputs
  55   F               All production factors
  56   K(F)            Capital factor categories (Capital Land Natural Resources)
  57   Z               All regions
  58   ZR(Z)           Reference region for price numeraire (NAM)
  59   Z1(Z)           All regions except the reference region
  60   
  61  *------------------------------------------------------------------------------
  62  * 2. INDUSTRY & COMMODITY BASE ELEMENTS
  63  *------------------------------------------------------------------------------
  64  J Industries including backstop technologies
  65  /
  66   01_AGRICULT    Agricultural forest and fishery goods
  67   02_COAL        Coal
  68   03_OIL         Crude petroleum
  69   04_GAS         Natural gas Gas distribution
  70   05_MINING      Mined and quarried goods
  71   06_FOODPRO     Food beverages and tobacco products
  72   07_TEXTILES    Textile and leather products
  73   08_WOODPRO     Wood products
  74   09_PAPERPRO    Paper products
  75   10_PETROLCOAL  Petroleum and coal products
  76   11_CHEMICAL    Chemical products
  77   12_NONMET      Non-metallic mineral products
  78   13_IRONSTL     Primary iron and steel products
  79   14_NONFERR     Non-ferrous metal products
  80   15_MACHINE     Fabricated metal products Electronic and electrical equipment Machinery and equipment
  81   16_TRANSEQ     Motor vehicles Other transport equipment
  82   17_OTHERIND    Other manufactured products Water supply
  83   18_TnD         Transmission and Distribution
  84   19_eNuclear    Nuclear generation
  85   20_eCoal       Coal generation
  86   21_eGas        Gas generation
  87   22_eOil        Oil generation
  88   23_eWind       Wind generation
  89   24_eSolar      Solar generation
  90   25_eHydro      Hydro generation
  91   26_eOther      Other generation
  92   27_CONSTRUC    Construction
  93   28_LTRP        Land transport service(road rail)
  94   29_WTRP        Water transport service
  95   30_ATRP        Air transport service
  96   31_SER         Service
  97   32_BSCHEMICAL  Low-carbon chemical products (e.g. green ammonia)
  98   33_BSNONMET    Low-carbon non-metallic minerals (e.g. green cement)
  99   34_BSIRONSTL   Green steel products (e.g. hydrogen DRI)
 100   35_BS_LTRP     Zero-emission land transport (e.g. EV and FCEV)
 101   36_BS_WTRP     Zero-emission water transport (e.g. green methanol)
 102   37_BS_ATRP     Zero-emission air transport (e.g. SAF)
 103  /
 104   
 105  I All commodities except agriculture
 106  /
 107   01_AGRICULT    Agricultural forest and fishery goods
 108   02_COAL        Coal
 109   03_OIL         Crude petroleum
 110   04_GAS         Natural gas Gas distribution
 111   05_MINING      Mined and quarried goods
 112   06_FOODPRO     Food beverages and tobacco products
 113   07_TEXTILES    Textile and leather products
 114   08_WOODPRO     Wood products
 115   09_PAPERPRO    Paper products
 116   10_PETROLCOAL  Petroleum and coal products
 117   11_CHEMICAL    Chemical products
 118   12_NONMET      Non-metallic mineral products
 119   13_IRONSTL     Primary iron and steel products
 120   14_NONFERR     Non-ferrous metal products
 121   15_MACHINE     Fabricated metal products Electronic and electrical equipment Machinery and equipment
 122   16_TRANSEQ     Motor vehicles Other transport equipment
 123   17_OTHERIND    Other manufactured products Water supply
 124   18_ELEC        Electricity
 125   19_CONSTRUC    Construction
 126   20_LTRP        Land transport service(road rail)
 127   21_WTRP        Water transport service
 128   22_ATRP        Air transport service
 129   23_SER         Service
 130  /
 131   
 132  Z Regions
 133  /
 134   01_KOR Korea
 135   02_CHN China
 136   03_JPN Japan
 137   04_RUS Russian Federation
 138   05_MNG Mongolia
 139   06_PRK Peoples Republic of Korea
 140   07_NAM North America
 141   08_LAM Latin America and the Caribbean
 142   09_WEU Western Europe
 143   10_EEU Central and Eastern Europe
 144   11_CAS Central Asia Surrounds
 145   12_MEA Middle East and North Africa
 146   13_AFR Sub-Saharan Africa
 147   14_CLV Cambodia Laos Vietnam
 148   15_SAS South Asia
 149   16_APC Asia-Pacific
 150   17_ANZ Australia and New Zealand
 151  /
 152   
 153  *------------------------------------------------------------------------------
 154  * 3. COMMODITY SUBSETS (Energy Nesting & Specific Markets)
 155  *------------------------------------------------------------------------------
 156  I1(I) Commodities excluding agriculture LEON
 157  / 02_COAL, 03_OIL, 04_GAS, 05_MINING, 06_FOODPRO, 07_TEXTILES, 08_WOODPRO, 09_PAPERPRO, 10_PETROLCOAL, 11_CHEMICAL, 12_NONMET, 13_IRONSTL, 14_NONFERR, 15_MACHINE, 16_TRANSEQ, 17_OTHERIND, 18_ELEC, 19_CONSTRUC, 20_LTRP, 21_WTRP, 22_ATRP, 23_SER /
 158   
 159  I2(I) Commodities excluding electricity and backstop
 160  / 01_AGRICULT, 02_COAL, 03_OIL, 04_GAS, 05_MINING, 06_FOODPRO, 07_TEXTILES, 08_WOODPRO, 09_PAPERPRO, 10_PETROLCOAL, 14_NONFERR, 15_MACHINE, 16_TRANSEQ, 17_OTHERIND, 19_CONSTRUC, 23_SER /
 161   
 162  ENE(I) All energy commodities
 163  / 02_COAL, 03_OIL, 04_GAS, 10_PETROLCOAL, 18_ELEC /
 164   
 165  ENE1(I) Primary and secondary fossil fuels (Excluding electricity)
 166  / 02_COAL, 03_OIL, 04_GAS, 10_PETROLCOAL /
 167   
 168  ENE2(I) Electricity only (For power non-power split nesting)
 169  / 18_ELEC /
 170   
 171  ENE3(ene) Alias for ENE1 (Fossil fuels excluding electricity)
 172  / 02_COAL, 03_OIL, 04_GAS, 10_PETROLCOAL /
 173   
 174  ENE4(ene) Electricity only
 175  / 18_ELEC /
 176   
 177  ENE5(ene) Solid and gaseous fossil fuels (Coal and Gas nest)
 178  / 02_COAL, 04_GAS /
 179   
 180  ENE6(ene) Liquid fossil fuels (Crude oil and Petroleum products nest)
 181  / 03_OIL, 10_PETROLCOAL /
 182   
 183  ENE7(ene) Coal and Gas only (Specific sub-grouping)
 184  / 02_COAL, 04_GAS /
 185   
 186  NENE(I) All non-energy commodities (For intermediate consumption structure)
 187  / 01_AGRICULT, 05_MINING, 06_FOODPRO, 07_TEXTILES, 08_WOODPRO, 09_PAPERPRO, 11_CHEMICAL, 12_NONMET, 13_IRONSTL, 14_NONFERR, 15_MACHINE, 16_TRANSEQ, 17_OTHERIND, 19_CONSTRUC, 20_LTRP, 21_WTRP, 22_ATRP, 23_SER /
 188   
 189  I_BS(I) Conventional commodities that have low-carbon backstop substitutes
 190  / 11_CHEMICAL, 12_NONMET, 13_IRONSTL, 20_LTRP, 21_WTRP, 22_ATRP /
 191   
 192  *------------------------------------------------------------------------------
 193  * 4. INDUSTRY SUBSETS (Production Structure & Policy Targeting)
 194  *------------------------------------------------------------------------------
 195  BUS(J) Private business industries (Excludes public sectors)
 196  / 01_AGRICULT, 02_COAL, 03_OIL, 04_GAS, 05_MINING, 06_FOODPRO, 07_TEXTILES, 08_WOODPRO, 09_PAPERPRO, 10_PETROLCOAL, 11_CHEMICAL, 12_NONMET, 13_IRONSTL, 14_NONFERR, 15_MACHINE, 16_TRANSEQ, 17_OTHERIND, 18_TnD, 19_eNuclear, 20_eCoal, 21_eGas, 22_eOil, 23_eWind, 24_eSolar, 25_eHydro, 26_eOther, 27_CONSTRUC, 28_LTRP, 29_WTRP, 30_ATRP, 31_SER, 32_BSCHEMICAL, 33_BSNONMET, 34_BSIRONSTL, 35_BS_LTRP, 36_BS_WTRP, 37_BS_ATRP /
 197   
 198  J2(J) Industries following the standard KLE (Capital-Labor-Energy) nesting structure
 199  / 01_AGRICULT, 05_MINING, 06_FOODPRO, 07_TEXTILES, 08_WOODPRO, 09_PAPERPRO, 14_NONFERR, 15_MACHINE, 16_TRANSEQ, 17_OTHERIND, 27_CONSTRUC, 28_LTRP, 29_WTRP, 30_ATRP, 31_SER /
 200   
 201  J3(J) Industries with non-KLE or Leontief structures (Energy Power Backstop)
 202  / 02_COAL, 03_OIL, 04_GAS, 10_PETROLCOAL, 11_CHEMICAL, 12_NONMET, 13_IRONSTL, 18_TnD, 19_eNuclear, 20_eCoal, 21_eGas, 22_eOil, 23_eWind, 24_eSolar, 25_eHydro, 26_eOther, 32_BSCHEMICAL, 33_BSNONMET, 34_BSIRONSTL, 35_BS_LTRP, 36_BS_WTRP, 37_BS_ATRP /
 203   
 204  J4(J) General demand industries (Excluding energy supply and transformation)
 205  / 01_AGRICULT, 05_MINING, 06_FOODPRO, 07_TEXTILES, 08_WOODPRO, 09_PAPERPRO, 11_CHEMICAL, 12_NONMET, 13_IRONSTL, 14_NONFERR, 15_MACHINE, 16_TRANSEQ, 17_OTHERIND, 27_CONSTRUC, 28_LTRP, 29_WTRP, 30_ATRP, 31_SER, 32_BSCHEMICAL, 33_BSNONMET, 34_BSIRONSTL, 35_BS_LTRP, 36_BS_WTRP, 37_BS_ATRP /
 206   
 207  J5(J) Fossil fuel power generation sectors
 208  / 20_eCoal, 21_eGas, 22_eOil /
 209   
 210  J6(J) All industries excluding power generation sectors
 211  / 01_AGRICULT, 02_COAL, 03_OIL, 04_GAS, 05_MINING, 06_FOODPRO, 07_TEXTILES, 08_WOODPRO, 09_PAPERPRO, 10_PETROLCOAL, 11_CHEMICAL, 12_NONMET, 13_IRONSTL, 14_NONFERR, 15_MACHINE, 16_TRANSEQ, 17_OTHERIND, 27_CONSTRUC, 28_LTRP, 29_WTRP, 30_ATRP, 31_SER, 32_BSCHEMICAL, 33_BSNONMET, 34_BSIRONSTL, 35_BS_LTRP, 36_BS_WTRP, 37_BS_ATRP /
 212   
 213  J7(J) Industries subject to Marginal Abatement Cost (MAC) curves
 214  / 01_AGRICULT, 05_MINING, 06_FOODPRO, 07_TEXTILES, 08_WOODPRO, 09_PAPERPRO, 10_PETROLCOAL, 11_CHEMICAL, 12_NONMET, 13_IRONSTL, 14_NONFERR, 15_MACHINE, 16_TRANSEQ, 17_OTHERIND, 27_CONSTRUC, 28_LTRP, 29_WTRP, 30_ATRP, 31_SER /
 215   
 216  TND(J) Electricity Transmission and Distribution
 217  / 18_TnD /
 218   
 219  POWER(J) All power generation sectors
 220  / 19_eNuclear, 20_eCoal, 21_eGas, 22_eOil, 23_eWind, 24_eSolar, 25_eHydro, 26_eOther /
 221   
 222  Conv(J) Conventional highly-emitting industries targeted for backstop substitution
 223  / 11_CHEMICAL, 12_NONMET, 13_IRONSTL, 28_LTRP, 29_WTRP, 30_ATRP /
 224   
 225  DIRTY(J) Emissions-intensive and trade-exposed (EITE) fossil fuel combustion industries
 226  / 11_CHEMICAL, 12_NONMET, 13_IRONSTL, 20_eCoal, 21_eGas, 22_eOil, 28_LTRP, 29_WTRP, 30_ATRP /
 227   
 228  TRP(J) TRANSPORT
 229  / 28_LTRP, 29_WTRP, 30_ATRP /
 230   
 231  Energy(J) Industries
 232  / 02_COAL, 03_OIL, 04_GAS, 05_MINING, 10_PETROLCOAL, 18_TnD, 19_eNuclear,  20_eCoal,
 233   21_eGas, 22_eOil, 23_eWind, 24_eSolar, 25_eHydro, 26_eOther /
 234   
 235  IndCon(J) Industries
 236  / 06_FOODPRO,  07_TEXTILES,  08_WOODPRO, 09_PAPERPRO,  11_CHEMICAL,  12_NONMET
 237   13_IRONSTL, 14_NONFERR, 15_MACHINE, 16_TRANSEQ, 17_OTHERIND, 27_CONSTRUC /
 238   
 239  Roadrail(J) Land transport service(road rail)
 240  / 28_LTRP /
 241   
 242  Air(J)  Air transport service
 243  / 30_ATRP /
 244   
 245  Water(J) Water transport service
 246  / 29_WTRP /
 247   
 248  Other(J) other sector
 249  / 01_AGRICULT, 31_SER /
 250   
 251  Elec(J) Industries
 252  / 19_eNuclear,  20_eCoal, 21_eGas, 22_eOil, 23_eWind, 24_eSolar, 25_eHydro, 26_eOther/
 253   
 254  *------------------------------------------------------------------------------
 255  * 5. BACKSTOP TECHNOLOGY MAPPINGS
 256  *------------------------------------------------------------------------------
 257  BS(J) Low-carbon and zero-emission backstop technology sectors
 258   / 32_BSCHEMICAL, 33_BSNONMET, 34_BSIRONSTL, 35_BS_LTRP, 36_BS_WTRP, 37_BS_ATRP /
 259   
 260  MAP_BS(*, *, *) 1:1:1 Mapping: Backstop Industry . Conventional Industry . Target Commodity
 261  /
 262    '32_BSCHEMICAL' . '11_CHEMICAL' . '11_CHEMICAL '
 263    '33_BSNONMET'   . '12_NONMET'   . '12_NONMET'
 264    '34_BSIRONSTL'  . '13_IRONSTL'  . '13_IRONSTL'
 265    '35_BS_LTRP'    . '28_LTRP'     . '20_LTRP'
 266    '36_BS_WTRP'    . '29_WTRP'     . '21_WTRP'
 267    '37_BS_ATRP'    . '30_ATRP'     . '22_ATRP'
 268  /
 269   
 270  MAP_Conv(*, *) 1:1 Mapping: Backstop Industry . Conventional Industry
 271  /
 272    '32_BSCHEMICAL' . '11_CHEMICAL'
 273    '33_BSNONMET'   . '12_NONMET'
 274    '34_BSIRONSTL'  . '13_IRONSTL'
 275    '35_BS_LTRP'    . '28_LTRP'
 276    '36_BS_WTRP'    . '29_WTRP'
 277    '37_BS_ATRP'    . '30_ATRP'
 278  /
 279   
 280  *------------------------------------------------------------------------------
 281  * 6. REGIONAL SUBSETS (Climate Policy & Linkage Analysis)
 282  *------------------------------------------------------------------------------
 283  NEA(Z) Northeast Asian countries (Core regions for carbon market linkage)
 284  / 01_KOR, 02_CHN, 03_JPN, 04_RUS, 05_MNG, 06_PRK /
 285   
 286  PERMIT_Z(z) Regions participating in the emission trading scheme (Carbon Market)
 287  / 01_KOR, 02_CHN, 03_JPN, 04_RUS, 05_MNG, 06_PRK, 07_NAM, 08_LAM, 09_WEU, 10_EEU, 11_CAS, 12_MEA, 13_AFR, 14_CLV, 15_SAS, 16_APC, 17_ANZ /
 288   
 289  Z_GRN(z) Advanced economies with high elasticity for backstop technology adoption
 290   / 01_KOR, 02_CHN, 03_JPN, 07_NAM, 09_WEU, 17_ANZ /
 291   
 292  Z_OTH(z) Developing or fossil-dependent economies with lower transition elasticities
 293  / 04_RUS, 05_MNG, 06_PRK, 08_LAM, 10_EEU, 11_CAS, 12_MEA, 13_AFR, 14_CLV, 15_SAS, 16_APC /
 294   
 295  TIME Time periods
 296  / 2019*2050 /
 297   
 298  T(time)
 299  T1(time) First period;
 300  T1(time) = yes$[ord(time) eq 1];
 301   
 302  Parameter EndTime /2050/;
 303   
 304  Alias (j,jj)
 305  Alias (j2,jj2)
 306  Alias (i,ii,ij)
 307  Alias (k,kj)
 308  Alias (z,zj,zjj)
 309  Alias (power, powerr)
 310  Alias (BS, BSS)
 311  Alias (ENE,ENEE)
 312  Alias (TIME, TIMEE)
 313  Alias (ene1, enee1)
 314  Alias (ene3, enee3)
 315  Alias (ene4, enee4)
 316  Alias (ene5, enee5)
 317  Alias (ene6, enee6)
 318  Alias (ene7, enee7)
 319   
 320  ;
 321   
 322  *------------------------------------------------------------------------------
 323  * 7. IAMC Format
 324  *------------------------------------------------------------------------------
 325  SET
 326  model_IAMC
 327  / 'GUIDE-GLOBAL-CGE 1' /
 328   
 329  Country(z)
 330  / '01_KOR', '02_CHN', '03_JPN', '04_RUS', '05_MNG', '06_PRK', '07_NAM', '08_LAM', '09_WEU', '10_EEU',
 331   '11_CAS', '12_MEA', '13_AFR', '14_CLV', '15_SAS','16_APC','17_ANZ'/
 332   
 333  variable_IAMC
 334  /
 335   'Population',
 336   'GDP|MER',
 337   'Value Added|Agriculture',
 338   'Value Added|Industry',
 339   'Value Added|Services',
 340   'Emissions|CO2',
 341   'Emissions|CO2|Energy',
 342   'Emissions|CO2|Energy|Demand',
 343   'Emissions|CO2|Energy|Demand|AFOFI',
 344   'Emissions|CO2|Energy|Demand|Commercial',
 345   'Emissions|CO2|Energy|Demand|Industry',
 346   'Emissions|CO2|Energy|Demand|Other Sector',
 347   'Emissions|CO2|Energy|Demand|Residential',
 348   'Emissions|CO2|Energy|Demand|Transportation',
 349   'Emissions|CO2|Energy|Supply',
 350   'Emissions|CO2|Energy|Supply|Electricity',
 351   'Emissions|CO2|Energy|Supply|Gases',
 352   'Emissions|CO2|Energy|Supply|Heat',
 353   'Emissions|CO2|Energy|Supply|Liquids',
 354   'Emissions|CO2|Energy|Supply|Other',
 355   'Emissions|CO2|Energy|Supply|Solids',
 356   'Emissions|CO2|Industrial Processes',
 357   'Emissions|CO2|AFOLU',
 358   'Emissions|CO2|AFOLU|Land',
 359   'Emissions|CO2|AFOLU|Land|Positive',
 360   'Emissions|CO2|AFOLU|Land|Negative',
 361   'Primary Energy',
 362   'Primary Energy|Biomass',
 363   'Primary Energy|Coal',
 364   'Primary Energy|Gas',
 365   'Primary Energy|Geothermal',
 366   'Primary Energy|Hydro',
 367   'Primary Energy|Nuclear',
 368   'Primary Energy|Oil',
 369   'Primary Energy|Solar',
 370   'Primary Energy|Wind',
 371   'Secondary Energy|Electricity',
 372   'Secondary Energy|Electricity|Biomass',
 373   'Secondary Energy|Electricity|Coal',
 374   'Secondary Energy|Electricity|Gas',
 375   'Secondary Energy|Electricity|Geothermal',
 376   'Secondary Energy|Electricity|Hydro',
 377   'Secondary Energy|Electricity|Nuclear',
 378   'Secondary Energy|Electricity|Oil',
 379   'Secondary Energy|Electricity|Solar|CSP',
 380   'Secondary Energy|Electricity|Solar_PV',
 381   'Secondary Energy|Electricity|Wind',
 382   'Secondary Energy|Hydrogen',
 383   'Final Energy',
 384   'Final Energy|Electricity',
 385   'Final Energy|Gases',
 386   'Final Energy|Geothermal',
 387   'Final Energy|Heat',
 388   'Final Energy|Hydrogen',
 389   'Final Energy|Liquids',
 390   'Final Energy|Solar',
 391   'Final Energy|Solids',
 392   'Final Energy|Solids|Biomass',
 393   'Final Energy|Solids|Fossil',
 394   'Final Energy|Industry',
 395   'Final Energy|Non-Energy Use',
 396   'Final Energy|Residential',
 397   'Final Energy|Commercial',
 398   'Final Energy|Transportation',
 399   'Employment',
 400   'Employment|Agriculture',
 401   'Employment|Industry',
 402   'Employment|Service'
 403  /
 404   
 405  Unit_IAMC
 406  /
 407   'million',
 408   'billion USD_2010/yr',
 409   'Mt CO2/yr',
 410   'EJ/yr',
 411   'million t DM/yr',
 412   'Tg N/yr',
 413   'million ha'
 414  /
 415   
 416  year_IAMC(time)
 417  /
 418   2019, 2020, 2025, 2030, 2035, 2040, 2045, 2050
 419  /
 420   
 421  Agriculture(J) Industries
 422  /
 423   01_AGRICULT    Agricultural forest and fishery goods
 424  /
 425   
 426  Industry(J) Industries
 427  /
 428   02_COAL        Coal
 429   03_OIL         Crude petroleum
 430   04_GAS         Natural gas Gas distribution
 431   05_MINING      Mined and quarried goods
 432   06_FOODPRO     Food beverages and tobacco products
 433   07_TEXTILES    Textile and leather products
 434   08_WOODPRO     Wood products
 435   09_PAPERPRO    Paper products
 436   10_PETROLCOAL  Petroleum and coal products
 437   11_CHEMICAL    Chemical products
 438   12_NONMET      Non-metallic mineral products
 439   13_IRONSTL     Primary iron and steel products
 440   14_NONFERR     Non-ferrous metal products
 441   15_MACHINE     Fabricated metal products Electronic and electrical equipment Machinery and equipment
 442   16_TRANSEQ     Motor vehicles Other transport equipment
 443   17_OTHERIND    Other manufactured products Water supply
 444   18_TnD         Transmission and Distribution
 445   19_eNuclear    Nuclear generation
 446   20_eCoal       Coal generation
 447   21_eGas        Gas generation
 448   22_eOil        Oil generation
 449   23_eWind       Wind generation
 450   24_eSolar      Solar generation
 451   25_eHydro      Hydro generation
 452   26_eOther      Other generation
 453   27_CONSTRUC    Construction
 454  /
 455   
 456  Industry2(J) Industries
 457  /
 458   05_MINING      Mined and quarried goods
 459   06_FOODPRO     Food beverages and tobacco products
 460   07_TEXTILES    Textile and leather products
 461   08_WOODPRO     Wood products
 462   09_PAPERPRO    Paper products
 463   11_CHEMICAL    Chemical products
 464   12_NONMET      Non-metallic mineral products
 465   13_IRONSTL     Primary iron and steel products
 466   14_NONFERR     Non-ferrous metal products
 467   15_MACHINE     Fabricated metal products Electronic and electrical equipment Machinery and equipment
 468   16_TRANSEQ     Motor vehicles Other transport equipment
 469   17_OTHERIND    Other manufactured products Water supply
 470   27_CONSTRUC    Construction
 471  /
 472   
 473  Service(J)
 474  /
 475   28_LTRP        Land transport service(road rail)
 476   29_WTRP        Water transport service
 477   30_ATRP        Air transport service
 478   31_SER         Service
 479  /
 480   
 481  Service2(J)
 482  /
 483   31_SER         Service
 484  /
 485   
 486  Demand(J) Industries
 487  /
 488   01_AGRICULT    Agricultural forest and fishery goods
 489   05_MINING      Mined and quarried goods
 490   06_FOODPRO     Food beverages and tobacco products
 491   07_TEXTILES    Textile and leather products
 492   08_WOODPRO     Wood products
 493   09_PAPERPRO    Paper products
 494   11_CHEMICAL    Chemical products
 495   12_NONMET      Non-metallic mineral products
 496   13_IRONSTL     Primary iron and steel products
 497   14_NONFERR     Non-ferrous metal products
 498   15_MACHINE     Fabricated metal products Electronic and electrical equipment Machinery and equipment
 499   16_TRANSEQ     Motor vehicles Other transport equipment
 500   17_OTHERIND    Other manufactured products Water supply
 501   27_CONSTRUC    Construction
 502   28_LTRP        Land transport service(road rail)
 503   29_WTRP        Water transport service
 504   30_ATRP        Air transport service
 505   31_SER         Service
 506  /
 507   
 508  Demand2(J) Industries
 509  /
 510   05_MINING      Mined and quarried goods
 511   06_FOODPRO     Food beverages and tobacco products
 512   07_TEXTILES    Textile and leather products
 513   08_WOODPRO     Wood products
 514   09_PAPERPRO    Paper products
 515   11_CHEMICAL    Chemical products
 516   12_NONMET      Non-metallic mineral products
 517   13_IRONSTL     Primary iron and steel products
 518   14_NONFERR     Non-ferrous metal products
 519   15_MACHINE     Fabricated metal products Electronic and electrical equipment Machinery and equipment
 520   16_TRANSEQ     Motor vehicles Other transport equipment
 521   17_OTHERIND    Other manufactured products Water supply
 522   27_CONSTRUC    Construction
 523   28_LTRP        Land transport service(road rail)
 524   29_WTRP        Water transport service
 525   30_ATRP        Air transport service
 526   31_SER         Service
 527  /
 528   
 529  Supply(J) Industries
 530  /
 531   02_COAL        Coal
 532   03_OIL         Crude petroleum
 533   04_GAS         Natural gas Gas distribution
 534   10_PETROLCOAL  Petroleum and coal products
 535   18_TnD         Transmission and Distribution
 536   19_eNuclear    Nuclear generation
 537   20_eCoal       Coal generation
 538   21_eGas        Gas generation
 539   22_eOil        Oil generation
 540   23_eWind       Wind generation
 541   24_eSolar      Solar generation
 542   25_eHydro      Hydro generation
 543   26_eOther      Other generation
 544  /
 545   
 546  Supply_elec(J) Industries
 547  /
 548   18_TnD         Transmission and Distribution
 549   19_eNuclear    Nuclear generation
 550   20_eCoal       Coal generation
 551   21_eGas        Gas generation
 552   22_eOil        Oil generation
 553   23_eWind       Wind generation
 554   24_eSolar      Solar generation
 555   25_eHydro      Hydro generation
 556   26_eOther      Other generation
 557  /
 558   
 559  Supply_liquid(J)
 560  /
 561   03_OIL         Crude petroleum
 562   10_PETROLCOAL  Petroleum and coal products
 563  /
 564   
 565  Transportation(J)
 566  /
 567   28_LTRP        Land transport service(road rail)
 568   29_WTRP        Water transport service
 569   30_ATRP        Air transport service
 570  /
 571   
 572  ;
 573   
 574  * 시나리오 집합을 명시적으로 선언
 575  Set scen "Scenarios" / BAU, NDC, NZ /;
 576   
INCLUDE    C:\Users\kimc0\GUIDE_GLOBAL_CGE\2.GUIDE-GLOBAL-CGE_v2\Par.gms
 578  *==============================================================================
 579  * Parameters (Grouped for Readability)
 580  *==============================================================================
 581  PARAMETER
 582  * --- [1] Scale Parameters (CES / CET) ---
 583   A_K(z)                       Scale parameter (investment function)
 584   B_KD(j,z)                    Scale parameter (CES - composite capital)
 585   B_LD(j,z)                    Scale parameter (CES - composite labor)
 586   B_M1(i,z)                    Scale parameter (CES - composite commodity)
 587   B_M2(i,z)                    Scale parameter (CES - composite import)
 588   B_VA(j,z)                    Scale parameter (CES - value added)
 589   B_VA_t(j,z,time)             Scale parameter (CES - value added)
 590   B_KLE(j,z)                   Scale parameter (CES - composite KLE)
 591   B_ENER_t(j,z,time)           Scale parameter (CES - composite ENER)
 592   B_ENER_elec(j,z)             Scale parameter (CES - composite ENER)
 593   B_ENER_nelec(j,z)            Scale parameter (CES - composite ENER)
 594   B_ENER_coalgas(j,z)          Scale parameter (CES - composite ENER)
 595   B_ENER_oilprod(j,z)          Scale parameter (CES - composite ENER)
 596   B_X1(i,z)                    Scale parameter (CET - total output)
 597   B_X2(i,z)                    Scale parameter (CET - composite export)
 598   B_MultiOut(i,z)              Scale parameter (CES - top level)
 599   B_POWER(z)                   Scale parameter (CES - Aggregated Electricity)
 600   B_BS(j,Z_GRN)                Scale parameter for backstop nest
 601   B_VAT(BS,Z_GRN)              Scale parameter for VAT nest
 602   B_VAT_t(BS,Z_GRN,time)       Scale parameter for VAT nest over time
 603   
 604  * --- [2] Share Parameters ---
 605   beta_D_X1(i,z)               Share parameter (CET - total output - local sales)
 606   beta_EX_X1(i,z)              Share parameter (CET - total output - export)
 607   beta_X2(i,z,zj)              Share parameter (CET - composite export)
 608   beta_MultiOut(j,i,z)         Share parameter (CES - top level)
 609   beta_POWER(power,z)          Share parameter (CES - Aggregated Electricity)
 610   beta_BS(j, I_BS, z)          Share parameter for backstop nest
 611   beta_BS_t(j, I_BS, z, time)  Share parameter for backstop nest over time
 612   beta_KD(k,j,z)               Share parameter (CES - composite capital)
 613   beta_M1(i,z)                 Share parameter (CES - composite commodity)
 614   beta_M2(i,zj,z)              Share parameter (CES - composite import)
 615   beta_VA(j,z)                 Share parameter (CES - value added)
 616   beta_KLE(j,z)                Share parameter (CES - KLE composite)
 617   beta_KLE2(j,z)               Share parameter (CES - KLE composite)
 618   beta_KLE2_t(j,z,time)        Share parameter (CES - KLE composite)
 619   beta_ENER_elec(j,z)          Share parameter (CES - ENER composite)
 620   beta_ENER_nelec(j,z)         Share parameter (CES - ENER composite)
 621   beta_ENER_coalgas(ene5,j,z)  Share parameter (CES - ENER composite)
 622   beta_ENER_oilprod(ene6,j,z)  Share parameter (CES - ENER composite)
 623   beta_VAT(BS,Z_GRN)           Share parameter for VA in VAT nest
 624   gamma_GVT(i,z)               Share of commodity i in total current public expenditures
 625   gamma_INV(i,z)               Share of commodity i in total investment expenditures
 626   gamma_LES(i,z)               Marginal share of commodity i in household consumption budget
 627   TnDShare(z)                  T&D share of Aggregated electricity [Ratio]
 628   PowerShare(z)                Power Industries share of Aggregated electricity [Ratio]
 629   theta2(j,i,z)                Export share of composite activity [Ratio]
 630   
 631  * --- [3] Elasticity Parameters (rho, sigma, elas) ---
 632   rho_KD(j,z)                  Elasticity parameter (CES - composite capital)
 633   rho_LD(j,z)                  Elasticity parameter (CES - composite labor)
 634   rho_M1(i,z)                  Elasticity parameter (CES - composite commodity)
 635   rho_M2(i,z)                  Elasticity parameter (CES - composite import)
 636   rho_VA(j,z)                  Elasticity parameter (CES - value added)
 637   rho_KLE(j,z)                 Elasticity parameter (CES - KLE)
 638   rho_ENER_elec(j,z)           Elasticity parameter (CES - ENER)
 639   rho_ENER_nelec(j,z)          Elasticity parameter (CES - ENER)
 640   rho_ENER_coalgas(j,z)        Elasticity parameter (CES - ENER)
 641   rho_ENER_oilprod(j,z)        Elasticity parameter (CES - ENER)
 642   rho_X1(i,z)                  Elasticity parameter (CET - composite export)
 643   rho_X2(i,z)                  Elasticity parameter (CET - composite export)
 644   rho_MultiOut(i,z)            Elasticity parameter (CES - top level)
 645   rho_POWER(z)                 Elasticity parameter (CES - Aggregated Electricity)
 646   rho_BS(j, Z_GRN)             Substitution parameter for backstop nest
 647   rho_VAT(BS,Z_GRN)            Substitution parameter for VAT nest
 648   sigma_INV(k,j,z)             Elasticity (investment demand)
 649   sigma_KD(j,z)                Elasticity (CES - composite capital)
 650   sigma_LD(j,z)                Elasticity (CES - composite labor)
 651   sigma_M1(i,z)                Elasticity (CES - composite commodity)
 652   sigma_M2(i,z)                Elasticity (CES - composite import)
 653   sigma_VA(j,z)                Elasticity (CES - value added)
 654   sigma_KLE(j,z)               Elasticity (CES - kle)
 655   sigma_ENER_elec(j,z)         Elasticity (CES - within energy)
 656   sigma_ENER_nelec(j,z)        Elasticity (CES - within energy)
 657   sigma_ENER_coalgas(j,z)      Elasticity (CES - within energy)
 658   sigma_ENER_oilprod(j,z)      Elasticity (CES - within energy)
 659   sigma_X1(i,z)                Elasticity (CET - total output)
 660   sigma_X2(i,z)                Elasticity (CET - composite export)
 661   sigma_MultiOut(i,z)          Elasticity (CES - top level)
 662   sigma_POWER(z)               Elasticity (CES - Aggregated Electricity)
 663   sigma_BS(BS, Z_GRN)          Substitution elasticity between conventional and backstop
 664   sigma_Y(i,z)                 Income elasticity of consumption
 665   sigma_VAT(BS,Z_GRN)          Elasticity of substitution between VA and TSF
 666   elasLS(z)                    Elasticity of labor supply
 667   eta                          Price elasticity of indexed transfers and parameters
 668   
 669  * --- [4] Tax Rates & Margins ---
 670   tticO(i,z)                   Tax rate on commodity i
 671   ttikO(k,j,z)                 Tax rate on capital k used in industry j
 672   ttimO(i,zj,z)                Rate of taxes and duties on imports of commodity i from country zj
 673   ttipO(j,z)                   Tax rate on the production of industry j
 674   ttiwO(j,z)                   Tax rate on type l worker compensation in industry j
 675   ttixO(i,z,zj)                Export tax rate on exported commodity x
 676   tmrg(i,ij,zj,z)              Rate of margin i applied to commodity ij imported from country zj
 677   
 678  * --- [5] Macro, Growth & Demographic Variables ---
 679   TOT_POP(z,time)              Total population [Millions]
 680   POPO(z)                      Population in 2019 [Millions]
 681   g_GDP(z,time)                GDP past and projected growth rate [%]
 682   g_LS(z,time)                 Active population past and projected growth rate [%]
 683   g_POP(z,time)                Population past and projected growth rate [%]
 684   g_SDR(z,time)                Growth rate of domestic savings rate [%]
 685   exogro(z,time)               Exogenous growth factor for exogenously growing variables except labor
 686   growthz(z)                   Steady state growth [%]
 687   delta(z)                     Depreciation rate of capital in country z
 688   frisch(z)                    Frisch parameter (LES function)
 689   CABXsur(z,time)              Current account balance surplus component
 690   CABXdef(z,time)              Current account balance deficit component
 691   Bal(time)                    Global current account balance check
 692   mu(time)                     Adjustment factor for CAB
 693   CABix(z,time)                Current account balance index
 694   
 695  * --- [6] Energy, Emissions & Policy Flags ---
 696   AEEI(z,time)                    Autonomous Energy Efficiency Improvements
 697   CTAX_BAU(z,time)            Carbon Price $100 per tCO2eq
 698   PERMIT_NDC(z,time)        Emission Constraint NDC
 699   PERMIT_NZ(z,time)          Emission Constraint NZ
 700   AEEI_BAU(z,time)            Baseline AEEI
 701   AEEI_NDC(z,time)            NDC AEEI
 702   AEEI_NZ(z,time)              NZ AEEI
 703   recycle_gov(z,time)          Binary variable (0 if no use of CTAX Rebate)
 704   recycle_hou(z,time)          Binary variable (0 if no use of CTAX Rebate)
 705   
 706  * --- [7] Other Coefficients & Rescaling ---
 707   aij(i,j,z)                   Input-output coefficient
 708   aij_t(i,j,z,time)            Input-output coefficient
 709   aij2(i,j,z)                  Input-output coefficient (intermediate energy)
 710   aij2_t(i,j,z,time)           Input-output coefficient (intermediate energy)
 711   io(j,z)                      Coefficient (Leontief - intermediate consumption)
 712   io2(j,z)                     Coefficient (Leontief - intermediate energy consumption)
 713   v(j,z)                       Value added Coefficient (Leontief)
 714   v2(j,z)                      KLE Share parameter (Leontief)
 715   kmob                         Flag parameter (1 if capital is mobile)
 716   RES                          Rescaling factor [Base = 10000 for 10G$]
 717   v_tsf(BS,Z_GRN)              Leontief input coefficient for TSF
 718   TSFS(BS,Z_GRN,time)          Supply of TSF
 719   VATO(BS,Z_GRN)               Base year quantity of VAT composite
 720   PVATO(BS,Z_GRN)              Base year price of VAT composite
 721   v_vat(BS,Z_GRN)              Leontief coefficient for VAT composite to XST
 722  ;
 723   
 724  *==============================================================================
 725  * Volume
 726  *==============================================================================
 727  PARAMETER
 728   CABXO(z)            Current account balance of region z in terms of the international currency (pseudo-volume variable)
 729   CO(i,z)             Consumption of commodity i by households in region z
 730   CGO(i,z)            Public consumption of commodity i in region z
 731   CIO(j,z)            Total intermediate consumption of industry j in region z
 732   CEO(j,z)            Total energy intermediate consumption of industry j in region z
 733   CEelecO(j,z)        Total energy intermediate consumption of industry j in region z
 734   CEnelecO(j,z)       Total energy intermediate consumption of industry j in region z
 735   CMINO(i,z)          Minimum consumption of commodity i by households in region z
 736   CTH_REALO(z)        Real household consumption in region z
 737   DDO(i,z)            Domestic demand for commodity i produced locally in region z
 738   DIO(i,j,z)          Intermediate consumption of commodity i by industry j in region z
 739   DEO(ene,j,z)        Intermediate energy consumption of commodity i by industry j in region z
 740   DEelecO(j,z)        Intermediate energy consumption of commodity i by industry j in region z
 741   DEnelecO(j,z)       Intermediate energy consumption of commodity i by industry j in region z
 742   DEcoalgasO(j,z)     Intermediate energy consumption of commodity i by industry j in region z
 743   DEcoalO(j,z)        Intermediate energy consumption of commodity i by industry j in region z
 744   DEgasO(j,z)         Intermediate energy consumption of commodity i by industry j in region z
 745   DEoilpetrolO(j,z)   Intermediate energy consumption of commodity i by industry j in region z
 746   DEoilO(j,z)         Intermediate energy consumption of commodity i by industry j in region z
 747   DEpetrolO(j,z)      Intermediate energy consumption of commodity i by industry j in region z
 748   DITO(i,z)           Total intermediate demand of commodity i in region z
 749   DSO(j,i,z)          Supply of commodity i by sector j to the domestic market
 750   DSO_I(i,z)          Supply of commodity i to the domestic market of region z
 751   DSO_J(j,z)          Supply of activity j to the domestic market of region z
 752   EXO(i,z,zj)         Quantity of product i exported by country z to country zj
 753   EXTO(i,z)           Supply of composite commodity i by region z to the export market
 754   EXTTO(j,i,z)        Supply of activity j to the export market i of region z
 755   G_REALO(z)          Current real government expenditures on goods and services in region z
 756   GDP_BP_REALO(z)     Real GDP at basic prices
 757   GDP_MP_REALO(z)     Real GDP at market prices
 758   GDP_BP_W_REALO      Real GDP at basic prices
 759   IMO(i,zj,z)         Quantity of product i imported by country z from country zj
 760   IMTO(i,z)           Quantity demanded of composite imports of commodity i by region z
 761   INDO(k,j,z)         Volume of new type k capital investment to industry j in region z
 762   INVO(i,z)           Final demand of commodity i for investment purposes (GFCF) in region z
 763   IT_REALO(z)         Real gross fixed capital formation
 764   KDO(k,j,z)          Demand for type k capital by industry j in region z
 765   KDCO(j,z)           Demand for composite capital by industry j in region z
 766   KSO(k,z)            Supply of type k capital in region z
 767   KSTO(z)             Total supply of capital in region z
 768   LDO(j,z)            Demand for type l labor by industry j in region z
 769   LDCO(j,z)           Demand for composite labor by industry j in region z
 770   LSO(z)              Supply of type l labor in region z
 771   LSTO(z)             Supply of type l labor in region z (Trend)
 772   LSO_lag(z)          Supply of type l labor in region z (T-1)
 773   LSTO_lag(z)         Supply of type l labor in region z (Trend T-1)
 774   MRGNO(i,z)          Domestic production of commodity i in region z exported as international margin services
 775   QO(i,z)             Quantity demanded of composite commodity i in region z
 776   VAO(j,z)            Value added of industry j in region z
 777   KLEO(j,z)           KLE of industry j in region z
 778   XSO_I(i,z)          Commodity i total production
 779   XSO(j,i,z)          Total output of industry j in region z
 780   XSTO(j,z)           Total output of industry j
 781   QPOWERO(z)          Total power output in region z
 782   QBSO(BS, Z_GRN)     Base year total output of backstop nest
 783   OBJO                Base year objective function value
 784  ;
 785   
 786  *==============================================================================
 787  * Price
 788  *==============================================================================
 789  PARAMETER
 790   eO(z)               Exchange rate (price of international currency in terms of region z local currency)
 791   IRO(z)              Interest rate
 792   PO(i,z)             Basic price of commodity i in region z
 793   PO2(j,i,z)          Basic price of industry js production of commodity i
 794   PO3(i,j,z)          Basic price of power industry js production of commodity i
 795   PO4(i,j,z)          Basic energy commodity price of industry js production of commodity i
 796   PPOWERO(z)          Basic price of composite power commodity in region z
 797   PBSO(BS, Z_GRN)     Base year price of backstop nest composite
 798   PIO(i,z)            Basic price of composite activity commodity in region z
 799   PTO(j,z)            Basic price of industry js output
 800   PCO(i,z)            Purchaser price of composite commodity i (including all taxes and margins) in region z
 801   PCIO(j,z)           Intermediate consumption price index of industry j in region z
 802   PCEO(j,z)           Intermediate energy consumption price index of industry j in region z
 803   PCEelecO(j,z)       Intermediate energy consumption price index of industry j in region z
 804   PCEnelecO(j,z)      Intermediate energy consumption price index of industry j in region z
 805   PCEcoalgasO(j,z)    Intermediate energy consumption price index of industry j in region z
 806   PCEcoalO(j,z)       Intermediate energy consumption price index of industry j in region z
 807   PCEgasO(j,z)        Intermediate energy consumption price index of industry j in region z
 808   PCEoilpetrolO(j,z)  Intermediate energy consumption price index of industry j in region z
 809   PCEoilO(j,z)        Intermediate energy consumption price index of industry j in region z
 810   PCEpetrolO(j,z)     Intermediate energy consumption price index of industry j in region z
 811   PDO(i,z)            Price of local product i sold on region z domestic market (including all taxes)
 812   PEO(i,z,zj)         Price received for commodity i exported to region zj by region z (excluding export taxes)
 813   PETO(i,z)           Border price of composite commodity i exported by region z
 814   PIXCONO(z)          Consumer price index in region z
 815   PIXCONO_lag(z)      Consumer price index in region z
 816   PIXGDPO(z)          GDP deflator in region z
 817   PIXGDP_WO           World GDP deflator
 818   PIXGVTO(z)          Public expenditures price index in region z
 819   PIXINVO(z)          Investment price index in region z
 820   PKO(z)              Price of new capital in region z
 821   PLO(i,z)            Price of local product i (excluding all taxes on products) in region z
 822   PMO(i,zj,z)         Price of commodity i imported by region z from region zj (including all taxes duties and margins)
 823   PMTO(i,z)           Price of composite commodity i imported by region z (including all taxes duties and margins)
 824   PPO(j,z)            Unit cost of industry j in region z including taxes directly related to capital and labor
 825   PVAO(j,z)           Price of industry j value added in region z
 826   PKLEO(j,z)          Price of industry j KLE in region z
 827   PWMO(i,zj,z)        World price of commodity i imported from country zj by region z (expressed in international currency)
 828   PWMGO(i)            World price of margin i (expressed in international currency)
 829   PWXO(i,z,zj)        World price of commodity i exported to country zj by region z (expressed in international currency)
 830   RO(k,j,z)           Rental rate of type k capital in industry j of region z
 831   RCO(j,z)            Rental rate of industry j composite capital in region z
 832   RKO(k,z)            Rental rate of type k capital in region z
 833   RTIO(k,j,z)         Rental rate paid by industry j for type k capital in region z including capital taxes
 834   UO(z)               User cost of capital in region z
 835   WO(z)               Wage rate of type l labor in region z
 836   WO_lag(z)           Wage rate of type l labor in region z
 837   WCO(j,z)            Wage rate of industry j composite labor in region z
 838   WTIO(j,z)           Wage rate paid by industry j for type l labor in region z including payroll taxes
 839  ;
 840   
 841  *==============================================================================
 842  * Nominal (value)
 843  *==============================================================================
 844  PARAMETER
 845   CABO(z)             Current account balance of region z
 846   CTHO(z)             Consumption budget of households in region z
 847   DEPO(z)             Amount of depreciation (capital consumption allowance) in region z
 848   GO(z)               Current government expenditures on goods and services in region z
 849   GDP_BPO(z)          Region z GDP at basic prices
 850   GDP_BP_WO           World GDP at basic prices
 851   GDP_FDO(z)          Region z GDP at purchasers prices from the perspective of final demand
 852   GDP_IBO(z)          Region z GDP at market prices (income-based)
 853   GDP_MPO(z)          Region z GDP at market prices
 854   ITO(z)              Total investment expenditures in region z
 855   RKDO(k,j,z)         Type k capital income in industry j in region z
 856   SGO(z)              Government savings in region z
 857   SHO(z)              Household savings in region z
 858   SROWO(z)            Rest-of-the-world savings with respect to region z
 859   TDHO(z)             Household income taxes in region z
 860   TICO(i,z)           Government revenue from indirect taxes on commodity i in region z
 861   TICTO(z)            Total government receipts of indirect taxes on commodities in region z
 862   TIKO(k,j,z)         Government revenue from taxes on type k capital used by industry j in region z
 863   TIKTO(z)            Total government revenue from taxes on capital in region z
 864   TIMO(i,zj,z)        Government revenue from duties on commodity i imported from region zj by region z
 865   TIMTO(z)            Total government revenue from import duties in region z
 866   TIPO(j,z)           Government revenue from taxes on industry j production in region z
 867   TIPTO(z)            Total government revenue from production taxes in region z
 868   TIWO(j,z)           Government revenue from payroll taxes on type l labor in industry j of region z
 869   TIWTO(z)            Total government revenue from payroll taxes in region z
 870   TIXO(i,z,zj)        Government revenue from export taxes on commodity i exported by region z to region zj
 871   TIXTO(z)            Total government revenue from export taxes in region z
 872   TPRCTSO(z)          Total government revenue from taxes on products and imports in region z
 873   TPRODNO(z)          Total government revenue from other taxes on production in region z
 874   YDHO(z)             Household disposable income in region z
 875   YGO(z)              Total government income in region z
 876   YHO(z)              Household total income in region z
 877   YHKO(z)             Household capital income in region z
 878   YHLO(z)             Household labor income in region z
 879   YROWO(z)            Rest-of-the-world total income from region z
 880   TIWO_Share(j,z)     Government revenue from payroll taxes on type l labor in industry j of region z
 881   TIKO_Share(k,j,z)   Government revenue from taxes on type k capital used by industry j in region z
 882   TIPO_Share(j,z)     Industry production share for tax revenue calibration
 883  ;
 884   
 885  *==============================================================================
 886  * Rates and intercepts
 887  *==============================================================================
 888  PARAMETER
 889   phiO(z)             Scale variable (allocation of investment to industries)
 890   sh0O(z)             Intercept (household savings)
 891   sh1O(z)             Slope (household savings)
 892   ttdh0O(z)           Intercept (household income tax)
 893   ttdh1O(z)           Slope (household income tax)
 894  ;
 895   
 896  *===============================================================================
 897  * Loading initial point GDX
 898  *===============================================================================
GDXIN   C:\Users\kimc0\GUIDE_GLOBAL_CGE\2.GUIDE-GLOBAL-CGE_v2\Input_CGE\DATA_AGG-2019_GTAP11c_Regen_V2.gdx
--- LOAD  F = 4:F
--- LOAD  K = 6:K
--- LOAD  ZR = 8:ZR
--- LOAD  Z1 = 9:Z1
--- LOAD  CO = 10:CO
--- LOAD  CGO = 11:CGO
--- LOAD  DDO = 12:DDO
--- LOAD  DEPO = 13:DEPO
--- LOAD  DIO = 14:DIO
--- LOAD  DSO = 15:DSO
--- LOAD  DSO_I = 16:DSO_I
--- LOAD  EXO = 17:EXO
--- LOAD  IMO = 18:IMO
--- LOAD  INVO = 19:INVO
--- LOAD  KSTO = 20:KSTO
--- LOAD  LDO = 21:LDO
--- LOAD  MRGNO = 22:MRGNO
--- LOAD  XSO = 36:XSO
--- LOAD  XSO_I = 37:XSO_I
--- LOAD  XSTO = 38:XSTO
--- LOAD  TOT_POP = 53:TOT_POP
--- LOAD  g_GDP = 54:g_GDP
--- LOAD  g_POP = 55:g_POP
--- LOAD  g_SDR = 56:g_SDR
--- LOAD  CTAX_BAU = 57:CTAX_BAU
--- LOAD  PERMIT_NDC = 58:PERMIT_NDC
--- LOAD  PERMIT_NZ = 59:PERMIT_NZ
--- LOAD  AEEI_BAU = 60:AEEI_BAU
--- LOAD  AEEI_NDC = 61:AEEI_NDC
--- LOAD  AEEI_NZ = 62:AEEI_NZ
--- LOAD  RKDO = 24:RKDO
--- LOAD  TDHO = 25:TDHO
--- LOAD  TICO = 27:TICO
--- LOAD  TIKO = 28:TIKO
--- LOAD  TIMO = 29:TIMO
--- LOAD  TIPO = 30:TIPO
--- LOAD  TIWO = 31:TIWO
--- LOAD  TIXO = 32:TIXO
--- LOAD  tmrg = 35:tmrg
--- LOAD  sigma_M1 = 41:sigma_M1
--- LOAD  sigma_M2 = 42:sigma_M2
--- LOAD  sigma_Y = 43:sigma_Y
--- LOAD  sigma_VA = 44:sigma_VA
--- LOAD  sigma_KLE = 45:sigma_KLE
--- LOAD  POPO = 23:POPO
 905   
 906  *===============================================================================
 907  * Initial Elasticity Parameter Assignments
 908  *===============================================================================
 909  *CES - KLE(backstop)
 910   sigma_KLE(BS,z)          = 0.5;
 911   sigma_KLE('16_TRANSEQ','07_NAM') = 0.5 ;
 912   
 913  * CES - composite K-L
 914   sigma_VA('10_PETROLCOAL',z)   = 0.2;
 915   sigma_VA('11_CHEMICAL',z)   = 0.2;
 916   sigma_VA('18_TnD',z)          = 0.2;
 917   sigma_VA('19_eNuclear',z)     = 0.2;
 918   sigma_VA('20_eCoal',z)        = 0.2;
 919   sigma_VA('21_eGas',z)         = 0.2;
 920   sigma_VA('22_eOil',z)         = 0.2;
 921   sigma_VA('23_eWind',z)        = 0.2;
 922   sigma_VA('24_eSolar',z)       = 0.2;
 923   sigma_VA('25_eHydro',z)       = 0.2;
 924   sigma_VA('26_eOther',z)      = 0.2;
 925   sigma_VA(BS,z)                = 0.5;
 926   
 927  * CES - composite capital
 928   sigma_KD(j,z)        = 2*sigma_VA(j,z);
 929   sigma_KD(BS,Z)       = 0.5;
 930   
 931  * CES - composite labor
 932   sigma_LD(j,z)        = 2*sigma_VA(j,z);
 933   sigma_LD(BS,Z)      = 0.5;
 934   
 935  * CES - composite ENER
 936   sigma_ENER_elec(j2,z)         = 1.5;
 937   sigma_ENER_nelec(j2,z)        = 0.5;
 938   sigma_ENER_coalgas(j2,z)      = 2.0;
 939   sigma_ENER_oilprod(j2,z)      = 0.5;
 940   
 941  * CES - Substitution between different industries producing the same commodity (Dummy)
 942   sigma_MultiOut(i,z)                 = 2;
 943   
 944  * CES - composite Power sector
 945   sigma_POWER(z)                   = 3;
 946  * sigma_POWER('07_NAM')            = 1.5;
 947   sigma_POWER('09_WEU')            = 2.0;
 948  * sigma_POWER('16_APC')            = 1.5;
 949   sigma_POWER('06_PRK')            = 0.5;
 950   
 951  * CES - composite BS sector
 952   sigma_BS(BS, Z_GRN)       = 5;
 953   sigma_BS(BS, '07_NAM')    = 5;
 954   sigma_BS(BS, '09_WEU')    = 5;
 955   
 956  * CES - BS sector VAT
 957   sigma_VAT('32_BSCHEMICAL',Z_GRN)   = 0.5;
 958   sigma_VAT('33_BSNONMET',Z_GRN)     = 0.5;
 959   sigma_VAT('34_BSIRONSTL',Z_GRN)    = 0.5;
 960   sigma_VAT('35_BS_LTRP',Z_GRN)      = 0.5;
 961   sigma_VAT('36_BS_WTRP',Z_GRN)      = 0.5;
 962   sigma_VAT('37_BS_ATRP',Z_GRN)      = 0.5;
 963   
 964  * CES - DOM vs.IMP
 965   sigma_M1('03_OIL','06_PRK') = 0.5;
 966   sigma_M1('04_GAS',Z) = 6;
 967   sigma_M1('11_CHEMICAL','05_MNG') = 1.5;
 968   sigma_M1('13_IRONSTL','05_MNG') = 1.1;
 969   
 970  * CES - IMP sourcing
 971   sigma_M2('03_OIL',Z) = 2;
 972   sigma_M2('04_GAS',Z) = 2;
 973   
 974  * CET - Transformation between domestic sales and total exports.
 975   sigma_X1(i,z)                 = 2;
 976   
 977  * CET - Transformation across different export destinations
 978   sigma_X2(i,z)                 = 2;
 979   
 980  * Investment demand elasticity
 981   sigma_INV(k,j,z)              = 0.5;
 982   
 983  * LES parameters - Frisch
 984   frisch('01_KOR') = -1.30;
 985   frisch('02_CHN') = -1.45;
 986   frisch('03_JPN') = -1.25;
 987   frisch('04_RUS') = -1.45;
 988   frisch('05_MNG') = -1.70;
 989   frisch('06_PRK') = -2.00;
 990   frisch('07_NAM') = -1.20;
 991   frisch('08_LAM') = -1.50;
 992   frisch('09_WEU') = -1.20;
 993   frisch('10_EEU') = -1.40;
 994   frisch('11_CAS') = -1.60;
 995   frisch('12_MEA') = -1.60;
 996   frisch('13_AFR') = -1.90;
 997   frisch('14_CLV') = -1.70;
 998   frisch('15_SAS') = -1.80;
 999   frisch('16_APC') = -1.50;
1000   frisch('17_ANZ') = -1.20;
1001   
1002  * Labour supply
1003   elasLS(z)                     = 0.1;
1004   
1005  *==============================================================================
1006  * Rescaling
1007  *==============================================================================
1008  * GTAP data are in millions of US dollars (10^6 USD)
1009  * With RES = 1000, model results are in Billions of US dollars (1 Billion USD = 10^9 USD)
1010   RES = 1000;
1011   CO(i,z)          = CO(i,z) / RES;
1012   CGO(i,z)         = CGO(i,z) / RES;
1013   DDO(i,z)         = DDO(i,z) / RES;
1014   DEPO(z)          = DEPO(z) / RES;
1015   DIO(i,j,z)       = DIO(i,j,z) / RES;
1016   DSO(j,i,z)       = DSO(j,i,z) / RES;
1017   DSO_I(i,z)       = DSO_I(i,z) / RES;
1018   EXO(i,z,zj)      = EXO(i,z,zj) / RES;
1019   IMO(i,z,zj)      = IMO(i,z,zj) / RES;
1020   INVO(i,z)        = INVO(i,z) / RES;
1021   KSTO(z)          = KSTO(z) / RES;
1022   LDO(j,z)         = LDO(j,z) / RES;
1023   MRGNO(i,z)       = MRGNO(i,z) / RES;
1024   RKDO(k,j,z)      = RKDO(k,j,z) / RES;
1025   TDHO(z)          = TDHO(z) / RES;
1026   TICO(i,z)        = TICO(i,z) / RES;
1027   TIKO(k,j,z)      = TIKO(k,j,z) / RES;
1028   TIMO(i,z,zj)     = TIMO(i,z,zj) / RES;
1029   TIPO(j,z)        = TIPO(j,z) / RES;
1030   TIWO(j,z)        = TIWO(j,z) / RES;
1031   TIXO(i,z,zj)     = TIXO(i,z,zj) / RES;
1032   tmrg(i,ij,z,zj)  = tmrg(i,ij,z,zj) / RES;
1033   XSO_I(i,z)       = XSO_I(i,z) / RES;
1034   XSO(j,i,z)       = XSO(j,i,z) / RES;
1035   XSTO(j,z)        = XSTO(j,z) / RES;
1036   
1037  *==============================================================================
1038  * Backstop Technology Split & TSF Initialization (Upstream Injection)
1039  *==============================================================================
1040  PARAMETER
1041   seed(j)                Initial share of the new technology
1042   TSFO(j, z)             Initial year TSF input for backstop (Value)
1043   PTSFO(j, z)            Initial year TSF price for backstop
1044   Green_Markup(j, z)     Initial efficiency penalty for backstop
1045   SHR_MRGN(j, i, z)      Share of international transport margin for sector j
1046  ;
1047   
1048  seed(BS) = 0.01;
1049  PTSFO(BS, Z_GRN) = 1.0;
1050  Green_Markup(BS, Z_GRN) = 1.0;
1051   
1052  * Initialize default margin share to 1.0 (100%) for all industries before splitting
1053  SHR_MRGN(j, i, z)$XSO(j, i, z) = 1.0;
1054   
1055  LOOP(Z_GRN,
1056  *--------------------------------------------------------------------------
1057  * [1] Split raw data by seed share and preserve identities
1058  *--------------------------------------------------------------------------
1059    LOOP(MAP_BS(j, jj, i),
1060  * Allocate to backstop industry
1061      LDO(j, Z_GRN)       = LDO(jj, Z_GRN) * seed(j);
1062      RKDO(k, j, Z_GRN)   = RKDO(k, jj, Z_GRN) * seed(j);
1063      TIPO(j, Z_GRN)      = TIPO(jj, Z_GRN) * seed(j);
1064      TIWO(j, Z_GRN)      = TIWO(jj, Z_GRN) * seed(j);
1065      TIKO(k, j, Z_GRN)   = TIKO(k, jj, Z_GRN) * seed(j);
1066      DIO(ii, j, Z_GRN)   = DIO(ii, jj, Z_GRN) * seed(j);
1067   
1068      XSO(j, i, Z_GRN)    = (XSO(jj, i, Z_GRN) * seed(j)) / Green_Markup(j, Z_GRN);
1069      XSTO(j, Z_GRN)      = (XSTO(jj, Z_GRN) * seed(j)) / Green_Markup(j, Z_GRN);
1070      DSO(j, i, Z_GRN)    = (DSO(jj, i, Z_GRN) * seed(j)) / Green_Markup(j, Z_GRN);
1071   
1072  * Allocate international margin share to backstop industry by seed share
1073      SHR_MRGN(j, i, Z_GRN) = seed(j);
1074   
1075  * Deduct exact share from conventional industry
1076      LDO(jj, Z_GRN)      = LDO(jj, Z_GRN) * (1 - seed(j));
1077      RKDO(k, jj, Z_GRN)  = RKDO(k, jj, Z_GRN) * (1 - seed(j));
1078      TIPO(jj, Z_GRN)     = TIPO(jj, Z_GRN) * (1 - seed(j));
1079      TIWO(jj, Z_GRN)     = TIWO(jj, Z_GRN) * (1 - seed(j));
1080      TIKO(k, jj, Z_GRN)  = TIKO(k, jj, Z_GRN) * (1 - seed(j));
1081      DIO(ii, jj, Z_GRN)  = DIO(ii, jj, Z_GRN) * (1 - seed(j));
1082      XSO(jj, i, Z_GRN)   = XSO(jj, i, Z_GRN) * (1 - seed(j));
1083      XSTO(jj, Z_GRN)     = XSTO(jj, Z_GRN) * (1 - seed(j));
1084      DSO(jj, i, Z_GRN)   = DSO(jj, i, Z_GRN) * (1 - seed(j));
1085   
1086  * Deduct international margin share from conventional industry (remaining share)
1087      SHR_MRGN(jj, i, Z_GRN) = 1.0 - seed(j);
1088    );
1089   
1090  *--------------------------------------------------------------------------
1091  * [2] Technology Specific Factor (TSF) Allocation
1092  *--------------------------------------------------------------------------
1093    LOOP(BS,
1094      TSFO(BS, Z_GRN) = (RKDO('cap', BS, Z_GRN) * 0.9) / PTSFO(BS, Z_GRN);
1095      RKDO('cap', BS, Z_GRN) = RKDO('cap', BS, Z_GRN) - (PTSFO(BS, Z_GRN) * TSFO(BS, Z_GRN));
1096    );
1097  );
1098   
1099  * Calculate initial values for TSF intensity and time series
1100  LOOP(BS,
1101    v_tsf(BS, Z_GRN)      = TSFO(BS, Z_GRN) / XSTO(BS, Z_GRN);
1102    TSFS(BS, Z_GRN, time) = TSFO(BS, Z_GRN);
1103  );
1104   
1105  *==============================================================================
1106  * 3.3 Exogenous prices and parameters
1107  *==============================================================================
1108   eta                = 1;
1109   ttdh0O(z)          = 0;
1110   eO(z)              = 1;
1111   PEO(i,z,zj)        = 1;
1112   PLO(i,z)           = 1;
1113   PWMGO(i)           = 1;
1114   WO(z)              = 1;
1115   WO_lag(z)          = WO(z);
1116   
1117  * -------------------------------------------------------------------
1118  * [Dynamic Enhancement] Injecting micro-seeds into zero-output (dormant) sectors
1119  * -------------------------------------------------------------------
1120  SCALAR micro_tol / 0.01 /;
1121   
1122  * 1. Calculate temporary PPO (price distortion) for filtering
1123  PARAMETER PPO_TEMP(j,z) "Temporary producer price index for data filtering";
1124  PPO_TEMP(j,z)$XSTO(j,z) = ( TIWO(j,z) + WO(z)*LDO(j,z)
1125                            + SUM(k, TIKO(k,j,z) + RKDO(k,j,z))
1126                            + SUM(i, DIO(i,j,z)) ) / XSTO(j,z);
1127   
1128  * 2. [Modified] Include cases where output is low (XSTO < 0.01) OR price distortion is extreme (PPO > 2.0)
1129  LOOP((j,z)$( ( (XSTO(j,z) < micro_tol) or (PPO_TEMP(j,z) > 2.0) )
1130               and (PPO_TEMP(j,z) > 1.2 or PPO_TEMP(j,z) < 0.8)
1131               and not (BS(j) and Z_OTH(z)) ),
1132   
1133  * 3. Override with minimum seed if XSTO is near zero; otherwise, maintain scale
1134      XSTO(j,z) = MAX(XSTO(j,z), 1E-5);
1135   
1136  * 4. Transplant input structure ratios from identical industries in China (02_CHN)
1137      LDO(j,z)    = XSTO(j,z) * (LDO(j,'02_CHN') / XSTO(j,'02_CHN'));
1138      TIWO(j,z)   = XSTO(j,z) * (TIWO(j,'02_CHN') / XSTO(j,'02_CHN'));
1139      TIPO(j,z)   = XSTO(j,z) * (TIPO(j,'02_CHN') / XSTO(j,'02_CHN'));
1140   
1141      LOOP(k,
1142          RKDO(k,j,z) = XSTO(j,z) * (RKDO(k,j,'02_CHN') / XSTO(j,'02_CHN'));
1143          TIKO(k,j,z) = XSTO(j,z) * (TIKO(k,j,'02_CHN') / XSTO(j,'02_CHN'));
1144      );
1145   
1146      LOOP(i,
1147          DIO(i,j,z)  = XSTO(j,z) * (DIO(i,j,'02_CHN') / XSTO(j,'02_CHN'));
1148      );
1149  );
1150   
1151  *==============================================================================
1152  * Calibration
1153  *==============================================================================
1154   YHKO(z)          = SUM[(k,j), RKDO(k,j,z)];
1155   YHLO(z)          = SUM[(j), LDO(j,z)];
1156   YHO(z)           = YHLO(z) + YHKO(z) + SUM[BS, PTSFO(BS,z) * TSFO(BS,z)];
1157   YDHO(z)          = YHO(z) - TDHO(z);
1158   CTHO(z)          = SUM[i, CO(i,z)];
1159   SHO(z)           = YDHO(z) - CTHO(z);
1160   TICTO(z)         = SUM[i, TICO(i,z)];
1161   TIMTO(z)         = SUM[(i,zj), TIMO(i,zj,z)];
1162   TIWTO(z)         = SUM[(j), TIWO(j,z)];
1163   TIKTO(z)         = SUM[(k,j), TIKO(k,j,z)];
1164   TIPTO(z)         = SUM[j, TIPO(j,z)];
1165   TIXTO(z)         = SUM[(i,zj), TIXO(i,z,zj)];
1166   TPRODNO(z)       = TIKTO(z) + TIWTO(z) + TIPTO(z);
1167   TPRCTSO(z)       = TICTO(z) + TIMTO(z) + TIXTO(z);
1168   YGO(z)           = TDHO(z) + TPRCTSO(z) + TPRODNO(z);
1169   GO(z)            = SUM[i, CGO(i,z)];
1170   SGO(z)           = YGO(z) - GO(z);
1171   YROWO(z)         = SUM[(i,zj), IMO(i,zj,z)] + SUM[(i,ij,zj), tmrg(i,ij,zj,z)];
1172   SROWO(z)         = YROWO(z) - SUM[(i,zj), EXO(i,z,zj)] - SUM[i, MRGNO(i,z)];
1173   CABO(z)          = -SROWO(z);
1174   ITO(z)           = SHO(z) + SGO(z) + SROWO(z);
1175   
1176  *==============================================================================
1177  * Calibration of parameters and other variables
1178  *==============================================================================
1179   gamma_GVT(i,z)   = CGO(i,z) / SUM[ij, CGO(ij,z)];
1180   gamma_INV(i,z)   = INVO(i,z) / SUM[ij, INVO(ij,z)];
1181   
1182  *==============================================================================
1183  * Calibration of other prices and revised volumes (part 1)
1184  *==============================================================================
1185   LDO(j,z)         = LDO(j,z) / WO(z);
1186   LDCO(j,z)        = LDO(j,z);
1187   LSO(z)           = SUM[j, LDO(j,z)];
1188   LSTO(z)          = LSO(z);
1189   LSO_lag(z)       = LSO(z);
1190   LSTO_lag(z)      = LSO(z);
1191   EXO(i,z,zj)      = [EXO(i,z,zj) - TIXO(i,z,zj)] / PEO(i,z,zj);
1192   EXTO(i,z)        = SUM[zj, EXO(i,z,zj)];
1193   PWXO(i,z,zj)$EXO(i,z,zj)
1194                    = { [PEO(i,z,zj) * EXO(i,z,zj) + TIXO(i,z,zj)] / EXO(i,z,zj) } / eO(z);
1195   PETO(i,z)        = SUM[zj, PEO(i,z,zj) * EXO(i,z,zj)] / EXTO(i,z);
1196   PWMO(i,z,zj)     = PWXO(i,z,zj);
1197   IMO(i,zj,z)      = EXO(i,zj,z);
1198   IMTO(i,z)        = SUM[zj, IMO(i,zj,z)];
1199   DSO(j,i,z)       = DSO(j,i,z) / PLO(i,z);
1200   DSO_I(i,z)       = SUM(j, DSO(j,i,z));
1201   DSO_J(j,z)       = SUM(i, DSO(j,i,z));
1202   QO(i,z)          = IMTO(i,z) + DDO(i,z);
1203   MRGNO(i,z)$MRGNO(i,z)
1204                    = MRGNO(i,z) / [eO(z) * PWMGO(i)];
1205   XSO_I(i,z)       = EXTO(i,z) + DDO(i,z) + MRGNO(i,z);
1206   XSTO(j,z)        = SUM(i, XSO(j,i,z));
1207   PO(i,z)          = [ PETO(i,z) * EXTO(i,z) + PLO(i,z) * DSO_I(i,z)
1208                      + eO(z) * PWMGO(i) * MRGNO(i,z) ] / XSO_I(i,z);
1209   PO2(j,i,z)$XSO(j,i,z)                  = 1;
1210   PO2(BS,I_BS,Z_GRN) = Green_Markup(BS,Z_GRN);
1211   
1212   PO3(i,j,z)$XSO(j,i,z)                  = 1;
1213   PIO(i,z)         = SUM[j$XSO(j,i,z), PO2(J,I,z) * XSO(j,i,z)] / XSO_I(i,z);
1214   PTO(j,z)$XSTO(j,z) = SUM[i$XSO(j,i,z), PO2(j,i,z) * XSO(j,i,z)] / XSTO(j,z);
1215   
1216   PPO(j,z)$XSTO(j,z)
1217      = ( TIWO(j,z) + WO(z) * LDO(j,z)
1218        + SUM[k, TIKO(k,j,z) + RKDO(k,j,z)]
1219        + (PTSFO(j,z) * TSFO(j,z))$BS(j)
1220        + SUM[nene, DIO(nene,j,z)]
1221        + SUM[ene, DIO(ene,j,z)] ) / XSTO(j,z);
1222   theta2(j,i,z)    = DSO(j,i,z) / SUM(jj, DSO(jj,i,z));
1223   EXTTO(j,i,z)$DSO(j,i,z) = theta2(j,i,z) * EXTO(i,z);
1224   
1225  *==============================================================================
1226  * Calibration of tax rates, margins, prices and volumes
1227  *==============================================================================
1228   ttixO(i,z,zj)    = [eO(z) * PWXO(i,z,zj) / PEO(i,z,zj)] - 1;
1229   tticO(i,z)       = TICO(i,z) /
1230                      { PLO(i,z) * DDO(i,z)
1231                      + SUM[zj, IMO(i,zj,z) * eO(z) * PWMO(i,zj,z)
1232                      + TIMO(i,zj,z) + SUM[ij, tmrg(ij,i,zj,z)]] };
1233   tmrg(i,ij,zj,z)$IMO(ij,zj,z)
1234                    = tmrg(i,ij,zj,z) / (PWMGO(i) * eO(z) * IMO(ij,zj,z));
1235   ttimO(i,zj,z)$IMO(i,zj,z)
1236                    = TIMO(i,zj,z) /
1237                      { IMO(i,zj,z) * eO(z) * (PWMO(i,zj,z)
1238                      + SUM[ij, PWMGO(ij) * tmrg(ij,i,zj,z)]) };
1239   ttiwO(j,z)$LDO(j,z)
1240                    = TIWO(j,z) / [WO(z) * LDO(j,z)];
1241   ttikO(k,j,z)$RKDO(k,j,z)
1242                    = TIKO(k,j,z) / RKDO(k,j,z);
1243   ttipO(j,z)$XSTO(j,z) = [PTO(j,z) / PPO(j,z)] - 1;
1244   
1245   ttdh1O(z)        = [TDHO(z) - ttdh0O(z)] / YHO(z);
1246   
1247  *==============================================================================
1248  * Calibration of other prices and revised volumes (part 2)
1249  *==============================================================================
1250   PDO(i,z)         = PLO(i,z) * (1 + tticO(i,z));
1251   PMO(i,zj,z)      = eO(z) * (PWMO(i,zj,z) + SUM[ij, PWMGO(ij) * tmrg(ij,i,zj,z)])
1252                    * (1 + ttimO(i,zj,z)) * (1 + tticO(i,z));
1253   PMTO(i,z)        = SUM[zj, PMO(i,zj,z) * IMO(i,zj,z)] / IMTO(i,z);
1254   PCO(i,z)         = [PMTO(i,z) * IMTO(i,z) + PDO(i,z) * DDO(i,z)] / QO(i,z);
1255   CO(i,z)          = CO(i,z) / PCO(i,z);
1256   CGO(i,z)         = CGO(i,z) / PCO(i,z);
1257   DIO(nene,j,z)    = DIO(nene,j,z) / PCO(nene,z);
1258   DEO(ene,j,z)     = DIO(ene,j,z) / PCO(ene,z);
1259   DEelecO(j,z)     = DIO('18_ELEC',j,z) / PCO('18_ELEC',z);
1260   DEnelecO(j,z)    = SUM(ene3, DEO(ene3,j,z));
1261   DEcoalgasO(j,z)  = SUM(ene5, DEO(ene5,j,z));
1262   DEcoalO(j,z)     = DEO('02_COAL',j,z);
1263   DEgasO(j,z)      = DEO('04_GAS',j,z);
1264   DEoilpetrolO(j,z)= SUM(ene6, DEO(ene6,j,z));
1265   DEoilO(j,z)      = DEO('03_OIL',j,z);
1266   DEpetrolO(j,z)   = DEO('10_PETROLCOAL',j,z);
1267   INVO(i,z)        = INVO(i,z) / PCO(i,z);
1268   CIO(j,z)         = SUM[nene, DIO(nene,j,z)];
1269   CEO(j3,z)        = SUM[ene, DEO(ene,j3,z)];
1270   CEO(j2,z)        = DEelecO(j2,z) + DEnelecO(j2,z);
1271   DITO(nene,z)     = SUM[j, DIO(nene,j,z)];
1272   DITO(ene,z)      = SUM[j, DEO(ene,j,z)];
1273   
1274   PO4(ene,j,z)     = PCO(ene,z);
1275   PCIO(j,z)$XSTO(j,z)
1276                    = SUM[nene, PCO(nene,z) * DIO(nene,j,z)] / CIO(j,z);
1277   PCEcoalO(j,z)$XSTO(j,z)   = PO4('02_COAL',j,z);
1278   PCEgasO(j,z)$XSTO(j,z)    = PO4('04_GAS',j,z);
1279   PCEoilO(j,z)$XSTO(j,z)    = PO4('03_OIL',j,z);
1280   PCEpetrolO(j,z)$XSTO(j,z) = PO4('10_PETROLCOAL',j,z);
1281   PCEoilpetrolO(j,z)$XSTO(j,z)
1282      = [ PCEoilO(j,z) * DEoilO(j,z) + PCEpetrolO(j,z) * DEpetrolO(j,z) ] / DEoilpetrolO(j,z);
1283   PCEcoalgasO(j,z)$XSTO(j,z)
1284      = [ PCEcoalO(j,z) * DEcoalO(j,z) + PCEgasO(j,z) * DEgasO(j,z) ] / DEcoalgasO(j,z);
1285   PCEnelecO(j,z)$XSTO(j,z)
1286      = [ PCEcoalgasO(j,z) * DEcoalgasO(j,z) + PCEoilpetrolO(j,z) * DEoilpetrolO(j,z) ] / DEnelecO(j,z);
1287   PCEelecO(j,z)$XSTO(j,z)
1288      = SUM[ene4, PCO(ene4,z) * DEO(ene4,j,z)] / DEelecO(j,z);
1289   PCEO(j,z)$XSTO(j,z)
1290      = [ PCEelecO(j,z) * DEelecO(j,z) + PCEnelecO(j,z) * DEnelecO(j,z) ] / CEO(j,z);
1291   PCEO(j3,z)$XSTO(j3,z)
1292      = SUM[ene, PCO(ene,z) * DEO(ene,j3,z)] / CEO(j3,z);
1293   WTIO(j,z)$XSTO(j,z)       = WO(z) * (1 + ttiwO(j,z));
1294   WCO(j,z)$LDCO(j,z)        = (WTIO(j,z) * LDO(j,z)) / LDCO(j,z);
1295   
1296  *==============================================================================
1297  * Calibration of dynamic parameters
1298  *==============================================================================
1299   PKO(z)           = 1;
1300   KSTO(z)          = KSTO(z) / PKO(z);
1301   KSTO(z)          = KSTO(z) - SUM((BS,Z_GRN)$sameas(z, Z_GRN), PTSFO(BS,Z_GRN) * TSFO(BS,Z_GRN));
1302   delta(z)         = DEPO(z) / [PKO(z) * KSTO(z)];
1303   RO(k,j,z)$RKDO(k,j,z)
1304                    = SUM[(kj,jj), RKDO(kj,jj,z)] / KSTO(z);
1305   KDO(k,j,z)$RKDO(k,j,z)
1306                    = RKDO(k,j,z) / RO(k,j,z);
1307   KSO(k,z)         = SUM[j, KDO(k,j,z)];
1308   IRO(z)           = { SUM[(k,j)$RKDO(k,j,z), RKDO(k,j,z)] - DEPO(z) } / [PKO(z) * KSTO(z)];
1309   UO(z)            = PKO(z) * (IRO(z) + delta(z));
1310   phiO(z)          = [ITO(z) / PKO(z)] / KSTO(z);
1311   INDO(k,j,z)$KDO(k,j,z)
1312                    = phiO(z) * KDO(k,j,z);
1313   A_K(z)           = 1 / PKO(z) * { PROD[i$gamma_INV(i,z), (PCO(i,z) / gamma_INV(i,z))**gamma_INV(i,z)] };
1314   KDCO(j,z)        = SUM[k, KDO(k,j,z)];
1315   RTIO(k,j,z)      = RO(k,j,z) * (1 + ttikO(k,j,z));
1316   RCO(j,z)$KDCO(j,z)
1317                    = SUM[k, RTIO(k,j,z) * KDO(k,j,z)] / KDCO(j,z);
1318   
1319  *==============================================================================
1320  * Calibration of other prices and revised volumes
1321  *==============================================================================
1322   VAO(j,z)       = LDCO(j,z) + KDCO(j,z);
1323   PVAO(j,z)$XSTO(j,z)
1324                     = [ WCO(j,z) * LDCO(j,z) + RCO(j,z) * KDCO(j,z) ] / VAO(j,z);
1325   KLEO(j,z)$XSTO(j,z)  = CEO(j,z) + VAO(j,z);
1326   
1327   PKLEO(j,z)$XSTO(j,z)
1328                      = [PCEO(j,z) * CEO(j,z) + PVAO(j,z) * VAO(j,z)] / KLEO(j,z);
1329   VATO(BS, Z_GRN)      = VAO(BS, Z_GRN) + TSFO(BS, Z_GRN);
1330   PVATO(BS, Z_GRN)
1331                      = [PVAO(BS, Z_GRN) * VAO(BS, Z_GRN) + PTSFO(BS, Z_GRN) * TSFO(BS, Z_GRN)] / VATO(BS, Z_GRN);
1332   PIXGDPO(z)           = 1;
1333   PIXGDP_WO          = 1;
1334   PIXCONO(z)           = 1;
1335   PIXCONO_lag(z)     = PIXCONO(z);
1336   PIXINVO(z)            = 1;
1337   PIXGVTO(z)           = 1;
1338   PPOWERO(z)         = 1;
1339   PBSO(BS, Z_GRN)  = 1.0;
1340   
1341  *==============================================================================
1342  * Calibration of LES parameters
1343  *==============================================================================
1344   sigma_Y(i,z)   = sigma_Y(i,z) / { SUM[ij, sigma_Y(ij,z) * PCO(ij,z) * CO(ij,z)] / CTHO(z) };
1345   gamma_LES(i,z) = PCO(i,z) * CO(i,z) * sigma_Y(i,z) / CTHO(z);
1346   CMINO(i,z)     = CO(i,z) + gamma_LES(i,z) * CTHO(z) / {PCO(i,z) * frisch(z)};
1347   
1348  * ==============================================================================
1349  * Calculation of Economy-Wide Ex-ante Own-Price Elasticities for Energy
1350  * (Industries + Households + Government + Investment + Exports)
1351  * ==============================================================================
      PARAMETERS
      * 1. Industry Nest Shares
          S_E_KLE(j,z), S_NE_E(j,z), S_Elec_E(j,z)
          S_CG_NE(j,z), S_OP_NE(j,z)
          S_Coal_CG(j,z), S_Gas_CG(j,z), S_Oil_OP(j,z), S_Petrol_OP(j,z)
          
      * 2. Armington & Demand Shares
          S_DOM(i,z)           Share of Domestic product in composite demand
          W_IND(i,j,z)         Share of Industry j in Total Composite Demand QO
          W_HH(i,z)            Share of Household in Total Composite Demand QO
          W_INV(i,z)           Share of Investment in Total Composite Demand QO
          W_GOV(i,z)           Share of Government in Total Composite Demand QO
          W_DDO(i,z)           Share of Domestic Sales in Total Output
          W_EXTO(i,z)          Share of Export Sales in Total Output
          Val_Total(i,z)       Total Value of Domestic and Export Sales
          
      * 3. Composite Price Elasticities by Agent (Imported + Domestic)
          Elas_Comp_IND(ene,j,z) Composite elasticity for Industry
          Elas_Comp_HH(ene,z)    Composite elasticity for Household (LES)
          Elas_Comp_INV(ene,z)   Composite elasticity for Investment (Cobb-Douglas = -1)
          Elas_Comp_GOV(ene,z)   Composite elasticity for Government (Cobb-Douglas = -1)
          
      * 4. Domestic Price Elasticities by Agent
          Elas_Dom_IND(ene,j,z)  Domestic elasticity for Industry
          Elas_Dom_HH(ene,z)     Domestic elasticity for Household
          Elas_Dom_INV(ene,z)    Domestic elasticity for Investment
          Elas_Dom_GOV(ene,z)    Domestic elasticity for Government
          Elas_EXP(ene,z)        Export elasticity (based on importer's sigma_M2)
          
      * 5. Economy-Wide Price Elasticities
          Elas_Total_DDO(ene,z)  Weighted elasticity of Total Domestic Demand (DDO)
          Elas_Total_ECON(ene,z) Economy-wide Ex-ante Price Elasticity of Energy Commodity
      ;
       
      * ------------------------------------------------------------------------------
      * Step 1. Calculate Shares
      * ------------------------------------------------------------------------------
      * Industry nest shares
      S_E_KLE(j2,z)$(PKLEO(j2,z)*KLEO(j2,z)) = (PCEO(j2,z)*CEO(j2,z)) / (PKLEO(j2,z)*KLEO(j2,z));
      S_NE_E(j2,z)$(PCEO(j2,z)*CEO(j2,z))    = (PCEnelecO(j2,z)*DEnelecO(j2,z)) / (PCEO(j2,z)*CEO(j2,z));
      S_Elec_E(j2,z)$(PCEO(j2,z)*CEO(j2,z))  = (PCEelecO(j2,z)*DEelecO(j2,z)) / (PCEO(j2,z)*CEO(j2,z));
      S_CG_NE(j2,z)$(PCEnelecO(j2,z)*DEnelecO(j2,z)) = (PCEcoalgasO(j2,z)*DEcoalgasO(j2,z)) / (PCEnelecO(j2,z)*DEnelecO(j2,z));
      S_OP_NE(j2,z)$(PCEnelecO(j2,z)*DEnelecO(j2,z)) = (PCEoilpetrolO(j2,z)*DEoilpetrolO(j2,z)) / (PCEnelecO(j2,z)*DEnelecO(j2,z));
      S_Coal_CG(j2,z)$(PCEcoalgasO(j2,z)*DEcoalgasO(j2,z)) = (PCO('02_COAL',z)*DEO('02_COAL',j2,z)) / (PCEcoalgasO(j2,z)*DEcoalgasO(j2,z));
      S_Gas_CG(j2,z)$(PCEcoalgasO(j2,z)*DEcoalgasO(j2,z))  = (PCO('04_GAS',z)*DEO('04_GAS',j2,z)) / (PCEcoalgasO(j2,z)*DEcoalgasO(j2,z));
      S_Oil_OP(j2,z)$(PCEoilpetrolO(j2,z)*DEoilpetrolO(j2,z)) = (PCO('03_OIL',z)*DEO('03_OIL',j2,z)) / (PCEoilpetrolO(j2,z)*DEoilpetrolO(j2,z));
      S_Petrol_OP(j2,z)$(PCEoilpetrolO(j2,z)*DEoilpetrolO(j2,z)) = (PCO('10_PETROLCOAL',z)*DEO('10_PETROLCOAL',j2,z)) / (PCEoilpetrolO(j2,z)*DEoilpetrolO(j2,z));
       
      * Armington domestic shares (DDO relative to QO)
      S_DOM(ene,z)$(PCO(ene,z)*QO(ene,z)) = (PDO(ene,z)*DDO(ene,z)) / (PCO(ene,z)*QO(ene,z));
       
      * Consumption share of each agent in total domestic composite (QO)
      W_IND(ene,j,z)$QO(ene,z) = DEO(ene,j,z) / QO(ene,z);
      W_HH(ene,z)$QO(ene,z)    = CO(ene,z) / QO(ene,z);
      W_INV(ene,z)$QO(ene,z)   = INVO(ene,z) / QO(ene,z);
      W_GOV(ene,z)$QO(ene,z)   = CGO(ene,z) / QO(ene,z);
       
      * Share of domestic sales (DDO) and exports (EXTO) in total national output
      Val_Total(ene,z) = PDO(ene,z)*DDO(ene,z) + PETO(ene,z)*EXTO(ene,z);
      W_DDO(ene,z)$Val_Total(ene,z)  = (PDO(ene,z)*DDO(ene,z)) / Val_Total(ene,z);
      W_EXTO(ene,z)$Val_Total(ene,z) = (PETO(ene,z)*EXTO(ene,z)) / Val_Total(ene,z);
       
      * ------------------------------------------------------------------------------
      * Step 2. Calculate Composite Price Elasticities by Agent
      * ------------------------------------------------------------------------------
      * 1. Industry (Only KLE industries have elasticity, Non-KLE is Leontief so 0)
      Elas_Comp_IND('02_COAL',j2,z)$DEO('02_COAL',j2,z) = 
          - (1 - S_Coal_CG(j2,z)) * sigma_ENER_coalgas(j2,z) - S_Coal_CG(j2,z) * (1 - S_CG_NE(j2,z)) * sigma_ENER_nelec(j2,z)
          - S_Coal_CG(j2,z) * S_CG_NE(j2,z) * (1 - S_NE_E(j2,z)) * sigma_ENER_elec(j2,z) - S_Coal_CG(j2,z) * S_CG_NE(j2,z) * S_NE_E(j2,z) * (1 - S_E_KLE(j2,z)) * sigma_KLE(j2,z);
      Elas_Comp_IND('04_GAS',j2,z)$DEO('04_GAS',j2,z) = 
          - (1 - S_Gas_CG(j2,z)) * sigma_ENER_coalgas(j2,z) - S_Gas_CG(j2,z) * (1 - S_CG_NE(j2,z)) * sigma_ENER_nelec(j2,z)
          - S_Gas_CG(j2,z) * S_CG_NE(j2,z) * (1 - S_NE_E(j2,z)) * sigma_ENER_elec(j2,z) - S_Gas_CG(j2,z) * S_CG_NE(j2,z) * S_NE_E(j2,z) * (1 - S_E_KLE(j2,z)) * sigma_KLE(j2,z);
      Elas_Comp_IND('03_OIL',j2,z)$DEO('03_OIL',j2,z) = 
          - (1 - S_Oil_OP(j2,z)) * sigma_ENER_oilprod(j2,z) - S_Oil_OP(j2,z) * (1 - S_OP_NE(j2,z)) * sigma_ENER_nelec(j2,z)
          - S_Oil_OP(j2,z) * S_OP_NE(j2,z) * (1 - S_NE_E(j2,z)) * sigma_ENER_elec(j2,z) - S_Oil_OP(j2,z) * S_OP_NE(j2,z) * S_NE_E(j2,z) * (1 - S_E_KLE(j2,z)) * sigma_KLE(j2,z);
      Elas_Comp_IND('10_PETROLCOAL',j2,z)$DEO('10_PETROLCOAL',j2,z) = 
          - (1 - S_Petrol_OP(j2,z)) * sigma_ENER_oilprod(j2,z) - S_Petrol_OP(j2,z) * (1 - S_OP_NE(j2,z)) * sigma_ENER_nelec(j2,z)
          - S_Petrol_OP(j2,z) * S_OP_NE(j2,z) * (1 - S_NE_E(j2,z)) * sigma_ENER_elec(j2,z) - S_Petrol_OP(j2,z) * S_OP_NE(j2,z) * S_NE_E(j2,z) * (1 - S_E_KLE(j2,z)) * sigma_KLE(j2,z);
      Elas_Comp_IND('18_ELEC',j2,z)$DEO('18_ELEC',j2,z) = 
          - (1 - S_Elec_E(j2,z)) * sigma_ENER_elec(j2,z) - S_Elec_E(j2,z) * (1 - S_E_KLE(j2,z)) * sigma_KLE(j2,z);
      Elas_Comp_IND(ene,j3,z)$DEO(ene,j3,z) = 0;
       
      * 2. Household (LES Function)
      Elas_Comp_HH(ene,z)$CO(ene,z) = CMINO(ene,z) / CO(ene,z) * (1 - gamma_LES(ene,z)) - 1;
       
      * 3. Investment & Government (Cobb-Douglas Expenditure)
      Elas_Comp_INV(ene,z)$INVO(ene,z) = -1.0;
      Elas_Comp_GOV(ene,z)$CGO(ene,z)  = -1.0;
       
      * ------------------------------------------------------------------------------
      * Step 3. Derive Domestic Energy Price Elasticities by Agent (incorporating Armington effect)
      * ------------------------------------------------------------------------------
      Elas_Dom_IND(ene,j,z)$DEO(ene,j,z) = - (1 - S_DOM(ene,z)) * sigma_M1(ene,z) + S_DOM(ene,z) * Elas_Comp_IND(ene,j,z);
      Elas_Dom_HH(ene,z)$CO(ene,z)       = - (1 - S_DOM(ene,z)) * sigma_M1(ene,z) + S_DOM(ene,z) * Elas_Comp_HH(ene,z);
      Elas_Dom_INV(ene,z)$INVO(ene,z)    = - (1 - S_DOM(ene,z)) * sigma_M1(ene,z) + S_DOM(ene,z) * Elas_Comp_INV(ene,z);
      Elas_Dom_GOV(ene,z)$CGO(ene,z)     = - (1 - S_DOM(ene,z)) * sigma_M1(ene,z) + S_DOM(ene,z) * Elas_Comp_GOV(ene,z);
       
      * Exports (Weighted average of trading partners' import substitution elasticity sigma_M2)
      Elas_EXP(ene,z)$EXTO(ene,z) = SUM(zj$EXO(ene,z,zj), (EXO(ene,z,zj)/EXTO(ene,z)) * (-sigma_M2(ene,zj)));
       
      * ------------------------------------------------------------------------------
      * Step 4. Derive Economy-Wide Energy Price Elasticity (Aggregation)
      * ------------------------------------------------------------------------------
      * Domestic demand aggregation (Weighted Average of Domestic Agents)
      Elas_Total_DDO(ene,z) = 
          SUM(j, W_IND(ene,j,z) * Elas_Dom_IND(ene,j,z)) 
          + W_HH(ene,z)  * Elas_Dom_HH(ene,z) 
          + W_INV(ene,z) * Elas_Dom_INV(ene,z) 
          + W_GOV(ene,z) * Elas_Dom_GOV(ene,z);
       
      * Domestic + Export aggregation (Final Economy-Wide Elasticity)
      Elas_Total_ECON(ene,z) = 
          W_DDO(ene,z) * Elas_Total_DDO(ene,z) + W_EXTO(ene,z) * Elas_EXP(ene,z);
       
      DISPLAY Elas_Total_ECON, Elas_Total_DDO, Elas_Dom_HH, Elas_EXP;
       
      * ==============================================================================
      * Step 0. Set Target Elasticities and Iterative Algorithm Parameters
      * ==============================================================================
      TABLE Target_Elas(ene,z) Target economy-wide elasticities by region and energy commodity
                     01_KOR  02_CHN  03_JPN  04_RUS  05_MNG  06_PRK  07_NAM  08_LAM  09_WEU  10_EEU  11_CAS  12_MEA  13_AFR  14_CLV  15_SAS  16_APC  17_ANZ
      02_COAL         -0.88   -0.46   -0.74   -0.30   -0.58   -0.30   -0.97   -0.50   -1.03   -0.85   -0.67   -0.76   -0.82   -0.46   -0.71   -1.12   -0.80
      03_OIL          -0.52   -0.34   -0.54   -0.15   -0.66   -0.15   -0.92   -0.58   -0.74   -0.45   -0.15   -0.39   -0.95   -0.34   -0.98   -0.52   -0.99
      04_GAS          -0.74   -1.16   -0.52   -0.30   -0.67   -0.15   -0.73   -0.69   -0.85   -0.71   -0.57   -0.62   -0.69   -1.16   -0.18   -0.15   -1.25
      10_PETROLCOAL   -0.52   -0.34   -0.54   -0.15   -0.66   -0.15   -0.92   -0.58   -0.74   -0.45   -0.15   -0.39   -0.95   -0.34   -0.98   -0.52   -0.99
      18_ELEC         -0.48   -0.42   -0.45   -0.21   -0.35   -0.21   -0.49   -0.47   -0.30   -0.26   -0.21   -0.37   -0.57   -0.42   -0.29   -0.30   -0.29
      ;
       
      * Set targets based on DDO
      Parameter Target_ECON(ene,z);
      Target_ECON('02_COAL',z) = Target_Elas('02_COAL',z);
      Target_ECON('03_OIL',z) = Target_Elas('03_OIL',z);
      Target_ECON('04_GAS',z) = Target_Elas('04_GAS',z);
      Target_ECON('10_PETROLCOAL',z) = Target_Elas('10_PETROLCOAL',z);
      Target_ECON('18_ELEC',z) = Target_Elas('18_ELEC',z);
       
      SET iter Maximum number of iterations / 1*1000 /;
      SCALAR step Update speed (Damping factor) / 0.15 /;
      PARAMETER Adj_Ratio(ene,z) Ratio to target;
      PARAMETER Ind_Total_Weight(ene,z) Total industry weight;
      Ind_Total_Weight(ene,z) = SUM(j, W_IND(ene,j,z));
       
      * ==============================================================================
      * Declare temporary parameters before entering the loop (for calculating error weights by industry)
      * ==============================================================================
      PARAMETER Ind_Err_CG(j,z) Weighted average error of Coal-Gas nest by industry;
      PARAMETER Ind_Err_OP(j,z) Weighted average error of Oil products nest by industry;
      PARAMETER Ind_Err_NE(j,z) Weighted average error of Non-Elec nest by industry;
      PARAMETER Ind_Err_Tot(j,z) Weighted average error of total energy by industry;
       
      * ==============================================================================
      * Algorithm Start
      * ==============================================================================
      LOOP(iter,
      * --------------------------------------------------------------------------
      * 1. Recalculate elasticity based on currently updated sigma values
      * --------------------------------------------------------------------------
          Elas_Comp_IND('02_COAL',j2,z)$DEO('02_COAL',j2,z) = 
              - (1 - S_Coal_CG(j2,z)) * sigma_ENER_coalgas(j2,z) - S_Coal_CG(j2,z) * (1 - S_CG_NE(j2,z)) * sigma_ENER_nelec(j2,z)
              - S_Coal_CG(j2,z) * S_CG_NE(j2,z) * (1 - S_NE_E(j2,z)) * sigma_ENER_elec(j2,z) - S_Coal_CG(j2,z) * S_CG_NE(j2,z) * S_NE_E(j2,z) * (1 - S_E_KLE(j2,z)) * sigma_KLE(j2,z);
       
          Elas_Comp_IND('04_GAS',j2,z)$DEO('04_GAS',j2,z) = 
              - (1 - S_Gas_CG(j2,z)) * sigma_ENER_coalgas(j2,z) - S_Gas_CG(j2,z) * (1 - S_CG_NE(j2,z)) * sigma_ENER_nelec(j2,z)
              - S_Gas_CG(j2,z) * S_CG_NE(j2,z) * (1 - S_NE_E(j2,z)) * sigma_ENER_elec(j2,z) - S_Gas_CG(j2,z) * S_CG_NE(j2,z) * S_NE_E(j2,z) * (1 - S_E_KLE(j2,z)) * sigma_KLE(j2,z);
       
          Elas_Comp_IND('03_OIL',j2,z)$DEO('03_OIL',j2,z) = 
              - (1 - S_Oil_OP(j2,z)) * sigma_ENER_oilprod(j2,z) - S_Oil_OP(j2,z) * (1 - S_OP_NE(j2,z)) * sigma_ENER_nelec(j2,z)
              - S_Oil_OP(j2,z) * S_OP_NE(j2,z) * (1 - S_NE_E(j2,z)) * sigma_ENER_elec(j2,z) - S_Oil_OP(j2,z) * S_OP_NE(j2,z) * S_NE_E(j2,z) * (1 - S_E_KLE(j2,z)) * sigma_KLE(j2,z);
       
          Elas_Comp_IND('10_PETROLCOAL',j2,z)$DEO('10_PETROLCOAL',j2,z) = 
              - (1 - S_Petrol_OP(j2,z)) * sigma_ENER_oilprod(j2,z) - S_Petrol_OP(j2,z) * (1 - S_OP_NE(j2,z)) * sigma_ENER_nelec(j2,z)
              - S_Petrol_OP(j2,z) * S_OP_NE(j2,z) * (1 - S_NE_E(j2,z)) * sigma_ENER_elec(j2,z) - S_Petrol_OP(j2,z) * S_OP_NE(j2,z) * S_NE_E(j2,z) * (1 - S_E_KLE(j2,z)) * sigma_KLE(j2,z);
       
          Elas_Comp_IND('18_ELEC',j2,z)$DEO('18_ELEC',j2,z) = 
              - (1 - S_Elec_E(j2,z)) * sigma_ENER_elec(j2,z) - S_Elec_E(j2,z) * (1 - S_E_KLE(j2,z)) * sigma_KLE(j2,z);
       
          Elas_Dom_IND(ene,j,z)$DEO(ene,j,z) = - (1 - S_DOM(ene,z)) * sigma_M1(ene,z) + S_DOM(ene,z) * Elas_Comp_IND(ene,j,z);
          Elas_Dom_HH(ene,z)$CO(ene,z)       = - (1 - S_DOM(ene,z)) * sigma_M1(ene,z) + S_DOM(ene,z) * Elas_Comp_HH(ene,z);
          Elas_Dom_INV(ene,z)$INVO(ene,z)    = - (1 - S_DOM(ene,z)) * sigma_M1(ene,z) + S_DOM(ene,z) * Elas_Comp_INV(ene,z);
          Elas_Dom_GOV(ene,z)$CGO(ene,z)     = - (1 - S_DOM(ene,z)) * sigma_M1(ene,z) + S_DOM(ene,z) * Elas_Comp_GOV(ene,z);
       
          Elas_Total_DDO(ene,z) = 
              SUM(j, W_IND(ene,j,z) * Elas_Dom_IND(ene,j,z)) 
              + W_HH(ene,z)  * Elas_Dom_HH(ene,z) 
              + W_INV(ene,z) * Elas_Dom_INV(ene,z) 
              + W_GOV(ene,z) * Elas_Dom_GOV(ene,z);
       
          Elas_EXP(ene,z)$EXTO(ene,z) = SUM(zj$EXO(ene,z,zj), (EXO(ene,z,zj)/EXTO(ene,z)) * (-sigma_M2(ene,zj)));
          Elas_Total_ECON(ene,z) = W_DDO(ene,z) * Elas_Total_DDO(ene,z) + W_EXTO(ene,z) * Elas_EXP(ene,z);
       
      * --------------------------------------------------------------------------
      * 2. Calculate error ratio at the national level (Initialize first, keep 1.0 for fuels without target)
      * --------------------------------------------------------------------------
          Adj_Ratio(ene,z) = 1.0;
          Adj_Ratio(ene,z)$(Elas_Total_ECON(ene,z) ne 0 and Target_ECON(ene,z) ne 0) = Target_ECON(ene,z) / Elas_Total_ECON(ene,z);
          Adj_Ratio(ene,z) = max(0.2, min(5.0, Adj_Ratio(ene,z)));
       
      * --------------------------------------------------------------------------
      * 3. Parameter Update (Reflecting high-precision industry-specific nest weights)
      * --------------------------------------------------------------------------
          sigma_M1(ene,z)$(1 - S_DOM(ene,z) > 0.05) = sigma_M1(ene,z) * (1 + step * (Adj_Ratio(ene,z) - 1));
       
          LOOP(j2,
      * A. Derive weighted average error by nest within each industry (j2) (Follow the error of the fuel heavily consumed by the industry)
              Ind_Err_CG(j2,z)  = S_Coal_CG(j2,z)*Adj_Ratio('02_COAL',z) + S_Gas_CG(j2,z)*Adj_Ratio('04_GAS',z);
              Ind_Err_OP(j2,z)  = S_Oil_OP(j2,z)*Adj_Ratio('03_OIL',z)   + S_Petrol_OP(j2,z)*Adj_Ratio('10_PETROLCOAL',z);
              Ind_Err_NE(j2,z)  = S_CG_NE(j2,z)*Ind_Err_CG(j2,z)         + S_OP_NE(j2,z)*Ind_Err_OP(j2,z);
              Ind_Err_Tot(j2,z) = S_Elec_E(j2,z)*Adj_Ratio('18_ELEC',z)  + S_NE_E(j2,z)*Ind_Err_NE(j2,z);
       
      * B. Parameter modification (Cross-application according to mathematical partial derivative structure)
      * Lower nests dominate the elasticity of minority fuels, so track errors inversely (Cross)
              sigma_ENER_coalgas(j2,z) = sigma_ENER_coalgas(j2,z) * (1 + step * ( S_Coal_CG(j2,z)*Adj_Ratio('04_GAS',z) + S_Gas_CG(j2,z)*Adj_Ratio('02_COAL',z) - 1 ));
              sigma_ENER_oilprod(j2,z) = sigma_ENER_oilprod(j2,z) * (1 + step * ( S_Oil_OP(j2,z)*Adj_Ratio('10_PETROLCOAL',z) + S_Petrol_OP(j2,z)*Adj_Ratio('03_OIL',z) - 1 ));
       
      * Upper nests dominate the elasticity of majority fuels, so track the weighted average of the nest
              sigma_ENER_nelec(j2,z) = sigma_ENER_nelec(j2,z) * (1 + step * (Ind_Err_NE(j2,z) - 1));
       
      * Cross nest (Cross-application of errors between electricity and non-electricity)
              sigma_ENER_elec(j2,z) = sigma_ENER_elec(j2,z) * (1 + step * ( S_NE_E(j2,z)*Adj_Ratio('18_ELEC',z) + S_Elec_E(j2,z)*Ind_Err_NE(j2,z) - 1 ));
       
      * Top KLE elasticity tracks the integrated energy error of the entire industry
              sigma_KLE(j2,z) = sigma_KLE(j2,z) * (1 + (step/2) * (Ind_Err_Tot(j2,z) - 1));
          );
       
      * --------------------------------------------------------------------------
      * 4. Logical Constraints for Parameters
      * --------------------------------------------------------------------------
          sigma_M1(ene,z) = max(0.5, min(15.0, sigma_M1(ene,z)));
          sigma_M2(ene,z) = max(0.5, min(30.0, sigma_M2(ene,z)));    
          sigma_ENER_coalgas(j,z) = max(0.5, min(3.0, sigma_ENER_coalgas(j,z)));
          sigma_ENER_oilprod(j,z) = max(0.5, min(3.0, sigma_ENER_oilprod(j,z)));
          sigma_ENER_nelec(j,z)   = max(0.5, min(3.0, sigma_ENER_nelec(j,z)));  
          sigma_ENER_elec(j,z)    = max(0.5, min(3.0, sigma_ENER_elec(j,z)));
          sigma_KLE(j,z)          = max(0.5, min(3.0, sigma_KLE(j,z)));
       
      * [Step 2] Add deadzone constraints to avoid elasticities near 1.0 (0.9 ~ 1.1)
      * Fix to 0.9 if value is > 0.9 and <= 1.0
      * Fix to 1.1 if value is > 1.0 and < 1.1
       
          sigma_M1(ene,z)$(sigma_M1(ene,z) > 0.9 and sigma_M1(ene,z) <= 1.0) = 0.9;
          sigma_M1(ene,z)$(sigma_M1(ene,z) > 1.0 and sigma_M1(ene,z) <  1.1) = 1.1;
       
          sigma_M2(ene,z)$(sigma_M2(ene,z) > 0.9 and sigma_M2(ene,z) <= 1.0) = 0.9;
          sigma_M2(ene,z)$(sigma_M2(ene,z) > 1.0 and sigma_M2(ene,z) <  1.1) = 1.1;
       
          sigma_ENER_coalgas(j,z)$(sigma_ENER_coalgas(j,z) > 0.9 and sigma_ENER_coalgas(j,z) <= 1.0) = 0.9;
          sigma_ENER_coalgas(j,z)$(sigma_ENER_coalgas(j,z) > 1.0 and sigma_ENER_coalgas(j,z) <  1.1) = 1.1;
       
          sigma_ENER_oilprod(j,z)$(sigma_ENER_oilprod(j,z) > 0.9 and sigma_ENER_oilprod(j,z) <= 1.0) = 0.9;
          sigma_ENER_oilprod(j,z)$(sigma_ENER_oilprod(j,z) > 1.0 and sigma_ENER_oilprod(j,z) <  1.1) = 1.1;
       
          sigma_ENER_nelec(j,z)$(sigma_ENER_nelec(j,z) > 0.9 and sigma_ENER_nelec(j,z) <= 1.0) = 0.9;
          sigma_ENER_nelec(j,z)$(sigma_ENER_nelec(j,z) > 1.0 and sigma_ENER_nelec(j,z) <  1.1) = 1.1;
       
          sigma_ENER_elec(j,z)$(sigma_ENER_elec(j,z) > 0.9 and sigma_ENER_elec(j,z) <= 1.0) = 0.9;
          sigma_ENER_elec(j,z)$(sigma_ENER_elec(j,z) > 1.0 and sigma_ENER_elec(j,z) <  1.1) = 1.1;
       
          sigma_KLE(j,z)$(sigma_KLE(j,z) > 0.9 and sigma_KLE(j,z) <= 1.0) = 0.9;
          sigma_KLE(j,z)$(sigma_KLE(j,z) > 1.0 and sigma_KLE(j,z) <  1.1) = 1.1;
       
      );
1615  *==============================================================================
1616  * Calibration of function parameters
1617  *==============================================================================
1618   io(j,z)$XSTO(j,z)         = CIO(j,z) / XSTO(j,z);
1619   io2(j,z)$XSTO(j,z)        = CEO(j,z) / XSTO(j,z);
1620   v(j,z)$XSTO(j,z)          = VAO(j,z) / XSTO(j,z);
1621   v2(j,z)$XSTO(j,z)         = (CEO(j,z) + VAO(j,z)) / XSTO(j,z);
1622   aij(nene,j,z)$XSTO(j,z)   = DIO(nene,j,z) / CIO(j,z);
1623   aij2(ene,j,z)$XSTO(j,z)   = DEO(ene,j,z) / CEO(j,z);
1624   aij_t(nene,j,z,time)      = aij(nene,j,z);
1625   aij2_t(ene,j,z,time)      = aij2(ene,j,z);
1626   
1627  *==============================================================================
1628  * Calibration of CET parameters
1629  *==============================================================================
1630   rho_X1(i,z) = (1 + sigma_X1(i,z)) / sigma_X1(i,z);
1631   beta_EX_X1(i,z)$MRGNO(i,z)
1632      = [ PETO(i,z) * EXTO(i,z)$EXTO(i,z)**(1 - rho_X1(i,z)) ] /
1633        [ PETO(i,z) * EXTO(i,z)$EXTO(i,z)**(1 - rho_X1(i,z))
1634        + PLO(i,z)  * DSO_I(i,z)**(1 - rho_X1(i,z))
1635        + eO(z)     * PWMGO(i) * MRGNO(i,z)$MRGNO(i,z)**(1 - rho_X1(i,z)) ];
1636   beta_EX_X1(i,z)$(MRGNO(i,z) eq 0)
1637      = [ PETO(i,z) * EXTO(i,z)$EXTO(i,z)**(1 - rho_X1(i,z)) ] /
1638        [ PETO(i,z) * EXTO(i,z)$EXTO(i,z)**(1 - rho_X1(i,z))
1639        + PLO(i,z)  * DSO_I(i,z)**(1 - rho_X1(i,z)) ];
1640   beta_D_X1(i,z)$MRGNO(i,z)
1641      = [ PLO(i,z) * DSO_I(i,z)**(1 - rho_X1(i,z)) ] /
1642        [ PETO(i,z) * EXTO(i,z)**(1 - rho_X1(i,z))
1643        + PLO(i,z)  * DSO_I(i,z)**(1 - rho_X1(i,z))
1644        + eO(z)     * PWMGO(i) * MRGNO(i,z)**(1 - rho_X1(i,z)) ];
1645   beta_D_X1(i,z)$(MRGNO(i,z) eq 0)
1646      = [ PLO(i,z) * DSO_I(i,z)**(1 - rho_X1(i,z)) ] /
1647        [ PETO(i,z) * EXTO(i,z)**(1 - rho_X1(i,z))
1648        + PLO(i,z)  * DSO_I(i,z)**(1 - rho_X1(i,z)) ];
1649   B_X1(i,z)
1650      = XSO_I(i,z) /
1651        [ beta_EX_X1(i,z) * EXTO(i,z)**rho_X1(i,z)
1652        + beta_D_X1(i,z)  * DSO_I(i,z)**rho_X1(i,z)
1653        + (1 - beta_EX_X1(i,z) - beta_D_X1(i,z)) * MRGNO(i,z)**rho_X1(i,z)
1654        ]**(1 / rho_X1(i,z));
1655   
1656  *==============================================================================
1657  * CET between exports to different trading partners
1658  *==============================================================================
1659   rho_X2(i,z) = (1 + sigma_X2(i,z)) / sigma_X2(i,z);
1660   beta_X2(i,z,zj)$EXO(i,z,zj)
1661      = [ PEO(i,z,zj) * EXO(i,z,zj)**(1 - rho_X2(i,z)) ] /
1662        SUM[zjj$EXO(i,z,zjj), PEO(i,z,zjj) * EXO(i,z,zjj)**(1 - rho_X2(i,z)) ];
1663   B_X2(i,z)
1664      = EXTO(i,z) /
1665        { SUM[zj, beta_X2(i,z,zj) * EXO(i,z,zj)**rho_X2(i,z)]**(1 / rho_X2(i,z)) };
1666   
1667  *==============================================================================
1668  * Calibration of CES parameters
1669  *==============================================================================
1670  *Multi Output
1671   rho_MultiOut(i,z) = (1 - sigma_MultiOut(i,z)) / sigma_MultiOut(i,z);
1672   beta_MultiOut(j,i,z)$XSO(j,i,z)
1673      = [ PO2(j,i,z) * XSO(j,i,z)**(1 + rho_MultiOut(i,z)) ] /
1674        SUM[jj$XSO(jj,i,z), PO2(jj,i,z) * XSO(jj,i,z)**(1 + rho_MultiOut(i,z)) ];
1675   B_MultiOut(i,z)
1676      = XSO_I(i,z) /
1677        SUM[jj$XSO(jj,i,z), beta_MultiOut(jj,i,z) * XSO(jj,i,z)**(-rho_MultiOut(i,z))]**(-1 / rho_MultiOut(i,z));
1678   
1679  *Aggregated Electricity
1680   QPOWERO(z) = SUM(POWER, XSO(power,'18_ELEC',z));
1681   rho_POWER(z)  = (1 - sigma_POWER(z)) / sigma_POWER(z);
1682   beta_POWER(power,z)
1683      = [ PO2(power,'18_ELEC',z) * XSO(power,'18_ELEC',z)**(1 + rho_POWER(z)) ] /
1684        SUM[powerr$XSO(powerr,'18_ELEC',z), PO2(powerr,'18_ELEC',z) * XSO(powerr,'18_ELEC',z)**(1 + rho_POWER(z)) ];
1685   B_POWER(z)
1686      = QPOWERO(z) /
1687        SUM[powerr$XSO(powerr,'18_ELEC',z), beta_POWER(powerr,z) * XSO(powerr,'18_ELEC',z)**(-rho_POWER(z))]**(-1 / rho_POWER(z));
1688   TnDShare(z) = XSO('18_TnD','18_ELEC',z) / XSO_I('18_ELEC',z);
1689   
1690  *Backstop
1691  LOOP(MAP_BS(bs, conv, I_BS),
1692   
1693      QBSO(bs, Z_GRN) = XSO(conv, I_BS, Z_GRN) + XSO(bs, I_BS, Z_GRN);
1694   
1695      rho_BS(bs, Z_GRN) = (1 - sigma_BS(bs, Z_GRN)) / sigma_BS(bs, Z_GRN);
1696   
1697      beta_BS(conv, I_BS, Z_GRN)
1698          = [ PO2(conv, I_BS, Z_GRN) * XSO(conv, I_BS, Z_GRN)**(1 + rho_BS(bs, Z_GRN)) ] /
1699            ( [ PO2(conv, I_BS, Z_GRN) * XSO(conv, I_BS, Z_GRN)**(1 + rho_BS(bs, Z_GRN)) ] +
1700              [ PO2(bs, I_BS, Z_GRN) * XSO(bs, I_BS, Z_GRN)**(1 + rho_BS(bs, Z_GRN)) ] );
1701   
1702      beta_BS(bs, I_BS, Z_GRN)
1703          = [ PO2(bs, I_BS, Z_GRN) * XSO(bs, I_BS, Z_GRN)**(1 + rho_BS(bs, Z_GRN)) ] /
1704            ( [ PO2(conv, I_BS, Z_GRN) * XSO(conv, I_BS, Z_GRN)**(1 + rho_BS(bs, Z_GRN)) ] +
1705              [ PO2(bs, I_BS, Z_GRN) * XSO(bs, I_BS, Z_GRN)**(1 + rho_BS(bs, Z_GRN)) ] );
1706   
1707      B_BS(bs, Z_GRN)
1708          = QBSO(bs, Z_GRN) /
1709            ( beta_BS(conv, I_BS, Z_GRN) * XSO(conv, I_BS, Z_GRN)**(-rho_BS(bs, Z_GRN)) +
1710              beta_BS(bs, I_BS, Z_GRN) * XSO(bs, I_BS, Z_GRN)**(-rho_BS(bs, Z_GRN)) )**(-1 / rho_BS(bs, Z_GRN));
1711   
1712      beta_BS_t(conv, I_BS, Z_GRN, time) = beta_BS(conv, I_BS, Z_GRN);
1713      beta_BS_t(bs, I_BS, Z_GRN, time)   = beta_BS(bs, I_BS, Z_GRN);
1714  );
1715   
1716  *==============================================================================
1717  * Composite good
1718  *==============================================================================
1719   rho_M1(i,z) = (1 - sigma_M1(i,z)) / sigma_M1(i,z);
1720   beta_M1(i,z)
1721      = PMTO(i,z) * IMTO(i,z)**(rho_M1(i,z) + 1) /
1722        { PDO(i,z)  * DDO(i,z)**(rho_M1(i,z) + 1)
1723        + PMTO(i,z) * IMTO(i,z)**(rho_M1(i,z) + 1) };
1724   B_M1(i,z)
1725      = QO(i,z) /
1726        { beta_M1(i,z) * IMTO(i,z)**(-rho_M1(i,z))
1727        + (1 - beta_M1(i,z)) * DDO(i,z)**(-rho_M1(i,z)) }**(-1 / rho_M1(i,z));
1728   
1729  *==============================================================================
1730  * CES between imports from different trading partners
1731  *==============================================================================
1732   rho_M2(i,z) = (1 - sigma_M2(i,z)) / sigma_M2(i,z);
1733   beta_M2(i,zj,z)$IMO(i,zj,z)
1734      = [ PMO(i,zj,z) * IMO(i,zj,z)**(rho_M2(i,z) + 1) ] /
1735        SUM[zjj$IMO(i,zjj,z), PMO(i,zjj,z) * IMO(i,zjj,z)**(rho_M2(i,z) + 1) ];
1736   B_M2(i,z)
1737      = IMTO(i,z) /
1738        { SUM[zj$IMO(i,zj,z), beta_M2(i,zj,z) * IMO(i,zj,z)**(-rho_M2(i,z))]**(-1 / rho_M2(i,z)) };
1739   
1740  *==============================================================================
1741  * Composite capital
1742  *==============================================================================
1743   rho_KD(j,z) = (1 - sigma_KD(j,z)) / sigma_KD(j,z);
1744   beta_KD(k,j,z)$KDO(k,j,z)
1745      = [ RTIO(k,j,z) * KDO(k,j,z)**(1 + rho_KD(j,z)) ] /
1746        SUM[kj$KDO(kj,j,z), RTIO(kj,j,z) * KDO(kj,j,z)**(1 + rho_KD(j,z)) ];
1747   B_KD(j,z)$KDCO(j,z)
1748      = KDCO(j,z) /
1749        { SUM[k$KDO(k,j,z), beta_KD(k,j,z) * KDO(k,j,z)**(-rho_KD(j,z))]**(-1 / rho_KD(j,z)) };
1750   
1751  *===============================================================================
1752  * Composite E
1753  *===============================================================================
1754  * Level 5_1 (Coal/Gas)
1755   rho_ENER_coalgas(j2,z) = (1 - sigma_ENER_coalgas(j2,z)) / sigma_ENER_coalgas(j2,z);
1756   beta_ENER_coalgas(ene5,j2,z)
1757      = [ PO4(ene5,j2,z) * DEO(ene5,j2,z)**(1 + rho_ENER_coalgas(j2,z)) ] /
1758        SUM[enee5, PO4(enee5,j2,z) * DEO(enee5,j2,z)**(1 + rho_ENER_coalgas(j2,z)) ];
1759   B_ENER_coalgas(j2,z)
1760      = DEcoalgasO(j2,z) /
1761        { SUM[ene5, beta_ENER_coalgas(ene5,j2,z) * DEO(ene5,j2,z)**(-rho_ENER_coalgas(j2,z))] }**(-1 / rho_ENER_coalgas(j2,z));
1762   
1763  * Level 5_2 (Oil/Petrol)
1764   rho_ENER_oilprod(j2,z) = (1 - sigma_ENER_oilprod(j2,z)) / sigma_ENER_oilprod(j2,z);
1765   beta_ENER_oilprod(ene6,j2,z)
1766      = [ PO4(ene6,j2,z) * DEO(ene6,j2,z)**(1 + rho_ENER_oilprod(j2,z)) ] /
1767        SUM[enee6, PO4(enee6,j2,z) * DEO(enee6,j2,z)**(1 + rho_ENER_oilprod(j2,z)) ];
1768   B_ENER_oilprod(j2,z)
1769      = DEoilpetrolO(j2,z) /
1770        { SUM[ene6, beta_ENER_oilprod(ene6,j2,z) * DEO(ene6,j2,z)**(-rho_ENER_oilprod(j2,z))] }**(-1 / rho_ENER_oilprod(j2,z));
1771   
1772  * Level 4 (Coal-Gas / Oil-Petrol)
1773   rho_ENER_nelec(j2,z) = (1 - sigma_ENER_nelec(j2,z)) / sigma_ENER_nelec(j2,z);
1774   beta_ENER_nelec(j2,z)
1775      = PCEcoalgasO(j2,z) * DEcoalgasO(j2,z)**(rho_ENER_nelec(j2,z) + 1) /
1776        { PCEcoalgasO(j2,z) * DEcoalgasO(j2,z)**(rho_ENER_nelec(j2,z) + 1)
1777        + PCEoilpetrolO(j2,z) * DEoilpetrolO(j2,z)**(rho_ENER_nelec(j2,z) + 1) };
1778   B_ENER_nelec(j2,z)
1779      = DEnelecO(j2,z) /
1780        { [ beta_ENER_nelec(j2,z) * DEcoalgasO(j2,z)**(-rho_ENER_nelec(j2,z))
1781          + (1 - beta_ENER_nelec(j2,z)) * DEoilpetrolO(j2,z)**(-rho_ENER_nelec(j2,z)) ] }**(-1 / rho_ENER_nelec(j2,z));
1782   
1783  * Level 2 (Elec / Non-Elec)
1784   rho_ENER_elec(j2,z) = (1 - sigma_ENER_elec(j2,z)) / sigma_ENER_elec(j2,z);
1785   beta_ENER_elec(j2,z)
1786      = PCEelecO(j2,z) * DEelecO(j2,z)**(rho_ENER_elec(j2,z) + 1) /
1787        { PCEelecO(j2,z) * DEelecO(j2,z)**(rho_ENER_elec(j2,z) + 1)
1788        + PCEnelecO(j2,z) * DEnelecO(j2,z)**(rho_ENER_elec(j2,z) + 1) };
1789   B_ENER_elec(j2,z)
1790      = CEO(j2,z) /
1791        { [ beta_ENER_elec(j2,z) * DEelecO(j2,z)**(-rho_ENER_elec(j2,z))
1792          + (1 - beta_ENER_elec(j2,z)) * DEnelecO(j2,z)**(-rho_ENER_elec(j2,z)) ] }**(-1 / rho_ENER_elec(j2,z));
1793   
1794  *==============================================================================
1795  * Value added
1796  *==============================================================================
1797   rho_VA(j,z) = (1 - sigma_VA(j,z)) / sigma_VA(j,z);
1798   beta_VA(j,z)$KDCO(j,z)
1799      = WCO(j,z) * LDCO(j,z)**(rho_VA(j,z) + 1) /
1800        { WCO(j,z) * LDCO(j,z)**(rho_VA(j,z) + 1)
1801        + RCO(j,z) * KDCO(j,z)**(rho_VA(j,z) + 1) };
1802   B_VA(j,z)$KDCO(j,z)
1803      = VAO(j,z) /
1804        { [ beta_VA(j,z) * LDCO(j,z)**(-rho_VA(j,z))
1805          + (1 - beta_VA(j,z)) * KDCO(j,z)**(-rho_VA(j,z)) ] }**(-1 / rho_VA(j,z));
1806   B_VA_t(j,z,time) = B_VA(j,z);
1807   
1808  *==============================================================================
1809  * Calibration of VAT nest for ALL Backstop Sectors (BS)
1810  *==============================================================================
1811  rho_VAT(BS, Z_GRN)   = (1 - sigma_VAT(BS, Z_GRN)) / sigma_VAT(BS, Z_GRN);
1812   beta_VAT(BS, Z_GRN)
1813      = ( PVAO(BS, Z_GRN) * VAO(BS, Z_GRN)**(1 + rho_VAT(BS, Z_GRN)) ) /
1814        ( PVAO(BS, Z_GRN) * VAO(BS, Z_GRN)**(1 + rho_VAT(BS, Z_GRN))
1815        + PTSFO(BS, Z_GRN) * TSFO(BS, Z_GRN)**(1 + rho_VAT(BS, Z_GRN)) );
1816   B_VAT(BS, Z_GRN)
1817      = VATO(BS, Z_GRN) /
1818        ( beta_VAT(BS, Z_GRN) * VAO(BS, Z_GRN)**(-rho_VAT(BS, Z_GRN))
1819        + (1 - beta_VAT(BS, Z_GRN)) * TSFO(BS, Z_GRN)**(-rho_VAT(BS, Z_GRN)) )**(-1 / rho_VAT(BS, Z_GRN));
1820   v_vat(BS, Z_GRN)     = VATO(BS, Z_GRN) / XSTO(BS, Z_GRN);
1821   
1822   B_VAT_t(BS, Z_GRN, time) = B_VAT(BS, Z_GRN);
1823   
1824  *==============================================================================
1825  * Composite KLE
1826  *==============================================================================
1827   rho_KLE(j,z) = (1 - sigma_KLE(j,z)) / sigma_KLE(j,z);
1828   beta_KLE(j,z)$KLEO(j,z)
1829      = PVAO(j,z) * VAO(j,z)**(rho_KLE(j,z) + 1) /
1830        { PVAO(j,z) * VAO(j,z)**(rho_KLE(j,z) + 1)
1831        + PCEO(j,z) * CEO(j,z)**(rho_KLE(j,z) + 1) };
1832   beta_KLE2(j,z)$KLEO(j,z)
1833      = 1 - beta_KLE(j,z);
1834   
1835   B_KLE(j,z)$KLEO(j,z)
1836      = KLEO(j,z) /
1837        { [ beta_KLE(j,z) * VAO(j,z)**(-rho_KLE(j,z))
1838          + beta_KLE2(j,z) * CEO(j,z)**(-rho_KLE(j,z)) ] }**(-1 / rho_KLE(j,z));
1839   
1840  *==============================================================================
1841  * Calibration of gross domestic products
1842  *==============================================================================
1843   GDP_BPO(z)     = SUM[j, PVAO(j,z) * VAO(j,z)] + SUM[BS, PTSFO(BS,z) * TSFO(BS,z)] + TIPTO(z);
1844   GDP_MPO(z)     = GDP_BPO(z) + TPRCTSO(z);
1845   
1846   GDP_IBO(z)
1847      = SUM[(j), WO(z) * LDO(j,z)]
1848      + SUM[(k,j), RO(k,j,z) * KDO(k,j,z)]
1849      + SUM[BS, PTSFO(BS,z) * TSFO(BS,z)]
1850      + TPRODNO(z)
1851      + TPRCTSO(z);
1852   GDP_FDO(z)
1853      = SUM[i, PCO(i,z) * (CO(i,z) + CGO(i,z) + INVO(i,z))]
1854      + eO(z) * SUM[(i,zj), PWXO(i,z,zj) * EXO(i,z,zj)]
1855      + eO(z) * SUM[i, PWMGO(i) * MRGNO(i,z)]
1856      - eO(z) * SUM[(i,zj), IMO(i,zj,z) * (PWMO(i,zj,z) + SUM{ij, PWMGO(ij) * tmrg(ij,i,zj,z)})];
1857   GDP_BP_WO      = SUM[z, GDP_BPO(z) / eO(z)];
1858   
1859  *==============================================================================
1860  * Calibration of real (volume) variables computed from price indices
1861  *==============================================================================
1862   CABXO(z)       = CABO(z) / [PIXGDP_WO * eO(z)];
1863   CABXsur(z,T1)  = CABXO(z)$[CABXO(z) gt 0];
1864   CABXdef(z,T1)  = CABXO(z)$[CABXO(z) lt 0];
1865   CABXsur(z,time)$[ord(time) gt 1] = CABXO(z) * (1 + g_GDP(z,time))$[CABXO(z) gt 0];
1866   CABXdef(z,time)$[ord(time) gt 1] = CABXO(z) * (1 + g_GDP(z,time))$[CABXO(z) lt 0];
1867   Bal(time)      = SUM(zj, CABXsur(zj,time)) + SUM(zj, CABXdef(zj,time));
1868   mu(time)       = SUM(zj, CABXsur(zj,time)) /
1869                    { SUM(zj, CABXsur(zj,time)) + SUM(zj, ABS(CABXdef(zj,time))) };
1870   CABXsur(z,time) = CABXsur(z,time) * { 1 - mu(time) * Bal(time) / SUM(zj, CABXsur(zj,time)) };
1871   CABXdef(z,time) = CABXdef(z,time) * { 1 - [1 - mu(time)] * Bal(time) / SUM(zj, CABXdef(zj,time)) };
1872   CABix(z,time)   = [ CABXsur(z,time) + CABXdef(z,time) ] / CABXO(z);
1873   
1874   CTH_REALO(z)   = CTHO(z) / PIXCONO(z);
1875   G_REALO(z)     = GO(z) / PIXGVTO(z);
1876   GDP_BP_REALO(z)= GDP_BPO(z) / PIXGDPO(z);
1877   GDP_BP_W_REALO = GDP_BP_WO / PIXGDP_WO;
1878   GDP_MP_REALO(z)= GDP_MPO(z) / PIXCONO(z);
1879   IT_REALO(z)    = ITO(z) / PIXINVO(z);
1880   sh1O(z)        = [SHO(z) + SGO(z)] / GDP_IBO(z);
1881   sh0O(z)        = SHO(z) - sh1O(z) * YDHO(z);
1882   sh0O(z)        = sh0O(z) / PIXCONO(z)**eta;
1883   ttdh0O(z)      = ttdh0O(z) / PIXCONO(z)**eta;
1884   OBJO           = 1;
1885   growthz(z)    = 0.02;
1886   
1887  *==============================================================================
1888  * Energy & CO2 emission
1889  *==============================================================================
INCLUDE    C:\Users\kimc0\GUIDE_GLOBAL_CGE\2.GUIDE-GLOBAL-CGE_v2\Input_CGE\DATA_WEB_2025.gms
1891  *==============================================================================
1892  * Extended Energy Balances (WEB) Mapping & Allocation
1893  *==============================================================================
1894   
1895  Set flow flow
1896  /
1897  f1_INDPROD, f2_IMPORTS, f3_EXPORTS, f4_BUNKERS_MARINE, f5_BUNKERS_AVIATION,
1898  f6_STCHANAT, f7_TES, f8_TRANSFERS, f9_STATDIFF, f10_TOTTRANF, f11_MAINELEC,
1899  f12_AUTOELEC, f13_MAINCHP, f14_AUTOCHP, f15_MAINHEAT, f16_AUTOHEAT, f17_THEAT,
1900  f18_TBOILER, f19_TELE, f20_TBLASTFUR, f21_TGASWKS, f22_TCOKEOVS, f23_TPATFUEL,
1901  f24_TBKB, f25_TREFINER, f26_TPETCHEM, f27_TCOALLIQ, f28_TGTL, f29_TBLENDGAS,
1902  f30_TCHARCOAL, f31_TNONSPEC, f32_TOTENGY, f33_EMINES, f34_EOILGASEX, f35_EBLASTFUR,
1903  f36_EGASWKS, f37_EBIOGAS, f38_ECOKEOVS, f39_EPATFUEL, f40_EBKB, f41_EREFINER,
1904  f42_ECOALLIQ, f43_ELNG, f44_EGTL, f45_EPOWERPLT, f46_EPUMPST, f47_ENUC,
1905  f48_ECHARCOAL, f49_ENONSPEC, f50_DISTLOSS, f51_TFC, f52_TOTIND, f53_MINING,
1906  f54_CONSTRUC, f55_MANUFACT, f56_IRONSTL, f57_CHEMICAL, f58_NONFERR, f59_NONMET,
1907  f60_TRANSEQ, f61_MACHINE, f62_FOODPRO, f63_PAPERPRO, f64_WOODPRO, f65_TEXTILES,
1908  f66_INONSPEC, f67_TOTTRANS, f68_WORLDAV, f69_DOMESAIR, f70_ROAD, f71_RAIL,
1909  f72_PIPELINE, f73_WORLDMAR, f74_DOMESNAV, f75_TRNONSPE, f76_RESIDENT, f77_COMMPUB,
1910  f78_AGRI_FOREST, f79_FISHING, f80_ONONSPEC, f81_NE_TOT, f82_NE_IND_TRANSF,
1911  f83_NE_IND, f84_NE_IRONSTL, f85_NE_CHEM, f86_NE_NONFERR, f87_NE_NONMET,
1912  f88_NE_TRANSEQ, f89_NE_MACHINE, f90_NE_MINING, f91_NE_FOODPRO, f92_NE_PAPERPRO,
1913  f93_NE_WOODPRO, f94_NE_CONSTRUC, f95_NE_TEXTILES, f96_NE_INONSPEC, f97_NE_TRANS,
1914  f98_NE_OTHER
1915  /
1916   
1917  product energy product
1918  /
1919  p1_HARDCOAL_ND, p2_BROWNCOAL_ND, p3_ANTHRACITE, p4_COKING_COAL, p5_OTH_BITCOAL,
1920  p6_SUB_BITCOAL, p7_LIGNITE, p8_PATENT_FUEL, p9_COKE_OVEN_COKE_OTH, p10_GAS_COKE,
1921  p11_COAL_TAR, p12_BKB, p13_GASWORKS_GAS, p14_COKE_OVEN_GAS, p15_BLAST_FURNACE_GAS,
1922  p16_OTH_RECOVGASES, p17_PEAT, p18_PEAT_PRODUCTS, p19_OIL_SHALE, p20_NATURAL_GAS,
1923  p21_OIL_PRIM_PRODUCTS_ND, p22_CRUDE_OIL, p23_NGL, p24_REFINERY_FEEDSTOCKS,
1924  p25_ADDITIVES, p26_HYDROCARBONS_OTHER, p27_REFINERY_GAS, p28_ETHANE, p29_LPG,
1925  p30_MOTOR_GASOLINE_NONBIO, p31_AVIATION_GASOLINE, p32_GASOLINE_JET,
1926  p33_KEROSENE_JET_NONBIO, p34_KEROSENE_OTHER, p35_GAS_DIESEL_OIL_NONBIO,
1927  p36_FUEL_OIL_RESIDUAL, p37_NAPHTHA, p38_WHITE_SPIRIT, p39_LUBRICANTS, p40_BITUMEN,
1928  p41_PARAFFIN_WAXES, p42_PETROLEUM_COKE, p43_OTH_SEC_OIL_PRODS_ND,
1929  p44_WASTE_INDUSTRIAL_NONREN, p45_WASTE_MUNICIPAL_REN, p46_WASTE_MUNICIPAL_NONREN,
1930  p47_PRIMARY_SOLID_BIOFUEL, p48_BIOGASES, p49_BIOGASOLINE, p50_BIODIESEL,
1931  p51_KEROSENE_JET_BIO, p52_LIQBIOFUEL_OTH, p53_BIOFUEL_NONSPEC, p54_CHARCOAL,
1932  p55_RENEWABLES_TOTAL, p56_MANUFACTURED_GAS_OUTPUT, p57_HEAT_COMBUSTIBLES_NS,
1933  p58_NUCLEAR, p59_HYDRO, p60_GEOTHERMAL, p61_SOLAR_PV, p62_SOLAR_THERMAL,
1934  p63_TIDE_WAVE_OCEAN, p64_WIND, p65_OTH_ENSOURC, p66_ELECTRICITY, p67_HEAT
1935  /
1936   
1937  *=========================== Products Mapping ===================================
1938  * [Primary Energy]
1939  p_coal(product) "02_COAL (Primary coal and peat)" /
1940    p1_HARDCOAL_ND, p2_BROWNCOAL_ND, p3_ANTHRACITE, p4_COKING_COAL,
1941    p5_OTH_BITCOAL, p6_SUB_BITCOAL, p7_LIGNITE, p17_PEAT, p18_PEAT_PRODUCTS, p19_OIL_SHALE /
1942   
1943  p_oil(product) "03_OIL (Crude oil and primary products)" /
1944    p21_OIL_PRIM_PRODUCTS_ND, p22_CRUDE_OIL, p23_NGL,
1945    p24_REFINERY_FEEDSTOCKS, p25_ADDITIVES, p26_HYDROCARBONS_OTHER /
1946   
1947  p_gas(product) "04_GAS (Natural gas)" /
1948    p20_NATURAL_GAS /
1949   
1950  * [Secondary Energy]
1951  p_oilproduct(product) "10_PETROLCOAL (Refined petroleum and coal products)" /
1952    p8_PATENT_FUEL, p9_COKE_OVEN_COKE_OTH, p10_GAS_COKE, p11_COAL_TAR, p12_BKB,
1953    p13_GASWORKS_GAS, p14_COKE_OVEN_GAS, p15_BLAST_FURNACE_GAS, p16_OTH_RECOVGASES,
1954    p56_MANUFACTURED_GAS_OUTPUT, p27_REFINERY_GAS, p28_ETHANE, p29_LPG,
1955    p30_MOTOR_GASOLINE_NONBIO, p31_AVIATION_GASOLINE, p32_GASOLINE_JET,
1956    p33_KEROSENE_JET_NONBIO, p34_KEROSENE_OTHER, p35_GAS_DIESEL_OIL_NONBIO,
1957    p36_FUEL_OIL_RESIDUAL, p37_NAPHTHA, p38_WHITE_SPIRIT, p39_LUBRICANTS, p40_BITUMEN,
1958    p41_PARAFFIN_WAXES, p42_PETROLEUM_COKE, p43_OTH_SEC_OIL_PRODS_ND /
1959   
1960  * [Other Energy & Utilities]
1961  p_waste(product) "Waste energy"
1962  / p44_WASTE_INDUSTRIAL_NONREN, p45_WASTE_MUNICIPAL_REN, p46_WASTE_MUNICIPAL_NONREN /
1963   
1964  p_bio(product) "Bio energy"
1965  / p47_PRIMARY_SOLID_BIOFUEL, p48_BIOGASES, p49_BIOGASOLINE, p50_BIODIESEL,
1966    p51_KEROSENE_JET_BIO, p52_LIQBIOFUEL_OTH, p53_BIOFUEL_NONSPEC /
1967   
1968  p_charcoal(product) "Charcoal" / p54_CHARCOAL /
1969   
1970  p_elecheat(product) "Electricity and Heat"
1971  / p66_ELECTRICITY, p67_HEAT, p57_HEAT_COMBUSTIBLES_NS /
1972   
1973  p_ren(product) "Renewable and Nuclear energy"
1974  / p55_RENEWABLES_TOTAL, p58_NUCLEAR, p59_HYDRO, p60_GEOTHERMAL,
1975    p61_SOLAR_PV, p62_SOLAR_THERMAL, p63_TIDE_WAVE_OCEAN, p64_WIND, p65_OTH_ENSOURC /
1976   
1977  p_irongas(product) "By-product gas from iron and steel"
1978  / p14_COKE_OVEN_GAS, p15_BLAST_FURNACE_GAS, p16_OTH_RECOVGASES /
1979   
1980  p_fuelcomb(product)
1981  /
1982  p1_HARDCOAL_ND, p2_BROWNCOAL_ND, p3_ANTHRACITE, p4_COKING_COAL, p5_OTH_BITCOAL,
1983  p6_SUB_BITCOAL, p7_LIGNITE, p8_PATENT_FUEL, p9_COKE_OVEN_COKE_OTH, p10_GAS_COKE,
1984  p11_COAL_TAR, p12_BKB, p13_GASWORKS_GAS, p14_COKE_OVEN_GAS, p15_BLAST_FURNACE_GAS,
1985  p16_OTH_RECOVGASES, p17_PEAT, p18_PEAT_PRODUCTS, p19_OIL_SHALE, p20_NATURAL_GAS,
1986  p21_OIL_PRIM_PRODUCTS_ND, p22_CRUDE_OIL, p23_NGL, p24_REFINERY_FEEDSTOCKS,
1987  p25_ADDITIVES, p26_HYDROCARBONS_OTHER, p27_REFINERY_GAS, p28_ETHANE, p29_LPG,
1988  p30_MOTOR_GASOLINE_NONBIO, p31_AVIATION_GASOLINE, p32_GASOLINE_JET,
1989  p33_KEROSENE_JET_NONBIO, p34_KEROSENE_OTHER, p35_GAS_DIESEL_OIL_NONBIO,
1990  p36_FUEL_OIL_RESIDUAL, p37_NAPHTHA, p38_WHITE_SPIRIT, p39_LUBRICANTS, p40_BITUMEN,
1991  p41_PARAFFIN_WAXES, p42_PETROLEUM_COKE, p43_OTH_SEC_OIL_PRODS_ND,
1992  p44_WASTE_INDUSTRIAL_NONREN, p45_WASTE_MUNICIPAL_REN, p46_WASTE_MUNICIPAL_NONREN,
1993  p47_PRIMARY_SOLID_BIOFUEL, p48_BIOGASES, p49_BIOGASOLINE, p50_BIODIESEL,
1994  p51_KEROSENE_JET_BIO, p52_LIQBIOFUEL_OTH, p53_BIOFUEL_NONSPEC, p54_CHARCOAL,
1995  p55_RENEWABLES_TOTAL, p56_MANUFACTURED_GAS_OUTPUT, p57_HEAT_COMBUSTIBLES_NS,
1996  p66_ELECTRICITY, p67_HEAT
1997  /
1998   
1999  *=========================== Flows Mapping ======================================
2000  * 1. Energy Demand Sectors
2001  f_agri(flow)       "01_AGRICULT" / f78_AGRI_FOREST, f79_FISHING /
2002  f_mining(flow)     "05_MINING" / f53_MINING /
2003  f_foodpro(flow)    "06_FOODPRO" / f62_FOODPRO /
2004  f_textiles(flow)   "07_TEXTILES" / f65_TEXTILES /
2005  f_woodpro(flow)    "08_WOODPRO" / f64_WOODPRO /
2006  f_paperpro(flow)   "09_PAPERPRO" / f63_PAPERPRO /
2007  f_chemical(flow)   "11_CHEMICAL" / f57_CHEMICAL, f26_TPETCHEM /
2008  f_nonmet(flow)     "12_NONMET" / f59_NONMET /
2009  f_nonferr(flow)    "14_NONFERR" / f58_NONFERR /
2010  f_machine(flow)    "15_MACHINE" / f61_MACHINE /
2011  f_transeq(flow)    "16_TRANSEQ" / f60_TRANSEQ /
2012  f_otherind(flow)   "17_OTHERIND" / f66_INONSPEC, f31_TNONSPEC, f49_ENONSPEC /
2013  f_construc(flow)   "27_CONSTRUC" / f54_CONSTRUC /
2014  f_roadrail(flow)   "28_LTRP" / f70_ROAD, f71_RAIL, f72_PIPELINE, f75_TRNONSPE /
2015  f_domewater(flow)  "29_WTRP" / f74_DOMESNAV /
2016  f_domeair(flow)    "30_ATRP" / f69_DOMESAIR /
2017  f_ser(flow)        "31_SER" / f77_COMMPUB, f80_ONONSPEC /
2018   
2019  * 2. Energy Transformation and Own Use
2020  f_coa(flow)        "02_COAL (Own use in coal mines)" / f33_EMINES /
2021  f_oil(flow)        "03_OIL (Own use in oil and gas extraction)" / f34_EOILGASEX /
2022  f_gas(flow)        "04_GAS (Gas works and own use)" / f36_EGASWKS, f43_ELNG, f21_TGASWKS, f29_TBLENDGAS /
2023  f_petrolcoal(flow) "10_PETROLCOAL (Refineries and coal transformation)" / f23_TPATFUEL, f24_TBKB, f25_TREFINER, f27_TCOALLIQ, f28_TGTL, f30_TCHARCOAL, f39_EPATFUEL, f40_EBKB, f41_EREFINER, f42_ECOALLIQ, f44_EGTL, f48_ECHARCOAL /
2024   
2025  * 13_IRONSTL (Complex mapping for iron and steel)
2026  f_ironstl(flow)    "13_IRONSTL (Final consumption)" / f56_IRONSTL /
2027  f_cokeoven(flow)   "13_IRONSTL (Coke oven transformation)" / f22_TCOKEOVS, f38_ECOKEOVS /
2028  f_blastfur(flow)   "13_IRONSTL (Blast furnace transformation)" / f20_TBLASTFUR /
2029  f_Eblastcoke(flow) "13_IRONSTL (Blast furnace own use)" / f35_EBLASTFUR /
2030   
2031  * 3. Power, Heat, and T&D
2032  f_elec(flow)       "19~26 Power generation sectors" / f11_MAINELEC, f12_AUTOELEC, f13_MAINCHP, f14_AUTOCHP, f15_MAINHEAT, f16_AUTOHEAT, f17_THEAT, f18_TBOILER, f19_TELE, f45_EPOWERPLT, f47_ENUC /
2033  f_tnd(flow)        "18_TnD (Transmission and distribution)" / f50_DISTLOSS, f46_EPUMPST /
2034   
2035  * 4. Household and Bunkers
2036  f_household(flow)       "Household consumption" / f76_RESIDENT /
2037  f_marine_bunker(flow)   "Marine bunkers" / f4_BUNKERS_MARINE, f73_WORLDMAR /
2038  f_aviation_bunker(flow) "Aviation bunkers" / f5_BUNKERS_AVIATION, f68_WORLDAV /
2039   
2040  * 5. Non-Energy (NE) Sectors
2041  f_nemining(flow)    "05_MINING (NE)" / f90_NE_MINING /
2042  f_nefoodpro(flow)   "06_FOODPRO (NE)" / f91_NE_FOODPRO /
2043  f_netextiles(flow)  "07_TEXTILES (NE)" / f95_NE_TEXTILES /
2044  f_newoodpro(flow)   "08_WOODPRO (NE)" / f93_NE_WOODPRO /
2045  f_nepaperpro(flow)  "09_PAPERPRO (NE)" / f92_NE_PAPERPRO /
2046  f_nechemical(flow)  "11_CHEMICAL (NE)" / f85_NE_CHEM /
2047  f_nenonmet(flow)    "12_NONMET (NE)" / f87_NE_NONMET /
2048  f_neironstl(flow)   "13_IRONSTL (NE)" / f84_NE_IRONSTL /
2049  f_nenonferr(flow)   "14_NONFERR (NE)" / f86_NE_NONFERR /
2050  f_nemachine(flow)   "15_MACHINE (NE)" / f89_NE_MACHINE /
2051  f_netranseq(flow)   "16_TRANSEQ (NE)" / f88_NE_TRANSEQ /
2052  f_neotherind(flow)  "17_OTHERIND (NE)" / f96_NE_INONSPEC /
2053  f_neconstruc(flow)  "27_CONSTRUC (NE)" / f94_NE_CONSTRUC /
2054  f_netransport(flow) "28~30_TRP (NE)" / f97_NE_TRANS /
2055  f_neother(flow)     "31_SER (NE)" / f98_NE_OTHER /
2056   
2057  f_TES(flow)         "Total energy supply" / f7_TES /
2058   
2059  *=========================== Emission Factor Types ==============================
2060  type / CO2EF, Stored_rate, CH4EF_Energy, N2OEF_Energy, CH4EF_Industry,
2061         N2OEF_Industry, CH4EF_LTRP, N2OEF_LTRP, CH4EF_ATRP, N2OEF_ATRP,
2062         CH4EF_WTRP, N2OEF_WTRP, CH4EF_Other, N2OEF_Other / ;
2063   
2064  Alias(p_coal, p_coal2);
2065  Alias(p_gas, p_gas2);
2066  Alias(p_oil, p_oil2);
2067  Alias(p_oilproduct, p_oilproduct2);
2068  Alias(p_elecheat, p_elecheat2);
2069  Alias(p_waste, p_waste2);
2070  Alias(p_bio, p_bio2);
2071  Alias(p_charcoal, p_charcoal2);
2072  Alias(p_ren, p_ren2);
2073   
2074  * Unit: 2019 ktoe
2075  Parameter
2076  WEB_KOR(flow,product), WEB_CHN(flow,product), WEB_JPN(flow,product),
2077  WEB_RUS(flow,product), WEB_MNG(flow,product), WEB_PRK(flow,product),
2078  WEB_NAM(flow,product), WEB_LAM(flow,product), WEB_WEU(flow,product),
2079  WEB_EEU(flow,product), WEB_CAS(flow,product), WEB_MEA(flow,product),
2080  WEB_AFR(flow,product), WEB_CLV(flow,product), WEB_SAS(flow,product),
2081  WEB_APC(flow,product), WEB_ANZ(flow,product),
2082  GHGsEF(product,type) "kgC per TJ" ;
2083   
2104   
GDXIN   C:\Users\kimc0\GUIDE_GLOBAL_CGE\2.GUIDE-GLOBAL-CGE_v2\Input_CGE\WEB19.gdx
--- LOAD  WEB_KOR = 1:WEB_KOR
--- LOAD  WEB_CHN = 2:WEB_CHN
--- LOAD  WEB_JPN = 3:WEB_JPN
--- LOAD  WEB_RUS = 4:WEB_RUS
--- LOAD  WEB_MNG = 5:WEB_MNG
--- LOAD  WEB_PRK = 6:WEB_PRK
--- LOAD  WEB_NAM = 7:WEB_NAM
--- LOAD  WEB_LAM = 8:WEB_LAM
--- LOAD  WEB_WEU = 9:WEB_WEU
--- LOAD  WEB_EEU = 10:WEB_EEU
--- LOAD  WEB_CAS = 11:WEB_CAS
--- LOAD  WEB_MEA = 12:WEB_MEA
--- LOAD  WEB_AFR = 13:WEB_AFR
--- LOAD  WEB_CLV = 14:WEB_CLV
--- LOAD  WEB_SAS = 15:WEB_SAS
--- LOAD  WEB_APC = 16:WEB_APC
--- LOAD  WEB_ANZ = 17:WEB_ANZ
--- LOAD  GHGsEF = 18:GHGsEF
2108   
2109  Parameter WEB(flow,product,z);
2110  WEB(flow,product,'01_KOR') = WEB_KOR(flow,product);
2111  WEB(flow,product,'02_CHN') = WEB_CHN(flow,product);
2112  WEB(flow,product,'03_JPN') = WEB_JPN(flow,product);
2113  WEB(flow,product,'04_RUS') = WEB_RUS(flow,product);
2114  WEB(flow,product,'05_MNG') = WEB_MNG(flow,product);
2115  WEB(flow,product,'06_PRK') = WEB_PRK(flow,product);
2116  WEB(flow,product,'07_NAM') = WEB_NAM(flow,product);
2117  WEB(flow,product,'08_LAM') = WEB_LAM(flow,product);
2118  WEB(flow,product,'09_WEU') = WEB_WEU(flow,product);
2119  WEB(flow,product,'10_EEU') = WEB_EEU(flow,product);
2120  WEB(flow,product,'11_CAS') = WEB_CAS(flow,product);
2121  WEB(flow,product,'12_MEA') = WEB_MEA(flow,product);
2122  WEB(flow,product,'13_AFR') = WEB_AFR(flow,product);
2123  WEB(flow,product,'14_CLV') = WEB_CLV(flow,product);
2124  WEB(flow,product,'15_SAS') = WEB_SAS(flow,product);
2125  WEB(flow,product,'16_APC') = WEB_APC(flow,product);
2126  WEB(flow,product,'17_ANZ') = WEB_ANZ(flow,product);
2127   
2128  execute_unload 'Input_CGE/WEB_2019.gdx', WEB, GHGsEF;
2129   
2130  Parameter
2131  * Intermediate & Final Consumptions
2132   Coal_DIO(p_coal,j,z), Coal_CO(p_coal,z), CoalR_DIO(p_coal,j,z), CoalR_CO(p_coal,z)
2133   Gas_DIO(p_gas,j,z), Gas_CO(p_gas,z), GasR_DIO(p_gas,j,z), GasR_CO(p_gas,z)
2134   Oil_DIO(p_oil,j,z), Oil_CO(p_oil,z), OilR_DIO(p_oil,j,z)
2135   Oilp_DIO(p_oilproduct,j,z), Oilp_CO(p_oilproduct,z), OilpR_DIO(p_oilproduct,j,z), OilpR_CO(p_oilproduct,z)
2136   
2137  * Non-Energy Consumptions
2138   NCoal_DIO(p_coal,j,z), NCoalR_DIO(p_coal,j,z)
2139   NGas_DIO(p_gas,j,z), NGasR_DIO(p_gas,j,z)
2140   NOil_DIO(p_oil,j,z), NOilR_DIO(p_oil,j,z)
2141   NOilp_DIO(p_oilproduct,j,z), NOilpR_DIO(p_oilproduct,j,z)
2142   
2143  * Physical Energy Reporting & Other Sources
2144   Waste_DIO(p_waste,j,z), Waste_CO(p_waste,z), WasteR_DIO(p_waste,j,z), WasteR_CO(p_waste,z)
2145   Bio_DIO(p_bio,j,z), Bio_CO(p_bio,z), BioR_DIO(p_bio,j,z), BioR_CO(p_bio,z)
2146   Elec_DIO(p_elecheat,j,z), Elec_CO(p_elecheat,z), ElecR_DIO(p_elecheat,j,z), ElecR_CO(p_elecheat,z)
2147   Charcoal_DIO(p_charcoal,j,z), Charcoal_CO(p_charcoal,z), CharcoalR_DIO(p_charcoal,j,z), CharcoalR_CO(p_charcoal,z)
2148   Ren_DIO(p_ren,j,z), Ren_CO(p_ren,z), RenR_DIO(p_ren,j,z), RenR_CO(p_ren,z)
2149   
2150  * Bunkers
2151   Coal_Marine(p_coal,z), Coal_Aviation(p_coal,z)
2152   Gas_Marine(p_gas,z), Gas_Aviation(p_gas,z)
2153   Oil_Marine(p_oil,z), Oil_Aviation(p_oil,z)
2154   Oilp_Marine(p_oilproduct,z), Oilp_Aviation(p_oilproduct,z)
2155   Bio_Marine(p_bio,z), Bio_Aviation(p_bio,z)
2156   
2157  * Totals
2158   Coal_Total(p_coal,z), Gas_Total(p_gas,z), Oil_Total(p_oil,z), Oilp_Total(p_oilproduct,z)
2159   Waste_Total(p_waste,z), Bio_Total(p_bio,z), Charcoal_Total(p_charcoal,z)
2160   ELec_Total(p_elecheat,z), Ren_Total(p_ren,z)
2161   NCoal_Total(p_coal,z), NGas_Total(p_gas,z), NOilp_Total(p_oilproduct,z)
2162   
2163  * Primary Energy Supply
2164   TES_Coal(p_coal,z), TES_Gas(p_gas,z), TES_Oil(p_oil,z), TES_Oilproduct(p_oilproduct,z)
2165  ;
2166   
2167  Parameter Gas_Prod_Iron(product, z) "By-product gas production in the iron and steel sector (ktoe)";
2168  Parameter Coke_Prod_Iron(product, z) "Coke production in the iron and steel sector (ktoe)";
2169   
2170  Gas_Prod_Iron(p_irongas, z) =
2171        sum(f_cokeoven, WEB(f_cokeoven, p_irongas, z)$(WEB(f_cokeoven, p_irongas, z) > 0))
2172      + sum(f_blastfur, WEB(f_blastfur, p_irongas, z)$(WEB(f_blastfur, p_irongas, z) > 0)) ;
2173   
2174  Coke_Prod_Iron(p_oilproduct, z) =
2175        sum(f_cokeoven, WEB(f_cokeoven, p_oilproduct, z)$(WEB(f_cokeoven, p_oilproduct, z) > 0));
2176   
2177  *==============================================================================
2178  * Data Allocation (Zero assignments are omitted as GAMS defaults parameters to 0)
2179  *==============================================================================
2180   
2181  * ------------------- COAL -------------------
2182   Coal_DIO(p_coal,'01_AGRICULT',z) = sum((f_agri), WEB(f_agri, p_coal, z));
2183   Coal_DIO(p_coal,'02_COAL',z)     = -1*sum((f_coa), WEB(f_coa, p_coal, z));
2184   Coal_DIO(p_coal,'03_OIL',z)      = -1*sum((f_oil), WEB(f_oil, p_coal, z));
2185   Coal_DIO(p_coal,'04_GAS',z)      = -1*sum((f_gas), WEB(f_gas, p_coal, z));
2186   Coal_DIO(p_coal,'05_MINING',z)   = sum((f_mining), WEB(f_mining, p_coal, z));
2187   Coal_DIO(p_coal,'06_FOODPRO',z)  = sum((f_foodpro), WEB(f_foodpro, p_coal, z));
2188   Coal_DIO(p_coal,'07_TEXTILES',z) = sum((f_textiles), WEB(f_textiles, p_coal, z));
2189   Coal_DIO(p_coal,'08_WOODPRO',z)  = sum((f_woodpro), WEB(f_woodpro, p_coal, z));
2190   Coal_DIO(p_coal,'09_PAPERPRO',z) = sum((f_paperpro), WEB(f_paperpro, p_coal, z));
2191   Coal_DIO(p_coal,'10_PETROLCOAL',z) = -1*sum((f_petrolcoal), WEB(f_petrolcoal, p_coal, z)$(WEB(f_petrolcoal, p_coal, z) < 0));
2192   Coal_DIO(p_coal,'11_CHEMICAL',z) = sum((f_chemical), WEB(f_chemical, p_coal, z));
2193   Coal_DIO(p_coal,'12_NONMET',z)   = sum((f_nonmet), WEB(f_nonmet, p_coal, z));
2194   Coal_DIO(p_coal,'13_IRONSTL',z)
2195      = sum(f_ironstl, WEB(f_ironstl, p_coal, z)$(WEB(f_ironstl, p_coal, z) > 0))
2196      - 1 * sum(f_cokeoven, WEB(f_cokeoven, p_coal, z)$(WEB(f_cokeoven, p_coal, z) < 0))
2197      - 1 * sum(f_blastfur, WEB(f_blastfur, p_coal, z)$(WEB(f_blastfur, p_coal, z) < 0))
2198      - 1 * sum(f_Eblastcoke, WEB(f_Eblastcoke, p_coal, z)$(WEB(f_Eblastcoke, p_coal, z) < 0));
2199   Coal_DIO(p_coal,'14_NONFERR',z)  = sum((f_nonferr), WEB(f_nonferr, p_coal, z));
2200   Coal_DIO(p_coal,'15_MACHINE',z)  = sum((f_machine), WEB(f_machine, p_coal, z));
2201   Coal_DIO(p_coal,'16_TRANSEQ',z)  = sum((f_transeq), WEB(f_transeq, p_coal, z));
2202   Coal_DIO(p_coal,'17_OTHERIND',z)
2203      = sum((f_otherind), WEB(f_otherind, p_coal, z)$(WEB(f_otherind, p_coal, z) > 0))
2204      - 1 * sum((f_otherind), WEB(f_otherind, p_coal, z)$(WEB(f_otherind, p_coal, z) < 0));
2205   Coal_DIO(p_coal,'20_eCoal',z)    = -1*sum((f_elec), WEB(f_elec, p_coal, z)$(WEB(f_elec, p_coal, z) < 0));
2206   Coal_DIO(p_coal,'27_CONSTRUC',z) = sum((f_construc), WEB(f_construc, p_coal, z));
2207   Coal_DIO(p_coal,'28_LTRP',z)     = sum((f_roadrail), WEB(f_roadrail, p_coal, z));
2208   Coal_DIO(p_coal,'29_WTRP',z)     = sum((f_domewater), WEB(f_domewater, p_coal, z));
2209   Coal_DIO(p_coal,'30_ATRP',z)     = sum((f_domeair), WEB(f_domeair, p_coal, z));
2210   Coal_DIO(p_coal,'31_SER',z)      = sum((f_ser), WEB(f_ser, p_coal, z));
2211   Coal_CO(p_coal,z)                = sum((f_household), WEB(f_household, p_coal, z));
2212   Coal_Marine(p_coal,z)            = -1*sum((f_marine_bunker), WEB(f_marine_bunker, p_coal, z));
2213   Coal_Aviation(p_coal,z)          = -1*sum((f_aviation_bunker), WEB(f_aviation_bunker, p_coal, z));
2214   
2215  * ------------------- GAS -------------------
2216   Gas_DIO(p_gas,'01_AGRICULT',z) = sum((f_agri), WEB(f_agri, p_gas, z));
2217   Gas_DIO(p_gas,'02_COAL',z)     = -1 * sum((f_coa), WEB(f_coa, p_gas, z)$(WEB(f_coa, p_gas, z) < 0));
2218   Gas_DIO(p_gas,'04_GAS',z)      = -1 * sum((f_gas), WEB(f_gas, p_gas, z)$(WEB(f_gas, p_gas, z) < 0));
2219   Gas_DIO(p_gas,'05_MINING',z)   = sum((f_mining), WEB(f_mining, p_gas, z));
2220   Gas_DIO(p_gas,'06_FOODPRO',z)  = sum((f_foodpro), WEB(f_foodpro, p_gas, z));
2221   Gas_DIO(p_gas,'07_TEXTILES',z) = sum((f_textiles), WEB(f_textiles, p_gas, z));
2222   Gas_DIO(p_gas,'08_WOODPRO',z)  = sum((f_woodpro), WEB(f_woodpro, p_gas, z));
2223   Gas_DIO(p_gas,'09_PAPERPRO',z) = sum((f_paperpro), WEB(f_paperpro, p_gas, z));
2224   Gas_DIO(p_gas,'10_PETROLCOAL',z) = -1 * sum((f_petrolcoal), WEB(f_petrolcoal, p_gas, z)$(WEB(f_petrolcoal, p_gas, z) < 0));
2225   Gas_DIO(p_gas,'11_CHEMICAL',z) = sum((f_chemical), WEB(f_chemical, p_gas, z));
2226   Gas_DIO(p_gas,'12_NONMET',z)   = sum((f_nonmet), WEB(f_nonmet, p_gas, z));
2227   Gas_DIO(p_gas,'13_IRONSTL',z)  = sum((f_ironstl), WEB(f_ironstl, p_gas, z));
2228   Gas_DIO(p_gas,'14_NONFERR',z)  = sum((f_nonferr), WEB(f_nonferr, p_gas, z));
2229   Gas_DIO(p_gas,'15_MACHINE',z)  = sum((f_machine), WEB(f_machine, p_gas, z));
2230   Gas_DIO(p_gas,'16_TRANSEQ',z)  = sum((f_transeq), WEB(f_transeq, p_gas, z));
2231   Gas_DIO(p_gas,'17_OTHERIND',z)
2232      = sum((f_otherind), WEB(f_otherind, p_gas, z)$(WEB(f_otherind, p_gas, z) > 0))
2233      - 1 * sum((f_otherind), WEB(f_otherind, p_gas, z)$(WEB(f_otherind, p_gas, z) < 0));
2234   Gas_DIO(p_gas,'21_eGas',z)     = -1 * sum((f_elec), WEB(f_elec, p_gas, z)$(WEB(f_elec, p_gas, z) < 0));
2235   Gas_DIO(p_gas,'27_CONSTRUC',z) = sum((f_construc), WEB(f_construc, p_gas, z));
2236   Gas_DIO(p_gas,'28_LTRP',z)     = sum((f_roadrail), WEB(f_roadrail, p_gas, z));
2237   Gas_DIO(p_gas,'29_WTRP',z)     = sum((f_domewater), WEB(f_domewater, p_gas, z));
2238   Gas_DIO(p_gas,'30_ATRP',z)     = sum((f_domeair), WEB(f_domeair, p_gas, z));
2239   Gas_DIO(p_gas,'31_SER',z)      = sum((f_ser), WEB(f_ser, p_gas, z));
2240   Gas_CO(p_gas,z)                = sum((f_household), WEB(f_household, p_gas, z));
2241   Gas_Marine(p_gas,z)            = -1*sum((f_marine_bunker), WEB(f_marine_bunker, p_gas, z));
2242   Gas_Aviation(p_gas,z)          = -1*sum((f_aviation_bunker), WEB(f_aviation_bunker, p_gas, z));
2243   
2244  * ------------------- OIL -------------------
2245   Oil_DIO(p_oil,'01_AGRICULT',z) = sum((f_agri), WEB(f_agri, p_oil, z));
2246   Oil_DIO(p_oil,'02_COAL',z)     = -1 * sum((f_coa), WEB(f_coa, p_oil, z)$(WEB(f_coa, p_oil, z) < 0));
2247   Oil_DIO(p_oil,'03_OIL',z)      = -1 * sum((f_oil), WEB(f_oil, p_oil, z)$(WEB(f_oil, p_oil, z) < 0));
2248   Oil_DIO(p_oil,'05_MINING',z)   = sum((f_mining), WEB(f_mining, p_oil, z));
2249   Oil_DIO(p_oil,'06_FOODPRO',z)  = sum((f_foodpro), WEB(f_foodpro, p_oil, z));
2250   Oil_DIO(p_oil,'07_TEXTILES',z) = sum((f_textiles), WEB(f_textiles, p_oil, z));
2251   Oil_DIO(p_oil,'08_WOODPRO',z)  = sum((f_woodpro), WEB(f_woodpro, p_oil, z));
2252   Oil_DIO(p_oil,'09_PAPERPRO',z) = sum((f_paperpro), WEB(f_paperpro, p_oil, z));
2253   Oil_DIO(p_oil,'10_PETROLCOAL',z) = -1 * sum((f_petrolcoal), WEB(f_petrolcoal, p_oil, z)$(WEB(f_petrolcoal, p_oil, z) < 0));
2254   Oil_DIO(p_oil,'11_CHEMICAL',z) = sum((f_chemical), WEB(f_chemical, p_oil, z));
2255   Oil_DIO(p_oil,'12_NONMET',z)   = sum((f_nonmet), WEB(f_nonmet, p_oil, z));
2256   Oil_DIO(p_oil,'13_IRONSTL',z)  = sum((f_ironstl), WEB(f_ironstl, p_oil, z));
2257   Oil_DIO(p_oil,'14_NONFERR',z)  = sum((f_nonferr), WEB(f_nonferr, p_oil, z));
2258   Oil_DIO(p_oil,'15_MACHINE',z)  = sum((f_machine), WEB(f_machine, p_oil, z));
2259   Oil_DIO(p_oil,'16_TRANSEQ',z)  = sum((f_transeq), WEB(f_transeq, p_oil, z));
2260   Oil_DIO(p_oil,'17_OTHERIND',z)
2261      = sum((f_otherind), WEB(f_otherind, p_oil, z)$(WEB(f_otherind, p_oil, z) > 0))
2262      - 1 * sum((f_otherind), WEB(f_otherind, p_oil, z)$(WEB(f_otherind, p_oil, z) < 0));
2263   Oil_DIO(p_oil,'22_eOil',z)     = -1 * sum((f_elec), WEB(f_elec, p_oil, z)$(WEB(f_elec, p_oil, z) < 0));
2264   Oil_DIO(p_oil,'27_CONSTRUC',z) = sum((f_construc), WEB(f_construc, p_oil, z));
2265   Oil_DIO(p_oil,'28_LTRP',z)     = sum((f_roadrail), WEB(f_roadrail, p_oil, z));
2266   Oil_DIO(p_oil,'29_WTRP',z)     = sum((f_domewater), WEB(f_domewater, p_oil, z));
2267   Oil_DIO(p_oil,'30_ATRP',z)     = sum((f_domeair), WEB(f_domeair, p_oil, z));
2268   Oil_DIO(p_oil,'31_SER',z)      = sum((f_ser), WEB(f_ser, p_oil, z));
2269   Oil_CO(p_oil,z)                = sum((f_household), WEB(f_household, p_oil, z));
2270   Oil_Marine(p_oil,z)            = -1*sum((f_marine_bunker), WEB(f_marine_bunker, p_oil, z));
2271   Oil_Aviation(p_oil,z)          = -1*sum((f_aviation_bunker), WEB(f_aviation_bunker, p_oil, z));
2272   
2273  * ------------------- OIL PRODUCTS -------------------
2274   Oilp_DIO(p_oilproduct,'01_AGRICULT',z) = sum((f_agri), WEB(f_agri, p_oilproduct, z));
2275   Oilp_DIO(p_oilproduct,'02_COAL',z)     = -1 * sum((f_coa), WEB(f_coa, p_oilproduct, z)$(WEB(f_coa, p_oilproduct, z) < 0));
2276   Oilp_DIO(p_oilproduct,'03_OIL',z)      = -1 * sum((f_oil), WEB(f_oil, p_oilproduct, z)$(WEB(f_oil, p_oilproduct, z) < 0));
2277   Oilp_DIO(p_oilproduct,'05_MINING',z)   = sum((f_mining), WEB(f_mining, p_oilproduct, z));
2278   Oilp_DIO(p_oilproduct,'06_FOODPRO',z)  = sum((f_foodpro), WEB(f_foodpro, p_oilproduct, z));
2279   Oilp_DIO(p_oilproduct,'07_TEXTILES',z) = sum((f_textiles), WEB(f_textiles, p_oilproduct, z));
2280   Oilp_DIO(p_oilproduct,'08_WOODPRO',z)  = sum((f_woodpro), WEB(f_woodpro, p_oilproduct, z));
2281   Oilp_DIO(p_oilproduct,'09_PAPERPRO',z) = sum((f_paperpro), WEB(f_paperpro, p_oilproduct, z));
2282   Oilp_DIO(p_oilproduct,'10_PETROLCOAL',z) = -1 * sum((f_petrolcoal), WEB(f_petrolcoal, p_oilproduct, z)$(WEB(f_petrolcoal, p_oilproduct, z) < 0));
2283   Oilp_DIO(p_oilproduct,'11_CHEMICAL',z)
2284      = sum((f_chemical), WEB(f_chemical, p_oilproduct, z)$(WEB(f_chemical, p_oilproduct, z) > 0))
2285      - 1 * sum((f_chemical), WEB(f_chemical, p_oilproduct, z)$(WEB(f_chemical, p_oilproduct, z) < 0));
2286   Oilp_DIO(p_oilproduct,'12_NONMET',z)   = sum((f_nonmet), WEB(f_nonmet, p_oilproduct, z));
2287   Oilp_DIO(p_oilproduct,'13_IRONSTL',z)
2288      = sum((f_ironstl), WEB(f_ironstl, p_oilproduct, z)$(WEB(f_ironstl, p_oilproduct, z) > 0))
2289      - 1 * sum(f_cokeoven, WEB(f_cokeoven, p_oilproduct, z)$(WEB(f_cokeoven, p_oilproduct, z) < 0))
2290      - 1 * sum(f_blastfur, WEB(f_blastfur, p_oilproduct, z)$(WEB(f_blastfur, p_oilproduct, z) < 0))
2291      - 1 * sum(f_Eblastcoke, WEB(f_Eblastcoke, p_oilproduct, z)$(WEB(f_Eblastcoke, p_oilproduct, z) < 0));
2292   Oilp_DIO(p_oilproduct,'14_NONFERR',z)  = sum((f_nonferr), WEB(f_nonferr, p_oilproduct, z));
2293   Oilp_DIO(p_oilproduct,'15_MACHINE',z)  = sum((f_machine), WEB(f_machine, p_oilproduct, z));
2294   Oilp_DIO(p_oilproduct,'16_TRANSEQ',z)  = sum((f_transeq), WEB(f_transeq, p_oilproduct, z));
2295   Oilp_DIO(p_oilproduct,'17_OTHERIND',z)
2296      = sum((f_otherind), WEB(f_otherind, p_oilproduct, z)$(WEB(f_otherind, p_oilproduct, z) > 0))
2297      - 1 * sum((f_otherind), WEB(f_otherind, p_oilproduct, z)$(WEB(f_otherind, p_oilproduct, z) < 0));
2298   Oilp_DIO(p_oilproduct,'22_eOil',z)     = -1 * sum((f_elec), WEB(f_elec, p_oilproduct, z)$(WEB(f_elec, p_oilproduct, z) < 0));
2299   Oilp_DIO(p_oilproduct,'27_CONSTRUC',z) = sum((f_construc), WEB(f_construc, p_oilproduct, z));
2300   Oilp_DIO(p_oilproduct,'28_LTRP',z)     = sum((f_roadrail), WEB(f_roadrail, p_oilproduct, z));
2301   Oilp_DIO(p_oilproduct,'29_WTRP',z)     = sum((f_domewater), WEB(f_domewater, p_oilproduct, z));
2302   Oilp_DIO(p_oilproduct,'30_ATRP',z)     = sum((f_domeair), WEB(f_domeair, p_oilproduct, z));
2303   Oilp_DIO(p_oilproduct,'31_SER',z)      = sum((f_ser), WEB(f_ser, p_oilproduct, z));
2304   Oilp_CO(p_oilproduct,z)                = sum((f_household), WEB(f_household, p_oilproduct, z));
2305   Oilp_Marine(p_oilproduct,z)            = -1*sum((f_marine_bunker), WEB(f_marine_bunker, p_oilproduct, z));
2306   Oilp_Aviation(p_oilproduct,z)          = -1*sum((f_aviation_bunker), WEB(f_aviation_bunker, p_oilproduct, z));
2307   
2308  * ------------------- NON-ENERGY CONSUMPTION -------------------
2309  * Only assign non-zero flows
2310   NCoal_DIO(p_coal,'05_MINING',z)     = sum(f_nemining, WEB(f_nemining, p_coal, z));
2311   NCoal_DIO(p_coal,'06_FOODPRO',z)    = sum(f_nefoodpro, WEB(f_nefoodpro, p_coal, z));
2312   NCoal_DIO(p_coal,'07_TEXTILES',z)   = sum(f_netextiles, WEB(f_netextiles, p_coal, z));
2313   NCoal_DIO(p_coal,'08_WOODPRO',z)    = sum(f_newoodpro, WEB(f_newoodpro, p_coal, z));
2314   NCoal_DIO(p_coal,'09_PAPERPRO',z)   = sum(f_nepaperpro, WEB(f_nepaperpro, p_coal, z));
2315   NCoal_DIO(p_coal,'11_CHEMICAL',z)   = sum(f_nechemical, WEB(f_nechemical, p_coal, z));
2316   NCoal_DIO(p_coal,'12_NONMET',z)     = sum(f_nenonmet, WEB(f_nenonmet, p_coal, z));
2317   NCoal_DIO(p_coal,'13_IRONSTL',z)    = sum(f_neironstl, WEB(f_neironstl, p_coal, z));
2318   NCoal_DIO(p_coal,'14_NONFERR',z)    = sum(f_nenonferr, WEB(f_nenonferr, p_coal, z));
2319   NCoal_DIO(p_coal,'15_MACHINE',z)    = sum(f_nemachine, WEB(f_nemachine, p_coal, z));
2320   NCoal_DIO(p_coal,'16_TRANSEQ',z)    = sum(f_netranseq, WEB(f_netranseq, p_coal, z));
2321   NCoal_DIO(p_coal,'17_OTHERIND',z)   = sum(f_neotherind, WEB(f_neotherind, p_coal, z));
2322   NCoal_DIO(p_coal,'27_CONSTRUC',z)   = sum(f_neconstruc, WEB(f_neconstruc, p_coal, z));
2323   NCoal_DIO(p_coal,'28_LTRP',z)       = sum(f_netransport, WEB(f_netransport, p_coal, z));
2324   NCoal_DIO(p_coal,'31_SER',z)        = sum(f_neother, WEB(f_neother, p_coal, z));
2325   
2326   NGas_DIO(p_gas,'05_MINING',z)     = sum(f_nemining, WEB(f_nemining, p_gas, z));
2327   NGas_DIO(p_gas,'06_FOODPRO',z)    = sum(f_nefoodpro, WEB(f_nefoodpro, p_gas, z));
2328   NGas_DIO(p_gas,'07_TEXTILES',z)   = sum(f_netextiles, WEB(f_netextiles, p_gas, z));
2329   NGas_DIO(p_gas,'08_WOODPRO',z)    = sum(f_newoodpro, WEB(f_newoodpro, p_gas, z));
2330   NGas_DIO(p_gas,'09_PAPERPRO',z)   = sum(f_nepaperpro, WEB(f_nepaperpro, p_gas, z));
2331   NGas_DIO(p_gas,'11_CHEMICAL',z)   = sum(f_nechemical, WEB(f_nechemical, p_gas, z));
2332   NGas_DIO(p_gas,'12_NONMET',z)     = sum(f_nenonmet, WEB(f_nenonmet, p_gas, z));
2333   NGas_DIO(p_gas,'13_IRONSTL',z)    = sum(f_neironstl, WEB(f_neironstl, p_gas, z));
2334   NGas_DIO(p_gas,'14_NONFERR',z)    = sum(f_nenonferr, WEB(f_nenonferr, p_gas, z));
2335   NGas_DIO(p_gas,'15_MACHINE',z)    = sum(f_nemachine, WEB(f_nemachine, p_gas, z));
2336   NGas_DIO(p_gas,'16_TRANSEQ',z)    = sum(f_netranseq, WEB(f_netranseq, p_gas, z));
2337   NGas_DIO(p_gas,'17_OTHERIND',z)   = sum(f_neotherind, WEB(f_neotherind, p_gas, z));
2338   NGas_DIO(p_gas,'27_CONSTRUC',z)   = sum(f_neconstruc, WEB(f_neconstruc, p_gas, z));
2339   NGas_DIO(p_gas,'28_LTRP',z)       = sum(f_netransport, WEB(f_netransport, p_gas, z));
2340   NGas_DIO(p_gas,'31_SER',z)        = sum(f_neother, WEB(f_neother, p_gas, z));
2341   
2342   NOilp_DIO(p_oilproduct,'05_MINING',z)     = sum(f_nemining, WEB(f_nemining, p_oilproduct, z));
2343   NOilp_DIO(p_oilproduct,'06_FOODPRO',z)    = sum(f_nefoodpro, WEB(f_nefoodpro, p_oilproduct, z));
2344   NOilp_DIO(p_oilproduct,'07_TEXTILES',z)   = sum(f_netextiles, WEB(f_netextiles, p_oilproduct, z));
2345   NOilp_DIO(p_oilproduct,'08_WOODPRO',z)    = sum(f_newoodpro, WEB(f_newoodpro, p_oilproduct, z));
2346   NOilp_DIO(p_oilproduct,'09_PAPERPRO',z)   = sum(f_nepaperpro, WEB(f_nepaperpro, p_oilproduct, z));
2347   NOilp_DIO(p_oilproduct,'11_CHEMICAL',z)   = sum(f_nechemical, WEB(f_nechemical, p_oilproduct, z));
2348   NOilp_DIO(p_oilproduct,'12_NONMET',z)     = sum(f_nenonmet, WEB(f_nenonmet, p_oilproduct, z));
2349   NOilp_DIO(p_oilproduct,'13_IRONSTL',z)    = sum(f_neironstl, WEB(f_neironstl, p_oilproduct, z));
2350   NOilp_DIO(p_oilproduct,'14_NONFERR',z)    = sum(f_nenonferr, WEB(f_nenonferr, p_oilproduct, z));
2351   NOilp_DIO(p_oilproduct,'15_MACHINE',z)    = sum(f_nemachine, WEB(f_nemachine, p_oilproduct, z));
2352   NOilp_DIO(p_oilproduct,'16_TRANSEQ',z)    = sum(f_netranseq, WEB(f_netranseq, p_oilproduct, z));
2353   NOilp_DIO(p_oilproduct,'17_OTHERIND',z)   = sum(f_neotherind, WEB(f_neotherind, p_oilproduct, z));
2354   NOilp_DIO(p_oilproduct,'27_CONSTRUC',z)   = sum(f_neconstruc, WEB(f_neconstruc, p_oilproduct, z));
2355   NOilp_DIO(p_oilproduct,'28_LTRP',z)       = sum(f_netransport, WEB(f_netransport, p_oilproduct, z));
2356   NOilp_DIO(p_oilproduct,'31_SER',z)        = sum(f_neother, WEB(f_neother, p_oilproduct, z));
2357   
2358  * ------------------- ELECTRICITY / HEAT -------------------
2359   Elec_DIO(p_elecheat,'01_AGRICULT',z) = sum((f_agri), WEB(f_agri, p_elecheat, z));
2360   Elec_DIO(p_elecheat,'02_COAL',z)     = -1 * sum((f_coa), WEB(f_coa, p_elecheat, z)$(WEB(f_coa, p_elecheat, z) < 0));
2361   Elec_DIO(p_elecheat,'03_OIL',z)      = -1 * sum((f_oil), WEB(f_oil, p_elecheat, z)$(WEB(f_oil, p_elecheat, z) < 0));
2362   Elec_DIO(p_elecheat,'04_GAS',z)      = -1 * sum((f_gas), WEB(f_gas, p_elecheat, z)$(WEB(f_gas, p_elecheat, z) < 0));
2363   Elec_DIO(p_elecheat,'05_MINING',z)   = sum((f_mining), WEB(f_mining, p_elecheat, z));
2364   Elec_DIO(p_elecheat,'06_FOODPRO',z)  = sum((f_foodpro), WEB(f_foodpro, p_elecheat, z));
2365   Elec_DIO(p_elecheat,'07_TEXTILES',z) = sum((f_textiles), WEB(f_textiles, p_elecheat, z));
2366   Elec_DIO(p_elecheat,'08_WOODPRO',z)  = sum((f_woodpro), WEB(f_woodpro, p_elecheat, z));
2367   Elec_DIO(p_elecheat,'09_PAPERPRO',z) = sum((f_paperpro), WEB(f_paperpro, p_elecheat, z));
2368   Elec_DIO(p_elecheat,'10_PETROLCOAL',z) = -1 * sum((f_petrolcoal), WEB(f_petrolcoal, p_elecheat, z)$(WEB(f_petrolcoal, p_elecheat, z) < 0));
2369   Elec_DIO(p_elecheat,'11_CHEMICAL',z)
2370      = sum((f_chemical), WEB(f_chemical, p_elecheat, z)$(WEB(f_chemical, p_elecheat, z) > 0))
2371      - 1 * sum((f_chemical), WEB(f_chemical, p_elecheat, z)$(WEB(f_chemical, p_elecheat, z) < 0));
2372   Elec_DIO(p_elecheat,'12_NONMET',z)   = sum((f_nonmet), WEB(f_nonmet, p_elecheat, z));
2373   Elec_DIO(p_elecheat,'13_IRONSTL',z)
2374      = sum((f_ironstl), WEB(f_ironstl, p_elecheat, z)$(WEB(f_ironstl, p_elecheat, z) > 0))
2375      - 1 * sum(f_cokeoven, WEB(f_cokeoven, p_elecheat, z)$(WEB(f_cokeoven, p_elecheat, z) < 0))
2376      - 1 * sum(f_blastfur, WEB(f_blastfur, p_elecheat, z)$(WEB(f_blastfur, p_elecheat, z) < 0))
2377      - 1 * sum(f_Eblastcoke, WEB(f_Eblastcoke, p_elecheat, z)$(WEB(f_Eblastcoke, p_elecheat, z) < 0));
2378   Elec_DIO(p_elecheat,'14_NONFERR',z)  = sum((f_nonferr), WEB(f_nonferr, p_elecheat, z));
2379   Elec_DIO(p_elecheat,'15_MACHINE',z)  = sum((f_machine), WEB(f_machine, p_elecheat, z));
2380   Elec_DIO(p_elecheat,'16_TRANSEQ',z)  = sum((f_transeq), WEB(f_transeq, p_elecheat, z));
2381   Elec_DIO(p_elecheat,'17_OTHERIND',z)
2382      = sum((f_otherind), WEB(f_otherind, p_elecheat, z)$(WEB(f_otherind, p_elecheat, z) > 0))
2383      - 1 * sum((f_otherind), WEB(f_otherind, p_elecheat, z)$(WEB(f_otherind, p_elecheat, z) < 0));
2384   Elec_DIO(p_elecheat,'18_TnD',z)
2385      = -1 * sum((f_tnd), WEB(f_tnd, p_elecheat, z)$(WEB(f_tnd, p_elecheat, z) < 0))
2386      - 1 * sum((f_elec), WEB(f_elec, p_elecheat, z)$(WEB(f_elec, p_elecheat, z) < 0));
2387   Elec_DIO(p_elecheat,'27_CONSTRUC',z) = sum((f_construc), WEB(f_construc, p_elecheat, z));
2388   Elec_DIO(p_elecheat,'28_LTRP',z)     = sum((f_roadrail), WEB(f_roadrail, p_elecheat, z));
2389   Elec_DIO(p_elecheat,'29_WTRP',z)     = sum((f_domewater), WEB(f_domewater, p_elecheat, z));
2390   Elec_DIO(p_elecheat,'30_ATRP',z)     = sum((f_domeair), WEB(f_domeair, p_elecheat, z));
2391   Elec_DIO(p_elecheat,'31_SER',z)      = sum((f_ser), WEB(f_ser, p_elecheat, z));
2392   Elec_CO(p_elecheat,z)                = sum((f_household), WEB(f_household, p_elecheat, z));
2393   
2394  * ------------------- WASTE -------------------
2395   Waste_DIO(p_waste,'01_AGRICULT',z)   = sum((f_agri), WEB(f_agri, p_waste, z));
2396   Waste_DIO(p_waste,'02_COAL',z)       = sum((f_coa), WEB(f_coa, p_waste, z));
2397   Waste_DIO(p_waste,'03_OIL',z)        = sum((f_oil), WEB(f_oil, p_waste, z));
2398   Waste_DIO(p_waste,'04_GAS',z)        = sum((f_gas), WEB(f_gas, p_waste, z));
2399   Waste_DIO(p_waste,'05_MINING',z)     = sum((f_mining), WEB(f_mining, p_waste, z));
2400   Waste_DIO(p_waste,'06_FOODPRO',z)    = sum((f_foodpro), WEB(f_foodpro, p_waste, z));
2401   Waste_DIO(p_waste,'07_TEXTILES',z)   = sum((f_textiles), WEB(f_textiles, p_waste, z));
2402   Waste_DIO(p_waste,'08_WOODPRO',z)    = sum((f_woodpro), WEB(f_woodpro, p_waste, z));
2403   Waste_DIO(p_waste,'09_PAPERPRO',z)   = sum((f_paperpro), WEB(f_paperpro, p_waste, z));
2404   Waste_DIO(p_waste,'10_PETROLCOAL',z) = sum((f_petrolcoal), WEB(f_petrolcoal, p_waste, z));
2405   Waste_DIO(p_waste,'11_CHEMICAL',z)   = sum((f_chemical), WEB(f_chemical, p_waste, z));
2406   Waste_DIO(p_waste,'12_NONMET',z)     = sum((f_nonmet), WEB(f_nonmet, p_waste, z));
2407   Waste_DIO(p_waste,'13_IRONSTL',z)    = sum((f_ironstl), WEB(f_ironstl, p_waste, z));
2408   Waste_DIO(p_waste,'14_NONFERR',z)    = sum((f_nonferr), WEB(f_nonferr, p_waste, z));
2409   Waste_DIO(p_waste,'15_MACHINE',z)    = sum((f_machine), WEB(f_machine, p_waste, z));
2410   Waste_DIO(p_waste,'16_TRANSEQ',z)    = sum((f_transeq), WEB(f_transeq, p_waste, z));
2411   Waste_DIO(p_waste,'17_OTHERIND',z)   = sum((f_otherind), WEB(f_otherind, p_waste, z));
2412   Waste_DIO(p_waste,'26_eOther',z)     = -1*sum((f_elec), WEB(f_elec, p_waste, z)) ;
2413   Waste_DIO(p_waste,'27_CONSTRUC',z)   = sum((f_construc), WEB(f_construc, p_waste, z));
2414   Waste_DIO(p_waste,'28_LTRP',z)       = sum((f_roadrail), WEB(f_roadrail, p_waste, z));
2415   Waste_DIO(p_waste,'29_WTRP',z)       = sum((f_domewater), WEB(f_domewater, p_waste, z));
2416   Waste_DIO(p_waste,'30_ATRP',z)       = sum((f_domeair), WEB(f_domeair, p_waste, z));
2417   Waste_DIO(p_waste,'31_SER',z)        = sum((f_ser), WEB(f_ser, p_waste, z));
2418   Waste_CO(p_waste,z)                  = sum((f_household), WEB(f_household, p_waste, z));
2419   
2420  * ------------------- BIO -------------------
2421   Bio_DIO(p_bio,'01_AGRICULT',z)   = sum((f_agri), WEB(f_agri, p_bio, z));
2422   Bio_DIO(p_bio,'02_COAL',z)       = sum((f_coa), WEB(f_coa, p_bio, z));
2423   Bio_DIO(p_bio,'03_OIL',z)        = sum((f_oil), WEB(f_oil, p_bio, z));
2424   Bio_DIO(p_bio,'04_GAS',z)        = sum((f_gas), WEB(f_gas, p_bio, z));
2425   Bio_DIO(p_bio,'05_MINING',z)     = sum((f_mining), WEB(f_mining, p_bio, z));
2426   Bio_DIO(p_bio,'06_FOODPRO',z)    = sum((f_foodpro), WEB(f_foodpro, p_bio, z));
2427   Bio_DIO(p_bio,'07_TEXTILES',z)   = sum((f_textiles), WEB(f_textiles, p_bio, z));
2428   Bio_DIO(p_bio,'08_WOODPRO',z)    = sum((f_woodpro), WEB(f_woodpro, p_bio, z));
2429   Bio_DIO(p_bio,'09_PAPERPRO',z)   = sum((f_paperpro), WEB(f_paperpro, p_bio, z));
2430   Bio_DIO(p_bio,'10_PETROLCOAL',z) = sum((f_petrolcoal), WEB(f_petrolcoal, p_bio, z));
2431   Bio_DIO(p_bio,'11_CHEMICAL',z)   = sum((f_chemical), WEB(f_chemical, p_bio, z));
2432   Bio_DIO(p_bio,'12_NONMET',z)     = sum((f_nonmet), WEB(f_nonmet, p_bio, z));
2433   Bio_DIO(p_bio,'13_IRONSTL',z)    = sum((f_ironstl), WEB(f_ironstl, p_bio, z));
2434   Bio_DIO(p_bio,'14_NONFERR',z)    = sum((f_nonferr), WEB(f_nonferr, p_bio, z));
2435   Bio_DIO(p_bio,'15_MACHINE',z)    = sum((f_machine), WEB(f_machine, p_bio, z));
2436   Bio_DIO(p_bio,'16_TRANSEQ',z)    = sum((f_transeq), WEB(f_transeq, p_bio, z));
2437   Bio_DIO(p_bio,'17_OTHERIND',z)   = sum((f_otherind), WEB(f_otherind, p_bio, z));
2438   Bio_DIO(p_bio,'26_eOther',z)     = -1*sum((f_elec), WEB(f_elec, p_bio, z)) ;
2439   Bio_DIO(p_bio,'27_CONSTRUC',z)   = sum((f_construc), WEB(f_construc, p_bio, z));
2440   Bio_DIO(p_bio,'28_LTRP',z)       = sum((f_roadrail), WEB(f_roadrail, p_bio, z));
2441   Bio_DIO(p_bio,'29_WTRP',z)       = sum((f_domewater), WEB(f_domewater, p_bio, z));
2442   Bio_DIO(p_bio,'30_ATRP',z)       = sum((f_domeair), WEB(f_domeair, p_bio, z));
2443   Bio_DIO(p_bio,'31_SER',z)        = sum((f_ser), WEB(f_ser, p_bio, z));
2444   Bio_CO(p_bio,z)                  = sum((f_household), WEB(f_household, p_bio, z));
2445   Bio_Marine(p_bio,z)              = -1*sum((f_marine_bunker), WEB(f_marine_bunker, p_bio, z));
2446   Bio_Aviation(p_bio,z)            = -1*sum((f_aviation_bunker), WEB(f_aviation_bunker, p_bio, z));
2447   
2448  * ------------------- CHARCOAL -------------------
2449   Charcoal_DIO(p_charcoal,'01_AGRICULT',z)   = sum((f_agri), WEB(f_agri, p_charcoal, z));
2450   Charcoal_DIO(p_charcoal,'02_COAL',z)       = sum((f_coa), WEB(f_coa, p_charcoal, z));
2451   Charcoal_DIO(p_charcoal,'03_OIL',z)        = sum((f_oil), WEB(f_oil, p_charcoal, z));
2452   Charcoal_DIO(p_charcoal,'04_GAS',z)        = sum((f_gas), WEB(f_gas, p_charcoal, z));
2453   Charcoal_DIO(p_charcoal,'05_MINING',z)     = sum((f_mining), WEB(f_mining, p_charcoal, z));
2454   Charcoal_DIO(p_charcoal,'06_FOODPRO',z)    = sum((f_foodpro), WEB(f_foodpro, p_charcoal, z));
2455   Charcoal_DIO(p_charcoal,'07_TEXTILES',z)   = sum((f_textiles), WEB(f_textiles, p_charcoal, z));
2456   Charcoal_DIO(p_charcoal,'08_WOODPRO',z)    = sum((f_woodpro), WEB(f_woodpro, p_charcoal, z));
2457   Charcoal_DIO(p_charcoal,'09_PAPERPRO',z)   = sum((f_paperpro), WEB(f_paperpro, p_charcoal, z));
2458   Charcoal_DIO(p_charcoal,'10_PETROLCOAL',z) = sum((f_petrolcoal), WEB(f_petrolcoal, p_charcoal, z));
2459   Charcoal_DIO(p_charcoal,'11_CHEMICAL',z)   = sum((f_chemical), WEB(f_chemical, p_charcoal, z));
2460   Charcoal_DIO(p_charcoal,'12_NONMET',z)     = sum((f_nonmet), WEB(f_nonmet, p_charcoal, z));
2461   Charcoal_DIO(p_charcoal,'13_IRONSTL',z)    = sum((f_ironstl), WEB(f_ironstl, p_charcoal, z));
2462   Charcoal_DIO(p_charcoal,'14_NONFERR',z)    = sum((f_nonferr), WEB(f_nonferr, p_charcoal, z));
2463   Charcoal_DIO(p_charcoal,'15_MACHINE',z)    = sum((f_machine), WEB(f_machine, p_charcoal, z));
2464   Charcoal_DIO(p_charcoal,'16_TRANSEQ',z)    = sum((f_transeq), WEB(f_transeq, p_charcoal, z));
2465   Charcoal_DIO(p_charcoal,'17_OTHERIND',z)   = sum((f_otherind), WEB(f_otherind, p_charcoal, z));
2466   Charcoal_DIO(p_charcoal,'26_eOther',z)     = -1*sum((f_elec), WEB(f_elec, p_charcoal, z)) ;
2467   Charcoal_DIO(p_charcoal,'27_CONSTRUC',z)   = sum((f_construc), WEB(f_construc, p_charcoal, z));
2468   Charcoal_DIO(p_charcoal,'28_LTRP',z)       = sum((f_roadrail), WEB(f_roadrail, p_charcoal, z));
2469   Charcoal_DIO(p_charcoal,'29_WTRP',z)       = sum((f_domewater), WEB(f_domewater, p_charcoal, z));
2470   Charcoal_DIO(p_charcoal,'30_ATRP',z)       = sum((f_domeair), WEB(f_domeair, p_charcoal, z));
2471   Charcoal_DIO(p_charcoal,'31_SER',z)        = sum((f_ser), WEB(f_ser, p_charcoal, z));
2472   Charcoal_CO(p_charcoal,z)                  = sum((f_household), WEB(f_household, p_charcoal, z));
2473   
2474  * ------------------- RENEWABLE & NUCLEAR -------------------
2475   Ren_DIO(p_ren,'01_AGRICULT',z)   = sum((f_agri), WEB(f_agri, p_ren, z));
2476   Ren_DIO(p_ren,'02_COAL',z)       = sum((f_coa), WEB(f_coa, p_ren, z));
2477   Ren_DIO(p_ren,'03_OIL',z)        = sum((f_oil), WEB(f_oil, p_ren, z));
2478   Ren_DIO(p_ren,'04_GAS',z)        = sum((f_gas), WEB(f_gas, p_ren, z));
2479   Ren_DIO(p_ren,'05_MINING',z)     = sum((f_mining), WEB(f_mining, p_ren, z));
2480   Ren_DIO(p_ren,'06_FOODPRO',z)    = sum((f_foodpro), WEB(f_foodpro, p_ren, z));
2481   Ren_DIO(p_ren,'07_TEXTILES',z)   = sum((f_textiles), WEB(f_textiles, p_ren, z));
2482   Ren_DIO(p_ren,'08_WOODPRO',z)    = sum((f_woodpro), WEB(f_woodpro, p_ren, z));
2483   Ren_DIO(p_ren,'09_PAPERPRO',z)   = sum((f_paperpro), WEB(f_paperpro, p_ren, z));
2484   Ren_DIO(p_ren,'10_PETROLCOAL',z) = sum((f_petrolcoal), WEB(f_petrolcoal, p_ren, z));
2485   Ren_DIO(p_ren,'11_CHEMICAL',z)   = sum((f_chemical), WEB(f_chemical, p_ren, z));
2486   Ren_DIO(p_ren,'12_NONMET',z)     = sum((f_nonmet), WEB(f_nonmet, p_ren, z));
2487   Ren_DIO(p_ren,'13_IRONSTL',z)    = sum((f_ironstl), WEB(f_ironstl, p_ren, z));
2488   Ren_DIO(p_ren,'14_NONFERR',z)    = sum((f_nonferr), WEB(f_nonferr, p_ren, z));
2489   Ren_DIO(p_ren,'15_MACHINE',z)    = sum((f_machine), WEB(f_machine, p_ren, z));
2490   Ren_DIO(p_ren,'16_TRANSEQ',z)    = sum((f_transeq), WEB(f_transeq, p_ren, z));
2491   Ren_DIO(p_ren,'17_OTHERIND',z)   = sum((f_otherind), WEB(f_otherind, p_ren, z));
2492   Ren_DIO(p_ren,'27_CONSTRUC',z)   = sum((f_construc), WEB(f_construc, p_ren, z));
2493   Ren_DIO(p_ren,'28_LTRP',z)       = sum((f_roadrail), WEB(f_roadrail, p_ren, z));
2494   Ren_DIO(p_ren,'29_WTRP',z)       = sum((f_domewater), WEB(f_domewater, p_ren, z));
2495   Ren_DIO(p_ren,'30_ATRP',z)       = sum((f_domeair), WEB(f_domeair, p_ren, z));
2496   Ren_DIO(p_ren,'31_SER',z)        = sum((f_ser), WEB(f_ser, p_ren, z));
2497   Ren_CO(p_ren,z)                  = sum((f_household), WEB(f_household, p_ren, z));
2498   
2499  *==============================================================================
2500  * Calculated Totals
2501  *==============================================================================
2502   NCoal_Total(p_coal,z)       = sum(j, NCoal_DIO(p_coal,j,z));
2503   NGas_Total(p_gas,z)         = sum(j, NGas_DIO(p_gas,j,z));
2504   NOilp_Total(p_oilproduct,z) = sum(j, NOilp_DIO(p_oilproduct,j,z));
2505   
2506   Coal_Total(p_coal,z)        = sum(j, Coal_DIO(p_coal,j,z)) + Coal_CO(p_coal,z);
2507   Gas_Total(p_gas,z)          = sum(j, Gas_DIO(p_gas,j,z)) + Gas_CO(p_gas,z);
2508   Oilp_Total(p_oilproduct,z)  = sum(j, Oilp_DIO(p_oilproduct,j,z)) + Oilp_CO(p_oilproduct,z);
2509   ELec_Total(p_elecheat,z)    = sum(j, ELec_DIO(p_elecheat,j,z)) + ELec_CO(p_elecheat,z);
2510   
2511   TES_Coal(p_coal,z)               = sum(f_TES, WEB(f_TES, p_coal, z));
2512   TES_Gas(p_gas,z)                 = sum(f_TES, WEB(f_TES, p_gas, z));
2513   TES_Oil(p_oil,z)                 = sum(f_TES, WEB(f_TES, p_oil, z));
2514   TES_Oilproduct(p_oilproduct,z)   = sum(f_TES, WEB(f_TES, p_oilproduct, z));
2515   
2516  *==============================================================================
2517  * Ratio Calculations (Consolidated Block)
2518  *==============================================================================
2519  Loop(j,
2520  * Intermediate consumption ratios
2521    CoalR_DIO(p_coal,j,z)$(Coal_DIO(p_coal,j,z) > 0)             = Coal_DIO(p_coal,j,z)/sum(p_coal2, Coal_DIO(p_coal2,j,z));
2522    GasR_DIO(p_gas,j,z)$(Gas_DIO(p_gas,j,z) > 0)                 = Gas_DIO(p_gas,j,z)/sum(p_gas2, Gas_DIO(p_gas2,j,z));
2523    OilR_DIO(p_oil,j,z)$(Oil_DIO(p_oil,j,z) > 0)                 = Oil_DIO(p_oil,j,z)/sum(p_oil2, Oil_DIO(p_oil2,j,z));
2524    OilpR_DIO(p_oilproduct,j,z)$(Oilp_DIO(p_oilproduct,j,z) > 0) = Oilp_DIO(p_oilproduct,j,z)/sum(p_oilproduct2, Oilp_DIO(p_oilproduct2,j,z));
2525   
2526    ElecR_DIO(p_elecheat,j,z)$(Elec_DIO(p_elecheat,j,z) > 0)     = Elec_DIO(p_elecheat,j,z)/sum(p_elecheat2, Elec_DIO(p_elecheat2,j,z));
2527    WasteR_DIO(p_waste,j,z)$(Waste_DIO(p_waste,j,z) > 0)         = Waste_DIO(p_waste,j,z)/sum(p_waste2, Waste_DIO(p_waste2,j,z));
2528    BioR_DIO(p_bio,j,z)$(Bio_DIO(p_bio,j,z) > 0)                 = Bio_DIO(p_bio,j,z)/sum(p_bio2, Bio_DIO(p_bio2,j,z));
2529    CharcoalR_DIO(p_charcoal,j,z)$(Charcoal_DIO(p_charcoal,j,z) > 0) = Charcoal_DIO(p_charcoal,j,z)/sum(p_charcoal2, Charcoal_DIO(p_charcoal2,j,z));
2530    RenR_DIO(p_ren,j,z)$(Ren_DIO(p_ren,j,z) > 0)                 = Ren_DIO(p_ren,j,z)/sum(p_ren2, Ren_DIO(p_ren2,j,z));
2531   
2532  * Non-energy intermediate consumption ratios
2533    NCoalR_DIO(p_coal,j,z)$(NCoal_DIO(p_coal,j,z) > 0)           = NCoal_DIO(p_coal,j,z)/sum(p_coal2, NCoal_DIO(p_coal2,j,z));
2534    NGasR_DIO(p_gas,j,z)$(NGas_DIO(p_gas,j,z) > 0)               = NGas_DIO(p_gas,j,z)/sum(p_gas2, NGas_DIO(p_gas2,j,z));
2535    NOilp_DIO(p_oilproduct,j,z)$(NOilp_DIO(p_oilproduct,j,z) > 0)= NOilp_DIO(p_oilproduct,j,z)/sum(p_oilproduct2, NOilp_DIO(p_oilproduct2,j,z));
2536  );
2537   
2538  * Household consumption ratios
2539  CoalR_CO(p_coal,z)$(Coal_CO(p_coal,z) > 0)                     = Coal_CO(p_coal,z)/ sum(p_coal2, Coal_CO(p_coal2,z));
2540  GasR_CO(p_gas,z)$(Gas_CO(p_gas,z) > 0)                         = Gas_CO(p_gas,z)/ sum(p_gas2, Gas_CO(p_gas2,z));
2541  OilpR_CO(p_oilproduct,z)$(Oilp_CO(p_oilproduct,z) > 0)         = Oilp_CO(p_oilproduct,z)/ sum(p_oilproduct2, Oilp_CO(p_oilproduct2,z));
2542   
2543  ElecR_CO(p_elecheat,z)$(Elec_CO(p_elecheat,z) > 0)             = Elec_CO(p_elecheat,z)/ sum(p_elecheat2, Elec_CO(p_elecheat2,z));
2544  WasteR_CO(p_waste,z)$(Waste_CO(p_waste,z) > 0)                 = Waste_CO(p_waste,z)/ sum(p_waste2, Waste_CO(p_waste2,z));
2545  BioR_CO(p_bio,z)$(Bio_CO(p_bio,z) > 0)                         = Bio_CO(p_bio,z)/ sum(p_bio2, Bio_CO(p_bio2,z));
2546  CharcoalR_CO(p_charcoal,z)$(Charcoal_CO(p_charcoal,z) > 0)     = Charcoal_CO(p_charcoal,z)/ sum(p_charcoal2, Charcoal_CO(p_charcoal2,z));
2547  RenR_CO(p_ren,z)$(Ren_CO(p_ren,z) > 0)                         = Ren_CO(p_ren,z)/ sum(p_ren2, Ren_CO(p_ren2,z));
2548   
2549  *==============================================================================
2550  * Export to GDX
2551  *==============================================================================
2552  execute_unload 'Input_CGE/DATA_WEB-2019_260425.gdx',
2553  * Sets
2554  product, p_coal, p_oil, p_oilproduct, p_gas, p_elecheat,
2555  flow, f_elec, f_agri, f_mining, f_foodpro, f_textiles, f_woodpro, f_paperpro,
2556  f_chemical, f_nonmet, f_ironstl, f_nonferr, f_machine, f_transeq, f_otherind,
2557  f_construc, f_ser, f_household, f_roadrail, f_domeair, f_domewater,
2558  f_nemining, f_nefoodpro, f_netextiles, f_newoodpro, f_nepaperpro,
2559  f_nechemical, f_nenonmet, f_neironstl, f_nenonferr, f_nemachine,
2560  f_netranseq, f_neotherind, f_neconstruc, f_netransport, f_neother,
2561   
2562  * Parameters
2563  WEB,
2564  Coal_DIO, Coal_CO, CoalR_DIO, CoalR_CO,
2565  Gas_DIO, Gas_CO, GasR_DIO, GasR_CO,
2566  Oil_DIO, Oil_CO, OilR_DIO,
2567  Oilp_DIO, Oilp_CO, OilpR_DIO, OilpR_CO,
2568  Elec_DIO, Elec_CO, ElecR_DIO, ElecR_CO,
2569  Waste_DIO, Waste_CO, WasteR_DIO, WasteR_CO,
2570  Bio_DIO, Bio_CO, BioR_DIO, BioR_CO,
2571  Charcoal_DIO, Charcoal_CO, CharcoalR_DIO, CharcoalR_CO,
2572  Ren_DIO, Ren_CO, RenR_DIO, RenR_CO,
2573  NCoal_DIO, NCoalR_DIO, NGas_DIO, NGasR_DIO,
2574  NOil_DIO, NOilR_DIO, NOilp_DIO, NOilpR_DIO,
2575  Coal_Total, Gas_Total, Oilp_Total, Elec_Total, NCoal_Total, NGas_Total, NOilp_Total,
2576  Coal_Marine, Coal_Aviation, Gas_Marine, Gas_Aviation, Oilp_Marine, Oilp_Aviation, Bio_Marine, Bio_Aviation,
2577  TES_Coal, TES_Gas, TES_Oil, TES_Oilproduct
2578  ;
INCLUDE    C:\Users\kimc0\GUIDE_GLOBAL_CGE\2.GUIDE-GLOBAL-CGE_v2\Input_CGE\DATA_CO2coef.gms
2580  *==============================================================================
2581  * [1] ENERGY CONSUMPTION & INTENSITY (VOLUME BASE)
2582  *==============================================================================
2583  Parameters
2584      EEI(product,j,z)  "Energy intensity by industry sector (ktoe per billion $)"
2585      NEI(product,j,z)  "Non-Energy intensity by production sector (ktoe per billion $)"
2586      EHI(product,z)    "Energy intensity by household (ktoe per billion $)"
2587   
2588      EEO(product,j,z)  "Initial Industry energy consumption in region z (ktoe)"
2589      NEO(product,j,z)  "Initial Industry non-energy consumption in region z (ktoe)"
2590      EHO(product,z)    "Initial Household energy consumption in region z (ktoe)"
2591   
2592      Marinebunker(product,z)
2593      Aviationbunker(product,z)
2594  ;
2595   
2596  * -------------------------------------------------------------------
2597  * 1.1 Energy Intensity (Pure combustion: Total demand - Non-energy)
2598  * -------------------------------------------------------------------
2599  EEI(p_coal,j,z)$(DEO('02_COAL',j,z) > 0)
2600      = (Coal_DIO(p_coal,j,z) - NCoal_DIO(p_coal,j,z)) / DEO('02_COAL',j,z);
2601   
2602  EEI(p_oil,j,z)$(DEO('03_OIL',j,z) > 0)
2603      = Oil_DIO(p_oil,j,z)  / DEO('03_OIL',j,z);
2604   
2605  EEI(p_gas,j,z)$(DEO('04_GAS',j,z) > 0)
2606      = (Gas_DIO(p_gas,j,z) - NGas_DIO(p_gas,j,z)) / DEO('04_GAS',j,z);
2607   
2608  EEI(p_oilproduct,j,z)$(DEO('10_PETROLCOAL',j,z) > 0)
2609      = (Oilp_DIO(p_oilproduct,j,z) - NOilp_DIO(p_oilproduct,j,z)) / DEO('10_PETROLCOAL',j,z);
2610   
2611  EEI(p_elecheat,j,z)$(DEO('18_ELEC',j,z) > 0)
2612      = Elec_DIO(p_elecheat,j,z) / DEO('18_ELEC',j,z);
2613   
2614  EEI(p_waste,j,z)$(XSTO(j,z) > 0)    = Waste_DIO(p_waste,j,z) / XSTO(j,z);
2615  EEI(p_bio,j,z)$(XSTO(j,z) > 0)      = Bio_DIO(p_bio,j,z) / XSTO(j,z);
2616  EEI(p_charcoal,j,z)$(XSTO(j,z) > 0) = Charcoal_DIO(p_charcoal,j,z) / XSTO(j,z);
2617  EEI(p_ren,j,z)$(XSTO(j,z) > 0)      = Ren_DIO(p_ren,j,z) / XSTO(j,z);
2618   
2619  * -------------------------------------------------------------------
2620  * 1.2 Non-Energy Intensity
2621  * -------------------------------------------------------------------
2622  NEI(p_coal,j,z)$(DEO('02_COAL',j,z) > 0)             = NCoal_DIO(p_coal,j,z) / DEO('02_COAL',j,z);
2623  NEI(p_gas,j,z)$(DEO('04_GAS',j,z) > 0)               = NGas_DIO(p_gas,j,z) / DEO('04_GAS',j,z);
2624  NEI(p_oilproduct,j,z)$(DEO('10_PETROLCOAL',j,z) > 0) = NOilp_DIO(p_oilproduct,j,z) / DEO('10_PETROLCOAL',j,z);
2625   
2626  * -------------------------------------------------------------------
2627  * 1.3 Household Intensity
2628  * -------------------------------------------------------------------
2629  EHI(p_coal,z)$(CO('02_COAL',z) > 0)             = Coal_CO(p_coal,z) / CO('02_COAL',z);
2630  EHI(p_oil,z)$(CO('03_OIL',z) > 0)               = Oil_CO(p_oil,z) / CO('03_OIL',z);
2631  EHI(p_gas,z)$(CO('04_GAS',z) > 0)               = Gas_CO(p_gas,z) / CO('04_GAS',z);
2632  EHI(p_oilproduct,z)$(CO('10_PETROLCOAL',z) > 0) = Oilp_CO(p_oilproduct,z) / CO('10_PETROLCOAL',z);
2633  EHI(p_elecheat,z)$(CO('18_ELEC',z) > 0)         = Elec_CO(p_elecheat,z) / CO('18_ELEC',z);
2634   
2635  EHI(p_waste,z)    = Waste_CO(p_waste,z) / TOT_POP(z,'2019');
2636  EHI(p_bio,z)      = Bio_CO(p_bio,z) / TOT_POP(z,'2019');
2637  EHI(p_charcoal,z) = Charcoal_CO(p_charcoal,z) / TOT_POP(z,'2019');
2638  EHI(p_ren,z)      = Ren_CO(p_ren,z) / TOT_POP(z,'2019');
2639   
2640  * -------------------------------------------------------------------
2641  * 1.4 Initial Energy Consumption Assignments
2642  * -------------------------------------------------------------------
2643  EEO(p_coal,j,z)       = Coal_DIO(p_coal,j,z) ;
2644  EEO(p_gas,j,z)        = Gas_DIO(p_gas,j,z) ;
2645  EEO(p_oil,j,z)        = Oil_DIO(p_oil,j,z) ;
2646  EEO(p_oilproduct,j,z) = Oilp_DIO(p_oilproduct,j,z) ;
2647  EEO(p_elecheat,j,z)   = Elec_DIO(p_elecheat,j,z) ;
2648  EEO(p_waste,j,z)      = Waste_DIO(p_waste,j,z) ;
2649  EEO(p_bio,j,z)        = Bio_DIO(p_bio,j,z) ;
2650  EEO(p_charcoal,j,z)   = Charcoal_DIO(p_charcoal,j,z) ;
2651  EEO(p_ren,j,z)        = Ren_DIO(p_ren,j,z) ;
2652   
2653  NEO(p_coal,j,z)       = NCoal_DIO(p_coal,j,z) ;
2654  NEO(p_gas,j,z)        = NGas_DIO(p_gas,j,z) ;
2655  NEO(p_oilproduct,j,z) = NOilp_DIO(p_oilproduct,j,z) ;
2656   
2657  EHO(p_coal,z)         = Coal_CO(p_coal,z) ;
2658  EHO(p_gas,z)          = Gas_CO(p_gas,z) ;
2659  EHO(p_oil,z)          = Oil_CO(p_oil,z) ;
2660  EHO(p_oilproduct,z)   = Oilp_CO(p_oilproduct,z) ;
2661  EHO(p_elecheat,z)     = Elec_CO(p_elecheat,z) ;
2662  EHO(p_waste,z)        = Waste_CO(p_waste,z);
2663  EHO(p_bio,z)          = Bio_CO(p_bio,z);
2664  EHO(p_charcoal,z)     = Charcoal_CO(p_charcoal,z);
2665  EHO(p_ren,z)          = Ren_CO(p_ren,z);
2666   
2667  Marinebunker(p_gas,z)          = gas_Marine(p_gas,z);
2668  Marinebunker(p_oilproduct,z)   = Oilp_Marine(p_oilproduct,z);
2669  Marinebunker(p_Bio,z)          = Bio_Marine(p_Bio,z);
2670  Aviationbunker(p_oilproduct,z) = Oilp_Aviation(p_oilproduct,z);
2671   
2672   
2673  *==============================================================================
2674  * [2] GREENHOUSE GAS (GHG) EMISSIONS SETS & PARAMETERS
2675  *==============================================================================
2676  Sets
2677      emis_type / Energy, Industry, LTRP, ATRP, WTRP, Other /
2678   
2679      map_sec_emis(j, emis_type)
2680      /
2681        02_COAL.Energy, 03_OIL.Energy, 04_GAS.Energy, 10_PETROLCOAL.Energy,
2682        18_TnD.Energy, 19_eNuclear.Energy, 20_eCoal.Energy, 21_eGas.Energy,
2683        22_eOil.Energy, 23_eWind.Energy, 24_eSolar.Energy, 25_eHydro.Energy, 26_eOther.Energy
2684   
2685        05_MINING.Industry, 06_FOODPRO.Industry, 07_TEXTILES.Industry, 08_WOODPRO.Industry,
2686        09_PAPERPRO.Industry, 11_CHEMICAL.Industry, 12_NONMET.Industry, 13_IRONSTL.Industry,
2687        14_NONFERR.Industry, 15_MACHINE.Industry, 16_TRANSEQ.Industry, 17_OTHERIND.Industry,
2688        27_CONSTRUC.Industry
2689   
2690        28_LTRP.LTRP
2691        29_WTRP.WTRP
2692        30_ATRP.ATRP
2693   
2694        01_AGRICULT.Other, 31_SER.Other
2695      /
2696   
2697      map_CH4_type(emis_type, type)
2698      / Energy.CH4EF_Energy, Industry.CH4EF_Industry, LTRP.CH4EF_LTRP, ATRP.CH4EF_ATRP, WTRP.CH4EF_WTRP, Other.CH4EF_Other /
2699   
2700      map_N2O_type(emis_type, type)
2701      / Energy.N2OEF_Energy, Industry.N2OEF_Industry, LTRP.N2OEF_LTRP, ATRP.N2OEF_ATRP, WTRP.N2OEF_WTRP, Other.N2OEF_Other /
2702  ;
2703   
2704  Parameters
2705      Emiss_CO2(j,z)       "CO2 emissions by industry sector (tCO2)"
2706      Emiss_CH4(j,z)       "CH4 emissions by industry sector (tCH4)"
2707      Emiss_N2O(j,z)       "N2O emissions by industry sector (tN2O)"
2708      Emiss_GHG(j,z)       "Total GHG emissions by industry sector (tCO2eq)"
2709   
2710      Emiss_CO2_HH(z)      "Household CO2 emissions (tCO2)"
2711      Emiss_CH4_HH(z)      "Household CH4 emissions (tCH4)"
2712      Emiss_N2O_HH(z)      "Household N2O emissions (tN2O)"
2713      Emiss_GHG_HH(z)      "Total Household GHG emissions (tCO2eq)"
2714   
2715      GWP_CH4 / 28 /
2716      GWP_N2O / 265 /
2717  ;
2718   
2719   
2720  *==============================================================================
2721  * [3] GHG EMISSIONS CALCULATIONS (PHYSICAL VOLUME BASE)
2722  *==============================================================================
2723  * -------------------------------------------------------------------
2724  * 3.1 Industry CO2 Emissions
2725  * Formula: ktoe * 41.868 (TJ conversion) * CO2EF (tC/TJ) * (44/12)
2726  * -------------------------------------------------------------------
2727  Emiss_CO2(j,z) =
2728    sum(p_coal,
2729        max(0, Coal_DIO(p_coal,j,z) - (NCoal_DIO(p_coal,j,z) * GHGsEF(p_coal,'Stored_rate')))
2730        * 41.868 * GHGsEF(p_coal,'CO2EF') * (44/12)
2731    )
2732  + sum(p_oilproduct,
2733        max(0, Oilp_DIO(p_oilproduct,j,z) - (NOilp_DIO(p_oilproduct,j,z) * GHGsEF(p_oilproduct,'Stored_rate')))
2734        * 41.868 * GHGsEF(p_oilproduct,'CO2EF') * (44/12)
2735    )
2736  + sum(p_gas,
2737        max(0, Gas_DIO(p_gas,j,z) - (NGas_DIO(p_gas,j,z) * GHGsEF(p_gas,'Stored_rate')))
2738        * 41.868 * GHGsEF(p_gas,'CO2EF') * (44/12)
2739    )
2740  * Direct combustion of crude oil (excluding refinery inputs to prevent double counting)
2741  + sum(p_oil,
2742        max(0, Oil_DIO(p_oil,j,z))
2743        * 41.868 * GHGsEF(p_oil,'CO2EF') * (44/12)
2744    )$(not sameas(j, '10_PETROLCOAL'))
2745  * Deduct carbon from steel by-product gas (prevent double counting & adjust process emissions)
2746  - sum(p_irongas,
2747        Gas_Prod_Iron(p_irongas, z)$sameas(j,'13_IRONSTL')
2748        * 41.868 * GHGsEF(p_irongas,'CO2EF') * (44/12)
2749    )
2750  ;
2751   
2752  * -------------------------------------------------------------------
2753  * 3.2 Industry CH4 & N2O Emissions
2754  * Note: Non-energy use does not combust, hence (DIO - N_DIO) is used.
2755  * -------------------------------------------------------------------
2756  Emiss_CH4(j,z) =
2757    sum(emis_type$map_sec_emis(j, emis_type),
2758      sum(type$map_CH4_type(emis_type, type),
2759          sum(p_coal,       max(0, Coal_DIO(p_coal,j,z)       - NCoal_DIO(p_coal,j,z))       * 41.868 * GHGsEF(p_coal, type) / 1000)
2760        + sum(p_oilproduct, max(0, Oilp_DIO(p_oilproduct,j,z) - NOilp_DIO(p_oilproduct,j,z)) * 41.868 * GHGsEF(p_oilproduct, type) / 1000)
2761        + sum(p_gas,        max(0, Gas_DIO(p_gas,j,z)         - NGas_DIO(p_gas,j,z))         * 41.868 * GHGsEF(p_gas, type) / 1000)
2762      )
2763    );
2764   
2765  Emiss_N2O(j,z) =
2766    sum(emis_type$map_sec_emis(j, emis_type),
2767      sum(type$map_N2O_type(emis_type, type),
2768          sum(p_coal,       max(0, Coal_DIO(p_coal,j,z)       - NCoal_DIO(p_coal,j,z))       * 41.868 * GHGsEF(p_coal, type) / 1000)
2769        + sum(p_oilproduct, max(0, Oilp_DIO(p_oilproduct,j,z) - NOilp_DIO(p_oilproduct,j,z)) * 41.868 * GHGsEF(p_oilproduct, type) / 1000)
2770        + sum(p_gas,        max(0, Gas_DIO(p_gas,j,z)         - NGas_DIO(p_gas,j,z))         * 41.868 * GHGsEF(p_gas, type) / 1000)
2771      )
2772    );
2773   
2774  Emiss_GHG(j,z) = Emiss_CO2(j,z) + (Emiss_CH4(j,z) * GWP_CH4) + (Emiss_N2O(j,z) * GWP_N2O);
2775   
2776  * -------------------------------------------------------------------
2777  * 3.3 Household Emissions
2778  * -------------------------------------------------------------------
2779  Emiss_CO2_HH(z) =
2780      sum(p_coal, Coal_CO(p_coal,z) * 41.868 * GHGsEF(p_coal,'CO2EF') * (44/12))
2781    + sum(p_oilproduct, Oilp_CO(p_oilproduct,z) * 41.868 * GHGsEF(p_oilproduct,'CO2EF') * (44/12))
2782    + sum(p_gas, Gas_CO(p_gas,z) * 41.868 * GHGsEF(p_gas,'CO2EF') * (44/12));
2783   
2784  Emiss_CH4_HH(z) =
2785      sum(p_coal, Coal_CO(p_coal,z) * 41.868 * GHGsEF(p_coal,'CH4EF_Other') / 1000)
2786    + sum(p_oilproduct, Oilp_CO(p_oilproduct,z) * 41.868 * GHGsEF(p_oilproduct,'CH4EF_Other') / 1000)
2787    + sum(p_gas, Gas_CO(p_gas,z) * 41.868 * GHGsEF(p_gas,'CH4EF_Other') / 1000);
2788   
2789  Emiss_N2O_HH(z) =
2790      sum(p_coal, Coal_CO(p_coal,z) * 41.868 * GHGsEF(p_coal,'N2OEF_Other') / 1000)
2791    + sum(p_oilproduct, Oilp_CO(p_oilproduct,z) * 41.868 * GHGsEF(p_oilproduct,'N2OEF_Other') / 1000)
2792    + sum(p_gas, Gas_CO(p_gas,z) * 41.868 * GHGsEF(p_gas,'N2OEF_Other') / 1000);
2793   
2794  Emiss_GHG_HH(z) = Emiss_CO2_HH(z) + (Emiss_CH4_HH(z) * GWP_CH4) + (Emiss_N2O_HH(z) * GWP_N2O);
2795   
2796   
2797  *==============================================================================
2798  * [4] CARBON INTENSITY FACTORS (CO2FACTOR) CALCULATION
2799  *==============================================================================
2800  Parameters
2801      GHG_Energy(ene,j,z)         "CO2 emissions from Energy Sector 1.A. by IO sector (tCO2)"
2802      GHG_Energy_HH(ene,z)        "Household CO2 emissions by energy source (tCO2)"
2803   
2804      CO2FACTOR(ene,j,z)          "CO2 emissions factor for industry (tCO2 per 100$)"
2805      CO2FACTORHH(ene,z,time)     "Time series CO2 emissions factor for household (tCO2 per 100$)"
2806      Global_CO2FACTOR(ene,j)     "Global average CO2 emissions factor (tCO2 per 100$)"
2807      CO2FACTOR2(ene,j,z,time)    "Time series CO2 emissions factor for industry (tCO2 per 100$)"
2808  ;
2809   
2810  * -------------------------------------------------------------------
2811  * 4.1 GHG Allocation by IO Energy Sectors
2812  * -------------------------------------------------------------------
2813  GHG_Energy('02_COAL',j,z) =
2814      sum(p_coal,
2815          max(0, Coal_DIO(p_coal,j,z) - (NCoal_DIO(p_coal,j,z) * GHGsEF(p_coal,'Stored_rate')))
2816          * 41.868 * GHGsEF(p_coal,'CO2EF') * (44/12)
2817      )
2818  - sum(p_irongas, Gas_Prod_Iron(p_irongas, z)$sameas(j,'13_IRONSTL') * 41.868 * GHGsEF(p_irongas,'CO2EF') * (44/12));
2819   
2820  GHG_Energy('03_OIL',j,z) =
2821      sum(p_oil,
2822          max(0, Oil_DIO(p_oil,j,z)* GHGsEF(p_oil,'Stored_rate'))
2823          * 41.868 * GHGsEF(p_oil,'CO2EF') * (44/12)
2824      )$(not sameas(j, '10_PETROLCOAL'));
2825   
2826  GHG_Energy('04_GAS',j,z) =
2827      sum(p_gas,
2828          max(0, Gas_DIO(p_gas,j,z) - (NGas_DIO(p_gas,j,z) * GHGsEF(p_gas,'Stored_rate')))
2829          * 41.868 * GHGsEF(p_gas,'CO2EF') * (44/12)
2830      );
2831   
2832  GHG_Energy('10_PETROLCOAL',j,z) =
2833      sum(p_oilproduct,
2834          max(0, Oilp_DIO(p_oilproduct,j,z) - (NOilp_DIO(p_oilproduct,j,z) * GHGsEF(p_oilproduct,'Stored_rate')))
2835          * 41.868 * GHGsEF(p_oilproduct,'CO2EF') * (44/12)
2836      )
2837      - sum(p_oilproduct, Coke_Prod_Iron(p_oilproduct, z)$sameas(j,'13_IRONSTL') * 41.868 * GHGsEF(p_oilproduct,'CO2EF') * (44/12));
2838   
2839  * Household allocation
2840  GHG_Energy_HH('02_COAL',z)       = sum(p_coal, Coal_CO(p_coal,z) * 41.868 * GHGsEF(p_coal,'CO2EF') * (44/12));
2841  GHG_Energy_HH('03_OIL',z)        = sum(p_oil, Oil_CO(p_oil,z) * 41.868 * GHGsEF(p_oil,'CO2EF') * (44/12));
2842  GHG_Energy_HH('04_GAS',z)        = sum(p_gas, Gas_CO(p_gas,z) * 41.868 * GHGsEF(p_gas,'CO2EF') * (44/12));
2843  GHG_Energy_HH('10_PETROLCOAL',z) = sum(p_oilproduct, Oilp_CO(p_oilproduct,z) * 41.868 * GHGsEF(p_oilproduct,'CO2EF') * (44/12));
2844   
2845   
2846  * -------------------------------------------------------------------
2847  * 4.2 Base CO2FACTOR Calculations (1 Billion $ = 10,000,000 * 100$)
2848  * -------------------------------------------------------------------
2849  CO2FACTOR('02_COAL',j,z)$(DEO('02_COAL',j,z) > 0)
2850      = GHG_Energy('02_COAL',j,z) / (DEO('02_COAL',j,z) * 10000000);
2851   
2852  CO2FACTOR('03_OIL',j,z)$(DEO('03_OIL',j,z) > 0)
2853      = GHG_Energy('03_OIL',j,z) / (DEO('03_OIL',j,z) * 10000000);
2854   
2855  CO2FACTOR('04_GAS',j,z)$(DEO('04_GAS',j,z) > 0)
2856      = GHG_Energy('04_GAS',j,z) / (DEO('04_GAS',j,z) * 10000000);
2857   
2858  CO2FACTOR('10_PETROLCOAL',j,z)$(DEO('10_PETROLCOAL',j,z) > 0)
2859      = GHG_Energy('10_PETROLCOAL',j,z) / (DEO('10_PETROLCOAL',j,z) * 10000000);
2860   
2861  * Household Intensity (Denominator: Final Consumption CO)
2862  CO2FACTORHH('02_COAL',z,time)$(CO('02_COAL',z) > 0)
2863      = GHG_Energy_HH('02_COAL',z) / (CO('02_COAL',z) * 10000000);
2864   
2865  CO2FACTORHH('03_OIL',z,time)$(CO('03_OIL',z) > 0)
2866      = GHG_Energy_HH('03_OIL',z) / (CO('03_OIL',z) * 10000000);
2867   
2868  CO2FACTORHH('04_GAS',z,time)$(CO('04_GAS',z) > 0)
2869      = GHG_Energy_HH('04_GAS',z) / (CO('04_GAS',z) * 10000000);
2870   
2871  CO2FACTORHH('10_PETROLCOAL',z,time)$(CO('10_PETROLCOAL',z) > 0)
2872      = GHG_Energy_HH('10_PETROLCOAL',z) / (CO('10_PETROLCOAL',z) * 10000000);
2873   
2874  *==============================================================================
2875  * [5] SMOOTHING, CALIBRATION & REGIONAL SCALING
2876  *==============================================================================
2877  * -------------------------------------------------------------------
2878  * 5.1 Global Average Calculations
2879  * -------------------------------------------------------------------
2880  Global_CO2FACTOR('02_COAL',j)$(sum(z, DEO('02_COAL',j,z)) > 0)
2881      = sum(z, GHG_Energy('02_COAL',j,z)) / (sum(z, DEO('02_COAL',j,z)) * 10000000);
2882   
2883  Global_CO2FACTOR('03_OIL',j)$(sum(z, DEO('03_OIL',j,z)) > 0)
2884      = sum(z, GHG_Energy('03_OIL',j,z)) / (sum(z, DEO('03_OIL',j,z)) * 10000000);
2885   
2886  Global_CO2FACTOR('04_GAS',j)$(sum(z, DEO('04_GAS',j,z)) > 0)
2887      = sum(z, GHG_Energy('04_GAS',j,z)) / (sum(z, DEO('04_GAS',j,z)) * 10000000);
2888   
2889  Global_CO2FACTOR('10_PETROLCOAL',j)$(sum(z, DEO('10_PETROLCOAL',j,z)) > 0)
2890      = sum(z, GHG_Energy('10_PETROLCOAL',j,z)) / (sum(z, DEO('10_PETROLCOAL',j,z)) * 10000000);
2891   
2892  * -------------------------------------------------------------------
2893  * 5.2 Outlier Smoothing & Net Zero Feasibility Capping
2894  * -------------------------------------------------------------------
2895  Parameter
2896      Threshold_Multiplier / 2 /
2897      NZ_Safety_Cap        / 2.5 /
2898      Total_Emiss_Ref(z)   "Store total emissions BEFORE calibration"
2899      Scale_Factor(z)      "Regional scale factor to preserve total volume"
2900      Final_Emiss_Check(z) "Validation check for final volume"
2901      Emiss_Diff(z)        "Difference between original and calibrated volumes"
2902  ;
2903   
2904  * [CRITICAL] Save baseline reference volume BEFORE any modifications
2905  Total_Emiss_Ref(z) = sum((ene,j), GHG_Energy(ene,j,z));
2906   
2907  * Step 1: Generic outlier smoothing (Cutoff based on global average)
2908  CO2FACTOR(ene,j,z)$(CO2FACTOR(ene,j,z) > Global_CO2FACTOR(ene,j) * Threshold_Multiplier)
2909      = Global_CO2FACTOR(ene,j);
2910   
2911  * Step 2: Targeted Hard Cap for '17_OTHERIND' (Net Zero Feasibility)
2912  * Suppress extreme noise in the "Other Industry" sector to prevent solver failure.
2913  CO2FACTOR(ene,'17_OTHERIND',z)$(CO2FACTOR(ene,'17_OTHERIND',z) > NZ_Safety_Cap)
2914      = NZ_Safety_Cap;
2915   
2916   
2917  * -------------------------------------------------------------------
2918  * 5.3 Volume Redistribution & Scaling
2919  * -------------------------------------------------------------------
2920  * Calculate scaling factor to redistribute smoothed intensity evenly
2921  Scale_Factor(z)$(sum((ene,j), CO2FACTOR(ene,j,z) * DEO(ene,j,z)) > 0)
2922      = Total_Emiss_Ref(z) / sum((ene,j), CO2FACTOR(ene,j,z) * DEO(ene,j,z) * 10000000);
2923   
2924  * Manual override for PRK (North Korea) due to severe data mismatch
2925  Scale_Factor('06_PRK') = 1.05;
2926   
2927  * Apply regional scale factor to finalize calibrated CO2FACTOR
2928  CO2FACTOR(ene,j,z) = CO2FACTOR(ene,j,z) * Scale_Factor(z);
2929   
2930   
2931  * -------------------------------------------------------------------
2932  * 5.4 Data Integrity Verification & Time Series Assignment
2933  * -------------------------------------------------------------------
2934  Final_Emiss_Check(z) = sum((ene,j), CO2FACTOR(ene,j,z) * DEO(ene,j,z) * 10000000);
2935  Emiss_Diff(z)        = Total_Emiss_Ref(z) - Final_Emiss_Check(z);
2936   
2937  * Prevent zeros or negative values for solver stability (CES function requirement)
2938  CO2FACTOR(ene,j,z)$(CO2FACTOR(ene,j,z) < 0) = 0.1 ;
2939   
2940  * Assign to Time Series Parameter for model baseline
2941  CO2FACTOR2(ene,j,z,time) = CO2FACTOR(ene,j,z);
2942   
2943   
2944   
2945   
2946  *==============================================================================
2947  * Carbon tax & Permit
2948  *==============================================================================
2949  PARAMETER
2950   CTAXO(z)           Initial Carbon tax 100$ per ton CO2
2951   TCTAXO(z)          Initial Government Revenue from Carbon tax
2952   PERMITO(j,z)       ton CO2 emissions
2953   PERMIT_TOTALO(z)   Total CO2 emissions (billion ton)
2954  ;
2955   CTAXO(z)           = 0;
2956   TCTAXO(z)          = 0;
2957   PERMITO(j,z)       = SUM(ene, CO2FACTOR(ene,j,z) * DEO(ene,j,z));
2958   PERMIT_TOTALO(z)   = SUM(j, PERMITO(j,z));
2959   
2960  *==============================================================================
2961  * Marginal Abatement Curves(MAC) for emissions
2962  *==============================================================================
2963  PARAMETER
2964   alpha_CO2(ene,j,z)             Emissions responsiveness parameter
2965   gamma_CO2(ene,j,z)             Adjustment speed parameter
2966   MINCO2FACTOR(ene,j,z)          Minimum CO2 emission factor
2967   CTAX_CO2(ene,j,z,time)
2968   CO2FACTOR2_Star(ene,j,z,time)
2969  ;
2970   alpha_CO2(ene,j,z)     = 0.15;
2971   gamma_CO2(ene,j,z)     = 1.5;
2972   MINCO2FACTOR(ene,j,z)  = CO2FACTOR(ene,j,z) * 0.01;
2973   
2974  SCALAR
2975   adjustment_factor
2976   trigger_price
2977   SolarWind_TFP_BAU
2978   SolarWind_TFP_NDC
2979   SolarWind_TFP_NZ
2980   residual_ratio
2981  ;
2982   
2983   adjustment_factor = 0.5;
2984   trigger_price     = 1.0;
2985   SolarWind_TFP_BAU = 0.02;
2986   SolarWind_TFP_NDC = 0.02;
2987   SolarWind_TFP_NZ  = 0.04;
2988   residual_ratio    = 0.05;
2989   
2990   TIWO_Share(j,z)   = LDO(j,z) / LSO(z);
2991   TIKO_Share(k,j,z) = KDO(k,j,z) / KSO(k,z);
2992   TIPO_Share(j,z)   = XSTO(j,z) / SUM(jj, XSTO(jj,z));
2993   
2994  *==============================================================================
2995  * Direct Air Capture (DAC)
2996  *==============================================================================
2997  PARAMETER
2998   DAC_TRIGGER            DAC trigger Price (100$ per tCO2)
2999   DAC_MAX(z)             Maximum DAC yearly
3000   DAC_growth_rate(z,time)
3001   DAC_Max_Pen(z)         Maximum Penetration
3002   DAC_Logistic_Coeff(z)  Logistic Growth Rate
3003   DAC_Inflection(z)      Inflection Lapse
3004   DAC_Start_Year(z)      First Triggered Year
3005   DAC_Tech_Coeff(i)
3006   switchDAC(z,time)      Binary parameter
3007   ;
3008   SCALAR DAC_Unit_Scale       100MilliontCO2 to tCO2 / 100000000 /;
3009   SCALAR DAC_Elec_Intensity   MWh needed per ton CO2 / 2.5 /;
3010   SCALAR Price_USD_MWh        USD per MWh / 107.14 /;
3011   
3012   DAC_TRIGGER                 = 5.0;
3013   DAC_MAX(z)                  = sum(j,PERMITO(j,z))*0.2;
3014   DAC_MAX('17_ANZ')           = sum(j,PERMITO(j,'17_ANZ'))*0.6;
3015   DAC_growth_rate(z,time)     = 0;
3016   DAC_Max_Pen(z)              = 1.0;
3017   DAC_Logistic_Coeff(z)       = 0.2;
3018   DAC_Inflection(z)           = 15;
3019   DAC_Start_Year(z)           = 0;
3020   DAC_Tech_Coeff('18_ELEC')   = (DAC_Unit_Scale * DAC_Elec_Intensity * Price_USD_MWh) / 10**10;
3021   switchDAC(z,time)           = 0;
3022   
3023  *==============================================================================
3024  * Labour Supply
3025  *==============================================================================
3026  PARAMETER
3027   W_lag(z,time)         Wage rate of type l labor in region z
3028   PIXCON_lag(z,time)    Consumer price index in region z
3029   LS_lag(z,time)        Supply of type l labor in region z (T-1)
3030   LST_lag(z,time)       Supply of type l labor in region z (Trend T-1)
3031  ;
3032   
3033  *==============================================================================
3034  * Residual
3035  *==============================================================================
3036  Parameter MRGN_RES(i) "Residual to absorb initial data discrepancies in global margin supply/demand";
3037  * Calculate difference between initial total supply and total demand as a fixed value
3038  MRGN_RES(i) = SUM(z$MRGNO(i,z), MRGNO(i,z))
3039              - SUM((z,zj,ij)$IMO(ij,zj,z), tmrg(i,ij,zj,z) * IMO(ij,zj,z));
3040   
3041  Parameter YROW_RES(z) "Residual for decimal error in initial data of YROW total revenue";
3042  * Calculate minor difference between book total revenue (YROWO) and sum of individual trade values as a fixed value
3043  YROW_RES(z) = YROWO(z)
3044              - { 1.0 * SUM((i,zj)$IMO(i,zj,z), IMO(i,zj,z) * [PWMO(i,zj,z) + SUM(ij, PWMGO(ij) * tmrg(ij,i,zj,z))]) };
3045   
3046  *==============================================================================
3047  * [Terms of Trade Calibration] Base Year FOB / CIF Values and Weights
3048  *==============================================================================
3049  PARAMETER
3050    VFOB0(i,z,zj)   "Base year FOB value of exports"
3051    VCIF0(i,zj,z)   "Base year CIF value of imports"
3052    W_EXP(i,z,zj)   "Bilateral export weight (Laspeyres)"
3053    W_IMP(i,zj,z)   "Bilateral import weight (Laspeyres)"
3054    PWX0(i,z,zj)    "Base year World FOB price"
3055    PCIF0(i,zj,z)   "Base year World CIF price"
3056    PX_INDEXO(z)    "Base year export price index"
3057    PM_INDEXO(z)    "Base year import price index"
3058    TOTO(z)         "Base year terms of trade"
3059  ;
3060   
3061  * FOB value = export volume * international export price * exchange rate
3062   VFOB0(i,z,zj) = eO(z) * PWXO(i,z,zj) * EXO(i,z,zj);
3063  * CIF value = import volume * (international import price + international transport margin) * exchange rate
3064   VCIF0(i,zj,z) = eO(z) * IMO(i,zj,z) * (PWMO(i,zj,z) + SUM(ij, PWMGO(ij) * tmrg(ij,i,zj,z)));
3065   
3066  * 2. Derive weights (share of each route to total export/import of country z)
3067   W_EXP(i,z,zj)$SUM((ii,zjj), VFOB0(ii,z,zjj)) = VFOB0(i,z,zj) / SUM((ii,zjj), VFOB0(ii,z,zjj));
3068   W_IMP(i,zj,z)$SUM((ii,zjj), VCIF0(ii,zjj,z)) = VCIF0(i,zj,z) / SUM((ii,zjj), VCIF0(ii,zjj,z));
3069   
3070  * 3. Store base year prices (for index denominator)
3071   PWX0(i,z,zj) = PWXO(i,z,zj);
3072   PCIF0(i,zj,z) = PWMO(i,zj,z) + SUM(ij, PWMGO(ij) * tmrg(ij,i,zj,z));
3073   
3074   PX_INDEXO(z) = SUM((i,zj)$VFOB0(i,z,zj), W_EXP(i,z,zj) * (PWXO(i,z,zj) / PWX0(i,z,zj)));
3075   PM_INDEXO(z) = SUM((i,zj)$VCIF0(i,zj,z), W_IMP(i,zj,z) * ( (PWMO(i,zj,z) + SUM(ij, PWMGO(ij) * tmrg(ij,i,zj,z))) / PCIF0(i,zj,z) ));
3076   
3077   TOTO(z)$PM_INDEXO(z) = PX_INDEXO(z) / PM_INDEXO(z);
3078   
3079  *==============================================================================
3080  * Scenario Parameter
3081  *==============================================================================
3082  PARAMETER
3083      A_VA_RES(z,time)                        "Value of A_VA to reproduce real GDP projections"
3084      GX(z,time)                              "Current government expenditures on goods and services in region z"
3085      G_REALX(z,time)                         "Current real government expenditures on goods and services in region z"
3086      INDX(k,j,z,time)                        "Volume of new type k capital investment to industry j in region z"
3087      sh0X(z,time)                            "Intercept (household savings)"
3088      sh1X(z,time)                            "Household savings rate"
3089      phi_trans(time)                         "Transition scalar for structural change"
3090   
3091      delta_t(j, z, time)                     "Annual depreciation rate by industry and region"
3092      delta_base(z)                           "Base macro depreciation rate"
3093      penalty_rate(j)                         "Early retirement (stranded asset) penalty rate"
3094   
3095      Signal(BS, Z_GRN, time)                 "Price signal for backstop technology adoption"
3096      alpha_val(BS)                           "Alpha parameter for TSF multiplier"
3097      Shift_Factor(time)                      "Exogenous shift factor over time"
3098   
3099      Transfer_Amount(BS, Conv, I_BS, Z_GRN)  "Total Beta share transferred from Conventional to Backstop"
3100      gr_BVAT(time)                           "Annual growth rate of new technology productivity"
3101      Temp_Cap(BS, Z_GRN, time)               "Temporary capacity limit for backstop adoption"
3102  ;
3103   
3104  SCALAR Target_Conv_Beta / 0.10 /;
3105   
3106  *==============================================================================
3107  * IAMC Reporting Parameter
3108  *==============================================================================
3109  Scalar
3110  GWhtoEJ GWh to EJ
3111  ktoetoEJ ktoe to EJ
3112  USD2019toUSD2010
3113  ;
3114   
3115  GWhtoEJ  = 3.6/(10**6);
3116  ktoetoEJ = 4.1868/(10**5) ;
3117  USD2019toUSD2010 = 86.5/100 ;
3118  *https://stats.oecd.org/index.aspx?DataSetCode=DACDEFL
3119   
3120  *Scalar CF ktoe to Exajoule ;
3121  *CF = 0.000041868 ;
3122   
3123  execute_unload 'Output_CGE\Baseyear_Calibration.gdx' ;
INCLUDE    C:\Users\kimc0\GUIDE_GLOBAL_CGE\2.GUIDE-GLOBAL-CGE_v2\Model.gms
GAMS 45.7.0  64fbf3ce Jan 18, 2024          WEX-WEI x86 64bit/MS Windows - 04/30/26 12:52:03 Page 2
GUIDE_GLOBAL_CGE Model GTAP11c
C o m p i l a t i o n


3126  *==============================================================================
3127  * GUIDE_GLOBAL_CGE GTAP11c Model
3128  * Version: 2.0
3129  * Author: Jintae Kim
3130  * Original Code Authors: Veronique Robichaud, Andre Lemelin,
3131  * Helene Maisonnave, Bernard Decaluwe (PEP-w-1)
3132  * * Except where otherwise noted, this work is licensed under
3133  * the Creative Commons Attribution-NonCommercial-ShareAlike 3.0
3134  * (CC BY-NC-SA 3.0) License.
3135  * https://creativecommons.org/licenses/by-nc-sa/3.0/
3136  *==============================================================================
3137  *==============================================================================
3138  * Variables (Grouped for Readability)
3139  *==============================================================================
3140  VARIABLES
3141  * --- [1] Volume Variables (Real Quantities) ---
3142   C(i,z,time)             Consumption of commodity i by households in region z
3143   CABX(z,time)            Current account balance of region z in terms of the international currency
3144   CG(i,z,time)            Public consumption of commodity i in region z
3145   CI(j,z,time)            Total intermediate consumption of industry j in region z
3146   CE(j,z,time)            Total intermediate consumption of industry j in region z
3147   CMIN(i,z,time)          Minimum consumption of commodity i by households in region z
3148   CTH_REAL(z,time)        Real household consumption in region z
3149   DD(i,z,time)            Domestic demand for commodity i produced locally in region z
3150   DI(i,j,z,time)          Intermediate consumption of commodity i by industry j in region z
3151   DE(i,j,z,time)          Intermediate energy consumption of commodity i by industry j in region z
3152   DEelec(j2,z,time)       Intermediate energy consumption of commodity i by industry j in region z
3153   DEnelec(j2,z,time)      Intermediate energy consumption of commodity i by industry j in region z
3154   DEcoalgas(j2,z,time)    Intermediate energy consumption of commodity i by industry j in region z
3155   DEoilpetrol(j2,z,time)  Intermediate energy consumption of commodity i by industry j in region z
3156   DIT(i,z,time)           Total intermediate demand of commodity i in region z
3157   DS(j,i,z,time)          Supply of commodity i by sector j to the domestic market
3158   DS_I(i,z,time)          Supply of commodity i to the domestic market of region z
3159   EX(i,z,zj,time)         Quantity of product i exported by country z to country zj
3160   EXT(i,z,time)           Supply of composite commodity i by region z to the export market
3161   EXTT(j,i,z,time)        Supply of activity j to the export market i of region z
3162   G_REAL(z,time)          Current real government expenditures on goods and services in region z
3163   GDP_BP_REAL(z,time)     Real GDP at basic prices
3164   GDP_BP_W_REAL(time)     Real world GDP at basic prices
3165   GDP_MP_REAL(z,time)     Real GDP at market prices
3166   IM(i,zj,z,time)         Quantity of product i imported by country z from country zj
3167   IMT(i,z,time)           Quantity demanded of composite imports of commodity i by region z
3168   IND(k,j,z,time)         Volume of new type k capital investment to industry j in region z
3169   INV(i,z,time)           Final demand of commodity i for investment purposes (GFCF) in region z
3170   IT_REAL(z,time)         Real gross fixed capital formation
3171   KD(k,j,z,time)          Demand for type k capital by industry j in region z
3172   KDC(j,z,time)           Demand for composite capital by industry j in region z
3173   KS(k,z,time)            Supply of type k capital in region z
3174   LD(j,z,time)            Demand for type l labor by industry j in region z
3175   LDC(j,z,time)           Demand for composite labor by industry j in region z
3176   LS(z,time)              Supply of type l labor in region z
3177   LST(z,time)             Supply of type l labor in region z (Trend)
3178   MRGN(i,z,time)          Domestic production of commodity i in region z exported as international margin services
3179   Q(i,z,time)             Quantity demanded of composite commodity i in region z
3180   VA(j,z,time)            Value added of industry j in region z
3181   KLE(j,z,time)           KLE of industry j in region z
3182   XS(j,i,z,time)          Total output of industry j by commodity in region z
3183   XS_I(i,z,time)          Total output of commodity i in region z
3184   XST(j,z,time)           Total aggregate output of industry j in region z
3185   QPOWER(z,time)          Total power output in region z
3186   QBS(BS,Z_GRN,time)      Total ironstl output in region z
3187   QDAC(z,time)            Direct Air Capture (DAC) volume (100ktCO2)
3188   TSFD(j,Z_GRN,time)      Demand for Technology Specific Factor (TSF) in backstop sectors
3189   VAT(BS,Z_GRN,time)      Quantity of Value-Added and TSF composite
3190   
3191  * --- [2] Price Variables ---
3192   e(z,time)               Exchange rate (price of international currency in terms of region z local currency)
3193   IR(z,time)              Interest rate
3194   P(i,z,time)             Basic price of commodity i in region z
3195   P2(j,i,z,time)          Basic price of industry js production of commodity i
3196   P3(i,j,z,time)          Basic price of power industry js production of commodity i
3197   P4(ene,j,z,time)        Basic energy commodity price of industry js production of commodity i
3198   PPOWER(z,time)          Basic price of composite power commodity in region z
3199   PBS(BS,Z_GRN,time)      Basic price of composite BS commodity in region z
3200   PI(i,z,time)            Basic price of composite activity commodity in region z
3201   PT(j,z,time)            Basic price of industry js output
3202   PC(i,z,time)            Purchaser price of composite commodity i (including all taxes and margins) in region z
3203   PCI(j,z,time)           Intermediate consumption price index of industry j in region z
3204   PCE(j,z,time)           Intermediate energy consumption price index of industry j in region z
3205   PCEelec(j2,z,time)      Intermediate energy consumption price index of industry j in region z
3206   PCEnelec(j2,z,time)     Intermediate energy consumption price index of industry j in region z
3207   PCEcoalgas(j2,z,time)   Intermediate energy consumption price index of industry j in region z
3208   PCEoilpetrol(j2,z,time) Intermediate energy consumption price index of industry j in region z
3209   PD(i,z,time)            Price of local product i sold on region z domestic market (including all taxes)
3210   PE(i,z,zj,time)         Price received for commodity i exported to region zj by region z (excluding export taxes)
3211   PET(i,z,time)           Border price of composite commodity i exported by region z
3212   PIXCON(z,time)          Consumer price index in region z
3213   PIXGDP(z,time)          GDP deflator in region z
3214   PIXGDP_W(time)          World GDP deflator
3215   PIXGVT(z,time)          Public expenditures price index in region z
3216   PIXINV(z,time)          Investment price index in region z
3217   PK(z,time)              Price of new capital in region z
3218   PL(i,z,time)            Price of local product i (excluding all taxes on products) in region z
3219   PM(i,zj,z,time)         Price of commodity i imported by region z from region zj (including all taxes duties and margins)
3220   PMT(i,z,time)           Price of composite commodity i imported by region z (including all taxes duties and margins)
3221   PP(j,z,time)            Unit cost of industry j in region z including taxes directly related to capital and labor
3222   PVA(j,z,time)           Price of industry j value added in region z (including taxes on production directly related to capital and labor)
3223   PKLE(j,z,time)          Price of industry j KLE in region z
3224   PWM(i,zj,z,time)        World price of commodity i imported from country zj by region z (expressed in international currency)
3225   PWMG(i,time)            World price of margin i (expressed in international currency)
3226   PWX(i,z,zj,time)        World price of commodity i exported to country zj by region z (expressed in international currency)
3227   R(k,j,z,time)           Rental rate of type k capital in industry j of region z
3228   RC(j,z,time)            Rental rate of industry j composite capital in region z
3229   RTI(k,j,z,time)         Rental rate paid by industry j for type k capital in region z including capital taxes
3230   U(z,time)               User cost of capital in region z
3231   W(z,time)               Wage rate of type l labor in region z
3232   WC(j,z,time)            Wage rate of industry j composite labor in region z
3233   WTI(j,z,time)           Wage rate paid z by industry j for type l labor in region including payroll taxes
3234   PVAT(BS,Z_GRN,time)     Price of VAT composite
3235   PTSF(BS,Z_GRN,time)     Price of TSF
3236   PX_INDEX(z,time)        Export price index (World FOB base)
3237   PM_INDEX(z,time)        Import price index (World CIF base)
3238   TOT(z,time)             Terms of Trade (PX_INDEX  PM_INDEX)
3239   
3240  * --- [3] Nominal (Value) Variables ---
3241   CAB(z,time)             Current account balance of region z
3242   CTH(z,time)             Consumption budget of households in region z
3243   DEP(z,time)             Amount of depreciation (capital consumption allowance) in region z
3244   G(z,time)               Current government expenditures on goods and services in region z
3245   GDP_BP(z,time)          Region z GDP at basic prices
3246   GDP_BP_W(time)          World GDP at basic prices
3247   GDP_FD(z,time)          Region z GDP at purchasers prices from the perspective of final demand
3248   GDP_IB(z,time)          Region z GDP at market prices (income-based)
3249   GDP_MP(z,time)          Region z GDP at market prices
3250   IT(z,time)              Total investment expenditures in region z
3251   SG(z,time)              Government savings in region z
3252   SH(z,time)              Household savings in region z
3253   SROW(z,time)            Rest-of-the-world savings with respect to region z
3254   TDH(z,time)             Household income taxes in region z
3255   TIC(i,z,time)           Government revenue from indirect taxes on commodity i in region z
3256   TICT(z,time)            Total government receipts of indirect taxes on commodities in region z
3257   TIK(k,j,z,time)         Government revenue from taxes on type k capital used by industry j in region z
3258   TIKT(z,time)            Total government revenue from from taxes on capital in region z
3259   TIM(i,zj,z,time)        Government revenue from duties on commodity i imported from region zj by region z
3260   TIMT(z,time)            Total government revenue from import duties in region z
3261   TIP(j,z,time)           Government revenue from taxes on industry j production in region z
3262   TIPT(z,time)            Total government revenue from production taxes in region z
3263   TIW(j,z,time)           Government revenue from payroll taxes on type l labor in industry j of region z
3264   TIWT(z,time)            Total government revenue from payroll taxes in region z
3265   TIX(i,z,zj,time)        Government revenue from export taxes on commodity i exported by region z to region zj
3266   TIXT(z,time)            Total government revenue from export taxes in region z
3267   TPRCTS(z,time)          Total government revenue from taxes on products and imports in region z
3268   TPRODN(z,time)          Total government revenue from other taxes on production in region z
3269   YDH(z,time)             Household disposable income in region z
3270   YG(z,time)              Total government income in region z
3271   YH(z,time)              Household total income in region z
3272   YHK(z,time)             Household capital income in region z
3273   YHL(z,time)             Household labor income in region z
3274   YROW(z,time)            Rest-of-the-world total income from region z
3275   
3276  * --- [4] Policy & Other Variables ---
3277   CTAX(z,time)            Carbon tax in region z
3278   TCTAX(z,time)           Government revenue from Carbon tax
3279   PERMIT(j,z,time)        Permits by sector
3280   PERMIT_TOTAL(z,time)    Total permits
3281   REBATE(z,time)          Carbon tax rebate
3282   phi(z,time)             Scale variable (allocation of investment to industries)
3283   sh0(z,time)             Intercept (household savings)
3284   sh1(z,time)             Slope (household savings)
3285   ttdh0(z,time)           Intercept (household income tax)
3286   ttdh1(z,time)           Slope (household income tax)
3287   ttic(i,z,time)          Tax rate on commodity i
3288   ttik(k,j,z,time)        Tax rate on capital k used in industry j
3289   ttim(i,zj,z,time)       Rate of taxes and duties on imports of commodity i from country zj
3290   ttip(j,z,time)          Tax rate on the production of industry j
3291   ttiw(j,z,time)          Tax rate on type l worker compensation in industry j
3292   ttix(i,z,zj,time)       Export tax rate on exported commodity i
3293   A_VA(z,time)            Multifactor productivity
3294   LEON(z,time)            Excess supply on the last market in region z
3295   OBJ                     Objective function variable
3296  ;
3297   
3298  *==============================================================================
3299  * Equations Declaration
3300  *==============================================================================
3301  EQUATIONS
3302  * --- Production and Inputs ---
3303   EQ_PRD_VA(j,z,time)           Leontief - demand for value added
3304   EQ_PRD_KLE(j,z,time)          Leontief - demand for KLE (Industries)
3305   EQ_PRD_INT(j,z,time)          Leontief - demand for intermediate consumption
3306   EQ_PRD_INT_ENE(j,z,time)      Leontief - demand for intermediate energy consumption (Energy Industries)
3307   EQ_PRD_CES_VA(j,z,time)       CES - combination of labor and capital
3308   EQ_PRD_CES_KLE(j,z,time)      CES - combination of composite energy and value added
3309   EQ_PRD_CES_LDC(j,z,time)      CES - demand for composite labor
3310   EQ_PRD_CES_VA_ENE(j,z,time)   Demand for value added relative to composite energy
3311   EQ_PRD_CES_LD(j,z,time)       CES between labor categories
3312   EQ_PRD_CES_KDC(j,z,time)      CES between capital categories
3313   EQ_PRD_CES_KD(k,j,z,time)     Demand for capital
3314   EQ_PRD_LEO_DI(i,j,z,time)     Leontief - demand for commodity i by sector j
3315   EQ_PRD_LEO_DE(ene,j3,z,time)  Energy nesting
3316   EQ_PRD_CES_ENE_LVL1(j2,z,time) Nested CES - Level 1
3317   EQ_PRD_CES_ENE_LVL2(j2,z,time) Nested CES - Level 2
3318   EQ_PRD_CES_ENE_LVL3(j2,z,time) Nested CES - Level 3
3319   EQ_PRD_CES_ENE_LVL4(j2,z,time) Nested CES - Level 4
3320   EQ_PRD_CES_ENE_LVL5(ene2,j2,z,time) Nested CES - Level 5
3321   EQ_PRD_CES_ENE_LVL6(ene5,j2,z,time) Nested CES - Level 6
3322   EQ_PRD_CES_ENE_LVL7(ene6,j2,z,time) Nested CES - Level 7
3323   
3324  * --- Income and Savings ---
3325   EQ_INC_YH(z,time)             Household total income
3326   EQ_INC_YHL(z,time)            Household labor income
3327   EQ_INC_YHK(z,time)            Household capital income
3328   EQ_INC_YDH(z,time)            Household disposable income
3329   EQ_SAV_CTH(z,time)            Household consumption budget
3330   EQ_SAV_SH(z,time)             Household savings
3331   EQ_INC_YG(z,time)             Government total income
3332   EQ_TAX_TCTAX(z,time)          Government revenue from Ctax
3333   EQ_TAX_TPRODN(z,time)         Total government receipts of taxes on production
3334   EQ_TAX_TIWT(z,time)           Government receipts of indirect taxes on wages
3335   EQ_TAX_TIKT(z,time)           Government receipts of indirect taxes on capital
3336   EQ_TAX_TIPT(z,time)           Government receipts of indirect taxes on production
3337   EQ_TAX_TPRCTS(z,time)         Total government receipts of taxes on products and imports
3338   EQ_TAX_TICT(z,time)           Government receipts of indirect taxes on consumption
3339   EQ_TAX_TIMT(z,time)           Government receipts of indirect taxes on imports
3340   EQ_TAX_TIXT(z,time)           Government receipts of indirect taxes on exports
3341   EQ_TAX_TDH(z,time)            Household income taxes
3342   EQ_TAX_TIW(j,z,time)          Government receipts of indirect taxes on wages
3343   EQ_TAX_TIK(k,j,z,time)        Government receipts of indirect taxes on capital
3344   EQ_TAX_TIP(j,z,time)          Government receipts of indirect taxes on production of industry j
3345   EQ_TAX_TIC(i,z,time)          Government receipts of indirect taxes on commodity i
3346   EQ_TAX_TIM(i,zj,z,time)       Government receipts of indirect taxes on imports of commodity i
3347   EQ_TAX_TIX(i,z,zj,time)       Government receipts of indirect taxes on exports of commodity i
3348   EQ_SAV_SG(z,time)             Government savings
3349   EQ_INC_YROW(z,time)           Rest of the world total income
3350   EQ_SAV_SROW(z,time)           Rest of the world savings
3351   EQ_SAV_CAB(z,time)            Equivalence between current account balance and savings
3352   
3353  * --- Demand and Trade ---
3354   EQ_DMD_C(i,z,time)            Household consumption of commodity i
3355   EQ_DMD_INV(i,z,time)          Final demand of commodity i for investment purposes
3356   EQ_DMD_CG(i,z,time)           Public final consumption of commodity i
3357   EQ_DMD_DIT_NENE(i,z,time)     Total intermediate consumption of commodity i
3358   EQ_DMD_DIT_ENE1(i,z,time)     Total intermediate consumption of commodity i
3359   EQ_DMD_DIT_ENE2(i,z,time)     Total intermediate consumption of commodity i
3360   EQ_TRD_DS_I(i,z,time)         Domestic supply by commdities
3361   EQ_TRD_XST(j,z,time)          Total supply by commdities
3362   EQ_TRD_CET_DOM(i,z,time)      CET function between exports local production and margins
3363   EQ_TRD_EXT(i,z,time)          Supply of composite exports
3364   EQ_TRD_MRGN(i,z,time)         Supply of margins
3365   EQ_TRD_CET_EXP(i,z,time)      CET function between exports by trading partner
3366   EQ_TRD_EX(i,z,zj,time)        Supply of exports by trading partner
3367   EQ_TRD_CES_IMP(i,z,time)      CES function between composite imports and local production
3368   EQ_TRD_IMT(i,z,time)          Demand for composite imports
3369   EQ_TRD_CES_ORG(i,z,time)      CES function between imports by origin
3370   EQ_TRD_IM(i,zj,z,time)        Demand for imports by origin
3371   
3372  * --- Prices ---
3373   EQ_PRC_PP_ENE(j,z,time)       Producer price in energy industries j after production taxes
3374   EQ_PRC_PP_IND(j,z,time)       Producer price in industry j after production taxes
3375   EQ_PRC_PT(j,z,time)           Basic price of industry j production
3376   EQ_PRC_PCI(j,z,time)          Price index of industry j intermediate consumption
3377   EQ_PRC_PCE(j2,z,time)         Price index nested CES
3378   EQ_PRC_PCE_ENE(j3,z,time)     Price index nested CES
3379   EQ_PRC_PCE_ELEC(j2,z,time)    Price index nested CES
3380   EQ_PRC_PCE_NELEC(j2,z,time)   Price index nested CES
3381   EQ_PRC_PCE_COALGAS(j2,z,time) Price index nested CES
3382   EQ_PRC_PCE_OILPETROL(j2,z,time) Price index nested CES
3383   EQ_PRC_PVA(j,z,time)          Value added price
3384   EQ_PRC_PKLE(j,z,time)         KLE price
3385   EQ_PRC_WC(j,z,time)           Price of composite labor in industry j
3386   EQ_PRC_WTI(j,z,time)          Wages including taxes
3387   EQ_PRC_P4(ene,j,z,time)       Energy commodity prices
3388   EQ_PRC_RTI(k,j,z,time)        Rental rate including taxes
3389   EQ_PRC_P(i,z,time)            Producer price is a weighted sum of PE and PL
3390   EQ_PRC_PE(i,z,zj,time)        Border price of exported commodity i
3391   EQ_PRC_PD(i,z,time)           Price of local product i (including all taxes and margins)
3392   EQ_PRC_PM(i,zj,z,time)        Price of imported commodity i (including all taxes and duties)
3393   EQ_PRC_PC(i,z,time)           Consumer price is a weighted sum of PD and PM
3394   EQ_MAC_PIXGDP(z,time)         GDP deflator (Fischer index)
3395   EQ_MAC_PIXGDP_W(time)         World GDP deflator (Fischer index)
3396   EQ_MAC_PIXCON(z,time)         Consumer price index (Laspeyres)
3397   EQ_MAC_PIXINV(z,time)         Investment price index (derived from investment function)
3398   EQ_MAC_PIXGVT(z,time)         Public expenditure price index
3399   
3400  * --- Equilibrium and Macro ---
3401   EQ_MKT_Q(i1,z,time)           Domestic absorbtion
3402   EQ_MKT_LS(z,time)             Labor supply equals labor demand
3403   EQ_MKT_KS(k,z,time)           Capital supply equals capital demand
3404   EQ_MKT_IT(z,time)             Total investment equals total savings
3405   EQ_MAC_DEP(z,time)            Depreciation
3406   EQ_MKT_DS(i,z,time)           Supply of domestic production equals demand
3407   EQ_MKT_EX(i,z,zj,time)        Exports supply equals imports demand
3408   EQ_MKT_PWX(i,z,zj,time)       Exports price equals imports price
3409   EQ_MKT_MRGN(i,time)           World demand for margins equals world supply
3410   EQ_MAC_GDP_BP(z,time)         GDP at basic prices
3411   EQ_MAC_GDP_MP(z,time)         GDP at market prices
3412   EQ_MAC_GDP_IB(z,time)         GDP at market prices (income-based)
3413   EQ_MAC_GDP_FD(z,time)         GDP at market prices (expenditure-based)
3414   EQ_MAC_GDP_BP_W(time)         World GDP
3415   EQ_MAC_CTH_REAL(z,time)       Real consumption budget of type h households
3416   EQ_MAC_G_REAL(z,time)         Real current government expenditures on goods and services
3417   EQ_MAC_GDP_BP_REAL(z,time)    Real GDP at basic prices
3418   EQ_MAC_GDP_BP_W_REAL(time)    Real world GDP at basic prices
3419   EQ_MAC_GDP_MP_REAL(z,time)    Real GDP at market prices
3420   EQ_MAC_IT_REAL(z,time)        Real gross fixed capital formation
3421   EQ_MAC_CABX(z,time)           Current account balance of region z in terms of the reference currency
3422   EQ_MKT_WALRAS(z,time)         Walras law verification
3423   
3424  * --- Nested Trade & Output ---
3425   EQ_TRD_TnD(z,time)            Top Nest - Leontief function Aggregated-Electricity
3426   EQ_TRD_ELEC(Z,time)           Top Nest - Leontief function Aggregated-Electricity
3427   EQ_TRD_BS_GRN(BS, Conv, I_BS, Z_GRN, time)       Top Nest - Other
3428   EQ_TRD_BS_OTH(BS, Conv, I_BS, Z_OTH, time)       Top Nest - OTH IRONSTAL
3429   EQ_TRD_QPOWER(z,time)         Second Nest - CES function - Aggregated-Electricity
3430   EQ_TRD_POWER(POWER,i,z,time)  Second Nest - CES function - Aggregated-Electricity
3431   EQ_TRD_QBS(BS, Conv, I_BS, Z_GRN, time)          Second Nest - CES function - Aggregated-Backstop
3432   EQ_TRD_CONV(BS, Conv, I_BS, Z_GRN, time)
3433   EQ_TRD_BS(BS, Conv, I_BS, Z_GRN, time)
3434   EQ_TRD_XS_I(i2,z,time)        Industry j production of commodity i (CES)
3435   EQ_TRD_XS(j,i2,z,time)        Industry j production
3436   EQ_TRD_P2_PT(j,i,z,time)      Total producer price is equal to P if there is only one product
3437   EQ_TRD_P2_VAL(j,i,z,time)     Basic price of industry js production of commodity i
3438   EQ_TRD_EXTT(j,i,z,time)       Supply of exports for compsite activity
3439   
3440  * --- Dynamics and Labor ---
3441   EQ_DYN_IT(z,time)             Total investment expenditure constraint
3442   EQ_DYN_PK(z,time)             Aggregate price of capital
3443   EQ_DYN_IND(k,bus,z,time)      Investment demand by industry
3444   EQ_DYN_IR(z,time)             Interest rate (weighted average rate of return on capital)
3445   EQ_DYN_U(z,time)              User cost of capital
3446   EQ_DYN_LS(z,time)             Labor supply
3447   
3448  * --- Climate Policy (CTAX, Permits, DAC) ---
3449   EQ_POL_PERMIT(j,z,time)       Permit calculation by sector
3450   EQ_POL_PERMIT_TOT(z,time)     Total permits
3451   EQ_POL_REBATE(z,time)         Carbon tax rebate
3452   EQ_POL_QDAC(z,time)           DAC volume
3453   EQ_OBJ                        Objective function
3454   
3455  * --- Green Steel (VAT Nest) ---
3456   EQ_TSFMKT(BS,Z_GRN,time)   TSF Market clearing condition
3457   EQ_TSFD(BS,Z_GRN,time)     Demand function for TSF (Leontief)
3458   EQ_VAT_REQ(BS,Z_GRN, time) VAT composite requirement
3459   EQ_PVAT(BS,Z_GRN, time)    Price of VAT composite
3460   EQ_VA_GRN(BS,Z_GRN, time)  Value added for Green Steel
3461   EQ_PP_GRN(BS,Z_GRN, time)  Producer price for Green Steel
3462   
3463  * --- Terms of Trade ---
3464   EQ_PX_INDEX(z,time)     Export price index equation
3465   EQ_PM_INDEX(z,time)     Import price index equation
3466   EQ_TOT(z,time)          Terms of Trade equation
3467  ;
3468   
3469  *==============================================================================
3470  * Equation Definitions
3471  *==============================================================================
3472   
3473  *==============================================================================
3474  * Production
3475  *==============================================================================
3476  EQ_PRD_VA(j3,z,t)$[not BS(j3)]..
3477      VA(j3,z,t) =e= v(j3,z) * XST(j3,z,t);
3478   
3479  EQ_PRD_KLE(j2,z,t)..
3480      KLE(j2,z,t) =e= v2(j2,z) * XST(j2,z,t);
3481   
3482  EQ_PRD_INT(j,z,t)..
3483      CI(j,z,t) =e= io(j,z) * XST(j,z,t);
3484   
3485  EQ_PRD_INT_ENE(j3,z,t)..
3486      CE(j3,z,t) =e= io2(j3,z) * XST(j3,z,t);
3487   
3488  EQ_PRD_CES_VA(j,z,t)$[XSTO(j,z)]..
3489      VA(j,z,t) =e= A_VA(z,t) * B_VA_t(j,z,t) * {
3490                    [beta_VA(j,z) * LDC(j,z,t)**(-rho_VA(j,z))]$LDCO(j,z)
3491                  + [(1 - beta_VA(j,z)) * KDC(j,z,t)**(-rho_VA(j,z))]$KDCO(j,z)
3492                  }**(-1 / rho_VA(j,z));
3493   
3494  EQ_PRD_CES_KLE(j2,z,t)..
3495      KLE(j2,z,t) =e= B_KLE(j2,z) * {
3496                      [beta_KLE(j2,z) * VA(j2,z,t)**(-rho_KLE(j2,z))]$VAO(j2,z)
3497                    + [(1 - beta_KLE(j2,z)) * CE(j2,z,t)**(-rho_KLE(j2,z))]$CEO(j2,z)
3498                    }**(-1 / rho_KLE(j2,z));
3499   
3500  EQ_PRD_CES_VA_ENE(j2,z,t)$[VAO(j2,z) and CEO(j2,z)]..
3501      VA(j2,z,t) * (beta_KLE2(j2,z)**sigma_KLE(j2,z)) * (PVA(j2,z,t)**sigma_KLE(j2,z))
3502      =e= ((1 - beta_KLE2(j2,z))**sigma_KLE(j2,z)) * (PCE(j2,z,t)**sigma_KLE(j2,z)) * CE(j2,z,t);
3503   
3504  EQ_PRD_CES_LDC(j,z,t)$[LDCO(j,z) and KDCO(j,z)]..
3505      LDC(j,z,t) =e= {[beta_VA(j,z) / (1 - beta_VA(j,z))]
3506                     *[RC(j,z,t) / WC(j,z,t)]}**sigma_VA(j,z) * KDC(j,z,t);
3507   
3508  EQ_PRD_CES_LD(j,z,t)$LDCO(j,z)..
3509      LDC(j,z,t) =e= LD(j,z,t);
3510   
3511  EQ_PRD_CES_KDC(j,z,t)$KDCO(j,z)..
3512      KDC(j,z,t) =e= B_KD(j,z) * SUM[k$KDO(k,j,z), beta_KD(k,j,z)
3513                     * KD(k,j,z,t)**(-rho_KD(j,z))]**(-1 / rho_KD(j,z));
3514   
3515  EQ_PRD_CES_KD(k,j,z,t)$KDO(k,j,z)..
3516      KD(k,j,z,t) =e= [beta_KD(k,j,z) * RC(j,z,t) / RTI(k,j,z,t)]**sigma_KD(j,z)
3517                    * B_KD(j,z)**(sigma_KD(j,z) - 1) * KDC(j,z,t);
3518   
3519  EQ_PRD_LEO_DI(nene,j,z,t)..
3520      DI(nene,j,z,t) =e= aij_t(nene,j,z,t) * CI(j,z,t);
3521   
3522  EQ_PRD_LEO_DE(ene,j3,z,t)..
3523      DE(ene,j3,z,t) =e= aij2_t(ene,j3,z,t) * CE(j3,z,t) ;
3524   
3525  *============================= Level 1, 2, 3 (CES Energy Nesting) =====================
3526  EQ_PRD_CES_ENE_LVL1(j2,z,t)..
3527      CE(j2,z,t) =e= B_ENER_elec(j2,z) * {
3528                     [(beta_ENER_elec(j2,z)) * DEelec(j2,z,t)**(-rho_ENER_elec(j2,z))]
3529                   + [(1 - beta_ENER_elec(j2,z)) * DEnelec(j2,z,t)**(-rho_ENER_elec(j2,z))]
3530                   }**(-1 / rho_ENER_elec(j2,z));
3531   
3532  EQ_PRD_CES_ENE_LVL2(j2,z,t)..
3533      DEnelec(j2,z,t) =e= {[(1 - beta_ENER_elec(j2,z)) / (beta_ENER_elec(j2,z))]
3534                          *[PCEelec(j2,z,t) / PCEnelec(j2,z,t)]}**sigma_ENER_elec(j2,z) * DEelec(j2,z,t);
3535   
3536  EQ_PRD_CES_ENE_LVL3(j2,z,t)..
3537      DEnelec(j2,z,t) =e= B_ENER_nelec(j2,z) * {
3538                          [(beta_ENER_nelec(j2,z)) * DEcoalgas(j2,z,t)**(-rho_ENER_nelec(j2,z))]
3539                        + [(1 - beta_ENER_nelec(j2,z)) * DEoilpetrol(j2,z,t)**(-rho_ENER_nelec(j2,z))]
3540                        }**(-1 / rho_ENER_nelec(j2,z));
3541   
3542  EQ_PRD_CES_ENE_LVL4(j2,z,t)..
3543      DEoilpetrol(j2,z,t) =e= {[(1 - beta_ENER_nelec(j2,z)) / (beta_ENER_nelec(j2,z))]
3544                              *[PCEcoalgas(j2,z,t) / PCEoilpetrol(j2,z,t)]}**sigma_ENER_nelec(j2,z) * DEcoalgas(j2,z,t);
3545   
3546  EQ_PRD_CES_ENE_LVL5(ene2,j2,z,t)..
3547      DE(ene2,j2,z,t) =e= DEelec(j2,z,t) ;
3548   
3549  EQ_PRD_CES_ENE_LVL6(ene5,j2,z,t)..
3550      DE(ene5,j2,z,t) =e= [beta_ENER_coalgas(ene5,j2,z) * PCEcoalgas(j2,z,t) / (P4(ene5,j2,z,t) + P4(ene5,j2,z,t) * CTAX(z,t) * CO2FACTOR2(ene5,j2,z,t))]
3551                          **sigma_ENER_coalgas(j2,z) * B_ENER_coalgas(j2,z)**(sigma_ENER_coalgas(j2,z) - 1)
3552                          * DEcoalgas(j2,z,t);
3553   
3554  EQ_PRD_CES_ENE_LVL7(ene6,j2,z,t)..
3555      DE(ene6,j2,z,t) =e= [beta_ENER_oilprod(ene6,j2,z) * PCEoilpetrol(j2,z,t) / (P4(ene6,j2,z,t) + P4(ene6,j2,z,t) * CTAX(z,t) * CO2FACTOR2(ene6,j2,z,t))]
3556                          **sigma_ENER_oilprod(j2,z) * B_ENER_oilprod(j2,z)**(sigma_ENER_oilprod(j2,z) - 1)
3557                          * DEoilpetrol(j2,z,t);
3558   
3559  *==============================================================================
3560  * Income and savings
3561  *==============================================================================
3562  EQ_INC_YH(z,t)..
3563      YH(z,t) =e= YHL(z,t) + YHK(z,t) + REBATE(z,t) * recycle_hou(z,t)
3564                + SUM((BS, Z_GRN)$sameas(z, Z_GRN), PTSF(BS, Z_GRN, t) * TSFD(BS, Z_GRN, t));
3565   
3566  EQ_INC_YHL(z,t)..
3567      YHL(z,t) =e= SUM[(j)$LDO(j,z), W(z,t) * (LD(j,z,t))];
3568   
3569  EQ_INC_YHK(z,t)..
3570      YHK(z,t) =e= SUM[(k,j)$KDO(k,j,z), R(k,j,z,t) * (KD(k,j,z,t))];
3571   
3572  EQ_INC_YDH(z,t)..
3573      YDH(z,t) =e= YH(z,t) - TDH(z,t);
3574   
3575  EQ_SAV_CTH(z,t)..
3576      CTH(z,t) =e= YDH(z,t) - SH(z,t);
3577   
3578  EQ_SAV_SH(z,t)..
3579      SH(z,t) =e= PIXCON(z,t)**eta * sh0(z,t) + sh1(z,t) * YDH(z,t);
3580   
3581  *==============================================================================
3582  * Government
3583  *==============================================================================
3584  EQ_INC_YG(z,t)..
3585      YG(z,t) =e= TDH(z,t) + TPRODN(z,t) + TPRCTS(z,t) + REBATE(z,t) * recycle_gov(z,t) - SUM(i1, PC(i1,z,t) * QDAC(z,t) * DAC_Tech_Coeff(i1));
3586   
3587  EQ_TAX_TCTAX(z,t)..
3588      TCTAX(z,t) =e= SUM((ene,j), PC(ene,z,t) * CTAX(z,t) * CO2FACTOR2(ene,j,z,t) * DE(ene,j,z,t));
3589   
3590  EQ_TAX_TPRODN(z,t)..
3591      TPRODN(z,t) =e= TIWT(z,t) + TIKT(z,t) + TIPT(z,t);
3592   
3593  EQ_TAX_TIWT(z,t)..
3594      TIWT(z,t) =e= SUM[(j)$LDO(j,z), TIW(j,z,t)] ;
3595   
3596  EQ_TAX_TIKT(z,t)..
3597      TIKT(z,t) =e= SUM[(k,j)$KDO(k,j,z), TIK(k,j,z,t)] ;
3598   
3599  EQ_TAX_TIPT(z,t)..
3600      TIPT(z,t) =e= SUM[j, TIP(j,z,t)] ;
3601   
3602  EQ_TAX_TPRCTS(z,t)..
3603      TPRCTS(z,t) =e= TICT(z,t) + TIMT(z,t) + TIXT(z,t);
3604   
3605  EQ_TAX_TICT(z,t)..
3606      TICT(z,t) =e= SUM[i, TIC(i,z,t)];
3607   
3608  EQ_TAX_TIMT(z,t)..
3609      TIMT(z,t) =e= SUM[(i,zj)$IMO(i,zj,z), TIM(i,zj,z,t)];
3610   
3611  EQ_TAX_TIXT(z,t)..
3612      TIXT(z,t) =e= SUM[(i,zj)$EXO(i,z,zj), TIX(i,z,zj,t)];
3613   
3614  EQ_TAX_TDH(z,t)..
3615      TDH(z,t) =e= PIXCON(z,t)**eta * ttdh0(z,t) + ttdh1(z,t) * YH(z,t);
3616   
3617  EQ_TAX_TIW(j,z,t)$LDO(j,z)..
3618      TIW(j,z,t) =e= ttiw(j,z,t) * W(z,t) * (LD(j,z,t)) ;
3619   
3620  EQ_TAX_TIK(k,j,z,t)$KDO(k,j,z)..
3621      TIK(k,j,z,t) =e= ttik(k,j,z,t) * R(k,j,z,t) * (KD(k,j,z,t));
3622   
3623  EQ_TAX_TIP(j,z,t)..
3624      TIP(j,z,t) =e= ttip(j,z,t) * PP(j,z,t) * XST(j,z,t);
3625   
3626  EQ_TAX_TIC(i,z,t)..
3627      TIC(i,z,t) =e= ttic(i,z,t) * {
3628                     [PL(i,z,t) * DD(i,z,t)]$DDO(i,z)
3629                   + [SUM[zj$IMO(i,zj,z), (1 + ttim(i,zj,z,t)) * IM(i,zj,z,t) * e(z,t)
3630                     *(PWM(i,zj,z,t) + SUM(ij, PWMG(ij,t) * tmrg(ij,i,zj,z)))]]
3631                   };
3632   
3633  EQ_TAX_TIM(i,zj,z,t)$IMO(i,zj,z)..
3634      TIM(i,zj,z,t) =e= ttim(i,zj,z,t) * IM(i,zj,z,t) * e(z,t) * (PWM(i,zj,z,t) + SUM[ij, PWMG(ij,t) * tmrg(ij,i,zj,z)]);
3635   
3636  EQ_TAX_TIX(i,z,zj,t)$EXO(i,z,zj)..
3637      TIX(i,z,zj,t) =e= ttix(i,z,zj,t) * PE(i,z,zj,t) * EX(i,z,zj,t);
3638   
3639  EQ_SAV_SG(z,t)..
3640      SG(z,t) =e= YG(z,t) - G(z,t);
3641   
3642  *==============================================================================
3643  * Rest of the world
3644  *==============================================================================
3645  EQ_INC_YROW(z,t)..
3646      YROW(z,t) =e= e(z,t) * SUM{(i,zj)$IMO(i,zj,z), IM(i,zj,z,t) * [PWM(i,zj,z,t) + SUM(ij, PWMG(ij,t) * tmrg(ij,i,zj,z))]}+YROW_RES(z);
3647   
3648  EQ_SAV_SROW(z,t)..
3649      SROW(z,t) =e= YROW(z,t) - e(z,t) * SUM[(i,zj)$EXO(i,z,zj), EX(i,z,zj,t) * PWX(i,z,zj,t)]
3650                    - e(z,t) * SUM[i$MRGNO(i,z), MRGN(i,z,t) * PWMG(i,t)];
3651   
3652  EQ_SAV_CAB(z,t)..
3653      SROW(z,t) =e= -CAB(z,t);
3654   
3655  *==============================================================================
3656  * Demand
3657  *==============================================================================
3658  EQ_DMD_C(i,z,t)..
3659      PC(i,z,t) * C(i,z,t) =e= PC(i,z,t) * (CMIN(i,z,t))
3660                             + gamma_LES(i,z) * {CTH(z,t) - SUM[ij, PC(ij,z,t) * (CMIN(ij,z,t))]};
3661   
3662  EQ_DMD_INV(i,z,t)..
3663      PC(i,z,t) * INV(i,z,t) =e= gamma_INV(i,z) * IT(z,t);
3664   
3665  EQ_DMD_CG(i,z,t)..
3666      PC(i,z,t) * CG(i,z,t) =e= gamma_GVT(i,z) * G(z,t);
3667   
3668  EQ_DMD_DIT_NENE(nene,z,t)..
3669      DIT(nene,z,t) =e= SUM[j, DI(nene,j,z,t)];
3670   
3671  EQ_DMD_DIT_ENE1(ene1,z,t)..
3672      DIT(ene1,z,t) =e= SUM[j, DE(ene1,j,z,t)];
3673   
3674  EQ_DMD_DIT_ENE2(ene2,z,t)..
3675      DIT(ene2,z,t) =e= SUM[j, DE(ene2,j,z,t)];
3676   
3677  *==============================================================================
3678  * International trade
3679  *==============================================================================
3680  EQ_TRD_TnD(z,t)..
3681      XS('18_TnD','18_ELEC',z,t) =e= TnDShare(z) * XS_I('18_ELEC',z,t);
3682   
3683  EQ_TRD_ELEC(z,t)..
3684      XS_I('18_ELEC',z,t) =e= XS('18_TnD','18_ELEC',z,t) + QPOWER(z,t);
3685   
3686  EQ_TRD_BS_GRN(BS, Conv, I_BS, Z_GRN, t)$MAP_BS(BS, Conv, I_BS)..
3687      XS_I(I_BS, Z_GRN, t) =e= QBS(BS, Z_GRN, t);
3688   
3689  EQ_TRD_BS_OTH(BS, Conv, I_BS, Z_OTH, t)$MAP_BS(BS, Conv, I_BS)..
3690      XS_I(I_BS, Z_OTH, t) =e= XS(Conv, I_BS, Z_OTH, t);
3691   
3692  EQ_TRD_QPOWER(z,t)..
3693      QPOWER(z,t) =e= B_POWER(z) * SUM[POWER, beta_POWER(power,z) * XS(POWER,'18_ELEC',z,t)**(-rho_POWER(z))]**(-1 / rho_POWER(z));
3694   
3695  EQ_TRD_POWER(power,'18_ELEC',z,t)..
3696      XS(POWER,'18_ELEC',z,t) =e= QPOWER(z,t) / B_POWER(z)**(1 - sigma_POWER(z)) *
3697                                  [beta_POWER(power,z) * PPOWER(z,t) / P2(POWER,'18_ELEC',z,t)]**sigma_POWER(z);
3698   
3699  EQ_TRD_QBS(BS, Conv, I_BS, Z_GRN, t)$MAP_BS(BS, Conv, I_BS)..
3700      QBS(BS, Z_GRN, t) =e= B_BS(BS, Z_GRN) * (
3701            beta_BS_t(Conv, I_BS, Z_GRN, t) * XS(Conv, I_BS, Z_GRN, t)**(-rho_BS(BS, Z_GRN))
3702          + beta_BS_t(BS, I_BS, Z_GRN, t) * XS(BS, I_BS, Z_GRN, t)**(-rho_BS(BS, Z_GRN))
3703      )**(-1 / rho_BS(BS, Z_GRN));
3704   
3705  EQ_TRD_CONV(BS, Conv, I_BS, Z_GRN, t)$MAP_BS(BS, Conv, I_BS)..
3706      XS(Conv, I_BS, Z_GRN, t) =e= QBS(BS, Z_GRN, t) / B_BS(BS, Z_GRN)**(1 - sigma_BS(BS, Z_GRN)) *
3707          [beta_BS_t(Conv, I_BS, Z_GRN, t) * PBS(BS, Z_GRN, t) / P2(Conv, I_BS, Z_GRN, t)]**sigma_BS(BS, Z_GRN);
3708   
3709  EQ_TRD_BS(BS, Conv, I_BS, Z_GRN, t)$MAP_BS(BS, Conv, I_BS)..
3710      XS(BS, I_BS, Z_GRN, t) =e= QBS(BS, Z_GRN, t) / B_BS(BS, Z_GRN)**(1 - sigma_BS(BS, Z_GRN)) *
3711          [beta_BS_t(BS, I_BS, Z_GRN, t) * PBS(BS, Z_GRN, t) / P2(BS, I_BS, Z_GRN, t)]**sigma_BS(BS, Z_GRN);
3712   
3713  EQ_TRD_XS_I(i2,z,t)..
3714      XS_I(i2,z,t) =e= B_MultiOut(i2,z) * SUM[j$XSO(j,i2,z), beta_MultiOut(j,i2,z) * XS(j,i2,z,t)**(-rho_MultiOut(i2,z))]**(-1 / rho_MultiOut(i2,z));
3715   
3716  EQ_TRD_XS(j,i2,z,t)${DSO(j,i2,z) and [DSO(j,i2,z) ne DSO_I(i2,z)]}..
3717      XS(j,i2,z,t) =e= XS_I(i2,z,t) / B_MultiOut(i2,z)**(1 - sigma_MultiOut(i2,z)) *[beta_MultiOut(j,i2,z) * P(i2,z,t) / P2(j,i2,z,t)]**sigma_MultiOut(i2,z);
3718   
3719  EQ_TRD_P2_PT(j,i,z,t)${DSO(j,i,z)}..
3720      P2(j,i,z,t) =e= PT(j,z,t);
3721   
3722  EQ_TRD_P2_VAL(j,i,z,t)$DSO(j,i,z)..
3723      P2(j,i,z,t) * XS(j,i,z,t) =e= [PET(i,z,t) * EXTT(j,i,z,t)]$EXTTO(j,i,z)
3724                                  + [e(z,t) * MRGN(i,z,t) * PWMG(i,t)*SHR_MRGN(j,i,z)]$MRGNO(i,z)
3725                                  + [PL(i,z,t) * DS(j,i,z,t)]$DSO(j,i,z);
3726   
3727  EQ_TRD_EXTT(j,i,z,t)$DSO(j,i,z)..
3728      EXTT(j,i,z,t) =e= theta2(j,i,z) * EXT(i,z,t);
3729   
3730  EQ_TRD_DS_I(i,z,t)..
3731      DS_I(i,z,t) =e= SUM(j, DS(j,i,z,t)$DSO(j,i,z));
3732   
3733  EQ_TRD_XST(j,z,t)..
3734      XST(j,z,t)  =e= SUM(i, XS(j,i,z,t)$XSO(j,i,z));
3735   
3736  EQ_TRD_CET_DOM(i,z,t)..
3737      XS_I(i,z,t) =e= B_X1(i,z) * {
3738                      [beta_EX_X1(i,z) * EXT(i,z,t)**rho_X1(i,z)]$EXTO(i,z)
3739                    + [beta_D_X1(i,z) * DS_I(i,z,t)**rho_X1(i,z)]$DSO_I(i,z)
3740                    + [(1 - beta_EX_X1(i,z) - beta_D_X1(i,z)) * MRGN(i,z,t)**rho_X1(i,z)]$MRGNO(i,z)
3741                    }**(1 / rho_X1(i,z));
3742   
3743  EQ_TRD_EXT(i,z,t)$[EXTO(i,z) and DSO_I(i,z)]..
3744      EXT(i,z,t) =e= {[beta_D_X1(i,z) / beta_EX_X1(i,z)] * [PET(i,z,t) / PL(i,z,t)]}**sigma_X1(i,z) * DS_I(i,z,t);
3745   
3746  EQ_TRD_MRGN(i,z,t)$[MRGNO(i,z) and DSO_I(i,z)]..
3747      MRGN(i,z,t) =e= {[beta_D_X1(i,z) / (1 - beta_EX_X1(i,z) - beta_D_X1(i,z))] * [e(z,t) * PWMG(i,t) / PL(i,z,t)]}**sigma_X1(i,z) * DS_I(i,z,t);
3748   
3749  EQ_TRD_CET_EXP(i,z,t)$EXTO(i,z)..
3750      EXT(i,z,t) =e= B_X2(i,z) * SUM[zj$EXO(i,z,zj), beta_X2(i,z,zj) * EX(i,z,zj,t)**rho_X2(i,z)]**(1 / rho_X2(i,z));
3751   
3752  EQ_TRD_EX(i,z,zj,t)$EXO(i,z,zj)..
3753      EX(i,z,zj,t) =e= EXT(i,z,t) / B_X2(i,z)**(1 + sigma_X2(i,z)) *
3754                       [PE(i,z,zj,t) / (beta_X2(i,z,zj) * PET(i,z,t))]**sigma_X2(i,z);
3755   
3756  EQ_TRD_CES_IMP(i,z,t)..
3757      Q(i,z,t) =e= B_M1(i,z) * {
3758                   [beta_M1(i,z) * IMT(i,z,t)**(-rho_M1(i,z))]$IMTO(i,z)
3759                 + [(1 - beta_M1(i,z)) * DD(i,z,t)**(-rho_M1(i,z))]$DDO(i,z)
3760                   }**(-1 / rho_M1(i,z));
3761   
3762  EQ_TRD_IMT(i,z,t)$[IMTO(i,z) and DDO(i,z)]..
3763      IMT(i,z,t) =e= {[beta_M1(i,z) / (1 - beta_M1(i,z))] * [PD(i,z,t) / PMT(i,z,t)]}**sigma_M1(i,z) * DD(i,z,t);
3764   
3765  EQ_TRD_CES_ORG(i,z,t)$IMTO(i,z)..
3766      IMT(i,z,t) =e= B_M2(i,z) * SUM[zj$IMO(i,zj,z), beta_M2(i,zj,z) * IM(i,zj,z,t)**(-rho_M2(i,z))]**(-1 / rho_M2(i,z));
3767   
3768  EQ_TRD_IM(i,zj,z,t)$IMO(i,zj,z)..
3769      IM(i,zj,z,t) =e= IMT(i,z,t) / B_M2(i,z)**(1 - sigma_M2(i,z)) *
3770                       [beta_M2(i,zj,z) * PMT(i,z,t) / PM(i,zj,z,t)]**sigma_M2(i,z);
3771   
3772  *==============================================================================
3773  * Prices
3774  *==============================================================================
3775  EQ_PRC_PP_ENE(j2,z,t)..
3776      PP(j2,z,t) * XST(j2,z,t) =e= PKLE(j2,z,t) * KLE(j2,z,t) + PCI(j2,z,t) * CI(j2,z,t);
3777   
3778  EQ_PRC_PP_IND(j3,z,t)$[not BS(j3)]..
3779      PP(j3,z,t) * XST(j3,z,t) =e= PVA(j3,z,t) * VA(j3,z,t) + PCI(j3,z,t) * CI(j3,z,t) + PCE(j3,z,t) * CE(j3,z,t);
3780   
3781  EQ_PRC_PT(j,z,t)..
3782      PT(j,z,t) =e= (1 + ttip(j,z,t)) * PP(j,z,t);
3783   
3784  EQ_PRC_PCI(j,z,t)..
3785      PCI(j,z,t) * CI(j,z,t) =e= SUM[nene, PC(nene,z,t) * DI(nene,j,z,t)];
3786   
3787  EQ_PRC_PCE_ENE(j3,z,t)..
3788      PCE(j3,z,t) * CE(j3,z,t) =e= SUM[ene, PC(ene,z,t) * DE(ene,j3,z,t) + PC(ene,z,t) * CTAX(z,t) * CO2FACTOR2(ene,j3,z,t) * DE(ene,j3,z,t)];
3789   
3790  EQ_PRC_PCE(j2,z,t)..
3791      PCE(j2,z,t) * CE(j2,z,t) =e= [PCEelec(j2,z,t) * DEelec(j2,z,t) + PCEnelec(j2,z,t) * DEnelec(j2,z,t)];
3792   
3793  EQ_PRC_PCE_ELEC(j2,z,t)..
3794      PCEelec(j2,z,t) * DEelec(j2,z,t) =e= PC("18_ELEC",z,t) * DE("18_ELEC",j2,z,t);
3795   
3796  EQ_PRC_PCE_NELEC(j2,z,t)..
3797      PCEnelec(j2,z,t) * DEnelec(j2,z,t) =e= [PCEcoalgas(j2,z,t) * DEcoalgas(j2,z,t) + PCEoilpetrol(j2,z,t) * DEoilpetrol(j2,z,t)];
3798   
3799  EQ_PRC_PCE_COALGAS(j2,z,t)..
3800      PCEcoalgas(j2,z,t) * DEcoalgas(j2,z,t) =e= [PC("02_COAL",z,t) * DE("02_COAL",j2,z,t) + PC("02_COAL",z,t) * CTAX(z,t) * CO2FACTOR2("02_COAL",j2,z,t) * DE("02_COAL",j2,z,t)
3801                                               + PC("04_GAS",z,t) * DE("04_GAS",j2,z,t) + PC("04_GAS",z,t) * CTAX(z,t) * CO2FACTOR2("04_GAS",j2,z,t) * DE("04_GAS",j2,z,t)];
3802   
3803  EQ_PRC_PCE_OILPETROL(j2,z,t)..
3804      PCEoilpetrol(j2,z,t) * DEoilpetrol(j2,z,t) =e= [PC("03_OIL",z,t) * DE("03_OIL",j2,z,t) + PC("03_OIL",z,t) * CTAX(z,t) * CO2FACTOR2("03_OIL",j2,z,t) * DE("03_OIL",j2,z,t)
3805                                                   + PC("10_PETROLCOAL",z,t) * DE("10_PETROLCOAL",j2,z,t) + PC("10_PETROLCOAL",z,t) * CTAX(z,t) * CO2FACTOR2("10_PETROLCOAL",j2,z,t) * DE("10_PETROLCOAL",j2,z,t)];
3806   
3807  EQ_PRC_PVA(j,z,t)..
3808      PVA(j,z,t) * VA(j,z,t) =e= [WC(j,z,t) * LDC(j,z,t)]$LDCO(j,z)
3809                               + [RC(j,z,t) * KDC(j,z,t)]$KDCO(j,z);
3810   
3811  EQ_PRC_PKLE(j2,z,t)..
3812      PKLE(j2,z,t) * KLE(j2,z,t) =e= [PVA(j2,z,t) * VA(j2,z,t)]$VAO(j2,z)
3813                                   + [PCE(j2,z,t) * CE(j2,z,t)]$CEO(j2,z);
3814   
3815  EQ_PRC_WC(j,z,t)..
3816      WC(j,z,t) * LDC(j,z,t) =e= WTI(j,z,t) * (LD(j,z,t));
3817   
3818  EQ_PRC_WTI(j,z,t)$LDO(j,z)..
3819      WTI(j,z,t) * LD(j,z,t) =e= W(z,t) * (1 + ttiw(j,z,t)) * LD(j,z,t) ;
3820   
3821  EQ_PRC_P4(ene,j2,z,t)$DEO(ene,j2,z)..
3822      P4(ene,j2,z,t) =e= PC(ene,z,t);
3823   
3824  EQ_PRC_RTI(k,j,z,t)$KDO(k,j,z)..
3825      RTI(k,j,z,t) =e= R(k,j,z,t) * (1 + ttik(k,j,z,t));
3826   
3827  EQ_PRC_P(i,z,t)..
3828      P(i,z,t) * XS_I(i,z,t) =e= [PL(i,z,t) * DS_I(i,z,t)]$DSO_I(i,z)
3829                               + [PET(i,z,t) * EXT(i,z,t)]$EXTO(i,z)
3830                               + [e(z,t) * PWMG(i,t) * MRGN(i,z,t)]$MRGNO(i,z);
3831   
3832  EQ_PRC_PE(i,z,zj,t)$EXO(i,z,zj)..
3833      PE(i,z,zj,t) * (1 + ttix(i,z,zj,t)) =e= e(z,t) * PWX(i,z,zj,t);
3834   
3835  EQ_PRC_PD(i,z,t)$DDO(i,z)..
3836      PD(i,z,t) =e= (1 + ttic(i,z,t)) * PL(i,z,t);
3837   
3838  EQ_PRC_PM(i,zj,z,t)$IMO(i,zj,z)..
3839      PM(i,zj,z,t) =e= (1 + ttic(i,z,t)) * (1 + ttim(i,zj,z,t)) * e(z,t) * (PWM(i,zj,z,t) + SUM[ij, PWMG(ij,t) * tmrg(ij,i,zj,z)]);
3840   
3841  EQ_PRC_PC(i,z,t)..
3842      PC(i,z,t) * Q(i,z,t) =e= [PD(i,z,t) * DD(i,z,t)]$DDO(i,z) + [PMT(i,z,t) * IMT(i,z,t)]$IMTO(i,z);
3843   
3844  EQ_MAC_PIXGDP(z,t)..
3845      PIXGDP(z,t) =e= {
3846        ( SUM[j$XSTO(j,z), {(PVA(j,z,t) * VA(j,z,t) + TIP(j,z,t)) / VA(j,z,t)} * VAO(j,z)]
3847          + SUM[(BS, Z_GRN)$(sameas(z, Z_GRN) and XSTO(BS, Z_GRN)), PTSF(BS, Z_GRN, t) * TSFO(BS, Z_GRN)] )
3848        /
3849        ( SUM[j$XSTO(j,z), {(PVAO(j,z) * VAO(j,z) + TIPO(j,z)) / VAO(j,z)} * VAO(j,z)]
3850          + SUM[(BS, Z_GRN)$(sameas(z, Z_GRN) and XSTO(BS, Z_GRN)), PTSFO(BS, Z_GRN) * TSFO(BS, Z_GRN)] )
3851        * ( SUM[j$XSTO(j,z), {(PVA(j,z,t) * VA(j,z,t) + TIP(j,z,t)) / VA(j,z,t)} * VA(j,z,t)]
3852          + SUM[(BS, Z_GRN)$(sameas(z, Z_GRN) and XSTO(BS, Z_GRN)), PTSF(BS, Z_GRN, t) * TSFD(BS, Z_GRN, t)] )
3853        /
3854        ( SUM[j$XSTO(j,z), {(PVAO(j,z) * VAO(j,z) + TIPO(j,z)) / VAO(j,z)} * VA(j,z,t)]
3855          + SUM[(BS, Z_GRN)$(sameas(z, Z_GRN) and XSTO(BS, Z_GRN)), PTSFO(BS, Z_GRN) * TSFD(BS, Z_GRN, t)] )
3856      }**0.5;
3857   
3858  EQ_MAC_PIXGDP_W(t)..
3859      PIXGDP_W(t) =e= {
3860        ( SUM[(j,z)$XSTO(j,z), {(PVA(j,z,t) * VA(j,z,t) + TIP(j,z,t)) / VA(j,z,t)} * VAO(j,z) / e(z,t)]
3861          + SUM[(BS, Z_GRN)$XSTO(BS, Z_GRN), PTSF(BS, Z_GRN, t) * TSFO(BS, Z_GRN) / e(Z_GRN, t)] )
3862        /
3863        ( SUM[(j,z)$XSTO(j,z), {(PVAO(j,z) * VAO(j,z) + TIPO(j,z)) / VAO(j,z)} * VAO(j,z) / eO(z)]
3864          + SUM[(BS, Z_GRN)$XSTO(BS, Z_GRN), PTSFO(BS, Z_GRN) * TSFO(BS, Z_GRN) / eO(Z_GRN)] )
3865        * ( SUM[(j,z)$XSTO(j,z), {(PVA(j,z,t) * VA(j,z,t) + TIP(j,z,t)) / VA(j,z,t)} * VA(j,z,t) / e(z,t)]
3866          + SUM[(BS, Z_GRN)$XSTO(BS, Z_GRN), PTSF(BS, Z_GRN, t) * TSFD(BS, Z_GRN, t) / e(Z_GRN, t)] )
3867        /
3868        ( SUM[(j,z)$XSTO(j,z), {(PVAO(j,z) * VAO(j,z) + TIPO(j,z)) / VAO(j,z)} * VA(j,z,t) / eO(z)]
3869          + SUM[(BS, Z_GRN)$XSTO(BS, Z_GRN), PTSFO(BS, Z_GRN) * TSFD(BS, Z_GRN, t) / eO(Z_GRN)] )
3870      }**0.5;
3871   
3872  EQ_MAC_PIXCON(z,t)..
3873      PIXCON(z,t) =e= SUM[i, PC(i,z,t) * CO(i,z)] / SUM[i, PCO(i,z) * CO(i,z)];
3874   
3875  EQ_MAC_PIXINV(z,t)..
3876      PIXINV(z,t) =e= PROD[i$gamma_INV(i,z), (PC(i,z,t) / PCO(i,z))**gamma_INV(i,z)];
3877   
3878  EQ_MAC_PIXGVT(z,t)..
3879      PIXGVT(z,t) =e= PROD[i$gamma_GVT(i,z), (PC(i,z,t) / PCO(i,z))**gamma_GVT(i,z)];
3880   
3881  *==============================================================================
3882  * Equilibrium Market Clearing Condtion
3883  *==============================================================================
3884  EQ_MKT_Q(i1,z,t)..
3885      Q(i1,z,t) =e= C(i1,z,t) + CG(i1,z,t) + INV(i1,z,t) + DIT(i1,z,t) + (QDAC(z,t) * DAC_Tech_Coeff(i1)) ;
3886   
3887  EQ_MKT_LS(z,t)..
3888      LS(z,t) =e= SUM[j$LDO(j,z), LD(j,z,t)] ;
3889   
3890  EQ_MKT_KS(k,z,t)$KSO(k,z)..
3891      KS(k,z,t) =e= SUM[j$KDO(k,j,z), KD(k,j,z,t)] ;
3892   
3893  EQ_MKT_IT(z,t)..
3894      IT(z,t) =e= SH(z,t) + SG(z,t) - CAB(z,t);
3895   
3896  EQ_MAC_DEP(z,t)..
3897      DEP(z,t) =e= PK(z,t) * delta(z) * SUM[k$KSO(k,z), KS(k,z,t)];
3898   
3899  EQ_MKT_DS(i,z,t)$DDO(i,z)..
3900      SUM[j$DSO(j,i,z), DS(j,i,z,t)] =e= DD(i,z,t);
3901   
3902  EQ_MKT_EX(i,z,zj,t)$EXO(i,z,zj)..
3903      EX(i,z,zj,t) =e= IM(i,z,zj,t);
3904   
3905  EQ_MKT_PWX(i,z,zj,t)$EXO(i,z,zj)..
3906      PWX(i,z,zj,t) =e= PWM(i,z,zj,t);
3907   
3908  EQ_MKT_MRGN(i,t)..
3909      SUM[z$MRGNO(i,z), MRGN(i,z,t)] =e= SUM[(z,zj,ij)$IMO(ij,zj,z), tmrg(i,ij,zj,z) * IM(ij,zj,z,t)]+MRGN_RES(i) ;
3910   
3911  *==============================================================================
3912  * Gross domestic product
3913  *==============================================================================
3914  EQ_MAC_GDP_BP(z,t)..
3915      GDP_BP(z,t) =e= SUM[j, PVA(j,z,t) * VA(j,z,t)] + TIPT(z,t)
3916                    + SUM((BS, Z_GRN)$sameas(z, Z_GRN), PTSF(BS, Z_GRN, t) * TSFD(BS, Z_GRN, t));
3917   
3918  EQ_MAC_GDP_MP(z,t)..
3919      GDP_MP(z,t) =e= GDP_BP(z,t) + TPRCTS(z,t) + TCTAX(z,t);
3920   
3921  EQ_MAC_GDP_IB(z,t)..
3922      GDP_IB(z,t) =e= SUM[(j)$LDO(j,z), W(z,t) * (LD(j,z,t))]
3923                    + SUM[(k,j)$KDO(k,j,z), R(k,j,z,t) * (KD(k,j,z,t))]
3924                    + SUM((BS, Z_GRN)$sameas(z, Z_GRN), PTSF(BS, Z_GRN, t) * TSFD(BS, Z_GRN, t))
3925                    + TPRCTS(z,t) + TPRODN(z,t) + TCTAX(z,t);
3926   
3927  EQ_MAC_GDP_FD(z,t)..
3928      GDP_FD(z,t) =e= SUM[i, PC(i,z,t) * (C(i,z,t) + CG(i,z,t) + INV(i,z,t))]
3929                    + SUM[(i,zj)$EXO(i,z,zj), e(z,t) * PWX(i,z,zj,t) * EX(i,z,zj,t)]
3930                    + SUM[i$MRGNO(i,z), e(z,t) * PWMG(i,t) * MRGN(i,z,t)]
3931                    - SUM[(i,zj)$IMO(i,zj,z), e(z,t) * IM(i,zj,z,t) * (PWM(i,zj,z,t) + SUM[ij, PWMG(ij,t) * tmrg(ij,i,zj,z)])]
3932                    + SUM(i1, PC(i1,z,t) * QDAC(z,t) * DAC_Tech_Coeff(i1));
3933   
3934  EQ_MAC_GDP_BP_W(t)..
3935      GDP_BP_W(t) =e= SUM[z, GDP_BP(z,t) / e(z,t)];
3936   
3937  *==============================================================================
3938  * Real (volume) variables computed from price indices
3939  *==============================================================================
3940  EQ_MAC_CTH_REAL(z,t)..
3941      CTH_REAL(z,t) =e= CTH(z,t) / PIXCON(z,t);
3942   
3943  EQ_MAC_G_REAL(z,t)..
3944      G_REAL(z,t) =e= G(z,t) / PIXGVT(z,t);
3945   
3946  EQ_MAC_GDP_BP_REAL(z,t)..
3947      GDP_BP_REAL(z,t) =e= GDP_BP(z,t) / PIXGDP(z,t);
3948   
3949  EQ_MAC_GDP_BP_W_REAL(t)..
3950      GDP_BP_W_REAL(t) =e= GDP_BP_W(t) / PIXGDP_W(t);
3951   
3952  EQ_MAC_GDP_MP_REAL(z,t)..
3953      GDP_MP_REAL(z,t) =e= GDP_MP(z,t) / PIXCON(z,t);
3954   
3955  EQ_MAC_IT_REAL(z,t)..
3956      IT_REAL(z,t) =e= IT(z,t) / PIXINV(z,t);
3957   
3958  EQ_MAC_CABX(z,t)..
3959      CABX(z,t) =e= CAB(z,t) / [PIXGDP_W(t) * e(z,t)];
3960   
3961  *==============================================================================
3962  * Dynamic equations
3963  *==============================================================================
3964  EQ_DYN_IT(z,t)..
3965      IT(z,t) =e= PK(z,t) * SUM[(k,j)$KDO(k,j,z), IND(k,j,z,t)];
3966   
3967  EQ_DYN_PK(z,t)..
3968      PK(z,t) =e= 1 / A_K(z) * PROD[i$gamma_INV(i,z), (PC(i,z,t) / gamma_INV(i,z))**gamma_INV(i,z)];
3969   
3970  EQ_DYN_IND(k,bus,z,t)$KDO(k,bus,z)..
3971      IND(k,bus,z,t) =e= phi(z,t) * [R(k,bus,z,t) / U(z,t)]**sigma_INV(k,bus,z) * (KD(k,bus,z,t));
3972   
3973  EQ_DYN_IR(z,t)..
3974      IR(z,t) =e= {SUM[(k,j)$KDO(k,j,z), R(k,j,z,t) * (KD(k,j,z,t))] - DEP(z,t)} /
3975                  {PK(z,t) * SUM[(k,j)$KDO(k,j,z), (KD(k,j,z,t))]};
3976   
3977  EQ_DYN_U(z,t)..
3978      U(z,t) =e= PK(z,t) * (delta(z) + IR(z,t));
3979   
3980  *==============================================================================
3981  * LEON
3982  *==============================================================================
3983  EQ_MKT_WALRAS(z,t)..
3984      LEON(z,t) =e= Q('01_AGRICULT',z,t) - C('01_AGRICULT',z,t) - CG('01_AGRICULT',z,t) - INV('01_AGRICULT',z,t) - DIT('01_AGRICULT',z,t);
3985   
3986  *================================================================================
3987  * Labour Supply
3988  *================================================================================
3989  EQ_DYN_LS(z,t)..
3990      LS(z,t) =e= LST(z,t) * ((W(z,t) / PIXCON(z,t)) / (W_lag(z,t) / PIXCON_lag(z,t)))**elasLS(z);
3991   
3992  *==============================================================================
3993  * PERMIT
3994  *==============================================================================
3995  EQ_POL_PERMIT(j,z,t)..
3996      PERMIT(j,z,t) =e= SUM(ene, CO2FACTOR2(ene,j,z,t) * DE(ene,j,z,t));
3997   
3998  EQ_POL_PERMIT_TOT(z,t)..
3999      PERMIT_TOTAL(z,t) =e= SUM(j, PERMIT(j,z,t)) - QDAC(z,t) * switchDAC(z,t);
4000   
4001  *==============================================================================
4002  * Carbon Tax Revenue Recycling
4003  *==============================================================================
4004  EQ_POL_REBATE(z,t)..
4005      REBATE(z,t) =e= TCTAX(z,t);
4006   
4007  *==============================================================================
4008  * DAC
4009  *==============================================================================
4010  EQ_POL_QDAC(z,t)..
4011      QDAC(z,t) =e= DAC_MAX(z) * DAC_growth_rate(z,t) * switchDAC(z,t);
4012   
4013  EQ_OBJ..
4014      OBJ =e= 1.0;
4015   
4016  *==============================================================================
4017  * TSF Equations - CES
4018  *==============================================================================
4019  EQ_PP_GRN(BS, Z_GRN, t)..
4020      PP(BS, Z_GRN, t) * XST(BS, Z_GRN, t) =e= PVAT(BS, Z_GRN, t) * VAT(BS, Z_GRN, t)
4021                                             + PCI(BS, Z_GRN, t) * CI(BS, Z_GRN, t)
4022                                             + PCE(BS, Z_GRN, t) * CE(BS, Z_GRN, t);
4023   
4024  EQ_VA_GRN(BS, Z_GRN, t)..
4025      VA(BS, Z_GRN, t) =e= VAT(BS, Z_GRN, t)
4026                         * (beta_VAT(BS, Z_GRN) * PVAT(BS, Z_GRN, t) / PVA(BS, Z_GRN, t))**sigma_VAT(BS, Z_GRN)
4027                         * (B_VAT_t(BS, Z_GRN, t))**(sigma_VAT(BS, Z_GRN) - 1);
4028   
4029  EQ_VAT_REQ(BS, Z_GRN, t)..
4030      VAT(BS, Z_GRN, t) =e= v_vat(BS, Z_GRN) * XST(BS, Z_GRN, t);
4031   
4032  EQ_PVAT(BS, Z_GRN, t)..
4033      PVAT(BS, Z_GRN, t) * VAT(BS, Z_GRN, t) =e= PVA(BS, Z_GRN, t) * VA(BS, Z_GRN, t)
4034                                               + PTSF(BS, Z_GRN, t) * TSFD(BS, Z_GRN, t);
4035   
4036  EQ_TSFD(BS, Z_GRN, t)..
4037      TSFD(BS, Z_GRN, t) =e= VAT(BS, Z_GRN, t)
4038                           * ((1 - beta_VAT(BS, Z_GRN)) * PVAT(BS, Z_GRN, t) / PTSF(BS, Z_GRN, t))**sigma_VAT(BS, Z_GRN)
4039                           * (B_VAT_t(BS, Z_GRN, t))**(sigma_VAT(BS, Z_GRN) - 1);
4040   
4041  EQ_TSFMKT(BS, Z_GRN, t)..
4042      TSFS(BS, Z_GRN, t) =e= TSFD(BS, Z_GRN, t);
4043   
4044  * ===================================================================
4045  * Terms of Trade (ToT) Equations (Bilateral World Prices)
4046  * ===================================================================
4047  EQ_PX_INDEX(z,t)..
4048      PX_INDEX(z,t) =e= SUM((i,zj)$VFOB0(i,z,zj), W_EXP(i,z,zj) * (PWX(i,z,zj,t) / PWX0(i,z,zj)));
4049   
4050  EQ_PM_INDEX(z,t)..
4051      PM_INDEX(z,t) =e= SUM((i,zj)$VCIF0(i,zj,z), W_IMP(i,zj,z) * ( (PWM(i,zj,z,t) + SUM(ij, PWMG(ij,t) * tmrg(ij,i,zj,z))) / PCIF0(i,zj,z) ));
4052   
4053  EQ_TOT(z,t)..
4054      TOT(z,t) * PM_INDEX(z,t) =e= PX_INDEX(z,t);
4055   
4056  * 결과 추출용 변수(valGDP 등) 사전 선언 (루프 밖에서 단 한 번만 선언)
INCLUDE    C:\Users\kimc0\GUIDE_GLOBAL_CGE\2.GUIDE-GLOBAL-CGE_v2\Results_format\Declare_Results.gms
4058  *==============================================================================
4059  * Results Parameter Declarations (Categorized & Aligned)
4060  *==============================================================================
4061  PARAMETER
4062   
4063  * --- 1. Macroeconomics & National Accounts ---
4064   valGDP_BP(z,time,scen)              Region z GDP at basic prices
4065   valGDP_BP_REAL(z,time,scen)         Region z real GDP at basic prices
4066   valGDP_BP_W(time,scen)              World GDP at basic prices
4067   valGDP_BP_W_REAL(time,scen)         World real GDP at basic prices
4068   valGDP_FD(z,time,scen)              Region z GDP at purchasers prices from the perspective of final demand
4069   valGDP_IB(z,time,scen)              Region z GDP at market prices (income-based)
4070   valGDP_MP(z,time,scen)              Region z GDP at market prices
4071   valGDP_MP_REAL(z,time,scen)         Real GDP at market prices
4072   valC(i,z,time,scen)                 Consumption of commodity i by households in region z
4073   valCG(i,z,time,scen)                Public consumption of commodity i in region z
4074   valCTH(z,time,scen)                 Consumption budget of households in region z
4075   valCTH_REAL(z,time,scen)            Real household consumption in region z
4076   valCMIN(i,z,time,scen)              Minimum consumption of commodity i by households in region z
4077   valG(z,time,scen)                   Current government expenditures on goods and services in region z
4078   ValG_REAL(z,time,scen)              Current real government expenditures on goods and services in region z
4079   valINV(i,z,time,scen)               Final demand of commodity i for investment purposes (GFCF) in region z
4080   valIT(z,time,scen)                  Total investment expenditures in region z
4081   valIT_REAL(z,time,scen)             Real gross fixed capital formation
4082   valCAB(z,time,scen)                 Current account balance of region z
4083   valCABX(z,time,scen)                Current account balance of region z in terms of the international currency
4084   valSG(z,time,scen)                  Government savings in region z
4085   valSH(z,time,scen)                  Household savings in region z
4086   valsh0(z,time,scen)                 Intercept (household savings)
4087   valsh1(z,time,scen)                 Slope (household savings)
4088   valSROW(z,time,scen)                Rest-of-the-world savings with respect to region z
4089   
4090  * --- 2. Trade, Margins & Exchange Rates ---
4091   valEX(i,z,zj,time,scen)             Quantity of product i exported by country z to country zj
4092   valEXT(i,z,time,scen)               Supply of composite commodity i by region z to the export market
4093   valIM(i,zj,z,time,scen)             Quantity of product i imported by country z from country zj
4094   valIMT(i,z,time,scen)               Quantity demanded of composite imports of commodity i by region z
4095   valMRGN(i,z,time,scen)              Domestic production of commodity i in region z exported as international margin services
4096   vale(z,time,scen)                   Exchange rate (price of international currency in terms of region z local currency)
4097   
4098  * --- 3. Prices, Taxes & Subsidies ---
4099   valP(i,z,time,scen)                 Basic price of industry j production in region z
4100   valPC(i,z,time,scen)                Purchaser price of composite commodity i (including all taxes and margins) in region z
4101   valPCI(j,z,time,scen)               Intermediate consumption price index of industry j in region z
4102   valPCE(j,z,time,scen)               Intermediate energy consumption price index of industry j in region z
4103   valPD(i,z,time,scen)                Price of local product i sold on region z domestic market (including all taxes)
4104   valPE(i,z,zj,time,scen)             Price received for commodity i exported to region zj by region z (excluding export taxes)
4105   valPET(i,z,time,scen)               Border price of composite commodity i exported by region z
4106   valPIXCON(z,time,scen)              Consumer price index in region z
4107   valPIXGDP(z,time,scen)              GDP deflator in region z
4108   valPIXGDP_W(time,scen)              World GDP deflator
4109   valPIXGVT(z,time,scen)              Public expenditures price index in region z
4110   valPIXINV(z,time,scen)              Investment price index in region z
4111   valPK(z,time,scen)                  Price of new capital in region z
4112   valPL(i,z,time,scen)                Price of local product i (excluding all taxes on products) in region z
4113   valPM(i,zj,z,time,scen)             Price of commodity i imported by region z from region zj (including all taxes duties and margins)
4114   valPMT(i,z,time,scen)               Price of composite commodity i imported by region z (including all taxes duties and margins)
4115   valPP(j,z,time,scen)                Unit cost of industry j in region z including taxes directly related to capital and labor
4116   valPT(j,z,time,scen)                Basic price of industry j output
4117   valPVA(j,z,time,scen)               Price of industry j value added in region z (including taxes on production)
4118   valPKLE(j,z,time,scen)              Price of industry j KLE in region z
4119   valPWM(i,zj,z,time,scen)            World price of commodity i imported from country zj by region z (international currency)
4120   valPWMG(i,time,scen)                World price of margin i (international currency)
4121   valPWX(i,z,zj,time,scen)            World price of commodity i exported to country zj by region z (international currency)
4122   valPX_INDEX(z,time,scen)            Export price index
4123   valPM_INDEX(z,time,scen)            Import price index
4124   valTOT(z,time,scen)                 Terms of Trade
4125   valTDH(z,time,scen)                 Household income taxes in region z
4126   valTIC(i,z,time,scen)               Government revenue from indirect taxes on commodity i in region z
4127   valTICT(z,time,scen)                Total government receipts of indirect taxes on commodities in region z
4128   valTIK(k,j,z,time,scen)             Government revenue from taxes on type k capital used by industry j in region z
4129   valTIKT(z,time,scen)                Total government revenue from taxes on capital in region z
4130   valTIM(i,zj,z,time,scen)            Government revenue from duties on commodity i imported from region zj by region z
4131   valTIMT(z,time,scen)                Total government revenue from import duties in region z
4132   valTIP(j,z,time,scen)               Government revenue from taxes on industry j production in region z
4133   valTIPT(z,time,scen)                Total government revenue from production taxes in region z
4134   valTIW(j,z,time,scen)               Government revenue from payroll taxes on type l labor in industry j of region z
4135   valTIWT(z,time,scen)                Total government revenue from payroll taxes in region z
4136   valTIX(i,z,zj,time,scen)            Government revenue from export taxes on commodity i exported by region z to region zj
4137   valTIXT(z,time,scen)                Total government revenue from export taxes in region z
4138   valTPRCTS(z,time,scen)              Total government revenue from taxes on products and imports in region z
4139   valTPRODN(z,time,scen)              Total government revenue from other taxes on production in region z
4140   valttdh0(z,time,scen)               Intercept (household income tax)
4141   valttdh1(z,time,scen)               Slope (household income tax)
4142   valttic(i,z,time,scen)              Tax rate on commodity i
4143   valttik(k,j,z,time,scen)            Tax rate on capital k used in industry j
4144   valttim(i,zj,z,time,scen)           Rate of taxes and duties on imports of commodity i from country zj
4145   valttip(j,z,time,scen)              Tax rate on the production of industry j
4146   valttiw(j,z,time,scen)              Tax rate on type l worker compensation in industry j
4147   valttix(i,z,zj,time,scen)           Export tax rate on exported commodity i
4148   
4149  * --- 4. Factor Markets, Production & Income ---
4150   valA_VA(z,time,scen)                Multifactor productivity
4151   valVA(j,z,time,scen)                Value added of industry j in region z
4152   valKLE(j,z,time,scen)               Value added (KLE) of industry j in region z
4153   valXS(j,i,z,time,scen)              Total output of commodity i by industry j in region z
4154   valXS_I(i,z,time,scen)              Total output of commodity i in region z
4155   valXST(j,z,time,scen)               Total output of industry j in region z
4156   valCI(j,z,time,scen)                Total intermediate consumption of industry j in region z
4157   valDD(i,z,time,scen)                Domestic demand for commodity i produced locally in region z
4158   valDI(i,j,z,time,scen)              Intermediate consumption of commodity i by industry j in region z
4159   valDIT(i,z,time,scen)               Total intermediate demand of commodity i in region z
4160   valDS(j,i,z,time,scen)              Supply of industry j to the domestic market of region z
4161   valDS_I(i,z,time,scen)              Supply of commodity j to the domestic market of region z
4162   valQ(i,z,time,scen)                 Quantity demanded of composite commodity i in region z
4163   valIND(k,j,z,time,scen)             Volume of new type k capital investment to industry j in region z
4164   valDEP(z,time,scen)                 Amount of depreciation (capital consumption allowance) in region z
4165   valIR(z,time,scen)                  Interest rate
4166   valKD(k,j,z,time,scen)              Demand for type k capital by industry j in region z
4167   valKDC(j,z,time,scen)               Demand for composite capital by industry j in region z
4168   valKS(k,z,time,scen)                Supply of type k capital in region z
4169   valLD(j,z,time,scen)                Demand for type l labor by industry j in region z
4170   valLDC(j,z,time,scen)               Demand for composite labor by industry j in region z
4171   valLS(z,time,scen)                  Supply of type l labor in region z
4172   valLST(z,time,scen)                 Supply of type l labor in region z
4173   valphi(z,time,scen)                 Scale variable (allocation of investment to industries)
4174   valR(k,j,z,time,scen)               Rental rate of type k capital in industry j of region z
4175   valRC(j,z,time,scen)                Rental rate of industry j composite capital in region z
4176   valRTI(k,j,z,time,scen)             Rental rate paid by industry j for type k capital in region z including capital taxes
4177   valU(z,time,scen)                   User cost of capital in region z
4178   valW(z,time,scen)                   Wage rate of type l labor in region z
4179   valWC(j,z,time,scen)                Wage rate of industry j composite labor in region z
4180   valWTI(j,z,time,scen)               Wage rate paid by industry j for type l labor in region including payroll taxes
4181   valYDH(z,time,scen)                 Household disposable income in region z
4182   valYG(z,time,scen)                  Total government income in region z
4183   valYH(z,time,scen)                  Household total income in region z
4184   valYHK(z,time,scen)                 Household capital income in region z
4185   valYHL(z,time,scen)                 Household labor income in region z
4186   valYROW(z,time,scen)                Rest-of-the-world total income from region z
4187   valLEON(z,time,scen)                Excess supply on the last market in region z
4188   
4189  * --- 5. Energy Demand & Supply ---
4190   valCE(j,z,time,scen)                Total intermediate(energy) consumption of industry j in region z
4191   valDE(i,j,z,time,scen)              Intermediate consumption(energy) of commodity i by industry j in region z
4192   valAEEI(z,time,scen)                Autonomous Energy Efficiency Improvement
4193   valEE(product,j,z,time,scen)        Industry's energy consumption by regions
4194   valNE(product,j,z,time,scen)        Non-energy consumption by energy products
4195   valEH(product,z,time,scen)          Household energy consumption by energy products
4196   valTFC_product(product,time,z,scen) Total final consumption by product and region
4197   valTFC(time,z,scen)                 Total final energy consumption by regions
4198   valTES_coal(z,time,scen)            Total Energy Supply: coal
4199   valTES_gas(z,time,scen)             Total Energy Supply: gas
4200   valTES_oil(z,time,scen)             Total Energy Supply: oil
4201   valTES(z,time,scen)                 Total Energy Supply
4202   valMarinebunker(product,z,time,scen) Marine bunker energy consumption
4203   valAviationbunker(product,z,time,scen) Aviation bunker energy consumption
4204   
4205  * --- 6. Emissions & Climate Policy (CO2, CH4, N2O, F-gases) ---
4206   valCO2FACTOR(ene,j,z,time,scen)     CO2 FACTOR
4207   valCTAX(z,time,scen)                Carbon Tax Rate
4208   valTCTAX(z,time,scen)               Total Carbon Tax Revenue
4209   valPERMIT_TOTAL(z,time,scen)        Total emission permits
4210   valEndo_CO2IND(ene,j,z,time,scen)   Endogenous CO2 emissions by industry
4211   valEndo_CO2HH(ene,z,time,scen)      Endogenous CO2 emissions by households
4212   valEndo_TotalCO2(z,time,scen)       Endogenous Total CO2 (Million tCO2eq)
4213   valEndo_GlobalTotalCO2(time,scen)   Endogenous Global Total CO2
4214   valCO2I(product,j,z,time,scen)      Industry CO2 emissions by products
4215   valCO2NE(product,j,z,time,scen)     Industry non-energy consumption CO2 emissions by products
4216   valCO2H(product,z,time,scen)        Household CO2 emission by products
4217   valCO2I2(j,z,time,scen)             Industry CO2 emissions by regions
4218   valCO2NE2(j,z,time,scen)            Non-energy consumption CO2 emission by industries and regions
4219   valCO2I3(j,z,time,scen)             Industry CO2 emissions by regions (Variant 3)
4220   valTCO2I(z,time,scen)               Total industrial CO2 emission by regions
4221   valTCO2NE(z,time,scen)              Total CO2 emission from non-energy consumption by regions
4222   valTCO2H(z,time,scen)               Household CO2 emission by regions
4223   valTCO2(z,time,scen)                Total CO2 emission by regions
4224   valCO2I2_FUELCOMB(j,z,time,scen)    Fuel combustion CO2 emissions by industry and region
4225   valTCO2H_FUELCOMB(z,time,scen)      Total Household fuel combustion CO2 emissions
4226   valTCO2I_FUELCOMB(z,time,scen)      Total Industrial fuel combustion CO2 emissions
4227   valTCO2NE_FUELCOMB(z,time,scen)     Total non-energy fuel combustion CO2 emissions
4228   valTCO2_FUELCOMB(z,time,scen)       Total fuel combustion CO2 emissions
4229   valEndo_CO2(ene,j,z,time,scen)      Endogenous CO2 by energy type (ktCO2)
4230   valCO2_Marine(product,z,time,scen)  Marine bunker CO2 emissions
4231   valTCO2_Marine(z,time,scen)         Total Marine bunker CO2 emissions
4232   valCO2_Aviation(product,z,time,scen) Aviation bunker CO2 emissions
4233   valTCO2_Aviation(z,time,scen)       Total Aviation bunker CO2 emissions
4234   valCH4I(product,j,z,time,scen)      Industry CH4 emissions by regions and products (CO2eq)
4235   valCh4NE(product,j,z,time,scen)     Industry non-energy consumption CH4 emissions by products (CO2eq)
4236   valCH4I2(j,z,time,scen)             Industry CH4 emissions by regions (CO2eq)
4237   valCH4NE2(j,z,time,scen)            Non-energy consumption CH4 emission by industries and regions (CO2eq)
4238   valCH4I3(j,z,time,scen)             Industry CH4 emissions by regions (Variant 3) (CO2eq)
4239   valTCH4I(z,time,scen)               Total industrial CH4 emission by regions (CO2eq)
4240   valTCH4NE(z,time,scen)              Total CH4 emission from non-energy consumption by regions (CO2eq)
4241   valCH4H(product,z,time,scen)        Household CH4 emission by regions (CO2eq)
4242   valTCH4H(z,time,scen)               Total Household CH4 emission by regions (CO2eq)
4243   valTCH4(z,time,scen)                Total CH4 emission by regions (CO2eq)
4244   valCH4_Marine(product,z,time,scen)  Marine bunker CH4 emissions
4245   valTCH4_Marine(z,time,scen)         Total Marine bunker CH4 emissions
4246   valCH4_Aviation(product,z,time,scen) Aviation bunker CH4 emissions
4247   valTCH4_Aviation(z,time,scen)       Total Aviation bunker CH4 emissions
4248   valN2OI(product,j,z,time,scen)      Industry N2O emissions by regions and products (CO2eq)
4249   valN2ONE(product,j,z,time,scen)     Industry non-energy consumption N2O emissions by products (CO2eq)
4250   valN2OI2(j,z,time,scen)             Industry N2O emissions by regions (CO2eq)
4251   valN2ONE2(j,z,time,scen)            Non-energy consumption N2O emission by industries and regions (CO2eq)
4252   valN2OI3(j,z,time,scen)             Industry N2O emissions by regions (Variant 3) (CO2eq)
4253   valTN2OI(z,time,scen)               Total industrial N2O emission by regions (CO2eq)
4254   valTN2ONE(z,time,scen)              Total N2O emission from non-energy consumption by regions (CO2eq)
4255   valN2OH(product,z,time,scen)        Household N2O emission by regions (CO2eq)
4256   valTN2OH(z,time,scen)               Total Household N2O emission by regions (CO2eq)
4257   valTN2O(z,time,scen)                Total N2O emission by regions (CO2eq)
4258   valN2O_Marine(product,z,time,scen)  Marine bunker N2O emissions
4259   valTN2O_Marine(z,time,scen)         Total Marine bunker N2O emissions
4260   valN2O_Aviation(product,z,time,scen) Aviation bunker N2O emissions
4261   valTN2O_Aviation(z,time,scen)       Total Aviation bunker N2O emissions
4262   valGlobal_CO2(time,scen)            Globally total CO2 emission
4263   valGlobal_CH4(time,scen)            Globally total CH4 emission (CO2eq)
4264   valGlobal_N2O(time,scen)            Globally total N2O emission (CO2eq)
4265   valGlobal_Fgases(time,scen)         Globally total Fgases emission (CO2eq)
4266   
4267  * --- 7. Tech Specific Factors & DAC (Direct Air Capture) ---
4268   valQDAC(z,time,scen)                Direct Air Capture (DAC) deployment quantity
4269   valDAC_growth_rate(z,time,scen)     DAC technology growth rate
4270   valDAC_elec(z,time,scen)            DAC electricity consumption
4271   valswitchDAC(z,time,scen)           DAC operational switch flag
4272   valVAT(BS,Z_GRN,time,scen)          Value-added TSF composite Quantity
4273   valPVAT(BS,Z_GRN,time,scen)         Value-added TSF composite price
4274   valPTSF(BS,Z_GRN,time,scen)         TSF Price
4275   valTSFD(BS,Z_GRN,time,scen)         Technology Specific Factor Demand
4276   valTSFS(BS,Z_GRN,time,scen)         Technology Specific Factor Supply
4277   
4278  * --- 8. Power Sector (Currently Commented Out) ---
4279  * valPOWER(power,i,z,time,scen)      Economic Output by power plants
4280  * valElecGen(power,z,time,scen)      Electricity generation by power plants
4281   
4282  * --- IAMC Format ---
4283    IAMC(model_IAMC, scen, z, variable_IAMC, Unit_IAMC, time) Integrated Assessment Modeling Consortium (IAMC)  Format
4284   
4285  * ------------------------------------------------------------------------------
4286  * [4] Solve Options & Base Data Load
4287  * ------------------------------------------------------------------------------
4288  * 모형 선언
4289  MODEL CGE World wide dynamic model /all/;
4290   
4291  * 솔버 옵션
4292  option cns = conopt4;
4293  option profile=0;
4294  option limrow=0, limcol=0, solprint=off;


COMPILATION TIME     =        2.328 SECONDS      6 MB  45.7.0 64fbf3ce WEX-WEI
GAMS 45.7.0  64fbf3ce Jan 18, 2024          WEX-WEI x86 64bit/MS Windows - 04/30/26 12:52:03 Page 3
GUIDE_GLOBAL_CGE Model GTAP11c
Range Statistics    SOLVE CGE Using CNS From line 4827


RANGE STATISTICS (ABSOLUTE NON-ZERO FINITE VALUES)

RHS       [min, max] : [ 4.441E-15, 5.315E+04] - Zero values observed as well
Bound     [min, max] : [        NA,        NA]
Matrix    [min, max] : [ 1.601E-20, 6.495E+05] - Zero values observed as well

GAMS 45.7.0  64fbf3ce Jan 18, 2024          WEX-WEI x86 64bit/MS Windows - 04/30/26 12:52:03 Page 4
GUIDE_GLOBAL_CGE Model GTAP11c
Model Statistics    SOLVE CGE Using CNS From line 4827


LOOPS                                 TIME   2019


MODEL STATISTICS

BLOCKS OF EQUATIONS         146     SINGLE EQUATIONS       89,773
BLOCKS OF VARIABLES         146     SINGLE VARIABLES       89,773
NON ZERO ELEMENTS       451,273     NON LINEAR N-Z        266,561
CODE LENGTH             795,799     CONSTANT POOL          57,461
SINGLE =E|X= EQUS        89,773     SINGLE UNFIXED VARS    89,773


GENERATION TIME      =        0.593 SECONDS    111 MB  45.7.0 64fbf3ce WEX-WEI
               L O O P S               TIME 2019

GAMS 45.7.0  64fbf3ce Jan 18, 2024          WEX-WEI x86 64bit/MS Windows - 04/30/26 12:52:03 Page 5
GUIDE_GLOBAL_CGE Model GTAP11c
Solution Report     SOLVE CGE Using CNS From line 4827


               S O L V E      S U M M A R Y

     MODEL   CGE                 
     TYPE    CNS                 
     SOLVER  CONOPT4             FROM LINE  4827

**** SOLVER STATUS     1 Normal Completion
**** MODEL STATUS      16 Solved

 RESOURCE USAGE, LIMIT          1.343 10000000000.000
 ITERATION COUNT, LIMIT         2    2147483647
 EVALUATION ERRORS              0             0
 
 
    C O N O P T   version 4.31
    Copyright (C) ARKI Consulting and Development A/S
                  Bagsvaerdvej 246 A
                  DK-2880 Bagsvaerd, Denmark
 
 
    The user model has 89773 constraints and 89773 variables
    with 451273 Jacobian elements, 266561 of which are nonlinear.
 
    The pre-triangular part of the model has 6514 constraints and variables.
    The post-triangular part of the model has 839 constraints and variables.
 
    Preprocessed model has 82420 constraints and 82420 variables
    with 403453 Jacobian elements, 234893 of which are nonlinear.
 
 ** Feasible solution to a square system.
 
 
 CONOPT time Total                            1.370 seconds
   of which: Function evaluations             0.149 = 10.9%
             1st Derivative evaluations       0.097 =  7.1%
 


**** REPORT SUMMARY :        0 INFEASIBLE
                             0  DEPENDENT
                             0     ERRORS
GAMS 45.7.0  64fbf3ce Jan 18, 2024          WEX-WEI x86 64bit/MS Windows - 04/30/26 12:52:03 Page 6
GUIDE_GLOBAL_CGE Model GTAP11c
Range Statistics    SOLVE CGE Using CNS From line 4827


RANGE STATISTICS (ABSOLUTE NON-ZERO FINITE VALUES)

RHS       [min, max] : [ 4.441E-15, 5.577E+04] - Zero values observed as well
Bound     [min, max] : [        NA,        NA]
Matrix    [min, max] : [ 1.601E-20, 6.495E+05] - Zero values observed as well

GAMS 45.7.0  64fbf3ce Jan 18, 2024          WEX-WEI x86 64bit/MS Windows - 04/30/26 12:52:03 Page 7
GUIDE_GLOBAL_CGE Model GTAP11c
Model Statistics    SOLVE CGE Using CNS From line 4827


LOOPS                                 TIME   2020


MODEL STATISTICS

BLOCKS OF EQUATIONS         146     SINGLE EQUATIONS       89,773
BLOCKS OF VARIABLES         146     SINGLE VARIABLES       89,773
NON ZERO ELEMENTS       451,273     NON LINEAR N-Z        266,561
CODE LENGTH             795,799     CONSTANT POOL          57,461
SINGLE =E|X= EQUS        89,773     SINGLE UNFIXED VARS    89,773


GENERATION TIME      =        0.703 SECONDS    126 MB  45.7.0 64fbf3ce WEX-WEI
               L O O P S               TIME 2020

GAMS 45.7.0  64fbf3ce Jan 18, 2024          WEX-WEI x86 64bit/MS Windows - 04/30/26 12:52:03 Page 8
GUIDE_GLOBAL_CGE Model GTAP11c
Solution Report     SOLVE CGE Using CNS From line 4827


               S O L V E      S U M M A R Y

     MODEL   CGE                 
     TYPE    CNS                 
     SOLVER  CONOPT4             FROM LINE  4827

**** SOLVER STATUS     1 Normal Completion
**** MODEL STATUS      16 Solved

 RESOURCE USAGE, LIMIT          1.468 10000000000.000
 ITERATION COUNT, LIMIT         2    2147483647
 EVALUATION ERRORS              0             0
 
 
    C O N O P T   version 4.31
    Copyright (C) ARKI Consulting and Development A/S
                  Bagsvaerdvej 246 A
                  DK-2880 Bagsvaerd, Denmark
 
 
    The user model has 89773 constraints and 89773 variables
    with 451273 Jacobian elements, 266561 of which are nonlinear.
 
    The pre-triangular part of the model has 6514 constraints and variables.
    The post-triangular part of the model has 839 constraints and variables.
 
    Preprocessed model has 82420 constraints and 82420 variables
    with 403453 Jacobian elements, 234893 of which are nonlinear.
 
 ** Feasible solution to a square system.
 
 
 CONOPT time Total                            1.496 seconds
   of which: Function evaluations             0.252 = 16.8%
             1st Derivative evaluations       0.095 =  6.4%
 


**** REPORT SUMMARY :        0 INFEASIBLE
                             0  DEPENDENT
                             0     ERRORS
GAMS 45.7.0  64fbf3ce Jan 18, 2024          WEX-WEI x86 64bit/MS Windows - 04/30/26 12:52:03 Page 9
GUIDE_GLOBAL_CGE Model GTAP11c
Range Statistics    SOLVE CGE Using CNS From line 4827


RANGE STATISTICS (ABSOLUTE NON-ZERO FINITE VALUES)

RHS       [min, max] : [ 4.441E-15, 5.814E+04] - Zero values observed as well
Bound     [min, max] : [        NA,        NA]
Matrix    [min, max] : [ 1.602E-20, 7.312E+05] - Zero values observed as well

GAMS 45.7.0  64fbf3ce Jan 18, 2024          WEX-WEI x86 64bit/MS Windows - 04/30/26 12:52:03 Page 10
GUIDE_GLOBAL_CGE Model GTAP11c
Model Statistics    SOLVE CGE Using CNS From line 4827


LOOPS                                 TIME   2021


MODEL STATISTICS

BLOCKS OF EQUATIONS         146     SINGLE EQUATIONS       89,773
BLOCKS OF VARIABLES         146     SINGLE VARIABLES       89,773
NON ZERO ELEMENTS       451,273     NON LINEAR N-Z        266,561
CODE LENGTH             795,816     CONSTANT POOL          57,478
SINGLE =E|X= EQUS        89,773     SINGLE UNFIXED VARS    89,773


GENERATION TIME      =        0.781 SECONDS    138 MB  45.7.0 64fbf3ce WEX-WEI
               L O O P S               TIME 2021

GAMS 45.7.0  64fbf3ce Jan 18, 2024          WEX-WEI x86 64bit/MS Windows - 04/30/26 12:52:03 Page 11
GUIDE_GLOBAL_CGE Model GTAP11c
Solution Report     SOLVE CGE Using CNS From line 4827


               S O L V E      S U M M A R Y

     MODEL   CGE                 
     TYPE    CNS                 
     SOLVER  CONOPT4             FROM LINE  4827

**** SOLVER STATUS     1 Normal Completion
**** MODEL STATUS      16 Solved

 RESOURCE USAGE, LIMIT          0.937 10000000000.000
 ITERATION COUNT, LIMIT         1    2147483647
 EVALUATION ERRORS              0             0
 
 
    C O N O P T   version 4.31
    Copyright (C) ARKI Consulting and Development A/S
                  Bagsvaerdvej 246 A
                  DK-2880 Bagsvaerd, Denmark
 
 
    The user model has 89773 constraints and 89773 variables
    with 451273 Jacobian elements, 266561 of which are nonlinear.
 
    The pre-triangular part of the model has 6514 constraints and variables.
    The post-triangular part of the model has 839 constraints and variables.
 
    Preprocessed model has 82420 constraints and 82420 variables
    with 403453 Jacobian elements, 234893 of which are nonlinear.
 
 ** Feasible solution to a square system.
 
 
 CONOPT time Total                            0.984 seconds
   of which: Function evaluations             0.207 = 21.0%
             1st Derivative evaluations       0.067 =  6.8%
 


**** REPORT SUMMARY :        0 INFEASIBLE
                             0  DEPENDENT
                             0     ERRORS
GAMS 45.7.0  64fbf3ce Jan 18, 2024          WEX-WEI x86 64bit/MS Windows - 04/30/26 12:52:03 Page 12
GUIDE_GLOBAL_CGE Model GTAP11c
Range Statistics    SOLVE CGE Using CNS From line 4827


RANGE STATISTICS (ABSOLUTE NON-ZERO FINITE VALUES)

RHS       [min, max] : [ 4.441E-15, 6.069E+04] - Zero values observed as well
Bound     [min, max] : [        NA,        NA]
Matrix    [min, max] : [ 1.006E-20, 7.468E+05] - Zero values observed as well

GAMS 45.7.0  64fbf3ce Jan 18, 2024          WEX-WEI x86 64bit/MS Windows - 04/30/26 12:52:03 Page 13
GUIDE_GLOBAL_CGE Model GTAP11c
Model Statistics    SOLVE CGE Using CNS From line 4827


LOOPS                                 TIME   2022


MODEL STATISTICS

BLOCKS OF EQUATIONS         146     SINGLE EQUATIONS       89,773
BLOCKS OF VARIABLES         146     SINGLE VARIABLES       89,773
NON ZERO ELEMENTS       451,273     NON LINEAR N-Z        266,561
CODE LENGTH             795,816     CONSTANT POOL          57,478
SINGLE =E|X= EQUS        89,773     SINGLE UNFIXED VARS    89,773


GENERATION TIME      =        0.922 SECONDS    151 MB  45.7.0 64fbf3ce WEX-WEI
               L O O P S               TIME 2022

GAMS 45.7.0  64fbf3ce Jan 18, 2024          WEX-WEI x86 64bit/MS Windows - 04/30/26 12:52:03 Page 14
GUIDE_GLOBAL_CGE Model GTAP11c
Solution Report     SOLVE CGE Using CNS From line 4827


               S O L V E      S U M M A R Y

     MODEL   CGE                 
     TYPE    CNS                 
     SOLVER  CONOPT4             FROM LINE  4827

**** SOLVER STATUS     1 Normal Completion
**** MODEL STATUS      16 Solved

 RESOURCE USAGE, LIMIT          1.547 10000000000.000
 ITERATION COUNT, LIMIT         2    2147483647
 EVALUATION ERRORS              0             0
 
 
    C O N O P T   version 4.31
    Copyright (C) ARKI Consulting and Development A/S
                  Bagsvaerdvej 246 A
                  DK-2880 Bagsvaerd, Denmark
 
 
    The user model has 89773 constraints and 89773 variables
    with 451273 Jacobian elements, 266561 of which are nonlinear.
 
    The pre-triangular part of the model has 6514 constraints and variables.
    The post-triangular part of the model has 839 constraints and variables.
 
    Preprocessed model has 82420 constraints and 82420 variables
    with 403453 Jacobian elements, 234893 of which are nonlinear.
 
 ** Feasible solution to a square system.
 
 
 CONOPT time Total                            1.586 seconds
   of which: Function evaluations             0.209 = 13.2%
             1st Derivative evaluations       0.089 =  5.6%
 


**** REPORT SUMMARY :        0 INFEASIBLE
                             0  DEPENDENT
                             0     ERRORS
GAMS 45.7.0  64fbf3ce Jan 18, 2024          WEX-WEI x86 64bit/MS Windows - 04/30/26 12:52:03 Page 15
GUIDE_GLOBAL_CGE Model GTAP11c
Range Statistics    SOLVE CGE Using CNS From line 4827


RANGE STATISTICS (ABSOLUTE NON-ZERO FINITE VALUES)

RHS       [min, max] : [ 4.441E-15, 6.316E+04] - Zero values observed as well
Bound     [min, max] : [        NA,        NA]
Matrix    [min, max] : [ 1.164E-20, 7.961E+05] - Zero values observed as well

GAMS 45.7.0  64fbf3ce Jan 18, 2024          WEX-WEI x86 64bit/MS Windows - 04/30/26 12:52:03 Page 16
GUIDE_GLOBAL_CGE Model GTAP11c
Model Statistics    SOLVE CGE Using CNS From line 4827


LOOPS                                 TIME   2023


MODEL STATISTICS

BLOCKS OF EQUATIONS         146     SINGLE EQUATIONS       89,773
BLOCKS OF VARIABLES         146     SINGLE VARIABLES       89,773
NON ZERO ELEMENTS       451,273     NON LINEAR N-Z        266,561
CODE LENGTH             795,816     CONSTANT POOL          57,478
SINGLE =E|X= EQUS        89,773     SINGLE UNFIXED VARS    89,773


GENERATION TIME      =        1.109 SECONDS    164 MB  45.7.0 64fbf3ce WEX-WEI
               L O O P S               TIME 2023

GAMS 45.7.0  64fbf3ce Jan 18, 2024          WEX-WEI x86 64bit/MS Windows - 04/30/26 12:52:03 Page 17
GUIDE_GLOBAL_CGE Model GTAP11c
Solution Report     SOLVE CGE Using CNS From line 4827


               S O L V E      S U M M A R Y

     MODEL   CGE                 
     TYPE    CNS                 
     SOLVER  CONOPT4             FROM LINE  4827

**** SOLVER STATUS     1 Normal Completion
**** MODEL STATUS      16 Solved

 RESOURCE USAGE, LIMIT          1.140 10000000000.000
 ITERATION COUNT, LIMIT         1    2147483647
 EVALUATION ERRORS              0             0
 
 
    C O N O P T   version 4.31
    Copyright (C) ARKI Consulting and Development A/S
                  Bagsvaerdvej 246 A
                  DK-2880 Bagsvaerd, Denmark
 
 
    The user model has 89773 constraints and 89773 variables
    with 451273 Jacobian elements, 266561 of which are nonlinear.
 
    The pre-triangular part of the model has 6514 constraints and variables.
    The post-triangular part of the model has 839 constraints and variables.
 
    Preprocessed model has 82420 constraints and 82420 variables
    with 403453 Jacobian elements, 234893 of which are nonlinear.
 
 ** Feasible solution to a square system.
 
 
 CONOPT time Total                            1.170 seconds
   of which: Function evaluations             0.263 = 22.5%
             1st Derivative evaluations       0.085 =  7.3%
 


**** REPORT SUMMARY :        0 INFEASIBLE
                             0  DEPENDENT
                             0     ERRORS
GAMS 45.7.0  64fbf3ce Jan 18, 2024          WEX-WEI x86 64bit/MS Windows - 04/30/26 12:52:03 Page 18
GUIDE_GLOBAL_CGE Model GTAP11c
Range Statistics    SOLVE CGE Using CNS From line 4827


RANGE STATISTICS (ABSOLUTE NON-ZERO FINITE VALUES)

RHS       [min, max] : [ 4.441E-15, 6.560E+04] - Zero values observed as well
Bound     [min, max] : [        NA,        NA]
Matrix    [min, max] : [ 1.349E-20, 8.450E+05] - Zero values observed as well

GAMS 45.7.0  64fbf3ce Jan 18, 2024          WEX-WEI x86 64bit/MS Windows - 04/30/26 12:52:03 Page 19
GUIDE_GLOBAL_CGE Model GTAP11c
Model Statistics    SOLVE CGE Using CNS From line 4827


LOOPS                                 TIME   2024


MODEL STATISTICS

BLOCKS OF EQUATIONS         146     SINGLE EQUATIONS       89,773
BLOCKS OF VARIABLES         146     SINGLE VARIABLES       89,773
NON ZERO ELEMENTS       451,273     NON LINEAR N-Z        266,561
CODE LENGTH             795,816     CONSTANT POOL          57,478
SINGLE =E|X= EQUS        89,773     SINGLE UNFIXED VARS    89,773


GENERATION TIME      =        1.062 SECONDS    176 MB  45.7.0 64fbf3ce WEX-WEI
               L O O P S               TIME 2024

GAMS 45.7.0  64fbf3ce Jan 18, 2024          WEX-WEI x86 64bit/MS Windows - 04/30/26 12:52:03 Page 20
GUIDE_GLOBAL_CGE Model GTAP11c
Solution Report     SOLVE CGE Using CNS From line 4827


               S O L V E      S U M M A R Y

     MODEL   CGE                 
     TYPE    CNS                 
     SOLVER  CONOPT4             FROM LINE  4827

**** SOLVER STATUS     1 Normal Completion
**** MODEL STATUS      16 Solved

 RESOURCE USAGE, LIMIT          1.141 10000000000.000
 ITERATION COUNT, LIMIT         1    2147483647
 EVALUATION ERRORS              0             0
 
 
    C O N O P T   version 4.31
    Copyright (C) ARKI Consulting and Development A/S
                  Bagsvaerdvej 246 A
                  DK-2880 Bagsvaerd, Denmark
 
 
    The user model has 89773 constraints and 89773 variables
    with 451273 Jacobian elements, 266561 of which are nonlinear.
 
    The pre-triangular part of the model has 6514 constraints and variables.
    The post-triangular part of the model has 839 constraints and variables.
 
    Preprocessed model has 82420 constraints and 82420 variables
    with 403453 Jacobian elements, 234893 of which are nonlinear.
 
 ** Feasible solution to a square system.
 
 
 CONOPT time Total                            1.183 seconds
   of which: Function evaluations             0.310 = 26.2%
             1st Derivative evaluations       0.075 =  6.3%
 


**** REPORT SUMMARY :        0 INFEASIBLE
                             0  DEPENDENT
                             0     ERRORS
GAMS 45.7.0  64fbf3ce Jan 18, 2024          WEX-WEI x86 64bit/MS Windows - 04/30/26 12:52:03 Page 21
GUIDE_GLOBAL_CGE Model GTAP11c
Range Statistics    SOLVE CGE Using CNS From line 4827


RANGE STATISTICS (ABSOLUTE NON-ZERO FINITE VALUES)

RHS       [min, max] : [ 4.441E-15, 6.985E+04] - Zero values observed as well
Bound     [min, max] : [        NA,        NA]
Matrix    [min, max] : [ 1.550E-20, 8.940E+05] - Zero values observed as well

GAMS 45.7.0  64fbf3ce Jan 18, 2024          WEX-WEI x86 64bit/MS Windows - 04/30/26 12:52:03 Page 22
GUIDE_GLOBAL_CGE Model GTAP11c
Model Statistics    SOLVE CGE Using CNS From line 4827


LOOPS                                 TIME   2025


MODEL STATISTICS

BLOCKS OF EQUATIONS         146     SINGLE EQUATIONS       89,773
BLOCKS OF VARIABLES         146     SINGLE VARIABLES       89,773
NON ZERO ELEMENTS       451,171     NON LINEAR N-Z        266,561
CODE LENGTH             795,816     CONSTANT POOL          57,478
SINGLE =E|X= EQUS        89,773     SINGLE UNFIXED VARS    89,773


GENERATION TIME      =        1.094 SECONDS    189 MB  45.7.0 64fbf3ce WEX-WEI
               L O O P S               TIME 2025

GAMS 45.7.0  64fbf3ce Jan 18, 2024          WEX-WEI x86 64bit/MS Windows - 04/30/26 12:52:03 Page 23
GUIDE_GLOBAL_CGE Model GTAP11c
Solution Report     SOLVE CGE Using CNS From line 4827


               S O L V E      S U M M A R Y

     MODEL   CGE                 
     TYPE    CNS                 
     SOLVER  CONOPT4             FROM LINE  4827

**** SOLVER STATUS     1 Normal Completion
**** MODEL STATUS      16 Solved

 RESOURCE USAGE, LIMIT          1.172 10000000000.000
 ITERATION COUNT, LIMIT         1    2147483647
 EVALUATION ERRORS              0             0
 
 
    C O N O P T   version 4.31
    Copyright (C) ARKI Consulting and Development A/S
                  Bagsvaerdvej 246 A
                  DK-2880 Bagsvaerd, Denmark
 
 
    The user model has 89773 constraints and 89773 variables
    with 451171 Jacobian elements, 266561 of which are nonlinear.
 
    The pre-triangular part of the model has 6616 constraints and variables.
    The post-triangular part of the model has 839 constraints and variables.
 
    Preprocessed model has 82318 constraints and 82318 variables
    with 403045 Jacobian elements, 234791 of which are nonlinear.
 
 ** Feasible solution to a square system.
 
 
 CONOPT time Total                            1.221 seconds
   of which: Function evaluations             0.357 = 29.2%
             1st Derivative evaluations       0.078 =  6.4%
 


**** REPORT SUMMARY :        0 INFEASIBLE
                             0  DEPENDENT
                             0     ERRORS
GAMS 45.7.0  64fbf3ce Jan 18, 2024          WEX-WEI x86 64bit/MS Windows - 04/30/26 12:52:03 Page 24
GUIDE_GLOBAL_CGE Model GTAP11c
Range Statistics    SOLVE CGE Using CNS From line 4827


RANGE STATISTICS (ABSOLUTE NON-ZERO FINITE VALUES)

RHS       [min, max] : [ 4.441E-15, 7.528E+04] - Zero values observed as well
Bound     [min, max] : [        NA,        NA]
Matrix    [min, max] : [ 1.759E-20, 9.428E+05] - Zero values observed as well

GAMS 45.7.0  64fbf3ce Jan 18, 2024          WEX-WEI x86 64bit/MS Windows - 04/30/26 12:52:03 Page 25
GUIDE_GLOBAL_CGE Model GTAP11c
Model Statistics    SOLVE CGE Using CNS From line 4827


LOOPS                                 TIME   2026


MODEL STATISTICS

BLOCKS OF EQUATIONS         146     SINGLE EQUATIONS       89,773
BLOCKS OF VARIABLES         146     SINGLE VARIABLES       89,773
NON ZERO ELEMENTS       451,171     NON LINEAR N-Z        266,561
CODE LENGTH             795,816     CONSTANT POOL          57,478
SINGLE =E|X= EQUS        89,773     SINGLE UNFIXED VARS    89,773


GENERATION TIME      =        1.141 SECONDS    201 MB  45.7.0 64fbf3ce WEX-WEI
               L O O P S               TIME 2026

GAMS 45.7.0  64fbf3ce Jan 18, 2024          WEX-WEI x86 64bit/MS Windows - 04/30/26 12:52:03 Page 26
GUIDE_GLOBAL_CGE Model GTAP11c
Solution Report     SOLVE CGE Using CNS From line 4827


               S O L V E      S U M M A R Y

     MODEL   CGE                 
     TYPE    CNS                 
     SOLVER  CONOPT4             FROM LINE  4827

**** SOLVER STATUS     1 Normal Completion
**** MODEL STATUS      16 Solved

 RESOURCE USAGE, LIMIT          1.110 10000000000.000
 ITERATION COUNT, LIMIT         1    2147483647
 EVALUATION ERRORS              0             0
 
 
    C O N O P T   version 4.31
    Copyright (C) ARKI Consulting and Development A/S
                  Bagsvaerdvej 246 A
                  DK-2880 Bagsvaerd, Denmark
 
 
    The user model has 89773 constraints and 89773 variables
    with 451171 Jacobian elements, 266561 of which are nonlinear.
 
    The pre-triangular part of the model has 6616 constraints and variables.
    The post-triangular part of the model has 839 constraints and variables.
 
    Preprocessed model has 82318 constraints and 82318 variables
    with 403045 Jacobian elements, 234791 of which are nonlinear.
 
 ** Feasible solution to a square system.
 
 
 CONOPT time Total                            1.146 seconds
   of which: Function evaluations             0.307 = 26.8%
             1st Derivative evaluations       0.094 =  8.2%
 


**** REPORT SUMMARY :        0 INFEASIBLE
                             0  DEPENDENT
                             0     ERRORS
GAMS 45.7.0  64fbf3ce Jan 18, 2024          WEX-WEI x86 64bit/MS Windows - 04/30/26 12:52:03 Page 27
GUIDE_GLOBAL_CGE Model GTAP11c
Range Statistics    SOLVE CGE Using CNS From line 4827


RANGE STATISTICS (ABSOLUTE NON-ZERO FINITE VALUES)

RHS       [min, max] : [ 4.441E-15, 8.095E+04] - Zero values observed as well
Bound     [min, max] : [        NA,        NA]
Matrix    [min, max] : [ 2.029E-20, 9.859E+05] - Zero values observed as well

GAMS 45.7.0  64fbf3ce Jan 18, 2024          WEX-WEI x86 64bit/MS Windows - 04/30/26 12:52:03 Page 28
GUIDE_GLOBAL_CGE Model GTAP11c
Model Statistics    SOLVE CGE Using CNS From line 4827


LOOPS                                 TIME   2027


MODEL STATISTICS

BLOCKS OF EQUATIONS         146     SINGLE EQUATIONS       89,773
BLOCKS OF VARIABLES         146     SINGLE VARIABLES       89,773
NON ZERO ELEMENTS       451,171     NON LINEAR N-Z        266,561
CODE LENGTH             795,816     CONSTANT POOL          57,478
SINGLE =E|X= EQUS        89,773     SINGLE UNFIXED VARS    89,773


GENERATION TIME      =        1.172 SECONDS    214 MB  45.7.0 64fbf3ce WEX-WEI
               L O O P S               TIME 2027

GAMS 45.7.0  64fbf3ce Jan 18, 2024          WEX-WEI x86 64bit/MS Windows - 04/30/26 12:52:03 Page 29
GUIDE_GLOBAL_CGE Model GTAP11c
Solution Report     SOLVE CGE Using CNS From line 4827


               S O L V E      S U M M A R Y

     MODEL   CGE                 
     TYPE    CNS                 
     SOLVER  CONOPT4             FROM LINE  4827

**** SOLVER STATUS     1 Normal Completion
**** MODEL STATUS      16 Solved

 RESOURCE USAGE, LIMIT          1.813 10000000000.000
 ITERATION COUNT, LIMIT         1    2147483647
 EVALUATION ERRORS              0             0
 
 
    C O N O P T   version 4.31
    Copyright (C) ARKI Consulting and Development A/S
                  Bagsvaerdvej 246 A
                  DK-2880 Bagsvaerd, Denmark
 
 
    The user model has 89773 constraints and 89773 variables
    with 451171 Jacobian elements, 266561 of which are nonlinear.
 
    The pre-triangular part of the model has 6616 constraints and variables.
    The post-triangular part of the model has 839 constraints and variables.
 
    Preprocessed model has 82318 constraints and 82318 variables
    with 403045 Jacobian elements, 234791 of which are nonlinear.
 
 ** Feasible solution to a square system.
 
 
 CONOPT time Total                            1.865 seconds
   of which: Function evaluations             0.782 = 41.9%
             1st Derivative evaluations       0.076 =  4.1%
 


**** REPORT SUMMARY :        0 INFEASIBLE
                             0  DEPENDENT
                             0     ERRORS
GAMS 45.7.0  64fbf3ce Jan 18, 2024          WEX-WEI x86 64bit/MS Windows - 04/30/26 12:52:03 Page 30
GUIDE_GLOBAL_CGE Model GTAP11c
Range Statistics    SOLVE CGE Using CNS From line 4827


RANGE STATISTICS (ABSOLUTE NON-ZERO FINITE VALUES)

RHS       [min, max] : [ 4.441E-15, 8.685E+04] - Zero values observed as well
Bound     [min, max] : [        NA,        NA]
Matrix    [min, max] : [ 1.028E-20, 1.029E+06] - Zero values observed as well

GAMS 45.7.0  64fbf3ce Jan 18, 2024          WEX-WEI x86 64bit/MS Windows - 04/30/26 12:52:03 Page 31
GUIDE_GLOBAL_CGE Model GTAP11c
Model Statistics    SOLVE CGE Using CNS From line 4827


LOOPS                                 TIME   2028


MODEL STATISTICS

BLOCKS OF EQUATIONS         146     SINGLE EQUATIONS       89,773
BLOCKS OF VARIABLES         146     SINGLE VARIABLES       89,773
NON ZERO ELEMENTS       451,171     NON LINEAR N-Z        266,561
CODE LENGTH             795,816     CONSTANT POOL          57,478
SINGLE =E|X= EQUS        89,773     SINGLE UNFIXED VARS    89,773


GENERATION TIME      =        1.422 SECONDS    226 MB  45.7.0 64fbf3ce WEX-WEI
               L O O P S               TIME 2028

GAMS 45.7.0  64fbf3ce Jan 18, 2024          WEX-WEI x86 64bit/MS Windows - 04/30/26 12:52:03 Page 32
GUIDE_GLOBAL_CGE Model GTAP11c
Solution Report     SOLVE CGE Using CNS From line 4827


               S O L V E      S U M M A R Y

     MODEL   CGE                 
     TYPE    CNS                 
     SOLVER  CONOPT4             FROM LINE  4827

**** SOLVER STATUS     1 Normal Completion
**** MODEL STATUS      16 Solved

 RESOURCE USAGE, LIMIT          1.750 10000000000.000
 ITERATION COUNT, LIMIT         2    2147483647
 EVALUATION ERRORS              0             0
 
 
    C O N O P T   version 4.31
    Copyright (C) ARKI Consulting and Development A/S
                  Bagsvaerdvej 246 A
                  DK-2880 Bagsvaerd, Denmark
 
 
    The user model has 89773 constraints and 89773 variables
    with 451171 Jacobian elements, 266561 of which are nonlinear.
 
    The pre-triangular part of the model has 6616 constraints and variables.
    The post-triangular part of the model has 839 constraints and variables.
 
    Preprocessed model has 82318 constraints and 82318 variables
    with 403045 Jacobian elements, 234791 of which are nonlinear.
 
 ** Feasible solution to a square system.
 
 
 CONOPT time Total                            1.779 seconds
   of which: Function evaluations             0.280 = 15.7%
             1st Derivative evaluations       0.130 =  7.3%
 


**** REPORT SUMMARY :        0 INFEASIBLE
                             0  DEPENDENT
                             0     ERRORS
GAMS 45.7.0  64fbf3ce Jan 18, 2024          WEX-WEI x86 64bit/MS Windows - 04/30/26 12:52:03 Page 33
GUIDE_GLOBAL_CGE Model GTAP11c
Range Statistics    SOLVE CGE Using CNS From line 4827


RANGE STATISTICS (ABSOLUTE NON-ZERO FINITE VALUES)

RHS       [min, max] : [ 4.441E-15, 9.299E+04] - Zero values observed as well
Bound     [min, max] : [        NA,        NA]
Matrix    [min, max] : [ 1.081E-20, 1.072E+06] - Zero values observed as well

GAMS 45.7.0  64fbf3ce Jan 18, 2024          WEX-WEI x86 64bit/MS Windows - 04/30/26 12:52:03 Page 34
GUIDE_GLOBAL_CGE Model GTAP11c
Model Statistics    SOLVE CGE Using CNS From line 4827


LOOPS                                 TIME   2029


MODEL STATISTICS

BLOCKS OF EQUATIONS         146     SINGLE EQUATIONS       89,773
BLOCKS OF VARIABLES         146     SINGLE VARIABLES       89,773
NON ZERO ELEMENTS       451,171     NON LINEAR N-Z        266,561
CODE LENGTH             795,816     CONSTANT POOL          57,478
SINGLE =E|X= EQUS        89,773     SINGLE UNFIXED VARS    89,773


GENERATION TIME      =        1.438 SECONDS    240 MB  45.7.0 64fbf3ce WEX-WEI
               L O O P S               TIME 2029

GAMS 45.7.0  64fbf3ce Jan 18, 2024          WEX-WEI x86 64bit/MS Windows - 04/30/26 12:52:03 Page 35
GUIDE_GLOBAL_CGE Model GTAP11c
Solution Report     SOLVE CGE Using CNS From line 4827


               S O L V E      S U M M A R Y

     MODEL   CGE                 
     TYPE    CNS                 
     SOLVER  CONOPT4             FROM LINE  4827

**** SOLVER STATUS     1 Normal Completion
**** MODEL STATUS      16 Solved

 RESOURCE USAGE, LIMIT          2.250 10000000000.000
 ITERATION COUNT, LIMIT         2    2147483647
 EVALUATION ERRORS              0             0
 
 
    C O N O P T   version 4.31
    Copyright (C) ARKI Consulting and Development A/S
                  Bagsvaerdvej 246 A
                  DK-2880 Bagsvaerd, Denmark
 
 
    The user model has 89773 constraints and 89773 variables
    with 451171 Jacobian elements, 266561 of which are nonlinear.
 
    The pre-triangular part of the model has 6616 constraints and variables.
    The post-triangular part of the model has 839 constraints and variables.
 
    Preprocessed model has 82318 constraints and 82318 variables
    with 403045 Jacobian elements, 234791 of which are nonlinear.
 
 ** Feasible solution to a square system.
 
 
 CONOPT time Total                            2.278 seconds
   of which: Function evaluations             0.633 = 27.8%
             1st Derivative evaluations       0.099 =  4.3%
 


**** REPORT SUMMARY :        0 INFEASIBLE
                             0  DEPENDENT
                             0     ERRORS
GAMS 45.7.0  64fbf3ce Jan 18, 2024          WEX-WEI x86 64bit/MS Windows - 04/30/26 12:52:03 Page 36
GUIDE_GLOBAL_CGE Model GTAP11c
Range Statistics    SOLVE CGE Using CNS From line 4827


RANGE STATISTICS (ABSOLUTE NON-ZERO FINITE VALUES)

RHS       [min, max] : [ 4.441E-15, 9.936E+04] - Zero values observed as well
Bound     [min, max] : [        NA,        NA]
Matrix    [min, max] : [ 1.136E-20, 1.115E+06] - Zero values observed as well

GAMS 45.7.0  64fbf3ce Jan 18, 2024          WEX-WEI x86 64bit/MS Windows - 04/30/26 12:52:03 Page 37
GUIDE_GLOBAL_CGE Model GTAP11c
Model Statistics    SOLVE CGE Using CNS From line 4827


LOOPS                                 TIME   2030


MODEL STATISTICS

BLOCKS OF EQUATIONS         146     SINGLE EQUATIONS       89,773
BLOCKS OF VARIABLES         146     SINGLE VARIABLES       89,773
NON ZERO ELEMENTS       451,171     NON LINEAR N-Z        266,561
CODE LENGTH             795,816     CONSTANT POOL          57,478
SINGLE =E|X= EQUS        89,773     SINGLE UNFIXED VARS    89,773


GENERATION TIME      =        1.515 SECONDS    252 MB  45.7.0 64fbf3ce WEX-WEI
               L O O P S               TIME 2030

GAMS 45.7.0  64fbf3ce Jan 18, 2024          WEX-WEI x86 64bit/MS Windows - 04/30/26 12:52:03 Page 38
GUIDE_GLOBAL_CGE Model GTAP11c
Solution Report     SOLVE CGE Using CNS From line 4827


               S O L V E      S U M M A R Y

     MODEL   CGE                 
     TYPE    CNS                 
     SOLVER  CONOPT4             FROM LINE  4827

**** SOLVER STATUS     1 Normal Completion
**** MODEL STATUS      16 Solved

 RESOURCE USAGE, LIMIT          1.860 10000000000.000
 ITERATION COUNT, LIMIT         2    2147483647
 EVALUATION ERRORS              0             0
 
 
    C O N O P T   version 4.31
    Copyright (C) ARKI Consulting and Development A/S
                  Bagsvaerdvej 246 A
                  DK-2880 Bagsvaerd, Denmark
 
 
    The user model has 89773 constraints and 89773 variables
    with 451171 Jacobian elements, 266561 of which are nonlinear.
 
    The pre-triangular part of the model has 6616 constraints and variables.
    The post-triangular part of the model has 839 constraints and variables.
 
    Preprocessed model has 82318 constraints and 82318 variables
    with 403045 Jacobian elements, 234791 of which are nonlinear.
 
 ** Feasible solution to a square system.
 
 
 CONOPT time Total                            1.900 seconds
   of which: Function evaluations             0.327 = 17.2%
             1st Derivative evaluations       0.185 =  9.7%
 


**** REPORT SUMMARY :        0 INFEASIBLE
                             0  DEPENDENT
                             0     ERRORS
GAMS 45.7.0  64fbf3ce Jan 18, 2024          WEX-WEI x86 64bit/MS Windows - 04/30/26 12:52:03 Page 39
GUIDE_GLOBAL_CGE Model GTAP11c
Range Statistics    SOLVE CGE Using CNS From line 4827


RANGE STATISTICS (ABSOLUTE NON-ZERO FINITE VALUES)

RHS       [min, max] : [ 4.441E-15, 1.060E+05] - Zero values observed as well
Bound     [min, max] : [        NA,        NA]
Matrix    [min, max] : [ 1.193E-20, 1.222E+06] - Zero values observed as well

GAMS 45.7.0  64fbf3ce Jan 18, 2024          WEX-WEI x86 64bit/MS Windows - 04/30/26 12:52:03 Page 40
GUIDE_GLOBAL_CGE Model GTAP11c
Model Statistics    SOLVE CGE Using CNS From line 4827


LOOPS                                 TIME   2031


MODEL STATISTICS

BLOCKS OF EQUATIONS         146     SINGLE EQUATIONS       89,773
BLOCKS OF VARIABLES         146     SINGLE VARIABLES       89,773
NON ZERO ELEMENTS       451,171     NON LINEAR N-Z        266,561
CODE LENGTH             795,816     CONSTANT POOL          57,478
SINGLE =E|X= EQUS        89,773     SINGLE UNFIXED VARS    89,773


GENERATION TIME      =        1.547 SECONDS    265 MB  45.7.0 64fbf3ce WEX-WEI
               L O O P S               TIME 2031

GAMS 45.7.0  64fbf3ce Jan 18, 2024          WEX-WEI x86 64bit/MS Windows - 04/30/26 12:52:03 Page 41
GUIDE_GLOBAL_CGE Model GTAP11c
Solution Report     SOLVE CGE Using CNS From line 4827


               S O L V E      S U M M A R Y

     MODEL   CGE                 
     TYPE    CNS                 
     SOLVER  CONOPT4             FROM LINE  4827

**** SOLVER STATUS     1 Normal Completion
**** MODEL STATUS      16 Solved

 RESOURCE USAGE, LIMIT          1.797 10000000000.000
 ITERATION COUNT, LIMIT         2    2147483647
 EVALUATION ERRORS              0             0
 
 
    C O N O P T   version 4.31
    Copyright (C) ARKI Consulting and Development A/S
                  Bagsvaerdvej 246 A
                  DK-2880 Bagsvaerd, Denmark
 
 
    The user model has 89773 constraints and 89773 variables
    with 451171 Jacobian elements, 266561 of which are nonlinear.
 
    The pre-triangular part of the model has 6616 constraints and variables.
    The post-triangular part of the model has 839 constraints and variables.
 
    Preprocessed model has 82318 constraints and 82318 variables
    with 403045 Jacobian elements, 234791 of which are nonlinear.
 
 ** Feasible solution to a square system.
 
 
 CONOPT time Total                            1.863 seconds
   of which: Function evaluations             0.342 = 18.4%
             1st Derivative evaluations       0.103 =  5.5%
 


**** REPORT SUMMARY :        0 INFEASIBLE
                             0  DEPENDENT
                             0     ERRORS
GAMS 45.7.0  64fbf3ce Jan 18, 2024          WEX-WEI x86 64bit/MS Windows - 04/30/26 12:52:03 Page 42
GUIDE_GLOBAL_CGE Model GTAP11c
Range Statistics    SOLVE CGE Using CNS From line 4827


RANGE STATISTICS (ABSOLUTE NON-ZERO FINITE VALUES)

RHS       [min, max] : [ 4.441E-15, 1.128E+05] - Zero values observed as well
Bound     [min, max] : [        NA,        NA]
Matrix    [min, max] : [ 1.258E-20, 1.347E+06] - Zero values observed as well

GAMS 45.7.0  64fbf3ce Jan 18, 2024          WEX-WEI x86 64bit/MS Windows - 04/30/26 12:52:03 Page 43
GUIDE_GLOBAL_CGE Model GTAP11c
Model Statistics    SOLVE CGE Using CNS From line 4827


LOOPS                                 TIME   2032


MODEL STATISTICS

BLOCKS OF EQUATIONS         146     SINGLE EQUATIONS       89,773
BLOCKS OF VARIABLES         146     SINGLE VARIABLES       89,773
NON ZERO ELEMENTS       451,171     NON LINEAR N-Z        266,561
CODE LENGTH             795,816     CONSTANT POOL          57,478
SINGLE =E|X= EQUS        89,773     SINGLE UNFIXED VARS    89,773


GENERATION TIME      =        1.594 SECONDS    277 MB  45.7.0 64fbf3ce WEX-WEI
               L O O P S               TIME 2032

GAMS 45.7.0  64fbf3ce Jan 18, 2024          WEX-WEI x86 64bit/MS Windows - 04/30/26 12:52:03 Page 44
GUIDE_GLOBAL_CGE Model GTAP11c
Solution Report     SOLVE CGE Using CNS From line 4827


               S O L V E      S U M M A R Y

     MODEL   CGE                 
     TYPE    CNS                 
     SOLVER  CONOPT4             FROM LINE  4827

**** SOLVER STATUS     1 Normal Completion
**** MODEL STATUS      16 Solved

 RESOURCE USAGE, LIMIT          1.891 10000000000.000
 ITERATION COUNT, LIMIT         2    2147483647
 EVALUATION ERRORS              0             0
 
 
    C O N O P T   version 4.31
    Copyright (C) ARKI Consulting and Development A/S
                  Bagsvaerdvej 246 A
                  DK-2880 Bagsvaerd, Denmark
 
 
    The user model has 89773 constraints and 89773 variables
    with 451171 Jacobian elements, 266561 of which are nonlinear.
 
    The pre-triangular part of the model has 6616 constraints and variables.
    The post-triangular part of the model has 839 constraints and variables.
 
    Preprocessed model has 82318 constraints and 82318 variables
    with 403045 Jacobian elements, 234791 of which are nonlinear.
 
 ** Feasible solution to a square system.
 
 
 CONOPT time Total                            1.919 seconds
   of which: Function evaluations             0.319 = 16.6%
             1st Derivative evaluations       0.111 =  5.8%
 


**** REPORT SUMMARY :        0 INFEASIBLE
                             0  DEPENDENT
                             0     ERRORS
GAMS 45.7.0  64fbf3ce Jan 18, 2024          WEX-WEI x86 64bit/MS Windows - 04/30/26 12:52:03 Page 45
GUIDE_GLOBAL_CGE Model GTAP11c
Range Statistics    SOLVE CGE Using CNS From line 4827


RANGE STATISTICS (ABSOLUTE NON-ZERO FINITE VALUES)

RHS       [min, max] : [ 4.441E-15, 1.198E+05] - Zero values observed as well
Bound     [min, max] : [        NA,        NA]
Matrix    [min, max] : [ 1.324E-20, 1.481E+06] - Zero values observed as well

GAMS 45.7.0  64fbf3ce Jan 18, 2024          WEX-WEI x86 64bit/MS Windows - 04/30/26 12:52:03 Page 46
GUIDE_GLOBAL_CGE Model GTAP11c
Model Statistics    SOLVE CGE Using CNS From line 4827


LOOPS                                 TIME   2033


MODEL STATISTICS

BLOCKS OF EQUATIONS         146     SINGLE EQUATIONS       89,773
BLOCKS OF VARIABLES         146     SINGLE VARIABLES       89,773
NON ZERO ELEMENTS       451,171     NON LINEAR N-Z        266,561
CODE LENGTH             795,816     CONSTANT POOL          57,478
SINGLE =E|X= EQUS        89,773     SINGLE UNFIXED VARS    89,773


GENERATION TIME      =        1.672 SECONDS    290 MB  45.7.0 64fbf3ce WEX-WEI
               L O O P S               TIME 2033

GAMS 45.7.0  64fbf3ce Jan 18, 2024          WEX-WEI x86 64bit/MS Windows - 04/30/26 12:52:03 Page 47
GUIDE_GLOBAL_CGE Model GTAP11c
Solution Report     SOLVE CGE Using CNS From line 4827


               S O L V E      S U M M A R Y

     MODEL   CGE                 
     TYPE    CNS                 
     SOLVER  CONOPT4             FROM LINE  4827

**** SOLVER STATUS     1 Normal Completion
**** MODEL STATUS      16 Solved

 RESOURCE USAGE, LIMIT          1.656 10000000000.000
 ITERATION COUNT, LIMIT         2    2147483647
 EVALUATION ERRORS              0             0
 
 
    C O N O P T   version 4.31
    Copyright (C) ARKI Consulting and Development A/S
                  Bagsvaerdvej 246 A
                  DK-2880 Bagsvaerd, Denmark
 
 
    The user model has 89773 constraints and 89773 variables
    with 451171 Jacobian elements, 266561 of which are nonlinear.
 
    The pre-triangular part of the model has 6616 constraints and variables.
    The post-triangular part of the model has 839 constraints and variables.
 
    Preprocessed model has 82318 constraints and 82318 variables
    with 403045 Jacobian elements, 234791 of which are nonlinear.
 
 ** Feasible solution to a square system.
 
 
 CONOPT time Total                            1.690 seconds
   of which: Function evaluations             0.365 = 21.6%
             1st Derivative evaluations       0.093 =  5.5%
 


**** REPORT SUMMARY :        0 INFEASIBLE
                             0  DEPENDENT
                             0     ERRORS
GAMS 45.7.0  64fbf3ce Jan 18, 2024          WEX-WEI x86 64bit/MS Windows - 04/30/26 12:52:03 Page 48
GUIDE_GLOBAL_CGE Model GTAP11c
Range Statistics    SOLVE CGE Using CNS From line 4827


RANGE STATISTICS (ABSOLUTE NON-ZERO FINITE VALUES)

RHS       [min, max] : [ 4.441E-15, 1.270E+05] - Zero values observed as well
Bound     [min, max] : [        NA,        NA]
Matrix    [min, max] : [ 1.392E-20, 1.624E+06] - Zero values observed as well

GAMS 45.7.0  64fbf3ce Jan 18, 2024          WEX-WEI x86 64bit/MS Windows - 04/30/26 12:52:03 Page 49
GUIDE_GLOBAL_CGE Model GTAP11c
Model Statistics    SOLVE CGE Using CNS From line 4827


LOOPS                                 TIME   2034


MODEL STATISTICS

BLOCKS OF EQUATIONS         146     SINGLE EQUATIONS       89,773
BLOCKS OF VARIABLES         146     SINGLE VARIABLES       89,773
NON ZERO ELEMENTS       451,171     NON LINEAR N-Z        266,561
CODE LENGTH             795,816     CONSTANT POOL          57,478
SINGLE =E|X= EQUS        89,773     SINGLE UNFIXED VARS    89,773


GENERATION TIME      =        1.672 SECONDS    303 MB  45.7.0 64fbf3ce WEX-WEI
               L O O P S               TIME 2034

GAMS 45.7.0  64fbf3ce Jan 18, 2024          WEX-WEI x86 64bit/MS Windows - 04/30/26 12:52:03 Page 50
GUIDE_GLOBAL_CGE Model GTAP11c
Solution Report     SOLVE CGE Using CNS From line 4827


               S O L V E      S U M M A R Y

     MODEL   CGE                 
     TYPE    CNS                 
     SOLVER  CONOPT4             FROM LINE  4827

**** SOLVER STATUS     1 Normal Completion
**** MODEL STATUS      16 Solved

 RESOURCE USAGE, LIMIT          1.906 10000000000.000
 ITERATION COUNT, LIMIT         2    2147483647
 EVALUATION ERRORS              0             0
 
 
    C O N O P T   version 4.31
    Copyright (C) ARKI Consulting and Development A/S
                  Bagsvaerdvej 246 A
                  DK-2880 Bagsvaerd, Denmark
 
 
    The user model has 89773 constraints and 89773 variables
    with 451171 Jacobian elements, 266561 of which are nonlinear.
 
    The pre-triangular part of the model has 6616 constraints and variables.
    The post-triangular part of the model has 839 constraints and variables.
 
    Preprocessed model has 82318 constraints and 82318 variables
    with 403045 Jacobian elements, 234791 of which are nonlinear.
 
 ** Feasible solution to a square system.
 
 
 CONOPT time Total                            1.940 seconds
   of which: Function evaluations             0.410 = 21.1%
             1st Derivative evaluations       0.123 =  6.3%
 


**** REPORT SUMMARY :        0 INFEASIBLE
                             0  DEPENDENT
                             0     ERRORS
GAMS 45.7.0  64fbf3ce Jan 18, 2024          WEX-WEI x86 64bit/MS Windows - 04/30/26 12:52:03 Page 51
GUIDE_GLOBAL_CGE Model GTAP11c
Range Statistics    SOLVE CGE Using CNS From line 4827


RANGE STATISTICS (ABSOLUTE NON-ZERO FINITE VALUES)

RHS       [min, max] : [ 4.441E-15, 1.345E+05] - Zero values observed as well
Bound     [min, max] : [        NA,        NA]
Matrix    [min, max] : [ 1.461E-20, 1.776E+06] - Zero values observed as well

GAMS 45.7.0  64fbf3ce Jan 18, 2024          WEX-WEI x86 64bit/MS Windows - 04/30/26 12:52:03 Page 52
GUIDE_GLOBAL_CGE Model GTAP11c
Model Statistics    SOLVE CGE Using CNS From line 4827


LOOPS                                 TIME   2035


MODEL STATISTICS

BLOCKS OF EQUATIONS         146     SINGLE EQUATIONS       89,773
BLOCKS OF VARIABLES         146     SINGLE VARIABLES       89,773
NON ZERO ELEMENTS       451,171     NON LINEAR N-Z        266,561
CODE LENGTH             795,816     CONSTANT POOL          57,478
SINGLE =E|X= EQUS        89,773     SINGLE UNFIXED VARS    89,773


GENERATION TIME      =        1.750 SECONDS    315 MB  45.7.0 64fbf3ce WEX-WEI
               L O O P S               TIME 2035

GAMS 45.7.0  64fbf3ce Jan 18, 2024          WEX-WEI x86 64bit/MS Windows - 04/30/26 12:52:03 Page 53
GUIDE_GLOBAL_CGE Model GTAP11c
Solution Report     SOLVE CGE Using CNS From line 4827


               S O L V E      S U M M A R Y

     MODEL   CGE                 
     TYPE    CNS                 
     SOLVER  CONOPT4             FROM LINE  4827

**** SOLVER STATUS     1 Normal Completion
**** MODEL STATUS      16 Solved

 RESOURCE USAGE, LIMIT          1.609 10000000000.000
 ITERATION COUNT, LIMIT         2    2147483647
 EVALUATION ERRORS              0             0
 
 
    C O N O P T   version 4.31
    Copyright (C) ARKI Consulting and Development A/S
                  Bagsvaerdvej 246 A
                  DK-2880 Bagsvaerd, Denmark
 
 
    The user model has 89773 constraints and 89773 variables
    with 451171 Jacobian elements, 266561 of which are nonlinear.
 
    The pre-triangular part of the model has 6616 constraints and variables.
    The post-triangular part of the model has 839 constraints and variables.
 
    Preprocessed model has 82318 constraints and 82318 variables
    with 403045 Jacobian elements, 234791 of which are nonlinear.
 
 ** Feasible solution to a square system.
 
 
 CONOPT time Total                            1.660 seconds
   of which: Function evaluations             0.311 = 18.7%
             1st Derivative evaluations       0.083 =  5.0%
 


**** REPORT SUMMARY :        0 INFEASIBLE
                             0  DEPENDENT
                             0     ERRORS
GAMS 45.7.0  64fbf3ce Jan 18, 2024          WEX-WEI x86 64bit/MS Windows - 04/30/26 12:52:03 Page 54
GUIDE_GLOBAL_CGE Model GTAP11c
Range Statistics    SOLVE CGE Using CNS From line 4827


RANGE STATISTICS (ABSOLUTE NON-ZERO FINITE VALUES)

RHS       [min, max] : [ 4.441E-15, 1.421E+05] - Zero values observed as well
Bound     [min, max] : [        NA,        NA]
Matrix    [min, max] : [ 1.532E-20, 1.937E+06] - Zero values observed as well

GAMS 45.7.0  64fbf3ce Jan 18, 2024          WEX-WEI x86 64bit/MS Windows - 04/30/26 12:52:03 Page 55
GUIDE_GLOBAL_CGE Model GTAP11c
Model Statistics    SOLVE CGE Using CNS From line 4827


LOOPS                                 TIME   2036


MODEL STATISTICS

BLOCKS OF EQUATIONS         146     SINGLE EQUATIONS       89,773
BLOCKS OF VARIABLES         146     SINGLE VARIABLES       89,773
NON ZERO ELEMENTS       451,171     NON LINEAR N-Z        266,561
CODE LENGTH             795,816     CONSTANT POOL          57,478
SINGLE =E|X= EQUS        89,773     SINGLE UNFIXED VARS    89,773


GENERATION TIME      =        1.734 SECONDS    327 MB  45.7.0 64fbf3ce WEX-WEI
               L O O P S               TIME 2036

GAMS 45.7.0  64fbf3ce Jan 18, 2024          WEX-WEI x86 64bit/MS Windows - 04/30/26 12:52:03 Page 56
GUIDE_GLOBAL_CGE Model GTAP11c
Solution Report     SOLVE CGE Using CNS From line 4827


               S O L V E      S U M M A R Y

     MODEL   CGE                 
     TYPE    CNS                 
     SOLVER  CONOPT4             FROM LINE  4827

**** SOLVER STATUS     1 Normal Completion
**** MODEL STATUS      16 Solved

 RESOURCE USAGE, LIMIT          1.734 10000000000.000
 ITERATION COUNT, LIMIT         2    2147483647
 EVALUATION ERRORS              0             0
 
 
    C O N O P T   version 4.31
    Copyright (C) ARKI Consulting and Development A/S
                  Bagsvaerdvej 246 A
                  DK-2880 Bagsvaerd, Denmark
 
 
    The user model has 89773 constraints and 89773 variables
    with 451171 Jacobian elements, 266561 of which are nonlinear.
 
    The pre-triangular part of the model has 6616 constraints and variables.
    The post-triangular part of the model has 839 constraints and variables.
 
    Preprocessed model has 82318 constraints and 82318 variables
    with 403045 Jacobian elements, 234791 of which are nonlinear.
 
 ** Feasible solution to a square system.
 
 
 CONOPT time Total                            1.760 seconds
   of which: Function evaluations             0.332 = 18.9%
             1st Derivative evaluations       0.110 =  6.3%
 


**** REPORT SUMMARY :        0 INFEASIBLE
                             0  DEPENDENT
                             0     ERRORS
GAMS 45.7.0  64fbf3ce Jan 18, 2024          WEX-WEI x86 64bit/MS Windows - 04/30/26 12:52:03 Page 57
GUIDE_GLOBAL_CGE Model GTAP11c
Range Statistics    SOLVE CGE Using CNS From line 4827


RANGE STATISTICS (ABSOLUTE NON-ZERO FINITE VALUES)

RHS       [min, max] : [ 4.441E-15, 1.499E+05] - Zero values observed as well
Bound     [min, max] : [        NA,        NA]
Matrix    [min, max] : [ 1.609E-20, 2.118E+06] - Zero values observed as well

GAMS 45.7.0  64fbf3ce Jan 18, 2024          WEX-WEI x86 64bit/MS Windows - 04/30/26 12:52:03 Page 58
GUIDE_GLOBAL_CGE Model GTAP11c
Model Statistics    SOLVE CGE Using CNS From line 4827


LOOPS                                 TIME   2037


MODEL STATISTICS

BLOCKS OF EQUATIONS         146     SINGLE EQUATIONS       89,773
BLOCKS OF VARIABLES         146     SINGLE VARIABLES       89,773
NON ZERO ELEMENTS       451,171     NON LINEAR N-Z        266,561
CODE LENGTH             795,816     CONSTANT POOL          57,478
SINGLE =E|X= EQUS        89,773     SINGLE UNFIXED VARS    89,773


GENERATION TIME      =        1.906 SECONDS    340 MB  45.7.0 64fbf3ce WEX-WEI
               L O O P S               TIME 2037

GAMS 45.7.0  64fbf3ce Jan 18, 2024          WEX-WEI x86 64bit/MS Windows - 04/30/26 12:52:03 Page 59
GUIDE_GLOBAL_CGE Model GTAP11c
Solution Report     SOLVE CGE Using CNS From line 4827


               S O L V E      S U M M A R Y

     MODEL   CGE                 
     TYPE    CNS                 
     SOLVER  CONOPT4             FROM LINE  4827

**** SOLVER STATUS     1 Normal Completion
**** MODEL STATUS      16 Solved

 RESOURCE USAGE, LIMIT          1.547 10000000000.000
 ITERATION COUNT, LIMIT         2    2147483647
 EVALUATION ERRORS              0             0
 
 
    C O N O P T   version 4.31
    Copyright (C) ARKI Consulting and Development A/S
                  Bagsvaerdvej 246 A
                  DK-2880 Bagsvaerd, Denmark
 
 
    The user model has 89773 constraints and 89773 variables
    with 451171 Jacobian elements, 266561 of which are nonlinear.
 
    The pre-triangular part of the model has 6616 constraints and variables.
    The post-triangular part of the model has 839 constraints and variables.
 
    Preprocessed model has 82318 constraints and 82318 variables
    with 403045 Jacobian elements, 234791 of which are nonlinear.
 
 ** Feasible solution to a square system.
 
 
 CONOPT time Total                            1.604 seconds
   of which: Function evaluations             0.322 = 20.1%
             1st Derivative evaluations       0.118 =  7.4%
 


**** REPORT SUMMARY :        0 INFEASIBLE
                             0  DEPENDENT
                             0     ERRORS
GAMS 45.7.0  64fbf3ce Jan 18, 2024          WEX-WEI x86 64bit/MS Windows - 04/30/26 12:52:03 Page 60
GUIDE_GLOBAL_CGE Model GTAP11c
Range Statistics    SOLVE CGE Using CNS From line 4827


RANGE STATISTICS (ABSOLUTE NON-ZERO FINITE VALUES)

RHS       [min, max] : [ 4.441E-15, 1.578E+05] - Zero values observed as well
Bound     [min, max] : [        NA,        NA]
Matrix    [min, max] : [ 1.688E-20, 2.309E+06] - Zero values observed as well

GAMS 45.7.0  64fbf3ce Jan 18, 2024          WEX-WEI x86 64bit/MS Windows - 04/30/26 12:52:03 Page 61
GUIDE_GLOBAL_CGE Model GTAP11c
Model Statistics    SOLVE CGE Using CNS From line 4827


LOOPS                                 TIME   2038


MODEL STATISTICS

BLOCKS OF EQUATIONS         146     SINGLE EQUATIONS       89,773
BLOCKS OF VARIABLES         146     SINGLE VARIABLES       89,773
NON ZERO ELEMENTS       451,171     NON LINEAR N-Z        266,561
CODE LENGTH             795,816     CONSTANT POOL          57,478
SINGLE =E|X= EQUS        89,773     SINGLE UNFIXED VARS    89,773


GENERATION TIME      =        1.954 SECONDS    352 MB  45.7.0 64fbf3ce WEX-WEI
               L O O P S               TIME 2038

GAMS 45.7.0  64fbf3ce Jan 18, 2024          WEX-WEI x86 64bit/MS Windows - 04/30/26 12:52:03 Page 62
GUIDE_GLOBAL_CGE Model GTAP11c
Solution Report     SOLVE CGE Using CNS From line 4827


               S O L V E      S U M M A R Y

     MODEL   CGE                 
     TYPE    CNS                 
     SOLVER  CONOPT4             FROM LINE  4827

**** SOLVER STATUS     1 Normal Completion
**** MODEL STATUS      16 Solved

 RESOURCE USAGE, LIMIT          1.656 10000000000.000
 ITERATION COUNT, LIMIT         2    2147483647
 EVALUATION ERRORS              0             0
 
 
    C O N O P T   version 4.31
    Copyright (C) ARKI Consulting and Development A/S
                  Bagsvaerdvej 246 A
                  DK-2880 Bagsvaerd, Denmark
 
 
    The user model has 89773 constraints and 89773 variables
    with 451171 Jacobian elements, 266561 of which are nonlinear.
 
    The pre-triangular part of the model has 6616 constraints and variables.
    The post-triangular part of the model has 839 constraints and variables.
 
    Preprocessed model has 82318 constraints and 82318 variables
    with 403045 Jacobian elements, 234791 of which are nonlinear.
 
 ** Feasible solution to a square system.
 
 
 CONOPT time Total                            1.680 seconds
   of which: Function evaluations             0.272 = 16.2%
             1st Derivative evaluations       0.106 =  6.3%
 


**** REPORT SUMMARY :        0 INFEASIBLE
                             0  DEPENDENT
                             0     ERRORS
GAMS 45.7.0  64fbf3ce Jan 18, 2024          WEX-WEI x86 64bit/MS Windows - 04/30/26 12:52:03 Page 63
GUIDE_GLOBAL_CGE Model GTAP11c
Range Statistics    SOLVE CGE Using CNS From line 4827


RANGE STATISTICS (ABSOLUTE NON-ZERO FINITE VALUES)

RHS       [min, max] : [ 4.441E-15, 1.659E+05] - Zero values observed as well
Bound     [min, max] : [        NA,        NA]
Matrix    [min, max] : [ 1.768E-20, 2.510E+06] - Zero values observed as well

GAMS 45.7.0  64fbf3ce Jan 18, 2024          WEX-WEI x86 64bit/MS Windows - 04/30/26 12:52:03 Page 64
GUIDE_GLOBAL_CGE Model GTAP11c
Model Statistics    SOLVE CGE Using CNS From line 4827


LOOPS                                 TIME   2039


MODEL STATISTICS

BLOCKS OF EQUATIONS         146     SINGLE EQUATIONS       89,773
BLOCKS OF VARIABLES         146     SINGLE VARIABLES       89,773
NON ZERO ELEMENTS       451,171     NON LINEAR N-Z        266,561
CODE LENGTH             795,816     CONSTANT POOL          57,478
SINGLE =E|X= EQUS        89,773     SINGLE UNFIXED VARS    89,773


GENERATION TIME      =        2.031 SECONDS    365 MB  45.7.0 64fbf3ce WEX-WEI
               L O O P S               TIME 2039

GAMS 45.7.0  64fbf3ce Jan 18, 2024          WEX-WEI x86 64bit/MS Windows - 04/30/26 12:52:03 Page 65
GUIDE_GLOBAL_CGE Model GTAP11c
Solution Report     SOLVE CGE Using CNS From line 4827


               S O L V E      S U M M A R Y

     MODEL   CGE                 
     TYPE    CNS                 
     SOLVER  CONOPT4             FROM LINE  4827

**** SOLVER STATUS     1 Normal Completion
**** MODEL STATUS      16 Solved

 RESOURCE USAGE, LIMIT          1.766 10000000000.000
 ITERATION COUNT, LIMIT         2    2147483647
 EVALUATION ERRORS              0             0
 
 
    C O N O P T   version 4.31
    Copyright (C) ARKI Consulting and Development A/S
                  Bagsvaerdvej 246 A
                  DK-2880 Bagsvaerd, Denmark
 
 
    The user model has 89773 constraints and 89773 variables
    with 451171 Jacobian elements, 266561 of which are nonlinear.
 
    The pre-triangular part of the model has 6616 constraints and variables.
    The post-triangular part of the model has 839 constraints and variables.
 
    Preprocessed model has 82318 constraints and 82318 variables
    with 403045 Jacobian elements, 234791 of which are nonlinear.
 
 ** Feasible solution to a square system.
 
 
 CONOPT time Total                            1.810 seconds
   of which: Function evaluations             0.313 = 17.3%
             1st Derivative evaluations       0.101 =  5.6%
 


**** REPORT SUMMARY :        0 INFEASIBLE
                             0  DEPENDENT
                             0     ERRORS
GAMS 45.7.0  64fbf3ce Jan 18, 2024          WEX-WEI x86 64bit/MS Windows - 04/30/26 12:52:03 Page 66
GUIDE_GLOBAL_CGE Model GTAP11c
Range Statistics    SOLVE CGE Using CNS From line 4827


RANGE STATISTICS (ABSOLUTE NON-ZERO FINITE VALUES)

RHS       [min, max] : [ 4.441E-15, 1.741E+05] - Zero values observed as well
Bound     [min, max] : [        NA,        NA]
Matrix    [min, max] : [ 1.850E-20, 2.720E+06] - Zero values observed as well

GAMS 45.7.0  64fbf3ce Jan 18, 2024          WEX-WEI x86 64bit/MS Windows - 04/30/26 12:52:03 Page 67
GUIDE_GLOBAL_CGE Model GTAP11c
Model Statistics    SOLVE CGE Using CNS From line 4827


LOOPS                                 TIME   2040


MODEL STATISTICS

BLOCKS OF EQUATIONS         146     SINGLE EQUATIONS       89,773
BLOCKS OF VARIABLES         146     SINGLE VARIABLES       89,773
NON ZERO ELEMENTS       451,171     NON LINEAR N-Z        266,561
CODE LENGTH             795,816     CONSTANT POOL          57,478
SINGLE =E|X= EQUS        89,773     SINGLE UNFIXED VARS    89,773


GENERATION TIME      =        2.172 SECONDS    377 MB  45.7.0 64fbf3ce WEX-WEI
               L O O P S               TIME 2040

GAMS 45.7.0  64fbf3ce Jan 18, 2024          WEX-WEI x86 64bit/MS Windows - 04/30/26 12:52:03 Page 68
GUIDE_GLOBAL_CGE Model GTAP11c
Solution Report     SOLVE CGE Using CNS From line 4827


               S O L V E      S U M M A R Y

     MODEL   CGE                 
     TYPE    CNS                 
     SOLVER  CONOPT4             FROM LINE  4827

**** SOLVER STATUS     1 Normal Completion
**** MODEL STATUS      16 Solved

 RESOURCE USAGE, LIMIT          1.625 10000000000.000
 ITERATION COUNT, LIMIT         2    2147483647
 EVALUATION ERRORS              0             0
 
 
    C O N O P T   version 4.31
    Copyright (C) ARKI Consulting and Development A/S
                  Bagsvaerdvej 246 A
                  DK-2880 Bagsvaerd, Denmark
 
 
    The user model has 89773 constraints and 89773 variables
    with 451171 Jacobian elements, 266561 of which are nonlinear.
 
    The pre-triangular part of the model has 6616 constraints and variables.
    The post-triangular part of the model has 839 constraints and variables.
 
    Preprocessed model has 82318 constraints and 82318 variables
    with 403045 Jacobian elements, 234791 of which are nonlinear.
 
 ** Feasible solution to a square system.
 
 
 CONOPT time Total                            1.674 seconds
   of which: Function evaluations             0.295 = 17.6%
             1st Derivative evaluations       0.088 =  5.3%
 


**** REPORT SUMMARY :        0 INFEASIBLE
                             0  DEPENDENT
                             0     ERRORS
GAMS 45.7.0  64fbf3ce Jan 18, 2024          WEX-WEI x86 64bit/MS Windows - 04/30/26 12:52:03 Page 69
GUIDE_GLOBAL_CGE Model GTAP11c
Range Statistics    SOLVE CGE Using CNS From line 4827


RANGE STATISTICS (ABSOLUTE NON-ZERO FINITE VALUES)

RHS       [min, max] : [ 4.441E-15, 1.825E+05] - Zero values observed as well
Bound     [min, max] : [        NA,        NA]
Matrix    [min, max] : [ 1.933E-20, 2.941E+06] - Zero values observed as well

GAMS 45.7.0  64fbf3ce Jan 18, 2024          WEX-WEI x86 64bit/MS Windows - 04/30/26 12:52:03 Page 70
GUIDE_GLOBAL_CGE Model GTAP11c
Model Statistics    SOLVE CGE Using CNS From line 4827


LOOPS                                 TIME   2041


MODEL STATISTICS

BLOCKS OF EQUATIONS         146     SINGLE EQUATIONS       89,773
BLOCKS OF VARIABLES         146     SINGLE VARIABLES       89,773
NON ZERO ELEMENTS       451,171     NON LINEAR N-Z        266,561
CODE LENGTH             795,816     CONSTANT POOL          57,478
SINGLE =E|X= EQUS        89,773     SINGLE UNFIXED VARS    89,773


GENERATION TIME      =        2.094 SECONDS    390 MB  45.7.0 64fbf3ce WEX-WEI
               L O O P S               TIME 2041

GAMS 45.7.0  64fbf3ce Jan 18, 2024          WEX-WEI x86 64bit/MS Windows - 04/30/26 12:52:03 Page 71
GUIDE_GLOBAL_CGE Model GTAP11c
Solution Report     SOLVE CGE Using CNS From line 4827


               S O L V E      S U M M A R Y

     MODEL   CGE                 
     TYPE    CNS                 
     SOLVER  CONOPT4             FROM LINE  4827

**** SOLVER STATUS     1 Normal Completion
**** MODEL STATUS      16 Solved

 RESOURCE USAGE, LIMIT          1.563 10000000000.000
 ITERATION COUNT, LIMIT         2    2147483647
 EVALUATION ERRORS              0             0
 
 
    C O N O P T   version 4.31
    Copyright (C) ARKI Consulting and Development A/S
                  Bagsvaerdvej 246 A
                  DK-2880 Bagsvaerd, Denmark
 
 
    The user model has 89773 constraints and 89773 variables
    with 451171 Jacobian elements, 266561 of which are nonlinear.
 
    The pre-triangular part of the model has 6616 constraints and variables.
    The post-triangular part of the model has 839 constraints and variables.
 
    Preprocessed model has 82318 constraints and 82318 variables
    with 403045 Jacobian elements, 234791 of which are nonlinear.
 
 ** Feasible solution to a square system.
 
 
 CONOPT time Total                            1.600 seconds
   of which: Function evaluations             0.329 = 20.6%
             1st Derivative evaluations       0.095 =  5.9%
 


**** REPORT SUMMARY :        0 INFEASIBLE
                             0  DEPENDENT
                             0     ERRORS
GAMS 45.7.0  64fbf3ce Jan 18, 2024          WEX-WEI x86 64bit/MS Windows - 04/30/26 12:52:03 Page 72
GUIDE_GLOBAL_CGE Model GTAP11c
Range Statistics    SOLVE CGE Using CNS From line 4827


RANGE STATISTICS (ABSOLUTE NON-ZERO FINITE VALUES)

RHS       [min, max] : [ 4.441E-15, 1.910E+05] - Zero values observed as well
Bound     [min, max] : [        NA,        NA]
Matrix    [min, max] : [ 2.023E-20, 3.173E+06] - Zero values observed as well

GAMS 45.7.0  64fbf3ce Jan 18, 2024          WEX-WEI x86 64bit/MS Windows - 04/30/26 12:52:03 Page 73
GUIDE_GLOBAL_CGE Model GTAP11c
Model Statistics    SOLVE CGE Using CNS From line 4827


LOOPS                                 TIME   2042


MODEL STATISTICS

BLOCKS OF EQUATIONS         146     SINGLE EQUATIONS       89,773
BLOCKS OF VARIABLES         146     SINGLE VARIABLES       89,773
NON ZERO ELEMENTS       451,171     NON LINEAR N-Z        266,561
CODE LENGTH             795,816     CONSTANT POOL          57,478
SINGLE =E|X= EQUS        89,773     SINGLE UNFIXED VARS    89,773


GENERATION TIME      =        2.047 SECONDS    402 MB  45.7.0 64fbf3ce WEX-WEI
               L O O P S               TIME 2042

GAMS 45.7.0  64fbf3ce Jan 18, 2024          WEX-WEI x86 64bit/MS Windows - 04/30/26 12:52:03 Page 74
GUIDE_GLOBAL_CGE Model GTAP11c
Solution Report     SOLVE CGE Using CNS From line 4827


               S O L V E      S U M M A R Y

     MODEL   CGE                 
     TYPE    CNS                 
     SOLVER  CONOPT4             FROM LINE  4827

**** SOLVER STATUS     1 Normal Completion
**** MODEL STATUS      16 Solved

 RESOURCE USAGE, LIMIT          1.640 10000000000.000
 ITERATION COUNT, LIMIT         2    2147483647
 EVALUATION ERRORS              0             0
 
 
    C O N O P T   version 4.31
    Copyright (C) ARKI Consulting and Development A/S
                  Bagsvaerdvej 246 A
                  DK-2880 Bagsvaerd, Denmark
 
 
    The user model has 89773 constraints and 89773 variables
    with 451171 Jacobian elements, 266561 of which are nonlinear.
 
    The pre-triangular part of the model has 6616 constraints and variables.
    The post-triangular part of the model has 839 constraints and variables.
 
    Preprocessed model has 82318 constraints and 82318 variables
    with 403045 Jacobian elements, 234791 of which are nonlinear.
 
 ** Feasible solution to a square system.
 
 
 CONOPT time Total                            1.682 seconds
   of which: Function evaluations             0.252 = 15.0%
             1st Derivative evaluations       0.130 =  7.7%
 


**** REPORT SUMMARY :        0 INFEASIBLE
                             0  DEPENDENT
                             0     ERRORS
GAMS 45.7.0  64fbf3ce Jan 18, 2024          WEX-WEI x86 64bit/MS Windows - 04/30/26 12:52:03 Page 75
GUIDE_GLOBAL_CGE Model GTAP11c
Range Statistics    SOLVE CGE Using CNS From line 4827


RANGE STATISTICS (ABSOLUTE NON-ZERO FINITE VALUES)

RHS       [min, max] : [ 4.441E-15, 1.996E+05] - Zero values observed as well
Bound     [min, max] : [        NA,        NA]
Matrix    [min, max] : [ 2.115E-20, 3.415E+06] - Zero values observed as well

GAMS 45.7.0  64fbf3ce Jan 18, 2024          WEX-WEI x86 64bit/MS Windows - 04/30/26 12:52:03 Page 76
GUIDE_GLOBAL_CGE Model GTAP11c
Model Statistics    SOLVE CGE Using CNS From line 4827


LOOPS                                 TIME   2043


MODEL STATISTICS

BLOCKS OF EQUATIONS         146     SINGLE EQUATIONS       89,773
BLOCKS OF VARIABLES         146     SINGLE VARIABLES       89,773
NON ZERO ELEMENTS       451,171     NON LINEAR N-Z        266,561
CODE LENGTH             795,816     CONSTANT POOL          57,478
SINGLE =E|X= EQUS        89,773     SINGLE UNFIXED VARS    89,773


GENERATION TIME      =        2.235 SECONDS    415 MB  45.7.0 64fbf3ce WEX-WEI
               L O O P S               TIME 2043

GAMS 45.7.0  64fbf3ce Jan 18, 2024          WEX-WEI x86 64bit/MS Windows - 04/30/26 12:52:03 Page 77
GUIDE_GLOBAL_CGE Model GTAP11c
Solution Report     SOLVE CGE Using CNS From line 4827


               S O L V E      S U M M A R Y

     MODEL   CGE                 
     TYPE    CNS                 
     SOLVER  CONOPT4             FROM LINE  4827

**** SOLVER STATUS     1 Normal Completion
**** MODEL STATUS      16 Solved

 RESOURCE USAGE, LIMIT          1.687 10000000000.000
 ITERATION COUNT, LIMIT         2    2147483647
 EVALUATION ERRORS              0             0
 
 
    C O N O P T   version 4.31
    Copyright (C) ARKI Consulting and Development A/S
                  Bagsvaerdvej 246 A
                  DK-2880 Bagsvaerd, Denmark
 
 
    The user model has 89773 constraints and 89773 variables
    with 451171 Jacobian elements, 266561 of which are nonlinear.
 
    The pre-triangular part of the model has 6616 constraints and variables.
    The post-triangular part of the model has 839 constraints and variables.
 
    Preprocessed model has 82318 constraints and 82318 variables
    with 403045 Jacobian elements, 234791 of which are nonlinear.
 
 ** Feasible solution to a square system.
 
 
 CONOPT time Total                            1.759 seconds
   of which: Function evaluations             0.279 = 15.9%
             1st Derivative evaluations       0.123 =  7.0%
 


**** REPORT SUMMARY :        0 INFEASIBLE
                             0  DEPENDENT
                             0     ERRORS
GAMS 45.7.0  64fbf3ce Jan 18, 2024          WEX-WEI x86 64bit/MS Windows - 04/30/26 12:52:03 Page 78
GUIDE_GLOBAL_CGE Model GTAP11c
Range Statistics    SOLVE CGE Using CNS From line 4827


RANGE STATISTICS (ABSOLUTE NON-ZERO FINITE VALUES)

RHS       [min, max] : [ 4.441E-15, 2.084E+05] - Zero values observed as well
Bound     [min, max] : [        NA,        NA]
Matrix    [min, max] : [ 2.207E-20, 3.668E+06] - Zero values observed as well

GAMS 45.7.0  64fbf3ce Jan 18, 2024          WEX-WEI x86 64bit/MS Windows - 04/30/26 12:52:03 Page 79
GUIDE_GLOBAL_CGE Model GTAP11c
Model Statistics    SOLVE CGE Using CNS From line 4827


LOOPS                                 TIME   2044


MODEL STATISTICS

BLOCKS OF EQUATIONS         146     SINGLE EQUATIONS       89,773
BLOCKS OF VARIABLES         146     SINGLE VARIABLES       89,773
NON ZERO ELEMENTS       451,171     NON LINEAR N-Z        266,561
CODE LENGTH             795,816     CONSTANT POOL          57,478
SINGLE =E|X= EQUS        89,773     SINGLE UNFIXED VARS    89,773


GENERATION TIME      =        2.219 SECONDS    427 MB  45.7.0 64fbf3ce WEX-WEI
               L O O P S               TIME 2044

GAMS 45.7.0  64fbf3ce Jan 18, 2024          WEX-WEI x86 64bit/MS Windows - 04/30/26 12:52:03 Page 80
GUIDE_GLOBAL_CGE Model GTAP11c
Solution Report     SOLVE CGE Using CNS From line 4827


               S O L V E      S U M M A R Y

     MODEL   CGE                 
     TYPE    CNS                 
     SOLVER  CONOPT4             FROM LINE  4827

**** SOLVER STATUS     1 Normal Completion
**** MODEL STATUS      16 Solved

 RESOURCE USAGE, LIMIT          1.687 10000000000.000
 ITERATION COUNT, LIMIT         2    2147483647
 EVALUATION ERRORS              0             0
 
 
    C O N O P T   version 4.31
    Copyright (C) ARKI Consulting and Development A/S
                  Bagsvaerdvej 246 A
                  DK-2880 Bagsvaerd, Denmark
 
 
    The user model has 89773 constraints and 89773 variables
    with 451171 Jacobian elements, 266561 of which are nonlinear.
 
    The pre-triangular part of the model has 6616 constraints and variables.
    The post-triangular part of the model has 839 constraints and variables.
 
    Preprocessed model has 82318 constraints and 82318 variables
    with 403045 Jacobian elements, 234791 of which are nonlinear.
 
 ** Feasible solution to a square system.
 
 
 CONOPT time Total                            1.740 seconds
   of which: Function evaluations             0.422 = 24.3%
             1st Derivative evaluations       0.120 =  6.9%
 


**** REPORT SUMMARY :        0 INFEASIBLE
                             0  DEPENDENT
                             0     ERRORS
GAMS 45.7.0  64fbf3ce Jan 18, 2024          WEX-WEI x86 64bit/MS Windows - 04/30/26 12:52:03 Page 81
GUIDE_GLOBAL_CGE Model GTAP11c
Range Statistics    SOLVE CGE Using CNS From line 4827


RANGE STATISTICS (ABSOLUTE NON-ZERO FINITE VALUES)

RHS       [min, max] : [ 4.441E-15, 2.174E+05] - Zero values observed as well
Bound     [min, max] : [        NA,        NA]
Matrix    [min, max] : [ 2.300E-20, 3.930E+06] - Zero values observed as well

GAMS 45.7.0  64fbf3ce Jan 18, 2024          WEX-WEI x86 64bit/MS Windows - 04/30/26 12:52:03 Page 82
GUIDE_GLOBAL_CGE Model GTAP11c
Model Statistics    SOLVE CGE Using CNS From line 4827


LOOPS                                 TIME   2045


MODEL STATISTICS

BLOCKS OF EQUATIONS         146     SINGLE EQUATIONS       89,773
BLOCKS OF VARIABLES         146     SINGLE VARIABLES       89,773
NON ZERO ELEMENTS       451,171     NON LINEAR N-Z        266,561
CODE LENGTH             795,816     CONSTANT POOL          57,478
SINGLE =E|X= EQUS        89,773     SINGLE UNFIXED VARS    89,773


GENERATION TIME      =        2.437 SECONDS    440 MB  45.7.0 64fbf3ce WEX-WEI
               L O O P S               TIME 2045

GAMS 45.7.0  64fbf3ce Jan 18, 2024          WEX-WEI x86 64bit/MS Windows - 04/30/26 12:52:03 Page 83
GUIDE_GLOBAL_CGE Model GTAP11c
Solution Report     SOLVE CGE Using CNS From line 4827


               S O L V E      S U M M A R Y

     MODEL   CGE                 
     TYPE    CNS                 
     SOLVER  CONOPT4             FROM LINE  4827

**** SOLVER STATUS     1 Normal Completion
**** MODEL STATUS      16 Solved

 RESOURCE USAGE, LIMIT          1.672 10000000000.000
 ITERATION COUNT, LIMIT         2    2147483647
 EVALUATION ERRORS              0             0
 
 
    C O N O P T   version 4.31
    Copyright (C) ARKI Consulting and Development A/S
                  Bagsvaerdvej 246 A
                  DK-2880 Bagsvaerd, Denmark
 
 
    The user model has 89773 constraints and 89773 variables
    with 451171 Jacobian elements, 266561 of which are nonlinear.
 
    The pre-triangular part of the model has 6616 constraints and variables.
    The post-triangular part of the model has 839 constraints and variables.
 
    Preprocessed model has 82318 constraints and 82318 variables
    with 403045 Jacobian elements, 234791 of which are nonlinear.
 
 ** Feasible solution to a square system.
 
 
 CONOPT time Total                            1.722 seconds
   of which: Function evaluations             0.311 = 18.1%
             1st Derivative evaluations       0.115 =  6.7%
 


**** REPORT SUMMARY :        0 INFEASIBLE
                             0  DEPENDENT
                             0     ERRORS
GAMS 45.7.0  64fbf3ce Jan 18, 2024          WEX-WEI x86 64bit/MS Windows - 04/30/26 12:52:03 Page 84
GUIDE_GLOBAL_CGE Model GTAP11c
Range Statistics    SOLVE CGE Using CNS From line 4827


RANGE STATISTICS (ABSOLUTE NON-ZERO FINITE VALUES)

RHS       [min, max] : [ 4.441E-15, 2.265E+05] - Zero values observed as well
Bound     [min, max] : [        NA,        NA]
Matrix    [min, max] : [ 2.394E-20, 4.203E+06] - Zero values observed as well

GAMS 45.7.0  64fbf3ce Jan 18, 2024          WEX-WEI x86 64bit/MS Windows - 04/30/26 12:52:03 Page 85
GUIDE_GLOBAL_CGE Model GTAP11c
Model Statistics    SOLVE CGE Using CNS From line 4827


LOOPS                                 TIME   2046


MODEL STATISTICS

BLOCKS OF EQUATIONS         146     SINGLE EQUATIONS       89,773
BLOCKS OF VARIABLES         146     SINGLE VARIABLES       89,773
NON ZERO ELEMENTS       451,171     NON LINEAR N-Z        266,561
CODE LENGTH             795,816     CONSTANT POOL          57,478
SINGLE =E|X= EQUS        89,773     SINGLE UNFIXED VARS    89,773


GENERATION TIME      =        2.360 SECONDS    452 MB  45.7.0 64fbf3ce WEX-WEI
               L O O P S               TIME 2046

GAMS 45.7.0  64fbf3ce Jan 18, 2024          WEX-WEI x86 64bit/MS Windows - 04/30/26 12:52:03 Page 86
GUIDE_GLOBAL_CGE Model GTAP11c
Solution Report     SOLVE CGE Using CNS From line 4827


               S O L V E      S U M M A R Y

     MODEL   CGE                 
     TYPE    CNS                 
     SOLVER  CONOPT4             FROM LINE  4827

**** SOLVER STATUS     1 Normal Completion
**** MODEL STATUS      16 Solved

 RESOURCE USAGE, LIMIT          1.609 10000000000.000
 ITERATION COUNT, LIMIT         2    2147483647
 EVALUATION ERRORS              0             0
 
 
    C O N O P T   version 4.31
    Copyright (C) ARKI Consulting and Development A/S
                  Bagsvaerdvej 246 A
                  DK-2880 Bagsvaerd, Denmark
 
 
    The user model has 89773 constraints and 89773 variables
    with 451171 Jacobian elements, 266561 of which are nonlinear.
 
    The pre-triangular part of the model has 6616 constraints and variables.
    The post-triangular part of the model has 839 constraints and variables.
 
    Preprocessed model has 82318 constraints and 82318 variables
    with 403045 Jacobian elements, 234791 of which are nonlinear.
 
 ** Feasible solution to a square system.
 
 
 CONOPT time Total                            1.651 seconds
   of which: Function evaluations             0.317 = 19.2%
             1st Derivative evaluations       0.093 =  5.6%
 


**** REPORT SUMMARY :        0 INFEASIBLE
                             0  DEPENDENT
                             0     ERRORS
GAMS 45.7.0  64fbf3ce Jan 18, 2024          WEX-WEI x86 64bit/MS Windows - 04/30/26 12:52:03 Page 87
GUIDE_GLOBAL_CGE Model GTAP11c
Range Statistics    SOLVE CGE Using CNS From line 4827


RANGE STATISTICS (ABSOLUTE NON-ZERO FINITE VALUES)

RHS       [min, max] : [ 4.441E-15, 2.357E+05] - Zero values observed as well
Bound     [min, max] : [        NA,        NA]
Matrix    [min, max] : [ 2.495E-20, 4.489E+06] - Zero values observed as well

GAMS 45.7.0  64fbf3ce Jan 18, 2024          WEX-WEI x86 64bit/MS Windows - 04/30/26 12:52:03 Page 88
GUIDE_GLOBAL_CGE Model GTAP11c
Model Statistics    SOLVE CGE Using CNS From line 4827


LOOPS                                 TIME   2047


MODEL STATISTICS

BLOCKS OF EQUATIONS         146     SINGLE EQUATIONS       89,773
BLOCKS OF VARIABLES         146     SINGLE VARIABLES       89,773
NON ZERO ELEMENTS       451,171     NON LINEAR N-Z        266,561
CODE LENGTH             795,816     CONSTANT POOL          57,478
SINGLE =E|X= EQUS        89,773     SINGLE UNFIXED VARS    89,773


GENERATION TIME      =        2.391 SECONDS    465 MB  45.7.0 64fbf3ce WEX-WEI
               L O O P S               TIME 2047

GAMS 45.7.0  64fbf3ce Jan 18, 2024          WEX-WEI x86 64bit/MS Windows - 04/30/26 12:52:03 Page 89
GUIDE_GLOBAL_CGE Model GTAP11c
Solution Report     SOLVE CGE Using CNS From line 4827


               S O L V E      S U M M A R Y

     MODEL   CGE                 
     TYPE    CNS                 
     SOLVER  CONOPT4             FROM LINE  4827

**** SOLVER STATUS     1 Normal Completion
**** MODEL STATUS      16 Solved

 RESOURCE USAGE, LIMIT          1.719 10000000000.000
 ITERATION COUNT, LIMIT         2    2147483647
 EVALUATION ERRORS              0             0
 
 
    C O N O P T   version 4.31
    Copyright (C) ARKI Consulting and Development A/S
                  Bagsvaerdvej 246 A
                  DK-2880 Bagsvaerd, Denmark
 
 
    The user model has 89773 constraints and 89773 variables
    with 451171 Jacobian elements, 266561 of which are nonlinear.
 
    The pre-triangular part of the model has 6616 constraints and variables.
    The post-triangular part of the model has 839 constraints and variables.
 
    Preprocessed model has 82318 constraints and 82318 variables
    with 403045 Jacobian elements, 234791 of which are nonlinear.
 
 ** Feasible solution to a square system.
 
 
 CONOPT time Total                            1.740 seconds
   of which: Function evaluations             0.298 = 17.1%
             1st Derivative evaluations       0.128 =  7.4%
 


**** REPORT SUMMARY :        0 INFEASIBLE
                             0  DEPENDENT
                             0     ERRORS
GAMS 45.7.0  64fbf3ce Jan 18, 2024          WEX-WEI x86 64bit/MS Windows - 04/30/26 12:52:03 Page 90
GUIDE_GLOBAL_CGE Model GTAP11c
Range Statistics    SOLVE CGE Using CNS From line 4827


RANGE STATISTICS (ABSOLUTE NON-ZERO FINITE VALUES)

RHS       [min, max] : [ 4.441E-15, 2.451E+05] - Zero values observed as well
Bound     [min, max] : [        NA,        NA]
Matrix    [min, max] : [ 2.596E-20, 4.785E+06] - Zero values observed as well

GAMS 45.7.0  64fbf3ce Jan 18, 2024          WEX-WEI x86 64bit/MS Windows - 04/30/26 12:52:03 Page 91
GUIDE_GLOBAL_CGE Model GTAP11c
Model Statistics    SOLVE CGE Using CNS From line 4827


LOOPS                                 TIME   2048


MODEL STATISTICS

BLOCKS OF EQUATIONS         146     SINGLE EQUATIONS       89,773
BLOCKS OF VARIABLES         146     SINGLE VARIABLES       89,773
NON ZERO ELEMENTS       451,171     NON LINEAR N-Z        266,561
CODE LENGTH             795,816     CONSTANT POOL          57,478
SINGLE =E|X= EQUS        89,773     SINGLE UNFIXED VARS    89,773


GENERATION TIME      =        2.453 SECONDS    478 MB  45.7.0 64fbf3ce WEX-WEI
               L O O P S               TIME 2048

GAMS 45.7.0  64fbf3ce Jan 18, 2024          WEX-WEI x86 64bit/MS Windows - 04/30/26 12:52:03 Page 92
GUIDE_GLOBAL_CGE Model GTAP11c
Solution Report     SOLVE CGE Using CNS From line 4827


               S O L V E      S U M M A R Y

     MODEL   CGE                 
     TYPE    CNS                 
     SOLVER  CONOPT4             FROM LINE  4827

**** SOLVER STATUS     1 Normal Completion
**** MODEL STATUS      16 Solved

 RESOURCE USAGE, LIMIT          1.719 10000000000.000
 ITERATION COUNT, LIMIT         2    2147483647
 EVALUATION ERRORS              0             0
 
 
    C O N O P T   version 4.31
    Copyright (C) ARKI Consulting and Development A/S
                  Bagsvaerdvej 246 A
                  DK-2880 Bagsvaerd, Denmark
 
 
    The user model has 89773 constraints and 89773 variables
    with 451171 Jacobian elements, 266561 of which are nonlinear.
 
    The pre-triangular part of the model has 6616 constraints and variables.
    The post-triangular part of the model has 839 constraints and variables.
 
    Preprocessed model has 82318 constraints and 82318 variables
    with 403045 Jacobian elements, 234791 of which are nonlinear.
 
 ** Feasible solution to a square system.
 
 
 CONOPT time Total                            1.772 seconds
   of which: Function evaluations             0.366 = 20.7%
             1st Derivative evaluations       0.160 =  9.0%
 


**** REPORT SUMMARY :        0 INFEASIBLE
                             0  DEPENDENT
                             0     ERRORS
GAMS 45.7.0  64fbf3ce Jan 18, 2024          WEX-WEI x86 64bit/MS Windows - 04/30/26 12:52:03 Page 93
GUIDE_GLOBAL_CGE Model GTAP11c
Range Statistics    SOLVE CGE Using CNS From line 4827


RANGE STATISTICS (ABSOLUTE NON-ZERO FINITE VALUES)

RHS       [min, max] : [ 4.441E-15, 2.546E+05] - Zero values observed as well
Bound     [min, max] : [        NA,        NA]
Matrix    [min, max] : [ 2.696E-20, 5.090E+06] - Zero values observed as well

GAMS 45.7.0  64fbf3ce Jan 18, 2024          WEX-WEI x86 64bit/MS Windows - 04/30/26 12:52:03 Page 94
GUIDE_GLOBAL_CGE Model GTAP11c
Model Statistics    SOLVE CGE Using CNS From line 4827


LOOPS                                 TIME   2049


MODEL STATISTICS

BLOCKS OF EQUATIONS         146     SINGLE EQUATIONS       89,773
BLOCKS OF VARIABLES         146     SINGLE VARIABLES       89,773
NON ZERO ELEMENTS       451,171     NON LINEAR N-Z        266,561
CODE LENGTH             795,816     CONSTANT POOL          57,478
SINGLE =E|X= EQUS        89,773     SINGLE UNFIXED VARS    89,773


GENERATION TIME      =        2.562 SECONDS    490 MB  45.7.0 64fbf3ce WEX-WEI
               L O O P S               TIME 2049

GAMS 45.7.0  64fbf3ce Jan 18, 2024          WEX-WEI x86 64bit/MS Windows - 04/30/26 12:52:03 Page 95
GUIDE_GLOBAL_CGE Model GTAP11c
Solution Report     SOLVE CGE Using CNS From line 4827


               S O L V E      S U M M A R Y

     MODEL   CGE                 
     TYPE    CNS                 
     SOLVER  CONOPT4             FROM LINE  4827

**** SOLVER STATUS     1 Normal Completion
**** MODEL STATUS      16 Solved

 RESOURCE USAGE, LIMIT          1.594 10000000000.000
 ITERATION COUNT, LIMIT         2    2147483647
 EVALUATION ERRORS              0             0
 
 
    C O N O P T   version 4.31
    Copyright (C) ARKI Consulting and Development A/S
                  Bagsvaerdvej 246 A
                  DK-2880 Bagsvaerd, Denmark
 
 
    The user model has 89773 constraints and 89773 variables
    with 451171 Jacobian elements, 266561 of which are nonlinear.
 
    The pre-triangular part of the model has 6616 constraints and variables.
    The post-triangular part of the model has 839 constraints and variables.
 
    Preprocessed model has 82318 constraints and 82318 variables
    with 403045 Jacobian elements, 234791 of which are nonlinear.
 
 ** Feasible solution to a square system.
 
 
 CONOPT time Total                            1.650 seconds
   of which: Function evaluations             0.273 = 16.5%
             1st Derivative evaluations       0.120 =  7.3%
 


**** REPORT SUMMARY :        0 INFEASIBLE
                             0  DEPENDENT
                             0     ERRORS
GAMS 45.7.0  64fbf3ce Jan 18, 2024          WEX-WEI x86 64bit/MS Windows - 04/30/26 12:52:03 Page 96
GUIDE_GLOBAL_CGE Model GTAP11c
Range Statistics    SOLVE CGE Using CNS From line 4827


RANGE STATISTICS (ABSOLUTE NON-ZERO FINITE VALUES)

RHS       [min, max] : [ 4.441E-15, 2.643E+05] - Zero values observed as well
Bound     [min, max] : [        NA,        NA]
Matrix    [min, max] : [ 2.795E-20, 9.447E+06] - Zero values observed as well

GAMS 45.7.0  64fbf3ce Jan 18, 2024          WEX-WEI x86 64bit/MS Windows - 04/30/26 12:52:03 Page 97
GUIDE_GLOBAL_CGE Model GTAP11c
Model Statistics    SOLVE CGE Using CNS From line 4827


LOOPS                                 TIME   2050


MODEL STATISTICS

BLOCKS OF EQUATIONS         146     SINGLE EQUATIONS       89,773
BLOCKS OF VARIABLES         146     SINGLE VARIABLES       89,773
NON ZERO ELEMENTS       451,171     NON LINEAR N-Z        266,561
CODE LENGTH             795,816     CONSTANT POOL          57,478
SINGLE =E|X= EQUS        89,773     SINGLE UNFIXED VARS    89,773


GENERATION TIME      =        2.563 SECONDS    503 MB  45.7.0 64fbf3ce WEX-WEI
               L O O P S               TIME 2050

GAMS 45.7.0  64fbf3ce Jan 18, 2024          WEX-WEI x86 64bit/MS Windows - 04/30/26 12:52:03 Page 98
GUIDE_GLOBAL_CGE Model GTAP11c
Solution Report     SOLVE CGE Using CNS From line 4827


               S O L V E      S U M M A R Y

     MODEL   CGE                 
     TYPE    CNS                 
     SOLVER  CONOPT4             FROM LINE  4827

**** SOLVER STATUS     1 Normal Completion
**** MODEL STATUS      16 Solved

 RESOURCE USAGE, LIMIT          1.610 10000000000.000
 ITERATION COUNT, LIMIT         2    2147483647
 EVALUATION ERRORS              0             0
 
 
    C O N O P T   version 4.31
    Copyright (C) ARKI Consulting and Development A/S
                  Bagsvaerdvej 246 A
                  DK-2880 Bagsvaerd, Denmark
 
 
    The user model has 89773 constraints and 89773 variables
    with 451171 Jacobian elements, 266561 of which are nonlinear.
 
    The pre-triangular part of the model has 6616 constraints and variables.
    The post-triangular part of the model has 839 constraints and variables.
 
    Preprocessed model has 82318 constraints and 82318 variables
    with 403045 Jacobian elements, 234791 of which are nonlinear.
 
 ** Feasible solution to a square system.
 
 
 CONOPT time Total                            1.650 seconds
   of which: Function evaluations             0.301 = 18.2%
             1st Derivative evaluations       0.126 =  7.6%
 


**** REPORT SUMMARY :        0 INFEASIBLE
                             0  DEPENDENT
                             0     ERRORS
GAMS 45.7.0  64fbf3ce Jan 18, 2024          WEX-WEI x86 64bit/MS Windows - 04/30/26 12:52:03 Page 99
GUIDE_GLOBAL_CGE Model GTAP11c
Range Statistics    SOLVE CGE Using CNS From line 5884


RANGE STATISTICS (ABSOLUTE NON-ZERO FINITE VALUES)

RHS       [min, max] : [ 4.441E-15, 5.315E+04] - Zero values observed as well
Bound     [min, max] : [        NA,        NA]
Matrix    [min, max] : [ 1.601E-20, 6.495E+05] - Zero values observed as well

GAMS 45.7.0  64fbf3ce Jan 18, 2024          WEX-WEI x86 64bit/MS Windows - 04/30/26 12:52:03 Page 100
GUIDE_GLOBAL_CGE Model GTAP11c
Model Statistics    SOLVE CGE Using CNS From line 5884


LOOPS                                 TIME   2019


MODEL STATISTICS

BLOCKS OF EQUATIONS         146     SINGLE EQUATIONS       89,773
BLOCKS OF VARIABLES         146     SINGLE VARIABLES       89,773
NON ZERO ELEMENTS       453,253     NON LINEAR N-Z        268,558
CODE LENGTH             805,654     CONSTANT POOL          58,249
SINGLE =E|X= EQUS        89,773     SINGLE UNFIXED VARS    89,773


GENERATION TIME      =        0.953 SECONDS    719 MB  45.7.0 64fbf3ce WEX-WEI
               L O O P S               TIME 2019

GAMS 45.7.0  64fbf3ce Jan 18, 2024          WEX-WEI x86 64bit/MS Windows - 04/30/26 12:52:03 Page 101
GUIDE_GLOBAL_CGE Model GTAP11c
Solution Report     SOLVE CGE Using CNS From line 5884


               S O L V E      S U M M A R Y

     MODEL   CGE                 
     TYPE    CNS                 
     SOLVER  CONOPT4             FROM LINE  5884

**** SOLVER STATUS     1 Normal Completion
**** MODEL STATUS      16 Solved

 RESOURCE USAGE, LIMIT          1.500 10000000000.000
 ITERATION COUNT, LIMIT         2    2147483647
 EVALUATION ERRORS              0             0
 
 
    C O N O P T   version 4.31
    Copyright (C) ARKI Consulting and Development A/S
                  Bagsvaerdvej 246 A
                  DK-2880 Bagsvaerd, Denmark
 
 
    The user model has 89773 constraints and 89773 variables
    with 453253 Jacobian elements, 268558 of which are nonlinear.
 
    The pre-triangular part of the model has 6480 constraints and variables.
    The post-triangular part of the model has 445 constraints and variables.
 
    Preprocessed model has 82848 constraints and 82848 variables
    with 407090 Jacobian elements, 236890 of which are nonlinear.
 
 ** Feasible solution to a square system.
 
 
 CONOPT time Total                            1.560 seconds
   of which: Function evaluations             0.186 = 11.9%
             1st Derivative evaluations       0.143 =  9.2%
 


**** REPORT SUMMARY :        0 INFEASIBLE
                             0  DEPENDENT
                             0     ERRORS
GAMS 45.7.0  64fbf3ce Jan 18, 2024          WEX-WEI x86 64bit/MS Windows - 04/30/26 12:52:03 Page 102
GUIDE_GLOBAL_CGE Model GTAP11c
Range Statistics    SOLVE CGE Using CNS From line 5884


RANGE STATISTICS (ABSOLUTE NON-ZERO FINITE VALUES)

RHS       [min, max] : [ 4.441E-15, 5.577E+04] - Zero values observed as well
Bound     [min, max] : [        NA,        NA]
Matrix    [min, max] : [ 1.601E-20, 6.495E+05] - Zero values observed as well

GAMS 45.7.0  64fbf3ce Jan 18, 2024          WEX-WEI x86 64bit/MS Windows - 04/30/26 12:52:03 Page 103
GUIDE_GLOBAL_CGE Model GTAP11c
Model Statistics    SOLVE CGE Using CNS From line 5884


LOOPS                                 TIME   2020


MODEL STATISTICS

BLOCKS OF EQUATIONS         146     SINGLE EQUATIONS       89,773
BLOCKS OF VARIABLES         146     SINGLE VARIABLES       89,773
NON ZERO ELEMENTS       453,253     NON LINEAR N-Z        268,558
CODE LENGTH             805,654     CONSTANT POOL          58,249
SINGLE =E|X= EQUS        89,773     SINGLE UNFIXED VARS    89,773


GENERATION TIME      =        1.468 SECONDS    719 MB  45.7.0 64fbf3ce WEX-WEI
               L O O P S               TIME 2020

GAMS 45.7.0  64fbf3ce Jan 18, 2024          WEX-WEI x86 64bit/MS Windows - 04/30/26 12:52:03 Page 104
GUIDE_GLOBAL_CGE Model GTAP11c
Solution Report     SOLVE CGE Using CNS From line 5884


               S O L V E      S U M M A R Y

     MODEL   CGE                 
     TYPE    CNS                 
     SOLVER  CONOPT4             FROM LINE  5884

**** SOLVER STATUS     1 Normal Completion
**** MODEL STATUS      16 Solved

 RESOURCE USAGE, LIMIT          2.922 10000000000.000
 ITERATION COUNT, LIMIT         4    2147483647
 EVALUATION ERRORS              0             0
 
 
    C O N O P T   version 4.31
    Copyright (C) ARKI Consulting and Development A/S
                  Bagsvaerdvej 246 A
                  DK-2880 Bagsvaerd, Denmark
 
 
    The user model has 89773 constraints and 89773 variables
    with 453253 Jacobian elements, 268558 of which are nonlinear.
 
    The pre-triangular part of the model has 6480 constraints and variables.
    The post-triangular part of the model has 445 constraints and variables.
 
    Preprocessed model has 82848 constraints and 82848 variables
    with 407090 Jacobian elements, 236890 of which are nonlinear.
 
 ** Feasible solution to a square system.
 
 
 CONOPT time Total                            2.940 seconds
   of which: Function evaluations             0.272 =  9.3%
             1st Derivative evaluations       0.171 =  5.8%
 


**** REPORT SUMMARY :        0 INFEASIBLE
                             0  DEPENDENT
                             0     ERRORS
GAMS 45.7.0  64fbf3ce Jan 18, 2024          WEX-WEI x86 64bit/MS Windows - 04/30/26 12:52:03 Page 105
GUIDE_GLOBAL_CGE Model GTAP11c
Range Statistics    SOLVE CGE Using CNS From line 5884


RANGE STATISTICS (ABSOLUTE NON-ZERO FINITE VALUES)

RHS       [min, max] : [ 4.441E-15, 5.794E+04] - Zero values observed as well
Bound     [min, max] : [        NA,        NA]
Matrix    [min, max] : [ 1.033E-20, 7.316E+05] - Zero values observed as well

GAMS 45.7.0  64fbf3ce Jan 18, 2024          WEX-WEI x86 64bit/MS Windows - 04/30/26 12:52:03 Page 106
GUIDE_GLOBAL_CGE Model GTAP11c
Model Statistics    SOLVE CGE Using CNS From line 5884


LOOPS                                 TIME   2021


MODEL STATISTICS

BLOCKS OF EQUATIONS         146     SINGLE EQUATIONS       89,773
BLOCKS OF VARIABLES         146     SINGLE VARIABLES       89,773
NON ZERO ELEMENTS       453,253     NON LINEAR N-Z        268,558
CODE LENGTH             805,671     CONSTANT POOL          58,268
SINGLE =E|X= EQUS        89,773     SINGLE UNFIXED VARS    89,773


GENERATION TIME      =        1.344 SECONDS    720 MB  45.7.0 64fbf3ce WEX-WEI
               L O O P S               TIME 2021

GAMS 45.7.0  64fbf3ce Jan 18, 2024          WEX-WEI x86 64bit/MS Windows - 04/30/26 12:52:03 Page 107
GUIDE_GLOBAL_CGE Model GTAP11c
Solution Report     SOLVE CGE Using CNS From line 5884


               S O L V E      S U M M A R Y

     MODEL   CGE                 
     TYPE    CNS                 
     SOLVER  CONOPT4             FROM LINE  5884

**** SOLVER STATUS     1 Normal Completion
**** MODEL STATUS      16 Solved

 RESOURCE USAGE, LIMIT          4.282 10000000000.000
 ITERATION COUNT, LIMIT         7    2147483647
 EVALUATION ERRORS              0             0
 
 
    C O N O P T   version 4.31
    Copyright (C) ARKI Consulting and Development A/S
                  Bagsvaerdvej 246 A
                  DK-2880 Bagsvaerd, Denmark
 
 
    The user model has 89773 constraints and 89773 variables
    with 453253 Jacobian elements, 268558 of which are nonlinear.
 
    The pre-triangular part of the model has 6480 constraints and variables.
    The post-triangular part of the model has 445 constraints and variables.
 
    Preprocessed model has 82848 constraints and 82848 variables
    with 407090 Jacobian elements, 236890 of which are nonlinear.
 
 ** Feasible solution to a square system.
 
 
 CONOPT time Total                            4.324 seconds
   of which: Function evaluations             0.341 =  7.9%
             1st Derivative evaluations       0.229 =  5.3%
 


**** REPORT SUMMARY :        0 INFEASIBLE
                             0  DEPENDENT
                             0     ERRORS
GAMS 45.7.0  64fbf3ce Jan 18, 2024          WEX-WEI x86 64bit/MS Windows - 04/30/26 12:52:03 Page 108
GUIDE_GLOBAL_CGE Model GTAP11c
Range Statistics    SOLVE CGE Using CNS From line 5884


RANGE STATISTICS (ABSOLUTE NON-ZERO FINITE VALUES)

RHS       [min, max] : [ 4.441E-15, 6.024E+04] - Zero values observed as well
Bound     [min, max] : [        NA,        NA]
Matrix    [min, max] : [ 1.072E-20, 7.483E+05] - Zero values observed as well

GAMS 45.7.0  64fbf3ce Jan 18, 2024          WEX-WEI x86 64bit/MS Windows - 04/30/26 12:52:03 Page 109
GUIDE_GLOBAL_CGE Model GTAP11c
Model Statistics    SOLVE CGE Using CNS From line 5884


LOOPS                                 TIME   2022


MODEL STATISTICS

BLOCKS OF EQUATIONS         146     SINGLE EQUATIONS       89,773
BLOCKS OF VARIABLES         146     SINGLE VARIABLES       89,773
NON ZERO ELEMENTS       453,253     NON LINEAR N-Z        268,558
CODE LENGTH             805,671     CONSTANT POOL          58,269
SINGLE =E|X= EQUS        89,773     SINGLE UNFIXED VARS    89,773


GENERATION TIME      =        1.656 SECONDS    720 MB  45.7.0 64fbf3ce WEX-WEI
               L O O P S               TIME 2022

GAMS 45.7.0  64fbf3ce Jan 18, 2024          WEX-WEI x86 64bit/MS Windows - 04/30/26 12:52:03 Page 110
GUIDE_GLOBAL_CGE Model GTAP11c
Solution Report     SOLVE CGE Using CNS From line 5884


               S O L V E      S U M M A R Y

     MODEL   CGE                 
     TYPE    CNS                 
     SOLVER  CONOPT4             FROM LINE  5884

**** SOLVER STATUS     1 Normal Completion
**** MODEL STATUS      16 Solved

 RESOURCE USAGE, LIMIT          1.578 10000000000.000
 ITERATION COUNT, LIMIT         2    2147483647
 EVALUATION ERRORS              0             0
 
 
    C O N O P T   version 4.31
    Copyright (C) ARKI Consulting and Development A/S
                  Bagsvaerdvej 246 A
                  DK-2880 Bagsvaerd, Denmark
 
 
    The user model has 89773 constraints and 89773 variables
    with 453253 Jacobian elements, 268558 of which are nonlinear.
 
    The pre-triangular part of the model has 6480 constraints and variables.
    The post-triangular part of the model has 445 constraints and variables.
 
    Preprocessed model has 82848 constraints and 82848 variables
    with 407090 Jacobian elements, 236890 of which are nonlinear.
 
 ** Feasible solution to a square system.
 
 
 CONOPT time Total                            1.618 seconds
   of which: Function evaluations             0.284 = 17.6%
             1st Derivative evaluations       0.089 =  5.5%
 


**** REPORT SUMMARY :        0 INFEASIBLE
                             0  DEPENDENT
                             0     ERRORS
GAMS 45.7.0  64fbf3ce Jan 18, 2024          WEX-WEI x86 64bit/MS Windows - 04/30/26 12:52:03 Page 111
GUIDE_GLOBAL_CGE Model GTAP11c
Range Statistics    SOLVE CGE Using CNS From line 5884


RANGE STATISTICS (ABSOLUTE NON-ZERO FINITE VALUES)

RHS       [min, max] : [ 4.441E-15, 6.245E+04] - Zero values observed as well
Bound     [min, max] : [        NA,        NA]
Matrix    [min, max] : [ 1.024E-20, 1.237E+06] - Zero values observed as well

GAMS 45.7.0  64fbf3ce Jan 18, 2024          WEX-WEI x86 64bit/MS Windows - 04/30/26 12:52:03 Page 112
GUIDE_GLOBAL_CGE Model GTAP11c
Model Statistics    SOLVE CGE Using CNS From line 5884


LOOPS                                 TIME   2023


MODEL STATISTICS

BLOCKS OF EQUATIONS         146     SINGLE EQUATIONS       89,773
BLOCKS OF VARIABLES         146     SINGLE VARIABLES       89,773
NON ZERO ELEMENTS       453,253     NON LINEAR N-Z        268,558
CODE LENGTH             805,671     CONSTANT POOL          58,270
SINGLE =E|X= EQUS        89,773     SINGLE UNFIXED VARS    89,773


GENERATION TIME      =        1.484 SECONDS    720 MB  45.7.0 64fbf3ce WEX-WEI
               L O O P S               TIME 2023

GAMS 45.7.0  64fbf3ce Jan 18, 2024          WEX-WEI x86 64bit/MS Windows - 04/30/26 12:52:03 Page 113
GUIDE_GLOBAL_CGE Model GTAP11c
Solution Report     SOLVE CGE Using CNS From line 5884


               S O L V E      S U M M A R Y

     MODEL   CGE                 
     TYPE    CNS                 
     SOLVER  CONOPT4             FROM LINE  5884

**** SOLVER STATUS     1 Normal Completion
**** MODEL STATUS      16 Solved

 RESOURCE USAGE, LIMIT          1.594 10000000000.000
 ITERATION COUNT, LIMIT         2    2147483647
 EVALUATION ERRORS              0             0
 
 
    C O N O P T   version 4.31
    Copyright (C) ARKI Consulting and Development A/S
                  Bagsvaerdvej 246 A
                  DK-2880 Bagsvaerd, Denmark
 
 
    The user model has 89773 constraints and 89773 variables
    with 453253 Jacobian elements, 268558 of which are nonlinear.
 
    The pre-triangular part of the model has 6480 constraints and variables.
    The post-triangular part of the model has 445 constraints and variables.
 
    Preprocessed model has 82848 constraints and 82848 variables
    with 407090 Jacobian elements, 236890 of which are nonlinear.
 
 ** Feasible solution to a square system.
 
 
 CONOPT time Total                            1.621 seconds
   of which: Function evaluations             0.183 = 11.3%
             1st Derivative evaluations       0.098 =  6.0%
 


**** REPORT SUMMARY :        0 INFEASIBLE
                             0  DEPENDENT
                             0     ERRORS
GAMS 45.7.0  64fbf3ce Jan 18, 2024          WEX-WEI x86 64bit/MS Windows - 04/30/26 12:52:03 Page 114
GUIDE_GLOBAL_CGE Model GTAP11c
Range Statistics    SOLVE CGE Using CNS From line 5884


RANGE STATISTICS (ABSOLUTE NON-ZERO FINITE VALUES)

RHS       [min, max] : [ 4.441E-15, 6.458E+04] - Zero values observed as well
Bound     [min, max] : [        NA,        NA]
Matrix    [min, max] : [ 1.102E-20, 5.308E+06] - Zero values observed as well

GAMS 45.7.0  64fbf3ce Jan 18, 2024          WEX-WEI x86 64bit/MS Windows - 04/30/26 12:52:03 Page 115
GUIDE_GLOBAL_CGE Model GTAP11c
Model Statistics    SOLVE CGE Using CNS From line 5884


LOOPS                                 TIME   2024


MODEL STATISTICS

BLOCKS OF EQUATIONS         146     SINGLE EQUATIONS       89,773
BLOCKS OF VARIABLES         146     SINGLE VARIABLES       89,773
NON ZERO ELEMENTS       453,253     NON LINEAR N-Z        268,558
CODE LENGTH             805,671     CONSTANT POOL          58,270
SINGLE =E|X= EQUS        89,773     SINGLE UNFIXED VARS    89,773


GENERATION TIME      =        1.625 SECONDS    720 MB  45.7.0 64fbf3ce WEX-WEI
               L O O P S               TIME 2024

GAMS 45.7.0  64fbf3ce Jan 18, 2024          WEX-WEI x86 64bit/MS Windows - 04/30/26 12:52:03 Page 116
GUIDE_GLOBAL_CGE Model GTAP11c
Solution Report     SOLVE CGE Using CNS From line 5884


               S O L V E      S U M M A R Y

     MODEL   CGE                 
     TYPE    CNS                 
     SOLVER  CONOPT4             FROM LINE  5884

**** SOLVER STATUS     1 Normal Completion
**** MODEL STATUS      16 Solved

 RESOURCE USAGE, LIMIT          1.516 10000000000.000
 ITERATION COUNT, LIMIT         2    2147483647
 EVALUATION ERRORS              0             0
 
 
    C O N O P T   version 4.31
    Copyright (C) ARKI Consulting and Development A/S
                  Bagsvaerdvej 246 A
                  DK-2880 Bagsvaerd, Denmark
 
 
    The user model has 89773 constraints and 89773 variables
    with 453253 Jacobian elements, 268558 of which are nonlinear.
 
    The pre-triangular part of the model has 6480 constraints and variables.
    The post-triangular part of the model has 445 constraints and variables.
 
    Preprocessed model has 82848 constraints and 82848 variables
    with 407090 Jacobian elements, 236890 of which are nonlinear.
 
 ** Feasible solution to a square system.
 
 
 CONOPT time Total                            1.562 seconds
   of which: Function evaluations             0.238 = 15.2%
             1st Derivative evaluations       0.098 =  6.3%
 


**** REPORT SUMMARY :        0 INFEASIBLE
                             0  DEPENDENT
                             0     ERRORS
GAMS 45.7.0  64fbf3ce Jan 18, 2024          WEX-WEI x86 64bit/MS Windows - 04/30/26 12:52:03 Page 117
GUIDE_GLOBAL_CGE Model GTAP11c
Range Statistics    SOLVE CGE Using CNS From line 5884


RANGE STATISTICS (ABSOLUTE NON-ZERO FINITE VALUES)

RHS       [min, max] : [ 4.441E-15, 6.747E+04] - Zero values observed as well
Bound     [min, max] : [        NA,        NA]
Matrix    [min, max] : [ 1.172E-20, 1.798E+07] - Zero values observed as well

GAMS 45.7.0  64fbf3ce Jan 18, 2024          WEX-WEI x86 64bit/MS Windows - 04/30/26 12:52:03 Page 118
GUIDE_GLOBAL_CGE Model GTAP11c
Model Statistics    SOLVE CGE Using CNS From line 5884


LOOPS                                 TIME   2025


MODEL STATISTICS

BLOCKS OF EQUATIONS         146     SINGLE EQUATIONS       89,773
BLOCKS OF VARIABLES         146     SINGLE VARIABLES       89,773
NON ZERO ELEMENTS       453,151     NON LINEAR N-Z        268,558
CODE LENGTH             805,671     CONSTANT POOL          58,270
SINGLE =E|X= EQUS        89,773     SINGLE UNFIXED VARS    89,773


GENERATION TIME      =        1.594 SECONDS    721 MB  45.7.0 64fbf3ce WEX-WEI
               L O O P S               TIME 2025

GAMS 45.7.0  64fbf3ce Jan 18, 2024          WEX-WEI x86 64bit/MS Windows - 04/30/26 12:52:03 Page 119
GUIDE_GLOBAL_CGE Model GTAP11c
Solution Report     SOLVE CGE Using CNS From line 5884


               S O L V E      S U M M A R Y

     MODEL   CGE                 
     TYPE    CNS                 
     SOLVER  CONOPT4             FROM LINE  5884

**** SOLVER STATUS     1 Normal Completion
**** MODEL STATUS      16 Solved

 RESOURCE USAGE, LIMIT          1.531 10000000000.000
 ITERATION COUNT, LIMIT         2    2147483647
 EVALUATION ERRORS              0             0
 
 
    C O N O P T   version 4.31
    Copyright (C) ARKI Consulting and Development A/S
                  Bagsvaerdvej 246 A
                  DK-2880 Bagsvaerd, Denmark
 
 
    The user model has 89773 constraints and 89773 variables
    with 453151 Jacobian elements, 268558 of which are nonlinear.
 
    The pre-triangular part of the model has 6582 constraints and variables.
    The post-triangular part of the model has 445 constraints and variables.
 
    Preprocessed model has 82746 constraints and 82746 variables
    with 406682 Jacobian elements, 236788 of which are nonlinear.
 
 ** Feasible solution to a square system.
 
 
 CONOPT time Total                            1.587 seconds
   of which: Function evaluations             0.212 = 13.4%
             1st Derivative evaluations       0.108 =  6.8%
 


**** REPORT SUMMARY :        0 INFEASIBLE
                             0  DEPENDENT
                             0     ERRORS
GAMS 45.7.0  64fbf3ce Jan 18, 2024          WEX-WEI x86 64bit/MS Windows - 04/30/26 12:52:03 Page 120
GUIDE_GLOBAL_CGE Model GTAP11c
Range Statistics    SOLVE CGE Using CNS From line 5884


RANGE STATISTICS (ABSOLUTE NON-ZERO FINITE VALUES)

RHS       [min, max] : [ 4.441E-15, 7.221E+04] - Zero values observed as well
Bound     [min, max] : [        NA,        NA]
Matrix    [min, max] : [ 1.189E-20, 5.001E+07] - Zero values observed as well

GAMS 45.7.0  64fbf3ce Jan 18, 2024          WEX-WEI x86 64bit/MS Windows - 04/30/26 12:52:03 Page 121
GUIDE_GLOBAL_CGE Model GTAP11c
Model Statistics    SOLVE CGE Using CNS From line 5884


LOOPS                                 TIME   2026


MODEL STATISTICS

BLOCKS OF EQUATIONS         146     SINGLE EQUATIONS       89,773
BLOCKS OF VARIABLES         146     SINGLE VARIABLES       89,773
NON ZERO ELEMENTS       453,151     NON LINEAR N-Z        268,558
CODE LENGTH             805,671     CONSTANT POOL          58,270
SINGLE =E|X= EQUS        89,773     SINGLE UNFIXED VARS    89,773


GENERATION TIME      =        1.687 SECONDS    721 MB  45.7.0 64fbf3ce WEX-WEI
               L O O P S               TIME 2026

GAMS 45.7.0  64fbf3ce Jan 18, 2024          WEX-WEI x86 64bit/MS Windows - 04/30/26 12:52:03 Page 122
GUIDE_GLOBAL_CGE Model GTAP11c
Solution Report     SOLVE CGE Using CNS From line 5884


               S O L V E      S U M M A R Y

     MODEL   CGE                 
     TYPE    CNS                 
     SOLVER  CONOPT4             FROM LINE  5884

**** SOLVER STATUS     1 Normal Completion
**** MODEL STATUS      16 Solved

 RESOURCE USAGE, LIMIT          1.453 10000000000.000
 ITERATION COUNT, LIMIT         2    2147483647
 EVALUATION ERRORS              0             0
 
 
    C O N O P T   version 4.31
    Copyright (C) ARKI Consulting and Development A/S
                  Bagsvaerdvej 246 A
                  DK-2880 Bagsvaerd, Denmark
 
 
    The user model has 89773 constraints and 89773 variables
    with 453151 Jacobian elements, 268558 of which are nonlinear.
 
    The pre-triangular part of the model has 6582 constraints and variables.
    The post-triangular part of the model has 445 constraints and variables.
 
    Preprocessed model has 82746 constraints and 82746 variables
    with 406682 Jacobian elements, 236788 of which are nonlinear.
 
 ** Feasible solution to a square system.
 
 
 CONOPT time Total                            1.480 seconds
   of which: Function evaluations             0.249 = 16.8%
             1st Derivative evaluations       0.079 =  5.3%
 


**** REPORT SUMMARY :        0 INFEASIBLE
                             0  DEPENDENT
                             0     ERRORS
GAMS 45.7.0  64fbf3ce Jan 18, 2024          WEX-WEI x86 64bit/MS Windows - 04/30/26 12:52:03 Page 123
GUIDE_GLOBAL_CGE Model GTAP11c
Range Statistics    SOLVE CGE Using CNS From line 5884


RANGE STATISTICS (ABSOLUTE NON-ZERO FINITE VALUES)

RHS       [min, max] : [ 4.441E-15, 7.710E+04] - Zero values observed as well
Bound     [min, max] : [        NA,        NA]
Matrix    [min, max] : [ 1.195E-20, 1.369E+08] - Zero values observed as well

GAMS 45.7.0  64fbf3ce Jan 18, 2024          WEX-WEI x86 64bit/MS Windows - 04/30/26 12:52:03 Page 124
GUIDE_GLOBAL_CGE Model GTAP11c
Model Statistics    SOLVE CGE Using CNS From line 5884


LOOPS                                 TIME   2027


MODEL STATISTICS

BLOCKS OF EQUATIONS         146     SINGLE EQUATIONS       89,773
BLOCKS OF VARIABLES         146     SINGLE VARIABLES       89,773
NON ZERO ELEMENTS       453,151     NON LINEAR N-Z        268,558
CODE LENGTH             805,671     CONSTANT POOL          58,270
SINGLE =E|X= EQUS        89,773     SINGLE UNFIXED VARS    89,773


GENERATION TIME      =        1.703 SECONDS    721 MB  45.7.0 64fbf3ce WEX-WEI
               L O O P S               TIME 2027

GAMS 45.7.0  64fbf3ce Jan 18, 2024          WEX-WEI x86 64bit/MS Windows - 04/30/26 12:52:03 Page 125
GUIDE_GLOBAL_CGE Model GTAP11c
Solution Report     SOLVE CGE Using CNS From line 5884


               S O L V E      S U M M A R Y

     MODEL   CGE                 
     TYPE    CNS                 
     SOLVER  CONOPT4             FROM LINE  5884

**** SOLVER STATUS     1 Normal Completion
**** MODEL STATUS      16 Solved

 RESOURCE USAGE, LIMIT          2.031 10000000000.000
 ITERATION COUNT, LIMIT         1    2147483647
 EVALUATION ERRORS              0             0
 
 
    C O N O P T   version 4.31
    Copyright (C) ARKI Consulting and Development A/S
                  Bagsvaerdvej 246 A
                  DK-2880 Bagsvaerd, Denmark
 
 
    The user model has 89773 constraints and 89773 variables
    with 453151 Jacobian elements, 268558 of which are nonlinear.
 
    The pre-triangular part of the model has 6582 constraints and variables.
    The post-triangular part of the model has 445 constraints and variables.
 
    Preprocessed model has 82746 constraints and 82746 variables
    with 406682 Jacobian elements, 236788 of which are nonlinear.
 
 ** Feasible solution to a square system.
 
 
 CONOPT time Total                            2.059 seconds
   of which: Function evaluations             0.880 = 42.7%
             1st Derivative evaluations       0.086 =  4.2%
 


**** REPORT SUMMARY :        0 INFEASIBLE
                             0  DEPENDENT
                             0     ERRORS
GAMS 45.7.0  64fbf3ce Jan 18, 2024          WEX-WEI x86 64bit/MS Windows - 04/30/26 12:52:03 Page 126
GUIDE_GLOBAL_CGE Model GTAP11c
Range Statistics    SOLVE CGE Using CNS From line 5884


RANGE STATISTICS (ABSOLUTE NON-ZERO FINITE VALUES)

RHS       [min, max] : [ 4.441E-15, 8.212E+04] - Zero values observed as well
Bound     [min, max] : [        NA,        NA]
Matrix    [min, max] : [ 1.206E-20, 2.707E+08] - Zero values observed as well

GAMS 45.7.0  64fbf3ce Jan 18, 2024          WEX-WEI x86 64bit/MS Windows - 04/30/26 12:52:03 Page 127
GUIDE_GLOBAL_CGE Model GTAP11c
Model Statistics    SOLVE CGE Using CNS From line 5884


LOOPS                                 TIME   2028


MODEL STATISTICS

BLOCKS OF EQUATIONS         146     SINGLE EQUATIONS       89,773
BLOCKS OF VARIABLES         146     SINGLE VARIABLES       89,773
NON ZERO ELEMENTS       453,151     NON LINEAR N-Z        268,558
CODE LENGTH             805,671     CONSTANT POOL          58,270
SINGLE =E|X= EQUS        89,773     SINGLE UNFIXED VARS    89,773


GENERATION TIME      =        1.750 SECONDS    721 MB  45.7.0 64fbf3ce WEX-WEI
               L O O P S               TIME 2028

GAMS 45.7.0  64fbf3ce Jan 18, 2024          WEX-WEI x86 64bit/MS Windows - 04/30/26 12:52:03 Page 128
GUIDE_GLOBAL_CGE Model GTAP11c
Solution Report     SOLVE CGE Using CNS From line 5884


               S O L V E      S U M M A R Y

     MODEL   CGE                 
     TYPE    CNS                 
     SOLVER  CONOPT4             FROM LINE  5884

**** SOLVER STATUS     1 Normal Completion
**** MODEL STATUS      16 Solved

 RESOURCE USAGE, LIMIT          1.657 10000000000.000
 ITERATION COUNT, LIMIT         2    2147483647
 EVALUATION ERRORS              0             0
 
 
    C O N O P T   version 4.31
    Copyright (C) ARKI Consulting and Development A/S
                  Bagsvaerdvej 246 A
                  DK-2880 Bagsvaerd, Denmark
 
 
    The user model has 89773 constraints and 89773 variables
    with 453151 Jacobian elements, 268558 of which are nonlinear.
 
    The pre-triangular part of the model has 6582 constraints and variables.
    The post-triangular part of the model has 445 constraints and variables.
 
    Preprocessed model has 82746 constraints and 82746 variables
    with 406682 Jacobian elements, 236788 of which are nonlinear.
 
 ** Feasible solution to a square system.
 
 
 CONOPT time Total                            1.680 seconds
   of which: Function evaluations             0.275 = 16.4%
             1st Derivative evaluations       0.084 =  5.0%
 


**** REPORT SUMMARY :        0 INFEASIBLE
                             0  DEPENDENT
                             0     ERRORS
GAMS 45.7.0  64fbf3ce Jan 18, 2024          WEX-WEI x86 64bit/MS Windows - 04/30/26 12:52:03 Page 129
GUIDE_GLOBAL_CGE Model GTAP11c
Range Statistics    SOLVE CGE Using CNS From line 5884


RANGE STATISTICS (ABSOLUTE NON-ZERO FINITE VALUES)

RHS       [min, max] : [ 4.441E-15, 8.728E+04] - Zero values observed as well
Bound     [min, max] : [        NA,        NA]
Matrix    [min, max] : [ 1.221E-20, 4.640E+08] - Zero values observed as well

GAMS 45.7.0  64fbf3ce Jan 18, 2024          WEX-WEI x86 64bit/MS Windows - 04/30/26 12:52:03 Page 130
GUIDE_GLOBAL_CGE Model GTAP11c
Model Statistics    SOLVE CGE Using CNS From line 5884


LOOPS                                 TIME   2029


MODEL STATISTICS

BLOCKS OF EQUATIONS         146     SINGLE EQUATIONS       89,773
BLOCKS OF VARIABLES         146     SINGLE VARIABLES       89,773
NON ZERO ELEMENTS       453,151     NON LINEAR N-Z        268,558
CODE LENGTH             805,671     CONSTANT POOL          58,270
SINGLE =E|X= EQUS        89,773     SINGLE UNFIXED VARS    89,773


GENERATION TIME      =        1.875 SECONDS    722 MB  45.7.0 64fbf3ce WEX-WEI
               L O O P S               TIME 2029

GAMS 45.7.0  64fbf3ce Jan 18, 2024          WEX-WEI x86 64bit/MS Windows - 04/30/26 12:52:03 Page 131
GUIDE_GLOBAL_CGE Model GTAP11c
Solution Report     SOLVE CGE Using CNS From line 5884


               S O L V E      S U M M A R Y

     MODEL   CGE                 
     TYPE    CNS                 
     SOLVER  CONOPT4             FROM LINE  5884

**** SOLVER STATUS     1 Normal Completion
**** MODEL STATUS      16 Solved

 RESOURCE USAGE, LIMIT          1.671 10000000000.000
 ITERATION COUNT, LIMIT         2    2147483647
 EVALUATION ERRORS              0             0
 
 
    C O N O P T   version 4.31
    Copyright (C) ARKI Consulting and Development A/S
                  Bagsvaerdvej 246 A
                  DK-2880 Bagsvaerd, Denmark
 
 
    The user model has 89773 constraints and 89773 variables
    with 453151 Jacobian elements, 268558 of which are nonlinear.
 
    The pre-triangular part of the model has 6582 constraints and variables.
    The post-triangular part of the model has 445 constraints and variables.
 
    Preprocessed model has 82746 constraints and 82746 variables
    with 406682 Jacobian elements, 236788 of which are nonlinear.
 
 ** Feasible solution to a square system.
 
 
 CONOPT time Total                            1.704 seconds
   of which: Function evaluations             0.388 = 22.8%
             1st Derivative evaluations       0.099 =  5.8%
 


**** REPORT SUMMARY :        0 INFEASIBLE
                             0  DEPENDENT
                             0     ERRORS
GAMS 45.7.0  64fbf3ce Jan 18, 2024          WEX-WEI x86 64bit/MS Windows - 04/30/26 12:52:03 Page 132
GUIDE_GLOBAL_CGE Model GTAP11c
Range Statistics    SOLVE CGE Using CNS From line 5884


RANGE STATISTICS (ABSOLUTE NON-ZERO FINITE VALUES)

RHS       [min, max] : [ 4.441E-15, 9.257E+04] - Zero values observed as well
Bound     [min, max] : [        NA,        NA]
Matrix    [min, max] : [ 1.241E-20, 6.999E+08] - Zero values observed as well

GAMS 45.7.0  64fbf3ce Jan 18, 2024          WEX-WEI x86 64bit/MS Windows - 04/30/26 12:52:03 Page 133
GUIDE_GLOBAL_CGE Model GTAP11c
Model Statistics    SOLVE CGE Using CNS From line 5884


LOOPS                                 TIME   2030


MODEL STATISTICS

BLOCKS OF EQUATIONS         146     SINGLE EQUATIONS       89,773
BLOCKS OF VARIABLES         146     SINGLE VARIABLES       89,773
NON ZERO ELEMENTS       453,151     NON LINEAR N-Z        268,558
CODE LENGTH             805,671     CONSTANT POOL          58,270
SINGLE =E|X= EQUS        89,773     SINGLE UNFIXED VARS    89,773


GENERATION TIME      =        1.937 SECONDS    722 MB  45.7.0 64fbf3ce WEX-WEI
               L O O P S               TIME 2030

GAMS 45.7.0  64fbf3ce Jan 18, 2024          WEX-WEI x86 64bit/MS Windows - 04/30/26 12:52:03 Page 134
GUIDE_GLOBAL_CGE Model GTAP11c
Solution Report     SOLVE CGE Using CNS From line 5884


               S O L V E      S U M M A R Y

     MODEL   CGE                 
     TYPE    CNS                 
     SOLVER  CONOPT4             FROM LINE  5884

**** SOLVER STATUS     1 Normal Completion
**** MODEL STATUS      16 Solved

 RESOURCE USAGE, LIMIT          1.641 10000000000.000
 ITERATION COUNT, LIMIT         2    2147483647
 EVALUATION ERRORS              0             0
 
 
    C O N O P T   version 4.31
    Copyright (C) ARKI Consulting and Development A/S
                  Bagsvaerdvej 246 A
                  DK-2880 Bagsvaerd, Denmark
 
 
    The user model has 89773 constraints and 89773 variables
    with 453151 Jacobian elements, 268558 of which are nonlinear.
 
    The pre-triangular part of the model has 6582 constraints and variables.
    The post-triangular part of the model has 445 constraints and variables.
 
    Preprocessed model has 82746 constraints and 82746 variables
    with 406682 Jacobian elements, 236788 of which are nonlinear.
 
 ** Feasible solution to a square system.
 
 
 CONOPT time Total                            1.662 seconds
   of which: Function evaluations             0.280 = 16.8%
             1st Derivative evaluations       0.133 =  8.0%
 


**** REPORT SUMMARY :        0 INFEASIBLE
                             0  DEPENDENT
                             0     ERRORS
GAMS 45.7.0  64fbf3ce Jan 18, 2024          WEX-WEI x86 64bit/MS Windows - 04/30/26 12:52:03 Page 135
GUIDE_GLOBAL_CGE Model GTAP11c
Range Statistics    SOLVE CGE Using CNS From line 5884


RANGE STATISTICS (ABSOLUTE NON-ZERO FINITE VALUES)

RHS       [min, max] : [ 4.441E-15, 9.797E+04] - Zero values observed as well
Bound     [min, max] : [        NA,        NA]
Matrix    [min, max] : [ 1.266E-20, 9.486E+08] - Zero values observed as well

GAMS 45.7.0  64fbf3ce Jan 18, 2024          WEX-WEI x86 64bit/MS Windows - 04/30/26 12:52:03 Page 136
GUIDE_GLOBAL_CGE Model GTAP11c
Model Statistics    SOLVE CGE Using CNS From line 5884


LOOPS                                 TIME   2031


MODEL STATISTICS

BLOCKS OF EQUATIONS         146     SINGLE EQUATIONS       89,773
BLOCKS OF VARIABLES         146     SINGLE VARIABLES       89,773
NON ZERO ELEMENTS       453,151     NON LINEAR N-Z        268,558
CODE LENGTH             805,671     CONSTANT POOL          58,270
SINGLE =E|X= EQUS        89,773     SINGLE UNFIXED VARS    89,773


GENERATION TIME      =        2.015 SECONDS    722 MB  45.7.0 64fbf3ce WEX-WEI
               L O O P S               TIME 2031

GAMS 45.7.0  64fbf3ce Jan 18, 2024          WEX-WEI x86 64bit/MS Windows - 04/30/26 12:52:03 Page 137
GUIDE_GLOBAL_CGE Model GTAP11c
Solution Report     SOLVE CGE Using CNS From line 5884


               S O L V E      S U M M A R Y

     MODEL   CGE                 
     TYPE    CNS                 
     SOLVER  CONOPT4             FROM LINE  5884

**** SOLVER STATUS     1 Normal Completion
**** MODEL STATUS      16 Solved

 RESOURCE USAGE, LIMIT          1.734 10000000000.000
 ITERATION COUNT, LIMIT         2    2147483647
 EVALUATION ERRORS              0             0
 
 
    C O N O P T   version 4.31
    Copyright (C) ARKI Consulting and Development A/S
                  Bagsvaerdvej 246 A
                  DK-2880 Bagsvaerd, Denmark
 
 
    The user model has 89773 constraints and 89773 variables
    with 453151 Jacobian elements, 268558 of which are nonlinear.
 
    The pre-triangular part of the model has 6582 constraints and variables.
    The post-triangular part of the model has 445 constraints and variables.
 
    Preprocessed model has 82746 constraints and 82746 variables
    with 406682 Jacobian elements, 236788 of which are nonlinear.
 
 ** Feasible solution to a square system.
 
 
 CONOPT time Total                            1.768 seconds
   of which: Function evaluations             0.434 = 24.5%
             1st Derivative evaluations       0.104 =  5.9%
 


**** REPORT SUMMARY :        0 INFEASIBLE
                             0  DEPENDENT
                             0     ERRORS
GAMS 45.7.0  64fbf3ce Jan 18, 2024          WEX-WEI x86 64bit/MS Windows - 04/30/26 12:52:03 Page 138
GUIDE_GLOBAL_CGE Model GTAP11c
Range Statistics    SOLVE CGE Using CNS From line 5884


RANGE STATISTICS (ABSOLUTE NON-ZERO FINITE VALUES)

RHS       [min, max] : [ 4.441E-15, 1.035E+05] - Zero values observed as well
Bound     [min, max] : [        NA,        NA]
Matrix    [min, max] : [ 1.313E-20, 6.223E+08] - Zero values observed as well

GAMS 45.7.0  64fbf3ce Jan 18, 2024          WEX-WEI x86 64bit/MS Windows - 04/30/26 12:52:03 Page 139
GUIDE_GLOBAL_CGE Model GTAP11c
Model Statistics    SOLVE CGE Using CNS From line 5884


LOOPS                                 TIME   2032


MODEL STATISTICS

BLOCKS OF EQUATIONS         146     SINGLE EQUATIONS       89,773
BLOCKS OF VARIABLES         146     SINGLE VARIABLES       89,773
NON ZERO ELEMENTS       453,151     NON LINEAR N-Z        268,558
CODE LENGTH             805,671     CONSTANT POOL          58,270
SINGLE =E|X= EQUS        89,773     SINGLE UNFIXED VARS    89,773


GENERATION TIME      =        2.094 SECONDS    722 MB  45.7.0 64fbf3ce WEX-WEI
               L O O P S               TIME 2032

GAMS 45.7.0  64fbf3ce Jan 18, 2024          WEX-WEI x86 64bit/MS Windows - 04/30/26 12:52:03 Page 140
GUIDE_GLOBAL_CGE Model GTAP11c
Solution Report     SOLVE CGE Using CNS From line 5884


               S O L V E      S U M M A R Y

     MODEL   CGE                 
     TYPE    CNS                 
     SOLVER  CONOPT4             FROM LINE  5884

**** SOLVER STATUS     1 Normal Completion
**** MODEL STATUS      16 Solved

 RESOURCE USAGE, LIMIT          1.500 10000000000.000
 ITERATION COUNT, LIMIT         2    2147483647
 EVALUATION ERRORS              0             0
 
 
    C O N O P T   version 4.31
    Copyright (C) ARKI Consulting and Development A/S
                  Bagsvaerdvej 246 A
                  DK-2880 Bagsvaerd, Denmark
 
 
    The user model has 89773 constraints and 89773 variables
    with 453151 Jacobian elements, 268558 of which are nonlinear.
 
    The pre-triangular part of the model has 6582 constraints and variables.
    The post-triangular part of the model has 445 constraints and variables.
 
    Preprocessed model has 82746 constraints and 82746 variables
    with 406682 Jacobian elements, 236788 of which are nonlinear.
 
 ** Feasible solution to a square system.
 
 
 CONOPT time Total                            1.535 seconds
   of which: Function evaluations             0.227 = 14.8%
             1st Derivative evaluations       0.087 =  5.7%
 


**** REPORT SUMMARY :        0 INFEASIBLE
                             0  DEPENDENT
                             0     ERRORS
GAMS 45.7.0  64fbf3ce Jan 18, 2024          WEX-WEI x86 64bit/MS Windows - 04/30/26 12:52:03 Page 141
GUIDE_GLOBAL_CGE Model GTAP11c
Range Statistics    SOLVE CGE Using CNS From line 5884


RANGE STATISTICS (ABSOLUTE NON-ZERO FINITE VALUES)

RHS       [min, max] : [ 4.441E-15, 1.090E+05] - Zero values observed as well
Bound     [min, max] : [        NA,        NA]
Matrix    [min, max] : [ 1.349E-20, 7.854E+08] - Zero values observed as well

GAMS 45.7.0  64fbf3ce Jan 18, 2024          WEX-WEI x86 64bit/MS Windows - 04/30/26 12:52:03 Page 142
GUIDE_GLOBAL_CGE Model GTAP11c
Model Statistics    SOLVE CGE Using CNS From line 5884


LOOPS                                 TIME   2033


MODEL STATISTICS

BLOCKS OF EQUATIONS         146     SINGLE EQUATIONS       89,773
BLOCKS OF VARIABLES         146     SINGLE VARIABLES       89,773
NON ZERO ELEMENTS       453,151     NON LINEAR N-Z        268,558
CODE LENGTH             805,671     CONSTANT POOL          58,270
SINGLE =E|X= EQUS        89,773     SINGLE UNFIXED VARS    89,773


GENERATION TIME      =        2.172 SECONDS    723 MB  45.7.0 64fbf3ce WEX-WEI
               L O O P S               TIME 2033

GAMS 45.7.0  64fbf3ce Jan 18, 2024          WEX-WEI x86 64bit/MS Windows - 04/30/26 12:52:03 Page 143
GUIDE_GLOBAL_CGE Model GTAP11c
Solution Report     SOLVE CGE Using CNS From line 5884


               S O L V E      S U M M A R Y

     MODEL   CGE                 
     TYPE    CNS                 
     SOLVER  CONOPT4             FROM LINE  5884

**** SOLVER STATUS     1 Normal Completion
**** MODEL STATUS      16 Solved

 RESOURCE USAGE, LIMIT          1.625 10000000000.000
 ITERATION COUNT, LIMIT         2    2147483647
 EVALUATION ERRORS              0             0
 
 
    C O N O P T   version 4.31
    Copyright (C) ARKI Consulting and Development A/S
                  Bagsvaerdvej 246 A
                  DK-2880 Bagsvaerd, Denmark
 
 
    The user model has 89773 constraints and 89773 variables
    with 453151 Jacobian elements, 268558 of which are nonlinear.
 
    The pre-triangular part of the model has 6582 constraints and variables.
    The post-triangular part of the model has 445 constraints and variables.
 
    Preprocessed model has 82746 constraints and 82746 variables
    with 406682 Jacobian elements, 236788 of which are nonlinear.
 
 ** Feasible solution to a square system.
 
 
 CONOPT time Total                            1.656 seconds
   of which: Function evaluations             0.332 = 20.0%
             1st Derivative evaluations       0.100 =  6.0%
 


**** REPORT SUMMARY :        0 INFEASIBLE
                             0  DEPENDENT
                             0     ERRORS
GAMS 45.7.0  64fbf3ce Jan 18, 2024          WEX-WEI x86 64bit/MS Windows - 04/30/26 12:52:03 Page 144
GUIDE_GLOBAL_CGE Model GTAP11c
Range Statistics    SOLVE CGE Using CNS From line 5884


RANGE STATISTICS (ABSOLUTE NON-ZERO FINITE VALUES)

RHS       [min, max] : [ 4.441E-15, 1.147E+05] - Zero values observed as well
Bound     [min, max] : [        NA,        NA]
Matrix    [min, max] : [ 1.389E-20, 8.132E+08] - Zero values observed as well

GAMS 45.7.0  64fbf3ce Jan 18, 2024          WEX-WEI x86 64bit/MS Windows - 04/30/26 12:52:03 Page 145
GUIDE_GLOBAL_CGE Model GTAP11c
Model Statistics    SOLVE CGE Using CNS From line 5884


LOOPS                                 TIME   2034


MODEL STATISTICS

BLOCKS OF EQUATIONS         146     SINGLE EQUATIONS       89,773
BLOCKS OF VARIABLES         146     SINGLE VARIABLES       89,773
NON ZERO ELEMENTS       453,151     NON LINEAR N-Z        268,558
CODE LENGTH             805,671     CONSTANT POOL          58,270
SINGLE =E|X= EQUS        89,773     SINGLE UNFIXED VARS    89,773


GENERATION TIME      =        2.172 SECONDS    723 MB  45.7.0 64fbf3ce WEX-WEI
               L O O P S               TIME 2034

GAMS 45.7.0  64fbf3ce Jan 18, 2024          WEX-WEI x86 64bit/MS Windows - 04/30/26 12:52:03 Page 146
GUIDE_GLOBAL_CGE Model GTAP11c
Solution Report     SOLVE CGE Using CNS From line 5884


               S O L V E      S U M M A R Y

     MODEL   CGE                 
     TYPE    CNS                 
     SOLVER  CONOPT4             FROM LINE  5884

**** SOLVER STATUS     1 Normal Completion
**** MODEL STATUS      16 Solved

 RESOURCE USAGE, LIMIT          1.500 10000000000.000
 ITERATION COUNT, LIMIT         2    2147483647
 EVALUATION ERRORS              0             0
 
 
    C O N O P T   version 4.31
    Copyright (C) ARKI Consulting and Development A/S
                  Bagsvaerdvej 246 A
                  DK-2880 Bagsvaerd, Denmark
 
 
    The user model has 89773 constraints and 89773 variables
    with 453151 Jacobian elements, 268558 of which are nonlinear.
 
    The pre-triangular part of the model has 6582 constraints and variables.
    The post-triangular part of the model has 445 constraints and variables.
 
    Preprocessed model has 82746 constraints and 82746 variables
    with 406682 Jacobian elements, 236788 of which are nonlinear.
 
 ** Feasible solution to a square system.
 
 
 CONOPT time Total                            1.536 seconds
   of which: Function evaluations             0.199 = 13.0%
             1st Derivative evaluations       0.114 =  7.4%
 


**** REPORT SUMMARY :        0 INFEASIBLE
                             0  DEPENDENT
                             0     ERRORS
GAMS 45.7.0  64fbf3ce Jan 18, 2024          WEX-WEI x86 64bit/MS Windows - 04/30/26 12:52:03 Page 147
GUIDE_GLOBAL_CGE Model GTAP11c
Range Statistics    SOLVE CGE Using CNS From line 5884


RANGE STATISTICS (ABSOLUTE NON-ZERO FINITE VALUES)

RHS       [min, max] : [ 4.441E-15, 1.204E+05] - Zero values observed as well
Bound     [min, max] : [        NA,        NA]
Matrix    [min, max] : [ 1.432E-20, 7.718E+08] - Zero values observed as well

GAMS 45.7.0  64fbf3ce Jan 18, 2024          WEX-WEI x86 64bit/MS Windows - 04/30/26 12:52:03 Page 148
GUIDE_GLOBAL_CGE Model GTAP11c
Model Statistics    SOLVE CGE Using CNS From line 5884


LOOPS                                 TIME   2035


MODEL STATISTICS

BLOCKS OF EQUATIONS         146     SINGLE EQUATIONS       89,773
BLOCKS OF VARIABLES         146     SINGLE VARIABLES       89,773
NON ZERO ELEMENTS       453,151     NON LINEAR N-Z        268,558
CODE LENGTH             805,671     CONSTANT POOL          58,270
SINGLE =E|X= EQUS        89,773     SINGLE UNFIXED VARS    89,773


GENERATION TIME      =        2.297 SECONDS    724 MB  45.7.0 64fbf3ce WEX-WEI
               L O O P S               TIME 2035

GAMS 45.7.0  64fbf3ce Jan 18, 2024          WEX-WEI x86 64bit/MS Windows - 04/30/26 12:52:03 Page 149
GUIDE_GLOBAL_CGE Model GTAP11c
Solution Report     SOLVE CGE Using CNS From line 5884


               S O L V E      S U M M A R Y

     MODEL   CGE                 
     TYPE    CNS                 
     SOLVER  CONOPT4             FROM LINE  5884

**** SOLVER STATUS     1 Normal Completion
**** MODEL STATUS      16 Solved

 RESOURCE USAGE, LIMIT          1.671 10000000000.000
 ITERATION COUNT, LIMIT         2    2147483647
 EVALUATION ERRORS              0             0
 
 
    C O N O P T   version 4.31
    Copyright (C) ARKI Consulting and Development A/S
                  Bagsvaerdvej 246 A
                  DK-2880 Bagsvaerd, Denmark
 
 
    The user model has 89773 constraints and 89773 variables
    with 453151 Jacobian elements, 268558 of which are nonlinear.
 
    The pre-triangular part of the model has 6582 constraints and variables.
    The post-triangular part of the model has 445 constraints and variables.
 
    Preprocessed model has 82746 constraints and 82746 variables
    with 406682 Jacobian elements, 236788 of which are nonlinear.
 
 ** Feasible solution to a square system.
 
 
 CONOPT time Total                            1.700 seconds
   of which: Function evaluations             0.333 = 19.6%
             1st Derivative evaluations       0.088 =  5.2%
 


**** REPORT SUMMARY :        0 INFEASIBLE
                             0  DEPENDENT
                             0     ERRORS
GAMS 45.7.0  64fbf3ce Jan 18, 2024          WEX-WEI x86 64bit/MS Windows - 04/30/26 12:52:03 Page 150
GUIDE_GLOBAL_CGE Model GTAP11c
Range Statistics    SOLVE CGE Using CNS From line 5884


RANGE STATISTICS (ABSOLUTE NON-ZERO FINITE VALUES)

RHS       [min, max] : [ 4.441E-15, 1.262E+05] - Zero values observed as well
Bound     [min, max] : [        NA,        NA]
Matrix    [min, max] : [ 1.477E-20, 7.100E+08] - Zero values observed as well

GAMS 45.7.0  64fbf3ce Jan 18, 2024          WEX-WEI x86 64bit/MS Windows - 04/30/26 12:52:03 Page 151
GUIDE_GLOBAL_CGE Model GTAP11c
Model Statistics    SOLVE CGE Using CNS From line 5884


LOOPS                                 TIME   2036


MODEL STATISTICS

BLOCKS OF EQUATIONS         146     SINGLE EQUATIONS       89,773
BLOCKS OF VARIABLES         146     SINGLE VARIABLES       89,773
NON ZERO ELEMENTS       453,151     NON LINEAR N-Z        268,558
CODE LENGTH             805,671     CONSTANT POOL          58,270
SINGLE =E|X= EQUS        89,773     SINGLE UNFIXED VARS    89,773


GENERATION TIME      =        2.344 SECONDS    724 MB  45.7.0 64fbf3ce WEX-WEI
               L O O P S               TIME 2036

GAMS 45.7.0  64fbf3ce Jan 18, 2024          WEX-WEI x86 64bit/MS Windows - 04/30/26 12:52:03 Page 152
GUIDE_GLOBAL_CGE Model GTAP11c
Solution Report     SOLVE CGE Using CNS From line 5884


               S O L V E      S U M M A R Y

     MODEL   CGE                 
     TYPE    CNS                 
     SOLVER  CONOPT4             FROM LINE  5884

**** SOLVER STATUS     1 Normal Completion
**** MODEL STATUS      16 Solved

 RESOURCE USAGE, LIMIT          1.734 10000000000.000
 ITERATION COUNT, LIMIT         2    2147483647
 EVALUATION ERRORS              0             0
 
 
    C O N O P T   version 4.31
    Copyright (C) ARKI Consulting and Development A/S
                  Bagsvaerdvej 246 A
                  DK-2880 Bagsvaerd, Denmark
 
 
    The user model has 89773 constraints and 89773 variables
    with 453151 Jacobian elements, 268558 of which are nonlinear.
 
    The pre-triangular part of the model has 6582 constraints and variables.
    The post-triangular part of the model has 445 constraints and variables.
 
    Preprocessed model has 82746 constraints and 82746 variables
    with 406682 Jacobian elements, 236788 of which are nonlinear.
 
 ** Feasible solution to a square system.
 
 
 CONOPT time Total                            1.770 seconds
   of which: Function evaluations             0.382 = 21.6%
             1st Derivative evaluations       0.107 =  6.0%
 


**** REPORT SUMMARY :        0 INFEASIBLE
                             0  DEPENDENT
                             0     ERRORS
GAMS 45.7.0  64fbf3ce Jan 18, 2024          WEX-WEI x86 64bit/MS Windows - 04/30/26 12:52:03 Page 153
GUIDE_GLOBAL_CGE Model GTAP11c
Range Statistics    SOLVE CGE Using CNS From line 5884


RANGE STATISTICS (ABSOLUTE NON-ZERO FINITE VALUES)

RHS       [min, max] : [ 4.441E-15, 1.321E+05] - Zero values observed as well
Bound     [min, max] : [        NA,        NA]
Matrix    [min, max] : [ 1.518E-20, 5.657E+08] - Zero values observed as well

GAMS 45.7.0  64fbf3ce Jan 18, 2024          WEX-WEI x86 64bit/MS Windows - 04/30/26 12:52:03 Page 154
GUIDE_GLOBAL_CGE Model GTAP11c
Model Statistics    SOLVE CGE Using CNS From line 5884


LOOPS                                 TIME   2037


MODEL STATISTICS

BLOCKS OF EQUATIONS         146     SINGLE EQUATIONS       89,773
BLOCKS OF VARIABLES         146     SINGLE VARIABLES       89,773
NON ZERO ELEMENTS       453,151     NON LINEAR N-Z        268,558
CODE LENGTH             805,671     CONSTANT POOL          58,270
SINGLE =E|X= EQUS        89,773     SINGLE UNFIXED VARS    89,773


GENERATION TIME      =        2.532 SECONDS    724 MB  45.7.0 64fbf3ce WEX-WEI
               L O O P S               TIME 2037

GAMS 45.7.0  64fbf3ce Jan 18, 2024          WEX-WEI x86 64bit/MS Windows - 04/30/26 12:52:03 Page 155
GUIDE_GLOBAL_CGE Model GTAP11c
Solution Report     SOLVE CGE Using CNS From line 5884


               S O L V E      S U M M A R Y

     MODEL   CGE                 
     TYPE    CNS                 
     SOLVER  CONOPT4             FROM LINE  5884

**** SOLVER STATUS     1 Normal Completion
**** MODEL STATUS      16 Solved

 RESOURCE USAGE, LIMIT          1.563 10000000000.000
 ITERATION COUNT, LIMIT         2    2147483647
 EVALUATION ERRORS              0             0
 
 
    C O N O P T   version 4.31
    Copyright (C) ARKI Consulting and Development A/S
                  Bagsvaerdvej 246 A
                  DK-2880 Bagsvaerd, Denmark
 
 
    The user model has 89773 constraints and 89773 variables
    with 453151 Jacobian elements, 268558 of which are nonlinear.
 
    The pre-triangular part of the model has 6582 constraints and variables.
    The post-triangular part of the model has 445 constraints and variables.
 
    Preprocessed model has 82746 constraints and 82746 variables
    with 406682 Jacobian elements, 236788 of which are nonlinear.
 
 ** Feasible solution to a square system.
 
 
 CONOPT time Total                            1.591 seconds
   of which: Function evaluations             0.241 = 15.1%
             1st Derivative evaluations       0.091 =  5.7%
 


**** REPORT SUMMARY :        0 INFEASIBLE
                             0  DEPENDENT
                             0     ERRORS
GAMS 45.7.0  64fbf3ce Jan 18, 2024          WEX-WEI x86 64bit/MS Windows - 04/30/26 12:52:03 Page 156
GUIDE_GLOBAL_CGE Model GTAP11c
Range Statistics    SOLVE CGE Using CNS From line 5884


RANGE STATISTICS (ABSOLUTE NON-ZERO FINITE VALUES)

RHS       [min, max] : [ 4.441E-15, 1.379E+05] - Zero values observed as well
Bound     [min, max] : [        NA,        NA]
Matrix    [min, max] : [ 1.563E-20, 4.615E+08] - Zero values observed as well

GAMS 45.7.0  64fbf3ce Jan 18, 2024          WEX-WEI x86 64bit/MS Windows - 04/30/26 12:52:03 Page 157
GUIDE_GLOBAL_CGE Model GTAP11c
Model Statistics    SOLVE CGE Using CNS From line 5884


LOOPS                                 TIME   2038


MODEL STATISTICS

BLOCKS OF EQUATIONS         146     SINGLE EQUATIONS       89,773
BLOCKS OF VARIABLES         146     SINGLE VARIABLES       89,773
NON ZERO ELEMENTS       453,151     NON LINEAR N-Z        268,558
CODE LENGTH             805,671     CONSTANT POOL          58,270
SINGLE =E|X= EQUS        89,773     SINGLE UNFIXED VARS    89,773


GENERATION TIME      =        2.500 SECONDS    724 MB  45.7.0 64fbf3ce WEX-WEI
               L O O P S               TIME 2038

GAMS 45.7.0  64fbf3ce Jan 18, 2024          WEX-WEI x86 64bit/MS Windows - 04/30/26 12:52:03 Page 158
GUIDE_GLOBAL_CGE Model GTAP11c
Solution Report     SOLVE CGE Using CNS From line 5884


               S O L V E      S U M M A R Y

     MODEL   CGE                 
     TYPE    CNS                 
     SOLVER  CONOPT4             FROM LINE  5884

**** SOLVER STATUS     1 Normal Completion
**** MODEL STATUS      16 Solved

 RESOURCE USAGE, LIMIT          1.547 10000000000.000
 ITERATION COUNT, LIMIT         2    2147483647
 EVALUATION ERRORS              0             0
 
 
    C O N O P T   version 4.31
    Copyright (C) ARKI Consulting and Development A/S
                  Bagsvaerdvej 246 A
                  DK-2880 Bagsvaerd, Denmark
 
 
    The user model has 89773 constraints and 89773 variables
    with 453151 Jacobian elements, 268558 of which are nonlinear.
 
    The pre-triangular part of the model has 6582 constraints and variables.
    The post-triangular part of the model has 445 constraints and variables.
 
    Preprocessed model has 82746 constraints and 82746 variables
    with 406682 Jacobian elements, 236788 of which are nonlinear.
 
 ** Feasible solution to a square system.
 
 
 CONOPT time Total                            1.580 seconds
   of which: Function evaluations             0.223 = 14.1%
             1st Derivative evaluations       0.075 =  4.7%
 


**** REPORT SUMMARY :        0 INFEASIBLE
                             0  DEPENDENT
                             0     ERRORS
GAMS 45.7.0  64fbf3ce Jan 18, 2024          WEX-WEI x86 64bit/MS Windows - 04/30/26 12:52:03 Page 159
GUIDE_GLOBAL_CGE Model GTAP11c
Range Statistics    SOLVE CGE Using CNS From line 5884


RANGE STATISTICS (ABSOLUTE NON-ZERO FINITE VALUES)

RHS       [min, max] : [ 4.441E-15, 1.437E+05] - Zero values observed as well
Bound     [min, max] : [        NA,        NA]
Matrix    [min, max] : [ 1.610E-20, 3.837E+08] - Zero values observed as well

GAMS 45.7.0  64fbf3ce Jan 18, 2024          WEX-WEI x86 64bit/MS Windows - 04/30/26 12:52:03 Page 160
GUIDE_GLOBAL_CGE Model GTAP11c
Model Statistics    SOLVE CGE Using CNS From line 5884


LOOPS                                 TIME   2039


MODEL STATISTICS

BLOCKS OF EQUATIONS         146     SINGLE EQUATIONS       89,773
BLOCKS OF VARIABLES         146     SINGLE VARIABLES       89,773
NON ZERO ELEMENTS       453,151     NON LINEAR N-Z        268,558
CODE LENGTH             805,671     CONSTANT POOL          58,270
SINGLE =E|X= EQUS        89,773     SINGLE UNFIXED VARS    89,773


GENERATION TIME      =        2.562 SECONDS    725 MB  45.7.0 64fbf3ce WEX-WEI
               L O O P S               TIME 2039

GAMS 45.7.0  64fbf3ce Jan 18, 2024          WEX-WEI x86 64bit/MS Windows - 04/30/26 12:52:03 Page 161
GUIDE_GLOBAL_CGE Model GTAP11c
Solution Report     SOLVE CGE Using CNS From line 5884


               S O L V E      S U M M A R Y

     MODEL   CGE                 
     TYPE    CNS                 
     SOLVER  CONOPT4             FROM LINE  5884

**** SOLVER STATUS     1 Normal Completion
**** MODEL STATUS      16 Solved

 RESOURCE USAGE, LIMIT          1.672 10000000000.000
 ITERATION COUNT, LIMIT         2    2147483647
 EVALUATION ERRORS              0             0
 
 
    C O N O P T   version 4.31
    Copyright (C) ARKI Consulting and Development A/S
                  Bagsvaerdvej 246 A
                  DK-2880 Bagsvaerd, Denmark
 
 
    The user model has 89773 constraints and 89773 variables
    with 453151 Jacobian elements, 268558 of which are nonlinear.
 
    The pre-triangular part of the model has 6582 constraints and variables.
    The post-triangular part of the model has 445 constraints and variables.
 
    Preprocessed model has 82746 constraints and 82746 variables
    with 406682 Jacobian elements, 236788 of which are nonlinear.
 
 ** Feasible solution to a square system.
 
 
 CONOPT time Total                            1.710 seconds
   of which: Function evaluations             0.301 = 17.6%
             1st Derivative evaluations       0.104 =  6.1%
 


**** REPORT SUMMARY :        0 INFEASIBLE
                             0  DEPENDENT
                             0     ERRORS
GAMS 45.7.0  64fbf3ce Jan 18, 2024          WEX-WEI x86 64bit/MS Windows - 04/30/26 12:52:03 Page 162
GUIDE_GLOBAL_CGE Model GTAP11c
Range Statistics    SOLVE CGE Using CNS From line 5884


RANGE STATISTICS (ABSOLUTE NON-ZERO FINITE VALUES)

RHS       [min, max] : [ 4.441E-15, 1.496E+05] - Zero values observed as well
Bound     [min, max] : [        NA,        NA]
Matrix    [min, max] : [ 1.657E-20, 3.141E+08] - Zero values observed as well

GAMS 45.7.0  64fbf3ce Jan 18, 2024          WEX-WEI x86 64bit/MS Windows - 04/30/26 12:52:03 Page 163
GUIDE_GLOBAL_CGE Model GTAP11c
Model Statistics    SOLVE CGE Using CNS From line 5884


LOOPS                                 TIME   2040


MODEL STATISTICS

BLOCKS OF EQUATIONS         146     SINGLE EQUATIONS       89,773
BLOCKS OF VARIABLES         146     SINGLE VARIABLES       89,773
NON ZERO ELEMENTS       453,151     NON LINEAR N-Z        268,558
CODE LENGTH             805,671     CONSTANT POOL          58,270
SINGLE =E|X= EQUS        89,773     SINGLE UNFIXED VARS    89,773


GENERATION TIME      =        2.593 SECONDS    725 MB  45.7.0 64fbf3ce WEX-WEI
               L O O P S               TIME 2040

GAMS 45.7.0  64fbf3ce Jan 18, 2024          WEX-WEI x86 64bit/MS Windows - 04/30/26 12:52:03 Page 164
GUIDE_GLOBAL_CGE Model GTAP11c
Solution Report     SOLVE CGE Using CNS From line 5884


               S O L V E      S U M M A R Y

     MODEL   CGE                 
     TYPE    CNS                 
     SOLVER  CONOPT4             FROM LINE  5884

**** SOLVER STATUS     1 Normal Completion
**** MODEL STATUS      16 Solved

 RESOURCE USAGE, LIMIT          1.813 10000000000.000
 ITERATION COUNT, LIMIT         2    2147483647
 EVALUATION ERRORS              0             0
 
 
    C O N O P T   version 4.31
    Copyright (C) ARKI Consulting and Development A/S
                  Bagsvaerdvej 246 A
                  DK-2880 Bagsvaerd, Denmark
 
 
    The user model has 89773 constraints and 89773 variables
    with 453151 Jacobian elements, 268558 of which are nonlinear.
 
    The pre-triangular part of the model has 6582 constraints and variables.
    The post-triangular part of the model has 445 constraints and variables.
 
    Preprocessed model has 82746 constraints and 82746 variables
    with 406682 Jacobian elements, 236788 of which are nonlinear.
 
 ** Feasible solution to a square system.
 
 
 CONOPT time Total                            1.855 seconds
   of which: Function evaluations             0.345 = 18.6%
             1st Derivative evaluations       0.111 =  6.0%
 


**** REPORT SUMMARY :        0 INFEASIBLE
                             0  DEPENDENT
                             0     ERRORS
GAMS 45.7.0  64fbf3ce Jan 18, 2024          WEX-WEI x86 64bit/MS Windows - 04/30/26 12:52:03 Page 165
GUIDE_GLOBAL_CGE Model GTAP11c
Range Statistics    SOLVE CGE Using CNS From line 5884


RANGE STATISTICS (ABSOLUTE NON-ZERO FINITE VALUES)

RHS       [min, max] : [ 4.441E-15, 1.554E+05] - Zero values observed as well
Bound     [min, max] : [        NA,        NA]
Matrix    [min, max] : [ 1.704E-20, 2.567E+08] - Zero values observed as well

GAMS 45.7.0  64fbf3ce Jan 18, 2024          WEX-WEI x86 64bit/MS Windows - 04/30/26 12:52:03 Page 166
GUIDE_GLOBAL_CGE Model GTAP11c
Model Statistics    SOLVE CGE Using CNS From line 5884


LOOPS                                 TIME   2041


MODEL STATISTICS

BLOCKS OF EQUATIONS         146     SINGLE EQUATIONS       89,773
BLOCKS OF VARIABLES         146     SINGLE VARIABLES       89,773
NON ZERO ELEMENTS       453,151     NON LINEAR N-Z        268,558
CODE LENGTH             805,671     CONSTANT POOL          58,270
SINGLE =E|X= EQUS        89,773     SINGLE UNFIXED VARS    89,773


GENERATION TIME      =        2.656 SECONDS    725 MB  45.7.0 64fbf3ce WEX-WEI
               L O O P S               TIME 2041

GAMS 45.7.0  64fbf3ce Jan 18, 2024          WEX-WEI x86 64bit/MS Windows - 04/30/26 12:52:03 Page 167
GUIDE_GLOBAL_CGE Model GTAP11c
Solution Report     SOLVE CGE Using CNS From line 5884


               S O L V E      S U M M A R Y

     MODEL   CGE                 
     TYPE    CNS                 
     SOLVER  CONOPT4             FROM LINE  5884

**** SOLVER STATUS     1 Normal Completion
**** MODEL STATUS      16 Solved

 RESOURCE USAGE, LIMIT          1.672 10000000000.000
 ITERATION COUNT, LIMIT         2    2147483647
 EVALUATION ERRORS              0             0
 
 
    C O N O P T   version 4.31
    Copyright (C) ARKI Consulting and Development A/S
                  Bagsvaerdvej 246 A
                  DK-2880 Bagsvaerd, Denmark
 
 
    The user model has 89773 constraints and 89773 variables
    with 453151 Jacobian elements, 268558 of which are nonlinear.
 
    The pre-triangular part of the model has 6582 constraints and variables.
    The post-triangular part of the model has 445 constraints and variables.
 
    Preprocessed model has 82746 constraints and 82746 variables
    with 406682 Jacobian elements, 236788 of which are nonlinear.
 
 ** Feasible solution to a square system.
 
 
 CONOPT time Total                            1.721 seconds
   of which: Function evaluations             0.316 = 18.4%
             1st Derivative evaluations       0.141 =  8.2%
 


**** REPORT SUMMARY :        0 INFEASIBLE
                             0  DEPENDENT
                             0     ERRORS
GAMS 45.7.0  64fbf3ce Jan 18, 2024          WEX-WEI x86 64bit/MS Windows - 04/30/26 12:52:03 Page 168
GUIDE_GLOBAL_CGE Model GTAP11c
Range Statistics    SOLVE CGE Using CNS From line 5884


RANGE STATISTICS (ABSOLUTE NON-ZERO FINITE VALUES)

RHS       [min, max] : [ 4.441E-15, 1.613E+05] - Zero values observed as well
Bound     [min, max] : [        NA,        NA]
Matrix    [min, max] : [ 1.747E-20, 2.175E+08] - Zero values observed as well

GAMS 45.7.0  64fbf3ce Jan 18, 2024          WEX-WEI x86 64bit/MS Windows - 04/30/26 12:52:03 Page 169
GUIDE_GLOBAL_CGE Model GTAP11c
Model Statistics    SOLVE CGE Using CNS From line 5884


LOOPS                                 TIME   2042


MODEL STATISTICS

BLOCKS OF EQUATIONS         146     SINGLE EQUATIONS       89,773
BLOCKS OF VARIABLES         146     SINGLE VARIABLES       89,773
NON ZERO ELEMENTS       453,151     NON LINEAR N-Z        268,558
CODE LENGTH             805,671     CONSTANT POOL          58,270
SINGLE =E|X= EQUS        89,773     SINGLE UNFIXED VARS    89,773


GENERATION TIME      =        2.719 SECONDS    725 MB  45.7.0 64fbf3ce WEX-WEI
               L O O P S               TIME 2042

GAMS 45.7.0  64fbf3ce Jan 18, 2024          WEX-WEI x86 64bit/MS Windows - 04/30/26 12:52:03 Page 170
GUIDE_GLOBAL_CGE Model GTAP11c
Solution Report     SOLVE CGE Using CNS From line 5884


               S O L V E      S U M M A R Y

     MODEL   CGE                 
     TYPE    CNS                 
     SOLVER  CONOPT4             FROM LINE  5884

**** SOLVER STATUS     1 Normal Completion
**** MODEL STATUS      16 Solved

 RESOURCE USAGE, LIMIT          1.672 10000000000.000
 ITERATION COUNT, LIMIT         2    2147483647
 EVALUATION ERRORS              0             0
 
 
    C O N O P T   version 4.31
    Copyright (C) ARKI Consulting and Development A/S
                  Bagsvaerdvej 246 A
                  DK-2880 Bagsvaerd, Denmark
 
 
    The user model has 89773 constraints and 89773 variables
    with 453151 Jacobian elements, 268558 of which are nonlinear.
 
    The pre-triangular part of the model has 6582 constraints and variables.
    The post-triangular part of the model has 445 constraints and variables.
 
    Preprocessed model has 82746 constraints and 82746 variables
    with 406682 Jacobian elements, 236788 of which are nonlinear.
 
 ** Feasible solution to a square system.
 
 
 CONOPT time Total                            1.710 seconds
   of which: Function evaluations             0.298 = 17.4%
             1st Derivative evaluations       0.088 =  5.1%
 


**** REPORT SUMMARY :        0 INFEASIBLE
                             0  DEPENDENT
                             0     ERRORS
GAMS 45.7.0  64fbf3ce Jan 18, 2024          WEX-WEI x86 64bit/MS Windows - 04/30/26 12:52:03 Page 171
GUIDE_GLOBAL_CGE Model GTAP11c
Range Statistics    SOLVE CGE Using CNS From line 5884


RANGE STATISTICS (ABSOLUTE NON-ZERO FINITE VALUES)

RHS       [min, max] : [ 4.441E-15, 1.671E+05] - Zero values observed as well
Bound     [min, max] : [        NA,        NA]
Matrix    [min, max] : [ 1.779E-20, 1.731E+08] - Zero values observed as well

GAMS 45.7.0  64fbf3ce Jan 18, 2024          WEX-WEI x86 64bit/MS Windows - 04/30/26 12:52:03 Page 172
GUIDE_GLOBAL_CGE Model GTAP11c
Model Statistics    SOLVE CGE Using CNS From line 5884


LOOPS                                 TIME   2043


MODEL STATISTICS

BLOCKS OF EQUATIONS         146     SINGLE EQUATIONS       89,773
BLOCKS OF VARIABLES         146     SINGLE VARIABLES       89,773
NON ZERO ELEMENTS       453,151     NON LINEAR N-Z        268,558
CODE LENGTH             805,671     CONSTANT POOL          58,270
SINGLE =E|X= EQUS        89,773     SINGLE UNFIXED VARS    89,773


GENERATION TIME      =        2.844 SECONDS    726 MB  45.7.0 64fbf3ce WEX-WEI
               L O O P S               TIME 2043

GAMS 45.7.0  64fbf3ce Jan 18, 2024          WEX-WEI x86 64bit/MS Windows - 04/30/26 12:52:03 Page 173
GUIDE_GLOBAL_CGE Model GTAP11c
Solution Report     SOLVE CGE Using CNS From line 5884


               S O L V E      S U M M A R Y

     MODEL   CGE                 
     TYPE    CNS                 
     SOLVER  CONOPT4             FROM LINE  5884

**** SOLVER STATUS     1 Normal Completion
**** MODEL STATUS      16 Solved

 RESOURCE USAGE, LIMIT          1.593 10000000000.000
 ITERATION COUNT, LIMIT         2    2147483647
 EVALUATION ERRORS              0             0
 
 
    C O N O P T   version 4.31
    Copyright (C) ARKI Consulting and Development A/S
                  Bagsvaerdvej 246 A
                  DK-2880 Bagsvaerd, Denmark
 
 
    The user model has 89773 constraints and 89773 variables
    with 453151 Jacobian elements, 268558 of which are nonlinear.
 
    The pre-triangular part of the model has 6582 constraints and variables.
    The post-triangular part of the model has 445 constraints and variables.
 
    Preprocessed model has 82746 constraints and 82746 variables
    with 406682 Jacobian elements, 236788 of which are nonlinear.
 
 ** Feasible solution to a square system.
 
 
 CONOPT time Total                            1.648 seconds
   of which: Function evaluations             0.380 = 23.1%
             1st Derivative evaluations       0.096 =  5.8%
 


**** REPORT SUMMARY :        0 INFEASIBLE
                             0  DEPENDENT
                             0     ERRORS
GAMS 45.7.0  64fbf3ce Jan 18, 2024          WEX-WEI x86 64bit/MS Windows - 04/30/26 12:52:03 Page 174
GUIDE_GLOBAL_CGE Model GTAP11c
Range Statistics    SOLVE CGE Using CNS From line 5884


RANGE STATISTICS (ABSOLUTE NON-ZERO FINITE VALUES)

RHS       [min, max] : [ 4.441E-15, 1.730E+05] - Zero values observed as well
Bound     [min, max] : [        NA,        NA]
Matrix    [min, max] : [ 1.792E-20, 1.402E+08] - Zero values observed as well

GAMS 45.7.0  64fbf3ce Jan 18, 2024          WEX-WEI x86 64bit/MS Windows - 04/30/26 12:52:03 Page 175
GUIDE_GLOBAL_CGE Model GTAP11c
Model Statistics    SOLVE CGE Using CNS From line 5884


LOOPS                                 TIME   2044


MODEL STATISTICS

BLOCKS OF EQUATIONS         146     SINGLE EQUATIONS       89,773
BLOCKS OF VARIABLES         146     SINGLE VARIABLES       89,773
NON ZERO ELEMENTS       453,151     NON LINEAR N-Z        268,558
CODE LENGTH             805,671     CONSTANT POOL          58,270
SINGLE =E|X= EQUS        89,773     SINGLE UNFIXED VARS    89,773


GENERATION TIME      =        2.843 SECONDS    726 MB  45.7.0 64fbf3ce WEX-WEI
               L O O P S               TIME 2044

GAMS 45.7.0  64fbf3ce Jan 18, 2024          WEX-WEI x86 64bit/MS Windows - 04/30/26 12:52:03 Page 176
GUIDE_GLOBAL_CGE Model GTAP11c
Solution Report     SOLVE CGE Using CNS From line 5884


               S O L V E      S U M M A R Y

     MODEL   CGE                 
     TYPE    CNS                 
     SOLVER  CONOPT4             FROM LINE  5884

**** SOLVER STATUS     1 Normal Completion
**** MODEL STATUS      16 Solved

 RESOURCE USAGE, LIMIT          1.688 10000000000.000
 ITERATION COUNT, LIMIT         2    2147483647
 EVALUATION ERRORS              0             0
 
 
    C O N O P T   version 4.31
    Copyright (C) ARKI Consulting and Development A/S
                  Bagsvaerdvej 246 A
                  DK-2880 Bagsvaerd, Denmark
 
 
    The user model has 89773 constraints and 89773 variables
    with 453151 Jacobian elements, 268558 of which are nonlinear.
 
    The pre-triangular part of the model has 6582 constraints and variables.
    The post-triangular part of the model has 445 constraints and variables.
 
    Preprocessed model has 82746 constraints and 82746 variables
    with 406682 Jacobian elements, 236788 of which are nonlinear.
 
 ** Feasible solution to a square system.
 
 
 CONOPT time Total                            1.737 seconds
   of which: Function evaluations             0.361 = 20.8%
             1st Derivative evaluations       0.134 =  7.7%
 


**** REPORT SUMMARY :        0 INFEASIBLE
                             0  DEPENDENT
                             0     ERRORS
GAMS 45.7.0  64fbf3ce Jan 18, 2024          WEX-WEI x86 64bit/MS Windows - 04/30/26 12:52:03 Page 177
GUIDE_GLOBAL_CGE Model GTAP11c
Range Statistics    SOLVE CGE Using CNS From line 5884


RANGE STATISTICS (ABSOLUTE NON-ZERO FINITE VALUES)

RHS       [min, max] : [ 4.441E-15, 1.788E+05] - Zero values observed as well
Bound     [min, max] : [        NA,        NA]
Matrix    [min, max] : [ 1.805E-20, 1.110E+08] - Zero values observed as well

GAMS 45.7.0  64fbf3ce Jan 18, 2024          WEX-WEI x86 64bit/MS Windows - 04/30/26 12:52:03 Page 178
GUIDE_GLOBAL_CGE Model GTAP11c
Model Statistics    SOLVE CGE Using CNS From line 5884


LOOPS                                 TIME   2045


MODEL STATISTICS

BLOCKS OF EQUATIONS         146     SINGLE EQUATIONS       89,773
BLOCKS OF VARIABLES         146     SINGLE VARIABLES       89,773
NON ZERO ELEMENTS       453,151     NON LINEAR N-Z        268,558
CODE LENGTH             805,671     CONSTANT POOL          58,270
SINGLE =E|X= EQUS        89,773     SINGLE UNFIXED VARS    89,773


GENERATION TIME      =        2.969 SECONDS    726 MB  45.7.0 64fbf3ce WEX-WEI
               L O O P S               TIME 2045

GAMS 45.7.0  64fbf3ce Jan 18, 2024          WEX-WEI x86 64bit/MS Windows - 04/30/26 12:52:03 Page 179
GUIDE_GLOBAL_CGE Model GTAP11c
Solution Report     SOLVE CGE Using CNS From line 5884


               S O L V E      S U M M A R Y

     MODEL   CGE                 
     TYPE    CNS                 
     SOLVER  CONOPT4             FROM LINE  5884

**** SOLVER STATUS     1 Normal Completion
**** MODEL STATUS      16 Solved

 RESOURCE USAGE, LIMIT          1.750 10000000000.000
 ITERATION COUNT, LIMIT         2    2147483647
 EVALUATION ERRORS              0             0
 
 
    C O N O P T   version 4.31
    Copyright (C) ARKI Consulting and Development A/S
                  Bagsvaerdvej 246 A
                  DK-2880 Bagsvaerd, Denmark
 
 
    The user model has 89773 constraints and 89773 variables
    with 453151 Jacobian elements, 268558 of which are nonlinear.
 
    The pre-triangular part of the model has 6582 constraints and variables.
    The post-triangular part of the model has 445 constraints and variables.
 
    Preprocessed model has 82746 constraints and 82746 variables
    with 406682 Jacobian elements, 236788 of which are nonlinear.
 
 ** Feasible solution to a square system.
 
 
 CONOPT time Total                            1.800 seconds
   of which: Function evaluations             0.312 = 17.3%
             1st Derivative evaluations       0.142 =  7.9%
 


**** REPORT SUMMARY :        0 INFEASIBLE
                             0  DEPENDENT
                             0     ERRORS
GAMS 45.7.0  64fbf3ce Jan 18, 2024          WEX-WEI x86 64bit/MS Windows - 04/30/26 12:52:03 Page 180
GUIDE_GLOBAL_CGE Model GTAP11c
Range Statistics    SOLVE CGE Using CNS From line 5884


RANGE STATISTICS (ABSOLUTE NON-ZERO FINITE VALUES)

RHS       [min, max] : [ 4.441E-15, 1.847E+05] - Zero values observed as well
Bound     [min, max] : [        NA,        NA]
Matrix    [min, max] : [ 1.812E-20, 3.495E+07] - Zero values observed as well

GAMS 45.7.0  64fbf3ce Jan 18, 2024          WEX-WEI x86 64bit/MS Windows - 04/30/26 12:52:03 Page 181
GUIDE_GLOBAL_CGE Model GTAP11c
Model Statistics    SOLVE CGE Using CNS From line 5884


LOOPS                                 TIME   2046


MODEL STATISTICS

BLOCKS OF EQUATIONS         146     SINGLE EQUATIONS       89,773
BLOCKS OF VARIABLES         146     SINGLE VARIABLES       89,773
NON ZERO ELEMENTS       453,151     NON LINEAR N-Z        268,558
CODE LENGTH             805,671     CONSTANT POOL          58,270
SINGLE =E|X= EQUS        89,773     SINGLE UNFIXED VARS    89,773


GENERATION TIME      =        3.078 SECONDS    726 MB  45.7.0 64fbf3ce WEX-WEI
               L O O P S               TIME 2046

GAMS 45.7.0  64fbf3ce Jan 18, 2024          WEX-WEI x86 64bit/MS Windows - 04/30/26 12:52:03 Page 182
GUIDE_GLOBAL_CGE Model GTAP11c
Solution Report     SOLVE CGE Using CNS From line 5884


               S O L V E      S U M M A R Y

     MODEL   CGE                 
     TYPE    CNS                 
     SOLVER  CONOPT4             FROM LINE  5884

**** SOLVER STATUS     1 Normal Completion
**** MODEL STATUS      16 Solved

 RESOURCE USAGE, LIMIT          1.531 10000000000.000
 ITERATION COUNT, LIMIT         2    2147483647
 EVALUATION ERRORS              0             0
 
 
    C O N O P T   version 4.31
    Copyright (C) ARKI Consulting and Development A/S
                  Bagsvaerdvej 246 A
                  DK-2880 Bagsvaerd, Denmark
 
 
    The user model has 89773 constraints and 89773 variables
    with 453151 Jacobian elements, 268558 of which are nonlinear.
 
    The pre-triangular part of the model has 6582 constraints and variables.
    The post-triangular part of the model has 445 constraints and variables.
 
    Preprocessed model has 82746 constraints and 82746 variables
    with 406682 Jacobian elements, 236788 of which are nonlinear.
 
 ** Feasible solution to a square system.
 
 
 CONOPT time Total                            1.596 seconds
   of which: Function evaluations             0.295 = 18.5%
             1st Derivative evaluations       0.102 =  6.4%
 


**** REPORT SUMMARY :        0 INFEASIBLE
                             0  DEPENDENT
                             0     ERRORS
GAMS 45.7.0  64fbf3ce Jan 18, 2024          WEX-WEI x86 64bit/MS Windows - 04/30/26 12:52:03 Page 183
GUIDE_GLOBAL_CGE Model GTAP11c
Range Statistics    SOLVE CGE Using CNS From line 5884


RANGE STATISTICS (ABSOLUTE NON-ZERO FINITE VALUES)

RHS       [min, max] : [ 4.441E-15, 1.905E+05] - Zero values observed as well
Bound     [min, max] : [        NA,        NA]
Matrix    [min, max] : [ 1.831E-20, 2.018E+07] - Zero values observed as well

GAMS 45.7.0  64fbf3ce Jan 18, 2024          WEX-WEI x86 64bit/MS Windows - 04/30/26 12:52:03 Page 184
GUIDE_GLOBAL_CGE Model GTAP11c
Model Statistics    SOLVE CGE Using CNS From line 5884


LOOPS                                 TIME   2047


MODEL STATISTICS

BLOCKS OF EQUATIONS         146     SINGLE EQUATIONS       89,773
BLOCKS OF VARIABLES         146     SINGLE VARIABLES       89,773
NON ZERO ELEMENTS       453,151     NON LINEAR N-Z        268,558
CODE LENGTH             805,671     CONSTANT POOL          58,270
SINGLE =E|X= EQUS        89,773     SINGLE UNFIXED VARS    89,773


GENERATION TIME      =        3.172 SECONDS    727 MB  45.7.0 64fbf3ce WEX-WEI
               L O O P S               TIME 2047

GAMS 45.7.0  64fbf3ce Jan 18, 2024          WEX-WEI x86 64bit/MS Windows - 04/30/26 12:52:03 Page 185
GUIDE_GLOBAL_CGE Model GTAP11c
Solution Report     SOLVE CGE Using CNS From line 5884


               S O L V E      S U M M A R Y

     MODEL   CGE                 
     TYPE    CNS                 
     SOLVER  CONOPT4             FROM LINE  5884

**** SOLVER STATUS     1 Normal Completion
**** MODEL STATUS      16 Solved

 RESOURCE USAGE, LIMIT          1.641 10000000000.000
 ITERATION COUNT, LIMIT         2    2147483647
 EVALUATION ERRORS              0             0
 
 
    C O N O P T   version 4.31
    Copyright (C) ARKI Consulting and Development A/S
                  Bagsvaerdvej 246 A
                  DK-2880 Bagsvaerd, Denmark
 
 
    The user model has 89773 constraints and 89773 variables
    with 453151 Jacobian elements, 268558 of which are nonlinear.
 
    The pre-triangular part of the model has 6582 constraints and variables.
    The post-triangular part of the model has 445 constraints and variables.
 
    Preprocessed model has 82746 constraints and 82746 variables
    with 406682 Jacobian elements, 236788 of which are nonlinear.
 
 ** Feasible solution to a square system.
 
 
 CONOPT time Total                            1.679 seconds
   of which: Function evaluations             0.259 = 15.4%
             1st Derivative evaluations       0.094 =  5.6%
 


**** REPORT SUMMARY :        0 INFEASIBLE
                             0  DEPENDENT
                             0     ERRORS
GAMS 45.7.0  64fbf3ce Jan 18, 2024          WEX-WEI x86 64bit/MS Windows - 04/30/26 12:52:03 Page 186
GUIDE_GLOBAL_CGE Model GTAP11c
Range Statistics    SOLVE CGE Using CNS From line 5884


RANGE STATISTICS (ABSOLUTE NON-ZERO FINITE VALUES)

RHS       [min, max] : [ 4.441E-15, 1.963E+05] - Zero values observed as well
Bound     [min, max] : [        NA,        NA]
Matrix    [min, max] : [ 1.850E-20, 2.694E+07] - Zero values observed as well

GAMS 45.7.0  64fbf3ce Jan 18, 2024          WEX-WEI x86 64bit/MS Windows - 04/30/26 12:52:03 Page 187
GUIDE_GLOBAL_CGE Model GTAP11c
Model Statistics    SOLVE CGE Using CNS From line 5884


LOOPS                                 TIME   2048


MODEL STATISTICS

BLOCKS OF EQUATIONS         146     SINGLE EQUATIONS       89,773
BLOCKS OF VARIABLES         146     SINGLE VARIABLES       89,773
NON ZERO ELEMENTS       453,151     NON LINEAR N-Z        268,558
CODE LENGTH             805,671     CONSTANT POOL          58,270
SINGLE =E|X= EQUS        89,773     SINGLE UNFIXED VARS    89,773


GENERATION TIME      =        3.156 SECONDS    727 MB  45.7.0 64fbf3ce WEX-WEI
               L O O P S               TIME 2048

GAMS 45.7.0  64fbf3ce Jan 18, 2024          WEX-WEI x86 64bit/MS Windows - 04/30/26 12:52:03 Page 188
GUIDE_GLOBAL_CGE Model GTAP11c
Solution Report     SOLVE CGE Using CNS From line 5884


               S O L V E      S U M M A R Y

     MODEL   CGE                 
     TYPE    CNS                 
     SOLVER  CONOPT4             FROM LINE  5884

**** SOLVER STATUS     1 Normal Completion
**** MODEL STATUS      16 Solved

 RESOURCE USAGE, LIMIT          1.750 10000000000.000
 ITERATION COUNT, LIMIT         2    2147483647
 EVALUATION ERRORS              0             0
 
 
    C O N O P T   version 4.31
    Copyright (C) ARKI Consulting and Development A/S
                  Bagsvaerdvej 246 A
                  DK-2880 Bagsvaerd, Denmark
 
 
    The user model has 89773 constraints and 89773 variables
    with 453151 Jacobian elements, 268558 of which are nonlinear.
 
    The pre-triangular part of the model has 6582 constraints and variables.
    The post-triangular part of the model has 445 constraints and variables.
 
    Preprocessed model has 82746 constraints and 82746 variables
    with 406682 Jacobian elements, 236788 of which are nonlinear.
 
 ** Feasible solution to a square system.
 
 
 CONOPT time Total                            1.759 seconds
   of which: Function evaluations             0.300 = 17.1%
             1st Derivative evaluations       0.158 =  9.0%
 


**** REPORT SUMMARY :        0 INFEASIBLE
                             0  DEPENDENT
                             0     ERRORS
GAMS 45.7.0  64fbf3ce Jan 18, 2024          WEX-WEI x86 64bit/MS Windows - 04/30/26 12:52:03 Page 189
GUIDE_GLOBAL_CGE Model GTAP11c
Range Statistics    SOLVE CGE Using CNS From line 5884


RANGE STATISTICS (ABSOLUTE NON-ZERO FINITE VALUES)

RHS       [min, max] : [ 4.441E-15, 2.021E+05] - Zero values observed as well
Bound     [min, max] : [        NA,        NA]
Matrix    [min, max] : [ 1.857E-20, 4.126E+07] - Zero values observed as well

GAMS 45.7.0  64fbf3ce Jan 18, 2024          WEX-WEI x86 64bit/MS Windows - 04/30/26 12:52:03 Page 190
GUIDE_GLOBAL_CGE Model GTAP11c
Model Statistics    SOLVE CGE Using CNS From line 5884


LOOPS                                 TIME   2049


MODEL STATISTICS

BLOCKS OF EQUATIONS         146     SINGLE EQUATIONS       89,773
BLOCKS OF VARIABLES         146     SINGLE VARIABLES       89,773
NON ZERO ELEMENTS       453,151     NON LINEAR N-Z        268,558
CODE LENGTH             805,671     CONSTANT POOL          58,270
SINGLE =E|X= EQUS        89,773     SINGLE UNFIXED VARS    89,773


GENERATION TIME      =        3.234 SECONDS    728 MB  45.7.0 64fbf3ce WEX-WEI
               L O O P S               TIME 2049

GAMS 45.7.0  64fbf3ce Jan 18, 2024          WEX-WEI x86 64bit/MS Windows - 04/30/26 12:52:03 Page 191
GUIDE_GLOBAL_CGE Model GTAP11c
Solution Report     SOLVE CGE Using CNS From line 5884


               S O L V E      S U M M A R Y

     MODEL   CGE                 
     TYPE    CNS                 
     SOLVER  CONOPT4             FROM LINE  5884

**** SOLVER STATUS     1 Normal Completion
**** MODEL STATUS      16 Solved

 RESOURCE USAGE, LIMIT          1.515 10000000000.000
 ITERATION COUNT, LIMIT         2    2147483647
 EVALUATION ERRORS              0             0
 
 
    C O N O P T   version 4.31
    Copyright (C) ARKI Consulting and Development A/S
                  Bagsvaerdvej 246 A
                  DK-2880 Bagsvaerd, Denmark
 
 
    The user model has 89773 constraints and 89773 variables
    with 453151 Jacobian elements, 268558 of which are nonlinear.
 
    The pre-triangular part of the model has 6582 constraints and variables.
    The post-triangular part of the model has 445 constraints and variables.
 
    Preprocessed model has 82746 constraints and 82746 variables
    with 406682 Jacobian elements, 236788 of which are nonlinear.
 
 ** Feasible solution to a square system.
 
 
 CONOPT time Total                            1.555 seconds
   of which: Function evaluations             0.301 = 19.4%
             1st Derivative evaluations       0.111 =  7.1%
 


**** REPORT SUMMARY :        0 INFEASIBLE
                             0  DEPENDENT
                             0     ERRORS
GAMS 45.7.0  64fbf3ce Jan 18, 2024          WEX-WEI x86 64bit/MS Windows - 04/30/26 12:52:03 Page 192
GUIDE_GLOBAL_CGE Model GTAP11c
Range Statistics    SOLVE CGE Using CNS From line 5884


RANGE STATISTICS (ABSOLUTE NON-ZERO FINITE VALUES)

RHS       [min, max] : [ 4.441E-15, 2.078E+05] - Zero values observed as well
Bound     [min, max] : [        NA,        NA]
Matrix    [min, max] : [ 1.875E-20, 5.037E+07] - Zero values observed as well

GAMS 45.7.0  64fbf3ce Jan 18, 2024          WEX-WEI x86 64bit/MS Windows - 04/30/26 12:52:03 Page 193
GUIDE_GLOBAL_CGE Model GTAP11c
Model Statistics    SOLVE CGE Using CNS From line 5884


LOOPS                                 TIME   2050


MODEL STATISTICS

BLOCKS OF EQUATIONS         146     SINGLE EQUATIONS       89,773
BLOCKS OF VARIABLES         146     SINGLE VARIABLES       89,773
NON ZERO ELEMENTS       453,145     NON LINEAR N-Z        268,558
CODE LENGTH             805,671     CONSTANT POOL          58,270
SINGLE =E|X= EQUS        89,773     SINGLE UNFIXED VARS    89,773


GENERATION TIME      =        3.281 SECONDS    728 MB  45.7.0 64fbf3ce WEX-WEI
               L O O P S               TIME 2050

GAMS 45.7.0  64fbf3ce Jan 18, 2024          WEX-WEI x86 64bit/MS Windows - 04/30/26 12:52:03 Page 194
GUIDE_GLOBAL_CGE Model GTAP11c
Solution Report     SOLVE CGE Using CNS From line 5884


               S O L V E      S U M M A R Y

     MODEL   CGE                 
     TYPE    CNS                 
     SOLVER  CONOPT4             FROM LINE  5884

**** SOLVER STATUS     1 Normal Completion
**** MODEL STATUS      16 Solved

 RESOURCE USAGE, LIMIT          1.594 10000000000.000
 ITERATION COUNT, LIMIT         2    2147483647
 EVALUATION ERRORS              0             0
 
 
    C O N O P T   version 4.31
    Copyright (C) ARKI Consulting and Development A/S
                  Bagsvaerdvej 246 A
                  DK-2880 Bagsvaerd, Denmark
 
 
    The user model has 89773 constraints and 89773 variables
    with 453145 Jacobian elements, 268558 of which are nonlinear.
 
    The pre-triangular part of the model has 6588 constraints and variables.
    The post-triangular part of the model has 445 constraints and variables.
 
    Preprocessed model has 82740 constraints and 82740 variables
    with 406650 Jacobian elements, 236778 of which are nonlinear.
 
 ** Feasible solution to a square system.
 
 
 CONOPT time Total                            1.648 seconds
   of which: Function evaluations             0.228 = 13.8%
             1st Derivative evaluations       0.111 =  6.7%
 


**** REPORT SUMMARY :        0 INFEASIBLE
                             0  DEPENDENT
                             0     ERRORS
GAMS 45.7.0  64fbf3ce Jan 18, 2024          WEX-WEI x86 64bit/MS Windows - 04/30/26 12:52:03 Page 195
GUIDE_GLOBAL_CGE Model GTAP11c
Range Statistics    SOLVE CGE Using CNS From line 6940


RANGE STATISTICS (ABSOLUTE NON-ZERO FINITE VALUES)

RHS       [min, max] : [ 4.441E-15, 5.315E+04] - Zero values observed as well
Bound     [min, max] : [        NA,        NA]
Matrix    [min, max] : [ 1.601E-20, 6.495E+05] - Zero values observed as well

GAMS 45.7.0  64fbf3ce Jan 18, 2024          WEX-WEI x86 64bit/MS Windows - 04/30/26 12:52:03 Page 196
GUIDE_GLOBAL_CGE Model GTAP11c
Model Statistics    SOLVE CGE Using CNS From line 6940


LOOPS                                 TIME   2019


MODEL STATISTICS

BLOCKS OF EQUATIONS         146     SINGLE EQUATIONS       89,773
BLOCKS OF VARIABLES         146     SINGLE VARIABLES       89,773
NON ZERO ELEMENTS       453,253     NON LINEAR N-Z        268,558
CODE LENGTH             805,654     CONSTANT POOL          58,249
SINGLE =E|X= EQUS        89,773     SINGLE UNFIXED VARS    89,773


GENERATION TIME      =        1.093 SECONDS    846 MB  45.7.0 64fbf3ce WEX-WEI
               L O O P S               TIME 2019

GAMS 45.7.0  64fbf3ce Jan 18, 2024          WEX-WEI x86 64bit/MS Windows - 04/30/26 12:52:03 Page 197
GUIDE_GLOBAL_CGE Model GTAP11c
Solution Report     SOLVE CGE Using CNS From line 6940


               S O L V E      S U M M A R Y

     MODEL   CGE                 
     TYPE    CNS                 
     SOLVER  CONOPT4             FROM LINE  6940

**** SOLVER STATUS     1 Normal Completion
**** MODEL STATUS      16 Solved

 RESOURCE USAGE, LIMIT          1.313 10000000000.000
 ITERATION COUNT, LIMIT         2    2147483647
 EVALUATION ERRORS              0             0
 
 
    C O N O P T   version 4.31
    Copyright (C) ARKI Consulting and Development A/S
                  Bagsvaerdvej 246 A
                  DK-2880 Bagsvaerd, Denmark
 
 
    The user model has 89773 constraints and 89773 variables
    with 453253 Jacobian elements, 268558 of which are nonlinear.
 
    The pre-triangular part of the model has 6480 constraints and variables.
    The post-triangular part of the model has 445 constraints and variables.
 
    Preprocessed model has 82848 constraints and 82848 variables
    with 407090 Jacobian elements, 236890 of which are nonlinear.
 
 ** Feasible solution to a square system.
 
 
 CONOPT time Total                            1.350 seconds
   of which: Function evaluations             0.162 = 12.0%
             1st Derivative evaluations       0.097 =  7.2%
 


**** REPORT SUMMARY :        0 INFEASIBLE
                             0  DEPENDENT
                             0     ERRORS
GAMS 45.7.0  64fbf3ce Jan 18, 2024          WEX-WEI x86 64bit/MS Windows - 04/30/26 12:52:03 Page 198
GUIDE_GLOBAL_CGE Model GTAP11c
Range Statistics    SOLVE CGE Using CNS From line 6940


RANGE STATISTICS (ABSOLUTE NON-ZERO FINITE VALUES)

RHS       [min, max] : [ 4.441E-15, 5.577E+04] - Zero values observed as well
Bound     [min, max] : [        NA,        NA]
Matrix    [min, max] : [ 1.601E-20, 6.495E+05] - Zero values observed as well

GAMS 45.7.0  64fbf3ce Jan 18, 2024          WEX-WEI x86 64bit/MS Windows - 04/30/26 12:52:03 Page 199
GUIDE_GLOBAL_CGE Model GTAP11c
Model Statistics    SOLVE CGE Using CNS From line 6940


LOOPS                                 TIME   2020


MODEL STATISTICS

BLOCKS OF EQUATIONS         146     SINGLE EQUATIONS       89,773
BLOCKS OF VARIABLES         146     SINGLE VARIABLES       89,773
NON ZERO ELEMENTS       453,253     NON LINEAR N-Z        268,558
CODE LENGTH             805,654     CONSTANT POOL          58,249
SINGLE =E|X= EQUS        89,773     SINGLE UNFIXED VARS    89,773


GENERATION TIME      =        1.468 SECONDS    846 MB  45.7.0 64fbf3ce WEX-WEI
               L O O P S               TIME 2020

GAMS 45.7.0  64fbf3ce Jan 18, 2024          WEX-WEI x86 64bit/MS Windows - 04/30/26 12:52:03 Page 200
GUIDE_GLOBAL_CGE Model GTAP11c
Solution Report     SOLVE CGE Using CNS From line 6940


               S O L V E      S U M M A R Y

     MODEL   CGE                 
     TYPE    CNS                 
     SOLVER  CONOPT4             FROM LINE  6940

**** SOLVER STATUS     1 Normal Completion
**** MODEL STATUS      16 Solved

 RESOURCE USAGE, LIMIT          2.547 10000000000.000
 ITERATION COUNT, LIMIT         4    2147483647
 EVALUATION ERRORS              0             0
 
 
    C O N O P T   version 4.31
    Copyright (C) ARKI Consulting and Development A/S
                  Bagsvaerdvej 246 A
                  DK-2880 Bagsvaerd, Denmark
 
 
    The user model has 89773 constraints and 89773 variables
    with 453253 Jacobian elements, 268558 of which are nonlinear.
 
    The pre-triangular part of the model has 6480 constraints and variables.
    The post-triangular part of the model has 445 constraints and variables.
 
    Preprocessed model has 82848 constraints and 82848 variables
    with 407090 Jacobian elements, 236890 of which are nonlinear.
 
 ** Feasible solution to a square system.
 
 
 CONOPT time Total                            2.570 seconds
   of which: Function evaluations             0.307 = 11.9%
             1st Derivative evaluations       0.183 =  7.1%
 


**** REPORT SUMMARY :        0 INFEASIBLE
                             0  DEPENDENT
                             0     ERRORS
GAMS 45.7.0  64fbf3ce Jan 18, 2024          WEX-WEI x86 64bit/MS Windows - 04/30/26 12:52:03 Page 201
GUIDE_GLOBAL_CGE Model GTAP11c
Range Statistics    SOLVE CGE Using CNS From line 6940


RANGE STATISTICS (ABSOLUTE NON-ZERO FINITE VALUES)

RHS       [min, max] : [ 4.441E-15, 5.794E+04] - Zero values observed as well
Bound     [min, max] : [        NA,        NA]
Matrix    [min, max] : [ 1.037E-20, 7.315E+05] - Zero values observed as well

GAMS 45.7.0  64fbf3ce Jan 18, 2024          WEX-WEI x86 64bit/MS Windows - 04/30/26 12:52:03 Page 202
GUIDE_GLOBAL_CGE Model GTAP11c
Model Statistics    SOLVE CGE Using CNS From line 6940


LOOPS                                 TIME   2021


MODEL STATISTICS

BLOCKS OF EQUATIONS         146     SINGLE EQUATIONS       89,773
BLOCKS OF VARIABLES         146     SINGLE VARIABLES       89,773
NON ZERO ELEMENTS       453,253     NON LINEAR N-Z        268,558
CODE LENGTH             805,671     CONSTANT POOL          58,268
SINGLE =E|X= EQUS        89,773     SINGLE UNFIXED VARS    89,773


GENERATION TIME      =        1.500 SECONDS    847 MB  45.7.0 64fbf3ce WEX-WEI
               L O O P S               TIME 2021

GAMS 45.7.0  64fbf3ce Jan 18, 2024          WEX-WEI x86 64bit/MS Windows - 04/30/26 12:52:03 Page 203
GUIDE_GLOBAL_CGE Model GTAP11c
Solution Report     SOLVE CGE Using CNS From line 6940


               S O L V E      S U M M A R Y

     MODEL   CGE                 
     TYPE    CNS                 
     SOLVER  CONOPT4             FROM LINE  6940

**** SOLVER STATUS     1 Normal Completion
**** MODEL STATUS      16 Solved

 RESOURCE USAGE, LIMIT          4.172 10000000000.000
 ITERATION COUNT, LIMIT         7    2147483647
 EVALUATION ERRORS              0             0
 
 
    C O N O P T   version 4.31
    Copyright (C) ARKI Consulting and Development A/S
                  Bagsvaerdvej 246 A
                  DK-2880 Bagsvaerd, Denmark
 
 
    The user model has 89773 constraints and 89773 variables
    with 453253 Jacobian elements, 268558 of which are nonlinear.
 
    The pre-triangular part of the model has 6480 constraints and variables.
    The post-triangular part of the model has 445 constraints and variables.
 
    Preprocessed model has 82848 constraints and 82848 variables
    with 407090 Jacobian elements, 236890 of which are nonlinear.
 
 ** Feasible solution to a square system.
 
 
 CONOPT time Total                            4.200 seconds
   of which: Function evaluations             0.393 =  9.4%
             1st Derivative evaluations       0.187 =  4.5%
 


**** REPORT SUMMARY :        0 INFEASIBLE
                             0  DEPENDENT
                             0     ERRORS
GAMS 45.7.0  64fbf3ce Jan 18, 2024          WEX-WEI x86 64bit/MS Windows - 04/30/26 12:52:03 Page 204
GUIDE_GLOBAL_CGE Model GTAP11c
Range Statistics    SOLVE CGE Using CNS From line 6940


RANGE STATISTICS (ABSOLUTE NON-ZERO FINITE VALUES)

RHS       [min, max] : [ 4.441E-15, 6.024E+04] - Zero values observed as well
Bound     [min, max] : [        NA,        NA]
Matrix    [min, max] : [ 1.079E-20, 7.482E+05] - Zero values observed as well

GAMS 45.7.0  64fbf3ce Jan 18, 2024          WEX-WEI x86 64bit/MS Windows - 04/30/26 12:52:03 Page 205
GUIDE_GLOBAL_CGE Model GTAP11c
Model Statistics    SOLVE CGE Using CNS From line 6940


LOOPS                                 TIME   2022


MODEL STATISTICS

BLOCKS OF EQUATIONS         146     SINGLE EQUATIONS       89,773
BLOCKS OF VARIABLES         146     SINGLE VARIABLES       89,773
NON ZERO ELEMENTS       453,253     NON LINEAR N-Z        268,558
CODE LENGTH             805,671     CONSTANT POOL          58,269
SINGLE =E|X= EQUS        89,773     SINGLE UNFIXED VARS    89,773


GENERATION TIME      =        1.562 SECONDS    847 MB  45.7.0 64fbf3ce WEX-WEI
               L O O P S               TIME 2022

GAMS 45.7.0  64fbf3ce Jan 18, 2024          WEX-WEI x86 64bit/MS Windows - 04/30/26 12:52:03 Page 206
GUIDE_GLOBAL_CGE Model GTAP11c
Solution Report     SOLVE CGE Using CNS From line 6940


               S O L V E      S U M M A R Y

     MODEL   CGE                 
     TYPE    CNS                 
     SOLVER  CONOPT4             FROM LINE  6940

**** SOLVER STATUS     1 Normal Completion
**** MODEL STATUS      16 Solved

 RESOURCE USAGE, LIMIT          1.609 10000000000.000
 ITERATION COUNT, LIMIT         2    2147483647
 EVALUATION ERRORS              0             0
 
 
    C O N O P T   version 4.31
    Copyright (C) ARKI Consulting and Development A/S
                  Bagsvaerdvej 246 A
                  DK-2880 Bagsvaerd, Denmark
 
 
    The user model has 89773 constraints and 89773 variables
    with 453253 Jacobian elements, 268558 of which are nonlinear.
 
    The pre-triangular part of the model has 6480 constraints and variables.
    The post-triangular part of the model has 445 constraints and variables.
 
    Preprocessed model has 82848 constraints and 82848 variables
    with 407090 Jacobian elements, 236890 of which are nonlinear.
 
 ** Feasible solution to a square system.
 
 
 CONOPT time Total                            1.640 seconds
   of which: Function evaluations             0.308 = 18.8%
             1st Derivative evaluations       0.099 =  6.0%
 


**** REPORT SUMMARY :        0 INFEASIBLE
                             0  DEPENDENT
                             0     ERRORS
GAMS 45.7.0  64fbf3ce Jan 18, 2024          WEX-WEI x86 64bit/MS Windows - 04/30/26 12:52:03 Page 207
GUIDE_GLOBAL_CGE Model GTAP11c
Range Statistics    SOLVE CGE Using CNS From line 6940


RANGE STATISTICS (ABSOLUTE NON-ZERO FINITE VALUES)

RHS       [min, max] : [ 4.441E-15, 6.245E+04] - Zero values observed as well
Bound     [min, max] : [        NA,        NA]
Matrix    [min, max] : [ 1.032E-20, 1.190E+06] - Zero values observed as well

GAMS 45.7.0  64fbf3ce Jan 18, 2024          WEX-WEI x86 64bit/MS Windows - 04/30/26 12:52:03 Page 208
GUIDE_GLOBAL_CGE Model GTAP11c
Model Statistics    SOLVE CGE Using CNS From line 6940


LOOPS                                 TIME   2023


MODEL STATISTICS

BLOCKS OF EQUATIONS         146     SINGLE EQUATIONS       89,773
BLOCKS OF VARIABLES         146     SINGLE VARIABLES       89,773
NON ZERO ELEMENTS       453,253     NON LINEAR N-Z        268,558
CODE LENGTH             805,671     CONSTANT POOL          58,270
SINGLE =E|X= EQUS        89,773     SINGLE UNFIXED VARS    89,773


GENERATION TIME      =        1.625 SECONDS    847 MB  45.7.0 64fbf3ce WEX-WEI
               L O O P S               TIME 2023

GAMS 45.7.0  64fbf3ce Jan 18, 2024          WEX-WEI x86 64bit/MS Windows - 04/30/26 12:52:03 Page 209
GUIDE_GLOBAL_CGE Model GTAP11c
Solution Report     SOLVE CGE Using CNS From line 6940


               S O L V E      S U M M A R Y

     MODEL   CGE                 
     TYPE    CNS                 
     SOLVER  CONOPT4             FROM LINE  6940

**** SOLVER STATUS     1 Normal Completion
**** MODEL STATUS      16 Solved

 RESOURCE USAGE, LIMIT          1.531 10000000000.000
 ITERATION COUNT, LIMIT         2    2147483647
 EVALUATION ERRORS              0             0
 
 
    C O N O P T   version 4.31
    Copyright (C) ARKI Consulting and Development A/S
                  Bagsvaerdvej 246 A
                  DK-2880 Bagsvaerd, Denmark
 
 
    The user model has 89773 constraints and 89773 variables
    with 453253 Jacobian elements, 268558 of which are nonlinear.
 
    The pre-triangular part of the model has 6480 constraints and variables.
    The post-triangular part of the model has 445 constraints and variables.
 
    Preprocessed model has 82848 constraints and 82848 variables
    with 407090 Jacobian elements, 236890 of which are nonlinear.
 
 ** Feasible solution to a square system.
 
 
 CONOPT time Total                            1.564 seconds
   of which: Function evaluations             0.248 = 15.9%
             1st Derivative evaluations       0.142 =  9.1%
 


**** REPORT SUMMARY :        0 INFEASIBLE
                             0  DEPENDENT
                             0     ERRORS
GAMS 45.7.0  64fbf3ce Jan 18, 2024          WEX-WEI x86 64bit/MS Windows - 04/30/26 12:52:03 Page 210
GUIDE_GLOBAL_CGE Model GTAP11c
Range Statistics    SOLVE CGE Using CNS From line 6940


RANGE STATISTICS (ABSOLUTE NON-ZERO FINITE VALUES)

RHS       [min, max] : [ 4.441E-15, 6.459E+04] - Zero values observed as well
Bound     [min, max] : [        NA,        NA]
Matrix    [min, max] : [ 1.114E-20, 4.965E+06] - Zero values observed as well

GAMS 45.7.0  64fbf3ce Jan 18, 2024          WEX-WEI x86 64bit/MS Windows - 04/30/26 12:52:03 Page 211
GUIDE_GLOBAL_CGE Model GTAP11c
Model Statistics    SOLVE CGE Using CNS From line 6940


LOOPS                                 TIME   2024


MODEL STATISTICS

BLOCKS OF EQUATIONS         146     SINGLE EQUATIONS       89,773
BLOCKS OF VARIABLES         146     SINGLE VARIABLES       89,773
NON ZERO ELEMENTS       453,253     NON LINEAR N-Z        268,558
CODE LENGTH             805,671     CONSTANT POOL          58,270
SINGLE =E|X= EQUS        89,773     SINGLE UNFIXED VARS    89,773


GENERATION TIME      =        1.703 SECONDS    847 MB  45.7.0 64fbf3ce WEX-WEI
               L O O P S               TIME 2024

GAMS 45.7.0  64fbf3ce Jan 18, 2024          WEX-WEI x86 64bit/MS Windows - 04/30/26 12:52:03 Page 212
GUIDE_GLOBAL_CGE Model GTAP11c
Solution Report     SOLVE CGE Using CNS From line 6940


               S O L V E      S U M M A R Y

     MODEL   CGE                 
     TYPE    CNS                 
     SOLVER  CONOPT4             FROM LINE  6940

**** SOLVER STATUS     1 Normal Completion
**** MODEL STATUS      16 Solved

 RESOURCE USAGE, LIMIT          1.562 10000000000.000
 ITERATION COUNT, LIMIT         2    2147483647
 EVALUATION ERRORS              0             0
 
 
    C O N O P T   version 4.31
    Copyright (C) ARKI Consulting and Development A/S
                  Bagsvaerdvej 246 A
                  DK-2880 Bagsvaerd, Denmark
 
 
    The user model has 89773 constraints and 89773 variables
    with 453253 Jacobian elements, 268558 of which are nonlinear.
 
    The pre-triangular part of the model has 6480 constraints and variables.
    The post-triangular part of the model has 445 constraints and variables.
 
    Preprocessed model has 82848 constraints and 82848 variables
    with 407090 Jacobian elements, 236890 of which are nonlinear.
 
 ** Feasible solution to a square system.
 
 
 CONOPT time Total                            1.599 seconds
   of which: Function evaluations             0.233 = 14.6%
             1st Derivative evaluations       0.112 =  7.0%
 


**** REPORT SUMMARY :        0 INFEASIBLE
                             0  DEPENDENT
                             0     ERRORS
GAMS 45.7.0  64fbf3ce Jan 18, 2024          WEX-WEI x86 64bit/MS Windows - 04/30/26 12:52:03 Page 213
GUIDE_GLOBAL_CGE Model GTAP11c
Range Statistics    SOLVE CGE Using CNS From line 6940


RANGE STATISTICS (ABSOLUTE NON-ZERO FINITE VALUES)

RHS       [min, max] : [ 4.441E-15, 6.749E+04] - Zero values observed as well
Bound     [min, max] : [        NA,        NA]
Matrix    [min, max] : [ 1.187E-20, 1.625E+07] - Zero values observed as well

GAMS 45.7.0  64fbf3ce Jan 18, 2024          WEX-WEI x86 64bit/MS Windows - 04/30/26 12:52:03 Page 214
GUIDE_GLOBAL_CGE Model GTAP11c
Model Statistics    SOLVE CGE Using CNS From line 6940


LOOPS                                 TIME   2025


MODEL STATISTICS

BLOCKS OF EQUATIONS         146     SINGLE EQUATIONS       89,773
BLOCKS OF VARIABLES         146     SINGLE VARIABLES       89,773
NON ZERO ELEMENTS       453,151     NON LINEAR N-Z        268,558
CODE LENGTH             805,671     CONSTANT POOL          58,270
SINGLE =E|X= EQUS        89,773     SINGLE UNFIXED VARS    89,773


GENERATION TIME      =        1.765 SECONDS    848 MB  45.7.0 64fbf3ce WEX-WEI
               L O O P S               TIME 2025

GAMS 45.7.0  64fbf3ce Jan 18, 2024          WEX-WEI x86 64bit/MS Windows - 04/30/26 12:52:03 Page 215
GUIDE_GLOBAL_CGE Model GTAP11c
Solution Report     SOLVE CGE Using CNS From line 6940


               S O L V E      S U M M A R Y

     MODEL   CGE                 
     TYPE    CNS                 
     SOLVER  CONOPT4             FROM LINE  6940

**** SOLVER STATUS     1 Normal Completion
**** MODEL STATUS      16 Solved

 RESOURCE USAGE, LIMIT          1.516 10000000000.000
 ITERATION COUNT, LIMIT         2    2147483647
 EVALUATION ERRORS              0             0
 
 
    C O N O P T   version 4.31
    Copyright (C) ARKI Consulting and Development A/S
                  Bagsvaerdvej 246 A
                  DK-2880 Bagsvaerd, Denmark
 
 
    The user model has 89773 constraints and 89773 variables
    with 453151 Jacobian elements, 268558 of which are nonlinear.
 
    The pre-triangular part of the model has 6582 constraints and variables.
    The post-triangular part of the model has 445 constraints and variables.
 
    Preprocessed model has 82746 constraints and 82746 variables
    with 406682 Jacobian elements, 236788 of which are nonlinear.
 
 ** Feasible solution to a square system.
 
 
 CONOPT time Total                            1.555 seconds
   of which: Function evaluations             0.285 = 18.3%
             1st Derivative evaluations       0.086 =  5.5%
 


**** REPORT SUMMARY :        0 INFEASIBLE
                             0  DEPENDENT
                             0     ERRORS
GAMS 45.7.0  64fbf3ce Jan 18, 2024          WEX-WEI x86 64bit/MS Windows - 04/30/26 12:52:03 Page 216
GUIDE_GLOBAL_CGE Model GTAP11c
Range Statistics    SOLVE CGE Using CNS From line 6940


RANGE STATISTICS (ABSOLUTE NON-ZERO FINITE VALUES)

RHS       [min, max] : [ 4.441E-15, 7.223E+04] - Zero values observed as well
Bound     [min, max] : [        NA,        NA]
Matrix    [min, max] : [ 1.190E-20, 4.337E+07] - Zero values observed as well

GAMS 45.7.0  64fbf3ce Jan 18, 2024          WEX-WEI x86 64bit/MS Windows - 04/30/26 12:52:03 Page 217
GUIDE_GLOBAL_CGE Model GTAP11c
Model Statistics    SOLVE CGE Using CNS From line 6940


LOOPS                                 TIME   2026


MODEL STATISTICS

BLOCKS OF EQUATIONS         146     SINGLE EQUATIONS       89,773
BLOCKS OF VARIABLES         146     SINGLE VARIABLES       89,773
NON ZERO ELEMENTS       453,151     NON LINEAR N-Z        268,558
CODE LENGTH             805,671     CONSTANT POOL          58,270
SINGLE =E|X= EQUS        89,773     SINGLE UNFIXED VARS    89,773


GENERATION TIME      =        1.797 SECONDS    848 MB  45.7.0 64fbf3ce WEX-WEI
               L O O P S               TIME 2026

GAMS 45.7.0  64fbf3ce Jan 18, 2024          WEX-WEI x86 64bit/MS Windows - 04/30/26 12:52:03 Page 218
GUIDE_GLOBAL_CGE Model GTAP11c
Solution Report     SOLVE CGE Using CNS From line 6940


               S O L V E      S U M M A R Y

     MODEL   CGE                 
     TYPE    CNS                 
     SOLVER  CONOPT4             FROM LINE  6940

**** SOLVER STATUS     1 Normal Completion
**** MODEL STATUS      16 Solved

 RESOURCE USAGE, LIMIT          1.531 10000000000.000
 ITERATION COUNT, LIMIT         2    2147483647
 EVALUATION ERRORS              0             0
 
 
    C O N O P T   version 4.31
    Copyright (C) ARKI Consulting and Development A/S
                  Bagsvaerdvej 246 A
                  DK-2880 Bagsvaerd, Denmark
 
 
    The user model has 89773 constraints and 89773 variables
    with 453151 Jacobian elements, 268558 of which are nonlinear.
 
    The pre-triangular part of the model has 6582 constraints and variables.
    The post-triangular part of the model has 445 constraints and variables.
 
    Preprocessed model has 82746 constraints and 82746 variables
    with 406682 Jacobian elements, 236788 of which are nonlinear.
 
 ** Feasible solution to a square system.
 
 
 CONOPT time Total                            1.560 seconds
   of which: Function evaluations             0.314 = 20.1%
             1st Derivative evaluations       0.095 =  6.1%
 


**** REPORT SUMMARY :        0 INFEASIBLE
                             0  DEPENDENT
                             0     ERRORS
GAMS 45.7.0  64fbf3ce Jan 18, 2024          WEX-WEI x86 64bit/MS Windows - 04/30/26 12:52:03 Page 219
GUIDE_GLOBAL_CGE Model GTAP11c
Range Statistics    SOLVE CGE Using CNS From line 6940


RANGE STATISTICS (ABSOLUTE NON-ZERO FINITE VALUES)

RHS       [min, max] : [ 4.441E-15, 7.713E+04] - Zero values observed as well
Bound     [min, max] : [        NA,        NA]
Matrix    [min, max] : [ 1.195E-20, 1.134E+08] - Zero values observed as well

GAMS 45.7.0  64fbf3ce Jan 18, 2024          WEX-WEI x86 64bit/MS Windows - 04/30/26 12:52:03 Page 220
GUIDE_GLOBAL_CGE Model GTAP11c
Model Statistics    SOLVE CGE Using CNS From line 6940


LOOPS                                 TIME   2027


MODEL STATISTICS

BLOCKS OF EQUATIONS         146     SINGLE EQUATIONS       89,773
BLOCKS OF VARIABLES         146     SINGLE VARIABLES       89,773
NON ZERO ELEMENTS       453,151     NON LINEAR N-Z        268,558
CODE LENGTH             805,671     CONSTANT POOL          58,270
SINGLE =E|X= EQUS        89,773     SINGLE UNFIXED VARS    89,773


GENERATION TIME      =        1.891 SECONDS    848 MB  45.7.0 64fbf3ce WEX-WEI
               L O O P S               TIME 2027

GAMS 45.7.0  64fbf3ce Jan 18, 2024          WEX-WEI x86 64bit/MS Windows - 04/30/26 12:52:03 Page 221
GUIDE_GLOBAL_CGE Model GTAP11c
Solution Report     SOLVE CGE Using CNS From line 6940


               S O L V E      S U M M A R Y

     MODEL   CGE                 
     TYPE    CNS                 
     SOLVER  CONOPT4             FROM LINE  6940

**** SOLVER STATUS     1 Normal Completion
**** MODEL STATUS      16 Solved

 RESOURCE USAGE, LIMIT          1.922 10000000000.000
 ITERATION COUNT, LIMIT         1    2147483647
 EVALUATION ERRORS              0             0
 
 
    C O N O P T   version 4.31
    Copyright (C) ARKI Consulting and Development A/S
                  Bagsvaerdvej 246 A
                  DK-2880 Bagsvaerd, Denmark
 
 
    The user model has 89773 constraints and 89773 variables
    with 453151 Jacobian elements, 268558 of which are nonlinear.
 
    The pre-triangular part of the model has 6582 constraints and variables.
    The post-triangular part of the model has 445 constraints and variables.
 
    Preprocessed model has 82746 constraints and 82746 variables
    with 406682 Jacobian elements, 236788 of which are nonlinear.
 
 ** Feasible solution to a square system.
 
 
 CONOPT time Total                            1.955 seconds
   of which: Function evaluations             0.855 = 43.7%
             1st Derivative evaluations       0.082 =  4.2%
 


**** REPORT SUMMARY :        0 INFEASIBLE
                             0  DEPENDENT
                             0     ERRORS
GAMS 45.7.0  64fbf3ce Jan 18, 2024          WEX-WEI x86 64bit/MS Windows - 04/30/26 12:52:03 Page 222
GUIDE_GLOBAL_CGE Model GTAP11c
Range Statistics    SOLVE CGE Using CNS From line 6940


RANGE STATISTICS (ABSOLUTE NON-ZERO FINITE VALUES)

RHS       [min, max] : [ 4.441E-15, 8.216E+04] - Zero values observed as well
Bound     [min, max] : [        NA,        NA]
Matrix    [min, max] : [ 1.206E-20, 2.135E+08] - Zero values observed as well

GAMS 45.7.0  64fbf3ce Jan 18, 2024          WEX-WEI x86 64bit/MS Windows - 04/30/26 12:52:03 Page 223
GUIDE_GLOBAL_CGE Model GTAP11c
Model Statistics    SOLVE CGE Using CNS From line 6940


LOOPS                                 TIME   2028


MODEL STATISTICS

BLOCKS OF EQUATIONS         146     SINGLE EQUATIONS       89,773
BLOCKS OF VARIABLES         146     SINGLE VARIABLES       89,773
NON ZERO ELEMENTS       453,151     NON LINEAR N-Z        268,558
CODE LENGTH             805,671     CONSTANT POOL          58,270
SINGLE =E|X= EQUS        89,773     SINGLE UNFIXED VARS    89,773


GENERATION TIME      =        2.000 SECONDS    848 MB  45.7.0 64fbf3ce WEX-WEI
               L O O P S               TIME 2028

GAMS 45.7.0  64fbf3ce Jan 18, 2024          WEX-WEI x86 64bit/MS Windows - 04/30/26 12:52:03 Page 224
GUIDE_GLOBAL_CGE Model GTAP11c
Solution Report     SOLVE CGE Using CNS From line 6940


               S O L V E      S U M M A R Y

     MODEL   CGE                 
     TYPE    CNS                 
     SOLVER  CONOPT4             FROM LINE  6940

**** SOLVER STATUS     1 Normal Completion
**** MODEL STATUS      16 Solved

 RESOURCE USAGE, LIMIT          1.641 10000000000.000
 ITERATION COUNT, LIMIT         2    2147483647
 EVALUATION ERRORS              0             0
 
 
    C O N O P T   version 4.31
    Copyright (C) ARKI Consulting and Development A/S
                  Bagsvaerdvej 246 A
                  DK-2880 Bagsvaerd, Denmark
 
 
    The user model has 89773 constraints and 89773 variables
    with 453151 Jacobian elements, 268558 of which are nonlinear.
 
    The pre-triangular part of the model has 6582 constraints and variables.
    The post-triangular part of the model has 445 constraints and variables.
 
    Preprocessed model has 82746 constraints and 82746 variables
    with 406682 Jacobian elements, 236788 of which are nonlinear.
 
 ** Feasible solution to a square system.
 
 
 CONOPT time Total                            1.672 seconds
   of which: Function evaluations             0.346 = 20.7%
             1st Derivative evaluations       0.109 =  6.5%
 


**** REPORT SUMMARY :        0 INFEASIBLE
                             0  DEPENDENT
                             0     ERRORS
GAMS 45.7.0  64fbf3ce Jan 18, 2024          WEX-WEI x86 64bit/MS Windows - 04/30/26 12:52:03 Page 225
GUIDE_GLOBAL_CGE Model GTAP11c
Range Statistics    SOLVE CGE Using CNS From line 6940


RANGE STATISTICS (ABSOLUTE NON-ZERO FINITE VALUES)

RHS       [min, max] : [ 4.441E-15, 8.733E+04] - Zero values observed as well
Bound     [min, max] : [        NA,        NA]
Matrix    [min, max] : [ 1.221E-20, 3.464E+08] - Zero values observed as well

GAMS 45.7.0  64fbf3ce Jan 18, 2024          WEX-WEI x86 64bit/MS Windows - 04/30/26 12:52:03 Page 226
GUIDE_GLOBAL_CGE Model GTAP11c
Model Statistics    SOLVE CGE Using CNS From line 6940


LOOPS                                 TIME   2029


MODEL STATISTICS

BLOCKS OF EQUATIONS         146     SINGLE EQUATIONS       89,773
BLOCKS OF VARIABLES         146     SINGLE VARIABLES       89,773
NON ZERO ELEMENTS       453,151     NON LINEAR N-Z        268,558
CODE LENGTH             805,671     CONSTANT POOL          58,270
SINGLE =E|X= EQUS        89,773     SINGLE UNFIXED VARS    89,773


GENERATION TIME      =        2.031 SECONDS    849 MB  45.7.0 64fbf3ce WEX-WEI
               L O O P S               TIME 2029

GAMS 45.7.0  64fbf3ce Jan 18, 2024          WEX-WEI x86 64bit/MS Windows - 04/30/26 12:52:03 Page 227
GUIDE_GLOBAL_CGE Model GTAP11c
Solution Report     SOLVE CGE Using CNS From line 6940


               S O L V E      S U M M A R Y

     MODEL   CGE                 
     TYPE    CNS                 
     SOLVER  CONOPT4             FROM LINE  6940

**** SOLVER STATUS     1 Normal Completion
**** MODEL STATUS      16 Solved

 RESOURCE USAGE, LIMIT          1.797 10000000000.000
 ITERATION COUNT, LIMIT         2    2147483647
 EVALUATION ERRORS              0             0
 
 
    C O N O P T   version 4.31
    Copyright (C) ARKI Consulting and Development A/S
                  Bagsvaerdvej 246 A
                  DK-2880 Bagsvaerd, Denmark
 
 
    The user model has 89773 constraints and 89773 variables
    with 453151 Jacobian elements, 268558 of which are nonlinear.
 
    The pre-triangular part of the model has 6582 constraints and variables.
    The post-triangular part of the model has 445 constraints and variables.
 
    Preprocessed model has 82746 constraints and 82746 variables
    with 406682 Jacobian elements, 236788 of which are nonlinear.
 
 ** Feasible solution to a square system.
 
 
 CONOPT time Total                            1.838 seconds
   of which: Function evaluations             0.398 = 21.7%
             1st Derivative evaluations       0.109 =  5.9%
 


**** REPORT SUMMARY :        0 INFEASIBLE
                             0  DEPENDENT
                             0     ERRORS
GAMS 45.7.0  64fbf3ce Jan 18, 2024          WEX-WEI x86 64bit/MS Windows - 04/30/26 12:52:03 Page 228
GUIDE_GLOBAL_CGE Model GTAP11c
Range Statistics    SOLVE CGE Using CNS From line 6940


RANGE STATISTICS (ABSOLUTE NON-ZERO FINITE VALUES)

RHS       [min, max] : [ 4.441E-15, 9.263E+04] - Zero values observed as well
Bound     [min, max] : [        NA,        NA]
Matrix    [min, max] : [ 1.240E-20, 4.925E+08] - Zero values observed as well

GAMS 45.7.0  64fbf3ce Jan 18, 2024          WEX-WEI x86 64bit/MS Windows - 04/30/26 12:52:03 Page 229
GUIDE_GLOBAL_CGE Model GTAP11c
Model Statistics    SOLVE CGE Using CNS From line 6940


LOOPS                                 TIME   2030


MODEL STATISTICS

BLOCKS OF EQUATIONS         146     SINGLE EQUATIONS       89,773
BLOCKS OF VARIABLES         146     SINGLE VARIABLES       89,773
NON ZERO ELEMENTS       453,151     NON LINEAR N-Z        268,558
CODE LENGTH             805,671     CONSTANT POOL          58,270
SINGLE =E|X= EQUS        89,773     SINGLE UNFIXED VARS    89,773


GENERATION TIME      =        2.078 SECONDS    849 MB  45.7.0 64fbf3ce WEX-WEI
               L O O P S               TIME 2030

GAMS 45.7.0  64fbf3ce Jan 18, 2024          WEX-WEI x86 64bit/MS Windows - 04/30/26 12:52:03 Page 230
GUIDE_GLOBAL_CGE Model GTAP11c
Solution Report     SOLVE CGE Using CNS From line 6940


               S O L V E      S U M M A R Y

     MODEL   CGE                 
     TYPE    CNS                 
     SOLVER  CONOPT4             FROM LINE  6940

**** SOLVER STATUS     1 Normal Completion
**** MODEL STATUS      16 Solved

 RESOURCE USAGE, LIMIT          1.484 10000000000.000
 ITERATION COUNT, LIMIT         2    2147483647
 EVALUATION ERRORS              0             0
 
 
    C O N O P T   version 4.31
    Copyright (C) ARKI Consulting and Development A/S
                  Bagsvaerdvej 246 A
                  DK-2880 Bagsvaerd, Denmark
 
 
    The user model has 89773 constraints and 89773 variables
    with 453151 Jacobian elements, 268558 of which are nonlinear.
 
    The pre-triangular part of the model has 6582 constraints and variables.
    The post-triangular part of the model has 445 constraints and variables.
 
    Preprocessed model has 82746 constraints and 82746 variables
    with 406682 Jacobian elements, 236788 of which are nonlinear.
 
 ** Feasible solution to a square system.
 
 
 CONOPT time Total                            1.516 seconds
   of which: Function evaluations             0.279 = 18.4%
             1st Derivative evaluations       0.119 =  7.8%
 


**** REPORT SUMMARY :        0 INFEASIBLE
                             0  DEPENDENT
                             0     ERRORS
GAMS 45.7.0  64fbf3ce Jan 18, 2024          WEX-WEI x86 64bit/MS Windows - 04/30/26 12:52:03 Page 231
GUIDE_GLOBAL_CGE Model GTAP11c
Range Statistics    SOLVE CGE Using CNS From line 6940


RANGE STATISTICS (ABSOLUTE NON-ZERO FINITE VALUES)

RHS       [min, max] : [ 4.441E-15, 9.805E+04] - Zero values observed as well
Bound     [min, max] : [        NA,        NA]
Matrix    [min, max] : [ 1.265E-20, 6.271E+08] - Zero values observed as well

GAMS 45.7.0  64fbf3ce Jan 18, 2024          WEX-WEI x86 64bit/MS Windows - 04/30/26 12:52:03 Page 232
GUIDE_GLOBAL_CGE Model GTAP11c
Model Statistics    SOLVE CGE Using CNS From line 6940


LOOPS                                 TIME   2031


MODEL STATISTICS

BLOCKS OF EQUATIONS         146     SINGLE EQUATIONS       89,773
BLOCKS OF VARIABLES         146     SINGLE VARIABLES       89,773
NON ZERO ELEMENTS       453,151     NON LINEAR N-Z        268,558
CODE LENGTH             805,671     CONSTANT POOL          58,270
SINGLE =E|X= EQUS        89,773     SINGLE UNFIXED VARS    89,773


GENERATION TIME      =        2.140 SECONDS    849 MB  45.7.0 64fbf3ce WEX-WEI
               L O O P S               TIME 2031

GAMS 45.7.0  64fbf3ce Jan 18, 2024          WEX-WEI x86 64bit/MS Windows - 04/30/26 12:52:03 Page 233
GUIDE_GLOBAL_CGE Model GTAP11c
Solution Report     SOLVE CGE Using CNS From line 6940


               S O L V E      S U M M A R Y

     MODEL   CGE                 
     TYPE    CNS                 
     SOLVER  CONOPT4             FROM LINE  6940

**** SOLVER STATUS     1 Normal Completion
**** MODEL STATUS      16 Solved

 RESOURCE USAGE, LIMIT          2.063 10000000000.000
 ITERATION COUNT, LIMIT         3    2147483647
 EVALUATION ERRORS              0             0
 
 
    C O N O P T   version 4.31
    Copyright (C) ARKI Consulting and Development A/S
                  Bagsvaerdvej 246 A
                  DK-2880 Bagsvaerd, Denmark
 
 
    The user model has 89773 constraints and 89773 variables
    with 453151 Jacobian elements, 268558 of which are nonlinear.
 
    The pre-triangular part of the model has 6582 constraints and variables.
    The post-triangular part of the model has 445 constraints and variables.
 
    Preprocessed model has 82746 constraints and 82746 variables
    with 406682 Jacobian elements, 236788 of which are nonlinear.
 
 ** Feasible solution to a square system.
 
 
 CONOPT time Total                            2.112 seconds
   of which: Function evaluations             0.352 = 16.7%
             1st Derivative evaluations       0.140 =  6.6%
 


**** REPORT SUMMARY :        0 INFEASIBLE
                             0  DEPENDENT
                             0     ERRORS
GAMS 45.7.0  64fbf3ce Jan 18, 2024          WEX-WEI x86 64bit/MS Windows - 04/30/26 12:52:03 Page 234
GUIDE_GLOBAL_CGE Model GTAP11c
Range Statistics    SOLVE CGE Using CNS From line 6940


RANGE STATISTICS (ABSOLUTE NON-ZERO FINITE VALUES)

RHS       [min, max] : [ 4.441E-15, 1.036E+05] - Zero values observed as well
Bound     [min, max] : [        NA,        NA]
Matrix    [min, max] : [ 1.261E-20, 5.430E+09] - Zero values observed as well

GAMS 45.7.0  64fbf3ce Jan 18, 2024          WEX-WEI x86 64bit/MS Windows - 04/30/26 12:52:03 Page 235
GUIDE_GLOBAL_CGE Model GTAP11c
Model Statistics    SOLVE CGE Using CNS From line 6940


LOOPS                                 TIME   2032


MODEL STATISTICS

BLOCKS OF EQUATIONS         146     SINGLE EQUATIONS       89,773
BLOCKS OF VARIABLES         146     SINGLE VARIABLES       89,773
NON ZERO ELEMENTS       453,151     NON LINEAR N-Z        268,558
CODE LENGTH             805,671     CONSTANT POOL          58,270
SINGLE =E|X= EQUS        89,773     SINGLE UNFIXED VARS    89,773


GENERATION TIME      =        2.218 SECONDS    849 MB  45.7.0 64fbf3ce WEX-WEI
               L O O P S               TIME 2032

GAMS 45.7.0  64fbf3ce Jan 18, 2024          WEX-WEI x86 64bit/MS Windows - 04/30/26 12:52:03 Page 236
GUIDE_GLOBAL_CGE Model GTAP11c
Solution Report     SOLVE CGE Using CNS From line 6940


               S O L V E      S U M M A R Y

     MODEL   CGE                 
     TYPE    CNS                 
     SOLVER  CONOPT4             FROM LINE  6940

**** SOLVER STATUS     1 Normal Completion
**** MODEL STATUS      16 Solved

 RESOURCE USAGE, LIMIT          1.640 10000000000.000
 ITERATION COUNT, LIMIT         2    2147483647
 EVALUATION ERRORS              0             0
 
 
    C O N O P T   version 4.31
    Copyright (C) ARKI Consulting and Development A/S
                  Bagsvaerdvej 246 A
                  DK-2880 Bagsvaerd, Denmark
 
 
    The user model has 89773 constraints and 89773 variables
    with 453151 Jacobian elements, 268558 of which are nonlinear.
 
    The pre-triangular part of the model has 6582 constraints and variables.
    The post-triangular part of the model has 445 constraints and variables.
 
    Preprocessed model has 82746 constraints and 82746 variables
    with 406682 Jacobian elements, 236788 of which are nonlinear.
 
 ** Feasible solution to a square system.
 
 
 CONOPT time Total                            1.690 seconds
   of which: Function evaluations             0.320 = 18.9%
             1st Derivative evaluations       0.132 =  7.8%
 


**** REPORT SUMMARY :        0 INFEASIBLE
                             0  DEPENDENT
                             0     ERRORS
GAMS 45.7.0  64fbf3ce Jan 18, 2024          WEX-WEI x86 64bit/MS Windows - 04/30/26 12:52:03 Page 237
GUIDE_GLOBAL_CGE Model GTAP11c
Range Statistics    SOLVE CGE Using CNS From line 6940


RANGE STATISTICS (ABSOLUTE NON-ZERO FINITE VALUES)

RHS       [min, max] : [ 4.441E-15, 1.092E+05] - Zero values observed as well
Bound     [min, max] : [        NA,        NA]
Matrix    [min, max] : [ 1.273E-20, 1.958E+10] - Zero values observed as well

GAMS 45.7.0  64fbf3ce Jan 18, 2024          WEX-WEI x86 64bit/MS Windows - 04/30/26 12:52:03 Page 238
GUIDE_GLOBAL_CGE Model GTAP11c
Model Statistics    SOLVE CGE Using CNS From line 6940


LOOPS                                 TIME   2033


MODEL STATISTICS

BLOCKS OF EQUATIONS         146     SINGLE EQUATIONS       89,773
BLOCKS OF VARIABLES         146     SINGLE VARIABLES       89,773
NON ZERO ELEMENTS       453,151     NON LINEAR N-Z        268,558
CODE LENGTH             805,671     CONSTANT POOL          58,270
SINGLE =E|X= EQUS        89,773     SINGLE UNFIXED VARS    89,773


GENERATION TIME      =        2.281 SECONDS    850 MB  45.7.0 64fbf3ce WEX-WEI
               L O O P S               TIME 2033

GAMS 45.7.0  64fbf3ce Jan 18, 2024          WEX-WEI x86 64bit/MS Windows - 04/30/26 12:52:03 Page 239
GUIDE_GLOBAL_CGE Model GTAP11c
Solution Report     SOLVE CGE Using CNS From line 6940


               S O L V E      S U M M A R Y

     MODEL   CGE                 
     TYPE    CNS                 
     SOLVER  CONOPT4             FROM LINE  6940

**** SOLVER STATUS     1 Normal Completion
**** MODEL STATUS      16 Solved

 RESOURCE USAGE, LIMIT          1.703 10000000000.000
 ITERATION COUNT, LIMIT         2    2147483647
 EVALUATION ERRORS              0             0
 
 
    C O N O P T   version 4.31
    Copyright (C) ARKI Consulting and Development A/S
                  Bagsvaerdvej 246 A
                  DK-2880 Bagsvaerd, Denmark
 
 
    The user model has 89773 constraints and 89773 variables
    with 453151 Jacobian elements, 268558 of which are nonlinear.
 
    The pre-triangular part of the model has 6582 constraints and variables.
    The post-triangular part of the model has 445 constraints and variables.
 
    Preprocessed model has 82746 constraints and 82746 variables
    with 406682 Jacobian elements, 236788 of which are nonlinear.
 
 ** Feasible solution to a square system.
 
 
 CONOPT time Total                            1.723 seconds
   of which: Function evaluations             0.289 = 16.8%
             1st Derivative evaluations       0.125 =  7.3%
 


**** REPORT SUMMARY :        0 INFEASIBLE
                             0  DEPENDENT
                             0     ERRORS
GAMS 45.7.0  64fbf3ce Jan 18, 2024          WEX-WEI x86 64bit/MS Windows - 04/30/26 12:52:03 Page 240
GUIDE_GLOBAL_CGE Model GTAP11c
Range Statistics    SOLVE CGE Using CNS From line 6940


RANGE STATISTICS (ABSOLUTE NON-ZERO FINITE VALUES)

RHS       [min, max] : [ 4.441E-15, 1.148E+05] - Zero values observed as well
Bound     [min, max] : [        NA,        NA]
Matrix    [min, max] : [ 1.293E-20, 5.337E+10] - Zero values observed as well

GAMS 45.7.0  64fbf3ce Jan 18, 2024          WEX-WEI x86 64bit/MS Windows - 04/30/26 12:52:03 Page 241
GUIDE_GLOBAL_CGE Model GTAP11c
Model Statistics    SOLVE CGE Using CNS From line 6940


LOOPS                                 TIME   2034


MODEL STATISTICS

BLOCKS OF EQUATIONS         146     SINGLE EQUATIONS       89,773
BLOCKS OF VARIABLES         146     SINGLE VARIABLES       89,773
NON ZERO ELEMENTS       453,151     NON LINEAR N-Z        268,558
CODE LENGTH             805,671     CONSTANT POOL          58,270
SINGLE =E|X= EQUS        89,773     SINGLE UNFIXED VARS    89,773


GENERATION TIME      =        2.312 SECONDS    850 MB  45.7.0 64fbf3ce WEX-WEI
               L O O P S               TIME 2034

GAMS 45.7.0  64fbf3ce Jan 18, 2024          WEX-WEI x86 64bit/MS Windows - 04/30/26 12:52:03 Page 242
GUIDE_GLOBAL_CGE Model GTAP11c
Solution Report     SOLVE CGE Using CNS From line 6940


               S O L V E      S U M M A R Y

     MODEL   CGE                 
     TYPE    CNS                 
     SOLVER  CONOPT4             FROM LINE  6940

**** SOLVER STATUS     1 Normal Completion
**** MODEL STATUS      16 Solved

 RESOURCE USAGE, LIMIT          1.719 10000000000.000
 ITERATION COUNT, LIMIT         2    2147483647
 EVALUATION ERRORS              0             0
 
 
    C O N O P T   version 4.31
    Copyright (C) ARKI Consulting and Development A/S
                  Bagsvaerdvej 246 A
                  DK-2880 Bagsvaerd, Denmark
 
 
    The user model has 89773 constraints and 89773 variables
    with 453151 Jacobian elements, 268558 of which are nonlinear.
 
    The pre-triangular part of the model has 6582 constraints and variables.
    The post-triangular part of the model has 445 constraints and variables.
 
    Preprocessed model has 82746 constraints and 82746 variables
    with 406682 Jacobian elements, 236788 of which are nonlinear.
 
 ** Feasible solution to a square system.
 
 
 CONOPT time Total                            1.760 seconds
   of which: Function evaluations             0.353 = 20.1%
             1st Derivative evaluations       0.117 =  6.6%
 


**** REPORT SUMMARY :        0 INFEASIBLE
                             0  DEPENDENT
                             0     ERRORS
GAMS 45.7.0  64fbf3ce Jan 18, 2024          WEX-WEI x86 64bit/MS Windows - 04/30/26 12:52:03 Page 243
GUIDE_GLOBAL_CGE Model GTAP11c
Range Statistics    SOLVE CGE Using CNS From line 6940


RANGE STATISTICS (ABSOLUTE NON-ZERO FINITE VALUES)

RHS       [min, max] : [ 4.441E-15, 1.206E+05] - Zero values observed as well
Bound     [min, max] : [        NA,        NA]
Matrix    [min, max] : [ 1.320E-20, 1.258E+11] - Zero values observed as well

GAMS 45.7.0  64fbf3ce Jan 18, 2024          WEX-WEI x86 64bit/MS Windows - 04/30/26 12:52:03 Page 244
GUIDE_GLOBAL_CGE Model GTAP11c
Model Statistics    SOLVE CGE Using CNS From line 6940


LOOPS                                 TIME   2035


MODEL STATISTICS

BLOCKS OF EQUATIONS         146     SINGLE EQUATIONS       89,773
BLOCKS OF VARIABLES         146     SINGLE VARIABLES       89,773
NON ZERO ELEMENTS       453,151     NON LINEAR N-Z        268,558
CODE LENGTH             805,671     CONSTANT POOL          58,270
SINGLE =E|X= EQUS        89,773     SINGLE UNFIXED VARS    89,773


GENERATION TIME      =        2.469 SECONDS    850 MB  45.7.0 64fbf3ce WEX-WEI
               L O O P S               TIME 2035

GAMS 45.7.0  64fbf3ce Jan 18, 2024          WEX-WEI x86 64bit/MS Windows - 04/30/26 12:52:03 Page 245
GUIDE_GLOBAL_CGE Model GTAP11c
Solution Report     SOLVE CGE Using CNS From line 6940


               S O L V E      S U M M A R Y

     MODEL   CGE                 
     TYPE    CNS                 
     SOLVER  CONOPT4             FROM LINE  6940

**** SOLVER STATUS     1 Normal Completion
**** MODEL STATUS      16 Solved

 RESOURCE USAGE, LIMIT          1.703 10000000000.000
 ITERATION COUNT, LIMIT         2    2147483647
 EVALUATION ERRORS              0             0
 
 
    C O N O P T   version 4.31
    Copyright (C) ARKI Consulting and Development A/S
                  Bagsvaerdvej 246 A
                  DK-2880 Bagsvaerd, Denmark
 
 
    The user model has 89773 constraints and 89773 variables
    with 453151 Jacobian elements, 268558 of which are nonlinear.
 
    The pre-triangular part of the model has 6582 constraints and variables.
    The post-triangular part of the model has 445 constraints and variables.
 
    Preprocessed model has 82746 constraints and 82746 variables
    with 406682 Jacobian elements, 236788 of which are nonlinear.
 
 ** Feasible solution to a square system.
 
 
 CONOPT time Total                            1.736 seconds
   of which: Function evaluations             0.304 = 17.5%
             1st Derivative evaluations       0.138 =  7.9%
 


**** REPORT SUMMARY :        0 INFEASIBLE
                             0  DEPENDENT
                             0     ERRORS
GAMS 45.7.0  64fbf3ce Jan 18, 2024          WEX-WEI x86 64bit/MS Windows - 04/30/26 12:52:03 Page 246
GUIDE_GLOBAL_CGE Model GTAP11c
Range Statistics    SOLVE CGE Using CNS From line 6940


RANGE STATISTICS (ABSOLUTE NON-ZERO FINITE VALUES)

RHS       [min, max] : [ 4.441E-15, 1.264E+05] - Zero values observed as well
Bound     [min, max] : [        NA,        NA]
Matrix    [min, max] : [ 1.353E-20, 2.621E+11] - Zero values observed as well

GAMS 45.7.0  64fbf3ce Jan 18, 2024          WEX-WEI x86 64bit/MS Windows - 04/30/26 12:52:03 Page 247
GUIDE_GLOBAL_CGE Model GTAP11c
Model Statistics    SOLVE CGE Using CNS From line 6940


LOOPS                                 TIME   2036


MODEL STATISTICS

BLOCKS OF EQUATIONS         146     SINGLE EQUATIONS       89,773
BLOCKS OF VARIABLES         146     SINGLE VARIABLES       89,773
NON ZERO ELEMENTS       453,151     NON LINEAR N-Z        268,558
CODE LENGTH             805,671     CONSTANT POOL          58,270
SINGLE =E|X= EQUS        89,773     SINGLE UNFIXED VARS    89,773


GENERATION TIME      =        2.438 SECONDS    850 MB  45.7.0 64fbf3ce WEX-WEI
               L O O P S               TIME 2036

GAMS 45.7.0  64fbf3ce Jan 18, 2024          WEX-WEI x86 64bit/MS Windows - 04/30/26 12:52:03 Page 248
GUIDE_GLOBAL_CGE Model GTAP11c
Solution Report     SOLVE CGE Using CNS From line 6940


               S O L V E      S U M M A R Y

     MODEL   CGE                 
     TYPE    CNS                 
     SOLVER  CONOPT4             FROM LINE  6940

**** SOLVER STATUS     1 Normal Completion
**** MODEL STATUS      16 Solved

 RESOURCE USAGE, LIMIT          1.656 10000000000.000
 ITERATION COUNT, LIMIT         2    2147483647
 EVALUATION ERRORS              0             0
 
 
    C O N O P T   version 4.31
    Copyright (C) ARKI Consulting and Development A/S
                  Bagsvaerdvej 246 A
                  DK-2880 Bagsvaerd, Denmark
 
 
    The user model has 89773 constraints and 89773 variables
    with 453151 Jacobian elements, 268558 of which are nonlinear.
 
    The pre-triangular part of the model has 6582 constraints and variables.
    The post-triangular part of the model has 445 constraints and variables.
 
    Preprocessed model has 82746 constraints and 82746 variables
    with 406682 Jacobian elements, 236788 of which are nonlinear.
 
 ** Feasible solution to a square system.
 
 
 CONOPT time Total                            1.698 seconds
   of which: Function evaluations             0.268 = 15.8%
             1st Derivative evaluations       0.148 =  8.7%
 


**** REPORT SUMMARY :        0 INFEASIBLE
                             0  DEPENDENT
                             0     ERRORS
GAMS 45.7.0  64fbf3ce Jan 18, 2024          WEX-WEI x86 64bit/MS Windows - 04/30/26 12:52:03 Page 249
GUIDE_GLOBAL_CGE Model GTAP11c
Range Statistics    SOLVE CGE Using CNS From line 6940


RANGE STATISTICS (ABSOLUTE NON-ZERO FINITE VALUES)

RHS       [min, max] : [ 4.441E-15, 1.322E+05] - Zero values observed as well
Bound     [min, max] : [        NA,        NA]
Matrix    [min, max] : [ 1.389E-20, 4.670E+11] - Zero values observed as well

GAMS 45.7.0  64fbf3ce Jan 18, 2024          WEX-WEI x86 64bit/MS Windows - 04/30/26 12:52:03 Page 250
GUIDE_GLOBAL_CGE Model GTAP11c
Model Statistics    SOLVE CGE Using CNS From line 6940


LOOPS                                 TIME   2037


MODEL STATISTICS

BLOCKS OF EQUATIONS         146     SINGLE EQUATIONS       89,773
BLOCKS OF VARIABLES         146     SINGLE VARIABLES       89,773
NON ZERO ELEMENTS       453,151     NON LINEAR N-Z        268,558
CODE LENGTH             805,671     CONSTANT POOL          58,270
SINGLE =E|X= EQUS        89,773     SINGLE UNFIXED VARS    89,773


GENERATION TIME      =        2.609 SECONDS    851 MB  45.7.0 64fbf3ce WEX-WEI
               L O O P S               TIME 2037

GAMS 45.7.0  64fbf3ce Jan 18, 2024          WEX-WEI x86 64bit/MS Windows - 04/30/26 12:52:03 Page 251
GUIDE_GLOBAL_CGE Model GTAP11c
Solution Report     SOLVE CGE Using CNS From line 6940


               S O L V E      S U M M A R Y

     MODEL   CGE                 
     TYPE    CNS                 
     SOLVER  CONOPT4             FROM LINE  6940

**** SOLVER STATUS     1 Normal Completion
**** MODEL STATUS      16 Solved

 RESOURCE USAGE, LIMIT          1.594 10000000000.000
 ITERATION COUNT, LIMIT         2    2147483647
 EVALUATION ERRORS              0             0
 
 
    C O N O P T   version 4.31
    Copyright (C) ARKI Consulting and Development A/S
                  Bagsvaerdvej 246 A
                  DK-2880 Bagsvaerd, Denmark
 
 
    The user model has 89773 constraints and 89773 variables
    with 453151 Jacobian elements, 268558 of which are nonlinear.
 
    The pre-triangular part of the model has 6582 constraints and variables.
    The post-triangular part of the model has 445 constraints and variables.
 
    Preprocessed model has 82746 constraints and 82746 variables
    with 406682 Jacobian elements, 236788 of which are nonlinear.
 
 ** Feasible solution to a square system.
 
 
 CONOPT time Total                            1.636 seconds
   of which: Function evaluations             0.228 = 13.9%
             1st Derivative evaluations       0.110 =  6.7%
 


**** REPORT SUMMARY :        0 INFEASIBLE
                             0  DEPENDENT
                             0     ERRORS
GAMS 45.7.0  64fbf3ce Jan 18, 2024          WEX-WEI x86 64bit/MS Windows - 04/30/26 12:52:03 Page 252
GUIDE_GLOBAL_CGE Model GTAP11c
Range Statistics    SOLVE CGE Using CNS From line 6940


RANGE STATISTICS (ABSOLUTE NON-ZERO FINITE VALUES)

RHS       [min, max] : [ 4.441E-15, 1.380E+05] - Zero values observed as well
Bound     [min, max] : [        NA,        NA]
Matrix    [min, max] : [ 1.432E-20, 8.257E+11] - Zero values observed as well

GAMS 45.7.0  64fbf3ce Jan 18, 2024          WEX-WEI x86 64bit/MS Windows - 04/30/26 12:52:03 Page 253
GUIDE_GLOBAL_CGE Model GTAP11c
Model Statistics    SOLVE CGE Using CNS From line 6940


LOOPS                                 TIME   2038


MODEL STATISTICS

BLOCKS OF EQUATIONS         146     SINGLE EQUATIONS       89,773
BLOCKS OF VARIABLES         146     SINGLE VARIABLES       89,773
NON ZERO ELEMENTS       453,151     NON LINEAR N-Z        268,558
CODE LENGTH             805,671     CONSTANT POOL          58,270
SINGLE =E|X= EQUS        89,773     SINGLE UNFIXED VARS    89,773


GENERATION TIME      =        2.718 SECONDS    851 MB  45.7.0 64fbf3ce WEX-WEI
               L O O P S               TIME 2038

GAMS 45.7.0  64fbf3ce Jan 18, 2024          WEX-WEI x86 64bit/MS Windows - 04/30/26 12:52:03 Page 254
GUIDE_GLOBAL_CGE Model GTAP11c
Solution Report     SOLVE CGE Using CNS From line 6940


               S O L V E      S U M M A R Y

     MODEL   CGE                 
     TYPE    CNS                 
     SOLVER  CONOPT4             FROM LINE  6940

**** SOLVER STATUS     1 Normal Completion
**** MODEL STATUS      16 Solved

 RESOURCE USAGE, LIMIT          1.485 10000000000.000
 ITERATION COUNT, LIMIT         2    2147483647
 EVALUATION ERRORS              0             0
 
 
    C O N O P T   version 4.31
    Copyright (C) ARKI Consulting and Development A/S
                  Bagsvaerdvej 246 A
                  DK-2880 Bagsvaerd, Denmark
 
 
    The user model has 89773 constraints and 89773 variables
    with 453151 Jacobian elements, 268558 of which are nonlinear.
 
    The pre-triangular part of the model has 6582 constraints and variables.
    The post-triangular part of the model has 445 constraints and variables.
 
    Preprocessed model has 82746 constraints and 82746 variables
    with 406682 Jacobian elements, 236788 of which are nonlinear.
 
 ** Feasible solution to a square system.
 
 
 CONOPT time Total                            1.520 seconds
   of which: Function evaluations             0.257 = 16.9%
             1st Derivative evaluations       0.100 =  6.6%
 


**** REPORT SUMMARY :        0 INFEASIBLE
                             0  DEPENDENT
                             0     ERRORS
GAMS 45.7.0  64fbf3ce Jan 18, 2024          WEX-WEI x86 64bit/MS Windows - 04/30/26 12:52:03 Page 255
GUIDE_GLOBAL_CGE Model GTAP11c
Range Statistics    SOLVE CGE Using CNS From line 6940


RANGE STATISTICS (ABSOLUTE NON-ZERO FINITE VALUES)

RHS       [min, max] : [ 4.441E-15, 1.439E+05] - Zero values observed as well
Bound     [min, max] : [        NA,        NA]
Matrix    [min, max] : [ 1.476E-20, 1.454E+12] - Zero values observed as well

GAMS 45.7.0  64fbf3ce Jan 18, 2024          WEX-WEI x86 64bit/MS Windows - 04/30/26 12:52:03 Page 256
GUIDE_GLOBAL_CGE Model GTAP11c
Model Statistics    SOLVE CGE Using CNS From line 6940


LOOPS                                 TIME   2039


MODEL STATISTICS

BLOCKS OF EQUATIONS         146     SINGLE EQUATIONS       89,773
BLOCKS OF VARIABLES         146     SINGLE VARIABLES       89,773
NON ZERO ELEMENTS       453,151     NON LINEAR N-Z        268,558
CODE LENGTH             805,671     CONSTANT POOL          58,270
SINGLE =E|X= EQUS        89,773     SINGLE UNFIXED VARS    89,773


GENERATION TIME      =        2.656 SECONDS    851 MB  45.7.0 64fbf3ce WEX-WEI
               L O O P S               TIME 2039

GAMS 45.7.0  64fbf3ce Jan 18, 2024          WEX-WEI x86 64bit/MS Windows - 04/30/26 12:52:03 Page 257
GUIDE_GLOBAL_CGE Model GTAP11c
Solution Report     SOLVE CGE Using CNS From line 6940


               S O L V E      S U M M A R Y

     MODEL   CGE                 
     TYPE    CNS                 
     SOLVER  CONOPT4             FROM LINE  6940

**** SOLVER STATUS     1 Normal Completion
**** MODEL STATUS      16 Solved

 RESOURCE USAGE, LIMIT          1.531 10000000000.000
 ITERATION COUNT, LIMIT         2    2147483647
 EVALUATION ERRORS              0             0
 
 
    C O N O P T   version 4.31
    Copyright (C) ARKI Consulting and Development A/S
                  Bagsvaerdvej 246 A
                  DK-2880 Bagsvaerd, Denmark
 
 
    The user model has 89773 constraints and 89773 variables
    with 453151 Jacobian elements, 268558 of which are nonlinear.
 
    The pre-triangular part of the model has 6582 constraints and variables.
    The post-triangular part of the model has 445 constraints and variables.
 
    Preprocessed model has 82746 constraints and 82746 variables
    with 406682 Jacobian elements, 236788 of which are nonlinear.
 
 ** Feasible solution to a square system.
 
 
 CONOPT time Total                            1.572 seconds
   of which: Function evaluations             0.292 = 18.6%
             1st Derivative evaluations       0.138 =  8.8%
 


**** REPORT SUMMARY :        0 INFEASIBLE
                             0  DEPENDENT
                             0     ERRORS
GAMS 45.7.0  64fbf3ce Jan 18, 2024          WEX-WEI x86 64bit/MS Windows - 04/30/26 12:52:03 Page 258
GUIDE_GLOBAL_CGE Model GTAP11c
Range Statistics    SOLVE CGE Using CNS From line 6940


RANGE STATISTICS (ABSOLUTE NON-ZERO FINITE VALUES)

RHS       [min, max] : [ 4.441E-15, 1.497E+05] - Zero values observed as well
Bound     [min, max] : [        NA,        NA]
Matrix    [min, max] : [ 1.522E-20, 2.485E+12] - Zero values observed as well

GAMS 45.7.0  64fbf3ce Jan 18, 2024          WEX-WEI x86 64bit/MS Windows - 04/30/26 12:52:03 Page 259
GUIDE_GLOBAL_CGE Model GTAP11c
Model Statistics    SOLVE CGE Using CNS From line 6940


LOOPS                                 TIME   2040


MODEL STATISTICS

BLOCKS OF EQUATIONS         146     SINGLE EQUATIONS       89,773
BLOCKS OF VARIABLES         146     SINGLE VARIABLES       89,773
NON ZERO ELEMENTS       453,152     NON LINEAR N-Z        268,558
CODE LENGTH             805,671     CONSTANT POOL          58,270
SINGLE =E|X= EQUS        89,773     SINGLE UNFIXED VARS    89,773


GENERATION TIME      =        2.719 SECONDS    851 MB  45.7.0 64fbf3ce WEX-WEI
               L O O P S               TIME 2040

GAMS 45.7.0  64fbf3ce Jan 18, 2024          WEX-WEI x86 64bit/MS Windows - 04/30/26 12:52:03 Page 260
GUIDE_GLOBAL_CGE Model GTAP11c
Solution Report     SOLVE CGE Using CNS From line 6940


               S O L V E      S U M M A R Y

     MODEL   CGE                 
     TYPE    CNS                 
     SOLVER  CONOPT4             FROM LINE  6940

**** SOLVER STATUS     1 Normal Completion
**** MODEL STATUS      16 Solved

 RESOURCE USAGE, LIMIT          1.531 10000000000.000
 ITERATION COUNT, LIMIT         2    2147483647
 EVALUATION ERRORS              0             0
 
 
    C O N O P T   version 4.31
    Copyright (C) ARKI Consulting and Development A/S
                  Bagsvaerdvej 246 A
                  DK-2880 Bagsvaerd, Denmark
 
 
    The user model has 89773 constraints and 89773 variables
    with 453152 Jacobian elements, 268558 of which are nonlinear.
 
    The pre-triangular part of the model has 6582 constraints and variables.
    The post-triangular part of the model has 445 constraints and variables.
 
    Preprocessed model has 82746 constraints and 82746 variables
    with 406682 Jacobian elements, 236788 of which are nonlinear.
 
 ** Feasible solution to a square system.
 
 
 CONOPT time Total                            1.571 seconds
   of which: Function evaluations             0.277 = 17.6%
             1st Derivative evaluations       0.126 =  8.0%
 


**** REPORT SUMMARY :        0 INFEASIBLE
                             0  DEPENDENT
                             0     ERRORS
GAMS 45.7.0  64fbf3ce Jan 18, 2024          WEX-WEI x86 64bit/MS Windows - 04/30/26 12:52:03 Page 261
GUIDE_GLOBAL_CGE Model GTAP11c
Range Statistics    SOLVE CGE Using CNS From line 6940


RANGE STATISTICS (ABSOLUTE NON-ZERO FINITE VALUES)

RHS       [min, max] : [ 4.441E-15, 1.555E+05] - Zero values observed as well
Bound     [min, max] : [        NA,        NA]
Matrix    [min, max] : [ 1.567E-20, 4.193E+12] - Zero values observed as well

GAMS 45.7.0  64fbf3ce Jan 18, 2024          WEX-WEI x86 64bit/MS Windows - 04/30/26 12:52:03 Page 262
GUIDE_GLOBAL_CGE Model GTAP11c
Model Statistics    SOLVE CGE Using CNS From line 6940


LOOPS                                 TIME   2041


MODEL STATISTICS

BLOCKS OF EQUATIONS         146     SINGLE EQUATIONS       89,773
BLOCKS OF VARIABLES         146     SINGLE VARIABLES       89,773
NON ZERO ELEMENTS       453,152     NON LINEAR N-Z        268,558
CODE LENGTH             805,671     CONSTANT POOL          58,270
SINGLE =E|X= EQUS        89,773     SINGLE UNFIXED VARS    89,773


GENERATION TIME      =        2.843 SECONDS    852 MB  45.7.0 64fbf3ce WEX-WEI
               L O O P S               TIME 2041

GAMS 45.7.0  64fbf3ce Jan 18, 2024          WEX-WEI x86 64bit/MS Windows - 04/30/26 12:52:03 Page 263
GUIDE_GLOBAL_CGE Model GTAP11c
Solution Report     SOLVE CGE Using CNS From line 6940


               S O L V E      S U M M A R Y

     MODEL   CGE                 
     TYPE    CNS                 
     SOLVER  CONOPT4             FROM LINE  6940

**** SOLVER STATUS     1 Normal Completion
**** MODEL STATUS      16 Solved

 RESOURCE USAGE, LIMIT          1.563 10000000000.000
 ITERATION COUNT, LIMIT         2    2147483647
 EVALUATION ERRORS              0             0
 
 
    C O N O P T   version 4.31
    Copyright (C) ARKI Consulting and Development A/S
                  Bagsvaerdvej 246 A
                  DK-2880 Bagsvaerd, Denmark
 
 
    The user model has 89773 constraints and 89773 variables
    with 453152 Jacobian elements, 268558 of which are nonlinear.
 
    The pre-triangular part of the model has 6582 constraints and variables.
    The post-triangular part of the model has 445 constraints and variables.
 
    Preprocessed model has 82746 constraints and 82746 variables
    with 406682 Jacobian elements, 236788 of which are nonlinear.
 
 ** Feasible solution to a square system.
 
 
 CONOPT time Total                            1.628 seconds
   of which: Function evaluations             0.290 = 17.8%
             1st Derivative evaluations       0.081 =  5.0%
 


**** REPORT SUMMARY :        0 INFEASIBLE
                             0  DEPENDENT
                             0     ERRORS
GAMS 45.7.0  64fbf3ce Jan 18, 2024          WEX-WEI x86 64bit/MS Windows - 04/30/26 12:52:03 Page 264
GUIDE_GLOBAL_CGE Model GTAP11c
Range Statistics    SOLVE CGE Using CNS From line 6940


RANGE STATISTICS (ABSOLUTE NON-ZERO FINITE VALUES)

RHS       [min, max] : [ 4.441E-15, 1.613E+05] - Zero values observed as well
Bound     [min, max] : [        NA,        NA]
Matrix    [min, max] : [ 1.530E-20, 9.759E+12] - Zero values observed as well

GAMS 45.7.0  64fbf3ce Jan 18, 2024          WEX-WEI x86 64bit/MS Windows - 04/30/26 12:52:03 Page 265
GUIDE_GLOBAL_CGE Model GTAP11c
Model Statistics    SOLVE CGE Using CNS From line 6940


LOOPS                                 TIME   2042


MODEL STATISTICS

BLOCKS OF EQUATIONS         146     SINGLE EQUATIONS       89,773
BLOCKS OF VARIABLES         146     SINGLE VARIABLES       89,773
NON ZERO ELEMENTS       453,152     NON LINEAR N-Z        268,558
CODE LENGTH             805,671     CONSTANT POOL          58,270
SINGLE =E|X= EQUS        89,773     SINGLE UNFIXED VARS    89,773


GENERATION TIME      =        2.937 SECONDS    852 MB  45.7.0 64fbf3ce WEX-WEI
               L O O P S               TIME 2042

GAMS 45.7.0  64fbf3ce Jan 18, 2024          WEX-WEI x86 64bit/MS Windows - 04/30/26 12:52:03 Page 266
GUIDE_GLOBAL_CGE Model GTAP11c
Solution Report     SOLVE CGE Using CNS From line 6940


               S O L V E      S U M M A R Y

     MODEL   CGE                 
     TYPE    CNS                 
     SOLVER  CONOPT4             FROM LINE  6940

**** SOLVER STATUS     1 Normal Completion
**** MODEL STATUS      16 Solved

 RESOURCE USAGE, LIMIT          1.843 10000000000.000
 ITERATION COUNT, LIMIT         2    2147483647
 EVALUATION ERRORS              0             0
 
 
    C O N O P T   version 4.31
    Copyright (C) ARKI Consulting and Development A/S
                  Bagsvaerdvej 246 A
                  DK-2880 Bagsvaerd, Denmark
 
 
    The user model has 89773 constraints and 89773 variables
    with 453152 Jacobian elements, 268558 of which are nonlinear.
 
    The pre-triangular part of the model has 6582 constraints and variables.
    The post-triangular part of the model has 445 constraints and variables.
 
    Preprocessed model has 82746 constraints and 82746 variables
    with 406682 Jacobian elements, 236788 of which are nonlinear.
 
 ** Feasible solution to a square system.
 
 
 CONOPT time Total                            1.882 seconds
   of which: Function evaluations             0.325 = 17.3%
             1st Derivative evaluations       0.129 =  6.9%
 


**** REPORT SUMMARY :        0 INFEASIBLE
                             0  DEPENDENT
                             0     ERRORS
GAMS 45.7.0  64fbf3ce Jan 18, 2024          WEX-WEI x86 64bit/MS Windows - 04/30/26 12:52:03 Page 267
GUIDE_GLOBAL_CGE Model GTAP11c
Range Statistics    SOLVE CGE Using CNS From line 6940


RANGE STATISTICS (ABSOLUTE NON-ZERO FINITE VALUES)

RHS       [min, max] : [ 4.441E-15, 1.671E+05] - Zero values observed as well
Bound     [min, max] : [        NA,        NA]
Matrix    [min, max] : [ 1.526E-20, 1.710E+13] - Zero values observed as well

GAMS 45.7.0  64fbf3ce Jan 18, 2024          WEX-WEI x86 64bit/MS Windows - 04/30/26 12:52:03 Page 268
GUIDE_GLOBAL_CGE Model GTAP11c
Model Statistics    SOLVE CGE Using CNS From line 6940


LOOPS                                 TIME   2043


MODEL STATISTICS

BLOCKS OF EQUATIONS         146     SINGLE EQUATIONS       89,773
BLOCKS OF VARIABLES         146     SINGLE VARIABLES       89,773
NON ZERO ELEMENTS       453,154     NON LINEAR N-Z        268,558
CODE LENGTH             805,671     CONSTANT POOL          58,270
SINGLE =E|X= EQUS        89,773     SINGLE UNFIXED VARS    89,773


GENERATION TIME      =        2.875 SECONDS    852 MB  45.7.0 64fbf3ce WEX-WEI
               L O O P S               TIME 2043

GAMS 45.7.0  64fbf3ce Jan 18, 2024          WEX-WEI x86 64bit/MS Windows - 04/30/26 12:52:03 Page 269
GUIDE_GLOBAL_CGE Model GTAP11c
Solution Report     SOLVE CGE Using CNS From line 6940


               S O L V E      S U M M A R Y

     MODEL   CGE                 
     TYPE    CNS                 
     SOLVER  CONOPT4             FROM LINE  6940

**** SOLVER STATUS     1 Normal Completion
**** MODEL STATUS      16 Solved

 RESOURCE USAGE, LIMIT          2.172 10000000000.000
 ITERATION COUNT, LIMIT         3    2147483647
 EVALUATION ERRORS              0             0
 
 
    C O N O P T   version 4.31
    Copyright (C) ARKI Consulting and Development A/S
                  Bagsvaerdvej 246 A
                  DK-2880 Bagsvaerd, Denmark
 
 
    The user model has 89773 constraints and 89773 variables
    with 453154 Jacobian elements, 268558 of which are nonlinear.
 
    The pre-triangular part of the model has 6582 constraints and variables.
    The post-triangular part of the model has 445 constraints and variables.
 
    Preprocessed model has 82746 constraints and 82746 variables
    with 406682 Jacobian elements, 236788 of which are nonlinear.
 
 ** Feasible solution to a square system.
 
 
 CONOPT time Total                            2.210 seconds
   of which: Function evaluations             0.270 = 12.2%
             1st Derivative evaluations       0.167 =  7.6%
 


**** REPORT SUMMARY :        0 INFEASIBLE
                             0  DEPENDENT
                             0     ERRORS
GAMS 45.7.0  64fbf3ce Jan 18, 2024          WEX-WEI x86 64bit/MS Windows - 04/30/26 12:52:03 Page 270
GUIDE_GLOBAL_CGE Model GTAP11c
Range Statistics    SOLVE CGE Using CNS From line 6940


RANGE STATISTICS (ABSOLUTE NON-ZERO FINITE VALUES)

RHS       [min, max] : [ 4.441E-15, 1.729E+05] - Zero values observed as well
Bound     [min, max] : [        NA,        NA]
Matrix    [min, max] : [ 1.368E-20, 3.301E+13] - Zero values observed as well

GAMS 45.7.0  64fbf3ce Jan 18, 2024          WEX-WEI x86 64bit/MS Windows - 04/30/26 12:52:03 Page 271
GUIDE_GLOBAL_CGE Model GTAP11c
Model Statistics    SOLVE CGE Using CNS From line 6940


LOOPS                                 TIME   2044


MODEL STATISTICS

BLOCKS OF EQUATIONS         146     SINGLE EQUATIONS       89,773
BLOCKS OF VARIABLES         146     SINGLE VARIABLES       89,773
NON ZERO ELEMENTS       453,156     NON LINEAR N-Z        268,558
CODE LENGTH             805,671     CONSTANT POOL          58,270
SINGLE =E|X= EQUS        89,773     SINGLE UNFIXED VARS    89,773


GENERATION TIME      =        3.047 SECONDS    852 MB  45.7.0 64fbf3ce WEX-WEI
               L O O P S               TIME 2044

GAMS 45.7.0  64fbf3ce Jan 18, 2024          WEX-WEI x86 64bit/MS Windows - 04/30/26 12:52:03 Page 272
GUIDE_GLOBAL_CGE Model GTAP11c
Solution Report     SOLVE CGE Using CNS From line 6940


               S O L V E      S U M M A R Y

     MODEL   CGE                 
     TYPE    CNS                 
     SOLVER  CONOPT4             FROM LINE  6940

**** SOLVER STATUS     1 Normal Completion
**** MODEL STATUS      16 Solved

 RESOURCE USAGE, LIMIT          1.766 10000000000.000
 ITERATION COUNT, LIMIT         2    2147483647
 EVALUATION ERRORS              0             0
 
 
    C O N O P T   version 4.31
    Copyright (C) ARKI Consulting and Development A/S
                  Bagsvaerdvej 246 A
                  DK-2880 Bagsvaerd, Denmark
 
 
    The user model has 89773 constraints and 89773 variables
    with 453156 Jacobian elements, 268558 of which are nonlinear.
 
    The pre-triangular part of the model has 6582 constraints and variables.
    The post-triangular part of the model has 445 constraints and variables.
 
    Preprocessed model has 82746 constraints and 82746 variables
    with 406682 Jacobian elements, 236788 of which are nonlinear.
 
 ** Feasible solution to a square system.
 
 
 CONOPT time Total                            1.816 seconds
   of which: Function evaluations             0.350 = 19.3%
             1st Derivative evaluations       0.123 =  6.8%
 


**** REPORT SUMMARY :        0 INFEASIBLE
                             0  DEPENDENT
                             0     ERRORS
GAMS 45.7.0  64fbf3ce Jan 18, 2024          WEX-WEI x86 64bit/MS Windows - 04/30/26 12:52:03 Page 273
GUIDE_GLOBAL_CGE Model GTAP11c
Range Statistics    SOLVE CGE Using CNS From line 6940


RANGE STATISTICS (ABSOLUTE NON-ZERO FINITE VALUES)

RHS       [min, max] : [ 4.441E-15, 1.787E+05] - Zero values observed as well
Bound     [min, max] : [        NA,        NA]
Matrix    [min, max] : [ 1.215E-20, 5.827E+13] - Zero values observed as well

GAMS 45.7.0  64fbf3ce Jan 18, 2024          WEX-WEI x86 64bit/MS Windows - 04/30/26 12:52:03 Page 274
GUIDE_GLOBAL_CGE Model GTAP11c
Model Statistics    SOLVE CGE Using CNS From line 6940


LOOPS                                 TIME   2045


MODEL STATISTICS

BLOCKS OF EQUATIONS         146     SINGLE EQUATIONS       89,773
BLOCKS OF VARIABLES         146     SINGLE VARIABLES       89,773
NON ZERO ELEMENTS       453,158     NON LINEAR N-Z        268,558
CODE LENGTH             805,671     CONSTANT POOL          58,270
SINGLE =E|X= EQUS        89,773     SINGLE UNFIXED VARS    89,773


GENERATION TIME      =        3.125 SECONDS    853 MB  45.7.0 64fbf3ce WEX-WEI
               L O O P S               TIME 2045

GAMS 45.7.0  64fbf3ce Jan 18, 2024          WEX-WEI x86 64bit/MS Windows - 04/30/26 12:52:03 Page 275
GUIDE_GLOBAL_CGE Model GTAP11c
Solution Report     SOLVE CGE Using CNS From line 6940


               S O L V E      S U M M A R Y

     MODEL   CGE                 
     TYPE    CNS                 
     SOLVER  CONOPT4             FROM LINE  6940

**** SOLVER STATUS     1 Normal Completion
**** MODEL STATUS      16 Solved

 RESOURCE USAGE, LIMIT          2.563 10000000000.000
 ITERATION COUNT, LIMIT         4    2147483647
 EVALUATION ERRORS              0             0
 
 
    C O N O P T   version 4.31
    Copyright (C) ARKI Consulting and Development A/S
                  Bagsvaerdvej 246 A
                  DK-2880 Bagsvaerd, Denmark
 
 
    The user model has 89773 constraints and 89773 variables
    with 453158 Jacobian elements, 268558 of which are nonlinear.
 
    The pre-triangular part of the model has 6582 constraints and variables.
    The post-triangular part of the model has 445 constraints and variables.
 
    Preprocessed model has 82746 constraints and 82746 variables
    with 406682 Jacobian elements, 236788 of which are nonlinear.
 
 ** Feasible solution to a square system.
 
 
 CONOPT time Total                            2.590 seconds
   of which: Function evaluations             0.334 = 12.9%
             1st Derivative evaluations       0.155 =  6.0%
 


**** REPORT SUMMARY :        0 INFEASIBLE
                             0  DEPENDENT
                             0     ERRORS
GAMS 45.7.0  64fbf3ce Jan 18, 2024          WEX-WEI x86 64bit/MS Windows - 04/30/26 12:52:03 Page 276
GUIDE_GLOBAL_CGE Model GTAP11c
Range Statistics    SOLVE CGE Using CNS From line 6940


RANGE STATISTICS (ABSOLUTE NON-ZERO FINITE VALUES)

RHS       [min, max] : [ 4.441E-15, 1.845E+05] - Zero values observed as well
Bound     [min, max] : [        NA,        NA]
Matrix    [min, max] : [ 1.075E-20, 1.009E+14] - Zero values observed as well

GAMS 45.7.0  64fbf3ce Jan 18, 2024          WEX-WEI x86 64bit/MS Windows - 04/30/26 12:52:03 Page 277
GUIDE_GLOBAL_CGE Model GTAP11c
Model Statistics    SOLVE CGE Using CNS From line 6940


LOOPS                                 TIME   2046


MODEL STATISTICS

BLOCKS OF EQUATIONS         146     SINGLE EQUATIONS       89,773
BLOCKS OF VARIABLES         146     SINGLE VARIABLES       89,773
NON ZERO ELEMENTS       453,158     NON LINEAR N-Z        268,558
CODE LENGTH             805,671     CONSTANT POOL          58,270
SINGLE =E|X= EQUS        89,773     SINGLE UNFIXED VARS    89,773


GENERATION TIME      =        3.125 SECONDS    853 MB  45.7.0 64fbf3ce WEX-WEI
               L O O P S               TIME 2046

GAMS 45.7.0  64fbf3ce Jan 18, 2024          WEX-WEI x86 64bit/MS Windows - 04/30/26 12:52:03 Page 278
GUIDE_GLOBAL_CGE Model GTAP11c
Solution Report     SOLVE CGE Using CNS From line 6940


               S O L V E      S U M M A R Y

     MODEL   CGE                 
     TYPE    CNS                 
     SOLVER  CONOPT4             FROM LINE  6940

**** SOLVER STATUS     1 Normal Completion
**** MODEL STATUS      16 Solved

 RESOURCE USAGE, LIMIT          2.172 10000000000.000
 ITERATION COUNT, LIMIT         2    2147483647
 EVALUATION ERRORS              0             0
 
 
    C O N O P T   version 4.31
    Copyright (C) ARKI Consulting and Development A/S
                  Bagsvaerdvej 246 A
                  DK-2880 Bagsvaerd, Denmark
 
 
    The user model has 89773 constraints and 89773 variables
    with 453158 Jacobian elements, 268558 of which are nonlinear.
 
    The pre-triangular part of the model has 6582 constraints and variables.
    The post-triangular part of the model has 445 constraints and variables.
 
    Preprocessed model has 82746 constraints and 82746 variables
    with 406682 Jacobian elements, 236788 of which are nonlinear.
 
 ** Feasible solution to a square system.
 
 
 CONOPT time Total                            2.199 seconds
   of which: Function evaluations             0.594 = 27.0%
             1st Derivative evaluations       0.103 =  4.7%
 


**** REPORT SUMMARY :        0 INFEASIBLE
                             0  DEPENDENT
                             0     ERRORS
GAMS 45.7.0  64fbf3ce Jan 18, 2024          WEX-WEI x86 64bit/MS Windows - 04/30/26 12:52:03 Page 279
GUIDE_GLOBAL_CGE Model GTAP11c
Range Statistics    SOLVE CGE Using CNS From line 6940


RANGE STATISTICS (ABSOLUTE NON-ZERO FINITE VALUES)

RHS       [min, max] : [ 4.441E-15, 1.902E+05] - Zero values observed as well
Bound     [min, max] : [        NA,        NA]
Matrix    [min, max] : [ 1.628E-20, 1.827E+14] - Zero values observed as well

GAMS 45.7.0  64fbf3ce Jan 18, 2024          WEX-WEI x86 64bit/MS Windows - 04/30/26 12:52:03 Page 280
GUIDE_GLOBAL_CGE Model GTAP11c
Model Statistics    SOLVE CGE Using CNS From line 6940


LOOPS                                 TIME   2047


MODEL STATISTICS

BLOCKS OF EQUATIONS         146     SINGLE EQUATIONS       89,773
BLOCKS OF VARIABLES         146     SINGLE VARIABLES       89,773
NON ZERO ELEMENTS       453,160     NON LINEAR N-Z        268,558
CODE LENGTH             805,671     CONSTANT POOL          58,270
SINGLE =E|X= EQUS        89,773     SINGLE UNFIXED VARS    89,773


GENERATION TIME      =        3.250 SECONDS    854 MB  45.7.0 64fbf3ce WEX-WEI
               L O O P S               TIME 2047

GAMS 45.7.0  64fbf3ce Jan 18, 2024          WEX-WEI x86 64bit/MS Windows - 04/30/26 12:52:03 Page 281
GUIDE_GLOBAL_CGE Model GTAP11c
Solution Report     SOLVE CGE Using CNS From line 6940


               S O L V E      S U M M A R Y

     MODEL   CGE                 
     TYPE    CNS                 
     SOLVER  CONOPT4             FROM LINE  6940

**** SOLVER STATUS     1 Normal Completion
**** MODEL STATUS      16 Solved

 RESOURCE USAGE, LIMIT          3.313 10000000000.000
 ITERATION COUNT, LIMIT         6    2147483647
 EVALUATION ERRORS              0             0
 
 
    C O N O P T   version 4.31
    Copyright (C) ARKI Consulting and Development A/S
                  Bagsvaerdvej 246 A
                  DK-2880 Bagsvaerd, Denmark
 
 
    The user model has 89773 constraints and 89773 variables
    with 453160 Jacobian elements, 268558 of which are nonlinear.
 
    The pre-triangular part of the model has 6582 constraints and variables.
    The post-triangular part of the model has 445 constraints and variables.
 
    Preprocessed model has 82746 constraints and 82746 variables
    with 406682 Jacobian elements, 236788 of which are nonlinear.
 
 ** Feasible solution to a square system.
 
 ** Scaled model is feasible, but some unscaled residuals are large due
    to large scale factors.
    Largest unscaled residual is 2.22E-05 based on scale factor 1.31E+05
 
 
 CONOPT time Total                            3.360 seconds
   of which: Function evaluations             0.322 =  9.6%
             1st Derivative evaluations       0.179 =  5.3%
 


**** REPORT SUMMARY :        0 INFEASIBLE
                             0  DEPENDENT
                             0     ERRORS
GAMS 45.7.0  64fbf3ce Jan 18, 2024          WEX-WEI x86 64bit/MS Windows - 04/30/26 12:52:03 Page 282
GUIDE_GLOBAL_CGE Model GTAP11c
Range Statistics    SOLVE CGE Using CNS From line 6940


RANGE STATISTICS (ABSOLUTE NON-ZERO FINITE VALUES)

RHS       [min, max] : [ 4.441E-15, 1.959E+05] - Zero values observed as well
Bound     [min, max] : [        NA,        NA]
Matrix    [min, max] : [ 1.175E-20, 3.576E+14] - Zero values observed as well

GAMS 45.7.0  64fbf3ce Jan 18, 2024          WEX-WEI x86 64bit/MS Windows - 04/30/26 12:52:03 Page 283
GUIDE_GLOBAL_CGE Model GTAP11c
Model Statistics    SOLVE CGE Using CNS From line 6940


LOOPS                                 TIME   2048


MODEL STATISTICS

BLOCKS OF EQUATIONS         146     SINGLE EQUATIONS       89,773
BLOCKS OF VARIABLES         146     SINGLE VARIABLES       89,773
NON ZERO ELEMENTS       453,159     NON LINEAR N-Z        268,558
CODE LENGTH             805,671     CONSTANT POOL          58,270
SINGLE =E|X= EQUS        89,773     SINGLE UNFIXED VARS    89,773


GENERATION TIME      =        3.266 SECONDS    854 MB  45.7.0 64fbf3ce WEX-WEI
               L O O P S               TIME 2048

GAMS 45.7.0  64fbf3ce Jan 18, 2024          WEX-WEI x86 64bit/MS Windows - 04/30/26 12:52:03 Page 284
GUIDE_GLOBAL_CGE Model GTAP11c
Solution Report     SOLVE CGE Using CNS From line 6940


               S O L V E      S U M M A R Y

     MODEL   CGE                 
     TYPE    CNS                 
     SOLVER  CONOPT4             FROM LINE  6940

**** SOLVER STATUS     1 Normal Completion
**** MODEL STATUS      16 Solved

 RESOURCE USAGE, LIMIT          2.234 10000000000.000
 ITERATION COUNT, LIMIT         3    2147483647
 EVALUATION ERRORS              0             0
 
 
    C O N O P T   version 4.31
    Copyright (C) ARKI Consulting and Development A/S
                  Bagsvaerdvej 246 A
                  DK-2880 Bagsvaerd, Denmark
 
 
    The user model has 89773 constraints and 89773 variables
    with 453159 Jacobian elements, 268558 of which are nonlinear.
 
    The pre-triangular part of the model has 6582 constraints and variables.
    The post-triangular part of the model has 445 constraints and variables.
 
    Preprocessed model has 82746 constraints and 82746 variables
    with 406682 Jacobian elements, 236788 of which are nonlinear.
 
 ** Feasible solution to a square system.
 
 
 CONOPT time Total                            2.279 seconds
   of which: Function evaluations             0.277 = 12.2%
             1st Derivative evaluations       0.160 =  7.0%
 


**** REPORT SUMMARY :        0 INFEASIBLE
                             0  DEPENDENT
                             0     ERRORS
GAMS 45.7.0  64fbf3ce Jan 18, 2024          WEX-WEI x86 64bit/MS Windows - 04/30/26 12:52:03 Page 285
GUIDE_GLOBAL_CGE Model GTAP11c
Range Statistics    SOLVE CGE Using CNS From line 6940


RANGE STATISTICS (ABSOLUTE NON-ZERO FINITE VALUES)

RHS       [min, max] : [ 4.441E-15, 2.016E+05] - Zero values observed as well
Bound     [min, max] : [        NA,        NA]
Matrix    [min, max] : [ 1.428E-20, 6.675E+14] - Zero values observed as well

GAMS 45.7.0  64fbf3ce Jan 18, 2024          WEX-WEI x86 64bit/MS Windows - 04/30/26 12:52:03 Page 286
GUIDE_GLOBAL_CGE Model GTAP11c
Model Statistics    SOLVE CGE Using CNS From line 6940


LOOPS                                 TIME   2049


MODEL STATISTICS

BLOCKS OF EQUATIONS         146     SINGLE EQUATIONS       89,773
BLOCKS OF VARIABLES         146     SINGLE VARIABLES       89,773
NON ZERO ELEMENTS       453,161     NON LINEAR N-Z        268,558
CODE LENGTH             805,671     CONSTANT POOL          58,270
SINGLE =E|X= EQUS        89,773     SINGLE UNFIXED VARS    89,773


GENERATION TIME      =        3.406 SECONDS    855 MB  45.7.0 64fbf3ce WEX-WEI
               L O O P S               TIME 2049

GAMS 45.7.0  64fbf3ce Jan 18, 2024          WEX-WEI x86 64bit/MS Windows - 04/30/26 12:52:03 Page 287
GUIDE_GLOBAL_CGE Model GTAP11c
Solution Report     SOLVE CGE Using CNS From line 6940


               S O L V E      S U M M A R Y

     MODEL   CGE                 
     TYPE    CNS                 
     SOLVER  CONOPT4             FROM LINE  6940

**** SOLVER STATUS     1 Normal Completion
**** MODEL STATUS      16 Solved

 RESOURCE USAGE, LIMIT          3.422 10000000000.000
 ITERATION COUNT, LIMIT         6    2147483647
 EVALUATION ERRORS              0             0
 
 
    C O N O P T   version 4.31
    Copyright (C) ARKI Consulting and Development A/S
                  Bagsvaerdvej 246 A
                  DK-2880 Bagsvaerd, Denmark
 
 
    The user model has 89773 constraints and 89773 variables
    with 453161 Jacobian elements, 268558 of which are nonlinear.
 
    The pre-triangular part of the model has 6582 constraints and variables.
    The post-triangular part of the model has 445 constraints and variables.
 
    Preprocessed model has 82746 constraints and 82746 variables
    with 406682 Jacobian elements, 236788 of which are nonlinear.
 
 ** Feasible solution to a square system.
 
 
 CONOPT time Total                            3.460 seconds
   of which: Function evaluations             0.299 =  8.6%
             1st Derivative evaluations       0.215 =  6.2%
 


**** REPORT SUMMARY :        0 INFEASIBLE
                             0  DEPENDENT
                             0     ERRORS
GAMS 45.7.0  64fbf3ce Jan 18, 2024          WEX-WEI x86 64bit/MS Windows - 04/30/26 12:52:03 Page 288
GUIDE_GLOBAL_CGE Model GTAP11c
Range Statistics    SOLVE CGE Using CNS From line 6940


RANGE STATISTICS (ABSOLUTE NON-ZERO FINITE VALUES)

RHS       [min, max] : [ 4.441E-15, 2.073E+05] - Zero values observed as well
Bound     [min, max] : [        NA,        NA]
Matrix    [min, max] : [ 1.066E-20, 1.363E+15] - Zero values observed as well

GAMS 45.7.0  64fbf3ce Jan 18, 2024          WEX-WEI x86 64bit/MS Windows - 04/30/26 12:52:03 Page 289
GUIDE_GLOBAL_CGE Model GTAP11c
Model Statistics    SOLVE CGE Using CNS From line 6940


LOOPS                                 TIME   2050


MODEL STATISTICS

BLOCKS OF EQUATIONS         146     SINGLE EQUATIONS       89,773
BLOCKS OF VARIABLES         146     SINGLE VARIABLES       89,773
NON ZERO ELEMENTS       453,157     NON LINEAR N-Z        268,558
CODE LENGTH             805,671     CONSTANT POOL          58,270
SINGLE =E|X= EQUS        89,773     SINGLE UNFIXED VARS    89,773


GENERATION TIME      =        3.390 SECONDS    855 MB  45.7.0 64fbf3ce WEX-WEI
               L O O P S               TIME 2050

GAMS 45.7.0  64fbf3ce Jan 18, 2024          WEX-WEI x86 64bit/MS Windows - 04/30/26 12:52:03 Page 290
GUIDE_GLOBAL_CGE Model GTAP11c
Solution Report     SOLVE CGE Using CNS From line 6940


               S O L V E      S U M M A R Y

     MODEL   CGE                 
     TYPE    CNS                 
     SOLVER  CONOPT4             FROM LINE  6940

**** SOLVER STATUS     1 Normal Completion
**** MODEL STATUS      16 Solved

 RESOURCE USAGE, LIMIT          2.438 10000000000.000
 ITERATION COUNT, LIMIT         4    2147483647
 EVALUATION ERRORS              0             0
 
 
    C O N O P T   version 4.31
    Copyright (C) ARKI Consulting and Development A/S
                  Bagsvaerdvej 246 A
                  DK-2880 Bagsvaerd, Denmark
 
 
    The user model has 89773 constraints and 89773 variables
    with 453157 Jacobian elements, 268558 of which are nonlinear.
 
    The pre-triangular part of the model has 6588 constraints and variables.
    The post-triangular part of the model has 445 constraints and variables.
 
    Preprocessed model has 82740 constraints and 82740 variables
    with 406650 Jacobian elements, 236778 of which are nonlinear.
 
 ** Feasible solution to a square system.
 
 
 CONOPT time Total                            2.476 seconds
   of which: Function evaluations             0.333 = 13.4%
             1st Derivative evaluations       0.128 =  5.2%
 


**** REPORT SUMMARY :        0 INFEASIBLE
                             0  DEPENDENT
                             0     ERRORS
GAMS 45.7.0  64fbf3ce Jan 18, 2024          WEX-WEI x86 64bit/MS Windows - 04/30/26 12:52:03 Page 291
GUIDE_GLOBAL_CGE Model GTAP11c
E x e c u t i o n


EXECUTION TIME       =      523.906 SECONDS    969 MB  45.7.0 64fbf3ce WEX-WEI


USER: Medium MUD - 10 User License                   S220825|0002AO-WIN
      Konkuk University, Dept of Technology Fusion Engineering  DC16297
      License for teaching and research at degree granting institutions


**** FILE SUMMARY

Input      C:\Users\kimc0\GUIDE_GLOBAL_CGE\2.GUIDE-GLOBAL-CGE_v2\Run_Master.gms
Output     C:\Users\kimc0\GUIDE_GLOBAL_CGE\2.GUIDE-GLOBAL-CGE_v2\Run_Master.lst
