Region,ipcc_code_2006_for_standard_report,ipcc_code_2006_for_standard_report_name,Substance,Y_1970,Y_1971,Y_1972,Y_1973,Y_1974,Y_1975,Y_1976,Y_1977,Y_1978,Y_1979,Y_1980,Y_1981,Y_1982,Y_1983,Y_1984,Y_1985,Y_1986,Y_1987,Y_1988,Y_1989,Y_1990,Y_1991,Y_1992,Y_1993,Y_1994,Y_1995,Y_1996,Y_1997,Y_1998,Y_1999,Y_2000,Y_2001,Y_2002,Y_2003,Y_2004,Y_2005,Y_2006,Y_2007,Y_2008,Y_2009,Y_2010,Y_2011,Y_2012,Y_2013,Y_2014,Y_2015,Y_2016,Y_2017,Y_2018,Y_2019,Y_2020,Y_2021,Y_2022,Y_2023,Y_2024
01_KOR,1.A.1.a,Main Activity Electricity and Heat Production,CO2bio,0.0,0.0,0.0,0.0,0.0,0.0,0.0,0.0,0.0,0.0,0.0,0.0,0.0,0.0,0.0,0.0,0.0,0.0,0.0,0.0,0.0,0.0,0.0,0.70003,22.30015,192.20008,311.40037,126.59961,187.60005,258.30001,321.5148601,475.3915037,714.1964172,672.6033371,764.3105982,867.7936637,1077.942585,1298.014159,1509.919051,1698.188453,2175.691657,1853.001977,1906.797142,2067.902568,2684.73382,2994.977222,5808.493545,5945.978659,7307.415397,7961.757745,7670.724794,7266.570238,8222.341146,8967.477592,9106.099592
01_KOR,1.A.2,Manufacturing Industries and Construction,CO2bio,0.0,0.0,0.0,0.0,0.0,0.0,0.0,0.0,0.0,0.0,0.0,0.0,0.0,0.0,0.0,0.0,0.0,0.0,0.0,0.0,27.35464914,28.28276178,34.61633448,41.33212356,42.53341092,44.38986552,840.0607418,911.1264808,934.6265708,676.6211874,496.6265908,263.9462908,366.5478426,448.4907682,411.4338839,1003.543151,956.5488691,964.2130128,848.4294173,594.8089356,768.1588328,747.5278509,2799.27771,3344.792475,5595.036573,3517.530324,3410.733534,3572.591161,3699.127077,2615.133726,2383.226993,1928.95832,1910.061104,1953.874744,1931.494577
01_KOR,1.A.3.b_noRES,Road Transportation no resuspension,CO2bio,0.0,0.0,0.0,0.0,0.0,0.0,0.0,0.0,0.0,0.0,0.0,0.0,0.0,0.0,0.0,0.0,0.0,0.0,0.0,0.0,0.0,0.0,0.0,0.0,0.0,0.0,0.0,0.0,0.0,0.0,0.0,0.0,2.70517596,5.41065636,13.52648868,32.46332928,119.031707,235.3582452,492.1987326,723.292007,987.3987692,930.3757058,1002.404716,1053.425462,1107.447221,1239.500606,1467.592569,1565.445575,1901.110329,1901.065569,1928.005011,1943.112924,2061.840205,2063.283817,2264.868721
01_KOR,1.A.4,Residential and other sectors,CO2bio,0.0,0.0,0.0,0.0,0.0,0.0,0.0,0.0,0.0,0.0,0.0,0.0,0.0,0.0,0.0,0.0,0.0,0.0,0.0,0.0,1821.194934,1238.478124,949.5570982,725.1728273,526.6735808,423.7298154,376.0008217,552.5216128,563.0216828,589.9615172,712.2216528,870.5866,951.88629,1013.313326,913.0121591,915.8312174,1059.245525,1049.022281,915.1181527,1211.457574,921.2997383,1188.427299,1435.354095,1689.251252,4096.773827,5060.262834,2259.59323,2414.703673,2435.151667,1870.105014,1648.027762,1453.473674,1429.295867,1445.551125,1421.431242
01_KOR,1.A.5,Non-Specified,CO2bio,0.0,0.0,0.0,0.0,0.0,0.0,0.0,0.0,0.0,0.0,0.0,0.0,0.0,0.0,0.0,0.0,0.0,0.0,0.0,0.0,0.0,0.0,0.0,0.0,0.0,0.0,0.0,0.0,0.0,0.0,0.0,0.0,0.0,0.0,0.0,0.0,0.0,0.0,0.0,0.0,0.0,0.0,6.66115632,6.98873448,0.0,0.0,0.0,0.0,0.0,0.0,0.0,0.0,0.0,0.0,0.0
01_KOR,1.B.2,Oil and Natural Gas,CO2bio,0.0,0.0,0.0,0.0,0.0,0.0,0.0,0.0,0.0,0.0,0.0,0.0,0.0,0.0,0.0,0.0,0.0,0.0,0.0,0.0,0.0,0.0,0.0,0.0,0.0,0.0,0.0,0.0,0.0,0.0,0.0,0.0,2.07230892,4.1662614,13.32076512,32.88781068,130.918666,243.4740775,491.6675414,703.531989,987.5938232,930.1115935,996.1863024,1044.42184,1106.06677,1239.779543,1468.829261,1559.504612,1898.139851,1901.062609,1928.005011,1943.112924,2061.840205,2106.439178,2309.334601
01_KOR,3.C.1,Emissions from biomass burning,CO2bio,103.9634503,101.9868544,101.651232,101.749631,104.1190853,110.7633297,116.4651341,113.5036346,119.9785531,115.7454187,87.82205389,102.3150595,101.0578918,105.3490562,107.005185,102.2782842,100.0117109,99.71317443,105.0072182,103.4787713,98.5872951,91.17540488,89.40625396,82.34302101,83.87420778,79.8065425,85.39548148,85.9744068,81.87944099,84.29966646,84.58661579,87.17809948,80.71707234,75.0473292,79.90963801,77.82914089,75.27574391,72.36041116,76.14303639,75.98045061,69.46806565,67.34727722,65.51096598,66.9399837,66.66053603,66.7412991,65.00372192,61.73350399,60.94853926,59.85648437,56.99202344,61.18092786,59.60137096,58.83605541,58.06060901
01_KOR,4.C,Incineration and Open Burning of Waste,CO2bio,0.0,0.0,0.0,0.0,0.0,0.0,0.0,0.0,0.0,0.0,0.0,0.0,0.0,0.0,0.0,0.0,0.0,0.0,0.0,0.0,0.0,0.0,0.0,0.0,0.0,0.0,0.0,0.0,0.0,0.0,0.0,0.0,0.0,0.0,0.0,4.433,4.730362976,4.986178782,5.268402274,5.54537188,8.828013029,7.831053793,6.834094557,7.077190431,7.373499173,7.669807916,8.023511895,8.353158611,8.964337518,8.976953755,12.10430185,12.7681471,12.73018274,14.43278229,15.52647125
02_CHN,1.A.1.a,Main Activity Electricity and Heat Production,CO2bio,0.0,0.0,0.0,0.0,0.0,0.0,0.0,0.0,0.0,0.0,0.0,0.0,0.0,0.0,0.0,0.0,0.0,0.0,0.0,0.0,0.0,0.0,0.0,0.0,1491.70032,4859.49986,2981.80003,4929.30009,5393.20005,5484.89975,5523.29983,5562.0001,5533.79991,5503.40039,5470.79987,9492.89995,12071.69995,16048.7120627,23245.8054837,31875.9651882,37560.28617,41399.1399773,44828.4685955,54731.9849128,65047.4842209,76992.9184526,94236.0933118,115137.6611289,130651.4352887,159952.2182223,190212.11341800002,235007.3736495,260914.9489428,284926.16642729996,285516.38493909995
02_CHN,1.A.2,Manufacturing Industries and Construction,CO2bio,47020.1536,47020.1536,47020.1536,47020.1536,47020.1536,47020.1536,47020.1536,47020.1536,47020.1536,47020.1536,47020.1536,47020.1536,47020.1536,47020.1536,47020.1536,47020.1536,47020.1536,47020.1536,47020.1536,47020.1536,47020.1536,55560.624,70941.4496,63956.8608,50770.2272,47290.208,56134.4896,59344.4544,74470.5696,71628.8608,69072.5504,64134.8512,87233.7088,104664.4928,102234.0032,91569.9232,94110.8896,125553.8144,141606.7072,128548.9632,105695.6096,104498.7776,118949.7568,131381.4656,125345.136,102660.5664,99966.16,103044.1664,117105.408,104044.5952,107416.01534588,107413.2811136,107412.97965428,107413.732839791,105474.686521047
02_CHN,1.A.3.b_noRES,Road Transportation no resuspension,CO2bio,0.0,0.0,0.0,0.0,0.0,0.0,0.0,0.0,0.0,0.0,0.0,0.0,0.0,0.0,0.0,0.0,0.0,0.0,0.0,0.0,0.0,0.0,0.0,0.0,0.0,0.0,0.0,0.0,0.0,0.0,0.0,0.0,0.0,0.0,0.0,1966.653846,2535.885846,2832.792981,3188.152539,3581.46048,3902.9489925999997,4277.67935988,4544.1139622,4774.07221424,5171.7983791999995,4926.88694044,5387.1437576,5677.46550828,5906.72568616,7087.747474240001,6327.67055508,6165.24986136,6372.93085712,7030.1963442100005,8259.01468469
02_CHN,1.A.4,Residential and other sectors,CO2bio,646007.505924,646007.505924,662058.5574768,677347.3572768001,691480.9081896,703777.6610792,714771.6583319999,724584.5573768001,734348.0074343999,744214.7067792,753609.5559664,762231.7066791999,771022.7058240001,778870.4044984,783744.0560664,789595.8066791999,798496.2066791999,807348.4567216,816452.5576768001,828037.8568216,839328.1079896,847465.6612768001,852242.4080896,856661.0614768,855733.2887319999,851142.3763448,851891.1443448,851472.8598128,841382.3284664,837592.5517664,822053.5614343999,787939.2153216,777035.0172792,749250.6532792001,715390.0864792,686089.4053216,674238.8602343999,619326.1112896,563199.4659216,528880.5879344,484158.43418960006,446627.3149344,413163.87927679997,375322.7488448,366076.0516216,353616.41077679995,329424.810232,325952.7256,322969.5573896,302187.9891128,276864.4084132,254532.5869876,233962.8292988,201936.0606551,204644.2143424
02_CHN,1.A.5,Non-Specified,CO2bio,0.0,0.0,0.0,0.0,0.0,0.0,0.0,0.0,0.0,0.0,0.0,0.0,0.0,0.0,0.0,0.0,0.0,0.0,0.0,0.0,0.0,0.0,0.0,0.0,0.0,0.0,0.0,0.0,0.0,0.0,0.0,0.0,0.0,0.0,0.0,99.00669168,99.00669168,198.0133763,591.4348588,984.8563342,1240.189497,1615.372807,2167.726045,2324.052522,1662.270571,1537.209565,1451.230186,837.7531351,951.6214052,1686.894634,630.4746797,704.6489227,1043.064505,1008.297316,1184.781967
02_CHN,1.B.2,Oil and Natural Gas,CO2bio,0.0,0.0,0.0,0.0,0.0,0.0,0.0,0.0,0.0,0.0,0.0,0.0,0.0,0.0,0.0,0.0,0.0,0.0,0.0,0.0,0.0,0.0,0.0,0.0,0.0,0.0,0.0,0.0,0.0,0.0,0.0,0.0,0.0,0.0,0.0,2065.660538,2661.48274892,3057.39656892,3806.7235051800003,4593.12504056,5170.27459678,5920.7343942,6739.685907380001,6552.99249838,7036.73707174,6225.883889899999,6881.64246122,7386.67988098,6903.0028535,8281.67674888,9151.30909708,9840.85618162,11371.13987108,13819.50145601,18045.70668643
02_CHN,3.C.1,Emissions from biomass burning,CO2bio,82687.610388897,86601.54089452,85492.609394976,89073.61397815,92263.07690283799,94841.945803511,96651.718287434,93856.44889948699,101714.523412945,106409.63713803,102691.737335077,104266.449963149,111270.694815679,119562.60677221,124512.59338253,118031.96687383199,121863.642314418,122931.76314934899,121277.84270436,125215.36390436,135249.048884953,132119.586800749,133665.43076417502,136106.80838813898,132693.336395995,137432.146268378,146619.713129404,147301.583814961,148501.005636776,147751.696883013,134792.181232962,133694.03737870598,135150.728044667,129896.510293903,142117.71120062302,149168.168849382,157816.16725442,161140.162799284,170488.148444147,173939.506389012,179990.521598051,186143.227801917,191500.821115676,194792.73682367502,196864.668324955,212535.57677048602,212160.438815863,213156.82080845,211662.570200744,212887.93860837002,214726.81610586398,217908.208304984,219277.160106397,220851.20080575702,223548.31820676
02_CHN,4.C,Incineration and Open Burning of Waste,CO2bio,0.0,0.0,0.0,0.0,0.0,0.0,0.0,0.0,0.0,0.0,0.0,0.0,0.0,0.0,0.0,0.0,0.0,0.0,0.0,0.0,0.0,0.0,0.0,0.0,0.0,99.0,106.49053081299999,11.849554147000001,120.39310049400001,126.497485967,140.498189885,142.135311322,156.042375252,163.459460974,164.209798253,169.28175165899998,161.775279348,166.296073858,170.568761239,170.885542666,178.36988488600002,176.238071843,179.765783231,179.22945903,178.72460306,178.408999707,177.702857115,183.26019680099998,188.87774099199999,196.780492817,211.69563938800002,267.613570235,268.125912038,268.125912038,283.975546247
03_JPN,1.A.1.a,Main Activity Electricity and Heat Production,CO2bio,0.0,0.0,0.0,0.0,0.0,0.0,0.0,0.0,0.0,0.0,0.0,0.0,6301.40029,6947.30002,7728.20017,8232.49981,9053.40026,9770.10003,10837.19979,11686.40006,7424.03669,7584.70765,7604.6745,7483.15179,7844.1356,8279.83871,8330.91474,8644.83556,8287.14551,8433.79739,8185.41088,7714.7685,8025.40938,8380.05353,8680.48825,11327.98695,11332.92612,11734.131,11216.3088,10317.03619,14283.55734,14049.07997,14258.56832,15601.29542,16228.05597,17425.15759,13791.89681,17311.79239,18685.00629,22458.28851,22431.40241,27228.9871,26580.15578,29538.46276,29593.89803
03_JPN,1.A.2,Manufacturing Industries and Construction,CO2bio,9106.5821,9106.5821,9106.5821,9106.5821,9106.5821,9106.5821,9106.5821,9106.5821,9106.5821,9106.5821,9106.5821,9106.5821,17990.48226,18247.78206,18838.28247,18978.98198,18467.08204,18664.38164,18951.98213,19294.98197,18662.256,18520.53273,17844.78752,16645.2409,16440.55373,16967.90144,17050.8447,17709.04435,15864.98112,16975.84314,18580.30338,16568.88435,19008.62268,19384.34564,19801.00059,21586.95591,22401.05764,24351.49634,22297.77596,20667.51426,22742.3284,21787.8394,20458.33574,21908.31979,20601.29095,20174.593,20167.30922,20482.44014,21063.20892,20365.33968,18167.1052,19929.53627,20429.82437,20018.58819,19908.90265
03_JPN,1.A.3.b_noRES,Road Transportation no resuspension,CO2bio,0.0,0.0,0.0,0.0,0.0,0.0,0.0,0.0,0.0,0.0,0.0,0.0,0.0,0.0,0.0,0.0,0.0,0.0,0.0,0.0,0.0,0.0,0.0,0.0,0.0,0.0,0.0,0.0,0.0,0.0,0.0,0.0,0.0,0.0,0.0,0.00177708,10.34227992,14.41072404,16.22514396,41.30421732,587.6225336,571.410424,582.1176142,680.9375567,827.899354,1019.855875,1200.746243,1316.999553,1333.16897,1264.744197,1347.38583,1363.42363,1311.817149,1322.776736,1623.993547
03_JPN,1.A.4,Residential and other sectors,CO2bio,116.1654816,116.1654816,116.1654816,116.1654816,116.1654816,116.1654816,116.1654816,116.1654816,116.1654816,116.1654816,116.1654816,116.1654816,756.3653016,704.3656616,688.7656516,649.6655416,618.8653516,585.7653416,556.1655016,540.3653616,643.9698216,645.594882,640.92164,611.4623788,599.9703456,541.7557052,512.8249172,481.9670428,459.7751128,520.0985816,459.4906616,446.9984392,1810.328079,2019.064333,2870.397461,3273.3958,3538.180605,4413.927063,3982.61976,3908.693851,3933.729636,4028.474806,3916.984148,4357.217358,5134.572286,5179.363191,5219.715659,5646.651854,5692.704822,5836.048269,4782.566327,4857.43544,4855.951994,4810.210632,4810.210632
03_JPN,1.A.5,Non-Specified,CO2bio,0.0,0.0,0.0,0.0,0.0,0.0,0.0,0.0,0.0,0.0,0.0,0.0,0.0,0.0,0.0,0.0,0.0,0.0,0.0,0.0,0.0,0.0,0.0,0.0,0.0,0.0,0.0,0.0,0.0,0.0,0.0,0.0,272.37144,316.43123,488.66613,567.97459,626.05346,792.28031,702.15734,684.53343,695.74861,714.97481,919.17635,518.6679,98.1478,98.1478,98.1478,107.27377,39.62974,39.56484,0.00921,0.00879,0.00879,0.00879,0.00879
03_JPN,1.B.1,Solid Fuels,CO2bio,0.0,0.0,0.0,0.0,0.0,0.0,0.0,0.0,0.0,0.0,0.0,0.0,0.0,0.0,0.0,0.0,0.0,0.0,0.0,0.0,143.1322484,140.168668,147.45866,140.4232612,137.4758544,124.5366648,123.7281928,121.3018472,112.4063772,108.7675684,99.8720984,93.2892608,83.1484508,86.1244368,79.2793392,72.8944696,69.7000948,68.4752472,66.6028296,64.8117188,58.5805236,52.6491044,50.0733216,50.1223316,49.2325036,43.0945392,40.8181012,39.564746,34.2757076,32.2338308,29.7189832,26.9733704,25.311686,21.78462035,21.78462035
03_JPN,1.B.2,Oil and Natural Gas,CO2bio,0.0,0.0,0.0,0.0,0.0,0.0,0.0,0.0,0.0,0.0,0.0,0.0,0.0,0.0,0.0,0.0,0.0,0.0,0.0,0.0,27.24583134,22.6727046,20.87522892,2.17603386,1.97006628,1.89051408,1.68592242,1.74307224,1.7389554,1.89097272,1.56110682,1.6882047,1.70877798,1.7940468,1.6845465,2.30491428,10.34227992,14.41072404,16.22514396,41.30421732,53.42861112,60.72927348,60.376824,58.10165898,68.00205312,45.0523302,39.65200032,38.81941398,36.79085406,37.62173016,30.66842598,25.29468186,25.29468186,19.22903419,15.78004613
03_JPN,3.C.1,Emissions from biomass burning,CO2bio,1833.80111,1614.496459,1615.508614,1583.324688,1600.044081,1668.83598,1559.413615,1665.880698,1631.031292,1638.86915,1469.792436,1497.27278,1549.907792,1539.688388,1682.683984,1700.613417,1687.074995,1595.744877,1584.964595,1602.077035,1587.714555,1455.050686,1519.526477,1276.024912,1568.949051,1434.517468,1337.474308,1285.290899,1151.454405,1127.834609,1130.01301,1071.512146,1056.550447,962.413468,974.0619998,950.7073519,876.2810319,867.720764,831.0967997,722.3773509,658.2480458,677.4167775,698.7304755,673.8276415,667.3279009,676.8400068,617.708363,626.8346703,576.1843138,608.2659279,578.2669816,606.3331477,580.5421369,586.0778882,579.475346
03_JPN,4.C,Incineration and Open Burning of Waste,CO2bio,7366.738801,7551.716464,7742.786855,7936.518658,8128.305139,8314.681049,8418.897078,8514.627975,8603.306276,8687.480249,8768.898508,8849.692865,8927.433472,9001.505258,9071.215896,9135.948421,9197.768211,9254.965334,9308.443994,9359.198677,9408.071299,9198.275646,9546.962999,9634.866925,10655.82544,11122.98229,11611.67043,11133.22097,10801.57678,10510.90897,9779.694201,9268.538477,8422.328273,7796.273136,7595.882216,7376.070916,7424.810859,7300.838536,6663.741291,6720.764596,6336.157908,6576.444036,6353.768035,6522.395343,6062.056745,6469.86821,4520.928359,4305.23965,5176.221662,4939.230453,4964.052905,4912.266263,4851.004702,4956.3885,5067.843862
04_RUS,1.A.1.a,Main Activity Electricity and Heat Production,CO2bio,0.0,0.0,0.0,0.0,0.0,0.0,0.0,0.0,0.0,0.0,0.0,0.0,0.0,0.0,0.0,0.0,0.0,0.0,0.0,0.0,16694.3,15752.0,14738.3,10157.8,9336.1,9383.7,7247.2,5860.1,5312.7,6426.4,5354.0,5180.8,5126.2,4683.7,5429.6,5106.2,5096.2,5366.2,4048.7,4090.6,4157.2,4063.6,3852.7,3595.7,3254.0,3071.9,2402.5,2289.704,2092.526,2360.264,2385.925,2604.962,2257.634,2263.263461,2263.263461
04_RUS,1.A.1.bc,Petroleum Refining - Manufacture of Solid Fuels and Other Energy Industries,CO2bio,128.87057,128.87057,131.4485391,134.3724066,137.2525003,130.1871197,141.7815489,145.8204737,261.3237946,268.2226259,267.6045546,267.5609476,270.1623443,269.9758277,277.7693881,291.8805231,295.4438665,298.1718262,301.983104,304.9488143,365.4,344.7,322.5,209.2,38.9,182.8,158.6,25.2,1.5,3.8,7.1,7.4,29.6,16.9,11.7,2.4,8.6,25.0,2.5,0.0,0.0,0.0,0.0,0.0,0.0,0.0,0.0,0.0,0.0,0.0,0.0,0.0,0.0,0.0,0.0
04_RUS,1.A.2,Manufacturing Industries and Construction,CO2bio,0.0,0.0,0.0,0.0,0.0,0.0,0.0,0.0,0.0,0.0,0.0,0.0,0.0,0.0,0.0,0.0,0.0,0.0,0.0,0.0,0.0,0.0,0.0,0.0,0.0,0.0,0.0,0.0,1062.7,1653.0,737.8,681.8,617.2,717.6,930.7,1095.7,348.5,333.0,835.7,545.4,406.7,366.6,390.8,422.3,337.1,391.188,279.7888,330.88784,419.15452,923.944584,922.163264,989.482872,992.446776,994.6907976,994.6907976
04_RUS,1.A.4,Residential and other sectors,CO2bio,65005.24182,65005.24182,64252.86575,62823.37657,63801.45521,61845.21781,61995.74063,60716.69415,58534.82967,58760.53456,59362.38781,60867.13994,62672.85375,60415.7294,64102.34601,65285.10124,60717.46525,64935.21938,61001.09849,56088.05082,33458.6,31570.0,29538.5,30366.6,19246.8,16221.5,14524.8,13009.3,9359.7,12737.2,9395.9,9064.7,7874.8,7975.6,6938.3,8417.8,8567.8,9490.4,8339.1,7514.8,7780.8,8225.0,8864.6,8646.9,8004.2,8318.796,9201.596,8306.37012,8790.67776,8837.0872,8970.19068,8996.25268,7799.44968,7818.858872,7818.858872
04_RUS,1.A.5,Non-Specified,CO2bio,944.2280168,944.2280168,933.2994433,912.5355219,926.7425186,898.3273615,900.5137677,881.9350887,850.2426049,853.5210617,862.263229,884.120376,910.3491157,877.5634512,931.1130819,948.2930907,881.9462892,943.210912,886.0661792,814.7021304,486.0,458.7,429.2,2429.2,445.9,143.4,211.0,134.9,0.0,0.0,816.5,854.4,1117.9,1233.4,1007.6,0.0,0.0,523.9,0.0,0.0,0.0,0.0,0.0,0.0,0.0,0.0,0.0,0.0,0.0,0.0,0.0,0.0,0.0,0.0,0.0
04_RUS,1.B.1,Solid Fuels,CO2bio,0.0,0.0,0.0,0.0,0.0,0.0,0.0,0.0,0.0,0.0,0.0,0.0,0.0,0.0,0.0,0.0,0.0,0.0,0.0,0.0,0.0,0.0,0.0,0.0,0.0,0.0,0.0,0.0,0.0,0.0,0.0,0.0,0.0,0.0,0.0,0.0,0.0,0.0,0.0,0.0,0.0,0.0,0.0,0.0,0.0,267.7752,310.2792,326.11268,323.04212,272.4444,231.07252,235.37972,235.56768,235.56768,235.56768
04_RUS,1.B.2,Oil and Natural Gas,CO2bio,35.7634665,35.7634665,36.47889059,37.29030655,38.08957466,36.12882829,39.34645184,40.4673125,72.52117202,74.43569852,74.26417471,74.25207313,74.97399872,74.92223766,77.08506455,81.00111075,81.9899906,82.7470393,83.80472458,84.62775252,101.40384,96.12186,88.72836,128.86738,264.0725,59.15224,72.88454,63.3774,31.6887,42.2516,123.58646,132.03572,322.33838,302.10064,16.90064,0.0,755.4,0.0,0.0,0.0,0.0,0.0,0.0,0.0,0.0,0.0,0.0,0.0,0.0,0.0,0.0,0.0,0.0,0.0,0.0
04_RUS,3.C.1,Emissions from biomass burning,CO2bio,20180.89811,19803.11024,18676.8972,22696.02527,20518.21992,16823.74385,22668.40278,20869.94851,24241.94781,19659.20271,20588.88838,18141.29823,19968.90301,20218.69714,18622.28486,19848.84721,21233.05229,20860.94187,20011.74288,21326.99592,23080.2941,18127.81521,20946.1853,19770.47702,16275.28448,13931.98112,14655.09821,17409.60561,10694.89053,11877.02388,13456.64429,16738.00398,17249.48916,13409.21029,15720.23727,15966.33113,15885.93874,16477.78727,20805.53546,19271.72192,13181.00389,19025.25823,14839.18848,18327.73682,20523.94975,20775.66946,23614.25351,26269.42937,22694.92184,24045.13575,25903.66473,24020.37515,30431.10673,27717.22486,25767.56989
04_RUS,4.C,Incineration and Open Burning of Waste,CO2bio,0.0,0.0,0.0,0.0,0.0,0.0,0.0,0.0,0.0,0.0,0.0,0.0,0.0,0.0,0.0,0.0,0.0,0.0,0.0,0.0,0.0,0.0,0.0,0.0,0.0,0.0,0.0,0.0,0.0,0.0,0.0,0.0,0.0,0.0,0.0,0.0,4.741,4.723123274,4.705246548,4.417165096,12.22290241,4.29594706,0.0,0.0,0.0,0.0,0.0,7.544691009,9.221289011,9.221289011,27.6546875,27.6546875,27.6546875,27.6546875,31.3413672
05_MNG,1.A.1.a,Main Activity Electricity and Heat Production,CO2bio,0.244850195,0.250286587,0.250953957,0.246577262,0.245673535,0.296938047,0.304815203,0.341038809,0.407051565,1.976397268,1.917831115,2.027971796,1.845842668,1.185228558,1.162810252,0.0,0.0,0.0,0.0,0.0,0.0,0.0,0.0,0.0,0.0,0.0,0.0,0.0,0.0,0.0,0.0,0.0,0.0,0.0,0.0,0.0,0.0,0.0,0.0,0.0,0.0,0.0,0.0,0.0,0.0,0.0,0.0,0.0,0.0,0.0,0.0,0.0,0.0,0.0,0.0
05_MNG,1.A.2,Manufacturing Industries and Construction,CO2bio,0.0,0.0,0.0,0.0,0.0,0.0,0.0,0.0,0.0,0.330419357,0.0,1.356166898,1.973717311,3.252238603,3.161070686,0.0,0.0,0.0,0.0,0.0,0.0,0.0,0.0,0.0,0.0,0.0,0.0,0.0,0.0,0.0,0.0,0.0,0.0,0.0,0.0,0.0,0.0,0.0,0.0,0.0,0.0,0.0,0.0,0.0,0.0,0.0,0.0,0.0,0.0,0.0,0.0,0.0,0.0,0.0,0.0
05_MNG,1.A.4,Residential and other sectors,CO2bio,446.3129817,455.7222746,464.1688719,464.5392074,469.9638781,494.455274,516.1868275,582.6753994,618.4470498,689.5454069,679.5143243,720.4029222,639.5657684,418.244133,398.6500553,224.3968,346.5968,328.8464,282.3464,281.2464,147.996,90.896,81.6456,81.8456,67.7952,52.8952,52.4952,52.4952,47.2448,47.2448,152.0448,178.7944,208.2944,208.2944,208.2944,202.844,220.244,221.944,223.644,219.7936,221.4936,222.7936,155.4936,155.4936,150.2432,150.0432,155.4936,149.33356,148.46436,147.68652,200.15116,199.85424,199.55156,200.203276,200.203276
05_MNG,1.A.5,Non-Specified,CO2bio,0.0,0.0,0.0,0.0,0.0,0.0,0.0,0.0,0.0,0.0,0.0,0.0,0.0,0.0,0.0,139.2,151.3,139.0,115.5,113.2,54.1,24.8,19.0,18.8,11.2,4.2,4.6,4.5,1.0,0.9,42.2,50.9,61.7,61.7,61.7,58.3,65.0,65.6,66.2,63.4,64.0,64.5,38.6,38.6,35.2,35.1,38.5,34.628,34.094,33.594,53.53,53.218,52.904,52.99871813,52.99871813
05_MNG,1.B.1,Solid Fuels,CO2bio,2.318871468,2.726029571,2.773085016,2.781404314,2.482094265,3.140303049,3.194016319,4.506794266,5.296968206,6.899451856,6.547515109,7.002482567,4.825935024,0.0,0.0,71.0032,71.0032,79.8536,79.8536,79.8536,88.704,88.704,97.5544,97.5544,106.4048,106.4048,106.4048,106.4048,115.3552,115.3552,115.3552,124.2056,124.2056,124.2056,124.2056,133.056,133.056,133.056,133.056,141.9064,141.9064,141.9064,141.9064,141.9064,150.7568,150.7568,141.9064,152.02944,153.36964,154.71748,156.07384,157.39576,158.72744,158.5888329,158.5888329
05_MNG,1.B.2,Oil and Natural Gas,CO2bio,0.0,0.0,0.0,0.0,0.0,0.53820021,0.552477556,0.618132841,0.646821664,0.709789731,0.688756685,0.728311853,0.856204129,0.549774693,0.658130143,0.0,0.0,0.0,0.0,0.0,0.0,0.0,0.0,0.0,0.0,0.0,0.0,0.0,0.0,0.0,0.0,0.0,0.0,0.0,0.0,0.0,0.0,0.0,0.0,0.0,0.0,0.0,0.0,0.0,0.0,0.0,0.0,0.0,0.0,0.0,0.0,0.0,0.0,0.0,0.0
05_MNG,3.C.1,Emissions from biomass burning,CO2bio,81.56888937,95.80851178,67.10546941,107.6668692,86.00296034,113.4452951,95.72417857,105.8476209,102.7830939,98.21781545,90.48731629,100.1734524,132.354049,181.5122612,146.7068185,195.5014777,192.616369,163.7919735,188.0912358,193.7928539,172.3179581,151.1705818,131.6287191,127.2705919,94.39444556,74.36240373,65.3949344,68.07694229,59.12702517,52.72407756,40.76639771,42.06949637,40.35051113,46.89696169,39.7821366,27.56993958,35.66479347,31.43200258,52.0382681,91.9120697,85.34905391,105.1854131,111.7725598,93.60977992,119.1882599,69.13198283,117.3365424,65.73893242,108.1645885,105.4813738,105.9374933,143.8869365,108.0761987,113.8245528,108.7221787
05_MNG,4.C,Incineration and Open Burning of Waste,CO2bio,0.0,0.0,0.0,0.0,0.0,0.0,0.0,0.0,0.0,0.0,0.0,0.0,0.0,0.0,0.0,0.0,0.0,0.0,0.0,0.0,0.0,0.0,0.0,0.0,0.0,0.0,0.0,0.0,0.0,0.0,0.0,0.0,0.0,0.0,0.0,0.0,0.066,0.058115044,0.241346397,0.114102402,0.037046776,0.054339444,0.071632111,0.083160556,0.106217446,0.089279393,0.065749684,0.05899115,0.056905183,0.061035398,0.053583723,0.12513193,0.071194228,0.074070315,0.077503341
06_PRK,1.A.4,Residential and other sectors,CO2bio,372.5568,372.5568,372.5568,376.0061872,376.0061872,376.0061872,372.5568,365.6575664,362.2081792,355.3089344,351.8590768,348.4096896,344.959832,344.959832,341.5104448,338.0605872,341.5104448,341.5104448,344.959832,351.8590768,355.3089344,369.1074128,389.8046768,403.6031664,417.401656,434.6495216,451.8973984,469.1457456,476.0449904,479.4943776,486.3936224,493.2928672,500.1921008,503.641488,510.5407328,517.4399776,520.8893648,527.7886096,531.2384672,534.6878544,541.5870992,545.0369568,548.486344,555.3855888,558.834976,562.2848336,565.7342208,571.8780256,576.5245696,581.2090928,585.9283248,590.4782688,590.4782688,595.0853144,595.0853144
06_PRK,1.A.5,Non-Specified,CO2bio,1901.89995,1901.89995,1980.0001,2068.9001,2173.40012,2254.50011,2347.30011,2448.89993,2543.59991,2649.19979,2705.79989,2761.49982,2819.10014,2869.00009,2928.60003,2989.10013,2964.69988,3002.80017,3034.00021,3057.49988,3090.69995,3099.40012,3091.60011,3097.69986,3108.3,3110.19997,3111.10013,2908.99994,2929.09993,2956.70016,2966.90004,2970.30014,2990.30006,3018.40019,3035.70005,3050.00006,3069.99999,3078.50003,3089.99991,3101.69993,3102.99993,3111.99987,3122.10011,3125.20002,3138.90006,3154.09982,3169.3,3176.51721,3186.82678,3196.13111,3204.43939,3211.90739,3229.52879,3247.161363,3247.161363
06_PRK,1.B.1,Solid Fuels,CO2bio,577.84303,577.84303,577.84303,583.1938828,583.1938828,583.1938828,577.84303,567.1426336,561.7917808,551.0909756,545.7410232,540.3901704,535.040218,535.040218,529.6893652,524.3394028,529.6893652,529.6893652,535.040218,545.7410232,551.0909756,572.4926072,604.5954932,625.9966836,647.398304,674.1503484,700.9023916,727.6543844,738.3551896,743.7056224,754.4064276,765.1072328,775.8080492,781.158482,791.8592872,802.5600924,807.9105252,818.6113304,823.9617028,829.3121356,840.0129408,845.3628932,850.713746,861.4145512,866.764984,872.1153564,877.4657892,886.9948544,894.2019704,901.4678372,908.7869052,915.8440312,915.8440312,919.450312,919.450312
06_PRK,3.C.1,Emissions from biomass burning,CO2bio,810.8293418,826.9802252,808.6250086,872.0622091,914.8318617,944.3481035,974.0782649,1014.315762,1018.16743,1042.308048,1013.600046,1074.342357,972.5786696,994.0455968,1038.090874,1041.16891,1085.17197,1098.32912,1099.60336,1118.658606,1097.073149,1353.516294,1322.224558,1352.996928,1163.372568,792.3505912,656.2639603,696.4902795,863.7509902,798.7888277,687.9800522,803.9169789,848.2364646,869.1301822,876.5585896,896.5338015,899.6637868,815.1278311,891.6957291,862.892941,871.3994362,889.5123605,931.6511435,931.1083123,926.5329557,845.5850113,858.0676336,831.4306707,755.8301812,936.8542623,828.6032743,848.1059756,802.7766754,766.2451328,768.6579601
07_NAM,1.A.1.a,Main Activity Electricity and Heat Production,CO2bio,1039.00017,1056.8998000000001,1079.49992,1122.6997900000001,1077.09994,804.2002,906.69987,1139.39994,1055.79988,1244.59987,1420.00001,2215.79997,2241.40015,2283.6998,2603.5001899999997,3073.9002,3069.49993,3839.9998800000003,4239.40017,138155.70003,152744.276892494,145367.96000023402,151067.521471884,153810.60372370802,159961.175976656,150357.865657639,162594.525482699,160886.708436352,155182.638187145,73942.133376049,75002.600445914,75484.167726778,90661.493595239,82502.51913570201,84640.91717953801,79004.3853708,66365.77601090999,67462.059254011,66634.027612334,65949.00053091701,70283.011859137,69285.36237766,74842.70267504,75901.512262941,80263.711752362,78096.352105929,76818.128574075,76681.294535169,75453.47750247401,70052.63923584801,66272.491815851,66596.804870592,63733.85432892,59783.962360117,59505.444071116995
07_NAM,1.A.1.bc,Petroleum Refining - Manufacture of Solid Fuels and Other Energy Industries,CO2bio,0.0,0.0,0.0,0.0,0.0,0.0,0.0,0.0,0.0,0.0,0.0,0.0,0.0,0.0,0.0,0.0,0.0,0.0,0.0,0.0,0.0,0.0,0.0,0.0,0.0,0.0,0.0,0.0,0.0,0.0,0.0,0.0,0.0,0.0,0.0,0.0,0.0,0.0,0.0,0.0,0.0,531.547996,380.065436,388.998268,327.64248,435.981348,412.10556,393.28338,347.232228,343.421772,214.339212,202.171524,83.114244,118.6523362,137.2995494
07_NAM,1.A.2,Manufacturing Industries and Construction,CO2bio,207806.112818182,210404.01991644397,217798.117941515,224000.409093183,223056.17391459798,207117.532115724,223624.836236515,230209.679752445,244595.093974098,245811.13159430097,245628.25395798503,243890.98839920902,243167.694386388,260260.441143752,287033.589042406,281716.021089383,291326.020643698,314950.861945778,315421.88581567304,150045.12810919498,142025.647915885,148176.218874404,171531.127701418,142891.475834188,148289.33712268,178595.336670849,167718.504432205,185338.116140358,199788.87302527702,270105.55179776903,271143.557300484,241915.976791189,223143.523382343,241867.27225688501,254683.767607968,249708.26694184,272718.459659976,260462.362651652,246604.42152578803,224808.253593463,237636.009121029,232322.70134462698,239104.883531622,246102.170107048,247834.97696298797,241417.149030017,241585.696231,245480.789410356,272495.599417752,273017.298328525,259521.693847919,261211.092735944,260129.362022484,262456.324812899,262748.601622899
07_NAM,1.A.3.b_noRES,Road Transportation no resuspension,CO2bio,0.0,0.0,0.0,0.0,0.0,0.0,0.0,0.0,0.0,0.0,0.0,0.0,0.0,0.0,0.0,0.0,0.0,0.0,0.0,0.0,0.0,0.0,0.0,6537.7428,7319.9235,7852.1094,5632.4586,7132.4274,8199.2878908,8557.319745499999,9843.5889194,10341.684619399999,12316.8446074,16706.877872,20915.372892,24459.363882,34061.1961266,44690.011528999996,60347.731541999994,68322.266083,72457.536377,79166.74386700001,88391.267452,98204.996612427,99192.407167,101694.669624,109536.737601695,107694.63933999199,105827.97588341,106177.139056873,95302.869861673,108247.879381259,114717.669695124,129043.269556212,134706.491503862
07_NAM,1.A.3.c,Railways,CO2bio,0.0,0.0,0.0,0.0,0.0,0.0,0.0,0.0,0.0,0.0,0.0,0.0,0.0,0.0,0.0,0.0,0.0,0.0,0.0,0.0,0.0,0.0,0.0,0.0,0.0,0.0,0.0,0.0,0.0,0.0,0.0,0.0,0.0,0.0,0.0,0.0,0.0,0.0,0.0,17.38848,202.863948,1025.911824,627.725544,662.7765,595.861296,873.08082,818.23914,1389.999408,1431.517944,1218.399324,1286.4714,1683.759936,2276.784276,6156.228496,7123.731615
07_NAM,1.A.3.d,Water-borne Navigation,CO2bio,0.0,0.0,0.0,0.0,0.0,0.0,0.0,0.0,0.0,0.0,0.0,0.0,0.0,0.0,0.0,0.0,0.0,0.0,0.0,0.0,0.0,0.0,0.0,0.0,0.0,0.0,0.0,0.0,0.0,0.0,0.0,0.0,0.0,0.0,0.0,0.0,0.0,0.0,0.0,0.0,0.0,263.72292,159.32124,187.99878,172.066656,232.609152,220.9845,368.063712,361.312224,319.53102,281.049804,464.693676,609.328164,1702.110757,1789.31786
07_NAM,1.A.3.e,Other Transportation,CO2bio,0.0,0.0,0.0,0.0,0.0,0.0,0.0,0.0,0.0,0.0,0.0,0.0,0.0,0.0,0.0,0.0,0.0,0.0,0.0,0.0,0.0,0.0,0.0,0.0,0.0,0.0,0.0,0.0,0.0,0.0,0.0,0.0,0.0,0.0,0.0,0.0,0.0,0.0,0.0,2.897844,20.286324,0.0,0.0,0.0,0.0,0.0,0.0,0.0,0.0,0.0,0.0,0.0,0.0,0.0,0.0
07_NAM,1.A.4,Residential and other sectors,CO2bio,33442.263528737,33442.251833128,33442.247508818,33442.248924341,33442.250883287,33442.238938704,33442.225205493996,33442.226058716,33442.225649657,33442.221664184,33442.259783845,33442.284602563,33442.283210662,33442.242091184,33442.235258116,33442.24972344,34170.555160587,33120.014001483,33456.117303822,32997.438658733,43082.028880789,40309.963681486,47081.609755198006,103961.899303745,104884.36963517501,111388.81725200902,113500.07634604,95729.136117442,103899.85278103499,93635.522471668,89236.506899877,75972.519396846,71064.866254027,85410.791079473,87116.54074839101,97389.18218227499,86377.47529072,91433.209816022,93937.03513891001,89966.682485591,106511.453856879,107586.61752815299,94063.314808621,111920.43487342501,116261.215456228,99660.990487971,87018.178433603,83527.870485169,98814.69922528301,106488.950490014,98688.447687849,97281.179625095,103235.443454354,108184.075302081,108365.08941328099
07_NAM,1.A.5,Non-Specified,CO2bio,41943.613765293,39966.213295662,39750.513193337,37063.117139276,38826.417430981004,44528.416892172005,50410.412385058,56710.412251245005,65094.412169104,76209.711716148,85596.51176344,86814.212556164,90489.112424075,91053.61085425901,93691.21022399199,95754.11047389201,92949.31026750301,97841.607674597,93357.007339051,109554.507207448,56689.532248239004,69341.830587876,82023.130494869,0.225968121,0.223680401,0.223001119,0.22070134,0.218134431,0.213981087,3833.54042246,4164.215099311,1807.8500042080002,0.245734738,0.280133918,0.269902429,0.26520293,0.262870472,0.258423658,0.248634361,0.244513831,0.239381238,0.427308675,0.426561465,0.42746493,0.084873024,0.085687522,0.084493194,0.084337498,0.084132603,0.092592022,0.100891455,0.093593523,0.094015117,0.091951255,0.091951255
07_NAM,1.B.1,Solid Fuels,CO2bio,0.0,0.0,0.0,0.0,0.0,0.0,0.0,0.0,0.0,0.0,0.0,0.0,0.0,0.0,0.0,0.0,0.0,0.0,0.0,0.0,0.190968569,0.190399135,0.187773837,0.186160266,0.183537586,0.183365027,0.185541992,0.187916675,0.188577786,0.187970955,0.214699896,0.210889919,0.217923207,0.215712877,0.211436349,0.208964862,0.205668376,0.202878052,0.199408695,0.197194248,0.195134598,0.160742108,0.158111294,0.151830123,0.239551034,0.238328018,0.239038928,0.237984603,0.237222527,0.237738923,0.188328948,0.196012751,0.194876053,0.194876053,0.194876053
07_NAM,1.B.2,Oil and Natural Gas,CO2bio,0.0,0.0,0.0,0.0,0.0,0.0,0.0,0.0,0.0,0.0,0.0,0.0,0.0,0.0,0.0,0.0,0.0,0.0,0.0,0.0,0.0,0.0,0.0,6552.894,7270.6821,7694.9157,5530.188,7234.698,8106.3166796,8623.4364317,8851.8874997,9325.3986077,12087.4559917,16288.351341700001,19904.0988417,23429.5728188,30647.3836483,43152.039019,60865.304961,69228.01629099999,78818.638903,89639.10210799999,92613.493372,97028.738672,102822.907472,105363.235207,111519.816504,114891.274359,118200.90314,115391.89888600001,104994.058641,119885.492046,128583.407202,142650.025522,153802.59849499998
07_NAM,3.C.1,Emissions from biomass burning,CO2bio,4241.044649736999,4779.248174545,4584.607721657,4837.171458019,4535.158220695999,5232.4543377459995,5460.792477443,5352.806010946,5160.821698516,5386.593480792,5462.451862462,6330.874664235,6352.5364755539995,5169.534211718999,5741.135131576,5913.021395801,5628.9350380569995,5289.508616058,4335.22406315,5225.110131343,5894.926855109,5192.449855695,5842.551039516,5291.12419517,5759.635738409001,5211.785176920001,5878.82319081,6052.345284016,6267.676416781,6092.419343479,6152.336581227,5679.993717759,5117.905721738,5984.034966759999,6255.167013004,6026.4809675100005,5670.358075301,6069.810494558999,6465.99140747,6398.356377251,6276.028224294,5826.228297857,5892.605711495,6321.024059323,6409.476425506,6351.260403474999,7000.156587384,6178.451862989,6235.079655865,5814.463061865,6000.345977956,5916.995996335,5712.322749461,6076.732360014999,6200.719798945
07_NAM,4.C,Incineration and Open Burning of Waste,CO2bio,97.93156872,99.52544823,101.1203366,102.6925032,104.2095588,105.6487096,107.0335813,108.3494631,109.6081934,110.8280083,112.0276104,113.3924635,114.7436736,116.127049,117.6020682,119.2074462,120.8192541,122.5597504,124.3774685,126.1991127,127.967848,132.7166059,137.4033143,142.2459559,151.0319635,156.3038462,187.04354439,183.64143364,179.74695261,182.14580098000002,183.47340379,186.92799739,195.78396385000002,190.20915101,186.72077475999998,187.33121502,196.19945138,196.48368544,185.63995293,177.68420765000002,176.65363157000002,182.96107798,181.43572165,180.32825065,185.43542348999998,193.05515013000002,190.44172443000002,191.34259717,198.52473591999998,205.81677039,209.10664389,212.28472732,210.18953037,206.42405901,208.75139693
08_LAM,1.A.1.a,Main Activity Electricity and Heat Production,CO2bio,4105.29987,4105.29987,3821.09964,3937.00069,4140.5005,4479.5993,4637.80009,5011.69977,5479.19995,5920.20108,5826.600840000001,6157.10023,6862.29977,7731.8994299999995,7858.69998,7942.50087,8402.7004,8774.40027,9202.60044,9053.70034,9993.329997507999,13070.119377768999,14433.235743121,13682.030201295001,14348.050637352,14239.84191337,15592.216763298999,16326.031138641,16766.968316842,18159.670615977,17428.454169118002,20846.13017825,23843.004825801,25722.573328282,26713.141887376,27855.777218159,26960.298114129,30564.388813715996,31715.549903589,35939.177914344,45194.533312569,45353.409752941,63546.988139500005,70843.918454221,74634.69590386799,77858.82823759201,82166.015797842,86746.411843085,87565.22399525,88752.914565606,91683.860507554,94478.727305009,90781.887961249,93075.20901394999,93234.07388435
08_LAM,1.A.1.bc,Petroleum Refining - Manufacture of Solid Fuels and Other Energy Industries,CO2bio,352.1999,352.1999,308.50017,542.99991,524.29998,580.49982,484.20007,2361.99997,5176.09981,8524.3001,8430.7,9426.69994,12956.05831644,18683.43100644,22415.98873086,28138.13549546,24629.653850799998,30678.56533718,28715.037411840003,29762.951653559998,28092.699920000003,31520.7002,29779.699800000002,28673.70006,31542.500030000003,30031.3001,31954.70011,36041.19988,31320.70011,28279.20008,23295.99996,24574.600120000003,26893.599980000003,30970.49983,31333.39993,33858.199850000005,37622.50023,44473.99997,55847.29982,52668.79975,53703.303551599995,43789.45465960001,44135.89996,51393.89989,52335.0,55218.99973,51374.89977,50073.00645000001,59996.202170000004,63526.867674,58917.804728,54046.714174,50734.23051000001,56462.472341714994,56462.492716098
08_LAM,1.A.2,Manufacturing Industries and Construction,CO2bio,265123.56069688,265123.653358583,266308.18733467604,268538.27313582,272091.855293574,273529.722972354,275166.941195487,279093.094594532,281060.303877863,283121.65744768,289024.899930038,291970.999983743,296088.692820608,305016.7691103,316330.107615541,315523.883475696,319115.040091465,323609.6794724,319779.374912361,322144.89888892503,318907.704232209,332392.545840527,345985.33232245,321386.515271805,348948.1766973,353754.455063169,364808.32855486096,365292.580525882,388088.104259719,405368.807854195,369468.37864148896,403054.743266891,421068.94906755997,440737.183999354,457334.940033419,445459.71636955,481476.450136513,506043.12536277104,489723.663588966,503594.48485474696,514909.79939221794,524801.681483494,523723.62611994497,533833.696887497,511637.79459403997,498585.35661174,534778.73349146,544484.996646742,480972.898654569,473569.021484069,549125.990103105,492479.66825230396,504340.60686663806,583674.0756370891,598801.522702089
08_LAM,1.A.3.b_noRES,Road Transportation no resuspension,CO2bio,402.1766954,402.1766954,618.2714359,488.2144768,300.1319404,256.1124722,272.119446,1010.443773,2385.244839,3538.837068,4294.130454,4190.23833,6068.840249,8513.961304999999,11102.15215,13724.614,18149.21507,18577.601540000003,19739.214259999997,21410.66944,19319.35614,20072.33248,19521.10806,20332.45857,21562.738940000003,22246.876279999997,23044.91478,22052.24689,21563.16048,21489.62539,18278.340190000003,16741.12756,18854.964,17884.35208,20013.05113,21792.599964520003,20882.5701837,28847.3880746,39016.935190000004,43208.32273462,47887.800838480005,43193.80367672,41838.19661296,49450.386481892994,54318.039056199996,63838.92891836,59096.139515864,60169.50419801,69030.584309166,76221.620517398,67435.162054342,67211.128723865,68222.533119319,73638.68946064201,77305.49912796599
08_LAM,1.A.3.c,Railways,CO2bio,176.3,176.3,164.29998999999998,161.19997999999998,127.20001,80.10003,55.00001,57.00001,58.00001,66.70001,77.90001000000001,70.40001,74.10001,61.60001,57.60001,52.80001,58.100010000000005,68.40001,63.30001,53.00001,43.00001,36.60001,30.1,40.8,31.4,32.8,30.1,30.6,30.2,29.8,29.8,29.8,0.0,0.0,0.0,0.0,0.0,0.0,0.0,0.0,0.0,138.7265112,141.3940428,141.3940428,157.4010166,189.4149641,184.0793062,222.159603,310.2854038,310.9737072,329.0402388,318.9771941,293.6064318,358.3889904,433.7491631
08_LAM,1.A.3.d,Water-borne Navigation,CO2bio,38.89998,38.89998,33.69997,29.90003,16.90002,13.00001,11.70001,10.40001,9.10001,7.80001,1.3,0.0,0.0,0.0,0.0,0.0,0.0,0.0,0.0,0.0,0.0,0.0,0.0,0.0,0.0,0.0,0.0,0.0,0.0,0.0,0.0,0.0,0.0,0.0,0.0,0.0,0.0,0.0,0.0,0.0,0.0,48.02062392,50.68845288,0.0,0.0,0.0,0.0,0.0,0.0,0.0,0.0,0.0,0.0,0.0,0.0
08_LAM,1.A.3.e,Other Transportation,CO2bio,174.8998,174.8998,172.2998,121.09984,67.29988,61.90016,51.09989,37.70004,8.1002,0.0,0.0,0.0,0.0,0.0,0.0,0.0,0.0,0.0,0.0,0.0,0.0,0.0,0.0,0.0,0.0,0.0,0.0,0.0,0.0,0.0,0.0,0.0,0.0,0.0,0.0,0.0,0.0,0.0,0.0,0.0,0.0,0.0,0.0,0.0,0.0,0.0,0.0,0.0,0.0,0.5078416,0.4740848,0.3723216,0.2368016,0.252117415,0.252117415
08_LAM,1.A.4,Residential and other sectors,CO2bio,198224.792923052,198224.804618664,196258.856431188,194233.25145466102,193449.077370302,195265.867010105,193801.377614303,192144.098760685,188917.891327355,188772.577838821,188166.830263563,186295.48279383202,181527.10562214098,178253.315853414,179571.539871878,175167.840825369,168491.986761216,170555.940816909,169033.810081971,165902.44285227,165541.039215187,164680.159868695,162981.377267584,156572.869241998,155598.93456378,154247.884094825,154313.702682732,148909.751419552,151633.218496981,153765.952489958,149984.371945124,148664.26515475402,157054.361732961,161700.531179135,162708.750613409,164311.42419492902,164683.63826966702,163579.785347168,165527.041485088,165577.96751080902,166189.334264128,163854.683423821,165464.266117197,167679.278044754,161791.097232556,163012.090139742,163131.865726272,162637.822566089,167085.277026975,166283.851803925,165154.096857934,169922.048279245,169540.89231147,174305.80886122,174857.53849282
08_LAM,1.A.5,Non-Specified,CO2bio,155.779308006,155.77977763700002,159.702724063,166.17581402300002,163.235648419,176.56740622900003,169.68079824100002,176.472177155,173.058224498,168.449808053,170.51842886100002,150.848918038,158.840585323,162.919038042,167.423764406,136.05164420900002,141.229373798,132.508969603,137.186218051,121.809296752,256.824263066,308.193864128,436.29395713499997,460.76707477800005,620.7964957,635.583160183,838.2027364639999,743.387730468,657.796472114,689.123370935,645.770084577,606.281645592,692.832548966,656.2762932859999,654.0266064670001,632.023006673,826.567466924,494.014814945,445.432820835,645.355804972,419.59801796200003,627.032037837,653.295779314,478.107949021,343.017323646,420.808851954,385.155385971,444.620073825,382.425533099,386.559270054,2792.056429782,349.875232079,319.582156876,349.492756488,350.058800188
08_LAM,1.B.1,Solid Fuels,CO2bio,12457.2535152,12457.2535152,13341.5160446,13914.3742224,15851.772277,18015.844279,16632.8546588,16848.9778292,17588.9759708,19798.750132,21196.7727148,20319.5028318,20500.253001600002,22286.2120692,26536.6974054,27060.527032,28427.9213706,27885.1204864,29696.4338346,32506.0956912,28910.656709867002,26069.825256230997,26921.184232249998,28026.080947409,28612.863868869998,26875.759812766,23439.195128097,22643.669955245998,21705.873843924,21581.355919109003,21555.306781577998,21103.632505684,21679.709455861,24580.925070507,27127.30362276,27290.008414353004,27567.235236553002,27839.216365599998,28049.940317966997,21009.438500818,21107.125061911,23229.539205524998,23197.830805334,21425.316054689,20292.191205174997,20730.999652707,19060.471537751,19839.533673473,20984.680657433,21216.367145449,21357.167274168,19445.020542243,20879.867914738,19956.000196454,19956.000196454
08_LAM,1.B.2,Oil and Natural Gas,CO2bio,3968.2757850000003,3968.2757850000003,4266.588743,4212.597262,4319.292466,4487.476133,4494.549297,6049.7769960000005,7406.78196,8727.406186,8254.703786,6886.610364,10586.747741,9112.753725999999,8564.293915,10042.419018,8636.482067,8975.680154,8264.789494,8074.897892999999,7058.84073872,8278.482044800001,8102.05014398,7365.31694946,7939.216398760001,8188.3683684,10338.186955660001,12211.62275314,11656.22168988,12217.73242296,11829.202266499999,13328.10807778,14591.216155959999,17104.84576896,15659.486944960001,15863.26861712,15300.615648,16707.55321146,21764.45566662,20192.95779702,27376.29676436,30659.8536595,32136.234667940003,35815.109491619995,38875.5095453,37492.79065006,39869.1058482,41632.779848679995,40137.81727114,42447.175063200004,39905.12016394,44985.74121116,47231.13192869999,50038.17318034,54733.00275105
08_LAM,2.C,Metal Industry,CO2bio,441.9553264,441.9553264,472.4352304,268.2212848,252.9813328,484.6267216,545.5860592,740.6560448,411.4758928,411.4758928,472.4352304,472.4352304,472.4352304,460.2432688,655.3132432,600.4498864,573.0179728,496.8186832,454.147288,487.674712,487.674712,304.7966992,295.652728,204.2139456,252.9813328,204.2139456,222.501888,216.4059072,192.021984,0.0,0.0,0.0,0.0,0.0,0.0,0.0,0.0,0.0,54.5266736,39.3805104,84.8194816,227.194856,87.848712,154.4923184,251.4287328,239.3117888,169.638952,212.6695424,236.425112,216.1714464,204.1211088,225.3229216,225.0683008,225.0683008,237.0921665
08_LAM,3.C.1,Emissions from biomass burning,CO2bio,81215.842775854,78449.08549997299,77618.15187302101,83146.59975184199,88106.53325945101,90866.92714128099,97342.404265676,100197.540578531,103114.272801674,105685.736195017,109009.832124938,113965.064026947,122325.64922264,122382.881678879,129351.87536187201,133289.769799147,131696.589619926,140439.514373845,139112.723186515,140327.604848594,137328.985226661,137184.48546828,142010.738493965,134526.544844489,145328.694787547,149647.032144374,149545.644499615,159013.281751663,163372.568389141,161510.756304804,163809.42743630102,174842.0148913,179544.304485958,195944.076852762,200930.26018349399,201639.040022326,208869.006550474,231402.83901944698,253322.943407549,246408.01962890002,264229.780854979,272240.31602623797,270533.562628657,295043.056690272,296446.675721588,306284.761281617,302411.204524208,318425.383088951,307495.414773983,322166.694407381,326509.280112183,319793.651067655,325586.977939396,335887.538163395,342979.631653669
08_LAM,4.C,Incineration and Open Burning of Waste,CO2bio,0.0,0.0,0.0,0.0,0.0,0.0,0.0,0.0,0.0,0.0,0.0,0.0,0.0,0.0,0.0,0.0,0.0,0.0,0.0,0.0,0.0,0.0,0.0,0.0,0.0,0.165,0.04455,0.45725625,0.64387125,0.624133125,0.604395,0.68607,1.4157,1.86016875,2.3046375,2.41374375,2.66182125,3.20021625,3.22900875,3.48731625,3.82206,4.125840469,4.429620938,4.733401406,5.037181875,5.340962344,5.644742813,5.948523281,6.25230375,7.0510825,8.420284501,9.27710784,9.27710784,9.27710784,9.882068658
09_WEU,1.A.1.a,Main Activity Electricity and Heat Production,CO2bio,9370.595166,8881.394736,8963.843657,9220.442787,10593.943616999999,11162.299388000001,11333.798198,11938.499178,13519.098668,13925.299188,16431.299508,17642.099267999998,18074.498937999997,18231.107705000002,23573.164575,25463.192999,22203.715617,23676.660218,24772.821928,24584.096630699998,21132.0399029,22884.0722912,25382.3316471,28103.3933959,30755.35029,33849.9778162,36802.02038316,37909.135019199995,39799.6168047,44043.94431274,47956.57634876,51654.24451272,56783.84740624,67556.5269308,76163.46160534,90554.53183453999,97476.00233468,103203.0323874,111570.68703058,117509.51676556001,134644.61270882,136153.19571745998,149831.06170404,158728.63157418,163317.8706754,169713.79054624,175537.37650908,181452.3684963,183397.72414198,189266.20708244,193765.06188394,210236.19147552,201346.30080044,190066.923110492,187737.099011195
09_WEU,1.A.1.bc,Petroleum Refining - Manufacture of Solid Fuels and Other Energy Industries,CO2bio,0.0,0.0,0.0,0.0,0.0,0.0,0.0,0.0,0.0,0.0,0.0,0.0,0.0,0.0,0.0,0.0,0.0,0.0,0.0,0.0,0.0,0.0,0.0,0.0,0.05463276,0.2729454,0.21831264,0.21831264,1.91108736,2.34771264,2.23867098,1.52887098,1.69255086,113.68770556,505.9217318,253.45470469999998,587.7671927,507.62907929999994,612.1211354,1501.65161056,1509.52454942,1577.4626111799998,1760.50013044,2278.3114917,2196.87775694,1459.0520402000002,1416.0583006,1419.6601641,1373.0201322,1299.68189888,1368.30086126,1715.2579952,1733.83056568,1754.640735203,1571.547161323
09_WEU,1.A.2,Manufacturing Industries and Construction,CO2bio,45332.87434,43929.67439,44384.356736400005,46294.1569564,47766.3573664,47747.555926400004,47801.956436399996,46833.257286399996,48637.3561164,50123.7567764,49707.5560864,49982.4557364,49648.3570764,51277.226064400005,63094.1187717,62790.093663,63209.55278,64535.55222,66892.309314,71308.70733812,81558.9965778,79508.4869307,78122.2912004,81002.4054641,84413.8655967,90913.382126,89784.3484014,95845.1076891,98157.5830373,90453.42036789999,96535.8690981,89061.9339331,89828.8821243,94790.9689055,98417.1478185,100209.6511625,104940.3279648,110839.6766418,105915.5034521,102191.37259648,112074.40816884,117192.21228064,115459.97552136,117541.2426254,117802.19531804,122529.9487963,131340.69472864,134681.77516828,136823.26870848,139861.69907736,140959.12274691998,141557.09667586,141627.41168075998,143186.95863666502,142162.089849503
09_WEU,1.A.3.a,Civil Aviation,CO2bio,0.0,0.0,0.0,0.0,0.0,0.0,0.0,0.0,0.0,0.0,0.0,0.0,0.0,0.0,0.0,0.0,0.0,0.0,0.0,0.0,0.0,0.0,0.0,0.0,0.0,0.0,0.0,0.0,0.0,0.0,0.0,0.0,0.0,0.0,0.0,0.0,0.0,0.0,0.0,0.0,0.0,0.0,0.0,0.0,0.0,0.0,0.0,0.0,0.0,0.0,0.0,3.894,35.34843636,45.7066948,47.6938064
09_WEU,1.A.3.b_noRES,Road Transportation no resuspension,CO2bio,0.0,0.0,0.0,0.0,0.0,0.0,0.0,0.0,0.0,0.0,0.0,0.0,0.0,0.0,0.0,0.0,0.0,0.0,0.0,0.0,16.96501812,18.84909816,57.98124800000001,139.45801952,385.29963488,597.9536001600001,880.5252998,1190.29793586,1110.8880148,1225.32056212,1933.3787244399998,2260.57093894,3110.3699631599998,3860.67002594,5485.1556739200005,9335.74491666,15632.74544844,21951.24237786,26325.9303681,30579.8997195,34481.18628994,35701.68590562,37794.8358535,34908.13407062,37371.3894714,36819.09534528,36963.9940158,40428.17306906,44271.39373568,46729.73801682,45829.69225332,47156.02728256,49604.3715152,52776.44506999,46218.77572228
09_WEU,1.A.3.c,Railways,CO2bio,9.59991,10.00017,10.50008,10.50008,10.00017,10.00017,8.79982,8.79982,8.79982,8.79982,9.20007,8.79982,8.00014,8.00014,7.09998,6.29988,0.20013,0.30019,0.30019,1.09987,0.10006,0.20013,0.10006,0.10006,0.10006,0.10006,0.10006,0.0,0.0,0.0,0.0,0.0,0.0,0.0,13.14884148,33.09901208,45.77713268,64.89331676,70.26453752,75.15882116,77.62271072,73.37938352,78.93530252000001,69.53728788,77.64785268,67.04583588,76.18513884,76.65688044,76.36368348,80.85493812,89.54813028000001,113.68075632,88.69525223999999,160.038929602,139.905988703
09_WEU,1.A.3.d,Water-borne Navigation,CO2bio,0.0,0.0,0.0,0.0,0.0,0.0,0.0,0.0,0.0,0.0,0.0,0.0,0.0,0.0,0.0,0.0,5.69991,5.69991,4.80017,4.89981,0.0,0.0,0.0,0.0,0.0,0.0,0.0,0.0,0.0,0.0,0.0,0.0,0.0,0.0,0.0,0.0,0.0,0.0,3.8941416,8.46066372,5.84106372,11.05733868,11.2836084,9.38094336,14.0018682,17.90064012,40.872011640000004,39.28411632,47.9945058,64.40448192,67.57515912,87.80882208,85.88333363999999,106.802144758,103.879347303
09_WEU,1.A.3.e,Other Transportation,CO2bio,0.0,0.0,0.0,0.0,0.0,0.0,0.0,0.0,0.0,0.0,0.0,0.0,0.0,0.0,0.0,0.0,0.0,0.0,0.0,0.0,0.0,0.0,0.0,0.0,0.0,0.0,0.1092,0.1092,0.1638,0.273,0.3822,0.437346,0.437346,0.491946,0.710346,0.820092,0.764946,0.710346,0.8736,0.164346,0.217854,0.1638,193.25597381999998,26.93557218,21.54958686,8.09311662,13.481613540000001,13.868729700000001,16.49769906,13.889697960000001,11.04440352,12.544556400000001,2.090016,1.789754446,1.27329666
09_WEU,1.A.4,Residential and other sectors,CO2bio,72226.6114638,71595.0115538,73728.3283874,75766.4287874,74798.8287174,77195.2286074,77943.1747937,79161.9209538,81131.7206538,84910.0209038,84546.26685,85852.412546,88378.058912,92135.694782,96792.99596100001,101391.345393,90967.780479,92959.17916900001,92660.032606,104224.628475,114909.497653,122267.427861,121110.456653,122125.250325,117099.1773794,116621.025597,121601.232551,122998.130842,123698.567539,120404.5679428,120213.013605,121945.4048123,122470.4707981,135653.2250112,130522.9055769,136420.576154,141867.2300189,151544.95994152,164215.0765845,163272.90225722,174268.90546002,148375.71161536,169966.81113308,174055.89407866,154275.39576912,159319.6810008,156829.39393652,158987.6509418,153551.0435662,153867.46846028,148195.32164272,164618.5254946,155109.53650886,149188.165065072,148299.826629934
09_WEU,1.A.5,Non-Specified,CO2bio,17653.3844927,17113.6709718,16767.5777426,16666.5709718,16293.0711418,13414.6543462,13364.6543262,13008.9542662,13603.754526199999,14363.654116200001,14593.954496200002,15043.8224254,14278.65936,16716.4493372,1121.9495672,1158.4494672,12770.3493772,12057.649227200001,13264.6492272,12592.4810068,3094.8293175999997,3411.9666516,3328.9436448,305.82284452,363.03865664,326.1089332,339.8128904,309.4090332,296.471308,341.2669304,108.2479468,38.6480168,44.9472916,44.2472616,62.3971492,69.9365388,29.603540000000002,29.602124,39.33490796,15.89059664,31.62949072,53.70298796,102.91986824000001,171.81927612,145.13978568,12.240889919999999,11.273225680000001,5.57547168,7.7214196799999995,7.86798984,7.01710252,16.84940296,15.886508799999998,17.059753496,18.126390611
09_WEU,1.B.1,Solid Fuels,CO2bio,7.7507228,7.7507228,7.7507228,7.7507228,50.8509028,60.5508728,37.0507828,16.150702799999998,64.2507528,85.6507428,111.55070280000001,166.8507928,136.2507328,140.0506728,157.2508828,138.3508328,266.0507428,180.2506528,181.5506528,169.7188332,165.4167524,191.6196084,209.0217652,233.9241408,291.230814,264.6763788,261.5267716,296.7809064,257.2273416,305.32155159999996,317.82314719999994,208.64535,173.8401684,166.3643344,146.3108008,127.34157320000001,110.4064872,114.755582,97.32679159999999,506.9212424,500.820656,503.33221879999996,768.7460116,638.1379387999999,721.4402044,637.5840376,419.8869596,557.2958064,509.7897364,384.48646152000003,370.72366612,395.93030132,367.04267412,364.688550315,364.688550315
09_WEU,1.B.2,Oil and Natural Gas,CO2bio,0.0,0.0,0.0,0.0,0.0,0.0,0.0,285.99989,296.00006,39.80014,38.50014,34.29994,35.59994,42.69992,34.29994,28.49997,0.0,0.0,0.0,1.4,24.05008248,29.92957296,71.04714228,138.82195212,355.25647918,621.67638416,885.04761194,1114.16819336,1092.8533450999998,1220.08339426,1702.42206506,2008.40561506,2937.459675,4112.145468840001,5957.6678272,7954.490582699999,11742.571523800001,16783.25263544,20083.44498612,24388.1451754,28208.57837418,26795.31720888,28340.826796440004,31683.97309838,35536.755221139996,34542.966844999995,34291.924556980004,38615.49541348,40586.9774182,42946.4802969,41887.5814042,45933.4155921,45724.5213752,47390.237460167,47962.303532699996
09_WEU,2.C,Metal Industry,CO2bio,0.0,0.0,0.0,0.0,0.0,0.0,0.0,0.0,0.0,0.0,0.0,0.0,0.0,0.0,0.0,0.0,0.0,0.0,0.0,0.0,0.0,0.0,0.0,0.0,0.0,0.0,0.0,0.0,0.0,0.0,0.0,0.0,0.0,0.0,0.0,0.0,0.0,0.0,0.0,0.0,0.0,0.0,0.0,0.0,0.0,0.0,0.0,0.0,0.06972356,2.7553792,0.0,0.0,0.0,0.0,0.0
09_WEU,3.C.1,Emissions from biomass burning,CO2bio,15819.199533595,18223.232844656,17017.64743022,16365.356196341,17863.894146435,17665.06342447,17940.976391240998,17661.247444649,20084.771320817003,19886.298191685,21774.660266357998,19638.384676838003,21026.135010949,20030.807617362,23575.770217202,21534.052095274,21422.325676272,21527.977909506,21646.711410862998,19704.994183408002,19816.239597011,20205.714703478,17964.614544624,17669.843177551,16149.007274709,15227.685802864002,17061.232747736,15954.808698845,16667.606588936,14748.934078058,15298.445108703,13359.319445711,13929.655303603999,12608.799049507,13795.2717931,12613.645978872999,11879.726703761,10931.297849528,10996.025617161,10431.790591483,9904.852818278,9896.532380973,9706.188101561,9643.506020036,8926.888607404,9343.462428978,8984.688777586,8702.46677972,8156.349082147999,8085.078245707,8038.688009498001,7811.820312496,7793.702846826,8181.518652946999,7931.433661857
09_WEU,4.C,Incineration and Open Burning of Waste,CO2bio,3749.771653209,3834.4508204960002,3922.209300846,4012.397280473,4103.749503436,4195.416061481,4284.256039769,4373.299621256,4463.137261264,4554.668873304,4648.503754522,4708.724181074001,4770.066945651,4831.797625329,4892.905429221,4952.520405029,5001.322463311,5048.240145121999,5091.912377109999,5130.601290196,5168.993229000999,5015.135086812,5217.2053571470005,4972.838399223,4689.346738986,4209.870758707,5451.958043057,5930.642153964,5151.205120293,4864.603931686,5368.411794388,5692.345867329999,4933.916455284,6002.292184822,5146.640000337,4648.948081789001,5240.6904850989995,5302.025893701,5204.511479657,5567.868660006,5709.623893754,5907.510068254,4804.883163111,6742.396362508999,5330.365072467,6029.904997755,6036.595294781,5832.2534698419995,7017.159462877,5872.217157901,6511.142663302,6710.51057668,6649.968393976,6807.879002236,6978.92243787
10_EEU,1.A.1.a,Main Activity Electricity and Heat Production,CO2bio,422.10026,910.89994,1179.20019,1298.8999099999999,1443.1999799999999,1399.0999499999998,1084.89989,1651.69988,1452.69994,1064.09981,1080.5002100000002,1017.1002500000001,1119.4999599999999,1492.29999,1740.1001199999998,1771.89991,2767.39992,1866.20016,1768.0185000000001,1636.6276699999999,1876.2647399999998,2109.06358,3248.41052,3161.7476155,3083.2007201,1997.7900691999998,2236.4899253,2565.4551918,2697.6645654,2856.4974631,2852.0959735,3366.5091192,3924.3253413,3975.8615581,5694.4912303,7249.48839244,7855.43622744,8494.49248922,11208.23521022,14111.266825120001,16608.72163534,18277.48637756,22326.99869294,21909.7257351,24376.3450002,26142.8862026,25352.1494519,24918.282740280003,27212.3444403,29583.6979144,30872.0409445,33844.9485163,32016.0030626,31122.48419795,31108.93966464
10_EEU,1.A.1.bc,Petroleum Refining - Manufacture of Solid Fuels and Other Energy Industries,CO2bio,22.39993,24.49993,13.10014,13.19982,17.799789999999998,2.1,1.8,1.9,1.7,1.6,1.7,2.2,2.6,2.5,11.0,13.0,23.7,0.0,0.0,0.0,0.0,0.0,0.0,0.10006,0.10006,0.0,0.10006,0.0,0.0,0.8999999999999999,1.7,3.60006,7.9760546,7.74161086,8.488265460000001,9.15270368,12.947599939999998,14.28621638,18.22197478,36.58937584,29.99477292,26.15429448,23.34365228,34.28054442,28.801942099999998,31.82315712,39.1147876,35.6933297,37.80077976,37.113703539999996,37.5746938,38.78926346,43.39118676,40.164627726000006,36.03657187
10_EEU,1.A.2,Manufacturing Industries and Construction,CO2bio,1261.79998,1320.39948,1296.10064,1174.20015,1127.40024,1230.79965,1283.50011,1270.90048,1332.5001,1307.2002499999999,1279.49991,1265.60016,1229.1007,1186.70002,1207.4002500000001,1183.20038,1561.7004200000001,1527.3004799999999,1717.5000899999998,1581.1002,1781.30025,1729.0995,5766.84923,6044.20306,6614.55758,6876.64726,7656.737,8317.46147,7951.36197,7459.943904000001,7484.7683706,8090.1082625,9802.3130416,11016.924737500001,11399.7605316,12105.845476,11965.3873038,12614.9729352,12318.5058928,12578.9317894,14236.4411344,15996.588899,15560.8009764,17988.8330334,18670.0292464,19412.7899018,19621.5223983,20689.177363400002,20756.0892474,22189.503841899997,22696.9432256,22078.58669616,22409.90217624,21807.804079819998,22126.073076329998
10_EEU,1.A.3.b_noRES,Road Transportation no resuspension,CO2bio,0.0,0.0,0.0,0.0,0.0,0.0,0.0,0.0,0.0,0.0,0.0,0.0,0.0,0.0,0.0,0.0,0.0,0.0,0.0,0.0,0.0,0.0,7.85882832,15.71766372,28.81551504,47.1526938,65.48986548,99.54470088,107.4035363,133.5995363,183.3720354,228.20554070000003,199.7056308,272.7322554,139.56882588,223.6083834,606.8589886,1009.17901364,2959.6707136600003,3999.1716376599998,4827.61581632,5330.12941698,5334.3513768,5153.45266864,5358.78006712,5311.23745654,4953.59679316,5554.48030834,7001.9154615,8080.70352024,8730.5758797,9204.8143874,9395.03993814,9463.30471982,9234.99450133
10_EEU,1.A.3.c,Railways,CO2bio,2.00003,0.0,0.0,0.0,0.0,0.0,0.0,0.0,0.0,0.0,0.0,0.0,0.0,0.0,0.0,0.0,0.2,0.2,0.0,0.0,0.0,0.0,14.3,18.4,8.3,19.7,21.1,18.9,22.7,7.0,1.3,5.8,15.3,12.9,0.4,2.8,2.5,5.8,0.6,0.3,0.0,5.36747752,13.22627752,11.85410644,14.42627752,10.70667752,32.06336424,26.45227628,26.947172119999998,22.33461552,23.31192608,31.10032416,23.939117,18.070479899,15.497097775
10_EEU,1.A.3.d,Water-borne Navigation,CO2bio,0.0,0.0,0.0,0.0,0.0,0.0,0.0,0.0,0.0,0.0,0.0,0.0,0.0,0.0,0.0,0.0,0.0,0.0,0.0,0.0,0.0,0.0,0.0,0.0,0.0,0.0,0.0,0.0,0.0,0.0,0.0,0.0,0.1,0.0,0.0,0.0,0.0,0.0,0.0,0.0,0.0,0.0,0.0,0.0,0.0,0.0,0.0,0.0,0.0,0.0,0.0,0.0,0.0,0.0,0.0
10_EEU,1.A.3.e,Other Transportation,CO2bio,0.0,0.0,0.0,0.0,0.0,0.0,0.0,0.0,0.0,0.0,0.0,0.0,0.0,0.0,0.0,0.0,0.0,0.0,0.0,58.6,54.7,77.2,15.0,2.1,3.7,3.2,2.4,22.3,0.0,0.0,0.0,0.0,0.0,0.0,0.0,0.0,0.0,0.0,0.0,0.0,0.0,0.0,0.0,0.0,0.0,0.0,0.0,0.0,0.0,0.0,0.0,0.0,0.0,0.0,0.0
10_EEU,1.A.4,Residential and other sectors,CO2bio,22145.299031000002,22333.599131,22861.579853,21774.236195999998,21173.330594,20364.731654,20551.521658999998,19317.057951,18719.295736,18023.170401,18156.799413,20501.438396999998,20595.946642000003,20141.788697,21207.989685,22385.093973,21998.459910999998,20894.492537,19275.536699,17541.818654,26066.96915,26713.18637,26017.32801,41531.58459,41219.89461,43601.49395,47976.01755,50505.30931,49952.50154,48654.586422,50772.487624,50134.364822999996,50057.671308,52885.13345,55092.433421,58326.451249,57960.040634,59057.381797999995,61624.064706000005,65804.225699,71391.12373,70958.44295899999,73578.424571,72250.442242,67684.556354,69839.666247,71037.652801,70485.8743574,84713.7507714,83020.2788922,84291.6201576,88098.4152766,83995.58591560001,78717.234396,78692.542221
10_EEU,1.A.5,Non-Specified,CO2bio,6849.0020401,6846.9019401000005,3618.3008505,3493.4019399,3383.4991803000003,3556.1000198,3742.7008201000003,3732.1989199,3303.0989503,3098.9987901,2763.6020097,3445.5998498,4011.4988404,3818.3010003,4130.7991704,4088.3008406,4683.20016,4544.9011305,4519.501099900001,4630.0989403,3891.00016,3801.10013,3553.9999399999997,184.49982,177.49981,161.8,316.5,233.09998000000002,129.2,336.79985,198.19982,593.29996,680.69992,696.1998000000001,518.90008,782.0,733.2,634.3736,587.7189999999999,524.019,526.3281999999999,279.7432,306.6316,227.747,199.8,441.0478,518.8318,439.621346,0.0,0.0,0.0,0.0,0.0,0.0,0.0
10_EEU,1.B.1,Solid Fuels,CO2bio,31.09997,46.90011,45.99995,75.79992,89.80016,73.79989,86.7999,80.7998,74.70005,86.09987,75.89999,84.29996,62.3,60.00019,83.59993,64.50017,46.69999,38.40007,25.19993,33.59991,0.0,0.0,0.0,0.0,0.0,0.0,0.0,0.0,0.0,0.0,0.0,24.679952,21.3201312,52.199978,52.450378,22.6705312,26.030352,24.210449200000003,67.4478912,96.676454,61.6998316,102.2170168,89.6757708,100.82910480000001,310.7839336,309.9059456,365.0735956,369.1619776,270.12042199999996,285.8868824,300.2899744,283.5930752,255.9358932,206.644357433,206.644357433
10_EEU,1.B.2,Oil and Natural Gas,CO2bio,55.194251573,55.194251573,56.298375457,57.550644914,58.78416641,55.758119471,60.723922317,62.453762049,111.922925951,114.877641091,114.612926038,114.594249532,115.70840728900001,115.62852376299999,118.966444357,125.01013246,126.5362844,127.70464812200001,129.336988407,130.807178807,190.9980162,226.37680179999998,232.54116444,103.2928584,123.61969692000001,106.4440474,147.29651168,247.11588076,95.04224304,115.78878227999999,206.013028,302.11274249999997,292.4009444,419.70988789999996,311.0927392,825.88332252,1028.48842902,1052.9417966,2692.16330384,3466.69462432,3644.12595018,3685.31460322,4983.31815516,5351.13667112,5478.02332782,5832.34667474,6242.23894024,6366.86686202,6794.43525538,7493.02829438,7545.4949015,7814.5741632,8130.26772354,8304.097041957999,8544.117921075
10_EEU,3.C.1,Emissions from biomass burning,CO2bio,3952.004128714,4644.955742854,4713.340747778,4736.677101863,5050.0328564950005,4760.53004232,5238.547384975,5293.2009010149995,5113.6762344,4917.277955654,5189.96592711,4874.980549995,5426.871030562,5364.569084637001,5734.343892697,5183.245918494,5421.712997176,5150.877471528,5273.355718549999,5447.1976268650005,5204.5466989060005,5488.894223014,3964.457459669,4049.066926937,4295.077443168,4349.996135016,3772.385097966,4731.650985989,4417.109050069,4290.169517775,3657.069928028,4629.666903393,4237.4678453199995,3246.751950191,5099.555612594,4563.047841581,3993.516149147,3452.419050051,4424.641308197,4222.890389774,4109.314157004,4437.595675238,3572.566756975,4408.472808025,4808.527497292,4284.944077956,4803.149868076,4160.831366054,4621.677976083,4675.128942745,4591.809259608,4741.693775179,4268.754661576,4608.854607699,4305.943490701
10_EEU,4.C,Incineration and Open Burning of Waste,CO2bio,62.81330237,64.160225117,65.515335197,66.88342907,68.270376779,69.680795135,71.034828596,72.412116737,73.81518657,75.24628812399999,76.705641728,77.768713991,78.844604625,79.92269182000001,80.989849963,82.031839325,82.94853078,83.830519264,84.638041554,85.319927594,85.840774266,81.277493449,68.395575681,66.671948957,66.269936575,72.087974686,72.20017398,71.49373101799999,71.590793403,70.925250802,68.218765922,87.32843717,92.29901954,101.014570075,103.756965643,104.066256628,185.133029496,70.752741864,97.128591552,102.769241101,120.062460774,92.4413528,85.58847954299999,74.340109417,86.904461324,85.501776898,98.350789142,90.219444613,91.59633656,93.836198411,94.67419870699999,99.161094371,95.52552822,96.005155606,97.221991682
11_CAS,1.A.1.a,Main Activity Electricity and Heat Production,CO2bio,0.0,0.0,0.0,0.0,0.0,0.0,0.0,0.0,0.0,0.0,0.0,0.0,0.0,0.0,0.0,0.0,0.0,0.0,0.0,0.0,0.0,0.0,0.0,0.0,0.0,0.0,612.4003,630.49984,585.19992,660.70007,787.20004,923.20028,1058.00018,1148.79972,1378.3998800000002,1582.1002500000002,1766.40027,2964.09976,3598.664168,3939.830384,4384.558365,4596.233313000001,4901.017416,5365.166164,5310.62313364,5616.1559602199995,6665.69619216,6824.33779994,7436.59946032,8242.62476324,8781.558550380001,9051.03075914,7558.75749382,6656.517230682,6709.742901447
11_CAS,1.A.1.bc,Petroleum Refining - Manufacture of Solid Fuels and Other Energy Industries,CO2bio,0.0,0.0,0.0,0.0,0.0,0.0,0.0,0.0,0.0,0.0,0.0,0.0,0.0,0.0,0.0,0.0,0.0,0.0,0.0,0.0,0.0,0.0,0.0,0.0,0.0,0.0,0.0,0.0,0.0,0.0,0.0,0.0,0.0,0.0,0.0,0.70003,85.39994,4.89984,7.5999099999999995,6.80016,7.90016,6.80003,2.1001,5.7997499999999995,58.170049999999996,23.99706,25.74966,39.36011,53.69977000000001,126.69292999999999,14.93048,9.47215,1.26568,1.005052564,1.005052564
11_CAS,1.A.2,Manufacturing Industries and Construction,CO2bio,0.0,0.0,0.0,0.0,0.0,0.0,0.0,0.0,0.0,0.0,0.0,0.0,0.0,0.0,0.0,0.0,0.0,0.0,0.0,0.0,0.39984,0.39984,0.39984,37.99982,113.19977,38.39966,110.59977,182.49968,177.99972,199.79912,251.20005,284.09992,282.30044,302.99996999999996,294.90018,157.30064999999996,384.00064,429.20025999999996,407.80019000000004,318.60039,331.5555372,413.15574719999995,436.8201845,398.1016609,411.3457163,586.9536946000001,417.85537899999997,511.06113439999996,414.72846209999994,623.5072183999999,698.2121456,748.8958124000001,562.4945453,505.35446630900003,508.120744499
11_CAS,1.A.3.b_noRES,Road Transportation no resuspension,CO2bio,0.0,0.0,0.0,0.0,0.0,0.0,0.0,0.0,0.0,0.0,0.0,0.0,0.0,0.0,0.0,0.0,0.0,0.0,0.0,0.0,0.0,0.0,0.0,0.0,0.0,0.0,0.0,0.0,0.0,0.0,0.0,0.0,0.0,0.0,0.0,0.0,0.0,0.0,20.39051328,25.4881416,33.1344354,22.93917876,15.29288496,150.9143418,133.25115780000002,111.66282179999999,121.4757018,145.53708179999998,115.49252832,266.95741092,151.81797636,151.52896368,0.03112368,0.062459567,0.054798715
11_CAS,1.A.3.c,Railways,CO2bio,0.0,0.0,0.0,0.0,0.0,0.0,0.0,0.0,0.0,0.0,0.0,0.0,0.0,0.0,0.0,0.0,0.0,0.0,0.0,0.0,0.39984,0.39984,0.39984,0.39984,0.39984,0.39984,0.39984,0.39984,0.39984,0.39984,0.39984,0.39984,0.20013,0.39984,0.30019,0.30019,0.20013,4.40013,0.59997,0.59997,0.20013,1.09987,0.8001,0.99981,0.8001,0.8001,0.20013,0.21018,0.41994,0.21018,0.00251,0.0,0.0,0.0,0.0
11_CAS,1.A.3.e,Other Transportation,CO2bio,0.0,0.0,0.0,0.0,0.0,0.0,0.0,0.0,0.0,0.0,0.0,0.0,0.0,0.0,0.0,0.0,0.0,0.0,0.0,0.0,0.0,0.0,0.0,0.0,0.0,0.0,0.0,0.0,0.0,0.0,0.0,0.0,0.0,0.0,0.0,0.0,21.6,0.0,0.0,0.0,0.0,0.0,0.0,0.0,0.0,0.0,0.0,0.0,0.0,0.0,0.0,0.0,0.0,0.0,0.0
11_CAS,1.A.4,Residential and other sectors,CO2bio,5207.9947548,5207.9947548,5147.7169913,5033.1912692999995,5111.5515423,4954.8245797,4966.8839473,4864.4111733,4689.6077510000005,4707.6904448000005,4755.9088418,4876.4643688,5021.1319037,4840.2989209,5135.6578703,5230.4161220000005,4864.4729523000005,5202.384799500001,4887.1966641,4493.5803068,2680.58711,3008.38846,4085.94094,5601.3942,2825.79431,4710.94701,5985.29745,5411.79755,5371.39407,5368.54272,5665.241575,5944.852849,6002.802288999999,5909.500830999999,5792.451861,5420.948941,7918.648599,10541.195985999999,10799.649179,9880.581514,11583.662033999999,11861.11536,11786.290275,12561.334248799998,12559.833264,12581.6518538,14705.2594518,15677.564591,15916.7448448,15457.905221600002,15146.193050999998,15840.5109958,15345.2617889,14736.271335784999,14729.258634685
11_CAS,1.A.5,Non-Specified,CO2bio,4705.79173509,4705.79173509,4651.32651063,4547.84441968,4618.64846944,4477.034569959999,4487.93106107,4395.33966126,4237.39240068,4253.73139377,4297.30012721,4406.23057622,4536.94792857,4373.552533929999,4640.43024343,4726.05102719,4395.39548093,4700.72274405,4415.92796353,4060.2677362199997,2422.10011,1955.79989,1867.19986,1689.29986,1671.1998,1720.49983,1703.89977,1696.4998000000003,1708.09999,1673.10022,1660.40005,1357.69992,1403.8,1426.20025,1383.09998,970.00017,178.59991,200.90007,210.20033999999998,146.09982,170.99974,214.30015,164.29968,138.60032,33.59997,55.29997,48.30006,59.98837,72.30093,43.2201,81.34413,53.99792000000001,93.83148,106.36056602299999,106.36056602299999
11_CAS,1.B.1,Solid Fuels,CO2bio,66.41482722,66.41482722,67.74341118,69.25025759,70.73454471,67.09332522,73.06863838,75.15014151,134.6760139,138.2314004,137.9128708,137.8903974,139.231055,139.1349317,143.1514264,150.4237509,152.260158,153.6660413,155.6302241,157.1586346,188.3128,164.7112,135.3592,82.4056,70.6048,41.1528,35.3024,35.3024,17.6512,35.3024,53.0038352,95.3565752,118.80744519999999,145.5090728,126.35774280000001,178.9611428,180.1610252,512.083888,540.6361504,718.9983304,760.1996504,790.0024003999999,774.6510104,829.6004935999999,887.5549236,1006.9444312,1196.1388224,1306.032192,1358.9271728,1194.16824,1266.3877076,1270.8287808,989.16624,970.75776724,970.75776724
11_CAS,1.B.2,Oil and Natural Gas,CO2bio,85.18151975,85.18151975,86.88551877,88.81815147,90.72185037,86.05173944,93.71548378,96.3851527,172.7311207,177.291145,176.8826091,176.8537855,178.5732698,178.4499852,183.6014121,192.9286613,195.283978,197.0871186,199.6063162,201.5666064,241.5239362,273.8708008,295.4355256,204.8642178,243.6803684,217.8027898,199.4729306,194.0816328,142.3264756,215.6463576,222.1156436,276.027233,125.0750498,129.3879036,130.4658918,151.90875499999999,1015.4621340000001,200.7201784,169.925943,289.1104023,328.2806905,246.6959097,215.2671169,309.59464349999996,205.2610694,184.7917087,158.4713729,183.2363884,154.6436525,279.5298456,68.45328516,86.56491216,117.20060448000001,127.270931059,128.96037755900002
11_CAS,3.C.1,Emissions from biomass burning,CO2bio,15689.966759129999,15325.36214743,14527.735110720001,17749.2419692,15628.59307042,12726.95492293,17378.62364867,16271.99837606,18848.482448789997,15295.70964979,16068.41899586,14056.747254990001,15287.98408064,15053.462830620001,13960.310224159999,14904.83678098,15999.29090228,15783.97990204,15351.26928731,16239.20790761,17202.87007163,13533.39217996,15445.77570593,15274.22743791,12215.16218725,11457.857381079999,10244.491212070001,12465.16958707,9808.857549440001,10828.29200612,10136.41231491,13936.1322822,14299.35238889,12122.76334292,14109.52168437,14146.9741051,13923.07282728,13378.56421615,16486.976187289998,16564.79729658,13909.73086662,19006.59923903,14825.745858470002,18465.092457410003,18475.51988912,18548.68173145,19754.45093259,19136.53978621,19667.08887536,20121.25028534,18791.83124849,21526.69533089,17569.68864546,17880.9287352,19459.69977221
11_CAS,4.C,Incineration and Open Burning of Waste,CO2bio,58.74760477,59.94858148,61.16361144,62.38346873,63.59308021,64.78142383,65.88753971,66.97061634,68.03606804,69.09250826,70.14601149,71.12332372,72.09232802,73.05262467,74.00395978,74.94402439,75.65923714,76.35403235,77.01581393,77.62760378,78.17550933,74.81888579,70.99953975,66.77823103,56.76595595,52.15950787,49.2265508,50.33453161,51.17811331,52.76763,56.03246554,60.58174603,61.88877338,67.17988998,71.92635569,76.57511453,77.44332585,78.87495623,76.57203904,70.05583934,75.80038046,97.96942152,43.30763223,12.58891983,90.46417997,33.03061938,50.59035227,42.00687793,51.423973790000005,60.50227124,66.65917627,58.9961216,37.12392658,36.14205631,35.186340200000004
12_MEA,1.A.1.a,Main Activity Electricity and Heat Production,CO2bio,0.0,0.0,0.0,0.0,0.0,0.0,0.0,0.0,0.0,0.0,0.0,0.0,0.0,0.0,0.0,0.0,0.0,0.0,0.0,0.0,0.0,0.0,0.0,0.0,0.0,0.0,0.0,0.0,0.0,0.0,1.96549626,3.2760546,3.2760546,3.93122184,3.93122184,3.2760546,3.93122184,6.55211466,11.930775437000001,57.015515611,68.026513511,81.83172908,61.15190718,35.381002020000004,65.19262932,42.15142386,61.42508736,79.57586364,69.43497288,86.11312164,83.91925542,62.68854774,64.68125118,67.45093885,82.96880719699999
12_MEA,1.A.1.bc,Petroleum Refining - Manufacture of Solid Fuels and Other Energy Industries,CO2bio,0.0,0.0,0.0,0.0,0.0,0.0,0.0,0.0,0.0,0.0,0.0,0.0,0.0,0.0,0.0,0.0,0.0,0.0,0.0,0.0,0.0,0.0,0.0,0.0,0.0,0.0,0.0,0.0,0.0,0.0,0.0,0.0,0.0,0.0,0.0,0.0,0.0,0.0,0.0,0.0,0.0,0.0,1.4,1.4,1.4,1.3,1.3,0.98,2.8,2.814,2.857,2.895,2.94,2.939990891,2.939990891
12_MEA,1.A.2,Manufacturing Industries and Construction,CO2bio,15929.554240000001,15929.554240000001,15963.93104,16001.20672,16040.983520000002,16082.8592,16138.31168,16195.46416,16250.44096,16309.89344,16369.64592,16430.4984,16491.550880000003,16597.77904,16607.77904,16664.53152,16712.50832,16761.860800000002,16806.13648,16848.813280000002,16893.66576,18454.01065,19103.446949999998,19124.236109999998,20552.269070000002,19613.02459,22236.18107,21105.07791,22674.87469,22632.95405,24170.522689999998,23654.26941,24524.993909999997,27966.64418,28585.946580000003,21441.74684,22089.374299999996,21528.90988,19237.95243,19593.13914,15979.4872,17952.36626,17342.607790000002,17939.612549999998,16892.39413,16256.001349999999,16537.506329999997,16628.371629999998,16934.08349,16826.28987,20130.54868,17764.87324,20868.9252813,20831.26056555,21664.2477354
12_MEA,1.A.4,Residential and other sectors,CO2bio,19862.475413599997,19862.475413599997,20152.7029488,20656.670219,21040.857737,21417.894582,21753.37047,22149.3729592,22599.7444192,23052.0402716,23535.485808799996,24247.7793098,24761.249807800003,25628.7387528,25984.5898432,26631.2324582,27227.2879872,27610.0173792,28337.671685200003,28627.374947199998,29107.8485582,29615.1460082,30192.4906,30764.181838800003,33288.834582,33721.4717194,34878.862806799996,35388.083844,35836.144521,36440.299127,37162.826591000005,37766.405023399995,38804.2774612,39743.447413,45054.0590812,47569.024428,48957.154101,46719.25944,46015.440975,46412.338562,46125.278528,46079.265251,46531.562652,46518.549803,46695.518498000005,46965.839122,47368.0433816,47799.3064174,48582.343359,49324.979579,50003.017999200005,50659.5332138,51539.4721148,59686.41488746,59682.05508746
12_MEA,1.A.5,Non-Specified,CO2bio,311.9915052,311.9915052,311.6415756,328.6382944,330.0888196,339.53851000000003,347.6362916,383.26782119999996,379.2280436,357.2502116,358.04055719999997,354.3457508,362.2802244,366.8649172,362.82561,370.0239796,370.2241924,377.22328200000004,377.42349479999996,347.5762548,377.82387559999995,374.574018,528.7568308,501.5907396,481.8277868,491.845758,446.7656796,437.906792,439.0513524,427.8640876,412.8618152,443.3628644,429.10559,446.2767924,479.417368,495.6855872,516.1792488,557.5984524,590.8361680400001,606.95882368,663.568182,682.0199792000001,718.3171308,694.380118,750.349616,687.8357328,712.4835075999999,730.8449412,854.8982864,758.0648496,777.181058,783.3591884,848.6509756,765.5770661700001,765.5770661700001
12_MEA,1.B.1,Solid Fuels,CO2bio,16084.8367644,16084.8367644,16401.6377588,16705.433811,17053.430494199998,17333.8175416,17641.789749199997,17988.4532296,18394.7951872,18830.57755,19230.88676,19707.884759,20120.5231146,20860.8709548,20990.356256,21422.5140014,21859.8793396,22303.799028,22700.067609200003,23123.433717199998,23558.7588342,23929.5342158,24035.6385926,24498.3710898,27068.945138,27496.4900792,27534.981059399997,27433.3626638,27305.9085782,27236.443331399998,27855.987366999998,30635.998268,32495.2672908,31072.882591199996,29565.625005399997,28160.191365399998,27113.9807956,25841.0795406,25766.6852736,26095.290085399996,26691.423578,26959.177623,27191.3842064,27470.4550524,27757.084892199997,28074.4337722,28466.238830000002,28701.6360918,29375.1071216,30033.340616799996,30493.7357748,31167.4951088,31816.240720200003,31492.453206348004,31492.453206348004
12_MEA,1.B.2,Oil and Natural Gas,CO2bio,0.0,0.0,0.0,0.0,0.0,0.0,0.0,0.0,0.0,0.0,0.0,0.0,0.0,0.0,0.0,0.0,0.0,0.0,0.0,0.0,0.0,0.0,0.0,0.0,0.0,0.0,0.0,0.0,0.0,0.0,0.0,0.0,0.0,0.0,0.0,0.0,0.0,0.0,0.0,0.0,0.0,0.0,1.4,1.4,1.4,6.77568,6.77568,2.27248,12.19456,16.44452,14.52184,12.77876,12.81959,12.819691566,12.819691566
12_MEA,3.C.1,Emissions from biomass burning,CO2bio,4676.0432807199995,4513.773719471,5553.117714372,4523.457319168,5564.31879282,5706.669338836,6363.331295377,5419.316574835,5897.975133438,4897.034343117,6177.986292956,6838.8811747340005,5964.533312614,6320.977909431,5321.043565999999,8423.759170113999,8236.710911098,6773.655367922001,9869.674303697,7278.615672164,8072.724028485,10024.926419979,11378.089670133999,10313.380989744,11552.830724893001,9762.838412193,10817.780481586,9996.879514858,10838.674143752,8173.9892246459995,7810.056013386999,10236.077584064002,10630.117766749,12329.357506639999,9880.162029885,13648.122670441,12317.291001471,12234.729584704,9862.164996526,10577.311141756,9925.059963044001,11293.749149001,9820.923212913,12612.195421221,13673.526304624,10018.015612306,12591.890596307,10553.848400656001,11675.553250842,12903.031145407002,13228.344705198,11377.368396641,11409.54474972,11175.906004364,11573.301395317
13_AFR,1.A.1.a,Main Activity Electricity and Heat Production,CO2bio,582.69991,582.69991,589.30013,581.09988,564.10005,530.3998,541.6999000000001,548.30006,541.20017,559.99985,557.69996,573.4,570.40004,525.40014,507.20018,553.9998,588.4002,594.09982,600.79986,590.19983,878.3000000010001,964.9999,1179.399909991,1265.599910008,1162.799630011,1263.100179998,1458.199819982,1648.000189998,1920.800200013,1980.799910001,2499.999989998,2577.799490002,2566.999659994,2512.399779981,2706.800050013,2736.600240013,4168.699859997,3417.300400006,3715.330239983,4071.730649991,4178.668250007,3387.711226154,3462.174138708,3474.792808211,3631.265691632,4066.1281046120002,4020.017311372,3761.4763862150003,4368.021354597,4205.468973107,4083.335073611,4556.5111258550005,4744.252709067,4749.920004417,4750.042397511
13_AFR,1.A.2,Manufacturing Industries and Construction,CO2bio,73775.789005981,73775.78900658501,74217.08940639399,74353.838896767,74738.238426677,75860.888356221,76911.987866728,77563.38710678401,77678.487237354,78022.136676494,77920.135706867,79365.135627077,79400.985696669,78478.535186687,80259.184847131,79489.983537622,80388.402656921,81355.753077126,82671.40366659801,83296.603996351,83313.254227134,89806.83185434401,93905.997187004,84649.573501,87559.062923444,90856.707521239,89600.431364405,93325.030003264,95172.246392269,92972.71507911,97074.368462999,92575.828113565,103590.865171928,103135.410101646,105454.062443502,112205.319648838,109769.054765583,113965.246797621,117990.314856557,122631.045988873,124950.28459206001,129002.271595474,125993.991307909,137819.153250572,120546.659053628,119090.896725374,119188.140849249,110593.186375017,110865.827484977,113237.013677816,113161.646524404,110564.128982098,112618.981132691,115232.119444591,114844.738118291
13_AFR,1.A.3.b_noRES,Road Transportation no resuspension,CO2bio,0.0,0.0,0.0,0.0,0.0,0.0,0.0,0.0,0.0,0.0,0.0,0.0,0.0,0.0,0.0,0.0,0.0,0.0,0.0,0.0,0.0,0.0,0.0,0.0,0.0,0.0,0.0,0.0,0.0,0.0,0.0,0.0,0.0,0.0,0.0,0.0,0.0,0.0,1.89741876,7.58967504,9.4870938,13.28193132,30.358933802,91.086196558,136.683499321,144.389647442,113.835199441,159.381490799,172.60786536199998,182.597001958,173.685512162,180.54158592,190.304070478,167.452145509,169.36832160100002
13_AFR,1.A.4,Residential and other sectors,CO2bio,296182.229564544,296182.229562987,303671.41345729696,311043.66746886197,320354.19223051,326131.145170925,334325.951319136,343247.766217823,347503.023502371,355222.769259042,364844.243533666,366967.481974212,373006.47305050597,377183.719936366,386142.407612745,397779.006762605,407619.461972235,418699.94041850197,431131.819947639,443720.278507977,460114.27504701,469443.60679608,480050.463328063,490605.684189651,512747.899805061,533324.813995271,546027.992799515,561875.1722643999,576287.674261596,594117.390494048,561933.966749649,568905.685512455,582943.707630439,598703.0237580329,613179.323529416,628077.787613387,638972.164867583,638015.695949242,652378.025163396,668178.434226749,681885.186073902,705441.88669674,709760.3235036209,731255.122761444,753941.041463753,764746.3939501899,783588.895348119,807738.054410778,808267.901170655,824824.032411472,851701.37541316,874822.352652542,890364.222905685,907034.121740725,907270.090540725
13_AFR,1.A.5,Non-Specified,CO2bio,2552.59989,2552.59989,2613.10018,2676.10019,2741.00001,2808.49996,2877.30004,2948.9001500000004,3025.10004,3103.8,3186.2,3268.29999,3353.90006,3446.3002500000002,3542.19981,3642.40004,3745.4001500000004,3851.9998400000004,3958.70002,4064.2001,7530.610250026,7742.0000800729995,8080.6247899459995,8231.622419985,8437.508650026,8613.54623992,9311.471429939,9327.99286005,9205.67268999,7889.408150339999,6263.8591999,6428.24159989,6600.32319987,6776.6543997690005,6957.335200549,7145.715199570001,7340.6943994739995,7515.776000504,7705.556000068,7979.051040094,8201.677439671,8290.848334695,8661.284607636,9494.867280539,9618.832354131,9713.194032434,9964.498871014,10222.527771979,10468.888272053,10737.100171848,11029.023992809,11321.751572551,11449.439713664,11301.639370437,11301.642426044
13_AFR,1.B.1,Solid Fuels,CO2bio,51299.023672637,51299.126156029,52716.456743795,54187.408993581,56100.728096103,57969.207720248,59187.831370451,61110.170029067,62966.910206358996,65106.480894044,67510.769688609,70120.82927759399,72705.53602058999,75392.588398808,78857.412399466,82046.559048208,84387.028226712,88487.167953194,92095.742180274,96372.754265084,99702.913954299,101810.880437316,103673.928732371,105694.291133046,110676.63413923001,112735.352319304,116216.314702513,120503.696721281,110433.825800571,115002.23786249,105936.389765884,113841.092653934,117515.711767136,117913.728786245,127647.24027114,131559.508562679,136662.792026629,143769.055279233,147759.32102955002,152802.361964921,148719.212727509,156294.479651058,197904.131014897,196860.665215254,195383.4159663,201202.391181876,204242.300805642,210847.569101842,226566.751969009,234082.51587469,243446.51034836101,259931.516508458,268042.24416395,276887.190786128,276887.190786128
13_AFR,1.B.2,Oil and Natural Gas,CO2bio,0.0,0.0,0.0,0.0,0.0,0.0,0.0,0.0,0.0,0.0,0.0,0.0,0.0,0.0,0.0,0.0,0.0,0.0,0.0,0.0,0.0,0.0,0.0,0.0,0.0,0.0,0.0,0.0,0.0,0.0,0.0,0.0,0.0,0.0,0.0,0.0,0.0,0.0,7.58967504,7.58967504,60.88573308,113.6660118,94.004073003,332.558308556,388.849736124,305.926397039,263.771559841,321.159272,311.76984456,335.07889892000003,335.29086959999995,343.74413152,353.68484044,354.66728168,358.62425262
13_AFR,3.C.1,Emissions from biomass burning,CO2bio,36579.51152944,40184.436574075,39841.298915357,35469.739736521995,42086.252064689004,40901.337129006,41287.015890549,41473.806351398,41569.798622512,40168.903867062996,42028.027831662,47192.104564085,43356.210456573,39091.799729041,41521.223055374,45966.039414985,48897.651615921,49461.675220599005,53554.776666576,56204.430610339,52305.022985161,54199.007827567,48016.723708796,55251.400080221,58698.43472538,53391.665041811,60472.53823957,59767.885433658,58413.810299295,59200.125062106,61687.089505132,60760.416550297,63167.407144131,64858.038110212,67094.59848772999,71275.297754289,71369.70090981999,70442.86096190399,76455.755112575,75644.88699932,85305.295615518,84541.713395187,90385.171620388,93441.33665224099,98759.504972791,96565.732194585,98653.805185253,108794.18992655,109782.517910238,109343.071688103,117048.277757691,120021.681148323,121804.662773584,125589.344648249,127527.179401501
13_AFR,4.C,Incineration and Open Burning of Waste,CO2bio,0.0,0.0,0.0,0.0,0.0,0.0,0.0,0.0,0.0,0.0,0.0,0.0,0.0,0.0,0.0,0.0,0.0,0.0,0.0,0.0,0.0,0.0,0.0,0.0,0.0,1.0725,1.084609784,1.1607293459999999,1.1896058569999999,1.2151522899999998,1.298214005,1.365078189,1.423320929,1.493986033,1.405413134,0.009840136,0.027812788999999997,0.030904762000000002,0.045159864,0.058928571,0.097278912,0.133795918,0.14887415,0.16765646299999998,8.718607788,0.206459523,0.205580272,0.202309456,0.20501530599999998,0.209080318,0.252697473,0.278007043,0.278007043,0.278007043,0.292605389
14_CLV,1.A.1.a,Main Activity Electricity and Heat Production,CO2bio,3.594510213,3.588924287,3.582562925,3.5942642549999997,3.5731675839999997,4.124552667,4.06600098,3.991840422,4.435983428,19.206096415,18.989946193,18.628197861,19.247275269,19.696788615000003,20.265993847,21.006698921999998,21.079968041,21.192347647,21.070224932,20.961664454,64.14009027,64.05692987,63.852560139999994,63.69028651000001,68.29660415,52.03030932,51.93739982,48.63300466,48.31971994,39.44800771,0.0,0.0,0.0,9.69998,19.29989,79.29983,98.79989,116.39996,90.3998,100.30013,92.50016000000001,93.20016000000001,93.90016,91.60032,100.9,123.59987,3456.60019,3625.13723,3805.8133399999997,4006.6017899999997,4123.57431,5115.35378,5511.15667,5509.645511520001,5509.645511520001
14_CLV,1.A.2,Manufacturing Industries and Construction,CO2bio,12471.4008,12471.4008,12656.1008,12846.9008,13042.3008,13241.2008,13442.9008,13646.2008,13850.2008,14056.911726335,14255.0008,14450.258046868,14630.981470849,14837.54831335,15024.09339912,15229.753839340001,15445.402589221001,15735.46965648,15988.224710414,16285.84567739,18531.2749911,18829.075335,19313.5532047,20073.0789906,19113.6028466,19779.5154993,20119.7087016,20531.136181399997,22297.8932959,24900.0872042,27630.46983,24914.14445,25177.688580000002,24804.31511,26405.57461,24113.448490000002,25913.58709,27006.17456,24826.00203,24161.14094,22823.75728,25650.35033,30056.53747,32730.89075,34240.4535,32964.13725,33604.517139999996,35146.85253,36920.78911,38647.89065,34946.76474,48750.43305,47163.01117,47006.539617,47961.157525
14_CLV,1.A.3.b_noRES,Road Transportation no resuspension,CO2bio,0.0,0.0,0.0,0.0,0.0,0.0,0.0,0.0,0.0,0.0,0.0,0.0,0.0,0.0,0.0,0.0,0.0,0.0,0.0,0.0,0.0,0.0,0.0,0.0,0.0,0.0,0.0,0.0,0.0,0.0,0.0,0.0,0.0,0.0,0.0,0.0,0.0,0.0,0.0,0.0,0.0,0.0,0.0,0.0,0.0,0.0,39.84624,47.436,227.6928,231.48768,187.84656,34.609164,53.887296,60.33398521,74.18685146
14_CLV,1.A.4,Residential and other sectors,CO2bio,31254.554029,31243.816581,31914.300808999997,32662.676207999997,33339.459338,34006.764045,34668.944241,35268.44122,35842.639086,36465.47482,37120.421143,37602.466977,38185.299210000005,38913.133315,39489.961263000005,40501.842714,41424.97505,42390.323701999994,43245.897948,44078.826747,50405.051141,51131.032886,51878.033714000005,53841.000967,51321.768626000005,50481.275855,50751.349571,52197.38029,53610.11124,54693.306582,54984.623965,55792.258663,56009.943129,59407.10605,58682.155201,59472.017992,58971.659681000005,59926.26436,60931.489245,61358.706596,61725.848763,61687.826538,61638.582929,61614.68956100001,61762.98799,34499.161106,32444.515659000004,30731.089732,29278.683592,26932.647174,23099.194909,21394.076025000002,19722.752355,20826.859085,20826.859085
14_CLV,1.A.5,Non-Specified,CO2bio,0.0,0.0,0.0,0.0,0.0,0.0,0.0,0.0,0.0,0.0,0.0,0.0,0.0,0.0,0.0,0.0,0.0,5.655435883,5.6228459509999995,5.593875264999999,9.45222383,10.052953587000001,9.104336326999999,11.092470952,11.626249011,6.590045809,6.578278094,6.864220841,6.820002815,5.710692688,0.0,0.0,0.0,0.0,0.0,0.0,0.0,0.0,0.0,0.0,0.0,0.0,0.0,0.0,0.0,0.0,0.0,0.0,0.0,0.0,0.0,0.0,0.0,0.0,0.0
14_CLV,1.B.1,Solid Fuels,CO2bio,2056.50158345,2056.84364844,2110.1737338099997,2158.06659946,2209.1564878400004,2261.78670066,2307.56859273,2356.8694455699997,2406.1350722,2455.3611776499997,2506.51298245,2544.59488951,2583.74033559,2628.3062514499998,2673.14791403,2720.25670372,2779.7109570000002,2849.6779247100003,2921.09626316,2991.62875587,4267.8808491,4329.066513,4376.5444286,4440.0476046,4507.3281295,4423.6384341,4619.7279941,4726.0221498,4833.538824,4768.8814318,4980.6118112,5011.0412672,5046.0569916,5066.9585416,5090.1805564,5107.8821176,5128.1400492,5179.8707268,5263.1103768,5357.8942156,5372.7513968,5391.5737618,5408.91738,5426.7102094,5448.8122704,3049.1090448,3440.4071116,3891.9938284,5432.746238,5583.5456072,4907.2889728,5046.7446948,5550.9609952,5508.2322543,5508.2322543
14_CLV,1.B.2,Oil and Natural Gas,CO2bio,0.0,0.0,0.0,0.0,0.0,7.475751711,7.3696267760000005,7.235210765,7.048959967,6.897545462,6.819918757,6.690002947,8.927952987,9.13646219,11.470195933,42.81423974,358.0503662,366.17393649999997,368.3273045,485.13036909999994,0.0,0.0,0.0,15.236910652,15.217603421,8.62571441,8.610311641,8.580276051,8.525003519,9.295803017,0.0,0.0,0.0,0.0,0.0,0.0,0.0,0.0,0.0,0.0,0.0,0.0,0.0,0.0,0.0,0.0,39.84624,48.574464,229.59024,237.18,189.744,35.671872,54.836016,54.836016,19.8851712
14_CLV,3.C.1,Emissions from biomass burning,CO2bio,27422.613379000002,25873.37912,25198.542696,24246.65773,23719.422675,23506.769120999998,25748.887305,25462.221774,24996.358018,25932.358559,28708.209175,29091.630153,31487.839232,31552.293413,30814.441306,32382.082520000004,32686.386988000002,31099.293438,34184.273923,36516.614548,36902.330258,37210.719154,39223.430454,40562.527753999995,41136.226766,44194.180146,46016.676549,47536.19976,49854.050697,53496.443596,54087.687917999996,53846.340897,56120.304149,57759.168123999996,58670.890425,60272.784664,61102.100657,62064.294203,65901.406895,66769.518027,68816.19677,72375.196598,74897.733335,75723.58208,77259.681734,78005.422678,76845.297119,76901.362613,77783.20337,76354.496929,75070.926152,76435.96226,75192.47640099999,78145.981363,77907.587108
15_SAS,1.A.1.a,Main Activity Electricity and Heat Production,CO2bio,0.736946788,0.736347623,0.73447685,0.7296766000000001,0.7378223450000001,0.8524287620000001,0.863536416,0.876629416,1.053027779,4.768630172,4.8626630230000005,4.886274743,5.092390997,5.167194296,5.303229083999999,5.5070866789999995,5.475043032,5.4054713979999995,5.510400448,5.611020512,17.339690879000003,17.451560033,17.654036786000002,17.84110268,19.365333324,73.715659241,171.506601202,266.693938594,272.904289523,271.122703874,441.184604787,974.2593161070001,1724.3445637779998,2690.292840825,5867.883743645,7683.032832057001,11934.320758294,14867.350060001,13966.904721695,18066.56965725,23812.911607636,27721.956334312003,30038.919332234,31150.252102984003,37224.41088879499,37341.511788227,55889.897334574,74232.85075793602,69466.867105275,66879.192508019,78366.08393198099,84500.668693227,92838.870092115,72609.837257792,73512.764364994
15_SAS,1.A.2,Manufacturing Industries and Construction,CO2bio,250052.7896,250052.7896,252500.58479999998,257155.56249999997,258311.96149999998,259856.6155,260177.48579999997,261568.0236,255468.71979999996,251578.96923228903,253715.10279999996,260300.89890168599,260029.264877121,258245.90245664102,255827.212196071,252920.057497916,252546.108156003,252763.590395417,252556.07418641102,252325.36532199002,253790.01841592003,267775.90691793,262014.75900639102,274812.636335322,299203.026476607,295500.00673442,315410.635341338,320461.61681075,326266.35772418696,331000.403601516,317276.964054104,334294.35923146,321885.970837126,313492.764915559,328179.754240701,320339.211331875,350477.93677948404,374883.413834985,380707.627948251,352069.257664816,379109.56038282096,390727.54179093,397511.263657307,442239.9911452719,443424.231791091,466091.99228947796,465698.872351719,490069.750090764,534732.773527093,499370.955861066,516796.10466747003,540631.095592335,592885.864590727,612769.552217513,610171.352731313
15_SAS,1.A.3.b_noRES,Road Transportation no resuspension,CO2bio,0.0,0.0,0.0,0.0,0.0,0.0,0.0,0.0,0.0,0.0,0.0,0.0,0.0,0.0,0.0,0.0,0.0,0.0,0.0,0.0,0.0,0.0,0.0,0.0,0.0,0.0,0.0,0.0,0.0,0.0,208.718485,252.359428,271.3339129,271.3339129,286.5135674,301.6929175,301.6929175,421.2318145,184.6674205,159.3420127,622.1128103,556.5328306,691.8883197,605.0475177,1131.720522,1799.980939,1203.029332,2476.328336,3103.812741,3304.810515,5636.320432,7916.253105,9413.011667,9462.06106,13125.11715
15_SAS,1.A.4,Residential and other sectors,CO2bio,340631.240479126,340630.616472482,348652.486673721,356853.995369797,364964.367038175,374181.948647321,382765.569733009,390916.25919502706,399855.539566268,409029.87712316494,418508.295668152,421758.66555474594,431000.61491054296,441287.63285837695,451188.44519056694,461458.968987734,472639.083819797,480497.274457872,493452.881891559,504923.06704169203,518305.57246782,522541.638702326,528635.75965866,534338.93407579,539798.33432488,545890.77387027,549857.93795409,556183.61096948,562024.50287261,568243.38263938,575783.2736984399,574465.23694319,581658.5298851,588974.48671917,596147.34171534,605254.80435132,612294.81952713,619397.92303716,626678.76902666,634218.7240383499,641471.47411341,647848.8215132,643094.57336606,648831.25918455,649741.13147693,649022.71836078,644828.0670270299,641307.00721251,642864.8194670901,639461.1501742301,638007.8950896601,635408.48315689,636735.19203374,634503.28295578,636896.22076578
15_SAS,1.A.5,Non-Specified,CO2bio,0.0,0.0,0.0,0.0,0.0,0.0,0.0,0.0,0.0,0.0,0.0,0.0,0.0,0.0,0.0,0.0,0.0,1.442515827,1.470517422,1.49736911,2.555322866,2.738809421,2.5171784500000003,3.107254247,3.296594176,5.5749403289999995,5.649799151,6.011827607,6.1262426979999995,7.483402710999999,10.523003251,10.991033854000001,11.227937631,11.251028679000001,16.154189129000002,14.37933301,11.949396194,12.447405511,12.690512064,17.48273569,13.83826343,7.9216369559999995,7.951309078,8.039037816,8.140827633999999,8.130557024,8.154806672,7.079082275,7.208830974,7.2185467679999995,6.764294147999999,4.18294174,4.304272103,4.280054322,4.280054322
15_SAS,1.B.1,Solid Fuels,CO2bio,16650.1120812,16650.120806619998,16968.15939349,17291.54675672,17621.643396710002,17953.33502049,18284.96845979,18621.252385109998,18964.230222359998,19313.835697759998,19676.27343701,20054.23165005,20880.65913593,21362.96194177,21747.956320459998,22210.234079280002,22641.52942764,23039.384738149998,23561.986460139997,23995.01961302,24664.4942322,25133.6779175,25682.299634799998,26001.9892071,26757.677409300002,27080.03651738,27590.297335209998,28046.9319657,28496.4789085,28961.4914787,29508.7781915,30063.064635,30390.451052099997,31427.539972299997,31985.8195182,31525.1631736,30137.2516746,30837.382081800002,31882.037354699998,32257.3760825,33159.5489425,33659.903189900004,33336.035151899996,32450.5099385,31619.3842628,30452.7813905,29015.3974868,27388.8912515,25400.8351791,23528.7843973,21464.2237556,20917.984908899998,20411.448514800002,19845.42124791,19845.42124791
15_SAS,1.B.2,Oil and Natural Gas,CO2bio,0.0,0.0,0.0,0.0,0.0,1.5450271310000003,1.565159754,1.588890817,1.6733044160000001,1.7125730650000002,1.746343377,1.7548231280000002,2.362133173,2.3968310890000004,3.0015343490000004,11.224120942999999,92.995452323,93.39893687899999,96.32697087400001,129.85974746000002,0.0,0.0,0.0,4.268206384,4.314913843,7.297042316,7.395025067,7.514784509,7.657803373,8.535769979,221.799889416,267.395228701,286.51678791699993,286.66414405399996,302.58481273900003,317.917701073,318.045692824,498.91380805299997,853.6080557930001,1092.400716951,820.426674253,769.692191688,555.1238785039999,892.4895709,1367.963977,2044.901865,1396.126475,2696.680349,3374.356922,3402.014595,3024.592688,4882.419273,5681.932925,6647.224583,8389.37111
15_SAS,3.C.1,Emissions from biomass burning,CO2bio,110699.16658757701,107668.64057827,103977.75951065,112017.61804129,108222.582590434,117415.497711973,113817.919360032,123180.43862861399,125266.820106476,117552.801048201,124282.52013835599,128193.00339655801,123074.401335536,137105.163041147,134754.682169443,136061.602289688,137444.632024852,132263.68344428702,145409.178928285,152946.41313169603,153601.634494463,152922.619051651,156543.6557271,160822.776595308,161685.946171552,164612.852020464,169619.530253014,170724.190384671,176650.416171903,181238.200791255,179915.597302717,183988.842610866,169354.44421438698,188739.849841572,185755.75073145598,198272.695011431,203003.501586856,218310.533331847,224969.489331444,216860.170808749,226146.88773263097,240189.639527735,239649.17351138798,244446.32442927797,245702.334946556,240566.624195571,247073.095015319,252603.76505680598,255569.840310051,258313.404942082,269706.81292393,279542.943861855,283342.536777487,292917.46359105,297088.247314018
16_APC,1.A.1.a,Main Activity Electricity and Heat Production,CO2bio,0.923692804,0.924441503,0.932006267,0.929481883,0.9433365330000001,1.126080524,1.1656474030000001,1.190491352,1.403937228,6.348876144,6.529559668,568.0575555979999,569.914491064,1402.950788527,1360.6679668109998,1627.586214401,1784.14498893,766.302180952,771.219374616,989.0273150319999,1084.420218857,706.5915100990001,747.893403075,719.668650812,785.43810253,1790.45404143,4007.0557589769996,2246.573146746,2308.275800537,4682.874438413,3906.190045209,4549.779653887,5279.263496226,7506.931369174999,7850.087086321,8538.163487896001,8431.327541703,9664.780226008,10820.288418307,13538.046574751,15004.048600357,15319.877365651999,15636.174779796998,20873.364384996,22212.282774163,23638.280299772,49590.553508424,43229.865658062,64768.430131834,68781.18483501,66742.745824867,74198.166322782,87732.656933884,100776.38009125201,101561.803688462
16_APC,1.A.1.bc,Petroleum Refining - Manufacture of Solid Fuels and Other Energy Industries,CO2bio,0.0,0.0,0.0,0.0,0.0,0.0,0.0,0.0,0.0,0.0,0.0,0.0,0.0,0.0,0.0,0.0,0.0,0.0,0.0,0.0,0.0,0.0,0.0,0.0,0.0,0.0,0.0,0.0,0.0,0.0,0.0,0.0,0.0,0.0,0.0,0.0,0.0,5.85856,2.92928,0.0,0.0,0.0,0.0,0.0,11.71712,0.0,0.0,0.36616,0.0,0.014328,0.0,0.0,0.0,0.0,0.0
16_APC,1.A.2,Manufacturing Industries and Construction,CO2bio,50647.655076,50647.655076,50495.255076,50508.955076,51956.355076,49462.055076,50842.255076,52124.355076,50850.255076,52726.216497689,50945.755076,52826.074060335,54810.055511063,54606.476667011,55175.284710185995,55672.775338509,55714.29203040701,55483.087423781,55469.935978984,58787.733876162,90438.735839187,94889.55947949701,102338.60974776601,97379.589078879,101065.06812709599,108424.373585276,114477.109907235,113227.281837152,97935.512384017,105954.08098478,108779.586683166,98446.368907603,107738.72034313301,109010.46475184901,113373.61409791301,116093.08141158201,117005.380964575,118763.812526393,124723.20669511199,121469.30362472299,121495.808102728,126322.347649445,141853.040690905,144813.83367134,153410.637671601,145843.138979124,151939.508095202,149735.65952309102,175610.770548101,181529.025510958,157168.125377105,134320.56039342,147480.553434433,148664.799867102,144002.446120602
16_APC,1.A.3.b_noRES,Road Transportation no resuspension,CO2bio,0.0,0.0,0.0,0.0,0.0,0.0,0.0,0.0,0.0,0.0,0.0,0.0,0.0,0.0,0.0,0.0,0.0,0.0,0.0,0.0,0.0,0.0,0.0,0.0,0.0,0.0,0.0,0.0,0.0,0.0,0.0,0.0,0.0,0.0,9.4872,104.76346799999999,227.29132859999999,695.73186096,1865.0384862,2629.095611,3115.1568899,3735.2933890000004,5635.6245069999995,7714.407294,10086.278044,8445.792583999999,13248.574743,13007.606369,16982.953742,22915.530828,27195.173074000002,28603.406888,30549.295366000002,35180.969878207,37545.837594449
16_APC,1.A.3.c,Railways,CO2bio,0.0,0.0,0.0,0.0,0.0,0.0,0.0,0.0,0.0,0.0,0.0,0.0,0.0,0.0,0.0,0.0,0.0,0.0,0.0,0.0,0.0,0.0,0.0,0.0,0.0,0.0,0.0,0.0,0.0,0.0,0.0,0.0,0.0,0.0,0.0,0.0,0.0,0.0,0.0,0.0,0.0,0.13279956,0.24217848,0.72179892,2.12092728,0.38031636,6.89930424,6.10197588,15.1466334,44.58741156,68.44534068,78.47216412,90.30967632,124.176369818,133.324992267
16_APC,1.A.3.d,Water-borne Navigation,CO2bio,0.0,0.0,0.0,0.0,0.0,0.0,0.0,0.0,0.0,0.0,0.0,0.0,0.0,0.0,0.0,0.0,0.0,0.0,0.0,0.0,0.0,0.0,0.0,0.0,0.0,0.0,0.0,0.0,0.0,0.0,0.0,0.0,0.0,0.0,0.0,0.0,0.0,0.0,8.373516,11.164452,11.164452,5.58258,13.955388,13.955388,11.164452,27.911484,16.747032,17.824608,16.771812,18.164448,18.915636,19.166976,15.786984,15.23710844,16.40353731
16_APC,1.A.4,Residential and other sectors,CO2bio,131233.079646695,131235.031808699,133281.16890134,136025.511590746,138339.928910854,148734.590529673,151200.378405067,153618.994711958,156251.63282468298,158738.811555848,160976.01946143,163755.685712353,166417.219096222,159584.16181024502,163704.31415705002,170611.72822466798,174586.153676268,178133.875106276,181233.717666199,186122.378946788,157345.45850712102,156865.53451758,155618.709707268,151750.232902506,149559.45922487602,147203.79149692,143812.53248863202,142598.772837889,140963.770647751,139168.587894577,138785.48552765,138762.401522134,138979.704210239,139610.791662607,141519.879516398,141440.145480506,141549.585513998,142519.580444691,143127.048115883,139892.92313443602,142554.250048195,140164.68870821001,136839.201046404,135604.77785638202,134755.877995133,128386.801311335,116247.959528943,111761.33891339399,113745.930009762,111600.28717328899,104308.288113599,101943.537294861,102165.57718587901,100289.69190413001,100299.47631883
16_APC,1.A.5,Non-Specified,CO2bio,66.40014,66.40014,63.39988,60.40003,57.40019,54.39993,51.40009,48.39983,45.39998,42.40014,39.39988,36.40004,33.4002,30.39994,27.40009,24.39983,21.39999,20.402198289,17.406526627999998,14.408805625000001,12.792653304,10.008176992,6.678585224,4.000274802000001,4.177156813,6.935013862999999,6.871922756,7.123951552,7.053754486,5.755504602,8.526596749,8.958566146999999,9.021662368000001,8.898571322,9.64501087,9.170266989000002,9.100203806000001,9.502194489,9.559087936,11.416464306999998,5.31053657,4.727963045,4.69829092,4.7105621840000005,4.60855092,4.618407058,4.594498326,3.67822857,3.548579308,525.7706572605,688.924686541,761.71984974492,856.05921436609,1006.4051344971999,1080.3269164972
16_APC,1.B.1,Solid Fuels,CO2bio,24635.165608126,24635.546178211,23638.486234927,23723.840558247,23310.980076881002,24194.448497771,25093.962911185,26107.368499727,27314.425554443,28352.02430179,28969.49037275,29421.268682839,29572.556291865,27727.295800174,29221.451270531,31611.648710834,33155.914983,34947.274957462,36383.157253541,38097.535403244,40059.231223994,41068.075521376,40240.624756824,36821.06811171999,34955.031841508,33489.432473415,33140.4294817,31487.117951305,30850.736647937003,29224.672973391,29663.400785629998,26960.246907368,27162.976049778,27783.695547849,29077.037072284,29658.651310841997,30362.710386434,31370.285789543002,32476.197496235,31934.761871832998,33878.030939307,32192.169934337,32135.435114705,32964.735347623,32513.185668946997,32627.951075408,26849.083989995,25780.078211379,20241.938280352002,20501.335452062,18968.302575399,18340.53629764,19608.386048649,19739.273890168002,19739.273890168002
16_APC,1.B.2,Oil and Natural Gas,CO2bio,0.0,0.0,0.0,0.0,0.0,2.041020948,2.112735915,2.157765578,2.230913953,2.280091744,2.344981181,2.426862073,3.253709709,3.316932027,4.170139575,15.461639316,128.154181512,129.6271266,131.44572462600001,174.209883454,0.0,0.0,0.0,5.494882971,5.467482739,9.077243274,8.994663291,8.904939439,8.817193108,9.668427005,14.418595583,16.264199301999998,16.117124983,15.969768848,25.91595466,116.83953643,504.994412677,1540.975455442,3765.949321005,3682.0221014480003,4490.133994244,7357.621625706999,9659.327976005,12764.107837,14898.758274,10182.266242,15121.832075,14158.890996,21827.921232,29560.140315999997,29611.567282,31873.452504,34597.09001,38981.189739,40869.3334636
16_APC,3.C.1,Emissions from biomass burning,CO2bio,97455.811495728,99592.61772940001,93805.582976888,105810.28306881001,107377.824646939,110273.340303785,110564.406878511,112143.020565815,119487.872404082,118519.97210064699,124245.764959432,130755.904040592,128045.81432401999,132756.440130952,139215.998331837,141215.650692744,141974.212881132,137860.908344274,147226.660054831,152116.21770274002,149321.539467988,149359.92989765602,157611.6098319,156084.31271258998,159131.97768074702,165100.349312632,169783.969549387,166193.27653242898,161623.977295208,173479.637646173,176108.538065816,176835.94307275402,177138.86397999802,183071.981685192,187946.05470811,191249.747916979,194363.98521050898,200951.449365003,209560.867202939,212656.631876884,214405.036933545,216570.383499035,219704.449870438,218685.346394749,215148.323418974,210260.27661387698,208629.780993137,215038.830248678,218341.695347378,206498.23420054402,203359.56494881702,206471.068619983,213104.013659376,207689.757237587,207998.335669039
16_APC,4.C,Incineration and Open Burning of Waste,CO2bio,0.0,0.0,0.0,0.0,0.0,0.0,0.0,0.0,0.0,0.0,0.0,0.0,0.0,0.0,0.0,0.0,0.0,0.0,0.0,0.0,0.0,0.0,0.0,0.0,0.0,0.0,0.0,0.0,0.0,0.0,0.0,0.000480677,0.5005,0.509969601,0.510558821,5.110003195,16.70305915,17.143866889,19.828254505,17.342567778,17.808160844,18.436258742,18.725132889,19.264363607,19.885930039999998,20.187212233,21.407754879,21.328104671,14.579694464000001,15.546959188999999,18.549746688,20.831192029999997,22.060254838,21.000527218,22.284693762
17_ANZ,1.A.1.a,Main Activity Electricity and Heat Production,CO2bio,148.20016,148.6,151.59984,146.4999,845.61415,923.57992,919.0663099999999,830.93964,794.93944,810.05719,770.09325,813.07704,954.1382900000001,853.6215399999999,887.6128,912.7131099999999,3333.8131,3333.8131,3333.8131,3333.8131,5167.9992440000005,5151.9958019999995,4477.331222,4593.171222,4609.532585999999,4675.243372,4677.455667,4715.951231999999,4715.380161,4826.706474,4839.34415,4778.670699,4839.192285,8618.916656,9383.961232,9881.366935,10057.411099,10199.220847,11290.590436,4814.619021,4585.463435,4017.000269,4056.405947,3852.2342,4463.993443,4884.3773280000005,5147.205139,6124.943541,6136.010452,5767.848594,5664.230009,5509.094894,5506.859864,5371.846017,5364.312626999999
17_ANZ,1.A.2,Manufacturing Industries and Construction,CO2bio,31237.39244,31311.89278,31184.19245,31187.59255,33095.99271,33491.79242,33923.49241,34474.99297,34655.89278,33879.19258,34230.59237,34892.19258,35306.1921,35215.593129999994,34929.19258,35344.99261,30598.8927,30907.59271,31033.3927,31726.09277,31052.281368,26609.870698,32576.831938,41817.697457999995,50238.107058,50004.883298,57670.040008,61103.987018,52540.334138000006,57087.408918,46850.215088,50330.229997999995,60163.070478,39383.410388000004,40554.921518,37600.555038,30690.283768,28411.945148,32947.393648000005,46597.213278,57662.357868,55567.847618,56539.760358,61368.010958,55975.810558,61518.587697999996,60124.824318,48769.039248,43747.757112,41401.964002,37398.081496,40035.72748,38676.16874,38951.926664,38157.559559
17_ANZ,1.A.3.b_noRES,Road Transportation no resuspension,CO2bio,0.0,0.0,0.0,0.0,0.0,0.0,0.0,0.0,0.0,0.0,0.0,0.0,0.0,0.0,0.0,0.0,0.0,0.0,0.0,0.0,0.0,0.0,0.0,0.0,0.0,0.0,0.0,0.0,0.0,0.0,0.0,0.0,0.0,136.6156658,68.3079816,55.02575292,146.2729133,331.6171818,484.1217553,591.9708006000001,509.2443636,684.4252426,701.1420713,731.5224079000001,759.2501659000001,739.1950747000001,486.1215155,303.2124413,362.2157665,392.24136680000004,323.1459547,271.2898682,291.58122610000004,333.49800282800004,327.85849308
17_ANZ,1.A.4,Residential and other sectors,CO2bio,8373.78592,8373.78592,8792.48602,8373.78592,8079.18774,7754.38752,7458.78772,7179.58803,6902.687730000001,7055.58799,7220.48762,7425.68772,7393.78806,7376.6875,7359.48771,7359.08787,7395.287780000001,7395.287780000001,7575.28752,7576.16112,8057.921874,8268.6639,8488.781254,9940.683328000001,8808.761928,8819.591024,8515.798811999999,8593.024602,8516.11396,8456.545964,8572.635618,8731.326203999999,9126.392208000001,8328.158969,7405.175696,6792.6594430000005,6735.413053,6907.012686,6758.680962,6603.678456000001,6322.5429110000005,6016.525356,6047.2532790000005,6082.243379,5973.985254,5758.090467,5711.774745,5551.937322000001,5494.819668,5419.345244,5365.537878,5349.067795,5456.12514,5588.7282001,5588.660394
17_ANZ,1.B.2,Oil and Natural Gas,CO2bio,0.0,0.0,0.0,0.0,0.0,0.0,0.0,0.0,0.0,0.0,0.0,0.0,0.0,0.0,0.0,0.0,0.0,0.0,0.0,0.0,0.0,0.0,0.0,0.0,0.0,0.0,0.0,0.0,0.0,0.0,0.0,0.0,0.0,136.4431475,68.46153264,54.52864488,146.5974959,328.8523073,478.0440638,591.9376025,504.9839948,680.8448866,694.9817633,729.4431748,756.7749979,739.1950747000001,486.1215155,300.9270173,362.4359545,391.2983108,319.7992387,269.9135162,285.6283621,325.79020516,344.410827686
17_ANZ,3.C.1,Emissions from biomass burning,CO2bio,10267.964762500002,11496.1010302,9933.482923,12777.7509129,12222.571553,13105.295791,13475.0380079,12655.677468400001,16877.7458062,16145.3858438,13678.3852087,17060.2944591,13049.7033118,20071.0681798,19047.8479544,17550.202505,16983.969191,14703.2286411,15491.4600055,15425.0414891,15609.2326853,15023.0685062,13460.174943600001,16191.3731914,17760.4231449,13457.094406100001,18156.8611519,21893.2028464,19212.7736478,19951.275905500002,20211.5389011,18836.5301233,18849.4020918,11240.7539504,17882.0050389,15048.5848855,15776.3361276,9118.1958237,10084.2347002,11125.9301137,10256.038587000001,11453.8733148,12545.882651,11274.7353351,11622.7764275,11433.9610309,10954.9826582,14332.5934751,10934.9927832,9384.3878768,8811.3501128,13794.4328709,14727.2045704,15421.3426884,17853.3051093
17_ANZ,4.C,Incineration and Open Burning of Waste,CO2bio,0.0,0.0,0.0,0.0,0.0,0.0,0.0,0.0,0.0,0.0,0.0,0.0,0.0,0.0,0.0,0.0,0.0,0.0,0.0,0.0,0.0,0.0,0.0,0.0,0.0,3.70720625,3.7405731440000003,4.95824148,0.725939104,0.736454706,0.750052466,0.763650226,0.761973169,0.760568067,0.781417967,0.79635284,0.811287714,1.486257879,6.112529795,5.797028155,3.511168376,0.0,0.0,0.0,0.0,0.0,0.0,0.0,0.0,0.0,0.0,0.0,0.0,0.0,0.0
