Region,ipcc_code_2006_for_standard_report,ipcc_code_2006_for_standard_report_name,Substance,Y_1990,Y_1991,Y_1992,Y_1993,Y_1994,Y_1995,Y_1996,Y_1997,Y_1998,Y_1999,Y_2000,Y_2001,Y_2002,Y_2003,Y_2004,Y_2005,Y_2006,Y_2007,Y_2008,Y_2009,Y_2010,Y_2011,Y_2012,Y_2013,Y_2014,Y_2015,Y_2016,Y_2017,Y_2018,Y_2019,Y_2020,Y_2021,Y_2022,Y_2023,Y_2024
01_KOR,2.B,Chemical Industry,HFC-23,0.084,0.0683,0.1599,0.18,0.1938,0.223,0.2444,0.2782,0.1661,0.3112,0.2766,0.0476,0.1704,0.0,0.0,0.0,0.0,0.0,0.0,0.0,0.0,0.0,0.0,0.0,0.0,0.0,0.0,0.0,0.0,0.0,0.0,0.0,0.0,0.0,0.0
01_KOR,2.B,Chemical Industry,SF6,0.0,0.0,0.0,0.0,0.0,0.0,0.0,0.0,0.0,0.0,0.0,0.0,0.0,0.0,0.0,0.0,0.0,0.002,0.004,0.0,0.0,0.0,0.0,0.0,0.0,0.0,0.0,0.0,0.0,0.0,0.0,0.0,0.0,0.0,0.0
01_KOR,2.C,Metal Industry,C2F6,0.00043116,0.000448932,0.000396,0.0,0.0,0.0,0.0,0.0,0.0,0.0,0.0,0.0,0.0,0.0,0.0,0.0,0.0,0.0,0.0,0.0,0.0,0.0,0.0,0.0,0.0,0.0,0.0,0.0,0.0,0.0,0.0,0.0,0.0,0.0,0.0
01_KOR,2.C,Metal Industry,CF4,0.00914252,0.00979488,0.00864,0.0,0.0,0.0,0.0,0.0,0.0,0.0,0.0,0.0,0.0,0.0,0.0,0.0,0.0,0.0,0.0,0.0,0.0,0.0,0.0,0.0,0.0,0.0,0.0,0.0,0.0,0.0,0.0,0.0,0.0,0.0,0.0
01_KOR,2.C,Metal Industry,SF6,0.0,0.0,0.0,0.0,0.0,0.0,0.0,0.0,0.0,0.0,0.0,0.0,0.0,0.0,0.0,0.0,0.0,0.0,0.0,0.0,0.0034,0.003750209,0.0061,0.008750209,0.011054812,0.003597908,0.00499205,0.004630126,0.003754812,0.003807113,0.003412134,0.003006137,0.002756579,0.002406401,0.002106533
01_KOR,2.E,Electronics Industry,C2F6,0.0,0.0,0.0,0.0,0.0,0.0,6e-05,0.00012,0.00011,0.00014,0.00017,0.00014,0.00011,0.00011,0.00012,0.00011,0.00011,0.000121346,0.00011113,7.08124e-05,8.2068e-05,7.31087e-05,0.00020094,0.000244845,0.000993427,0.00133153,0.002056986,0.002434547,0.002492181,0.002879064,0.00315309,0.003392605,0.003692746,0.003963974,0.004249658
01_KOR,2.E,Electronics Industry,C3F8,0.0,0.0,0.0,0.0,0.0,0.0,0.0,0.0,0.0,0.0,1e-05,3e-05,6e-05,9e-05,0.00012,0.00011,8e-05,5e-05,4e-05,3e-05,3e-05,3e-05,3e-05,2e-05,1e-05,2e-05,2e-05,2.81509e-05,3.89887e-05,4.53183e-05,5.37577e-05,6.22933e-05,7.00615e-05,7.83092e-05,8.63172e-05
01_KOR,2.E,Electronics Industry,CF4,0.0,0.0,0.0,0.0,0.0,0.0,0.0,9e-05,9e-05,0.0001,9e-05,7e-05,8e-05,0.0001,0.00013,0.00014,0.00019,0.000254071,0.000238593,0.00019056,0.000242337,0.000248676,0.00378697,0.00490813,0.023883506,0.033079592,0.051692798,0.061100528,0.062387874,0.072157302,0.078974569,0.084933742,0.092459923,0.099227463,0.106374323
01_KOR,2.E,Electronics Industry,HFC-23,8.128e-05,7.112e-05,0.00016256,0.00018288,0.00019304,0.00022352,0.00024384,0.00029464,0.00017272,0.00032512,0.00029464,5.08e-05,0.00018288,1.016e-05,1.016e-05,1.016e-05,2.032e-05,2.032e-05,2.032e-05,2.032e-05,2.032e-05,2.032e-05,3.048e-05,3.048e-05,3.048e-05,2.032e-05,2.032e-05,3.29168e-05,5.12237e-05,6.1525e-05,7.52007e-05,8.94547e-05,0.000102329,0.00011593,0.000129168
01_KOR,2.E,Electronics Industry,HFC-32,0.0,0.0,0.0,0.0,0.0,0.0,0.0,0.0,0.0,0.0,0.0,0.0,0.0,0.0,0.0,0.0,1e-05,1e-05,0.0,0.0,0.0,1e-05,1e-05,1e-05,0.0,1e-05,1e-05,1.60317e-05,2.51852e-05,3.02469e-05,3.69959e-05,4.3984e-05,5.02502e-05,5.6918e-05,6.3385e-05
01_KOR,2.E,Electronics Industry,SF6,0.0,0.0,0.0,0.0,0.0,0.0,0.0,0.010033891,0.008628452,0.022438075,0.025361506,0.027470712,0.029979498,0.03853682,0.053404603,0.072461924,0.103298745,0.139591214,0.159976569,0.211514226,0.244189121,0.237520084,0.234358159,0.258477824,0.289269037,0.232744352,0.13665523,0.127701357,0.128527199,0.093788148,0.079499121,0.063431709,0.041733212,0.024381566,0.004856495
01_KOR,2.E,Electronics Industry,c-C4F8,0.0,0.0,0.0,0.0,0.0,0.0,0.0,0.0,0.0,0.0,0.0,0.0,0.0,0.0,0.0,0.0,9.29e-06,9.29e-06,9.29e-06,9.29e-06,9.29e-06,9.29e-06,9.29e-06,1.858e-05,1.858e-05,1.858e-05,1.858e-05,2.61522e-05,3.62205e-05,4.21007e-05,4.99409e-05,5.78705e-05,6.50871e-05,7.27492e-05,8.01886e-05
01_KOR,2.F,Product Uses as Substitutes for Ozone Depleting Substances,HFC-134a,0.0,0.0,0.0,0.0,1.21,1.9,2.25,2.92,2.21,3.32,3.9,4.0,5.01,4.83,4.94,4.97,4.51,5.45,5.11,4.33,6.03,5.88,6.44,5.96,6.19,5.86,5.41,7.041108032,6.652967664,6.917290219,7.419720292,7.545924378,7.843576616,8.152338749,8.455545934
01_KOR,2.F,Product Uses as Substitutes for Ozone Depleting Substances,HFC-152a,0.0,0.0,0.04,0.08,0.0,0.0,0.0,0.01,0.0,0.03,0.22,0.11,0.36,0.33,0.12,0.16,0.22,0.24,0.07,0.05,0.07,0.07,0.06,0.09,0.65,0.77,1.04,1.353558661,1.278943876,1.448591835,1.584789113,1.66186593,1.789506615,1.903144875,2.023784347
01_KOR,2.G,Other Product Manufacture and Use,C2F6,8e-06,8.5e-06,9e-06,9e-06,9.5e-06,1e-05,1.05e-05,1.1e-05,1.1e-05,1.15e-05,1.2e-05,1.25e-05,1.3e-05,1.3e-05,1.35e-05,1.4e-05,1.43e-05,1.46715e-05,1.5043e-05,1.5043e-05,1.5043e-05,1.5043e-05,1.5043e-05,1.5043e-05,1.5043e-05,1.5043e-05,1.5043e-05,1.5043e-05,1.5043e-05,1.5043e-05,1.5043e-05,1.5043e-05,1.5043e-05,1.5043e-05,1.5043e-05
01_KOR,2.G,Other Product Manufacture and Use,C3F8,1e-05,1.05e-05,1.1e-05,1.15e-05,1.2e-05,1.25e-05,1.3e-05,1.35e-05,1.4e-05,1.45e-05,1.5e-05,1.55e-05,1.6e-05,1.65e-05,1.7e-05,1.75e-05,1.8e-05,1.85e-05,1.9e-05,1.9e-05,1.9e-05,1.9e-05,1.9e-05,1.9e-05,1.9e-05,1.9e-05,1.9e-05,1.9e-05,1.9e-05,1.9e-05,1.9e-05,1.9e-05,1.9e-05,1.9e-05,1.9e-05
01_KOR,2.G,Other Product Manufacture and Use,C4F10,2.3e-05,2.35e-05,2.4e-05,2.45e-05,2.45e-05,2.5e-05,2.55e-05,2.6e-05,2.65e-05,2.65e-05,2.7e-05,2.75e-05,2.8e-05,2.85e-05,2.85e-05,2.9e-05,2.94335e-05,2.9819e-05,3.0205e-05,3.0205e-05,3.0205e-05,3.0205e-05,3.0205e-05,3.0205e-05,3.0205e-05,3.0205e-05,3.0205e-05,3.0205e-05,3.0205e-05,3.0205e-05,3.0205e-05,3.0205e-05,3.0205e-05,3.0205e-05,3.0205e-05
01_KOR,2.G,Other Product Manufacture and Use,SF6,0.03408523,0.044866736,0.050142301,0.044815439,0.059018996,0.105636736,0.092190042,0.099940711,0.075107824,0.147911213,0.121125314,0.106142552,0.112717364,0.112049205,0.121588368,0.112527406,0.125725774,0.137170167,0.161828828,0.153092008,0.186876987,0.131557782,0.138854895,0.144658285,0.154039498,0.129985565,0.164491088,0.131628745,0.224748033,0.256335522,0.287926345,0.322350243,0.360943671,0.395813054,0.43254446
02_CHN,2.B,Chemical Industry,HFC-23,0.0,0.0,0.0,0.1769,0.3539,0.5308,0.7078,0.8847,1.34,2.18,2.83,4.04,3.78,5.27,6.95,9.92,11.13,7.87,5.73,7.85,9.17,9.96,10.75,10.84,12.49,7.48,7.48,7.48,7.48,7.48,7.48,7.48,7.48,7.48,7.48
02_CHN,2.B,Chemical Industry,SF6,0.028,0.03224,0.03656,0.0408,0.0452,0.0504,0.05432,0.05888,0.06352,0.06832,0.0199688,0.0213204,0.024634,0.055808,0.078262,0.09483,0.129274,0.132326,0.138648,0.14715,0.145406,0.148314,0.15128,0.154306,0.157392,0.16054,0.16077,0.161,0.161231,0.161461333,0.161691778,0.16192237,0.162152827,0.162383325,0.162613802
02_CHN,2.C,Metal Industry,C2F6,0.02817172,0.03113969,0.03526314,0.03999572,0.04713559,0.05476562,0.05565332,0.06286672,0.06103755,0.07161269,0.07157143,0.05648883,0.07479615,0.0992907,0.1166308,0.13123443,0.13974431,0.20033625,0.21634165,0.12849013,0.17107481,0.1259731,0.1275817,0.1279258,0.1380338,0.1381916,0.1300865,0.1324399,0.1424351,0.152611673,0.163244265,0.171275772,0.179702424,0.188732675,0.197461126
02_CHN,2.C,Metal Industry,CF4,0.3644736,0.3905956,0.4411126,0.5000202,0.5595689,0.6061483,0.6250415,0.7223812,0.6851513,0.7434569,0.7170422,0.5745452,0.6804365,0.7752846,0.7954299,0.7212744,0.782829,1.5111283,1.3756376,0.8852885,1.083194,1.1807188,1.1291082,1.2090006,1.3851408,1.5001088,1.3858893,1.4109611,1.5174463,1.625863413,1.739138782,1.824703224,1.914477378,2.010682033,2.103671438
02_CHN,2.C,Metal Industry,SF6,0.00637,0.00782,0.00851,0.01004,0.01558,0.04689,0.03012,0.03091,0.02883,0.04871,0.07712,0.08153,0.10228,0.10381,0.09001,0.09603,0.10795,0.12286,0.13436,0.14714,0.15992,0.17227,0.18463,0.19698,0.20934,0.22169,0.23404,0.2464,0.25875,0.271103333,0.283457778,0.29581037,0.308163827,0.320517325,0.332870802
02_CHN,2.E,Electronics Industry,C2F6,0.0,8.71176e-05,0.00034847,0.000784058,0.001393881,0.002177939,0.003141526,0.004281113,0.005588465,0.007075052,0.008736756,0.016195522,0.025469141,0.02956514,0.034275521,0.030040044,0.034573795,0.034786245,0.023298002,0.018897558,0.022849738,0.022773896,0.015616122,0.018914097,0.029593144,0.028794506,0.034436456,0.042948901,0.042310206,0.046815439,0.050941767,0.053606056,0.057371339,0.060889972,0.064531931
02_CHN,2.E,Electronics Industry,C3F8,0.0,3.37026e-05,0.00013481,0.000303323,0.000539241,0.000842564,0.001213292,0.001651425,0.002156964,0.002729907,0.003371726,0.006261243,0.009856574,0.011448473,0.013278684,0.011633334,0.013356293,0.013391005,0.008902941,0.007154761,0.008630675,0.008549255,0.005294499,0.006191594,0.007420106,0.00544045,0.004755371,0.003713987,0.004007144,0.003529375,0.00312071,0.002922951,0.002561554,0.002238946,0.001896944
02_CHN,2.E,Electronics Industry,CF4,0.0,0.000174712,0.00069885,0.001572412,0.0027954,0.004367812,0.006289649,0.008569518,0.011191435,0.014164006,0.017483543,0.032442243,0.051048439,0.059263173,0.068708293,0.063267115,0.075373845,0.076866585,0.055005593,0.048524256,0.060392579,0.063392286,0.078873947,0.108187782,0.362523082,0.398782926,0.525795653,0.786584349,0.764898541,0.886937079,1.007324149,1.08102219,1.186430266,1.286261328,1.388880897
02_CHN,2.E,Electronics Industry,HFC-23,0.0,5.30207e-06,2.17965e-05,4.63951e-05,7.9539e-05,0.000122993,0.000174992,0.000239213,0.00029345,0.000388438,0.000469913,0.000608363,0.000837382,0.000910964,0.001018712,0.001945386,0.002489285,0.004521653,0.003585686,0.005432079,0.005667117,0.004771711,0.003389424,0.005554984,0.005802069,0.00440413,0.004859552,0.005050728,0.00494008,0.00511873,0.005205123,0.005256588,0.00536209,0.00544321,0.005536521
02_CHN,2.E,Electronics Industry,NF3,0.0,5.45058e-06,2.18023e-05,4.90552e-05,8.72093e-05,0.000136265,0.000196221,0.000267078,0.000348837,0.000441497,0.000545058,0.003040905,0.00646041,0.009526405,0.014016819,0.028611953,0.03091556,0.035363372,0.008295266,0.023977298,0.012127077,0.019523105,0.018499698,0.034110465,0.033391876,0.031838908,0.023088569,0.024517555,0.032529598,0.032759828,0.035983581,0.03980559,0.04223092,0.045387951,0.048179132
02_CHN,2.E,Electronics Industry,SF6,0.0,3.54102e-05,0.000150041,0.000318692,0.000566563,0.000885255,0.001274768,0.001802778,0.002332766,0.00306281,0.003785393,0.00431262,0.004793437,0.005704227,0.007454549,0.073825468,0.08636134,0.089033552,0.074176632,0.073272201,0.102199387,0.095980036,0.108482712,0.13485636,0.158550752,0.155659571,0.102237104,0.11293742,0.137332603,0.131223614,0.140885784,0.150201905,0.154491672,0.162247691,0.168270585
02_CHN,2.E,Electronics Industry,c-C4F8,0.0,1.651e-05,6.60402e-05,0.00014859,0.000264161,0.000412751,0.000594362,0.000808992,0.001056643,0.001337314,0.001651005,0.00306467,0.004822583,0.005598273,0.006489913,0.005683693,0.006533683,0.006554816,0.004357592,0.003502833,0.004225701,0.004185852,0.002591464,0.003036589,0.003640255,0.003888307,0.00489128,0.00477219,0.006003617,0.00670872,0.007314534,0.008161982,0.008881437,0.009605675,0.010327522
02_CHN,2.F,Product Uses as Substitutes for Ozone Depleting Substances,HFC-125,0.0,0.0,0.0,0.0,0.0,0.0,0.0,0.0,0.0,0.0,0.0,0.0,0.0,0.0,0.0,0.09,0.6,1.1,1.7,2.4,3.9,6.4,8.6,12.0,12.98358947,13.97292252,15.06814039,16.46938776,17.87063512,19.16987265,20.53711674,21.8930264,23.23382349,24.58847377,25.93619746
02_CHN,2.F,Product Uses as Substitutes for Ozone Depleting Substances,HFC-134a,0.0,0.0,0.0,0.0,0.0,0.0,0.0,0.0,0.0,0.0,0.153125,0.30625,0.6125,1.225,2.45,4.9,6.7,8.9,11.0,14.0,17.0,21.0,28.0,33.0,35.97584919,39.22005227,42.75680866,46.6125,50.46819134,54.21757103,58.03782515,61.84626687,65.63895871,69.44608794,73.24599848
02_CHN,2.F,Product Uses as Substitutes for Ozone Depleting Substances,HFC-143a,0.0,0.0,0.0,0.0,0.0,0.0,0.0,0.0,0.0,0.0,0.0,0.0,0.0,0.0,0.0,0.01,0.1,0.5,0.7,1.1,1.7,2.4,3.0,3.4,3.519479172,3.643156954,3.771180889,3.903703704,4.036226519,4.167249707,4.299272647,4.431128961,4.562763108,4.694600909,4.826336883
02_CHN,2.F,Product Uses as Substitutes for Ozone Depleting Substances,HFC-152a,0.0,0.0,0.0,0.0,0.0,0.0,0.0,0.0,0.0,0.0,0.15625,0.3125,0.625,1.25,2.5,5.0,14.0,21.0,15.0,11.0,15.0,15.0,16.0,16.0,15.4079406,14.83778959,14.28873629,13.76,13.23126371,12.69575508,12.16024646,11.65165011,11.16432555,10.65384904,10.15494851
02_CHN,2.F,Product Uses as Substitutes for Ozone Depleting Substances,HFC-227ea,0.0,0.0,0.0,0.0,0.0,0.0,0.0,0.0,0.0,0.0,0.0,0.0,0.0,0.0,0.0,0.06,0.1,0.2,0.3,0.5,0.597990123,0.715184374,0.855346383,1.022977378,1.223460735,1.463234871,1.75,2.09296543,2.43593086,2.760162856,3.084394853,3.460669886,3.882847895,4.257076241,4.655279419
02_CHN,2.F,Product Uses as Substitutes for Ozone Depleting Substances,HFC-236fa,0.0,0.0,0.0,0.0,0.0,0.0,0.0,0.0,0.0,0.0,0.0,0.0,0.0,0.0,0.0,0.0,0.0,0.0,0.0,0.01,0.010539364,0.011107819,0.011706935,0.012338365,0.013003852,0.013705233,0.014444444,0.015223526,0.016002607,0.016768398,0.01753419,0.018344218,0.019191668,0.019999425,0.020827028
02_CHN,2.F,Product Uses as Substitutes for Ozone Depleting Substances,HFC-245fa,0.0,0.0,0.0,0.0,0.0,0.0,0.0,0.0,0.0,0.0,0.0,0.0,0.0,0.0,0.0,0.0,0.0,0.02,0.03,0.07,0.076472364,0.083543177,0.091267774,0.099706606,0.108925712,0.118997237,0.13,0.142020104,0.154040207,0.165721197,0.177402187,0.190148532,0.203810701,0.216507202,0.229686538
02_CHN,2.F,Product Uses as Substitutes for Ozone Depleting Substances,HFC-32,0.0,0.0,0.0,0.0,0.0,0.0,0.0,0.0,0.0,0.0,0.0,0.0,0.0,0.0,0.0,0.1,0.7,3.3,3.8,4.3,5.6,7.7,9.7,12.0,13.60668386,15.29062111,17.15877825,19.41875,21.67872175,23.80808863,26.02452542,28.22645056,30.40902684,32.60933957,34.80078407
02_CHN,2.G,Other Product Manufacture and Use,SF6,0.06086,0.08496000000000001,0.11102000000000001,0.11342999999999999,0.11370999999999999,0.10169,0.14614000000000002,0.13621,0.12285,0.20109,0.2999,0.34438,0.47266,0.67754,0.8135600000000001,0.93401,1.10858,1.30033,1.5102799999999998,1.7374,1.98508,2.17443,2.3429699999999998,2.55813,2.7585800000000003,3.03602,3.30028,3.55103,3.7865800000000003,4.036766666999999,4.286952222,4.546892414,4.821896243,5.083606101,5.351962945
03_JPN,2.B,Chemical Industry,HFC-23,1.076265203,1.172271145,1.187845028,1.134643277,1.24438217,1.45,1.333,1.256,1.178,1.205,1.06,0.798,0.521,0.4293,0.087,0.0396,0.05615,0.0186,0.0401,0.0034,0.0036,0.0011,0.0012,0.0011,0.0016,0.002,0.0016,0.0026,0.0008,0.0009,0.0009,0.000666667,0.000493827,0.000358436,0.000204321
03_JPN,2.B,Chemical Industry,NF3,0.000162162,0.000162162,0.000162162,0.000216216,0.000378378,0.001,0.001,0.001,0.002,0.003,0.007,0.007,0.009,0.008,0.0081,0.0721,0.0653,0.0714,0.0711,0.0668,0.0769,0.0931,0.0764,0.0864,0.0560854,0.0235,0.0251,0.01361,0.00337,0.00112,0.00087847,0.0013886,0.000728133,0.000597511,0.000201967
03_JPN,2.B,Chemical Industry,SF6,0.152227273,0.170136364,0.188045455,0.188045455,0.179090909,0.197,0.175,0.108,0.088,0.064,0.036,0.033,0.036,0.034,0.032,0.0408,0.05717,0.05016,0.0539,0.0102,0.0083,0.0058,0.0054,0.00407,0.0027,0.0023,0.0022,0.001785,0.001998,0.001761,0.002282,0.002001,0.002002,0.002082333,0.002123
03_JPN,2.C,Metal Industry,C2F6,0.000924048,0.0008748,0.000509868,0.000493101,0.000457812,0.000522986,0.000491811,0.000484126,0.000440154,0.000250792,0.0001634,0.000139272,0.000109021,9.0482e-05,8.3629e-05,9.6e-05,7.8e-05,7.92e-05,7.26e-05,5.1e-05,4.7e-05,5.17e-05,5.4e-05,3.9e-05,8e-06,0.000672,0.00063,0.0007,0.000692982,0.000659538,0.000552652,0.000560902,0.000569275,0.000539188,0.000528331
03_JPN,2.C,Metal Industry,CF4,0.0126629,0.011988,0.00698708,0.00675731,0.00627372,0.0063119,0.00593565,0.0058429,0.00521664,0.00294408,0.00189544,0.001658,0.0012826,0.00103408,0.0012866,0.001152,0.00091,0.000924,0.000858,0.000663,0.000517,0.0005922,0.000612,0.00045,9.4e-05,0.007854,0.00747,0.0083,0.00821678,0.007820226,0.006552865,0.006650688,0.006749971,0.006393219,0.006264485
03_JPN,2.C,Metal Industry,SF6,0.006427312,0.005545477,0.004693878,0.004929453,0.00478836,0.005,0.006,0.008,0.017,0.027,0.043,0.048,0.047,0.047093188,0.046486234,0.048423054,0.04565205,0.045579163,0.0273,0.01,0.012883,0.008,0.008,0.007,0.008,0.01,0.0138,0.0108,0.012,0.011,0.013,0.014,0.014666667,0.015888889,0.016833333
03_JPN,2.E,Electronics Industry,C2F6,0.073860073,0.085522189,0.087465875,0.126339598,0.15549489,0.204087043,0.239761807,0.301158182,0.305502025,0.325984878,0.351363219,0.270043372,0.269126311,0.266623002,0.282044287,0.238524957,0.256193365,0.230182887,0.173397813,0.109611551,0.115079931,0.096860584,0.084795037,0.081383459,0.079590339,0.077536721,0.08388792,0.083163518,0.075526948,0.075154127,0.072242862,0.068602644,0.066294542,0.063341347,0.060710699
03_JPN,2.E,Electronics Industry,C3F8,0.02068082,0.023946213,0.024490445,0.035375087,0.043538569,0.057144372,0.067133306,0.084324291,0.085540567,0.091275766,0.098381701,0.075612144,0.075355367,0.074654441,0.078938811,0.066747189,0.07169676,0.064404701,0.048510305,0.030642491,0.032171715,0.027072001,0.023597354,0.022603002,0.024609708,0.02064217,0.018713531,0.016323027,0.015698841,0.014051065,0.012496909,0.011221537,0.009729102,0.008288448,0.006821903
03_JPN,2.E,Electronics Industry,CF4,0.092926546,0.107599159,0.110044595,0.158953302,0.195634835,0.25677072,0.299162199,0.382687358,0.389990864,0.420396117,0.450964528,0.343738374,0.347832568,0.342969292,0.365893277,0.310482024,0.332239546,0.294873728,0.223052733,0.141117254,0.148828153,0.128547634,0.123605373,0.123894518,0.174593776,0.161843552,0.161223256,0.181299592,0.16069407,0.167582101,0.168978273,0.165633329,0.167768737,0.16783095,0.16892976
03_JPN,2.E,Electronics Industry,HFC-23,4.9467e-05,0.0,0.001484011,0.009646073,0.016571459,0.018302805,0.01786275,0.019952416,0.018435033,0.018720709,0.019226537,0.0149379,0.014553755,0.014052304,0.015933528,0.01533473,0.016591401,0.017962147,0.016016263,0.010277587,0.011347844,0.009828939,0.008379464,0.00754112,0.007780652,0.007771188,0.008058618,0.008448342,0.007762731,0.007728872,0.00760136,0.007326277,0.007194644,0.007016568,0.006861714
03_JPN,2.E,Electronics Industry,NF3,0.00173376,0.00173376,0.00173376,0.002311679,0.004045439,0.010691518,0.010195008,0.008945311,0.008938062,0.015329603,0.009614687,0.010140285,0.01259784,0.016191644,0.020158043,0.013467018,0.016171729,0.020855666,0.015006957,0.011929965,0.012619853,0.011573254,0.011498386,0.007625429,0.009197585,0.009699482,0.011785772,0.012539727,0.014787163,0.016008865,0.018713647,0.020710888,0.022685463,0.024910996,0.027011049
03_JPN,2.E,Electronics Industry,SF6,0.018364251,0.020524752,0.022685252,0.022685252,0.021605002,0.023765502,0.036913343,0.046734534,0.051837841,0.062276285,0.066050664,0.056481066,0.061256101,0.060112438,0.063072746,0.054910915,0.045429258,0.034917251,0.027392256,0.01799618,0.02165183,0.017299072,0.0155962,0.015408266,0.016044983,0.016457309,0.015295808,0.015903928,0.015308073,0.014076155,0.014219518,0.013134474,0.01240994,0.011854535,0.011214566
03_JPN,2.E,Electronics Industry,c-C4F8,0.011817612,0.01368355,0.01399454,0.020214336,0.024879182,0.032653927,0.038361889,0.048185309,0.048880324,0.05215758,0.056218115,0.043206939,0.04306021,0.04265968,0.045107892,0.038141251,0.040969577,0.036802687,0.027720174,0.017509995,0.018383837,0.015469715,0.013484202,0.012916001,0.014062691,0.017201808,0.022456237,0.02448454,0.027472971,0.030896692,0.033710177,0.036785389,0.039889529,0.042887141,0.045938017
03_JPN,2.F,Product Uses as Substitutes for Ozone Depleting Substances,C6F14,0.489240701,0.566489233,0.579363988,0.836859094,1.029980424,1.351849306,1.317133283,1.317352372,0.945268147,0.538629573,0.344069866,0.341680963,0.274411936,0.248812597,0.268414211,0.302641828,0.300285674,0.255609443,0.177219911,0.152733849,0.185019911,0.172619911,0.170219911,0.163219911,0.165219911,0.163119911,0.157519912,0.159553913,0.161839912,0.167559911,0.167559911,0.170906578,0.174320087,0.176573479,0.179406929
03_JPN,2.F,Product Uses as Substitutes for Ozone Depleting Substances,HFC-125,0.0,0.0,0.0,0.0,0.0,0.0,0.0,0.0,0.001499129,0.007243881,0.019508738,0.048636588,0.082169017,0.137903787,0.215363555,0.304861103,0.400962036,0.502883539,0.621680344,0.735949348,0.86473209,1.038711161,1.231400461,1.404945347,1.581441998,1.750237236,1.889526012,1.98745357,2.032876888,2.10037572,2.134659542,2.192100376,2.245174872,2.293441256,2.344111696
03_JPN,2.F,Product Uses as Substitutes for Ozone Depleting Substances,HFC-134a,0.000935135,0.0,0.083522243,0.625492838,1.303926297,2.010154902,2.790038655,3.490715757,3.87082017,4.051708135,4.313772047,4.379177201,4.613667368,4.757134107,4.315243342,3.589775149,2.906187552,2.842507275,2.850962081,2.82714839,2.779450893,2.634795363,2.628714502,2.63671126,2.593173865,2.534528437,2.483447999,2.450650788,2.315032399,2.280147134,2.248768129,2.139822234,2.089062419,2.027708168,1.971651134
03_JPN,2.F,Product Uses as Substitutes for Ozone Depleting Substances,HFC-143a,0.0,0.0,0.0,0.0,0.0,0.0,0.0,0.0,8.04511e-06,1.42485e-05,0.000189062,0.000668855,0.001442424,0.002540828,0.00418644,0.00627695,0.00910118,0.012284735,0.016232365,0.019669206,0.02418588,0.028645875,0.034253158,0.040572834,0.043703229,0.046359385,0.049564908,0.052514159,0.056559588,0.060208432,0.063323104,0.064126085,0.066648251,0.068794857,0.071129243
03_JPN,2.F,Product Uses as Substitutes for Ozone Depleting Substances,HFC-152a,3.78378e-05,0.0,0.001135135,0.007378378,0.012675676,0.014,0.013,0.004,0.0,0.0,0.01815,0.0788,0.1587,0.3987,0.83805,1.21695,1.4092,1.43895,1.6847,1.5839,1.299,1.2595,0.986,0.68,0.5215,0.4245,0.3715,0.391,0.326,0.2295,0.1015,0.0295,0.0295,0.0295,0.0295
03_JPN,2.F,Product Uses as Substitutes for Ozone Depleting Substances,HFC-227ea,0.0,0.0,0.0,0.0,0.0,0.0,1.15191e-05,3.13122e-05,8.51154e-05,0.000158877,0.001998248,0.008431536,0.012910371,0.022285806,0.041666606,0.048394723,0.042640157,0.0396972,0.046851348,0.043213408,0.033599748,0.034773554,0.030349868,0.027493174,0.024533461,0.032344722,0.042603222,0.044649186,0.046122475,0.05227934,0.059918816,0.055918839,0.059184294,0.061485945,0.064269499
03_JPN,2.F,Product Uses as Substitutes for Ozone Depleting Substances,HFC-23,0.0,0.0,0.0,0.0,0.0,0.0,1.4064e-05,3.82298e-05,0.000103919,0.000220078,0.000269613,0.000311494,0.000347773,0.000379774,0.000404141,0.000420874,0.000423574,0.000436699,0.000440713,0.000450806,0.000460346,0.000464508,0.000468723,0.00047227,0.0004807,0.000492298,0.000498555,0.000503879,0.000509705,0.000510383,0.000510479,0.000512054,0.000512838,0.000513656,0.000514457
03_JPN,2.F,Product Uses as Substitutes for Ozone Depleting Substances,HFC-245fa,0.0,0.0,0.0,0.0,0.0,0.0,0.0,0.0,0.0,0.0,0.0,0.0,0.0,0.0,0.191349,0.4758865,0.6729865,0.8491815,0.932331,1.0087725,1.110933,1.241416,1.360234,1.472587,1.58454,1.6682775,1.8027775,1.920505,2.014225,2.04675,2.01912,2.04023,2.048898333,2.049614444,2.054306667
03_JPN,2.F,Product Uses as Substitutes for Ozone Depleting Substances,HFC-32,0.0,0.0,0.0,0.0,0.0,0.0,0.0,0.0,0.001492024,0.007225643,0.019325181,0.048028794,0.080896042,0.135686919,0.211734382,0.299444085,0.393135224,0.492337141,0.607542172,0.718796323,0.843749038,1.013872419,1.203035375,1.411718575,1.678606906,1.998409377,2.315551616,2.608876535,2.872595693,3.167286184,3.466350874,3.810539279,4.123187141,4.441820793,4.75746155
03_JPN,2.F,Product Uses as Substitutes for Ozone Depleting Substances,HFC-365mfc,0.0,0.0,0.0,0.0,0.0,0.0,0.0,0.0,0.0,0.0,0.0,0.0,0.0,0.002959588,0.079530832,0.172359443,0.252801241,0.320774928,0.364508981,0.407141779,0.476778543,0.555834009,0.610935211,0.667713479,0.720918658,0.755560101,0.7969775,0.816000545,0.848096183,0.883635728,0.870742641,0.879501776,0.889970307,0.892081833,0.898371862
03_JPN,2.G,Other Product Manufacture and Use,C2F6,0.0001045,0.0001095,0.0001145,0.00012,0.000125,0.0001305,0.0001355,0.000141,0.000146,0.000151,0.0001565,0.0001615,0.000167,0.000172,0.000177,0.0001825,0.000187565,0.00019275,0.00019794,0.00019794,0.00019794,0.00019794,0.00019794,0.00019794,0.00019794,0.00019794,0.00019794,0.00019794,0.00019794,0.00019794,0.00019794,0.00019794,0.00019794,0.00019794,0.00019794
03_JPN,2.G,Other Product Manufacture and Use,C3F8,0.0001305,0.000137,0.0001435,0.00015,0.0001565,0.000163,0.0001695,0.000176,0.0001825,0.000189,0.0001955,0.000202,0.0002085,0.000215,0.0002215,0.000228,0.0002345,0.000241,0.0002475,0.0002475,0.0002475,0.0002475,0.0002475,0.0002475,0.0002475,0.0002475,0.0002475,0.0002475,0.0002475,0.0002475,0.0002475,0.0002475,0.0002475,0.0002475,0.0002475
03_JPN,2.G,Other Product Manufacture and Use,C4F10,0.0002995,0.000305,0.00031,0.0003155,0.0003205,0.000326,0.000331,0.000336,0.0003415,0.0003465,0.000352,0.000357,0.0003625,0.0003675,0.0003725,0.000378,0.000383065,0.00038825,0.00039344,0.00039344,0.00039344,0.00039344,0.00039344,0.00039344,0.00039344,0.00039344,0.00039344,0.00039344,0.00039344,0.00039344,0.00039344,0.00039344,0.00039344,0.00039344,0.00039344
03_JPN,2.G,Other Product Manufacture and Use,HCFC-141b,0.00357975,0.06182,0.566248,1.87119,3.49816,5.11958,5.96121,6.06447,6.71308,7.10935,7.47141,7.97075,8.3053,7.6928,7.38301,7.29249,0.0938898,0.0,0.0,0.0,0.0,0.0,0.0,0.0,0.0,0.0,0.0,0.0,0.0,0.0,0.0,0.0,0.0,0.0,0.0
03_JPN,2.G,Other Product Manufacture and Use,HCFC-142b,1.26944,1.85533,2.31359,2.52692,2.78393,3.02453,3.11685,3.15533,3.0744,3.18654,3.30643,3.16573,2.59915,2.52259,2.62575,2.67938,1.52831,1.0144,0.500497,0.2435455,0.2435455,0.2435455,0.2435455,0.2435455,0.2435455,0.2435455,0.2435455,0.2435455,0.2435455,0.2435455,0.2435455,0.2435455,0.2435455,0.2435455,0.2435455
03_JPN,2.G,Other Product Manufacture and Use,SF6,0.433299811,0.479080895,0.528069018,0.530734578,0.508249356,0.55607716,0.60147384,0.55635268,0.4858166,0.287234895,0.190470264,0.152022302,0.121586057,0.113813478,0.107139373,0.092869298,0.103104863,0.094280049,0.091213086,0.088123833,0.08273715,0.089953925,0.092944593,0.087232092,0.083069245,0.081846668,0.084255534,0.083324196,0.080727674,0.081117851,0.081021775,0.081977927,0.081674256,0.081859724,0.081800623
04_RUS,2.B,Chemical Industry,C3F8,2.87615e-05,4.7728e-05,4.2967e-05,4.83275e-05,3.01165e-05,2.566e-06,0.0,4e-05,1e-05,0.0,8.5e-05,0.000185,0.00025,0.000582721,0.000332546,8.1e-05,7.5975e-05,9.045e-05,0.0002735,0.00032,0.000439,0.000362,3e-05,0.000228,0.00020443,0.0001688,9.346e-05,5.048e-05,7.5e-06,0.0,0.0,0.0,0.0,0.0,0.0
04_RUS,2.B,Chemical Industry,CF4,0.000157778,0.000151815,8.98465e-05,6.37565e-05,0.000212019,0.000361219,0.000692823,0.000434479,0.000412802,0.001213691,0.00186433,0.002266283,0.000754819,0.000495884,0.000785292,0.001232989,0.001286582,0.001972775,0.0016601,0.0006601,0.000325263,0.000429175,0.0,0.000342104,0.000112607,6.5185e-05,7.0979e-05,9.894e-05,0.000128728,9.2385e-05,4.87915e-05,9.90235e-05,8.9122e-05,8.80343e-05,8.25398e-05
04_RUS,2.B,Chemical Industry,HFC-125,0.0,0.0,0.0,0.0,0.0,0.0,5.3045e-06,0.00010683,0.000317613,0.000463307,0.000945,0.0012272,0.00171905,0.003202,0.00520855,0.0061135,0.00288765,0.0018188,0.00407635,0.00407635,0.0011741,0.002007295,0.000364215,0.0,4.3365e-05,0.0,0.0,0.00050202,0.00203886,5.25e-05,7e-05,9.5e-07,9.5e-07,9.5e-07,9.5e-07
04_RUS,2.B,Chemical Industry,HFC-152a,0.0,0.0,0.0,0.0,0.0,0.0,0.0,0.0,0.0,0.0,0.0,3e-05,1.515e-05,0.0,0.0,0.0,0.0,0.0,0.0,0.0,0.0,0.0,0.0,0.0,0.0,0.0,0.0,0.0,0.0,0.0,0.0,0.0,0.0,0.0,0.0
04_RUS,2.B,Chemical Industry,HFC-227ea,0.0,0.0,0.0,0.0,0.0,0.0,0.0,0.0,5e-06,2.29e-05,0.0,1.5e-05,3.378e-05,5.225e-05,0.000117425,7.702e-05,2.4865e-05,0.0,0.00013975,0.00013975,0.0,0.0,0.0,0.0,0.0,0.0,0.0,0.0,0.0,0.0,0.0,0.0,0.0,0.0,0.0
04_RUS,2.B,Chemical Industry,HFC-23,2.428186406,2.312814901,1.904621981,1.234256601,1.044119754,1.042309664,0.917492766,1.212313354,1.468235658,1.523227494,1.78369343,1.679683633,1.26545431,0.928923443,1.15315486,1.206906409,1.032228377,0.928156121,0.941417537,0.556678689,0.553758123,0.297263474,0.613444231,0.776310188,0.886731334,0.638677491,0.618261768,1.215360289,1.635343524,1.058150725,1.058150725,1.204780377,1.371728737,1.47625474,1.611991922
04_RUS,2.B,Chemical Industry,SF6,0.049920452,0.045233514,0.014247277,0.006456914,0.003535106,0.016607343,0.043232989,0.043075635,0.034308458,0.027365429,0.027914535,0.034963521,0.037900316,0.044236044,0.049556579,0.052186567,0.052444719,0.05295267,0.02898622,0.027177377,0.021218944,0.01256457,0.220373299,0.204978445,0.022850233,0.02141032,0.013640126,0.023538371,0.019931284,0.018496947,0.015769566,0.018062436,0.017439486,0.017086999,0.016599281
04_RUS,2.B,Chemical Industry,c-C4F8,0.000234615,0.000187795,6.39e-05,2.74e-06,3.05e-05,8.5e-06,2.007e-05,0.000239578,0.0003634,0.0003592,0.000311,0.000241114,0.000276095,0.000345952,0.00098916,0.00057482,0.000669655,0.00071985,0.00056235,0.00044705,2.3125e-05,0.0003288,0.0001979,0.000216475,0.000247065,0.000354,0.00063,0.000455935,0.000410455,0.00119425,0.001527495,0.001886122,0.002378012,0.002772599,0.003215837
04_RUS,2.C,Metal Industry,C2F6,0.09399142,0.13870141,0.13844719,0.14322325,0.17488669,0.19137992,0.19708748,0.19935166,0.19111921,0.17973492,0.17015203,0.13879618,0.16470702,0.12541139,0.1650115,0.13324208,0.12753308,0.13606279,0.09040344,0.06903618,0.07650441,0.06869327,0.07169605,0.06103048,0.07067124,0.051412378,0.058838604,0.059218568,0.059929136,0.059742134,0.060991015,0.061298488,0.06160751,0.062229303,0.06269471
04_RUS,2.C,Metal Industry,CF4,1.2561386,1.853664,1.8502631,1.9140888,1.9090447,1.8075259,1.8614279,1.8828096,1.6641121,1.5378611,1.476567,1.2410672,1.3138665,1.0980405,1.2588802,1.0039329,0.7280095,0.7912685,0.8398593,0.5892259,0.5742587,0.540606,0.539436,0.54724218,0.49052475,0.4953865,0.53863284,0.54211253,0.54861715,0.54690525,0.558338051,0.561153165,0.563982472,0.56967488,0.573935737
04_RUS,2.E,Electronics Industry,C2F6,6.31548e-05,4.96706e-05,1.39889e-05,7.8912e-07,4.36968e-06,2.448e-06,0.0,4.3041e-05,6.1213e-05,7.68124e-05,5.50012e-05,1.02194e-05,6.15082e-05,2.55692e-05,0.000154745,7.97458e-05,5.7793e-05,0.000109038,9.47764e-05,0.000105938,4.21604e-05,9.64324e-05,2.65882e-05,1.55776e-05,2.5212e-05,2.45222e-05,0.00013288,3.01738e-05,6.73444e-05,0.000278317,0.000298142,0.000364262,0.000463234,0.000524873,0.000605179
04_RUS,2.E,Electronics Industry,C3F8,0.0,0.0,0.0,0.0,0.0,1.84752e-05,0.0,0.000216,1.6848e-05,0.0,0.000115776,0.000209052,0.000209052,0.00019446,0.00019446,0.00019446,0.00019446,0.00019446,0.000192987,0.000192987,0.000192987,0.000192987,5.148e-05,3.8925e-05,3.6e-05,3.6e-05,3.6e-05,3.6e-05,3.6e-05,3.6e-05,3.6e-06,3.6e-06,3.6e-06,3.6e-06,3.6e-06
04_RUS,2.E,Electronics Industry,CF4,0.000157887,0.000124177,3.49722e-05,1.9728e-06,1.09242e-05,1.7667e-05,0.0,0.000242602,0.000163562,0.000192031,0.000209863,0.000156206,0.000295834,0.000196361,0.000518795,0.000335717,0.000449503,0.002964008,0.002926927,0.002954324,0.001739682,0.001577693,0.001314134,0.001278255,0.001448018,0.000684388,0.001531285,0.001989284,0.002064999,0.002303706,0.001121031,0.002574198,0.002743931,0.002890673,0.003048911
04_RUS,2.E,Electronics Industry,HFC-23,0.0,0.0,0.0,0.0,0.0,0.0,0.0,0.0,0.0,0.0,0.0,0.0,2.60714e-05,2.49143e-05,2.37571e-05,2.26e-05,2.14429e-05,2.02857e-05,1.91286e-05,1.79714e-05,1.68143e-05,1.56571e-05,1.45e-05,1.33429e-05,1.23429e-05,1.07143e-05,1.00286e-05,8.71429e-06,1.08e-05,1.08e-05,1.10571e-05,1.08e-05,1.08e-05,1.08e-05,1.08e-05
04_RUS,2.E,Electronics Industry,HFC-32,0.0,0.0,0.0,0.0,0.0,0.0,0.0,0.0,0.0,0.0,0.0,0.0,0.0,0.0,0.0,2.464e-06,2.464e-06,2.464e-06,2.464e-06,2.464e-06,2.464e-06,2.464e-06,2.464e-06,2.464e-06,5.32139e-06,5.32139e-06,3.6396e-06,3.11076e-05,2.60955e-05,1.1394e-06,2.26777e-05,4.6593e-05,5.34255e-05,7.08542e-05,8.29848e-05
04_RUS,2.E,Electronics Industry,NF3,0.0,0.0,0.0,0.0,0.0,0.0,0.0,0.0,0.0,0.0,0.0,0.0,0.0,0.0,0.0,0.0,0.0,0.0,0.0,0.0,0.0,0.0,2.09859e-05,4.19719e-05,6.29577e-05,7.5384e-05,0.000475209,9.702e-06,1.14669e-05,5.94e-07,0.000122958,9.23543e-05,0.000119317,0.000158891,0.000192159
04_RUS,2.E,Electronics Industry,SF6,8.5409e-05,8.27804e-05,8.01518e-05,7.7523e-05,7.48944e-05,7.22656e-05,6.9637e-05,6.70082e-05,6.43796e-05,6.17508e-05,5.91222e-05,5.64934e-05,5.38648e-05,5.1236e-05,4.86074e-05,4.59786e-05,4.335e-05,4.07212e-05,3.80926e-05,3.54638e-05,3.28352e-05,3.02064e-05,2.75778e-05,2.57142e-05,2.2447e-05,1.71429e-05,1.872e-05,2.66198e-05,2.83588e-05,2.87999e-05,3.24e-05,3.6e-05,3.85471e-05,4.17961e-05,4.46942e-05
04_RUS,2.E,Electronics Industry,c-C4F8,9.47322e-05,7.45059e-05,2.09833e-05,1.18368e-06,6.55452e-06,3.672e-06,0.0,6.45615e-05,9.18195e-05,0.000115219,8.25018e-05,1.53291e-05,9.22623e-05,3.83538e-05,0.000232118,0.000119619,8.66895e-05,0.000163557,0.000142165,0.000158907,6.32405e-05,0.000144649,3.98823e-05,2.33664e-05,3.2958e-05,3.19234e-05,0.000142621,2.20948e-05,7.05606e-05,0.000346195,0.000414813,0.00054218,0.000699387,0.000817117,0.000954586
04_RUS,2.F,Product Uses as Substitutes for Ozone Depleting Substances,HFC-125,0.0,0.0,0.0,0.0,0.0,0.0,0.0,0.000469646,0.001686615,0.002392105,0.004195893,0.008209051,0.015489684,0.027773226,0.052915929,0.093409646,0.144518576,0.208328423,0.273788389,0.300059758,0.367981997,0.55609584,0.722998634,0.891694999,1.052062059,1.197910221,1.365293291,1.556404028,1.756850972,1.968188821,2.153500811,2.383896271,2.59291137,2.80115222,3.009780194
04_RUS,2.F,Product Uses as Substitutes for Ozone Depleting Substances,HFC-134a,0.0,0.0,0.002611842,0.007980693,0.011652565,0.01477517,0.022488237,0.045458027,0.066772872,0.080537464,0.102592253,0.192979437,0.293659534,0.408338243,0.576301718,0.756502225,1.005538189,0.947898118,1.280068021,1.378855295,1.618081717,1.992081518,2.487720412,2.835817438,3.146837289,3.334366145,3.568616366,3.907175462,4.302807434,4.777808529,4.918767836,4.363495533,4.3837249,4.25236369,4.196797768
04_RUS,2.F,Product Uses as Substitutes for Ozone Depleting Substances,HFC-143a,0.0,0.0,0.0,0.0,0.0,0.0,0.0,7.03317e-05,0.000410389,0.000626135,0.001332045,0.003028119,0.006768422,0.015708037,0.033052342,0.064174928,0.103268738,0.150407502,0.189445222,0.200740891,0.252481501,0.33282192,0.413071713,0.503870285,0.590368128,0.676261366,0.78617748,0.91174603,1.028035917,1.134359006,1.250815791,1.323158478,1.421532665,1.517257218,1.614306588
04_RUS,2.F,Product Uses as Substitutes for Ozone Depleting Substances,HFC-152a,0.0,0.0,0.0,0.0,0.0,0.0,0.0,0.0,9.555e-07,9.29318e-06,2.92442e-05,0.059429973,0.11734341,0.170758095,0.225645607,0.282046326,0.338447646,0.165821915,0.075220241,0.060397295,0.332184181,0.445514565,0.975444078,0.731523129,0.42590621,0.32063072,0.518317852,0.382759195,0.59009976,1.017321967,0.918845716,0.87978118,0.976418643,0.962784201,1.004285712
04_RUS,2.F,Product Uses as Substitutes for Ozone Depleting Substances,HFC-227ea,0.0,0.0,0.0,0.0,0.0,0.0,0.0,3.933e-06,1.60673e-05,2.51645e-05,3.52872e-05,0.000504685,0.001552134,0.002753141,0.005430009,0.009629398,0.013453649,0.017988506,0.024265068,0.024641167,0.033348268,0.040908704,0.050708019,0.061278058,0.064357981,0.071062067,0.080061856,0.112870661,0.137692441,0.143053682,0.163407716,0.155847736,0.161899501,0.16818144,0.174348293
04_RUS,2.F,Product Uses as Substitutes for Ozone Depleting Substances,HFC-23,0.0,0.0,0.0,0.0,0.0,0.0,0.0,0.0,0.0,0.0,0.0,0.0010971,0.002688525,0.004431656,0.007520322,0.010606461,0.013419371,0.014784931,0.014391086,0.015186448,0.019005261,0.019829172,0.023618476,0.022372055,0.024216806,0.027040705,0.02447923,0.025690025,0.026236801,0.025163641,0.025391778,0.025292362,0.024977549,0.024915518,0.024727097
04_RUS,2.F,Product Uses as Substitutes for Ozone Depleting Substances,HFC-32,0.0,0.0,0.0,0.0,0.0,0.0,0.0,7.616e-07,7.63821e-06,2.16995e-05,0.00047982,0.00129,0.003192909,0.006268499,0.011404894,0.018685726,0.030137428,0.044508921,0.060149376,0.066265015,0.08022696,0.180682018,0.264010495,0.345061484,0.422497196,0.483807702,0.549145906,0.621704396,0.709484119,0.816922149,0.918495018,1.052897459,1.167368572,1.284184046,1.39982734
04_RUS,2.F,Product Uses as Substitutes for Ozone Depleting Substances,HFC-365mfc,0.0,0.0,0.0,0.0,0.0,0.0,0.0,0.0,0.0,0.0,0.0,0.0,0.0,0.0,0.0,0.0,0.0,0.0,0.0,0.0,0.037255205,0.017405777,0.016529219,0.018911432,0.02816922,0.030762109,0.05717478,0.058429878,0.052776955,0.046316204,0.051579719,0.040902917,0.036944904,0.033821137,0.030280247
04_RUS,2.F,Product Uses as Substitutes for Ozone Depleting Substances,c-C4F8,0.000736806,0.001301561,0.001438733,0.001419165,0.001441761,0.001441486,0.001412656,0.001886548,0.002562968,0.003407855,0.003981378,0.004020977,0.004658152,0.004863297,0.006571393,0.007370332,0.007897176,0.009011346,0.009936844,0.01097405,0.011246439,0.012146556,0.01221382,0.012151282,0.012420937,0.012338217,0.013537653,0.013438748,0.013718778,0.016137029,0.019040611,0.022876757,0.025929417,0.029193546,0.03235194
04_RUS,2.G,Other Product Manufacture and Use,C2F6,1.6e-05,1.7e-05,1.75e-05,1.85e-05,1.9e-05,2e-05,2.1e-05,2.15e-05,2.25e-05,2.35e-05,2.4e-05,2.5e-05,2.55e-05,2.65e-05,2.75e-05,2.8e-05,2.89335e-05,2.97475e-05,3.0562e-05,3.0562e-05,3.0562e-05,3.0562e-05,3.0562e-05,3.0562e-05,3.0562e-05,3.0562e-05,3.0562e-05,3.0562e-05,3.0562e-05,3.0562e-05,3.0562e-05,3.0562e-05,3.0562e-05,3.0562e-05,3.0562e-05
04_RUS,2.G,Other Product Manufacture and Use,C3F8,2e-05,2.1e-05,2.2e-05,2.3e-05,2.4e-05,2.5e-05,2.6e-05,2.7e-05,2.8e-05,2.9e-05,3e-05,3.1e-05,3.2e-05,3.3e-05,3.4e-05,3.5e-05,3.6e-05,3.7e-05,3.8e-05,3.8e-05,3.8e-05,3.8e-05,3.8e-05,3.8e-05,3.8e-05,3.8e-05,3.8e-05,3.8e-05,3.8e-05,3.8e-05,3.8e-05,3.8e-05,3.8e-05,3.8e-05,3.8e-05
04_RUS,2.G,Other Product Manufacture and Use,C4F10,4.6e-05,4.7e-05,4.75e-05,4.85e-05,4.95e-05,5e-05,5.1e-05,5.15e-05,5.25e-05,5.35e-05,5.4e-05,5.5e-05,5.55e-05,5.65e-05,5.75e-05,5.8e-05,5.8935e-05,5.975e-05,6.056e-05,6.056e-05,6.056e-05,6.056e-05,6.056e-05,6.056e-05,6.056e-05,6.056e-05,6.056e-05,6.056e-05,6.056e-05,6.056e-05,6.056e-05,6.056e-05,6.056e-05,6.056e-05,6.056e-05
04_RUS,2.G,Other Product Manufacture and Use,HCFC-141b,0.000380368,0.010714,0.095189,0.30471,0.479604,0.6725,0.701017,0.706568,0.698419,0.813082,0.977689,1.16911,1.36081,1.45328,1.59364,1.76916,1.35131,0.564993,0.0,0.0,0.0,0.0,0.0,0.0,0.0,0.0,0.0,0.0,0.0,0.0,0.0,0.0,0.0,0.0,0.0
04_RUS,2.G,Other Product Manufacture and Use,HCFC-142b,0.134884,0.321547,0.388926,0.411492,0.38168,0.397297,0.366529,0.367625,0.319856,0.364439,0.432669,0.464335,0.425865,0.476553,0.566772,0.65002,0.53875,0.529176,0.519602,0.514815,0.514815,0.514815,0.514815,0.514815,0.514815,0.514815,0.514815,0.514815,0.514815,0.514815,0.514815,0.514815,0.514815,0.514815,0.514815
04_RUS,2.G,Other Product Manufacture and Use,SF6,0.210990121,0.251096578,0.291202035,0.331308492,0.37141495,0.411520406,0.411626863,0.411820207,0.412013353,0.41220592,0.412398978,0.412592583,0.412820923,0.413335524,0.413767201,0.415598612,0.416331279,0.417248909,0.420908965,0.419710017,0.422077868,0.423247892,0.423704912,0.424749211,0.428603823,0.428602292,0.430905318,0.435751556,0.437558015,0.443482027,0.446598526,0.452090086,0.458040217,0.462892947,0.468294377
06_PRK,2.B,Chemical Industry,HFC-23,0.0,0.0,0.0,0.0,0.0,0.0,0.0,0.0,0.0,0.0,0.0,0.0,0.0,0.0,0.0,0.0,0.0,0.0,0.0,0.0091,0.009,0.0086,0.0084,0.0106,0.0078,0.0074,0.0074,0.0074,0.0074,0.0074,0.0074,0.0074,0.0074,0.0074,0.0074
06_PRK,2.F,Product Uses as Substitutes for Ozone Depleting Substances,HFC-125,0.0,0.0,0.0,0.0,0.0,0.0,0.0,0.0,0.000259456,0.005701202,0.015616432,0.026658683,0.038216575,0.050003714,0.064351498,0.079817646,0.082337271,0.078726662,0.07894432,0.081348158,0.072149905,0.069604187,0.071476189,0.07490847,0.078340751,0.081773032,0.090655404,0.099081217,0.108842042,0.117865045,0.126934926,0.136219495,0.145345313,0.154505402,0.163648356
06_PRK,2.F,Product Uses as Substitutes for Ozone Depleting Substances,HFC-134a,0.000423598,0.001708129,0.002272816,0.002833342,0.00960938,0.016385417,0.023161455,0.029937493,0.036713531,0.043489569,0.099442206,0.137153537,0.166440553,0.199805202,0.237816767,0.283038096,0.289017144,0.294996193,0.300975241,0.30695429,0.312933338,0.318912386,0.324891435,0.330870483,0.384508721,0.458625226,0.538323371,0.606618917,0.693703419,0.772062817,0.849975965,0.931094981,1.010225502,1.089613064,1.168872105
06_PRK,2.F,Product Uses as Substitutes for Ozone Depleting Substances,HFC-143a,0.0,0.0,0.0,0.00031507,0.000792148,0.001840468,0.003894286,0.006094768,0.009211079,0.012992445,0.01716777,0.020993359,0.025360313,0.030147852,0.034118789,0.041868045,0.046006739,0.048479179,0.051555414,0.052428946,0.051554132,0.053303895,0.055053657,0.05680342,0.058553182,0.060302945,0.070378428,0.082214247,0.096773628,0.108930522,0.12178122,0.134970212,0.147702406,0.160626367,0.173454445
06_PRK,2.F,Product Uses as Substitutes for Ozone Depleting Substances,HFC-152a,9.58983e-05,0.01051323,0.02067191,0.030275333,0.04174491,0.053091678,0.064409606,0.074890287,0.086737197,0.097630371,0.10486809,0.09885799,0.105448743,0.111584505,0.110580147,0.100350223,0.119056437,0.137762651,0.156468865,0.175175079,0.190194399,0.193652494,0.186138221,0.191660702,0.19343281,0.192574453,0.192181375,0.205326343,0.214694459,0.222067794,0.232029934,0.240931131,0.249676689,0.258879653,0.267853914
06_PRK,2.F,Product Uses as Substitutes for Ozone Depleting Substances,HFC-227ea,0.0,0.0,0.0,0.0,0.0,0.000123337,0.000514983,0.001041448,0.00204777,0.003166213,0.004885992,0.0066862,0.008640418,0.010712077,0.012605053,0.012868866,0.014128696,0.01474297,0.014850478,0.015246393,0.015713233,0.0155192,0.015238406,0.015894806,0.016694015,0.01732953,0.018121827,0.01872114,0.019628791,0.020395211,0.021153006,0.021963628,0.022741907,0.023524139,0.024304395
06_PRK,2.F,Product Uses as Substitutes for Ozone Depleting Substances,HFC-245fa,0.0,0.0,0.0,0.0,0.0,0.0,0.0,0.0,0.0,0.0,0.0,0.0,6.89139e-05,0.007873997,0.007196177,0.007634463,0.015354319,0.021510463,0.032096945,0.040544098,0.046677275,0.049199602,0.051721082,0.050392021,0.053617352,0.058519135,0.060456259,0.066622102,0.070460057,0.074440364,0.079101733,0.08326161,0.087528794,0.091891604,0.096206601
06_PRK,2.F,Product Uses as Substitutes for Ozone Depleting Substances,HFC-32,0.0,0.0,0.0,0.0,0.0,0.0,0.0,0.0,0.0,0.002133006,0.004266012,0.006398634,0.008531095,0.010663467,0.012795742,0.014095621,0.011233839,0.011410494,0.01158715,0.011763805,0.024191244,0.018750505,0.013992115,0.013624134,0.018168671,0.023026254,0.023026254,0.023026254,0.023026254,0.023026254,0.023026254,0.023026254,0.023026254,0.023026254,0.023026254
06_PRK,2.F,Product Uses as Substitutes for Ozone Depleting Substances,HFC-365mfc,0.0,0.0,0.0,0.0,0.0,0.0,0.0,0.0,0.0,0.000296123,0.000592245,0.000888368,0.00118449,0.001480613,0.001678427,0.001892051,0.004753343,0.007260663,0.011240006,0.014994996,0.017685415,0.018574169,0.020326741,0.021371393,0.02174525,0.021310535,0.021952298,0.023149258,0.025069647,0.026322684,0.02777948,0.029322887,0.030740634,0.032213284,0.033658482
06_PRK,2.G,Other Product Manufacture and Use,HCFC-141b,4.07482e-05,0.000579168,0.00429422,0.0125034,0.0216667,0.0276568,0.0619679,0.0748563,0.0981998,0.11594,0.176899,0.1731,0.176212,0.157641,0.14574,0.138609,0.0,0.0,0.0,0.0,0.0,0.0,0.0,0.0,0.0,0.0,0.0,0.0,0.0,0.0,0.0,0.0,0.0,0.0,0.0
06_PRK,2.G,Other Product Manufacture and Use,HCFC-142b,0.0144499,0.0173819,0.0175455,0.016885,0.0172428,0.016339,0.0324002,0.0389474,0.0449726,0.0519663,0.0782853,0.0687502,0.0551454,0.0516929,0.0518321,0.0509273,0.0216107,0.00745313,0.0,0.0,0.0,0.0,0.0,0.0,0.0,0.0,0.0,0.0,0.0,0.0,0.0,0.0,0.0,0.0,0.0
07_NAM,2.B,Chemical Industry,HFC-23,3.17862124,2.868848745,3.165351525,2.828646296,2.696025269,2.818361412,2.662659164,2.571385788,3.374524816,2.599256764,2.445812595,1.687278229,1.804187721,1.050822937,1.4728948,1.35407602,1.183631,1.452971,1.164282,0.460356,0.5428886,0.5926496,0.369924006,0.276640068,0.339847162,0.288114,0.1889572,0.348645743,0.221653243,0.250883,0.250883,0.271524933,0.293865226,0.308192634,0.326526485
07_NAM,2.B,Chemical Industry,SF6,0.016434,0.018179,0.0181817,0.0202584,0.0214583,0.0246081,0.0274827,0.0281633,0.0307746,0.0311431,0.0317803,0.0334488,0.0337973,0.0391123,0.0395472,0.0422216,0.037600847,0.033073186,0.030059915,0.026084685,0.026072739,0.029360352,0.024760297,0.02330087,0.023457004,0.019638822,0.021537419,0.021011324,0.020371505,0.020615732,0.020308503,0.02007423,0.019975138,0.019761607,0.019605295
07_NAM,2.C,Metal Industry,C2F6,0.32407326999999997,0.33999291,0.33391895,0.3289305,0.30271642,0.27996852,0.29595121,0.29379776,0.28729239,0.26902498,0.24139265,0.1462559,0.1851329,0.14793297,0.18679439,0.16084957,0.24531303,0.30267434,0.19958237,0.153176312,0.15769961999999998,0.14227604,0.13276376,0.11421125,0.1493914,0.091857327,0.10591396,0.105045551,0.09880028900000001,0.095389759,0.081588386,0.078563402,0.075703665,0.06914163400000001,0.064430749
07_NAM,2.C,Metal Industry,CF4,2.404808,2.521948,2.478094,2.467583,2.28032,1.844376,1.9489188,1.943111,1.818531,1.6922533,1.5323813,0.962625,1.1222652,0.9228807,0.9581626000000001,0.7354045,0.8473371000000001,1.4441195,1.1168746,0.7743902,0.6201617,0.5987694,0.5489289,0.48078550000000003,0.49280709999999994,0.46880099999999997,0.48155536,0.47630964000000003,0.45168761,0.436882906,0.37322193299999995,0.36036253100000004,0.348246789,0.318701417,0.297870858
07_NAM,2.C,Metal Industry,SF6,0.360291098,0.369108119,0.331473047,0.327838839,0.32541810400000004,0.326438757,0.34752787900000004,0.337640008,0.33207521900000003,0.30833568,0.24457343599999998,0.22216533700000002,0.249501492,0.25081294200000004,0.21331747499999998,0.17647864900000002,0.182993225,0.13217726500000002,0.100372264,0.054019959,0.06564020200000001,0.084676654,0.074861178,0.066466883,0.052463712,0.053582056999999995,0.055529148,0.049984768,0.052068866,0.051108969000000004,0.042024323,0.053575194,0.054265129,0.055328340000000004,0.056204913999999995
07_NAM,2.E,Electronics Industry,C2F6,0.159989572,0.159989572,0.159989572,0.199986965,0.219985662,0.27790694,0.307734784,0.325300879,0.398685622,0.404765657,0.31401761,0.219179925,0.226992409,0.201081099,0.183231637,0.16345129359000002,0.17551817823000002,0.16381700387,0.140003892,0.095518638,0.12152156,0.159947109,0.142911854,0.126840457,0.11501945200000001,0.110984581,0.10071638699999999,0.098939182,0.09400009200000001,0.079906161,0.07105642300000001,0.07645228400000001,0.070682384,0.067687159,0.063304595
07_NAM,2.E,Electronics Industry,C3F8,0.00040501,0.00040501,0.00040501,0.000506263,0.000556889,0.000699653,0.000776939,0.000821069,0.001006775,0.001021635,0.017816237,0.014068844,0.010128201,0.014349081,0.007818848,0.007293498,0.008384586,0.009914299,0.014654607,0.007712242,0.010185945,0.018796994,0.011496785,0.011286806,0.015484925,0.015698406,0.01427226,0.011705075,0.012126266,0.010054449,0.009046805,0.01057039,0.010051764,0.010050869,0.009791109
07_NAM,2.E,Electronics Industry,CF4,0.11489218799999999,0.11489183025,0.1148914725,0.14361217075,0.15797234,0.19917678900000002,0.22088093,0.233483503,0.286146918,0.290847756,0.27917841699999996,0.198495991,0.169730367,0.152712729,0.155238743,0.14629199399999998,0.155186871,0.159364137,0.151917176,0.11510793200000001,0.15668623799999998,0.20886896300000002,0.190122272,0.177718563,0.20474947799999998,0.209508069,0.212009432,0.222603517,0.23739974600000002,0.221994687,0.225665872,0.237573758,0.2382848,0.24436787599999998,0.24776493400000002
07_NAM,2.E,Electronics Industry,HFC-23,0.014569757,0.014569757,0.014569757,0.018212196,0.020033416,0.025171794,0.027952342,0.029540037,0.036221285,0.036755892,0.022354634,0.014829171,0.014161297,0.014799545,0.01472336,0.014116608,0.01681283,0.016333708,0.015413334,0.01194509,0.015597239,0.019700404,0.021437727,0.018518443,0.020841721,0.021813576,0.023217041,0.025714982,0.026500071,0.025463543,0.026576507,0.030308354,0.031577782,0.033615862,0.035269616
07_NAM,2.E,Electronics Industry,NF3,0.0028050016,0.0028044975,0.0028039934,0.0035000243,0.0038477872,0.0048305351,0.00536182,0.0056649689,0.0069422758,0.0070440177,0.0113954036,0.0126222226,0.0315350995,0.0295905844,0.0299427823,0.026166598200000002,0.0376098281,0.029370860000000002,0.030139791869999998,0.02407030378,0.02754221368,0.03349007168,0.03358093568,0.02918815368,0.030209757,0.03333299,0.033996873,0.032858165,0.033992571000000006,0.033144896,0.036079708,0.039554678,0.0414087133,0.044163318800000004,0.0464676387
07_NAM,2.E,Electronics Industry,SF6,0.021925879,0.021925879,0.021925879,0.027359348,0.030076083,0.037746154999999997,0.041833843,0.044201043,0.054223053,0.054961019,0.044460935,0.030246465,0.026818979,0.032297837,0.030886611,0.03362459,0.032547712,0.025956460799999997,0.0238076441,0.0182815507,0.023763315,0.029433540999999997,0.029790649000000002,0.030981509,0.032752732,0.033702147,0.036886546,0.031253749,0.034168159,0.033340979,0.033499342,0.039990391,0.041931135,0.044794521000000004,0.047196586
07_NAM,2.E,Electronics Industry,c-C4F8,0.0,0.0,0.0,0.0,0.0,0.0,0.0,0.0,3.05554e-08,6.11108e-08,8.78754e-05,0.000108794,0.005386225,0.008207069,0.007721785,0.010890541,0.010695983,0.005393856,0.005366135,0.002815302,0.00289439,0.004689264,0.0050768409999999995,0.005123105,0.0060144424,0.0058050776,0.0054786741,0.00582992,0.0060431513,0.0057449163,0.0057666019,0.0063245339,0.0064189585,0.0066442692,0.0068041358000000005
07_NAM,2.F,Product Uses as Substitutes for Ozone Depleting Substances,C6F14,0.0,0.0,0.0,0.0,0.0,0.000955,0.00104435,0.000166675,0.000127625,0.0001303,0.0001797,0.0001994,0.0001994,9.97e-05,0.0,0.0,0.0,0.0,0.0,0.0,0.0,0.0,0.0,0.0,0.0,0.0,0.0,0.0,0.0,0.0,0.0,0.0,0.0,0.0,0.0
07_NAM,2.F,Product Uses as Substitutes for Ozone Depleting Substances,CF4,0.0,0.0,0.0,0.0,2e-06,6.5000000000000004e-06,5.4749999999999996e-05,0.00014993850000000002,0.0002936885,0.0004896,0.0007412,0.0010008,0.001268,0.0015436,0.0018268,0.0021192,0.00242,0.0027296,0.0030488,0.0033811,0.0037223,0.004069700000000001,0.0044275,0.004796099999999999,0.0051759,0.0055676,0.005972,0.0063884,0.0068152,0.0072532,0.007412,0.00753,0.007768267,0.007939956,0.008144933
07_NAM,2.F,Product Uses as Substitutes for Ozone Depleting Substances,HFC-125,3.96e-05,9.68e-05,0.0001848,0.0343361,0.0909238,0.21025041,0.370711178,0.56861922,0.7477653209999999,0.972306098,1.163719906,1.402759443,1.6875806329999998,1.995919516,2.3095882139999997,2.852056427,3.5390681909999997,4.432230957,5.399937562000001,6.463668438,7.6005505950000005,8.782554078,9.846194237,10.918754464000001,11.980317268,12.991581866,14.046888687,14.998183294,16.146563359,17.50475509,18.983370997,21.644332392000003,23.478632983,25.471155808,27.384567511
07_NAM,2.F,Product Uses as Substitutes for Ozone Depleting Substances,HFC-134,0.0,0.0,0.0,0.0,0.0,0.0,0.0,0.0,0.0,0.0,0.0,0.0,0.0,0.0,0.0,0.0,0.0,0.0,7.7569e-06,7.9003e-06,2.61489e-07,2.60182e-07,2.58881e-07,2.57586e-07,2.56298e-07,0.00139534,0.001789975,0.015849747,0.02031543,0.017943464,0.023327961,0.025820699,0.027655788,0.03089323,0.033429495
07_NAM,2.F,Product Uses as Substitutes for Ozone Depleting Substances,HFC-134a,3.6e-06,8.8e-06,0.8404768,3.6302032,9.3770972,20.445655531,27.713368027,34.785287617,39.489224209,44.520264489,49.131497987,53.019754786,54.838120609,56.133636306,57.307428298000005,57.850075387,59.358643343,60.978204174,62.633636977,64.797633363,65.20511417600001,62.454876223,59.537670385,56.544523202,55.74509514,54.725703071000005,51.74563112,48.617763204,46.842507712,45.897533627,44.900022679,41.600155654,39.863324972,37.857442084,35.986085298
07_NAM,2.F,Product Uses as Substitutes for Ozone Depleting Substances,HFC-143,0.0,0.0,0.0,0.0,0.0,0.0,0.0,0.0,0.0,0.0,0.0,0.0,0.0,0.0,0.0,0.0,0.0,0.0,0.0,0.0,0.0,0.0,0.0,0.00121975,0.001118562,0.001026587,0.000942943,0.000866836,0.000797549,0.000734433,0.00066493,0.000597627,0.000530987,0.000463171,0.000395944
07_NAM,2.F,Product Uses as Substitutes for Ozone Depleting Substances,HFC-143a,4.68e-05,0.0001144,0.0002184,0.0163358,0.0453194,0.12412430099999999,0.237415435,0.38623293399999997,0.56362727,0.797042496,0.9846784820000001,1.210265114,1.462672216,1.72081771,1.957052146,2.337612765,2.749532474,3.212895823,3.734577484,4.327371768,4.8792768980000005,5.375657939,5.8020153610000005,6.166187626999999,6.449504398,6.633400341000001,6.790713150999999,6.740931442,6.731751076,6.746013624,6.720172159,6.686563302000001,6.67150071,6.646663072,6.6267129570000005
07_NAM,2.F,Product Uses as Substitutes for Ozone Depleting Substances,HFC-152a,0.0,0.0,0.0,0.0,0.0,0.006892371,0.02327641,0.042335005,0.029278,0.094416681,0.249923543,0.383955137,0.517928866,0.661641555,0.825684508,0.656894693,0.347077023,0.249546809,0.222213958,0.410967596,0.823390173,0.942934386,0.712511444,0.52871222,0.772816296,1.686551733,2.292206883,1.371057933,1.377064581,1.896600861,1.404867242,1.353683389,1.346640224,1.163843064,1.068922902
07_NAM,2.F,Product Uses as Substitutes for Ozone Depleting Substances,HFC-227ea,0.0,0.0,0.0,0.0,0.0,0.00033424,0.000357155,0.000550152,0.002328673,0.002710525,0.003898205,0.005064281,0.006209025,0.007332719,0.007672168,0.007985417,0.008130735,0.008093844,0.007915816,0.00769411,0.00812568,0.014149763,0.018273223,0.024499704,0.031145831,0.043370407,0.047758537,0.054342725,0.059988052,0.058946715,0.054627869,0.040703075,0.034274749,0.027601802,0.021051165
07_NAM,2.F,Product Uses as Substitutes for Ozone Depleting Substances,HFC-23,0.0,0.0,0.0,0.0,0.0,9.56e-05,0.00021573400000000003,0.001075963,0.000253,0.00036300000000000004,0.000935239,0.0010883870000000001,0.0012023379999999998,0.001293624,0.00081004,0.0008975492,0.0009635332,0.00103924755,0.0011046976,0.0017217640000000002,0.0012882507000000001,0.0013845917000000001,0.0014853295999999998,0.0015759685999999998,0.0016767848,0.0017873958,0.0018977465,0.002081969,0.0022570259999999997,0.0024560800000000002,0.00260581,0.0026111729999999996,0.002729223,0.0028202699999999997,0.002924818
07_NAM,2.F,Product Uses as Substitutes for Ozone Depleting Substances,HFC-236fa,0.0,0.0,0.0,0.00721,0.02179,0.03621,0.0452148,0.054899504,0.06452349069999999,0.0741631374,0.0831255344,0.0914178868,0.09901019509999999,0.1059424603,0.1122091229,0.1177641901,0.12266769350000001,0.1268596644,0.1303801332,0.13320927500000002,0.1361697562,0.13920890989999998,0.1423700826,0.1473180754,0.1454332988,0.1344627819,0.1290370274,0.1236906485,0.1177076261,0.1125346641,0.1082363214,0.1041210104,0.0995921385,0.0952779629,0.0908564397
07_NAM,2.F,Product Uses as Substitutes for Ozone Depleting Substances,HFC-245fa,0.0,0.0,0.0,0.0,0.0,0.0,0.0,0.0,0.0,0.0,0.0,0.001352849,0.004123154,0.011338618,0.153126417,0.326410024,0.335156561,0.415746192,0.122219175,0.19123967,0.435081253,0.551805637,0.657119517,1.190350822,1.202600795,0.988062995,1.053529599,0.771390179,0.874713737,0.961611603,1.0543389,1.227137202,1.410529829,1.560169238,1.726685256
07_NAM,2.F,Product Uses as Substitutes for Ozone Depleting Substances,HFC-32,0.0,0.0,0.0,0.0,0.0,5.0538e-06,0.000433505,0.001228163,0.002588242,0.0052322919999999995,0.022908656,0.056155727999999995,0.109185562,0.179855523,0.273635594,0.405563283,0.656358754,0.9503672750000001,1.262821077,1.62442074,2.2501731279999997,2.886548154,3.56562031,4.3312975279999995,5.155671383,6.018145618999999,6.996227826,8.070963833999999,9.260473565000002,10.430789844,11.724609088,14.213907766,15.865214755,17.676764978999998,19.408193585
07_NAM,2.F,Product Uses as Substitutes for Ozone Depleting Substances,HFC-365mfc,0.0,0.0,0.0,0.0,0.0,0.0,0.0,0.0,0.0,0.0,0.0,0.0,0.0,0.0,0.0,8.43e-06,1.91807e-05,3.21475e-05,4.72309e-05,0.000347732,0.004646463,0.070816787,0.101198909,0.182602199,0.260483909,0.38971707,0.456218067,0.50543062,0.56684262,0.538210439,0.535526416,0.404825549,0.350819859,0.288356332,0.230121724
07_NAM,2.F,Product Uses as Substitutes for Ozone Depleting Substances,HFC-41,0.0,0.0,0.0,0.0,0.0,0.0,0.0,0.0,0.0,1e-05,2e-05,1e-05,0.0,0.0,0.0,0.0,0.0,0.0,0.0,0.0,0.066589914,0.059390736,0.053538902,0.04832133,0.043660222,0.039492405,0.035762254,0.032420742,0.029424624,0.026735724,0.023726881,0.020828927,0.017963694,0.015039684,0.012145063
07_NAM,2.F,Product Uses as Substitutes for Ozone Depleting Substances,HFC-43-10-mee,0.0,0.0,0.0,0.0,0.0,0.0,0.0,0.0,0.000889,0.002713,0.0032625,0.002951213,0.003021938,0.00304483,0.002166942,0.001293425,0.001294261,0.001295433,0.001299927,0.001772404,0.00189008,0.001487696,0.001467243,0.001501905,0.001438219,0.001426725,0.001485659,0.00144093,0.001365458,0.001345036,0.00132893,0.001331468,0.00133401,0.001336431,0.001338913
07_NAM,2.G,Other Product Manufacture and Use,C2F6,4e-05,4.2e-05,4.4e-05,4.6e-05,4.8e-05,5e-05,5.2e-05,5.4e-05,5.6e-05,5.8e-05,6e-05,6.2e-05,6.4e-05,6.6e-05,6.8e-05,7e-05,7.2e-05,7.4e-05,7.6e-05,7.6e-05,7.6e-05,7.6e-05,7.6e-05,7.6e-05,7.6e-05,7.6e-05,7.6e-05,7.6e-05,7.6e-05,7.6e-05,7.6e-05,7.6e-05,7.6e-05,7.6e-05,7.6e-05
07_NAM,2.G,Other Product Manufacture and Use,C3F8,5e-05,5.25e-05,5.5e-05,5.75e-05,6e-05,6.25e-05,6.5e-05,6.75e-05,7e-05,7.25e-05,7.5e-05,7.75e-05,8e-05,8.25e-05,8.5e-05,8.75e-05,9e-05,9.25e-05,9.5e-05,9.5e-05,9.5e-05,9.5e-05,9.5e-05,9.5e-05,9.5e-05,9.5e-05,9.5e-05,9.5e-05,9.5e-05,9.5e-05,9.5e-05,9.5e-05,9.5e-05,9.5e-05,9.5e-05
07_NAM,2.G,Other Product Manufacture and Use,C4F10,0.0001155,0.0001175,0.0001195,0.0001215,0.0001235,0.0001255,0.0001275,0.0001295,0.0001315,0.0001335,0.0001355,0.0001375,0.0001395,0.0001415,0.0001435,0.0001455,0.0001475,0.0001495,0.0001515,0.0001515,0.0001515,0.0001515,0.0001515,0.0001515,0.0001515,0.0001515,0.0001515,0.0001515,0.0001515,0.0001515,0.0001515,0.0001515,0.0001515,0.0001515,0.0001515
07_NAM,2.G,Other Product Manufacture and Use,HCFC-141b,0.014127118,0.23898830000000001,2.229537,7.520461,14.367435,21.16365,24.80641,25.72118,29.60955,32.26846,33.96604,36.48013,38.47508,35.78852,34.57072,34.17674,2.512423,0.0,0.0,0.0,0.0,0.0,0.0,0.0,0.0,0.0,0.0,0.0,0.0,0.0,0.0,0.0,0.0,0.0,0.0
07_NAM,2.G,Other Product Manufacture and Use,HCFC-142b,5.0096870000000004,7.1724820000000005,9.109478000000001,10.155850000000001,11.433895999999999,12.502972999999999,12.970137000000001,13.382606,13.560255,14.463284,15.03146,14.488852,12.040751,11.735583,12.294979999999999,12.557179,7.433428,5.171206,2.9089850000000004,1.7778745,1.7778745,1.7778745,1.7778745,1.7778745,1.7778745,1.7778745,1.7778745,1.7778745,1.7778745,1.7778745,1.7778745,1.7778745,1.7778745,1.7778745,1.7778745
07_NAM,2.G,Other Product Manufacture and Use,SF6,3.028642017,2.99097193,3.0268903099999998,3.01494865,2.951625559,2.855969215,2.712885762,2.5936072470000004,2.3858947870000002,2.402925402,2.341006213,2.307176025,2.2045081339999997,2.159026992,2.1118274809999997,2.055624948,1.962548465,1.9063380319999998,1.883652943,1.8389928180000001,1.771854821,1.741611265,1.6726894380000001,1.652615651,1.667702886,1.595542924,1.620408533,1.614540507,1.59443934,1.6425166359999999,1.646067582,1.65237761,1.663789145,1.6708799810000001,1.680131166
08_LAM,2.B,Chemical Industry,HFC-23,0.2369,0.2627,0.27049999999999996,0.3083,0.2618,0.2487,0.2623,0.271,0.14730000000000001,0.2753,0.14450000000000002,0.121,0.1815,0.2037,0.2217,0.3288,0.4379,0.4071,0.4076,0.3797,0.3729,0.36150000000000004,0.27949999999999997,0.2754,0.3404,0.2096,0.2101,0.2393,0.2393,0.24920000000000003,0.2591,0.272963108,0.287988162,0.300917549,0.31489477000000005
08_LAM,2.C,Metal Industry,C2F6,0.13596231,0.12003264,0.06007833,0.05706019600000001,0.058093478,0.04311802000000001,0.042224938000000004,0.042351304000000006,0.036143486,0.033038424,0.03050195,0.019500509,0.022142666,0.024375318,0.031686955,0.031025274999999998,0.026183035,0.021318664,0.021120543,0.014151587,0.013071019,0.010354207,0.008812763,0.008555173,0.005384821,0.0053848789999999995,0.004790259,0.00482506,0.004035062,0.0036260505999999994,0.0032989,0.003010325,0.0027501479999999996,0.0024581801,0.0021821091
08_LAM,2.C,Metal Industry,CF4,0.9673228,0.9672646,0.722127,0.6912268,0.7023922,0.49541895999999996,0.5050198,0.5058490999999999,0.4260074,0.37811764000000003,0.3486891,0.2377416,0.2638477,0.27171141,0.2482899,0.19372841,0.20006189000000002,0.21333002,0.21821817,0.14095598,0.13538408999999998,0.1204681,0.10567293999999999,0.10783436,0.07430955,0.06580195999999999,0.0669917,0.06758423,0.056441701000000004,0.051137871,0.047095586,0.042780700000000005,0.03889599,0.034815362,0.030832694
08_LAM,2.C,Metal Industry,SF6,0.006789999999999999,0.00641,0.00756,0.01079,0.01068,0.010839999999999999,0.010280000000000001,0.01304,0.01052,0.01028,0.01105,0.01052,0.013720000000000001,0.01591,0.018070000000000003,0.02045,0.02343,0.027899999999999998,0.02811,0.015359999999999999,0.00261,0.00285,0.00308,0.00332,0.00356,0.00379,0.00403,0.00427,0.0045,0.004736667,0.004972222,0.005206296,0.005441728,0.005676749,0.005911975
08_LAM,2.F,Product Uses as Substitutes for Ozone Depleting Substances,HFC-125,0.0,0.0,0.0,0.0,0.0,0.0015,0.003,0.0045,0.0096652206,0.088038353,0.23670639,0.440941558,0.6319802139999999,0.81866813,1.10344073,1.342324249,1.521281245,1.570452025,1.666691379,1.828224733,1.923587323,2.102415348,2.2979925900000002,2.348489331,2.5697030329999997,2.800510147,3.080528318,3.411783673,3.768472788,4.091127002,4.42799323,4.766729746,5.099482068,5.435600423,5.770035761
08_LAM,2.F,Product Uses as Substitutes for Ozone Depleting Substances,HFC-134,0.0,0.0,0.0,0.0,0.0,0.0,0.0,0.0,0.0,0.0,0.0,0.0,0.0,0.0,0.0,0.0,0.0,0.0,0.0,0.0,0.0,0.0,0.0,0.0001135,0.003917169,0.00802684,0.000256639,0.000254714,0.000254714,0.0,0.0,0.0,0.0,0.0,0.0
08_LAM,2.F,Product Uses as Substitutes for Ozone Depleting Substances,HFC-134a,0.013353209599999999,0.03316459,0.04560706,0.058490743,0.222878201,0.29173625400000003,0.476259905,0.747119417,1.050935859,1.407700066,2.561560192,3.419062273,4.179330671,4.9980218380000005,5.929658924,7.018700232,7.737083173,8.666278715,9.665952923999999,10.446883342,11.342306281,11.927374941,12.622998576,13.140565395000001,14.647124847,16.352602487,18.279867714,19.947614247,21.880340453,23.722919774,25.53727046,27.400489199,29.240538782,31.079745117,32.919373078
08_LAM,2.F,Product Uses as Substitutes for Ozone Depleting Substances,HFC-143a,0.0,0.0,0.0,0.0044508529,0.0111903239,0.027832803,0.058679523,0.091598073,0.137454151,0.19270515500000002,0.26102144699999996,0.349663853,0.439053863,0.531885301,0.656680958,0.770351259,0.967016758,1.107687726,1.28432514,1.382888407,1.593206842,1.776066727,1.924475216,1.9501418739999998,2.1091936209999997,2.271802879,2.526280012,2.832847138,3.1795413200000002,3.4821208009999998,3.800734397,4.123363483,4.437970869,4.756587561,5.073199597
08_LAM,2.F,Product Uses as Substitutes for Ozone Depleting Substances,HFC-152a,0.00146235922,0.160316976,0.315227397,0.461670663,0.636571056,0.809598711,0.982186589,1.142007214,1.322661587,1.488772357,1.599240839,1.5369923970000001,1.616095247,1.725359909,1.7405443919999999,1.705047564,2.095499933,2.183447249,2.556734562,2.835083932,3.06051659,3.16435736,3.592331278,4.524854216,5.240490907,5.858560279,6.261740634,6.753423495,7.0773932209999995,7.483670869,7.890980944,8.270166760999999,8.667757945,9.062453635,9.458597073
08_LAM,2.F,Product Uses as Substitutes for Ozone Depleting Substances,HFC-227ea,0.0,0.0,0.0,0.0,0.0,0.0017423278,0.0072749286,0.0147120771,0.028927929999999998,0.044727677,0.069222235,0.09496296900000001,0.122879343,0.152634753,0.17986598199999998,0.184227749,0.202659814,0.21171613,0.21361359700000002,0.219585266,0.226323862,0.297408492,0.308121555,0.231850935,0.246731424,0.260040989,0.276491335,0.285829426,0.30112953600000003,0.314825719,0.327603849,0.341528653,0.354995026,0.368384793,0.381812866
08_LAM,2.F,Product Uses as Substitutes for Ozone Depleting Substances,HFC-236fa,0.0,0.0,0.0,0.0,0.0,0.0,0.0,0.0,0.0,0.0,0.0,0.0,0.0,0.0,0.0,0.0,0.0,0.0,0.0,0.0,0.0,0.0,0.000761725,0.002856744,0.003381154,0.005235362,0.005991599,0.006441072,0.006763125,0.007272379,0.007699306,0.008118717,0.008570582,0.009003316,0.009445615
08_LAM,2.F,Product Uses as Substitutes for Ozone Depleting Substances,HFC-245fa,0.0,0.0,0.0,0.0,0.0,0.0,0.0,0.0,0.0,0.0,0.0,0.0,0.00105087288,0.120071132,0.109735009,0.11641846,0.23413909,0.465244547,0.735753664,0.875760354,0.984382553,1.02043751,1.130287565,1.184188372,1.246999322,1.356916732,1.48950805,1.5653758150000001,1.6239011410000002,1.712895945,1.787358576,1.86135283,1.940503392,2.016372541,2.093882398
08_LAM,2.F,Product Uses as Substitutes for Ozone Depleting Substances,HFC-32,0.0,0.0,0.0,0.0,0.0,0.0,0.0,0.0,0.0,0.030132028,0.06026406,0.093236846,0.12622664,0.159225948,0.192235483,0.213498425,0.175984666,0.2568789,0.23870719299999998,0.296093824,0.508692803,0.506510859,0.5030506770000001,0.517059073,0.640469759,0.774300541,0.8334590799999999,0.919616057,1.0104442759999999,1.089158855,1.174392113,1.259317465,1.342275193,1.4266473069999999,1.510312227
08_LAM,2.F,Product Uses as Substitutes for Ozone Depleting Substances,HFC-365mfc,0.0,0.0,0.0,0.0,0.0,0.0,0.0,0.0,0.0,0.0045155947,0.0090311881,0.0135467834,0.018062378,0.022577968,0.025594456,0.028852021,0.07248406,0.110718358,0.17139964000000002,0.228659746,0.269686123,0.283238795,0.309963889,0.326896685,0.332664184,0.334617801,0.357027354,0.396017175,0.446771759,0.48415641099999995,0.526532764,0.570037961,0.611126696,0.653450122,0.695156201
08_LAM,2.F,Product Uses as Substitutes for Ozone Depleting Substances,HFC-43-10-mee,0.0,0.0,0.0,0.0,0.0,0.0,0.0,0.0,0.0,0.0,0.0,0.0,0.0,0.0,0.0,0.0,0.0,0.0,0.0,0.0,0.0,0.0,0.007338281,0.018623411,0.01158443,0.0050488,0.0119947,0.009418245,0.007395211,0.008177348,0.008959485,0.007565329,0.006388112,0.0057917,0.004904886
08_LAM,2.G,Other Product Manufacture and Use,C2F6,2.1499999999999997e-05,2.2e-05,2.45e-05,2.45e-05,2.65e-05,2.7000000000000002e-05,2.75e-05,2.95e-05,2.95e-05,3.2e-05,3.2500000000000004e-05,3.3e-05,3.5e-05,3.5e-05,3.7e-05,3.8e-05,3.903335e-05,4.016175e-05,4.12902e-05,4.12902e-05,4.12902e-05,4.12902e-05,4.12902e-05,4.12902e-05,4.12902e-05,4.12902e-05,4.12902e-05,4.12902e-05,4.12902e-05,4.12902e-05,4.12902e-05,4.12902e-05,4.12902e-05,4.12902e-05,4.12902e-05
08_LAM,2.G,Other Product Manufacture and Use,C3F8,2.7000000000000002e-05,2.9e-05,2.95e-05,3.2e-05,3.2500000000000004e-05,3.45e-05,3.5e-05,3.7e-05,3.8e-05,4e-05,4.05e-05,4.2499999999999996e-05,4.2999999999999995e-05,4.55e-05,4.6e-05,4.8e-05,4.9300000000000006e-05,5.074305e-05,5.218615e-05,5.218615e-05,5.218615e-05,5.218615e-05,5.218615e-05,5.218615e-05,5.218615e-05,5.218615e-05,5.218615e-05,5.218615e-05,5.218615e-05,5.218615e-05,5.218615e-05,5.218615e-05,5.218615e-05,5.218615e-05,5.218615e-05
08_LAM,2.G,Other Product Manufacture and Use,C4F10,6.2e-05,6.25e-05,6.500000000000001e-05,6.549999999999999e-05,6.7e-05,6.75e-05,6.8e-05,7e-05,7.099999999999999e-05,7.25e-05,7.3e-05,7.35e-05,7.549999999999999e-05,7.6e-05,7.75e-05,7.85e-05,7.966700000000001e-05,8.08095e-05,8.195199999999999e-05,8.195199999999999e-05,8.195199999999999e-05,8.195199999999999e-05,8.195199999999999e-05,8.195199999999999e-05,8.195199999999999e-05,8.195199999999999e-05,8.195199999999999e-05,8.195199999999999e-05,8.195199999999999e-05,8.195199999999999e-05,8.195199999999999e-05,8.195199999999999e-05,8.195199999999999e-05,8.195199999999999e-05,8.195199999999999e-05
08_LAM,2.G,Other Product Manufacture and Use,HCFC-141b,0.00011160912,0.001856228127,0.016796616860000002,0.05481343794,0.1058046879,0.1472710915,0.1918728271,0.2215257943,0.2674304707,0.29557548570000003,0.3721223883,0.46171510569999996,0.548155983,0.565824,0.63734239,0.711305156,0.571790482,0.391343147,0.36683295499999996,0.36683295499999996,0.36683295499999996,0.36683295499999996,0.36683295499999996,0.36683295499999996,0.36683295499999996,0.36683295499999996,0.36683295499999996,0.36683295499999996,0.36683295499999996,0.36683295499999996,0.36683295499999996,0.36683295499999996,0.36683295499999996,0.36683295499999996,0.36683295499999996
08_LAM,2.G,Other Product Manufacture and Use,HCFC-142b,0.03957828632,0.05570882025,0.06862820358,0.07402189949999999,0.0842019292,0.0870044059,0.100321408,0.1152592909,0.1224752783,0.1324826617,0.1646801722,0.1833797739,0.1715452179,0.1855423619,0.22666853680000001,0.2613455581,0.219997744,0.218350632,0.216703535,0.21694641499999998,0.21694641499999998,0.21694641499999998,0.21694641499999998,0.21694641499999998,0.21694641499999998,0.21694641499999998,0.21694641499999998,0.21694641499999998,0.21694641499999998,0.21694641499999998,0.21694641499999998,0.21694641499999998,0.21694641499999998,0.21694641499999998,0.21694641499999998
08_LAM,2.G,Other Product Manufacture and Use,SF6,0.031129316499999997,0.0353211045,0.0363339555,0.033020551499999995,0.0309298935,0.031766205,0.029925314,0.030546102999999998,0.034695149,0.036194379,0.031107235,0.028626802,0.032253933,0.033580743,0.029560329,0.02957479,0.028904700999999998,0.030384613,0.032764525,0.032844436,0.034104348,0.036182286,0.038180223,0.044652160999999996,0.052900553,0.047062035,0.044654446,0.047119613000000005,0.049273432,0.051466064,0.053688919,0.056115317,0.058695801,0.061105711,0.063600911
09_WEU,2.B,Chemical Industry,C2F6,0.081917277,0.073487316,0.07643787299999999,0.098997857,0.086102143,0.002046429,0.00087,0.000377809,0.000426732,0.000196381,0.000231906,0.000556039,0.000588625,0.000672467,0.001089086,0.001331105,0.001089086,0.000658638,0.00014089,0.000138297,0.000467616,0.001054512,0.001028581,0.001702777,0.000898928,0.001547194,0.001642273,0.002826438,0.000446007,0.001158235,0.000730379,0.001175521,0.001418693,0.001505512,0.001670508
09_WEU,2.B,Chemical Industry,C3F8,0.000225853,0.000225935,0.00022711,0.000563929,0.001015071,0.001466214,0.001579,0.00162,0.00303,0.001489,0.001664,0.005987,0.0061285,0.00627,0.010154499,0.012411054,0.010154499,0.006141054,0.001313638,0.00128946,0.004359987,0.009832134,0.00959036,0.015876478,0.008381491,0.014425835,0.015312339,0.026353342,0.004158509,0.010799229,0.006809961,0.010960411,0.013227712,0.014037207,0.015575604
09_WEU,2.B,Chemical Industry,C4F10,0.002867,0.002741,0.002972,0.002938,0.003414,0.004183,0.00383,0.002373,0.001821799,0.001854331,0.002000726,0.0,0.0,0.00439,0.009636,0.003876049,0.003834162,0.005150311,0.052093751,0.033935433,0.002638951,0.010067691,0.009752021,0.007513695,0.00947195,0.007669528,0.022718782,0.007229038,0.002846847,0.002548185,0.007269911,0.00651318,0.00773529,0.009464326,0.010939898
09_WEU,2.B,Chemical Industry,C5F12,0.038377,0.036879,0.041615,0.039946,0.049586,0.054312,0.051171,0.021461,0.02411917,0.024549869,0.026488017,0.0056,0.006,0.004224,0.007167,2.42584e-06,1.32719e-06,1.14661e-06,1.46703e-06,8.20065e-06,2.89219e-06,1.27097e-06,1.29361e-06,9.57977e-07,5.58797e-07,4.78082e-07,6.21997e-07,1.20143e-07,1.17984e-07,1.3104e-07,6.81143e-06,3.41678e-06,4.51638e-06,5.97817e-06,7.25886e-06
09_WEU,2.B,Chemical Industry,C6F14,0.031052,0.029461,0.029881,0.027587,0.032069,0.032919,0.030791,0.02345,0.017440599,0.017752038,0.019153515,0.0214,0.004,0.016675,0.017237,0.012459525,0.006816665,0.005889205,0.007534939,0.015285948,0.00593938,0.005739802,0.001833989,0.005889817,0.002870075,0.002455511,0.003194683,0.000617077,0.000605988,0.000673045,0.001039187,0.001085883,0.001245848,0.001436782,0.001612232
09_WEU,2.B,Chemical Industry,CF4,0.000107277,0.000107316,0.000107873,0.000267857,0.000482143,0.000696429,0.00075,0.000377809,0.000426732,0.000196381,0.000231906,0.000556039,0.000588625,0.000672467,0.001089086,0.001331105,0.001089086,0.000658638,0.00014089,0.000138297,0.000467616,0.001054512,0.001028581,0.001702777,0.000898928,0.001547194,0.001642273,0.002826438,0.000446007,0.001158235,0.000730379,0.001175521,0.001418693,0.001505512,0.001670508
09_WEU,2.B,Chemical Industry,HFC-125,0.0,0.001,0.00419,0.013989999999999999,0.034370000000000005,0.050766000000000006,0.03931,0.07427,0.06606000000000001,0.062201,0.039287,0.021717,0.04743,0.014241,0.022276732,0.032168666,0.028474588000000002,0.03191487,0.027679884,0.031055391,0.036513707,0.027908662,0.028842739,0.022164885,0.027371687999999998,0.037932671,0.039420079999999996,0.041245332,0.03629559,0.042214149,0.02357774,0.009018594,0.008836987000000001,0.00714454,0.0062075130000000004
09_WEU,2.B,Chemical Industry,HFC-134a,0.0,0.001,0.023967,0.035108,0.080901,0.089157,0.12679,0.18718,0.07623,0.059199,0.022449999999999998,0.025111,0.026901,0.021732,0.040039912,0.031658175999999996,0.029113609999999998,0.016241729,0.015315818999999998,0.020555189,0.012872466999999999,0.007876985000000001,0.0072071,0.008312166,0.008858785000000001,0.015650098,0.012994371999999999,0.008623631,0.0065254938,0.012824128,0.007046093200000001,0.0056597439,0.0053711606,0.0049947156000000005,0.004662201499999999
09_WEU,2.B,Chemical Industry,HFC-143a,0.50797,0.52549,0.40487,0.023792999999999998,0.035447,0.02696,0.061225,0.0385625,0.0566666,0.050163,0.09649250000000001,0.0550746,0.04517785,0.040672849999999997,0.03845904,0.046722363,0.037415627,0.027461409,0.028808000000000004,0.037019663,0.028906626,0.022192787,0.024801937,0.016001531,0.013180612999999999,0.009492775,0.007669274,0.006262366,0.003514326,0.006664707,0.004438407,0.003369378,0.003321061,0.0022065130000000002,0.0016250820000000001
09_WEU,2.B,Chemical Industry,HFC-152a,0.0,0.0,0.009926,0.02879,0.024003,0.017864,0.025,0.0,0.0,0.0,0.021934,0.002041,0.006511,0.00393,0.00515,0.001947,0.001866,0.000175,0.000536,0.020276,0.00079,0.000115,0.003562,0.000317,0.000883,0.000147,9.2e-05,9.2e-05,1.3e-05,0.000412,0.000684,0.000881333,0.001170778,0.001423704,0.001694889
09_WEU,2.B,Chemical Industry,HFC-227ea,0.0,0.0,0.0,0.0,0.0,0.0,0.001,0.000905,0.001574,0.0044005,0.00613,0.00675,0.00694,0.00628,0.00433,0.007053649,0.0071414600000000005,0.008787978,0.004668406999999999,0.002033305,0.006642466,0.009726407,0.010374468,0.005802796,0.009607797,0.009738262,0.007669347,0.011449648,0.003446043,0.011534619,0.005342209,1.70614e-05,1.70614e-05,1.70614e-05,1.70614e-05
09_WEU,2.B,Chemical Industry,HFC-23,2.182350172,2.1446566789999997,2.288099905,2.392366865,2.595336824,2.767397108,2.853162293,3.0167141345,2.762134347,1.9004847595,1.416659387,0.8982670735,0.699023604,0.621485997,0.385177695,0.3300285411,0.14235342639999998,0.0992124342,0.1094769747,0.11335400799999999,0.09015562590000001,0.0263168059,0.0189221744,0.026219438100000002,0.0137805206,0.0197219633,0.027350448399999998,0.0267332677,0.025205469,0.026203219899999998,0.026203219899999998,0.0258741434,0.027414023500000002,0.0290434053,0.0306280353
09_WEU,2.B,Chemical Industry,HFC-32,0.0,0.0,0.0,0.0,0.0016,0.004479,0.00297,0.00591,0.00354,0.00318,0.004997000000000001,0.017018,0.0022419999999999996,0.017355000000000002,0.025187896,0.024476957,0.022695763,0.019122241,0.020825009999999998,0.01711767,0.029164901,0.023922864000000002,0.01683786,0.017091078,0.010884802,0.004438163,0.003653244,0.001784477,0.00457305,0.005393833,0.001676779,0.003152008,0.003656341,0.003077178,0.003039763
09_WEU,2.B,Chemical Industry,HFC-365mfc,0.0,0.0,0.0,0.0,0.0,0.0,0.0,0.0,0.0,0.0,0.006435131,0.00768036,0.007107243,0.007165124,0.007295926,0.009523441,0.009289167,0.007377382,0.007349039,0.004342866,0.006694101,0.006784355,0.006637657,0.005328109,0.005489924,0.005362992,0.006571,0.005072,0.0045507,0.0040755,0.0038479,0.00430398,0.00422174,0.004270487,0.00425374
09_WEU,2.B,Chemical Industry,SF6,0.01,0.0104,0.0109,0.01127,0.0116,0.012,0.01,0.01,0.011,0.008,0.009,0.01,0.01,0.01,0.01,0.01,0.009,0.0047,0.0042,0.00299268,0.0037845,0.0042567,0.00472986,0.00442755,5.52802e-05,5.65487e-05,5.11855e-05,4.6054e-05,4.38848e-05,4.64771e-05,3.91306e-05,4.06221e-05,3.95345e-05,3.72203e-05,3.55194e-05
09_WEU,2.B,Chemical Industry,c-C4F8,0.00844,0.01639,0.00722,0.00574,0.00937,0.01022,0.00766,0.01175,0.01064,0.01068,0.01403,0.01437,0.00892,0.0,0.0,0.0,0.0,0.0,0.0,0.0,0.0,0.0,0.0,0.0,0.0,0.0,0.0,0.0,0.0,0.0,0.0,0.0,0.0,0.0,0.0
09_WEU,2.C,Metal Industry,C2F6,0.476384008,0.44278656,0.327944427,0.321034853,0.30887949000000003,0.314966841,0.321251538,0.324513653,0.302938752,0.29190051300000003,0.307734013,0.194935155,0.242135848,0.182019841,0.26079404700000003,0.21146579699999998,0.212484415,0.191281867,0.10274817700000001,0.064599504,0.08013429,0.070667032,0.059818168000000005,0.046221174000000004,0.05775312,0.046602274,0.052108342,0.052386984,0.051503885,0.049273171,0.044591093,0.043790281,0.04304082,0.040963371,0.039549916
09_WEU,2.C,Metal Industry,CF4,2.59271768,2.46085627,1.9917756340000001,1.96437386,1.8894462,1.71105438,1.7448768700000001,1.77446105,1.62310906,1.5474965999999999,1.62526866,1.12296313,1.28208751,1.0252966000000001,1.23754267,0.932969469,0.750509152,0.96998424,0.672767904,0.377355758,0.38691999,0.36561108,0.305636633,0.263700154,0.255152369,0.295405639,0.316721603,0.31855347500000003,0.315998822,0.30980361900000003,0.287439872,0.285800964,0.28456481499999997,0.276151879,0.271327336
09_WEU,2.C,Metal Industry,SF6,0.12748125,0.12333125,0.06458625,0.06688125,0.07678125,0.06766825,0.07323625,0.06323825,0.06596785,0.073993,0.10362023499999999,0.099990142,0.078525473,0.063547175,0.05825246,0.061143789999999996,0.052403116,0.037522259,0.0204466785,0.01331722,0.01587537,0.010255855000000001,0.009667728,0.008749651,0.009510826,0.007229927000000001,0.006910282,0.009785906,0.010715614,0.005708328,0.00366515,0.00403225,0.0034809280000000003,0.0027384619999999997,0.0020915680000000002
09_WEU,2.E,Electronics Industry,C2F6,0.022304385,0.025470329,0.028853109,0.03314533,0.036613806,0.044746658,0.060525192,0.08103642999999999,0.071993183,0.083265726,0.108705381,0.09642917200000001,0.08534009399999999,0.08675347,0.0804421277,0.070839384,0.065027636,0.057254887000000004,0.046941319,0.027920884,0.030500773000000002,0.026185576999999998,0.023973684000000002,0.019362245,0.017971706,0.016568984,0.018984051000000002,0.017152141,0.014613581,0.01343993,0.012806799,0.012007169,0.011388605,0.010888246,0.01032878348
09_WEU,2.E,Electronics Industry,C3F8,0.00082013638,0.00105656262,0.00129301768,0.00152950025,0.00170849727,0.00297333081,0.0028948748099999998,0.0039427078099999995,0.0024979802100000004,0.0039141313,0.0075715896,0.007867826,0.0079414541,0.0093667011,0.0113957591,0.0102161928,0.009693535999999999,0.0112893435,0.00782982167,0.00268495087,0.00428254987,0.00447887525,0.0032040909400000003,0.0030039547000000003,0.0029873979999999996,0.0029322332,0.002619212,0.0021906229,0.0023310212,0.00202704737,0.0015554061099999998,0.0017548668699999999,0.0017165390700000002,0.001682871568,0.0016468751000000002
09_WEU,2.E,Electronics Industry,CF4,0.021404229,0.02366308,0.025632428,0.028105146,0.030479907,0.047567057999999995,0.055339674,0.067580778,0.064583275,0.084901322,0.097635467,0.07971373200000001,0.081203154,0.089807812,0.0817694988,0.07692964499999999,0.080242408,0.074981522,0.068001516,0.041417584,0.050438111,0.048788765,0.040604194,0.038058011,0.04021544,0.038096089,0.041044455,0.042150644,0.043833468,0.043353725,0.041230663,0.039242689000000004,0.0386334616,0.0378716776,0.0371861738
09_WEU,2.E,Electronics Industry,HFC-125,0.0,0.0,0.0,0.0,0.0,0.0,0.0,0.0,9e-06,9e-06,9e-06,0.0,0.0,0.0,0.0,0.0,0.0,0.0,0.0,1.4e-06,0.0,0.0,0.0,0.0,0.0,0.0,0.0,0.0,5.8e-06,1.96e-06,2.61333e-06,3.48444e-06,2.71259e-06,2.96346e-06,2.70296e-06
09_WEU,2.E,Electronics Industry,HFC-23,0.005743676,0.005533534,0.005339247,0.0051959325,0.0051025745,0.0038717380000000004,0.004031071,0.0051323969999999995,0.0057460925,0.0057103505,0.0067703425,0.004560411,0.0040938838,0.004732546,0.004521493,0.004740971,0.005890211,0.0055838358,0.005595826,0.004203625,0.0050369538,0.005337603,0.0046726604,0.004428893000000001,0.0042909002,0.004380223,0.0041580281999999994,0.004399937699999999,0.004488153,0.004300893,0.0043370946,0.00412745457,0.00400722146,0.00390933061,0.0038002700800000002
09_WEU,2.E,Electronics Industry,HFC-32,0.0,0.0,0.0,0.0,0.0,0.0,0.0,0.0,8.28e-06,8.28e-06,8.28e-06,0.0,0.0,0.0,0.0,0.0,0.0,4e-07,4e-07,4e-07,8e-07,8e-07,7.55556e-05,0.000405627,0.00018633700000000002,0.00022289800000000002,0.0001394568,0.000165237,0.00016953699999999999,5.62939e-05,0.00010212427,0.00017535199999999998,0.00017729003,0.00021762138,0.00023875697
09_WEU,2.E,Electronics Industry,NF3,0.0013650142299999998,0.0014620921199999999,0.0015689842699999998,0.0016866914999999999,0.0018604187,0.0060723128,0.0056771332,0.0060950701,0.0045897375,0.00442693,0.0060023432,0.004800336,0.007859604,0.0086104978,0.0077974956,0.0092040745,0.0082926917,0.0095314006,0.01079675143,0.0069040709,0.0094957633,0.0096278003,0.006863624699999999,0.00513433935,0.0051794018,0.0047296435,0.0045429735,0.0050231243,0.0049594601,0.0039513992000000005,0.0037268210999999996,0.004113225,0.0038311464,0.0037910631000000004,0.0036299806
09_WEU,2.E,Electronics Industry,SF6,0.010427288,0.014142567,0.017340449,0.020643119,0.023509005,0.025009853000000002,0.022719036,0.031907311,0.02924409,0.024079754999999998,0.023972599,0.022648928999999998,0.022769034,0.026096902999999998,0.026186716999999998,0.018311604999999998,0.014009244,0.010868405999999999,0.013387666000000001,0.007739676,0.008704868,0.007104488,0.00687815,0.006304252,0.0063234001,0.006464702,0.0066151967,0.007078922,0.006495258,0.007452545,0.005357614,0.0052521189999999995,0.0048377384,0.0043553974,0.0039070376399999995
09_WEU,2.E,Electronics Industry,c-C4F8,0.000409198,0.000498369,0.0005923149999999999,0.000691611,0.000783025,0.0019523289999999998,0.00188899697,0.0025882763999999997,0.0021269398,0.002720434,0.0028969007,0.0027464445,0.0023476386,0.003725296,0.0038076510000000004,0.005447352,0.005212339999999999,0.0059483439999999995,0.006515041,0.004595747,0.005632447,0.004931895,0.003867486,0.00299109,0.0040058570899999995,0.0040690093999999994,0.004073899000000001,0.0035264382,0.0033872783,0.0034532623,0.0025685511,0.00325422593,0.00320987474,0.003128745953,0.00306600736
09_WEU,2.F,Product Uses as Substitutes for Ozone Depleting Substances,C3F8,0.0,0.0,0.0,0.0,0.0,0.0,0.0,0.0,0.0,0.0,0.00027,0.00052,0.0005,0.00025,0.0,0.0,0.0,0.0,0.0,0.0,0.0,0.0,0.0,0.0,0.0,0.0,0.0,0.0,0.0,0.0,0.0,0.0,0.0,0.0,0.0
09_WEU,2.F,Product Uses as Substitutes for Ozone Depleting Substances,C4F10,0.0,0.0,0.0,0.0,0.0,5.725629e-05,0.000167773,0.000298199,0.00041536400000000004,0.00053818,0.000590219,0.000600318,0.0005795799999999999,0.000532741,0.00046342599999999996,0.000362525,0.000261138,0.00013930800000000002,5.76627e-05,3.496699e-05,8.43e-06,7.59e-06,6.83e-06,6.14e-06,5.53e-06,4.98e-06,4.48e-06,4.03e-06,3.62847e-06,3.2656e-06,2.93907e-06,2.64514e-06,2.31736e-06,2.00128e-06,1.67935e-06
09_WEU,2.F,Product Uses as Substitutes for Ozone Depleting Substances,HFC-125,0.0007635322,0.001031194888,0.00167952668,0.0076078343399999995,0.040451661599999994,0.1060289092,0.2634898227,0.4537599342,0.7379690426,1.079458157,1.5009478058999999,1.961008609,2.458573924,3.015566443,3.6179607213,4.215004745,5.036923364,5.7679298999999995,6.373212486,6.605520735,7.047518986,7.501267911,7.9616747409999995,8.38520548,8.637088529,7.688476696,7.837305401,7.727926568,7.568472512,7.435249168,7.00673465,6.869378224,6.641846444,6.380379338,6.135879894
09_WEU,2.F,Product Uses as Substitutes for Ozone Depleting Substances,HFC-134,0.0,0.0,0.0,0.0,0.0,0.0,0.0,0.0,0.0,0.0,0.0,0.0,0.0,0.0,0.000770727,0.000562513,0.000427791,0.000311959,0.001113343,0.000982947,0.000959309,0.000939415,0.0010003015,0.00097017738,0.0009217868700000001,0.0008910482899999999,0.0099887482,0.00045162792000000003,0.00042492613,0.00046658451,0.00046627543,0.00047198522,0.00048767125,0.00049469983,0.0005060576300000001
09_WEU,2.F,Product Uses as Substitutes for Ozone Depleting Substances,HFC-134a,0.010010334499999999,0.030280613742,0.56924921092,2.551229008,3.138994716,4.10678529002,5.90450337907,7.40691739614,9.27071984928,10.588894981500001,12.363334645,14.345271238,15.787193802,17.512590974,19.223056988,20.749612018,22.75325893,24.287460017,25.308851687,25.683106825,27.133505504,27.90856108,28.663149207,29.008714429999998,29.310153045,28.225675324,28.471116682,27.734002377,25.889509985,24.645949193,23.503317838,22.530515552,21.481062241,20.531306857,19.53170251
09_WEU,2.F,Product Uses as Substitutes for Ozone Depleting Substances,HFC-143,0.0,0.0,0.0,0.0,0.0,0.0,0.0,0.0,0.0,0.0,0.0,0.0,0.0,0.0,0.0,0.000645592,0.00098628,0.000686725,0.000659256,0.0006340860000000001,0.00060859,0.000584135,0.00056067395,0.000538165408,0.000516570446,0.0004958485790000001,0.00047596469300000005,0.009435763989,0.00206121,0.0025843520000000003,0.00328714776,0.00123761002,0.0009630763600000001,0.00042265048000000003,1.5171309999999999e-05
09_WEU,2.F,Product Uses as Substitutes for Ozone Depleting Substances,HFC-143a,7.09282e-05,8.61922e-05,0.0006867155,0.00817762664,0.0364964811,0.0980696626,0.2604194543,0.4607219671,0.7248184056,1.0548397626,1.4358957691,1.843143164,2.246661956,2.6755307090000002,3.0734413772,3.484811006,3.90483254,4.306271122,4.63498891,4.802748062,4.997417302,5.167767805,5.272617671,5.342559095,5.34524368275,4.576986499,4.452700395,4.148253712000001,3.716702055,3.322526766,2.915541599,2.602556554,2.239919037,1.902190602,1.552007625
09_WEU,2.F,Product Uses as Substitutes for Ozone Depleting Substances,HFC-152a,0.00043999188,0.0007838101780000001,0.00410563583,0.1081992512,0.131372336,0.9151720228,0.9820067591999999,1.03421831,0.9902645725000001,1.1020331992,1.5756429161,2.7062176153,3.4139510020999997,3.3955492155,3.0369591352,2.4531760676,2.5911688286000003,2.5163803762,2.2945247936,2.347347419,2.4963570556,2.6617289818199996,2.914632866812,3.1905465126140005,3.358378093527,3.5028738556540002,3.624852386445,3.8340399097500004,3.91630124302,4.39317690099,4.261782881708,5.331917109277001,5.804486214277,6.275010016277,6.746556468376999
09_WEU,2.F,Product Uses as Substitutes for Ozone Depleting Substances,HFC-227ea,0.0,0.0,0.00032418558,0.0008076778809,0.0021651691,0.0067790873,0.0183205388,0.0342906204,0.0649508764,0.09732259478,0.149125606,0.19843175,0.256028793,0.314909528,0.359655185,0.3891074042,0.4376056506,0.4888341538,0.5144970937,0.57666675955,0.6196256222600001,0.6722651958,0.71220381286,0.74703128455,0.7797483839,0.8216252422,0.8495936058,0.8774761272,0.8709764354,0.8723520558,0.87379217257,0.8683744751,0.870019172,0.8694918817499999,0.87005058792
09_WEU,2.F,Product Uses as Substitutes for Ozone Depleting Substances,HFC-23,0.0,0.0,1.19611e-05,0.00024100370000000002,0.0006998888199999999,0.00249069944,0.0043806109,0.0070763175,0.0110612154,0.015453838099999999,0.0199220596,0.02412324878,0.02829187566,0.034338299302999996,0.039771660246,0.04463674873,0.04873736502,0.05472638783,0.057520183685,0.058952984315,0.060972095883,0.061016131492999996,0.067493690526,0.067023049487,0.062719010326,0.061407956302,0.059922748397,0.057994199510000004,0.052782352989999996,0.04932154133,0.04647708642,0.0431235884938,0.0399219649838,0.0367891023333,0.033621857873799996
09_WEU,2.F,Product Uses as Substitutes for Ozone Depleting Substances,HFC-236fa,0.0,0.0,0.0,0.0,0.0,0.0,0.0,0.0,0.0,1.5365748e-05,1.3468306e-05,0.00027536980000000003,0.00057684361,0.00042191316999999997,0.00034394023,0.00031426834,0.0005175024600000001,0.00064105763,0.00116988894,0.00131598406,0.0017388892999999999,0.002358574,0.0027526476,0.0032383573,0.003194213,0.0034199007,0.0036817774,0.0040189977,0.00435429963,0.004340523,0.0046599147,0.00499125703,0.0052035762,0.0054912612,0.00574126233
09_WEU,2.F,Product Uses as Substitutes for Ozone Depleting Substances,HFC-245fa,0.0,0.0,0.0,0.0,0.0,8.19837e-06,1.66481e-05,2.91569e-05,0.0017224267,0.005463005799999999,0.013613223740000001,0.026466216180000002,0.160831382,0.19679353890000004,0.5103197716,0.4382205327,0.4631053645,0.4757265126,0.4668683019,0.4178870674,0.4521471945,0.47637038700000006,0.4815375869,0.50886142345,0.55067036118,0.6281388689499999,0.6724103110999999,0.7108439599999999,0.645048635,0.611764911,0.640599145,0.614570755,0.604392451,0.6020888099999999,0.59584783481
09_WEU,2.F,Product Uses as Substitutes for Ozone Depleting Substances,HFC-32,0.0007262121,0.000975730521,0.00109603191,0.00138190797,0.00205896125,0.00545974537,0.01527070006,0.0269179725,0.07526576330000001,0.13306020269,0.21273331441,0.30734896776,0.4300822039,0.5866814767,0.8045160754999999,1.0250702789,1.2878720576,1.4922533329,1.713322357,1.8553724958,2.0453790969,2.2748541809,2.561332244,2.8727754191,3.071144534,2.903902949,3.169529245,3.379481552,3.66093818,4.102379887,4.2988232150000005,4.817779044,5.203392666,5.570396923,5.946705865
09_WEU,2.F,Product Uses as Substitutes for Ozone Depleting Substances,HFC-365mfc,0.0,0.0,0.0,0.0,0.0,0.0,0.0,0.0,0.002337045,0.008042885,0.0194940113,0.0439190091,0.0958916174,0.1620685317,0.49132507479999993,0.46885375890000003,0.47652391,0.559952078,0.483676618,0.440065527,0.4300984152,0.430057334,0.3967582853,0.3693820377,0.4177903829,0.5340485953,0.5480087,0.553015588,0.44453718000000003,0.504062716,0.366399736,0.342869151,0.308979808,0.24395217200000002,0.194493682
09_WEU,2.F,Product Uses as Substitutes for Ozone Depleting Substances,HFC-41,0.0,0.0,0.0,0.0,0.0,0.0,0.0,0.0,0.0,0.0,0.0,0.0,0.0,0.0,0.0,0.0,0.0,0.0,3.57e-05,3.0345e-05,2.57933e-05,2.19243e-05,3.00356e-05,2.55303e-05,2.17e-05,1.84456e-05,1.56788e-05,1.3327e-05,7.55195e-05,0.00082,0.001088107,0.001446367,0.001903316,0.002264422,0.002673449
09_WEU,2.F,Product Uses as Substitutes for Ozone Depleting Substances,HFC-43-10-mee,0.0,0.0,0.0,0.0,0.0,0.0,0.0,0.0,0.0,9.95504e-05,0.0024439278999999997,0.006948029,0.01146852,0.013382639000000002,0.012145094,0.011257396,0.011261561,0.011115426,0.010317296,0.009615278,0.009786169,0.009818871,0.010081856500000002,0.0103726031,0.010768458,0.011629728,0.011842075999999998,0.012080343,0.011243532,0.011114800000000001,0.010986068000000002,0.010876614,0.011027664000000001,0.010998618379999998,0.0110596217
09_WEU,2.G,Other Product Manufacture and Use,C2F6,0.000537,0.0005635,0.0005909999999999999,0.000618,0.0006445,0.000671,0.0006984999999999999,0.0007260000000000001,0.000752,0.0007795,0.000805,0.0008325,0.00086,0.000886,0.0009135,0.0009395,0.000966897,0.0009938005000000001,0.001020705,0.001020705,0.001020705,0.001020705,0.001020705,0.001020705,0.001020705,0.001020705,0.001020705,0.001020705,0.001020705,0.001020705,0.001020705,0.001020705,0.001020705,0.001020705,0.001020705
09_WEU,2.G,Other Product Manufacture and Use,C3F8,0.000671,0.000707,0.000738,0.000774,0.000805,0.000841,0.0008725,0.000908,0.0009395,0.0009750000000000001,0.0010065,0.001042,0.0010745,0.0011095,0.0011415,0.0011765,0.001210095,0.001243909,0.0012777280000000001,0.0012777280000000001,0.0012777280000000001,0.0012777280000000001,0.0012777280000000001,0.0012777280000000001,0.0012777280000000001,0.0012777280000000001,0.0012777280000000001,0.0012777280000000001,0.0012777280000000001,0.0012777280000000001,0.0012777280000000001,0.0012777280000000001,0.0012777280000000001,0.0012777280000000001,0.0012777280000000001
09_WEU,2.G,Other Product Manufacture and Use,C4F10,0.001544,0.0015704999999999998,0.0015985,0.0016255,0.001653,0.0016785,0.001705,0.0017324999999999999,0.0017595,0.0017875,0.0018124999999999999,0.001839,0.0018675,0.0018945,0.0019215,0.0019475,0.001975369,0.0020024785,0.0020296249999999997,0.0020296249999999997,0.0020296249999999997,0.0020296249999999997,0.0020296249999999997,0.0020296249999999997,0.0020296249999999997,0.0020296249999999997,0.0020296249999999997,0.0020296249999999997,0.0020296249999999997,0.0020296249999999997,0.0020296249999999997,0.0020296249999999997,0.0020296249999999997,0.0020296249999999997,0.0020296249999999997
09_WEU,2.G,Other Product Manufacture and Use,HCFC-141b,0.0050215104,0.086443443,0.799615434,2.643620877,5.04066423,7.46177917,8.70915008,9.01472479,10.378204460000001,11.26115342,12.05789391,12.96905667,13.6649157,12.63913263,12.198127119999999,12.02798875,0.8576823650000001,0.0133727,0.0,0.0,0.0,0.0,0.0,0.0,0.0,0.0,0.0,0.0,0.0,0.0,0.0,0.0,0.0,0.0,0.0
09_WEU,2.G,Other Product Manufacture and Use,HCFC-142b,1.780702298,2.594329665,3.26708798,3.5700372799999998,4.01147755,4.40825686,4.55360951,4.69033505,4.75291456,5.04745151,5.33613928,5.15092151,4.27642976,4.14456355,4.33822143,4.41928831,2.594032089,1.781658988,0.969284188,0.5651836729999999,0.5651836729999999,0.5651836729999999,0.5651836729999999,0.5651836729999999,0.5651836729999999,0.5651836729999999,0.5651836729999999,0.5651836729999999,0.5651836729999999,0.5651836729999999,0.5651836729999999,0.5651836729999999,0.5651836729999999,0.5651836729999999,0.5651836729999999
09_WEU,2.G,Other Product Manufacture and Use,SF6,0.3907758863,0.40665101519999997,0.4361710436,0.4653607931,0.49517096329999993,0.5285472645,0.523695437,0.5229855449999999,0.493670808,0.409969555,0.387592517,0.3625777232,0.3157461957,0.2994447723,0.3007489263,0.2969025483,0.291422854,0.2960947836,0.3009632261,0.3007136981,0.2973430961,0.293440461,0.2993655371,0.294609063,0.2849938891,0.30388329638,0.31174557098000005,0.3190662671,0.3282200601,0.3288563471,0.28306288869999996,0.2563116345,0.2328384634,0.2035060231,0.177103217
10_EEU,2.C,Metal Industry,C2F6,0.15428102,0.143576896,0.108575823,0.0865431,0.078766423,0.09930646800000001,0.110098682,0.136025816,0.139345076,0.143420765,0.14472253899999998,0.117063769,0.152103607,0.113861882,0.17226501,0.144491139,0.184311455,0.17908073,0.08204438,0.054495847,0.064147465,0.063314551,0.059115825999999996,0.045092608000000006,0.063528839,0.035891229999999996,0.042072702000000003,0.044678028,0.045164156,0.048294433,0.042796368,0.044606352,0.046632983,0.046079167,0.046815575
10_EEU,2.C,Metal Industry,CF4,0.7032422,0.64410475,0.48041851999999996,0.39547565,0.36649619,0.43657757,0.47985863000000006,0.5828202299999999,0.59135611,0.60514886,0.6067771599999999,0.49152845,0.63239831,0.47497098000000004,0.70209465,0.58231743,0.49426772,0.724519,0.3971519,0.238841556,0.203644084,0.20710813,0.19076131,0.13661395599999998,0.15033818,0.13772848199999999,0.150240725,0.15935830699999998,0.16103706499999998,0.171360234,0.15185402,0.157995914,0.164916287,0.162768305,0.165154501
10_EEU,2.C,Metal Industry,SF6,0.0,0.0,0.0,0.0,0.000581818,0.000727273,0.000727273,0.000627879,0.000528485,0.000429091,0.000329697,0.000230303,0.000130909,8.36364e-05,3.63636e-05,5.45455e-05,0.000118182,0.000181818,0.000181818,0.000181818,0.000181818,0.000181818,0.000181818,0.000181818,0.000181818,0.000181818,0.000181818,0.000181818,0.0,0.0,0.0,0.0,0.0,0.0,0.0
10_EEU,2.E,Electronics Industry,C2F6,0.0,0.0,0.0,0.0,0.0,0.0,0.0,0.0,0.0,0.0,0.0,0.0003135,0.0005643,0.0001254,0.00028215,0.0003762,0.0008151,0.0008436,0.0014079,0.0020406,0.0027417,0.00015048,8.55e-05,0.0,0.0,0.0,0.0,0.0,0.0,0.0,0.0,0.0020691,0.0027588,0.0036784,0.00448305
10_EEU,2.E,Electronics Industry,CF4,0.0,0.0,0.0,0.0,0.0,0.0,0.0,0.0001539,0.0001539,2.8975e-05,0.00035055,0.000346465,0.00081225,4.18e-05,9.405e-05,0.0001254,0.00152855,0.00111853,0.00146965,0.00134368,0.000917748,8.22605e-05,5.1756e-05,3.68505e-05,6.2073e-05,5.6259e-05,5.6259e-05,8.721e-05,8.1396e-05,6.6006e-05,5.63445e-05,0.001156758,0.001515212,0.001998281,0.002419042
10_EEU,2.E,Electronics Industry,HFC-23,0.0,0.0,0.0,0.0,0.0,0.0,0.0,0.0,0.0,1.9e-05,0.0,0.0,0.0,0.0,0.0,0.0,0.0,4.56e-05,0.0,0.0,0.0,9.5e-05,0.0,0.0,0.0,0.0,0.0,0.0,0.0,0.0,0.0,9.12e-05,0.0001216,0.000162133,0.0001976
10_EEU,2.E,Electronics Industry,NF3,0.0,0.0,0.0,0.0,0.0,0.0,0.0,0.0,0.0,0.0,0.0,0.0,0.0,0.0,0.0,0.0,0.0,0.0,0.0,0.0,8.55e-06,3.439e-05,5.168e-05,8.514e-05,0.00015488,0.00013998,0.00013668,0.00019448099999999998,0.000182469,0.00014668,0.00012521,9.044e-05,6.02933e-05,3.14978e-05,2.02667e-06
10_EEU,2.E,Electronics Industry,SF6,0.0,0.0,0.0,0.0,0.0,0.0,0.0,0.0,0.0,0.0003515,0.0003762,0.0006942,0.00037804,0.000185,6.188e-05,0.0001014,3.458e-05,1.976e-05,0.00016952,0.00013364,0.00027716,0.0003588,0.00023504,0.0003588,0.00026835,0.0003147,0.00034157999999999997,0.00045032,0.00038844,0.00030418000000000003,0.0005089399999999999,0.00059504,0.0006639063,0.0007838154,0.0008782037
10_EEU,2.F,Product Uses as Substitutes for Ozone Depleting Substances,C4F10,0.0,0.0,0.0,0.0,0.0,0.0,9.52e-05,0.000893365,0.00086938,0.001288284,0.001713462,0.003256765,0.00292,0.00276,0.00262,0.00249,0.002365344,0.002247077,0.002134723,0.002027987,0.001926588,0.00183,0.001738745,0.001651808,0.00157,0.001490757,0.001416219,0.001345408,0.001278138,0.001214231,0.001153519,0.001095843,0.001035078,0.000975361,0.00091512
10_EEU,2.F,Product Uses as Substitutes for Ozone Depleting Substances,C6F14,0.0,0.0,0.0,0.0,0.0,0.0,0.0,0.0,0.00358351,0.005456478,0.0,0.0,0.0,0.0,0.0,0.0,0.0,0.0,0.0,0.0,0.0,0.0,0.0,0.0,0.0,0.0,0.0,0.0,0.0,0.0,0.0,0.0,0.0,0.0,0.0
10_EEU,2.F,Product Uses as Substitutes for Ozone Depleting Substances,CF4,0.0,0.0,0.0,0.0,0.0,0.0,0.0,9.2e-05,0.00030488,0.000386572,0.000192092,0.0003384,0.0005,0.00024,0.000105,6e-05,1.5e-05,0.0,0.0,0.0,0.0,0.0,0.0,0.0,0.0,0.0,0.0,0.0,0.0,0.0,0.0,0.0,0.0,0.0,0.0
10_EEU,2.F,Product Uses as Substitutes for Ozone Depleting Substances,HFC-125,0.0,0.0,0.0,0.0002039434016,0.000241406044,0.01911667459,0.0214241727,0.02870530474,0.03657872979,0.048024509,0.095557698,0.13117689,0.198400765,0.278513154,0.342331822,0.409159941,0.537864384,0.71005022,0.874207645,0.9567946230000001,1.078810794,1.220347868,1.3053391939999999,1.404912314,1.567791602,1.511028022,1.617635061,1.71523424,1.704076786,1.687738609,1.671571494,1.681247671,1.673637966,1.6689854,1.6628542610000001
10_EEU,2.F,Product Uses as Substitutes for Ozone Depleting Substances,HFC-134a,0.00020634505,0.0111015777,0.03082792772,0.054176662400000006,0.061664576900000004,0.197556146,0.38451641299999995,0.592410626,0.745679638,0.947601303,1.233152883,1.607669759,1.8654681960000001,2.097754676,2.75513207,3.208316092,3.436955212,3.658172119,4.031220855,3.963426418,3.82763444,3.995646807,4.145150281,4.222401232,4.49086208,4.542397224,4.677364191,4.904066923,5.031408827,5.222979201,5.3201044479999995,5.3734687779999994,5.489030291,5.579276921,5.682180994
10_EEU,2.F,Product Uses as Substitutes for Ozone Depleting Substances,HFC-143a,0.0,0.0,0.0,0.000298939,0.00043050440000000004,0.0194328,0.021916429600000002,0.02957627092,0.04400851354,0.0718024136,0.123320743,0.179987599,0.252051399,0.33889871,0.393811886,0.452438241,0.534184249,0.644598169,0.738149049,0.80412403,0.878022755,0.96892742,1.02048596,0.997319557,1.098997712,1.058864729,1.0858538249999998,1.080947752,1.0208630539999999,0.9694125790000001,0.909798358,0.89979684,0.8595694429999999,0.823318421,0.785079208
10_EEU,2.F,Product Uses as Substitutes for Ozone Depleting Substances,HFC-152a,1.7654109999999998e-05,0.0019354049999999999,0.003805541,0.005573458,0.007684919,0.009773773,0.012291079100000001,0.014908835700000001,0.0180020664,0.0207430706,0.023336012,0.023324376,0.025470408,0.0295594934,0.03519334532,0.104173499,0.2675701111,0.3845462899,0.35250439479,0.53055088942,0.57565216722,0.53636903335,0.50020142527,0.43397362303,0.47433534844,0.39085516132000003,0.30638909217,0.37549458082000003,0.29133671819,0.26141001656,0.11726643144,0.11861414531,0.10405888368,0.10720366725,0.10149842833
10_EEU,2.F,Product Uses as Substitutes for Ozone Depleting Substances,HFC-227ea,0.0,0.0,0.0,0.0,6.065e-05,0.0007331034399999999,0.0012950083799999998,0.0020910758000000002,0.0023495861,0.0035996349,0.0043732685,0.0057518003,0.0061816588999999995,0.0099854386,0.0109435236,0.0166717917,0.018542091,0.021271803,0.02180058,0.024822904,0.027294626,0.031809906,0.034904356000000004,0.038785242,0.043423431,0.045222227999999996,0.047052203,0.050349779500000004,0.051909382000000004,0.053916395,0.054689116,0.055277095,0.056399665,0.057227422,0.058202588
10_EEU,2.F,Product Uses as Substitutes for Ozone Depleting Substances,HFC-23,0.0,0.0,0.0,0.0,0.0,7e-07,3.531e-05,0.00013231069999999998,0.00019794206,0.00044351369999999995,0.0003483505,0.00040359390000000003,0.00047332281,0.00056441309,0.00067471612,0.0009847671,0.0010566294,0.0011050729,0.0011624862199999999,0.00145576962,0.0014824223969999999,0.0017102488399999998,0.001756858149,0.0018670464779999999,0.0020705023860000003,0.0021981197034,0.0022932269808,0.0024388724722,0.0026487239692,0.0145253416187,0.0186069573314,0.0239694275845,0.031076329956210003,0.03659333265621,0.042905284992079996
10_EEU,2.F,Product Uses as Substitutes for Ozone Depleting Substances,HFC-236fa,0.0,0.0,0.0,0.0,0.0,0.0,0.0,1.094e-05,3.26212e-05,4.19688e-05,8.39294e-05,0.000281679,0.0005591859999999999,0.000760688,0.0009642892,0.0014303908,0.0018174598999999999,0.0027045615,0.00343258,0.003717282,0.004120889,0.004317777,0.004603254,0.004902545,0.005193779,0.0055557969999999995,0.005801522,0.007073853299999999,0.0081849252,0.0091978878,0.008886749999999999,0.008686887999999999,0.008854209,0.008739649,0.008766030000000001
10_EEU,2.F,Product Uses as Substitutes for Ozone Depleting Substances,HFC-245fa,0.0,0.0,0.0,0.0,0.0,0.0,0.0,0.0,0.0,0.0,0.0,0.0,0.00067268653,0.002139243,0.0020604843,0.0022295626000000002,0.0035201851,0.0045978883,0.0064739857000000005,0.0079455774,0.010016468,0.010590956,0.010641471,0.010668753,0.011213783,0.016159829,0.015536036,0.014533117,0.014626241,0.015326216,0.015542239,0.016283033000000002,0.017079981,0.017850612999999998,0.018634404
10_EEU,2.F,Product Uses as Substitutes for Ozone Depleting Substances,HFC-32,0.0,0.0,0.0,0.0,0.0,0.00112236592,0.0015597575000000001,0.00231634456,0.0033568049,0.0054814976,0.011496621,0.018073908,0.028575915,0.03805562,0.055035084000000005,0.073496624,0.13363879,0.216645059,0.295319937,0.32495167999999996,0.38678047,0.447645761,0.482402945,0.531905308,0.579402892,0.629602557,0.730436103,0.868340484,1.006707031,1.152479595,1.2799173709999998,1.437622763,1.5812613389999999,1.72851266,1.8739576070000001
10_EEU,2.F,Product Uses as Substitutes for Ozone Depleting Substances,HFC-365mfc,0.0,0.0,0.0,0.0,0.0,0.0,0.0,0.0,0.0,5.45139e-05,0.0001090279,0.0001635417,0.0008780553,0.008141885,0.014423065999999998,0.037509052,0.043422909999999995,0.044764688999999996,0.04515835164,0.0457526182,0.042783337389999995,0.04365875515,0.046002988439999996,0.04913097389,0.05812331661,0.0528305223,0.0590200342,0.06382372,0.06792839869999999,0.07249117199999999,0.0741992949,0.0782869211,0.0817397619,0.0848226238,0.0880904762
10_EEU,2.F,Product Uses as Substitutes for Ozone Depleting Substances,HFC-43-10-mee,0.0,0.0,0.0,0.0,0.0,0.0,0.0,0.0,0.0,0.0,0.0,0.0,0.0,0.0,0.0,0.0,0.0,0.0001,0.0002,0.0006,0.001362,0.0016985,0.0009865,0.00025,0.00025,0.0002745,0.0003235,0.000348,0.0003305,0.000349167,0.000367833,0.000376846,0.00038608,0.000398385,0.000409154
10_EEU,2.G,Other Product Manufacture and Use,C2F6,3.2e-05,3.3e-05,3.55e-05,3.65e-05,3.9e-05,4e-05,4.1e-05,4.35e-05,4.45e-05,4.7e-05,4.8e-05,4.9e-05,5.15e-05,5.25e-05,5.5e-05,5.6e-05,5.79e-05,5.95855e-05,6.1271e-05,6.1271e-05,6.1271e-05,6.1271e-05,6.1271e-05,6.1271e-05,6.1271e-05,6.1271e-05,6.1271e-05,6.1271e-05,6.1271e-05,6.1271e-05,6.1271e-05,6.1271e-05,6.1271e-05,6.1271e-05,6.1271e-05
10_EEU,2.G,Other Product Manufacture and Use,C3F8,4e-05,4.3e-05,4.4e-05,4.7e-05,4.8e-05,5.1e-05,5.2e-05,5.5e-05,5.6e-05,5.9e-05,6e-05,6.3e-05,6.4e-05,6.7e-05,6.8e-05,7.1e-05,7.280000000000001e-05,7.4886e-05,7.6972e-05,7.6972e-05,7.6972e-05,7.6972e-05,7.6972e-05,7.6972e-05,7.6972e-05,7.6972e-05,7.6972e-05,7.6972e-05,7.6972e-05,7.6972e-05,7.6972e-05,7.6972e-05,7.6972e-05,7.6972e-05,7.6972e-05
10_EEU,2.G,Other Product Manufacture and Use,C4F10,9.2e-05,9.3e-05,9.6e-05,9.7e-05,9.9e-05,0.0001,0.000101,0.000104,0.00010499999999999999,0.000107,0.000108,0.00010899999999999999,0.000112,0.00011300000000000001,0.000115,0.000116,0.000118067,0.000119752,0.000121438,0.000121438,0.000121438,0.000121438,0.000121438,0.000121438,0.000121438,0.000121438,0.000121438,0.000121438,0.000121438,0.000121438,0.000121438,0.000121438,0.000121438,0.000121438,0.000121438
10_EEU,2.G,Other Product Manufacture and Use,HCFC-141b,0.000321820275,0.006675839,0.066583648,0.241633557,0.503390676,0.81823275,1.0066154,1.08255336,1.28368093,1.4719034,1.76498402,2.1198824899999997,2.50163829,2.39535152,2.47656551,2.60981701,1.59098174,0.297512748,0.12735184,0.12735184,0.12735184,0.12735184,0.12735184,0.12735184,0.12735184,0.12735184,0.12735184,0.12735184,0.12735184,0.12735184,0.12735184,0.12735184,0.12735184,0.12735184,0.12735184
10_EEU,2.G,Other Product Manufacture and Use,HCFC-142b,0.114122324,0.200354435,0.272048938,0.326310422,0.400609973,0.483393652,0.526312527,0.56324861,0.5878897599999999,0.65973302,0.78108226,0.84195455,0.78288676,0.78547387,0.88078156,0.95889258,0.7438542300000001,0.68075813,0.6176633499999999,0.58619287,0.58619287,0.58619287,0.58619287,0.58619287,0.58619287,0.58619287,0.58619287,0.58619287,0.58619287,0.58619287,0.58619287,0.58619287,0.58619287,0.58619287,0.58619287
10_EEU,2.G,Other Product Manufacture and Use,SF6,0.0094633617,0.00955801031,0.010006448139999999,0.0108356047,0.0126675129,0.01436829076,0.015181101199999998,0.0160706,0.0171141022,0.0164807259,0.0179115557,0.0177872713,0.018955556000000002,0.020814815400000002,0.0211972332,0.0210725267,0.0223037378,0.0226013859,0.022551177,0.023358436,0.025170322,0.024780257,0.025251945,0.026850375,0.025623745,0.028864998,0.029279643,0.02922386,0.030700582,0.031087774000000002,0.0327923127,0.032491355,0.033121358000000004,0.033799218,0.0344531475
11_CAS,2.C,Metal Industry,C2F6,0.08836366000000001,0.12992792,0.11217753,0.083138557,0.078015465,0.08417361,0.070602845,0.06796508500000001,0.06897569099999999,0.07396976300000001,0.086305373,0.070973419,0.086797664,0.0636314,0.09814073000000001,0.081204546,0.109477823,0.104007973,0.058290866,0.047963878,0.057675346,0.045429512,0.045071266,0.032430149,0.032854151,0.020897554999999998,0.025411575999999998,0.02427106,0.024207188000000004,0.023095362,0.02050866,0.020053971,0.019911982,0.018850856,0.018249298
11_CAS,2.C,Metal Industry,CF4,0.37705582,0.5509841,0.4821294,0.36044104,0.34012519999999996,0.35211041000000004,0.2951416,0.2874262,0.28807263000000005,0.31200492,0.35789095,0.28818988,0.35320950999999995,0.2594322,0.39647651,0.32576441,0.29507728000000005,0.42579995,0.28767224,0.21429613,0.18977617,0.155686452,0.15666800000000003,0.112600833,0.091218406,0.092772805,0.102456721,0.097982265,0.100085403,0.096541735,0.086722192,0.085846906,0.08611861600000001,0.082644243,0.081042911
11_CAS,2.F,Product Uses as Substitutes for Ozone Depleting Substances,HFC-125,0.0,0.0,0.0,0.0,0.0,0.000108448,0.00016286799999999999,0.000362788,0.0141802618,0.018318694,0.0443521103,0.050370167,0.057303364,0.08244438700000001,0.108767773,0.119564939,0.170089862,0.183697011,0.201229438,0.21461518699999999,0.220267616,0.273187306,0.327676312,0.326480023,0.38820736499999997,0.412992366,0.437047674,0.512142732,0.587759177,0.6521834440000001,0.7106233040000001,0.7526560790000001,0.807621712,0.8594344679999999,0.912823663
11_CAS,2.F,Product Uses as Substitutes for Ozone Depleting Substances,HFC-134a,0.20007472060000003,0.17030130500000001,0.14040091400000002,0.11076098799999999,0.08256814100000001,0.0568841,0.11663106399999999,0.18079288300000002,0.254515552,0.320781397,0.407150387,0.46792422300000003,0.539283457,0.643712271,0.79524573,0.949865916,1.1549430250000001,1.384343922,1.6120898240000001,1.74599387,1.443954363,1.392654239,1.4996224360000001,1.525723176,1.6110213599999998,1.608551898,1.706248123,1.8942045179999998,2.055630698,2.234701125,2.404222343,2.542199936,2.70438968,2.8609525349999996,3.020328833
11_CAS,2.F,Product Uses as Substitutes for Ozone Depleting Substances,HFC-143a,0.0,0.0,0.0,5.55768e-05,0.00013973110000000001,0.00042465,0.000836933,0.001328155,0.006752267,0.010063163,0.016763634,0.025383572,0.034051741999999996,0.045833818,0.057687173,0.068128174,0.07821945699999999,0.085934193,0.093794936,0.098256786,0.10739143000000001,0.111619922,0.121154512,0.115102736,0.124688319,0.129986876,0.13952825100000002,0.151660082,0.160570664,0.171008479,0.175020702,0.199922184,0.213039356,0.22704965,0.24061338200000001
11_CAS,2.F,Product Uses as Substitutes for Ozone Depleting Substances,HFC-152a,1.6916e-05,0.001854483,0.003646424,0.005340421,0.007363598,0.009365113000000001,0.01136154,0.013210282,0.015300019,0.017221521,0.01849822,0.017438067,0.019100644,0.020682963000000002,0.025505799000000003,0.030701291,0.021000974999999998,0.02430066,0.027600345,0.030900030000000002,0.033549365,0.034159356,0.032833875,0.033808013,0.034120605,0.033969195,0.033899858000000005,0.036218565999999994,0.037871056,0.039171676,0.040928949000000006,0.042499076999999996,0.044041750000000005,0.045665107999999996,0.047248124
11_CAS,2.F,Product Uses as Substitutes for Ozone Depleting Substances,HFC-227ea,0.0,0.0,0.0,0.0,0.0,2.17561e-05,9.084039999999999e-05,0.0008337064,0.001076217,0.000773505,0.001026865,0.001194413,0.001619927,0.002145786,0.002512469,0.0026764040000000003,0.003220597,0.003862796,0.003947231,0.004255162,0.004660479,0.004961804,0.006521873,0.008810063,0.009606083,0.009479496,0.010663023,0.011766205,0.013433954000000001,0.015020966,0.016802104999999998,0.018789761,0.020575031,0.022426385,0.024244696
11_CAS,2.F,Product Uses as Substitutes for Ozone Depleting Substances,HFC-245fa,0.0,0.0,0.0,0.0,0.0,0.0,0.0,0.0,0.0,0.0,0.0,0.0,0.00014615608,0.001398934,0.00263437,0.001440682,0.005932427,0.008845341,0.008602745,0.008594781,0.026211644,0.030741008,0.011502864,0.011238489,0.011778012000000001,0.012613768,0.012927079000000001,0.013986817,0.01463642,0.015311619,0.016107431,0.016815255,0.017541534,0.018284839,0.019019631
11_CAS,2.F,Product Uses as Substitutes for Ozone Depleting Substances,HFC-32,0.0,0.0,0.0,0.0,0.0,1.23648e-07,2.39568e-07,9.27695e-05,0.009484361,0.010703184999999999,0.029764565,0.032369207865,0.032011026799999995,0.0333720367,0.0450025763,0.043724541,0.076818975,0.08220445600000001,0.085886738,0.08595755399999999,0.083705473,0.1326367,0.174838093,0.176070118,0.222779917,0.23995605300000003,0.255638956,0.29162587,0.399514686,0.489770977,0.55520986,0.582262426,0.643178692,0.6943148180000001,0.750341014
11_CAS,2.F,Product Uses as Substitutes for Ozone Depleting Substances,HFC-365mfc,0.0,0.0,0.0,0.0,0.0,0.0,0.0,0.0,0.0,5.22346e-05,0.0001044692,0.0001567037,0.000208939,0.00026117299999999996,0.000296066,0.00033374900000000005,0.003891467,0.0062237460000000005,0.004810683,0.003223045,0.021451621,0.025490664,0.007208911,0.00611497,0.00614574,0.006034408,0.006113483,0.006291002,0.0065966359999999995,0.006785049,0.007009892,0.007250496,0.00746845,0.007696251,0.007919128000000001
11_CAS,2.G,Other Product Manufacture and Use,HCFC-141b,6.489562e-05,0.0017356064,0.0148193226,0.045780457,0.069703334,0.092532985,0.101281362,0.10693641,0.124953811,0.137111621,0.153166473,0.190265879,0.2301327,0.2519125,0.29405102,0.34644424,0.30906676,0.198931006,0.130952345,0.130952345,0.130952345,0.130952345,0.130952345,0.130952345,0.130952345,0.130952345,0.130952345,0.130952345,0.130952345,0.130952345,0.130952345,0.130952345,0.130952345,0.130952345,0.130952345
11_CAS,2.G,Other Product Manufacture and Use,HCFC-142b,0.023012946,0.052088710999999996,0.060549254,0.06182342,0.055471509,0.054666283,0.052955351,0.055638601,0.057225171000000005,0.061455784,0.067782785,0.075567886,0.072019964,0.082605989,0.104578327,0.12728969,0.11067052999999999,0.113900305,0.117130472,0.118741517,0.118741517,0.118741517,0.118741517,0.118741517,0.118741517,0.118741517,0.118741517,0.118741517,0.118741517,0.118741517,0.118741517,0.118741517,0.118741517,0.118741517,0.118741517
11_CAS,2.G,Other Product Manufacture and Use,SF6,6.69456e-07,1.67364e-06,2.67782e-06,5.18828e-06,5.69038e-06,6.01642e-06,6.5987800000000005e-06,1.37284e-05,1.98924e-05,3.08356e-05,3.77897e-05,4.2130300000000006e-05,8.1841e-05,0.00013063000000000001,0.0001896172,0.000355514,0.000387441,0.000461155,0.0007532249999999999,0.0008105955,0.000888155,0.000928385,0.001161872,0.001321641,0.0016660433,0.0019485966,0.0023764699000000003,0.0027602419,0.0032025885000000003,0.0038053761,0.0041464659,0.004675242400000001,0.0052242346,0.0056971877,0.0062081598
12_MEA,2.C,Metal Industry,C2F6,0.09118509,0.02037154,0.02272486,0.02580011,0.02677258,0.01684671,0.0154927,0.015792209,0.015775081,0.015687061000000002,0.015714083,0.01161567,0.012217897,0.013083631,0.021527623,0.025160431,0.021659324,0.017565124,0.015907284,0.016454324,0.019543368,0.01800714,0.015127344,0.015024159,0.013069308,0.017745922,0.013709761,0.013440758,0.013929052,0.013887599,0.012534544,0.01255798,0.012596537,0.012166182,0.011970284
12_MEA,2.C,Metal Industry,CF4,0.48492880000000005,0.25632390000000005,0.2769764,0.303583,0.31665920000000003,0.1985999,0.1870727,0.17378038,0.16775448,0.15987583,0.15788507,0.12590312,0.13060496,0.12894071,0.12278213,0.09853783,0.11686322,0.17441804,0.15545774,0.1267882,0.14585432,0.16375514,0.14212522,0.13521998,0.1460139,0.16471984,0.15586521,0.15132273000000002,0.15652115,0.15499461,0.142294848,0.141505896,0.140944491,0.13626111800000001,0.133638729
12_MEA,2.C,Metal Industry,SF6,0.01577,0.0141,0.01337,0.01219,0.01061,0.00963,0.00739,0.00674,0.02002,0.02032,0.02611,0.02822,0.02232,0.01681,0.01227,0.01239,0.01303,0.0131,0.01347,0.01383,0.01419,0.01455,0.01491,0.01527,0.01563,0.01599,0.01635,0.01671,0.01707,0.01743,0.01779,0.01815,0.01851,0.01887,0.01923
12_MEA,2.F,Product Uses as Substitutes for Ozone Depleting Substances,HFC-125,0.0,0.0,0.0,0.0,0.0,0.0,0.0,0.0,0.014194311999999999,0.311901115,0.854343027,1.458442024,2.090750622,2.7356008800000002,3.520538796,4.366660075,4.504503623,4.306974573,4.318882225,4.450391272,3.947173684,3.807902655,3.910316071,4.0980891360000005,4.285862207,4.473635276,4.959571651,5.420530638,5.9545253780000005,6.448155412999999,6.944349999,7.4522897839999995,7.951544589,8.452674315,8.952866579
12_MEA,2.F,Product Uses as Substitutes for Ozone Depleting Substances,HFC-134a,0.023174172,0.09344822900000001,0.124341111,0.169323259,0.547203255,0.928680869,1.315559528,1.710546678,2.117706972,2.5431425880000003,5.642080575,7.727111365,9.3880515,11.234631863,13.346294985,15.847055174000001,16.190749988,16.59727345,16.973712804999998,17.346337317,18.139288732,18.875611648,19.342958348,20.076361985000002,22.659198751999998,27.752162775,32.624943846,35.983046752,41.265060025,45.769359104,50.150830858,54.873425563999994,59.409547413,63.956276845,68.497702491
12_MEA,2.F,Product Uses as Substitutes for Ozone Depleting Substances,HFC-143a,0.0,0.0,0.0,0.017236832,0.043336798,0.10068822899999999,0.213048442,0.333432261,0.5039192849999999,0.710790055,0.939213544,1.148503719,1.38741081,1.649327287,1.866569108,2.2905150709999997,2.5169345770000002,2.652196665,2.820491214,2.868280343,2.820421075,2.916147004,3.0118729330000003,3.107598865,3.203324797,3.299050726,3.850259769,4.497773243,5.294287168,5.9593659809999995,6.662401385,7.383944101,8.080496411,8.787539887,9.489337782
12_MEA,2.F,Product Uses as Substitutes for Ozone Depleting Substances,HFC-152a,0.0052464018,0.575157296,1.130917886,1.656301493,2.283778625,2.9045370679999998,3.5237177650000002,4.097094336,4.745214589,5.341157839,5.737118637,5.408318336,5.7688849399999995,6.104559919,6.049613573,5.4899553580000005,6.513334058,7.536712756,8.560091457,9.583470155,10.405146402,10.594331688,10.183241211,10.485364843,10.582313261,10.535354266,10.513849792,11.232984098,11.745494534,12.148874623,12.693882899,13.180849168,13.659300713,14.162776075,14.653739528
12_MEA,2.F,Product Uses as Substitutes for Ozone Depleting Substances,HFC-227ea,0.0,0.0,0.0,0.0,0.0,0.006747515999999999,0.028173637,0.056975505,0.11202929,0.173217005,0.267302616,0.365788304,0.472699581,0.586035825,0.689596667,0.70402933,0.772952066,0.806557712,0.812439245,0.834098964,0.8596388420000001,0.849023693,0.833662025,0.869572326,0.913295409,0.948063148,0.991408085,1.024195272,1.073850979,1.115780254,1.157237647,1.201585105,1.244163146,1.286957444,1.329643614
12_MEA,2.F,Product Uses as Substitutes for Ozone Depleting Substances,HFC-245fa,0.0,0.0,0.0,0.0,0.0,0.0,0.0,0.0,0.0,0.0,0.0,0.0,0.0037701396,0.43077027,0.39368813199999997,0.417665852,0.8400033960000001,1.17679339,1.7559582059999999,2.218084618,2.553618213,2.691609574,2.82955458,2.756844357,2.933295631,3.20146212,3.3074382079999998,3.644758893,3.854725546,4.072480022,4.327493959,4.555072315,4.7885212379999995,5.027201643,5.263266308
12_MEA,2.F,Product Uses as Substitutes for Ozone Depleting Substances,HFC-32,0.0,0.0,0.0,0.0,0.0,0.0,0.0,0.0,0.0,0.116692403,0.233384804,0.350056178,0.46671877500000003,0.583376461,0.70002887,0.7711426,0.614580341,0.624244797,0.633909257,0.643573716,1.32345348,1.025801751,0.7654799750000001,0.74534847,0.993970837,1.2597192609999999,1.2597192609999999,1.2597192609999999,1.2597192609999999,1.2597192609999999,1.2597192609999999,1.2597192609999999,1.2597192609999999,1.2597192609999999,1.2597192609999999
12_MEA,2.F,Product Uses as Substitutes for Ozone Depleting Substances,HFC-365mfc,0.0,0.0,0.0,0.0,0.0,0.0,0.0,0.0,0.0,0.016200261,0.032400524,0.048600784,0.064801048,0.081001308,0.091823322,0.103510251,0.260045665,0.39721602100000003,0.614917738,0.820345567,0.967532843,1.016154761,1.1120343849999998,1.169185159,1.189638153,1.1658557489999999,1.200965328,1.266448559,1.371509098,1.440060215,1.519758509,1.604195158,1.68175718,1.762322834,1.8413866730000001
12_MEA,2.G,Other Product Manufacture and Use,C2F6,1.6e-05,1.7e-05,1.75e-05,1.85e-05,1.9e-05,2e-05,2.1e-05,2.15e-05,2.25e-05,2.35e-05,2.4e-05,2.5e-05,2.55e-05,2.65e-05,2.75e-05,2.8e-05,2.89335e-05,2.97475e-05,3.0562e-05,3.0562e-05,3.0562e-05,3.0562e-05,3.0562e-05,3.0562e-05,3.0562e-05,3.0562e-05,3.0562e-05,3.0562e-05,3.0562e-05,3.0562e-05,3.0562e-05,3.0562e-05,3.0562e-05,3.0562e-05,3.0562e-05
12_MEA,2.G,Other Product Manufacture and Use,C3F8,2e-05,2.1e-05,2.2e-05,2.3e-05,2.4e-05,2.5e-05,2.6e-05,2.7e-05,2.8e-05,2.9e-05,3e-05,3.1e-05,3.2e-05,3.3e-05,3.4e-05,3.5e-05,3.6e-05,3.7e-05,3.8e-05,3.8e-05,3.8e-05,3.8e-05,3.8e-05,3.8e-05,3.8e-05,3.8e-05,3.8e-05,3.8e-05,3.8e-05,3.8e-05,3.8e-05,3.8e-05,3.8e-05,3.8e-05,3.8e-05
12_MEA,2.G,Other Product Manufacture and Use,C4F10,4.6e-05,4.7e-05,4.75e-05,4.85e-05,4.95e-05,5e-05,5.1e-05,5.15e-05,5.25e-05,5.35e-05,5.4e-05,5.5e-05,5.55e-05,5.65e-05,5.75e-05,5.8e-05,5.8935e-05,5.975e-05,6.056e-05,6.056e-05,6.056e-05,6.056e-05,6.056e-05,6.056e-05,6.056e-05,6.056e-05,6.056e-05,6.056e-05,6.056e-05,6.056e-05,6.056e-05,6.056e-05,6.056e-05,6.056e-05,6.056e-05
12_MEA,2.G,Other Product Manufacture and Use,HCFC-141b,0.0001699300971,0.002889679638,0.02659777524,0.0886432925,0.1684626348,0.2515799441,0.29869513,0.31078646,0.36113885,0.39081373,0.42971745,0.48240140000000004,0.5316898,0.5278186,0.5403231000000001,0.5694227,0.25508959999999997,0.1477807,0.08577169000000001,0.08577169000000001,0.08577169000000001,0.08577169000000001,0.08577169000000001,0.08577169000000001,0.08577169000000001,0.08577169000000001,0.08577169000000001,0.08577169000000001,0.08577169000000001,0.08577169000000001,0.08577169000000001,0.08577169000000001,0.08577169000000001,0.08577169000000001,0.08577169000000001
12_MEA,2.G,Other Product Manufacture and Use,HCFC-142b,0.06025972773,0.0867246139,0.10867424549999999,0.119706688,0.1340660691,0.1486276349,0.156173851,0.16170076,0.16539155,0.17517027,0.19016917,0.19159468,0.16639212,0.17307993,0.19216393,0.20921539,0.15057619,0.13160141,0.11262662,0.103139225,0.103139225,0.103139225,0.103139225,0.103139225,0.103139225,0.103139225,0.103139225,0.103139225,0.103139225,0.103139225,0.103139225,0.103139225,0.103139225,0.103139225,0.103139225
12_MEA,2.G,Other Product Manufacture and Use,SF6,0.30063,0.32387,0.30845,0.27286,0.23332999999999998,0.20649,0.2106,0.20883000000000002,0.21137,0.23982,0.24022,0.25593,0.27873000000000003,0.29269999999999996,0.29283000000000003,0.30688,0.32405,0.34211,0.406584142,0.385561642,0.400264528,0.420082269,0.436391939,0.454934098,0.47354685799999996,0.491057558,0.509861788,0.527771285,0.545962886,0.564264664,0.582564214,0.601281395,0.620607814,0.639388865,0.6584426
13_AFR,2.C,Metal Industry,C2F6,0.030353677,0.030163814,0.029793247,0.030530756,0.027815046000000003,0.026435951,0.030827851,0.034435326,0.028148740999999998,0.029632102,0.02735479,0.020453633,0.021637318,0.019049062999999998,0.034391238000000005,0.030806754,0.031328445999999996,0.024394857,0.012954631,0.010655174,0.011218897,0.010251492,0.007342158,0.008355053,0.009905979,0.00676791,0.006258681,0.006358071,0.006735723000000001,0.006686,0.006126726000000001,0.0062706003,0.0064198943,0.006331192,0.006361487
13_AFR,2.C,Metal Industry,CF4,0.20335277000000002,0.20324232,0.20249841,0.20556971,0.18510465999999998,0.15472391,0.1903783,0.21262930000000002,0.16643118,0.17655699,0.16691606,0.1303032,0.13623506,0.12447204,0.14757972,0.10291969,0.11410955,0.16263555,0.09730735,0.06821687,0.06462493,0.06372221,0.04780105,0.05111341,0.05124228,0.04741529,0.04508127000000001,0.04581954,0.047448685,0.046962636,0.040779487,0.041425192,0.042096576999999996,0.040474554999999995,0.039999239
13_AFR,2.F,Product Uses as Substitutes for Ozone Depleting Substances,HFC-125,0.0,0.0,0.0,0.0,0.0,0.0,0.0,0.0,0.0046525854,0.102234369,0.280034975,0.478045428,0.685302369,0.89667019,1.153955689,1.431295758,1.476477862,1.411732153,1.415635225,1.458741016,1.293797284,1.248147284,1.2817161620000002,1.34326407,1.404811982,1.4663598899999999,1.625639215,1.776731501,1.951763308,2.113564448,2.276206192,2.442697755,2.606342572,2.7706019459999998,2.934554042
13_AFR,2.F,Product Uses as Substitutes for Ozone Depleting Substances,HFC-134a,0.007595987,0.030630289,0.040756297000000004,0.050807686,0.17231608099999998,0.307068612,0.43469119,0.564686925,0.6982454530000001,0.837152724,1.852967086,2.571864765,3.068105492,3.641046617,4.322372727,5.107928699,5.532934593999999,5.679032772,5.825130951,5.97122913,6.117327306,6.260490458,6.406595314,6.550040745,7.563711963,8.921040733,10.381000194,11.696966457,13.284673941,14.739218344,16.191957726000002,17.69028815,19.158826221,20.632028845,22.102899193
13_AFR,2.F,Product Uses as Substitutes for Ozone Depleting Substances,HFC-143a,0.0,0.0,0.0,0.0056498575,0.0142048549,0.033003405,0.069832625,0.109291808,0.165173731,0.232981448,0.30785368,0.37645442300000004,0.45476294500000003,0.540613443,0.611820565,0.750780789,0.824996156,0.8693321119999999,0.924495388,0.9401596219999999,0.9244724,0.955849266,0.987226134,1.0186030050000001,1.049979872,1.081356739,1.262031023,1.4742717889999999,1.735351646,1.953349949,2.183789591,2.4202955250000002,2.648610152,2.880363548,3.110397562
13_AFR,2.F,Product Uses as Substitutes for Ozone Depleting Substances,HFC-152a,0.00171965643,0.188523993,0.370690173,0.542899436,0.74857273,0.9520437869999999,1.154997686,1.342937997,1.555377654,1.750714828,1.880502126,1.772728575,1.890914427,2.000941348,1.9829311379999999,1.799487409,2.134928583,2.470369758,2.805810931,3.141252111,3.410579629,3.47259043,3.337843956,3.436873479,3.468651053,3.453258921,3.446210225,3.681926732,3.849916457,3.982135634,4.160777439,4.320394342,4.477220302,4.642248523,4.803175617
13_AFR,2.F,Product Uses as Substitutes for Ozone Depleting Substances,HFC-227ea,0.0,0.0,0.0,0.0,0.0,0.00221168875,0.0092347027,0.0186753238,0.036720753,0.056776751,0.08761595800000001,0.119897413,0.154940593,0.192089736,0.226034718,0.230765429,0.253356798,0.26437199,0.266299831,0.273399414,0.28177083,0.278291415,0.273256194,0.285026808,0.299358279,0.310754387,0.324961906,0.335708831,0.35198488299999997,0.365728381,0.379317209,0.393853332,0.407809484,0.421836516,0.43582810499999997
13_AFR,2.F,Product Uses as Substitutes for Ozone Depleting Substances,HFC-245fa,0.0,0.0,0.0,0.0,0.0,0.0,0.0,0.0,0.0,0.0,0.0,0.0,0.00123576995,0.141197084,0.129042368,0.136901741,0.275334759,0.385727158,0.5755647309999999,0.727039673,0.8370202489999999,0.882250803,0.927466163,0.903633342,0.961470217,1.04936933,1.084105971,1.1946723240000001,1.263494804,1.334869962,1.418457958,1.4930531710000001,1.5695726250000002,1.64780685,1.725183686
13_AFR,2.F,Product Uses as Substitutes for Ozone Depleting Substances,HFC-32,0.0,0.0,0.0,0.0,0.0,0.0,0.0,0.0,0.0,0.038249218,0.076498443,0.114740766,0.152980218,0.191218058,0.229454164,0.252763693,0.201446007,0.204613804,0.207781604,0.2109494,0.433799132,0.336235398,0.25090761,0.24430894,0.32580192199999997,0.412908447,0.412908447,0.412908447,0.412908447,0.412908447,0.412908447,0.412908447,0.412908447,0.412908447,0.412908447
13_AFR,2.F,Product Uses as Substitutes for Ozone Depleting Substances,HFC-365mfc,0.0,0.0,0.0,0.0,0.0,0.0,0.0,0.0,0.0,0.0053100906,0.010620183200000001,0.0159302745,0.021240368699999998,0.026550456,0.030097678,0.033928396,0.085237288,0.130198731,0.201556599,0.268891351,0.317136123,0.33307332700000003,0.364500572,0.383233349,0.389937393,0.382142039,0.393650191,0.415114165,0.449550712,0.472020269,0.498143629,0.525820116,0.551243253,0.577650914,0.603566311
13_AFR,2.G,Other Product Manufacture and Use,HCFC-141b,5.374431285000001e-05,0.0008422333000000001,0.00710351881,0.023034794690000002,0.042894984209999994,0.0635916027,0.08212318956,0.08947060595999999,0.10393293319,0.11442316576000001,0.13826349991,0.1580251742,0.175719298,0.17920073809999998,0.1881392962,0.2059039435,0.11426199690000001,0.06817016,0.0375203854,0.0375203854,0.0375203854,0.0375203854,0.0375203854,0.0375203854,0.0375203854,0.0375203854,0.0375203854,0.0375203854,0.0375203854,0.0375203854,0.0375203854,0.0375203854,0.0375203854,0.0375203854,0.0375203854
13_AFR,2.G,Other Product Manufacture and Use,HCFC-142b,0.01905861997,0.02527698451,0.02902372011,0.03110697439,0.034136850680000004,0.03756855654,0.0429384721,0.046551243449999995,0.047598172009999995,0.051286527539999995,0.06118752239,0.06276270109,0.05499128721,0.0587627021,0.06691113030000001,0.0756526909,0.0570774666,0.052512852299999996,0.0479480363,0.0455447863,0.0455447863,0.0455447863,0.0455447863,0.0455447863,0.0455447863,0.0455447863,0.0455447863,0.0455447863,0.0455447863,0.0455447863,0.0455447863,0.0455447863,0.0455447863,0.0455447863,0.0455447863
13_AFR,2.G,Other Product Manufacture and Use,SF6,0.054220000000000004,0.043719999999999995,0.044020000000000004,0.0422,0.04088,0.03879,0.03895,0.036669999999999994,0.03937,0.04109,0.04214,0.04555000000000001,0.04904,0.05262,0.057010000000000005,0.06125,0.06544,0.06938,0.07332,0.07733000000000001,0.08135,0.08534,0.08933,0.09333000000000001,0.09731999999999999,0.10131,0.10529999999999999,0.10929,0.11328,0.11727,0.12126,0.12538575600000001,0.129651887,0.133779183,0.137975896
14_CLV,2.E,Electronics Industry,C2F6,0.0,0.0,0.0,0.0,0.0,0.0,0.0,0.0,0.0,0.0,0.0,0.0,0.0,0.0,0.0,0.0,0.0,0.0,0.0,0.0,0.0,0.0,0.0,1.1493e-05,4.67073e-05,0.000133111,0.001086209,0.003648958,0.003999099,0.005287762,0.006688279,0.007701386,0.008935482,0.010151389,0.01137639
14_CLV,2.E,Electronics Industry,CF4,0.0,0.0,0.0,0.0,0.0,0.0,0.0,0.0,0.0,0.0,0.0,0.0,0.0,0.0,0.0,0.0,0.0,0.0,0.0,0.0,0.0,0.0,0.0,0.000290868,0.001182085,0.003368822,0.027490181,0.092349174,0.101210682,0.133824635,0.169269453,0.194909547,0.226142501,0.256915123,0.287917912
14_CLV,2.F,Product Uses as Substitutes for Ozone Depleting Substances,HFC-125,0.0,0.0,0.0,0.0,0.0,0.0,0.0,0.0,0.000786024,0.017271827,0.047310075,0.080762643,0.11577734699999999,0.151486557,0.194953257,0.241808044,0.249441264,0.238502902,0.239162299,0.24644474,0.218578577,0.210866309,0.216537551,0.226935667,0.237333784,0.2477319,0.274641098,0.300167151,0.329737628,0.35707287,0.384550128,0.412677788,0.440324507,0.46807505299999996,0.495773686
14_CLV,2.F,Product Uses as Substitutes for Ozone Depleting Substances,HFC-134a,0.0012832927,0.005174786000000001,0.006885509000000001,0.008583625000000001,0.029111674,0.049639722,0.070167769,0.090695818,0.111223866,0.131751913,0.301260769,0.41550747499999996,0.50423267,0.605311076,0.720467344,0.8574656359999999,0.8755792,0.893692763,0.9118063270000001,0.929919891,0.9480334539999999,0.966147018,0.984260581,1.002374146,1.164871513,1.389407916,1.6308539320000002,1.837755707,2.101578734,2.3389690069999998,2.5750073650000003,2.820757918,3.0604843120000003,3.300989413,3.541105162
14_CLV,2.F,Product Uses as Substitutes for Ozone Depleting Substances,HFC-143a,0.0,0.0,0.0,0.0009545061,0.002399818,0.005575709,0.011797765,0.018464135,0.02790502,0.039360690000000004,0.052009862999999996,0.063599509,0.076829221,0.091333101,0.103363078,0.126839497,0.139377698,0.146867967,0.156187442,0.158833811,0.156183557,0.161484473,0.16678539,0.172086307,0.17738722299999998,0.182688139,0.213211875,0.249068563,0.293176295,0.33000567999999997,0.368936948,0.408893078,0.44746533800000005,0.486618558,0.525481298
14_CLV,2.F,Product Uses as Substitutes for Ozone Depleting Substances,HFC-152a,0.0002905243,0.031849894,0.062625676,0.091719304,0.12646646,0.160841562,0.195129294,0.22688058,0.262770868,0.295771805,0.317698518,0.29949088199999996,0.319457608,0.33804593600000005,0.335003229,0.30401161200000004,0.360682201,0.417352791,0.47402338,0.530693971,0.576195091,0.58667141,0.563906876,0.580637265,0.586005878,0.583405478,0.582214647,0.622037408,0.650418171,0.672755735,0.702936098,0.729902329,0.7563970470000001,0.7842774840000001,0.811465063
14_CLV,2.F,Product Uses as Substitutes for Ozone Depleting Substances,HFC-227ea,0.0,0.0,0.0,0.0,0.0,0.0003736508,0.0015601423000000001,0.003155074,0.0062037310000000005,0.00959206,0.014802141000000001,0.020255883000000002,0.026176198,0.032452303,0.038187085,0.038986308,0.042802971999999995,0.044663916,0.044989612,0.046189041,0.047603336,0.047015511,0.046164845,0.048153413000000006,0.050574621,0.052499918,0.054900186,0.056715808,0.059465541000000004,0.061787415,0.064083158,0.066538942,0.068896742,0.071266518,0.073630306
14_CLV,2.F,Product Uses as Substitutes for Ozone Depleting Substances,HFC-245fa,0.0,0.0,0.0,0.0,0.0,0.0,0.0,0.0,0.0,0.0,0.0,0.0,0.000208775,0.023854323,0.021800863,0.023128653,0.046516004,0.065166077,0.09723789199999999,0.122828591,0.14140908900000002,0.149050495,0.15668933399999999,0.152662935,0.162434095,0.17728407499999999,0.183152604,0.201832065,0.213459172,0.225517538,0.23963918199999998,0.25224155400000003,0.265169016,0.278386175,0.291458484
14_CLV,2.F,Product Uses as Substitutes for Ozone Depleting Substances,HFC-32,0.0,0.0,0.0,0.0,0.0,0.0,0.0,0.0,0.0,0.006461955,0.012923911,0.019384700999999997,0.025845005,0.032305038,0.038764778,0.042702771,0.034032984,0.034568162,0.035103340999999996,0.03563852,0.07328752200000001,0.056804769,0.042389196999999997,0.041274395,0.0550421,0.069758178,0.069758178,0.069758178,0.069758178,0.069758178,0.069758178,0.069758178,0.069758178,0.069758178,0.069758178
14_CLV,2.F,Product Uses as Substitutes for Ozone Depleting Substances,HFC-365mfc,0.0,0.0,0.0,0.0,0.0,0.0,0.0,0.0,0.0,0.0008971052,0.0017942099999999999,0.002691316,0.0035884209999999996,0.004485526,0.005084806,0.005731981,0.014400282,0.021996223000000002,0.034051667,0.045427432000000004,0.053578071,0.056270558,0.061579985000000004,0.064744764,0.06587736899999999,0.064560395,0.066504622,0.070130819,0.075948649,0.079744734,0.084158104,0.088833866,0.093128939,0.09759034,0.101968577
15_SAS,2.B,Chemical Industry,HFC-23,0.1304,0.1389,0.134,0.17,0.1621,0.1879,0.1634,0.192,0.3002,0.3126,0.4026,0.353,0.3309,0.408,0.365,0.0501,0.0,0.0,0.0,0.0,0.0,0.0,0.0,0.0,0.0,0.0,0.0,0.0,0.0,0.0,0.0,0.0,0.0,0.0,0.0
15_SAS,2.C,Metal Industry,C2F6,0.01120707,0.01304605,0.01221669,0.01171913,0.01218076,0.00859984,0.00856207,0.00979681,0.0083988,0.00839252,0.00835948,0.006323695,0.006664461,0.007166916,0.01175569,0.012218787,0.011322191,0.009103563,0.006395985,0.00675587,0.007452144,0.007684371,0.006672985,0.006661289,0.006739347,0.009910879,0.009252748,0.01086264,0.008784351,0.008951472,0.008004425,0.007914624,0.007825831,0.007450617,0.007218614
15_SAS,2.C,Metal Industry,CF4,0.1570742,0.1828491,0.1651075,0.1583832,0.1692568,0.1171226,0.1155241,0.1352378,0.1095816,0.1077664,0.1063599,0.0785615,0.08153776,0.08617603,0.0872594,0.04545988,0.05944044,0.09477196,0.06985911,0.0611733,0.06485674,0.06914832,0.06562095,0.06280727,0.07759856,0.0985307,0.1074252,0.1261162,0.1019871,0.103927384,0.092932087,0.091889503,0.090858614,0.086502358,0.083808785
15_SAS,2.C,Metal Industry,SF6,0.0,0.0,0.0,0.0,0.00108,0.00088,0.00072,0.00072,0.00072,0.00072,0.00072,0.00072,0.00072,0.00054,0.00036,0.00036,0.00036,0.00036,0.00036,0.00036,0.00036,0.00036,0.00036,0.00036,0.00036,0.00036,0.00036,0.00036,0.00036,0.00036,0.00036,0.00036,0.00036,0.00036,0.00036
15_SAS,2.F,Product Uses as Substitutes for Ozone Depleting Substances,HFC-125,0.0,0.0,0.0,0.0,0.0,0.0,0.034221388,0.068442777,0.10385611559999999,0.163077075,0.24284937,0.431904312,0.62332812,0.815805098,1.020045769,1.229424241,1.4613371979999998,1.665087646,2.2323748389999998,2.809705416,3.3337355860000004,3.888327732,4.4632150379999995,5.045270318999999,5.627325600000001,6.209380879999999,6.8164740660000005,7.421469804,8.032598634,8.640337885,9.248292492,9.857233388,10.465444973,11.073814001,11.682104303
15_SAS,2.F,Product Uses as Substitutes for Ozone Depleting Substances,HFC-134a,0.0019460240000000002,0.007847203,0.010441395,0.013016469999999999,0.044145822,0.075275175,0.150250681,0.225226188,0.300201695,0.375177202,0.676071707,1.026549637,1.338325973,1.6688350929999998,2.0206923089999997,2.405671432,2.71544708,3.025222727,3.778246239,4.531269751,5.28429326,6.037316772,6.790340284000001,7.543363793999999,8.515335271,9.581384616000001,10.673076211999998,11.712383875000002,12.838008646,13.923549991000002,15.007041244,16.105260372,17.194344286,18.284609044,19.374283385
15_SAS,2.F,Product Uses as Substitutes for Ozone Depleting Substances,HFC-143a,0.0,0.0,0.0,0.0014474429,0.003639155,0.008455174,0.022168161,0.03655492,0.055149037,0.076798434,0.10025769600000001,0.135123392,0.172476136,0.211761064,0.247294491,0.30018565,0.346741169,0.385641854,0.470560095,0.545359037,0.612126021,0.6909503989999999,0.7697747779999999,0.848599154,0.9274235310000001,1.00624791,1.123320934,1.2484810069999999,1.386153215,1.512788316,1.6426107770000002,1.773987368,1.903265419,2.0334244530000003,2.163142995
15_SAS,2.F,Product Uses as Substitutes for Ozone Depleting Substances,HFC-152a,0.00044056,0.049350775,0.097072733,0.142243821,0.19598809,0.249168166,0.302215751,0.351416991,0.406894742,0.45799099099999996,0.49229395499999995,0.46889387099999996,0.503382545,0.535780974,0.535377447,0.492591347,0.584844133,0.677096917,0.891454966,1.105813015,1.303233341,1.4475410009999998,1.541441225,1.695232746,1.8317949260000002,1.9562726529999999,2.0828878939999997,2.271697386,2.443155885,2.605450297,2.779637763,2.959354521,3.1496023290000004,3.330986341,3.516802249
15_SAS,2.F,Product Uses as Substitutes for Ozone Depleting Substances,HFC-227ea,0.0,0.003210526,0.006421053,0.009631579,0.012842105,0.0166192465,0.022418479100000003,0.028837081,0.037460158,0.046598322,0.058499047,0.073821897,0.089852274,0.10642217899999999,0.122171209,0.130435806,0.15048666700000002,0.167571819,0.21144355499999998,0.256640245,0.302162766,0.34464921200000004,0.38673707500000004,0.43313044,0.480179874,0.526477295,0.573494974,0.61962608,0.667173698,0.7140724989999999,0.760931674,0.8110665970000001,0.8642980699999999,0.9143732600000001,0.9660265910000001
15_SAS,2.F,Product Uses as Substitutes for Ozone Depleting Substances,HFC-245fa,0.0,0.0,0.0,0.0,0.0,0.0,0.0,0.0,0.0,0.0,0.0,0.0,0.0003165926,0.036173415,0.033059488,0.035072987,0.07053827500000001,0.09881981,0.147454479,0.186260989,0.21443701799999998,0.226024678,0.237608443,0.23150268899999998,0.246319974,0.268838932,0.277738147,0.30606424499999996,0.323695943,0.341981614,0.36339610199999994,0.38250672100000005,0.40211031399999997,0.422153214,0.44197646
15_SAS,2.F,Product Uses as Substitutes for Ozone Depleting Substances,HFC-32,0.0,0.0,0.0,0.0,0.0,0.0,0.0,0.0,0.0,0.009799104,0.019598209,0.029395546,0.039192148,0.048988336,0.058784083,0.064755773,0.051608645999999994,0.052420206,0.053231768,0.054043329,0.111135415,0.086140468,0.064280261,0.062589742,0.083467506,0.10578341,0.10578341,0.10578341,0.10578341,0.10578341,0.10578341,0.10578341,0.10578341,0.10578341,0.10578341
15_SAS,2.F,Product Uses as Substitutes for Ozone Depleting Substances,HFC-365mfc,0.0,0.0,0.0,0.0,0.0,0.0,0.0,0.0,0.0,0.0013603981000000001,0.002720795,0.004081192,0.005441589,0.006801986999999999,0.007710754,0.008692149,0.021837020999999998,0.033355737999999996,0.051636978,0.068887532,0.081247407,0.085330374,0.093381751,0.098180917,0.09989843400000001,0.09790133399999999,0.100849619,0.10634849499999999,0.115170827,0.120927325,0.127619894,0.13471036,0.141223537,0.14798894099999998,0.154628231
15_SAS,2.G,Other Product Manufacture and Use,C2F6,8e-06,8.5e-06,9e-06,9e-06,9.5e-06,1e-05,1.05e-05,1.1e-05,1.1e-05,1.15e-05,1.2e-05,1.25e-05,1.3e-05,1.3e-05,1.35e-05,1.4e-05,1.43e-05,1.46715e-05,1.5043e-05,1.5043e-05,1.5043e-05,1.5043e-05,1.5043e-05,1.5043e-05,1.5043e-05,1.5043e-05,1.5043e-05,1.5043e-05,1.5043e-05,1.5043e-05,1.5043e-05,1.5043e-05,1.5043e-05,1.5043e-05,1.5043e-05
15_SAS,2.G,Other Product Manufacture and Use,C3F8,1e-05,1.05e-05,1.1e-05,1.15e-05,1.2e-05,1.25e-05,1.3e-05,1.35e-05,1.4e-05,1.45e-05,1.5e-05,1.55e-05,1.6e-05,1.65e-05,1.7e-05,1.75e-05,1.8e-05,1.85e-05,1.9e-05,1.9e-05,1.9e-05,1.9e-05,1.9e-05,1.9e-05,1.9e-05,1.9e-05,1.9e-05,1.9e-05,1.9e-05,1.9e-05,1.9e-05,1.9e-05,1.9e-05,1.9e-05,1.9e-05
15_SAS,2.G,Other Product Manufacture and Use,C4F10,2.3e-05,2.35e-05,2.4e-05,2.45e-05,2.45e-05,2.5e-05,2.55e-05,2.6e-05,2.65e-05,2.65e-05,2.7e-05,2.75e-05,2.8e-05,2.85e-05,2.85e-05,2.9e-05,2.94335e-05,2.9819e-05,3.0205e-05,3.0205e-05,3.0205e-05,3.0205e-05,3.0205e-05,3.0205e-05,3.0205e-05,3.0205e-05,3.0205e-05,3.0205e-05,3.0205e-05,3.0205e-05,3.0205e-05,3.0205e-05,3.0205e-05,3.0205e-05,3.0205e-05
15_SAS,2.G,Other Product Manufacture and Use,SF6,0.28313,0.2792,0.26334,0.22424,0.18943000000000002,0.15674,0.15634,0.1498,0.14038,0.14998,0.15752999999999998,0.17004999999999998,0.18344,0.19613,0.21006,0.22549,0.23772000000000001,0.24902,0.26126,0.27291,0.28452,0.29636,0.30816,0.31999,0.33183,0.34365,0.35547999999999996,0.36730999999999997,0.37912999999999997,0.390956667,0.40278333299999997,0.41494770599999997,0.427466593,0.439636567,0.451980999
16_APC,2.B,Chemical Industry,HFC-23,0.0,0.0,0.0,0.051,0.0578,0.0541,0.0882,0.0998,0.1407,0.1087,0.1567,0.1734,0.1457,0.1309,0.1155,0.0,0.0,0.0,0.0,0.0,0.0,0.0,0.0,0.0,0.0,0.0,0.0,0.0,0.0,0.0,0.0,0.0,0.0,0.0,0.0
16_APC,2.C,Metal Industry,C2F6,0.0082603,0.00751524,0.0081172,0.00883762,0.0095417,0.009124,0.008924,0.008696,0.0034918,0.0034813,0.0046152,0.0018792,0.0019536,0.0037487,0.0031304,0.0035322,0.0032539,0.0045999,0.00582,0.0030912,0.0032929,0.00123043,0.0010166,0.000769806,0.000793422,0.000514298,0.000490966,0.000437632,0.000484086,0.000609386,0.00061891,0.000659,0.000701687,0.000732454,0.000769181
16_APC,2.C,Metal Industry,CF4,0.07684,0.0699092,0.0755088,0.0822104,0.08876,0.075273,0.073623,0.071742,0.029546,0.029198,0.03846,0.014616,0.01628,0.021703,0.016856,0.015138,0.015018,0.029052,0.0291,0.015456,0.015198,0.0105817,0.00635375,0.00564524,0.00661185,0.00514298,0.00368225,0.00328224,0.00363065,0.004570401,0.004641829,0.004942506,0.00526266,0.005493413,0.005768866
16_APC,2.C,Metal Industry,SF6,0.0,0.0,0.0,0.0,0.0,0.0,0.0,0.0,0.0,0.0,0.0,0.0,0.04504386,0.04504386,0.059517544,0.046622807,0.03377193,0.019298246,0.006315789,0.010307018,0.0025,0.002192982,0.001315789,0.001666667,0.001447368,0.001885965,0.001798246,0.002587719,0.003552632,0.004108188,0.004878168,0.005641651,0.006337991,0.007081259,0.007801063
16_APC,2.E,Electronics Industry,C2F6,0.007256295,0.021543503,0.03583071,0.050117918,0.064405124,0.07869233199999999,0.092979539,0.107266746,0.121553954,0.135841161,0.089912059,0.125088054,0.16755603,0.189719641,0.19849539900000002,0.184214329,0.198483504,0.170434963,0.136695545,0.13148217,0.161656907,0.163101086,0.142817169,0.152622335,0.16049027300000002,0.18204652799999999,0.212296455,0.09330719,0.095969046,0.098289815,0.10033735499999999,0.10268074399999999,0.104917976,0.107127363,0.10935067200000001
16_APC,2.E,Electronics Industry,C3F8,0.000842348,0.00592932,0.011016293,0.016103265,0.021190237,0.026277211,0.031364183000000004,0.036451155,0.041538128,0.0466251,0.026004568,0.038873538,0.052588962999999996,0.055632706,0.057601492,0.048041016000000006,0.050765207,0.044827973,0.029842246000000003,0.024573814,0.029380204,0.031384994,0.025414549,0.028678504,0.032631677,0.026089791,0.022826771,0.014711568000000001,0.015895704,0.014048432,0.013124928000000001,0.012596047,0.011496162,0.010645406,0.009670085
16_APC,2.E,Electronics Industry,CF4,0.010795529,0.038606523000000004,0.066417516,0.094228509,0.122039502,0.149850495,0.177661488,0.205472481,0.233283475,0.261500422,0.162416839,0.22856161,0.314485721,0.340908024,0.352252802,0.317781233,0.342530634,0.293495063,0.21929912699999998,0.20069520500000002,0.249728653,0.25509366499999997,0.237716693,0.286125987,0.499619685,0.523424935,0.580756617,0.495569779,0.48704968400000004,0.5031817780000001,0.514054675,0.520343424,0.531343918,0.540731298,0.550925236
16_APC,2.E,Electronics Industry,HFC-23,0.000265601,0.000714302,0.001163003,0.001611705,0.002060407,0.002509108,0.00295781,0.003406511,0.003855212,0.004303914,0.0063397769999999996,0.006743221,0.009227309999999999,0.008896664,0.008122471,0.011495619,0.013216849,0.016767415,0.01325085,0.018554904,0.019656583999999998,0.017612185,0.014248866,0.020783426,0.022388257,0.019623663,0.021656366,0.019948774000000002,0.019847853,0.02085479,0.021572958,0.022114353,0.022869854,0.023541542000000002,0.024255136
16_APC,2.E,Electronics Industry,HFC-32,0.0,0.0,0.0,0.0,0.0,0.0,0.0,0.0,0.0,0.0,0.0,0.0,0.0,0.0,0.0,0.0,0.0,0.0,0.0,0.0,0.000108,8.786e-05,6.772e-05,0.000173835,0.00027995,0.000366525,0.0004531,0.000492605,0.000489997,0.000531154,0.000557172,0.000578695,0.000608261,0.000633963,0.000661597
16_APC,2.E,Electronics Industry,NF3,0.0,0.002087209,0.004174419,0.006261628,0.0083802323,0.011162003,0.013943772,0.016725542,0.019507311,0.022928616,0.010065037,0.018791023,0.031205656,0.043469919,0.051703056,0.06264845599999999,0.062304384000000004,0.049386935,0.01484584,0.039981331,0.022264878,0.032167955,0.031216124,0.056489827,0.051639881,0.052471509,0.044094654999999996,0.049885742999999996,0.053334391999999994,0.054554287,0.059026296000000006,0.062073147,0.06498606500000001,0.06846332499999999,0.071658413
16_APC,2.E,Electronics Industry,SF6,0.0,0.002188596,0.004450755999999999,0.006788135,0.009125516,0.011462895,0.013800275,0.016137655,0.018475034999999997,0.025900133000000002,0.04394804,0.047192011,0.055942664999999996,0.076866032,0.093579208,0.120005636,0.117356401,0.101177641,0.095953751,0.083320082,0.10133695999999999,0.08812012,0.088263367,0.098505281,0.08739997099999999,0.077521603,0.07512321699999999,0.060312205,0.052426055,0.048674332,0.044691680000000004,0.039484839,0.0351711,0.030670022,0.026262615000000003
16_APC,2.E,Electronics Industry,c-C4F8,4.71138e-05,0.0024571986,0.0048672843,0.007277369099999999,0.009687453799999999,0.0120975386,0.014507624,0.016917709,0.019327794,0.021737879,0.011379502,0.017752938,0.024134599,0.024742136999999997,0.025701003,0.020418692,0.021436288999999997,0.0195892418,0.0120647013,0.00941091,0.010568302,0.010646271,0.006870164999999999,0.00841957,0.010428212999999999,0.011872371999999999,0.015353826,0.015538476,0.019279785,0.021748923,0.023880621999999997,0.026661336999999997,0.029121854,0.031579498,0.034038578
16_APC,2.F,Product Uses as Substitutes for Ozone Depleting Substances,HFC-125,0.0,0.0,0.0,0.0,0.0,0.0,0.0,0.0,0.0057295361,0.125898931,0.344855688,0.588700338,0.843931797,1.1042256990000001,1.421066004,1.762602983,1.818243552,1.738510921,1.743317448,1.7964010940000001,1.593277242,1.553147294,1.60084293,1.679003141,1.7481392439999999,1.8311752829999999,2.0250260620000002,2.209922197,2.435710193,2.63722183,2.841287087,3.05174205,3.257086,3.4637073899999997,3.669690061
16_APC,2.F,Product Uses as Substitutes for Ozone Depleting Substances,HFC-134a,0.009354258899999999,0.037720391,0.050190308,0.07037236499999999,0.223918782,0.37942623,0.5378777429999999,0.700749124,0.969633604,1.184808479,2.411829804,3.368744222,4.095485701,4.9638954,6.1164818,7.157035764,7.29106192,7.48813302,7.690490759,7.856846115,8.064109367,8.18117136,8.191023173000001,8.38160966,9.677090551,11.270448979,13.047492552,14.656776383999999,16.510890433,18.257704251000003,19.994441485,21.773663181,23.527920769,25.284659609000002,27.040157822999998
16_APC,2.F,Product Uses as Substitutes for Ozone Depleting Substances,HFC-143a,0.0,0.0,0.0,0.0069576493,0.017492905500000003,0.040642818,0.085997036,0.134589982,0.203407094,0.286910511,0.379113686,0.463593696,0.560028579,0.665751202,0.753440896,0.924566747,1.0159610140000002,1.070559574,1.138491695,1.157781784,1.1384633819999999,1.17710317,1.215742955,1.254382741,1.293022527,1.3316623129999998,1.554157923,1.815526834,2.137039797,2.405498959,2.6892793050000003,2.980530128,3.2616935700000003,3.547091773,3.830372597
16_APC,2.F,Product Uses as Substitutes for Ozone Depleting Substances,HFC-152a,0.00211771091,0.232162327,0.456495171,0.668566344,0.921847578,1.172416817,1.4223491959999999,1.653792733,1.91540657,2.15595915,2.315788784,2.183068494,2.328611259,2.464106513,2.441927413,2.21602129,2.7131082539999998,3.042195216,3.455282182,3.868369143,4.200038881,4.27640355,4.110466818,4.232419067,4.271552310000001,4.252597306,4.243917022,4.53419569,4.741070604,4.903895036,5.123887709,5.320451713,5.51357875,5.716806656,5.914984126
16_APC,2.F,Product Uses as Substitutes for Ozone Depleting Substances,HFC-227ea,0.0,0.0,0.0,0.0,0.0,0.00272363612,0.0113722938,0.022998171300000002,0.04522064,0.069919071,0.10789674099999999,0.14765050400000002,0.190805255,0.259224254,0.313448965,0.388529369,0.382188552,0.403828009,0.408065446,0.380783549,0.374943657,0.359478725,0.354520221,0.35472970600000003,0.369894063,0.385480862,0.402977051,0.414658808,0.43532346,0.451937659,0.46825786199999997,0.48612421299999997,0.5030577980000001,0.520097845,0.53708466
16_APC,2.F,Product Uses as Substitutes for Ozone Depleting Substances,HFC-245fa,0.0,0.0,0.0,0.0,0.0,0.0,0.0,0.0,0.0,0.0,0.0,0.0,0.00152181665,0.173880484,0.15891227200000002,0.168590881,0.339067495,0.47501282499999997,0.708792788,0.895330183,1.030768369,1.086468602,1.142150125,1.112800631,1.184025216,1.292270657,1.335047922,1.471207464,1.555960534,1.64385716,1.7467935730000002,1.8386556079999998,1.932887301,2.0292306790000003,2.1245182160000002
16_APC,2.F,Product Uses as Substitutes for Ozone Depleting Substances,HFC-32,0.0,0.0,0.0,0.0,0.0,0.0,0.0,0.0,0.0,0.047102905,0.094205811,0.141300228,0.188391101,0.235479995,0.28256675800000003,0.311271824,0.248075445,0.251976506,0.25587756500000003,0.259778626,0.534212194,0.430151854,0.331429376,0.325668876,0.419366807,0.533877609,0.531580099,0.53041007,0.540651009,0.542908809,0.546685046,0.552110038,0.555929714,0.560270015,0.564350004
16_APC,2.F,Product Uses as Substitutes for Ozone Depleting Substances,HFC-365mfc,0.0,0.0,0.0,0.0,0.0,0.0,0.0,0.0,0.0,0.0065392378,0.0130784755,0.0196177132,0.026156952900000002,0.032696191,0.037064498,0.041781929,0.104967472,0.16033630599999998,0.248211636,0.33113260899999997,0.39054477499999996,0.41017102,0.44887284299999997,0.47194176200000004,0.480197617,0.470597846,0.484769832,0.511202148,0.55360985,0.581280518,0.613450746,0.647533614,0.678841534,0.711361873,0.7432760030000001
16_APC,2.G,Other Product Manufacture and Use,HCFC-141b,0.00010758577000000001,0.0018578776000000002,0.017582183,0.06378907,0.12855688,0.19529697,0.2496328,0.27475042,0.31250575,0.35332601,0.41959377099999995,0.45105421999999995,0.4877181,0.45984716999999997,0.45725666000000004,0.461637,0.0960361,0.0185144,0.0199376,0.0199376,0.0199376,0.0199376,0.0199376,0.0199376,0.0199376,0.0199376,0.0199376,0.0199376,0.0199376,0.0199376,0.0199376,0.0199376,0.0199376,0.0199376,0.0199376
16_APC,2.G,Other Product Manufacture and Use,HCFC-142b,0.03815157,0.05575845,0.07183782,0.08614318,0.10230845,0.11537635,0.13052213,0.14295193,0.14311806,0.15836746,0.1856885236,0.17914590300000002,0.15263092,0.15079077000000002,0.16262195999999998,0.16961335,0.10825557,0.08333088999999999,0.058406110000000004,0.04594372,0.04594372,0.04594372,0.04594372,0.04594372,0.04594372,0.04594372,0.04594372,0.04594372,0.04594372,0.04594372,0.04594372,0.04594372,0.04594372,0.04594372,0.04594372
16_APC,2.G,Other Product Manufacture and Use,SF6,0.1294200877,0.14629008770000002,0.1464300877,0.1352500877,0.1216000877,0.1113900877,0.1012719298,0.08984421050000001,0.0806960526,0.0825878947,0.07338008800000001,0.0805798246,2.03431,2.04157,2.153760175,1.6120700000000001,0.8833178070000001,1.071639298,1.01924886,0.832273246,0.372432544,0.392689825,0.340640088,0.310805702,0.30216956100000003,0.290114622,0.249429683,0.25058,0.32651,0.338886666,0.35126444500000004,0.382606937,0.418197865,0.444634931,0.47564892699999994
17_ANZ,2.B,Chemical Industry,HFC-23,0.0962624,0.0962624,0.09008,0.12364,0.069376,0.06144,0.0,0.0,0.0,0.0,0.0,0.0,0.0,0.0,0.0,0.0,0.0,0.0,0.0,0.0,0.0,0.0,0.0,0.0,0.0,0.0,0.0,0.0,0.0,0.0,0.0,0.0,0.0,0.0,0.0
17_ANZ,2.C,Metal Industry,C2F6,0.06728100000000001,0.0673567,0.0670029,0.06501077999999999,0.06193862,0.04787481,0.05041236,0.048713594,0.047420746,0.048655351,0.044642947,0.030139825000000002,0.036744305,0.034714924,0.047668666,0.044027258,0.042625523,0.035405711,0.021958888,0.013756035,0.014958824999999999,0.011706433,0.008929953,0.007832783,0.006624648,0.006742194,0.005383639,0.004958155,0.005214046,0.005073742000000001,0.004986903,0.004882922,0.004781718,0.004684377,0.004585104
17_ANZ,2.C,Metal Industry,CF4,0.5082286,0.5088364,0.5045930000000001,0.482522,0.46019730000000003,0.3030075,0.3186244,0.31203875,0.29898327,0.30986731,0.28321918,0.18723497,0.22464267,0.20759189,0.19668673,0.14164378,0.14872955,0.23739611,0.14535167999999998,0.08591342,0.08689276000000001,0.08253881,0.062498229999999995,0.05225356,0.04892478,0.05182172,0.044027880000000005,0.040536260000000005,0.04263521,0.04147972,0.040787241,0.039932438,0.039100416,0.038307315999999994,0.037494754
17_ANZ,2.C,Metal Industry,SF6,0.00012,0.00012,0.00012,0.00012,0.00012,0.00012,0.00048,0.00037,0.000273,0.00027,0.0001,0.0,0.0,0.0,0.0,0.0,0.0,0.0,0.0,0.0,0.0,0.0,0.0,0.0,0.0,0.0,0.0,0.0,0.0,0.0,0.0,0.0,0.0,0.0,0.0
17_ANZ,2.E,Electronics Industry,HFC-23,0.0,0.0,0.0,0.0,0.0,0.0,0.0,0.0,0.0,0.0,0.0,0.0,0.0,0.0,0.0,0.0,0.0,0.0,0.0,0.0,0.0,0.0,0.0,0.000143,0.0001358,0.0001599,0.000144,0.000304,0.000347,0.000409367,0.000497822,0.00056243,0.00063424,0.000709197,0.000782581
17_ANZ,2.E,Electronics Industry,SF6,0.0,0.0,0.0,0.0,0.0,0.0,0.0,0.0,0.0,0.0,0.0,0.0,0.0,0.0,0.0,0.0,0.0,0.0,0.0,0.0,0.0,0.0,0.0,0.0,0.0,0.0,0.0,0.0,0.0,0.0,0.0,0.0,0.0,0.0,0.0
17_ANZ,2.F,Product Uses as Substitutes for Ozone Depleting Substances,HFC-125,0.0,0.0,0.0,0.0,0.0013868160000000001,0.01383647,0.03883368,0.063261523,0.08482504,0.124989649,0.161294676,0.22167969,0.276349053,0.345972337,0.42173830700000003,0.234915658,0.28581666699999997,0.34139835700000004,0.40393835699999997,0.50545092,0.559644093,0.649878427,0.694524096,0.78286987,0.864418871,0.897139615,0.9610062,0.990088875,1.017748395,1.077415819,1.114906642,1.169163432,1.21963511,1.267041541,1.3159805960000002
17_ANZ,2.F,Product Uses as Substitutes for Ozone Depleting Substances,HFC-134,0.0,0.0,0.0,0.0,3.22045e-07,2.16608e-05,5.37917e-05,9.06613e-05,0.000127167,0.0001914,0.000225789,0.000314687,0.00037876,0.000483802,0.000554913,0.000576506,0.000678998,0.000677443,0.000773236,0.000869683,0.001169996,0.001341291,0.001319972,0.001507126,0.001488203,0.001739604,0.002036741,0.00400194,0.004011811,0.004518462,0.005345702,0.005793623,0.00638756,0.007010592,0.007619077
17_ANZ,2.F,Product Uses as Substitutes for Ozone Depleting Substances,HFC-134a,0.0,0.0,0.0002,0.000326,0.005076447,0.054876695,0.120344111,0.215920006,0.300470633,0.438783402,0.5523434979999999,0.739112178,0.8990240509999999,1.109664241,1.320897484,1.118763914,1.337872483,1.5206896040000002,1.618186144,1.7499290809999999,1.811809672,1.986276228,2.080635382,2.186980686,2.464749707,2.702161413,2.7216767080000004,2.635295132,2.6205212270000002,2.8029715,2.8666307790000003,2.921030661,3.021200473,3.093943464,3.180399865
17_ANZ,2.F,Product Uses as Substitutes for Ozone Depleting Substances,HFC-143a,0.0,0.0,0.0,0.0,0.0003983937,0.002563308,0.007582028,0.010251859,0.01521476,0.021263384000000003,0.025588367,0.033032372000000004,0.043692484000000004,0.05582103,0.067890901,0.221624556,0.265587844,0.331295508,0.379465835,0.43877864699999997,0.47204100600000004,0.557918235,0.61018886,0.596703983,0.599916969,0.631984719,0.692762257,0.680996096,0.663647942,0.683446611,0.705100465,0.7049477860000001,0.718714399,0.730470329,0.7432316010000001
17_ANZ,2.F,Product Uses as Substitutes for Ozone Depleting Substances,HFC-152a,0.0,0.0,0.0,0.0,0.0004,0.0012,0.0004,0.00024,0.0004,0.0016732,0.0,0.00091,0.0,0.0,0.0,0.025734925,0.029900091,0.036853562,0.033376918,0.035407946,0.04125192,0.045788385,0.062203926,0.065196547,0.068752213,0.077341825,0.082093662,0.092705735,0.093131036,0.104076281,0.111526753,0.117800425,0.126023555,0.133339314,0.141108758
17_ANZ,2.F,Product Uses as Substitutes for Ozone Depleting Substances,HFC-227ea,0.0,0.0,0.0,0.0,3.361824e-05,0.0007048351,0.0016843713,0.0028205875,0.0039564251,0.005923743,0.0070131379999999995,0.009728783000000001,0.011718428,0.014911718999999999,0.017153415,0.014249171,0.012790194,0.014373255,0.017037288,0.027562106000000003,0.027917368,0.026667995,0.019744531,0.038771048,0.031824657,0.035018349,0.027305103,0.031166269,0.031247058999999997,0.034501076,0.03664316,0.038376836,0.040753428,0.042837546000000004,0.045067901
17_ANZ,2.F,Product Uses as Substitutes for Ozone Depleting Substances,HFC-23,0.0,0.0,0.0,0.0,1.01686e-07,6.83946e-06,1.6987e-05,2.86316e-05,4.01647e-05,6.04544e-05,7.1275e-05,9.95476e-05,0.000145766,0.000235969,0.000175509,0.000317272,0.000788849,0.037692776,0.038074499,0.039709766,0.035120939,0.038480739,0.037559427,0.042176775,0.031316077,0.035273107,0.03463665,0.04361229,0.043721092999999996,0.049302489000000005,0.054143799,0.0576543017,0.0622987039,0.0666307755,0.0711190134
17_ANZ,2.F,Product Uses as Substitutes for Ozone Depleting Substances,HFC-236fa,0.0,0.0,0.0,0.0,0.0,1.56865e-08,3.47706e-08,5.42631e-08,7.66613e-08,1.08032e-07,1.35341e-07,1.94691e-07,2.48762e-07,3.12736e-07,3.7046e-07,0.004882904,0.001301251,0.001252319,0.001265998,0.001495301,0.001549923,0.001584754,0.00150387,0.001128345,0.000847567,0.00080663,0.000920272,0.001143273,0.001205585,0.001243487,0.001376128,0.001464042,0.001564309,0.001671249,0.001774852
17_ANZ,2.F,Product Uses as Substitutes for Ozone Depleting Substances,HFC-245fa,0.0,0.0,0.0,0.0,0.0,0.0,0.0,0.0,0.0,0.0,0.0,0.0,0.0,0.0,8.00847e-05,0.030784474,0.032828526000000004,0.028126314,0.021980931999999998,0.024431915,0.031695583,0.047842141,0.047058703,0.053061292,0.07587347600000001,0.091592714,0.09494441999999999,0.087248302,0.08781516,0.09884039,0.124314343,0.125447045,0.126738037,0.13603725200000003,0.141332356
17_ANZ,2.F,Product Uses as Substitutes for Ozone Depleting Substances,HFC-32,0.0,0.0,0.0,0.0,9.18633e-06,0.0007682694,0.001990755,0.003300879,0.004837985,0.007724637,0.009950596999999999,0.013730028,0.017689259,0.021281211999999997,0.027310293,0.027373522999999997,0.039160339,0.068441207,0.09809317699999999,0.120217117,0.14350011,0.20299956400000002,0.21504997599999998,0.205551135,0.247893275,0.322617488,0.397253853,0.46846891,0.45324858700000004,0.53503766,0.54234032,0.607880155,0.659424011,0.700886127,0.747389114
17_ANZ,2.F,Product Uses as Substitutes for Ozone Depleting Substances,HFC-365mfc,0.0,0.0,0.0,0.0,0.0,0.0,0.0,0.0,0.0,0.0,0.0,0.0,0.0,0.0,5.1e-05,0.008294651,0.0231824,0.024909495,0.036982074999999996,0.046860044999999996,0.060984701,0.063945857,0.058488753,0.058013087,0.057169478999999995,0.064105926,0.063242063,0.061278972,0.061388412999999996,0.06884523000000001,0.06991248600000001,0.072773066,0.07656795000000001,0.07914219,0.082326753
17_ANZ,2.F,Product Uses as Substitutes for Ozone Depleting Substances,HFC-43-10-mee,0.0,0.0,0.0,0.0,2.35947e-07,1.58699e-05,3.94106e-05,6.64232e-05,9.31692e-05,0.00014023,0.000165424,0.000230555,0.000277499,0.000354458,0.000406558,0.0,0.0,0.0,0.0,0.0,0.0,0.0,0.0,0.0,0.0,0.0,0.0,0.0,0.0,0.0,0.0,0.0,0.0,0.0,0.0
17_ANZ,2.G,Other Product Manufacture and Use,C2F6,2.4e-05,2.4999999999999998e-05,2.65e-05,2.75e-05,2.9e-05,3e-05,3.1e-05,3.25e-05,3.35e-05,3.5e-05,3.6e-05,3.7000000000000005e-05,3.85e-05,3.9500000000000005e-05,4.1e-05,4.2e-05,4.33e-05,4.45285e-05,4.5757e-05,4.5757e-05,4.5757e-05,4.5757e-05,4.5757e-05,4.5757e-05,4.5757e-05,4.5757e-05,4.5757e-05,4.5757e-05,4.5757e-05,4.5757e-05,4.5757e-05,4.5757e-05,4.5757e-05,4.5757e-05,4.5757e-05
17_ANZ,2.G,Other Product Manufacture and Use,C3F8,3e-05,3.2e-05,3.3e-05,3.5e-05,3.6e-05,3.8e-05,3.9e-05,4.1e-05,4.2e-05,4.4e-05,4.4999999999999996e-05,4.7e-05,4.8e-05,4.9999999999999996e-05,5.1000000000000006e-05,5.3e-05,5.44e-05,5.5942999999999996e-05,5.7486e-05,5.7486e-05,5.7486e-05,5.7486e-05,5.7486e-05,5.7486e-05,5.7486e-05,5.7486e-05,5.7486e-05,5.7486e-05,5.7486e-05,5.7486e-05,5.7486e-05,5.7486e-05,5.7486e-05,5.7486e-05,5.7486e-05
17_ANZ,2.G,Other Product Manufacture and Use,C4F10,6.9e-05,7e-05,7.15e-05,7.25e-05,7.400000000000001e-05,7.500000000000001e-05,7.6e-05,7.75e-05,7.850000000000001e-05,8e-05,8.1e-05,8.2e-05,8.35e-05,8.450000000000001e-05,8.6e-05,8.7e-05,8.83e-05,8.95285e-05,9.075700000000001e-05,9.075700000000001e-05,9.075700000000001e-05,9.075700000000001e-05,9.075700000000001e-05,9.075700000000001e-05,9.075700000000001e-05,9.075700000000001e-05,9.075700000000001e-05,9.075700000000001e-05,9.075700000000001e-05,9.075700000000001e-05,9.075700000000001e-05,9.075700000000001e-05,9.075700000000001e-05,9.075700000000001e-05,9.075700000000001e-05
17_ANZ,2.G,Other Product Manufacture and Use,HCFC-141b,0.00040095969999999996,0.0067766879999999995,0.06368287,0.21881080000000003,0.42231280000000004,0.6310846999999999,0.7444649999999999,0.7737774,0.896822,0.981084,1.0257910000000001,1.1221160000000001,1.198221,1.126803,1.085074,1.074063,0.1661063,0.0,0.0,0.0,0.0,0.0,0.0,0.0,0.0,0.0,0.0,0.0,0.0,0.0,0.0,0.0,0.0,0.0,0.0
17_ANZ,2.G,Other Product Manufacture and Use,HCFC-142b,0.1421859,0.2033813,0.2601971,0.2954894,0.3360856,0.3728302,0.3892468,0.4025942,0.4107182,0.4397393,0.4539571,0.4456713,0.3749825,0.36949560000000004,0.3859034,0.3946289,0.2447973,0.1790734,0.1133493,0.08048725,0.08048725,0.08048725,0.08048725,0.08048725,0.08048725,0.08048725,0.08048725,0.08048725,0.08048725,0.08048725,0.08048725,0.08048725,0.08048725,0.08048725,0.08048725
17_ANZ,2.G,Other Product Manufacture and Use,SF6,0.018430678,0.020079359,0.021735966000000002,0.023379509,0.025021849999999998,0.026794561,0.024640956000000002,0.023010693000000002,0.020833670000000002,0.018330801,0.017329391,0.018111963999999998,0.018921214,0.019418441999999998,0.019905545,0.017626344000000002,0.016370445,0.015307977,0.014210488,0.013146715,0.011706293000000001,0.010447483,0.01031873,0.009367514,0.009121884,0.009395138,0.009640673999999998,0.009022194999999998,0.010455505,0.010738507,0.009033689,0.008740516,0.007952686,0.00702408,0.006165861
