Region,ipcc_code_2006_for_standard_report,ipcc_code_2006_for_standard_report_name,Substance,Y_1970,Y_1971,Y_1972,Y_1973,Y_1974,Y_1975,Y_1976,Y_1977,Y_1978,Y_1979,Y_1980,Y_1981,Y_1982,Y_1983,Y_1984,Y_1985,Y_1986,Y_1987,Y_1988,Y_1989,Y_1990,Y_1991,Y_1992,Y_1993,Y_1994,Y_1995,Y_1996,Y_1997,Y_1998,Y_1999,Y_2000,Y_2001,Y_2002,Y_2003,Y_2004,Y_2005,Y_2006,Y_2007,Y_2008,Y_2009,Y_2010,Y_2011,Y_2012,Y_2013,Y_2014,Y_2015,Y_2016,Y_2017,Y_2018,Y_2019,Y_2020,Y_2021,Y_2022,Y_2023,Y_2024
01_KOR,1.A.1.a,Main Activity Electricity and Heat Production,CO2,7890.265628,7890.265628,9212.364461,11409.14303,12167.54766,17586.06584,18373.7866,20822.64705,22806.64491,24289.07278,25527.92899,27427.29223,28231.2611,30469.9573,39079.90576,38361.23225,38083.33354,35243.56202,45106.14374,46710.73109,51406.46885,60366.73643,69066.91532,78921.988,92222.42693,103487.8316,118808.6278,135380.3775,119895.6413,130252.8389,156281.3575,167604.1844,174829.4894,179027.5532,203227.2403,206062.0044,215701.2875,227443.3755,239708.0954,253563.5339,288215.2234,316543.6123,321785.6967,321761.6465,311620.4224,309539.8283,310507.0514,326884.8649,344299.5992,324160.3588,291465.315,299702.477,283966.057,271983.1273,264122.8701
01_KOR,1.A.1.bc,Petroleum Refining - Manufacture of Solid Fuels and Other Energy Industries,CO2,1906.767653,1906.767653,1986.05737,2737.304232,3738.915161,3085.854184,4851.328127,5333.538752,6190.402079,8921.120964,9870.487712,12488.10387,14128.17345,14478.38295,11246.82509,10889.42929,9210.337668,10360.64979,12797.54354,15247.14476,15411.29042,19401.96851,21358.47697,23302.57567,23447.22246,24711.8009,30757.2481,32949.51654,33264.90129,34073.17564,30754.13634,31162.75098,30160.69921,30413.90862,31397.40092,25569.46975,30790.86966,31000.621,33159.87308,31471.15384,36754.41048,40138.1904,39532.36515,41246.22045,47643.8562,46275.42463,46689.13559,43907.42208,46639.17773,46727.37241,44321.31921,44775.71523,42470.67056,43524.97785,42423.02736
01_KOR,1.A.2,Manufacturing Industries and Construction,CO2,15728.43271,15728.43271,15158.92974,18543.20193,19438.53523,19948.45829,22770.6361,21901.83283,25225.25639,29927.83546,29316.18619,29592.26866,27335.45506,27641.16713,27216.79542,27270.09178,28568.48741,31552.24448,36453.7001,39623.79092,52106.93244,61466.48951,66350.22863,72075.07051,77030.07491,76940.79475,74483.14565,72884.16713,62737.79952,69746.57026,78072.14559,77231.35247,80237.92116,82140.95921,79387.18631,80697.19685,77588.9671,82093.75885,84499.48442,80713.11236,93038.6881,92479.42716,84234.15974,80037.40366,73476.22639,80075.63123,75434.66266,76848.43347,78075.60783,71069.32382,69737.14024,74416.22798,66274.37981,62382.76853,61852.61182
01_KOR,1.A.3.a,Civil Aviation,CO2,0.0,0.0,0.0,871.037993,721.182077,624.399881,883.525958,1145.773881,1161.383986,1002.161951,646.253972,889.769944,1130.16407,1501.68186,1582.853944,1267.532014,1770.174056,1860.711972,1723.344028,2122.959895,5711.107952,5496.526382,4926.470026,5102.959961,5659.870276,6335.014208,6069.240727,6544.859628,5774.360641,6124.524915,6264.84064,6382.565462,6653.014326,6299.742678,6621.049173,3725.706835,2924.028143,3111.751421,824.0731356,801.8010357,1018.160129,1466.776707,2446.871487,2004.401993,3080.014634,3678.143415,3706.443765,3941.908534,4028.035997,3306.462067,2910.709135,4850.29225,4780.993024,2560.363674,2884.124835
01_KOR,1.A.3.b_noRES,Road Transportation no resuspension,CO2,2165.329027,2165.329027,2127.915918,2303.686071,1564.18019,1504.537975,1626.267229,2303.963704,2811.231658,3361.611565,2915.062609,6924.359829,8209.985757,11641.76207,13224.88308,15004.92975,17204.53139,19685.26026,23629.85889,27231.57465,31873.49653,36633.89866,41598.67696,46952.18844,52839.75796,59965.01593,65802.12608,66398.77632,54643.10037,59776.65576,65998.67402,69215.01569,74371.7368,76635.57238,77264.24315,78263.98959,79147.61245,81731.85988,79535.94705,80689.42046,82546.50975,82325.93272,83828.75023,87671.90715,88485.79171,93651.35027,95711.87449,97754.88456,96084.74784,101190.5285,94578.47259,96681.44551,99980.04576,101404.1323,104899.9787
01_KOR,1.A.3.c,Railways,CO2,116.4429792,116.4429792,50.45868454,46.57718978,85.3917779,81.51028314,52.39944138,17.46634802,10.4562799,5.22814468,8.71356816,671.2751255,686.9181164,705.0956291,779.3638868,761.8799266,774.3658731,805.6512051,837.3582837,837.2177014,884.5677422,897.1942784,916.1342384,963.3433931,921.7447571,931.2145814,921.6724114,924.9014689,909.1182208,949.9356777,975.3355721,981.7213415,981.7213415,1003.818006,858.6114681,808.1050193,738.6583066,678.6820334,666.0551933,590.2953607,571.3554081,520.8489593,520.8489593,460.8723822,385.1125496,350.3893489,306.1960126,296.7261956,296.7261956,281.1457672,247.8916814,220.496069,185.8856209,163.7570023,169.3162907
01_KOR,1.A.3.d,Water-borne Navigation,CO2,735.2844426,735.2844426,735.2844426,919.9299523,1252.951076,919.9299523,764.9597574,1625.539397,1500.244192,2855.409747,1978.343961,2643.253432,2580.674365,2293.232978,2170.150607,2198.786291,2642.226816,4562.319441,4598.294869,4897.002182,5268.516823,6009.692623,7077.006056,8478.827151,4620.723973,4550.77888,2918.387702,3448.847122,3580.121721,4661.10935,4156.755216,3726.767519,3999.585102,3999.03711,3793.343259,2807.693777,2771.688076,2718.93236,2784.953567,2618.136359,2149.033392,767.5158106,720.3000839,663.6909974,417.9569408,685.2767959,1445.724822,1333.6084,1003.339514,1212.479703,998.7398129,1283.077497,370.7766527,355.8404349,383.0806793
01_KOR,1.A.3.e,Other Transportation,CO2,3472.326089,3472.326089,3077.743404,3409.192793,3478.639201,4075.247986,4602.410369,6815.228881,8355.679094,9845.622547,8974.384239,0.0,0.0,0.0,0.0,0.0,0.0,0.0,0.0,0.0,0.0,0.0,0.0,0.0,529.7418199,691.1641731,656.0801376,747.9116928,258.3661971,286.2644863,381.4795313,693.9420693,374.109056,364.6640822,374.7366327,415.8211224,324.1954376,343.2053103,321.4023044,293.1366053,274.1242999,3.29729418,3.29729418,3.29729418,6.45400605,9.53837225,6.31342374,3.15671187,6.45400605,4.19799816,0.0,0.0,589.3521177,605.5085951,626.0646439
01_KOR,1.A.4,Residential and other sectors,CO2,20453.71454,20453.71454,21778.04364,26921.13355,28068.60073,28598.62393,30708.16656,36332.08178,37713.63901,39539.02923,43560.13365,48496.3112,46644.78844,48040.5114,53835.24076,57607.06173,61239.05448,61839.57413,64452.49802,63683.5541,65598.18861,63779.68909,65451.46439,68534.23888,68091.13135,74105.96722,78832.00676,80532.11532,62261.99389,72763.48772,70228.89215,68019.54564,68074.40903,66072.75533,62067.59283,64751.18598,59454.05776,57644.53455,56647.47344,56045.46507,59698.51103,58485.9536,56923.81658,55008.54191,48421.17247,50234.18585,52861.63936,52921.43771,53114.02514,50253.59482,50963.31104,49378.42772,47672.61316,44863.8047,46944.74795
01_KOR,1.A.5,Non-Specified,CO2,473.4989111,473.4989111,726.0317704,1073.264407,1107.987616,1303.593609,1777.112135,2335.850811,1647.698954,1508.825752,2802.165764,2246.404454,2274.423443,2387.192328,2302.031934,2368.656466,2596.769899,2475.217256,2387.233986,2873.43703,3167.909935,3805.93513,3797.366764,4295.758199,7294.088506,8442.502314,6988.365933,5928.024564,4463.198205,5591.437183,4350.001511,3526.353188,3188.413728,3499.269465,3325.810127,3517.83055,2807.903443,2925.377989,2630.215508,2907.697479,3116.029326,3487.222387,3546.56021,3464.480186,3676.253499,4083.90679,3090.529514,4187.212355,4068.140325,3607.142084,3210.628162,2965.960433,3020.32137,2255.511325,2332.082329
01_KOR,1.B.1,Solid Fuels,CO2,2833.00785,2833.00785,2938.711768,3663.223871,3890.214927,3844.410181,4797.710243,5241.929158,1798.234969,2755.823886,1652.71841,2032.453588,1808.79723,5149.427958,13258.87315,17342.72406,17212.67857,14847.49731,15024.42164,14273.58404,2082.37209,2372.423661,2390.573055,2579.713471,2553.929788,2604.395471,2538.779216,2392.38337,2452.373136,2436.16016,2591.493746,2512.994131,2555.184102,2416.296258,2498.686669,1184.385393,1119.743961,1461.702831,1432.769325,1445.724313,1997.281898,2262.061966,2559.531816,680.6421322,5812.931289,4223.807997,4687.4928,3044.956724,1485.159331,1692.572578,2194.824739,3332.360101,2206.867097,2366.205427,2542.486531
01_KOR,1.B.2,Oil and Natural Gas,CO2,0.007078834,0.007078834,0.007287364,0.008115201,0.007969868,0.00818275,0.009409641,0.011240066,0.012255869,0.013591652,0.012904856,0.012682075,0.012001552,0.012764907,0.013351555,0.01466879,26.8266411,23.6454095,13.75277872,20.97659547,0.025750406,0.032533641,0.040166867,0.046071433,0.049927217,0.056123754,70.97563804,25.098038,16.73510876,20.94499774,0.077427086,0.075457715,0.070989842,0.069769207,0.076049261,0.07971909,186.693721,198.7307473,571.9567031,635.1720638,1270.257308,1691.791921,1917.684644,439.6892005,192.8823135,243.7056811,671.4194763,1180.838153,934.7323638,1425.348734,2543.133427,3472.337171,4457.05081,3902.964088,4038.02455
01_KOR,2.A.1,Cement production,CO2,2855.32,3393.78,3206.06,4040.92,4366.96,4989.4,5878.6,7014.8,7459.4,8101.6,7706.4,7706.4,8860.5,10543.5,10098.0,10168.0,11656.0,12922.0,14711.2,15307.6,16882.2,19678.4,22510.8,24170.3,26883.6,29172.0,30601.6,31898.7,24571.3,25931.6,27804.6,27612.0,28860.0,30132.8,26987.1,24980.4,26784.0,26256.6,24402.4,22995.9,20343.18,20264.58,18744.8,18207.035,18207.576,20193.072,23321.88206,21864.55883,19644.23576,18903.54202,17739.87379,18615.70493,19062.95374,19039.80731,19413.13686
01_KOR,2.A.2,Lime production,CO2,56.55,57.3,62.625,68.025,71.475,74.85,81.675,44.925,44.925,44.925,157.875,149.7,149.7,149.7,149.7,149.7,149.7,149.7,170.1,170.1,172.5,180.0,180.0,187.5,187.5,187.5,193.575,199.575,205.65,211.65,217.725,223.7715,2268.0,2684.25,2680.5,2700.0,2775.0,2925.0,3000.0,0.0,0.0,3825.0,3900.0,3750.0,3825.0,3825.0,3825.0,3900.0,3900.0,3900.0,3825.0,3900.0,3825.0,3825.0,3825.0
01_KOR,2.A.3,Glass Production,CO2,1.571855,1.604395,1.63797,1.671765,1.70459,1.735655,1.764535,1.79161,1.81781,1.844485,1.872555,1.902315,1.9333,1.96477,1.995645,2.025095,2.052975,2.07942,2.104255,2.127335,2.148615,2.167935,2.18541,2.20156,2.217125,2.23265,2.248365,2.264195,2.27998,2.295415,2.310315,2.324615,2.33848,2.352165,2.366025,2.380295,2.39508,2.410255,2.42549,2.44035,2.4545,2.467835,2.480425,2.481242447,2.49307923,2.504972479,2.515066975,2.52520215,2.535378167,2.54620531,2.444357098,2.54620531,2.54620531,2.496279716,2.545226377
01_KOR,2.A.4,Other Process Uses of Carbonates,CO2,53.31912694,53.31912694,56.28289615,56.10484025,64.55073017,84.45889929,103.1605127,113.4162362,117.0359033,135.7375167,147.8030738,133.9276832,123.0686819,153.2325745,164.6948536,166.5046872,175.5538549,222.0062496,232.1865587,247.3876688,277.3331069,288.2558898,319.7693182,319.8111977,348.4595374,356.0708325,366.6198928,355.8355314,297.7263019,342.8905175,350.1292986,352.9610312,344.8500421,409.7269257,484.4037194,476.0317799,459.3605547,443.1518499,442.2297577,399.8939079,423.5176571,444.5148498,407.5972449,410.6539075,426.6083559,434.1250733,445.6614603,437.7994515,436.4705173,423.3123168,406.3798241,423.3123168,423.3123168,415.0120753,423.149567
01_KOR,2.B,Chemical Industry,CO2,1623.701883,1809.874863,1742.332012,1793.807101,1907.754641,1972.896708,2179.519088,2606.480594,3445.725634,3852.061449,3830.632979,3003.415256,2652.849923,2722.911774,2636.114761,2584.00453,2621.565315,2963.924479,3141.409284,3799.701173,5787.254521,8434.717387,11222.12455,9352.137202,10326.46949,9669.046036,10705.8597,12221.9244,12759.15028,11575.6756,11526.47123,11286.77291,11327.18236,11672.52297,11941.80242,12261.45243,12163.79084,12995.3434,13448.93489,14098.40108,14165.75931,14317.47481,15075.90789,15539.66234,15792.95332,15767.33248,16280.1813,16744.98175,16584.81578,17112.87048,22833.18301,24490.09402,24555.35889,20892.93175,21450.21608
01_KOR,2.C,Metal Industry,CO2,1192.582596,1114.196919,1218.714273,1220.407339,1131.254296,1312.203673,1425.336403,1317.903092,1253.430198,1914.574836,1404.516107,2065.226629,1624.945378,1581.516128,1812.230237,1825.641001,1859.081494,2036.481101,2336.872771,2568.834432,2432.505262,2357.432218,2612.227183,3006.854073,3041.843778,3237.301885,3919.230922,3657.637035,3382.173199,3525.514686,3637.679772,3659.143641,3732.806757,3628.594713,3889.183394,5353.598269,5425.100808,4773.655733,6005.242947,4835.819951,5090.133692,6150.778458,6378.593608,8045.978459,6596.902236,7803.924007,7010.124556,7167.492691,7272.297496,7090.945131,6642.407839,7105.669034,6595.397204,6728.140809,6525.785086
01_KOR,2.D,Non-Energy Products from Fuels and Solvent Use,CO2,227.9242858,232.6809361,238.069651,243.0358244,247.3555858,253.2665678,260.5933474,265.2085298,270.1271403,276.8053249,282.2302932,288.5878203,290.9553381,295.9944386,301.3749351,311.2696839,321.7742676,318.30109,352.6427932,407.1556397,412.4998572,374.7146616,388.8655239,372.7346739,389.2189305,396.3993725,439.9885698,735.6089142,668.3648502,713.8000156,760.7057013,748.1329232,717.4179823,781.9164225,815.2966781,826.8159343,837.6917874,725.9841849,784.2350806,810.253837,842.2569498,973.4511095,997.9431685,724.1214095,744.5309876,756.4907306,763.6058432,831.8204158,860.7384507,867.9650912,962.843192,1375.894968,1352.723251,1392.550768,1472.444487
01_KOR,3.C.2,Liming,CO2,0.0,0.0,0.0,0.0,33.31428572,98.05714289,61.60000002,62.22857145,60.97142859,37.0857143,25.77142858,19.48571429,14.45714286,28.28571429,28.28571429,31.42857144,30.80000001,44.00000001,42.74285716,42.74285716,42.74285716,33.94285715,20.74285715,28.28571429,25.14285715,25.14285715,25.14285715,62.85714288,37.71428573,27.02857144,28.28571429,26.40000001,23.25714286,23.88571429,48.40000001,23.25714286,17.60000001,19.48571429,18.85714286,18.85714286,18.85714286,18.85714286,18.85714286,39.18095239,52.38095238,45.88571429,43.16190477,52.17142858,47.77142858,44.41904762,44.62857143,55.31428572,44.83809524,44.83809524,44.83809524
01_KOR,3.C.3,Urea application,CO2,413.7570676,413.7570676,413.7570676,413.7570676,509.1427646,552.8284709,396.4713565,373.6856463,434.0284925,396.1570708,410.2999254,369.7570756,249.2285261,304.8570874,329.2142259,338.1713671,340.6856523,345.2427944,357.0285065,383.8999302,384.99993,340.6856523,356.2427924,323.7142269,331.5713683,318.999942,311.1428006,369.2856471,307.999944,285.3713767,270.1285223,293.2285181,186.999966,183.0713953,215.2856751,186.2142519,163.4285417,160.2856851,149.2856871,141.4285457,133.5714043,122.5714063,125.7142629,314.2856571,298.5713743,377.1427886,392.8570714,361.4285057,111.2571226,109.2142659,103.3999812,108.7428374,90.51426926,36.33142197,14.58302909
01_KOR,4.C,Incineration and Open Burning of Waste,CO2,135.4622939,135.4622939,142.9631959,150.6137861,158.3552915,166.1407853,174.8863436,183.6733925,192.5554999,201.6263719,210.9576932,220.1978439,229.7109843,239.4055402,249.133668,258.7817446,268.9386119,278.9946943,289.0522991,299.2819233,327.4951321,440.0243557,545.8784954,665.064,702.9803573,957.0989237,1084.555421,1202.027498,1124.077089,1311.245034,1749.889715,1848.970055,1581.172267,1593.253229,1590.284697,1365.973671,1516.816466,1348.336407,1333.298665,1296.273102,1267.908696,1399.229221,1539.751491,1570.992764,1420.457869,1542.731775,1612.364182,1619.723227,1600.144548,1604.744598,1609.117998,1614.102206,1619.052263,1618.91807,1618.783888
02_CHN,1.A.1.a,Main Activity Electricity and Heat Production,CO2,134248.713468,134248.713468,144987.789685,156221.30676500002,152790.481553,181663.146451,188013.19712599998,212142.71611399998,277253.700393,302847.235774,319111.439046,319240.18090200005,330364.23167,349066.28502,381066.69336,411099.81561,444830.81899,494302.14234,551708.16356,601470.9304899999,664498.01993,732412.1695000001,810685.0414,921604.8155,989644.64634,1083033.8458200002,1231153.21273,1210661.53853,1282879.97555,1316527.03357,1449898.40314,1531468.42452,1712769.8780399999,2026559.33151,2234207.88378,2405679.04838,2718865.35805,2965032.43973,2994502.3700900003,3177324.77463,3508848.04283,3989229.23928,4110287.08719,4382606.15137,4426238.410569999,4298463.67985,4442920.41952,4736492.61854,5102289.50084,5268367.98881,5398656.49422,5966614.52063,6095136.35958,6509718.2299999995,6600665.73861
02_CHN,1.A.1.bc,Petroleum Refining - Manufacture of Solid Fuels and Other Energy Industries,CO2,5710.725396,5710.725396,6900.522201,8688.155102,10917.62637,15070.3314,16768.13951,18852.10155,29515.96096,30586.6635,47066.20992,42142.62647,42148.00671,42079.8177,44566.95916,54434.38026,56937.90721,60156.10613,69159.74392,97955.69408,85282.18395,89264.95778,96269.34022,106028.2083,115438.0496,126203.6857,121211.9058,137992.2634,149097.1596,136146.2051,146631.9189,152783.27712272998,152577.3686,180920.3207,170124.6948,177510.1502,210493.2416,238394.7062,243826.3833,308482.4761,350014.7743,362688.2417,367770.2938,388856.9664,293478.8333,322278.2221,282696.9645,324676.1753,304758.1686,347640.73687140003,304009.9885,306165.2296,370015.7659,382767.1093,383198.1044
02_CHN,1.A.2,Manufacturing Industries and Construction,CO2,382841.26112599997,382841.26112599997,404629.730905,414253.459555,429025.996247,497585.847304,527636.569597,600763.413299,654437.547444,639953.368846,603252.702668,583446.447979,614834.307363,648212.408624,714208.095372,659817.498962,689159.008521,735552.933217,774884.8207490001,768481.472757,748245.8777889999,781048.160212,811568.696838,864562.683933,906731.117442,1073138.498463,971346.260287,963768.5377529999,1028251.765534,877373.112051,889394.8136329999,943015.202745,982387.85413,1121559.859598,1475729.029239,1908921.52519,2056460.5027170002,2243638.003756,2381556.370075,2573210.040566,2818519.797496,2978673.18008,3017543.053918,3039369.195519,3061864.656379,2972168.0171950003,2831770.751383,2662880.2194450004,2749981.844417,2763580.5151649998,2804717.4481264,2759453.3963331003,2710712.0110907997,2739786.9458192997,2793553.3346106
02_CHN,1.A.3.a,Civil Aviation,CO2,0.0,0.0,0.0,0.0,0.0,0.0,0.0,0.0,0.0,0.0,102.0448429,207.2784213,312.5123073,417.7458929,522.9794713,628.2133572,733.4469357,838.6808216,943.9144,1049.147986,1717.434955,3061.782581,3897.374645,3854.207486,4338.296098,5719.643844,7267.493519,9669.435762,9114.429967,12543.13285,12684.96782,12327.29733,16517.59172,17279.18293,20171.38022,19292.621,19314.20458,22826.15842,25144.8497,27732.004825699998,33815.4859057,33278.9803157,36701.83317725,41918.993869950005,46876.941137249996,53903.93217725,61023.424287249996,69234.7726389,75645.5188907,81646.50278615,81217.87410044999,86605.25981575,43920.49242265,88179.03718749,95370.60528809
02_CHN,1.A.3.b_noRES,Road Transportation no resuspension,CO2,14691.0089345,14691.0089345,17045.780298,19831.5657467,23683.5929597,25497.4299157,25792.3825596,27945.040775999998,30840.539191,34595.696515999996,33526.728982,32276.218885000002,33977.793508,37583.019948,40932.706527,41804.463038,45415.654907,49085.642992999994,54664.022337999995,57165.832829,63113.990404,73673.408464,83579.044131,99160.996799,92898.015371,100496.702469,120634.568866,113619.344998,118876.58855,125430.78141,196324.31913000002,201363.27447,215727.078476,241425.522581,291116.74026500003,317740.750232,344902.378178,372024.41586400004,419090.535702,426817.215677,469661.87463000003,521742.007108,575149.598625,616816.556934,640128.6011709999,699697.203786,707558.6611380001,723729.995514,791596.129032,779100.042917,740749.273095,795068.169523,752818.5018930001,759902.748239,755805.559332
02_CHN,1.A.3.c,Railways,CO2,25382.71039,25382.71039,26769.47675,27159.37011,26875.68246,31960.53508,32420.15401,36904.85287,30817.28562,31388.39823,29201.75761,31103.69902,32022.74718,31915.34889,32789.35819,32141.14064,31387.07213,30055.5651,29629.23861,29451.32371,25974.79169,22437.44859,19328.6418,17221.16633,13937.14911,11530.71808,9811.89994,6721.544546,5063.783532,3547.601672,12752.65489,11851.77741,12354.11981,15001.44245,18236.67045,19540.42007,19382.19796,19375.86933,19739.77996,17755.67579,16847.48116,15679.80269,14597.56392,13439.37886,11822.34978,10005.96082,9803.436788,9575.70777,9569.904072,8456.157131,8568.2484527,8954.7639229,8897.4898544,8884.9239315,8812.3588917
02_CHN,1.A.3.d,Water-borne Navigation,CO2,458.8198196,458.8198196,628.8717689,673.7913815,574.3269071,635.288814,699.4595548,680.2084267,760.4214618,0.0,0.0,0.0,0.0,0.0,0.0,0.0,0.0,0.0,0.0,0.0,7835.35921417,6939.319977,10578.193492729999,12614.53108,12897.35962,16075.00404,37276.38598,22131.27423,18028.0939,29549.0853,37111.98305,37538.78488,38446.34461,45695.63631,44548.69029,44219.15146,53698.31576,56332.50422,44655.47164,47897.98545,50547.05065,52689.4468,60337.84526,69249.92261,71735.72988,65616.47651,67920.35698,76436.1588,74882.56712,76740.28156,73762.0194713,79892.5939584,78989.5708153,83161.4377044,69999.59916669999
02_CHN,1.A.3.e,Other Transportation,CO2,6213.383967,6213.383967,7175.304531,8285.120391,9090.249809,9266.300304,9617.714438,10279.71747,11485.34809,11701.67775,10527.37701,9999.007056,10870.71356,11897.92931,12721.37492,14599.20089,20147.17601,22193.23588,23700.52868,24956.6828,98.30410854,98.30410854,78.6129861,0.0,149.0477518,1060.087508,1920.815443,1170.842926,958.8254863,1579.05578,1169.226285,1263.922234,1379.067631,1484.122691,2305.630145,2634.411465,2932.355926,3393.90984,3777.087286,4013.571255,4470.01977,4911.085146,5659.887741,6177.65614,6359.811039,6523.996575,6771.755998,7182.026106,7196.596646,6617.401099,6572.735412,6884.094896,6802.401214,7111.419782,7121.425503
02_CHN,1.A.4,Residential and other sectors,CO2,205548.397098,205548.397098,217712.00424009998,223357.81234530002,224619.722713,260513.2058972,264704.769646,299091.67421,321257.593345,327994.2715159,304635.83977990004,312492.5703808,323353.296039,340240.3548214,365977.30362,404634.0328766,415380.4184224,432374.11189,462208.448869,457034.793848,473848.679899,474337.49508599995,446598.429861,458742.762577,432913.86865799996,465632.874562,377231.80286,456440.470646,411072.291394,421935.886828,323954.807055,331182.650678,342513.85801699996,375674.06128100003,428823.260175,450883.811071,473467.901472,484935.73752900003,466897.744993,477519.015017,506103.48760399997,534449.097946,554495.543021,581430.6455100001,593317.927818,625237.176412,636680.412833,646059.942083,600637.7412449999,563535.6659489999,558738.710949,545847.726041,530902.665235,530011.177175,541725.821196
02_CHN,1.A.5,Non-Specified,CO2,14320.91563,14320.91563,15101.98839,15321.82854,15160.4398,18024.88433,18284.80926,20813.52557,30894.70647,31469.65027,31092.47663,41478.21895,43753.33448,45021.48244,50241.55481,31540.39362,45628.93352,46718.58793,50335.17317,50853.07036,52434.71333,55053.15055,55048.25902,59691.41377,66726.92258,54114.87933,28362.17477,36735.13704,38841.41213,40651.68542,49237.05465,51896.49752,56929.32063,65945.57699,70044.74327,74439.14053,75223.8978,78035.60452,81362.32427,84529.88088,85766.42328,92171.40426,97090.41029,101927.5176,98480.47463,98432.62254,94707.26129,83825.04519,72081.99421,62496.3372,60975.64424,53233.20549,46088.10774,46170.75575,46749.02211
02_CHN,1.B.1,Solid Fuels,CO2,13251.15216,13243.34655,14485.10834,15681.62803,16328.31875,18085.55818,18799.56899,21165.17804,26344.03063,28001.05591,25608.58728,22112.30564,23847.22994,26108.60654,31704.2585,22697.77336,28365.36902,31058.51825,26284.93987,31801.22918,31791.83439,34015.73781,24994.49219,14563.44068,38621.02011,26283.4652,15689.94033,42568.1941,18282.74796,21304.78006,50523.37338,40671.11691,40917.10435,67247.12226,67062.56159,67922.91373,87742.93201,88205.15661,91221.45375,108836.9655,128317.5485,135816.1286,152317.9834,162476.7012,207566.3649,232131.5218,227953.4622,248842.0792,285474.0363,328367.9997,346989.8517,360470.6946,369821.4163,383976.0776,400648.5898
02_CHN,1.B.2,Oil and Natural Gas,CO2,1022.15530729,1022.15530729,1315.24501215,1620.01976131,2088.60345251,2433.79078575,2443.01915641,2789.89903985,3500.17790801,3934.2557704,3912.6017672,3650.152437,3362.0266965,3709.3518587000003,4537.8520935,12465.873727600001,12952.4568249,12069.095334900001,13692.3396735,12918.5009737,12772.234781030002,13077.3555873,13623.3813931,13016.7528219,13146.407855,10987.20263,13508.8085383,13648.4004579,12310.7548537,12766.6117416,12869.4358549,12743.3189246,12255.5611706,12360.328261300001,12145.9838878,13350.1354422,14735.3290129,14365.277904100001,14477.777531,15565.524411800001,14734.0601515,14317.2744762,13643.5885808,13645.5083175,11993.8160316,11246.1475704,9384.4172697,10090.236919500001,9347.9071142,9500.7471507,11423.3858798,11114.2584066,10107.6406757,10283.6185239,9792.2479727
02_CHN,2.A.1,Cement production,CO2,12957.62,15680.347160000001,17329.096070000003,17998.1027,17750.19022,21819.5461,21824.18747,25761.398110000002,29791.19431,33281.35818,35567.273440000004,36410.32862,41126.884229999996,46068.55377,51709.05638,60383.75097,67757.91459999999,74733.64742,83031.824,81802.17478,80464.10555,92308.03905,114103.89180000001,134135.23179999998,153532.54080000002,172121.2936,177860.4053,187075.3855,199587.25960000002,213859.1438,222331.47710000002,246027.9768,274750.9254,313624.4107,342152.8669,398007.09949999995,454827.2041,497853.8141,513392.087,558658.7647,618624.6419,677553.819,678549.0534999999,714802.8952,733295.7588,694244.6821999999,716347.5396,728413.9238412,751064.5966127,789277.187688,815456.9385325001,810592.9259325,730566.651288,692899.6031206,627974.9003726001
02_CHN,2.A.2,Lime production,CO2,34282.8,34705.5,37967.7,41226.825,41739.825,37781.4,40102.875,39987.75,41185.275,42306.75,39077.025,37476.9,39119.175,42129.975,45761.85,49256.85,54948.975,59241.975,62563.275,64837.2,69848.175,74743.275,85207.35,89383.675,93560.0,90000.0,90000.0,90000.0,90000.0,90000.0,90000.0,90000.0,90000.0,90000.0,90000.0,85620.0,98902.5,112185.0,125467.5,138750.0,142500.0,150000.0,165000.0,172500.0,172500.0,187500.0,217500.0,217500.0,225000.0,232500.0,232500.0,232500.0,232500.0,232500.0,232500.0
02_CHN,2.A.3,Glass Production,CO2,161.90011,166.073888,170.1610205,174.10238,177.8387755,181.33376500000003,184.5618905,187.5426665,190.346729,193.07751499999998,195.82008399999998,198.568403,201.3274405,204.20456049999999,192.5430949,180.7198824,168.7047771,156.3710871,143.5313754,130.0152509,115.7507015,117.525867,119.140729,151.874199,186.36113949999998,221.318425,256.62697499999996,292.1794035,327.950843,363.994937,400.379725,494.61435700000004,589.8593880000001,686.1237080000001,830.0683648,975.5047738999999,1122.433997,1270.9039285,1327.035519,1334.1574635,1341.3196785,1348.5222105,1355.745093,1355.763419834,1363.00666509,1370.288612906,1376.0824005870002,1381.900686137,1387.743573651,1394.139605415,1424.082158076,1413.741323704,1266.745940704,1209.932523704,1096.492970324
02_CHN,2.A.4,Other Process Uses of Carbonates,CO2,7182.46574,7182.46574,7210.339953,7208.665339,7666.354842,8091.57845,8686.235138,8741.133423,8900.985,9450.769122,9535.245,9561.168969,10060.86398,10101.28359,10156.78515,10690.715,10746.97184,10927.95519,11521.15827,11780.56774,12322.475,12861.64,13138.56909,13718.948806105,14489.55028422,14485.277941095,14948.501656569999,15750.34978593,15826.720101705,15811.938362895,16770.447305585003,17235.68977,18542.51943,19614.371627015,21282.371478060002,22105.842899735002,23490.260600319998,25298.914929115002,26148.8985703,27126.397298925,28465.47736298,30667.681250694997,31715.086115165,32628.156371474997,33953.371299455,33247.268203235,33608.81020202,35016.0413179,34344.713482775,34588.970894113,35638.019240105,35681.727642587,32745.468012587,31276.415182587003,28343.041421206
02_CHN,2.B,Chemical Industry,CO2,6611.928365,7684.90318,8920.436041,10130.37171,11039.38926,11401.98028,15021.04144,19556.09903,23649.5615,26457.538,29199.53817,28710.65849,36290.88918,39095.90369,38140.78822,40608.03339,42976.6486,42527.57333,47642.53454,48545.23544,51870.34666,54131.53032,53166.99164,55802.38524,59578.38027,68069.01333,71672.62437,76509.39325,77637.76323,82614.29582,82300.86326,83496.99843,91143.03132,97389.4353,105644.2728,121371.2412,136722.1789,149192.4106,143395.5161,148970.295,157590.2972,174734.4593,183344.5536,190894.437,199378.0269,202549.9288,208645.911,197989.5713,193596.4523,200272.6239,209236.2089,218159.6296,221949.1535,234226.2427,237892.0575
02_CHN,2.C,Metal Industry,CO2,20161.6359164,19374.852006399997,20807.9359043,21039.784135500002,18638.2462196,17735.272565500003,16527.281601699997,15515.8456196,16044.530284299999,17570.602741699997,15328.418834299999,14193.3618668,11074.2270068,10083.6460396,12538.1742868,12546.966535500002,12483.2343468,13866.5974368,15174.7072668,16189.6986147,16100.3533668,17317.5022547,18335.7036747,20452.858276799998,23529.426386799998,26305.4836947,25338.68929,26394.92507,26345.17875,26933.01236,31495.65907,36607.60226,42055.00254,53982.48948,68694.09844,82596.81898,103491.5047,125335.5928,130653.9743,145639.8438,144030.4734,158504.381,175839.3327,201295.0238,246350.6795,204943.2216,192944.0995,196825.0029,214347.9201,231379.8928,237319.8162,237805.2279,237243.3943,240895.796,244685.3865
02_CHN,2.D,Non-Energy Products from Fuels and Solvent Use,CO2,2798.4810241699997,2848.1930042599997,2938.73371868,3059.04144083,3223.0165906,3398.06134449,3402.29483418,3628.23513229,3838.5328612999997,3870.46185999,3944.16206139,3711.7165104,3705.59496574,3637.72617843,3774.68123607,3827.90869839,3917.25909868,4132.27636904,4557.14709777,4641.5787959,4466.335512799999,4843.409656,5153.5609343,5358.2457194,6071.523886399999,6507.467651,7405.6957132,8496.1204694,9455.61694,10055.2241311,10911.2051612,11340.504582500002,12109.748274700001,12980.65184282,14938.5446045,15747.9305381,16707.309871700003,17626.0942261,18319.8827945,19292.7348099,16114.058057,17012.050119199997,17511.3760008,17466.38605,18034.8571639,18516.764452800002,19492.657334199997,20668.9155736,21339.9541718,22244.4696105,22149.16998984,22156.13779166,22078.81718271,23748.839545889998,24351.89166842
02_CHN,3.C.2,Liming,CO2,2807.619048,2807.619048,2807.619048,2807.619048,2816.0,3335.619048,3394.285715,3784.000001,3331.428572,4012.380953,3947.428572,3748.380953,3639.428572,3742.095238,4249.142857,3256.0,3141.809524,3487.104762,3562.32381,3580.238096,4232.380953,4514.190476,4365.428572,3610.095238,4928.0,5952.571429,5766.095238,4942.666667,4859.904762,4478.571429,3727.428572,3617.428572,6546.571429,5711.619048,4286.857143,2862.304762,2997.028572,2658.857143,2670.380953,4070.0,3835.333334,3983.257143,4563.638095,5254.857143,5419.333334,5084.514286,3655.142857,4153.390476,4095.561905,3787.142857,3581.180953,3537.180952,3688.457143,3688.457143,3688.457143
02_CHN,3.C.3,Urea application,CO2,1830.713953,1830.713953,1830.713953,1830.713953,1357.714039,2349.285287,2341.428146,3048.570874,4494.284897,5792.284661,6867.141609,6599.9988,7219.141545,8207.569936,9035.712643,9150.426908,8779.569832,10929.28373,12832.28338,13011.42621,13564.56896,13699.71179,14684.99733,12198.99778,12953.28336,17659.71107,18868.13943,18303.99667,18934.13941,20969.13904,20400.28201,21079.13902,24580.28125,23530.56715,25691.28104,18255.75382,20506.03913,18824.45372,17790.92534,20538.88198,17534.78253,20622.63911,20749.45337,21255.13899,17168.48259,19566.32501,14550.64021,11008.32657,11282.38366,13344.72615,12699.96912,12378.14061,12625.48342,12948.91479,13280.63161
02_CHN,4.C,Incineration and Open Burning of Waste,CO2,163.309135209,163.389349124,167.278525979,171.030672578,174.60959328899997,177.99439496099998,185.143254694,192.21983997700002,199.272884401,206.384776438,213.63062915499998,224.404921227,235.40589742699999,246.757400161,258.62770368400004,271.136218672,284.57918997900003,298.726953077,313.350422382,328.074186986,342.591065876,359.262285636,375.68434891,391.869010807,407.884746436,423.787767507,440.674509549,457.46156406999995,473.88596674,490.580802749,507.569088569,529.271303462,551.2201278020001,573.424842483,596.0118134129999,634.051730792,941.240562748,1248.53632237,1555.832082192,1863.12624192,2170.42040143,2477.71456016,2785.00871967,2867.98392667,2951.13078967,3034.12832167,3113.02039667,3191.58542558,3269.57215157,3346.8690790699998,3423.35333756,3493.2302159399997,3559.9993201400002,3633.68209905,3708.8919076499997
02_CHN,5.B,Fossil fuel fires,CO2,28380.0,28380.0,28380.0,28380.0,28380.0,28380.0,28380.0,28380.0,28380.0,28380.0,28380.0,28380.0,28380.0,28380.0,28380.0,28380.0,28380.0,28380.0,28380.0,28380.0,28380.0,28380.0,28380.0,28380.0,28380.0,28380.0,28380.0,28380.0,28380.0,28380.0,28380.0,28380.0,28380.0,28380.0,28380.0,28380.0,28380.0,28380.0,28380.0,28380.0,28380.0,28380.0,28380.0,28380.0,28380.0,28380.0,28380.0,28380.0,28380.0,28380.0,28380.0,28380.0,28380.0,28380.0,28380.0
03_JPN,1.A.1.a,Main Activity Electricity and Heat Production,CO2,265643.4263,243672.3494,254526.0926,304744.0791,298399.6589,290094.593,296890.1892,326524.3253,325787.5126,330699.1599,303556.4987,298588.0344,271177.6938,279906.089,311927.706,295123.0073,296200.7412,298401.7652,328272.6064,341813.2872,388233.8568,389335.6866,394620.0506,377056.4265,417141.2622,405998.9753,411597.4343,404550.4228,388352.6604,413799.4747,424267.9699,417651.12,447513.9868,466507.951,460964.834,469954.8567,458760.9355,508394.0631,486030.1801,457726.0525,499326.4131,559558.7628,609446.5012,619328.7379,589899.4679,563600.9893,562433.1491,547810.6281,518223.9833,494369.7243,479722.2806,491014.3027,469358.8346,440779.9834,432368.5096
03_JPN,1.A.1.bc,Petroleum Refining - Manufacture of Solid Fuels and Other Energy Industries,CO2,37073.01826,39623.16182,42257.37489,51225.83627,50241.12932,46513.70002,49814.52891,48764.1397,45853.94887,45769.77046,43716.58992,40995.5284,51569.12991,47759.84244,47842.87261,48617.51727,45788.29149,44439.52065,46689.44144,47072.72832,49246.56795,48694.96587,48726.94701,50166.40202,51561.25838,51229.55766,51534.61919,53150.79847,52363.24012,53209.45971,50802.74188,49211.95093,49202.35144,48739.10245,48817.90426,48423.47379,48197.89718,49957.30044,45837.79892,45215.01876,47607.45578,45309.99818,45176.13412,45210.0936,43972.11064,43247.26126,41450.73594,38858.2287,39869.86434,38469.47937,33294.36555,33605.36616,33497.88951,32647.41437,31431.08881
03_JPN,1.A.2,Manufacturing Industries and Construction,CO2,260174.3267,262255.4269,275640.9018,300157.6883,296431.8349,269340.1497,273240.0901,261073.0448,243653.5556,253733.019,241020.1885,224170.2946,229315.9734,220600.5463,233258.4856,231374.4317,222963.9129,220600.5854,231158.8264,236407.0496,259486.2737,257771.7302,253383.1011,251836.9858,254265.2487,259181.3532,258521.9036,251375.5653,228090.5377,231137.6434,235742.2944,230618.0409,232842.9453,229933.3841,229047.3712,231100.1832,231839.5616,228521.3685,208954.6288,197329.9159,209159.1206,215924.8172,212446.2335,213271.6118,207001.3259,199420.7469,192878.7424,193409.2679,192635.5325,185293.8747,170229.1761,178136.2355,170585.9072,163833.7144,161041.8927
03_JPN,1.A.3.a,Civil Aviation,CO2,2968.289205,3216.823967,3783.474241,4267.518357,4589.711748,5191.002666,5264.302415,5773.800496,6353.476766,7072.074188,7489.062835,7154.97892,7002.255171,6801.983916,7139.249387,7454.30247,7839.234287,7992.018348,8272.012191,8672.852994,7301.394025,7913.409738,8452.368008,8857.398235,9330.846412,10477.81637,10281.84664,10952.3668,10917.4706,10736.07445,10801.15871,10848.63409,11060.4881,11191.13131,10786.98324,10924.11214,11307.92074,11002.12251,10396.5897,9895.017598,9299.87636,9105.875771,9634.290149,10211.2101,10253.399,10169.05307,10269.84501,10452.53605,10584.28357,10553.24321,5281.359438,6856.746043,9700.061083,10221.11731,10241.81087
03_JPN,1.A.3.b_noRES,Road Transportation no resuspension,CO2,72725.60159,80203.96038,85910.88166,94187.84087,93044.64129,98155.76668,104866.194,110415.5618,119046.5631,125855.8058,127871.5433,129310.7423,125220.0336,130795.6575,133405.4707,135697.8723,140827.36,146630.357,154424.746,165905.948,190272.0483,199479.4589,203862.4137,208767.3532,220123.3767,226711.6871,231872.2349,232463.8932,233467.6181,236105.134,235363.1542,237883.0007,233044.2855,231066.8613,232595.679,229676.2362,225777.9532,219358.567,211742.487,206946.2609,208259.6591,203035.0256,199930.8307,196823.4907,190744.9225,190534.6637,187926.2575,185984.3741,183367.0325,179810.3501,165219.7853,165939.8908,166322.1957,166315.9976,157503.8512
03_JPN,1.A.3.c,Railways,CO2,7924.696728,5511.538586,5758.34457,5151.910664,4913.989616,3623.948102,3725.523308,3856.914722,4118.495666,4130.419297,3996.293222,3378.968211,2941.457354,2553.738044,2537.954484,2307.518608,2414.844922,2200.191976,2102.335486,2017.105836,950.9063117,940.2797305,915.5028838,865.0544751,856.7624629,836.369142,824.625872,794.5539915,788.8657359,743.0735463,721.8720756,691.3212254,682.6851132,644.6840485,668.4493485,663.8891327,637.6108583,639.991088,616.4952288,602.6780101,583.9525454,566.1235667,565.5910728,547.7734383,532.2393432,530.8566236,506.4729699,527.7441061,499.1485049,497.748786,475.2237735,475.2237735,475.2237735,475.2237735,450.1163648
03_JPN,1.A.3.d,Water-borne Navigation,CO2,10599.88533,13018.16792,11725.04936,14131.83008,17274.68774,18167.7157,17856.26688,17740.58272,17931.2345,18078.43452,17887.55253,13839.01451,13125.55857,12301.32512,14161.16027,13666.8552,13547.93737,13918.30171,14970.9392,16006.08088,13437.98887,13996.73687,13788.49155,13628.73762,13931.37363,14425.46202,15293.93451,16260.68191,14488.33372,14415.01849,14657.75511,14199.02988,14327.99793,13937.51887,12742.1086,12753.51298,12410.28883,11908.6886,11054.36113,10192.17825,10506.86171,10320.26751,10568.58782,10444.90737,10436.87426,10108.57855,10205.63725,10085.49947,10058.28303,9945.811423,9509.397105,9842.818555,9959.936427,9397.874132,6704.444774
03_JPN,1.A.3.e,Other Transportation,CO2,316.5349858,333.0211239,342.9130064,352.8045639,240.6985277,323.1295664,300.04884,540.7473677,487.9916438,425.3440451,224.2123897,313.2376916,243.9958219,201.1316555,184.6455174,184.6455174,240.6985277,161.5647832,204.4289497,204.4289497,0.0,0.0,0.0,0.0,0.0,0.0,0.0,0.0,0.0,0.0,0.0,0.0,0.0,0.0,0.0,0.0,0.0,0.0,0.0,0.0,0.0,0.0,0.0,0.0,0.0,0.0,0.0,0.0,0.0,0.0,0.0,0.0,0.0,0.0,0.0
03_JPN,1.A.4,Residential and other sectors,CO2,79706.12573,83855.42369,87329.86296,99837.63625,97029.40142,94791.53627,99824.24147,100245.7196,104770.0329,104234.4229,97849.81168,100956.0262,119619.9789,125217.4872,136260.8107,131770.305,136422.6805,137060.0559,150722.3286,146410.16,138284.5627,140508.2718,144785.4864,150386.483,146152.0378,154698.321,154400.1082,154121.6186,157798.2725,165046.0499,168292.2988,168452.2746,175135.3908,169811.6342,170036.5023,170512.538,163238.4527,158250.2434,147187.6045,141046.3898,140906.5623,138436.0456,134543.4789,138508.0929,132014.8216,128674.9116,125934.4219,130133.4511,122649.3045,122304.2808,120568.1899,113787.6952,110501.1591,103814.8356,100291.3457
03_JPN,1.A.5,Non-Specified,CO2,14412.59885,17940.59423,21013.37931,23520.4598,23633.20938,23597.8527,24653.08441,26192.92863,27708.46844,27873.90145,27001.399,27884.83528,36.60526122,39.38224488,38.57425902,37.36251585,42.86597634,41.55323073,158.9424751,185.6012961,109.7386004,130.0606879,146.3181291,146.3181291,142.2540691,154.447436,3156.195042,3753.996804,3310.970577,3227.218495,3251.665117,3363.341153,5402.923197,5437.19289,5663.436121,4791.400743,4674.331505,4744.942459,4419.015401,4362.077248,3503.143487,3122.56955,3316.524826,3269.583989,3305.396566,3289.07446,3261.146932,2965.830839,2831.944372,2550.337004,2537.670049,3385.966484,3265.949201,3392.423243,3504.519017
03_JPN,1.B.1,Solid Fuels,CO2,13692.26272,13274.63469,14635.35106,10613.36359,25229.41186,17082.23239,17024.4157,16090.75507,15346.31852,15354.98212,38487.86957,46428.17087,38690.38408,36420.05436,41825.41899,39809.74652,39108.79385,35802.8073,37921.44302,38997.10338,20805.87966,19248.76697,16803.16286,16619.74391,13138.7766,12551.05351,11843.61269,10227.9238,8187.738547,9424.750762,9701.368263,9165.758631,9518.711167,9055.063917,9509.548234,12976.15246,13358.82557,12600.35776,12681.51052,12538.12848,12577.50406,11494.75018,10906.80342,11831.53216,11660.7657,11316.69706,11408.76214,11290.57607,12052.18842,11395.10576,10203.99818,11670.56544,11365.62797,10577.07533,10281.6537
03_JPN,1.B.2,Oil and Natural Gas,CO2,164.1197983,156.5756863,266.6798069,180.7326291,133.0610254,235.1137184,227.9450218,271.4837591,271.4679383,309.9413641,349.5403948,368.2599213,282.4156042,410.7354479,363.9895946,436.0652693,319.6908828,373.4318472,359.2289484,109.8540428,1458.217458,1600.405879,1625.898923,1713.950702,1647.549111,1784.44085,1678.498434,1564.745782,1463.286592,1487.916682,1325.219935,1218.136244,1183.552875,1052.662717,1022.405358,936.1776304,720.2794392,710.857949,660.7093227,651.9341381,703.7853194,744.5922082,750.6948725,777.1548143,795.7882811,699.091133,708.9073836,766.7564126,769.4942099,737.7922119,736.0553217,783.9892925,926.5110175,863.0069571,245.7348922
03_JPN,2.A.1,Cement production,CO2,28256.8,29284.2,32619.6,38347.1,35819.0,32029.5,33525.6,35599.7,41261.4,42583.0,42592.0,40873.6,38816.7,38751.1,37714.2,34700.4,33867.5,33938.4,36627.2,37538.7,39651.36024,41337.40821,42688.84214,42236.70976,43335.66881,43176.77163,43604.53567,40906.41805,36230.88344,35869.75444,36154.56,35219.08,33164.56,32579.56,31825.04,32761.56,32450.08,31140.2,28936.44,25581.4286,24585.08,25419.68,25939.16,27094.6,26817.96,26159.64,26226.72,26702.52,26509.08,25632.36,24711.44,24656.62216,26191.16864,23631.1296,22646.4992
03_JPN,2.A.2,Lime production,CO2,6878.7,7439.4,8150.4,8861.4,8410.95,6878.7,6882.15,6766.5,6793.65,7221.0,7012.8,6020.1,5832.975,5577.15,5815.275,5590.725,5037.6,5238.975,5794.2,6364.35,5847.940133,5716.588368,5209.550778,5118.884464,5029.227318,5077.510191,5072.200875,5172.752874,4940.011166,4996.967312,5169.378961,5689.6875,5564.96475,5964.83325,6380.20575,6659.39775,6760.704,7019.25,7146.0,5059.5,6410.25,6003.75,5685.75,5714.25,5933.25,5502.0,5505.75,5573.25,5681.25,5490.75,4365.75,4989.75,4676.25,4509.0,4500.0
03_JPN,2.A.3,Glass Production,CO2,362.9757747,367.9983996,373.157528,378.2991609,383.2307991,387.8159428,391.974092,395.7367459,399.1914039,402.4745651,405.6912293,408.8763962,411.981066,414.9317384,417.6164134,419.9615906,421.9287696,423.5774498,425.0161312,426.4093137,427.8724975,429.4588445,431.1312495,432.805989,434.355411,435.6915675,436.782171,437.670492,438.4339925,439.185026,440.001359,440.908755,441.871815,442.8325895,443.7051465,444.425639,444.97607,445.3709925,445.618019,445.735052,445.7349155,445.617221,445.373964,445.4995576,445.1308398,444.7624272,444.5679295,444.3735169,444.1791893,443.9151157,427.1636019,419.5693958,419.5693958,395.8201847,379.327677
03_JPN,2.A.4,Other Process Uses of Carbonates,CO2,3391.158744,3391.158744,3403.827578,3450.883251,3423.735748,3287.998231,3263.263839,3627.040384,3657.204276,3441.834083,3627.040384,3324.303707,3313.830383,3274.943737,3230.360476,3244.720778,3218.414216,3268.014681,3312.091147,3399.781561,3335.531747,3120.648775,2821.344584,2619.456585,2625.140096,2541.639721,2490.966643,2457.791957,2301.95521,2285.086652,2351.951821,2430.16879,2082.307888,1911.275017,1876.614563,1954.361584,1942.830944,2016.992372,1783.296901,1509.129674,1572.711719,1532.378893,1559.393574,1628.029855,1557.029052,1470.018389,2579.238754,1295.098317,1221.830501,1102.13468,944.8656744,928.0676499,928.0676499,875.5355188,839.0548722
03_JPN,2.B,Chemical Industry,CO2,15793.28196,15315.58126,16445.98951,15642.66103,14095.18569,11761.75143,15883.95467,16108.30252,17614.04432,16245.21385,13483.10882,12588.8852,12589.85064,13840.69449,15146.99068,13528.68797,13884.63509,15240.37647,16729.79765,17451.41966,17328.26205,16876.06311,15654.39209,16030.85714,19197.42782,19424.1019,19184.67947,18623.4261,18281.87969,18640.59506,18654.71211,17927.03704,17389.83791,17666.16953,18033.93289,18154.47744,17989.98698,18467.21587,16543.49513,16114.35464,16981.1283,15984.65537,14575.45758,15132.88606,14865.60053,15127.33556,13960.51628,14507.13097,13784.23679,14165.6179,13448.97639,13876.4167,13767.96306,13137.97648,12791.05076
03_JPN,2.C,Metal Industry,CO2,21195.00016,20154.62129,21353.97458,23978.71815,22741.45087,20229.07722,20030.7196,18598.10549,17990.70644,19155.69735,18201.56413,16530.04438,11130.6365,9905.381184,11304.16493,11083.82651,9899.160941,13663.22912,14016.36107,12925.98325,17391.85636,16423.97827,14662.19972,14684.50033,14588.85512,14609.71391,14230.69448,14568.06002,12955.11703,13743.47593,15953.45798,15568.34334,16576.65142,16643.93039,17436.01588,16910.79772,17469.98438,17807.70805,17226.74713,14330.62827,16517.42108,15109.04966,15056.87923,15418.39621,15668.81977,14719.29242,25351.7424,24632.65514,14205.65252,13479.54827,11540.00182,12662.43338,11695.55302,10922.18574,10564.61089
03_JPN,2.D,Non-Energy Products from Fuels and Solvent Use,CO2,4494.956975,4390.930259,4346.563919,4403.256568,4012.421307,3774.531756,3764.297011,3856.253433,3976.446871,4140.20457,4119.374442,4043.145165,3895.144799,3861.599358,3852.82757,3815.695711,3795.858404,3814.256472,3886.650672,3947.740674,4170.82251,4040.699458,3949.405,3833.049214,3976.457615,3957.854261,4051.141359,4049.413251,3764.816176,3737.700695,3765.234572,3603.171088,3594.780128,3578.91325,3578.787304,3572.450818,3583.626636,3518.867797,3384.715301,3324.374958,3374.922233,3296.858829,3203.578117,3197.494759,3176.672498,3146.100904,3111.354834,3120.855634,3205.067754,3178.530531,3009.862037,3070.279192,2800.324743,2665.497438,2560.26536
03_JPN,3.C.2,Liming,CO2,406.6857144,406.6857144,406.6857144,406.6857144,325.6000001,324.9714287,373.057143,368.0285715,347.6000001,364.5714287,1115.714286,1222.571429,1307.428572,1338.857143,1326.285715,1250.857143,1260.285715,1175.428572,1191.142857,1181.714286,1093.714286,1037.142857,1005.714286,1011.057143,1094.342857,1033.371429,1013.885715,970.514286,918.3428574,930.6000003,879.3714288,927.1428574,892.5714288,897.6000003,885.0285717,820.2857145,66.00000002,620.6095239,681.8952383,562.1523811,483.7904763,594.6285716,540.7809525,552.9333335,496.6761906,481.3809525,516.057143,493.4285715,470.2761906,453.5142858,494.8952382,456.7619049,511.9714287,493.6603415,492.6749915
03_JPN,3.C.3,Urea application,CO2,146.7714019,146.7714019,146.7714019,146.7714019,106.0714093,108.1142661,105.442838,100.8856959,96.7999824,105.7571236,150.8571154,163.4285417,177.5713963,177.5713963,166.5713983,182.2856811,185.4285377,177.5713963,177.5713963,177.5713963,182.2856811,141.4285457,139.8571174,167.8285409,169.2428264,169.7142549,160.1285423,162.4856847,165.6285413,156.1999716,167.8285409,152.4285437,257.7142389,155.5714003,114.7142649,117.8571214,49.18570534,145.9856877,184.3285379,162.0142563,179.2999674,183.6999666,182.5999668,172.8571114,167.5142553,153.3714007,169.0856835,174.2713969,167.9856837,164.5285415,148.0285445,153.8428292,145.1999736,139.3856889,133.8042274
03_JPN,4.C,Incineration and Open Burning of Waste,CO2,2404.747818,2473.449464,2544.612071,2617.124201,2689.466497,2760.477246,2804.766863,2846.489608,2886.07601,2924.331891,2961.811202,2999.12376,3035.538806,3070.832635,3104.753369,3137.076339,3168.449366,3198.322204,3227.017651,3254.903201,3269.175251,3293.603985,3699.889548,3647.615205,4604.956897,4748.43549,4779.010974,5131.663854,5164.323823,5040.194838,5112.765038,4728.886353,4620.276447,4708.877073,4615.669555,4576.791468,4356.873778,4464.507972,4851.376234,3899.982897,4079.391143,3700.509437,3926.990633,3908.796986,3824.021689,3780.398692,3804.608111,3713.856389,3897.146914,3774.318789,3358.438659,3493.444753,3407.873408,3349.336448,3294.717391
04_RUS,1.A.1.a,Main Activity Electricity and Heat Production,CO2,543691.8066,543691.8066,575620.1242,619735.155,661187.7862,699744.8122,734636.7846,748361.0374,792300.2212,814703.4886,840044.0225,836616.9635,872464.7452,905797.8291,929846.3234,958309.6946,1009211.091,1054627.607,1068072.317,1079559.998,1176516.84,1209708.167,1171151.958,1057628.858,981960.238,916556.0915,941378.9226,870350.6336,858229.4507,866284.7628,874522.5435,875521.1162,877562.2693,893201.8781,881289.4387,887941.9289,931443.38,892348.0176,889877.6335,827706.0577,891969.7223,956294.1799,947109.5102,908155.3498,841031.0958,810509.4714,775932.5718,773851.7969,810493.0375,787997.575,755398.494,837940.8625,805866.5689,825234.3469,852290.0052
04_RUS,1.A.1.bc,Petroleum Refining - Manufacture of Solid Fuels and Other Energy Industries,CO2,23780.44588,23780.44588,24774.24021,25872.73604,26984.3297,26899.88977,28568.4375,29494.64912,42860.41178,43970.86903,44444.13218,44603.50609,45008.18471,45009.40619,45713.26365,47197.19314,47566.52238,48314.34718,48748.53302,48920.63466,54870.30886,51910.08746,47457.92613,44078.92643,32738.39099,41338.72396,40660.08483,40167.31031,49092.72568,51208.36955,55769.61309,53749.80895,56379.01953,63618.17615,61880.40541,59274.78371,62663.5044,70440.90917,68692.05264,61386.5686,61436.62058,55368.13556,56828.60949,57679.50137,62202.90023,63172.92223,58164.18941,56094.99889,37075.77718,35457.57817,33472.90233,36641.99136,35553.6668,35955.04849,37059.7863
04_RUS,1.A.2,Manufacturing Industries and Construction,CO2,174191.0833,174191.0833,184976.1156,196181.4015,205703.6947,214435.3046,220020.4016,227211.1667,235646.5105,242912.695,251044.2812,244850.1322,237614.3241,230299.4554,225099.3805,215752.5476,215131.5958,220529.2234,223181.7833,219375.5556,251405.9579,216171.8837,200221.3618,174772.7609,143174.405,184807.8561,162058.5563,149295.1381,133905.7034,142476.5777,165585.1599,157877.2563,159651.2877,151782.7371,153212.0607,154876.3504,152633.9398,170987.7469,172377.4202,166226.9831,178425.4624,184006.4892,226309.0244,223855.1061,247030.8521,249981.5394,259783.0349,262092.8995,249550.4755,275255.3968,267958.6044,284774.6701,280169.2969,284907.6263,290629.8298
04_RUS,1.A.3.a,Civil Aviation,CO2,33045.66597,33045.66597,34323.53158,35187.11354,36133.24119,39759.54079,39355.26402,39510.34743,40175.69918,40385.18552,39340.25527,41239.38766,42477.23312,44165.94148,45580.13022,46073.51663,46592.85557,47195.98851,47860.09162,48332.21753,27693.9245,23674.75,21918.985,18539.84,15443.7305,14376.813,13402.0205,13251.315,12427.2995,12845.437,13503.391,13890.7835,14410.3795,14644.047,14382.7145,15541.801,16411.8845,16562.535,17515.4265,14576.2045,15597.0705,19363.432,19775.184,18219.5585,16983.593,15194.223,14634.653,16171.1613,17060.4115,17527.73,14370.213,17087.1365,15038.05303,16200.02153,16838.29491
04_RUS,1.A.3.b_noRES,Road Transportation no resuspension,CO2,50442.92462,50442.92462,55491.84173,60150.00575,65908.5504,72392.28806,78313.84551,79727.27369,81891.9788,84933.51014,91686.0054,92188.24055,92324.16994,91052.40477,90964.46878,92782.87224,101245.4794,105851.3187,108014.0795,111738.5954,153946.7972,154276.8294,146492.8872,116064.5645,105736.9435,95569.19332,88866.41707,87546.17205,103348.4375,103475.8792,101662.4272,107876.0567,107140.889,109484.1896,116338.8539,113827.8367,120961.4091,120060.666,133285.1462,138197.8585,141342.1931,142386.6397,140455.447,144120.8695,151373.4102,150393.5316,145835.81,149174.789,154617.8772,153124.678,145982.7854,158448.6992,167035.5457,175016.8487,179419.3607
04_RUS,1.A.3.c,Railways,CO2,22716.07231,22716.07231,23585.6313,24172.64246,24815.94209,27286.11898,27002.45134,27102.28837,27548.15268,27683.10858,26963.00926,28254.01694,29095.66808,30238.70106,31199.0274,31530.56738,31879.14682,32286.57731,32734.23664,33055.98097,18890.54182,16255.216,13969.64724,11822.29012,7181.75728,6750.42414,6826.9119,5690.06514,4802.1921,5274.7812,6529.19076,5520.39408,6163.13952,5766.73488,6467.57406,6717.9231,7642.4022,7019.98956,6090.47568,5560.44868,5055.55084,6203.38384,5219.20612,5217.0228,4943.1456,4965.35436,4884.1704,6092.19176,8172.161118,12285.92226,11792.68901,12648.38655,14270.15389,14953.7324,15328.60964
04_RUS,1.A.3.d,Water-borne Navigation,CO2,17355.01835,17355.01835,18026.1315,18479.66997,18976.56003,20881.03053,20668.71129,20750.15844,21099.5898,21209.60844,20660.82895,21658.22079,22308.31604,23195.19678,23937.90451,24197.02261,24469.77053,24786.52563,25135.30123,25383.25368,14544.3753,9142.91226,7647.98994,6436.37844,4914.56268,3776.76756,3657.48174,3296.4723,2947.2939,3160.134,3641.28786,3832.69392,3680.14068,3601.40616,3487.82472,3881.7423,3777.39054,3482.2953,3276.74844,3306.37158,1979.1225,3735.38034,2648.38356,2680.20666,2190.44592,1802.03634,1354.3452,1352.704996,1304.965014,1924.344066,1343.437416,1248.316865,1328.039903,1294.861465,1234.412404
04_RUS,1.A.3.e,Other Transportation,CO2,7559.639258,7559.639258,7851.968153,8049.524108,8265.963496,9095.528161,9003.044429,9038.521838,9190.729973,9238.652785,8999.610977,9434.06298,9717.236729,10103.55141,10427.06605,10539.93481,10658.74056,10796.71531,10948.6378,11056.64293,83683.96654,89750.61448,90668.00531,82753.62492,73778.08735,70464.49846,68720.61744,56782.38766,72875.42139,73298.29813,63831.7735,64518.98145,67217.35707,74058.00769,81507.28022,80922.50854,80377.88151,83588.36077,85136.42648,66683.78659,80151.36147,77997.70559,69218.67136,68465.49868,65899.48477,68251.14801,73492.85423,73269.03433,76864.50302,77621.59503,66345.38154,72472.35348,69403.22413,70393.39617,73895.02146
04_RUS,1.A.4,Residential and other sectors,CO2,224972.0675,224972.0675,235182.6198,244811.3993,254596.5838,272161.0953,272332.9012,279347.6989,287284.9132,294547.3916,315745.7126,315442.5572,313616.9872,314556.7862,320939.796,329592.9847,331772.7549,336386.0002,345262.6124,347192.715,336584.2941,322789.6514,244207.8981,236339.2887,215125.5748,200057.1445,181401.6176,176527.1304,165664.9701,181558.3004,182320.0014,184091.1998,161687.7807,166398.0275,158766.0548,157075.705,161134.2858,166387.4222,174569.2404,154604.126,150608.1502,155824.983,136452.3928,136391.2718,155608.1917,163836.3736,170410.763,193032.0234,231063.2086,224753.09,215555.1824,232035.77,228048.5627,232616.4777,242230.318
04_RUS,1.A.5,Non-Specified,CO2,42174.90755,42174.90755,43899.19898,45499.71878,47140.58553,48760.9573,49835.02657,50764.09317,51895.61561,52834.49347,54314.08622,52759.2351,51508.63247,50851.40223,50913.28191,51656.75207,51303.38682,51204.97308,52036.23819,51856.6495,45396.06458,42764.15364,15611.42595,51358.75959,16336.61132,14554.66728,14685.3689,11885.13193,3294.65529,3399.31168,7028.88966,7791.680595,11958.76137,11340.54387,10869.28364,1836.55888,656.58528,2847.30732,3017.76696,2432.698988,2662.917847,3562.565947,3933.313992,3748.778661,4342.014153,4977.008918,5198.294861,6045.863823,6012.768432,5605.977604,5381.673534,5771.486217,6515.80249,6827.926844,6999.097114
04_RUS,1.B.1,Solid Fuels,CO2,9562.377619,9561.452571,9775.17397,10023.2358,10249.86391,9831.995496,10674.14154,10992.79822,18784.77338,19281.7318,19257.88584,19263.41657,19465.50423,19475.10406,20045.79931,20976.32405,21282.82751,21504.16432,21801.52102,21983.73528,26266.6107,30416.40238,37356.90424,26381.96976,21842.21799,26183.57595,22552.15405,26119.86718,27431.26125,28901.2945,20965.09667,22922.35817,18181.54932,24702.78448,30418.17461,25405.8239,17019.95833,17370.29252,6624.338316,20174.45831,20778.50297,22690.61433,31414.65799,18974.60765,20749.48288,42756.29601,37391.52237,39171.28469,41590.46602,46402.25269,46924.92329,48485.5262,48838.84513,50708.9932,52652.35645
04_RUS,1.B.2,Oil and Natural Gas,CO2,50850.19172,50850.19172,50487.71109,55091.56703,58164.22027,59597.36539,65565.14786,69167.96094,97891.96917,81654.68856,81588.33564,81477.86494,81979.52548,81626.24962,83113.87401,87649.53232,85740.69869,84782.35291,106596.4968,106304.9941,121996.5265,106653.7376,104505.8966,97896.34404,121961.6738,115961.9327,111757.6168,98686.81129,114426.3937,116816.4486,105794.0633,106942.8811,110754.9935,133320.7426,129391.3054,139774.2188,124584.1189,126510.5799,106407.9286,113064.9896,99931.34278,102517.749,76332.08738,70900.59548,72736.66012,76142.11085,83254.38037,77504.1448,81733.794,101461.0169,100515.0138,108310.2909,106279.3579,116164.4441,120823.3389
04_RUS,2.A.1,Cement production,CO2,28602.6,29890.0,30812.4,32101.2,33390.0,35096.6,35409.5,35944.5,35589.2,34183.6,34352.0,34630.4,33344.4,34188.0,34400.4,34171.2,34710.8,34980.0,35280.0,35152.0,34231.6,32478.524,26425.828,21754.928,16295.656,16464.76,12584.312,12138.984,11792.56,13028.756,14947.66,15689.44,16929.38,18462.6,20687.108,22013.16,24276.72,27343.16,23367.552,19530.888,22440.444,24816.48,25965.16,26901.732,26085.124,22814.116,20117.136,20196.02,19781.008,19992.12812,20323.16885,21351.80874,21709.46048,22532.05948,23247.36295
04_RUS,2.A.2,Lime production,CO2,9392.475,9392.475,9451.95,9511.35,9511.35,9511.35,9907.65,10303.95,10303.95,10502.1,10700.25,10938.075,10938.075,12887.925,12887.925,12757.125,12757.125,12757.125,13357.5,13270.725,12231.9,11093.325,9914.925,8709.9,7047.075,6947.4,5866.725,5718.975,5343.9,6344.805,6743.1,6000.0,6000.0,6000.0,6150.0,6150.0,6150.0,6150.0,6150.0,5250.0,7125.0,7575.0,8250.0,8250.0,8687.25,8415.75,8661.75,8384.25,8478.75,8682.75,8523.0,8250.0,8250.0,8250.0,7957.5
04_RUS,2.A.3,Glass Production,CO2,469.9853994,466.5217392,463.0948686,459.6940299,456.3053974,452.9021481,449.4988068,446.1122864,442.7486649,439.4102723,436.0959175,432.7793213,429.4324051,426.0587676,422.6616452,419.2233868,415.7474551,412.177279,408.3562716,404.0912302,399.2587325,394.3629209,392.9146542,369.9691412,286.0250362,303.341047,290.0869656,276.3420198,302.8481092,340.417343,392.2762658,476.0560749,509.9925421,584.8981279,707.5728784,731.7047653,948.0875796,1067.268432,1192.500857,1065.200926,1525.587612,1602.600288,1705.757397,1681.183544,1662.774688,1596.140049,1673.765455,1705.15438,1727.764504,1781.875341,1799.8204,1960.51865,1992.6583,1861.992182,1921.103045
04_RUS,2.A.4,Other Process Uses of Carbonates,CO2,13302.12869,13302.12869,13301.45581,13566.56973,13812.17018,14012.01494,14077.14801,14102.85346,14089.12373,14033.28244,14051.43507,14092.37499,13667.05272,13913.62426,13916.9596,14226.69938,14181.89782,14276.57355,13869.79849,14367.60918,11696.242,11414.516,9500.6155,5909.871,5456.0105,6136.546,5900.299425,5192.171567,4211.628111,3758.48794,4547.154695,3817.729869,3624.278891,3684.736455,4027.176222,4023.121495,4516.854804,4337.755452,4443.520193,3163.860229,3793.07514,3678.309947,3552.010066,3664.400046,3634.611448,4541.667147,3965.018078,4848.606436,6156.003035,5233.784215,4856.870679,5290.519847,5377.24968,5024.643144,5184.155624
04_RUS,2.B,Chemical Industry,CO2,11560.50757,12393.52178,13908.63972,14537.12767,14792.04723,16300.34881,19296.48485,20454.12414,21480.26538,22459.7436,23129.10778,24194.82098,25362.15393,28341.9998,29615.44457,32010.3922,37903.8449,38796.49194,38340.89994,37081.05387,34656.85215,31695.13819,28596.56734,25790.48668,23067.37754,24394.91122,23503.02346,22683.97952,22029.27932,25638.64532,28594.16084,28897.44373,28820.70625,31026.61518,32941.95955,33349.29152,34691.36481,34906.43266,35076.18831,33516.62956,35772.28756,37519.26903,37293.73109,39613.59448,39313.01237,41235.28433,43408.7713,45631.90425,47851.41761,49985.559,50185.64859,52009.08543,44123.43338,43824.21925,44419.79247
04_RUS,2.C,Metal Industry,CO2,27247.01002,26114.72892,27949.34204,30093.34655,28357.16135,27221.87609,28403.33715,27784.2515,27930.46738,26924.28265,26430.8008,25861.61792,22782.93862,21992.5178,24278.58953,24164.54509,23990.8816,23971.85216,24249.4857,23915.09366,23684.71238,22608.04944,19750.09466,17702.58842,15195.86223,16779.06511,16490.07491,15793.62766,15650.31856,17230.52353,18729.072,18606.35262,18880.88654,19478.03164,20132.20478,19532.40646,19801.78544,20660.50148,19918.67848,18094.68965,19531.7347,20243.17066,19784.72286,18520.52539,18251.08955,17983.06941,17300.68988,18158.44149,17558.09655,17492.28251,17237.68851,18640.73092,18643.91039,18828.32407,18780.48557
04_RUS,2.D,Non-Energy Products from Fuels and Solvent Use,CO2,5334.519357,5333.660808,5337.643568,5344.327466,5340.768508,5338.940352,5346.547636,5346.530733,5348.618505,5349.94463,5349.215905,4847.742834,6487.506662,5779.300194,5549.01768,3097.155247,3271.72521,2643.476643,2327.973856,2116.074859,2112.569324,5303.720104,5056.51339,4456.18164,3596.453333,3786.970955,3659.371131,3470.612091,3358.368035,3622.970048,3841.56686,3941.157481,3859.314898,3976.98907,3957.686655,4109.54354,4076.394372,3932.620846,3895.840929,3672.973207,3211.748301,3233.748026,3360.488129,3307.360299,3641.690263,3743.694352,3724.547937,5855.119193,8779.336864,9421.547868,9065.256564,9433.890205,8895.441356,9514.272855,10253.93351
04_RUS,3.C.2,Liming,CO2,5078.409734,5078.409734,5078.409734,5078.409734,5428.12284,5428.12284,5645.066226,6182.501486,6210.400013,6311.164734,6807.607685,6806.004647,6789.55557,7168.867307,7116.691399,7186.631848,7315.956448,7539.831365,7129.792421,5881.9451,5460.198819,5038.452538,4616.706257,4194.959976,3773.213695,3351.467414,2929.721133,2507.974852,2086.228571,2104.038095,2076.380952,2195.704762,1804.0,1989.742857,2088.533333,2145.942857,2248.190476,2922.857143,3350.285714,3761.161905,3417.438095,3866.761905,4102.476191,3813.438095,3747.542857,4695.952381,5288.276191,4394.657143,4895.419048,5551.961905,6671.552381,5212.638095,7622.895238,7622.895238,7352.628953
04_RUS,3.C.3,Urea application,CO2,0.0,0.0,0.0,0.0,0.0,0.0,0.0,0.0,0.0,0.0,0.0,0.0,0.0,0.0,0.0,0.0,0.0,0.0,0.0,0.0,0.0,0.0,0.0,0.0,0.0,0.0,0.0,0.0,0.0,142.999974,127.2856911,117.6999786,78.57141429,129.4856907,167.1999696,169.7142549,180.7142529,119.2714069,90.35712643,125.7142629,141.4285457,125.7142629,91.14284057,86.58569854,84.54284177,106.2285521,161.6999706,213.0856755,365.5142193,442.9856337,494.8427672,444.8713477,510.7141929,570.2398963,636.7035495
05_MNG,1.A.1.a,Main Activity Electricity and Heat Production,CO2,97.88339526,97.88339526,200.880249,300.7066186,355.5289684,362.1971561,414.1942589,645.690747,470.6300395,518.5732233,534.4076265,546.3006662,650.2190809,646.2804267,627.112366,5675.73183,5969.00732,6455.83193,6922.19438,6554.75133,6617.70854,8241.97085,8007.370018,7216.846042,6637.27896,6592.056724,5860.41851,5496.94544,6247.26509,6132.87676,6576.39969,6407.20133,6972.26483,6485.94162,6642.88869,7658.565202,7498.727768,7985.393964,7903.85743,8283.620012,8877.053478,9293.893116,10056.5838,11107.80041,11636.73119,11687.72445,11715.95922,12761.0394,13548.41551,13618.87083,12976.28987,14532.57679,15395.8699,17025.50456,17161.47882
05_MNG,1.A.1.bc,Petroleum Refining - Manufacture of Solid Fuels and Other Energy Industries,CO2,0.0,0.0,0.0,0.0,0.0,0.0,0.0,0.0,0.0,0.0,0.0,0.0,0.0,0.0,0.0,0.0,0.0,0.0,0.0,0.0,0.0,0.0,0.0,0.0,0.0,0.0,0.0,0.0,0.0,0.0,0.0,0.0,0.0,0.0,0.0,0.0,55.18476,37.20276,37.68228,23.1768,29.73024,27.7722,31.52844,25.93404,29.81016,20.21976,7.7922,9.720492,13.515804,13.23786,7.0818,16.617144,11.571972,12.82782073,12.91974649
05_MNG,1.A.2,Manufacturing Industries and Construction,CO2,4313.947599,4313.947599,3797.907468,3904.540114,4215.426546,4631.879832,4866.376669,5772.529602,6298.510088,6750.380974,7418.855584,6943.59016,7299.01737,7535.043692,8267.279666,2928.247728,2508.214656,3301.022198,3110.405494,2964.702828,2813.919072,3425.39693,2648.377654,2404.66305,1822.855888,1953.584454,1097.738718,1540.93509,977.855414,866.291552,625.313622,606.333886,645.922234,690.542934,696.560862,745.229664,2186.354458,1586.604992,1624.308378,1409.572068,1622.215684,1993.71079,2414.573178,2214.452916,1889.685328,1488.698716,1431.26453,1769.801667,1955.711458,2492.793506,2202.244989,2220.443526,2210.65218,2260.372926,2341.043965
05_MNG,1.A.3.a,Civil Aviation,CO2,72.42567194,72.42567194,89.94630435,76.94173913,50.06193676,46.45835968,45.16656127,52.71871542,43.44318182,57.10932806,66.56258893,72.43474675,80.5751615,106.8483659,136.0811435,0.0,0.0,0.0,0.0,0.0,0.0,0.0,0.0,0.0,0.0,0.0,0.0,0.0,0.0,0.0,0.0,0.0,0.0,0.0,0.0,0.0,0.0,0.0,0.0,0.0,0.0,0.0,22.3223,25.5112,19.1334,19.1334,19.1334,20.845825,11.3399,10.82653,4.4616,19.487325,7.08565,9.436506852,10.62976484
05_MNG,1.A.3.b_noRES,Road Transportation no resuspension,CO2,331.3094526,331.3094526,349.3492233,341.9453775,353.9110909,395.6382925,363.5867964,394.5319684,435.7434961,460.5324842,464.5605297,472.0390831,575.5067129,539.0113937,531.6026557,1029.29808,1072.76304,1103.80944,1218.78501,1103.80944,1116.43578,718.52241,677.64264,588.23142,537.82995,606.02814,618.4467,574.98174,680.64339,624.86376,752.154,724.31613,789.61746,839.39559,879.96369,836.60262,920.63568,1135.16751,1206.78201,1070.17785,965.03565,1111.68096,1323.21204,1304.89587,1400.62026,1453.29525,1281.91671,1404.888444,1488.240585,1854.486906,1984.371588,1936.673205,2269.935879,2259.207261,2362.542762
05_MNG,1.A.3.c,Railways,CO2,0.0,0.0,0.0,0.0,0.0,0.0,0.0,0.0,0.0,0.0,0.0,0.0,0.0,0.0,0.0,224.5971,234.22269,231.01416,881.30752,392.48589,425.72687,270.76684,211.51768,397.06739,132.32425,221.31934,255.37606,231.24365,104.68459,196.67193,221.7005,205.14083,251.43423,158.37365,279.19553,192.5118,222.84297,280.59651,306.26475,299.84769,359.05664,463.48272,514.8192,556.53009,559.27603,529.54331,455.44739,669.59293,659.099631,848.940112,742.897066,712.971463,707.714279,704.9459499,736.9722706
05_MNG,1.A.3.d,Water-borne Navigation,CO2,11.88358696,11.88358696,13.76534585,13.15178063,15.66763636,44.58971146,31.92830632,41.27550593,39.39374704,41.90960277,38.14608498,45.70640065,52.87604731,49.85020999,65.31109118,0.0,0.0,0.0,0.0,0.0,0.0,0.0,0.0,0.0,0.0,0.0,0.0,0.0,0.0,0.0,0.0,0.0,0.0,0.0,0.0,0.0,0.0,0.0,0.0,0.0,0.0,0.0,0.0,0.0,0.0,0.0,0.0,0.0,0.0,0.0,0.0,0.0,0.0,0.0,0.0
05_MNG,1.A.3.e,Other Transportation,CO2,0.0,0.0,0.0,0.0,0.0,0.0,0.0,0.0,0.0,0.0,0.0,0.0,0.0,0.0,0.0,0.0,0.0,0.0,0.0,0.0,0.0,0.0,0.0,0.0,0.0,0.0,0.0,0.0,0.0,0.0,0.0,0.0,0.0,0.0,0.0,2.70556,132.55352,121.733172,110.912824,108.207264,127.143346,140.669254,110.912824,29.75643,8.115734,8.115734,8.115734,12.700996,7.042024,10.322752,54.103632,35.927188,33.81477,37.4845193,37.753138
05_MNG,1.A.4,Residential and other sectors,CO2,28.37706759,28.37706759,30.30698511,27.75086008,32.69733636,48.22419605,44.52630277,52.44546087,46.99499842,51.35162688,70.92001937,58.27743234,67.02447152,61.69883418,62.0080095,1681.54122,1903.55365,1474.11805,1789.23127,2191.28673,1152.36947,1839.20698,638.43885,980.07727,903.45371,378.0065,280.54049,455.7033,327.39011,382.11119,641.34765,536.60964,690.80735,744.07504,730.7239,1206.080934,759.476798,932.104666,823.311088,1647.022634,1675.140608,1658.519816,1572.023814,1900.4219,1429.739822,1297.685456,1786.43761,1715.388092,1914.744881,1469.692467,1580.646419,1650.116061,1546.038483,1684.919134,1706.791426
05_MNG,1.A.5,Non-Specified,CO2,631.8326393,631.8326393,535.2222141,733.8111485,982.1784012,658.073187,623.397086,365.7211454,541.7892404,489.4976077,608.7798028,508.9140446,563.8155637,580.8055995,472.9692211,222.56966,1095.39146,979.01522,472.77898,450.95793,712.80447,177.47417,625.52229,240.02549,258.93673,484.4162,538.24011,177.47417,170.20015,365.13015,145.4703,465.50496,199.29421,333.12729,276.39357,343.23108,555.203314,830.547362,837.94298,697.050804,484.158708,882.712622,938.553934,1122.433548,966.475864,614.236706,1275.049154,912.020792,1533.05142,2340.447348,1117.660176,1494.108672,1452.320578,1609.933728,1621.470712
05_MNG,1.B.1,Solid Fuels,CO2,3.065994618,3.065994618,2.559455397,3.143603445,3.36939462,4.122703429,4.602086919,5.544279055,6.476988111,6.331849466,6.421094487,5.999730221,6.940264965,7.026087881,7.683565342,7.568129202,7.961207628,9.870495188,10.56924818,10.36427912,9.007862708,25.49540143,22.67419855,18.42344272,16.03411216,15.3085477,2.755272583,2.618666212,2.692748964,2.727476109,2.80603411,2.808946881,3.032807473,2.938315707,3.150050991,36.07439827,158.117814,131.1986695,138.9497489,153.1280119,275.8271287,327.1482243,296.3848426,268.8873358,282.9670416,225.9063051,299.630296,373.707875,403.9795648,422.055991,360.3429598,341.485287,368.7653528,740.1234052,941.2802941
05_MNG,1.B.2,Oil and Natural Gas,CO2,4.16611e-06,4.16611e-06,4.16621e-07,4.99941e-07,3.33281e-07,4.99941e-07,3.33281e-07,4.16621e-07,4.99941e-07,4.99941e-07,0.0,0.0,0.0,0.0,0.0,0.0,0.0,0.0,0.0,0.0,0.0,0.0,4.1514,4.1514,0.0,0.0,0.0,0.0,0.0,5.70331e-05,5.13299e-05,5.70331e-05,0.000108363,0.000142583,0.000171099,21.64179599,124.4390286,51.39967958,64.92489823,100.09299,327.3290573,143.3768045,209.7577325,452.226631,1071.208454,445.4405332,592.3581607,1103.728206,1003.059664,1776.865976,980.6449785,1383.361354,380.8483743,237.5295306,148.1486598
05_MNG,2.A.1,Cement production,CO2,47.424,46.455,68.244,69.788,80.883,74.412,75.469,45.8,75.032,82.695,78.676,46.322,77.149,70.29,59.361,62.665,174.25,219.105,200.298,202.122,198.39,88.303,51.87,32.062,33.626,42.728,41.658,44.016,42.946,41.08,36.34,26.588,57.128,61.722,23.374,41.664,51.747,65.7,96.302,80.37,106.267,139.302,108.888,108.003,170.565,170.15,177.54336,257.1180698,352.2107808,409.9158514,441.275534,482.7151146,506.9815357,506.4095907,512.3673506
05_MNG,2.A.2,Lime production,CO2,29.925,29.925,30.3,30.6,30.6,30.6,27.225,27.9,27.225,34.725,37.425,37.425,44.25,70.05,71.475,71.475,71.475,71.475,71.475,71.475,77.25,57.0,51.0,38.25,49.5,38.25,35.625,33.0,30.375,27.75,25.125,22.5,31.5,31.5,30.0,30.0,37.30882126,36.85367681,38.4674803,39.16267573,40.08960297,35.68669859,43.5655801,44.49250734,47.33245462,45.0,45.0,45.0,45.0,45.0,45.0,45.0,45.0,45.0,45.0
05_MNG,2.A.3,Glass Production,CO2,0.0639415,0.0658525,0.0678335,0.0698655,0.071921,0.0739825,0.0760435,0.0781105,0.0801955,0.0823145,0.084481,0.086674,0.0888865,0.0911605,0.0935545,0.096094,0.0988155,0.1016675,0.104486,0.1070505,0.109207,0.110896,0.1121755,0.11316,0.1140245,0.114902,0.1158285,0.1167845,0.1177795,0.118808,0.119872,0.1209865,0.122175,0.1234525,0.124831,0.1263225,0.127924,0.129639,0.1314835,0.1334785,0.135633,0.1379535,0.140417,0.140313701,0.142924492,0.145583862,0.147574034,0.149591412,0.151636369,0.153900903,0.165394413,0.185246031,0.185246031,0.185246031,0.187425396
05_MNG,2.A.4,Other Process Uses of Carbonates,CO2,0.0,0.0,0.0,0.0,0.0,0.0,0.0,0.0,0.0,0.0,0.0,0.0,0.0,0.0,0.0,0.0,0.0,0.0,0.0,0.0,0.0,0.0,0.0,0.0,0.0,0.0,0.001647292,0.000657775,0.01600323,0.05895241,0.03575059,0.15939735,0.126271843,0.093146335,0.10831915,0.16063156,0.07948578,0.13671096,0.132465372,0.128219783,0.123974195,0.119728607,0.115483018,0.11123743,0.174719565,0.191794325,0.163374295,0.12091274,0.18093087,0.240949,0.25894337,0.290023289,0.290023289,0.290023289,0.293435328
05_MNG,2.C,Metal Industry,CO2,0.0,0.0,0.0,0.0,0.0,0.0,0.0,0.0,0.0,0.0,0.0,0.0,0.0,0.0,0.0,0.0,0.0,0.0,0.0,0.0,0.0,0.0,0.0,0.0,0.0,0.0,0.0,0.0,0.0,0.0,0.0,1.4,1.4,1.4,1.4,1.4,1.4,1.4,1.4,1.4,1.4,1.4,1.4,1.6,1.8,1.8,2.0,0.0,0.0,0.0,0.0,0.0,0.0,0.0,0.0
05_MNG,2.D,Non-Energy Products from Fuels and Solvent Use,CO2,10.373569,10.43730198,11.27066934,11.63093357,12.07145183,13.19923812,11.07714821,10.74483618,13.90826826,13.69814033,14.14375867,13.66490508,15.95659862,14.56094704,14.62748976,23.57115149,24.57742376,23.50086137,29.15491899,23.94547587,23.59242268,13.49193386,18.15408357,16.83659055,13.82153152,11.47815096,11.30811116,11.69590073,11.53313728,13.65115188,13.07011975,13.0207957,14.75135209,12.59201585,12.43586909,12.40977564,12.45263159,13.48721018,13.87565622,14.78892779,14.17272408,15.55589418,13.87644652,15.10362547,15.72909994,17.79475663,18.03224636,18.65970852,20.08055108,20.80863939,17.19183131,15.81474712,17.35406597,17.46729968,18.00158488
05_MNG,4.C,Incineration and Open Burning of Waste,CO2,0.264056717,0.27629912,0.289092353,0.302365897,0.316015518,0.329961334,0.343931108,0.358187377,0.372787054,0.387808911,0.403323809,0.418490118,0.433994253,0.450041957,0.466930214,0.4848146,0.502154175,0.520357919,0.538599846,0.555731656,0.570915262,0.52364436,0.510093989,0.508145167,0.515349903,0.565864316,0.573429419,0.58429364,0.594416222,0.604349568,0.610196682,0.616767329,0.630791867,0.649333481,0.680693958,0.703021142,0.715911776,0.735181451,0.754451342,0.772890796,0.791330034,0.809769487,0.828208725,0.828208725,0.828208725,0.828208725,0.828208725,0.842459569,0.856159518,0.869438106,0.882386501,0.893222057,0.904190671,0.916536891,0.929051692
06_PRK,1.A.1.a,Main Activity Electricity and Heat Production,CO2,7772.490186,7772.490186,8677.347592,9595.80035,10506.09326,11423.10093,11950.40534,13019.58132,13293.72272,13827.51759,14356.25554,14859.8182,15358.17093,15857.22159,16345.57116,16967.55832,16725.63623,16871.56654,17283.80719,18888.98362,15980.3394,14817.77294,13680.05392,11388.30766,11966.79439,11289.38926,11297.97527,10976.55874,8653.751158,10470.78432,11542.22554,11992.81514,11446.95352,11593.4204,11833.79165,12186.52462,12196.21293,10278.46791,11383.20206,13643.72556,12777.3018,9706.140791,9939.387942,10180.27043,10674.61212,11195.74135,13796.23973,14377.61851,14987.44382,15874.37812,13897.89753,11629.4691,12131.45962,13357.78764,13484.1015
06_PRK,1.A.1.bc,Petroleum Refining - Manufacture of Solid Fuels and Other Energy Industries,CO2,0.0,0.0,0.0,0.0,0.0,0.0,0.0,9.33450192,118.23624,149.3510245,158.6855264,155.5739149,152.4626361,149.3510245,146.2394207,143.1281342,152.4626361,161.7968129,171.1313071,180.465809,189.800311,143.1281342,115.1246362,102.6788477,68.45245938,84.00985164,71.56407096,37.33767486,37.33767486,24.89189418,31.11478452,46.67217678,46.67217678,46.67217678,46.67217678,40.44928644,31.11478452,37.33767486,37.33767486,43.5605652,43.5605652,43.5605652,43.5605652,46.67217678,43.5605652,43.5605652,43.5605652,43.5761226,43.5761226,43.5761226,43.5761226,43.5761226,43.5761226,42.83778,47.08740696
06_PRK,1.A.2,Manufacturing Industries and Construction,CO2,47922.16015,47922.16015,48935.55406,49154.319,50322.19889,51486.1663,55950.62258,58812.86142,60906.00928,65598.90192,69469.77735,70505.73102,75476.53345,78676.28251,82289.98778,84730.54593,84251.68942,80256.47046,81015.06918,79045.99173,77919.03115,75082.82335,64564.84236,59522.12704,52884.67372,48367.09033,41059.52955,40082.46651,37176.60519,40585.7639,42925.38207,44866.5682,43051.48904,44101.90343,45109.65733,47533.88892,48691.80814,39808.67814,44402.06472,40429.83319,39148.45367,27310.2288,26255.65751,17422.84579,19975.77313,12714.55142,12862.71701,36953.06612,31886.96045,36210.78198,34733.71004,28223.62631,29379.10718,32545.60481,32786.24479
06_PRK,1.A.3.b_noRES,Road Transportation no resuspension,CO2,1775.235372,1775.235372,1872.621934,2001.055214,2487.988028,2804.685588,2678.422026,2877.027202,4114.408708,5613.447066,5957.394881,5692.449564,5556.457072,5452.029928,5354.019857,5288.510866,4740.591499,4961.552352,5172.783971,5355.96976,5598.351156,4280.964864,3488.298301,3131.344345,2114.092846,2527.96932,2037.607567,1128.095389,2124.573913,886.0252947,1706.138188,1569.302364,1572.406921,1534.424209,1547.05036,1303.421905,996.5578639,1192.681701,1221.142826,1315.424823,1324.842744,1334.468312,1315.320858,1441.792358,1340.781384,1407.745069,1446.039677,1046.618477,1043.350896,1076.0116,1061.311879,991.0905709,1004.155055,999.4090201,1045.121706
06_PRK,1.A.3.e,Other Transportation,CO2,0.0,0.0,0.0,0.0,0.0,0.0,0.0,0.0,0.0,0.0,0.0,0.0,0.0,0.0,0.0,0.0,0.0,0.0,0.0,0.0,0.0,0.0,0.0,0.0,0.0,0.0,0.0,0.0,0.0,0.0,0.0,0.0,0.0,0.0,0.0,0.0,0.0,0.0,0.0,0.0,0.0,0.0,0.0,0.0,0.0,0.0,0.0,4384.842625,3826.823333,4322.427121,4154.054766,3424.026544,3570.921476,3926.043107,3965.165272
06_PRK,1.A.4,Residential and other sectors,CO2,94.47675099,94.47675099,110.2227719,110.2227719,188.9531928,220.4455438,220.4455438,226.7437106,318.0710762,629.8439856,686.5299097,677.0823575,582.6056065,601.50102,588.9040825,570.008669,601.50102,595.2025512,658.1869512,702.2759378,639.2915378,472.3831366,384.2048616,336.9664897,229.893096,270.8330063,229.893096,132.2672688,122.8197094,85.02888967,85.02888967,125.9688,125.9688,122.8197094,122.8197094,100.7749178,78.73042091,94.47675099,97.62583438,113.3718553,116.5212407,116.5212407,116.5212407,129.1178834,119.6703241,119.6703241,119.6703241,8878.177237,7690.521617,8749.832191,8389.412363,6825.687461,7140.173709,7897.837192,7960.272916
06_PRK,1.A.5,Non-Specified,CO2,11811.4685,11811.4685,12135.60069,12187.6581,12467.85688,12621.6618,13746.57521,14500.33558,15102.89792,15644.36628,16739.68021,18628.59249,18788.00446,19625.7369,20009.86851,21293.74261,20951.14755,18941.34852,19295.69176,18123.45977,16482.64487,16035.07817,15549.58266,15321.87705,14592.66984,13992.99644,12429.95203,12331.18569,11531.52828,12908.87033,13679.04295,13713.78313,12829.4783,13134.00907,13432.72258,14175.09455,14539.70908,11863.11476,13240.08875,12153.77803,11731.89495,8136.629044,7807.873855,5221.045357,5994.207049,3800.510279,3897.215217,4148.785332,3597.06834,4091.014104,3922.729987,3192.220924,3339.069933,3690.798995,3720.855821
06_PRK,1.B.1,Solid Fuels,CO2,1350.024145,1350.024145,1566.994615,1811.3088,2078.368442,2365.48168,1536.52127,1605.397462,2405.607668,2503.904415,2682.069342,2696.034949,2947.1629,3039.958024,3053.758788,3147.830081,3139.672999,3131.188034,3122.78549,3194.490442,3184.939135,3730.76814,1937.321243,1575.480758,1162.045528,810.3892079,334.5876817,329.8752552,289.6535561,247.3201189,264.9867821,272.0521297,262.1803171,270.4296038,284.9618268,312.705888,316.6201147,276.1003153,292.1423844,285.8052393,292.2520552,288.3269521,281.7312626,297.0325786,300.19793,300.3840207,336.3138049,287.760532,240.1457089,268.4510424,252.4050375,207.2378257,216.536959,216.536959,211.815209
06_PRK,1.B.2,Oil and Natural Gas,CO2,6.36631e-05,6.36631e-05,0.000177498,0.000173703,0.000184665,8.51652e-05,0.000168644,0.000286412,0.002067647,0.003034281,0.002983396,0.002847406,0.002781975,0.002730656,0.002679338,0.002617572,0.002746642,0.002895469,0.003052763,0.003195945,0.003372574,0.002547281,0.00204611,0.001831887,0.001223604,0.001479121,0.001257145,0.000677052,0.000673386,0.000424779,0.000520472,0.000775567,0.000778811,0.000760775,0.000771351,0.000651134,0.000499064,0.000597157,0.000615907,0.000710335,0.000722175,0.000718509,0.000718088,0.000792079,0.000726684,0.000726684,0.000726684,0.000726945,0.000726945,0.000726945,0.000726945,0.000726945,0.000726945,0.00071843,0.000767441
06_PRK,2.A.1,Cement production,CO2,1976.0,2371.2,2618.2,2865.2,2964.0,3458.0,3458.0,3458.0,3458.0,3952.0,3952.0,3952.0,3960.0,3960.0,3960.0,3968.0,3968.0,4473.0,5864.6,8101.1,7968.0,8032.0,8619.0,8687.0,8772.0,8840.0,8908.0,8993.0,1705.6,2152.0,2168.0,2739.96,2766.4,2819.86,2798.11,2770.2,3055.36,3083.39,3030.24,2937.6,2616.9,2646.0,2578.4,2541.0,2585.16,2599.6,2979.0516,2877.226834,2421.072781,2288.221113,2324.996095,2435.321041,2676.40148,2673.382131,2704.833685
06_PRK,2.A.3,Glass Production,CO2,0.72052,0.74062,0.76073,0.78015,0.798005,0.813735,0.82695,0.83794,0.84768,0.857565,0.86861,0.881165,0.89496,0.909595,0.9244,0.938905,0.95295,0.966725,0.980525,0.99477,1.00972,1.02551,1.041905,1.05831,1.073925,1.088185,1.100825,1.11204,1.12225,1.132085,1.14201,1.15217,1.162405,1.17246,1.181965,1.190665,1.198495,1.205595,1.21219,1.21859,1.225025,1.23157,1.23817,1.238149968,1.244805369,1.251496545,1.256790854,1.26210756,1.267446758,1.273306116,1.227830898,1.375202445,1.375202445,1.375202445,1.391381298
06_PRK,2.B,Chemical Industry,CO2,442.9633696,473.4333736,490.0600443,506.686715,528.52005,550.353385,516.2767475,798.91011,843.546809,836.213479,834.01348,806.880159,806.880159,801.013495,792.213499,784.880169,776.080173,768.01351,876.45018,876.45018,879.00018,1006.50018,1006.50018,1134.00018,1358.400078,1480.133356,1482.333355,1482.333355,207.333355,207.333355,367.5,367.5,367.5,367.5,367.5,367.5,367.5,367.5,319.833355,324.333355,328.833355,631.683355,130.5,135.0,135.0,135.0,135.0,135.0,135.0,135.0,135.0,135.0,135.0,135.0,135.0
06_PRK,2.C,Metal Industry,CO2,2129.586823,2046.019998,2182.95642,2089.113353,1852.987034,2153.5518,2083.199926,1935.163405,1854.129058,1959.394934,1757.179275,1703.925782,1594.912516,1558.233401,1740.760328,1748.784384,1704.149953,1728.449573,1750.506793,1772.40199,1658.81097,1843.323437,1437.85505,1370.729043,1288.198753,1128.834538,980.5605077,831.2469077,708.6008277,676.2280062,668.3691662,653.8989813,652.7235921,668.993719,678.7340279,675.1772885,671.1951281,651.3388219,212.3585497,198.5427526,205.9748061,84.184211,93.380111,102.5250449,99.7530083,72.1253491,89.7965609,101.4456365,119.9678224,125.5087069,63.1527114,104.6545362,95.1862819,101.3904353,106.5836838
06_PRK,2.D,Non-Energy Products from Fuels and Solvent Use,CO2,57.85506436,59.32349362,60.70355428,61.85474947,63.41478527,64.62968087,65.71487318,66.68848143,67.58948067,68.4837166,69.41787152,70.40735305,71.43879659,72.56257552,73.87512608,74.82492748,75.86144527,76.92719082,77.92279732,78.75929509,79.9067143,80.8531876,81.74832495,82.72567851,83.83637745,84.76581967,85.51267074,86.12503157,86.78954319,87.48849242,88.1848655,88.84109879,89.49136598,90.09358366,90.6363413,91.11372112,91.62982519,92.10125199,92.57386724,93.01018795,93.44436818,93.87105993,94.33746033,94.72750681,95.11384205,95.49097325,95.66768417,95.87769593,95.97839371,96.81631562,41.95537031,41.99229611,42.12631361,42.29464822,42.45251338
06_PRK,3.C.2,Liming,CO2,408.5714287,408.5714287,408.5714287,408.5714287,418.0000001,441.5714287,487.1428572,489.657143,506.0000001,496.5714287,499.7142858,506.0000001,498.7714287,506.0000001,512.2857144,521.7142858,487.1428572,496.5714287,534.2857144,534.2857144,534.2857144,534.2857144,534.2857144,534.2857144,314.2857143,128.8571429,28.28571429,28.28571429,36.66666667,47.14285715,113.1428572,25.77142858,32.6857143,32.6857143,12.57142858,12.57142858,44.00000001,88.00000003,3.771428573,66.00000002,257.0857144,314.2857144,251.4285715,97.84761908,80.45714288,14.87619048,10.47619048,13.2,22.83809524,17.39047619,2.304761905,1.257142857,12.57142857,12.44571429,12.32125715
06_PRK,3.C.3,Urea application,CO2,234.1428146,234.1428146,234.1428146,234.1428146,249.6999546,256.9285247,433.3999212,529.5713323,670.999878,683.5713043,697.7141589,716.7284411,720.3427262,746.1141501,765.2855751,801.4284257,785.7141429,776.2855731,807.7141389,823.4284217,841.3427042,846.999846,836.7855621,810.8569954,345.7142229,86.42855571,102.7714099,223.6142451,177.5713963,177.5713963,157.1428286,199.5713923,188.5713943,188.5713943,188.5713943,157.1428286,157.1428286,141.4285457,135.1428326,54.99999,94.28569714,94.28569714,102.1428386,186.999966,154.6285433,143.1571168,203.499963,187.6285373,273.7428074,99.62855331,10.37142669,23.0999958,4.871427686,4.871427686,4.871427686
06_PRK,4.C,Incineration and Open Burning of Waste,CO2,5.113129222,5.113129222,5.298641274,5.482202387,5.658655183,5.824452445,5.928839566,6.01971346,6.102640072,6.185785138,6.275038883,6.384736358,6.501526951,6.623254221,6.746359806,6.868266924,6.987898926,7.106444399,7.225907542,7.349268817,7.756259542,7.6975,7.638740458,7.579980916,7.99129771,8.147989822,8.304681934,8.461374046,8.618066158,8.77475827,8.931450382,9.16648855,9.401526718,9.495327268,9.584979783,9.668242534,9.75029749,9.826626713,9.898945257,9.969878082,10.04129443,10.12478678,10.20900841,10.2936746,10.37800136,10.46144411,10.55100499,10.63997828,10.72817439,10.81549366,10.90177738,10.99381814,11.08714657,11.17658023,11.26673529
07_NAM,1.A.1.a,Main Activity Electricity and Heat Production,CO2,1149360.00477955,1200707.61249426,1331102.34467791,1411531.7604135799,1391235.49249192,1391129.21709742,1504495.08911994,1618171.1439630098,1594022.5319502698,1625074.92585122,1663792.09650231,1679725.0510263601,1601696.9989711002,1647258.34471344,1712699.67389076,1748811.9638051002,1726696.54286543,1803753.3468060899,1897776.87184948,2004679.99810953,2012390.73819379,2043491.2912795402,2142434.1167845298,2191535.6809456,2223768.90461367,2286952.9703030502,2360025.6581503,2611792.0964372763,2679288.2029203903,2660145.0593655203,2697723.622747892,2718426.925908425,2543648.3001470803,2582270.85114476,2613416.54966853,2670439.86695402,2582029.65538818,2658291.37779897,2578533.22753278,2345885.45882734,2466577.29715741,2361468.3279705797,2227187.15448961,2237525.0768059203,2235121.41397041,2091791.04612719,1998813.77197521,1925886.4562460799,1943887.4002054299,1794454.30115204,1612998.44366144,1713188.76383908,1693468.58785822,1576846.95692436,1580199.438986
07_NAM,1.A.1.bc,Petroleum Refining - Manufacture of Solid Fuels and Other Energy Industries,CO2,324412.48757999996,322713.47565000004,340021.50321999996,382643.71729,367452.58493,313925.22180999996,316357.97662,325050.41139,323257.04176,311394.04352,267286.56649,250210.32971,257106.0883,250528.83816,257740.86354,258061.19705,265032.71767,282654.68444,291299.19168,289051.71236999996,300099.29597,290103.66115,296144.51114,297817.75211,295858.0802,301208.24376,310363.85559000005,310480.69856,314948.87781000003,307172.35524,313255.2497293,308774.474195801,345789.6201984,350544.17672436,342467.22900386,354249.52599801,364079.8061911,372923.17117309,364294.49140945997,355024.11470131,360386.2453837,338319.1665674,345765.31762905,356052.14752816,359603.18190164,359621.1028087,360358.46465849003,355634.416683243,371140.772290718,380467.673367838,360285.307372156,371520.063365267,378960.94791628997,385658.209386994,393119.084310625
07_NAM,1.A.2,Manufacturing Industries and Construction,CO2,1186393.1291971419,971552.995064392,993826.448130108,1041909.777956854,987170.354382145,846583.896836779,893941.099312179,953135.54540149,918643.929504921,996122.8330197991,956497.316844852,927164.198398071,789294.078650483,721643.764540115,790132.145649136,782783.974760823,755785.38125034,773344.106205035,800959.422461248,756588.9313266999,682227.982079844,642658.4669134209,592409.075811932,607034.702764689,612661.698420902,565754.82457599,568440.040698396,588863.093357596,592625.2427633731,579934.257531274,650558.6391709701,617416.326674407,568972.9592622491,566923.5504157,595229.1032607739,544422.352273474,560346.067465934,551300.578242567,538513.016135946,463737.592362821,526549.418899212,500188.562328306,504116.88915216597,499116.467190893,501168.519119391,497027.63849179,507159.934100142,498567.262963241,522883.98397500697,508768.804011373,500110.203170334,511257.547928519,522422.207714611,507554.036353932,509843.88541029405
07_NAM,1.A.3.a,Civil Aviation,CO2,138399.538359197,142975.02272210698,145492.881106703,147698.197235553,141170.33098262502,145917.831165925,142434.53678275298,145480.148579425,148393.331255156,157233.726970072,157342.26230973398,147913.848615803,145946.83126816098,151432.884945466,169686.01646031698,178205.598979386,178558.940938127,184068.040414061,191607.532497978,196077.980397921,200259.266776793,191932.58807770998,186660.58406397,188259.520031311,197209.224515157,192958.94553838202,202904.77915812802,200947.05618665498,203956.620166032,207666.043073745,217463.05621832,207984.650070481,191149.98529748898,189045.05699805898,189308.301020246,192372.123378275,182826.788644242,180522.46284553202,166334.98818919001,150504.664277051,153885.353536755,154028.230611342,153398.427367578,156600.01012858,160067.81026738,166930.169494653,172950.409565613,182535.66891972302,185972.049180826,188961.2589844,116717.925172773,147626.50543989302,169244.087132204,180707.630199587,185102.425577087
07_NAM,1.A.3.b_noRES,Road Transportation no resuspension,CO2,878459.328430127,923117.585936588,990751.8063613999,1049510.401349199,1036418.233127599,1060490.439363209,1121668.09972749,1160211.207038091,1208001.2627641258,1175786.026134813,1115715.115583857,1118386.670633399,1103795.757643182,1127667.078376806,1136417.809156876,1141543.052853293,1169246.163861848,1208160.3472841112,1261744.343282611,1269987.9777303599,1247497.3548317002,1229719.4206431601,1266307.70307161,1293137.54279966,1340882.89768566,1377700.3636185569,1409508.941158215,1441528.821041255,1488883.230324106,1533683.266499048,1553347.705877494,1565222.678358882,1611614.9663780641,1646810.203714041,1664442.4010094951,1675362.401775742,1677877.593926552,1685386.92345603,1611406.64409924,1547270.185024569,1603219.1950598399,1538927.664829936,1503794.800360034,1545378.542260734,1538965.56966912,1589504.81202715,1592981.4536386798,1600580.89198037,1623265.145578939,1608353.40082498,1416061.4173718072,1536060.828538275,1551347.863223029,1523470.073401913,1522683.26613617
07_NAM,1.A.3.c,Railways,CO2,45416.828326,44250.842642,49396.927953,52693.150007,53315.667101,48238.936678,49835.826274,50005.50357,50697.851213,52203.036028,49914.767782,48333.422378999996,43852.179209999995,37571.690688999995,40581.749798,37828.284029,35884.775407,36715.067176,38908.991308,38785.836099,38691.181553,36320.529827,38861.641127,35831.247793,37611.603996,38334.479188,38804.821342999996,36730.895716,33896.215236000004,33567.922433,36686.702639,35749.174537,36427.856533,36550.966281,38789.038095,43410.388313,47946.508629,46860.617663,38388.142201,29754.677093000002,32381.018175999998,41554.272396,37598.977401,40020.135569,40569.39432,42753.803099,41731.045148,41871.889134,49689.21258,48697.026886,39041.084573,40625.544665,40699.949295,34678.010929000004,34702.610414
07_NAM,1.A.3.d,Water-borne Navigation,CO2,19257.0436296,20061.822220899998,17500.750792900002,15544.27937198,13946.01774425,12157.017458319999,12758.89741963,12058.00187927,12222.51981524,8618.88860086,9777.62545143,11203.57324247,9632.23521835,6955.160849039999,15429.63179367,17874.236689470003,15939.44247615,16957.10339904,17419.986972077,17272.842809757,15970.652823755001,15573.871438531,17251.704283839,16610.311403658,12794.343822956,13733.697471367,13204.590681547,12861.627186503,13090.231222022001,13928.266321063998,14624.373936244,13836.111225274999,14324.919232442,15290.765825903,15468.803764246,17776.584969474,16952.594009613,17269.114475645,16254.678898867001,19647.666095285,16720.154252649,27169.482348943002,29007.94025196,27829.835381569002,27297.179486016998,29095.804069546,28879.798186231,27652.753045229,29444.814982461998,29909.964411988,22999.215681444002,26560.716020967,26857.64214381,24307.902673766,24505.281101961
07_NAM,1.A.3.e,Other Transportation,CO2,39628.0863,40748.4594,41881.30353,39570.17427,36452.56824,31679.54658,29768.14665,28945.61406,29037.891802000002,37306.475881,38575.396894,39237.792869849,36390.876205779,29733.813705444998,32671.62700107,32279.26656136,30557.808852279,33253.257724983,39831.24118427,41115.040928588,51080.060349864,48995.617988639,48748.495866656005,49478.5235801,53825.980016278,54100.005822499,55188.20840865999,57026.700471295,50208.038508407,50771.908277349,48564.543150639,47933.6245529,50637.096793225006,44327.273823453,43407.984884923004,45297.442604173,45743.429734371006,47033.000085994005,46403.851147021,42005.978954968996,45775.363297625,43723.895876686,46022.716908377,52851.922350436995,47079.981886539,45725.143963415,47601.920645727,47741.189624383005,56398.618399001,61046.994816263,63671.060762063,71463.984085271,77362.6350665,78655.85674543,80066.13311948201
07_NAM,1.A.4,Residential and other sectors,CO2,948135.8952605521,959770.734506694,981200.922389093,937518.557169531,897307.691005542,876419.581475433,938376.482241316,909806.07355252,906934.768054695,854362.3231336819,772989.024376177,721351.159905453,721442.4719926191,694841.6048251011,719617.1626493409,708078.7011563331,688575.660188696,690978.5487770101,731588.6940548801,735832.7840968281,659700.289868896,668971.814832029,685144.700103377,706738.280998511,699092.782450842,702885.2346617599,746395.3618486109,728255.483327118,665413.446579186,684120.4214795,723960.6371945479,706437.547044776,716934.649025858,738776.036713661,731262.978603031,718256.4360213081,664406.885643684,696973.2653544319,701477.3485008749,687936.535725008,680896.316918233,660757.384829322,591563.1511092919,666488.059398191,686105.059080469,650689.26226567,630670.389231699,636464.694732898,695980.3918822721,686672.82814987,638859.7789856191,650785.8653734659,683028.689514807,637390.322441802,646505.869472803
07_NAM,1.A.5,Non-Specified,CO2,35874.786980491,36414.327570117,35319.378607717,33303.325641471,43990.828117374,47316.05295149,41330.796418413,31317.413187403,29891.080049789,39329.089591644,18751.495187661,21050.822899834002,18719.335678584,27505.473328326,24315.631961723,19595.758215668,18543.834468711,18439.65853386,19421.23527776,20318.3910669,22880.740153618,20694.517905178,125.118800124,116.127851648,87.247657005,79.124649366,50.549538604,48.984090063000004,57.702120816,1306.957473383,1887.432589368,901.153155932,60.561740337,111.372304337,107.27493755100001,95.261000224,89.61497184400001,80.604394273,74.64041739,74.470532153,78.001361655,5913.375739292001,5346.556178777,5648.877183365999,5143.995838868001,5007.602198753,5059.605215552,2454.19070427,2750.092201664,2759.5702630749997,1426.343944977,1454.072002136,1497.514591704,1333.008733936,1331.897798402
07_NAM,1.B.1,Solid Fuels,CO2,38241.901879000005,23459.507596000003,27575.351128,45145.261039,37897.616622,27690.629452,43437.84571,36053.344972,40175.708387,46397.849857999994,39252.016057,33476.923938,26356.673796,23950.07889,32921.242912,31199.815626000003,31008.984927999998,31866.010853,37182.819135,37671.992987,27138.818821099998,25167.115376,23804.63297,21460.1349709,26623.819757,26280.6815888,24899.4019449,24213.219498000002,23115.5181459,23578.1649774,22733.309960900002,21894.033513299997,21974.369944799997,22856.3382501,21696.256656,19603.5790256,20160.576352,20277.831827,20619.115145000003,16583.540212,19813.998255,18579.182737400002,17768.047817000002,18395.9285358,19367.9390364,23144.930548199998,18964.9857426,19030.5122534,18403.5377666,19293.790459099997,16891.5596324,19079.196247699998,18498.9672588,17218.7480544,16895.2351627
07_NAM,1.B.2,Oil and Natural Gas,CO2,20605.3844756509,14205.573454806101,11147.1353095777,10995.1410091194,8078.0915185184,6404.2395500492,6338.2185614312,6217.3574037985,6852.4423931287,7596.1714130952005,6535.9811919273,5594.4437561631,5369.3678151003005,5582.7780728303,6922.040737427,7073.36650942561,6943.22916300389,7701.1292758523305,8635.798483844621,8191.49932593278,8560.208738169309,9455.410593446559,9567.133413605301,12271.0957490327,12484.252278001299,13633.9707851327,12880.0151813126,12806.92962800952,13663.39289304545,12149.39030131956,11703.340929734939,11689.985137537009,11010.83301247365,11088.546532955399,10087.65516526463,19786.38114146763,19831.97850235401,10319.84083331549,11384.21697885975,11966.2719536361,18106.1662155897,24935.2825715102,22581.62504772111,22537.765027932997,26749.232683292998,27319.463669525,19359.672274803,30762.986413598,48977.616133213,54707.018831106005,34498.289714321,35675.780438308,33574.932549698,27173.769615919,26338.005313409
07_NAM,2.A.1,Cement production,CO2,37786.060000000005,39691.806000000004,41584.854,42921.446,40880.26,34546.8,36813.116,38665.53,40765.556,40430.798,35666.840000000004,33886.39194,29130.05824,31344.938070000004,34515.295672,34371.74735,34527.094528,33683.15114,34824.51984,34510.012520000004,39507.2218,37755.9546,38024.16808,39957.7958,42269.83808,43756.566,43660.732800000005,45347.47416,46400.32408,47442.738639999996,48740.04316,48769.124216000004,50508.957928,50745.04032,53597.562721199996,53986.983920000006,54783.415908,53368.08139,48526.419171999994,35080.554207,37444.5571196,38247.5032542,41866.8882873,42290.360533800005,45325.5981905,46078.21448,45509.66552,47006.4094419,47391.158016999994,49787.694063,49021.475247099996,47553.0891669,48180.9560079,47457.1861859,45763.5136742
07_NAM,2.A.2,Lime production,CO2,14581.425,14399.775000000001,15032.175000000001,15664.575,16093.2,14359.65,14983.5,15023.625,15462.525,15671.4,14867.85,14768.475,11249.55,11812.949999999999,12555.825,12349.725,11546.25,12422.55,13507.725,13601.625,13594.097001,13499.598915,13921.87632,14317.264667,14837.142686,15673.827923,16212.327309,16556.936966,16921.274029,16648.783316,16443.441008,15816.0,15111.0,16065.75,16789.5,16716.75,17388.75,16750.5,16476.75,13050.75,15159.75,15777.75,15573.75,15792.0,16496.25,15114.0,14330.25,14581.5,14838.75,14156.25,13051.5,14043.75,13668.75,13440.0,13425.0
07_NAM,2.A.3,Glass Production,CO2,1445.3471761800001,1454.0490343,1462.6037544,1471.12830759,1479.75828344,1488.58225443,1497.68385208,1507.0803997100002,1516.65539788,1526.26231665,1535.7741088599998,1545.18075008,1554.53857466,1563.94405414,1573.52712505,1583.39039781,1593.58217386,1604.09108777,1614.83725528,1625.69504608,2276.5574460899998,2162.5936702999998,2254.65730389,2284.3031402300003,2353.4973722600002,2342.85832747,2371.7548708900003,2475.08816931,2532.12253706,2572.6736518999996,2535.46727269,2409.8141254,2422.03050902,2370.52661653,2406.1030635300003,2386.78939611,2383.27864484,2290.60483213,2187.15143764,1877.4550214199999,2050.18799385,2042.57343855,1990.17020577,2001.3523589929998,1997.2225183409998,1999.274009027,2073.128612993,1966.437525306,1940.9699339659999,1889.7367765610002,1811.178555628,1931.28385691,1972.140673472,1930.728707527,1845.689360756
07_NAM,2.A.4,Other Process Uses of Carbonates,CO2,8108.9936146,8108.9936146,8438.2234955,7936.4198848999995,7794.9101267999995,7421.5257896,9957.264459,10195.057538000001,10320.475828,10304.422287000001,10312.974507,10316.378359,10083.35283,10371.273690999999,10298.233900000001,10286.380697499999,10233.8753161,10459.3609646,10767.41154,11036.6338048,13786.153088,12230.227408399998,11929.3291026,11377.2497718,11688.467693100001,14288.9091944,14848.9582141,15027.8442412,14965.3465235,15338.9817484,12295.817793100001,11858.2094917,12204.6314488,10938.120660600001,13547.994354,14352.1203108,15171.8344728,14775.009127599998,13855.900565,14643.6223303,16409.9243164,15909.6316282,15196.3355372,13815.6488303,15494.611627799999,15199.8362588,13790.5498076,12673.9764875,10113.693490599999,12548.8101351,12373.6113581,13291.3367067,13494.7925167,13214.4825767,12640.6442312
07_NAM,2.B,Chemical Industry,CO2,40754.292025999996,40334.559297,44860.325606,45868.607265,39779.041651,36394.554128,52221.392228,58109.275875,54397.918279,54940.673593,51350.529952,51304.04517899999,45586.19651,53339.338571,54420.70475999999,56251.8434,56926.53495,56668.79929,58190.15096,52007.514429999996,58740.39984,57126.8145,63156.59337,66598.64387,71195.89057,71135.359,70675.50206,73608.57964,72742.97115,71093.67635,75680.62375,56109.34765,62810.766449999996,63172.57525,69384.72427,64057.13876,65117.37444,66397.09649,61789.504089999995,56458.559,59869.308730000004,63688.16693,62873.42147,64268.61503,64821.918059999996,68807.46854999999,71490.3754,74192.23663,79332.93894,84224.99480999999,86381.05881,84656.18385999999,88834.03243,86723.50345999999,88091.50003
07_NAM,2.C,Metal Industry,CO2,33511.184124,31491.641079,34042.484781,37574.438089,36525.099876,30499.338793,32565.896104,32266.502948,34436.144576,33978.083955,29938.451785,30571.822979,20806.759448,22164.907294,25215.629793,23458.571108,20949.68722,22733.090624999997,24973.529735,25385.73966,24974.701590999997,23726.814526000002,23641.446884,23395.885855,22662.065204000002,23111.78029,23242.900568,23625.871943000002,23684.333007,23606.280199,23399.673689000003,20153.374207,20377.473449999998,20236.928167,20281.996564,20246.588371,19931.196377,20177.012243,19943.741767,14944.113771,16680.799872,18506.005534,19164.630576,18776.822116,18322.944985000002,17138.132459,16372.620055,16398.84872,16088.788402000002,16309.678369000001,15082.684739,16347.070425,15462.545377999999,15427.587796,15733.987356999998
07_NAM,2.D,Non-Energy Products from Fuels and Solvent Use,CO2,13432.965524570998,13171.662100968,13235.129177731002,13635.165623307,12996.594634273,11922.283086819,12802.006958654998,13388.767139199,13834.734345591,14261.666561187998,13593.924871962,13457.182288967,12652.863666494999,12717.648435423,13008.400716827999,12541.708267768001,12529.070036466,13266.287814813,13056.22866196,13214.790579027,13250.697079997,12769.067844160998,13060.125015142,13313.962495370002,13896.99323081,13667.884864540998,13045.042390967,13509.44053048,13348.291414025998,13519.348637159,13085.442423755,12834.512418288,12046.499008067,11539.941846423,11646.702170507,11657.270818198,11409.778862213,11534.727257147,11356.205466629,10774.259881839,11485.794370090001,11160.363876919,10828.000934292002,11119.993778631,11307.577096009,11403.698229309,11336.146478321998,11723.274941529999,11066.051947441,10948.887272073,10753.380022758998,10682.981780224,11298.544611270001,10348.060382727,10246.949673870002
07_NAM,3.C.2,Liming,CO2,3105.2476192,3105.2476192,3105.2476192,3105.2476192,2846.5380953000004,3197.4904766,3183.0333336999997,2905.1523813,3059.9904759,3322.9428573,3540.7428571,3126.7238096,2866.5476188,3072.4047618,3169.676191,2819.4571428,2609.6190477,2784.62381,2879.6428574,2868.3809522,2810.0285721,2923.8000005000004,3006.6666674,3165.6428571,3013.1095244000003,3238.7142856,3387.2142857000003,3391.2476189999998,3258.252381,3201.4190479999997,3112.3714294,3213.885714,3281.7714290000004,3422.100001,3220.171429,2837.2666675,3259.038096,3140.657143,2749.057143,2852.719048,3235.571429,3423.7761920000003,3460.9666669999997,3544.776191,3504.442858,3719.728572,3608.314287,3708.833334,3733.661906,3844.604762,3700.9761909999997,3401.3047619999998,3633.719048,4357.377877,4332.936284
07_NAM,3.C.3,Urea application,CO2,729.9284387299999,729.9284387299999,729.9284387299999,729.9284387299999,824.2141359000001,1140.3855071,1350.7997547,1465.3568761000001,1649.9996999,1693.3711204,1817.5139557,1847.8425212,1902.5282257000001,2431.4709863999997,2492.5995468,3003.3137393,2886.0851892,2904.1566149,2946.7423214,3189.5279913,2939.3566084999998,3072.4565839,3330.1708227,3489.5136513,3535.3993572,3556.2993530999997,3552.0564969999996,4007.613557,4037.627837,4160.984957000001,4360.084922,4533.256318,4719.941998,4794.270557,4479.670614000001,4595.170593,5075.870505999999,4788.456273,4652.213439,4965.870525,5478.156147,5917.998924,6328.770278,6008.827479,6279.42743,6558.984521,6528.34167,6712.984493,6542.170239000001,6988.613015000001,7228.098685999999,6759.813056,7195.727263999999,7292.275817,7390.734662000001
07_NAM,4.C,Incineration and Open Burning of Waste,CO2,83.137992225,84.557115853,85.979215457,87.384119597,88.744111004,90.03972370700001,91.290867116,92.48493505100001,93.63186956700001,94.747219483,95.84688192399999,97.08959671400001,98.32244176799999,99.58459861499999,100.92727044700001,102.383862354,103.848035819,105.425044819,107.070782739,108.722330863,108.896284297,117.94605238599999,127.481625307,135.62652003,153.815901565,178.267568805,158.340932129,140.198376311,167.37017791,149.056530259,179.401290408,191.517411225,197.254520216,153.39733843000002,172.384667357,170.618576574,157.515829058,143.606364213,157.21757331,142.93090056100002,146.857075711,138.359067005,96.827947836,102.463883056,121.652284956,138.636765256,140.11662835599998,141.181598836,130.458774355,127.358254921,126.061828396,113.431762444,113.431383835,107.881340775,102.606391052
07_NAM,5.B,Fossil fuel fires,CO2,4730.0,4730.0,4730.0,4730.0,4730.0,4730.0,4730.0,4730.0,4730.0,4730.0,4730.0,4730.0,4730.0,4730.0,4730.0,4730.0,4730.0,4730.0,4730.0,4730.0,4730.0,4730.0,4730.0,4730.0,4730.0,4730.0,4730.0,4730.0,4730.0,4730.0,4730.0,4730.0,4730.0,4730.0,4730.0,4730.0,4730.0,4730.0,4730.0,4730.0,4730.0,4730.0,4730.0,4730.0,4730.0,4730.0,4730.0,4730.0,4730.0,4730.0,4730.0,4730.0,4730.0,4730.0,4730.0
08_LAM,1.A.1.a,Main Activity Electricity and Heat Production,CO2,69628.32944747701,69630.624093812,74055.340158415,77385.15595401601,78508.952054536,84260.439443049,87885.674711352,94479.795375901,103950.124001708,112543.564446773,121200.239514263,120560.999451465,123145.591619188,127661.158464922,129201.287430847,127909.835427017,144730.147595629,149614.925766581,160866.18143729502,166081.876888918,157770.708952631,165389.116855058,167636.032842323,171659.887455025,186970.11708848798,191854.594217489,201556.145566484,220818.28528798698,249437.610499509,255327.127145682,266181.619344117,274437.66195930797,277155.232555776,290133.588984757,296317.334945851,309646.342175743,316378.031768291,327028.936120252,336097.061347639,334093.21375581104,363705.739482146,371253.689536684,411202.851037429,428492.244566507,444592.466208063,459948.495222962,445921.997829249,428042.859942496,407252.534471485,411321.882019195,367948.37956124597,416369.647548515,348338.451571892,372721.835430382,382215.99040065904
08_LAM,1.A.1.bc,Petroleum Refining - Manufacture of Solid Fuels and Other Energy Industries,CO2,61486.65365437,61486.65365437,65441.13441917,73592.35278916999,72175.61764545,59312.091273230006,60807.319575149995,68193.29557126,70473.69368817,75354.39743955,82132.19319562,83437.00035872,85554.52368745,79632.62724148,85387.4438708,86683.88688809,90237.71635373,85532.92603549,86800.87687798,92714.48792651,89632.86772209,92150.95528796,98222.35457866002,101351.76152870999,104826.70900513,102511.45960074,111018.39010565,125601.29111451001,131148.87016304,127106.49224614,138869.126164314,138923.727122419,138632.788015175,146530.768338086,156013.318133511,156578.438235908,157972.876242786,159207.017050328,167414.800642978,169627.08567868298,159152.329573942,161131.180367293,162308.823590927,161232.549739666,158824.309522383,153211.01152251,145046.121407415,137615.0158829736,132710.424287311,127260.948305667,113671.186366668,114617.751042472,116540.230568439,114530.90284228,118396.819865786
08_LAM,1.A.2,Manufacturing Industries and Construction,CO2,116361.031836529,116361.05738273199,119873.65456879,132169.536837175,142218.798006832,146960.034432049,161672.099631935,168850.097190381,179649.998987557,188765.42716187699,189094.039887923,179529.474180563,177711.76289746398,180305.02711793198,180582.126598473,180515.25944503,175683.661156279,193007.80404403,187451.646547115,193914.723517183,187205.62228314902,189557.053551096,187968.632876906,191170.774143761,199252.928850789,205395.913922881,223537.34288112202,238547.46889710802,238862.05198884397,231830.938058622,241044.53610415902,236564.933710287,241522.632385772,240416.146009883,252394.13237128,258217.875359843,266683.601678676,259367.814397904,264152.404969738,234734.99690113802,279539.604597554,298074.262513584,284370.099828703,294115.9566542,278960.359518005,272378.780141022,250730.20323904,263577.134055767,246762.820226284,239038.858205055,219197.035989061,224902.119712477,242523.51268356398,239380.014841439,242588.292259521
08_LAM,1.A.3.a,Civil Aviation,CO2,3471.530033594,3471.629831436,3766.2390947460003,4202.33634278,4770.574801459,4999.967040373001,5432.359079212,5638.732252748,5897.751379824,6503.148717095,6769.920129037001,7082.0839578390005,7306.490924794,7220.841357081999,6675.098597397,6760.66717049,7391.785084879,7604.731006455,7332.814552448,7649.762921701001,7605.6570092540005,7794.939964112,7738.984783375,8089.203192879001,8314.509318646,9751.453498253,10768.955391894,12062.361191630001,13041.123556149998,12203.735193906,12496.676800319,13033.371466424001,12288.981645591,9402.56457135,10261.758628095,11240.082898817,10832.377807686,11657.922541151,12510.290260861,12370.643169240999,14364.312407993999,15657.396240463,16255.649579070001,16197.301801901,16338.660474909,17272.833375959,15937.651293299,15970.210443741,16515.832956345,16566.149484696,8869.107731222,11254.74595046,14707.876361280001,16013.471623592,16717.600505620998
08_LAM,1.A.3.b_noRES,Road Transportation no resuspension,CO2,122684.30499022799,122684.442681947,132690.478311315,147062.224883646,152959.587155147,159776.504254021,169765.751454176,175874.450339627,187874.265536663,198958.712422349,204815.321520763,211192.46287367502,211311.884120346,201478.309269244,202840.583076334,202974.496538242,235840.883584928,241027.397001853,246719.34350583798,255924.23111416702,266066.08895947,278741.365095463,285710.724580948,297581.423558103,310074.485094681,321082.471792172,342063.414699585,355182.562427641,368668.824957696,364991.53221994,368367.736002315,373040.74874927703,378401.122720916,382518.70800283196,404284.300910829,419931.30769385,439406.714422113,464191.738746637,482394.415025398,476795.874416599,501363.387536236,529817.959720673,552417.555074864,564321.965347247,568610.574123434,560650.534427692,567735.629165252,567455.306348462,553707.6344191721,561675.991157262,462789.376352748,514839.22990133,566482.867522219,574834.489633235,577745.5266656961
08_LAM,1.A.3.c,Railways,CO2,2189.55545044,2189.55545044,1991.29282866,2319.1515434,2914.5019051199997,2907.69528802,3179.90648247,3026.60145565,2976.397122,3121.0665108900002,3064.50871071,2975.1477783,2689.5304134,2512.34100224,2579.0994525300002,2498.1524675299997,4097.35757891,4524.30937685,3795.86431513,4201.01483559,3914.92097941,3526.12217238,3584.3923539,3660.2512571,3350.4827056799995,3222.00590706,3249.1633587799997,3295.3843158199998,3015.91353202,2961.12713722,3141.72115344,3228.5368862299997,3256.6484870299996,3589.1665249099997,3791.2945493,3838.6560504999998,3896.40863485,3870.56603666,3987.64782971,3920.69667144,4926.4058916799995,5141.6253508400005,5118.64983744,5213.98732134,5096.53274524,4993.6185663,4980.428054479999,5177.85816567,5348.39130631,5174.16785031,4262.11547019,4139.45791951,4874.77273694,4980.336710722,5009.426602126
08_LAM,1.A.3.d,Water-borne Navigation,CO2,5675.832385,5675.832385,6027.8008694,6096.9568229999995,8308.9866651,8968.02880634,9361.28403664,7749.000610960001,8302.93617196,9936.01162327,8273.9151913,9569.1638506,10287.6287919,10361.0082995,10937.8900507,12130.0078672,10094.238614540001,9111.43982396,8866.33823053,6692.069152759,8523.715201143,8748.276506755,8344.943036968,8464.534726775,9400.375769061,8891.971591241001,10810.039155777,10289.207465374999,10495.587145498,11195.332955032,9725.107678554,9357.224833322001,8209.058274536,8033.034651523,9189.221976187,9668.999676703,9488.851235018,10427.521173301,10818.016305898,9340.977740945,10157.009325823,10505.536124994,10697.237447733,9647.770440035,10011.653823408,9624.621466569,9320.603443199,8844.785261706,9605.700088562,9797.433112581,8113.338705558001,8610.19374221,8647.198837506001,8884.789618019,8045.979750226999
08_LAM,1.A.3.e,Other Transportation,CO2,10675.574608219998,10675.574608219998,12346.91636494,12988.68759121,16003.53260808,17719.06662774,19682.498268119998,21009.34058025,23094.54670229,23523.364016980002,25494.62047406,27649.693397733,26823.913972993003,24414.034563586,25382.494526987,25519.035371438,1928.040336539,2070.484759162,2363.4571136570003,5002.003259669,2686.7667127239997,2733.888240797,1872.064551774,2094.2837327049997,1899.813577233,2354.042272665,2596.106313937,2676.728039754,2714.580024684,2831.56142996,3005.643428564,2857.9700025700004,2794.4274762239997,3183.436453032,3676.5269435980003,4304.579801099,4466.2197519189995,4149.931305758,4219.217064235,4383.986273740999,5485.9150133759995,4925.1114673619995,5408.8182116,6025.868674271,6111.06563522,6057.477149907,6219.049915574,5710.744912151,6850.518235291,7161.069831695,6403.225144555,5787.344683619,5887.636578339,4698.904412917,4852.265795869
08_LAM,1.A.4,Residential and other sectors,CO2,50122.678859827,50122.711801163,51518.970690981,57204.610900979,60567.43214581,63909.593764938,68551.856573256,70587.043345355,72422.524606116,75428.17304474,80230.97572654,83872.06643033,86291.931714514,86214.70981730601,87453.823870599,91512.911191622,93138.152504988,97855.89098506099,102318.742007773,102956.652180356,102342.30473383001,103774.993364645,108594.961996138,113016.916774271,116413.99014636,120165.389233324,123567.714957717,124426.941148576,123190.145601428,127316.93439178601,131344.219752422,130019.41289425899,129255.524141721,127230.511546439,132964.948762788,133787.98447452902,134193.527316983,147138.86857160402,142701.853680378,139933.45482121,147185.33895002,148591.55538632,151071.277732187,149872.82135857,149072.775705011,149123.515515364,149950.60987389,150559.94466545602,148158.980691656,144549.6204208,142011.930318514,145397.892503059,155306.074483337,155042.273968484,155886.775453587
08_LAM,1.A.5,Non-Specified,CO2,4116.859486944,4117.536856007,5025.6290697429995,5243.087731436,4630.938066716,4568.346089466,4292.132860798,3557.324439085,3128.107596232,4056.008904466,4731.434580078,3217.936142511,3713.032192402,3628.45075773,3444.980616583,3347.255500322,3339.529792934,4732.619319748,5056.4596333869995,5160.567469517,3515.797973867,1719.8516058320001,1773.4315545570003,1596.709714887,3867.120624057,1671.868557325,1796.784387893,3091.139018182,1658.0746675130001,1538.607908262,2805.020564895,3533.662652403,2846.046011838,4002.095490704,4194.020879883,4698.147360637,4499.023523439,4997.352841661,5803.929954171,6763.19081147,5844.911706183,5836.463956755,6089.5306466540005,12592.457693506,12620.624086724,11197.104408869,10659.414184897,9519.058776034,10009.492818981,7326.520314724,7425.535147173,7473.458518377,5429.474369473,5074.44848603,5186.31077731
08_LAM,1.B.1,Solid Fuels,CO2,2765.394131051,2764.471675151,3183.109108662,2903.358054206,3890.815446181,4651.433438078,3395.462702083,5140.4344288600005,4440.873601723,4565.425313892,4819.003886192,2674.594497128,3398.238519113,3549.302849565,3522.516990713,4250.283489532,5246.208409681,4138.353151977,4017.74540987,3876.61717263,5341.21361463,3792.7648728,5293.634174415,5001.679760794,4858.877907419999,5478.04223498,5595.2749922600005,4919.422371061,4731.55215743,4663.68157725,4299.91909999,3798.1985387500004,3614.23902942,4470.99700311,5006.2290785079995,4009.030443386,3639.138062846,4589.421152017,5522.553442073,3855.45375424,7206.306629945,7188.727697908,6204.16497684,6948.834207277,7784.0169077400005,7357.928148877,6265.891452539,6994.580056935,7407.5051432400005,6994.042682660999,7046.825087079,8722.618164626001,9005.056844072,6837.71107123,6742.6167099720005
08_LAM,1.B.2,Oil and Natural Gas,CO2,37957.58960522558,39460.67690788556,38596.60906892972,38121.59001557962,38129.51818838256,36449.80837372914,39973.59670143367,32964.57453384387,38271.45361599335,36281.82815767654,35980.50346535276,33645.37670904948,39864.27033236426,33052.4215236035,33754.36530493507,34286.53155873384,28261.777114259286,34645.02253581562,30216.25867350758,29154.105579448857,25421.46678160442,31114.390515463703,28817.328886221512,31187.25110899361,44619.36973707178,35805.52431399311,41797.45801541189,40266.44041254231,40267.80846352182,36240.15272069176,32239.81824371122,29293.80368098469,26433.56931702368,25570.02093177797,23494.03059237005,26537.81148449646,29217.9098873017,31569.2600576541,34912.94519277636,32820.68425877363,34112.64879931574,33870.8366688465,50740.320146548795,51658.115319913,55665.631516730005,54164.296903521,51636.469676141,44922.065196915,47320.797464298,55728.914450557,55548.477467262,58558.179100065,53805.613847407,53315.154296227,53978.9172381228
08_LAM,2.A.1,Cement production,CO2,16851.8714,18195.9238,20218.645800000002,22132.2106,23618.5494,23957.381,26334.7864,28028.1814,29940.7958,32042.776599999997,34640.01,34620.083062,34136.068584,30410.371684,30140.306,31124.352,34421.46,36969.781,36366.263,35631.227999999996,35843.571,35314.364,35229.339,38341.815,39526.234,39985.295,42740.879,46193.028,47921.625,47328.976,49406.437,47907.644,46451.256,46787.333,49130.252,52378.192,57012.524,60369.356999999996,60943.182,59464.524,62664.936,66341.551,71268.961,62738.541999999994,62646.787000000004,60443.283,62781.95573,64733.21297301,64664.58466013,64618.77294945,64245.03538739,72046.8970864,71662.9719387,72160.65281279,72868.11046812
08_LAM,2.A.2,Lime production,CO2,6478.65,6532.349999999999,7059.45,7588.125,8045.4,7329.525,7658.025,8577.45,8851.5,9281.925000000001,9061.5,9188.025,8764.125,8562.0,8588.85,8735.625,8806.95,8893.425,11086.05,11350.05,11302.875,11596.875,11408.1,11775.75,11769.15,11744.625,12140.925,12675.675,13313.775000000001,13488.075,12869.623501999999,11687.79075,10779.900000000001,11391.900000000001,12765.45,12547.95,12705.105499967001,12773.030362511,13063.155697172,12842.769483192,13917.77253984,8777.902765769,9012.89044375,9092.162607445,9114.384954716,9018.75,8831.25,9093.75,9112.5,9000.0,8842.5,9187.5,9112.5,8917.5,8917.5
08_LAM,2.A.3,Glass Production,CO2,14.287678849999999,14.648484400000001,15.01492975,15.386468,15.762144099999999,16.14140965,16.5238106,16.90936875,17.2984648,17.69157785,18.089047,18.4907118,18.89609245,19.30405915,19.7134368,20.123003100000002,20.5324352,20.94148095,21.34995945,21.75770165,22.16445745,22.5698143,22.9734528,23.37567555,23.77700735,24.177555,24.5776453,24.976723099999997,25.37314615,25.764960100000003,26.15059365,26.5293854,26.90191355,27.269634550000003,27.63491015,27.9992321,28.3629855,28.7256289,29.08675385,29.44561005,29.80164795,30.1547163,30.50476915,30.512328395,30.859225497,31.21038883,31.492137006,31.776629369,32.063894241999996,32.374207408,33.559058171,36.87728275,36.360779824,36.170871045,36.537013261
08_LAM,2.A.4,Other Process Uses of Carbonates,CO2,3024.370157373,3024.370157373,3032.2127688930004,3078.061886413,3091.937276413,3096.160221709,3184.238787721,3196.907623053,3213.196125425,3187.259631555,3161.309775905,3188.475095483,3184.21651857,3202.98494157,3333.7670693,3217.59722959,3229.7449468900004,3197.04816346,3202.84193551,3339.050235895,3438.591520445,3474.3127456700004,3489.214877555,3670.9245062508,3728.3586121023,5253.190650549001,4593.2113573745,4528.513013793,4511.5079611108,4368.4376084183,3785.958157107,3866.29784986943,3651.46081863986,3455.25596114479,3592.10316335971,3726.69090389614,3786.1595946466,3792.9787173464997,4093.1055715205002,3857.6413073394997,3917.942560035,3936.7631276739994,15620.3577603187,14828.5190152605,15892.528036380001,16825.020083976,19284.4891394205,22189.295197296,25805.208759892997,27958.822915919,33059.845864316,36002.31548767,34693.499740725,34681.154475275995,34710.256787471
08_LAM,2.B,Chemical Industry,CO2,3967.7420079,4056.4863249,4382.8675955,4627.7392203,5083.8170671,7250.4758081,7101.4100705,7423.6992082,10091.5184491,11324.8689331,12571.8339176,11999.955506999999,14661.0672717,15889.7822617,15547.3372074,15749.5865849,15769.1630947,16440.9584378,17533.372572700002,18542.6364793,18693.8879786,18925.9239223,18989.9161916,18557.4493553,20819.4311117,21199.6737582,21900.6354962,21149.6522132,24518.387123300003,24362.2220141,24006.7228914,25805.9316871,27045.625158900002,29130.3852286,31088.2114887,33954.660784700005,35836.85616,35916.239865,36102.639108,36031.219693,37718.715654,37055.879589000004,34772.5520292,33289.9243588,32192.1538541,32133.6393023,30956.2033882,31941.009856,29930.8719192,30142.1780259,27362.178976400002,28545.0594686,28534.8278485,26578.770423500002,27021.348872900002
08_LAM,2.C,Metal Industry,CO2,12650.4615649,11762.07551552,12669.1171788,12924.6643098,12144.3050981,11405.887558839999,10870.21397272,10348.0982485,10185.7864682,11257.6331734,10545.9326468,9787.7979629,7380.89489106,6983.0951686299995,8815.745565050001,8902.98625615,9529.7565949,9883.342708,10120.6420208,10616.03770522,10084.692900779999,10405.959523900001,10309.5026808,10833.9717788,10692.2480841,10864.0196949,11568.4384887,11471.3635947,11204.501703,10841.3614638,12702.903656800001,11387.890495700001,12556.493089200001,13205.705076999999,14528.3648888,14820.1450403,14844.6214908,15258.8076815,14631.884536399999,12161.7390073,13846.0708839,13823.4248335,13650.911490999999,13384.2440705,12784.0273002,12179.482684999999,12078.9598086,12530.0658604,12644.3176231,11808.686720799999,11486.379010939998,12616.9451482,12176.448138599999,11724.796525119,11698.009804099
08_LAM,2.D,Non-Energy Products from Fuels and Solvent Use,CO2,1591.869136403,1619.097137943,1655.564597842,1718.9132631070001,1781.406642404,1794.7650433,1918.580439756,1940.4842144269999,1984.795392724,2032.278211139,2072.963637918,2102.795394521,2173.7610203990002,2203.9712808589998,2301.156272181,2811.963580382,2786.001429067,2774.622285599,2831.976890694,2920.684083409,3384.408621094,3378.481653385,3550.310753646,3690.918569407,3789.831427931,3842.4410026240002,4028.90805158,4236.454515401,4305.199178862,4460.498017671,4573.477135745,4551.935059441,4862.633960031,4998.046892314,5072.369681042,5321.799284183,5213.862822418,5576.352397388,5550.559689278,5142.583882682,5641.117712789,5743.889228253999,5710.907517803,5964.70166967,5971.324601681,6000.41978718,6011.552488028,6124.276123867,6067.736766428,6322.848486746,6165.851131333,6211.045838934,6298.160666203999,6310.906185847,6379.463755575
08_LAM,3.C.2,Liming,CO2,3266.26666713,3266.26666713,3266.26666713,3266.26666713,3374.171428854,3746.180952992,4419.066668,4763.314286899,4863.047620101,5474.438096774,5506.390477725,5635.45714443,5332.695239252,4523.20000085,5422.161906428,5321.590477494,5684.485715775,5480.723810648,4992.63809608,5005.104763135,4948.847619644,4615.495239142,4885.36190581,4817.58095279,5277.380953746,5551.752381035,6658.45714424,7030.25714446,6849.64762051,6358.00000198,7473.50476325,7171.895239794,6319.552381585,7483.247620499999,7366.752382680001,6818.219048412,7410.961906373,8418.35238266,7458.0000015900005,8033.03809729,7606.5523825049995,9270.90476372,9000.5142881,9268.70476303,9393.47619176,9673.81904966,9672.45714519,9571.99047761,9334.91428703,10153.628573648,11178.619049146999,12549.533336208,11764.447621665,11522.175366865,11511.488535864999
08_LAM,3.C.3,Urea application,CO2,789.799856484,789.799856484,789.799856484,789.799856484,870.885555928,791.842713123,1053.328379987,1429.2140258260001,1330.52832949,1400.2997453839998,1629.413989423,1722.4425439390002,1739.728255049,1785.928246636,2123.942470939,2470.285265194,2786.928064823,2964.656603848,2919.399469157,2922.54232572,2930.5566099109997,2606.0566691550002,2774.35663851,3010.699452654,3271.399405351,3124.1565747209997,3409.685094359,3629.370768949,3910.970717464,4180.313525554,4425.927766559,4227.299231409,4351.756351921,5039.4133695909995,5207.084767229,4696.684860319,5040.984797809,5822.9275122260005,5312.9990340310005,5063.613364639,5718.584674369,6423.055974389,6400.741693334,7026.641579064,7369.998660044,6432.9559730050005,8201.44136638,7930.527128914,7905.698562884,8009.255686264,9360.369726578,10050.855315454,9349.998300834,9646.495389554,9990.627582924999
08_LAM,4.C,Incineration and Open Burning of Waste,CO2,127.12558897,127.320686005,132.789405934,138.420583822,144.23469372099999,150.246766979,156.345723112,162.639205306,169.131308198,175.825437854,182.721971516,189.640572622,196.75009527999998,204.025955511,211.43310834,218.94172214099999,226.328220378,233.797106157,241.355372803,249.014211598,258.290616995,265.74133452,273.275202162,280.938356646,289.310076611,297.258018459,305.168621831,313.400693365,322.083623774,329.947057907,350.569996562,355.167062188,366.44357998600003,385.13371279800003,389.118700398,406.830360786,413.162738159,418.289230222,480.390589307,496.62681011899997,520.829527265,529.7011341340001,536.750031109,799.136110451,811.548212877,823.879774949,836.248142899,848.597949106,861.360273741,873.371323158,885.2605223319999,896.931471429,908.4310298,920.397645947,932.5326239880001
09_WEU,1.A.1.a,Main Activity Electricity and Heat Production,CO2,825886.72069273,876782.62150938,899732.51341532,968074.2969362901,966557.96580196,914897.8276613,1026974.30666946,999323.83117548,1030251.32894364,1095265.05775469,1102525.49567954,1059428.46986305,1043883.5690789,1022354.24354141,1002860.61739985,1008439.88217885,1020340.37080585,1029547.7893723901,1014430.46948039,1070784.8832797501,1077537.70370657,1096793.35519203,1074304.42396265,1020071.90669587,1036582.7138100499,1058919.4276577102,1084297.73958308,1058650.29497408,1083491.96034326,1083010.54999194,1115116.9384774,1136192.8318294,1163576.05633858,1204274.18777746,1211767.2093601099,1219342.95409854,1242390.97220295,1270062.88614301,1206610.87353026,1106311.2983988,1128617.01571893,1108483.19327798,1126506.5877261,1060421.59505963,1005645.95601904,990389.80220834,962318.4250435401,960165.7605907801,904207.7604726,795020.90900837,694252.57957464,747233.66614326,759289.6446354401,631825.716555062,586242.89624952
09_WEU,1.A.1.bc,Petroleum Refining - Manufacture of Solid Fuels and Other Energy Industries,CO2,149515.79240122,148139.73596052,150861.26886653,156993.41415064,160605.35167044,155667.47077198,164014.00690556,163849.7986598,161368.09723756,163907.0080966,162647.68500294,150860.66978698,146013.63415404,140718.84601562002,136069.92100611998,138035.24824014,146456.315275,143406.9764388,148085.47255822,150746.13104962,162672.50978734,165167.3070773,170204.09732293998,175068.92952584,181929.2139609,180188.34124491998,183176.60165589998,184542.58876818,188449.29782528,180533.1339442,178049.43798400002,175725.31374168,177038.127544,174201.0344361,177400.16414226,180017.1625136,179339.41100209998,179800.7165594,181966.6033008,169052.5108735,174926.8857262,167234.7719336,166590.2584654,161414.35844799998,155756.14257106,167076.81561679998,164600.7904075,172187.1895474,172057.0561947,170922.1929799,153594.63636237,159724.61464800002,158876.9994722,151502.291017948,149942.822607242
09_WEU,1.A.2,Manufacturing Industries and Construction,CO2,912776.1641513,852447.1400808,853777.7987616,897395.2791094,877087.8987969,792167.0656715,811120.2992872,797799.6698488999,789128.7980665,816353.4730583,744354.685971,699814.0594328999,649314.0193303,643393.2214431,643376.0696526,643201.8208386,607862.5322163,613664.2651215,617744.0527881,616121.4846123001,578419.2273258,555394.6071397,527472.657614,512726.5562451,519284.0896577,517721.2297604,519306.4595081,524709.7904303999,517737.1287621,505839.3107559,530045.1453198,517883.401104,513332.3599839,531634.7704463,511367.4455062,497514.4488034,489915.9920591,489191.3877956,452295.2004275,389137.2537255,426994.4166457,423679.4476431,413604.72156940005,400177.67172610003,389853.5273663,389529.7682169,386803.0602034,400252.2472928,405521.751854,390362.34395127,385714.48784924,421506.21288718,389291.03324481,370591.1511825,371065.53907753003
09_WEU,1.A.3.a,Civil Aviation,CO2,11595.5134095,12448.001295200002,13316.7075838,14329.209017199999,14974.018633,16049.295268499998,17752.89671975,18090.5357043,19148.5539557,18717.703808,20275.99182415,20324.6544515,21048.7514442,20479.5161067,21105.7296618,19656.68482015,20627.5614088,21119.716918,22747.80670205,23636.493914,17276.53044625,16295.4455055,16443.7712074,16197.8389706,15929.82039845,17466.57652445,18559.5956376,19734.50068815,20820.7223516,20722.84768975,22035.443771500002,21324.89456955,20560.184091,21062.108763,21897.343554,23152.77069015,23224.0607754,24579.02818025,23352.75672325,21395.98941551,20809.38025516,21748.86854516,20825.65468441,21300.89565811,21987.85945806,23150.48627806,24497.749919330003,24871.65849123,25623.77040492,26335.83531901,12842.81041999,16694.92284676,23805.83140617,25466.936425573,26755.074253603
09_WEU,1.A.3.b_noRES,Road Transportation no resuspension,CO2,324711.66500011,347660.77667431,372524.91960125003,398732.28776701004,384855.07820755,404680.17224621,429659.42579968,452816.64500288,482249.19366143004,495472.88934081,498724.31512315,495223.81954389997,505206.45182157,515424.91184731,530639.76640105,540704.5100624401,571045.981918,597938.40790465,634461.2052655,659669.10069284,686334.45729435,700677.7248624,722186.8309127,736669.8332939,740006.8226299,749899.1652763999,767154.9931055,773348.7467719,795252.8728091001,815381.7651438,820964.5379673,828002.7890389999,838197.7435492,842659.2120111,855770.4333165,849257.9509416,860404.9522010001,867256.5700881,839968.1499393,815706.3453097,808281.7947238,801867.8482539,780179.2058392,786823.7038709,796231.1129383,817179.8905353,832798.015102,836513.9996485,830781.0169643001,831752.6501665,717688.1900519,779514.2088085,792305.4915142,789995.82972971,797010.3459013
09_WEU,1.A.3.c,Railways,CO2,31263.858244,28626.2363469,26391.3372126,25992.7602781,23947.4759907,20861.4694964,19296.193328,18322.4191812,17136.218205600002,16368.465156799999,15366.637064800001,14646.1165577,13732.5888112,13229.9528883,12916.220117919998,12643.6195629,11975.4769223,11608.7450677,11095.4271596,10579.7123056,9865.872446899999,10033.492585,9715.2368868,9560.506665199999,9084.6371195,9294.985845700001,9078.785411500001,9065.8247072,8991.2959753,8795.032866,8820.0319365,8357.541764,8163.210484499999,8266.468311,8453.7904498,8416.4336433,8046.2107549,8074.6782953,7951.007509800001,7225.48736466,7315.94824107,6830.1003324,7004.11532455,5277.77872297,5282.61547341,5175.81828657,4987.31672197,4904.9216379,4754.49548806,4535.85391687,3783.27550481,4517.112175759999,4280.26141774,4060.7658812970003,4085.2635804
09_WEU,1.A.3.d,Water-borne Navigation,CO2,23458.858311429998,24309.96537875,24442.42552386,27636.27605386,30957.52498889,29663.76259509,29825.46729756,27025.31556396,24592.53384031,30920.46580734,29017.86292845,24968.08819459,22113.487843720002,22823.582533869998,24286.76408432,23789.37604027,23950.31133475,23397.92755328,23624.41195234,22820.84001142,21091.90056819,21609.47116827,21901.31328011,22098.4621748,22061.81085149,21483.66315904,23082.51557398,21884.791218360002,22542.24703292,23867.510464619998,21471.57207861,21288.60295877,21106.52577294,23945.123603059998,24610.30293315,25020.32161833,27003.14619082,26114.53985022,23822.34480126,23472.24316952,23834.31999492,22431.77625722,21208.24712064,20132.34439429,18581.493263610002,19458.37790496,19887.7701488,20534.38472546,20482.724708859998,20916.73618381,17664.56088242,18696.01534542,20197.04886871,19009.43383238,18496.384048767
09_WEU,1.A.3.e,Other Transportation,CO2,1132.0747992000001,980.45546496,1138.4870067600002,986.36291838,992.5488213,997.2445315499999,1466.44087961,1471.1868554599998,1527.9575957,1641.79846578,1646.51261439,1627.4535849499998,1502.6584635499999,1512.7825920799999,1656.54691578,1757.1884362,1627.6639134999998,1461.2430903,1418.63706421,1217.29248036,1147.57123441,1062.4516977,1014.77926451,779.87362098,918.28637808,1006.1431585199999,977.06721438,1058.13745373,1143.82384774,951.0023745799999,815.0850426,1123.93975331,966.9965569999999,3209.05586692,3538.54582044,3136.03596814,2832.31784849,2779.5971397,2598.93064693,2152.96685248,2272.60376271,2622.69699158,4608.03435807,3678.696407,3661.34114358,3258.7944718999997,3593.31619818,3943.33829037,4378.7224495499995,4023.12867057,2828.97932949,3448.5796025,3506.48565851,2801.848740191,2911.3853525580002
09_WEU,1.A.4,Residential and other sectors,CO2,735824.2854131,727469.4679569,764331.1546251,799304.573421,729361.7388074,716992.967096,751198.1593632,738621.5607204,782719.2795646,800364.6327954,737921.2153170999,693434.2942225,658493.9695956,647876.0242767,697054.4534472,738507.6669586,755254.2162483,743677.2414191,707157.9798166,664166.7437011,674411.3669358001,710896.7034103,684239.482053,688986.4711174,657288.7168701,672532.922177,735328.4925602,690403.2506576,687247.2061013,668204.9056629,651115.1352133,683945.477832,654529.221337,683000.9720608,685756.6880943,683938.3550363999,670242.9943088,602527.9937908,663722.4483894,641041.918073,671064.0507653999,593171.2933526,611931.1564055,620895.55723,536375.5435994,565957.9640558,569834.9396375,570529.3377252,555597.4167115,554891.1903768,553364.9994053,566152.1876306,509957.7269221,475889.56258050003,482721.189283
09_WEU,1.A.5,Non-Specified,CO2,58719.21680730001,62301.48669566,70799.75865548001,76069.14438574,73449.31280469,79265.04021979,83987.80689175,83698.76959373,67280.68381319,72467.12994431,70137.47572018,72627.88821435,71684.03400553,70338.68517183,31576.66977199,32055.786742329998,32943.81915236,33886.661045709996,26188.521615370002,22983.906975330003,22181.0916583,26148.257206839997,21903.87940672,21349.8198809,17480.6094056,20184.463831869998,22111.25450713,20214.791106099998,21472.5077833,20991.6236505,20657.3830921,21290.06002134,20063.37232769,11865.04923892,12362.398551900002,12370.7723032,14402.966179719999,11742.4660709,11058.87822414,10067.1879841,10659.733203830001,9921.32741285,10077.847275150001,9803.30290492,9044.00660533,8468.75993538,14967.173539759999,14976.77205274,15527.42895322,14961.88337344,14672.092357669999,15421.122575910002,15034.721598720002,14896.044318181,14630.865196192999
09_WEU,1.B.1,Solid Fuels,CO2,70200.761529982,56891.73862905,53630.49917782,51209.35183034,48044.46356853,45307.84855551,44036.50238167,37962.74897106,35923.96188197,39911.901812439995,40789.4605394,36916.78733366,34515.12169937,47326.121724942,44105.664489973,41009.94845158,33007.02415172,30731.376514360003,32498.987431712,41706.817138288,36302.926020606,38379.871552016,24468.002545216,22849.801544928,21473.273696746,22069.757507209,16905.037031521,16657.398799555,18216.202363277,17029.275502251,15880.498822505,14301.88458912,13473.669635139,13156.638104392,11702.353598864,10874.959873294,14428.37444358,14702.90473411,15207.179901103998,11548.385595004,14354.396144926,14592.993171950999,14048.608871062,13051.364390228002,13040.717887831,13160.636436465,12043.339874286,11451.139903308,13443.420424503,12726.870155672,10354.47640055,9076.01114964,8556.293586963999,7155.840903041,6394.736170287
09_WEU,1.B.2,Oil and Natural Gas,CO2,27566.301700825,36397.108224842006,41005.411783640004,43724.178575492,42158.539553484,35629.811292922,36293.726154088,34318.235226862,32153.701459672,37670.791292979,29340.746693811,26179.173553539,22848.019693547,20461.170780385,23356.358303497003,21043.867713526,20138.011820106,20417.022514844,19066.456769169,19727.481011412,20832.386657347,21605.772473249,21765.051578395,20647.322658214,21932.221272372,25453.95920616,23788.222470524,24455.280591115,23027.495698114,21170.823291739,24416.553766341,17955.294251157,17012.787893455,20588.672914634,22031.416831594,21531.069845280002,21292.96003458,22785.03687066,19286.176118850002,15568.331209304,18195.28629572,15623.310464,15165.843659229,16728.154843652,16903.211185871998,17623.610976699998,16339.976474174,15315.96157582,11259.59333409,11513.89337772,8465.93403428,11340.35823328,9047.704817695,8345.551698673,7805.802889901
09_WEU,2.A.1,Cement production,CO2,93209.89600000001,95713.4756,107439.7664,103977.20868,101344.9538,96391.4828,98871.61876,100842.61932,102615.35648,102203.58712,101181.0444,98398.295165,95196.480576,93184.16855999999,87981.984176,83705.375335,84197.96799,86303.280719,90672.361112,93718.975324,92543.9796044,89563.6338715,89593.9386642,85724.4310003,90035.65015100001,93324.516746,90902.4359613,93119.723024,95389.465082,96179.350418,98241.35887299999,96383.89928700001,96652.595254,98381.87109,102343.116257,104502.249171,107280.786781,111029.4311605,106000.6666443,94274.3919422,96233.4762858,94813.0380297,90924.8996078,91044.7127157,93651.873186,92777.7747705,96096.70560280001,98853.5693916,98714.32663930001,91316.92819886,98113.0932373,102612.8614501,99571.94516239999,103389.3957611,104630.8164292
09_WEU,2.A.2,Lime production,CO2,25487.325,25400.025,25287.675,25174.8,25437.0,22987.875,23191.575,21790.275,22051.575,26206.875,21965.175,20954.774999999998,19204.425,18315.899999999998,19391.85,18240.525,18435.75,18598.425,20851.8,21170.25,21011.74162247,19590.11617758,18467.17470373,19675.29103081,20721.55951418,21244.54036878,20313.384967949998,21018.06498884,21127.38503796,20539.80573016,20978.26252241,19083.87,19782.49725,19847.87625,21873.585,21705.57,22448.02582662,22898.76040102,22502.4567715,20532.83628843,22346.80239436,21818.28920375,21582.35872922,20020.40104247,19222.73302398,18959.25,18882.0,19222.5,19528.5,20382.0,18336.0,19509.75,17253.0,17426.25,17422.5
09_WEU,2.A.3,Glass Production,CO2,2772.103597632,2812.580719099,2852.816154393,2892.576997523,2931.49443885,2969.307997006,3005.960624819,3041.617478154,3076.50850651,3110.949345396,3145.1985918230002,3179.282049199,3213.233344121,3247.326995437,3281.909164524,3317.253529766,3353.403258217,3390.3364053249998,3428.189265719,3467.1191817579997,3314.312157369,3309.329559423,3395.603527321,3344.8744362019997,3550.996145198,3622.7651286220002,3655.364943145,3766.641940085,3838.614373596,3815.710081031,3945.933291917,4020.8343781920003,4038.549054893,4080.161851208,4100.670626342,4145.093675537,4190.88234501,4265.62106843,4213.609788116,3648.282626408,3928.894083359,4059.218674703,3907.329471815,3852.8627977720002,3939.350830388,4049.8192750880003,4090.170880288,4241.172370148,4385.480414510001,4339.300195489,4102.047375696,4285.158857797,4302.813157791,4338.726041802,4390.0668322129995
09_WEU,2.A.4,Other Process Uses of Carbonates,CO2,9304.87899494,9309.00310686,9527.64298771,9974.406173239999,10161.7438536,9862.302457130001,9972.10570443,9853.29465747,10231.78732778,10523.3607417,10504.74478207,9994.01703931,9253.17639469,9205.9436979,9138.29904758,10178.69388123,10145.01105309,9965.708394700001,10128.52916476,10120.824552805001,10223.096767859,9863.731333921,9693.061524907,9369.222842497,10117.524288988001,11286.942392845,11337.062825483,11441.510716781,11766.552971531999,11761.766803533,11696.787465952999,11768.957234185,12037.99360198,11989.642001144999,12498.369065698,12969.578836475,13039.7541774,13280.182727092,12105.858336263,10496.158893205,11607.665352052,11844.120343260001,11915.431660186,10425.982341899,10462.416453625,9776.663015168,9279.541841989,9400.484300003,9240.576895586,9013.560361402,8543.558475877,8795.178096433001,8852.375990058,8945.456456462,9051.810304582
09_WEU,2.B,Chemical Industry,CO2,45701.1096007,45777.5221034,50610.585497,54040.4931926,49284.280136,46150.78560303,62113.1308324,59076.0392654,61322.3299869,60736.4651254,53162.620559300005,54098.1479418,53905.0525605,56288.82174664,58656.02963446,56643.8014887,56631.68460437,60660.81305033,60691.6556086,58255.75540997,62958.97500697,58476.353490299996,56552.603048,54544.73025293,54486.6706361,52048.040215303,54961.673362297,57180.2741611,62164.395205297,60110.995334303,61162.87752,61504.2539931,60420.013319,64115.8931757,65324.675315,63201.9045481,62274.327477,64055.084016,62797.4248901,64108.6673564,69509.381905,66344.577005,64137.9825456,58183.144015,58080.3403503,59079.2414038,59840.1225962,60788.072941800005,58874.5493012,58538.2576147,60013.630873313,60775.106815189,53501.695101874,51778.531006255,52179.139051648
09_WEU,2.C,Metal Industry,CO2,50405.3729888,47351.0549586,51897.5455603,53987.5896405,51764.8807367,45692.1464196,45506.4444902,41740.3775431,41657.0426324,44269.7667382,39272.6191508,37486.7182386,29695.7608253,27704.94620648,31946.69232836,31131.26864432,28602.9943434,27794.6990992,30352.6168251,29545.2836529,29359.5545164,29036.7418224,28143.7696247,26995.2250767,28019.1175924,28473.9564559,28789.9761937,30604.0876625,31511.5132637,31301.772048799998,32457.5271858,30469.3450167,28464.5640914,28679.9394505,29491.1050886,28513.4296753,29049.1649465,29715.420288,29871.0846208,21537.4404859,26677.298124599998,27110.5229833,25547.8061199,26584.3381733,27510.5925314,27795.3322264,28377.28049021,29119.68494495,27911.36561625,26542.934576749998,23888.3479618,26450.1951305,24495.8514526,22758.347762297,23430.856283974
09_WEU,2.D,Non-Energy Products from Fuels and Solvent Use,CO2,14626.565945949,14197.627167843,14497.893750724,14293.278340134,13600.808775403,12974.599719618,13584.274764855,13816.780571801,14123.032217484,14580.160707775,14928.603354308,14909.774120893,13862.126303556,13594.161852364,13475.488340037,13350.835813615999,13200.517209196001,13501.082622992,13619.2097651,13395.298797164,13700.982559457,13008.732483808999,12884.469276945,12525.751662059,12299.1620067,12258.408853817,12711.003184073,12878.174486507,12812.995512688,13056.058655307,13352.238890129,13105.699362813,13318.893194090999,13282.881430418,13592.737270164,13619.076973092,13696.755019176,13641.629737921001,12898.946723534,11475.24337141,12127.350264763001,12292.771188822,11570.216734362,11411.382107575,11507.398241153,11354.434936543,11139.273667245001,11227.345305767,10992.199221084,10718.652386078,10422.587181348,12372.259222904,9885.883843513,9330.208250314,9277.82992813
09_WEU,3.C.2,Liming,CO2,8635.733333699,8635.733333699,8635.733333699,8635.733333699,7911.828573453,8367.333334762,8788.266667773001,8903.400000845,9627.828572302,10506.676191293,9796.390477185,9959.609524934,10138.228573027,10221.304763792,10362.523811028,10448.323811606999,11309.99047782,10630.504763309,10268.761905965,10337.695239446,9271.638095205,9372.104762835,7482.7238107779995,7620.904762361,8449.047620269,8770.352382706,9293.219048477,8997.685715186,9012.980954223,9565.076192350001,8547.209525004,8825.457143452,8576.333333342,8889.885715033,9400.180953403,8372.571429530999,7644.580953502,7900.828572181001,6767.514286013,7695.8095245429995,7447.523809255001,7021.142858454,7488.485714323,7796.695238746,7319.9238099429995,7200.704762259,7493.30476233,7132.819048634,6220.238095146,6710.000001602,6657.304763110999,5519.800000796,4831.912382244,4947.012997226,4984.535728483
09_WEU,3.C.3,Urea application,CO2,736.999866008,736.999866008,736.999866008,736.999866008,659.057022995,1020.17124312,1391.971175469,1432.356882413,1673.099695726,1980.471068577,2045.842485308,2025.4139174349998,2055.428197647,2219.956739275,2049.928198699,2466.199551712,2776.3994952040002,2850.413767698,2737.113787999,2743.399501159,2520.885255948,2581.385245022,2278.571014338,2508.156686939,2209.742455369,2217.285310966,2399.25670668,2471.542407778,2711.028078545,2964.342318087,2869.113763982,2808.456632319,2712.285221012,2919.8708976469998,2694.999510128,2672.9995138699996,2811.12806032,2897.242330439,2943.442322078,2875.5566199229997,3217.1851293229997,2679.128084257,3135.156572893,3379.6708140250003,3528.170787192,3815.4278777520003,4293.142076422,4211.270662639,3768.4421722529996,3633.9279107009997,3894.9421487910004,3304.3993989419996,3720.8278948039997,3622.739341662,3541.573226128
09_WEU,4.C,Incineration and Open Burning of Waste,CO2,2074.874118023,2109.145824582,2144.2184254480003,2179.444354754,2213.837105353,2246.695977311,2273.1203908439998,2298.001086694,2321.910126119,2345.685982819,2369.982847428,2392.833934648,2416.23248686,2440.222045741,2464.782419247,2489.881878379,2514.484847953,2539.696268269,2565.257931977,2590.802560242,2607.872095668,2655.009244267,2709.8525191490003,2625.314894996,2596.149897457,2526.283060819,2525.099236487,2233.095905074,2239.09107296,2270.882754545,2323.912655959,2401.476904498,2492.5530194770004,2570.99312026,2505.111839306,2481.279112697,2422.352083547,2439.475144871,2430.034456517,2210.154549558,2398.123972985,2534.151046115,2653.084582641,2425.137957588,2454.656932424,2490.199018881,2391.09360341,2440.549851526,2441.993842847,2463.04323016,2338.489241963,2459.733589326,2325.853753839,2303.42297445,2282.097669201
10_EEU,1.A.1.a,Main Activity Electricity and Heat Production,CO2,295533.0820754,303724.4210854,326337.30858219997,349010.6237059,367157.8058362,380849.9000675,413233.82451299997,434862.0255825,479464.0198339,485152.91312680003,489444.58399310004,498863.0540852,509316.6385248,530214.5255668,544622.9211713,557635.9159753,563245.2637677,564273.4654284,561198.402867,561077.331462,559829.7493887,527933.7219076,516914.28207,488364.7959979,453801.3462568,449470.22030509997,464046.6370216,446668.0923314,432794.3879952,401694.559861,410065.76765299996,422336.0293777,407859.849559,429115.0161272,418474.41276,412850.65172039997,424510.9941144,427479.28923958004,413736.570915,390358.92562284,402962.96779436,416404.09665664,391331.450387,375985.694118,349767.766652,357658.89137,356738.150854,359271.87810100004,348536.829063,321137.457588,292828.031396,318061.799374,315888.1982151,261950.02297589998,242779.685725
10_EEU,1.A.1.bc,Petroleum Refining - Manufacture of Solid Fuels and Other Energy Industries,CO2,19975.01330687,20680.50351987,20654.296928233,21704.035279196,22507.428308743,23860.813019227,25653.77836838,25838.19661932,26879.31402586,26434.49788367,29668.94784868,32069.94168463,32849.03213472,32677.28702853,34702.29616359,36544.04462004,37255.36084417,38021.01989369,36623.76379374,38270.56332246,28695.70753947,24241.66221566,22802.62883706,24755.42365326,31024.193255449998,31308.03322887,31943.562502970002,34662.59139308,32956.927918220004,29731.02991966,29869.27226407,29475.09805626,30553.82181618,31167.08746635,31508.49283191,30960.3619923,30506.320004870002,31008.32708363,29594.59688556,26359.13413186,28354.32914858,28339.78597364,26991.59857932,26570.07249438,26719.24982526,28451.075296080002,28268.644238800003,29097.66165729,28262.27043189,27410.57518355,25851.303137540002,25908.47065444,24040.88622852,24546.59618383,23675.284393759
10_EEU,1.A.2,Manufacturing Industries and Construction,CO2,240394.269273,242600.212563,237738.73872700002,244181.76444,252606.45997999999,267544.5423954,278824.58969409997,297492.132854,304194.210946,314720.441824,317317.085013,300299.873165,296129.093711,293245.62998900004,299509.819708,286232.970544,288778.335651,286361.013103,291356.918244,287231.770697,231472.237545,190320.91634,148575.4615709,141373.6115488,146186.0687096,162829.7894758,169962.63693459998,164449.347443,144490.1690152,121367.6838768,128730.55408520001,122914.98424820001,120032.575763,119988.6121845,122714.27860969999,116834.1251102,116684.82933919999,117816.36514960001,108414.9608656,86387.2070967,87335.9161602,90463.8107524,86417.1914257,84884.25271280001,83914.6721402,82563.61031820001,82718.1968486,88595.7413769,92463.793829,89697.2992602,85515.8622754,91019.6297447,83087.4532992,74177.1198458,72664.965352
10_EEU,1.A.3.a,Civil Aviation,CO2,7.350245308,7.350245308,7.634477004,7.82656087,8.037005118,8.843591726,8.753669694,8.788164417,8.936156549,8.982751949,8.750331345,9.172749491,9.448079628,9.823693807,10.13824744,10.24798985,10.3635048,10.4976578,10.6453722,10.75038571,172.402737,43.2461519,21.6859909,46.5154739,80.458875,62.0418911,71.24356850000001,246.50651135,357.2101694,363.33415403000004,246.574801,350.45987655,253.6717322,309.32563005,273.45894915,269.11668095000005,207.26677615,546.4447183,490.20464300000003,476.47143545,516.2332269,494.84708225,313.70592865,320.95624865,275.5333013,346.90876095,387.65301135,493.6413724,461.6843456,503.49006895,332.32214055,300.6484907,374.86953925,303.851469787,317.947830493
10_EEU,1.A.3.b_noRES,Road Transportation no resuspension,CO2,46696.510223799996,47760.1032848,50281.2563822,54245.8957996,54980.6140303,59540.8798064,62647.8663263,65551.6393526,68543.0724185,69415.149302,66133.8566257,62543.3671964,60750.891849499996,60818.0469389,61080.5627741,61397.1081203,66403.8568554,67582.4334063,72416.3958919,76989.58963840001,76755.8977757,69288.34067409999,65914.1275938,64830.1139886,66925.6923053,67897.7776191,80030.9886247,84807.1940461,86693.7820493,87370.53374700001,84261.221532,90955.011441,94209.335261,101030.855566,109848.273575,116786.36442299999,124465.827077,131342.592652,137833.834589,134902.924713,134980.402138,133952.494152,131800.19578,127024.366662,131832.063462,138562.812947,149725.435181,163017.904709,166628.055568,170532.761951,158894.519627,172230.051013,178316.208889,179664.158701,183588.834065
10_EEU,1.A.3.c,Railways,CO2,27368.5839126,25931.9797736,24362.027514800004,22875.497784400002,22511.734271700003,21620.6910204,19355.3076823,17898.9109968,16759.5067225,14855.093237600002,13075.4266398,12001.0488491,11046.3180564,10618.0106781,9819.1931397,9130.2014053,8395.5578372,8019.6018681000005,6867.3802892,6089.2724209,4150.4827392,3457.4163808,3941.03113798,3838.18196402,3242.1428564400003,3084.2382377599997,3308.97455336,3255.52221414,2943.22384496,2812.5031092599997,2943.78283211,2389.87293756,2549.38177801,2510.48892493,2538.36893751,2150.75596633,2074.80268737,2419.64540597,2404.22547519,2029.7999059,2061.988701,2163.55368343,2060.56425413,1913.2271756,1692.53242389,1625.4464666899999,1527.60542875,1573.1553022800001,1565.02987235,1546.28222944,1343.87094544,1419.91539797,1272.2592585,1253.79591957,1283.9019993250001
10_EEU,1.A.3.d,Water-borne Navigation,CO2,1300.5116009,1241.3110456999998,1338.97804797,1258.63717067,1331.9367668999998,1229.89955829,1296.03582129,1304.48750417,1404.54315006,1241.4968435,1571.8793533100002,1431.6740662,1165.82148211,1110.2719937900001,1093.6344693,1155.5849451499998,1115.22453508,1061.15501578,919.07738247,2217.85553314,1858.92971805,1651.1573609400002,1503.53890086,652.52716335,562.19352954,515.19802152,734.21773613,1331.83407021,890.7155199599999,914.2981149699999,574.88667471,562.13551307,634.37079253,516.44924562,423.26280641,430.90890522999996,468.68972803,570.8690853,670.35336963,470.69708014,465.46032528999996,456.29012293,437.2509245,486.22882576,476.97014707000005,482.86638372,476.61644148,491.44640090999997,471.65713344,500.12345277000003,445.72641737000004,506.09742533,480.36718361,470.90888727500004,457.942451722
10_EEU,1.A.3.e,Other Transportation,CO2,0.0,0.0,0.0,0.0,0.0,0.0,0.0,0.0,0.0,0.0,493.18632,512.01909,534.43665,549.23022,622.08729,638.95095,685.60371,722.96631,713.27223,885.528996,193.52106048,60.58810098,248.44150709,207.45526879000002,34.4766915,49.825612230000004,117.73886955,112.82093439,347.39754176,308.87679352000004,733.76573663,2039.87916934,1843.67593711,1747.86893035,2296.39191348,2667.2717047,2452.78051168,2680.7004641,2983.2787286,2280.7061761,2098.24027029,2461.8463517,1982.90755707,2136.04233021,1814.72686485,1686.78276463,1819.84964488,1972.85717111,1977.23780858,1816.1192434099999,1428.08021135,1259.81416144,693.1987119,787.32874986,832.9044653750001
10_EEU,1.A.4,Residential and other sectors,CO2,133022.625355172,130462.905325172,133511.67867744,135920.59278944,136882.26097032,149044.5793598,151837.54154960002,153762.102405,157531.1552598,163411.31261579998,171002.23656499002,167957.84414587,175905.52696386998,165428.24112825,169837.01157792,188398.31699051,192718.49498852,206564.21653265,210543.30894315,195644.63893997,159551.7838225,161320.5247588,141220.5165559,143875.04318715,131838.54420964,129469.94137382999,133075.0444587,126362.1992874,114687.0537551,114623.6991337,105312.40610883001,108702.82806579,111656.16804926,116134.251839,116888.1280013,118239.211823,120737.9275035,110073.6371369,111743.5287352,112278.7624108,122312.1398568,113106.2290295,111484.1136835,108732.4303285,99725.1456544,101041.024369,106801.3304618,108140.4618173,104176.0387948,97457.5062303,99050.3886934,103921.2234217,92305.9873686,86228.2360342,85589.2187999
10_EEU,1.A.5,Non-Specified,CO2,57109.040726971,57581.174472971,58388.835365325,62738.396291804,60790.741441836,60393.188561648,63715.600218466,63897.042985066,71139.76531216,79890.62149092,74589.94421002,65859.41645812,67688.17354891,70022.1725589,62513.08835499,61687.52972058,57450.21594393,65044.87101112,46420.31611978,22132.16505421,16475.205396639998,14319.788072600002,8351.89620978,10654.03537048,7334.500529540001,5163.13206064,3045.64642704,4404.93234098,3790.62276823,3563.1650538,4144.29946606,3761.18808271,3970.68302983,4767.7576159400005,4522.6834177499995,3554.33865401,2900.16410972,4036.88509901,3396.39725956,1650.41957806,1864.38687925,2175.97112282,2138.35870352,1632.83552257,1134.26647547,1225.85154685,980.62532596,1231.8648375100001,1243.4004063300001,1282.41287445,1258.85910176,1753.72359727,1769.79296064,1769.742524157,1838.222894087
10_EEU,1.B.1,Solid Fuels,CO2,37892.13704921,38934.999247523,38256.067691068005,41854.327082618,24963.819871639,25262.035120863,26186.784072418002,27569.281828965,30155.180795091,29237.224945765,29873.67390502,27768.175692304,27692.1698801,27967.466692024,27493.658494572,24548.311468404998,23010.900851587998,22556.739993452,21774.279947400002,19524.938857078,17718.198113158,13587.212980895,16477.127302622,19390.044466429,17114.779415153,17065.532980515,17157.07904825,18875.575861324,17099.795610592,15311.65118121,13687.337289681,14120.907585315,13139.471091149,13050.270103559,11018.526920979,10083.453497081,11967.921936703,11528.855771866,11227.211510711,8675.978477369,10934.812358033,11192.46992022,11157.921727753,11732.101768932,12445.281139708,13483.10483209,11229.793545045,11635.720933242,15221.407627205,12216.804011475,11275.986054011999,11014.555515641001,10452.729939716,9572.195694453001,8758.648986017
10_EEU,1.B.2,Oil and Natural Gas,CO2,2930.781819399,2947.3576060990003,3906.203525298,3630.057384521,4168.443166272,4158.388334594,2294.542011935,2713.654783256,2904.9037127,2638.657255667,3381.1501269590003,2814.464531692,2224.401779023,2560.072135313,2617.85485104,3513.802216688,3619.521370578,4021.326471492,4046.520119279,6646.01407003,4107.907089571,4425.043785175,6768.357078757,8637.323313401,8389.002358215,7191.229236861,8160.535531822,5704.666850066,5981.50479101,5414.273847649,5007.26719839,5126.303878623,5444.118634988,6187.5930076899995,5759.006386196,5442.586990888,7082.562679715,5536.6351739189995,5212.412726975,4107.029144755,4890.727955611,4242.164268132,3620.539612002,2702.876661103,2707.726708019,3132.397923305,3347.311957935,3305.12463794,3938.1194532140003,3223.098840091,2547.001729344,3124.7560453399997,2783.506693512,2577.766854976,2388.190855346
10_EEU,2.A.1,Cement production,CO2,20282.652,21453.263,23303.653,24483.357,26195.815000000002,27629.048000000003,29275.174,30652.111,31821.823,31316.527000000002,30742.966,28354.662,29284.273,28708.616,29244.252,26800.728,28171.45,27814.197,28485.143,27416.469999999998,23000.50716,18829.93056,17435.411360000002,15437.39704,18002.08416,18577.27108,18421.45704,18620.36956,18514.21888,17924.97228,17776.2538,17030.48432,16408.54964,16433.903256,18098.40276,18453.81844,20588.963296,23339.966716,23044.508444,17631.9838956,17455.738884,19361.0166863,17872.4284044,16932.3547194,17979.9657053,18144.108818200002,18752.366163,20331.545694,21993.0141744,22730.3228201,23019.69131404,23696.89048297,22775.04574026,22749.352355439998,23016.99179547
10_EEU,2.A.2,Lime production,CO2,8083.0875,8343.0,10218.075,12066.0,13071.975,13169.699999999999,13779.975,14568.112500000001,15170.1,12273.4125,12208.275000000001,11683.4625,11998.575,11739.9375,11944.275,11563.5,11674.575,11645.175,11826.15,11674.9125,9888.6365925,7444.4036925,6470.5898175,5978.2515,6093.56808,6531.971625,6488.99001,6429.3429563,6455.2894688,6183.3629004,6464.4949532,7350.1125,7288.38,8614.1025,7654.425,7307.13,7937.608360266,8421.74042096,8072.585343504,6565.163033447,7374.705120037001,6558.932683032,6064.218421921,6483.841819892999,6788.792434451,7174.169927970001,7212.0,7352.25,7976.25,6984.0,6015.0,6567.0,5811.0,4914.75,4927.5
10_EEU,2.A.3,Glass Production,CO2,613.472019124,617.074555211,620.759203315,624.504295412,628.2675102950001,632.004401497,635.717064803,639.374309636,642.858570288,646.013955992,648.725272505,650.918994951,652.6019919729999,653.860751853,654.821512901,655.567618168,656.1421407,656.479943876,656.43913173,655.827245239,618.693848073,513.377435374,473.06306604400004,470.636575246,527.032030299,558.45839291,578.61504502,561.99013147,508.40384786,455.51866434,520.23559861,531.76167367,555.687138589,591.034171673,636.96278376,637.437254756,665.16891406,708.7569843599999,682.84489602,600.594721822,589.2039796,622.18310061,637.16298521,646.979815349,651.731399778,684.593333622,732.195105733,719.780180261,720.6575422679999,761.9819855860001,786.2554263850001,805.060534162,805.060534162,805.060534162,814.5318345329999
10_EEU,2.A.4,Other Process Uses of Carbonates,CO2,2470.97753446,2470.97753446,2530.01211697,2516.1310253,2592.55112728,2597.50194914,3126.50378809,3230.1612289900004,3303.7413968,3416.48666623,3419.47417026,3411.8987047,2912.28739617,3315.70199035,3517.50659468,3278.0674843899997,3322.50716316,3293.2176440099997,3321.5590277799997,3274.49024473,3963.087851705,3350.1621671870003,2687.2091807419997,2360.34518247,2715.3487989120003,3047.973903896,3072.668342816,3302.655495902,3294.1380867509997,3199.416804836,3709.138816121,3809.8982407480003,3994.608133055,3985.829990864,4256.250680926,4381.367835433,5178.99088513,4934.942699349001,5190.928133584,4477.211729706,5346.708662186001,5598.76319798,5554.71074235,5336.925961095,5268.931716838,5521.073062478,5987.363022325,5974.65224657,6065.671222211,6138.551239195001,5774.840492611001,5879.116663584,5879.116663584,5879.116663584,5948.28274103
10_EEU,2.B,Chemical Industry,CO2,9315.7749347,9838.5143666,10200.4662166,10846.9756866,11706.8687137,14345.6764939,17031.024167800002,18206.7265419,18669.2420986,19727.041808,20505.0941121,19335.682923,20704.182419,22277.198301,22930.9397952,22526.6393551,25300.168819799997,24700.3416579,25597.7787172,23806.2675646,19877.1941673,15129.6617248,12761.740453299999,11839.1718655,12777.509500099999,14798.2630604,15284.7801076,13994.5977264,11822.3484746,11901.7663379,14245.2467602,13277.0156537,12485.54243012,14281.0372121,15737.864087599999,17446.125272600002,17600.9362709,19002.634045900002,18847.0528846,12930.5436293,14122.5330452,16267.1771924,16142.82107691,18417.8440376,18774.5289773,17938.2004125,16891.385866,18860.387530199998,17298.6620505,16992.4404756,17705.307621514,17330.267442548,13744.384740024,12968.859381847,13201.090721617998
10_EEU,2.C,Metal Industry,CO2,21519.4645698,20906.5158998,21731.0758414,23686.9363791,23297.9462716,21103.6747494,20905.2082151,21659.65765,21354.5441863,23423.739508399998,22335.485467500002,18109.8565083,15487.8275283,16985.0417908,19479.4950972,18989.7339629,18364.2723363,18184.6242519,18246.1175462,16477.0830534,11949.4936882,8610.1927736,6240.0821016,5746.7755043,6051.07411174,6355.458846330001,6125.91575266,6528.20250926,5925.3053782,4734.3487177,5340.9135811999995,5147.6267591000005,5244.703591,5902.5273113,6757.3630931,6191.2693293,6325.6252316,6561.723053,5966.9650795,4078.7825242,4917.2452832,5102.4127349,4958.4006638,4648.31760898,5038.22743968,4920.6401248600005,4703.53653182,4741.2616826,4863.22618102,4833.1265089,4733.7907387,5171.54509852,3686.3589279,3004.52809768,2870.434187329
10_EEU,2.D,Non-Energy Products from Fuels and Solvent Use,CO2,3229.221938686,3257.93505429,3312.534625892,3359.568327253,3372.3305876930003,3378.503932682,3482.142608301,3500.312234694,3562.493544568,3614.604097608,3646.573411472,3454.659257808,3700.41573497,3523.313443629,3511.082756039,3054.196898471,3122.013314668,2978.4836697260002,2777.8769656219997,2747.650953461,2877.42064938,3194.96319483,2900.19277184,2782.8067903700003,2597.81715761,2268.0699799199997,2147.4165046900002,2079.50472032,2245.11665679,2178.80016184,2270.7130718,2161.12646693,2129.22579739,2091.74748461,2151.00906479,2065.79348495,2166.92041243,2141.29279021,2109.73809371,1908.6441615400001,1964.70471431,1970.79214621,1932.68591073,1918.6285301799999,2072.22920734,2151.19712707,2213.64476663,2230.9987420400003,2276.40264018,2320.06615457,2264.57410996,2359.11833434,2120.35814994,2031.34113529,2000.30801245
10_EEU,3.C.2,Liming,CO2,6586.68431326,6586.68431326,6586.68431326,6586.68431326,6743.76258265,7413.9244877500005,7230.308539109999,7181.786255520001,7990.17075408,7722.53341105,7878.29515681,8037.36764055,8247.41833916,8825.15803173,7899.42715029,7852.26816427,6986.66299217,6399.08125249,7099.645517139999,6594.25290212,5076.94966952,3106.55119913,3094.6765377859997,3617.507937983,3344.252065047,3132.281126331,3529.9518610190003,3285.333333613,2733.971428749,2407.219047769,3268.571428277,3301.7809528000003,2957.5333333999997,3127.142857573,3086.809524336,3122.323809872,3243.428572039,3392.190476184,3302.6190476270003,3509.523809841,3586.209523711,3695.685714453,4137.990476564,4058.476190979,3984.409524543,4095.666666485,4196.971428324,4422.628572164,3980.533333182,4108.866666676,4381.35238127,3740.209524075,3459.1333335599998,2857.3513962,2872.0787425900003
10_EEU,3.C.3,Urea application,CO2,927.9284027230001,927.9284027230001,927.9284027230001,927.9284027230001,980.099821873,1312.142618507,1127.971223516,1219.585492594,1663.35684048,1637.271130848,1584.156854781,1876.913944425,1532.614007001,1459.699734634,1574.728285029,1507.471154447,1521.142580633,1531.1997215650001,1713.799688379,1886.971085489,1181.242642211,814.942708983,813.685566333,737.78558015,623.699886613,581.899894172,711.542727803,816.9855658089999,816.042708813,926.6712600540001,885.656981769,964.2283960169999,906.714120817,900.5855505019999,984.499820932,979.471250491,976.014108228,1058.828378939,1051.128380289,1149.656933835,1079.728375174,1241.271202873,1242.8426311590001,1305.5426197479999,1205.442637884,1330.685472415,1537.328291872,1452.62830736,1197.114068054,1236.87120378,1426.071169381,1335.556900066,1297.999763941,1264.779769957,1241.520710189
10_EEU,4.C,Incineration and Open Burning of Waste,CO2,303.849609376,309.536011481,315.479493569,321.527742811,327.839918464,334.234831396,340.567389611,347.120892786,353.792541674,360.405819109,366.86747869600003,371.717041425,376.38846754,380.84684558,385.148638688,389.216169284,392.600103181,395.683907605,398.55615716299997,401.367221493,401.782131729,375.86969531100004,364.89899154,375.120095532,387.969770948,400.87234907100003,406.25885807699996,412.536698573,441.101862306,407.204851738,483.37631567499994,482.378602543,544.431433332,521.816149766,505.137869708,521.472099299,464.54827138400003,380.150410818,350.963426305,339.29459595099996,368.508624813,329.280795586,336.776064757,347.759601919,344.34689806,329.549374463,343.066335835,351.41882523,371.369302201,380.756028333,396.215625381,326.533263473,315.80729535800003,308.725006208,303.236703111
11_CAS,1.A.1.a,Main Activity Electricity and Heat Production,CO2,303224.4301546,303224.4301546,323437.7856831,353993.993709,380409.150229,406087.8556961,424011.6991583,430772.7709154,455717.7551198,467329.335401,482066.7722387,476678.3751741,491953.9369951,504965.5399822,510278.74197699997,518030.006372,538197.3015790001,556972.238531,556087.149863,550029.489897,616322.763559,577724.7542490001,519563.235825,480133.5988443,426850.9711794,374140.57338099997,326078.058912,302878.425429,299422.47574300005,292918.18873500003,303629.47302499996,292396.9694897,300999.0012838,324854.32620219997,303205.1221863,310362.42213079997,336144.51471049996,328630.11775599996,323514.3425573,291186.0842344,301833.6459031,316589.6902948,328967.060535,330785.6492444,317520.125619,283565.85954,304104.069958,299849.037035,304185.662879,295497.68466900004,290198.969438,310880.8497822,293810.258403,298484.878939,297683.169138
11_CAS,1.A.1.bc,Petroleum Refining - Manufacture of Solid Fuels and Other Energy Industries,CO2,20111.226014836,20111.226014836,21101.304203083,22191.733009390002,23299.35414153,23580.085690362,24855.1681527,25690.716104794,34698.811809449995,35590.976717603,36160.833948426996,36343.968182234,36664.44377378,36675.769401929996,37058.963257255,37990.475066884,38219.582497457,38922.613970112,39212.088510178,39249.289577635005,42777.647681,33047.155893,28394.746121,26711.526387500002,26232.8780884,25564.2893496,22373.3797198,21825.75350506,22294.92858195,22684.349180999998,26076.4558173,27478.8662279,34172.8238702,37526.9517808,43167.8668061,46253.1813248,46280.681020899996,47724.4365122,60263.2124425,57196.5431723,69199.0677091,66801.85802300001,63443.24832143,67613.92065067,23842.73183489,27508.10920834,29710.20117006,29592.78726322,33204.464458589995,30650.69833645,29794.106870670003,33261.63525645,29314.43798327,30717.036963548,30563.937686398
11_CAS,1.A.2,Manufacturing Industries and Construction,CO2,243508.3444604,243508.3444604,258395.6457501,272884.3853853,284524.0434026,295597.4772443,303530.2157542,313046.3703125,327186.9427925,336418.7877998,348445.5213217,332172.5379017,311431.5311124,291241.2365783,274496.6171349,258374.222709,250490.41612679997,269495.73608809995,277394.45692,272162.0254531,323518.757813,328990.826146,302632.725325,231361.649173,176086.4766297,186805.8587153,159361.9956258,146717.3734548,148560.9009369,144120.0992711,128168.1447426,141208.6150323,137107.3651863,151089.5097537,157067.7787662,139726.0390562,135840.6128453,150123.3356773,160894.5178943,134295.4881847,146502.5185225,161221.41195480002,152255.9613651,148908.9603765,129969.68924189999,100051.8338819,99633.9411639,92012.5600543,92335.6328626,89992.1924089,88156.21795260001,101995.9034368,80610.820415,77881.5137078,77135.0175457
11_CAS,1.A.3.a,Civil Aviation,CO2,1908.2808502000003,1908.2808502000003,1982.0734757999999,2031.9425556,2086.5783817,2295.9855127,2272.6398298,2281.595398,2320.0173199,2332.1144826,2271.7731229,2381.4419059,2452.9234976,2550.4409699,2632.1058181,2660.597295,2690.5874473999997,2725.4164332,2763.7662511,2791.0300028,1599.2350055,1272.8482010999999,1159.1911137,575.0141722,762.53084195,1627.1718400999998,1517.5079739999999,1337.1980204000001,1642.59031115,1666.8312097000003,1759.71157565,1409.5623994999999,1538.50897175,1320.026137,1421.2852229999999,1550.8511268,1543.8901308,1393.664026,1579.9777396999998,1489.3721745,1859.2958653,1781.9123025,740.4326197,813.68219725,944.6621586,891.04730235,1403.4094527,1718.6860841,2090.69838225,2093.62013905,824.67412165,1361.69402315,1695.15119055,2024.994015005,2104.839769284
11_CAS,1.A.3.b_noRES,Road Transportation no resuspension,CO2,33010.2031813,33010.2031813,36267.271988299995,39380.7820364,43112.1390124,47445.8598285,51286.1990367,52230.9323689,53560.198071499995,55593.1531906,60106.511193,60324.5585496,60297.792383399996,59330.126351299994,58800.817072,59075.2198541,63555.3314081,65457.5605052,66315.0183472,68218.1713366,101424.460974,109104.432425,75812.25077500001,61868.055301,49632.6481034,49458.8972041,49329.18220912,54763.01262988,55745.97882451,46697.42620214,50238.3990314,51108.111878799995,53803.2379292,52615.1594399,55496.220975200005,56629.8746252,60663.432014900005,68362.710074,72745.536901,69038.594859,72398.81440599999,74881.024842,79311.361909,78997.39127600001,76383.212127,71631.715047,74732.893315,74905.42751000001,84958.975325,86202.681337,87950.073323,93202.068633,92325.263526,97632.002506,100178.956224
11_CAS,1.A.3.c,Railways,CO2,13832.5230118,13832.5230118,14012.67238,14108.9224,14221.5305817,14835.246083600001,14435.4331983,14229.435059200001,14047.393045,13772.983343900001,13263.591405399999,13478.9208339,13626.4138327,13620.5513779,13739.980615299999,13641.5173156,13521.8745558,13487.324370600001,13410.9450863,13496.4411372,5722.8849566,6277.6673485,5134.29046514,5315.96217174,3323.5972573999998,3562.23908755,3121.4881517100002,3215.24858459,3374.63279497,2912.44224988,2782.52523492,2754.04404374,2868.87317524,3066.9487831799997,3338.6998817000003,3453.0654996800004,3424.67793908,3761.33471492,3275.73083312,2379.77999514,2465.9976604,2451.9992489,2313.36107402,2242.47054853,2138.41879878,1709.35468414,2033.96575704,1974.0828111399999,1466.0054878,1093.56212279,937.2273294900001,1716.44914938,3234.8226100300003,4466.432417673001,4604.396773574
11_CAS,1.A.3.d,Water-borne Navigation,CO2,255.85945875,255.85945875,265.75346434,272.43983628,279.76532657,307.8423234,304.712169,305.91291817,311.06447230000003,312.68644185,304.59596220000003,319.30018952999995,328.88433501,341.95933272999997,352.90883419,356.72892904,360.74996402,365.41978267,370.56166922,374.21715246,214.42305144,189.1696677,192.32637957,189.14765262,151.35677856,132.43140144,138.75971187000002,148.22240043,132.4391523,63.12584928,82.06580187,91.53593748,94.7000964,72.60342453,82.07324892,498.75247265999997,524.00559705,543.83148414,479.39925103,214.37173416,428.7472047,289.57523745000003,316.08539347,289.41824280000003,257.39831631000004,269.43197949,271.95658467,291.88019982000003,260.85709595,518.9185505400001,132.41727059,210.92341964,207.13354188,255.475626812,243.58903810200002
11_CAS,1.A.3.e,Other Transportation,CO2,29211.95053133,29211.95053133,29167.28017586,29052.69888916,28950.85988549,29163.36087898,28042.69872904,27283.014872940003,26346.67145448,25333.24343169,24171.21652935,23931.361294950002,23798.66712749,22932.17831172,22618.13134412,22044.70931976,21388.1612059,20971.25267686,20385.29856508,20431.48027076,11358.08222008,13465.125953179999,11526.6652643,12181.06145519,9556.73712059,12313.43968025,13368.27054347,11191.71388822,11580.43647115,11992.00209633,13364.77691228,13941.994919159999,14632.27879748,15067.52996118,15667.70091487,15556.607573289999,14991.87480115,20163.76469016,20236.256558200002,13328.368974,13788.68818269,15390.52704264,11826.11559381,13344.19826094,13143.82665414,11835.299670209999,10609.92249198,11301.27491024,9994.82642359,9836.18793079,7537.72683335,9462.13918614,8002.90100301,7923.6773616499995,7474.886979221001
11_CAS,1.A.4,Residential and other sectors,CO2,84083.5742878,84083.5742878,88230.8198481,92175.8410001,95972.315119,104325.26186880001,104498.2753175,107382.4977075,110526.086508,113423.98289979999,122060.9947788,123199.93470859999,123484.9764491,124585.818813,127608.77438389999,130363.7463257,131542.3959096,133464.22142669998,136356.93645620003,137201.4041642,129867.69291299999,113561.02066,97250.966352,97262.5647445,95576.68873780001,122562.7794157,125186.77434589999,121599.9420885,114184.96146359999,119128.08519420002,117168.62520312,114977.31559138,119035.31188607999,118215.42435084001,120212.66229332,120036.7678497,124188.34424440001,121275.19771010001,141829.6396429,126851.3543152,139609.7249219,149442.5043779,132546.40164599998,129738.7213269,129212.476436,124164.52571,132952.923443,138836.541149,141549.690466,135063.541076,144316.185851,151214.218263,139390.58926500002,137562.9993067,138165.525432
11_CAS,1.A.5,Non-Specified,CO2,65847.86763974,65847.86763974,69472.24931538,72963.39802693,76243.62754043,85665.43670984,84480.03972707,87345.33166998,90342.03610237999,93235.39248456,103539.10349335,106875.76789680001,108661.98182341,110904.67834874001,115003.33782192,118124.852766,120185.71914378,123027.44971292,126217.77620251,127635.08234221,126437.61741524,120705.10478960001,115371.49796760001,96542.9777339,88082.2279401,37664.3239418,28483.73963741,24801.6008598,28210.7731049,27172.56646886,21123.2660438,16120.661296220002,14858.66825683,17478.497539149997,18874.25239881,21030.42496442,27238.469487820003,33206.68381356,21599.28489717,15198.529764899999,16701.32110263,18260.5028828,18726.45029862,19907.6832257,17667.94535,16397.4816181,15982.32869412,14773.77219605,13152.20978686,14121.76181682,18978.751491709998,14989.225845949999,16254.035783239999,15497.164720485,15405.66613731
11_CAS,1.B.1,Solid Fuels,CO2,13039.634508176001,13037.848357876,13311.126506125,13626.085706535,13921.805073918002,13283.135813443001,14438.212490602,14851.999617496,25935.648867281,26615.825137106,26559.007936397,26553.066655583,26817.094905096,26807.096505102,27605.728565898,28916.925147148,29300.405926908003,29583.516616386,29974.265192566,30262.198546634005,36225.014992077,36130.832531238004,33548.626447545,34631.001247019,25498.046562571,38148.465566664,24934.916028028998,26957.570239327004,29796.519654764998,31454.398811851,37788.333651785004,31666.698106439,28838.174144025,29652.782031145,29596.619016149,29650.845815719,26707.293792033994,23473.949193956,18905.142791636,18448.655639582,19214.934385821,19914.205621004,20153.051067126,18912.286387148,15765.450895335001,11092.653895283998,1891.5861329924,9123.190582962401,12457.332093339,9398.120353264001,7632.139084228,3192.763546486,2481.294208801,3051.284067884,2291.9646265819997
11_CAS,1.B.2,Oil and Natural Gas,CO2,3176.8257240109997,3176.8257240109997,3240.753389521,3313.7491049870005,3385.2447030290004,3213.3686896229997,3499.097077054,3599.3079943509997,6431.4654646849995,6599.693086738,6585.082164095999,6584.232762979,6648.5772528219995,10315.047143351,10577.983263701,11173.574369757,10742.823436731,10522.68750942,14438.075297127,14341.464364427,10111.932647522,12643.530454636,12208.844189099,10486.899117724,13622.045986121,16262.766663847,19935.463639027,18979.864188733,20872.668408431,21072.944051828003,24251.267940916,26583.061402664,32796.64629692,33240.087845259,33258.484781016,37342.758793775996,37606.274733599,35566.904180231,37731.043146519005,33421.889714271,35833.360590072,35627.59923316,36828.47449089,35758.577472098,28876.930935026,27842.532883726002,25469.416542186,24453.871217462,22998.62456397,21212.886740789,22150.728586323,20878.351098630003,15798.82989985,15634.9320663,15485.92731667
11_CAS,2.A.1,Cement production,CO2,17074.122,17828.635,18379.260000000002,19089.378,19884.28,20963.683,21144.4,21422.004,21021.965,20190.182,18603.828,18464.405,18579.09,19490.123,19197.2536,19605.842,20661.335,20866.27,20438.475,20988.8,17708.466,16548.287,14732.0,11136.144,8581.976,6054.642,4914.63,5512.358,5960.588,6045.3228,5452.6028400000005,6118.44844,6706.866,7801.82304,9634.908,10807.534,12188.752,13476.277,14336.14,10102.235,11067.068,13030.844000000001,13993.89776,15940.516,16773.30228,17042.545063999998,17685.663786,19471.1350737,20147.0044276,21777.1216676,22867.4229729,23793.2429749,21739.1590877,21714.6343232,21970.1006099
11_CAS,2.A.2,Lime production,CO2,7021.05,7021.05,7065.599999999999,7110.075000000001,7110.075000000001,7110.075000000001,7406.25,7702.575000000001,7702.575000000001,7850.7,7998.974999999999,8176.8,8209.050000000001,9548.775000000001,9537.525000000001,9525.525,9539.775,9642.525,10034.775,9908.625,8627.279638,7828.444282,7392.124056000001,5757.764755,4277.939326,3571.756626,3085.7685589999996,3270.058133,3273.1320067999995,3271.0588944,3437.2642478999996,3441.88865,3584.4931939999997,3713.8977379999997,3874.323781,4062.3055750000003,4416.280397500001,4595.665883719999,4575.22019812,4488.557104003,4666.139176593,4925.609313532,4814.694047751,4399.50389454,3904.211324031,3430.5,3228.0,3023.25,3037.5,2988.0,3034.5,3309.75,2129.25,2100.75,2100.0
11_CAS,2.A.3,Glass Production,CO2,282.00631218,278.46919372,274.82909273,271.05818978,267.11614624000003,262.98163470000003,258.65016966999997,254.14530037,249.50419962999996,244.77424123,239.984866,235.13956268,230.22324248,225.22455697,220.12684468999998,214.91522895,209.58990423999998,204.14551271000002,198.55615300000002,192.79341982,186.8377755,186.43498420000003,177.7971173,149.4868606,123.79365740000001,117.4892013,97.4599837,96.50762429999999,98.7065215,95.4500309,99.3821958,204.7246929,208.0847065,198.59924719999998,195.3900458,210.1732618,226.29045119999998,256.2332428,274.76666120000004,197.8415292,264.0051613,321.0761657,260.0235113,307.01018648499996,259.0477605,254.06739769299998,272.457701692,306.45970373899996,298.86852814,331.962161649,317.885791928,356.040330389,356.040330389,356.040330389,360.229040128
11_CAS,2.A.4,Other Process Uses of Carbonates,CO2,10771.974006,10771.974006,10771.823186000001,10830.800655000001,10886.295158,10930.643139,10945.718027,10951.058973,10948.432778,10934.928349,10858.280551,10913.677785,10944.692804999999,10995.987974,11022.244698999999,10874.147575,11046.803502,10875.706411000001,11370.892377,10533.120608,12412.090041185,8510.568167185,8623.244261185,6581.2882596849995,5850.24581405,4930.844233545,4362.61426639,5066.629256302,5764.749662394,6233.301644304001,6369.462051136999,7022.176254877,7490.693672078,8184.447145406,8006.968545542999,9250.035556268002,9671.116374494999,9527.38361712,8785.641319473,6680.790152373,6327.842874151,7060.314887674,5994.563678197001,8407.287956046,7443.573330645,8443.082301235,7271.891988024,7204.86100703,6853.77289558,7380.2743094,8013.510154976,8975.339179235,8975.339179235,8975.339179235,9080.931404873
11_CAS,2.B,Chemical Industry,CO2,7235.01462389,7909.2824153500005,8785.97561722,9262.301534080001,9892.560229140001,10980.04320622,12390.86166385,13148.77429803,13858.91506804,14807.998400290002,14735.3757773,15148.14065714,16324.255602140001,17872.97166093,18156.8851809,19234.91883051,22552.77795035,23317.91165977,23870.41657307,23148.17432851,21724.89758104,20289.6256294,18107.95565499,14554.19059625,12998.919637,13140.5486513,13698.145825200001,13787.5479809,13359.155927,14333.1832755,14074.048597,14098.8000857,14493.8703922,15093.6430622,15511.8307659,16013.7356415,16636.794845200002,16827.2687815,16901.1585147,12652.446687,16135.167075000001,18050.374259,16261.817890999999,16315.77958,13812.178799,14008.499841,12609.806052,11228.667776,10916.02708,12148.3179373,12627.207052384001,12906.56422259,9928.550004101,10336.930879716001,10848.153691783
11_CAS,2.C,Metal Industry,CO2,32253.0114326,30415.9143774,33046.0388032,35082.3707954,32092.7971789,29733.005822299998,30042.868156099998,28551.7293475,27554.610615499998,27795.491424400003,25301.438832699998,24186.0149814,18412.420509900003,16719.7154832,20112.487557,19551.2963766,18166.0474312,18296.2164014,18415.6209714,18083.39494,18057.9490072,16993.4783336,16566.790582,12808.689782999998,9457.523605999999,9427.561022,8858.614469,9280.606297,8971.405615,10098.488103,12838.327757000001,13370.667314999999,13663.81112,18438.684203,17757.732707,14214.962416999999,14671.300852,15733.707005,13069.175114,10594.361399,11929.593752,11659.352077,11701.596204000001,10673.947364,10100.204538,10218.60415,10336.440428,10198.582631,9904.903538159999,10524.232972880001,10121.923521359999,11016.0390464,8449.471478,7747.924010520001,7744.4866947499995
11_CAS,2.D,Non-Energy Products from Fuels and Solvent Use,CO2,2285.80277807,2290.10243889,2334.03965504,2371.33944801,2394.91945679,2432.4702993,2447.66018821,2482.64565016,2513.8317948599997,2544.62211502,2558.19632793,2495.01652007,2434.70352477,2376.76742101,2308.2056408400003,2253.7842233799997,2260.61102816,2286.83508395,2346.2241202,2360.44700841,2363.99327502,2208.83383584,2092.58315751,1682.64768233,1469.86700071,1407.78035423,1685.13141129,1602.0049493400002,1414.29816748,1352.34550299,1336.42632912,1432.4562810799998,1499.4364020799999,1534.96994318,1549.7335220700002,1692.82928068,1664.70310755,1821.17551857,1786.20433503,1564.68277833,1682.35332053,1716.0594283199998,1714.48592109,1686.33118254,1635.92698563,1634.9591958600001,1658.79087065,1689.36812944,1678.97198843,1632.07272128,1435.8040914,1530.94538286,1309.35954546,1384.4549,1425.59956934
11_CAS,3.C.2,Liming,CO2,5234.25833456,5234.25833456,5234.25833456,5234.25833456,5614.9050549799995,5614.9050549799995,5864.12047409,6461.37892586,6523.53399577,6650.28280843,7082.46858925,7086.64676194,7071.8737107100005,7481.96514037,7442.84335691,7541.166656289999,7715.29484746,7938.83024158,7471.78110991,6145.12580841,5720.47407817,5295.82234783,4871.1706175,4446.518887259999,4021.86715692,3597.21542654,3172.56369617,3035.6103693699997,2327.6602360300003,2352.3149009199997,2303.1847901,2193.12925431,2170.4510436,2338.582690374,2365.327774714,2310.8363521769998,2716.962548944,3218.683950407,4224.397143513,4301.5078729,4366.31154943,4638.12380951,4802.704762169,4755.3523810570005,4640.53333297,4346.67619141,4792.438095128,4715.33333391,5048.58095256,5646.1428570299995,5396.18095293,4923.49523862,3248.66666631,3181.39601251,3181.2140634099997
11_CAS,3.C.3,Urea application,CO2,0.0,0.0,0.0,0.0,0.0,0.0,0.0,0.0,0.0,0.0,0.0,0.0,0.0,0.0,0.0,0.0,0.0,0.0,0.0,0.0,0.0,0.0,0.0,0.0,0.0,0.0,0.0,24.04285277,15.714282857,7.228570114,37.557136029999995,63.957131225,50.128562319000004,66.94284497,92.08569754000001,206.95710521,255.04281077,277.19994964,643.65702589,610.1856033519999,743.128436383,1039.499811003,960.456968242,1292.4997650999999,1426.699740557,1574.099713809,1595.3139955890001,1760.942536994,1748.528253467,1609.613993039,2061.085339545,1842.9710934519999,1623.5997047790001,1596.131138387,1602.9703944130001
11_CAS,4.C,Incineration and Open Burning of Waste,CO2,40.612893514,41.643632499,42.715574833999995,43.794853667999995,44.873304303,45.944977243,46.945738074000005,47.937724311,48.925828189,49.917638112,50.91856697,51.871347339,52.829029416,53.790755281,54.75510447400001,55.718957831000004,56.504460209,57.280832051,58.033573274000005,58.742953075,58.953764399,56.771813734000006,53.182698668,49.962245447,40.803522018,37.333133872000005,37.150098161,38.657994308,39.877987589,42.245522591,47.321770615,65.272399441,51.32484622,68.836105362,80.973730229,72.698440088,73.951153787,77.82588787,111.052365477,77.998904431,93.61453524500001,99.129481868,66.825985277,48.032441291,48.37064422,71.709533545,179.783410858,222.85511342,258.690839299,326.747212524,245.544678826,283.979674509,322.21116281400003,342.082372692,364.016832768
12_MEA,1.A.1.a,Main Activity Electricity and Heat Production,CO2,29691.930692783,29691.930692783,33692.443445130004,38528.23422673,41110.197605481,48208.674292016,54264.375631328,63663.79531964,73141.900278712,87743.51173969,104885.41225693,115084.36987293,130741.20133543,149751.92633474,167424.43866375,179417.24808475,195395.53179131,205165.75243924,219579.00351361,228333.12646396,235800.99870573,231921.76940209,267646.31893891003,307778.50036931003,333273.17403857,347660.78074364003,357961.373272,396057.70633624,392117.92010365997,394217.19455394003,419134.35302786,454570.56203182,477580.37211126,499396.24622182996,539871.59749604,568912.85365703,602840.60280763,610140.50412307,673234.1980962,694702.53361576,724986.02324436,748446.7374680201,805920.62789677,820032.48397029,847623.8323867,875425.51866962,881739.22887983,918108.99873157,892561.97064193,909934.3142764501,916301.57633944,963628.43931698,984446.74385474,1000795.73654324,1026022.970812
12_MEA,1.A.1.bc,Petroleum Refining - Manufacture of Solid Fuels and Other Energy Industries,CO2,22520.7716746,22520.7716746,23623.6415823,26997.3448425,28166.9512443,28690.8445672,32555.085994,34674.0520483,37834.1174309,43087.4199253,40415.3836408,41757.0116715,46504.9563688,48666.2751596,47233.0684273,48880.8999674,53655.9846769,59149.3434683,65271.849104760004,65816.30030566,59019.60229466,57228.30606404,59759.92443884,65913.3565908,68514.45734580001,72295.80524470001,74431.8390656,78003.4494113,80602.4758291,95708.01478550001,96320.1075077,97422.7417898,103662.582837,109001.0941323,114157.0169134,124592.33084919999,127171.4425372,129405.6433446,133634.22926690002,132468.7589008,141021.3650712,144010.8029011,149730.9001315,154386.77890920002,167769.9458029,166081.1671568,170426.6764967,176100.4442378,177114.0032148,183736.2245287,192890.9781565,198272.6158103,203749.9939239,211467.731323583,215114.423703383
12_MEA,1.A.2,Manufacturing Industries and Construction,CO2,37778.77530626,37778.77530626,41053.62723023,46738.8662164,52375.7143557,57662.649154290004,63909.49416894,72061.7117084,78272.00225537,101954.06221378,114425.61760683,124972.30871708,134531.25800885,133734.74005765,114403.07162108,121355.35720686,122421.70145873001,132847.7594414,137087.69250558,153166.99520784,160918.88618176,175061.51867442,180335.41944669,173942.31430209,183785.72112969,194076.0877837,196918.40200161,198936.29117312,202235.82169218,213308.11630083,212034.65484122,228660.06339686998,233424.56101288,234919.98251626,239165.33603442,262555.28330511,277559.56928264,315232.10292942,335980.98784124997,338837.54750709,374219.03269792,375282.54423473997,378791.14573216997,389919.44879008,404261.40375959,407818.21832673,403539.00680556,398262.907993,381973.95597587,405409.62047402,410518.33891061,428751.02435337,444831.65213457,461309.57198552,476199.67310096
12_MEA,1.A.3.a,Civil Aviation,CO2,586.290923565,586.290923565,431.262966496,607.132626888,771.56054885,785.13263278,724.295937301,1018.54104177,1156.012250073,1434.92120904,2153.15143506,2310.47321946,1727.36177244,2122.04811004,1970.69136988,1946.55400033,1899.65883219,1795.4273145299999,1842.8198507,2098.23503011,2338.63783409,2628.9810484600002,2820.61401661,2871.51751112,3368.29042812,3493.2306398399996,3842.3426393500004,3966.1849949400003,3665.5346226,4170.30875111,4225.17853384,3849.71030255,4187.80428581,3834.26274653,4252.51160142,4779.9900436299995,5056.98229372,5260.67029948,6387.90007112,6006.415652860001,6316.98494095,5763.40919936,8092.927826921,8536.735777061,8893.146139647,9350.882144931,9345.326137416,9694.195462708,9573.637016536,8750.926373622,6054.551542723,8758.144911283,7716.879032871,8634.358560835,9020.897134899
12_MEA,1.A.3.b_noRES,Road Transportation no resuspension,CO2,33378.865967165,33378.865967165,37833.072944243,42712.500054462,47675.920903862,53990.37692881,62711.750475630004,72917.77919539,85951.60464081,95258.48023651,101031.81273374,113860.91948556,127851.78436569001,148827.65876021,158879.23876143,169097.47704713,164900.12636454,176091.39615973,184204.7710656,192835.78232752,197937.97521129,202524.21103749,217973.16929114,231093.66364835,245621.08488419,241615.61392442,252455.68960983,255203.48157813,262803.06125903,269880.7864928,285120.2631304,297930.54387809,314971.0896347,323021.0258701,342978.5480834,365643.8437655,387457.5563589,405588.2873065,432611.7098839,452888.4670828,471877.21314219997,486544.6089896,523564.8630003,534010.2905181,549703.4159288,549617.0252575,563534.7141730001,572587.4839298,575365.966435,578770.0621848,522873.64066302,567281.8715634,588222.0260388,604457.8663412,620011.2566126
12_MEA,1.A.3.c,Railways,CO2,224.59705551000002,224.59705551000002,243.84819851,259.89081881,275.96615005900003,292.008770459,311.259913359,324.0615967,340.136927939,362.596615639,378.639243439,404.308984545,394.687419323,394.687480828,404.312318951,436.399717788,407.5248008,381.85608276000005,308.056373924,112.334089294,86.668014133,57.797334345,48.166360595,0.035410534,0.034416422,0.038375273,0.038053561,0.036775542,0.035518454,125.03562,41.71089,38.50236,25.66824,32.0853,70.58766,77.00472,86.63031000000001,77.00472,83.14530131000001,211.3825282,319.833160851,163.901394552,173.600544324,173.648983223,438.5925206,183.527041133,282.748555413,181.579761671,299.08389148599997,533.192555947,388.124444049,359.58047853,451.632854624,450.387988235,452.642521842
12_MEA,1.A.3.d,Water-borne Navigation,CO2,485.37257759,485.37257759,504.22180192999997,523.08484385,535.61425172,541.83028162,557.5612963,579.6051967999999,595.1681906489999,646.407620649,531.399000888,579.322072736,765.605089673,697.741125162,575.607465686,629.463929868,683.34685907,519.72533563,284.49094026,186.68880000000001,0.0,0.0,0.0,0.0,0.0,0.0,0.0,2667.940066,2324.604487,2057.276019,2485.3650180000004,1647.499593,1704.197159,2208.176547,1515.205051,1467.957026,1351.411721,1427.008696,1326.212618,1348.261874,1742.175750626,1172.117616618,888.62118217,910.638268638,1077.5700444759998,835.0230180249999,813.029707189,639.2728295329999,666.7087095759999,936.461492472,685.759152876,769.463375193,1004.736243502,1412.400626197,1473.4855051
12_MEA,1.A.3.e,Other Transportation,CO2,545.6810327,545.6810327,562.2166107,578.7525073,595.2883966,611.823982,628.3598712,644.8957605,661.4313459,661.4313459,677.9672351,677.9672351,694.5031318,694.5031318,711.0387098,711.0387098,661.4313459,0.0,0.0,0.0,690.5517805,763.7623029,971.5284678,1054.584675,1090.249701,1130.657957,1271.81043332,1459.3289873200001,1399.91959732,5760.22701134,5398.31083996,4454.02777496,4306.84991132,5822.63750722,4577.54773556,5826.52843918,5751.26202716,6758.73646758,5769.74930018,12896.09651558,3571.24524622,4729.062308,3200.0018023400003,3633.32535932,13733.17052586,16875.12426036,5032.40975298,3332.99829202,3257.1388346599997,2723.37617554,2701.51928424,3414.14479656,3649.7010078599997,3184.8586364899998,3112.29969639
12_MEA,1.A.4,Residential and other sectors,CO2,25564.590096957,25564.590096957,28963.858338184,31558.041931706,35124.167732158996,40101.975965025005,45124.717361362,49368.04752414,50937.276169883,57593.108699155,58141.677649942,59120.698559669996,64085.41790854,74589.13595995,80597.32911549,82701.12728622,79595.89632957,84955.77625199,85330.76567242,94598.498130818,92174.18458418,97935.69704495999,112396.91489366001,111690.73104133,129459.93682475999,132181.37765233,139926.34336954,144880.9059319,147105.26775916998,146641.16044886998,155308.1301948,157058.61013053,165736.51850734,168472.66131931,184658.75980424,198667.42992369,212606.86623994,226003.37096539998,222799.82425644997,226605.98118534,221865.43572087,227363.31241176,221868.34605455,226098.2776084,222933.21039601,225955.43216557996,236090.98733788,231058.54556251,238172.29286502,263523.90412013995,268670.63020916,271429.63604525,277304.18567596003,283725.79719065,284927.4764043
12_MEA,1.A.5,Non-Specified,CO2,5978.1873827,5978.1873827,6187.58729953,6393.43016371,6311.82706404,6053.2661431,6540.61158951,6853.091052729999,7542.84847791,9315.256720520001,9025.08683412,9375.22972114,9608.20162778,11547.09407696,13325.13863913,10758.64773111,13199.149829349999,14337.143639959999,18319.832487779997,17961.82991213,7120.50310259,7833.1110816400005,7186.415501089999,7476.2283493899995,6201.19390719,7322.94685415,6458.14825233,6511.4502984499995,6503.3881378999995,8766.031339090001,9047.73815313,16108.453803960001,9648.53762066,8495.43305729,8514.71433979,9811.991015399999,12766.74132363,13934.820357620001,5333.33034612,9491.17406805,9368.89280292,9343.55842232,8764.43536832,8525.814187,7131.417193,7228.95921194,7551.699408609999,8308.490000466,9067.445812006,10419.20023959,10323.150207145,7751.81360362,8977.73147251,9383.59264727,9210.9837016
12_MEA,1.B.1,Solid Fuels,CO2,241.49614913000002,241.49614913000002,303.27368785,449.208441046,462.658114586,826.340981056,844.52387005,854.562229459,539.520469417,791.3821631919999,811.5121502750001,791.581129934,1626.986888768,1465.292555327,1305.594898106,1297.165929361,1431.7741854610001,1539.8175675989999,1546.373197392,1380.137120472,793.878463081,1626.822363278,1154.048673222,1276.395225294,1144.961707598,1095.513911758,865.0866859210001,888.458846577,1138.865096657,446.075931325,752.4333944480001,899.705922169,1297.6052743799999,1183.41637466,1094.341540568,1236.491163607,1229.728368338,1158.80831798,918.74095952,726.6483101199999,382.72083768,567.17109684,336.31368972,382.46405808,620.6413180000001,489.180409,397.2151163,196.1911431,149.13614085999998,530.45671992,371.75703072,422.37572670000003,439.1550021,482.461508525,533.771065399
12_MEA,1.B.2,Oil and Natural Gas,CO2,192282.401535015,215479.863735015,242308.242072346,290858.863109744,270618.58417531697,249444.15578909,302188.274566534,287994.67684389,280650.092758974,239633.748416899,211186.31716784,140070.92647083,136168.69062783,117789.931161263,87278.998760012,86117.624498813,85110.71877364,76308.633833601,74968.585006498,70295.46137196,90812.57992984801,89589.92966774601,98772.269045775,92604.313104649,105974.134399395,104854.986114438,107558.363208358,108502.291333602,100538.448466324,99997.430379425,107487.618816183,95680.57299929,89112.15854594,105193.035926375,102028.796825749,100659.113201805,102759.461249383,96859.49281565,103537.01082876501,97538.016973604,99970.170205604,97518.836264107,119976.174002056,123746.411462432,127179.849910457,129702.141046868,134840.262374408,144808.630376855,146091.691632109,140529.26341042802,133175.244995635,147071.712328205,141796.384415091,150921.133136792,154060.38693164202
12_MEA,2.A.1,Cement production,CO2,9013.277,9603.0978,10038.343200000001,9827.8224,10950.9808,12158.5468,12729.63,13532.982,15392.158,18998.05,20313.443,23553.056,24677.986,26681.872,31632.1,33131.81,31487.35,34308.882,33940.998,37649.264,40539.392,37250.042,40844.168,44893.97,46658.218,49674.284999999996,47956.154,46117.575,49562.27,53935.564999999995,55743.975,61077.0,66520.63399999999,65603.167,70457.023,76913.327,82345.72600000001,90542.346,96691.53600000001,107690.958,109621.088,109660.66,123254.919,116705.206,117991.83499999999,119471.451,125219.91138,121113.6687883,120958.46777460001,121292.8753475,124189.95584010001,128107.4507718,126183.8443255,132701.9387712,133384.2401275
12_MEA,2.A.2,Lime production,CO2,1250.925,1247.1,1288.425,1326.675,1307.1,1337.175,1729.2749999999999,1659.15,1573.95,1269.975,1353.75,1248.0,1265.175,1389.075,1408.05,1435.125,1477.5749999999998,1478.025,1530.675,1569.15,1864.5309167,2319.2301333,2287.7301333,2309.4801333,2318.73475,2318.73475,3480.3156325,4002.9962842,4329.8271667,4024.5580492,4221.3637008,3545.25,3193.76775,3245.31075,3611.361,3580.0455,3707.244226673,3976.79006603,4197.803534926,4045.84007822,4314.568881799,4129.1188895899995,4382.563230519,4044.607910938,3949.363287284,4059.0,4124.25,4175.25,4472.25,4543.5,4822.5,4861.5,4865.25,4881.75,4882.5
12_MEA,2.A.3,Glass Production,CO2,7.664578199999999,7.875625899999999,8.09271205,8.31787185,8.5537197,8.8023507,9.0638258,9.33817195,9.62721145,9.93310055,10.256911950000001,10.59905555,10.95773685,11.3289616,11.7073469,12.08844485,12.471074999999999,12.85463125,13.23612865,13.61229025,13.9808655,14.34031315,14.6911547,15.03588615,15.37827905,15.72131805,16.0665446,16.4139406,16.7630664,17.1129723,17.46350115,17.81368635,18.16558745,18.5255125,18.90179225,19.2999385,19.7226186,20.16692455,20.62588285,21.0894508,21.550086750000002,22.0053229,22.45649495,22.474035642,22.92219325,23.38725169,23.754684677,24.130796958,24.515808379,24.924162924,24.584354177999998,26.696549817,26.806680609,27.757256025,27.807430006
12_MEA,2.A.4,Other Process Uses of Carbonates,CO2,213.3671692,213.3671692,225.2272855,224.51475911,229.85009099,221.6175342,285.0192215,291.751401921,298.500631708,301.33497251299997,304.315546413,307.1443937,295.16246424,314.46336414999996,319.03175504,334.05146981,338.92907367,346.77082177,353.03339701000004,359.27221993,367.124772413,383.278510602,392.73584615,397.599000688,419.687472642,475.554885776,502.830911994,512.345478643,608.078514237,613.40692878,602.8753550629999,612.741882329,636.9069732109999,651.998094078,690.64741303,852.222317396,733.36716053,743.6423286930001,812.525327701,754.960380236,794.847898734,803.4248349100001,1018.893335975,958.423683762,1003.210163612,975.9851403810001,914.119395275,850.7398644550001,871.3880588459999,887.024600566,868.376294679,943.550719147,948.122212347,983.638308347,984.0498545830001
12_MEA,2.B,Chemical Industry,CO2,8764.7121171,9109.912282199999,9600.1669179,9499.4986561,9881.453115,9944.572747299999,11035.0959561,11137.7184059,11721.3993438,12760.133298,13527.0300835,12730.9357855,12950.2083108,14009.5754369,14226.6079604,14800.4402238,15941.0108363,17540.9907078,18253.0751975,18681.4634664,18470.7834894,16530.245211460002,18685.6381464,21539.736751,23524.4905147,25992.5539049,26761.6423653,28982.941655050003,33916.97860375,34483.470633,35672.0247474,43976.9663419,46117.0462686,47043.9295916,50384.4132834,57977.4395986,63592.55896649999,68558.8146198,71546.3407818,77580.5663392,92314.8976761,100326.8267058,97979.63364214,104571.4531228,109953.7777784,108545.07956786001,114021.5590113,122419.76771222,127449.54512734,127829.5426128,130712.3220702,133376.12530749998,135783.15747914,141817.7723334,145335.5688094
12_MEA,2.C,Metal Industry,CO2,228.31902412,236.23513204,443.21750522,488.85054166000003,570.2752163,726.9477448,814.0123506,889.5473783,916.4072275,915.08679276,906.4850822,957.64125372,1132.68043306,1176.1863676799999,1217.40511664,1306.9567228399999,1280.37715136,1415.0257525,1471.1369412000001,1382.5014522,1744.0131668,2067.7090153,2350.21425092,2714.2875025400003,2875.3008328,3025.2058334000003,3054.58078078,3335.16551188,3317.130534,3730.94485118,4286.62032414,4211.81123004,4268.969112600001,4346.0517952,4797.9282302,5368.4138845,5622.9652481,5981.5015076,6129.884479,7197.56764898,7729.13573088,9271.78986456,9564.193755,9889.7069269,11517.2221547,11880.17879064,12411.76095484,12462.031526679999,13289.473382799999,13537.6193482,14500.9414042,14809.8507947,15118.9567547,15184.57458798,15414.53782535
12_MEA,2.D,Non-Energy Products from Fuels and Solvent Use,CO2,694.946580468,712.735215058,738.231597876,771.186473282,807.943562922,846.115931443,887.090914357,964.092976507,992.360364476,1058.451525919,1046.650167162,1126.731185227,1183.5587621309999,1301.228578656,1440.585198573,1492.897978101,1622.8482898680002,1699.035797156,1615.76115503,1754.254949348,1806.26673935,1839.035688185,1911.655312076,2126.81633073,2038.7691723379999,2060.899946089,2299.008833671,2418.080895253,2221.243592852,2302.168237026,2830.6547861520003,2596.2306566800003,2791.317176433,2808.646366824,3275.5711343949997,3307.237956662,3569.1678925819997,3487.913625233,3446.144571819,3346.553428277,3225.363353115,3364.105566028,3337.456361037,3357.070002177,3347.685557307,3350.967431101,3474.357693163,3598.13977604,3645.58992956,3729.474811394,3150.141282014,3633.3735223950002,3695.881320052,3718.930770335,3742.399833341
12_MEA,3.C.2,Liming,CO2,1560.114285978,1560.114285978,1560.114285978,1560.114285978,1479.866666828,1502.076190788,1614.485714551,1652.723809813,1672.10476223,2161.4476192,2437.704762327,2007.761904963,2026.0952382829998,1941.02857165,2029.76190491,2066.00952404,2473.533333728,2445.247619765,2485.2666669,2610.457142613,2704.53333372,2655.819048277,2675.40952431,2750.73333352,2785.723810011,3492.971428681,3167.685714581,3121.48571408,3129.7619045700003,2884.5142862519997,3343.3714291730003,3059.990476444,2915.4190479080003,2456.6666665,2984.142857795,2951.771428608,2676.980952927,2602.704762243,2201.361905323,2575.0476196659997,2447.0285714799998,2359.342857674,2037.7238095,2165.847619489,2176.21904786,2333.990476039,2465.361904879,2738.580952886,3027.619048188,2658.228571308,2424.714286007,1918.609523915,2041.495238319,1966.93166783,1935.174104279
12_MEA,3.C.3,Urea application,CO2,493.585624558,493.585624558,493.585624558,493.585624558,546.6999005800001,563.985611736,618.199887649,642.871311674,595.099891729,826.099849797,929.656973906,1207.328351947,1415.699742604,1636.4854166970001,1653.456842303,1665.399697104,1914.471080543,1970.885356005,1977.013926201,2171.242462368,1905.9853676769999,2002.156778888,2250.1281623669997,2257.513875201,2010.013920259,2149.242466278,2435.870985644,2762.8852118,2882.9423326690003,3007.085167984,3033.013734765,3269.513690688,3619.785056138,3327.0279671089997,3679.813615852,3418.799377682,3707.942182222,3345.727963242,3704.799326222,3456.3565146,3535.24221395,3412.670808045,3352.327961166,3127.770859906,3385.485098976,3011.9565955030002,3809.61359396,3529.113643668,3613.970771142,3625.756483834,3398.999382208,3542.470784665,3657.027905933,3692.8564719299998,3742.166298937
12_MEA,4.C,Incineration and Open Burning of Waste,CO2,0.693176623,0.693176623,0.721347439,0.750148736,0.7793810760000001,0.808894648,0.8434903189999999,0.878585084,0.914630881,0.9523139420000001,0.992132868,1.036587043,1.0832373069999999,1.131976584,1.182561462,1.234673757,1.285183279,1.337039185,1.388887805,1.438979311,1.486207091,1.5278650740000002,1.56664494,1.604301338,1.643301876,1.685406722,1.730687216,1.779202204,1.830293808,1.882852564,1.995052695,2.054876779,2.112846294,2.171079214,2.232599877,2.299659877,2.343569771,2.3933534759999997,2.448275678,2.508603914,2.573982284,2.6416479230000003,2.730656408,2.726008445,2.816076227,2.902112963,3.019910895,3.093691581,3.163405828,3.230955965,3.2977738320000003,3.354932999,3.4989737219999997,3.5800301500000002,3.6631752539999995
12_MEA,5.B,Fossil fuel fires,CO2,0.0,0.0,0.0,0.0,0.0,0.0,0.0,0.0,0.0,0.0,0.0,0.0,0.0,0.0,0.0,0.0,0.0,0.0,0.0,0.0,0.0,26840.0,0.0,0.0,0.0,0.0,0.0,0.0,0.0,0.0,0.0,0.0,0.0,0.0,0.0,0.0,0.0,0.0,0.0,0.0,0.0,0.0,0.0,0.0,0.0,0.0,0.0,0.0,0.0,0.0,0.0,0.0,0.0,0.0,0.0
13_AFR,1.A.1.a,Main Activity Electricity and Heat Production,CO2,70073.560245886,70073.560245886,74229.107156963,82629.81106566101,92084.38523828199,102389.859215034,112577.81089971901,112903.884459605,90775.692901024,98253.319861649,106987.563065628,116738.715875778,124081.138695838,127172.664105611,136249.809059737,138895.082522773,140812.036891114,155904.295651199,150980.25756626998,156467.488377337,163559.776386478,164382.697702032,167511.68699078297,177868.202426968,181730.37088733198,188989.167532071,196699.18836313896,206837.76667888198,217367.82113290898,208253.265044591,216887.75691831,204775.18770097,210166.10996887,227744.46242217,244579.64400573,243749.31242983002,246907.08469483,254963.4268593,281715.91360275,264756.25653914,285276.64044526,279613.39762596,285616.67219067004,297234.338359929,317175.02106950304,301514.081669453,306665.02893935796,294263.437614033,304682.544737686,324118.281231856,316644.58426214196,307639.65718013,301148.67666250706,290651.849114643,307266.08135446603
13_AFR,1.A.1.bc,Petroleum Refining - Manufacture of Solid Fuels and Other Energy Industries,CO2,3087.4537536939997,3087.4537536939997,3332.403180164,3704.062885694,3760.346248915,4529.412569434,4247.261167034,4202.446676024,4430.166370904,4910.868309493,5477.020896602,5450.53145143,5505.88011103,5750.32048161,5745.47184484,6949.83134374,6434.83369869,7111.598741623,6453.260266403,6555.570284653,6123.74592523,8160.747339093,9490.03911238,8925.2460651,8667.9591839,8830.99098426,9300.782066849999,10295.43681148,8873.96082489,9916.86049735,10736.287736549999,60280.03995723,59213.57346895,52931.63718041,55764.53968029,51217.601487520005,49105.63550727,56154.102331819995,58135.52639073,38175.05489257,70981.40689867,70569.24375494,72969.28327313,68805.9833748,69049.52192587999,69542.17889899001,70338.24931635,76024.50140662,73630.17773102,73655.93575436,69511.3609027,69443.7323188,62726.9052664,64174.78851574,66106.25549089999
13_AFR,1.A.2,Manufacturing Industries and Construction,CO2,58832.43606673601,58832.43606673601,60469.793489437005,68199.510261628,68222.35944561899,71215.161806852,79243.39963340899,80353.087058622,80479.490063863,83931.93771929201,87920.320135844,91506.218050282,82262.17263906101,72607.378001146,71170.79698549601,74084.349201775,71884.863724276,75333.183211313,77570.726332707,73676.698851311,73543.67396748399,67619.936698855,62101.882527071,54451.155683275996,53103.631624034,54300.772012864996,59546.217400377,62653.350173168,65445.37544681999,60062.1577962,60222.078821523,55975.240084241006,59344.283950849,66466.20067908701,74315.306374739,77954.62236784,75496.56322741,70984.455656252,72472.714649767,86021.793436564,78514.238216743,80273.109385213,81112.332249696,84848.3983457,90569.2088373,88127.237360978,88176.079953686,82707.706028873,93265.01055802901,93151.667339676,89146.461997749,95163.655293858,95672.204320207,98557.932358435,99498.143639851
13_AFR,1.A.3.a,Civil Aviation,CO2,725.377959236,725.377959236,719.139621044,811.677349994,853.21840071,1003.153730356,1040.997820858,1095.234745246,1145.714453851,1289.753261149,1331.368611649,1385.605492445,1254.769592093,1334.981280652,1427.390373547,1347.735127556,1306.227697845,1440.805927467,1532.525703451,1930.036464388,1538.355890939,1522.086928241,1762.063559201,1945.477809693,2023.206639813,2264.115542305,2355.440997491,2517.292060768,2478.652250431,2580.044673212,2623.13998992,2665.663244459,2764.489855213,4120.266970742,4568.404877245,4571.497786344999,4540.251231711,4830.048681095,3360.221842937,3038.1743979159996,3681.8050284250003,3680.460131891,3093.0397980019998,3023.1846551619997,2865.524611257,3062.560575243,3279.3981001069997,3498.0894272970004,3406.534621701,2745.625283899,1642.820069405,2208.432204158,2783.52678384,3179.913322759,3461.07159121
13_AFR,1.A.3.b_noRES,Road Transportation no resuspension,CO2,27972.188407416998,27972.188407416998,31348.269314058,34435.252681212,34468.289844722,38097.323067724996,41050.231366875996,43902.49260177401,48612.271702856,45113.899756132,48899.319035406,50954.705753452,52077.961696348,53031.369368833,53511.416368458,53055.282193423,53107.658133179,54905.320392798996,59665.940344311,61270.486817714,60894.327848919995,64979.85443326,69206.93740645,65845.17121962,64661.41967759,72021.97444889,75139.12623384,81656.46847574999,74918.84273003999,82826.45627451,83529.02618704,88066.84576269999,94783.86268783,99830.93660154901,105223.181520961,104049.22340835101,105056.655985846,110764.280257866,118936.517126163,120664.755523763,130501.208080043,139553.345425703,149903.690926413,170050.924108074,174660.60844096701,178352.45610729,187450.30823033,189301.37682953,199265.63626223,206032.79623555,186523.79512023,209451.434244,217642.21689757,214453.08583387,216070.15299718
13_AFR,1.A.3.c,Railways,CO2,15526.07558973,15526.07558973,14197.744684520001,13287.222768309999,11153.736907446,11758.367299751999,9154.861315424,8435.794426668,7437.439492021,6575.544156029,6391.422438958999,5887.1971030409995,5202.748979264999,4526.244423247,4202.982224669,3684.407397247,3937.957233948,3419.005716326,2436.789888406,1725.403683955,1413.92356991,1103.0531581750001,1185.42770349,1906.557693964,1376.960228225,1235.099930241,1024.562177631,1005.57004035,1081.839921129,1266.09847244,1124.32421558,1099.20405126,1195.53157383,1148.96131138,1044.264157418,748.173176581,789.693753421,758.156126488,670.293629471,698.294880732,832.992408373,1008.446784107,1466.518697585,1783.631055409,1880.024986608,2065.503917369,2063.442187873,1917.243144832,2041.75968405,2389.364881444,2413.260110298,2539.244292656,2664.673838847,2656.514442265,2646.942347619
13_AFR,1.A.3.d,Water-borne Navigation,CO2,539.92782651,539.92782651,587.74408428,619.53151071,651.49928819,667.1194513500001,768.9885872799999,781.2963227500001,793.612239262,762.484622874,781.640724741,816.4045113880001,828.616423049,784.536746765,800.582624833,819.83902518,742.5052962679999,708.637206976,793.5899778400001,712.65615914,760.683982979,754.059128191,836.77426004,839.8855462600001,826.3314568420001,842.1387140200001,921.7787568819999,958.665098479,951.129445398,1011.165747739,664.327073248,687.3212148509999,689.884423582,1020.701355521,804.045650972,755.907485531,753.444481389,829.731787841,887.176493841,938.1024839009999,951.204147091,1071.513678716,1478.679161797,1813.8637060679998,1753.833436178,1677.8556879809998,1742.122964785,2550.055687967,2834.649136358,3067.945039114,2707.8464996760003,2897.0050994559997,3352.0865665809997,3205.523219961,3344.2978072670003
13_AFR,1.A.3.e,Other Transportation,CO2,0.0,0.0,0.0,0.0,0.0,0.0,0.0,0.0,0.0,0.0,0.0,0.0,0.0,0.0,0.0,0.0,0.0,0.0,0.0,0.0,0.0,0.0,81.87972,15.548375,30.938262,24.8774,40.425775,34.206425,3859.1380099999997,42.910225,1492.963542,3694.04156,691.61455273,14.92315,271.605550006,2829.528469995,973.876700001,29.8463,48.801175,24.057296,82.835709001,263.56284612599995,107.554466127,110.34602412699999,98.10073612699999,114.013498123,160.528752118,234.873811126,336.34100925,438.78585703000005,504.820380628,594.198116541,738.48594394,747.009250974,758.470446846
13_AFR,1.A.4,Residential and other sectors,CO2,19830.270942831998,19830.270942831998,20317.796114973,20662.052401995,21050.047134572,22443.1782522,23869.355089325,22729.471353034,24773.699222254,23237.619928502,22221.601993201,21137.180110961002,20638.505571222,20356.021674094998,23677.533271887,24311.114948392,23509.45155346,24317.041602687,25375.977792601,26857.345591642003,27527.811996197997,27502.911601084,28108.022106006003,32084.028544317003,31277.921985406003,30884.103188382,31663.208510575998,31974.034693137,29848.525264393,30646.627272384,29673.477997019996,34309.618396679,36425.300804075,37399.715770037,37637.053293982,40453.488543335996,43966.949537483,49889.400991790004,53403.05664014,53156.764602967996,35344.324023823996,39400.851960792,49040.076371457,51332.761440869,51698.730739122,48339.526182716996,46268.040731488,60936.278858345,51978.060303729006,44790.389646637,43506.791360795,47866.893534073,46820.829488287,46961.824941173,47385.094713268
13_AFR,1.A.5,Non-Specified,CO2,5692.272946506,5692.272946506,5643.190860447,5897.4021369189995,6283.952754545,6000.25260356,5784.876515186999,6260.738036628,6134.677958203,5597.688113068,5601.214289561,5123.279628167,4553.353158103,5167.2630423929995,3956.967720866,4346.640199587,3081.274266689,5290.653940221,5184.143320331,6016.537134082,2412.852531044,2857.6005244899998,2724.707432901,3193.217397118,3424.43765527,4076.5643542320004,2983.3786225989998,2955.993877189,4870.587822505,3609.396840443,3453.9919704999998,3061.498080902,2818.928723297,2700.445899269,2777.563167411,3841.2065914160003,5854.8369250060005,6267.979822176,6293.391119662,4235.4530940800005,7856.91192828,7151.270120021,8302.241612521,9413.886088858,10546.899185036,9519.596677929,4703.334442526,5492.992861312,5529.6148928,5737.252072262,5229.136888926,5251.75906685,5709.402536636,5727.109317434,5674.100393063
13_AFR,1.B.1,Solid Fuels,CO2,11117.84069882,11111.341597245,11212.276572255998,11879.376027119,12332.183149851999,12674.791701601,13344.202511152,13800.579893787,14499.521850105,14886.765081231,19908.960095628,22011.889554918,35065.228775179,47286.493318395005,50731.492252013006,53399.265708215,55650.724513908994,56542.930343678,60812.626680712994,53857.883694742995,59316.982768686,56884.674327309,54097.733481287,47716.229408777,47584.743796088005,52220.797479233996,52426.426181951996,52152.639301343,50218.662387051,51330.00537087701,51519.076114698,25944.839887047998,28013.801889452,28936.038989193003,30708.636711874,45614.090116028,46898.826104323,47114.872050352,46051.43650769,41229.137863704,24786.588069362002,20484.476356045,20211.645303947,21326.96530512,20949.098084245004,21158.569432885,20771.875364297,20196.708411516,20027.326055304,19289.55036839,16029.449791169,18845.554448381,16599.745998058,18517.647623259,18255.242342767
13_AFR,1.B.2,Oil and Natural Gas,CO2,30993.70437265651,44847.99207265651,57273.44961630743,77508.61094122795,98757.60583481386,72505.5722893697,77429.9257640326,65416.72346606092,65164.62628939353,94447.2663756067,80549.51392259214,60066.3421169091,52828.10689759806,53956.52344421394,58548.472697205085,60263.500795093525,59363.94388343427,53799.83410052879,58734.198908117556,63559.96797536863,61123.87828290728,61343.655065026935,62922.68181541951,64384.896043256806,67452.78755717435,75953.01820102944,90795.86701357702,83803.37446258856,80330.6216550155,77287.643767346,81689.6667136762,81604.933435139,67402.656656173,75546.48591221662,71842.3691461783,68392.86435159492,60928.60337334676,54118.11377058564,52556.6049361654,50229.379012083,52139.726860261006,49409.95399055,37292.556215678,37835.820379828,36866.711561194,37898.316553444,35391.966298439,35142.605481675004,33768.425515821,33374.254825635,31548.783930165002,29067.5346549891,27381.2501702516,26818.4317896616,28052.668641085602
13_AFR,2.A.1,Cement production,CO2,6347.5542000000005,6458.4625,6862.48992,7380.22736,7662.57484,7651.1266000000005,7160.39814,7043.3312,7113.27746,6971.73064,7487.2616,8521.93989,8380.769436,7874.15844,7652.5199,7752.61143,7740.02688,7444.726236,8240.0128,8607.758424,7869.20456,7883.300466000001,7720.717952,7826.188332,7402.3675956,8040.30621,9836.824032,10079.04702,9677.118,9290.343,9491.050000000001,9950.304,10201.984,10725.312,12630.93,13462.0944,14519.5972,15170.277,17566.72,16483.302,17935.008,19724.526,23955.18,26041.2624,26864.9542,30957.6099,38096.26986,36621.99867552,39860.338614875,41679.30795073,44561.49382255,48717.78073836,48499.849513397,48445.134997561,49015.077765973
13_AFR,2.A.2,Lime production,CO2,992.7,1060.95,1160.325,1258.95,1156.7250000000001,1254.825,1289.325,1489.3500000000001,1750.65,1632.8999999999999,1916.625,1920.075,1789.425,1693.3500000000001,1877.775,1833.5249999999999,1776.375,1706.325,1736.25,1818.6000000000001,1637.175,1557.675,1545.675,1439.925,1420.425,1473.675,1439.025,1384.275,1331.7,1247.55,1220.55,1382.38275,1370.3790000000001,1303.92525,1476.9824999999998,1242.675,1388.273231114,1401.791515339,1377.777413755,1206.678318132,1159.308440125,1269.80326848,1187.563541036,1855.173616372,1915.9825705980002,1806.75,1815.75,1860.75,1944.0,1844.25,1675.5,1782.0,1727.25,1747.5,1747.5
13_AFR,2.A.3,Glass Production,CO2,13.95296475,14.32122525,14.70258455,15.09803135,15.5087794,15.93572855,16.3795261,16.8401538,17.31693785,17.8088077,18.31505435,18.8353691,19.37032945,19.9211551,20.4895393,21.0766161,21.6826725,22.3071481,22.94927775,23.60789935,24.2820436,24.972227,25.67840515,26.39847725,27.1295805,27.8701176,28.6196239,29.3798974,30.1546321,30.948767750000002,31.76645065,32.608933,33.47664415,34.371754100000004,35.29640665,36.25215585,37.24007825,38.26028585,39.31213315,40.39446655,41.5062608,42.647402299999996,43.81758345,43.82124097,45.021234815,46.255509797,47.205359592,48.175445643,49.166209671,50.235203416,53.844063414,60.160285337,60.18386243,60.206745012,60.920765006
13_AFR,2.A.4,Other Process Uses of Carbonates,CO2,56.974466367,56.974466367,60.141419362,59.951156685,61.347439251,59.055080837000006,76.01300936300001,80.235954305,108.590013325,112.81295832500001,111.00312476900001,169.21943748700002,109.494930087,131.5145717,150.2161852,151.4227409,157.4555194,152.0260187,145.9932402,156.8522415,178.34032011999997,220.19197918,313.601393895,321.761191135,322.71687114499997,365.441831762,328.823096112,378.692035047,382.97987498099997,384.94483102099997,268.54138103,329.223916655,393.599227745,592.98275109585,432.29821750479,451.43480839764,484.13652947628,502.15577144472996,543.44368100617,450.62440595661997,540.0122418395599,651.9115735895,587.2305476419999,602.602807298,616.8419473753,593.5727882727,524.0783500670001,474.8375461703,538.4022613897,544.952374575,763.335555496,823.1985990124,823.2748209358,823.3080561541,833.0128688300999
13_AFR,2.B,Chemical Industry,CO2,977.7453456000001,1110.5453465,1164.7320141,1209.352015,1259.797016,1321.1020210000001,1809.2370240000002,1906.1320260000002,1993.4620380000001,2024.262024,1996.565353,2058.978676,2196.123676,2132.568695,2111.332041,2129.73702,2134.772022,2333.7703816,2458.9854319,2387.5454245,2642.3670912,2518.0693182,2684.5615433999997,2800.0937715,2768.8159987999998,2638.2798999999995,2708.4117961,2640.6703404,3123.0088039999996,3373.77677,2576.257925,3813.147308,3948.5467670000003,4115.085925,4131.2660000000005,3307.9860750000003,3434.295925,3600.796,3678.046075,3832.2099249999997,3871.2099999999996,4675.470767,5295.251622,5244.5227027,5152.3006925,4921.920706,5084.079462,6170.6848899999995,5935.508906,5802.9008969999995,5581.0259744,7565.217815,8402.9485754,7348.1317699,7519.8378631
13_AFR,2.C,Metal Industry,CO2,15119.5536535,13702.5475075,14109.396860699999,14870.539605,14157.8898054,11225.782565000001,10928.8269586,9947.325857900001,8757.391737599999,10682.70710848,9086.84185914,8669.962736039999,5385.3039962,3217.9041403,4952.584086,5014.74241784,4725.492775799999,4825.79613926,5139.33353038,5088.116363,5025.86778364,4739.145017639999,4269.37805876,4517.1773156,5216.30738456,5432.2482662,6002.658977,6698.701478,6978.27719064,7193.0499896,8167.3227197,7725.327122600001,8308.096145,9040.29929332,9764.37607024,9397.30098972,10098.20376808,10858.158266000002,9580.898229,7426.8201516,9998.35648592,9939.68865476,8960.44690876,9431.38829244,10376.1939746,9622.65178212,8984.299755760001,9261.07832852,9343.517728679999,8824.46767,6783.165118840001,9015.4351672,9411.905024200001,10822.205122554,12258.469494719999
13_AFR,2.D,Non-Energy Products from Fuels and Solvent Use,CO2,799.1787921939999,815.688152664,848.369786216,864.342230631,913.789308722,914.935952838,922.70898285,956.66512801,966.722375207,990.695599841,1018.874156343,1055.058063526,1083.028035976,1104.667468556,1147.531810312,1174.153221052,1217.654589361,1322.479275052,1340.128458704,1360.30516932,1328.5000709419999,1533.97282916,1521.329526002,1695.537801168,1745.444543765,1864.59954491,1901.9915922139999,2073.337847461,2004.349558568,2031.647897261,1929.797902862,2035.093358496,2173.2964144019998,2233.940283992,2267.748193192,2406.642941784,2417.40408789,2540.065427675,2668.2684903599998,2697.897406136,2792.687658551,3124.051903994,3111.899201078,3365.777687879,3448.347231343,3534.93875696,3662.108063599,3764.0629373829997,3983.661852918,4001.151814759,3636.192404563,3891.9581167439997,3911.919058573,3972.399103173,4049.639291244
13_AFR,3.C.2,Liming,CO2,512.91428575,512.91428575,512.91428575,512.91428575,565.923809638,564.247619129,504.95238095799994,529.990476328,489.447619129,524.542857185,481.066666784,545.390476225,570.323809533,515.952381023,544.447619109,530.514285823,425.54285717799996,466.92380958700005,515.009523856,502.75238103000004,471.11428581,480.961904876,408.466666701,543.085714295,481.27619053800004,390.65714291899997,497.304762016,510.714285755,564.352380959,543.2952381810001,507.780952478,520.0380953060001,616.838095256,405.533333434,571.89523823,503.17142868999997,599.13333338,572.838095365,490.495238126,541.7238096,624.80000007,598.71428579,652.561904851,985.4952382499999,938.35238104,1072.447619261,1138.13333336,1000.161904942,1073.704762103,1054.638095532,982.666666857,1480.180952748,1325.0285717329998,1348.633117943,1375.702645198
13_AFR,3.C.3,Urea application,CO2,75.271414885,75.271414885,75.271414885,75.271414885,97.742839368,118.485692739,127.757119629,145.985687733,161.228542114,204.75710566799998,338.95708119000005,426.64277959699996,298.414231479,295.428517681,238.542813778,255.67138207899998,256.771381888,216.85710342299998,262.74280936599996,262.114238022,259.757095635,255.357096434,280.185663341,271.85709343,291.81423266400003,238.385670941,393.79992841,373.842789138,430.57135025800005,494.68562438699996,510.085621491,612.542745791,508.985621771,517.314191639,591.642749601,524.228476141,656.071309337,575.457038246,717.04272679,652.928452747,1058.671236024,741.08557968,997.5426757800001,1547.385432854,1496.62829926,1201.356924414,1541.099719734,2200.6281713440003,1868.428231784,1830.242524403,2384.9567092390002,2648.1709470710002,2530.628111381,2594.2709569430003,2663.522576081
13_AFR,4.C,Incineration and Open Burning of Waste,CO2,1.583908803,1.583908803,1.664998856,1.749541333,1.8370678589999998,1.927274379,2.024236356,2.1241307970000003,2.2278601670000002,2.336742515,2.45180835,2.565380641,2.6852691120000003,2.810125451,2.937753249,3.066618369,3.1951803770000002,3.324957333,3.45881641,3.60108148,3.7551206949999996,3.9189240049999996,4.095723463,4.2834290799999994,4.501285791,4.815519242,4.839346989,4.868173317999999,4.903489978,4.947771765,5.155253431999999,5.399937928,5.65994978,5.929403461,6.217396600000001,6.5259217959999996,6.8634805409999995,7.217404759,7.586630841000001,7.968417939000001,8.360848243,8.780588252,9.212459082,9.658476968999999,10.13028933,10.622091302,11.136209263,11.671455004999999,12.227722827000001,12.804488534,13.40138863,14.018125031000002,14.655899586999999,15.252788502000001,15.874242986
14_CLV,1.A.1.a,Main Activity Electricity and Heat Production,CO2,1980.56145206,1980.56145206,2128.6370166799998,2344.56022093,2044.2811787599999,2367.36372208,2932.51434736,3570.9615381,3414.20316583,3203.30578583,3932.78037046,4052.33741266,4277.82760623,4940.82074525,5325.56696013,5495.034507,6070.9275851699995,6859.223681949999,8326.54518953,5840.254780570001,5069.6756441299995,3857.1387313,3294.3129501599997,3051.5545638000003,3960.9230792999997,4756.176069,5945.5608187,8521.7299868,10951.1815361,10130.2912352,11872.981914999998,12794.5592793,16169.1175284,16403.4605287,21191.895689200002,25056.363089399998,27619.978655,30128.211070999998,31408.373047,33398.5352,42388.2911763,41182.3981648,42365.3236396,45187.5790958,54533.774599,90109.79633800001,111659.063744,111233.024256,137999.570209,172380.34076300001,169737.439184,160810.69632,158737.59712,190895.75688,217188.310831
14_CLV,1.A.2,Manufacturing Industries and Construction,CO2,13.172946558,13.172946558,15.746511775,15.236497794,14.706803673,41.541311775,132.943293594,83.79773248000001,103.238287317,45.72791044,5313.605109003999,5225.10717788,5756.248552697,6597.253747163,7278.0099769789995,7229.8835002000005,7920.305720121,8638.32625376,6605.871872472,6245.78841447,5724.30463065,6327.63265052,6852.90407456,7302.86472743,7517.78738934,10546.645837810001,11155.73292855,13328.75421889,13853.75580997,13898.712708340001,14595.49590976,16602.59345764,18528.71160321,19849.12730521,23035.4957814,24336.3651679,24697.505612,27406.2546215,36044.303713400004,39760.6658885,43115.929251199996,45015.9480095,44416.9861093,48018.4841612,52911.9485922,35339.2089166,36962.4655229,38429.964463799995,59990.1208025,72908.9182571,95135.4634619,95822.7971866,92004.900062,106940.647862,116130.770784
14_CLV,1.A.3.a,Civil Aviation,CO2,29.57381604,29.57381604,36.72807428,31.41787681,20.44195751,18.970496869999998,18.44301252,21.526808791,17.739299238,23.319642297,320.67006381,318.985302465,281.589336631,334.08618169,301.06723231,294.14957191999997,390.51495617,418.90517629000004,465.5964159,397.50961162,345.40333775,383.30254623999997,586.11144285,368.37236968,462.55710711,524.6396284599999,565.5411556199999,596.69805361,514.2624208,446.56554138,368.7972431,307.0098031,350.28801665,331.7244931,337.9028081,381.1128035,418.18555349999997,516.93472545,649.79136365,779.5873585500001,1088.4824736500002,878.3636719,1026.6121723,1156.32500555,1168.62735275,1919.3165992000002,2357.9659246,2494.29696945,2593.84108555,3004.38110115,2388.6660941,1480.3670023999998,3403.98373315,4533.347797999,5106.595245765
14_CLV,1.A.3.b_noRES,Road Transportation no resuspension,CO2,2944.15506513,2944.15506513,3042.91622386,2942.4052118,2429.3866704600005,2446.4252777700003,910.08893355,648.54012176,741.5302482100001,858.28017033,1625.59997359,1253.77762983,1317.6759467299999,1417.30239919,1401.3923014499999,2512.0658734900003,2744.84147614,3204.1167082399998,3498.4647228599997,3297.00692902,4029.83563619,3766.3240855000004,4076.1592951,6798.6309156,7442.7209976,7897.3043206,8577.6072047,9346.8833039,9993.9511047,10632.888415899999,11985.35846,12993.474459,15355.482533800001,17207.275472200003,20735.707037700002,21016.0457115,21082.220433000002,24779.641847,26367.368161,31704.724092,33797.112233,33656.763286,33420.255418,32879.915039,34052.744138,34357.770568,38205.168624,41499.105733,43455.378523,44953.82919,39491.840540000005,35981.152342,45712.342625,48457.614964,51811.810419
14_CLV,1.A.3.c,Railways,CO2,0.0,0.0,0.0,0.0,0.0,0.0,0.0,0.0,0.0,0.0,258.130885,200.51234,262.740172,324.968004,327.273139,239.692754,202.817475,271.959729,184.379344,73.751541,61.665807478999994,99.06781305599999,90.554190691,62.771573394,51.382168862,67.67653315,79.95026169,89.54418135,121.5242297,118.3262516,134.3164313,172.6924212,147.1083218,150.3062999,172.6924212,201.4744914,230.2565616,233.4545324,217.4646638,322.9987137,313.404794,332.5929446,367.7709637,377.3648834,412.5429025,551.5383413,631.2922305,636.9423406999999,720.6404693000001,855.0056213,833.2085061,1061.9747389,1119.36304,1122.2693299,1176.7651549
14_CLV,1.A.3.d,Water-borne Navigation,CO2,4.852464674,4.852464674,5.620849556,5.3703104249999996,6.397618182,18.207465518,13.037391749000001,16.854164919,16.08578004,17.113087795,15.576318034,12.188373507,12.46363972,13.174698355,16.980883705,38.286717673,40.499679217,39.593752603,43.225421835000006,41.962564438,49.013571155,55.417030700000005,61.436886380000004,65.9806616,75.38325824,86.91134727,97.88366799,105.22403872000001,140.45793882,167.0103953,176.37216915,202.01045618999999,198.8655804,240.58766331,253.47302565,269.46288681,279.13769715,282.34902315,282.3623784,317.5671006,340.06051184999995,279.01705935,224.39626626,182.63489901,259.6685239,2769.2320248,3087.6335843,3248.1158453,3347.5880434,3448.2953477,2934.2487999,2676.5096644,2947.5539725,2844.887884,3062.6693215
14_CLV,1.A.3.e,Other Transportation,CO2,0.0,0.0,0.0,0.0,0.0,0.0,0.0,0.0,0.0,0.0,0.0,0.0,0.0,0.0,0.0,0.0,0.0,0.0,0.0,0.0,5.374508708,5.564551158,8.308180805,7.567591603,9.712792081,5.096758126,6.035180295,7.575175853,7.8565961,8.107364252,0.0,0.0,0.0,0.0,0.0,0.0,0.0,0.0,0.0,0.0,0.0,0.0,0.0,0.0,0.0,0.0,0.0,0.0,0.0,0.0,0.0,0.0,0.0,0.0,0.0
14_CLV,1.A.4,Residential and other sectors,CO2,181.291718599,181.291718599,215.71900990799998,206.905124199,228.494036349,260.151681718,238.521642628,260.16277985799996,276.34528635,340.257346976,2933.8098419099997,2746.516444624,2844.198757422,2531.580266462,2061.9308034660003,2086.912297429,2203.36016656,2654.1049884699996,2300.9071585499996,2225.58077771,2740.90178452,3325.2789442099997,3527.8295562800004,4294.53020131,4780.54070457,5413.53564156,6431.791580460001,6510.74878265,6994.54017754,7245.56482004,7933.61420878,8852.256514480001,9658.56566358,9564.60839818,11312.23517988,11785.57746558,11699.84467928,11845.64048008,11748.11595008,12058.07623358,12757.53162498,12455.78957888,11557.609427379999,12414.820040780001,12098.55680748,15073.15869278,14680.63967026,15644.846922120001,15814.723677310001,16075.80065162,16036.85474475,16007.7306675,16138.17614221,17275.401757300002,18525.69328611
14_CLV,1.A.5,Non-Specified,CO2,11800.24681518,11800.24681518,11111.34564569,12876.8284425,10677.285478200001,12793.3993562,8479.157224030001,9166.63744409,9450.57306772,10360.46757728,1213.53386362,1938.22547615,2160.6988975900003,1853.06301285,1152.70536251,89.24870763999999,54.01906531,80.00492019,95.06596748999999,124.77125435,8.165881247,9.990942319999998,11.162924952000001,12.172501042,13.544747169,6.818806721,11.71418669,22.51977191,15.16969584,7.068247031,0.0,0.0,0.0,0.0,0.0,0.0,0.0,0.0,105.5343611,207.8704329,48.26818185,48.26818185,124.9778603,281.6374893,467.0368946,562.8918074,630.731311,630.067034,207.8704329,255.8406536,0.0,0.0,0.0,0.0,0.0
14_CLV,1.B.1,Solid Fuels,CO2,27.47451373,27.47451373,18.37760116,27.47451373,36.75520231,47.781763,51.45728323,56.97056358,55.13280347,50.53840318,47.781763,55.13280347,57.70566763,57.88944364,45.94400289,51.40214886,56.25383635,58.18348447,55.67494113,47.19368133,42.638225086,46.821839729000004,46.125212405,54.293232094,52.480930521,76.85066727899999,90.444552384,104.864920262,107.50005780400001,88.75155705099999,106.87799596400001,119.363164912,146.47004059100001,153.895106936,251.83803977300002,311.010096349,351.90655258699996,385.602689281,361.39198401799996,406.24921302099995,414.20740393799997,431.46605968499995,392.718229741,385.31273865599996,381.983665046,369.898843029,352.193124501,348.551260537,415.97433356,486.465396621,487.44335882300004,551.545341786,569.0579943260001,566.1919943539999,558.890439867
14_CLV,1.B.2,Oil and Natural Gas,CO2,1.7011640000000002e-06,1.7011640000000002e-06,1.701199e-07,2.041423e-07,1.360896e-07,2.041423e-07,1.360896e-07,1.701199e-07,2.041423e-07,2.041423e-07,0.0,0.000131544,0.00026244,0.000883224,0.000766908,0.000487944,0.00049572,0.000494748,0.010579382,0.022433616,0.040535638,0.060350159,0.082720689,0.09476500227439999,1237.784986,1443.458331,1322.076503,1021.62759,1114.652023,1747.413485,1384.654285,1379.998591,1067.679053,1265.477924,1241.692673,1195.907868,1065.838767,1108.10626,1012.875503,1090.480621,1010.078623,1014.319873,1750.943725,2026.329352,1978.047261,1886.263886,1624.105028,1797.528183,1424.752836,1507.134338,1304.054818657,1057.0660197500001,1152.1768259021,1306.7369949021,1171.8724449021
14_CLV,2.A.1,Cement production,CO2,412.49,400.634,271.7,419.406,373.958,293.43600000000004,392.73,445.588,424.84000000000003,351.728,320.112,269.23,354.91499999999996,452.42999999999995,646.965,747.472,762.352,833.469,972.629,1042.209,1263.4260000000002,1574.774,1996.059,2149.777,2430.3599999999997,2709.2,3562.676,4352.612,5314.01,5692.04,7258.464,8597.952000000001,11096.8,12394.15,12698.35,15090.3,16417.600000000002,18906.261,19433.184,23286.447,24791.91,25400.76,23533.2,23129.26,24993.621,28108.271999999997,33646.45228,37364.408009,41038.221825,48273.701871,51625.945798999994,54880.940331,56930.124061999995,53804.054208,53908.252486
14_CLV,2.A.2,Lime production,CO2,274.35,303.0,331.65,360.3,388.95,417.6,446.25,474.9,503.55,532.2,560.85,589.5,618.15,646.8,675.45,704.1,732.75,747.0,651.75,526.5,732.9654545,734.0693182,764.9775,883.0909091,993.4772727,1149.122045,1095.032727,1176.718636,1036.527955,1132.564091,1130.356364,1013.25,1065.0,1038.0,1098.0,1302.75,1194.0,1078.5,1214.25,1188.0,1090.5,637.5,637.5,637.5,637.5,630.0,630.0,630.0,525.0,502.5,405.0,450.0,405.0,381.0,382.5
14_CLV,2.A.3,Glass Production,CO2,2.655776,2.7206625,2.7859315,2.84995,2.910546,2.9664625,3.0167275,3.062652,3.1080985,3.1583535,3.2171719999999997,3.2859890000000003,3.363598,3.4478515,3.535374,3.6236305,3.711748,3.8002320000000003,3.8894965,3.9803945,4.073315,4.168288,4.2642855,4.3593895,4.4510895,4.5375635,4.61821,4.693388,4.7634735,4.8292105,4.891319,4.949865,5.005092,5.05816,5.1105495,5.1634455,5.2171970000000005,5.2719515,5.328422,5.3873225,5.449097,5.5140955,5.5820425,5.5798936900000005,5.650849114,5.7227274139999995,5.777453498,5.832715967,5.8885202329999995,5.950245542,6.081160163,6.811722184,7.306096616,6.811722184,6.827882225
14_CLV,2.A.4,Other Process Uses of Carbonates,CO2,0.0,0.0,0.0,0.0,0.0,0.0,0.0,0.0,0.0,0.0,0.0,0.0,0.0,0.0,0.0,0.0,0.0,0.0,0.0,0.0,0.0,0.0,0.0,0.0,0.0,0.0,0.0,0.0,0.0,0.0,24.027372030000002,28.24664259,33.222842015000005,38.18161311,63.231465633,94.340918666,80.661800894,82.449159181,141.30746142400002,53.117769202,89.95600963999999,181.145201448,150.940046392,120.85191054500001,152.71785567999999,157.30428551,157.741915375,212.608723875,252.870667215,264.991352123,268.482140755,300.74291990200004,327.47200870200004,300.74291990200004,300.82201334300004
14_CLV,2.B,Chemical Industry,CO2,0.0,0.0,0.0,0.0,0.0,0.0,0.0,23.205,23.205,23.205,23.205,19.73791728,19.73791728,15.87684789,20.36829596,17.76798392,87.12798392,85.31564522,80.66660248,83.18811719,77.30129044,60.18895175,84.80701287,96.35322611,100.2712661,97.51335938,93.80988466,90.57919394,60.72858364,66.02661305,79.26593291,99.29721278,109.1317114,150.3390152,414.7542192,933.880426,295.8166329,406.3145332,765.0,765.0,765.0,428.3414864,1522.793603,1846.997653,2060.740338,2042.964346,1799.508306,2031.194352,2071.300334,2166.753681,1895.573631,2305.067033,2651.762406,2823.541052,2721.541052
14_CLV,2.C,Metal Industry,CO2,0.1574,0.1574,0.1574,0.1574,0.0,1.5192,6.3916,3.1958,16.3722524,9.9126464,10.6686656,10.973008,10.7482496,2.1488,4.5488,4.5488,4.7248,4.9288,16.9688,18.8914,22.1488,26.9474,18.532544,20.0182,22.3818112,13.5716,12.452,12.56,12.24,12.32,12.24,12.76,16.36,21.76,27.56,35.6,74.76,80.96,90.0,108.0,172.56,196.0,211.92,218.96,286.503,310.585,500.37266,734.272,990.144,1118.016,1273.6,1473.216,1280.227712,1229.749312,1412.48
14_CLV,2.D,Non-Energy Products from Fuels and Solvent Use,CO2,109.960118775,112.43440443200001,115.183342052,117.81880299,120.184658254,122.520186574,123.643055889,125.37451026400001,128.26045345900002,130.142847936,132.78666342,134.75123768,138.41599163799998,141.652511204,145.292513375,148.415448584,151.941633028,155.636341477,159.55854804199998,163.354495259,167.375922165,170.08118101,173.57602431,177.12489198,180.39586297,191.0142663,203.00601860999998,206.10900689,193.35288721,193.67652128,202.49461628999998,226.78999786,228.83080572,228.49623713,240.89467832,378.88931612,372.86748695999995,393.19674840999994,348.7792889,473.03250718000004,449.24470840000004,674.1091173699999,734.4724924,950.04687127,1168.31950366,595.9676948499999,455.95482153,419.80806927,496.10281936,502.45754852999994,470.19175558999996,489.0694435,559.97900029,592.8462589000001,605.89336469
14_CLV,3.C.2,Liming,CO2,62.85714288,62.85714288,62.85714288,62.85714288,62.85714288,88.00000003,88.00000003,88.00000003,100.5714286,163.4285715,150.8571429,167.2000001,212.4571429,335.8666668,340.8952382,235.9238096,283.4857144,266.0952382,278.0380953,274.8952382,354.304762,189.6190477,252.0571429,141.6380953,287.2571429,202.1904762,277.4095239,276.9904762,524.6476192,563.2000002,634.857143,649.5238097,892.9904765,715.5238097,953.0190479,1071.085715,1030.438096,1334.666667,974.2857146,1445.714286,1215.238096,1361.904762,1634.285715,1528.685715,1621.295238,1850.304762,1721.657143,1828.72381,1850.095239,1537.904762,1626.114286,2163.961905,1666.971429,1568.187937,1574.361905
14_CLV,3.C.3,Urea application,CO2,161.8571134,161.8571134,161.8571134,161.8571134,141.4285457,282.8570914,357.499935,430.5713503,303.2856591,149.2856871,141.4285457,223.9285307,284.2713769,415.7999244,359.0713633,434.499921,510.8713357,405.2713549,575.1427526,567.2856111,553.7713279,859.4141295,705.2570146,799.5427118,1185.171213,1060.399807,1285.899766,1140.54265,1454.828307,1402.342602,1547.856861,1231.999776,1393.856889,1484.685444,1548.014004,1063.699807,934.99983,817.1427086,801.4284257,942.8569714,1021.428386,1037.142669,1063.856949,1390.242604,1109.271227,1561.056859,1097.642658,1068.88552,1001.942675,1289.199766,407.942783,873.3998412,723.6427256,654.5941667,592.1340849
14_CLV,4.C,Incineration and Open Burning of Waste,CO2,6.4681859600000005,6.203220324,6.100325771,5.983332266,5.845066911,5.688931546000001,5.988381114999999,6.268352429,6.536462724,6.811220943,7.112004516,7.4158666449999995,7.760496638,8.142173906,8.549028531000001,8.970122794,9.354647535,9.749349502,10.156232089,10.579565162,11.022089656,11.515459638,12.047170423,12.577763028,13.228420357000001,13.869237252,14.666371595000001,15.490179212000001,16.324857617,17.297065815,18.595494562,19.642197765,20.684393944,21.805834384,23.003873450999997,24.345695182,25.283323908,26.360945276000002,27.454153742000003,28.569434604,29.983000680000004,40.41609276,50.84545916,60.80467297,62.43472252,64.09033621,65.81432473,67.91840859,70.04777731,72.19937967999999,74.37010875,76.49374567000001,78.6371666,80.78091821000001,82.98320762
15_SAS,1.A.1.a,Main Activity Electricity and Heat Production,CO2,36269.813333882004,36269.813333882004,40537.74071039,42685.211936285996,50528.145629884006,56241.891124960996,62813.252357888996,62086.84132217,55532.406395095,65053.660705134,79228.623604364,89757.30980285599,100364.712880521,113431.510213187,122968.76133044301,142534.24868025002,162247.13077023998,189539.07761158,199204.16094277,220270.43348342998,236208.07580779,264618.01300927,287870.04206107,317641.89215704997,330401.4389822,378203.66444222,402975.50404050003,418468.93515696004,432816.00459716003,472862.28477519995,504694.12846781,519861.83484100003,528564.4406895,547669.390074,600966.6258866001,617211.8681262,658627.2113169001,723357.8699303999,752383.0893518,829497.4642306999,855087.7144141,892426.0389718,1023816.1258022,1048367.9739911001,1171393.9579815,1160931.2432585,1158111.1914276,1223825.7659946,1290035.0865113998,1293620.6692994,1195600.5048227,1318595.4613790999,1466678.792476,1561435.938207662,1636192.2961786939
15_SAS,1.A.1.bc,Petroleum Refining - Manufacture of Solid Fuels and Other Energy Industries,CO2,6610.6058464,6610.6058464,6855.9892294,6836.1359428,7882.5672521999995,7542.9680139,7900.753013,8412.045395000001,7204.6885928,7137.0997728,7192.4896443,8432.5561038,9301.2114022,10138.8447027,10786.415450999999,12388.375293300001,13777.104065300002,14322.0404555,15437.058219,15549.318913300001,16987.180220899998,17643.494817400002,17490.774439300003,18352.878962699997,19930.7526208,20994.620406500002,21091.9055759,22570.8287263,23680.2090642,30877.5425631,33994.9417296,35360.7061185,35996.991544000004,36641.2770417,38323.1069171,39957.942197899996,44492.3136344,46788.8613208,39067.3413014,32545.599491957,35331.202413121006,42354.873047424,44171.000949033,44641.256493633,47112.556109599995,49231.2506675,53970.794568200006,57890.175877,60867.9144276,65670.4338442,64804.634310099995,62794.4498494,63476.9223852,66466.11305154,68744.48985767
15_SAS,1.A.2,Manufacturing Industries and Construction,CO2,68979.144842971,68979.144842971,72465.114678846,71505.78763006699,77626.366081181,84511.515121965,89170.409415131,91692.863729443,89054.58066959,90067.915984184,93646.99684067199,100164.22599674002,114234.541341289,114797.392351695,125849.066797163,127829.28970479699,147695.15145348603,152131.12994569898,155575.827684747,166420.04460412,169483.913233479,172139.455029867,178168.779169126,177811.04198509996,188193.59213715998,183362.69356086,182876.27028825,199592.12700966,209238.30158985,215719.71203579,221148.303828,224520.58052993,240524.6937137,237194.10747468,250158.0771074,278222.6378206,309482.5671862,350133.66990279994,360743.67270309996,393834.77429330006,445292.3025519,496010.2433281,487390.3506451,513636.93188080005,555280.2560871,577782.2791116,599270.4278096999,638891.4864701,649010.6907479999,627607.1063034999,605848.4759409,673991.4535902999,687757.6501478,738127.1039277,764990.0997212
15_SAS,1.A.3.a,Civil Aviation,CO2,825.528732639,825.528732639,971.133674973,949.3864157410001,1011.246907307,1073.843376306,1186.920725043,1304.607491144,1419.963417878,1434.4496689800003,1498.415595759,1540.592516849,1524.673629294,1481.06681932,1753.259661341,1950.328815588,2010.83114032,2112.3858291740003,2118.198434475,2019.06389079,1930.052594262,1860.865369479,1841.3186448790002,1984.6219621970001,2377.492393767,2621.162441435,3050.2271466660004,3041.9845001599997,3098.078834,3308.5543380500003,3078.8959132399996,3029.2562657000003,2972.5085579770002,3229.291007764,3692.266009656,4839.17318083,5728.201451419999,6651.067937729999,6696.92793711,7088.702921149999,7930.68226239,9114.97660872,8465.88611517,8682.87665952,9077.70203226,9928.41519187,11392.84364281,13219.45138038,14653.206280229999,14170.334966420001,7482.115987359999,11487.31857093,14227.81707712,15669.322929152002,17036.44500613
15_SAS,1.A.3.b_noRES,Road Transportation no resuspension,CO2,19599.875841326,19599.875841326,21198.470488634004,22294.510632174,25022.428516209,26433.462135125003,27706.683542764,29628.269666184,32845.92474346,37438.066193542,39743.943377596,41823.318293177996,34338.850982606,36267.40863335,39177.021512429,42640.055641975,45967.488084493,51027.45577902401,55607.668704227,62936.01538614099,64877.031230370005,68538.49477991,73813.58149659,79834.38437714,85705.6809896,95203.84018140001,104165.02494527,107363.57051965,111652.67701345001,117472.84390097,118798.76700624,118515.19231605998,121972.48445089001,125178.34403627,135323.56466044,139699.74859638998,144522.33669588,170768.48486077998,190493.44246007,207648.71258395998,225144.6080109,243495.76844030002,257249.33170510002,260939.9448599,272800.1292244,300049.6019585,318322.5256281,343089.4539012,351929.5425357,351537.801768,329196.2199638,356037.8615244,381968.99699550006,379167.4885092,392426.223161
15_SAS,1.A.3.c,Railways,CO2,27564.83610403,27564.83610403,26498.04293403,24504.925871049996,25036.27593822,25567.91860357,23997.63420838,23786.02166157,23256.83958614,22354.256958900005,22941.555039799998,22307.3660237,22479.2404568,22419.5201129,20551.384871199996,20987.1557441,18697.2692331,18210.2505653,17002.7855294,15452.693527800002,14576.585821994,14449.496997852,12921.022173868001,9138.595687875,6798.450161277,6207.496676899999,6271.8724764,5843.600612700001,5849.6839043,5782.9538383,5974.923567100001,6543.610976100001,6816.7807250000005,6644.0026966,6851.434145499999,7496.851918299999,7430.874424600001,8137.311764,8478.1532212,8702.033101,8991.1687166,9610.313203900001,9883.5070373,10111.0589573,10426.932987299999,10647.411366299999,10539.323528500001,10668.750354,10770.811689999999,10220.766054,6048.480434,7965.423846999999,8384.435332000001,7071.412144259999,7416.580361179999
15_SAS,1.A.3.d,Water-borne Navigation,CO2,1025.3664530590002,1025.3664530590002,769.5947799360001,669.469007781,730.462482607,897.750232735,916.294570613,834.428046719,846.8246849400001,1181.519384608,1434.92443805,1264.118565486,1740.494668226,1882.664628526,1894.6881806469999,1698.8457888120001,2004.1893605919997,2266.614692772,2056.94103108,2312.8250122659997,2162.4049419430003,1968.3956248030001,1944.968990535,2162.881976841,2292.931574308,2047.227819336,2300.7979336669996,2126.220491002,2236.0977099250003,2246.569787608,2126.232276342,2280.382044925,2025.95839127,2189.68185711,2842.39513385,3189.2790334499996,3309.81651329,4149.35761276,4640.952741601999,4277.382949005,3881.97377904,4106.00801392,3770.10699874,3553.45673218,3705.4357325499996,3818.04207153,3975.6967261900004,5795.22058081,6686.760306,7135.019953059999,6997.02964497,7529.139861549999,7439.36095952,7275.20551909,7356.83117501
15_SAS,1.A.3.e,Other Transportation,CO2,0.0,0.0,0.0,0.0,0.0,0.0,0.0,0.0,0.0,0.0,0.0,0.0,9.62556777,25.66817331,9.62556777,38.11395399,41.32247658,67.08882573,38.017982399999994,127.1778535,150.02493123000002,169.940906562,149.86257711099998,158.46639722199998,108.975423511,105.077389943,112.03091210800001,122.562054838,155.575444703,260.113660021,274.697770127,383.656109959,315.07182051300003,356.286652732,403.67752352799994,330.805618698,328.22653665,313.951267303,350.136541773,368.413899758,642.342801075,1176.811065189,1202.2567714900001,1105.84441369,1044.2012280899999,1155.1414902499998,1302.8878895599998,1407.97607426,1603.9226824599998,1558.20184127,1329.2522163200001,1457.6578510900001,1516.92805111,1486.43497407,1658.17168611
15_SAS,1.A.4,Residential and other sectors,CO2,35627.010096596,35627.010096596,35185.597701242,35947.518557610005,34167.150194074,35598.46609898,37809.198150637996,39458.214925108,42324.972532054,45493.289234939,44732.944163483,48738.563166368,53509.822113225,57214.910612315,64214.172345679995,63472.652092865,63538.435513318,67525.927955821,74309.112824416,76906.828890187,82851.672409082,86378.64084446199,86611.889807326,88866.749666386,96081.118312276,102098.79008952001,105880.04870357,113597.15371127002,112605.39431727999,119026.72717078,116573.329511364,115383.261674575,119385.645569163,121745.784286197,126480.67833805499,126092.59518430899,131125.901913532,132459.07479054,133151.82093753,139803.55374631,146377.58418275998,155308.1670198,159754.02783026,161120.21711885,166792.57540208998,171627.10848279,179375.03815939,184759.45174399,192471.66430248,197473.84185905,193252.57644214,199571.64646181,206103.47610115,208662.18034818998,215673.76965957
15_SAS,1.A.5,Non-Specified,CO2,5868.049557359001,5868.049557359001,5709.566892252,6284.730614208001,6388.786209579,6160.330114562,6559.157422224,6874.651179348,6768.551272895,11208.952637643999,9405.405342778999,14096.534746690999,11090.122607333002,13601.206993862,19940.693035072,14663.827764824,8786.565784595,7057.781835495,11453.257131440998,10181.888585820001,15733.186892255,19347.326461758003,17951.363796108,15721.907121455,18948.9189424,18299.949880911,19565.284850117,22633.969147690997,11565.541395966,15531.277599578,14189.090170484998,15714.580151262,17115.410960123998,24364.406528507003,23679.21888433,24678.604088706,21140.642610126997,17765.251481246,61539.049546149996,37336.977492221,34346.847691368006,20703.336074499,25752.814753857998,21969.161987737003,24022.101579026,25270.195216062,26442.327950031,26725.136950493998,27375.125725397,25247.701329112,24300.070343622,28628.591320027997,29481.716986856,30602.378897706,31643.090534381
15_SAS,1.B.1,Solid Fuels,CO2,476.9634198522,474.6875647522,491.549805655,473.8976523411,511.5527525686,565.5595936184001,584.4055404661,548.4512426437,596.8364936436001,610.7418581903,951.9914526615,1301.1775686803,1548.304457816,1541.697838566,1559.4473070499998,1667.814974779,1932.962002448,2148.3649977239997,2304.924794324,2433.592619852,1909.028948742,1970.715850566,1708.955860041,3404.7930361189997,8408.030791780999,8103.5098382099995,8180.307505926,4148.02520461,3208.897122478,5227.455199685,3680.9285334260003,1740.7407526819998,5723.065154468,8352.313521516,19154.797837701997,15711.796942824,17366.860826272,3904.1686469409997,4461.5155580440005,4953.672050759999,6977.531109453001,7293.624668199,12854.032258139,12774.944602912,14871.797141048999,14759.465177093998,14562.632229746,18472.05489203,19490.629943119,20180.754061089003,19347.439526502,21092.384062178,21751.50435064,26245.647152702997,27645.551985404
15_SAS,1.B.2,Oil and Natural Gas,CO2,366.3698035566611,374.6726035566611,647.6300387611662,509.8547076159994,767.4876524193328,722.9715921539994,475.0165582773328,850.7628333801663,790.1758838419994,871.2702678449994,1192.0192558190001,1523.491045754,1143.036588529,2811.8805677340006,1363.614192156,1232.120256063,1281.624750926,1586.628087167,1473.198196671,1724.087085728,740.07129576,1984.904195277,1623.747163796,2743.872849396309,2368.75687268,2122.2025823550002,2720.195413898,2206.143033292,1825.2067308800001,1944.08672502,4515.1358185,4296.67338286,1178.016319835,1446.086587067,1816.945183008,1968.175999815,2718.3361595379997,3208.467696552,2388.4643981420004,3155.3940901369997,4765.221226627,3016.1906009911436,8059.895182733095,9012.49147304804,9880.82737867846,10249.83585519144,9470.73512472101,7813.00900766091,8231.11107165769,7777.06772250668,8345.960905803178,7843.06715670417,7953.825019122106,7913.344252909703,7909.833676685521
15_SAS,2.A.1,Cement production,CO2,8548.5218,8980.9458,9318.872000000001,9049.6808,8798.8264,9772.6404,10679.4962,10987.073799999998,11274.163199999999,10523.203,10386.1692,11855.946800000002,12585.138500000001,13805.984499999999,15779.91,16927.296000000002,18793.072,20049.89,21898.343,23095.878999999997,23986.026,26631.554,24750.216,27288.947,30519.432,31760.84,34672.012,38314.099,39481.479999999996,42753.436,45649.58,49253.565,54885.6,58235.665,61579.475,64357.32,70490.8,81357.98999999999,87318.864,92297.308,96987.18699999999,102149.52,120480.8,122831.408,113030.00799999999,120668.40000000001,129289.407,138691.90839504,143796.96193178,147604.84665822,131972.17908052,156466.06574446,165746.369073164,179644.74075766,190488.702408715
15_SAS,2.A.2,Lime production,CO2,418.05,465.0,395.4,325.8,326.325,322.05,186.675,182.475,193.35,361.65,349.95,345.825,341.625,337.5,417.975,417.975,120.675,578.175,638.175,683.1,886.1678571,906.0214286,936.5892857,945.7285714,944.1535714,985.4357143,985.6821429,985.8214286,986.0678571,986.3142857,986.4535714,694.19025,690.0,684.76875,675.0,690.0,900.0,900.0,975.0,975.0,1050.0,11250.0,11250.0,12000.0,12000.0,12000.0,12000.0,12000.0,12000.0,12000.0,11250.0,12000.0,12000.0,12750.0,12750.0
15_SAS,2.A.3,Glass Production,CO2,35.654433,36.4764184,37.318249200000004,38.1826741,39.07370995,39.994039,40.944392199999996,41.9237023,42.9305264,43.96287815000001,45.01875715,46.09741605,47.198462299999996,48.32061735,49.46238494999999,50.622473049999996,51.799496700000006,52.99229555,54.199805,55.42097185,56.6545892,57.899493199999995,59.1540569,60.416299949999996,61.68358225000001,62.95388835,64.22524225000001,65.49651420000001,66.7669049,68.0366036,69.30406355,70.5700541,71.8321884,73.0863385,74.3269176,75.55026155,76.7540194,77.9401443,79.1119258,80.27602215,81.43666105,82.59504820000001,83.7488364,83.770876762,84.919864625,86.08592341699999,87.01577588500001,87.95631220099999,88.907666042,89.93502389500001,81.09884812,94.78894349599999,98.82973776399999,104.731287422,110.77539842200001
15_SAS,2.A.4,Other Process Uses of Carbonates,CO2,372.22243474,372.22243474,398.76666021000005,363.17326693,404.79943873999997,410.83221733000005,417.46827365,418.07155149,445.21905488,454.26822262,449.44199983,474.77966956,455.47477828,562.25495815,633.44174473,602.67457427,667.22530443,732.98259027,733.75598347,703.20913861,1027.071164185,1105.35424162,1102.9054774200001,1131.453372465,1137.360999098,1166.908878657,1187.639409716,1232.4773630559998,1229.303277905,1165.323304585,1154.003289556,1207.6887698360001,1171.2231950999999,1160.22164073,1235.778389588,1411.877673535,1293.4967840210002,1342.352734629,1403.433564301,1469.988254482,1915.566417906,1949.1480176300001,2185.30897502,2148.81764964,2246.7740655400003,2341.913264915,2374.405042915,2402.11628769,2651.017108845,2685.45191539,2412.807191156,2833.099750361,2966.512214227,3161.364579311,3357.440381145
15_SAS,2.B,Chemical Industry,CO2,2459.4508406500004,2921.92044662,3346.4840185,3443.5406949999997,3485.11929372,4282.0588354,5391.67568545,5498.71056359,5979.73514093,6356.1493192299995,6111.63685869,8176.54490056,10069.63960336,10254.35283453,11617.25052461,12248.11055247,13400.95567815,13935.9676378,16357.85712287,17556.64765287,18151.90631911,18452.74910201,20077.629374850003,21184.30038934,21254.19923562,23379.86689158,24136.358005792,25417.966669792,34335.569456792,31149.503890792002,30363.12735779,31670.312663959998,31572.691637959997,32802.87014996,33916.64163865,34340.43196756,34725.61051508,35702.08652905,35741.827590999994,35080.535017,35747.882008,35077.626891,35529.571609,36316.180721,35532.959875600005,38399.270812899995,43698.9660132,43812.2815585,46029.983998,47143.31089670001,47992.087177,48162.661723000005,52464.986774,57713.752399,57708.043181999994
15_SAS,2.C,Metal Industry,CO2,6595.331388999999,6260.688384,6759.819371,6379.49885,5803.001247,6027.04821,6149.239791,5687.825422999999,5486.265254999999,5713.548115,4911.0201154999995,5228.7870207,4572.7751157,4066.1634034000003,4494.7965153000005,4699.364539,4496.759452,4711.125896,4801.948374,5213.852791,5179.354087,5701.487813,6003.00809,5781.525822,6226.556363000001,6656.728878,6380.630417,6703.54286,4666.933749999999,5073.610019,5439.876620999999,5284.268136,5303.832289999999,5685.342804999999,6058.122099,7259.999470999999,7564.607701,8951.529041,10540.016389999999,11463.82225,12557.98457,13823.38707,14622.374810000001,15826.1048,17421.074869999997,18358.97921,20031.22611,21840.93024,23061.771549999998,23074.82573,21335.736,25430.70647,24085.030919999997,29701.814629999997,31286.06196
15_SAS,2.D,Non-Energy Products from Fuels and Solvent Use,CO2,1668.982314977,1710.1723306430001,1907.980379697,1959.855477847,1896.664007118,1912.812870179,1953.885765641,2005.801916231,2098.2590523070003,2160.54233876,2187.640626605,2254.472872673,2377.369799838,2433.970845498,2526.187122956,2604.054255926,2710.385494402,2777.684430404,2925.480505692,3055.096992012,3158.0263347839996,3180.375416816,3042.0503269039996,2973.684385463,3049.390459625,3066.655682709,3069.06477681,3435.90429912,3406.87145541,3574.2294009300003,3488.23812928,3538.377104712,3571.917057135,3987.35748813,3852.4334993169996,4492.836656828,4442.043941367,4836.427053531,4655.660480589,5086.267073979,5059.922896525,5236.444628542999,5608.434991587001,5717.320412758,5693.156183187,5860.728232453,5919.9944441610005,6236.078326413,6166.215183399,6323.952396125,6351.061413073,6721.093888001,6696.67727067,7035.080917982,7230.068031379
15_SAS,3.C.2,Liming,CO2,1090.571428917,1090.571428917,1090.571428917,1090.571428917,1638.6857142220001,1320.0000005709999,1206.228571724,1264.8952384450001,1438.3809523010002,1595.733334026,1314.342857422,1281.028571755,1340.742857484,1471.066666456,1761.047619296,1948.7809529649999,2219.485714942,1906.0380954450002,2475.314286043,2797.980952866,2767.600000533,2846.171428737,2861.676190271,2667.6571431,2591.8095243299995,2562.05714336,2764.2476194799997,3363.6952387300003,3376.26666724,4087.80952398,3668.1333339499997,3661.742857664,3286.1714285300004,3361.39047671,3767.028571505,3985.7714286600003,4252.495238312,3872.83809496,4493.23809568,5293.61904831,5580.14285776,5261.457143400001,4998.819048220001,4433.419047920001,4621.9904765989995,5142.028571473999,5220.9142856710005,5615.971428496,5572.2857148759995,6215.7333339980005,7312.171429405,6028.419048458,6145.123809814,6423.8533335,6423.1885122
15_SAS,3.C.3,Urea application,CO2,2392.3424218769997,2392.3424218769997,2392.3424218769997,2392.3424218769997,2639.056662643,2979.5851727540003,3685.15647254,4583.54202355,4820.19912402,5623.51326296,5923.81320843,6322.013136740001,6891.184461620001,7711.15574025,8615.1984333,9299.08402299,10834.84088711,9889.78391578,11732.4407233,12015.14067274,12586.66914037,13318.48329044,14207.59741591,14999.91156257,16167.95420533,17309.28256631,18205.939549129,18579.782335929,19249.210791371,19466.225028959,18627.239466059,19368.3250459,18396.23951103,19645.05357017,20710.9533734,22036.453135519,23001.6243927,25013.9954537,25511.981072900002,26025.5238399,26669.0237271,27593.494986899997,27449.395007420004,28328.137711130003,28803.33761979,27816.794939800002,28235.580584299998,28189.8520199,29382.251797200002,30977.2515156,32063.4227372,31828.49420977,32627.09407126,33565.42533046,34535.76270024
15_SAS,4.C,Incineration and Open Burning of Waste,CO2,0.262020543,0.262020543,0.293536723,0.327275544,0.362755258,0.399613282,0.435289472,0.472108681,0.51058193,0.551661822,0.596146623,0.635009748,0.676981861,0.721793544,0.768852404,0.817732975,0.849030773,0.880691182,0.912485448,0.944217187,0.975714114,1.002730722,1.02920933,1.054873599,1.079170925,1.101977228,1.142863655,1.183154132,1.224059478,1.267256665,1.314107379,1.403931464,1.499891447,1.601778808,1.708788403,1.820293225,1.898749696,1.979722387,2.063979752,2.152680325,2.246566565,2.630983642,2.73943874,2.850535036,2.960921931,3.067950733,3.171373031,3.270480015,3.366096636,3.459558659,3.551855174,3.63494507,3.7301007,3.822024837,3.916214341
15_SAS,5.B,Fossil fuel fires,CO2,12430.44,12543.96,12657.48,12771.0,12884.52,12998.04,13111.56,13225.08,13338.6,13452.12,13565.64,13679.16,13792.68,14190.0,14190.0,14190.0,14190.0,14190.0,14190.0,14190.0,14190.0,14190.0,14190.0,14190.0,14190.0,14190.0,14190.0,14190.0,14190.0,14190.0,14190.0,14190.0,14190.0,14190.0,14190.0,14190.0,14190.0,14190.0,14190.0,14190.0,14190.0,14190.0,14190.0,14190.0,14190.0,14190.0,14190.0,14190.0,14190.0,14190.0,14190.0,14190.0,14190.0,14190.0,14190.0
16_APC,1.A.1.a,Main Activity Electricity and Heat Production,CO2,26417.459370301,26417.459370301,30289.772105425,35748.444993406,35600.012604841,39005.806912621,45767.765368298,54599.063152575,59170.479048362,61513.239952363,66508.367214682,62680.871901926,64861.038983651,68680.842236719,70669.717301871,73191.014694115,81441.781451129,91582.296684405,104704.45467733801,117846.612690183,136640.20196788802,157256.907288402,165450.239456298,188341.312803547,201650.903843025,222345.825565816,245981.98575079,270997.508980793,280169.155143706,293006.209838978,318991.96598984,339859.53476183,354798.09616158,376266.27000844997,397000.66245592,418091.01767446,431319.43528749,463775.12398902,479013.62405877,474106.25522074,512546.20471537,538365.85474233,541210.00599011,560365.81330679,595553.30695147,606646.12359785,627618.16211851,660928.49977449,692111.29730278,697345.94489464,705416.94839407,724583.02306775,785143.34133363,825454.76764881,862695.93118172
16_APC,1.A.1.bc,Petroleum Refining - Manufacture of Solid Fuels and Other Energy Industries,CO2,6562.091926,6562.091926,8208.19755427,10916.5843588,11908.2278524,10509.189593300001,10330.520493,13166.800129,14550.017265999999,16090.213674999999,18909.850743,18727.045285,20066.67678,21455.108139,24412.422870000002,29712.900758,31645.316250000003,32730.985145,36288.305635000004,36505.969597999996,53752.831374,62922.646775,64330.395342,67176.729731,70389.583197,76818.641943,76402.245446,85142.259775,94873.32221299999,88233.834072,80599.254821,80687.155967,81993.80624399999,90161.52999,91575.112897,95359.262097,97923.512766,97684.50945,105302.702343,84308.12662292,82941.946938778,94860.833770776,92208.594294767,96350.774622567,97683.53221046,94203.189472863,90689.17818375,74150.6654121,85203.0644644,86018.0927625,84745.3521376,89724.032038,88880.26526302,84294.65236601,85256.4764825
16_APC,1.A.2,Manufacturing Industries and Construction,CO2,48280.749923710006,48280.749923710006,37629.780110974,38766.542898916996,38777.293901015,43076.568086524,46221.805461981,50097.482914878,58718.262258262,65662.196239104,71686.039231155,71654.049592501,66520.34819808,70724.333880322,67350.016715298,73353.50355869,79091.180530719,81058.280977561,89077.234969427,91852.575152605,100553.330946827,103365.795836019,112154.886035811,122547.62190356599,134127.983111201,153212.458062047,161458.016503781,166942.082505678,157223.35435877802,175418.243065258,179480.201736679,184880.061249881,189460.58636628801,207157.261793774,221726.516201935,227298.470192895,259872.64999104,265879.56903666,247123.09582026,237441.827311273,277500.101350365,281122.835732133,270965.480781247,234304.283079008,243417.836015371,262480.87759302,242428.051093354,258510.014073099,270805.011648175,309105.844031446,286765.139172823,289131.668461077,318323.097498804,320640.937031696,339333.293430301
16_APC,1.A.3.a,Civil Aviation,CO2,932.6787761749999,932.6787761749999,1139.3970465969999,1127.9749180210001,1020.021417323,1171.5435272299999,1460.956810468,1446.074660556,1682.515004259,1603.458674669,1773.2285406839999,1776.95213123,1866.812006379,1926.174569217,2057.389949008,2173.729014748,2038.553935634,2482.403801671,2640.745123553,2930.00370274,3410.992074726,4209.738898254,4694.840776479,5400.94696706,6195.422239977,6506.581180719,7627.789908163,7948.722367545,6730.273489288,6379.587572835,6816.15642777,7305.193811405,7122.4389221910005,7702.117856545001,9199.654674270001,8162.209535954,8538.702411241,8184.483164743,8102.30266645,8511.747242453,10090.45171421,11234.728840686,11201.325528858,12162.509938693001,13265.264946426,13428.659349172,15412.011774723002,16325.84437922,17173.696302893,16497.470311912,9455.459913552,7050.159143525,12186.6637082,13814.565892726,15561.434873010001
16_APC,1.A.3.b_noRES,Road Transportation no resuspension,CO2,32782.670411355,32782.670411355,34716.198518093,37815.392101847,38879.894047517,41417.463062956995,44389.129520743,47121.979757771,50268.388357553005,54260.197304001,56796.455044019,59517.157692098,62144.015925626,65405.821363972,69188.364702015,70812.353397252,75049.404332394,81655.03504306,89917.960706913,98612.316277415,109883.141835576,115964.337781092,125544.043422051,137287.801041322,150439.58488707,166851.83044631,181195.76102955,191087.68769688,183712.58305150902,192236.143810345,197740.152896321,204618.515713967,212120.548231166,219475.188297928,229596.75908281002,230859.15098135,220595.69655328,227520.4725577,225531.73522045,238566.52253513,248209.48239070998,268287.26402386,291177.37090564996,309206.56993550004,315383.96206026,316486.06766729,322259.42936344,331922.85306941,342642.1287584,351338.26011215,313512.49188066,316582.15509466,352651.21277345,357673.09636247,367220.88008837
16_APC,1.A.3.c,Railways,CO2,637.2261391,637.2261391,678.4853985999999,650.79240808,630.2674839,631.160342,660.8140922,625.3408412,499.36642548,241.14720578,213.70422824000002,187.26175454,182.6391941,168.0273254,150.11927284,208.66589378,130.5642,146.884725,398.07779700000003,448.138275,517.0427864239999,561.2620826890001,580.118768341,586.860560635,551.555795765,520.499148,567.1680690000001,507.442728,435.17077500000005,475.75905,438.199983,450.788832,494.722722,447.755178,403.90502100000003,428.923404,413.334987,391.39916400000004,574.449876,552.812676,559.238628,1137.0615434000001,1223.7637156,1480.4461675,1605.2661725,1586.681811,1494.0265115,1952.7690004,2143.6158179,2337.5037214999998,1887.8828167,1823.2270247,880.0822469,1007.62279055,1033.991751354
16_APC,1.A.3.d,Water-borne Navigation,CO2,1089.859137204,1089.859137204,1084.3689742469999,1110.354263188,1082.537876137,1181.2592060749998,1171.866852994,1257.4746331279998,1347.0628337879998,1655.99181982,1335.564435131,1354.490426751,1906.579068888,2288.256225649,2903.8441462329997,3177.95939599,3520.096569596,3274.3195910619997,2981.013270017,4821.5712728670005,6485.620531917,6546.667580857,6835.876907971,7997.241519843,8439.840507289,9863.676945409,10877.497438113,11128.874247285,12062.123132816001,10978.44176779,10822.642658030001,11190.937856342001,11068.375359444,10081.213124384,9904.399723241,9315.817985650001,8654.743332602,8385.489982125,7533.35151592,8728.978355254,9368.367067929,11563.338846744,13002.549500686,13065.25626435,13170.920531161999,13567.873310901,11603.301537348,12671.569382928,13379.532570207,13290.099111287002,11326.633561983,12574.974444133999,13620.060419698,13350.648912409999,14372.665815748
16_APC,1.A.3.e,Other Transportation,CO2,24.37633194,24.37633194,24.37633194,24.37633194,24.37633194,24.37633194,24.37633194,24.37633194,24.37633194,24.37633194,24.37633194,24.74373921,24.5665764,25.50359574,28.20570236,22.82391478,24.88023231,26.08227077,24.9649025,26.07014726,80.747760293,75.905836631,98.184904604,94.09031012300001,122.470071196,146.35435567099998,159.924210243,182.80214956,184.854388096,198.345082952,214.447210708,243.349272585,308.638261186,345.060829189,354.320621559,354.52008408,334.001453453,353.473989858,306.667629341,297.754842992,306.537331357,313.831637518,394.20709824700003,403.439244331,443.021428104,434.649358128,552.744506128,482.43441773399996,439.93866694599996,432.664352904,374.519028677,385.707976106,387.178460143,385.348501052,402.974232495
16_APC,1.A.4,Residential and other sectors,CO2,17651.204942975,17651.204942975,19051.093288513,21169.508840677,23573.04695398,25369.756816522,27454.438610227,29054.794557435,31571.702168436,34294.09549447,35180.595391278,35932.729196237,38214.719732306,38346.543159511995,38107.984016276,38795.145145357,39992.694279102,41049.712257937994,43210.814304536,48148.456408388,49227.170084854006,50030.584822790996,53290.639346330994,52746.351598666995,56119.163172062,58556.213969948,64165.829977436995,66070.578708073,66579.745116791,76483.376064089,79237.200869637,80160.234110222,79642.40513263599,80651.438754685,83234.715420568,79793.758195064,75389.801801478,76487.831885358,74066.975723978,70846.368241709,72040.638342036,74539.009225031,79623.97773664701,79796.021830881,79620.30902017,76056.501283498,76181.544547628,81907.274858007,80109.074101632,79315.164779994,77653.314236986,80002.06971052,73160.891712847,74261.007431391,76404.43167094
16_APC,1.A.5,Non-Specified,CO2,3303.11037113,3303.11037113,3178.527724936,3645.937342933,4998.882130133,3752.224010295,3724.306581786,2419.226281128,3127.581724185,2947.968195536,3618.268116907,3490.318475625,3055.792845868,3515.711104521,2914.122624254,2180.911793931,1952.252969768,2301.003790316,2103.665772602,2743.508676855,2071.811105871,2171.792829716,1982.208284415,2063.695071944,2361.772650801,2091.066013364,2178.785480685,2407.635797341,2256.917321494,2473.502357687,4090.174758886,4258.812075266001,3887.211063796,3677.479612311,4124.828818977,3308.339248146,3147.487451609,3895.1736238860003,3699.887035662,3249.213145786,2642.653892122,2693.2328115620003,3503.372948894,3343.091673817,3667.892619748,3776.161036581,2970.479252076,3113.2185655599997,3214.2308694430003,2962.146190719,2687.483904533,2516.215603869,3368.518802276,3043.452252343,3148.843892998
16_APC,1.B.1,Solid Fuels,CO2,68.64283250700001,68.63665266800001,73.41302643200001,72.719324483,60.922341296,116.828469236,127.34053213899999,220.376819441,428.519584947,486.973382464,462.507293192,228.412899528,64.91297059,173.946776111,127.06906147699999,166.42189191900002,182.95725300799998,213.766020953,434.993134566,567.457169066,504.129549275,380.679836894,451.294691225,566.04895236,549.284387239,560.911311404,1156.4895645870001,2456.267994904,822.4783232550001,871.838573599,1128.785350464,809.1838211060001,726.32817259,1050.651326058,1263.9558406,1088.682142866,1378.100408177,1634.856237514,2106.98515627,2061.5711594160002,1794.71133054,3908.348341748,4800.881207578999,6106.650326532001,4872.229047605,5098.342449696,5068.634969051,5851.098087437,5553.815979262,5020.977182042,4838.322572674,4746.084551662,5896.296089962,6125.773368041,6236.594507189
16_APC,1.B.2,Oil and Natural Gas,CO2,6430.303608341243,6958.597308341242,10128.963885100544,11067.518528686045,13129.930968316003,12347.485655126045,15202.096920507001,25499.651802358545,33718.538469945044,35401.75883555205,24799.952483417,22022.276236147,20910.9368754,20827.437267368998,20647.187816614998,18553.204624608,18490.661390582998,17904.411680738,20857.727350273,22306.511396274,24437.264272135,25700.816169437,27809.541697484998,23754.18103887615,22340.232309649,17809.349665081,19621.628095067,23654.792373487002,18933.11203585,18252.632465805,21121.476514295,20670.799960258,16912.89092639,18542.849259287,17911.170351219,18722.773744082,17282.692615983,17285.08631586,17799.745963995,17205.616242947002,21920.434824024,17998.732244752442,18934.307040459953,20820.831465341427,23354.50997047478,25724.77892963028,22867.09561478008,19217.62698467457,16956.17235493426,14685.385697061274,16502.50504124882,20314.587064448337,23213.96951198176,25237.804343297605,26930.115302660022
16_APC,2.A.1,Cement production,CO2,8042.715200000001,8599.09116,9556.640800000001,10624.7696,10550.0946,11273.979,12221.5056,13137.1564,14242.4864,16546.0782,15779.1964,16549.67585,17334.9142,19282.46797,19550.49542,19191.2271,20493.56864,22032.37845,23704.33472,27607.8073,31687.9413,34542.6284,35649.042499999996,42581.41424,49562.7026,53449.864,56386.052800000005,59485.5261,45269.08912,47144.13714,49560.751000000004,50721.7478,56157.5552,57184.9661,56673.217,59453.506,59374.556000000004,61324.361,56151.712,54392.342,51637.69,53639.22,57449.4264,61572.905,62781.271,64885.9487194,65758.29115,70393.25625061,72104.58220865,69865.38296078,65633.0814272,68802.22789443,69687.64563616,70864.36316517,70558.75818114
16_APC,2.A.2,Lime production,CO2,586.275,689.1750000000001,685.5,681.9000000000001,640.35,569.175,598.575,616.425,645.9,665.325,696.0,674.325,645.975,599.1,577.8,810.675,683.4749999999999,543.975,540.525,938.25,892.8,932.625,981.3,981.0749999999999,997.5,1050.6,1083.825,1117.875,1150.275,1177.725,1212.9,876.975,650.90025,675.6614999999999,664.52475,624.50925,1836.460845049,2237.752748243,1923.136026572,1965.3757959949999,2013.8085745899998,1920.1845051690002,1993.100838996,1997.048117419,2227.766348352,2234.25,2313.0,2390.25,2307.0,2428.5,2311.5,2403.75,2421.0,2344.5,2347.5
16_APC,2.A.3,Glass Production,CO2,12.347196799999999,12.680260149999999,13.0173392,13.357993650000001,13.7020561,14.049290650000001,14.3990615,14.75117945,15.106656,15.4668029,15.8323033,16.2033207,16.57865045,16.9566212,17.33491675,17.71148075,18.086139,18.4585592,18.82687765,19.188905249999998,19.5433125,19.88893175,20.2265494,20.5590819,20.89068965,21.224349,21.5606817,21.89871995,22.238075,22.5778955,22.917158750000002,23.256768700000002,23.596363750000002,23.9324456,24.2603773,24.5771882,24.88079635,25.173027,25.459441899999998,25.74789005,26.043927200000002,26.3494967,26.662376549999998,26.659245277,26.9795336,27.304208001,27.55626417,27.810980619,28.06838719,28.350215568,26.170180328,27.858423903,27.676133823,27.309216703999997,27.150921986999997
16_APC,2.A.4,Other Process Uses of Carbonates,CO2,38.43515588,38.43515588,40.57159242,40.44324061,41.38517727,39.83874501,51.27861743,51.27861743,51.27861743,53.69172884,61.53434091,47.65895032,39.21306039,65.15400803,71.18678653,74.2031758,88.68184427,84.45889929,151.37391118,268.35044439,331.11697299,338.443468265,382.194661755,385.636270524,430.864823569,477.94063246300004,639.171303416,561.221748222,532.358648822,592.884825196,634.782927561,634.91605755,622.6923403449999,606.18906794,681.4362250930001,776.950548834,615.957467312,693.025897776,735.424617497,612.797243888,725.3348101009999,788.30818923,773.26023579,765.506520349,766.5735647280001,821.495808611,827.214090455,935.929946015,1043.891296973,1069.303353193,989.526407415,1065.86276193,1060.443903831,1049.608461692,1047.842298541
16_APC,2.B,Chemical Industry,CO2,7326.7757884,7372.6695770999995,7361.959662899999,7543.842832,7627.2763052,7696.9975338,7976.7970666,8506.3661448,10209.570959699999,8804.3732757,9498.821795,9409.848371,9397.7817955,9460.5401107,9320.6081835,10617.8314,11958.727376,12575.067148999999,12467.094229999999,12184.253037,13249.767978,13699.504324000001,13457.536997000001,13832.906563,15342.800605,18431.960153,18368.084735,18194.700710999998,23791.21177,23219.125438000003,23781.570064,27999.269397,31365.35088,32968.039674,34417.916738,36014.174842299995,36353.06440579,38860.033559560005,38160.2219828,40045.0902351,43354.2672407,44636.296516,45845.227588,48961.408162,50445.042922,51000.273869,49681.302637,51921.213548,54716.264135000005,57935.733254,57292.517862,58724.294789499996,58090.3525089,58468.41273361,60530.665404679996
16_APC,2.C,Metal Industry,CO2,1395.3359836,1309.7356535000001,1370.0180334,1453.1694152,1385.3303992400001,1181.98654852,1177.74300136,818.37571016,800.883736,940.46268536,840.87593126,888.9683362400001,5095.4485304,4986.46111278,4270.3434892000005,1234.2054716,1225.2453911,1253.1476568399999,1421.11626112,1602.2708458,1683.3677381,1609.95674292,1534.0113106200001,1676.0567352,1640.18226544,1789.34624088,1914.88042544,2066.8033298,2091.970992,2033.99484492,2133.0568518,2790.805148,2451.96624,2620.032822,2617.39674,2981.2095900000004,2764.5229974999997,2837.7681101,2723.1128037,2292.1503651,2650.2049693999998,2694.1055878,2602.290352,2755.4671405,3571.8455179000002,3270.6173613,4036.3330078,4292.9072322,6492.941332,8216.099379,9857.687127000001,12674.128034,15514.261749000001,15485.21503356,15595.6666997
16_APC,2.D,Non-Energy Products from Fuels and Solvent Use,CO2,1182.0201388609999,1205.774641344,1255.049056293,1252.713849165,1286.195786223,1340.033880561,1359.334948086,1429.002994909,1491.997250772,1483.657742175,1545.261608093,1640.43328168,1685.52001211,1768.851630825,1721.49640579,1818.05984158,1862.948368609,1934.721043899,1990.379828139,2182.549116262,2561.57348803,2607.451730017,2662.837677713,2774.09840115,2830.561154495,2638.767373746,2673.716903807,2795.352751128,2802.012985965,3009.718140146,3126.531268808,3065.425969929,3236.841523169,3595.767206377,3625.0981226179997,3976.3923595280003,4029.706068735,4078.067278675,3791.822834411,3694.168039744,3628.276095499,3590.640624869,3726.898319409,3888.152415009,3766.636604316,3934.244911652,4128.306056498,3965.500997573,4015.696629712,4024.406030333,3972.6662475489998,3920.507713494,3939.211930736,4105.664895606,4205.021417742199
16_APC,3.C.2,Liming,CO2,1085.4380955000001,1085.4380955000001,1085.4380955000001,1085.4380955000001,1295.17142892,1223.40952421,1448.75238141,1463.1047623499999,1490.34285759,1566.2952384999999,1635.4380956999998,1544.7142861000002,1731.4000006,1970.4666671999998,2149.6095244999997,2170.980953,2053.6476197,2186.2761912,2268.4095245,2390.2476198,2872.5714295,3138.6666674999997,2673.1047627000003,2864.190477,2928.5142866,2868.3809532,3173.8666675,3105.14285803,3378.9904774,3881.4285726,3308.0666676,3504.4952392,3580.9714292999997,3458.8190486,3835.7523816999997,3845.6000004,3736.6476202,3967.961906,3439.7523817290003,4510.00000129,4320.69523936,4251.97142962,5095.2000013199995,4455.628572374,4545.82857329,4646.2952397,4726.228572720001,5084.3047637,5577.942858,5100.5428586,5246.37143023,5826.8571443,4893.2190494999995,4982.37740239,5157.64388805
16_APC,3.C.3,Urea application,CO2,906.08554952,906.08554952,906.08554952,906.08554952,784.29985745,882.67126808,882.042696814,1139.285507073,1369.6568939200001,1534.49972097,1829.1425244000002,2125.51389884,2328.85671943,2335.61386073,2593.4852432899997,2695.62808107,3087.2280098,3283.4994033000003,3489.8279365,3388.3136695000003,3522.04221641,3267.15654862,3764.35645824,3667.3993336400003,3849.8421569,3986.71356074,4496.17061097,4100.9563971,4939.470530099999,4753.4134216,4922.6562476,4711.92771469,5229.87047751,5420.79901531,5553.89899026,5647.0846877,5235.99904825,5643.31326033,5784.42751993,6745.98448786,6334.42742003,6277.38457339,6230.55601,6383.29883953,6423.99883267,6426.355975099999,6601.57022784,6947.441593329,7093.89871083,6625.770223986,6634.098793914,6015.427477671,6031.9274747300005,5848.82465131,5680.19342794
16_APC,4.C,Incineration and Open Burning of Waste,CO2,100.813239688,100.85349126599999,105.081087811,109.433971791,113.90301565099999,118.484429717,123.080071365,127.788437073,132.636783207,137.659739839,142.88180463999998,149.367586854,156.110028859,163.092712972,170.289790028,177.68000752900002,185.51192663499998,193.547463743,201.780993337,210.206083101,219.00511141200002,231.730795088,244.576751746,251.774869531,271.006477031,346.564148461,352.213065276,294.25726361,305.494153659,301.885791907,368.464459698,442.983293989,468.509787855,431.37922857800004,462.460031634,432.626983438,470.017531855,500.34976666,481.120337417,422.02556095,443.687494654,439.024584617,448.131553844,459.52160037299996,467.274390864,466.541842888,482.762596324,489.378772417,507.945647287,517.615845344,527.262969004,536.983727882,546.711281649,558.1777834239999,569.931875606
17_ANZ,1.A.1.a,Main Activity Electricity and Heat Production,CO2,54734.4931,53749.81059,59741.52314,62022.01464,68305.67827,71592.71966,75378.33997999999,84872.22333,79040.478613,80692.905424,90556.987116,94653.17668,101979.743875,97545.811146,100151.372344,108551.697969,107210.517519,114610.195939,120000.241348,129280.352473,132179.435876,135068.293016,138890.175158,138940.095054,140406.857877,145818.638073,152866.54979400002,159866.352679,177298.812382,182993.198564,185477.27738,194914.167789,210451.067309,196489.242242,205351.127242,210725.05938000002,214151.57087999998,218988.151166,219897.12015200002,228185.08898200002,226080.71089699998,217146.55789599998,218245.975636,206288.917646,195673.712792,203871.302244,207135.44592199998,204588.029178,196874.456394,193552.35507,185388.568958,177980.301119,168855.047849,163799.39734499998,167209.05648300002
17_ANZ,1.A.1.bc,Petroleum Refining - Manufacture of Solid Fuels and Other Energy Industries,CO2,2030.994922,2234.2931710000003,2056.717534,2351.531939,12486.502499999999,12861.3816637,12910.6667437,13507.4951682,13603.273819,13282.419562,12175.429041,11873.697533999999,12239.400047,11331.2733,11245.382213,11704.251456,11753.238776,12742.775998000001,13124.524826,13641.24517,14140.767409,14209.336811000001,13941.556482999998,14525.177061,15092.208163,15525.086026,16595.915202,16435.169031,17536.938059,17779.705917,17834.355947,17418.642487,15068.048282,20455.272873,20443.893846,19693.718891,21477.686480999997,22321.256459,22089.219512,21230.284823,26266.364293000002,26997.739668,24276.522296,25715.045899,25056.174279000003,24257.078257,25736.825764,28897.073929000002,29573.226641,32394.497647,32499.320956,31579.406254,31812.652374,30360.3517295,29394.4732469
17_ANZ,1.A.2,Manufacturing Industries and Construction,CO2,48104.449498,49375.376626,48662.241814,50544.432801,50885.638864,50373.670859000005,49427.912163,50711.734569,47908.173283,49892.549454,49938.736805,46495.943776,45038.590411,39701.072996999996,41082.173283,43177.202339,43117.456804999994,44739.960567999995,46995.468377000005,47770.520917,48764.858481,49155.823036,48858.905036000004,50010.588491999995,51687.298591,52194.722735999996,52059.67275,53309.961228,53201.812682,52973.128955,54000.480759,53687.853341,44613.371247,50521.134604,51108.516709999996,48819.111816,47738.164355,48756.204955,50315.149946,46289.537703,42389.11902,44620.749288,46297.265146,47120.761021000006,47826.942961,44239.578667,44849.763852000004,44252.310802,45947.279167,46342.046172999995,45277.121775,46225.386933999995,45834.749592,45425.556748,45381.820313000004
17_ANZ,1.A.3.a,Civil Aviation,CO2,1970.2502670000001,2050.09273,2139.121873,2551.9130929999997,2860.5428429999997,3284.193392,3366.7395100000003,3452.288705,3566.7120729999997,3502.599171,3458.8312800000003,3551.2215370000004,3650.035212,3526.3648599999997,3567.4886290000004,3659.699919,3879.608731,4047.942772,4496.44027,4760.440656,4047.190969,4662.344252,4974.275311,5286.206233000001,5633.076629,6380.429179,6813.326661,7001.074938,6409.269585,6313.757089,6714.65765,7296.67914,6601.847501,6285.479988,5343.622195,5156.138113,6723.665256,6696.224550999999,7443.995626999999,8172.377385,8284.45554,9111.168160000001,9245.763054,9698.218361000001,9865.379201000002,9902.089569,10123.046049,10260.442388,10522.324569,9866.970477,7812.861527,5713.253015,7246.953995,10607.528941,11948.864123
17_ANZ,1.A.3.b_noRES,Road Transportation no resuspension,CO2,30391.47907,31663.36524,33727.14593,35799.67781,37065.13562,38768.157210000005,40291.36253,42530.76264,44315.32074,45929.54395000001,46829.568849999996,47648.707050000005,49490.303190000006,49404.64431,51763.99996,53420.39677,54945.98111,55742.023420000005,58133.66065,60559.69556,62477.21591,60536.30418,62074.897769999996,63484.99732,65508.30943,67638.18785,69736.02994,71225.96087,72373.05474,73901.94463,75883.94749,74532.66278,78299.02399,78904.41679,82696.37602,82582.32524,83141.17655999999,84370.32279,85016.31865,84033.43809,86715.28327,88132.14794,88717.59419999999,89788.84217,89921.04267000001,89748.3024,91056.85254,93262.86794,95424.80447,95011.84769,89258.15752,89054.36911999999,89019.50033000001,93090.53387,95581.66034
17_ANZ,1.A.3.c,Railways,CO2,1813.590279,1314.238904,1177.189082,1518.359654,1756.397983,1846.949501,1898.692079,1905.726496,1925.6279710000001,1971.57948,1960.206979,1942.5383199999999,1927.587381,1746.356501,1884.440566,1978.791608,1912.497567,1975.2612,1936.340106,1784.870366,1810.926561,1818.089531,1788.997967,1760.613775,1736.954496,1700.164492,1699.497421,1718.5140729999998,1697.14313,1906.622736,2048.672422,2023.418934,1657.246537,1815.079507,1998.1658619999998,2058.142439,2061.298839,2111.768975,2490.568464,2560.051342,2534.651129,2588.756845,2856.0747760000004,3052.238926,3123.718666,3370.614155,3460.943,3570.395384,3536.744003,3538.254187,3473.796147,3618.461987,3578.563353,3591.258179,3697.239283
17_ANZ,1.A.3.d,Water-borne Navigation,CO2,3031.415997,3239.282875,2742.383463,3701.957223,3531.893536,3097.999512,2787.356477,3289.63589,3938.8853950000002,3435.1235619999998,3888.342088,3796.341945,3122.3848289999996,3048.166248,3043.3421040000003,2782.592232,2812.487259,2938.676516,2815.187061,2663.569438,2326.05054,1993.626347,2023.301244,1784.7065929999999,1691.4634449999999,2197.686752,2256.550748,2129.532242,1768.307064,1755.8481339999998,1930.461158,2173.145021,1479.361536,1462.572471,1534.276433,1927.249639,1721.657361,2867.239689,2836.6359070000003,2831.736635,2742.09846,2683.532295,2205.468104,1971.9994069999998,1909.727582,2123.262126,2042.6549089999999,2161.687466,2247.1500969999997,2461.7452510000003,2451.523411,2312.373938,2319.98287,2503.66034111,2695.32017829
17_ANZ,1.A.3.e,Other Transportation,CO2,148.3758,148.3758,181.3482,214.3206,214.3206,313.2378,319.83228,240.69852,197.8344,204.42888,184.64544,151.67304,125.29512,85.72824,125.29512,186.4211178,199.20632049,227.50273707,268.07959659,222.27149828999998,29.639160949999997,231.902101,263.50889140000004,305.3651183,363.1762412,404.2758526,425.7847048,442.5891977,447.6381697,486.9473729,529.4600876,546.0710002,727.4001879,1100.169749,1074.379345,1138.528179,1286.137825,1340.432304,1401.81477,961.3223834,964.0887125,898.435644,947.2213441,1016.209903,1022.676115,1173.836562,1286.846599,1273.498512,1361.018369,1516.150041,1441.55394,1509.185717,1660.81756,1674.861695,1657.688249
17_ANZ,1.A.4,Residential and other sectors,CO2,10056.022434,9821.333448000001,10709.478452,11118.805193,13404.41247,14371.166508,14328.800978,14803.581473,14482.008597,14479.250542000002,13840.095551999999,13065.450808000001,13551.211240999999,12906.920708999998,13086.865147,13025.990821,12929.982194,13234.085740999999,12810.622103,13287.893342000001,14663.830318,14527.138244999998,15098.774135,15308.827321,15521.552921999999,16200.525418,16530.561549000002,16867.306474,17257.445965,17308.254408,17682.682515,17973.258305,19181.651716,20719.3649,20613.131610999997,21173.932182999997,20809.488902,20843.193042,20847.552677,21280.576173999998,21645.174567000002,22136.971446,22767.987171,23031.157435999998,23590.034348,24183.729535,23374.923012000003,24242.742318999997,23967.603748,23180.245412999997,22724.179887,24765.541114,24054.753492,23071.206982999996,22842.430207999998
17_ANZ,1.A.5,Non-Specified,CO2,3472.127687,3872.4592150000003,3357.019438,4940.250502999999,255.0210886,239.9060118,265.1593881,296.7261956,328.2926845,347.2326371,372.4860208,438.7757104,486.1257586,527.1620718,533.4754955,546.1020318,628.1752733,684.9951459,631.3319852,833.5019166000001,833.3580844,880.7081326,934.3712933,972.2512059,994.3478704,1041.697919,1114.301032,1221.627353,1404.713804,1455.220253,1458.376964,1489.943453,1856.11605,3424.976041,3873.221887,4611.880193,4113.127898,3958.451536,4069.073662,4419.323911,4583.470409,5187.241352,6308.243217,7016.211188,7131.469533,6744.866367,7227.03049,7804.665841,8497.304419,9129.357964,9376.398531,9192.676557,9090.090375,10012.0127,10307.47576
17_ANZ,1.B.1,Solid Fuels,CO2,9334.2768039,9111.6687528,9984.2305225,9782.164601400002,4255.6385798,4301.3559412,4354.50953752,3708.53094415,5749.342709799999,5077.5914701,5473.2307657,5556.5559119,5649.3136256299995,4292.2815792,4551.8041106,5435.334707929999,4534.04387999,5522.23423704,4447.571045109999,4805.515376473,3104.9268242979997,3677.1514478,3720.52414775,3383.8529230199997,2395.6365066999997,2383.97493716,1933.86314706,3474.0962744,2986.8897933900002,2610.62710115,2574.96180591,2332.0161078700003,2400.24315765,1967.77112257,2576.06992385,2355.24341195,2118.36774273,2305.90756021,2303.7439131399997,2109.0173453400002,4952.60335098,4305.798412249999,3739.9990306100003,3182.19430216,2972.1234068,2708.5446215399998,4199.958676287,4369.228947764001,4303.071741289999,4192.9154960999995,4305.40425006,4171.01677591,4633.74999887,3706.54720553,3630.6580318700003
17_ANZ,1.B.2,Oil and Natural Gas,CO2,12.011853937,9.970170787,11.16047424,13.101014721,39.846487297,69.714275927,70.827391224,26.999629866,82.552877049,69.579384063,184.254591408,144.036832944,130.994824175,2419.1519516900003,1520.56560738,2410.6986784,2683.3531411999998,2205.1019803,2760.4871524,3761.1506011,4365.244882,4616.880831,4104.026622,3816.983187,3181.557775,3097.074323,3280.087146,2725.0205845,1824.9040408800001,1717.76389595,1561.89381054,1486.5055045499998,1261.56132412,1412.93719363,1282.5426335000002,1312.61871602,1218.7297291599998,1238.3812421,1350.9148998,1494.1875383,1165.8706264,1092.779535,2225.2611559,2041.4614138,2701.0553658,2807.1555387000003,1766.2197947,1770.6825508,2319.0331032999998,3078.2895535000002,2247.5425792,1899.6648644,1672.4967222599998,1579.31430801,1494.95602665
17_ANZ,2.A.1,Cement production,CO2,2928.926,2729.183,2868.8199999999997,3066.36,3253.0699999999997,3081.56,3027.222,3005.47,2920.376,2935.58,2977.04,3231.706,3486.921,3090.54,2792.548,3326.309,3565.1850000000004,3468.32,3538.665,3862.428,3660.06,3393.432,3201.825,3293.814,3733.96,3645.62,3512.74,3475.756,3715.05,3831.73,3928.35,3856.98,3842.09,3935.2,3851.08,4023.04,4215.24,4152.1,4042.8,4027.6,3690.4,3643.4,3632.34,3392.3999999999996,3255.3,3323.9,3226.1935780000003,3052.6320763000003,3017.4916175,3333.843462,3116.0496833999996,2952.131417,3004.039999,3000.6510287,3035.9528047
17_ANZ,2.A.2,Lime production,CO2,295.2,296.475,527.25,758.025,767.1,754.95,799.4250000000001,772.2750000000001,786.525,784.5,804.2249999999999,1104.3,1047.825,884.475,935.55,942.375,942.375,942.375,935.55,1197.5249999999999,861.7359359000001,908.5440026,948.2193478,982.3644922,1048.0730374,1035.0918898,1174.0634890000001,1212.4215550000001,1375.234584,1272.633699,1072.649535,1140.0,1140.0,1140.0,1140.0,1140.0,1218.65441063,1218.42683841,1669.23374015,1894.58133786,1670.04480148,1667.8433493,1671.78279005,1597.24625367,1486.16622731,1522.5,1522.5,1522.5,1522.5,1522.5,1522.5,1522.5,1522.5,1500.0,1522.5
17_ANZ,2.A.3,Glass Production,CO2,54.731427066,55.78439109,56.74833235,57.62670622,58.42970802,59.16961674,59.841915539999995,60.45289942,61.03918736,61.64990467,62.32026753,63.06328543,63.87309374,64.74410037999999,65.6620073,66.61524674,67.60549931,68.63180611,69.67592641,70.71531225000001,71.731982,72.6868065,73.6109115,74.51219999999999,75.4040455,76.297529,77.1973265,78.1045055,79.023077,79.9568175,80.9109315,81.879259,82.867967,83.90839450000001,85.04144600000001,86.2919855,87.6771105,89.176528,90.73148350000001,92.26029399999999,93.704184,95.0406065,96.2861305,96.3963503,97.54811177,98.71368353,99.71558343,100.72773104,101.75023184,102.82100815,99.38083475,111.30911206,111.30911206,111.30911206,112.61863102000001
17_ANZ,2.A.4,Other Process Uses of Carbonates,CO2,1415.743642,1415.743642,1420.016515,1419.759811,1421.643684,1418.55082,1441.430565,1444.446954,1447.463343,1447.463343,1453.449447,1538.001699,1537.861674,1538.141754,1537.581712,1538.702264,1536.463032,1540.855243,1528.16247,1545.16228409,1535.60979185,1473.61437892,1575.9393426699999,1689.06413677,1907.89435042,1885.7557122100002,1949.21850949,2042.8960556499999,1999.74513876,2186.8232221000003,2081.2630203,1957.7775744,1984.56855414,2054.32058258,1996.67171102,1983.7252450400001,2056.2727958,2174.69300497,2110.86112708,1803.3010793899998,1948.08631808,2104.36473158,1986.6947109199998,1838.88912534,1861.46194542,1819.59323445,1890.56633453,1797.818039,1765.8018579,1617.3274844999999,1438.2655619500001,1610.8947262,1610.8947262,1610.8947262,1629.8464293
17_ANZ,2.B,Chemical Industry,CO2,1327.7242499,1405.8076288,1445.5236009999999,1479.0934966,1509.5336132,1465.2985331999998,1781.6872680000001,1812.787287,1766.954992,1800.7406809999998,1888.727221,1868.846978,1619.606804,1952.0428594,1945.631503,1875.9675218000002,1844.0935245,1985.12877,1973.8547267,1636.1651563,1935.7063948,2268.5026098999997,1908.5287575,2221.6542855999996,2691.876348,3404.640642,3448.28248,2935.359407,3280.704837,3431.118305,3742.862563,3945.3879479999996,3945.1530839999996,3170.523378,3242.5211625,2547.4665517,3454.8285607999997,3440.4477344,3622.9017414,3792.5830802,3776.0727486,3839.4473815,4107.615736,4317.421744,4903.439077999999,4766.63307,5026.943064,4823.131741,4591.457402,5007.556617,5161.108728,5180.135772,4810.65406,4351.572957,4144.9581647
17_ANZ,2.C,Metal Industry,CO2,3222.673134,3228.5993789999998,2958.0357750000003,3158.528129,2732.993477,2720.6529060000003,2644.238077,2521.955284,2566.0069590000003,2743.118068,2893.1641600000003,2610.798971,2554.947022,2257.237242,2652.499692,2959.855415,2963.745044,3050.227086,3349.273314,3651.987748,3766.0560264,3737.883392,3765.678074,4128.6901356,4110.5744582,4146.567679,4266.4649806,4602.5023280000005,4821.997612,4871.482486999999,5046.5554,5089.554443999999,5238.83877,5298.066416,5252.987844,5339.516308,5376.367427,5487.930117000001,5432.719446,4914.271599,5389.6194430000005,5324.995493,4807.205204000001,4848.044287000001,4759.030909,4727.7716498,4568.5209,4439.91206,4646.312207,4485.199561,4422.76176,4409.558178,4298.723139,4283.474530699999,4018.9332216
17_ANZ,2.D,Non-Energy Products from Fuels and Solvent Use,CO2,1176.1288825000001,1133.9895727,1096.639418,1115.7594321,1083.7421659,1027.9110117,1052.7853840999999,1079.2315800000001,1105.7442709,1127.5863345,1155.6435658999999,1141.8284725,1131.3803488,1071.5459027,1063.7080884,1048.7001837,1041.8244887,1050.2922165,1073.7311176,1105.9928544,1148.1244976,1103.0702763,1113.631347,1142.8899846,1187.5424209,1252.3895857999998,1148.0414357,1217.8189301999998,1218.6088943999998,1236.5085060000001,1242.0212363,1206.2441807,1256.0230092,1320.3196228000002,1317.9305841,1194.8669949999999,1192.4912442,1163.1178307999999,1199.832571,1226.8387543000001,1240.6304808,1239.0564121999998,1208.4481404,1227.2241275,1275.1288865000001,1263.0007876000002,1239.7205829,1254.6765957,1246.3376204,1249.9482462,1272.8011576,1214.4569037,1214.9050427,1217.4222129,1166.2229303
17_ANZ,3.C.2,Liming,CO2,284.74285717,284.74285717,284.74285717,284.74285717,260.85714287999997,205.96190482999998,213.71428579000002,219.16190476,213.71428572000002,265.67619055,222.51428570000002,185.00952385,187.10476193,237.60000003000002,203.44761903,209.52380957,217.06666673,259.2857143,237.80952387,266.19999999,328.11428574,385.00000009999997,475.5142857,481.5904763,531.6666667,603.4285715,586.2476191000001,659.3714287,618.0952382,511.23809532,630.4571429,702.1142858000001,918.9714286999999,908.9142858,999.6380954000001,886.0761907000001,927.1428573000001,852.1333334899999,946.209524,1005.8190478,1049.5047621,1061.2380954,939.609524,916.2476193,1076.1142859,1222.5714285,1201.409524,1283.7523808,1402.1333337,1474.0000003,1572.2666669999999,1718.3047621,1321.2571432999998,1304.7005712999999,1321.2571432999998
17_ANZ,3.C.3,Urea application,CO2,118.64283557,118.64283557,118.64283557,118.64283557,102.77140989,94.128554316,104.65712383,92.3999832,130.74283334,140.48568875700002,142.21425986,150.385686929,160.28568519,192.9713935,249.07138326,252.99995399000002,236.49995699000002,276.72852107,271.07137927,320.41422746,345.71422283000004,371.32850391,373.5285035,445.34277613,486.19991159999995,577.8141807000001,713.7427273,772.6712881000001,948.3569703999999,1225.7140629,1063.6998065999999,1185.4854986999999,1346.556898,1304.9140484,1430.1568829,1273.9569112,1120.8997961999999,1135.1997936,1065.8998062,1117.2855112,1305.2283341,1420.5711703,1600.9711373,1892.1567989,1950.7710737000002,1872.985374,2047.0996274999998,2479.7138351,1745.8568249999998,1829.9282391000002,2088.2710487,2436.1852713000003,2251.8567332000002,2206.2853129,2161.6362753
17_ANZ,4.C,Incineration and Open Burning of Waste,CO2,72.27532382999999,74.786703829,77.481946553,80.23917135399999,82.873866186,85.250069908,87.106679699,88.671721328,90.061173096,91.45745967799999,93.002560541,94.652976144,96.474854607,98.41916291999999,100.393785235,102.33618411,104.39765197,106.44128731,108.55680403000001,110.87146579,113.03173833000001,113.65402122,113.89296117,116.35347294,106.37214857,108.33629199,104.74312511000001,111.88962711,117.55267461,122.72596920000001,118.5958078,106.92318337,103.1899462,98.58860113,100.03802434,96.76849694,94.87710312,90.94046863,88.26148002,87.13777630000001,87.64138553000001,85.62901555,85.90652986,84.56470949000001,84.91748151,83.05190599000001,83.40820201999999,80.02436801,78.2425935,76.87646406,76.64969634,77.71727093,74.94495391,73.92907109000001,72.93986589
17_ANZ,5.B,Fossil fuel fires,CO2,189.2,189.2,189.2,189.2,189.2,189.2,189.2,189.2,189.2,189.2,189.2,189.2,189.2,189.2,189.2,189.2,189.2,189.2,189.2,189.2,189.2,189.2,189.2,189.2,189.2,189.2,189.2,189.2,189.2,189.2,189.2,189.2,189.2,189.2,189.2,189.2,189.2,189.2,189.2,189.2,189.2,189.2,189.2,189.2,189.2,189.2,189.2,189.2,189.2,189.2,189.2,189.2,189.2,189.2,189.2
