Region,ipcc_code_2006_for_standard_report,ipcc_code_2006_for_standard_report_name,Substance,Y_1970,Y_1971,Y_1972,Y_1973,Y_1974,Y_1975,Y_1976,Y_1977,Y_1978,Y_1979,Y_1980,Y_1981,Y_1982,Y_1983,Y_1984,Y_1985,Y_1986,Y_1987,Y_1988,Y_1989,Y_1990,Y_1991,Y_1992,Y_1993,Y_1994,Y_1995,Y_1996,Y_1997,Y_1998,Y_1999,Y_2000,Y_2001,Y_2002,Y_2003,Y_2004,Y_2005,Y_2006,Y_2007,Y_2008,Y_2009,Y_2010,Y_2011,Y_2012,Y_2013,Y_2014,Y_2015,Y_2016,Y_2017,Y_2018,Y_2019,Y_2020,Y_2021,Y_2022,Y_2023,Y_2024
01_KOR,1.A.1.a,Main Activity Electricity and Heat Production,N2O,0.131412954,0.128055339,0.160769105,0.094139008,0.078994878,0.152119632,0.151952263,0.152645413,0.153415966,0.199795643,0.259269642,0.269877899,0.285844733,0.321530994,0.549421863,0.657339569,0.686276653,0.549443126,0.793588649,0.866927054,1.310931522,2.039080562,2.181931878,2.9531819312,4.267972952,5.013304349,6.881992703,7.485738691000001,9.588717932,10.42865522,11.439369004,8.694465792999999,7.517619538,6.536159315,5.959742765,5.415014362,5.083897992,5.187538139,5.131562639,5.996265999999999,7.586718425,10.199667484,10.392196755,10.446051933000001,9.950557726000001,10.061141865,14.60728825,16.154934293,16.505716432,14.280410254,12.180920527,12.29763659,11.780592477,11.359114700000001,10.694590879
01_KOR,1.A.1.bc,Petroleum Refining - Manufacture of Solid Fuels and Other Energy Industries,N2O,0.01144775,0.01144775,0.012165041,0.014645122,0.01579886,0.016714771,0.019112562,0.021831103,0.02360335,0.026552522,0.026946991,0.027779099,0.027492812,0.029007652,0.027881971,0.025203901,0.024661641,0.02538098,0.03102247,0.036523352,0.033215672,0.045830076,0.054359206,0.057675423,0.060507448,0.064389219,0.148615571,0.147952661,0.148852989,0.150720753,0.083503443,0.085237253,0.083548425,0.081074091,0.081265844,0.082753586,0.08362521,0.083907363,0.081888692,0.075362162,0.082902205,0.071573402,0.061125867,0.068514425,0.075109494,0.076479496,0.08413468,0.077931232,0.069302788,0.061108679,0.056251344,0.054631074,0.050608475,0.051176217,0.051381191
01_KOR,1.A.2,Manufacturing Industries and Construction,N2O,0.134681079,0.134681079,0.128884887,0.156014226,0.161652935,0.167090071,0.190818061,0.186481128,0.210211114,0.253912398,0.250626639,0.261122641,0.241421926,0.257886323,0.268782007,0.270561434,0.281110163,0.310598189,0.358544565,0.381411749,0.5214763070999999,0.6251034499,0.6777404459,0.7522790369,0.8026514349999999,0.8278513250999999,0.77534882,0.7818748050000001,0.669539232,0.723147374,0.862611441,0.856330586,0.891277729,0.950712058,0.9397789280000001,0.892585161,0.9279724570000001,1.005005853,1.032651259,0.95643394,1.041752891,1.070625537,0.9792862560000001,0.979175053,1.0135432819999999,1.081518824,1.053218103,1.083970481,1.0325728730000001,0.9003638469999999,0.881082157,0.895104032,0.8425013060000001,0.789028646,0.768461104
01_KOR,1.A.3.a,Civil Aviation,N2O,0.0,0.0,0.0,0.0248868,0.020605202,0.017839997,0.025243599,0.032736397,0.0331824,0.028633199,0.018464399,0.025421998,0.032290402,0.042905196,0.045224398,0.0362152,0.050576402,0.053163199,0.049238401,0.060655997,0.161250206,0.155092604,0.138465808,0.143355806,0.1589234,0.177796406,0.169916806,0.183072997,0.161554201,0.171337798,0.175237199,0.178530201,0.186095205,0.176213,0.185194398,0.104211998,0.081790997,0.087041998,0.023050997,0.022428001,0.028480004,0.041006198,0.068414406,0.056054796,0.086121605,0.102868805,0.103658804,0.110256397,0.112674207,0.09248812,0.081420298,0.135672375,0.133734071,0.071618564,0.080674821
01_KOR,1.A.3.b_noRES,Road Transportation no resuspension,N2O,0.046071415,0.045979619,0.046431919,0.051481264,0.046378755,0.049004056,0.052673992,0.069840112,0.083803536,0.102876997,0.09053603,0.430173199,0.574396048,0.832551182,0.922900687,1.028596516,1.140822154,1.258017196,1.4489964,1.584948329,1.815754942,2.306356803,3.275779635,3.515146205,4.559936499,5.46749991,6.794667498,8.545086514,9.020848046,11.37758426,4.11090149,4.397616239,4.838032969,5.334081602,5.612774978,4.568903365000001,4.822698791,5.010295746,4.8549343050000004,4.142450517,4.268235671999999,4.175387013,4.2761977810000005,4.544582324,4.616503473,5.169437069,5.3816347680000005,5.652679275,5.508300012,5.840555987,5.415752887,5.5131243560000005,5.716015996,5.812082835,6.0254815520000005
01_KOR,1.A.3.c,Railways,N2O,0.001846347,0.001846347,0.000800085,0.000738539,0.001353992,0.001292446,0.000830858,0.000276951,0.000165797,8.28987e-05,0.000138164,0.255966083,0.262057983,0.268189953,0.298568464,0.293624846,0.298498243,0.310681803,0.322865363,0.322865363,0.341140817,0.346014217,0.353324377,0.371599714,0.355761134,0.359416154,0.354568493,0.356979514,0.350887734,0.364320183,0.37528059,0.378909991,0.378909991,0.387438529,0.3313939,0.311900183,0.285096189,0.261947451,0.257073934,0.227833297,0.22052314,0.201029423,0.201029423,0.177880569,0.148639931,0.135237994,0.118180917,0.1145259,0.1145259,0.108485717,0.095620438,0.08506181,0.07173954,0.06319878,0.065344278
01_KOR,1.A.3.d,Water-borne Navigation,N2O,0.018999598,0.018999598,0.018999598,0.0237708,0.032375997,0.0237708,0.019766402,0.042003602,0.038766,0.073783198,0.051119999,0.069353396,0.067735198,0.060085197,0.056914195,0.057510002,0.069012004,0.1189392,0.120046793,0.127885203,0.137768404,0.156938396,0.184628996,0.220838401,0.120898799,0.119109595,0.077457592,0.090833991,0.094999204,0.123986405,0.110335201,0.098491799,0.105574801,0.105478798,0.100196404,0.073613398,0.072931201,0.071568004,0.073186796,0.0687564,0.056402392,0.020362803,0.019094998,0.017636401,0.011075995,0.018338402,0.038425203,0.035539794,0.026764797,0.032251766,0.026669464,0.034066434,0.009897897,0.009515651,0.010244091
01_KOR,1.A.3.e,Other Transportation,N2O,0.028116001,0.028116001,0.024920999,0.0276048,0.028167119,0.032997959,0.037266481,0.05518404,0.067657321,0.07972164,0.072667079,0.0,0.0,0.0,0.0,0.0,0.0,0.0,0.0,0.0,0.0,0.0,0.0,0.0,0.004295521,0.005597999,0.005317739,0.006058258,0.00209832,0.00292272,0.003219539,0.005751302,0.00317226,0.003096719,0.003173101,0.003624843,0.0027522,0.003022562,0.002608562,0.002378161,0.002224979,2.55604e-05,2.55604e-05,2.55604e-05,5.11208e-05,7.68596e-05,5.11208e-05,2.55604e-05,5.11208e-05,3.38428e-05,0.0,0.0,0.004641701,0.00474851,0.004909714
01_KOR,1.A.4,Residential and other sectors,N2O,0.307124723,0.307124723,0.322554084,0.397955393,0.415979058,0.42142134,0.451253488,0.514892871,0.53246744,0.551324188,1.076961038,1.365027041,1.340501075,1.350864963,1.523003213,1.620484761,1.886054337,1.954178375,2.106516363,2.184330969,2.345879677,2.425971435,2.557646765,2.717303933,2.9707662989999997,3.112149237,3.304844477,3.632006493,2.9722942740000002,3.196065438,3.421179859,3.549637345,3.350201749,1.744592047,1.459786105,1.420537044,1.307490487,1.337050205,1.223387284,1.2524983010000001,1.358217138,1.3586251839999999,1.3969115140000001,1.4092868570000001,1.123270691,0.882766115,0.610926309,0.559146012,0.558580023,0.560134677,0.6110018260000001,0.556828911,0.5026941030000001,0.659055613,0.6735663980000001
01_KOR,1.A.5,Non-Specified,N2O,0.003833999,0.003833999,0.0058788,0.0086904,0.00897156,0.010536932,0.014371649,0.018896129,0.013324049,0.01220013,0.022554629,0.01801851,0.018187981,0.018983761,0.018296162,0.018447058,0.019952158,0.019182811,0.018167158,0.021210359,0.021613712,0.023064179,0.019794151,0.019987831,0.0477082,0.052820948,0.040655396,0.038641021,0.031529471,0.041924339,0.035123301,0.0305174,0.030404639,0.03676684,0.033035579,0.031271779,0.043248965,0.042948796,0.038166277,0.041463718,0.038343608,0.028317541,0.0287416409,0.0280787029,0.029896442,0.033250561,0.025052282,0.042383059,0.041431581,0.029258823,0.026011778,0.041778063,0.024640836,0.018388395,0.019012651
01_KOR,1.B.2,Oil and Natural Gas,N2O,0.0,0.0,0.0,0.0,0.0,0.0,0.0,0.0,0.0,0.0,0.0,0.0,0.0,0.0,0.0,0.0,0.0,0.0,0.0,0.0,0.0,0.0,0.0,0.0,0.0,0.0,0.00097328,0.00034342,0.00022869,0.00028644,0.0,0.0,0.0,0.0,1.68142e-05,4.19311e-05,3.72789e-05,2.84573e-05,1.90296e-05,4.0175e-05,4.35996e-05,3.6401e-05,3.5138e-05,3.7324e-05,2.59225e-05,1.51682e-05,1.24721e-05,2.74857e-05,2.46202e-05,2.086e-05,1.48824e-05,9.80026e-05,6.23467e-05,1.8106e-06,1.17048e-06
01_KOR,2.B,Chemical Industry,N2O,3.127,3.127,3.127,3.127,3.365,3.846,3.4149,3.5856,3.8332,3.7974,3.67,3.73,3.7125,3.7352,3.741,3.756,3.925,4.335,4.935,3.49,5.293714286,16.2255,18.319,10.203,11.8536,11.3412,15.12,24.6839,15.5694,13.3086,13.3086,15.8556,5.5046142,6.384744,7.56036,8.9757,8.25129,6.6309642,5.4508275,5.381649,5.6870145,5.6575125,5.3632125,4.8213135,4.0150485,3.2761845,4.4041635,4.8934575,4.9959315,4.6753605,6.264595822,6.71916115,6.737057473,5.732226623,5.885124269
01_KOR,2.G,Other Product Manufacture and Use,N2O,0.000257674,0.00026291,0.000268147,0.000273316,0.000278319,0.000283092,0.000287591,0.000291853,0.000295982,0.000300132,0.000304403,0.000308854,0.000313436,0.000318016,0.000322403,0.000326469,0.000330154,0.000333526,0.000336728,0.000339966,0.000343385,0.000347025,0.000350827,0.000354725,0.000358607,0.000362389,0.000366059,0.000369621,0.000373019,0.000376191,0.00037909,0.000381702,0.000384038,0.00038612,0.000387985,0.000389668,0.000391166,0.000392499,0.000393752,0.000395034,0.000396423,0.000397958,0.000399618,0.000401354,0.000403085,0.00040475,0.000406335,0.000407858,0.000409315,0.000410714,0.000412056,0.000413336,0.000414536,0.00041568,0.000416744
01_KOR,3.A.2,Manure Management,N2O,1.004836461,0.994982473,1.090166551,1.232378428,1.44649822,1.334407125,1.252020197,1.309228342,1.470859396,1.531721988,1.36489062,1.298705523,1.541533422,2.041601405,2.380545218,2.652982579,2.567068784,2.264400488,2.011005913,2.004883794,2.067174223,2.319515685,2.626555298,2.970502789,3.15624652,3.449248709,3.718874129,3.688142108,3.392120245,2.993360661,2.694263677,2.562070772,2.600049477,2.68087675,2.836203167,2.998420252,3.238335034,3.437647655,3.628192882,3.895544254,4.212562339,4.081854919,4.336873077,4.201352945,4.056798793,4.220937021,4.287270745,4.412336022,4.515791324,4.640389414,4.791990278,4.997332714,5.117838574,5.038419758,4.876130943
01_KOR,3.C.1,Emissions from biomass burning,N2O,0.004803592,0.004712264,0.004696757,0.004701303,0.004810783,0.005117778,0.005381227,0.005244392,0.005543564,0.005347973,0.004057785,0.004727428,0.004669342,0.004867613,0.004944134,0.004725729,0.004621003,0.004607209,0.004851819,0.004781197,0.004555189,0.004212725,0.004130982,0.003804628,0.003875376,0.003687431,0.003945666,0.003972415,0.003783208,0.003895034,0.003908292,0.004028031,0.003729502,0.003467533,0.003692194,0.003596066,0.003478087,0.003343385,0.00351816,0.003510648,0.003209746,0.003111755,0.003026909,0.003092937,0.003080025,0.003083756,0.003003472,0.002852373,0.002816104,0.002765646,0.002633295,0.002826842,0.002753859,0.002718498,0.002682668
01_KOR,3.C.4,Direct N2O Emissions from managed soils,N2O,8.083302094,8.049927948,8.16567477,8.329017361,9.213990181,9.601110253,7.782150467,8.089454649,9.252690602,9.258561904,9.090639156,8.771466505,7.135729787,8.678989072,9.684872968,10.39628406,10.41474194,10.24636585,10.07243415,10.82902574,10.94744077,10.70501558,11.31958964,11.60346785,11.82914716,12.27133422,12.27335925,12.99400603,11.69792559,10.85835467,10.19838383,9.434676794,8.92916411,9.40413706,9.999122733,9.70688238,8.640072422,9.769117764,9.64447207,9.838268785,10.09740369,9.869153527,10.08742583,11.85506456,11.60086204,12.88017986,13.15087502,12.85695528,10.24935241,10.1419862,10.23503122,10.73316772,10.37058628,9.598523347,9.070086809
01_KOR,3.C.5,Indirect N2O Emissions from managed soils,N2O,2.181672729,2.175447893,2.199933472,2.225802216,2.524751197,2.684663013,2.114144651,2.15934464,2.479396867,2.444024184,2.416464134,2.308764657,1.824529594,2.21115766,2.419875338,2.581034728,2.615852443,2.627336039,2.629217904,2.822871245,2.863961327,2.752043887,2.87885,2.88498162,2.946876561,3.023578133,2.994349289,3.219612902,2.898988605,2.743750754,2.638256418,2.529918013,2.293476039,2.383442501,2.541969744,2.431454069,2.216239895,2.438142561,2.386469211,2.457185755,2.517709101,2.42565836,2.482491741,3.108778244,3.051539943,3.429656177,3.507338629,3.41745246,2.58123131,2.556620787,2.560866681,2.660307827,2.531649141,2.33509333,2.209045361
01_KOR,3.C.6,Indirect N2O Emissions from manure management,N2O,0.047056815,0.04583093,0.049790254,0.05338203,0.058036581,0.058801871,0.056191098,0.059436608,0.06764726,0.074795759,0.066232016,0.064593905,0.073822173,0.094391539,0.10035665,0.108781665,0.111819547,0.110929128,0.106463669,0.108463521,0.113484999,0.118348326,0.126294804,0.134978633,0.141358978,0.151367603,0.156615197,0.159005624,0.153259147,0.151337355,0.149216437,0.14953504,0.151568953,0.15341004,0.15745107,0.161691458,0.172481454,0.177826194,0.179079541,0.195763453,0.20771331,0.196225676,0.207335229,0.206292344,0.203864772,0.212756441,0.215333125,0.221497025,0.22609315,0.2276496,0.231093893,0.234149179,0.233215122,0.231088724,0.227035759
01_KOR,4.B,Biological Treatment of Solid Waste,N2O,0.213166326,0.22532936,0.237806437,0.250532506,0.263409805,0.276360275,0.290907726,0.305524193,0.320298781,0.335387362,0.350909176,0.366279337,0.382103592,0.398229615,0.414411482,0.430460191,0.447355227,0.464082617,0.48081254,0.497828601,0.515353255,0.527016322,0.539058991,0.55138551,0.563827405,0.576247744,0.584139996,0.591899245,0.599436238,0.606646309,0.61345056,0.620352564,0.626840685,0.632944527,0.638720641,0.644222661,0.647639291,0.650788542,0.653811358,0.656888081,0.660150809,0.662218225,0.664490729,0.666885445,0.669267935,0.671536015,0.673803367,0.675963139,0.7167,0.718760349,0.720719182,0.722951594,0.725168709,0.735009823,0.744984489
01_KOR,4.C,Incineration and Open Burning of Waste,N2O,0.060336752,0.058891184,0.06062653,0.062263668,0.063774135,0.065136623,0.066699102,0.068090308,0.069328199,0.070442471,0.07145136,0.072231186,0.072900438,0.07342229,0.073747172,0.073841587,0.073869836,0.073654703,0.073225331,0.072623044,0.075974373,0.102079607,0.126636314,0.154285714,0.163081788,0.222033806,0.251601963,0.278853871,0.260770447,0.30419084,0.405950382,0.42893566,0.366810251,0.369612868,0.368924209,0.317290132,0.352310622,0.31324881800000004,0.30978592499999996,0.30122168200000005,0.294939952,0.325313877,0.35782248099999997,0.365092127,0.330197036,0.35858984,0.374775757,0.37651292199999997,0.372026499,0.37309479500000003,0.37439366799999996,0.37561028500000004,0.376755179,0.37687883,0.376947127
01_KOR,4.D,Wastewater Treatment and Discharge,N2O,1.505497523,1.603661063,1.704866423,1.808484274,1.867214916,1.996632081,2.079274485,1.940837971,2.070255136,2.126363874,2.080532998,2.136956365,2.114932374,2.11776403,2.227254727,2.171880122,2.251376241,2.35834991,2.35237224,2.40313212,2.196904388,2.216662463,2.323637063,2.362206083,2.378907119,2.395563019,2.362118385,2.429412236,2.475125819,2.549834776,2.610990217,2.644036894,2.6814273,2.689868849,2.690615818,2.714585659,2.76514339,2.833400553,2.857976835,2.976360364,3.118188213,3.249565215,3.285189533,3.280462084,3.294612041,3.317799063,3.369265743,3.426938191,3.465021997,3.473619908,3.491470824,3.534928378,3.545191007,3.56884157,3.59264991
01_KOR,5.A,Indirect N2O emissions from the atmospheric deposition of nitrogen in NOx and NH3,N2O,0.871977444,0.879980033,0.871107145,1.03353977,1.085707477,1.143518755,1.238077852,1.669402065,1.860822893,2.313603138,2.142283948,2.17086926,2.246787975,2.466029704,2.519842158,2.606547913,2.660774543,3.011954202,4.156105579,3.745157374,4.439422753,5.055662807,5.588416368,5.920095325,5.761553421,6.12278883,6.183144084,6.28193881,5.220471429,5.574318244,6.050884789,5.765133336,5.737348611,5.559727252,5.572430926,5.220033446,5.096709525,5.210730167,4.955005273,4.774192872,5.005374083,4.795802855,4.708539083,4.606098039,4.560879682,4.853738445,4.818053785,4.792448839,4.622032224,4.549780136,4.266164298,4.432409281,4.286977509,4.151575598,4.218347464
02_CHN,1.A.1.a,Main Activity Electricity and Heat Production,N2O,4.390759257,4.347438572000001,4.370013325,4.3498331619999995,4.193314975,4.656846205,4.4313615099999994,5.139608729,6.668289152,6.932998619,7.1242463229999995,7.050738162,7.367955475,7.783699809000001,8.471138035,8.939920228,9.457060155999999,10.363863197,11.263714936,12.147164506,14.08089958,15.152275013999999,16.41243674,18.116000946,19.754399445999997,25.334759855999998,29.453907828,29.006328205999996,32.557487078,33.95851326300001,39.17385766,40.180331824999996,46.599414715,67.353271073,80.34652070599999,88.159981546,96.93584212500001,111.807338135,106.778740114,108.607612258,118.030350778,129.718568127,133.03678791700003,138.714913231,142.116698942,140.579248448,143.48540035,156.191747899,170.195613673,186.537138556,194.618371608,222.32428915900002,226.414505301,242.67529905700002,244.710236321
02_CHN,1.A.1.bc,Petroleum Refining - Manufacture of Solid Fuels and Other Energy Industries,N2O,0.010102386,0.010102386,0.012223236,0.015384027,0.019332409,0.049739598,0.05576663,0.06148178,0.224048868,0.230119448,0.377994833,0.342544556,0.362921633,0.354656437,0.400606872,0.528195841,0.548740354,0.585499313,0.705359511,1.146046095,0.976759323,1.010345405,1.077121987,1.18827566,1.30846309,1.445194218,1.478098129,1.542847272,1.765191905,1.546267223,1.630847428,1.68986607183,1.662738333,2.033170424,1.854278523,1.969973567,2.45617927,2.854863738,2.880561669,3.897885284,4.222384767,4.281770535,4.346129109,4.496001612,3.005577519,3.307954829,2.649079698,3.067462258,2.598028567,2.838684567,2.231077077,2.35326563,2.883857294,2.965021338,2.968415848
02_CHN,1.A.2,Manufacturing Industries and Construction,N2O,5.789203990000001,5.789203990000001,6.092798726000001,6.2020175250000005,6.2714535510000005,7.294199386,7.570033397,8.567709725,9.304910613,9.255497333000001,8.863488682,8.618926381,9.114074229,9.620005385999999,10.643579171999999,9.900827987,10.264119029,10.991343155,11.592279096,11.465997947,11.154595661,11.666313134000001,12.216535649999999,12.869878615000001,13.433519549,15.043769510000002,14.112760810000001,13.574465079,14.780473774,12.415902763999998,11.624080294999999,12.059587364,12.597310621,14.746168371,19.59104279,25.402716429,26.911009502,28.49329218,30.644696537999998,32.439771309,34.884009219,36.504208881,37.152484588,36.07408475,35.834353359999994,34.609270749,31.767443588,28.213004229,25.633323546,24.184293571999998,23.857599601699995,22.817259272199998,21.4673233905,21.3345352234,21.635373340200005
02_CHN,1.A.3.a,Civil Aviation,N2O,0.0,0.0,0.0,0.0,0.0,0.0,0.0,0.0,0.0,0.0,0.002854401,0.005797998,0.008741603,0.0116852,0.014628796,0.017572402,0.020515998,0.023459603,0.0264032,0.029346797,0.048040139,0.085644268,0.109017473,0.10781,0.12135094,0.159990038,0.203286532,0.270473728,0.25494909,0.350856863,0.354824275,0.344819506,0.462030538,0.483333788,0.564234412,0.539653734,0.540257471,0.638493942,0.703352439,0.775720415,0.945887718,0.930880569,1.026624704,1.17255927,1.311243109,1.507802299,1.706948931,1.936636997,2.1159585709999997,2.28381826,2.271828647,2.42252475,1.2285452419999998,2.4665464950000002,2.667709239
02_CHN,1.A.3.b_noRES,Road Transportation no resuspension,N2O,0.24762668699999998,0.24812059199999997,0.28609012,0.316931633,0.377051079,0.404940606,0.41431016,0.447762876,0.495919642,0.649955642,0.611843845,0.624986649,0.668470365,0.732927791,0.779396382,0.78607497,0.899740058,0.95107824,1.082895487,1.121038689,1.701302265,2.893677463,3.176929255,3.788878574,3.5568028839999997,3.895951361,4.606167937,3.794217877,4.3578752210000005,5.013513539,9.920276777,9.851202322999999,10.894216216,13.881787989000001,14.949967961,16.339233337,20.716733883,24.551212165,33.050672157,33.348091702,35.281491075,42.163910501000004,47.296607788,44.038430824,51.088237150999994,54.131975641000004,57.874786357000005,63.690097273,68.20204932200001,73.08122971,73.954287409,76.70079532599999,73.037571804,76.689850819,79.985780866
02_CHN,1.A.3.c,Railways,N2O,0.402474266,0.402474266,0.424463162,0.430645403,0.426147185,0.506773812,0.514061639,0.585172086,0.488646178,0.497701875,0.463029983,0.493187617,0.507760262,0.506057329,0.519915828,0.509404663,0.497414706,0.476374096,0.469641885,0.46681528,0.41171131,0.35562236,0.306283602,0.272833385,0.220817208,0.182598693,0.155463983,0.106495669,0.08021089,0.056183121,4.246259455,4.387784981,4.754149153,5.789292196,7.038714912,7.541916519,7.480848335,7.478405706,7.61886244,6.853067847,6.502536586,6.051853671,5.634147476,5.187128681,4.563012197,3.861949792,3.78378262,3.695887209,3.693647186,3.263779945,3.3070432629999997,3.4562246720000003,3.434118891,3.429268886,3.401261327
02_CHN,1.A.3.d,Water-borne Navigation,N2O,0.012383801,0.012383801,0.016973597,0.018186002,0.015501401,0.017146797,0.0188788,0.018359202,0.020524196,0.0,0.0,0.0,0.0,0.0,0.0,0.0,0.0,0.0,0.0,0.0,0.209931343,0.186225824,0.2787233986,0.334066522,0.341207537,0.426117314,0.984484571,0.583859442,0.479248619,0.778897484,0.982139946,0.994105636,1.019795389,1.212959796,1.177070144,1.169165349,1.416176082,1.487903619,1.189367404,1.273990838,1.348414214,1.40732012,1.611897518,1.846655531,1.911339824,1.753113978,1.814513869,2.036534112,1.996820681,2.036052136,1.958377626,2.119016701,2.096317279,2.20359599,1.854910191
02_CHN,1.A.3.e,Other Transportation,N2O,0.050117911,0.050117911,0.057849991,0.06677769,0.07321725,0.074523839,0.07729788,0.082530061,0.092135071,0.093837629,0.085836987,0.080861853,0.088098149,0.097090679,0.103865461,0.11808813,0.162261002,0.178888442,0.190663922,0.20109696,0.00017523,0.00017523,0.00014013,0.0,0.00032563,0.008583705,0.015553161,0.00948051,0.007763769,0.012785877,0.009417682,0.010106021,0.010890754,0.012017188,0.018597016,0.021221271,0.023590737,0.027330884,0.029292777,0.030833325,0.034264639,0.037648549,0.043299486,0.047020399,0.047544919,0.048277195,0.049817859,0.052487789,0.052384255,0.046749041,0.04547508,0.047632036,0.047747995,0.049634665,0.049135499
02_CHN,1.A.4,Residential and other sectors,N2O,34.782883268,34.782883268,36.50852555,38.235542097999996,39.54662977,40.756699821,41.579296638,43.104159538,44.94024952,45.627399511,44.310543931,44.314754633,44.242075291,44.920200528,45.99366657,45.264150913,46.266037353,47.567737379,48.796537758,49.843259929,55.969823691,56.864206139,57.041831521,58.592570069000004,58.008790608,60.228245179,51.701867271,60.730192112,62.47175215,64.943375551,45.195226921,44.404902908000004,44.949710242,45.619796122000004,46.580247632,47.946773919,48.547662791,44.465885781,40.49913313,39.504676261,38.774391981,38.239389951,37.815854558,37.783938,38.004828398,37.787574908,36.85549624,37.204578239,35.281807390999994,33.979154851000004,32.998224939,33.956571004,33.456265922,32.363981975,32.125349553
02_CHN,1.A.5,Non-Specified,N2O,0.227075829,0.227075829,0.239460704,0.242946541,0.240387523,0.285806834,0.289928265,0.33002419,0.489873781,0.498990226,0.573503891,0.739203778,0.783112408,0.820375238,0.912747989,0.676622587,0.914309714,0.948784672,1.069254993,1.113909006,1.147687063,1.212855208,1.248038022,1.358646742,1.397132361,1.212588619,0.723089733,0.965299556,1.064089141,1.138377255,1.390697357,1.452899707,1.577453056,1.628862167,1.857551746,1.8821337710000001,1.924371451,2.010778514,2.3526228390000004,2.618155019,3.0205459869999998,3.960364357,4.075807652,4.112741502,3.87443011,3.5036742839999997,3.3056689080000004,3.157183087,3.060775728,2.792394245,2.698700568,3.1995570790000003,2.888157493,3.0190862309999997,2.997878093
02_CHN,1.B.2,Oil and Natural Gas,N2O,0.014535841,0.014535841,0.0186836,0.023052479,0.029708154,0.034668592,0.034938791,0.039911906,0.049758231,0.055442061,0.054544069,0.048821638,0.04595118,0.048553926,0.058029567,0.062300025,0.062463297,0.062533762,0.062612253,0.062680879,0.06266784,0.062771045,0.062769592,0.06289473,0.062968814,0.063629665,0.093531957,0.091622417,0.070622945,0.077514704,0.074219392,0.074750351,0.070566378,0.083260684,0.083004585,0.090810799,0.094407896,0.088340926,0.08259003,0.083084504,0.077967468,0.081559938,0.065318008,0.064679474,0.069666166,0.069631202,0.057901261,0.056844511,0.064002249,0.071396129,0.091758733,0.087814568,0.086914857,0.085249075,0.079437269
02_CHN,2.B,Chemical Industry,N2O,54.1537,55.6794,57.4483,61.1514,48.329,46.4423,46.81236,58.49224,64.2096,64.82424,74.806,61.16088,56.42886,54.70972,59.53328,60.2988,56.3886,63.2565,56.45532,58.3672,58.3125,54.6156,52.5513,61.7475,59.7663,77.2251,71.6313,81.23267571,84.014,84.7985,86.1803,83.8876,84.9203,88.5734,92.93545,113.5465,121.44245,133.9147,116.7389923,20.2346533,8.7797022,9.45662474,11.70460852,16.41103699,20.03478543,22.09697445,26.77346005,30.55839353,36.65248835,38.09870334,38.52311729,40.75054102,40.3761687,43.23566101,44.40330559
02_CHN,2.G,Other Product Manufacture and Use,N2O,0.249704773,0.255960107,0.26206681,0.26794969599999996,0.273537976,0.27878961599999996,0.28366930900000004,0.28820419199999997,0.292501929,0.29671584300000003,0.30097134400000003,0.305258747,0.309579117,0.314082873,0.31895373099999996,0.324296241,0.33019545100000003,0.33654815200000004,0.343064022,0.34932863999999997,0.35504263,0.360105854,0.36459128999999996,0.368567124,0.372162578,0.375487815,0.378543869,0.381317557,0.383875101,0.3863086,0.38868134,0.391031352,0.39336584900000005,0.395690072,0.398007349,0.400308092,0.402605055,0.404903647,0.40721245300000003,0.409530609,0.411860518,0.414199057,0.416537597,0.418837438,0.42105707000000003,0.423157721,0.425124577,0.42695731,0.42864175400000004,0.43017193000000004,0.431540931,0.432740873,0.43376993300000005,0.43463416200000005,0.435345313
02_CHN,3.A.2,Manure Management,N2O,40.703358449999996,42.662301711,45.157584215,46.107463996,46.734538846,47.044617004,47.491125149000005,46.782132506,48.075322689,49.920226263,52.113155098,52.953967260999995,53.939539204,56.388096022,58.068527001,61.593308766,67.36775145,71.878031292,74.083248687,78.507552736,82.099299622,85.778949289,87.785425838,91.203319178,95.373940413,102.73053099900001,110.19756999200001,92.597112812,101.447251279,104.297467869,107.45837804,104.138325418,101.289441194,99.01861091100001,97.12020168800001,95.806559697,94.92999934800001,90.748940087,93.58088604800001,93.100335951,91.620963744,88.86848500500001,88.441929399,87.432992843,87.09903670199999,87.053112111,86.107969335,83.981138942,84.088600155,75.168648053,81.65791872,84.6300164,84.696282151,91.497121591,89.386821859
02_CHN,3.C.1,Emissions from biomass burning,N2O,3.8205496549999998,4.001391329,3.9501535687000002,4.1156125266,4.262980450900001,4.382136109899999,4.4657559606,4.3366015995,4.69968095067,4.91661689588,4.7448327487,4.817591749396,5.141220222866,5.524344868792,5.753057119714,5.453622232078,5.630663339683,5.68001546161,5.603596694772,5.7855283657720005,6.249130972773,6.1045353615760005,6.175960497784,6.288763425168,6.131045244326001,6.350000157809999,6.774508198352,6.80601377348,6.861432602488,6.8268110766243995,6.2280215758299,6.177282254702599,6.2445880953707995,6.0018189574048,6.5664949077152,6.8922586267272,7.29183610996,7.445420063792,7.877340190624,8.036808875456002,8.3163937358736,8.6006771930523,8.848222759688,9.0003244720576,9.0960572841167,9.8201256579795,9.8027925526966,9.8488300063541,9.7797887229981,9.8364064043504,9.921371042234599,10.068366057194,10.1316179572593,10.2043459172297,10.328965197275998
02_CHN,3.C.4,Direct N2O Emissions from managed soils,N2O,202.15307758,205.54771922,208.75920065,210.423781288,204.184194688,223.682241538,239.24841895999998,267.187334181,289.888870643,314.48903897099996,339.896174592,333.042770528,349.311354187,376.334756332,399.74437467499996,379.882228926,383.095183119,443.63925156700003,476.13186912000003,492.82911272900003,512.338824214,523.0022781849999,531.717221992,500.751505919,526.229832574,615.397562677,658.249538401,591.684274087,604.314502672,631.138504104,616.495825827,612.637124311,660.5864042860001,643.672848614,677.9356910040001,689.469663303,731.136613022,704.4202644960001,683.0281287610001,732.158471625,683.598843576,722.31454342,731.649880153,741.942048689,679.5126388799999,703.165701489,661.565209039,604.778693895,610.149727198,630.627639897,617.776140832,607.6395962060001,642.720705034,658.362461802,665.027500978
02_CHN,3.C.5,Indirect N2O Emissions from managed soils,N2O,42.440509719000005,43.652633988999995,44.908097913,45.556483703,43.260605038,48.757518724,53.243438419,61.644906073,68.96069041999999,76.32605909099999,83.802627138,81.668847648,85.95016501900001,93.868408654,101.076939333,96.671087577,97.723905285,114.66214910400001,123.991169789,127.721491941,132.667851351,135.913450005,139.66669914300002,130.826520909,137.945569276,163.27897337500002,174.507159624,160.873677419,161.055549621,169.667598068,165.126900046,165.08215581899998,180.932201078,175.76339663599998,186.92887902200002,180.205705698,192.496884039,185.358475692,181.05249795100002,195.411102204,182.170502646,191.575792168,194.787365012,196.938831063,178.118087148,185.51334127200002,170.115511129,154.427478045,155.599446185,160.070473539,158.295037864,156.224770681,163.696813888,167.230830829,168.34341565399998
02_CHN,3.C.6,Indirect N2O Emissions from manure management,N2O,3.385106152,3.63499276,3.925364316,4.011073596,4.035787592,4.06505165,4.193949446,4.179316525000001,4.202317459,4.289432172000001,4.481523105,4.433595467,4.435055986,4.575600241,4.605793322,4.7805293550000005,5.1036964540000005,5.374335697,5.453073195,5.712637927,5.876968716,6.160576114,6.335330827,6.6189956809999995,6.981617953,7.480496028999999,8.084623988,7.336947663,7.454402418,7.833749219,8.088692687,8.004848977,8.094882214,8.02433993,8.208852773,8.424346059000001,8.49188703,8.336445697,8.642834217999999,8.806199042,8.807700418,8.432758343,8.537632680000002,8.485177242,8.413022313,8.486119930000001,8.562516418000001,8.426876832,8.422202161,7.776243876,8.342297341,8.628286036,8.645717097,8.604970912999999,8.450463809
02_CHN,4.B,Biological Treatment of Solid Waste,N2O,0.606159803,0.621368403,0.636217622,0.650518586,0.664091235,0.676828272,0.704137014,0.731083425,0.757898466,0.784962411,0.812610886,0.854096798,0.896533028,0.940377907,0.986248531,1.034582086,1.08628142,1.140695462,1.196945573,1.253591801,1.309453399,1.373533678,1.436612236,1.498741241,1.56026036,1.621494934,1.686532966,1.751083634,1.815358013,1.87973803,1.94450723,2.0796,1.551,2.1504,2.19,1.0362,0.8646,0.75,0.522,0.5364,0.5424,0.559384292,0.57652558,0.593768044,0.611046179,0.628293282,0.644687261,0.660994534,0.67718104,0.693224843,0.709101287,0.723607091,0.737466995,0.752761487,0.768373175
02_CHN,4.C,Incineration and Open Burning of Waste,N2O,0.072740115,0.071411296,0.071714081,0.07189430200000001,0.07194048099999999,0.071848524,0.07318798,0.074380061,0.07544503,0.07641398099999999,0.07731262,0.07933770300000001,0.081261072,0.083118765,0.084957275,0.086801833,0.088728816,0.09064512000000001,0.092465489,0.09407036,0.095371707,0.100012699,0.104584332,0.109089875,0.11354839200000001,0.12697552999999998,0.1323574779,0.1284269924,0.14286687180000002,0.14806938260000002,0.1540714316,0.16026180029999998,0.1676362697,0.174491977,0.1808480294,0.191898802,0.276732704,0.36268976,0.44862426199999994,0.53419869,0.620424715,0.705776543,0.791642873,0.8146930469999999,0.837793867,0.8608703209999999,0.88276838,0.9051448019999999,0.927365707,0.9496023309999999,0.972250209,0.996786228,1.015420224,1.035932295,1.058310342
02_CHN,4.D,Wastewater Treatment and Discharge,N2O,25.824975345,27.016119184,27.087593676999997,28.276297018,28.863516687,30.014791680000002,29.909872093,30.366683609,33.323237477,34.411980064,35.520148296,36.656591635000005,39.150469429,40.359474608999996,42.301139454,42.923238287,44.296898621000004,45.009415003,46.465065963,47.176994640000004,47.758533445,49.964885301,53.040696434,55.817179908,58.723401177999996,60.83908618,62.302134326,63.370201564,65.35803106,66.53926392300001,67.87820988200001,68.697503688,69.351370257,70.512461644,71.69094705500001,72.787602336,74.05406795900001,75.922077267,77.90474701,84.09893175399999,89.846289193,95.64095597299999,96.789873807,98.282563125,100.29054728,102.74285016799999,104.738645767,106.446820962,107.859140793,109.314628277,111.45885928,113.897998726,114.982395455,116.68951033399999,118.42217195399999
02_CHN,5.A,Indirect N2O emissions from the atmospheric deposition of nitrogen in NOx and NH3,N2O,26.404764541000002,26.219513169,27.547150255000002,28.254827798,28.309058399,30.885174005,31.639180242,33.834338891,35.808328151,36.303114666999996,37.759435662,37.525064253,40.257599148000004,43.748562679,46.636016987000005,43.371049967,44.430834994,49.410673522,53.504887739,50.537208365000005,51.158611273,53.017522338999996,56.724965862,60.4374864,60.240525095,64.93569538099999,67.96838266,63.833980260000004,67.659086561,65.72010687,72.320830506,71.29773423,74.519005614,84.581427162,96.26350581400001,105.292237032,113.21278082500001,119.298889293,120.543197688,124.23903813,130.30336359499998,133.92541046899998,132.744161739,127.21284235200001,120.011658718,113.292154366,106.54490349,102.426324506,101.029532448,98.229740887,96.684699492,98.367801933,98.032347617,101.785495561,101.0335282
02_CHN,5.B,Fossil fuel fires,N2O,0.45,0.45,0.45,0.45,0.45,0.45,0.45,0.45,0.45,0.45,0.45,0.45,0.45,0.45,0.45,0.45,0.45,0.45,0.45,0.45,0.45,0.45,0.45,0.45,0.45,0.45,0.45,0.45,0.45,0.45,0.45,0.45,0.45,0.45,0.45,0.45,0.45,0.45,0.45,0.45,0.45,0.45,0.45,0.45,0.45,0.45,0.45,0.45,0.45,0.45,0.45,0.45,0.45,0.45,0.45
03_JPN,1.A.1.a,Main Activity Electricity and Heat Production,N2O,1.735016692,1.413363862,1.407381394,1.639407444,1.717181609,1.674537865,1.694559366,1.906049906,1.765500461,1.750873573,1.567087418,1.70021294,1.859456837,2.051346725,2.2907922000000003,2.278729582,2.343032083,2.4522788440000003,2.7263985159999997,2.783601166,2.9024542220000003,2.960644801,3.0835344879999997,3.304062264,4.511457652,4.58598477,4.682944538,5.412333304,6.1778677680000005,6.724277227,10.135539622,11.8778261,10.733196425,10.036352785,9.370896747,10.628037518,9.351410992,9.50863483,9.124005598,8.558290705,9.245386393,9.261836075000002,9.985440819999999,10.662193451,10.315392846,10.248265039,10.085688806,10.296062735,9.963482239,9.76254153,10.259828355,10.786845643,10.492158555,10.001378694,9.916837884000001
03_JPN,1.A.1.bc,Petroleum Refining - Manufacture of Solid Fuels and Other Energy Industries,N2O,0.1965049,0.200172647,0.212400845,0.242745091,0.24672804,0.213059861,0.220680379,0.214530784,0.192862288,0.192630228,0.175956039,0.159821395,0.152025525,0.150049911,0.142447888,0.139869825,0.128778473,0.116293021,0.112030943,0.109725613,0.117319036,0.117802848,0.117353674,0.123197685,0.120609958,0.11961145,0.122934229,0.126225928,0.1281197,0.130643567,0.126949299,0.123043704,0.125482449,0.12894739,0.125551365,0.12519883,0.124229332,0.125563055,0.117093985,0.117778681,0.128047581,0.138702756,0.130884566,0.135015039,0.127106513,0.122115252,0.115935515,0.108930222,0.109562661,0.103838248,0.087774656,0.086256435,0.088428472,0.087123261,0.082010684
03_JPN,1.A.2,Manufacturing Industries and Construction,N2O,1.71766035,1.7492012790000002,1.894780088,1.940726348,1.9405204239999998,1.8149121739999998,1.8372648740000002,1.7787742130000002,1.66870668,1.770712681,1.645954507,1.7223261879999998,1.929803614,1.853302748,1.983535192,2.006504444,1.960987354,1.92340544,2.047141082,2.1127843239999997,2.303249079,2.287095782,2.236762113,2.181518583,2.14378489,2.213054908,2.196304468,2.160122312,1.999619161,2.00214943,2.0706452730000002,1.985468053,2.0440989370000002,2.062122958,2.051654224,2.166396838,2.150916266,2.176850607,1.983442887,1.853210595,1.975931513,2.056745414,1.9984722439999998,2.0498791069999998,1.952800795,1.923133716,1.8629528880000001,1.9029949910000001,1.8951341030000002,1.842355596,1.7384300979999998,1.786163317,1.750019846,1.6795993550000001,1.662145464
03_JPN,1.A.3.a,Civil Aviation,N2O,0.083137606,0.090078399,0.1059194,0.119445996,0.1284322,0.145253398,0.147299998,0.161538593,0.1777346,0.197850198,0.209508602,0.200163598,0.195891605,0.190283998,0.199717997,0.208528799,0.219297994,0.223569803,0.231401798,0.242616,0.204242169,0.221365988,0.236438,0.247767221,0.261010111,0.293094087,0.287612695,0.306376936,0.305390317,0.30031584,0.302136227,0.303468383,0.309401037,0.313061347,0.301748111,0.305580138,0.316316726,0.30775745,0.290817523,0.276786961,0.260138997,0.2547121,0.269493263,0.285630831,0.286810772,0.284451376,0.287270709,0.292381301,0.296067418,0.295199537,0.147733583,0.191800423,0.27133378,0.285908768,0.286487616
03_JPN,1.A.3.b_noRES,Road Transportation no resuspension,N2O,3.387491921,3.659913378,3.913943134,3.83928585,4.273808972,4.580008011,4.845149977,5.134788638,5.524988172,5.857335087,6.064482658,6.178682174,6.049089762,6.329951911,6.431040967,6.569787589,6.76599523,7.007431758,7.332072462,7.75745012,9.624620016,13.12920875,18.52191395,17.50924316,20.65951527,23.05931687,26.54457431,32.80121698,41.23652941,49.04825688,15.49499097,16.06294497,16.2911318,17.06810737,17.48331524,14.338885054347001,13.942382669,13.127083079,11.996126213,8.894007057,8.769109418000001,8.171271077,7.733235659,7.485998528,7.158589208,7.302237405,7.1391633059999995,7.095279295,6.929546903,6.867101289000001,6.346593848,6.5915051259999995,6.5662367790000005,6.619364233,6.272162267
03_JPN,1.A.3.c,Railways,N2O,1.760882376,1.710966989,1.614302106,1.768644317,1.736969452,1.379183589,1.41817102,1.468123869,1.569247714,1.574121111,1.52295,1.289024923,1.133074714,0.98565328,0.97956138,0.890621217,0.932045409,0.849196903,0.811427731,0.778532077,0.365916904,0.361887244,0.35232425,0.332914357,0.329827098,0.321761323,0.31723836,0.305559841,0.303374927,0.285361395,0.27707957,0.265225125,0.261954778,0.247445868,0.256628261,0.254985746,0.244986615,0.245864402,0.236673422,0.231126882,0.223919446,0.217038086,0.216935029,0.210094838,0.204109778,0.20358665,0.194082478,0.202353813,0.191393727,0.190811999,0.182872485,0.182872485,0.182872485,0.182872485,0.173182583
03_JPN,1.A.3.d,Water-borne Navigation,N2O,0.279115199,0.342503996,0.308679601,0.3717276,0.453519602,0.476097599,0.468514794,0.465532804,0.470815198,0.474393597,0.469366799,0.363122395,0.344548804,0.323163601,0.372409203,0.359629197,0.356647199,0.366871197,0.395327997,0.422762398,0.352548397,0.367174079,0.36156869,0.357383665,0.365430469,0.378366383,0.400926829,0.427149092,0.379833438,0.377834391,0.384670414,0.372020182,0.375776395,0.365633077,0.333939696,0.334200156,0.324956631,0.311744841,0.289424909,0.266760773,0.27504928,0.270096949,0.276603764,0.273372124,0.273179062,0.264656672,0.267263792,0.264176228,0.263400916,0.260578745,0.249226957,0.258384251,0.261731162,0.246942868,0.176169078
03_JPN,1.A.3.e,Other Transportation,N2O,0.00245376,0.002581559,0.00265824,0.002734919,0.00186588,0.00250488,0.00232596,0.00419184,0.003782881,0.003297241,0.001738081,0.002428199,0.00189144,0.00155916,0.001431361,0.001431361,0.00186588,0.00125244,0.001584721,0.001584721,0.0,0.0,0.0,0.0,0.0,0.0,0.0,0.0,0.0,0.0,0.0,0.0,0.0,0.0,0.0,0.0,0.0,0.0,0.0,0.0,0.0,0.0,0.0,0.0,0.0,0.0,0.0,0.0,0.0,0.0,0.0,0.0,0.0,0.0,0.0
03_JPN,1.A.4,Residential and other sectors,N2O,1.538074895,1.7263906580000001,1.760576361,1.916967928,1.900616134,1.8078171760000001,1.9374331120000001,2.219731081,2.530679724,2.78657383,2.689937965,2.3089387660000003,7.304963820999999,7.542335006,8.112479924999999,7.792398055,8.004190335,8.54555671,9.038717225,9.029751978,3.826000451,3.843891579,3.932732391,3.9871859169999997,3.978901842,4.27808283,4.392958438,4.292715078,4.206909711000001,4.293228375,4.589381857,4.704614735,4.759010222,4.570254867,4.78686553,4.670421034,4.221485222,4.199162218000001,3.675066195,4.260833734999999,4.132211352,3.830556462,3.771070001,3.588841178,3.49224319,3.876768021,4.098133806,4.373618963,3.610292322,3.901737537,3.396988795,3.624878357,3.60306533,3.566887692,3.397621185
03_JPN,1.A.5,Non-Specified,N2O,0.116480159,0.144941309,0.16970112,0.189688951,0.190433699,0.190136789,0.1996029,0.212075101,0.22414518,0.225456661,0.218359981,0.225535949,6.525e-05,7.02001e-05,6.87598e-05,6.65999e-05,7.64099e-05,7.40699e-05,0.00028332,0.00033084,0.003069611,0.003638061,0.004092815,0.004092815,0.003979135,0.004320208,0.088285176,0.105006904,0.092614562,0.090271846,0.090955668,0.094079473,0.162025577,0.164746561,0.177964439,0.15674418,0.15579267,0.164416875,0.151695116,0.149397484,0.125819972,0.11594359500000001,0.129536979,0.112203611,0.09638455700000001,0.095927995,0.095146805,0.087251254,0.080800417,0.07292069200000001,0.0709841464,0.0947127006,0.0913555736,0.0948933096,0.0980288556
03_JPN,1.B.1,Solid Fuels,N2O,0.0,0.0,0.0,0.0,0.0,0.0,0.0,0.0,0.0,0.0,0.0,0.0,0.0,0.0,0.0,0.0,0.0,0.0,0.0,0.0,0.003422733,0.003351855,0.00352619,0.003357948,0.003287456,0.002978051,0.002958708,0.002900706,0.002687988,0.002600959,0.002388241,0.00223083,0.001988338,0.002059492,0.001895795,0.001743123,0.001666746,0.001637442,0.001592676,0.001549845,0.001400849,0.001258996,0.001197416,0.001198562,0.001177299,0.001030527,0.00097609,0.000946108,0.000819646,0.000770819,0.000710676,0.000645021,0.000605284,0.00054901,0.00054901
03_JPN,1.B.2,Oil and Natural Gas,N2O,0.00011312,0.000115877,0.0001162,0.000120751,0.000119163,0.000112149,0.000113907,0.000125784,0.000117925,0.000107657,9.74431e-05,9.23999e-05,9.70219e-05,9.98945e-05,0.000100507,0.000107748,0.000105739,0.00010718,0.000104516,9.99667e-05,0.000107041,0.000120593,0.000120328,0.000120074,0.000119962,0.000118555,0.000116686,0.000121818,0.000119752,0.00011971,0.000130192,0.000129805,0.000142767,0.000148892,0.000154027,0.000165204,0.000178763,0.000199811,0.000195772,0.000189866,0.000177315,0.000177804,0.000229278,0.000140274,0.000150316,0.000190515,0.000185796,0.000133964,0.000118423,0.000111696,0.000104407,0.000102081,9.41138e-05,8.81073e-05,8.19383e-05
03_JPN,2.B,Chemical Industry,N2O,28.057,28.874,31.154,32.085,31.833,28.4955,28.83214933,28.45466238,27.662172,27.55981733,25.76996,25.49736364,26.04867371,26.99721533,29.85531073,32.64525938,30.1635297,29.565508,34.82120979,35.16840258,30.23587706,29.05055603,30.12344521,33.26827702,38.4472079,37.91247744,44.68506095,37.48599782,30.11601941,13.35519827,12.0088005,9.690637,8.663270136,8.694965091,8.230468364,7.626852364,7.509955773,7.072967636,6.240928,5.224547273,5.969104773,5.270514182,5.031209,4.651132,4.2173305,3.7765965,3.488617167,3.542102722,3.511716796,3.355837062,3.194348995,3.285090285,3.269992709,3.131374443,3.022647207
03_JPN,2.G,Other Product Manufacture and Use,N2O,1.05712415,1.072226499,1.087862821,1.103539442,1.118621642,1.132656046,1.145421007,1.156997124,1.167585896,1.177539946,1.187101073,1.196329727,1.205125158,1.213406766,1.221083878,1.228075893,1.234382811,1.240055008,1.245213382,1.249988908,1.25449241,1.273442562,1.292255211,1.310911825,1.329319584,1.347456549,1.365311089,1.382904264,1.400280576,1.417542536,1.434729856,1.386242078,1.337488654,1.288452482,1.239101887,1.189413124,1.075565465,0.961357452,0.846849507,0.732088537,0.617150154,0.616924518,0.616545256,0.616002768,0.61528265,0.614380103,0.613295127,0.612022919,0.610589079,0.609002003,0.607278052,0.605421844,0.603443921,0.601336378,0.599118417
03_JPN,3.A.2,Manure Management,N2O,3.006915238,3.113685753,3.130375451,3.214631432,3.345918616,3.351269793,3.440921117,3.668093126,3.886897826,4.118648846,4.317220181,4.428326974,4.560860228,4.699807057,4.815570591,4.882675816,5.022368166,5.06987967,5.141507663,5.221808396,5.363372356,5.420949038,5.510991304,5.534303761,5.505766082,5.435474097,5.333763341,5.285981722,5.283956224,5.254820283,5.217965962,5.157914931,5.165718984,5.134032482,5.086814425,4.994648825,5.003039621,5.043594853,5.069238591,5.092874045,5.047410723,4.832885342,4.793486623,4.792138945,4.692357066,4.583487747,4.545157918,4.556160399,4.567642377,4.560348316,4.634167465,4.690614583,4.672588937,4.731022025,4.734175564
03_JPN,3.C.1,Emissions from biomass burning,N2O,0.084730084,0.074597196,0.074643962,0.073156916,0.073929429,0.077107933,0.072052114,0.076971385,0.075361182,0.075723327,0.067911202,0.069180921,0.071612901,0.071140718,0.077747775,0.078576197,0.07795066,0.073730786,0.073232688,0.074023361,0.073359748,0.067230065,0.070209144,0.058958247,0.072492695,0.066281335,0.061797493,0.059386378,0.053202514,0.05211117,0.052211822,0.049508812,0.048817512,0.044467949,0.045006165,0.043927072,0.040488232,0.040092709,0.038400512,0.033377171,0.030414101,0.031299785,0.032284576,0.03113395,0.030833632,0.031273136,0.02854098,0.028962658,0.026622378,0.028104696,0.026718606,0.028015393,0.026823729,0.027079506,0.026774438
03_JPN,3.C.4,Direct N2O Emissions from managed soils,N2O,20.35993992,20.38030474,20.28953215,20.2639763,17.67879277,16.7349446,18.07799632,17.8815015,18.17930791,19.16813959,16.65844738,17.16109123,17.8898151,18.21861685,18.2395565,18.02962829,18.27997222,17.93809078,17.52134777,17.52681466,17.04483905,16.41197951,16.35179866,16.70424597,16.29876447,15.38544708,15.05879672,14.778653,14.44219725,14.47732941,14.58819582,14.49489272,14.42459665,14.3436393,14.27157066,14.0849782,14.0443902,14.02196951,13.47295896,12.56554188,12.85951292,12.73538306,12.51065637,12.67784806,12.12815356,11.69915077,11.97033562,12.08733185,11.82391777,11.67492933,11.66129062,11.58445544,11.35966674,11.20836774,11.05753212
03_JPN,3.C.5,Indirect N2O Emissions from managed soils,N2O,4.997669584,5.0621511,5.049048891,5.090815176,4.547227438,4.34934896,4.657951464,4.708290852,4.858826933,5.172608816,4.904705087,5.089094582,5.341284732,5.475024864,5.523024718,5.547627898,5.674924955,5.59523103,5.530107704,5.556753549,5.476477567,5.292413447,5.31018811,5.434373975,5.356020057,5.101774884,4.979517095,4.893576086,4.814737986,4.780522228,4.80161989,4.755907739,4.854563034,4.692899315,4.615278605,4.505469497,4.324292925,4.560403065,4.511063789,4.303456717,4.369014232,4.089783503,4.022311456,4.332710802,4.191693445,4.040736663,4.128630698,4.165034064,4.119971374,4.081102475,4.077617989,4.08753961,4.03472154,3.99128161,3.955064313
03_JPN,3.C.6,Indirect N2O Emissions from manure management,N2O,0.249790931,0.259660199,0.256943991,0.261501096,0.267654084,0.262702748,0.263870036,0.277925991,0.292712096,0.305328099,0.310016733,0.315161745,0.322002727,0.328616821,0.336093429,0.340731003,0.347007854,0.349569505,0.351666818,0.352625148,0.351529447,0.3498211,0.352082295,0.352036579,0.345779659,0.337092354,0.33109699,0.328177313,0.325561202,0.320988408,0.317611211,0.313995498,0.311632087,0.309912004,0.306448377,0.297765579,0.30286227,0.306386449,0.30488317,0.304985117,0.302881744,0.261080967,0.257297005,0.298416506,0.296005188,0.292768201,0.291176775,0.292287518,0.295346692,0.295240636,0.297552081,0.298725299,0.296623914,0.294765877,0.295998074
03_JPN,4.B,Biological Treatment of Solid Waste,N2O,0.298222462,0.290914386,0.283734081,0.276808354,0.270278673,0.26422291,0.260961437,0.258037484,0.255387992,0.252923124,0.250583225,0.248300109,0.246141378,0.244118224,0.242243318,0.240526892,0.238908007,0.237428308,0.236060704,0.234777509,0.233555945,0.22942094,0.229951917,0.230749209,0.22888831,0.229443668,0.229999636,0.231549914,0.230433492,0.231285945,0.232788534,0.234608638,0.29709349,0.349183114,0.360109361,0.407475642,0.419465495,0.404892904,0.455431487,0.452045003,0.395305891,0.434554019,0.430727806,0.42674375,0.427597867,0.435550435,0.444079396,0.386895546,0.383799647,0.355004721,0.321064572,0.330824366,0.330311686,0.318994914,0.308065864
03_JPN,4.C,Incineration and Open Burning of Waste,N2O,1.661371048,1.715917489,1.7725091849999999,1.830385937,1.888489449,1.9459968120000002,1.984872195,2.02210481,2.05798454,2.093076829,2.127773368,2.162535147,2.196803885,2.230409816,2.263160137,2.294878218,2.3260397409999998,2.3562168129999996,2.385628543,2.414527779,2.440929968,2.418728212,2.522675455,2.520679213,2.801946698,2.863075298,2.966375581,2.950855588,2.9252537800000002,2.8688384080000002,2.775271795,2.602927271,2.432620296,2.3399991,2.218557499,2.0936587959999997,1.998275826,1.9715881400000002,2.0074496600000002,1.846428726,1.783510493,1.783623556,1.799822061,1.83704696,1.706770092,1.795894031,1.430795593,1.387602429,1.57712933,1.5512912540000001,1.495534106,1.537778507,1.517415483,1.543382329,1.571994241
03_JPN,4.D,Wastewater Treatment and Discharge,N2O,5.506390793,5.716544595,5.866050638,6.09046938,6.029264239,6.104017393,6.318633857,6.307317281,6.513884632,6.568634543,6.545363838,6.595969651,6.721408313,6.845332784,6.967025819,7.086168638,7.202522161,7.396019664,7.508069483,7.61844648,7.484385338,7.512134085,7.640008425,7.64873106,7.676112991,7.699726111,7.582180057,7.497904754,7.590037669,7.603043385,7.671084177,7.722823537,7.677137857,7.557711845,7.517773807,7.403426787,7.384704053,7.299626289,7.212989696,7.213887452,7.245500451,7.348290464,7.343773017,7.345409924,7.296377467,7.253365567,7.248619323,7.281860459,7.32901983,7.350002542,7.377099536,7.426185904,7.401924443,7.42593724,7.450027937
03_JPN,5.A,Indirect N2O emissions from the atmospheric deposition of nitrogen in NOx and NH3,N2O,14.53335565,14.78084189,15.135453,16.63826689,16.64973911,16.31964523,16.95167406,17.51081145,17.73116421,18.30542679,17.69602905,16.67562649,16.41011445,16.53314302,17.1556853,17.06493961,16.91657522,18.16978473,18.64507705,18.72698793,20.07511725,20.52729929,19.76510221,18.93598482,18.91397541,18.77161054,18.51836804,18.05208803,18.23498358,17.14600745,16.97844069,15.56501978,15.06929786,14.30755024,13.67731114,13.33277582,12.74216889,12.532738,11.51492729,10.55700594,10.66621094,10.76711028,10.71791046,10.48455318,10.04668233,9.692245049,9.321736406,9.10443977,8.783594003,8.575048807,7.988037439,8.24356527,8.1676688,7.866070674,7.278684786
04_RUS,1.A.1.a,Main Activity Electricity and Heat Production,N2O,4.627093463,4.627093463,4.914766955,5.311843272,5.583128566,5.919690506,6.073757089,6.030621399,6.396677982,6.435446683,6.596901732,6.205367575,6.365818419,6.486163823,6.499552474,6.510894842,6.864899899,7.166793992,7.181495735,7.13670391,8.368474915,8.27888918,8.353440839,7.1964463819999995,6.852256388,6.569003024,6.449679047,5.9213192459999995,5.770008187999999,6.015217033000001,6.196364437,6.149263621,6.146794078999999,6.07342798,5.981518554999999,6.034709003,6.27768542,5.924988648,5.9101649169999995,5.23986734,5.733996545,6.0102906119999995,6.142384518,5.838166494,5.216859348,5.385682222,6.310514049,6.145715515,6.988650451,6.753214266,6.4673152609999995,6.9288951,6.892997888,7.235865562000001,7.572582807000001
04_RUS,1.A.1.bc,Petroleum Refining - Manufacture of Solid Fuels and Other Energy Industries,N2O,0.107945291,0.107945291,0.111004114,0.114423629,0.117843242,0.11404199599999999,0.122936133,0.12663332,0.20958318999999997,0.215079567,0.215581501,0.215835636,0.21788380499999999,0.217789448,0.223042732,0.23291814500000002,0.235402522,0.23811189700000002,0.24083711900000002,0.24266995500000002,0.28426832,0.258623372,0.235590713,0.26095455,0.161236909,0.195265446,0.176802347,0.19039298600000001,0.205679248,0.21628133300000002,0.21490567600000002,0.219533807,0.21801145,0.241528669,0.233189712,0.201776276,0.217761759,0.239647944,0.215616076,0.188572006,0.20198409,0.172249404,0.175909273,0.182966755,0.198697204,0.186911026,0.167582611,0.146366158,0.120008768,0.111701228,0.100195294,0.114534354,0.114037087,0.115471743,0.116163863
04_RUS,1.A.2,Manufacturing Industries and Construction,N2O,1.147372071,1.147372071,1.22174512,1.290068535,1.345653653,1.39140255,1.444256549,1.498922203,1.568926349,1.616990622,1.677966872,1.605233577,1.512313815,1.418863032,1.333119322,1.237862393,1.209890542,1.274800274,1.297039385,1.262453252,1.191908147,0.913409396,1.005139713,0.885038945,0.763291016,0.650420978,0.591872479,0.56329575,0.508741536,0.6113578799999999,0.624358715,0.6022671519999999,0.5690799900000001,0.5382588429999999,0.591915892,0.48981873099999995,0.461570633,0.473497123,0.49150205,0.453130841,0.465524818,0.47161874600000003,1.2990743900000001,1.2701758539999999,1.4639344570000001,1.571789682,1.6796928549999999,1.681865588,1.833800398,2.3079469909999997,2.286064308,2.401633929,2.362345449,2.4384285589999997,2.5021665349999997
04_RUS,1.A.3.a,Civil Aviation,N2O,0.925116502,0.925116502,0.960890469,0.985066526,1.011553458,1.113072054,1.101754288,1.106095862,1.124722447,1.130587036,1.101334117,1.154500505,1.189154104,1.236429652,1.276019998,1.289832396,1.304371338,1.321256101,1.33984773,1.353064939,0.775294,0.6626,0.613412,0.5188,0.432166,0.4023,0.374974,0.37074,0.347674,0.359372,0.37778,0.388618,0.403154,0.409692,0.402382,0.434804,0.459142,0.463356,0.489942,0.407726,0.436326,0.541712,0.553152,0.509662,0.475084,0.425028,0.409372,0.45235818,0.477218,0.490288,0.401964,0.47796186,0.42064484,0.453147455,0.471001256
04_RUS,1.A.3.b_noRES,Road Transportation no resuspension,N2O,2.947441196,2.834409376,3.102022544,3.343733383,3.563082559,3.947646675,4.237122226,4.238138828,4.318540491,4.448991721,4.841940053,4.766481426,4.659374907,4.504936066,4.613740345,4.687638042,4.930519947,5.193996511,5.440409723,5.662374931,7.388683291,7.510902784,6.878184401,4.928087894,4.022189185,3.441270863,3.073680261,2.934686808,3.821149194,4.544910868,4.442784197,4.939323542,5.11548785,5.511348242,6.364209675,6.179499932,7.235719755,7.377614849,7.996901916,6.44208114,6.551712694,6.283529811,5.735195515,5.642720329,6.061483302,6.186369693,5.784285708,5.882057577,5.889839565,5.823989565,5.55796604,6.014884203,6.455526797,6.762447944,6.933699808
04_RUS,1.A.3.c,Railways,N2O,8.691082038,8.691082038,9.027038032,9.254068179,9.502801588,10.45620654,10.34979934,10.39049081,10.56531692,10.62028424,10.34543986,10.84471085,11.17013584,11.61401778,11.98578541,12.11543926,12.25190736,12.41043115,12.5849664,12.7090969,7.281486935,6.264751215,5.38375902,4.558280735,2.766994095,2.60009242,2.63022538,2.19234444,1.8515926,2.0332312,2.51575896,2.12751968,2.37457792,2.22270048,2.49325076,2.5880426,2.9418532,2.70646376,2.34648128,2.14125228,1.84738684,2.29948244,1.92233292,1.9285112,1.8308576,1.86125896,1.850816,2.3121385,3.116149128,4.70889059,4.520182157,4.847635273,5.472829197,5.734992343,5.878763683
04_RUS,1.A.3.d,Water-borne Navigation,N2O,0.462342273,0.462342273,0.480220905,0.49230329,0.505540572,0.556276169,0.550619929,0.552789702,0.562098646,0.565029572,0.550409941,0.576980723,0.594299432,0.617926169,0.6377121,0.644615074,0.651881151,0.66031959,0.669611064,0.676216583,0.387466,0.2459172,0.2056468,0.1729768,0.1320696,0.1014632,0.0982828,0.088286,0.079118,0.0842,0.0967092,0.1016224,0.0976296,0.0955152,0.0926384,0.103046,0.1002188,0.092906,0.0873368,0.0882076,0.05273,0.1000148,0.0705992,0.0714852,0.0584544,0.0483508,0.03636,0.03599032,0.03466348,0.05135172,0.03579412,0.03331334,0.03549242,0.034605712,0.032990186
04_RUS,1.A.3.e,Other Transportation,N2O,0.061116454,0.061116454,0.063479808,0.065076964,0.066826784,0.07353346,0.072785768,0.073072588,0.074303126,0.074690561,0.07275801,0.076270369,0.078559708,0.081682897,0.084298375,0.085210871,0.086171364,0.087286831,0.08851506,0.089388235,0.189094962,0.236349636,0.246055944,0.191961486,0.14115345,0.139600782,0.136040574,0.104192838,0.133770702,0.139935252,0.118447422,0.120973806,0.124834914,0.13764939,0.15265362,0.153906096,0.153356622,0.159567126,0.166055346,0.13279179,0.16554627,0.16911309,0.16272336,0.16285548,0.14120967,0.15102981,0.16020123,0.14875516,0.153832226,0.173248831,0.151415403,0.16457921,0.162772387,0.166408429,0.173676265
04_RUS,1.A.4,Residential and other sectors,N2O,18.087408393,18.087408393,18.87426153,19.596846603,20.312429627999997,21.802571852,22.296317515000002,22.724983456,23.143901727000003,23.590123402,24.491795702,24.652917408,24.79235876,24.864811306,25.365843831,25.38578999,25.25887093,25.475810244999998,25.355724978999998,25.147550393000003,19.80900425,19.229177609999997,15.25248761,12.2149973,11.6294039,12.230135,8.91770615,8.856298828,7.776225772,8.184877485,8.093559632,8.127905273,6.006595459000001,6.310238066,5.924194625,5.886569777,5.749236063,5.962549929000001,6.342428381,4.4355828,4.330738237,5.572356977999999,4.490937762,4.141847365,5.285101815,4.773100672,4.210345236,4.271970683,4.3467318,4.135129988,3.987539807,4.252110369,4.627918689,4.814956052,4.927093325
04_RUS,1.A.5,Non-Specified,N2O,0.604607848,0.604607848,0.6256841089999999,0.6446199819999999,0.666407945,0.677306686,0.692595388,0.702742306,0.715491167,0.726942957,0.741118406,0.713884251,0.6928502200000001,0.678464219,0.677325791,0.689040074,0.679153151,0.678279749,0.688020292,0.681575042,0.5908963150000001,0.45478069,0.16491972,0.7210209200000001,0.212346585,0.192121365,0.11731365,0.08872447,0.01560339,0.01331038,0.077934416,0.096469053,0.154077623,0.15666634499999998,0.142940672,0.24648276,0.25341888,1.11991672,1.16475216,0.921458856,1.006819794,1.354052394,1.469184144,1.374656982,1.600129326,1.853371476,1.994707782,2.33209317,2.31757164,2.16170664,2.07527298,2.225726998,2.51296598,2.633343767,2.699359437
04_RUS,1.B.1,Solid Fuels,N2O,0.0,0.0,0.0,0.0,0.0,0.0,0.0,0.0,0.0,0.0,0.0,0.0,0.0,0.0,0.0,0.0,0.0,0.0,0.0,0.0,0.0,0.0,0.0,0.0,0.0,0.0,0.0,0.0,0.0,0.0,0.0,0.0,0.0,0.0,0.0,0.0,0.0,0.0,0.0,0.0,0.0,0.0,0.0,0.0,0.0,0.00814968,0.00944328,0.009483012,0.010208058,0.00860916,0.007301868,0.007437948,0.007443912,0.007443912,0.007443912
04_RUS,1.B.2,Oil and Natural Gas,N2O,0.340849764,0.340849764,0.329929487,0.38660702,0.421601189,0.465863881,0.514986681,0.554467441,0.59373884,0.35133114,0.353560171,0.352880501,0.353204785,0.350284386,0.348148737,0.367092346,0.333283318,0.313712847,0.603454017,0.588871436,0.62752024,0.648311286,0.666521038,0.688093528,1.071704333,1.046804619,0.994620772,0.932681971,1.031613084,1.0306403,1.102584657,1.138306262,1.22361695,1.486932016,1.390375861,1.62146508,1.404023154,1.464174476,1.193384069,1.315492875,1.025897303,1.073929327,0.716607452,0.644192451,0.606484318,0.648650892,0.688136894,0.620072951,0.64934618,0.705774711,0.722985067,0.760390191,0.762503916,0.838311732,0.848608367
04_RUS,2.B,Chemical Industry,N2O,87.1241,90.7569,94.9825,103.8061,110.3703,106.0423916,106.6547321,108.3225748,107.65428,108.6305858,104.0836619,100.30728,90.51141439,86.41266639,86.36310667,81.10295402,73.72134968,70.29381,66.11652,60.90776667,49.55591513,51.38001449,43.18007839,34.51436648,27.87082331,32.29102721,35.37635417,31.94669905,27.7732361,30.827438,36.437038,38.864385,44.899503,42.851359,45.782665,49.505577,49.668239,52.493246,47.274676,59.924754,61.3818567,64.07409801,62.89672693,65.17892637,63.55107264,69.31199304,66.25894118,66.48704699,67.31232713,66.69576738,63.36965406,70.69477012,61.39787763,62.17843281,65.23953102
04_RUS,2.G,Other Product Manufacture and Use,N2O,1.598387327,1.606764787,1.615473905,1.624526966,1.633837984,1.643357825,1.653135622,1.663245078,1.673710761,1.684594088,1.695870492,1.707453988,1.719283157,1.731345716,1.743678516,1.756207854,1.768995149,1.78177016,1.793857286,1.80435982,1.812626727,1.807242207,1.799481187,1.789639922,1.778200026,1.765524779,1.751779715,1.736997436,1.721315359,1.704833067,1.687705668,1.693398134,1.698547061,1.703708359,1.709596686,1.716743906,1.740817545,1.766282885,1.793009909,1.820690865,1.849034406,1.85045521,1.852483086,1.854756372,1.856874662,1.858515044,1.859509607,1.859832517,1.859505848,1.858612576,1.857208447,1.855260112,1.852741414,1.849680227,1.846063634
04_RUS,3.A.2,Manure Management,N2O,24.88623407,26.28114653,27.00876037,27.3371997,28.10224608,28.70949477,28.30261688,28.87173632,29.50272845,30.3000288,30.58190542,30.57691556,30.54141011,31.09484153,32.04607461,32.2878188,32.26751902,32.85974489,32.037668,32.62614705,32.56417606,31.02020794,29.0065325,26.5657924,24.11630472,20.29058912,18.60394936,16.31409724,14.66160667,13.46159496,13.22572656,12.80023248,12.80516069,12.66797684,12.04114259,11.21375777,10.78279742,11.06612273,11.18827826,11.06052069,11.07278404,10.84713271,11.01393169,11.20885976,11.11933544,11.12761409,11.04811488,11.00995457,11.04567237,10.94274118,11.01035723,10.90165998,10.77580397,10.86436888,10.7685841
04_RUS,3.C.1,Emissions from biomass burning,N2O,0.932450738,0.914995193,0.862958946,1.048661234,0.948036564,0.777334699,1.047384947,0.96428805,1.120089998,0.908346,0.951301773,0.838211799,0.922655585,0.934197228,0.860435604,0.917108452,0.981065122,0.963871901,0.924634985,0.985405752,1.066416229,0.837588822,0.967810542,0.913487387,0.751993342,0.6437219,0.677133251,0.80440422,0.494153358,0.54877338,0.621759142,0.773373121,0.7970061,0.619567472,0.726347597,0.73771827,0.73400377,0.761349907,0.961311869,0.890442597,0.609023282,0.879054836,0.685639072,0.846826124,0.948301309,0.959931922,1.091087621,1.213769014,1.04861025,1.110996371,1.196868998,1.109852317,1.406057737,1.280663855,1.190580787
04_RUS,3.C.4,Direct N2O Emissions from managed soils,N2O,142.0643475,145.0698094,146.2325668,150.8373431,152.4175149,150.8425248,160.0836826,161.6383082,167.2564814,163.4034314,163.589231,161.8074964,163.8511563,169.1780148,169.2449573,173.4823757,177.1188617,176.4609466,170.6010348,164.6163063,163.5266448,155.4101905,147.3918866,141.466708,132.0986934,120.3591286,114.5954446,109.9744494,97.87534367,98.55187732,100.1221441,104.6433828,102.3187458,97.76430019,99.22645454,97.57296715,96.86791052,101.3076083,109.6899231,108.0622872,101.8924499,108.3488391,105.1949498,106.6527124,108.6749295,114.0346051,121.5536637,120.0861182,121.9739815,128.3741115,139.1404098,130.7712857,149.7797703,152.3889901,155.9667147
04_RUS,3.C.5,Indirect N2O Emissions from managed soils,N2O,29.69554127,31.1589229,31.84793472,32.65671014,33.46451685,33.72238445,34.91381073,35.50347171,36.93530531,36.66496458,36.83398701,36.68006874,37.09345049,38.46968048,38.89907762,39.85873645,40.60406228,40.7529555,39.42633902,38.55727468,38.38081078,36.13831783,33.49408122,31.40009004,28.37278829,24.68076001,22.60824311,20.58193879,17.89663786,17.62034233,17.70937935,18.12657094,17.67946921,17.10046869,17.00966461,16.3711636,16.21547307,17.13083715,18.68817232,18.57592441,17.72761143,18.62233646,18.19137031,18.53095893,18.86164312,20.04763043,21.50719632,21.21627227,21.90470743,23.05407206,25.15025387,23.50992242,26.92930761,27.67556837,28.47069207
04_RUS,3.C.6,Indirect N2O Emissions from manure management,N2O,4.525597418,4.811028075,4.963507761,4.97929814,5.118812105,5.259301412,5.156221956,5.205311571,5.361378257,5.465539897,5.523020069,5.532290701,5.575978418,5.655756754,5.768084676,5.796627889,5.786448618,5.839336724,5.699784376,5.753121156,5.692074186,5.555671574,4.700941679,4.477042536,4.133552195,3.631634825,3.281796163,2.884614381,2.608783721,2.404250579,2.374545721,2.296395153,2.29875507,2.288398971,2.176124004,2.028152991,1.961895126,1.99644297,2.014571638,1.996505838,2.009531057,1.978826704,2.012065563,2.047601207,2.03065131,2.044333659,2.045167171,2.042516278,2.051626764,2.034096393,2.049460081,2.024352126,2.015757414,2.0134087,1.998342038
04_RUS,4.B,Biological Treatment of Solid Waste,N2O,0.119907363,0.117790484,0.115708462,0.113659818,0.111649904,0.109681093,0.10795185,0.106242834,0.10455255,0.102877385,0.101219197,0.09991037,0.098612691,0.097327035,0.096051505,0.094790323,0.093721922,0.09267258,0.091676346,0.09077607,0.09,0.09,0.09,0.075,0.12,0.12,0.12,0.12,0.145125,0.145125,0.145125,0.145125,0.145125,0.145125,0.145125,0.145125,0.145125,0.145125,0.145125,0.162440775,0.152811375,0.138559425,0.14550165,0.10425585,0.123086438,0.141657488,0.09082095,0.068488671,0.061397944,0.155442998,0.38485125,0.52186575,0.718957575,0.849051356,1.002685318
04_RUS,4.C,Incineration and Open Burning of Waste,N2O,0.0,0.0,0.0,0.0,0.0,0.0,0.0,0.0,0.0,0.0,0.0,0.0,0.0,0.0,0.0,0.0,0.0,0.0,0.0,0.0,0.0,0.0,0.0,0.0,0.0,0.0,0.0,0.0,0.0,0.0,0.0,0.0,0.0,0.0,0.0,0.0,0.000431,0.000429375,0.00042775,0.00040156,0.001111173,0.000390541,0.0,0.0,0.0,0.0,0.0,0.000685881,0.000838299,0.000838299,0.002514063,0.002514063,0.002514063,0.002514063,0.002849215
04_RUS,4.D,Wastewater Treatment and Discharge,N2O,7.603303208,7.644256755,7.68751623,7.732849552,8.007925083,8.133937337,8.030976105,7.927246505,8.057868964,8.190028158,8.085530191,8.137779174,8.190028158,8.242277141,8.379046539,8.603409821,8.670257785,8.823931266,8.892315698,8.949943253,8.568794168,8.502753465,8.542297125,8.431780613,8.243323446,8.142893809,8.153369902,8.207582945,8.093044461,7.974983635,7.974062264,7.997607196,8.110227241,8.194786953,8.327828118,8.466303677,8.684107972,8.836256181,8.958551626,9.08045693,9.205658783,9.334156564,9.465942864,9.599265412,9.73207395,9.862624363,9.8769887,9.933232137,10.04961124,10.16285067,10.27315081,10.43462191,10.42045588,10.51790063,10.61625661
04_RUS,5.A,Indirect N2O emissions from the atmospheric deposition of nitrogen in NOx and NH3,N2O,20.25059768,20.25005655,21.43400782,22.81680684,24.11909608,25.87742939,26.70118054,27.04905252,28.13007936,28.7026554,29.58476155,29.5970686,39.84091981,38.73103965,38.71993106,40.02170184,41.12316759,41.20363885,41.59501111,41.15847435,43.35377414,42.59752192,39.52712341,33.25980786,34.66136832,32.7522139,30.1506071,26.15238008,22.9906162,27.90817986,29.7658995,22.75353065,20.16195301,23.28065186,20.07649849,19.24330625,20.00903831,18.50809294,22.2649801,18.20178364,18.89390567,19.27184384,20.75859829,17.83646762,19.94401582,17.24467206,17.88491059,16.9312665,20.12526822,19.77987025,18.24120122,20.01239812,18.90361649,20.07449386,21.04199349
05_MNG,1.A.1.a,Main Activity Electricity and Heat Production,N2O,0.00079090901,0.0007911265,0.0016000852,0.00238317109,0.00281621394,0.0028688615,0.0032832006,0.0050824796,0.0037372541,0.0041784668999999995,0.0042971202,0.0044010249,0.0052116877,0.005149831099999999,0.0049846374,0.076733556,0.081008894,0.087794462,0.094070342,0.089165622,0.089774738,0.115095666,0.11252569,0.100536726,0.092747618,0.092128338,0.080328278,0.075271028,0.085710032,0.084240052,0.09053997,0.088119638,0.096048278,0.089232156,0.091334196,0.107159184,0.104754194,0.111255036,0.109902426,0.11533967,0.123198618,1.323589568,1.515941428,1.735345274,1.902940694,1.913967376,1.924826999,2.085053263,2.213731286,2.212152842,2.017764122,2.26926633,2.407403243,2.668333457,2.687568058
05_MNG,1.A.1.bc,Petroleum Refining - Manufacture of Solid Fuels and Other Energy Industries,N2O,0.0,0.0,0.0,0.0,0.0,0.0,0.0,0.0,0.0,0.0,0.0,0.0,0.0,0.0,0.0,0.0,0.0,0.0,0.0,0.0,0.0,0.0,0.0,0.0,0.0,0.0,0.0,0.0,0.0,0.0,0.0,0.0,0.0,0.0,0.0,0.0,0.00012429,8.379e-05,8.487e-05,5.22e-05,6.696e-05,6.255e-05,7.101e-05,5.841e-05,6.714e-05,4.554e-05,1.755e-05,2.1893e-05,3.0441e-05,2.9815e-05,1.595e-05,3.7426e-05,2.6063e-05,2.88915e-05,2.90985e-05
05_MNG,1.A.2,Manufacturing Industries and Construction,N2O,0.064634252,0.064634252,0.056546781,0.058588209,0.063190389,0.06962477,0.07312335,0.086815257,0.094565659,0.10122323879999999,0.111311005,0.1036150297,0.1087041127,0.112553999,0.124060823,0.041174355,0.034809075,0.04709958,0.04406037,0.042205305,0.03920385,0.05080368,0.039852315,0.034394625,0.027185865,0.029482785,0.015100905,0.021580035,0.01320123,0.011216625,0.007613355,0.007206885,0.007594425,0.00797538,0.00763419,0.00822432,0.02939982,0.019243155,0.01927782,0.01633842,0.018477,0.02246037,0.02815074,0.024277215,0.02021715,0.014495595,0.015230355,0.017127108,0.019413621,0.024853893,0.021141708,0.021747444,0.021781218,0.022605023,0.023289061
05_MNG,1.A.3.a,Civil Aviation,N2O,0.00205004,0.00205004,0.002544585,0.002172648,0.001412964,0.00130585,0.00127083,0.001482451,0.00121668,0.001606008,0.001870435,0.002034935,0.002263295,0.002996452,0.003812371,0.0,0.0,0.0,0.0,0.0,0.0,0.0,0.0,0.0,0.0,0.0,0.0,0.0,0.0,0.0,0.0,0.0,0.0,0.0,0.0,0.0,0.0,0.0,0.0,0.0,0.0,0.0,0.0006244,0.0007136,0.0005352,0.0005352,0.0005352,0.0005831,0.0003172,0.00030284,0.0001248,0.0005451,0.0001982,0.000263958,0.000297336
05_MNG,1.A.3.b_noRES,Road Transportation no resuspension,N2O,0.007275271,0.007285482,0.008038003,0.007751216,0.008604731,0.011627512,0.00965493,0.010627643,0.011454954,0.01228187,0.011790858,0.013562572,0.01654044,0.015606289,0.016412137,0.019145811,0.020023867,0.02063399,0.022716137,0.020864318,0.021811858,0.017594689,0.014713505,0.015516108,0.01206268,0.012899217,0.012697977,0.012389646,0.015057078,0.01466489,0.019831386,0.022694717,0.028641609,0.033840586,0.034701927,0.030871021,0.035180022,0.041627186,0.042004753,0.027949444,0.024837792,0.027797236,0.031554358,0.026194387,0.025897657,0.024263861,0.020205633,0.024089022,0.025066612,0.03148474,0.032271662,0.031349737,0.034800202,0.034635723,0.036219951
05_MNG,1.A.3.c,Railways,N2O,0.0,0.0,0.0,0.0,0.0,0.0,0.0,0.0,0.0,0.0,0.0,0.0,0.0,0.0,0.0,0.0866866,0.09040174,0.08916336,0.104774825,0.091561455,0.10277169,0.074274275,0.04600758,0.08091294,0.03649634,0.033055135,0.035942385,0.03796544,0.03608585,0.04459637,0.04615881,0.04948506,0.0549355,0.059507055,0.073208725,0.0743028,0.08546982,0.10776066,0.1176677,0.11519094,0.137503395,0.17834832,0.1981624,0.21426134,0.19048755,0.181710875,0.152032955,0.22377785,0.235172076,0.299488907,0.283708866,0.273174033,0.271263389,0.269989854,0.28233588
05_MNG,1.A.3.d,Water-borne Navigation,N2O,0.000329921,0.000329921,0.000381858,0.00036415,0.000433202,0.001227589,0.000884704,0.001146166,0.001094229,0.001163281,0.001059407,0.001264169,0.001461618,0.001376713,0.001793172,0.0,0.0,0.0,0.0,0.0,0.0,0.0,0.0,0.0,0.0,0.0,0.0,0.0,0.0,0.0,0.0,0.0,0.0,0.0,0.0,0.0,0.0,0.0,0.0,0.0,0.0,0.0,0.0,0.0,0.0,0.0,0.0,0.0,0.0,0.0,0.0,0.0,0.0,0.0,0.0
05_MNG,1.A.3.e,Other Transportation,N2O,0.0,0.0,0.0,0.0,0.0,0.0,0.0,0.0,0.0,0.0,0.0,0.0,0.0,0.0,0.0,0.0,0.0,0.0,0.0,0.0,0.0,0.0,0.0,0.0,0.0,0.0,0.0,0.0,0.0,0.0,0.0,0.0,0.0,0.0,0.0,4.29e-05,0.0021018,0.00193023,0.00175866,0.00171576,0.002016015,0.002230485,0.00175866,0.000471825,0.000128685,0.000128685,0.000128685,0.00020139,0.00011166,0.00016368,0.00085788,0.00056967,0.000536175,0.000594363,0.000598623
05_MNG,1.A.4,Residential and other sectors,N2O,0.018169976,0.018553565,0.019171593,0.01912864,0.019360660999999998,0.020453099,0.021030862,0.024201972,0.025354385,0.028228391,0.033693235,0.035364975,0.033906530000000004,0.024510964,0.02327285,0.06166927,0.07342667,0.065040985,0.07143307,0.07378800499999999,0.057684255,0.054884255,0.028238765,0.04403716,0.026750515,0.017160115,0.0156966,0.020679485,0.017265915,0.02165079,0.030883564999999998,0.03029085,0.033760915,0.038124205,0.042688835,0.051396915,0.04850235,0.05859923,0.061458334999999996,0.07223679999999999,0.082215605,0.096113805,0.09786797500000001,0.10774184,0.0918111,0.087370745,0.0858039,0.108370127,0.11561631,0.13092547200000001,0.129789201,0.127196898,0.124868977,0.126620128,0.131265617
05_MNG,1.A.5,Non-Specified,N2O,0.005592833,0.005592833,0.004604585,0.006419383,0.008186576,0.006123308,0.005749966,0.003586772,0.005242508,0.004439372,0.005533142,0.004883526,0.005287233,0.005478814,0.004560417,0.00887349,0.022320189999999997,0.02009983,0.011641470000000001,0.011225394999999999,0.012750205,0.003627755,0.010049935,0.0043167349999999995,0.004293595,0.0073623,0.008177665,0.002815755,0.0025677250000000003,0.005458724999999999,0.00384845,0.00894944,0.005427815000000001,0.007415435,0.006572855000000001,0.0075273399999999996,0.011258735,0.015521495,0.015905390000000002,0.013233430000000001,0.00987007,0.016254945,0.016002065,0.01870577,0.01618018,0.010792695000000001,0.021028135,0.01532474,0.024795409999999997,0.03711591,0.01917364,0.024898,0.024248614999999998,0.02665433,0.026830146
05_MNG,1.B.1,Solid Fuels,N2O,0.000382999,0.00037262,0.000389097,0.000382007,0.000407547,0.000408454,0.000424543,0.000442005,0.00044271,0.000448291,0.000448288,0.000455194,0.000444712,0.000448549,0.000456519,0.00108416,0.001074304,0.001197504,0.001186416,0.001175328,0.0012936,0.0012936,0.00142296,0.00142296,0.00155232,0.00155232,0.00155232,0.00155232,0.00168168,0.00168168,0.00168168,0.00181104,0.00181104,0.00181104,0.00181104,0.0019404,0.0019404,0.0019404,0.0019404,0.00206976,0.00206976,0.00206976,0.00206976,0.00206976,0.00219912,0.00219912,0.00206976,0.002217096,0.002236626,0.002256282,0.002276106,0.002295384,0.002314746,0.002334409,0.002334409
05_MNG,1.B.2,Oil and Natural Gas,N2O,0.0,0.0,0.0,0.0,0.0,0.0,0.0,0.0,0.0,0.0,0.0,0.0,0.0,0.0,0.0,0.0,0.0,0.0,0.0,0.0,0.0,0.0,5.698e-05,5.698e-05,0.0,0.0,0.0,0.0,0.0,1.74512e-07,1.57061e-07,1.74512e-07,3.31573e-07,4.36282e-07,5.23536e-07,4.71184e-07,9.07462e-07,2.02434e-06,2.80964e-06,4.46751e-06,5.21791e-06,6.09047e-06,0.000191901,0.000218553,0.000379904,0.000525324,0.000255713,0.000104457,5.09238e-05,1.64378e-05,1.21435e-05,1.11571e-05,6.13279e-06,5.74949e-06,6.31986e-06
05_MNG,2.G,Other Product Manufacture and Use,N2O,0.000385357,0.000396874,0.000408812,0.000421056,0.000433447,0.000445871,0.000458292,0.000470749,0.000483315,0.000496085,0.000509142,0.000522356,0.000535693,0.0005494,0.000563825,0.00057913,0.000595532,0.000612717,0.000629703,0.000645162,0.000658158,0.000668337,0.000676046,0.000681982,0.000687195,0.00069248,0.000698064,0.000703829,0.000709822,0.000716021,0.000722433,0.000729165,0.000736361,0.000744084,0.000752383,0.000761308,0.000770818,0.000780961,0.000791948,0.00080405,0.000817417,0.000832143,0.000848027,0.000864564,0.000881074,0.000897039,0.000912262,0.000926802,0.0009407,0.000954101,0.000967106,0.000979641,0.000991996,0.001003145,0.001014596
05_MNG,3.A.2,Manure Management,N2O,0.795702865,0.852308093,0.894202344,0.892221995,0.916464484,0.982075588,1.015032538,1.01153415,0.997452216,1.045511017,1.052019894,1.038797893,1.024531165,1.036420189,1.020555756,1.024959629,1.036059666,1.063638327,1.087577997,1.076417123,1.145054493,1.228499547,1.235064672,1.255457117,1.1759942,1.293991756,1.474634795,1.551944256,1.614157171,1.630997417,1.749751398,1.368280514,0.881169083,0.818359804,0.693100689,0.770883755,0.860512203,0.976240069,1.087070538,1.120873372,0.9629107,1.01056593,1.110815296,1.251039986,1.472426368,1.612199766,1.760568731,1.906546491,1.894300691,2.060804235,2.035616108,2.205542661,2.380950822,2.347918421,2.438641967
05_MNG,3.C.1,Emissions from biomass burning,N2O,0.00376886,0.004426796,0.003100583,0.004974707,0.003973734,0.005241697,0.004422899,0.004890649,0.004749054,0.004538117,0.004180932,0.004628476,0.006115369,0.008386705,0.006778533,0.009033072,0.008899766,0.007567946,0.008690684,0.008954125,0.007961886,0.006984779,0.006081855,0.005880489,0.00436146,0.003435887,0.003021548,0.003145469,0.002731942,0.002436096,0.001883596,0.001943805,0.00186438,0.002166856,0.001838119,0.001273859,0.001647878,0.001452304,0.002404408,0.004246762,0.003943521,0.004860052,0.005164409,0.004325204,0.005507048,0.003194217,0.00542149,0.003037442,0.004997704,0.004873727,0.004894802,0.006648241,0.00499362,0.00525922,0.005023467
05_MNG,3.C.4,Direct N2O Emissions from managed soils,N2O,23.065177,23.08682624,23.11966009,23.18976659,23.27346926,23.58169625,23.61746168,23.45906124,23.26694332,23.53122224,23.47217886,23.27517788,23.55156416,23.75376791,23.50010465,23.33156586,23.32583408,23.41241323,23.56422009,23.67816829,24.17091426,24.53372247,24.52622569,24.58823569,24.38473588,25.01113626,25.61563975,26.08503879,26.80091998,27.26348445,27.55261156,26.13083475,24.36739325,24.04560654,24.10384885,25.41990483,26.64891284,28.1880044,28.90474218,29.16713101,26.06501867,27.18076398,28.53142279,29.86436569,31.96673515,33.26115801,34.78716335,36.15256046,36.21757391,37.59994551,36.6230726,36.86310268,38.2579041,36.90872082,37.03558854
05_MNG,3.C.5,Indirect N2O Emissions from managed soils,N2O,0.787480527,0.796654153,0.799774829,0.813422653,0.822333909,0.856627023,0.86227048,0.849251914,0.832179191,0.858193683,0.852835432,0.826878838,0.851609319,0.87383908,0.857594145,0.850171614,0.852431203,0.864704066,0.8775328,0.894369906,0.941694818,0.981208121,0.968737198,0.965250055,0.953337748,1.031926967,1.095315162,1.137304467,1.197743865,1.251648452,1.261743396,1.086788928,0.847084879,0.835438802,0.800128388,0.899689287,1.002275656,1.128917959,1.158706399,1.193452708,0.933629381,1.032078858,1.154875226,1.283079474,1.484523302,1.618830211,1.764742872,1.89140698,1.902379823,2.038099547,1.97405386,2.023263945,2.191723778,2.133510708,2.176753881
05_MNG,3.C.6,Indirect N2O Emissions from manure management,N2O,0.119612915,0.125265379,0.126120242,0.128762038,0.130866791,0.135564441,0.136708783,0.134413965,0.131910627,0.136957373,0.137149392,0.13279786,0.135681137,0.138286097,0.13576914,0.133452081,0.133830914,0.136009418,0.137111763,0.140349127,0.147868781,0.154587661,0.151209576,0.149651043,0.148754371,0.160262269,0.168124357,0.172841668,0.180865366,0.190563861,0.189267769,0.164232641,0.126863374,0.128374877,0.12000486,0.135355607,0.151255812,0.170418106,0.172522142,0.178927018,0.138647861,0.15327356,0.17272731,0.192367653,0.222939593,0.244313994,0.265562343,0.284747252,0.286787352,0.306806987,0.297318032,0.304553767,0.331336974,0.340654919,0.350316512
05_MNG,4.C,Incineration and Open Burning of Waste,N2O,0.000117614,0.00012076,0.000123937,0.000127102,0.000130201,0.000133191,0.000135958,0.000138602,0.000141138,0.000143586,0.000145962,0.000147956,0.000149813,0.000151594,0.000153383,0.000155209,0.000156566,0.000157896,0.000158934,0.000159348,0.000158933,0.000145774,0.000142002,0.000141459,0.000143465,0.000157527,0.000159633,0.000162658,0.000165476,0.000168241,0.000169869,0.000171698,0.000175602,0.000180764,0.000189494,0.00019571,0.000205298,0.00020994519,0.0002319676,0.0002255329,0.00022366089,0.00023036595,0.00023707201,0.00023812005,0.00024021613,0.00023867630999999998,0.00023653723999999998,0.00023988983,0.00024351419999999997,0.00024758566999999996,0.00025051325000000004,0.0002600336,0.0002581842,0.00026188267,0.00026567876
05_MNG,4.D,Wastewater Treatment and Discharge,N2O,0.06044508,0.059878905,0.061610748,0.065020766,0.06689785,0.070535453,0.074313676,0.072780739,0.077638586,0.078849578,0.078078947,0.079197426,0.079240907,0.083536276,0.0837065,0.082817452,0.088969552,0.088268305,0.092355521,0.092494289,0.103390538,0.102189629,0.099392058,0.101419152,0.105072744,0.110232305,0.114357994,0.119409548,0.121913353,0.121478579,0.116967338,0.118821101,0.115675167,0.115485749,0.115985815,0.117042842,0.119150725,0.124153672,0.131042457,0.137760409,0.14501578,0.153380079,0.163412588,0.172756209,0.18509792,0.195215801,0.203878917,0.211787222,0.222647445,0.240207708,0.251584613,0.266335927,0.271772595,0.28376967,0.296296341
05_MNG,5.A,Indirect N2O emissions from the atmospheric deposition of nitrogen in NOx and NH3,N2O,0.11498565,0.115109091,0.111490445,0.115894238,0.127012248,0.138173185,0.142008946,0.173013133,0.175020107,0.188370558,0.200905234,0.193745283,0.374234922,0.371444447,0.323144382,0.503587697,0.373238129,0.43254826,0.564647595,0.520169384,0.448238138,0.462068241,0.379637812,0.430713954,0.435802355,0.454755007,0.387696146,0.395354976,0.321449787,0.304188523,0.402868169,0.30306732,0.381264656,0.435850115,0.414454631,0.369826792,0.436028362,0.516218146,0.40762133,0.390433599,0.370079231,0.531765571,0.591398979,0.468950465,0.502022303,0.562301295,0.468702091,0.461726446,0.427281373,0.493860111,0.433420559,0.470679594,0.521045377,0.717321438,0.550837902
06_PRK,1.A.1.a,Main Activity Electricity and Heat Production,N2O,0.109777298,0.109777298,0.11399082,0.12787388,0.140448497,0.162013997,0.162994644,0.183702957,0.186104236,0.193684402,0.20605147,0.213897174,0.218983517,0.227711358,0.221824505,0.239682093,0.228439464,0.231403871,0.237625411,0.267311652,0.221698706,0.217222174,0.200576691,0.167915947,0.176376687,0.161743446,0.151275069,0.146513692,0.112194317,0.139011873,0.159018412,0.162583015,0.154486482,0.157036915,0.160459173,0.167989661,0.170967499,0.140863802,0.156894569,0.19303896,0.180614692,0.134558148,0.138953564,0.142269932,0.14934527,0.153839955,0.19044388,0.201407863,0.210677402,0.221466768,0.193268745,0.164717557,0.171212479,0.18939445,0.190886888
06_PRK,1.A.1.bc,Petroleum Refining - Manufacture of Solid Fuels and Other Energy Industries,N2O,0.0,0.0,0.0,0.0,0.0,0.0,0.0,7.23605e-05,0.00091656,0.00115776,0.00123012,0.001205999,0.001181881,0.00115776,0.001133639,0.00110952,0.001181881,0.001254239,0.001326599,0.00139896,0.00147132,0.00110952,0.000892439,0.00079596,0.000530639,0.000651239,0.00055476,0.000289439,0.000289439,0.00019296,0.0002412,0.0003618,0.0003618,0.0003618,0.0003618,0.00031356,0.0002412,0.000289439,0.000289439,0.000337679,0.000337679,0.000337679,0.000337679,0.0003618,0.000337679,0.000337679,0.000337679,0.000337799,0.000337799,0.000337799,0.000337799,0.000337799,0.000337799,0.000332076,0.000365019
06_PRK,1.A.2,Manufacturing Industries and Construction,N2O,0.661273794,0.661273794,0.679481611,0.683245771,0.701273776,0.714696765,0.775293279,0.814938382,0.855454829,0.925039098,0.979014697,0.99548243,1.063292481,1.11025409,1.16756013,1.20238723,1.194640452,1.131317246,1.143495081,1.108554598,1.090067152,0.999107322,0.92773088,0.864632351,0.776689132,0.718712301,0.631137453,0.617621702,0.571840846,0.633461201,0.670138494,0.698683321,0.670428897,0.686982872,0.702715824,0.741029059,0.759623193,0.620441131,0.692198133,0.629289489,0.608840695,0.421939012,0.405284433,0.265323053,0.305874134,0.191906486,0.193340908,0.563947961,0.485269954,0.552980718,0.530331862,0.430448288,0.450140657,0.498817487,0.502451297
06_PRK,1.A.3.b_noRES,Road Transportation no resuspension,N2O,0.077019724,0.076462933,0.08077266,0.084447062,0.104448309,0.120037898,0.110264779,0.119145346,0.17117398,0.241696023,0.263819668,0.251214678,0.25447304,0.244137208,0.237707251,0.235025009,0.206300066,0.220915687,0.231867545,0.248303771,0.256495703,0.193639437,0.158513063,0.138520596,0.091692947,0.100679503,0.083824923,0.046753193,0.109181255,0.050108405,0.075345396,0.068197639,0.068759251,0.071748349,0.080632104,0.066793537,0.051801828,0.061047945,0.061097227,0.063783339,0.064925406,0.057314112,0.056163593,0.064348772,0.057726109,0.061575003,0.060691396,0.039680078,0.038138752,0.039693148,0.038993568,0.035651582,0.036273403,0.03610196,0.037753254
06_PRK,1.A.3.e,Other Transportation,N2O,0.0,0.0,0.0,0.0,0.0,0.0,0.0,0.0,0.0,0.0,0.0,0.0,0.0,0.0,0.0,0.0,0.0,0.0,0.0,0.0,0.0,0.0,0.0,0.0,0.0,0.0,0.0,0.0,0.0,0.0,0.0,0.0,0.0,0.0,0.0,0.0,0.0,0.0,0.0,0.0,0.0,0.0,0.0,0.0,0.0,0.0,0.0,0.065713849,0.056855856,0.064528222,0.061964175,0.050687558,0.052955355,0.058444945,0.058951022
06_PRK,1.A.4,Residential and other sectors,N2O,0.004114801,0.004114801,0.004246201,0.004276999,0.004933998,0.005196799,0.005166001,0.005156959,0.005888281,0.008428401,0.008870639,0.008761001000000001,0.007941798,0.008099479,0.007963560000000001,0.007775077,0.00806868,0.00801612,0.008572519,0.009002038,0.00850724,0.007237603,0.006686559,0.006415560000000001,0.0056452410000000005,0.00614088,0.005953238,0.0052925609999999994,0.005275323,0.0049907599999999995,0.00505236,0.005455600999999999,0.005517200999999999,0.00552172,0.00558332,0.005460959,0.005307797,0.005500799,0.005557881,0.005720078,0.00580796,0.005838762,0.005869561,0.006036279,0.005988238,0.006019040000000001,0.006049838,0.171960122,0.15300348,0.170893324,0.164794488,0.13756581499999998,0.14300053799999998,0.154602034,0.15681989200000002
06_PRK,1.A.5,Non-Specified,N2O,0.260857801,0.260857801,0.268946645,0.273230237,0.281552432,0.28687694199999997,0.308393271,0.324459417,0.34055285300000004,0.353337823,0.372945962,0.40509906799999995,0.40989855,0.425146881,0.433610049,0.45624065999999996,0.449757097,0.41939903900000003,0.426132587,0.40839797299999997,0.38393007900000004,0.377149576,0.369116439,0.36569508500000003,0.354569156,0.34516963300000003,0.320558404,0.31093217500000003,0.299159087,0.322010543,0.334545675,0.33521788799999996,0.322050091,0.32798482500000004,0.333390706,0.34567705,0.352230439,0.310335505,0.332523309,0.315805825,0.309209335,0.252839244,0.248058038,0.207325277,0.220076667,0.18607111,0.188180706,0.190543038,0.182200835,0.190187719,0.18797125599999998,0.17705437699999999,0.180013616,0.18614928800000002,0.18658170400000001
06_PRK,1.B.1,Solid Fuels,N2O,0.016632,0.016498944,0.016365888,0.016383127,0.016248839,0.016114551,0.015833664,0.015409855,0.015135127,0.014719942,0.014451355,0.014185252,0.013921593,0.013798393,0.01353845,0.013280952,0.013294514,0.013172546,0.013182394,0.013320379,0.013324085,0.013841528,0.014617675,0.015135119,0.015652562,0.016299357,0.016946152,0.017592965,0.017851687,0.017981039,0.018239761,0.018498483,0.018757204,0.018886556,0.019145277,0.019403999,0.019533351,0.019792073,0.019921443,0.020050795,0.020309516,0.020438886,0.020568238,0.02082696,0.020956312,0.021085681,0.021215033,0.021445426,0.021619671,0.021795341,0.021972312,0.022142935,0.022142935,0.022314815,0.022314815
06_PRK,2.G,Other Product Manufacture and Use,N2O,0.000115283,0.000118476,0.000121662,0.000124747,0.000127617,0.000130198,0.000132438,0.000134373,0.000136128,0.000137886,0.000139777,0.00014185,0.000144069,0.000146386,0.000148721,0.000151018,0.000153254,0.000155456,0.000157666,0.00015995,0.000162345,0.000164874,0.000167499,0.000170126,0.000172624,0.000174898,0.000176908,0.000178685,0.000180298,0.000181856,0.000183433,0.000185054,0.000186694,0.000188308,0.000189836,0.000191234,0.000192489,0.000193626,0.000194681,0.000195704,0.000196733,0.000197778,0.000198832,0.000199888,0.000200931,0.000201951,0.000202949,0.000203928,0.000204885,0.000205819,0.000206727,0.000207608,0.000208456,0.000209272,0.000210056
06_PRK,3.A.2,Manure Management,N2O,0.604980684,0.620622688,0.639044858,0.652946955,0.686296744,0.710360109,0.7309585,0.760394608,0.799500225,0.842763823,0.88020181,0.906619103,0.933208866,0.958164443,0.989131726,1.054583843,1.101889453,1.148396787,1.206142024,1.116473732,1.080540881,1.017348563,0.943535787,0.874041493,0.844043323,0.752429833,0.588048897,0.478349294,0.542288093,0.585730953,0.60582281,0.603070201,0.61260492,0.61325067,0.608989041,0.618060755,0.586994789,0.553636797,0.527872423,0.524929951,0.535450034,0.537454608,0.584234317,0.534678456,0.522932693,0.541819885,0.564531471,0.566245078,0.565286225,0.555560952,0.545608782,0.540698063,0.541033791,0.541431987,0.53666114
06_PRK,3.C.1,Emissions from biomass burning,N2O,0.037464062,0.038210307,0.037362212,0.040293303,0.042269459,0.043633246,0.045006917,0.046866075,0.04704404,0.048159448,0.046833005,0.049639581,0.044937628,0.0459295,0.047964595,0.048106814,0.050139959,0.05074788,0.050806756,0.051687196,0.050689848,0.062538707,0.061092884,0.06251471,0.053753188,0.036610258,0.030322427,0.032181069,0.039909287,0.036907735,0.031787857,0.037144679,0.039192444,0.04015783,0.040501057,0.041424004,0.041568624,0.037662672,0.041200463,0.039869641,0.04026268,0.041099581,0.043046587,0.043021506,0.042810104,0.039069935,0.039646689,0.038415939,0.034922847,0.043286996,0.0382853,0.039186415,0.037091992,0.035404066,0.035515549
06_PRK,3.C.4,Direct N2O Emissions from managed soils,N2O,5.137675372,5.172383604,5.204415245,5.248650235,5.442202568,5.68086158,7.654866644,8.607733964,10.10103038,10.23317982,10.45790105,10.71293365,10.7627278,11.11352407,11.4011765,11.90060237,11.69118523,11.72797684,12.30394777,12.37803467,12.53964633,12.53380638,12.3146942,12.01670987,6.729354758,2.94736907,2.474491864,3.672051891,3.603701,4.082561754,4.402223343,4.628920487,4.432674379,4.463856766,4.725847556,4.591109702,4.783708328,4.865575743,4.657289587,4.697544629,5.027692975,5.06677491,5.185155063,5.161017653,4.655641937,4.250640711,4.817894896,4.649260628,5.480810233,3.863449104,2.712527344,2.850259924,2.697570315,2.645864496,2.626034401
06_PRK,3.C.5,Indirect N2O Emissions from managed soils,N2O,1.38008709,1.388229101,1.396345241,1.406781869,1.476995118,1.534203849,2.160086537,2.486708347,2.973763597,3.02278502,3.094782353,3.173312376,3.18718568,3.289050012,3.371213929,3.518167008,3.457572214,3.454154718,3.609668906,3.647028963,3.707316898,3.727325562,3.642002043,3.519947428,1.7913868,0.70870324,0.635142048,1.000205109,0.928170231,1.028351205,1.070271578,1.168175404,1.117496642,1.127267049,1.186196812,1.117543675,1.147513462,1.142397411,1.068481744,0.994094776,1.143993474,1.154283148,1.187451298,1.217469116,1.064350627,0.955780268,1.156461239,1.104959566,1.384499941,0.832793255,0.480100575,0.520678614,0.442766656,0.432523524,0.421756272
06_PRK,3.C.6,Indirect N2O Emissions from manure management,N2O,0.035985662,0.037316226,0.039183281,0.040424579,0.043059247,0.044993542,0.046956403,0.049538103,0.051022562,0.053513646,0.056923678,0.057914914,0.059572281,0.061071334,0.062455344,0.065075803,0.06762083,0.070292879,0.072886574,0.070939238,0.071553798,0.071158468,0.062010102,0.054444428,0.050131415,0.042581982,0.037208017,0.030076164,0.036019156,0.040923299,0.045017051,0.046867888,0.048653222,0.050030655,0.050536524,0.050513625,0.047461788,0.04511773,0.043843874,0.043724157,0.044963916,0.045784931,0.048363588,0.044765704,0.043552462,0.045165735,0.047037734,0.047373456,0.046949299,0.046901801,0.046454867,0.046030938,0.04188685,0.040789529,0.040023174
06_PRK,4.C,Incineration and Open Burning of Waste,N2O,0.002277457,0.002234755,0.002271584,0.002304494,0.002331409,0.002351076,0.002343698,0.002329347,0.002310469,0.002290287,0.002270928,0.002257305,0.002244298,0.002231004,0.002216129,0.002198814,0.002178754,0.002156366,0.002132268,0.002107293,0.002159215,0.002142857,0.002126499,0.002110142,0.002224646,0.002268266,0.002311887,0.002355507,0.002399128,0.002442748,0.002486369,0.002551799,0.00261723,0.002643343,0.0026683,0.002691479,0.002714322,0.002735571,0.002755703,0.00277545,0.002795331,0.002818574,0.00284202,0.002865589,0.002889065,0.002912294,0.002937226,0.002961995,0.002986547,0.003010855,0.003034875,0.003060498,0.003086479,0.003111376,0.003136473
06_PRK,4.D,Wastewater Treatment and Discharge,N2O,0.52995431,0.551209421,0.572661522,0.602932621,0.606093133,0.644887749,0.664853592,0.67463954,0.683816665,0.722163617,0.702233588,0.742048879,0.691507543,0.711661405,0.732173398,0.763536781,0.795392596,0.816907357,0.827669201,0.860841152,0.93044548,0.906162698,0.883606364,0.854991052,0.826937648,0.810442551,0.808170108,0.814173565,0.835813616,0.843140665,0.872653708,0.886209112,0.885221609,0.900304662,0.892633,0.89166103,0.882327269,0.873793287,0.870871916,0.0,0.0,0.0,0.0,0.0,0.0,0.0,0.0,0.0,0.0,0.0,0.0,0.0,0.0,0.0,0.0
06_PRK,5.A,Indirect N2O emissions from the atmospheric deposition of nitrogen in NOx and NH3,N2O,1.162199121,1.161389021,1.204632021,1.233999833,1.301638296,1.35569244,1.436776603,1.526005284,1.62020177,1.788787701,1.877515244,1.905328704,2.118596786,2.141431064,2.198774646,2.335392747,2.155907112,2.186956959,2.793539761,2.239788682,2.153551294,1.981558209,1.849172513,1.663052323,1.468296128,1.396041504,1.21930252,1.099493106,1.140730667,1.131224554,1.256433069,1.281673198,1.168466113,1.18974735,1.299103841,1.268956688,1.257953805,1.062680714,1.175885693,1.194138055,1.095790317,0.852609757,0.808726472,0.654707717,0.785189075,0.601250731,0.629012101,1.666580464,1.559973328,1.725416177,1.613350201,1.346586524,1.401217188,1.535649166,1.559501874
07_NAM,1.A.1.a,Main Activity Electricity and Heat Production,N2O,15.912952344,16.460667007,18.318737872,20.138172113,20.175896072,20.84337208,23.014667654,24.494045539000002,24.000823202,25.087324638,26.19483382,26.982384500000002,26.684755619,28.081581956,29.297445295,30.732483075999998,30.393582016,34.508039845,38.031062399,48.298819725,57.838074286899996,66.34774896889999,70.8850482751,74.8034701641,78.22464367450999,78.4524509029,81.09247691510001,84.7110952732,84.5669199759,79.5675013287,85.0957305036,80.6308762648,67.70555433749999,64.4089821028,61.941721234999996,60.5528058999,58.3124572345,56.425682900599995,59.6521463001,54.4528335166,57.43723348099999,54.477038592499994,48.5256206192,50.0150834007,51.106464860900005,44.526871380399996,42.699193884399996,40.5592314418,38.049653915700006,32.5853303626,27.7391403432,31.1529864855,28.991005761799997,24.035664665,23.352083800000003
07_NAM,1.A.1.bc,Petroleum Refining - Manufacture of Solid Fuels and Other Energy Industries,N2O,0.7834530700000001,0.7812164779999999,0.827455028,1.1232708009999999,1.076261291,1.000485369,0.9277619859999999,0.97428888,0.965558558,0.913419148,0.8121201840000001,0.826588775,0.81160429,0.7942245299999999,0.809587072,0.789173122,0.813219436,0.822662088,0.8505667539999999,0.830161595,0.861189147,0.839121805,0.848765463,0.8600414190000001,0.846900405,0.863035604,0.884693125,0.895712327,0.898392266,0.8712845459999999,0.8821201477,0.8762895658000001,0.9254714338,0.9286806787,0.9242940961999999,0.9450064450000001,0.9560722374999999,0.9687866382,0.93412591,0.9381914137,0.9569916579,1.0050664713000002,1.0531908204,1.0721956753,1.057618448,1.0530482221,1.0484230907,1.0119315121099999,1.0419531260000001,1.06448699836,0.96686799691,0.97917809416,0.9905330234099999,1.02095962361,1.03996011459
07_NAM,1.A.2,Manufacturing Industries and Construction,N2O,14.099310986579999,11.13684780165,11.562554209630001,11.74478185457,11.286779624,10.04277628269,10.74514449012,11.73993101596,12.07571962595,12.438485657760001,12.12276332746,11.975538334140001,11.46144623772,11.822202872710001,13.25226262023,12.949462433859999,13.37470394364,14.198847700299998,14.3325648815,7.4528109356000005,6.9499736351,6.9026018662999995,6.8561188735,6.2057908763,6.4014179395,6.71286091412,6.476667483850001,6.91810629677,7.21832952773,10.53514151267,10.99302724432,9.97770836794,9.20848011425,9.721423613010002,10.419498519969999,10.32352477311,11.08696783221,10.52735534421,9.90315182429,8.806477971709999,9.340683767409999,8.88706171317,8.7588432247,8.8547608553,8.908493824999999,8.6715362832,8.5788383526,8.6910367823,9.44143967,9.287532949,8.700758839699999,8.949471646700001,8.7945628015,8.7965841793,8.772901251499999
07_NAM,1.A.3.a,Civil Aviation,N2O,3.8758383513,4.0033937197,4.0735606822,4.1352383789000005,3.9525672519999997,4.0849417286000005,3.9873860670999997,4.0727175945,4.1718276882,4.4222251114,4.4245147607,4.1610181044,4.1052642587,4.2580962142,4.7696577748,5.007655329099999,5.0161149633,5.1689863883,5.380563846699999,5.5048730012,5.619663608300001,5.385574596,5.2358356398999994,5.2776010496,5.5230306242,5.4016875833,5.6785007229,5.623782287699999,5.7075306415,5.8113895046,6.0851866505,5.8201134916,5.349140471599999,5.2897474674,5.297264414,5.383027095,5.1156216214,5.051184135300001,4.6547097071,4.2112047195999995,4.3057330490000005,4.3097218506,4.2920274802,4.3814306109,4.4784020878,4.6703381049,4.8387120378,5.1068552211,5.2029633916,5.2866615934,3.2657264352000004,4.1303669849,4.735094462999999,5.055699867,5.1786543929999995
07_NAM,1.A.3.b_noRES,Road Transportation no resuspension,N2O,30.319843164,32.3164885151,35.039655192599994,37.3048893076,37.1518087798,37.843746063,40.269534688,42.091010264000005,44.308466746,44.077347417,42.38559412,42.52439928,42.065251274,43.263402465999995,43.816452608,44.129883117,45.566709823,47.657129674000004,49.262415687,49.819256118000006,48.245821877000004,46.201426889,46.731798473000005,47.031390455,52.784662586,54.966319109,58.416197757,64.164867111,68.62697001400001,74.30756654,79.052781688,84.462282755,90.338231139,95.210987043,99.410645441,100.12748224100001,102.08455074800001,103.080033023,100.04599052900001,94.768119478,95.594304727,86.759523583,85.358014758,85.699449204036,81.060069106,79.790716258,76.01829862273,72.93965147519961,68.926518488578,68.18852551273599,60.709225909277,66.0502943099605,67.1442814828265,66.13980626291061,66.4395545358781
07_NAM,1.A.3.c,Railways,N2O,17.390509779000002,16.951463689,18.954028419,20.240442175000002,20.484996348,18.532909497,19.19374373,19.297758491000003,19.566158037,20.146492137,19.260075151000002,18.653469066,16.921664748999998,14.499050209,15.662824289,14.599110274,13.850110586,14.17067648,15.017505416999999,14.969920626,14.933438493999999,14.018450109,14.999229909,13.829604411,14.516759437,14.795763897,14.977299466,14.176836943000001,13.08274974,12.956040237,14.159779965999999,13.797927014,14.059874450999999,14.107390494,14.971207686,16.754886716999998,18.505669997,18.086554186,14.816475937,11.484408693999999,12.499656026,16.047185268,14.517205722,15.451984864,15.663412392000001,16.508866853,16.113653409999998,16.172859675999998,19.190424079,18.791032483,15.067595058,15.689395789999999,15.723742197,13.432193116,13.449830413
07_NAM,1.A.3.d,Water-borne Navigation,N2O,0.499800381,0.52080326,0.454990512,0.404465283,0.363224654,0.31627905,0.331819584,0.313763076,0.318976813,0.225732588,0.255754025,0.292207905,0.251227069,0.182081082,0.425938222,0.498715945,0.442800423,0.47094565099999997,0.484774472748,0.481248850285,0.44654356559999997,0.4340482023,0.4827770594,0.4666292339,0.3565973091,0.38540272823,0.36977797609,0.36074176794,0.36582279343,0.39099084816999996,0.40990121644,0.38619881143,0.4010489858,0.42609922794,0.42947563679,0.49624167483000003,0.47461817408,0.48230000157,0.45337474767,0.54978392983,0.46525593862000003,0.75370504354,0.7991005991,0.7716408256,0.7587503572000001,0.8055442850000001,0.8002708297,0.7679372402,0.8160427663,0.8326008117,0.6393659713,0.7357780751,0.7451019187,0.6864125576000001,0.6936303314
07_NAM,1.A.3.e,Other Transportation,N2O,0.0706383,0.0726354,0.07465473,0.07053507,0.06497784,0.05646978,0.05306265,0.05159646,0.05190048,0.06689862099999999,0.06928011099999999,0.070600610472,0.065346473164,0.054337332829999994,0.059215411353,0.058137233833,0.054749849090999995,0.05941549755,0.071100753298,0.073409192742,0.1426115665,0.14113222109999998,0.12980305790000002,0.12037631644,0.13129351681,0.12166962749,0.12406271638,0.1243036154,0.10842464222,0.1100080266,0.10198865409400001,0.108224465777,0.11190486763999999,0.09717240953,0.10306835747,0.10156520854000001,0.10827189262999999,0.11324800822,0.10504295845,0.09432802495,0.10313223155000001,0.08221365507,0.08492981397,0.09789360327999999,0.08748308416,0.0853926971,0.08852911051,0.08791806674,0.10361680531,0.11156085321,0.11588518218,0.1300107985,0.14071615696,0.14298731508,0.14554340823
07_NAM,1.A.4,Residential and other sectors,N2O,22.2321476221,22.379738175900002,22.447381794400002,23.4336025073,22.940317299500002,23.022478303000003,24.0722562197,24.3765949697,25.386584288500003,26.393127868800004,23.441893155400003,22.4088495401,21.7516021901,23.484136379000002,22.6567048135,23.8025029701,24.0193043918,23.596376448100003,24.668727973000003,23.6559691841,24.3491227682,23.7402464452,26.8078327778,27.316703802899998,27.6540931763,28.542279862,29.780306086600003,28.8623240047,28.0243304625,26.448402968200003,27.6039381972,26.8299561508,25.0751121843,24.428875692,28.025577667700002,30.0918427528,30.394644583,29.432158287600004,30.2251720263,27.0610822282,31.350495228999996,28.0435907468,26.3322206709,28.90236350344,29.7989028161,28.1685477049,26.6327786296,25.0726200653,26.469973323399998,26.0290718759,25.380563591700003,26.1573156293,26.6920774417,25.6448618862,25.6884224304
07_NAM,1.A.5,Non-Specified,N2O,2.196700265412,2.118454977126,2.0899865985329997,1.951531290871,2.179030343539,2.466028737587,2.626889425402,2.7029333004500002,3.020831897064,3.663811187246,3.7146946568379997,3.799528100147,3.910520252763,4.07094748027,4.12669483926,4.134193369356,4.0053366825,4.199047332884,4.034443507662,4.696303340298,2.62851376333,3.10060678132,3.2816660741,0.00066805416,0.00054002424,0.00046219138000000003,0.000210710072,0.000204355487,0.0001990574,0.20013139201,0.238277372837,0.10624156860100001,0.000203219707,0.00060597033,0.00058622785,0.00048367063000000004,0.00047946135,0.00041940495,0.00040116204,0.0004001069,0.00045291244,2.268808859698,2.049534314062,2.16410029037,1.97034392994,1.91555374554,1.943403442789,0.9350241691,1.0440642644,1.0515657060199999,0.53871698792,0.54846387699,0.56442606031,0.5009598911099999,0.50001359054
07_NAM,1.B.2,Oil and Natural Gas,N2O,0.3434433603,0.2577331133,0.24234281030000002,0.2399982126,0.19578353563,0.16833026649000002,0.16519115785,0.16426988256000002,0.17572831175999998,0.18644582123999998,0.17109807176000003,0.15688749428,0.15317590995,0.15545164901,0.17715908,0.17915206309999998,0.17518257834,0.18451249375,0.19714686254000002,0.18729889795,0.18675609871999999,0.198886792,0.19464208962000001,0.2179713138,0.21976145009999998,0.23032915088,0.21989467563999998,0.21925399848,0.22992552667,0.2046348094,0.201420963702,0.200875703,0.18546717299999999,0.18849982999999998,0.173862211,0.174203675,0.181950586,0.198948424,0.217544811,0.227184252,0.269595353,0.335408439,0.377510075,0.38579457300000003,0.469323444,0.482638291,0.347847436,0.41195277199999997,0.5504568750000001,0.638008908,0.486633994,0.409113489,0.392537507,0.450742975,0.478142677
07_NAM,2.B,Chemical Industry,N2O,353.32800000000003,347.14053060000003,346.7860611,361.6162924,343.1493999,304.71742600000005,342.06441209999997,337.10894653,349.4091505,319.7871101,267.50728617,238.57154,212.82028683,266.4139002,233.5600132,197.5182053,183.93906952999998,178.31170500000002,172.19852787000002,174.03741123,127.71689627,113.64442725,113.20200303,120.93412602999999,136.51705226,136.08723578,135.58106566,98.75352136,83.93181200000001,80.70243988,77.580805944,64.37780968,68.532458978,65.579839388,62.220401144,64.43683232699999,62.912927326,72.321722087,61.389471934,55.25740259,63.41917873,65.30679178,64.44028856,68.65283173,69.19499237,65.82382208,66.849081827,66.151874562,65.244359403,65.682775267,67.77199370199999,68.49153972,71.87156661899999,68.41193837,69.421577231
07_NAM,2.G,Other Product Manufacture and Use,N2O,12.224750711986001,12.337409185104,12.450973202314001,12.565952528212998,12.682480343146999,12.80079020357,12.921372944728002,13.044505561260001,13.16968034223,13.29602559843,13.42300896048,13.55060521079,13.67913292761,13.80874431893,13.939820553179999,14.07259053138,14.20743299839,14.344478535890001,14.4837192011,14.62499290052,14.76849298522,14.97337826218,15.18144364183,15.39554031175,15.61943141461,15.855211858509998,16.104516317439998,16.36518807732,16.63072819842,16.89253640959,17.14470358354,16.82266300949,16.47979205123,16.12124984647,15.753886689949999,15.38206997872,15.28274925939,15.18269910705,15.07871086588,14.96641232296,14.843042310640001,14.96178677647,15.074645209129999,15.18361256712,15.291528145310002,15.40059204275,15.51137043994,15.623255341310001,15.736302878350001,15.850091188799999,15.964347713339999,16.07911841,16.194501047000003,16.310115312,16.425503795999997
07_NAM,3.A.2,Manure Management,N2O,15.517602072,15.916038103000002,15.951604923000001,15.979686894,16.327439484,16.241388103,15.89863826,15.886837590999999,15.619852694999999,15.631233851,16.099303438,16.244759809,16.082241707,15.879476061,15.818045791000001,15.6417763431,15.4225777402,15.198567334800002,15.394016213,15.428446944900001,15.51479277352,14.911824782410001,15.19217961789,15.36363910464,15.68271931849,16.025355232480003,16.2615224885,16.51508897342,16.54284305953,16.56973952894,16.725462962,16.9609786919,17.1646827013,17.22187142,17.4863720857,17.7242560483,17.840435328999998,17.7413390167,17.8566650298,17.331805854800002,17.2168320738,17.165220100800003,17.082374397800002,16.9525822235,16.9814206718,17.043142242200002,17.355424129,17.5800659701,17.7996217611,17.9503682649,17.8246816146,17.7069302293,17.5904707438,17.3189619043,17.3213197013
07_NAM,3.C.1,Emissions from biomass burning,N2O,0.19595585869999999,0.2208233486,0.2118300598,0.22349967169999999,0.20954526440000001,0.2417635667,0.2523138442,0.2473243697,0.2384538082,0.24888550669999998,0.2523905144,0.29251566090000003,0.2935165363,0.2388563657,0.2652669687,0.2732089096,0.2600828072,0.2443997382,0.2003073823,0.2414242306,0.2723728578,0.23991517440000001,0.26995285319999995,0.2444743846,0.2661217837,0.2408085564,0.2716287938,0.2796463164,0.2895956098,0.2814979235,0.28426637709999997,0.2624419542,0.23647089100000002,0.276490065,0.28901761849999996,0.278451266,0.2619967428,0.28045329080000003,0.298758679,0.2956336275,0.2899815023,0.2691986669,0.2722656104,0.29206051780000003,0.2961474255,0.2934575769,0.32343957840000004,0.2854730238,0.2880894892,0.26865505840000004,0.2772437094,0.27339255370000004,0.2639357044,0.2807731116,0.2865019052
07_NAM,3.C.4,Direct N2O Emissions from managed soils,N2O,386.20376582299997,398.069732769,400.473039341,408.621371613,403.33832956799995,441.93458969700004,442.95456848699996,432.059426221,438.12665930800006,449.024188111,455.62817505099997,456.68773586799995,434.62643405200004,444.85713004800004,463.45515574,444.85827508899996,435.31323605700004,432.88794985,419.580708398,438.585962594,447.414194329,440.81018690419995,452.15824912000005,462.46388687440003,465.02857888169996,469.3135393093,482.60780360010006,481.22244115250004,482.9603038433,479.9621947303,467.917726094,470.86685086899996,467.542522003,489.380825146,485.10392155500006,479.779139241,498.24460396499995,497.166673038,482.468467133,493.840935003,501.36314674299996,509.09457420900003,507.802981624,515.396953452,512.67546739,509.74473785500004,523.5147831940001,522.842897168,522.026360716,526.160012615,529.7363079109999,513.681495389,524.10608149,523.501810211,524.576738134
07_NAM,3.C.5,Indirect N2O Emissions from managed soils,N2O,55.861136493000004,57.447882664,57.451533569,57.978738536,56.491425046,62.217040619,63.321097406999996,62.381975714,64.465932886,66.933267024,68.621449044,68.204011486,64.467887339,67.930221879,70.52719158400001,68.3545876492,67.6576790164,68.065355602,66.6826234709,70.445555162,71.5194110269,68.2455673395,70.6717722529,72.8896928193,73.4218960388,74.42689216710001,76.5616174922,77.74952934439999,77.9936539101,78.315663709,77.1905007916,78.4610807451,78.742110113,82.28605307,81.108542272,80.357387669,84.30022525400001,83.40817292300001,80.838817869,83.05906405100001,85.46206899900001,87.497106575,88.68954534400001,87.87532751799999,88.96611763700001,89.199205066,90.95083396799998,91.437344938,91.494068978,93.447156015,93.90200302100001,89.962231758,92.893598582,93.400744499,93.966689848
07_NAM,3.C.6,Indirect N2O Emissions from manure management,N2O,3.983591374,4.0648203469999995,4.0724139390000005,4.038478717,4.0842726769999995,4.0171817999999995,4.000799267,3.994930149,3.9693478549999996,4.043414242,4.1377443629999995,4.1839732419999995,4.136466572,4.106555747,4.099298664,4.1124691238,4.1188125681,4.1833831639,4.1979234652,4.25143368687,4.32128671055,3.57472171929,3.61406523029,3.6453766806,3.71236000332,3.76462084392,3.79878017218,3.8216291746200004,3.8089640263700004,3.7985176886499996,3.8101977302,3.8293598922,3.8571575892,3.8388687463999998,3.8466575445999998,3.8746477556,3.9069636684,3.9220214308,3.9719506858,3.8411894407,3.8314304129,3.8406668108,3.8197670143,3.7969604219,3.8098791443999995,3.8343211549999996,3.9038431856,3.9614491051,4.0009383611,4.0318263798,4.0100498929,3.9815158981,3.9553036481999997,3.9373026923,3.9410339169000004
07_NAM,4.B,Biological Treatment of Solid Waste,N2O,1.7421097799999998,1.724098927,1.706371989,1.6889244060000002,1.671811859,1.6550482359999998,1.63836646,1.6219078820000001,1.605691422,1.589758684,1.574114222,1.555970989,1.538131165,1.5204819200000002,1.502873095,1.485222321,1.467641816,1.4500071410000002,1.43242864,1.415054215,1.3979596380000001,1.633926272,1.863388188,2.308506466,2.822322228,3.191869277,3.613132718,3.931127618,4.319064289,4.639396463,5.1596888629999995,5.201581385,5.2713531719999995,5.9158389719999995,6.342962528999999,6.424137269999999,6.445067763,6.7280884379999994,6.92505685,6.570090627,6.42626983,6.676833053999999,6.854865714,7.246449034,7.466537193000001,7.559039404,8.050529602000001,8.66496729,8.198398208,8.294360131,8.382128966,8.685548957,8.714584462,8.724507896,8.740811623
07_NAM,4.C,Incineration and Open Burning of Waste,N2O,0.026719602500000002,0.0378714943,0.0493671412,0.0611927391,0.0733181084,0.0857069973,0.09835590249000001,0.11123222385,0.12432708843,0.13764471934,0.15119777154000003,0.16524999217,0.17957481031,0.19424441291,0.20937512202,0.22506962593000002,0.24112268341,0.25779355741,0.27501000458,0.29262703818,0.30829563975,0.32193224175,0.33409570065,0.340959474,0.38205379964999997,0.41487898325,0.40577086745,0.374093001,0.40051666605,0.38651762665,0.40382454525,0.4210907893,0.44144725845,0.41660743595,0.41445030695,0.41589191965,0.4026117751,0.39895727675,0.40977664245,0.3689326323,0.39802019015,0.40147289805,0.2361005409,0.2801509849,0.29559368090000004,0.2944043149,0.3043541199,0.26018916135000003,0.25950909785,0.26969784905,0.2640918861,0.25154950993999997,0.24352625885,0.23976947855,0.23665208636
07_NAM,4.D,Wastewater Treatment and Discharge,N2O,16.211370995,16.517912849000002,16.524516627,16.551323964,16.580070794999997,16.83934359,17.57064465,17.422646655,17.535558096,17.857701594999998,17.690332552,18.207594948,18.270766793,18.565205848999998,18.953338763999998,19.886130643999998,19.938319191999998,20.732369684,20.897533473000003,21.116764949,21.553174303,21.955054372,22.442324898,22.812918849,23.079220332,23.344358969,23.721634624,24.1983055,24.736359864,25.05082496,25.077641453000002,25.465288023999996,25.709923898,26.122002197,26.372210547999998,26.609053761000002,26.811758126999997,26.935433004000004,26.927172182,27.389467314,27.835096507,28.297885216,28.68622867,29.047289605,29.386543392999997,29.776419016,30.272356151,30.853784785000002,31.416770382,32.102552158,32.320915159,32.501529843,32.944873492,33.363091233,33.786689663
07_NAM,5.A,Indirect N2O emissions from the atmospheric deposition of nitrogen in NOx and NH3,N2O,105.06871412237,105.29276441236999,112.84200940537,119.07310369137,116.72794852436999,114.33492366537,120.41737223937,125.93888583737,127.82435702837,127.19741495136999,122.18979528137,120.97028208636999,119.10858373037,119.89393400336999,121.76138986637,122.37495781637,124.88599167537,128.84949964436998,133.54475471337,134.75387824537,129.40214478737,127.60804579123001,128.41459672919,128.73979730619,133.03663570006,131.71956993894,128.80639321781,130.22664034369,133.30422182468,128.66610878852998,124.75761851718,116.96932318605,108.467366754,106.29155356687001,102.51927226382,97.54927689377,90.75117012375,88.02146880571999,77.72747064859,68.59226719247,68.55514200437,67.14083824521,62.20901777809,63.63025763506,61.49273042393,61.3521925278,57.3840342357,57.0194747416,59.0796336606,56.85507271150001,51.140311938500005,55.8430480805,55.42742029950001,59.4195200535,55.8587666938
07_NAM,5.B,Fossil fuel fires,N2O,0.075,0.075,0.075,0.075,0.075,0.075,0.075,0.075,0.075,0.075,0.075,0.075,0.075,0.075,0.075,0.075,0.075,0.075,0.075,0.075,0.075,0.075,0.075,0.075,0.075,0.075,0.075,0.075,0.075,0.075,0.075,0.075,0.075,0.075,0.075,0.075,0.075,0.075,0.075,0.075,0.075,0.075,0.075,0.075,0.075,0.075,0.075,0.075,0.075,0.075,0.075,0.075,0.075,0.075,0.075
08_LAM,1.A.1.a,Main Activity Electricity and Heat Production,N2O,0.55714154273,0.5589513766299999,0.56521509705,0.57955757194,0.59130626132,0.62213747034,0.65283846137,0.70221434679,0.77185532546,0.83110305606,0.8702181046499999,0.88381557659,0.8996788314499999,0.94551863063,0.96478634104,0.9717060923,1.09341367015,1.14299984039,1.21400719789,1.24392968331,1.25163316823,1.38577915878,1.46091616744,1.46486408028,1.60092090474,1.65862823192,1.7809632554600001,1.92514222065,2.07172108266,2.2714229328,2.32804939945,2.49773342151,2.57780606386,2.73795995203,2.78091115221,3.01735271785,3.11340481158,3.40776172705,3.28987965096,3.57947623618,4.38536981373,5.51092838697,7.36116436757,8.23137938565,8.1143134263,9.65593741534,9.83255724398,9.20759974406,9.216215449609999,10.312437589587999,9.385363900418,10.139034707495,8.107213998709,8.191135524779,8.271072961889
08_LAM,1.A.1.bc,Petroleum Refining - Manufacture of Solid Fuels and Other Energy Industries,N2O,0.3049880879,0.3049880879,0.327854159,0.385939258,0.36938292500000003,0.3140213961,0.32120005490000003,0.44761245380000003,0.5744171748,0.718542825,0.7559577858000001,0.7854149057,0.9230388110400001,1.1217672458,1.2809850656,1.5088559487,1.3906996437,1.6073284586999999,1.5140408979,1.5769479589000002,1.4494810552,1.6226441456,1.5829634685,1.520138405,1.6455927138,1.5766615618000002,1.6524820362,1.8970502571,1.7158647616,1.550719917,1.3707044451,1.460629520136,1.551850369812,1.737794686841,1.7864955857129998,1.8884563540939998,2.034196486323,2.314406104053,2.790385620142,2.6665007600279997,2.6365472818030002,2.239286310473,2.257754022831,2.5235148939100003,2.5758489326386,2.6709376163979996,2.4741379307420996,2.381341152779403,2.7424852376486997,2.8574907538636998,2.6233505946710003,2.4313262712372,2.3075099556700005,2.53180247562,2.5438272499220003
08_LAM,1.A.2,Manufacturing Industries and Construction,N2O,4.6913758855409995,4.691379796252,4.74679633672,4.906510807088,5.101985037559,5.203916363738,5.373079558942,5.5871333642689995,5.739736815367,5.845541485459,6.053316351774,6.117580523613,6.243724892838,6.612899604717001,7.053030482738,7.002850206721,7.13484122344,7.424511634502999,7.206822666418,7.350212120298,7.12363858859,7.008721275270001,7.035951964960001,6.870754091579999,7.30027536056,7.3223406357,7.5641877608999994,7.855398833,8.18062582468,8.466959393,8.17529411798,8.44150543385,8.59440747973,8.981287838350001,9.48864850605,9.5512579272,10.19877952314,10.575333094420001,10.52999659695,10.13611961798,10.91846823573,11.24889853633,11.1754293163,11.495277628619998,11.19236482926,11.01398352635,11.26050405758,11.64773608944,10.67212564956,10.5434257186115,11.4561783303663,10.6973477377825,11.1370862402,12.12901618855,12.222069986749998
08_LAM,1.A.3.a,Civil Aviation,N2O,0.09759335463,0.09759620385,0.10580234456,0.11802204556000001,0.13387124748,0.14021931642,0.15229319195,0.15806448496,0.16531184478000002,0.18222397041,0.18969253314,0.19841762234,0.20468686354,0.20226668078,0.18697795639,0.18934857404,0.20703684034,0.21296778819,0.20537721306999998,0.21427208605,0.21297754525,0.21825349393,0.21668223383000002,0.2264577194,0.23278216979999997,0.27296820414,0.30143620924000003,0.3376998041,0.36507045798,0.34165773583,0.3498301164,0.36482527788,0.3439853563,0.2632397614,0.2872758016,0.3146226645,0.3032309072,0.3263253994,0.350162511,0.3462508857,0.4020249804,0.43818254630000003,0.45495449349999995,0.45329780329999997,0.45724825529999996,0.48317736289999996,0.4459981604,0.4468900624,0.4621457128,0.4635566475,0.24821840369999998,0.31497713881,0.41157496119000003,0.44808674069000004,0.46778784716
08_LAM,1.A.3.b_noRES,Road Transportation no resuspension,N2O,4.74599942254,4.42967481211,4.78419062041,5.2373892274400005,5.4180516577599995,5.76037860423,5.95082515462,6.124809357919999,6.74378548667,6.9753561589,7.2648754108,7.6517312235,7.7547661872,7.8573095902,7.9205427208999994,7.8254247275,9.3885264286,9.6043455556,9.8883774531,9.92590433,10.3067475055,11.7777536777,13.201341704099999,14.881672969,16.9591910193,20.0369280877,24.2783987446,27.9255723857,33.503476293,37.537068966999996,18.7937750739,19.289739951,19.746427991,20.267156360999998,22.265556868,22.719846561,23.537253960999998,24.547343587,25.198630044999998,22.522813185,23.44528141,24.303593118,25.810623322999998,26.721948942419,27.031451835,27.422333606,27.949151099903002,27.93841090052,27.021679361112103,27.6011777250486,23.4951481402449,26.037289832847698,28.0792574830467,28.484543770552598,28.9201089680095
08_LAM,1.A.3.c,Railways,N2O,0.576663483,0.576663483,0.597697763,0.703049253,0.936492359,0.9666819809999999,1.065777652,1.01610863,1.01195425,1.082334476,1.064378728,1.042435671,0.9752320250000001,0.922472874,0.95351048,0.937248176,1.567094692,1.7370249700000002,1.45444358,1.609587209,1.501960945,1.35741906,1.3829954439999999,1.411797812,1.292082546,1.243349197,1.254155005,1.2719095459999998,1.1629088223000001,1.1400218190000002,1.209619644,1.2442478083,1.249271453,1.3825075853,1.4601411253,1.4786415413,1.5026005233,1.4926261873,1.536644173,1.5110730543000002,1.893463373,1.9844912543,1.9745866343,2.0097451653,1.9646852463,1.9277953933,1.9226591012999998,1.9992777158,2.0663504504,1.9991016346,1.6472789696999999,1.5997327423999999,1.8831571029999998,1.9244518713,1.9362864696000002
08_LAM,1.A.3.d,Water-borne Navigation,N2O,0.148586991,0.148586991,0.157839541,0.159637147,0.21726594800000001,0.23412188800000003,0.244595594,0.202819787,0.217422939,0.260034868,0.217045871,0.250363057,0.26969987100000004,0.271462125,0.286571479,0.31783828399999997,0.264645891,0.238309862,0.2319806984034,0.17579924375540001,0.22391249238000002,0.23074392588,0.22054699145999998,0.22351108662,0.24888982125,0.23574747716,0.28601722945,0.27235607218,0.27822533101999997,0.29694381441,0.25874093406,0.24908762535,0.21824736028,0.21375202512,0.24441338714,0.25692389888,0.25233089673,0.27634458111,0.28680919009,0.24757750684,0.26928487624999997,0.27904432568,0.28400349285,0.25513706756,0.26481966076,0.25485996244,0.24716676737999999,0.23418824945,0.25441120628999997,0.25974773329,0.21535898244999999,0.22827938472999998,0.23011360303,0.23685207365000002,0.21433239411
08_LAM,1.A.3.e,Other Transportation,N2O,0.09331434200000001,0.09331434200000001,0.10673318999999999,0.1097543811,0.1313270349,0.1449902065,0.1605365775,0.1708691215,0.18647780949999998,0.1897941795,0.20570930199999998,0.22230818745669997,0.2161860259445,0.19677271324030002,0.20370223925390002,0.2056860260852,0.0138636883188,0.0145398294258,0.0162485095909,0.0374669576631,0.018700342217,0.020040111696,0.012822204787,0.015543906980000001,0.014309845926000002,0.017390755865999998,0.019494184865,0.021399271926,0.02764313719,0.02984755181,0.033819067365,0.028716201411999997,0.029863200978,0.035392497965,0.04032453581,0.04871107406,0.05172152246100001,0.05414929326,0.06289396458,0.06272211284,0.06067743236,0.056148341819999996,0.05816968274,0.05983436419,0.06331637486,0.06862142086999999,0.07317447247,0.07370225134,0.07643540859,0.0808203134,0.07193946435,0.07600147373,0.0755821374,0.073181832939,0.07594831142200001
08_LAM,1.A.4,Residential and other sectors,N2O,10.82359399092577,10.823595895538121,11.01903423830441,11.37985455002301,11.90748401634191,12.58318907661435,12.880061518508299,13.210786936589,13.3436920342479,13.9237919318276,14.474137995379,14.5390736127779,14.5572796541916,14.458392577881911,14.8318062836066,15.306976049253,15.039916761614,15.646831598673,15.860011069633,15.711807082814,15.136893303958999,15.581866304802,15.919890259304001,16.357647670897,17.075267260822,17.635364265859998,18.357439125025,18.484257950583,18.18109817841,18.592980177279998,18.31155824832,18.405173036729998,18.5898818262,19.39054518618,19.96591907556,20.81123225431,20.91130871567,21.951265258350002,22.507754538140002,21.9690585527878,22.666756372589,22.4788316248639,22.8967720513586,22.214374654531802,21.9881489448682,22.384247375027,22.557202182887,23.33906860814,22.723420942798,22.572350558679,20.5264628190748,21.6032474508566,23.4893665528734,24.123610802357398,23.8386486840974
08_LAM,1.A.5,Non-Specified,N2O,0.039535499339199996,0.0395409176213,0.0466968645855,0.048633903626,0.043518417857199995,0.0439147158183,0.040786296092200004,0.0353472210739,0.031445692144999995,0.038444130394,0.043627292172,0.0310153161668,0.0351973518009,0.0345589711262,0.0333325177204,0.0316624551441,0.031355630993,0.04073939479,0.043638363969600004,0.043667776254699996,0.034504401661,0.0264412306573,0.033162719887,0.029471508101,0.057624797716,0.037552199818,0.046575687569999996,0.052291923673,0.0851773544271,0.09666156888869999,0.0992910928676,0.1103408908587,0.10490580891870001,0.0620020495934,0.0543345761646,0.0568333141913,0.0555927969304,0.0556226304452,0.0614005382609,0.0776013738433,0.0610141786028,0.0674519031303,0.072527757814,0.1480478415865,0.14277729780770002,0.0931725102977,0.0862157498548,0.0752735909676,0.0817039112903,0.0675703387464,0.163396918526,0.06698742188080001,0.0485822400031,0.0488860837481,0.0496566475067
08_LAM,1.B.1,Solid Fuels,N2O,0.666512964718,0.656801730294,0.709942302763,0.723236231316,0.830382471161,0.9329067264700001,0.84130055995,0.8588344220299999,0.8528929657900001,0.95564469891,1.02400343128,0.96109308666,0.95117104984,1.02954968053,1.19944436402,1.20309080579,1.23682776134,1.1928329789299998,1.24453062696,1.32761057256,1.13959685762,1.03157695503,0.9776158768900001,1.01862197491,1.02580776083,0.96936761041,0.91473875586,0.88584153471,0.86850538814,0.9242462733000001,1.0279964961,0.9461036969000001,1.0106879271,1.1126612476,1.2341070281,1.2278754074,1.2371591341,1.3000329003,1.3083726023,0.971604562,1.06588194423,1.07335614776,1.02975794152,0.95431097259,0.9429255357699999,0.9259259498100001,0.8575660127200001,0.88845363036,0.93797885002,0.948983862,0.95376735141,0.8681778264300001,0.93455164643,0.900945706365,0.900945438352
08_LAM,1.B.2,Oil and Natural Gas,N2O,0.47698915935700004,0.497619769357,0.47570878407,0.47018995604,0.458398559772,0.43103249936000004,0.48444571323999996,0.373355101613,0.432433585465,0.40064119814,0.39418514581,0.39691201178999996,0.48298535079999994,0.39648970866,0.3453728003,0.3268957523,0.281202989352,0.289382612024,0.278127937867,0.258127659766,0.2727406042443,0.2624488194065,0.265506080555,0.3184883466,0.30632499116,0.34689981772,0.36783975933,0.42702400952999997,0.42027586235000003,0.39476464219,0.3949375639,0.36821076639,0.32239554819,0.32348372612,0.30633178196,0.32654643597,0.31407524477,0.32236834756,0.37113805911000003,0.3699540662,0.35758772994,0.35392775327000003,0.57994734594,0.60748853844,0.65935965217,0.63489979298,0.59390000052,0.49625023976000004,0.5309273621499999,0.58972684405,0.5981326536,0.6087372988199999,0.60167756007,0.6091395443600001,0.61875992641
08_LAM,2.B,Chemical Industry,N2O,21.0035,22.3069,23.4944,22.983999999999998,30.9146,34.5709,33.72114,29.579060000000002,33.19775,33.3837,32.60875,30.5297,28.961819999999996,25.88778,22.67211,24.386400000000002,27.42066,23.82388,24.61272,11.82964,11.3829,11.8035,11.6811,11.689200000000001,14.3901,16.2621,17.298257143,16.9866,34.78279661,34.14829661,34.82779661,30.806044749999998,16.470639321,17.009961750000002,18.3082185,17.94900375,18.4508955,19.806291,18.981307575,13.922612099999998,12.24831015,12.37690215,11.35506915,11.410079399999999,11.25719865,11.3727609,11.39631165,11.85780465,11.904338106,11.866336208,10.448821323,11.185427561,10.987196344,10.19241992,10.197351152
08_LAM,2.G,Other Product Manufacture and Use,N2O,0.778531261645,0.798594521762,0.81894721223,0.839568231664,0.8604429969949999,0.881553978394,0.902877362377,0.9244069973929999,0.946154542747,0.9681403685609999,0.990369969284,1.012846742155,1.03553291838,1.058348946015,1.081190219795,1.103968781323,1.1266399881770002,1.149208321815,1.171719636234,1.194239757974,1.216816949702,1.239451207901,1.262085574158,1.284658203012,1.307070924564,1.329255742744,1.351201773531,1.3729111462219998,1.394309035067,1.41530151608,1.435843859825,1.455880645553,1.475465155718,1.4947601964319999,1.5140079681429999,1.5333662964850001,1.552892053278,1.5725361073380002,1.59222697688,1.611857624737,1.6313429998489999,1.650667343561,1.6698273086770001,1.6887789534820001,1.707457762715,1.725816753613,1.743826569192,1.761473115946,1.778750681336,1.795654938587,1.812185433527,1.828324513,1.844080764,1.859402998,1.874335828
08_LAM,3.A.2,Manure Management,N2O,19.1640485669,19.795206777,19.9500410554,20.6459191535,21.0011337844,21.831248391,22.416850976,22.847907305,22.462323537,23.736427534,23.453183026999998,23.155403177,23.495686521,23.5165561,23.7225813594,22.59821762,22.3876387099,24.5949665863,23.2200036446,22.8712390783,22.5455284828,20.311598844,20.930796491800002,22.373861131,23.8323775061,23.1546554422,21.1438569293,22.4531487632,22.6577212882,22.090126215799998,23.086875800799998,23.6853173763,23.853980846,24.8440225831,25.3625577434,26.185489409200002,27.2179691472,27.8458775165,28.2971240809,28.7878192809,29.6692668975,30.0822281985,30.1393134745,29.919955956499997,30.546089438499997,31.3016611901,31.246301898099997,31.8815120688,32.2775031573,32.7859660352,32.6532390135,34.3519225443,35.20771927,35.3944054621,35.8303024797
08_LAM,3.C.1,Emissions from biomass burning,N2O,3.752547190087,3.62471022145,3.586317251864,3.841757080288,4.07092892861,4.198471882348,4.497668847273,4.629589334117,4.7643558407599995,4.88316932823,5.0367579193,5.26571252995,5.652010197647001,5.654654595884,5.9766543058388,6.1586032256673,6.0849909363606,6.4889544577643,6.4276505778241,6.483783723195001,6.345233641519,6.338557086323,6.561552273408,6.2157479452599995,6.714857185858,6.914384323036,6.909699745191,7.3471483314248,7.5485675154730005,7.462543196226,7.568752423618999,8.078508938179,8.295776444239,9.053521702458,9.283906408753,9.316655313727,9.650713176487,10.691880344939,11.704690452342,11.385189026468,12.208636737475,12.578760473631,12.499900582634,13.632352456089999,13.697206135647999,14.151771148000998,13.972794925718,14.712723972102001,14.207708930868002,14.885589842515,15.086237365039,14.77594427476,15.043622743469998,15.519556213373999,15.847243709422
08_LAM,3.C.4,Direct N2O Emissions from managed soils,N2O,357.473684272,362.08545956200004,372.616932816,381.360254297,395.224752256,407.11403121300003,427.821159119,445.659466664,442.553811568,450.509046068,467.56619247000003,474.285486645,477.49504109099996,477.70726385399996,492.899106511,499.585588009,511.706040933,519.279966789,528.510785081,539.18432993,539.3828795000001,548.4467422820001,560.638640858,570.090831202,588.665980596,597.328698151,591.629351355,600.381006613,602.762866751,603.2413067550001,617.729542106,627.6852569450001,645.304131283,681.492678933,700.1842591989999,700.49370001,707.179123011,722.2596139789999,715.841165746,712.44141021,723.719253583,743.926720246,742.03037433,760.688148205,769.669067778,766.402454288,792.230258666,798.134329438,795.798889046,808.282053708,838.47941543,866.568350216,861.412612983,871.885456002,871.428182794
08_LAM,3.C.5,Indirect N2O Emissions from managed soils,N2O,36.175679727,36.666177146,37.388873404,38.197203710000004,39.762654248,41.195981482,43.905040191000005,46.469728898999996,46.164862838000005,48.061571284,50.227038838,50.841979624000004,51.389586839,50.927968604,53.92820639,55.097575349,57.219273324999996,59.082737781999995,58.944506935999996,59.57048605,59.223655129,58.859131612,60.409630119999996,61.881110184,64.73080139300001,65.199506265,65.010260821,67.55912679000001,68.906864903,69.526030336,72.57790035400001,73.30596396,74.965126205,80.20193104399999,83.104142383,82.31374352899999,84.1381891,89.224272985,87.919856798,87.68518357500001,91.240902702,96.144385336,96.093967102,100.160126185,102.23367959699999,99.613948915,105.53218151200001,105.851988922,105.352473174,107.229172173,114.211600565,119.517141557,116.414624787,118.48173881700001,120.418721643
08_LAM,3.C.6,Indirect N2O Emissions from manure management,N2O,2.8555309044,2.9421007382999997,3.0100625728000003,3.0381549218,3.1486834381,3.3249226203999998,3.4162266754000004,3.515770893,3.5168154241,3.6827353285999997,3.7852653027999996,3.7746157555999997,3.8140499548,3.8129319433,3.9031394497,3.8724606834,3.9805953355,4.0319739884,4.0421071036,4.1105606488,4.1590361999,4.3090091298,4.4053346489,4.4349416464,4.5469752038,4.637770982199999,4.2831214607,4.3856559712,4.456509616,4.5001328026,4.6097943217,4.762674945100001,4.8859140942,4.9256052514999995,5.0527532553,5.1973708107,5.2526330823,5.3007909327,5.4303497666,5.6191185098,5.7348335561,5.815795645100001,5.8445585651,5.8231783339,5.8919110774,5.6451296481,5.6726037564,5.494872320900001,5.5416161739000005,5.6096962677,5.638898165500001,5.7734867371,5.8520578201,5.8326917967,5.872843365
08_LAM,4.B,Biological Treatment of Solid Waste,N2O,1.1029300931,1.1434429075,1.1839223285,1.2247060131,1.2663256702999999,1.3092028633,1.352289627,1.3966331081999999,1.4422933978,1.4892840644,1.5376124438,1.5866604126000001,1.6370766540000001,1.6887110513,1.7413590792,1.7948371585,1.8460677391,1.8979174400000003,1.9503322015000002,2.0032615901,2.0566665178,2.109201933,2.1620680743,2.2152103992,2.2685665183,2.3220916579999997,2.3750586454,2.4316810780999996,2.4847735401999995,2.5379760501999997,2.5933337591,2.6517014098000002,2.7252536682,2.7829921438,2.8666628552,2.9334211261,2.9651015791,3.0287298515,3.1365157757000004,3.1052715912999997,3.1482520687999997,3.2120412752,3.3835031265,3.1934692578,3.5100495507000002,3.7364187158999997,4.0259041636,4.0354904025,4.0890574179,4.1261831891,4.1657669165,3.8825355599000004,3.9803020313,4.0310860564,4.084337423699999
08_LAM,4.C,Incineration and Open Burning of Waste,N2O,0.0839317723,0.082328367468,0.084077648359,0.085784448506,0.087455367041,0.08909313142,0.090623293467,0.09210774152800001,0.093542061648,0.094921136012,0.096238098862,0.097399440829,0.09848470226900001,0.099475139713,0.100348112183,0.10108510371700001,0.101581166166,0.101931750906,0.102136741454,0.10219712548099999,0.10254906617000001,0.10540005541,0.10827854092,0.11119798631000001,0.11438590641000002,0.11743924558999999,0.12046564037000002,0.12363095117999999,0.12689214092,0.12995245447,0.1382908818,0.13942844769999999,0.14206257024000002,0.14619249196,0.14720053064,0.15069947712,0.15313073418,0.15523721072000002,0.16904212284,0.17342935445,0.17946155137999997,0.18237266349999998,0.18495247867,0.24000105601,0.24359022193,0.24715000636,0.25075964311,0.25437294769,0.25816396811,0.26170929129,0.26526933019,0.26871091547,0.27202132541,0.27549048074,0.27906355461
08_LAM,4.D,Wastewater Treatment and Discharge,N2O,11.413842325000001,11.744209195,11.835304765,12.050144084,12.654786268,13.065881918,13.374626685,13.807688795,14.184732579,14.83075285,15.769217861,16.290068476,16.269019718,16.375398981,16.598106279,17.16180086,17.525695736,17.962037471000002,18.238886866,18.332862742,18.954581063,19.658421609,20.296737201,20.915331768,21.669401839,22.319616320999998,22.873750016,23.430704419999998,24.094759831,24.701299705,24.927679833,25.486397795,25.988906502,26.38597598,26.871715397,27.371454167,28.050151159000002,28.905525264,29.524749783999997,30.921917711000003,32.234204414,33.620433214,34.254440579000004,34.905021146,35.516133914,35.918718545,36.299470043999996,36.944381554,37.601814761,38.187101249,38.583524787,39.079257653,39.691916659,40.241423684,40.801779672
08_LAM,5.A,Indirect N2O emissions from the atmospheric deposition of nitrogen in NOx and NH3,N2O,21.153437075,20.974580497,21.891722221000002,23.010523818,24.052496418999997,24.790196257,25.480463731,26.193017763,27.349996611,28.671874269,29.469055747,29.821286502000003,41.101225653,46.6233892,48.484392238,42.283063604,42.830986617,48.279325166999996,51.421106474,45.593881229,42.69563268,47.369217094999996,47.750690277,58.841070269,48.667500505,48.609361337,50.876700435,45.305004306,51.141744876,52.740224599,58.854185162,48.97488744899999,49.307848242,50.800721875,53.356874686999994,54.375560288,50.036116118,59.849843387,51.964153004,48.076829284,62.981046981,53.053790307999996,55.299500461,52.61969488,52.747296363,54.362408181,53.284762976,54.075331277000004,48.247630292000004,54.963978069,53.017878724,49.592452174,51.895910092,52.8538562,67.546229139
09_WEU,1.A.1.a,Main Activity Electricity and Heat Production,N2O,13.835927887999999,14.166042415,13.79517465,14.520732546000001,14.331545786,14.07387098,15.634802771999999,15.419412900000001,15.958766617000002,16.799510157,17.175567996,17.266801504,18.534578022,18.5540628913,18.3373674618,18.9446425498,19.2336366758,19.132569326800002,21.5404567244,24.0271619244,27.1761938354,28.8634268924,28.0145021074,28.5000577346,29.9821891696,30.394165401000002,32.337928253099996,32.44819916,33.57149818326,34.93898528697,38.4618375827,36.6168583686,35.9608360866,34.8772200716,32.852092039300004,34.1650403312,34.8508376577,35.19909054216,32.38756551591,31.7868572326,33.742136949,33.012404508399996,34.0850754868,33.256268252,32.5629994628,32.3080853926,32.3057024138,31.65173772846,32.27872511322,30.49751466936,26.0391572416,27.869163355399998,28.799994436,24.714806169840003,23.963059803860002
09_WEU,1.A.1.bc,Petroleum Refining - Manufacture of Solid Fuels and Other Energy Industries,N2O,0.8277774141,0.8275577191,0.8032456904999999,0.8330534489,0.8450854523,0.841304786,0.889208528,0.891637636,0.848641272,0.847920623,0.845411606,0.750577685,0.69962961,0.665073765,0.6214105129999999,0.6163068415,0.63128147,0.6164017070000001,0.623264292,0.613180925,0.616718935,0.638708466,0.6252688740000001,0.645523807,0.66472506706,0.6584986979,0.67284041584,0.66979866384,0.69140743116,0.66430848984,0.63588538713,0.64683244033,0.64064842591,0.61188207816,0.6201968633,0.6317922340000001,0.605731973,0.59068001748,0.59092780624,0.57222139562,0.56450713734,0.508611263,0.50827976,0.467597078,0.44007958834,0.4320018513,0.4317487698,0.4366756092,0.40113565302,0.398498109,0.3590885495,0.37728169722,0.3965521218,0.37447678222700004,0.37185810480799997
09_WEU,1.A.2,Manufacturing Industries and Construction,N2O,8.078663511,7.323566412,7.0791568929999995,7.426990151,7.188212301,6.636193312,6.693061239,6.566742431,6.554336428,6.744528364,6.355579571,6.145528474,5.913405428,5.958301597,6.515913577,6.5710363240000005,6.269658187,6.287986761,6.378829726,6.522182366,6.634799026,6.212135229,5.856742236,5.649634745,5.729821169,5.815044538,5.826649018,5.996354249,5.929281017,5.698910155,5.950376098,5.561524875,5.5718471450000004,6.002741121,6.00311779,5.879217163,6.118853255,6.349833193,5.824848951,5.3922631,5.886359928,5.992206458,5.769670656,5.701892176,5.624868319,5.7884934,5.99081222464,6.0253198458,6.21850673283,6.18493136811,6.22292029217,6.54025049666,6.48634918916,6.392841932491,6.392260026804
09_WEU,1.A.3.a,Civil Aviation,N2O,0.326520011,0.350041994,0.374184001,0.40251000000000003,0.42061800320000003,0.4507560072,0.498238006,0.5076600059999999,0.538253984,0.526107995,0.569885994,0.5716559840000001,0.592091999,0.57599399,0.593695991,0.552865994,0.580057997,0.593457996,0.637944019,0.662631991,0.484884987,0.45682818999999997,0.460848609,0.45376300399999997,0.445987387,0.48893781199999997,0.519556205,0.552523597,0.583065783,0.580131581,0.616865607,0.5969325889999999,0.575410726,0.589431692,0.612800733,0.647911643,0.6499090590000001,0.687753398,0.653426388,0.598707598,0.582281525,0.608545399,0.5826904150000001,0.595970484,0.615150621,0.647676021,0.685347347,0.695806065,0.716847518,0.736756906,0.359319457,0.46719661100000004,0.666975693,0.7137364992,0.7498284946
09_WEU,1.A.3.b_noRES,Road Transportation no resuspension,N2O,12.370713781000001,13.268172868,14.221142908,15.178863076,14.613425815,15.397423418999999,16.107909716,16.827893895,17.858835911,18.299453622,18.375506787,18.227577861,18.586019675,18.941715526,19.520068852999998,19.765182298,20.865917578,21.785393917,23.009896901,23.807985839,24.782571199,26.219554465,27.595388645,28.731607408000002,29.529880870000003,30.688994488000002,31.260848128,31.472071535,32.084976947,32.565970487,32.050572924,31.577056501999998,31.3031737373,30.5785911021,30.098941775,29.087860133899998,29.0738299785,28.9577629033,27.916307272999997,27.0075247937,26.4981158378,26.442883343,25.873994621,26.205216051,26.766243197999998,27.500835041,27.941006012000003,28.044009303,27.856543249,27.86833562,24.029305174,26.029400184,26.379540744,26.083339489,26.228510941
09_WEU,1.A.3.c,Railways,N2O,6.324833711,6.00349189,5.870535502,6.077248729,5.9453898249999995,5.761360325,5.618274916000001,5.717584897,5.553098568,5.410123861,5.159910948,4.974729167,4.635968933,4.487696002,4.410803481,4.424739387,4.3316544532,4.2660002376,4.1532159726,3.9888725798,3.7388160034,3.8110127082,3.6923248944,3.6450873144,3.4690517564,3.5572306954,3.4704536104,3.465933154,3.439401891,3.3625553420000003,3.376298695,3.1741085449999997,3.0996153719999997,3.173135832,3.2440514830000002,3.2441222117,3.0856825574,3.0970200278,3.0493536513,2.7695822575999998,2.8045192588,2.6209900022,2.687154693,2.0227124782,2.0257660813,1.9843666856000002,1.9100169528000002,1.8782816784,1.821117434,1.7363674942,1.4481241965,1.7308084203,1.6379554579,1.55441952457,1.56481430976
09_WEU,1.A.3.d,Water-borne Navigation,N2O,0.627276699,0.650327843,0.654773201,0.740743348,0.828659416,0.795735163,0.797593163,0.723907575,0.660678338,0.827253577,0.777949659,0.670914573,0.594823886,0.61353799,0.651515114,0.640612875,0.644934779,0.630490396,0.6362584984,0.6142875892,0.567882985,0.581654581,0.589281455,0.59457797,0.593070706,0.577654295,0.619839137,0.587810868,0.603506965,0.6397445860000001,0.576302884,0.570982256,0.565970984,0.64149533,0.658990525,0.669871889,0.722094759,0.695694963,0.6355557182,0.6252364185,0.6365518105,0.5992456203000001,0.5658912138,0.5355630655,0.4933257979,0.5169380313,0.529163991,0.54576951094,0.54567601944,0.55744114104,0.47076147176,0.49889918862,0.53785286024,0.507064892589,0.493370126667
09_WEU,1.A.3.e,Other Transportation,N2O,0.0085661412,0.007371811,0.0085775712,0.0073823412,0.0074133009,0.0074216712,0.01103022,0.01103868,0.01104021,0.01145514,0.0114265813,0.011317230000000001,0.0111132604,0.0111512404,0.0122646304,0.013023541000000001,0.01196826,0.010584392000000001,0.0101695823,0.00854418,0.0073037643,0.006668347,0.0060625950000000005,0.00406555918,0.011815462180000002,0.01245046518,0.011721493080000001,0.01214506718,0.01254977418,0.01045449618,0.00968042038,0.01041774681,0.00991872425,0.01399799909,0.01501620198,0.01424494547,0.01342160514,0.01332448722,0.0130854801,0.01243915005,0.01245629567,0.0132566347,0.03510238467,0.020067314529999998,0.02738489571,0.02469801677,0.026212683770000002,0.026339676109999998,0.03133449121,0.02571882489,0.02031965326,0.02220488574,0.01791899898,0.020227955806,0.020589117595
09_WEU,1.A.4,Residential and other sectors,N2O,21.992784887,21.741751505,22.891482858,24.125679324,22.616201595,22.607368105,23.281980367,24.203232664,24.598524645,25.414894219,25.739498111,24.641509382,24.860018447,24.951574167,25.237047221,26.060709468,25.988701932,26.580185244,26.307523908,25.7122612,26.566950194,26.739070341,26.614019075999998,26.8719218285,26.436721172,26.755825361,27.640323626,27.419428901,27.348068039,24.970920651,24.4338913,24.328797086999998,24.369705305,24.818550739,25.140728756,25.555915189,25.113521491,25.250228034,27.436006007,26.533631442999997,26.961099904,25.569832146,24.150154281,24.430577024999998,23.308828823,22.723311925,22.39306015954,22.9613332724,24.6688104465,24.86507148076,25.45590891944,25.6227033832,25.12008858502,24.265782985723,24.463297571742
09_WEU,1.A.5,Non-Specified,N2O,1.1729436568,1.1565857321000002,1.1576961179,1.1612777970000001,1.0988101397,1.0132290547,1.02351581004,1.0516617917,0.9679781607,1.003506817,0.9657257496999999,0.9954639907,0.9703309537,1.0276738779999999,0.32630589299999996,0.3236046811,0.789132815,0.783678626,0.813224745,0.761110496,0.367548097,0.4087938062,0.374341468,0.22647115,0.218844325,0.218344578,0.207863177,0.187760915,0.212370313,0.197493147,0.1091130434,0.11019062,0.100462555,0.093743129,0.09995403575,0.08970164065,0.086968742,0.076960368,0.0750683632,0.072978693,0.0721434434,0.07276345470000001,0.069831264,0.0909387607,0.0913923188,0.0868386114,0.08797912846,0.08875695103,0.09003123419,0.07961995978,0.067867487,0.07280453938,0.07352282254999999,0.0725602470973,0.071627104894
09_WEU,1.B.1,Solid Fuels,N2O,0.000153991,0.000152759,0.000151527,0.000150295,0.000149063,0.000147831,0.000146599,0.000145367,0.000144135,0.000142903,0.000141671,0.000140439,0.000139207,0.000137975,0.000136744,0.000135512,0.00013428,0.000133048,0.000131816,0.004822188,0.004791598,0.005401428,0.006011271,0.0066211149999999995,0.008358232,0.007415769,0.007517403,0.008404440000000001,0.007517403,0.008734443,0.008909989000000002,0.0075893309999999995,0.006369657,0.008838046,0.007895569,0.0072960740000000005,0.006800036,0.006849534,0.006221945,0.009323351,0.009101251000000001,0.013003124,0.014079923,0.01418666,0.012851839,0.013901599,0.013234081,0.011862158999999999,0.010127359,0.009975212,0.01005928,0.009845263600000001,0.0097427443,0.0096356375,0.0096356375
09_WEU,1.B.2,Oil and Natural Gas,N2O,0.04260909008000001,0.13861824921,0.16684115233,0.17782951239,0.18201381446999998,0.17683885844,0.1839830624168,0.1995570270989,0.20608204126889998,0.2459846006489,0.185482238475,0.15832337163799998,0.141395183403,0.12411928652000001,0.11372779152000001,0.098999457426,0.0856139930857,0.11741073410570001,0.1143999468958,0.11246924762879999,0.12524092776680001,0.1186099918479,0.1110684363869,0.11405959861699999,0.1488210454299,0.1926880291675,0.1644933163801,0.17124029988712,0.1587936023,0.1659101064183,0.1561252339941,0.14715460017,0.13853144726,0.10308121352,0.09949440721,0.09251844116,0.08865010822,0.07804052628000001,0.07028286653,0.07635472337,0.06422761443,0.06135274751,0.07022735277,0.07496249093,0.07201039219,0.07149088450999999,0.06978502829,0.0689054216,0.06474504813,0.05628098217,0.053401695277,0.047647130077,0.039995107771,0.041559485213,0.036703544387
09_WEU,2.B,Chemical Industry,N2O,347.849674,357.397174,361.624674,391.322174,423.447974,408.16375267,403.021241566,402.73248730299997,409.515146,405.30313801399996,387.86744796700003,373.37325772,356.879763853,378.586644861,370.34355473,337.082633613,320.29598585400004,333.51840894000003,304.34744905,283.250439566,248.95961027,272.71985412,275.90373093,268.35491566,273.23651992,279.69795474,286.77370668,252.00332701000002,160.48901263,149.83691382,150.22972672,137.320639306,135.914731854,138.488652611,132.506635104,125.671216543,110.789025635,102.565506637,73.768465573,66.25010772,70.777637666,68.876770154,69.238604245,68.82935293,68.952044635,68.853197462,68.117163239,67.825037528,68.10796414400001,68.136734291,70.789416175,74.69912406499999,67.883498317,64.914613187,65.196096169
09_WEU,2.G,Other Product Manufacture and Use,N2O,22.226477199999998,22.439632838999998,22.648232727,22.851723495999998,23.049422837999998,23.241085592,23.4266771,23.606852477,23.78295562,23.956738229,24.129736719,24.302484218,24.475434660999998,24.650114928,24.828199885,25.010998759,25.198652883,25.391045243999997,25.588755598,25.792340659,26.001768909,26.012199839,26.02476113,26.034403626,26.035200141,26.024040471,25.999746485000003,25.965849409,25.929782956,25.901323158,25.887221677,25.365861797999997,24.853285481,24.343769156,23.831084235,23.311938489,23.039653076,22.759728656,22.473434894,22.183076695,21.890819985,22.102230127,22.313385846,22.525133162,22.73869492,22.954117479,23.173032151,23.392894539,23.604521246,23.795712899999998,23.958246536,24.088182724,24.189786692,24.271373341,24.346232215
09_WEU,3.A.2,Manure Management,N2O,52.642785232,52.29303232,52.480406087,54.034020636,54.843683557,54.890148686,55.162573516,55.789118955,56.52264388,57.294143718,57.895723027,58.239178145000004,58.6065387,57.669280119,58.812561021,58.055358321,58.311210695999996,57.193901771,57.081387145,56.667960801,56.236545840000005,54.357737361,53.006359423,52.61720309,52.563869881,52.149733541,52.218362963000004,52.055017602,51.723305267,51.769496090000004,51.54733939965,50.71107056065,50.552879019369996,49.78428808349,49.19722782796,49.09855001896,49.02017835261,49.18234042457,49.246466331,48.9353803912,48.7052584935,48.5613011334,49.290546293,50.0434994117,50.5777694469,50.8299250815,50.7954891423,50.8434779319,52.0133580606,52.0255956454,52.0718565205,51.480569733799996,50.3042958024,49.4758314476,49.4294053064
09_WEU,3.C.1,Emissions from biomass burning,N2O,0.730920109032,0.8419975573080001,0.7862939411830001,0.756155069737,0.825394449296,0.816207551915,0.828956004778,0.81603123659,0.92800923573,0.9188388600199999,1.00608991385,0.907384110596,0.971504588651,0.925515862758,1.08930951611,0.9949727014930001,0.989810427263,0.994692049941,1.000178085084,0.910461776529,0.915601829624,0.933597380141,0.830048198965,0.8164283960280001,0.746158751689,0.703589442399,0.7883077827530001,0.737185881754,0.770120436848,0.681468900037,0.706858849346,0.617262284907,0.6436144356069999,0.582584774951,0.637405294666,0.582808723719,0.548898264867,0.505076469734,0.50806719102,0.48199692317200005,0.457649964312,0.457265519882,0.44847073644400004,0.445574536084,0.412463501008,0.431711134316,0.415134134739,0.402094173683,0.37686101327,0.37356797282,0.371424527511,0.360942194107,0.36010508124600005,0.378023963165,0.36646888361999996
09_WEU,3.C.4,Direct N2O Emissions from managed soils,N2O,403.44950333,405.911741541,407.332221232,414.882099378,411.224243722,420.88907617899997,432.52097149400004,438.768020528,454.729296106,465.032877133,469.043220221,466.19218130900003,476.978155478,480.371952519,490.137299538,486.74755461300003,495.256805717,494.15780349,495.345969794,493.670969078,483.404612221,473.63797918,455.246359323,457.381023589,456.711807044,457.468585426,469.160631592,467.014883206,474.621313353,476.45221125,463.252291925,452.60148972,449.65421359100003,446.918462258,446.557484497,437.46226486,432.88057610100003,439.10680448100004,419.271750977,424.743974938,432.30356510499996,418.223837028,426.717522016,436.46759398899997,440.95401474199997,441.88843284899997,446.391915509,444.76898736100003,434.152878145,437.74004887,433.568856321,420.04712335700003,405.82006657700003,395.735042464,389.373864379
09_WEU,3.C.5,Indirect N2O Emissions from managed soils,N2O,75.685516824,76.168482789,76.469993362,78.273897017,77.190335456,79.400484535,82.583479513,84.287695652,87.857389009,90.527908866,91.397756356,91.016794882,93.205451577,93.569803963,95.216514404,95.71669379400001,97.647031807,97.29945761,97.302504458,96.73189798,94.368999325,92.514174921,88.491561729,89.397287334,89.182143478,89.091718159,91.830257589,91.504226135,93.672352801,94.286063345,91.810826436,90.002430878,89.72510772999999,89.255178489,88.362265627,86.901447127,86.371108546,87.363141411,83.378787099,84.529802728,86.816066139,83.394043749,86.020837934,88.517654397,89.53127512500001,90.39158778800001,92.28304142100001,92.07443523,89.871187337,90.227822248,90.29034101900001,86.389365041,83.903272315,81.746634468,80.463256939
09_WEU,3.C.6,Indirect N2O Emissions from manure management,N2O,8.3833032887,8.4061437028,8.452421000600001,8.8602093095,9.0458725311,9.0069546923,8.9679892074,9.0014690384,9.099677503799999,9.1863979948,9.2674024715,9.2659903564,9.3296964013,9.2560394092,9.341948555,9.310948375099999,9.360426950099999,9.1781866366,9.1307165236,9.0525029641,9.0736848779,8.8370434979,8.6268045357,8.5553872587,8.5451006957,8.4946571857,8.5155644157,8.4949296277,8.4807749297,8.4863824787,8.488846402,8.3511767492,8.2685348206,8.1205858535,8.0591573676,8.015575287599999,7.9437517739,7.9550907176,7.9416974999,7.8976658636999995,7.893764189500001,7.812547709,7.8183554129,7.8644584272,7.91729984,8.0099098024,8.045630944300001,8.0422682023,7.9780037023000006,7.9227880127,7.9132788916,7.8396662427,7.6897789823,7.6746092143,7.6671616025
09_WEU,4.B,Biological Treatment of Solid Waste,N2O,2.187688872,2.15892246,2.130874114,2.103972053,2.078778531,2.055612026,2.037440808,2.020955321,2.00584802,1.991700392,1.978156877,1.967302131,1.9569492210000001,1.9468577839999999,1.936769156,1.926471175,1.915924618,1.905032329,1.8937780020000001,1.8821814810000002,1.870292156,2.071549008,2.441272487,2.9176346079999997,3.818781737,4.63686297,5.417504439,6.0122386,6.251917597,6.90528132,7.630742720000001,7.737050279,8.412170211,8.591376687,8.814563887,9.168882757999999,9.326393634,9.900745612,9.852860107,10.159783448,10.660637135,11.027655768999999,11.171931155,11.244254167,11.333005059,11.326503147,11.755421549000001,12.193309752,11.959844431999999,11.807926606999999,11.899734798,12.193446294,11.663017582,11.556959148,11.456237357
09_WEU,4.C,Incineration and Open Burning of Waste,N2O,2.1288424465,2.1318884933,2.1345406318999998,2.136479217,2.1371158986,2.1360558469,2.1323443454,2.1267700777000003,2.1195507046,2.1110345424,2.1014447589,2.0748190337,2.0475769034,2.0194249428,1.9899753105,1.9589191186000001,1.9227905833999999,1.885224898,1.8457855238999998,1.8039647379000001,1.760630281,1.694809403,1.7653892869999999,1.661992038,1.573899792,1.411467541,1.785069228,1.891588621,1.645614797,1.56459514794,1.71354422476,1.84056065811,1.6094627095699998,1.94452456412,1.65765782163,1.53470763607,1.72058343934,1.72157066143,1.66196664821,1.76669128382,1.81660356148,1.8837709404399998,1.52032890018,2.0698475436,1.6279585928,1.8379861605799999,1.8128020604,1.7480801288,2.1182655889,1.7494828462,1.9139358478,1.9604640407,1.9394323833,1.9777126714,2.0188597257
09_WEU,4.D,Wastewater Treatment and Discharge,N2O,22.245169059,22.40598281,22.618423901,22.984395108999998,23.213024235,23.479878641,23.775573137000002,24.070005973,24.507747439,25.013485342,25.323262885,25.230312183,25.398168946,25.656244001,26.077631288,26.790525683,26.931943431,27.267566651,27.627875347,27.590108073,28.160398073,28.219097441,28.379076973,28.433286181,28.779383805,28.894633672,29.391878135000002,29.631291006,30.073250967999996,30.341538188999998,30.477031627000002,30.805636592,31.020581278,31.115053822,31.145349965,31.326146339,31.619929779,31.870898257,32.069003319000004,32.47219494,32.910347777,33.367690765,33.707489171,34.034657029,34.377992767,34.712090131,35.033503368,35.385028284,35.741715479,36.172982427,36.512934112,36.782360623,36.948961353,37.261747966,37.579729537
09_WEU,5.A,Indirect N2O emissions from the atmospheric deposition of nitrogen in NOx and NH3,N2O,57.77356455234163,58.471873445937135,60.073606058148215,63.38106206112028,61.26053993790233,59.46441135492308,62.752575243824296,62.716638726562145,64.45422806846835,67.01603525143794,65.66840080644334,62.87553112525672,61.831182942410905,61.2301669372541,61.073052827679604,61.3078509294416,61.9360776991474,62.6954111863435,63.3369554023686,64.173979677084,63.9860761151032,63.5731960103358,62.961025340864,61.314997935147,60.520453670203004,60.055716245119,59.984086843918,57.338298875638,57.342895619968004,55.65631615849,54.399200817706,52.771825170043,50.93870766475168,50.72303201263303,49.404139678051,47.862303398678,47.296422511212,46.298408320671996,43.372462785491,40.270882815393996,39.577696479303,37.704792529750996,36.874022132642,35.28742971633,33.727003920499,33.456285485842,32.978821485759,32.836962047019,31.479310150137,30.1776741543483,26.6542927022203,27.7788814673999,26.984039473929002,25.2847968194163,24.4047923374156
10_EEU,1.A.1.a,Main Activity Electricity and Heat Production,N2O,6.185100553,6.167381720000001,6.698958899,6.997666721,7.200477568,7.441845482,7.927114129,8.283060448,10.4054326396,10.220598189,10.557947992999999,10.548272497,11.109114813,11.402015685,11.742322456,11.698705594,11.635508578,11.257461493000001,11.224119135,11.473780606,12.273719783999999,12.012092349,11.823398092,11.728884964,12.68668082,13.443524462000001,15.557329463,16.4192586558,25.714120783400002,28.92327612,33.846980972800004,29.89936432,27.612737538,26.930842462,24.4642359374,23.061244684,22.609169358,22.0106799202,19.989124883,20.1224202133,20.954192939000002,20.739922791,20.091957561999997,20.307502325,19.887887316,20.11859144,21.267320221,20.950800602,20.933865906,18.935444583,16.739620164,18.827973706999998,19.310055125,15.9935485482,14.29267309
10_EEU,1.A.1.bc,Petroleum Refining - Manufacture of Solid Fuels and Other Energy Industries,N2O,0.0907759695,0.0968305035,0.0914774471,0.09813321800000001,0.1068771333,0.1076737418,0.11592795040000001,0.1133877332,0.121651982,0.118190082,0.122981474,0.124909398,0.121146328,0.127766361,0.13764035,0.145338569,0.150050826,0.148317409,0.14303090200000002,0.163077459,0.10022560900000001,0.084516513,0.079142061,0.1070612074,0.1623271134,0.1852783164,0.1979744168,0.1876745127,0.18148934,0.15069527900000002,0.1319870733,0.1322168644,0.1112723731,0.12630903831,0.12293317040000001,0.1148806725,0.1114655913,0.12063545,0.11884193643,0.10404205505,0.105498046,0.10976631788,0.09811844418,0.09135736374999999,0.09189314787,0.09717888773,0.09608687961,0.09420458622,0.09067056935,0.08751670846,0.08121340511,0.07470883465,0.07577142544,0.0760847937626,0.0740238521779
10_EEU,1.A.2,Manufacturing Industries and Construction,N2O,2.212718256,2.224004639,2.162723257,2.183859628,2.222869717,2.35822295,2.25603411,2.378489841,2.318648961,2.4433230729999997,2.432517091,2.334763498,2.288310643,2.25032228,2.311817987,2.361317449,2.36786822,2.3616532439999998,2.407134474,2.35191647,1.725179302,1.520684354,1.420945729,1.4239280159999999,1.41027309,1.607654132,1.7184360749999998,1.660421036,1.432846525,1.237330616,1.310680818,1.237448835,1.251752122,1.271840611,1.296408081,1.271103676,1.271506973,1.283787227,1.190874941,1.101972118,1.13890553,1.223698068,1.1852174439999998,1.266351177,1.292839051,1.330586529,1.349423371,1.445135943,1.513400846,1.538188347,1.544331321,1.517414638,1.474118181,1.361736122,1.340655516
10_EEU,1.A.3.a,Civil Aviation,N2O,0.000210007,0.000210007,0.000218128,0.000223616,0.000229629,0.000252674,0.000250105,0.00025109,0.000255319,0.00025665,0.000250009,0.000262079,0.000269945,0.000280677,0.000289664,0.0002928,0.0002961,0.000299933,0.000304153,0.000307154,0.004853838,0.001231836,0.0006158311999999999,0.0013195934000000001,0.0022875212,0.0017594372,0.0020094424,0.0069174402,0.0100214312,0.0101954392,0.0069193512,0.009826989000000001,0.007118789,0.0086774,0.007681477999999999,0.007588569,0.0058244978,0.015305033000000001,0.0137338488,0.0133478566,0.014465016999999998,0.013866803200000001,0.0087943858,0.008995344800000001,0.0077266198,0.009722949,0.0108628356,0.0138267472,0.0129346544,0.0141062836,0.0093127028,0.008428346599999999,0.010503320200000001,0.0085137574,0.0089087317
10_EEU,1.A.3.b_noRES,Road Transportation no resuspension,N2O,1.286649166,1.308446832,1.385679893,1.494924281,1.487293225,1.642452682,1.736856486,1.809184077,1.893757239,1.882554815,1.807004539,1.740752821,1.705969643,1.687716058,1.7064840479999999,1.693913231,1.835650989,1.888791573,2.02687195,2.181561232,2.236831521,2.034393526,1.9309321062,1.91434681,2.015507592,2.135870993,2.466073363,2.68350333,2.787918075,2.869679105,2.819216786,2.9399994339999997,2.960162515,3.04642622,3.200979189,3.2961896092600003,3.5034605107,3.6844592238,3.8643019930999998,3.8210510904,3.8246107904,3.8172692554,3.7683552929,3.6524347721,3.8368412410699997,4.07147416015,4.413229010149999,4.84566991859,5.0191632749099995,5.20031479506,4.91005789074,5.38628101932,5.63649457069,5.72721727831,5.89939186394
10_EEU,1.A.3.c,Railways,N2O,1.5378435551999998,1.553020991,1.6030590310000001,1.628769366,1.792078563,1.880719648,1.8826145890000001,1.940026683,1.954397512,1.909476761,1.752810797,1.726610033,1.7282793440000002,1.722901662,1.702990083,1.683947468,1.686799723,1.696083413,1.653253949,1.577417611,1.3096570600000002,1.118808289,1.3555110479999999,1.338180476,1.235147972,1.17492067,1.259832294,1.243529074,1.129872995,1.082013671,1.133355291,0.912245285,0.974747521,0.9623423959999999,0.9715930159999999,0.821783646,0.799043453,0.932409135,0.9254652520000001,0.782565767,0.795276054,0.8345391785999999,0.7948518626000001,0.7379971566,0.6518631516,0.6259350816,0.5884145286,0.6056475727,0.6030562408,0.5963935229,0.5185979618,0.5479208026,0.490795168,0.48370238576,0.49537625236
10_EEU,1.A.3.d,Water-borne Navigation,N2O,0.033430261,0.031911478,0.034501156,0.032492843,0.034440101,0.031583704,0.033274026,0.033425273,0.036141611,0.031986893,0.039297768,0.035958982,0.030224103000000002,0.028895920999999998,0.028510123,0.030270497,0.029009662,0.028118589,0.024586964000000003,0.057961878999999994,0.048842487999999996,0.0429316524,0.039649737,0.0173168954,0.014864498,0.013674457400000001,0.0194214274,0.035055349,0.0234458744,0.02410221,0.015313713999999999,0.0148521324,0.016862966,0.013726781,0.011365583,0.0116678474,0.0126932724,0.0154793698,0.0182288364,0.0127044614,0.0125494294,0.01230341,0.011788106,0.013137837,0.012898627,0.013052069,0.012883381,0.013292940999999999,0.012730709,0.013537868,0.012064074,0.0136940674,0.0130010352,0.0127467196,0.0123958473
10_EEU,1.A.3.e,Other Transportation,N2O,0.0,0.0,0.0,0.0,0.0,0.0,0.0,0.0,0.0,0.0,0.00087912,0.00091269,0.00095265,0.00097902,0.00110889,0.00113895,0.00122211,0.00128871,0.00127143,0.00501277,0.0033701499999999997,0.003196,0.0010614233999999998,0.0004922104,0.0002478705,0.0002552305,0.0004240204,0.0011130400999999999,0.00063918,0.000637906,0.0018459910000000002,0.004253492,0.004013288,0.0032701349999999995,0.004231051,0.0049467,0.00454485,0.00542691,0.00549048,0.00427902,0.00406563,0.00835842,0.007771800000000001,0.008310419999999999,0.00735912,0.00766236,0.0077667299,0.0077714042,0.0080641415,0.0076011025,0.006763109,0.007041017300000001,0.0058655719,0.006160287709999999,0.006230104280000001
10_EEU,1.A.4,Residential and other sectors,N2O,4.9941272096,5.0542899816,5.3240742786999995,5.5969649854000005,5.8076000815999995,6.465703385,6.716716601,6.8923713300000005,7.259119334999999,7.24293023,7.8497996603999995,7.712501627000001,7.524034998,7.278296824,7.449113876,7.687881415,7.724086786,7.5721136609999995,8.564067125,9.599707613,8.8929007,8.034975772,7.609284843999999,8.3495847482,7.913155652,8.490453247,8.210793519,8.443851937,7.94741283,7.780261958,7.991855709,7.611738497,7.591306863,7.708531194,7.754921152,7.957878228,7.34534457,7.04041288,7.102785486,7.30267417,7.657257968,7.681643080000001,7.865963805,7.807871446,7.4731875,7.592718616,7.852701966,8.237231775,9.0498026,8.956289444,9.06737409,9.157208644,8.685687981,8.407543021,8.470123987000001
10_EEU,1.A.5,Non-Specified,N2O,0.853530071,0.857377832,0.72736239,0.748102468,0.7378860899999999,0.719610973,0.760224841,0.7430592109999999,0.820913831,0.890672388,0.819327768,0.753582989,0.8039176936,0.86482548,0.775443738,0.783647935,0.755394107,0.835350622,0.703776328,0.44860661900000004,0.397539177,0.3686003216,0.3960532556,0.331304439,0.2184021266,0.201368874,0.187288543,0.15850741299999999,0.127532637,0.137500707,0.165501445,0.1599362804,0.148769837,0.169017962,0.15430439599999998,0.163175543,0.141544528,0.160375023,0.150347784,0.127785284,0.1381079852,0.1369600204,0.1352211324,0.1423124034,0.1353170054,0.1524924874,0.1439937905,0.13005376678,0.12273275534,0.126406069,0.126695413,0.107665173,0.12239555799999999,0.121363009,0.124179178
10_EEU,1.B.1,Solid Fuels,N2O,0.0,0.0,0.0,0.0,0.0,0.0,0.0,0.0,0.0,0.0,0.0,0.0,0.0,0.0,0.0,0.0,0.0,0.0,0.0,0.0,0.0,0.0,0.0,0.0,0.0,0.0,0.0,0.0,0.0,0.0,0.0,0.000882006,0.001008,0.001260004,0.001389364,0.00113736,0.0010113659999999999,0.001263353,0.0031331989999999997,0.004047122,0.003780002,0.0047468549999999995,0.003705908,0.004063907,0.010616854,0.010364795999999999,0.011468493,0.010818728,0.008255242,0.008733395,0.008986975,0.008199305,0.007211899,0.005917456,0.005917456
10_EEU,1.B.2,Oil and Natural Gas,N2O,0.012124492037000001,0.012817281037,0.012354307018,0.011867870314,0.01688657297,0.012445989258,0.013114754641,0.014672601297,0.013237253003,0.012584736791,0.014912502431,0.014122953645999999,0.00829019467,0.008375036907,0.008711702526,0.00883626746,0.00873659318,0.00690438685,0.006275708069999999,0.00382330317,0.003296260962,0.002952211231,0.002766061153,0.00277897958,0.004502973965,0.00446200301,0.004367822683,0.004938024506,0.00426161528,0.0043953267770000005,0.005160295022,0.005271061153,0.005375332262999999,0.005775575414,0.005232607694,0.0055708626452,0.0049803401852,0.0040084175964,0.0029931911864,0.0026410906364,0.002438613331,0.0024748251776,0.0033891376776,0.0032724687964,0.0036453355364,0.0040194405064,0.003929529344,0.003176790561,0.004865388079,0.005778880236,0.005670765285,0.005386963002,0.004796301672,0.0042915994490000005,0.0039298886206
10_EEU,2.B,Chemical Industry,N2O,99.3892,102.59393,104.60394,119.38423,125.32327000000001,126.69478207,126.238930667,125.172910766,123.264522,120.55192139,115.81636166300001,113.529056,105.480698,103.63571334,101.429798,93.25594,88.149889333,85.474558,80.799104003,73.675155333,54.87605111,39.7963085,38.95208707,39.88935358,43.00504958,45.37353488,49.41572583,45.98541837,40.919768930000004,38.958257,48.255547,47.31487628,40.319946,44.639329000000004,49.24662,51.197646999999996,46.327653999999995,47.40222275,43.091372,36.1613235,42.2348995,45.143739,44.3621515,42.957216,44.6601695,43.5112915,43.712757,43.979027996,43.738399833,43.799564763,43.696054991,45.670494987,42.041190661,38.962520292,38.652719704999996
10_EEU,2.G,Other Product Manufacture and Use,N2O,2.2863242002,2.3015368319,2.3178081111,2.3349515198,2.3526637515,2.370652116,2.3889315819,2.4073812191,2.4254775851,2.4424422494,2.4577449493,2.4710231908,2.4823582872,2.4922725845,2.5015056584,2.5105839221,2.5197346172,2.5286054564000002,2.5364406547000002,2.5421801621,2.5450670412000003,2.5549725921,2.562077907,2.566987982,2.5705202995,2.5733579092000003,2.5757157885,2.5775338579,2.5790695692,2.580456925,2.5818605762,2.7111187063,2.8401796211,2.9692429877,3.0985341322,3.2281546069,3.2073219892,3.1887462095,3.1721334218,3.1568352575,3.1423386521,3.1394283729,3.1357554578999998,3.1314553993,3.1267863573,3.1219556992,3.1169482006,3.1116588645,3.1060384122999998,3.100056922,3.0936617223,3.0869153748000002,3.0795693114,3.0719552254,3.0637515797
10_EEU,3.A.2,Manure Management,N2O,20.607548472,21.456438395,21.990150516,22.547710778,23.513065048999998,23.988783994000002,23.622947288,24.349037051,24.55258666,24.944095745,24.860471012,24.678866866,24.791238919,24.530811484,25.28596421,25.19263957,24.409124449,24.403066405,24.041768225000002,23.950590040999998,23.464123407,22.209004579000002,19.817241824,17.267839764,16.065905242,15.256056654,15.053220486,14.845973846,14.359562195,14.05004695,13.271978201,12.758859507,13.036359866,13.141303803000001,12.820807237999999,12.639027496,12.754028165000001,12.751485288,12.248303152,11.721199698,11.643277461,10.999115734,10.613346072999999,10.542252469,10.670882305,10.751021636,10.655578273,10.648435013,10.469324624,10.341996449,10.412372121,10.035820432,9.832018196,9.767725604,9.6841122
10_EEU,3.C.1,Emissions from biomass burning,N2O,0.1826008503,0.2146184161,0.21777811979999998,0.218856366,0.2333348512,0.2199584836,0.24204509589999998,0.24457033990000002,0.23627546940000002,0.227200963,0.2398004072,0.2252466248,0.2507465157,0.24786787870000002,0.2649531827,0.2394899092,0.2505081917,0.23799433890000002,0.2436533968,0.2516856985,0.24047410319999998,0.2536122735,0.183176254,0.1870856008,0.19845242270000002,0.20098992059999998,0.17430162259999998,0.21862413679999998,0.2040908474,0.1982256533,0.1689735262,0.2139120014,0.1957905919,0.1500149438,0.2356230298,0.2108338933,0.1845188981,0.1595177126,0.2044388737,0.1951170485,0.18986930127999999,0.20503742363,0.16506909092000002,0.20369181337,0.2221761891,0.19798421633,0.2219277158,0.1922496339,0.21354287649,0.21601255862,0.2121628038,0.2190881616,0.19723618893,0.2129503769,0.1989544852
10_EEU,3.C.4,Direct N2O Emissions from managed soils,N2O,161.394772402,164.978230617,166.574181426,168.608201573,174.436251086,181.46648511200002,179.688727505,183.72740978,190.379080814,190.686170218,190.942382679,192.75473650200001,195.769288568,196.191820457,200.238239843,197.78847789,198.54369112199998,195.410038066,200.846324237,199.616913506,176.81861927399999,149.965871688,138.625581684,134.229642748,128.8848567,125.251895007,127.494129582,130.431249628,125.606495528,122.059888778,121.73638119,125.22520804700001,122.79730065,120.882079119,127.364865455,126.807396803,125.982989096,128.026875732,128.40963848,128.1747503,127.797536952,132.068827226,133.833860042,137.121531753,138.47744170800001,140.707636011,145.476208312,147.467870444,142.639370959,144.180920139,148.367821576,143.044296714,135.944618098,135.407764682,133.089750911
10_EEU,3.C.5,Indirect N2O Emissions from managed soils,N2O,31.466678942999998,32.743935974,33.205499148,33.800960938,35.41050707,37.526694709,36.717592552,37.771713039,40.023377947,40.137847207,39.974269091,40.919450456,40.7548599,40.62668698,41.602961221,41.123150762,40.979331719,40.430609405,41.722673312000005,41.699249776,36.370062383,30.199494346999998,27.240509763000002,25.327376208,23.529362375,22.650857563,23.37137827,23.893121615000002,22.931736138,22.297704086,21.842907786,22.33075985,23.148096699,22.676532979,23.363195318,23.199243594000002,23.170649992,23.861038264,23.434420592,23.392541492,23.55826647,23.952378858,23.949026712000002,24.619141574,24.816858025,25.654787709,26.94637377,27.292321543,26.018484131,26.359031571,27.554371936,25.891250733,24.633090219,24.499478025,24.065578057
10_EEU,3.C.6,Indirect N2O Emissions from manure management,N2O,3.2683725750000003,3.4394160670000002,3.5428962999999998,3.6687481,3.830723698,3.905967349,3.8490449350000002,3.933773312,4.014683509,4.057856511,4.047933368,3.997469899,4.0423810079999996,3.958556909,4.070818134,4.066824962,3.974203594,3.966397162,3.926280115,3.909056113,3.789903747,3.621023959,3.226449749,2.865426398,2.700886223,2.572276073,2.52684628,2.491468379,2.4060492680000003,2.352853084,2.208404724,2.1224102339999997,2.224871473,2.198495496,2.151113303,2.137657361,2.169209044,2.171869956,2.089236997,2.024282145,2.050570644,1.935237605,1.8701729519999999,1.8645788730000001,1.894428717,1.9121026239999999,1.910150781,1.9230219640000001,1.906560765,1.900686919,1.921845476,1.833097488,1.8130265859999999,1.803031121,1.794813448
10_EEU,4.B,Biological Treatment of Solid Waste,N2O,1.385287923,1.374442548,1.364389977,1.355240198,1.3471768259999999,1.34033184,1.333699749,1.328286024,1.3241827640000001,1.321484775,1.32020397,1.320713393,1.3220056980000001,1.323982424,1.326539011,1.329530787,1.333092488,1.337153177,1.34047856,1.341350895,1.338611069,1.401769583,1.382145287,1.370142333,1.408758437,1.357933136,1.365839645,1.376558798,1.382583181,1.40350653,1.410911861,1.436847682,1.432647119,1.469942638,1.479128705,1.5741540660000002,1.658699958,1.662511169,1.728228752,1.665882382,1.707334116,1.6519649379999999,1.9424583850000001,1.9429039559999999,2.09023253,2.267112059,2.31743515,2.3745836000000002,2.460895576,2.557418713,2.736165565,2.755031134,2.787689675,2.8703108900000003,2.959885323
10_EEU,4.C,Incineration and Open Burning of Waste,N2O,0.044955822,0.045771855599999994,0.0467045137,0.0476432427,0.0486570293,0.049639300299999994,0.0506202458,0.051640784,0.052679941099999995,0.0536998743,0.0546944484,0.0554303685,0.0561444854,0.0568294971,0.0575059537,0.0581459389,0.0587032047,0.0592084385,0.059664243,0.0600778201,0.0601962172,0.056768753400000004,0.052460592800000004,0.0530042379,0.0538931984,0.0552998601,0.0559232514,0.0563578435,0.061637997,0.0567129354,0.0695031892,0.071975682,0.0765269671,0.0796144933,0.0837892469,0.0837542911,0.1058840844,0.0555917823,0.0638178595,0.06326888126,0.068618759,0.0549175861,0.0551377548,0.0551835448,0.0537300499,0.0518176933,0.059094829700000004,0.0553197816,0.0553241754,0.058625113699999995,0.08080922410000001,0.053532439300000005,0.05272232,0.052157345199999997,0.0521066838
10_EEU,4.D,Wastewater Treatment and Discharge,N2O,6.513139266,6.663863464,6.785969969,6.88780487,7.093319854,7.215001771,7.378565067,7.394745036,7.5523249429999995,7.601378273,7.654169449,7.608058928,7.322596505,7.460159558,7.507838087,7.665793089,7.773390011,7.806154929,7.862350997,7.848318686,7.790076449,7.518732479,7.453665945,7.432924995,7.395734515,7.414888659,7.439956453000001,7.419622819,7.398833056999999,7.351404317,6.8435519199999995,7.348879786,7.402359141000001,7.445782643,7.457756476999999,7.464921236,7.463368859,7.457328695,7.4585719049999994,7.599493460000001,7.737125745,7.839833683999999,7.837737869,7.852267005,7.883718856,7.956270079,8.024537164,8.076370621,8.098816211,8.11288775,8.146728003,8.137175119,8.066455297000001,8.064472235,8.063041652
10_EEU,5.A,Indirect N2O emissions from the atmospheric deposition of nitrogen in NOx and NH3,N2O,15.242949793,15.265933308,15.359478828999999,15.774319913000001,16.06494516,16.593840807,17.115016777,17.629988774,18.372092017,18.534611891,18.116015802,17.794762581,17.674976191,17.791583895,18.023424701,18.185273061,18.446247058999997,18.511305009,18.36686007,18.460557673,16.780580022000002,15.226331516,14.110667987,13.33677114,12.800692445,12.746330991999999,13.685820595000001,13.122913611,12.392774054,11.249111263000001,10.984139038,11.071581419,10.697392471,11.060260796,11.219561090000001,11.228030378,11.348462111,11.375901939,11.155368887,10.392430477,10.367262731,10.355327522,9.955102427,9.475495055,9.164323611,9.194889634,9.349243049,9.636718893,9.514077763,9.219779906,8.561736743,8.866775567,8.532190867,7.746315868,7.437169435
11_CAS,1.A.1.a,Main Activity Electricity and Heat Production,N2O,2.856158572,2.855991013,3.0397186480000005,3.300335827,3.477595824,3.696268669,3.7894365580000002,3.7628933009999996,3.9900652269999997,4.0139448259999995,4.11603045,3.870689842,3.970579839,4.032414324,4.0216310349999995,4.010274046,4.2075605650000005,4.377413929,4.365784047,4.305580385,4.693808595,4.408408359,4.119968239,3.8150506570000005,3.445733212,2.893198221,2.372246228,2.127010103,2.150232778,2.073056468,2.182495524,2.020814453,2.217731659,2.462734387,2.2840542960000003,2.284803185,2.77802213,2.873449515,2.845136452,2.557462276,2.686336712,2.86987636,3.040640382,3.133039849,2.95674043484,2.54543190057,2.96196916346,2.88172178839,3.02458858292,3.00026139094,3.0537425000300003,3.15775660059,2.97088001267,3.17885659779,3.1756756402999997
11_CAS,1.A.1.bc,Petroleum Refining - Manufacture of Solid Fuels and Other Energy Industries,N2O,0.08168083003000001,0.08168083003000001,0.08606550338999999,0.09088642281999999,0.09579202659000001,0.09778775375,0.10263598564,0.10615646118,0.13716567637,0.1406750869,0.1434016286,0.1442628909,0.1455116152,0.1455826201,0.1466237295,0.1496211754,0.15034945900000002,0.153376299,0.1543631659,0.15425102499999999,0.164928932,0.11719884,0.09409419100000001,0.079087833,0.07699214900000001,0.071989791,0.059761108,0.059390103,0.058951409,0.055330143,0.06280639,0.067517727,0.078297171,0.08681445900000001,0.09947202599999999,0.10119840819999999,0.106147868,0.1070219036,0.2007460754,0.1514217114,0.18818886440000002,0.1686508692,0.155705462,0.18833221990000001,0.0726610689,0.0990824532,0.12065122402000002,0.115314059,0.1209513395,0.10301011395,0.09778207068,0.11861325284999999,0.099414017,0.103760277648,0.102473768347
11_CAS,1.A.2,Manufacturing Industries and Construction,N2O,2.3754361680000002,2.3754361680000002,2.5236273860000003,2.652661242,2.749484589,2.838046416,2.9349047639999997,3.033624467,3.200237467,3.2859095689999998,3.415222355,3.180992434,2.8725031899999998,2.5726759930000003,2.3016040259999997,2.0895407820000003,1.949581361,2.226645924,2.3302170610000004,2.268452424,2.4720122786,2.5026600996,2.3403312716,1.8382015286,1.3926985076,1.3669647485999998,1.1274088786,1.0321803386,1.0224185476,0.9084238506,0.6240354565999999,0.7356595996,0.6451920136,0.8918360089999999,0.9148743746,0.9970360566,0.7871303276,0.9433054242,1.1265303616,1.0106235042,1.0965230482,1.2607417444,1.2759196320000001,1.2650759654,1.129275883,0.7693021608,0.754206735,0.6978595446,0.7350386208,0.7249192308,0.7039305236000001,0.7128473587999999,0.5591388626,0.5398142350367999,0.5385806680367999
11_CAS,1.A.3.a,Civil Aviation,N2O,0.053576748,0.053576748,0.055648544,0.057048665,0.058582616,0.064461914,0.063806463,0.0640579,0.065136629,0.065476269,0.06378212899999999,0.066861182,0.06886809399999999,0.071605986,0.073898803,0.07469872799999999,0.075540728,0.076518585,0.077595292,0.078360745,0.044899999999999995,0.035605991000000003,0.032460003,0.016112005,0.021347995199999997,0.045723995,0.042576,0.037498,0.046029994000000005,0.046799992,0.049473988,0.039489997,0.043105999,0.037000004,0.039835992,0.043287199,0.043259199,0.039049197,0.044293202000000004,0.041713195,0.052203200000000005,0.050041994,0.020747085999999998,0.0227970688,0.026471774,0.0250041848,0.039372981800000005,0.0482669868,0.0581419288,0.047491645,0.0176724844,0.030444233799999998,0.0474769804,0.056719679800000006,0.058956140100000005
11_CAS,1.A.3.b_noRES,Road Transportation no resuspension,N2O,1.8342905350000003,1.786408453,1.9493013660000003,2.101639056,2.235639065,2.48728667,2.6693872,2.666077722,2.712099761,2.794561552,3.015696441,2.963529143,2.8923761459999997,2.818560007,2.824180949,2.830419852,2.942250236,3.0487549840000003,3.16270259,3.2646862010000004,4.6785528780000005,4.954732182999999,3.303917522,2.707062487,2.044407616,2.176419804,2.077067044,2.288929877,2.288547269,2.1877063999999997,2.3607605830000002,2.477277046,2.761707065,2.83891299,3.190116231,3.179669279,3.760791544,4.522252842,4.6669162889999996,3.4750906859999997,3.753190217,3.790370298,3.9674146429999997,3.918013322,3.868782273,3.5612952940000002,3.4408908670000002,3.320518603,4.163830651,4.2786707999,4.4456350137000005,4.66417733859,4.70619703252,4.96209914009,5.17004118284
11_CAS,1.A.3.c,Railways,N2O,2.7073292650000003,2.7073292650000003,2.8063958430000002,2.872940813,2.945959999,3.228714143,3.1919367469999997,3.200346571,3.247554189,3.258975243,3.172225744,3.3186251220000003,3.4141607890000003,3.5412101390000004,3.6495776500000003,3.685163297,3.722367072,3.767228921,3.81601794,3.852919794,2.1758260316,2.3902859196,1.9640431176000002,2.0318608546,1.2533248596,1.3564500136,1.1752659676,1.2202083996,1.2857812086,1.1129207586,1.0630159636,1.0481125196,1.0934715871999998,1.1705571336,1.1927179736,1.2474086536,1.3106433112,1.3714093702,1.2066043298,0.8722570378,0.9018588432000001,0.8954844268,0.854190426,0.8261079204,0.786807098,0.62972573,0.7520699912000001,0.7258539572,0.5207400596,0.3772986075,0.3284415224,0.6266606422000001,1.2121482893,1.6857352645,1.7383297031000002
11_CAS,1.A.3.d,Water-borne Navigation,N2O,0.0069057879999999995,0.0069057879999999995,0.0071728339999999995,0.007353301,0.007551021,0.008308835,0.008224349,0.008256759,0.008395802,0.008439579000000001,0.008221213,0.008618088999999999,0.008876769999999999,0.009229672,0.009525205,0.009628311,0.009736841,0.009862882,0.010001665,0.010100328,0.0057873970000000005,0.005105794,0.005190996,0.005105199,0.004085203,0.003574397,0.003745202,0.004000604,0.003574605,0.0017038014000000001,0.0022150014,0.0024706054,0.002556008,0.001959606,0.002215202,0.013461605000000001,0.014143201000000001,0.0146085286,0.012907186999999999,0.005764635,0.0115329344,0.0077766064,0.008485053,0.0077895884,0.006915258400000001,0.0072222388,0.0072868168,0.0077894444,0.007037115,0.014005898999999999,0.0035740158,0.0056929394,0.0055906082,0.0068953892,0.0065745663
11_CAS,1.A.3.e,Other Transportation,N2O,0.43497126799999997,0.43497126799999997,0.433183251,0.430637584,0.428224061,0.428526203,0.411109475,0.398940138,0.383540065,0.367303812,0.34977313400000004,0.34436699800000004,0.341217949,0.326059798,0.31988790500000003,0.310384184,0.299541279,0.292424967,0.282578357,0.282911091,0.067888859,0.03118233,0.02188425,0.02279118,0.017270426999999998,0.022104987,0.023944078950000003,0.02007836886,0.020771279,0.022300078,0.024011881,0.025059271100000002,0.026328092,0.0270815699,0.02835807,0.0292749298,0.0292788004,0.037746695999999996,0.037617992,0.026234731,0.024922875100000002,0.02760219,0.0222602622,0.02405270584,0.02434207484,0.02720904591,0.01958119286,0.02104620507,0.02039649569,0.017778846600000002,0.01374948854,0.01718860803,0.014494479409999999,0.01434278407,0.01354795396
11_CAS,1.A.4,Residential and other sectors,N2O,7.073182403,7.073182403,7.44208492,7.792786725,8.099551385,8.836164569,9.056834342,9.272512634,9.494811303,9.694083875,10.102495632,10.184446697,10.245184625,10.329895593,10.514435835,10.492313314,10.512068743,10.551072877,10.543259158,10.525713005999998,8.393925622000001,8.445949984,6.302238737000001,5.8028416389999995,4.496762233,4.5606995,4.995436015,5.160872546,3.638771419,3.096910651,3.5323695929,3.2732628719,3.4571805679,3.5648584178,3.6431111999,3.842646063,4.0477900170000005,4.403021114,4.3680693790000005,3.992845173,4.11904895,4.605662956,4.427074911,4.444046434,4.52392537,4.34420836,4.658442264,4.589575191000001,4.730537619,4.71416326,4.3956834570000005,4.679786729,4.372527462,4.2336489340000005,4.267166049
11_CAS,1.A.5,Non-Specified,N2O,0.736920446,0.736920446,0.7602021050000001,0.78007614,0.8059882780000001,0.840370577,0.851315587,0.863049925,0.874101531,0.889929792,0.925872017,0.924602521,0.92383585,0.917234471,0.9376494230000001,0.951022772,0.938762171,0.95493445,0.954818395,0.941282631,0.786756402,0.704781324,0.58356688,0.435484669,0.38261158,0.25920352,0.20724848099999998,0.182879217,0.200654216,0.187947789,0.1673708839,0.148116177,0.1512135559,0.1564219252,0.16449569120000002,0.196105107,0.1838340579,0.1912698348,0.3347756478,0.23694737500000002,0.26517125599999997,0.30152374390000003,0.31676435000000003,0.3281081646,0.22630178180000002,0.1445123208,0.10761628239999999,0.0859250458,0.0727049472,0.076739582,0.11691403819999999,0.0741197848,0.1482345782,0.15030971021,0.15455289221000001
11_CAS,1.B.1,Solid Fuels,N2O,0.001738025,0.00172412,0.001744428,0.001768732,0.001791834,0.001685549,0.001820366,0.00185649,0.003298807,0.003356955,0.003320347,0.003290938,0.003293786,0.003262384,0.003326592,0.003464096,0.00347451,0.003474422,0.00348625,0.003487586,0.00413952,0.00362208,0.00297528,0.00181104,0.00155232,0.00090552,0.00077616,0.00077616,0.00038808,0.00077616,0.001293602,0.002199122,0.0023284819999999998,0.002845912,0.002457832,0.0034927120000000002,0.0034927219999999998,0.010995594000000001,0.011642402999999999,0.015652563,0.016170003,0.016946163,0.016558082999999998,0.018483736,0.019906697,0.0223792903,0.026053628,0.028766416000000003,0.0288114673,0.0260268333,0.0284295701,0.0285119903,0.022089018000000002,0.0219110333,0.0219110333
11_CAS,1.B.2,Oil and Natural Gas,N2O,0.0054319195,0.0054319195,0.0056969085,0.0060332041,0.006262467,0.0066285831,0.007032779,0.0073660224,0.0076215653,0.0078333094,0.007995836499999999,0.00808737,0.008281609399999999,0.0588389985,0.060018579999999995,0.0634827354,0.0568006127,0.0531151954,0.10583943809999999,0.1033368336,0.026216131799999997,0.06788402539999999,0.06894982079999999,0.05380819471,0.11110762744,0.11469239201,0.13518895592,0.14650321946,0.17391210793,0.16683902580999999,0.19036470375,0.20479929202,0.2799318448,0.28271510168,0.27403471929,0.296721244427,0.30685515569300004,0.26620405618,0.29388533221,0.24700195106,0.21378420584,0.23854164649,0.26240304266000003,0.24477534853,0.23334707602,0.214534154007,0.178198993952,0.165274753364,0.152172428309,0.129045075005,0.12922651257,0.11532682544600001,0.09910329272299999,0.105709364624,0.11454962475899999
11_CAS,2.B,Chemical Industry,N2O,63.176500000000004,65.5021,68.2077,73.8545,77.9889,75.1734,75.68032333000001,76.80476,75.09308,72.99006666999999,77.6137,75.96324,71.07762333,70.18336000000001,68.71854,63.873799999999996,62.097809999999996,60.66346,52.458709997,54.49027333,30.84416,28.20817108,25.400067280000002,22.33442046,19.036090820000002,15.312623239999999,17.48487978,19.12030192,16.43439999,17.5859217,19.92627292,18.18482903,22.381562049999996,23.126763439999998,21.08358566,23.469651609999996,25.64244583,29.79160688,27.56022331,20.96394671,25.302869769999997,30.1259265,29.3132925,24.2977505,22.2356705,18.5818505,21.7050905,20.840870499999998,20.375937167,20.973966056,17.62607255,17.322541138000002,14.628541747,15.403971011,15.834285414
11_CAS,2.G,Other Product Manufacture and Use,N2O,0.388495463,0.39318850099999997,0.397626131,0.401862161,0.405976924,0.410032125,0.414038258,0.417994946,0.421944074,0.42593476500000005,0.42999778,0.434100577,0.438218334,0.442394117,0.446684374,0.451092601,0.455692022,0.460369886,0.464735976,0.468264893,0.470596799,0.473610277,0.475418601,0.476356374,0.476920311,0.477481127,0.47815771599999995,0.47887887300000004,0.479616851,0.48028761299999995,0.48084404599999997,0.476878518,0.47296586,0.469168627,0.46555425500000003,0.462172468,0.571505678,0.679966749,0.787808684,0.8950723700000001,1.001628028,0.999763287,0.9980675720000001,0.996494119,0.994999594,0.993545201,0.99209215,0.9906003609999999,0.989032199,0.9873482640000001,0.9855185649999999,0.9835120980000001,0.9813381439999999,0.9789843770000001,0.976453456
11_CAS,3.A.2,Manure Management,N2O,17.737161207,18.903378280000002,19.724168014,19.917555941,20.528976438,21.224220526,21.248272219,21.445654719,22.216638343,22.727691794000002,23.030826261999998,23.085410729,23.363343899,23.863539445,24.551117757,24.985624484000002,25.26152639,25.865239877,25.233214611,25.791382549999998,25.825330808,24.664058002,23.277584753,21.755450352,20.743688481,18.809304125,17.232448169999998,15.334793885,14.103517304,13.743092902,13.559375705,13.353983104000001,13.736493011999999,14.063901931,13.952303849,14.241145731,14.620247739,15.118509593,15.520482237,15.951059227,16.413984057,16.923801027,17.171208079,17.794117948,18.162274568,18.541387767,19.580018539,20.006262893,20.384634232,20.645007757000002,21.078429374,21.62387439,22.094274369,20.412556198,20.367638587000002
11_CAS,3.C.1,Emissions from biomass burning,N2O,0.724948959,0.708102541,0.671248486,0.820096991,0.722113212,0.588044122,0.8029727090000001,0.751841509,0.8708869770000001,0.7067324589999999,0.742435201,0.6494866730000001,0.706375504,0.695539538,0.645030835,0.688672327,0.739241164,0.7292928,0.7092995700000001,0.750326438,0.794852083,0.6253052490000001,0.713666203,0.705739881,0.564396933,0.5294059520000001,0.473342828,0.575948429,0.45321454,0.500317123,0.468349085,0.6439137030000001,0.660696151,0.56012768,0.651925095,0.65365557,0.6433102949999999,0.6181514810000001,0.761774477,0.765370172,0.642693835,0.878192705,0.685017959,0.853172588,0.853654383,0.857034799,0.912746906,0.88419656,0.9087103759999999,0.9296947320000001,0.868269431,0.994632788,0.8118007949999999,0.8261815259999999,0.8991280420000001
11_CAS,3.C.4,Direct N2O Emissions from managed soils,N2O,160.320798741,163.548983999,165.073193604,169.048196732,171.176624911,170.483424802,177.191081959,179.381615038,184.67027469200002,182.86880514,184.23902447400002,182.492446083,184.639943332,188.765931708,189.834965597,192.87330933200002,195.695568316,196.85642604699999,191.76911682199997,186.513630278,184.778843073,176.38866995799998,168.73103809199998,163.20356320899998,155.71489430100002,144.254535116,134.93809124,129.774539868,118.709866207,118.456262278,116.995909598,119.302216466,120.783135311,120.799381351,122.47598300499999,123.829080181,127.298642318,129.904508672,144.980559772,145.430914798,146.556013775,161.924463773,160.468209195,166.134624839,168.205238937,169.399267222,176.919859166,181.661111293,181.719385242,186.338561627,189.794441336,191.532256699,169.11834680500002,164.64132561399998,165.390486401
11_CAS,3.C.5,Indirect N2O Emissions from managed soils,N2O,24.00466369,25.097488667,25.634398621000003,26.241505827,26.915677229,27.096404002,27.868905402,28.523506981,29.733970465,29.621543836,29.985856451,29.804796299,30.174135194,31.128900289,31.437991291,32.049831962,32.615915296,32.904689593,31.874816311,30.983887303,30.678453442,28.917987348,26.955231582,25.128535437,23.301106865999998,20.996038712999997,19.03785147,17.767002196,15.607250957,15.411486319,14.992911652,15.127448015,15.385386423,15.490029037,15.513020588,15.867187088,16.654337702,17.251809936,20.468206522,20.553469872999997,21.208511569,24.406299639,24.060766378,25.623387637,26.263492460000002,26.658922369000003,27.994764049,29.177876259999998,29.051733813,29.757530742,31.040462429999998,30.770475859999998,26.317404949,25.516451256,25.614629404
11_CAS,3.C.6,Indirect N2O Emissions from manure management,N2O,3.368485229,3.5942955899999998,3.705076523,3.7080496189999996,3.814675825,3.9219892470000004,3.818454802,3.8787747140000004,4.015839618,4.095268546,4.1405547700000005,4.144836852,4.169813074,4.225004457,4.307467629,4.318511382,4.309911401,4.337806091,4.234014325,4.26934566,4.21538294,4.115598384,3.4743137230000003,3.288297512,3.163378676,2.875366984,2.612663763,2.3132290180000004,2.081742657,2.021825629,1.941628058,1.839417508,1.877550411,1.923830945,1.841743396,1.82617351,1.8627302870000002,1.884326915,1.868266753,1.877599656,1.933182091,1.980028688,1.99422743,2.037929337,2.060621219,2.0556687559999998,2.076271152,2.099088453,2.108565794,2.121731166,2.1405131649999998,2.1335555250000002,2.132974694,2.13574517,2.136388181
11_CAS,4.B,Biological Treatment of Solid Waste,N2O,0.077774301,0.076529644,0.075326193,0.07417291000000001,0.073083828,0.072066546,0.07115737200000001,0.07030779399999999,0.069509571,0.068752783,0.068030567,0.067388446,0.066778155,0.066198192,0.065646826,0.065123644,0.064753514,0.064407658,0.064090411,0.063807227,0.063562113,0.061419598000000006,0.05818021599999999,0.05476448,0.050902318,0.046133047,0.04105123199999999,0.035243613,0.03101892,0.028492849,0.024808912000000002,0.022253728,0.021616145,0.019849904,0.017980026,0.017520662,0.017531615,0.01710447,0.016516548,0.016519827,0.014398899,0.018347117,0.019871349000000003,0.021399696000000003,0.030417612999999996,0.072458796,0.065393866,0.050899018,0.055242666,0.023804104,0.022089958,0.09801214600000001,0.108157496,0.119609191,0.133162834
11_CAS,4.C,Incineration and Open Burning of Waste,N2O,0.017094157,0.017106497,0.017139424,0.017158952999999998,0.017161435,0.017144499,0.017088181,0.01701345,0.016922331999999998,0.016817555,0.016700938,0.016555155000000002,0.016397113999999997,0.016226686,0.016043672,0.015847452999999997,0.015592275999999999,0.015324598000000002,0.015041693,0.014740131,0.014376672,0.013861652999999998,0.013154591,0.012474605,0.010676278,0.009923004000000001,0.009621648,0.009913853,0.010154367000000001,0.010575234,0.011403158,0.013563422,0.01244905,0.014609851,0.016239577,0.016019869,0.016227593,0.0167289598,0.019646030000000002,0.016067856,0.01809765,0.020440332,0.012231526,0.006886019,0.014045381,0.010974301,0.022666853,0.025913501000000002,0.030126033000000003,0.037311077,0.030313180999999998,0.033218561,0.03481197,0.036591127,0.038565546
11_CAS,4.D,Wastewater Treatment and Discharge,N2O,5.574016112,5.6516905379999995,5.729444527999999,5.8061809570000005,6.053235485,6.1838760630000005,6.134587895,6.079365241,6.200332126999999,6.322685555,6.26380097,6.328326189,6.3940701429999995,6.461213558,6.594366819,6.795421376,6.870625886,7.013113699,7.087528635,7.1544276490000005,7.039245931,6.844071618,6.952548461,6.798384485,6.746362243,6.687063189,6.653209154,6.559977585,6.487301594,6.5034129620000005,6.506551189,6.544709741,6.644373251,6.785739931,6.927129271,7.057050059,7.136925419000001,7.228437499,7.2767952959999995,7.5494734590000006,7.823163122,8.175389492,8.361441706,8.451641820999999,8.53388293,8.613137095,8.744623283,8.865503568000001,9.018139752,9.148146020999999,9.231515303,9.265518541999999,9.331744812,9.424993061,9.521471619
11_CAS,5.A,Indirect N2O emissions from the atmospheric deposition of nitrogen in NOx and NH3,N2O,16.402834824,16.395838479000002,17.295870918000002,18.329136006,19.228155719,20.145938243,20.631038688,20.857154150000003,21.603639440000002,21.969016279,22.700623391,22.046306697,22.597197747000003,21.860140818999998,21.094589893,20.649341821,20.341081959,21.9012182,21.849097987,21.430521743,23.461625578,22.787115141,19.222129012,15.846175558999999,13.049431334000001,12.08020218,10.728981304,10.332479799,11.32249011,9.875615514,10.19469501,9.500292058,11.235913585999999,10.408801571000001,10.487006683999999,10.599471883,10.977708051,10.736506275,11.545325463000001,9.844214560000001,11.053937919,10.551800930999999,10.902899635,10.351648993,10.080151962,9.021315913,8.535740288,9.626225317,9.13070449,9.501059252,9.074971092,9.705971595,8.886862483,9.080745236,9.158151909
12_MEA,1.A.1.a,Main Activity Electricity and Heat Production,N2O,0.14879904437,0.14893043137,0.17614331587,0.19887643487,0.21973947037,0.25622769166,0.2899181373,0.3425811333,0.3933025329,0.442088203,0.5157409883,0.578991865,0.67572323,0.772402521,0.860427657,0.9101193280000001,0.9964402849999999,1.033460656,1.088458943,1.097909351,1.127010627,1.098262333,1.328423997,1.556442799,1.694238577,1.802756396,1.855357373,2.117356464,2.03062665,1.941850541,2.10728291581,2.2919180680999998,2.3523007370999998,2.44214462604,2.58813722904,2.6395641701,2.80208607804,2.8396505722,3.0373587283071,3.2094888478226,3.3250728077849,3.52767695491,3.85977217084,3.89047561737,3.95950882647,3.9992988934700002,3.72695118117,3.66081249241,3.4593380853799998,3.68299994531,3.6080897092799997,3.8033320492000002,3.91303788186,3.9045972884889997,3.90655544275
12_MEA,1.A.1.bc,Petroleum Refining - Manufacture of Solid Fuels and Other Energy Industries,N2O,0.085772748,0.085772748,0.089326531,0.103781299,0.110533492,0.110876339,0.126721061,0.13956754400000002,0.149802025,0.159265322,0.134256932,0.132403651,0.148268402,0.163858488,0.164450637,0.178188656,0.191002015,0.219487984,0.238653321,0.238176144,0.231582226,0.222971055,0.232562021,0.253477669,0.263617425,0.274131085,0.285741377,0.297283457,0.305240351,0.361329993,0.362669119,0.34621026099999996,0.368773726,0.368961965,0.380102073,0.424466379,0.397012622,0.381500752,0.381047954,0.40916916200000003,0.426475787,0.415654458,0.424446668,0.431785396,0.541837546,0.496819254,0.485178487,0.49195923399999997,0.503219661,0.49652214499999997,0.524986921,0.547353711,0.573330575,0.5870671105,0.5949604625
12_MEA,1.A.2,Manufacturing Industries and Construction,N2O,0.36935516399999996,0.36935516399999996,0.393128467,0.425484784,0.467803817,0.498305757,0.5432191239999999,0.594427296,0.645484337,0.809722392,0.942986565,1.010119003,1.082137077,1.092613015,0.922305545,0.96177524201,0.9437189481,0.9948156608,1.0249216499,1.0766024498,1.080236217,1.1486413348,1.1811407539,1.1404260839,1.1769042988,1.2073421618,1.2786655957,1.269267516,1.292148675,1.345941586,1.353364587,1.447262096,1.473827032,1.483541198,1.492075739,1.522021842,1.55541762,1.677101915,1.7154924169999999,1.7122120699999999,1.826433874,1.7040897769999999,1.682831847,1.754759726,1.824416018,1.747758424,1.813766473,1.8943144840000001,1.8698799750000001,1.805402341,1.759158195,1.898806846,1.931323498,2.029504593,2.13868701
12_MEA,1.A.3.a,Civil Aviation,N2O,0.016447568,0.016447568,0.012109069,0.017028462600000002,0.0216239686,0.022016727,0.02031688,0.028551561000000003,0.032393151,0.040192900999999996,0.060288955,0.064678363,0.048371525,0.059415577000000004,0.055183656,0.054512263000000005,0.053193018999999994,0.05025874599999999,0.051584457,0.058726873,0.065448656,0.073559325,0.07892318,0.080343322,0.09423900199999999,0.09773390700000001,0.107497465,0.110961555,0.102551746,0.11667132200000001,0.11821008699999999,0.107707373,0.117175786,0.10728643499999999,0.11898755,0.133743978,0.14149196,0.14718768299999999,0.178707288,0.168040108,0.176729165,0.1612346847,0.2263997415,0.2388140185,0.2487779023,0.2615835539,0.2614262951,0.2711851219,0.26779392020000004,0.2447794501,0.1693524907,0.2449876149,0.2158401904,0.24151730719999998,0.2523286213
12_MEA,1.A.3.b_noRES,Road Transportation no resuspension,N2O,1.084870744,1.128441312,1.289700651,1.515331498,1.706204998,1.937553946,2.254494262,2.656915569,3.0745463539999998,3.427247125,3.590600744,4.215227802,4.701689946,5.521459801000001,5.58603952,6.18211196,5.884500535,6.336251274,6.456992605,6.690898929,6.955378481,6.9748256280000005,7.152124821,7.752526372,9.221971612,10.466306484,12.463252215,14.760479329999999,16.070705368,16.952707937,11.511248003,12.452642115,13.325469349,13.336870645,14.362108079,15.186567829,16.163400774,17.563394435,18.768875848,21.649735734,26.883268021,27.651445904,29.598146865,31.100057033,31.864942529,30.962077515,32.871441262,33.245208709,33.297734702999996,33.59585038,32.598792479000004,34.678308613000006,35.766319827,36.737091284,37.326132605000005
12_MEA,1.A.3.c,Railways,N2O,0.086686583,0.086686583,0.094116848,0.100308737,0.1065132511,0.11270513909999999,0.1201354051,0.125076405,0.1312809201,0.1399495711,0.1461414631,0.156049082,0.1523354946,0.1523355183,0.1560503695,0.1684349785,0.1572902743,0.1473830498,0.1188989514,0.0433570167,0.0334508128,0.0223077431,0.018590524799999997,1.36672e-05,1.32835e-05,1.48115e-05,1.46873e-05,1.41941e-05,1.37089e-05,0.04820816,0.01609894,0.01486056,0.00990704,0.0123838,0.027244360000000002,0.02972112,0.03343626,0.029721120000000004,0.032103519999999997,0.080427219,0.123493781,0.063260187,0.067003719,0.067022415,0.170368201,0.070847349,0.10913102200000001,0.070083417,0.115435888,0.20579361899999998,0.149802417,0.138785448,0.17431443400000002,0.173833959,0.17470413199999998
12_MEA,1.A.3.d,Water-borne Navigation,N2O,0.012820599,0.012820599,0.013333797000000001,0.013828598000000001,0.014174802,0.014344799,0.014786800999999999,0.015404993,0.015844683084,0.017224083084,0.0141659937,0.015471071889999998,0.02052488344,0.0186752948,0.01539044753,0.01683776938,0.01832692406,0.01394151116,0.007556599000000001,0.004824,0.0,0.0,0.0,0.0,0.0,0.0,0.0,0.06893902,0.060067299,0.053185433000000004,0.064228703,0.042578433,0.044043487,0.05706621,0.039159969999999995,0.037939091,0.034927584,0.036880994,0.034276443999999996,0.034846193,0.045025053020000004,0.03029857226,0.02297307385,0.023541953589999998,0.02785542286,0.02158805031,0.02102343641,0.01653300311,0.0172416152,0.0244043894,0.01792236079,0.02000305966,0.0260632036,0.03668379813,0.03827033497000001
12_MEA,1.A.3.e,Other Transportation,N2O,0.00441847,0.00441847,0.004552361,0.004686255,0.004820149,0.00495404,0.005087934,0.005221828,0.005355719,0.005355719,0.005489613,0.005489613,0.005623507,0.005623507,0.005757398,0.005757398,0.005355719,0.0,0.0,0.0,0.00123093,0.00136143,0.00173178,0.00187983,0.00207342,0.00228057,0.002701459,0.002808457,0.002664685,0.0340120805,0.0317704972,0.023052927200000004,0.021157012,0.022991572999999998,0.020711257,0.022745872000000004,0.02080423,0.031288184999999996,0.027926667,0.084581873,0.00819186,0.017965651,0.0070984255,0.013380705000000001,0.09237303799999999,0.11576233579999999,0.0208425306,0.0068598084,0.007989496,0.0064794103,0.0068745666,0.0075032876,0.008013949,0.007206478,0.007096111
12_MEA,1.A.4,Residential and other sectors,N2O,1.9257925647,1.9257925647,2.059405859,2.3486734482,2.5744629262,2.965323042,3.315554867,3.6804477031,3.7961222961,3.960997619,4.397653889,4.3375322160000005,4.784878243,5.3963091044,5.68041446,5.827028615,5.636342363,5.984205534,5.831087753,6.122142360000001,6.398310760999999,7.007426998500001,7.7513220315,6.8638766695,7.081582175,7.1765565065,7.291060798,7.316870059999999,7.649351382,7.6117263699999995,7.5759679239999995,7.46844663,7.456736292,7.816715425,9.156738348,10.990782093,11.764380322,12.085266398,12.400811749999999,11.659725063,11.456159447000001,10.882035276,10.724994353,9.022574972000001,8.657002957,8.198852388,7.764827922,7.931889507,8.29784163,7.617555554,8.529759369,8.743201437,8.787132189,9.261392105,9.464628142
12_MEA,1.A.5,Non-Specified,N2O,0.037462761,0.037462761,0.038904601,0.039491978,0.040124727,0.040623995,0.043476941,0.04496629,0.046942958,0.052955433,0.055977536,0.064066529,0.07282106,0.086711255,0.098546252,0.07954704,0.089658281,0.0809264891,0.08926035,0.07205947,0.0577141118,0.070179252,0.0703748233,0.0742909187,0.0619984398,0.070197546,0.0602242672,0.055073286,0.057887419,0.07971750799999999,0.08159769,0.132805821,0.085446092,0.075640387,0.082478866,0.094356101,0.119256347,0.129021005,0.060012404,0.084469797,0.084847956,0.087113751,0.081221217,0.080614112,0.070627037,0.068589948,0.0718060888,0.0777738724,0.0890189787,0.0956861028,0.0900051088,0.0763577859,0.0861774674,0.0855646561,0.0849619084
12_MEA,1.B.1,Solid Fuels,N2O,0.344216401,0.341462669,0.34544752100000004,0.34856489300000004,0.352622218,0.354341382,0.35566519,0.357975266,0.36213532439999996,0.36657258,0.369831536,0.37545880800000003,0.3787621296,0.38736829899999997,0.38686759039999996,0.391127154,0.3957944966,0.40058272019999996,0.4039024118,0.4063071644,0.410411881,0.417320281,0.41711387200000005,0.426480129,0.46625725,0.474445534,0.47695838500000004,0.47662532700000004,0.475813622,0.4763860980000001,0.48577439,0.503042666,0.529151267,0.512268241,0.49461175100000004,0.47759934300000007,0.465389777,0.449891171,0.450202182,0.45433074,0.461401957,0.46611368599999997,0.4701981,0.475032932,0.480259314,0.48538371999999996,0.493967285,0.49786647030000003,0.5092389233,0.5191104436,0.5237723391,0.5341272564,0.5437926884,0.5455647024,0.5455647024
12_MEA,1.B.2,Oil and Natural Gas,N2O,2.75515911503,3.07355565503,3.44674395564,4.1279047464400005,3.84906087201,3.53042769876,4.27318251502,4.07819689045,3.98538561876,3.41485310527,3.00359235006,2.00640345426,1.91186361503,1.6573489352900002,1.24402021687,1.22321959808,1.21380161372,1.09635644745,1.09163922306,1.02382498338,1.26097768813,1.2417182339300001,1.35392522597,1.290823729,1.46632794206,1.48037145937,1.53786797721,1.55451430721,1.41564530018,1.4246754318900001,1.55911583921,1.4058609682,1.31777850338,1.5436613302,1.50117054597,1.50959945387,1.55496224713,1.4504292456,1.4756467078,1.4343206389,1.46669027328,1.41703351963,1.6493520248,1.62490370936,1.6685931935,1.71201355166,1.82644068106,1.9530668389799999,1.94941104663,1.86754399912,1.75686298866,1.94198364168,1.93395384857,2.04175380005,2.07552318328
12_MEA,2.B,Chemical Industry,N2O,13.7921,14.322199999999999,14.941600000000001,15.4527,15.8631,16.328599999999998,16.558676667,16.991406667,15.654800000000002,16.269046667,15.988266667000001,14.88548,14.680653332999999,13.785586667,13.777339999999999,13.0789,12.04851,11.59834,11.064166667,10.387706667,9.702,9.414,14.184000000000001,14.283,14.382,14.408999999999999,15.363,14.742,16.119,16.002,16.722,16.884,15.975,16.729200000000002,17.2143,17.2143,15.69091995,20.9115531,22.6415322,22.9563378,26.9947881,26.9947881,26.9947881,26.9947881,26.9947881,26.9947881,26.9947881,27.062288100000004,27.824754600000002,27.841521600000004,26.564470341,27.107494113,26.874085007,27.49976771,27.455232653
12_MEA,2.G,Other Product Manufacture and Use,N2O,10.284600419,10.604233911,10.939509682,11.291855073,11.662685545,12.053532269,12.463554518999999,12.893701961,13.349170987,13.836540593,14.359711483,14.919575345,15.512077538,16.129718699,16.762152339,17.400722099,18.044033697,18.690590007,19.331566474,19.956613685,20.558846475,21.13368126,21.683916314,22.21931721,22.754197877000003,23.299259534,23.85980077,24.434155436,25.017868014999998,25.603641335,26.187344144,26.7646925,27.341253946000002,27.934382636000002,28.567544012,29.255900964,30.006602882,30.810016064,31.643710662,32.47594895,33.283043389,34.058308787,34.806423616000004,35.529247785,36.232483826,36.920889774,37.591840015,38.244406532,38.887911797,39.534792982,40.193551909,40.868399904,41.555886942,42.247009253,42.928583025
12_MEA,3.A.2,Manure Management,N2O,0.570757667,0.59651983,0.613792794,0.643934585,0.663298449,0.688669346,0.695711644,0.7244908560000001,0.747938233,0.778063553,0.817647364,0.857639283,0.910046221,0.949162203,0.99329561,1.055627626,1.114761025,1.175404652,1.21235107,1.297647448,1.313068699,1.279051103,1.3889826870000002,1.457090303,1.534554712,1.603406913,1.673827712,1.798274628,1.8535832300000001,1.902049556,2.050926036,2.168242533,2.2161897870000002,2.35219156,2.504762912,2.600506021,2.633333921,2.681930793,2.694584941,2.831269252,2.886518839,2.964142911,3.025134383,3.0427730630000003,2.944739144,3.004882044,3.0487744009999997,3.040923275,3.1258355780000002,3.146210849,3.220323472,3.292351235,3.305748461,3.344914985,3.389792174
12_MEA,3.C.1,Emissions from biomass burning,N2O,0.216054806585,0.208557201864,0.256579696657,0.209004628582,0.257097238396,0.26367449161,0.294015307767,0.2503974658258,0.272513703587,0.226265613882,0.285451511707,0.315987908167,0.275588998616,0.29205838562499997,0.245856799086,0.38921659691800004,0.380574099728,0.312974177014,0.45602455482,0.336305674757,0.372997148037,0.463197920796,0.5257203148599999,0.476525854681,0.5337941581779999,0.451088244614,0.4998314421,0.461902024839,0.500796825022,0.377676070131,0.36086067469600003,0.472954080334,0.491160554408,0.569673284345,0.456509137484,0.630606328171,0.569115756399,0.565301038196,0.45567759107,0.488720645928,0.458583628802,0.5218233932840001,0.45377202850299997,0.582741704968,0.63178009389,0.462878609455,0.581803526185,0.487636561132,0.53946450643,0.596179657665,0.611210645345,0.525686990404,0.527173685684,0.516378495191,0.534739997691
12_MEA,3.C.4,Direct N2O Emissions from managed soils,N2O,99.414515346,100.410283289,101.428067278,102.72410877,105.448619304,109.462061187,111.297853769,112.71862285200001,115.35986951699999,120.968556916,127.302108885,131.766588449,135.278156766,140.232236578,142.288135305,146.728994264,151.098022148,152.525432227,155.27458772900002,162.846888339,163.62568891799998,163.20746976200002,176.176925061,180.035732118,181.89904766,186.50444638599998,194.198648597,201.779964516,208.547011801,211.208796168,217.54203958099998,224.650202993,228.707161953,229.380893041,238.38084338,240.158612113,243.899754062,242.86084954,240.038939944,242.290317183,243.106214424,241.55993761,245.3004611,243.175432007,237.950488482,236.395158848,244.749627449,240.429762163,246.493227649,240.715075588,243.66227134599998,246.35213490499999,251.069669486,248.265056666,250.007656983
12_MEA,3.C.5,Indirect N2O Emissions from managed soils,N2O,8.209639791,8.272994302999999,8.422569329,8.441502858,8.867812638,9.223757391,9.614645977,9.909475305,10.019582896000001,11.078232406,11.929962358,12.889094224,13.887492247,14.904870664999999,15.078428668,15.715930003,17.067621151,17.403431933,17.777791666,18.881256796,18.322613782999998,18.399438093,19.98712338,19.958984988,19.748895006,20.825636807,21.848076277,23.160950651,23.943080601000002,24.065032345,24.92414582,26.17621635,27.583172952,26.735298145999998,28.802286526,28.385774566,29.242325753,28.315420684,28.838726835,29.117344546,29.331434481,29.156505029,29.117275986,28.492217645,28.745802042,27.910887467000002,30.570549775,29.97022908,30.816217783,30.647239017,30.339733017999997,30.847436747,31.417165732,31.518152222,31.897808298
12_MEA,3.C.6,Indirect N2O Emissions from manure management,N2O,0.27516772300000003,0.2772297091,0.2791253238,0.2823024378,0.2918594205,0.292002056,0.3013934338,0.3150893093,0.3354263842,0.3391455211,0.34190387769999997,0.35063334349999997,0.36349955370000003,0.37823188680000003,0.3935643796,0.41291987090000004,0.4447311603,0.4444691761999999,0.44444063310000004,0.48048873200000003,0.4787407349,0.4640135092,0.49783132490000004,0.509168532,0.5276814729,0.5368458387,0.5505606993,0.5700214818,0.5840549543,0.5828182888,0.5980898673999999,0.6178231934,0.6356197329,0.6655532453,0.7328599933,0.7552229813,0.7686319913,0.7782484111999999,0.7783172326,0.8338608455,0.8410179624,0.8525968689,0.8668020475,0.8646476374000001,0.7885109445999999,0.8344859047000001,0.8472228825,0.835282471,0.849997754,0.858728989,0.9034607385,0.9568656372000001,0.9642937765,0.9883828008,1.0144465586
12_MEA,4.B,Biological Treatment of Solid Waste,N2O,0.6015429791,0.6234304088,0.6470674303,0.6719035124,0.697083022,0.7219655236,0.7445991734,0.766891249,0.7888928467,0.8107593155,0.832640738,0.853143058,0.873735319,0.894540853,0.915710461,0.937419871,0.957686256,0.978441132,1.00053176,1.025059296,1.052733378,1.083660815,1.117688902,1.153447285,1.189009974,1.222971912,1.2556601459999999,1.286796855,1.3167197599999998,1.346041266,1.377851153,1.503439964,1.548834768,1.7389544600000002,1.6912397849999998,1.7098592670000001,1.7318629629999998,1.778007369,1.8266322339999999,1.874292152,1.914919725,1.985734559,2.135369768,2.167308369,2.252947343,2.2339880130000003,2.247887275,2.287167277,2.305593495,2.3683424779999998,2.405738632,1.3579187670000001,1.525905622,1.382055156,1.2994647270000002
12_MEA,4.C,Incineration and Open Burning of Waste,N2O,0.00124453915,0.00122120376,0.00124253242,0.00126316969,0.00128301381,0.00130198661,0.00132931031,0.00135573902,0.0013817154400000001,0.0014078735600000002,0.00143456535,0.00146628701,0.00149809971,0.00152959836,0.00156022897,0.00158941337,0.0016136505,0.00163600046,0.00165520046,0.00166981877,0.00167903517,0.00173261417,0.00178422371,0.0018349124500000001,0.00188619506,0.00193914954,0.0019940558600000003,0.00205071823,0.00210880751,0.00216774544,0.00229683448,0.00238232789,0.00246668357,0.00255166182,0.0026397113599999997,0.00273269752,0.0027916980500000002,0.00285598821,0.0029253791999999997,0.0030004255,0.003081096,0.0031641282,0.0032638538,0.0033010780399999997,0.00340353712,0.00350306047,0.00362254799,0.00371149112,0.00379719524,0.0038810762,0.0039641949499999996,0.00403994699,0.00417444549,0.00426703714,0.00436183399
12_MEA,4.D,Wastewater Treatment and Discharge,N2O,5.63823525,5.83192554,6.0993949039999995,6.38190947,6.666323636,6.922402512,7.27470897,7.703494847,8.172561843,8.661187677,9.143894615,9.647406438,10.085986933,10.608026654,10.708943663,11.221588967999999,11.636200464,12.101909113,12.749148922,12.94787297,13.577807583,13.87400347,14.281693358,14.621945418,15.075560545,15.538823577,16.075808572,16.501892405,16.969316939,17.416867783,16.353249371,18.206063722,18.708259831,19.176075322,19.650757250999998,20.158960133,20.790016294,21.339104012,21.980666612,22.640219139,23.298732501,23.935710119,24.571618242,25.219378469,25.680606505,26.051768095,26.363413981,26.723467984,27.161237383,27.694361833,28.5755464,29.224491456,29.604907306,30.114112478,30.636071808
12_MEA,5.A,Indirect N2O emissions from the atmospheric deposition of nitrogen in NOx and NH3,N2O,5.101447239,5.21348015,5.70174535,6.3185352009999995,6.705354248,7.207535652,8.129810318,8.990027075,9.880668119,10.90502596,11.431812197,12.39968584,21.11909193,21.051096142,21.47959315,23.735118095,23.110221082,24.087669244,24.466171351,25.243292083,26.295123304999997,26.785654067,26.942358871,27.855324867,30.873111143,30.972946051,31.128146882000003,25.977868399,31.780025876,31.314888183,31.927911866,33.834752121,34.933936768,33.141564888,34.916974921,35.70221291,33.949466033,37.509023952999996,38.933124501,42.341105329,40.591765217,43.383516666,44.904246236999995,45.053199938,46.152052015,44.980367407,45.619080711,44.824805901,46.99241655,44.064349306000004,44.112968267,44.707805006,44.772208037,46.452927216,48.352363794
12_MEA,5.B,Fossil fuel fires,N2O,0.0,0.0,0.0,0.0,0.0,0.0,0.0,0.0,0.0,0.0,0.0,0.0,0.0,0.0,0.0,0.0,0.0,0.0,0.0,0.0,0.0,0.22649789,0.0,0.0,0.0,0.0,0.0,0.0,0.0,0.0,0.0,0.0,0.0,0.0,0.0,0.0,0.0,0.0,0.0,0.0,0.0,0.0,0.0,0.0,0.0,0.0,0.0,0.0,0.0,0.0,0.0,0.0,0.0,0.0,0.0
13_AFR,1.A.1.a,Main Activity Electricity and Heat Production,N2O,0.9880139862799999,0.99483606628,1.052144685702,1.1725050668319998,1.304281002766,1.451206611121,1.58990255185,1.5968977495,1.2690318035,1.3834999872,1.50259733002,1.6311376050100002,1.7274297992,1.75806930263,1.89271042308,1.9413158337300003,1.96560534975,2.18914211574,2.11422317701,2.20738104704,2.3248617378,2.356457920291,2.40826096686,2.55724613578,2.61317595934,2.71906249499,2.83306247735,2.9649556615100003,3.11314865975,2.97349702621,3.10946952538,2.9371658965,2.99971444581,3.2683113824200003,3.49765029361,3.4661298399910003,3.5516612815819997,3.619146451357,4.11311360851,3.8550889069100003,4.10724577313,4.042717780102,4.424515761719,5.144824810896,6.567282955185,6.338421439686,6.746224702955,7.7743836388580005,8.858433162642,8.485477819546,7.607864007766,7.411902364686,8.302270819219,8.24524250997,8.605734025812
13_AFR,1.A.1.bc,Petroleum Refining - Manufacture of Solid Fuels and Other Energy Industries,N2O,0.02049301744,0.02049301744,0.022669839339999998,0.02439498024,0.0243184252,0.030795268639999998,0.02817309054,0.02755931144,0.02989275426,0.03036992182,0.0334800263,0.036404043149000004,0.0383609899,0.0380783373,0.038132632,0.040469345100000005,0.040623703000000004,0.0429464839,0.0399644959,0.0356681919,0.034423551999999996,0.0370207919,0.045138282599999996,0.0284056199,0.0255387038,0.0234813661,0.0264144688,0.02910703771,0.024949559,0.029654895900000002,0.028615290099999996,0.797808555,0.7763542629,0.6977029929,0.7307629902,0.6278867682000001,0.6108203101,0.7110002452,0.721990876,0.42319841880000003,0.9301746999,0.8948257500000001,0.9270130100999999,0.8630286260000001,0.858598181,0.8679739651999999,0.8766585261,0.9514900713000001,0.9218924907999999,0.9195382813,0.876450411,0.896275425,0.808888307,0.8331069798,0.8520496057
13_AFR,1.A.2,Manufacturing Industries and Construction,N2O,1.82654752749,1.82654752766,1.86052047152,1.9748532490300001,1.97658289405,2.06079750016,2.19414344872,2.2275045274500003,2.2384768149,2.27745861599,2.34637701144,2.46161541445,2.3356170331899997,2.18601268442,2.22725111933,2.23312964207,2.23726601626,2.31950526961,2.39329367956,2.38085385771,2.38107167409,2.36135544892,2.39270337667,2.24303442261,2.29392443885,2.40315089315,2.51266890686,2.6262770781900002,2.752815476914,2.688430442642,2.786158619616,2.736567393822,2.998842585123,3.125987537421,3.346302941698,3.567687833686,3.613610655675,3.7009786714179995,3.938000086362,4.368562874577,4.3422651077109995,4.330820514577,4.220394074193,4.610429262816,4.111251513814,4.05335836114,4.070364523698,3.591878080486,3.812584946517,3.875627269405,3.921163328727,3.9847366798270003,4.052154555582,4.1194707971223,4.1219772615181
13_AFR,1.A.3.a,Civil Aviation,N2O,0.020359867519999998,0.020359867519999998,0.02017784034,0.02276442316,0.02392453394,0.028114765280000002,0.029177099800000002,0.030703653600000002,0.0321231667,0.0361428409,0.037314524200000004,0.038831570999999995,0.0351737265,0.0374194032,0.0400023422,0.0377761382,0.036615071,0.0403813693,0.042956414,0.054233606000000004,0.043083700399999994,0.042634775300000004,0.0493460768,0.0544834963,0.0566445744,0.0633816932,0.0659342966,0.0704597198,0.0693788875,0.0722166384,0.0734164602,0.07460968230000001,0.0773721809,0.1152960183,0.1278581654,0.1279484722,0.1270894475,0.1351768729,0.09406280610000001,0.085050695,0.103066752,0.1030400268,0.08662231640000001,0.0846607773,0.0802429987,0.08577426490000001,0.0918151808,0.0978728136,0.0953414847,0.07683236610000001,0.0459573737,0.06178143429999999,0.0778651088,0.08896176438,0.09682752401
13_AFR,1.A.3.b_noRES,Road Transportation no resuspension,N2O,1.0123727054,1.0607339851,1.1923301846999999,1.3485548469,1.4083903066,1.5352628065,1.5687000469,1.6265006368000001,1.8365561924,1.725499098,1.8668002555,1.9609253318,2.0295628943999997,2.0031692173,2.0479159481,1.9473850294,1.9812277471,2.1280559146,2.2716779705,2.3196204861000003,2.327571652,2.5444485952,2.6575246429,2.5280136224,2.5249298110000002,2.8293061217,2.9117399946,2.8945449028,2.6815540228,2.8986631207,2.949081118,3.096964777,3.3160268310000003,3.466595257,3.649885719,3.680527299,3.819108506,4.023487948,4.5724827439,4.784349413,5.190499266,5.721881568,6.13560873981,6.8048219452200005,6.99783220126,7.32179516309,8.46654955925,8.635142073279999,8.76076993905,9.066783364399999,8.16981749909,9.17583001181,9.518140131820001,9.41429229897,9.43781818572
13_AFR,1.A.3.c,Railways,N2O,0.551051937,0.551051937,0.557792759,0.539824916,0.5164221076537,0.4847173587998,0.390268714736,0.391145381095,0.379114072978,0.322794150208,0.36787000472,0.33757389807000004,0.30776488042,0.31722365718,0.31801216037,0.30264747076,0.38267784096,0.31504477718,0.31486667689000003,0.29173866635,0.26777369486,0.18559292577,0.25444254405,0.48700554706,0.45850581312,0.39347356126,0.34435009687,0.35592397988999996,0.36882665433,0.47112849300000004,0.415121305,0.406537437,0.446889085,0.430751644,0.3924922545,0.27721327760000003,0.29329203,0.2811196124,0.2490980832,0.259066799,0.311055316,0.37877455,0.555574236,0.6534567170000001,0.688442232,0.741568689,0.751214293,0.68644864,0.731901014,0.8735117059999999,0.887193127,0.937379124,0.981691501,0.977574384,0.976349983
13_AFR,1.A.3.d,Water-borne Navigation,N2O,0.014629404,0.014629404,0.015937404,0.016794007,0.017681407,0.018135605,0.020894002999999998,0.021264602,0.021626035469,0.020840457621,0.021372680158,0.022339994865,0.022704424958000003,0.021468257843,0.021891960117,0.022411700815,0.020351217592,0.019232226143,0.021627397,0.019474193,0.020829398107,0.020662197993,0.022907199019000003,0.022987594021,0.022653005013,0.023128799056000002,0.025207609015,0.026280681910999998,0.02611764305,0.027722651993,0.018110353031,0.018729620974,0.018824734171,0.02777639397,0.02193910099,0.02062032753,0.02052260648,0.02262807461,0.024178538399999998,0.02557182979,0.02588713021,0.029141519,0.0401655321,0.049680423099999996,0.0479072584,0.0457451127,0.0475130507,0.0693634014,0.0770484011,0.0834000813,0.073673874,0.078817777,0.0911411092,0.0871483913,0.0909212292
13_AFR,1.A.3.e,Other Transportation,N2O,0.0,0.0,0.0,0.0,0.0,0.0,0.0,0.0,0.0,0.0,0.0,0.0,0.0,0.0,0.0,0.0,0.0,0.0,0.0,0.0,0.0,0.0,0.00068328,0.00012975,0.00037386,0.0002076,0.00033735,0.00028545,0.033398819999999996,0.00094305,0.013268100000000001,0.03244728,0.0066843549999999995,0.0007095000000000001,0.0027878998,0.02556330025,0.00953483999,0.001419,0.00134319,0.001017834,0.00151686607,0.004607115798,0.00199659051,0.0020376518499999998,0.001954191755,0.00167190685,0.00218782227,0.00282685891,0.00365020467,0.0045180867,0.00501663831,0.00585849949,0.007492934,0.00827775629,0.00840693002
13_AFR,1.A.4,Residential and other sectors,N2O,12.7662087910317,12.7662087940317,13.0871700179408,13.3930430455255,13.7592827369473,14.038140776222999,14.449626449065999,14.845225218212,15.090524441115999,15.19703344301,15.575549990776,15.615320907863,15.769213547019,15.88056170016,16.34478788909,16.77335671708,17.08813890426,17.64692408213,18.011106989035,18.450077149158,19.175372658377,19.477900676456,19.772066822471,20.644942982255,23.465204148185,24.41248855305,25.1315557354,25.633675002604,26.044399413430998,26.7783672735147,25.409142711323998,25.8527621480808,26.3083056130896,26.9473483345296,27.4870031655563,28.066072846962,28.5854774764662,28.6486207471264,29.1290689633228,29.7859252642635,29.9558077540532,30.994121737712998,31.009752572713,32.0514851413196,33.0801911623099,33.3324504179174,33.9398653544502,35.4167774902831,35.2815152813964,35.8543188921418,36.7892260634854,37.7522286655186,38.344316557777,38.9948939735276,38.997694452168396
13_AFR,1.A.5,Non-Specified,N2O,0.146415251414,0.146415251414,0.148236064955,0.15241800439199998,0.157910329685,0.15821563261500002,0.16882720012,0.175549968453,0.179924521052,0.181247598971,0.18603147662,0.189239646051,0.19187991258599998,0.200498245534,0.195646779666,0.20155028278700002,0.196364808876,0.219331655988,0.222728507308,0.234148719696,0.329925306792,0.341188581453,0.352545606275,0.361192417616,0.370604338902,0.383553319348,0.402844193438,0.401284802414,0.413121784529,0.34147672302800003,0.251648441293,0.254751754781,0.260564196276,0.26717176068299997,0.2752161397414,0.2929243753051,0.31368957872538,0.33138772514389,0.3399656434772,0.33370999417218,0.37676117772233997,0.36488900075110997,0.38862998133661,0.4277065483979,0.4408057626784,0.4345211824237,0.40314483272359997,0.4204952420998,0.4293439023854,0.4394656873647,0.4456552140905,0.45582141541640003,0.4640237005272,0.4589924234946,0.4586450916388
13_AFR,1.B.1,Solid Fuels,N2O,0.9089649953,0.9016932718,0.9181291805,0.9348274366,0.9588443398,0.9806288018,0.9964358217,1.0182205212,1.0406282854,1.0674176486,1.096071774,1.1288078405,1.1608811895,1.1940738322,1.2342098097,1.27234541,1.3016800918,1.348592682,1.3917447488,1.4432761375,1.692568675,1.745367572,1.789295677,1.842951952,1.9254371879999999,1.9672301639999998,2.065987316,2.115334768,2.121859352,2.2412830269999997,2.196818662,2.2598377050000003,2.31966943,2.387685709,2.49033807,2.575568488,2.675146468,2.804576598,2.920236461,2.9968124720000002,3.10947399,3.399059838,3.888275926,4.031278146,4.154177269,4.264792513,4.35207503,4.425645538,4.501808816,4.692652283,4.805518606,5.006010341,5.179171852,5.2241785023,5.2241785023
13_AFR,1.B.2,Oil and Natural Gas,N2O,0.431897064,0.622053954,0.793790997,1.072650132,1.365335519,1.0032889739,1.072146755,0.90729988205,0.90300572123,1.3064707556459998,1.11477797916,0.8312626242900787,0.7314359680502761,0.7468491942556568,0.8106916691565792,0.8346918657732046,0.822216078192638,0.7450184209333071,0.8133672762388643,0.8693665007177878,0.8260343908239969,0.8279624069408,0.8487959690190799,0.86384138972869,0.90425054407105,1.02154850768485,1.2276488196975,1.1492347753929,1.1016141695789,1.0549089638691,1.1181450327606999,1.102819567795,0.9025560523320001,1.02221509278612,0.955805755324492,0.89595867312366,0.8006489609319999,0.7100608620087,0.6892201279651,0.665130027513,0.6882058776369999,0.662256291625,0.49213020151,0.493120554157,0.47902115419999997,0.481157595675,0.461831888557,0.46203849163,0.434799376852,0.430445419001,0.41008573454200004,0.37936213787600004,0.357196801759,0.354972597767,0.378475725634
13_AFR,2.B,Chemical Industry,N2O,7.0737000000000005,7.3758,7.7273,8.4664,9.0041,8.6279,8.70348,8.865120000000001,8.81842,8.92134,8.57925,8.3028,7.499789999999999,7.1087,7.124700000000001,6.696,6.086180000000001,5.8141,5.50242,5.17132,4.815,5.04,11.394,10.233,10.683,11.043,14.94,14.931,13.167,11.439,6.282,6.381,7.668,8.0307,8.262,8.262,4.8996,4.5252,0.631152,1.179018,1.11555,1.11555,1.11555,1.11555,1.11555,1.11555,1.11555,1.11555,1.11555,1.11555,1.1096527580000002,1.1182083500000002,1.1121355910000001,1.1130810260000001,1.1144838190000002
13_AFR,2.G,Other Product Manufacture and Use,N2O,1.3989098048520001,1.438751262827,1.480471597602,1.523917902595,1.56878668404,1.6148784950419999,1.6621473011899999,1.710607526325,1.760375350599,1.811698141381,1.864700915721,1.919476414186,1.975902616073,2.033517026349,2.091701179487,2.150051287339,2.208279250103,2.266528140915,2.325589363323,2.386452710198,2.4497920675889997,2.5160256390690003,2.584703430431,2.65482941901,2.724914920987,2.793953552612,2.861654347999,2.92850391619,2.9951081145289997,3.062498793762,3.131478750695,3.2022814644190003,3.274918431925,3.349710702526,3.4269054451820002,3.506773281139,3.58938918739,3.674943969466,3.763888330522,3.856672055256,3.953654869617,4.055014899622,4.1605498188670005,4.2696341337009995,4.381393458934,4.495116228324,4.610627647045,4.727993357169,4.847221694024,4.968330834976,5.091449268286,5.21647021457,5.34335806559,5.47218520305,5.60303220539
13_AFR,3.A.2,Manure Management,N2O,2.471602513,2.5875651302,2.7345801798,2.8242968967,2.8894041206,3.0164837403,3.1971763924,3.426221756,3.646688448,3.817951618,4.0321804199999995,4.279054034,4.326820834,4.486785483,4.685939385,4.982625195,5.4066412360000005,5.673110723,5.880237933,6.352663161,7.072515698,7.210227264,7.6304380709999995,7.779432333,8.063264925,8.442184211,8.673842988,9.036082643,9.229481048,9.375748456,9.745934933000001,9.759172896,10.153605732,10.3729988,10.791800011,11.183333879,11.567889224,12.256830144,12.828343708,13.393353485,14.043898245000001,14.157516307,14.889149828999999,15.05395779,15.597795742,16.172288648,16.589821316,16.77097323,17.829344582,18.75786736,18.704056323,18.736361951,19.446556954,20.626159604,21.196925582
13_AFR,3.C.1,Emissions from biomass burning,N2O,1.69014244883,1.85670663858,1.8408520935800001,1.63886586658,1.9445793051240001,1.889830759248,1.9076509014799998,1.916281482038,1.920716768378,1.855988956712,1.941889074712,2.1804932819036,2.0032572459036,1.8062217719036,1.918472351123,2.1238434072479997,2.259297436244,2.285357930192,2.474478129267,2.5969043876763998,2.4167337315679998,2.504244588453,2.218594492169,2.552869968457,2.712138895942,2.46694162253,2.794110679819,2.761552462031,2.6989879340189997,2.735319306808,2.850228556896,2.807411985608,2.918626075874,2.996741034188,3.100080460939,3.293248082088,3.297609943082,3.254785653557,3.532609141566,3.495143294919,3.941498803324,3.9062177835850003,4.176212548904,4.31742149577,4.563145443145,4.461783007766,4.558261622085,5.02679425656,5.072459570154,5.052155128089,5.408171246928,5.54555622283,5.627938211481,5.802808005944,5.8923449213620005
13_AFR,3.C.4,Direct N2O Emissions from managed soils,N2O,252.88096392,255.240082622,256.897112066,254.31229941499998,255.335321097,260.626100279,265.1029123,273.151829273,281.225070292,288.49251711200003,290.819287165,295.062169608,299.309106298,300.62636535,293.636846912,297.096610524,303.708180084,301.84395139000003,311.228246511,319.379232352,325.252630731,328.91992111,331.435822069,329.12344194499997,332.607430939,338.13132567,344.907833693,353.663960938,364.584708101,376.53483546,377.26944948,385.119135872,394.933512102,401.590025859,411.591512023,424.868040058,433.764425583,461.738032856,482.09659493600003,493.27161761400004,511.628686845,524.882429669,541.223955388,559.633537853,570.85747851,580.310844131,600.557297386,615.534944559,622.9409105240001,647.371642106,672.501132095,680.024706269,693.018149044,715.759886073,734.200314618
13_AFR,3.C.5,Indirect N2O Emissions from managed soils,N2O,14.592176105,14.856092627999999,14.97935981,14.787336428,15.080179472000001,15.47481361,15.838493284,16.433177194,16.91234358,17.418623174,17.968307568,18.634520164,18.507938137,18.42756943,18.136752447,18.631589362,19.221817498,19.166784636,20.055751124,20.700592976,21.250647604,21.554640887,21.683657431,21.813298006,22.133023741,22.165845739999998,23.124866071,23.605602322,24.292504979,25.061922196,25.376437656,26.061169491,26.668947933000002,27.062475542,27.992743631,28.634342603,29.540542458,31.181651623,33.06702945,33.846381422,36.297558934,36.283052061,37.713390593,39.97778663,40.74866357,40.799466516,42.868696433,45.519099685,45.560165245,47.013606333,49.513681345,50.901705227,51.621046779,53.32093517,54.746185528
13_AFR,3.C.6,Indirect N2O Emissions from manure management,N2O,0.26929344585,0.2755919053,0.28495240734,0.28811395589,0.2923292802,0.30194904055,0.31347776568999997,0.32613717446,0.3425368299,0.3553042144,0.3676056379,0.38036705,0.3752493259,0.3771481812,0.3876566589,0.4090369602,0.4364031409,0.4461961799,0.4583734725,0.4812831577,0.5136812513,0.5199422203,0.5283966954,0.532691081,0.5429498199,0.5498047071,0.5581304134,0.5707016278,0.5787474417,0.5788021986,0.5911323732,0.5918207657,0.6160193173,0.6261875365,0.6519153664,0.6809388482000001,0.7086884893000001,0.7461883235,0.785449331,0.8213659598,0.8646565676,0.8819611401,0.9184182385,0.9320728158,0.9713919733,1.0027198837,1.0277640954,1.0478197739,1.0932183006,1.142655005,1.1494555481,1.157719778,1.1948488875,1.2244107954,1.2574437281
13_AFR,4.B,Biological Treatment of Solid Waste,N2O,0.055661231799999995,0.0584468274,0.0613629674,0.064380371,0.067454628,0.070554579,0.073105594,0.075654356,0.078258679,0.081002449,0.083951018,0.08710606400000001,0.09048136700000001,0.09405639300000002,0.09779227199999999,0.101658717,0.10559313599999999,0.109652532,0.113851481,0.118214026,0.123044762,0.126846399,0.130782032,0.13479576100000001,0.138812028,0.142779445,0.141851187,0.14601339500000002,0.151269606,0.155649185,0.16000579900000003,0.165027119,0.170259209,0.176017212,0.182054514,0.18969134099999999,0.19765354200000002,0.20526283099999998,0.212682481,0.224248601,0.237380832,0.243375178,0.251316749,0.255500685,0.273962267,0.294830697,0.306097585,0.309911102,0.32140957600000003,0.33274038499999997,0.344354118,0.35639323200000006,0.35982320900000003,0.371282645,0.38312843
13_AFR,4.C,Incineration and Open Burning of Waste,N2O,0.00214997266,0.0021096600099999997,0.00217488299,0.00224037764,0.00230537003,0.00236930675,0.00243778885,0.00250486801,0.00257129087,0.00263815489,0.00270612641,0.00276835741,0.00283136092,0.00289318675,0.0029511546,0.0030035073599999997,0.00304767603,0.00308613214,0.0031215678,0.00315772277,0.00319700975,0.00333575464,0.00348592807,0.0036457064899999996,0.00382616694,0.00418430935,0.004204025169,0.004234140978,0.004265872801,0.004305384299,0.004501888444,0.004724499147,0.004959659757,0.00520585592,0.00545334037,0.005600885648,0.00590011966,0.0062130041899999995,0.006540719789999999,0.006879656330000001,0.0072302671600000005,0.00760077065,0.0079796738,0.00837114846,0.009558807419999999,0.00921304404,0.00965968804,0.0101248803,0.01060927747,0.011111965599999999,0.01163607049,0.01217504043,0.01272996325,0.01324960429,0.01379203561
13_AFR,4.D,Wastewater Treatment and Discharge,N2O,9.024234425,9.187308252,9.077009342,9.407442134,9.843202032,10.129186627,10.320175478,10.535308026,10.824233101,11.177453791,11.61979927,11.858927506,12.205372458,12.30947336,12.47092207,13.187403793,13.601056542,14.001439138,14.438604522,14.953183302,15.329211687,15.787399751,16.396025869,16.890858761,17.527980575,18.050684269,18.761068214,19.31518731,20.014203151,20.577364117,21.338282684,22.256906845,23.016520774,23.876751099,24.882432436,25.917035894,26.973998053,27.949116873,28.99071874,30.362775380000002,31.728542252,33.092976617,34.0776547,35.093554293,36.001422817,36.876287947,37.793782502,38.763377292,39.749851123,40.728222744,41.761511716,42.81456511,43.826750675,44.839425353,45.880726494
13_AFR,5.A,Indirect N2O emissions from the atmospheric deposition of nitrogen in NOx and NH3,N2O,14.3823335022,14.453359556699999,14.837334665,15.4534532572,15.726694911,16.3426340753,16.719200913999998,16.955954806,16.894264665,17.099100035,17.740462939,18.06192321,98.6106083628,105.58732515,98.13521400169999,93.813307751,104.051725732,104.718645635,104.603876483,97.035231609,104.477736958,92.457774917,103.275698299,112.577727608,96.389111543,97.53083689099999,106.664097575,68.239821497,103.290396374,98.45196336800001,109.282451967,108.210121539,87.06210958999999,98.093252506,95.09058161,104.793996425,97.692255062,98.955757363984,103.035271399935,95.04265427663,106.63454423632,108.151226002,106.302233389,105.812693155,101.45753083,106.387224259,110.983277842,107.33059451300001,100.015579347,105.539672462,103.788603723,107.779969296,108.99323231300001,98.663838508,101.570756121
14_CLV,1.A.1.a,Main Activity Electricity and Heat Production,N2O,0.0280804995,0.0280802757,0.029875734600000002,0.032646163900000004,0.0282074844,0.0328067625,0.040707577200000004,0.0490490565,0.0474257222,0.044871257,0.050171498,0.051377566,0.053695930999999995,0.059908425,0.066021018,0.06737812,0.07440634800000001,0.084245035,0.10477658499999999,0.073368898,0.063308031,0.043985595,0.035438984,0.031211373,0.043516267,0.053802512999999996,0.066612239,0.09211185200000001,0.106390678,0.091759618,0.102362753,0.112367778,0.128119246,0.131804428,0.18047290500000002,0.215960211,0.756275374,0.764999525,0.735113096,1.1480005420000001,1.28449761,3.424360262,4.952435403,4.849972245,4.566631753,9.968757912,11.870228943,10.306043242000001,14.073769074,17.126733962,16.552260658,14.937282588999999,14.286374579,17.695788806,20.706313929
14_CLV,1.A.2,Manufacturing Industries and Construction,N2O,0.33776842189999995,0.33776842189999995,0.3451770871,0.35280504420000003,0.360638813,0.3686732871,0.37702084030000005,0.38505319000000005,0.39329474909999995,0.4014011222,0.479156944,0.48549707400000003,0.5007696939,0.5194088342,0.5353065599,0.5486038653,0.5673233123,0.5896484717,0.5697194151,0.5760896725,0.656080938,0.672951652,0.6923675899999999,0.721323591,0.697279678,0.750778807,0.761308488,0.8078036369999999,0.847416952,0.8709891109999999,0.8893511470000001,0.917342499,0.9332335780000001,0.899530744,0.9732627840000001,0.965252417,1.002184154,1.027347895,1.1303603389999999,1.1558477809999999,1.185237432,1.249135522,1.2782107090000001,1.3836919340000002,1.4958313310000002,1.285051917,1.3332147380000001,1.4124018770000002,1.7945789699999999,2.033106296,2.212751669,2.618155366,2.502635385,2.724914271,2.870616869
14_CLV,1.A.3.a,Civil Aviation,N2O,0.0008370999999999999,0.0008370999999999999,0.0010390389999999998,0.0008871650000000001,0.0005769600000000001,0.0005332220000000001,0.000518923,0.000605334,0.000496811,0.0006557869999999999,0.008973281,0.00892501,0.007878851000000001,0.0093471,0.008422997,0.00823023,0.010925706,0.011719641,0.013026112999999999,0.011121712,0.009664398000000001,0.010725024,0.016397981,0.010307459000000001,0.012942084,0.014676487,0.015821106,0.016692502,0.014387682,0.012492635,0.010316006,0.008587686,0.009798266,0.009279006,0.009451826,0.010660498,0.011697498,0.014459712,0.018175982,0.021806639,0.030447062,0.024569612999999997,0.028716424,0.032344755,0.032688877,0.053687177,0.065957088,0.06977054399999999,0.072554996,0.084038632,0.06681583519999999,0.041408867599999996,0.095216328,0.12680693189999998,0.1428418252
14_CLV,1.A.3.b_noRES,Road Transportation no resuspension,N2O,0.064975431,0.067940294,0.069821593,0.06740231000000001,0.055935651,0.056838535999999995,0.020732846,0.015340438999999999,0.017791631000000002,0.020602541,0.050059861,0.041038612,0.044216522,0.046686977000000005,0.046762151,0.11132916899999999,0.12425650799999999,0.148437686,0.15603135499999998,0.157001375,0.18538101099999998,0.173319046,0.182318688,0.316043218,0.333376301,0.333164363,0.382629613,0.414049006,0.513441722,0.59631688,0.522419266,0.571619311,0.670617823,0.810018754,1.094833351,1.091289235,1.1013713729999999,1.2730426819999998,1.3165051540000001,1.552365702,1.6558132540000001,1.440044028,1.417533106,1.438682132,1.457299992,1.4120300810000002,1.496213695,1.601243895,1.640326923,1.693960946,1.490877427,1.300006326,1.679588018,1.775757659,1.896365053
14_CLV,1.A.3.c,Railways,N2O,0.0,0.0,0.0,0.0,0.0,0.0,0.0,0.0,0.0,0.0,0.003938925,0.0030597,0.00400926,0.00495882,0.004993995,0.00365757,0.003094875,0.004149945,0.00281352,0.001125405,0.0024413259999999997,0.003206955,0.0033387350000000002,0.002868113,0.002744105,0.023557553,0.030857996,0.034560912,0.046904089,0.045669781,0.05184143,0.066653215,0.056778651,0.058012958,0.066653215,0.077762084,0.088870954,0.090105258,0.08393373,0.12466617,0.120963254,0.128369207,0.141946688,0.145649604,0.159227085,0.21287444800000002,0.24365665,0.245837395,0.27814193600000003,0.33000217000000004,0.321589248,0.409884987,0.43203485799999997,0.433156584,0.45419005999999995
14_CLV,1.A.3.d,Water-borne Navigation,N2O,0.00013471769999999999,0.00013471769999999999,0.0001559252,0.00014869459999999998,0.00017689030000000002,0.000501265,0.000361254,0.00046801799999999995,0.00044681,0.00047500600000000004,0.00043259099999999997,0.000337112,0.000344524,0.000363846,0.000466224,0.001021087,0.001075352,0.001050757,0.001149104,0.001106774,0.001296897,0.001466759,0.0016257160000000001,0.0017373649999999998,0.001981466,0.0022796739999999998,0.002575253,0.0027763709999999997,0.003704238,0.0044012140000000005,0.004627343,0.005304552000000001,0.0052048879999999995,0.006290338,0.006612253,0.007043828,0.007282783,0.007365763,0.007362428,0.008305232000000001,0.008882777,0.007312786999999999,0.005908757000000001,0.004833332,0.006834906,0.07458419599999999,0.083174335,0.08750657799999999,0.090187692,0.092902143,0.07906174099999999,0.072122219,0.079321814,0.07655896100000001,0.082419691
14_CLV,1.A.3.e,Other Transportation,N2O,0.0,0.0,0.0,0.0,0.0,0.0,0.0,0.0,0.0,0.0,0.0,0.0,0.0,0.0,0.0,0.0,0.0,0.0,0.0,0.0,4.38844e-05,4.5470700000000005e-05,6.77251e-05,6.17176e-05,7.90992e-05,4.14627e-05,4.91415e-05,6.16427e-05,6.39214e-05,6.59456e-05,0.0,0.0,0.0,0.0,0.0,0.0,0.0,0.0,0.0,0.0,0.0,0.0,0.0,0.0,0.0,0.0,0.0,0.0,0.0,0.0,0.0,0.0,0.0,0.0,0.0
14_CLV,1.A.4,Residential and other sectors,N2O,1.23298901,1.232585322,1.259288013,1.2885906400000002,1.315418518,1.341967842,1.3677480119999998,1.391636831,1.4141865310000001,1.439187408,1.6243513750000003,1.6479301450000001,1.670570111,1.763021736,1.728492106,1.6740139859999998,1.7085720819999999,1.782734036,1.799782405,1.7920312760000001,2.138525015,2.172020753,2.205838792,2.376671848,2.2896926509999997,2.226516481,2.2866006459999997,2.36186357,2.407543515,2.455858813,2.4880034055799998,2.53877409558,2.59729902258,2.75398043658,2.7820643915799996,2.85073787958,2.82052293458,2.86340092058,2.9045103855799996,2.92403528558,2.94302053958,2.9258227924,2.8890440324,2.8743074434,2.8625497254,3.3105799744,3.4377888716,3.6642994709999996,3.68706208,3.730048645,3.635234524,3.639432845,3.626304965,3.834599793,4.059990119
14_CLV,1.A.5,Non-Specified,N2O,0.12286854800000001,0.12286854800000001,0.10573930399999999,0.132677538,0.12673816300000001,0.162838691,0.11956955200000001,0.128477623,0.128479361,0.140521125,0.014905257,0.027935877999999997,0.031269931,0.026799938,0.01597916,0.000715573,0.00043874,0.0008739069,0.0009939813,0.0012315474999999999,0.0004439825,0.0004866385,0.0004463235,0.0005378293,0.0005702215,0.00032969339999999996,0.000401587,0.000558447,0.000456906,0.0002817796,0.0,0.0,0.0,0.0,0.0,0.0,0.0,0.0,0.000854529,0.001683161,0.000383004,0.000383004,0.001005254,0.002274872,0.003778319,0.00455671,0.005088118,0.00509952,0.001683161,0.002071584,0.0,0.0,0.0,0.0,0.0
14_CLV,1.B.1,Solid Fuels,N2O,0.026410125,0.026172684999999998,0.026478464,0.026921725,0.027393953,0.027742101999999998,0.028283153,0.028680186,0.028997221,0.029349641,0.029657493,0.029974854,0.030279349,0.030497673,0.030840592,0.031430969,0.031913701,0.032383217,0.032929277,0.033316557999999996,0.036500868,0.037271153,0.038554909,0.039513445,0.040782281,0.081601424,0.084684973,0.08661925100000001,0.088682318,0.088672583,0.10006456899999999,0.101285948,0.102256616,0.10323531,0.103841977,0.104820672,0.10530600500000001,0.107247341,0.110523362,0.114292726,0.114778077,0.11538474500000001,0.11587810500000001,0.116242105,0.1172208,0.090022158,0.09344973,0.097415227,0.112867959,0.113195479,0.10326683,0.10269921800000001,0.106071643,0.10636668099999999,0.10636668099999999
14_CLV,1.B.2,Oil and Natural Gas,N2O,0.0,0.0,0.0,0.0,0.0,0.0,0.0,0.0,0.0,0.0,0.0,7.6734e-07,1.5309e-06,5.15214e-06,4.47363e-06,2.84634e-06,2.8917e-06,2.88603e-06,1.44337e-05,2.74175e-05,4.88978e-05,7.42787e-05,0.000100612,0.000115317,0.017117628,0.019964795,0.018326926,0.014245774,0.015594921,0.024348515,0.019406042,0.019355306,0.015175252,0.01792345,0.017867597,0.017289937,0.015483262,0.016030377,0.014759134,0.015896158,0.014857128,0.014868666,0.025068232,0.028871858,0.028272287,0.026896192,0.023364427,0.025651047,0.020510518,0.021647417,0.0187213512924,0.015244673,0.016659184,0.018729113,0.016772888
14_CLV,2.G,Other Product Manufacture and Use,N2O,0.0004247242,0.0004350871,0.0004455239,0.00045577050000000004,0.0004654732,0.0004744283,0.00048247979999999996,0.0004898369,0.0004971173,0.0005051664,0.000514582,0.0005255945000000001,0.0005380087,0.0005514847,0.0005654842000000001,0.000579602,0.0005937011,0.0006078596,0.0006221428000000001,0.0006366795,0.0006515315,0.0006667034,0.0006820339,0.0006972154000000001,0.0007118472,0.0007256362,0.0007384818000000001,0.0007504453999999999,0.0007616107,0.00077213,0.0007821386,0.0007916556,0.0008007082,0.0008094443,0.0008180457999999999,0.0008266642,0.0008353479,0.0008441293,0.0008531235,0.0008624613,0.0008722202,0.0008824639,0.0008931514,0.0009041205000000001,0.0009151362000000001,0.0009260258,0.0009367188,0.0009472342999999999,0.0009575847,0.0009678069,0.0009779236,0.000987928,0.0009977599999999999,0.001007352,0.001016664
14_CLV,3.A.2,Manure Management,N2O,5.12351289,4.994097396,4.8328692019999995,4.851720219000001,4.816352213,4.218638995,3.823248409,3.9090852640000002,3.9792920050000005,3.980630702,4.207148042,4.5565538199999995,5.0113867039999995,5.3694371400000005,5.841284688,6.156356374,6.511009687,6.8808574380000005,7.0220147619999995,7.365627206000001,7.40819548,7.507581042,7.992140415,8.284308986,8.510175634,8.753245134,8.963352757,9.224584599,9.086535608,9.121923152,9.522570994,9.427082688999999,9.77450654,10.290222967,10.785438056,11.456443428,12.203697462000001,12.405243497,12.216073359,12.247293135,12.005535643,11.667758324000001,11.229354041,11.126510365,11.199170417,11.419377644,11.722192208,11.730469644,11.903136633999999,11.41993214,11.765684251,12.056569336,12.131329888,12.177146579,12.275253005
14_CLV,3.C.1,Emissions from biomass burning,N2O,1.267051444,1.195469662,1.164289103,1.120307618,1.095946922,1.086121345,1.189717566,1.176472294,1.154947235,1.198194785,1.32645191,1.34416773,1.454883661,1.457861742,1.423769566,1.496201832,1.510262105,1.4369310499999999,1.579471403,1.687236316,1.705058164,1.719307155,1.812303718,1.8741762,1.9006837449999998,2.0419753199999997,2.126183074,2.1963920679999998,2.3034874899999997,2.471782873,2.499101092,2.487949745,2.5930173539999997,2.668740442,2.7108662249999997,2.78488114,2.8231993699999998,2.867657158,3.044949493,3.0850602379999996,3.1796262539999995,3.3440684889999996,3.460621342,3.4987793700000003,3.569754271,3.604210948,3.550607789,3.553198273,3.5939433899999997,3.527930552,3.4686236499999996,3.531694626,3.4742398339999996,3.610705409,3.5996904929999998
14_CLV,3.C.4,Direct N2O Emissions from managed soils,N2O,11.864191602,11.553209267,11.26666806,11.197046106,10.892945309000002,11.472564555,11.827697609,12.627190585000001,11.410588145999998,9.977860179,10.574234701,11.659538953,13.115831969999999,15.266581735,15.547773178,16.753258975,17.947434144,17.217976357,19.460627614,19.972781083999998,20.079067178000003,23.258436256000003,22.704938959000003,23.538351091,28.728758018,28.268979134000002,31.456739687,30.679589938,34.679557761,35.528212068,37.798739069999996,34.535926024999995,37.72122335,39.627111307,41.282318739000004,38.07591663,38.58153385,38.91952491,36.576392263,40.242072592,40.967744727,41.70287408,42.871408428,45.347124433000005,43.541149581999996,50.329152566000005,45.311939777000006,46.261384999,46.242575335000005,47.752268481,41.892351211999994,47.36043384,43.903168727,43.458817838,43.110085433
14_CLV,3.C.5,Indirect N2O Emissions from managed soils,N2O,3.265989062,3.176137624,3.139929876,3.1268824139999998,3.0409115159999995,3.252729545,3.449466827,3.7197766469999998,3.308996084,2.881809567,3.079540606,3.4358392,3.894918585,4.530218383,4.517518954,4.8783582160000005,5.241492632,4.909601016,5.655432051,5.833579593,5.864316318,6.879596621,6.71837457,7.056292916,8.655142253,8.481106141,9.524216799000001,9.277179823,10.630144154,10.839525476,11.62997644,10.657241467,11.656883242,12.232680366,12.601768249000001,11.402830675,11.303145834999999,11.316070049,10.924401697,12.037668072999999,12.321624134,12.739191568,13.102317067,13.970064674,13.351538862,15.401936988,13.773872077,13.964579508,13.962274002000001,14.574698854000001,12.399090672,14.283323541000001,13.20915588,13.248411382,13.166739672
14_CLV,3.C.6,Indirect N2O Emissions from manure management,N2O,0.291746748,0.287805389,0.286600514,0.291007407,0.290286179,0.244725464,0.21967810399999999,0.23288015700000003,0.232697002,0.233372578,0.24754134,0.263051806,0.284711355,0.302280821,0.323754436,0.33533182699999997,0.35048396400000004,0.36449384,0.371270015,0.389959683,0.391475113,0.39850012599999995,0.429865587,0.448974322,0.46205082199999997,0.476946146,0.49336575600000004,0.509835948,0.506433405,0.512920154,0.543271418,0.55429655,0.5761405669999999,0.61137905,0.616686023,0.645819002,0.666843425,0.681194158,0.6852855250000001,0.701095431,0.6931810869999999,0.705135951,0.6790022280000001,0.670346156,0.6812408240000001,0.700687692,0.72479492,0.731803999,0.749285888,0.735715248,0.7690837079999999,0.7890538250000001,0.7852549580000001,0.799147351,0.813709196
14_CLV,4.B,Biological Treatment of Solid Waste,N2O,0.001168508,0.001203855,0.0012391,0.001274417,0.001310086,0.001346345,0.001382956,0.001420216,0.001458459,0.001498095,0.001539416,0.001580102,0.001622414,0.001666154,0.001711007,0.001756706,0.001810073,0.001864352,0.001919528,0.001975625,0.002032566,0.002115234,0.002199487,0.00228445,0.002368927,0.002451976,0.002539853,0.002626098,0.002710948,0.002794946,0.002878574,0.002978613,0.003078697,0.003179202,0.003280621,0.003383419,0.003493457,0.003605331,0.003719667,0.003837239,0.003958608,0.004090991,0.004227691,0.0045,0.004646643,0.004794389,0.004946706,0.005099782,0.005253775,0.005409111,0.005566069,0.005725615,0.005886563,0.006043919,0.006205481
14_CLV,4.C,Incineration and Open Burning of Waste,N2O,0.004454737,0.004192148,0.004043835,0.0038890160000000003,0.003723667,0.0035507360000000005,0.003660306,0.003750489,0.0038264960000000004,0.003899386,0.003979743,0.004054014,0.004142198,0.004240776,0.0043422849999999995,0.004440336,0.004509881,0.00457427,0.004634022,0.0046905589999999995,0.004744425,0.004956795,0.005185668,0.00541406,0.005694134,0.005969971,0.0063130949999999995,0.0066677,0.0070269849999999995,0.007445469,0.008004374,0.008454923999999999,0.008903535,0.009386255,0.009901947000000001,0.01047953,0.010883130000000001,0.011346988,0.011817556,0.012297625999999999,0.012906091,0.017396984,0.021886272,0.026173186,0.026874835,0.027587489,0.028329575000000003,0.029235272,0.030151852,0.031078002,0.032012386,0.0329265,0.033849128,0.0347719,0.035719868
14_CLV,4.D,Wastewater Treatment and Discharge,N2O,1.573729161,1.5650556020000002,1.623896368,1.5979795909999999,1.650190138,1.5646507029999999,1.58092689,1.5784159,1.591110354,1.682944555,1.708146035,1.823900793,1.8755127329999999,1.960817193,2.038487009,2.029820344,2.1347970849999998,2.167327528,2.207735468,2.263197887,2.290178616,2.387810426,2.542576576,2.683801618,2.73653982,2.728493313,2.884092554,2.985734043,3.150156479,3.330208767,3.438989019,3.515909288,3.6767276989999997,3.8349589980000003,4.004541683999999,4.1255546480000005,4.290473839000001,4.452972451,4.670719811,4.935450872,5.231820752,5.559097422,5.76942051,5.900655613,5.967773607,6.070702657,6.221408183,6.402757855000001,6.580285344,6.747523921000001,6.932177686999999,7.102060835,7.215569363,7.3781316640000005,7.544467206
14_CLV,5.A,Indirect N2O emissions from the atmospheric deposition of nitrogen in NOx and NH3,N2O,1.208164488,1.2044986819999999,1.217602854,1.248989804,1.231297997,1.27410453,1.196935957,1.2173443499999999,1.231604075,1.2552481480000002,1.450055407,1.438073204,4.967646818,3.4591100719999996,4.136630317,3.14623407,3.897160544,4.1664378939999995,3.3676509919999997,4.177344137,4.226063698,4.882599286,4.895659205,4.9228802300000005,4.58116022,4.778042155,5.584594761,4.310143062,5.295373749,3.90980013,4.498910565,5.7274120239999995,5.5302574369999995,6.115314875,8.082022789,6.1547343770000005,6.353925671,7.973307545,6.4937782639999995,7.078802136,7.71503651,7.0472296750000005,7.130241076,7.0257106,6.515242466,7.256587617999999,7.607230069,7.332129630999999,8.377957551,9.174629676999999,9.992656696000001,9.37293978,9.027594453999999,11.099971045,11.393682802
15_SAS,1.A.1.a,Main Activity Electricity and Heat Production,N2O,2.2365002190417,2.1505949771035002,2.2182044366017997,2.2159325881277,2.5467099898503,2.739147068024,2.9505189755427,2.7164150434846004,2.1217617988049002,2.3776721509049996,2.8539461314679997,3.122445001754,3.1863865013929997,3.37830370064,3.312604693656,3.7932668183150002,4.192042772012001,4.670518424357001,4.7205233833880005,4.955565326534,5.14656999244,5.687147467719999,6.21638513062,6.9292291721699995,7.3031953840699995,8.7045855036,9.160975781380001,9.73768847431,11.354861204459999,12.82842119477,14.089966371950002,14.42772614591,14.83319231826,15.5191271014,16.9964027525,18.6109793048,22.467488826000004,28.111398864900004,29.84915552672,34.83335594119999,39.6489117205,48.0172059956,60.650692759500004,65.270371231,70.5942587956,70.0852931781,69.7124240563,71.72802827420001,75.8986716719,73.7053932972,67.2401436527,76.03279102610001,85.5801385491,91.849018197907,96.062754548767
15_SAS,1.A.1.bc,Petroleum Refining - Manufacture of Solid Fuels and Other Energy Industries,N2O,0.048931626,0.048931626,0.051359397,0.052033311,0.07082973599999999,0.063036228,0.064763826,0.065677749,0.044758417999999994,0.044968197,0.048226368000000006,0.053664975000000004,0.057627858,0.06218426,0.063854704,0.069185255,0.07232267099999999,0.083948389,0.090809551,0.091317385,0.096761545,0.099830689,0.098206276,0.09758921000000001,0.099552876,0.099208116,0.09616763,0.09302034199999999,0.092510045,0.099678208,0.097953566,0.09555962800000001,0.08958434600000001,0.091681396,0.09244370800000001,0.093135289,0.09417147399999999,0.09886974554999998,0.083858049,0.07096537353999999,0.07497374397,0.088110725,0.0926261125,0.09108041105,0.10044542,0.099335082,0.106634684,0.113748998,0.118175318,0.126071283,0.125452334,0.123081572,0.124384493,0.1293860526,0.1339536836
15_SAS,1.A.2,Manufacturing Industries and Construction,N2O,4.3294414245,4.3294414245,4.43576686529,4.62346117298,4.74840277323,4.8744483157400005,4.9292581456699995,5.02762762751,4.739269109,4.5813181242799,4.72718924015,5.057263778757,5.265960719333,5.20189794627,5.2688467469599995,5.16550164324,5.4457013144249995,5.464672157969,5.502604910233,5.61708391433,5.7003107836,6.0058085837999995,6.0635430918,6.2961801718,6.782369794499999,6.691675997199999,7.1373817067,7.4862941526,7.6489310832,7.758589925300001,7.8396302076,8.3741962367,8.4642391014,8.4311338318,8.9625227948,9.423224356,10.216674348,10.9922896555,11.282626651200001,11.640525310600001,12.9869852887,13.663069094,13.8535657733,15.0230837032,15.9667142618,16.7399404988,17.121395244200002,18.3735600216,19.5063473846,19.131842225899998,19.819273312900002,21.4130203968,22.6452033712,23.974936901200003,24.2028931512
15_SAS,1.A.3.a,Civil Aviation,N2O,0.02310603943,0.02310603943,0.02718154987,0.026568386480000004,0.02829412064,0.03004132452,0.03320498835,0.03649714655,0.0397201378,0.04012953608,0.04191879239,0.0430995754,0.042653678199999996,0.0414346467,0.049046795600000005,0.054562371500000005,0.056254362100000004,0.0590945397,0.0592578861,0.056485041,0.053996192,0.052060978,0.051510647,0.055519338,0.066509069,0.07332467100000001,0.085478259,0.085249829,0.086864555,0.092752982,0.08631725900000001,0.084932002,0.083366682,0.090532879,0.103508897,0.13560323600000002,0.16046037400000002,0.186236323,0.187531169,0.198502859,0.22206238,0.255184455,0.23701794599999998,0.24310077800000002,0.254123734,0.27794127600000007,0.31889129,0.369961998,0.41004865799999995,0.396524382,0.20945884799999998,0.321715203,0.398362757,0.43881129199999996,0.47711677599999996
15_SAS,1.A.3.b_noRES,Road Transportation no resuspension,N2O,2.2210630886000002,2.2192324121,2.4090723146,2.6273052386,3.1371670872,3.3698737284,3.5622226464999995,3.8238111287,4.3310457987,5.0940895365,5.4687022963,5.781553104,4.027163547,4.194165031,4.588245844,5.077847167,5.41907261,6.331280970000001,6.872388247,8.063798804000001,8.37403651,8.472632905,8.950186001999999,9.340309953999999,9.821411268,10.817648907,11.669604975,11.284214601000002,11.576505839,11.977146071,11.663726124,10.617889679,10.668670978,10.418415634999999,11.901384855000002,12.499672246,13.541221551,17.322737025,20.273598762,22.183296463,25.239433829999996,26.572477387000003,26.337933015,25.609953591,26.036693027000002,27.380972198,27.690962787,29.547418262999997,30.059018457,29.153021391000003,26.522346285,28.852412367,29.799185404000003,30.146611355,31.731759164
15_SAS,1.A.3.c,Railways,N2O,1.343801307,1.343801307,1.2503128719999999,1.258673638,1.291588805,1.4242267210000001,1.487358828,1.5364562640000001,1.531241446,1.655643806,1.605460206,1.696355785,1.9528453350000001,2.081409606,2.121086864,2.1974294,2.229731487,2.388376923,2.4217171759999996,2.4004091069999998,2.405454086,2.423360475,2.321404424,2.29210985,2.212232526,2.2285926860000003,2.334701925,2.218343259,2.2567931299999997,2.2307253969999996,2.3041952560000003,2.524312362,2.6299519499999997,2.563786159,2.643253304,2.892113149,2.8671516699999997,3.138817163,3.270322524,3.35692167,3.4687210949999994,3.671686668,3.8134066110000004,3.9015334520000002,4.023414175,4.108270319,4.066734123,4.116937452,4.156217036,3.94381401,2.333688802,3.073195616,3.234879178,2.728072278,2.861257233
15_SAS,1.A.3.d,Water-borne Navigation,N2O,0.026778350208000002,0.026778350208000002,0.020104767580000002,0.017509054497,0.019220432013,0.02360056588,0.024114729039999998,0.022000065660000002,0.022359040299999997,0.03137541381,0.03770157407,0.0333275852,0.0460408424,0.04980100097,0.050070110900000006,0.045035966999999996,0.0530060237,0.05988476399999999,0.05445094899999999,0.061196855499999994,0.0572899019,0.0522524284,0.051655577700000004,0.05733325189999999,0.060716058,0.054407263,0.061120601999999996,0.056537949,0.059437437999999995,0.059866645,0.056642037,0.060882101,0.054166808,0.058485696000000004,0.076056256,0.085211301,0.088320678,0.11098603900000001,0.124174486,0.114466159,0.103839627,0.10980735100000001,0.100662908,0.094688562,0.098666104,0.10169028499999999,0.105595072,0.154070167,0.177819168,0.18974176699999998,0.185439522,0.199462356,0.197320083,0.193069613,0.195320618
15_SAS,1.A.3.e,Other Transportation,N2O,0.0,0.0,0.0,0.0,0.0,0.0,0.0,0.0,0.0,0.0,0.0,0.0,7.79398e-05,0.000207839,7.79398e-05,0.000304318,0.000330298,0.000541852,0.000304312,0.001018735,0.00119766783,0.00135244542,0.0011980761200000001,0.00126773536,0.0008777870100000001,0.0008462979,0.0009017211000000001,0.0009887601,0.0012539359000000002,0.0020767478,0.0021969941,0.0030450676,0.0024932094,0.0028094825,0.0031888665,0.00260107,0.0025774756,0.0024602231,0.0027548398,0.0029095881,0.0051988027,0.004601187200000001,0.0047827959,0.0041873569000000005,0.0039531539,0.004092678,0.004490094,0.0050153611,0.006016957,0.005860548,0.005113693999999999,0.005546529,0.005475042,0.004654414,0.0050631370000000005
15_SAS,1.A.4,Residential and other sectors,N2O,17.786795331169998,17.78675674217,18.23674588653,18.718448021569998,18.80134933747,19.0185009603,19.43918406394,19.89126245645,20.47923140055,20.78953503812,21.2267688707,21.258486913800002,23.2601291527,23.9322083952,24.619449209,25.379123335,26.178737964,27.147923020999997,28.087570149999998,28.657815654,29.346286812,29.950554084,30.814469429,31.594673687,32.530159844,33.943961842,34.559469815,35.083786181,35.63645875,36.596405794,36.548459127,36.413824828,36.81844211,37.052130479,37.742386359,37.495332939,38.902834423,38.483367835,38.037004279,39.19095698,40.281549995,41.709896740999994,42.132985609,42.534182709,42.539079332,42.235533669000006,42.452367535,43.053841363000004,43.495062169,43.266789845,41.889602777,42.870677915,43.845819258,43.601124951,44.306281182
15_SAS,1.A.5,Non-Specified,N2O,0.07764846875,0.07764846875,0.07747432872,0.08521446935,0.0857213428,0.08330043438,0.09244908572,0.09507020235000001,0.09533601028,0.16473158312,0.12778259921,0.19337413020000002,0.1504525789,0.18679594140000003,0.2839051333,0.19800323179999998,0.1107667216,0.09233606191100001,0.16229443823399997,0.141074356761,0.236263859439,0.29207847196200004,0.26963173304499993,0.23047354870200001,0.27239588221,0.268447646586,0.28604566400299997,0.32919891203499996,0.14782284749799998,0.20510208655999998,0.18102123496,0.18446691665,0.21095696040000003,0.27342070704,0.28434262805,0.28558003316999997,0.22794008486,0.15413674386,0.81968339362,0.4408218287,0.3918494757,0.17881169114,0.26719515529000004,0.2158328202,0.24698086437,0.2494856506,0.26164478258999996,0.26837190892,0.28071033009999996,0.26185721177000004,0.25233318105,0.29693408272200006,0.30790788661,0.327347359044,0.33903049574399996
15_SAS,1.B.1,Solid Fuels,N2O,0.2630327889,0.26094233840000003,0.2637559577,0.2665782536,0.26958970130000004,0.2723947068,0.2751679445,0.27790841429999996,0.280588196,0.2833273044,0.2860324222,0.2889150249,0.30546972990000004,0.3096842599,0.3114267242,0.31466555760000003,0.3182419109,0.3215469186,0.32321953419999994,0.32682066860000003,0.3304507803,0.3377727027,0.3451859222,0.349851679,0.3622903011,0.37007317630000003,0.3781187185,0.38464429099999997,0.3909653727,0.39766513270000003,0.4096305355,0.4179237481,0.4223115803,0.4346654723,0.4437437094,0.4387449187,0.4196187463,0.4296841081,0.4437660934,0.44535395289999996,0.4598502868,0.46442284500000003,0.46167310300000003,0.45062926299999995,0.440034612,0.425094718,0.406672937,0.384571038,0.35802300700000006,0.33373888100000004,0.307013018,0.299894844,0.293619249,0.28780153,0.28780153
15_SAS,1.B.2,Oil and Natural Gas,N2O,0.0060925375,0.006206497500000001,0.0071949945,0.0049581721,0.007289447100000001,0.0064344908000000004,0.0063402059,0.0080691519,0.006674165,0.0064817219,0.0068815156,0.0076813814,0.0083709214,0.022284377,0.0102746541,0.01089202,0.011179448000000002,0.009603753,0.009419258,0.007567852999999999,0.00729784,0.007107174000000001,0.006589751,0.006653455999999999,0.007508649,0.008154454,0.007882791,0.008125535,0.00801655,0.008141272,0.031333336,0.035243376,0.00842523036,0.00858894033,0.009470409421,0.00884156945,0.009865207481,0.00987355135,0.010220794940000002,0.010404015605,0.01105696452,0.0151897388,0.07373313841,0.07071102941,0.07133644462,0.08064320018,0.07371393236,0.05847879979,0.052483690779999995,0.05016105919,0.05464589722,0.054219314,0.056174424,0.05495186,0.054219553
15_SAS,2.B,Chemical Industry,N2O,3.3031,3.4475,7.0347,10.7625,10.9276,13.251900000000001,13.86723,12.14424,11.62826,13.27032,10.719899999999999,11.869319999999998,10.09677,10.539539999999999,10.06153,8.984399999999999,8.095650000000001,7.3837600000000005,6.69123,6.02476,5.895,6.624,6.984,7.761,8.1135,7.470000000000001,7.100999999999999,7.101,7.303200554,7.23252061,7.77252061,7.506,7.30251,7.694037,7.9935480000000005,7.945956000000001,7.901964,7.3431,5.1316515,5.6572605000000005,1.144602,1.099602,0.926118,0.801306,0.846864,0.814275,0.813321,0.811602,0.870642,0.91879341,0.928206915,0.964144401,1.037815225,1.148441281,1.183890274
15_SAS,2.G,Other Product Manufacture and Use,N2O,0.21477410459999996,0.219725692,0.22479995329999997,0.2300123949,0.235385061,0.240933657,0.2466611403,0.2525617781,0.2586292274,0.2648535476,0.271224914,0.2777397384,0.2843946039,0.2911782603,0.2980773812,0.30508081730000003,0.3121778623,0.3193639384,0.3266362107,0.33399562869999994,0.3414398265,0.348963486,0.35655589239999996,0.3641978014,0.37186544559999996,0.3795410329,0.38720912539999996,0.3948660274,0.40251555120000004,0.4101735247,0.41783876159999994,0.42551727329999994,0.43319083829999994,0.44082583020000005,0.44838035239999996,0.4558213945,0.46313592239999996,0.47032925600000003,0.47742427600000004,0.484445917,0.491419232,0.498348885,0.505224549,0.512044033,0.5188089889999999,0.525511917,0.53215432,0.538733708,0.5452487109999999,0.5516988930000001,0.5580814890000001,0.564393926,0.570630059,0.576776996,0.582817862
15_SAS,3.A.2,Manure Management,N2O,6.558824629,6.613958644999999,6.6505028710000005,6.743131163999999,6.823151842,6.903292876,6.993021269000001,7.077038798,7.274307629,7.426031949,7.4365157470000005,7.614218151999999,7.815877239,7.965204921,8.087018879,8.240919834,8.501397914,8.535495470999999,8.692276105,8.862511435,9.027763775,9.176286896999999,9.340832033,9.43623468,9.548830158,9.662269254,9.733782141999999,9.812176209,9.797687953,9.869941348,9.953168482999999,10.008967115999999,10.118828855,10.207765576,10.399698166,10.602652534999999,10.978925396000001,11.181631482000002,11.270502602,11.359007605,11.402801754,11.563775266,11.654602118,11.747992683,11.832809694,11.982657055999999,12.105052506,12.246917913,12.396571603999998,12.544787107,12.681174564,12.927156765,13.109596364000002,13.061026638,13.199822474
15_SAS,3.C.1,Emissions from biomass burning,N2O,5.1148129771,4.974788673000001,4.8042529147,5.1757315265,5.000383355,5.425138507,5.2589137649,5.6915054134,5.7879058815,5.4314825566,5.7424266729,5.9231090647,5.6866060028,6.3348920233,6.226288945,6.2866746923,6.350577056400001,6.111193297000001,6.718575925,7.066830971,7.0971052258,7.06573157221,7.23304019966,7.430755352089999,7.47063777611,7.60587435284,7.83720601821,7.8882464186900005,8.162065432199999,8.37404228272,8.3129318869,8.50113464123,7.82495781757,8.72065312777,8.582773961840001,9.16111462081,9.37969974306,10.086955336739999,10.39462986975,10.019941884,10.449031118069998,11.09787113298,11.072899103969998,11.29454964606,11.352583135369999,11.115289568189999,11.41591858302,11.67146108923,11.80850747435,11.93527283714,12.4617009281,12.91617562679,13.09173437266,13.53414023109,13.72684971044
15_SAS,3.C.4,Direct N2O Emissions from managed soils,N2O,220.810579597,222.558942306,223.573516496,225.37028427399997,232.451528616,239.763908424,252.49471509199998,265.541970215,276.284146,291.094279659,293.041871703,302.982407597,313.199743819,328.213929876,343.897849119,355.57123283100003,377.97451114499995,368.815666288,398.619626937,407.637637681,417.249417372,429.70377658809997,444.1731041915,453.70162000460004,471.4365710661,487.2071476503,500.6942491151,513.6051304975,523.467061371,535.2819002749,525.4310005611,534.7601932335,525.0813047847,543.3011386747,563.4101319365,588.0371840294999,608.8858625439,635.5432205805,650.6291382704,667.6262709581,683.8484213342,700.2883969648,690.6044798271,698.0530072375,709.7165329352999,711.4900941745,722.3883120754,729.7217561360001,745.9820756416,774.291753586,808.0989439545,797.7613168163,810.5298183034,825.0625875388,840.7693420754999
15_SAS,3.C.5,Indirect N2O Emissions from managed soils,N2O,31.539953634,31.600367839999997,31.58973474,32.01166709899999,33.166458901999995,34.70219648,37.469158854999996,40.929488262999996,42.826461788,45.855972948,46.752872182000004,48.83215882300001,50.851890219,54.785232703,58.583197082000005,61.39466519,67.055291522,63.543056676999996,71.334649532,73.162334703,75.38063829299999,78.5154467684,81.81111777345001,84.45357863287,88.98348234707,92.92534837361,96.39587555209,98.99308744278,101.43690616212,103.83675019658,100.84418247404,103.6360302548,99.9616991125,105.0172868852,109.5164722776,115.5298860181,120.61719671771,127.41040548251,130.86227710156,134.21436780694,138.39490794702,142.71214623442,140.7342447357,142.92747518637998,145.66960989754,145.07072829275,146.43674833682,147.9578992054,152.32710918401,159.62861825819,167.20695795699,165.01303581524002,168.50992229666,172.88517964851002,177.19021684842002
15_SAS,3.C.6,Indirect N2O Emissions from manure management,N2O,2.605720975,2.629895444,2.6241015840000004,2.636752813,2.681538793,2.722443543,2.7706217730000002,2.800560499,2.88816928,2.962528055,2.9329302520000002,2.993152587,3.059897436,3.11735847,3.152499388,3.1899239670000004,3.243110867,3.2714147330000003,3.325096603,3.3703383209999997,3.421387829,3.47106737,3.5317205609999998,3.568516672,3.625659061,3.681112079,3.7243043180000006,3.768538738,3.7783303249999998,3.819661593,3.832573441,3.8592599990000003,3.9076635179999997,3.959898709,4.0415443490000005,4.133508915,4.2425859379999995,4.35709872,4.404765454,4.441703618,4.495038246,4.547158839,4.5853684999999995,4.609547699,4.6412628300000005,4.714174613,4.79004059,4.8589155139999995,4.934058982,5.000220735,5.099266711,5.131056689,5.170258385,5.225724394,5.283926916
15_SAS,4.B,Biological Treatment of Solid Waste,N2O,0.82990526941,0.8624156594199999,0.8963623319,0.9316590523,0.9681578484,1.0057525371,1.0463600305999998,1.0881618844999998,1.1312810978,1.1759009131,1.2221515613,1.2644222806,1.3080625577,1.3529432134,1.3988724207,1.4456990447,1.4927219622999999,1.5405735317,1.5892309991000002,1.6386986917000002,1.6889737194,1.7381223556,1.7879341413999998,1.8384651766,1.8897958581,1.9419808251,1.995039996,2.0489030062999998,2.1034745534,2.1586584773,2.2143193305,2.2787402327,2.3438323621,2.4096027572999996,2.4759498221,2.5428681250000005,2.612921652,2.68355379,2.753905642,2.825177016,2.895189889,2.9678539109999997,3.1587614489999996,3.234209625,3.311335218,3.3910868229999998,3.476371196,3.560663577,3.646270895,3.732382068,3.818872294,3.906143807,3.9986976750000003,4.0863044959999995,4.175863099
15_SAS,4.C,Incineration and Open Burning of Waste,N2O,0.000157016,0.000154072,0.000169306,0.000185088,0.000201078,0.000217018,0.000231502,0.000245779,0.000260072,0.000274798,0.000290259,0.000302046,0.000314404,0.000327105,0.000339792,0.000352207,0.000356148,0.000359533,0.00036226,0.000364249,0.000365436,0.000375555,0.000385472,0.000395084,0.000404184,0.000412726,0.000428039,0.000443129,0.000458449,0.000474628,0.000492175,0.000525817,0.000561757,0.000599917,0.000639996,0.000681758,0.000711142,0.000741469,0.000773026,0.000806247,0.000841411,0.000985387,0.001026007,0.001067616,0.00110896,0.001149045,0.00118778,0.001224899,0.00126071,0.001295715,0.001330283,0.001361403,0.001397041,0.00143147,0.001466747
15_SAS,4.D,Wastewater Treatment and Discharge,N2O,23.31702464,22.596995384,23.503217979000002,24.192999436,24.030897934,24.355630127,25.035944567999998,26.255919597000002,27.988397514,28.059343694,26.693140297,29.448837452,29.864915392,31.992079818999997,33.271830322,32.560136978,34.737747168999995,35.704060291,36.394300306,39.213111182999995,38.826461627,40.139306742,41.26311604800001,42.04362659499999,43.015177285,44.001527017,45.103202839,46.064080862,47.657666725000006,48.537292656000005,48.152437516999996,49.421777727,49.811814568,50.319965904,51.15695750100001,52.410053754,54.46335700600001,56.543469076,58.11228766399999,59.949384447999996,61.819712587,63.78508394600001,65.318698476,67.189010727,68.985654871,70.87025500600001,72.871942143,74.923973287,76.742094607,78.66563593400001,81.23375870699999,83.626107483,85.049407142,87.066192128,89.132033164
15_SAS,5.A,Indirect N2O emissions from the atmospheric deposition of nitrogen in NOx and NH3,N2O,16.826099513000003,16.808648006000002,17.065065533000002,17.228426027,17.8834501,18.454727932,18.722902256,19.064971605,19.03910518,19.610946414,20.396074648,21.004292983,23.204881856,23.526715867,24.203136085,24.923620996,25.599099047,27.105805171999997,27.62664722,28.309772927999997,29.389694972,30.520806466,31.339429828,31.679534601,33.500723293,34.96078292,36.409024786,36.773631221,36.561045225,39.120533174,39.553323573,39.098605301,38.074495562,39.224016175,41.693160625999994,41.919008038,43.845802796,47.883564192,49.761465973,53.403932860000005,54.90224954,55.421513039,59.129379529,59.313035099000004,62.02134487800001,62.263221238999996,63.456967824,66.104241363,67.879320715,66.671733375,63.461453419,70.716157907,73.550486165,75.391824696,77.921092651
15_SAS,5.B,Fossil fuel fires,N2O,0.1971,0.1989,0.2007,0.2025,0.2043,0.2061,0.2079,0.2097,0.2115,0.2133,0.2151,0.2169,0.2187,0.225,0.225,0.225,0.225,0.225,0.225,0.225,0.225,0.225,0.225,0.225,0.225,0.225,0.225,0.225,0.225,0.225,0.225,0.225,0.225,0.225,0.225,0.225,0.225,0.225,0.225,0.225,0.225,0.225,0.225,0.225,0.225,0.225,0.225,0.225,0.225,0.225,0.225,0.225,0.225,0.225,0.225
16_APC,1.A.1.a,Main Activity Electricity and Heat Production,N2O,0.15254651844411,0.15363074533428,0.17536073261264998,0.20219217412795001,0.20536751135655998,0.24435006659229,0.2821710837138,0.31531264978948,0.3388731881546,0.38554188737460005,0.4236156370194,0.4192879818971,0.42700073263310007,0.5117311567657,0.5500475275523,0.6137912479112,0.7446229975734,0.796604439772,0.9445515224958,1.0945197082798,1.2275839402370001,1.3807578672349998,1.507540832893,1.8573536264269999,1.9466358334770002,2.135228556069,2.633305212772,2.80131351282,2.876643655463,3.200273933214,4.361017518703,4.71544171347,5.2168343486,5.39953536401,5.86730922625,5.95993848367,6.04962376659,8.42099037711,8.21730452655,8.26711325751,8.5920696656,10.58388608056,9.654512755153,12.005192341196,11.897812682467,15.31075600496,21.897986424899,23.675599552758698,26.932189290282,29.7819765980618,31.1834187375893,32.292584216299296,34.6635672975002,37.002062922887106,39.2345344587961
16_APC,1.A.1.bc,Petroleum Refining - Manufacture of Solid Fuels and Other Energy Industries,N2O,0.048196662,0.048196662,0.0603884421,0.079360794,0.082932064,0.070614853,0.064951063,0.083238761,0.087353047,0.09304471,0.09573873299999999,0.093810651,0.106271653,0.11233181,0.119457497,0.129374242,0.134242191,0.139163816,0.140080839,0.13614162700000002,0.178596499,0.195221182,0.201210904,0.211420779,0.22203355600000002,0.255093605,0.239419401,0.255421479,0.266633096,0.25197142499999997,0.241893923,0.233939673,0.230189093,0.236710845,0.242314633,0.24592239100000002,0.245273127,0.24626989945,0.25860835,0.2057784685,0.19712452204,0.21561434399,0.22240556749,0.2248411939506,0.223887702,0.21702235918,0.20511912129999998,0.177379181,0.19521498399999998,0.200464382,0.200057456,0.200009216,0.208618152,0.20312349200000002,0.202635342
16_APC,1.A.2,Manufacturing Industries and Construction,N2O,1.02360667774,1.02360667774,0.85033513801,0.85259510715,0.9077431343,0.83842513201,0.91443067979,0.9960127765400001,1.01961715917,1.1419270712532001,1.11381918838,1.1911624492683,1.2289612262792,1.272057902288,1.2728473303,1.385515833354,1.4274871687273,1.443398894259,1.512796923369,1.6922534829379998,3.02922538178,3.1571274276,3.4045162088,3.4106807249,3.6131059508,3.96781716967,4.15685127152,4.22183513626,3.96579544969,4.23413363982,4.349578305800001,4.14819011679,4.2630574997,4.57072367548,4.6339895459300005,4.78513313758,5.16018499101,5.36966380982,5.16284564112,5.11779299993,5.7371460249699995,5.683432921820001,5.71619552953,5.12604727873,5.36907207947,5.56246453952,5.48884964879,5.6429239627,5.98002440265,6.6803469646,6.05069931603,5.71509075141,6.43979577892,6.50410752903,6.69794231503
16_APC,1.A.3.a,Civil Aviation,N2O,0.026243531599999998,0.026243531599999998,0.03203571,0.0316967408,0.028658797300000004,0.0328797216,0.040980508400000004,0.0405578869,0.047150455,0.0449532254,0.0496908937,0.049795285,0.052304769,0.0539730109,0.057631035000000004,0.0608764218,0.057094132299999996,0.069507586,0.0739419844,0.0820338943,0.09548732730000001,0.1178310128,0.1313980245,0.1511494831,0.1733890484,0.1820928606,0.21347294009999998,0.2224196655,0.1883566932,0.1785210008,0.19069996620000002,0.2043799146,0.1992512599,0.2154721406,0.2573641902,0.2283377723,0.23887050499999998,0.2289591142,0.22666097500000001,0.238109454,0.28226845300000003,0.314277834,0.313351344,0.3402285,0.371074198,0.3756487552,0.4311252658,0.456692734,0.480404131,0.461486711,0.2644993489,0.1972182362,0.340900264,0.3864386121,0.4353042529
16_APC,1.A.3.b_noRES,Road Transportation no resuspension,N2O,1.465800346,1.4536213928,1.5623634205,1.6615779722,1.7314866181000002,1.837152661,1.9168825801,2.0590664652,2.154346044,2.326350625,2.436141664,2.573065442,2.766419506,2.881517513,3.0363878239999997,3.104404145,3.279081108,3.621363336,4.010010734,4.479870307,5.002316406,5.822269233,6.302216767,6.736479569,7.193977203,7.392991965999999,7.872382054,8.292323278,9.364971679,10.802140506999999,8.387700312,8.779093399,9.256199938,10.228686924,11.561017812,11.34745411,11.153370275,11.4527941538,11.229604025,11.368160261,11.973966423,11.807742199,12.8841521,13.547719183,13.563125201,13.252934596000001,12.7964345339,13.1130972655,13.768111630209999,14.28836254682,13.07484471185,13.30921785444,14.95831926948,15.369204350259999,15.85995955314
16_APC,1.A.3.c,Railways,N2O,0.073586812,0.073586812,0.08143709199999999,0.083389172,0.090254298,0.087871506,0.091855186,0.09250244,0.080906184,0.056444313,0.056031264,0.052400258,0.056051208,0.055819519,0.054327491000000006,0.051631599,0.0503932,0.05669235,0.153644062,0.17296565,0.1995603727,0.2166274703,0.2239054883,0.2265075843,0.2128811854,0.200894408,0.218906974,0.195855088,0.16796065000000002,0.18362630000000002,0.16912981800000002,0.173988672,0.190945612,0.172817788,0.155893166,0.16554938400000002,0.159532802,0.15106634400000002,0.22171749600000001,0.213366296,0.215846488,0.43886698442,0.47233190736,0.57140639194,0.619594391,0.61240672902,0.5767002796999999,0.7537520277,0.8274888520000001,0.902572278,0.729236571,0.704366677,0.340446203,0.38995938439,0.40021440825000004
16_APC,1.A.3.d,Water-borne Navigation,N2O,0.02975881188,0.02975881188,0.02962083045,0.030153333489999996,0.029309421599999996,0.0320029824,0.031646104429999995,0.03401443828,0.036392261780000004,0.04447799001,0.03573556529,0.0362708128,0.0511588164,0.061280828200000005,0.0775125931,0.08495298089999999,0.0942602446,0.0877365432,0.0798060839,0.1292425213,0.17310628309999998,0.17501016160000002,0.1821573355,0.2130790805,0.2250905648,0.262419721,0.2888644189,0.2964447805,0.3203308472,0.2922881751,0.2887550604,0.2987565679,0.29540272500000003,0.2694056735,0.2643443274,0.24859837170000001,0.230780592,0.223134975,0.2013252209,0.2339072094,0.2510435813,0.3103101756,0.35000148610000004,0.3513126395,0.3550485005,0.3654466544,0.3128329124,0.341541579,0.36115760929999996,0.35885771990000004,0.305955032,0.338815431,0.3664566131,0.3592766047,0.3867798933
16_APC,1.A.3.e,Other Transportation,N2O,0.00019894,0.00019894,0.00019894,0.00019894,0.00019894,0.00019894,0.00019894,0.00019894,0.00019894,0.00019894,0.00019894,0.000201938,0.000200493,0.00020814,0.000230192,0.00018627,0.000203052,0.000212862,0.000203743,0.000212763,0.00065922046,0.00061999527,0.0008005935,0.00076749452,0.0009980098,0.00119169361,0.00130326639,0.00148881611,0.00150547406,0.00161492612,0.00174666808,0.00198129362,0.0025048745500000002,0.00280144083,0.0028761596,0.0028777635,0.0027128726,0.0028688994,0.0024890764,0.0024166707,0.0024890626,0.0025495389,0.0032016655,0.0032655853,0.0035884698,0.0035205503,0.0044766375,0.0039080788,0.0035649643999999996,0.0035114367,0.0030390066,0.0031305084,0.0031425257,0.0031276725,0.0032707322
16_APC,1.A.4,Residential and other sectors,N2O,6.13184974061,6.13190842891,6.2909838988899995,6.64065635994,7.01176645359,7.40251558832,7.60237000942,7.8321841587000005,8.03942596586,8.40922624493,8.096176808,8.1332050511,8.4395111474,8.3050860266,8.637851598500001,8.9162055146,9.0959135004,9.2230914967,9.5830755954,9.9415544826,8.9697483926,8.9826606763,9.366833571699999,9.2446447395,9.321887760400001,9.3608241216,9.6162098599,10.687775834,10.7500890204,12.0546375408,12.0909533976,12.3436487223,12.4608726706,12.7037802572,13.4527165161,12.7715929087,12.3906298319,12.4297922181,12.2845999564,12.182566061300001,11.907862229100001,12.9239290554,13.8758343478,13.7939688903,13.49112360628,12.39590736681,11.506937964433,11.592781364011,11.277262777203001,10.625797525983,9.6118733236182,9.6245338276936,8.0904002538941,8.166729133819,8.297561319719
16_APC,1.A.5,Non-Specified,N2O,0.050432230099999996,0.050432230099999996,0.0528089694,0.0642773157,0.0781139983,0.07141270679999999,0.08630911949999999,0.0233454799,0.0316847167,0.028705774,0.0336235872,0.0318399986,0.0271952376,0.030505275000000002,0.0250481683,0.0203175243,0.0178619221,0.0203924996425,0.018016922823300002,0.024825397086,0.017280999347800002,0.0180043440686,0.015488697498200001,0.016018278913999998,0.0182979514728,0.0163615436427,0.0173318712193,0.0190946337644,0.0178396067182,0.019498819299999998,0.032405117194,0.03354790087599999,0.030200982194,0.028848005049,0.032311797524,0.025796261316,0.025425482168,0.031039067166000002,0.029415950455000003,0.025757851551,0.020469286322,0.02088591969,0.027535477379,0.026260230268,0.028924284823999998,0.029872028481,0.023995894977999997,0.02471598848,0.024918075366,0.02725548752627,0.026501278155642,0.0257215965445901,0.033887272636103,0.032611861512358,0.034059254122358
16_APC,1.B.1,Solid Fuels,N2O,0.71418326837,0.70848946235,0.69840341248,0.6920564135,0.66846112492,0.69141677406,0.71009819636,0.73455868687,0.76388129099,0.78631002042,0.7962888845,0.8030133452,0.8013987881,0.719952682,0.7507146932,0.8014230604,0.8441627574,0.8901560456,0.9263129244999999,1.0239006349,1.0673596338,1.1030865851,1.0738759645,0.9776665260999999,0.9128019106,0.8514337708,0.8130857054,0.7776168285,0.7430711378,0.6878759122,0.6973933751,0.6997423808,0.7042924688,0.7187357565,0.7585802249,0.7760651524,0.796397945,0.8216509519999999,0.8512464244,0.8365505510000001,0.8868653200000001,0.8378356017999999,0.8340839513999999,0.8558500228999999,0.8387789613,0.8397585060999999,0.6851675077,0.6561585225000001,0.5069501712,0.5120264941,0.46916150430000003,0.45076134349999997,0.4793854591,0.5027620459000001,0.5027620459000001
16_APC,1.B.2,Oil and Natural Gas,N2O,0.0905295728651,0.0977806628651,0.1406373204751,0.153689516551,0.176534908351,0.163288794151,0.2004049565351,0.3421238711551,0.39987723880509995,0.4044235768551,0.26247859860600004,0.23904141462099998,0.208424758791,0.183700157791,0.168583147691,0.14428299278599999,0.151111538891,0.148948648724,0.175939340567,0.172093166953,0.19197650005000003,0.23166826206,0.243177028,0.2727021521,0.22813991860000002,0.20459749359999999,0.2321979019,0.25659431709999997,0.23059310160000002,0.2086249227,0.20444124,0.2034698965,0.1796728848,0.19686734730000002,0.17838327,0.1778496441,0.1890680804,0.16541282599999999,0.17426856833999999,0.17439986743,0.14046722140999998,0.14497292172999998,0.2166949921,0.2172615326,0.2354808231,0.23584448017999998,0.21201698156,0.19326830067,0.16200142632,0.15737218869,0.15747173813,0.14259163386,0.1244124823,0.1262614646,0.12015390643
16_APC,2.B,Chemical Industry,N2O,2.674181553,2.742581553,2.822381553,2.991481553,3.114981553,2.0603,2.16921,2.7475199999999997,3.09448,2.9829600000000003,2.77975,2.579302857,2.3187138459999996,2.552817059,2.766230909,2.651736264,2.317152336,2.228859245,2.166473077,1.860825882,1.9752815529999999,1.8,1.915363636,3.6420000000000003,5.594,11.727,14.355,20.8521,41.12770813699999,31.749948027,31.920948026999998,35.186944437,8.203961483,9.137587624,9.086710540999999,8.9514405,9.314541,9.334404,8.37519975,8.767323,11.442369375,10.775989124999999,8.360202375,8.220198374999999,7.810698374999999,7.863798375,8.409198374999999,8.881698375,9.047298375,9.429821124,9.363726231000001,9.637192271,9.481936877,9.632933867,9.808830774
16_APC,2.G,Other Product Manufacture and Use,N2O,0.03503380672,0.0358833764,0.036729115,0.037571219919999996,0.03840782868,0.03924051523,0.04006294828,0.040878847839999996,0.04170775807,0.04257499258,0.04349794574,0.04448827737,0.04553468562,0.046598853270000004,0.04762570739,0.04857906016,0.04944122368,0.050227954219999996,0.05097471706,0.05173689453,0.05255284055,0.0534326381,0.054361458620000004,0.05531686401,0.05626718917,0.05718483232,0.058069538909999996,0.05892441409,0.05974735725,0.06053309602,0.06128048599,0.06198724149,0.06265623574,0.06330238663,0.06394572276,0.0646020714,0.06527797166,0.06596997207,0.0666775914,0.06739405364,0.06811748062,0.06884556556,0.06958241206,0.07032890109,0.07108439781,0.07185162788,0.07262950857,0.07341704698,0.07420709741,0.07499049499,0.07575911795,0.0765183748,0.0772556724,0.0779505648,0.07866638100000001
16_APC,3.A.2,Manure Management,N2O,22.644737943299997,22.763694230000002,23.0774539753,23.2091153346,22.9298073377,22.4044318153,22.3332138888,22.4888988634,23.3972569204,23.7261936884,23.8967404785,24.9470719201,25.5021354014,27.5419976152,28.0465699081,28.3678257326,28.906503328299998,28.8131997869,28.8038911468,28.5959825887,29.1185223323,29.9345431882,31.017929317700002,31.0773538243,31.848283487699998,31.2400643147,31.3068982032,31.203120633900003,30.0006411343,28.843758724,28.928456079500002,29.3735407753,30.3277973304,30.3369980336,30.7671138648,31.0455691998,31.890777867799997,32.8010013488,33.4003307688,33.973276310799996,34.820558916799996,35.6310853588,36.3372744698,34.0218572578,35.7618007758,36.5298104178,37.6615496418,39.974325341000004,33.503482265,34.225942948000004,34.552955897,34.56805703,35.023968309,35.694568629,36.182367427
16_APC,3.C.1,Emissions from biomass burning,N2O,4.502908781327,4.601639101585,4.334251358925,4.888923970495,4.961351633014,5.095137836964,5.108586457435,5.181525704006,5.52089179354,5.47617032946,5.740728412216,6.0415269168500005,5.91630825136,6.13396092762,6.43242236433,6.52481554241,6.55986462311,6.36981094592,6.802551948202001,7.028472103922,6.899345058684999,6.901118873065,7.282384612776,7.211816429529001,7.352632632451,7.628398979835,7.844803874931,7.678897264939,7.467774529133,8.015560815753,8.137028160853,8.170637633673,8.184633977443,8.458771432292,8.683976125174,8.836622015665,8.980514168217999,9.284885448359,9.682680334125,9.825718964538,9.906503357918,10.006552373322998,10.151360720712,10.104273430982,9.94084662833,9.714996280697001,9.639659848421,9.935787537522,10.088395165205,9.541172537348,9.396151514621,9.539917363631,9.846390070171001,9.596226407376001,9.610484155253001
16_APC,3.C.4,Direct N2O Emissions from managed soils,N2O,98.660124436,98.913050713,99.053570553,100.227474229,99.25959667800001,99.56896829200001,100.67145236500001,104.751676678,108.792733879,110.475850482,114.810211107,119.426920111,122.641281685,128.353180592,132.928859039,134.80902041899998,139.944623084,142.539348096,146.717391751,146.55244869499998,151.034807824,149.404900214,156.328732118,158.214327173,162.0006476,165.367948315,171.965955613,166.89950926699998,172.294221097,170.813893692,170.954661568,170.856100732,178.961949244,180.8506893,185.03345061800002,188.064813515,186.154631645,196.51587486,197.59934453099999,213.72763968,213.488276068,215.81918942899998,220.599603666,221.878437462,227.23880790599998,230.163516833,233.55887336799998,250.40471265099998,238.484297946,232.738430837,233.51282325900002,228.38850352499998,226.142224685,222.706918562,220.536298174
16_APC,3.C.5,Indirect N2O Emissions from managed soils,N2O,14.943916187300001,15.0927856108,15.017229024299999,15.6185864066,15.3886522938,15.6727238288,15.954412627099998,17.1547173378,18.5249345203,19.072163096500002,20.5289423169,22.0530613456,22.973083071,24.231108355,25.8923364601,26.4910963331,28.0624784663,28.9765330573,30.4295398659,30.517385199299998,31.865054146,31.443491026,33.787958276,34.311711041,35.695336884,36.84512572,39.340362395,37.642506354,38.984144668999996,38.604474227000004,39.439719248,39.536149881,42.442983106,43.101948676,44.112932272,44.663470298,43.801386731,46.736675522,47.017016579999996,51.978627997,51.237754249000005,52.017570246999995,53.356032511,54.0913289,55.260582894,56.163136328,57.192030626,64.333136389,62.06624322,60.221395617000006,59.826106839000005,57.314129568,57.464355491,56.880160289,56.222713108
16_APC,3.C.6,Indirect N2O Emissions from manure management,N2O,1.0714730314,1.0815466409,1.0980056369,1.1260206304,1.1094925681999999,1.0843490829,1.087111065,1.1023593483999998,1.157211311,1.1648645805,1.1875318361,1.2459236508,1.2865847473,1.3831827345,1.4425663654,1.4761813880999999,1.513632831,1.5396244,1.5674924115,1.5769581373,1.634450674,1.6909591303,1.7813245965,1.8232149394000001,1.911138713,1.9365873192999998,1.9980463253,1.9891350937999999,1.8201378173,1.7704501658,1.8704878732,1.942162553,2.0898897434,2.0918863199,2.0937385733,2.1030393005,2.1613977788,2.2827148661,2.3173197504,2.4069191315,2.4483397353,2.5366786708999998,2.6603923905,2.6624405013,2.7735999464,2.8858801954,2.9633302062999998,3.5579655574,3.1258920452,3.2191596000000002,3.1579619311,3.0301184769,3.1439626494999997,3.0646696477999997,3.0150215862
16_APC,4.B,Biological Treatment of Solid Waste,N2O,0.049186697800000005,0.0517297219,0.05436401539999999,0.057072944,0.0598322051,0.0626237333,0.065500253,0.0684045438,0.0713473771,0.0743467945,0.0774159151,0.0796593539,0.0819271224,0.0842233892,0.08655430489999999,0.08892149159999999,0.0913471521,0.0938128221,0.0962790007,0.0986895433,0.10100469270000001,0.10290978629999999,0.104703362,0.10644071630000002,0.10820358520000001,0.1100508084,0.11217392320000001,0.1143866161,0.1166655825,0.1189234034,0.1211274673,0.12659058439999998,0.13205276,0.1375105556,0.1429704699,0.14843934379999998,0.1542149765,0.1602854665,0.16318778370000003,0.166315362,0.1751672406,0.17539638300000002,0.1814642588,0.18574580300000001,0.1972591591,0.16756584900000002,0.167533403,0.19691575599999997,0.120676134,0.157517099,0.20963115429999998,0.3466219567,0.3515434367,0.38246897090000004,0.4162380692
16_APC,4.C,Incineration and Open Burning of Waste,N2O,0.09319220689299999,0.091486272442,0.093764590346,0.09600880949799999,0.098205294286,0.100343889305,0.102488626203,0.104564236108,0.106581725582,0.108555350488,0.11049048211,0.113293197442,0.116037721168,0.118696490966,0.121235626821,0.12362615825199999,0.126116325688,0.128430374223,0.130555619069,0.132481045825,0.13424784779499999,0.141121611016,0.148095775485,0.15356546408,0.16248539364,0.187057749023,0.19240376081399999,0.18007574781,0.18706921935,0.190030897605,0.217940243595,0.2422319205999,0.252995153311,0.24633793614900001,0.258722016305,0.25461558031500003,0.269908753101,0.28227286039,0.281094006618,0.268404619348,0.27852587067,0.281192081741,0.287711369106,0.295038000715,0.301248019094,0.30506761825400003,0.313665292924,0.319487524254,0.328023994,0.334783333214,0.341722994959,0.348598478659,0.355369796259,0.36243660168,0.369875641664
16_APC,4.D,Wastewater Treatment and Discharge,N2O,7.035775215,7.2457230610000005,7.506048785,7.754899051,7.960480324,8.137487799,8.264295465,8.606463138,8.975693919,9.221183444,9.608903326,10.019890585,10.121557966,10.588865601,11.004401214,11.094067718,11.502496469999999,11.657388568,12.28931457,12.472022635999998,12.995971187,13.462078498,14.006895155,14.438789579,14.865197774,15.223171580999999,15.377934149,15.467298757999998,15.723562073,16.02015148,16.116228752,16.7251644555,17.0480180005,17.4854869445,17.889469780899997,18.4047806008,18.9263624968,19.4222865353,19.9235721234,20.9081410571,22.0077609911,23.0935471548,23.6249668423,24.270378315400002,24.9353936513,25.6449124895,26.4463229076,27.1087029083,27.7315515857,28.1386641135,28.592593964,28.9344595736,29.1212940637,29.5195855744,29.9319885279
16_APC,5.A,Indirect N2O emissions from the atmospheric deposition of nitrogen in NOx and NH3,N2O,8.523987667225,8.53542141126,8.45173961029,8.955847995494999,9.073718581512,9.568815817516999,10.054182442587,10.702934111753999,11.33356735966,11.906574894317,12.133944806989,12.295950494203,17.280325607585,19.787272623016,20.5495562294,17.974210216315,21.625501427284,20.482069270253,23.057039707189,21.187371515126,23.268408112044,26.8572320711744,27.284198804036013,28.622731811176603,27.9100255301722,29.59378302214143,30.67600925614143,30.11484921814143,31.45585207914143,31.29316645113943,32.18803348913943,29.40297788113943,32.54699805313943,31.19193703914943,38.44241414214943,32.62841246314943,36.25731419115243,33.32239022862441,28.98892435912806,34.83482888605093,33.07223031863551,33.508754740009174,35.20977472789028,32.56822716600676,38.54716231488607,38.963231479914846,31.18618571202993,31.612369011304068,34.82441483121934,39.966770516058894,34.16519413627308,33.49148220729067,35.16976665128547,40.22346817228327,38.68666068988227
17_ANZ,1.A.1.a,Main Activity Electricity and Heat Production,N2O,0.744456294,0.7296467059999999,0.808583083,0.8307926619999999,0.930616582,0.991607522,1.025051579,1.1389460960000002,1.0541540159999998,1.0810891390000001,1.228396151,1.2711051949999999,1.3439107000000001,1.291231417,1.3301793570000002,1.45260679,1.527601728,1.644214479,1.717704473,1.84146517,1.9375273450000001,1.9933381669999999,2.0168074639999998,2.0267944829999998,2.050989074,2.120755338,2.2197790840000002,2.3070911919999997,2.548756482,2.606480179,2.63772383,3.1087619,3.1703871410000004,3.123109632,3.2959178600000003,3.373217472,3.421764378,3.422632068,3.4630897750000003,3.297635465,3.401514583,3.2261803280000003,3.489976258,3.3673296450000003,3.1908508490000003,3.334917711,3.425003822,3.440850624,3.366432328,3.315797176,3.115694665,3.014534637,2.8391830499999995,2.747563454,2.787010295
17_ANZ,1.A.1.bc,Petroleum Refining - Manufacture of Solid Fuels and Other Energy Industries,N2O,0.01148395,0.01184685,0.009556401,0.011036423,0.025019856,0.025364226,0.027410273,0.029316451,0.030410961,0.029049138,0.024658447,0.023330522,0.027856495,0.024838834,0.028646789,0.028854755000000003,0.027006687999999997,0.032695213,0.030023194,0.030452838,0.032088171,0.033144632,0.033850517,0.035371354,0.035913471999999995,0.037538595,0.039737323000000005,0.036434661,0.04057211,0.042411765,0.041479142,0.041972525999999996,0.036857611,0.049501421999999996,0.048839314999999994,0.046584993000000005,0.048985245,0.04950141500000001,0.048148956,0.048001734000000004,0.049282487,0.054851745,0.054109281,0.061762224,0.06243411,0.056597652,0.056476268999999996,0.061678356,0.058628174000000005,0.067647499,0.065254357,0.063642204,0.06650329,0.063548067,0.061298589
17_ANZ,1.A.2,Manufacturing Industries and Construction,N2O,0.761334282,0.775459003,0.756228159,0.749028536,0.842026463,0.84919819,0.858318581,0.891393874,0.86026626,0.8360757609999999,0.867680621,0.858027569,0.873971022,0.836024268,0.837083125,0.882251208,0.692194255,0.716466237,0.74601304,0.7705220159999999,0.738105101,0.70702012,0.688936662,0.800846632,0.868907444,0.89020535,1.019219307,1.08264218,1.003680072,1.0374602590000002,1.000212235,1.008642996,1.062616666,0.843044578,0.85863603,0.846251833,0.80011474,0.799908684,0.8313866929999999,0.914340951,1.061349193,1.052317421,1.0699149559999999,1.136848292,1.086820887,1.128586358,1.137899218,1.099483008,1.05993813,1.014030849,0.943063253,0.990495222,0.9862140180000001,0.989334611,0.9953187969999999
17_ANZ,1.A.3.a,Civil Aviation,N2O,0.0552878,0.057511798999999995,0.060003996000000004,0.071576803,0.080209803,0.092045197,0.094359793,0.096764006,0.099968402,0.098190005,0.096941401,0.099522001,0.10228040599999999,0.09880799600000001,0.09996579700000001,0.10254700500000001,0.108679004,0.113397006,0.125954201,0.1333376,0.113403402,0.130576803,0.13929840400000001,0.148020002,0.157720799,0.178636993,0.1907404,0.195995198,0.17944120200000002,0.176771395,0.187985397,0.20427320399999999,0.18477559999999998,0.1759692,0.149625398,0.144373603,0.1882542,0.187449201,0.208364004,0.228745804,0.23185840100000002,0.254982577,0.258754728,0.27140471,0.276069542,0.27709044899999996,0.283267388,0.28711268,0.294434586,0.276103173,0.218634996,0.159906204,0.202807376,0.296817817,0.334350798
17_ANZ,1.A.3.b_noRES,Road Transportation no resuspension,N2O,1.130302651,1.162898369,1.23378761,1.3044863599999998,1.383126246,1.464564381,1.555662116,1.679229329,1.7777871330000001,1.866328465,1.911223734,1.977418588,2.086527276,2.166144275,2.255116141,2.3666026779999996,2.532744249,2.6281286469999996,2.7634871839999997,2.8489895520000004,3.022144027,2.908082529,3.9009151710000003,4.260174802,4.998153865,6.005866816,7.178239025000001,8.719510052,10.724714507,12.706050178,5.779103084,5.663792406,6.178655488,6.272517849,6.685758248999999,6.307494099,6.227403014,6.249423355,6.09136084,3.926597764,4.032528193,3.972660247,4.02412351,4.042299029,3.9955131550000003,3.884967239,4.360165364,4.607673608,4.620584645,4.644060184000001,4.507679436,4.493002824,4.6430330380000004,4.8077522749999995,4.938465621
17_ANZ,1.A.3.c,Railways,N2O,0.425963253,0.38300603600000005,0.404203848,0.555653221,0.666913205,0.701061516,0.722911613,0.72652819,0.7361903280000001,0.754444023,0.749587819,0.743466541,0.738554113,0.6679225529999999,0.723854134,0.760399406,0.734813843,0.761512242,0.744495807,0.68601533,0.696943289,0.700561827,0.6896286439999999,0.678663815,0.6666030589999999,0.651957581,0.651989979,0.659301319,0.651952651,0.735889477,0.790715671,0.780968711,0.639639014,0.7005570029999999,0.771221911,0.7943707659999999,0.795589026,0.815108466,0.9613117769999999,0.9880899910000001,0.9771294610000001,0.9912434529999999,1.0955740250000001,1.1729023619999999,1.200551382,1.2954626550000001,1.3325435769999998,1.375102448,1.361792171,1.363393085,1.338807223,1.394596888,1.37934349,1.384586107,1.425446429
17_ANZ,1.A.3.d,Water-borne Navigation,N2O,0.0794064,0.084774005,0.071908799,0.096616805,0.092356799,0.081025192,0.07301640400000001,0.0863076,0.10343279799999999,0.09022680400000001,0.10211271899999999,0.09947052,0.08183404,0.079514118,0.077884553,0.071315915,0.072010247,0.075207143,0.071980615,0.067925062,0.059166767,0.050359442,0.051098931,0.044798285,0.042504706,0.055725844999999996,0.057355625,0.053932947,0.044535002000000004,0.044453205,0.048968802000000006,0.054784037,0.037558036,0.03659423,0.038236695,0.04662772,0.041916973,0.072490479,0.071335715,0.071403444,0.072459072,0.071600612,0.05908469,0.054385234000000005,0.052654614,0.058383240999999995,0.056336604,0.05947625200000001,0.061669683999999995,0.067210464,0.06698554500000001,0.063319531,0.063488577,0.068399462,0.07363556800000001
17_ANZ,1.A.3.e,Other Transportation,N2O,0.0011502,0.0011502,0.0014058,0.0016614,0.0016614,0.0024282,0.00247932,0.00186588,0.0015336,0.00158472,0.00143136,0.00117576,0.00097128,0.00066456,0.00097128,0.0013164298,0.0014179501,0.0016258499,0.0019343702,0.0015771599,0.000140115,0.000500655,0.000556995,0.0006316049999999999,0.000734655,0.000809325,0.0008476649999999999,0.0008775,0.0008865,0.00095556,0.00103134,0.00106095,0.001521751,0.004159262,0.004232941,0.0044469010000000005,0.005347802,0.005583914000000001,0.0059908800000000005,0.004748849,0.004899413,0.004330918,0.004926714,0.005960797,0.005730545,0.007110068999999999,0.006881719,0.006445381,0.006458244,0.007154385,0.006438522,0.007129156,0.007988054,0.008682507,0.008820019
17_ANZ,1.A.4,Residential and other sectors,N2O,1.521222443,1.4646920860000001,1.493428158,1.7362694870000002,1.37356149,1.385523275,1.397217595,1.439479769,1.479175506,1.5349334769999998,1.574565976,1.6140767280000001,1.74848376,1.6325058989999999,1.8009838969999998,1.7516994909999999,1.724762992,1.768800469,1.7267978880000001,1.8065297420000002,1.817011297,1.832962516,1.8771036420000002,1.9994122980000002,2.007444387,2.068500094,2.065037217,2.14119386,2.161083139,2.216407891,2.258444952,2.289923874,2.556720135,2.961262627,2.928521957,3.0582519139999995,2.879341842,2.853711125,2.8353841090000005,2.7714453559999996,2.794515525,2.771412267,2.824377804,2.856169814,2.883563666,2.98265926,3.103078861,3.2584387240000003,3.265702708,2.902619757,2.640399447,3.36027751,3.157488423,2.941071668,3.013035126
17_ANZ,1.A.5,Non-Specified,N2O,0.082152354,0.10144809,0.09634023000000001,0.108993361,0.084619531,0.092595303,0.10234222,0.1145259,0.126709457,0.134019614,0.143766534,0.169352029,0.187627486,0.203466063,0.205902823,0.210776223,0.242453614,0.264384091,0.243671994,0.292441681,0.32164698,0.339922437,0.360634534,0.375254851,0.383783389,0.402058846,0.4300811,0.471505294,0.54217024,0.561663957,0.562882337,0.575065894,0.716395669,1.321920577,1.494927746,1.780023934,1.587523049,1.5278234,1.569267991,1.705703966,1.769058754,2.001812134,2.434517947,2.707689483,2.752219497,2.603104518,2.762905918,2.984609721,3.24084045,3.487863555,3.581535438,3.51303211,3.472970291,3.827121498,3.940063131
17_ANZ,1.B.2,Oil and Natural Gas,N2O,0.0015532152999999998,0.001583424,0.0017480606,0.0021880214,0.002193548,0.0023560545,0.002519917,0.0027620590000000003,0.002681063,0.0027432660000000003,0.0027612690000000002,0.002565147,0.002643407,0.034471566,0.02296167,0.029020833,0.026821454,0.022280148,0.028973857,0.042285594,0.040135483,0.045240338000000005,0.036412838999999995,0.034318114,0.027633623,0.024493759,0.028390579000000003,0.025533508,0.023309385000000002,0.022743252000000002,0.020668584,0.019906425,0.016959895,0.018705383,0.016544046,0.016802360000000002,0.015420751,0.016091659,0.0176271,0.019164556,0.015905435,0.015189733,0.030568771,0.028428673,0.037517754,0.039012197,0.025549995,0.026033440999999997,0.031423335000000004,0.045467592,0.034687173,0.029435709999999997,0.026729597,0.025496445,0.024259344
17_ANZ,2.B,Chemical Industry,N2O,2.394,2.28,2.66,2.831,3.534,3.306,2.7084,2.6928,2.9406,2.8674,2.79,2.6936,2.7213,2.546,2.413,2.424,2.1809,2.1942,2.0196,2.3,2.6748,2.18349,2.98368,3.996,3.97242,3.99726,4.41945,4.5135,4.74453,4.55229,4.82715,5.91543,6.41493,6.73605,6.80148,7.72632,8.23788,8.9307,9.74088,10.99719,11.57724,11.42469,11.55474,12.02058,13.19328,13.90635,13.90635,13.90635,13.90635,13.90635,14.21932742,13.5142199,13.98462898,12.67388479,12.31452171
17_ANZ,2.G,Other Product Manufacture and Use,N2O,0.38019192300000004,0.38731313,0.394123553,0.40049754800000004,0.40629572599999997,0.411444459,0.415863671,0.41965288700000003,0.423128793,0.426732232,0.430789796,0.435412507,0.440535683,0.446084377,0.451912929,0.457909043,0.464061885,0.470392761,0.476868834,0.483448104,0.490086707,0.49678619,0.50352899,0.5101987610000001,0.516634094,0.522742914,0.52848208,0.53392758,0.539260148,0.544734398,0.550543738,0.55296939,0.555637394,0.558646758,0.562126635,0.5661610779999999,0.566665604,0.567642343,0.568831534,0.569857838,0.570432912,0.579082933,0.587402357,0.5954664,0.603413652,0.611342376,0.619255492,0.627104087,0.634855174,0.642472642,0.649928716,0.6572086930000001,0.664361334,0.671336845,0.6782309360000001
17_ANZ,3.A.2,Manure Management,N2O,0.057058162,0.058732804,0.064620633,0.06698833900000001,0.065459147,0.060997668,0.063243402,0.065916165,0.064767931,0.064586545,0.068577412,0.067997588,0.06641444499999999,0.069234976,0.070762492,0.073915311,0.075611035,0.079973313,0.086864579,0.078176442,0.083678835,0.081819151,0.087837423,0.09243330799999999,0.097717123,0.09686069900000001,0.103284496,0.108072768,0.11399793200000001,0.116398179,0.11263826199999999,0.117195391,0.119411233,0.11808611699999999,0.118266653,0.11008880600000001,0.12491461599999999,0.13017025799999998,0.119937223,0.123390476,0.11402472599999999,0.119333297,0.126625154,0.123804357,0.124229522,0.117158605,0.118557951,0.12497657,0.129919696,0.136644299,0.12690474300000001,0.13767943900000001,0.137039898,0.134523475,0.135962342
17_ANZ,3.C.1,Emissions from biomass burning,N2O,0.474427415,0.531172985,0.45897280799999995,0.5903911319999999,0.564739279,0.6055252179999999,0.6226090169999999,0.584750775,0.779829839,0.7459914249999999,0.632004597,0.78826443,0.602956589,0.927376088,0.880098585,0.8109004449999999,0.7847378509999999,0.6793570990000001,0.71577703,0.712708187,0.721218673,0.694135178,0.621922275,0.748116253,0.820613611,0.621779939,0.8389308790000001,1.011567128,0.887718914,0.9218411310000001,0.9338664839999999,0.870334726,0.87092947,0.51937477,0.826231255,0.695314153,0.728939623,0.421302777,0.465938237,0.514069378,0.47387637099999996,0.529221869,0.579677746,0.520944867,0.537025974,0.52830183,0.506170815,0.6622320420000001,0.505247191,0.43360208,0.40712508799999997,0.6373665350000001,0.680464898,0.712537285,0.824905187
17_ANZ,3.C.4,Direct N2O Emissions from managed soils,N2O,128.91108657,132.36222385000002,133.90773520000002,127.23314321000001,133.90457873,138.04155696,139.59815237,130.32267185999999,126.95332747,126.03737839000001,125.88489671,124.26474332000001,123.19174224,120.71751898,123.64204758,125.42168702,128.63266948,125.48907402,130.04180331,132.91186143,141.48941505,140.66757943,136.42307574,137.11247979,140.67160779,136.01281318,142.82944812,144.76609164,146.52824938999998,148.57794776,151.97986335000002,152.03516374,152.48045156999999,144.56437054,154.72788067,152.30764765,149.10426449,143.20790602,138.23718557,140.43057789,139.76925188,147.80877042999998,149.46292663,153.91889668,155.06206487,149.11883451,145.82474039,156.06159201,145.307617,140.65201627,139.98524012000001,152.56792237,149.64496493000001,160.20803253,161.97630972000002
17_ANZ,3.C.5,Indirect N2O Emissions from managed soils,N2O,7.4318235260000005,7.676123942,7.754365193,7.648595186,7.854154894,8.015109638,8.225248576,7.668006588999999,7.849619317999999,7.820246457,7.713814845,7.811256808,7.5980946099999995,8.045920083999999,8.295164057,8.289139684,8.366470685,8.279128522,8.568905451,8.851394682,9.373631551999999,9.462453831000001,9.380906577000001,9.883178563,10.344785037,10.282326482,11.37703683,11.846377604,12.385866375,13.191973346000001,12.993518093999999,13.486959934,13.793699577,12.902517467,14.295547923,13.370611646,12.941144959999999,12.322855714000001,11.984772204,12.423558314,13.045121707,13.929375533,14.349523214,15.416276124,15.935090789,15.347756637,15.910359589999999,17.830033982,14.926475447000001,14.921807147,15.658537381,17.946951345,16.957005037,17.377375724,17.604271641
17_ANZ,3.C.6,Indirect N2O Emissions from manure management,N2O,0.28523566499999997,0.296749011,0.327044892,0.340223288,0.344273832,0.349152178,0.351809662,0.33916981300000004,0.322411786,0.3070614,0.310392746,0.30226805300000004,0.29585970100000003,0.285783569,0.285904388,0.292661134,0.300341448,0.29406975,0.301496637,0.294267704,0.304893271,0.30402761700000003,0.311552002,0.31777589,0.336568021,0.337511679,0.34652607300000005,0.355700647,0.363129218,0.36269200599999996,0.363156461,0.37270907500000006,0.379007462,0.370378952,0.373524786,0.368934351,0.387542219,0.389875124,0.377295685,0.385509751,0.369701807,0.387210907,0.39554756199999996,0.398726281,0.40239605199999995,0.385225141,0.373449849,0.384669245,0.389487544,0.38261816800000004,0.36724348100000004,0.38323120600000005,0.37986903099999997,0.385277958,0.386344619
17_ANZ,4.B,Biological Treatment of Solid Waste,N2O,0.19943060799999998,0.195363154,0.19181329800000002,0.18868347700000002,0.18584546,0.183200134,0.180769608,0.178501518,0.176308376,0.17408758400000002,0.171769292,0.169623683,0.167376817,0.165038885,0.16263082199999998,0.160176294,0.157716076,0.155227121,0.15278048200000002,0.15046097,0.14832019200000002,0.20161821800000002,0.25491952900000003,0.30822419,0.36153227,0.414843835,0.468158958,0.521477708,0.574800157,0.62812638,0.681456453,0.734790451,0.7881284550000001,0.8414705429999999,0.894816798,0.9481673030000001,1.020369183,1.076911285,1.158700046,1.2184513750000001,1.382308385,1.610971759,1.645920554,1.6827989479999999,1.7164388869999998,1.750906766,1.8078030980000002,1.847181056,1.884657295,1.909981929,1.9387825390000002,1.949745574,1.973095919,1.998278892,2.024070049
17_ANZ,4.C,Incineration and Open Burning of Waste,N2O,0.061480179,0.06373920799999999,0.066188189,0.068709458,0.0711227,0.073295312,0.074980278,0.07639193400000001,0.07763732000000001,0.07888548,0.08026865400000001,0.081757753,0.083402779,0.085157518,0.086933702,0.088672892,0.09052210799999999,0.09234788299999999,0.094241087,0.096327896,0.098623044,0.097942631,0.096852065,0.09863474100000001,0.085515326,0.085190022,0.0818692624,0.0876470572,0.0927686735,0.09814116340000001,0.09392283059999999,0.0882737487,0.0841206723,0.07910038659999999,0.07967686,0.0770002667,0.07678817539999999,0.074924527,0.07223735099999999,0.07078841400000001,0.07122830200000001,0.06878456599999999,0.068971584,0.067320479,0.067420129,0.065713973,0.065984035,0.062450636,0.060658323,0.059282982,0.058999818,0.059571810999999995,0.056653044,0.055493525,0.054359663
17_ANZ,4.D,Wastewater Treatment and Discharge,N2O,1.028228596,1.0688398399999999,1.094977681,1.079056477,1.050078942,1.177047116,1.1933565339999999,1.162123344,1.20393059,1.155378546,1.137111624,1.154190822,1.208962837,1.188876202,1.240744563,1.264659107,1.2681180079999999,1.308395395,1.312023132,1.3262924699999998,1.341041662,1.337286351,1.356099261,1.3893168,1.414789503,1.421661099,1.4083801009999999,1.405121659,1.400540214,1.410175878,1.4405843889999999,1.465118476,1.519259985,1.542628756,1.56401408,1.5679154770000001,1.6221566969999999,1.659684417,1.6803495659999999,1.781700377,1.895672024,2.021979882,2.0477217629999998,2.061132782,2.0816588769999997,2.11000897,2.125449705,2.150901735,2.181565327,2.2381237,2.253720577,2.250844874,2.2804566619999997,2.306367648,2.332583184
17_ANZ,5.A,Indirect N2O emissions from the atmospheric deposition of nitrogen in NOx and NH3,N2O,4.597621451,4.651648902000001,4.754750852,5.065318164,5.325728905,5.427322349,5.531672289,5.886318908,5.911893655,5.966627228,6.251768027,6.268873484,16.490607331,18.147359526,27.852176543000002,16.559173464,19.195105598,14.180878463,21.293043313000002,13.062659788,14.655567905,14.123160524000001,16.784279431,21.499871577999997,16.08119416,16.143923319,15.222327967,10.772813767,15.203461411,17.71408908,20.205018223,25.418122076000003,28.946363436000002,14.477002314,21.4203636,12.143249794,21.496901397000002,19.725021687999998,13.294901653,15.127644462,10.078699826,29.730544502,30.023981373,12.909398933,17.317524254,16.412179696000003,11.261907642999999,18.491677275,19.025091082000003,17.362344659,10.946846022,11.348406650000001,12.121080668000001,26.521314059,13.666663603
17_ANZ,5.B,Fossil fuel fires,N2O,0.003,0.003,0.003,0.003,0.003,0.003,0.003,0.003,0.003,0.003,0.003,0.003,0.003,0.003,0.003,0.003,0.003,0.003,0.003,0.003,0.003,0.003,0.003,0.003,0.003,0.003,0.003,0.003,0.003,0.003,0.003,0.003,0.003,0.003,0.003,0.003,0.003,0.003,0.003,0.003,0.003,0.003,0.003,0.003,0.003,0.003,0.003,0.003,0.003,0.003,0.003,0.003,0.003,0.003,0.003
