Region,ipcc_code_2006_for_standard_report,ipcc_code_2006_for_standard_report_name,Substance,Y_1970,Y_1971,Y_1972,Y_1973,Y_1974,Y_1975,Y_1976,Y_1977,Y_1978,Y_1979,Y_1980,Y_1981,Y_1982,Y_1983,Y_1984,Y_1985,Y_1986,Y_1987,Y_1988,Y_1989,Y_1990,Y_1991,Y_1992,Y_1993,Y_1994,Y_1995,Y_1996,Y_1997,Y_1998,Y_1999,Y_2000,Y_2001,Y_2002,Y_2003,Y_2004,Y_2005,Y_2006,Y_2007,Y_2008,Y_2009,Y_2010,Y_2011,Y_2012,Y_2013,Y_2014,Y_2015,Y_2016,Y_2017,Y_2018,Y_2019,Y_2020,Y_2021,Y_2022,Y_2023,Y_2024
01_KOR,1.A.1.a,Main Activity Electricity and Heat Production,CH4,0.130540239,0.105681766,0.120686309,0.147188826,0.165185002,0.223948243,0.242832752,0.410713072,0.460815637,0.564747174,0.542367212,0.579679095,0.592831661,0.584562759,0.548247049,0.471679959,0.403641439,0.32068836,0.494983292,0.520690487,0.64912769,0.797412083,0.9626044,1.0262104079999999,1.201113971,1.436322509,1.609534832,1.945138314,1.473197669,1.653784876,2.134047812,2.257774468,2.322085777,2.3202659170000004,2.890448998,2.9906582680000002,3.3204511840000004,3.610627321,3.659540467,3.699663515,4.958829452,5.630966605,6.190699823,6.801922168999999,6.461947822999999,5.921831151,7.014667964999999,7.6728685940000005,8.780847057999999,8.442635824,8.262405603,8.860280877,8.962209813,8.889232407,9.011717450999999
01_KOR,1.A.1.bc,Petroleum Refining - Manufacture of Solid Fuels and Other Energy Industries,CH4,0.026297419,0.02583968,0.026970835,0.035838131,0.042680257,0.042277322,0.065284383,0.074622752,0.08552411,0.103332189,0.105383702,0.121703294,0.126429714,0.13262875,0.123712754,0.11788751,0.112266524,0.122107909,0.147846101,0.17368462,0.141286048,0.186768416,0.218409287,0.233962441,0.24292022,0.271999171,0.364601866,0.449974968,0.441535705,0.44481392,0.411017652,0.431860969,0.38222121,0.386246134,0.430494579,0.396787429,0.393752688,0.394390726,0.419098581,0.37706901,0.426223829,0.425487212,0.398528076,0.439979924,0.51878547,0.503866685,0.52615924,0.493727736,0.520663162,0.518701236,0.477373022,0.483246721,0.460285789,0.468649289,0.470366648
01_KOR,1.A.2,Manufacturing Industries and Construction,CH4,0.712372727,0.712372727,0.678194713,0.819791308,0.853901338,0.88578388,1.009869474,0.999078985,1.111823598,1.371916648,1.37981513,1.49799134,1.396211435,1.507063195,1.56623968,1.580092304,1.633212725,1.800124623,2.076836712,2.183761723,3.101578564,3.760447778,4.08186376,4.568975017,4.873350231,5.11235467,4.736013203,4.849250413,4.204804869,4.537334062,5.547913488,5.536244341,5.788170710999999,6.241806713,6.2193212639999995,5.955688093,6.233390389,6.804243408,7.049391235,6.548579199,7.152969907,7.370193481,6.833295184,6.896392016,7.150410582999999,7.609944682,7.459626419,7.749186256,7.320490277,6.397200571,6.2825929039999995,6.388685753,6.029430122,5.664238283,5.5305399390000005
01_KOR,1.A.3.a,Civil Aviation,CH4,0.0,0.0,0.0,0.0062217,0.005151301,0.004459999,0.0063109,0.008184099,0.0082956,0.0071583,0.0046161,0.0063555,0.008072601,0.010726299,0.0113061,0.0090538,0.0126441,0.0132908,0.0123096,0.015163999,0.040312551,0.038773151,0.034616452,0.035838952,0.03973085,0.044449102,0.042479202,0.045768249,0.04038855,0.04283445,0.0438093,0.04463255,0.046523801,0.04405325,0.0462986,0.026052999,0.020447749,0.021760499,0.005762749,0.005607,0.007120001,0.010251549,0.017103601,0.014013699,0.021530401,0.025717201,0.025914701,0.027564099,0.028168552,0.02312203,0.020355074,0.033918094,0.033433518,0.017904641,0.020168705
01_KOR,1.A.3.b_noRES,Road Transportation no resuspension,CH4,0.826713948,0.818415106,0.803022165,0.880240827,0.700020345,0.651670445,0.709998169,1.068602297,1.3552378,1.6265731,1.385679328,1.787610318,1.811006188,2.325486901,2.669813884,3.129363826,3.665968228,4.264228603,5.266361469,6.404867367,7.646000683,8.512819751,9.634124927,10.5859741,11.6644644,12.72065396,13.51385011,13.61664888,10.98217763,11.39614487,11.6737275,11.59087133,11.844971968000001,11.243616913999999,10.720333850000001,10.563972846,10.323922713,10.380111177000002,10.077496255,10.059038769999999,9.820620299000002,9.525075516,9.023714486,9.080826514,8.776222516,8.728542326000001,8.270927658,8.018803304,7.541135548000001,7.815220167,7.382572128,7.547481717,7.754100268,7.8090906659999995,8.091363305
01_KOR,1.A.3.c,Railways,CH4,0.002461797,0.002461797,0.00106678,0.000984719,0.001805323,0.001723262,0.001107811,0.000369267,0.000221063,0.000110532,0.000184219,0.037273268,0.038157233,0.039094771,0.043407324,0.042606402,0.043313556,0.04508145,0.046849345,0.046849345,0.049501202,0.050208357,0.051269097,0.053920938,0.051622682,0.052153043,0.051623916,0.051799475,0.050915528,0.053236198,0.054629343,0.054981695,0.054981695,0.056219227,0.048086877,0.045258243,0.041368853,0.038009857,0.037302686,0.033059727,0.031998987,0.029170353,0.029170353,0.025811341,0.021568382,0.019623695,0.01714863,0.016618269,0.016618269,0.015745946,0.013883652,0.012349281,0.010410745,0.00917142,0.009482775
01_KOR,1.A.3.d,Water-borne Navigation,CH4,0.066498593,0.066498593,0.066498593,0.083197799,0.113315989,0.083197799,0.069182407,0.147012607,0.135680999,0.258241192,0.178919997,0.242736885,0.237073192,0.211140978,0.199199684,0.201285007,0.241542015,0.416287201,0.420163777,0.447598211,0.482189415,0.549284387,0.646201485,0.772934405,0.423145796,0.416883582,0.271101572,0.317918969,0.332497213,0.433952416,0.386173204,0.344721297,0.369511804,0.369175792,0.350687415,0.257646892,0.255259202,0.250488013,0.256153787,0.2406474,0.197408373,0.071269812,0.066832494,0.061727404,0.038765983,0.064184406,0.13448821,0.124389279,0.09367679,0.112881182,0.093343124,0.11923252,0.034642638,0.033304777,0.035854319
01_KOR,1.A.3.e,Other Transportation,CH4,0.140580004,0.140580004,0.124604996,0.138024,0.140835595,0.164989797,0.186332404,0.275920198,0.338286603,0.3986082,0.363335394,0.0,0.0,0.0,0.0,0.0,0.0,0.0,0.0,0.0,0.0,0.0,0.0,0.0,0.021477606,0.027989997,0.026588696,0.030291289,0.010491602,0.011274583,0.015429895,0.028088705,0.015193495,0.014815792,0.015197703,0.016788612,0.013093195,0.013777206,0.013042808,0.011890805,0.011124897,0.000127802,0.000127802,0.000127802,0.000255604,0.000384298,0.000255604,0.000127802,0.000255604,0.000169214,0.0,0.0,0.023000567,0.023538568,0.024337665
01_KOR,1.A.4,Residential and other sectors,CH4,58.62250615,58.62250615,61.00938897,75.52040137,79.2069086,79.03490435,85.16376858,93.5143729,96.35366568,98.89461403,105.3853465,108.7751773,104.8940505,111.0064256,124.762088,135.0994153,141.8605529,138.2151339,134.8297818,118.7723669,102.288528293,81.57843307,64.11055688399999,47.733268873,31.911370239999997,24.624384364999997,19.668832331,17.528263093,14.378083222999999,15.132798257,15.369351413,15.47911475,15.56115891,15.506176957000001,14.513895349,17.266560788,17.99359527,16.947716736,17.937591248,17.211548864,17.832113419,19.26187887,19.315341184999998,20.095186462,23.47821575,26.737632140000002,17.564503886,17.46262928,17.000098722,14.520354485999999,13.408414104999999,12.27940084,11.916630654999999,11.519364514,11.482613723
01_KOR,1.A.5,Non-Specified,CH4,0.063899988,0.063899988,0.097979996,0.144840001,0.149525994,0.175774529,0.239686492,0.315094486,0.222226489,0.203494494,0.377023497,0.301739515,0.305041016,0.319258007,0.307798024,0.313492972,0.341439967,0.326868521,0.312325964,0.370359994,0.393141525,0.447366991,0.41878352,0.453175528,0.836636949,0.956352424,0.779381313,0.692702391,0.545811104,0.701314368,0.54971018,0.454819142,0.410136724,0.465420372,0.442855728,0.461350132,0.380050903,0.395018624,0.355885051,0.392302869,0.421296208,0.47513902,0.482932014,0.471903042,0.501136032,0.557038018,0.42071803,0.568659569,0.552801603,0.490803513,0.436667331,0.401420555,0.412633278,0.308411304,0.318881375
01_KOR,1.B.1,Solid Fuels,CH4,217.1535984,217.1733335,210.7283732,230.9159297,259.962448,287.2459753,266.5494829,279.2332074,277.130737,280.8254983,288.0423196,308.7809272,312.8526799,309.2462165,332.9201111,350.9059319,376.9778717,378.6764131,380.3951103,328.5235747,252.3096467,223.7798027,180.9004187,146.4452676,118.2731734,94.63272775,83.89160621,77.42133815,75.35367194,73.06000747,72.85235868,67.89531519,61.28101241,61.0942639,59.71161678,54.39196968,54.03497037,57.30273954,56.9018077,51.43896458,49.33646307,52.31854757,51.16911962,48.10774788,49.33201832,47.41515359,47.59253888,45.37439847,41.51229396,39.70685305,37.35269611,35.80489672,33.66069021,31.53409868,29.69071284
01_KOR,1.B.2,Oil and Natural Gas,CH4,3.077192537,3.077192537,3.238127649,3.839791237,3.962891308,4.313046461,4.946706752,5.458091066,5.97481574,6.537535288,6.424084683,6.366716142,6.174664717,6.796539329,7.200151825,7.551642384,8.437701949,8.5336692,10.2498817,11.81661206,12.30695853,16.1673695,19.80647943,21.21144967,22.92078238,25.96777377,30.28549089,35.61522774,34.5321175,36.73269383,38.10312627,38.11221574,36.955171135,36.796074645000004,39.43553588,42.038777904999996,44.114930875,45.61438455,46.40425736,47.075401595,49.395865935,52.743466010000006,54.85839337,55.820071505,61.22639033,67.648160315,71.86742619,76.48485030500001,80.117806645,82.34631123,82.25547141,85.81345952999999,91.9444412,94.78621328,98.666914518
01_KOR,2.B,Chemical Industry,CH4,0.732924848,0.726248588,0.818514664,0.820520791,0.817672626,0.817036605,0.874365091,1.113381011,1.395557217,1.521415163,1.338812891,1.124078354,1.024530372,0.992607164,0.815809286,0.80608802,0.810036212,0.852071124,0.861463371,1.067395611,1.532275589,2.246761454,2.816837902,2.363797447,2.485450987,2.349165087,2.592927549,2.934265281,3.079451772,2.80495376,3.143108465,3.096678188,3.225192689,3.304545309,3.383770572,3.474655133,3.479537247,3.695797113,4.02205251,4.274250219,4.403634678,4.442325692,4.632942838,4.750785913,4.884508065,4.898271685,4.91576748,5.038753836,5.02751062,5.136811201,6.882847677,7.382307873,7.401981353,6.297977232,6.465965337
01_KOR,2.C,Metal Industry,CH4,0.7979717,0.7323677,0.7883519,0.7350409,0.646128,0.76964,0.79531,0.553898,0.722494,0.986202,0.648983,0.997484,0.712034,0.666089,0.778828,0.771365,0.759999,0.87223,1.00874,1.17829,1.21026,1.429725,1.55651,1.744953,1.742644,1.83952,1.87798,1.956471,1.959222,1.95976,2.006647,2.006705,1.99654,1.94584,2.144145,2.09349,2.134037,2.280335,2.48769,2.410751,2.857535,3.39203,3.45507,3.38142,3.55264,4.02037,4.03573,4.05261,4.17512,4.038363,3.7857913,4.0905355,3.769272656,3.852530233,3.754334025
01_KOR,3.A.1,Enteric Fermentation,CH4,77.3762178,78.51321436,87.15894278,100.8080135,122.9119371,113.0698596,106.7638301,111.3304761,123.252883,123.5385595,113.6032436,108.1510226,128.2262626,166.6360211,200.6433371,226.1221944,218.4527689,191.9354613,169.9496332,172.3141948,178.3807424,191.8169219,217.9484454,246.0367132,262.7716302,286.7822937,310.7682135,305.748546,278.0597472,242.6065846,218.7443476,205.2444602,209.0361389,212.8871391,227.0046053,237.5671367,255.7955482,274.3209963,293.1588703,312.6382543,339.5637114,335.4708521,348.0722623,334.8302986,321.1085661,334.8119363,339.2047665,344.4797519,352.8836976,363.9201733,377.9580787,394.3673839,405.1586954,398.2713688,384.6662679
01_KOR,3.A.2,Manure Management,CH4,12.3383778,11.75125994,12.10848227,11.45499639,12.34236168,14.34893141,14.59539382,16.00177745,18.86716788,21.32587524,18.95925041,19.81213241,22.1044556,25.93094804,25.05751523,26.8896297,29.47957326,32.09001846,32.68960894,33.81772626,37.35378885,38.18386392,38.88068813,40.07573197,42.71263259,45.61355343,45.03980369,47.74369533,47.51358791,50.51472755,53.46847548,54.31062854,54.57415819,54.21893314,56.14447089,57.22815324,61.2455328,61.89705926,61.13416748,68.41095718,72.58616883,69.12326901,72.01471697,73.26309751,75.02626861,77.88560509,80.1501708,82.10453444,83.12147714,83.09254873,84.60350803,84.5627899,83.01806096,85.89675428,86.04398884
01_KOR,3.C.1,Emissions from biomass burning,CH4,0.185281397,0.18175875,0.181160611,0.181335976,0.185558766,0.197399993,0.207561625,0.202283705,0.213823164,0.206278964,0.156514551,0.18234367,0.180103173,0.187750793,0.19070231,0.18227813,0.178238693,0.177706648,0.187141577,0.184417612,0.17570013,0.162490821,0.159337878,0.146749938,0.149478786,0.142229482,0.152189967,0.153221715,0.145923756,0.150237029,0.150748424,0.15536691,0.143852208,0.133747715,0.142413216,0.1387054,0.134154791,0.128959149,0.135700461,0.135410704,0.123804473,0.12002485,0.116752217,0.119298981,0.118800955,0.118944889,0.115848217,0.110020106,0.108621159,0.106674923,0.101569943,0.109035317,0.106220265,0.104856336,0.103474353
01_KOR,3.C.7,Rice cultivations,CH4,367.241013,365.86788,364.935501,369.1639763,379.8377827,388.014606,398.4544947,416.2827756,418.3941533,411.3883639,370.4366742,399.3094517,392.7020852,406.6517806,411.9851779,411.9698943,411.9338025,414.9612439,422.983721,420.1532954,486.8026245,469.5021693,453.7871001,433.7693287,431.1034094,410.4907526,419.5751246,423.0899418,417.5964398,423.8188911,427.5511281,433.7665423,414.3419085,395.0608112,399.4188906,388.6027886,379.3430241,372.7429745,375.7127627,372.6967858,353.1352539,338.7804022,334.2728214,332.5845626,327.4360975,324.2124876,315.8897871,303.9518306,297.4813169,292.6272432,287.2889641,296.0820727,291.5344619,283.8989916,279.8891188
01_KOR,4.A,Solid Waste Disposal,CH4,41.78640082,49.22189937,52.65540025,56.22039942,59.89709974,63.66869933,68.00149916,72.50049883,77.13789946,81.95259872,86.97770009,92.01619908,97.25090007,102.6709984,108.2180006,113.8410007,119.9049999,126.0849986,132.3819996,138.8730003,145.6250014,152.8520015,159.1749999,165.8069987,173.4049977,181.4150024,186.9969979,184.1356786,182.4519174,185.8790194,189.0075555,190.7035215,193.0693041,193.9051226,195.1046696,195.9261751,196.2333076,196.5925718,197.7953786,196.2616979,196.5300742,195.6975974,194.2923103,193.0233653,191.8692524,190.490147,193.301144,196.1497134,198.8783886,203.3044352,207.6855531,210.8398019,214.0419562,215.6255626,217.2208854
01_KOR,4.B,Biological Treatment of Solid Waste,CH4,2.842217678,3.004391465,3.17075249,3.340433419,3.51213074,3.684803669,3.878769679,4.073655901,4.270650407,4.471831487,4.678789018,4.883724495,5.09471456,5.3097282,5.525486426,5.739469211,5.964736365,6.187768231,6.410833862,6.637714678,6.871376732,7.026884287,7.187453208,7.351806806,7.517698734,7.683303257,7.788533277,7.891989927,7.99248317,8.088617459,8.179340798,8.271367524,8.357875806,8.439260365,8.516275207,8.589635482,8.635190546,8.677180565,8.717484773,8.758507751,8.802010788,8.829576331,8.859876388,8.891805931,8.923572471,8.953813535,8.984044895,9.01284185,9.556,9.583471317,9.609589087,9.639354582,9.668916125,9.800130979,9.933126524
01_KOR,4.C,Incineration and Open Burning of Waste,CH4,0.188552351,0.188552351,0.198992988,0.209641979,0.220417517,0.231254283,0.243427379,0.255658227,0.268021389,0.280647295,0.293635726,0.306497254,0.319738762,0.333232785,0.346773537,0.360202865,0.374340387,0.388337625,0.402336982,0.416575776,0.455846238,0.612477644,0.759817884,0.925714286,0.978490731,1.332202835,1.509611778,1.673123228,1.564622683,1.825145038,2.43570229,2.573613959,2.200861505,2.217677208,2.213545256,1.953712792,2.167187823,1.93570074,1.918104812,1.869841557,1.86915549,2.0401605959999998,2.223973769,2.270331998,2.064301659,2.237998691,2.339101403,2.3532404120000003,2.333211528,2.339763519,2.382810499,2.397593551,2.404034952,2.423969797,2.436708442
01_KOR,4.D,Wastewater Treatment and Discharge,CH4,54.32672982,59.58700664,66.63436402,75.27549545,76.36052831,81.48260492,89.75459646,96.25389656,104.2547571,115.157378,123.7409824,130.133184,121.3143377,123.1229816,123.4674237,126.562275,132.6087245,131.3910619,131.4040232,138.7915547,162.3901266,190.9666171,210.3197232,192.1667182,199.5236126,204.466547,232.699338,239.1210652,228.7198049,222.5092334,219.7180019,220.2678339,227.3077617,235.374944,240.1072388,243.834915,250.4940703,259.4849063,264.6028119,276.4450934,280.725641,286.9999569,299.6477626,310.1820884,320.8073518,326.296534,334.0191244,346.9435857,351.4181651,356.0222625,445.9203282,473.0978512,469.7911192,416.5727328,426.0822706
01_KOR,4.E,Other,CH4,2.376355054,2.513678121,2.672518023,2.821922878,2.957222008,3.139960288,3.373018264,3.544433472,3.728268846,3.959312108,4.165168376,4.373741122,4.493947874,4.684288029,4.883198161,5.200478504,5.542496306,5.553116939,5.97435075,6.582596418,6.970890295,6.843769139,6.934462347,6.980664911,7.278527545,7.575254089,8.001242261,8.035478722,7.812444175,8.017232271,8.041010038,8.122470725,8.137352851,8.167120429,8.12398159,8.242226468,8.158580085,8.143695314,8.204685817,8.232643863,8.327428707,8.467777587,8.746127469,8.808781631,8.737564589,8.615587454,8.650092536,8.664294395,8.641422867,8.641422867,8.641422867,8.641422867,8.641422867,8.636848561,8.632276677
02_CHN,1.A.1.a,Main Activity Electricity and Heat Production,CH4,1.262232023,1.2620139659999998,1.56030027,1.8103651550000002,1.684576729,2.041302193,2.174780583,2.3363735560000003,2.780597694,3.17212506,3.4747647959999997,3.497764336,3.4546160400000003,3.487354075,3.684188228,3.930719535,4.1640835570000005,4.57766603,5.0119022300000005,5.422388559,5.825211856999999,6.374492534,7.104888187,8.30955049,9.056983629000001,10.795821226000001,11.565474751,12.313622594000002,13.07141498,13.335409522,14.356545981,14.982666085,16.303898261,18.678957708000002,20.603972914,22.769181542,25.970799733,28.987628479,31.37900312,35.73592414,45.605299413000004,51.021957144000005,53.203915795,58.969725271,63.11734049,65.833122318,73.060907137,82.22479318500001,89.92721590500001,99.03486546900001,109.384744091,127.410640445,136.44025763000002,147.520387895,148.57153652899999
02_CHN,1.A.1.bc,Petroleum Refining - Manufacture of Solid Fuels and Other Energy Industries,CH4,0.245351463,0.245351463,0.308976961,0.384560668,0.483772087,0.660758285,0.745669691,0.853191199,0.989065985,1.03450574,1.406506738,1.240165349,1.188898749,1.216171278,1.21998099,1.299344029,1.352855701,1.418854823,1.579523367,1.897783936,1.718961668,1.814390217,1.976294543,2.239835535,2.467259114,2.589020179,2.183020687,2.822519514,2.86781266,2.782956038,3.048530216,3.2205244263000004,3.257789312,3.719729423,3.490057907,3.408484631,3.911224519,4.331807904,4.519489859,5.156874988,6.683893741,6.92273327,6.925704364,7.430835282,6.287429486,6.751881883,6.215875426,7.320260773,7.209735322,8.588897072999998,7.741891744,7.744179268,9.903183496,10.23369469,10.28400191
02_CHN,1.A.2,Manufacturing Industries and Construction,CH4,36.578314924,36.578314924,38.556048092000005,39.241506223,39.51370789,46.276354231,47.808345244,54.26671847,59.062134084,59.075713236,57.153092816999994,55.590068966000004,58.88485656,62.280193994,69.091807239,63.484166257,65.98729554,70.82100651,74.746884863,73.924895241,71.68411271800001,74.895496984,78.01225995600001,82.626848174,86.67739581299999,97.793459673,91.14886677000001,87.583484508,95.093804934,79.728375499,74.38418235700001,77.43777309700002,80.36783367599999,94.05851516199999,125.909546197,165.07873339399998,174.767124108,184.300095434,198.05534529,210.233659393,226.54271379699998,237.960119307,241.968675791,234.221974901,232.77176349700002,225.162034792,206.51931108899998,183.197055135,165.83550301699998,156.225510667,153.37856049200002,147.275062375,137.890180023,137.09489810099998,139.30299213799998
02_CHN,1.A.3.a,Civil Aviation,CH4,0.0,0.0,0.0,0.0,0.0,0.0,0.0,0.0,0.0,0.0,0.0007136,0.001449499,0.002185401,0.0029213,0.003657199,0.0043931,0.005129,0.005864901,0.0066008,0.007336699,0.012010035,0.021411067,0.027254368,0.0269525,0.030337735,0.039997509,0.050821633,0.067618432,0.063737273,0.087714216,0.088706069,0.086204876,0.115507634,0.120833447,0.141058603,0.134913434,0.135064368,0.159623485,0.17583811,0.19393010389999998,0.2364719299,0.2327201419,0.256656176,0.293139818,0.327810777,0.376950575,0.426737233,0.484159249,0.528989643,0.5709545651,0.5679571612,0.6056311873,0.307136311,0.616636623,0.66692731
02_CHN,1.A.3.b_noRES,Road Transportation no resuspension,CH4,4.260713746,4.367530813,5.0743349570000005,5.8594802470000005,7.145459991,7.726278931,7.752467363,8.395852707,9.456491977,10.143932943000001,10.027746786,10.228171313,10.990524851,12.258169956,13.648390864,14.292652131999999,15.613803183,17.029984737,18.849915146,20.029930912,21.271850869999998,25.453558888,29.537724542,35.653916825,34.299825181,37.548707574999995,45.990969762,46.849240016,49.559624944,57.891592451,73.406486359,79.41381296899999,87.084754109,104.368396653,110.194235212,122.24986689100001,126.87904836,126.013568487,157.857813551,163.085317235,157.84691596000002,169.947491615,168.46515324199999,164.343213423,173.182947415,175.741222819,166.230526984,163.08085469099998,165.899440281,181.12768376800003,178.875246465,190.117106773,177.269647239,185.23397011400002,190.92280583800002
02_CHN,1.A.3.c,Railways,CH4,0.536632355,0.536632355,0.565950883,0.574193871,0.568196247,0.675698416,0.685415518,0.780229448,0.651528237,0.6636025,0.617373311,0.657583489,0.677013682,0.674743105,0.693221103,0.677147509,0.661010649,0.633081376,0.624606021,0.620803167,0.548179725,0.473394459,0.407381686,0.360130265,0.290651914,0.23939409,0.206247454,0.14152069,0.106532527,0.074428756,0.650082813,0.646060711,0.69056848,0.840092217,1.021351989,1.094369005,1.085507713,1.085153276,1.105534235,0.994413691,0.943549889,0.878153592,0.817542379,0.752677763,0.662115406,0.560387819,0.54904538,0.536291326,0.535966287,0.473590447,0.479868165,0.501515119,0.498307462,0.497603702,0.493539668
02_CHN,1.A.3.d,Water-borne Navigation,CH4,0.043343303,0.043343303,0.05940759,0.063651008,0.054254904,0.060013788,0.066075801,0.064257206,0.071834686,0.0,0.0,0.0,0.0,0.0,0.0,0.0,0.0,0.0,0.0,0.0,0.734759703,0.651790385,0.9755318940000001,1.169232827,1.194226378,1.4914106,3.445695998,2.043508048,1.677370165,2.726141195,3.43748981,3.479369727,3.569283861,4.245359285,4.119745505,4.09207872,4.956616286,5.207662667,4.162785913,4.458967933,4.71944975,4.925620421,5.641641314,6.463294358,6.689689384,6.135898924,6.350798542,7.127869392,6.988872384,7.126182476,6.854321691,7.416558454,7.337110475999999,7.7125859629999995,6.492185667
02_CHN,1.A.3.e,Other Transportation,CH4,0.250861806,0.250861806,0.289602304,0.3343236,0.366633902,0.373334695,0.387305699,0.413647504,0.461894404,0.470476494,0.415382392,0.397655402,0.433111494,0.476647201,0.509421304,0.590615698,0.81183061,0.89496781,0.954370811,1.0060104,0.001752301,0.001752301,0.001401301,0.0,0.002871948,0.042918523,0.077765807,0.047402548,0.038818846,0.063929384,0.047158612,0.050711003,0.054843023,0.060085939,0.093086778,0.106261608,0.118169684,0.136866371,0.148285935,0.156516974,0.174047043,0.191231194,0.220067729,0.238737014,0.242701059,0.24720529,0.255565609,0.269955812,0.270202616,0.243360869,0.238307548,0.249602274,0.249088818,0.25939091,0.257713969
02_CHN,1.A.4,Residential and other sectors,CH4,2487.124113808,2487.124113808,2565.2935648,2619.739377147,2656.2583944370003,2802.685206905,2845.610168188,2971.901587067,3056.520894627,3102.039289707,3071.251844456,3129.534210351,3187.897170366,3256.761318648,3341.016671652,3444.6912328350004,3491.831930844,3556.822235861,3651.213779755,3647.6608923470003,3677.092940152,3685.647364288,3584.572397155,3584.1869812600003,3494.4804587870003,3547.669133578,3238.249854001,3445.993947979,3233.313846944,3190.48084748,3086.772949223,2982.437142845,2954.883050728,2915.971201219,2875.0504071240002,2811.072266864,2781.086051631,2594.573187181,2384.188199774,2273.745308649,2152.814111658,2045.726872541,1953.234123764,1857.8118227730001,1832.6448319439999,1830.16281777,1761.119958521,1741.741612982,1605.948201555,1454.341112945,1361.067331438,1242.693441045,1150.083359238,1031.941334254,1040.306848043
02_CHN,1.A.5,Non-Specified,CH4,45.41516583,45.41516583,47.89214076,48.58930827,48.07750464,57.16136679,57.98565306,66.00483795,97.97475624,99.79804524,93.13658345,126.2892258,134.5015259,139.6214023,154.7379623,94.78910285,138.6103922,142.8291109,155.1107197,155.8962872,161.1797586,167.746668,165.2873113,182.2100364,199.1878406,163.6931951,84.09615163,106.2995037,116.5724929,115.0882102,143.5641341,150.5458794,167.6653592,195.6916307,211.1283718,224.583888296,232.40496069600002,240.989211391,249.187557497,257.501469002,258.251963708,271.592716501,286.988543195,302.675771306,293.14418357899996,296.077366895,285.413133715,250.542313814,212.63030590300002,183.368421354,178.91516749599998,149.136880084,128.21796039499998,127.381668775,129.508670586
02_CHN,1.B.1,Solid Fuels,CH4,3920.731166,3882.826797,4012.396336,4039.819354,3966.955166,4534.253567,4518.208908,5067.482298,5616.390741,5725.138574,5605.29075,5543.471611,5845.791248,6171.456897,6708.807352,6884.711131,7000.126156,7197.127155,7543.776526,8048.485281,8321.413374,8112.990809,8197.373915,8243.93151,8672.434392,9441.102201,9467.863497,9059.442721,8799.151461,8505.684928,8823.79814,9369.631566,9722.279953,11247.78519,12748.50536,14010.99442,15056.91202,15680.45852,15709.16739,16096.79158,17272.42312,19681.98803,19359.14682,19424.64161,19237.01626,18822.62016,17186.64207,17837.50646,18915.3359,19594.15345,19853.63782,21081.3794,22349.86394,23131.45359,23402.24613
02_CHN,1.B.2,Oil and Natural Gas,CH4,132.117117842,132.744245481,153.90152784999998,180.80242649800002,218.754667026,258.724373877,292.863642962,316.00393247,350.763427633,359.60375848399997,361.85348151700003,345.425959353,350.349165596,363.30940114900005,391.693153293,425.587964108,445.86640323299997,458.867988327,467.390341328,473.921787186,477.97920911799997,491.733525633,498.165027791,509.332359016,520.28015378,524.672884007,776.279686506,761.8902727799999,591.948531163,642.189657507,694.365185238,706.735940095,674.738387944,780.6356844,798.747500553,863.020891935,869.70230284,806.8627127809999,780.650708089,783.2031752500001,722.501868566,736.402006519,750.4750168200001,779.6835828799999,813.14792903,845.230136755,830.3004881339999,832.526331765,851.882346166,882.96646845,917.206575894,965.1665211149999,991.003942433,1036.3781214379999,1059.1973635479999
02_CHN,2.B,Chemical Industry,CH4,8.730199236,8.098156476,8.833136271,8.719421381,8.743806535,8.189749192,8.835952656,9.577044511,9.274435041,9.565523775,9.226327452,8.966716863,8.132233751,8.069760635,4.728688972,4.260997012,4.583430193,5.801679784,6.582538799,6.505667108,9.249817673,10.76755139,8.122382459,8.253946642,8.623050379,9.918463096,14.47197297,14.70977609,12.84852218,12.72283447,13.495187,13.58603573,14.53200315,16.46272282,19.65975909,22.593579,28.895913,37.352041,38.846292,39.458247,51.934087,68.268163,78.5507,84.911764,105.9431635,113.2763978,120.6720257,126.9423295,131.8609243,142.3096826,143.8947667,152.2157314,150.8156062,161.4965618,165.8580214
02_CHN,2.C,Metal Industry,CH4,12.17514,11.31604,11.96131,11.6275,10.09018,9.47364,8.48714,7.28301,7.1692,8.1504,6.82025,6.45432,4.48332,3.50212,4.80091,4.78246,4.66714,5.08457,5.54066,5.96676,5.53688,6.08246,6.32676,6.84265,8.46337,9.19707,8.30407,8.88609,9.06799,9.38522,12.014,13.8841,15.9556,19.8064,26.1024,33.715,42.5404,51.616,52.97,62.0879,69.4478,73.8478,80.5819,92.985,103.4473,85.7094,83.4315,83.9264,93.231,104.5454,107.3468,105.868,104.024793,105.340873,105.5381378
02_CHN,3.A.1,Enteric Fermentation,CH4,4421.753476,4531.44126642,4618.33527638,4632.3379044,4719.8927722,4739.495266,4739.504578,4621.5700806,4590.44336068,4657.76148524,4779.5399735,4818.4368032,4904.9795658,5059.2688734,5090.132286800001,5263.243334000001,5609.4277264,6019.345009600001,6297.53070308,6706.2958259199995,6985.5965974,7196.81817632,7260.24518136,7427.533669820001,7741.90727392,8387.0198456,9030.31933568,7574.5760101999995,8299.2834504,8514.160940040001,8699.260695,8511.8922498,8219.711876,8148.3652562,8190.40852862,8040.740677999999,7972.4550522,7659.4600625,7782.3967684,7547.6228145,7406.603527,7195.5288002,7090.1824014,7037.2252656,7054.1989527999995,7109.4011706,7175.265660700001,6959.930589099999,7030.613393799999,6966.79997,6993.158021900001,7070.183613300001,7087.669942,8030.278497,8034.84895624
02_CHN,3.A.2,Manure Management,CH4,548.89401774,633.5755361,742.86100156,775.6871702,765.3249678,773.603779,823.7656075000001,835.9439023,846.48591458,869.08877578,918.9758285,886.4858680000001,862.3489511,885.4995201,885.2374926,913.3350775,982.7232538000001,1009.8783826,986.2103459499999,1031.935479,1055.12721762,1105.63837515,1129.89165909,1172.9734952,1206.87743325,1279.3896906,1366.5429165,1156.0111035000002,1249.3770055,1313.1663085,1343.0281975,1306.0637535,1320.2485245,1324.3877325,1339.8601265,1382.591077,1420.8568673,1382.8741408,1438.6931637999999,1511.2078599,1501.1961357999999,1492.0276367000001,1513.7328867,1506.66892805,1507.61748805,1486.25036305,1466.24615115,1416.53924773,1388.86056579,1106.42509364,1335.84784607,1440.81165267,1449.61730895,1466.7869415100001,1396.456603654
02_CHN,3.C.1,Emissions from biomass burning,CH4,147.364058137,154.339379834,152.363066243,158.745054597,164.42924600199999,169.025249981,172.250587054,167.26891884,181.273408087,189.6409374381,183.0149774427,185.8213960096,198.30420860910002,213.0818735148,221.9036317718,210.3540003316,217.1827288049,219.08631067209998,216.1387296484,223.15609414839997,241.03790892269998,235.46064969936,238.21561924308,242.56658931649,236.48317374830998,244.92857754265,261.30245902072005,262.5176741128,264.65525755168,263.31985583408,240.22368933201,238.2666012571,240.86268365286998,231.49873118417997,253.27908929615998,265.84426132661997,281.2565356356,287.18048815912005,303.84026448264,309.99119950616,320.77518692227,331.74040602916,341.28859215368,347.15537246794,350.84792387022003,378.77627539492,378.10771275401,379.88344304080005,377.22042212707,379.40424704066004,382.68145453619,388.35126243462,390.79097843714,393.596199536,398.40294333778996
02_CHN,3.C.7,Rice cultivations,CH4,9304.020801416,9945.878331328,9935.916999729,10155.878282608,10294.620365408,10381.388125649999,10485.206897625001,10417.241934675,10393.348174654,10412.00091149,10332.953897790001,10288.39744886,10567.305171240001,10713.011683507,10875.781757314,10454.179626305999,10558.21039105,10571.311172536,10442.630293108,10787.960243108,11013.634835383,10496.07554,10084.41204,9243.000364,8861.557414,8762.19372,8656.543846,8540.471313,8406.016802,8418.624509,8042.426752,7704.127882,7547.812223,7061.534817,7627.869093,7739.952249,7769.563024,7820.246255,7956.424037,8082.432203,8156.232813,8257.696844,8319.061148,8366.986746,8407.409615,8432.913549,8416.013417,8429.591191,8304.139557,8175.001957,8278.349888,8251.836095,8113.707655,7975.705748,7991.685261
02_CHN,4.A,Solid Waste Disposal,CH4,405.48068317999997,464.85190320000004,475.94264317,486.73348192000003,497.24499677999995,507.50405412,528.5380715699999,551.11151882,573.91943289,596.99247116,620.3937498399999,653.88751355,689.38981257,726.13603917,764.70492388,805.56024564,850.77994592,898.87468736,949.0844602,1000.35492732,1050.58570512,1110.39258,1165.8030173,1230.7560929,1289.8994572000001,1339.3706954,1396.4183429,1444.6806553,1487.7473396,1537.3340173000001,1597.0061595000002,1664.6159007,1737.4480536,1816.183976,1875.375554,1954.9008998,2286.7471975999997,2642.2649027,2978.6398639,3437.3610546,4020.801095,4548.1953116,5098.269469299999,5153.233462499999,5296.3671085000005,5652.3735922,5837.789224800001,5921.8313687,5776.1504972,5392.904759999999,4891.8054597,3919.885076,2356.3276836,1056.6634765,526.2620391
02_CHN,4.B,Biological Treatment of Solid Waste,CH4,8.082130711,8.284912035,8.482901629,8.673581145,8.854549806,9.024376959,9.38849352,9.747779002,10.10531288,10.46616548,10.83481181,11.3879573,11.95377371,12.53837209,13.14998041,13.79442782,14.48375226,15.20927283,15.95927431,16.71455735,17.45937866,18.31378238,19.15482981,19.98321654,20.80347147,21.61993246,22.48710622,23.34778179,24.2047735,25.06317373,25.92676306,27.728,20.68,28.672,29.2,13.816,11.528,10.0,6.96,7.152,7.232,7.45845722,7.687007737,7.916907259,8.147282389,8.377243766,8.595830148,8.813260453,9.029080529,9.242997912,9.454683827,9.648094544,9.832893267,10.03681983,10.24497567
02_CHN,4.C,Incineration and Open Burning of Waste,CH4,4.925111951,4.927531059,5.044821691,5.157979731999999,5.265913589999999,5.367993166,5.583590013,5.797007191,6.009714417,6.224196386,6.442718366,6.7676517800000004,7.09942158,7.441762638,7.799749799,8.176984279000001,8.582400289999999,9.009071568,9.450089293,9.894131747,10.331934898,10.83470912,11.329969228,11.818069734,12.301075728,13.950682446999998,14.548480899,13.936264217,15.714382249999998,16.290011433,16.967810662999998,17.641658524,18.467952092,19.225263108,19.915313447,21.122470706999998,30.298024576,39.61894362900001,48.936930497,58.208117502,67.564012028,76.8062611,86.115395444,88.611441177,91.113035627,93.61236315000001,95.983261947,98.418320597,100.836650191,103.26118366,105.744082252,108.512292501,110.53198435200001,112.754125418,115.20963285799999
02_CHN,4.D,Wastewater Treatment and Discharge,CH4,2591.1484015130004,2650.536092601,2721.871722717,2788.256812392,2848.120048533,2905.8377254310003,2966.68249758,3026.79180865,3091.02093056,3148.08576476,3218.38451434,3192.2110417199997,3190.50190403,3170.23451212,3159.10942763,3197.57523216,3187.94928752,3173.95919178,3172.7996832,3159.27226283,3145.9400231,3180.39171659,3195.3187422700003,3217.16173226,3244.75464259,3274.5809765000004,3231.65506271,3267.46414305,3332.672673,3384.60577239,3412.8075243199996,3414.50789765,3423.54927865,3435.09248708,3475.28822796,3536.4537418,3743.05419304,3883.78288019,3935.02846873,3940.90797091,4188.811675090001,4418.52421659,4491.86024248,4638.85138026,4832.599574450001,4935.87415282,4999.91720909,5039.5690775699995,5130.28192337,5258.31447506,5403.6488310899995,5688.5430283000005,5827.18571093,6094.74476492,6204.396737030001
02_CHN,4.E,Other,CH4,18.66827519,19.281224851,19.895266423,20.503234165,21.096358938999998,21.669109998,22.214895435,22.738389849,23.245789733,23.749184223,24.262610446,24.78353285,25.31184203,25.868525302,26.461990548,27.152976146,27.797426616,28.506227821,29.308572348,29.926927972,30.589615458,33.746255833000006,36.886817906000005,40.08875047,43.250082058,46.0089493,40.03762,40.718132,39.204664,40.88856,33.566548000000004,38.388312,40.296524,47.036952,39.990559999999995,46.668532,43.596188,43.402628,54.50746,57.419248,63.633312,137.39340399999998,138.745264,126.406352,145.468152,159.179352,208.914952,263.386952,298.934952,325.174952,291.407352,291.407352,291.406952,297.010952,302.7227716
02_CHN,5.B,Fossil fuel fires,CH4,90.0,90.0,90.0,90.0,90.0,90.0,90.0,90.0,90.0,90.0,90.0,90.0,90.0,90.0,90.0,90.0,90.0,90.0,90.0,90.0,90.0,90.0,90.0,90.0,90.0,90.0,90.0,90.0,90.0,90.0,90.0,90.0,90.0,90.0,90.0,90.0,90.0,90.0,90.0,90.0,90.0,90.0,90.0,90.0,90.0,90.0,90.0,90.0,90.0,90.0,90.0,90.0,90.0,90.0,90.0
03_JPN,1.A.1.a,Main Activity Electricity and Heat Production,CH4,4.26305105,3.564943284,4.076925959,5.597464104,5.681259337,5.667691004,5.551710597,6.440336635,6.346807582,6.271591118,5.345267605,5.13451826,6.546679402,6.8980841,7.642279712000001,7.370905421,7.928223169000001,8.184635267,9.376417258,10.05353178,9.600784964999999,9.689260757,10.122607086,9.703232097,11.060195791999998,10.711726145,10.821632465,10.562689321,10.269545814,10.953247773000001,10.974205887,10.417503612,11.133098867,11.56507298,11.864156082000001,12.699720557,12.915185476,14.296287481,14.250412621999999,14.206952239,17.812175798,20.78074245,22.359251907,22.610544189000002,22.136761285,21.491242232,22.015311863,22.870502182000003,23.025071668,22.922876452,22.823878851,23.735627411000003,23.172126995,23.463183569,23.134616226
03_JPN,1.A.1.bc,Petroleum Refining - Manufacture of Solid Fuels and Other Energy Industries,CH4,0.427814949,0.460673746,0.52383897,0.681617884,0.695875864,0.666062194,0.708816192,0.69800137,0.679146044,0.650783631,0.621876824,0.583453475,0.660589352,0.629114962,0.626576052,0.642205692,0.600158848,0.589495729,0.617816989,0.630228187,0.668637953,0.667858347,0.674825181,0.688537624,0.691307596,0.693071483,0.696559921,0.732512965,0.729933759,0.743887554,0.699192438,0.682551506,0.689947658,0.688830628,0.724555645,0.743648322,0.735294793,0.787185473,0.745857959,0.751837328,0.786069445,0.759065616,0.77824236,0.739089347,0.725278714,0.707184933,0.688510161,0.613408564,0.626912877,0.57305394,0.491816182,0.484625142,0.484532762,0.48027031,0.456147853
03_JPN,1.A.2,Manufacturing Industries and Construction,CH4,9.640822148,9.742673544,10.72600592,10.79686589,10.890997650000001,10.36680203,10.44920787,10.16330201,9.568225303,10.241265003,9.755460565,10.45464131,12.108788173,11.675975033,12.594168474,12.806742956,12.51500004,12.245334264,12.974033067,13.436934271,14.4864756,14.378900969,14.057776246,13.680336610000001,13.368802539,13.822986652,13.72060507,13.537091325,12.499040248,12.514846869,13.01374566,12.461764186,12.931070598,13.101147764,13.097773254,13.942008413,13.951840007000001,14.220598822,13.001310903,12.131550288,13.038154121000002,13.634472971,13.277344349,13.631520483,12.968829837000001,12.810156259,12.483607119,12.77865796,12.791327546,12.438941654999999,11.732035452000002,12.077542100999999,11.85877379,11.380163622,11.292398786
03_JPN,1.A.3.a,Civil Aviation,CH4,0.020784401,0.0225196,0.02647985,0.029861499,0.03210805,0.036313349,0.036824999,0.040384648,0.04443365,0.04946255,0.052377151,0.050040899,0.048972901,0.047570999,0.049929499,0.0521322,0.054824498,0.055892451,0.05785045,0.060654,0.051060542,0.055341497,0.0591095,0.061941805,0.065252528,0.073273522,0.071903174,0.076594234,0.076347579,0.07507896,0.075534057,0.075867096,0.077350259,0.078265337,0.075437028,0.076395034,0.079079181,0.076939362,0.072704381,0.06919674,0.065034749,0.063678025,0.067373316,0.071407708,0.071702693,0.071112844,0.071817677,0.073095325,0.074016855,0.073799884,0.036933396,0.047950106,0.067833445,0.071477192,0.071621904
03_JPN,1.A.3.b_noRES,Road Transportation no resuspension,CH4,24.72459138,27.0228761,29.03676798,32.50831014,33.02646243,35.95138316,38.07325102,40.27221967,43.65413259,46.29551632,47.16744545,48.23085384,48.42686609,50.53288244,51.7473266,52.36335831,53.92823719,55.2099292,56.85851019,60.65936597,63.97767821,62.17017609,60.14898256,57.67952649,56.86678298,55.32678659,53.45703283,52.37365521,50.14280821,48.12262564,45.44640232,43.06496333,39.92388547,36.90605826,35.42039298,33.955920280765994,32.543523007,30.568296789,28.785569698,27.942984944,27.050898631,26.274404237,24.764014513,23.937870529,22.694080535,22.406563114,20.545595271,19.937780006,18.712767785,18.221092818,16.700024654,16.410011851,16.507054099999998,16.41698985,15.58587303
03_JPN,1.A.3.c,Railways,CH4,0.283020679,0.256733694,0.246939151,0.260870952,0.255005173,0.20012629,0.205783557,0.21303196,0.227705525,0.228412679,0.2209875,0.187043826,0.164414688,0.143023116,0.142139151,0.129233498,0.135244351,0.123222628,0.117742136,0.112968815,0.053152309,0.052563929,0.051176292,0.048356694,0.047902957,0.046742484,0.046085694,0.044394741,0.044077162,0.041480585,0.040283882,0.038566945,0.0380892,0.035975835,0.037307745,0.037063423,0.035605202,0.035734655,0.03440723,0.033613273,0.032566423,0.031567904,0.031547734,0.030553316,0.029684317,0.029607871,0.028233501,0.029430585,0.027836313,0.027754013,0.026563549,0.026563549,0.026563549,0.026563549,0.025157463
03_JPN,1.A.3.d,Water-borne Navigation,CH4,0.976903197,1.198763985,1.080378602,1.301046601,1.587318607,1.666341598,1.639801778,1.629364815,1.647853192,1.66037759,1.642783797,1.270928383,1.205920814,1.131072603,1.303432211,1.258702189,1.248265196,1.28404919,1.383647991,1.479668393,1.23391939,1.285109275,1.265490416,1.250842828,1.279006642,1.324282341,1.403243902,1.495021823,1.329417032,1.32242037,1.34634645,1.302070638,1.315217383,1.279715768,1.168788935,1.169700547,1.13734821,1.091106942,1.012987183,0.933662706,0.962672481,0.945339322,0.968113173,0.956802433,0.956126717,0.926298351,0.935423271,0.924616797,0.921903207,0.912025608,0.87229435,0.904344877,0.916059066,0.864300037,0.616591773
03_JPN,1.A.3.e,Other Transportation,CH4,0.012268798,0.012907796,0.013291202,0.013674596,0.0093294,0.012524402,0.0116298,0.0209592,0.018914405,0.016486203,0.008690403,0.012140996,0.009457202,0.007795801,0.007156803,0.007156803,0.0093294,0.006262201,0.007923603,0.007923603,0.0,0.0,0.0,0.0,0.0,0.0,0.0,0.0,0.0,0.0,0.0,0.0,0.0,0.0,0.0,0.0,0.0,0.0,0.0,0.0,0.0,0.0,0.0,0.0,0.0,0.0,0.0,0.0,0.0,0.0,0.0,0.0,0.0,0.0,0.0
03_JPN,1.A.4,Residential and other sectors,CH4,44.837486569999996,38.621381889999995,31.885342910000002,33.54907404,31.74009036,25.475052820000002,24.37483774,23.273938570000002,19.84382132,21.14894809,18.4505228,19.00456901,18.7511977,18.86500346,20.116488020000002,19.01702452,19.17149528,18.659722860000002,19.89489782,18.95771994,18.69173176,18.86024049,19.564196289999998,19.9428938,19.23279614,19.920432780000002,19.95998574,19.68461151,19.83572041,20.61339193,20.80329473,20.76017638,30.58242397,30.20021037,32.79157541,33.30722374,32.88003978,34.98826654,32.70086257,31.67004757,31.822023,32.37938696,31.94841366,34.18520216,33.46197776,33.116002210000005,32.98100523,34.84925569,34.27856681,34.578697070000004,32.23207221,31.40844122,30.98804586,30.10345109,29.880188240000003
03_JPN,1.A.5,Non-Specified,CH4,1.943999988,2.419633489,2.833739996,3.170275524,3.18450899,3.179887475,3.326877,3.534711008,3.737774995,3.75989702,3.641919026,3.761305481,0.003262501,0.003510004,0.003437991,0.003329993,0.003820497,0.003703497,0.014165996,0.016542005,0.23022084,0.27285459,0.30696111,0.30696111,0.29843511,0.3240156,6.6213882,7.87551777,6.94609212,6.77038845,6.82167507,7.05596046,12.15191823,12.35599206,13.347332909999999,11.755813439999999,11.684450250000001,12.33126567,11.3771337,11.204811300000001,9.4364979,8.69576964,9.71527344,8.41527081,7.228841790000001,7.194599609999999,7.136010389999999,6.54384405,6.06003126,5.46905187,5.32381095,7.10345256,6.85166805,7.116998208,7.352164168
03_JPN,1.B.1,Solid Fuels,CH4,999.0762361,827.3505563,710.3395929,658.3225657,571.8693828,505.5701816,524.2673659,526.1977809,430.2061973,416.064352,427.1017567,429.5768535,425.7752847,411.3494232,408.0769805,399.689579,387.7983444,319.8744495,288.9903723,268.674093,196.40448102,193.6122831,186.9896249,180.42002136,180.51729752,182.79844724,177.41011304,136.56628166000002,128.19525496,126.34925652,112.18795401999999,111.97242894,87.94717555,90.85428768000001,88.10504057,86.72578737,89.85910066999999,88.91504284,86.04508317000001,81.36744804,83.99807947,82.06457132999999,83.2214841,85.54853448,85.37204077,82.24546414000001,83.54136193,83.57706761,75.78304025,72.32868802,67.44171779999999,67.05345449000001,65.48643267,62.543610762,59.145790062
03_JPN,1.B.2,Oil and Natural Gas,CH4,40.8933034,43.39680783,46.4443223,50.33636618,52.65376208,53.87377089,55.27877322,58.25062067,59.08963986,59.66014886,59.36280468,60.21126842,60.39772072,61.15727326,62.59816181,63.69112538,65.01746133,65.21987033,67.65731528,70.06135544,74.31025127,74.90206451,74.81121809,75.37830684,75.34266152,75.36140689,74.32268475,74.52374294,74.38916142,73.45580117,72.83818566,72.1861937,72.17357283,71.30028709,70.26462261,69.600172465,68.68469469,69.034085225,67.312485275,65.18431923499999,63.115171999999994,61.160603295,58.89371183,58.46732615,58.25713954,58.349541609999996,58.61850286,59.0779657,58.317743365,57.947129239999995,57.185384565,57.6397308,57.74949911,57.271893111000004,56.929879797000005
03_JPN,2.B,Chemical Industry,CH4,5.692734389,5.589625149,6.13293059,6.472778366,5.82026695,4.999091951,6.026197716,5.922187968,6.561748696,6.120470982,5.095603936,4.772743262,4.419806002,4.247127745,4.619241625,3.855308842,3.88679405,4.211416294,4.813599573,5.143466586,4.763578318,4.734713589,4.097717862,4.406147035,5.330415017,5.536847992,5.417257519,5.154311346,5.040719951,5.09661482,5.10781438,4.86031961,4.75718486,4.98748704,5.06280938,5.21152375,5.12061201,5.21189251,4.70641382,4.53772734,4.75276297,4.61432818,4.44726125,4.74103757,4.67291731,4.82291249,4.48860893,4.72062666,4.5291404,4.674701854,4.449735204,4.57614838,4.555123264,4.362027026,4.210569208
03_JPN,2.C,Metal Industry,CH4,11.72551,10.79641,11.47053,12.37841,11.52768,10.14199,9.92345,9.18699,8.34798,9.42037,8.54455,7.92195,6.62492,5.492875,6.60866,6.43906,5.8228,5.66731,6.13752,6.24855,6.26897,6.172621,5.540131,5.543987,5.387163,5.507334,5.28343,5.559453,5.063855,5.134112,6.314839,6.225698,6.490684,6.606311,6.809234,6.913432,6.934862,7.191103,7.157262,5.578098,6.971644,6.79761,6.85885,7.04253,7.172845,6.818709,15.0988,14.98446,6.7235944,6.4418743,5.351643,6.1376428,5.658819822,5.52329626,5.345637134
03_JPN,3.A.1,Enteric Fermentation,CH4,312.639449,319.545515,321.565956,325.70982,334.23088,338.08968,351.10801,373.59684,393.6813,414.0496,429.2246,442.84964,454.24674,468.30694,478.86146,485.0522,494.58008,494.37646,500.5937,511.42734,524.5159,535.11868,548.84138,553.93258,548.8843,542.9898,539.20116,533.36518,530.71984,526.69384,522.5834,526.32632,541.2681,548.38634,554.59082,551.4065,605.9865,664.4038,726.50718,786.68384,838.6172,810.34514,803.0216,783.61998,764.9504,745.550465,738.168867,738.667832,742.63762,741.557281,756.0586895,766.450712,770.167803,782.892319,781.8500993
03_JPN,3.A.2,Manure Management,CH4,162.7924413,170.2633917,168.5216458,170.915659,173.7393223,172.0551323,173.8319375,182.8012694,192.8619459,201.6155975,201.6548435,204.6603866,209.2321251,212.8905121,217.5826046,219.9847338,223.2603915,223.0178125,222.4354272,222.7628094,220.7545649,219.366815,220.2959993,219.7128891,214.1391292,207.6034198,204.9130257,203.2919541,200.8103205,197.1232452,195.0313861,191.898727,190.0057076,188.4118878,184.9726803,177.90555,182.0903282,182.5289756,180.1721649,179.3833608,177.7767412,140.5616771,136.5997915,177.2690455,176.400197,172.0770006,174.3414487,174.4262137,176.9764387,176.4321135,175.4364803,177.4094647,177.3623879,173.2507632,173.0232674
03_JPN,3.C.1,Emissions from biomass burning,CH4,3.268160395,2.877320422,2.879124262,2.82176677,2.851563709,2.974163132,2.779152977,2.968896294,2.906788441,2.9207569,2.619432065,2.668406934,2.762211906,2.743999107,2.998842744,3.030796189,3.006668307,2.843901761,2.824689377,2.855186795,2.829590297,2.593159638,2.708066989,2.274103803,2.796146823,2.556565785,2.383617579,2.290617444,2.052096959,2.010002274,2.013884571,1.909625607,1.882961193,1.715192319,1.735952079,1.694329934,1.561688968,1.546433045,1.481162613,1.28740518,1.173115329,1.207277425,1.245262234,1.200880945,1.189297249,1.206249517,1.100866389,1.117131096,1.026863134,1.084038287,1.030574819,1.080593729,1.034629551,1.044495246,1.032728339
03_JPN,3.C.7,Rice cultivations,CH4,1168.407262,1057.006637,1064.956129,1064.196502,1098.288591,1129.517175,1101.366792,1125.878429,1040.841952,1012.149955,925.7211519,909.1191436,903.1286401,910.0512051,954.4540068,958.5470309,946.1690919,877.1273328,851.6532842,856.3385934,605.5721806,588.1780461,613.798774,579.3685067,655.3268297,618.7447403,581.3897367,571.9640593,523.8657283,523.6060565,523.2539218,503.2538227,497.0868242,477.7800379,498.1403646,503.4630799,493.0025044,491.5180039,482.1403284,477.2972729,482.6482127,475.39519,480.1414829,482.6351714,479.7674641,472.2966583,467.9154552,463.4401911,460.3094034,457.8079409,455.1829708,453.123231,446.5058856,439.1376864,433.4962963
03_JPN,4.A,Solid Waste Disposal,CH4,272.8343192,309.6191381,315.7070901,321.8559029,328.0661072,334.3581322,337.9745174,341.4633487,344.9231612,348.3874374,351.8561775,354.5649483,357.2775579,359.9940064,362.7142938,365.4743777,367.3714096,369.3074925,371.2102469,373.1157852,396.1608767,391.1848209,387.9231156,379.0204161,371.1670163,358.0052084,345.6045642,331.7193023,315.6375137,300.2633388,285.9728183,271.7294951,257.5295523,243.2583607,228.6039168,213.9887499,198.9610119,185.0354406,169.4986044,155.948836,142.7118422,132.0634479,123.047616,114.4637137,105.5593121,97.6409289,89.94876588,83.70586026,77.60835429,72.30658966,67.33562349,62.76373546,58.45668912,55.88557964,53.42755565
03_JPN,4.B,Biological Treatment of Solid Waste,CH4,2.757666982,2.690089102,2.623692732,2.559650441,2.499270401,2.443272684,2.413113799,2.386075966,2.36157608,2.338783409,2.317146333,2.296034336,2.276072518,2.257364385,2.240027104,2.224155295,2.209185443,2.195502652,2.182856393,2.170990677,2.159694861,2.135282839,2.139906412,2.145101552,2.134139707,2.138998513,2.14436269,2.154521386,2.143496846,2.151932974,2.163035107,2.18279304,2.768951982,3.255258809,3.360798863,3.817260939,3.940675611,3.806416126,4.278028092,4.242395966,3.705280388,4.094510516,4.051961332,4.008445597,3.995623129,4.071791338,4.124898507,3.586460299,3.555772716,3.292965231,2.972099018,3.059213398,3.061441573,2.956553863,2.855259699
03_JPN,4.C,Incineration and Open Burning of Waste,CH4,5.47583765,5.371428056,5.259948004,5.138591217,5.004218457,4.854934057,4.65135412,4.437192217,4.213688132,3.982324728,3.744004312,3.498516457,3.2462735,2.987315026,2.72174853,2.449846225,2.171968963,1.888687732,1.600915892,1.309584341,1.015070212,1.0056357630000001,1.030853278,1.033357365,1.101560895,1.516164304,1.53228489,1.3566484710000002,1.324190405,1.3203447320000001,1.196069157,1.050996652,0.99467971,0.960443523,0.9497339819999999,0.939300817,0.9316895230000001,0.9592026250000001,0.9222856290000001,0.909620863,0.9156470409999999,0.467348741,0.940186618,0.954122074,0.930638448,0.95469174,0.869202663,0.867469457,0.916833382,0.34575243,1.071079492,1.1174561010000001,1.112874412,1.117578951,1.166867659
03_JPN,4.D,Wastewater Treatment and Discharge,CH4,256.2342072,257.8875848,262.9312456,266.8720562,260.9462557,250.679499,262.533307,259.559982,263.0127528,262.0401456,251.8026589,244.5024806,244.2788554,247.2269217,248.5301395,242.1266821,240.46089,245.4247728,249.3009959,249.7898425,245.9560902,240.5131565,228.7272746,221.2448075,222.5406897,218.3149253,211.7278444,200.5012913,182.8162272,174.5416003,165.1714777,156.7946527,153.0131444,151.3677069,150.7270417,149.9206101,148.6699096,149.5302279,141.9383746,129.188873,135.2123503,129.9484743,125.1269523,129.6713537,128.4375402,128.8354261,126.3667845,129.2373264,126.3326958,125.6139325,117.1080264,120.9345426,120.2738989,116.3693704,114.2974007
03_JPN,4.E,Other,CH4,35.91444657,34.8689,34.30029908,33.59945069,31.96375618,30.61719138,32.15059925,33.30943931,35.11195706,36.12913184,36.3326906,35.88754659,35.81686027,35.72161003,35.30855369,34.68025181,35.01358143,35.71546607,36.32027772,36.70097732,38.79789503,37.33951047,36.60547072,35.95178405,36.91849267,37.00229929,37.46535617,37.32984778,34.30457808,34.52005555,35.11414959,33.63595437,33.7625463,33.89450517,34.05130976,34.06258329,34.17482116,34.29982475,33.99543577,33.63791934,33.92445086,33.51476733,33.34305966,33.3951889,33.30567467,33.3672071,33.31072651,33.32155186,33.26762744,33.26762744,33.26762744,33.26762744,33.26762744,33.25684255,33.24606116
04_RUS,1.A.1.a,Main Activity Electricity and Heat Production,CH4,6.494759822,6.490783576,6.83257765,7.279005747,7.775068863,8.181598596,8.690719239,9.014442987,9.535164327,9.886693706,10.20314455,10.38575747,10.93840413,11.47840926,11.95053882,12.56549796,13.30240128,13.99039869,14.27675269,14.63570727,20.85021327,21.33620059,21.31919165,18.84041131,17.83118905,17.53705249,16.3304309,15.73280419,15.619214419999999,16.6591316,16.786401,17.19969425,17.366099679999998,16.70391541,17.98850234,18.06977689,19.070351730000002,18.50000683,18.86837977,18.44717972,20.58045169,22.72328736,23.65088283,23.62765567,23.28568824,22.24296016,21.89271011,22.16285105,22.86825258,22.96799606,22.411850270000002,25.10489028,23.751721550000003,24.099522958,24.666293028000002
04_RUS,1.A.1.bc,Petroleum Refining - Manufacture of Solid Fuels and Other Energy Industries,CH4,0.842624378,0.842624378,0.8684750059999999,0.897296903,0.9262002109999999,0.901171974,0.968805979,0.9983554210000001,1.615590905,1.657876532,1.6640317109999998,1.666653197,1.682354243,1.6817534369999998,1.719963857,1.792785619,1.8110809460000001,1.833161469,1.853409614,1.866287808,2.17117887,2.0083094299999997,1.848316097,1.941920672,1.5102251,1.824130417,1.838270146,1.697888719,1.8873689,1.910298052,2.13448245,2.078841288,2.182472343,2.5340730419999997,2.486988768,2.418182265,2.562865307,2.823856892,2.602639706,2.278720906,2.259273584,1.972889825,2.224375306,2.259997035,2.344501783,2.41004187,2.250877966,2.193292788,1.86992609,1.8156298,1.72348466,1.86999716,1.80469406,1.823033159,1.885603885
04_RUS,1.A.2,Manufacturing Industries and Construction,CH4,6.985692577,6.985692577,7.432494046,7.847178196,8.182845678,8.469051553,8.769681394,9.088427923,9.51243963,9.797829906,10.16383622,9.707660468,9.124256423,8.542608798,8.020130669,7.463534837,7.273306522,7.714332974,7.874705619,7.67789031,7.68532283,5.88769809,6.76219406,6.01790078,5.26876867,4.63829808,4.20967437,3.89456085,3.56693726,4.23457121,4.46227681,4.344073969999999,4.13372638,3.95168139,4.37840471,3.71715719,3.57191536,3.64620248,3.75820926,3.5052356099999997,3.63617066,3.67953718,9.20871488,8.99752853,10.34890533,11.31311679,12.05884279,12.059998,13.08313606,16.39152726,16.2003241,17.05977463,16.78007677,17.337594141,17.844253191
04_RUS,1.A.3.a,Civil Aviation,CH4,0.231279125,0.231279125,0.240222617,0.246266632,0.252888365,0.278268013,0.275438572,0.276523966,0.281180612,0.282646759,0.275333529,0.288625126,0.297288526,0.309107413,0.319004999,0.322458099,0.326092835,0.330314025,0.334961932,0.338266235,0.1938235,0.16565,0.153353,0.1297,0.1080415,0.100575,0.0937435,0.092685,0.0869185,0.089843,0.094445,0.0971545,0.1007885,0.102423,0.1005955,0.108701,0.1147855,0.115839,0.1224855,0.1019315,0.1090815,0.135428,0.138288,0.1274155,0.118771,0.106257,0.102343,0.113089545,0.1193045,0.122572,0.100491,0.119490465,0.10516121,0.113286864,0.117750314
04_RUS,1.A.3.b_noRES,Road Transportation no resuspension,CH4,17.91604164,17.48764154,19.40816505,21.03624548,22.26120259,25.0431435,26.95000701,26.92786545,27.58871128,28.48208177,30.89603771,30.92729073,30.85528738,29.93086739,30.84114273,31.47034181,34.29645783,36.08661351,37.07059169,38.44599248,46.64650453,44.65503973,42.51809505,35.68349069,33.83922929,32.07158897,29.97924571,30.31623887,32.91118505,32.39658756,30.42571364,31.80401996,32.89492104,32.8410736,34.2419414,32.24057312,33.63248123,33.72874272,35.91196208,35.44920261,35.81128937,34.50374548,33.13453564,32.66244774,32.88273502,31.44600854,28.15165722,28.06527026,28.9394251,28.68517024,27.30194713,29.69696732,30.92821446,32.40039674,33.21961256
04_RUS,1.A.3.c,Railways,CH4,1.262428815,1.262428815,1.311162917,1.344091427,1.380169105,1.518489855,1.502991093,1.508851811,1.534161379,1.542078933,1.502142958,1.574558026,1.621759507,1.686104462,1.74001869,1.758795414,1.778556037,1.801529596,1.826816495,1.844826477,1.05659499,0.90906166,0.78121758,0.66144444,0.40151998,0.37729393,0.38166637,0.31811991,0.26867515,0.2950318,0.36504894,0.30871352,0.34456288,0.32252472,0.36178289,0.37553765,0.4268773,0.39272114,0.34048592,0.31089642,0.28362926,0.34797916,0.29289538,0.2927078,0.2772864,0.27847994,0.273568,0.3413541,0.458060317,0.68842524,0.660786946,0.70874169,0.799579131,0.837881108,0.858886069
04_RUS,1.A.3.d,Water-borne Navigation,CH4,1.618197957,1.618197957,1.680773167,1.723061514,1.769392002,1.946966592,1.92716975,1.934763958,1.96734526,1.9776035,1.926434793,2.01943253,2.080048013,2.162741593,2.231992348,2.25615276,2.281584028,2.311118567,2.343638725,2.366758041,1.356131,0.8607102,0.7197638,0.6054188,0.4622436,0.3551212,0.3439898,0.309001,0.276913,0.2947,0.3384822,0.3556784,0.3417036,0.3343032,0.3242344,0.360661,0.3507658,0.325171,0.3056788,0.3087266,0.184555,0.3500518,0.2470972,0.2501982,0.2045904,0.1692278,0.12726,0.12596612,0.12132218,0.17973102,0.12527942,0.11659669,0.12422347,0.121119993,0.115465651
04_RUS,1.A.3.e,Other Transportation,CH4,0.30558227,0.30558227,0.317399042,0.325384819,0.334133919,0.367667299,0.363928842,0.36536294,0.371515629,0.373452806,0.363790052,0.381351846,0.39279854,0.408414486,0.421491874,0.426054353,0.430856821,0.436434156,0.442575298,0.446941175,1.63485636,1.87374738,1.91905017,1.63445373,1.3495323,1.30605651,1.27339827,1.02281949,1.31285346,1.33942281,1.15448691,1.17136908,1.21617477,1.3403469,1.47926805,1.47703038,1.46883306,1.52773563,1.56871773,1.2341715,1.5022499,1.4966779,1.366084,1.3589372,1.2549929,1.3193889,1.4108871,1.36901038,1.42757348,1.50634033,1.29917966,1.41635464,1.37465831,1.398896212,1.464926538
04_RUS,1.A.4,Residential and other sectors,CH4,373.8622448,373.8622448,377.9264285,379.3894669,388.87641229999997,384.5912423,389.1631067,388.50357069999995,386.25156830000003,390.3920719,396.5402338,390.7902365,388.0439268,376.28195930000004,385.7727529,394.0214131,377.7853153,389.51355639999997,382.6139847,366.79129209999996,282.2189218,262.7160636,242.8101229,231.842464,186.1391971,169.8916724,156.3633146,146.6627379,127.83681028,156.74687939999998,156.1974912,162.0492418,121.34336909999999,109.24003732,101.32808533,74.53592739,80.2269271,75.07283791,77.9294544,62.1160062,57.869758450000006,59.5187277,59.72019825,52.165271739999994,57.72464015,67.36818143,68.30950913999999,63.19211651,69.96411957000001,68.94163199,67.87374093,71.45484404999999,69.0902239,69.41191578,69.76674138
04_RUS,1.A.5,Non-Specified,CH4,98.25245149999999,98.25245149999999,101.52007403,104.44924696599999,107.926820656,108.121552484,110.601281703,112.11998326599999,114.208120315,115.93993608500001,117.56356968700001,111.66889702799999,107.085572947,104.052003754,103.028526446,105.380436872,103.600885767,103.01823393599999,105.26415203799999,104.31779579100001,93.4332955,47.8093275,17.44594,100.449542,33.619921999999995,33.952217,3.25264,2.286865,0.3624375,0.350659,7.8422456,8.6452913,16.2419793,16.4743725,15.7158932,0.82373442,0.03677232,1.7311645800000002,0.16901124,0.13996484,0.15360244,0.20398759,0.23070435,0.22533003,0.25929858,0.2931254,0.29361293,0.338898639,0.337417199,0.314391615,0.301799607,0.323631222,0.365325675,0.382825751,0.392422865
04_RUS,1.B.1,Solid Fuels,CH4,1860.000405,1844.72054,1912.24877,2000.980396,2052.457429,2147.302962,2257.723587,2335.645912,2407.198626,2457.931637,2478.737693,2478.082451,2514.306597,2541.649766,2603.358654,2571.638281,2680.427986,2735.535509,2795.173965,2735.974907,3106.399782,2738.744874,2598.400108,2350.508755,2094.988474,2044.646074,1908.729894,1787.999074,1670.304733,1823.275698,1820.581076,1903.861005,1835.454714,1951.914776,2012.640686,2256.935822,2314.47302,2369.880786,2390.402342,2131.467004,2306.163027,2298.210435,2602.327133,2612.793936,2708.871235,2842.001213,2989.861284,3269.851439,3542.9558389999997,3702.3763480000002,3366.655486,3758.360306,3648.7615429999996,3611.669078,3584.82017
04_RUS,1.B.2,Oil and Natural Gas,CH4,1533.663854,1556.038355,1643.776744,1768.079015,1870.994441,2007.109676,2154.357004,2294.2677,2430.022178,2581.881352,2727.978448,2838.884236,2975.185157,3096.430495,3227.277895,3349.418476,3518.841527,3658.173327,3849.812488,3922.446112,4176.988406,4064.314861,3736.5076,3490.202593,3295.293603,3232.636974,3179.763637,3150.511407,3151.028539,3170.474874,3268.839768,3400.888039,3618.936148,3813.711901,4011.735436,4105.133737,4193.417356,4324.8544,4293.628661,4340.988326,4556.659249,4662.718788,4738.669944,4763.473293,4753.266712,4776.271848,4884.037728,4963.88275,5069.494752,5189.197983,5032.485029,5152.779418,5202.469175,5198.44004,5182.934372
04_RUS,2.B,Chemical Industry,CH4,3.62071062,3.469707202,3.911182305,4.021423401,4.052478954,4.11955202,4.845054645,5.403221273,5.094103578,4.933189334,5.132917415,5.250651133,5.219652844,6.573793673,8.065348647,8.93156651,10.55040587,9.554867647,7.340504509,8.375482525,7.170293517,6.244560237,5.463304801,5.324299594,4.81495491,3.372858345,3.553509898,5.111902134,4.962163278,6.15624081,6.23747475,6.83883634,7.19324485,8.76594853,8.94291802,9.02509792,9.54822999,10.39801877,10.44288761,7.51962215,9.236195473,9.549782458,10.25316141,10.77771685,10.8133099,11.056477,11.27346519,12.05269289,12.84855015,12.57540553,11.94827092,13.32941262,11.57649489,11.72366761,12.30083394
04_RUS,2.C,Metal Industry,CH4,10.56744,9.80111,10.43601,10.70444,9.68245,8.87516,8.80455,8.04032,7.39538,7.58383,6.63871,6.39139,4.89228,4.12838,5.06941,4.96061,4.64531,4.70736,4.82455,4.716,4.592764,4.446574,4.300494,3.943984,3.784066,3.701764,3.508494,3.732894,3.888939,4.556261,4.868475,5.006108,5.145304,5.445459,5.719352,5.741176,6.237947,6.093615,5.767576,5.255617,5.955574,6.194829,6.32853,6.246493,6.261662,6.326089,6.053366,6.36267,5.9188811,5.9195747,5.8499959,6.210719,5.862312792,6.224616382,6.0856884
04_RUS,3.A.1,Enteric Fermentation,CH4,3966.304571,4158.295158,4299.183115,4407.278528,4547.149079,4676.963464,4706.387269,4718.553234,4803.635764,4848.154659,4871.63611,4865.022282,4922.11412,5016.53138,5135.347447,5202.058106,5252.958122,5352.454725,5267.022983,5366.553968,5349.862327,5057.61502,4696.116115,4373.25962,3938.90509,3392.72715,3099.382768,2770.285736,2521.6725,2307.056717,2287.285121,2269.473381,2286.200135,2271.167131,2161.692932,1954.643037,1874.318553,1909.442874,1942.068791,1927.452617,1920.403879,1882.164932,1918.727701,1923.665796,1907.806837,1895.149675,1842.255334,1818.637877,1804.485318,1784.018861,1777.831097,1758.529244,1721.785505,1715.791744,1672.340083
04_RUS,3.A.2,Manure Management,CH4,589.1190851,629.757333,652.0041653,653.2753977,675.6529206,696.1995364,670.6812586,684.8249179,718.0507188,739.0431549,749.0197855,757.2229256,767.1039298,783.5299414,798.0326894,803.8587092,805.5127025,813.3803934,798.409328,807.295048,801.35241,785.3522703,755.8030926,726.8010191,667.6544351,593.0618078,533.9213959,471.237137,432.9640787,408.6242275,404.0536187,387.4201111,387.4888659,385.8372257,365.9988382,342.6438282,336.7060086,340.8423416,343.8467399,344.2509394,351.2305645,350.7226607,358.5408111,367.1292422,365.2962724,372.5414364,380.8378708,382.475985,384.5355687,382.1259351,385.7799302,378.4616303,381.4786106,389.1347488,389.7825039
04_RUS,3.C.1,Emissions from biomass burning,CH4,35.96595703,35.29267172,33.28555936,40.44836187,36.56712461,29.98290983,40.39913367,37.19396764,43.20347135,35.03620285,36.6930684,32.33102655,35.58814398,36.03332164,33.18823044,35.37418315,37.84108328,37.1779162,35.66449226,38.00850757,41.13319741,32.30699741,37.32983518,35.23451351,29.00545749,24.82927329,26.11799682,31.0270199,19.06020095,21.16697325,23.98213834,29.8301061,30.74166384,23.8976025,28.01626445,28.45484756,28.31157399,29.36635355,37.0791721,34.34564303,23.49089802,33.90640081,26.44607849,32.66329335,36.57733619,37.02594558,42.08480824,46.81680482,40.44639535,42.85271717,46.16494705,42.80858937,54.23365555,49.39703441,45.92240179
04_RUS,3.C.7,Rice cultivations,CH4,23.07363374,25.72705946,28.12694499,30.71035737,32.98741395,33.57352808,34.83166074,36.73133653,38.21185957,40.77971811,45.05681277,42.38416604,43.10158154,43.69200354,46.06777851,44.67301655,41.93981101,44.00484222,45.33851005,43.34935123,40.77020034,39.32070152,40.028464,38.717342,28.826976,22.2761034,22.9957785,20.317284,20.780469,24.291441,26.341692,22.361022,20.735338,22.01056,19.93,22.223319,25.590246,25.85633,26.534972,29.93006628,34.03074198,34.89204036,32.673548,31.65998693,33.2145072,34.01008199,34.55411319,31.4860704,30.97422807,32.7797829,33.74588505,32.04314162,28.87290898,31.551372,34.96233114
04_RUS,4.A,Solid Waste Disposal,CH4,888.1749047,936.5031668,941.743284,946.9635213,952.2035286,957.4435361,963.5412502,969.6590642,975.7768779,981.8740782,987.9917638,995.0018944,1002.032767,1009.06364,1016.094513,1023.103905,1029.677275,1036.272401,1042.867804,1049.485514,1055.660371,1094.72814,1132.281737,1166.498057,1198.717083,1228.441772,1258.499794,1288.065958,1318.298417,1347.290063,1377.497793,1411.49589,1442.36648,1476.757143,1515.772385,1559.927146,1606.007037,1659.460842,1717.902659,1779.510162,1836.093873,1896.840813,1953.639182,2008.775298,2063.867904,2103.220792,2136.584291,2167.38425,2196.989511,2217.777071,2249.237246,2254.560588,2272.351761,2189.171933,2109.036917
04_RUS,4.B,Biological Treatment of Solid Waste,CH4,1.598764846,1.570539786,1.542779488,1.515464233,1.488665385,1.46241457,1.439358,1.416571124,1.394033997,1.371698472,1.349589289,1.332138272,1.314835882,1.2976938,1.280686727,1.263870977,1.249625622,1.235634398,1.222351286,1.210347597,1.2,1.2,1.2,1.0,1.6,1.6,1.6,1.6,1.935,1.935,1.935,1.935,1.935,1.935,1.935,1.935,1.935,1.935,1.935,2.165877,2.037485,1.847459,1.940022,1.390078,1.6411525,1.8887665,1.210946,0.913182275,0.81863925,2.0725733,5.13135,6.95821,9.586101,11.32068475,13.36913758
04_RUS,4.C,Incineration and Open Burning of Waste,CH4,0.0,0.0,0.0,0.0,0.0,0.0,0.0,0.0,0.0,0.0,0.0,0.0,0.0,0.0,0.0,0.0,0.0,0.0,0.0,0.0,0.0,0.0,0.0,0.0,0.0,0.0,0.0,0.0,0.0,0.0,0.0,0.0,0.0,0.0,0.0,0.0,0.05603,0.05581873,0.055607459,0.05220286,0.144452483,0.050770283,0.0,0.0,0.0,0.0,0.0,0.08916453,0.10897887,0.10897887,0.326828125,0.326828125,0.326828125,0.326828125,0.370397976
04_RUS,4.D,Wastewater Treatment and Discharge,CH4,737.0304513,775.1142493,818.7485978,860.4554794,908.5270893,943.7899415,1006.570233,1037.647757,1071.832751,1042.860181,1055.923056,1077.899278,1094.366451,1158.465754,1182.692737,1198.95897,1221.769442,1232.977127,1230.304865,1269.04258,1191.053456,1065.208692,938.9910306,779.3141552,679.9408242,731.9904782,631.4791699,610.2006036,607.7147659,674.1310397,708.2020187,726.4321982,751.884826,773.4408855,790.4275006,792.6258369,800.7591433,804.4722264,816.6719625,782.1659618,844.038472,888.5112982,874.1482264,857.425435,881.2973491,934.5816663,965.3483133,977.4300194,1007.718361,994.0965907,1027.392945,1047.858186,1008.385231,997.303318,1035.337803
04_RUS,4.E,Other,CH4,59.99124748,60.18336493,60.46153581,60.76203711,60.85680852,61.03308096,61.40675203,61.61646221,61.88338047,62.13571207,62.35365694,57.19512074,74.88583615,67.59897899,65.34760737,39.73455888,41.93454986,35.62040803,32.60407369,30.66672748,30.99438177,30.96345568,31.04568698,31.25447566,30.87583473,30.78641025,30.62422319,30.68085891,30.61918341,30.71327677,30.55826362,30.35071986,30.32549236,30.31284165,30.15852141,30.13957239,30.12594705,29.88872252,29.90387083,29.77857063,29.70965291,29.93981673,29.87741555,30.04671668,30.07560538,30.24356459,30.38142817,30.46028635,30.64654589,30.82140652,29.89371083,31.94201539,27.7892492,27.25504177,26.73110369
05_MNG,1.A.1.a,Main Activity Electricity and Heat Production,CH4,0.0039790280999999995,0.003980659,0.0080255232,0.011940515200000001,0.0141056391,0.0143740024,0.016446484600000002,0.025446502,0.018726977,0.021089974,0.021677385,0.022207924,0.026243022,0.02586768,0.025039467000000003,0.06573594,0.06766861,0.07230073,0.07784113,0.07328013,0.07520227,0.08365233,0.077869646,0.073906479,0.066334645,0.065182818,0.06245077,0.05894182,0.06619948,0.06455318,0.06822615,0.06692677,0.07208917,0.06764994,0.06960474,0.074865909,0.073944736,0.080012343,0.079954395,0.083125429,0.090418776,0.099500241,0.107520073,0.118373931,0.122686093,0.122795786,0.121895088,0.13497834,0.143297683,0.146564011,0.139638859,0.15447677,0.162977775,0.178998338,0.180846028
05_MNG,1.A.1.bc,Petroleum Refining - Manufacture of Solid Fuels and Other Energy Industries,CH4,0.0,0.0,0.0,0.0,0.0,0.0,0.0,0.0,0.0,0.0,0.0,0.0,0.0,0.0,0.0,0.0,0.0,0.0,0.0,0.0,0.0,0.0,0.0,0.0,0.0,0.0,0.0,0.0,0.0,0.0,0.0,0.0,0.0,0.0,0.0,0.0,0.0012429,0.0008379,0.0008487,0.000522,0.0006696,0.0006255,0.0007101,0.0005841,0.0006714,0.0004554,0.0001755,0.00021893,0.00030441,0.00029815,0.0001595,0.00037426,0.00026063,0.000288915,0.000290985
05_MNG,1.A.2,Manufacturing Industries and Construction,CH4,0.185220793,0.185220793,0.111195922,0.117529228,0.131941176,0.147951626,0.151385504,0.201639428,0.199822746,0.2121692828,0.222171486,0.201081761,0.16068970900000001,0.18344643300000002,0.248826884,0.17366916,0.17490063,0.22320792,0.23206441,0.22946752,0.205639345,0.33587237,0.2639501,0.22628815,0.17984484,0.19534816,0.03626701,0.03959212,0.03463354,0.03731173,0.03476473,0.035833325,0.03901068,0.04102696,0.04814938,0.051281775,0.186207165,0.121562175,0.120949735,0.10176674,0.11420717,0.141518025,0.17744527,0.149686825,0.123300045,0.087697825,0.0921643,0.100406527,0.114351055,0.147424786,0.128901518,0.133400763,0.133536645,0.138949775,0.14302319
05_MNG,1.A.3.a,Civil Aviation,CH4,0.00051251,0.00051251,0.000636146,0.000543162,0.000353241,0.000326462,0.000317708,0.000370613,0.00030417,0.000401502,0.000467609,0.000508734,0.000565824,0.000749113,0.000953093,0.0,0.0,0.0,0.0,0.0,0.0,0.0,0.0,0.0,0.0,0.0,0.0,0.0,0.0,0.0,0.0,0.0,0.0,0.0,0.0,0.0,0.0,0.0,0.0,0.0,0.0,0.0,0.0001561,0.0001784,0.0001338,0.0001338,0.0001338,0.000145775,7.93e-05,7.571e-05,3.12e-05,0.000136275,4.955e-05,6.59896e-05,7.4334e-05
05_MNG,1.A.3.b_noRES,Road Transportation no resuspension,CH4,0.091893218,0.094101502,0.098338054,0.095240337,0.098962354,0.105723338,0.099295204,0.107274247,0.121524923,0.125543281,0.13003839,0.13612823,0.169603205,0.159457974,0.156455701,0.352626932,0.373155968,0.385638803,0.425346085,0.389669636,0.408490634,0.267971802,0.261745074,0.220919538,0.218566932,0.252704215,0.267749883,0.26176558,0.322472452,0.337021244,0.420469027,0.421638054,0.462292643,0.495818717,0.488245827,0.46804529,0.47059836,0.531702307,0.496750506,0.390672539,0.307138548,0.30777988,0.314372469,0.290706104,0.2989796,0.280630076,0.240682649,0.246059682,0.252775077,0.314556406,0.339003956,0.331104454,0.391393812,0.389543929,0.407361558
05_MNG,1.A.3.c,Railways,CH4,0.0,0.0,0.0,0.0,0.0,0.0,0.0,0.0,0.0,0.0,0.0,0.0,0.0,0.0,0.0,0.01257865,0.013117735,0.01293804,0.020116225,0.01453677,0.016197235,0.011408575,0.00741962,0.013250785,0.005600035,0.005889465,0.006522515,0.006579435,0.005326375,0.007124705,0.00752044,0.007800265,0.008850325,0.00866857,0.0113441,0.0107817,0.012413355,0.015647865,0.017085425,0.016726035,0.019974955,0.02589048,0.0287656,0.031101635,0.028170275,0.0268404,0.02255652,0.033194725,0.034525727,0.044045323,0.041230649,0.0396808,0.039401084,0.039220567,0.041012349
05_MNG,1.A.3.d,Water-borne Navigation,CH4,0.001154723,0.001154723,0.001336502,0.001274526,0.001516206,0.004296561,0.003096462,0.004011581,0.003829802,0.004071482,0.003707925,0.004424591,0.005115664,0.004818497,0.006276103,0.0,0.0,0.0,0.0,0.0,0.0,0.0,0.0,0.0,0.0,0.0,0.0,0.0,0.0,0.0,0.0,0.0,0.0,0.0,0.0,0.0,0.0,0.0,0.0,0.0,0.0,0.0,0.0,0.0,0.0,0.0,0.0,0.0,0.0,0.0,0.0,0.0,0.0,0.0,0.0
05_MNG,1.A.3.e,Other Transportation,CH4,0.0,0.0,0.0,0.0,0.0,0.0,0.0,0.0,0.0,0.0,0.0,0.0,0.0,0.0,0.0,0.0,0.0,0.0,0.0,0.0,0.0,0.0,0.0,0.0,0.0,0.0,0.0,0.0,0.0,0.0,0.0,0.0,0.0,0.0,0.0,0.000286,0.014012,0.0128682,0.0117244,0.0114384,0.0134401,0.0148699,0.0117244,0.0031455,0.0008579,0.0008579,0.0008579,0.0013426,0.0007444,0.0010912,0.0057192,0.0037978,0.0035745,0.003962423,0.003990818
05_MNG,1.A.4,Residential and other sectors,CH4,1.32792785,1.356437804,1.394748192,1.382033487,1.398090371,1.4731885210000002,1.537226014,1.737105203,1.843365278,2.057020697,2.026823073,2.147855608,1.906370298,1.2413272279999998,1.1829210989999999,2.47778168,3.133268265,3.2506462700000003,3.684924755,4.65328847,3.5361069499999997,3.383931795,1.02033153,1.128700685,0.8969622500000001,0.7711379549999999,0.572324355,0.760644945,0.57777075,0.620367435,1.22761553,1.40190463,2.24915343,2.383498515,2.377445795,4.07896429,2.637148575,3.1922845449999997,2.765620325,5.448627035,5.455917595,5.267456835,4.6755406100000005,5.7020970900000005,4.287747225,3.899844835,5.521946275,5.0783133430000005,5.661408258000001,4.084247571000001,4.669500282,4.917822470000001,4.594790706,5.0364505589999995,5.069327732
05_MNG,1.A.5,Non-Specified,CH4,0.32153616,0.32153616,0.229113731,0.358219005,0.31162711,0.474987757,0.430711671,0.326155526,0.460276591,0.302529935,0.381657838,0.400080483,0.394574613,0.411606191,0.380088467,1.078698,3.707538,3.324966,1.750794,1.6790790000000002,2.279541,0.6015510000000001,1.914987,0.769347,0.802719,1.45146,1.612533,0.540651,0.508545,1.087245,0.5586899999999999,1.535388,0.7770630000000001,1.174587,1.006071,1.2139680000000002,1.926747,2.7762990000000003,2.850078,2.329686,1.6540139999999999,2.928489,3.007413,3.5481540000000003,3.0600359999999998,1.983039,4.013127,2.8918079999999997,4.788612,7.255211999999999,3.567078,4.713509999999999,4.585203000000001,5.065872271,5.101035552000001
05_MNG,1.B.1,Solid Fuels,CH4,6.7551032079999995,6.747392315,6.004184403,7.027467228000001,7.513199234,8.931153678,9.859220337,11.680876224,13.540671306,13.463208257,13.774667504,13.034147608,14.985161484,15.163521325,16.542766978,17.578086579999997,18.57977958,22.26243887,23.964919300000002,23.241786,20.512479589999998,47.35183565,42.30556539,34.93807621,30.82125554,29.54237256,9.107187308,8.758100601999999,9.064665652,9.058349082,9.336371824999999,9.40679272,10.045391575,9.731865034,10.139248001,64.46951109999999,78.54647424999999,95.10661309999999,105.66714689999999,180.604874,359.3069093,448.0187779,388.64017529999995,363.43723009999997,375.7576618,303.743254,465.19590209999996,580.5263026,617.7213689,647.8731208,566.8458522,503.24503369999996,565.3186791999999,1171.744891823,1499.342398823
05_MNG,1.B.2,Oil and Natural Gas,CH4,6.24916e-05,6.24916e-05,6.24931e-06,7.49911e-06,4.99921e-06,7.49911e-06,4.99921e-06,6.24931e-06,7.49911e-06,7.49911e-06,0.0,0.0,0.0,0.0,0.0,0.0,0.0,0.0,0.0,0.0,0.0,0.0,0.0,0.0,0.0,0.0,0.0,0.0,0.0,0.036574799,0.033291772,0.037475653,0.070767974,0.09305463,0.109448033,0.102135281,0.191180001,0.432035201,0.59437091,0.952534875,1.108580513,1.297197147,1.844548981,2.606537321,3.75066068,4.442068048,4.184299246,3.868726139,3.240376176,3.486089149,2.083789005,2.364912729,1.302798914,0.79017459,0.479709531
05_MNG,3.A.1,Enteric Fermentation,CH4,249.7977,261.774092,264.865098,266.831868,269.613496,280.54465,283.3759,277.9223,271.1107,279.9127,280.0691,273.235536,275.009376,279.32084,271.580136,266.82454,266.8213683,269.9102472,271.6708777,274.0745857,288.5780184,301.4311669,296.9163411,294.925232,286.443874,309.800103,335.205875,346.576612,363.523232,378.701266,387.016084,329.355281,256.757432,245.776142,237.058116,269.14064,300.429891,341.653122,359.555793,369.3917996,290.9056255,318.6957116,355.6544843,395.6526973,456.9682513,496.9161336,543.1347038,584.676728,586.6393962,628.9086276,607.015869,622.696543,669.4613882,630.577967,639.3656812
05_MNG,3.A.2,Manure Management,CH4,11.61173,11.941531,11.765913,12.107909,12.113206,12.394026,12.452129,12.359802,12.25209,12.48067,12.34176,11.713513,12.145829,12.498644,12.69317,12.748158,12.817314,13.108265,13.183902,13.7955602,14.3227438,14.602919,14.070398,13.597419,14.344705,15.9060458,16.3767474,16.9112968,17.650199,19.0814106,17.907734,15.765389,12.229581,12.935251,12.341896,13.203429,14.3297814,15.7079834,14.3617366,14.9276988,11.59879246,13.23449541,14.84258624,16.58950837,19.09314714,21.29258748,22.68183518,24.10192902,24.33225435,26.02552195,25.83359464,25.8852596,29.11511237,27.07643304,27.62526878
05_MNG,3.C.1,Emissions from biomass burning,CH4,0.145370298,0.170747843,0.119593906,0.191881549,0.153272603,0.202179734,0.170597546,0.188639324,0.183177791,0.175041651,0.161264524,0.178526945,0.235878503,0.323487198,0.261457696,0.348418475,0.343276697,0.291906487,0.335212103,0.345373403,0.307101311,0.269412918,0.234585836,0.226818877,0.168227725,0.132527056,0.116545428,0.121325244,0.105374896,0.093963703,0.072652986,0.07497534,0.071911802,0.083578744,0.070898857,0.049134546,0.063561018,0.05601743,0.092741468,0.163803689,0.152107225,0.187459152,0.199198622,0.166829311,0.212414721,0.123205514,0.20911463,0.117158493,0.192768574,0.187986607,0.188799493,0.256432164,0.192611047,0.202855639,0.193762299
05_MNG,4.A,Solid Waste Disposal,CH4,1.619610059,1.907612429,2.008755299,2.114459026,2.224087053,2.337091638,2.45104952,2.567975867,2.688541308,2.813355912,2.942993382,3.069891959,3.19959128,3.334301428,3.476204866,3.626706898,3.770345026,3.919575393,4.070696329,4.215231157,4.346439694,4.298632612,4.208918616,4.180942833,4.2181255,4.309331762,4.373699428,4.454136787,4.532509817,4.608877685,4.66396325,4.848833086,5.079692731,5.352795004,5.689682179,6.006169631,6.343996801,6.725072492,7.111339969,7.35484712,7.721055392,8.201975276,8.639898771,9.07739381,9.461901286,9.740727135,9.918165161,10.16268142,10.44803496,10.85027976,11.20909942,11.33884405,11.82710343,12.09071582,12.36020383
05_MNG,4.C,Incineration and Open Burning of Waste,CH4,0.007963479,0.008332688,0.008718509,0.009118816,0.009530464,0.009951045,0.010372348,0.010802292,0.011242592,0.011695624,0.012163526,0.012620915,0.013088492,0.013572462,0.014081782,0.014621143,0.015144073,0.015693066,0.01624321,0.016759875,0.017217785,0.015792179,0.015383524,0.015324751,0.015542033,0.017065458,0.017293608,0.017621253,0.017926532,0.018226104,0.018402443,0.018600602,0.019023557,0.019582739,0.020528515,0.021201863,0.022370621,0.022858574,0.025605182,0.02465749,0.024302927,0.025063395,0.025823857999999998,0.025960103999999998,0.026232593999999998,0.026032417,0.025754338999999998,0.026104245,0.026492759,0.026942028,0.027244464,0.028416814999999998,0.028110162,0.028516492,0.028934489
05_MNG,4.D,Wastewater Treatment and Discharge,CH4,3.098034167,3.14621838,3.263660263,3.298109231,3.431911168,3.567948209,3.592010089,3.614129724,3.761971248,3.793251466,3.803432437,3.850671186,3.8633503,3.864505419,3.882456219,3.866921888,3.909710811,3.890955494,3.845963123,3.851854199,3.82536132,3.89677063,3.776305321,3.63063824,3.545159159,3.514834837,3.600622263,3.490542487,3.513859599,3.515175099,3.452385356,3.288311747,3.293780019,3.205242708,3.379532824,3.403511184,3.412000286,3.522325029,3.67656776,3.891345625,3.768053293,3.865767651,3.983402485,4.154927743,4.224088112,4.692773779,4.662725813,4.8044756,5.108004892,5.265368448,5.836758519,5.315999658,5.734444931,5.682772756,5.784219281
05_MNG,4.E,Other,CH4,0.695723057,0.713729584,0.732202151,0.751381655,0.771175887,0.7914619,0.812178223,0.83329412,0.854901798,0.876939786,0.899500292,0.92255258,0.94575855,0.969210412,0.993553628,1.019741028,1.048264393,1.079185195,1.112073127,1.14511474,1.175851125,1.202561043,1.223769148,1.240797105,1.254351851,1.26566284,1.26566284,1.26566284,1.26566284,1.26566284,1.26566284,1.26566284,1.26566284,1.26566284,1.26566284,1.26566284,1.26566284,1.26566284,1.26566284,1.26566284,1.26566284,1.26566284,1.26566284,1.26566284,1.26566284,1.26566284,1.26566284,1.26566284,1.26566284,1.26566284,1.8352844,1.8352844,0.138941006,0.138941006,0.138941006
06_PRK,1.A.1.a,Main Activity Electricity and Heat Production,CH4,0.058834278,0.058834278,0.067996141,0.074702499,0.081669189,0.086285258,0.092255301,0.099878677,0.101074029,0.105099281,0.107781394,0.111390687,0.115684567,0.119003289,0.126146043,0.128411685,0.128695751,0.129550837,0.132557085,0.142827455,0.122059124,0.109995977,0.101542586,0.084271533,0.088554162,0.084791223,0.087709596,0.085328907,0.06816922,0.081577998,0.092968236,0.098369772,0.094359208,0.095182017,0.097043949,0.098094766,0.096266053,0.083287724,0.091642413,0.106585479,0.099920938,0.077684374,0.07878877,0.08078626,0.08458783,0.090642909,0.111131492,0.113893893,0.118256692,0.126370966,0.111048126,0.090925433,0.095260737,0.104306091,0.105491817
06_PRK,1.A.1.bc,Petroleum Refining - Manufacture of Solid Fuels and Other Energy Industries,CH4,0.0,0.0,0.0,0.0,0.0,0.0,0.0,9.64806e-05,0.001222079,0.001543679,0.001640159,0.001607998,0.00157584,0.001543679,0.001511517,0.001479359,0.00157584,0.001672317,0.001768798,0.001865278,0.001961759,0.001479359,0.001189918,0.001061279,0.000707518,0.000868318,0.00073968,0.000385919,0.000385919,0.00025728,0.0003216,0.000482401,0.000482398,0.000482399,0.0004824,0.000418081,0.0003216,0.000385919,0.000385919,0.000450239,0.000450239,0.000450239,0.000450239,0.0004824,0.000450239,0.000450239,0.000450239,0.0004504,0.0004504,0.0004504,0.0004504,0.0004504,0.0004504,0.000442768,0.000486692
06_PRK,1.A.2,Manufacturing Industries and Construction,CH4,3.618208239,3.618208239,3.675105754,3.661525475,3.665955126,3.614232139,4.026614987,4.324788584,5.711658861,6.175927984,6.536345979,6.646130867,7.099068876,7.4124366,7.794476867,8.026947865,7.975302682,7.553147973,7.634333542,7.401687323,7.276387476,6.66297981,6.181883062,5.759667541,5.175784682,4.786813209,4.201921889,4.114912276,3.809706572,4.221349607,4.465342298,4.654383343,4.465985513,4.576477613,4.681338427,4.937480395,5.062263284,4.133726943,4.612095223,4.192196522,4.055802832,2.809764281,2.698732087,1.765248221,2.03595556,1.276100245,1.285733058,3.758010072,3.233353528,3.68464997,3.533690594,2.86783826,2.998948009,3.323486074,3.347615439
06_PRK,1.A.3.b_noRES,Road Transportation no resuspension,CH4,0.513520218,0.542349563,0.604060519,0.663035631,0.837148504,0.939126157,0.925843986,0.923351872,1.268946744,1.675440591,1.797463828,1.711775491,1.70833767,1.70581072,1.679253222,1.644221671,1.524807615,1.662342963,1.788873622,1.936393718,1.990962805,1.846875231,1.189238407,1.055415682,0.809435536,0.931611918,0.735407768,0.383414611,0.588933245,0.267783237,0.456568797,0.44724871,0.441246165,0.427098664,0.445630836,0.397247675,0.300016027,0.318541145,0.31948771,0.322793215,0.312491185,0.295030113,0.26995267,0.276240633,0.240505468,0.227322182,0.259091635,0.209417101,0.203929546,0.207850852,0.206085889,0.197654955,0.199223146,0.198281538,0.207350879
06_PRK,1.A.3.e,Other Transportation,CH4,0.0,0.0,0.0,0.0,0.0,0.0,0.0,0.0,0.0,0.0,0.0,0.0,0.0,0.0,0.0,0.0,0.0,0.0,0.0,0.0,0.0,0.0,0.0,0.0,0.0,0.0,0.0,0.0,0.0,0.0,0.0,0.0,0.0,0.0,0.0,0.0,0.0,0.0,0.0,0.0,0.0,0.0,0.0,0.0,0.0,0.0,0.0,0.337225895,0.280662465,0.320667401,0.309914087,0.252533201,0.263988106,0.291350467,0.293874589
06_PRK,1.A.4,Residential and other sectors,CH4,0.678420021,0.678420021,0.68061001,0.68676963,0.697719619,0.70209964,0.69594002,0.684495922,0.6910383,0.722080238,0.723803773,0.7163301679999999,0.697029687,0.6996577,0.691746072,0.682957599,0.69349808,0.692622076,0.707541696,0.725993763,0.723394223,0.724820399,0.749515783,0.767585933,0.777334105,0.8138278720000001,0.838933645,0.856156264,0.867162358,0.868065953,0.880386033,0.89840012,0.91072018,0.916441818,0.928761898,0.9380159429999999,0.941109569,0.955619681,0.962218122,0.970567731,0.983325834,0.989486294,0.995645914,1.009717961,1.014563595,1.0207240549999999,1.0268836749999999,22.664233369999998,19.65243296,22.27595234,21.41051792,17.57546988,18.348377749999997,20.231906517,20.369792717
06_PRK,1.A.5,Non-Specified,CH4,42.662060520000004,42.662060520000004,43.88932842,44.30154693,45.443485769999995,46.10288793,49.94215377,52.64738382,55.392571079999996,57.42156549,61.06019283,67.2123144,67.88420916,70.68437571,72.07900968,76.30263135,75.12791997,68.86580691,70.05651651,66.39209517,61.33251609,59.93291451,58.3652874,57.650517750000006,55.37233122,53.48292678,48.5561802,47.641435169999994,45.18631782,49.61860794,52.07463462,52.19207688,49.458518070000004,50.504963939999996,51.49964088,53.88540972,55.09608783,46.6746009,51.054662310000005,47.65266543,46.326867480000004,35.00784948,34.00110705,25.83905517,28.32083322,21.4437228,21.78964125,22.07731122,20.358022730000002,21.90185683,21.42018109,19.214559211,19.715494409999998,20.855125629,20.935254528999998
06_PRK,1.B.1,Solid Fuels,CH4,289.8157865,289.8048023,294.7012602,299.63138374,305.1308676,310.90869806,333.91195830000004,357.80750674999996,441.07357284,470.87335762000004,501.15559026,523.4657095,547.41758009,568.36486654,590.40116041,613.803580625,601.500725688,588.3734231760001,575.51092676,563.683999857,548.12760902,518.5361918899999,481.93214859,447.23128137,420.21212595000003,393.35205053,429.01938272,421.70806483,383.03900107,429.61869937999995,458.95285192,471.86294876,455.05297319,468.4178518,491.83033694,536.64787158,543.49945139,475.78035733,503.32833536,492.65916647,502.02927591,489.85365394,479.04446795,499.60694289,505.9216212,502.56673923,559.55630944,485.60818618,409.57498888,455.01653639,429.51261189,357.41560244,372.34110364000003,372.4989892,364.9874853
06_PRK,1.B.2,Oil and Natural Gas,CH4,0.039152806,0.039152806,0.109161144,0.106827554,0.113569084,0.052376602,0.103716067,0.094309662,0.41917077,0.537993526,0.569779638,0.561159373,0.553311932,0.545619028,0.537926148,0.530628175,0.560565121,0.590718452,0.620964516,0.651056021,0.681259182,0.511267243,0.411040024,0.36794618,0.246172051,0.297613024,0.253160902,0.136788971,0.136239476,0.085638199,0.105277362,0.156459022,0.156749224,0.152476952,0.153866142,0.129374272,0.09893074,0.118341527,0.121348285,0.140209578,0.142376612,0.141827119,0.141567828,0.156385201,0.143444688,0.143444688,0.143444688,0.143496465,0.143496465,0.143496465,0.143496465,0.143496465,0.143496465,0.141122124,0.154787949
06_PRK,2.B,Chemical Industry,CH4,0.0,0.0,0.0,0.0,0.0,0.0,0.0,0.0,0.0,0.0,0.0,0.0,0.0,0.0,0.0,0.0,0.0,0.0,0.0,0.0,0.0,0.0,0.0,0.0,0.0,0.0,0.0,0.0,0.0,0.0,0.0165,0.0165,0.0165,0.0165,0.0165,0.0165,0.0165,0.0165,0.0165,0.01716,0.01782,0.01848,0.01914,0.0198,0.0198,0.0198,0.0198,0.0198,0.0198,0.0198,0.0198,0.0198,0.0198,0.0198,0.0198
06_PRK,2.C,Metal Industry,CH4,1.064327,0.986991,1.050346,0.943207,0.786267,0.899963,0.808629,0.653249,0.582309,0.642128,0.489689,0.471715,0.37519,0.3109191,0.404954,0.388696,0.362021,0.371086,0.374579,0.379521,0.382979,0.382979,0.382979,0.382979,0.382979,0.32,0.32,0.26995,0.2199,0.2199,0.221,0.221,0.221,0.221,0.221,0.221,0.221,0.221,0.221,0.0565,0.0565,0.0598,0.0631,0.0675339,0.0686339,0.0620339,0.0697339,0.0774339,0.0906339,0.0950339,0.0620339,0.0851339,0.061073908,0.067883631,0.070762383
06_PRK,3.A.1,Enteric Fermentation,CH4,43.8136,45.1648,46.431,47.5502,49.4314,50.8726,52.5795,54.3996,55.968,57.7999,59.5048,60.3534,61.3224,63.262,64.861,69.1373,72.1524,75.125,78.078,70.5274,66.0006,59.1728,59.1622,59.4068,60.3694,55.9236,41.37,38.2175998,42.2106,45.4187,47.5991,48.64,49.405424,49.6947,49.259,50.284119,51.2228,51.746,52.2947,52.931,52.987,53.5483,54.2438,53.6336,53.2105917,53.4161091,53.8396423,53.871048,53.5942351,53.944707,54.2096322,54.259653,54.6347239,54.6536674,54.86555386
06_PRK,3.A.2,Manure Management,CH4,5.41724,5.65473,6.08892,6.3228,6.96669,7.40388,7.85208,8.50828,8.75315,9.40694,9.86473,10.09602,10.53,10.7817,11.0124,11.3011,11.76479,12.23878,12.70537,12.775815,13.30546,13.75017,11.56464,9.538576,8.679373,6.78306,6.49495,4.802354,6.14133,7.21779,7.62811,7.71691,7.75694,7.874,7.89936,8.0054,7.32612,6.54672,5.92179,5.88466,6.07813,6.14939,7.32406,6.12935,5.747414,6.20678673,6.72342452,6.76417611,6.73861496,6.476776,6.20341063,6.11605004,6.31754319,6.27246909,6.179239916
06_PRK,3.C.1,Emissions from biomass burning,CH4,1.445042391,1.473826144,1.441113877,1.554170274,1.630393417,1.68299662,1.735981066,1.807691456,1.814555816,1.857578699,1.806415923,1.914669547,1.73330852,1.77156641,1.850062944,1.855548553,1.933969848,1.957418233,1.959689156,1.993649001,1.955179869,2.412207256,2.356439806,2.411281654,2.07333725,1.412109964,1.169579335,1.241269805,1.5393582,1.423584049,1.226103063,1.432723329,1.511708551,1.548944879,1.562183625,1.597783013,1.603361204,1.452703065,1.589160705,1.537829004,1.552989094,1.585269553,1.660368375,1.659400953,1.651246852,1.506983188,1.529229446,1.481757631,1.347024085,1.669641259,1.476718707,1.511475996,1.430691105,1.365585385,1.369885473
06_PRK,3.C.7,Rice cultivations,CH4,79.9558,80.4434,79.8498,86.5716,90.96,94.6875,95.571,99.268,99.5355,100.5444,96.72,101.6926,90.624,91.6416,92.7768,92.0673,94.2861,92.9703,92.235,90.6192,84.1776,95.919264,97.799584,98.299388,91.300132,84.004716,78.041784,82.5040632,85.93048,86.17408,75.83732,83.18024,85.41186478,85.967136,86.722416,88.1330712,87.4796632,82.9326436,88.0796238,84.790104,85.49772,85.956056,87.127628,85.269642,81.0264,69.5604256,73.30951899,73.36914678,71.22720239,74.1615688,71.2308807,77.16901697,65.19531883,58.88310971,59.98578967
06_PRK,4.A,Solid Waste Disposal,CH4,48.67644776,56.76509957,59.07261329,61.38031955,63.63119328,65.78206492,67.09064783,68.16003016,69.13295075,70.09868446,71.12687871,72.42680219,73.83387001,75.3031805,76.79596023,78.28159773,79.74577513,81.19894618,82.6635602,84.17209638,85.74637541,86.0527858,85.70157583,85.92329256,86.66791333,86.79412726,86.82358667,86.07424255,86.39805932,87.08242497,87.79943071,87.86642012,88.51540344,89.23999178,89.93805678,90.59400037,91.66115888,92.0848652,92.10863805,93.47677741,91.94049764,91.13912978,92.27937804,93.31187129,94.30657682,95.30167849,96.26370084,97.21936112,98.1716101,97.08714887,97.13950073,103.8940229,107.0657231,108.0579392,109.0593505
06_PRK,4.C,Incineration and Open Burning of Waste,CH4,0.154202849,0.154202849,0.159797561,0.165333436,0.170654938,0.175655087,0.178803216,0.181543811,0.184044729,0.186552236,0.189243969,0.192552249,0.196074445,0.199745522,0.203458167,0.207134668,0.210742556,0.214317675,0.217920471,0.221640826,0.23391494,0.232142857,0.230370774,0.228598691,0.241003272,0.245728826,0.25045438,0.255179935,0.259905489,0.264631043,0.269356598,0.276444929,0.283533261,0.286362118,0.289065878,0.291576933,0.294051564,0.296353518,0.298534516,0.300673723,0.302827512,0.305345493,0.307885467,0.310438848,0.312981993,0.315498477,0.318199473,0.320882749,0.323542586,0.326175979,0.328778142,0.331553927,0.334368546,0.337065705,0.339784621
06_PRK,4.D,Wastewater Treatment and Discharge,CH4,38.39179045,39.60680047,40.77313892,41.85736158,42.84728734,43.9545035,45.29381871,47.39974157,48.79914246,49.32898045,49.81109587,50.22565436,50.37583884,50.57252941,50.69729808,50.75865948,50.72933504,50.61089885,50.74878669,52.56567121,52.1775705,52.53013704,52.29775182,52.53207207,50.57122914,49.3958015,49.12667752,48.77826424,44.95028397,44.74189979,44.45330975,44.94035398,45.35618418,45.71035433,46.04497816,46.35093271,46.57549343,46.76670163,46.94463844,47.18614268,47.39661464,48.48890419,47.13090137,47.33180126,47.50475717,47.70220847,47.90173175,48.06832649,48.20414824,48.38677105,48.44669016,48.53255764,48.67159688,48.7792349,48.86177134
06_PRK,4.E,Other,CH4,0.535702877,0.553237682,0.569124579,0.580448025,0.60335681,0.619834654,0.635243617,0.649803889,0.663859719,0.677944552,0.692468844,0.707817065,0.723662969,0.741209356,0.763726178,0.777533861,0.794025118,0.811431843,0.827602708,0.840654501,0.861065892,0.876480979,0.889884392,0.90555343,0.92501373,0.940330253,0.957548915,0.969307488,0.982421157,0.997138232,1.012456295,1.027240621,1.042606646,1.05744976,1.071643067,1.084751264,1.099273303,1.113185903,1.127417837,1.141040149,1.154804753,1.160681712,1.167603136,1.173301421,1.179115361,1.184691657,1.185292402,1.186702942,1.185636151,1.185636151,1.185636151,1.185636151,1.185636151,1.185422793,1.185209473
07_NAM,1.A.1.a,Main Activity Electricity and Heat Production,CH4,14.751249584,15.957223108,18.350477446,20.47647607,20.064195003,18.928204616,20.424524348000002,21.823751867000002,21.775685699,21.344242491,20.956335234999997,20.683676385,18.801357686,18.868029769,19.324841168,19.450250493,19.414457127000002,20.326291009000002,21.545785479,64.32074721800001,72.8483412887,73.9469192497,78.0382336931,77.4336944546,81.2309269408,79.970668194,83.47307738699999,90.3654943474,91.28688605599999,65.557283044,65.025936916,66.75847304999999,69.147401574,66.928453878,68.378764432,67.77368920800001,62.935403474,65.400011011,63.823277567,62.29953441800001,65.81405256,65.960091982,71.007438686,68.90852718000001,70.31965331699999,72.977020087,72.85751088,70.283179692,74.885800922,75.190578108,74.106789148,73.84801575899999,75.56982264,76.26204697899999,77.446224271
07_NAM,1.A.1.bc,Petroleum Refining - Manufacture of Solid Fuels and Other Energy Industries,CH4,9.568947704,9.686651077,10.230388295,11.188952184,10.808140469,9.806748111000001,10.356078094999999,10.643412387000001,10.519908648000001,9.915648753,8.13321872,7.674810465999999,8.202708994,7.880539129000001,8.220024028000001,8.110210775999999,8.246159363,8.992000314,9.258884226,9.23859646,9.945462524,9.636959088,9.883601007000001,10.026374617,9.980472585,10.370603694000001,10.725346487,10.763166717,10.952465235,10.74915286,11.011575174999999,10.946838743,12.225418508,12.488694181,12.126110726,12.65386064,12.817066492999999,13.337682208,13.161973086,13.199327307,13.340191043,13.646459225,13.967602356,14.652041522,14.863959314999999,14.998132402,15.035450592,14.917042741,15.684058961000002,16.271720336,15.622968864,16.227265078,16.487684083,16.803753343,17.156644373
07_NAM,1.A.2,Manufacturing Industries and Construction,CH4,96.2968107309,77.1167270143,80.1121555951,81.5761247133,78.58812286419999,69.5224878316,74.1244510721,80.5384181082,83.8485571865,86.0633306405,84.5902210494,83.8845109394,80.02204431589999,83.503694765,94.04135814829999,92.1048653376,94.8756458245,101.3894950103,102.5569574864,51.2892375491,47.611204582,47.31005192,47.09196129,42.5476053361,43.999036556700005,46.3645340285,44.683281133899996,48.091334191,50.2714613818,75.1601535715,78.4390665346,70.3069715187,65.0733156827,68.5500679715,73.45364737930001,72.8518453481,78.41833084,74.56150712760001,70.0011729285,62.3165427257,65.9241259557,63.99364299930001,63.0122946891,63.852459008699995,64.3878124088,62.6582545726,62.022939367099994,62.897728826000005,68.572142824,67.469480688,63.2005860355,65.04323760860001,63.7411654168,64.0686241503,63.9384049932
07_NAM,1.A.3.a,Civil Aviation,CH4,0.96895958733,1.00084842968,1.0183901708,1.03380959447,0.9881418129999999,1.0212354314,0.9968465170299999,1.01817939837,1.0429569228,1.10555627809,1.10612868993,1.0402545261,1.02631606443,1.06452405306,1.19241444346,1.2519138325299999,1.25402874158,1.2922465976,1.3451409613999998,1.3762182505,1.4049159023,1.3463936493,1.3089589092,1.31940026164,1.3807576559999999,1.35042189656,1.41962518122,1.4059455716799998,1.42688266086,1.4528473759,1.52129666287,1.45502837265,1.3372851186599999,1.32243686711,1.3243161032500002,1.3457567735,1.2789054058399998,1.26279603481,1.16367742677,1.05280118015,1.0764332622400001,1.07743046239,1.07300686954,1.09535765272,1.1196005222,1.1675845265,1.2096780095,1.2767138055,1.30074084864,1.3216653981,0.81643160906,1.0325917469700001,1.1837736157499998,1.26392496676,1.29466359851
07_NAM,1.A.3.b_noRES,Road Transportation no resuspension,CH4,366.143736263,383.186595821,408.750923375,429.302114362,424.00140455400003,433.2045608,456.614742895,469.69372499,487.0009855,468.39104221499997,447.40087850500004,447.10672870400003,444.90881848000004,450.45196125300004,449.792809108,448.566996915,460.91636689300003,477.364278653,492.048190282,494.05628008,486.349817781,481.586588351,494.144487035,503.652370645,514.932192996,516.105497887,508.814795171,497.79109030999996,491.02185757300003,479.28643571,457.625524186,436.92049780900004,426.019003261,409.90126147,391.34423882199997,363.645299685,334.678022331,309.741549679,271.936972893,245.66559174600002,235.380952621,208.574271075,190.98881320599997,184.112299731806,173.486848952,170.31804198,160.729378791537,152.27907604679137,148.0571366685401,147.3682222902051,128.2593926050705,139.3162262352311,141.213898116257,141.5486432281144,141.8267541487022
07_NAM,1.A.3.c,Railways,CH4,2.530153253,2.466707424,2.757393482,2.94307463,2.978026773,2.6948802159999996,2.7858985240000003,2.8001992220000003,2.8391453099999997,2.923354628,2.794731185,2.706709672,2.455416388,2.10388316,2.272752475,2.118402365,2.009718844,2.0562345239999997,2.179113548,2.172208762,2.166915026,2.034145733,2.1764616830000003,2.006743297,2.106452855,2.146937768,2.173279468,2.057128438,1.898371029,1.87998486,2.054653387,2.002146752,2.040156607,2.0470514179999997,2.1723955210000003,2.43121608,2.6852633040000002,2.624447548,2.149943187,1.667159336,1.8221077439999998,2.370734409,2.132344238,2.2694273750000002,2.29735344,2.431438713,2.371834947,2.403950101,2.8435216729999997,2.7790739500000003,2.2411442619999997,2.346646025,2.375935033,2.2030589430000003,2.2454331219999997
07_NAM,1.A.3.d,Water-borne Navigation,CH4,1.7493013309999998,1.82281141,1.59246679,1.415628493,1.27128629,1.106976677,1.161368542,1.098170766,1.116418847,0.790064058,0.895139088,1.022727668,0.879294742,0.637283785,1.490783776,1.745505805,1.549801479,1.6483097779999998,1.69671065262,1.684370977,1.5629024785,1.5191687051,1.6897197104000001,1.633202318,1.2480905834,1.3489095488,1.2942229168,1.2625961903,1.280379778,1.3684679681,1.434654258,1.351695839,1.4036714488,1.4913472967999999,1.5031647268000001,1.7368458604,1.6611636088,1.6880500024999998,1.5868116158999999,1.9242437529,1.6283957852,2.6413200604,2.7988773688,2.7031327062000003,2.6578135377,2.8223618911,2.8037570284999997,2.6924591177,2.8607426347000002,2.9181646765,2.2413535646,2.5811303839,2.6156024153,2.4240809558,2.4504517235
07_NAM,1.A.3.e,Other Transportation,CH4,0.706383,0.726354,0.7465473,0.7053507,0.6497784,0.5646978,0.5306265,0.5159646,0.518110201,0.666430203,0.6894783050000001,0.70178725236,0.65039621382,0.53480841415,0.58588875676,0.57753552016,0.54570584446,0.59325398973,0.71036431549,0.7333203137100001,1.0956248825000001,1.0664895526,1.0230129934,0.9975256342,1.0863867841,1.0549798855,1.0760069809,1.097880427,0.9629704081,0.975098881,0.9210169194700001,0.93618407689,0.98028828821,0.85530754564,0.8660292083700001,0.88222874868,0.9113935561400001,0.9439950261000001,0.9070926496,0.8184293767,0.8933810271,0.794579156,0.8305351594,0.9551223136,0.8518083641,0.8285225661,0.8612566799,0.8604218546,1.0156297388,1.0973656248,1.1428915964000002,1.2826696530500001,1.38844507542,1.41136336698,1.43662619374
07_NAM,1.A.4,Residential and other sectors,CH4,235.0771634501,223.99041289779998,215.1684433114,209.768275109,203.8559585991,194.262719074,199.180730199,197.014531912,194.073868907,186.591362095,177.542999818,174.15589831699998,177.017091733,176.041244634,180.232547028,175.151546655,175.204788884,170.611734345,174.952798224,170.866996536,196.683367404,193.769732799,213.555733379,385.63052355400004,386.409915222,405.570944512,414.547018116,371.82618399200004,379.676483424,350.820910657,335.4260497669,293.82885066980003,268.22087513639997,314.36410984,321.3166930328,349.31642545600005,307.401348893,324.887153776,332.442677192,320.48023045400004,368.18210073,362.26151965599996,318.60581477700003,378.133549914,393.02065144100004,339.310425397,301.346400173,287.78404870500003,339.815058915,361.82316526600005,334.069708853,333.919465029,356.44844439400003,366.187347753,366.80286112999994
07_NAM,1.A.5,Non-Specified,CH4,227.7230840519,221.833596114,217.087022585,202.5895645398,239.2854644249,268.57062706249997,271.6874919552,254.97909802470002,276.60423176029997,350.2060201994,313.82266497029997,324.60643542250006,328.5922729312,357.76691556879996,355.86157025899996,347.0546980787,335.29218367650003,349.4980763138,338.8353495452,390.1431075833,242.116350917,273.27898021199996,246.083786322,0.0138001046,0.0108380113,0.0096638656,0.0057231363999999995,0.0055587028999999994,0.0060907161,14.9952561685,17.8565041545,7.9532429351000005,0.0063897762,0.013136576099999998,0.0126772655,0.011035086199999999,0.010614853399999999,0.009530128,0.0089574832,0.0089264306,0.009645725499999999,0.3346470039,0.3032047597,0.32055636919999997,0.29101139,0.2837549937,0.28489851629999996,0.1396490143,0.157441509,0.1571784093,0.08207661790000001,0.08381813590000001,0.0863906706,0.077167983,0.0771913986
07_NAM,1.B.1,Solid Fuels,CH4,4005.64402597,3334.07036509,3630.0644276099997,3576.42376387,3367.4435387999997,3543.89920451,3588.7588880999997,3328.0182292100003,3100.38006361,3876.13109796,4041.11728324,3784.92470543,3948.8836892,3485.03336309,4008.7226604999996,3950.77653573,3998.48829183,4149.45342468,4224.0321145,4351.4158166,4792.2722529,4427.2417571,4354.2340161,4113.1543236,4045.5777371,3933.7437421,3873.2535562000003,4077.9450961000002,3989.8263832000002,3926.2712598999997,3703.1398406,3809.1098194,3519.6288388000003,3467.25798419,3613.0733113700003,3687.4489688,3526.010951,3502.8738599,3505.8909412999997,3101.07353027,2961.6175057,3093.2647491000002,2871.5326626,2687.1486176,2948.7306829999998,2575.46744232,1982.14643157,2191.73851125,2025.6462394500002,2029.0161821000002,1387.5351103500002,1528.11914471,1421.36616148,1406.31115203,1298.3344955100001
07_NAM,1.B.2,Oil and Natural Gas,CH4,10392.556439593,10607.990988746,10779.9958027,10918.698211421999,10561.24037633,10071.062297036999,9948.973087442,10046.949369803999,10163.092328518,10424.184293106,10424.666989357002,10319.261340341001,10019.494402811999,9606.485048161001,9617.181379586998,9710.373991163098,9535.8607197114,9552.569386629999,9718.0722326564,9761.313104553701,9250.5843950446,9395.038836461299,9487.421529687,9709.253324084,9977.978042719998,10018.48742626,10257.463027741,10577.325391459699,10561.76100931,10503.64064323,10787.827708606,11003.798926532,11029.266431085,11189.62721631,11267.948741945,11079.423290499999,11678.039098832,11799.897992557999,12090.77968532,11728.94487356,11875.542376422001,12402.135430295,12493.700074263601,12704.740192532,13048.950610045998,13048.960738301,12546.042276584998,12944.357973622999,13744.852898284,14437.655097577,13353.882078323,13538.981690105,14147.460549422001,14734.943199186,15023.65912045
07_NAM,2.B,Chemical Industry,CH4,19.890298956,19.350188676000002,25.25931044,22.568287883000004,17.480972325,16.547613277,23.933274287,23.842120052000002,26.312874898,22.942040890999998,20.71187367,26.636514729,32.0003226,27.360068894,22.606471102,19.548843743,27.73271184,28.403018527999997,29.858641526999996,26.364774857999997,28.653536570999997,26.794474622000003,29.467897563,35.443551647999996,36.887571898000004,37.158646154,37.297305217,38.284312596,29.773988234,30.302072557,30.242642445,25.015528087,27.248540399,28.033586837,29.439281270000002,25.601099898,24.02611679,22.3244387,19.041203037000002,17.939759072,18.466007132,20.046597529,21.386697458,21.922036684000002,23.314396436,27.411860426,32.672104148,33.582972824,36.685062246,39.488314137,40.514298022,41.01855133,43.006196617,41.241701684,41.939555127000006
07_NAM,2.C,Metal Industry,CH4,5.963859,5.513771,6.009748,6.26889,5.72947,5.060089,5.01938,4.749333,4.482206,4.821104,3.916614,3.909151,2.418591,2.288164,2.922616,2.7512670000000004,2.4030810000000002,2.5842929999999997,2.83288,2.939218,2.666825464,2.339126592,2.1561079760000004,2.197517416,2.169844096,2.235559888,2.174092472,2.129014552,2.099973768,2.114878648,1.990921064,1.7148747279999998,1.707706744,1.68524512,1.6640174879999998,1.626227664,1.421046752,1.447583984,1.4445156479999999,0.839869816,1.1255675360000001,1.397948696,1.5105195519999999,1.403210616,1.3981633439999999,1.305664392,1.245446336,1.325984168,1.233073664,1.202631304,1.0093489230000001,1.213480559,1.122871558,1.141121911,1.153562244
07_NAM,3.A.1,Enteric Fermentation,CH4,7143.2536897,7230.996841259999,7342.161610519999,7450.322371220001,7712.719093080001,7868.7070823,7740.725548779999,7554.663432820001,7273.56826888,7053.93365822,7186.469760999999,7367.7278938,7434.566784399999,7403.0370482,7295.4736809999995,7114.1177990999995,6922.12995526,6779.77462456,6726.692700879999,6629.260883800001,6653.219324,6717.5397674999995,6838.84740424,6948.44633154,7097.8701531199995,7260.346502599999,7366.924051,7317.63909334,7253.522515199999,7263.575660760001,7269.4405369,7254.44082282,7266.04644228,7246.68072846,7266.2805857,7301.1924801000005,7404.475664539999,7399.4578893,7376.6985042999995,7271.828982800001,7245.8284617,7261.48739328,7268.73284872,7302.02973076,7284.799016619999,7410.6752891,7583.7736745,7691.8249172,7753.0553818,7785.679741375,7711.173152600999,7711.4310602099995,7599.331345512,7314.162793429,7222.179700554
07_NAM,3.A.2,Manure Management,CH4,2124.038138366,2249.741285895,2183.14107756,2112.621810737,2126.653388213,2029.163605682,1958.7792719959998,2032.985333626,2056.694611175,2131.441506617,2239.535995837,2222.485162392,2150.287155025,2093.173764832,2114.26036607,2096.171441247,2058.9461025739997,2035.613830077,2085.3839227500002,2103.93892879,2092.616053858,2008.3804707190002,2025.801852343,2035.7079557519999,2077.735269124,2086.782179185,2076.390586368,2138.929108918,2157.047902508,2138.650213491,2148.492392536,2163.5515780739997,2183.85970825,2190.118253266,2200.0119662879997,2219.3598653729996,2234.905543513,2242.692510142,2312.55356917,2231.584640942,2230.707399162,2252.739498785,2244.5520076129997,2227.213811499,2267.372722646,2296.584085324,2342.2022626220005,2382.14736848,2422.8796091990002,2467.245821286,2455.5792673409996,2419.611274619,2415.584488309,2418.640251373,2446.142621028
07_NAM,3.C.1,Emissions from biomass burning,CH4,7.558297395,8.517471994000001,8.170588018,8.620701607,8.082460195,9.325166145,9.732105405,9.539654277,9.197504017,9.599869570000001,9.735062724,11.282746926,11.321352135,9.213031269,10.231725977,10.538057935000001,10.031765413,9.426847039,7.7261418939999995,9.312077461,10.505810238,9.253871029999999,10.412467199,9.429726288000001,10.264697356000001,9.28833002,10.477110635999999,10.786357934,11.170116387,10.857777048,10.964560242,10.122761081,9.121020098,10.664616773,11.147822401,10.740263109,10.105588649,10.817484052,11.523549039999999,11.403011369,11.185000795999999,10.383377165,10.501673546,11.265191396999999,11.422829273,11.319077951999999,12.475526594,11.011102331,11.112023146,10.362409418,10.693685901999999,10.545141379,10.180377177,10.829820044,11.050787757
07_NAM,3.C.7,Rice cultivations,CH4,349.93273469999997,352.53597629999996,352.1681423,409.774998,482.9065305,541.41868156,479.39872356,428.30417008,568.11071308,552.5103303000001,630.8231623,739.2858607,632.1425547,417.70985135999996,550.2863592,500.6687501,479.08667810000003,471.54099675,585.0864270899999,547.52640705,569.863392,566.3326624,637.9657417,571.4220809,681.817956,626.9314706,580.0728525,636.288525,661.3598208,719.2621089,632.536452,695.1933304,674.6951024,632.5307472,709.1932095,708.8569522,599.9379813,590.3974601,631.8192996,663.8773525,764.3767455,559.5808159,579.7979264,537.8885694,636.853368071,557.406795856,665.756730605,514.479813451,633.980816762,536.286690281,649.2279079890001,540.172806636,467.994608871,616.349051382,619.026962551
07_NAM,4.A,Solid Waste Disposal,CH4,6515.17728651,7096.506131668,7165.2656401760005,7234.066402804,7302.902672242,7371.59314254,7445.029775336,7518.507254752,7592.014793348,7665.724159474,7739.2630196400005,7837.193444626,7936.0371444560005,8035.808127898001,8135.898167025,8236.409071225,8343.13738092,8449.871396452,8277.421277298,8099.303115842999,7792.12666328,7893.057921051999,7892.521769756,7826.972249124,7833.404828842,7657.70214544,7524.963079198,7156.411942506001,6802.333416871999,6549.860197626,6437.72756931,6266.606721842,6230.186323994,6333.533862095999,6241.6337411879995,6155.13963711,6071.572293763999,5974.872733968,5892.304068202,5792.525323016,5824.17442803,5493.639524417999,5558.465528846,5433.414781678,5427.320431843999,5374.992421370001,5244.753273040001,5296.843242010001,5388.541091149999,5472.481948621999,5299.522471911,5228.244181201,5153.514967841,5189.734116059,5226.343859418001
07_NAM,4.B,Biological Treatment of Solid Waste,CH4,20.55393177,20.356613815000003,20.161757114,19.968772168,19.777730324,19.588448821,19.398098292,19.208366309000002,19.019904269999998,18.833765469,18.650476034,18.43670425,18.226037267,18.017903066,17.811404361999998,17.606050629,17.400952159,17.196605775000002,16.993454411000002,16.79218899,16.592944135,19.164765412,21.944661875,27.65219784,33.674765746,38.105167370000004,43.249075606,47.449600226,51.881242829,56.953394383,63.408937893,63.846825765,64.624389326,73.163174686,78.495917062,78.852707221,79.514098379,83.04181995799999,84.865797891,80.044081706,78.064647842,80.393634979,83.041486316,87.437973165,89.766711377,91.08434753200001,97.39871254,104.45803455699999,97.471112342,98.018216095,99.05690311800001,100.689776677,101.04030269100001,100.352921634,99.70627364900001
07_NAM,4.C,Incineration and Open Burning of Waste,CH4,0.08260279350000001,0.0839472477,0.0852925584,0.0866187512,0.0878983265,0.0891121987,0.0902801336,0.09138984060000001,0.09245124340000001,0.093479862,0.0944914183,0.095642316,0.0967817335,0.0979481867,0.09919199969999999,0.10054577749999999,0.1019048712,0.1033725217,0.104905231,0.1064412926,0.10753144349999999,0.11265470350000001,0.1179145479,0.122801124,0.1325893969,0.2067471585,0.44880455770000005,0.467357252,0.48170799929999997,0.5019961049,0.5328195285,0.5493953918000001,0.5695579287,0.5653320137,0.5949667357,0.6869473318999999,0.7737712396,0.7845401695,0.6824122717000001,0.6748159298,0.7103021959,0.7430663873000001,0.7726839044,0.8049977314,0.8482876443999999,0.9065152134000001,0.9494655524,0.9614799041,1.0156532121,1.0503216023,1.2031272766,1.2375203095999998,1.2454358901,1.2131787663,1.2528553182
07_NAM,4.D,Wastewater Treatment and Discharge,CH4,1227.5486698020002,1215.4315427509998,1232.326480657,1227.216751693,1205.6192333340002,1146.7894469789999,1200.303259822,1204.645458264,1206.214429164,1194.417663333,1173.038497002,1162.866857722,1124.181362567,1150.943037452,1149.707738027,1121.287593907,1133.714223352,1142.401206283,1133.578604086,1118.530945937,1104.427008444,1092.393942598,1077.576503714,1063.750214709,1095.9630746999999,1052.541178813,1016.5195513219999,1001.1267895980001,980.061263886,959.0063525319999,934.4880923229999,898.0327418749999,919.1124057259999,926.4599641780001,954.073280671,945.373543418,941.462866608,964.885536594,946.0195198639999,912.5709602139999,940.9516063359999,946.401920846,948.6181572,952.0330993050001,961.535656331,968.8694742409999,981.182746535,989.001135428,1017.761724253,1024.758821655,1002.58362916,1007.33095706,1015.2656537209999,1000.209309447,1006.962698067
07_NAM,4.E,Other,CH4,288.164388483,282.19339639,276.24605837200005,270.33212926299996,264.421876845,258.71729275,257.276628218,255.97493534799997,254.682494269,253.279292462,251.712878027,247.953963787,244.358949706,240.842078501,237.320011115,233.79409984499998,231.637670396,229.489677532,227.381018271,224.84984501399998,221.660138614,223.482451799,224.528039412,225.061449307,227.253416445,223.199425262,203.686353156,205.184190686,194.68261109,184.357851405,176.609621524,179.846807824,154.487933401,127.75098302900001,141.273618605,154.754709848,147.621226548,140.41383089299998,144.568969788,148.669691068,147.70349253,146.888666005,144.79518633400002,142.98747032,142.795384247,142.662650704,145.311714396,148.044981695,148.034254355,148.039416355,148.039416355,152.055032355,94.847215485,84.20766223700001,74.875514243
07_NAM,5.B,Fossil fuel fires,CH4,15.0,15.0,15.0,15.0,15.0,15.0,15.0,15.0,15.0,15.0,15.0,15.0,15.0,15.0,15.0,15.0,15.0,15.0,15.0,15.0,15.0,15.0,15.0,15.0,15.0,15.0,15.0,15.0,15.0,15.0,15.0,15.0,15.0,15.0,15.0,15.0,15.0,15.0,15.0,15.0,15.0,15.0,15.0,15.0,15.0,15.0,15.0,15.0,15.0,15.0,15.0,15.0,15.0,15.0,15.0
08_LAM,1.A.1.a,Main Activity Electricity and Heat Production,CH4,2.7869698823999998,2.8159327488,2.8786071458,2.8922046922,3.0256960499,3.3556451841999997,3.4534634973,3.7337243359,4.0298177993,4.3426360958000005,4.5056038976999995,4.5313699212000005,4.7896602353,5.1400174877,5.1421293758,5.050132059,5.5189682377,5.7164027813,6.1136633771,6.0888505911,6.2219655466,7.3041484546,7.8892461487,7.7812826415,8.2880881566,8.5693476492,9.247828998300001,9.8755964406,11.082652145199999,11.8318348704,12.0314625024,13.6177644731,14.9883972143,16.3440718049,17.3102356582,17.8435838606,18.0785194301,19.621514399000002,20.6354603594,21.8923748439,25.7052982162,25.991900299,33.0125545384,35.5163658788,37.5367233729,39.1167831991,39.7767957817,41.3967940303,40.9305543961,40.949566448534,40.514240870834,43.578734551821,39.567208388319,41.270201838819,41.844951060419
08_LAM,1.A.1.bc,Petroleum Refining - Manufacture of Solid Fuels and Other Energy Industries,CH4,1.916358862,1.932636543,1.9972788320000001,2.302814163,2.268640804,1.902470473,1.971224857,2.6488215370000003,3.589485489,4.844105764,4.983096516000001,5.380012608,6.589663209399999,8.108747098,9.467437197,11.319932333999999,10.281649519,11.887825669,11.350675182,11.932832411000001,11.311439649,12.369677653,12.114824267,12.007067398,12.981089179000001,12.434073263,13.473404443,15.35037614,14.229487356999998,12.981919627000002,12.1076948879,12.513499339100001,13.2518522204,14.8830087792,15.313387523400001,16.1516044628,17.3271728267,19.46574396258,23.07218808327,22.203858838829998,22.41878802809,19.3732319072,19.62124046193,21.53742728429,21.770504264160003,22.507133682939997,21.10183856226,20.34287898128308,23.281395448812,24.233335122501998,22.269293191729997,20.791779919419998,20.000955877520003,21.760553431730003,21.9043893554
08_LAM,1.A.2,Manufacturing Industries and Construction,CH4,37.002801436111,37.002830261382,39.163400998360004,40.886811246492,45.789775397718,50.12572480781,48.66502904876,50.26642332369,51.616135474720004,55.99166002117,61.446030251879996,60.49625055579,62.31777271038,68.84531945358,80.28636683363,82.26610863302001,86.10633942972001,87.11708158255,88.92931788499001,95.69700135609999,84.74811240871999,78.34288620555999,75.89411284744,77.69292907479999,81.09424636436,78.70812626293,77.68182205427,79.55300132290999,79.54612707796,83.93532432904,84.68254016679,83.06105535347,85.7571841893,93.8346645778,102.40562303239999,102.4542957145,105.3981158921,108.70857601380001,108.5506112064,88.7916041355,99.45536049249999,102.4920088538,100.9168338675,100.18260466679999,98.9539799458,97.1815660938,95.636766505,99.5265574553,95.9280206206,95.654861126188,101.17406757551701,93.09784605908901,100.324611998837,104.667737743427,104.900554551727
08_LAM,1.A.3.a,Civil Aviation,CH4,0.024398338048000002,0.024399050928000002,0.026450585759,0.029505511227,0.03346781226,0.035054829562,0.038073298772,0.039516120672000006,0.041327961743000005,0.045555992462999996,0.047423133044000004,0.049604405325999995,0.051171715643,0.050566669663999995,0.04674448936,0.047337143255,0.051759210465999995,0.053241948858,0.051344304557999994,0.05356802045,0.05324438747,0.0545633735,0.054170558,0.056614430939999995,0.05819554539999999,0.06824205255,0.07535905350000001,0.08442495187,0.09126761284,0.08541443383,0.08745753095999999,0.09120631974999999,0.08599633792000001,0.06580993831,0.07181895068000001,0.07865566654,0.07580772617999999,0.08158134933,0.08754062814,0.08656272214,0.10050624597999999,0.10954563583,0.11373862486,0.11332445306,0.11431206257,0.12079433937999999,0.11149953938999999,0.11172251643,0.1155364282,0.1158891641,0.06205460063,0.07874428576,0.10289374133000001,0.11202168591,0.11694696116000002
08_LAM,1.A.3.b_noRES,Road Transportation no resuspension,CH4,43.7830926118,43.5698173867,48.3417530715,54.6450415896,56.35616071810001,57.5005395143,59.3703810942,60.602407542,65.5919278706,69.3476540675,71.09058872199999,73.766054461,75.276338845,72.82814636900001,70.892043121,71.494046598,82.817974464,84.33154709,84.569998024,89.549730763,91.262405106,96.801305743,97.608429628,99.231134843,100.620193348,100.783927087,105.345646359,107.152654573,107.416680682,103.760622347,99.742287542,99.66862523,99.293005701,99.296965009,102.765521444,104.043632627,102.60798389,104.838605661,106.972984974,105.316111968,106.582222134,108.520488062,111.249595061,108.191749325802,105.002066598,101.841904832,97.85046272085201,95.7141029800685,91.1895647158285,93.0240278778415,73.8770510460178,82.0089919180889,91.7999510652557,93.6231632129278,94.4406329509573
08_LAM,1.A.3.c,Railways,CH4,0.148889539,0.148889539,0.143565487,0.159157875,0.182273544,0.170995687,0.178017677,0.17091458799999998,0.169584006,0.181605281,0.182038342,0.17601930799999999,0.165264692,0.153076656,0.15613126100000002,0.15211908100000002,0.244838676,0.272510958,0.230039044,0.249553575,0.230865613,0.20782809,0.20958596100000002,0.216964488,0.196827774,0.19011693600000001,0.190890583,0.193613951,0.177861749,0.174605086,0.184704071,0.18954675599999998,0.182236752,0.200841892,0.212106898,0.214791399,0.218216706,0.216769381,0.223338637,0.21949737,0.27587375399999997,0.29384906,0.29257286,0.297623277,0.29174343999999997,0.28770769700000004,0.28674287,0.2994126185,0.3126923362,0.3029641561,0.2526493734,0.2453547155,0.2854630455,0.29412020219999996,0.29894295130000004
08_LAM,1.A.3.d,Water-borne Navigation,CH4,0.520054464,0.520054464,0.552438395,0.558730014,0.760430821,0.8194266090000001,0.8560845789999999,0.709869261,0.7609802879999998,0.910122042,0.759660546,0.8762707000000001,0.94394955,0.95011744,1.00300018,1.11243399,0.9262606200000001,0.8340845139999999,0.811932441932,0.615297350482,0.78369372668,0.8076037364199999,0.77191446842,0.7822888010500001,0.87111437825,0.82511617103,1.0010603066300001,0.9532462521699999,0.97378866584,1.03930334597,0.90559327136,0.87180668544,0.76386575931,0.7481320858199999,0.85544685552,0.89923364993,0.8831581437,0.9672060311999999,1.0038321649,0.8665212713,0.9424970632,0.97726557,0.9946565736999999,0.8929797317,0.9268688083,0.8920098656,0.8650836755000001,0.8196588792,0.8904392158000001,0.9091528999,0.7537719496,0.7989920476,0.8054441623999999,0.8290318635999999,0.7502095306
08_LAM,1.A.3.e,Other Transportation,CH4,0.48406169200000004,0.48406169200000004,0.550895931,0.56103669,0.664451469,0.7322647010000001,0.808797275,0.85885136,0.9340572130000001,0.9498906970000001,1.029502315,1.113767091147,1.078339745785,0.975653509207,1.0116025363,1.016322439829,0.06133646972600001,0.06484610334799999,0.071463816338,0.176297823657,0.08012934347,0.08052955463,0.043289748280000005,0.0452025029,0.03806351093,0.051306021710000003,0.05618602644,0.057497979580000004,0.050585031290000006,0.05243715331,0.055186381789999996,0.05304371818,0.05395346611,0.06237560824,0.0698460748,0.08913480305,0.09379879452,0.07928091411,0.08000201441,0.08278768876,0.10387212725,0.09212978671000001,0.10290485356,0.11185157462,0.11440003762999999,0.11279358958999999,0.11900974728,0.10825429097000001,0.12740106922,0.13561162205000002,0.12302189875,0.11152558255,0.113244643,0.09135975764,0.09438051005
08_LAM,1.A.4,Residential and other sectors,CH4,584.6362798275181,584.6363186875982,578.3509063324528,572.4061727203554,569.7999997000298,575.9744281025203,572.0217993613594,565.871747970097,556.106368366596,555.000923549312,552.828241185247,548.591578420038,533.738752252384,522.715272275496,526.432700493719,513.928816788367,494.060008068619,500.582864763239,495.67993274561803,486.928823239214,485.552540731795,483.230086823198,480.92352678161404,463.743131234024,461.26279183884503,456.716957336061,458.117526079855,440.70979951747603,447.55322483823,453.86672180305,441.152766063,437.90920801604,462.2452876674,475.86135082151003,479.87417582929,484.27553675252,487.89458514112,486.41530208515996,490.98980639209,490.88311327457,492.89480892387,484.49962538119,489.47315062889,496.99588301483,479.43185289913,482.07271429476,482.96723188923,480.85437243431,492.72122451206,489.66312619931,485.39936972498,500.959646312111,501.758357418272,514.429373049326,514.7093172250301
08_LAM,1.A.5,Non-Specified,CH4,1.69733992407,1.69743435712,1.77633143319,1.78036003089,1.5769831247,1.76589163289,1.56591450303,1.46138038831,1.28154226923,1.25529887016,1.26652283391,1.05252551633,1.05445881271,1.03469230847,1.066248180344,0.96181634141,0.9031677525,1.15816563072,1.25959739971,0.99193767525,1.16233714304,1.11571603854,1.49586857874,1.56415625617,2.75351746615,2.06983881393,2.68790813859,2.53833384151,2.0308013848599997,2.18053110816,2.16418536654,2.1679512363,2.19101492408,2.20494200063,2.22797527278,2.21220722607,2.08217183723,2.0047569268,2.009582639334,2.65139946361,1.86393630548,2.380182177714,2.569131265584,3.041631830315,2.627325345349,2.51376039545,2.32095335264,2.22637403581,2.289454851797,1.8742412067899998,9.091392208151,1.812061612013,1.481331604378,1.5023371311559999,1.516421619459
08_LAM,1.B.1,Solid Fuels,CH4,611.905285971,603.125157967,640.4603867970001,648.812424363,749.246739427,818.5806761,747.288827857,770.308500978,781.223808238,861.8642540149999,908.275195579,867.573824837,867.738561452,936.527718605,1081.3348928270002,1087.167099482,1110.0008988660002,1077.318724905,1139.44699819,1220.002953111,1077.227927551,989.993244292,937.401629553,988.531470211,1017.5041210320001,972.378154104,933.346732773,957.090638083,993.123951756,1012.5875629139999,1135.658949208,1076.5080753260002,1094.534828062,1207.067099922,1315.892600192,1334.328090126,1362.961929931,1405.9215356099999,1404.288016721,1105.099993761,1179.407785443,1233.6027579259999,1147.138416784,1113.101582579,1099.6651672149999,1059.28868568,1037.394128523,1043.6604863,1047.998669537,1049.039296907,974.099772965,895.415604553,934.139085589,895.920922957,858.950393878
08_LAM,1.B.2,Oil and Natural Gas,CH4,2191.5966743147,2193.5811938854,2317.3440042511,2492.6484617239003,2351.1871053726,2090.3513842197,2112.4739633655,2046.7240504071,2084.3717353521,2161.5630663006,2238.7172947517,2268.9596126829,2326.6318635436,2274.1016558173,2332.9770236015,2308.83441844631,2288.42869662801,2251.68071619473,2310.16289597038,2321.38992749574,2422.48206047925,2476.40281665494,2563.9288400144,2561.2587553215,2671.9730205691,2859.0143479867,3012.5335552047,3417.7183990747,3376.8599397864,3237.0703405601,3285.4504579702,3168.3254502407,2920.8296600154,2921.0381302905,2904.5594795192,3019.2858177345,2958.2812629084,3008.012680304,3311.7186870223,3225.1924126953,3149.9345375947,3223.0898324144,3246.2985703896,3284.736660438,3283.80257145,3200.747126615,3060.6410726209997,2905.50657077,2707.019483293,2594.834828664,2370.7590923860002,2394.35402222,2532.324687246,2650.7832161494,2695.6036300827
08_LAM,2.B,Chemical Industry,CH4,4.384563463999999,4.066352604,4.158715046,4.202880085,4.050637903,10.31634551,4.551404075,4.891121495,6.026715018,6.346605095,5.910453162,5.7589129649999995,5.870426048000001,5.383484661,5.768591459,6.264879998,5.846004778999999,5.948736345,4.619996354,5.863410153,6.195217812,6.69005293,6.648185717,7.804996216999999,11.442528622,12.096781608,13.000105131,12.784704734,17.693480718,16.125403927,17.298183997,18.099884234,19.815448933,22.06285756,21.85041777,23.607477132,26.534826281999997,25.623393562,24.702869182,24.804485582,24.731240332,24.561082655,23.068109946,22.78817043,22.403250468,22.533068472,20.871339241,21.334747943,22.285928269000003,22.295331029,20.440352384999997,21.151549912,20.981133752,20.555222151,20.691010498
08_LAM,2.C,Metal Industry,CH4,7.780228187,7.128432962,7.520513611999999,7.398670532000001,6.695702808,6.150638117,5.663358928,5.06998329,4.686785415,5.312785601,4.7430156420000005,4.4056497850000005,2.839803716,2.26916533,3.262361681,3.254190534,3.0584514,3.1817347999999996,3.4581077,3.5189535999999997,3.18352576,3.1950676999999996,3.2241193999999997,3.27576162,3.2387338999999997,3.2315987,3.4208391,3.3689656,3.2219163,3.1589736,3.7634506,3.3944692,3.6460599,3.8767083,4.3159628,4.338481799999999,4.2474051,4.5710468,4.1863528,3.2146805,4.0755636,4.0223116,4.1461627000000005,4.1089699,4.0522165999999995,3.94713905,4.04458292,4.2529247,4.4808036399999995,4.22287781,4.24006798,4.63588251,4.540673399,4.160287518,4.018507356
08_LAM,3.A.1,Enteric Fermentation,CH4,13891.9742632,14152.33447418,14638.931148040001,15013.41823554,15519.1978655,15950.4965211,16682.77951254,17270.38265872,17143.04215066,17304.89504778,18000.3440628,18259.8638353,18384.11879616,18511.896722460002,18756.561715519998,18918.9846436,19158.70107276,19375.41583182,19833.419231339998,20333.11716826,20453.6036962,20949.87194298,21454.64462504,21848.532558360002,22440.03526198,22842.598101599997,22440.69969528,22524.59231988,22424.74502444,22391.68035496,22598.6987583,23148.60609504,24066.53224172,25140.55965018,25850.6623624,26204.8290917,26439.69798894,26344.00804502,26700.93050288,26961.57420708,26977.0814909,27173.3560076,27318.25389746,27506.58606614,27645.313921420002,27867.9556196,28140.0852496,28156.7564743,28202.8421722,28493.22477276,28771.98738723,29296.937815406996,30056.995143908,30391.788532933002,29947.400995435
08_LAM,3.A.2,Manure Management,CH4,433.006451601,434.76852881400004,447.59967381900003,460.551673273,473.01235712,487.31604266200003,503.3724166,515.538894519,513.4388618090001,527.935410502,544.926671748,550.688321949,556.774373436,559.72851209,570.091756932,576.514161875,582.14736068,590.6066901410001,600.083422793,610.254811217,610.592603534,621.233060227,628.41498289,655.461538487,665.3314927170001,677.921229156,660.388775541,672.54206521,671.6567723649999,681.6952104970001,691.509066422,712.782517935,732.342276347,754.3671516879999,775.272514331,794.5574971440001,809.271997458,812.786533177,823.813986674,830.881894339,834.5289190999999,839.017925214,841.3849083140001,843.310727608,850.866273175,856.877485253,867.585597687,873.616757734,880.7077102540001,894.292690833,902.971487756,924.535021751,943.1118456219999,952.562113754,952.805267715
08_LAM,3.C.1,Emissions from biomass burning,CH4,144.74110592537,139.8102513771,138.32937958539,148.18205897336,157.02154442306,161.94105826136,173.48151256209002,178.56987428624,183.76801093689,188.35081697241,194.27494834979,203.10605469524,218.00610756791,218.10810600896,230.52809472689,237.54612436342,234.70679342565,250.28824338434,247.92366503823,250.08880069539,244.74472608963,244.4872017986,253.0884448154,239.75027792200999,259.00163424552,266.69768108874,266.51699016016,283.39000708581,291.15903276205,287.84095184502,291.93759344829,311.59963047655003,319.97994853745,349.20726568481996,358.09353295219,359.35670500149,372.24179384786,412.40109911689,451.46663175575,439.14300526731,470.90455995965,485.18076116941,482.13902251771003,525.81930896266,528.32080812464,545.85403001691,538.9506614493799,567.49078171264,548.01163027721,574.15846529378,581.89772701565,569.92927909307,580.25401997579,598.61145403691,611.25082870789
08_LAM,3.C.7,Rice cultivations,CH4,677.806740673,621.907659435,617.6505091600001,668.642933785,685.853464671,776.722304216,850.724301773,835.503686937,762.269387476,789.701569073,881.625103696,858.6432692259999,917.788536247,781.112767217,856.25263574,837.983087866,879.2270248090001,922.451439481,954.86763594,927.307654985,748.6313509280001,782.4446958999999,863.257066977,837.834885801,885.944713759,912.3532880949999,820.027339613,817.988847745,785.365050015,949.7234497750001,899.38774144,840.907018312,825.813603104,854.687144682,959.995251936,963.8641424780001,866.860245188,845.048070277,879.587165113,932.724773394,876.706737012,918.307380129,865.657853957,885.573362938,874.2449888440001,845.036127362,817.007356372,855.785753194,833.553866525,779.247025139,808.006359427,811.5453295699999,784.793139248,766.819259274,800.94909798
08_LAM,4.A,Solid Waste Disposal,CH4,1310.25857689,1512.331568464,1579.536188287,1649.055356276,1720.61546149,1793.982916545,1867.60641198,1942.772609143,2019.706567231,2098.578481045,2179.534796001,2257.015878816,2335.654703521,2416.045275205,2498.139463739,2581.848091504,2664.466250132,2748.125325564,2833.27577083,2920.150361081,3008.88425906,3057.3332346320003,3183.196956625,3312.255742622,3418.9560414069997,3504.756061953,3620.003705257,3736.4230852,3843.819406466,3939.5343272620003,4062.653789647,4176.071149932,4265.510527245,4355.025311396,4468.319184789,4586.245498371,4695.829929582,4642.500745482,4660.998950763,4661.365654834,4748.923853495,4823.559533535999,4902.915353635,5015.830274352,5122.1146700790005,5219.870591537,5262.52820917,5278.911337284,5383.663092424,5511.913658347999,5637.595113013,5875.666850711999,6015.015407834,6099.18553584,6186.120346351
08_LAM,4.B,Biological Treatment of Solid Waste,CH4,14.705734604,15.245905436999998,15.785631054,16.329413518,16.884342268,17.456038160000002,18.030528356,18.621774785,19.230578635,19.857120829000003,20.501499255,21.155472162,21.827688709,22.516147348,23.21812103,23.931162101,24.614236525,25.305565860999998,26.00442936,26.710154523,27.422220217,28.122692473000004,28.827574322,29.536138661999995,30.247553583000002,30.961222088,31.667448632,32.422414403,33.130313862,33.839680687,34.57778345,35.356018799,36.336715572,37.106561929,38.222171409000005,39.11228169,39.534687702999996,40.383064688,41.820210308,41.403621212,41.976694252,42.827217006,45.113375041,42.579590101,46.800660674,49.81891622,53.678722189,53.806538702999994,54.520765563000005,55.015775874999996,55.543558896,51.767140833000006,53.070693731000006,53.747814112,54.457832325000005
08_LAM,4.C,Incineration and Open Burning of Waste,CH4,5.2781648817,5.2783689333,5.4961550718000005,5.7198442939000005,5.950606205800001,6.1893325453,6.431179824,6.680915670299999,6.9387180294,7.204690800300001,7.4788086902,7.7553016293,8.0396371177,8.3306915362,8.6268591855,8.9267645258,9.2208425933,9.5178350433,9.817872944,10.1211980458,10.446435877999999,10.7398369045,11.035882043,11.335304429999999,11.6620258205,11.9782870655,12.2934663795,12.6199463895,12.948444534000002,13.274583268,14.167439536,14.2579720105,14.3680046495,14.483677041999998,14.583322410000001,14.641807923000002,14.884200447,15.10805001,15.400469025,15.637892738,15.88594299,16.122232295,16.365651643,16.913767807,17.14360188,17.370589666,17.604129292,17.839125468,18.094524471,18.325467629000002,18.560326599,18.783127488,18.991689335,19.214334553,19.447193395
08_LAM,4.D,Wastewater Treatment and Discharge,CH4,613.741917415,629.910294167,663.725926459,701.956030689,731.592612358,764.849112945,801.35775839,850.582746385,919.873151438,978.709396457,1053.503472492,1066.5552394400002,1139.889751057,1166.2074793870001,1221.461088487,1255.750503643,1256.83190743,1348.865715375,1374.218930815,1399.655925392,1383.20354432,1435.26431507,1492.6117625480001,1566.415517075,1578.508850378,1617.070589877,1649.450014684,1681.544857312,1687.794223959,1691.854693461,1612.973238928,1650.8623320460001,1728.882567765,1851.907269506,1949.660901445,2035.7024291120001,2155.142703266,2324.960808523,2494.457896298,2524.596844681,2580.603632519,2531.530479105,2563.909007918,2699.999301065,2763.670855995,2901.288252905,2977.38044385,3019.067764466,3154.7810421269996,3148.572564666,3165.8108409409997,3182.078483902,3315.7813730810003,3421.6631313099997,3447.380639731
08_LAM,4.E,Other,CH4,17.674154049379,18.312648100602,19.191473253748,20.170881926694,21.13240450004,21.803632550747,24.384790711673,23.809760595919,24.373714580585,25.123844712031,26.204611474496,27.159492386521,28.216743935845,28.377232539449,29.733316529272,31.166001167836,31.072357341561,32.047088584406,33.428432506712,34.979089655198,35.108186974184,35.134956670289,35.946568988173006,39.909477163376,39.283861359278,39.261149196,40.422409194,44.170187825,45.546742011,46.363965077,47.739083523,48.742195173999995,49.386176068,51.766442976,52.386265265,54.601161685,57.630311131000006,56.725775013,55.878023054,55.473734569,55.804378723999996,54.013498253,54.751239238000004,57.012566696,57.673238465000004,58.341142963,58.259759611,61.733757746,61.796172456,61.274274504,62.151542348,62.151542348,62.151542348,62.2350993868,62.32486232841
09_WEU,1.A.1.a,Main Activity Electricity and Heat Production,CH4,11.651521761,12.493175535,13.44236078,14.304451311000001,15.101464596,14.610852057999999,15.837873235,15.593717677,16.638620625,17.650511391,18.286712976,17.879739502,17.847761999,17.284880882,19.079743772,19.358091809,18.486514582,19.104706803,19.483881237,20.998378759,21.594934917,22.634283833,23.580685663,24.661183429999998,26.44314213,28.726186511,31.596383991,32.831015337000004,34.7961339286,37.4468495887,39.618127247,42.54136595,45.008215863000004,48.928017062,53.221389188,59.416510452,62.607046367,65.8660327886,68.8632610801,69.1400531,75.102395454,73.452634309,74.912219523,74.597068588,75.018976313,77.132102284,81.345793795,84.6372099187,83.1691594916,85.0841321753,84.8507867712,91.01697062699999,87.60070477400001,81.0014171524,79.4897785706
09_WEU,1.A.1.bc,Petroleum Refining - Manufacture of Solid Fuels and Other Energy Industries,CH4,2.399580779,2.487393597,2.542351314,2.628529122,2.656780124,2.68163055,2.950723857,3.030828384,3.046700583,3.12206891,3.186544073,3.043749503,3.069731731,3.149954541,2.923805978,3.075621482,3.321760226,3.257660848,3.355008987,3.360818879,3.47168383,3.58277589,3.8277540809999997,3.961174302,4.1378662936,4.0939537,4.2432196694,4.3950381584,4.5690285866,4.5136644774,4.2576625223,4.3491180113,4.3763063161,4.2856549166,4.468202054,4.439098765,4.660414596,4.5996949808,4.6949919874,4.7442747957,4.7757020589,4.483014245000001,4.35751202,4.298832354,4.1865029444,4.2807496,4.204426397,4.300207703,4.1294533871,4.2123908405,3.918304684,3.8975992580999996,3.803222384,3.696462331137,3.649982935042
09_WEU,1.A.2,Manufacturing Industries and Construction,CH4,46.358612713999996,41.809232623,40.475114932000004,42.620668055,41.595503343000004,38.53169899,38.951040221,38.450134034,38.369211817,39.700895722,37.59972391,36.725038806,35.661724114,35.845853402,39.832934621999996,40.196990242,38.644270958999996,38.78175898,39.451981774,40.494478429,42.228768976,39.883270487,38.144577248,37.118000837,38.026009854,38.797781655,38.962981303999996,40.139726245999995,39.882315224,38.744690503,40.645635016,38.185219309,38.168072966,41.016806783999996,41.232370704,40.790198099,42.250990407,43.886937929,40.594534091,37.211227144,40.837032011,41.728519047999995,40.271612448,40.103036474,39.701940162999996,40.926036288,42.4294212724,42.490006371999996,44.040649480300004,43.8718135601,44.0749402907,46.1599637266,45.8961175216,45.44118378291,45.38281123504
09_WEU,1.A.3.a,Civil Aviation,CH4,0.0816300017,0.08751049870000001,0.0935460001,0.1006275011,0.1051545016,0.11268900259999999,0.124559501,0.126915003,0.134563497,0.131526999,0.1424715,0.14291399600000002,0.14802300000000002,0.143998497,0.148423999,0.138216499,0.14501449900000002,0.1483644991,0.15948600599999999,0.1656579977,0.12122124549999999,0.1142070483,0.115212154,0.11344075179999999,0.1114968475,0.12223445220000001,0.1298890521,0.1381308994,0.1457664447,0.1450328954,0.1542164024,0.1492331473,0.1438526812,0.147357924,0.1532001835,0.1619779104,0.1624772642,0.17193835,0.163356597,0.1496768992,0.145570381,0.15213635,0.1456726069,0.148992622,0.1537876561,0.161919006,0.1713368361,0.1739515148,0.1792118798,0.1841892275,0.0898298635,0.1167991542,0.1667439234,0.17843412446,0.18745712447000001
09_WEU,1.A.3.b_noRES,Road Transportation no resuspension,CH4,133.97943403600001,144.200259633,154.869397915,164.707382181,158.80596306,168.38451573999998,174.334923425,181.350906363,191.971048642,196.283420642,197.66825715599998,194.698747117,197.015270333,198.493055986,202.089645991,201.060865696,209.424766695,215.79833536200002,224.063359399,228.076000916,234.454880927,229.295375018,229.45402172000001,222.381397402,211.83191525499998,202.603455065,195.565681868,184.661744988,175.35040773,163.376454572,146.882441211,138.408619781,129.6471894307,119.33958742200001,109.885796123,99.375275329,94.3894678967,89.699475523,83.331767053,78.681357994,72.972892278,70.95522828200001,67.2843848,66.076278036,64.745285432,63.989774877,63.619026993999995,62.769827590999995,62.794781511,64.10729356499999,55.772880275,59.286506382,60.695870495,62.936661383,61.391433066000005
09_WEU,1.A.3.c,Railways,CH4,1.175908797,1.098334509,1.046680777,1.060144461,1.008354633,0.93439483,0.891711149,0.887351849,0.851754503,0.825572904,0.783338903,0.752816832,0.702933531,0.678348399,0.666366088,0.663596775,0.642076082,0.6292471749999999,0.609381147,0.584652061,0.546840709,0.557227643,0.539875909,0.532463308,0.506730448,0.51905508,0.506497883,0.505927703,0.5023848200000001,0.491569645,0.492807613,0.46470695100000003,0.454104444,0.462943639,0.474086446,0.4723421957,0.450670333,0.453092385,0.446395696,0.405990048,0.411160879,0.384150305,0.394033072,0.297133157,0.29785302999999996,0.29141413299999996,0.281086771,0.276490837,0.268138411,0.256067816,0.214468401,0.2565183765,0.2420813462,0.2328667316,0.2334902113
09_WEU,1.A.3.d,Water-borne Navigation,CH4,2.1975273619999998,2.278206366,2.2930445010000002,2.593692947,2.901605074,2.7862054759999997,2.792523174,2.534397139,2.313044923,2.8954322340000003,2.722957959,2.348201004,2.081883599,2.147382962,2.2803029,2.24214506,2.257271726,2.206716386,2.226954792,2.150006562,1.987640448,2.035791031,2.062485092,2.081022897,2.075747473,2.021790026,2.169436975,2.057338037,2.112274377,2.239106051,2.017091097,1.998469483,1.980934125,2.2453489,2.306649943,2.3447704050000002,2.527548108,2.43596314,2.2257095590000002,2.189730205,2.229364458,2.09910914,1.982822714,1.877014289,1.729658565,1.812450028,1.855229959,1.9134425890000002,1.9126152897,1.9539145557,1.6505645028,1.7493475891,1.8874777892,1.779627018,1.73157125304
09_WEU,1.A.3.e,Other Transportation,CH4,0.043150208,0.037206903,0.043264508,0.037312205,0.037494002000000005,0.037577705,0.055663198,0.055747797,0.056402095,0.059184597,0.059139007,0.0585333,0.056373602,0.056625599,0.0622641,0.0661392,0.060947402,0.054109512,0.052134009,0.044113202,0.038948037,0.035793056999999996,0.03309255,0.0233185879,0.0238009749,0.0270838059,0.0243130969,0.0267596429,0.029261906900000002,0.0198223349,0.0156747539,0.0219370422,0.0183526286,0.058696165999999994,0.0664405988,0.0592360557,0.0527283324,0.051696059200000005,0.049010461,0.0405453705,0.0420537867,0.048846506,0.1392361577,0.0854541313,0.0800801891,0.0632449557,0.0720976673,0.0789807684,0.0850279612,0.077661853,0.0552152888,0.06763253820000001,0.0653306891,0.05205656542,0.05410076725
09_WEU,1.A.4,Residential and other sectors,CH4,921.33961559,812.319247036,771.765167735,744.7270533249999,729.892612206,668.287266073,656.615361913,650.1851036959999,635.766154453,673.853264468,650.968676542,644.303141702,648.9903889139999,639.397807171,642.81159623,699.76955266,664.984567256,663.427261957,625.439696016,626.432993962,645.032984767,637.7231866019999,590.765893581,586.692875058,541.347525349,521.711077777,540.930268622,529.773245154,510.582050915,490.685381643,480.625775401,479.98101767,477.288941274,516.229518372,500.135844633,515.037493759,525.823869177,550.905312747,598.319533979,601.616493998,640.711630025,546.053536513,609.46031048,610.83208922,535.163595819,554.393137956,545.859096583,548.951415579,527.318176694,519.44729044,497.586238341,548.312623403,510.361931819,489.552090874,489.581621723
09_WEU,1.A.5,Non-Specified,CH4,87.639661096,85.267388641,82.436183535,79.35774060600001,76.248777297,68.926662085,68.63664649,66.320782805,63.599149334,68.77212104099999,68.641438275,73.235386561,72.982640706,76.014947006,27.521382015,28.396099684000003,61.643312104,59.344326038,63.062137272,57.56022764,24.925796501,23.621464793999998,19.448735708,7.441166873999999,5.118886443,3.529172635,4.760266269000001,4.288973617,3.728002085,3.377556398,2.8035136725,2.5170425450000002,2.59366621,2.073956978,2.798236571,2.749288504,3.021640502,2.5081026680000003,2.44104315,2.4166061219999997,2.502408154,2.213512412,2.314965675,1.919743087,1.7971798620000001,1.463436521,2.085698287,3.0764437495,3.4705687515,2.5335664749999998,2.6511227180000003,2.6284522960000003,2.6883775795,2.640388554112,2.515877231657
09_WEU,1.B.1,Solid Fuels,CH4,5296.225552607,5160.849245902,4551.677851465,4504.856775663,4117.581056889,4290.369081828,4155.371475917,3985.461000059,3842.814671954,3896.972648097,3966.022677046,3951.537008952,3810.644036348,3534.8792021440004,2496.69909169,3074.51665241,3157.123228473,2892.585868231,2705.125067473,2647.782645634,2484.6118120660003,2351.3179443540002,2156.8908271650002,1783.4285873039998,1428.014826602,1485.835369761,1387.151874052,1354.6471613570002,1210.560889038,1155.152142629,1023.801934541,965.671025425,908.270588485,850.574225997,787.126127242,682.701988138,672.327082517,766.698972183,703.405336368,657.78246472,622.653220148,629.226839164,591.973886033,511.128853737,504.65279087400006,450.921718936,419.563947789,404.773975,402.589892834,365.080261925,307.170559487,335.547086895,353.75477586,289.04901642699997,313.15550050499996
09_WEU,1.B.2,Oil and Natural Gas,CH4,376.759249829,408.632239728,448.423513798,492.695616711,530.240735191,565.118566511,600.488756935,647.057401272,682.874433371,730.983630268,741.905195797,744.795137837,756.899908409,794.17393557,839.859250827,877.853997028,910.155909197,942.7618114009999,937.178832499,939.534646822,908.3947039669999,944.201751314,967.335381446,1000.459007165,1039.4393615049999,1066.124720166,1092.661030109,1062.600860469,1056.85258166,1058.037988026,1056.488801196,1066.493119175,1073.703139176,1112.531251775,1102.496865444,1099.69001709,1108.4430503879998,1124.512987104,1128.1907999960001,1119.569924517,1147.769414563,1139.43200284,1144.917953353,1149.077890391,1161.837702012,1168.524771583,1181.084178012,1205.410473849,1216.058158345,1218.092912555,1212.808112582,1219.508459255,1233.272507289,1242.10854996,1250.513671617
09_WEU,2.B,Chemical Industry,CH4,15.319929303,14.649372583000002,17.156143467,18.565307524999998,16.185943859,14.101811325,18.44522857,17.270921848,18.349865294,19.033711051,17.079167175,16.722853318,16.860653851,17.572581004,17.337631485,15.789736389,17.166166087,17.173275546,17.103876527,17.117618292,17.78851708,17.704879952,16.96055518,17.492640077,17.109116074,15.181703971000001,15.794195504,17.424374024,22.957869717,21.980857461,22.018222577,22.667094485,22.170850285,23.474057828,23.701129197,23.547410580999998,22.469454386,23.254341547,24.039531899,21.032079039,22.43691469,21.138865,20.51581232,19.935055305,20.225331255,19.99900207,20.19852778,20.95829187,20.411891925,20.4364177,21.2588989688,22.4045732601,20.202771313299998,19.4626309426,19.644403404600002
09_WEU,2.C,Metal Industry,CH4,29.52257497,27.09483085,28.93782794,28.8346083,26.855209000000002,23.51250456,22.58462536,19.8844202,18.66745797,20.74079948,17.24669378,16.54796741,11.91681646,9.86763438,12.59909239,12.32904123,10.9941435,10.8047034,11.8882726,12.00717,11.400032158,10.959913035,10.127689222,9.899477149,10.074824472,10.18554978,9.615775876,10.193330371,10.147425336,9.757426872,10.13383661,9.690920414999999,9.682727483,9.574830540999999,9.463410095,9.225795579,9.25643336,9.578201722,9.240156048,6.316330224,8.133424183,8.20808628,7.936698923,8.367186438,8.577868051,8.420934221,8.37106448,8.470037574,8.27061612,7.903388051,6.963455923,7.76331461,7.041084142,6.571147077,6.702638912
09_WEU,3.A.1,Enteric Fermentation,CH4,7861.3371321800005,7770.30541678,7855.33645564,8075.32080087,8260.27391348,8254.930113049999,8270.62162982,8253.56756201,8379.96995581,8482.02416778,8588.97241596,8602.94151548,8695.75216163,8671.21709485,8758.7969019,8571.09316207,8679.57223035,8525.78596931,8491.32073478,8543.89459448,8579.53271845,8386.48305357,8203.50017694,8079.3684269,8020.29088476,8004.73803967,7971.84418346,7938.91767875,7840.39475215,7811.44195846,7854.2533618,7649.00315454,7565.94018694,7453.9176034,7384.637901,7256.307150600001,7220.370515019999,7269.19531896,7308.48669308,7277.49342418,7254.6277053,7211.63418626,7303.51809932,7417.75547648,7519.78124904,7602.100458700001,7619.4574892,7585.4844236,7642.5566914,7623.462308055,7605.392649939,7560.565782812,7441.242219734,7309.694438597,7302.764925672
09_WEU,3.A.2,Manure Management,CH4,2217.7665680190003,2242.353119981,2249.513908895,2317.042910173,2344.480872845,2335.9223243,2340.5253354839997,2373.89071026,2411.833436698,2444.846765773,2475.422019214,2487.0901502809998,2501.468949916,2469.661225842,2482.889051444,2467.823003216,2500.841300223,2459.754138819,2463.390987628,2422.475431895,2416.319825625,2373.150192674,2329.791164761,2337.820126511,2338.063486053,2304.123236677,2322.539629597,2318.32280261,2343.394678615,2356.03491112,2352.4789025,2313.081521596,2307.383538037,2286.954822995,2278.107731641,2279.240649071,2280.9084959849997,2274.732867802,2265.227141453,2256.778583163,2258.763263744,2255.727198557,2272.911316846,2305.953574837,2328.400792162,2363.745793806,2377.583281927,2395.8434146259997,2418.559418667,2415.523029377,2438.356936828,2428.357160754,2367.272060333,2330.767974815,2329.80004714
09_WEU,3.C.1,Emissions from biomass burning,CH4,28.192632833599998,32.4770486327,30.3284805683,29.1659813419,31.8366430336,31.4822912488,31.9740173291,31.475490493400002,35.7946419564,35.4409274724,38.8063252234,34.999101407,37.4723198246,35.6984690195,42.0162241451,38.3775185859,38.178402198,38.3666932988,38.5782975608,35.117811417,35.3160705708,36.0101846175,32.016144739,31.4908096256,28.780409007099998,27.13844994502,30.40615737647,28.43431253113,29.704645409789997,26.2852290487,27.26455563512,23.80868812432,24.825128262059998,22.47112702009,24.585632904839997,22.47976510883,21.171790165570002,19.48152091724,19.59687733737,18.59130996267,17.65221294318,17.63738444222,17.29815701434,17.18644637125,15.909306426,16.65171522039,16.01231663407,15.50934673791,14.53606766813,14.40905034063,14.326374669669999,13.922056004369999,13.889767448170002,14.58092433107,14.1352283077
09_WEU,3.C.7,Rice cultivations,CH4,75.550991161,75.531522021,74.315157251,79.132803439,77.61689294600001,73.087303089,72.05012924,73.590042966,79.027167648,78.962706312,74.205954503,71.545284588,75.732457466,70.64441981499999,76.225654519,78.990214094,81.55408526000001,80.416388252,83.768693519,83.494310749,90.144540187,87.781776974,87.24050985699999,84.586833599,91.73910926399999,90.73663735899999,103.71364227999999,102.38655844499999,98.938129677,98.13798210799999,95.876924579,96.013792752,96.770940158,98.43641455100001,103.535024924,100.582921865,100.750293174,103.144437529,99.170276669,109.78425312800002,112.354744716,112.675758624,110.684622177,103.312744254,102.36260308600001,105.998207199,108.583962173,107.643836651,102.46257557700001,103.533858325,105.459624424,102.562983342,91.29708520700001,88.19136239599999,86.210360995
09_WEU,4.A,Solid Waste Disposal,CH4,5578.228227519,5760.540197605,5799.472500272,5838.563553008,5877.763454536,5917.052012601,5945.910231449,5974.573328528,6003.250747193,6032.052883775999,6060.961463233,6095.25484124,6116.440377427,6151.608630724,6173.183329101,6209.112011636,6230.42586015,6287.5193047309995,6335.137473636,6382.212331424,6647.5292876739995,6847.9815196029995,6961.103208372,7037.968314641999,7080.601094331,7120.087315941,7112.70090156,7062.613940235,6965.730400947999,6825.510541731,6749.785302728,6701.017962166,6587.4611674749995,6411.936977048,6184.581072135999,5979.709757558,5784.709379647,5583.323066589,5366.570848785001,5188.747968728,4950.14473413,4773.502648924,4613.694584258999,4327.4899231399995,4142.9508391300005,4035.025643111,3913.824798107,3819.323366167,3755.043113677,3672.073299791,3619.98900038,3535.775033423,3498.659834196,3380.150023693,3270.7445906880002
09_WEU,4.B,Biological Treatment of Solid Waste,CH4,20.546484194,20.22684829,19.911064775,19.604174465,19.31292874,19.041407744,18.819307937999998,18.613875516,18.422482042000002,18.241405388,18.067582372,17.920689269,17.780612169,17.646276278,17.51674738,17.390945558,17.275190034,17.161205177,17.047681389,16.933217202999998,16.816970622,17.819089271,19.695506265,22.616280888,28.136168196,33.380802373,38.679836325000004,43.127897226,45.902970821,52.354617478,58.573746481,61.307417480999995,66.815631404,70.268272612,74.629148936,79.582583428,82.624365094,89.043025145,90.30976863800001,94.57481118,100.481094836,106.638796846,109.81351764,111.838768924,114.356997707,114.621165608,118.71933490699999,123.761215952,122.502078408,118.704722602,117.16841445799999,121.36119487900001,115.87099801699999,114.875404115,113.94568739699999
09_WEU,4.C,Incineration and Open Burning of Waste,CH4,39.6486362992,39.7598730205,39.8401689571,39.884245817600004,39.8827416063,39.8291666248,39.724046389899996,39.5588850881,39.3332460387,39.0477026798,38.7012887611,38.0186754913,37.3003603281,36.5412647087,35.736321797500004,34.8828004096,33.9119708513,32.903000519,31.852207737900002,30.756277777,29.6308643264,29.191788314300002,29.5619869226,27.857818125999998,25.5364629651,23.905932057,27.80669394,28.10884684,24.603291654,23.757164079,24.869693018,26.187682264,23.635988014,27.087659471,23.515947095999998,22.44448839343,24.61297353018,24.44972044658,23.71531144471,24.81260941625,24.77672262898,25.27988082303,21.46428357953,27.0982471088,22.562411884520003,24.54293721149,24.536070624950003,23.655341695129,27.541660304848,23.910498769026997,24.522629375509,25.190288649908,25.646771748617997,25.993267323035,26.41569270463
09_WEU,4.D,Wastewater Treatment and Discharge,CH4,1059.937182338,1060.579872995,1077.754965402,1093.895432428,1079.778773909,1051.087496773,1076.108260644,1058.117435823,1059.658508036,1063.1056441389999,1045.149683569,1038.377645925,1020.2390069820001,1019.239928451,1018.158405306,997.333993135,989.522713224,982.8371718660001,967.4897968289999,944.176404189,930.071596283,895.7377998869999,870.933268239,850.367878384,860.052077595,820.695115353,792.721521707,776.2275332500001,746.402819507,710.7200412249999,685.0130661329999,663.283729938,673.385660163,676.006044377,683.55234109,674.366364094,671.061721078,679.704114481,668.802286072,644.24877016,668.26124207,663.902552979,660.87521953,649.8917201099999,653.078727434,649.270802036,666.532702898,678.9124790129999,681.128812047,680.941972498,675.800920001,691.385693541,668.31584007,646.150119679,645.407250174
09_WEU,4.E,Other,CH4,356.019905961,347.30338263199997,342.56771117,333.809624188,325.123010702,316.500074835,320.298789581,324.065979198,327.81153501800003,331.525866398,335.212309893,337.67333592700004,313.844113264,305.357924665,301.226154828,299.350055122,295.51252676400003,293.149720295,300.152628429,292.464996401,292.875806997,282.962141773,277.75614619,272.697708408,261.83124240899997,258.80829075500003,258.669410756,258.477103251,258.199290745,258.182156847,258.293168938,258.178276057,257.911649064,257.982690518,257.67025345,280.154197013,302.661510928,296.222000065,289.864198463,294.056267274,298.252354014,295.953597542,293.765929573,293.189655057,292.76696668700004,307.812355616,322.495057645,348.498114537,374.546590402,413.562610402,452.578630402,491.359648402,530.140666402,566.469176775,609.330746591
10_EEU,1.A.1.a,Main Activity Electricity and Heat Production,CH4,3.460804634,3.699300424,4.04530474,4.333579113,4.646525451,4.866684582,5.087333769,5.484196153,5.787415624,5.654844184,5.86563558,6.039459784,6.1974200889999995,6.533134866999999,6.719281085,6.973094280000001,7.298506206,6.941788973,6.983189779,6.909447706,7.005411579,6.820462501,7.307510494,6.890921236,6.185172451,5.8655715939999995,6.107661534,6.0436065150000005,5.885622232,5.706529934,5.790869866,6.018043277,6.135564355,6.372499472,6.794205533,7.207064854,7.422384128,7.704727917,8.271320892,8.804946676,9.790718421,10.42070211,11.318352714,10.90884082,11.244243866,11.838485903,11.859323593000001,11.874947710999999,12.555965745,13.050086394000001,13.254036027,14.518204895,13.747974667,12.96824708,12.917703262
10_EEU,1.A.1.bc,Petroleum Refining - Manufacture of Solid Fuels and Other Energy Industries,CH4,0.316205816,0.343228272,0.377665822,0.394058039,0.418780356,0.451522792,0.460068484,0.49231381399999996,0.49298087599999996,0.48952899099999997,0.504577573,0.549978094,0.614482988,0.62228869,0.659767724,0.728776568,0.8399108,0.817686547,0.760666815,0.8228926409999999,0.64378313,0.449315006,0.468449129,0.504038834,0.626328537,0.740470962,0.638903886,0.772273781,0.71854361,0.630090347,0.664862916,0.772708805,0.651236912,0.6606955071,0.685453454,0.708589502,0.6871574420000001,0.638361849,0.6604353583,0.5917566255,0.614888843,0.6158293248,0.5973965448,0.6327369015000001,0.6438458117,0.6354238383,0.6282153511,0.6916718002,0.6477551905,0.6612384066,0.6341897751,0.6174976825,0.5554834274,0.60597900256,0.6106056961699999
10_EEU,1.A.2,Manufacturing Industries and Construction,CH4,10.214944267,10.294929386,10.262456003,10.474793077,11.057280715,11.701143193,11.726396171,12.458197773,12.31402656,12.973626689,13.303571107,12.792757404,12.533738705,12.336804482,12.646109150000001,12.95232274,12.994790094,12.708558229,13.183215947,13.029269148,10.026276808,8.62319234,8.047439203,8.446042808,8.813768468,10.406866948,11.032634677,10.669459613,9.241799695,7.981826012,8.219953004,7.994337836,8.108162175,8.137133287,8.361915785,8.331387083,8.399441899,8.655983849,7.971535088,7.37122604,7.902203993,8.461717421,8.184104148,8.89236908,9.090115952,9.398741568,9.546433195,10.248882077,10.745712409,10.953840722,11.048976674,10.813509784,10.507372788,9.720464177,9.613134557
10_EEU,1.A.3.a,Civil Aviation,CH4,5.25018e-05,5.25018e-05,5.4532e-05,5.5904e-05,5.74072e-05,6.31685e-05,6.25262e-05,6.27726e-05,6.38297e-05,6.41625e-05,6.25024e-05,6.55196e-05,6.74863e-05,7.01692e-05,7.24161e-05,7.31999e-05,7.4025e-05,7.49833e-05,7.60384e-05,7.67885e-05,0.0012134594,0.0003079591,0.000153958,0.0003298982,0.0005718803,0.0004398597,0.0005023612,0.0017293605999999999,0.0025053586,0.0025488596,0.0017298376,0.0024567466,0.001779698,0.0021693497,0.0019203694999999998,0.0018971427000000001,0.0014561243,0.003826258,0.0034334623,0.0033369639,0.0036162539999999997,0.0034667011,0.0021985962,0.0022488356,0.0019316551,0.002430738,0.002715709,0.0034566873,0.00323366375,0.00352657255,0.00232817595,0.0021070876,0.00262583,0.00212844056,0.00222718356
10_EEU,1.A.3.b_noRES,Road Transportation no resuspension,CH4,14.038049064,14.209578578,15.057064117,16.190183771,15.967248615,17.784086359,18.850775461,19.594900208,20.519704436,20.212837795,19.567479995,18.824989563,18.363200094,17.79227671,17.840485501,17.267417124,18.478149825,18.864905799,20.019600483,21.241682127,22.072183227,20.014021725,18.525759826999998,18.6222415,19.964961769,20.071902593,21.387196327999998,21.806344107,20.418823752,19.290843419,17.550626366,18.274775833,18.451141146,19.061332648,20.704940935,21.2048415383,21.425149074,20.5204230109,20.582687621999998,19.612922016,18.254952974000002,17.196782563,16.356602648,15.577120638,15.5150127705,15.4592756322,16.0000080981,16.3800617536,16.22864117606,16.46658368249,14.888192065230001,15.83642713478,16.2488891296,16.200881462,16.1037338466
10_EEU,1.A.3.c,Railways,CH4,0.6083279739999999,0.581474144,0.558997434,0.532525663,0.549501081,0.549490045,0.516776304,0.498894415,0.47626751999999994,0.44069718799999996,0.39964313799999995,0.373978869,0.36141196600000003,0.353779744,0.337198485,0.32509399,0.313884678,0.305605949,0.280505691,0.259311734,0.19998779,0.16901771699999998,0.205006395,0.203084027,0.182433612,0.177141461,0.189992316,0.186685587,0.170947082,0.15914699799999998,0.164897795,0.134324625,0.14615662499999998,0.143588009,0.141302506,0.120250785,0.116743031,0.137061756,0.134542341,0.113660703,0.115410539,0.121353658,0.115918246,0.10791585000000001,0.095573278,0.091377632,0.086909928,0.0891717405,0.088714443,0.0875225,0.076263531,0.080835476,0.072271231,0.0709776505,0.0725618488
10_EEU,1.A.3.d,Water-borne Navigation,CH4,0.11700591599999999,0.111690176,0.120754041,0.11372495199999999,0.120540353,0.11054296,0.116459089,0.116988458,0.12649563800000002,0.11195412700000001,0.137542186,0.12585643800000001,0.105784364,0.10113571800000001,0.099785433,0.105946742,0.101533815,0.09841506300000001,0.08605437399999999,0.202866579,0.170948706,0.150260783,0.138774077,0.060609135,0.052025743,0.047860601,0.067974995,0.122693719,0.082060559,0.084357737,0.053597996,0.051982463,0.059020381,0.048043734,0.039779537000000004,0.040837463,0.044426452,0.054177791,0.063800927,0.044465613,0.043922999,0.043061933,0.04125837,0.045982426,0.045145196,0.045682245,0.045091831,0.046525293,0.044557482,0.047382535999999996,0.042224259,0.0479292409,0.0455036267,0.044613523599999996,0.0433854665
10_EEU,1.A.3.e,Other Transportation,CH4,0.0,0.0,0.0,0.0,0.0,0.0,0.0,0.0,0.0,0.0,0.0087912,0.0091269,0.0095265,0.0097902,0.0110889,0.0113895,0.0122211,0.0128871,0.0127143,0.03931356,0.022863898,0.024240002,0.008993667,0.0044643,0.0018609030000000001,0.001984503,0.0032412039999999997,0.0087726,0.006264001999999999,0.005819853,0.015008857,0.038576261,0.034833243,0.031552693,0.041427304,0.047753202999999994,0.043858901,0.048656096999999995,0.053315197999999994,0.040940801,0.037604902999999995,0.044139197000000005,0.035597203,0.038315398,0.032676601,0.030372998,0.032750696,0.035480919,0.036116331,0.032596094,0.025636557999999997,0.023281516,0.012569851,0.0142208351,0.0150256978
10_EEU,1.A.4,Residential and other sectors,CH4,345.183172471,339.554430391,331.816330457,325.880890507,321.452919219,338.72813163800004,352.43347501,353.675510346,350.58119919300003,361.361491199,352.665636893,354.36566468800004,373.481952793,351.36067703,356.985263131,385.657805417,395.938454069,420.73871043500003,414.784295465,374.20665514899997,291.371693198,309.951397371,288.548592529,339.546114553,308.163771129,303.212018568,328.14756637,311.887291249,277.325551363,270.81683121,250.044879959,253.650549646,260.767189894,269.097316918,278.269577668,292.620056803,302.397706609,294.727917173,309.64672332,322.071106605,357.687653941,341.126126865,353.000917427,343.825470164,318.406231027,321.67101171400003,331.847243472,330.981471493,365.214729087,340.632846953,347.726729688,352.896923513,327.707558816,306.579167978,299.272788671
10_EEU,1.A.5,Non-Specified,CH4,67.714435556,67.840499709,57.199976324,55.166424504,56.719726097,52.102556597,57.737176176,52.458488272,66.795300691,68.76008859699999,63.995536584,63.457222032,67.563905933,87.54677561700001,70.584277247,67.991075586,62.388646132999995,75.998595751,65.465916552,37.528903181,36.444508846,32.867828332500004,26.593498222500003,24.1056050116,10.8440410955,8.6287853186,2.6929955126,4.8407977176,4.1768697736,5.9741471736000005,5.526556838,3.4607064669999996,3.976435489,6.310215727,5.883760838,6.349380321,6.178025766,6.179697995,6.1747928430000005,2.2918265349999998,2.456993192,2.015938264,1.937169856,1.9936957260000001,0.748240896,1.479530875,1.673554395,1.4554322638000001,0.138357161885,0.14648103499999998,0.146454202,0.219248753,0.216418165,0.217218708,0.22600579299999998
10_EEU,1.B.1,Solid Fuels,CH4,3664.2608262410004,3717.8708644089998,3786.564030907,3863.643384346,3919.862553858,4047.7351862140004,4117.821803713,4166.186675442,4414.403377132,4529.253925268,4217.2837988050005,3629.506569153,4080.317999091,4073.955540606,3992.0428365099997,3895.6620417,3832.007900136,3778.930211171,3675.65967584,3323.8105916000004,2757.4235400039997,2527.032886005,2420.651931594,2255.226693857,2155.856452143,2153.155642146,2058.5469282080003,2047.017091316,1709.983585099,1542.2211621319998,1421.693795697,1386.020909977,1344.676958127,1296.613132954,1237.440829217,1191.048347196,1161.154323747,1082.512292264,1035.384008151,925.104664513,917.575380212,945.9574528,967.9598367209999,918.3997126170001,882.1911139219999,890.8121900680001,866.875071389,814.006039633,773.26559563,744.673939026,661.259286621,689.1504496360001,669.958680269,589.346104297,550.2203174
10_EEU,1.B.2,Oil and Natural Gas,CH4,549.387634721,553.9375554759999,567.831977385,573.282361695,583.666945251,595.779890306,598.7427582930001,596.391567692,591.9604571159999,553.359130819,537.124956931,537.853178628,555.488057626,554.584578516,537.361756128,534.4879376839999,523.338191127,519.993210245,505.87645216900006,486.798558167,435.172780192,415.431772513,386.79769622500004,399.49680932900003,394.680882581,396.37600549,413.889012266,406.020008007,406.62303308500003,409.274319017,406.252302977,414.256126924,438.06961648500004,441.431020398,428.32959413000003,428.433276916,425.0047402,404.82567087,403.040446368,391.89942028900003,392.39703044699996,386.42585804,379.709617962,397.083388222,392.171076578,391.914645081,394.148478285,399.005871969,402.37637144900003,402.390489194,396.11353426299996,395.67185293800003,394.489708479,393.691203893,392.67847592799995
10_EEU,2.B,Chemical Industry,CH4,1.450521482,1.443424152,1.5559889390000001,1.615327388,1.65309927,1.785530109,2.096098037,2.488046203,2.59891207,2.680330693,2.598821405,2.529670206,2.554538243,2.6811167,2.7498872519999997,2.916516803,2.969658179,2.88965662,3.2075121060000003,3.0045545870000003,2.329176973,2.022765755,1.422931728,1.184043633,1.753488229,1.866128204,1.73076363,2.405880509,2.0799924279999997,1.760317771,2.156325469,1.983697211,2.176846737,2.662742171,2.933227476,2.600741901,2.9310786859999998,2.8939971929999997,2.791201408,2.787708738,2.767279791,2.867796302,2.794178085,2.8604023179999998,2.882393923,2.888743185,2.7482610679999997,2.934783555,2.828871709,2.828146293,2.906894984,3.037984346,2.844455624,2.529695816,2.57286942
10_EEU,2.C,Metal Industry,CH4,10.32547058,9.602592130000001,9.95767354,10.56237459,10.202277579999999,8.31617953,8.38674,8.09706442,7.387904000000001,8.49134511,7.18595031,6.74832937,5.24044724,4.23096713,5.30508503,5.34006282,5.2357436,5.37139415,5.53404233,5.61778067,5.494658436,3.824587425,2.28447944,1.981556178,2.333636093,2.628603493,2.49271523,2.640000931,2.463106562,1.9864708469999999,2.279827867,2.372538354,2.463246249,2.585724459,2.94801265,2.53280815,2.504072533,2.594238953,2.225958378,1.548950456,1.963569817,2.034286885,1.9598528050000001,1.971596251,2.136050161,2.141063638,2.079886852,2.045205861,2.184053541,2.006694772,1.802935902,2.1140513839999997,1.66517377,1.5153425459999998,1.392780654
10_EEU,3.A.1,Enteric Fermentation,CH4,2938.4169729,3020.97699477,3095.7291401,3220.38585043,3354.649296,3430.82242068,3413.2475054600004,3468.02296706,3511.25857898,3550.60836655,3527.88608982,3490.57189751,3523.20571464,3500.94520487,3584.71596701,3584.81068154,3502.59102405,3483.67933726,3433.14945583,3448.62021941,3356.76386207,3091.00748804,2753.38312714,2441.37042162,2256.81902916,2121.8892299999998,2088.83050754,2068.74895468,2001.1780060400001,1941.37497342,1843.4445538999998,1786.60328048,1748.3696749399999,1767.36450998,1774.86162842,1708.8673714000001,1734.5098537600002,1744.01468438,1727.62406216,1693.4137466,1675.2516532,1627.0803029,1626.3278347799999,1641.42123442,1669.42314944,1685.6943996,1674.6808871,1684.8331765,1664.0937403,1653.1648457,1644.8607391,1619.7487127,1609.6903287,1573.9671376,1559.89578643
10_EEU,3.A.2,Manure Management,CH4,511.05286525,546.731273138,562.519124783,581.502540477,611.621976344,623.197034208,614.2032715419999,631.12242663,646.636649563,654.5840749390001,654.98779442,648.743781167,654.020783552,641.466769316,660.412097447,661.693592872,649.893930569,651.202510702,649.557908863,644.972473325,624.234347665,604.881336948,541.3018007430001,481.752002204,452.93120452,434.68814431,434.96748441,427.98206657000003,414.82951478999996,410.70657388999996,384.51891746,372.25641728,414.08167216,404.40056218,392.54153945999997,390.33425607,395.99708919,398.289255914,379.85806249,369.007159583,383.429285017,357.13466162799995,337.86568831299996,338.939180094,345.03068985,349.1520888,352.270080903,355.962352678,352.023982035,351.128742594,355.658684273,332.632412161,330.383836663,330.716744502,328.449640774
10_EEU,3.C.1,Emissions from biomass burning,CH4,7.043175675,8.278138947,8.400013216000001,8.441602756,9.000058558,8.484112947,9.336025042000001,9.433427348,9.113482399,8.763465664,9.249444228,8.688084148,9.671651341,9.560618172,10.219622779,9.237467975,9.662458808,9.179781632,9.398059696,9.707876958,9.275429759,9.782187725,7.0653697310000005,7.216158879,7.6545934639999995,7.752468361,6.72306255,8.432645319999999,7.872075533,7.645846667,6.517550367999999,8.250891510999999,7.5519228940000005,5.786290603,9.088316935,8.13216447,7.117157492,6.152826029,7.885499362,7.52594327,7.323530179,7.9085863519999995,6.366950656,7.856684213,8.569652967,7.636533997999999,8.560069073,7.415343028,8.236653816,8.331912965999999,8.183422443,8.450543364,7.607681573000001,8.213800293,7.673958699000001
10_EEU,3.C.7,Rice cultivations,CH4,17.637441223,18.182642133,17.172676869,17.640833945,17.315989836,17.883047537,15.432952424,16.733584749000002,15.676885340999998,16.118974672,14.237447407000001,14.564309744,14.776634469,15.552620258000001,16.157440701,15.483855279,16.8884814,17.005911743,17.305484083,15.173188383,12.74797596,8.47278135,6.22962341,4.602392849999999,2.38024307,2.63697894,3.42327118,3.06975146,2.6103894299999997,1.8609725799999999,2.84757482,2.3902056799999998,2.3826942399999997,3.1286036,3.44150161,3.20436583,3.47721759,4.74256935,5.64409219,6.6329991,7.68938714,7.9895210500000005,7.13696694,7.2394906,7.53301741,8.08733772,7.66864159,6.80653349,6.9395574,7.18479431,6.99617921,6.50599785,5.8642904,5.9815468,5.9815468
10_EEU,4.A,Solid Waste Disposal,CH4,793.987652031,823.512339916,831.3035812649999,839.146662648,847.02141229,854.9402223679999,863.148519377,871.45346793,879.802582073,888.154665936,896.512524403,902.745576183,908.826938898,914.903255212,920.933301752,926.939717374,930.52777067,933.88501537,937.2177872789999,940.555241951,966.552588685,974.2335208750001,975.362474861,978.316115384,981.568780925,983.7430131570001,988.718518253,996.183611031,995.668492924,995.6094333,991.929919153,992.815894391,993.972274924,994.8953910309999,990.312178584,983.6533802839999,974.660265158,964.601053243,947.536913184,941.178295714,929.097868106,910.080490069,900.660101391,881.3307644,862.15419734,848.133890584,832.582854689,826.720931337,817.184797451,806.90148096,796.999557665,787.214692642,780.070982177,770.9799700909999,763.484991127
10_EEU,4.B,Biological Treatment of Solid Waste,CH4,18.470505627999998,18.32590065,18.191866359,18.069869312999998,17.962357664,17.87109119,17.782663318,17.710480308,17.655770179,17.619796981,17.602719599,17.609511902,17.626742669,17.653098978,17.687186809,17.727077186,17.774566494,17.828709039,17.873047483,17.884678594,17.848147612,18.690261097,18.428603823,18.268564433,18.783445807,18.105775148,18.211195257,18.354117313,18.434442427,18.713420402,18.812158146,19.157969088,19.101961577,19.599235178,19.721716094,20.988720857,22.115999441,22.166815596,23.043050006,22.211765104,22.764454881,22.026199155,25.899445129,25.905386067000002,27.869767066,30.228160796,30.899135341,31.661114675,32.811941009,34.098916179999996,36.482207534,36.733748458,37.169195671,38.270811868,39.465137658
10_EEU,4.C,Incineration and Open Burning of Waste,CH4,0.6503232312,0.6634510104,0.6769146719,0.6904109710999999,0.7042376272,0.7180845825999999,0.7314393006,0.7450805776,0.7589789352,0.7730337909999999,0.7872378834,0.7972685979999999,0.8073297418000001,0.8173484165999999,0.8273784578,0.8372171056000001,0.8461553501000001,0.8547635595,0.8625614572,0.8689550902,0.8725656500000001,0.8261947377,0.6777696102,0.6508306842,0.6355260273,0.696877953,0.6998868714,0.6889900368999999,0.6798649741,0.6616574763,0.6267148191,0.5962753363,0.611607511,0.5884228032,0.5523227333,0.5276185065,0.5395534366,0.5362731152,0.5390171802,0.5373476563,0.80839323651,0.74714753033,0.7352014844,0.6285450223,0.72084550362,0.6999862248700001,0.84783911635,0.69540789876,0.64797168961,0.68577280918,0.6843956227,0.6771225597,0.65277515879,0.63761416486,0.62900014593
10_EEU,4.D,Wastewater Treatment and Discharge,CH4,434.372173075,450.344789799,467.714690904,484.15164019300005,500.79104449,521.185554617,544.38113845,558.941088452,568.833816947,572.887062809,585.767705355,582.19890012,593.972400578,615.619635491,627.186846709,622.176771241,628.873650413,626.327462339,631.571542511,612.174882246,569.758760597,511.268532075,463.484942415,442.768538548,439.670927078,424.765433304,423.20595029599997,393.515930177,384.906275461,373.256873479,403.65473948,392.497285937,389.79152784999997,385.879380824,386.276502182,380.528826309,388.798295383,393.175026478,386.087814278,367.209641442,367.164125748,379.822033218,373.876654637,375.823242742,376.221783621,375.62717516,395.63134164999997,414.99706833199997,408.324260741,406.654224512,413.403721051,421.423613664,400.07223710200003,373.13161665900003,372.606025848
10_EEU,4.E,Other,CH4,119.060620839,119.55613566099998,120.080385073,120.64984813099998,121.195402274,121.76162579799998,122.366367352,122.99527191899999,123.61692213,124.235529669,124.81258048800001,123.083270886,126.918113134,124.348373285,123.253363693,116.254422075,117.334951636,116.292011406,115.475991365,115.252765208,114.84043644799999,115.34975873500001,110.806977555,107.84751256599999,109.15808787099999,110.535351586,110.571811577,110.661870463,110.655512755,110.691630598,110.715637017,110.743835829,110.74118158,110.773265928,110.363288449,112.575455628,114.718002242,110.80598505,106.91534919,109.96786653800001,113.71715813,115.66862260100001,120.19365175499999,116.140120762,112.081749088,113.23693586,114.4178679,122.28732289999999,130.19266467699998,110.88537867699999,91.578092677,92.557920677,93.537748677,94.793575032,96.173805766
11_CAS,1.A.1.a,Main Activity Electricity and Heat Production,CH4,3.2609507239999997,3.259646123,3.46304114,3.742599867,4.036657412,4.294068703,4.534218288,4.65593462,4.921586626,5.0947346399999995,5.275273982,5.340079795,5.644667786,5.852185703,5.990741565,6.1686745179999996,6.431570534,6.67711343,6.720243057,6.732171978,7.502079218,7.033672061,6.271013587,5.843052663,5.197164913,4.659536756,4.38329795,4.18866305,4.125730987,4.1223433830000005,4.348982833,4.373170396,4.633389918,5.124417346,4.94039288,5.015321107,5.372232815,5.566987515,5.706136917,5.416679602,5.913471134,6.179933002,6.524364415,6.862946163,6.9160987454,6.7170867377,7.2812880506,7.7042602089,7.9394813501999995,8.2840149914,9.1689716563,9.9381284769,9.0820217327,8.7346147809,8.657477370999999
11_CAS,1.A.1.bc,Petroleum Refining - Manufacture of Solid Fuels and Other Energy Industries,CH4,0.5740262323,0.5740262323,0.5956981919,0.6197146162,0.6439524959,0.6364612265,0.6788437904,0.7003922568,1.0588103027,1.086337935,1.0951442439999999,1.098234291,1.108341572,1.10946563,1.129725006,1.170547804,1.180749595,1.197751446,1.209437191,1.215212205,1.381988666,1.02704061,0.9395131000000001,0.971238837,0.9612755829999999,0.955278569,0.83257655,0.804975464,0.841360406,0.8833821989999999,1.063813936,1.114857239,1.481165264,1.636970558,1.906068997,2.06390773,2.137775417,2.176777793,2.687286706,2.635124074,3.241846969,3.1637638850000003,3.006530363,3.1900851812999997,0.9549657203999999,1.0398801164,1.119233204,1.1282223076,1.3389606108,1.2507499351,1.1812108373,1.2683551012,1.1307677054,1.15838554984,1.15795575222
11_CAS,1.A.2,Manufacturing Industries and Construction,CH4,14.630308203,14.630308203,15.538110419,16.333523549,16.930056169,17.4838885,18.061940957,18.658607078,19.679242401,20.202061657,20.992946364999998,19.550549044,17.651702544000003,15.809498547,14.154231116,12.873063757,12.004664656,13.733028559,14.386042117,14.017395812,15.638814066,15.477091032999999,14.796021633999999,11.437243063,8.564298528,8.618740102,7.210984583999999,6.639010458,6.6871574890000005,6.026577273,4.03649421,4.82534919,4.145901486,4.709578824,5.432050966,6.006573689,4.57899454,6.006039951,7.377034992,6.634412814,7.143470805,7.871571253,8.104305651,7.912722261000001,7.199172195,5.147086492000001,5.069990892,4.658479389,4.922366764,4.8470066,4.693172941,4.863312595,3.792430684,3.626632703276,3.6028995452759998
11_CAS,1.A.3.a,Civil Aviation,CH4,0.013394187,0.013394187,0.013912137000000002,0.014262166,0.014645653,0.016115479,0.015951616,0.016014475,0.016284157,0.016369066999999998,0.015945532,0.016715296,0.017217022999999998,0.017901497,0.018474701,0.018674681999999998,0.018885183,0.019129646,0.019398823,0.019590187,0.011225,0.008901498,0.008115001,0.004028002,0.0053369986,0.011431,0.010644,0.009374500000000001,0.011507499000000001,0.011699998,0.012368497,0.009872499,0.0107765,0.009250001,0.009958998,0.0108218,0.0108148,0.009762299,0.011073301,0.010428299,0.013050801,0.012510499000000001,0.005186772,0.0056992662,0.0066179436000000005,0.0062510468,0.0098432462,0.0120667476,0.01462648245,0.014546911599999999,0.0057201211,0.0094598985,0.0118692464,0.0141799202,0.014739035
11_CAS,1.A.3.b_noRES,Road Transportation no resuspension,CH4,11.627167727,11.502927393,12.714339148,13.783910702,14.546567755,16.443094571,17.681054589000002,17.640816964,18.028958412,18.618544772,20.023295575,20.008265685999998,19.923725952999998,19.469509045,19.543887170999998,19.551000676999998,20.972677728999997,21.557954346000002,21.823364884,22.380620914,30.820348715,32.384509928,22.579425712000003,18.322215927,14.745358317,14.766772581000001,14.956809857,16.749503987,16.431773115,13.577261995,14.233981396999999,14.513650787,15.619291729,14.854012295,15.53921075,15.795473596,16.456410046000002,19.397936932,19.612009373,18.119001067,18.174016561000002,17.908717691,17.976230984,17.508176343,17.034775352,15.099970164,14.219125115,13.786212735,16.916416494,17.3244606731,17.6350703345,18.70946343923,18.789391438270002,19.49359068811,20.35314208989
11_CAS,1.A.3.c,Railways,CH4,0.526703209,0.526703209,0.5395706579999999,0.547727478,0.556815303,0.595497114,0.5841784919999999,0.5809227370000001,0.581790751,0.5774743259999999,0.559297426,0.577312802,0.5892061399999999,0.601053458,0.613603578,0.615019522,0.616171672,0.619716836,0.622809882,0.627964312,0.31743352199999997,0.348535733,0.285945074,0.295913278,0.183380926,0.19769843,0.172090556,0.17821815,0.18746126800000001,0.16202949,0.154867179,0.152932225,0.159409774,0.170574901,0.17798524,0.185355563,0.190729468,0.203942032,0.178159967,0.129061142,0.133350888,0.132779019,0.126051157,0.121859017,0.116108849,0.092938663,0.110691406,0.10699228499999999,0.07813584900000001,0.05723545,0.049495301000000005,0.0927606706,0.17775517600000001,0.24649301259999998,0.2541404611
11_CAS,1.A.3.d,Water-borne Navigation,CH4,0.024170259,0.024170259,0.025104916,0.025736557,0.026428572999999997,0.029080921,0.028785225,0.028898656,0.029385308,0.029538529,0.028774248000000002,0.03016331,0.031068696,0.03230385,0.033338217,0.033699089,0.034078944,0.034520087,0.035005827,0.035351148,0.020255889,0.01787028,0.018168484,0.017868199,0.014298212,0.012510388,0.013108206,0.014002116,0.012511121,0.0059633049999999995,0.007752505,0.008647120000000001,0.008946028,0.0068586229999999995,0.007753209,0.047115619000000004,0.049501204,0.051129852,0.045175152,0.020176224,0.040365268999999995,0.027218119,0.029697684999999998,0.027263559,0.024203403999999998,0.025277838,0.025503861,0.027263058,0.024629901000000003,0.049020645,0.0125090539,0.019925289000000002,0.0195671308,0.024133863000000002,0.02301098
11_CAS,1.A.3.e,Other Transportation,CH4,2.702218454,2.702218454,2.682849445,2.660858147,2.63926409,2.620084612,2.50651509,2.424605387,2.318208951,2.208910496,2.098326196,2.051243255,2.023048595,1.912282393,1.862936105,1.7967928,1.721583739,1.6706905609999998,1.601267247,1.6007231389999999,0.327644977,0.26480139599999997,0.210272996,0.221007301,0.171558979,0.220411581,0.2387979945,0.2001409906,0.207070092,0.21709778899999999,0.238899001,0.249252906,0.26169361,0.26936789299999997,0.280949303,0.282237098,0.278468005,0.367856129,0.368628313,0.250082154,0.247412449,0.27502089799999996,0.21202675799999998,0.2389382734,0.2350270204,0.23142298109999998,0.1918552686,0.2033135,0.1808133703,0.1762143468,0.1354872634,0.1698239233,0.14347971909999999,0.14203005489999998,0.1340487659
11_CAS,1.A.4,Residential and other sectors,CH4,122.33400358200001,122.33400358200001,125.93432897,129.032986565,133.168902994,133.562977029,136.191895946,137.760330193,139.78129102499997,141.8673168,144.355945449,138.470439051,133.965034726,130.393047607,130.230213366,133.18942114200001,130.526721175,130.868743414,132.748277541,130.882658974,114.830099104,78.190615224,86.468384334,106.18985216599998,83.66160525100001,86.62018792500001,74.141024831,67.627505519,65.358806576,64.582627147,63.991239007000004,60.899147795999994,63.229800083,50.378792998,47.796762361,47.150067191,51.93285597,56.424188222,72.989801238,66.065920522,72.833179496,90.631974508,80.46748343099999,81.195283021,96.472221041,92.973495964,107.415239189,122.73655667,128.76901076500002,124.88084622299999,119.084562608,124.31501035,119.32556192,124.210787116,124.769040425
11_CAS,1.A.5,Non-Specified,CH4,72.627166479,72.627166479,74.616958472,76.277788507,78.68090439,79.297636854,80.597913069,81.450316733,82.45168917699999,83.712115391,85.651813485,83.019332411,81.024368313,79.133946446,79.660701952,81.445225911,79.772450807,80.520054534,81.265941878,79.92234656400001,69.311396994,63.551181758,44.586889822,31.196076073,25.413768373,16.203868528,14.506726329,10.705558913,10.941901986,10.967852998,10.604279656,9.534651697,9.609071514,9.083945016,10.697649975000001,9.634625593,8.445464266,9.857583804,10.555319868,9.200291287999999,9.781385616,10.567311941,12.878983259,15.400956998,9.935811934,8.743231921,7.592680904,3.935144154,3.114734138,2.8584219180000003,10.673745937,2.270393221,5.2566036149999995,6.795727039,7.2415609970000006
11_CAS,1.B.1,Solid Fuels,CH4,2017.132427753,1992.155311667,2037.375977392,2106.073518321,2130.178113687,2203.513906996,2299.007027141,2333.384760665,2370.904635727,2392.295247761,2359.436896589,2308.016112581,2309.774026379,2288.8935403090004,2420.5238362180003,2253.6929663280002,2320.667189408,2339.9194388280002,2370.5606151790003,2374.650840103,2766.852104483,2433.1579315669997,2454.702649783,2196.438465508,1665.642748774,1401.2773510709999,1157.910089809,1105.529623747,1056.2281679730002,1004.027764314,1091.517693599,1099.934837112,1076.549090584,1154.389844302,1165.733349098,1199.722041629,1257.388864164,1341.091557689,1442.79654322,1313.365719939,1355.465982461,1539.569042076,1559.771973819,1598.978338148,1472.85048424,977.736227422,1067.7645021530002,978.270879796,1033.515411743,984.373313955,1032.952156734,956.3796261809999,1006.2407869199999,1023.3356046199999,979.6484901580001
11_CAS,1.B.2,Oil and Natural Gas,CH4,659.813323826,661.696481543,694.809650779,737.972865089,768.8487293969999,814.4291076760001,863.299369568,904.85955216,939.295815647,973.572387519,1001.028392426,1020.603382035,1052.003078336,1079.74327787,1108.155208689,1119.8677743,1176.128651934,1213.162577147,1272.381543219,1283.381482153,1452.397887924,1465.017476634,1362.916038803,1376.668328467,1396.2406566930001,1444.6063555669998,1589.7653963349999,1504.047754186,1639.2452406940001,1736.37043991,1881.654829895,2079.184719363,2386.892516195,2377.244617431,2344.320622198,2568.654303851,2688.984595651,2648.7303419130003,2877.265999215,2466.315029382,2531.380689431,2639.82200892,2747.364101013,2784.370118191,2726.013801514,2719.145865507,2666.132228891,2703.9190266110004,2775.631719733,2827.591747721,2760.314128092,2801.1991366039997,2813.9784456260004,2825.1948613609,2822.4236856169
11_CAS,2.B,Chemical Industry,CH4,1.150919726,1.1237607440000001,1.2793059679999998,1.334509568,1.398440874,1.365671874,1.59900218,1.702131668,1.703737568,1.7797659060000002,1.8076798060000001,1.952533406,1.782667134,1.8780381339999999,1.93428139,1.91929003,1.96027379,1.9952530460000002,2.071908138,2.062684646,2.02251754,1.94863432,1.8618467600000002,1.4944916799999999,1.32682445,0.87680584,0.559772566,0.543813392,0.551036071,0.634168497,0.709331063,0.8632304890000001,0.910983168,1.008527054,0.9080642800000001,0.793126166,0.712012472,0.7028000109999999,0.766041297,0.692825043,0.795980269,0.805860628,0.8256011539999999,0.80477491,0.830867,0.83628046,0.78764848,0.80999378,0.811307573,0.802983278,0.664553809,0.65954465,0.5557606230000001,0.5892595780000001,0.614043274
11_CAS,2.C,Metal Industry,CH4,18.1468576,16.8307858,17.935668,18.3384387,16.5626223,15.458599300000001,15.2070424,13.8319081,12.946083399999997,13.1772817,11.7433073,11.2499243,8.397605800000001,7.1292900999999995,8.8156833,8.5452675,7.8862905,7.9934873,8.1539609,7.9908463,7.7853507,7.2934931,7.3920311000000005,5.8012346,4.28817307,4.24253265,3.98469488,4.3165893,4.459012147,5.138174407,5.902951007,6.059541607,6.3530020700000005,6.6679787,7.6029976999999995,7.604977399999999,7.857253200000001,8.23949161,7.0622601099999995,5.89519173,6.95978623,6.7889771,6.95985031,6.81258303,6.6348461400000005,5.94974333,6.41890025,6.40991436,6.44439898,6.50050935,6.21581311,6.3819318,4.436104429,4.214219611,4.195587925
11_CAS,3.A.1,Enteric Fermentation,CH4,3987.33194089,4183.92891523,4325.85462773,4422.85221629,4560.32293725,4694.37064476,4718.19949074,4715.21106322,4797.44589435,4843.48499332,4868.01630018,4860.33029942,4916.82137486,5001.94077616,5123.50211117,5186.19985401,5232.81552914,5332.27565387,5244.40472146,5340.26621357,5320.51158208,5060.428439230001,4739.143891799999,4494.2786305,4313.6554325,3856.4353651,3494.79708734,3110.88757692,2866.61501144,2781.3977012,2715.313178,2701.54346024,2775.3861051599997,2832.77342086,2834.79708804,2787.0944262000003,2861.66933522,2907.4586145000003,2973.20402492,3028.43352238,3096.0435918,3162.83654844,3220.77874698,3318.26159788,3386.46582996,3421.387654,3531.2089481000003,3589.0215228,3634.3460659,3655.8499,3709.0998121000002,3768.0177083,3809.9988286,3628.0191896,3620.9502901
11_CAS,3.A.2,Manure Management,CH4,484.714722274,516.6545892510001,533.2404692509999,533.715874601,551.432572619,567.22591464,545.5122792330001,557.0968994919999,583.2299127800001,599.278179997,606.980620872,612.745903108,619.937145709,632.137616279,643.07765728,646.260705305,646.799515618,651.834845218,640.522848362,646.63552449,641.782730253,629.847992191,605.36769151,563.206254917,534.942319398,486.78491808,447.89105817800004,404.597858046,376.727770062,371.989796961,364.12262204,350.315862333,360.23121972,370.436097106,361.46594104400003,362.742391314,374.972789093,380.30396991099997,379.738852946,386.844138938,403.116058667,419.09732256,423.06442841,434.26119652,443.7957168,442.88832392,446.07797347999997,449.875136808,451.86766162,457.80484785,465.12322975,463.265269648,462.805193955,457.26370788,458.734096868
11_CAS,3.C.1,Emissions from biomass burning,CH4,27.962316998,27.312526607000002,25.891013065,31.632312419999998,27.852938149,22.681701846,30.971804521,28.999601071,33.591354853,27.259680567,28.636786323,25.051628764,27.245912222999998,26.82795356,24.879760791,26.563075447,28.513587744999995,28.129865169,27.358697733999996,28.941162611,30.658580327,24.118916753,27.527125013,27.22139544,21.769595979,20.419943847,18.25750909,22.21515372,17.481132266,19.29794615,18.064893235,24.836671391,25.483994358,21.604924767,25.145682217,25.212429096,24.813397118,23.842985734,29.382729835999996,29.521420928,24.789619369999997,33.873147161999995,26.42212133,32.908085576,32.926669106000006,33.05705654,35.205952153,34.104724372999996,35.050257406,35.859653968,33.490392319,38.364407511,31.312316400999997,31.867001707,34.68065306
11_CAS,3.C.7,Rice cultivations,CH4,31.964090145999997,35.638398331000005,39.205911571,42.721941426,45.934587146,46.912883927,48.455188981,51.362511001,52.907870700000004,56.88687371500001,63.195629667,59.094319904,59.961857462,61.064809061999995,64.319709087,62.191699452,58.815465949,61.448599547,63.562494903,60.097652132,56.678371253,54.327687765,57.12242078,56.93933011,52.0800884,44.40310251,45.86259608,48.3018424,40.82183009,43.94739056,45.515346581,33.278222889,39.37251148,50.319083288,45.606093496999996,47.800232052,49.123295963000004,38.425737093,34.141973796,39.478145773,45.239170397,40.105376995,56.740083033,50.321001902,45.468047728,47.799584071,44.836359345,47.177325312,43.749706419,46.798698056,45.649159291,44.053715247999996,38.647273582,41.220553360000004,40.825027935
11_CAS,4.A,Solid Waste Disposal,CH4,462.242388505,495.231565454,502.304824056,509.378097733,516.50463567,523.73235817,529.99251472,536.2948509,542.69500863,549.20125719,555.83141361,561.49611965,567.12707949,572.85259378,578.7003819600001,584.6913670399999,589.9973056700001,595.38662895,600.73268903,605.81459116,612.92773557,625.43913821,635.95143402,641.8676195200001,645.49601007,649.798561246,653.728195771,657.9660306119999,664.038002348,672.619021924,680.768049909,690.167888027,700.15131281,710.73876248,721.75876998,735.94849256,748.23280743,763.17652936,779.9974634299999,793.84159353,810.6139022499999,824.87870608,834.7231912799999,850.09929053,861.58561257,871.53224142,883.63081263,886.1602084,889.73622528,899.01370929,906.27132209,917.40412402,928.76994012,916.06015592,904.17929452
11_CAS,4.B,Biological Treatment of Solid Waste,CH4,1.036990684,1.020395254,1.004349241,0.988972136,0.974451042,0.960887269,0.948764956,0.9374372519999999,0.92679428,0.9167037739999999,0.907074223,0.89851261,0.890375394,0.882642554,0.875291009,0.868315253,0.863380183,0.858768772,0.854538821,0.850763025,0.847494835,0.818927973,0.7757362170000001,0.7301930569999999,0.67869757,0.615107292,0.547349754,0.469914844,0.413585603,0.379904649,0.33078549700000004,0.296716369,0.288215267,0.26466538399999995,0.239733686,0.23360882900000002,0.23375486099999998,0.228059602,0.220220631,0.220264362,0.191985326,0.24462822699999998,0.264951319,0.28532927399999997,0.40556817600000006,0.966117275,0.871918213,0.67865358,0.736568874,0.31738805000000003,0.294532774,1.306828607,1.442099949,1.594789223,1.775504451
11_CAS,4.C,Incineration and Open Burning of Waste,CH4,0.052955238,0.053985084999999995,0.055121432,0.056258327,0.057383712,0.058488864,0.05950408399999999,0.060497628000000005,0.061475502,0.062446882,0.063418294,0.064323135,0.065223541,0.066118842,0.06700800700000001,0.067888224,0.0685610612,0.0692166358,0.0698422349,0.07042101819999999,0.07083472539999999,0.06836393,0.065312968,0.0622354356,0.0540237762,0.050582338399999996,0.04876476540000001,0.0501562522,0.0513762242,0.0533314582,0.0569280734,0.0633589234,0.0627574074,0.0697759508,0.074939252,0.07821858500000001,0.0792798786,0.080888918,0.0860573582,0.0759907726,0.0821504996,0.09211405,0.053241613800000004,0.0240210764,0.0654553244,0.034410952999999994,0.0441365976,0.039609830000000006,0.046429394,0.050293395000000005,0.052274998,0.049113972000000006,0.035625377,0.034827911,0.034129422
11_CAS,4.D,Wastewater Treatment and Discharge,CH4,231.427707118,239.970830574,251.700775494,262.293504042,270.985026085,277.686574498,286.209159337,296.745324345,304.422255242,311.405510071,315.77114808,323.07276506200003,329.437196877,339.917263672,342.597975494,346.707707451,355.147916128,358.145147972,361.538909902,363.244139915,358.820955867,348.985813583,335.382100787,319.801433094,309.209431171,303.585737489,295.665657884,285.934082616,278.12978032,274.702318022,268.53327139,267.297109762,269.404405172,272.083692511,273.46462115,275.60428180499997,279.83740484099997,282.940899653,284.978533206,278.743722776,288.70723051799996,298.081789091,298.001712457,298.992565323,296.892920153,299.740967936,301.796647162,302.045620622,304.688631096,313.445461458,319.971035291,322.698316836,312.19894383400003,316.879629433,320.61805998
11_CAS,4.E,Other,CH4,32.816274593,33.086744125,33.357235086,33.678073096,33.964793060999995,34.230589387,34.524514375,34.824782317,35.103064489,35.400095737,35.685095188,35.984189599,35.103313351,34.227433351,33.356889341,32.525706995,31.698468988000002,32.06221835,32.427964176,32.784946725,33.095821881,35.041943835,31.78216455,30.937868738,25.658319293999998,23.138655628000002,21.971824168,44.655111025,40.404500539,42.310487133,43.016653786,42.520634908,40.446883662999994,42.90427464,42.909367977,46.154927224,39.071951603,39.106831943,40.061265477,36.683628700999996,39.879757546,57.237126865,37.796927337,48.686242201,59.10374977,56.336703892,67.01911829599999,66.43961977,68.943656976,68.215985584,75.448709226,75.699338106,82.486553183,80.04345930599999,82.705739498
12_MEA,1.A.1.a,Main Activity Electricity and Heat Production,CH4,0.71669438766,0.71871731466,0.84857696564,1.03362035664,1.15186035298,1.4148507144,1.641185527,1.996351357,2.477081717,3.100447374,3.8417415150000003,4.194499881,4.7290007659999995,5.181426083,5.84619343,6.349548243,6.7409155080000005,7.091441153,7.6874037390000005,8.106889341,8.427954046,8.312836613,9.743282308,11.354945296,12.568618155,13.040677727,13.394454081,14.998983004,14.935428757,15.095063057,16.1272955501,17.530873299,18.336934517,19.5011243244,21.3541010264,23.189440471,25.1941416614,25.850462805,28.956748456071,30.618260086226,32.520762670849,33.5063656731,35.9114742064,36.7961824347,39.2413782857,41.6799588287,43.0336151717,45.8990373361,45.2021838238,45.5988418951,46.184220561800004,48.333074363,49.2818232636,50.47120709989,52.0898022225
12_MEA,1.A.1.bc,Petroleum Refining - Manufacture of Solid Fuels and Other Energy Industries,CH4,0.884924378,0.870650889,0.915001251,1.029712673,1.073284393,1.133318767,1.3180471679999999,1.444020705,1.639500583,1.8001592960000001,1.718673512,1.771314175,1.98154356,2.0384583000000003,1.944397808,1.927860496,2.13412439,2.282376459,2.542113967,2.607087292,2.098463343,2.025350385,2.1265794209999997,2.362588366,2.468063012,2.670566542,2.7334214,2.9503955840000002,3.065024008,3.7127305209999997,3.796963945,3.8967987710000003,4.149951919,4.513394191,4.843063562,5.309907057,5.387126623,5.572845936,5.682504468,5.814229041,6.1961647730000005,6.419238126,6.708363884000001,6.870754115,7.356498515,7.3019832330000005,7.528212209,7.870708014,7.898847117,8.225211089,8.498358849,8.722830296,8.972315437999999,9.344487594,9.510153761
12_MEA,1.A.2,Manufacturing Industries and Construction,CH4,2.172952316,2.172952316,2.307501126,2.506903347,2.731248504,2.923165969,3.1720295050000002,3.464927937,3.720951431,4.600790872,5.236970191,5.6132374910000005,6.014982408,6.087659683,5.266267576,5.5281321781,5.4864476689999995,5.818727044,5.986622957,6.389799154,6.492919627,6.97124801,7.131786858,6.938955858,7.294633654,7.516745179,7.891232528,7.8900621,8.017419939,7.886389827,7.912148339,8.489568626,8.609107804,8.568197003,8.570051885,9.015360356,9.53503534,10.337984598,10.726793074,10.743272889,11.532391608,11.013157439,11.121457497,11.551991865,12.011101447,11.732948964,12.077269053,12.500161227000001,12.325993800000001,12.204993508,11.890882325,12.791089759,12.885988299,13.516754646999999,14.214938921
12_MEA,1.A.3.a,Civil Aviation,CH4,0.0041118921,0.0041118921,0.0030272670999999998,0.0042571163,0.005405992,0.0055041821,0.0050792206999999995,0.007137890500000001,0.008098287800000001,0.0100482262,0.015072239099999999,0.0161695909,0.012092882,0.014853894300000002,0.0137959139,0.0136280661,0.0132982548,0.012564686799999999,0.0128961149,0.0146817179,0.0163621649,0.0183898309,0.0197307953,0.0200858303,0.0235597513,0.0244334763,0.0268743663,0.027740389299999998,0.0256379373,0.029167830300000003,0.0295525216,0.0269268436,0.0292939456,0.026821608599999998,0.029746887,0.033435995,0.03537299,0.036796919,0.044676821,0.042010026,0.044182292,0.0403086711,0.056599936100000005,0.0597035056,0.0621944763,0.065395888,0.0653565728,0.067796281,0.0669526805,0.0611990635,0.04234267253,0.0612491575,0.053967131599999996,0.0603835264,0.0630867259
12_MEA,1.A.3.b_noRES,Road Transportation no resuspension,CH4,12.718336664,12.542179469,13.648385171,15.2126011,17.510324659,19.021248895,22.119107996,25.521231988,28.678419613,31.529987245,34.330580964,36.738711212,39.697172646,45.468705605,47.918180169,50.936257278,51.103936694,53.246813391,54.627580124000005,59.904399938,62.528932407,64.560181691,70.703870267,74.708955047,77.477712574,78.48777043999999,80.88070355,78.878583182,85.754469621,89.74460070399999,92.744528562,95.39209493999999,96.933028375,96.026772921,101.545732558,111.532694915,104.72380685,105.914448563,121.095123621,136.148745161,154.881565488,163.629219455,174.986248059,173.940256459,177.488999282,166.795283942,156.90861995100002,153.61542606,149.704606378,152.507076502,150.40668213200001,162.263912811,165.276464613,170.387957741,172.74193146099998
12_MEA,1.A.3.c,Railways,CH4,0.012578647,0.012578647,0.013656815,0.014555288999999999,0.0154555934,0.0163540674,0.0174322354,0.018149198999999998,0.0190495034,0.0203073674,0.0212058414,0.022643484709999998,0.0221046258,0.02210462925,0.02264367189,0.02444073976,0.02282358797,0.02138600172,0.01725282048,0.0062913150299999995,0.0048538765200000005,0.00323696243,0.0026975762600000004,1.98318e-06,1.92751e-06,2.14922e-06,2.1312e-06,2.05963e-06,1.98923e-06,0.00699524,0.002336035,0.00215634,0.00143756,0.00179695,0.00395329,0.00431268,0.004851765,0.00431268,0.004658378,0.011852398,0.0179195518,0.0091793629,0.009722567599999999,0.0097252804,0.0247212601,0.0102802973,0.0158354461,0.0101694483,0.0167503132,0.0298616622,0.0217370658,0.0201384487,0.0252938792,0.0252241589,0.0253504253
12_MEA,1.A.3.d,Water-borne Navigation,CH4,0.044872095,0.044872095,0.046668289,0.048400095,0.049611807,0.050206798,0.051753802,0.053917476,0.05545639079,0.06028429079,0.04958097846,0.05414875162,0.07183709255000001,0.06536353331,0.05386656835,0.05893219281999999,0.06414423421000001,0.04879528855,0.026448095999999997,0.016884,0.0,0.0,0.0,0.0,0.0,0.0,0.0,0.241286569,0.210235548,0.186149015,0.22480046,0.149024517,0.15415220400000001,0.199731735,0.137059894,0.132786817,0.122246544,0.12908348,0.119967555,0.121961674,0.1575876856,0.10604500189999999,0.0804057575,0.08239683760000001,0.0974939805,0.0755581751,0.0735820284,0.0578655119,0.060345652699999995,0.0854153634,0.0627282643,0.0700107078,0.09122121309999999,0.1283932945,0.1339461734
12_MEA,1.A.3.e,Other Transportation,CH4,0.02209235,0.02209235,0.022761806,0.023431276,0.024100745,0.024770202,0.025439671,0.02610914,0.026778597,0.026778597,0.027448066,0.027448066,0.028117536,0.028117536,0.028786992,0.028786992,0.026778597,0.0,0.0,0.0,0.012309301,0.013614301,0.017317798,0.018798301,0.019889999,0.021084152,0.024193895,0.026739484,0.025547675000000002,0.18698174999999997,0.17490443700000002,0.132809236,0.12429760899999999,0.14821287,0.12587898,0.147451911,0.139740349,0.188147026,0.164923336,0.446056461,0.0702372,0.117870008,0.062055174,0.089173125,0.48307594600000003,0.601473677,0.131501554,0.062729425,0.065933601,0.054399986,0.055568111,0.065980737,0.070509503,0.062299939,0.061075206
12_MEA,1.A.4,Residential and other sectors,CH4,53.828251795999996,53.828251795999996,54.928187531,56.351982523,57.794432422999996,59.433403399,60.939509469,62.440963482,63.697334943,65.59254763,66.598999077,68.554977806,70.45061127400001,73.867185198,75.25248836099999,77.264624098,78.264416726,79.522580086,81.549550269,83.092507825,84.041835792,85.829710993,88.816122312,90.530015423,98.277747982,99.22023561900001,103.512367924,105.375050808,107.003769507,108.345614699,111.054129328,112.214011732,115.238720087,118.840180773,136.57581910300001,145.63376326899999,151.475622813,146.552459388,144.023839023,145.265478374,143.607341478,143.61174026,144.40015558300001,144.787335298,144.692668138,145.60856651699999,147.41247691700002,147.81196899100001,150.508275421,154.75669142,157.027362104,159.017053535,161.87298098600002,186.861584756,186.935248433
12_MEA,1.A.5,Non-Specified,CH4,1.232306812,1.232306812,1.255656983,1.288928245,1.29530236,1.3007756510000001,1.364478627,1.453566284,1.514374336,1.659203381,1.661155226,1.74097617,1.8309618859999999,2.08334417,2.296133861,1.979001002,2.234816957,2.263353329,2.629320704,2.432673133,1.549130684,1.680987289,1.874370708,1.883668593,1.67434665,1.8320084589999999,1.627432202,1.584708829,1.606709796,1.923562744,1.933936514,2.893138294,2.034361389,1.899281601,2.003548999,2.217605154,2.657763353,2.883144907,1.7721959569999999,2.28157422,2.370324309,2.420160188,2.3861028849999997,2.333518888,2.2403624449999997,2.138726691,2.2249726549999997,2.355005963,2.6857076699999998,2.68820565,2.670344266,2.387772294,2.652300802,2.5527344,2.534974961
12_MEA,1.B.1,Solid Fuels,CH4,271.785497434,269.779404205,277.240555657,285.42379315299996,289.654618825,293.182036869,295.900691931,298.000597951,297.499499057,303.352988052,306.39281985499997,309.883183998,316.555576101,323.150654862,324.411587994,327.984913076,330.966285119,333.118693435,337.01557082,331.72850220600003,334.46997896,340.472534988,337.906232971,352.191105927,381.99334530000004,387.27102027800004,385.72286931,382.865294338,385.108338703,380.900004571,388.546790552,400.546183766,418.63798734,407.726511656,396.18443733500004,388.322955646,380.161134623,368.727516223,367.666861798,363.313342109,366.716142906,372.37838097599996,373.250715836,376.40098153499997,380.092282207,386.099022961,394.637103847,402.01098451,412.28723502099996,416.16020273000004,420.550036541,431.196361936,439.874071098,441.007009954,441.378302602
12_MEA,1.B.2,Oil and Natural Gas,CH4,16096.048537761,16097.443327740999,16408.941704833,18132.922353759,16784.325501637,16898.808085901,16776.592398363002,16815.143406596,16787.807284824,16946.592955554,13746.900452779,10146.975100894,9866.683640684,9759.428985683,10045.163684579,10194.734460380001,10958.834587645,11812.377300751,13350.25106835,14534.813724124,14093.928990334,12760.521154412,13298.282800461,13946.776687408,14500.466300697999,14612.034920041,15235.53850305,15601.168244545,14589.411461269001,14713.833537791,16109.688355743001,14873.983018367,14046.759777889,15975.354053673,15813.586986832,16102.667800567,16505.369649516,15691.337763897,15983.115555661,15630.372711235,16065.009735128,15852.826932792,16261.335168963,15990.608353628,15790.178224975,16068.352997615,18140.483072891,18396.844413013,18496.247393921,17943.682765112,16017.240588442999,16949.317277615,18090.029220225002,18221.332478325,18299.269655782
12_MEA,2.B,Chemical Industry,CH4,6.08136462,6.0864036200000005,6.10512002,6.11698702,6.120208174,6.08848327,6.1133111200000005,6.128062291,6.141152528,6.140868992,6.121336625,6.119331588,6.141097691000001,6.17264352,6.6562243,6.509573672,6.902843807,7.350183205,7.197430453,7.0772720069999995,7.265587844,4.516745676999999,4.5546715639999995,9.326783432,9.803950639,9.975591663,10.507292265,12.438500224000002,18.905823325,17.046689962000002,16.998315647,21.662876575000002,22.19824747,23.079273716,24.7012616,29.214308315,36.807593157,35.363522009,39.856598444999996,44.189946981,49.64332913,54.512931123,54.486323516,53.466166528,57.069602888000006,58.269323686999996,61.849471542,65.097449412,63.848005662,65.44544515999999,66.813769385,68.347273624,69.126159617,70.643843735,71.562617096
12_MEA,2.C,Metal Industry,CH4,0.040427199999999996,0.03663488,0.041373700000000006,0.048825,0.13683688,0.1324195,0.14342434,0.1476525,0.1595051,0.13621409999999998,0.1272722,0.1360708,0.13440447,0.17084757,0.1718832,0.22794024999999998,0.22799930000000002,0.2355626,0.230914,0.2096837,0.2132859,0.2921123,0.3248192,0.367357,0.36392929999999996,0.46621429999999997,0.5278257000000001,0.47815700000000005,0.2698521,0.4309554,0.4509413,0.449803,0.4670788,0.54607028,0.613284,0.5919099999999999,0.57019,0.54543,0.61173,0.595844,0.6467671,0.6961035,0.7024927000000001,0.6933536,0.6956557999999999,0.584293,0.6205597,0.6251133999999999,0.814779,0.8320297999999999,0.796936,0.926882,0.981687673,1.011037271,1.044294609
12_MEA,3.A.1,Enteric Fermentation,CH4,2218.4749943,2248.95422456,2248.0874176,2310.78143768,2354.36636428,2412.8005278,2428.1325477600003,2440.9293843,2516.82469932,2584.43379412,2670.0676314,2741.24152872,2763.81831594,2825.53345554,2864.70279742,2898.6485822,2887.22127892,2919.42983144,2921.6255198999997,3058.17081306,3124.8492424,3102.18641472,3332.11201086,3427.8237086599997,3524.1161037,3568.9532047000002,3676.99170432,3810.31888152,3933.02547506,4036.20421272,4153.0239544,4239.70284568,4256.86061768,4407.3812306,4495.6929494,4620.613613,4717.04642446,4816.918999959999,4761.31755342,4785.06459726,4832.7812661,4831.49258874,4956.1791731,4971.68651466,4768.18405966,4796.7554293,4828.0084533,4737.5825515,4809.9854812,4643.028705392,4811.65086009,4890.566675589,4987.661460227,4897.9757991629995,4926.109571276
12_MEA,3.A.2,Manure Management,CH4,81.711743121,82.931521855,83.166869957,85.326982603,87.26214664700001,89.10075411300001,89.461115824,89.769431568,92.32264165800001,94.954587851,97.72784710500001,100.230073504,102.39692164,104.897701517,106.68480525,108.29117850200001,109.62550713899999,111.414156432,111.98318859400001,117.450878536,120.812731046,119.019946147,127.71556974500001,132.619776198,138.006500526,140.980103112,144.605529674,149.855711335,154.359682842,157.077788736,160.80163148900002,164.162687478,165.50906662,170.64479156599998,176.03012211200002,180.614011774,184.659267853,188.347907009,186.32519981000002,191.159262211,192.536641292,193.26538527,199.497528289,200.795036923,196.09684023100002,197.644061429,199.91761288499998,199.01467456999998,202.35171997100002,201.923508037,209.976405779,214.13801203,218.045494016,216.00856975599999,218.89917168099998
12_MEA,3.C.1,Emissions from biomass burning,CH4,8.33354248104,8.044349201700001,9.8966454305,8.0616071047,9.91660774975,10.1703017933,11.34059042995,9.65818795404,10.51124281349,8.72738793825,11.01027259949,12.188105065390001,10.62986134887,11.26510914428,9.48304793981,15.012640104429998,14.679286772840001,12.07186105151,17.58951856389,12.971790307400001,14.3870329207,17.8662054994,20.277783567599997,18.3802829508,20.589203271800002,17.399117962400002,19.2792127406,17.8162209167,19.3164489733,14.5675055489,13.918911706800001,18.24251450469,18.94476433758,21.97311238736,17.608209558869998,24.323386938509998,21.95160772861,21.80446856524,17.57613563453,18.850653520999998,17.6882256782,20.127473729640002,17.5026354273,22.477179956500002,24.3686607375,17.85388921198,22.4409931388,18.8088387317,20.8079166843,22.99550105166,23.57526778826,20.27649813714,20.33384212344,19.917456247929998,20.62568565677
12_MEA,3.C.7,Rice cultivations,CH4,202.81902308899998,201.471861233,206.34855617099998,194.8947161,195.03221069,201.51273613,201.52829310700002,196.894549308,194.433096068,193.108403934,197.22157117999998,197.1647927,207.906344525,192.22597233,192.3373258,197.433208275,205.44765016,215.02230508,183.51086793999997,215.71703004,226.555322242,246.754716661,263.215226457,272.129089099,289.377030179,290.167951571,295.692824699,303.946029079,279.495139692,308.26130347,289.85661028000004,265.508068948,316.195515956,302.874825526,312.457318604,310.873802438,329.739959395,337.001137261,324.246026452,272.818301851,245.11725712499998,276.00906490200003,298.36278232800004,294.131101619,280.005510416,251.445512457,284.165897293,283.39134535600004,223.465082624,350.130707483,328.314622871,274.106768492,287.94389566899997,325.347091111,343.28822753
12_MEA,4.A,Solid Waste Disposal,CH4,562.445190454,611.19442783,643.3126624820001,677.167525218,712.882531244,750.567300853,788.146356387,827.529550766,868.936257358,912.559156822,958.559587932,1005.790155526,1055.337446341,1107.053345776,1160.8185210489999,1216.386391152,1269.468062455,1323.510457224,1378.05212736,1432.04535657,1484.8070862569998,1545.554006888,1628.905405279,1705.138895933,1780.106888625,1851.8129215029999,1939.111851015,2029.506263751,2129.839261451,2224.050484741,2327.719020465,2389.849886111,2445.418526909,2504.502100131,2603.883609453,2702.06159668,2810.589913861,2915.915888815,3035.394424076,3136.919102334,3248.63550421,3343.205063914,3451.21566211,3550.236673493,3646.932221013,3731.0188982619998,3847.240359791,3953.022661711,3997.7900778109997,4105.545214472,4227.392141395,4325.264338799,4447.894556158,4544.049313142,4642.378298626
12_MEA,4.B,Biological Treatment of Solid Waste,CH4,8.02057306,8.312405435,8.627565724,8.958713491000001,9.294440291,9.62620699,9.927988958,10.225216645,10.518571276,10.810124215,11.101876487,11.375240745,11.649804249,11.927211385,12.209472804,12.498931632,12.769150081000001,13.045881764,13.340423453,13.667457278,14.036445050000003,14.448810876,14.902518698,15.379297133,15.853466314,16.306292164,16.742135266000002,17.157291388,17.55626346,17.947216881,18.371348731,20.045866178,20.651130245,23.186059462,22.549863804,22.798123556,23.091506153999998,23.706764931,24.355096442999997,24.990562036,25.532262988,26.476460785,28.471596903000002,28.897444908,30.039297905999998,29.786506841,29.971830343,30.495563669,30.741246593,31.577899725999995,32.076515104,18.10558357,20.345408284,18.427402059000002,17.326196368
12_MEA,4.C,Incineration and Open Burning of Waste,CH4,0.084265657,0.084265657,0.087407592,0.090624687,0.093914256,0.09727485,0.10141448700000001,0.10566315600000001,0.11006308599999999,0.114676409,0.119547054,0.125077038,0.130882366,0.136947538,0.14324138,0.149727403,0.156082329,0.162599382,0.16916364199999998,0.175628147,0.181895461,0.187699806,0.193290854,0.198782236,0.204337783,0.210074563,0.216022587,0.222161256,0.228454221,0.234839079,0.248823801,0.258085538,0.267224067,0.276429977,0.285968793,0.296042211,0.30243398,0.309398765,0.316916017,0.325046014,0.33378532899999996,0.342780661,0.353584246,0.357616765,0.36871656799999997,0.37949822499999997,0.392442591,0.40207825599999997,0.41136287400000004,0.420449865,0.429454414,0.437660923,0.45223159900000004,0.462262267,0.472532055
12_MEA,4.D,Wastewater Treatment and Discharge,CH4,379.035559087,391.255953003,403.238468388,413.829469263,425.389782092,436.562958395,450.62431949,463.048112352,476.990100049,496.063431095,510.752730984,517.333826221,530.640117692,549.232674365,585.292889278,622.103871134,642.966429291,662.064859585,674.209050094,687.6259098,691.401514826,677.385716554,687.109132168,707.352786272,720.026365065,724.254095836,723.658376131,718.805658372,750.8747566679999,738.849648644,728.059754695,775.87262064,811.340153784,819.1982646399999,843.289252178,887.165880504,952.627031558,991.39167677,1035.202744387,1095.474200031,1203.5195967079999,1268.757222213,1297.254569192,1326.258995535,1367.9554931760001,1388.516752709,1442.895778066,1505.143060081,1552.3590838999999,1568.3893311049999,1600.598524907,1639.979039858,1666.424107745,1701.977479813,1726.743043213
12_MEA,4.E,Other,CH4,5.1477882033,5.3131297816,5.5506992009,5.6907021712,5.8947937817,6.04941949,6.277496927,6.564109566,6.875123555,7.146486208,7.429652641000001,7.749141778,8.108525503,8.459204403,8.797330831,9.165568903,9.493286241,10.025330784,10.381420271,10.718416828,11.064763659,11.355675008999999,11.744631989,12.007875747,12.399769263,13.044181162,13.511909309,13.943446633999999,14.175755907,14.53255752,14.772761024,15.584251309999999,16.024191527,16.502605659,16.377192897,17.144308085,17.887388245,17.188757951,22.548413078,17.912412774,17.920815504,22.850120391,23.597767400000002,19.393561498,19.413982295,19.635609835,19.58653531,21.886151437,22.137427628,22.871361191,25.210125210999998,25.210125210999998,25.562375771,26.297620638999998,27.11654201
12_MEA,5.B,Fossil fuel fires,CH4,0.0,0.0,0.0,0.0,0.0,0.0,0.0,0.0,0.0,0.0,0.0,0.0,0.0,0.0,0.0,0.0,0.0,0.0,0.0,0.0,0.0,18.87482419,0.0,0.0,0.0,0.0,0.0,0.0,0.0,0.0,0.0,0.0,0.0,0.0,0.0,0.0,0.0,0.0,0.0,0.0,0.0,0.0,0.0,0.0,0.0,0.0,0.0,0.0,0.0,0.0,0.0,0.0,0.0,0.0,0.0
13_AFR,1.A.1.a,Main Activity Electricity and Heat Production,CH4,0.80635910626,0.81031768026,0.8508277002799999,0.92024819608,0.99944732803,1.0823401502699999,1.1976775982,1.1971255909,1.0237055449999999,1.0921162605999999,1.1945215060999999,1.3220965272,1.438895008,1.4809253995,1.5467353982,1.5487253203,1.5736798385,1.6827248049999999,1.6659620608,1.6659805048,1.80799252708,1.8284718715800001,1.92612421289,2.0525477898,2.0517939719,2.1681207723,2.3261703318999998,2.5562471601,2.8038312508,2.784753516,3.0423186269999998,2.9928981715000003,3.1044484041500002,3.17836701282,3.43887902509,3.55638185468,4.09769051086,4.02575258553,4.28391449802,4.3363443684,4.7562984417,4.56294597854,4.78079984942,5.0900775847,5.5805768681100005,5.87019172935,5.89126016428,5.47997390858,5.8160918628400005,5.95557757421,5.9328261617,6.0999245673399995,6.24753994875,6.1843912763699995,6.34534095418
13_AFR,1.A.1.bc,Petroleum Refining - Manufacture of Solid Fuels and Other Energy Industries,CH4,0.0998776385,0.0995347255,0.10905938409999999,0.1231350591,0.12175655910000001,0.1461576815,0.1374664294,0.1379769901,0.1396919089,0.1610254193,0.17150405600000002,0.16636074704,0.161102421,0.179216335,0.178150338,0.23831113899999998,0.205019446,0.24009567199999998,0.201728263,0.221442277,0.20065413099999999,0.313960946,0.363825334,0.318334324,0.30766626500000005,0.306612716,0.319523661,0.3449719181,0.321391103,0.35443688100000004,0.40642838800000003,0.947490011,0.937437945,0.8425342760000001,0.9123776369999999,0.914163551,0.892228649,1.0098804730000002,1.0771296879999999,0.801087888,1.196368624,1.2860628749999998,1.344052818,1.301884987,1.337901281,1.333669852,1.362684062,1.468542332,1.422667994,1.437535542,1.358756986,1.308910424,1.19614967,1.2019429629999998,1.257290725
13_AFR,1.A.2,Manufacturing Industries and Construction,CH4,11.725656727,11.7256567265,11.9557910067,12.712727771900001,12.735647136599999,13.344122023399999,14.26542353513,14.5228210444,14.5966860825,14.8745927491,15.348686763800002,16.1571487314,15.3311863539,14.310496422,14.6684436823,14.6860212909,14.769244535999999,15.3336696527,15.8792250939,15.8162214711,15.8522276359,15.7247914771,16.0242843642,15.2012898519,15.511030175070001,16.336415713,17.17020152203,17.93507491695,18.831364943820002,18.52303958054,19.1698246771,19.03840653907,20.791293911689998,21.89761993647,23.49841852141,25.049207495,25.679361690740002,26.47407484927,28.24817297572,31.26795061199,31.36017700097,31.642982976130003,31.49169855451,34.47214903336,29.992983470680002,29.7072287117,29.793415989,26.75861442027,29.86957377051,31.652949304870003,32.96857447632,34.570401424319996,35.74147342565,36.855811035717,36.88078729981
13_AFR,1.A.3.a,Civil Aviation,CH4,0.00508996741,0.00508996741,0.0050444606,0.00569110726,0.005981131339999999,0.0070286891899999995,0.00729427455,0.00767591283,0.008030791990000001,0.00903570947,0.00932863227,0.00970789064,0.00879343148,0.00935485063,0.01000058344,0.00944403309,0.009153768520000001,0.01009534293,0.010739102510000001,0.013558399799999999,0.010770925249999999,0.0106586953,0.01233651879,0.01362087465,0.01416114366,0.0158454251,0.0164835739,0.0176149312,0.017344721299999998,0.018054159299999997,0.0183541137,0.0186524214,0.019343047000000002,0.0288240035,0.031964541,0.03198712,0.0317723649,0.0337942176,0.0235157018,0.0212626746,0.0257666879,0.02576000661,0.0216555779,0.0211651931,0.02006075024,0.02144356601,0.022953796340000002,0.02446820364,0.02383537241,0.0192080906,0.01148934247,0.01544535708,0.01946627757,0.0222404424,0.024206880139999998
13_AFR,1.A.3.b_noRES,Road Transportation no resuspension,CH4,8.880313799,8.821122375,9.599960306,10.341931103,10.118852259,11.204053377,12.049404331,12.721948075,13.784886149,13.139139615000001,14.153153176,14.682717771,14.808230292000001,15.000003556,15.580387575,15.301579516999999,15.501870972,16.860930842,18.182213564999998,18.799239613999998,17.924374894,19.513046598,20.49804268,19.697570586,19.624739157,21.83409441,22.020640091,23.801597162,21.609460266,24.056785666,24.096888420000003,25.277972835,27.237288482,27.999726588,29.195300569,29.326085557,28.604219742,29.595676371,30.685877733999998,31.914556748,33.743123076,35.996827493,38.0798609614,42.380888355,42.649597588000006,42.792586616,46.3890834007,46.325321604,48.0138006519,49.7468047648,45.7494500691,51.4052577306,53.531403564,52.3350070802,53.1496891428
13_AFR,1.A.3.c,Railways,CH4,0.35659998099999995,0.35659998099999995,0.331115044,0.311569043,0.26743795216152,0.27644587815126,0.21650990984799998,0.20244079646,0.18166853603500002,0.159538216022,0.16006182597700003,0.147388848723,0.131132832805,0.118745454592,0.112433148681,0.100630932806,0.113171031067,0.096509999978,0.07719657475,0.061040621765,0.052571408844,0.03878458378,0.046902819188,0.083291133534,0.070206170473,0.061300708986,0.052536695086,0.053253782059,0.056205687966,0.069331542,0.061528849000000004,0.060086661,0.065698385,0.063260535,0.057481832000000004,0.04080239417,0.04313549794,0.04136922206,0.03662651309,0.0381211464,0.0456649333,0.0554913266,0.08114582449999999,0.0991236747,0.103470949,0.114646529,0.11551462600000001,0.106607509,0.113262753,0.13271244499999998,0.13395927600000002,0.141187515,0.147752353,0.147046567,0.146532171
13_AFR,1.A.3.d,Water-borne Navigation,CH4,0.051202914999999995,0.051202914999999995,0.055780913,0.058779024,0.061884927,0.06347462,0.073129014,0.07442610599999999,0.07569112395,0.072941604982,0.07480438357,0.07818998269699999,0.07946548935,0.07513890386,0.0766218619,0.07844095585,0.071229264325,0.067312790127,0.07569589,0.068159674,0.07290289408999999,0.07231769302999999,0.08017519836999999,0.08045658019,0.07928551954,0.08095079695,0.08822662961,0.09198238755999999,0.09141175306999999,0.09702928517,0.06338623873,0.06555367495,0.06588656992,0.0972173773,0.0767868578,0.0721711478,0.0718291205,0.0791982639,0.0846248864,0.0895014037,0.0906049543,0.10199532210000001,0.1405793573,0.1738814831,0.1676754033,0.16010789549999999,0.1662956862,0.2427719022,0.2696694047,0.2919002813,0.25785856409999997,0.2758622238,0.3189938807,0.3050193763,0.31822430069999996
13_AFR,1.A.3.e,Other Transportation,CH4,0.0,0.0,0.0,0.0,0.0,0.0,0.0,0.0,0.0,0.0,0.0,0.0,0.0,0.0,0.0,0.0,0.0,0.0,0.0,0.0,0.0,0.0,0.0034164,0.00064875,0.00121452,0.001038,0.00168675,0.00142725,0.1669941,0.00140425,0.06436132,0.1595876,0.0294485983,0.0002365,0.0106285019,0.1211944993,0.0410521976,0.000473,0.00141835,0.00045377,0.0029354312,0.024001854080000003,0.00742705411,0.00769983373,0.00628288398,0.0043863336,0.0063037153,0.0093360744,0.013511465600000001,0.017733418600000002,0.0205092434,0.0243811102,0.0303592148,0.0302529155,0.0307292649
13_AFR,1.A.4,Residential and other sectors,CH4,895.59228674205,895.59228676305,916.698754826696,938.0321251631719,965.649757791723,984.251513815752,1010.68314777203,1031.7181562671801,1046.14954740419,1062.70817874444,1085.23547910655,1083.14274922619,1099.35372915942,1109.4777518312899,1138.40135797959,1173.92383825954,1198.82344480644,1230.92261333275,1267.79250462064,1306.47168645077,1355.84585227855,1382.37819309815,1413.69582253976,1451.19650250616,1512.483967936,1569.91514888765,1603.260556659473,1648.346786451637,1688.06217878528,1736.0943154423142,1639.79959415524,1665.012057222207,1711.637070552017,1761.554407487534,1805.268092273044,1850.971122734204,1888.393526807748,1894.7232813732721,1940.163583619125,1984.1341933368149,1983.811317203238,2051.761369085816,2068.963781615816,2130.581778603766,2195.593671265417,2216.978366542032,2265.269530344391,2366.00016414475,2344.437940432341,2370.399083680831,2445.668224331313,2508.694704559951,2549.429281098086,2598.215031320229,2599.575937485826
13_AFR,1.A.5,Non-Specified,CH4,8.414304167700001,8.414304167700001,8.5873968875,8.8069337767,9.051322816,9.214544386,9.38903299565,9.66735707265,9.87825020472,10.059023798270001,10.4965253187,10.64039148492,10.856631475430001,11.44355802094,11.35817538471,11.68586202662,12.2042039404,12.897529616699998,13.125682596089998,13.72724809338,19.09991609059,19.50827512447,20.23078281794,20.719088751890002,21.26787328756,21.96469929862,23.699319272826,23.130624426533,22.812069379984,18.579942000159,13.617195218903,13.874494591811999,14.307525588647,14.712454459323,15.250439106106,15.727536494178,16.208336711582,19.629185148244,20.205833522749,19.623999420229,22.490953796998,18.854886030696,20.100559453776,21.811655826013,22.180092092898,22.107237098828,21.75532110635,22.926281077722,23.051306481269002,23.220298807273,23.604442785431,24.007580982722,24.302215965096,24.081736252376,24.0894373328
13_AFR,1.B.1,Solid Fuels,CH4,1174.930825405,1163.14326103,1165.094991336,1203.960373806,1242.049183325,1275.218750601,1333.288996476,1397.9117353840002,1457.876806321,1559.393176395,1646.1023133,1740.816775531,1821.956654844,1874.44975093,2005.330799049,2091.35183614,2132.033697461,2166.2051005720004,2222.290393367,2221.795687544,2396.006641465,2436.2851223019998,2430.056542531,2521.100628987,2603.866431501,2668.239664706,2736.546050286,2847.581196877,2868.037672395,2958.480619915,2926.715094589,2968.916092756,2993.7743606589997,3138.95175977,3237.405834846,3314.889533995,3386.900450786,3497.200492538,3604.16705321,3642.922968903,3767.213724548,3995.06890983,4452.048994243,4574.058273383,4720.945780951,4769.905900085,4809.141191525,4975.5226327870005,5106.678955274,5148.3816067,5133.710122065,5279.985594388,5454.667567541,5501.120177123,5512.999564927
13_AFR,1.B.2,Oil and Natural Gas,CH4,4057.0231839908,4057.0443368558,4819.6443762526,5503.221605283,6097.458401508,4945.8434757802,5823.8501091894,5844.961505220519,5324.2376252720005,6406.0977266729,5849.792399968,4376.7105521192,4122.35432257878,4072.15370959156,4611.576708094,5047.80269793348,4964.72347295197,4690.277802016501,5020.88808046962,5780.61768260697,6112.7035714412,6271.717876111601,6701.613215663479,6960.66921257116,8295.13289090444,9379.44929922178,11277.646710798359,10513.25195399333,10026.733016974,9520.845576033,10314.42199118,10141.00539398,8272.280630947,9120.276349468999,8919.5998994606,8558.781771499,7703.878023648001,6850.251926467,6727.290892464,6461.904313022,6761.778209878,6830.538556955999,6792.613244521001,6312.1537159621,6347.4230611945,6396.9919559548,5765.3612380475,5719.463752117,5716.614808081,5905.160983318,5019.289450534,4512.177867657,4186.373330799,4348.5359798816,4473.873484695499
13_AFR,2.B,Chemical Industry,CH4,0.05311,0.05323,0.05335,0.05395,0.053829999999999996,0.05395,0.05413,0.05425,0.05425,0.05425,0.05425,0.05497,0.05515,0.05515,0.05515,0.05515,0.05515,0.05515,0.05515,0.05515,0.05515,0.05515,0.05515,0.05515,0.05515,0.09425,0.09425,0.09425,0.271685,0.397542011,0.379454989,1.7633865899999999,1.8255084209999999,1.886999989,1.95957,2.032140011,2.118509989,2.1335800000000003,2.148650011,2.1726899889999998,2.18776,3.191408421,3.536004689,3.55087,3.55087,3.55087,3.55087,3.55087,3.55087,3.55087,3.1095599060000003,3.422296161,3.1265581520000003,2.8971926020000005,2.945076045
13_AFR,2.C,Metal Industry,CH4,11.101512,9.916780000000001,10.094432,10.620575,10.052444000000001,7.684792,7.366913,6.393177,5.766608,7.110918,5.898017,5.620025,3.092209,1.4557215,2.742855,2.847427,2.514851,2.564199,2.744285,2.734061,2.679627,2.471009,2.225879,2.335982,2.977762,3.235972,3.1823770000000002,3.584725,3.946604,4.030312,4.683655,4.073713,4.483846,4.98645,5.191813,4.921995,5.244075,5.876885,5.1208089999999995,3.5630611,5.4416519999999995,5.350885,4.828003,4.989683,5.810811,5.361284,4.852949000000001,5.044257,5.1461585,4.780995900000001,3.3195628,5.021647,5.285987748999999,6.266047868999999,7.416074932
13_AFR,3.A.1,Enteric Fermentation,CH4,6213.80665402,6275.64019064,6308.32722141,6276.10376048,6295.09076733,6397.04004605,6495.29160238,6705.84193155,6898.05926472,7062.89179642,7069.21253098,7134.87406239,7307.68290218,7372.99654034,7174.68343443,7247.01451308,7386.095148840001,7359.99189927,7532.88099828,7727.09093733,7873.07714895,7969.97309674,8040.05884894,7869.12225226,7976.513567,8174.036965,8290.05706074,8543.18438994,8817.07702256,9174.42794474,9175.3106858,9401.0684928,9704.91368372,9936.32368358,10193.52133562,10613.4572395,10732.53719064,11653.11850808,12193.88885352,12419.56591308,12815.966574600001,13157.866588339999,13569.607763940001,13838.3620997,14105.85639936,14471.309437,14904.5909532,15028.725811,15387.3834555,16091.758162294,16701.605855106,16704.335214774997,17095.071256889,17627.624865936,18083.866505031
13_AFR,3.A.2,Manure Management,CH4,216.312674681,219.45643759,220.896768783,219.13705042799998,219.751562105,224.254797892,228.199647639,236.326964575,243.848610505,249.124981155,249.842916938,253.973220579,260.19471885,262.828965288,256.091664373,260.896292712,267.936260147,268.445320159,276.071381297,284.590491845,292.719252386,297.001990686,299.435735211,291.620788703,296.41415135,304.376548718,309.171819965,318.785202462,329.18277220199997,341.637621783,344.103031617,352.750831624,365.454563591,372.725638654,381.804147533,394.53261806,401.652027858,431.714967797,448.802064173,459.16177285,474.235936668,486.920536857,502.524804661,514.514178436,528.324638091,546.124496691,563.159290121,573.121223453,591.603367202,621.329338212,638.331172999,643.362948731,659.4833435959999,683.733214466,702.33177465
13_AFR,3.C.1,Emissions from biomass burning,CH4,65.1912086704,71.61582756909999,71.0042950981,63.2133975611,75.00520170050001,72.8934721213,73.5808204028,73.91371428560001,74.084789618,71.5881455133,74.9014357403,84.10474081683,77.26849388883,69.66855396883,73.99821930574001,81.91967419655,87.14432960297,88.14952019926,95.44415644272,100.16631197692999,93.2168726413,96.59229117577,85.5743590894,98.4678417328,104.611071784,95.1534624505,107.7728404089,106.51702355329999,104.1038203358,105.5051733792,109.9373872216,108.285890884,112.5755770853,115.588582769,119.5745319695,127.02528313779999,127.1935263509,125.5417324151,136.2577814158,134.8126699206,152.0292397224,150.6684001114,161.0824840814,166.5291148281,176.0070385637,172.097344503,175.8186626923,193.8906354883,195.65201211779998,194.8688406409,208.60089106819999,213.9000258003,217.0776168304,223.8225944066,227.2761613031
13_AFR,3.C.7,Rice cultivations,CH4,249.919490125,255.80210254300002,258.08897379,266.324610349,277.844519543,286.23790159,281.392593207,295.92564915099996,301.951372654,315.391889643,328.584972396,340.05887881399997,342.613714711,345.511303639,352.490670575,361.021942994,371.63632749299995,377.858237646,408.88514801300005,493.664905926,452.16904588,496.703630879,498.295900718,502.01612718499996,479.164326041,510.386754365,532.019899454,552.289346125,559.127048394,567.154018214,563.2660580080001,551.6776585910001,573.396847664,598.16057158,616.396943962,673.48629551,713.49553355,654.31630761,750.048799664,743.145859652,889.189316138,837.274616649,923.602151441,927.3589616370001,996.782064158,1058.561720451,1129.702467157,1107.091004765,1196.147410191,1232.6017637530001,1280.575008884,1343.839229843,1370.902754901,1480.014197062,1466.047223734
13_AFR,4.A,Solid Waste Disposal,CH4,220.862122941,262.164928143,273.641643757,285.651326424,298.27655759,311.59186378600003,325.418518635,339.942274189,355.138760391,370.90140824499997,387.147938377,404.926348015,423.41518218600004,442.515395056,462.294039969,482.816998543,506.532981074,531.487629192,557.460189076,584.614982932,613.084089791,633.413168296,651.9720662670001,670.70854278,693.787069781,723.400302444,757.346301067,788.201347874,817.6596268909999,847.3791242469999,878.924901426,916.624684112,960.5409145069999,1003.247400748,1055.437795302,1112.258021601,1169.19844364,1226.747192461,1288.016391445,1345.175999202,1415.083559973,1484.350525673,1558.096720275,1635.863944753,1719.39135218,1814.2527503869999,1879.36250089,1949.892145795,2024.354923359,2162.560318237,2311.3432150090002,2458.5044648420003,2618.3031842279997,2702.1385303310003,2788.944188603
13_AFR,4.B,Biological Treatment of Solid Waste,CH4,0.742149779,0.779291048,0.818172904,0.858404945,0.899395028,0.9407277299999999,0.974741261,1.008724759,1.04344906,1.080032647,1.119346898,1.1614141869999999,1.2064182209999998,1.2540852550000001,1.3038969580000002,1.3554495450000001,1.407908482,1.4620337670000003,1.518019746,1.576187003,1.640596825,1.691285334,1.743760423,1.7972768190000001,1.8508270530000002,1.903725937,1.8913491580000001,1.946845266,2.016928079,2.075322484,2.1334106409999998,2.200361607,2.270122792,2.34689616,2.427393513,2.529217874,2.63538057,2.7368377550000003,2.83576642,2.9899813490000002,3.1650777590000003,3.245002375,3.350889987,3.406675795,3.652830223,3.931075949,4.081301143,4.132148025,4.285461013,4.436538452,4.591388245,4.751909749,4.79764277,4.950435269000001,5.108379063
13_AFR,4.C,Incineration and Open Burning of Waste,CH4,0.1455710862,0.1455710862,0.1529949636,0.16073347,0.1687489265,0.1770172635,0.185981583,0.19522346699999998,0.20482087300000001,0.214887242,0.22551049199999998,0.236146078,0.24736355899999998,0.259031781,0.27093944400000003,0.28293906,0.294789995,0.306725645,0.319028139,0.332122951,0.346342603,0.36137336099999995,0.377642312,0.39495152899999997,0.414501349,0.455412615,0.45757237019999997,0.4609848001,0.46447934329999996,0.46880999329999995,0.49026171800000007,0.514509428,0.540100021,0.5669104460000001,0.59354669,0.606782004,0.639234495,0.673136333,0.7086669000000001,0.745412099,0.7834705240000001,0.8236803020000001,0.864757857,0.907204702,1.052710574,0.9984864469999999,1.046871114,1.097260501,1.14974219,1.20420812,1.261072091,1.319510336,1.379627033,1.435921419,1.494713487
13_AFR,4.D,Wastewater Treatment and Discharge,CH4,695.4062845770001,712.09252339,730.94093473,749.256136812,766.419438611,780.831112468,801.903335881,822.351809566,842.309269825,861.998427681,885.260190316,904.082499954,926.4078842260001,937.848594328,949.796728796,970.7847367869999,989.284346925,1010.004160707,1030.141142612,1083.750707785,1104.988930539,1127.206649917,1144.0922501329999,1163.607043092,1163.706487681,1202.714724361,1223.888071126,1256.927698196,1275.809665495,1292.16714913,1308.55078083,1343.320024591,1381.736123037,1408.875489028,1573.457355021,1600.4549966739999,1512.372360143,1554.199839836,1596.470311008,1612.502653894,1652.781130696,1695.990206257,1739.200400131,1784.879139269,1822.403251809,1863.016443006,1906.539198786,1957.849378602,2001.083619176,2047.875653378,2088.03926344,2140.018705791,2191.216700315,2240.173521887,2291.923655447
13_AFR,4.E,Other,CH4,7.7718337171,7.9454992103,8.1524147114,8.3668286426,8.588852064300001,8.821746764,9.0591541768,9.3028517409,9.562778740899999,9.8053507581,10.0795063203,10.3675699344,10.6754334532,10.9807371004,11.309565174300001,11.6634037682,12.0011828032,12.3685499681,12.762415587,13.1461208646,13.5326747552,13.9260634595,14.308826027,14.7563321937,15.2204580364,16.4680977732,16.760535373099998,17.135112551000002,17.5196235225,18.0676695374,18.5058314396,19.0966222059,19.860042087500002,20.3134367632,20.7261017183,21.556080542700002,22.2549525025,23.5792420724,24.4734873711,23.8048870882,24.8015244402,25.0668465424,70.4888227816,80.3855461182,73.1488713642,66.30857494860001,61.5528974668,230.9553123121,176.1133108235,200.7504896235,178.6587365635,182.6806662635,184.4508261055,175.14992886459999,166.51901720580003
14_CLV,1.A.1.a,Main Activity Electricity and Heat Production,CH4,0.01634276,0.016341084,0.018419159,0.020942605,0.019381627,0.021887366000000002,0.02649705,0.033019625,0.03070143,0.034136591,0.048209873,0.050931137,0.055382654,0.069083421,0.071272906,0.073300336,0.078387127,0.08680360100000001,0.098154818,0.07268264199999999,0.082362509,0.07931292599999999,0.078007058,0.078963084,0.094199614,0.105154957,0.135529441,0.18734513800000002,0.26421649,0.278149437,0.31995775,0.346026259,0.517691286,0.54382434,0.678291023,0.8419428809999999,0.92638475,1.028997336,1.1327294810000001,1.254589264,1.511982498,1.351684312,1.352163091,1.3992883699999998,1.520133102,1.6623491110000002,2.978106523,2.893310449,3.15929227,3.5394241309999996,3.376334926,3.406836279,3.646847182,3.821890223,3.9071083260000004
14_CLV,1.A.2,Manufacturing Industries and Construction,CH4,2.387684627,2.387684627,2.4431979530000003,2.5004177370000003,2.5591210820000003,2.619367953,2.681840218,2.7419574680000003,2.803733763,2.8644862199999994,3.370456135,3.4191131,3.527063957,3.6538704090000005,3.762564137,3.868960445,4.000181323,4.158163827,4.035436798,4.087783496,4.692386754,4.807994418,4.94021207,5.144229425,4.9711907989999995,5.31730226,5.376299838,5.694160004,5.951207617,6.053992343999999,6.095443658,6.372509460999999,6.446746383000001,6.154865085,6.636024482,6.603606125000001,6.808635253,6.909754057,7.637582008000001,7.837938211,8.031975261,8.43580799,8.57280592,9.237371174,10.002846489,8.663803276,9.111212344,9.670474026,12.253059043,13.848250152999999,14.895673789,17.80388157,17.019960654000002,18.496663292999997,19.438181012
14_CLV,1.A.3.a,Civil Aviation,CH4,0.0002092744,0.0002092744,0.00025976,0.00022179169999999999,0.0001442401,0.0001333055,0.0001297306,0.0001513335,0.00012420269999999998,0.0001639461,0.00224332,0.0022312524,0.0019697128,0.0023367747,0.0021057495,0.0020575570000000002,0.0027314261,0.00292991,0.003256528,0.002780428,0.0024161,0.002681256,0.004099496,0.0025768650000000002,0.003235521,0.0036691222,0.0039552762,0.0041731258,0.0035969202,0.0031231582,0.0025790018000000003,0.0021469218000000003,0.0024495666,0.0023197518,0.0023629568,0.0026651243999999998,0.0029243744,0.0036149284,0.0045439954000000005,0.0054516604,0.0076117654,0.0061424033999999995,0.0071791064,0.0080861894,0.0081722194,0.013421794400000001,0.016489272399999998,0.0174426359,0.0181387487,0.0210096585,0.0167039591,0.0103522168,0.0238040821,0.031701733499999996,0.0357104561
14_CLV,1.A.3.b_noRES,Road Transportation no resuspension,CH4,1.292577908,1.387409457,1.52013737,1.489595339,1.2164455619999999,1.244192006,0.474754855,0.30585183400000004,0.34282214,0.406765904,0.7304493639999999,0.537694612,0.595226949,0.6439367549999999,0.628872127,0.784833572,0.823353692,0.999324345,1.220364473,1.133666799,1.422979062,1.573041798,1.427097143,2.09351479,2.687567845,2.5713695550000004,2.614795293,2.6162660420000003,2.7868313380000003,3.0260589710000003,3.377007281,3.527519479,4.336680261,4.591660336,5.633087167,6.010093447999999,6.206670738,6.504807846,6.957357725,7.533758690000001,7.967602701000001,7.509989545,6.9626407089999995,6.555391959,6.175431003,6.2711339939999995,7.705830519,8.162760012,8.27456559,8.579599349,7.488486853,7.155847281,8.916969752,9.480161692,10.145427589999999
14_CLV,1.A.3.c,Railways,CH4,0.0,0.0,0.0,0.0,0.0,0.0,0.0,0.0,0.0,0.0,0.0052519,0.0040796,0.00534568,0.00661176,0.00665866,0.00487676,0.0041265,0.00553326,0.00375136,0.00150054,0.0013989685000000002,0.0021786929999999998,0.002030649,0.001460897,0.001233959,0.003543686,0.004477646,0.005014958,0.006806013,0.006626909,0.007522445,0.009671708,0.00823886,0.008417964,0.009671708,0.011283659,0.01289561,0.013074714,0.012179195,0.018089672,0.01755236,0.018627,0.020597159,0.021134471,0.023104629,0.030889123999999997,0.035355773,0.035672208999999996,0.040359757,0.047884931,0.046664174,0.059476318,0.062690373,0.06285314,0.065905201
14_CLV,1.A.3.d,Water-borne Navigation,CH4,0.000471512,0.000471512,0.000545738,0.000520431,0.000619117,0.001754429,0.0012643889999999999,0.001638062,0.0015638359999999999,0.001662522,0.001514069,0.001179891,0.0012058350000000002,0.00127346,0.001631787,0.003573804,0.003763733,0.003677649,0.0040218630000000005,0.003873711,0.004539139,0.005133658,0.005690005,0.006080777000000001,0.006935132,0.007978859000000001,0.009013387000000001,0.009717299,0.012964833,0.015404248999999998,0.016195701,0.018565931,0.018217108,0.022016184,0.023142886,0.024653399000000003,0.025489741,0.025780171,0.025768498,0.029068312000000002,0.03108972,0.025594755000000004,0.020680650000000002,0.016916663,0.02392217,0.26104468599999997,0.291110172,0.306273024,0.31565692300000003,0.3251575,0.276716095,0.252427767,0.27762634999999997,0.267956362,0.28846891900000005
14_CLV,1.A.3.e,Other Transportation,CH4,0.0,0.0,0.0,0.0,0.0,0.0,0.0,0.0,0.0,0.0,0.0,0.0,0.0,0.0,0.0,0.0,0.0,0.0,0.0,0.0,0.00021942130000000002,0.0002273537,0.000338625,0.000308588,0.000395496,0.000207314,0.000245708,0.000308214,0.000319607,0.000329728,0.0,0.0,0.0,0.0,0.0,0.0,0.0,0.0,0.0,0.0,0.0,0.0,0.0,0.0,0.0,0.0,0.0,0.0,0.0,0.0,0.0,0.0,0.0,0.0,0.0
14_CLV,1.A.4,Residential and other sectors,CH4,93.053378788,93.022175099,95.022749802,97.24602958,99.260526688,101.24981072,103.21255096099999,104.996632961,106.70403967399999,108.56401013899999,114.91833914899999,116.78041244500001,119.002115204,119.46597071900001,120.777523154,124.329950058,127.44001321,130.620698216,132.205958745,134.437556497,153.630250501,157.461568726,160.40897271199998,166.43017518099998,159.216534904,155.748835581,156.665027015,161.720056287,165.877786988,169.169475553,169.930406295,173.007403621,175.22083694,184.716251619,184.72211315399997,188.03887942,187.119255345,189.97365470300002,193.618420369,195.00915748,197.53441152899998,196.563720165,195.633422351,196.951892539,196.520475285,115.20462754500001,106.08809586800001,100.159866053,93.442319775,84.396320447,72.483361773,65.041409642,59.563229255,61.84064083,62.158006622
14_CLV,1.A.5,Non-Specified,CH4,13.060472216,13.060472216,8.435753997,13.855861053,18.141273467999998,26.099731406,21.948417123,23.431522539000003,22.593382446,24.631709640999997,2.292516291,5.269105413999999,5.924305260000001,5.069639111,2.884080756,0.011971013,0.007323242,0.027782221,0.029709053,0.033600777,0.032591086,0.036566595,0.030169790999999998,0.038406401,0.041750220000000005,0.028501203,0.043018473,0.071151183,0.052720271,0.023189236000000002,0.0,0.0,0.0,0.0,0.0,0.0,0.0,0.0,0.014242154,0.02805269,0.006383405,0.006383405,0.016754234,0.03791453,0.062971984,0.075945161,0.084801959,0.084991998,0.02805269,0.034526404,0.0,0.0,0.0,0.0,0.0
14_CLV,1.B.1,Solid Fuels,CH4,67.452705326,67.363696799,52.989853746,68.091093226,83.510347771,101.656381885,108.327341572,117.87119211800001,115.50090923900001,108.719348473,104.884942142,117.389241103,122.182869899,123.068790395,104.477538409,114.179779994,122.836422797,126.778776534,123.62532558299999,110.724870908,106.241434889,113.067694,113.369876627,126.301504775,124.196285414,193.594035249,217.77539384,242.479143113,248.27676647,218.025323252,255.67381004199999,277.803410301,321.891223031,334.562540704,493.14237718899994,589.564043903,656.09976843,711.964956795,675.265630356,750.160633123,763.320420118,790.542084947,728.39216814,709.400136344,710.4594656610001,674.4038129630001,652.2298608799999,648.02587021,726.0573665960001,792.386301836,754.496271496,833.740248865,869.194885703,836.548465119,790.749783969
14_CLV,1.B.2,Oil and Natural Gas,CH4,2.55174e-05,2.55174e-05,2.551804e-06,3.06214e-06,2.041342e-06,3.06214e-06,2.041342e-06,2.551804e-06,3.06214e-06,0.00152826214,0.0040672,0.017657287,0.029954507,0.055732352,0.055620327,0.048748826,0.043673024,0.036783269,17.61815728,37.54874355,58.69063836,93.87426475,124.6815308,140.872772869115,154.3467726,179.6543459,164.0533299,124.4918883,134.3218224,211.6519891,167.1520639,165.0330532,126.0298395,150.4734165,146.7752643,141.1085837,125.6839134,131.8828268,120.3749414,129.6320875,120.7648756,117.4826698,131.8339804,131.991119,136.9788162,133.0613255,121.2164019,109.2021842,99.32195883,93.15370343000001,77.381803855,78.58638021600001,78.55003372899999,75.652542339,70.967447769
14_CLV,2.C,Metal Industry,CH4,0.0042,0.0042,0.0042,0.0042,0.0042,0.0042,0.0042,0.0042,0.0042,0.0042,0.0042,0.0042,0.0042,0.0042,0.0042,0.0042,0.0042,0.004865,0.005187,0.005915,0.0042,0.00280021,0.00245056,0.00322056,0.0,0.0,0.0,0.0,0.0,0.0,0.0,0.0,0.0,0.0,0.0,0.0,0.0,0.0,0.0,0.0,0.0,0.0,0.0,0.0,0.0,0.0,0.0,0.0,0.0,0.0,0.0,0.0,0.0,0.0,0.0
14_CLV,3.A.1,Enteric Fermentation,CH4,430.599114,421.143367,405.65763100000004,401.679511,396.958715,356.49037,333.047594,333.33768,335.27684899999997,328.174941,342.0385,363.320455,394.733042,423.31343,457.078963,481.540253,507.5434462,537.8351524,557.3943801,579.7239497999999,582.6843319,591.1098429,615.847927,633.962934,650.0691638,668.579547,681.3790138,697.5318999,683.9306952,687.4681947,710.4971462000001,689.7230795,707.7143636000001,739.1293817,779.2038866,828.1331961999999,897.7988318,922.7480968,900.7395578999999,895.3881189,874.0380722,842.7049574,807.4240990000001,804.3653189,808.5780325000001,825.0729231,839.7143877,852.6210842,861.1036697,867.3014355,880.0173271,893.6242622999999,895.2133673000001,889.6844326999999,895.9217689000001
14_CLV,3.A.2,Manure Management,CH4,85.97480886,86.053320707,86.745263496,91.08179363400001,90.74470332599999,72.89134102999999,56.46215614100001,71.93028096399999,70.723548298,73.206869955,79.512839387,84.165573973,90.60323563899999,95.01701847000001,100.85057465,102.227827755,103.24871067999999,106.91894964,106.08260231,112.20604771,111.19028981,112.67239992,126.61211465,133.98526927,138.15103706,143.16465083,148.26891882,154.84046775000002,154.54500341,157.35911438,165.3122722,175.50889746,184.35567118,197.41830266,206.37180508,217.40560619000001,217.28285107,215.77405729999998,215.62483807,222.08965458,221.03295489,219.03258384,215.86475919,216.87884728,222.26642954,229.96020765,240.77900282000002,233.54642294,237.97981113,192.62301667999998,208.76276227,217.28078521999998,223.45108499,230.32612441999999,231.75613601
14_CLV,3.C.1,Emissions from biomass burning,CH4,48.871984250000004,46.110972693,44.908293924,43.211865257,42.272238424,41.893251897,45.889106084999995,45.378217026,44.547964791999995,46.216084562,51.163145063,51.846469580000004,56.116941208,56.23181004,54.916826087000004,57.710642109,58.252966914,55.424483364,60.922468384,65.079115042,65.766529169,66.316133141,69.90314338799999,72.289653419,73.312087303,78.761905204,82.00991859599999,84.717979781,88.84880322199999,95.340196515,96.393899257,95.96377585900001,100.01638362599999,102.93713132299999,104.56198294299999,107.41684395499999,108.894832856,110.609633229,117.448051892,118.995180634,122.642726916,128.985498896,133.48110897,134.95291859,137.69052188,139.01956511999998,136.95201467,137.05193337,138.62353076,136.07732127,133.78976939,136.22250701000002,134.00639359000002,139.27006579,138.84520473999999
14_CLV,3.C.7,Rice cultivations,CH4,1225.9989816900002,1153.2474421299999,1123.42791994,1080.6795328,1053.3152893000001,1037.5101441,1128.86852991,1092.1014997,1056.3581185,1128.2022908,1225.6803503,1243.85127629,1353.6015643100002,1355.16704969,1317.26548501,1382.51076472,1402.40463507,1333.72400687,1454.12726979,1545.0076906,1564.27409981,1589.35538044,1650.02067945,1699.5373162199999,1705.0199394,1830.30339789,1889.02206675,1934.10816277,2014.59578861,2136.03201026,2143.60739641,2119.62332406,2149.05440433,2190.97446467,2186.65504372,2236.96738883,2253.97572399,2249.15079178,2341.2729079,2369.6592492199998,2419.2589245,2506.51955403,2568.6309014,2592.0463407400002,2600.7817222000003,2605.4051092,2585.7225071000003,2594.9692982,2584.84146705,2557.70455046,2513.58790897,2566.98154496,2493.33942204,2558.78451593,2577.5169344
14_CLV,4.A,Solid Waste Disposal,CH4,33.03709246,38.499745563,38.656551709,38.820038172000004,38.988822718,39.1843643,40.453126396,41.883763034,43.318352677,44.794537597,46.357169264999996,47.880361322,49.502794948,51.241169634,53.06636584,54.947501504,56.874806096,58.839905372,60.846499483,62.907898616000004,65.033089101,68.366464449,72.50341582,76.581193516,80.576573627,86.142188546,92.22113874099999,98.17128581,103.60916655599999,109.054461172,115.199230822,121.983381637,129.074021478,136.681444897,144.90810661,153.623239414,162.722074309,172.23846641900002,181.44634675,190.556531102,200.711766976,211.830259025,223.06864448,234.804236681,247.28436377399998,260.617398019,272.957392673,285.72846869100005,299.073561874,320.78404348000004,343.92834584499997,367.74771804100004,393.264327309,407.675605714,422.615266044
14_CLV,4.B,Biological Treatment of Solid Waste,CH4,0.015580102,0.016051397,0.016521331,0.016992228,0.017467813,0.017951265,0.018439414,0.018936219,0.019446124,0.019974597,0.020525549,0.021068031,0.021632191,0.02221539,0.022813421,0.023422752,0.024134302,0.024858027,0.025593706,0.026341664,0.027100882,0.028203116,0.029326489,0.030459334,0.031585692,0.032693009,0.033864704,0.03501464,0.036145974,0.037265941,0.038380987,0.039714837,0.041049291,0.042389362,0.043741616,0.04511225,0.046579423,0.048071075,0.049595556,0.051163186,0.052781444,0.054546546,0.05636921,0.06,0.061955241,0.063925185,0.065956087,0.067997094,0.07005033,0.072121485,0.074214253,0.076341535,0.078487504,0.080585586,0.082739753
14_CLV,4.C,Incineration and Open Burning of Waste,CH4,0.30162284699999997,0.289267035,0.284468883,0.27901327,0.272565714,0.265284849,0.279248707,0.29230426,0.304806712,0.31761917000000006,0.331645235,0.345814859,0.36188556,0.37968384,0.398656183,0.418292547,0.43622361,0.454629254,0.473602902,0.493343666,0.513979359,0.536986065,0.561780672,0.586523134,0.616864426,0.646746842,0.683918612,0.722334205,0.761256723,0.806592494,0.8671405029999999,0.9159501080000001,0.964549542,1.016844275,1.072710937,1.1352824350000001,1.179005707,1.22925708,1.2802353069999999,1.332242809,1.398159872,1.8846732400000001,2.371012874,2.835428469,2.911440537,2.988644705,3.069037312,3.167154429,3.266450624,3.366783615,3.4680085149999997,3.567037426,3.6669889,3.7669557950000003,3.869652411
14_CLV,4.D,Wastewater Treatment and Discharge,CH4,93.63602377,94.96798408000001,96.32860526900001,97.604800627,98.752999061,99.749111384,101.283985912,102.730116256,104.035295948,105.57385685700001,107.364843194,109.403088383,111.649085285,113.93632727500001,116.299202174,118.52121844,120.99913869999999,123.440246363,125.785855595,128.279052254,131.260197478,134.110638631,137.340199627,140.420609581,143.031660678,146.219870927,149.005929252,151.861444577,153.947740392,164.779255402,168.785222188,171.460413909,174.29166277899998,177.44000539799998,184.122439225,189.605094136,187.912333923,192.83205733699998,196.21022399199998,199.68394267,203.75858241499998,214.50260596200002,223.04372854,228.665812313,233.196962259,238.016065726,241.041999006,245.368881648,255.60564449999998,258.63149854,254.20077000999999,252.73419066,249.70785117,254.22949294,258.86281064
14_CLV,4.E,Other,CH4,0.605379197,0.6231619479999999,0.6418524349999999,0.6606471119999999,0.678964444,0.695819768,0.713930666,0.731250548,0.746823535,0.7642230590000001,0.787939802,0.8151688180000001,0.843997747,0.870941779,0.902374904,0.934260069,0.965635506,0.9997311010000001,1.030978285,1.066985507,1.101658225,1.055052291,1.177414065,1.2168047450000001,1.254839164,1.3092576500000002,1.3771086860000001,1.291397496,1.320295684,1.35782346,1.457061409,1.763248263,1.737678147,1.678858098,1.78119203,1.8262402190000002,1.8612995460000001,1.782564228,1.8825954569999999,2.4935277709999997,1.93609696,2.133336247,2.162181722,2.189847673,2.299512226,2.4852421980000003,2.586171752,2.687581154,2.802630869,2.802630869,2.802630869,2.802630869,2.802630869,2.825640812,2.848849852
15_SAS,1.A.1.a,Main Activity Electricity and Heat Production,CH4,0.529373316127,0.528362648616,0.597985280788,0.6128420927580001,0.678485879627,0.763436368805,0.7908995228949999,0.8225264672839999,0.798194593062,0.9035455987100001,1.02910099378,1.1206951809099999,1.2773165684499999,1.4395151172999998,1.69651502892,1.89577098511,2.14334360734,2.55378484543,2.59119463116,2.8378450857499997,3.152352473,3.5521923809000002,3.8983402646,4.1524483528,4.375756369,5.1114165115,5.3625481488,5.734408087799999,6.0411393679,6.5815205823,7.1190936076,7.5008973458,8.0836532595,8.8780029661,10.4933391036,11.1356893274,12.894499655599999,14.6460603261,14.428542072900001,17.4340943674,19.62915723,20.841556227399998,22.082769304,22.237918918,25.186076461,25.2693641174,31.182579399,37.5421967264,36.0672267656,35.246432422699996,38.030995772,41.2066583999,44.859932029999996,39.54185774704,40.653062151840004
15_SAS,1.A.1.bc,Petroleum Refining - Manufacture of Solid Fuels and Other Energy Industries,CH4,0.101762358,0.101762358,0.104059329,0.104687943,0.114736402,0.114759659,0.123038145,0.13426199,0.12256934900000001,0.12205890700000001,0.123103363,0.15662252000000002,0.18036302199999998,0.19678726200000002,0.219375509,0.253292829,0.313912304,0.31944256200000004,0.337526254,0.352488691,0.39733411,0.434875523,0.415569875,0.45757158000000003,0.510057061,0.562685195,0.5517564329999999,0.645152538,0.695048874,0.9123030360000001,0.9589426050000001,1.008801349,1.023545151,0.999648457,1.043902758,1.081394998,1.168056933,1.2164442354,0.742012266,0.649076899,0.6962375639999999,0.839224354,0.870929688,0.8751130360000001,0.921707973,0.951607544,1.039996276,1.113022634,1.187589191,1.245934805,1.245392844,1.20554461,1.209160729,1.2654881270000002,1.3159967200000002
15_SAS,1.A.2,Manufacturing Industries and Construction,CH4,26.12705557563,26.12705557563,26.9043161568,28.30655222207,29.1929633843,30.1056064185,30.4768232073,31.178480356500003,29.017511189700002,27.818055649724,28.767356523900002,31.1736296593,32.51440149095,32.03544822418,32.346238765020004,31.56047454355,33.414658080440006,33.37569831101,33.5670111715,34.30905374747,34.907145783,36.879468972,37.599307586,39.089039572000004,42.044194444,41.618973766,44.581550313,47.128562168,48.210360926,49.198985448,50.424729500000005,58.699038116000004,59.896795393,60.64997753,64.410144239,67.75705176,72.00480922,77.341893403,80.04814605,83.700960443,93.03881952100001,97.21301511399999,99.31370949,106.978867573,113.663953597,118.890462253,121.668404011,129.579840609,136.49434475,134.638168476,139.25271039799998,150.525696724,158.691462564,168.608160145,170.246642101
15_SAS,1.A.3.a,Civil Aviation,CH4,0.005776510103,0.005776510103,0.006795387460000001,0.00664209662,0.007073530415,0.007510330624,0.008301247073,0.009124287128,0.009930033699999999,0.01003238302,0.010479698088,0.01077489435,0.0106634198,0.01035866141,0.0122616987,0.013640593200000002,0.014063591399999999,0.014773635100000002,0.0148144713,0.0141212607,0.0134990475,0.013015244799999999,0.0128776619,0.013879834199999998,0.0166272682,0.0183311676,0.0213695655,0.021312457,0.0217161396,0.0231882462,0.021579314699999998,0.0212330011,0.0208416718,0.022633220500000002,0.025877223600000002,0.0339008093,0.0401150926,0.04655908,0.0468827918,0.049625715,0.055515595,0.063796113,0.059254486999999995,0.060775195000000004,0.063530933,0.06948531900000002,0.079722821,0.0924905,0.102512164,0.099131096,0.052364712499999994,0.08042880059999999,0.09959069020000001,0.1097028231,0.1192791932
15_SAS,1.A.3.b_noRES,Road Transportation no resuspension,CH4,3.76855152,3.9811634149999997,4.480608,4.59452587,4.302604738,4.594693867,4.865803962,5.259483049,5.917387077999999,6.650311638,7.093884408999999,7.924332425999999,7.503877349,8.192840222000001,9.365319107,10.42091823,11.530463927,13.070694305000002,14.445458192,16.628558633999997,16.936564705,18.452050578,20.338647948,23.716059482,27.994810056,33.525253053,38.450150353,41.535286106,45.190501407,48.938542869,54.933532117000006,48.72529496,59.865866505,57.463850666999996,61.122157215,69.143180051,68.101150781,68.972938499,76.664533121,86.648200441,94.296928142,91.08780362,85.474431868,81.97933910500001,78.855366858,80.527775592,91.24724221299999,92.976789303,90.08073809999999,90.59652597899999,85.788050087,94.501413593,101.24422102199999,103.245034591,108.58144327599999
15_SAS,1.A.3.c,Railways,CH4,0.667632775,0.667632775,0.6381654430000001,0.599773767,0.6133351570000001,0.636254086,0.611350728,0.611820311,0.600904953,0.594915946,0.601683646,0.597701326,0.625240612,0.636090592,0.6031335470000001,0.61889442,0.5770618779999999,0.58228597,0.561834551,0.529394633,0.5126427549,0.5118668702,0.4723475729,0.3953027371,0.3418070094,0.33175555700000003,0.343074051,0.323727673,0.32747173100000004,0.323689175,0.334350011,0.366290081,0.381618903,0.372017923,0.383548994,0.41965977499999996,0.416037743,0.45565333799999996,0.474735409,0.487301369,0.503524013,0.5348146890000001,0.553539569,0.566268525,0.5839657540000001,0.5963101,0.590259517,0.597524701,0.603243926,0.572442773,0.338766592,0.44613132899999997,0.469599262,0.396067311,0.415399515
15_SAS,1.A.3.d,Water-borne Navigation,CH4,0.09372422523,0.09372422523,0.070366686,0.061281690209999996,0.06727151301,0.08260197964,0.08440155266999999,0.07700022777,0.078256643,0.1098139478,0.13195551027,0.1166465508,0.16114295139999998,0.1743035065,0.1752453904,0.15762588,0.1855210846,0.209596673,0.19057832000000002,0.21418899310000003,0.200514659,0.18288349699999998,0.180794522,0.200666381,0.212506208,0.19042542,0.213922112,0.197882821,0.208031033,0.209533259,0.198247129,0.213087357,0.189583827,0.204699937,0.266196897,0.298239558,0.309122373,0.388451139,0.434610702,0.400631557,0.363438694,0.384325729,0.35232018,0.331409966,0.345331365,0.355915998,0.36958275399999996,0.539245587,0.622367089,0.664096183,0.6490383310000001,0.698118244,0.6906202929999999,0.675743645,0.683622164
15_SAS,1.A.3.e,Other Transportation,CH4,0.0,0.0,0.0,0.0,0.0,0.0,0.0,0.0,0.0,0.0,0.0,0.0,0.000389699,0.001039197,0.000389699,0.001521592,0.001651492,0.0027092609999999997,0.001521562,0.005093677,0.0059883401,0.0067622271,0.005990382099999999,0.006338678300000001,0.0043889341,0.0042314914,0.0045086034,0.0049437994,0.006269679,0.010383737,0.010984971999999999,0.015225338,0.012466043999999999,0.01404741,0.01594433,0.013005347,0.012887375999999999,0.012301118000000002,0.0137742,0.014547944,0.025994013000000003,0.029878934,0.030833656,0.027599643,0.026058971,0.02782752,0.030937582999999998,0.0340275725,0.03984762,0.038776836,0.033490624,0.036502948,0.0369251,0.033688160999999994,0.037116605000000004
15_SAS,1.A.4,Residential and other sectors,CH4,1033.82319133039,1033.82078668939,1057.61569501607,1083.70041275696,1107.81306335364,1135.5982840087001,1164.34387115501,1189.0981229786998,1215.5819889218,1243.8612565301,1274.4503879070999,1285.8663967208,1314.8312752509,1346.0671447346,1376.5740706828,1407.188988142,1440.7176731670002,1468.664377084,1508.266352792,1542.8617759850001,1584.2262330009999,1597.543609214,1613.1526405629997,1631.3050039290001,1647.8046761490002,1666.2109424859998,1677.382978594,1697.214266711,1713.16387195,1730.7628493339998,1754.134084447,1751.132359936,1773.437284196,1795.043036688,1817.5452784939998,1839.013195245,1860.624299758,1883.370393093,1905.581141693,1929.173141685,1951.545401525,1972.97682361,1959.362605025,1976.954022342,1978.269599982,1975.3166308599998,1965.4805468890002,1956.6296684739998,1948.2320970940002,1941.020869681,1936.557559546,1929.973664198,1934.692773683,1930.0979234109998,1932.955228119
15_SAS,1.A.5,Non-Specified,CH4,13.634226509,13.634226509,13.695908818000001,15.076353414000002,15.214921569,15.094654292000001,17.024743428999997,17.593834599,17.487878108,31.393121701,22.159180161000002,33.989540093,26.423852571,33.570343977,53.137543304,36.156135579,19.862057195000002,15.990915466599999,30.220443992299998,25.8379173281,45.369544273,56.2448542792,51.746191738899995,43.2868368281,49.7921792823,50.0995389179,53.2216663157,60.9081014767,23.5491468739,34.1607930987,29.337418398999997,29.278485923999998,34.146657165,37.326240131999995,42.531483980000004,41.694932235,29.001197313,13.501882221999999,139.178468211,64.155593437,54.49676038,12.442559841000001,31.2979337447,22.337439433100002,29.008367606,27.8424972792,29.1843608783,30.1304656975,31.7138708882,29.764998748300002,29.1301553387,33.88829253160001,35.5877329746,39.484766388699995,41.0234442927
15_SAS,1.B.1,Solid Fuels,CH4,917.1894853047,912.6715625087,954.3932559838001,935.9738726091,1012.3854007729001,1105.018298787,1099.2208589105,1067.3966233155,1040.6992152884,1031.1942210804,1138.9653903556,1187.854393066,1209.152534543,1216.729237309,1266.877963999,1275.470533776,1603.9668587089998,1926.587620391,2276.383786928,2500.2108524779997,1258.624257879,1397.2577732940001,1410.2696360109999,1439.202797698,1470.7665909979999,1551.063192361,1613.2608415880002,1657.677597741,1624.457280052,1657.1937676539999,1702.6429852830001,1762.161202223,1804.2689810719999,1893.628599074,1976.1507918700001,2061.872484189,2119.134976379,2241.236753094,2406.176615426,2563.923859298,2584.6607999889998,2683.6566726240003,2796.4404539399998,1777.684074061,1935.245094865,2036.492561486,2077.062195213,2070.522144707,2270.400407274,2161.870121285,2036.899129919,2339.013880755,2696.215490788,3084.734889662,3282.90094594
15_SAS,1.B.2,Oil and Natural Gas,CH4,174.543097911916,174.86255225391602,176.47367321149312,177.66018441699111,185.63388031499213,195.34480764699111,203.77786529799212,248.12499773749312,262.19427063599113,268.93659762199115,253.32924383099999,378.448795846,453.08453883799996,540.271713643,594.68617051,745.528484813,791.620964073,788.172822733,831.910654864,905.911557006,933.770425673,771.131127998,741.659649017,601.481567865635,608.067468444,685.623539658,676.9310465460001,762.05752504,725.7825709850001,705.4292413139999,740.739667457,704.1881205689999,722.6690592909999,780.2789470600001,792.7253401580001,791.272518054,827.5892260200001,810.7642774450001,814.861640894,867.657467651,876.0570407,834.01033977516,845.3825747414,861.897721753,875.3539384629,860.5777110311999,867.6896421666,869.3828204581,886.01099666,845.9785447592,814.4762606711,816.9763910345,814.1641907129999,816.76492810111,814.752163292805
15_SAS,2.B,Chemical Industry,CH4,0.31718007,0.27824407,0.276274292,0.28708976,0.287832139,0.243670599,0.33485026,0.395920961,0.375135569,0.386793574,0.303734109,0.3111523,0.279114372,0.308942786,0.352949836,0.365483378,0.356932661,0.265572453,0.525754716,1.058253315,0.791707896,1.150236338,0.804121663,0.933099881,1.031753613,1.956528929,1.364043293,1.478417023,2.296224305,1.666061626,1.665682246,1.60704715,1.80216925,1.90200941,1.99660735,2.022844272,2.05798537,2.01983652,1.7336244,1.9672006,2.1780388,2.3296294,2.2206372,2.3701832,2.0409076,2.072811,2.8243256,3.1984019,3.304766207,3.323951777,3.358961175,3.485572683,3.760583937,4.168444338,4.298831966
15_SAS,2.C,Metal Industry,CH4,3.3817459,3.1011289,3.2600139000000006,3.0700089000000004,2.6486719000000005,2.5678139000000004,2.4076699,2.0857628999999998,1.8103649,2.0287819000000002,1.5746438999999999,1.6123709,1.2049389,0.8342552799999999,1.1161023,1.1631516,1.0894831999999999,1.1485462,1.2338279,1.29480189,1.3310879,1.5002044899999998,1.6171591,1.5896754000000002,1.77418593,1.89384007,1.9422070599999999,2.0137632,2.0479392,1.9620511999999999,2.1663045,2.010283,2.11208,2.3795300000000004,2.3768647,2.5916771,2.6812,2.91946,4.0185564000000005,4.5609028,5.0283658,5.660942100000001,5.97553,6.3321756,7.3090368,7.5476239,7.7493027,8.364099000000001,8.5518739,8.3732648,7.6676131,9.6738745,10.29901875,11.32470714,12.11829886
15_SAS,3.A.1,Enteric Fermentation,CH4,11064.9925862,11188.4215524,11260.4298942,11342.9141736,11529.687275600001,11697.0638152,11911.085323800002,12074.837223400002,12374.989855000002,12670.788298,12644.2052402,12926.4787075,13254.2871814,13479.454295399999,13674.001153300002,13871.2690219,14273.55199,14455.910827200001,14721.719926900001,14982.844000199999,15243.7889702,15439.0929098,15711.245389299998,15858.3845893,16039.728341400001,16223.305873000001,16442.289891,16599.596387600002,16678.806939000002,16830.9667935,16865.1260801,16945.423928099997,17121.995697,17260.931097300003,17590.428719800002,17942.5948338,18518.7940512,18972.840987800002,19126.5706221,19313.7894748,19481.7608896,19756.8930952,19908.8085231,20051.387238999996,20211.3508965,20493.1066498,20756.6349802,21009.3162574,21298.346607800002,21563.5903261,21883.817314,22028.5135481,22279.9556046,22412.8157678,22574.53200544
15_SAS,3.A.2,Manure Management,CH4,960.294700649,973.506377505,985.8408362,983.4574163440001,998.2272027189999,1010.154388699,1027.299289118,1041.033045706,1068.351751955,1095.565720416,1091.279658693,1113.638460271,1139.138570892,1160.012596496,1175.850240707,1190.430195613,1224.262676047,1232.8854545220001,1249.743052889,1266.5598425990001,1284.182518268,1301.8700153579998,1325.532415958,1335.618296055,1351.632936263,1367.426353323,1388.7328136330002,1400.3994067820001,1404.9077848729999,1417.369276467,1421.261975588,1431.2906636379998,1449.6950966539998,1464.84238374,1485.559856095,1510.703017824,1549.700541917,1587.460406453,1601.638171779,1615.2387349730002,1627.744311544,1648.545288906,1662.11530766,1672.746653325,1686.118075176,1705.2330150379998,1726.8150703120002,1747.670819212,1771.639658597,1793.123015665,1821.110604007,1833.0310224070001,1853.524546145,1876.501304186,1892.44619003
15_SAS,3.C.1,Emissions from biomass burning,CH4,197.28564341599997,191.884705945,185.306898108,199.63535887300003,192.871929411,209.25534246900003,202.84381671300002,219.529494583,223.24779822899998,209.500041503,221.49360027999998,228.462778218,219.340517258,244.34583522800003,240.15685929,242.48602391099996,244.95082939500003,235.71745568500003,259.145071456,272.577765976,273.74548727499996,272.535360697,278.988693448,286.614849351,288.153171305,293.3694393206,302.2922321586,304.26093333,314.822523896,322.998773749,320.64165850200004,327.900907571,301.819801531,336.36804922499994,331.04985281499995,353.357278252,361.788418681,389.068277222,400.935723607,386.483472684,403.034057364,428.060743698,427.097536866,435.646914885,437.88534940799997,428.73259767200005,440.328288185,450.18492775199996,455.47100261200006,460.360523715,480.6656073,498.195345493,504.96689729499997,522.031123234,529.464203203
15_SAS,3.C.7,Rice cultivations,CH4,3994.31291586,3979.56977748,3866.7704929799997,4083.18276048,3985.56107688,4297.96220782,4103.4437727,4419.80583078,4480.52965342,4219.9591623,4448.175323949999,4498.31967757,4241.9155256,4588.74705031,4585.841160244,4638.90442989,4643.06954862,4419.419874810001,4800.61774457,4877.74290632,4604.690075914,4560.861901988001,4489.21360034,4577.7559305780005,4604.90409783,4621.1295893100005,4676.8066036810005,4702.208635627,4834.972376708,4918.008703454,4850.52414108,4794.64944412,4543.2554080419995,4710.003579935,4635.710548446,4823.661112607,4818.501875334,4825.6877444070005,5115.632132854,4803.003634293,4799.47043841,4950.406779530999,4779.3516921089995,5003.796597295999,4982.959600118,4918.0259729379995,4931.880950584,4928.631636831,4974.77864064,4968.085776014,5211.1251102960005,5311.376414595001,5304.340675662,5429.22848815,5615.483050950001
15_SAS,4.A,Solid Waste Disposal,CH4,205.532234499,244.201770027,254.226844678,264.618077386,275.424096761,286.690462669,299.44274499200003,312.922685267,327.005139368,341.697768296,357.003574889,370.781295391,384.719139595,399.119794144,413.984137302,429.311036171,444.75726062599995,460.587733617,476.819175573,493.40669756700004,510.316302577,528.114249666,551.5394499500001,573.413121296,597.690886877,624.583511302,651.920987509,675.104589889,700.845984999,730.7969499330001,758.051637926,785.64779164,814.852968122,851.447022197,891.713763318,934.631402726,979.430102176,1024.606633514,1061.689324071,1105.59391175,1152.789613898,1198.875843874,1247.788779717,1298.713761359,1353.256897867,1410.765481394,1468.2136066550001,1525.3409900679999,1583.0935955139998,1664.552481126,1750.8396523600002,1839.0596991020002,1932.440622345,1993.216354299,2055.970640374
15_SAS,4.B,Biological Treatment of Solid Waste,CH4,11.065403590999999,11.498875455,11.951497761999999,12.422120709,12.9087713,13.410033842,13.951467074,14.508825132,15.083747968,15.678678818999998,16.295354149999998,16.858963740000004,17.44083409,18.039242850999997,18.651632274,19.275987264,19.902959495,20.540980414,21.189746646,21.849315887,22.519649589,23.174964751000005,23.839121887,24.512869021,25.197278097999998,25.893077662,26.600533286,27.318706756,28.046327384,28.782113036,29.524257741000003,30.383203093,31.251098152,32.128036768,33.012664277,33.904908342,34.838955354,35.780717198000005,36.718741895,37.669026872,38.602531875000004,39.571385477,42.116819324000005,43.122795005,44.151136232,45.214490972,46.351615941,47.475514364,48.616945267,49.765094246,50.918297249,52.081917427,53.315969004,54.484059933000005,55.678174667
15_SAS,4.C,Incineration and Open Burning of Waste,CH4,0.010631295,0.010631295,0.011910042,0.01327897,0.014718534,0.016214022,0.017661558,0.019155471,0.020716495,0.022383282,0.024188221,0.025765065,0.027468053,0.029286255,0.031195634,0.033178928,0.034448814,0.035733412,0.037023442,0.038310935,0.0395889,0.040685079,0.04175943,0.042800739,0.043786586,0.044711935,0.046370872,0.04800563,0.049665335,0.051418029,0.053318964,0.056963511,0.060857019,0.064991025,0.069332863,0.073857091,0.077040406,0.080325815,0.083744497,0.087343459,0.091152826,0.106750273,0.11115076,0.115658413,0.120137282,0.124479899,0.128676184,0.132697379,0.136576955,0.140369109,0.144113974,0.147485287,0.151346158,0.155075914,0.158897586
15_SAS,4.D,Wastewater Treatment and Discharge,CH4,1898.2195705600002,1926.9362514219997,1957.5136460959998,1992.290999414,2019.373594495,2054.854073621,2089.968044602,2122.13860997,2158.446736818,2188.385446222,2215.557144883,2263.532446762,2305.0808702659997,2368.318270059,2383.113201346,2412.7825948980003,2515.8758385459996,2487.785397668,2528.361760747,2554.883958183,2584.9433600290004,2620.540053144,2764.231631856,2706.056982028,2746.816143301,2805.005864567,2839.394378381,2893.8781958189998,2990.2055928420004,3024.733261667,3050.725678788,3108.105901282,3167.6507595959997,3231.288630782,3296.291390158,3346.906810761,3403.999142454,3465.5402625589995,3500.8331942090003,3521.543736891,3584.8677586159997,3642.257759893,3690.041694307,3747.703822506,3816.996022663,3897.361567567,3948.243783503,3976.8915111160004,4058.767494872,4099.517859512,4128.317135382,4198.748886103,4293.004989133,4378.737245459,4432.169453081
15_SAS,4.E,Other,CH4,18.634093933,19.071859782,19.445311168000003,19.817714199999998,20.208902291,20.557368151999995,20.938843539,21.414602885,21.794399262,22.328582686000004,22.767286489,23.248816901999998,23.755260640000003,24.133338491,24.836283755,25.439240900999998,26.115784805999997,26.85438056,27.618168243,28.873874054,29.949265187,33.731075355,33.077399718,30.655995763999996,31.231144048,32.286927241,32.318327575000005,32.400686505,32.469684088,32.889050739,32.904233535,32.988626602000004,33.110661461,35.284502326,33.557209668,33.604162481,37.316822404,37.396391339000004,29.92625453,30.474653873999998,30.314835477,37.110090220000004,37.223230456,37.426582892,35.563584859,37.050088653,26.592127134000002,34.877193355,44.020717945,40.809868465,78.692437265,78.692437265,78.7257343,87.495442489,97.816965963
15_SAS,5.B,Fossil fuel fires,CH4,39.42,39.78,40.14,40.5,40.86,41.22,41.58,41.94,42.3,42.66,43.02,43.38,43.74,45.0,45.0,45.0,45.0,45.0,45.0,45.0,45.0,45.0,45.0,45.0,45.0,45.0,45.0,45.0,45.0,45.0,45.0,45.0,45.0,45.0,45.0,45.0,45.0,45.0,45.0,45.0,45.0,45.0,45.0,45.0,45.0,45.0,45.0,45.0,45.0,45.0,45.0,45.0,45.0,45.0,45.0
16_APC,1.A.1.a,Main Activity Electricity and Heat Production,CH4,0.5597634315061,0.5676905543463,0.6489311898299,0.7914526988081,0.7833402339312,0.9353556229169,1.1325007362905,1.1720100301759,1.2814781308465,1.297940905972,1.3518343546309999,1.503878671988,1.6406958183159999,1.903853946615,1.8399066859150002,1.960385878162,2.140893425618,2.045807052998,2.332916690897,2.59285195807,3.0988460498099997,3.6194656903999998,3.79936272254,4.66428542402,5.45106429017,6.61390609682,7.95917594181,8.16004528967,8.430866450209999,9.53574015384,9.84770399377,10.8646083143,11.7086062064,12.8896110236,13.369328485,14.180716866000001,14.421809219799998,15.2010036268,16.100769237999998,17.0786936601,18.825452902800002,18.0971910478,18.605180229416998,20.95257247823,22.181227535337,22.821117742098,30.547963580693,28.5235270911734,35.05042921681,36.093699376959,34.244125621497,36.760685210646,41.313261693351,45.937860206185,46.887226362531
16_APC,1.A.1.bc,Petroleum Refining - Manufacture of Solid Fuels and Other Energy Industries,CH4,0.155435895,0.152775421,0.19605138,0.30027750400000003,0.35147446400000004,0.297994581,0.273598183,0.381158284,0.41208186799999996,0.465126463,0.548407866,0.548177709,0.590602177,0.6198253,0.76321033,0.951309545,0.9671735810000001,0.99203271,1.072757312,1.092040017,1.918808052,2.420201638,2.492400798,2.565928516,2.71241789,2.964305922,2.966634025,3.313362931,3.833309137,3.5001952849999998,3.055268878,3.0819436220000003,3.193110478,3.640165084,3.631299365,3.844860038,3.926107638,3.910532686,4.3840736410000005,3.475958914,3.321044488,3.786787219,3.7281227369999996,3.858800561118,3.8651860590000005,3.687299218,3.554792139,2.635738224,3.226069473,3.245991916,3.2973668380000003,3.552229036,3.483830619,3.256157612,3.357148161
16_APC,1.A.2,Manufacturing Industries and Construction,CH4,5.52478334303,5.52478334303,4.339213768,4.3340452659699995,4.7366135046,4.135392367,4.6495219115,5.1701140710999995,5.2219766553,6.0274283939897995,5.7647901421,6.347855367849,6.672267920523,6.95601843819,7.03829469238,7.769511956840001,7.970455282687,8.02095788198,8.419700951169,9.64685431664,19.4488285193,20.2385782186,21.8375029205,21.6267182457,22.8785137438,25.1287812146,26.4242641283,26.9142017408,25.4116312888,27.1377089753,28.3011470525,26.863099432200002,27.4290179508,29.8443657813,29.7777641886,30.7198586634,33.7903420269,35.1700239386,33.9117273886,33.7258688854,38.3460103185,37.2171790456,37.4938648871,34.5336127005,36.7815988022,39.0011378117,38.0114106437,39.2335813017,39.7897963169,44.444154843999996,40.6888827718,38.7572328999,43.7224418399,44.2059451948,45.6416566318
16_APC,1.A.3.a,Civil Aviation,CH4,0.00656088321,0.00656088321,0.00800892842,0.00792418555,0.00716469923,0.00821992954,0.01024512765,0.01013947238,0.01178761385,0.01123830625,0.01242272358,0.01244882245,0.0130761934,0.013493251610000001,0.01440775905,0.015219105890000001,0.014273532799999999,0.01737689663,0.01848549598,0.0205084742,0.02387183181,0.02945775315,0.03284950588,0.0377873699,0.04334726221,0.04552321548,0.05336823628,0.0556049151,0.0470891739,0.04463025092,0.0476749926,0.0510949785,0.049812814659999996,0.05386803542,0.0643410473,0.0570844429,0.0597176251,0.057239777400000004,0.0566652446,0.0595273631,0.0705671117,0.078569459,0.0783378374,0.0850571232,0.0927685491,0.0939121891,0.1077813163,0.1141731832,0.1201010309,0.1153716781,0.0661248389,0.049304559000000005,0.0852250651,0.096609653,0.1088260636
16_APC,1.A.3.b_noRES,Road Transportation no resuspension,CH4,9.125952703,9.584243272,10.468135522,11.695786329,11.967428398000001,13.010985338000001,14.236922064,14.018069743,14.814213442,16.033576084,17.675023428,18.269911685,19.32876926,20.303522393999998,21.350601144,21.839796624,23.341407843,26.302181901999997,29.321913786,33.541060177,36.440348903,44.869851971,40.678066448,43.706018228,53.895124932,57.759282199,61.693329465,64.02578898600001,62.707676443000004,66.023397712,66.120040273,66.551477867,68.15248574900001,70.788153018,75.512222387,80.203450705,75.020427473,71.914740614,70.644107004,68.788116566,68.976603453,67.626032419,67.331419448,69.380209959,67.161088693,62.300038278,70.60746368,69.0802412189,69.0192132282,71.4238961798,63.418102569700004,63.4014467436,69.1098044091,70.7510803441,72.7108154593
16_APC,1.A.3.c,Railways,CH4,0.019500101,0.019500101,0.0210867,0.020690021,0.020933432000000002,0.020726519,0.021681769,0.021118662,0.017478262,0.010136942999999999,0.009437839,0.008612732,0.008868447,0.008559528,0.008067124,0.008963499,0.0073123,0.008226338,0.022294506,0.025098163,0.02895718713,0.03143370716,0.03248978375,0.0328673618,0.03089010298,0.029150763,0.031764475,0.028419533,0.024371913999999998,0.026645075999999997,0.024541566,0.025246609000000003,0.027707143,0.025076708,0.022620863000000005,0.024022027,0.023148991,0.021920467,0.032172294,0.030960493999999998,0.031320382,0.0636872111,0.0685476368,0.0829435617,0.0899934418,0.0888788621,0.083965894,0.109624164,0.120695865,0.132802124,0.108631856,0.105435649,0.053116039000000004,0.06169402694000001,0.06355848426999999
16_APC,1.A.3.d,Water-borne Navigation,CH4,0.10415584129,0.10415584129,0.1036729058,0.1055366673,0.1025829739,0.1120104379,0.11076135899999999,0.1190505359,0.12737291499999998,0.155672961,0.1250744765,0.1269478468,0.1790558564,0.21448289739999998,0.2712940752,0.2973354346,0.3299108553,0.307077903,0.27932129479999995,0.4523488269,0.6058719886,0.6125355748,0.6375506721,0.7457767818,0.7878169765999999,0.9184690207,1.0110254648,1.0375567301,1.121157966,1.0230086193,1.010642717,1.045647986,1.033909535,0.9429198520000001,0.925205147,0.870094305,0.807732066,0.7809724119999999,0.704744715,0.818817154,0.878794452,1.086156581,1.2251826,1.2297716380000001,1.2428116729999998,1.279418098,1.095128085,1.195622112,1.264264833,1.256232929,1.071083067,1.186370492,1.283123444,1.257968358,1.354268168
16_APC,1.A.3.e,Other Transportation,CH4,0.0009947,0.0009947,0.0009947,0.0009947,0.0009947,0.0009947,0.0009947,0.0009947,0.0009947,0.0009947,0.0009947,0.001009692,0.001002463,0.001040699,0.001150961,0.000931352,0.001015262,0.001064312,0.001018717,0.001063817,0.00329610056,0.00309997553,0.00400296983,0.00383746763,0.00499004787,0.0059584619,0.0065163307,0.007444082,0.0075273738,0.0080746287,0.008733345,0.0099064688,0.012524368000000001,0.014007211799999999,0.0143808001,0.0143888205,0.013564362100000001,0.014344494499999999,0.0124453811,0.012083358,0.0124453207,0.012747697,0.0160083291,0.0163279289,0.0179423459,0.0176027526,0.0223831875,0.0195403933,0.0178248158,0.0175571833,0.0151950348,0.015652538,0.0157126321,0.0156383667,0.0163536613
16_APC,1.A.4,Residential and other sectors,CH4,377.1729289107,377.1780272867,383.3543162778,391.68955892559995,399.3586670339,429.5996193744,436.59522475930004,443.1388467096,450.2384898542,457.19340035159996,463.5582389969,471.5268424968,479.5022854729,461.4582780359,472.5075329289,491.4091419872,501.8791053704,510.97221131599997,518.938221052,531.0638238604,442.954631061,440.752919164,438.36037889799996,429.8389519,425.76975636400005,420.854007072,412.52510248699997,410.091081909,406.437321256,403.686915702,402.477115507,402.321987826,402.617816887,403.971479816,408.902140674,407.970277443,407.085392043,409.524341383,409.643906252,399.61995874400003,406.084467798,400.271737345,390.609547041,386.260592018,384.465422032,365.640155719,334.0269953005,322.6865476252,327.4508554083,320.4128963553,302.46781704504,296.07728611562,295.7437679899,290.3486815488,290.52304697479997
16_APC,1.A.5,Non-Specified,CH4,2.117370459,2.117370459,2.0963085169999998,2.020017164,2.145690283,1.8859306919999999,3.145669191,1.428697752,2.169316668,1.597701917,1.542539659,1.639180747,1.185098263,1.37489429,1.287784756,1.245866038,1.006533203,0.97028531989,0.73380233349,1.5454040639600002,0.59028567861,0.60566454063,0.33478494469,0.36407619365,0.38989187821000004,0.3706780286,0.47197350444999997,0.6118542950800001,0.52490444317,0.6088229186,0.8608099937,0.8119827674000001,0.6289248691,0.6475640041999999,0.7675098861,0.6424689195000001,0.7305872170000001,0.7697283488,0.7129959754999999,0.6430885209999999,0.4916402978,0.5209061311,0.6813030326999999,0.594760983,0.665509296,0.6942290611,0.8085592704,0.4296610756,0.43887854855,0.4789909288833,0.4642627475821,0.4500809695395,0.58266777007515,0.5617954032729,0.5865404890729
16_APC,1.B.1,Solid Fuels,CH4,597.271709072,593.040206197,582.442451169,568.190421828,544.741542053,565.394811936,580.796681446,595.474003227,618.0082814589999,633.2520886479999,639.782269171,643.6609645139999,647.812065655,593.317239426,620.241821849,665.178626631,699.150187291,734.047714406,771.8704301060001,867.644957859,908.706872313,959.339385056,1004.46174263,980.496874779,947.240071777,983.181008032,1015.546979525,1024.081466035,1043.229771611,1097.99475519,1135.990854147,1249.476565597,1331.259882303,1435.898823436,1623.066460964,1807.571599643,2154.211063121,2345.199455928,2494.940782803,2807.884648618,3093.427758019,4407.401297351,4784.577249561,4948.461724944,5146.378322363999,4797.380523886,4957.0776695899995,5500.59356204,6371.122143418,7007.612977981,6520.719350792,6608.902160618,7926.264307413,8792.281594002001,9441.750114457
16_APC,1.B.2,Oil and Natural Gas,CH4,841.991517063493,842.0675889684929,1027.7856040621637,1259.0626157276636,1288.6937404290447,1241.0972857086633,1460.7194043250447,1635.5498478811637,1596.9887515946637,1617.9828668306636,1627.3983705330002,1622.825528214,1401.336611364,1445.191020398,1570.0939394390002,1488.790661789,1585.561164099,1542.221992313,1562.926914806,1653.501998241,1753.9910888279999,1982.3468104400001,2013.5168608289998,2066.1666731112755,2192.294230205,1981.644506367,2236.19632577,2454.08900408,2203.6124164509997,1976.972891713,1954.9821929,1965.6072535760002,1764.806664251,1854.7002393379998,1738.7991401680001,1762.429922227,1870.2082659339999,1671.6334289239999,1753.419989383,1784.5905999020001,1521.007490256,1475.520809787718,1453.49144438335,1394.06262829284,1398.85893832299,1435.43043870156,1483.03014991625,1442.79284794901,1411.9543749059999,1373.03622949193,1278.85462757792,1216.12629971416,1166.23338767738,1164.8055903320571,1157.5056626242724
16_APC,2.B,Chemical Industry,CH4,3.1692415929999997,3.169269253,3.169020823,3.168224496,3.152502834,3.1513624150000004,3.1523001930000003,3.151518124,3.079453697,3.081020736,3.077942431,3.0814545939999998,3.092009433,2.4487037799999998,2.9599311480000003,4.2761587389999995,3.082913638,3.153498468,3.134304819,3.088930574,3.170696931,2.976219711,2.924586486,2.967073825,3.674720348,10.514597706,6.024065435,4.506967618,5.125258363,5.570204948000001,5.897292192,7.422358391,8.058446152,8.617832384,8.881392779,9.132613932,9.189414161,10.631622289,11.329356687,12.530280464,14.169904636,14.682168974,14.872991607,15.297783238000001,15.230257486,15.852025794000001,16.096434027,17.032379907,16.926778788,17.599698715000002,17.545927141,18.050350607,17.947792851,18.673068562,19.189846768
16_APC,2.C,Metal Industry,CH4,1.0710838,1.0023008,1.0245098000000001,1.0643518,1.0231788000000002,0.8844027999999999,0.8677047999999999,0.4502686,0.41149480000000005,0.49168670000000003,0.4912078,0.4844308,0.33611349999999995,0.3356044,0.4166415,0.4137987,0.40684600000000004,0.39589599999999997,0.5380948,0.594903,0.5921768000000001,0.56864545,0.48788432,0.53112224,0.49987919999999997,0.513332,0.5764066,0.7111813,0.73588246,0.67612606,0.77662857,0.799238,0.8099266,0.829806,0.8301218,0.760829,0.84604,0.88354,0.82386,0.649338,0.86105,0.93031,0.8584,0.9832799999999999,1.10913,1.505385,2.2576822,2.9111355999999997,4.7013519,5.859538499999999,6.986877300000001,8.9881349,11.270169361,11.244100102,11.299236165
16_APC,3.A.1,Enteric Fermentation,CH4,2097.8796471,2128.07427812,2162.33561942,2176.01934978,2158.75323608,2128.2987475,2115.69035946,2136.893723,2188.38131008,2202.1897755,2197.543786,2269.9595401399997,2304.8028422800003,2494.68689454,2513.39706428,2538.961903,2575.11180316,2560.91066318,2576.8898448,2540.7325991000002,2573.5307896,2637.80660764,2710.73310942,2704.02001648,2768.40183484,2718.6098318,2714.7955391200003,2694.53878016,2612.9486812200003,2539.77546712,2526.2316934,2568.81968074,2647.95276644,2663.45937702,2728.93531186,2771.5021429999997,2827.18442258,2915.19848478,2986.87802834,3037.8722328999997,3113.4966307,3122.61868658,3180.2341021400002,2929.4112830599997,3048.09579938,3100.2970720999997,3176.558687,3284.6481261,2702.916026,2755.445129266,2796.674848395,2830.560517103,2857.2296400040004,2898.3928822139997,2937.595612718
16_APC,3.A.2,Manure Management,CH4,211.862453099,209.16473571,215.728967684,231.459925753,223.76798947999998,213.93182805600003,215.889294611,215.016086003,239.383971171,236.590927752,245.63529377,256.257815099,265.29212906,279.49830603,289.8094104,299.06046585,307.036336356,311.30868632700003,320.814083977,324.8606997,330.323312272,338.775982727,355.43252913500004,363.557864672,379.356423571,380.242273641,391.990283272,406.659063134,386.00262345699997,366.942673314,370.811509656,382.93367626,401.088405014,410.605594866,415.262067999,423.326364625,433.73589704700004,469.729973206,475.435304895,489.017932492,501.66325111599997,493.915691205,529.921743898,529.6547117929999,546.875047637,577.366956605,594.576125405,645.988082268,488.12476717600003,497.481175843,488.728722679,463.397259681,466.635465528,474.65875001499995,475.680095197
16_APC,3.C.1,Emissions from biomass burning,CH4,173.6836244398,177.491793986,167.1782666817,188.5727817172,191.36642017970001,196.52674510810002,197.0454776356,199.85884852590002,212.9486834754,211.2237126521,221.428095957,233.03032401369998,228.200461163,236.5956358654,248.1077198125,251.67145671789999,253.0233496967,245.6927079608,262.3841466359,271.0982097476,266.1175951259,266.1860136207,280.8919779491,278.1700622358,283.60154434270004,294.2382462719,302.5852922924,296.1860374066,288.0427318156,309.1716314606,313.8568005185,315.1531658754,315.69302490120003,326.2668980119,334.9533648149,340.84113495149995,346.3912607976,358.1312959216,373.4748128558,378.9920172575,382.1079865716,385.9670200647,391.5524849588,389.7362608474,383.4326555951,374.72128500130003,371.815451257,383.2375192427,389.1238134638,368.016655043,362.4229870009,367.96824111741,379.78933124288,370.14016145844,370.6901031987
16_APC,3.C.7,Rice cultivations,CH4,3215.371911132,3254.448543653,3064.767257121,3378.778900108,3401.074172708,3570.977838186,3575.952096004,3624.4344167269996,3800.042802036,3731.41603999,3948.139294303,4057.867615055,3972.446420887,4052.914951962,4146.666884804,4244.922150168,4192.747483111,4102.786004754,4248.146001287,4379.958132274,4080.972239699,4069.824826275,4234.1783083889995,4316.833736195,4435.736749915,4592.813882161,4622.118920354,4547.941486558,4453.069238788,4881.407808977,4923.029371941,4968.581712231,4918.317091316,5007.573608525,5140.13039816,5306.854408809,5473.786042552,5563.23072393,5623.105280806,5677.06033146,5726.779300847,5644.083272277,5552.567296953,5533.5604376989995,5385.5159312450005,5209.896453663,5188.647033682,5304.009879442,5451.511696038,5166.937925164,5279.4382451149995,5339.962967131,5372.05847202,5192.193190445,5166.280197075
16_APC,4.A,Solid Waste Disposal,CH4,164.055612022,195.041789903,205.778815595,216.895293191,228.391067915,240.274037926,253.610603589,267.554780658,281.994169545,296.959566429,312.47061959900003,328.626430589,345.386290683,362.756822882,380.762270244,399.422347192,419.12519598100005,439.5828908,460.66380553199997,482.242955613,504.222057851,521.44925935,545.428808508,570.724032235,596.736204069,624.559296032,654.037085979,680.266918509,694.271805029,718.823981655,748.961777948,781.193712046,816.930621735,854.942545572,896.029851463,938.136630241,980.134471415,1025.381192074,1060.269395265,1100.6884408849999,1150.325328109,1191.951101473,1238.043158041,1283.975053789,1329.428860598,1376.215479874,1416.488594702,1456.3128506399999,1496.189805656,1580.798101534,1666.492541127,1736.408388691,1837.78780501,1881.341373559,1925.9676389620001
16_APC,4.B,Biological Treatment of Solid Waste,CH4,0.6558226389999999,0.689729625,0.724853534,0.760972582,0.7977627449999999,0.834983104,0.8733367009999999,0.912060597,0.951298349,0.9912905909999999,1.032212182,1.062124721,1.092361621,1.122978518,1.1540574040000002,1.185619884,1.2179620310000001,1.2508376190000001,1.283720011,1.315860579,1.34672925,1.372130475,1.396044823,1.4192095580000001,1.442714482,1.467344112,1.495652306,1.525154905,1.555541099,1.585645385,1.6150328760000001,1.687874466,1.7607034629999998,1.833474075,1.906272933,1.979191264,2.056199684,2.137139562,2.175837117,2.217538158,2.335563202,2.338618449,2.419523434,2.4766107049999997,2.630122126,2.234211325,2.233778715,2.625543424,1.6090151150000003,2.100227985,2.795082062,4.621626099,4.687245815000001,5.099586294,5.549840925999999
16_APC,4.C,Incineration and Open Burning of Waste,CH4,6.3098889196000005,6.3127470246,6.595993907,6.888049282000001,7.1884504449,7.4969572687,7.8189679873,8.1494907501,8.489965809100001,8.8422277018,9.2075401555,9.6641178997,10.1377042316,10.6270963949,11.1303894835,11.6459424197,12.1987518713,12.764486590899999,13.3429485334,13.934090488899999,14.5435169386,15.2881744457,16.0437088997,16.636258657299997,17.6025842403,20.264589592300002,20.843740754899997,19.5082058632,20.265832059700003,20.586680660699997,23.6101930178,26.24179221613,27.4087940413,26.6876142352,28.0292241458,27.5934194633,29.2730148268,30.6133280266,30.4909064363,29.111326734000002,30.2087128312,30.4987892104,31.205614571599998,32.0003948644,32.6743712813,33.0887544652,34.0225735032,34.6531584704,35.564650146700004,36.298817133,37.0565285009,37.805866336899996,38.5418466709,39.305329719,40.113755371
16_APC,4.D,Wastewater Treatment and Discharge,CH4,497.261774929,513.3974445050001,532.319888028,560.561494317,580.827622283,589.011016744,617.257305281,638.403058231,669.36757592,689.7359709699999,707.116998285,724.6120536369999,744.352428208,771.489197418,821.081139228,852.068682277,874.833397002,897.0284342750001,918.2830341790001,961.995156252,1023.6138677280001,1042.263987748,1073.088041791,1103.631539921,1162.052292165,1231.4332851,1280.205044024,1335.176711126,1337.160209516,1378.302864683,1507.687407144,1553.199828692,1616.4195445730002,1661.116440104,1695.0301798179999,1724.237975212,1707.357588773,1850.5388099230001,1864.379597698,1889.651275393,1959.514461426,2017.297814124,2040.9467850409999,2089.121330513,2111.673221439,2142.648709987,2162.27927341,2220.302836074,2284.644309412,2302.495735102,2328.3668109709997,2339.822629626,2360.640366339,2424.930218138,2469.6640015489997
16_APC,4.E,Other,CH4,13.9863591276,14.2798693457,15.048734835800001,15.353587888,15.879318055,16.186084445,16.492304055,17.010427662,17.775995988,18.321051998999998,18.636413023,18.969799574,19.357864422000002,19.688340905,20.197452835,20.465968597,21.09362864,21.708832839,22.549936006000003,23.617687945,24.96894993,25.968659001,27.376850864999998,27.39622385,27.101192506,25.98024188,26.180638232,25.766525476,27.29719626,28.277293844000003,29.143020317,30.025280541,31.32583117,32.252241858,33.483192678,34.905832588,34.862152376000004,36.182052462,39.081443699000005,38.618599536,36.796620093,52.67718395,40.883635446,68.636313381,40.771127689,51.522667987,40.739405385000005,43.487039067000005,39.611175181,37.173599181,37.6994635812,37.6994635812,39.048155707,38.160379032,37.506775179
17_ANZ,1.A.1.a,Main Activity Electricity and Heat Production,CH4,0.5402957820000001,0.536678764,0.600352875,0.644651012,0.9395935329999999,0.9733166560000001,1.0462726770000002,1.139229564,1.0871890800000001,1.082359985,1.144611476,1.217414834,1.392822513,1.2956319280000002,1.342996431,1.418193362,2.133088109,2.199939193,2.260762961,2.36976596,2.9796305100000002,2.988950614,2.818161462,2.849143222,2.865322302,2.973193364,3.032935058,3.116741956,3.2767353650000004,3.440929633,3.50874751,3.612031257,4.012759536,4.803166695,5.102667504,5.388748429,5.457673295,5.817941141,6.290068654,4.508531516,4.611778896000001,4.365678207,4.473369831,4.4018474460000006,4.425888094,4.707799416,4.793329613,5.089738729,4.989498507,4.808248933,4.763710536,4.466322793,4.358872782,4.292152736,4.366346245
17_ANZ,1.A.1.bc,Petroleum Refining - Manufacture of Solid Fuels and Other Energy Industries,CH4,0.060419003,0.073076115,0.0695151,0.08093740299999999,0.208841684,0.216567409,0.23524728,0.255370667,0.260335407,0.255572897,0.242695255,0.237658802,0.263358398,0.26287849,0.288652329,0.310092572,0.30522376900000003,0.34216144699999995,0.353794134,0.363648168,0.41716679,0.416707976,0.42607569,0.462131774,0.473506127,0.505653161,0.555413269,0.548908772,0.583681997,0.597555902,0.614496072,0.619991766,0.485345492,0.6032757369999999,0.610435187,0.621957071,0.6943744169999999,0.74204143,0.733680478,0.757837399,0.786066854,0.805999193,0.8116348050000001,0.873825474,0.869341406,0.844889285,0.931039941,1.087229123,1.161101492,1.317436211,1.353843898,1.322050489,1.3482091349999998,1.2960141649999999,1.2428776890000002
17_ANZ,1.A.2,Manufacturing Industries and Construction,CH4,4.352423149,4.436365188,4.317917378,4.269295549,4.870087006,5.012757443,5.094267521,5.324176033,5.236924847,5.038815926,5.293785306,5.290357075999999,5.440059013,5.2058774020000005,5.199438237,5.548546696,4.170716617,4.363317379,4.5530201429999995,4.750240405,4.536147426,4.4409823159999995,4.082535331,4.673174566,4.960312438,5.161135907,5.972091712,6.350839344,6.026895629,6.1554754549999995,6.1983536500000005,6.16911828,6.317128035,5.144610234,5.239261304,5.194182928,5.072976157,5.177262725,5.2434816060000005,5.484952886,6.367437095,6.317915194,6.400539567,6.78732578,6.559850965,6.7697530299999995,6.837027684,6.921639057,6.722104701,6.429010678,5.9956536520000006,6.284754185,6.3033193160000005,6.334474489,6.37582946
17_ANZ,1.A.3.a,Civil Aviation,CH4,0.01382195,0.014377949999999999,0.015000999000000001,0.017894201,0.020052451,0.023011299,0.023589948,0.024191001,0.024992101,0.024547501,0.02423535,0.0248805,0.025570101999999997,0.024701999000000002,0.024991449000000002,0.025636751000000003,0.027169751,0.028349251,0.03148855,0.0333344,0.02835085,0.032644201,0.034824601000000004,0.037005001,0.0394302,0.044659248,0.0476851,0.0489988,0.044860301000000005,0.044192849,0.046996349,0.051068300999999997,0.046193899999999996,0.0439923,0.03740635,0.036093401000000004,0.04706355,0.0468623,0.052091001,0.057186451,0.057964600000000005,0.063745644,0.064688682,0.067851178,0.069017386,0.069272612,0.070816847,0.07177817,0.073608646,0.069025793,0.054658749,0.039976551,0.050701844,0.07420445399999999,0.08358769899999999
17_ANZ,1.A.3.b_noRES,Road Transportation no resuspension,CH4,12.191801855,12.810743481,13.833355705999999,14.862968453,15.445158563,16.281093555,17.135461815,18.159185389,19.039502459999998,19.770185191,20.005266968,20.403052055,21.259431579,21.293576744,22.222333208000002,22.857453308,23.625081023,24.006529392,25.11320397,26.200479712,27.257787954,26.323435566,25.619756622,25.145764318,24.608619567,24.054337897,23.359565592000003,22.651541539,21.814414021999998,21.274051906,20.933944869999998,19.357261375,19.516660127,19.477311716,19.127589747000002,17.653434496,16.845315529,16.092023689,15.090723504,13.996735981,13.439592491,12.678768091,12.271864567999998,11.674626608,11.207115396999999,10.722500271,10.846339403,10.518212204000001,10.044257027,9.931142278,9.026014052999999,8.998270746,8.690084709,9.09178861,9.305392976
17_ANZ,1.A.3.c,Railways,CH4,0.074982433,0.061549966,0.061058695,0.082085983,0.097300021,0.102293568,0.105373936,0.105855453,0.10716503299999999,0.10980525,0.109102585,0.10820101,0.107444935,0.09720829,0.105190049,0.110486818,0.106774146,0.110543405,0.108314126,0.099829263,0.101370615,0.101852214,0.100112363,0.098521798,0.096810905,0.094867407,0.094718984,0.09578146600000001,0.094669335,0.10678116500000001,0.11473671499999999,0.113322383,0.092814752,0.10165425,0.111908075,0.115267087,0.11544386200000001,0.118276228,0.13949104499999998,0.143376695,0.141983532,0.145080772,0.160036554,0.17100575799999998,0.175007795,0.188744171,0.19387375499999998,0.200005258,0.198124491,0.198200472,0.194585402,0.202688978,0.200452909,0.201157089,0.207093407
17_ANZ,1.A.3.d,Water-borne Navigation,CH4,0.27792239999999996,0.296709016,0.251680795,0.338158817,0.323248796,0.283588173,0.255557413,0.30207659899999995,0.36201479400000003,0.31579381300000003,0.357394518,0.348146819,0.28641914,0.278299414,0.272595934,0.249605704,0.252035866,0.263225002,0.251932153,0.237737716,0.207083686,0.176258046,0.178846258,0.156793998,0.14876647199999998,0.195040457,0.20074468699999998,0.18876531600000002,0.155872507,0.155586217,0.17139080699999998,0.191744129,0.131453126,0.12807980600000002,0.133828433,0.163197019,0.146709406,0.25371667600000003,0.249675001,0.249912055,0.253606751,0.250602141,0.20679641399999998,0.19034832,0.184291148,0.20434134399999998,0.197178114,0.208166881,0.21584389299999998,0.23523662499999998,0.234449406,0.221618359,0.222210021,0.239398117,0.257724487
17_ANZ,1.A.3.e,Other Transportation,CH4,0.005751,0.005751,0.007029,0.008307,0.008307,0.012141,0.0123966,0.0093294,0.007668,0.0079236,0.0071568,0.0058788,0.0048564,0.0033228,0.0048564,0.006774298,0.007278301,0.008334899,0.009886502,0.008103599,0.00048149,0.00408689,0.0046502900000000005,0.005396391,0.006426892,0.00715875,0.007542152,0.007841761000000001,0.007931760999999999,0.008633001000000001,0.009390804,0.009686898000000001,0.012913281,0.026639826,0.026609265,0.028110423,0.033030665,0.034499303,0.036667218999999994,0.024735984000000003,0.025056655,0.023637851999999997,0.02619909,0.028141911,0.029051254000000002,0.035160290999999996,0.037606978,0.036007757,0.037109911,0.040392584,0.037597732,0.040958304,0.045653119,0.046107451,0.046280955
17_ANZ,1.A.4,Residential and other sectors,CH4,31.127479182,30.447664773,31.854463853,29.965862574,29.175667181,28.358905018,27.101513919,25.768499734,24.323104489,24.683233493,25.146289608,25.613895135,25.227337517,25.113193955,24.744983485,24.441302284,24.289277842,24.310354047,24.530993242999998,24.62503387,26.733415053,26.988340005,27.345151773,31.615967672,28.349395326,28.503646624,27.581245225,27.80914176,27.571139425000002,27.256709497,27.616607696,28.030821522,29.350284887,27.076692035,24.28632653,22.630969046,22.57114638,22.905861419,22.476763751,21.918524863,21.319127053,20.623122847,21.007268908,20.877044978,20.131159733,19.707008799,19.141100596,19.441927877,19.057031132,18.700410551,18.46579671,18.440770457,18.67566485,19.052403387,19.171919366
17_ANZ,1.A.5,Non-Specified,CH4,0.938604851,0.9037553979999999,0.788616882,0.972665404,0.12272751700000001,0.013436032,0.014850357,0.016618269,0.018386162,0.019446902,0.020861228,0.024573808,0.027225667,0.029523922,0.029877508,0.030584662,0.035181206,0.038363426,0.035357999,0.292971817,0.046672551,0.04932441,0.052329836,0.054451316,0.055688848,0.058340707,0.062406873,0.068417726,0.078671556,0.08150019,0.081676982,0.083444876,0.103952518,0.191817147,0.216921334,0.258290186,0.230357365,0.221694654,0.228043525,0.247505995,0.256699085,0.290579279,0.353352443,0.393021019,0.399465732,0.377790402,0.410175279,0.442584719,0.483946661,0.518654118,0.532802432,0.522109998,0.516462627,0.56844915,0.585224572
17_ANZ,1.B.1,Solid Fuels,CH4,613.1496738,588.51387288,711.30940076,722.4184927199999,683.830665455,542.700828301,526.389500972,577.312272409,567.72656673,607.360356115,564.98035851,685.63751831,683.64934231,787.03971439,854.66379553,715.5446469320001,770.002049841,860.4581102469999,742.689288214,821.36286638,789.2820796760001,838.72905962,864.6032826000001,858.52604409,784.17307981,834.24296945,834.82627033,890.0555441800001,856.97610545,851.85101761,875.48647192,946.78163219,977.70696644,1020.3450857600001,1035.25053881,1121.61911233,1145.4552651000001,1149.19011394,1173.65151637,1148.2942806699998,1132.31318101,1154.40733606,1228.83154999,1142.14147147,1174.2727686300002,1276.90832559,1099.49157675,1199.68448407,1205.0363541299998,1290.09708581,1078.70191985,974.22088433,1004.095332376,919.123482534,924.427611274
17_ANZ,1.B.2,Oil and Natural Gas,CH4,91.33440353900001,94.02088254,104.19510708600001,130.208397036,132.092357762,142.534229607,150.641408997,163.944717848,165.619851532,168.019940802,163.15457583399998,167.707085737,176.74975270800002,174.50461018000001,194.77089744,223.44401301000002,248.97254233,239.68229036000002,250.44400810000002,248.60504304,258.60456073,273.59577346000003,289.43306243,293.46201302000003,307.81690456,339.01706798,350.75518478,359.10638424,359.36020389,329.15810286,356.15989131,362.11349755000003,337.09931546,311.16777456500006,294.03044589,289.52937950999996,293.64705672499997,300.02449839,293.37527926,303.17956223,336.166788905,337.76034140999997,335.5634382,363.62095228500004,347.89251561,369.99104335,382.72524476499996,447.98027383,467.057710545,526.181210755,536.79318388,517.64741651,539.149629395,537.9832372879999,536.578332885
17_ANZ,2.B,Chemical Industry,CH4,1.9877269999999998,1.9882069999999998,1.9885069999999998,1.988573,1.9892869999999998,1.989377,1.98965,1.9901577199999998,1.9903601,1.9903293199999998,1.9903263199999999,1.9903353199999998,1.9903263199999999,1.9903263199999999,1.9903293199999998,1.9705293199999998,1.9738293199999999,1.9804293199999998,1.98703232,1.2050353200000001,1.9903323199999998,2.8417031529999996,1.63805971,2.6354417949999998,4.138119335,6.1979830410000005,6.1112985040000005,4.493346742,5.460270579,5.7934363200000005,5.80119132,5.16739132,5.55019132,2.5335913199999998,2.8416413200000004,1.1287871600000001,1.27106008,1.344333,1.6581329999999999,2.234565,2.249797,2.246629,2.882861,3.594993,5.382092999999999,4.600092999999999,5.347593,4.800192999999999,4.025093,4.179751495,3.9451047249999998,3.478345253,3.2633812819999997,3.342873445,2.692084302
17_ANZ,2.C,Metal Industry,CH4,1.4543557,1.3604977,1.3908337000000002,1.3458747,1.2358057,1.2529147,1.1663457000000002,0.9764636999999999,0.9426076999999999,1.0004637,0.8764476999999999,0.8978347,0.7062697,0.5060669,0.6251247,0.6226406999999999,0.5937176999999999,0.53133133,0.5839854,0.6162761000000001,0.6400007,0.623766,0.6787723999999999,0.7276284,0.816052,0.8261392,0.8121160000000001,0.8401518,0.8496411,0.8003727,0.7686000000000001,0.7546098,0.778141,0.7857521000000001,0.768418,0.81324,0.8214,0.8220999999999999,0.80838,0.6016800000000001,0.7806150000000001,0.7210977999999999,0.5269331,0.5842551,0.6099178000000001,0.6202363999999999,0.5405432,0.6038294,0.6405673,0.5735139,0.5426181000000001,0.5678818999999999,0.584980258,0.5621067390000001,0.51528152
17_ANZ,3.A.1,Enteric Fermentation,CH4,3790.9381553,3857.4321355,3962.648199,3866.9201693000005,4023.530245,4198.991517,4207.315128,3994.2345940000005,3835.210313,3727.6993460000003,3742.6891750000004,3682.582788,3683.746919,3527.552248,3583.390646,3707.764029,3770.136517,3668.630709,3725.0253390000003,3803.543836,3931.7109710000004,3897.08983,3783.5321751,3726.0869875,3838.0635429999998,3757.7182059999996,3801.623295,3845.305986,3819.167295,3811.6681310000004,3914.607497,3881.583634,3891.2534910000004,3779.4482049999997,3861.205113,3891.902081,3862.6770290000004,3796.049214,3644.8220199999996,3676.039508,3557.77078,3737.461802,3775.951409,3830.906372,3808.9376199999997,3658.5925719999996,3453.892266,3562.83792,3558.617849,3386.0556751,3271.2103979,3372.0220283,3370.7881445,3737.3694299,3728.2256018000003
17_ANZ,3.A.2,Manure Management,CH4,289.76887757000003,294.41455586,302.12297420000004,297.93916143,287.94388774000004,287.35049977,287.20502176,276.86525998,268.52174442,261.89767174,271.48328783,266.22837935,265.24086637,264.24550244,268.2539767,274.64547179,277.12439616,273.22322216,277.83545692,276.62088668,284.23475784,277.43297877,280.9228171,281.97422668,293.79516426,292.8312605,298.2096078,306.918809,315.0660981,313.6148381,311.77605289999997,320.1942312,325.4925804,319.5655663,323.1612637,318.0293911,324.6177105,320.8318801,309.9860017,317.2456277,307.84519190000003,319.08972600000004,328.6878724,328.3946387,332.8362207,323.5014414,319.0820416,322.7441745,325.1074987,314.3656039,305.8120809,316.3239347,313.3292996,319.4984199,318.91783680000003
17_ANZ,3.C.1,Emissions from biomass burning,CH4,18.299343136999997,20.488100842999998,17.703236897,22.772229348000003,21.782800796,23.355972693,24.01491922,22.554672720000003,30.079150955,28.773954966,24.377320178,30.404485178,23.256896986,35.770220527,33.946659716999996,31.277588615,30.268459936,26.203773811,27.608542595,27.490172954000002,27.818434495,26.773785467,23.988430592,28.855912611,31.652239273,23.982940524,32.358762444,39.017589236,34.240586705,35.55672934,36.020564379,33.570053686,33.592993823,20.033026838999998,31.868919867,26.8192602,28.116242606,16.250249979,17.971903424,19.828390298,18.278088571999998,20.412843538,22.358998783,20.093587732,20.713858979,20.377356299,19.523731465,25.543235906,19.488105948,16.724651659,15.703396236,24.584137785,26.246503191000002,27.483581033,31.817771471
17_ANZ,3.C.7,Rice cultivations,CH4,6.377635425,6.469141665,6.429107685,7.1648115,10.72370523,12.00415713,11.8894566,14.62161687,14.52566241,17.51168895,18.48489594,16.83969,20.175855,12.232605,18.91097187,19.349757,16.8555765,15.2351535,16.744371,15.409905,16.680825,14.138985,20.175855,19.858125,21.0813855,20.525358,23.7820905,26.4827955,22.431738,24.0998205,21.1767045,28.05174624,22.93518119,7.28205387,10.54800054,8.13642984,16.22456472,3.13091142,0.36824907,1.14287481,3.007473315,12.0392663,16.38136448,18.05310087,12.18367458,11.06717136,4.229780625,13.05933846,9.714753615,1.2105513,0.795437055,7.16226966,9.936846885,8.29110756,6.289805735
17_ANZ,4.A,Solid Waste Disposal,CH4,570.6802743000001,579.8502108,589.0077383,598.1652658,607.3227933000001,616.4803208999999,622.8366467000001,629.1929725,635.5354603,641.8916285,648.2477963,656.9378889,665.6425538000001,674.318075,683.0081677000001,691.7134591,702.108307,712.5340584,719.4014037,726.2295107,742.3968079,745.6960514,743.5705695,745.8118023000001,722.1267027,729.9247352,687.5292273,686.1191517,667.0698391999999,670.0403393,665.9927275,669.7320017,677.1019676999999,653.0032163,644.3209512999999,642.2169886,632.4566306,640.8663324,650.9302612,648.4839601,653.3360230000001,640.0459687,611.4494703,595.5960417,593.1721498,592.2563076,583.5874217,587.0118753,575.2696880999999,584.4586652,586.2142253,582.7639872,591.0334027,596.6375505,602.3047738
17_ANZ,4.B,Biological Treatment of Solid Waste,CH4,0.61066741,0.598000795,0.58648577,0.576098655,0.566777681,0.558417356,0.551345999,0.545079182,0.539234364,0.533328989,0.527027052,0.52104451,0.51464973,0.507935543,0.50105718,0.494137504,0.487121516,0.480091425,0.473134144,0.466342374,0.459777755,0.594802364,0.729870777,0.8649838710000001,1.000142539,1.135347691,1.270600259,1.40590119,1.541251452,1.676652031,1.812103933,1.947608186,2.083165836,2.218777951,2.35444562,2.490169954,2.673069688,2.816867877,3.023831575,3.211334335,3.687059218,4.351232956,4.519555832,4.712940429,4.8982288899999995,5.10582492,5.393777351000001,5.623362688,5.817594291000001,6.010442323,6.144218224,6.226772631,6.3490133140000005,6.494143439,6.645561712999999
17_ANZ,4.C,Incineration and Open Burning of Waste,CH4,3.9780526849999998,4.068717392,4.16914007,4.2714565229999995,4.364496886,4.440416257,4.484872612,4.511972355,4.528593101999999,4.544941394,4.5685490380000005,4.597709982,4.634893314,4.677180761000001,4.719689568000001,4.75917838,4.803576703,4.845770238,4.890480072,4.944343818,5.011608761,4.974258951,4.914984794,5.013206329,4.302098234,4.303454582,4.136608551999999,4.452838289,4.7042522920000005,5.005635911000001,4.790848663,4.57398005,4.359179087,4.096790454,4.128685354,4.002978114,4.012963271,3.9427558609999998,3.826572031,3.7444437959999997,3.7532310570000003,3.596279307,3.6058913479999997,3.51494354,3.518939652,3.4275906590000003,3.441714964,3.249898784,3.1529591480000003,3.078565817,3.062949872,3.091146269,2.93257055,2.869104903,2.807020511
17_ANZ,4.D,Wastewater Treatment and Discharge,CH4,67.47833217,69.93291265,72.8272796,74.14657627,75.2883606,76.59276882,80.18449466,81.30329859,81.95920727,81.7568959,81.82844692,81.87361166,81.47533605,81.21049409,80.64123061000001,81.88584130000001,81.35899157,81.56659696999999,82.21683135999999,81.16704093,80.63699506,79.95637715000001,76.86784795000001,75.88319261,74.69223851999999,73.7708014,69.7528439,67.59992052999999,66.50481099,62.95692148,62.304640000000006,64.60332959,68.29195697,65.76033525,66.59700953,67.31454874,69.10254574,70.26718678,73.59265388,70.52301831,72.00269135,73.57052428,74.72405248,76.64304988,79.52098687,79.79599696,79.02965927000001,77.64160973,80.44855256,81.64503366,78.56661969999999,77.97881311,77.62727550000001,73.60644429,72.26930632
17_ANZ,4.E,Other,CH4,9.878800258,9.543715749,9.206558003,8.856767912,8.517223386,8.164690658,8.448941661,8.738798459,9.038449916,9.329212821,9.615648122000001,9.437770758000001,9.266420595,9.079239362,8.91579292,8.795633865,8.865390882,8.925525239999999,9.324573882,9.469193901,9.989316016,9.976128031999998,9.799618425,10.200322879,10.635883102000001,11.253592752000001,10.245761617000001,11.172985052,11.069036736,11.406933406,11.028874393,10.332280396,11.297636858,11.159104593,11.047332393,10.674756115000001,10.831520926,10.716365081,10.802143320999999,10.932402172,11.012687774,11.166134878,11.331069303,11.431840369,11.418222929999999,11.413546540999999,11.444350989,11.621607919,11.674791888,11.674791888,11.674791888,11.674791888,11.674791888,11.685428682000001,11.696082061
17_ANZ,5.B,Fossil fuel fires,CH4,0.6,0.6,0.6,0.6,0.6,0.6,0.6,0.6,0.6,0.6,0.6,0.6,0.6,0.6,0.6,0.6,0.6,0.6,0.6,0.6,0.6,0.6,0.6,0.6,0.6,0.6,0.6,0.6,0.6,0.6,0.6,0.6,0.6,0.6,0.6,0.6,0.6,0.6,0.6,0.6,0.6,0.6,0.6,0.6,0.6,0.6,0.6,0.6,0.6,0.6,0.6,0.6,0.6,0.6,0.6
