model,scenario,version,region,unit,variable,type,1950,1955,1960,1965,1970,1975,1980,1985,1990,1995,2000,2005,2010,2015,2020,2025,2030,2035,2040,2045,2050,2055,2060,2065,2070,2075,2080,2085,2090,2095,2100
IIASA-WiC POP 2025,Historical Reference,1,Aruba,million,Population,ANNUAL,0.038123,0.045654,0.05386,0.058504,0.05924,0.060375,0.062138,0.064383,0.064895,0.075884,0.088122,0.093938,0.099821,0.103937,0.106664,0.1088,,,,,,,,,,,,,,,
IIASA-WiC POP 2025,Historical Reference,1,Afghanistan,million,Population,ANNUAL,7.436561,7.915832,8.541748,9.457096,10.620384,12.016498,12.917355,10.50657,10.845924,16.071789,19.669913,23.856141,27.80317,33.36082,38.326031,44.166205,,,,,,,,,,,,,,,
IIASA-WiC POP 2025,Historical Reference,1,Angola,million,Population,ANNUAL,4.432912,4.895364,5.313525,5.707744,5.9667,6.916596,8.182314,9.791161,11.631523,13.680908,16.126967,19.103826,22.925082,27.62432,32.899002,38.360074,,,,,,,,,,,,,,,
IIASA-WiC POP 2025,Historical Reference,1,Anguilla,million,Population,ANNUAL,0.00489,0.005721,0.005738,0.005995,0.006257,0.006443,0.006551,0.006777,0.00817,0.009472,0.010878,0.012031,0.013055,0.014356,,,,,,,,,,,,,,,,,
IIASA-WiC POP 2025,Historical Reference,1,Albania,million,Population,ANNUAL,1.234474,1.430773,1.682657,1.97945,2.292301,2.61791,2.915703,3.15281,3.290062,3.28996,3.195713,3.047469,2.920897,2.883156,2.87213,2.793087,,,,,,,,,,,,,,,
IIASA-WiC POP 2025,Historical Reference,1,Andorra,million,Population,ANNUAL,0.005948,0.005832,0.009062,0.01312,0.019141,0.026819,0.034908,0.043032,0.052616,0.061983,0.06588,0.078424,0.072717,0.071722,,,,,,,,,,,,,,,,,
IIASA-WiC POP 2025,Historical Reference,1,United Arab Emirates,million,Population,ANNUAL,0.072048,0.098947,0.129741,0.169496,0.275244,0.517455,0.961141,1.343826,1.845986,2.381492,3.186118,4.083254,8.433991,8.877288,9.247548,9.79243,,,,,,,,,,,,,,,
IIASA-WiC POP 2025,Historical Reference,1,Argentina,million,Population,ANNUAL,16.849682,18.5373,20.187607,21.880234,23.652997,25.669772,27.804417,30.058262,32.402162,34.721109,36.864,38.867884,40.892778,43.042287,44.908443,46.045355,,,,,,,,,,,,,,,
IIASA-WiC POP 2025,Historical Reference,1,Armenia,million,Population,ANNUAL,1.366081,1.578846,1.870776,2.202927,2.505973,2.798622,3.119069,3.287069,3.525783,3.333873,3.187692,3.056449,2.955608,2.884958,2.812494,2.762253,,,,,,,,,,,,,,,
IIASA-WiC POP 2025,Historical Reference,1,American Samoa,million,Population,ANNUAL,0.018717,0.019795,0.019859,0.023018,0.026792,0.029263,0.032353,0.038898,0.047184,0.052853,0.058086,0.057449,0.0551,0.051805,,,,,,,,,,,,,,,,,
IIASA-WiC POP 2025,Historical Reference,1,Antigua and Barbuda,million,Population,ANNUAL,0.044948,0.04977,0.05482,0.059162,0.064296,0.064101,0.064782,0.065212,0.063473,0.06771,0.074423,0.07938,0.085163,0.089595,0.092375,0.095485,,,,,,,,,,,,,,,
IIASA-WiC POP 2025,Historical Reference,1,Australia,million,Population,ANNUAL,8.0489,9.099771,10.173755,11.240012,12.393916,13.809241,14.604481,15.677747,16.928886,17.897944,18.903313,20.04013,21.856965,23.641438,25.544183,26.559259,,,,,,,,,,,,,,,
IIASA-WiC POP 2025,Historical Reference,1,Austria,million,Population,ANNUAL,6.937809,6.943932,7.029366,7.246871,7.453368,7.590322,7.543687,7.560286,7.645463,7.942527,8.001197,8.200618,8.350976,8.584609,8.9011,9.044223,,,,,,,,,,,,,,,
IIASA-WiC POP 2025,Historical Reference,1,Azerbaijan,million,Population,ANNUAL,3.126982,3.502112,4.063658,4.770385,5.372649,5.87609,6.339692,6.832859,7.371985,7.857374,8.143914,8.604653,9.177799,9.804533,10.273527,10.492942,,,,,,,,,,,,,,,
IIASA-WiC POP 2025,Historical Reference,1,Burundi,million,Population,ANNUAL,2.229322,2.470794,2.719733,3.086551,3.45601,3.711071,4.176526,4.903724,5.428165,5.898312,6.243645,7.257392,8.955711,10.667662,12.053894,13.674842,,,,,,,,,,,,,,,
IIASA-WiC POP 2025,Historical Reference,1,Belgium,million,Population,ANNUAL,8.597144,8.811536,9.08189,9.383769,9.610327,9.7584,9.821994,9.877614,9.946618,10.08216,10.242888,10.485647,10.839033,11.214586,11.54127,11.692354,,,,,,,,,,,,,,,
IIASA-WiC POP 2025,Historical Reference,1,Benin,million,Population,ANNUAL,2.256437,2.348151,2.493735,2.710077,2.9917,3.339035,3.781555,4.355041,5.054985,5.975745,6.89242,8.013804,9.307385,10.771657,12.466822,14.28294,,,,,,,,,,,,,,,
IIASA-WiC POP 2025,Historical Reference,1,"Bonaire, Sint Eustatius and Saba",million,Population,ANNUAL,0.006988,0.007535,0.007623,0.008377,0.009553,0.01056,0.011448,0.012018,0.012543,0.013136,0.013878,0.016388,0.019868,0.022858,,,,,,,,,,,,,,,,,
IIASA-WiC POP 2025,Historical Reference,1,Burkina Faso,million,Population,ANNUAL,4.190492,4.444332,4.748956,5.115772,5.562972,6.076139,6.838677,7.864013,9.011721,10.220344,11.703448,13.658109,15.880023,18.442699,21.23189,24.191297,,,,,,,,,,,,,,,
IIASA-WiC POP 2025,Historical Reference,1,Bangladesh,million,Population,ANNUAL,39.336197,43.782969,49.678182,57.63316,66.788127,73.842575,82.874731,94.76332,106.001578,116.744529,127.975569,139.922808,147.487561,156.916324,166.426991,175.53052,,,,,,,,,,,,,,,
IIASA-WiC POP 2025,Historical Reference,1,Bulgaria,million,Population,ANNUAL,7.120745,7.477767,7.852825,8.212682,8.548597,8.839462,8.980756,8.930717,8.787977,8.515199,8.129887,7.840549,7.615538,7.341383,7.020239,6.678252,,,,,,,,,,,,,,,
IIASA-WiC POP 2025,Historical Reference,1,Bahrain,million,Population,ANNUAL,0.115571,0.132808,0.157593,0.18996,0.219647,0.277756,0.354633,0.426622,0.508892,0.603052,0.701887,0.867521,1.213642,1.338295,1.494028,1.624196,,,,,,,,,,,,,,,
IIASA-WiC POP 2025,Historical Reference,1,Bahamas,million,Population,ANNUAL,0.08112,0.090782,0.111757,0.141711,0.176314,0.199844,0.221614,0.243493,0.268088,0.296764,0.322567,0.345411,0.370724,0.391004,0.405784,0.415502,,,,,,,,,,,,,,,
IIASA-WiC POP 2025,Historical Reference,1,Bosnia and Herzegovina,million,Population,ANNUAL,2.670844,2.928594,3.231089,3.537199,3.793492,4.002758,4.182355,4.367524,4.488757,3.68525,4.171709,4.112153,3.844738,3.546921,3.340977,3.181,,,,,,,,,,,,,,,
IIASA-WiC POP 2025,Historical Reference,1,Saint Barth??lemy,million,Population,ANNUAL,0.001974,0.002128,0.002178,0.002332,0.002412,0.002545,0.002953,0.00389,0.00507,0.00605,0.006988,0.007945,0.008916,0.009542,,,,,,,,,,,,,,,,,
IIASA-WiC POP 2025,Historical Reference,1,Belarus,million,Population,ANNUAL,7.926779,7.948701,8.336512,8.819594,9.138714,9.469241,9.787097,10.101637,10.410923,10.472531,10.281424,9.967568,9.745094,9.696501,9.661039,9.3946,,,,,,,,,,,,,,,
IIASA-WiC POP 2025,Historical Reference,1,Belize,million,Population,ANNUAL,0.068155,0.078889,0.090223,0.103264,0.119749,0.129477,0.14333,0.161562,0.180642,0.200692,0.236627,0.276221,0.318415,0.356136,0.392424,0.423846,,,,,,,,,,,,,,,
IIASA-WiC POP 2025,Historical Reference,1,Bermuda,million,Population,ANNUAL,0.036924,0.038917,0.041692,0.046527,0.051616,0.053185,0.053439,0.055415,0.057294,0.059287,0.061173,0.062868,0.063391,0.063256,,,,,,,,,,,,,,,,,
IIASA-WiC POP 2025,Historical Reference,1,Bolivia,million,Population,ANNUAL,3.067084,3.326908,3.669416,4.071893,4.535232,5.07026,5.67291,6.318134,7.022161,7.76775,8.515947,9.296165,10.137039,11.00368,11.862352,12.620088,,,,,,,,,,,,,,,
IIASA-WiC POP 2025,Historical Reference,1,Brazil,million,Population,ANNUAL,53.1519,61.747204,71.976656,83.441271,95.176504,107.420393,120.853243,135.340402,149.370653,162.250123,174.692656,185.769921,195.43275,204.33481,212.564939,217.546263,,,,,,,,,,,,,,,
IIASA-WiC POP 2025,Historical Reference,1,Barbados,million,Population,ANNUAL,0.207891,0.22644,0.231992,0.237288,0.240966,0.246462,0.252976,0.257638,0.258747,0.262042,0.264483,0.269,0.274303,0.277797,0.280426,0.282601,,,,,,,,,,,,,,,
IIASA-WiC POP 2025,Historical Reference,1,Brunei Darussalam,million,Population,ANNUAL,0.046859,0.062364,0.083231,0.105266,0.130664,0.15696,0.184888,0.218333,0.257882,0.295529,0.330487,0.363627,0.393175,0.419093,0.439894,0.461429,,,,,,,,,,,,,,,
IIASA-WiC POP 2025,Historical Reference,1,Bhutan,million,Population,ANNUAL,0.174711,0.193761,0.218451,0.251126,0.294009,0.34645,0.408607,0.477292,0.551832,0.522363,0.579146,0.657624,0.701611,0.739989,0.770001,0.797744,,,,,,,,,,,,,,,
IIASA-WiC POP 2025,Historical Reference,1,Botswana,million,Population,ANNUAL,0.408831,0.457102,0.507224,0.569023,0.588829,0.70923,0.915928,1.118658,1.321744,1.523992,1.709362,1.875451,2.070064,2.282237,2.523551,2.7334,,,,,,,,,,,,,,,
IIASA-WiC POP 2025,Historical Reference,1,Central African Republic,million,Population,ANNUAL,1.426515,1.533863,1.664766,1.829926,2.044957,2.261335,2.402662,2.538021,2.765804,3.237384,3.706425,4.160259,4.614457,4.780856,5.272024,6.099845,,,,,,,,,,,,,,,
IIASA-WiC POP 2025,Historical Reference,1,Canada,million,Population,ANNUAL,13.593591,15.535942,17.720947,19.505728,21.181539,22.975505,24.356256,25.720924,27.467238,29.136975,30.529607,32.060726,33.783042,35.562312,37.758236,38.636151,,,,,,,,,,,,,,,
IIASA-WiC POP 2025,Historical Reference,1,Switzerland,million,Population,ANNUAL,4.668088,4.970706,5.296052,5.829713,6.16908,6.355975,6.303403,6.455402,6.673168,7.016623,7.162537,7.406579,7.776311,8.23692,8.606426,8.846489,,,,,,,,,,,,,,,
IIASA-WiC POP 2025,Historical Reference,1,Chile,million,Population,ANNUAL,6.563894,7.246524,8.056382,8.910507,9.738197,10.555343,11.386866,12.234872,13.234942,14.316073,15.264469,16.096459,16.920062,17.779025,19.206692,19.581699,,,,,,,,,,,,,,,
IIASA-WiC POP 2025,Historical Reference,1,China,million,Population,ANNUAL,539.190005,596.564173,654.291352,714.138999,811.78718,907.822798,975.157395,1051.925445,1143.766993,1212.878184,1259.610155,1300.84775,1343.697578,1389.794555,1423.998021,1426.368117,,,,,,,,,,,,,,,
IIASA-WiC POP 2025,Historical Reference,1,lvory Coast,million,Population,ANNUAL,2.698514,3.107384,3.641544,4.40551,5.361339,6.69817,8.147316,9.792006,11.683761,14.047083,16.575193,18.757907,20.896434,23.291821,26.477572,29.762711,,,,,,,,,,,,,,,
IIASA-WiC POP 2025,Historical Reference,1,Cameroon,million,Population,ANNUAL,4.283047,4.630213,5.077842,5.621742,6.367523,7.294304,8.358321,9.653136,11.257056,13.029933,14.893826,17.041085,19.594709,22.662456,26.137122,29.624897,,,,,,,,,,,,,,,
IIASA-WiC POP 2025,Historical Reference,1,Democratic Republic of the Congo,million,Population,ANNUAL,12.174049,13.491282,15.08151,17.192926,19.864962,22.748437,26.334923,30.354677,35.371989,42.740354,47.901635,55.661763,65.295329,77.325521,91.331955,107.546464,,,,,,,,,,,,,,,
IIASA-WiC POP 2025,Historical Reference,1,Congo,million,Population,ANNUAL,0.826239,0.922527,1.042105,1.190453,1.375902,1.604728,1.808691,2.031788,2.352584,2.704958,3.055528,3.603364,4.363582,5.003857,5.635288,6.343255,,,,,,,,,,,,,,,
IIASA-WiC POP 2025,Historical Reference,1,Cook Islands,million,Population,ANNUAL,0.01449,0.015983,0.017433,0.018662,0.020269,0.019204,0.017692,0.016794,0.017024,0.0177,0.016205,0.01513,0.016922,0.017764,,,,,,,,,,,,,,,,,
IIASA-WiC POP 2025,Historical Reference,1,Colombia,million,Population,ANNUAL,11.614844,13.317298,15.444401,18.006307,20.64995,23.148948,25.87179,29.012428,32.258765,35.638295,38.901889,41.941895,44.564537,46.894748,50.617028,52.418442,,,,,,,,,,,,,,,
IIASA-WiC POP 2025,Historical Reference,1,Comoros,million,Population,ANNUAL,0.159959,0.176371,0.193013,0.212751,0.239092,0.275831,0.323295,0.370551,0.425417,0.478567,0.531414,0.58676,0.649137,0.722314,0.798327,0.880919,,,,,,,,,,,,,,,
IIASA-WiC POP 2025,Historical Reference,1,Cabo Verde,million,Population,ANNUAL,0.183891,0.194418,0.20799,0.240195,0.283172,0.30296,0.31516,0.337683,0.360794,0.406596,0.454286,0.48975,0.518206,0.549176,0.57993,0.608115,,,,,,,,,,,,,,,
IIASA-WiC POP 2025,Historical Reference,1,Costa Rica,million,Population,ANNUAL,0.933321,1.104136,1.321713,1.576721,1.830908,2.084586,2.38138,2.733452,3.118046,3.531071,3.941033,4.284531,4.593351,4.869993,5.105361,5.256994,,,,,,,,,,,,,,,
IIASA-WiC POP 2025,Historical Reference,1,Cuba,million,Population,ANNUAL,5.865903,6.492325,7.192572,7.985578,8.789486,9.467309,9.794118,10.106621,10.577836,10.907941,11.088334,11.237251,11.286643,11.336244,11.309226,11.211281,,,,,,,,,,,,,,,
IIASA-WiC POP 2025,Historical Reference,1,Cura??ao,million,Population,ANNUAL,0.097951,0.113116,0.13043,0.140067,0.149551,0.154941,0.156725,0.156721,0.155624,0.151381,0.14222,0.146081,0.158203,0.168879,0.188601,0.19498,,,,,,,,,,,,,,,
IIASA-WiC POP 2025,Historical Reference,1,Cayman Islands,million,Population,ANNUAL,0.006922,0.008091,0.008403,0.009264,0.010275,0.013462,0.016702,0.020871,0.025377,0.032108,0.038964,0.046005,0.053345,0.060233,,,,,,,,,,,,,,,,,
IIASA-WiC POP 2025,Historical Reference,1,Cyprus,million,Population,ANNUAL,0.490395,0.529672,0.579851,0.614779,0.638906,0.644877,0.675451,0.725721,0.78312,0.853538,0.940001,1.027872,1.120289,1.182076,1.233777,1.284492,,,,,,,,,,,,,,,
IIASA-WiC POP 2025,Historical Reference,1,Czechia,million,Population,ANNUAL,8.876255,9.253839,9.521877,9.686411,9.788879,9.993205,10.261797,10.301135,10.303007,10.319338,10.241482,10.269649,10.442459,10.521669,10.537908,10.851138,,,,,,,,,,,,,,,
IIASA-WiC POP 2025,Historical Reference,1,Germany,million,Population,ANNUAL,71.077882,71.109548,72.817388,75.744196,78.173137,78.58648,77.843011,77.58729,79.143218,81.020535,81.561598,81.239199,81.283431,81.967591,83.267652,83.596005,,,,,,,,,,,,,,,
IIASA-WiC POP 2025,Historical Reference,1,Djibouti,million,Population,ANNUAL,0.061361,0.071839,0.084364,0.105769,0.139806,0.199096,0.314486,0.390206,0.544719,0.623473,0.73094,0.824325,0.910331,0.997708,1.082341,1.154103,,,,,,,,,,,,,,,
IIASA-WiC POP 2025,Historical Reference,1,Dominica,million,Population,ANNUAL,0.05011,0.051437,0.05878,0.063261,0.068577,0.071068,0.072901,0.071777,0.069757,0.069206,0.068544,0.06863,0.068792,0.070116,,,,,,,,,,,,,,,,,
IIASA-WiC POP 2025,Historical Reference,1,Denmark,million,Population,ANNUAL,4.251526,4.409891,4.566332,4.736652,4.909524,5.045568,5.123465,5.120119,5.138712,5.224871,5.329994,5.425675,5.538067,5.664053,5.810771,5.903302,,,,,,,,,,,,,,,
IIASA-WiC POP 2025,Historical Reference,1,Dominican Republic,million,Population,ANNUAL,2.345817,2.744871,3.243447,3.811121,4.414108,5.042352,5.69091,6.349941,7.054096,7.797508,8.47602,9.104236,9.711603,10.344326,10.939347,11.537089,,,,,,,,,,,,,,,
IIASA-WiC POP 2025,Historical Reference,1,Algeria,million,Population,ANNUAL,8.892792,10.126588,11.279471,12.287743,13.642304,15.342747,18.442659,21.756416,25.209467,28.220833,30.560833,32.744434,35.519331,39.14648,43.090992,46.733889,,,,,,,,,,,,,,,
IIASA-WiC POP 2025,Historical Reference,1,Ecuador,million,Population,ANNUAL,3.472185,3.967948,4.552967,5.259084,6.083738,7.007423,8.028325,9.137586,10.330392,11.454815,12.518489,13.651516,14.865993,16.075497,17.487153,18.413986,,,,,,,,,,,,,,,
IIASA-WiC POP 2025,Historical Reference,1,Egypt,million,Population,ANNUAL,20.92882,23.538825,26.683923,30.420811,34.389343,38.343422,43.176,49.344817,56.495674,63.477101,70.637532,78.302415,86.338938,96.675401,106.538717,116.004863,,,,,,,,,,,,,,,
IIASA-WiC POP 2025,Historical Reference,1,Eritrea,million,Population,ANNUAL,0.816704,0.886549,0.982191,1.10768,1.256297,1.431814,1.635483,1.874553,2.126591,2.059356,2.377506,2.798746,3.113085,3.326537,3.523652,3.85609,,,,,,,,,,,,,,,
IIASA-WiC POP 2025,Historical Reference,1,Western Sahara,million,Population,ANNUAL,0.012371,0.019722,0.0315,0.049048,0.073809,0.075625,0.111612,0.147397,0.175569,0.203114,0.263695,0.332124,0.405464,0.484953,0.551241,0.59731,,,,,,,,,,,,,,,
IIASA-WiC POP 2025,Historical Reference,1,Spain,million,Population,ANNUAL,28.015563,28.976885,30.295344,31.935554,33.638249,35.573581,37.34236,38.408304,38.874178,39.722334,40.633717,43.330788,46.48833,46.433097,47.329955,47.59626,,,,,,,,,,,,,,,
IIASA-WiC POP 2025,Historical Reference,1,Estonia,million,Population,ANNUAL,1.094831,1.162126,1.21054,1.285012,1.355816,1.418377,1.472851,1.521147,1.570705,1.462735,1.401159,1.358725,1.33341,1.313255,1.329091,1.347628,,,,,,,,,,,,,,,
IIASA-WiC POP 2025,Historical Reference,1,Ethiopia,million,Population,ANNUAL,17.516675,19.494999,21.476715,24.393105,27.913277,31.875277,34.895411,39.720032,47.014026,56.547446,66.05946,76.377213,87.969898,101.097184,115.638354,130.851847,,,,,,,,,,,,,,,
IIASA-WiC POP 2025,Historical Reference,1,Finland,million,Population,ANNUAL,3.98663,4.211707,4.413641,4.558504,4.614529,4.702348,4.771164,4.893692,4.974492,5.098902,5.171325,5.236583,5.351365,5.471699,5.525213,5.53656,,,,,,,,,,,,,,,
IIASA-WiC POP 2025,Historical Reference,1,Fiji,million,Population,ANNUAL,0.306371,0.338701,0.395521,0.462142,0.522374,0.570833,0.636637,0.719137,0.776694,0.791429,0.828078,0.87086,0.903421,0.916541,0.91809,0.941962,,,,,,,,,,,,,,,
IIASA-WiC POP 2025,Historical Reference,1,Falkland Islands (Malvinas),million,Population,ANNUAL,0.00218,0.002187,0.002253,0.002309,0.002275,0.002276,0.002248,0.002237,0.00232,0.002689,0.003052,0.003197,0.003191,0.003368,,,,,,,,,,,,,,,,,
IIASA-WiC POP 2025,Historical Reference,1,France,million,Population,ANNUAL,41.651596,43.409293,45.431131,47.913747,50.300049,52.325406,53.561952,54.978703,56.294255,57.32187,58.494936,60.31235,62.272834,63.715216,64.457755,65.106109,,,,,,,,,,,,,,,
IIASA-WiC POP 2025,Historical Reference,1,Faroe Islands,million,Population,ANNUAL,0.031514,0.032095,0.033923,0.036079,0.038193,0.040408,0.042778,0.045366,0.047776,0.043642,0.04536,0.048289,0.048427,0.048498,,,,,,,,,,,,,,,,,
IIASA-WiC POP 2025,Historical Reference,1,Micronesia,million,Population,ANNUAL,0.031455,0.036269,0.042214,0.049979,0.058092,0.066395,0.075195,0.086751,0.097697,0.110067,0.111551,0.111217,0.107451,0.109243,0.111585,0.114689,,,,,,,,,,,,,,,
IIASA-WiC POP 2025,Historical Reference,1,Gabon,million,Population,ANNUAL,0.471475,0.487496,0.510451,0.543554,0.590925,0.655919,0.739406,0.844749,0.96966,1.107738,1.256465,1.43704,1.681271,1.998607,2.267994,2.512271,,,,,,,,,,,,,,,
IIASA-WiC POP 2025,Historical Reference,1,United Kingdom,million,Population,ANNUAL,49.931042,51.087543,52.382229,54.054535,55.538871,56.258578,56.287095,56.607415,57.134402,57.862931,58.734782,60.184756,62.499133,65.008088,66.951172,67.833949,,,,,,,,,,,,,,,
IIASA-WiC POP 2025,Historical Reference,1,Georgia,million,Population,ANNUAL,3.497751,3.712661,4.014712,4.385344,4.779998,4.95296,5.128251,5.319409,5.424434,4.934085,4.330978,3.974728,3.843843,3.771632,3.769183,3.621957,,,,,,,,,,,,,,,
IIASA-WiC POP 2025,Historical Reference,1,Guernsey,million,Population,ANNUAL,0.04429,0.044651,0.046459,0.048923,0.052312,0.053286,0.052928,0.054335,0.057366,0.058278,0.059022,0.059789,0.060693,0.06161,,,,,,,,,,,,,,,,,
IIASA-WiC POP 2025,Historical Reference,1,Ghana,million,Population,ANNUAL,5.009148,5.794349,6.799041,7.732211,8.739507,10.061996,11.695568,13.495667,15.246974,17.237582,19.412396,22.197966,25.264754,28.531849,31.849242,35.282895,,,,,,,,,,,,,,,
IIASA-WiC POP 2025,Historical Reference,1,Gibraltar,million,Population,ANNUAL,0.021786,0.021481,0.021805,0.023625,0.026438,0.027882,0.02868,0.028742,0.027514,0.027362,0.027725,0.028932,0.031037,0.032485,,,,,,,,,,,,,,,,,
IIASA-WiC POP 2025,Historical Reference,1,Guinea,million,Population,ANNUAL,2.959035,3.20763,3.486386,3.809758,4.184073,4.552656,4.927166,5.464281,6.215811,7.357428,8.26335,9.052298,10.14392,11.475366,13.04159,14.62162,,,,,,,,,,,,,,,
IIASA-WiC POP 2025,Historical Reference,1,Guadeloupe,million,Population,ANNUAL,0.21442,0.239471,0.273209,0.301399,0.317425,0.323544,0.333799,0.354357,0.389196,0.411929,0.425318,0.406042,0.402965,0.39986,0.395093,0.397751,,,,,,,,,,,,,,,
IIASA-WiC POP 2025,Historical Reference,1,Gambia,million,Population,ANNUAL,0.302972,0.344744,0.394162,0.452556,0.521084,0.603685,0.706574,0.83992,1.019656,1.223956,1.416837,1.635723,1.907347,2.221106,2.541048,2.843788,,,,,,,,,,,,,,,
IIASA-WiC POP 2025,Historical Reference,1,Guinea-Bissau,million,Population,ANNUAL,0.539536,0.562204,0.576499,0.58331,0.586785,0.640182,0.824774,0.893126,0.96594,1.104971,1.217955,1.363049,1.546866,1.766089,1.993302,2.214987,,,,,,,,,,,,,,,
IIASA-WiC POP 2025,Historical Reference,1,Equatorial Guinea,million,Population,ANNUAL,0.224477,0.243773,0.264976,0.291847,0.318929,0.286818,0.276577,0.368523,0.456888,0.550106,0.667958,0.845034,1.068642,1.320986,1.578373,1.790756,,,,,,,,,,,,,,,
IIASA-WiC POP 2025,Historical Reference,1,Greece,million,Population,ANNUAL,7.620258,8.099342,8.475656,8.530043,8.53194,8.765546,9.25064,9.791357,10.257334,10.68881,11.018753,11.115543,11.045896,10.836416,10.543345,10.364011,,,,,,,,,,,,,,,
IIASA-WiC POP 2025,Historical Reference,1,Grenada,million,Population,ANNUAL,0.077018,0.081754,0.092965,0.097952,0.098906,0.097345,0.094944,0.10024,0.099016,0.103644,0.107129,0.109879,0.113643,0.11848,0.123161,0.126268,,,,,,,,,,,,,,,
IIASA-WiC POP 2025,Historical Reference,1,Greenland,million,Population,ANNUAL,0.022958,0.025913,0.031431,0.037862,0.044782,0.048903,0.049793,0.052969,0.055554,0.055689,0.056078,0.056923,0.056374,0.055877,,,,,,,,,,,,,,,,,
IIASA-WiC POP 2025,Historical Reference,1,Guatemala,million,Population,ANNUAL,3.058262,3.510925,4.038513,4.675666,5.380173,6.12499,6.899224,7.824731,8.960841,10.228973,11.602327,12.994651,14.399299,15.858805,17.231175,18.589952,,,,,,,,,,,,,,,
IIASA-WiC POP 2025,Historical Reference,1,French Guiana,million,Population,ANNUAL,0.023248,0.024974,0.030468,0.038041,0.045827,0.053232,0.065492,0.084402,0.11154,0.134686,0.160896,0.197444,0.225956,0.254173,0.287814,0.321887,,,,,,,,,,,,,,,
IIASA-WiC POP 2025,Historical Reference,1,Guam,million,Population,ANNUAL,0.060531,0.065429,0.071639,0.079438,0.087251,0.098428,0.108858,0.123287,0.137019,0.148978,0.159426,0.164265,0.164484,0.167791,0.168571,0.173227,,,,,,,,,,,,,,,
IIASA-WiC POP 2025,Historical Reference,1,Guyana,million,Population,ANNUAL,0.412752,0.475294,0.563588,0.643374,0.700753,0.74162,0.776958,0.774567,0.750064,0.750685,0.75861,0.760246,0.749696,0.753028,0.791845,0.808134,,,,,,,,,,,,,,,
IIASA-WiC POP 2025,Historical Reference,1,Hong Kong,million,Population,ANNUAL,1.933854,2.434307,3.04973,3.55929,3.92848,4.397157,4.925252,5.373051,5.795976,6.207446,6.687671,6.928414,7.114893,7.378086,7.501908,7.535771,,,,,,,,,,,,,,,
IIASA-WiC POP 2025,Historical Reference,1,Honduras,million,Population,ANNUAL,1.536114,1.770517,2.048268,2.368388,2.741288,3.180906,3.719709,4.324362,4.982476,5.731951,6.566493,7.474101,8.3647,9.211268,10.041783,10.827569,,,,,,,,,,,,,,,
IIASA-WiC POP 2025,Historical Reference,1,Croatia,million,Population,ANNUAL,3.84603,4.031076,4.199198,4.355894,4.48442,4.570615,4.668805,4.789916,4.875999,4.833058,4.577423,4.436087,4.376152,4.270955,4.114644,3.980758,,,,,,,,,,,,,,,
IIASA-WiC POP 2025,Historical Reference,1,Haiti,million,Population,ANNUAL,3.220305,3.512635,3.864419,4.235176,4.638325,5.076569,5.591032,6.181683,6.854302,7.55611,8.28377,9.034804,9.808852,10.48843,11.234505,12.018019,,,,,,,,,,,,,,,
IIASA-WiC POP 2025,Historical Reference,1,Hungary,million,Population,ANNUAL,9.292416,9.765185,9.960928,10.129205,10.299552,10.488562,10.706431,10.560881,10.377283,10.33535,10.213473,10.084391,10.001017,9.856921,9.770123,9.592585,,,,,,,,,,,,,,,
IIASA-WiC POP 2025,Historical Reference,1,Indonesia,million,Population,ANNUAL,68.862949,76.809926,87.189212,100.058719,113.67735,129.565732,146.425972,164.095563,180.569113,196.527503,212.544104,227.322996,242.498526,257.687503,270.825855,280.697803,,,,,,,,,,,,,,,
IIASA-WiC POP 2025,Historical Reference,1,Isle of Man,million,Population,ANNUAL,0.054956,0.052594,0.049186,0.049827,0.054692,0.059589,0.063597,0.064444,0.068294,0.071281,0.075132,0.079037,0.083374,0.083764,,,,,,,,,,,,,,,,,
IIASA-WiC POP 2025,Historical Reference,1,India,million,Population,ANNUAL,353.104276,394.094982,440.827788,494.677383,551.305737,616.603393,688.874653,771.519671,861.204744,954.785495,1050.011745,1145.638789,1232.085388,1315.10279,1389.966394,1445.482972,,,,,,,,,,,,,,,
IIASA-WiC POP 2025,Historical Reference,1,Ireland,million,Population,ANNUAL,2.898772,2.895259,2.816239,2.844714,2.926653,3.133976,3.372333,3.499266,3.478902,3.566367,3.74193,4.072949,4.514337,4.641602,4.925076,5.123491,,,,,,,,,,,,,,,
IIASA-WiC POP 2025,Historical Reference,1,Iran,million,Population,ANNUAL,16.640746,18.649248,21.098936,24.300594,28.039509,32.362956,37.844573,46.445147,54.409416,60.400745,64.979828,69.627419,74.833668,80.882491,86.990161,90.694703,,,,,,,,,,,,,,,
IIASA-WiC POP 2025,Historical Reference,1,Iraq,million,Population,ANNUAL,5.596621,6.334642,7.00439,8.130863,9.640672,11.428809,13.436379,15.617793,17.700003,20.599859,24.215225,28.282101,30.767146,37.264753,42.042956,47.025073,,,,,,,,,,,,,,,
IIASA-WiC POP 2025,Historical Reference,1,Iceland,million,Population,ANNUAL,0.141037,0.156023,0.173849,0.190728,0.204012,0.216778,0.227069,0.240774,0.253982,0.267186,0.279296,0.293867,0.317926,0.329351,0.36433,0.376535,,,,,,,,,,,,,,,
IIASA-WiC POP 2025,Historical Reference,1,Israel,million,Population,ANNUAL,1.257967,1.53538,1.862675,2.308329,2.850952,3.347285,3.709508,4.127713,4.733671,5.412578,6.055636,6.655847,7.262614,7.933331,8.685595,9.371281,,,,,,,,,,,,,,,
IIASA-WiC POP 2025,Historical Reference,1,Italy,million,Population,ANNUAL,46.175129,47.983453,49.380044,51.239695,53.170621,54.9383,56.15853,56.631745,56.733409,56.885837,56.950733,58.078202,59.695934,60.297738,59.639898,58.934481,,,,,,,,,,,,,,,
IIASA-WiC POP 2025,Historical Reference,1,Jamaica,million,Population,ANNUAL,1.385323,1.543844,1.631192,1.736111,1.846209,1.989403,2.120571,2.279047,2.38288,2.496832,2.60544,2.670641,2.728263,2.789652,2.814476,2.835407,,,,,,,,,,,,,,,
IIASA-WiC POP 2025,Historical Reference,1,Jersey,million,Population,ANNUAL,0.056573,0.059501,0.062194,0.065278,0.068132,0.072688,0.074995,0.078463,0.082569,0.084248,0.086073,0.090367,0.095651,0.099752,,,,,,,,,,,,,,,,,
IIASA-WiC POP 2025,Historical Reference,1,Jordan,million,Population,ANNUAL,0.423438,0.600921,0.825551,1.057536,1.514802,1.857224,2.17455,2.688951,3.391376,4.375629,5.003483,5.605921,6.842204,9.150504,10.817079,11.893489,,,,,,,,,,,,,,,
IIASA-WiC POP 2025,Historical Reference,1,Japan,million,Population,ANNUAL,83.656263,89.59817,94.023981,98.875812,104.749167,111.787714,117.220838,120.806342,123.493572,125.299854,126.664952,127.752682,128.1314,127.367946,125.542766,122.475878,,,,,,,,,,,,,,,
IIASA-WiC POP 2025,Historical Reference,1,Kazakhstan,million,Population,ANNUAL,6.540831,7.730033,9.159686,10.745394,12.16647,13.064483,14.063104,15.27914,16.798672,16.568612,15.216405,15.581877,16.509098,17.715601,18.861057,19.792327,,,,,,,,,,,,,,,
IIASA-WiC POP 2025,Historical Reference,1,Kenya,million,Population,ANNUAL,5.711674,6.46082,7.608787,9.226672,11.256015,13.426139,15.894216,19.098522,22.771593,26.511748,30.397514,35.314085,40.950115,46.345992,51.460216,56.833242,,,,,,,,,,,,,,,
IIASA-WiC POP 2025,Historical Reference,1,Kyrgyzstan,million,Population,ANNUAL,1.733066,1.923224,2.181367,2.573854,2.978561,3.322185,3.655095,4.031197,4.364208,4.562113,4.9114,5.166886,5.452642,5.863851,6.372333,6.897813,,,,,,,,,,,,,,,
IIASA-WiC POP 2025,Historical Reference,1,Cambodia,million,Population,ANNUAL,4.32851,4.871852,5.480297,6.10579,6.743293,6.935784,6.167442,7.244804,8.738233,10.786695,12.010133,13.132042,14.258852,15.315991,16.296273,17.300953,,,,,,,,,,,,,,,
IIASA-WiC POP 2025,Historical Reference,1,Kiribati,million,Population,ANNUAL,0.037463,0.04155,0.046519,0.052755,0.056882,0.060844,0.060292,0.065971,0.074318,0.080851,0.088033,0.0972,0.107017,0.115815,0.125254,0.136069,,,,,,,,,,,,,,,
IIASA-WiC POP 2025,Historical Reference,1,Saint Kitts and Nevis,million,Population,ANNUAL,0.046707,0.051898,0.056704,0.052661,0.045267,0.043961,0.043168,0.042267,0.040819,0.042277,0.045129,0.046648,0.047347,0.047796,,,,,,,,,,,,,,,,,
IIASA-WiC POP 2025,Historical Reference,1,South Korea,million,Population,ANNUAL,20.160299,21.741656,25.428038,28.871478,32.256857,35.641643,37.945569,40.959693,43.85693,45.281577,46.650078,47.813954,48.686484,50.787842,51.858127,51.512989,,,,,,,,,,,,,,,
IIASA-WiC POP 2025,Historical Reference,1,Kuwait,million,Population,ANNUAL,0.151763,0.17347,0.289315,0.48901,0.774083,1.061391,1.453859,1.849586,2.250851,1.636213,1.906297,2.178835,2.867929,3.750592,4.468363,4.737165,,,,,,,,,,,,,,,
IIASA-WiC POP 2025,Historical Reference,1,Laos,million,Population,ANNUAL,1.664173,1.871589,2.09858,2.35202,2.643106,2.981217,3.263184,3.689443,4.253519,4.868438,5.385941,5.806759,6.276827,6.736389,7.265649,7.767739,,,,,,,,,,,,,,,
IIASA-WiC POP 2025,Historical Reference,1,Lebanon,million,Population,ANNUAL,1.330552,1.534049,1.772009,2.059363,2.353702,2.663616,2.931468,3.194892,3.561037,3.922402,4.285964,4.610232,4.982387,6.466756,5.694528,5.939671,,,,,,,,,,,,,,,
IIASA-WiC POP 2025,Historical Reference,1,Liberia,million,Population,ANNUAL,0.907458,1.002604,1.123321,1.270948,1.444481,1.648492,1.903404,2.206846,2.541701,2.089394,2.855154,3.167744,3.961935,4.56333,5.034186,5.653457,,,,,,,,,,,,,,,
IIASA-WiC POP 2025,Historical Reference,1,Libya,million,Population,ANNUAL,1.125232,1.209792,1.402214,1.67924,1.885255,2.232431,2.888944,3.625289,4.183951,4.688367,5.09639,5.761854,6.425375,6.147163,6.61202,7.042351,,,,,,,,,,,,,,,
IIASA-WiC POP 2025,Historical Reference,1,Saint Lucia,million,Population,ANNUAL,0.086188,0.088253,0.090994,0.09648,0.102238,0.110547,0.120505,0.131699,0.141338,0.151499,0.158968,0.164829,0.170262,0.175215,0.17892,0.180791,,,,,,,,,,,,,,,
IIASA-WiC POP 2025,Historical Reference,1,Liechtenstein,million,Population,ANNUAL,0.013641,0.014826,0.016305,0.01828,0.020832,0.022833,0.024823,0.0266,0.028563,0.030661,0.032837,0.034451,0.035824,0.037241,,,,,,,,,,,,,,,,,
IIASA-WiC POP 2025,Historical Reference,1,Sri Lanka,million,Population,ANNUAL,7.875531,8.66078,9.665494,10.903721,12.254084,13.540143,14.814512,15.980717,17.095925,18.100249,18.727357,19.58075,20.576547,21.290778,21.683158,22.224116,,,,,,,,,,,,,,,
IIASA-WiC POP 2025,Historical Reference,1,Lesotho,million,Population,ANNUAL,0.574455,0.634044,0.726499,0.846903,1.005533,1.195631,1.38805,1.594964,1.783439,1.922878,1.997449,1.98064,2.015889,2.106296,2.239604,2.348805,,,,,,,,,,,,,,,
IIASA-WiC POP 2025,Historical Reference,1,Lithuania,million,Population,ANNUAL,2.553041,2.684118,2.85547,3.037423,3.19361,3.353166,3.506759,3.658617,3.78072,3.759464,3.617685,3.398734,3.159507,2.979093,2.835902,2.725074,,,,,,,,,,,,,,,
IIASA-WiC POP 2025,Historical Reference,1,Luxembourg,million,Population,ANNUAL,0.295793,0.304555,0.313481,0.3281,0.338811,0.352493,0.363321,0.365933,0.378746,0.404714,0.432527,0.460929,0.502185,0.562719,0.626072,0.65515,,,,,,,,,,,,,,,
IIASA-WiC POP 2025,Historical Reference,1,Latvia,million,Population,ANNUAL,1.911264,2.021348,2.140099,2.276155,2.38699,2.484303,2.563991,2.648785,2.693196,2.588557,2.408954,2.248096,2.114202,2.001288,1.907241,1.836499,,,,,,,,,,,,,,,
IIASA-WiC POP 2025,Historical Reference,1,Macao,million,Population,ANNUAL,0.193635,0.197144,0.178986,0.205301,0.244067,0.247062,0.245378,0.281957,0.343792,0.392754,0.428817,0.482053,0.550085,0.609623,0.670017,0.698767,,,,,,,,,,,,,,,
IIASA-WiC POP 2025,Historical Reference,1,Saint Martin (French part),million,Population,ANNUAL,0.002917,0.003484,0.004075,0.004739,0.005723,0.006534,0.007677,0.014478,0.02769,0.029427,0.029219,0.033083,0.036409,0.035101,,,,,,,,,,,,,,,,,
IIASA-WiC POP 2025,Historical Reference,1,Morocco,million,Population,ANNUAL,8.826639,10.10013,11.613196,13.207578,15.072499,17.110339,19.415828,22.077851,24.35831,26.398051,28.366437,30.229542,32.249254,34.467568,36.488841,38.409478,,,,,,,,,,,,,,,
IIASA-WiC POP 2025,Historical Reference,1,Monaco,million,Population,ANNUAL,0.019122,0.020371,0.021729,0.022912,0.024086,0.025333,0.026963,0.028614,0.03021,0.031367,0.032464,0.032192,0.032792,0.036445,,,,,,,,,,,,,,,,,
IIASA-WiC POP 2025,Historical Reference,1,Moldova,million,Population,ANNUAL,2.341008,2.674922,3.091908,3.449387,3.690763,3.892847,4.085309,4.280967,4.47217,4.473813,4.276646,4.026809,3.718286,3.305826,3.095022,3.054643,,,,,,,,,,,,,,,
IIASA-WiC POP 2025,Historical Reference,1,Madagascar,million,Population,ANNUAL,3.906025,4.411868,5.007833,5.704147,6.542491,7.605026,8.81932,10.154222,11.705333,13.648398,15.972674,18.517655,21.422991,24.531083,27.879129,31.357004,,,,,,,,,,,,,,,
IIASA-WiC POP 2025,Historical Reference,1,Maldives,million,Population,ANNUAL,0.073839,0.080987,0.090517,0.102474,0.121367,0.140974,0.162528,0.187061,0.221323,0.255273,0.28017,0.304581,0.355214,0.426153,0.510881,0.548228,,,,,,,,,,,,,,,
IIASA-WiC POP 2025,Historical Reference,1,Mexico,million,Population,ANNUAL,27.23156,31.025611,35.704513,42.023049,49.4941,57.811389,66.890129,74.184959,80.900795,89.155152,97.112122,104.713291,111.733758,119.472303,125.610464,130.41403,,,,,,,,,,,,,,,
IIASA-WiC POP 2025,Historical Reference,1,Marshall Islands,million,Population,ANNUAL,0.012928,0.013989,0.01513,0.017841,0.023453,0.026598,0.031412,0.038186,0.045531,0.050277,0.054105,0.054395,0.053493,0.049932,,,,,,,,,,,,,,,,,
IIASA-WiC POP 2025,Historical Reference,1,North Macedonia,million,Population,ANNUAL,1.234411,1.371141,1.45393,1.538563,1.645213,1.761528,1.893181,1.995497,2.042839,1.979313,2.030499,2.077542,2.091729,2.106835,2.114026,2.095603,,,,,,,,,,,,,,,
IIASA-WiC POP 2025,Historical Reference,1,Mali,million,Population,ANNUAL,4.662163,4.982745,5.310402,5.686214,6.106404,6.62736,7.292884,8.111558,8.856522,9.817311,11.072704,12.962831,15.276049,17.827781,20.886783,24.361669,,,,,,,,,,,,,,,
IIASA-WiC POP 2025,Historical Reference,1,Malta,million,Population,ANNUAL,0.28873,0.320741,0.337443,0.328203,0.315737,0.31847,0.332053,0.347624,0.363677,0.380169,0.397667,0.409609,0.416771,0.451243,0.509586,0.517403,,,,,,,,,,,,,,,
IIASA-WiC POP 2025,Historical Reference,1,Myanmar,million,Population,ANNUAL,17.573124,19.320646,21.482668,24.006176,26.968962,30.046415,33.140941,36.526753,39.799245,42.612037,45.29659,47.539188,49.1972,51.280308,53.227974,54.951374,,,,,,,,,,,,,,,
IIASA-WiC POP 2025,Historical Reference,1,Montenegro,million,Population,ANNUAL,0.398956,0.438218,0.469929,0.500326,0.527855,0.556265,0.586287,0.603157,0.619637,0.631498,0.63348,0.632901,0.631036,0.634275,0.629888,0.648657,,,,,,,,,,,,,,,
IIASA-WiC POP 2025,Historical Reference,1,Mongolia,million,Population,ANNUAL,0.775342,0.837507,0.961123,1.118569,1.277441,1.464071,1.677335,1.895136,2.141637,2.316461,2.440361,2.548622,2.68434,2.932861,3.266469,3.507299,,,,,,,,,,,,,,,
IIASA-WiC POP 2025,Historical Reference,1,Northern Mariana Islands,million,Population,ANNUAL,0.007034,0.007544,0.008577,0.010059,0.009709,0.015101,0.016647,0.030352,0.047617,0.047704,0.080102,0.070492,0.055587,0.051698,,,,,,,,,,,,,,,,,
IIASA-WiC POP 2025,Historical Reference,1,Mozambique,million,Population,ANNUAL,5.878439,6.277208,6.72857,7.441552,8.311213,9.548636,11.32099,12.555598,13.176188,15.355381,17.548018,19.952764,22.740704,26.435069,30.720751,35.042684,,,,,,,,,,,,,,,
IIASA-WiC POP 2025,Historical Reference,1,Mauritania,million,Population,ANNUAL,0.651343,0.729696,0.827181,0.951402,1.105307,1.283108,1.48467,1.72067,1.976413,2.354344,2.657482,2.978785,3.369052,3.894028,4.440928,5.009208,,,,,,,,,,,,,,,
IIASA-WiC POP 2025,Historical Reference,1,Montserrat,million,Population,ANNUAL,0.012993,0.013538,0.012168,0.011763,0.011409,0.01152,0.011498,0.011135,0.010856,0.008655,0.005453,0.004673,0.004904,0.005082,,,,,,,,,,,,,,,,,
IIASA-WiC POP 2025,Historical Reference,1,Martinique,million,Population,ANNUAL,0.229313,0.259545,0.28719,0.311705,0.325968,0.328107,0.333542,0.346474,0.371187,0.406387,0.433927,0.405435,0.393323,0.3851,0.37095,0.366326,,,,,,,,,,,,,,,
IIASA-WiC POP 2025,Historical Reference,1,Mauritius,million,Population,ANNUAL,0.517924,0.589734,0.668394,0.75059,0.823773,0.88245,0.94735,1.019001,1.083361,1.153946,1.210965,1.254376,1.281722,1.2928,1.296971,1.29863,,,,,,,,,,,,,,,
IIASA-WiC POP 2025,Historical Reference,1,Malawi,million,Population,ANNUAL,2.925058,3.207173,3.578432,4.039118,4.567935,5.205263,6.144298,7.480722,9.382008,10.014128,11.098802,12.578086,14.506543,16.706995,19.120889,21.722635,,,,,,,,,,,,,,,
IIASA-WiC POP 2025,Historical Reference,1,Malaysia,million,Population,ANNUAL,5.902248,6.693203,7.715626,8.963915,10.18256,11.473626,13.042191,14.889276,17.266773,19.863075,22.64718,25.630648,28.488622,30.842299,33.003633,34.725784,,,,,,,,,,,,,,,
IIASA-WiC POP 2025,Historical Reference,1,Mayotte,million,Population,ANNUAL,0.020336,0.022659,0.025808,0.029709,0.034825,0.041309,0.050876,0.066335,0.089854,0.121333,0.155907,0.185333,0.209052,0.244373,0.300354,0.356558,,,,,,,,,,,,,,,
IIASA-WiC POP 2025,Historical Reference,1,Namibia,million,Population,ANNUAL,0.511768,0.5439,0.584836,0.649686,0.743485,0.863025,0.969278,1.076781,1.344965,1.582426,1.799315,1.951173,2.08316,2.262622,2.467078,2.679352,,,,,,,,,,,,,,,
IIASA-WiC POP 2025,Historical Reference,1,New Caledonia,million,Population,ANNUAL,0.063335,0.069281,0.079875,0.093508,0.108651,0.134186,0.147781,0.1582,0.175086,0.19749,0.219306,0.240522,0.259024,0.282635,0.285619,0.299259,,,,,,,,,,,,,,,
IIASA-WiC POP 2025,Historical Reference,1,Niger,million,Population,ANNUAL,2.523748,2.973265,3.445782,3.994779,4.605911,5.2664,6.078286,7.078919,8.240416,9.647379,11.422085,13.60561,16.335721,19.739586,23.88169,28.709716,,,,,,,,,,,,,,,
IIASA-WiC POP 2025,Historical Reference,1,Nigeria,million,Population,ANNUAL,36.835614,40.455152,44.475826,49.381059,54.944571,61.971369,71.827862,82.47231,93.963392,106.819805,121.235485,138.60327,158.733204,181.702661,205.7806,232.14437,,,,,,,,,,,,,,,
IIASA-WiC POP 2025,Historical Reference,1,Nicaragua,million,Population,ANNUAL,1.310837,1.516674,1.762722,2.05186,2.404999,2.812864,3.256044,3.718851,4.178418,4.67413,5.087522,5.417728,5.812701,6.253467,6.709708,7.160782,,,,,,,,,,,,,,,
IIASA-WiC POP 2025,Historical Reference,1,Niue,million,Population,ANNUAL,0.00445,0.004656,0.004865,0.005259,0.005233,0.004387,0.003685,0.002944,0.002549,0.002357,0.002108,0.001871,0.00181,0.001835,,,,,,,,,,,,,,,,,
IIASA-WiC POP 2025,Historical Reference,1,Netherlands,million,Population,ANNUAL,10.027047,10.699266,11.418143,12.199101,12.960942,13.615283,14.085317,14.47845,14.894312,15.399771,15.855928,16.230064,16.575584,16.999762,17.402285,17.582513,,,,,,,,,,,,,,,
IIASA-WiC POP 2025,Historical Reference,1,Norway,million,Population,ANNUAL,3.282142,3.411439,3.568107,3.708957,3.86304,3.997667,4.079053,4.14598,4.23329,4.348529,4.478717,4.606746,4.858701,5.166281,5.367948,5.506107,,,,,,,,,,,,,,,
IIASA-WiC POP 2025,Historical Reference,1,Nepal,million,Population,ANNUAL,8.308568,9.198039,10.071769,11.11546,12.36413,13.773818,15.416235,17.341203,19.367158,22.063395,24.358301,26.155027,27.095355,27.51747,28.999223,30.601911,,,,,,,,,,,,,,,
IIASA-WiC POP 2025,Historical Reference,1,Nauru,million,Population,ANNUAL,0.003355,0.003749,0.004498,0.005635,0.006602,0.007147,0.007608,0.008209,0.00945,0.010295,0.010383,0.010328,0.010232,0.011062,,,,,,,,,,,,,,,,,
IIASA-WiC POP 2025,Historical Reference,1,New Zealand,million,Population,ANNUAL,1.892688,2.118911,2.357887,2.615123,2.803058,3.073396,3.142664,3.262893,3.344883,3.646118,3.843356,4.108121,4.325769,4.552041,5.026485,5.179058,,,,,,,,,,,,,,,
IIASA-WiC POP 2025,Historical Reference,1,Oman,million,Population,ANNUAL,0.454182,0.488487,0.53181,0.587132,0.66192,0.770106,0.989571,1.308068,1.759129,2.153614,2.328737,2.49229,2.721213,4.085208,4.589135,4.991532,,,,,,,,,,,,,,,
IIASA-WiC POP 2025,Historical Reference,1,Pakistan,million,Population,ANNUAL,37.459,40.607236,45.383346,51.182042,58.466091,67.104312,78.826072,95.385024,113.528316,131.040091,151.82249,172.551397,192.284405,209.658967,225.112859,248.722589,,,,,,,,,,,,,,,
IIASA-WiC POP 2025,Historical Reference,1,Panama,million,Population,ANNUAL,0.8506,0.966895,1.110475,1.290806,1.494946,1.712771,1.9342,2.172237,2.423862,2.68852,2.972273,3.274529,3.59142,3.922664,4.265539,4.540154,,,,,,,,,,,,,,,
IIASA-WiC POP 2025,Historical Reference,1,Peru,million,Population,ANNUAL,7.571186,8.702571,10.022346,11.609335,13.402078,15.248382,17.271626,19.514721,21.865371,24.22006,26.462243,28.026964,29.11247,30.520694,33.090275,34.546824,,,,,,,,,,,,,,,
IIASA-WiC POP 2025,Historical Reference,1,Philippines,million,Population,ANNUAL,18.062056,22.514404,28.04997,32.35673,36.942957,41.873861,47.786288,54.161737,60.817097,68.442173,77.120792,85.443957,93.786878,102.125514,111.287624,119.754409,,,,,,,,,,,,,,,
IIASA-WiC POP 2025,Historical Reference,1,Palau,million,Population,ANNUAL,0.007375,0.008124,0.009359,0.01044,0.011203,0.012635,0.012251,0.013465,0.015124,0.016972,0.019634,0.019919,0.018686,0.017786,,,,,,,,,,,,,,,,,
IIASA-WiC POP 2025,Historical Reference,1,Papua New Guinea,million,Population,ANNUAL,1.526961,1.71191,1.959038,2.198449,2.459354,2.763873,3.073112,3.410419,3.808516,4.532935,5.414149,6.395032,7.470106,8.5733,9.648816,10.657199,,,,,,,,,,,,,,,
IIASA-WiC POP 2025,Historical Reference,1,Poland,million,Population,ANNUAL,24.563596,26.857795,29.296983,31.079307,32.381491,33.739053,35.359554,37.039241,38.008179,38.402445,38.340884,38.586229,38.579785,38.574014,38.477961,39.009959,,,,,,,,,,,,,,,
IIASA-WiC POP 2025,Historical Reference,1,Puerto Rico,million,Population,ANNUAL,2.219396,2.304096,2.347353,2.545494,2.716684,2.948237,3.191203,3.391316,3.526669,3.690704,3.822354,3.811965,3.729555,3.529022,3.280218,3.109319,,,,,,,,,,,,,,,
IIASA-WiC POP 2025,Historical Reference,1,North Korea,million,Population,ANNUAL,11.394743,10.26949,11.519933,12.943955,14.801011,16.583982,17.845115,19.183536,20.644152,22.268226,23.290621,24.029722,24.638656,25.1908,25.813238,26.39872,,,,,,,,,,,,,,,
IIASA-WiC POP 2025,Historical Reference,1,Portugal,million,Population,ANNUAL,8.386357,8.641183,8.872684,8.905008,8.73601,9.140035,9.738821,9.989021,10.017127,10.034224,10.261988,10.513809,10.596794,10.382202,10.298401,10.196377,,,,,,,,,,,,,,,
IIASA-WiC POP 2025,Historical Reference,1,Paraguay,million,Population,ANNUAL,1.487827,1.666427,1.872083,2.116808,2.381824,2.681057,3.037973,3.485842,4.004903,4.549797,5.076467,5.447253,5.732295,6.133835,6.573036,7.003398,,,,,,,,,,,,,,,
IIASA-WiC POP 2025,Historical Reference,1,Palestine,million,Population,ANNUAL,0.940731,0.990678,1.065044,1.14622,1.113005,1.244814,1.432424,1.712076,2.081341,2.568368,3.091483,3.49911,3.944855,4.429895,4.961984,5.559569,,,,,,,,,,,,,,,
IIASA-WiC POP 2025,Historical Reference,1,French Polynesia,million,Population,ANNUAL,0.063592,0.073323,0.083833,0.096901,0.115819,0.137593,0.161011,0.185282,0.208856,0.229613,0.248851,0.269099,0.283021,0.290874,0.300737,0.310863,,,,,,,,,,,,,,,
IIASA-WiC POP 2025,Historical Reference,1,Qatar,million,Population,ANNUAL,0.0239,0.028173,0.034952,0.061002,0.110503,0.187125,0.268822,0.357095,0.434274,0.507973,0.629552,0.789867,1.673214,2.314698,2.828629,3.125791,,,,,,,,,,,,,,,
IIASA-WiC POP 2025,Historical Reference,1,R??union,million,Population,ANNUAL,0.244526,0.29533,0.359002,0.422868,0.469214,0.511833,0.547991,0.593455,0.65233,0.719657,0.780276,0.829119,0.886921,0.92016,0.95352,1.000816,,,,,,,,,,,,,,,
IIASA-WiC POP 2025,Historical Reference,1,Romania,million,Population,ANNUAL,16.281956,17.355432,18.374092,19.066579,19.814519,21.027384,22.064212,22.495973,22.825618,22.586051,21.979081,21.188487,20.403317,19.95935,19.489725,18.885716,,,,,,,,,,,,,,,
IIASA-WiC POP 2025,Historical Reference,1,Russian Federation,million,Population,ANNUAL,101.800621,110.092202,118.873213,125.94125,129.829683,133.387505,137.893741,142.388206,147.689913,148.725578,147.129765,144.082953,143.229382,144.441863,145.761662,145.394341,,,,,,,,,,,,,,,
IIASA-WiC POP 2025,Historical Reference,1,Rwanda,million,Population,ANNUAL,2.117998,2.497065,2.924505,3.303416,3.836465,4.450391,5.156054,6.155541,7.230012,5.408816,8.057306,8.907123,10.175163,11.503907,12.987329,14.570678,,,,,,,,,,,,,,,
IIASA-WiC POP 2025,Historical Reference,1,Saudi Arabia,million,Population,ANNUAL,3.04315,3.528791,4.098568,4.884444,5.969501,7.687578,9.921713,12.596275,15.676137,18.629668,21.278401,23.91327,29.009302,32.441886,36.229969,39.22019,,,,,,,,,,,,,,,
IIASA-WiC POP 2025,Historical Reference,1,Sudan,million,Population,ANNUAL,6.098654,7.084167,8.203597,9.560248,11.131803,13.218029,16.313937,19.345511,20.904819,23.01041,25.965057,29.163763,33.399609,37.585674,43.82806,49.751585,,,,,,,,,,,,,,,
IIASA-WiC POP 2025,Historical Reference,1,Senegal,million,Population,ANNUAL,2.464083,2.808426,3.226909,3.716591,4.303303,4.980621,5.631922,6.428397,7.427309,8.526032,9.589635,10.833157,12.360121,14.161512,16.215468,18.370559,,,,,,,,,,,,,,,
IIASA-WiC POP 2025,Historical Reference,1,Singapore,million,Population,ANNUAL,0.986749,1.236175,1.571938,1.836854,2.044793,2.21813,2.377136,2.654512,2.977885,3.49072,4.014902,4.291192,5.096032,5.615362,5.893517,6.10754,,,,,,,,,,,,,,,
IIASA-WiC POP 2025,Historical Reference,1,"Saint Helena, Ascension and Tristan da Cunha",million,Population,ANNUAL,0.005192,0.005321,0.005357,0.005464,0.005714,0.006097,0.00637,0.006638,0.006624,0.006371,0.00606,0.005585,0.005302,0.005477,,,,,,,,,,,,,,,,,
IIASA-WiC POP 2025,Historical Reference,1,Solomon Islands,million,Population,ANNUAL,0.104331,0.115842,0.131801,0.149517,0.17063,0.194938,0.229654,0.272464,0.319322,0.369783,0.424725,0.4771,0.533916,0.604975,0.682897,0.768195,,,,,,,,,,,,,,,
IIASA-WiC POP 2025,Historical Reference,1,Sierra Leone,million,Population,ANNUAL,1.987938,2.120745,2.282017,2.496174,2.751357,3.027273,3.332946,3.707165,4.207467,4.328629,4.485324,5.613687,6.349724,7.227737,8.140207,9.070178,,,,,,,,,,,,,,,
IIASA-WiC POP 2025,Historical Reference,1,El Salvador,million,Population,ANNUAL,2.157496,2.419051,2.740765,3.136308,3.574467,4.030731,4.475429,4.829095,5.31801,5.72272,5.942207,6.038731,6.10247,6.221248,6.280916,6.373114,,,,,,,,,,,,,,,
IIASA-WiC POP 2025,Historical Reference,1,San Marino,million,Population,ANNUAL,0.012857,0.013864,0.015391,0.017103,0.018305,0.019615,0.021219,0.022137,0.022962,0.024708,0.026597,0.029298,0.031262,0.033436,,,,,,,,,,,,,,,,,
IIASA-WiC POP 2025,Historical Reference,1,Somalia,million,Population,ANNUAL,2.181367,2.497475,2.83379,3.224843,3.672321,4.17627,5.773981,6.497213,7.012745,7.054525,8.546295,10.295494,11.875663,13.538114,16.272863,19.02004,,,,,,,,,,,,,,,
IIASA-WiC POP 2025,Historical Reference,1,Saint Pierre and Miquelon,million,Population,ANNUAL,0.00446,0.004709,0.004913,0.005113,0.005494,0.005935,0.006099,0.006204,0.006308,0.00641,0.006281,0.006143,0.006052,0.005983,,,,,,,,,,,,,,,,,
IIASA-WiC POP 2025,Historical Reference,1,Serbia,million,Population,ANNUAL,5.980465,6.321932,6.551831,6.870768,7.168198,7.447828,7.753855,7.90138,7.983415,7.975494,7.946063,7.848794,7.67034,7.532588,7.384063,7.153957,,,,,,,,,,,,,,,
IIASA-WiC POP 2025,Historical Reference,1,South Sudan,million,Population,ANNUAL,2.476015,2.671469,2.887575,3.119431,3.321451,3.673467,4.14171,4.652173,4.693553,5.23703,5.977506,7.484213,9.428383,11.132072,10.545439,11.082318,,,,,,,,,,,,,,,
IIASA-WiC POP 2025,Historical Reference,1,Sao Tome and Principe,million,Population,ANNUAL,0.060426,0.064969,0.067801,0.071345,0.07675,0.085068,0.096167,0.105471,0.118893,0.131889,0.142789,0.159676,0.180174,0.199343,0.21622,0.237482,,,,,,,,,,,,,,,
IIASA-WiC POP 2025,Historical Reference,1,Suriname,million,Population,ANNUAL,0.193525,0.223555,0.263716,0.315634,0.373757,0.393461,0.374929,0.384569,0.411204,0.429732,0.47477,0.513356,0.543028,0.57253,0.603807,0.633338,,,,,,,,,,,,,,,
IIASA-WiC POP 2025,Historical Reference,1,Slovakia,million,Population,ANNUAL,3.438386,3.761259,4.093658,4.344256,4.506549,4.712875,4.954661,5.131169,5.25392,5.345925,5.376228,5.375762,5.393596,5.42212,5.457542,5.501991,,,,,,,,,,,,,,,
IIASA-WiC POP 2025,Historical Reference,1,Slovenia,million,Population,ANNUAL,1.43826,1.513601,1.59243,1.662123,1.734832,1.808902,1.893274,1.948953,1.983346,1.991316,1.985183,2.000675,2.051291,2.076171,2.116256,2.114577,,,,,,,,,,,,,,,
IIASA-WiC POP 2025,Historical Reference,1,Sweden,million,Population,ANNUAL,6.986151,7.240361,7.472432,7.723791,8.004576,8.211049,8.303731,8.380231,8.525691,8.743435,8.858793,9.027333,9.339534,9.798276,10.321414,10.56977,,,,,,,,,,,,,,,
IIASA-WiC POP 2025,Historical Reference,1,Eswatini,million,Population,ANNUAL,0.268201,0.303421,0.341147,0.383187,0.436987,0.501854,0.588669,0.688513,0.83636,0.943142,1.024722,1.069029,1.097323,1.129754,1.17422,1.230944,,,,,,,,,,,,,,,
IIASA-WiC POP 2025,Historical Reference,1,Sint Maarten (Dutch part),million,Population,ANNUAL,0.001398,0.001914,0.002539,0.00398,0.006022,0.008601,0.011892,0.018257,0.026881,0.031681,0.030602,0.031336,0.032915,0.039622,,,,,,,,,,,,,,,,,
IIASA-WiC POP 2025,Historical Reference,1,Seychelles,million,Population,ANNUAL,0.038038,0.039533,0.042741,0.047567,0.053737,0.060261,0.064961,0.067603,0.070721,0.07433,0.079441,0.085267,0.091734,0.098621,0.105011,0.109057,,,,,,,,,,,,,,,
IIASA-WiC POP 2025,Historical Reference,1,Syria,million,Population,ANNUAL,3.506099,3.935558,4.539933,5.283612,6.213196,7.368813,8.747777,10.359724,12.221755,14.115619,16.102833,18.329924,22.085506,19.492131,20.486035,22.104625,,,,,,,,,,,,,,,
IIASA-WiC POP 2025,Historical Reference,1,Turks and Caicos Islands,million,Population,ANNUAL,0.005015,0.00507,0.005589,0.00565,0.005658,0.006342,0.007437,0.009372,0.011432,0.014752,0.018359,0.023427,0.02916,0.035601,,,,,,,,,,,,,,,,,
IIASA-WiC POP 2025,Historical Reference,1,Chad,million,Population,ANNUAL,2.488828,2.730633,2.999624,3.305167,3.630274,4.043556,4.45459,4.911841,5.763884,6.700686,8.123741,9.827936,11.69125,13.933273,16.37919,19.219191,,,,,,,,,,,,,,,
IIASA-WiC POP 2025,Historical Reference,1,Togo,million,Population,ANNUAL,1.387394,1.506206,1.63773,1.79302,2.160625,2.479978,2.797039,3.285353,3.819252,4.193089,4.938664,5.638065,6.484007,7.379935,8.342234,9.354153,,,,,,,,,,,,,,,
IIASA-WiC POP 2025,Historical Reference,1,Thailand,million,Population,ANNUAL,20.167324,22.864902,26.20686,30.469628,35.282538,40.409493,45.237549,50.116373,54.77376,59.029227,62.771335,65.575665,68.052341,70.141673,71.389373,72.030014,,,,,,,,,,,,,,,
IIASA-WiC POP 2025,Historical Reference,1,Tajikistan,million,Population,ANNUAL,1.497507,1.776459,2.094842,2.495057,2.946721,3.428858,3.989338,4.594916,5.350929,5.85697,6.203834,6.865477,7.542697,8.423462,9.442814,10.416997,,,,,,,,,,,,,,,
IIASA-WiC POP 2025,Historical Reference,1,Tokelau,million,Population,ANNUAL,0.001614,0.001622,0.001768,0.001893,0.001743,0.001623,0.00165,0.001723,0.00168,0.001636,0.001657,0.001468,0.001361,0.001474,,,,,,,,,,,,,,,,,
IIASA-WiC POP 2025,Historical Reference,1,Turkmenistan,million,Population,ANNUAL,1.203143,1.344106,1.57432,1.866849,2.170227,2.492518,2.828612,3.203198,3.67042,4.181989,4.53554,4.852082,5.222947,5.714848,6.204362,6.714457,,,,,,,,,,,,,,,
IIASA-WiC POP 2025,Historical Reference,1,Timor-Leste,million,Population,ANNUAL,0.413233,0.434699,0.465037,0.503202,0.549093,0.595553,0.637769,0.676324,0.749006,0.813175,0.871899,0.956629,1.07652,1.196402,1.289752,1.393823,,,,,,,,,,,,,,,
IIASA-WiC POP 2025,Historical Reference,1,Tonga,million,Population,ANNUAL,0.049121,0.057088,0.066453,0.076606,0.085763,0.092741,0.096625,0.097045,0.098575,0.099861,0.102296,0.105349,0.107237,0.106386,0.104876,0.107989,,,,,,,,,,,,,,,
IIASA-WiC POP 2025,Historical Reference,1,Trinidad and Tobago,million,Population,ANNUAL,0.640492,0.73196,0.837459,0.921134,0.98384,1.047197,1.120311,1.191233,1.261638,1.304794,1.329305,1.365142,1.405668,1.4555,1.513901,1.527884,,,,,,,,,,,,,,,
IIASA-WiC POP 2025,Historical Reference,1,Tunisia,million,Population,ANNUAL,3.573092,3.933932,4.175722,4.418909,4.98057,5.689384,6.496938,7.376973,8.348032,9.223326,9.841511,10.340848,10.837762,11.493401,12.106249,12.623486,,,,,,,,,,,,,,,
IIASA-WiC POP 2025,Historical Reference,1,Turkey,million,Population,ANNUAL,20.715337,23.544613,27.149198,30.99994,35.132373,39.276132,43.630906,48.644137,53.818432,58.820056,63.645024,68.250854,72.703473,78.966299,83.81168,87.089009,,,,,,,,,,,,,,,
IIASA-WiC POP 2025,Historical Reference,1,Tuvalu,million,Population,ANNUAL,0.004658,0.005165,0.005387,0.005534,0.005795,0.006238,0.00765,0.008244,0.009098,0.009576,0.009644,0.009853,0.01048,0.010889,,,,,,,,,,,,,,,,,
IIASA-WiC POP 2025,Historical Reference,1,Taiwan,million,Population,ANNUAL,7.468442,9.061808,10.793543,12.848748,14.788778,16.39778,17.948252,19.383239,20.494844,21.376148,22.127391,22.753889,23.064914,23.467585,23.800896,23.475315,,,,,,,,,,,,,,,
IIASA-WiC POP 2025,Historical Reference,1,Tanzania,million,Population,ANNUAL,7.533316,8.605655,9.898908,11.458259,13.38729,15.951678,19.004651,22.181567,25.865477,30.184795,33.972122,38.887332,44.474669,51.608414,60.771967,70.254303,,,,,,,,,,,,,,,
IIASA-WiC POP 2025,Historical Reference,1,Uganda,million,Population,ANNUAL,5.671964,6.509333,7.509539,8.694212,10.16159,11.576438,13.152554,14.826513,17.304577,20.452872,23.646693,27.540927,31.870718,36.893791,43.685862,50.77312,,,,,,,,,,,,,,,
IIASA-WiC POP 2025,Historical Reference,1,Ukraine,million,Population,ANNUAL,37.063068,39.558768,42.462762,45.18182,47.156246,48.75708,49.859323,50.84773,51.550797,51.27142,49.106096,47.090056,45.778083,45.050092,44.090698,36.391202,,,,,,,,,,,,,,,
IIASA-WiC POP 2025,Historical Reference,1,Uruguay,million,Population,ANNUAL,2.223894,2.350952,2.512747,2.66675,2.782819,2.862426,2.94771,3.015942,3.107915,3.199221,3.28681,3.31584,3.348288,3.396966,3.428267,3.411022,,,,,,,,,,,,,,,
IIASA-WiC POP 2025,Historical Reference,1,United States,million,Population,ANNUAL,147.095867,159.663129,174.736202,188.557024,198.984271,210.259763,221.787432,233.940056,246.365639,264.019794,280.816627,295.416128,309.884064,323.348646,335.388244,341.969466,,,,,,,,,,,,,,,
IIASA-WiC POP 2025,Historical Reference,1,Uzbekistan,million,Population,ANNUAL,6.168,7.038174,8.221769,9.942322,11.831077,13.691456,15.755048,17.822226,20.344249,22.799248,24.767756,26.40256,28.391943,30.694331,33.243472,36.057826,,,,,,,,,,,,,,,
IIASA-WiC POP 2025,Historical Reference,1,Saint Vincent and the Grenadines,million,Population,ANNUAL,0.060627,0.070701,0.083377,0.090768,0.097806,0.103453,0.107178,0.110638,0.112426,0.114077,0.113903,0.112338,0.10959,0.10671,0.104708,0.101993,,,,,,,,,,,,,,,
IIASA-WiC POP 2025,Historical Reference,1,Venezuela,million,Population,ANNUAL,5.368083,6.619589,8.010311,9.528274,11.181691,12.983984,14.998197,17.17642,19.5128,21.874318,24.197435,26.44927,28.52245,30.366602,28.628829,29.785672,,,,,,,,,,,,,,,
IIASA-WiC POP 2025,Historical Reference,1,British Virgin Islands,million,Population,ANNUAL,0.007347,0.007499,0.007824,0.007972,0.009393,0.010211,0.010952,0.012976,0.015346,0.01746,0.019844,0.023093,0.027496,0.029163,,,,,,,,,,,,,,,,,
IIASA-WiC POP 2025,Historical Reference,1,United States Virgin Islands,million,Population,ANNUAL,0.026658,0.029066,0.031935,0.04459,0.061688,0.07968,0.095785,0.101792,0.100632,0.102867,0.108265,0.106454,0.106462,0.103059,0.100544,0.098266,,,,,,,,,,,,,,,
IIASA-WiC POP 2025,Historical Reference,1,Viet Nam,million,Population,ANNUAL,24.829987,27.885737,32.229839,36.995773,41.466246,46.385073,52.323173,59.107722,66.191958,73.142486,78.590624,82.731527,86.944961,91.717011,96.203591,99.80721,,,,,,,,,,,,,,,
IIASA-WiC POP 2025,Historical Reference,1,Vanuatu,million,Population,ANNUAL,0.051124,0.05614,0.063699,0.073562,0.085659,0.100368,0.116825,0.131469,0.149013,0.168575,0.189649,0.215009,0.242572,0.27316,0.30798,0.343505,,,,,,,,,,,,,,,
IIASA-WiC POP 2025,Historical Reference,1,Wallis and Futuna,million,Population,ANNUAL,0.008452,0.009667,0.008899,0.008867,0.009335,0.009705,0.011104,0.012733,0.013383,0.014117,0.01466,0.0147,0.013265,0.012246,,,,,,,,,,,,,,,,,
IIASA-WiC POP 2025,Historical Reference,1,Samoa,million,Population,ANNUAL,0.087017,0.097008,0.111568,0.128122,0.141616,0.153767,0.164212,0.166657,0.168059,0.174,0.183117,0.188366,0.193863,0.202662,0.213062,0.226676,,,,,,,,,,,,,,,
IIASA-WiC POP 2025,Historical Reference,1,Yemen,million,Population,ANNUAL,4.678658,5.050495,5.49171,6.033858,6.756059,7.73934,9.047607,10.825234,13.119088,15.837243,18.370981,21.010025,24.382966,28.13909,31.927134,35.731379,,,,,,,,,,,,,,,
IIASA-WiC POP 2025,Historical Reference,1,South Africa,million,Population,ANNUAL,12.907715,14.420944,16.300876,18.889108,22.03444,25.425311,29.076831,33.23604,39.302549,43.637266,46.606822,48.787355,51.465551,55.219577,58.466146,60.833813,,,,,,,,,,,,,,,
IIASA-WiC POP 2025,Historical Reference,1,Zambia,million,Population,ANNUAL,2.285718,2.637559,3.070416,3.599159,4.223776,4.858387,5.635569,6.585981,7.589255,8.577888,9.750273,11.364793,13.5562,15.991295,18.654915,21.313458,,,,,,,,,,,,,,,
IIASA-WiC POP 2025,Historical Reference,1,Zimbabwe,million,Population,ANNUAL,2.746396,3.21349,3.747472,4.377599,5.124662,6.00165,6.734798,8.544135,9.980999,10.901511,11.791214,12.195578,12.753008,14.006288,15.505219,16.972672,,,,,,,,,,,,,,,
IIASA-WiC POP 2025,Historical Reference,1,Kosovo,million,Population,ANNUAL,0.756613,0.867099,0.978293,1.099872,1.224662,1.388974,1.56926,1.767586,1.947299,2.124682,1.816603,1.828659,1.794758,1.758785,1.751415,1.774432,,,,,,,,,,,,,,,
IIASA-WiC POP 2025,SSP1,1,Aruba,million,Population,ANNUAL,,,,,,,,,,,,,,,,0.1088,0.110972,0.112864,0.114488,0.115972,0.117204,0.118198,0.119,0.119381,0.11946,0.119241,0.118609,0.11741,0.115583,0.113067,0.109786
IIASA-WiC POP 2025,SSP1,1,Afghanistan,million,Population,ANNUAL,,,,,,,,,,,,,,,,44.166205,49.661219,54.866907,59.711995,64.384203,68.70942,72.465261,75.534238,78.000871,79.840294,81.076888,81.634126,81.497534,80.790444,79.598888,77.969896
IIASA-WiC POP 2025,SSP1,1,Angola,million,Population,ANNUAL,,,,,,,,,,,,,,,,38.360074,43.292382,47.972298,52.487408,56.91334,61.069501,64.77932,67.993083,70.6858,72.814731,74.401759,75.388305,75.732588,75.393477,74.487768,73.059495
IIASA-WiC POP 2025,SSP1,1,Albania,million,Population,ANNUAL,,,,,,,,,,,,,,,,2.793087,2.717681,2.620426,2.511039,2.397657,2.283036,2.167948,2.052279,1.945225,1.847647,1.759433,1.677823,1.599089,1.520457,1.441614,1.365187
IIASA-WiC POP 2025,SSP1,1,United Arab Emirates,million,Population,ANNUAL,,,,,,,,,,,,,,,,9.79243,10.256524,10.638891,10.957861,11.249469,11.51696,11.726803,11.844283,11.81908,11.640603,11.316688,10.868974,10.33239,9.756489,9.197481,8.694615
IIASA-WiC POP 2025,SSP1,1,Argentina,million,Population,ANNUAL,,,,,,,,,,,,,,,,46.045355,47.024326,47.790507,48.356527,48.776246,49.005687,49.028942,48.794234,48.342745,47.698175,46.882936,45.907042,44.786182,43.525548,42.119742,40.544459
IIASA-WiC POP 2025,SSP1,1,Armenia,million,Population,ANNUAL,,,,,,,,,,,,,,,,2.762253,2.721768,2.671081,2.618682,2.568731,2.517659,2.462825,2.402867,2.345373,2.291217,2.238849,2.185623,2.130468,2.075443,2.02484,1.981313
IIASA-WiC POP 2025,SSP1,1,Antigua and Barbuda,million,Population,ANNUAL,,,,,,,,,,,,,,,,0.095485,0.097902,0.09973,0.100922,0.10161,0.101805,0.101479,0.100704,0.099412,0.097711,0.095646,0.09314,0.090193,0.086821,0.083066,0.078964
IIASA-WiC POP 2025,SSP1,1,Australia,million,Population,ANNUAL,,,,,,,,,,,,,,,,26.559259,27.548508,28.468642,29.331588,30.188442,31.051455,31.837356,32.530089,33.090832,33.533863,33.853321,34.023743,33.937252,33.509296,32.77696,31.882658
IIASA-WiC POP 2025,SSP1,1,Austria,million,Population,ANNUAL,,,,,,,,,,,,,,,,9.044223,9.121237,9.184848,9.24025,9.302882,9.363809,9.398195,9.395553,9.356425,9.301924,9.239354,9.154599,8.983493,8.729681,8.405463,8.052493
IIASA-WiC POP 2025,SSP1,1,Azerbaijan,million,Population,ANNUAL,,,,,,,,,,,,,,,,10.492942,10.72635,10.933959,11.085266,11.15782,11.152954,11.092298,10.994771,10.866865,10.70486,10.504948,10.270198,10.01361,9.751184,9.49681,9.247046
IIASA-WiC POP 2025,SSP1,1,Burundi,million,Population,ANNUAL,,,,,,,,,,,,,,,,13.674842,15.079851,16.38983,17.625586,18.813976,19.889679,20.777977,21.454668,21.965011,22.321324,22.54103,22.619024,22.542982,22.322269,21.953849,21.446796
IIASA-WiC POP 2025,SSP1,1,Belgium,million,Population,ANNUAL,,,,,,,,,,,,,,,,11.692354,11.826896,11.965903,12.108344,12.253151,12.391185,12.486668,12.542133,12.563926,12.569401,12.56263,12.526833,12.417618,12.200735,11.910155,11.554743
IIASA-WiC POP 2025,SSP1,1,Benin,million,Population,ANNUAL,,,,,,,,,,,,,,,,14.28294,15.914866,17.424112,18.8409,20.222477,21.52096,22.65209,23.559861,24.30826,24.895067,25.33989,25.604479,25.692709,25.595544,25.344137,24.959246
IIASA-WiC POP 2025,SSP1,1,Burkina Faso,million,Population,ANNUAL,,,,,,,,,,,,,,,,24.191297,26.795938,29.19835,31.512389,33.799733,35.930926,37.729417,39.159111,40.309907,41.22171,41.912565,42.345256,42.476058,42.301074,41.868831,41.236216
IIASA-WiC POP 2025,SSP1,1,Bangladesh,million,Population,ANNUAL,,,,,,,,,,,,,,,,175.53052,182.279654,186.977497,189.869744,191.496343,191.854858,190.971747,188.827197,185.713062,181.737708,176.973014,171.531291,165.537025,159.10326,152.320319,145.292479
IIASA-WiC POP 2025,SSP1,1,Bulgaria,million,Population,ANNUAL,,,,,,,,,,,,,,,,6.678252,6.442217,6.219746,6.010177,5.816731,5.639689,5.46966,5.297728,5.12225,4.945281,4.771909,4.608381,4.457548,4.319461,4.191605,4.059474
IIASA-WiC POP 2025,SSP1,1,Bahrain,million,Population,ANNUAL,,,,,,,,,,,,,,,,1.624196,1.737833,1.840603,1.935023,2.022716,2.100405,2.162667,2.206923,2.226037,2.220476,2.191247,2.139331,2.068781,1.987082,1.903351,1.820914
IIASA-WiC POP 2025,SSP1,1,Bahamas,million,Population,ANNUAL,,,,,,,,,,,,,,,,0.415502,0.424029,0.430669,0.434805,0.437093,0.437456,0.435723,0.432054,0.42667,0.419908,0.411949,0.402787,0.392272,0.38024,0.36648,0.351007
IIASA-WiC POP 2025,SSP1,1,Bosnia and Herzegovina,million,Population,ANNUAL,,,,,,,,,,,,,,,,3.181,3.070989,2.953425,2.830844,2.708524,2.588679,2.472163,2.357469,2.248602,2.146026,2.049869,1.959457,1.873728,1.791973,1.713625,1.637409
IIASA-WiC POP 2025,SSP1,1,Belarus,million,Population,ANNUAL,,,,,,,,,,,,,,,,9.3946,9.243184,9.101115,8.973497,8.86464,8.758051,8.635169,8.493092,8.33514,8.166872,7.989807,7.80276,7.606042,7.405054,7.206268,7.005989
IIASA-WiC POP 2025,SSP1,1,Belize,million,Population,ANNUAL,,,,,,,,,,,,,,,,0.423846,0.451263,0.473926,0.492306,0.508202,0.52156,0.532072,0.539534,0.5438,0.545047,0.543381,0.539049,0.531997,0.522113,0.509309,0.493453
IIASA-WiC POP 2025,SSP1,1,Bolivia,million,Population,ANNUAL,,,,,,,,,,,,,,,,12.620088,13.327854,13.92194,14.392199,14.782098,15.062451,15.222627,15.268903,15.229723,15.105923,14.909849,14.641444,14.31126,13.931147,13.512235,13.060364
IIASA-WiC POP 2025,SSP1,1,Brazil,million,Population,ANNUAL,,,,,,,,,,,,,,,,217.546263,221.435826,223.767191,224.600855,224.2527,222.764219,220.128859,216.364947,211.599736,205.946798,199.606474,192.768571,185.610019,178.272646,170.665942,162.517028
IIASA-WiC POP 2025,SSP1,1,Barbados,million,Population,ANNUAL,,,,,,,,,,,,,,,,0.282601,0.283393,0.282761,0.280704,0.277943,0.274477,0.270385,0.265779,0.260781,0.255598,0.250319,0.244842,0.238835,0.232104,0.224438,0.215127
IIASA-WiC POP 2025,SSP1,1,Brunei Darussalam,million,Population,ANNUAL,,,,,,,,,,,,,,,,0.461429,0.478116,0.491223,0.501338,0.50956,0.515496,0.518447,0.518243,0.514998,0.509496,0.502354,0.49376,0.483569,0.471438,0.455822,0.43633
IIASA-WiC POP 2025,SSP1,1,Bhutan,million,Population,ANNUAL,,,,,,,,,,,,,,,,0.797744,0.818443,0.832648,0.840831,0.844353,0.843157,0.83715,0.826149,0.809971,0.788432,0.761742,0.730747,0.696693,0.661058,0.625117,0.589125
IIASA-WiC POP 2025,SSP1,1,Botswana,million,Population,ANNUAL,,,,,,,,,,,,,,,,2.7334,2.928351,3.098282,3.243515,3.371438,3.480147,3.553102,3.593255,3.604258,3.588209,3.548814,3.487199,3.407817,3.310536,3.197151,3.067409
IIASA-WiC POP 2025,SSP1,1,Central African Republic,million,Population,ANNUAL,,,,,,,,,,,,,,,,6.099845,6.916417,7.693193,8.462735,9.254905,10.019622,10.700384,11.292219,11.821847,12.287162,12.682426,13.000777,13.238142,13.384301,13.447343,13.447958
IIASA-WiC POP 2025,SSP1,1,Canada,million,Population,ANNUAL,,,,,,,,,,,,,,,,38.636151,39.469903,40.256741,40.979446,41.680187,42.389776,42.965273,43.433422,43.797827,44.102761,44.324654,44.386712,44.186571,43.567073,42.540505,41.201752
IIASA-WiC POP 2025,SSP1,1,Switzerland,million,Population,ANNUAL,,,,,,,,,,,,,,,,8.846489,9.026034,9.192119,9.354013,9.529078,9.721516,9.891847,10.024558,10.107047,10.153502,10.172434,10.123145,9.991248,9.776171,9.51849,9.246612
IIASA-WiC POP 2025,SSP1,1,Chile,million,Population,ANNUAL,,,,,,,,,,,,,,,,19.581699,19.900118,20.104146,20.183739,20.173823,20.085703,19.905921,19.624006,19.247015,18.792385,18.271826,17.686899,17.029816,16.290224,15.470412,14.599352
IIASA-WiC POP 2025,SSP1,1,China,million,Population,ANNUAL,,,,,,,,,,,,,,,,1426.368117,1417.902853,1402.592179,1382.412551,1356.686504,1322.960891,1280.505745,1231.374116,1178.413335,1124.231132,1070.862966,1018.283202,964.995378,912.019229,862.22086,816.234586
IIASA-WiC POP 2025,SSP1,1,lvory Coast,million,Population,ANNUAL,,,,,,,,,,,,,,,,29.762711,32.682416,35.201502,37.481788,39.632571,41.61549,43.258705,44.506349,45.440727,46.08374,46.449184,46.549152,46.442033,46.142623,45.649344,44.951269
IIASA-WiC POP 2025,SSP1,1,Cameroon,million,Population,ANNUAL,,,,,,,,,,,,,,,,29.624897,32.910208,35.933988,38.76746,41.537383,44.190629,46.530852,48.474287,50.051063,51.273639,52.084527,52.555665,52.677746,52.485416,51.999572,51.223065
IIASA-WiC POP 2025,SSP1,1,Democratic Republic of the Congo,million,Population,ANNUAL,,,,,,,,,,,,,,,,107.546464,122.760586,137.306372,151.546245,165.964237,179.859969,192.494447,203.532894,213.119387,221.237249,227.839385,232.753658,235.891817,236.969062,236.054821,233.249137
IIASA-WiC POP 2025,SSP1,1,Congo,million,Population,ANNUAL,,,,,,,,,,,,,,,,6.343255,7.012232,7.631659,8.207129,8.752603,9.264846,9.696705,10.038152,10.307387,10.500921,10.617417,10.666228,10.658833,10.595765,10.472872,10.285035
IIASA-WiC POP 2025,SSP1,1,Colombia,million,Population,ANNUAL,,,,,,,,,,,,,,,,52.418442,53.945562,54.998997,55.616141,55.894002,55.844972,55.496387,54.840287,53.939271,52.825097,51.516787,50.025683,48.361797,46.538525,44.575458,42.506155
IIASA-WiC POP 2025,SSP1,1,Comoros,million,Population,ANNUAL,,,,,,,,,,,,,,,,0.880919,0.951456,1.013017,1.067032,1.11689,1.160179,1.194025,1.216413,1.230485,1.235716,1.233762,1.224071,1.208203,1.186703,1.159815,1.127823
IIASA-WiC POP 2025,SSP1,1,Cabo Verde,million,Population,ANNUAL,,,,,,,,,,,,,,,,0.608115,0.629848,0.64483,0.654663,0.660609,0.662441,0.659664,0.652596,0.642556,0.629902,0.614708,0.597229,0.577623,0.556424,0.5343,0.511714
IIASA-WiC POP 2025,SSP1,1,Costa Rica,million,Population,ANNUAL,,,,,,,,,,,,,,,,5.256994,5.390402,5.4901,5.557277,5.59921,5.610036,5.590644,5.541478,5.465654,5.36764,5.248327,5.105418,4.936396,4.741779,4.52554,4.293119
IIASA-WiC POP 2025,SSP1,1,Cuba,million,Population,ANNUAL,,,,,,,,,,,,,,,,11.211281,11.130684,10.999318,10.821175,10.606194,10.351991,10.047688,9.69912,9.325561,8.956677,8.607941,8.284281,7.963557,7.626654,7.26649,6.895897
IIASA-WiC POP 2025,SSP1,1,Cura??ao,million,Population,ANNUAL,,,,,,,,,,,,,,,,0.19498,0.201038,0.206314,0.210779,0.21484,0.21844,0.221621,0.224365,0.225918,0.226202,0.225207,0.222757,0.218725,0.213127,0.206101,0.197917
IIASA-WiC POP 2025,SSP1,1,Cyprus,million,Population,ANNUAL,,,,,,,,,,,,,,,,1.284492,1.31695,1.345571,1.373174,1.40178,1.430708,1.454199,1.470347,1.476792,1.474929,1.465073,1.445796,1.415264,1.374182,1.326948,1.278172
IIASA-WiC POP 2025,SSP1,1,Czechia,million,Population,ANNUAL,,,,,,,,,,,,,,,,10.851138,10.734367,10.603689,10.488987,10.407936,10.349807,10.28864,10.200309,10.063268,9.882673,9.675227,9.462203,9.255394,9.048153,8.822903,8.572138
IIASA-WiC POP 2025,SSP1,1,Germany,million,Population,ANNUAL,,,,,,,,,,,,,,,,83.596005,83.200332,82.799165,82.445063,82.202537,81.969336,81.577332,80.940429,80.082792,79.20591,78.394387,77.511022,76.316362,74.53758,72.153405,69.399628
IIASA-WiC POP 2025,SSP1,1,Djibouti,million,Population,ANNUAL,,,,,,,,,,,,,,,,1.154103,1.210455,1.253954,1.286104,1.310389,1.324748,1.329901,1.324423,1.310808,1.290151,1.263233,1.230374,1.19204,1.148239,1.099726,1.048017
IIASA-WiC POP 2025,SSP1,1,Denmark,million,Population,ANNUAL,,,,,,,,,,,,,,,,5.903302,5.973765,6.035879,6.086668,6.13682,6.19632,6.249678,6.292657,6.322306,6.345327,6.367036,6.385731,6.390433,6.362808,6.273067,6.13244
IIASA-WiC POP 2025,SSP1,1,Dominican Republic,million,Population,ANNUAL,,,,,,,,,,,,,,,,11.537089,11.985523,12.323609,12.546964,12.688794,12.75404,12.746367,12.669112,12.53869,12.359593,12.144642,11.896218,11.617076,11.306216,10.968826,10.603978
IIASA-WiC POP 2025,SSP1,1,Algeria,million,Population,ANNUAL,,,,,,,,,,,,,,,,46.733889,49.48344,51.680656,53.567854,55.351099,56.925472,58.025922,58.564688,58.597145,58.269082,57.71398,57.012147,56.190813,55.263314,54.249217,53.134744
IIASA-WiC POP 2025,SSP1,1,Ecuador,million,Population,ANNUAL,,,,,,,,,,,,,,,,18.413986,19.182995,19.766399,20.178289,20.486341,20.680256,20.752119,20.697121,20.539781,20.290171,19.955743,19.544172,19.06146,18.514514,17.900233,17.198839
IIASA-WiC POP 2025,SSP1,1,Egypt,million,Population,ANNUAL,,,,,,,,,,,,,,,,116.004863,124.510883,132.493409,139.954101,146.971213,153.024464,157.854884,161.469492,163.923172,165.364446,165.996903,165.91572,165.163397,163.893767,162.042707,159.574187
IIASA-WiC POP 2025,SSP1,1,Eritrea,million,Population,ANNUAL,,,,,,,,,,,,,,,,3.85609,4.135189,4.362594,4.545135,4.693879,4.805277,4.873257,4.896306,4.89252,4.861581,4.807097,4.734134,4.642458,4.532309,4.403833,4.262155
IIASA-WiC POP 2025,SSP1,1,Western Sahara,million,Population,ANNUAL,,,,,,,,,,,,,,,,0.59731,0.634112,0.66454,0.690498,0.713603,0.733652,0.749731,0.760827,0.76469,0.761826,0.753125,0.740227,0.723995,0.704399,0.680741,0.652405
IIASA-WiC POP 2025,SSP1,1,Spain,million,Population,ANNUAL,,,,,,,,,,,,,,,,47.59626,47.904775,48.282679,48.754983,49.320008,49.954855,50.354273,50.472595,50.279928,49.859301,49.255364,48.474683,47.385513,46.139209,44.741446,43.133709
IIASA-WiC POP 2025,SSP1,1,Estonia,million,Population,ANNUAL,,,,,,,,,,,,,,,,1.347628,1.314768,1.285438,1.261242,1.242522,1.226497,1.209608,1.190264,1.168753,1.145599,1.121637,1.097248,1.072318,1.046938,1.021848,0.996897
IIASA-WiC POP 2025,SSP1,1,Ethiopia,million,Population,ANNUAL,,,,,,,,,,,,,,,,130.851847,143.990894,155.46124,165.872676,175.808543,184.988415,192.902295,199.242176,203.846664,206.887915,208.300956,208.15851,206.646685,203.854996,199.836437,194.722336
IIASA-WiC POP 2025,SSP1,1,Finland,million,Population,ANNUAL,,,,,,,,,,,,,,,,5.53656,5.525858,5.517732,5.510506,5.506955,5.515147,5.510967,5.501457,5.493626,5.491789,5.489281,5.47058,5.400819,5.287758,5.142699,4.982455
IIASA-WiC POP 2025,SSP1,1,Fiji,million,Population,ANNUAL,,,,,,,,,,,,,,,,0.941962,0.953337,0.955743,0.951038,0.941033,0.925348,0.905031,0.880794,0.85642,0.831396,0.806213,0.781908,0.758669,0.736934,0.716233,0.696227
IIASA-WiC POP 2025,SSP1,1,France,million,Population,ANNUAL,,,,,,,,,,,,,,,,65.106109,65.834608,66.625803,67.41864,68.136799,68.723005,69.10051,69.341429,69.498473,69.616188,69.681899,69.634754,69.369483,68.688176,67.705018,66.457291
IIASA-WiC POP 2025,SSP1,1,Micronesia,million,Population,ANNUAL,,,,,,,,,,,,,,,,0.114689,0.116572,0.117132,0.1162,0.11429,0.111518,0.108092,0.104201,0.100506,0.096923,0.093453,0.090032,0.086674,0.083383,0.080237,0.0773
IIASA-WiC POP 2025,SSP1,1,Gabon,million,Population,ANNUAL,,,,,,,,,,,,,,,,2.512271,2.73522,2.931807,3.108717,3.273842,3.427419,3.554197,3.647148,3.707035,3.735608,3.741442,3.728957,3.699835,3.655283,3.593852,3.515255
IIASA-WiC POP 2025,SSP1,1,United Kingdom,million,Population,ANNUAL,,,,,,,,,,,,,,,,67.833949,68.782408,69.732199,70.719227,71.81489,72.980893,73.890028,74.525615,74.94151,75.279076,75.583429,75.759426,75.617701,75.028251,73.865296,72.280249
IIASA-WiC POP 2025,SSP1,1,Georgia,million,Population,ANNUAL,,,,,,,,,,,,,,,,3.621957,3.472383,3.324409,3.187398,3.058646,2.930524,2.797769,2.661467,2.536592,2.425827,2.327858,2.240074,2.160909,2.090647,2.030616,1.980247
IIASA-WiC POP 2025,SSP1,1,Ghana,million,Population,ANNUAL,,,,,,,,,,,,,,,,35.282895,38.267752,40.938741,43.40102,45.77017,47.950087,49.768041,51.180811,52.171937,52.819805,53.158854,53.19878,52.971988,52.488503,51.750338,50.778648
IIASA-WiC POP 2025,SSP1,1,Guinea,million,Population,ANNUAL,,,,,,,,,,,,,,,,14.62162,15.953007,17.110066,18.137852,19.09,19.912412,20.576818,21.066867,21.406303,21.612497,21.671537,21.602634,21.400336,21.09796,20.701527,20.221412
IIASA-WiC POP 2025,SSP1,1,Guadeloupe,million,Population,ANNUAL,,,,,,,,,,,,,,,,0.397751,0.400816,0.401747,0.400631,0.397506,0.393021,0.387892,0.382186,0.376518,0.371267,0.366884,0.363712,0.361651,0.360009,0.357681,0.35373
IIASA-WiC POP 2025,SSP1,1,Gambia,million,Population,ANNUAL,,,,,,,,,,,,,,,,2.843788,3.114838,3.363934,3.584644,3.788826,3.96637,4.109997,4.213667,4.28586,4.326662,4.337152,4.319072,4.277684,4.213064,4.126211,4.018191
IIASA-WiC POP 2025,SSP1,1,Guinea-Bissau,million,Population,ANNUAL,,,,,,,,,,,,,,,,2.214987,2.417101,2.592206,2.747806,2.891004,3.020908,3.12393,3.198728,3.247295,3.270301,3.27024,3.251292,3.215536,3.161766,3.089763,2.999778
IIASA-WiC POP 2025,SSP1,1,Equatorial Guinea,million,Population,ANNUAL,,,,,,,,,,,,,,,,1.790756,1.993657,2.181833,2.359325,2.531369,2.695883,2.837419,2.952537,3.040572,3.100139,3.131721,3.137274,3.122293,3.087715,3.031958,2.952604
IIASA-WiC POP 2025,SSP1,1,Greece,million,Population,ANNUAL,,,,,,,,,,,,,,,,10.364011,10.232523,10.123643,10.036187,9.964938,9.90055,9.811439,9.689122,9.532337,9.35227,9.158301,8.954336,8.739207,8.512324,8.270993,8.000699
IIASA-WiC POP 2025,SSP1,1,Grenada,million,Population,ANNUAL,,,,,,,,,,,,,,,,0.126268,0.127672,0.128031,0.127913,0.127674,0.12702,0.125791,0.123876,0.121702,0.119367,0.116853,0.114028,0.110825,0.107347,0.103845,0.10041
IIASA-WiC POP 2025,SSP1,1,Guatemala,million,Population,ANNUAL,,,,,,,,,,,,,,,,18.589952,19.774445,20.729696,21.507272,22.150517,22.614436,22.892052,23.008285,23.001729,22.875073,22.627996,22.259344,21.78471,21.2163,20.565068,19.844817
IIASA-WiC POP 2025,SSP1,1,French Guiana,million,Population,ANNUAL,,,,,,,,,,,,,,,,0.321887,0.351077,0.37689,0.400108,0.421801,0.441488,0.458329,0.471788,0.481473,0.487917,0.492386,0.495438,0.496901,0.496439,0.493191,0.486494
IIASA-WiC POP 2025,SSP1,1,Guam,million,Population,ANNUAL,,,,,,,,,,,,,,,,0.173227,0.176486,0.178677,0.179515,0.179481,0.178384,0.176245,0.173473,0.170717,0.168067,0.165627,0.163198,0.160695,0.157962,0.154902,0.151469
IIASA-WiC POP 2025,SSP1,1,Guyana,million,Population,ANNUAL,,,,,,,,,,,,,,,,0.808134,0.813504,0.810076,0.799232,0.783516,0.76304,0.739137,0.712445,0.686376,0.661173,0.636771,0.613019,0.589785,0.567021,0.54495,0.52393
IIASA-WiC POP 2025,SSP1,1,Hong Kong,million,Population,ANNUAL,,,,,,,,,,,,,,,,7.535771,7.563897,7.569242,7.562685,7.555247,7.559123,7.537095,7.472697,7.359356,7.214307,7.046679,6.856249,6.636848,6.384834,6.107684,5.819883
IIASA-WiC POP 2025,SSP1,1,Honduras,million,Population,ANNUAL,,,,,,,,,,,,,,,,10.827569,11.480338,12.008004,12.420671,12.751493,13.000826,13.166264,13.24303,13.24143,13.159065,13.006643,12.794506,12.531541,12.219136,11.857162,11.442761
IIASA-WiC POP 2025,SSP1,1,Croatia,million,Population,ANNUAL,,,,,,,,,,,,,,,,3.980758,3.860588,3.747337,3.638879,3.537421,3.442316,3.351172,3.261888,3.17406,3.087767,3.002707,2.917715,2.831762,2.744262,2.654055,2.55947
IIASA-WiC POP 2025,SSP1,1,Haiti,million,Population,ANNUAL,,,,,,,,,,,,,,,,12.018019,12.636442,13.105383,13.449257,13.718211,13.890035,13.94609,13.878407,13.728469,13.507007,13.22754,12.898022,12.523445,12.107476,11.657639,11.184175
IIASA-WiC POP 2025,SSP1,1,Hungary,million,Population,ANNUAL,,,,,,,,,,,,,,,,9.592585,9.438542,9.267853,9.09062,8.921051,8.763838,8.610748,8.446661,8.254652,8.031744,7.793964,7.559996,7.336205,7.112687,6.880932,6.639062
IIASA-WiC POP 2025,SSP1,1,Indonesia,million,Population,ANNUAL,,,,,,,,,,,,,,,,280.697803,289.154274,295.137351,298.653608,300.369609,300.222952,298.405662,294.801215,289.603473,283.160033,275.806709,267.801337,259.320244,250.345082,240.835757,230.782366
IIASA-WiC POP 2025,SSP1,1,India,million,Population,ANNUAL,,,,,,,,,,,,,,,,1445.482972,1492.562883,1525.461128,1545.104146,1554.934464,1554.791781,1545.894285,1527.776699,1501.178895,1467.624155,1427.415456,1381.006416,1329.213736,1273.219692,1213.964164,1152.628316
IIASA-WiC POP 2025,SSP1,1,Ireland,million,Population,ANNUAL,,,,,,,,,,,,,,,,5.123491,5.268726,5.420082,5.580433,5.749042,5.917485,6.059299,6.170807,6.252716,6.313112,6.35506,6.377505,6.362325,6.312004,6.24409,6.13544
IIASA-WiC POP 2025,SSP1,1,Iran,million,Population,ANNUAL,,,,,,,,,,,,,,,,90.694703,93.969138,96.542663,98.64745,100.462143,101.881282,102.816901,103.079989,102.651086,101.63338,100.097933,98.092168,95.674577,92.998595,90.282364,87.652121
IIASA-WiC POP 2025,SSP1,1,Iraq,million,Population,ANNUAL,,,,,,,,,,,,,,,,47.025073,51.429529,55.457359,59.193914,62.670466,65.706657,68.23273,70.182562,71.609184,72.58881,73.230353,73.555301,73.549851,73.188838,72.447838,71.104087
IIASA-WiC POP 2025,SSP1,1,Iceland,million,Population,ANNUAL,,,,,,,,,,,,,,,,0.376535,0.387084,0.396674,0.405095,0.412843,0.420215,0.426358,0.431383,0.435407,0.438409,0.44022,0.440344,0.436572,0.428029,0.416518,0.404679
IIASA-WiC POP 2025,SSP1,1,Israel,million,Population,ANNUAL,,,,,,,,,,,,,,,,9.371281,10.023562,10.658001,11.299312,11.961123,12.620551,13.249776,13.827262,14.354609,14.843484,15.304991,15.740193,16.140575,16.497128,16.806306,17.068444
IIASA-WiC POP 2025,SSP1,1,Italy,million,Population,ANNUAL,,,,,,,,,,,,,,,,58.934481,58.357432,57.873606,57.467668,57.122403,56.796323,56.274481,55.519328,54.533255,53.421523,52.256968,51.057925,49.655289,48.044585,46.190877,44.135601
IIASA-WiC POP 2025,SSP1,1,Jamaica,million,Population,ANNUAL,,,,,,,,,,,,,,,,2.835407,2.84606,2.838258,2.812888,2.774462,2.723958,2.660658,2.585772,2.506113,2.421566,2.333058,2.240497,2.144436,2.04614,1.947095,1.842427
IIASA-WiC POP 2025,SSP1,1,Jordan,million,Population,ANNUAL,,,,,,,,,,,,,,,,11.893489,12.864599,13.751804,14.530861,15.224441,15.78439,16.208975,16.490516,16.662342,16.741302,16.740886,16.652523,16.47862,16.219874,15.884496,15.47726
IIASA-WiC POP 2025,SSP1,1,Japan,million,Population,ANNUAL,,,,,,,,,,,,,,,,122.475878,119.738524,116.882067,113.884439,110.854404,107.909915,105.098946,102.296681,99.305852,95.984408,92.292581,88.361047,84.392656,80.505369,76.635206,72.475828
IIASA-WiC POP 2025,SSP1,1,Kazakhstan,million,Population,ANNUAL,,,,,,,,,,,,,,,,19.792327,20.51374,21.075383,21.529407,21.93148,22.231994,22.374369,22.329862,22.17876,21.970443,21.731732,21.471505,21.188427,20.887865,20.573537,20.233043
IIASA-WiC POP 2025,SSP1,1,Kenya,million,Population,ANNUAL,,,,,,,,,,,,,,,,56.833242,62.061334,66.826065,71.124945,75.126267,78.847458,81.854024,84.155581,85.751427,86.701163,87.09967,87.007643,86.445279,85.411633,83.880704,81.887043
IIASA-WiC POP 2025,SSP1,1,Kyrgyzstan,million,Population,ANNUAL,,,,,,,,,,,,,,,,6.897813,7.313718,7.668069,7.977658,8.260411,8.479976,8.621814,8.686092,8.699218,8.678368,8.628654,8.548245,8.441273,8.311568,8.170588,8.019987
IIASA-WiC POP 2025,SSP1,1,Cambodia,million,Population,ANNUAL,,,,,,,,,,,,,,,,17.300953,18.041005,18.578868,18.939277,19.146639,19.206971,19.130316,18.937272,18.659455,18.291052,17.822837,17.264934,16.653011,16.018186,15.354909,14.637056
IIASA-WiC POP 2025,SSP1,1,Kiribati,million,Population,ANNUAL,,,,,,,,,,,,,,,,0.136069,0.144275,0.150488,0.155239,0.159589,0.163085,0.165098,0.165201,0.16394,0.161802,0.159168,0.156156,0.152708,0.148626,0.143896,0.138672
IIASA-WiC POP 2025,SSP1,1,South Korea,million,Population,ANNUAL,,,,,,,,,,,,,,,,51.512989,51.085922,50.491781,49.643078,48.582297,47.401751,45.862637,43.956703,41.869156,39.747784,37.650672,35.624033,33.662689,31.707249,29.711167,27.692952
IIASA-WiC POP 2025,SSP1,1,Kuwait,million,Population,ANNUAL,,,,,,,,,,,,,,,,4.737165,4.950278,5.126336,5.27582,5.401081,5.486788,5.521018,5.500248,5.419945,5.291431,5.135125,4.971551,4.814786,4.670096,4.530227,4.375102
IIASA-WiC POP 2025,SSP1,1,Laos,million,Population,ANNUAL,,,,,,,,,,,,,,,,7.767739,8.136086,8.401792,8.588025,8.713499,8.763766,8.744945,8.663528,8.534017,8.363786,8.154551,7.909963,7.637293,7.347701,7.048116,6.742511
IIASA-WiC POP 2025,SSP1,1,Lebanon,million,Population,ANNUAL,,,,,,,,,,,,,,,,5.939671,6.202169,6.421673,6.596968,6.741227,6.841336,6.892653,6.902138,6.877633,6.827771,6.754524,6.659465,6.538042,6.387995,6.20588,5.988274
IIASA-WiC POP 2025,SSP1,1,Liberia,million,Population,ANNUAL,,,,,,,,,,,,,,,,5.653457,6.251622,6.80107,7.30851,7.788398,8.231747,8.610862,8.914997,9.157792,9.330809,9.441288,9.49217,9.492009,9.440047,9.335113,9.177196
IIASA-WiC POP 2025,SSP1,1,Libya,million,Population,ANNUAL,,,,,,,,,,,,,,,,7.042351,7.407582,7.726683,8.00803,8.253385,8.439525,8.556911,8.612316,8.620303,8.591436,8.539882,8.469328,8.380282,8.270174,8.131262,7.928301
IIASA-WiC POP 2025,SSP1,1,Saint Lucia,million,Population,ANNUAL,,,,,,,,,,,,,,,,0.180791,0.182472,0.182954,0.18223,0.180678,0.178417,0.175455,0.17176,0.16747,0.162768,0.157736,0.152389,0.146705,0.140639,0.13424,0.127574
IIASA-WiC POP 2025,SSP1,1,Sri Lanka,million,Population,ANNUAL,,,,,,,,,,,,,,,,22.224116,22.548063,22.728403,22.772888,22.711387,22.53658,22.252154,21.864039,21.41231,20.918066,20.384236,19.818568,19.226893,18.607371,17.951669,17.243287
IIASA-WiC POP 2025,SSP1,1,Lesotho,million,Population,ANNUAL,,,,,,,,,,,,,,,,2.348805,2.446167,2.521956,2.577601,2.619644,2.652642,2.661953,2.646598,2.613037,2.566632,2.510544,2.446753,2.376722,2.301751,2.222673,2.140187
IIASA-WiC POP 2025,SSP1,1,Lithuania,million,Population,ANNUAL,,,,,,,,,,,,,,,,2.725074,2.590675,2.466443,2.352062,2.250931,2.158473,2.067153,1.975569,1.890547,1.814035,1.746709,1.687479,1.633501,1.582305,1.533683,1.488603
IIASA-WiC POP 2025,SSP1,1,Luxembourg,million,Population,ANNUAL,,,,,,,,,,,,,,,,0.65515,0.677373,0.698363,0.718714,0.739563,0.761365,0.780361,0.795269,0.804466,0.808969,0.809876,0.807551,0.801373,0.790483,0.774817,0.755157
IIASA-WiC POP 2025,SSP1,1,Latvia,million,Population,ANNUAL,,,,,,,,,,,,,,,,1.836499,1.741238,1.65618,1.584044,1.524001,1.471657,1.421334,1.371891,1.324575,1.280439,1.239782,1.201946,1.165669,1.130372,1.09627,1.062824
IIASA-WiC POP 2025,SSP1,1,Macao,million,Population,ANNUAL,,,,,,,,,,,,,,,,0.698767,0.724151,0.745948,0.765598,0.78428,0.802102,0.814835,0.821772,0.821593,0.816337,0.806811,0.79216,0.770831,0.74196,0.70704,0.669639
IIASA-WiC POP 2025,SSP1,1,Morocco,million,Population,ANNUAL,,,,,,,,,,,,,,,,38.409478,39.796958,40.796023,41.434998,41.823292,41.967511,41.885966,41.565035,41.05883,40.364064,39.512587,38.537524,37.486082,36.375275,35.211712,33.980658
IIASA-WiC POP 2025,SSP1,1,Moldova,million,Population,ANNUAL,,,,,,,,,,,,,,,,3.054643,2.932516,2.809948,2.699784,2.603525,2.514415,2.424139,2.330512,2.238226,2.148305,2.061914,1.979861,1.903082,1.832914,1.769908,1.712251
IIASA-WiC POP 2025,SSP1,1,Madagascar,million,Population,ANNUAL,,,,,,,,,,,,,,,,31.357004,34.363991,36.974378,39.330892,41.582179,43.621312,45.318969,46.652473,47.652867,48.351066,48.754752,48.883367,48.755682,48.378483,47.770247,46.932408
IIASA-WiC POP 2025,SSP1,1,Maldives,million,Population,ANNUAL,,,,,,,,,,,,,,,,0.548228,0.578012,0.603053,0.625922,0.648213,0.668502,0.684731,0.695786,0.700729,0.70041,0.694603,0.682151,0.661397,0.631687,0.595196,0.557142
IIASA-WiC POP 2025,SSP1,1,Mexico,million,Population,ANNUAL,,,,,,,,,,,,,,,,130.41403,134.786361,138.151383,140.56184,142.278931,143.193562,143.328067,142.645962,141.354449,139.579426,137.408124,134.891935,132.032816,128.784389,125.089174,120.70188
IIASA-WiC POP 2025,SSP1,1,North Macedonia,million,Population,ANNUAL,,,,,,,,,,,,,,,,2.095603,2.105767,2.105694,2.095032,2.078099,2.057406,2.03391,2.006155,1.972565,1.93277,1.887729,1.838682,1.786913,1.733346,1.678228,1.620705
IIASA-WiC POP 2025,SSP1,1,Mali,million,Population,ANNUAL,,,,,,,,,,,,,,,,24.361669,27.593996,30.676634,33.628109,36.514339,39.181391,41.547235,43.526967,45.230085,46.663721,47.804295,48.668604,49.161607,49.28041,49.011118,48.424814
IIASA-WiC POP 2025,SSP1,1,Malta,million,Population,ANNUAL,,,,,,,,,,,,,,,,0.517403,0.522146,0.52343,0.522317,0.520963,0.520944,0.520487,0.518496,0.513644,0.505865,0.495154,0.481451,0.464684,0.444871,0.422814,0.400271
IIASA-WiC POP 2025,SSP1,1,Myanmar,million,Population,ANNUAL,,,,,,,,,,,,,,,,54.951374,55.89934,56.143566,55.846043,55.279068,54.474643,53.409671,52.072351,50.530855,48.808968,46.960189,45.044488,43.077236,41.081724,39.059247,37.032206
IIASA-WiC POP 2025,SSP1,1,Montenegro,million,Population,ANNUAL,,,,,,,,,,,,,,,,0.648657,0.642341,0.635942,0.630235,0.625292,0.620524,0.614957,0.607951,0.599681,0.590442,0.580429,0.569686,0.558177,0.545824,0.532487,0.517812
IIASA-WiC POP 2025,SSP1,1,Mongolia,million,Population,ANNUAL,,,,,,,,,,,,,,,,3.507299,3.695043,3.862085,4.013555,4.162721,4.297558,4.400561,4.46093,4.490355,4.493605,4.477959,4.449246,4.41089,4.363803,4.308829,4.240871
IIASA-WiC POP 2025,SSP1,1,Mozambique,million,Population,ANNUAL,,,,,,,,,,,,,,,,35.042684,39.017695,42.537654,45.834118,49.039366,52.086044,54.738142,56.923906,58.663512,59.986375,60.850142,61.28625,61.266504,60.850423,60.066065,58.933277
IIASA-WiC POP 2025,SSP1,1,Mauritania,million,Population,ANNUAL,,,,,,,,,,,,,,,,5.009208,5.519011,5.975419,6.389522,6.782913,7.138195,7.442895,7.687536,7.877758,8.012986,8.092145,8.116952,8.098024,8.037806,7.936443,7.794615
IIASA-WiC POP 2025,SSP1,1,Martinique,million,Population,ANNUAL,,,,,,,,,,,,,,,,0.366326,0.363515,0.360685,0.356439,0.350176,0.342052,0.332996,0.323741,0.315558,0.308753,0.303373,0.29936,0.296315,0.293632,0.290642,0.286655
IIASA-WiC POP 2025,SSP1,1,Mauritius,million,Population,ANNUAL,,,,,,,,,,,,,,,,1.29863,1.295994,1.285638,1.266509,1.241047,1.2104,1.17626,1.139603,1.101647,1.062563,1.022307,0.981071,0.939171,0.896387,0.85217,0.806385
IIASA-WiC POP 2025,SSP1,1,Malawi,million,Population,ANNUAL,,,,,,,,,,,,,,,,21.722635,24.283644,26.738955,29.054299,31.295034,33.407089,35.260756,36.822373,38.095063,39.088003,39.78081,40.186617,40.303527,40.174893,39.817383,39.239679
IIASA-WiC POP 2025,SSP1,1,Malaysia,million,Population,ANNUAL,,,,,,,,,,,,,,,,34.725784,36.16844,37.37913,38.349471,39.171432,39.837397,40.326151,40.591896,40.596689,40.357725,39.893377,39.213035,38.324413,37.247809,36.017112,34.656918
IIASA-WiC POP 2025,SSP1,1,Mayotte,million,Population,ANNUAL,,,,,,,,,,,,,,,,0.356558,0.413015,0.472176,0.534578,0.603248,0.676224,0.751465,0.827423,0.906176,0.988442,1.074903,1.165541,1.25969,1.356686,1.456581,1.559482
IIASA-WiC POP 2025,SSP1,1,Namibia,million,Population,ANNUAL,,,,,,,,,,,,,,,,2.679352,2.883561,3.05771,3.212957,3.357769,3.493612,3.600428,3.671354,3.71506,3.733089,3.731767,3.713276,3.678327,3.627281,3.560524,3.480844
IIASA-WiC POP 2025,SSP1,1,New Caledonia,million,Population,ANNUAL,,,,,,,,,,,,,,,,0.299259,0.310698,0.320545,0.329298,0.337101,0.343545,0.348417,0.351483,0.352789,0.352623,0.351371,0.3492,0.346063,0.341931,0.336815,0.330728
IIASA-WiC POP 2025,SSP1,1,Niger,million,Population,ANNUAL,,,,,,,,,,,,,,,,28.709716,33.384236,38.016441,42.789409,47.817309,52.895028,57.778103,62.319906,66.504228,70.28899,73.660809,76.516333,78.856494,80.584273,81.654948,82.021014
IIASA-WiC POP 2025,SSP1,1,Nigeria,million,Population,ANNUAL,,,,,,,,,,,,,,,,232.14437,256.757745,281.189423,305.787451,331.339967,356.547666,379.835556,400.693895,419.446183,435.975954,450.302631,462.144321,470.976455,476.722714,479.04832,478.207181
IIASA-WiC POP 2025,SSP1,1,Nicaragua,million,Population,ANNUAL,,,,,,,,,,,,,,,,7.160782,7.50112,7.75589,7.938071,8.064899,8.137894,8.158701,8.120963,8.044189,7.928947,7.783351,7.611316,7.419311,7.209761,6.98629,6.750694
IIASA-WiC POP 2025,SSP1,1,Netherlands,million,Population,ANNUAL,,,,,,,,,,,,,,,,17.582513,17.739295,17.86152,17.930861,17.967886,17.99853,17.99154,17.950179,17.886858,17.823185,17.768253,17.606501,17.331633,16.89563,16.351958,15.758071
IIASA-WiC POP 2025,SSP1,1,Norway,million,Population,ANNUAL,,,,,,,,,,,,,,,,5.506107,5.629341,5.751916,5.871701,5.992783,6.120157,6.226332,6.312574,6.378405,6.430462,6.471522,6.486234,6.443969,6.338394,6.185259,6.011754
IIASA-WiC POP 2025,SSP1,1,Nepal,million,Population,ANNUAL,,,,,,,,,,,,,,,,30.601911,31.717482,32.436904,32.856917,33.115024,33.194167,33.074959,32.751369,32.317637,31.787053,31.166483,30.46008,29.664725,28.785053,27.829719,26.819862
IIASA-WiC POP 2025,SSP1,1,New Zealand,million,Population,ANNUAL,,,,,,,,,,,,,,,,5.179058,5.320924,5.447932,5.561609,5.668502,5.766338,5.842552,5.897052,5.930967,5.949502,5.954284,5.942782,5.908944,5.845956,5.751826,5.631918
IIASA-WiC POP 2025,SSP1,1,Oman,million,Population,ANNUAL,,,,,,,,,,,,,,,,4.991532,5.325311,5.598497,5.828869,6.048954,6.2497,6.405442,6.496391,6.516018,6.466591,6.354761,6.192981,5.99344,5.778988,5.575185,5.396678
IIASA-WiC POP 2025,SSP1,1,Pakistan,million,Population,ANNUAL,,,,,,,,,,,,,,,,248.722589,270.379793,290.328794,308.141721,324.803627,340.033993,352.80931,362.836362,370.290081,375.469414,378.463039,379.296617,378.227863,375.492955,371.239448,365.693999
IIASA-WiC POP 2025,SSP1,1,Panama,million,Population,ANNUAL,,,,,,,,,,,,,,,,4.540154,4.768106,4.958223,5.106899,5.227488,5.311041,5.361907,5.381076,5.373671,5.343232,5.288875,5.216603,5.125135,5.016595,4.89008,4.743182
IIASA-WiC POP 2025,SSP1,1,Peru,million,Population,ANNUAL,,,,,,,,,,,,,,,,34.546824,35.780163,36.690572,37.272637,37.648784,37.806371,37.75248,37.469074,36.996416,36.356925,35.583872,34.708515,33.748803,32.713685,31.608716,30.435256
IIASA-WiC POP 2025,SSP1,1,Philippines,million,Population,ANNUAL,,,,,,,,,,,,,,,,119.754409,127.021737,133.166477,138.164491,142.383416,145.637191,147.792257,148.77134,148.906158,148.330488,147.086352,145.267955,142.819475,139.78721,136.256665,132.306753
IIASA-WiC POP 2025,SSP1,1,Papua New Guinea,million,Population,ANNUAL,,,,,,,,,,,,,,,,10.657199,11.500259,12.221821,12.845031,13.397061,13.860924,14.209674,14.441339,14.543818,14.541248,14.445802,14.264817,13.993586,13.637439,13.19958,12.690573
IIASA-WiC POP 2025,SSP1,1,Poland,million,Population,ANNUAL,,,,,,,,,,,,,,,,39.009959,38.278983,37.53603,36.8185,36.143635,35.520258,34.841508,34.107784,33.315232,32.456042,31.527546,30.546633,29.545099,28.5625,27.634333,26.778321
IIASA-WiC POP 2025,SSP1,1,Puerto Rico,million,Population,ANNUAL,,,,,,,,,,,,,,,,3.109319,2.951109,2.79704,2.647557,2.505841,2.374923,2.250188,2.133267,2.027755,1.932792,1.846371,1.76581,1.688371,1.611794,1.533985,1.453191
IIASA-WiC POP 2025,SSP1,1,North Korea,million,Population,ANNUAL,,,,,,,,,,,,,,,,26.39872,26.538501,26.400092,26.126959,25.771989,25.370886,24.892217,24.243417,23.470171,22.668591,21.896443,21.153864,20.401906,19.603847,18.765002,17.923468
IIASA-WiC POP 2025,SSP1,1,Portugal,million,Population,ANNUAL,,,,,,,,,,,,,,,,10.196377,10.092155,10.006442,9.92606,9.848915,9.770063,9.675488,9.55997,9.419493,9.262347,9.093409,8.915522,8.721845,8.48333,8.217669,7.906083
IIASA-WiC POP 2025,SSP1,1,Paraguay,million,Population,ANNUAL,,,,,,,,,,,,,,,,7.003398,7.363944,7.639906,7.85215,8.011109,8.115728,8.156684,8.141016,8.088488,8.002446,7.885123,7.735447,7.558592,7.358474,7.142382,6.911405
IIASA-WiC POP 2025,SSP1,1,Palestine,million,Population,ANNUAL,,,,,,,,,,,,,,,,5.559569,6.082986,6.550913,6.959261,7.329014,7.651066,7.899893,8.073758,8.19236,8.265153,8.30692,8.32305,8.310929,8.275466,8.213706,8.13061
IIASA-WiC POP 2025,SSP1,1,French Polynesia,million,Population,ANNUAL,,,,,,,,,,,,,,,,0.310863,0.31982,0.326921,0.332142,0.335562,0.337071,0.336141,0.333165,0.329117,0.324362,0.319099,0.313333,0.307012,0.300383,0.29379,0.287395
IIASA-WiC POP 2025,SSP1,1,Qatar,million,Population,ANNUAL,,,,,,,,,,,,,,,,3.125791,3.396325,3.653219,3.902931,4.148192,4.377004,4.579102,4.745501,4.849267,4.888372,4.860342,4.76451,4.603995,4.393024,4.158347,3.926552
IIASA-WiC POP 2025,SSP1,1,R??union,million,Population,ANNUAL,,,,,,,,,,,,,,,,1.000816,1.037976,1.06836,1.095016,1.117618,1.134923,1.146915,1.153485,1.156334,1.157289,1.157745,1.157726,1.156695,1.15348,1.147098,1.136334
IIASA-WiC POP 2025,SSP1,1,Romania,million,Population,ANNUAL,,,,,,,,,,,,,,,,18.885716,18.349485,17.783467,17.226186,16.678488,16.133328,15.58295,15.000739,14.392752,13.779823,13.199365,12.670643,12.190925,11.751994,11.350122,10.964595
IIASA-WiC POP 2025,SSP1,1,Russian Federation,million,Population,ANNUAL,,,,,,,,,,,,,,,,145.394341,143.75701,142.275881,141.170288,140.513671,140.044126,139.276146,138.110983,136.530278,134.634876,132.506856,130.190299,127.721336,125.194725,122.697714,120.137533
IIASA-WiC POP 2025,SSP1,1,Rwanda,million,Population,ANNUAL,,,,,,,,,,,,,,,,14.570678,16.049645,17.37042,18.567437,19.705149,20.793839,21.72566,22.469492,23.014709,23.374417,23.554091,23.574527,23.470676,23.254411,22.917835,22.461518
IIASA-WiC POP 2025,SSP1,1,Saudi Arabia,million,Population,ANNUAL,,,,,,,,,,,,,,,,39.22019,41.64828,43.692368,45.369583,46.750684,47.794325,48.466622,48.723128,48.533313,47.947315,47.064212,46.015338,44.896997,43.724514,42.454722,41.070335
IIASA-WiC POP 2025,SSP1,1,Sudan,million,Population,ANNUAL,,,,,,,,,,,,,,,,49.751585,55.214772,60.215778,64.850371,69.363907,73.665974,77.550285,80.880338,83.627275,85.760212,87.269048,88.301414,88.810296,88.886828,88.526677,87.748626
IIASA-WiC POP 2025,SSP1,1,Senegal,million,Population,ANNUAL,,,,,,,,,,,,,,,,18.370559,20.281565,22.03776,23.67987,25.290324,26.783805,28.066278,29.108157,29.945997,30.591448,31.05904,31.341332,31.429319,31.344712,31.096498,30.685123
IIASA-WiC POP 2025,SSP1,1,Singapore,million,Population,ANNUAL,,,,,,,,,,,,,,,,6.10754,6.303099,6.461458,6.580965,6.670599,6.738759,6.774057,6.775067,6.728164,6.643626,6.527368,6.38025,6.198853,5.978933,5.719569,5.424925
IIASA-WiC POP 2025,SSP1,1,Solomon Islands,million,Population,ANNUAL,,,,,,,,,,,,,,,,0.768195,0.841411,0.906185,0.965067,1.019692,1.06685,1.104614,1.132372,1.152428,1.163769,1.167817,1.164479,1.155211,1.140088,1.119031,1.091571
IIASA-WiC POP 2025,SSP1,1,Sierra Leone,million,Population,ANNUAL,,,,,,,,,,,,,,,,9.070178,9.851229,10.523883,11.099353,11.604349,12.017615,12.315424,12.487252,12.552046,12.517814,12.388435,12.180247,11.902128,11.55731,11.155735,10.707142
IIASA-WiC POP 2025,SSP1,1,El Salvador,million,Population,ANNUAL,,,,,,,,,,,,,,,,6.373114,6.411143,6.387956,6.318073,6.222239,6.097281,5.943233,5.760777,5.572401,5.380597,5.187603,4.992698,4.795691,4.595135,4.391813,4.190176
IIASA-WiC POP 2025,SSP1,1,Somalia,million,Population,ANNUAL,,,,,,,,,,,,,,,,19.02004,21.584462,24.014723,26.424302,28.926831,31.398614,33.648509,35.543157,37.190362,38.640812,39.907021,40.953319,41.720677,42.190363,42.346415,42.249088
IIASA-WiC POP 2025,SSP1,1,Serbia,million,Population,ANNUAL,,,,,,,,,,,,,,,,7.153957,7.063187,6.971211,6.873398,6.782844,6.70146,6.624658,6.541765,6.438951,6.317041,6.182087,6.040555,5.896005,5.747515,5.592235,5.425666
IIASA-WiC POP 2025,SSP1,1,South Sudan,million,Population,ANNUAL,,,,,,,,,,,,,,,,11.082318,11.506551,11.866852,12.139973,12.288312,12.267416,12.111125,11.86514,11.622511,11.385232,11.135878,10.861557,10.566573,10.259043,9.945894,9.640936
IIASA-WiC POP 2025,SSP1,1,Sao Tome and Principe,million,Population,ANNUAL,,,,,,,,,,,,,,,,0.237482,0.255258,0.270403,0.282944,0.293754,0.302026,0.307197,0.3095,0.309764,0.308051,0.30477,0.300457,0.295262,0.288983,0.281453,0.27275
IIASA-WiC POP 2025,SSP1,1,Suriname,million,Population,ANNUAL,,,,,,,,,,,,,,,,0.633338,0.657678,0.676226,0.689594,0.699474,0.705573,0.707599,0.705415,0.699992,0.692176,0.682458,0.670931,0.657757,0.642572,0.625561,0.60661
IIASA-WiC POP 2025,SSP1,1,Slovakia,million,Population,ANNUAL,,,,,,,,,,,,,,,,5.501991,5.47124,5.420632,5.357115,5.292658,5.22818,5.158553,5.076512,4.977641,4.862881,4.736954,4.607165,4.479188,4.354464,4.233423,4.116357
IIASA-WiC POP 2025,SSP1,1,Slovenia,million,Population,ANNUAL,,,,,,,,,,,,,,,,2.114577,2.107986,2.098768,2.088963,2.079724,2.068242,2.05168,2.02933,2.000838,1.968479,1.933571,1.895836,1.854653,1.810152,1.7632,1.713961
IIASA-WiC POP 2025,SSP1,1,Sweden,million,Population,ANNUAL,,,,,,,,,,,,,,,,10.56977,10.784797,10.989356,11.202456,11.446812,11.723844,11.978897,12.196517,12.369836,12.515311,12.640718,12.728512,12.69743,12.520659,12.243742,11.953534
IIASA-WiC POP 2025,SSP1,1,Eswatini,million,Population,ANNUAL,,,,,,,,,,,,,,,,1.230944,1.284395,1.324117,1.351873,1.371983,1.384328,1.382091,1.365708,1.342622,1.313913,1.280161,1.241892,1.199978,1.155596,1.109301,1.061691
IIASA-WiC POP 2025,SSP1,1,Seychelles,million,Population,ANNUAL,,,,,,,,,,,,,,,,0.109057,0.112265,0.114634,0.116127,0.116899,0.116955,0.116285,0.114942,0.113088,0.110778,0.108115,0.105154,0.101925,0.098501,0.09486,0.090977
IIASA-WiC POP 2025,SSP1,1,Syria,million,Population,ANNUAL,,,,,,,,,,,,,,,,22.104625,23.632679,25.115747,26.408066,27.484659,28.300409,28.917102,29.372191,29.725425,29.979835,30.136003,30.189917,30.135476,29.972938,29.6464,28.865406
IIASA-WiC POP 2025,SSP1,1,Chad,million,Population,ANNUAL,,,,,,,,,,,,,,,,19.219191,21.762287,24.168372,26.550634,28.953063,31.269325,33.401817,35.29087,36.965461,38.388704,39.569671,40.467144,41.107071,41.425996,41.40504,41.064358
IIASA-WiC POP 2025,SSP1,1,Togo,million,Population,ANNUAL,,,,,,,,,,,,,,,,9.354153,10.227291,10.997742,11.686392,12.325563,12.881121,13.330051,13.654326,13.88699,14.015609,14.054035,13.999779,13.867458,13.663263,13.391046,13.055447
IIASA-WiC POP 2025,SSP1,1,Thailand,million,Population,ANNUAL,,,,,,,,,,,,,,,,72.030014,72.082022,71.577807,70.525886,69.067247,67.20446,64.996657,62.54087,59.935142,57.264579,54.565956,51.860393,49.13359,46.390513,43.637772,40.91181
IIASA-WiC POP 2025,SSP1,1,Tajikistan,million,Population,ANNUAL,,,,,,,,,,,,,,,,10.416997,11.217097,11.941241,12.597152,13.192462,13.648061,13.95236,14.122733,14.211045,14.225908,14.163911,14.024769,13.826433,13.581577,13.302525,12.986623
IIASA-WiC POP 2025,SSP1,1,Turkmenistan,million,Population,ANNUAL,,,,,,,,,,,,,,,,6.714457,7.089462,7.391746,7.647655,7.882216,8.075372,8.196227,8.24193,8.228012,8.175289,8.094965,7.988959,7.857229,7.70229,7.528743,7.33652
IIASA-WiC POP 2025,SSP1,1,Timor-Leste,million,Population,ANNUAL,,,,,,,,,,,,,,,,1.393823,1.484918,1.563855,1.62728,1.678391,1.71688,1.740413,1.747225,1.741186,1.724909,1.699017,1.663906,1.618353,1.563245,1.501196,1.435646
IIASA-WiC POP 2025,SSP1,1,Tonga,million,Population,ANNUAL,,,,,,,,,,,,,,,,0.107989,0.109602,0.110253,0.110132,0.109387,0.107967,0.105709,0.102607,0.099509,0.096651,0.094147,0.091943,0.089991,0.08818,0.086478,0.084838
IIASA-WiC POP 2025,SSP1,1,Trinidad and Tobago,million,Population,ANNUAL,,,,,,,,,,,,,,,,1.527884,1.528289,1.518921,1.501134,1.478392,1.449513,1.414933,1.374839,1.331573,1.285699,1.237623,1.187707,1.137893,1.090046,1.04465,1.001093
IIASA-WiC POP 2025,SSP1,1,Tunisia,million,Population,ANNUAL,,,,,,,,,,,,,,,,12.623486,12.996245,13.228435,13.364201,13.456924,13.498494,13.463212,13.338375,13.137281,12.877323,12.578646,12.254576,11.913043,11.560559,11.203793,10.842353
IIASA-WiC POP 2025,SSP1,1,Turkey,million,Population,ANNUAL,,,,,,,,,,,,,,,,87.089009,89.834474,91.968827,93.641472,94.890987,95.627233,95.814243,95.380308,94.449671,93.129695,91.47966,89.564354,87.436111,85.144315,82.729587,80.225161
IIASA-WiC POP 2025,SSP1,1,Taiwan,million,Population,ANNUAL,,,,,,,,,,,,,,,,23.475315,23.12064,22.62972,21.990587,21.248262,20.44859,19.558718,18.624264,17.694038,16.761718,15.821966,14.906139,14.043707,13.256219,12.546411,11.904173
IIASA-WiC POP 2025,SSP1,1,Tanzania,million,Population,ANNUAL,,,,,,,,,,,,,,,,70.254303,79.320562,87.858902,96.113015,104.41217,112.553832,119.822639,126.136914,131.579019,136.130499,139.94297,142.845968,144.748741,145.677042,145.741269,145.007281
IIASA-WiC POP 2025,SSP1,1,Uganda,million,Population,ANNUAL,,,,,,,,,,,,,,,,50.77312,57.728082,64.377409,70.735418,77.065954,83.254347,88.744568,93.514588,97.645925,101.224356,104.088604,106.203903,107.543548,108.147467,108.132232,107.555576
IIASA-WiC POP 2025,SSP1,1,Ukraine,million,Population,ANNUAL,,,,,,,,,,,,,,,,36.391202,37.057297,37.178792,36.857905,36.252371,35.523967,34.715812,33.867613,32.96874,32.028309,31.060545,30.075642,29.085085,28.110722,27.169391,26.242809
IIASA-WiC POP 2025,SSP1,1,Uruguay,million,Population,ANNUAL,,,,,,,,,,,,,,,,3.411022,3.391431,3.361985,3.321683,3.273501,3.213983,3.141776,3.057714,2.96683,2.871167,2.771334,2.667268,2.558561,2.444292,2.323325,2.193982
IIASA-WiC POP 2025,SSP1,1,United States,million,Population,ANNUAL,,,,,,,,,,,,,,,,341.969466,349.854078,357.408128,364.474551,370.993409,376.957725,381.636474,385.445913,388.592321,391.391369,393.73902,395.210785,395.296066,393.655045,390.205799,384.275727
IIASA-WiC POP 2025,SSP1,1,Uzbekistan,million,Population,ANNUAL,,,,,,,,,,,,,,,,36.057826,38.239746,40.049337,41.625794,43.098299,44.319692,45.104994,45.451831,45.48878,45.315999,44.958442,44.414295,43.705404,42.887143,42.013023,41.074864
IIASA-WiC POP 2025,SSP1,1,Saint Vincent and the Grenadines,million,Population,ANNUAL,,,,,,,,,,,,,,,,0.101993,0.100247,0.097992,0.095398,0.092642,0.089578,0.086198,0.082628,0.079202,0.075991,0.072969,0.070124,0.067391,0.064792,0.06226,0.059799
IIASA-WiC POP 2025,SSP1,1,Venezuela,million,Population,ANNUAL,,,,,,,,,,,,,,,,29.785672,30.846383,31.707844,32.319289,32.741699,32.963736,33.013795,32.912369,32.688184,32.371018,31.977659,31.515155,30.988602,30.387478,29.683454,28.739258
IIASA-WiC POP 2025,SSP1,1,United States Virgin Islands,million,Population,ANNUAL,,,,,,,,,,,,,,,,0.098266,0.096103,0.093902,0.091766,0.089932,0.088373,0.08689,0.085426,0.08401,0.082659,0.081388,0.080164,0.078836,0.077332,0.075415,0.072929
IIASA-WiC POP 2025,SSP1,1,Viet Nam,million,Population,ANNUAL,,,,,,,,,,,,,,,,99.80721,102.259202,103.717756,104.429562,104.67313,104.485234,103.807557,102.510628,100.645288,98.326172,95.685253,92.819276,89.769649,86.54337,83.163212,79.676922
IIASA-WiC POP 2025,SSP1,1,Vanuatu,million,Population,ANNUAL,,,,,,,,,,,,,,,,0.343505,0.373586,0.40059,0.425153,0.448495,0.469157,0.485887,0.498642,0.508009,0.514243,0.517524,0.518532,0.517584,0.514719,0.51002,0.50302
IIASA-WiC POP 2025,SSP1,1,Samoa,million,Population,ANNUAL,,,,,,,,,,,,,,,,0.226676,0.236132,0.242839,0.24719,0.250246,0.251551,0.250498,0.247105,0.24322,0.239099,0.235133,0.231584,0.228408,0.225418,0.222586,0.219804
IIASA-WiC POP 2025,SSP1,1,Yemen,million,Population,ANNUAL,,,,,,,,,,,,,,,,35.731379,39.133413,42.148227,44.791401,47.226586,49.341605,51.03471,52.290491,53.124553,53.509593,53.485639,53.145555,52.566545,51.770439,50.751777,49.498103
IIASA-WiC POP 2025,SSP1,1,South Africa,million,Population,ANNUAL,,,,,,,,,,,,,,,,60.833813,63.379837,65.354996,66.792067,67.866998,68.642004,68.888913,68.615512,67.912689,66.805152,65.335704,63.509963,61.404261,59.096465,56.659917,54.118256
IIASA-WiC POP 2025,SSP1,1,Zambia,million,Population,ANNUAL,,,,,,,,,,,,,,,,21.313458,23.809403,26.113255,28.275072,30.36145,32.328862,34.025126,35.429785,36.533366,37.350315,37.854338,38.072542,38.041363,37.768088,37.245196,36.486249
IIASA-WiC POP 2025,SSP1,1,Zimbabwe,million,Population,ANNUAL,,,,,,,,,,,,,,,,16.972672,18.312779,19.491287,20.505103,21.424484,22.22232,22.804321,23.142933,23.303897,23.311123,23.225227,23.064212,22.826704,22.491543,22.064297,21.550869
IIASA-WiC POP 2025,SSP1,1,Kosovo,million,Population,ANNUAL,,,,,,,,,,,,,,,,1.774432,1.813926,1.850601,1.876316,1.887982,1.884077,1.867323,1.841813,1.812819,1.780968,1.74526,1.704548,1.657949,1.605404,1.54776,1.484927
IIASA-WiC POP 2025,SSP2,1,Aruba,million,Population,ANNUAL,,,,,,,,,,,,,,,,0.1088,0.111126,0.113363,0.115545,0.117614,0.119487,0.121398,0.123515,0.125498,0.127347,0.128874,0.129884,0.130313,0.130157,0.129399,0.127998
IIASA-WiC POP 2025,SSP2,1,Afghanistan,million,Population,ANNUAL,,,,,,,,,,,,,,,,44.166205,50.404898,56.794686,63.205115,69.520805,75.629517,81.399661,86.730665,91.56453,95.746831,99.234569,101.88985,103.726645,104.996925,105.805577,106.148437
IIASA-WiC POP 2025,SSP2,1,Angola,million,Population,ANNUAL,,,,,,,,,,,,,,,,38.360074,44.111332,50.168419,56.45312,62.76542,69.004102,75.038615,80.853055,86.2623,91.118745,95.408171,98.972231,101.726409,103.616542,104.904692,105.651091
IIASA-WiC POP 2025,SSP2,1,Albania,million,Population,ANNUAL,,,,,,,,,,,,,,,,2.793087,2.71576,2.616294,2.504241,2.38716,2.269995,2.155432,2.045057,1.946125,1.857219,1.775682,1.699086,1.626161,1.556382,1.49259,1.43782
IIASA-WiC POP 2025,SSP2,1,United Arab Emirates,million,Population,ANNUAL,,,,,,,,,,,,,,,,9.79243,10.288551,10.708719,11.065265,11.384253,11.67033,11.884075,11.990057,11.938381,11.732477,11.398116,10.984935,10.552759,10.147997,9.797455,9.479616
IIASA-WiC POP 2025,SSP2,1,Argentina,million,Population,ANNUAL,,,,,,,,,,,,,,,,46.045355,47.232673,48.326453,49.306325,50.123194,50.764052,51.226796,51.456523,51.491361,51.360888,51.077151,50.646624,50.080021,49.397081,48.61803,47.773228
IIASA-WiC POP 2025,SSP2,1,Armenia,million,Population,ANNUAL,,,,,,,,,,,,,,,,2.762253,2.719485,2.666604,2.613293,2.563119,2.513745,2.46385,2.413512,2.367791,2.325895,2.286289,2.2477,2.211226,2.180512,2.15766,2.140859
IIASA-WiC POP 2025,SSP2,1,Antigua and Barbuda,million,Population,ANNUAL,,,,,,,,,,,,,,,,0.095485,0.098168,0.1004,0.102107,0.103252,0.103921,0.104184,0.104229,0.10396,0.103388,0.102511,0.101266,0.099632,0.097637,0.095316,0.092668
IIASA-WiC POP 2025,SSP2,1,Australia,million,Population,ANNUAL,,,,,,,,,,,,,,,,26.559259,27.538454,28.449554,29.31123,30.162385,31.02957,31.839772,32.593201,33.248814,33.818297,34.299869,34.677389,34.922114,35.031327,35.032048,34.954413
IIASA-WiC POP 2025,SSP2,1,Austria,million,Population,ANNUAL,,,,,,,,,,,,,,,,9.044223,9.10496,9.150989,9.18942,9.230788,9.267935,9.284005,9.282042,9.263288,9.242104,9.214393,9.165633,9.088465,8.987512,8.871096,8.744551
IIASA-WiC POP 2025,SSP2,1,Azerbaijan,million,Population,ANNUAL,,,,,,,,,,,,,,,,10.492942,10.730317,10.945605,11.106106,11.178221,11.173076,11.120053,11.043248,10.943386,10.813613,10.652096,10.464247,10.267939,10.072462,9.881732,9.686536
IIASA-WiC POP 2025,SSP2,1,Burundi,million,Population,ANNUAL,,,,,,,,,,,,,,,,13.674842,15.345204,17.091247,18.881577,20.640486,22.306537,23.822967,25.175601,26.386436,27.443202,28.341675,29.051495,29.552785,29.892732,30.095578,30.180685
IIASA-WiC POP 2025,SSP2,1,Belgium,million,Population,ANNUAL,,,,,,,,,,,,,,,,11.692354,11.810999,11.936622,12.070333,12.205234,12.337609,12.438573,12.522916,12.594302,12.66175,12.722815,12.762943,12.769996,12.742495,12.688454,12.612312
IIASA-WiC POP 2025,SSP2,1,Benin,million,Population,ANNUAL,,,,,,,,,,,,,,,,14.28294,16.189478,18.151696,20.153844,22.154872,24.129548,26.023801,27.783937,29.443878,30.950814,32.309111,33.444377,34.377082,35.08657,35.624343,36.018023
IIASA-WiC POP 2025,SSP2,1,Burkina Faso,million,Population,ANNUAL,,,,,,,,,,,,,,,,24.191297,27.355589,30.683232,34.13178,37.602792,40.99897,44.19106,47.176975,49.978066,52.577662,54.946864,57.007721,58.69681,60.027141,61.094465,61.988166
IIASA-WiC POP 2025,SSP2,1,Bangladesh,million,Population,ANNUAL,,,,,,,,,,,,,,,,175.53052,183.379034,189.557256,194.17533,197.367556,199.30763,200.139551,199.810271,198.444362,196.150822,193.104041,189.479323,185.365025,180.874865,176.146142,171.459512
IIASA-WiC POP 2025,SSP2,1,Bulgaria,million,Population,ANNUAL,,,,,,,,,,,,,,,,6.678252,6.424437,6.183804,5.958433,5.749765,5.560353,5.383214,5.212678,5.046151,4.885448,4.733323,4.596964,4.478359,4.377896,4.289532,4.201519
IIASA-WiC POP 2025,SSP2,1,Bahrain,million,Population,ANNUAL,,,,,,,,,,,,,,,,1.624196,1.7446,1.856733,1.963182,2.062126,2.150258,2.221968,2.275542,2.303701,2.308108,2.291762,2.259214,2.217461,2.172906,2.127578,2.077855
IIASA-WiC POP 2025,SSP2,1,Bahamas,million,Population,ANNUAL,,,,,,,,,,,,,,,,0.415502,0.425291,0.433818,0.440313,0.444626,0.44698,0.44754,0.446748,0.444722,0.441719,0.437708,0.432478,0.425929,0.418124,0.409315,0.399898
IIASA-WiC POP 2025,SSP2,1,Bosnia and Herzegovina,million,Population,ANNUAL,,,,,,,,,,,,,,,,3.181,3.063396,2.937883,2.807735,2.678244,2.553582,2.436422,2.326878,2.227249,2.135923,2.051391,1.974061,1.903558,1.839781,1.781348,1.726457
IIASA-WiC POP 2025,SSP2,1,Belarus,million,Population,ANNUAL,,,,,,,,,,,,,,,,9.3946,9.219073,9.05264,8.905781,8.780225,8.661805,8.534381,8.400571,8.261851,8.124662,7.98996,7.855666,7.722287,7.591143,7.458736,7.315066
IIASA-WiC POP 2025,SSP2,1,Belize,million,Population,ANNUAL,,,,,,,,,,,,,,,,0.423846,0.454772,0.482488,0.506762,0.528407,0.547826,0.564965,0.57977,0.591552,0.60022,0.605568,0.608051,0.607941,0.605527,0.601198,0.595179
IIASA-WiC POP 2025,SSP2,1,Bolivia,million,Population,ANNUAL,,,,,,,,,,,,,,,,12.620088,13.442415,14.20986,14.888473,15.480678,15.962025,16.325971,16.590113,16.779456,16.898663,16.954249,16.934295,16.852422,16.718745,16.546344,16.342681
IIASA-WiC POP 2025,SSP2,1,Brazil,million,Population,ANNUAL,,,,,,,,,,,,,,,,217.546263,222.202702,225.638046,227.778572,228.511707,228.019021,226.386719,223.785749,220.287409,216.021172,211.086811,205.58006,199.812964,193.960754,188.202978,182.641967
IIASA-WiC POP 2025,SSP2,1,Barbados,million,Population,ANNUAL,,,,,,,,,,,,,,,,0.282601,0.284133,0.284686,0.284119,0.282676,0.280557,0.278311,0.27636,0.274471,0.272574,0.270627,0.268521,0.266086,0.26338,0.260392,0.256959
IIASA-WiC POP 2025,SSP2,1,Brunei Darussalam,million,Population,ANNUAL,,,,,,,,,,,,,,,,0.461429,0.480438,0.497018,0.511413,0.523616,0.533408,0.540493,0.545171,0.547223,0.54733,0.546109,0.543947,0.54113,0.537811,0.534048,0.529533
IIASA-WiC POP 2025,SSP2,1,Bhutan,million,Population,ANNUAL,,,,,,,,,,,,,,,,0.797744,0.822878,0.843781,0.859476,0.8691,0.872703,0.870802,0.86385,0.851402,0.833383,0.810229,0.783279,0.753895,0.723959,0.69427,0.665302
IIASA-WiC POP 2025,SSP2,1,Botswana,million,Population,ANNUAL,,,,,,,,,,,,,,,,2.7334,2.932271,3.115001,3.276953,3.415313,3.521001,3.592821,3.638359,3.660913,3.663022,3.647666,3.612933,3.563241,3.496744,3.418616,3.330803
IIASA-WiC POP 2025,SSP2,1,Central African Republic,million,Population,ANNUAL,,,,,,,,,,,,,,,,6.099845,7.040411,8.039984,9.057122,10.072094,11.084846,12.068675,13.010011,13.906574,14.746759,15.516339,16.2036,16.806025,17.303916,17.70446,18.036624
IIASA-WiC POP 2025,SSP2,1,Canada,million,Population,ANNUAL,,,,,,,,,,,,,,,,38.636151,39.42825,40.16366,40.833279,41.468949,42.129846,42.693021,43.22481,43.716559,44.179473,44.564342,44.820852,44.915124,44.843715,44.636282,44.329622
IIASA-WiC POP 2025,SSP2,1,Switzerland,million,Population,ANNUAL,,,,,,,,,,,,,,,,8.846489,9.013775,9.16651,9.316875,9.479105,9.660244,9.823252,9.962263,10.070907,10.166592,10.253735,10.324666,10.370656,10.389361,10.382774,10.352633
IIASA-WiC POP 2025,SSP2,1,Chile,million,Population,ANNUAL,,,,,,,,,,,,,,,,19.581699,19.951504,20.229859,20.399154,20.463541,20.446031,20.338493,20.141394,19.865388,19.525643,19.123639,18.664533,18.153573,17.605202,17.043479,16.495019
IIASA-WiC POP 2025,SSP2,1,China,million,Population,ANNUAL,,,,,,,,,,,,,,,,1426.368117,1416.2883,1398.752831,1375.470594,1345.026235,1305.494312,1256.943118,1202.484451,1145.999896,1090.825462,1037.811768,985.691249,934.615516,886.419205,841.822718,799.293869
IIASA-WiC POP 2025,SSP2,1,lvory Coast,million,Population,ANNUAL,,,,,,,,,,,,,,,,29.762711,33.081148,36.37045,39.549567,42.561807,45.341135,47.870643,50.091173,52.031342,53.68187,54.997206,55.959813,56.682705,57.219212,57.576886,57.742643
IIASA-WiC POP 2025,SSP2,1,Cameroon,million,Population,ANNUAL,,,,,,,,,,,,,,,,29.624897,33.20158,36.783255,40.325966,43.796998,47.106459,50.197646,52.974633,55.420069,57.542467,59.194539,60.459667,61.309532,61.818186,62.047847,62.018682
IIASA-WiC POP 2025,SSP2,1,Democratic Republic of the Congo,million,Population,ANNUAL,,,,,,,,,,,,,,,,107.546464,125.553895,144.880945,165.366723,186.699283,208.432325,230.075622,251.295331,271.638451,290.883003,308.734409,324.75403,338.733313,349.99416,358.596096,364.570187
IIASA-WiC POP 2025,SSP2,1,Congo,million,Population,ANNUAL,,,,,,,,,,,,,,,,6.343255,7.073607,7.820291,8.561846,9.275727,9.952298,10.572728,11.126028,11.622917,12.046334,12.377795,12.622948,12.797067,12.905566,12.950075,12.933707
IIASA-WiC POP 2025,SSP2,1,Colombia,million,Population,ANNUAL,,,,,,,,,,,,,,,,52.418442,54.19397,55.598629,56.627229,57.268556,57.579111,57.625375,57.430234,57.016023,56.402004,55.56694,54.523754,53.341244,52.078446,50.811379,49.605796
IIASA-WiC POP 2025,SSP2,1,Comoros,million,Population,ANNUAL,,,,,,,,,,,,,,,,0.880919,0.963389,1.043447,1.121012,1.194963,1.2637,1.324801,1.376136,1.4196,1.452784,1.477643,1.493365,1.50281,1.507245,1.506829,1.501368
IIASA-WiC POP 2025,SSP2,1,Cabo Verde,million,Population,ANNUAL,,,,,,,,,,,,,,,,0.608115,0.634215,0.655469,0.672706,0.685557,0.694171,0.698473,0.698926,0.696378,0.690961,0.682609,0.671922,0.659336,0.645814,0.632581,0.620359
IIASA-WiC POP 2025,SSP2,1,Costa Rica,million,Population,ANNUAL,,,,,,,,,,,,,,,,5.256994,5.409813,5.539,5.641293,5.713999,5.753852,5.76518,5.752834,5.718789,5.6639,5.584714,5.481452,5.357346,5.220189,5.07749,4.934014
IIASA-WiC POP 2025,SSP2,1,Cuba,million,Population,ANNUAL,,,,,,,,,,,,,,,,11.211281,11.144802,11.036291,10.889173,10.69919,10.473166,10.208075,9.920384,9.630051,9.362025,9.119697,8.898889,8.679208,8.460861,8.245494,8.046012
IIASA-WiC POP 2025,SSP2,1,Cura??ao,million,Population,ANNUAL,,,,,,,,,,,,,,,,0.19498,0.201431,0.207505,0.213146,0.218431,0.223496,0.228538,0.233708,0.238048,0.241292,0.243134,0.243377,0.242033,0.239205,0.235078,0.229895
IIASA-WiC POP 2025,SSP2,1,Cyprus,million,Population,ANNUAL,,,,,,,,,,,,,,,,1.284492,1.315415,1.342106,1.367768,1.394051,1.420726,1.442442,1.458245,1.465311,1.464333,1.45578,1.439567,1.41705,1.391137,1.364744,1.338085
IIASA-WiC POP 2025,SSP2,1,Czechia,million,Population,ANNUAL,,,,,,,,,,,,,,,,10.851138,10.713612,10.558383,10.422343,10.323083,10.25188,10.184152,10.094102,9.961754,9.79648,9.627927,9.47854,9.35431,9.245985,9.144798,9.037975
IIASA-WiC POP 2025,SSP2,1,Germany,million,Population,ANNUAL,,,,,,,,,,,,,,,,83.596005,83.006542,82.410334,81.872506,81.404276,80.938857,80.419044,79.86585,79.278557,78.744989,78.210287,77.5471,76.699759,75.721806,74.678197,73.573859
IIASA-WiC POP 2025,SSP2,1,Djibouti,million,Population,ANNUAL,,,,,,,,,,,,,,,,1.154103,1.223793,1.288532,1.345821,1.39413,1.429788,1.454829,1.469393,1.476736,1.478589,1.475277,1.465558,1.450093,1.429208,1.404385,1.376641
IIASA-WiC POP 2025,SSP2,1,Denmark,million,Population,ANNUAL,,,,,,,,,,,,,,,,5.903302,5.965375,6.019839,6.066419,6.11255,6.170431,6.226934,6.285154,6.342939,6.402964,6.463881,6.519758,6.560712,6.583129,6.593496,6.599682
IIASA-WiC POP 2025,SSP2,1,Dominican Republic,million,Population,ANNUAL,,,,,,,,,,,,,,,,11.537089,12.066848,12.519517,12.87697,13.144531,13.341377,13.479136,13.56317,13.595737,13.575377,13.518969,13.429248,13.31343,13.170685,13.012544,12.839099
IIASA-WiC POP 2025,SSP2,1,Algeria,million,Population,ANNUAL,,,,,,,,,,,,,,,,46.733889,49.868402,52.623291,55.230273,57.750149,60.092807,61.962394,63.279973,64.081737,64.576195,64.941479,65.255817,65.505679,65.616904,65.546102,65.232171
IIASA-WiC POP 2025,SSP2,1,Ecuador,million,Population,ANNUAL,,,,,,,,,,,,,,,,18.413986,19.312216,20.080505,20.702594,21.208262,21.607307,21.89923,22.079277,22.157247,22.136332,22.015567,21.806655,21.520171,21.176075,20.793624,20.389717
IIASA-WiC POP 2025,SSP2,1,Egypt,million,Population,ANNUAL,,,,,,,,,,,,,,,,116.004863,125.574135,135.246249,145.026826,154.449783,163.104711,170.859392,177.729772,183.481332,188.162868,192.025576,195.185345,197.618806,199.504984,200.634684,201.025579
IIASA-WiC POP 2025,SSP2,1,Eritrea,million,Population,ANNUAL,,,,,,,,,,,,,,,,3.85609,4.211014,4.561734,4.884952,5.164315,5.402035,5.602097,5.768023,5.910344,6.015478,6.082503,6.123692,6.1474,6.157418,6.152969,6.137424
IIASA-WiC POP 2025,SSP2,1,Western Sahara,million,Population,ANNUAL,,,,,,,,,,,,,,,,0.59731,0.638634,0.676158,0.710757,0.742181,0.770774,0.795813,0.816688,0.831186,0.840017,0.84458,0.84577,0.843464,0.836833,0.825078,0.808035
IIASA-WiC POP 2025,SSP2,1,Spain,million,Population,ANNUAL,,,,,,,,,,,,,,,,47.59626,47.811395,48.086132,48.454296,48.895103,49.395564,49.648681,49.646944,49.381824,48.97961,48.558099,48.218911,47.971728,47.709674,47.310118,46.706488
IIASA-WiC POP 2025,SSP2,1,Estonia,million,Population,ANNUAL,,,,,,,,,,,,,,,,1.347628,1.312082,1.279865,1.253187,1.231975,1.214001,1.1961,1.177431,1.157993,1.138511,1.119608,1.101493,1.084331,1.068166,1.052762,1.036789
IIASA-WiC POP 2025,SSP2,1,Ethiopia,million,Population,ANNUAL,,,,,,,,,,,,,,,,130.851847,146.757791,162.801993,178.59731,193.927322,208.775107,222.925206,236.181844,247.810709,257.767496,265.65814,271.693504,276.344973,279.794411,282.003668,282.972408
IIASA-WiC POP 2025,SSP2,1,Finland,million,Population,ANNUAL,,,,,,,,,,,,,,,,5.53656,5.513914,5.493351,5.476464,5.46549,5.471331,5.468276,5.467543,5.475138,5.491572,5.50711,5.512625,5.505707,5.488706,5.468293,5.449101
IIASA-WiC POP 2025,SSP2,1,Fiji,million,Population,ANNUAL,,,,,,,,,,,,,,,,0.941962,0.959551,0.970445,0.975694,0.974571,0.967584,0.956946,0.943226,0.929335,0.914531,0.89955,0.885734,0.872917,0.861804,0.851759,0.843028
IIASA-WiC POP 2025,SSP2,1,France,million,Population,ANNUAL,,,,,,,,,,,,,,,,65.106109,65.769297,66.516697,67.298345,67.996533,68.59007,69.071007,69.528837,69.988347,70.466751,70.98206,71.505254,71.979907,72.395402,72.747388,72.976432
IIASA-WiC POP 2025,SSP2,1,Micronesia,million,Population,ANNUAL,,,,,,,,,,,,,,,,0.114689,0.117572,0.119554,0.12024,0.119656,0.117981,0.115544,0.112749,0.110243,0.107846,0.105448,0.102926,0.100472,0.098171,0.096241,0.094703
IIASA-WiC POP 2025,SSP2,1,Gabon,million,Population,ANNUAL,,,,,,,,,,,,,,,,2.512271,2.749862,2.978193,3.197673,3.404698,3.593556,3.760516,3.898865,4.006161,4.084125,4.14308,4.186355,4.212071,4.218797,4.203075,4.167763
IIASA-WiC POP 2025,SSP2,1,United Kingdom,million,Population,ANNUAL,,,,,,,,,,,,,,,,67.833949,68.698733,69.576143,70.530995,71.603217,72.775202,73.731234,74.528944,75.23391,75.953619,76.673752,77.276573,77.661062,77.828022,77.853448,77.793195
IIASA-WiC POP 2025,SSP2,1,Georgia,million,Population,ANNUAL,,,,,,,,,,,,,,,,3.621957,3.467429,3.315151,3.176131,3.045625,2.917124,2.787284,2.658015,2.542968,2.443119,2.356651,2.281727,2.218889,2.168878,2.130948,2.101374
IIASA-WiC POP 2025,SSP2,1,Ghana,million,Population,ANNUAL,,,,,,,,,,,,,,,,35.282895,38.789223,42.313794,45.864375,49.376093,52.767513,55.870487,58.714365,61.232668,63.485305,65.425904,67.008139,68.262949,69.228901,69.918171,70.358903
IIASA-WiC POP 2025,SSP2,1,Guinea,million,Population,ANNUAL,,,,,,,,,,,,,,,,14.62162,16.229047,17.813126,19.349768,20.822851,22.195051,23.448649,24.56226,25.517525,26.327879,26.954571,27.426083,27.730749,27.94119,28.070525,28.127163
IIASA-WiC POP 2025,SSP2,1,Guadeloupe,million,Population,ANNUAL,,,,,,,,,,,,,,,,0.397751,0.401035,0.402417,0.401939,0.399242,0.395241,0.391149,0.387466,0.384796,0.383311,0.383112,0.3842,0.386154,0.388176,0.389532,0.389992
IIASA-WiC POP 2025,SSP2,1,Gambia,million,Population,ANNUAL,,,,,,,,,,,,,,,,2.843788,3.162427,3.490007,3.8091,4.114249,4.394544,4.644764,4.858964,5.045058,5.201543,5.323382,5.410157,5.471213,5.508471,5.523956,5.518435
IIASA-WiC POP 2025,SSP2,1,Guinea-Bissau,million,Population,ANNUAL,,,,,,,,,,,,,,,,2.214987,2.43651,2.650549,2.854586,3.043234,3.210712,3.353818,3.473778,3.56877,3.637843,3.680815,3.702102,3.705932,3.693169,3.666081,3.626233
IIASA-WiC POP 2025,SSP2,1,Equatorial Guinea,million,Population,ANNUAL,,,,,,,,,,,,,,,,1.790756,2.009195,2.231483,2.453326,2.670795,2.879336,3.072015,3.244675,3.393803,3.514748,3.605653,3.666744,3.704788,3.719277,3.709284,3.673908
IIASA-WiC POP 2025,SSP2,1,Greece,million,Population,ANNUAL,,,,,,,,,,,,,,,,10.364011,10.206515,10.071939,9.961801,9.865716,9.776803,9.667093,9.538575,9.391079,9.236304,9.083502,8.940968,8.808574,8.677716,8.534584,8.367584
IIASA-WiC POP 2025,SSP2,1,Grenada,million,Population,ANNUAL,,,,,,,,,,,,,,,,0.126268,0.128263,0.129454,0.130436,0.131265,0.131701,0.131694,0.131149,0.130441,0.129598,0.128523,0.127176,0.125643,0.124133,0.122811,0.121677
IIASA-WiC POP 2025,SSP2,1,Guatemala,million,Population,ANNUAL,,,,,,,,,,,,,,,,18.589952,19.997516,21.289452,22.453732,23.453405,24.270018,24.905259,25.396838,25.769276,26.016013,26.127733,26.095967,25.946941,25.705431,25.391236,25.033281
IIASA-WiC POP 2025,SSP2,1,French Guiana,million,Population,ANNUAL,,,,,,,,,,,,,,,,0.321887,0.35544,0.387971,0.419108,0.448545,0.476426,0.502132,0.525504,0.545597,0.562358,0.57711,0.590391,0.602093,0.612106,0.61963,0.624788
IIASA-WiC POP 2025,SSP2,1,Guam,million,Population,ANNUAL,,,,,,,,,,,,,,,,0.173227,0.177625,0.181505,0.184405,0.186273,0.18697,0.18668,0.185996,0.185646,0.185638,0.185925,0.186171,0.186276,0.186186,0.185927,0.185557
IIASA-WiC POP 2025,SSP2,1,Guyana,million,Population,ANNUAL,,,,,,,,,,,,,,,,0.808134,0.819367,0.823886,0.821877,0.813624,0.800377,0.784212,0.765913,0.748743,0.732498,0.716922,0.701714,0.686995,0.673052,0.660282,0.649094
IIASA-WiC POP 2025,SSP2,1,Hong Kong,million,Population,ANNUAL,,,,,,,,,,,,,,,,7.535771,7.547875,7.531257,7.497919,7.458832,7.433175,7.388237,7.322146,7.228053,7.118648,6.997302,6.860715,6.710716,6.548473,6.375889,6.192547
IIASA-WiC POP 2025,SSP2,1,Honduras,million,Population,ANNUAL,,,,,,,,,,,,,,,,10.827569,11.590097,12.281429,12.877121,13.375223,13.795986,14.144749,14.416912,14.612967,14.721804,14.750321,14.707323,14.609354,14.465205,14.286081,14.082816
IIASA-WiC POP 2025,SSP2,1,Croatia,million,Population,ANNUAL,,,,,,,,,,,,,,,,3.980758,3.848844,3.72408,3.605436,3.494705,3.393445,3.301163,3.217727,3.14127,3.069326,2.999699,2.932493,2.868391,2.807488,2.748033,2.688284
IIASA-WiC POP 2025,SSP2,1,Haiti,million,Population,ANNUAL,,,,,,,,,,,,,,,,12.018019,12.776209,13.460557,14.051298,14.553426,14.941526,15.201721,15.339507,15.397378,15.392522,15.336442,15.234282,15.087774,14.900898,14.67946,14.436356
IIASA-WiC POP 2025,SSP2,1,Hungary,million,Population,ANNUAL,,,,,,,,,,,,,,,,9.592585,9.415464,9.219485,9.0182,8.824083,8.646604,8.477278,8.30472,8.11146,7.903657,7.695639,7.499996,7.316655,7.13587,6.954686,6.771404
IIASA-WiC POP 2025,SSP2,1,Indonesia,million,Population,ANNUAL,,,,,,,,,,,,,,,,280.697803,290.595633,298.627839,304.63792,308.581629,310.596288,311.191898,310.487927,308.633354,305.791205,302.11981,297.576334,292.356596,286.502149,280.09196,273.287129
IIASA-WiC POP 2025,SSP2,1,India,million,Population,ANNUAL,,,,,,,,,,,,,,,,1445.482972,1501.737826,1548.090395,1583.719968,1607.73803,1620.410267,1625.121751,1622.638448,1612.214297,1594.750337,1570.099126,1539.572073,1505.073417,1468.377911,1430.315181,1391.79716
IIASA-WiC POP 2025,SSP2,1,Ireland,million,Population,ANNUAL,,,,,,,,,,,,,,,,5.123491,5.266291,5.416347,5.578542,5.748213,5.917908,6.060912,6.177316,6.269595,6.348427,6.420832,6.491547,6.560953,6.622595,6.666473,6.68628
IIASA-WiC POP 2025,SSP2,1,Iran,million,Population,ANNUAL,,,,,,,,,,,,,,,,90.694703,94.115068,96.895393,99.209066,101.144813,102.628935,103.573812,103.807044,103.328876,102.25731,100.673057,98.72661,96.646036,94.663816,92.853758,91.101394
IIASA-WiC POP 2025,SSP2,1,Iraq,million,Population,ANNUAL,,,,,,,,,,,,,,,,47.025073,52.080506,57.166674,62.264871,67.14302,71.652032,75.798532,79.497449,82.653812,85.29277,87.539265,89.417369,90.907894,91.984902,92.652971,92.937013
IIASA-WiC POP 2025,SSP2,1,Iceland,million,Population,ANNUAL,,,,,,,,,,,,,,,,0.376535,0.387063,0.396667,0.405186,0.412828,0.420124,0.426428,0.432138,0.437288,0.441807,0.445522,0.448253,0.449884,0.450518,0.450666,0.451056
IIASA-WiC POP 2025,SSP2,1,Israel,million,Population,ANNUAL,,,,,,,,,,,,,,,,9.371281,10.046613,10.719559,11.416232,12.136273,12.861699,13.572025,14.252531,14.90265,15.5333,16.156403,16.773709,17.38043,17.970214,18.540147,19.090968
IIASA-WiC POP 2025,SSP2,1,Italy,million,Population,ANNUAL,,,,,,,,,,,,,,,,58.934481,58.198487,57.549904,56.98769,56.46577,55.949235,55.223169,54.319919,53.29522,52.314429,51.487778,50.823438,50.229726,49.587513,48.828762,47.931739
IIASA-WiC POP 2025,SSP2,1,Jamaica,million,Population,ANNUAL,,,,,,,,,,,,,,,,2.835407,2.854932,2.859742,2.848785,2.82173,2.781507,2.73026,2.670902,2.60851,2.539554,2.465139,2.387086,2.308877,2.234255,2.166224,2.105754
IIASA-WiC POP 2025,SSP2,1,Jordan,million,Population,ANNUAL,,,,,,,,,,,,,,,,11.893489,12.97042,14.019875,15.009799,15.912427,16.67204,17.300279,17.799632,18.207218,18.536448,18.78987,18.942936,19.001975,18.972653,18.874347,18.719245
IIASA-WiC POP 2025,SSP2,1,Japan,million,Population,ANNUAL,,,,,,,,,,,,,,,,122.475878,119.341859,116.061912,112.668661,109.256544,105.962593,102.828316,99.7075,96.41315,92.927679,89.406245,86.115462,83.137504,80.376286,77.699308,75.006413
IIASA-WiC POP 2025,SSP2,1,Kazakhstan,million,Population,ANNUAL,,,,,,,,,,,,,,,,19.792327,20.642406,21.393123,22.106969,22.77881,23.372441,23.83392,24.12619,24.321341,24.475666,24.614198,24.746465,24.863274,24.958192,25.018069,25.028701
IIASA-WiC POP 2025,SSP2,1,Kenya,million,Population,ANNUAL,,,,,,,,,,,,,,,,56.833242,62.461286,68.059636,73.422012,78.429579,83.055765,87.122403,90.694356,93.569805,95.762348,97.39367,98.575329,99.343806,99.698187,99.589372,99.076901
IIASA-WiC POP 2025,SSP2,1,Kyrgyzstan,million,Population,ANNUAL,,,,,,,,,,,,,,,,6.897813,7.373944,7.817014,8.247088,8.655432,9.007188,9.291269,9.505436,9.667976,9.79961,9.906289,9.985433,10.042186,10.073805,10.087337,10.080996
IIASA-WiC POP 2025,SSP2,1,Cambodia,million,Population,ANNUAL,,,,,,,,,,,,,,,,17.300953,18.19908,18.979536,19.619666,20.079646,20.397549,20.608269,20.726654,20.749711,20.658917,20.456414,20.168681,19.828656,19.448866,19.017857,18.536392
IIASA-WiC POP 2025,SSP2,1,Kiribati,million,Population,ANNUAL,,,,,,,,,,,,,,,,0.136069,0.145597,0.153683,0.160845,0.167673,0.173597,0.178006,0.180513,0.181652,0.182018,0.182083,0.1819,0.181318,0.179957,0.177869,0.175297
IIASA-WiC POP 2025,SSP2,1,South Korea,million,Population,ANNUAL,,,,,,,,,,,,,,,,51.512989,50.980927,50.244492,49.209172,47.898092,46.434286,44.585481,42.441444,40.231839,38.104857,36.093307,34.190649,32.404571,30.68265,29.003631,27.4392
IIASA-WiC POP 2025,SSP2,1,Kuwait,million,Population,ANNUAL,,,,,,,,,,,,,,,,4.737165,4.968395,5.169912,5.351122,5.503314,5.609415,5.660157,5.659461,5.609286,5.534727,5.457577,5.3913,5.336284,5.279936,5.205107,5.099228
IIASA-WiC POP 2025,SSP2,1,Laos,million,Population,ANNUAL,,,,,,,,,,,,,,,,7.767739,8.216553,8.602171,8.921073,9.163833,9.327655,9.430244,9.478273,9.474775,9.425604,9.337451,9.220142,9.079404,8.926545,8.765691,8.598131
IIASA-WiC POP 2025,SSP2,1,Lebanon,million,Population,ANNUAL,,,,,,,,,,,,,,,,5.939671,6.238251,6.513202,6.756884,6.965317,7.127144,7.243117,7.331066,7.396292,7.443961,7.465536,7.460023,7.42091,7.34755,7.243425,7.11361
IIASA-WiC POP 2025,SSP2,1,Liberia,million,Population,ANNUAL,,,,,,,,,,,,,,,,5.653457,6.305604,6.968539,7.623188,8.251887,8.837263,9.379885,9.863982,10.296324,10.651195,10.931492,11.135879,11.282195,11.370836,11.408369,11.400899
IIASA-WiC POP 2025,SSP2,1,Libya,million,Population,ANNUAL,,,,,,,,,,,,,,,,7.042351,7.460064,7.860692,8.249122,8.597008,8.875078,9.07889,9.229319,9.346797,9.440768,9.5195,9.576493,9.607498,9.612139,9.59142,9.542797
IIASA-WiC POP 2025,SSP2,1,Saint Lucia,million,Population,ANNUAL,,,,,,,,,,,,,,,,0.180791,0.182952,0.184138,0.184217,0.183337,0.181731,0.179599,0.177007,0.174041,0.170675,0.166936,0.162838,0.1585,0.15412,0.149931,0.146018
IIASA-WiC POP 2025,SSP2,1,Sri Lanka,million,Population,ANNUAL,,,,,,,,,,,,,,,,22.224116,22.625342,22.925679,23.130748,23.215687,23.182029,23.05664,22.870444,22.648329,22.401212,22.113404,21.788188,21.43759,21.060422,20.6601,20.238199
IIASA-WiC POP 2025,SSP2,1,Lesotho,million,Population,ANNUAL,,,,,,,,,,,,,,,,2.348805,2.445461,2.529329,2.597835,2.649189,2.684741,2.700752,2.696532,2.675249,2.643915,2.606177,2.564129,2.517967,2.46822,2.41627,2.363452
IIASA-WiC POP 2025,SSP2,1,Lithuania,million,Population,ANNUAL,,,,,,,,,,,,,,,,2.725074,2.584094,2.453473,2.333521,2.226868,2.130166,2.037419,1.949041,1.871009,1.804099,1.747154,1.6989,1.656883,1.619985,1.588298,1.561476
IIASA-WiC POP 2025,SSP2,1,Luxembourg,million,Population,ANNUAL,,,,,,,,,,,,,,,,0.65515,0.676651,0.696829,0.716353,0.736116,0.756961,0.775499,0.791379,0.802968,0.8109,0.815699,0.817764,0.816952,0.813098,0.806409,0.797297
IIASA-WiC POP 2025,SSP2,1,Latvia,million,Population,ANNUAL,,,,,,,,,,,,,,,,1.836499,1.735887,1.645724,1.569581,1.50597,1.451241,1.400951,1.354092,1.311486,1.273166,1.239179,1.20868,1.180847,1.155268,1.131118,1.106571
IIASA-WiC POP 2025,SSP2,1,Macao,million,Population,ANNUAL,,,,,,,,,,,,,,,,0.698767,0.723393,0.743956,0.762001,0.778622,0.794455,0.80567,0.812688,0.814198,0.811702,0.805179,0.79355,0.776063,0.753765,0.72892,0.703049
IIASA-WiC POP 2025,SSP2,1,Morocco,million,Population,ANNUAL,,,,,,,,,,,,,,,,38.409478,40.056365,41.44511,42.549938,43.369883,43.932651,44.290085,44.444128,44.437617,44.26612,43.966618,43.549977,43.063907,42.504083,41.881741,41.181889
IIASA-WiC POP 2025,SSP2,1,Moldova,million,Population,ANNUAL,,,,,,,,,,,,,,,,3.054643,2.928028,2.800143,2.686241,2.587763,2.498801,2.410473,2.320938,2.234456,2.152561,2.076692,2.007525,1.945639,1.890832,1.841164,1.793574
IIASA-WiC POP 2025,SSP2,1,Madagascar,million,Population,ANNUAL,,,,,,,,,,,,,,,,31.357004,34.977058,38.584105,42.116413,45.579478,48.911188,52.025998,54.918614,57.507508,59.760298,61.642807,63.181233,64.417907,65.359766,66.02571,66.411575
IIASA-WiC POP 2025,SSP2,1,Maldives,million,Population,ANNUAL,,,,,,,,,,,,,,,,0.548228,0.580877,0.61013,0.638386,0.66623,0.691851,0.713067,0.728961,0.738172,0.741631,0.739021,0.730111,0.71515,0.695993,0.675548,0.656283
IIASA-WiC POP 2025,SSP2,1,Mexico,million,Population,ANNUAL,,,,,,,,,,,,,,,,130.41403,135.626567,140.239105,144.119912,147.183626,149.451079,151.091074,152.119513,152.626224,152.647317,152.211581,151.397344,150.290957,148.9494,147.469672,145.796108
IIASA-WiC POP 2025,SSP2,1,North Macedonia,million,Population,ANNUAL,,,,,,,,,,,,,,,,2.095603,2.103217,2.10084,2.088184,2.068711,2.046103,2.022236,1.997204,1.969134,1.936864,1.900377,1.860911,1.820457,1.780553,1.741825,1.703611
IIASA-WiC POP 2025,SSP2,1,Mali,million,Population,ANNUAL,,,,,,,,,,,,,,,,24.361669,28.186465,32.228931,36.356613,40.472757,44.484265,48.371043,52.040416,55.512823,58.732992,61.609583,64.174303,66.265801,67.919567,69.125562,70.028086
IIASA-WiC POP 2025,SSP2,1,Malta,million,Population,ANNUAL,,,,,,,,,,,,,,,,0.517403,0.52122,0.521274,0.51878,0.516003,0.514952,0.51382,0.511715,0.507038,0.499305,0.488455,0.475059,0.459782,0.443621,0.427746,0.412953
IIASA-WiC POP 2025,SSP2,1,Myanmar,million,Population,ANNUAL,,,,,,,,,,,,,,,,54.951374,56.29464,57.119009,57.457235,57.438823,57.145554,56.594754,55.822705,54.868516,53.781026,52.614796,51.40643,50.165654,48.919464,47.647458,46.359521
IIASA-WiC POP 2025,SSP2,1,Montenegro,million,Population,ANNUAL,,,,,,,,,,,,,,,,0.648657,0.641454,0.634218,0.627901,0.622305,0.617175,0.611879,0.606087,0.599645,0.592568,0.584905,0.576817,0.568582,0.560255,0.551683,0.542672
IIASA-WiC POP 2025,SSP2,1,Mongolia,million,Population,ANNUAL,,,,,,,,,,,,,,,,3.507299,3.723802,3.934381,4.144813,4.357601,4.563552,4.744363,4.887701,5.004204,5.097885,5.175085,5.242597,5.304441,5.356634,5.395058,5.411763
IIASA-WiC POP 2025,SSP2,1,Mozambique,million,Population,ANNUAL,,,,,,,,,,,,,,,,35.042684,39.581959,44.214503,48.83531,53.372249,57.716129,61.820881,65.605377,68.967079,71.909506,74.265517,76.068103,77.288405,78.070923,78.498765,78.611491
IIASA-WiC POP 2025,SSP2,1,Mauritania,million,Population,ANNUAL,,,,,,,,,,,,,,,,5.009208,5.618175,6.240922,6.860068,7.464479,8.037003,8.572436,9.065398,9.51364,9.913504,10.246615,10.506217,10.71259,10.871657,10.986779,11.059189
IIASA-WiC POP 2025,SSP2,1,Martinique,million,Population,ANNUAL,,,,,,,,,,,,,,,,0.366326,0.363307,0.360514,0.356412,0.350007,0.341618,0.332709,0.324773,0.319143,0.315808,0.314105,0.313494,0.313404,0.31346,0.313364,0.312959
IIASA-WiC POP 2025,SSP2,1,Mauritius,million,Population,ANNUAL,,,,,,,,,,,,,,,,1.29863,1.298638,1.292356,1.278156,1.256528,1.229415,1.200052,1.170595,1.141635,1.11196,1.081052,1.049186,1.017124,0.985389,0.954604,0.925364
IIASA-WiC POP 2025,SSP2,1,Malawi,million,Population,ANNUAL,,,,,,,,,,,,,,,,21.722635,24.536153,27.50122,30.485585,33.428938,36.268006,38.976111,41.51875,43.804464,45.81727,47.489784,48.834335,49.833738,50.5738,51.100241,51.427591
IIASA-WiC POP 2025,SSP2,1,Malaysia,million,Population,ANNUAL,,,,,,,,,,,,,,,,34.725784,36.322345,37.762978,39.025134,40.122221,41.053302,41.816057,42.399073,42.761587,42.90747,42.825721,42.530527,42.047601,41.433647,40.738832,39.986154
IIASA-WiC POP 2025,SSP2,1,Mayotte,million,Population,ANNUAL,,,,,,,,,,,,,,,,0.356558,0.419857,0.490832,0.570884,0.660936,0.760799,0.870482,0.990206,1.122241,1.26826,1.429933,1.608515,1.805047,2.020698,2.257046,2.515608
IIASA-WiC POP 2025,SSP2,1,Namibia,million,Population,ANNUAL,,,,,,,,,,,,,,,,2.679352,2.895977,3.098437,3.292008,3.472033,3.63549,3.775162,3.883086,3.966345,4.024325,4.064646,4.091119,4.104759,4.104457,4.087482,4.057414
IIASA-WiC POP 2025,SSP2,1,New Caledonia,million,Population,ANNUAL,,,,,,,,,,,,,,,,0.299259,0.311126,0.321593,0.331215,0.339736,0.346821,0.352336,0.356316,0.358868,0.360373,0.361102,0.361139,0.360385,0.358761,0.356276,0.352965
IIASA-WiC POP 2025,SSP2,1,Niger,million,Population,ANNUAL,,,,,,,,,,,,,,,,28.709716,34.354147,40.755626,47.864252,55.567808,63.823689,72.46108,81.324113,90.196537,98.912019,107.370701,115.340899,122.895514,129.823068,135.986314,141.11655
IIASA-WiC POP 2025,SSP2,1,Nigeria,million,Population,ANNUAL,,,,,,,,,,,,,,,,232.14437,261.136993,292.863484,327.152576,363.305193,400.606795,437.811992,474.484357,510.24695,544.647111,577.45718,608.131868,635.760621,660.271318,680.714434,696.969856
IIASA-WiC POP 2025,SSP2,1,Nicaragua,million,Population,ANNUAL,,,,,,,,,,,,,,,,7.160782,7.567676,7.919665,8.210337,8.434006,8.604703,8.729952,8.802908,8.836943,8.828914,8.785128,8.708399,8.61145,8.498828,8.379997,8.261158
IIASA-WiC POP 2025,SSP2,1,Netherlands,million,Population,ANNUAL,,,,,,,,,,,,,,,,17.582513,17.712524,17.805057,17.847679,17.854199,17.858089,17.836616,17.811298,17.795501,17.808455,17.840905,17.860005,17.836037,17.765412,17.659485,17.534508
IIASA-WiC POP 2025,SSP2,1,Norway,million,Population,ANNUAL,,,,,,,,,,,,,,,,5.506107,5.623243,5.739623,5.855436,5.972144,6.096741,6.201336,6.292759,6.371793,6.446874,6.519891,6.582523,6.623914,6.642918,6.647625,6.643879
IIASA-WiC POP 2025,SSP2,1,Nepal,million,Population,ANNUAL,,,,,,,,,,,,,,,,30.601911,31.963772,33.018223,33.824425,34.445816,34.904699,35.205546,35.317163,35.293981,35.154534,34.907747,34.561765,34.106812,33.575431,33.020218,32.504945
IIASA-WiC POP 2025,SSP2,1,New Zealand,million,Population,ANNUAL,,,,,,,,,,,,,,,,5.179058,5.31947,5.445953,5.561178,5.668683,5.768874,5.852575,5.924995,5.986292,6.039201,6.080914,6.107631,6.115582,6.103503,6.074189,6.032391
IIASA-WiC POP 2025,SSP2,1,Oman,million,Population,ANNUAL,,,,,,,,,,,,,,,,4.991532,5.359469,5.67798,5.963986,6.240824,6.498734,6.707185,6.842923,6.897872,6.882142,6.812475,6.715716,6.612904,6.525977,6.455837,6.386627
IIASA-WiC POP 2025,SSP2,1,Pakistan,million,Population,ANNUAL,,,,,,,,,,,,,,,,248.722589,273.625782,298.857263,323.624535,347.481198,370.513812,392.100945,412.192032,430.062411,445.524344,458.375811,468.606154,476.792164,483.388804,488.506672,492.353988
IIASA-WiC POP 2025,SSP2,1,Panama,million,Population,ANNUAL,,,,,,,,,,,,,,,,4.540154,4.799697,5.035422,5.238332,5.410468,5.545922,5.65348,5.735762,5.794315,5.831517,5.842259,5.834965,5.807314,5.764231,5.705546,5.632582
IIASA-WiC POP 2025,SSP2,1,Peru,million,Population,ANNUAL,,,,,,,,,,,,,,,,34.546824,35.99488,37.217484,38.170273,38.890192,39.387793,39.695508,39.815143,39.760145,39.552835,39.214662,38.763744,38.231839,37.648783,37.020556,36.356404
IIASA-WiC POP 2025,SSP2,1,Philippines,million,Population,ANNUAL,,,,,,,,,,,,,,,,119.754409,128.098429,135.868594,142.860805,149.048736,154.346119,158.620309,161.809534,164.258377,166.084157,167.217161,167.693268,167.37059,166.378227,164.913678,163.14672
IIASA-WiC POP 2025,SSP2,1,Papua New Guinea,million,Population,ANNUAL,,,,,,,,,,,,,,,,10.657199,11.631957,12.559038,13.433737,14.233671,14.947903,15.551593,16.048923,16.416885,16.684896,16.86336,16.954388,16.945509,16.841132,16.646528,16.376645
IIASA-WiC POP 2025,SSP2,1,Poland,million,Population,ANNUAL,,,,,,,,,,,,,,,,39.009959,38.208969,37.380619,36.574703,35.804396,35.107514,34.391145,33.64442,32.850586,31.997939,31.113437,30.2529,29.467308,28.789284,28.216306,27.715137
IIASA-WiC POP 2025,SSP2,1,Puerto Rico,million,Population,ANNUAL,,,,,,,,,,,,,,,,3.109319,2.949256,2.794688,2.647042,2.507474,2.381428,2.265525,2.162519,2.074374,1.998783,1.932825,1.87344,1.81807,1.764689,1.711566,1.657991
IIASA-WiC POP 2025,SSP2,1,North Korea,million,Population,ANNUAL,,,,,,,,,,,,,,,,26.39872,26.531991,26.376504,26.077621,25.672331,25.211354,24.682571,24.019909,23.256879,22.485252,21.733372,20.997835,20.25887,19.492881,18.70046,17.919462
IIASA-WiC POP 2025,SSP2,1,Portugal,million,Population,ANNUAL,,,,,,,,,,,,,,,,10.196377,10.069498,9.961509,9.861287,9.762404,9.662971,9.552621,9.43579,9.309128,9.182381,9.065179,8.966485,8.884805,8.805011,8.711745,8.598808
IIASA-WiC POP 2025,SSP2,1,Paraguay,million,Population,ANNUAL,,,,,,,,,,,,,,,,7.003398,7.425442,7.788877,8.106773,8.366047,8.572782,8.718252,8.813556,8.874504,8.901444,8.893832,8.848821,8.7768,8.684646,8.583607,8.474823
IIASA-WiC POP 2025,SSP2,1,Palestine,million,Population,ANNUAL,,,,,,,,,,,,,,,,5.559569,6.150008,6.71825,7.256401,7.75766,8.219953,8.618421,8.951959,9.228772,9.455646,9.650341,9.820526,9.963305,10.087819,10.187636,10.271003
IIASA-WiC POP 2025,SSP2,1,French Polynesia,million,Population,ANNUAL,,,,,,,,,,,,,,,,0.310863,0.320157,0.327741,0.33352,0.337222,0.338901,0.338095,0.335582,0.332401,0.328906,0.325115,0.320998,0.316793,0.312772,0.309081,0.305724
IIASA-WiC POP 2025,SSP2,1,Qatar,million,Population,ANNUAL,,,,,,,,,,,,,,,,3.125791,3.407818,3.681191,3.952339,4.218106,4.464775,4.680758,4.85656,4.963474,5.000774,4.970479,4.882143,4.748105,4.594734,4.443147,4.295468
IIASA-WiC POP 2025,SSP2,1,R??union,million,Population,ANNUAL,,,,,,,,,,,,,,,,1.000816,1.039585,1.072545,1.102815,1.128821,1.14977,1.166619,1.180219,1.192122,1.203849,1.216089,1.228059,1.239045,1.247983,1.254241,1.257284
IIASA-WiC POP 2025,SSP2,1,Romania,million,Population,ANNUAL,,,,,,,,,,,,,,,,18.885716,18.310787,17.703964,17.109353,16.521048,15.94051,15.364404,14.772229,14.175961,13.607279,13.094867,12.641421,12.243365,11.89245,11.574577,11.266947
IIASA-WiC POP 2025,SSP2,1,Russian Federation,million,Population,ANNUAL,,,,,,,,,,,,,,,,145.394341,143.469876,141.704841,140.393013,139.573836,139.022941,138.260793,137.26355,135.973657,134.554464,133.125503,131.71428,130.330137,128.932626,127.423362,125.637141
IIASA-WiC POP 2025,SSP2,1,Rwanda,million,Population,ANNUAL,,,,,,,,,,,,,,,,14.570678,16.199303,17.830262,19.433992,20.980623,22.455446,23.819805,25.059206,26.120423,27.010372,27.707221,28.224144,28.6139,28.899507,29.072038,29.137889
IIASA-WiC POP 2025,SSP2,1,Saudi Arabia,million,Population,ANNUAL,,,,,,,,,,,,,,,,39.22019,41.909557,44.318221,46.430034,48.188669,49.551139,50.521921,51.108523,51.296549,51.192164,50.892701,50.492681,50.032128,49.493338,48.823447,48.017733
IIASA-WiC POP 2025,SSP2,1,Sudan,million,Population,ANNUAL,,,,,,,,,,,,,,,,49.751585,55.693357,61.507442,67.124499,72.639112,77.950365,82.865293,87.28965,91.15792,94.41193,96.948759,98.905782,100.212915,101.045367,101.439797,101.412998
IIASA-WiC POP 2025,SSP2,1,Senegal,million,Population,ANNUAL,,,,,,,,,,,,,,,,18.370559,20.635823,22.978768,25.354606,27.735552,30.042477,32.203631,34.209572,36.058731,37.74138,39.238153,40.49973,41.519848,42.357854,43.036006,43.554511
IIASA-WiC POP 2025,SSP2,1,Singapore,million,Population,ANNUAL,,,,,,,,,,,,,,,,6.10754,6.294826,6.437782,6.533811,6.592068,6.628146,6.637438,6.628664,6.586633,6.516894,6.422129,6.300371,6.150003,5.970779,5.765062,5.537455
IIASA-WiC POP 2025,SSP2,1,Solomon Islands,million,Population,ANNUAL,,,,,,,,,,,,,,,,0.768195,0.854509,0.940373,1.025506,1.107432,1.184323,1.254912,1.317423,1.372843,1.418465,1.455496,1.482645,1.502319,1.515173,1.521179,1.519348
IIASA-WiC POP 2025,SSP2,1,Sierra Leone,million,Population,ANNUAL,,,,,,,,,,,,,,,,9.070178,9.995037,10.899265,11.758916,12.553229,13.274394,13.908574,14.441436,14.865735,15.170074,15.350222,15.436683,15.447143,15.386158,15.26492,15.086603
IIASA-WiC POP 2025,SSP2,1,El Salvador,million,Population,ANNUAL,,,,,,,,,,,,,,,,6.373114,6.452383,6.487433,6.482212,6.443833,6.374359,6.277952,6.156969,6.030279,5.898073,5.761569,5.62048,5.478406,5.339092,5.209282,5.098284
IIASA-WiC POP 2025,SSP2,1,Somalia,million,Population,ANNUAL,,,,,,,,,,,,,,,,19.02004,22.157119,25.558944,29.178275,32.98639,36.913873,40.869611,44.742266,48.531961,52.190797,55.674786,58.953722,61.978956,64.713456,67.043773,69.034695
IIASA-WiC POP 2025,SSP2,1,Serbia,million,Population,ANNUAL,,,,,,,,,,,,,,,,7.153957,7.04423,6.933712,6.819656,6.712923,6.618668,6.534478,6.453838,6.364193,6.265879,6.162471,6.057062,5.951251,5.844702,5.734513,5.615923
IIASA-WiC POP 2025,SSP2,1,South Sudan,million,Population,ANNUAL,,,,,,,,,,,,,,,,11.082318,11.715827,12.413342,13.06927,13.544456,13.794921,13.908346,13.96556,14.03491,14.08328,14.069582,13.991944,13.894533,13.814087,13.763276,13.751312
IIASA-WiC POP 2025,SSP2,1,Sao Tome and Principe,million,Population,ANNUAL,,,,,,,,,,,,,,,,0.237482,0.258839,0.279593,0.298876,0.316499,0.33185,0.344417,0.35444,0.362293,0.367845,0.37143,0.373683,0.374799,0.374587,0.37309,0.370613
IIASA-WiC POP 2025,SSP2,1,Suriname,million,Population,ANNUAL,,,,,,,,,,,,,,,,0.633338,0.662491,0.688346,0.710513,0.729002,0.744013,0.755697,0.764215,0.770152,0.774103,0.7762,0.776291,0.774788,0.771244,0.76623,0.759779
IIASA-WiC POP 2025,SSP2,1,Slovakia,million,Population,ANNUAL,,,,,,,,,,,,,,,,5.501991,5.464144,5.404141,5.330283,5.254349,5.180628,5.105619,5.023084,4.927554,4.82083,4.708754,4.602706,4.508247,4.42698,4.356722,4.291912
IIASA-WiC POP 2025,SSP2,1,Slovenia,million,Population,ANNUAL,,,,,,,,,,,,,,,,2.114577,2.10329,2.088908,2.074236,2.059769,2.043585,2.024078,2.002259,1.977675,1.952299,1.926777,1.901453,1.876394,1.851583,1.826523,1.799716
IIASA-WiC POP 2025,SSP2,1,Sweden,million,Population,ANNUAL,,,,,,,,,,,,,,,,10.56977,10.770582,10.961948,11.170403,11.414462,11.69655,11.960547,12.2007,12.412119,12.613214,12.808091,12.980439,13.107373,13.186391,13.240372,13.287693
IIASA-WiC POP 2025,SSP2,1,Eswatini,million,Population,ANNUAL,,,,,,,,,,,,,,,,1.230944,1.28636,1.33378,1.371365,1.398734,1.413516,1.414879,1.404009,1.388077,1.36798,1.344188,1.31729,1.287923,1.257162,1.225823,1.195569
IIASA-WiC POP 2025,SSP2,1,Seychelles,million,Population,ANNUAL,,,,,,,,,,,,,,,,0.109057,0.112742,0.115831,0.118238,0.119853,0.120807,0.121187,0.121099,0.12061,0.119807,0.118763,0.117532,0.116117,0.114487,0.112537,0.110236
IIASA-WiC POP 2025,SSP2,1,Syria,million,Population,ANNUAL,,,,,,,,,,,,,,,,22.104625,23.893538,25.82846,27.659082,29.237258,30.507384,31.592606,32.570767,33.501427,34.345369,35.057751,35.606871,35.977577,36.192501,36.236125,36.140284
IIASA-WiC POP 2025,SSP2,1,Chad,million,Population,ANNUAL,,,,,,,,,,,,,,,,19.219191,22.315991,25.672285,29.237495,32.901812,36.613954,40.298853,43.872816,47.305163,50.533243,53.555599,56.255117,58.682673,60.70969,62.287096,63.432459
IIASA-WiC POP 2025,SSP2,1,Togo,million,Population,ANNUAL,,,,,,,,,,,,,,,,9.354153,10.390887,11.430823,12.455156,13.443919,14.372813,15.233124,15.998965,16.683248,17.253451,17.722877,18.077999,18.345227,18.531889,18.642377,18.679002
IIASA-WiC POP 2025,SSP2,1,Thailand,million,Population,ANNUAL,,,,,,,,,,,,,,,,72.030014,72.194803,71.854703,70.998384,69.690962,67.974278,65.950822,63.763244,61.488837,59.200369,56.905964,54.633496,52.388399,50.203836,48.085182,46.06022
IIASA-WiC POP 2025,SSP2,1,Tajikistan,million,Population,ANNUAL,,,,,,,,,,,,,,,,10.416997,11.325319,12.215322,13.0964,13.925217,14.632982,15.223276,15.699674,16.092828,16.406954,16.644987,16.80999,16.917826,16.965681,16.964035,16.913013
IIASA-WiC POP 2025,SSP2,1,Turkmenistan,million,Population,ANNUAL,,,,,,,,,,,,,,,,6.714457,7.142521,7.520217,7.876762,8.215276,8.518202,8.752354,8.919288,9.028997,9.105438,9.161525,9.19602,9.20432,9.182999,9.132279,9.053484
IIASA-WiC POP 2025,SSP2,1,Timor-Leste,million,Population,ANNUAL,,,,,,,,,,,,,,,,1.393823,1.499831,1.601591,1.69341,1.771077,1.835057,1.884647,1.918884,1.93949,1.948531,1.945976,1.933464,1.911815,1.88316,1.850127,1.815438
IIASA-WiC POP 2025,SSP2,1,Tonga,million,Population,ANNUAL,,,,,,,,,,,,,,,,0.107989,0.110559,0.112606,0.114165,0.114916,0.114826,0.113807,0.111955,0.110135,0.108562,0.107303,0.106302,0.105522,0.104859,0.10439,0.104192
IIASA-WiC POP 2025,SSP2,1,Trinidad and Tobago,million,Population,ANNUAL,,,,,,,,,,,,,,,,1.527884,1.532434,1.529048,1.518951,1.503283,1.481193,1.454369,1.424124,1.392342,1.359491,1.326108,1.29268,1.261637,1.233912,1.208443,1.184397
IIASA-WiC POP 2025,SSP2,1,Tunisia,million,Population,ANNUAL,,,,,,,,,,,,,,,,12.623486,13.056138,13.369176,13.606069,13.795174,13.933538,14.00183,13.992635,13.915614,13.793158,13.646202,13.489593,13.331524,13.169532,12.99734,12.806142
IIASA-WiC POP 2025,SSP2,1,Turkey,million,Population,ANNUAL,,,,,,,,,,,,,,,,87.089009,89.963219,92.303082,94.20026,95.577156,96.374926,96.600515,96.239509,95.42911,94.30286,92.928145,91.34958,89.611457,87.76876,85.856239,83.89181
IIASA-WiC POP 2025,SSP2,1,Taiwan,million,Population,ANNUAL,,,,,,,,,,,,,,,,23.475315,23.083675,22.538003,21.826049,20.9909,20.098028,19.121964,18.125295,17.158596,16.219161,15.320796,14.497841,13.765053,13.121932,12.560824,12.067278
IIASA-WiC POP 2025,SSP2,1,Tanzania,million,Population,ANNUAL,,,,,,,,,,,,,,,,70.254303,80.35759,90.929275,101.859967,113.029188,124.212443,134.961342,145.256264,154.930941,163.817391,172.03851,179.182185,185.017763,189.582743,193.128527,195.841819
IIASA-WiC POP 2025,SSP2,1,Uganda,million,Population,ANNUAL,,,,,,,,,,,,,,,,50.77312,58.375352,66.304529,74.396421,82.584938,90.754448,98.528855,105.91213,112.764364,119.176261,124.837334,129.657998,133.602338,136.737744,139.241524,141.198625
IIASA-WiC POP 2025,SSP2,1,Ukraine,million,Population,ANNUAL,,,,,,,,,,,,,,,,36.391202,36.944393,36.945438,36.51855,35.812696,35.009324,34.156554,33.31454,32.468562,31.636994,30.836812,30.07704,29.354793,28.665988,27.988431,27.283389
IIASA-WiC POP 2025,SSP2,1,Uruguay,million,Population,ANNUAL,,,,,,,,,,,,,,,,3.411022,3.400947,3.386825,3.3645,3.331266,3.285633,3.227984,3.160539,3.088022,3.011257,2.929501,2.842354,2.750172,2.654021,2.555616,2.457742
IIASA-WiC POP 2025,SSP2,1,United States,million,Population,ANNUAL,,,,,,,,,,,,,,,,341.969466,349.674977,357.121549,364.248083,370.775399,376.900967,382.140792,387.197105,392.114191,396.856373,401.058749,404.186565,406.00263,406.629759,406.419684,405.537728
IIASA-WiC POP 2025,SSP2,1,Uzbekistan,million,Population,ANNUAL,,,,,,,,,,,,,,,,36.057826,38.528141,40.758839,42.902134,44.970275,46.857036,48.378292,49.517819,50.345832,50.978162,51.438402,51.722547,51.853928,51.879164,51.825541,51.64082
IIASA-WiC POP 2025,SSP2,1,Saint Vincent and the Grenadines,million,Population,ANNUAL,,,,,,,,,,,,,,,,0.101993,0.100616,0.098923,0.096995,0.094824,0.092332,0.089601,0.08681,0.084268,0.082,0.079945,0.078038,0.076294,0.0747,0.073277,0.072002
IIASA-WiC POP 2025,SSP2,1,Venezuela,million,Population,ANNUAL,,,,,,,,,,,,,,,,29.785672,31.034124,32.17941,33.128443,33.864863,34.41468,34.843842,35.180387,35.410807,35.540376,35.580372,35.536982,35.421143,35.220848,34.91175,34.49353
IIASA-WiC POP 2025,SSP2,1,United States Virgin Islands,million,Population,ANNUAL,,,,,,,,,,,,,,,,0.098266,0.096251,0.094416,0.092789,0.091528,0.090644,0.090084,0.089729,0.08949,0.089378,0.08943,0.08961,0.089807,0.089938,0.08995,0.089791
IIASA-WiC POP 2025,SSP2,1,Viet Nam,million,Population,ANNUAL,,,,,,,,,,,,,,,,99.80721,102.706243,104.777039,106.223088,107.134283,107.573609,107.555471,107.025104,106.008535,104.571315,102.784099,100.790098,98.70485,96.60843,94.555425,92.549633
IIASA-WiC POP 2025,SSP2,1,Vanuatu,million,Population,ANNUAL,,,,,,,,,,,,,,,,0.343505,0.37854,0.413577,0.448339,0.4823,0.514101,0.542702,0.568421,0.591042,0.61035,0.625966,0.638835,0.649315,0.657419,0.663133,0.665909
IIASA-WiC POP 2025,SSP2,1,Samoa,million,Population,ANNUAL,,,,,,,,,,,,,,,,0.226676,0.238569,0.248821,0.257568,0.264827,0.270217,0.27321,0.27403,0.27444,0.274497,0.274477,0.274691,0.275217,0.275969,0.277059,0.27841
IIASA-WiC POP 2025,SSP2,1,Yemen,million,Population,ANNUAL,,,,,,,,,,,,,,,,35.731379,39.617549,43.408976,47.043304,50.503179,53.683775,56.496054,58.943269,60.952986,62.47425,63.546282,64.284854,64.796918,65.08903,65.127907,64.896488
IIASA-WiC POP 2025,SSP2,1,South Africa,million,Population,ANNUAL,,,,,,,,,,,,,,,,60.833813,63.284303,65.267448,66.801217,67.888105,68.455971,68.612935,68.404931,67.892934,67.095171,66.067208,64.826181,63.482077,62.052315,60.541237,58.961248
IIASA-WiC POP 2025,SSP2,1,Zambia,million,Population,ANNUAL,,,,,,,,,,,,,,,,21.313458,24.073267,26.878722,29.669082,32.380668,34.939065,37.299139,39.454244,41.326964,42.921462,44.146685,45.026663,45.633685,45.99693,46.120791,46.030866
IIASA-WiC POP 2025,SSP2,1,Zimbabwe,million,Population,ANNUAL,,,,,,,,,,,,,,,,16.972672,18.403949,19.76694,21.022358,22.159566,23.122443,23.892002,24.44585,24.827078,25.054247,25.201613,25.279536,25.28528,25.193897,25.031041,24.809842
IIASA-WiC POP 2025,SSP2,1,Kosovo,million,Population,ANNUAL,,,,,,,,,,,,,,,,1.774432,1.821983,1.869736,1.908277,1.930737,1.934445,1.9231,1.903362,1.882021,1.859286,1.832058,1.796804,1.752478,1.701147,1.646966,1.593657
IIASA-WiC POP 2025,SSP3,1,Aruba,million,Population,ANNUAL,,,,,,,,,,,,,,,,0.1088,0.110023,0.111142,0.112267,0.113107,0.11374,0.114512,0.115904,0.117789,0.120057,0.122441,0.124664,0.126656,0.128425,0.13005,0.131529
IIASA-WiC POP 2025,SSP3,1,Afghanistan,million,Population,ANNUAL,,,,,,,,,,,,,,,,44.166205,51.011297,58.431242,66.29517,74.206076,82.183157,90.247933,98.365412,106.318375,113.779737,120.658161,126.740246,132.026162,136.898629,141.447614,145.567965
IIASA-WiC POP 2025,SSP3,1,Angola,million,Population,ANNUAL,,,,,,,,,,,,,,,,38.360074,44.70557,51.8602,59.76382,67.951651,76.427287,85.141098,94.163058,103.119538,111.719059,119.902843,127.344997,133.887327,139.500665,144.612986,149.249822
IIASA-WiC POP 2025,SSP3,1,Albania,million,Population,ANNUAL,,,,,,,,,,,,,,,,2.793087,2.770495,2.727118,2.669618,2.601848,2.532312,2.466561,2.406896,2.354815,2.307629,2.263486,2.22232,2.186221,2.158606,2.142366,2.138222
IIASA-WiC POP 2025,SSP3,1,United Arab Emirates,million,Population,ANNUAL,,,,,,,,,,,,,,,,9.79243,10.212982,10.55865,10.831014,11.04581,11.211089,11.280864,11.219124,10.996447,10.639824,10.209418,9.794819,9.477574,9.283436,9.170377,9.065971
IIASA-WiC POP 2025,SSP3,1,Argentina,million,Population,ANNUAL,,,,,,,,,,,,,,,,46.045355,47.446407,48.890304,50.331709,51.602889,52.745435,53.782472,54.676859,55.469278,56.208465,56.901742,57.536848,58.130122,58.713344,59.321639,59.999656
IIASA-WiC POP 2025,SSP3,1,Armenia,million,Population,ANNUAL,,,,,,,,,,,,,,,,2.762253,2.759288,2.746784,2.735534,2.726263,2.717224,2.707719,2.698874,2.693377,2.692227,2.6967,2.709052,2.731845,2.766208,2.810659,2.862216
IIASA-WiC POP 2025,SSP3,1,Antigua and Barbuda,million,Population,ANNUAL,,,,,,,,,,,,,,,,0.095485,0.097805,0.099707,0.101081,0.101712,0.101814,0.101623,0.101462,0.101277,0.10105,0.100719,0.100285,0.099767,0.099275,0.098802,0.098329
IIASA-WiC POP 2025,SSP3,1,Australia,million,Population,ANNUAL,,,,,,,,,,,,,,,,26.559259,27.395406,28.174161,28.913718,29.61508,30.329176,31.004862,31.682297,32.354284,33.028344,33.683134,34.297722,34.875748,35.455671,36.084362,36.769451
IIASA-WiC POP 2025,SSP3,1,Austria,million,Population,ANNUAL,,,,,,,,,,,,,,,,9.044223,9.056671,9.053817,9.04109,9.017211,8.982068,8.933415,8.891726,8.868827,8.869677,8.878526,8.882993,8.888097,8.90723,8.950392,9.012807
IIASA-WiC POP 2025,SSP3,1,Azerbaijan,million,Population,ANNUAL,,,,,,,,,,,,,,,,10.492942,10.766557,11.036008,11.265041,11.395477,11.453806,11.484081,11.516426,11.542906,11.556225,11.561181,11.575424,11.616015,11.680907,11.766641,11.871236
IIASA-WiC POP 2025,SSP3,1,Burundi,million,Population,ANNUAL,,,,,,,,,,,,,,,,13.674842,15.584312,17.715651,20.043647,22.394725,24.72688,27.011655,29.260887,31.457953,33.556117,35.520864,37.282218,38.812151,40.215653,41.533088,42.75775
IIASA-WiC POP 2025,SSP3,1,Belgium,million,Population,ANNUAL,,,,,,,,,,,,,,,,11.692354,11.765507,11.852846,11.957028,12.054579,12.150172,12.226123,12.319196,12.444991,12.60812,12.794043,12.983977,13.169898,13.360888,13.573253,13.810359
IIASA-WiC POP 2025,SSP3,1,Benin,million,Population,ANNUAL,,,,,,,,,,,,,,,,14.28294,16.415705,18.749858,21.275014,23.858979,26.517876,29.249993,32.021506,34.829705,37.549751,40.170471,42.570186,44.801684,46.831156,48.729226,50.52799
IIASA-WiC POP 2025,SSP3,1,Burkina Faso,million,Population,ANNUAL,,,,,,,,,,,,,,,,24.191297,27.793973,31.846405,36.320258,40.961339,45.72711,50.531487,55.421987,60.317404,65.139837,69.793815,74.147726,78.097282,81.651146,84.982469,88.204565
IIASA-WiC POP 2025,SSP3,1,Bangladesh,million,Population,ANNUAL,,,,,,,,,,,,,,,,175.53052,184.981833,193.176305,200.121986,205.584712,209.954028,213.524174,216.206474,217.845785,218.523572,218.501274,218.072029,217.376248,216.520797,215.689139,215.262758
IIASA-WiC POP 2025,SSP3,1,Bulgaria,million,Population,ANNUAL,,,,,,,,,,,,,,,,6.678252,6.428153,6.196716,5.98874,5.798471,5.63063,5.479925,5.344756,5.224771,5.125804,5.053747,5.010876,4.995691,5.001976,5.019244,5.039814
IIASA-WiC POP 2025,SSP3,1,Bahrain,million,Population,ANNUAL,,,,,,,,,,,,,,,,1.624196,1.722427,1.812795,1.898401,1.974696,2.038842,2.085934,2.115758,2.125633,2.120371,2.107663,2.096242,2.093567,2.099883,2.109422,2.115721
IIASA-WiC POP 2025,SSP3,1,Bahamas,million,Population,ANNUAL,,,,,,,,,,,,,,,,0.415502,0.425243,0.434224,0.441414,0.445814,0.448143,0.448995,0.449101,0.448828,0.448625,0.448386,0.44783,0.446906,0.445947,0.445436,0.445738
IIASA-WiC POP 2025,SSP3,1,Bosnia and Herzegovina,million,Population,ANNUAL,,,,,,,,,,,,,,,,3.181,3.099106,3.008378,2.912136,2.812787,2.715909,2.6263,2.546876,2.478854,2.421211,2.373469,2.336111,2.309219,2.292198,2.283345,2.280358
IIASA-WiC POP 2025,SSP3,1,Belarus,million,Population,ANNUAL,,,,,,,,,,,,,,,,9.3946,9.202677,9.022368,8.871035,8.742969,8.625518,8.502449,8.383802,8.281631,8.211379,8.177218,8.175757,8.197896,8.232978,8.273695,8.318124
IIASA-WiC POP 2025,SSP3,1,Belize,million,Population,ANNUAL,,,,,,,,,,,,,,,,0.423846,0.456439,0.487436,0.51624,0.542658,0.567973,0.592584,0.616525,0.638839,0.659365,0.67795,0.695268,0.711809,0.728068,0.74435,0.760644
IIASA-WiC POP 2025,SSP3,1,Bolivia,million,Population,ANNUAL,,,,,,,,,,,,,,,,12.620088,13.582292,14.56545,15.516471,16.390717,17.165649,17.844893,18.472723,19.070622,19.639383,20.174499,20.658592,21.109986,21.554645,22.012055,22.479084
IIASA-WiC POP 2025,SSP3,1,Brazil,million,Population,ANNUAL,,,,,,,,,,,,,,,,217.546263,223.036186,227.746134,231.44123,233.548073,234.491066,234.498843,233.903523,232.749044,231.171699,229.246123,227.192726,225.291314,223.843029,223.003562,222.7942
IIASA-WiC POP 2025,SSP3,1,Barbados,million,Population,ANNUAL,,,,,,,,,,,,,,,,0.282601,0.284945,0.286698,0.287507,0.287077,0.285922,0.285042,0.285342,0.28677,0.28902,0.291679,0.294578,0.297618,0.30116,0.305239,0.309696
IIASA-WiC POP 2025,SSP3,1,Brunei Darussalam,million,Population,ANNUAL,,,,,,,,,,,,,,,,0.461429,0.481827,0.500797,0.518332,0.53334,0.545869,0.556151,0.565577,0.574436,0.583303,0.592287,0.601415,0.611001,0.621386,0.63271,0.644914
IIASA-WiC POP 2025,SSP3,1,Bhutan,million,Population,ANNUAL,,,,,,,,,,,,,,,,0.797744,0.826292,0.852566,0.875032,0.890553,0.899182,0.90228,0.901266,0.895617,0.885051,0.870239,0.853379,0.836896,0.82257,0.810838,0.801279
IIASA-WiC POP 2025,SSP3,1,Botswana,million,Population,ANNUAL,,,,,,,,,,,,,,,,2.7334,2.920825,3.101699,3.273309,3.422697,3.543047,3.638636,3.721327,3.792187,3.850929,3.898015,3.931169,3.955905,3.971333,3.982,3.987084
IIASA-WiC POP 2025,SSP3,1,Central African Republic,million,Population,ANNUAL,,,,,,,,,,,,,,,,6.099845,7.111832,8.261132,9.497755,10.743094,12.037077,13.376053,14.750751,16.119043,17.459272,18.751734,19.981183,21.141611,22.191058,23.129785,24.001208
IIASA-WiC POP 2025,SSP3,1,Canada,million,Population,ANNUAL,,,,,,,,,,,,,,,,38.636151,39.197885,39.700116,40.13064,40.475436,40.833238,41.118485,41.462434,41.898147,42.414856,42.946964,43.450677,43.917766,44.377144,44.885782,45.475957
IIASA-WiC POP 2025,SSP3,1,Switzerland,million,Population,ANNUAL,,,,,,,,,,,,,,,,8.846489,8.95695,9.050306,9.138152,9.223899,9.322125,9.405231,9.485723,9.572989,9.67905,9.797203,9.921956,10.056836,10.209103,10.383063,10.571685
IIASA-WiC POP 2025,SSP3,1,Chile,million,Population,ANNUAL,,,,,,,,,,,,,,,,19.581699,19.987726,20.326302,20.570291,20.693677,20.734741,20.695116,20.588052,20.433922,20.250165,20.031437,19.781563,19.521894,19.282803,19.09314,18.967923
IIASA-WiC POP 2025,SSP3,1,China,million,Population,ANNUAL,,,,,,,,,,,,,,,,1426.368117,1418.663506,1405.893135,1388.846752,1363.285741,1327.313442,1282.774333,1235.190073,1188.939128,1146.316257,1106.687731,1069.117197,1034.921292,1005.46232,980.43436,959.344548
IIASA-WiC POP 2025,SSP3,1,lvory Coast,million,Population,ANNUAL,,,,,,,,,,,,,,,,29.762711,33.284327,37.054616,40.983913,44.85691,48.652401,52.403747,56.046816,59.510036,62.735383,65.579313,68.039453,70.329342,72.529017,74.602336,76.505888
IIASA-WiC POP 2025,SSP3,1,Cameroon,million,Population,ANNUAL,,,,,,,,,,,,,,,,29.624897,33.339527,37.29792,41.44831,45.596668,49.70291,53.763863,57.690902,61.401558,64.909709,67.952908,70.620911,72.810523,74.769783,76.588699,78.084977
IIASA-WiC POP 2025,SSP3,1,Democratic Republic of the Congo,million,Population,ANNUAL,,,,,,,,,,,,,,,,107.546464,127.531929,150.33962,175.952803,203.335364,232.416873,263.266736,295.768327,328.749432,361.807602,394.455888,426.055698,456.35106,483.875215,508.568541,530.362048
IIASA-WiC POP 2025,SSP3,1,Congo,million,Population,ANNUAL,,,,,,,,,,,,,,,,6.343255,7.088705,7.896914,8.746848,9.584746,10.416164,11.232864,12.027561,12.802477,13.524911,14.161086,14.716359,15.223751,15.700449,16.13784,16.531295
IIASA-WiC POP 2025,SSP3,1,Colombia,million,Population,ANNUAL,,,,,,,,,,,,,,,,52.418442,54.506042,56.354647,57.913944,59.053879,59.905419,60.588565,61.161801,61.600354,61.91059,62.064404,62.118539,62.183875,62.368324,62.730316,63.277815
IIASA-WiC POP 2025,SSP3,1,Comoros,million,Population,ANNUAL,,,,,,,,,,,,,,,,0.880919,0.97741,1.078965,1.185616,1.291963,1.397785,1.50205,1.603161,1.70079,1.788906,1.869284,1.939964,2.006009,2.069457,2.129507,2.18491
IIASA-WiC POP 2025,SSP3,1,Cabo Verde,million,Population,ANNUAL,,,,,,,,,,,,,,,,0.608115,0.641333,0.671677,0.69959,0.723095,0.742984,0.759824,0.774211,0.785809,0.794474,0.80022,0.804311,0.808059,0.812825,0.81921,0.827229
IIASA-WiC POP 2025,SSP3,1,Costa Rica,million,Population,ANNUAL,,,,,,,,,,,,,,,,5.256994,5.419227,5.568437,5.696752,5.78986,5.850791,5.889156,5.914332,5.928075,5.92935,5.914462,5.886746,5.855348,5.83006,5.814959,5.812079
IIASA-WiC POP 2025,SSP3,1,Cuba,million,Population,ANNUAL,,,,,,,,,,,,,,,,11.211281,11.184803,11.128042,11.041077,10.904101,10.739122,10.555375,10.382793,10.236886,10.141016,10.081031,10.050724,10.034886,10.045824,10.079609,10.147493
IIASA-WiC POP 2025,SSP3,1,Cura??ao,million,Population,ANNUAL,,,,,,,,,,,,,,,,0.19498,0.199013,0.202679,0.205937,0.208587,0.211076,0.213999,0.217714,0.221474,0.22482,0.227355,0.229006,0.230054,0.230887,0.231666,0.232295
IIASA-WiC POP 2025,SSP3,1,Cyprus,million,Population,ANNUAL,,,,,,,,,,,,,,,,1.284492,1.304812,1.320175,1.334239,1.347541,1.360635,1.368869,1.372611,1.370907,1.365073,1.356752,1.348134,1.341632,1.339179,1.34063,1.344056
IIASA-WiC POP 2025,SSP3,1,Czechia,million,Population,ANNUAL,,,,,,,,,,,,,,,,10.851138,10.690255,10.515838,10.372895,10.270854,10.203621,10.146465,10.080454,9.998815,9.929047,9.903772,9.934961,10.012344,10.120201,10.241941,10.362883
IIASA-WiC POP 2025,SSP3,1,Germany,million,Population,ANNUAL,,,,,,,,,,,,,,,,83.596005,82.641675,81.709785,80.84681,79.952317,79.039599,78.180939,77.52892,77.150623,77.049347,77.048473,77.031845,77.051367,77.2216,77.593554,78.11664
IIASA-WiC POP 2025,SSP3,1,Djibouti,million,Population,ANNUAL,,,,,,,,,,,,,,,,1.154103,1.231253,1.309016,1.384636,1.451229,1.504293,1.547417,1.583325,1.615931,1.646854,1.67404,1.695274,1.711132,1.723728,1.73573,1.748553
IIASA-WiC POP 2025,SSP3,1,Denmark,million,Population,ANNUAL,,,,,,,,,,,,,,,,5.903302,5.952805,5.999622,6.045289,6.087741,6.144054,6.208795,6.298313,6.413334,6.548966,6.694902,6.842869,6.992311,7.151985,7.332107,7.533164
IIASA-WiC POP 2025,SSP3,1,Dominican Republic,million,Population,ANNUAL,,,,,,,,,,,,,,,,11.537089,12.193194,12.820855,13.384852,13.859485,14.287388,14.695061,15.089695,15.44953,15.765339,16.060615,16.345364,16.632078,16.917605,17.213343,17.513734
IIASA-WiC POP 2025,SSP3,1,Algeria,million,Population,ANNUAL,,,,,,,,,,,,,,,,46.733889,50.279521,53.632425,57.052596,60.464046,63.800875,66.758233,69.299687,71.432908,73.44451,75.56178,77.841068,80.200473,82.473531,84.543277,86.395691
IIASA-WiC POP 2025,SSP3,1,Ecuador,million,Population,ANNUAL,,,,,,,,,,,,,,,,18.413986,19.460653,20.437619,21.30901,22.063565,22.741109,23.357262,23.910261,24.38795,24.789639,25.118742,25.39328,25.635693,25.866722,26.104647,26.364099
IIASA-WiC POP 2025,SSP3,1,Egypt,million,Population,ANNUAL,,,,,,,,,,,,,,,,116.004863,126.632303,138.030526,150.268076,162.366303,174.111147,185.625535,196.978996,207.540239,217.256233,226.557852,235.669182,244.435105,252.957667,260.833626,268.138221
IIASA-WiC POP 2025,SSP3,1,Eritrea,million,Population,ANNUAL,,,,,,,,,,,,,,,,3.85609,4.303812,4.792031,5.293498,5.763963,6.211467,6.649481,7.087567,7.517443,7.903263,8.24023,8.553065,8.861033,9.168963,9.471844,9.764104
IIASA-WiC POP 2025,SSP3,1,Western Sahara,million,Population,ANNUAL,,,,,,,,,,,,,,,,0.59731,0.632475,0.664586,0.694598,0.72079,0.744608,0.766354,0.786429,0.804031,0.820407,0.836618,0.853043,0.869043,0.883644,0.896167,0.906594
IIASA-WiC POP 2025,SSP3,1,Spain,million,Population,ANNUAL,,,,,,,,,,,,,,,,47.59626,47.432475,47.31901,47.300154,47.301025,47.321917,47.057183,46.577276,46.002528,45.539139,45.324267,45.397727,45.670922,45.984671,46.241578,46.444349
IIASA-WiC POP 2025,SSP3,1,Estonia,million,Population,ANNUAL,,,,,,,,,,,,,,,,1.347628,1.3138,1.284477,1.262143,1.244991,1.230947,1.217398,1.204577,1.193377,1.185212,1.180849,1.180366,1.183468,1.189424,1.197015,1.205126
IIASA-WiC POP 2025,SSP3,1,Ethiopia,million,Population,ANNUAL,,,,,,,,,,,,,,,,130.851847,148.622527,167.955073,188.53827,209.409958,230.881772,253.034141,275.968344,297.927287,318.650065,337.053575,353.947542,370.314024,386.379556,401.798962,416.112139
IIASA-WiC POP 2025,SSP3,1,Finland,million,Population,ANNUAL,,,,,,,,,,,,,,,,5.53656,5.496538,5.461916,5.438938,5.424884,5.433789,5.438464,5.459249,5.506256,5.57722,5.660878,5.7492,5.840131,5.939131,6.056579,6.195382
IIASA-WiC POP 2025,SSP3,1,Fiji,million,Population,ANNUAL,,,,,,,,,,,,,,,,0.941962,0.979473,1.015067,1.048177,1.074275,1.094758,1.113339,1.131113,1.149211,1.166744,1.184198,1.202752,1.221634,1.241766,1.262738,1.285829
IIASA-WiC POP 2025,SSP3,1,France,million,Population,ANNUAL,,,,,,,,,,,,,,,,65.106109,65.747715,66.56463,67.520378,68.379937,69.157108,69.910946,70.853218,72.070743,73.592591,75.338144,77.197206,79.130669,81.178821,83.364499,85.66934
IIASA-WiC POP 2025,SSP3,1,Micronesia,million,Population,ANNUAL,,,,,,,,,,,,,,,,0.114689,0.121167,0.127577,0.133289,0.137674,0.140735,0.142932,0.145079,0.147645,0.150216,0.152356,0.153881,0.155194,0.156848,0.159279,0.16241
IIASA-WiC POP 2025,SSP3,1,Gabon,million,Population,ANNUAL,,,,,,,,,,,,,,,,2.512271,2.746406,2.984784,3.228096,3.463114,3.686491,3.896991,4.090246,4.260291,4.409714,4.55122,4.686739,4.813396,4.928297,5.028681,5.117291
IIASA-WiC POP 2025,SSP3,1,United Kingdom,million,Population,ANNUAL,,,,,,,,,,,,,,,,67.833949,68.485386,69.193134,70.053146,71.010745,72.089495,73.009772,73.961815,75.092306,76.481859,78.047932,79.668061,81.290483,82.966794,84.791613,86.792696
IIASA-WiC POP 2025,SSP3,1,Georgia,million,Population,ANNUAL,,,,,,,,,,,,,,,,3.621957,3.540639,3.463818,3.404523,3.351976,3.299928,3.245174,3.190558,3.146679,3.118508,3.105972,3.106882,3.120084,3.144061,3.176682,3.215127
IIASA-WiC POP 2025,SSP3,1,Ghana,million,Population,ANNUAL,,,,,,,,,,,,,,,,35.282895,39.202664,43.441516,48.018627,52.691525,57.44071,62.131717,66.901631,71.573518,76.180247,80.579615,84.682048,88.623326,92.508289,96.355552,100.131742
IIASA-WiC POP 2025,SSP3,1,Guinea,million,Population,ANNUAL,,,,,,,,,,,,,,,,14.62162,16.496656,18.484318,20.556993,22.628404,24.682126,26.719241,28.724641,30.608943,32.380545,33.936636,35.314093,36.49156,37.602001,38.648209,39.615959
IIASA-WiC POP 2025,SSP3,1,Guadeloupe,million,Population,ANNUAL,,,,,,,,,,,,,,,,0.397751,0.405561,0.41246,0.418345,0.421739,0.423988,0.427296,0.433014,0.441439,0.452273,0.464943,0.479054,0.494406,0.510785,0.527939,0.545843
IIASA-WiC POP 2025,SSP3,1,Gambia,million,Population,ANNUAL,,,,,,,,,,,,,,,,2.843788,3.206661,3.607756,4.027942,4.444346,4.847209,5.236554,5.609127,5.969284,6.309291,6.613865,6.880319,7.125566,7.356496,7.576063,7.781989
IIASA-WiC POP 2025,SSP3,1,Guinea-Bissau,million,Population,ANNUAL,,,,,,,,,,,,,,,,2.214987,2.445566,2.681647,2.920103,3.144417,3.350516,3.537366,3.708903,3.857867,3.981634,4.077941,4.1524,4.21119,4.254307,4.284081,4.300541
IIASA-WiC POP 2025,SSP3,1,Equatorial Guinea,million,Population,ANNUAL,,,,,,,,,,,,,,,,1.790756,1.995754,2.214484,2.443409,2.671285,2.898007,3.119375,3.332216,3.532843,3.712879,3.868546,3.999244,4.114887,4.212754,4.289466,4.339992
IIASA-WiC POP 2025,SSP3,1,Greece,million,Population,ANNUAL,,,,,,,,,,,,,,,,10.364011,10.174282,10.011829,9.880738,9.75623,9.632635,9.483628,9.327098,9.182959,9.07438,9.009495,8.983718,8.9823,8.9878,8.990819,8.994135
IIASA-WiC POP 2025,SSP3,1,Grenada,million,Population,ANNUAL,,,,,,,,,,,,,,,,0.126268,0.129636,0.132469,0.135343,0.138139,0.140603,0.142756,0.144641,0.146467,0.148302,0.150029,0.151749,0.153652,0.155883,0.15848,0.161385
IIASA-WiC POP 2025,SSP3,1,Guatemala,million,Population,ANNUAL,,,,,,,,,,,,,,,,18.589952,20.239789,21.881206,23.48263,24.919903,26.208249,27.368628,28.462698,29.486726,30.415995,31.230508,31.929073,32.547773,33.125073,33.687887,34.256322
IIASA-WiC POP 2025,SSP3,1,French Guiana,million,Population,ANNUAL,,,,,,,,,,,,,,,,0.321887,0.357758,0.394843,0.43257,0.469189,0.505736,0.542007,0.57868,0.614175,0.647813,0.680803,0.713714,0.746384,0.778751,0.810039,0.840274
IIASA-WiC POP 2025,SSP3,1,Guam,million,Population,ANNUAL,,,,,,,,,,,,,,,,0.173227,0.180715,0.188467,0.195833,0.202102,0.207149,0.211278,0.215539,0.220623,0.226406,0.232556,0.238532,0.244361,0.250212,0.256308,0.262782
IIASA-WiC POP 2025,SSP3,1,Guyana,million,Population,ANNUAL,,,,,,,,,,,,,,,,0.808134,0.840524,0.869844,0.894537,0.911534,0.923286,0.933076,0.941942,0.950959,0.959583,0.967515,0.975292,0.98393,0.994105,1.006195,1.02049
IIASA-WiC POP 2025,SSP3,1,Hong Kong,million,Population,ANNUAL,,,,,,,,,,,,,,,,7.535771,7.500895,7.424662,7.31763,7.189363,7.07105,6.934619,6.78413,6.623564,6.467839,6.32454,6.198734,6.09724,6.017717,5.950509,5.88507
IIASA-WiC POP 2025,SSP3,1,Honduras,million,Population,ANNUAL,,,,,,,,,,,,,,,,10.827569,11.700249,12.556774,13.35559,14.053878,14.699629,15.313348,15.894202,16.424713,16.893424,17.306799,17.67949,18.033139,18.382643,18.738878,19.106741
IIASA-WiC POP 2025,SSP3,1,Croatia,million,Population,ANNUAL,,,,,,,,,,,,,,,,3.980758,3.863806,3.75481,3.652845,3.555864,3.467317,3.389004,3.324454,3.273157,3.233365,3.203331,3.182847,3.171518,3.16859,3.172903,3.183072
IIASA-WiC POP 2025,SSP3,1,Haiti,million,Population,ANNUAL,,,,,,,,,,,,,,,,12.018019,12.92276,13.827845,14.702863,15.507379,16.208435,16.790069,17.289201,17.737381,18.148495,18.520134,18.848556,19.141614,19.411721,19.674188,19.939757
IIASA-WiC POP 2025,SSP3,1,Hungary,million,Population,ANNUAL,,,,,,,,,,,,,,,,9.592585,9.389913,9.174216,8.961336,8.755818,8.572276,8.403487,8.244084,8.087122,7.94596,7.834516,7.75615,7.703979,7.672026,7.656452,7.650952
IIASA-WiC POP 2025,SSP3,1,Indonesia,million,Population,ANNUAL,,,,,,,,,,,,,,,,280.697803,292.150377,302.37605,311.083269,317.61619,322.452362,326.517754,330.120121,333.223071,335.869645,338.120006,340.105266,342.05621,343.996608,345.974491,348.109095
IIASA-WiC POP 2025,SSP3,1,India,million,Population,ANNUAL,,,,,,,,,,,,,,,,1445.482972,1510.626088,1570.892487,1624.427681,1665.697764,1696.008997,1721.966088,1746.250193,1766.434195,1781.617296,1790.875804,1796.64236,1802.709882,1811.941541,1824.654985,1840.339913
IIASA-WiC POP 2025,SSP3,1,Ireland,million,Population,ANNUAL,,,,,,,,,,,,,,,,5.123491,5.248174,5.384489,5.539748,5.698696,5.854933,5.983249,6.092666,6.197147,6.314229,6.451073,6.607067,6.772499,6.934162,7.087238,7.238042
IIASA-WiC POP 2025,SSP3,1,Iran,million,Population,ANNUAL,,,,,,,,,,,,,,,,90.694703,94.384704,97.637902,100.579081,103.094818,105.174022,106.73755,107.648085,107.989729,107.972977,107.77308,107.63359,107.762473,108.199438,108.797308,109.394632
IIASA-WiC POP 2025,SSP3,1,Iraq,million,Population,ANNUAL,,,,,,,,,,,,,,,,47.025073,52.616439,58.614661,65.017951,71.356026,77.554879,83.756386,89.888839,95.678012,101.12781,106.421487,111.62113,116.684939,121.550731,126.185214,130.630867
IIASA-WiC POP 2025,SSP3,1,Iceland,million,Population,ANNUAL,,,,,,,,,,,,,,,,0.376535,0.387676,0.398366,0.408416,0.417361,0.426075,0.434269,0.443028,0.452378,0.462006,0.471521,0.480825,0.490292,0.500714,0.512954,0.526991
IIASA-WiC POP 2025,SSP3,1,Israel,million,Population,ANNUAL,,,,,,,,,,,,,,,,9.371281,10.082616,10.83632,11.667382,12.547051,13.466077,14.418285,15.409922,16.44793,17.551052,18.72796,19.976057,21.287969,22.660918,24.099064,25.609878
IIASA-WiC POP 2025,SSP3,1,Italy,million,Population,ANNUAL,,,,,,,,,,,,,,,,58.934481,57.897154,56.934154,56.072203,55.195851,54.287549,53.157713,51.955542,50.867244,50.088023,49.667926,49.522408,49.510053,49.538408,49.603772,49.740163
IIASA-WiC POP 2025,SSP3,1,Jamaica,million,Population,ANNUAL,,,,,,,,,,,,,,,,2.835407,2.883945,2.922219,2.945539,2.948198,2.935034,2.911368,2.882581,2.851867,2.816574,2.777237,2.736792,2.700812,2.674421,2.660051,2.656986
IIASA-WiC POP 2025,SSP3,1,Jordan,million,Population,ANNUAL,,,,,,,,,,,,,,,,11.893489,13.033734,14.202635,15.364338,16.444077,17.385944,18.222967,18.974331,19.680681,20.347225,20.962892,21.494397,21.955864,22.361526,22.731797,23.078197
IIASA-WiC POP 2025,SSP3,1,Japan,million,Population,ANNUAL,,,,,,,,,,,,,,,,122.475878,118.987547,115.417099,111.841115,108.251905,104.79003,101.471674,98.21826,94.999261,91.95432,89.264622,86.994769,85.054992,83.341394,81.821142,80.522433
IIASA-WiC POP 2025,SSP3,1,Kazakhstan,million,Population,ANNUAL,,,,,,,,,,,,,,,,19.792327,20.892421,21.970994,23.097883,24.209501,25.289442,26.294067,27.178323,27.986398,28.788372,29.618148,30.47817,31.335973,32.158812,32.924774,33.637743
IIASA-WiC POP 2025,SSP3,1,Kenya,million,Population,ANNUAL,,,,,,,,,,,,,,,,56.833242,62.642023,68.791708,75.040156,81.006071,86.79436,92.327142,97.760605,102.648882,106.937262,110.745975,114.333197,117.807542,121.129049,124.190301,126.942588
IIASA-WiC POP 2025,SSP3,1,Kyrgyzstan,million,Population,ANNUAL,,,,,,,,,,,,,,,,6.897813,7.475189,8.058197,8.670049,9.274051,9.840092,10.365464,10.847338,11.284582,11.701796,12.107423,12.499559,12.883466,13.241866,13.577613,13.892766
IIASA-WiC POP 2025,SSP3,1,Cambodia,million,Population,ANNUAL,,,,,,,,,,,,,,,,17.300953,18.347504,19.342222,20.251232,20.975404,21.595952,22.187907,22.763527,23.268587,23.668112,23.983644,24.264065,24.536135,24.791275,25.019201,25.235731
IIASA-WiC POP 2025,SSP3,1,Kiribati,million,Population,ANNUAL,,,,,,,,,,,,,,,,0.136069,0.147905,0.159114,0.170139,0.181135,0.19137,0.200298,0.207654,0.213779,0.219307,0.224655,0.229751,0.234374,0.23807,0.24102,0.24366
IIASA-WiC POP 2025,SSP3,1,South Korea,million,Population,ANNUAL,,,,,,,,,,,,,,,,51.512989,50.954699,50.187584,49.096953,47.656078,46.039351,44.000688,41.706735,39.481615,37.495031,35.72619,34.16398,32.788896,31.523747,30.38047,29.468758
IIASA-WiC POP 2025,SSP3,1,Kuwait,million,Population,ANNUAL,,,,,,,,,,,,,,,,4.737165,4.947911,5.133372,5.302428,5.435025,5.514681,5.537357,5.519903,5.482426,5.462346,5.480866,5.539392,5.620886,5.701406,5.768588,5.821733
IIASA-WiC POP 2025,SSP3,1,Laos,million,Population,ANNUAL,,,,,,,,,,,,,,,,7.767739,8.321436,8.863015,9.377781,9.821642,10.207263,10.56956,10.919181,11.239642,11.528106,11.794469,12.057489,12.330562,12.622326,12.930451,13.251085
IIASA-WiC POP 2025,SSP3,1,Lebanon,million,Population,ANNUAL,,,,,,,,,,,,,,,,5.939671,6.268719,6.596083,6.909576,7.184852,7.41451,7.60914,7.801913,7.997142,8.191701,8.365129,8.512622,8.631092,8.731001,8.826028,8.925813
IIASA-WiC POP 2025,SSP3,1,Liberia,million,Population,ANNUAL,,,,,,,,,,,,,,,,5.653457,6.314402,7.027417,7.770527,8.496283,9.196158,9.882559,10.538914,11.165872,11.721626,12.204501,12.613268,12.972963,13.290245,13.57033,13.810889
IIASA-WiC POP 2025,SSP3,1,Libya,million,Population,ANNUAL,,,,,,,,,,,,,,,,7.042351,7.508768,7.990856,8.496005,8.966343,9.366501,9.699225,10.006447,10.321108,10.655665,11.005865,11.347165,11.666478,11.970739,12.275303,12.588557
IIASA-WiC POP 2025,SSP3,1,Saint Lucia,million,Population,ANNUAL,,,,,,,,,,,,,,,,0.180791,0.183785,0.186005,0.187173,0.187158,0.186398,0.185293,0.184083,0.18272,0.181173,0.179483,0.177786,0.176411,0.175623,0.175547,0.176115
IIASA-WiC POP 2025,SSP3,1,Sri Lanka,million,Population,ANNUAL,,,,,,,,,,,,,,,,22.224116,22.783554,23.306764,23.795928,24.166284,24.426893,24.638631,24.870011,25.125241,25.397818,25.648838,25.889747,26.144816,26.420417,26.725855,27.062538
IIASA-WiC POP 2025,SSP3,1,Lesotho,million,Population,ANNUAL,,,,,,,,,,,,,,,,2.348805,2.45071,2.556917,2.662774,2.756812,2.844,2.919872,2.98277,3.027523,3.063562,3.094631,3.120161,3.139543,3.153485,3.162914,3.1693
IIASA-WiC POP 2025,SSP3,1,Lithuania,million,Population,ANNUAL,,,,,,,,,,,,,,,,2.725074,2.610784,2.508338,2.417751,2.339161,2.269775,2.204654,2.146634,2.101513,2.070358,2.051437,2.042327,2.04102,2.046543,2.058709,2.076579
IIASA-WiC POP 2025,SSP3,1,Luxembourg,million,Population,ANNUAL,,,,,,,,,,,,,,,,0.65515,0.669684,0.682817,0.695153,0.706984,0.719768,0.730576,0.740318,0.748807,0.756942,0.765248,0.774063,0.783492,0.79349,0.804072,0.814961
IIASA-WiC POP 2025,SSP3,1,Latvia,million,Population,ANNUAL,,,,,,,,,,,,,,,,1.836499,1.748932,1.670938,1.607431,1.555271,1.510959,1.470494,1.433731,1.402113,1.377407,1.359871,1.348465,1.341692,1.338095,1.335952,1.33415
IIASA-WiC POP 2025,SSP3,1,Macao,million,Population,ANNUAL,,,,,,,,,,,,,,,,0.698767,0.714861,0.72588,0.733225,0.73783,0.74124,0.740144,0.735725,0.727931,0.718169,0.706452,0.692745,0.677815,0.663265,0.650512,0.638954
IIASA-WiC POP 2025,SSP3,1,Morocco,million,Population,ANNUAL,,,,,,,,,,,,,,,,38.409478,40.415199,42.335345,44.122359,45.652174,46.985827,48.234321,49.437727,50.602987,51.720987,52.812961,53.883591,54.985503,56.130044,57.321587,58.559025
IIASA-WiC POP 2025,SSP3,1,Moldova,million,Population,ANNUAL,,,,,,,,,,,,,,,,3.054643,2.964688,2.872985,2.797222,2.735689,2.682704,2.629927,2.575596,2.523521,2.478802,2.445071,2.423007,2.410518,2.404437,2.402197,2.403171
IIASA-WiC POP 2025,SSP3,1,Madagascar,million,Population,ANNUAL,,,,,,,,,,,,,,,,31.357004,35.426277,39.780619,44.33565,48.962284,53.669161,58.429829,63.285357,68.001803,72.462465,76.659565,80.6952,84.679364,88.591316,92.365769,95.962186
IIASA-WiC POP 2025,SSP3,1,Maldives,million,Population,ANNUAL,,,,,,,,,,,,,,,,0.548228,0.578438,0.605891,0.633203,0.659975,0.684395,0.704382,0.719345,0.72866,0.73348,0.734336,0.732132,0.728633,0.726245,0.726649,0.730014
IIASA-WiC POP 2025,SSP3,1,Mexico,million,Population,ANNUAL,,,,,,,,,,,,,,,,130.41403,136.714761,142.906196,148.720197,153.68108,158.041099,162.181111,166.221148,170.079034,173.737286,177.187757,180.52603,183.889323,187.382257,191.130813,195.009867
IIASA-WiC POP 2025,SSP3,1,North Macedonia,million,Population,ANNUAL,,,,,,,,,,,,,,,,2.095603,2.106131,2.108622,2.101629,2.086034,2.066978,2.048084,2.03217,2.018581,2.006097,1.994323,1.985112,1.981164,1.984185,1.993965,2.008396
IIASA-WiC POP 2025,SSP3,1,Mali,million,Population,ANNUAL,,,,,,,,,,,,,,,,24.361669,28.738078,33.687711,39.071077,44.633559,50.350312,56.280593,62.328053,68.376919,74.296364,79.905748,85.244453,89.974607,94.171257,97.784308,101.04186
IIASA-WiC POP 2025,SSP3,1,Malta,million,Population,ANNUAL,,,,,,,,,,,,,,,,0.517403,0.518634,0.51586,0.510315,0.504263,0.500231,0.496214,0.491591,0.485099,0.476317,0.465652,0.454791,0.445473,0.43867,0.434532,0.432273
IIASA-WiC POP 2025,SSP3,1,Myanmar,million,Population,ANNUAL,,,,,,,,,,,,,,,,54.951374,56.749371,58.187825,59.269672,59.994929,60.499867,60.848291,61.097659,61.249986,61.337868,61.412446,61.525606,61.703034,61.991083,62.38241,62.870476
IIASA-WiC POP 2025,SSP3,1,Montenegro,million,Population,ANNUAL,,,,,,,,,,,,,,,,0.648657,0.643701,0.639332,0.636657,0.634474,0.632882,0.631838,0.63151,0.631754,0.632717,0.634569,0.637356,0.641156,0.645936,0.651557,0.657923
IIASA-WiC POP 2025,SSP3,1,Mongolia,million,Population,ANNUAL,,,,,,,,,,,,,,,,3.507299,3.763734,4.03816,4.335965,4.646016,4.962161,5.267749,5.551251,5.822644,6.084456,6.339748,6.594167,6.851229,7.103049,7.343864,7.565957
IIASA-WiC POP 2025,SSP3,1,Mozambique,million,Population,ANNUAL,,,,,,,,,,,,,,,,35.042684,39.814701,45.054554,50.657395,56.370948,62.169151,68.083921,74.035675,79.744683,85.187315,89.995392,94.245733,97.974676,101.383597,104.533808,107.337204
IIASA-WiC POP 2025,SSP3,1,Mauritania,million,Population,ANNUAL,,,,,,,,,,,,,,,,5.009208,5.70047,6.459184,7.270566,8.096043,8.925121,9.764058,10.615827,11.461463,12.289304,13.055432,13.745167,14.404953,15.056323,15.701645,16.3302
IIASA-WiC POP 2025,SSP3,1,Martinique,million,Population,ANNUAL,,,,,,,,,,,,,,,,0.366326,0.366518,0.367813,0.368471,0.366371,0.361968,0.357581,0.355997,0.358736,0.365276,0.373836,0.383016,0.392454,0.402657,0.414195,0.427026
IIASA-WiC POP 2025,SSP3,1,Mauritius,million,Population,ANNUAL,,,,,,,,,,,,,,,,1.29863,1.304324,1.30501,1.298428,1.282969,1.261422,1.23866,1.218526,1.201248,1.184969,1.168311,1.15146,1.135887,1.123277,1.115038,1.111192
IIASA-WiC POP 2025,SSP3,1,Malawi,million,Population,ANNUAL,,,,,,,,,,,,,,,,21.722635,24.687562,28.008413,31.551556,35.154529,38.83438,42.62932,46.523275,50.288027,53.884029,57.177429,60.184365,62.881207,65.396968,67.777182,69.971765
IIASA-WiC POP 2025,SSP3,1,Malaysia,million,Population,ANNUAL,,,,,,,,,,,,,,,,34.725784,36.29866,37.764065,39.089235,40.213514,41.155494,41.948195,42.632958,43.203377,43.658821,43.987473,44.217817,44.412816,44.632834,44.915806,45.257849
IIASA-WiC POP 2025,SSP3,1,Mayotte,million,Population,ANNUAL,,,,,,,,,,,,,,,,0.356558,0.426639,0.510238,0.610299,0.726287,0.861476,1.020091,1.206749,1.42502,1.679298,1.974477,2.316307,2.711477,3.166771,3.689365,4.286004
IIASA-WiC POP 2025,SSP3,1,Namibia,million,Population,ANNUAL,,,,,,,,,,,,,,,,2.679352,2.901815,3.126508,3.360209,3.586564,3.806042,4.014346,4.202264,4.372965,4.524564,4.665492,4.799598,4.925754,5.041845,5.144674,5.238261
IIASA-WiC POP 2025,SSP3,1,New Caledonia,million,Population,ANNUAL,,,,,,,,,,,,,,,,0.299259,0.311721,0.323406,0.334832,0.3451,0.353962,0.361693,0.368784,0.375583,0.382426,0.389414,0.396447,0.403495,0.410635,0.41793,0.425487
IIASA-WiC POP 2025,SSP3,1,Niger,million,Population,ANNUAL,,,,,,,,,,,,,,,,28.709716,34.992194,42.588443,51.550302,61.587006,72.907129,85.519926,99.336714,113.878006,128.854871,144.096764,159.195957,174.361999,189.1296,203.192738,215.595186
IIASA-WiC POP 2025,SSP3,1,Nigeria,million,Population,ANNUAL,,,,,,,,,,,,,,,,232.14437,264.627623,302.134184,344.76007,390.417675,439.312086,490.88797,544.998193,600.50307,656.634693,712.913233,768.542945,822.132016,873.704556,921.333263,964.442804
IIASA-WiC POP 2025,SSP3,1,Nicaragua,million,Population,ANNUAL,,,,,,,,,,,,,,,,7.160782,7.668922,8.161011,8.619041,9.009336,9.363149,9.699347,10.012553,10.299268,10.552497,10.779316,10.988957,11.199901,11.419001,11.64976,11.893525
IIASA-WiC POP 2025,SSP3,1,Netherlands,million,Population,ANNUAL,,,,,,,,,,,,,,,,17.582513,17.690625,17.775068,17.823642,17.823933,17.824216,17.824836,17.88694,18.029833,18.243697,18.487023,18.722724,18.947806,19.190514,19.48265,19.831099
IIASA-WiC POP 2025,SSP3,1,Norway,million,Population,ANNUAL,,,,,,,,,,,,,,,,5.506107,5.597453,5.690588,5.788124,5.883437,5.987074,6.073907,6.162774,6.2633,6.382057,6.513549,6.646638,6.776255,6.909955,7.059785,7.228748
IIASA-WiC POP 2025,SSP3,1,Nepal,million,Population,ANNUAL,,,,,,,,,,,,,,,,30.601911,32.415429,34.041292,35.504456,36.794037,38.004189,39.168729,40.223511,41.12561,41.883566,42.530955,43.105876,43.63372,44.167785,44.758435,45.451866
IIASA-WiC POP 2025,SSP3,1,New Zealand,million,Population,ANNUAL,,,,,,,,,,,,,,,,5.179058,5.312925,5.437474,5.555293,5.66116,5.75943,5.84639,5.935747,6.032184,6.136883,6.242946,6.344316,6.440577,6.536908,6.639374,6.750599
IIASA-WiC POP 2025,SSP3,1,Oman,million,Population,ANNUAL,,,,,,,,,,,,,,,,4.991532,5.374379,5.722409,6.051301,6.375565,6.685571,6.946164,7.132939,7.243471,7.301179,7.337963,7.396027,7.494211,7.632608,7.782215,7.911623
IIASA-WiC POP 2025,SSP3,1,Pakistan,million,Population,ANNUAL,,,,,,,,,,,,,,,,248.722589,277.491111,308.589148,341.299242,373.932112,407.222276,441.296175,476.668792,511.232083,544.146128,574.9041,603.723594,631.821858,659.889929,687.708839,714.852055
IIASA-WiC POP 2025,SSP3,1,Panama,million,Population,ANNUAL,,,,,,,,,,,,,,,,4.540154,4.827788,5.108421,5.367704,5.595921,5.793466,5.976704,6.151436,6.31453,6.466007,6.598638,6.723318,6.83813,6.949995,7.057488,7.162348
IIASA-WiC POP 2025,SSP3,1,Peru,million,Population,ANNUAL,,,,,,,,,,,,,,,,34.546824,36.337783,38.02106,39.519036,40.781398,41.852448,42.805701,43.669672,44.414203,45.050178,45.586371,46.060603,46.525766,47.014823,47.530277,48.079526
IIASA-WiC POP 2025,SSP3,1,Philippines,million,Population,ANNUAL,,,,,,,,,,,,,,,,119.754409,129.324759,138.977502,148.405772,157.189085,165.379885,172.851091,179.557743,185.862579,191.925411,197.623764,203.021829,207.931566,212.49075,216.938302,221.47598
IIASA-WiC POP 2025,SSP3,1,Papua New Guinea,million,Population,ANNUAL,,,,,,,,,,,,,,,,10.657199,11.689266,12.729245,13.770393,14.745107,15.656681,16.489089,17.254958,17.922882,18.531635,19.090911,19.598399,20.043059,20.431596,20.768324,21.064943
IIASA-WiC POP 2025,SSP3,1,Poland,million,Population,ANNUAL,,,,,,,,,,,,,,,,39.009959,38.228585,37.433601,36.689543,35.981412,35.380279,34.79185,34.219692,33.649474,33.108663,32.661083,32.370812,32.259911,32.308915,32.480167,32.737221
IIASA-WiC POP 2025,SSP3,1,Puerto Rico,million,Population,ANNUAL,,,,,,,,,,,,,,,,3.109319,2.985892,2.861465,2.738203,2.614816,2.500076,2.391743,2.295115,2.213003,2.144976,2.088031,2.038893,1.995157,1.955782,1.920464,1.889705
IIASA-WiC POP 2025,SSP3,1,North Korea,million,Population,ANNUAL,,,,,,,,,,,,,,,,26.39872,26.599937,26.524655,26.324469,26.001936,25.631657,25.23745,24.76981,24.238587,23.717927,23.239261,22.816528,22.448662,22.103504,21.763277,21.448776
IIASA-WiC POP 2025,SSP3,1,Portugal,million,Population,ANNUAL,,,,,,,,,,,,,,,,10.196377,10.045965,9.918026,9.801269,9.677437,9.548424,9.411012,9.286428,9.187871,9.131637,9.123914,9.159223,9.220739,9.292447,9.37185,9.464958
IIASA-WiC POP 2025,SSP3,1,Paraguay,million,Population,ANNUAL,,,,,,,,,,,,,,,,7.003398,7.510054,7.990923,8.455868,8.866781,9.241379,9.573601,9.881011,10.169424,10.434554,10.675235,10.89105,11.095477,11.295462,11.501002,11.709412
IIASA-WiC POP 2025,SSP3,1,Palestine,million,Population,ANNUAL,,,,,,,,,,,,,,,,5.559569,6.251675,6.977756,7.725595,8.459222,9.187765,9.891377,10.572343,11.210813,11.804796,12.376365,12.939423,13.488614,14.0371,14.566472,15.083131
IIASA-WiC POP 2025,SSP3,1,French Polynesia,million,Population,ANNUAL,,,,,,,,,,,,,,,,0.310863,0.322886,0.334038,0.344044,0.3519,0.357838,0.361789,0.364976,0.368311,0.37202,0.375987,0.380205,0.385088,0.390972,0.398077,0.406536
IIASA-WiC POP 2025,SSP3,1,Qatar,million,Population,ANNUAL,,,,,,,,,,,,,,,,3.125791,3.323603,3.512433,3.699828,3.877727,4.032922,4.152825,4.228598,4.244524,4.206207,4.127552,4.034701,3.955608,3.907455,3.884549,3.86537
IIASA-WiC POP 2025,SSP3,1,R??union,million,Population,ANNUAL,,,,,,,,,,,,,,,,1.000816,1.045973,1.088197,1.131014,1.170437,1.206956,1.243354,1.28193,1.323565,1.369123,1.418488,1.47021,1.523953,1.578984,1.635355,1.69292
IIASA-WiC POP 2025,SSP3,1,Romania,million,Population,ANNUAL,,,,,,,,,,,,,,,,18.885716,18.416167,17.930579,17.476833,17.025973,16.585446,16.156214,15.728916,15.322623,14.978475,14.717884,14.538945,14.427439,14.366536,14.332521,14.314095
IIASA-WiC POP 2025,SSP3,1,Russian Federation,million,Population,ANNUAL,,,,,,,,,,,,,,,,145.394341,142.964339,140.72962,139.096543,137.996856,137.267465,136.436177,135.58501,134.812861,134.423584,134.586479,135.301481,136.420991,137.728414,139.056919,140.391766
IIASA-WiC POP 2025,SSP3,1,Rwanda,million,Population,ANNUAL,,,,,,,,,,,,,,,,14.570678,16.275955,18.091624,19.997452,21.889939,23.782908,25.668193,27.561895,29.347772,31.017676,32.50277,33.810494,35.044324,36.249106,37.395134,38.448947
IIASA-WiC POP 2025,SSP3,1,Saudi Arabia,million,Population,ANNUAL,,,,,,,,,,,,,,,,39.22019,42.016927,44.660382,47.107728,49.167894,50.801608,52.079101,53.100593,53.90507,54.63341,55.348288,56.091239,56.87669,57.693881,58.484151,59.236793
IIASA-WiC POP 2025,SSP3,1,Sudan,million,Population,ANNUAL,,,,,,,,,,,,,,,,49.751585,56.448415,63.443671,70.680397,78.020559,85.411044,92.729596,100.001196,107.080995,113.838746,119.93345,125.508721,130.448559,135.105034,139.563967,143.780647
IIASA-WiC POP 2025,SSP3,1,Senegal,million,Population,ANNUAL,,,,,,,,,,,,,,,,18.370559,20.952343,23.816119,26.927865,30.16057,33.457134,36.785692,40.188167,43.604114,46.994007,50.294335,53.390484,56.281915,59.108582,61.928989,64.72225
IIASA-WiC POP 2025,SSP3,1,Singapore,million,Population,ANNUAL,,,,,,,,,,,,,,,,6.10754,6.220548,6.280036,6.280515,6.228281,6.148519,6.04652,5.939731,5.823874,5.702785,5.57875,5.455358,5.334744,5.218639,5.107532,4.999393
IIASA-WiC POP 2025,SSP3,1,Solomon Islands,million,Population,ANNUAL,,,,,,,,,,,,,,,,0.768195,0.867727,0.974508,1.088437,1.203032,1.318796,1.436195,1.552883,1.667357,1.774016,1.874225,1.965351,2.051539,2.134179,2.212655,2.285019
IIASA-WiC POP 2025,SSP3,1,Sierra Leone,million,Population,ANNUAL,,,,,,,,,,,,,,,,9.070178,10.123099,11.217855,12.329531,13.392713,14.427023,15.435739,16.400403,17.280217,18.040719,18.669256,19.214866,19.704817,20.134902,20.499329,20.789809
IIASA-WiC POP 2025,SSP3,1,El Salvador,million,Population,ANNUAL,,,,,,,,,,,,,,,,6.373114,6.573873,6.754791,6.91034,7.030971,7.125198,7.202372,7.267262,7.325731,7.375937,7.417765,7.452634,7.490102,7.540169,7.612573,7.715289
IIASA-WiC POP 2025,SSP3,1,Somalia,million,Population,ANNUAL,,,,,,,,,,,,,,,,19.02004,22.593183,26.766591,31.472675,36.572125,42.085038,48.060337,54.427878,61.015546,67.680288,74.341117,81.006063,87.60374,94.030209,99.94273,105.421467
IIASA-WiC POP 2025,SSP3,1,Serbia,million,Population,ANNUAL,,,,,,,,,,,,,,,,7.153957,7.023287,6.896195,6.770293,6.649784,6.54366,6.45356,6.381602,6.323093,6.279454,6.251941,6.242951,6.25331,6.280549,6.319481,6.36363
IIASA-WiC POP 2025,SSP3,1,South Sudan,million,Population,ANNUAL,,,,,,,,,,,,,,,,11.082318,12.084983,13.312329,14.648017,15.821386,16.759211,17.611555,18.524001,19.499383,20.436055,21.222643,21.859119,22.461773,23.122028,23.846474,24.603662
IIASA-WiC POP 2025,SSP3,1,Sao Tome and Principe,million,Population,ANNUAL,,,,,,,,,,,,,,,,0.237482,0.264173,0.292827,0.322261,0.35102,0.378824,0.405327,0.430937,0.454684,0.476011,0.495274,0.513329,0.53052,0.546557,0.561419,0.575374
IIASA-WiC POP 2025,SSP3,1,Suriname,million,Population,ANNUAL,,,,,,,,,,,,,,,,0.633338,0.668689,0.703712,0.737466,0.768105,0.796664,0.824087,0.851186,0.877718,0.904082,0.930211,0.955905,0.981951,1.008074,1.035094,1.062832
IIASA-WiC POP 2025,SSP3,1,Slovakia,million,Population,ANNUAL,,,,,,,,,,,,,,,,5.501991,5.46582,5.410912,5.346697,5.280812,5.221802,5.167351,5.114125,5.059111,5.007767,4.970985,4.958649,4.973671,5.011924,5.065301,5.125398
IIASA-WiC POP 2025,SSP3,1,Slovenia,million,Population,ANNUAL,,,,,,,,,,,,,,,,2.114577,2.097612,2.078183,2.059883,2.041013,2.020518,1.99841,1.978265,1.961756,1.951675,1.948902,1.953215,1.963661,1.978914,1.997343,2.017395
IIASA-WiC POP 2025,SSP3,1,Sweden,million,Population,ANNUAL,,,,,,,,,,,,,,,,10.56977,10.717519,10.860836,11.035303,11.24526,11.496644,11.738109,11.984027,12.244929,12.536662,12.852859,13.173603,13.489234,13.816423,14.177101,14.566321
IIASA-WiC POP 2025,SSP3,1,Eswatini,million,Population,ANNUAL,,,,,,,,,,,,,,,,1.230944,1.293386,1.355018,1.413296,1.463177,1.503382,1.534193,1.557081,1.576851,1.593539,1.606561,1.616141,1.623172,1.628952,1.634179,1.639596
IIASA-WiC POP 2025,SSP3,1,Seychelles,million,Population,ANNUAL,,,,,,,,,,,,,,,,0.109057,0.113081,0.116752,0.119961,0.12234,0.124142,0.125638,0.127037,0.128408,0.129781,0.131191,0.132668,0.134245,0.135837,0.137309,0.138671
IIASA-WiC POP 2025,SSP3,1,Syria,million,Population,ANNUAL,,,,,,,,,,,,,,,,22.104625,24.075385,26.35545,28.658832,30.700498,32.462346,34.123529,35.825505,37.626835,39.447861,41.176699,42.752609,44.180485,45.53609,46.849656,48.196941
IIASA-WiC POP 2025,SSP3,1,Chad,million,Population,ANNUAL,,,,,,,,,,,,,,,,19.219191,22.670599,26.644639,31.13093,35.883931,40.931593,46.235944,51.693638,57.185264,62.614637,67.975236,73.055184,77.950263,82.410418,86.3301,89.775075
IIASA-WiC POP 2025,SSP3,1,Togo,million,Population,ANNUAL,,,,,,,,,,,,,,,,9.354153,10.519797,11.770822,13.089686,14.409362,15.726392,17.058418,18.377599,19.671834,20.871222,21.986258,23.000432,23.96186,24.892441,25.77934,26.609458
IIASA-WiC POP 2025,SSP3,1,Thailand,million,Population,ANNUAL,,,,,,,,,,,,,,,,72.030014,72.214032,71.916443,71.122637,69.829255,68.138789,66.215865,64.268822,62.384817,60.616315,58.930131,57.36109,55.932639,54.70399,53.662346,52.812674
IIASA-WiC POP 2025,SSP3,1,Tajikistan,million,Population,ANNUAL,,,,,,,,,,,,,,,,10.416997,11.487146,12.612496,13.804463,14.969011,16.062065,17.117752,18.124251,19.061946,19.928123,20.744702,21.523855,22.277863,22.975417,23.628993,24.248779
IIASA-WiC POP 2025,SSP3,1,Turkmenistan,million,Population,ANNUAL,,,,,,,,,,,,,,,,6.714457,7.210026,7.680636,8.157894,8.622536,9.06131,9.442404,9.773359,10.055126,10.314251,10.566844,10.812432,11.040973,11.239631,11.406443,11.548153
IIASA-WiC POP 2025,SSP3,1,Timor-Leste,million,Population,ANNUAL,,,,,,,,,,,,,,,,1.393823,1.52243,1.657194,1.791088,1.912556,2.023317,2.125028,2.218425,2.301104,2.374187,2.43597,2.488782,2.535348,2.579233,2.622609,2.666331
IIASA-WiC POP 2025,SSP3,1,Tonga,million,Population,ANNUAL,,,,,,,,,,,,,,,,0.107989,0.114275,0.121025,0.12814,0.134504,0.139982,0.144456,0.148201,0.15194,0.155986,0.160217,0.164414,0.168584,0.172707,0.177095,0.182005
IIASA-WiC POP 2025,SSP3,1,Trinidad and Tobago,million,Population,ANNUAL,,,,,,,,,,,,,,,,1.527884,1.542743,1.552124,1.55682,1.554981,1.546533,1.534872,1.52299,1.51229,1.503366,1.496811,1.493177,1.495176,1.503254,1.515381,1.531098
IIASA-WiC POP 2025,SSP3,1,Tunisia,million,Population,ANNUAL,,,,,,,,,,,,,,,,12.623486,13.15158,13.602254,14.01177,14.376197,14.70692,14.994898,15.242529,15.454753,15.658148,15.873261,16.117067,16.393919,16.694987,17.001317,17.300741
IIASA-WiC POP 2025,SSP3,1,Turkey,million,Population,ANNUAL,,,,,,,,,,,,,,,,87.089009,90.431023,93.475462,96.279378,98.521367,100.190399,101.373052,102.177885,102.784712,103.321102,103.785276,104.190031,104.604078,105.132162,105.828515,106.703527
IIASA-WiC POP 2025,SSP3,1,Taiwan,million,Population,ANNUAL,,,,,,,,,,,,,,,,23.475315,23.202593,22.767999,22.146284,21.363035,20.509117,19.555808,18.587918,17.668862,16.800146,16.011169,15.344997,14.799666,14.363705,14.029055,13.772626
IIASA-WiC POP 2025,SSP3,1,Tanzania,million,Population,ANNUAL,,,,,,,,,,,,,,,,70.254303,81.014675,93.085125,106.40909,120.496238,135.375046,150.739766,166.729266,182.832956,198.693977,214.501187,229.504327,243.23957,255.870129,267.803361,279.260228
IIASA-WiC POP 2025,SSP3,1,Uganda,million,Population,ANNUAL,,,,,,,,,,,,,,,,50.77312,58.822847,67.693669,77.262651,87.194666,97.56866,108.097949,118.896411,129.560952,140.23358,150.398908,159.942483,168.736684,176.825511,184.5239,191.939113
IIASA-WiC POP 2025,SSP3,1,Ukraine,million,Population,ANNUAL,,,,,,,,,,,,,,,,36.391202,36.809538,36.679066,36.150735,35.336699,34.442123,33.518141,32.652269,31.864769,31.202139,30.69992,30.364717,30.175671,30.08927,30.061701,30.070451
IIASA-WiC POP 2025,SSP3,1,Uruguay,million,Population,ANNUAL,,,,,,,,,,,,,,,,3.411022,3.418629,3.428674,3.434679,3.427238,3.407414,3.377539,3.341973,3.304141,3.264621,3.221153,3.172611,3.120144,3.066732,3.01634,2.973527
IIASA-WiC POP 2025,SSP3,1,United States,million,Population,ANNUAL,,,,,,,,,,,,,,,,341.969466,348.606834,355.334712,362.167809,368.227638,374.014365,379.45807,385.900379,393.638594,402.459779,411.674614,420.744677,429.630923,438.753077,448.62189,459.35281
IIASA-WiC POP 2025,SSP3,1,Uzbekistan,million,Population,ANNUAL,,,,,,,,,,,,,,,,36.057826,38.873431,41.590088,44.38445,47.157511,49.877625,52.389045,54.651834,56.649885,58.522177,60.338503,62.108468,63.809848,65.435879,66.98728,68.393805
IIASA-WiC POP 2025,SSP3,1,Saint Vincent and the Grenadines,million,Population,ANNUAL,,,,,,,,,,,,,,,,0.101993,0.102658,0.10304,0.103323,0.103241,0.102724,0.102025,0.101414,0.101057,0.100975,0.101111,0.101443,0.102004,0.102826,0.10395,0.105412
IIASA-WiC POP 2025,SSP3,1,Venezuela,million,Population,ANNUAL,,,,,,,,,,,,,,,,29.785672,31.247642,32.720098,34.069496,35.201979,36.204502,37.194948,38.20645,39.177567,40.11315,41.024151,41.915746,42.789659,43.626003,44.409366,45.172991
IIASA-WiC POP 2025,SSP3,1,United States Virgin Islands,million,Population,ANNUAL,,,,,,,,,,,,,,,,0.098266,0.096898,0.095771,0.094967,0.094478,0.094413,0.09482,0.095625,0.096794,0.098399,0.100388,0.102634,0.105055,0.107517,0.109985,0.112439
IIASA-WiC POP 2025,SSP3,1,Viet Nam,million,Population,ANNUAL,,,,,,,,,,,,,,,,99.80721,103.201055,106.007823,108.401553,110.281298,111.741841,112.854386,113.676039,114.249113,114.675704,115.064346,115.531768,116.179747,117.069206,118.199417,119.507545
IIASA-WiC POP 2025,SSP3,1,Vanuatu,million,Population,ANNUAL,,,,,,,,,,,,,,,,0.343505,0.38388,0.427355,0.473731,0.520804,0.567589,0.613726,0.66024,0.705705,0.749102,0.78942,0.828379,0.866891,0.904731,0.941485,0.976489
IIASA-WiC POP 2025,SSP3,1,Samoa,million,Population,ANNUAL,,,,,,,,,,,,,,,,0.226676,0.246196,0.266567,0.287592,0.307944,0.326998,0.344294,0.360385,0.376307,0.391632,0.406253,0.420616,0.435,0.449499,0.464417,0.479521
IIASA-WiC POP 2025,SSP3,1,Yemen,million,Population,ANNUAL,,,,,,,,,,,,,,,,35.731379,40.138598,44.738437,49.489518,54.194561,58.787788,63.203077,67.483073,71.403872,74.828172,77.804022,80.50096,83.076491,85.514066,87.775813,89.829778
IIASA-WiC POP 2025,SSP3,1,South Africa,million,Population,ANNUAL,,,,,,,,,,,,,,,,60.833813,63.019069,64.930715,66.5571,67.748437,68.481026,68.957262,69.269697,69.421783,69.406138,69.27421,69.047921,68.828847,68.613397,68.372457,68.099192
IIASA-WiC POP 2025,SSP3,1,Zambia,million,Population,ANNUAL,,,,,,,,,,,,,,,,21.313458,24.163828,27.233039,30.461985,33.679867,36.864486,40.020676,43.172928,46.14935,48.942024,51.378719,53.500798,55.437179,57.23899,58.879686,60.329173
IIASA-WiC POP 2025,SSP3,1,Zimbabwe,million,Population,ANNUAL,,,,,,,,,,,,,,,,16.972672,18.569152,20.208921,21.839252,23.369435,24.757123,26.006177,27.102069,28.029271,28.787433,29.466981,30.077607,30.619865,31.070524,31.455129,31.779987
IIASA-WiC POP 2025,SSP3,1,Kosovo,million,Population,ANNUAL,,,,,,,,,,,,,,,,1.774432,1.8341,1.899275,1.960124,2.004685,2.029756,2.040163,2.046576,2.056022,2.067261,2.074125,2.071726,2.0605,2.046512,2.03755,2.0389
IIASA-WiC POP 2025,SSP4,1,Aruba,million,Population,ANNUAL,,,,,,,,,,,,,,,,0.1088,0.111285,0.113875,0.116661,0.119352,0.121941,0.124767,0.128231,0.131974,0.135859,0.139618,0.142949,0.145767,0.148048,0.149838,0.151186
IIASA-WiC POP 2025,SSP4,1,Afghanistan,million,Population,ANNUAL,,,,,,,,,,,,,,,,44.166205,51.027913,58.448232,66.300216,74.179757,82.095331,90.05678,98.025101,105.813178,113.100375,119.807187,125.724059,130.854162,135.581994,140.006119,144.033569
IIASA-WiC POP 2025,SSP4,1,Angola,million,Population,ANNUAL,,,,,,,,,,,,,,,,38.360074,44.79812,52.094079,60.192141,68.601424,77.309632,86.261414,95.530138,104.725368,113.546218,121.9298,129.534965,136.198409,141.900915,147.074498,151.746549
IIASA-WiC POP 2025,SSP4,1,Albania,million,Population,ANNUAL,,,,,,,,,,,,,,,,2.793087,2.702159,2.586932,2.457155,2.323454,2.189521,2.057595,1.929837,1.814293,1.709427,1.612167,1.519591,1.430175,1.3432,1.261283,1.187089
IIASA-WiC POP 2025,SSP4,1,United Arab Emirates,million,Population,ANNUAL,,,,,,,,,,,,,,,,9.79243,10.321035,10.78239,11.180892,11.527843,11.829194,12.040959,12.132033,12.059994,11.850692,11.555973,11.248359,10.989916,10.79487,10.623254,10.414711
IIASA-WiC POP 2025,SSP4,1,Argentina,million,Population,ANNUAL,,,,,,,,,,,,,,,,46.045355,47.445833,48.903392,50.361939,51.640183,52.791337,53.837898,54.742642,55.542986,56.285206,56.974039,57.594797,58.162073,58.705915,59.258842,59.866309
IIASA-WiC POP 2025,SSP4,1,Armenia,million,Population,ANNUAL,,,,,,,,,,,,,,,,2.762253,2.705526,2.635399,2.559029,2.483782,2.408398,2.332181,2.255369,2.182934,2.113149,2.044122,1.974724,1.906379,1.842717,1.785255,1.731436
IIASA-WiC POP 2025,SSP4,1,Antigua and Barbuda,million,Population,ANNUAL,,,,,,,,,,,,,,,,0.095485,0.098403,0.101014,0.103229,0.104829,0.105999,0.106942,0.107944,0.108825,0.109561,0.110083,0.110346,0.11034,0.110091,0.10957,0.108781
IIASA-WiC POP 2025,SSP4,1,Australia,million,Population,ANNUAL,,,,,,,,,,,,,,,,26.559259,27.397624,28.102707,28.683798,29.222133,29.732565,30.156945,30.488318,30.688153,30.764315,30.716585,30.530968,30.181378,29.665446,29.005041,28.223915
IIASA-WiC POP 2025,SSP4,1,Austria,million,Population,ANNUAL,,,,,,,,,,,,,,,,9.044223,9.065647,9.056131,9.021727,8.984013,8.933599,8.854901,8.750248,8.623137,8.487899,8.341134,8.168314,7.961874,7.726138,7.468667,7.19418
IIASA-WiC POP 2025,SSP4,1,Azerbaijan,million,Population,ANNUAL,,,,,,,,,,,,,,,,10.492942,10.669458,10.791122,10.827652,10.774153,10.635839,10.435413,10.194033,9.919663,9.609407,9.264053,8.889271,8.501709,8.110968,7.719581,7.318677
IIASA-WiC POP 2025,SSP4,1,Burundi,million,Population,ANNUAL,,,,,,,,,,,,,,,,13.674842,15.541617,17.616312,19.871299,22.131292,24.35385,26.510452,28.612242,30.654801,32.596183,34.406887,36.023038,37.421925,38.70734,39.919837,41.054411
IIASA-WiC POP 2025,SSP4,1,Belgium,million,Population,ANNUAL,,,,,,,,,,,,,,,,11.692354,11.75561,11.799483,11.82083,11.832263,11.829355,11.78758,11.714808,11.614151,11.493658,11.353032,11.180661,10.966373,10.70764,10.408911,10.072948
IIASA-WiC POP 2025,SSP4,1,Benin,million,Population,ANNUAL,,,,,,,,,,,,,,,,14.28294,16.423157,18.774854,21.322997,23.926509,26.597345,29.331886,32.09718,34.897458,37.604701,40.207679,42.581626,44.782919,46.783937,48.656618,50.432781
IIASA-WiC POP 2025,SSP4,1,Burkina Faso,million,Population,ANNUAL,,,,,,,,,,,,,,,,24.191297,27.760731,31.772646,36.193408,40.761392,45.426587,50.096284,54.81643,59.526692,64.157453,68.619805,72.78901,76.566972,79.967845,83.171306,86.29443
IIASA-WiC POP 2025,SSP4,1,Bangladesh,million,Population,ANNUAL,,,,,,,,,,,,,,,,175.53052,184.464744,192.075341,198.393467,203.193886,206.866187,209.711208,211.652066,212.61425,212.691754,212.133674,211.233257,210.141434,208.970416,207.907449,207.328056
IIASA-WiC POP 2025,SSP4,1,Bulgaria,million,Population,ANNUAL,,,,,,,,,,,,,,,,6.678252,6.398806,6.122505,5.850448,5.593283,5.352231,5.120563,4.891698,4.664084,4.438996,4.219577,4.013359,3.822684,3.648204,3.484064,3.319424
IIASA-WiC POP 2025,SSP4,1,Bahrain,million,Population,ANNUAL,,,,,,,,,,,,,,,,1.624196,1.752012,1.875573,1.996927,2.109309,2.210638,2.296147,2.365762,2.412536,2.440304,2.455473,2.465404,2.476655,2.488987,2.496651,2.493828
IIASA-WiC POP 2025,SSP4,1,Bahamas,million,Population,ANNUAL,,,,,,,,,,,,,,,,0.415502,0.426883,0.438001,0.447587,0.45448,0.459457,0.463168,0.466306,0.46888,0.471273,0.473381,0.474869,0.475694,0.476122,0.476592,0.477461
IIASA-WiC POP 2025,SSP4,1,Bosnia and Herzegovina,million,Population,ANNUAL,,,,,,,,,,,,,,,,3.181,3.050262,2.908344,2.758597,2.610194,2.467059,2.331407,2.203103,2.084875,1.975188,1.872517,1.777078,1.688226,1.60551,1.527273,1.451395
IIASA-WiC POP 2025,SSP4,1,Belarus,million,Population,ANNUAL,,,,,,,,,,,,,,,,9.3946,9.181368,8.96052,8.736368,8.52316,8.310566,8.087694,7.855924,7.615254,7.368174,7.116044,6.859898,6.603826,6.350859,6.096601,5.829087
IIASA-WiC POP 2025,SSP4,1,Belize,million,Population,ANNUAL,,,,,,,,,,,,,,,,0.423846,0.458365,0.491626,0.522659,0.551036,0.578261,0.604722,0.630419,0.654148,0.675697,0.694869,0.712287,0.728421,0.743719,0.758421,0.772536
IIASA-WiC POP 2025,SSP4,1,Bolivia,million,Population,ANNUAL,,,,,,,,,,,,,,,,12.620088,13.563294,14.526823,15.450945,16.285854,17.004914,17.613084,18.161891,18.675724,19.154508,19.592981,19.972248,20.310335,20.633964,20.964225,21.298217
IIASA-WiC POP 2025,SSP4,1,Brazil,million,Population,ANNUAL,,,,,,,,,,,,,,,,217.546263,223.192156,228.207054,232.170674,234.447704,235.56631,235.773548,235.396229,234.470778,233.096774,231.310912,229.328706,227.45864,226.043697,225.263618,225.123156
IIASA-WiC POP 2025,SSP4,1,Barbados,million,Population,ANNUAL,,,,,,,,,,,,,,,,0.282601,0.284871,0.286726,0.287771,0.287728,0.287138,0.286937,0.287952,0.290002,0.292743,0.295747,0.298857,0.301947,0.305233,0.308628,0.312101
IIASA-WiC POP 2025,SSP4,1,Brunei Darussalam,million,Population,ANNUAL,,,,,,,,,,,,,,,,0.461429,0.482626,0.502544,0.521158,0.537328,0.551085,0.562625,0.573302,0.583157,0.59274,0.602039,0.611011,0.619883,0.628847,0.63797,0.647266
IIASA-WiC POP 2025,SSP4,1,Bhutan,million,Population,ANNUAL,,,,,,,,,,,,,,,,0.797744,0.826757,0.853541,0.876518,0.892709,0.902251,0.90652,0.906889,0.902633,0.893466,0.880035,0.86423,0.848259,0.833661,0.820654,0.808805
IIASA-WiC POP 2025,SSP4,1,Botswana,million,Population,ANNUAL,,,,,,,,,,,,,,,,2.7334,2.927304,3.116225,3.29629,3.452712,3.577255,3.675329,3.759832,3.83065,3.886757,3.928386,3.952559,3.965341,3.965417,3.957852,3.941661
IIASA-WiC POP 2025,SSP4,1,Central African Republic,million,Population,ANNUAL,,,,,,,,,,,,,,,,6.099845,7.073286,8.166611,9.331127,10.489733,11.678805,12.893553,14.123879,15.340561,16.52595,17.665146,18.746012,19.765582,20.68839,21.517417,22.294906
IIASA-WiC POP 2025,SSP4,1,Canada,million,Population,ANNUAL,,,,,,,,,,,,,,,,38.636151,39.257114,39.734691,40.045204,40.279828,40.482116,40.560442,40.56601,40.487745,40.330075,40.045982,39.590889,38.939284,38.091993,37.072041,35.906486
IIASA-WiC POP 2025,SSP4,1,Switzerland,million,Population,ANNUAL,,,,,,,,,,,,,,,,8.846489,8.974342,9.071243,9.145876,9.223006,9.306164,9.363966,9.389925,9.378763,9.346244,9.295613,9.218165,9.105331,8.955551,8.769819,8.547599
IIASA-WiC POP 2025,SSP4,1,Chile,million,Population,ANNUAL,,,,,,,,,,,,,,,,19.581699,20.008102,20.373581,20.647412,20.798893,20.869273,20.860166,20.784379,20.659059,20.501239,20.304555,20.071512,19.821974,19.583725,19.382134,19.231811
IIASA-WiC POP 2025,SSP4,1,China,million,Population,ANNUAL,,,,,,,,,,,,,,,,1426.368117,1413.818249,1393.684722,1364.632488,1326.726761,1278.516095,1220.833687,1156.669214,1089.863172,1023.210768,957.362945,891.279834,825.447126,762.286804,703.362858,647.868606
IIASA-WiC POP 2025,SSP4,1,lvory Coast,million,Population,ANNUAL,,,,,,,,,,,,,,,,29.762711,33.206002,36.885144,40.699185,44.425113,48.038089,51.569157,54.953667,58.149709,61.106926,63.689524,65.909796,67.98415,69.989405,71.894647,73.659761
IIASA-WiC POP 2025,SSP4,1,Cameroon,million,Population,ANNUAL,,,,,,,,,,,,,,,,29.624897,33.336418,37.309607,41.474096,45.621746,49.706793,53.725579,57.588977,61.222069,64.639105,67.573545,70.118305,72.179034,74.002632,75.677696,77.022182
IIASA-WiC POP 2025,SSP4,1,Democratic Republic of the Congo,million,Population,ANNUAL,,,,,,,,,,,,,,,,107.546464,127.477326,150.190108,175.675612,202.850056,231.593855,261.939473,293.7535,325.901016,357.997809,389.51983,419.839077,448.725751,474.750939,497.865611,517.997057
IIASA-WiC POP 2025,SSP4,1,Congo,million,Population,ANNUAL,,,,,,,,,,,,,,,,6.343255,7.09832,7.919418,8.781545,9.627611,10.462219,11.276306,12.061754,12.821548,13.522326,14.1308,14.655679,15.12974,15.569945,15.96937,16.323958
IIASA-WiC POP 2025,SSP4,1,Colombia,million,Population,ANNUAL,,,,,,,,,,,,,,,,52.418442,54.499293,56.377683,57.954328,59.083916,59.931555,60.618728,61.204616,61.666054,61.999346,62.174312,62.248103,62.333208,62.539495,62.924699,63.491722
IIASA-WiC POP 2025,SSP4,1,Comoros,million,Population,ANNUAL,,,,,,,,,,,,,,,,0.880919,0.974488,1.072491,1.17468,1.275482,1.374481,1.470567,1.562028,1.649453,1.72703,1.796874,1.857622,1.914148,1.968364,2.019657,2.066901
IIASA-WiC POP 2025,SSP4,1,Cabo Verde,million,Population,ANNUAL,,,,,,,,,,,,,,,,0.608115,0.638134,0.664984,0.688987,0.708122,0.723522,0.735813,0.745614,0.753031,0.757972,0.760541,0.761996,0.76357,0.766418,0.770982,0.777255
IIASA-WiC POP 2025,SSP4,1,Costa Rica,million,Population,ANNUAL,,,,,,,,,,,,,,,,5.256994,5.430678,5.59517,5.741069,5.852411,5.93315,5.992932,6.041023,6.076871,6.098798,6.102393,6.090361,6.071306,6.053937,6.041579,6.03603
IIASA-WiC POP 2025,SSP4,1,Cuba,million,Population,ANNUAL,,,,,,,,,,,,,,,,11.211281,11.163326,11.088094,10.983101,10.826069,10.641966,10.440112,10.249132,10.084859,9.969012,9.887159,9.83256,9.790076,9.77084,9.770812,9.800338
IIASA-WiC POP 2025,SSP4,1,Cura??ao,million,Population,ANNUAL,,,,,,,,,,,,,,,,0.19498,0.201781,0.208544,0.215252,0.221619,0.227959,0.234717,0.242172,0.249112,0.255084,0.259669,0.262765,0.264545,0.265278,0.265115,0.264043
IIASA-WiC POP 2025,SSP4,1,Cyprus,million,Population,ANNUAL,,,,,,,,,,,,,,,,1.284492,1.309957,1.329039,1.344307,1.358823,1.372074,1.379623,1.380332,1.371577,1.353795,1.32732,1.292179,1.250026,1.203925,1.15659,1.108014
IIASA-WiC POP 2025,SSP4,1,Czechia,million,Population,ANNUAL,,,,,,,,,,,,,,,,10.851138,10.666026,10.446353,10.223734,10.028173,9.850729,9.669168,9.456158,9.193964,8.889576,8.572008,8.264845,7.97641,7.699448,7.42634,7.144857
IIASA-WiC POP 2025,SSP4,1,Germany,million,Population,ANNUAL,,,,,,,,,,,,,,,,83.596005,82.652975,81.56923,80.40711,79.276584,78.082361,76.763998,75.337712,73.824881,72.313837,70.758628,69.030878,67.068396,64.919735,62.649368,60.266685
IIASA-WiC POP 2025,SSP4,1,Djibouti,million,Population,ANNUAL,,,,,,,,,,,,,,,,1.154103,1.232331,1.311357,1.388523,1.456981,1.511883,1.556676,1.594184,1.628189,1.66039,1.688725,1.710834,1.727138,1.739565,1.750743,1.762158
IIASA-WiC POP 2025,SSP4,1,Denmark,million,Population,ANNUAL,,,,,,,,,,,,,,,,5.903302,5.933027,5.938792,5.920804,5.898356,5.880392,5.852942,5.813778,5.762569,5.70449,5.640771,5.566195,5.469875,5.346867,5.203123,5.047823
IIASA-WiC POP 2025,SSP4,1,Dominican Republic,million,Population,ANNUAL,,,,,,,,,,,,,,,,11.537089,12.152787,12.734893,13.244763,13.654165,14.012522,14.345671,14.659566,14.938626,15.175208,15.392969,15.601649,15.812744,16.022708,16.24256,16.46734
IIASA-WiC POP 2025,SSP4,1,Algeria,million,Population,ANNUAL,,,,,,,,,,,,,,,,46.733889,50.231703,53.521693,56.860148,60.157313,63.357946,66.15883,68.521081,70.461883,72.260151,74.137306,76.150857,78.223258,80.191918,81.939524,83.448114
IIASA-WiC POP 2025,SSP4,1,Ecuador,million,Population,ANNUAL,,,,,,,,,,,,,,,,18.413986,19.450137,20.431383,21.301312,22.040655,22.705762,23.314151,23.861641,24.337686,24.740042,25.072745,25.354271,25.608169,25.8569,26.120318,26.413559
IIASA-WiC POP 2025,SSP4,1,Egypt,million,Population,ANNUAL,,,,,,,,,,,,,,,,116.004863,126.599969,137.955859,150.171424,162.268295,173.993016,185.452419,196.7206,207.183613,216.790814,225.967858,234.932913,243.530638,251.854228,259.529454,266.632106
IIASA-WiC POP 2025,SSP4,1,Eritrea,million,Population,ANNUAL,,,,,,,,,,,,,,,,3.85609,4.263003,4.699005,5.136239,5.532774,5.898212,6.245659,6.583178,6.911619,7.200352,7.448999,7.682397,7.918736,8.16257,8.410035,8.657497
IIASA-WiC POP 2025,SSP4,1,Western Sahara,million,Population,ANNUAL,,,,,,,,,,,,,,,,0.59731,0.642076,0.684947,0.726991,0.766111,0.803689,0.839886,0.87491,0.906345,0.935201,0.962337,0.987777,1.010666,1.029878,1.044788,1.055547
IIASA-WiC POP 2025,SSP4,1,Spain,million,Population,ANNUAL,,,,,,,,,,,,,,,,47.59626,47.648355,47.675207,47.685414,47.713964,47.735399,47.500847,46.996477,46.203304,45.219769,44.156018,43.122212,42.14645,41.14072,39.984969,38.597158
IIASA-WiC POP 2025,SSP4,1,Estonia,million,Population,ANNUAL,,,,,,,,,,,,,,,,1.347628,1.306257,1.265982,1.22855,1.195604,1.165061,1.13418,1.102,1.068415,1.033779,0.998605,0.963226,0.928084,0.893461,0.859169,0.823863
IIASA-WiC POP 2025,SSP4,1,Ethiopia,million,Population,ANNUAL,,,,,,,,,,,,,,,,130.851847,148.721496,168.275385,189.193948,210.455142,232.331708,254.883606,278.251528,300.625664,321.741418,340.458345,357.651586,374.310599,390.65547,406.332234,420.870641
IIASA-WiC POP 2025,SSP4,1,Finland,million,Population,ANNUAL,,,,,,,,,,,,,,,,5.53656,5.490045,5.432578,5.363902,5.295588,5.237032,5.167167,5.091618,5.014669,4.93647,4.849475,4.747311,4.629431,4.497688,4.356188,4.207811
IIASA-WiC POP 2025,SSP4,1,Fiji,million,Population,ANNUAL,,,,,,,,,,,,,,,,0.941962,0.966027,0.986769,1.004053,1.013593,1.017365,1.019148,1.020022,1.022579,1.026053,1.030885,1.038132,1.047035,1.058295,1.071357,1.087354
IIASA-WiC POP 2025,SSP4,1,France,million,Population,ANNUAL,,,,,,,,,,,,,,,,65.106109,65.445625,65.707076,65.813807,65.78838,65.609309,65.264145,64.791284,64.212373,63.545616,62.837036,62.0844,61.238031,60.271665,59.155014,57.812496
IIASA-WiC POP 2025,SSP4,1,Micronesia,million,Population,ANNUAL,,,,,,,,,,,,,,,,0.114689,0.11863,0.122205,0.12475,0.125797,0.125496,0.124371,0.123196,0.122626,0.122289,0.12184,0.121185,0.120722,0.120831,0.121818,0.123584
IIASA-WiC POP 2025,SSP4,1,Gabon,million,Population,ANNUAL,,,,,,,,,,,,,,,,2.512271,2.755349,3.003095,3.25479,3.495647,3.721547,3.931397,4.120864,4.283566,4.423067,4.551973,4.671666,4.779273,4.872781,4.949492,5.013138
IIASA-WiC POP 2025,SSP4,1,United Kingdom,million,Population,ANNUAL,,,,,,,,,,,,,,,,67.833949,68.370124,68.750407,69.005748,69.294115,69.588973,69.616395,69.39092,68.970144,68.451455,67.834994,67.026128,65.942653,64.584254,63.00616,61.245264
IIASA-WiC POP 2025,SSP4,1,Georgia,million,Population,ANNUAL,,,,,,,,,,,,,,,,3.621957,3.449768,3.274915,3.106321,2.945637,2.787039,2.627865,2.469897,2.326014,2.195912,2.077821,1.970383,1.874311,1.790038,1.71601,1.647774
IIASA-WiC POP 2025,SSP4,1,Ghana,million,Population,ANNUAL,,,,,,,,,,,,,,,,35.282895,39.193068,43.422323,47.986469,52.632601,57.330968,61.929806,66.558014,71.038238,75.406774,79.523567,83.303927,86.882653,90.353173,93.728474,96.993327
IIASA-WiC POP 2025,SSP4,1,Guinea,million,Population,ANNUAL,,,,,,,,,,,,,,,,14.62162,16.433581,18.340939,20.317486,22.275605,24.19681,26.080912,27.912784,29.622762,31.224949,32.624001,33.859765,34.915701,35.921642,36.881761,37.786383
IIASA-WiC POP 2025,SSP4,1,Guadeloupe,million,Population,ANNUAL,,,,,,,,,,,,,,,,0.397751,0.398558,0.396604,0.392047,0.385565,0.377799,0.369535,0.361089,0.353292,0.346477,0.340883,0.336445,0.33251,0.328118,0.322488,0.315426
IIASA-WiC POP 2025,SSP4,1,Gambia,million,Population,ANNUAL,,,,,,,,,,,,,,,,2.843788,3.201832,3.59625,4.007863,4.413139,4.801947,5.173586,5.524371,5.860826,6.176117,6.456261,6.699737,6.922909,7.132153,7.330789,7.516559
IIASA-WiC POP 2025,SSP4,1,Guinea-Bissau,million,Population,ANNUAL,,,,,,,,,,,,,,,,2.214987,2.439696,2.668213,2.897927,3.112454,3.30771,3.482528,3.640804,3.776686,3.887989,3.972987,4.037454,4.087427,4.122962,4.146511,4.158133
IIASA-WiC POP 2025,SSP4,1,Equatorial Guinea,million,Population,ANNUAL,,,,,,,,,,,,,,,,1.790756,2.013895,2.253917,2.506194,2.758208,3.009474,3.255499,3.492679,3.714194,3.91053,4.077169,4.213857,4.330733,4.425161,4.494051,4.531585
IIASA-WiC POP 2025,SSP4,1,Greece,million,Population,ANNUAL,,,,,,,,,,,,,,,,10.364011,10.169992,9.981875,9.798915,9.624744,9.45229,9.2589,9.044083,8.805964,8.553724,8.296965,8.045883,7.802507,7.55881,7.298872,7.008491
IIASA-WiC POP 2025,SSP4,1,Grenada,million,Population,ANNUAL,,,,,,,,,,,,,,,,0.126268,0.128824,0.130832,0.1329,0.134904,0.136621,0.138066,0.139282,0.140528,0.14184,0.14314,0.144496,0.146052,0.147942,0.150156,0.152674
IIASA-WiC POP 2025,SSP4,1,Guatemala,million,Population,ANNUAL,,,,,,,,,,,,,,,,18.589952,20.185144,21.764302,23.286923,24.619332,25.793391,26.830988,27.791358,28.680225,29.47579,30.160786,30.735078,31.237379,31.706359,32.167632,32.642675
IIASA-WiC POP 2025,SSP4,1,French Guiana,million,Population,ANNUAL,,,,,,,,,,,,,,,,0.321887,0.359283,0.39816,0.437541,0.475107,0.51205,0.548153,0.584151,0.618602,0.650839,0.682016,0.712669,0.74277,0.772303,0.800679,0.828082
IIASA-WiC POP 2025,SSP4,1,Guam,million,Population,ANNUAL,,,,,,,,,,,,,,,,0.173227,0.178864,0.184685,0.189937,0.193994,0.196835,0.198835,0.200969,0.203971,0.207673,0.211816,0.215909,0.220012,0.224241,0.228715,0.233563
IIASA-WiC POP 2025,SSP4,1,Guyana,million,Population,ANNUAL,,,,,,,,,,,,,,,,0.808134,0.825458,0.838657,0.84625,0.845301,0.839616,0.8324,0.824542,0.818457,0.813551,0.809551,0.806832,0.806098,0.807681,0.811752,0.818542
IIASA-WiC POP 2025,SSP4,1,Hong Kong,million,Population,ANNUAL,,,,,,,,,,,,,,,,7.535771,7.525802,7.480655,7.410664,7.329825,7.251604,7.152524,7.035196,6.894553,6.741122,6.575358,6.391183,6.189524,5.972761,5.74279,5.497847
IIASA-WiC POP 2025,SSP4,1,Honduras,million,Population,ANNUAL,,,,,,,,,,,,,,,,10.827569,11.687373,12.530041,13.309811,13.979603,14.593354,15.171406,15.71227,16.20099,16.625738,16.993175,17.318011,17.621959,17.91921,18.220861,18.532981
IIASA-WiC POP 2025,SSP4,1,Croatia,million,Population,ANNUAL,,,,,,,,,,,,,,,,3.980758,3.832735,3.686549,3.540982,3.402629,3.272772,3.151244,3.037418,2.929858,2.826049,2.723952,2.623679,2.52579,2.430175,2.334767,2.237458
IIASA-WiC POP 2025,SSP4,1,Haiti,million,Population,ANNUAL,,,,,,,,,,,,,,,,12.018019,12.888709,13.757102,14.591303,15.347682,15.988211,16.495795,16.918971,17.295474,17.638447,17.945787,18.213159,18.448077,18.66266,18.872361,19.087927
IIASA-WiC POP 2025,SSP4,1,Hungary,million,Population,ANNUAL,,,,,,,,,,,,,,,,9.592585,9.375264,9.124268,8.852241,8.582992,8.323135,8.065331,7.796702,7.502399,7.188116,6.868712,6.557699,6.256046,5.955083,5.65301,5.34976
IIASA-WiC POP 2025,SSP4,1,Indonesia,million,Population,ANNUAL,,,,,,,,,,,,,,,,280.697803,292.034105,302.040687,310.452728,316.628366,321.039286,324.59368,327.58583,329.987461,331.837974,333.193303,334.170743,334.995538,335.697282,336.363758,337.165108
IIASA-WiC POP 2025,SSP4,1,India,million,Population,ANNUAL,,,,,,,,,,,,,,,,1445.482972,1510.656532,1571.172846,1624.864901,1665.732978,1695.304823,1720.47018,1743.719812,1762.504034,1775.810635,1782.587002,1785.257276,1787.611558,1792.469204,1800.093293,1809.989542
IIASA-WiC POP 2025,SSP4,1,Ireland,million,Population,ANNUAL,,,,,,,,,,,,,,,,5.123491,5.240445,5.350185,5.453854,5.557253,5.653166,5.719582,5.75409,5.757119,5.736331,5.699103,5.652303,5.598708,5.532661,5.442355,5.319038
IIASA-WiC POP 2025,SSP4,1,Iran,million,Population,ANNUAL,,,,,,,,,,,,,,,,90.694703,93.622536,95.763157,97.239419,98.260183,98.766834,98.663923,97.788985,96.154938,93.861346,90.994324,87.709714,84.246666,80.842349,77.570767,74.31026
IIASA-WiC POP 2025,SSP4,1,Iraq,million,Population,ANNUAL,,,,,,,,,,,,,,,,47.025073,52.648318,58.689695,65.145622,71.533175,77.768784,83.991863,90.127185,95.898277,101.314921,106.557322,111.684276,116.656344,121.412743,125.92154,130.226086
IIASA-WiC POP 2025,SSP4,1,Iceland,million,Population,ANNUAL,,,,,,,,,,,,,,,,0.376535,0.384825,0.391146,0.395331,0.398366,0.40065,0.401522,0.401113,0.39954,0.396733,0.392686,0.387256,0.380315,0.371881,0.362399,0.352489
IIASA-WiC POP 2025,SSP4,1,Israel,million,Population,ANNUAL,,,,,,,,,,,,,,,,9.371281,9.967099,10.524826,11.060262,11.602039,12.129069,12.615802,13.041144,13.407486,13.723374,14.001009,14.24401,14.44853,14.606534,14.711429,14.76061
IIASA-WiC POP 2025,SSP4,1,Italy,million,Population,ANNUAL,,,,,,,,,,,,,,,,58.934481,57.99368,57.036173,56.049013,55.063784,54.040349,52.797527,51.347729,49.740216,48.127641,46.625415,45.255678,43.940767,42.566622,41.055015,39.370605
IIASA-WiC POP 2025,SSP4,1,Jamaica,million,Population,ANNUAL,,,,,,,,,,,,,,,,2.835407,2.865769,2.88502,2.889534,2.873639,2.843689,2.804865,2.762012,2.719676,2.674829,2.628242,2.582605,2.542644,2.512278,2.492827,2.482962
IIASA-WiC POP 2025,SSP4,1,Jordan,million,Population,ANNUAL,,,,,,,,,,,,,,,,11.893489,13.074321,14.283833,15.484685,16.601298,17.574216,18.436267,19.206086,19.924118,20.597189,21.214374,21.744484,22.200663,22.596757,22.95244,23.280264
IIASA-WiC POP 2025,SSP4,1,Japan,million,Population,ANNUAL,,,,,,,,,,,,,,,,122.475878,118.932837,115.06262,110.90449,106.712394,102.63243,98.686694,94.683433,90.426964,85.900364,81.295763,76.917389,72.860287,69.017158,65.232276,61.389216
IIASA-WiC POP 2025,SSP4,1,Kazakhstan,million,Population,ANNUAL,,,,,,,,,,,,,,,,19.792327,20.784253,21.751634,22.752868,23.715909,24.622955,25.438486,26.123276,26.742798,27.363898,28.017441,28.706884,29.407435,30.096358,30.760372,31.407503
IIASA-WiC POP 2025,SSP4,1,Kenya,million,Population,ANNUAL,,,,,,,,,,,,,,,,56.833242,62.591323,68.671073,74.831518,80.679531,86.302925,91.597776,96.715076,101.220568,105.082093,108.418475,111.486044,114.381839,117.078638,119.462452,121.488602
IIASA-WiC POP 2025,SSP4,1,Kyrgyzstan,million,Population,ANNUAL,,,,,,,,,,,,,,,,6.897813,7.432364,7.96059,8.508525,9.041932,9.53297,9.977882,10.37378,10.728134,11.06588,11.397448,11.72254,12.046645,12.355443,12.65253,12.941451
IIASA-WiC POP 2025,SSP4,1,Cambodia,million,Population,ANNUAL,,,,,,,,,,,,,,,,17.300953,18.320232,19.279439,20.146577,20.822673,21.390973,21.923648,22.432702,22.869952,23.203038,23.453819,23.66922,23.874223,24.059795,24.216129,24.360105
IIASA-WiC POP 2025,SSP4,1,Kiribati,million,Population,ANNUAL,,,,,,,,,,,,,,,,0.136069,0.146985,0.157105,0.1669,0.176468,0.185091,0.192258,0.197782,0.202179,0.206077,0.209891,0.213559,0.216895,0.219515,0.221559,0.223439
IIASA-WiC POP 2025,SSP4,1,South Korea,million,Population,ANNUAL,,,,,,,,,,,,,,,,51.512989,50.832458,49.871466,48.55342,46.951957,45.159636,43.005706,40.570189,38.043184,35.558449,33.167762,30.872137,28.685875,26.576892,24.522446,22.566884
IIASA-WiC POP 2025,SSP4,1,Kuwait,million,Population,ANNUAL,,,,,,,,,,,,,,,,4.737165,4.990088,5.226694,5.451828,5.642071,5.7834,5.873256,5.929412,5.963827,6.00771,6.077049,6.17134,6.274807,6.366058,6.433749,6.477479
IIASA-WiC POP 2025,SSP4,1,Laos,million,Population,ANNUAL,,,,,,,,,,,,,,,,7.767739,8.288532,8.788999,9.254225,9.640729,9.963889,10.257544,10.531731,10.775446,10.987864,11.179572,11.368888,11.566813,11.782461,12.013471,12.25731
IIASA-WiC POP 2025,SSP4,1,Lebanon,million,Population,ANNUAL,,,,,,,,,,,,,,,,5.939671,6.274359,6.608333,6.927931,7.207209,7.440436,7.637902,7.831712,8.024929,8.214612,8.381127,8.520916,8.630966,8.720529,8.801571,8.883119
IIASA-WiC POP 2025,SSP4,1,Liberia,million,Population,ANNUAL,,,,,,,,,,,,,,,,5.653457,6.321977,7.044409,7.797967,8.533763,9.242363,9.935766,10.596187,11.225008,11.780693,12.262278,12.669203,13.026361,13.340647,13.617424,13.855252
IIASA-WiC POP 2025,SSP4,1,Libya,million,Population,ANNUAL,,,,,,,,,,,,,,,,7.042351,7.509275,7.988921,8.489961,8.954042,9.343291,9.663193,9.954045,10.246842,10.553381,10.870569,11.174557,11.452462,11.710012,11.960275,12.210049
IIASA-WiC POP 2025,SSP4,1,Saint Lucia,million,Population,ANNUAL,,,,,,,,,,,,,,,,0.180791,0.183626,0.18587,0.187135,0.187224,0.186656,0.185864,0.185042,0.184138,0.183099,0.181901,0.180676,0.179684,0.179134,0.179126,0.179588
IIASA-WiC POP 2025,SSP4,1,Sri Lanka,million,Population,ANNUAL,,,,,,,,,,,,,,,,22.224116,22.706155,23.141655,23.535608,23.806281,23.965046,24.069491,24.183878,24.320302,24.47407,24.610403,24.741279,24.888166,25.054502,25.248042,25.471276
IIASA-WiC POP 2025,SSP4,1,Lesotho,million,Population,ANNUAL,,,,,,,,,,,,,,,,2.348805,2.433327,2.519564,2.603693,2.674672,2.737429,2.787628,2.823917,2.844516,2.858743,2.870161,2.878124,2.882071,2.882663,2.880658,2.877406
IIASA-WiC POP 2025,SSP4,1,Lithuania,million,Population,ANNUAL,,,,,,,,,,,,,,,,2.725074,2.572736,2.426978,2.288416,2.162479,2.045792,1.933032,1.824102,1.724637,1.635123,1.554395,1.481276,1.413539,1.350157,1.291058,1.235492
IIASA-WiC POP 2025,SSP4,1,Luxembourg,million,Population,ANNUAL,,,,,,,,,,,,,,,,0.65515,0.673571,0.68934,0.702919,0.71602,0.729147,0.739507,0.74676,0.749377,0.747866,0.742653,0.73407,0.722031,0.706453,0.687473,0.665349
IIASA-WiC POP 2025,SSP4,1,Latvia,million,Population,ANNUAL,,,,,,,,,,,,,,,,1.836499,1.728825,1.62945,1.541294,1.464835,1.396544,1.332791,1.272694,1.216987,1.165159,1.11696,1.071512,1.02824,0.986853,0.946479,0.905121
IIASA-WiC POP 2025,SSP4,1,Macao,million,Population,ANNUAL,,,,,,,,,,,,,,,,0.698767,0.720966,0.738341,0.752193,0.764042,0.774181,0.779733,0.781387,0.777849,0.770289,0.758475,0.741257,0.717966,0.689607,0.658206,0.624961
IIASA-WiC POP 2025,SSP4,1,Morocco,million,Population,ANNUAL,,,,,,,,,,,,,,,,38.409478,40.301091,42.078634,43.685851,44.994284,46.084845,47.064673,47.968267,48.815977,49.595685,50.331699,51.027995,51.738523,52.472038,53.233062,54.024523
IIASA-WiC POP 2025,SSP4,1,Moldova,million,Population,ANNUAL,,,,,,,,,,,,,,,,3.054643,2.91401,2.768557,2.631543,2.508531,2.394334,2.280876,2.166492,2.055384,1.948091,1.845842,1.749543,1.660227,1.577969,1.500629,1.424904
IIASA-WiC POP 2025,SSP4,1,Madagascar,million,Population,ANNUAL,,,,,,,,,,,,,,,,31.357004,35.443535,39.83946,44.448121,49.130701,53.891354,58.69686,63.591504,68.335634,72.805521,77.001833,81.026597,84.985561,88.855539,92.575191,96.103899
IIASA-WiC POP 2025,SSP4,1,Maldives,million,Population,ANNUAL,,,,,,,,,,,,,,,,0.548228,0.583352,0.616103,0.649099,0.681797,0.712236,0.738273,0.759366,0.773985,0.783216,0.787407,0.787284,0.78454,0.781418,0.779315,0.778357
IIASA-WiC POP 2025,SSP4,1,Mexico,million,Population,ANNUAL,,,,,,,,,,,,,,,,130.41403,136.462316,142.375443,147.841201,152.365163,156.239832,159.837334,163.263144,166.468804,169.443822,172.180259,174.775096,177.364491,180.047891,182.960253,185.951976
IIASA-WiC POP 2025,SSP4,1,North Macedonia,million,Population,ANNUAL,,,,,,,,,,,,,,,,2.095603,2.092749,2.075901,2.045121,2.00738,1.965896,1.92212,1.875556,1.824813,1.769115,1.708902,1.645446,1.580442,1.51502,1.449587,1.383715
IIASA-WiC POP 2025,SSP4,1,Mali,million,Population,ANNUAL,,,,,,,,,,,,,,,,24.361669,28.675361,33.541617,38.810351,44.219214,49.738847,55.425634,61.182265,66.921871,72.524543,77.822675,82.864194,87.326744,91.297204,94.735383,97.868755
IIASA-WiC POP 2025,SSP4,1,Malta,million,Population,ANNUAL,,,,,,,,,,,,,,,,0.517403,0.519206,0.516654,0.510986,0.504746,0.499559,0.494019,0.487338,0.47804,0.465648,0.450068,0.431645,0.411035,0.389351,0.367801,0.347234
IIASA-WiC POP 2025,SSP4,1,Myanmar,million,Population,ANNUAL,,,,,,,,,,,,,,,,54.951374,56.617166,57.91946,58.849713,59.389225,59.701532,59.852713,59.900514,59.863223,59.769069,59.668285,59.611831,59.624597,59.755851,59.992246,60.329565
IIASA-WiC POP 2025,SSP4,1,Montenegro,million,Population,ANNUAL,,,,,,,,,,,,,,,,0.648657,0.638177,0.626543,0.614606,0.603216,0.592104,0.58055,0.568072,0.554715,0.540487,0.525464,0.509834,0.493879,0.477592,0.460769,0.443156
IIASA-WiC POP 2025,SSP4,1,Mongolia,million,Population,ANNUAL,,,,,,,,,,,,,,,,3.507299,3.757312,4.02768,4.321827,4.625921,4.933674,5.229477,5.502508,5.764491,6.017724,6.264913,6.511525,6.761559,7.008377,7.245521,7.466106
IIASA-WiC POP 2025,SSP4,1,Mozambique,million,Population,ANNUAL,,,,,,,,,,,,,,,,35.042684,39.789432,45.005196,50.586198,56.27205,62.029505,67.885455,73.755728,79.369154,84.705243,89.394864,93.521046,97.130399,100.420789,103.453773,106.14773
IIASA-WiC POP 2025,SSP4,1,Mauritania,million,Population,ANNUAL,,,,,,,,,,,,,,,,5.009208,5.690764,6.437053,7.232311,8.037152,8.840281,9.647153,10.460051,11.263507,12.04721,12.769036,13.416335,14.035748,14.648299,15.257038,15.852352
IIASA-WiC POP 2025,SSP4,1,Martinique,million,Population,ANNUAL,,,,,,,,,,,,,,,,0.366326,0.361492,0.355966,0.348387,0.338749,0.327345,0.315258,0.303584,0.293629,0.285628,0.279203,0.27388,0.268944,0.263762,0.257864,0.251137
IIASA-WiC POP 2025,SSP4,1,Mauritius,million,Population,ANNUAL,,,,,,,,,,,,,,,,1.29863,1.301364,1.299188,1.289955,1.27219,1.248772,1.224512,1.203051,1.184632,1.167375,1.149929,1.132461,1.116171,1.102458,1.092467,1.086129
IIASA-WiC POP 2025,SSP4,1,Malawi,million,Population,ANNUAL,,,,,,,,,,,,,,,,21.722635,24.658894,27.949977,31.454745,35.004806,38.613032,42.313042,46.083597,49.704384,53.139842,56.258771,59.077044,61.581263,63.89539,66.064629,68.055528
IIASA-WiC POP 2025,SSP4,1,Malaysia,million,Population,ANNUAL,,,,,,,,,,,,,,,,34.725784,36.474267,38.146393,39.711297,41.098145,42.311818,43.372803,44.320198,45.122648,45.779128,46.271758,46.618126,46.869971,47.080364,47.286229,47.489807
IIASA-WiC POP 2025,SSP4,1,Mayotte,million,Population,ANNUAL,,,,,,,,,,,,,,,,0.356558,0.427018,0.511096,0.611114,0.725512,0.857785,1.011819,1.191523,1.400348,1.642217,1.921572,2.243834,2.615337,3.042595,3.532482,4.091538
IIASA-WiC POP 2025,SSP4,1,Namibia,million,Population,ANNUAL,,,,,,,,,,,,,,,,2.679352,2.8953,3.110576,3.332766,3.545281,3.748035,3.936385,4.101103,4.246987,4.372877,4.486795,4.592565,4.689901,4.776857,4.849677,4.913298
IIASA-WiC POP 2025,SSP4,1,New Caledonia,million,Population,ANNUAL,,,,,,,,,,,,,,,,0.299259,0.309263,0.317167,0.323359,0.328356,0.331722,0.333272,0.332938,0.330862,0.327409,0.322915,0.317485,0.311063,0.303512,0.29483,0.28495
IIASA-WiC POP 2025,SSP4,1,Niger,million,Population,ANNUAL,,,,,,,,,,,,,,,,28.709716,34.988474,42.588925,51.558467,61.598995,72.913713,85.506548,99.282812,113.769714,128.681297,143.84997,158.868196,173.954593,188.645784,202.641946,214.982355
IIASA-WiC POP 2025,SSP4,1,Nigeria,million,Population,ANNUAL,,,,,,,,,,,,,,,,232.14437,264.694315,302.414078,345.39968,391.485804,440.816414,492.783201,547.178131,602.876674,659.104007,715.358907,770.826928,824.080935,875.140718,922.06907,964.318006
IIASA-WiC POP 2025,SSP4,1,Nicaragua,million,Population,ANNUAL,,,,,,,,,,,,,,,,7.160782,7.642906,8.115599,8.544277,8.890191,9.198235,9.48951,9.757838,10.002981,10.218592,10.4125,10.595995,10.787603,10.995637,11.223557,11.472128
IIASA-WiC POP 2025,SSP4,1,Netherlands,million,Population,ANNUAL,,,,,,,,,,,,,,,,17.582513,17.627886,17.596836,17.477627,17.314724,17.135451,16.915622,16.664034,16.397963,16.141519,15.891117,15.616219,15.285387,14.890242,14.437223,13.955707
IIASA-WiC POP 2025,SSP4,1,Norway,million,Population,ANNUAL,,,,,,,,,,,,,,,,5.506107,5.596194,5.670573,5.727397,5.778513,5.828805,5.854265,5.856408,5.835201,5.798989,5.751772,5.687534,5.596849,5.478063,5.337166,5.178769
IIASA-WiC POP 2025,SSP4,1,Nepal,million,Population,ANNUAL,,,,,,,,,,,,,,,,30.601911,32.210419,33.621059,34.853852,35.889489,36.840886,37.742869,38.532744,39.199398,39.756401,40.241146,40.690687,41.126059,41.59457,42.140223,42.803012
IIASA-WiC POP 2025,SSP4,1,New Zealand,million,Population,ANNUAL,,,,,,,,,,,,,,,,5.179058,5.292444,5.379205,5.44078,5.490202,5.526469,5.542437,5.541366,5.523605,5.491408,5.442654,5.374092,5.282197,5.165119,5.024275,4.863384
IIASA-WiC POP 2025,SSP4,1,Oman,million,Population,ANNUAL,,,,,,,,,,,,,,,,4.991532,5.395918,5.76805,6.12424,6.47703,6.81328,7.095513,7.302846,7.432343,7.507319,7.55745,7.6208,7.713117,7.833202,7.954453,8.04948
IIASA-WiC POP 2025,SSP4,1,Pakistan,million,Population,ANNUAL,,,,,,,,,,,,,,,,248.722589,276.523831,306.380855,337.55326,368.34291,399.51343,431.152864,463.720877,495.37732,525.374676,553.296583,579.407933,604.90219,630.455015,655.887387,680.841724
IIASA-WiC POP 2025,SSP4,1,Panama,million,Population,ANNUAL,,,,,,,,,,,,,,,,4.540154,4.835559,5.128425,5.400153,5.638098,5.845888,6.040512,6.227475,6.401892,6.562873,6.703289,6.833609,6.952504,7.066969,7.175845,7.280957
IIASA-WiC POP 2025,SSP4,1,Peru,million,Population,ANNUAL,,,,,,,,,,,,,,,,34.546824,36.22047,37.785313,39.150875,40.258849,41.171397,41.962236,42.657544,43.248073,43.744753,44.15717,44.52463,44.900528,45.316389,45.773411,46.277324
IIASA-WiC POP 2025,SSP4,1,Philippines,million,Population,ANNUAL,,,,,,,,,,,,,,,,119.754409,129.138769,138.594024,147.826677,156.379413,164.283291,171.416635,177.739406,183.642146,189.281373,194.537964,199.459107,203.876211,207.919825,211.815656,215.756411
IIASA-WiC POP 2025,SSP4,1,Papua New Guinea,million,Population,ANNUAL,,,,,,,,,,,,,,,,10.657199,11.740569,12.841133,13.950914,14.996062,15.975517,16.869719,17.691769,18.405315,19.047084,19.624072,20.132473,20.557694,20.90794,21.187815,21.410905
IIASA-WiC POP 2025,SSP4,1,Poland,million,Population,ANNUAL,,,,,,,,,,,,,,,,39.009959,38.053374,37.008403,35.910272,34.819926,33.768365,32.68256,31.540308,30.324989,29.017854,27.646762,26.274915,24.963483,23.751201,22.6343,21.576003
IIASA-WiC POP 2025,SSP4,1,Puerto Rico,million,Population,ANNUAL,,,,,,,,,,,,,,,,3.109319,2.948428,2.79575,2.652292,2.51659,2.396881,2.291356,2.203707,2.134622,2.081398,2.039898,2.006349,1.977887,1.952979,1.930424,1.909762
IIASA-WiC POP 2025,SSP4,1,North Korea,million,Population,ANNUAL,,,,,,,,,,,,,,,,26.39872,26.396667,26.074847,25.569485,24.952824,24.258637,23.465259,22.516466,21.467653,20.40738,19.357431,18.309587,17.245252,16.154734,15.050247,13.969482
IIASA-WiC POP 2025,SSP4,1,Portugal,million,Population,ANNUAL,,,,,,,,,,,,,,,,10.196377,10.030177,9.864483,9.687656,9.50894,9.325642,9.128879,8.920278,8.696042,8.464823,8.237834,8.026066,7.828589,7.628907,7.407678,7.155647
IIASA-WiC POP 2025,SSP4,1,Paraguay,million,Population,ANNUAL,,,,,,,,,,,,,,,,7.003398,7.484388,7.935446,8.365584,8.735929,9.066693,9.352107,9.60929,9.848475,10.066139,10.262024,10.436393,10.602686,10.76771,10.941362,11.121491
IIASA-WiC POP 2025,SSP4,1,Palestine,million,Population,ANNUAL,,,,,,,,,,,,,,,,5.559569,6.219505,6.896369,7.577455,8.22699,8.853824,9.43822,9.982249,10.479295,10.932112,11.364822,11.792519,12.212247,12.638248,13.054562,13.469893
IIASA-WiC POP 2025,SSP4,1,French Polynesia,million,Population,ANNUAL,,,,,,,,,,,,,,,,0.310863,0.318337,0.323307,0.325636,0.325745,0.323483,0.318541,0.311433,0.303251,0.294369,0.284927,0.274955,0.264642,0.254225,0.243812,0.233406
IIASA-WiC POP 2025,SSP4,1,Qatar,million,Population,ANNUAL,,,,,,,,,,,,,,,,3.125791,3.418761,3.709522,4.004515,4.293146,4.561479,4.796875,4.990784,5.114085,5.171003,5.172624,5.14151,5.101553,5.066529,5.029734,4.97213
IIASA-WiC POP 2025,SSP4,1,R??union,million,Population,ANNUAL,,,,,,,,,,,,,,,,1.000816,1.032768,1.056466,1.074674,1.088354,1.096041,1.097919,1.094519,1.088068,1.08029,1.071931,1.062306,1.050415,1.035109,1.015636,0.991496
IIASA-WiC POP 2025,SSP4,1,Romania,million,Population,ANNUAL,,,,,,,,,,,,,,,,18.885716,18.235673,17.530652,16.806585,16.083604,15.362363,14.638924,13.892514,13.137949,12.404516,11.720504,11.089998,10.510612,9.974887,9.469415,8.971457
IIASA-WiC POP 2025,SSP4,1,Russian Federation,million,Population,ANNUAL,,,,,,,,,,,,,,,,145.394341,142.841483,140.173312,137.572345,135.256303,133.027487,130.523284,127.703037,124.499867,120.995857,117.300713,113.497592,109.667564,105.811501,101.824558,97.520904
IIASA-WiC POP 2025,SSP4,1,Rwanda,million,Population,ANNUAL,,,,,,,,,,,,,,,,14.570678,16.250396,18.035165,19.903713,21.749455,23.583862,25.396906,27.20472,28.899924,30.477939,31.872399,33.094221,34.24781,35.377913,36.457138,37.455073
IIASA-WiC POP 2025,SSP4,1,Saudi Arabia,million,Population,ANNUAL,,,,,,,,,,,,,,,,39.22019,42.177253,44.984612,47.596924,49.807148,51.591637,53.020653,54.192775,55.121226,55.937866,56.695445,57.427364,58.140753,58.817895,59.397231,59.871443
IIASA-WiC POP 2025,SSP4,1,Sudan,million,Population,ANNUAL,,,,,,,,,,,,,,,,49.751585,54.982517,59.773068,64.059392,68.194532,72.036912,75.331683,77.935751,79.858519,81.086316,81.626457,81.615896,81.017342,79.936424,78.403112,76.44152
IIASA-WiC POP 2025,SSP4,1,Senegal,million,Population,ANNUAL,,,,,,,,,,,,,,,,18.370559,20.908978,23.725445,26.779665,29.938821,33.140667,36.351615,39.611994,42.876723,46.108336,49.247318,52.182801,54.920512,57.603098,60.289097,62.960397
IIASA-WiC POP 2025,SSP4,1,Singapore,million,Population,ANNUAL,,,,,,,,,,,,,,,,6.10754,6.273869,6.387662,6.447031,6.466264,6.457649,6.419516,6.361225,6.269192,6.149198,6.003384,5.828905,5.623839,5.388186,5.123881,4.83487
IIASA-WiC POP 2025,SSP4,1,Solomon Islands,million,Population,ANNUAL,,,,,,,,,,,,,,,,0.768195,0.864899,0.968208,1.07833,1.188485,1.298779,1.4095,1.518215,1.62425,1.722096,1.813352,1.895856,1.973454,2.047371,2.117312,2.181292
IIASA-WiC POP 2025,SSP4,1,Sierra Leone,million,Population,ANNUAL,,,,,,,,,,,,,,,,9.070178,10.108693,11.18908,12.283738,13.32606,14.334605,15.313197,16.242691,17.087115,17.812477,18.408477,18.924985,19.388653,19.794999,20.139126,20.412482
IIASA-WiC POP 2025,SSP4,1,El Salvador,million,Population,ANNUAL,,,,,,,,,,,,,,,,6.373114,6.489345,6.5801,6.640906,6.664302,6.661207,6.64121,6.608636,6.57832,6.54899,6.521334,6.497009,6.484567,6.49208,6.527247,6.596735
IIASA-WiC POP 2025,SSP4,1,Somalia,million,Population,ANNUAL,,,,,,,,,,,,,,,,19.02004,22.529462,26.609867,31.183148,36.103238,41.383229,47.064514,53.067763,59.247536,65.4749,71.683641,77.892139,84.038698,90.03185,95.553782,100.694434
IIASA-WiC POP 2025,SSP4,1,Serbia,million,Population,ANNUAL,,,,,,,,,,,,,,,,7.153957,7.013274,6.859627,6.690664,6.526308,6.370594,6.220599,6.068632,5.903854,5.727286,5.543595,5.356187,5.166557,4.974169,4.776148,4.567963
IIASA-WiC POP 2025,SSP4,1,South Sudan,million,Population,ANNUAL,,,,,,,,,,,,,,,,11.082318,11.859578,12.805259,13.801126,14.60562,15.169849,15.633749,16.118567,16.661979,17.190775,17.628197,17.981912,18.343417,18.779301,19.295929,19.877243
IIASA-WiC POP 2025,SSP4,1,Sao Tome and Principe,million,Population,ANNUAL,,,,,,,,,,,,,,,,0.237482,0.262039,0.287983,0.314037,0.338787,0.361974,0.383327,0.403223,0.421269,0.437116,0.45122,0.464467,0.477234,0.489347,0.500864,0.512094
IIASA-WiC POP 2025,SSP4,1,Suriname,million,Population,ANNUAL,,,,,,,,,,,,,,,,0.633338,0.667436,0.701211,0.733282,0.761578,0.786978,0.810244,0.832191,0.853289,0.873832,0.893649,0.912498,0.931168,0.94927,0.967721,0.986388
IIASA-WiC POP 2025,SSP4,1,Slovakia,million,Population,ANNUAL,,,,,,,,,,,,,,,,5.501991,5.43883,5.34437,5.22619,5.101954,4.97469,4.8416,4.695834,4.533229,4.355359,4.1681,3.982961,3.806052,3.639793,3.482917,3.330732
IIASA-WiC POP 2025,SSP4,1,Slovenia,million,Population,ANNUAL,,,,,,,,,,,,,,,,2.114577,2.094514,2.067461,2.03562,2.00241,1.966174,1.925563,1.88104,1.832244,1.780756,1.727431,1.67307,1.61812,1.562644,1.505953,1.446359
IIASA-WiC POP 2025,SSP4,1,Sweden,million,Population,ANNUAL,,,,,,,,,,,,,,,,10.56977,10.716108,10.825618,10.919082,11.033224,11.168209,11.274004,11.337998,11.354913,11.341487,11.303578,11.228464,11.096609,10.905787,10.675314,10.420133
IIASA-WiC POP 2025,SSP4,1,Eswatini,million,Population,ANNUAL,,,,,,,,,,,,,,,,1.230944,1.282159,1.330945,1.375003,1.40976,1.434186,1.448731,1.455211,1.459773,1.462586,1.463334,1.462304,1.460361,1.458608,1.457593,1.45799
IIASA-WiC POP 2025,SSP4,1,Seychelles,million,Population,ANNUAL,,,,,,,,,,,,,,,,0.109057,0.113262,0.117151,0.120589,0.123185,0.125228,0.126977,0.128641,0.130208,0.131677,0.133096,0.134446,0.135758,0.136934,0.13789,0.138581
IIASA-WiC POP 2025,SSP4,1,Syria,million,Population,ANNUAL,,,,,,,,,,,,,,,,22.104625,24.103862,26.413213,28.745371,30.815168,32.602485,34.278133,35.983641,37.77651,39.580934,41.2906,42.846192,44.249502,45.574155,46.846831,48.144615
IIASA-WiC POP 2025,SSP4,1,Chad,million,Population,ANNUAL,,,,,,,,,,,,,,,,19.219191,22.693471,26.703375,31.239639,36.047249,41.150435,46.509353,52.019394,57.559716,63.034149,68.436849,73.553779,78.481446,82.968183,86.909944,90.376696
IIASA-WiC POP 2025,SSP4,1,Togo,million,Population,ANNUAL,,,,,,,,,,,,,,,,9.354153,10.520212,11.777074,13.106371,14.435973,15.758602,17.090489,18.4033,19.689149,20.876802,21.978562,22.981039,23.932204,24.854184,25.735315,26.563827
IIASA-WiC POP 2025,SSP4,1,Thailand,million,Population,ANNUAL,,,,,,,,,,,,,,,,72.030014,72.335151,72.185982,71.555199,70.430592,68.914616,67.169683,65.401799,63.671491,62.023769,60.415587,58.878328,57.434202,56.147102,55.010337,54.030406
IIASA-WiC POP 2025,SSP4,1,Tajikistan,million,Population,ANNUAL,,,,,,,,,,,,,,,,10.416997,11.430091,12.481943,13.590914,14.66136,15.647266,16.581587,17.456706,18.267619,19.012782,19.714346,20.385403,21.039702,21.649393,22.2271,22.782542
IIASA-WiC POP 2025,SSP4,1,Turkmenistan,million,Population,ANNUAL,,,,,,,,,,,,,,,,6.714457,7.198552,7.66011,8.128998,8.582517,9.00596,9.369848,9.683572,9.951345,10.199039,10.441641,10.678152,10.899678,11.095651,11.265488,11.416143
IIASA-WiC POP 2025,SSP4,1,Timor-Leste,million,Population,ANNUAL,,,,,,,,,,,,,,,,1.393823,1.516954,1.647303,1.776069,1.891305,1.995023,2.089512,2.176191,2.254452,2.325388,2.387355,2.442838,2.494878,2.547173,2.601806,2.659394
IIASA-WiC POP 2025,SSP4,1,Tonga,million,Population,ANNUAL,,,,,,,,,,,,,,,,0.107989,0.111506,0.114984,0.118409,0.120893,0.122412,0.122945,0.122701,0.122656,0.123067,0.123893,0.124979,0.126343,0.12791,0.129856,0.132365
IIASA-WiC POP 2025,SSP4,1,Trinidad and Tobago,million,Population,ANNUAL,,,,,,,,,,,,,,,,1.527884,1.537414,1.541723,1.541094,1.533567,1.519791,1.503229,1.486636,1.471447,1.457876,1.446413,1.437618,1.43399,1.435768,1.440807,1.44865
IIASA-WiC POP 2025,SSP4,1,Tunisia,million,Population,ANNUAL,,,,,,,,,,,,,,,,12.623486,13.13339,13.567415,13.95534,14.289577,14.584034,14.830027,15.030576,15.19327,15.342267,15.495713,15.66912,15.866715,16.080659,16.293254,16.49361
IIASA-WiC POP 2025,SSP4,1,Turkey,million,Population,ANNUAL,,,,,,,,,,,,,,,,87.089009,89.448706,91.078777,92.034517,92.412964,92.172106,91.278464,89.690706,87.560513,85.026506,82.190789,79.124333,75.878707,72.497287,69.008474,65.434054
IIASA-WiC POP 2025,SSP4,1,Taiwan,million,Population,ANNUAL,,,,,,,,,,,,,,,,23.475315,23.001199,22.344737,21.499959,20.532063,19.496477,18.382031,17.243647,16.128058,15.036325,13.98124,12.994023,12.092519,11.277234,10.539069,9.864361
IIASA-WiC POP 2025,SSP4,1,Tanzania,million,Population,ANNUAL,,,,,,,,,,,,,,,,70.254303,80.944419,92.971042,106.254938,120.276312,135.047123,150.237043,165.976763,181.778243,197.285232,212.696388,227.253027,240.491928,252.618105,264.041125,274.959142
IIASA-WiC POP 2025,SSP4,1,Uganda,million,Population,ANNUAL,,,,,,,,,,,,,,,,50.77312,58.69531,67.411291,76.78223,86.459448,96.509336,106.632992,116.940478,127.073983,137.185294,146.773636,155.735919,163.959158,171.501586,178.671389,185.583639
IIASA-WiC POP 2025,SSP4,1,Ukraine,million,Population,ANNUAL,,,,,,,,,,,,,,,,36.391202,36.816586,36.612904,35.890344,34.85344,33.683569,32.454462,31.221218,29.969374,28.706759,27.448608,26.212856,25.007616,23.836648,22.68082,21.499989
IIASA-WiC POP 2025,SSP4,1,Uruguay,million,Population,ANNUAL,,,,,,,,,,,,,,,,3.411022,3.409326,3.41014,3.406915,3.390181,3.361629,3.323728,3.280752,3.236831,3.192417,3.145433,3.094857,3.041715,2.98858,2.938589,2.895368
IIASA-WiC POP 2025,SSP4,1,United States,million,Population,ANNUAL,,,,,,,,,,,,,,,,341.969466,347.913645,352.703927,356.095833,358.527455,360.094722,360.440814,359.994601,358.785453,356.789925,353.770761,349.310644,343.218104,335.565428,326.644195,316.643735
IIASA-WiC POP 2025,SSP4,1,Uzbekistan,million,Population,ANNUAL,,,,,,,,,,,,,,,,36.057826,38.81863,41.481749,44.228249,46.950485,49.604706,52.038318,54.218772,56.14625,57.959602,59.72681,61.457811,63.132727,64.745812,66.29981,67.731145
IIASA-WiC POP 2025,SSP4,1,Saint Vincent and the Grenadines,million,Population,ANNUAL,,,,,,,,,,,,,,,,0.101993,0.101108,0.100001,0.098833,0.09733,0.095555,0.09372,0.09204,0.090778,0.089901,0.089339,0.089067,0.089068,0.089352,0.089901,0.090726
IIASA-WiC POP 2025,SSP4,1,Venezuela,million,Population,ANNUAL,,,,,,,,,,,,,,,,29.785672,31.231921,32.698654,34.034285,35.129087,36.092896,37.042289,38.005555,38.920972,39.79407,40.636396,41.452338,42.244014,42.991669,43.679059,44.339505
IIASA-WiC POP 2025,SSP4,1,United States Virgin Islands,million,Population,ANNUAL,,,,,,,,,,,,,,,,0.098266,0.096397,0.094951,0.093944,0.093343,0.093246,0.093689,0.094593,0.095852,0.097482,0.099417,0.101544,0.103762,0.105974,0.108137,0.110248
IIASA-WiC POP 2025,SSP4,1,Viet Nam,million,Population,ANNUAL,,,,,,,,,,,,,,,,99.80721,103.195843,105.990403,108.312948,110.019002,111.233775,112.082856,112.617424,112.871289,112.919665,112.849191,112.776103,112.81621,113.039856,113.444174,113.961676
IIASA-WiC POP 2025,SSP4,1,Vanuatu,million,Population,ANNUAL,,,,,,,,,,,,,,,,0.343505,0.382867,0.425083,0.46984,0.514888,0.559188,0.602331,0.645316,0.686968,0.726344,0.762583,0.797395,0.831617,0.865073,0.897444,0.928014
IIASA-WiC POP 2025,SSP4,1,Samoa,million,Population,ANNUAL,,,,,,,,,,,,,,,,0.226676,0.241092,0.25525,0.269078,0.281444,0.291921,0.300119,0.306584,0.313068,0.319314,0.325501,0.332078,0.339241,0.347012,0.355611,0.364902
IIASA-WiC POP 2025,SSP4,1,Yemen,million,Population,ANNUAL,,,,,,,,,,,,,,,,35.731379,40.057526,44.555497,49.183157,53.7404,58.158334,62.370365,66.418196,70.100909,73.288802,76.037468,78.51762,80.885875,83.128859,85.217712,87.125093
IIASA-WiC POP 2025,SSP4,1,South Africa,million,Population,ANNUAL,,,,,,,,,,,,,,,,60.833813,63.018632,64.944201,66.584606,67.77526,68.505575,68.975994,69.275069,69.401843,69.340777,69.141529,68.816965,68.4702,68.092142,67.652354,67.146079
IIASA-WiC POP 2025,SSP4,1,Zambia,million,Population,ANNUAL,,,,,,,,,,,,,,,,21.313458,24.170181,27.248657,30.487101,33.707171,36.880308,40.007545,43.112269,46.022117,48.73061,51.066061,53.072951,54.880449,56.537667,58.019345,59.302387
IIASA-WiC POP 2025,SSP4,1,Zimbabwe,million,Population,ANNUAL,,,,,,,,,,,,,,,,16.972672,18.44117,19.93039,21.381406,22.705342,23.865243,24.869529,25.706324,26.388752,26.923442,27.399915,27.830761,28.219398,28.544719,28.831635,29.085488
IIASA-WiC POP 2025,SSP4,1,Kosovo,million,Population,ANNUAL,,,,,,,,,,,,,,,,1.774432,1.809136,1.839344,1.856415,1.859346,1.845919,1.818583,1.781305,1.7398,1.694966,1.6458,1.590192,1.527432,1.458188,1.384778,1.310357
IIASA-WiC POP 2025,SSP5,1,Aruba,million,Population,ANNUAL,,,,,,,,,,,,,,,,0.1088,0.113505,0.118139,0.122628,0.127068,0.131291,0.135246,0.138904,0.141719,0.143865,0.145335,0.146019,0.145792,0.144571,0.142305,0.138948
IIASA-WiC POP 2025,SSP5,1,Afghanistan,million,Population,ANNUAL,,,,,,,,,,,,,,,,44.166205,49.666559,54.808143,59.522648,64.004905,68.088886,71.559443,74.305584,76.439146,77.951878,78.883581,79.173124,78.817127,77.940331,76.629296,74.931684
IIASA-WiC POP 2025,SSP5,1,Angola,million,Population,ANNUAL,,,,,,,,,,,,,,,,38.360074,43.445786,48.290102,52.972401,57.56384,61.880509,65.743596,69.101607,71.911089,74.127783,75.773428,76.78953,77.135204,76.770529,75.816221,74.319354
IIASA-WiC POP 2025,SSP5,1,Albania,million,Population,ANNUAL,,,,,,,,,,,,,,,,2.793087,2.619419,2.434791,2.252044,2.079734,1.919737,1.771518,1.634043,1.516677,1.416915,1.331882,1.257229,1.188621,1.123146,1.060104,1.000857
IIASA-WiC POP 2025,SSP5,1,United Arab Emirates,million,Population,ANNUAL,,,,,,,,,,,,,,,,9.79243,10.465066,11.048011,11.563885,12.045896,12.493867,12.875226,13.158932,13.283836,13.248193,13.065851,12.759346,12.358637,11.90227,11.428886,10.958287
IIASA-WiC POP 2025,SSP5,1,Argentina,million,Population,ANNUAL,,,,,,,,,,,,,,,,46.045355,47.005034,47.755386,48.308944,48.720479,48.947073,48.97347,48.747651,48.310527,47.684584,46.89172,45.941211,44.847696,43.615359,42.238968,40.695569
IIASA-WiC POP 2025,SSP5,1,Armenia,million,Population,ANNUAL,,,,,,,,,,,,,,,,2.762253,2.654632,2.54776,2.449843,2.363426,2.284317,2.20977,2.137683,2.075584,2.021885,1.973652,1.92765,1.882275,1.838374,1.798457,1.763808
IIASA-WiC POP 2025,SSP5,1,Antigua and Barbuda,million,Population,ANNUAL,,,,,,,,,,,,,,,,0.095485,0.099107,0.102208,0.104733,0.106824,0.108449,0.10954,0.110133,0.110037,0.109369,0.108171,0.106405,0.104026,0.101068,0.097545,0.093485
IIASA-WiC POP 2025,SSP5,1,Australia,million,Population,ANNUAL,,,,,,,,,,,,,,,,26.559259,27.985258,29.391829,30.789134,32.21869,33.676303,35.052971,36.319372,37.392472,38.294074,39.024498,39.558148,39.782495,39.608219,39.068086,38.285259
IIASA-WiC POP 2025,SSP5,1,Austria,million,Population,ANNUAL,,,,,,,,,,,,,,,,9.044223,9.231614,9.42131,9.617862,9.834326,10.056756,10.254501,10.414462,10.522588,10.600149,10.654351,10.670575,10.580562,10.384662,10.092861,9.741804
IIASA-WiC POP 2025,SSP5,1,Azerbaijan,million,Population,ANNUAL,,,,,,,,,,,,,,,,10.492942,10.727769,10.941035,11.101847,11.187903,11.200571,11.161129,11.087661,10.984509,10.847664,10.673304,10.463925,10.230978,9.98819,9.747996,9.507006
IIASA-WiC POP 2025,SSP5,1,Burundi,million,Population,ANNUAL,,,,,,,,,,,,,,,,13.674842,14.991367,16.187732,17.286668,18.317805,19.22105,19.928127,20.419665,20.759674,20.964438,21.054912,21.030832,20.884449,20.626676,20.255196,19.77775
IIASA-WiC POP 2025,SSP5,1,Belgium,million,Population,ANNUAL,,,,,,,,,,,,,,,,11.692354,11.948383,12.226569,12.52422,12.836836,13.151452,13.425364,13.657726,13.839279,13.987887,14.10751,14.179976,14.15887,14.006012,13.754226,13.406924
IIASA-WiC POP 2025,SSP5,1,Benin,million,Population,ANNUAL,,,,,,,,,,,,,,,,14.28294,15.907534,17.397408,18.78309,20.122654,21.368981,22.439471,23.280008,23.960876,24.482823,24.868002,25.081727,25.130243,25.006484,24.741853,24.356961
IIASA-WiC POP 2025,SSP5,1,Burkina Faso,million,Population,ANNUAL,,,,,,,,,,,,,,,,24.191297,26.704392,28.976289,31.123764,33.21263,35.119998,36.677228,37.853135,38.763143,39.453716,39.950709,40.226833,40.247142,40.012574,39.571195,38.977039
IIASA-WiC POP 2025,SSP5,1,Bangladesh,million,Population,ANNUAL,,,,,,,,,,,,,,,,175.53052,181.269625,184.885572,186.668292,187.183184,186.447329,184.503281,181.348306,177.398458,172.765256,167.520917,161.777158,155.658212,149.277388,142.725713,136.101558
IIASA-WiC POP 2025,SSP5,1,Bulgaria,million,Population,ANNUAL,,,,,,,,,,,,,,,,6.678252,6.420464,6.181387,5.960282,5.760061,5.580953,5.412916,5.24676,5.079508,4.912021,4.748247,4.593331,4.449225,4.315262,4.188382,4.053291
IIASA-WiC POP 2025,SSP5,1,Bahrain,million,Population,ANNUAL,,,,,,,,,,,,,,,,1.624196,1.79431,1.954527,2.106126,2.250046,2.382691,2.498239,2.593837,2.65671,2.687921,2.68889,2.660558,2.606518,2.533371,2.449045,2.355784
IIASA-WiC POP 2025,SSP5,1,Bahamas,million,Population,ANNUAL,,,,,,,,,,,,,,,,0.415502,0.426919,0.436786,0.444419,0.450449,0.454812,0.457238,0.457821,0.456299,0.452982,0.448015,0.441422,0.433043,0.422673,0.41008,0.395173
IIASA-WiC POP 2025,SSP5,1,Bosnia and Herzegovina,million,Population,ANNUAL,,,,,,,,,,,,,,,,3.181,2.997028,2.816406,2.642491,2.480574,2.332601,2.198527,2.075431,1.966188,1.86862,1.780844,1.700724,1.625936,1.554742,1.485846,1.417562
IIASA-WiC POP 2025,SSP5,1,Belarus,million,Population,ANNUAL,,,,,,,,,,,,,,,,9.3946,9.267815,9.162562,9.081632,9.027011,8.981456,8.92572,8.8546,8.762081,8.651596,8.52398,8.377837,8.212657,8.031988,7.840204,7.632631
IIASA-WiC POP 2025,SSP5,1,Belize,million,Population,ANNUAL,,,,,,,,,,,,,,,,0.423846,0.45457,0.480475,0.501987,0.520912,0.537217,0.550545,0.560728,0.567312,0.57054,0.570533,0.56756,0.561555,0.55241,0.540094,0.524457
IIASA-WiC POP 2025,SSP5,1,Bolivia,million,Population,ANNUAL,,,,,,,,,,,,,,,,12.620088,13.281597,13.82101,14.230518,14.555646,14.769685,14.863939,14.845932,14.750831,14.580313,14.347398,14.053037,13.707907,13.323482,12.91008,12.472613
IIASA-WiC POP 2025,SSP5,1,Brazil,million,Population,ANNUAL,,,,,,,,,,,,,,,,217.546263,221.405311,223.707918,224.516445,224.148494,222.646861,220.006139,216.245264,211.491396,205.856751,199.54049,192.730899,185.602683,178.295243,170.715877,162.592134
IIASA-WiC POP 2025,SSP5,1,Barbados,million,Population,ANNUAL,,,,,,,,,,,,,,,,0.282601,0.283114,0.282465,0.280714,0.278588,0.276091,0.273217,0.269993,0.266331,0.262422,0.258321,0.253912,0.248814,0.242811,0.235702,0.226751
IIASA-WiC POP 2025,SSP5,1,Brunei Darussalam,million,Population,ANNUAL,,,,,,,,,,,,,,,,0.461429,0.47962,0.494393,0.506313,0.516508,0.524562,0.529745,0.531974,0.531081,0.52791,0.523019,0.516566,0.508349,0.498032,0.484056,0.465836
IIASA-WiC POP 2025,SSP5,1,Bhutan,million,Population,ANNUAL,,,,,,,,,,,,,,,,0.797744,0.818668,0.83277,0.840698,0.844021,0.842844,0.837178,0.826819,0.811317,0.790511,0.764566,0.734393,0.701117,0.6661,0.630462,0.594347
IIASA-WiC POP 2025,SSP5,1,Botswana,million,Population,ANNUAL,,,,,,,,,,,,,,,,2.7334,2.939762,3.121681,3.278905,3.418607,3.538718,3.622646,3.673452,3.693629,3.685205,3.651794,3.594407,3.517449,3.420675,3.305969,3.173111
IIASA-WiC POP 2025,SSP5,1,Central African Republic,million,Population,ANNUAL,,,,,,,,,,,,,,,,6.099845,6.845421,7.528839,8.185519,8.846257,9.464257,9.987225,10.413101,10.78433,11.102582,11.366122,11.572053,11.71965,11.802312,11.828979,11.819021
IIASA-WiC POP 2025,SSP5,1,Canada,million,Population,ANNUAL,,,,,,,,,,,,,,,,38.636151,40.050186,41.488829,42.938695,44.437341,45.998747,47.43091,48.738019,49.851182,50.820979,51.631427,52.204704,52.429958,52.132238,51.315544,50.051776
IIASA-WiC POP 2025,SSP5,1,Switzerland,million,Population,ANNUAL,,,,,,,,,,,,,,,,8.846489,9.163163,9.485374,9.822472,10.188294,10.581105,10.950431,11.277316,11.535346,11.741418,11.906762,11.991003,11.976697,11.858565,11.673907,11.442949
IIASA-WiC POP 2025,SSP5,1,Chile,million,Population,ANNUAL,,,,,,,,,,,,,,,,19.581699,19.936811,20.18272,20.309007,20.350288,20.317144,20.195134,19.972868,19.650745,19.245382,18.768207,18.220169,17.592623,16.874422,16.067284,15.199162
IIASA-WiC POP 2025,SSP5,1,China,million,Population,ANNUAL,,,,,,,,,,,,,,,,1426.368117,1416.915137,1400.602411,1379.42284,1352.724261,1318.090564,1274.820999,1224.971636,1171.459018,1116.865446,1063.209044,1010.467089,957.152044,904.272846,854.66517,808.94514
IIASA-WiC POP 2025,SSP5,1,lvory Coast,million,Population,ANNUAL,,,,,,,,,,,,,,,,29.762711,32.482841,34.73627,36.69735,38.484188,40.068533,41.291532,42.109232,42.646918,42.934792,42.994818,42.846611,42.550628,42.125853,41.574995,40.890246
IIASA-WiC POP 2025,SSP5,1,Cameroon,million,Population,ANNUAL,,,,,,,,,,,,,,,,29.624897,32.857872,35.810388,38.555254,41.220467,43.754774,45.964717,47.769611,49.214487,50.315648,51.020748,51.404279,51.460552,51.226153,50.72312,49.955058
IIASA-WiC POP 2025,SSP5,1,Democratic Republic of the Congo,million,Population,ANNUAL,,,,,,,,,,,,,,,,107.546464,122.702473,137.137854,151.211882,165.405937,179.021677,191.327564,201.995942,211.207834,218.961294,225.223029,229.835904,232.724407,233.617599,232.591375,229.749401
IIASA-WiC POP 2025,SSP5,1,Congo,million,Population,ANNUAL,,,,,,,,,,,,,,,,6.343255,7.022364,7.64708,8.22226,8.761881,9.263231,9.679803,10.002241,10.250398,10.42186,10.516479,10.544659,10.518814,10.440564,10.306817,10.113269
IIASA-WiC POP 2025,SSP5,1,Colombia,million,Population,ANNUAL,,,,,,,,,,,,,,,,52.418442,53.836431,54.772467,55.268726,55.425851,55.25916,54.797906,54.035831,53.047389,51.864178,50.505481,48.982646,47.305312,45.486469,43.545184,41.513867
IIASA-WiC POP 2025,SSP5,1,Comoros,million,Population,ANNUAL,,,,,,,,,,,,,,,,0.880919,0.944732,0.997791,1.041921,1.080774,1.112388,1.134236,1.144699,1.148056,1.144082,1.134522,1.119133,1.099421,1.075987,1.048983,1.01861
IIASA-WiC POP 2025,SSP5,1,Cabo Verde,million,Population,ANNUAL,,,,,,,,,,,,,,,,0.608115,0.623062,0.630776,0.633314,0.632176,0.627334,0.618482,0.606035,0.591866,0.576216,0.559129,0.540783,0.521275,0.501086,0.480815,0.460814
IIASA-WiC POP 2025,SSP5,1,Costa Rica,million,Population,ANNUAL,,,,,,,,,,,,,,,,5.256994,5.410101,5.531925,5.623297,5.691541,5.730482,5.740779,5.722332,5.675053,5.603103,5.507191,5.384806,5.233098,5.05211,4.845372,4.618043
IIASA-WiC POP 2025,SSP5,1,Cuba,million,Population,ANNUAL,,,,,,,,,,,,,,,,11.211281,11.084593,10.910489,10.693977,10.445755,10.163906,9.837994,9.473901,9.092649,8.722003,8.375624,8.057172,7.74434,7.418218,7.07137,6.715467
IIASA-WiC POP 2025,SSP5,1,Cura??ao,million,Population,ANNUAL,,,,,,,,,,,,,,,,0.19498,0.206658,0.217709,0.227963,0.237733,0.246815,0.255142,0.262579,0.267903,0.271206,0.272571,0.271951,0.269258,0.264552,0.257971,0.249762
IIASA-WiC POP 2025,SSP5,1,Cyprus,million,Population,ANNUAL,,,,,,,,,,,,,,,,1.284492,1.341611,1.397392,1.454206,1.513349,1.573556,1.628004,1.674477,1.707857,1.729679,1.740276,1.738093,1.721067,1.689607,1.647605,1.598735
IIASA-WiC POP 2025,SSP5,1,Czechia,million,Population,ANNUAL,,,,,,,,,,,,,,,,10.851138,10.786752,10.716812,10.669907,10.662207,10.681453,10.699265,10.691258,10.627553,10.512637,10.362215,10.196177,10.024696,9.839718,9.621663,9.35921
IIASA-WiC POP 2025,SSP5,1,Germany,million,Population,ANNUAL,,,,,,,,,,,,,,,,83.596005,83.935937,84.385115,84.993757,85.813644,86.710531,87.476665,88.00486,88.206863,88.27974,88.306482,88.143837,87.540545,86.204728,84.076181,81.370238
IIASA-WiC POP 2025,SSP5,1,Djibouti,million,Population,ANNUAL,,,,,,,,,,,,,,,,1.154103,1.212177,1.257108,1.290433,1.315655,1.3309,1.336954,1.332386,1.319501,1.299362,1.272764,1.240087,1.201803,1.157902,1.109138,1.056875
IIASA-WiC POP 2025,SSP5,1,Denmark,million,Population,ANNUAL,,,,,,,,,,,,,,,,5.903302,6.016156,6.128012,6.235573,6.348187,6.474058,6.594246,6.70329,6.793236,6.871341,6.942823,7.004788,7.044712,7.043896,6.971794,6.838444
IIASA-WiC POP 2025,SSP5,1,Dominican Republic,million,Population,ANNUAL,,,,,,,,,,,,,,,,11.537089,11.899583,12.144357,12.272542,12.320505,12.29517,12.201539,12.044167,11.848803,11.619974,11.369828,11.100095,10.812946,10.507267,10.188104,9.854607
IIASA-WiC POP 2025,SSP5,1,Algeria,million,Population,ANNUAL,,,,,,,,,,,,,,,,46.733889,49.388904,51.472816,53.230739,54.870598,56.292017,57.237517,57.624384,57.523785,57.080571,56.426682,55.642433,54.756853,53.78531,52.748235,51.63235
IIASA-WiC POP 2025,SSP5,1,Ecuador,million,Population,ANNUAL,,,,,,,,,,,,,,,,18.413986,19.121749,19.637091,19.977307,20.211963,20.332389,20.331897,20.206712,19.989022,19.68927,19.315056,18.874047,18.372257,17.81688,17.206445,16.523307
IIASA-WiC POP 2025,SSP5,1,Egypt,million,Population,ANNUAL,,,,,,,,,,,,,,,,116.004863,124.480621,132.417228,139.818058,146.763245,152.734703,157.475648,160.99468,163.358018,164.717231,165.27797,165.137158,164.338776,163.037586,161.171365,158.705974
IIASA-WiC POP 2025,SSP5,1,Eritrea,million,Population,ANNUAL,,,,,,,,,,,,,,,,3.85609,4.052379,4.182916,4.259857,4.299145,4.301704,4.264537,4.188065,4.099455,3.999292,3.891509,3.780532,3.666091,3.548591,3.428233,3.308859
IIASA-WiC POP 2025,SSP5,1,Western Sahara,million,Population,ANNUAL,,,,,,,,,,,,,,,,0.59731,0.652816,0.702885,0.749068,0.79272,0.83341,0.86995,0.901002,0.92185,0.932851,0.93483,0.92933,0.917175,0.89826,0.871999,0.837923
IIASA-WiC POP 2025,SSP5,1,Spain,million,Population,ANNUAL,,,,,,,,,,,,,,,,47.59626,48.655688,49.869993,51.2665,52.842559,54.57458,56.105953,57.36824,58.220562,58.741636,58.978648,58.934654,58.445242,57.624187,56.454818,54.868871
IIASA-WiC POP 2025,SSP5,1,Estonia,million,Population,ANNUAL,,,,,,,,,,,,,,,,1.347628,1.311652,1.280829,1.256625,1.239108,1.225508,1.211697,1.196266,1.178779,1.159438,1.138856,1.117301,1.094528,1.070511,1.045628,1.019394
IIASA-WiC POP 2025,SSP5,1,Ethiopia,million,Population,ANNUAL,,,,,,,,,,,,,,,,130.851847,144.051483,155.570367,166.017104,175.975576,185.165738,193.078295,199.406347,203.988352,206.999656,208.378035,208.199083,206.652059,203.829238,199.785317,194.652003
IIASA-WiC POP 2025,SSP5,1,Finland,million,Population,ANNUAL,,,,,,,,,,,,,,,,5.53656,5.560637,5.592181,5.629249,5.674074,5.734584,5.784096,5.82857,5.869697,5.911629,5.947674,5.962074,5.918132,5.821969,5.684991,5.522092
IIASA-WiC POP 2025,SSP5,1,Fiji,million,Population,ANNUAL,,,,,,,,,,,,,,,,0.941962,0.926769,0.902366,0.872009,0.838344,0.8015,0.762697,0.722754,0.686688,0.653493,0.623113,0.595989,0.572006,0.551223,0.533068,0.517097
IIASA-WiC POP 2025,SSP5,1,France,million,Population,ANNUAL,,,,,,,,,,,,,,,,65.106109,66.105339,67.239027,68.440389,69.625473,70.723006,71.633315,72.411862,73.070889,73.657745,74.162739,74.520869,74.619158,74.242164,73.498488,72.420512
IIASA-WiC POP 2025,SSP5,1,Micronesia,million,Population,ANNUAL,,,,,,,,,,,,,,,,0.114689,0.111415,0.106769,0.100919,0.09455,0.087983,0.081409,0.074994,0.06949,0.064691,0.060526,0.056859,0.053654,0.050829,0.048427,0.04644
IIASA-WiC POP 2025,SSP5,1,Gabon,million,Population,ANNUAL,,,,,,,,,,,,,,,,2.512271,2.749896,2.958266,3.143712,3.314153,3.470169,3.596786,3.687504,3.743238,3.766372,3.765829,3.746247,3.709597,3.657444,3.58871,3.503481
IIASA-WiC POP 2025,SSP5,1,United Kingdom,million,Population,ANNUAL,,,,,,,,,,,,,,,,67.833949,69.431146,71.136868,72.980512,75.013951,77.176913,79.096617,80.738254,82.074391,83.248848,84.307673,85.15036,85.579226,85.459999,84.648961,83.274952
IIASA-WiC POP 2025,SSP5,1,Georgia,million,Population,ANNUAL,,,,,,,,,,,,,,,,3.621957,3.335479,3.066925,2.826047,2.609462,2.409961,2.222217,2.046876,1.898515,1.774099,1.668952,1.578812,1.500962,1.434233,1.37817,1.331089
IIASA-WiC POP 2025,SSP5,1,Ghana,million,Population,ANNUAL,,,,,,,,,,,,,,,,35.282895,38.24045,40.871223,43.279824,45.582125,47.683797,49.415168,50.735269,51.637561,52.202182,52.466017,52.441827,52.164464,51.646131,50.890269,49.918378
IIASA-WiC POP 2025,SSP5,1,Guinea,million,Population,ANNUAL,,,,,,,,,,,,,,,,14.62162,15.827009,16.830785,17.683804,18.44382,19.062184,19.516104,19.794542,19.945722,19.990594,19.920676,19.757932,19.500361,19.180262,18.803,18.376614
IIASA-WiC POP 2025,SSP5,1,Guadeloupe,million,Population,ANNUAL,,,,,,,,,,,,,,,,0.397751,0.394752,0.389693,0.382885,0.374651,0.365725,0.356668,0.347453,0.338985,0.33152,0.32543,0.320849,0.317519,0.314729,0.311585,0.307423
IIASA-WiC POP 2025,SSP5,1,Gambia,million,Population,ANNUAL,,,,,,,,,,,,,,,,2.843788,3.104034,3.337555,3.538063,3.717988,3.868294,3.983,4.057131,4.102084,4.118583,4.108476,4.074307,4.021797,3.951422,3.86429,3.761232
IIASA-WiC POP 2025,SSP5,1,Guinea-Bissau,million,Population,ANNUAL,,,,,,,,,,,,,,,,2.214987,2.405825,2.566784,2.705812,2.830404,2.940104,3.022036,3.075331,3.104344,3.11022,3.095832,3.065598,3.021846,2.963597,2.890816,2.803694
IIASA-WiC POP 2025,SSP5,1,Equatorial Guinea,million,Population,ANNUAL,,,,,,,,,,,,,,,,1.790756,2.027691,2.252252,2.467136,2.676929,2.879406,3.058218,3.209381,3.327392,3.410116,3.457591,3.471545,3.457686,3.417094,3.348492,3.249873
IIASA-WiC POP 2025,SSP5,1,Greece,million,Population,ANNUAL,,,,,,,,,,,,,,,,10.364011,10.285098,10.240803,10.228626,10.242942,10.274941,10.290306,10.276532,10.219,10.126991,10.009493,9.869956,9.705766,9.513681,9.289249,9.018879
IIASA-WiC POP 2025,SSP5,1,Grenada,million,Population,ANNUAL,,,,,,,,,,,,,,,,0.126268,0.126056,0.124918,0.123474,0.122071,0.120461,0.118499,0.116058,0.113602,0.111206,0.108799,0.106235,0.103452,0.100512,0.097603,0.094789
IIASA-WiC POP 2025,SSP5,1,Guatemala,million,Population,ANNUAL,,,,,,,,,,,,,,,,18.589952,19.654144,20.47118,21.098067,21.582314,21.884255,22.000689,21.958392,21.813197,21.569365,21.228388,20.791176,20.274072,19.689827,19.049706,18.367129
IIASA-WiC POP 2025,SSP5,1,French Guiana,million,Population,ANNUAL,,,,,,,,,,,,,,,,0.321887,0.35352,0.381508,0.406511,0.429631,0.450247,0.467535,0.481076,0.490575,0.496673,0.500648,0.503055,0.503703,0.502277,0.498027,0.490551
IIASA-WiC POP 2025,SSP5,1,Guam,million,Population,ANNUAL,,,,,,,,,,,,,,,,0.173227,0.172658,0.171365,0.169161,0.166592,0.163541,0.160066,0.156431,0.153273,0.150459,0.148029,0.145734,0.143475,0.141066,0.138455,0.135599
IIASA-WiC POP 2025,SSP5,1,Guyana,million,Population,ANNUAL,,,,,,,,,,,,,,,,0.808134,0.783074,0.750607,0.713859,0.676011,0.637588,0.599732,0.562867,0.530823,0.502819,0.478074,0.455916,0.435749,0.417202,0.400199,0.384768
IIASA-WiC POP 2025,SSP5,1,Hong Kong,million,Population,ANNUAL,,,,,,,,,,,,,,,,7.535771,7.651539,7.757599,7.865216,7.98203,8.1173,8.22618,8.290192,8.289845,8.241421,8.154178,8.027387,7.853799,7.62876,7.35845,7.053901
IIASA-WiC POP 2025,SSP5,1,Honduras,million,Population,ANNUAL,,,,,,,,,,,,,,,,10.827569,11.448753,11.93918,12.3107,12.597691,12.801705,12.921159,12.952007,12.909559,12.792244,12.611177,12.376985,12.098723,11.778155,11.415667,11.009044
IIASA-WiC POP 2025,SSP5,1,Croatia,million,Population,ANNUAL,,,,,,,,,,,,,,,,3.980758,3.824573,3.684464,3.557952,3.446568,3.349164,3.262122,3.18166,3.105142,3.031241,2.958868,2.886224,2.811285,2.732567,2.64848,2.557396
IIASA-WiC POP 2025,SSP5,1,Haiti,million,Population,ANNUAL,,,,,,,,,,,,,,,,12.018019,12.562023,12.945487,13.196256,13.366925,13.438904,13.397226,13.236928,13.008734,12.72348,12.394613,12.030507,11.636481,11.21594,10.775219,10.322564
IIASA-WiC POP 2025,SSP5,1,Hungary,million,Population,ANNUAL,,,,,,,,,,,,,,,,9.592585,9.484162,9.36516,9.244828,9.136468,9.044024,8.95791,8.861663,8.730231,8.559956,8.366173,8.166529,7.966117,7.754458,7.522566,7.267739
IIASA-WiC POP 2025,SSP5,1,Indonesia,million,Population,ANNUAL,,,,,,,,,,,,,,,,280.697803,289.02193,294.861756,298.228769,299.794357,299.501459,297.546042,293.814758,288.51546,281.994911,274.587648,266.550093,258.056928,249.08928,239.606982,229.599793
IIASA-WiC POP 2025,SSP5,1,India,million,Population,ANNUAL,,,,,,,,,,,,,,,,1445.482972,1492.0428,1524.345906,1543.366339,1552.586769,1551.872747,1542.451163,1523.860904,1496.886861,1463.056478,1422.679173,1376.205803,1324.443091,1268.56066,1209.484508,1148.371432
IIASA-WiC POP 2025,SSP5,1,Ireland,million,Population,ANNUAL,,,,,,,,,,,,,,,,5.123491,5.33016,5.551643,5.790413,6.044492,6.303136,6.534968,6.734357,6.895527,7.027535,7.134495,7.215818,7.25243,7.241978,7.203097,7.111208
IIASA-WiC POP 2025,SSP5,1,Iran,million,Population,ANNUAL,,,,,,,,,,,,,,,,90.694703,94.276693,97.190921,99.664689,101.8716,103.700125,105.061916,105.764327,105.741039,105.091501,103.884619,102.164053,99.982295,97.485148,94.882571,92.292266
IIASA-WiC POP 2025,SSP5,1,Iraq,million,Population,ANNUAL,,,,,,,,,,,,,,,,47.025073,51.481505,55.556502,59.334224,62.845711,65.910518,68.459408,70.426394,71.861966,72.843384,73.480897,73.797088,73.779429,73.404246,72.648594,71.290542
IIASA-WiC POP 2025,SSP5,1,Iceland,million,Population,ANNUAL,,,,,,,,,,,,,,,,0.376535,0.388198,0.399108,0.409108,0.418598,0.427872,0.435894,0.442694,0.448265,0.452656,0.455744,0.457017,0.454294,0.446669,0.436026,0.42467
IIASA-WiC POP 2025,SSP5,1,Israel,million,Population,ANNUAL,,,,,,,,,,,,,,,,9.371281,10.089731,10.787596,11.48653,12.197131,12.894229,13.548639,14.13742,14.660785,15.131449,15.561952,15.955169,16.304759,16.604166,16.852762,17.053771
IIASA-WiC POP 2025,SSP5,1,Italy,million,Population,ANNUAL,,,,,,,,,,,,,,,,58.934481,58.87532,58.994043,59.269376,59.677407,60.171094,60.503242,60.618585,60.435831,60.054334,59.543862,58.916353,57.977748,56.697204,55.030991,53.018337
IIASA-WiC POP 2025,SSP5,1,Jamaica,million,Population,ANNUAL,,,,,,,,,,,,,,,,2.835407,2.811045,2.76994,2.714447,2.650026,2.578105,2.498137,2.411083,2.324849,2.238588,2.152617,2.066293,1.97954,1.892967,1.807511,1.718092
IIASA-WiC POP 2025,SSP5,1,Jordan,million,Population,ANNUAL,,,,,,,,,,,,,,,,11.893489,12.941085,13.89524,14.730226,15.469581,16.065699,16.517837,16.818435,16.999617,17.080759,17.077512,16.982752,16.799959,16.530108,16.18154,15.758785
IIASA-WiC POP 2025,SSP5,1,Japan,million,Population,ANNUAL,,,,,,,,,,,,,,,,122.475878,120.074307,117.602976,115.037355,112.481403,110.04382,107.762994,105.50175,103.005249,100.127548,96.826175,93.224525,89.512423,85.794316,82.000316,77.811216
IIASA-WiC POP 2025,SSP5,1,Kazakhstan,million,Population,ANNUAL,,,,,,,,,,,,,,,,19.792327,20.285117,20.615182,20.837788,21.009125,21.085609,21.020967,20.794836,20.507063,20.199619,19.891945,19.588195,19.284432,18.983249,18.686778,18.385186
IIASA-WiC POP 2025,SSP5,1,Kenya,million,Population,ANNUAL,,,,,,,,,,,,,,,,56.833242,61.963853,66.600842,70.746794,74.573994,78.102172,80.902114,82.98731,84.383956,85.158277,85.40969,85.202395,84.560163,83.485653,81.956315,80.0072
IIASA-WiC POP 2025,SSP5,1,Kyrgyzstan,million,Population,ANNUAL,,,,,,,,,,,,,,,,6.897813,7.234982,7.499488,7.711702,7.891601,8.006536,8.045382,8.010837,7.939859,7.849013,7.743269,7.621448,7.487643,7.345452,7.204907,7.06731
IIASA-WiC POP 2025,SSP5,1,Cambodia,million,Population,ANNUAL,,,,,,,,,,,,,,,,17.300953,17.990675,18.471319,18.771736,18.919295,18.921511,18.788921,18.54251,18.219921,17.81591,17.321646,16.747124,16.12741,15.493312,14.840106,14.142629
IIASA-WiC POP 2025,SSP5,1,Kiribati,million,Population,ANNUAL,,,,,,,,,,,,,,,,0.136069,0.142381,0.146525,0.149093,0.151148,0.152297,0.152057,0.150048,0.147059,0.14358,0.139945,0.136259,0.132524,0.128509,0.124245,0.119799
IIASA-WiC POP 2025,SSP5,1,South Korea,million,Population,ANNUAL,,,,,,,,,,,,,,,,51.512989,51.06411,50.462908,49.626428,48.60209,47.485107,46.038284,44.25156,42.289095,40.29066,38.31446,36.403819,34.548814,32.688326,30.774035,28.8167
IIASA-WiC POP 2025,SSP5,1,Kuwait,million,Population,ANNUAL,,,,,,,,,,,,,,,,4.737165,5.025739,5.277852,5.501609,5.698864,5.855375,5.960988,6.013031,6.000237,5.933942,5.83254,5.713184,5.586568,5.455869,5.314962,5.147292
IIASA-WiC POP 2025,SSP5,1,Laos,million,Population,ANNUAL,,,,,,,,,,,,,,,,7.767739,8.070869,8.262612,8.370895,8.417685,8.391347,8.29941,8.149561,7.96374,7.749374,7.508375,7.244465,6.964774,6.679652,6.394922,6.112871
IIASA-WiC POP 2025,SSP5,1,Lebanon,million,Population,ANNUAL,,,,,,,,,,,,,,,,5.939671,6.211975,6.441315,6.626371,6.781043,6.893038,6.95761,6.980869,6.969085,6.930999,6.868757,6.784396,6.673504,6.534103,6.363377,6.158402
IIASA-WiC POP 2025,SSP5,1,Liberia,million,Population,ANNUAL,,,,,,,,,,,,,,,,5.653457,6.260853,6.814856,7.322117,7.797233,8.231788,8.598461,8.88702,9.112467,9.267542,9.360486,9.395305,9.38141,9.318967,9.207592,9.047755
IIASA-WiC POP 2025,SSP5,1,Libya,million,Population,ANNUAL,,,,,,,,,,,,,,,,7.042351,7.409332,7.728515,8.008105,8.250621,8.433907,8.549186,8.603401,8.611111,8.58273,8.532406,8.463805,8.377486,8.271089,8.137431,7.942642
IIASA-WiC POP 2025,SSP5,1,Saint Lucia,million,Population,ANNUAL,,,,,,,,,,,,,,,,0.180791,0.181864,0.181848,0.180758,0.179031,0.176772,0.173964,0.170546,0.166673,0.162492,0.158035,0.153319,0.148265,0.142823,0.13701,0.130888
IIASA-WiC POP 2025,SSP5,1,Sri Lanka,million,Population,ANNUAL,,,,,,,,,,,,,,,,22.224116,22.396255,22.417613,22.300942,22.081446,21.756291,21.330923,20.811215,20.250681,19.669281,19.070262,18.460807,17.845644,17.222142,16.582131,15.910388
IIASA-WiC POP 2025,SSP5,1,Lesotho,million,Population,ANNUAL,,,,,,,,,,,,,,,,2.348805,2.411285,2.448371,2.463401,2.464162,2.455869,2.425478,2.373085,2.309433,2.23959,2.166441,2.091857,2.017148,1.943307,1.870724,1.799482
IIASA-WiC POP 2025,SSP5,1,Lithuania,million,Population,ANNUAL,,,,,,,,,,,,,,,,2.725074,2.535234,2.362496,2.207168,2.072124,1.95255,1.840242,1.734071,1.64059,1.559522,1.490058,1.430245,1.377045,1.327949,1.282099,1.239415
IIASA-WiC POP 2025,SSP5,1,Luxembourg,million,Population,ANNUAL,,,,,,,,,,,,,,,,0.65515,0.693761,0.732072,0.770442,0.809604,0.849806,0.886404,0.917801,0.940855,0.956881,0.967189,0.972214,0.971269,0.963497,0.948803,0.927884
IIASA-WiC POP 2025,SSP5,1,Latvia,million,Population,ANNUAL,,,,,,,,,,,,,,,,1.836499,1.712899,1.606684,1.51964,1.449953,1.392788,1.341525,1.294905,1.252869,1.214954,1.180468,1.148267,1.116867,1.085452,1.053703,1.020831
IIASA-WiC POP 2025,SSP5,1,Macao,million,Population,ANNUAL,,,,,,,,,,,,,,,,0.698767,0.742846,0.783738,0.822762,0.860618,0.89727,0.927665,0.951013,0.964438,0.970249,0.969498,0.961576,0.945233,0.919676,0.886155,0.847386
IIASA-WiC POP 2025,SSP5,1,Morocco,million,Population,ANNUAL,,,,,,,,,,,,,,,,38.409478,39.573158,40.320559,40.689994,40.799754,40.665528,40.311291,39.727691,38.992898,38.104378,37.092997,35.992792,34.850193,33.683367,32.500318,31.287774
IIASA-WiC POP 2025,SSP5,1,Moldova,million,Population,ANNUAL,,,,,,,,,,,,,,,,3.054643,2.867634,2.688927,2.531227,2.395082,2.27374,2.157945,2.046768,1.945599,1.85293,1.767977,1.690305,1.619902,1.557031,1.501386,1.45088
IIASA-WiC POP 2025,SSP5,1,Madagascar,million,Population,ANNUAL,,,,,,,,,,,,,,,,31.357004,34.3634,36.971552,39.32424,41.570192,43.602677,45.292642,46.617577,47.60925,48.29879,48.694201,48.815198,48.680779,48.297979,47.685465,46.844793
IIASA-WiC POP 2025,SSP5,1,Maldives,million,Population,ANNUAL,,,,,,,,,,,,,,,,0.548228,0.58761,0.622598,0.655655,0.6883,0.719026,0.74572,0.767148,0.78105,0.7883,0.78859,0.780781,0.763113,0.734897,0.698137,0.657796
IIASA-WiC POP 2025,SSP5,1,Mexico,million,Population,ANNUAL,,,,,,,,,,,,,,,,130.41403,134.235035,137.00532,138.801024,139.901529,140.213921,139.769304,138.537767,136.787027,134.642637,132.191357,129.482772,126.516714,123.247678,119.629009,115.446528
IIASA-WiC POP 2025,SSP5,1,North Macedonia,million,Population,ANNUAL,,,,,,,,,,,,,,,,2.095603,2.10461,2.105125,2.096997,2.084486,2.069826,2.053498,2.033473,2.007187,1.974295,1.935779,1.892692,1.845865,1.795713,1.742254,1.684247
IIASA-WiC POP 2025,SSP5,1,Mali,million,Population,ANNUAL,,,,,,,,,,,,,,,,24.361669,27.442749,30.315276,33.004977,35.583491,37.905169,39.895825,41.479826,42.804547,43.887395,44.717307,45.320083,45.615545,45.607493,45.286722,44.720226
IIASA-WiC POP 2025,SSP5,1,Malta,million,Population,ANNUAL,,,,,,,,,,,,,,,,0.517403,0.527682,0.535018,0.540457,0.546067,0.553311,0.560182,0.565404,0.566802,0.564297,0.557929,0.547649,0.533275,0.514801,0.492965,0.469276
IIASA-WiC POP 2025,SSP5,1,Myanmar,million,Population,ANNUAL,,,,,,,,,,,,,,,,54.951374,55.616261,55.561957,54.963078,54.099527,53.01076,51.679699,50.098735,48.364512,46.49964,44.556006,42.592057,40.62275,38.668748,36.727609,34.814217
IIASA-WiC POP 2025,SSP5,1,Montenegro,million,Population,ANNUAL,,,,,,,,,,,,,,,,0.648657,0.639801,0.631451,0.624453,0.618819,0.613892,0.608388,0.601804,0.594228,0.585849,0.576803,0.567092,0.556548,0.545042,0.5324,0.518244
IIASA-WiC POP 2025,SSP5,1,Mongolia,million,Population,ANNUAL,,,,,,,,,,,,,,,,3.507299,3.676765,3.822436,3.950081,4.073204,4.180389,4.255223,4.287958,4.292883,4.274941,4.241427,4.198211,4.148807,4.094378,4.035921,3.968623
IIASA-WiC POP 2025,SSP5,1,Mozambique,million,Population,ANNUAL,,,,,,,,,,,,,,,,35.042684,38.956909,42.394476,45.588438,48.6722,51.580543,54.080922,56.104938,57.691754,58.875553,59.619587,59.959714,59.872627,59.420149,58.631847,57.527921
IIASA-WiC POP 2025,SSP5,1,Mauritania,million,Population,ANNUAL,,,,,,,,,,,,,,,,5.009208,5.496706,5.923324,6.300929,6.65197,6.960525,7.21565,7.408892,7.551115,7.642824,7.684336,7.678727,7.637148,7.562709,7.456016,7.317819
IIASA-WiC POP 2025,SSP5,1,Martinique,million,Population,ANNUAL,,,,,,,,,,,,,,,,0.366326,0.358584,0.350929,0.342108,0.331806,0.320317,0.308509,0.296917,0.286858,0.278545,0.272042,0.267191,0.263517,0.260361,0.257037,0.253093
IIASA-WiC POP 2025,SSP5,1,Mauritius,million,Population,ANNUAL,,,,,,,,,,,,,,,,1.29863,1.289981,1.274025,1.249983,1.220588,1.187108,1.151133,1.113504,1.075421,1.03692,0.997888,0.958352,0.91848,0.877929,0.836191,0.793035
IIASA-WiC POP 2025,SSP5,1,Malawi,million,Population,ANNUAL,,,,,,,,,,,,,,,,21.722635,24.209764,26.57015,28.772082,30.88298,32.850929,34.549198,35.946905,37.066079,37.920406,38.494477,38.804918,38.853117,38.683528,38.314215,37.754765
IIASA-WiC POP 2025,SSP5,1,Malaysia,million,Population,ANNUAL,,,,,,,,,,,,,,,,34.725784,36.510081,38.095969,39.473844,40.733493,41.854951,42.805658,43.53292,43.956704,44.096647,43.971837,43.588152,42.947066,42.062988,40.966491,39.677891
IIASA-WiC POP 2025,SSP5,1,Mayotte,million,Population,ANNUAL,,,,,,,,,,,,,,,,0.356558,0.412798,0.470658,0.530305,0.594574,0.661356,0.728545,0.794509,0.861973,0.931798,1.004831,1.081306,1.160919,1.243465,1.329336,1.419192
IIASA-WiC POP 2025,SSP5,1,Namibia,million,Population,ANNUAL,,,,,,,,,,,,,,,,2.679352,2.873169,3.03424,3.174061,3.301371,3.417974,3.504528,3.554916,3.580086,3.581998,3.567128,3.537887,3.495242,3.439805,3.372136,3.294954
IIASA-WiC POP 2025,SSP5,1,New Caledonia,million,Population,ANNUAL,,,,,,,,,,,,,,,,0.299259,0.312251,0.323712,0.334084,0.343566,0.351769,0.358425,0.363284,0.366093,0.367176,0.366897,0.365441,0.36276,0.358788,0.353562,0.34712
IIASA-WiC POP 2025,SSP5,1,Niger,million,Population,ANNUAL,,,,,,,,,,,,,,,,28.709716,33.352965,37.932916,42.631783,47.563053,52.521944,57.265237,61.648185,65.669743,69.293804,72.51277,75.230639,77.453453,79.090515,80.101351,80.441743
IIASA-WiC POP 2025,SSP5,1,Nigeria,million,Population,ANNUAL,,,,,,,,,,,,,,,,232.14437,256.739121,281.112715,305.609638,331.015903,356.033591,379.091939,399.684712,418.156759,434.401341,448.447447,460.024362,468.619403,474.164258,476.332634,475.382569
IIASA-WiC POP 2025,SSP5,1,Nicaragua,million,Population,ANNUAL,,,,,,,,,,,,,,,,7.160782,7.419084,7.583213,7.670455,7.701048,7.678788,7.606772,7.48028,7.328132,7.151347,6.957797,6.751324,6.53801,6.32042,6.102116,5.88506
IIASA-WiC POP 2025,SSP5,1,Netherlands,million,Population,ANNUAL,,,,,,,,,,,,,,,,17.582513,17.825463,18.053276,18.248315,18.429412,18.618255,18.775068,18.898909,18.989316,19.068677,19.148056,19.105357,18.933481,18.58262,18.104624,17.55062
IIASA-WiC POP 2025,SSP5,1,Norway,million,Population,ANNUAL,,,,,,,,,,,,,,,,5.506107,5.698339,5.898989,6.105504,6.320545,6.547803,6.754848,6.941681,7.099304,7.234755,7.350607,7.429959,7.439084,7.36968,7.236468,7.064135
IIASA-WiC POP 2025,SSP5,1,Nepal,million,Population,ANNUAL,,,,,,,,,,,,,,,,30.601911,31.289124,31.562896,31.537316,31.357242,31.012302,30.489745,29.789528,29.051214,28.286012,27.499403,26.694412,25.867962,25.024736,24.173008,23.33095
IIASA-WiC POP 2025,SSP5,1,New Zealand,million,Population,ANNUAL,,,,,,,,,,,,,,,,5.179058,5.363005,5.538742,5.706866,5.872707,6.031953,6.169135,6.282226,6.36774,6.431684,6.476367,6.499528,6.494997,6.455931,6.380632,6.273933
IIASA-WiC POP 2025,SSP5,1,Oman,million,Population,ANNUAL,,,,,,,,,,,,,,,,4.991532,5.365012,5.676132,5.942473,6.19634,6.428426,6.613708,6.733495,6.778118,6.750698,6.658212,6.512951,6.326196,6.119057,5.914086,5.7228
IIASA-WiC POP 2025,SSP5,1,Pakistan,million,Population,ANNUAL,,,,,,,,,,,,,,,,248.722589,268.420359,285.974365,301.058555,314.745195,326.826512,336.339125,343.024282,347.423926,349.907716,350.636266,349.687762,347.336683,343.827455,339.316978,334.023864
IIASA-WiC POP 2025,SSP5,1,Panama,million,Population,ANNUAL,,,,,,,,,,,,,,,,4.540154,4.776443,4.975405,5.133071,5.262706,5.355309,5.415308,5.443731,5.44466,5.421598,5.373497,5.306264,5.218456,5.112167,4.986499,4.839128
IIASA-WiC POP 2025,SSP5,1,Peru,million,Population,ANNUAL,,,,,,,,,,,,,,,,34.546824,35.517501,36.142314,36.427084,36.501291,36.359351,36.012457,35.446373,34.734094,33.899208,32.975438,31.994035,30.972819,29.920667,28.843125,27.741457
IIASA-WiC POP 2025,SSP5,1,Philippines,million,Population,ANNUAL,,,,,,,,,,,,,,,,119.754409,126.665035,132.397519,136.940007,140.67083,143.417012,145.057427,145.526177,145.211081,144.250634,142.692624,140.634792,138.028502,134.922994,131.403492,127.546067
IIASA-WiC POP 2025,SSP5,1,Papua New Guinea,million,Population,ANNUAL,,,,,,,,,,,,,,,,10.657199,11.598996,12.42779,13.16374,13.831953,14.413212,14.878443,15.224067,15.422615,15.497675,15.46066,15.318307,15.064918,14.705878,14.24475,13.693306
IIASA-WiC POP 2025,SSP5,1,Poland,million,Population,ANNUAL,,,,,,,,,,,,,,,,39.009959,38.257551,37.510697,36.807484,36.164671,35.59066,34.971602,34.308557,33.591467,32.810932,31.963582,31.064425,30.140958,29.227193,28.35317,27.533408
IIASA-WiC POP 2025,SSP5,1,Puerto Rico,million,Population,ANNUAL,,,,,,,,,,,,,,,,3.109319,2.873255,2.66261,2.475914,2.314424,2.179011,2.062638,1.964024,1.882667,1.814409,1.755355,1.701627,1.649777,1.597242,1.541966,1.482477
IIASA-WiC POP 2025,SSP5,1,North Korea,million,Population,ANNUAL,,,,,,,,,,,,,,,,26.39872,26.531965,26.387,26.107651,25.74696,25.340636,24.857306,24.204728,23.428978,22.62579,21.852654,21.109533,20.357556,19.560203,18.722756,17.882941
IIASA-WiC POP 2025,SSP5,1,Portugal,million,Population,ANNUAL,,,,,,,,,,,,,,,,10.196377,10.135705,10.106166,10.093139,10.094651,10.105825,10.108996,10.094214,10.045252,9.969035,9.870736,9.752739,9.60509,9.392488,9.134109,8.815938
IIASA-WiC POP 2025,SSP5,1,Paraguay,million,Population,ANNUAL,,,,,,,,,,,,,,,,7.003398,7.310435,7.526007,7.674068,7.76731,7.806253,7.78327,7.706383,7.601837,7.47326,7.323066,7.150561,6.960772,6.757532,6.547826,6.332578
IIASA-WiC POP 2025,SSP5,1,Palestine,million,Population,ANNUAL,,,,,,,,,,,,,,,,5.559569,6.022072,6.410446,6.725851,6.993077,7.206514,7.344968,7.410107,7.433978,7.427012,7.403768,7.369665,7.322963,7.268904,7.205619,7.138516
IIASA-WiC POP 2025,SSP5,1,French Polynesia,million,Population,ANNUAL,,,,,,,,,,,,,,,,0.310863,0.317008,0.321151,0.323309,0.323686,0.322241,0.318517,0.312958,0.306714,0.300181,0.293559,0.286854,0.28004,0.273285,0.266922,0.261025
IIASA-WiC POP 2025,SSP5,1,Qatar,million,Population,ANNUAL,,,,,,,,,,,,,,,,3.125791,3.582461,4.025661,4.459151,4.884165,5.286539,5.655409,5.980757,6.218528,6.369392,6.432868,6.409619,6.302419,6.123516,5.896056,5.641577
IIASA-WiC POP 2025,SSP5,1,R??union,million,Population,ANNUAL,,,,,,,,,,,,,,,,1.000816,1.034993,1.062097,1.085288,1.104365,1.118162,1.126691,1.129866,1.129678,1.127973,1.126138,1.124159,1.121535,1.11711,1.110057,1.099399
IIASA-WiC POP 2025,SSP5,1,Romania,million,Population,ANNUAL,,,,,,,,,,,,,,,,18.885716,18.140381,17.381152,16.649018,15.946767,15.269218,14.608416,13.939073,13.276355,12.634855,12.04524,11.521382,11.057017,10.641397,10.268708,9.918909
IIASA-WiC POP 2025,SSP5,1,Russian Federation,million,Population,ANNUAL,,,,,,,,,,,,,,,,145.394341,144.889398,144.709001,145.049598,145.954459,147.129412,148.039349,148.563877,148.504302,147.94725,146.965758,145.590595,143.838087,141.77922,139.480435,136.83931
IIASA-WiC POP 2025,SSP5,1,Rwanda,million,Population,ANNUAL,,,,,,,,,,,,,,,,14.570678,15.990374,17.233288,18.335547,19.363531,20.32969,21.129636,21.735177,22.151727,22.39598,22.47703,22.418454,22.25676,22.005913,21.660448,21.22188
IIASA-WiC POP 2025,SSP5,1,Saudi Arabia,million,Population,ANNUAL,,,,,,,,,,,,,,,,39.22019,41.943947,44.256424,46.180061,47.792227,49.058599,49.952242,50.43425,50.446057,50.041029,49.315082,48.390752,47.354413,46.216179,44.932167,43.483356
IIASA-WiC POP 2025,SSP5,1,Sudan,million,Population,ANNUAL,,,,,,,,,,,,,,,,49.751585,55.051853,59.824066,64.166537,68.328809,72.22964,75.67468,78.536347,80.832431,82.544703,83.677481,84.385898,84.636455,84.523206,84.045922,83.224318
IIASA-WiC POP 2025,SSP5,1,Senegal,million,Population,ANNUAL,,,,,,,,,,,,,,,,18.370559,20.176851,21.803122,23.292359,24.728763,26.031137,27.110901,27.94261,28.585772,29.05632,29.37288,29.533025,29.531999,29.39428,29.130996,28.743305
IIASA-WiC POP 2025,SSP5,1,Singapore,million,Population,ANNUAL,,,,,,,,,,,,,,,,6.10754,6.46002,6.782334,7.072109,7.33648,7.582061,7.791418,7.959239,8.053398,8.085737,8.063215,7.9858,7.848579,7.646304,7.377698,7.045026
IIASA-WiC POP 2025,SSP5,1,Solomon Islands,million,Population,ANNUAL,,,,,,,,,,,,,,,,0.768195,0.835938,0.894006,0.945193,0.991355,1.029498,1.057879,1.07613,1.087493,1.091248,1.088918,1.080579,1.067693,1.050432,1.028784,1.002321
IIASA-WiC POP 2025,SSP5,1,Sierra Leone,million,Population,ANNUAL,,,,,,,,,,,,,,,,9.070178,9.814601,10.442145,10.966103,11.414893,11.769085,12.006778,12.119216,12.132604,12.056552,11.89638,11.668991,11.383425,11.042663,10.655696,10.230988
IIASA-WiC POP 2025,SSP5,1,El Salvador,million,Population,ANNUAL,,,,,,,,,,,,,,,,6.373114,6.241259,6.051698,5.825579,5.586636,5.334147,5.069212,4.793148,4.536518,4.298127,4.077172,3.870927,3.677402,3.494098,3.320746,3.160009
IIASA-WiC POP 2025,SSP5,1,Somalia,million,Population,ANNUAL,,,,,,,,,,,,,,,,19.02004,21.446166,23.682488,25.847018,28.055896,30.191847,32.073356,33.576891,34.846105,35.940869,36.88413,37.65224,38.197976,38.509612,38.576901,38.45819
IIASA-WiC POP 2025,SSP5,1,Serbia,million,Population,ANNUAL,,,,,,,,,,,,,,,,7.153957,7.101358,7.055882,7.011926,6.981378,6.964351,6.954336,6.938567,6.895433,6.825474,6.734485,6.628082,6.508272,6.372975,6.218774,6.0407
IIASA-WiC POP 2025,SSP5,1,South Sudan,million,Population,ANNUAL,,,,,,,,,,,,,,,,11.082318,11.044631,10.905058,10.668049,10.337531,9.907456,9.417048,8.900893,8.453132,8.065522,7.721214,7.405907,7.114631,6.844823,6.594891,6.369175
IIASA-WiC POP 2025,SSP5,1,Sao Tome and Principe,million,Population,ANNUAL,,,,,,,,,,,,,,,,0.237482,0.250852,0.260783,0.267602,0.272336,0.274413,0.273493,0.269921,0.265146,0.25927,0.252659,0.245822,0.238862,0.231631,0.22397,0.21595
IIASA-WiC POP 2025,SSP5,1,Suriname,million,Population,ANNUAL,,,,,,,,,,,,,,,,0.633338,0.654442,0.669363,0.678958,0.685123,0.687697,0.68646,0.681334,0.673577,0.663976,0.652955,0.640568,0.62692,0.611674,0.595014,0.57678
IIASA-WiC POP 2025,SSP5,1,Slovakia,million,Population,ANNUAL,,,,,,,,,,,,,,,,5.501991,5.476225,5.432933,5.378964,5.325991,5.27458,5.219121,5.152329,5.068168,4.967312,4.854183,4.735515,4.616253,4.497287,4.378507,4.259652
IIASA-WiC POP 2025,SSP5,1,Slovenia,million,Population,ANNUAL,,,,,,,,,,,,,,,,2.114577,2.119849,2.12487,2.131256,2.139714,2.14719,2.150443,2.148349,2.138281,2.122295,2.101546,2.075592,2.043543,2.005099,1.960752,1.910298
IIASA-WiC POP 2025,SSP5,1,Sweden,million,Population,ANNUAL,,,,,,,,,,,,,,,,10.56977,10.9215,11.28124,11.666523,12.096423,12.568125,13.018583,13.42939,13.77764,14.080474,14.345131,14.552193,14.614335,14.503405,14.264764,13.977606
IIASA-WiC POP 2025,SSP5,1,Eswatini,million,Population,ANNUAL,,,,,,,,,,,,,,,,1.230944,1.261463,1.276,1.277691,1.271728,1.258627,1.232514,1.194312,1.153588,1.111306,1.067997,1.024118,0.98048,0.937936,0.896769,0.857152
IIASA-WiC POP 2025,SSP5,1,Seychelles,million,Population,ANNUAL,,,,,,,,,,,,,,,,0.109057,0.112574,0.115238,0.117032,0.118132,0.118556,0.118327,0.117488,0.116091,0.114189,0.111892,0.109199,0.106177,0.102815,0.099139,0.095095
IIASA-WiC POP 2025,SSP5,1,Syria,million,Population,ANNUAL,,,,,,,,,,,,,,,,22.104625,23.679677,25.199674,26.519232,27.618315,28.454853,29.090167,29.558771,29.918432,30.175293,30.333578,30.391218,30.342195,30.187463,29.874528,29.124625
IIASA-WiC POP 2025,SSP5,1,Chad,million,Population,ANNUAL,,,,,,,,,,,,,,,,19.219191,21.798185,24.238087,26.650149,29.077455,31.413086,33.559589,35.457164,37.13311,38.551625,39.723248,40.608216,41.233896,41.537999,41.502581,41.148505
IIASA-WiC POP 2025,SSP5,1,Togo,million,Population,ANNUAL,,,,,,,,,,,,,,,,9.354153,10.216643,10.968031,11.62952,12.234489,12.750171,13.155034,13.432461,13.619993,13.707099,13.709087,13.625237,13.471097,13.253459,12.976275,12.643802
IIASA-WiC POP 2025,SSP5,1,Thailand,million,Population,ANNUAL,,,,,,,,,,,,,,,,72.030014,72.295615,72.040016,71.269458,70.123642,68.600615,66.754327,64.674983,62.418221,60.062848,57.638894,55.162667,52.612707,49.988898,47.292578,44.557778
IIASA-WiC POP 2025,SSP5,1,Tajikistan,million,Population,ANNUAL,,,,,,,,,,,,,,,,10.416997,11.112789,11.712869,12.231935,12.682443,12.990719,13.1477,13.173225,13.135864,13.046513,12.903349,12.706779,12.473907,12.216977,11.947622,11.66331
IIASA-WiC POP 2025,SSP5,1,Turkmenistan,million,Population,ANNUAL,,,,,,,,,,,,,,,,6.714457,7.061319,7.331754,7.553066,7.750583,7.905292,7.987954,7.996895,7.952073,7.874134,7.774136,7.654192,7.514502,7.357571,7.187734,7.004785
IIASA-WiC POP 2025,SSP5,1,Timor-Leste,million,Population,ANNUAL,,,,,,,,,,,,,,,,1.393823,1.469221,1.529914,1.573401,1.603675,1.62113,1.624015,1.611051,1.588304,1.55844,1.522346,1.480566,1.432064,1.377671,1.319664,1.260878
IIASA-WiC POP 2025,SSP5,1,Tonga,million,Population,ANNUAL,,,,,,,,,,,,,,,,0.107989,0.10424,0.099633,0.094628,0.089554,0.084503,0.079377,0.074149,0.069667,0.065933,0.062866,0.060355,0.058312,0.056601,0.05517,0.053986
IIASA-WiC POP 2025,SSP5,1,Trinidad and Tobago,million,Population,ANNUAL,,,,,,,,,,,,,,,,1.527884,1.517055,1.497088,1.469763,1.43892,1.403662,1.364488,1.321468,1.277085,1.231546,1.184993,1.137527,1.090713,1.045905,1.003338,0.962272
IIASA-WiC POP 2025,SSP5,1,Tunisia,million,Population,ANNUAL,,,,,,,,,,,,,,,,12.623486,12.949284,13.131231,13.215064,13.255131,13.244695,13.159585,12.988164,12.748955,12.458978,12.137921,11.798933,11.449863,11.097184,10.747135,10.399071
IIASA-WiC POP 2025,SSP5,1,Turkey,million,Population,ANNUAL,,,,,,,,,,,,,,,,87.089009,89.692154,91.675018,93.191456,94.285745,94.874652,94.927252,94.37467,93.35234,91.965252,90.27403,88.344523,86.228165,83.972205,81.614539,79.184886
IIASA-WiC POP 2025,SSP5,1,Taiwan,million,Population,ANNUAL,,,,,,,,,,,,,,,,23.475315,22.904291,22.219488,21.41597,20.542976,19.649127,18.707504,17.760253,16.851234,15.968992,15.102394,14.272861,13.501962,12.803138,12.171745,11.59119
IIASA-WiC POP 2025,SSP5,1,Tanzania,million,Population,ANNUAL,,,,,,,,,,,,,,,,70.254303,79.098496,87.346387,95.246773,103.132314,110.805668,117.562585,123.3284,128.244341,132.307842,135.681172,138.212055,139.825158,140.556695,140.52262,139.792854
IIASA-WiC POP 2025,SSP5,1,Uganda,million,Population,ANNUAL,,,,,,,,,,,,,,,,50.77312,57.428654,63.679532,69.553237,75.320999,80.875377,85.677728,89.715774,93.146569,96.07196,98.357388,99.988446,100.956061,101.310543,101.169958,100.592973
IIASA-WiC POP 2025,SSP5,1,Ukraine,million,Population,ANNUAL,,,,,,,,,,,,,,,,36.391202,37.243587,37.584122,37.516464,37.198019,36.791561,36.330715,35.845449,35.284607,34.649709,33.950478,33.192553,32.380814,31.528969,30.645965,29.709551
IIASA-WiC POP 2025,SSP5,1,Uruguay,million,Population,ANNUAL,,,,,,,,,,,,,,,,3.411022,3.373085,3.325899,3.268866,3.205266,3.132025,3.048075,2.954234,2.85632,2.755936,2.653341,2.548265,2.440011,2.327457,2.209473,2.08475
IIASA-WiC POP 2025,SSP5,1,United States,million,Population,ANNUAL,,,,,,,,,,,,,,,,341.969466,353.643714,365.475626,377.289227,388.963523,400.387953,410.610964,419.935652,428.080868,435.38542,441.754838,446.723494,449.70956,450.316303,448.43093,443.273582
IIASA-WiC POP 2025,SSP5,1,Uzbekistan,million,Population,ANNUAL,,,,,,,,,,,,,,,,36.057826,38.128623,39.816942,41.262115,42.59192,43.662815,44.297796,44.499639,44.416944,44.150535,43.726317,43.143597,42.423846,41.620046,40.782751,39.902875
IIASA-WiC POP 2025,SSP5,1,Saint Vincent and the Grenadines,million,Population,ANNUAL,,,,,,,,,,,,,,,,0.101993,0.097079,0.092039,0.087106,0.082481,0.07803,0.073736,0.069647,0.06608,0.062965,0.060227,0.057772,0.055523,0.053441,0.051472,0.049583
IIASA-WiC POP 2025,SSP5,1,Venezuela,million,Population,ANNUAL,,,,,,,,,,,,,,,,29.785672,30.789634,31.591772,32.143545,32.50837,32.676594,32.677284,32.531171,32.273786,31.935191,31.532106,31.071081,30.556713,29.978681,29.309838,28.417597
IIASA-WiC POP 2025,SSP5,1,United States Virgin Islands,million,Population,ANNUAL,,,,,,,,,,,,,,,,0.098266,0.095015,0.092116,0.089584,0.087629,0.086151,0.084962,0.083928,0.082997,0.08214,0.08134,0.080508,0.079538,0.078332,0.076681,0.074445
IIASA-WiC POP 2025,SSP5,1,Viet Nam,million,Population,ANNUAL,,,,,,,,,,,,,,,,99.80721,102.204078,103.602468,104.251937,104.432995,104.184922,103.452185,102.107529,100.205432,97.858982,95.198461,92.319342,89.262468,86.03492,82.659412,79.182763
IIASA-WiC POP 2025,SSP5,1,Vanuatu,million,Population,ANNUAL,,,,,,,,,,,,,,,,0.343505,0.371547,0.396102,0.417837,0.43806,0.45538,0.468626,0.47782,0.483924,0.487253,0.488047,0.486997,0.484438,0.480463,0.475149,0.468125
IIASA-WiC POP 2025,SSP5,1,Samoa,million,Population,ANNUAL,,,,,,,,,,,,,,,,0.226676,0.226054,0.222225,0.216261,0.209593,0.202146,0.193603,0.184079,0.175602,0.168119,0.161713,0.156382,0.152,0.148334,0.145302,0.142795
IIASA-WiC POP 2025,SSP5,1,Yemen,million,Population,ANNUAL,,,,,,,,,,,,,,,,35.731379,38.965037,41.771552,44.173232,46.338513,48.163046,49.553407,50.500237,51.053651,51.193471,50.964238,50.459799,49.757629,48.881614,47.828615,46.587438
IIASA-WiC POP 2025,SSP5,1,South Africa,million,Population,ANNUAL,,,,,,,,,,,,,,,,60.833813,63.373815,65.351612,66.79485,67.877022,68.658749,68.916326,68.660607,67.986144,66.917345,65.495948,63.72519,61.678724,59.430251,57.049688,54.558928
IIASA-WiC POP 2025,SSP5,1,Zambia,million,Population,ANNUAL,,,,,,,,,,,,,,,,21.313458,23.813468,26.112925,28.261635,30.326304,32.264099,33.923804,35.285839,36.345368,37.119022,37.582869,37.766034,37.706568,37.413337,36.879974,36.120385
IIASA-WiC POP 2025,SSP5,1,Zimbabwe,million,Population,ANNUAL,,,,,,,,,,,,,,,,16.972672,18.041533,18.909552,19.585185,20.146236,20.573998,20.786645,20.766478,20.620292,20.374809,20.088285,19.779724,19.450163,19.082564,18.682469,18.254479
IIASA-WiC POP 2025,SSP5,1,Kosovo,million,Population,ANNUAL,,,,,,,,,,,,,,,,1.774432,1.798648,1.820545,1.831277,1.828114,1.811283,1.784258,1.751358,1.71981,1.688974,1.657358,1.622735,1.582665,1.536248,1.484194,1.42635
