model,scenario,version,region,unit,variable,type,1980,1985,1990,1995,2000,2005,2010,2015,2020,2025,2030,2035,2040,2045,2050,2055,2060,2065,2070,2075,2080,2085,2090,2095,2100
OECD ENV-Growth 2025,Historical Reference,1,Afghanistan,billion USD_2010/yr,GDP|PPP,ANNUAL,,,,,,28.55435155,46.30954366,61.59524734,66.32214371,56.77125909,,,,,,,,,,,,,,,
OECD ENV-Growth 2025,Historical Reference,1,Afghanistan,billion USD_2015/yr,GDP|PPP,ANNUAL,,,,,,33.40373899,54.17429656,72.05597232,77.58563781,66.41272583,,,,,,,,,,,,,,,
OECD ENV-Growth 2025,Historical Reference,1,Afghanistan,billion USD_2017/yr,GDP|PPP,ANNUAL,,,,,,33.027,53.5633,71.2433,76.7106,65.6637,,,,,,,,,,,,,,,
OECD ENV-Growth 2025,Historical Reference,1,Albania,billion USD_2010/yr,GDP|PPP,ANNUAL,13.10974417,14.4834957,14.78321207,12.89751496,16.46868629,21.90657416,28.33109832,30.95942109,34.0931566,43.10539394,,,,,,,,,,,,,,,
OECD ENV-Growth 2025,Historical Reference,1,Albania,billion USD_2015/yr,GDP|PPP,ANNUAL,14.2259072,15.71661988,16.04185409,13.99560881,17.87082951,23.77169891,30.74320677,33.59530482,36.99584643,46.77538526,,,,,,,,,,,,,,,
OECD ENV-Growth 2025,Historical Reference,1,Albania,billion USD_2017/yr,GDP|PPP,ANNUAL,14.8499,16.406,16.7455,14.6095,18.6547,24.8144,32.0917,35.0689,38.6186,48.8271,,,,,,,,,,,,,,,
OECD ENV-Growth 2025,Historical Reference,1,Algeria,billion USD_2010/yr,GDP|PPP,ANNUAL,204.2872039,263.140192,270.2452953,273.3078608,322.9087924,415.8689481,471.2027789,554.7700147,563.1161735,659.7363499,,,,,,,,,,,,,,,
OECD ENV-Growth 2025,Historical Reference,1,Algeria,billion USD_2015/yr,GDP|PPP,ANNUAL,175.7814727,226.4222604,232.5359352,235.1711579,277.8508982,357.8396237,405.4523086,477.358779,484.5403355,567.6783715,,,,,,,,,,,,,,,
OECD ENV-Growth 2025,Historical Reference,1,Algeria,billion USD_2017/yr,GDP|PPP,ANNUAL,168.229,216.694,222.545,225.067,265.913,342.465,388.032,456.849,463.722,543.288,,,,,,,,,,,,,,,
OECD ENV-Growth 2025,Historical Reference,1,Angola,billion USD_2010/yr,GDP|PPP,ANNUAL,,,58.74046897,50.26546783,66.10734052,102.9230966,153.8883139,191.9386397,172.6400233,194.6208842,,,,,,,,,,,,,,,
OECD ENV-Growth 2025,Historical Reference,1,Angola,billion USD_2015/yr,GDP|PPP,ANNUAL,,,62.616546,53.58230933,70.46953151,109.7146299,164.0428627,204.6039957,184.0319315,207.4632321,,,,,,,,,,,,,,,
OECD ENV-Growth 2025,Historical Reference,1,Angola,billion USD_2017/yr,GDP|PPP,ANNUAL,,,68.5243,58.6377,77.1182,120.066,179.52,223.908,201.395,227.037,,,,,,,,,,,,,,,
OECD ENV-Growth 2025,Historical Reference,1,Antigua and Barbuda,billion USD_2010/yr,GDP|PPP,ANNUAL,0.622501455,0.807092959,1.094451658,1.21488881,1.575567416,1.815144323,1.8144877,1.969620596,1.970933842,2.641210297,,,,,,,,,,,,,,,
OECD ENV-Growth 2025,Historical Reference,1,Antigua and Barbuda,billion USD_2015/yr,GDP|PPP,ANNUAL,0.559124041,0.724922125,0.983024585,1.091199926,1.41515753,1.630342904,1.629753132,1.769091813,1.770271357,2.372306384,,,,,,,,,,,,,,,
OECD ENV-Growth 2025,Historical Reference,1,Antigua and Barbuda,billion USD_2017/yr,GDP|PPP,ANNUAL,0.54986,0.712911,0.966737,1.07312,1.39171,1.60333,1.60275,1.73978,1.74094,2.333,,,,,,,,,,,,,,,
OECD ENV-Growth 2025,Historical Reference,1,Argentina,billion USD_2010/yr,GDP|PPP,ANNUAL,469.0642061,421.579111,421.7350114,552.7404528,527.3010491,580.1458905,736.666766,792.6572617,686.2034367,787.8266549,,,,,,,,,,,,,,,
OECD ENV-Growth 2025,Historical Reference,1,Argentina,billion USD_2015/yr,GDP|PPP,ANNUAL,513.069934,461.1299773,461.3005036,604.5963517,576.7703248,634.5728579,805.7778959,867.021196,750.580299,861.737401,,,,,,,,,,,,,,,
OECD ENV-Growth 2025,Historical Reference,1,Argentina,billion USD_2017/yr,GDP|PPP,ANNUAL,610.775,548.944,549.147,719.731,686.606,755.416,959.224,1032.13,893.515,1025.84,,,,,,,,,,,,,,,
OECD ENV-Growth 2025,Historical Reference,1,Armenia,billion USD_2010/yr,GDP|PPP,ANNUAL,,,14.8340341,7.840462721,9.893969467,17.87798997,21.60076362,26.80452067,30.36477303,42.43829227,,,,,,,,,,,,,,,
OECD ENV-Growth 2025,Historical Reference,1,Armenia,billion USD_2015/yr,GDP|PPP,ANNUAL,,,16.14158314,8.531561949,10.76607548,19.45384914,23.50476745,29.16721076,33.0412823,46.17902443,,,,,,,,,,,,,,,
OECD ENV-Growth 2025,Historical Reference,1,Armenia,billion USD_2017/yr,GDP|PPP,ANNUAL,,,18.3279,9.68713,12.2243,22.0888,26.6884,33.1178,37.5166,52.4338,,,,,,,,,,,,,,,
OECD ENV-Growth 2025,Historical Reference,1,Aruba,billion USD_2010/yr,GDP|PPP,ANNUAL,,,2.057045334,2.79914895,3.376593315,3.765637721,3.434793518,3.871329058,3.028140367,4.47251413,,,,,,,,,,,,,,,
OECD ENV-Growth 2025,Historical Reference,1,Aruba,billion USD_2015/yr,GDP|PPP,ANNUAL,,,2.069760772,2.816451633,3.397465417,3.788914666,3.45602538,3.895259324,3.04685854,4.500160567,,,,,,,,,,,,,,,
OECD ENV-Growth 2025,Historical Reference,1,Aruba,billion USD_2017/yr,GDP|PPP,ANNUAL,,,2.11677,2.88042,3.47463,3.87497,3.53452,3.98373,3.11606,4.60237,,,,,,,,,,,,,,,
OECD ENV-Growth 2025,Historical Reference,1,Australia,billion USD_2010/yr,GDP|PPP,ANNUAL,364.2461287,422.5531838,500.4937266,572.1144273,670.9039154,791.8866914,908.4873761,1038.043692,1123.116769,1291.732413,,,,,,,,,,,,,,,
OECD ENV-Growth 2025,Historical Reference,1,Australia,billion USD_2015/yr,GDP|PPP,ANNUAL,390.0866514,452.5301533,535.9999914,612.701642,718.4995011,848.0650949,972.9377209,1111.685083,1202.793455,1383.37111,,,,,,,,,,,,,,,
OECD ENV-Growth 2025,Historical Reference,1,Australia,billion USD_2017/yr,GDP|PPP,ANNUAL,406.963,472.108,559.189,639.209,749.584,884.755,1015.03,1159.78,1254.83,1443.22,,,,,,,,,,,,,,,
OECD ENV-Growth 2025,Historical Reference,1,Austria,billion USD_2010/yr,GDP|PPP,ANNUAL,197.6018624,212.55803,246.7925863,275.4553962,301.2280705,328.7078884,350.8853379,370.7032944,374.8591828,417.1791408,,,,,,,,,,,,,,,
OECD ENV-Growth 2025,Historical Reference,1,Austria,billion USD_2015/yr,GDP|PPP,ANNUAL,229.7444948,247.1334865,286.9367594,320.2619654,350.2269159,382.1767002,407.9616137,431.0032306,435.8351307,485.0390059,,,,,,,,,,,,,,,
OECD ENV-Growth 2025,Historical Reference,1,Austria,billion USD_2017/yr,GDP|PPP,ANNUAL,243.538,261.971,304.164,339.49,371.254,405.122,432.455,456.88,462.002,514.16,,,,,,,,,,,,,,,
OECD ENV-Growth 2025,Historical Reference,1,Azerbaijan,billion USD_2010/yr,GDP|PPP,ANNUAL,,,56.86377376,24.99116083,34.99854992,62.07144912,132.5786831,149.1291689,144.2317567,171.6570573,,,,,,,,,,,,,,,
OECD ENV-Growth 2025,Historical Reference,1,Azerbaijan,billion USD_2015/yr,GDP|PPP,ANNUAL,,,54.94966525,24.14992589,33.82045325,59.98204348,128.1159123,144.1092873,139.3767283,165.8788577,,,,,,,,,,,,,,,
OECD ENV-Growth 2025,Historical Reference,1,Azerbaijan,billion USD_2017/yr,GDP|PPP,ANNUAL,,,54.6529,24.0195,33.6378,59.6581,127.424,143.331,138.624,164.983,,,,,,,,,,,,,,,
OECD ENV-Growth 2025,Historical Reference,1,Bahamas,billion USD_2010/yr,GDP|PPP,ANNUAL,6.048372178,7.107935384,7.993726723,7.955215534,10.16829633,11.0380902,10.90946469,11.35090334,9.024175028,13.03136071,,,,,,,,,,,,,,,
OECD ENV-Growth 2025,Historical Reference,1,Bahamas,billion USD_2015/yr,GDP|PPP,ANNUAL,6.642150275,7.805732448,8.7784833,8.736191407,11.16653379,12.12171667,11.9804638,12.46523916,9.910092316,14.31066965,,,,,,,,,,,,,,,
OECD ENV-Growth 2025,Historical Reference,1,Bahamas,billion USD_2017/yr,GDP|PPP,ANNUAL,7.1193,8.36647,9.4091,9.36377,11.9687,12.9925,12.8411,13.3607,10.622,15.3387,,,,,,,,,,,,,,,
OECD ENV-Growth 2025,Historical Reference,1,Bahrain,billion USD_2010/yr,GDP|PPP,ANNUAL,16.68848627,20.15613899,22.16089873,27.4829095,34.53275161,44.41224882,58.2048191,69.41479271,74.58019642,88.12602382,,,,,,,,,,,,,,,
OECD ENV-Growth 2025,Historical Reference,1,Bahrain,billion USD_2015/yr,GDP|PPP,ANNUAL,15.00069221,18.11764304,19.91965092,24.70341886,31.04027349,39.92060537,52.31826076,62.39451099,67.03751036,79.21337725,,,,,,,,,,,,,,,
OECD ENV-Growth 2025,Historical Reference,1,Bahrain,billion USD_2017/yr,GDP|PPP,ANNUAL,15.8672,19.1642,21.0703,26.1304,32.8333,42.2266,55.3404,65.9987,70.9099,83.7891,,,,,,,,,,,,,,,
OECD ENV-Growth 2025,Historical Reference,1,Bangladesh,billion USD_2010/yr,GDP|PPP,ANNUAL,118.4006687,142.0933174,170.6479308,211.5477513,268.0715193,343.4645447,461.1468907,626.5591233,856.788408,1175.631971,,,,,,,,,,,,,,,
OECD ENV-Growth 2025,Historical Reference,1,Bangladesh,billion USD_2015/yr,GDP|PPP,ANNUAL,134.2823731,161.1530413,193.5378351,239.9237636,304.0293618,389.5352502,523.0029482,710.6027934,971.7139428,1333.325669,,,,,,,,,,,,,,,
OECD ENV-Growth 2025,Historical Reference,1,Bangladesh,billion USD_2017/yr,GDP|PPP,ANNUAL,138.127,165.767,199.079,246.793,312.734,400.688,537.977,730.948,999.535,1371.5,,,,,,,,,,,,,,,
OECD ENV-Growth 2025,Historical Reference,1,Barbados,billion USD_2010/yr,GDP|PPP,ANNUAL,3.444910905,3.383123739,3.782461661,3.59560173,4.256659295,4.511837498,4.551013806,4.53946036,4.007505832,4.902133143,,,,,,,,,,,,,,,
OECD ENV-Growth 2025,Historical Reference,1,Barbados,billion USD_2015/yr,GDP|PPP,ANNUAL,3.365325493,3.304965754,3.695078046,3.512535012,4.158320618,4.407603614,4.445874858,4.434588324,3.914923176,4.788882527,,,,,,,,,,,,,,,
OECD ENV-Growth 2025,Historical Reference,1,Barbados,billion USD_2017/yr,GDP|PPP,ANNUAL,3.33356,3.27377,3.6602,3.47938,4.11907,4.366,4.40391,4.39273,3.87797,4.74368,,,,,,,,,,,,,,,
OECD ENV-Growth 2025,Historical Reference,1,Belarus,billion USD_2010/yr,GDP|PPP,ANNUAL,,,80.29932674,52.53335119,71.31601897,102.4171684,145.6907055,153.9203322,159.8668555,163.1723499,,,,,,,,,,,,,,,
OECD ENV-Growth 2025,Historical Reference,1,Belarus,billion USD_2015/yr,GDP|PPP,ANNUAL,,,89.3376393,58.44638767,79.3431905,113.9450157,162.0893254,171.2452605,177.8611111,181.5386645,,,,,,,,,,,,,,,
OECD ENV-Growth 2025,Historical Reference,1,Belarus,billion USD_2017/yr,GDP|PPP,ANNUAL,,,90.636,59.2958,80.4963,115.601,164.445,173.734,180.446,184.177,,,,,,,,,,,,,,,
OECD ENV-Growth 2025,Historical Reference,1,Belgium,billion USD_2010/yr,GDP|PPP,ANNUAL,257.8362606,270.2429744,314.6106786,340.4795904,366.2787456,403.2630433,434.0497972,463.0262005,469.8075409,538.6182983,,,,,,,,,,,,,,,
OECD ENV-Growth 2025,Historical Reference,1,Belgium,billion USD_2015/yr,GDP|PPP,ANNUAL,290.0454565,304.002031,353.9121988,383.0126842,412.0346989,453.6391167,488.2717865,520.8679548,528.4964278,605.9031025,,,,,,,,,,,,,,,
OECD ENV-Growth 2025,Historical Reference,1,Belgium,billion USD_2017/yr,GDP|PPP,ANNUAL,310.483,325.423,378.85,410.001,441.068,485.604,522.677,557.57,565.736,648.597,,,,,,,,,,,,,,,
OECD ENV-Growth 2025,Historical Reference,1,Belize,billion USD_2010/yr,GDP|PPP,ANNUAL,0.621733116,0.670817196,1.249192101,1.67131177,2.23905047,2.895149506,3.09885133,3.615870599,3.255911398,4.645810055,,,,,,,,,,,,,,,
OECD ENV-Growth 2025,Historical Reference,1,Belize,billion USD_2015/yr,GDP|PPP,ANNUAL,0.576309238,0.621807231,1.157926013,1.549205581,2.07546524,2.683629621,2.872448972,3.351694766,3.018034217,4.306386753,,,,,,,,,,,,,,,
OECD ENV-Growth 2025,Historical Reference,1,Belize,billion USD_2017/yr,GDP|PPP,ANNUAL,0.58092,0.626782,1.16719,1.5616,2.09207,2.7051,2.89543,3.37851,3.04218,4.34084,,,,,,,,,,,,,,,
OECD ENV-Growth 2025,Historical Reference,1,Benin,billion USD_2010/yr,GDP|PPP,ANNUAL,8.152406856,8.673318401,9.555858246,11.74129325,14.87433286,18.01427845,21.75049813,27.23611481,35.21784794,47.65227375,,,,,,,,,,,,,,,
OECD ENV-Growth 2025,Historical Reference,1,Benin,billion USD_2015/yr,GDP|PPP,ANNUAL,9.138642414,9.722571114,10.71187602,13.16169352,16.67375188,20.19355167,24.38175967,30.53099758,39.47831905,53.41699668,,,,,,,,,,,,,,,
OECD ENV-Growth 2025,Historical Reference,1,Benin,billion USD_2017/yr,GDP|PPP,ANNUAL,9.32584,9.92173,10.9313,13.4313,17.0153,20.6072,24.8812,31.1564,40.287,54.5112,,,,,,,,,,,,,,,
OECD ENV-Growth 2025,Historical Reference,1,Bhutan,billion USD_2010/yr,GDP|PPP,ANNUAL,0.441624542,0.654222105,1.132069788,1.355855426,1.840926962,2.689437776,4.179897956,5.594439638,6.764718301,7.774857891,,,,,,,,,,,,,,,
OECD ENV-Growth 2025,Historical Reference,1,Bhutan,billion USD_2015/yr,GDP|PPP,ANNUAL,0.520284928,0.770749515,1.333709505,1.59735494,2.168825466,3.168469613,4.924404564,6.59089872,7.969622711,9.159684301,,,,,,,,,,,,,,,
OECD ENV-Growth 2025,Historical Reference,1,Bhutan,billion USD_2017/yr,GDP|PPP,ANNUAL,0.548435,0.812451,1.40587,1.68378,2.28617,3.3399,5.19084,6.9475,8.40082,9.65527,,,,,,,,,,,,,,,
OECD ENV-Growth 2025,Historical Reference,1,Bolivia,billion USD_2010/yr,GDP|PPP,ANNUAL,24.31632328,22.05969583,24.61111111,30.08383321,35.62822032,41.48341634,51.9315819,67.82691397,71.64055575,83.2267649,,,,,,,,,,,,,,,
OECD ENV-Growth 2025,Historical Reference,1,Bolivia,billion USD_2015/yr,GDP|PPP,ANNUAL,27.79726671,25.21759731,28.13425417,34.39041033,40.72849053,47.42187273,59.36571972,77.53650895,81.89608323,95.14088765,,,,,,,,,,,,,,,
OECD ENV-Growth 2025,Historical Reference,1,Bolivia,billion USD_2017/yr,GDP|PPP,ANNUAL,31.1143,28.2268,31.4915,38.4942,45.5886,53.0807,66.4498,86.7889,91.6687,106.494,,,,,,,,,,,,,,,
OECD ENV-Growth 2025,Historical Reference,1,Bosnia and Herzegovina,billion USD_2010/yr,GDP|PPP,ANNUAL,,,,9.238414764,24.23183919,29.97433457,35.43325958,38.33961681,42.33941023,51.22290579,,,,,,,,,,,,,,,
OECD ENV-Growth 2025,Historical Reference,1,Bosnia and Herzegovina,billion USD_2015/yr,GDP|PPP,ANNUAL,,,,10.0399332,26.33417671,32.57488699,38.50742454,41.66593529,46.01274801,55.66696946,,,,,,,,,,,,,,,
OECD ENV-Growth 2025,Historical Reference,1,Bosnia and Herzegovina,billion USD_2017/yr,GDP|PPP,ANNUAL,,,,10.6305,27.8832,34.491,40.7725,44.1168,48.7193,58.9414,,,,,,,,,,,,,,,
OECD ENV-Growth 2025,Historical Reference,1,Botswana,billion USD_2010/yr,GDP|PPP,ANNUAL,4.760768796,7.582867295,13.29740789,15.77970823,19.19189175,23.67176609,25.92242816,30.89241577,33.78343768,45.09864882,,,,,,,,,,,,,,,
OECD ENV-Growth 2025,Historical Reference,1,Botswana,billion USD_2015/yr,GDP|PPP,ANNUAL,4.767821657,7.594100966,13.31710739,15.80308514,19.22032366,23.70683473,25.96083105,30.93818148,33.8334863,45.16546041,,,,,,,,,,,,,,,
OECD ENV-Growth 2025,Historical Reference,1,Botswana,billion USD_2017/yr,GDP|PPP,ANNUAL,4.86069,7.74202,13.5765,16.1109,19.5947,24.1686,26.4665,31.5408,34.4925,46.0452,,,,,,,,,,,,,,,
OECD ENV-Growth 2025,Historical Reference,1,Brazil,billion USD_2010/yr,GDP|PPP,ANNUAL,1311.820253,1397.424604,1534.023809,1784.502217,1949.135597,2252.736453,2800.211513,2963.920689,2884.997559,3350.796133,,,,,,,,,,,,,,,
OECD ENV-Growth 2025,Historical Reference,1,Brazil,billion USD_2015/yr,GDP|PPP,ANNUAL,1334.935908,1422.048698,1561.054925,1815.947027,1983.48142,2292.432043,2849.554191,3016.148095,2935.834256,3409.840692,,,,,,,,,,,,,,,
OECD ENV-Growth 2025,Historical Reference,1,Brazil,billion USD_2017/yr,GDP|PPP,ANNUAL,1362.63,1451.55,1593.44,1853.62,2024.63,2339.99,2908.67,3078.72,2996.74,3480.58,,,,,,,,,,,,,,,
OECD ENV-Growth 2025,Historical Reference,1,Brunei Darussalam,billion USD_2010/yr,GDP|PPP,ANNUAL,,21.76925142,21.84273772,25.51124523,27.25618942,30.20002713,31.20856742,31.04997923,32.25219149,32.97863919,,,,,,,,,,,,,,,
OECD ENV-Growth 2025,Historical Reference,1,Brunei Darussalam,billion USD_2015/yr,GDP|PPP,ANNUAL,,18.19966597,18.26110245,21.32807109,22.78689026,25.24801592,26.09118209,25.95859819,26.96367922,27.57100857,,,,,,,,,,,,,,,
OECD ENV-Growth 2025,Historical Reference,1,Brunei Darussalam,billion USD_2017/yr,GDP|PPP,ANNUAL,,18.3666,18.4286,21.5237,22.9959,25.4796,26.3305,26.1967,27.211,27.8239,,,,,,,,,,,,,,,
OECD ENV-Growth 2025,Historical Reference,1,Bulgaria,billion USD_2010/yr,GDP|PPP,ANNUAL,93.89807515,112.9988671,115.3813137,78.99294488,70.97201372,93.61366543,111.0698272,118.6507889,128.9027289,154.9134404,,,,,,,,,,,,,,,
OECD ENV-Growth 2025,Historical Reference,1,Bulgaria,billion USD_2015/yr,GDP|PPP,ANNUAL,104.4058764,125.6441703,128.2932281,87.83276572,78.91424054,104.0896394,123.4992584,131.9285787,143.327777,172.2492552,,,,,,,,,,,,,,,
OECD ENV-Growth 2025,Historical Reference,1,Bulgaria,billion USD_2017/yr,GDP|PPP,ANNUAL,113.902,137.072,139.962,95.8215,86.0918,113.557,134.732,143.928,156.364,187.916,,,,,,,,,,,,,,,
OECD ENV-Growth 2025,Historical Reference,1,Burkina Faso,billion USD_2010/yr,GDP|PPP,ANNUAL,5.835590243,6.786909549,7.851797517,9.51214819,13.17502705,17.93911181,23.44322576,30.51960783,39.44201398,50.37823291,,,,,,,,,,,,,,,
OECD ENV-Growth 2025,Historical Reference,1,Burkina Faso,billion USD_2015/yr,GDP|PPP,ANNUAL,5.933740886,6.901060734,7.98385939,9.672136028,13.39662201,18.24083543,23.83752481,31.0329268,40.10540172,51.22556039,,,,,,,,,,,,,,,
OECD ENV-Growth 2025,Historical Reference,1,Burkina Faso,billion USD_2017/yr,GDP|PPP,ANNUAL,6.70199,7.79455,9.01754,10.9244,15.1311,20.6025,26.9238,35.0508,45.2979,57.8578,,,,,,,,,,,,,,,
OECD ENV-Growth 2025,Historical Reference,1,Burundi,billion USD_2010/yr,GDP|PPP,ANNUAL,2.920951114,3.764194022,4.515753856,4.006242354,3.991783402,4.609607732,5.75270343,6.570100472,6.814648753,8.300065021,,,,,,,,,,,,,,,
OECD ENV-Growth 2025,Historical Reference,1,Burundi,billion USD_2015/yr,GDP|PPP,ANNUAL,3.801470932,4.898909156,5.877026471,5.213922883,5.195105285,5.99917257,7.486854114,8.550655245,8.868922529,10.80211708,,,,,,,,,,,,,,,
OECD ENV-Growth 2025,Historical Reference,1,Burundi,billion USD_2017/yr,GDP|PPP,ANNUAL,3.72721,4.80321,5.76222,5.11207,5.09362,5.88198,7.3406,8.38362,8.69567,10.5911,,,,,,,,,,,,,,,
OECD ENV-Growth 2025,Historical Reference,1,Cabo Verde,billion USD_2010/yr,GDP|PPP,ANNUAL,0.532719189,0.733589868,0.88803686,1.144513218,1.709833437,2.28078332,3.078217507,3.307476368,3.215719122,4.568422477,,,,,,,,,,,,,,,
OECD ENV-Growth 2025,Historical Reference,1,Cabo Verde,billion USD_2015/yr,GDP|PPP,ANNUAL,0.555242936,0.764606572,0.925583692,1.192904054,1.782126415,2.377216467,3.208366741,3.44731883,3.351682023,4.761578641,,,,,,,,,,,,,,,
OECD ENV-Growth 2025,Historical Reference,1,Cabo Verde,billion USD_2017/yr,GDP|PPP,ANNUAL,0.595205,0.819637,0.9922,1.27876,1.91039,2.54831,3.43928,3.69543,3.59291,5.10428,,,,,,,,,,,,,,,
OECD ENV-Growth 2025,Historical Reference,1,Cambodia,billion USD_2010/yr,GDP|PPP,ANNUAL,,,8.193639048,11.25899807,16.03153797,25.1506625,34.7430111,49.14828807,62.6521518,81.03381563,,,,,,,,,,,,,,,
OECD ENV-Growth 2025,Historical Reference,1,Cambodia,billion USD_2015/yr,GDP|PPP,ANNUAL,,,8.768748056,12.04926368,17.1567867,26.91597977,37.18161238,52.59799131,67.04968709,86.72155425,,,,,,,,,,,,,,,
OECD ENV-Growth 2025,Historical Reference,1,Cambodia,billion USD_2017/yr,GDP|PPP,ANNUAL,,,9.16976,12.6003,17.9414,28.1469,38.882,55.0034,70.116,90.6875,,,,,,,,,,,,,,,
OECD ENV-Growth 2025,Historical Reference,1,Cameroon,billion USD_2010/yr,GDP|PPP,ANNUAL,25.31809862,39.56880854,35.1148456,31.95839226,39.83914485,48.89022073,57.24561025,72.60496945,84.95355509,103.3733237,,,,,,,,,,,,,,,
OECD ENV-Growth 2025,Historical Reference,1,Cameroon,billion USD_2015/yr,GDP|PPP,ANNUAL,27.58749631,43.1155742,38.26237855,34.82299527,43.41014221,53.27251483,62.37684296,79.11294435,92.5684003,112.6392321,,,,,,,,,,,,,,,
OECD ENV-Growth 2025,Historical Reference,1,Cameroon,billion USD_2017/yr,GDP|PPP,ANNUAL,29.0234,45.3597,40.2539,36.6355,45.6696,56.0453,65.6235,83.2307,97.3865,118.502,,,,,,,,,,,,,,,
OECD ENV-Growth 2025,Historical Reference,1,Canada,billion USD_2010/yr,GDP|PPP,ANNUAL,701.738106,800.0636551,910.0867313,990.522313,1133.829756,1287.720123,1363.570367,1516.540091,1568.882659,1771.057614,,,,,,,,,,,,,,,
OECD ENV-Growth 2025,Historical Reference,1,Canada,billion USD_2015/yr,GDP|PPP,ANNUAL,737.9748585,841.3777984,957.082309,1041.671469,1192.379104,1354.216149,1433.983191,1594.852053,1649.897516,1862.512497,,,,,,,,,,,,,,,
OECD ENV-Growth 2025,Historical Reference,1,Canada,billion USD_2017/yr,GDP|PPP,ANNUAL,785.093,895.098,1018.19,1108.18,1268.51,1440.68,1525.54,1696.68,1755.24,1981.43,,,,,,,,,,,,,,,
OECD ENV-Growth 2025,Historical Reference,1,Central African Republic,billion USD_2010/yr,GDP|PPP,ANNUAL,2.288862204,2.671106926,3.064024771,3.316044609,3.321121727,3.497088571,4.206751526,3.058508594,3.614349242,3.93669834,,,,,,,,,,,,,,,
OECD ENV-Growth 2025,Historical Reference,1,Central African Republic,billion USD_2015/yr,GDP|PPP,ANNUAL,2.646171047,3.088087084,3.542342402,3.833704458,3.839574152,4.043010763,4.863457517,3.535965108,4.178576719,4.551246969,,,,,,,,,,,,,,,
OECD ENV-Growth 2025,Historical Reference,1,Central African Republic,billion USD_2017/yr,GDP|PPP,ANNUAL,2.86721,3.34604,3.83824,4.15394,4.1603,4.38073,5.26971,3.83133,4.52762,4.93142,,,,,,,,,,,,,,,
OECD ENV-Growth 2025,Historical Reference,1,Chad,billion USD_2010/yr,GDP|PPP,ANNUAL,4.228339664,5.220224889,6.487594246,7.517506518,8.539306773,17.17622991,21.76710874,27.27961749,26.05255701,29.57830171,,,,,,,,,,,,,,,
OECD ENV-Growth 2025,Historical Reference,1,Chad,billion USD_2015/yr,GDP|PPP,ANNUAL,3.980887476,4.914725291,6.10792527,7.077564701,8.039566848,16.17103732,20.49324734,25.68315136,24.52790129,27.84731128,,,,,,,,,,,,,,,
OECD ENV-Growth 2025,Historical Reference,1,Chad,billion USD_2017/yr,GDP|PPP,ANNUAL,4.03964,4.98726,6.19807,7.18202,8.15822,16.4097,20.7957,26.0622,24.8899,28.2583,,,,,,,,,,,,,,,
OECD ENV-Growth 2025,Historical Reference,1,Chile,billion USD_2010/yr,GDP|PPP,ANNUAL,89.22223083,85.93694092,113.9224595,172.7856095,202.3284852,253.6973873,307.6820694,372.6433042,377.1968252,450.0881289,,,,,,,,,,,,,,,
OECD ENV-Growth 2025,Historical Reference,1,Chile,billion USD_2015/yr,GDP|PPP,ANNUAL,97.06998425,93.49572886,123.9427803,187.9833785,220.1247681,276.0119442,334.7449773,405.4200319,410.3740686,489.6767003,,,,,,,,,,,,,,,
OECD ENV-Growth 2025,Historical Reference,1,Chile,billion USD_2017/yr,GDP|PPP,ANNUAL,104.613,100.761,133.574,202.591,237.23,297.46,360.757,436.924,442.263,527.728,,,,,,,,,,,,,,,
OECD ENV-Growth 2025,Historical Reference,1,China,billion USD_2010/yr,GDP|PPP,ANNUAL,678.4567258,1128.087613,1647.532704,2935.077783,4539.82947,7244.648089,12380.14099,18128.33888,23954.24469,30707.85378,,,,,,,,,,,,,,,
OECD ENV-Growth 2025,Historical Reference,1,China,billion USD_2015/yr,GDP|PPP,ANNUAL,666.0444825,1107.449454,1617.391391,2881.381065,4456.774109,7112.10856,12153.64854,17796.68419,23516.0061,30146.05914,,,,,,,,,,,,,,,
OECD ENV-Growth 2025,Historical Reference,1,China,billion USD_2017/yr,GDP|PPP,ANNUAL,651.322,1082.97,1581.64,2817.69,4358.26,6954.9,11885,17403.3,22996.2,29479.7,,,,,,,,,,,,,,,
OECD ENV-Growth 2025,Historical Reference,1,Colombia,billion USD_2010/yr,GDP|PPP,ANNUAL,190.1907545,212.7425688,268.4484718,338.5360261,323.5077957,386.4405957,480.4867473,603.9887715,613.463816,772.0470413,,,,,,,,,,,,,,,
OECD ENV-Growth 2025,Historical Reference,1,Colombia,billion USD_2015/yr,GDP|PPP,ANNUAL,196.5113665,219.8126455,277.3698236,349.7865985,334.2589347,399.2831813,496.45477,624.0611386,633.8510673,797.7044911,,,,,,,,,,,,,,,
OECD ENV-Growth 2025,Historical Reference,1,Colombia,billion USD_2017/yr,GDP|PPP,ANNUAL,210.905,235.913,297.686,375.407,358.742,428.529,532.818,669.771,680.278,856.133,,,,,,,,,,,,,,,
OECD ENV-Growth 2025,Historical Reference,1,Comoros,billion USD_2010/yr,GDP|PPP,ANNUAL,0.733150162,0.888973264,1.038199813,1.087472435,1.149086691,1.409200117,1.553363232,1.800681116,2.033082606,2.362229355,,,,,,,,,,,,,,,
OECD ENV-Growth 2025,Historical Reference,1,Comoros,billion USD_2015/yr,GDP|PPP,ANNUAL,0.857693564,1.039987012,1.214563324,1.2722061,1.344287036,1.64858706,1.817239789,2.106570636,2.378451176,2.763511513,,,,,,,,,,,,,,,
OECD ENV-Growth 2025,Historical Reference,1,Comoros,billion USD_2017/yr,GDP|PPP,ANNUAL,0.936811,1.13592,1.3266,1.38956,1.46829,1.80066,1.98487,2.30089,2.59785,3.01843,,,,,,,,,,,,,,,
OECD ENV-Growth 2025,Historical Reference,1,Congo,billion USD_2010/yr,GDP|PPP,ANNUAL,6.967358503,7.855980824,12.284758,13.74411502,16.5145876,17.38036666,22.8664227,26.25934615,21.80996004,25.15615631,,,,,,,,,,,,,,,
OECD ENV-Growth 2025,Historical Reference,1,Congo,billion USD_2015/yr,GDP|PPP,ANNUAL,5.97815509,6.740613639,10.54060711,11.79276926,14.16989895,14.91275745,19.61992069,22.53112765,18.71345124,21.5845652,,,,,,,,,,,,,,,
OECD ENV-Growth 2025,Historical Reference,1,Congo,billion USD_2017/yr,GDP|PPP,ANNUAL,6.82911,7.7001,12.041,13.4714,16.1869,17.0355,22.4127,25.7383,21.3772,24.657,,,,,,,,,,,,,,,
OECD ENV-Growth 2025,Historical Reference,1,Costa Rica,billion USD_2010/yr,GDP|PPP,ANNUAL,20.89284988,21.18980585,26.52722762,34.53803952,39.33895875,47.68832877,60.5871177,72.97834471,79.68816547,101.2945433,,,,,,,,,,,,,,,
OECD ENV-Growth 2025,Historical Reference,1,Costa Rica,billion USD_2015/yr,GDP|PPP,ANNUAL,24.40371899,24.75057593,30.98490689,40.3418689,45.94954254,55.70195454,70.76827733,85.24174665,93.07909681,118.3162461,,,,,,,,,,,,,,,
OECD ENV-Growth 2025,Historical Reference,1,Costa Rica,billion USD_2017/yr,GDP|PPP,ANNUAL,26.5667,26.9443,33.7312,43.9175,50.0222,60.639,77.0407,92.797,101.329,128.803,,,,,,,,,,,,,,,
OECD ENV-Growth 2025,Historical Reference,1,Croatia,billion USD_2010/yr,GDP|PPP,ANNUAL,,,,58.14792259,68.73612975,86.06534849,88.62432268,87.93229947,91.57801886,119.0397508,,,,,,,,,,,,,,,
OECD ENV-Growth 2025,Historical Reference,1,Croatia,billion USD_2015/yr,GDP|PPP,ANNUAL,,,,64.95388977,76.78140157,96.13893171,98.99742296,98.22440137,102.2968367,132.9728477,,,,,,,,,,,,,,,
OECD ENV-Growth 2025,Historical Reference,1,Croatia,billion USD_2017/yr,GDP|PPP,ANNUAL,,,,69.2374,81.8449,102.479,105.526,104.702,109.043,141.742,,,,,,,,,,,,,,,
OECD ENV-Growth 2025,Historical Reference,1,Cuba,billion USD_2017/yr,GDP|PPP,ANNUAL,30.2401,45.5664,45.1072,31.2872,39.0652,49.9107,64.886,74.5094,69.3115,82.7981,,,,,,,,,,,,,,,
OECD ENV-Growth 2025,Historical Reference,1,Cura??ao,billion USD_2010/yr,GDP|PPP,ANNUAL,,,,,3.611218921,3.642708876,3.85932959,3.813744582,2.864369603,3.365257866,,,,,,,,,,,,,,,
OECD ENV-Growth 2025,Historical Reference,1,Cura??ao,billion USD_2015/yr,GDP|PPP,ANNUAL,,,,,3.623268919,3.65486395,3.87220749,3.826470372,2.873927497,3.376487135,,,,,,,,,,,,,,,
OECD ENV-Growth 2025,Historical Reference,1,Cura??ao,billion USD_2017/yr,GDP|PPP,ANNUAL,,,,,3.83026,3.86366,4.09342,4.04507,3.03811,3.56938,,,,,,,,,,,,,,,
OECD ENV-Growth 2025,Historical Reference,1,Cyprus,billion USD_2010/yr,GDP|PPP,ANNUAL,6.845627869,9.001185744,12.56144129,16.22289633,19.90436503,24.25394181,27.72587622,25.50766689,30.64787014,37.33112634,,,,,,,,,,,,,,,
OECD ENV-Growth 2025,Historical Reference,1,Cyprus,billion USD_2015/yr,GDP|PPP,ANNUAL,7.264503741,9.551957653,13.33006103,17.21555617,21.12228958,25.73801182,29.42238979,27.06845086,32.52317706,39.6153738,,,,,,,,,,,,,,,
OECD ENV-Growth 2025,Historical Reference,1,Cyprus,billion USD_2017/yr,GDP|PPP,ANNUAL,7.8671,10.3443,14.4358,18.6436,22.8744,27.873,31.863,29.3138,35.221,42.9015,,,,,,,,,,,,,,,
OECD ENV-Growth 2025,Historical Reference,1,Czechia,billion USD_2010/yr,GDP|PPP,ANNUAL,,,241.2526337,208.6423291,213.4155031,258.1302837,291.7448534,317.7375003,344.3097232,377.1681795,,,,,,,,,,,,,,,
OECD ENV-Growth 2025,Historical Reference,1,Czechia,billion USD_2015/yr,GDP|PPP,ANNUAL,,,271.5582712,234.8515303,240.2243001,290.5560554,328.3932152,357.6510026,387.5611709,424.547236,,,,,,,,,,,,,,,
OECD ENV-Growth 2025,Historical Reference,1,Czechia,billion USD_2017/yr,GDP|PPP,ANNUAL,,,289.715,250.554,256.286,309.983,350.35,381.564,413.474,452.933,,,,,,,,,,,,,,,
OECD ENV-Growth 2025,Historical Reference,1,lvory Coast,billion USD_2010/yr,GDP|PPP,ANNUAL,47.03722635,48.28702611,51.85660494,54.62603029,65.21250789,65.21355446,72.76905832,99.31797923,129.8988744,178.6387817,,,,,,,,,,,,,,,
OECD ENV-Growth 2025,Historical Reference,1,lvory Coast,billion USD_2015/yr,GDP|PPP,ANNUAL,51.18209237,52.54202304,56.42614903,59.43961294,70.9589587,70.9600975,79.18138363,108.0697648,141.3454131,194.3802247,,,,,,,,,,,,,,,
OECD ENV-Growth 2025,Historical Reference,1,lvory Coast,billion USD_2017/yr,GDP|PPP,ANNUAL,49.4384,50.752,54.5038,57.4146,68.5415,68.5426,76.4838,104.388,136.53,187.758,,,,,,,,,,,,,,,
OECD ENV-Growth 2025,Historical Reference,1,Democratic Republic of the Congo,billion USD_2010/yr,GDP|PPP,ANNUAL,,,44.4247793,32.04339893,24.60039355,31.25399247,41.52854915,60.7477609,70.39809965,95.86224154,,,,,,,,,,,,,,,
OECD ENV-Growth 2025,Historical Reference,1,Democratic Republic of the Congo,billion USD_2015/yr,GDP|PPP,ANNUAL,,,53.46762421,38.56596339,29.60790393,37.61587003,49.9818546,73.11321525,84.72791977,115.3753915,,,,,,,,,,,,,,,
OECD ENV-Growth 2025,Historical Reference,1,Democratic Republic of the Congo,billion USD_2017/yr,GDP|PPP,ANNUAL,,,62.9843,45.4303,34.8778,44.3111,58.8781,86.1266,99.8086,135.911,,,,,,,,,,,,,,,
OECD ENV-Growth 2025,Historical Reference,1,Denmark,billion USD_2010/yr,GDP|PPP,ANNUAL,148.9029319,170.4602604,183.0680826,205.400392,220.9414661,236.0561315,238.5545142,254.3350201,272.7078202,311.2918849,,,,,,,,,,,,,,,
OECD ENV-Growth 2025,Historical Reference,1,Denmark,billion USD_2015/yr,GDP|PPP,ANNUAL,163.1964335,186.8230947,200.6411679,225.1172021,242.1500961,258.7156496,261.4538573,278.7491667,298.8856101,341.1734392,,,,,,,,,,,,,,,
OECD ENV-Growth 2025,Historical Reference,1,Denmark,billion USD_2017/yr,GDP|PPP,ANNUAL,175.998,201.478,216.38,242.776,261.145,279.01,281.963,300.615,322.331,367.936,,,,,,,,,,,,,,,
OECD ENV-Growth 2025,Historical Reference,1,Djibouti,billion USD_2010/yr,GDP|PPP,ANNUAL,,,2.529172915,2.159080057,2.130662159,2.448430475,3.018078793,4.100449608,5.190012422,6.571856468,,,,,,,,,,,,,,,
OECD ENV-Growth 2025,Historical Reference,1,Djibouti,billion USD_2015/yr,GDP|PPP,ANNUAL,,,2.572766266,2.196294411,2.167386696,2.490632132,3.070099028,4.171125812,5.279468558,6.685130356,,,,,,,,,,,,,,,
OECD ENV-Growth 2025,Historical Reference,1,Djibouti,billion USD_2017/yr,GDP|PPP,ANNUAL,,,2.52847,2.15848,2.13007,2.44775,3.01724,4.09931,5.18857,6.57003,,,,,,,,,,,,,,,
OECD ENV-Growth 2025,Historical Reference,1,Dominican Republic,billion USD_2010/yr,GDP|PPP,ANNUAL,31.2536528,34.36795679,39.50489783,51.63527433,70.50241779,83.58260165,110.6370685,140.7007615,164.6669037,220.7054489,,,,,,,,,,,,,,,
OECD ENV-Growth 2025,Historical Reference,1,Dominican Republic,billion USD_2015/yr,GDP|PPP,ANNUAL,33.66559209,37.02023637,42.55361075,55.62012523,75.94330344,90.03292481,119.175267,151.5590665,177.3747487,237.7379586,,,,,,,,,,,,,,,
OECD ENV-Growth 2025,Historical Reference,1,Dominican Republic,billion USD_2017/yr,GDP|PPP,ANNUAL,35.0079,38.4963,44.2503,57.8378,78.9713,93.6227,123.927,157.602,184.447,247.217,,,,,,,,,,,,,,,
OECD ENV-Growth 2025,Historical Reference,1,Ecuador,billion USD_2010/yr,GDP|PPP,ANNUAL,59.26589312,65.89390137,72.90123553,86.33847772,91.12610497,115.4808318,136.4281292,169.5057698,160.1017217,180.8530282,,,,,,,,,,,,,,,
OECD ENV-Growth 2025,Historical Reference,1,Ecuador,billion USD_2015/yr,GDP|PPP,ANNUAL,62.68482379,69.69518857,77.1067618,91.31917157,96.38298746,122.1426897,144.2983947,179.2842182,169.3376694,191.2860772,,,,,,,,,,,,,,,
OECD ENV-Growth 2025,Historical Reference,1,Ecuador,billion USD_2017/yr,GDP|PPP,ANNUAL,67.4332,74.9746,82.9476,98.2366,103.684,131.395,155.229,192.865,182.165,205.776,,,,,,,,,,,,,,,
OECD ENV-Growth 2025,Historical Reference,1,Egypt,billion USD_2010/yr,GDP|PPP,ANNUAL,201.5373537,279.2094914,334.343615,383.5309815,512.355081,614.1850481,828.7859374,956.7225305,1197.585243,1494.867337,,,,,,,,,,,,,,,
OECD ENV-Growth 2025,Historical Reference,1,Egypt,billion USD_2015/yr,GDP|PPP,ANNUAL,236.4370603,327.559483,392.2410414,449.946058,601.0782963,720.5418977,972.3046726,1122.395717,1404.968008,1753.72968,,,,,,,,,,,,,,,
OECD ENV-Growth 2025,Historical Reference,1,Egypt,billion USD_2017/yr,GDP|PPP,ANNUAL,216.864,300.443,359.77,412.698,551.319,660.893,891.814,1029.48,1288.66,1608.55,,,,,,,,,,,,,,,
OECD ENV-Growth 2025,Historical Reference,1,El Salvador,billion USD_2010/yr,GDP|PPP,ANNUAL,23.01987359,21.05095304,23.31417434,29.3829771,32.40060551,34.94139643,37.91995763,43.09657235,43.67396399,52.96351119,,,,,,,,,,,,,,,
OECD ENV-Growth 2025,Historical Reference,1,El Salvador,billion USD_2015/yr,GDP|PPP,ANNUAL,25.68083369,23.48431766,26.00915385,32.77947401,36.14592227,38.98041347,42.30327858,48.07827908,48.72241375,59.08577722,,,,,,,,,,,,,,,
OECD ENV-Growth 2025,Historical Reference,1,El Salvador,billion USD_2017/yr,GDP|PPP,ANNUAL,27.5174,25.1638,27.8692,35.1237,38.7309,41.7681,45.3286,51.5166,52.2068,63.3113,,,,,,,,,,,,,,,
OECD ENV-Growth 2025,Historical Reference,1,Equatorial Guinea,billion USD_2010/yr,GDP|PPP,ANNUAL,0.203724329,0.263726168,0.2796754,0.599614967,7.538930717,23.30522332,31.11068333,31.40656331,22.79509852,19.94736052,,,,,,,,,,,,,,,
OECD ENV-Growth 2025,Historical Reference,1,Equatorial Guinea,billion USD_2015/yr,GDP|PPP,ANNUAL,0.182241596,0.235916241,0.250183626,0.536385563,6.743950399,20.84768729,27.83006147,28.0947409,20.39135516,17.84391116,,,,,,,,,,,,,,,
OECD ENV-Growth 2025,Historical Reference,1,Equatorial Guinea,billion USD_2017/yr,GDP|PPP,ANNUAL,0.214617,0.277827,0.294629,0.631675,7.94202,24.5513,32.7741,33.0858,24.0139,21.0139,,,,,,,,,,,,,,,
OECD ENV-Growth 2025,Historical Reference,1,Eritrea,billion USD_2010/yr,GDP|PPP,ANNUAL,,,,3.381273492,3.56502767,4.045532332,4.071004093,4.852611782,5.474641123,6.292034402,,,,,,,,,,,,,,,
OECD ENV-Growth 2025,Historical Reference,1,Eritrea,billion USD_2015/yr,GDP|PPP,ANNUAL,,,,3.701238923,3.902381515,4.428355697,4.456237817,5.311808006,5.99269916,6.887441282,,,,,,,,,,,,,,,
OECD ENV-Growth 2025,Historical Reference,1,Eritrea,billion USD_2017/yr,GDP|PPP,ANNUAL,,,,3.78326,3.98886,4.52649,4.55499,5.42952,6.1255,7.04007,,,,,,,,,,,,,,,
OECD ENV-Growth 2025,Historical Reference,1,Estonia,billion USD_2010/yr,GDP|PPP,ANNUAL,,,,16.19367998,20.56156054,29.25290954,28.76636502,33.91543457,39.52569398,42.41040917,,,,,,,,,,,,,,,
OECD ENV-Growth 2025,Historical Reference,1,Estonia,billion USD_2015/yr,GDP|PPP,ANNUAL,,,,18.31400639,23.25379725,33.08315175,32.53290131,38.35616649,44.7010076,47.96343422,,,,,,,,,,,,,,,
OECD ENV-Growth 2025,Historical Reference,1,Estonia,billion USD_2017/yr,GDP|PPP,ANNUAL,,,,19.5438,24.8153,35.3047,34.7175,40.9318,47.7027,51.1842,,,,,,,,,,,,,,,
OECD ENV-Growth 2025,Historical Reference,1,Eswatini,billion USD_2010/yr,GDP|PPP,ANNUAL,2.298696288,2.589501555,4.367976174,5.078199091,5.844278374,7.033869983,8.275442082,9.556168859,10.19799091,12.50271981,,,,,,,,,,,,,,,
OECD ENV-Growth 2025,Historical Reference,1,Eswatini,billion USD_2015/yr,GDP|PPP,ANNUAL,2.340476044,2.636566817,4.447365948,5.170497461,5.950500552,7.161713481,8.425851667,9.729856182,10.38334361,12.72996192,,,,,,,,,,,,,,,
OECD ENV-Growth 2025,Historical Reference,1,Eswatini,billion USD_2017/yr,GDP|PPP,ANNUAL,2.20625,2.48536,4.19231,4.87397,5.60924,6.75099,7.94263,9.17185,9.78786,11.9999,,,,,,,,,,,,,,,
OECD ENV-Growth 2025,Historical Reference,1,Ethiopia,billion USD_2010/yr,GDP|PPP,ANNUAL,23.88975399,22.51188363,28.8834956,30.39162766,39.69441021,53.3336572,89.94348646,145.7567941,216.0787549,292.9533228,,,,,,,,,,,,,,,
OECD ENV-Growth 2025,Historical Reference,1,Ethiopia,billion USD_2015/yr,GDP|PPP,ANNUAL,27.39025187,25.81048607,33.11571227,34.84482664,45.51071952,61.14848669,103.1226504,167.1141236,247.7401618,335.8789421,,,,,,,,,,,,,,,
OECD ENV-Growth 2025,Historical Reference,1,Ethiopia,billion USD_2017/yr,GDP|PPP,ANNUAL,29.6188,27.9105,35.8101,37.6799,49.2136,66.1237,111.513,180.711,267.897,363.207,,,,,,,,,,,,,,,
OECD ENV-Growth 2025,Historical Reference,1,Fiji,billion USD_2010/yr,GDP|PPP,ANNUAL,3.889996499,4.139263525,5.10573829,5.83128745,6.455837123,7.119305297,7.374133271,8.877109376,8.203454261,10.84157094,,,,,,,,,,,,,,,
OECD ENV-Growth 2025,Historical Reference,1,Fiji,billion USD_2015/yr,GDP|PPP,ANNUAL,4.724599993,5.027347564,6.201180669,7.082397286,7.840944853,8.646760934,8.95626256,10.78170402,9.96351538,13.16764321,,,,,,,,,,,,,,,
OECD ENV-Growth 2025,Historical Reference,1,Fiji,billion USD_2017/yr,GDP|PPP,ANNUAL,4.78472,5.09132,6.28009,7.17252,7.94072,8.75679,9.07023,10.9189,10.0903,13.3352,,,,,,,,,,,,,,,
OECD ENV-Growth 2025,Historical Reference,1,Finland,billion USD_2010/yr,GDP|PPP,ANNUAL,109.4546163,125.2228541,148.005236,144.9855875,175.3502083,199.5073965,208.9246918,209.7203641,222.4239473,239.370833,,,,,,,,,,,,,,,
OECD ENV-Growth 2025,Historical Reference,1,Finland,billion USD_2015/yr,GDP|PPP,ANNUAL,121.5342339,139.042684,164.3393725,160.9864699,194.7021875,221.5254084,231.9820141,232.8654983,246.9710729,265.7882488,,,,,,,,,,,,,,,
OECD ENV-Growth 2025,Historical Reference,1,Finland,billion USD_2017/yr,GDP|PPP,ANNUAL,128.896,147.465,174.294,170.738,206.496,234.944,246.034,246.971,261.931,281.888,,,,,,,,,,,,,,,
OECD ENV-Growth 2025,Historical Reference,1,France,billion USD_2010/yr,GDP|PPP,ANNUAL,1389.559831,1505.38062,1776.481002,1895.044825,2064.03959,2239.27859,2332.465087,2458.559476,2436.308528,2732.28363,,,,,,,,,,,,,,,
OECD ENV-Growth 2025,Historical Reference,1,France,billion USD_2015/yr,GDP|PPP,ANNUAL,1537.284386,1665.41812,1965.339271,2096.507653,2283.468305,2477.33702,2580.430203,2719.929728,2695.313274,3022.753585,,,,,,,,,,,,,,,
OECD ENV-Growth 2025,Historical Reference,1,France,billion USD_2017/yr,GDP|PPP,ANNUAL,1631.18,1767.14,2085.38,2224.56,2422.94,2628.65,2738.04,2886.06,2859.94,3207.38,,,,,,,,,,,,,,,
OECD ENV-Growth 2025,Historical Reference,1,French Guiana,billion USD_2017/yr,GDP|PPP,ANNUAL,,,,,,,,,10.1871,16.066,,,,,,,,,,,,,,,
OECD ENV-Growth 2025,Historical Reference,1,French Polynesia,billion USD_2017/yr,GDP|PPP,ANNUAL,3.51245,3.79899,4.3077,4.25401,4.51669,4.69543,4.50062,4.44865,4.61168,5.44629,,,,,,,,,,,,,,,
OECD ENV-Growth 2025,Historical Reference,1,Gabon,billion USD_2010/yr,GDP|PPP,ANNUAL,15.09283001,17.0747251,17.76500184,20.67680449,20.94515395,21.87073828,24.10029305,31.09580421,32.81017332,37.05888535,,,,,,,,,,,,,,,
OECD ENV-Growth 2025,Historical Reference,1,Gabon,billion USD_2015/yr,GDP|PPP,ANNUAL,13.8960686,15.72081254,16.35635491,19.0372709,19.28434203,20.13653365,22.1892995,28.63011299,30.20854398,34.12036131,,,,,,,,,,,,,,,
OECD ENV-Growth 2025,Historical Reference,1,Gabon,billion USD_2017/yr,GDP|PPP,ANNUAL,14.6626,16.588,17.2586,20.0874,20.3481,21.2473,23.4133,30.2094,31.8749,36.0025,,,,,,,,,,,,,,,
OECD ENV-Growth 2025,Historical Reference,1,Gambia,billion USD_2010/yr,GDP|PPP,ANNUAL,1.64828268,1.957475772,2.310138117,2.489016843,3.106178541,3.550428288,4.367108565,4.456236618,5.456268108,7.146172935,,,,,,,,,,,,,,,
OECD ENV-Growth 2025,Historical Reference,1,Gambia,billion USD_2015/yr,GDP|PPP,ANNUAL,1.594772661,1.893928076,2.235141555,2.408213143,3.00533924,3.435166817,4.225334301,4.311568892,5.279135256,6.914178839,,,,,,,,,,,,,,,
OECD ENV-Growth 2025,Historical Reference,1,Gambia,billion USD_2017/yr,GDP|PPP,ANNUAL,1.5884,1.88636,2.22621,2.39859,2.99333,3.42144,4.20845,4.29434,5.25804,6.88655,,,,,,,,,,,,,,,
OECD ENV-Growth 2025,Historical Reference,1,Georgia,billion USD_2010/yr,GDP|PPP,ANNUAL,,,41.8962613,11.83768621,15.61560328,22.22582964,28.69067368,36.54583353,40.4648524,57.60969412,,,,,,,,,,,,,,,
OECD ENV-Growth 2025,Historical Reference,1,Georgia,billion USD_2015/yr,GDP|PPP,ANNUAL,,,51.62321921,14.58601439,19.24104171,27.38594901,35.35172091,45.03059502,49.85948342,70.98480332,,,,,,,,,,,,,,,
OECD ENV-Growth 2025,Historical Reference,1,Georgia,billion USD_2017/yr,GDP|PPP,ANNUAL,,,53.832,15.2101,20.0643,28.5577,36.8643,46.9573,51.9928,74.022,,,,,,,,,,,,,,,
OECD ENV-Growth 2025,Historical Reference,1,Germany,billion USD_2010/yr,GDP|PPP,ANNUAL,2062.775084,2212.979808,2601.982367,2864.024394,2924.823912,2999.288198,3178.413505,3460.136445,3560.81985,3807.937531,,,,,,,,,,,,,,,
OECD ENV-Growth 2025,Historical Reference,1,Germany,billion USD_2015/yr,GDP|PPP,ANNUAL,2316.430678,2485.105796,2921.943272,3216.208117,3284.484038,3368.105058,3569.257069,3885.622952,3998.687207,4276.192487,,,,,,,,,,,,,,,
OECD ENV-Growth 2025,Historical Reference,1,Germany,billion USD_2017/yr,GDP|PPP,ANNUAL,2489.26,2670.52,3139.95,3456.17,3529.54,3619.4,3835.56,4175.53,4297.03,4595.24,,,,,,,,,,,,,,,
OECD ENV-Growth 2025,Historical Reference,1,Ghana,billion USD_2010/yr,GDP|PPP,ANNUAL,29.25155473,28.18255512,36.8052669,45.54017963,57.39775715,73.37879848,100.3299716,139.6341456,177.4493259,208.8362608,,,,,,,,,,,,,,,
OECD ENV-Growth 2025,Historical Reference,1,Ghana,billion USD_2015/yr,GDP|PPP,ANNUAL,30.36926038,29.25941416,38.21160086,47.28027573,59.5909328,76.18261176,104.1635927,144.9695842,184.2296874,216.815921,,,,,,,,,,,,,,,
OECD ENV-Growth 2025,Historical Reference,1,Ghana,billion USD_2017/yr,GDP|PPP,ANNUAL,27.9217,26.9013,35.132,43.4698,54.7883,70.0428,95.7687,133.286,169.382,199.342,,,,,,,,,,,,,,,
OECD ENV-Growth 2025,Historical Reference,1,Greece,billion USD_2010/yr,GDP|PPP,ANNUAL,202.1340372,203.5133365,216.4431286,230.2775422,260.7994066,315.5729151,310.4202174,253.3321368,239.986484,294.6962051,,,,,,,,,,,,,,,
OECD ENV-Growth 2025,Historical Reference,1,Greece,billion USD_2015/yr,GDP|PPP,ANNUAL,231.0515648,232.6281882,247.4077312,263.2213119,298.1096692,360.7191388,354.8292902,289.5741233,274.319226,336.8557827,,,,,,,,,,,,,,,
OECD ENV-Growth 2025,Historical Reference,1,Greece,billion USD_2017/yr,GDP|PPP,ANNUAL,244.003,245.668,261.276,277.976,314.82,380.939,374.719,305.806,289.696,355.738,,,,,,,,,,,,,,,
OECD ENV-Growth 2025,Historical Reference,1,Grenada,billion USD_2010/yr,GDP|PPP,ANNUAL,0.43749638,0.525364341,0.684509452,0.702942876,0.967157453,1.207418055,1.153953916,1.34382815,1.319246471,1.639383355,,,,,,,,,,,,,,,
OECD ENV-Growth 2025,Historical Reference,1,Grenada,billion USD_2015/yr,GDP|PPP,ANNUAL,0.504780746,0.606162282,0.789782973,0.811051349,1.115900571,1.393111838,1.331425229,1.550501002,1.522138805,1.891510856,,,,,,,,,,,,,,,
OECD ENV-Growth 2025,Historical Reference,1,Grenada,billion USD_2017/yr,GDP|PPP,ANNUAL,0.540159,0.648646,0.845136,0.867895,1.19411,1.49075,1.42474,1.65917,1.62882,2.02408,,,,,,,,,,,,,,,
OECD ENV-Growth 2025,Historical Reference,1,Guam,billion USD_2017/yr,GDP|PPP,ANNUAL,,,,,,,,,3.6185,6.75847,,,,,,,,,,,,,,,
OECD ENV-Growth 2025,Historical Reference,1,Guatemala,billion USD_2010/yr,GDP|PPP,ANNUAL,43.6871185,41.30104149,47.67688183,57.39014317,68.28352038,79.86330456,95.53531995,115.5238635,129.1588502,161.0791487,,,,,,,,,,,,,,,
OECD ENV-Growth 2025,Historical Reference,1,Guatemala,billion USD_2015/yr,GDP|PPP,ANNUAL,48.24080893,45.60602116,52.64644192,63.37215697,75.40099628,88.18778962,105.4933645,127.5653972,142.6216154,177.8690996,,,,,,,,,,,,,,,
OECD ENV-Growth 2025,Historical Reference,1,Guatemala,billion USD_2017/yr,GDP|PPP,ANNUAL,47.8364,45.2237,52.2051,62.8409,74.7689,87.4485,104.609,126.496,141.426,176.378,,,,,,,,,,,,,,,
OECD ENV-Growth 2025,Historical Reference,1,Guinea,billion USD_2010/yr,GDP|PPP,ANNUAL,6.23793458,6.890726679,8.466061358,10.24862643,12.41914845,14.44857592,16.85673085,21.10194375,30.33815498,39.27564537,,,,,,,,,,,,,,,
OECD ENV-Growth 2025,Historical Reference,1,Guinea,billion USD_2015/yr,GDP|PPP,ANNUAL,6.148449374,6.791876957,8.344612946,10.10160654,12.24099171,14.24130639,16.61491554,20.79922948,29.90294425,38.71222343,,,,,,,,,,,,,,,
OECD ENV-Growth 2025,Historical Reference,1,Guinea,billion USD_2017/yr,GDP|PPP,ANNUAL,7.05608,7.79449,9.57644,11.5928,14.048,16.3436,19.0676,23.8696,34.3172,44.4269,,,,,,,,,,,,,,,
OECD ENV-Growth 2025,Historical Reference,1,Guinea-Bissau,billion USD_2010/yr,GDP|PPP,ANNUAL,0.999800889,1.101870734,1.264222563,1.53191175,1.5429269,1.801539662,2.145151329,2.521503476,3.062305922,3.911583379,,,,,,,,,,,,,,,
OECD ENV-Growth 2025,Historical Reference,1,Guinea-Bissau,billion USD_2015/yr,GDP|PPP,ANNUAL,1.209533343,1.333014811,1.529423869,1.853267347,1.866593191,2.179456244,2.595148782,3.050449908,3.704698767,4.732132742,,,,,,,,,,,,,,,
OECD ENV-Growth 2025,Historical Reference,1,Guinea-Bissau,billion USD_2017/yr,GDP|PPP,ANNUAL,1.37692,1.51749,1.74108,2.10974,2.12491,2.48107,2.95429,3.4726,4.21739,5.38701,,,,,,,,,,,,,,,
OECD ENV-Growth 2025,Historical Reference,1,Guyana,billion USD_2010/yr,GDP|PPP,ANNUAL,4.291980205,3.567833269,3.081349058,4.341184853,4.969712184,5.08619456,6.292624058,7.395989074,12.57345612,50.97883873,,,,,,,,,,,,,,,
OECD ENV-Growth 2025,Historical Reference,1,Guyana,billion USD_2015/yr,GDP|PPP,ANNUAL,4.987302335,4.145839995,3.580542924,5.04447838,5.774830263,5.910183363,7.312060437,8.59417607,14.61041851,59.23766403,,,,,,,,,,,,,,,
OECD ENV-Growth 2025,Historical Reference,1,Guyana,billion USD_2017/yr,GDP|PPP,ANNUAL,5.01556,4.16933,3.60083,5.07306,5.80755,5.94367,7.35349,8.64287,14.6932,59.5733,,,,,,,,,,,,,,,
OECD ENV-Growth 2025,Historical Reference,1,Haiti,billion USD_2010/yr,GDP|PPP,ANNUAL,22.81850615,22.29005466,22.02830003,20.13835834,22.80313036,24.17056952,26.41552738,30.36857152,30.62172303,29.97246171,,,,,,,,,,,,,,,
OECD ENV-Growth 2025,Historical Reference,1,Haiti,billion USD_2015/yr,GDP|PPP,ANNUAL,23.29483393,22.75535121,22.48813254,20.55873902,23.27913716,24.67512111,26.96694162,31.00250408,31.26094003,30.59812562,,,,,,,,,,,,,,,
OECD ENV-Growth 2025,Historical Reference,1,Haiti,billion USD_2017/yr,GDP|PPP,ANNUAL,24.9321,24.3547,24.0687,22.0037,24.9153,26.4094,28.8623,33.1815,33.4581,32.7487,,,,,,,,,,,,,,,
OECD ENV-Growth 2025,Historical Reference,1,Honduras,billion USD_2010/yr,GDP|PPP,ANNUAL,11.60505792,12.72154557,15.35230696,17.84221652,20.97488877,26.3304422,31.4322449,37.38482688,39.51748213,50.82678225,,,,,,,,,,,,,,,
OECD ENV-Growth 2025,Historical Reference,1,Honduras,billion USD_2015/yr,GDP|PPP,ANNUAL,13.64572627,14.95854047,18.05190288,20.97964563,24.6631764,30.96046648,36.95938555,43.95868748,46.46635525,59.76431677,,,,,,,,,,,,,,,
OECD ENV-Growth 2025,Historical Reference,1,Honduras,billion USD_2017/yr,GDP|PPP,ANNUAL,14.9459,16.3838,19.7719,22.9786,27.0131,33.9104,40.4809,48.1471,50.8937,65.4587,,,,,,,,,,,,,,,
OECD ENV-Growth 2025,Historical Reference,1,Hong Kong,billion USD_2010/yr,GDP|PPP,ANNUAL,82.12653444,108.3671856,157.3251539,203.6667185,231.8074227,285.0692408,345.4974383,399.518703,400.4380834,454.7715544,,,,,,,,,,,,,,,
OECD ENV-Growth 2025,Historical Reference,1,Hong Kong,billion USD_2015/yr,GDP|PPP,ANNUAL,84.54173826,111.5540831,161.9518232,209.6562156,238.6244907,293.4526497,355.6579392,411.2678788,412.2142968,468.1456241,,,,,,,,,,,,,,,
OECD ENV-Growth 2025,Historical Reference,1,Hong Kong,billion USD_2017/yr,GDP|PPP,ANNUAL,85.755,113.155,164.276,212.665,242.049,297.664,360.762,417.17,418.13,474.864,,,,,,,,,,,,,,,
OECD ENV-Growth 2025,Historical Reference,1,Hungary,billion USD_2010/yr,GDP|PPP,ANNUAL,157.5726716,171.9262111,176.4622743,156.5412636,176.0429594,218.7215749,217.3934483,240.6494338,270.4971914,316.6928994,,,,,,,,,,,,,,,
OECD ENV-Growth 2025,Historical Reference,1,Hungary,billion USD_2015/yr,GDP|PPP,ANNUAL,172.7006442,188.4322142,193.4037681,171.5702145,192.9441964,239.7202288,238.2645937,263.7533007,296.4666318,347.0974198,,,,,,,,,,,,,,,
OECD ENV-Growth 2025,Historical Reference,1,Hungary,billion USD_2017/yr,GDP|PPP,ANNUAL,177.371,193.528,198.634,176.21,198.162,246.203,244.708,270.886,304.484,356.484,,,,,,,,,,,,,,,
OECD ENV-Growth 2025,Historical Reference,1,Iceland,billion USD_2010/yr,GDP|PPP,ANNUAL,6.024608703,6.753408843,7.894593152,7.998757742,9.78873936,11.96438725,12.65102374,14.45825298,15.87544119,19.4792561,,,,,,,,,,,,,,,
OECD ENV-Growth 2025,Historical Reference,1,Iceland,billion USD_2015/yr,GDP|PPP,ANNUAL,6.783021435,7.603567169,8.888410386,9.00568782,11.02100272,13.4705338,14.24360808,16.27834183,17.87393392,21.93141798,,,,,,,,,,,,,,,
OECD ENV-Growth 2025,Historical Reference,1,Iceland,billion USD_2017/yr,GDP|PPP,ANNUAL,7.18861,8.05822,9.41989,9.54418,11.68,14.276,15.0953,17.2517,18.9427,23.2428,,,,,,,,,,,,,,,
OECD ENV-Growth 2025,Historical Reference,1,India,billion USD_2010/yr,GDP|PPP,ANNUAL,884.8146716,1153.905548,1536.648403,1931.366141,2643.285199,3566.139586,5012.577212,6839.037472,8353.520024,11643.33058,,,,,,,,,,,,,,,
OECD ENV-Growth 2025,Historical Reference,1,India,billion USD_2015/yr,GDP|PPP,ANNUAL,900.7336455,1174.665819,1564.294719,1966.113946,2690.841359,3630.299105,5102.760036,6962.080707,8503.810782,11852.80934,,,,,,,,,,,,,,,
OECD ENV-Growth 2025,Historical Reference,1,India,billion USD_2017/yr,GDP|PPP,ANNUAL,897.754,1170.78,1559.12,1959.61,2681.94,3618.29,5085.88,6939.05,8475.68,11813.6,,,,,,,,,,,,,,,
OECD ENV-Growth 2025,Historical Reference,1,Indonesia,billion USD_2010/yr,GDP|PPP,ANNUAL,440.7207414,564.7125226,807.4596994,1177.14483,1232.506186,1552.704855,2056.97259,2691.785545,3213.350496,4072.401067,,,,,,,,,,,,,,,
OECD ENV-Growth 2025,Historical Reference,1,Indonesia,billion USD_2015/yr,GDP|PPP,ANNUAL,433.4552575,555.4029772,794.1483553,1157.739057,1212.187756,1527.107802,2023.062452,2647.410223,3160.376937,4005.265664,,,,,,,,,,,,,,,
OECD ENV-Growth 2025,Historical Reference,1,Indonesia,billion USD_2017/yr,GDP|PPP,ANNUAL,429.326,550.112,786.583,1146.71,1200.64,1512.56,2003.79,2622.19,3130.27,3967.11,,,,,,,,,,,,,,,
OECD ENV-Growth 2025,Historical Reference,1,Iran,billion USD_2010/yr,GDP|PPP,ANNUAL,514.3406231,627.7904829,640.1767515,739.2778367,878.2086801,1136.751531,1383.001681,1392.540797,1530.888357,1790.947745,,,,,,,,,,,,,,,
OECD ENV-Growth 2025,Historical Reference,1,Iran,billion USD_2015/yr,GDP|PPP,ANNUAL,417.7528199,509.8979796,519.9582362,600.4491714,713.2902519,923.2814523,1123.288393,1131.036163,1243.403494,1454.626442,,,,,,,,,,,,,,,
OECD ENV-Growth 2025,Historical Reference,1,Iran,billion USD_2017/yr,GDP|PPP,ANNUAL,423.265,516.626,526.819,608.372,722.702,935.464,1138.11,1145.96,1259.81,1473.82,,,,,,,,,,,,,,,
OECD ENV-Growth 2025,Historical Reference,1,Iraq,billion USD_2010/yr,GDP|PPP,ANNUAL,,,186.0606356,122.5608985,120.87336,295.2096267,378.2697332,515.3025016,556.3785276,629.8446572,,,,,,,,,,,,,,,
OECD ENV-Growth 2025,Historical Reference,1,Iraq,billion USD_2015/yr,GDP|PPP,ANNUAL,,,133.423293,87.8879007,86.67777397,211.6935718,271.255622,369.5212393,398.9766834,451.6589334,,,,,,,,,,,,,,,
OECD ENV-Growth 2025,Historical Reference,1,Iraq,billion USD_2017/yr,GDP|PPP,ANNUAL,,,131.546,86.6513,85.4582,208.715,267.439,364.322,393.363,445.304,,,,,,,,,,,,,,,
OECD ENV-Growth 2025,Historical Reference,1,Ireland,billion USD_2010/yr,GDP|PPP,ANNUAL,55.09596674,62.4852644,78.63813355,98.6294222,148.240771,194.6386117,196.8555459,268.0421563,365.900401,481.1713194,,,,,,,,,,,,,,,
OECD ENV-Growth 2025,Historical Reference,1,Ireland,billion USD_2015/yr,GDP|PPP,ANNUAL,66.8956601,75.86749551,95.47976312,119.7525099,179.9889324,236.3236219,239.0153485,325.4477241,444.2638963,584.2219483,,,,,,,,,,,,,,,
OECD ENV-Growth 2025,Historical Reference,1,Ireland,billion USD_2017/yr,GDP|PPP,ANNUAL,68.4433,77.6227,97.6887,122.523,184.153,241.791,244.545,332.977,454.542,597.738,,,,,,,,,,,,,,,
OECD ENV-Growth 2025,Historical Reference,1,Israel,billion USD_2010/yr,GDP|PPP,ANNUAL,66.55548844,77.67811559,96.31257823,133.3107497,164.0147081,181.7513902,223.8721618,269.0699142,312.510247,394.4461925,,,,,,,,,,,,,,,
OECD ENV-Growth 2025,Historical Reference,1,Israel,billion USD_2015/yr,GDP|PPP,ANNUAL,74.17068426,86.56594851,107.3325431,148.5639991,182.7810661,202.5471571,249.4873348,299.8565575,348.2672789,439.578233,,,,,,,,,,,,,,,
OECD ENV-Growth 2025,Historical Reference,1,Israel,billion USD_2017/yr,GDP|PPP,ANNUAL,77.8252,90.8312,112.621,155.884,191.787,212.527,261.78,314.631,365.427,461.237,,,,,,,,,,,,,,,
OECD ENV-Growth 2025,Historical Reference,1,Italy,billion USD_2010/yr,GDP|PPP,ANNUAL,1472.464169,1601.805801,1868.515235,1994.601901,2023.566978,2115.118044,2081.390005,2012.689623,1913.178311,2207.353065,,,,,,,,,,,,,,,
OECD ENV-Growth 2025,Historical Reference,1,Italy,billion USD_2015/yr,GDP|PPP,ANNUAL,1638.250895,1782.155276,2078.893885,2219.176819,2251.403113,2353.262037,2315.736512,2239.301062,2128.585637,2455.881923,,,,,,,,,,,,,,,
OECD ENV-Growth 2025,Historical Reference,1,Italy,billion USD_2017/yr,GDP|PPP,ANNUAL,1786.88,1943.84,2267.5,2420.51,2455.66,2566.76,2525.83,2442.46,2321.7,2678.69,,,,,,,,,,,,,,,
OECD ENV-Growth 2025,Historical Reference,1,Jamaica,billion USD_2010/yr,GDP|PPP,ANNUAL,13.99644461,15.69729905,19.06985804,21.09752439,20.91121495,22.59649502,22.27218167,22.8532639,21.62880195,25.13869857,,,,,,,,,,,,,,,
OECD ENV-Growth 2025,Historical Reference,1,Jamaica,billion USD_2015/yr,GDP|PPP,ANNUAL,15.5670773,17.45879575,21.20981166,23.46501572,23.25779928,25.13219566,24.77148899,25.41777827,24.05591142,27.95967651,,,,,,,,,,,,,,,
OECD ENV-Growth 2025,Historical Reference,1,Jamaica,billion USD_2017/yr,GDP|PPP,ANNUAL,16.8054,18.8476,22.897,25.3316,25.1079,27.1314,26.742,27.4397,25.9695,30.1838,,,,,,,,,,,,,,,
OECD ENV-Growth 2025,Historical Reference,1,Japan,billion USD_2010/yr,GDP|PPP,ANNUAL,2360.572548,2910.307891,3713.581605,4011.365744,4276.36699,4536.319002,4525.385182,4767.831946,4688.213695,5029.84449,,,,,,,,,,,,,,,
OECD ENV-Growth 2025,Historical Reference,1,Japan,billion USD_2015/yr,GDP|PPP,ANNUAL,2574.514122,3174.072651,4050.148043,4374.920723,4663.939355,4947.451136,4935.526371,5199.946381,5113.112231,5485.705443,,,,,,,,,,,,,,,
OECD ENV-Growth 2025,Historical Reference,1,Japan,billion USD_2017/yr,GDP|PPP,ANNUAL,2543.26,3135.54,4000.98,4321.81,4607.32,4887.39,4875.61,5136.82,5051.04,5419.11,,,,,,,,,,,,,,,
OECD ENV-Growth 2025,Historical Reference,1,Jordan,billion USD_2010/yr,GDP|PPP,ANNUAL,19.4176718,24.98779209,24.59140053,31.47828613,36.94939209,50.64679274,68.72789636,78.63918942,83.86639424,95.37545278,,,,,,,,,,,,,,,
OECD ENV-Growth 2025,Historical Reference,1,Jordan,billion USD_2015/yr,GDP|PPP,ANNUAL,21.65849237,27.87141064,27.42927506,35.1109148,41.21339237,56.49148805,76.65917081,87.71423793,93.54466792,106.3818844,,,,,,,,,,,,,,,
OECD ENV-Growth 2025,Historical Reference,1,Jordan,billion USD_2017/yr,GDP|PPP,ANNUAL,23.239,29.9053,29.4309,37.6731,44.2209,60.6139,82.2533,94.1151,100.371,114.145,,,,,,,,,,,,,,,
OECD ENV-Growth 2025,Historical Reference,1,Kazakhstan,billion USD_2010/yr,GDP|PPP,ANNUAL,,,203.3155309,125.2176332,141.5779347,231.8618436,313.530453,394.8059057,438.5468933,537.2061469,,,,,,,,,,,,,,,
OECD ENV-Growth 2025,Historical Reference,1,Kazakhstan,billion USD_2015/yr,GDP|PPP,ANNUAL,,,209.8084328,129.2164709,146.0992403,239.2663749,323.5430795,407.4140719,452.5519324,554.3618792,,,,,,,,,,,,,,,
OECD ENV-Growth 2025,Historical Reference,1,Kazakhstan,billion USD_2017/yr,GDP|PPP,ANNUAL,,,220.3,135.678,153.405,251.231,339.722,427.787,475.182,582.083,,,,,,,,,,,,,,,
OECD ENV-Growth 2025,Historical Reference,1,Kenya,billion USD_2010/yr,GDP|PPP,ANNUAL,39.95556813,46.93863712,61.37356735,65.72282354,72.8189226,86.59728935,109.5939656,137.8458341,165.2005263,216.9011913,,,,,,,,,,,,,,,
OECD ENV-Growth 2025,Historical Reference,1,Kenya,billion USD_2015/yr,GDP|PPP,ANNUAL,51.11345399,60.04659628,78.51258679,84.07640472,93.15414156,110.7802184,140.1988854,176.3402956,211.3339866,277.4724421,,,,,,,,,,,,,,,
OECD ENV-Growth 2025,Historical Reference,1,Kenya,billion USD_2017/yr,GDP|PPP,ANNUAL,56.5592,66.4441,86.8775,93.0341,103.079,122.583,155.136,195.128,233.85,307.035,,,,,,,,,,,,,,,
OECD ENV-Growth 2025,Historical Reference,1,Kiribati,billion USD_2010/yr,GDP|PPP,ANNUAL,0.120644945,0.115259113,0.122799812,0.127108655,0.146498005,0.157269669,0.157269669,0.190662537,0.191739526,0.225132394,,,,,,,,,,,,,,,
OECD ENV-Growth 2025,Historical Reference,1,Kiribati,billion USD_2015/yr,GDP|PPP,ANNUAL,0.131577598,0.125703711,0.133927735,0.138627039,0.159773421,0.171521196,0.171521196,0.207940073,0.209114657,0.245533534,,,,,,,,,,,,,,,
OECD ENV-Growth 2025,Historical Reference,1,Kiribati,billion USD_2017/yr,GDP|PPP,ANNUAL,0.135545,0.129494,0.137966,0.142807,0.164591,0.176693,0.176693,0.21421,0.21542,0.252937,,,,,,,,,,,,,,,
OECD ENV-Growth 2025,Historical Reference,1,Kosovo,billion USD_2010/yr,GDP|PPP,ANNUAL,,,,,,,12.83341789,16.0039941,18.15875463,23.37215575,,,,,,,,,,,,,,,
OECD ENV-Growth 2025,Historical Reference,1,Kosovo,billion USD_2015/yr,GDP|PPP,ANNUAL,,,,,,,13.41723833,16.73205103,18.98483635,24.43540657,,,,,,,,,,,,,,,
OECD ENV-Growth 2025,Historical Reference,1,Kosovo,billion USD_2017/yr,GDP|PPP,ANNUAL,,,,,,,13.54351809,16.88952899,19.16351699,24.66538663,,,,,,,,,,,,,,,
OECD ENV-Growth 2025,Historical Reference,1,Kuwait,billion USD_2010/yr,GDP|PPP,ANNUAL,104.1405431,81.03733601,79.48158175,127.9088235,140.5540922,207.5826403,219.9229327,262.8783491,239.3826725,282.4568296,,,,,,,,,,,,,,,
OECD ENV-Growth 2025,Historical Reference,1,Kuwait,billion USD_2015/yr,GDP|PPP,ANNUAL,71.68066609,55.77856666,54.70773009,88.04054019,96.74436728,142.880587,151.3744968,180.9410111,164.7687722,194.4170166,,,,,,,,,,,,,,,
OECD ENV-Growth 2025,Historical Reference,1,Kuwait,billion USD_2017/yr,GDP|PPP,ANNUAL,83.3189,64.8349,63.5902,102.335,112.452,166.079,175.952,210.319,191.521,225.983,,,,,,,,,,,,,,,
OECD ENV-Growth 2025,Historical Reference,1,Kyrgyzstan,billion USD_2010/yr,GDP|PPP,ANNUAL,,,16.8799234,8.621197017,11.3261639,13.63833007,16.81181112,21.33039802,23.42265242,29.43225749,,,,,,,,,,,,,,,
OECD ENV-Growth 2025,Historical Reference,1,Kyrgyzstan,billion USD_2015/yr,GDP|PPP,ANNUAL,,,19.86883985,10.14774645,13.33167997,16.05325981,19.78866697,25.10735694,27.5700854,34.64380711,,,,,,,,,,,,,,,
OECD ENV-Growth 2025,Historical Reference,1,Kyrgyzstan,billion USD_2017/yr,GDP|PPP,ANNUAL,,,22.6512,11.5688,15.1986,18.3013,22.5598,28.6233,31.4309,39.4952,,,,,,,,,,,,,,,
OECD ENV-Growth 2025,Historical Reference,1,Laos,billion USD_2010/yr,GDP|PPP,ANNUAL,3.948104519,5.704179242,6.79747496,9.271477691,12.23236272,16.66023535,24.48220875,35.54069134,45.01165614,52.88865769,,,,,,,,,,,,,,,
OECD ENV-Growth 2025,Historical Reference,1,Laos,billion USD_2015/yr,GDP|PPP,ANNUAL,4.619242545,6.673832295,7.952977279,10.84753557,14.31174125,19.49230765,28.6439378,41.58225111,52.6631846,61.87919712,,,,,,,,,,,,,,,
OECD ENV-Growth 2025,Historical Reference,1,Laos,billion USD_2017/yr,GDP|PPP,ANNUAL,4.90032,7.07993,8.43691,11.5076,15.1826,20.6784,30.3869,44.1125,55.8677,65.6445,,,,,,,,,,,,,,,
OECD ENV-Growth 2025,Historical Reference,1,Latvia,billion USD_2010/yr,GDP|PPP,ANNUAL,,,,21.27110552,25.71865621,38.06547441,37.14038922,44.03612912,47.00372749,54.21181536,,,,,,,,,,,,,,,
OECD ENV-Growth 2025,Historical Reference,1,Latvia,billion USD_2015/yr,GDP|PPP,ANNUAL,,,,23.85411613,28.84174551,42.68787283,41.65045192,49.38356106,52.71152331,60.79490971,,,,,,,,,,,,,,,
OECD ENV-Growth 2025,Historical Reference,1,Latvia,billion USD_2017/yr,GDP|PPP,ANNUAL,,,,25.4356,30.7539,45.518,44.4118,52.6576,56.2062,64.8255,,,,,,,,,,,,,,,
OECD ENV-Growth 2025,Historical Reference,1,Lebanon,billion USD_2010/yr,GDP|PPP,ANNUAL,37.39182294,52.37287063,20.47718399,36.40155802,43.48434161,51.43131991,74.11415361,81.96339469,56.83574072,53.8914261,,,,,,,,,,,,,,,
OECD ENV-Growth 2025,Historical Reference,1,Lebanon,billion USD_2015/yr,GDP|PPP,ANNUAL,44.8958963,62.88345375,24.58669989,43.70689754,52.21110762,61.75294553,88.98794156,98.4124276,68.24196631,64.7067644,,,,,,,,,,,,,,,
OECD ENV-Growth 2025,Historical Reference,1,Lebanon,billion USD_2017/yr,GDP|PPP,ANNUAL,48.434,67.8391,26.5243,47.1513,56.3257,66.6195,96.0008,106.168,73.6199,69.8061,,,,,,,,,,,,,,,
OECD ENV-Growth 2025,Historical Reference,1,Lesotho,billion USD_2010/yr,GDP|PPP,ANNUAL,1.343934439,1.625385739,2.10723431,2.73631115,3.163331429,3.679208879,4.372334276,5.180058248,4.772411289,5.313581686,,,,,,,,,,,,,,,
OECD ENV-Growth 2025,Historical Reference,1,Lesotho,billion USD_2015/yr,GDP|PPP,ANNUAL,1.657488125,2.004604898,2.598873682,3.374720599,3.901369089,4.537606038,5.392444698,6.388618954,5.88586378,6.55329478,,,,,,,,,,,,,,,
OECD ENV-Growth 2025,Historical Reference,1,Lesotho,billion USD_2017/yr,GDP|PPP,ANNUAL,1.4984,1.8122,2.34943,3.05081,3.52691,4.10208,4.87487,5.77543,5.32093,5.9243,,,,,,,,,,,,,,,
OECD ENV-Growth 2025,Historical Reference,1,Liberia,billion USD_2010/yr,GDP|PPP,ANNUAL,,,,,3.193281711,2.678235598,3.900303495,4.992827458,4.81958061,6.211765735,,,,,,,,,,,,,,,
OECD ENV-Growth 2025,Historical Reference,1,Liberia,billion USD_2015/yr,GDP|PPP,ANNUAL,,,,,3.595120607,3.015261683,4.391113198,5.621119121,5.426071089,6.993447187,,,,,,,,,,,,,,,
OECD ENV-Growth 2025,Historical Reference,1,Liberia,billion USD_2017/yr,GDP|PPP,ANNUAL,,,,,4.57113,3.83385,5.58322,7.14715,6.89915,8.89204,,,,,,,,,,,,,,,
OECD ENV-Growth 2025,Historical Reference,1,Libya,billion USD_2010/yr,GDP|PPP,ANNUAL,222.7595279,158.952703,143.7675326,133.9869104,136.9238923,183.968618,196.4500684,114.054567,100.6612738,150.8733518,,,,,,,,,,,,,,,
OECD ENV-Growth 2025,Historical Reference,1,Libya,billion USD_2015/yr,GDP|PPP,ANNUAL,268.1596776,191.3485182,173.0684903,161.2945001,164.8300621,221.4628741,236.4881427,137.2997878,121.1768357,181.6225316,,,,,,,,,,,,,,,
OECD ENV-Growth 2025,Historical Reference,1,Libya,billion USD_2017/yr,GDP|PPP,ANNUAL,231.104,164.907,149.153,139.006,142.053,190.86,203.809,118.327,104.432,156.525,,,,,,,,,,,,,,,
OECD ENV-Growth 2025,Historical Reference,1,Lithuania,billion USD_2010/yr,GDP|PPP,ANNUAL,,,,34.56241224,40.67209912,58.711917,62.24359972,74.97086901,87.21852914,99.13993081,,,,,,,,,,,,,,,
OECD ENV-Growth 2025,Historical Reference,1,Lithuania,billion USD_2015/yr,GDP|PPP,ANNUAL,,,,38.61416636,45.44009229,65.59471934,69.54042149,83.75970949,97.44316372,110.7621122,,,,,,,,,,,,,,,
OECD ENV-Growth 2025,Historical Reference,1,Lithuania,billion USD_2017/yr,GDP|PPP,ANNUAL,,,,41.1772,48.4562,69.9486,74.1562,89.3193,103.911,118.114,,,,,,,,,,,,,,,
OECD ENV-Growth 2025,Historical Reference,1,Luxembourg,billion USD_2010/yr,GDP|PPP,ANNUAL,13.8294399,15.63546412,22.42112609,27.21619283,34.20154427,39.92442682,45.7548708,50.87569278,55.8984811,62.83422514,,,,,,,,,,,,,,,
OECD ENV-Growth 2025,Historical Reference,1,Luxembourg,billion USD_2015/yr,GDP|PPP,ANNUAL,16.73639741,18.92204912,27.13406178,32.93705475,41.39073173,48.31656801,55.37257522,61.5697974,67.64837918,76.04202125,,,,,,,,,,,,,,,
OECD ENV-Growth 2025,Historical Reference,1,Luxembourg,billion USD_2017/yr,GDP|PPP,ANNUAL,17.563,19.8566,28.4742,34.5638,43.435,50.7029,58.1074,64.6107,70.9895,79.7977,,,,,,,,,,,,,,,
OECD ENV-Growth 2025,Historical Reference,1,Macao,billion USD_2010/yr,GDP|PPP,ANNUAL,,,14.14379628,18.81625071,18.41080477,31.52112299,53.60607595,60.63942848,31.46326239,69.80923731,,,,,,,,,,,,,,,
OECD ENV-Growth 2025,Historical Reference,1,Macao,billion USD_2015/yr,GDP|PPP,ANNUAL,,,16.33282154,21.7284284,21.26023189,36.39962471,61.90265009,70.02454956,36.33280907,80.61356317,,,,,,,,,,,,,,,
OECD ENV-Growth 2025,Historical Reference,1,Macao,billion USD_2017/yr,GDP|PPP,ANNUAL,,,16.769,22.3087,21.828,37.3717,63.5558,71.8946,37.3031,82.7664,,,,,,,,,,,,,,,
OECD ENV-Growth 2025,Historical Reference,1,Madagascar,billion USD_2010/yr,GDP|PPP,ANNUAL,20.18479268,18.55081059,21.23939545,20.89411977,25.15344216,28.26566665,32.46955125,37.04242824,40.05919299,50.27091399,,,,,,,,,,,,,,,
OECD ENV-Growth 2025,Historical Reference,1,Madagascar,billion USD_2015/yr,GDP|PPP,ANNUAL,20.42696215,18.77337616,21.49421764,21.14479947,25.4552236,28.60478737,32.85910858,37.48684921,40.53980796,50.87404531,,,,,,,,,,,,,,,
OECD ENV-Growth 2025,Historical Reference,1,Madagascar,billion USD_2017/yr,GDP|PPP,ANNUAL,20.4259,18.7724,21.4931,21.1437,25.4539,28.6033,32.8574,37.4849,40.5377,50.8714,,,,,,,,,,,,,,,
OECD ENV-Growth 2025,Historical Reference,1,Malawi,billion USD_2010/yr,GDP|PPP,ANNUAL,7.506999653,8.33205216,9.337891231,10.53617107,13.02414402,14.63010117,20.92138153,25.58620005,30.2299908,34.73139944,,,,,,,,,,,,,,,
OECD ENV-Growth 2025,Historical Reference,1,Malawi,billion USD_2015/yr,GDP|PPP,ANNUAL,7.080571751,7.858757943,8.807461291,9.937673992,12.28432003,13.79905233,19.73296256,24.13280054,28.51280522,32.75851567,,,,,,,,,,,,,,,
OECD ENV-Growth 2025,Historical Reference,1,Malawi,billion USD_2017/yr,GDP|PPP,ANNUAL,7.17578,7.96443,8.92589,10.0713,12.4495,13.9846,19.9983,24.4573,28.8962,33.199,,,,,,,,,,,,,,,
OECD ENV-Growth 2025,Historical Reference,1,Malaysia,billion USD_2010/yr,GDP|PPP,ANNUAL,105.494606,135.6499467,188.9984336,297.1659798,374.8603878,470.9192414,586.7685812,759.4247329,868.6721834,1103.465846,,,,,,,,,,,,,,,
OECD ENV-Growth 2025,Historical Reference,1,Malaysia,billion USD_2015/yr,GDP|PPP,ANNUAL,104.2820519,134.0907874,186.8260871,293.7503565,370.5517456,465.5064996,580.024268,750.6959114,858.6876726,1090.782619,,,,,,,,,,,,,,,
OECD ENV-Growth 2025,Historical Reference,1,Malaysia,billion USD_2017/yr,GDP|PPP,ANNUAL,104.234,134.029,186.74,293.615,370.381,465.292,579.757,750.35,858.292,1090.28,,,,,,,,,,,,,,,
OECD ENV-Growth 2025,Historical Reference,1,Maldives,billion USD_2010/yr,GDP|PPP,ANNUAL,0.552659652,0.893750144,1.204662476,1.668356475,2.478269297,3.141794294,4.649821247,6.130916084,5.382828608,10.49892478,,,,,,,,,,,,,,,
OECD ENV-Growth 2025,Historical Reference,1,Maldives,billion USD_2015/yr,GDP|PPP,ANNUAL,0.687658281,1.112067229,1.498926372,2.075887287,3.083638181,3.909242977,5.785636917,7.628520011,6.697696592,13.0635058,,,,,,,,,,,,,,,
OECD ENV-Growth 2025,Historical Reference,1,Maldives,billion USD_2017/yr,GDP|PPP,ANNUAL,0.708777,1.14622,1.54496,2.13964,3.17834,4.0293,5.96332,7.8628,6.90339,13.4647,,,,,,,,,,,,,,,
OECD ENV-Growth 2025,Historical Reference,1,Mali,billion USD_2010/yr,GDP|PPP,ANNUAL,8.740485909,8.054722717,10.602917,12.44372385,15.28937165,21.47364857,26.89163773,32.01915835,38.67959774,47.67065031,,,,,,,,,,,,,,,
OECD ENV-Growth 2025,Historical Reference,1,Mali,billion USD_2015/yr,GDP|PPP,ANNUAL,9.676306284,8.917120267,11.73814288,13.77603997,16.92636365,23.77277451,29.77085323,35.44736372,42.82091849,52.77461893,,,,,,,,,,,,,,,
OECD ENV-Growth 2025,Historical Reference,1,Mali,billion USD_2017/yr,GDP|PPP,ANNUAL,10.1858,9.38664,12.3562,14.5014,17.8176,25.0245,31.3384,37.3138,45.0756,55.5534,,,,,,,,,,,,,,,
OECD ENV-Growth 2025,Historical Reference,1,Malta,billion USD_2010/yr,GDP|PPP,ANNUAL,4.197594373,4.569977362,6.002485415,7.983151348,9.248705091,10.09952178,11.7521708,15.2977214,18.53408478,24.68412602,,,,,,,,,,,,,,,
OECD ENV-Growth 2025,Historical Reference,1,Malta,billion USD_2015/yr,GDP|PPP,ANNUAL,4.572033384,4.977634142,6.537926552,8.6952743,10.07371954,11.00043183,12.80050249,16.66232769,20.18738516,26.88603,,,,,,,,,,,,,,,
OECD ENV-Growth 2025,Historical Reference,1,Malta,billion USD_2017/yr,GDP|PPP,ANNUAL,4.94446,5.3831,7.07049,9.40357,10.8943,11.8965,13.8432,18.0196,21.8318,29.0761,,,,,,,,,,,,,,,
OECD ENV-Growth 2025,Historical Reference,1,Mauritania,billion USD_2010/yr,GDP|PPP,ANNUAL,,,8.62923382,9.898608731,10.28995035,12.58215953,14.94302513,18.61120061,21.91503932,28.15462676,,,,,,,,,,,,,,,
OECD ENV-Growth 2025,Historical Reference,1,Mauritania,billion USD_2015/yr,GDP|PPP,ANNUAL,,,7.880276364,9.039478364,9.396854257,11.49011562,13.64607452,16.99587788,20.01296638,25.71100105,,,,,,,,,,,,,,,
OECD ENV-Growth 2025,Historical Reference,1,Mauritania,billion USD_2017/yr,GDP|PPP,ANNUAL,,,9.42654,10.8132,11.2407,13.7447,16.3237,20.3308,23.9399,30.756,,,,,,,,,,,,,,,
OECD ENV-Growth 2025,Historical Reference,1,Mauritius,billion USD_2010/yr,GDP|PPP,ANNUAL,4.447669066,5.584687144,8.073380742,10.24868642,13.46785869,15.84273927,19.89508203,23.84687449,23.5273929,29.83356985,,,,,,,,,,,,,,,
OECD ENV-Growth 2025,Historical Reference,1,Mauritius,billion USD_2015/yr,GDP|PPP,ANNUAL,4.650312055,5.839134514,8.441217013,10.71563314,14.0814761,16.56456007,20.80153412,24.93337662,24.59933893,31.19283549,,,,,,,,,,,,,,,
OECD ENV-Growth 2025,Historical Reference,1,Mauritius,billion USD_2017/yr,GDP|PPP,ANNUAL,4.83912,6.07621,8.78394,11.1507,14.6532,17.2371,21.6461,25.9457,25.5981,32.4593,,,,,,,,,,,,,,,
OECD ENV-Growth 2025,Historical Reference,1,Mayotte,billion USD_2017/yr,GDP|PPP,ANNUAL,,,,,,,,,6.37483,9.58331,,,,,,,,,,,,,,,
OECD ENV-Growth 2025,Historical Reference,1,Mexico,billion USD_2010/yr,GDP|PPP,ANNUAL,1002.717507,1103.905369,1206.654013,1303.948402,1611.049194,1712.109818,1818.675592,2068.375238,1991.990236,2369.886056,,,,,,,,,,,,,,,
OECD ENV-Growth 2025,Historical Reference,1,Mexico,billion USD_2015/yr,GDP|PPP,ANNUAL,1119.274931,1232.225026,1346.91733,1455.521369,1798.320029,1911.128095,2030.081238,2308.806355,2223.542243,2645.365254,,,,,,,,,,,,,,,
OECD ENV-Growth 2025,Historical Reference,1,Mexico,billion USD_2017/yr,GDP|PPP,ANNUAL,1182.1,1301.39,1422.52,1537.22,1899.26,2018.4,2144.03,2438.4,2348.35,2793.85,,,,,,,,,,,,,,,
OECD ENV-Growth 2025,Historical Reference,1,Micronesia,billion USD_2010/yr,GDP|PPP,ANNUAL,,,0.257222954,0.2912457,0.290026685,0.298557118,0.296119979,0.294900963,0.300994257,0.315617091,,,,,,,,,,,,,,,
OECD ENV-Growth 2025,Historical Reference,1,Micronesia,billion USD_2015/yr,GDP|PPP,ANNUAL,,,0.279831009,0.316844112,0.315517954,0.324798151,0.322146804,0.320820646,0.327449497,0.343357574,,,,,,,,,,,,,,,
OECD ENV-Growth 2025,Historical Reference,1,Micronesia,billion USD_2017/yr,GDP|PPP,ANNUAL,,,0.288449,0.326602,0.325235,0.334801,0.332068,0.330701,0.337534,0.353932,,,,,,,,,,,,,,,
OECD ENV-Growth 2025,Historical Reference,1,Moldova,billion USD_2010/yr,GDP|PPP,ANNUAL,,,,12.59046079,11.10016629,15.62538817,18.30469429,21.97109726,23.64007271,28.57722192,,,,,,,,,,,,,,,
OECD ENV-Growth 2025,Historical Reference,1,Moldova,billion USD_2015/yr,GDP|PPP,ANNUAL,,,,15.03225177,13.25292991,18.65577224,21.85470235,26.23216664,28.2248228,34.11948155,,,,,,,,,,,,,,,
OECD ENV-Growth 2025,Historical Reference,1,Moldova,billion USD_2017/yr,GDP|PPP,ANNUAL,,,,16.6364,14.6672,20.6466,24.1869,29.0315,31.2368,37.7605,,,,,,,,,,,,,,,
OECD ENV-Growth 2025,Historical Reference,1,Mongolia,billion USD_2010/yr,GDP|PPP,ANNUAL,6.726228962,9.350928934,11.31748942,9.810497625,11.22652392,15.47235912,20.62317926,33.51469678,39.01973416,47.53008498,,,,,,,,,,,,,,,
OECD ENV-Growth 2025,Historical Reference,1,Mongolia,billion USD_2015/yr,GDP|PPP,ANNUAL,6.407759339,8.908186526,10.78163544,9.345995822,10.69497692,14.73978276,19.64672483,31.92786218,37.17225021,45.27965784,,,,,,,,,,,,,,,
OECD ENV-Growth 2025,Historical Reference,1,Mongolia,billion USD_2017/yr,GDP|PPP,ANNUAL,6.62526,9.21056,11.1476,9.66323,11.058,15.2401,20.3136,33.0116,38.434,46.8166,,,,,,,,,,,,,,,
OECD ENV-Growth 2025,Historical Reference,1,Montenegro,billion USD_2010/yr,GDP|PPP,ANNUAL,,,,,6.169736039,7.08862522,8.525496966,9.3272938,9.313109236,12.49553508,,,,,,,,,,,,,,,
OECD ENV-Growth 2025,Historical Reference,1,Montenegro,billion USD_2015/yr,GDP|PPP,ANNUAL,,,,,6.724045116,7.725490279,9.291455238,10.1652881,10.14982915,13.61817444,,,,,,,,,,,,,,,
OECD ENV-Growth 2025,Historical Reference,1,Montenegro,billion USD_2017/yr,GDP|PPP,ANNUAL,,,,,7.52483,8.64554,10.398,11.3759,11.3586,15.24,,,,,,,,,,,,,,,
OECD ENV-Growth 2025,Historical Reference,1,Morocco,billion USD_2010/yr,GDP|PPP,ANNUAL,71.98173356,84.63980905,105.0439901,113.4058214,139.0427112,177.2768816,224.9090232,273.0642841,283.8538741,339.8589556,,,,,,,,,,,,,,,
OECD ENV-Growth 2025,Historical Reference,1,Morocco,billion USD_2015/yr,GDP|PPP,ANNUAL,71.11300582,83.61831449,103.7762431,112.0371577,137.364643,175.1373757,222.1946581,269.7687464,280.4281198,335.7572914,,,,,,,,,,,,,,,
OECD ENV-Growth 2025,Historical Reference,1,Morocco,billion USD_2017/yr,GDP|PPP,ANNUAL,71.2773,83.8115,104.016,112.296,137.682,175.542,222.708,270.392,281.076,336.533,,,,,,,,,,,,,,,
OECD ENV-Growth 2025,Historical Reference,1,Mozambique,billion USD_2010/yr,GDP|PPP,ANNUAL,5.545036407,4.315235727,5.628124234,6.782857364,10.43018796,15.71638137,22.56890964,31.87943334,35.90581773,45.12932283,,,,,,,,,,,,,,,
OECD ENV-Growth 2025,Historical Reference,1,Mozambique,billion USD_2015/yr,GDP|PPP,ANNUAL,6.073921879,4.726822832,6.164934622,7.429806176,11.4250191,17.21540954,24.72153183,34.92009312,39.33051397,49.43375682,,,,,,,,,,,,,,,
OECD ENV-Growth 2025,Historical Reference,1,Mozambique,billion USD_2017/yr,GDP|PPP,ANNUAL,5.93893,4.62177,6.02792,7.26468,11.1711,16.8328,24.1721,34.144,38.4564,48.3351,,,,,,,,,,,,,,,
OECD ENV-Growth 2025,Historical Reference,1,Myanmar,billion USD_2010/yr,GDP|PPP,ANNUAL,,,23.27316641,30.31666613,51.40695036,94.21828445,141.9177778,199.9889303,263.7719994,238.2769333,,,,,,,,,,,,,,,
OECD ENV-Growth 2025,Historical Reference,1,Myanmar,billion USD_2015/yr,GDP|PPP,ANNUAL,,,25.16878776,32.78598717,55.59409494,101.8924526,153.4771146,216.2782172,285.2564774,257.6848142,,,,,,,,,,,,,,,
OECD ENV-Growth 2025,Historical Reference,1,Myanmar,billion USD_2017/yr,GDP|PPP,ANNUAL,,,23.3224,30.3808,51.5157,94.4176,142.218,200.412,264.33,238.781,,,,,,,,,,,,,,,
OECD ENV-Growth 2025,Historical Reference,1,Namibia,billion USD_2010/yr,GDP|PPP,ANNUAL,,,8.289530392,10.06716443,11.96407556,15.09346404,17.75268351,22.89921576,20.87901051,24.51372862,,,,,,,,,,,,,,,
OECD ENV-Growth 2025,Historical Reference,1,Namibia,billion USD_2015/yr,GDP|PPP,ANNUAL,,,8.911298113,10.82226606,12.86145764,16.22557024,19.08424815,24.61680319,22.44506964,26.35241482,,,,,,,,,,,,,,,
OECD ENV-Growth 2025,Historical Reference,1,Namibia,billion USD_2017/yr,GDP|PPP,ANNUAL,,,8.93537,10.8515,12.8962,16.2694,19.1358,24.6833,22.5057,26.4236,,,,,,,,,,,,,,,
OECD ENV-Growth 2025,Historical Reference,1,Nepal,billion USD_2010/yr,GDP|PPP,ANNUAL,15.27451724,19.39893868,24.25308767,31.22924138,39.52150513,47.06164866,58.48254306,72.2428676,88.61069202,109.2151419,,,,,,,,,,,,,,,
OECD ENV-Growth 2025,Historical Reference,1,Nepal,billion USD_2015/yr,GDP|PPP,ANNUAL,17.11373048,21.73477582,27.17341563,34.98957194,44.28031183,52.72836831,65.52445904,80.94167201,99.28035538,122.3657987,,,,,,,,,,,,,,,
OECD ENV-Growth 2025,Historical Reference,1,Nepal,billion USD_2017/yr,GDP|PPP,ANNUAL,19.0312,24.17,30.218,38.9099,49.2416,58.6362,72.866,90.0106,110.404,136.076,,,,,,,,,,,,,,,
OECD ENV-Growth 2025,Historical Reference,1,Netherlands,billion USD_2010/yr,GDP|PPP,ANNUAL,399.4615863,422.5945138,497.5248579,557.7147497,653.5847694,697.5829957,747.8530924,776.559094,818.7247095,924.1582073,,,,,,,,,,,,,,,
OECD ENV-Growth 2025,Historical Reference,1,Netherlands,billion USD_2015/yr,GDP|PPP,ANNUAL,438.3002785,463.6823651,545.8980069,611.9400175,717.1312493,765.4073176,820.5650553,852.0620726,898.3273498,1014.011894,,,,,,,,,,,,,,,
OECD ENV-Growth 2025,Historical Reference,1,Netherlands,billion USD_2017/yr,GDP|PPP,ANNUAL,461.887,488.635,575.275,644.871,755.723,806.597,864.723,897.915,946.67,1068.58,,,,,,,,,,,,,,,
OECD ENV-Growth 2025,Historical Reference,1,New Caledonia,billion USD_2017/yr,GDP|PPP,ANNUAL,,,,,,,,,6.25145,11.9061,,,,,,,,,,,,,,,
OECD ENV-Growth 2025,Historical Reference,1,New Zealand,billion USD_2010/yr,GDP|PPP,ANNUAL,69.2370995,80.59620065,82.62971349,95.22671422,102.876552,123.8694611,134.6383171,154.6152647,178.0493265,202.7386947,,,,,,,,,,,,,,,
OECD ENV-Growth 2025,Historical Reference,1,New Zealand,billion USD_2015/yr,GDP|PPP,ANNUAL,76.25313154,88.76328925,91.0028649,104.8763628,113.3013848,136.4215771,148.2816781,170.2829582,196.0916735,223.2828999,,,,,,,,,,,,,,,
OECD ENV-Growth 2025,Historical Reference,1,New Zealand,billion USD_2017/yr,GDP|PPP,ANNUAL,82.7333,96.3066,98.7365,113.789,122.93,148.015,160.883,184.754,212.756,242.258,,,,,,,,,,,,,,,
OECD ENV-Growth 2025,Historical Reference,1,Nicaragua,billion USD_2010/yr,GDP|PPP,ANNUAL,,,12.28434253,13.63980201,17.42733617,20.35476951,23.18784471,30.24925249,30.50634174,38.45400817,,,,,,,,,,,,,,,
OECD ENV-Growth 2025,Historical Reference,1,Nicaragua,billion USD_2015/yr,GDP|PPP,ANNUAL,,,13.3795237,14.85582592,18.98102862,22.16945028,25.25510152,32.94605222,33.22606165,41.88228326,,,,,,,,,,,,,,,
OECD ENV-Growth 2025,Historical Reference,1,Nicaragua,billion USD_2017/yr,GDP|PPP,ANNUAL,,,14.2296,15.7997,20.187,23.578,26.8597,35.0393,35.3371,44.5433,,,,,,,,,,,,,,,
OECD ENV-Growth 2025,Historical Reference,1,Niger,billion USD_2010/yr,GDP|PPP,ANNUAL,9.273582924,8.147297573,9.234614549,9.818218948,10.81666715,13.40033086,17.46340076,23.16596758,30.25110821,42.28933721,,,,,,,,,,,,,,,
OECD ENV-Growth 2025,Historical Reference,1,Niger,billion USD_2015/yr,GDP|PPP,ANNUAL,9.169649014,8.055986533,9.131117377,9.708181016,10.69543908,13.25014632,17.26767926,22.90633442,29.91206817,41.81537841,,,,,,,,,,,,,,,
OECD ENV-Growth 2025,Historical Reference,1,Niger,billion USD_2017/yr,GDP|PPP,ANNUAL,9.05979,7.95947,9.02172,9.59187,10.5673,13.0914,17.0608,22.6319,29.5537,41.3144,,,,,,,,,,,,,,,
OECD ENV-Growth 2025,Historical Reference,1,Nigeria,billion USD_2010/yr,GDP|PPP,ANNUAL,,,262.9125031,277.1784978,322.5973686,510.3498838,755.4051592,950.3030389,964.1913596,1127.437872,,,,,,,,,,,,,,,
OECD ENV-Growth 2025,Historical Reference,1,Nigeria,billion USD_2015/yr,GDP|PPP,ANNUAL,,,271.9355767,286.6911758,333.6688077,527.8649296,781.3304241,982.9171371,997.2821006,1166.131181,,,,,,,,,,,,,,,
OECD ENV-Growth 2025,Historical Reference,1,Nigeria,billion USD_2017/yr,GDP|PPP,ANNUAL,,,276.366,291.362,339.105,536.465,794.06,998.931,1013.53,1185.13,,,,,,,,,,,,,,,
OECD ENV-Growth 2025,Historical Reference,1,North Korea,billion USD_2017/yr,GDP|PPP,ANNUAL,,,,,,,,,47.202,58.8114,,,,,,,,,,,,,,,
OECD ENV-Growth 2025,Historical Reference,1,North Macedonia,billion USD_2010/yr,GDP|PPP,ANNUAL,,,18.91054846,14.85631963,17.18378584,18.94351847,23.03471368,25.99418833,27.53495347,32.00355538,,,,,,,,,,,,,,,
OECD ENV-Growth 2025,Historical Reference,1,North Macedonia,billion USD_2015/yr,GDP|PPP,ANNUAL,,,20.92251529,16.43694128,19.01203567,20.95899311,25.48546649,28.75981116,30.4645043,35.40853815,,,,,,,,,,,,,,,
OECD ENV-Growth 2025,Historical Reference,1,North Macedonia,billion USD_2017/yr,GDP|PPP,ANNUAL,,,22.7133,17.8438,20.6393,22.7529,27.6668,31.2214,33.072,38.4392,,,,,,,,,,,,,,,
OECD ENV-Growth 2025,Historical Reference,1,Norway,billion USD_2010/yr,GDP|PPP,ANNUAL,137.1165811,162.5209889,176.7488924,212.3668013,243.6936802,271.868139,284.6930787,310.4468113,323.9203621,359.9791755,,,,,,,,,,,,,,,
OECD ENV-Growth 2025,Historical Reference,1,Norway,billion USD_2015/yr,GDP|PPP,ANNUAL,139.1955772,164.985173,179.4288036,215.5867601,247.388625,275.9902721,289.0096667,315.153884,328.8317241,365.4372703,,,,,,,,,,,,,,,
OECD ENV-Growth 2025,Historical Reference,1,Norway,billion USD_2017/yr,GDP|PPP,ANNUAL,145.232,172.14,187.21,224.936,258.117,287.959,301.543,328.821,343.092,381.285,,,,,,,,,,,,,,,
OECD ENV-Growth 2025,Historical Reference,1,Oman,billion USD_2010/yr,GDP|PPP,ANNUAL,30.65786348,60.54045267,69.73377247,92.70821169,110.785784,117.8978506,153.2841055,192.189845,195.9385242,225.5292454,,,,,,,,,,,,,,,
OECD ENV-Growth 2025,Historical Reference,1,Oman,billion USD_2015/yr,GDP|PPP,ANNUAL,24.37747927,48.13850224,55.44853423,73.716569,88.09087931,93.74601107,121.8832521,152.8189975,155.799745,179.3286903,,,,,,,,,,,,,,,
OECD ENV-Growth 2025,Historical Reference,1,Oman,billion USD_2017/yr,GDP|PPP,ANNUAL,23.529,46.463,53.5186,71.1508,85.0248,90.4831,117.641,147.5,150.377,173.087,,,,,,,,,,,,,,,
OECD ENV-Growth 2025,Historical Reference,1,Pakistan,billion USD_2010/yr,GDP|PPP,ANNUAL,172.8020377,238.2696045,312.8670801,396.0869924,481.0972808,625.848869,750.3226811,892.2074651,1052.669581,1248.518926,,,,,,,,,,,,,,,
OECD ENV-Growth 2025,Historical Reference,1,Pakistan,billion USD_2015/yr,GDP|PPP,ANNUAL,187.2657447,258.2130137,339.0543742,429.2398782,521.3656146,678.2330586,813.1254559,966.8861412,1140.7791,1353.021235,,,,,,,,,,,,,,,
OECD ENV-Growth 2025,Historical Reference,1,Pakistan,billion USD_2017/yr,GDP|PPP,ANNUAL,188.305,259.646,340.936,431.622,524.259,681.997,817.638,972.252,1147.11,1360.53,,,,,,,,,,,,,,,
OECD ENV-Growth 2025,Historical Reference,1,Palestine,billion USD_2010/yr,GDP|PPP,ANNUAL,,,,7.274911185,9.558435465,11.73591148,14.88104162,18.7617545,18.84913537,22.70834806,,,,,,,,,,,,,,,
OECD ENV-Growth 2025,Historical Reference,1,Palestine,billion USD_2015/yr,GDP|PPP,ANNUAL,,,,9.860508434,12.95562669,15.90700576,20.16995571,25.429924,25.54836115,30.7791878,,,,,,,,,,,,,,,
OECD ENV-Growth 2025,Historical Reference,1,Palestine,billion USD_2017/yr,GDP|PPP,ANNUAL,,,,10.0156,13.1594,16.1572,20.4872,25.8299,25.9502,31.2633,,,,,,,,,,,,,,,
OECD ENV-Growth 2025,Historical Reference,1,Panama,billion USD_2010/yr,GDP|PPP,ANNUAL,16.49982483,19.54128355,18.89920571,24.69302487,32.33918821,39.93289792,57.19376173,83.00236669,81.10012413,119.3465563,,,,,,,,,,,,,,,
OECD ENV-Growth 2025,Historical Reference,1,Panama,billion USD_2015/yr,GDP|PPP,ANNUAL,20.6950537,24.50983065,23.70449874,30.97144853,40.56171767,50.08619638,71.73579007,104.106465,101.7205601,149.6914916,,,,,,,,,,,,,,,
OECD ENV-Growth 2025,Historical Reference,1,Panama,billion USD_2017/yr,GDP|PPP,ANNUAL,23.246,27.531,26.6264,34.7891,45.5615,56.26,80.5782,116.939,114.259,168.143,,,,,,,,,,,,,,,
OECD ENV-Growth 2025,Historical Reference,1,Papua New Guinea,billion USD_2010/yr,GDP|PPP,ANNUAL,7.238283818,7.831531765,8.355805075,12.59978971,13.07821979,14.91141318,19.33164649,25.70023922,28.31986489,33.00176616,,,,,,,,,,,,,,,
OECD ENV-Growth 2025,Historical Reference,1,Papua New Guinea,billion USD_2015/yr,GDP|PPP,ANNUAL,7.879591418,8.525400778,9.096124388,13.71612351,14.23694221,16.23255543,21.04441876,27.97726499,30.82898792,35.92570283,,,,,,,,,,,,,,,
OECD ENV-Growth 2025,Historical Reference,1,Papua New Guinea,billion USD_2017/yr,GDP|PPP,ANNUAL,8.10776,8.77227,9.35952,14.1133,14.6492,16.7026,21.6538,28.7874,31.7217,36.966,,,,,,,,,,,,,,,
OECD ENV-Growth 2025,Historical Reference,1,Paraguay,billion USD_2010/yr,GDP|PPP,ANNUAL,25.33764645,28.24230593,34.37823824,42.71489715,43.60734576,47.93369999,62.49656363,75.97807881,84.64797744,99.18923333,,,,,,,,,,,,,,,
OECD ENV-Growth 2025,Historical Reference,1,Paraguay,billion USD_2015/yr,GDP|PPP,ANNUAL,25.62193297,28.55918252,34.76395954,43.19415514,44.09661696,48.47151256,63.19777046,76.83054725,85.5977215,100.3021292,,,,,,,,,,,,,,,
OECD ENV-Growth 2025,Historical Reference,1,Paraguay,billion USD_2017/yr,GDP|PPP,ANNUAL,26.3839,29.4085,35.7978,44.4787,45.408,49.913,65.0772,79.1154,88.1433,103.285,,,,,,,,,,,,,,,
OECD ENV-Growth 2025,Historical Reference,1,Peru,billion USD_2010/yr,GDP|PPP,ANNUAL,122.7539634,123.9826508,111.4568129,143.8608562,163.4841043,201.5677693,281.0937624,354.976825,358.1040509,446.4989844,,,,,,,,,,,,,,,
OECD ENV-Growth 2025,Historical Reference,1,Peru,billion USD_2015/yr,GDP|PPP,ANNUAL,123.4697657,124.7056178,112.1067394,144.6997369,164.437412,202.7431503,282.7328749,357.0467641,360.1922255,449.1026071,,,,,,,,,,,,,,,
OECD ENV-Growth 2025,Historical Reference,1,Peru,billion USD_2017/yr,GDP|PPP,ANNUAL,130.478,131.784,118.47,152.913,173.771,214.251,298.781,377.313,380.637,474.594,,,,,,,,,,,,,,,
OECD ENV-Growth 2025,Historical Reference,1,Philippines,billion USD_2010/yr,GDP|PPP,ANNUAL,209.5885246,196.5670252,247.7155813,276.3531823,330.2494117,414.8254574,528.7417098,708.7285709,829.1403609,1115.545844,,,,,,,,,,,,,,,
OECD ENV-Growth 2025,Historical Reference,1,Philippines,billion USD_2015/yr,GDP|PPP,ANNUAL,217.0217096,203.5383948,256.5009656,286.1542166,341.9619087,429.5374954,547.4938572,733.8640622,858.5463299,1155.109358,,,,,,,,,,,,,,,
OECD ENV-Growth 2025,Historical Reference,1,Philippines,billion USD_2017/yr,GDP|PPP,ANNUAL,220.445,206.749,260.547,290.668,347.356,436.313,556.13,745.44,872.089,1173.33,,,,,,,,,,,,,,,
OECD ENV-Growth 2025,Historical Reference,1,Poland,billion USD_2010/yr,GDP|PPP,ANNUAL,395.6838072,370.2908706,390.3769251,434.7188533,549.0549919,633.4843449,793.3171172,924.7965314,1086.128921,1298.510059,,,,,,,,,,,,,,,
OECD ENV-Growth 2025,Historical Reference,1,Poland,billion USD_2015/yr,GDP|PPP,ANNUAL,435.0616413,407.1416393,429.2266266,477.9813942,603.6960866,696.5277169,872.266797,1016.830837,1194.218774,1427.73575,,,,,,,,,,,,,,,
OECD ENV-Growth 2025,Historical Reference,1,Poland,billion USD_2017/yr,GDP|PPP,ANNUAL,448.556,419.77,442.54,492.807,622.421,718.132,899.322,1048.37,1231.26,1472.02,,,,,,,,,,,,,,,
OECD ENV-Growth 2025,Historical Reference,1,Portugal,billion USD_2010/yr,GDP|PPP,ANNUAL,153.5988326,160.5335242,211.520525,230.1667782,268.0216729,279.8249655,288.2239238,276.3297575,282.5811818,336.7461899,,,,,,,,,,,,,,,
OECD ENV-Growth 2025,Historical Reference,1,Portugal,billion USD_2015/yr,GDP|PPP,ANNUAL,170.7720729,178.4821033,235.1697464,255.9007589,297.9880503,311.1110195,320.44903,307.2250269,314.1753967,374.3963669,,,,,,,,,,,,,,,
OECD ENV-Growth 2025,Historical Reference,1,Portugal,billion USD_2017/yr,GDP|PPP,ANNUAL,179.166,187.255,246.729,268.479,312.635,326.403,336.2,322.326,329.618,392.799,,,,,,,,,,,,,,,
OECD ENV-Growth 2025,Historical Reference,1,Puerto Rico,billion USD_2010/yr,GDP|PPP,ANNUAL,50.4630687,54.41396533,71.6354858,87.34154247,107.6476319,123.1698824,115.0298912,111.7617035,99.67081572,100.9583973,,,,,,,,,,,,,,,
OECD ENV-Growth 2025,Historical Reference,1,Puerto Rico,billion USD_2015/yr,GDP|PPP,ANNUAL,53.32870904,57.50396478,75.7034417,92.30139637,113.7606053,130.164316,121.5620801,118.1083022,105.3308106,106.6915099,,,,,,,,,,,,,,,
OECD ENV-Growth 2025,Historical Reference,1,Puerto Rico,billion USD_2017/yr,GDP|PPP,ANNUAL,53.8108,58.0238,76.3878,93.1358,114.789,131.341,122.661,119.176,106.283,107.656,,,,,,,,,,,,,,,
OECD ENV-Growth 2025,Historical Reference,1,Qatar,billion USD_2010/yr,GDP|PPP,ANNUAL,47.42391308,39.95191358,39.34097374,43.37287381,70.65821573,105.4578286,249.7087541,339.0241117,338.3466666,391.115787,,,,,,,,,,,,,,,
OECD ENV-Growth 2025,Historical Reference,1,Qatar,billion USD_2015/yr,GDP|PPP,ANNUAL,33.36933835,28.11174438,27.68186298,30.51886711,49.71791138,74.2042935,175.7049422,238.5507555,238.0740783,275.2045157,,,,,,,,,,,,,,,
OECD ENV-Growth 2025,Historical Reference,1,Qatar,billion USD_2017/yr,GDP|PPP,ANNUAL,34.442,29.0154,28.5717,31.4999,51.3161,76.5896,181.353,246.219,245.727,284.051,,,,,,,,,,,,,,,
OECD ENV-Growth 2025,Historical Reference,1,Romania,billion USD_2010/yr,GDP|PPP,ANNUAL,273.943574,319.8067109,291.9911111,260.0447005,232.3115639,305.6281427,351.3858627,403.1557446,475.8772282,569.9201226,,,,,,,,,,,,,,,
OECD ENV-Growth 2025,Historical Reference,1,Romania,billion USD_2015/yr,GDP|PPP,ANNUAL,291.1541453,339.8986449,310.3355233,276.3820718,246.9065941,324.8293047,373.4617646,428.4841019,505.7743302,605.7254923,,,,,,,,,,,,,,,
OECD ENV-Growth 2025,Historical Reference,1,Romania,billion USD_2017/yr,GDP|PPP,ANNUAL,322.235,376.183,343.464,305.886,273.264,359.505,413.329,474.225,559.766,670.387,,,,,,,,,,,,,,,
OECD ENV-Growth 2025,Historical Reference,1,Russian Federation,billion USD_2010/yr,GDP|PPP,ANNUAL,,,3057.051156,1898.991638,1934.354475,2603.689692,3136.168165,3418.804899,3567.005997,3816.856907,,,,,,,,,,,,,,,
OECD ENV-Growth 2025,Historical Reference,1,Russian Federation,billion USD_2015/yr,GDP|PPP,ANNUAL,,,3147.864062,1955.403174,1991.8165,2681.035021,3229.331325,3520.364079,3672.967646,3930.240638,,,,,,,,,,,,,,,
OECD ENV-Growth 2025,Historical Reference,1,Russian Federation,billion USD_2017/yr,GDP|PPP,ANNUAL,,,3333.44,2070.68,2109.24,2839.09,3419.71,3727.9,3889.5,4161.94,,,,,,,,,,,,,,,
OECD ENV-Growth 2025,Historical Reference,1,Rwanda,billion USD_2010/yr,GDP|PPP,ANNUAL,4.800415932,5.999416082,5.9932991,3.965631467,6.167727129,9.093167126,13.55578772,19.24422288,24.33206532,35.46783877,,,,,,,,,,,,,,,
OECD ENV-Growth 2025,Historical Reference,1,Rwanda,billion USD_2015/yr,GDP|PPP,ANNUAL,5.120320381,6.399223083,6.392698459,4.229905057,6.578750545,9.699144746,14.45915878,20.52667686,25.95357814,37.83145051,,,,,,,,,,,,,,,
OECD ENV-Growth 2025,Historical Reference,1,Rwanda,billion USD_2017/yr,GDP|PPP,ANNUAL,5.35997,6.69873,6.6919,4.42788,6.88666,10.1531,15.1359,21.4874,27.1683,39.6021,,,,,,,,,,,,,,,
OECD ENV-Growth 2025,Historical Reference,1,Saint Lucia,billion USD_2010/yr,GDP|PPP,ANNUAL,0.643989042,0.874744745,1.418195319,1.598011863,1.783154138,1.926213387,2.162725487,2.232704358,1.879708497,2.614491069,,,,,,,,,,,,,,,
OECD ENV-Growth 2025,Historical Reference,1,Saint Lucia,billion USD_2015/yr,GDP|PPP,ANNUAL,0.699955323,0.950764998,1.541444494,1.736888109,1.938120293,2.093612197,2.350678534,2.426738963,2.04306577,2.841705094,,,,,,,,,,,,,,,
OECD ENV-Growth 2025,Historical Reference,1,Saint Lucia,billion USD_2017/yr,GDP|PPP,ANNUAL,0.726731,0.987135,1.60041,1.80333,2.01226,2.1737,2.4406,2.51957,2.12122,2.95041,,,,,,,,,,,,,,,
OECD ENV-Growth 2025,Historical Reference,1,Saint Vincent and the Grenadines,billion USD_2010/yr,GDP|PPP,ANNUAL,0.433714161,0.523977125,0.68065966,0.815201115,0.927600575,1.113241694,1.16092848,1.242102354,1.313632533,1.617913096,,,,,,,,,,,,,,,
OECD ENV-Growth 2025,Historical Reference,1,Saint Vincent and the Grenadines,billion USD_2015/yr,GDP|PPP,ANNUAL,0.461981014,0.558126769,0.725020919,0.86833097,0.988055943,1.185796022,1.236590743,1.323055037,1.399247118,1.723358839,,,,,,,,,,,,,,,
OECD ENV-Growth 2025,Historical Reference,1,Saint Vincent and the Grenadines,billion USD_2017/yr,GDP|PPP,ANNUAL,0.473125,0.57159,0.74251,0.889277,1.01189,1.2144,1.26642,1.35497,1.433,1.76493,,,,,,,,,,,,,,,
OECD ENV-Growth 2025,Historical Reference,1,Samoa,billion USD_2010/yr,GDP|PPP,ANNUAL,0.442596335,0.432069582,0.463649842,0.542599155,0.619634512,0.812941308,0.88136476,0.922034077,1.015814313,1.033999563,,,,,,,,,,,,,,,
OECD ENV-Growth 2025,Historical Reference,1,Samoa,billion USD_2015/yr,GDP|PPP,ANNUAL,0.482112208,0.470645605,0.505045413,0.591043476,0.674956702,0.88552231,0.960054742,1.004355096,1.106508216,1.126317081,,,,,,,,,,,,,,,
OECD ENV-Growth 2025,Historical Reference,1,Samoa,billion USD_2017/yr,GDP|PPP,ANNUAL,0.496256,0.484453,0.519862,0.608383,0.694758,0.911501,0.98822,1.03382,1.13897,1.15936,,,,,,,,,,,,,,,
OECD ENV-Growth 2025,Historical Reference,1,Sao Tome and Principe,billion USD_2010/yr,GDP|PPP,ANNUAL,0.328089427,0.299552535,0.281783221,0.302782713,0.327550905,0.406881368,0.519773655,0.611129834,0.731201142,0.790968488,,,,,,,,,,,,,,,
OECD ENV-Growth 2025,Historical Reference,1,Sao Tome and Principe,billion USD_2015/yr,GDP|PPP,ANNUAL,0.338101095,0.308693398,0.290381852,0.312022145,0.33754614,0.419297376,0.535634578,0.629778496,0.753513787,0.815104937,,,,,,,,,,,,,,,
OECD ENV-Growth 2025,Historical Reference,1,Sao Tome and Principe,billion USD_2017/yr,GDP|PPP,ANNUAL,0.344221,0.314281,0.295638,0.31767,0.343656,0.426887,0.54533,0.641178,0.767153,0.829859,,,,,,,,,,,,,,,
OECD ENV-Growth 2025,Historical Reference,1,Saudi Arabia,billion USD_2010/yr,GDP|PPP,ANNUAL,689.1265535,545.8351894,646.1090841,744.1517702,838.5243219,1065.007727,1413.677476,1852.532329,1878.036849,2279.351471,,,,,,,,,,,,,,,
OECD ENV-Growth 2025,Historical Reference,1,Saudi Arabia,billion USD_2015/yr,GDP|PPP,ANNUAL,587.0920884,465.0169402,550.4439346,633.9700809,714.3695057,907.3189931,1204.363491,1578.239974,1599.968207,1941.862795,,,,,,,,,,,,,,,
OECD ENV-Growth 2025,Historical Reference,1,Saudi Arabia,billion USD_2017/yr,GDP|PPP,ANNUAL,591.463,468.479,554.542,638.69,719.688,914.074,1213.33,1589.99,1611.88,1956.32,,,,,,,,,,,,,,,
OECD ENV-Growth 2025,Historical Reference,1,Senegal,billion USD_2010/yr,GDP|PPP,ANNUAL,13.74238957,15.79653913,17.74132249,19.75430559,24.11757119,29.01609565,33.63698363,41.02057756,52.76411722,72.96252736,,,,,,,,,,,,,,,
OECD ENV-Growth 2025,Historical Reference,1,Senegal,billion USD_2015/yr,GDP|PPP,ANNUAL,14.51191969,16.68109509,18.73478014,20.86048389,25.46807849,30.64090475,35.52054776,43.31759948,55.71874001,77.0481969,,,,,,,,,,,,,,,
OECD ENV-Growth 2025,Historical Reference,1,Senegal,billion USD_2017/yr,GDP|PPP,ANNUAL,14.488,16.6536,18.7039,20.8261,25.4261,30.5904,35.462,43.2462,55.6269,76.9212,,,,,,,,,,,,,,,
OECD ENV-Growth 2025,Historical Reference,1,Serbia,billion USD_2010/yr,GDP|PPP,ANNUAL,,,,53.30967443,60.36976832,82.44032868,95.47860061,99.74421867,113.6981105,137.1869663,,,,,,,,,,,,,,,
OECD ENV-Growth 2025,Historical Reference,1,Serbia,billion USD_2015/yr,GDP|PPP,ANNUAL,,,,56.62734928,64.12682113,87.57092097,101.4206169,105.9517014,120.7739999,145.7246614,,,,,,,,,,,,,,,
OECD ENV-Growth 2025,Historical Reference,1,Serbia,billion USD_2017/yr,GDP|PPP,ANNUAL,,,,59.1133,66.942,91.4153,105.873,110.603,126.076,152.122,,,,,,,,,,,,,,,
OECD ENV-Growth 2025,Historical Reference,1,Seychelles,billion USD_2010/yr,GDP|PPP,ANNUAL,0.626843063,0.674718471,0.889924325,1.030972758,1.384639727,1.365046623,1.697710088,2.276678697,2.79392331,3.507013198,,,,,,,,,,,,,,,
OECD ENV-Growth 2025,Historical Reference,1,Seychelles,billion USD_2015/yr,GDP|PPP,ANNUAL,0.643670972,0.692831618,0.91381478,1.058649727,1.421811058,1.401691968,1.743285947,2.337797252,2.868927549,3.601160684,,,,,,,,,,,,,,,
OECD ENV-Growth 2025,Historical Reference,1,Seychelles,billion USD_2017/yr,GDP|PPP,ANNUAL,0.657777,0.708015,0.933841,1.08185,1.45297,1.43241,1.78149,2.38903,2.9318,3.68008,,,,,,,,,,,,,,,
OECD ENV-Growth 2025,Historical Reference,1,Sierra Leone,billion USD_2010/yr,GDP|PPP,ANNUAL,6.320245658,6.117759305,6.826050182,5.287326504,3.099330141,5.639257853,7.276651685,8.941614763,10.53454935,12.90923097,,,,,,,,,,,,,,,
OECD ENV-Growth 2025,Historical Reference,1,Sierra Leone,billion USD_2015/yr,GDP|PPP,ANNUAL,8.106939982,7.84721199,8.755732313,6.782020977,3.975491586,7.23344114,9.333716072,11.46935391,13.51260124,16.55859066,,,,,,,,,,,,,,,
OECD ENV-Growth 2025,Historical Reference,1,Sierra Leone,billion USD_2017/yr,GDP|PPP,ANNUAL,7.83576,7.58472,8.46285,6.55516,3.84251,6.99148,9.0215,11.0857,13.0606,16.0047,,,,,,,,,,,,,,,
OECD ENV-Growth 2025,Historical Reference,1,Singapore,billion USD_2010/yr,GDP|PPP,ANNUAL,52.11019193,72.5862902,109.7067841,165.6453027,217.4082541,275.837259,382.8886176,476.4795833,520.5135395,621.1679561,,,,,,,,,,,,,,,
OECD ENV-Growth 2025,Historical Reference,1,Singapore,billion USD_2015/yr,GDP|PPP,ANNUAL,52.6261847,73.30503638,110.7930957,167.2855151,219.5610209,278.5685871,386.6799635,481.1976627,525.6676411,627.3187332,,,,,,,,,,,,,,,
OECD ENV-Growth 2025,Historical Reference,1,Singapore,billion USD_2017/yr,GDP|PPP,ANNUAL,54.025,75.2535,113.738,171.732,225.397,285.973,396.958,493.988,539.64,643.993,,,,,,,,,,,,,,,
OECD ENV-Growth 2025,Historical Reference,1,Slovakia,billion USD_2010/yr,GDP|PPP,ANNUAL,,,,67.5109511,83.6704277,106.9247558,136.9535191,154.8425311,167.504582,188.1487992,,,,,,,,,,,,,,,
OECD ENV-Growth 2025,Historical Reference,1,Slovakia,billion USD_2015/yr,GDP|PPP,ANNUAL,,,,71.07170945,88.08349208,112.564333,144.1769158,163.0094555,176.3393462,198.0724101,,,,,,,,,,,,,,,
OECD ENV-Growth 2025,Historical Reference,1,Slovakia,billion USD_2017/yr,GDP|PPP,ANNUAL,,,,68.1185,84.4234,107.887,138.186,156.236,169.012,189.842,,,,,,,,,,,,,,,
OECD ENV-Growth 2025,Historical Reference,1,Slovenia,billion USD_2010/yr,GDP|PPP,ANNUAL,,,39.23951532,38.10999531,43.60424498,51.95541771,57.00238146,58.19147285,65.173672,76.55180485,,,,,,,,,,,,,,,
OECD ENV-Growth 2025,Historical Reference,1,Slovenia,billion USD_2015/yr,GDP|PPP,ANNUAL,,,44.00968153,42.74285099,48.90501116,58.2713973,63.93189706,65.26554079,73.09653356,85.85785334,,,,,,,,,,,,,,,
OECD ENV-Growth 2025,Historical Reference,1,Slovenia,billion USD_2017/yr,GDP|PPP,ANNUAL,,,47.031,45.6772,52.2624,62.2718,68.3209,69.7461,78.1147,91.7521,,,,,,,,,,,,,,,
OECD ENV-Growth 2025,Historical Reference,1,Solomon Islands,billion USD_2010/yr,GDP|PPP,ANNUAL,0.507702413,0.494240904,0.57693456,0.853093665,0.74219422,0.796169693,1.027841546,1.210152152,1.329895309,1.372332983,,,,,,,,,,,,,,,
OECD ENV-Growth 2025,Historical Reference,1,Solomon Islands,billion USD_2015/yr,GDP|PPP,ANNUAL,0.552643426,0.537990326,0.628003893,0.928608164,0.807892076,0.866645373,1.118824451,1.317272904,1.447615535,1.493809725,,,,,,,,,,,,,,,
OECD ENV-Growth 2025,Historical Reference,1,Solomon Islands,billion USD_2017/yr,GDP|PPP,ANNUAL,0.568744,0.553664,0.6463,0.955662,0.831429,0.891894,1.15142,1.35565,1.48979,1.53733,,,,,,,,,,,,,,,
OECD ENV-Growth 2025,Historical Reference,1,Somalia,billion USD_2017/yr,GDP|PPP,ANNUAL,,,,,,,,21.4251,24.0867,28.2333,,,,,,,,,,,,,,,
OECD ENV-Growth 2025,Historical Reference,1,South Africa,billion USD_2010/yr,GDP|PPP,ANNUAL,345.8613486,369.9338097,401.7854677,419.2090102,470.4754727,567.7884467,661.391984,735.788377,717.4023912,788.4155352,,,,,,,,,,,,,,,
OECD ENV-Growth 2025,Historical Reference,1,South Africa,billion USD_2015/yr,GDP|PPP,ANNUAL,356.725003,381.5535905,414.4057229,432.3765464,485.2533107,585.6229272,682.166592,758.8998079,739.9363103,813.1800079,,,,,,,,,,,,,,,
OECD ENV-Growth 2025,Historical Reference,1,South Africa,billion USD_2017/yr,GDP|PPP,ANNUAL,364.748,390.135,423.726,442.101,496.167,598.794,697.509,775.968,756.578,831.469,,,,,,,,,,,,,,,
OECD ENV-Growth 2025,Historical Reference,1,South Korea,billion USD_2010/yr,GDP|PPP,ANNUAL,197.5201449,310.1967407,512.8767582,772.3882696,996.0528763,1273.386802,1572.672331,1827.768608,2027.85208,2297.610442,,,,,,,,,,,,,,,
OECD ENV-Growth 2025,Historical Reference,1,South Korea,billion USD_2015/yr,GDP|PPP,ANNUAL,208.9551229,328.154873,542.5685875,817.1039256,1053.717084,1347.106624,1663.718606,1933.5831,2145.249948,2430.625354,,,,,,,,,,,,,,,
OECD ENV-Growth 2025,Historical Reference,1,South Korea,billion USD_2017/yr,GDP|PPP,ANNUAL,214.062,336.175,555.829,837.074,1079.47,1380.03,1704.38,1980.84,2197.68,2490.03,,,,,,,,,,,,,,,
OECD ENV-Growth 2025,Historical Reference,1,South Sudan,billion USD_2010/yr,GDP|PPP,ANNUAL,,,,,,,,241.9283255,182.3512654,219.3635388,,,,,,,,,,,,,,,
OECD ENV-Growth 2025,Historical Reference,1,South Sudan,billion USD_2015/yr,GDP|PPP,ANNUAL,,,,,,,,16.75383932,12.62805335,15.1911996,,,,,,,,,,,,,,,
OECD ENV-Growth 2025,Historical Reference,1,South Sudan,billion USD_2017/yr,GDP|PPP,ANNUAL,,,,,,,,7.06922,5.32836,6.40987,,,,,,,,,,,,,,,
OECD ENV-Growth 2025,Historical Reference,1,Spain,billion USD_2010/yr,GDP|PPP,ANNUAL,728.8242709,781.0693671,973.2434056,1048.790042,1197.013919,1406.853425,1475.617079,1474.411593,1449.656677,1728.124008,,,,,,,,,,,,,,,
OECD ENV-Growth 2025,Historical Reference,1,Spain,billion USD_2015/yr,GDP|PPP,ANNUAL,801.6977694,859.1667352,1070.555823,1153.656198,1316.700646,1547.521532,1623.160709,1621.834689,1594.604586,1900.915238,,,,,,,,,,,,,,,
OECD ENV-Growth 2025,Historical Reference,1,Spain,billion USD_2017/yr,GDP|PPP,ANNUAL,858.517,920.059,1146.43,1235.42,1410.02,1657.2,1738.2,1736.78,1707.62,2035.64,,,,,,,,,,,,,,,
OECD ENV-Growth 2025,Historical Reference,1,Sri Lanka,billion USD_2010/yr,GDP|PPP,ANNUAL,38.49986599,49.39256185,58.26127584,77.01303109,104.5130894,126.1538083,171.8856983,234.0455924,254.8569136,245.723655,,,,,,,,,,,,,,,
OECD ENV-Growth 2025,Historical Reference,1,Sri Lanka,billion USD_2015/yr,GDP|PPP,ANNUAL,42.11168263,54.02626309,63.72698436,84.23791201,114.3178538,137.9887696,188.0109395,256.0022861,278.7659953,268.7759115,,,,,,,,,,,,,,,
OECD ENV-Growth 2025,Historical Reference,1,Sri Lanka,billion USD_2017/yr,GDP|PPP,ANNUAL,42.8448,54.9668,64.8364,85.7044,116.308,140.391,191.284,260.459,283.619,273.455,,,,,,,,,,,,,,,
OECD ENV-Growth 2025,Historical Reference,1,Sudan,billion USD_2010/yr,GDP|PPP,ANNUAL,45.94552657,46.98242845,58.64579031,76.70219092,104.912821,145.4806299,171.8543361,154.5344044,149.6855032,128.7257093,,,,,,,,,,,,,,,
OECD ENV-Growth 2025,Historical Reference,1,Sudan,billion USD_2015/yr,GDP|PPP,ANNUAL,50.72360912,51.8683431,64.74463058,84.67879772,115.8231785,160.6098168,189.7262437,170.6051341,165.2519738,142.1124765,,,,,,,,,,,,,,,
OECD ENV-Growth 2025,Historical Reference,1,Sudan,billion USD_2017/yr,GDP|PPP,ANNUAL,54.0764,55.2968,69.0242,90.276,123.479,171.226,202.267,181.882,176.175,151.506,,,,,,,,,,,,,,,
OECD ENV-Growth 2025,Historical Reference,1,Suriname,billion USD_2010/yr,GDP|PPP,ANNUAL,4.978193997,4.335797705,4.309212126,3.907063855,4.703291561,6.119595376,7.675486955,8.315981527,7.165564303,7.626111536,,,,,,,,,,,,,,,
OECD ENV-Growth 2025,Historical Reference,1,Suriname,billion USD_2015/yr,GDP|PPP,ANNUAL,5.76058166,5.017224471,4.986460623,4.521109543,5.442474746,7.081369049,8.881789141,9.622945731,8.29172554,8.824653736,,,,,,,,,,,,,,,
OECD ENV-Growth 2025,Historical Reference,1,Suriname,billion USD_2017/yr,GDP|PPP,ANNUAL,6.4658,5.63144,5.59691,5.07459,6.10875,7.94828,9.96911,10.801,9.30681,9.90498,,,,,,,,,,,,,,,
OECD ENV-Growth 2025,Historical Reference,1,Sweden,billion USD_2010/yr,GDP|PPP,ANNUAL,215.4236789,237.740891,267.6598152,276.8702616,318.5258755,361.7840364,395.2465958,440.9850362,469.4242783,527.2945207,,,,,,,,,,,,,,,
OECD ENV-Growth 2025,Historical Reference,1,Sweden,billion USD_2015/yr,GDP|PPP,ANNUAL,235.0009808,259.3463395,291.9842397,302.0317143,347.4729126,394.6622945,431.1658688,481.0609334,512.0846807,575.2140627,,,,,,,,,,,,,,,
OECD ENV-Growth 2025,Historical Reference,1,Sweden,billion USD_2017/yr,GDP|PPP,ANNUAL,243.714,268.962,302.81,313.23,360.356,409.295,447.152,498.897,531.071,596.541,,,,,,,,,,,,,,,
OECD ENV-Growth 2025,Historical Reference,1,Switzerland,billion USD_2010/yr,GDP|PPP,ANNUAL,260.3243944,280.7078725,324.7082887,326.7671584,354.7579434,379.624552,425.4802868,464.453657,489.0124363,545.7690022,,,,,,,,,,,,,,,
OECD ENV-Growth 2025,Historical Reference,1,Switzerland,billion USD_2015/yr,GDP|PPP,ANNUAL,302.8846397,326.6005978,377.7946098,380.1900827,412.7570607,441.689093,495.0417484,540.3868465,568.9607226,634.9963781,,,,,,,,,,,,,,,
OECD ENV-Growth 2025,Historical Reference,1,Switzerland,billion USD_2017/yr,GDP|PPP,ANNUAL,312.055,336.489,389.233,391.701,425.254,455.062,510.03,556.748,586.187,654.222,,,,,,,,,,,,,,,
OECD ENV-Growth 2025,Historical Reference,1,Syria,billion USD_2010/yr,GDP|PPP,ANNUAL,53.33862419,78.10910742,102.6890029,173.6916693,201.0153514,275.3256734,384.4374262,184.4739724,169.1034673,182.6986308,,,,,,,,,,,,,,,
OECD ENV-Growth 2025,Historical Reference,1,Syria,billion USD_2015/yr,GDP|PPP,ANNUAL,11.27613453,16.51277693,21.70912784,36.7195566,42.49596196,58.20565077,81.27259,38.99900608,35.74958063,38.62368725,,,,,,,,,,,,,,,
OECD ENV-Growth 2025,Historical Reference,1,Syria,billion USD_2017/yr,GDP|PPP,ANNUAL,18.9188,27.7047,36.423,61.6071,71.2986,97.6559,136.357,65.4315,59.9797,64.8018,,,,,,,,,,,,,,,
OECD ENV-Growth 2025,Historical Reference,1,Taiwan,billion USD_2010/yr,GDP|PPP,ANNUAL,140.1441889,197.8171158,308.2937128,442.5290233,589.19904,719.8435342,889.4771485,1026.476885,1186.60891,1380.545214,,,,,,,,,,,,,,,
OECD ENV-Growth 2025,Historical Reference,1,Taiwan,billion USD_2015/yr,GDP|PPP,ANNUAL,150.4563831,212.3730423,330.9788106,475.0915238,632.553923,772.8115978,954.9273191,1102.007873,1273.922851,1482.129521,,,,,,,,,,,,,,,
OECD ENV-Growth 2025,Historical Reference,1,Taiwan,billion USD_2017/yr,GDP|PPP,ANNUAL,147.879,208.735,325.309,466.953,621.718,759.573,938.569,1083.13,1252.1,1456.74,,,,,,,,,,,,,,,
OECD ENV-Growth 2025,Historical Reference,1,Tajikistan,billion USD_2010/yr,GDP|PPP,ANNUAL,,,21.03528703,7.080248796,8.169517094,12.74443421,17.53725364,24.50860965,33.87632674,46.72962455,,,,,,,,,,,,,,,
OECD ENV-Growth 2025,Historical Reference,1,Tajikistan,billion USD_2015/yr,GDP|PPP,ANNUAL,,,21.70894206,7.306993752,8.431145865,13.1525747,18.09888415,25.29349784,34.96121605,48.22614069,,,,,,,,,,,,,,,
OECD ENV-Growth 2025,Historical Reference,1,Tajikistan,billion USD_2017/yr,GDP|PPP,ANNUAL,,,21.622,7.27773,8.39738,13.0999,18.0264,25.1922,34.8212,48.033,,,,,,,,,,,,,,,
OECD ENV-Growth 2025,Historical Reference,1,Tanzania,billion USD_2010/yr,GDP|PPP,ANNUAL,23.81340735,26.66475816,34.91858091,38.16687898,47.12951386,66.24811866,88.98402353,122.1467283,167.1739073,217.7309221,,,,,,,,,,,,,,,
OECD ENV-Growth 2025,Historical Reference,1,Tanzania,billion USD_2015/yr,GDP|PPP,ANNUAL,22.88368556,25.62371409,33.55529153,36.67676971,45.28948588,63.66166312,85.509914,117.3778822,160.6471125,209.2302829,,,,,,,,,,,,,,,
OECD ENV-Growth 2025,Historical Reference,1,Tanzania,billion USD_2017/yr,GDP|PPP,ANNUAL,22.9227,25.6674,33.6125,36.7393,45.3667,63.7702,85.6557,117.578,160.921,209.587,,,,,,,,,,,,,,,
OECD ENV-Growth 2025,Historical Reference,1,Thailand,billion USD_2010/yr,GDP|PPP,ANNUAL,169.9784201,221.6124333,363.3967665,546.0272842,566.0099727,737.7408421,886.8062724,1025.659469,1104.88631,1257.373233,,,,,,,,,,,,,,,
OECD ENV-Growth 2025,Historical Reference,1,Thailand,billion USD_2015/yr,GDP|PPP,ANNUAL,180.1832119,234.9171148,385.2135851,578.8084735,599.9908388,782.0317097,940.0464036,1087.235764,1171.219053,1332.860651,,,,,,,,,,,,,,,
OECD ENV-Growth 2025,Historical Reference,1,Thailand,billion USD_2017/yr,GDP|PPP,ANNUAL,185.454,241.789,396.482,595.74,617.542,804.908,967.545,1119.04,1205.48,1371.85,,,,,,,,,,,,,,,
OECD ENV-Growth 2025,Historical Reference,1,Timor-Leste,billion USD_2010/yr,GDP|PPP,ANNUAL,,,,,1.362675427,1.495183255,2.120085054,2.607568351,2.430897946,2.802240097,,,,,,,,,,,,,,,
OECD ENV-Growth 2025,Historical Reference,1,Timor-Leste,billion USD_2015/yr,GDP|PPP,ANNUAL,,,,,1.818676269,1.995526043,2.829542751,3.480155718,3.244364959,3.739971722,,,,,,,,,,,,,,,
OECD ENV-Growth 2025,Historical Reference,1,Timor-Leste,billion USD_2017/yr,GDP|PPP,ANNUAL,,,,,2.03402,2.23181,3.16458,3.89223,3.62852,4.18281,,,,,,,,,,,,,,,
OECD ENV-Growth 2025,Historical Reference,1,Togo,billion USD_2010/yr,GDP|PPP,ANNUAL,6.313598023,6.115579633,7.475957487,8.208550424,8.129259182,8.572691231,10.3471705,13.72307143,16.92164246,22.17891806,,,,,,,,,,,,,,,
OECD ENV-Growth 2025,Historical Reference,1,Togo,billion USD_2015/yr,GDP|PPP,ANNUAL,6.481073956,6.277802886,7.674266431,8.426292294,8.344897755,8.800092384,10.62164189,14.08709273,17.37050979,22.76724107,,,,,,,,,,,,,,,
OECD ENV-Growth 2025,Historical Reference,1,Togo,billion USD_2017/yr,GDP|PPP,ANNUAL,6.47275,6.26974,7.66441,8.41547,8.33418,8.78879,10.608,14.069,17.3482,22.738,,,,,,,,,,,,,,,
OECD ENV-Growth 2025,Historical Reference,1,Tonga,billion USD_2010/yr,GDP|PPP,ANNUAL,0.151814336,0.314399495,0.354917709,0.398000108,0.429799382,0.445186272,0.425183315,0.473907276,0.529299186,0.543147387,,,,,,,,,,,,,,,
OECD ENV-Growth 2025,Historical Reference,1,Tonga,billion USD_2015/yr,GDP|PPP,ANNUAL,0.165216868,0.342155432,0.386250691,0.433136507,0.467743097,0.484488378,0.462719513,0.515744941,0.576026981,0.591097734,,,,,,,,,,,,,,,
OECD ENV-Growth 2025,Historical Reference,1,Tonga,billion USD_2017/yr,GDP|PPP,ANNUAL,0.170098,0.352264,0.397662,0.445933,0.481562,0.498802,0.47639,0.530982,0.593045,0.608561,,,,,,,,,,,,,,,
OECD ENV-Growth 2025,Historical Reference,1,Trinidad and Tobago,billion USD_2010/yr,GDP|PPP,ANNUAL,17.21851864,15.15056772,13.52668204,16.39855885,23.58674565,33.92076631,41.06839048,46.07054875,36.78595346,39.67397037,,,,,,,,,,,,,,,
OECD ENV-Growth 2025,Historical Reference,1,Trinidad and Tobago,billion USD_2015/yr,GDP|PPP,ANNUAL,14.89696362,13.10783238,11.70289352,14.18755816,20.40656918,29.34726455,35.53118196,39.85890442,31.82614149,34.32477007,,,,,,,,,,,,,,,
OECD ENV-Growth 2025,Historical Reference,1,Trinidad and Tobago,billion USD_2017/yr,GDP|PPP,ANNUAL,16.2156,14.2681,12.7388,15.4434,22.2129,31.945,38.6763,43.3871,34.6433,37.3631,,,,,,,,,,,,,,,
OECD ENV-Growth 2025,Historical Reference,1,Tunisia,billion USD_2010/yr,GDP|PPP,ANNUAL,30.92761303,37.98184957,44.82555322,54.1868087,71.234614,87.39794889,108.7920035,117.5572106,114.6890684,125.9499433,,,,,,,,,,,,,,,
OECD ENV-Growth 2025,Historical Reference,1,Tunisia,billion USD_2015/yr,GDP|PPP,ANNUAL,33.58270428,41.24253691,48.6737627,58.83866856,77.3500035,94.90093752,118.1316411,127.6493287,124.5349605,136.7625654,,,,,,,,,,,,,,,
OECD ENV-Growth 2025,Historical Reference,1,Tunisia,billion USD_2017/yr,GDP|PPP,ANNUAL,34.6247,42.5222,50.184,60.6643,79.75,97.8455,121.797,131.61,128.399,141.006,,,,,,,,,,,,,,,
OECD ENV-Growth 2025,Historical Reference,1,Turkey,billion USD_2010/yr,GDP|PPP,ANNUAL,360.6863638,457.3383837,599.3516546,701.9664749,854.5311348,1085.084284,1268.233696,1784.767413,2097.157546,2735.189452,,,,,,,,,,,,,,,
OECD ENV-Growth 2025,Historical Reference,1,Turkey,billion USD_2015/yr,GDP|PPP,ANNUAL,408.5562143,518.0357714,678.8968689,795.1306019,967.9434558,1229.095336,1436.552112,2021.639549,2375.489715,3098.200432,,,,,,,,,,,,,,,
OECD ENV-Growth 2025,Historical Reference,1,Turkey,billion USD_2017/yr,GDP|PPP,ANNUAL,411.812,522.164,684.307,801.467,975.657,1238.89,1448,2037.75,2394.42,3122.89,,,,,,,,,,,,,,,
OECD ENV-Growth 2025,Historical Reference,1,Turkmenistan,billion USD_2010/yr,GDP|PPP,ANNUAL,,,26.89129385,16.99543463,20.73252231,43.86799343,76.50122903,97.65797389,95.78760717,108.6370234,,,,,,,,,,,,,,,
OECD ENV-Growth 2025,Historical Reference,1,Turkmenistan,billion USD_2015/yr,GDP|PPP,ANNUAL,,,25.81363038,16.31434583,19.90167043,42.10999195,73.43545685,93.74434919,91.94893707,104.2834154,,,,,,,,,,,,,,,
OECD ENV-Growth 2025,Historical Reference,1,Turkmenistan,billion USD_2017/yr,GDP|PPP,ANNUAL,,,26.5539,16.7822,20.4724,43.3176,75.5414,96.4327,94.5858,107.274,,,,,,,,,,,,,,,
OECD ENV-Growth 2025,Historical Reference,1,Uganda,billion USD_2010/yr,GDP|PPP,ANNUAL,13.47304711,14.94419435,19.25293996,26.01716029,34.53363296,49.68515093,73.724922,96.43375359,115.8208103,154.8468381,,,,,,,,,,,,,,,
OECD ENV-Growth 2025,Historical Reference,1,Uganda,billion USD_2015/yr,GDP|PPP,ANNUAL,11.9831202,13.29157954,17.12383932,23.14003333,30.71470555,44.19068167,65.57199682,85.76955543,103.0126801,137.7229857,,,,,,,,,,,,,,,
OECD ENV-Growth 2025,Historical Reference,1,Uganda,billion USD_2017/yr,GDP|PPP,ANNUAL,11.7234,13.0035,16.7527,22.6385,30.049,43.2329,64.1508,83.9106,100.78,134.738,,,,,,,,,,,,,,,
OECD ENV-Growth 2025,Historical Reference,1,Ukraine,billion USD_2010/yr,GDP|PPP,ANNUAL,,,597.3668128,274.858372,248.7822554,359.7422175,378.3023471,337.0078632,363.1603589,298.6921655,,,,,,,,,,,,,,,
OECD ENV-Growth 2025,Historical Reference,1,Ukraine,billion USD_2015/yr,GDP|PPP,ANNUAL,,,771.9309185,355.1782105,321.4820623,464.8670372,488.8508568,435.4891899,469.2840369,385.9767779,,,,,,,,,,,,,,,
OECD ENV-Growth 2025,Historical Reference,1,Ukraine,billion USD_2017/yr,GDP|PPP,ANNUAL,,,852.497,392.248,355.035,513.385,539.872,480.941,518.263,426.261,,,,,,,,,,,,,,,
OECD ENV-Growth 2025,Historical Reference,1,United Arab Emirates,billion USD_2010/yr,GDP|PPP,ANNUAL,203.3601967,196.6937088,232.8483348,281.8883125,379.4859351,492.6857724,574.8427557,726.5322851,752.1701375,948.1182049,,,,,,,,,,,,,,,
OECD ENV-Growth 2025,Historical Reference,1,United Arab Emirates,billion USD_2015/yr,GDP|PPP,ANNUAL,173.9776543,168.2743754,199.2051924,241.1596183,324.655827,421.4999612,491.7864748,621.5591096,643.4926712,811.1291395,,,,,,,,,,,,,,,
OECD ENV-Growth 2025,Historical Reference,1,United Arab Emirates,billion USD_2017/yr,GDP|PPP,ANNUAL,169.912,164.342,194.55,235.524,317.069,411.65,480.294,607.034,628.455,792.174,,,,,,,,,,,,,,,
OECD ENV-Growth 2025,Historical Reference,1,United Kingdom,billion USD_2010/yr,GDP|PPP,ANNUAL,1225.052731,1374.916316,1621.712648,1735.408854,1976.776605,2240.423253,2290.444372,2525.219654,2441.028873,2833.979984,,,,,,,,,,,,,,,
OECD ENV-Growth 2025,Historical Reference,1,United Kingdom,billion USD_2015/yr,GDP|PPP,ANNUAL,1342.440577,1506.664494,1777.109514,1901.700396,2166.196654,2455.106633,2509.92091,2767.192991,2674.934823,3105.539566,,,,,,,,,,,,,,,
OECD ENV-Growth 2025,Historical Reference,1,United Kingdom,billion USD_2017/yr,GDP|PPP,ANNUAL,1410.42,1582.96,1867.1,1998,2275.89,2579.43,2637.02,2907.32,2810.39,3262.8,,,,,,,,,,,,,,,
OECD ENV-Growth 2025,Historical Reference,1,United States,billion USD_2010/yr,GDP|PPP,ANNUAL,6684.182421,7862.806053,9261.036804,10511.6707,12634.33336,14330.07928,15048.74785,16850.16978,18135.93938,20683.63651,,,,,,,,,,,,,,,
OECD ENV-Growth 2025,Historical Reference,1,United States,billion USD_2015/yr,GDP|PPP,ANNUAL,7257.206732,8536.87189,10054.97074,11412.81949,13717.45463,15558.57414,16338.85303,18294.70799,19690.70457,22456.81172,,,,,,,,,,,,,,,
OECD ENV-Growth 2025,Historical Reference,1,United States,billion USD_2017/yr,GDP|PPP,ANNUAL,7457.37,8772.33,10332.3,11727.6,14095.8,15987.7,16789.5,18799.3,20233.8,23076.2,,,,,,,,,,,,,,,
OECD ENV-Growth 2025,Historical Reference,1,United States Virgin Islands,billion USD_2017/yr,GDP|PPP,ANNUAL,,,,,,,,,3.10298,3.24045,,,,,,,,,,,,,,,
OECD ENV-Growth 2025,Historical Reference,1,Uruguay,billion USD_2010/yr,GDP|PPP,ANNUAL,33.7814097,29.02304462,33.67425076,40.84439766,45.72657413,46.14570766,61.64141759,72.77324658,71.21186835,84.40568377,,,,,,,,,,,,,,,
OECD ENV-Growth 2025,Historical Reference,1,Uruguay,billion USD_2015/yr,GDP|PPP,ANNUAL,34.93433151,30.01356874,34.82351536,42.23837137,47.28717107,47.72060916,63.74517037,75.25691626,73.64224993,87.28635555,,,,,,,,,,,,,,,
OECD ENV-Growth 2025,Historical Reference,1,Uruguay,billion USD_2017/yr,GDP|PPP,ANNUAL,35.9065,30.8488,35.7926,43.4138,48.6031,49.0486,65.5191,77.3512,75.6916,89.7154,,,,,,,,,,,,,,,
OECD ENV-Growth 2025,Historical Reference,1,Uzbekistan,billion USD_2010/yr,GDP|PPP,ANNUAL,,,82.40773738,67.09393484,81.05612655,105.1822859,156.236318,221.2176501,279.9968762,373.0682168,,,,,,,,,,,,,,,
OECD ENV-Growth 2025,Historical Reference,1,Uzbekistan,billion USD_2015/yr,GDP|PPP,ANNUAL,,,77.88719234,63.41344119,76.60972525,99.41242406,147.6658447,209.0825718,264.6374145,352.6032492,,,,,,,,,,,,,,,
OECD ENV-Growth 2025,Historical Reference,1,Uzbekistan,billion USD_2017/yr,GDP|PPP,ANNUAL,,,74.6334,60.7643,73.4093,95.2594,141.497,200.348,253.582,337.873,,,,,,,,,,,,,,,
OECD ENV-Growth 2025,Historical Reference,1,Vanuatu,billion USD_2010/yr,GDP|PPP,ANNUAL,0.246982078,0.299713774,0.323983581,0.380486098,0.439213622,0.459352929,0.564713683,0.611828864,0.68732293,0.759414779,,,,,,,,,,,,,,,
OECD ENV-Growth 2025,Historical Reference,1,Vanuatu,billion USD_2015/yr,GDP|PPP,ANNUAL,0.268876403,0.326282627,0.35270389,0.414215209,0.478148776,0.500073382,0.614774094,0.666065914,0.748252335,0.82673494,,,,,,,,,,,,,,,
OECD ENV-Growth 2025,Historical Reference,1,Vanuatu,billion USD_2017/yr,GDP|PPP,ANNUAL,0.27673,0.335813,0.363006,0.426314,0.492115,0.51468,0.632731,0.685521,0.770108,0.850883,,,,,,,,,,,,,,,
OECD ENV-Growth 2025,Historical Reference,1,Venezuela,billion USD_2017/yr,GDP|PPP,ANNUAL,,,,,,,533.498,382.431,133.488,173.751,,,,,,,,,,,,,,,
OECD ENV-Growth 2025,Historical Reference,1,Viet Nam,billion USD_2010/yr,GDP|PPP,ANNUAL,66.37340544,93.11527883,117.4621846,174.0707436,243.5849868,346.9438328,471.2475644,635.847036,860.9983754,1129.95488,,,,,,,,,,,,,,,
OECD ENV-Growth 2025,Historical Reference,1,Viet Nam,billion USD_2015/yr,GDP|PPP,ANNUAL,73.09691852,102.5476982,129.3609041,191.7038138,268.2597316,382.0886529,518.9841411,700.2572592,948.2160463,1244.417388,,,,,,,,,,,,,,,
OECD ENV-Growth 2025,Historical Reference,1,Viet Nam,billion USD_2017/yr,GDP|PPP,ANNUAL,77.8644,109.236,137.798,204.207,285.756,407.009,552.833,745.929,1010.06,1325.58,,,,,,,,,,,,,,,
OECD ENV-Growth 2025,Historical Reference,1,Western Sahara,billion USD_2017/yr,GDP|PPP,ANNUAL,,,,,,,,,0.982153,1.14956,,,,,,,,,,,,,,,
OECD ENV-Growth 2025,Historical Reference,1,Yemen,billion USD_2010/yr,GDP|PPP,ANNUAL,,,36.56925457,49.33169873,63.44918961,77.96997697,96.38390366,64.89598238,52.54878558,57.34164284,,,,,,,,,,,,,,,
OECD ENV-Growth 2025,Historical Reference,1,Yemen,billion USD_2015/yr,GDP|PPP,ANNUAL,,,38.65051801,52.13931026,67.06026892,82.40747684,101.8693941,68.58940291,55.53949095,60.60512377,,,,,,,,,,,,,,,
OECD ENV-Growth 2025,Historical Reference,1,Yemen,billion USD_2017/yr,GDP|PPP,ANNUAL,,,39.7795,53.6623,69.0191,84.8146,104.845,70.5929,57.1618,62.3754,,,,,,,,,,,,,,,
OECD ENV-Growth 2025,Historical Reference,1,Zambia,billion USD_2010/yr,GDP|PPP,ANNUAL,17.77338998,18.09837214,19.55153279,17.66614791,21.09911531,28.50482165,43.26902341,55.63696508,61.31214654,75.80539417,,,,,,,,,,,,,,,
OECD ENV-Growth 2025,Historical Reference,1,Zambia,billion USD_2015/yr,GDP|PPP,ANNUAL,17.40561661,17.72387411,19.14696544,17.30059362,20.66252482,27.91498963,42.37368521,54.48570499,60.04345356,74.2368017,,,,,,,,,,,,,,,
OECD ENV-Growth 2025,Historical Reference,1,Zambia,billion USD_2017/yr,GDP|PPP,ANNUAL,17.4681,17.7875,19.2157,17.3627,20.7367,28.0152,42.5258,54.6813,60.259,74.5033,,,,,,,,,,,,,,,
OECD ENV-Growth 2025,Historical Reference,1,Zimbabwe,billion USD_2010/yr,GDP|PPP,ANNUAL,,,28.60307007,30.36365472,34.74253133,23.20640447,23.25345656,32.9272617,31.65131358,40.71155947,,,,,,,,,,,,,,,
OECD ENV-Growth 2025,Historical Reference,1,Zimbabwe,billion USD_2015/yr,GDP|PPP,ANNUAL,,,32.19160503,34.17307225,39.10132178,26.11787494,26.17083017,37.05830881,35.62228051,45.81922289,,,,,,,,,,,,,,,
OECD ENV-Growth 2025,Historical Reference,1,Zimbabwe,billion USD_2017/yr,GDP|PPP,ANNUAL,,,27.3556,29.0394,33.2273,22.1943,22.2393,31.4912,30.2709,38.936,,,,,,,,,,,,,,,
OECD ENV-Growth 2025,SSP1,1,Albania,billion USD_2010/yr,GDP|PPP,ANNUAL,,,,,,,,,,43.10539394,51.2603277,60.4025157,69.98628877,78.85021286,85.77529426,91.15703497,95.58612786,99.7998134,103.9481705,107.4079303,110.1490771,112.1724937,113.5585163,114.3089108,114.6037717
OECD ENV-Growth 2025,SSP1,1,Albania,billion USD_2015/yr,GDP|PPP,ANNUAL,,,,,,,,,,46.77538526,55.62462971,65.5451832,75.94491828,85.56351647,93.07819898,98.91814086,103.7243265,108.2967651,112.7983131,116.5526367,119.5271646,121.7228548,123.2268834,124.0411664,124.3611317
OECD ENV-Growth 2025,SSP1,1,Albania,billion USD_2017/yr,GDP|PPP,ANNUAL,,,,,,,,,,48.8271,58.0645,68.4202,79.2761,89.3166,97.1609,103.257,108.274,113.047,117.746,121.665,124.77,127.062,128.632,129.482,129.816
OECD ENV-Growth 2025,SSP1,1,Algeria,billion USD_2010/yr,GDP|PPP,ANNUAL,,,,,,,,,,659.7363499,723.6118483,814.6193452,929.4704081,1085.010361,1277.364246,1507.67597,1782.61469,2103.552608,2455.140469,2832.727348,3234.042431,3661.696549,4120.717069,4612.281901,5128.327828
OECD ENV-Growth 2025,SSP1,1,Algeria,billion USD_2015/yr,GDP|PPP,ANNUAL,,,,,,,,,,567.6783715,622.6408408,700.9493767,799.7744063,933.6106992,1099.123999,1297.298595,1533.873045,1810.02808,2112.55624,2437.455581,2782.77215,3150.75247,3545.722402,3968.695493,4412.733647
OECD ENV-Growth 2025,SSP1,1,Algeria,billion USD_2017/yr,GDP|PPP,ANNUAL,,,,,,,,,,543.288,595.889,670.833,765.412,893.498,1051.9,1241.56,1467.97,1732.26,2021.79,2332.73,2663.21,3015.38,3393.38,3798.18,4223.14
OECD ENV-Growth 2025,SSP1,1,Angola,billion USD_2010/yr,GDP|PPP,ANNUAL,,,,,,,,,,194.6208842,233.7024468,287.4502035,358.2558009,456.3510288,584.395844,745.3536595,944.5718199,1185.596648,1468.085257,1791.943351,2152.979119,2547.275063,2971.582313,3419.626013,3882.928247
OECD ENV-Growth 2025,SSP1,1,Angola,billion USD_2015/yr,GDP|PPP,ANNUAL,,,,,,,,,,207.4632321,249.1236496,306.4180318,381.8958416,486.4640287,622.9580711,794.536927,1006.900793,1263.830003,1564.959041,1910.187392,2295.046642,2715.360788,3167.666583,3645.275111,4139.149031
OECD ENV-Growth 2025,SSP1,1,Angola,billion USD_2017/yr,GDP|PPP,ANNUAL,,,,,,,,,,227.037,272.628,335.328,417.927,532.361,681.733,869.5,1101.9,1383.07,1712.61,2090.41,2511.58,2971.55,3466.53,3989.2,4529.67
OECD ENV-Growth 2025,SSP1,1,Antigua and Barbuda,billion USD_2010/yr,GDP|PPP,ANNUAL,,,,,,,,,,2.641210297,3.048169519,3.551844813,4.153221114,4.85529851,5.604471641,6.392396863,7.235252014,8.136150392,9.0487661,9.956660912,10.82931317,11.65155262,12.40882033,13.0857083,13.66387636
OECD ENV-Growth 2025,SSP1,1,Antigua and Barbuda,billion USD_2015/yr,GDP|PPP,ANNUAL,,,,,,,,,,2.372306384,2.737832735,3.19022841,3.730378067,4.360976355,5.033875519,5.74158139,6.498624726,7.307801859,8.127503368,8.942964622,9.726771397,10.46529793,11.14546756,11.75344098,12.27274525
OECD ENV-Growth 2025,SSP1,1,Antigua and Barbuda,billion USD_2017/yr,GDP|PPP,ANNUAL,,,,,,,,,,2.333,2.69247,3.13737,3.66857,4.28872,4.95047,5.64645,6.39095,7.18672,7.99284,8.79479,9.56561,10.2919,10.9608,11.5587,12.0694
OECD ENV-Growth 2025,SSP1,1,Argentina,billion USD_2010/yr,GDP|PPP,ANNUAL,,,,,,,,,,787.8266549,892.9557109,1005.779946,1143.548237,1306.83657,1486.083569,1678.163547,1880.112094,2091.261065,2305.712359,2515.310006,2715.016045,2902.442052,3074.769533,3227.021965,3352.732938
OECD ENV-Growth 2025,SSP1,1,Argentina,billion USD_2015/yr,GDP|PPP,ANNUAL,,,,,,,,,,861.737401,976.7292446,1100.138199,1250.83136,1429.438751,1625.501987,1835.60214,2056.496692,2287.454815,2522.025071,2751.286332,2969.727993,3174.737559,3363.232115,3529.76826,3667.272935
OECD ENV-Growth 2025,SSP1,1,Argentina,billion USD_2017/yr,GDP|PPP,ANNUAL,,,,,,,,,,1025.84,1162.73,1309.64,1489.03,1701.65,1935.05,2185.16,2448.12,2723.06,3002.3,3275.22,3535.26,3779.31,4003.7,4201.95,4365.64
OECD ENV-Growth 2025,SSP1,1,Armenia,billion USD_2010/yr,GDP|PPP,ANNUAL,,,,,,,,,,42.43829227,53.12107277,65.19629169,76.90260022,87.0541109,95.28539363,102.4361687,109.4914383,117.0525635,124.309366,130.203191,135.4527584,140.3429659,145.2097017,150.3419105,155.8982287
OECD ENV-Growth 2025,SSP1,1,Armenia,billion USD_2015/yr,GDP|PPP,ANNUAL,,,,,,,,,,46.17902443,57.80344085,70.94303247,83.68119602,94.72751374,103.6843446,111.4654263,119.1425841,127.3701862,135.2666411,141.6799786,147.3922701,152.713526,158.0092412,163.5938297,169.6399107
OECD ENV-Growth 2025,SSP1,1,Armenia,billion USD_2017/yr,GDP|PPP,ANNUAL,,,,,,,,,,52.4338,65.6327,80.552,95.0155,107.558,117.728,126.563,135.28,144.622,153.588,160.87,167.356,173.398,179.411,185.752,192.617
OECD ENV-Growth 2025,SSP1,1,Aruba,billion USD_2010/yr,GDP|PPP,ANNUAL,,,,,,,,,,4.47251413,4.745780072,5.123687823,5.575645591,6.093927685,6.656163615,7.265851806,7.944264632,8.66881781,9.400756555,10.13202477,10.85561588,11.55646722,12.22301455,12.83805728,13.37428824
OECD ENV-Growth 2025,SSP1,1,Aruba,billion USD_2015/yr,GDP|PPP,ANNUAL,,,,,,,,,,4.500160567,4.775115677,5.15535943,5.610110934,6.131596741,6.697308081,7.310765004,7.993371377,8.722403314,9.45886647,10.19465495,10.92271887,11.62790246,12.29857,12.91741455,13.45696018
OECD ENV-Growth 2025,SSP1,1,Aruba,billion USD_2017/yr,GDP|PPP,ANNUAL,,,,,,,,,,4.60237,4.88357,5.27245,5.73753,6.27086,6.84942,7.47681,8.17492,8.92051,9.6737,10.4262,11.1708,11.892,12.5779,13.2108,13.7626
OECD ENV-Growth 2025,SSP1,1,Australia,billion USD_2010/yr,GDP|PPP,ANNUAL,,,,,,,,,,1291.732413,1475.402545,1701.07667,1970.562758,2274.740403,2581.773209,2882.549721,3186.790018,3495.201179,3799.360923,4090.506858,4361.183342,4597.526285,4785.966953,4923.032613,5017.342451
OECD ENV-Growth 2025,SSP1,1,Australia,billion USD_2015/yr,GDP|PPP,ANNUAL,,,,,,,,,,1383.37111,1580.071256,1821.755263,2110.359361,2436.116122,2764.930596,3087.044939,3412.868796,3743.159408,4068.896998,4380.697547,4670.576492,4923.686188,5125.495304,5272.284742,5373.285153
OECD ENV-Growth 2025,SSP1,1,Australia,billion USD_2017/yr,GDP|PPP,ANNUAL,,,,,,,,,,1443.22,1648.43,1900.57,2201.66,2541.51,2884.55,3220.6,3560.52,3905.1,4244.93,4570.22,4872.64,5136.7,5347.24,5500.38,5605.75
OECD ENV-Growth 2025,SSP1,1,Austria,billion USD_2010/yr,GDP|PPP,ANNUAL,,,,,,,,,,417.1791408,459.6824707,496.7049287,536.8771639,577.7658476,615.2029208,650.3007855,684.9970171,719.7484225,753.2981741,784.8365147,812.4672492,831.299379,840.6951594,840.792525,834.3095988
OECD ENV-Growth 2025,SSP1,1,Austria,billion USD_2015/yr,GDP|PPP,ANNUAL,,,,,,,,,,485.0390059,534.4560809,577.5007456,624.2075416,671.7473262,715.2740489,756.081059,796.4211048,836.8252993,875.8323746,912.5008555,944.6261051,966.5215371,977.4456691,977.5588725,970.0214101
OECD ENV-Growth 2025,SSP1,1,Austria,billion USD_2017/yr,GDP|PPP,ANNUAL,,,,,,,,,,514.16,566.544,612.173,661.684,712.078,758.218,801.475,844.237,887.067,928.416,967.286,1001.34,1024.55,1036.13,1036.25,1028.26
OECD ENV-Growth 2025,SSP1,1,Azerbaijan,billion USD_2010/yr,GDP|PPP,ANNUAL,,,,,,,,,,171.6570573,194.1495703,218.1340928,246.8557979,282.8950089,323.7858522,367.7980546,415.3987793,466.155198,518.788594,572.0618685,625.4818468,679.4199708,734.1582031,789.1076474,843.4723571
OECD ENV-Growth 2025,SSP1,1,Azerbaijan,billion USD_2015/yr,GDP|PPP,ANNUAL,,,,,,,,,,165.8788577,187.6142434,210.7914158,238.5463109,273.3723953,312.8867997,355.4174941,401.4159166,450.4638083,501.3254957,552.8055226,604.4273151,656.5498117,709.445484,762.5452586,815.0799815
OECD ENV-Growth 2025,SSP1,1,Azerbaijan,billion USD_2017/yr,GDP|PPP,ANNUAL,,,,,,,,,,164.983,186.601,209.653,237.258,271.896,311.197,353.498,399.248,448.031,498.618,549.82,601.163,653.004,705.614,758.427,810.678
OECD ENV-Growth 2025,SSP1,1,Bahamas,billion USD_2010/yr,GDP|PPP,ANNUAL,,,,,,,,,,13.03136071,14.11771099,15.43225684,16.90371901,18.5063554,20.11306975,21.69854475,23.291496,24.88172861,26.45488479,27.97893558,29.43298149,30.78958125,31.99121871,33.00034271,33.77846754
OECD ENV-Growth 2025,SSP1,1,Bahamas,billion USD_2015/yr,GDP|PPP,ANNUAL,,,,,,,,,,14.31066965,15.50366862,16.94726548,18.56318337,20.32315307,22.08760107,23.82872461,25.57805836,27.32440658,29.05200194,30.72567118,32.32246302,33.81224229,35.13184638,36.24003765,37.0945522
OECD ENV-Growth 2025,SSP1,1,Bahamas,billion USD_2017/yr,GDP|PPP,ANNUAL,,,,,,,,,,15.3387,16.6174,18.1647,19.8967,21.7831,23.6743,25.5405,27.4155,29.2873,31.139,32.9329,34.6444,36.2412,37.6556,38.8434,39.7593
OECD ENV-Growth 2025,SSP1,1,Bahrain,billion USD_2010/yr,GDP|PPP,ANNUAL,,,,,,,,,,88.12602382,101.14229,115.6525814,129.6441446,143.5410495,157.0488032,170.9362422,185.4242362,199.9816464,212.3293088,222.4924657,230.282852,235.7656769,239.4541992,242.0499429,243.749587
OECD ENV-Growth 2025,SSP1,1,Bahrain,billion USD_2015/yr,GDP|PPP,ANNUAL,,,,,,,,,,79.21337725,90.91324027,103.9560298,116.532553,129.023991,141.1656348,153.6485644,166.6713116,179.7564546,190.8553332,199.9906368,206.9931405,211.9214586,215.2369413,217.5701638,219.0979141
OECD ENV-Growth 2025,SSP1,1,Bahrain,billion USD_2017/yr,GDP|PPP,ANNUAL,,,,,,,,,,83.7891,96.1648,109.961,123.264,136.477,149.32,162.524,176.299,190.14,201.88,211.543,218.95,224.163,227.67,230.138,231.754
OECD ENV-Growth 2025,SSP1,1,Bangladesh,billion USD_2010/yr,GDP|PPP,ANNUAL,,,,,,,,,,1175.631971,1655.450966,2264.756629,2969.210049,3751.607484,4547.334176,5334.617576,6121.403807,6916.119019,7673.160862,8387.840523,9021.464582,9556.863582,10003.28657,10370.16261,10658.60603
OECD ENV-Growth 2025,SSP1,1,Bangladesh,billion USD_2015/yr,GDP|PPP,ANNUAL,,,,,,,,,,1333.325669,1877.505309,2568.540345,3367.485807,4254.830324,5157.292022,6050.177884,6942.499891,7843.814433,8702.402279,9512.945681,10231.56107,10838.77595,11345.08,11761.16705,12088.30091
OECD ENV-Growth 2025,SSP1,1,Bangladesh,billion USD_2017/yr,GDP|PPP,ANNUAL,,,,,,,,,,1371.5,1931.26,2642.08,3463.9,4376.65,5304.95,6223.4,7141.27,8068.39,8951.56,9785.31,10524.5,11149.1,11669.9,12097.9,12434.4
OECD ENV-Growth 2025,SSP1,1,Barbados,billion USD_2010/yr,GDP|PPP,ANNUAL,,,,,,,,,,4.902133143,5.431504164,6.128710166,7.073622867,8.209539445,9.421638491,10.66161875,11.94820549,13.28439557,14.62254911,15.94117134,17.21742404,18.42908906,19.55394823,20.56192951,21.37273751
OECD ENV-Growth 2025,SSP1,1,Barbados,billion USD_2015/yr,GDP|PPP,ANNUAL,,,,,,,,,,4.788882527,5.306023852,5.987122783,6.910205814,8.019880091,9.203976846,10.41531069,11.6721743,12.9774953,14.2847344,15.5728934,16.81966172,18.00333447,19.10220679,20.08690137,20.87897783
OECD ENV-Growth 2025,SSP1,1,Barbados,billion USD_2017/yr,GDP|PPP,ANNUAL,,,,,,,,,,4.74368,5.25594,5.93061,6.84498,7.94418,9.1171,10.317,11.562,12.855,14.1499,15.4259,16.6609,17.8334,18.9219,19.8973,20.6819
OECD ENV-Growth 2025,SSP1,1,Belarus,billion USD_2010/yr,GDP|PPP,ANNUAL,,,,,,,,,,163.1723499,169.7895403,180.7682823,196.0208663,214.9226949,235.1676298,257.3820404,282.2046995,309.524863,337.7779361,365.9982288,394.0732252,422.2456764,451.0560145,480.6415624,510.3600034
OECD ENV-Growth 2025,SSP1,1,Belarus,billion USD_2015/yr,GDP|PPP,ANNUAL,,,,,,,,,,181.5386645,188.9006711,201.1151557,218.0845365,239.1139126,261.637572,286.352387,313.9690291,344.3642891,375.7974648,407.1941706,438.4292257,469.772705,501.8258703,534.7415013,567.8049835
OECD ENV-Growth 2025,SSP1,1,Belarus,billion USD_2017/yr,GDP|PPP,ANNUAL,,,,,,,,,,184.177,191.646,204.038,221.254,242.589,265.44,290.514,318.532,349.369,381.259,413.112,444.801,476.6,509.119,542.513,576.057
OECD ENV-Growth 2025,SSP1,1,Belgium,billion USD_2010/yr,GDP|PPP,ANNUAL,,,,,,,,,,538.6182983,584.2872957,627.381111,670.1684955,712.2400441,752.9305777,793.0755148,835.1777896,878.8172014,920.8289586,959.9674073,995.0367196,1023.537283,1042.944572,1054.180371,1056.580332
OECD ENV-Growth 2025,SSP1,1,Belgium,billion USD_2015/yr,GDP|PPP,ANNUAL,,,,,,,,,,605.9031025,657.2771224,705.7542657,753.8866984,801.2138722,846.9875131,892.1474009,939.5091393,988.6000355,1035.859949,1079.887617,1119.337827,1151.398713,1173.230383,1185.86977,1188.569536
OECD ENV-Growth 2025,SSP1,1,Belgium,billion USD_2017/yr,GDP|PPP,ANNUAL,,,,,,,,,,648.597,703.591,755.484,807.008,857.67,906.669,955.011,1005.71,1058.26,1108.85,1155.98,1198.21,1232.53,1255.9,1269.43,1272.32
OECD ENV-Growth 2025,SSP1,1,Belize,billion USD_2010/yr,GDP|PPP,ANNUAL,,,,,,,,,,4.645810055,5.314762865,6.36806601,7.862079171,9.840661438,12.22285865,14.97427277,18.11879193,21.64421519,25.426928,29.38088176,33.37411392,37.31372626,41.11013834,44.67205734,47.88689231
OECD ENV-Growth 2025,SSP1,1,Belize,billion USD_2015/yr,GDP|PPP,ANNUAL,,,,,,,,,,4.306386753,4.92646581,5.902814533,7.287674957,9.121701825,11.32985549,13.88025105,16.79503135,20.06288687,23.56923434,27.23431189,30.93579815,34.58758205,38.10662792,41.40831279,44.38827163
OECD ENV-Growth 2025,SSP1,1,Belize,billion USD_2017/yr,GDP|PPP,ANNUAL,,,,,,,,,,4.34084,4.96588,5.95004,7.34598,9.19468,11.4205,13.9913,16.9294,20.2234,23.7578,27.4522,31.1833,34.8643,38.4115,41.7396,44.7434
OECD ENV-Growth 2025,SSP1,1,Benin,billion USD_2010/yr,GDP|PPP,ANNUAL,,,,,,,,,,47.65227375,64.53904258,88.88776067,119.6980233,158.7167798,206.1949181,263.0494467,331.1825682,411.8592125,504.8424784,609.6655569,725.1544324,850.0983739,984.5035005,1127.08128,1276.311523
OECD ENV-Growth 2025,SSP1,1,Benin,billion USD_2015/yr,GDP|PPP,ANNUAL,,,,,,,,,,53.41699668,72.34663851,99.64093721,134.1784643,177.917506,231.1393012,294.8717934,371.2473038,461.6837867,565.9156819,683.4197084,812.8798242,952.9388305,1103.603587,1263.42968,1430.713019
OECD ENV-Growth 2025,SSP1,1,Benin,billion USD_2017/yr,GDP|PPP,ANNUAL,,,,,,,,,,54.5112,73.8286,101.682,136.927,181.562,235.874,300.912,378.852,471.141,577.508,697.419,829.531,972.459,1126.21,1289.31,1460.02
OECD ENV-Growth 2025,SSP1,1,Bhutan,billion USD_2010/yr,GDP|PPP,ANNUAL,,,,,,,,,,7.774857891,9.428452656,11.20748043,13.21560042,15.49597373,17.89729485,20.44484845,23.15514207,26.01062137,28.74563601,31.2188655,33.32256807,34.96301318,36.23715234,37.19966169,37.87357123
OECD ENV-Growth 2025,SSP1,1,Bhutan,billion USD_2015/yr,GDP|PPP,ANNUAL,,,,,,,,,,9.159684301,11.10781071,13.20371176,15.56951,18.25605423,21.085089,24.08640261,27.27944283,30.64352861,33.86569306,36.77944424,39.25784984,41.19048444,42.69156814,43.82551578,44.61945938
OECD ENV-Growth 2025,SSP1,1,Bhutan,billion USD_2017/yr,GDP|PPP,ANNUAL,,,,,,,,,,9.65527,11.7088,13.9181,16.4119,19.2438,22.2259,25.3896,28.7554,32.3015,35.698,38.7694,41.3819,43.4191,45.0014,46.1967,47.0336
OECD ENV-Growth 2025,SSP1,1,Bolivia,billion USD_2010/yr,GDP|PPP,ANNUAL,,,,,,,,,,83.2267649,93.40522929,109.1644994,133.9338675,168.5159505,211.5423139,262.1087437,319.9057594,384.3730143,453.2910027,525.0920037,598.4630704,672.4921735,746.3766961,819.0912893,889.6387386
OECD ENV-Growth 2025,SSP1,1,Bolivia,billion USD_2015/yr,GDP|PPP,ANNUAL,,,,,,,,,,95.14088765,106.7764251,124.7916747,153.1068408,192.6394368,241.8251333,299.6302759,365.7010813,439.3969874,518.1807609,600.2602575,684.1345786,768.7611358,853.2224155,936.3462874,1016.992783
OECD ENV-Growth 2025,SSP1,1,Bolivia,billion USD_2017/yr,GDP|PPP,ANNUAL,,,,,,,,,,106.494,119.518,139.683,171.377,215.627,270.682,335.385,409.34,491.83,580.015,671.889,765.772,860.497,955.037,1048.08,1138.35
OECD ENV-Growth 2025,SSP1,1,Bosnia and Herzegovina,billion USD_2010/yr,GDP|PPP,ANNUAL,,,,,,,,,,51.22290579,59.61869161,67.75576184,73.92765384,78.05432826,80.40275667,81.7013751,82.56034214,83.3145889,83.60893546,83.70592122,83.55105686,83.23637458,82.86459585,82.49359926,82.08662408
OECD ENV-Growth 2025,SSP1,1,Bosnia and Herzegovina,billion USD_2015/yr,GDP|PPP,ANNUAL,,,,,,,,,,55.66696946,64.79116783,73.63420461,80.34156566,84.82626749,87.37844392,88.78972958,89.72322,90.54290468,90.86278855,90.96818872,90.79988844,90.45790454,90.05387055,89.65068655,89.20840249
OECD ENV-Growth 2025,SSP1,1,Bosnia and Herzegovina,billion USD_2017/yr,GDP|PPP,ANNUAL,,,,,,,,,,58.9414,68.6023,77.9655,85.0674,89.8159,92.5182,94.0125,95.0009,95.8688,96.2075,96.3191,96.1409,95.7788,95.351,94.9241,94.4558
OECD ENV-Growth 2025,SSP1,1,Botswana,billion USD_2010/yr,GDP|PPP,ANNUAL,,,,,,,,,,45.09864882,54.99641006,66.32543135,78.42106268,91.61807766,105.8826855,121.0013677,137.0544384,153.5893952,170.0332637,186.1930937,202.0326459,217.4794415,232.3806873,246.35538,259.0254547
OECD ENV-Growth 2025,SSP1,1,Botswana,billion USD_2015/yr,GDP|PPP,ANNUAL,,,,,,,,,,45.16546041,55.07788473,66.42368945,78.5372399,91.75380565,106.0395459,121.1806257,137.2574783,153.8169308,170.2851602,186.4689303,202.3319481,217.8016273,232.7249487,246.7203442,259.409189
OECD ENV-Growth 2025,SSP1,1,Botswana,billion USD_2017/yr,GDP|PPP,ANNUAL,,,,,,,,,,46.0452,56.1507,67.7175,80.067,93.541,108.105,123.541,139.931,156.813,173.602,190.101,206.273,222.044,237.258,251.526,264.462
OECD ENV-Growth 2025,SSP1,1,Brazil,billion USD_2010/yr,GDP|PPP,ANNUAL,,,,,,,,,,3350.796133,3645.520785,4184.716522,4936.94117,5892.93344,6979.767898,8153.429352,9378.557389,10644.80286,11887.27896,13083.15981,14186.81285,15181.48688,16058.9026,16795.08847,17351.72855
OECD ENV-Growth 2025,SSP1,1,Brazil,billion USD_2015/yr,GDP|PPP,ANNUAL,,,,,,,,,,3409.840692,3709.758703,4258.455637,5023.935276,5996.773138,7102.758764,8297.101369,9543.817454,10832.3755,12096.74535,13313.69887,14436.79944,15449.00068,16341.87739,17091.03563,17657.48429
OECD ENV-Growth 2025,SSP1,1,Brazil,billion USD_2017/yr,GDP|PPP,ANNUAL,,,,,,,,,,3480.58,3786.72,4346.8,5128.16,6121.18,7250.11,8469.23,9741.81,11057.1,12347.7,13589.9,14736.3,15769.5,16680.9,17445.6,18023.8
OECD ENV-Growth 2025,SSP1,1,Brunei Darussalam,billion USD_2010/yr,GDP|PPP,ANNUAL,,,,,,,,,,32.97863919,38.46178435,43.55580767,47.10258867,49.38907953,50.87291028,51.95991497,52.953758,53.99027049,54.70178387,55.24439727,55.57070018,55.71850247,55.72596963,55.45584819,54.82445859
OECD ENV-Growth 2025,SSP1,1,Brunei Darussalam,billion USD_2015/yr,GDP|PPP,ANNUAL,,,,,,,,,,27.57100857,32.15506195,36.41379925,39.37900132,41.29056773,42.53108921,43.43985369,44.27073256,45.13728423,45.73212811,46.18576716,46.45856496,46.58213156,46.5883743,46.36254569,45.8346874
OECD ENV-Growth 2025,SSP1,1,Brunei Darussalam,billion USD_2017/yr,GDP|PPP,ANNUAL,,,,,,,,,,27.8239,32.45,36.7478,39.7402,41.6693,42.9212,43.8383,44.6768,45.5513,46.1516,46.6094,46.8847,47.0094,47.0157,46.7878,46.2551
OECD ENV-Growth 2025,SSP1,1,Bulgaria,billion USD_2010/yr,GDP|PPP,ANNUAL,,,,,,,,,,154.9134404,177.9803053,201.6769934,224.7051126,245.8874539,264.2916481,281.1352985,296.6937468,310.9777097,323.6566126,335.1451165,346.0598548,356.8542341,367.910765,379.2912757,390.3148316
OECD ENV-Growth 2025,SSP1,1,Bulgaria,billion USD_2015/yr,GDP|PPP,ANNUAL,,,,,,,,,,172.2492552,197.8974512,224.2459518,249.8510663,273.4038485,293.8675909,312.5961546,329.8956937,345.7781244,359.8758784,372.6500202,384.7861881,396.7885283,409.0823564,421.7364198,433.9935827
OECD ENV-Growth 2025,SSP1,1,Bulgaria,billion USD_2017/yr,GDP|PPP,ANNUAL,,,,,,,,,,187.916,215.897,244.642,272.576,298.271,320.596,341.028,359.901,377.228,392.608,406.544,419.784,432.878,446.29,460.095,473.467
OECD ENV-Growth 2025,SSP1,1,Burkina Faso,billion USD_2010/yr,GDP|PPP,ANNUAL,,,,,,,,,,50.37823291,67.16032534,93.9059498,128.5991167,174.702264,233.1949573,305.8447684,395.5172533,504.0835999,630.215082,774.3235523,934.5752642,1109.582282,1299.147822,1502.479524,1717.531184
OECD ENV-Growth 2025,SSP1,1,Burkina Faso,billion USD_2015/yr,GDP|PPP,ANNUAL,,,,,,,,,,51.22556039,68.28991616,95.48538376,130.762066,177.6406368,237.1171373,310.9888686,402.1695834,512.5619419,640.8148693,787.3471458,950.2941821,1128.244698,1320.998601,1527.750204,1746.418886
OECD ENV-Growth 2025,SSP1,1,Burkina Faso,billion USD_2017/yr,GDP|PPP,ANNUAL,,,,,,,,,,57.8578,77.1315,107.848,147.692,200.64,267.817,351.253,454.239,578.924,723.782,889.286,1073.33,1274.32,1492.03,1725.55,1972.53
OECD ENV-Growth 2025,SSP1,1,Burundi,billion USD_2010/yr,GDP|PPP,ANNUAL,,,,,,,,,,8.300065021,10.96952442,14.73935313,20.08704918,27.74339699,38.09028527,51.7037994,69.44207226,91.99576369,119.6041321,152.7515719,191.5407457,235.8055126,285.4526143,340.2406765,399.7880456
OECD ENV-Growth 2025,SSP1,1,Burundi,billion USD_2015/yr,GDP|PPP,ANNUAL,,,,,,,,,,10.80211708,14.2762842,19.18252661,26.142284,36.1066355,49.57259008,67.28989387,90.37536365,119.7278584,155.658761,198.7984865,249.2806448,306.8890121,371.5022174,442.8061241,520.3040294
OECD ENV-Growth 2025,SSP1,1,Burundi,billion USD_2017/yr,GDP|PPP,ANNUAL,,,,,,,,,,10.5911,13.9974,18.8078,25.6316,35.4013,48.6042,65.9754,88.6099,117.389,152.618,194.915,244.411,300.894,364.245,434.156,510.14
OECD ENV-Growth 2025,SSP1,1,Cabo Verde,billion USD_2010/yr,GDP|PPP,ANNUAL,,,,,,,,,,4.568422477,5.766994782,7.16214884,8.598849634,10.05293168,11.43474997,12.77324939,14.1112118,15.50493382,16.88505158,18.19061434,19.34912564,20.34053708,21.18409154,21.89697338,22.48329967
OECD ENV-Growth 2025,SSP1,1,Cabo Verde,billion USD_2015/yr,GDP|PPP,ANNUAL,,,,,,,,,,4.761578641,6.010827438,7.464969606,8.962415136,10.47797681,11.91821936,13.31331149,14.7078439,16.1604935,17.59896362,18.9597265,20.16722048,21.2005495,22.07977005,22.82279304,23.43390963
OECD ENV-Growth 2025,SSP1,1,Cabo Verde,billion USD_2017/yr,GDP|PPP,ANNUAL,,,,,,,,,,5.10428,6.44344,8.00224,9.60746,11.2321,12.776,14.2715,15.7664,17.3236,18.8656,20.3243,21.6187,22.7264,23.6689,24.4654,25.1205
OECD ENV-Growth 2025,SSP1,1,Cambodia,billion USD_2010/yr,GDP|PPP,ANNUAL,,,,,,,,,,81.03381563,110.4007832,149.9117771,200.9513531,264.8089038,339.1888994,421.8020646,517.1778045,623.4870222,732.9504714,840.7894467,943.803252,1041.396783,1132.967787,1216.970423,1290.652556
OECD ENV-Growth 2025,SSP1,1,Cambodia,billion USD_2015/yr,GDP|PPP,ANNUAL,,,,,,,,,,86.72155425,118.1497802,160.4340386,215.0560668,283.3957594,362.996464,451.4082219,553.4783557,667.2493848,784.3960398,899.8041997,1010.048512,1114.492103,1212.490448,1302.389203,1381.243062
OECD ENV-Growth 2025,SSP1,1,Cambodia,billion USD_2017/yr,GDP|PPP,ANNUAL,,,,,,,,,,90.6875,123.553,167.771,224.891,296.356,379.597,472.052,578.79,697.764,820.268,940.954,1056.24,1165.46,1267.94,1361.95,1444.41
OECD ENV-Growth 2025,SSP1,1,Cameroon,billion USD_2010/yr,GDP|PPP,ANNUAL,,,,,,,,,,103.3733237,130.9792054,172.2903267,227.1374546,299.5158789,390.5264851,501.3800728,635.1228324,793.8256847,976.1766394,1180.939599,1406.167515,1650.412311,1911.850811,2187.900905,2475.151768
OECD ENV-Growth 2025,SSP1,1,Cameroon,billion USD_2015/yr,GDP|PPP,ANNUAL,,,,,,,,,,112.6392321,142.7195778,187.7336376,247.4970094,326.3631021,425.5314797,546.3214722,692.0523164,864.9805611,1063.676615,1286.793583,1532.209891,1798.347666,2083.220308,2384.014261,2697.012967
OECD ENV-Growth 2025,SSP1,1,Cameroon,billion USD_2017/yr,GDP|PPP,ANNUAL,,,,,,,,,,118.502,150.148,197.505,260.379,343.35,447.68,574.757,728.073,910.002,1119.04,1353.77,1611.96,1891.95,2191.65,2508.1,2837.39
OECD ENV-Growth 2025,SSP1,1,Canada,billion USD_2010/yr,GDP|PPP,ANNUAL,,,,,,,,,,1771.057614,1968.674047,2213.171758,2505.605464,2821.537909,3128.380123,3423.691956,3713.247537,4005.305836,4294.494947,4568.614118,4817.715043,5032.832628,5198.324882,5308.596443,5364.049532
OECD ENV-Growth 2025,SSP1,1,Canada,billion USD_2015/yr,GDP|PPP,ANNUAL,,,,,,,,,,1862.512497,2070.33356,2327.456783,2634.991348,2967.238093,3289.9252,3600.486514,3904.994331,4212.134103,4516.256526,4804.530819,5066.49496,5292.72091,5466.758947,5582.724773,5641.041381
OECD ENV-Growth 2025,SSP1,1,Canada,billion USD_2017/yr,GDP|PPP,ANNUAL,,,,,,,,,,1981.43,2202.52,2476.06,2803.23,3156.69,3499.98,3830.37,4154.32,4481.07,4804.61,5111.29,5389.98,5630.65,5815.8,5939.17,6001.21
OECD ENV-Growth 2025,SSP1,1,Central African Republic,billion USD_2010/yr,GDP|PPP,ANNUAL,,,,,,,,,,3.93669834,4.872851851,6.732226589,9.533486554,13.73248669,19.6624967,27.69200678,38.39099527,52.32616754,69.83336377,91.45438271,117.58318,148.5001146,184.6250868,226.3500562,274.0039181
OECD ENV-Growth 2025,SSP1,1,Central African Republic,billion USD_2015/yr,GDP|PPP,ANNUAL,,,,,,,,,,4.551246969,5.633541181,7.783178495,11.0217365,15.87623258,22.73196237,32.01494019,44.38412237,60.49468129,80.73488435,105.7311092,135.938811,171.6821149,213.4464706,261.685026,316.778019
OECD ENV-Growth 2025,SSP1,1,Central African Republic,billion USD_2017/yr,GDP|PPP,ANNUAL,,,,,,,,,,4.93142,6.10412,8.43332,11.9424,17.2024,24.6308,34.6892,48.0916,65.5479,87.4788,114.563,147.294,186.023,231.276,283.544,343.239
OECD ENV-Growth 2025,SSP1,1,Chad,billion USD_2010/yr,GDP|PPP,ANNUAL,,,,,,,,,,29.57830171,35.82895176,49.69589701,69.3577539,96.49533257,132.1882118,177.9284795,235.9299315,308.3383275,396.7090816,501.8083868,623.3033887,760.9659043,915.2994018,1086.047437,1272.906463
OECD ENV-Growth 2025,SSP1,1,Chad,billion USD_2015/yr,GDP|PPP,ANNUAL,,,,,,,,,,27.84731128,33.73215888,46.78757851,65.2987782,90.84820318,124.4522528,167.5156945,222.1227679,290.2936576,373.4927513,472.4414028,586.8262371,716.4324247,861.7339701,1022.489436,1198.413042
OECD ENV-Growth 2025,SSP1,1,Chad,billion USD_2017/yr,GDP|PPP,ANNUAL,,,,,,,,,,28.2583,34.23,47.4781,66.2625,92.189,126.289,169.988,225.401,294.578,379.005,479.414,595.487,727.006,874.452,1037.58,1216.1
OECD ENV-Growth 2025,SSP1,1,Chile,billion USD_2010/yr,GDP|PPP,ANNUAL,,,,,,,,,,450.0881289,484.7917754,540.6016185,612.2784226,698.6656836,789.4572118,877.817182,961.5954861,1043.011315,1119.813069,1186.619081,1239.471993,1276.103146,1294.798254,1294.525333,1276.179905
OECD ENV-Growth 2025,SSP1,1,Chile,billion USD_2015/yr,GDP|PPP,ANNUAL,,,,,,,,,,489.6767003,527.4327885,588.1515191,666.1328268,760.1184848,858.8957976,955.027679,1046.174903,1134.751855,1218.30889,1290.990984,1348.492699,1388.345832,1408.685312,1408.388386,1388.429343
OECD ENV-Growth 2025,SSP1,1,Chile,billion USD_2017/yr,GDP|PPP,ANNUAL,,,,,,,,,,527.728,568.418,633.855,717.896,819.185,925.638,1029.24,1127.47,1222.93,1312.98,1391.31,1453.28,1496.23,1518.15,1517.83,1496.32
OECD ENV-Growth 2025,SSP1,1,China,billion USD_2010/yr,GDP|PPP,ANNUAL,,,,,,,,,,30707.85378,36995.00708,43385.28482,49282.75273,55385.42787,61063.10531,65929.12051,70494.09568,74710.42691,77985.51326,80268.73,81786.01342,82576.32162,82751.94566,82494.0304,81850.49223
OECD ENV-Growth 2025,SSP1,1,China,billion USD_2015/yr,GDP|PPP,ANNUAL,,,,,,,,,,30146.05914,36318.1901,42591.55886,48381.13367,54372.16146,59945.96682,64722.95915,69204.41892,73343.61313,76558.78237,78800.22807,80289.75306,81065.60271,81238.01375,80984.817,80353.05225
OECD ENV-Growth 2025,SSP1,1,China,billion USD_2017/yr,GDP|PPP,ANNUAL,,,,,,,,,,29479.7,35515.4,41650.1,47311.7,53170.3,58620.9,63292.3,67674.7,71722.4,74866.5,77058.4,78515,79273.7,79442.3,79194.7,78576.9
OECD ENV-Growth 2025,SSP1,1,Colombia,billion USD_2010/yr,GDP|PPP,ANNUAL,,,,,,,,,,772.0470413,893.2702573,1074.511707,1319.670706,1614.608181,1928.934012,2249.36492,2569.254759,2885.934246,3189.916615,3471.426526,3718.289896,3925.402627,4090.907045,4212.404403,4288.018991
OECD ENV-Growth 2025,SSP1,1,Colombia,billion USD_2015/yr,GDP|PPP,ANNUAL,,,,,,,,,,797.7044911,922.9563199,1110.22097,1363.52734,1668.266476,1993.038302,2324.118096,2654.638837,2981.842538,3295.927157,3586.792491,3841.859875,4055.855586,4226.860214,4352.395296,4430.522785
OECD ENV-Growth 2025,SSP1,1,Colombia,billion USD_2017/yr,GDP|PPP,ANNUAL,,,,,,,,,,856.133,990.559,1191.54,1463.4,1790.46,2139.02,2494.35,2849.08,3200.25,3537.34,3849.51,4123.26,4352.93,4536.46,4671.19,4755.04
OECD ENV-Growth 2025,SSP1,1,Comoros,billion USD_2010/yr,GDP|PPP,ANNUAL,,,,,,,,,,2.362229355,2.930069714,3.830617661,5.505808547,8.043583356,11.25381676,14.97250668,19.11920164,23.64311076,28.39561793,33.29274994,38.20850788,43.07903143,47.88045122,52.56502853,57.11045921
OECD ENV-Growth 2025,SSP1,1,Comoros,billion USD_2015/yr,GDP|PPP,ANNUAL,,,,,,,,,,2.763511513,3.427813379,4.481341317,6.441104152,9.409981788,13.16555148,17.51595141,22.36706344,27.65946865,33.21930485,38.94833394,44.69915303,50.39705356,56.01411138,61.49447818,66.8120609
OECD ENV-Growth 2025,SSP1,1,Comoros,billion USD_2017/yr,GDP|PPP,ANNUAL,,,,,,,,,,3.01843,3.74401,4.89472,7.03526,10.278,14.38,19.1317,24.4303,30.2109,36.2836,42.5411,48.8224,55.0459,61.1811,67.167,72.9751
OECD ENV-Growth 2025,SSP1,1,Congo,billion USD_2010/yr,GDP|PPP,ANNUAL,,,,,,,,,,25.15615631,30.53651507,37.53916381,46.60913297,58.34673412,72.8964338,90.48992943,111.6024507,136.6106716,165.0795602,197.0019747,232.1871295,270.4003685,311.2295132,354.0409919,398.2134761
OECD ENV-Growth 2025,SSP1,1,Congo,billion USD_2015/yr,GDP|PPP,ANNUAL,,,,,,,,,,21.5845652,26.20103773,32.20947266,39.99171643,50.06285028,62.54682985,77.6424569,95.75748948,117.2151227,141.642089,169.0322605,199.2219389,232.0097838,267.0421362,303.7753773,341.6763926
OECD ENV-Growth 2025,SSP1,1,Congo,billion USD_2017/yr,GDP|PPP,ANNUAL,,,,,,,,,,24.657,29.9306,36.7943,45.6843,57.189,71.45,88.6944,109.388,133.9,161.804,193.093,227.58,265.035,305.054,347.016,390.312
OECD ENV-Growth 2025,SSP1,1,Costa Rica,billion USD_2010/yr,GDP|PPP,ANNUAL,,,,,,,,,,101.2945433,116.4529815,138.1293516,163.1464764,190.3372936,217.3008326,243.5723132,269.2657677,294.0147198,316.2604652,335.3298199,350.2342412,360.8329583,366.9781223,368.672879,365.9785698
OECD ENV-Growth 2025,SSP1,1,Costa Rica,billion USD_2015/yr,GDP|PPP,ANNUAL,,,,,,,,,,118.3162461,136.0219335,161.3408367,190.5618805,222.3218877,253.8164245,284.5026082,314.5136334,343.4214404,369.4053977,391.6791983,409.0881833,421.4679264,428.645734,430.6252803,427.478215
OECD ENV-Growth 2025,SSP1,1,Costa Rica,billion USD_2017/yr,GDP|PPP,ANNUAL,,,,,,,,,,128.803,148.078,175.641,207.452,242.027,276.313,309.719,342.39,373.86,402.147,426.395,445.347,458.824,466.638,468.793,465.367
OECD ENV-Growth 2025,SSP1,1,Croatia,billion USD_2010/yr,GDP|PPP,ANNUAL,,,,,,,,,,119.0397508,135.4442284,148.7900304,159.1880152,166.8053096,171.7670489,175.1725757,178.0607648,180.943915,183.7632377,186.4439878,188.7997222,190.8816707,192.7763362,194.5072341,195.9534282
OECD ENV-Growth 2025,SSP1,1,Croatia,billion USD_2015/yr,GDP|PPP,ANNUAL,,,,,,,,,,132.9728477,151.2973996,166.2052711,177.8202958,186.3291621,191.8716518,195.6757811,198.9020205,202.1226311,205.2719436,208.2664641,210.8979272,213.2235589,215.339987,217.2734791,218.8889441
OECD ENV-Growth 2025,SSP1,1,Croatia,billion USD_2017/yr,GDP|PPP,ANNUAL,,,,,,,,,,141.742,161.275,177.166,189.547,198.617,204.525,208.58,212.019,215.452,218.809,222.001,224.806,227.285,229.541,231.602,233.324
OECD ENV-Growth 2025,SSP1,1,Cuba,billion USD_2017/yr,GDP|PPP,ANNUAL,,,,,,,,,,82.7721,103.422,131.067,170.109,218.587,274.006,333.289,394.709,457.603,520.328,582.228,642.692,699.944,752.15,797.481,835.382
OECD ENV-Growth 2025,SSP1,1,Cura??ao,billion USD_2010/yr,GDP|PPP,ANNUAL,,,,,,,,,,3.366417526,3.898503471,4.610647842,5.532766097,6.657994556,7.913020081,9.308553027,10.87883636,12.61021816,14.44757213,16.35233723,18.26747328,20.13867424,21.92473919,23.58927554,25.09372225
OECD ENV-Growth 2025,SSP1,1,Cura??ao,billion USD_2015/yr,GDP|PPP,ANNUAL,,,,,,,,,,3.377650665,3.911512086,4.626032757,5.551227957,6.680211105,7.939424427,9.33961402,10.91513711,12.65229622,14.49578112,16.40690209,18.3284286,20.20587343,21.99789816,23.66798878,25.17745555
OECD ENV-Growth 2025,SSP1,1,Cura??ao,billion USD_2017/yr,GDP|PPP,ANNUAL,,,,,,,,,,3.57061,4.13497,4.89031,5.86836,7.06184,8.39299,9.87317,11.5387,13.3751,15.3239,17.3442,19.3755,21.3602,23.2546,25.0201,26.6158
OECD ENV-Growth 2025,SSP1,1,Cyprus,billion USD_2010/yr,GDP|PPP,ANNUAL,,,,,,,,,,37.33112634,43.0898386,49.47158471,56.31877886,63.46217514,70.50689539,77.57832952,84.90872297,92.40653501,99.70977949,106.5544502,112.7125654,118.0318474,122.5001139,126.3027087,129.6362878
OECD ENV-Growth 2025,SSP1,1,Cyprus,billion USD_2015/yr,GDP|PPP,ANNUAL,,,,,,,,,,39.6153738,45.72645486,52.49869246,59.76485833,67.34535058,74.82112892,82.32525574,90.1041873,98.06078158,105.810903,113.074391,119.609314,125.2540765,129.9957509,134.031022,137.5685789
OECD ENV-Growth 2025,SSP1,1,Cyprus,billion USD_2017/yr,GDP|PPP,ANNUAL,,,,,,,,,,42.9015,49.5195,56.8535,64.7224,72.9317,81.0276,89.1542,97.5784,106.195,114.588,122.454,129.531,135.644,140.779,145.149,148.98
OECD ENV-Growth 2025,SSP1,1,Czechia,billion USD_2010/yr,GDP|PPP,ANNUAL,,,,,,,,,,377.1681795,409.6735608,445.3024899,484.6470334,523.8208686,558.5021577,591.6195912,623.1356964,653.7449652,681.3122933,704.2113705,722.3289466,736.4436184,746.8210249,752.7475216,753.5511003
OECD ENV-Growth 2025,SSP1,1,Czechia,billion USD_2015/yr,GDP|PPP,ANNUAL,,,,,,,,,,424.547236,461.1358735,501.2404321,545.5273527,589.6221208,628.659999,665.9375733,701.412664,735.8670034,766.8972799,792.6728901,813.0663571,828.9540837,840.6350777,847.3060482,848.2105707
OECD ENV-Growth 2025,SSP1,1,Czechia,billion USD_2017/yr,GDP|PPP,ANNUAL,,,,,,,,,,452.933,491.968,534.754,582.002,629.045,670.693,710.463,748.31,785.068,818.173,845.672,867.429,884.379,896.841,903.958,904.923
OECD ENV-Growth 2025,SSP1,1,lvory Coast,billion USD_2010/yr,GDP|PPP,ANNUAL,,,,,,,,,,178.6387817,242.8337341,329.3264235,430.0772578,549.0108899,686.1492029,841.3352104,1016.366166,1211.656893,1425.043837,1654.367251,1892.472373,2135.610566,2382.944568,2632.438319,2882.588558
OECD ENV-Growth 2025,SSP1,1,lvory Coast,billion USD_2015/yr,GDP|PPP,ANNUAL,,,,,,,,,,194.3802247,264.2319621,358.3462873,467.9751686,597.389095,746.6118775,915.4726967,1105.927178,1318.426698,1550.617053,1800.148181,2059.234852,2323.7981,2592.926889,2864.405741,3136.59893
OECD ENV-Growth 2025,SSP1,1,lvory Coast,billion USD_2017/yr,GDP|PPP,ANNUAL,,,,,,,,,,187.758,255.23,346.138,452.032,577.037,721.176,884.284,1068.25,1273.51,1497.79,1738.82,1989.08,2244.63,2504.59,2766.82,3029.74
OECD ENV-Growth 2025,SSP1,1,Democratic Republic of the Congo,billion USD_2010/yr,GDP|PPP,ANNUAL,,,,,,,,,,95.86224154,124.7138061,168.0049069,235.9818873,336.6340317,474.7018696,655.8760116,888.8722328,1181.408265,1538.305751,1962.893853,2456.6185,3021.285339,3657.289355,4362.041983,5130.732867
OECD ENV-Growth 2025,SSP1,1,Democratic Republic of the Congo,billion USD_2015/yr,GDP|PPP,ANNUAL,,,,,,,,,,115.3753915,150.0998097,202.2029905,284.0169624,405.157261,571.3293701,789.3822471,1069.805799,1421.888733,1851.434157,2362.448898,2956.673209,3636.280284,4401.74551,5249.953409,6175.114455
OECD ENV-Growth 2025,SSP1,1,Democratic Republic of the Congo,billion USD_2017/yr,GDP|PPP,ANNUAL,,,,,,,,,,135.911,176.816,238.193,334.569,477.271,673.02,929.884,1260.22,1674.97,2180.97,2782.94,3482.93,4283.5,5185.21,6184.39,7274.22
OECD ENV-Growth 2025,SSP1,1,Denmark,billion USD_2010/yr,GDP|PPP,ANNUAL,,,,,,,,,,311.2918849,333.1791725,357.8195036,385.7382745,416.4760807,446.9829156,476.2697478,505.0760241,533.8518427,560.5954516,584.8212187,606.7922651,625.6210856,639.7653328,646.3145981,645.6064551
OECD ENV-Growth 2025,SSP1,1,Denmark,billion USD_2015/yr,GDP|PPP,ANNUAL,,,,,,,,,,341.1734392,365.161733,392.1673406,422.7660923,456.4544844,489.8897336,521.9878696,553.5593203,585.0973894,614.4081729,640.9594216,665.0395144,685.6757525,701.1777353,708.3556782,707.5795591
OECD ENV-Growth 2025,SSP1,1,Denmark,billion USD_2017/yr,GDP|PPP,ANNUAL,,,,,,,,,,367.936,393.806,422.93,455.929,492.26,528.318,562.934,596.982,630.994,662.604,691.238,717.207,739.462,756.18,763.921,763.084
OECD ENV-Growth 2025,SSP1,1,Djibouti,billion USD_2010/yr,GDP|PPP,ANNUAL,,,,,,,,,,6.571856468,8.644502504,11.80678137,15.06738757,18.45342863,21.93789704,25.55650273,29.36126016,33.37677617,37.42039998,41.40380706,45.19846168,48.68553082,51.91642876,54.91106103,57.65262297
OECD ENV-Growth 2025,SSP1,1,Djibouti,billion USD_2015/yr,GDP|PPP,ANNUAL,,,,,,,,,,6.685130356,8.79350095,12.01028552,15.3270922,18.77149577,22.3160232,25.99699994,29.86733696,33.95206523,38.06538579,42.1174517,45.97751178,49.52468477,52.81127114,55.85751952,58.6463356
OECD ENV-Growth 2025,SSP1,1,Djibouti,billion USD_2017/yr,GDP|PPP,ANNUAL,,,,,,,,,,6.57003,8.6421,11.8035,15.0632,18.4483,21.9318,25.5494,29.3531,33.3675,37.41,41.3923,45.1859,48.672,51.902,54.8958,57.6366
OECD ENV-Growth 2025,SSP1,1,Dominican Republic,billion USD_2010/yr,GDP|PPP,ANNUAL,,,,,,,,,,220.7054489,282.0871627,354.5810602,433.2394656,515.8349425,596.8189876,675.146179,751.5878612,827.540311,900.4198808,969.4302288,1033.191148,1091.274114,1144.089795,1191.495351,1232.972981
OECD ENV-Growth 2025,SSP1,1,Dominican Republic,billion USD_2015/yr,GDP|PPP,ANNUAL,,,,,,,,,,237.7379586,303.8566856,381.9451573,466.6738706,555.6434913,642.8773211,727.2492596,809.5901786,891.4041095,969.9080171,1044.244103,1112.925646,1175.491051,1232.382679,1283.446665,1328.12525
OECD ENV-Growth 2025,SSP1,1,Dominican Republic,billion USD_2017/yr,GDP|PPP,ANNUAL,,,,,,,,,,247.217,315.972,397.174,485.281,577.798,668.51,756.246,841.87,926.946,1008.58,1085.88,1157.3,1222.36,1281.52,1334.62,1381.08
OECD ENV-Growth 2025,SSP1,1,Ecuador,billion USD_2010/yr,GDP|PPP,ANNUAL,,,,,,,,,,180.8530282,206.7053717,240.9457745,285.4330741,340.2068205,401.507152,468.023654,539.9285878,616.802726,695.2324872,772.9310177,847.2247555,916.9386339,980.886161,1037.398338,1084.198858
OECD ENV-Growth 2025,SSP1,1,Ecuador,billion USD_2015/yr,GDP|PPP,ANNUAL,,,,,,,,,,191.2860772,218.6297905,254.8454536,301.8991365,359.8326706,424.6692954,495.0230013,571.0759866,652.38484,735.3390569,817.51986,896.0994547,969.8349872,1037.471519,1097.24377,1146.744118
OECD ENV-Growth 2025,SSP1,1,Ecuador,billion USD_2017/yr,GDP|PPP,ANNUAL,,,,,,,,,,205.776,235.191,274.15,324.768,387.09,456.838,532.521,614.335,701.803,791.041,879.447,963.979,1043.3,1116.06,1180.36,1233.61
OECD ENV-Growth 2025,SSP1,1,Egypt,billion USD_2010/yr,GDP|PPP,ANNUAL,,,,,,,,,,1494.867337,1992.642223,2707.451902,3668.570145,4870.225836,6242.254862,7759.286625,9413.328919,11169.10453,12935.10273,14708.7214,16476.48532,18233.00439,19981.25246,21712.5868,23396.71138
OECD ENV-Growth 2025,SSP1,1,Egypt,billion USD_2015/yr,GDP|PPP,ANNUAL,,,,,,,,,,1753.72968,2337.702966,3176.294404,4303.847028,5713.590353,7323.210127,9102.942389,11043.41095,13103.22972,15175.04129,17255.79296,19329.67602,21390.367,23441.3547,25472.49977,27448.25988
OECD ENV-Growth 2025,SSP1,1,Egypt,billion USD_2017/yr,GDP|PPP,ANNUAL,,,,,,,,,,1608.55,2144.18,2913.35,3947.56,5240.6,6716.97,8349.37,10129.2,12018.5,13918.8,15827.3,17729.5,19619.6,21500.8,23363.8,25176
OECD ENV-Growth 2025,SSP1,1,El Salvador,billion USD_2010/yr,GDP|PPP,ANNUAL,,,,,,,,,,52.96351119,58.79640488,67.29482013,79.37487052,95.25874559,113.7976853,134.487413,156.9665361,181.5245034,207.415106,234.0845432,259.7911032,284.0370348,306.7344993,327.5388353,346.2810584
OECD ENV-Growth 2025,SSP1,1,El Salvador,billion USD_2015/yr,GDP|PPP,ANNUAL,,,,,,,,,,59.08577722,65.59291862,75.07369999,88.55013216,106.2700885,126.952019,150.0333559,175.1109316,202.5076534,231.3910553,261.1433203,289.8214054,316.870022,342.1911781,365.4003713,386.3090835
OECD ENV-Growth 2025,SSP1,1,El Salvador,billion USD_2017/yr,GDP|PPP,ANNUAL,,,,,,,,,,63.3113,70.2838,80.4426,94.8828,113.87,136.031,160.763,187.634,216.99,247.939,279.819,310.548,339.531,366.663,391.532,413.936
OECD ENV-Growth 2025,SSP1,1,Equatorial Guinea,billion USD_2010/yr,GDP|PPP,ANNUAL,,,,,,,,,,19.94736052,19.45783436,23.26098846,28.46665352,35.22291193,43.52663116,53.36262329,64.95415097,78.24558838,92.48779059,107.5239422,123.1694147,139.2809671,155.5918611,171.7223984,187.2995252
OECD ENV-Growth 2025,SSP1,1,Equatorial Guinea,billion USD_2015/yr,GDP|PPP,ANNUAL,,,,,,,,,,17.84391116,17.40600553,20.808117,25.46484463,31.50865552,38.93674748,47.73553414,58.10473511,69.99459032,82.73495217,96.1855414,110.1811987,124.5937877,139.1846978,153.6142698,167.5487885
OECD ENV-Growth 2025,SSP1,1,Equatorial Guinea,billion USD_2017/yr,GDP|PPP,ANNUAL,,,,,,,,,,21.0139,20.4982,24.5047,29.9887,37.1062,45.8539,56.2158,68.4271,82.4292,97.4329,113.273,129.755,146.728,163.911,180.904,197.314
OECD ENV-Growth 2025,SSP1,1,Eritrea,billion USD_2010/yr,GDP|PPP,ANNUAL,,,,,,,,,,6.292034402,7.495105893,9.606250132,12.9202603,17.7457737,24.09297905,31.97385252,41.46480942,52.71206658,65.61400509,80.24355462,96.27342537,113.3493365,131.2752,149.9598538,169.375592
OECD ENV-Growth 2025,SSP1,1,Eritrea,billion USD_2015/yr,GDP|PPP,ANNUAL,,,,,,,,,,6.887441282,8.204357834,10.51527686,14.14288742,19.42503276,26.37286574,34.99949583,45.38856941,57.70013962,71.82297147,87.83689589,105.3836521,124.075434,143.6975982,164.1503562,185.4033798
OECD ENV-Growth 2025,SSP1,1,Eritrea,billion USD_2017/yr,GDP|PPP,ANNUAL,,,,,,,,,,7.04007,8.38617,10.7483,14.4563,19.8555,26.9573,35.7751,46.3944,58.9788,73.4146,89.7834,107.719,126.825,146.882,167.788,189.512
OECD ENV-Growth 2025,SSP1,1,Estonia,billion USD_2010/yr,GDP|PPP,ANNUAL,,,,,,,,,,42.41040917,50.33581513,56.35232927,61.23393191,64.5269733,66.60630485,68.23869819,69.98535326,71.70143358,73.0263394,73.85724343,74.18204836,74.05428071,73.57560773,72.84148231,71.86068743
OECD ENV-Growth 2025,SSP1,1,Estonia,billion USD_2015/yr,GDP|PPP,ANNUAL,,,,,,,,,,47.96343422,56.92655659,63.73084558,69.25162294,72.97584012,75.32742983,77.17356129,79.14891539,81.08969142,82.58807434,83.52777315,83.89510655,83.75060959,83.20926136,82.37901291,81.26979723
OECD ENV-Growth 2025,SSP1,1,Estonia,billion USD_2017/yr,GDP|PPP,ANNUAL,,,,,,,,,,51.1842,60.7492,68.0104,73.9019,77.8762,80.3857,82.3558,84.4638,86.5349,88.1339,89.1367,89.5287,89.3745,88.7968,87.9108,86.7271
OECD ENV-Growth 2025,SSP1,1,Eswatini,billion USD_2010/yr,GDP|PPP,ANNUAL,,,,,,,,,,12.50271981,14.51619542,17.31557772,20.74937414,24.84842499,29.49520372,34.5294658,39.95819198,45.79211385,51.57383643,57.22209136,62.74396358,68.13090949,73.37063465,78.4116691,83.17868332
OECD ENV-Growth 2025,SSP1,1,Eswatini,billion USD_2015/yr,GDP|PPP,ANNUAL,,,,,,,,,,12.72996192,14.78003328,17.63029551,21.1265026,25.30005539,30.03129125,35.15705313,40.68444866,46.62440447,52.51121225,58.26212655,63.88436108,69.36921697,74.7041763,79.83683363,84.69049031
OECD ENV-Growth 2025,SSP1,1,Eswatini,billion USD_2017/yr,GDP|PPP,ANNUAL,,,,,,,,,,11.9999,13.9324,16.6192,19.9149,23.8491,28.309,33.1408,38.3512,43.9505,49.4997,54.9208,60.2206,65.3909,70.4199,75.2582,79.8335
OECD ENV-Growth 2025,SSP1,1,Ethiopia,billion USD_2010/yr,GDP|PPP,ANNUAL,,,,,,,,,,292.9533228,410.5050307,578.3563064,805.2375069,1107.539022,1484.555907,1941.826905,2490.184305,3141.54927,3885.629916,4718.611149,5619.054231,6565.197796,7547.709783,8557.911455,9584.518842
OECD ENV-Growth 2025,SSP1,1,Ethiopia,billion USD_2015/yr,GDP|PPP,ANNUAL,,,,,,,,,,335.8789421,470.6551683,663.1012152,923.2266743,1269.823573,1702.083673,2226.357293,2855.063946,3601.871572,4454.980245,5410.015854,6442.398307,7527.177604,8653.654285,9811.877942,10988.9112
OECD ENV-Growth 2025,SSP1,1,Ethiopia,billion USD_2017/yr,GDP|PPP,ANNUAL,,,,,,,,,,363.207,508.949,717.053,998.343,1373.14,1840.57,2407.5,3087.36,3894.93,4817.45,5850.19,6966.57,8139.61,9357.74,10610.2,11883
OECD ENV-Growth 2025,SSP1,1,Fiji,billion USD_2010/yr,GDP|PPP,ANNUAL,,,,,,,,,,10.84157094,12.76660181,15.2031748,18.3326711,22.05110749,26.04433924,30.22667572,34.57673492,39.09898837,43.68644474,48.28642137,52.8864793,57.4987323,62.10374955,66.6875474,71.20028871
OECD ENV-Growth 2025,SSP1,1,Fiji,billion USD_2015/yr,GDP|PPP,ANNUAL,,,,,,,,,,13.16764321,15.50569181,18.4650345,22.26596805,26.78219951,31.63218399,36.71184587,41.99521558,47.48772402,53.05942475,58.64633198,64.23333795,69.83515545,75.42818478,80.99544205,86.47639751
OECD ENV-Growth 2025,SSP1,1,Fiji,billion USD_2017/yr,GDP|PPP,ANNUAL,,,,,,,,,,13.3352,15.703,18.7,22.5493,27.123,32.0347,37.179,42.5296,48.092,53.7346,59.3926,65.0507,70.7238,76.388,82.0261,87.5768
OECD ENV-Growth 2025,SSP1,1,Finland,billion USD_2010/yr,GDP|PPP,ANNUAL,,,,,,,,,,239.370833,257.7545143,276.0592228,297.5007653,320.391841,342.4549759,364.49858,387.5331654,411.5417488,435.0111093,456.9545112,476.4217335,491.2244649,501.594529,507.6609994,509.8679923
OECD ENV-Growth 2025,SSP1,1,Finland,billion USD_2015/yr,GDP|PPP,ANNUAL,,,,,,,,,,265.7882488,286.2007878,306.5256384,330.3335099,355.7508878,380.2489519,404.7253295,430.3020552,456.960271,483.0197543,507.3848714,529.000533,545.4369217,556.9514456,563.6874232,566.1379839
OECD ENV-Growth 2025,SSP1,1,Finland,billion USD_2017/yr,GDP|PPP,ANNUAL,,,,,,,,,,281.888,303.537,325.093,350.343,377.3,403.282,429.241,456.367,484.64,512.278,538.119,561.044,578.476,590.688,597.832,600.431
OECD ENV-Growth 2025,SSP1,1,France,billion USD_2010/yr,GDP|PPP,ANNUAL,,,,,,,,,,2732.28363,2955.432024,3185.633935,3447.500003,3730.075128,4014.507337,4298.675466,4590.24638,4888.410799,5182.452148,5467.804381,5741.724466,5999.101158,6223.774407,6414.500476,6564.915869
OECD ENV-Growth 2025,SSP1,1,France,billion USD_2015/yr,GDP|PPP,ANNUAL,,,,,,,,,,3022.753585,3269.624957,3524.299708,3814.004842,4126.620619,4441.290909,4755.669043,5078.236955,5408.09933,5733.400309,6049.088431,6352.129048,6636.867539,6885.425873,7096.428093,7262.834194
OECD ENV-Growth 2025,SSP1,1,France,billion USD_2017/yr,GDP|PPP,ANNUAL,,,,,,,,,,3207.38,3469.33,3739.56,4046.96,4378.67,4712.56,5046.14,5388.41,5738.42,6083.59,6418.56,6740.11,7042.24,7305.98,7529.87,7706.44
OECD ENV-Growth 2025,SSP1,1,French Guiana,billion USD_2017/yr,GDP|PPP,ANNUAL,,,,,,,,,,15.9488,18.27,20.9746,24.0194,27.4195,31.0965,35.0281,39.274,43.8073,48.4554,53.2406,58.0313,62.7697,67.4361,71.9604,76.186
OECD ENV-Growth 2025,SSP1,1,French Polynesia,billion USD_2017/yr,GDP|PPP,ANNUAL,,,,,,,,,,5.44737,6.33739,7.42357,8.80594,10.4624,12.2341,14.0759,16.0087,18.0309,20.0918,22.1685,24.2676,26.3728,28.4877,30.622,32.7745
OECD ENV-Growth 2025,SSP1,1,Gabon,billion USD_2010/yr,GDP|PPP,ANNUAL,,,,,,,,,,37.05888535,43.24842174,52.5719957,63.03216911,74.66208676,87.22057383,100.6312531,115.1452841,130.801576,146.8593112,163.0714477,179.0468355,194.5868117,209.6975522,224.315238,238.2844383
OECD ENV-Growth 2025,SSP1,1,Gabon,billion USD_2015/yr,GDP|PPP,ANNUAL,,,,,,,,,,34.12036131,39.81910846,48.40338479,58.03413576,68.741878,80.30456026,92.65186157,106.0150261,120.4298777,135.2143409,150.1409624,164.8496078,179.1573669,193.0699258,206.528526,219.3900612
OECD ENV-Growth 2025,SSP1,1,Gabon,billion USD_2017/yr,GDP|PPP,ANNUAL,,,,,,,,,,36.0025,42.0156,51.0734,61.2354,72.5338,84.7343,97.7627,111.863,127.073,142.673,158.423,173.943,189.04,203.72,217.921,231.492
OECD ENV-Growth 2025,SSP1,1,Gambia,billion USD_2010/yr,GDP|PPP,ANNUAL,,,,,,,,,,7.146172935,9.293101596,12.56716962,16.69856463,21.98357073,28.47251637,36.23451237,45.44420364,56.20816197,68.45364459,82.06588188,96.74746902,112.2957432,128.5699923,145.3879962,162.617967
OECD ENV-Growth 2025,SSP1,1,Gambia,billion USD_2015/yr,GDP|PPP,ANNUAL,,,,,,,,,,6.914178839,8.991409386,12.15918773,16.1564607,21.26989382,27.54818166,35.05819142,43.96889832,54.38341439,66.2313584,79.40168661,93.60664919,108.6501626,124.3960828,140.6681053,157.3387205
OECD ENV-Growth 2025,SSP1,1,Gambia,billion USD_2017/yr,GDP|PPP,ANNUAL,,,,,,,,,,6.88655,8.95548,12.1106,16.0919,21.1849,27.4381,34.9181,43.7932,54.1661,65.9667,79.0844,93.2326,108.216,123.899,140.106,156.71
OECD ENV-Growth 2025,SSP1,1,Georgia,billion USD_2010/yr,GDP|PPP,ANNUAL,,,,,,,,,,57.60969412,75.37933741,97.2458361,117.1067124,132.1321475,141.6123518,147.4541064,151.3867452,154.4772871,156.4089731,157.5608245,158.3274284,159.17186,160.442788,162.3262207,164.8252714
OECD ENV-Growth 2025,SSP1,1,Georgia,billion USD_2015/yr,GDP|PPP,ANNUAL,,,,,,,,,,70.98480332,92.87998353,119.8231766,144.2951065,162.808962,174.4901634,181.6881847,186.533855,190.3419209,192.722082,194.1413561,195.0859406,196.1264219,197.6924183,200.0131233,203.0923728
OECD ENV-Growth 2025,SSP1,1,Georgia,billion USD_2017/yr,GDP|PPP,ANNUAL,,,,,,,,,,74.022,96.854,124.95,150.469,169.775,181.956,189.462,194.515,198.486,200.968,202.448,203.433,204.518,206.151,208.571,211.782
OECD ENV-Growth 2025,SSP1,1,Germany,billion USD_2010/yr,GDP|PPP,ANNUAL,,,,,,,,,,3807.937531,4014.276361,4276.202374,4619.677803,5005.009353,5368.406008,5699.683414,6006.697362,6298.554936,6574.477186,6833.245967,7056.183057,7219.605068,7299.638016,7290.63866,7210.20795
OECD ENV-Growth 2025,SSP1,1,Germany,billion USD_2015/yr,GDP|PPP,ANNUAL,,,,,,,,,,4276.192487,4507.904417,4802.038982,5187.750942,5620.465992,6028.548854,6400.562823,6745.329702,7073.076456,7382.928349,7673.517443,7923.86869,8107.3864,8197.26085,8187.15486,8096.833736
OECD ENV-Growth 2025,SSP1,1,Germany,billion USD_2017/yr,GDP|PPP,ANNUAL,,,,,,,,,,4595.24,4844.24,5160.32,5574.81,6039.81,6478.34,6878.11,7248.6,7600.8,7933.77,8246.04,8515.07,8712.28,8808.86,8798,8700.94
OECD ENV-Growth 2025,SSP1,1,Ghana,billion USD_2010/yr,GDP|PPP,ANNUAL,,,,,,,,,,208.8362608,268.5259137,348.614979,449.5790799,576.0288271,726.169634,901.5834187,1105.572305,1339.32954,1594.877438,1870.539794,2162.199429,2468.14871,2786.543812,3113.979943,3446.507547
OECD ENV-Growth 2025,SSP1,1,Ghana,billion USD_2015/yr,GDP|PPP,ANNUAL,,,,,,,,,,216.815921,278.7863232,361.935602,466.7575541,598.0389624,753.9166686,936.0330365,1147.816364,1390.505494,1655.817909,1942.013359,2244.817346,2562.456989,2893.018008,3232.965516,3578.199042
OECD ENV-Growth 2025,SSP1,1,Ghana,billion USD_2017/yr,GDP|PPP,ANNUAL,,,,,,,,,,199.342,256.318,332.766,429.14,549.841,693.156,860.595,1055.31,1278.44,1522.37,1785.5,2063.9,2355.94,2659.86,2972.41,3289.82
OECD ENV-Growth 2025,SSP1,1,Greece,billion USD_2010/yr,GDP|PPP,ANNUAL,,,,,,,,,,294.6962051,326.6106233,356.296624,391.8137886,428.1336805,462.0702426,494.3325922,524.7625033,552.5224554,575.7095953,594.0828563,607.7209372,617.2252622,623.1384385,625.5433069,623.2718122
OECD ENV-Growth 2025,SSP1,1,Greece,billion USD_2015/yr,GDP|PPP,ANNUAL,,,,,,,,,,336.8557827,373.3359142,407.2688283,447.8671192,489.3829766,528.1745423,565.0523806,599.8356297,631.5669524,658.0712712,679.0730321,694.6621925,705.5262172,712.2853393,715.0342509,712.4377935
OECD ENV-Growth 2025,SSP1,1,Greece,billion USD_2017/yr,GDP|PPP,ANNUAL,,,,,,,,,,355.738,394.263,430.098,472.972,516.815,557.781,596.726,633.459,666.969,694.959,717.138,733.601,745.074,752.212,755.115,752.373
OECD ENV-Growth 2025,SSP1,1,Grenada,billion USD_2010/yr,GDP|PPP,ANNUAL,,,,,,,,,,1.639383355,1.896045242,2.240010561,2.679524502,3.192670088,3.730664634,4.290778641,4.893098621,5.548542566,6.215957425,6.8750461,7.511537449,8.120377446,8.702967288,9.264174714,9.803027796
OECD ENV-Growth 2025,SSP1,1,Grenada,billion USD_2015/yr,GDP|PPP,ANNUAL,,,,,,,,,,1.891510856,2.187645829,2.584510988,3.091619583,3.683683937,4.304418874,4.950675116,5.64562836,6.401875722,7.171935053,7.932387683,8.666767652,9.369243654,10.04143238,10.6889502,11.31067571
OECD ENV-Growth 2025,SSP1,1,Grenada,billion USD_2017/yr,GDP|PPP,ANNUAL,,,,,,,,,,2.02408,2.34097,2.76565,3.3083,3.94186,4.6061,5.29765,6.04131,6.85056,7.67459,8.48834,9.27419,10.0259,10.7452,11.4381,12.1034
OECD ENV-Growth 2025,SSP1,1,Guam,billion USD_2017/yr,GDP|PPP,ANNUAL,,,,,,,,,,6.75438,8.44129,10.1814,11.9311,13.6002,15.0869,16.3789,17.5448,18.6467,19.6681,20.6315,21.548,22.431,23.2844,24.0955,24.8507
OECD ENV-Growth 2025,SSP1,1,Guatemala,billion USD_2010/yr,GDP|PPP,ANNUAL,,,,,,,,,,161.0791487,194.7392093,238.0697907,293.3239078,360.944492,437.413662,521.1195123,611.7670593,708.064039,805.4386666,902.5658004,995.8654575,1083.145811,1164.352979,1238.728955,1305.314815
OECD ENV-Growth 2025,SSP1,1,Guatemala,billion USD_2015/yr,GDP|PPP,ANNUAL,,,,,,,,,,177.8690996,215.0376887,262.8847972,323.8982811,398.5672406,483.0071109,575.4379708,675.5340894,781.8685046,889.3928954,996.6439952,1099.668664,1196.046613,1285.718343,1367.846837,1441.373218
OECD ENV-Growth 2025,SSP1,1,Guatemala,billion USD_2017/yr,GDP|PPP,ANNUAL,,,,,,,,,,176.378,213.235,260.681,321.183,395.226,478.958,570.614,669.871,775.314,881.937,988.289,1090.45,1186.02,1274.94,1356.38,1429.29
OECD ENV-Growth 2025,SSP1,1,Guinea,billion USD_2010/yr,GDP|PPP,ANNUAL,,,,,,,,,,39.27564537,51.65191735,70.82689513,97.61691142,133.699453,178.9504875,233.45842,298.2381411,374.3248744,460.6347736,556.6453643,659.6700157,768.3039707,881.9222052,999.9500861,1121.374491
OECD ENV-Growth 2025,SSP1,1,Guinea,billion USD_2015/yr,GDP|PPP,ANNUAL,,,,,,,,,,38.71222343,50.91095374,69.81086021,96.21656498,131.7814907,176.3833843,230.1093828,293.9598176,368.955062,454.0268175,548.660105,650.2068341,757.2823996,869.2707434,985.6054759,1105.288008
OECD ENV-Growth 2025,SSP1,1,Guinea,billion USD_2017/yr,GDP|PPP,ANNUAL,,,,,,,,,,44.4269,58.4264,80.1163,110.42,151.235,202.421,264.078,337.354,423.42,521.05,629.653,746.19,869.072,997.592,1131.1,1268.45
OECD ENV-Growth 2025,SSP1,1,Guinea-Bissau,billion USD_2010/yr,GDP|PPP,ANNUAL,,,,,,,,,,3.911583379,4.96866014,6.379731999,8.247565869,10.74576109,13.94226014,17.89086807,22.71291853,28.48719489,35.19452775,42.79832094,51.22189685,60.34849632,70.09635894,80.35831027,90.987167
OECD ENV-Growth 2025,SSP1,1,Guinea-Bissau,billion USD_2015/yr,GDP|PPP,ANNUAL,,,,,,,,,,4.732132742,6.01095696,7.71803532,9.977692589,12.99994477,16.86698692,21.64391101,27.47750336,34.46307406,42.57743245,51.77630545,61.96693045,73.00805523,84.80076815,97.21541235,110.0739292
OECD ENV-Growth 2025,SSP1,1,Guinea-Bissau,billion USD_2017/yr,GDP|PPP,ANNUAL,,,,,,,,,,5.38701,6.84281,8.78613,11.3585,14.799,19.2012,24.6392,31.2801,39.2324,48.4697,58.9416,70.5425,83.1116,96.5363,110.669,125.307
OECD ENV-Growth 2025,SSP1,1,Guyana,billion USD_2010/yr,GDP|PPP,ANNUAL,,,,,,,,,,50.97883873,106.3744578,168.1669377,222.4743211,246.4665072,240.7484993,220.1664092,196.4155398,175.1274699,157.2811582,142.4110859,129.8780203,119.3311111,110.4528812,102.9686404,96.64648502
OECD ENV-Growth 2025,SSP1,1,Guyana,billion USD_2015/yr,GDP|PPP,ANNUAL,,,,,,,,,,59.23766403,123.6076487,195.4108176,258.516267,286.3953066,279.750953,255.8344619,228.2358336,203.4989906,182.7614877,165.4823897,150.9189053,138.6633443,128.3467971,119.650072,112.303696
OECD ENV-Growth 2025,SSP1,1,Guyana,billion USD_2017/yr,GDP|PPP,ANNUAL,,,,,,,,,,59.5733,124.308,196.518,259.981,288.018,281.336,257.284,229.529,204.652,183.797,166.42,151.774,139.449,129.074,120.328,112.94
OECD ENV-Growth 2025,SSP1,1,Haiti,billion USD_2010/yr,GDP|PPP,ANNUAL,,,,,,,,,,29.97246171,33.49013284,42.47316755,56.48774872,77.38739204,105.5887084,142.0275164,188.0514862,244.9904414,311.120096,385.9425672,467.8104481,555.2438183,647.2524033,742.7571517,840.0081512
OECD ENV-Growth 2025,SSP1,1,Haiti,billion USD_2015/yr,GDP|PPP,ANNUAL,,,,,,,,,,30.59812562,34.18922682,43.35977902,57.66690932,79.00282487,107.7928331,144.9922876,191.9769906,250.1045251,317.6146115,393.9989737,477.575816,566.8343251,660.7635549,758.261929,857.5430068
OECD ENV-Growth 2025,SSP1,1,Haiti,billion USD_2017/yr,GDP|PPP,ANNUAL,,,,,,,,,,32.7487,36.5922,46.4073,61.72,84.5555,115.369,155.183,205.47,267.683,339.938,421.691,511.142,606.674,707.205,811.556,917.815
OECD ENV-Growth 2025,SSP1,1,Honduras,billion USD_2010/yr,GDP|PPP,ANNUAL,,,,,,,,,,50.82678225,61.36947254,76.22794395,97.5596988,126.619126,162.7669569,205.9092386,256.26183,313.8588959,377.6040591,445.4373421,514.3561316,582.4246853,648.445685,711.005177,768.3475604
OECD ENV-Growth 2025,SSP1,1,Honduras,billion USD_2015/yr,GDP|PPP,ANNUAL,,,,,,,,,,59.76431677,72.16086549,89.63209528,114.7148902,148.8842146,191.388389,242.1169395,301.3236823,369.0487897,444.0030945,523.7643864,604.8020634,684.8399967,762.470328,836.0304695,903.4561103
OECD ENV-Growth 2025,SSP1,1,Honduras,billion USD_2017/yr,GDP|PPP,ANNUAL,,,,,,,,,,65.4587,79.0364,98.1723,125.645,163.07,209.624,265.186,330.034,404.212,486.308,573.669,662.428,750.092,835.119,915.688,989.538
OECD ENV-Growth 2025,SSP1,1,Hong Kong,billion USD_2010/yr,GDP|PPP,ANNUAL,,,,,,,,,,454.7715544,513.231703,553.3071151,569.5207729,571.6592902,567.0518532,559.6680788,552.3886923,547.0716085,541.9786237,536.3799797,528.3976502,518.1618808,506.1218273,493.135578,480.0315331
OECD ENV-Growth 2025,SSP1,1,Hong Kong,billion USD_2015/yr,GDP|PPP,ANNUAL,,,,,,,,,,468.1456241,528.3249878,569.5789506,586.2694249,588.4708324,583.7278985,576.1269795,568.6335185,563.1600682,557.9173072,552.1540165,543.93694,533.4001539,521.0060225,507.6378694,494.1484565
OECD ENV-Growth 2025,SSP1,1,Hong Kong,billion USD_2017/yr,GDP|PPP,ANNUAL,,,,,,,,,,474.864,535.907,577.753,594.683,596.916,592.105,584.395,576.794,571.242,565.924,560.078,551.743,541.055,528.483,514.923,501.24
OECD ENV-Growth 2025,SSP1,1,Hungary,billion USD_2010/yr,GDP|PPP,ANNUAL,,,,,,,,,,316.6928994,361.0096859,402.5618368,439.4117977,469.9720353,494.1483814,513.8757255,531.0534219,545.7383267,556.5943181,563.4064083,566.6667592,566.8648677,563.8497094,557.5208974,547.9628277
OECD ENV-Growth 2025,SSP1,1,Hungary,billion USD_2015/yr,GDP|PPP,ANNUAL,,,,,,,,,,347.0974198,395.6688979,441.210318,481.5981081,515.0923217,541.5897499,563.2110437,582.0379075,598.1326561,610.0308912,617.4969851,621.0703504,621.2874785,617.982846,611.046428,600.5707232
OECD ENV-Growth 2025,SSP1,1,Hungary,billion USD_2017/yr,GDP|PPP,ANNUAL,,,,,,,,,,356.484,406.369,453.142,494.622,529.022,556.236,578.442,597.778,614.308,626.528,634.196,637.866,638.089,634.695,627.571,616.812
OECD ENV-Growth 2025,SSP1,1,Iceland,billion USD_2010/yr,GDP|PPP,ANNUAL,,,,,,,,,,19.4792561,22.30324035,25.45038711,28.81643957,32.05133298,34.83081535,37.22285472,39.441915,41.58119036,43.53566973,45.22607104,46.58383958,47.40607693,47.60176791,47.29679169,46.70971875
OECD ENV-Growth 2025,SSP1,1,Iceland,billion USD_2015/yr,GDP|PPP,ANNUAL,,,,,,,,,,21.93141798,25.11090178,28.65422964,32.44402034,36.08614092,39.21552067,41.90868385,44.40709233,46.81567209,49.01619267,50.91939151,52.44808385,53.37382921,53.59415491,53.25078651,52.58980942
OECD ENV-Growth 2025,SSP1,1,Iceland,billion USD_2017/yr,GDP|PPP,ANNUAL,,,,,,,,,,23.2428,26.6124,30.3676,34.384,38.2439,41.5604,44.4146,47.0624,49.615,51.9471,53.9641,55.5842,56.5653,56.7988,56.4349,55.7344
OECD ENV-Growth 2025,SSP1,1,India,billion USD_2010/yr,GDP|PPP,ANNUAL,,,,,,,,,,11643.33058,15479.72798,19947.39385,25178.00262,31021.94218,37090.59557,43318.51982,49715.86648,56188.41343,62398.59712,68210.40654,73354.97356,77736.20345,81344.73313,84171.10097,86232.55474
OECD ENV-Growth 2025,SSP1,1,India,billion USD_2015/yr,GDP|PPP,ANNUAL,,,,,,,,,,11852.80934,15758.22855,20306.27357,25630.98784,31580.06752,37757.90393,44097.87669,50610.31999,57199.31652,63521.22954,69437.60102,74674.72554,79134.77949,82808.23134,85685.44924,87783.99126
OECD ENV-Growth 2025,SSP1,1,India,billion USD_2017/yr,GDP|PPP,ANNUAL,,,,,,,,,,11813.6,15706.1,20239.1,25546.2,31475.6,37633,43952,50442.9,57010.1,63311.1,69207.9,74427.7,78873,82534.3,85402,87493.6
OECD ENV-Growth 2025,SSP1,1,Indonesia,billion USD_2010/yr,GDP|PPP,ANNUAL,,,,,,,,,,4072.401067,5081.552462,6205.306895,7478.772067,8802.650667,10046.2435,11245.24338,12398.15158,13477.97006,14464.47596,15344.01629,16103.55398,16745.55272,17261.69753,17642.03097,17875.97967
OECD ENV-Growth 2025,SSP1,1,Indonesia,billion USD_2015/yr,GDP|PPP,ANNUAL,,,,,,,,,,4005.265664,4997.780735,6103.00956,7355.481073,8657.534927,9880.626557,11059.86038,12193.76236,13255.77953,14226.02243,15091.06313,15838.07949,16469.49459,16977.13052,17351.19399,17581.28593
OECD ENV-Growth 2025,SSP1,1,Indonesia,billion USD_2017/yr,GDP|PPP,ANNUAL,,,,,,,,,,3967.11,4950.17,6044.87,7285.41,8575.06,9786.5,10954.5,12077.6,13129.5,14090.5,14947.3,15687.2,16312.6,16815.4,17185.9,17413.8
OECD ENV-Growth 2025,SSP1,1,Iran,billion USD_2010/yr,GDP|PPP,ANNUAL,,,,,,,,,,1790.947745,1989.337052,2232.128817,2466.219936,2719.972571,2980.906884,3252.364604,3552.062968,3877.52302,4192.90928,4486.568229,4757.151023,5005.386768,5235.16402,5452.036124,5659.490629
OECD ENV-Growth 2025,SSP1,1,Iran,billion USD_2015/yr,GDP|PPP,ANNUAL,,,,,,,,,,1454.626442,1615.760307,1812.958312,2003.089561,2209.190098,2421.123669,2641.604461,2885.022599,3149.364649,3405.524659,3644.037521,3863.80769,4065.427351,4252.054832,4428.200618,4596.697331
OECD ENV-Growth 2025,SSP1,1,Iran,billion USD_2017/yr,GDP|PPP,ANNUAL,,,,,,,,,,1473.82,1637.08,1836.88,2029.52,2238.34,2453.07,2676.46,2923.09,3190.92,3450.46,3692.12,3914.79,4119.07,4308.16,4486.63,4657.35
OECD ENV-Growth 2025,SSP1,1,Iraq,billion USD_2010/yr,GDP|PPP,ANNUAL,,,,,,,,,,629.8446572,733.815475,964.8870391,1431.840593,2025.286694,2680.415434,3375.444821,4107.404583,4872.009044,5646.641707,6419.492207,7171.437654,7896.113179,8592.1468,9254.220318,9853.451377
OECD ENV-Growth 2025,SSP1,1,Iraq,billion USD_2015/yr,GDP|PPP,ANNUAL,,,,,,,,,,451.6589334,526.2159661,691.9164051,1026.766819,1452.324502,1922.114544,2420.517171,2945.402413,3493.69703,4049.182829,4603.390646,5142.607538,5662.269285,6161.392044,6636.162156,7065.868208
OECD ENV-Growth 2025,SSP1,1,Iraq,billion USD_2017/yr,GDP|PPP,ANNUAL,,,,,,,,,,445.304,518.812,682.181,1012.32,1431.89,1895.07,2386.46,2903.96,3444.54,3992.21,4538.62,5070.25,5582.6,6074.7,6542.79,6966.45
OECD ENV-Growth 2025,SSP1,1,Ireland,billion USD_2010/yr,GDP|PPP,ANNUAL,,,,,,,,,,481.1713194,543.5819615,607.640412,686.4937186,783.3336547,890.6215171,995.4469242,1096.61769,1191.726904,1275.155757,1344.537587,1400.146089,1440.991129,1469.286422,1488.58196,1493.870725
OECD ENV-Growth 2025,SSP1,1,Ireland,billion USD_2015/yr,GDP|PPP,ANNUAL,,,,,,,,,,584.2219483,659.99884,737.7764449,833.5174638,951.0972402,1081.362535,1208.638001,1331.476125,1446.954517,1548.251009,1632.492081,1700.010044,1749.602711,1783.957899,1807.38589,1813.807329
OECD ENV-Growth 2025,SSP1,1,Ireland,billion USD_2017/yr,GDP|PPP,ANNUAL,,,,,,,,,,597.738,675.268,754.845,852.801,973.101,1106.38,1236.6,1362.28,1480.43,1584.07,1670.26,1739.34,1790.08,1825.23,1849.2,1855.77
OECD ENV-Growth 2025,SSP1,1,Israel,billion USD_2010/yr,GDP|PPP,ANNUAL,,,,,,,,,,394.4461925,472.8613126,561.7756248,663.6281368,773.3176283,880.7622408,992.0825834,1109.61162,1233.152656,1359.011263,1485.382985,1610.429159,1733.653774,1855.108142,1974.578465,2091.312173
OECD ENV-Growth 2025,SSP1,1,Israel,billion USD_2015/yr,GDP|PPP,ANNUAL,,,,,,,,,,439.578233,526.9655131,626.0532898,739.559639,861.799665,981.5379558,1105.595433,1236.571995,1374.248442,1514.507633,1655.33865,1794.692451,1932.016273,2067.367298,2200.507265,2330.597498
OECD ENV-Growth 2025,SSP1,1,Israel,billion USD_2017/yr,GDP|PPP,ANNUAL,,,,,,,,,,461.237,552.93,656.9,775.999,904.262,1029.9,1160.07,1297.5,1441.96,1589.13,1736.9,1883.12,2027.21,2169.23,2308.93,2445.43
OECD ENV-Growth 2025,SSP1,1,Italy,billion USD_2010/yr,GDP|PPP,ANNUAL,,,,,,,,,,2207.353065,2322.306924,2490.5763,2687.382251,2903.96521,3114.540903,3312.706523,3495.742732,3662.949094,3806.497211,3922.003178,4009.516438,4061.406363,4079.288074,4061.15091,4007.209121
OECD ENV-Growth 2025,SSP1,1,Italy,billion USD_2015/yr,GDP|PPP,ANNUAL,,,,,,,,,,2455.881923,2583.778592,2770.993645,2989.958243,3230.926569,3465.211263,3685.688618,3889.33312,4075.365472,4235.075865,4363.586804,4460.953301,4518.685582,4538.580619,4518.401367,4458.386199
OECD ENV-Growth 2025,SSP1,1,Italy,billion USD_2017/yr,GDP|PPP,ANNUAL,,,,,,,,,,2678.69,2818.19,3022.39,3261.22,3524.05,3779.59,4020.07,4242.19,4445.1,4619.3,4759.47,4865.67,4928.64,4950.34,4928.33,4862.87
OECD ENV-Growth 2025,SSP1,1,Jamaica,billion USD_2010/yr,GDP|PPP,ANNUAL,,,,,,,,,,25.13869857,27.11439482,30.02088871,34.61724337,40.84282702,48.07349888,56.11853537,65.03981757,74.79620246,84.99191785,95.3401288,105.3685238,114.8697222,123.6538334,131.5876006,138.2246141
OECD ENV-Growth 2025,SSP1,1,Jamaica,billion USD_2015/yr,GDP|PPP,ANNUAL,,,,,,,,,,27.95967651,30.15707858,33.38972918,38.50187088,45.42606803,53.46814092,62.41596363,72.33836131,83.18957403,94.52941739,106.0388688,117.1926157,127.7600058,137.5298396,146.3539067,153.735703
OECD ENV-Growth 2025,SSP1,1,Jamaica,billion USD_2017/yr,GDP|PPP,ANNUAL,,,,,,,,,,30.1838,32.556,36.0458,41.5646,49.0396,57.7214,67.381,78.0927,89.8071,102.049,114.474,126.515,137.923,148.47,157.996,165.965
OECD ENV-Growth 2025,SSP1,1,Japan,billion USD_2010/yr,GDP|PPP,ANNUAL,,,,,,,,,,5029.84449,5243.360257,5566.706143,5943.58876,6368.995999,6775.821315,7136.442428,7448.743115,7717.651948,7930.601532,8076.750866,8156.601159,8181.225456,8159.172184,8085.419955,7933.942937
OECD ENV-Growth 2025,SSP1,1,Japan,billion USD_2015/yr,GDP|PPP,ANNUAL,,,,,,,,,,5485.705443,5718.572404,6071.223523,6482.263472,6946.225889,7389.922281,7783.226926,8123.831806,8417.112175,8649.36164,8808.756666,8895.843889,8922.699916,8898.647929,8818.211445,8653.00588
OECD ENV-Growth 2025,SSP1,1,Japan,billion USD_2017/yr,GDP|PPP,ANNUAL,,,,,,,,,,5419.11,5649.15,5997.52,6403.57,6861.9,7300.21,7688.74,8025.21,8314.93,8544.36,8701.82,8787.85,8814.38,8790.62,8711.16,8547.96
OECD ENV-Growth 2025,SSP1,1,Jordan,billion USD_2010/yr,GDP|PPP,ANNUAL,,,,,,,,,,95.37545278,110.8918763,131.9890317,161.1711044,198.7932091,243.1390972,293.3506447,349.1454308,409.1631573,471.5313254,534.8119294,598.1017246,660.8241718,721.8036325,779.966407,834.2463156
OECD ENV-Growth 2025,SSP1,1,Jordan,billion USD_2015/yr,GDP|PPP,ANNUAL,,,,,,,,,,106.3818844,123.6889201,147.2207104,179.7704262,221.7341629,271.1976151,327.2036301,389.4371956,456.3810335,525.9465564,596.5298113,667.1233181,737.0840044,805.1005616,869.9753839,930.5192533
OECD ENV-Growth 2025,SSP1,1,Jordan,billion USD_2017/yr,GDP|PPP,ANNUAL,,,,,,,,,,114.145,132.715,157.964,192.889,237.915,290.988,351.081,417.856,489.685,564.327,640.061,715.806,790.872,863.852,933.461,998.423
OECD ENV-Growth 2025,SSP1,1,Kazakhstan,billion USD_2010/yr,GDP|PPP,ANNUAL,,,,,,,,,,537.2061469,617.7294337,716.658175,818.396233,917.165312,1007.902366,1097.202461,1190.914031,1293.337806,1400.182286,1507.312867,1614.766463,1724.951852,1839.641008,1959.31384,2082.041481
OECD ENV-Growth 2025,SSP1,1,Kazakhstan,billion USD_2015/yr,GDP|PPP,ANNUAL,,,,,,,,,,554.3618792,637.4566852,739.5447258,844.5317989,946.4550784,1040.08983,1132.241731,1228.94599,1334.640679,1444.897248,1555.449054,1666.334192,1780.038363,1898.390128,2021.884724,2148.531685
OECD ENV-Growth 2025,SSP1,1,Kazakhstan,billion USD_2017/yr,GDP|PPP,ANNUAL,,,,,,,,,,582.083,669.333,776.526,886.763,993.783,1092.1,1188.86,1290.4,1401.38,1517.15,1633.23,1749.66,1869.05,1993.32,2122.99,2255.97
OECD ENV-Growth 2025,SSP1,1,Kenya,billion USD_2010/yr,GDP|PPP,ANNUAL,,,,,,,,,,216.9011913,282.4473347,367.2121239,475.7252393,614.4180926,781.9774153,977.5759688,1203.191073,1460.030737,1740.521944,2042.192164,2359.84201,2689.586076,3026.662967,3367.448658,3707.761036
OECD ENV-Growth 2025,SSP1,1,Kenya,billion USD_2015/yr,GDP|PPP,ANNUAL,,,,,,,,,,277.4724421,361.3228274,469.7588065,608.5750064,785.9988576,1000.350352,1250.571238,1539.191017,1867.755043,2226.575481,2612.489324,3018.845224,3440.672741,3871.88083,4307.833429,4743.180537
OECD ENV-Growth 2025,SSP1,1,Kenya,billion USD_2017/yr,GDP|PPP,ANNUAL,,,,,,,,,,307.035,399.819,519.808,673.414,869.741,1106.93,1383.81,1703.18,2066.75,2463.8,2890.83,3340.48,3807.25,4284.4,4766.8,5248.53
OECD ENV-Growth 2025,SSP1,1,Kiribati,billion USD_2010/yr,GDP|PPP,ANNUAL,,,,,,,,,,0.225132394,0.258195936,0.34139373,0.487394184,0.724653823,1.069022177,1.550818692,2.217429964,3.113858085,4.265238717,5.685563806,7.36894997,9.319687361,11.53819431,14.00654476,16.679701
OECD ENV-Growth 2025,SSP1,1,Kiribati,billion USD_2015/yr,GDP|PPP,ANNUAL,,,,,,,,,,0.245533534,0.281593241,0.372330287,0.53156107,0.7903208,1.165895267,1.691351416,2.418369942,3.396030954,4.651747867,6.200780558,8.036712499,10.16422261,12.58376714,15.27579557,18.19118898
OECD ENV-Growth 2025,SSP1,1,Kiribati,billion USD_2017/yr,GDP|PPP,ANNUAL,,,,,,,,,,0.252937,0.290084,0.383557,0.547589,0.814151,1.20105,1.74235,2.49129,3.49843,4.79201,6.38775,8.27904,10.4707,12.9632,15.7364,18.7397
OECD ENV-Growth 2025,SSP1,1,Kosovo,billion USD_2010/yr,GDP|PPP,ANNUAL,,,,,,,,,,23.37215575,27.76051959,32.41132844,37.10022438,41.55870946,45.47619843,49.02627404,52.37965491,55.83047767,59.38947025,62.82770197,66.06012164,69.03211393,71.77090484,74.26390076,76.49780605
OECD ENV-Growth 2025,SSP1,1,Kosovo,billion USD_2015/yr,GDP|PPP,ANNUAL,,,,,,,,,,24.43540657,29.02340675,33.88579112,38.78799527,43.44930665,47.54501082,51.25658718,54.76252074,58.37032902,62.091228,65.68587246,69.06534201,72.17253677,75.03592132,77.6423291,79.97785967
OECD ENV-Growth 2025,SSP1,1,Kosovo,billion USD_2017/yr,GDP|PPP,ANNUAL,,,,,,,,,,24.66538663,29.29656795,34.20471589,39.15305838,43.85824088,47.99249282,51.73900163,55.27793218,58.91969627,62.67561544,66.30409181,69.71536811,72.85180702,75.74214104,78.3730797,80.73059171
OECD ENV-Growth 2025,SSP1,1,Kuwait,billion USD_2010/yr,GDP|PPP,ANNUAL,,,,,,,,,,282.4568296,319.5577004,364.9491777,411.5730595,456.3895814,499.7312178,540.873025,580.277467,613.3636493,635.6531695,652.9118301,666.3820347,678.2123666,690.1964366,702.149259,711.5610286
OECD ENV-Growth 2025,SSP1,1,Kuwait,billion USD_2015/yr,GDP|PPP,ANNUAL,,,,,,,,,,194.4170166,219.9538061,251.1970783,283.288623,314.1361494,343.9685017,372.286696,399.4090498,422.1825011,437.5245342,449.4037913,458.6754276,466.818328,475.0670474,483.2942589,489.7724459
OECD ENV-Growth 2025,SSP1,1,Kuwait,billion USD_2017/yr,GDP|PPP,ANNUAL,,,,,,,,,,225.983,255.666,291.982,329.284,365.14,399.816,432.732,464.258,490.729,508.562,522.37,533.147,542.612,552.2,561.763,569.293
OECD ENV-Growth 2025,SSP1,1,Kyrgyzstan,billion USD_2010/yr,GDP|PPP,ANNUAL,,,,,,,,,,29.43225749,35.89256617,44.47724785,55.28437229,68.34769755,83.14244606,99.68463984,118.110727,138.5183303,160.4864053,183.5350363,207.3959474,232.1354621,257.9652206,284.85765,312.52957
OECD ENV-Growth 2025,SSP1,1,Kyrgyzstan,billion USD_2015/yr,GDP|PPP,ANNUAL,,,,,,,,,,34.64380711,42.24803821,52.35280358,65.07353812,80.44997742,97.86442189,117.3357306,139.0245123,163.0456759,188.9036229,216.0334592,244.1194053,273.239529,303.6429451,335.2971984,367.8689664
OECD ENV-Growth 2025,SSP1,1,Kyrgyzstan,billion USD_2017/yr,GDP|PPP,ANNUAL,,,,,,,,,,39.4952,48.1643,59.6841,74.1862,91.7159,111.569,133.767,158.493,185.878,215.357,246.286,278.305,311.503,346.164,382.251,419.384
OECD ENV-Growth 2025,SSP1,1,Laos,billion USD_2010/yr,GDP|PPP,ANNUAL,,,,,,,,,,52.88865769,66.11450812,83.56946918,104.7581264,130.1887046,158.7131055,189.8471137,223.5947575,259.8456584,296.2730039,332.1992146,366.0669051,397.7157448,427.2319415,454.6936465,479.9832302
OECD ENV-Growth 2025,SSP1,1,Laos,billion USD_2015/yr,GDP|PPP,ANNUAL,,,,,,,,,,61.87919712,77.35330899,97.77543772,122.5659534,152.3194739,185.6927359,222.119212,261.6036156,304.0168048,346.6364323,388.6697371,428.2945942,465.323418,499.857071,531.9869895,561.5755478
OECD ENV-Growth 2025,SSP1,1,Laos,billion USD_2017/yr,GDP|PPP,ANNUAL,,,,,,,,,,65.6445,82.0602,103.725,130.024,161.588,196.992,235.635,277.522,322.516,367.729,412.32,454.356,493.638,530.273,564.358,595.747
OECD ENV-Growth 2025,SSP1,1,Latvia,billion USD_2010/yr,GDP|PPP,ANNUAL,,,,,,,,,,54.21181536,59.43584554,64.27184504,69.18678872,73.92603144,78.50922561,82.52032543,86.48986248,90.51818952,94.36170023,97.80296362,100.8026749,103.3599977,105.5334712,107.3841434,108.8484574
OECD ENV-Growth 2025,SSP1,1,Latvia,billion USD_2015/yr,GDP|PPP,ANNUAL,,,,,,,,,,60.79490971,66.65330868,72.0765573,77.58833652,82.90307891,88.04282334,92.54100237,96.99257155,101.5100698,105.8203089,109.6794546,113.0434293,115.9112951,118.3486997,120.4241042,122.066234
OECD ENV-Growth 2025,SSP1,1,Latvia,billion USD_2017/yr,GDP|PPP,ANNUAL,,,,,,,,,,64.8255,71.0723,76.8551,82.7323,88.3994,93.8799,98.6763,103.423,108.24,112.836,116.951,120.538,123.596,126.195,128.408,130.159
OECD ENV-Growth 2025,SSP1,1,Lebanon,billion USD_2010/yr,GDP|PPP,ANNUAL,,,,,,,,,,53.76674551,60.31660646,68.96851257,80.95745784,96.66643941,114.9601305,135.3506171,157.6024343,181.3666308,205.7993932,230.1503219,253.9623834,277.1954329,299.492799,319.9465909,337.9685324
OECD ENV-Growth 2025,SSP1,1,Lebanon,billion USD_2015/yr,GDP|PPP,ANNUAL,,,,,,,,,,64.55706197,72.42139847,82.80963442,97.20461175,116.0661904,138.0311976,162.513801,189.2312808,217.7646557,247.1007693,276.3386262,304.929472,332.8251053,359.5972752,384.1558885,405.7946093
OECD ENV-Growth 2025,SSP1,1,Lebanon,billion USD_2017/yr,GDP|PPP,ANNUAL,,,,,,,,,,69.6446,78.1287,89.3356,104.865,125.213,148.909,175.321,204.144,234.926,266.574,298.116,328.96,359.054,387.936,414.43,437.774
OECD ENV-Growth 2025,SSP1,1,Lesotho,billion USD_2010/yr,GDP|PPP,ANNUAL,,,,,,,,,,5.313581686,5.954739944,7.217288498,8.859903935,10.91300954,13.35315105,16.18102805,19.46973895,23.30036468,27.63864317,32.41712656,37.55751434,43.05352813,48.92669384,55.17566609,61.76770757
OECD ENV-Growth 2025,SSP1,1,Lesotho,billion USD_2015/yr,GDP|PPP,ANNUAL,,,,,,,,,,6.55329478,7.344041834,8.901155911,10.92701037,13.45912658,16.46857812,19.95622782,24.01222869,28.73657868,34.08702203,39.9803746,46.32006756,53.09835773,60.34179322,68.04871478,76.17874712
OECD ENV-Growth 2025,SSP1,1,Lesotho,billion USD_2017/yr,GDP|PPP,ANNUAL,,,,,,,,,,5.9243,6.63915,8.04681,9.87822,12.1673,14.8879,18.0408,21.7075,25.9784,30.8153,36.143,41.8742,48.0019,54.5501,61.5173,68.867
OECD ENV-Growth 2025,SSP1,1,Liberia,billion USD_2010/yr,GDP|PPP,ANNUAL,,,,,,,,,,6.211765735,8.485812245,11.32873713,15.15413931,20.42007506,27.32864241,36.07614122,46.97665127,60.27795745,76.02043747,94.41114925,115.3628406,138.7274135,164.3896029,192.11329,221.605073
OECD ENV-Growth 2025,SSP1,1,Liberia,billion USD_2015/yr,GDP|PPP,ANNUAL,,,,,,,,,,6.993447187,9.553657093,12.75433238,17.06111876,22.9897138,30.76764732,40.61592132,52.88813901,67.86326626,85.58676185,106.2917396,129.8799678,156.1847116,185.0762014,216.2886054,249.4916004
OECD ENV-Growth 2025,SSP1,1,Liberia,billion USD_2017/yr,GDP|PPP,ANNUAL,,,,,,,,,,8.89204,12.1473,16.2169,21.6929,29.231,39.1205,51.6424,67.2463,86.2869,108.822,135.148,165.14,198.586,235.321,275.007,317.224
OECD ENV-Growth 2025,SSP1,1,Libya,billion USD_2010/yr,GDP|PPP,ANNUAL,,,,,,,,,,150.8733518,172.5580526,187.2053707,219.08324,268.4885396,332.2741589,408.3108582,494.18023,586.7660082,682.1605706,779.6217196,878.4082215,977.8212539,1077.30465,1174.812066,1264.386643
OECD ENV-Growth 2025,SSP1,1,Libya,billion USD_2015/yr,GDP|PPP,ANNUAL,,,,,,,,,,181.6225316,207.7267455,225.3593026,263.7341332,323.2086227,399.9942546,491.5278333,594.8980607,706.3535511,821.1902782,938.5147785,1057.434749,1177.108942,1296.86784,1414.248036,1522.078619
OECD ENV-Growth 2025,SSP1,1,Libya,billion USD_2017/yr,GDP|PPP,ANNUAL,,,,,,,,,,156.525,179.022,194.218,227.29,278.546,344.721,423.606,512.692,608.746,707.714,808.826,911.313,1014.45,1117.66,1218.82,1311.75
OECD ENV-Growth 2025,SSP1,1,Lithuania,billion USD_2010/yr,GDP|PPP,ANNUAL,,,,,,,,,,99.13993081,112.9465306,121.5893999,128.7222642,134.6749911,137.9661138,139.572645,140.2860993,140.7116538,140.9517102,140.6923486,139.9478381,138.766022,137.2241213,135.4472005,133.537661
OECD ENV-Growth 2025,SSP1,1,Lithuania,billion USD_2015/yr,GDP|PPP,ANNUAL,,,,,,,,,,110.7621122,126.1872606,135.8433342,143.8123846,150.4629502,154.1398915,155.9347565,156.7318491,157.2072914,157.4754896,157.185723,156.3539334,155.0335729,153.3109152,151.3256857,149.1922908
OECD ENV-Growth 2025,SSP1,1,Lithuania,billion USD_2017/yr,GDP|PPP,ANNUAL,,,,,,,,,,118.114,134.563,144.86,153.358,160.45,164.371,166.285,167.135,167.642,167.928,167.619,166.732,165.324,163.487,161.37,159.095
OECD ENV-Growth 2025,SSP1,1,Luxembourg,billion USD_2010/yr,GDP|PPP,ANNUAL,,,,,,,,,,62.83422514,72.24041754,78.12416979,82.21678005,84.94912398,87.4531164,89.73820634,91.93510535,94.06822342,95.82259295,97.09663689,97.82421205,97.99586939,97.61397117,96.70371481,95.28714803
OECD ENV-Growth 2025,SSP1,1,Luxembourg,billion USD_2015/yr,GDP|PPP,ANNUAL,,,,,,,,,,76.04202125,87.42540159,94.54592249,99.49880215,102.8054866,105.8358199,108.6012373,111.2599259,113.8414268,115.964566,117.5064149,118.3869268,118.5946666,118.1324931,117.0309003,115.3165702
OECD ENV-Growth 2025,SSP1,1,Luxembourg,billion USD_2017/yr,GDP|PPP,ANNUAL,,,,,,,,,,79.7977,91.7433,99.2155,104.413,107.883,111.063,113.965,116.755,119.464,121.692,123.31,124.234,124.452,123.967,122.811,121.012
OECD ENV-Growth 2025,SSP1,1,Macao,billion USD_2010/yr,GDP|PPP,ANNUAL,,,,,,,,,,69.80923731,85.08629167,101.4804099,117.3726759,131.1276422,141.6538858,149.3545751,155.0858111,159.2288326,160.8465677,159.9668504,156.567751,150.9478503,143.4495887,134.5545755,124.9046755
OECD ENV-Growth 2025,SSP1,1,Macao,billion USD_2015/yr,GDP|PPP,ANNUAL,,,,,,,,,,80.61356317,98.25503633,117.1864605,135.5383613,151.4221739,163.5775566,172.4700762,179.0883314,183.8725654,185.7406763,184.7248058,180.7996301,174.3099414,165.6511792,155.3794912,144.236083
OECD ENV-Growth 2025,SSP1,1,Macao,billion USD_2017/yr,GDP|PPP,ANNUAL,,,,,,,,,,82.7664,100.879,120.316,139.158,155.466,167.946,177.076,183.871,188.783,190.701,189.658,185.628,178.965,170.075,159.529,148.088
OECD ENV-Growth 2025,SSP1,1,Madagascar,billion USD_2010/yr,GDP|PPP,ANNUAL,,,,,,,,,,50.27091399,63.58833739,83.53369017,111.1068291,149.1108708,198.5345056,261.0230796,339.2476868,435.7667665,551.2384573,686.2882873,838.5485387,1006.774085,1190.529131,1389.304756,1601.766896
OECD ENV-Growth 2025,SSP1,1,Madagascar,billion USD_2015/yr,GDP|PPP,ANNUAL,,,,,,,,,,50.87404531,64.35124609,84.53589564,112.4398466,150.8998464,200.9164471,264.1547353,343.3178516,440.9949305,557.8520068,694.5221133,848.6091254,1018.852978,1204.812647,1405.973107,1620.984287
OECD ENV-Growth 2025,SSP1,1,Madagascar,billion USD_2017/yr,GDP|PPP,ANNUAL,,,,,,,,,,50.8714,64.3479,84.5315,112.434,150.892,200.906,264.141,343.3,440.972,557.823,694.486,848.565,1018.8,1204.75,1405.9,1620.9
OECD ENV-Growth 2025,SSP1,1,Malawi,billion USD_2010/yr,GDP|PPP,ANNUAL,,,,,,,,,,34.73139944,43.50939737,57.16071311,79.30578566,112.0037678,156.5041906,213.7834335,285.6858728,373.5558217,477.4068802,597.978682,734.8307946,887.5489395,1055.008497,1235.596291,1426.928127
OECD ENV-Growth 2025,SSP1,1,Malawi,billion USD_2015/yr,GDP|PPP,ANNUAL,,,,,,,,,,32.75851567,41.03788786,53.91375373,74.8008967,105.6415014,147.6141205,201.6396709,269.4577613,352.3363422,450.2882411,564.0110775,693.0894374,837.1325747,995.0797527,1165.409431,1345.872846
OECD ENV-Growth 2025,SSP1,1,Malawi,billion USD_2017/yr,GDP|PPP,ANNUAL,,,,,,,,,,33.199,41.5897,54.6387,75.8067,107.062,149.599,204.351,273.081,357.074,456.343,571.595,702.409,848.389,1008.46,1181.08,1363.97
OECD ENV-Growth 2025,SSP1,1,Malaysia,billion USD_2010/yr,GDP|PPP,ANNUAL,,,,,,,,,,1103.465846,1344.111437,1596.051996,1823.115285,2024.704168,2204.047225,2368.816128,2527.937547,2682.170551,2823.367785,2948.20958,3055.187916,3143.938439,3215.402396,3270.794301,3308.312625
OECD ENV-Growth 2025,SSP1,1,Malaysia,billion USD_2015/yr,GDP|PPP,ANNUAL,,,,,,,,,,1090.782619,1328.662231,1577.706988,1802.160413,2001.432235,2178.713924,2341.588975,2498.881454,2651.341705,2790.916019,2914.322884,3020.071611,3107.802037,3178.444588,3233.199818,3270.286908
OECD ENV-Growth 2025,SSP1,1,Malaysia,billion USD_2017/yr,GDP|PPP,ANNUAL,,,,,,,,,,1090.28,1328.05,1576.98,1801.33,2000.51,2177.71,2340.51,2497.73,2650.12,2789.63,2912.98,3018.68,3106.37,3176.98,3231.71,3268.78
OECD ENV-Growth 2025,SSP1,1,Maldives,billion USD_2010/yr,GDP|PPP,ANNUAL,,,,,,,,,,10.49892478,13.57771633,16.87085757,20.24415578,23.48864144,26.45990725,29.24029345,31.99151748,34.72371593,36.9986766,38.79854351,39.96354857,40.47996838,40.32955711,39.62849558,38.56571405
OECD ENV-Growth 2025,SSP1,1,Maldives,billion USD_2015/yr,GDP|PPP,ANNUAL,,,,,,,,,,13.0635058,16.89435629,20.99191587,25.18921241,29.22623126,32.92329062,36.38284404,39.80611183,43.20570665,46.03637384,48.27589573,49.72547753,50.36804364,50.18089129,49.30858087,47.98619282
OECD ENV-Growth 2025,SSP1,1,Maldives,billion USD_2017/yr,GDP|PPP,ANNUAL,,,,,,,,,,13.4647,17.4132,21.6366,25.9628,30.1238,33.9344,37.5002,41.0286,44.5326,47.4502,49.7585,51.2526,51.9149,51.722,50.8229,49.4599
OECD ENV-Growth 2025,SSP1,1,Mali,billion USD_2010/yr,GDP|PPP,ANNUAL,,,,,,,,,,47.67065031,62.25586099,86.19321483,119.9647952,166.7392407,228.0259579,305.3206238,400.9409802,516.8263442,654.0004352,812.7163941,992.2439736,1190.328932,1405.850584,1637.925081,1883.780744
OECD ENV-Growth 2025,SSP1,1,Mali,billion USD_2015/yr,GDP|PPP,ANNUAL,,,,,,,,,,52.77461893,68.92142899,95.42169108,132.809104,184.5915638,252.4400854,338.0104838,443.8686552,572.1615542,724.0225071,899.7317579,1098.480874,1317.774257,1556.371234,1813.293325,2085.472094
OECD ENV-Growth 2025,SSP1,1,Mali,billion USD_2017/yr,GDP|PPP,ANNUAL,,,,,,,,,,55.5534,72.5504,100.446,139.802,194.311,265.732,355.808,467.24,602.288,762.145,947.106,1156.32,1387.16,1638.32,1908.77,2195.28
OECD ENV-Growth 2025,SSP1,1,Malta,billion USD_2010/yr,GDP|PPP,ANNUAL,,,,,,,,,,24.68412602,29.44460754,34.13717313,37.87509558,40.8543972,43.21498479,45.2506796,47.19231086,48.84173387,50.2926726,51.36939462,52.01756718,52.20501512,51.97011093,51.41956751,50.71434557
OECD ENV-Growth 2025,SSP1,1,Malta,billion USD_2015/yr,GDP|PPP,ANNUAL,,,,,,,,,,26.88603,32.07116188,37.18231953,41.25367676,44.49874173,47.06990138,49.28718676,51.40201781,53.1985747,54.77894187,55.95171097,56.65770263,56.86187153,56.60601313,56.00635944,55.23822943
OECD ENV-Growth 2025,SSP1,1,Malta,billion USD_2017/yr,GDP|PPP,ANNUAL,,,,,,,,,,29.0761,34.6836,40.2111,44.6141,48.1235,50.9041,53.302,55.5891,57.532,59.2411,60.5094,61.2729,61.4937,61.217,60.5685,59.7378
OECD ENV-Growth 2025,SSP1,1,Mauritania,billion USD_2010/yr,GDP|PPP,ANNUAL,,,,,,,,,,28.15462676,35.19758592,45.61679344,58.15849145,73.42914504,91.33290984,112.0097534,136.0047162,163.5972757,193.9992562,227.1044689,262.2089567,298.629817,336.0979167,374.3468688,413.0562766
OECD ENV-Growth 2025,SSP1,1,Mauritania,billion USD_2015/yr,GDP|PPP,ANNUAL,,,,,,,,,,25.71100105,32.14268036,41.65757316,53.11073904,67.05600615,83.40584873,102.2880862,124.2004532,149.3981705,177.1614705,207.3933811,239.4510436,272.7108267,306.926956,341.8561651,377.2058657
OECD ENV-Growth 2025,SSP1,1,Mauritania,billion USD_2017/yr,GDP|PPP,ANNUAL,,,,,,,,,,30.756,38.4497,49.8316,63.5321,80.2137,99.7717,122.359,148.571,178.713,211.924,248.088,286.436,326.222,367.152,408.935,451.221
OECD ENV-Growth 2025,SSP1,1,Mauritius,billion USD_2010/yr,GDP|PPP,ANNUAL,,,,,,,,,,29.83356985,35.26392973,41.47258943,48.22655531,55.09090594,61.38384774,67.19435029,72.43215726,76.991939,80.95659895,84.20839952,86.71397711,88.4240676,89.38251238,89.60796932,89.1241514
OECD ENV-Growth 2025,SSP1,1,Mauritius,billion USD_2015/yr,GDP|PPP,ANNUAL,,,,,,,,,,31.19283549,36.87061135,43.36214761,50.42383509,57.60093663,64.18059503,70.25583346,75.73228338,80.49981614,84.64511241,88.04507026,90.66480602,92.45281099,93.45492406,93.69065319,93.18479174
OECD ENV-Growth 2025,SSP1,1,Mauritius,billion USD_2017/yr,GDP|PPP,ANNUAL,,,,,,,,,,32.4593,38.3676,45.1227,52.4711,59.9396,66.7864,73.1083,78.8071,83.7682,88.0818,91.6198,94.3459,96.2065,97.2493,97.4946,96.9682
OECD ENV-Growth 2025,SSP1,1,Mayotte,billion USD_2017/yr,GDP|PPP,ANNUAL,,,,,,,,,,9.50973,12.7402,16.6241,21.628,27.7655,34.9282,43.1786,52.7912,63.9632,76.7534,91.1736,107.479,125.961,146.931,170.707,197.602
OECD ENV-Growth 2025,SSP1,1,Mexico,billion USD_2010/yr,GDP|PPP,ANNUAL,,,,,,,,,,2369.886056,2713.266544,3145.603113,3667.752499,4270.044639,4895.375276,5516.252596,6117.026366,6695.745611,7240.670536,7730.603349,8146.704394,8481.509064,8726.806288,8872.281335,8900.867393
OECD ENV-Growth 2025,SSP1,1,Mexico,billion USD_2015/yr,GDP|PPP,ANNUAL,,,,,,,,,,2645.365254,3028.660817,3511.252854,4094.097687,4766.401191,5464.421222,6157.470276,6828.078913,7474.069372,8082.337208,8629.220564,9093.689834,9467.412713,9741.223664,9903.608954,9935.5179
OECD ENV-Growth 2025,SSP1,1,Mexico,billion USD_2017/yr,GDP|PPP,ANNUAL,,,,,,,,,,2793.85,3198.66,3708.34,4323.9,5033.94,5771.14,6503.09,7211.34,7893.59,8536,9113.58,9604.12,9998.82,10288,10459.5,10493.2
OECD ENV-Growth 2025,SSP1,1,Micronesia,billion USD_2010/yr,GDP|PPP,ANNUAL,,,,,,,,,,0.315617091,0.334530111,0.38872413,0.491336335,0.651368893,0.866545178,1.139177485,1.474152577,1.880618865,2.353912524,2.892089549,3.485724196,4.12479325,4.799157571,5.501148153,6.227964915
OECD ENV-Growth 2025,SSP1,1,Micronesia,billion USD_2015/yr,GDP|PPP,ANNUAL,,,,,,,,,,0.343357574,0.363932912,0.422890197,0.534521281,0.708619554,0.942708294,1.239303029,1.603720033,2.045911797,2.560804579,3.146283511,3.792094392,4.48733304,5.220969156,5.984659683,6.775358434
OECD ENV-Growth 2025,SSP1,1,Micronesia,billion USD_2017/yr,GDP|PPP,ANNUAL,,,,,,,,,,0.353932,0.375141,0.435914,0.550983,0.730443,0.971741,1.27747,1.65311,2.10892,2.63967,3.24318,3.90888,4.62553,5.38176,6.16897,6.98402
OECD ENV-Growth 2025,SSP1,1,Moldova,billion USD_2010/yr,GDP|PPP,ANNUAL,,,,,,,,,,28.57722192,36.59167942,46.196632,55.59187475,63.57507633,69.45898484,73.87969236,77.51998566,80.8272104,83.54261598,85.64274153,87.29408349,88.78876744,90.37199723,92.16032035,94.05837977
OECD ENV-Growth 2025,SSP1,1,Moldova,billion USD_2015/yr,GDP|PPP,ANNUAL,,,,,,,,,,34.11948155,43.68826103,55.15599583,66.37334973,75.90481152,82.92984385,88.20790234,92.55419326,96.50282038,99.74485106,102.2522745,104.2238773,106.0084399,107.8987209,110.033871,112.3000396
OECD ENV-Growth 2025,SSP1,1,Moldova,billion USD_2017/yr,GDP|PPP,ANNUAL,,,,,,,,,,37.7605,48.3504,61.0419,73.4563,84.0049,91.7796,97.6209,102.431,106.801,110.389,113.164,115.346,117.321,119.413,121.776,124.284
OECD ENV-Growth 2025,SSP1,1,Mongolia,billion USD_2010/yr,GDP|PPP,ANNUAL,,,,,,,,,,47.53008498,57.27913013,70.38049776,86.07468682,104.33723,124.5506584,146.9712186,172.0598295,199.9433961,229.2980454,259.3593018,290.0205651,321.298079,353.4456536,386.4988223,420.1662112
OECD ENV-Growth 2025,SSP1,1,Mongolia,billion USD_2015/yr,GDP|PPP,ANNUAL,,,,,,,,,,45.27965784,54.5671108,67.0481624,81.99927202,99.39713084,118.6535055,140.0125098,163.9132396,190.4765911,218.4413734,247.0793067,276.2888381,306.0854422,336.7109119,368.1990982,400.2724229
OECD ENV-Growth 2025,SSP1,1,Mongolia,billion USD_2017/yr,GDP|PPP,ANNUAL,,,,,,,,,,46.8166,56.4193,69.324,84.7826,102.771,122.681,144.765,169.477,196.942,225.856,255.466,285.667,316.475,348.14,380.697,413.859
OECD ENV-Growth 2025,SSP1,1,Montenegro,billion USD_2010/yr,GDP|PPP,ANNUAL,,,,,,,,,,12.49553508,14.45202103,16.3844834,18.10204553,19.58576734,20.83958441,21.97705527,23.06951268,24.16352793,25.22712426,26.23644209,27.19640091,28.1004414,28.97283309,29.80570478,30.57085132
OECD ENV-Growth 2025,SSP1,1,Montenegro,billion USD_2015/yr,GDP|PPP,ANNUAL,,,,,,,,,,13.61817444,15.75043742,17.85651848,19.72839196,21.34541614,22.7118802,23.95154512,25.14215245,26.33445758,27.49361085,28.59360906,29.6398137,30.62507611,31.57584629,32.48354587,33.31743566
OECD ENV-Growth 2025,SSP1,1,Montenegro,billion USD_2017/yr,GDP|PPP,ANNUAL,,,,,,,,,,15.24,17.6262,19.9831,22.0779,23.8875,25.4167,26.804,28.1364,29.4707,30.7679,31.9989,33.1697,34.2723,35.3363,36.3521,37.2853
OECD ENV-Growth 2025,SSP1,1,Morocco,billion USD_2010/yr,GDP|PPP,ANNUAL,,,,,,,,,,339.8589556,402.0697682,481.8535549,581.9632566,706.4232573,852.1806806,1020.476673,1214.717569,1433.215855,1663.307597,1901.549096,2146.829479,2394.644668,2643.580828,2891.678785,3134.818216
OECD ENV-Growth 2025,SSP1,1,Morocco,billion USD_2015/yr,GDP|PPP,ANNUAL,,,,,,,,,,335.7572914,397.2172988,476.0381969,574.9397023,697.8976295,841.8959465,1008.160821,1200.057477,1415.918767,1643.233596,1878.599823,2120.919985,2365.744361,2611.676178,2856.779909,3096.984957
OECD ENV-Growth 2025,SSP1,1,Morocco,billion USD_2017/yr,GDP|PPP,ANNUAL,,,,,,,,,,336.533,398.135,477.138,576.268,699.51,843.841,1010.49,1202.83,1419.19,1647.03,1882.94,2125.82,2371.21,2617.71,2863.38,3104.14
OECD ENV-Growth 2025,SSP1,1,Mozambique,billion USD_2010/yr,GDP|PPP,ANNUAL,,,,,,,,,,45.12932283,73.64453481,121.4777833,189.3877735,281.834769,397.3809087,536.1251623,701.3764775,896.1515616,1119.365483,1371.009838,1647.032474,1944.268229,2260.364239,2592.463455,2934.907802
OECD ENV-Growth 2025,SSP1,1,Mozambique,billion USD_2015/yr,GDP|PPP,ANNUAL,,,,,,,,,,49.43375682,80.66874921,133.0643321,207.4515759,308.7161642,435.2830926,587.2607706,768.2737533,981.6264813,1226.130542,1501.776732,1804.126402,2129.712497,2475.957739,2839.732573,3214.839255
OECD ENV-Growth 2025,SSP1,1,Mozambique,billion USD_2017/yr,GDP|PPP,ANNUAL,,,,,,,,,,48.3351,78.8759,130.107,202.841,301.855,425.609,574.209,751.199,959.81,1198.88,1468.4,1764.03,2082.38,2420.93,2776.62,3143.39
OECD ENV-Growth 2025,SSP1,1,Myanmar,billion USD_2010/yr,GDP|PPP,ANNUAL,,,,,,,,,,238.2769333,278.9937982,337.0120625,411.2839429,503.2613678,607.3391947,722.8248887,849.3372561,986.004142,1129.32096,1272.158792,1410.306545,1542.017914,1666.514546,1783.267559,1891.249127
OECD ENV-Growth 2025,SSP1,1,Myanmar,billion USD_2015/yr,GDP|PPP,ANNUAL,,,,,,,,,,257.6848142,301.7181061,364.4620128,444.7834079,544.2524808,656.8075448,781.6996575,918.5165765,1066.315109,1221.305217,1375.777325,1525.177343,1667.616727,1802.253727,1928.516383,2045.293152
OECD ENV-Growth 2025,SSP1,1,Myanmar,billion USD_2017/yr,GDP|PPP,ANNUAL,,,,,,,,,,238.781,279.584,337.725,412.154,504.326,608.624,724.354,851.134,988.09,1131.71,1274.85,1413.29,1545.28,1670.04,1787.04,1895.25
OECD ENV-Growth 2025,SSP1,1,Namibia,billion USD_2010/yr,GDP|PPP,ANNUAL,,,,,,,,,,24.51372862,28.15289978,33.53896959,40.71980845,49.65765811,60.13292701,71.91080896,84.98824249,99.40159427,114.8026906,130.55261,146.3739639,162.0747141,177.6520775,193.07915,208.2316171
OECD ENV-Growth 2025,SSP1,1,Namibia,billion USD_2015/yr,GDP|PPP,ANNUAL,,,,,,,,,,26.35241482,30.26454707,36.05460651,43.77405414,53.38229961,64.64328058,77.3045789,91.36290347,106.8573487,123.4136256,140.3448895,157.3529461,174.2313528,190.9771179,207.5613193,223.8503182
OECD ENV-Growth 2025,SSP1,1,Namibia,billion USD_2017/yr,GDP|PPP,ANNUAL,,,,,,,,,,26.4236,30.3463,36.152,43.8923,53.5265,64.8179,77.5134,91.6097,107.146,123.747,140.724,157.778,174.702,191.493,208.122,224.455
OECD ENV-Growth 2025,SSP1,1,Nepal,billion USD_2010/yr,GDP|PPP,ANNUAL,,,,,,,,,,109.2151419,140.6852447,184.1823685,242.548534,317.1955216,403.6969703,500.5696679,608.2775195,727.4272937,855.567838,991.3283046,1129.079229,1265.048373,1397.405798,1524.169074,1643.211299
OECD ENV-Growth 2025,SSP1,1,Nepal,billion USD_2015/yr,GDP|PPP,ANNUAL,,,,,,,,,,122.3657987,157.6252344,206.3598713,271.7539397,355.3892132,452.3063501,560.8435438,681.5205585,815.0172242,958.5872435,1110.694704,1265.032295,1417.37356,1565.668218,1707.695131,1841.071298
OECD ENV-Growth 2025,SSP1,1,Nepal,billion USD_2017/yr,GDP|PPP,ANNUAL,,,,,,,,,,136.076,175.286,229.481,302.202,395.208,502.984,623.682,757.88,906.334,1065.99,1235.14,1406.77,1576.18,1741.09,1899.03,2047.35
OECD ENV-Growth 2025,SSP1,1,Netherlands,billion USD_2010/yr,GDP|PPP,ANNUAL,,,,,,,,,,924.1582073,1012.779079,1095.536289,1181.908559,1267.735975,1346.021925,1416.532901,1482.633158,1545.792934,1604.074973,1656.856586,1694.676345,1716.107254,1716.833725,1699.294628,1668.237972
OECD ENV-Growth 2025,SSP1,1,Netherlands,billion USD_2015/yr,GDP|PPP,ANNUAL,,,,,,,,,,1014.011894,1111.249161,1202.052655,1296.822694,1390.994904,1476.89241,1554.258999,1626.786024,1696.086674,1760.035337,1817.948779,1859.445662,1882.960247,1883.757351,1864.51297,1830.43675
OECD ENV-Growth 2025,SSP1,1,Netherlands,billion USD_2017/yr,GDP|PPP,ANNUAL,,,,,,,,,,1068.58,1171.05,1266.74,1366.61,1465.85,1556.37,1637.9,1714.33,1787.36,1854.75,1915.78,1959.51,1984.29,1985.13,1964.85,1928.94
OECD ENV-Growth 2025,SSP1,1,New Caledonia,billion USD_2017/yr,GDP|PPP,ANNUAL,,,,,,,,,,11.9344,15.1848,18.679,22.3012,25.8109,29.0319,32.0047,34.8582,37.6382,40.2679,42.7332,45.0802,47.3226,49.5026,51.625,53.6692
OECD ENV-Growth 2025,SSP1,1,New Zealand,billion USD_2010/yr,GDP|PPP,ANNUAL,,,,,,,,,,202.7386947,229.6131331,259.5706043,292.6035764,328.8509701,364.0681755,397.2258414,429.5282251,461.0163334,490.0356721,515.7284487,537.751546,555.675649,568.9450756,576.9874059,579.6377764
OECD ENV-Growth 2025,SSP1,1,New Zealand,billion USD_2015/yr,GDP|PPP,ANNUAL,,,,,,,,,,223.2828999,252.8806171,285.8737812,322.2540974,362.1745633,400.9604486,437.4780941,473.0537889,507.7326948,539.6926624,567.9889759,592.2437489,611.9841626,626.5982256,635.4555127,638.3744543
OECD ENV-Growth 2025,SSP1,1,New Zealand,billion USD_2017/yr,GDP|PPP,ANNUAL,,,,,,,,,,242.258,274.371,310.168,349.64,392.953,435.035,474.656,513.255,550.881,585.557,616.258,642.574,663.992,679.848,689.458,692.625
OECD ENV-Growth 2025,SSP1,1,Nicaragua,billion USD_2010/yr,GDP|PPP,ANNUAL,,,,,,,,,,38.45400817,45.86556841,56.66841039,72.2788559,93.50002827,119.7554191,150.8754773,186.9560285,228.2491549,273.1076897,320.6320795,368.7676821,416.4983993,463.1871195,508.1388902,550.5301279
OECD ENV-Growth 2025,SSP1,1,Nicaragua,billion USD_2015/yr,GDP|PPP,ANNUAL,,,,,,,,,,41.88228326,49.95460341,61.72054692,78.72270434,101.8357996,130.4319269,164.3264194,203.6236459,248.5981622,297.4559523,349.2172653,401.6442824,453.6303175,504.4814588,553.440797,599.6113241
OECD ENV-Growth 2025,SSP1,1,Nicaragua,billion USD_2017/yr,GDP|PPP,ANNUAL,,,,,,,,,,44.5433,53.1285,65.642,83.7244,108.306,138.719,174.767,216.561,264.393,316.355,371.405,427.163,482.452,536.534,588.604,637.708
OECD ENV-Growth 2025,SSP1,1,Niger,billion USD_2010/yr,GDP|PPP,ANNUAL,,,,,,,,,,42.28933721,58.23965541,85.6965458,124.7182511,180.0836433,255.1911702,354.7637128,485.5191449,654.2244729,866.5883028,1127.820748,1440.304746,1804.56233,2224.104442,2700.671199,3235.40903
OECD ENV-Growth 2025,SSP1,1,Niger,billion USD_2015/yr,GDP|PPP,ANNUAL,,,,,,,,,,41.81537841,57.58693302,84.73609963,123.3204682,178.0653514,252.3311088,350.7876897,480.0776771,646.8922359,856.8759929,1115.180669,1424.162495,1784.337653,2199.177737,2670.40336,3199.148103
OECD ENV-Growth 2025,SSP1,1,Niger,billion USD_2017/yr,GDP|PPP,ANNUAL,,,,,,,,,,41.3144,56.897,83.7209,121.843,175.932,249.308,346.585,474.326,639.142,846.61,1101.82,1407.1,1762.96,2172.83,2638.41,3160.82
OECD ENV-Growth 2025,SSP1,1,Nigeria,billion USD_2010/yr,GDP|PPP,ANNUAL,,,,,,,,,,1127.437872,1347.668452,1726.598234,2214.045089,2847.928631,3638.741921,4604.693222,5777.803967,7178.946116,8812.79065,10673.04934,12757.77199,15066.43537,17597.70762,20346.16624,23300.87102
OECD ENV-Growth 2025,SSP1,1,Nigeria,billion USD_2015/yr,GDP|PPP,ANNUAL,,,,,,,,,,1166.131181,1393.920004,1785.854537,2290.030412,2945.668637,3763.622387,4762.72483,5976.096363,7425.325265,9115.242824,11039.345,13195.61467,15583.51064,18201.65536,21044.44019,24100.54951
OECD ENV-Growth 2025,SSP1,1,Nigeria,billion USD_2017/yr,GDP|PPP,ANNUAL,,,,,,,,,,1185.13,1416.63,1814.95,2327.34,2993.66,3824.94,4840.32,6073.46,7546.3,9263.75,11219.2,13410.6,15837.4,18498.2,21387.3,24493.2
OECD ENV-Growth 2025,SSP1,1,North Korea,billion USD_2017/yr,GDP|PPP,ANNUAL,,,,,,,,,,59.1384,77.9685,106.249,148.545,205.99,275.297,355.249,446.123,548.986,663.213,784.051,909.693,1036.94,1163.86,1289.9,1414.06
OECD ENV-Growth 2025,SSP1,1,North Macedonia,billion USD_2010/yr,GDP|PPP,ANNUAL,,,,,,,,,,32.00355538,38.01941652,44.13585285,50.7099562,57.51684781,64.15722421,70.77686947,77.4148314,84.90443533,93.37589613,102.1620707,110.7392686,118.816921,126.3392451,133.2529562,139.4864527
OECD ENV-Growth 2025,SSP1,1,North Macedonia,billion USD_2015/yr,GDP|PPP,ANNUAL,,,,,,,,,,35.40853815,42.06445017,48.83163796,56.10518575,63.63628903,70.98316092,78.30709599,85.65129652,93.93774855,103.310521,113.0314908,122.5212503,131.4583155,139.780969,147.4302567,154.3269592
OECD ENV-Growth 2025,SSP1,1,North Macedonia,billion USD_2017/yr,GDP|PPP,ANNUAL,,,,,,,,,,38.4392,45.6648,53.0112,60.9073,69.083,77.0587,85.0095,92.9823,101.978,112.153,122.706,133.008,142.71,151.745,160.049,167.536
OECD ENV-Growth 2025,SSP1,1,Norway,billion USD_2010/yr,GDP|PPP,ANNUAL,,,,,,,,,,359.9791755,393.5285152,431.1460723,473.4974522,519.5280715,565.4085756,609.730336,653.854775,698.1142234,739.784892,778.2455491,811.9497247,837.973476,855.178193,863.7781911,865.5918476
OECD ENV-Growth 2025,SSP1,1,Norway,billion USD_2015/yr,GDP|PPP,ANNUAL,,,,,,,,,,365.4372703,399.4952935,437.6832175,480.6767396,527.4052868,573.9814426,618.9752206,663.7686855,708.6992068,751.0016965,790.0455039,824.2607106,850.6790405,868.1446197,876.8750133,878.7161688
OECD ENV-Growth 2025,SSP1,1,Norway,billion USD_2017/yr,GDP|PPP,ANNUAL,,,,,,,,,,381.285,416.82,456.664,501.522,550.277,598.873,645.818,692.554,739.433,783.57,824.307,860.006,887.57,905.793,914.902,916.823
OECD ENV-Growth 2025,SSP1,1,Oman,billion USD_2010/yr,GDP|PPP,ANNUAL,,,,,,,,,,225.5292454,264.1170574,311.5859946,365.4030602,423.4235456,482.393905,543.7330856,607.1348868,671.611648,732.2120379,787.4975641,835.210159,874.8142969,909.2338694,942.2097379,976.1002997
OECD ENV-Growth 2025,SSP1,1,Oman,billion USD_2015/yr,GDP|PPP,ANNUAL,,,,,,,,,,179.3286903,210.0116368,247.7563751,290.5488026,336.6835629,383.5736116,432.3472192,482.7609114,534.029354,582.215515,626.1755832,664.1140649,695.605139,722.9737264,749.1943582,776.1423048
OECD ENV-Growth 2025,SSP1,1,Oman,billion USD_2017/yr,GDP|PPP,ANNUAL,,,,,,,,,,173.087,202.702,239.133,280.436,324.965,370.223,417.299,465.958,515.442,561.951,604.381,640.999,671.394,697.81,723.118,749.128
OECD ENV-Growth 2025,SSP1,1,Pakistan,billion USD_2010/yr,GDP|PPP,ANNUAL,,,,,,,,,,1248.518926,1587.066111,2043.901088,2695.263964,3598.940481,4750.131221,6149.047246,7817.850313,9777.050368,11976.24892,14392.9355,16971.22394,19667.1578,22462.10837,25322.76418,28227.83526
OECD ENV-Growth 2025,SSP1,1,Pakistan,billion USD_2015/yr,GDP|PPP,ANNUAL,,,,,,,,,,1353.021235,1719.905165,2214.977697,2920.860311,3900.175475,5147.722055,6663.728782,8472.21237,10595.39947,12978.67319,15597.6389,18391.73272,21313.319,24342.20978,27442.3054,30590.5339
OECD ENV-Growth 2025,SSP1,1,Pakistan,billion USD_2017/yr,GDP|PPP,ANNUAL,,,,,,,,,,1360.53,1729.45,2227.27,2937.07,3921.82,5176.29,6700.71,8519.23,10654.2,13050.7,15684.2,18493.8,21431.6,24477.3,27594.6,30760.3
OECD ENV-Growth 2025,SSP1,1,Panama,billion USD_2010/yr,GDP|PPP,ANNUAL,,,,,,,,,,119.3465563,145.1737578,173.264486,200.9712167,228.0504913,253.5334436,277.4839551,300.7175766,323.2563118,344.2810606,363.9699809,382.2350585,399.0521603,414.2239643,427.4111899,438.139696
OECD ENV-Growth 2025,SSP1,1,Panama,billion USD_2015/yr,GDP|PPP,ANNUAL,,,,,,,,,,149.6914916,182.0854914,217.3185399,252.0699561,286.0343798,317.996602,348.0367464,377.1777252,405.4471365,431.8176168,456.5126222,479.42176,500.5147612,519.5441329,536.0843291,549.5406544
OECD ENV-Growth 2025,SSP1,1,Panama,billion USD_2017/yr,GDP|PPP,ANNUAL,,,,,,,,,,168.143,204.53,244.106,283.141,321.292,357.194,390.937,423.67,455.424,485.045,512.784,538.517,562.21,583.585,602.164,617.279
OECD ENV-Growth 2025,SSP1,1,Papua New Guinea,billion USD_2010/yr,GDP|PPP,ANNUAL,,,,,,,,,,33.00176616,38.96129626,49.32132968,65.10702273,88.07532708,118.5790615,157.4328694,205.6945823,263.9578854,330.8452501,404.8327351,483.9714453,566.4722897,650.8532866,735.4887201,818.3939848
OECD ENV-Growth 2025,SSP1,1,Papua New Guinea,billion USD_2015/yr,GDP|PPP,ANNUAL,,,,,,,,,,35.92570283,42.41324372,53.69116988,70.87546585,95.87874818,129.0850951,171.3813272,223.9189988,287.3443956,360.1579406,440.7006724,526.8510248,616.6613944,708.518497,800.6525791,890.9032005
OECD ENV-Growth 2025,SSP1,1,Papua New Guinea,billion USD_2017/yr,GDP|PPP,ANNUAL,,,,,,,,,,36.966,43.6414,55.2459,72.9278,98.6551,132.823,176.344,230.403,295.665,370.587,453.462,542.107,634.518,729.035,823.837,916.701
OECD ENV-Growth 2025,SSP1,1,Paraguay,billion USD_2010/yr,GDP|PPP,ANNUAL,,,,,,,,,,99.18923333,117.9438108,140.0922476,165.5999711,194.9586781,226.5425045,259.9385018,295.4261306,333.3271064,371.4412788,409.2346959,445.3292627,479.6443103,512.0799626,542.4383888,570.3777059
OECD ENV-Growth 2025,SSP1,1,Paraguay,billion USD_2015/yr,GDP|PPP,ANNUAL,,,,,,,,,,100.3021292,119.2671317,141.6640722,167.4579906,197.1461001,229.0842946,262.8549926,298.74079,337.0670119,375.6088225,413.826279,450.3258242,485.025884,517.825462,548.5245074,576.7773016
OECD ENV-Growth 2025,SSP1,1,Paraguay,billion USD_2017/yr,GDP|PPP,ANNUAL,,,,,,,,,,103.285,122.814,145.877,172.438,203.009,235.897,270.672,307.625,347.091,386.779,426.133,463.718,499.45,533.225,564.837,593.93
OECD ENV-Growth 2025,SSP1,1,Peru,billion USD_2010/yr,GDP|PPP,ANNUAL,,,,,,,,,,446.4989844,518.9877785,611.3924101,727.2644069,863.6910457,1010.045027,1161.70231,1318.364659,1478.950152,1639.300445,1796.12273,1946.810987,2090.132763,2224.121784,2347.131646,2457.25252
OECD ENV-Growth 2025,SSP1,1,Peru,billion USD_2015/yr,GDP|PPP,ANNUAL,,,,,,,,,,449.1026071,522.0140975,614.9575585,731.5052275,868.7273967,1015.934797,1168.476422,1326.0523,1487.574199,1648.859526,1806.596272,1958.163221,2102.320735,2237.091072,2360.818228,2471.581239
OECD ENV-Growth 2025,SSP1,1,Peru,billion USD_2017/yr,GDP|PPP,ANNUAL,,,,,,,,,,474.594,551.644,649.863,773.026,918.037,1073.6,1234.8,1401.32,1572.01,1742.45,1909.14,2069.31,2221.65,2364.07,2494.82,2611.87
OECD ENV-Growth 2025,SSP1,1,Philippines,billion USD_2010/yr,GDP|PPP,ANNUAL,,,,,,,,,,1115.545844,1523.047659,2038.345735,2610.96465,3220.092441,3822.13713,4406.840103,4982.235213,5552.876564,6103.266896,6629.698279,7133.425703,7614.316065,8069.089269,8495.530064,8887.315948
OECD ENV-Growth 2025,SSP1,1,Philippines,billion USD_2015/yr,GDP|PPP,ANNUAL,,,,,,,,,,1155.109358,1577.063474,2110.636911,2703.564105,3334.294985,3957.691557,4563.131377,5158.933226,5749.81272,6319.722982,6864.824575,7386.417,7884.362432,8355.264445,8796.829223,9202.510033
OECD ENV-Growth 2025,SSP1,1,Philippines,billion USD_2017/yr,GDP|PPP,ANNUAL,,,,,,,,,,1173.33,1601.94,2143.93,2746.21,3386.89,4020.12,4635.11,5240.31,5840.51,6419.41,6973.11,7502.93,8008.73,8487.06,8935.59,9347.67
OECD ENV-Growth 2025,SSP1,1,Poland,billion USD_2010/yr,GDP|PPP,ANNUAL,,,,,,,,,,1298.510059,1530.200978,1736.865926,1924.088772,2056.18744,2150.778026,2218.957699,2276.551836,2327.203626,2364.51764,2384.144988,2386.173883,2375.579525,2358.4486,2339.041784,2317.738392
OECD ENV-Growth 2025,SSP1,1,Poland,billion USD_2015/yr,GDP|PPP,ANNUAL,,,,,,,,,,1427.73575,1682.484188,1909.716108,2115.57108,2260.816001,2364.820094,2439.784901,2503.110717,2558.803294,2599.830741,2621.411372,2623.642178,2611.993487,2593.157718,2571.819566,2548.396095
OECD ENV-Growth 2025,SSP1,1,Poland,billion USD_2017/yr,GDP|PPP,ANNUAL,,,,,,,,,,1472.02,1734.67,1968.95,2181.19,2330.94,2438.17,2515.46,2580.75,2638.17,2680.47,2702.72,2705.02,2693.01,2673.59,2651.59,2627.44
OECD ENV-Growth 2025,SSP1,1,Portugal,billion USD_2010/yr,GDP|PPP,ANNUAL,,,,,,,,,,336.7461899,372.4141148,411.0320056,454.6693819,498.4653587,539.7125855,578.0141329,613.5208856,646.1599731,673.911599,696.2888175,712.9195608,724.010438,728.2823589,726.9629757,718.6446035
OECD ENV-Growth 2025,SSP1,1,Portugal,billion USD_2015/yr,GDP|PPP,ANNUAL,,,,,,,,,,374.3963669,414.0521726,456.9877675,505.5040557,554.1966766,600.0555825,642.6394651,682.1160786,718.4044054,749.2588241,774.1379454,792.6281022,804.9590038,809.7085502,808.2416524,798.9932379
OECD ENV-Growth 2025,SSP1,1,Portugal,billion USD_2017/yr,GDP|PPP,ANNUAL,,,,,,,,,,392.799,434.404,479.45,530.351,581.437,629.55,674.227,715.644,753.716,786.087,812.189,831.588,844.525,849.508,847.969,838.266
OECD ENV-Growth 2025,SSP1,1,Puerto Rico,billion USD_2010/yr,GDP|PPP,ANNUAL,,,,,,,,,,100.9583973,105.8677122,110.7526447,114.6894745,117.6134944,119.2639995,120.2271068,120.8938733,121.6225338,122.2621046,122.5668853,122.4299684,121.956386,121.1874006,120.0601807,118.4490626
OECD ENV-Growth 2025,SSP1,1,Puerto Rico,billion USD_2015/yr,GDP|PPP,ANNUAL,,,,,,,,,,106.6915099,111.8796095,117.0419421,121.2023322,124.2923981,126.0366302,127.0544293,127.7590595,128.5290983,129.2049883,129.5270766,129.3823846,128.8819089,128.0692553,126.878024,125.1754156
OECD ENV-Growth 2025,SSP1,1,Puerto Rico,billion USD_2017/yr,GDP|PPP,ANNUAL,,,,,,,,,,107.656,112.891,118.1,122.298,125.416,127.176,128.203,128.914,129.691,130.373,130.698,130.552,130.047,129.227,128.025,126.307
OECD ENV-Growth 2025,SSP1,1,Qatar,billion USD_2010/yr,GDP|PPP,ANNUAL,,,,,,,,,,391.115787,466.2502352,518.0031879,556.0764305,588.7080812,620.4943025,653.1466071,690.6539352,730.1054756,760.8672677,779.9582774,788.7086103,787.5575044,777.7662191,761.8187201,742.2912265
OECD ENV-Growth 2025,SSP1,1,Qatar,billion USD_2015/yr,GDP|PPP,ANNUAL,,,,,,,,,,275.2045157,328.072081,364.4875026,391.2773399,414.2382582,436.604299,459.5797502,485.9713876,513.7310497,535.3762616,548.8094501,554.9665299,554.1565663,547.2670313,536.0457411,522.3054253
OECD ENV-Growth 2025,SSP1,1,Qatar,billion USD_2017/yr,GDP|PPP,ANNUAL,,,,,,,,,,284.051,338.618,376.204,403.855,427.554,450.639,474.353,501.593,530.245,552.586,566.451,572.806,571.97,564.859,553.277,539.095
OECD ENV-Growth 2025,SSP1,1,Romania,billion USD_2010/yr,GDP|PPP,ANNUAL,,,,,,,,,,569.9201226,647.1192725,723.0270658,793.076572,852.9754542,899.2653594,937.1644223,969.7841406,998.5612442,1020.358731,1037.199925,1050.062483,1059.941063,1067.549781,1073.721768,1077.0458
OECD ENV-Growth 2025,SSP1,1,Romania,billion USD_2015/yr,GDP|PPP,ANNUAL,,,,,,,,,,605.7254923,687.7746975,768.4514163,842.9017996,906.5638436,955.7619233,996.042004,1030.711064,1061.296096,1084.463016,1102.362262,1116.032913,1126.532117,1134.618854,1141.178598,1144.711463
OECD ENV-Growth 2025,SSP1,1,Romania,billion USD_2017/yr,GDP|PPP,ANNUAL,,,,,,,,,,670.387,761.195,850.484,932.882,1003.34,1057.79,1102.37,1140.74,1174.59,1200.23,1220.04,1235.17,1246.79,1255.74,1263,1266.91
OECD ENV-Growth 2025,SSP1,1,Russian Federation,billion USD_2010/yr,GDP|PPP,ANNUAL,,,,,,,,,,3816.856907,4107.80244,4547.967037,5040.212947,5575.149211,6109.351806,6677.596634,7311.935849,7980.950086,8664.32589,9337.861361,9997.888155,10655.98907,11330.41411,12025.84043,12720.07453
OECD ENV-Growth 2025,SSP1,1,Russian Federation,billion USD_2015/yr,GDP|PPP,ANNUAL,,,,,,,,,,3930.240638,4229.829014,4683.06916,5189.937751,5740.764857,6290.836499,6875.961634,7529.14456,8218.032566,8921.708763,9615.252311,10294.88589,10972.53638,11666.99593,12383.08061,13097.93766
OECD ENV-Growth 2025,SSP1,1,Russian Federation,billion USD_2017/yr,GDP|PPP,ANNUAL,,,,,,,,,,4161.94,4479.19,4959.15,5495.9,6079.2,6661.7,7281.32,7973.01,8702.51,9447.67,10182.1,10901.8,11619.4,12354.8,13113.1,13870.1
OECD ENV-Growth 2025,SSP1,1,Rwanda,billion USD_2010/yr,GDP|PPP,ANNUAL,,,,,,,,,,35.46783877,50.07999259,68.59304354,92.11118304,122.2662034,159.4508274,204.2713796,258.5459382,323.125328,396.9518393,479.8982964,570.3006651,666.7841917,768.7855408,875.5121018,985.9446763
OECD ENV-Growth 2025,SSP1,1,Rwanda,billion USD_2015/yr,GDP|PPP,ANNUAL,,,,,,,,,,37.83145051,53.41737266,73.16415158,98.24956307,130.4141437,170.0767877,217.8842257,275.7756944,344.6587183,423.4051012,511.8791919,608.3060636,711.2193475,820.018167,933.8570913,1051.649001
OECD ENV-Growth 2025,SSP1,1,Rwanda,billion USD_2017/yr,GDP|PPP,ANNUAL,,,,,,,,,,39.6021,55.9175,76.5885,102.848,136.518,178.037,228.082,288.683,360.79,443.222,535.837,636.777,744.507,858.398,977.565,1100.87
OECD ENV-Growth 2025,SSP1,1,Saint Lucia,billion USD_2010/yr,GDP|PPP,ANNUAL,,,,,,,,,,2.614491069,2.820599535,3.10872072,3.548080273,4.127193753,4.777783689,5.47112126,6.206320321,6.984337908,7.773193048,8.548906659,9.284672852,9.962751006,10.56976033,11.09435817,11.52706277
OECD ENV-Growth 2025,SSP1,1,Saint Lucia,billion USD_2015/yr,GDP|PPP,ANNUAL,,,,,,,,,,2.841705094,3.065725548,3.37888609,3.856428466,4.485870175,5.193000047,5.946592565,6.745684572,7.591316277,8.44872738,9.291854879,10.09156331,10.82857028,11.48833214,12.05852049,12.52882956
OECD ENV-Growth 2025,SSP1,1,Saint Lucia,billion USD_2017/yr,GDP|PPP,ANNUAL,,,,,,,,,,2.95041,3.183,3.50814,4.00395,4.65747,5.39165,6.17407,7.00373,7.88171,8.77192,9.6473,10.4776,11.2428,11.9278,12.5198,13.0081
OECD ENV-Growth 2025,SSP1,1,Saint Vincent and the Grenadines,billion USD_2010/yr,GDP|PPP,ANNUAL,,,,,,,,,,1.617913096,1.849370931,2.134923293,2.488137355,2.884683874,3.278828636,3.66928826,4.064853908,4.462271293,4.850650005,5.219796331,5.563458369,5.888722218,6.198163807,6.487951327,6.754023793
OECD ENV-Growth 2025,SSP1,1,Saint Vincent and the Grenadines,billion USD_2015/yr,GDP|PPP,ANNUAL,,,,,,,,,,1.723358839,1.969901689,2.274064618,2.650299027,3.072690037,3.492522759,3.908430169,4.329776382,4.753095017,5.166785893,5.559990933,5.926050774,6.272513344,6.602122455,6.910796565,7.194210017
OECD ENV-Growth 2025,SSP1,1,Saint Vincent and the Grenadines,billion USD_2017/yr,GDP|PPP,ANNUAL,,,,,,,,,,1.76493,2.01742,2.32892,2.71423,3.14681,3.57677,4.00271,4.43422,4.86775,5.29142,5.69411,6.069,6.42382,6.76138,7.0775,7.36775
OECD ENV-Growth 2025,SSP1,1,Samoa,billion USD_2010/yr,GDP|PPP,ANNUAL,,,,,,,,,,1.033999563,1.173818179,1.387055617,1.715067933,2.171973446,2.741691722,3.423589533,4.219816287,5.158091335,6.231056742,7.422248568,8.716656625,10.10703892,11.58718803,13.15313513,14.80104518
OECD ENV-Growth 2025,SSP1,1,Samoa,billion USD_2015/yr,GDP|PPP,ANNUAL,,,,,,,,,,1.126317081,1.278618979,1.510894675,1.868192577,2.365891515,2.986475361,3.729254351,4.596569799,5.618615892,6.787377764,8.084921543,9.494896902,11.00941527,12.62171501,14.32747295,16.12251165
OECD ENV-Growth 2025,SSP1,1,Samoa,billion USD_2017/yr,GDP|PPP,ANNUAL,,,,,,,,,,1.15936,1.31613,1.55522,1.923,2.4353,3.07409,3.83866,4.73142,5.78345,6.9865,8.32211,9.77345,11.3324,12.992,14.7478,16.5955
OECD ENV-Growth 2025,SSP1,1,Sao Tome and Principe,billion USD_2010/yr,GDP|PPP,ANNUAL,,,,,,,,,,0.790968488,0.951449902,1.166485962,1.448528436,1.813293583,2.257912464,2.78441526,3.40129441,4.10885492,4.890750506,5.751041528,6.681368984,7.664080794,8.686471656,9.735998299,10.80093715
OECD ENV-Growth 2025,SSP1,1,Sao Tome and Principe,billion USD_2015/yr,GDP|PPP,ANNUAL,,,,,,,,,,0.815104937,0.980483451,1.202081349,1.492730365,1.868626341,2.326812794,2.869381852,3.505085105,4.234236864,5.03999204,5.926534892,6.885251343,7.897950661,8.951539839,10.03309285,11.13052837
OECD ENV-Growth 2025,SSP1,1,Sao Tome and Principe,billion USD_2017/yr,GDP|PPP,ANNUAL,,,,,,,,,,0.829859,0.998231,1.22384,1.51975,1.90245,2.36893,2.92132,3.56853,4.31088,5.13122,6.03381,7.00988,8.04091,9.11357,10.2147,11.332
OECD ENV-Growth 2025,SSP1,1,Saudi Arabia,billion USD_2010/yr,GDP|PPP,ANNUAL,,,,,,,,,,2279.351471,2829.312357,3363.718865,3848.7242,4257.984954,4580.735399,4840.732373,5045.118075,5208.072038,5327.019343,5396.705289,5431.28611,5438.707937,5424.854637,5387.955223,5325.423125
OECD ENV-Growth 2025,SSP1,1,Saudi Arabia,billion USD_2015/yr,GDP|PPP,ANNUAL,,,,,,,,,,1941.862795,2410.394567,2865.674996,3278.868761,3627.532949,3902.495846,4123.996767,4298.120413,4436.946848,4538.282403,4597.650407,4627.111072,4633.433997,4621.631864,4590.195906,4536.922527
OECD ENV-Growth 2025,SSP1,1,Saudi Arabia,billion USD_2017/yr,GDP|PPP,ANNUAL,,,,,,,,,,1956.32,2428.34,2887.01,3303.28,3654.54,3931.55,4154.7,4330.12,4469.98,4572.07,4631.88,4661.56,4667.93,4656.04,4624.37,4570.7
OECD ENV-Growth 2025,SSP1,1,Senegal,billion USD_2010/yr,GDP|PPP,ANNUAL,,,,,,,,,,72.96252736,96.08859387,130.2036396,170.7260461,219.8611594,277.657355,345.0641173,424.3380135,516.7282655,619.6007888,733.1822836,855.7549512,985.2253725,1121.245435,1262.937743,1408.926918
OECD ENV-Growth 2025,SSP1,1,Senegal,billion USD_2015/yr,GDP|PPP,ANNUAL,,,,,,,,,,77.0481969,101.4692496,137.4946295,180.2861618,232.1726853,293.205284,364.3866107,448.099593,545.6634054,654.2964629,774.2381603,903.6745074,1040.394861,1184.031614,1333.65824,1487.822346
OECD ENV-Growth 2025,SSP1,1,Senegal,billion USD_2017/yr,GDP|PPP,ANNUAL,,,,,,,,,,76.9212,101.302,137.268,179.989,231.79,292.722,363.786,447.361,544.764,653.218,772.962,902.185,1038.68,1182.08,1331.46,1485.37
OECD ENV-Growth 2025,SSP1,1,Serbia,billion USD_2010/yr,GDP|PPP,ANNUAL,,,,,,,,,,137.1869663,166.9984961,199.662489,232.2128522,263.2138853,290.9214644,316.2806991,340.4693688,363.9636355,386.3306248,407.3006917,427.1633213,445.950979,464.0198846,481.3835654,497.7732784
OECD ENV-Growth 2025,SSP1,1,Serbia,billion USD_2015/yr,GDP|PPP,ANNUAL,,,,,,,,,,145.7246614,177.3914823,212.0882865,246.6643894,279.5947411,309.026674,335.9641155,361.6581431,386.6145523,410.373529,432.6486473,453.747408,473.704297,492.8977031,511.3419953,528.7517059
OECD ENV-Growth 2025,SSP1,1,Serbia,billion USD_2017/yr,GDP|PPP,ANNUAL,,,,,,,,,,152.122,185.179,221.399,257.493,291.869,322.593,350.713,377.535,403.587,428.389,451.642,473.667,494.5,514.536,533.79,551.964
OECD ENV-Growth 2025,SSP1,1,Seychelles,billion USD_2010/yr,GDP|PPP,ANNUAL,,,,,,,,,,3.507013198,4.209477448,4.969386851,5.733079552,6.487881025,7.213883683,7.904473903,8.554791525,9.188660851,9.782543472,10.32306919,10.80632129,11.24306836,11.63483515,11.97971571,12.26589321
OECD ENV-Growth 2025,SSP1,1,Seychelles,billion USD_2015/yr,GDP|PPP,ANNUAL,,,,,,,,,,3.601160684,4.322482932,5.102792474,5.88698688,6.662051368,7.407543923,8.116673375,8.784449093,9.435334951,10.04516064,10.60019704,11.09642228,11.54489403,11.947178,12.30131705,12.59517712
OECD ENV-Growth 2025,SSP1,1,Seychelles,billion USD_2017/yr,GDP|PPP,ANNUAL,,,,,,,,,,3.68008,4.41721,5.21462,6.016,6.80805,7.56988,8.29455,8.97696,9.64211,10.2653,10.8325,11.3396,11.7979,12.209,12.5709,12.8712
OECD ENV-Growth 2025,SSP1,1,Sierra Leone,billion USD_2010/yr,GDP|PPP,ANNUAL,,,,,,,,,,12.90923097,16.26279022,21.24590324,28.5336052,38.64211372,51.62829338,67.58506335,86.74956109,109.225998,134.7803824,163.1045969,193.4936817,225.316077,258.1709074,291.8202291,326.0559416
OECD ENV-Growth 2025,SSP1,1,Sierra Leone,billion USD_2015/yr,GDP|PPP,ANNUAL,,,,,,,,,,16.55859066,20.86018034,27.25198856,36.59987876,49.56600006,66.22329232,86.69094239,111.273125,140.1035115,172.8819622,209.2132567,248.1931477,289.0115372,331.1542248,374.3160014,418.2299379
OECD ENV-Growth 2025,SSP1,1,Sierra Leone,billion USD_2017/yr,GDP|PPP,ANNUAL,,,,,,,,,,16.0047,20.1624,26.3404,35.3756,47.908,64.0081,83.7911,107.551,135.417,167.099,202.215,239.891,279.344,320.077,361.795,404.24
OECD ENV-Growth 2025,SSP1,1,Singapore,billion USD_2010/yr,GDP|PPP,ANNUAL,,,,,,,,,,621.1679561,705.3911442,781.2294384,827.5493946,849.6281043,852.4831931,848.4523094,839.3825799,825.6646502,805.9365659,779.4961294,747.0368573,709.389233,667.4184643,622.5694574,584.4887471
OECD ENV-Growth 2025,SSP1,1,Singapore,billion USD_2015/yr,GDP|PPP,ANNUAL,,,,,,,,,,627.3187332,712.3758956,788.9651371,835.7437515,858.0410836,860.9244433,856.8536459,847.6941084,833.8403444,813.9169135,787.214665,754.4339826,716.4135732,674.0272118,628.7341122,590.2763283
OECD ENV-Growth 2025,SSP1,1,Singapore,billion USD_2017/yr,GDP|PPP,ANNUAL,,,,,,,,,,643.993,731.311,809.936,857.958,880.848,883.808,879.629,870.226,856.004,835.551,808.139,774.487,735.456,691.943,645.446,605.966
OECD ENV-Growth 2025,SSP1,1,Slovakia,billion USD_2010/yr,GDP|PPP,ANNUAL,,,,,,,,,,188.1487992,209.0090721,232.0031424,255.8485512,277.1657125,296.4600774,314.11123,330.2182784,345.3273082,358.9923331,370.1162262,378.6197012,384.8129664,389.1588565,392.0131698,393.4978092
OECD ENV-Growth 2025,SSP1,1,Slovakia,billion USD_2015/yr,GDP|PPP,ANNUAL,,,,,,,,,,198.0724101,220.0329251,244.2397812,269.3428785,291.7843796,312.0963953,330.6785301,347.6351193,363.541051,377.9268159,389.6374212,398.5893986,405.1093177,409.684425,412.6892845,414.2522288
OECD ENV-Growth 2025,SSP1,1,Slovakia,billion USD_2017/yr,GDP|PPP,ANNUAL,,,,,,,,,,189.842,210.89,234.091,258.151,279.66,299.128,316.938,333.19,348.435,362.223,373.447,382.027,388.276,392.661,395.541,397.039
OECD ENV-Growth 2025,SSP1,1,Slovenia,billion USD_2010/yr,GDP|PPP,ANNUAL,,,,,,,,,,76.55180485,86.40769715,94.95627306,102.3309425,108.1078641,113.2640421,117.9496562,122.4600604,126.4114615,129.6962305,132.1767025,133.7777876,134.5528829,134.6087832,134.0230815,132.7573983
OECD ENV-Growth 2025,SSP1,1,Slovenia,billion USD_2015/yr,GDP|PPP,ANNUAL,,,,,,,,,,85.85785334,96.91188084,106.4996675,114.7708414,121.2500367,127.0330273,132.2882498,137.346963,141.7787176,145.4628008,148.2448123,150.0405338,150.9098539,150.9725498,150.315647,148.8961006
OECD ENV-Growth 2025,SSP1,1,Slovenia,billion USD_2017/yr,GDP|PPP,ANNUAL,,,,,,,,,,91.7521,103.565,113.811,122.65,129.574,135.754,141.37,146.776,151.512,155.449,158.422,160.341,161.27,161.337,160.635,159.118
OECD ENV-Growth 2025,SSP1,1,Solomon Islands,billion USD_2010/yr,GDP|PPP,ANNUAL,,,,,,,,,,1.372332983,1.611390812,2.107252811,3.029750015,4.603514661,7.021140947,10.53666576,15.45136622,22.06723363,30.55512558,41.0304647,53.47370145,67.77807214,83.76343535,101.1291388,119.5307
OECD ENV-Growth 2025,SSP1,1,Solomon Islands,billion USD_2015/yr,GDP|PPP,ANNUAL,,,,,,,,,,1.493809725,1.754028575,2.293783492,3.297938688,5.011010487,7.642641222,11.46935472,16.81909669,24.0205902,33.2598169,44.66241645,58.2071088,73.77767973,91.17804197,110.08093,130.1113683
OECD ENV-Growth 2025,SSP1,1,Solomon Islands,billion USD_2017/yr,GDP|PPP,ANNUAL,,,,,,,,,,1.53733,1.80513,2.36061,3.39402,5.157,7.8653,11.8035,17.3091,24.7204,34.2288,45.9636,59.9029,75.9271,93.8344,113.288,133.902
OECD ENV-Growth 2025,SSP1,1,Somalia,billion USD_2017/yr,GDP|PPP,ANNUAL,,,,,,,,,,28.2333,35.3286,48.0619,68.3357,98.4665,139.613,193.057,260.84,344.7,444.76,561.637,695.212,845.635,1013.5,1198.9,1400.89
OECD ENV-Growth 2025,SSP1,1,South Africa,billion USD_2010/yr,GDP|PPP,ANNUAL,,,,,,,,,,788.4155352,855.1294497,983.4084442,1167.401053,1403.071652,1678.728688,1984.833068,2320.550359,2681.054121,3054.662283,3429.948795,3799.062394,4157.186124,4499.294418,4820.390156,5114.13923
OECD ENV-Growth 2025,SSP1,1,South Africa,billion USD_2015/yr,GDP|PPP,ANNUAL,,,,,,,,,,813.1800079,881.9894353,1014.297728,1204.069625,1447.142739,1731.458282,2047.177533,2393.439849,2765.26719,3150.610546,3537.684969,3918.392586,4287.765137,4640.6192,4971.800694,5274.776554
OECD ENV-Growth 2025,SSP1,1,South Africa,billion USD_2017/yr,GDP|PPP,ANNUAL,,,,,,,,,,831.469,901.826,1037.11,1231.15,1479.69,1770.4,2093.22,2447.27,2827.46,3221.47,3617.25,4006.52,4384.2,4744.99,5083.62,5393.41
OECD ENV-Growth 2025,SSP1,1,South Korea,billion USD_2010/yr,GDP|PPP,ANNUAL,,,,,,,,,,2297.610442,2528.457532,2731.179995,2917.791697,3084.066561,3207.859213,3282.701357,3313.095885,3316.537646,3291.624098,3239.13033,3162.553465,3065.150719,2948.721405,2814.335882,2663.959551
OECD ENV-Growth 2025,SSP1,1,South Korea,billion USD_2015/yr,GDP|PPP,ANNUAL,,,,,,,,,,2430.625354,2674.83681,2889.295427,3086.710587,3262.611556,3393.570901,3472.74586,3504.90001,3508.541023,3482.185162,3426.652387,3345.64228,3242.600625,3119.430901,2977.265434,2818.18341
OECD ENV-Growth 2025,SSP1,1,South Korea,billion USD_2017/yr,GDP|PPP,ANNUAL,,,,,,,,,,2490.03,2740.21,2959.91,3162.15,3342.35,3476.51,3557.62,3590.56,3594.29,3567.29,3510.4,3427.41,3321.85,3195.67,3050.03,2887.06
OECD ENV-Growth 2025,SSP1,1,South Sudan,billion USD_2010/yr,GDP|PPP,ANNUAL,,,,,,,,,,219.3635388,284.3933136,369.8660631,486.2132313,650.8282013,862.8417147,1127.109983,1448.639799,1833.214811,2283.918491,2808.933504,3411.404924,4091.538088,4846.868955,5673.554308,6582.61388
OECD ENV-Growth 2025,SSP1,1,South Sudan,billion USD_2015/yr,GDP|PPP,ANNUAL,,,,,,,,,,15.1911996,19.6945929,25.61368777,33.67087478,45.07066748,59.75286863,78.05377697,100.3201191,126.95242,158.1642139,194.5221607,236.2440605,283.3441333,335.6517412,392.9007365,455.8542496
OECD ENV-Growth 2025,SSP1,1,South Sudan,billion USD_2017/yr,GDP|PPP,ANNUAL,,,,,,,,,,6.40987,8.31006,10.8076,14.2073,19.0174,25.2125,32.9345,42.3297,53.5671,66.7368,82.0779,99.6823,119.556,141.627,165.783,192.346
OECD ENV-Growth 2025,SSP1,1,Spain,billion USD_2010/yr,GDP|PPP,ANNUAL,,,,,,,,,,1728.124008,1852.416435,2038.545214,2277.104158,2549.077143,2829.887532,3115.307632,3402.323728,3676.003071,3915.809947,4116.913922,4275.426879,4382.0445,4450.621388,4484.536302,4477.413745
OECD ENV-Growth 2025,SSP1,1,Spain,billion USD_2015/yr,GDP|PPP,ANNUAL,,,,,,,,,,1900.915238,2037.635385,2242.374762,2504.786677,2803.95363,3112.841617,3426.80023,3742.51442,4043.558344,4307.342971,4528.55488,4702.91719,4820.195267,4895.629004,4932.934993,4925.100269
OECD ENV-Growth 2025,SSP1,1,Spain,billion USD_2017/yr,GDP|PPP,ANNUAL,,,,,,,,,,2035.64,2182.05,2401.3,2682.31,3002.68,3333.46,3669.67,4007.76,4330.14,4612.62,4849.51,5036.23,5161.82,5242.6,5282.55,5274.16
OECD ENV-Growth 2025,SSP1,1,Sri Lanka,billion USD_2010/yr,GDP|PPP,ANNUAL,,,,,,,,,,245.723655,288.5081731,343.0776858,409.170704,484.9325397,563.1951487,643.4454365,725.8945716,809.7580858,892.8748725,973.7739416,1051.753495,1126.31841,1196.066888,1259.327554,1313.782047
OECD ENV-Growth 2025,SSP1,1,Sri Lanka,billion USD_2015/yr,GDP|PPP,ANNUAL,,,,,,,,,,268.7759115,315.5742055,375.2630886,447.5565404,530.4258777,616.0305952,703.8094631,793.9934604,885.724525,976.6388088,1065.127323,1150.42243,1231.982559,1308.274403,1377.469789,1437.032862
OECD ENV-Growth 2025,SSP1,1,Sri Lanka,billion USD_2017/yr,GDP|PPP,ANNUAL,,,,,,,,,,273.455,321.068,381.796,455.348,539.66,626.755,716.062,807.816,901.144,993.641,1083.67,1170.45,1253.43,1331.05,1401.45,1462.05
OECD ENV-Growth 2025,SSP1,1,Sudan,billion USD_2010/yr,GDP|PPP,ANNUAL,,,,,,,,,,128.7257093,161.2652604,203.1287717,255.8889289,320.600986,393.5851479,477.2671396,576.6700388,695.8406855,835.4681385,996.6458858,1178.876888,1382.306432,1606.441728,1851.248789,2114.917881
OECD ENV-Growth 2025,SSP1,1,Sudan,billion USD_2015/yr,GDP|PPP,ANNUAL,,,,,,,,,,142.1124765,178.0359622,224.2530489,282.4999728,353.9417287,434.5158428,526.9003023,636.6405573,768.204297,922.3522387,1100.291587,1301.473613,1526.058713,1773.502849,2043.768501,2334.857731
OECD ENV-Growth 2025,SSP1,1,Sudan,billion USD_2017/yr,GDP|PPP,ANNUAL,,,,,,,,,,151.506,189.804,239.076,301.173,377.337,463.237,561.728,678.722,818.982,983.319,1173.02,1387.5,1626.93,1890.73,2178.86,2489.19
OECD ENV-Growth 2025,SSP1,1,Suriname,billion USD_2010/yr,GDP|PPP,ANNUAL,,,,,,,,,,7.626111536,8.866325347,10.45437678,12.47520417,14.83780217,17.3465323,19.91046621,22.55408755,25.22280852,27.83386196,30.37377414,32.79434763,35.07833608,37.22604744,39.22639478,41.05651126
OECD ENV-Growth 2025,SSP1,1,Suriname,billion USD_2015/yr,GDP|PPP,ANNUAL,,,,,,,,,,8.824653736,10.25978321,12.09741749,14.43584409,17.16975495,20.07276452,23.03965385,26.09875453,29.18689956,32.20831386,35.14740614,37.94840411,40.59135092,43.07660294,45.39133077,47.50907376
OECD ENV-Growth 2025,SSP1,1,Suriname,billion USD_2017/yr,GDP|PPP,ANNUAL,,,,,,,,,,9.90498,11.5158,13.5784,16.2031,19.2717,22.5301,25.8602,29.2938,32.76,36.1513,39.4502,42.5941,45.5606,48.3501,50.9482,53.3252
OECD ENV-Growth 2025,SSP1,1,Sweden,billion USD_2010/yr,GDP|PPP,ANNUAL,,,,,,,,,,527.2945207,599.7149702,667.5549463,735.123559,801.9408396,865.1888513,927.4353816,992.0852904,1058.953838,1124.275526,1185.769841,1241.916439,1286.740022,1317.323654,1335.355622,1346.298552
OECD ENV-Growth 2025,SSP1,1,Sweden,billion USD_2015/yr,GDP|PPP,ANNUAL,,,,,,,,,,575.2140627,654.2159475,728.221094,801.9302161,874.8197265,943.8155994,1011.718978,1082.24415,1155.189587,1226.447588,1293.530391,1354.779487,1403.676554,1437.03957,1456.710249,1468.647652
OECD ENV-Growth 2025,SSP1,1,Sweden,billion USD_2017/yr,GDP|PPP,ANNUAL,,,,,,,,,,596.541,678.472,755.221,831.663,907.255,978.809,1049.23,1122.37,1198.02,1271.92,1341.49,1405.01,1455.72,1490.32,1510.72,1523.1
OECD ENV-Growth 2025,SSP1,1,Switzerland,billion USD_2010/yr,GDP|PPP,ANNUAL,,,,,,,,,,545.7690022,576.8314073,612.6589113,649.6843639,688.1605354,726.1069735,763.7455822,802.8599366,843.4191705,883.1366704,920.1763048,949.7412742,969.5374572,979.1393985,981.3250706,978.547098
OECD ENV-Growth 2025,SSP1,1,Switzerland,billion USD_2015/yr,GDP|PPP,ANNUAL,,,,,,,,,,634.9963781,671.1371531,712.8220697,755.9007864,800.6673992,844.8176727,888.6097901,934.1189218,981.3091553,1027.52004,1070.615257,1105.013782,1128.046429,1139.218184,1141.76119,1138.529049
OECD ENV-Growth 2025,SSP1,1,Switzerland,billion USD_2017/yr,GDP|PPP,ANNUAL,,,,,,,,,,654.222,691.457,734.404,778.787,824.909,870.396,915.514,962.401,1011.02,1058.63,1103.03,1138.47,1162.2,1173.71,1176.33,1173
OECD ENV-Growth 2025,SSP1,1,Taiwan,billion USD_2010/yr,GDP|PPP,ANNUAL,,,,,,,,,,1380.545214,1548.182983,1654.419592,1669.876498,1624.984186,1549.670864,1463.733881,1378.223362,1299.147691,1225.407543,1155.941499,1091.232885,1032.703242,981.3571264,937.2191795,899.7340514
OECD ENV-Growth 2025,SSP1,1,Taiwan,billion USD_2015/yr,GDP|PPP,ANNUAL,,,,,,,,,,1482.129521,1662.102537,1776.156328,1792.750595,1744.554983,1663.699901,1571.439439,1479.63682,1394.742545,1315.576394,1240.998848,1171.528796,1108.692381,1053.568078,1006.18234,965.9389532
OECD ENV-Growth 2025,SSP1,1,Taiwan,billion USD_2017/yr,GDP|PPP,ANNUAL,,,,,,,,,,1456.74,1633.63,1745.73,1762.04,1714.67,1635.2,1544.52,1454.29,1370.85,1293.04,1219.74,1151.46,1089.7,1035.52,988.946,949.392
OECD ENV-Growth 2025,SSP1,1,Tajikistan,billion USD_2010/yr,GDP|PPP,ANNUAL,,,,,,,,,,46.72962455,58.49418913,74.21043406,94.83984181,120.5856439,150.6841413,185.0846477,223.9700617,266.8860555,312.5951446,360.0485807,409.0459536,459.5026239,511.3290882,563.9426003,616.5600038
OECD ENV-Growth 2025,SSP1,1,Tajikistan,billion USD_2015/yr,GDP|PPP,ANNUAL,,,,,,,,,,48.22614069,60.36746544,76.58702309,97.87708759,124.4473989,155.5098006,191.0119832,231.1427026,275.4330809,322.6060036,371.5791359,422.1456496,474.2181947,527.7044014,582.0028611,636.3053369
OECD ENV-Growth 2025,SSP1,1,Tajikistan,billion USD_2017/yr,GDP|PPP,ANNUAL,,,,,,,,,,48.033,60.1257,76.2803,97.4851,123.949,154.887,190.247,230.217,274.33,321.314,370.091,420.455,472.319,525.591,579.672,633.757
OECD ENV-Growth 2025,SSP1,1,Tanzania,billion USD_2010/yr,GDP|PPP,ANNUAL,,,,,,,,,,217.7309221,306.1989453,427.2912338,582.4767313,782.7039518,1029.765962,1329.570743,1694.947138,2135.786106,2651.235784,3245.835977,3916.27273,4660.956593,5481.799063,6374.748598,7331.151518
OECD ENV-Growth 2025,SSP1,1,Tanzania,billion USD_2015/yr,GDP|PPP,ANNUAL,,,,,,,,,,209.2302829,294.2443423,410.6089521,559.7357056,752.1456655,989.5618942,1277.661712,1628.773102,2052.400858,2547.726377,3119.11222,3763.373817,4478.983773,5267.778954,6125.866,7044.929088
OECD ENV-Growth 2025,SSP1,1,Tanzania,billion USD_2017/yr,GDP|PPP,ANNUAL,,,,,,,,,,209.587,294.746,411.309,560.69,753.428,991.249,1279.84,1631.55,2055.9,2552.07,3124.43,3769.79,4486.62,5276.76,6136.31,7056.94
OECD ENV-Growth 2025,SSP1,1,Thailand,billion USD_2010/yr,GDP|PPP,ANNUAL,,,,,,,,,,1257.373233,1461.113799,1686.613334,1915.925729,2136.375057,2332.636551,2497.093655,2640.039261,2765.717009,2866.0429,2945.902163,3002.93009,3039.518886,3057.171697,3057.336677,3042.140228
OECD ENV-Growth 2025,SSP1,1,Thailand,billion USD_2015/yr,GDP|PPP,ANNUAL,,,,,,,,,,1332.860651,1548.832947,1787.870528,2030.949878,2264.63406,2472.678271,2647.008691,2798.536152,2931.759064,3038.108101,3122.76178,3183.213425,3221.998859,3240.71147,3240.886355,3224.777575
OECD ENV-Growth 2025,SSP1,1,Thailand,billion USD_2017/yr,GDP|PPP,ANNUAL,,,,,,,,,,1371.85,1594.14,1840.17,2090.36,2330.88,2545.01,2724.44,2880.4,3017.52,3126.98,3214.11,3276.33,3316.25,3335.51,3335.69,3319.11
OECD ENV-Growth 2025,SSP1,1,Timor-Leste,billion USD_2010/yr,GDP|PPP,ANNUAL,,,,,,,,,,2.802240097,3.29230267,4.147309448,5.496277862,7.472198097,10.06695046,13.30632101,17.26507528,22.0017662,27.49944425,33.67429966,40.42108456,47.5300401,54.91541372,62.46840682,70.07660314
OECD ENV-Growth 2025,SSP1,1,Timor-Leste,billion USD_2015/yr,GDP|PPP,ANNUAL,,,,,,,,,,3.739971722,4.394027086,5.535150281,7.33553267,9.972667801,13.43571883,17.75910079,23.04259846,29.36435873,36.70176013,44.94294712,53.94745204,63.4353231,73.29211178,83.37261154,93.52678753
OECD ENV-Growth 2025,SSP1,1,Timor-Leste,billion USD_2017/yr,GDP|PPP,ANNUAL,,,,,,,,,,4.18281,4.91431,6.19055,8.20411,11.1535,15.0266,19.8619,25.771,32.8413,41.0475,50.2645,60.3352,70.9465,81.9704,93.2445,104.601
OECD ENV-Growth 2025,SSP1,1,Togo,billion USD_2010/yr,GDP|PPP,ANNUAL,,,,,,,,,,22.17891806,29.29581663,39.23360671,52.09626721,68.82243711,89.546138,114.6196887,144.6848128,180.273695,221.30245,267.4179785,317.9287135,372.1304075,429.6972729,490.1328251,552.9727677
OECD ENV-Growth 2025,SSP1,1,Togo,billion USD_2015/yr,GDP|PPP,ANNUAL,,,,,,,,,,22.76724107,30.07292411,40.27432626,53.47818462,70.64803669,91.92145917,117.6601166,148.522755,185.0556759,227.172769,274.5115685,326.3621627,382.0016231,441.0955203,503.1341996,567.6410488
OECD ENV-Growth 2025,SSP1,1,Togo,billion USD_2017/yr,GDP|PPP,ANNUAL,,,,,,,,,,22.738,30.0343,40.2226,53.4095,70.5573,91.8034,117.509,148.332,184.818,226.881,274.159,325.943,381.511,440.529,502.488,566.912
OECD ENV-Growth 2025,SSP1,1,Tonga,billion USD_2010/yr,GDP|PPP,ANNUAL,,,,,,,,,,0.543147387,0.584816048,0.672494543,0.811427268,1.005609994,1.244553039,1.526042083,1.852469056,2.229519253,2.650186463,3.106063232,3.594213198,4.113038767,4.663646653,5.242761341,5.842876812
OECD ENV-Growth 2025,SSP1,1,Tonga,billion USD_2015/yr,GDP|PPP,ANNUAL,,,,,,,,,,0.591097734,0.636445003,0.731863966,0.883062003,1.094387643,1.35442515,1.660764718,2.016009443,2.426346531,2.884151245,3.380273903,3.911518912,4.476147641,5.075364504,5.705604818,6.358699914
OECD ENV-Growth 2025,SSP1,1,Tonga,billion USD_2017/yr,GDP|PPP,ANNUAL,,,,,,,,,,0.608561,0.655248,0.753486,0.909151,1.12672,1.39444,1.70983,2.07557,2.49803,2.96936,3.48014,4.02708,4.60839,5.22531,5.87417,6.54656
OECD ENV-Growth 2025,SSP1,1,Trinidad and Tobago,billion USD_2010/yr,GDP|PPP,ANNUAL,,,,,,,,,,39.67397037,42.65904028,46.27803404,51.02322485,56.52041713,62.26310889,68.2438672,74.66391244,81.25374733,87.56813859,93.47042626,98.96528246,104.1400974,109.1113558,113.8928619,118.371741
OECD ENV-Growth 2025,SSP1,1,Trinidad and Tobago,billion USD_2015/yr,GDP|PPP,ANNUAL,,,,,,,,,,34.32477007,36.9073661,40.03841468,44.14381634,48.89982787,53.86823846,59.04261732,64.59705452,70.2983888,75.76141724,80.86790557,85.62189601,90.098996,94.39998484,98.53680538,102.4118018
OECD ENV-Growth 2025,SSP1,1,Trinidad and Tobago,billion USD_2017/yr,GDP|PPP,ANNUAL,,,,,,,,,,37.3631,40.1743,43.5825,48.0513,53.2283,58.6365,64.2689,70.315,76.521,82.4676,88.0261,93.2009,98.0743,102.756,107.259,111.477
OECD ENV-Growth 2025,SSP1,1,Tunisia,billion USD_2010/yr,GDP|PPP,ANNUAL,,,,,,,,,,125.9499433,143.5214459,166.622005,197.4632432,236.5024914,280.978794,330.5795227,385.4949342,444.5441864,506.0230079,566.8524555,624.9718615,679.7113079,730.9171602,778.3652191,821.3909259
OECD ENV-Growth 2025,SSP1,1,Tunisia,billion USD_2015/yr,GDP|PPP,ANNUAL,,,,,,,,,,136.7625654,155.8425563,180.9262652,214.4151796,256.8058912,305.1004207,358.9593009,418.5891218,482.7076676,549.4643578,615.5159263,678.6248,738.0635494,793.6653506,845.1867574,891.9061595
OECD ENV-Growth 2025,SSP1,1,Tunisia,billion USD_2017/yr,GDP|PPP,ANNUAL,,,,,,,,,,141.006,160.678,186.54,221.068,264.774,314.567,370.097,431.577,497.685,566.513,634.614,699.681,760.964,818.291,871.411,919.58
OECD ENV-Growth 2025,SSP1,1,Turkey,billion USD_2010/yr,GDP|PPP,ANNUAL,,,,,,,,,,2735.189452,3317.832478,3947.640134,4559.019864,5130.513294,5629.670108,6078.526741,6488.241548,6847.988998,7141.714725,7375.575968,7554.354878,7690.882688,7795.809757,7873.839412,7926.101501
OECD ENV-Growth 2025,SSP1,1,Turkey,billion USD_2015/yr,GDP|PPP,ANNUAL,,,,,,,,,,3098.200432,3758.171123,4471.566077,5164.087373,5811.428708,6376.832999,6885.261332,7349.352984,7756.845674,8089.554318,8354.453337,8556.959564,8711.607177,8830.460038,8918.845692,8978.043941
OECD ENV-Growth 2025,SSP1,1,Turkey,billion USD_2017/yr,GDP|PPP,ANNUAL,,,,,,,,,,3122.89,3788.12,4507.2,5205.24,5857.74,6427.65,6940.13,7407.92,7818.66,8154.02,8421.03,8625.15,8781.03,8900.83,8989.92,9049.59
OECD ENV-Growth 2025,SSP1,1,Turkmenistan,billion USD_2010/yr,GDP|PPP,ANNUAL,,,,,,,,,,108.6370234,120.0005975,134.6959742,150.2926593,166.5091205,183.3089004,200.4631273,219.7663164,240.9460496,262.3414893,282.8163792,303.4654545,324.658353,346.8437034,369.913146,393.3522264
OECD ENV-Growth 2025,SSP1,1,Turkmenistan,billion USD_2015/yr,GDP|PPP,ANNUAL,,,,,,,,,,104.2834154,115.1915964,129.2980587,144.2697097,159.8362992,175.9628311,192.4296057,210.9592231,231.2901826,251.8282041,271.4825667,291.3041343,311.6477314,332.944008,355.0889472,377.5887109
OECD ENV-Growth 2025,SSP1,1,Turkmenistan,billion USD_2017/yr,GDP|PPP,ANNUAL,,,,,,,,,,107.274,118.495,133.006,148.407,164.42,181.009,197.948,217.009,237.923,259.05,279.268,299.658,320.585,342.492,365.272,388.417
OECD ENV-Growth 2025,SSP1,1,Uganda,billion USD_2010/yr,GDP|PPP,ANNUAL,,,,,,,,,,154.8468381,214.9695379,296.5083997,397.7096771,527.6271144,689.113135,884.969596,1122.871149,1410.984321,1750.19518,2142.328725,2585.28184,3077.537523,3619.64741,4210.04853,4844.454203
OECD ENV-Growth 2025,SSP1,1,Uganda,billion USD_2015/yr,GDP|PPP,ANNUAL,,,,,,,,,,137.7229857,191.1969722,263.7187985,353.7286575,469.2790786,612.9070479,787.1045769,998.69761,1254.949574,1556.648548,1905.417714,2299.386531,2737.205754,3219.366017,3744.477191,4308.726642
OECD ENV-Growth 2025,SSP1,1,Uganda,billion USD_2017/yr,GDP|PPP,ANNUAL,,,,,,,,,,134.738,187.053,258.003,346.062,459.108,599.623,770.045,977.052,1227.75,1522.91,1864.12,2249.55,2677.88,3149.59,3663.32,4215.34
OECD ENV-Growth 2025,SSP1,1,Ukraine,billion USD_2010/yr,GDP|PPP,ANNUAL,,,,,,,,,,298.6921655,374.16456,470.7470261,584.93243,703.879267,816.1215577,922.9262146,1028.525623,1131.076873,1229.045375,1320.616249,1406.13285,1488.271951,1569.331935,1649.950461,1729.272645
OECD ENV-Growth 2025,SSP1,1,Ukraine,billion USD_2015/yr,GDP|PPP,ANNUAL,,,,,,,,,,385.9767779,483.5039147,608.3099637,755.8629275,909.568723,1054.610752,1192.626147,1329.084093,1461.60314,1588.200256,1706.530212,1817.0367,1923.178707,2027.926253,2132.103337,2234.605258
OECD ENV-Growth 2025,SSP1,1,Ukraine,billion USD_2017/yr,GDP|PPP,ANNUAL,,,,,,,,,,426.261,533.967,671.799,834.752,1004.5,1164.68,1317.1,1467.8,1614.15,1753.96,1884.64,2006.68,2123.9,2239.58,2354.63,2467.83
OECD ENV-Growth 2025,SSP1,1,United Arab Emirates,billion USD_2010/yr,GDP|PPP,ANNUAL,,,,,,,,,,948.1182049,1176.551338,1405.372252,1581.046776,1703.760422,1779.98818,1830.280069,1871.33223,1900.320083,1908.063741,1890.505863,1855.390108,1805.301685,1746.643772,1686.860815,1632.619301
OECD ENV-Growth 2025,SSP1,1,United Arab Emirates,billion USD_2015/yr,GDP|PPP,ANNUAL,,,,,,,,,,811.1291395,1006.557061,1202.316736,1352.608888,1457.592226,1522.8062,1565.831655,1600.952385,1625.751921,1632.376735,1617.355712,1587.313664,1544.462277,1494.279566,1443.134362,1396.729946
OECD ENV-Growth 2025,SSP1,1,United Arab Emirates,billion USD_2017/yr,GDP|PPP,ANNUAL,,,,,,,,,,792.174,983.035,1174.22,1321,1423.53,1487.22,1529.24,1563.54,1587.76,1594.23,1579.56,1550.22,1508.37,1459.36,1409.41,1364.09
OECD ENV-Growth 2025,SSP1,1,United Kingdom,billion USD_2010/yr,GDP|PPP,ANNUAL,,,,,,,,,,2833.979984,3091.190507,3422.168934,3860.233727,4389.481313,4945.133518,5504.868017,6074.955905,6648.248828,7200.270398,7717.601163,8190.026703,8604.666082,8948.125903,9197.058925,9348.885486
OECD ENV-Growth 2025,SSP1,1,United Kingdom,billion USD_2015/yr,GDP|PPP,ANNUAL,,,,,,,,,,3105.539566,3387.396692,3750.090362,4230.131701,4810.093213,5418.989507,6032.35927,6657.074512,7285.301904,7890.219666,8457.122455,8974.817081,9429.188319,9805.559384,10078.34584,10244.72083
OECD ENV-Growth 2025,SSP1,1,United Kingdom,billion USD_2017/yr,GDP|PPP,ANNUAL,,,,,,,,,,3262.8,3558.93,3939.99,4444.34,5053.67,5693.4,6337.83,6994.18,7654.22,8289.77,8885.38,9429.29,9906.67,10302.1,10588.7,10763.5
OECD ENV-Growth 2025,SSP1,1,United States,billion USD_2010/yr,GDP|PPP,ANNUAL,,,,,,,,,,20683.63651,22743.82573,24931.20262,27226.04815,29507.98669,31620.25205,33616.08557,35577.23154,37547.25107,39481.14894,41363.68774,43179.5404,44901.01067,46490.81168,47896.23988,48996.56108
OECD ENV-Growth 2025,SSP1,1,United States,billion USD_2015/yr,GDP|PPP,ANNUAL,,,,,,,,,,22456.81172,24693.61768,27068.5149,29560.09389,32037.65939,34331.00589,36497.93903,38627.21092,40766.11709,42865.80495,44909.7308,46881.25361,48750.30279,50476.39491,52002.30822,53196.95821
OECD ENV-Growth 2025,SSP1,1,United States,billion USD_2017/yr,GDP|PPP,ANNUAL,,,,,,,,,,23076.2,25374.7,27815.1,30375.4,32921.3,35277.9,37504.6,39692.6,41890.5,44048.1,46148.4,48174.3,50094.9,51868.6,53436.6,54664.2
OECD ENV-Growth 2025,SSP1,1,United States Virgin Islands,billion USD_2017/yr,GDP|PPP,ANNUAL,,,,,,,,,,3.23557,3.4541,3.67971,3.98899,4.35119,4.73074,5.11759,5.52625,5.95865,6.3953,6.82611,7.24559,7.6539,8.04561,8.4008,8.69832
OECD ENV-Growth 2025,SSP1,1,Uruguay,billion USD_2010/yr,GDP|PPP,ANNUAL,,,,,,,,,,84.40568377,94.74299365,105.3779777,115.8859516,125.9639726,134.8970205,142.8233953,149.7609725,156.0098724,160.9284584,164.514849,166.6749626,167.6026071,167.3570542,165.8141159,162.8091496
OECD ENV-Growth 2025,SSP1,1,Uruguay,billion USD_2015/yr,GDP|PPP,ANNUAL,,,,,,,,,,87.28635555,97.97646628,108.9744105,119.8410098,130.2629824,139.5009053,147.6977984,154.8721474,161.3343152,166.4207671,170.1295572,172.363393,173.3226971,173.0687636,171.4731666,168.3656442
OECD ENV-Growth 2025,SSP1,1,Uruguay,billion USD_2017/yr,GDP|PPP,ANNUAL,,,,,,,,,,89.7154,100.703,112.007,123.176,133.888,143.383,151.808,159.182,165.824,171.052,174.864,177.16,178.146,177.885,176.245,173.051
OECD ENV-Growth 2025,SSP1,1,Uzbekistan,billion USD_2010/yr,GDP|PPP,ANNUAL,,,,,,,,,,373.0682168,487.9170431,632.4403576,798.6340536,975.3968361,1151.094098,1326.700817,1507.68483,1692.511344,1878.099734,2060.110622,2238.875259,2417.021563,2596.415575,2777.454797,2958.151726
OECD ENV-Growth 2025,SSP1,1,Uzbekistan,billion USD_2015/yr,GDP|PPP,ANNUAL,,,,,,,,,,352.6032492,461.1519475,597.7473153,754.8243177,921.8906307,1087.949873,1253.923539,1424.979524,1599.667225,1775.075009,1947.101539,2116.059893,2284.433833,2453.987038,2625.095202,2795.879851
OECD ENV-Growth 2025,SSP1,1,Uzbekistan,billion USD_2017/yr,GDP|PPP,ANNUAL,,,,,,,,,,337.873,441.887,572.776,723.291,883.378,1042.5,1201.54,1365.45,1532.84,1700.92,1865.76,2027.66,2189,2351.47,2515.43,2679.08
OECD ENV-Growth 2025,SSP1,1,Vanuatu,billion USD_2010/yr,GDP|PPP,ANNUAL,,,,,,,,,,0.759414779,0.893474827,1.191204569,1.689506286,2.478486979,3.616186053,5.195852118,7.353716679,10.23030418,13.88349336,18.35064437,23.62327844,29.68791878,36.49592403,43.97268104,51.99841602
OECD ENV-Growth 2025,SSP1,1,Vanuatu,billion USD_2015/yr,GDP|PPP,ANNUAL,,,,,,,,,,0.82673494,0.972679066,1.296801782,1.83927666,2.698198456,3.936751619,5.656451005,8.005604693,11.13719425,15.11422923,19.97738166,25.71742113,32.31967619,39.73119355,47.87074578,56.60794147
OECD ENV-Growth 2025,SSP1,1,Vanuatu,billion USD_2017/yr,GDP|PPP,ANNUAL,,,,,,,,,,0.850883,1.00109,1.33468,1.893,2.77701,4.05174,5.82167,8.23944,11.4625,15.5557,20.5609,26.4686,33.2637,40.8917,49.269,58.2614
OECD ENV-Growth 2025,SSP1,1,Viet Nam,billion USD_2010/yr,GDP|PPP,ANNUAL,,,,,,,,,,1129.95488,1575.192462,2113.011705,2647.983856,3142.738689,3570.373736,3950.980605,4295.402118,4610.94354,4895.260707,5129.617363,5312.027361,5449.676627,5550.509743,5620.553341,5663.387597
OECD ENV-Growth 2025,SSP1,1,Viet Nam,billion USD_2015/yr,GDP|PPP,ANNUAL,,,,,,,,,,1244.417388,1734.756779,2327.056197,2916.220116,3461.092773,3932.046522,4351.20822,4730.519047,5078.024278,5391.142291,5649.238877,5850.126697,6001.7196,6112.766939,6189.905835,6237.079128
OECD ENV-Growth 2025,SSP1,1,Viet Nam,billion USD_2017/yr,GDP|PPP,ANNUAL,,,,,,,,,,1325.58,1847.9,2478.83,3106.42,3686.83,4188.5,4635,5039.05,5409.22,5742.76,6017.69,6231.68,6393.16,6511.45,6593.62,6643.87
OECD ENV-Growth 2025,SSP1,1,Western Sahara,billion USD_2017/yr,GDP|PPP,ANNUAL,,,,,,,,,,1.14952,1.26784,1.50488,1.88596,2.44881,3.19779,4.17421,5.44482,7.05403,9.00816,11.3237,14.0224,17.1101,20.5743,24.3626,28.3673
OECD ENV-Growth 2025,SSP1,1,Yemen,billion USD_2010/yr,GDP|PPP,ANNUAL,,,,,,,,,,57.34164284,75.96406655,102.346477,143.275507,201.7879691,277.1723257,369.1059029,479.2884845,607.6244635,752.0104838,907.2800849,1069.981299,1237.155822,1407.759331,1581.139122,1755.383055
OECD ENV-Growth 2025,SSP1,1,Yemen,billion USD_2015/yr,GDP|PPP,ANNUAL,,,,,,,,,,60.60512377,80.28740418,108.1713149,151.429736,213.2723137,292.947015,390.1128015,506.5661967,642.2061523,794.8096041,958.9160532,1130.87707,1307.565985,1487.879039,1671.126383,1855.287048
OECD ENV-Growth 2025,SSP1,1,Yemen,billion USD_2017/yr,GDP|PPP,ANNUAL,,,,,,,,,,62.3754,82.6326,111.331,155.853,219.502,301.504,401.508,521.363,660.965,818.026,986.926,1163.91,1345.76,1531.34,1719.94,1909.48
OECD ENV-Growth 2025,SSP1,1,Zambia,billion USD_2010/yr,GDP|PPP,ANNUAL,,,,,,,,,,75.80539417,97.49250944,127.0991569,164.4527726,212.2935236,271.1983196,341.9882644,426.9231744,527.4041156,642.7310636,773.0505352,916.6582565,1072.369884,1238.615451,1413.112757,1594.050692
OECD ENV-Growth 2025,SSP1,1,Zambia,billion USD_2015/yr,GDP|PPP,ANNUAL,,,,,,,,,,74.2368017,95.47515937,124.4691755,161.0498566,207.9006697,265.5865864,334.9117202,418.0891266,516.4908799,629.4314413,757.0542956,897.6904342,1050.180021,1212.985575,1383.872119,1561.066021
OECD ENV-Growth 2025,SSP1,1,Zambia,billion USD_2017/yr,GDP|PPP,ANNUAL,,,,,,,,,,74.5033,95.8179,124.916,161.628,208.647,266.54,336.114,419.59,518.345,631.691,759.772,900.913,1053.95,1217.34,1388.84,1566.67
OECD ENV-Growth 2025,SSP1,1,Zimbabwe,billion USD_2010/yr,GDP|PPP,ANNUAL,,,,,,,,,,40.71155947,48.38282767,59.82756892,73.54199843,90.12838296,109.0217837,129.9766934,153.6303019,180.6528399,211.22206,246.039561,285.7421146,330.7615543,381.741971,438.9008499,502.227735
OECD ENV-Growth 2025,SSP1,1,Zimbabwe,billion USD_2015/yr,GDP|PPP,ANNUAL,,,,,,,,,,45.81922289,54.45292672,67.33352273,82.76856159,101.4358703,122.6996331,146.2835412,172.9047262,203.317506,237.7219338,276.9076309,321.5912582,372.2588271,429.6352358,493.9652553,565.2371177
OECD ENV-Growth 2025,SSP1,1,Zimbabwe,billion USD_2017/yr,GDP|PPP,ANNUAL,,,,,,,,,,38.936,46.2727,57.2183,70.3346,86.1976,104.267,124.308,146.93,172.774,202.01,235.309,273.28,316.336,365.093,419.759,480.324
OECD ENV-Growth 2025,SSP2,1,Albania,billion USD_2010/yr,GDP|PPP,ANNUAL,,,,,,,,,,43.10539394,51.12207855,58.71156802,65.60857583,71.67803099,76.74001539,81.09115554,85.06780471,89.17334517,93.42234339,97.17961254,100.3630506,103.0406346,105.4065842,107.7045568,110.2408901
OECD ENV-Growth 2025,SSP2,1,Albania,billion USD_2015/yr,GDP|PPP,ANNUAL,,,,,,,,,,46.77538526,55.47461004,63.7102683,71.19448705,77.78069535,83.27365687,87.9952529,92.31047381,96.7655598,101.3763175,105.4534804,108.9079563,111.8135096,114.380896,116.874518,119.6267945
OECD ENV-Growth 2025,SSP2,1,Albania,billion USD_2017/yr,GDP|PPP,ANNUAL,,,,,,,,,,48.8271,57.9079,66.5048,74.3173,81.1924,86.9263,91.855,96.3595,101.01,105.823,110.079,113.685,116.718,119.398,122.001,124.874
OECD ENV-Growth 2025,SSP2,1,Algeria,billion USD_2010/yr,GDP|PPP,ANNUAL,,,,,,,,,,659.7363499,724.0611541,809.543404,901.9668214,1013.553738,1153.355845,1327.115756,1540.038131,1795.255969,2084.135312,2407.744778,2768.537336,3174.102609,3632.491672,4147.153251,4711.627057
OECD ENV-Growth 2025,SSP2,1,Algeria,billion USD_2015/yr,GDP|PPP,ANNUAL,,,,,,,,,,567.6783715,623.0274515,696.5817198,776.1086021,872.1249567,992.4194233,1141.933306,1325.14502,1544.750392,1793.320225,2071.774027,2382.222484,2731.196182,3125.622769,3568.469744,4054.178271
OECD ENV-Growth 2025,SSP2,1,Algeria,billion USD_2017/yr,GDP|PPP,ANNUAL,,,,,,,,,,543.288,596.259,666.653,742.763,834.654,949.78,1092.87,1268.21,1478.38,1716.27,1982.76,2279.87,2613.85,2991.33,3415.15,3879.99
OECD ENV-Growth 2025,SSP2,1,Angola,billion USD_2010/yr,GDP|PPP,ANNUAL,,,,,,,,,,194.6208842,233.7144479,285.6294661,350.9008447,436.7558139,548.7903125,692.1339509,871.5108741,1091.413777,1353.731975,1662.057225,2016.595258,2417.834692,2866.889912,3361.334985,3897.32956
OECD ENV-Growth 2025,SSP2,1,Angola,billion USD_2015/yr,GDP|PPP,ANNUAL,,,,,,,,,,207.4632321,249.1364426,304.4771503,374.0555577,465.5757946,585.0030558,737.805437,929.0188126,1163.432335,1443.059989,1771.730538,2149.663289,2577.379102,3056.065898,3583.137663,4154.500635
OECD ENV-Growth 2025,SSP2,1,Angola,billion USD_2017/yr,GDP|PPP,ANNUAL,,,,,,,,,,227.037,272.642,333.204,409.347,509.502,640.197,807.416,1016.67,1273.2,1579.21,1938.89,2352.48,2820.55,3344.4,3921.2,4546.47
OECD ENV-Growth 2025,SSP2,1,Antigua and Barbuda,billion USD_2010/yr,GDP|PPP,ANNUAL,,,,,,,,,,2.641210297,3.045667558,3.502711283,3.986019936,4.513095923,5.091592301,5.7322075,6.449772147,7.250343027,8.103115452,9.002111888,9.931414881,10.8836544,11.8518227,12.82487038,13.7868234
OECD ENV-Growth 2025,SSP2,1,Antigua and Barbuda,billion USD_2015/yr,GDP|PPP,ANNUAL,,,,,,,,,,2.372306384,2.7355855,3.146097207,3.580199786,4.05361371,4.573212869,5.148606478,5.793115246,6.512179309,7.278130234,8.085599062,8.920288912,9.775580101,10.64517834,11.5191592,12.38317494
OECD ENV-Growth 2025,SSP2,1,Antigua and Barbuda,billion USD_2017/yr,GDP|PPP,ANNUAL,,,,,,,,,,2.333,2.69026,3.09397,3.52088,3.98645,4.49744,5.0633,5.69713,6.40428,7.15754,7.95163,8.77249,9.61361,10.4688,11.3283,12.178
OECD ENV-Growth 2025,SSP2,1,Argentina,billion USD_2010/yr,GDP|PPP,ANNUAL,,,,,,,,,,787.8266549,891.7039002,992.4093799,1106.101435,1237.464756,1388.872408,1559.909679,1746.598423,1948.923281,2163.666408,2386.28135,2615.040149,2849.942803,3090.958594,3336.543878,3584.701902
OECD ENV-Growth 2025,SSP2,1,Argentina,billion USD_2015/yr,GDP|PPP,ANNUAL,,,,,,,,,,861.737401,975.3599941,1085.513259,1209.871448,1353.558751,1519.170863,1706.254167,1910.457302,2131.763469,2366.652938,2610.152724,2860.372757,3117.313039,3380.939968,3649.565081,3921.004298
OECD ENV-Growth 2025,SSP2,1,Argentina,billion USD_2017/yr,GDP|PPP,ANNUAL,,,,,,,,,,1025.84,1161.1,1292.23,1440.27,1611.32,1808.47,2031.18,2274.27,2537.72,2817.34,3107.21,3405.08,3710.95,4024.78,4344.56,4667.69
OECD ENV-Growth 2025,SSP2,1,Armenia,billion USD_2010/yr,GDP|PPP,ANNUAL,,,,,,,,,,42.43829227,53.00411895,63.78386185,73.35206029,81.4354713,88.38228543,94.88718408,101.6389403,108.9661578,116.0181899,121.9201087,127.3744464,132.8190716,138.7331309,145.3553881,152.6453747
OECD ENV-Growth 2025,SSP2,1,Armenia,billion USD_2015/yr,GDP|PPP,ANNUAL,,,,,,,,,,46.17902443,57.67617811,69.40610371,79.81769301,88.61361798,96.17276049,103.2510348,110.597926,118.5710026,126.2446376,132.6667822,138.6018936,144.5264365,150.9617918,158.1677692,166.1003332
OECD ENV-Growth 2025,SSP2,1,Armenia,billion USD_2017/yr,GDP|PPP,ANNUAL,,,,,,,,,,52.4338,65.4882,78.8069,90.6287,100.616,109.199,117.236,125.578,134.631,143.344,150.636,157.375,164.102,171.409,179.591,188.598
OECD ENV-Growth 2025,SSP2,1,Aruba,billion USD_2010/yr,GDP|PPP,ANNUAL,,,,,,,,,,4.47251413,4.74931737,5.115515111,5.510001514,5.939180642,6.427590065,6.995889933,7.663117514,8.407154981,9.190180463,10.00928832,10.86202966,11.74586812,12.65681938,13.58312484,14.50593187
OECD ENV-Growth 2025,SSP2,1,Aruba,billion USD_2015/yr,GDP|PPP,ANNUAL,,,,,,,,,,4.500160567,4.77867484,5.1471362,5.544061084,5.975893143,6.467321624,7.039134386,7.710486373,8.45912304,9.246988722,10.07115982,10.9291723,11.81847412,12.73505635,13.66708768,14.59559896
OECD ENV-Growth 2025,SSP2,1,Aruba,billion USD_2017/yr,GDP|PPP,ANNUAL,,,,,,,,,,4.60237,4.88721,5.26404,5.66998,6.11162,6.61421,7.19901,7.88561,8.65125,9.45701,10.2999,11.1774,12.0869,13.0243,13.9775,14.9271
OECD ENV-Growth 2025,SSP2,1,Australia,billion USD_2010/yr,GDP|PPP,ANNUAL,,,,,,,,,,1291.732413,1471.491242,1665.078362,1873.576766,2098.937628,2333.087735,2570.943286,2817.990846,3073.630743,3330.568441,3583.639587,3828.762822,4062.68022,4284.272985,4493.890182,4690.627825
OECD ENV-Growth 2025,SSP2,1,Australia,billion USD_2015/yr,GDP|PPP,ANNUAL,,,,,,,,,,1383.37111,1575.882476,1783.203146,2006.492942,2247.841463,2498.602758,2753.332371,3017.906098,3291.681722,3566.847216,3837.871856,4100.384741,4350.896818,4588.209923,4812.697883,5023.392582
OECD ENV-Growth 2025,SSP2,1,Australia,billion USD_2017/yr,GDP|PPP,ANNUAL,,,,,,,,,,1443.22,1644.06,1860.35,2093.3,2345.09,2606.7,2872.45,3148.47,3434.09,3721.16,4003.91,4277.78,4539.13,4786.71,5020.91,5240.72
OECD ENV-Growth 2025,SSP2,1,Austria,billion USD_2010/yr,GDP|PPP,ANNUAL,,,,,,,,,,417.1791408,458.9051687,490.2203798,521.4633781,552.867841,582.9002603,612.1415841,641.9492512,672.6640411,703.1776087,732.560924,759.1798677,782.2555149,801.920932,818.7473304,832.9383666
OECD ENV-Growth 2025,SSP2,1,Austria,billion USD_2015/yr,GDP|PPP,ANNUAL,,,,,,,,,,485.0390059,533.5523401,569.9613965,606.2864937,642.7993199,677.716921,711.7147441,746.3710339,782.0820024,817.5590171,851.7219286,882.6708057,909.500021,932.3642858,951.927727,968.4271283
OECD ENV-Growth 2025,SSP2,1,Austria,billion USD_2017/yr,GDP|PPP,ANNUAL,,,,,,,,,,514.16,565.586,604.181,642.687,681.392,718.406,754.445,791.182,829.037,866.644,902.858,935.665,964.105,988.342,1009.08,1026.57
OECD ENV-Growth 2025,SSP2,1,Azerbaijan,billion USD_2010/yr,GDP|PPP,ANNUAL,,,,,,,,,,171.6570573,193.9570864,214.7245283,235.6490786,259.4026206,287.3013273,318.5378073,353.2858162,391.0792309,431.0336666,472.6819597,516.0501217,561.8716718,610.3390939,660.7032618,712.07875
OECD ENV-Growth 2025,SSP2,1,Azerbaijan,billion USD_2015/yr,GDP|PPP,ANNUAL,,,,,,,,,,165.8788577,187.4282389,207.4966217,227.7168244,250.6707913,277.6303913,307.8154108,341.3937565,377.9149958,416.5245133,456.7708707,498.679204,542.9583412,589.7942869,638.4631315,688.109254
OECD ENV-Growth 2025,SSP2,1,Azerbaijan,billion USD_2017/yr,GDP|PPP,ANNUAL,,,,,,,,,,164.983,186.416,206.376,226.487,249.317,276.131,306.153,339.55,375.874,414.275,454.304,495.986,540.026,586.609,635.015,684.393
OECD ENV-Growth 2025,SSP2,1,Bahamas,billion USD_2010/yr,GDP|PPP,ANNUAL,,,,,,,,,,13.03136071,14.10658157,15.262427,16.40646334,17.5959519,18.86640486,20.22028599,21.66337238,23.18844267,24.78215854,26.42260097,28.09269354,29.78028734,31.45743137,33.12174684,34.77918075
OECD ENV-Growth 2025,SSP2,1,Bahamas,billion USD_2015/yr,GDP|PPP,ANNUAL,,,,,,,,,,14.31066965,15.49144661,16.76076317,18.01711135,19.32337385,20.71854915,22.20534289,23.79009932,25.46488813,27.21506156,29.01654878,30.85059693,32.70386443,34.5456563,36.3733602,38.19350698
OECD ENV-Growth 2025,SSP2,1,Bahamas,billion USD_2017/yr,GDP|PPP,ANNUAL,,,,,,,,,,15.3387,16.6043,17.9648,19.3114,20.7115,22.2069,23.8005,25.4991,27.2942,29.1701,31.101,33.0668,35.0532,37.0273,38.9863,40.9372
OECD ENV-Growth 2025,SSP2,1,Bahrain,billion USD_2010/yr,GDP|PPP,ANNUAL,,,,,,,,,,88.12602382,101.2770205,115.9323495,129.204509,141.5206186,153.3602809,165.7121503,178.7119039,191.8305064,203.1569098,212.9572095,221.4901384,229.287887,237.0130642,244.8833843,252.4539528
OECD ENV-Growth 2025,SSP2,1,Bahrain,billion USD_2015/yr,GDP|PPP,ANNUAL,,,,,,,,,,79.21337725,91.03434473,104.2075035,116.1373799,127.2078968,137.8501521,148.9528122,160.6378326,172.4296821,182.610587,191.419731,199.0896801,206.0988016,213.0426911,220.1170445,226.9219617
OECD ENV-Growth 2025,SSP2,1,Bahrain,billion USD_2017/yr,GDP|PPP,ANNUAL,,,,,,,,,,83.7891,96.2929,110.227,122.846,134.556,145.813,157.557,169.917,182.39,193.159,202.477,210.59,218.004,225.349,232.832,240.03
OECD ENV-Growth 2025,SSP2,1,Bangladesh,billion USD_2010/yr,GDP|PPP,ANNUAL,,,,,,,,,,1175.631971,1651.130743,2197.690318,2761.83937,3355.458512,3981.282168,4637.758832,5326.225715,6050.951608,6777.074716,7502.203486,8196.207797,8846.16984,9461.37295,10053.34629,10629.80455
OECD ENV-Growth 2025,SSP2,1,Bangladesh,billion USD_2015/yr,GDP|PPP,ANNUAL,,,,,,,,,,1333.325669,1872.605593,2492.478077,3132.299409,3805.543807,4515.312482,5259.845813,6040.660379,6862.597567,7686.119386,8508.513492,9295.608251,10032.75312,10730.47666,11401.8545,12055.63613
OECD ENV-Growth 2025,SSP2,1,Bangladesh,billion USD_2017/yr,GDP|PPP,ANNUAL,,,,,,,,,,1371.5,1926.22,2563.84,3221.98,3914.5,4644.59,5410.44,6213.61,7059.08,7906.18,8752.12,9561.75,10320,11037.7,11728.3,12400.8
OECD ENV-Growth 2025,SSP2,1,Barbados,billion USD_2010/yr,GDP|PPP,ANNUAL,,,,,,,,,,4.902133143,5.423867316,6.015449197,6.729861359,7.550062986,8.468148545,9.473608328,10.58194338,11.79319504,13.0752348,14.42279231,15.82450014,17.27529461,18.77217886,20.31174265,21.88137846
OECD ENV-Growth 2025,SSP2,1,Barbados,billion USD_2015/yr,GDP|PPP,ANNUAL,,,,,,,,,,4.788882527,5.298563433,5.876478404,6.574385993,7.375639065,8.272514723,9.254746059,10.33747601,11.52074495,12.77316663,14.08959244,15.45891758,16.87619534,18.3384981,19.8424944,21.375868
OECD ENV-Growth 2025,SSP2,1,Barbados,billion USD_2017/yr,GDP|PPP,ANNUAL,,,,,,,,,,4.74368,5.24855,5.82101,6.51233,7.30602,8.19443,9.16739,10.2399,11.412,12.6526,13.9566,15.313,16.7169,18.1654,19.6552,21.1741
OECD ENV-Growth 2025,SSP2,1,Belarus,billion USD_2010/yr,GDP|PPP,ANNUAL,,,,,,,,,,163.1723499,169.6965151,178.6969218,188.6816234,199.6311289,211.7757863,226.283283,243.6789898,263.7547075,285.2275746,307.5305806,330.8612932,355.8053281,382.9412131,412.0899857,442.3187362
OECD ENV-Growth 2025,SSP2,1,Belarus,billion USD_2015/yr,GDP|PPP,ANNUAL,,,,,,,,,,181.5386645,188.7971752,198.8106475,209.9192048,222.1011621,235.612795,251.7532231,271.1069517,293.4423472,317.3321522,342.1455347,368.1023001,395.8539797,426.0442193,458.4739125,492.1051435
OECD ENV-Growth 2025,SSP2,1,Belarus,billion USD_2017/yr,GDP|PPP,ANNUAL,,,,,,,,,,184.177,191.541,201.7,212.97,225.329,239.037,255.412,275.047,297.707,321.944,347.118,373.452,401.607,432.236,465.137,499.257
OECD ENV-Growth 2025,SSP2,1,Belgium,billion USD_2010/yr,GDP|PPP,ANNUAL,,,,,,,,,,538.6182983,583.9700691,623.6532838,660.1160677,694.471205,728.2608154,762.7670921,800.18986,840.0275358,879.224115,916.8594745,952.302483,985.3953576,1016.246055,1044.796445,1070.29083
OECD ENV-Growth 2025,SSP2,1,Belgium,billion USD_2015/yr,GDP|PPP,ANNUAL,,,,,,,,,,605.9031025,656.9202676,701.5607541,742.57851,781.2253298,819.2359764,858.052816,900.1504781,944.9647212,989.0577813,1031.394592,1071.265181,1108.492055,1143.196656,1175.313593,1203.992765
OECD ENV-Growth 2025,SSP2,1,Belgium,billion USD_2017/yr,GDP|PPP,ANNUAL,,,,,,,,,,648.597,703.209,750.995,794.903,836.273,876.962,918.514,963.578,1011.55,1058.75,1104.07,1146.75,1186.6,1223.75,1258.13,1288.83
OECD ENV-Growth 2025,SSP2,1,Belize,billion USD_2010/yr,GDP|PPP,ANNUAL,,,,,,,,,,4.645810055,5.32004993,6.334566997,7.64292285,9.265495161,11.2280557,13.55329388,16.28565745,19.44879906,22.98278437,26.85368627,30.98626576,35.33717748,39.87377861,44.58258394,49.44261643
OECD ENV-Growth 2025,SSP2,1,Belize,billion USD_2015/yr,GDP|PPP,ANNUAL,,,,,,,,,,4.306386753,4.931366602,5.871762961,7.084530216,8.588557248,10.40773293,12.56308901,15.09582585,18.02786804,21.30366007,24.89175353,28.72240639,32.7554401,36.96059675,41.32537633,45.83033441
OECD ENV-Growth 2025,SSP2,1,Belize,billion USD_2017/yr,GDP|PPP,ANNUAL,,,,,,,,,,4.34084,4.97082,5.91874,7.14121,8.65727,10.491,12.6636,15.2166,18.1721,21.4741,25.0909,28.9522,33.0175,37.2563,41.656,46.197
OECD ENV-Growth 2025,SSP2,1,Benin,billion USD_2010/yr,GDP|PPP,ANNUAL,,,,,,,,,,47.65227375,64.5517181,88.26097791,116.8639512,151.7976926,194.7091459,247.4349507,311.879058,389.8947166,482.564154,591.0150546,715.9528769,857.7246678,1017.538536,1195.013341,1390.032819
OECD ENV-Growth 2025,SSP2,1,Benin,billion USD_2015/yr,GDP|PPP,ANNUAL,,,,,,,,,,53.41699668,72.36084745,98.93832956,131.001541,170.1613838,218.2640403,277.3683374,349.6085558,437.0621409,540.9422423,662.5129659,802.5651126,961.4877136,1140.635028,1339.579808,1558.191722
OECD ENV-Growth 2025,SSP2,1,Benin,billion USD_2017/yr,GDP|PPP,ANNUAL,,,,,,,,,,54.5112,73.8431,100.965,133.685,173.647,222.735,283.05,356.77,446.015,552.023,676.084,819.005,981.183,1164,1367.02,1590.11
OECD ENV-Growth 2025,SSP2,1,Bhutan,billion USD_2010/yr,GDP|PPP,ANNUAL,,,,,,,,,,7.774857891,9.419836535,11.0512629,12.69871365,14.4506852,16.34083679,18.42666291,20.69560175,23.12035549,25.50822901,27.78369033,29.89286856,31.78277858,33.5428831,35.20804923,36.80549426
OECD ENV-Growth 2025,SSP2,1,Bhutan,billion USD_2015/yr,GDP|PPP,ANNUAL,,,,,,,,,,9.159684301,11.09765992,13.0196694,14.96055744,17.02458311,19.2514009,21.70874598,24.38181907,27.2384602,30.05165215,32.73240948,35.21726605,37.44379924,39.5174065,41.47916532,43.36114084
OECD ENV-Growth 2025,SSP2,1,Bhutan,billion USD_2017/yr,GDP|PPP,ANNUAL,,,,,,,,,,9.65527,11.6981,13.7241,15.77,17.9457,20.293,22.8833,25.701,28.7122,31.6776,34.5034,37.1227,39.4697,41.6555,43.7234,45.7072
OECD ENV-Growth 2025,SSP2,1,Bolivia,billion USD_2010/yr,GDP|PPP,ANNUAL,,,,,,,,,,83.2267649,93.36224591,107.8578047,128.512491,155.3614732,188.6790633,228.5324718,274.9787491,328.0077358,386.7175623,450.8292273,520.1043686,594.512507,673.7433806,757.0631459,844.0216497
OECD ENV-Growth 2025,SSP2,1,Bolivia,billion USD_2015/yr,GDP|PPP,ANNUAL,,,,,,,,,,95.14088765,106.7272885,123.2979233,146.9093805,177.6018626,215.6889504,261.2474754,314.3426554,374.9628761,442.0771634,515.3665761,594.5586297,679.6184821,770.1914564,865.4386577,964.8454922
OECD ENV-Growth 2025,SSP2,1,Bolivia,billion USD_2017/yr,GDP|PPP,ANNUAL,,,,,,,,,,106.494,119.463,138.011,164.44,198.795,241.427,292.422,351.853,419.707,494.83,576.865,665.507,760.717,862.098,968.711,1079.98
OECD ENV-Growth 2025,SSP2,1,Bosnia and Herzegovina,billion USD_2010/yr,GDP|PPP,ANNUAL,,,,,,,,,,51.22290579,59.50614989,66.54587322,71.19814788,74.13978845,75.96244282,77.15121358,78.09395685,79.0073263,79.56056226,79.9850053,80.29230067,80.61775915,81.10407841,81.81165729,82.71772674
OECD ENV-Growth 2025,SSP2,1,Bosnia and Herzegovina,billion USD_2015/yr,GDP|PPP,ANNUAL,,,,,,,,,,55.66696946,64.66886207,72.31934689,77.37524966,80.57210493,82.55289152,83.84479921,84.86933423,85.86194698,86.4631813,86.92444872,87.25840483,87.61209986,88.14061184,88.90957977,89.89425917
OECD ENV-Growth 2025,SSP2,1,Bosnia and Herzegovina,billion USD_2017/yr,GDP|PPP,ANNUAL,,,,,,,,,,58.9414,68.4728,76.5733,81.9266,85.3115,87.4088,88.7767,89.8615,90.9125,91.5491,92.0375,92.3911,92.7656,93.3252,94.1394,95.182
OECD ENV-Growth 2025,SSP2,1,Botswana,billion USD_2010/yr,GDP|PPP,ANNUAL,,,,,,,,,,45.09864882,54.9777027,65.8692068,76.64582224,87.62067695,99.14803545,111.4733462,124.5714374,138.1063602,151.8107267,165.7912961,180.1420949,194.8533287,209.8094234,224.7429908,239.6393394
OECD ENV-Growth 2025,SSP2,1,Botswana,billion USD_2015/yr,GDP|PPP,ANNUAL,,,,,,,,,,45.16546041,55.05914965,65.96678902,76.75936952,87.75048297,99.29491873,111.6384888,124.7559843,138.3109585,152.0356273,166.0369083,180.4089672,195.141995,210.1202464,225.0759372,239.9943541
OECD ENV-Growth 2025,SSP2,1,Botswana,billion USD_2017/yr,GDP|PPP,ANNUAL,,,,,,,,,,46.0452,56.1316,67.2517,78.2545,89.4597,101.229,113.813,127.186,141.005,154.997,169.271,183.923,198.943,214.213,229.46,244.669
OECD ENV-Growth 2025,SSP2,1,Brazil,billion USD_2010/yr,GDP|PPP,ANNUAL,,,,,,,,,,3350.796133,3642.324581,4141.991363,4796.375591,5593.549262,6508.587764,7521.428178,8605.018297,9757.952561,10940.8368,12147.40374,13346.269,14537.72137,15720.12425,16893.28509,18057.01136
OECD ENV-Growth 2025,SSP2,1,Brazil,billion USD_2015/yr,GDP|PPP,ANNUAL,,,,,,,,,,3409.840692,3706.506178,4214.977616,4880.892783,5692.113495,6623.27594,7653.963669,8756.647788,9929.897968,11133.62587,12361.4538,13581.44432,14793.89134,15997.1294,17190.96258,18375.19493
OECD ENV-Growth 2025,SSP2,1,Brazil,billion USD_2017/yr,GDP|PPP,ANNUAL,,,,,,,,,,3480.58,3783.4,4302.42,4982.15,5810.2,6760.68,7812.75,8938.31,10135.9,11364.6,12617.9,13863.2,15100.8,16329,17547.6,18756.4
OECD ENV-Growth 2025,SSP2,1,Brunei Darussalam,billion USD_2010/yr,GDP|PPP,ANNUAL,,,,,,,,,,32.97863919,38.42373741,43.21800772,46.56092348,48.91604106,50.68255704,52.15749832,53.53323308,54.902923,55.97463781,56.96528062,57.89926787,58.87770247,59.99599811,61.27821563,62.69709396
OECD ENV-Growth 2025,SSP2,1,Brunei Darussalam,billion USD_2015/yr,GDP|PPP,ANNUAL,,,,,,,,,,27.57100857,32.12325371,36.13138961,38.926155,40.89509515,42.37194891,43.60503856,44.75518895,45.9002857,46.79626743,47.62447084,48.40530871,49.22330574,50.15823027,51.23019779,52.41641735
OECD ENV-Growth 2025,SSP2,1,Brunei Darussalam,billion USD_2017/yr,GDP|PPP,ANNUAL,,,,,,,,,,27.8239,32.4179,36.4628,39.2832,41.2702,42.7606,44.005,45.1657,46.3213,47.2255,48.0613,48.8493,49.6748,50.6183,51.7001,52.8972
OECD ENV-Growth 2025,SSP2,1,Bulgaria,billion USD_2010/yr,GDP|PPP,ANNUAL,,,,,,,,,,154.9134404,177.6291211,197.5007046,214.0566478,228.4131558,241.7185845,254.8533673,267.6114102,279.7833219,291.0500687,301.7504692,312.5802967,324.0638544,336.7229722,350.6128834,365.2018655
OECD ENV-Growth 2025,SSP2,1,Bulgaria,billion USD_2015/yr,GDP|PPP,ANNUAL,,,,,,,,,,172.2492552,197.5069673,219.6023093,238.0109695,253.9740635,268.7684556,283.3731055,297.5588559,311.0928831,323.6204516,335.518296,347.5600512,360.3286932,374.4044481,389.8487301,406.0703135
OECD ENV-Growth 2025,SSP2,1,Bulgaria,billion USD_2017/yr,GDP|PPP,ANNUAL,,,,,,,,,,187.916,215.471,239.576,259.659,277.074,293.214,309.147,324.623,339.388,353.055,366.035,379.172,393.102,408.458,425.307,443.004
OECD ENV-Growth 2025,SSP2,1,Burkina Faso,billion USD_2010/yr,GDP|PPP,ANNUAL,,,,,,,,,,50.37823291,67.16842308,93.08833903,125.2494376,166.3041214,218.6399182,284.9848096,367.9065635,470.0182257,591.6593789,735.3411941,901.8185898,1092.455121,1309.213403,1553.599789,1825.753595
OECD ENV-Growth 2025,SSP2,1,Burkina Faso,billion USD_2015/yr,GDP|PPP,ANNUAL,,,,,,,,,,51.22556039,68.2981501,94.65402133,127.3560477,169.1012432,222.3172924,289.7780595,374.0945007,477.9236114,601.6106857,747.7091309,916.9865627,1110.829471,1331.233478,1579.730276,1856.461523
OECD ENV-Growth 2025,SSP2,1,Burkina Faso,billion USD_2017/yr,GDP|PPP,ANNUAL,,,,,,,,,,57.8578,77.1408,106.909,143.845,190.995,251.101,327.296,422.529,539.801,679.502,844.516,1035.71,1254.65,1503.59,1784.26,2096.82
OECD ENV-Growth 2025,SSP2,1,Burundi,billion USD_2010/yr,GDP|PPP,ANNUAL,,,,,,,,,,8.300065021,10.96748685,14.55887093,19.21974721,25.35402589,33.44649328,44.09792078,57.98031655,75.71858941,97.70175961,124.637728,157.0610448,195.4137071,240.2309705,292.012041,351.2412348
OECD ENV-Growth 2025,SSP2,1,Burundi,billion USD_2015/yr,GDP|PPP,ANNUAL,,,,,,,,,,10.80211708,14.2736324,18.94763811,25.01353411,32.99698922,43.52892843,57.39122547,75.45846519,98.54393496,127.1539251,162.2097329,204.4070485,254.3211092,312.6485229,380.0389813,457.1227973
OECD ENV-Growth 2025,SSP2,1,Burundi,billion USD_2017/yr,GDP|PPP,ANNUAL,,,,,,,,,,10.5911,13.9948,18.5775,24.5249,32.3524,42.6786,56.2701,73.9844,96.6189,124.67,159.041,200.414,249.353,306.541,372.615,448.193
OECD ENV-Growth 2025,SSP2,1,Cabo Verde,billion USD_2010/yr,GDP|PPP,ANNUAL,,,,,,,,,,4.568422477,5.760658054,7.064323373,8.316122398,9.539638855,10.74827116,11.99145116,13.29128581,14.69539004,16.1449612,17.5920263,18.98521132,20.32541127,21.6444888,22.98934285,24.38395989
OECD ENV-Growth 2025,SSP2,1,Cabo Verde,billion USD_2015/yr,GDP|PPP,ANNUAL,,,,,,,,,,4.761578641,6.00422279,7.363008008,8.66773399,9.942981596,11.20271574,12.49845828,13.85325086,15.31672163,16.82758168,18.33582973,19.78791961,21.18478417,22.55963324,23.96134867,25.41493113
OECD ENV-Growth 2025,SSP2,1,Cabo Verde,billion USD_2017/yr,GDP|PPP,ANNUAL,,,,,,,,,,5.10428,6.43636,7.89294,9.29157,10.6586,12.009,13.398,14.8503,16.4191,18.0387,19.6555,21.2121,22.7095,24.1833,25.6859,27.2441
OECD ENV-Growth 2025,SSP2,1,Cambodia,billion USD_2010/yr,GDP|PPP,ANNUAL,,,,,,,,,,81.03381563,110.2569216,147.1730463,191.3841132,244.5673157,308.1523337,382.0131767,470.0930808,571.2661731,680.2283407,794.5142793,912.4664535,1033.828415,1157.933574,1283.361188,1408.654769
OECD ENV-Growth 2025,SSP2,1,Cambodia,billion USD_2015/yr,GDP|PPP,ANNUAL,,,,,,,,,,86.72155425,117.9958211,157.5030772,204.8173053,261.7334204,329.7814513,408.8265642,503.0887697,611.3631703,727.973359,850.2809925,976.5121936,1106.392513,1239.208576,1373.439915,1507.527814
OECD ENV-Growth 2025,SSP2,1,Cambodia,billion USD_2017/yr,GDP|PPP,ANNUAL,,,,,,,,,,90.6875,123.392,164.706,214.184,273.703,344.863,427.523,526.096,639.322,761.265,889.166,1021.17,1156.99,1295.88,1436.25,1576.47
OECD ENV-Growth 2025,SSP2,1,Cameroon,billion USD_2010/yr,GDP|PPP,ANNUAL,,,,,,,,,,103.3733237,130.9225037,170.5979987,220.1160382,282.1101986,359.0160364,453.647701,568.9301285,707.4428103,870.0641869,1057.940505,1271.697229,1512.426519,1779.552637,2072.526011,2389.9858
OECD ENV-Growth 2025,SSP2,1,Cameroon,billion USD_2015/yr,GDP|PPP,ANNUAL,,,,,,,,,,112.6392321,142.6577937,185.8896172,239.8462256,307.3972568,391.1965795,494.3105905,619.9264035,770.8547239,948.0527313,1152.769417,1385.686308,1647.993463,1939.063535,2258.297692,2604.213114
OECD ENV-Growth 2025,SSP2,1,Cameroon,billion USD_2017/yr,GDP|PPP,ANNUAL,,,,,,,,,,118.502,150.083,195.565,252.33,323.397,411.558,520.039,652.193,810.977,997.398,1212.77,1457.81,1733.77,2039.99,2375.84,2739.76
OECD ENV-Growth 2025,SSP2,1,Canada,billion USD_2010/yr,GDP|PPP,ANNUAL,,,,,,,,,,1771.057614,1965.84955,2184.828472,2428.065885,2682.26163,2936.823845,3191.439689,3448.540375,3713.792772,3980.627245,4238.594944,4482.315025,4710.330548,4922.721957,5119.962982,5300.319595
OECD ENV-Growth 2025,SSP2,1,Canada,billion USD_2015/yr,GDP|PPP,ANNUAL,,,,,,,,,,1862.512497,2067.36321,2297.64989,2553.447736,2820.769786,3088.477229,3356.241072,3626.618069,3905.567721,4186.181145,4457.469927,4713.775364,4953.565283,5176.924281,5384.35055,5574.020521
OECD ENV-Growth 2025,SSP2,1,Canada,billion USD_2017/yr,GDP|PPP,ANNUAL,,,,,,,,,,1981.43,2199.36,2444.35,2716.48,3000.87,3285.67,3570.53,3858.17,4154.93,4453.46,4742.07,5014.74,5269.84,5507.46,5728.13,5929.91
OECD ENV-Growth 2025,SSP2,1,Central African Republic,billion USD_2010/yr,GDP|PPP,ANNUAL,,,,,,,,,,3.93669834,4.865443729,6.591935281,9.01483819,12.45067405,17.23426122,23.73257317,32.38762251,43.77681167,58.40274341,76.97820998,100.1581277,128.6386843,163.223757,204.7435661,254.0067786
OECD ENV-Growth 2025,SSP2,1,Central African Republic,billion USD_2015/yr,GDP|PPP,ANNUAL,,,,,,,,,,4.551246969,5.624976595,7.620986643,10.42212317,14.3943192,19.92466081,27.4374088,37.44357734,50.61070578,67.51985699,88.99509553,115.7935751,148.7201638,188.70423,236.705598,293.6591736
OECD ENV-Growth 2025,SSP2,1,Central African Republic,billion USD_2017/yr,GDP|PPP,ANNUAL,,,,,,,,,,4.93142,6.09484,8.25758,11.2927,15.5967,21.589,29.7293,40.5713,54.8383,73.1599,96.429,125.466,161.143,204.467,256.478,318.189
OECD ENV-Growth 2025,SSP2,1,Chad,billion USD_2010/yr,GDP|PPP,ANNUAL,,,,,,,,,,29.57830171,35.81115766,48.99910083,66.72757599,90.23578547,121.3254346,162.0299709,214.5246711,281.2839625,364.5886304,466.4912772,588.5713912,732.5843084,900.910252,1095.028226,1316.721828
OECD ENV-Growth 2025,SSP2,1,Chad,billion USD_2015/yr,GDP|PPP,ANNUAL,,,,,,,,,,27.84731128,33.71540613,46.13156045,62.82252436,84.95497921,114.2251904,152.5476033,201.9701927,264.8225763,343.252063,439.1911319,554.1268361,689.7117853,848.1869065,1030.944649,1239.66423
OECD ENV-Growth 2025,SSP2,1,Chad,billion USD_2017/yr,GDP|PPP,ANNUAL,,,,,,,,,,28.2583,34.213,46.8124,63.7497,86.2088,115.911,154.799,204.951,268.731,348.318,445.673,562.305,699.891,860.705,1046.16,1257.96
OECD ENV-Growth 2025,SSP2,1,Chile,billion USD_2010/yr,GDP|PPP,ANNUAL,,,,,,,,,,450.0881289,484.5546751,535.6446858,593.8229739,658.2434834,726.6964048,796.1088151,865.3822061,937.2628483,1010.516626,1081.007075,1145.88558,1203.668133,1253.715072,1296.077572,1331.284417
OECD ENV-Growth 2025,SSP2,1,Chile,billion USD_2015/yr,GDP|PPP,ANNUAL,,,,,,,,,,489.6767003,527.1748334,582.7585875,646.0540853,716.1408538,790.6147147,866.1324586,941.4989554,1019.70203,1099.399018,1176.089622,1246.674671,1309.539625,1363.988562,1410.077156,1448.380703
OECD ENV-Growth 2025,SSP2,1,Chile,billion USD_2017/yr,GDP|PPP,ANNUAL,,,,,,,,,,527.728,568.14,628.043,696.257,771.79,852.051,933.437,1014.66,1098.94,1184.83,1267.48,1343.55,1411.3,1469.98,1519.65,1560.93
OECD ENV-Growth 2025,SSP2,1,China,billion USD_2010/yr,GDP|PPP,ANNUAL,,,,,,,,,,30707.85378,36904.38257,42532.78945,47043.91075,51362.53309,55394.90698,58894.47128,62267.89043,65461.72722,68030.98408,69943.36951,71349.50769,72385.02289,73222.83083,73903.97296,74290.11669
OECD ENV-Growth 2025,SSP2,1,China,billion USD_2015/yr,GDP|PPP,ANNUAL,,,,,,,,,,30146.05914,36229.22355,41754.65975,46183.25089,50422.86481,54381.46716,57817.00756,61128.71061,64264.11673,66786.3695,68663.76818,70044.18132,71060.75196,71883.23236,72551.91311,72930.99242
OECD ENV-Growth 2025,SSP2,1,China,billion USD_2017/yr,GDP|PPP,ANNUAL,,,,,,,,,,29479.7,35428.4,40831.7,45162.4,49308.3,53179.4,56539,59777.5,62843.6,65310.1,67146,68495.9,69490,70294.3,70948.2,71318.9
OECD ENV-Growth 2025,SSP2,1,Colombia,billion USD_2010/yr,GDP|PPP,ANNUAL,,,,,,,,,,772.0470413,891.25477,1053.75264,1257.429574,1490.486631,1742.291777,2008.489396,2284.327086,2569.263777,2858.024031,3143.736256,3416.931719,3676.185601,3922.724329,4158.315399,4385.519877
OECD ENV-Growth 2025,SSP2,1,Colombia,billion USD_2015/yr,GDP|PPP,ANNUAL,,,,,,,,,,797.7044911,920.873852,1088.772016,1299.217748,1540.019993,1800.193384,2075.237552,2360.242159,2654.648155,2953.004783,3248.212086,3530.486657,3798.356327,4053.08828,4296.508751,4531.263919
OECD ENV-Growth 2025,SSP2,1,Colombia,billion USD_2017/yr,GDP|PPP,ANNUAL,,,,,,,,,,856.133,988.324,1168.52,1394.38,1652.82,1932.05,2227.24,2533.12,2849.09,3169.3,3486.13,3789.08,4076.57,4349.96,4611.21,4863.16
OECD ENV-Growth 2025,SSP2,1,Comoros,billion USD_2010/yr,GDP|PPP,ANNUAL,,,,,,,,,,2.362229355,2.921116747,3.707177848,5.09627292,7.151644031,9.820481197,13.04785358,16.78712594,21.00785505,25.60587658,30.53587788,35.72679868,41.12479598,46.71742639,52.45882944,58.36066591
OECD ENV-Growth 2025,SSP2,1,Comoros,billion USD_2015/yr,GDP|PPP,ANNUAL,,,,,,,,,,2.763511513,3.417339533,4.336932247,5.96199893,8.366524856,11.48872898,15.26434913,19.63882792,24.57655061,29.95565802,35.72314005,41.79586511,48.11084364,54.65351847,61.37023859,68.27464564
OECD ENV-Growth 2025,SSP2,1,Comoros,billion USD_2017/yr,GDP|PPP,ANNUAL,,,,,,,,,,3.01843,3.73257,4.73699,6.51196,9.13829,12.5485,16.6724,21.4504,26.8436,32.7189,39.0184,45.6513,52.5488,59.695,67.0313,74.5726
OECD ENV-Growth 2025,SSP2,1,Congo,billion USD_2010/yr,GDP|PPP,ANNUAL,,,,,,,,,,25.15615631,30.5186608,37.14626784,45.19568693,55.18469189,67.62095612,83.02245752,101.8253504,124.4891526,151.0471242,181.8187035,217.0089595,256.5974875,300.3424895,348.0042082,399.684668
OECD ENV-Growth 2025,SSP2,1,Congo,billion USD_2015/yr,GDP|PPP,ANNUAL,,,,,,,,,,21.5845652,26.18571835,31.87235882,38.77894697,47.34974475,58.02034773,71.23519291,87.36851083,106.8145785,129.6019337,156.0046619,186.1987173,220.1665919,257.7008175,298.5956769,342.9387093
OECD ENV-Growth 2025,SSP2,1,Congo,billion USD_2017/yr,GDP|PPP,ANNUAL,,,,,,,,,,24.657,29.9131,36.4092,44.2989,54.0897,66.2792,81.3751,99.8049,122.019,148.05,178.211,212.703,251.506,294.383,341.099,391.754
OECD ENV-Growth 2025,SSP2,1,Costa Rica,billion USD_2010/yr,GDP|PPP,ANNUAL,,,,,,,,,,101.2945433,116.3538914,137.1117112,160.1942181,184.6458997,209.1597092,233.6680138,258.2124941,282.4479074,305.0994507,325.6590901,343.5401491,358.9824885,372.2928163,383.8108701,393.6506822
OECD ENV-Growth 2025,SSP2,1,Costa Rica,billion USD_2015/yr,GDP|PPP,ANNUAL,,,,,,,,,,118.3162461,135.906192,160.1521903,187.1135199,215.6741026,244.3072533,272.9339739,301.6029493,329.9109216,356.3688678,380.3833831,401.2692048,419.3065006,434.8535179,448.3070845,459.800395
OECD ENV-Growth 2025,SSP2,1,Costa Rica,billion USD_2017/yr,GDP|PPP,ANNUAL,,,,,,,,,,128.803,147.952,174.347,203.698,234.79,265.961,297.125,328.335,359.152,387.955,414.098,436.835,456.471,473.396,488.042,500.554
OECD ENV-Growth 2025,SSP2,1,Croatia,billion USD_2010/yr,GDP|PPP,ANNUAL,,,,,,,,,,119.0397508,135.2359495,146.4930845,153.7736054,158.5522609,161.7881413,164.2824482,166.7053693,169.3441278,172.0366356,174.7148662,177.3418669,180.1175183,183.2123066,186.6875397,190.4911479
OECD ENV-Growth 2025,SSP2,1,Croatia,billion USD_2015/yr,GDP|PPP,ANNUAL,,,,,,,,,,132.9728477,151.0647426,163.6394773,171.7721523,177.1101291,180.7247555,183.5110105,186.2175242,189.1651381,192.1727925,195.1644987,198.0989787,201.1995082,204.6565283,208.5385227,212.7873271
OECD ENV-Growth 2025,SSP2,1,Croatia,billion USD_2017/yr,GDP|PPP,ANNUAL,,,,,,,,,,141.742,161.027,174.431,183.1,188.79,192.643,195.613,198.498,201.64,204.846,208.035,211.163,214.468,218.153,222.291,226.82
OECD ENV-Growth 2025,SSP2,1,Cuba,billion USD_2017/yr,GDP|PPP,ANNUAL,,,,,,,,,,82.7981,103.15,130.229,168.502,216.215,271.236,331.028,394.298,461.177,530.636,602.568,676.189,750.296,824.41,898.688,973.389
OECD ENV-Growth 2025,SSP2,1,Cura??ao,billion USD_2010/yr,GDP|PPP,ANNUAL,,,,,,,,,,3.365257866,3.882447365,4.490467469,5.207486184,6.061910465,7.074482199,8.272995512,9.686083637,11.30404503,13.09331554,15.03089053,17.08018887,19.20453512,21.37611631,23.56862794,25.75378563
OECD ENV-Growth 2025,SSP2,1,Cura??ao,billion USD_2015/yr,GDP|PPP,ANNUAL,,,,,,,,,,3.376487135,3.895402404,4.505451364,5.224862643,6.082137986,7.098088493,8.300601033,9.718404382,11.34176462,13.13700561,15.08104595,17.13718244,19.26861725,21.44744462,23.64727227,25.83972145
OECD ENV-Growth 2025,SSP2,1,Cura??ao,billion USD_2017/yr,GDP|PPP,ANNUAL,,,,,,,,,,3.56938,4.11794,4.76284,5.52335,6.4296,7.50359,8.7748,10.2736,11.9897,13.8875,15.9426,18.1162,20.3694,22.6727,24.9982,27.3159
OECD ENV-Growth 2025,SSP2,1,Cyprus,billion USD_2010/yr,GDP|PPP,ANNUAL,,,,,,,,,,37.33112634,43.04084865,48.80086615,54.41330468,59.98763025,65.58832164,71.37357375,77.50567124,83.86461918,90.08582095,95.96287484,101.3944073,106.4857076,111.4812904,116.6030463,121.8353124
OECD ENV-Growth 2025,SSP2,1,Cyprus,billion USD_2015/yr,GDP|PPP,ANNUAL,,,,,,,,,,39.6153738,45.67446727,51.78693343,57.74279044,63.6582024,69.60159347,75.74083831,82.24815159,88.99619604,95.59806578,101.8347296,107.5986112,113.0014421,118.3026987,123.7378488,129.290271
OECD ENV-Growth 2025,SSP2,1,Cyprus,billion USD_2017/yr,GDP|PPP,ANNUAL,,,,,,,,,,42.9015,49.4632,56.0827,62.5326,68.9387,75.3751,82.0236,89.0707,96.3785,103.528,110.282,116.524,122.375,128.116,134.002,140.015
OECD ENV-Growth 2025,SSP2,1,Czechia,billion USD_2010/yr,GDP|PPP,ANNUAL,,,,,,,,,,377.1681795,409.018207,438.9146641,467.9917207,495.69395,522.0871372,549.5970073,577.0394267,604.6009256,630.4386859,653.8798665,675.1409757,694.9248325,713.5678574,731.0883704,746.3913393
OECD ENV-Growth 2025,SSP2,1,Czechia,billion USD_2015/yr,GDP|PPP,ANNUAL,,,,,,,,,,424.547236,460.3981955,494.0501813,526.7798353,557.9619592,587.6706018,618.6362027,649.5258799,680.5495951,709.6330393,736.0188507,759.9507347,782.2197971,803.2047187,822.9261209,840.1514159
OECD ENV-Growth 2025,SSP2,1,Czechia,billion USD_2017/yr,GDP|PPP,ANNUAL,,,,,,,,,,452.933,491.181,527.083,562.001,595.268,626.963,659.999,692.954,726.052,757.08,785.23,810.762,834.52,856.908,877.948,896.325
OECD ENV-Growth 2025,SSP2,1,lvory Coast,billion USD_2010/yr,GDP|PPP,ANNUAL,,,,,,,,,,178.6387817,242.8156569,327.0829492,421.8711654,530.9203809,657.3046692,803.4834795,970.8306781,1160.688734,1373.333563,1608.907878,1864.290987,2138.188944,2430.154575,2739.112763,3066.385999
OECD ENV-Growth 2025,SSP2,1,lvory Coast,billion USD_2015/yr,GDP|PPP,ANNUAL,,,,,,,,,,194.3802247,264.212292,355.9051206,459.0459649,577.7044712,715.2255969,874.285515,1056.379155,1262.967284,1494.350129,1750.682981,2028.570154,2326.603682,2644.296987,2980.480214,3336.592388
OECD ENV-Growth 2025,SSP2,1,lvory Coast,billion USD_2017/yr,GDP|PPP,ANNUAL,,,,,,,,,,187.758,255.211,343.78,443.407,558.023,690.859,844.5,1020.39,1219.94,1443.44,1691.04,1959.46,2247.34,2554.21,2878.94,3222.92
OECD ENV-Growth 2025,SSP2,1,Democratic Republic of the Congo,billion USD_2010/yr,GDP|PPP,ANNUAL,,,,,,,,,,95.86224154,124.6249344,165.9354657,227.3655638,314.1015276,432.0349868,588.4865719,792.0726064,1052.043506,1376.721472,1775.064208,2254.703394,2824.300497,3492.150207,4264.339533,5145.269739
OECD ENV-Growth 2025,SSP2,1,Democratic Republic of the Congo,billion USD_2015/yr,GDP|PPP,ANNUAL,,,,,,,,,,115.3753915,149.9928478,199.7123061,273.6467511,378.0381738,519.9774693,708.2754123,953.3022139,1266.19125,1656.95874,2136.385763,2713.657461,3399.198375,4202.991616,5132.363226,6192.610366
OECD ENV-Growth 2025,SSP2,1,Democratic Republic of the Congo,billion USD_2017/yr,GDP|PPP,ANNUAL,,,,,,,,,,135.911,176.69,235.259,322.353,445.325,612.528,834.341,1122.98,1491.56,1951.88,2516.64,3196.66,4004.22,4951.08,6045.87,7294.83
OECD ENV-Growth 2025,SSP2,1,Denmark,billion USD_2010/yr,GDP|PPP,ANNUAL,,,,,,,,,,311.2918849,332.7967583,354.0757367,376.0332464,399.9358228,425.114241,450.5160162,476.3281251,503.0048962,528.7738566,553.2111359,576.2862764,597.0491649,614.922796,630.0882244,642.9955479
OECD ENV-Growth 2025,SSP2,1,Denmark,billion USD_2015/yr,GDP|PPP,ANNUAL,,,,,,,,,,341.1734392,364.7426101,388.0642018,412.1294585,438.3264927,465.9218396,493.7619839,522.0518508,551.2893804,579.5319569,606.3150214,631.6051924,654.3611537,673.9505119,690.5717011,704.7180255
OECD ENV-Growth 2025,SSP2,1,Denmark,billion USD_2017/yr,GDP|PPP,ANNUAL,,,,,,,,,,367.936,393.354,418.505,444.458,472.71,502.47,532.494,563.003,594.534,624.992,653.876,681.15,705.691,726.817,744.742,759.998
OECD ENV-Growth 2025,SSP2,1,Djibouti,billion USD_2010/yr,GDP|PPP,ANNUAL,,,,,,,,,,6.571856468,8.649693947,11.76236903,14.91054398,18.20856057,21.750645,25.58311013,29.70315518,34.08557316,38.58762438,43.19190401,47.84309668,52.50799317,57.24741036,62.07195121,66.94980687
OECD ENV-Growth 2025,SSP2,1,Djibouti,billion USD_2015/yr,GDP|PPP,ANNUAL,,,,,,,,,,6.685130356,8.798781874,11.96510767,15.16754522,18.52240712,22.12554365,26.02406594,30.21512495,34.6730792,39.25272871,43.93636867,48.66773027,53.41303187,58.23413865,63.14183629,68.10376769
OECD ENV-Growth 2025,SSP2,1,Djibouti,billion USD_2017/yr,GDP|PPP,ANNUAL,,,,,,,,,,6.57003,8.64729,11.7591,14.9064,18.2035,21.7446,25.576,29.6949,34.0761,38.5769,43.1799,47.8298,52.4934,57.2315,62.0547,66.9312
OECD ENV-Growth 2025,SSP2,1,Dominican Republic,billion USD_2010/yr,GDP|PPP,ANNUAL,,,,,,,,,,220.7054489,281.5925737,347.5228997,412.9997036,479.3523051,547.284199,616.9882215,688.3295659,762.4473938,837.4401266,912.9542312,987.7139536,1061.509495,1135.081847,1208.975592,1283.78888
OECD ENV-Growth 2025,SSP2,1,Dominican Republic,billion USD_2015/yr,GDP|PPP,ANNUAL,,,,,,,,,,237.7379586,303.3239276,374.3422971,444.8721448,516.345378,589.5197824,664.603076,741.4500485,821.2877743,902.067924,983.4096813,1063.938839,1143.429406,1222.67956,1302.275909,1382.862766
OECD ENV-Growth 2025,SSP2,1,Dominican Republic,billion USD_2017/yr,GDP|PPP,ANNUAL,,,,,,,,,,247.217,315.418,389.268,462.61,536.933,613.025,691.102,771.013,854.034,938.035,1022.62,1106.36,1189.02,1271.43,1354.2,1438
OECD ENV-Growth 2025,SSP2,1,Ecuador,billion USD_2010/yr,GDP|PPP,ANNUAL,,,,,,,,,,180.8530282,206.5418994,237.7237894,274.3213564,316.8997222,365.7831947,421.1660069,483.4436563,552.7840094,627.0197409,704.7920976,784.3740744,865.1636364,946.8733889,1029.391714,1112.718611
OECD ENV-Growth 2025,SSP2,1,Ecuador,billion USD_2015/yr,GDP|PPP,ANNUAL,,,,,,,,,,191.2860772,218.4568879,251.4375987,290.146406,335.1810325,386.8844945,445.4622303,511.3325525,584.6730118,663.191254,745.4501421,829.6230437,915.0731938,1001.496618,1088.77526,1176.909119
OECD ENV-Growth 2025,SSP2,1,Ecuador,billion USD_2017/yr,GDP|PPP,ANNUAL,,,,,,,,,,205.776,235.005,270.484,312.125,360.571,416.191,479.206,550.066,628.962,713.428,801.918,892.467,984.39,1077.36,1171.25,1266.06
OECD ENV-Growth 2025,SSP2,1,Egypt,billion USD_2010/yr,GDP|PPP,ANNUAL,,,,,,,,,,1494.867337,1987.214959,2623.487298,3396.612184,4315.576199,5394.440046,6649.020852,8078.101202,9661.180163,11339.54292,13118.64461,14982.50084,16922.93353,18946.72676,21050.16323,23213.16949
OECD ENV-Growth 2025,SSP2,1,Egypt,billion USD_2015/yr,GDP|PPP,ANNUAL,,,,,,,,,,1753.72968,2331.335877,3077.789865,3984.794805,5062.893461,6328.581393,7800.414741,9476.96527,11334.18195,13303.18248,15390.36666,17576.98208,19853.43452,22227.68284,24695.36601,27232.93452
OECD ENV-Growth 2025,SSP2,1,Egypt,billion USD_2017/yr,GDP|PPP,ANNUAL,,,,,,,,,,1608.55,2138.34,2823,3654.92,4643.77,5804.68,7154.67,8692.43,10395.9,12201.9,14116.3,16121.9,18209.9,20387.6,22651,24978.5
OECD ENV-Growth 2025,SSP2,1,El Salvador,billion USD_2010/yr,GDP|PPP,ANNUAL,,,,,,,,,,52.96351119,58.85705526,66.95660013,77.16602542,89.63122665,104.3579761,121.3810745,140.5357201,162.2703075,186.2502139,212.2412034,239.0779519,266.5496472,294.8604092,324.2160309,355.1209562
OECD ENV-Growth 2025,SSP2,1,El Salvador,billion USD_2015/yr,GDP|PPP,ANNUAL,,,,,,,,,,59.08577722,65.66057983,74.69638378,86.08595774,99.99206189,116.4211357,135.4120028,156.7808112,181.0277873,207.7796279,236.7750207,266.7139373,297.3611968,328.944514,361.6934705,396.1708208
OECD ENV-Growth 2025,SSP2,1,El Salvador,billion USD_2017/yr,GDP|PPP,ANNUAL,,,,,,,,,,63.3113,70.3563,80.0383,92.2424,107.143,124.747,145.096,167.993,193.974,222.639,253.708,285.788,318.627,352.469,387.56,424.503
OECD ENV-Growth 2025,SSP2,1,Equatorial Guinea,billion USD_2010/yr,GDP|PPP,ANNUAL,,,,,,,,,,19.94736052,19.45251858,23.031176,27.64099935,33.39523368,40.46265492,48.99390842,59.14875228,70.89149485,83.82032029,97.94415153,113.2175197,129.5018348,146.5370035,163.9983837,181.7521316
OECD ENV-Growth 2025,SSP2,1,Equatorial Guinea,billion USD_2015/yr,GDP|PPP,ANNUAL,,,,,,,,,,17.84391116,17.4012503,20.60253826,24.7262557,29.87370596,36.19586756,43.8275003,52.91151577,63.41598602,74.9814667,87.61593979,101.2787311,115.845865,131.0846751,146.7047525,162.5863676
OECD ENV-Growth 2025,SSP2,1,Equatorial Guinea,billion USD_2017/yr,GDP|PPP,ANNUAL,,,,,,,,,,21.0139,20.4926,24.2626,29.1189,35.1808,42.6261,51.6135,62.3113,74.6819,88.302,103.181,119.271,136.426,154.372,172.767,191.47
OECD ENV-Growth 2025,SSP2,1,Eritrea,billion USD_2010/yr,GDP|PPP,ANNUAL,,,,,,,,,,6.292034402,7.502291611,9.520986763,12.52057709,16.70643648,22.20172314,29.10322975,37.47977476,47.52494355,59.31559828,73.09045851,88.80108319,106.3548803,125.7661496,147.2455472,171.1398466
OECD ENV-Growth 2025,SSP2,1,Eritrea,billion USD_2015/yr,GDP|PPP,ANNUAL,,,,,,,,,,6.887441282,8.212223527,10.42194513,13.70538271,18.28734443,24.30264278,31.85722982,41.02643619,52.022166,64.92855477,80.00691177,97.20421206,116.4191017,137.6672338,161.1791983,187.3345835
OECD ENV-Growth 2025,SSP2,1,Eritrea,billion USD_2017/yr,GDP|PPP,ANNUAL,,,,,,,,,,7.04007,8.39421,10.6529,14.0091,18.6926,24.8412,32.5632,41.9356,53.175,66.3674,81.7799,99.3583,118.999,140.718,164.751,191.486
OECD ENV-Growth 2025,SSP2,1,Estonia,billion USD_2010/yr,GDP|PPP,ANNUAL,,,,,,,,,,42.41040917,50.18161565,55.20532044,58.86070162,61.32225896,63.18185004,64.84531527,66.66206855,68.46034441,69.93414677,71.01619461,71.7129509,72.11912278,72.34598908,72.43531043,72.30182555
OECD ENV-Growth 2025,SSP2,1,Estonia,billion USD_2015/yr,GDP|PPP,ANNUAL,,,,,,,,,,47.96343422,56.75216693,62.43365266,66.56765273,69.35151514,71.45459256,73.33586433,75.39049498,77.42422885,79.09100415,80.31473039,81.10271676,81.56207093,81.81864206,81.91965874,81.76869596
OECD ENV-Growth 2025,SSP2,1,Estonia,billion USD_2017/yr,GDP|PPP,ANNUAL,,,,,,,,,,51.1842,60.5631,66.6261,71.0377,74.0085,76.2528,78.2604,80.453,82.6233,84.402,85.7079,86.5488,87.039,87.3128,87.4206,87.2595
OECD ENV-Growth 2025,SSP2,1,Eswatini,billion USD_2010/yr,GDP|PPP,ANNUAL,,,,,,,,,,12.50271981,14.50400517,17.14512255,20.20466777,23.69274729,27.58748116,31.85938355,36.48511586,41.45853086,46.49091752,51.56529283,56.74479606,62.0644351,67.54067201,73.16433805,78.95970955
OECD ENV-Growth 2025,SSP2,1,Eswatini,billion USD_2015/yr,GDP|PPP,ANNUAL,,,,,,,,,,12.72996192,14.76762147,17.45674225,20.57189597,24.12337278,28.08889504,32.43844103,37.14824793,42.21205682,47.33590919,52.50251337,57.77615621,63.19248189,68.76825167,74.49413017,80.39483494
OECD ENV-Growth 2025,SSP2,1,Eswatini,billion USD_2017/yr,GDP|PPP,ANNUAL,,,,,,,,,,11.9999,13.9207,16.4556,19.3921,22.7399,26.478,30.5781,35.0178,39.7912,44.6212,49.4915,54.4627,59.5684,64.8244,70.2219,75.7842
OECD ENV-Growth 2025,SSP2,1,Ethiopia,billion USD_2010/yr,GDP|PPP,ANNUAL,,,,,,,,,,292.9533228,409.8484795,566.5924246,764.223219,1017.678613,1337.380349,1734.319612,2219.27223,2806.296787,3496.474093,4298.152189,5205.104323,6211.095679,7314.916395,8516.211579,9817.296098
OECD ENV-Growth 2025,SSP2,1,Ethiopia,billion USD_2015/yr,GDP|PPP,ANNUAL,,,,,,,,,,335.8789421,469.9024145,649.6136052,876.2026792,1166.796173,1533.342898,1988.444545,2544.455893,3217.495494,4008.802522,4927.948235,5967.793493,7121.189908,8386.750342,9764.067902,11255.79664
OECD ENV-Growth 2025,SSP2,1,Ethiopia,billion USD_2017/yr,GDP|PPP,ANNUAL,,,,,,,,,,363.207,508.135,702.468,947.493,1261.73,1658.1,2150.23,2751.48,3479.28,4334.97,5328.9,6453.35,7700.59,9069.12,10558.5,12171.6
OECD ENV-Growth 2025,SSP2,1,Fiji,billion USD_2010/yr,GDP|PPP,ANNUAL,,,,,,,,,,10.84157094,12.75017913,14.93781029,17.50356962,20.44453029,23.74971675,27.44246222,31.49024653,35.8938014,40.59621653,45.59749194,50.91551371,56.57085083,62.5599261,68.9027394,75.59506313
OECD ENV-Growth 2025,SSP2,1,Fiji,billion USD_2015/yr,GDP|PPP,ANNUAL,,,,,,,,,,13.16764321,15.48574562,18.14273572,21.25898183,24.8309292,28.84524745,33.33027596,38.24651734,43.59486028,49.30618432,55.38048946,61.83949928,68.70819589,75.98223456,83.6859062,91.81407614
OECD ENV-Growth 2025,SSP2,1,Fiji,billion USD_2017/yr,GDP|PPP,ANNUAL,,,,,,,,,,13.3352,15.6828,18.3736,21.5295,25.1469,29.2123,33.7544,38.7332,44.1496,49.9336,56.0852,62.6264,69.5825,76.9491,84.7508,92.9824
OECD ENV-Growth 2025,SSP2,1,Finland,billion USD_2010/yr,GDP|PPP,ANNUAL,,,,,,,,,,239.370833,257.4148463,272.6820737,288.373037,304.4036682,320.9556899,338.8604393,358.5560883,379.7734499,400.8107875,420.7399582,439.240825,456.6114466,473.1303506,488.8365989,503.268243
OECD ENV-Growth 2025,SSP2,1,Finland,billion USD_2015/yr,GDP|PPP,ANNUAL,,,,,,,,,,265.7882488,285.8236334,302.7757808,320.1984283,337.9982302,356.3769641,376.2577154,398.1270133,421.6859629,445.0450207,467.1736122,487.7162695,507.0039455,525.3459068,542.7855263,558.8098739
OECD ENV-Growth 2025,SSP2,1,Finland,billion USD_2017/yr,GDP|PPP,ANNUAL,,,,,,,,,,281.888,303.137,321.116,339.594,358.472,377.964,399.049,422.243,447.229,472.003,495.472,517.259,537.715,557.168,575.664,592.659
OECD ENV-Growth 2025,SSP2,1,France,billion USD_2010/yr,GDP|PPP,ANNUAL,,,,,,,,,,2732.28363,2951.922304,3151.320451,3354.594625,3562.0515,3777.345616,4003.339269,4242.272889,4490.790091,4739.980273,4991.785709,5249.426482,5513.72039,5783.355549,6052.990707,6311.866697
OECD ENV-Growth 2025,SSP2,1,France,billion USD_2015/yr,GDP|PPP,ANNUAL,,,,,,,,,,3022.753585,3265.742117,3486.338345,3711.222662,3940.734345,4178.916448,4428.93556,4693.270289,4968.207435,5243.889107,5522.464059,5807.494706,6099.885785,6398.185944,6696.486103,6982.883283
OECD ENV-Growth 2025,SSP2,1,France,billion USD_2017/yr,GDP|PPP,ANNUAL,,,,,,,,,,3207.38,3465.21,3699.28,3937.9,4181.43,4434.16,4699.45,4979.93,5271.66,5564.18,5859.77,6162.21,6472.46,6788.98,7105.5,7409.39
OECD ENV-Growth 2025,SSP2,1,French Guiana,billion USD_2017/yr,GDP|PPP,ANNUAL,,,,,,,,,,16.066,18.5609,21.2765,24.2581,27.5436,31.1807,35.2019,39.6305,44.4943,49.6806,55.2644,61.1185,67.1951,73.5228,80.1296,87.0106
OECD ENV-Growth 2025,SSP2,1,French Polynesia,billion USD_2017/yr,GDP|PPP,ANNUAL,,,,,,,,,,5.44629,6.30972,7.20289,8.19009,9.29443,10.5151,11.845,13.2975,14.8763,16.5457,18.2951,20.1367,22.0774,24.1342,26.3125,28.6113
OECD ENV-Growth 2025,SSP2,1,Gabon,billion USD_2010/yr,GDP|PPP,ANNUAL,,,,,,,,,,37.05888535,43.25274497,52.30374918,61.99593052,72.43706109,83.78288035,96.30410524,110.1920904,125.4912006,141.7918605,159.0004001,176.8800706,195.2322091,214.0485809,233.3106577,252.983442
OECD ENV-Growth 2025,SSP2,1,Gabon,billion USD_2015/yr,GDP|PPP,ANNUAL,,,,,,,,,,34.12036131,39.8230889,48.15640844,57.08006402,66.69328213,77.1394531,88.66782783,101.4545878,115.5405799,130.5487055,146.3927219,162.854653,179.7515886,197.0759467,214.8106685,232.9235314
OECD ENV-Growth 2025,SSP2,1,Gabon,billion USD_2017/yr,GDP|PPP,ANNUAL,,,,,,,,,,36.0025,42.0198,50.8128,60.2287,70.3722,81.3946,93.5589,107.051,121.914,137.75,154.468,171.838,189.667,207.947,226.66,245.772
OECD ENV-Growth 2025,SSP2,1,Gambia,billion USD_2010/yr,GDP|PPP,ANNUAL,,,,,,,,,,7.146172935,9.295208127,12.47232384,16.23927861,20.80650762,26.39421081,33.17402376,41.30274294,50.90727906,62.02862127,74.69904204,88.84932678,104.4600705,121.5094815,139.9286565,159.7974984
OECD ENV-Growth 2025,SSP2,1,Gambia,billion USD_2015/yr,GDP|PPP,ANNUAL,,,,,,,,,,6.914178839,8.99344753,12.06742103,15.71208499,20.13104301,25.53734642,32.09705883,39.96188643,49.25461989,60.0149177,72.27400462,85.96491306,101.068868,117.5647851,135.3859981,154.6098159
OECD ENV-Growth 2025,SSP2,1,Gambia,billion USD_2017/yr,GDP|PPP,ANNUAL,,,,,,,,,,6.88655,8.95751,12.0192,15.6493,20.0506,25.4353,31.9688,39.8022,49.0578,59.7751,71.9852,85.6214,100.665,117.095,134.845,153.992
OECD ENV-Growth 2025,SSP2,1,Georgia,billion USD_2010/yr,GDP|PPP,ANNUAL,,,,,,,,,,57.60969412,75.09363156,93.83775674,108.8351738,119.8415813,127.6344789,133.4427676,138.1217749,142.2116258,145.1978785,147.3498172,149.11573,151.1361397,153.8647823,157.4145083,161.6296619
OECD ENV-Growth 2025,SSP2,1,Georgia,billion USD_2015/yr,GDP|PPP,ANNUAL,,,,,,,,,,70.98480332,92.52794601,115.6238513,134.1031839,147.6649235,157.2670801,164.4238658,170.1891874,175.2285695,178.9081335,181.5596828,183.7355835,186.225067,189.5872123,193.9610699,199.154846
OECD ENV-Growth 2025,SSP2,1,Georgia,billion USD_2017/yr,GDP|PPP,ANNUAL,,,,,,,,,,74.022,96.4869,120.571,139.841,153.983,163.996,171.459,177.471,182.726,186.563,189.328,191.597,194.193,197.699,202.26,207.676
OECD ENV-Growth 2025,SSP2,1,Germany,billion USD_2010/yr,GDP|PPP,ANNUAL,,,,,,,,,,3807.937531,4008.699412,4222.529419,4473.08608,4738.931702,4994.650978,5238.313105,5477.732441,5719.786948,5960.52387,6193.065245,6401.011695,6573.665089,6712.011546,6822.017488,6906.591549
OECD ENV-Growth 2025,SSP2,1,Germany,billion USD_2015/yr,GDP|PPP,ANNUAL,,,,,,,,,,4276.192487,4501.641681,4741.765964,5023.133109,5321.66927,5608.833867,5882.45867,6151.318954,6423.138451,6693.478342,6954.614895,7188.132131,7382.01639,7537.375052,7660.908219,7755.882194
OECD ENV-Growth 2025,SSP2,1,Germany,billion USD_2017/yr,GDP|PPP,ANNUAL,,,,,,,,,,4595.24,4837.51,5095.55,5397.91,5718.72,6027.31,6321.35,6610.27,6902.37,7192.88,7473.5,7724.44,7932.79,8099.74,8232.49,8334.55
OECD ENV-Growth 2025,SSP2,1,Ghana,billion USD_2010/yr,GDP|PPP,ANNUAL,,,,,,,,,,208.8362608,268.2168634,343.2102662,431.4079723,537.0403035,663.6587188,815.488302,995.7526043,1206.930314,1445.517114,1713.730835,2010.71242,2336.692349,2691.230617,3072.441493,3479.382114
OECD ENV-Growth 2025,SSP2,1,Ghana,billion USD_2015/yr,GDP|PPP,ANNUAL,,,,,,,,,,216.815921,278.4654641,356.3243744,447.8921261,557.5606823,689.0172034,846.6482144,1033.800439,1253.047275,1500.750508,1779.21271,2087.541999,2425.977663,2794.062883,3189.839876,3612.32975
OECD ENV-Growth 2025,SSP2,1,Ghana,billion USD_2017/yr,GDP|PPP,ANNUAL,,,,,,,,,,199.342,256.023,327.607,411.795,512.625,633.487,778.414,950.483,1152.06,1379.8,1635.82,1919.3,2230.46,2568.88,2932.76,3321.2
OECD ENV-Growth 2025,SSP2,1,Greece,billion USD_2010/yr,GDP|PPP,ANNUAL,,,,,,,,,,294.6962051,326.1392592,352.0874829,381.0577391,409.751307,437.4574126,464.9613866,491.7264206,516.800674,538.5588101,557.1300606,573.2094599,587.7637601,601.0423119,612.4238094,620.7393689
OECD ENV-Growth 2025,SSP2,1,Greece,billion USD_2015/yr,GDP|PPP,ANNUAL,,,,,,,,,,336.8557827,372.7971162,402.4575227,435.5722969,468.3707996,500.0405725,531.4792966,562.0733672,590.734772,615.6056521,636.8337271,655.2134637,671.8499187,687.0281154,700.037863,709.543056
OECD ENV-Growth 2025,SSP2,1,Greece,billion USD_2017/yr,GDP|PPP,ANNUAL,,,,,,,,,,355.738,393.694,425.017,459.988,494.625,528.07,561.271,593.58,623.848,650.113,672.531,691.941,709.51,725.539,739.278,749.316
OECD ENV-Growth 2025,SSP2,1,Grenada,billion USD_2010/yr,GDP|PPP,ANNUAL,,,,,,,,,,1.639383355,1.892805482,2.188676564,2.516272996,2.867373886,3.24596414,3.666306802,4.146090959,4.695392267,5.285279669,5.90189509,6.539779536,7.20738878,7.917552271,8.679236046,9.49087692
OECD ENV-Growth 2025,SSP2,1,Grenada,billion USD_2015/yr,GDP|PPP,ANNUAL,,,,,,,,,,1.891510856,2.183907813,2.525282124,2.903260957,3.308359096,3.745174301,4.230163187,4.783735321,5.417515934,6.098124542,6.809571782,7.545559098,8.31584271,9.135225162,10.01405141,10.95051787
OECD ENV-Growth 2025,SSP2,1,Grenada,billion USD_2017/yr,GDP|PPP,ANNUAL,,,,,,,,,,2.02408,2.33697,2.70227,3.10674,3.54023,4.00766,4.52664,5.11901,5.79721,6.52552,7.28683,8.0744,8.89867,9.77548,10.7159,11.718
OECD ENV-Growth 2025,SSP2,1,Guam,billion USD_2017/yr,GDP|PPP,ANNUAL,,,,,,,,,,6.75847,8.4415,10.0399,11.5666,13.0449,14.4701,15.8217,17.1179,18.397,19.6447,20.8939,22.1586,23.4532,24.7893,26.1652,27.5916
OECD ENV-Growth 2025,SSP2,1,Guatemala,billion USD_2010/yr,GDP|PPP,ANNUAL,,,,,,,,,,161.0791487,194.6076998,235.7281895,285.7520608,345.2994178,413.668876,490.6540386,575.627495,667.7444791,763.6259249,862.8855232,963.2255093,1063.538098,1164.307316,1265.396176,1367.169982
OECD ENV-Growth 2025,SSP2,1,Guatemala,billion USD_2015/yr,GDP|PPP,ANNUAL,,,,,,,,,,177.8690996,214.8924713,260.2991211,315.537189,381.2914151,456.7873069,541.7969538,635.6275477,737.3462689,843.2218375,952.8276774,1063.626518,1174.395106,1285.66792,1397.293693,1509.675807
OECD ENV-Growth 2025,SSP2,1,Guatemala,billion USD_2017/yr,GDP|PPP,ANNUAL,,,,,,,,,,176.378,213.091,258.117,312.892,378.095,452.958,537.255,630.299,731.165,836.153,944.84,1054.71,1164.55,1274.89,1385.58,1497.02
OECD ENV-Growth 2025,SSP2,1,Guinea,billion USD_2010/yr,GDP|PPP,ANNUAL,,,,,,,,,,39.27564537,51.65739846,70.26004163,95.03636655,127.0160274,166.9265098,215.5404743,273.8180003,342.8455864,422.2528153,512.645262,613.1176581,723.8370894,845.0537423,977.1592513,1119.889285
OECD ENV-Growth 2025,SSP2,1,Guinea,billion USD_2015/yr,GDP|PPP,ANNUAL,,,,,,,,,,38.71222343,50.91635623,69.25213841,93.67303887,125.1939411,164.5318946,212.4484759,269.8899917,337.9273546,416.1954609,505.2911985,604.3222853,713.4534102,832.9311707,963.1415831,1103.824108
OECD ENV-Growth 2025,SSP2,1,Guinea,billion USD_2017/yr,GDP|PPP,ANNUAL,,,,,,,,,,44.4269,58.4326,79.4751,107.501,143.675,188.82,243.81,309.731,387.812,477.634,579.882,693.532,818.773,955.888,1105.32,1266.77
OECD ENV-Growth 2025,SSP2,1,Guinea-Bissau,billion USD_2010/yr,GDP|PPP,ANNUAL,,,,,,,,,,3.911583379,4.967992115,6.318447977,7.974764839,10.04382668,12.62588807,15.81890177,19.71443077,24.38777308,29.87262041,36.20847334,43.39627582,51.41954508,60.28982631,70.0298469,80.6974055
OECD ENV-Growth 2025,SSP2,1,Guinea-Bissau,billion USD_2015/yr,GDP|PPP,ANNUAL,,,,,,,,,,4.732132742,6.0101488,7.643895491,9.647664935,12.15076262,15.27447392,19.13729959,23.85001016,29.50369923,36.13912613,43.80407769,52.49969585,62.20604018,72.93707777,84.7203036,97.62564102
OECD ENV-Growth 2025,SSP2,1,Guinea-Bissau,billion USD_2017/yr,GDP|PPP,ANNUAL,,,,,,,,,,5.38701,6.84189,8.70173,10.9828,13.8323,17.3883,21.7857,27.1506,33.5867,41.1404,49.8661,59.7651,70.8147,83.0308,96.4447,111.136
OECD ENV-Growth 2025,SSP2,1,Guyana,billion USD_2010/yr,GDP|PPP,ANNUAL,,,,,,,,,,50.97883873,105.7446383,161.9294999,214.699131,248.0128167,252.5952669,236.4912276,212.6274014,189.9145362,171.0267974,155.9017166,143.6963968,133.8503329,125.9356584,119.6485881,114.7563625
OECD ENV-Growth 2025,SSP2,1,Guyana,billion USD_2015/yr,GDP|PPP,ANNUAL,,,,,,,,,,59.23766403,122.8757954,188.1628838,249.4814576,288.192126,293.5169559,274.8039821,247.0740975,220.6816351,198.7339888,181.1585697,166.9759275,155.5347523,146.3378611,139.0322541,133.3474637
OECD ENV-Growth 2025,SSP2,1,Guyana,billion USD_2017/yr,GDP|PPP,ANNUAL,,,,,,,,,,59.5733,123.572,189.229,250.895,289.825,295.18,276.361,248.474,221.932,199.86,182.185,167.922,156.416,147.167,139.82,134.103
OECD ENV-Growth 2025,SSP2,1,Haiti,billion USD_2010/yr,GDP|PPP,ANNUAL,,,,,,,,,,29.97246171,33.50148164,41.81704203,53.1078191,68.1709747,87.94397482,113.5356158,146.132305,187.0721944,236.0706488,293.9303213,360.9019838,437.3068807,523.594388,619.7471164,725.3870774
OECD ENV-Growth 2025,SSP2,1,Haiti,billion USD_2015/yr,GDP|PPP,ANNUAL,,,,,,,,,,30.59812562,34.20081252,42.68995712,54.21642494,69.59401827,89.77977236,115.9056292,149.1827621,190.9772564,240.9985351,300.0660066,368.4356776,446.4354981,534.5242248,632.6841053,740.529261
OECD ENV-Growth 2025,SSP2,1,Haiti,billion USD_2017/yr,GDP|PPP,ANNUAL,,,,,,,,,,32.7487,36.6046,45.6904,58.027,74.4854,96.0899,124.052,159.668,204.4,257.937,321.156,394.331,477.813,572.093,677.152,792.577
OECD ENV-Growth 2025,SSP2,1,Honduras,billion USD_2010/yr,GDP|PPP,ANNUAL,,,,,,,,,,50.82678225,61.3169831,74.98823035,92.7587786,115.3618494,143.5881232,178.065765,219.2257163,267.696142,323.3233009,385.3035455,452.041228,522.6131242,596.6348811,673.7974632,753.9875057
OECD ENV-Growth 2025,SSP2,1,Honduras,billion USD_2015/yr,GDP|PPP,ANNUAL,,,,,,,,,,59.76431677,72.09914615,88.17438671,109.0697617,135.6474246,168.8370914,209.3773856,257.7750267,314.7686381,380.1774442,453.0564818,531.5295194,614.5109905,701.5489561,792.2800392,886.5709404
OECD ENV-Growth 2025,SSP2,1,Honduras,billion USD_2017/yr,GDP|PPP,ANNUAL,,,,,,,,,,65.4587,78.9688,96.5757,119.462,148.572,184.924,229.327,282.336,344.76,416.401,496.224,582.174,673.062,768.393,867.769,971.044
OECD ENV-Growth 2025,SSP2,1,Hong Kong,billion USD_2010/yr,GDP|PPP,ANNUAL,,,,,,,,,,454.7715544,512.8064895,550.3258323,565.2188384,567.0872877,561.5815394,552.6051298,543.9696571,538.0176261,533.0280717,528.2923045,522.1544821,515.44492,509.1452483,504.0551366,500.3067458
OECD ENV-Growth 2025,SSP2,1,Hong Kong,billion USD_2015/yr,GDP|PPP,ANNUAL,,,,,,,,,,468.1456241,527.8872695,566.5099933,581.8409777,583.764375,578.0967118,568.856321,559.9668936,553.8398234,548.7035345,543.8284963,537.5101708,530.6032917,524.1183573,518.8785539,515.0199292
OECD ENV-Growth 2025,SSP2,1,Hong Kong,billion USD_2017/yr,GDP|PPP,ANNUAL,,,,,,,,,,474.864,535.463,574.64,590.191,592.142,586.393,577.02,568.003,561.788,556.578,551.633,545.224,538.218,531.64,526.325,522.411
OECD ENV-Growth 2025,SSP2,1,Hungary,billion USD_2010/yr,GDP|PPP,ANNUAL,,,,,,,,,,316.6928994,360.1843818,395.9745065,424.5252308,447.4987118,467.2846889,484.5938653,500.2204519,513.9432423,525.0986174,533.6865772,539.9851843,544.1312491,545.9515377,545.6343864,543.181572
OECD ENV-Growth 2025,SSP2,1,Hungary,billion USD_2015/yr,GDP|PPP,ANNUAL,,,,,,,,,,347.0974198,394.7643594,433.9905624,465.2823367,490.461417,512.146973,531.1179398,548.2447775,563.2850425,575.5114042,584.9238624,591.8271756,596.3712888,598.3663366,598.0187368,595.3304367
OECD ENV-Growth 2025,SSP2,1,Hungary,billion USD_2017/yr,GDP|PPP,ANNUAL,,,,,,,,,,356.484,405.44,445.727,477.865,503.725,525.997,545.481,563.071,578.518,591.075,600.742,607.832,612.499,614.548,614.191,611.43
OECD ENV-Growth 2025,SSP2,1,Iceland,billion USD_2010/yr,GDP|PPP,ANNUAL,,,,,,,,,,19.4792561,22.25136339,25.01408422,27.78149828,30.44406891,32.88002352,35.0719301,37.12195025,39.09310736,40.8937996,42.48220694,43.83628795,44.94280101,45.82261424,46.51997812,47.0846744
OECD ENV-Growth 2025,SSP2,1,Iceland,billion USD_2015/yr,GDP|PPP,ANNUAL,,,,,,,,,,21.93141798,25.05249424,28.16300241,31.27879463,34.27654511,37.01915183,39.48698835,41.79507694,44.01437475,46.04174859,47.83011387,49.35465446,50.60046181,51.59103105,52.37618313,53.01196666
OECD ENV-Growth 2025,SSP2,1,Iceland,billion USD_2017/yr,GDP|PPP,ANNUAL,,,,,,,,,,23.2428,26.5505,29.847,33.1491,36.3261,39.2327,41.8481,44.2942,46.6462,48.7948,50.6901,52.3058,53.6261,54.6759,55.508,56.1818
OECD ENV-Growth 2025,SSP2,1,India,billion USD_2010/yr,GDP|PPP,ANNUAL,,,,,,,,,,11643.33058,15431.82845,19462.87928,23819.07526,28505.44289,33532.52794,38936.79714,44670.94231,50633.1523,56608.47061,62550.57463,68281.07313,73753.54494,78959.90827,83908.24492,88643.10343
OECD ENV-Growth 2025,SSP2,1,India,billion USD_2015/yr,GDP|PPP,ANNUAL,,,,,,,,,,11852.80934,15709.46724,19813.04195,24247.6116,29018.29311,34135.82201,39637.32108,45474.63102,51544.10898,57626.93108,63675.94133,69509.53899,75080.46774,80380.50036,85417.86406,90237.90887
OECD ENV-Growth 2025,SSP2,1,India,billion USD_2017/yr,GDP|PPP,ANNUAL,,,,,,,,,,11813.6,15657.5,19747.5,24167.4,28922.3,34022.9,39506.2,45324.2,51373.6,57436.3,63465.3,69279.6,74832.1,80114.6,85135.3,89939.4
OECD ENV-Growth 2025,SSP2,1,Indonesia,billion USD_2010/yr,GDP|PPP,ANNUAL,,,,,,,,,,4072.401067,5066.452044,6063.746891,7107.256614,8154.318168,9177.943792,10226.4425,11285.58645,12333.78746,13363.10012,14366.54395,15322.04831,16224.68581,17065.01228,17835.84191,18533.58183
OECD ENV-Growth 2025,SSP2,1,Indonesia,billion USD_2015/yr,GDP|PPP,ANNUAL,,,,,,,,,,4005.265664,4982.929254,5963.783237,6990.090223,8019.890487,9026.641172,10057.8549,11099.53837,12130.45931,13142.80328,14129.70487,15069.45731,15957.21441,16783.68771,17541.80986,18228.04722
OECD ENV-Growth 2025,SSP2,1,Indonesia,billion USD_2017/yr,GDP|PPP,ANNUAL,,,,,,,,,,3967.11,4935.46,5906.97,6923.5,7943.49,8940.65,9962.04,10993.8,12014.9,13017.6,13995.1,14925.9,15805.2,16623.8,17374.7,18054.4
OECD ENV-Growth 2025,SSP2,1,Iran,billion USD_2010/yr,GDP|PPP,ANNUAL,,,,,,,,,,1790.947745,1990.612985,2227.353183,2431.162167,2624.265467,2815.971317,3014.798087,3234.87825,3475.020936,3707.107018,3924.064184,4130.036177,4334.063892,4546.695038,4772.741706,5007.367502
OECD ENV-Growth 2025,SSP2,1,Iran,billion USD_2015/yr,GDP|PPP,ANNUAL,,,,,,,,,,1454.626442,1616.796633,1809.079492,1974.615275,2131.45579,2287.161281,2448.650458,2627.401862,2822.448257,3010.950994,3187.165868,3354.458469,3520.171908,3692.873143,3876.470605,4067.036124
OECD ENV-Growth 2025,SSP2,1,Iran,billion USD_2017/yr,GDP|PPP,ANNUAL,,,,,,,,,,1473.82,1638.13,1832.95,2000.67,2159.58,2317.34,2480.96,2662.07,2859.69,3050.68,3229.22,3398.72,3566.62,3741.6,3927.62,4120.7
OECD ENV-Growth 2025,SSP2,1,Iraq,billion USD_2010/yr,GDP|PPP,ANNUAL,,,,,,,,,,629.8446572,733.0375467,953.4062326,1397.020524,1951.510808,2575.90431,3265.276037,4018.932925,4834.484614,5694.505511,6590.664711,7505.508333,8432.897816,9375.237665,10335.04554,11313.50955
OECD ENV-Growth 2025,SSP2,1,Iraq,billion USD_2015/yr,GDP|PPP,ANNUAL,,,,,,,,,,451.6589334,525.658117,683.6835673,1001.797495,1399.420127,1847.17006,2341.515602,2881.959762,3466.788421,4083.50576,4726.137722,5382.168205,6047.195272,6722.943183,7411.217341,8112.869733
OECD ENV-Growth 2025,SSP2,1,Iraq,billion USD_2017/yr,GDP|PPP,ANNUAL,,,,,,,,,,445.304,518.262,674.064,987.702,1379.73,1821.18,2308.57,2841.41,3418.01,4026.05,4659.64,5306.44,5962.11,6628.35,7306.94,7998.72
OECD ENV-Growth 2025,SSP2,1,Ireland,billion USD_2010/yr,GDP|PPP,ANNUAL,,,,,,,,,,481.1713194,543.0740147,603.2886523,676.1995448,765.8340423,865.5864214,963.0703471,1056.754734,1144.385619,1221.11698,1286.208229,1342.050177,1392.039869,1437.787281,1477.972232,1509.809468
OECD ENV-Growth 2025,SSP2,1,Ireland,billion USD_2015/yr,GDP|PPP,ANNUAL,,,,,,,,,,584.2219483,659.3821082,732.4926853,821.018626,929.8498025,1050.965769,1169.327455,1283.075871,1389.474329,1482.638953,1561.670546,1629.471952,1690.167747,1745.712707,1794.503916,1833.159611
OECD ENV-Growth 2025,SSP2,1,Ireland,billion USD_2017/yr,GDP|PPP,ANNUAL,,,,,,,,,,597.738,674.637,749.439,840.013,951.362,1075.28,1196.38,1312.76,1421.62,1516.94,1597.8,1667.17,1729.27,1786.1,1836.02,1875.57
OECD ENV-Growth 2025,SSP2,1,Israel,billion USD_2010/yr,GDP|PPP,ANNUAL,,,,,,,,,,394.4461925,471.9599402,553.6145275,642.5861376,736.9052633,831.607515,932.9973682,1041.965933,1157.656307,1276.852968,1398.837554,1522.943017,1649.870614,1780.501192,1915.151172,2053.401511
OECD ENV-Growth 2025,SSP2,1,Israel,billion USD_2015/yr,GDP|PPP,ANNUAL,,,,,,,,,,439.578233,525.9610068,616.95841,716.1100405,821.2210427,926.7590077,1039.749761,1161.186373,1290.113895,1422.948889,1558.890799,1697.196254,1838.646748,1984.223914,2134.280376,2288.349146
OECD ENV-Growth 2025,SSP2,1,Israel,billion USD_2017/yr,GDP|PPP,ANNUAL,,,,,,,,,,461.237,551.876,647.357,751.394,861.684,972.422,1090.98,1218.4,1353.68,1493.06,1635.7,1780.82,1929.24,2081.99,2239.44,2401.1
OECD ENV-Growth 2025,SSP2,1,Italy,billion USD_2010/yr,GDP|PPP,ANNUAL,,,,,,,,,,2207.353065,2319.702951,2463.869099,2611.529185,2761.801484,2907.813486,3046.384389,3175.066788,3295.129707,3403.721962,3502.343308,3594.347598,3680.031485,3756.45314,3819.813729,3865.160761
OECD ENV-Growth 2025,SSP2,1,Italy,billion USD_2015/yr,GDP|PPP,ANNUAL,,,,,,,,,,2455.881923,2580.881435,2741.279444,2905.564778,3072.756438,3235.208128,3389.380915,3532.551839,3666.132804,3786.951607,3896.676864,3999.040041,4094.371192,4179.397265,4249.891708,4300.344423
OECD ENV-Growth 2025,SSP2,1,Italy,billion USD_2017/yr,GDP|PPP,ANNUAL,,,,,,,,,,2678.69,2815.03,2989.98,3169.17,3351.53,3528.72,3696.88,3853.04,3998.74,4130.52,4250.2,4361.85,4465.83,4558.57,4635.46,4690.49
OECD ENV-Growth 2025,SSP2,1,Jamaica,billion USD_2010/yr,GDP|PPP,ANNUAL,,,,,,,,,,25.13869857,27.0968216,29.56956513,32.92571689,37.14537169,42.23344334,48.2416521,55.25653148,63.30473283,72.12140856,81.56838819,91.40489365,101.5956952,112.1579496,123.1632824,134.6791546
OECD ENV-Growth 2025,SSP2,1,Jamaica,billion USD_2015/yr,GDP|PPP,ANNUAL,,,,,,,,,,27.95967651,30.13753336,32.88775962,36.62052715,41.31369703,46.97273452,53.65516372,61.45722864,70.40857135,80.21462399,90.72171106,101.6620352,112.9964133,124.7439274,136.9842406,149.7923843
OECD ENV-Growth 2025,SSP2,1,Jamaica,billion USD_2017/yr,GDP|PPP,ANNUAL,,,,,,,,,,30.1838,32.5349,35.5039,39.5336,44.6001,50.7093,57.9233,66.346,76.0094,86.5955,97.9384,109.749,121.985,134.667,147.881,161.708
OECD ENV-Growth 2025,SSP2,1,Japan,billion USD_2010/yr,GDP|PPP,ANNUAL,,,,,,,,,,5029.84449,5231.136285,5454.453505,5645.442635,5841.99149,6050.300235,6249.280891,6425.567839,6577.518222,6699.655849,6797.113489,6884.649013,6970.161131,7048.340722,7107.836291,7136.089724
OECD ENV-Growth 2025,SSP2,1,Japan,billion USD_2015/yr,GDP|PPP,ANNUAL,,,,,,,,,,5485.705443,5705.240558,5948.797292,6157.095999,6371.458318,6598.646338,6815.660854,7007.924904,7173.646736,7306.853845,7413.14419,7508.613166,7601.875352,7687.140454,7752.028179,7782.842256
OECD ENV-Growth 2025,SSP2,1,Japan,billion USD_2017/yr,GDP|PPP,ANNUAL,,,,,,,,,,5419.11,5635.98,5876.58,6082.35,6294.11,6518.54,6732.92,6922.85,7086.56,7218.15,7323.15,7417.46,7509.59,7593.82,7657.92,7688.36
OECD ENV-Growth 2025,SSP2,1,Jordan,billion USD_2010/yr,GDP|PPP,ANNUAL,,,,,,,,,,95.37545278,110.7932797,130.2092804,155.0965541,185.8319403,222.7956205,266.1020671,315.6058918,370.4030145,429.4113798,491.8739666,557.4030733,625.9360326,696.9305634,769.6672451,843.5854144
OECD ENV-Growth 2025,SSP2,1,Jordan,billion USD_2015/yr,GDP|PPP,ANNUAL,,,,,,,,,,106.3818844,123.5789454,145.2355738,172.9948662,207.2771496,248.5064789,296.8105368,352.0271571,413.1479277,478.9659229,548.6367606,621.7279979,698.1697357,777.3571131,858.4876875,940.9360944
OECD ENV-Growth 2025,SSP2,1,Jordan,billion USD_2017/yr,GDP|PPP,ANNUAL,,,,,,,,,,114.145,132.597,155.834,185.619,222.403,266.641,318.47,377.716,443.297,513.918,588.673,667.098,749.118,834.084,921.135,1009.6
OECD ENV-Growth 2025,SSP2,1,Kazakhstan,billion USD_2010/yr,GDP|PPP,ANNUAL,,,,,,,,,,537.2061469,617.0501771,707.9911929,794.7449978,872.9093445,945.2372526,1020.721489,1104.779494,1201.693538,1308.058109,1420.504611,1539.365288,1667.473453,1806.841035,1957.366515,2116.991818
OECD ENV-Growth 2025,SSP2,1,Kazakhstan,billion USD_2015/yr,GDP|PPP,ANNUAL,,,,,,,,,,554.3618792,636.7557365,730.6009628,820.1252591,900.7857921,975.4234992,1053.318332,1140.060738,1240.069742,1349.831076,1465.868568,1588.525073,1720.724386,1864.542685,2019.875211,2184.598164
OECD ENV-Growth 2025,SSP2,1,Kazakhstan,billion USD_2017/yr,GDP|PPP,ANNUAL,,,,,,,,,,582.083,668.597,767.135,861.136,945.83,1024.2,1105.99,1197.07,1302.08,1417.33,1539.17,1667.96,1806.77,1957.78,2120.88,2293.84
OECD ENV-Growth 2025,SSP2,1,Kenya,billion USD_2010/yr,GDP|PPP,ANNUAL,,,,,,,,,,216.9011913,282.1280247,361.4709023,455.6546293,569.6193268,706.2592712,868.1769801,1056.993729,1274.767371,1518.467288,1789.365068,2085.18598,2404.319347,2745.500643,3109.323278,3496.889293
OECD ENV-Growth 2025,SSP2,1,Kenya,billion USD_2015/yr,GDP|PPP,ANNUAL,,,,,,,,,,277.4724421,360.9143478,462.4143066,582.8995311,728.6897074,903.4873599,1110.621778,1352.166991,1630.755522,1942.510431,2289.058405,2667.48948,3075.743183,3512.201862,3977.62464,4473.421311
OECD ENV-Growth 2025,SSP2,1,Kenya,billion USD_2017/yr,GDP|PPP,ANNUAL,,,,,,,,,,307.035,399.367,511.681,645.003,806.326,999.747,1228.95,1496.23,1804.5,2149.47,2532.94,2951.69,3403.44,3886.4,4401.41,4950.03
OECD ENV-Growth 2025,SSP2,1,Kiribati,billion USD_2010/yr,GDP|PPP,ANNUAL,,,,,,,,,,0.225132394,0.258156773,0.332940706,0.444020927,0.601994643,0.8230149,1.132626793,1.56627926,2.16324232,2.958317829,3.986423349,5.274910826,6.861697367,8.78356079,11.06396342,13.71282067
OECD ENV-Growth 2025,SSP2,1,Kiribati,billion USD_2015/yr,GDP|PPP,ANNUAL,,,,,,,,,,0.245533534,0.281550529,0.363111264,0.484257397,0.65654644,0.897595202,1.235263632,1.708212996,2.359271899,3.226395886,4.347666695,5.752914857,7.483493472,9.579513103,12.06656219,14.95545467
OECD ENV-Growth 2025,SSP2,1,Kiribati,billion USD_2017/yr,GDP|PPP,ANNUAL,,,,,,,,,,0.252937,0.29004,0.37406,0.498859,0.676343,0.92466,1.27251,1.75972,2.43041,3.32368,4.47876,5.92638,7.70914,9.86836,12.4304,15.4064
OECD ENV-Growth 2025,SSP2,1,Kosovo,billion USD_2010/yr,GDP|PPP,ANNUAL,,,,,,,,,,23.37215575,27.70308436,31.71775054,35.3225389,38.64089699,41.74352083,44.75508318,47.74471448,50.92399732,54.28904137,57.63903791,60.90615155,64.077864,67.21476534,70.36306995,73.56158965
OECD ENV-Growth 2025,SSP2,1,Kosovo,billion USD_2015/yr,GDP|PPP,ANNUAL,,,,,,,,,,24.43540657,28.96335866,33.16066084,36.92943897,40.39875647,43.6425255,46.79109045,49.91672666,53.24064207,56.75876939,60.26116464,63.67690648,66.9929071,70.27251299,73.56404091,76.90806831
OECD ENV-Growth 2025,SSP2,1,Kosovo,billion USD_2017/yr,GDP|PPP,ANNUAL,,,,,,,,,,24.66538663,29.2359547,33.47276086,37.27700981,40.77897968,44.05327826,47.23147674,50.38653067,53.74172996,57.29296903,60.82832797,64.27621793,67.62342795,70.93390068,74.25640766,77.63190823
OECD ENV-Growth 2025,SSP2,1,Kuwait,billion USD_2010/yr,GDP|PPP,ANNUAL,,,,,,,,,,282.4568296,319.3964629,362.7355995,408.4520517,451.3862197,493.3592124,533.5123462,571.6431371,604.0656209,628.6424636,651.7594195,675.2725948,700.8143626,728.5809577,757.0649972,784.0554026
OECD ENV-Growth 2025,SSP2,1,Kuwait,billion USD_2015/yr,GDP|PPP,ANNUAL,,,,,,,,,,194.4170166,219.8428252,249.6734569,281.1404115,310.6923004,339.5826056,367.2202892,393.46598,415.7826029,432.6990161,448.610579,464.7948624,482.3754403,501.4873825,521.0931466,539.6708319
OECD ENV-Growth 2025,SSP2,1,Kuwait,billion USD_2017/yr,GDP|PPP,ANNUAL,,,,,,,,,,225.983,255.537,290.211,326.787,361.137,394.718,426.843,457.35,483.29,502.953,521.448,540.26,560.695,582.91,605.699,627.293
OECD ENV-Growth 2025,SSP2,1,Kyrgyzstan,billion USD_2010/yr,GDP|PPP,ANNUAL,,,,,,,,,,29.43225749,35.84785351,43.6679487,52.48789349,62.34457582,73.62170484,86.72691097,101.8517134,119.2069324,138.6293667,159.9684837,183.184042,208.5726355,236.4807875,266.9174403,299.6754255
OECD ENV-Growth 2025,SSP2,1,Kyrgyzstan,billion USD_2015/yr,GDP|PPP,ANNUAL,,,,,,,,,,34.64380711,42.19540831,51.40020239,61.78188874,73.38388705,86.65784956,102.0835855,119.8865264,140.3148221,163.1763735,188.2939932,215.6203145,245.5044489,278.3542781,314.1803282,352.7387473
OECD ENV-Growth 2025,SSP2,1,Kyrgyzstan,billion USD_2017/yr,GDP|PPP,ANNUAL,,,,,,,,,,39.4952,48.1043,58.5981,70.4336,83.6603,98.7931,116.379,136.675,159.964,186.027,214.662,245.815,279.884,317.334,358.177,402.135
OECD ENV-Growth 2025,SSP2,1,Laos,billion USD_2010/yr,GDP|PPP,ANNUAL,,,,,,,,,,52.88865769,66.05093973,82.35127648,100.5581009,121.2859075,144.8682489,171.4308117,200.945397,233.4047537,267.3667092,302.7579464,338.7606969,375.4241075,412.906092,451.347645,490.6641697
OECD ENV-Growth 2025,SSP2,1,Laos,billion USD_2015/yr,GDP|PPP,ANNUAL,,,,,,,,,,61.87919712,77.27893461,96.35016453,117.6519659,141.9032909,169.4943929,200.5723241,235.1040918,273.0812124,312.8163585,354.2237497,396.3466054,439.2424268,483.0959714,528.0722014,574.0721396
OECD ENV-Growth 2025,SSP2,1,Laos,billion USD_2017/yr,GDP|PPP,ANNUAL,,,,,,,,,,65.6445,81.9813,102.213,124.811,150.538,179.808,212.777,249.41,289.698,331.851,375.778,420.464,465.97,512.492,560.205,609.004
OECD ENV-Growth 2025,SSP2,1,Latvia,billion USD_2010/yr,GDP|PPP,ANNUAL,,,,,,,,,,54.21181536,59.31098998,63.13710621,65.96395983,67.8434834,69.67901901,71.33759925,73.2621143,75.51043426,77.85208229,80.13828542,82.36310611,84.58985022,86.90967153,89.32817304,91.68729917
OECD ENV-Growth 2025,SSP2,1,Latvia,billion USD_2015/yr,GDP|PPP,ANNUAL,,,,,,,,,,60.79490971,66.51329155,70.80402392,73.97415038,76.08190982,78.14033972,80.00032606,82.15854043,84.67988026,87.30588124,89.86970449,92.36469146,94.86183542,97.4633592,100.1755462,102.8211477
OECD ENV-Growth 2025,SSP2,1,Latvia,billion USD_2017/yr,GDP|PPP,ANNUAL,,,,,,,,,,64.8255,70.923,75.4982,78.8785,81.126,83.3209,85.3042,87.6055,90.294,93.0941,95.8279,98.4883,101.151,103.925,106.817,109.638
OECD ENV-Growth 2025,SSP2,1,Lebanon,billion USD_2010/yr,GDP|PPP,ANNUAL,,,,,,,,,,53.8914261,60.62147558,68.47233789,78.24690966,90.36138474,104.7579391,121.3732675,140.0815312,160.6812341,182.6728819,205.6696945,229.4462433,254.0033002,279.0019503,303.8662696,328.4132904
OECD ENV-Growth 2025,SSP2,1,Lebanon,billion USD_2015/yr,GDP|PPP,ANNUAL,,,,,,,,,,64.7067644,72.78745102,82.21388366,93.9500903,108.4957897,125.7815533,145.7313712,168.1941506,192.9279574,219.3330551,246.9450417,275.4932478,304.9786004,334.9941683,364.848447,394.3217492
OECD ENV-Growth 2025,SSP2,1,Lebanon,billion USD_2017/yr,GDP|PPP,ANNUAL,,,,,,,,,,69.8061,78.5236,88.6929,101.354,117.046,135.694,157.216,181.449,208.132,236.618,266.406,297.204,329.013,361.394,393.601,425.397
OECD ENV-Growth 2025,SSP2,1,Lesotho,billion USD_2010/yr,GDP|PPP,ANNUAL,,,,,,,,,,5.313581686,5.945941227,7.089586025,8.419618312,9.938872336,11.70058885,13.75667221,16.14990517,18.94477577,22.13545407,25.71377818,29.66521809,34.02816169,38.85158042,44.18570141,50.06595273
OECD ENV-Growth 2025,SSP2,1,Lesotho,billion USD_2015/yr,GDP|PPP,ANNUAL,,,,,,,,,,6.55329478,7.333190286,8.743659142,10.3840016,12.25771317,14.43045621,16.9662449,19.91784365,23.36478622,27.29988249,31.7130663,36.58641767,41.96728074,47.91605252,54.49467864,61.74685289
OECD ENV-Growth 2025,SSP2,1,Lesotho,billion USD_2017/yr,GDP|PPP,ANNUAL,,,,,,,,,,5.9243,6.62934,7.90443,9.38733,11.0812,13.0454,15.3378,18.0061,21.1222,24.6796,28.6692,33.0748,37.9392,43.317,49.2642,55.8203
OECD ENV-Growth 2025,SSP2,1,Liberia,billion USD_2010/yr,GDP|PPP,ANNUAL,,,,,,,,,,6.211765735,8.480153779,11.1813376,14.53073009,18.81551584,24.29996616,31.26365116,39.98118106,50.72199664,63.69741712,79.21223122,97.43318902,118.4484508,142.3544201,169.2216531,199.2219994
OECD ENV-Growth 2025,SSP2,1,Liberia,billion USD_2015/yr,GDP|PPP,ANNUAL,,,,,,,,,,6.993447187,9.547286573,12.58838426,16.35926044,21.1832387,27.35784594,35.19783305,45.01236688,57.10479433,71.71302679,89.18020724,109.6940694,133.3538676,160.2681366,190.5163112,224.2918666
OECD ENV-Growth 2025,SSP2,1,Liberia,billion USD_2017/yr,GDP|PPP,ANNUAL,,,,,,,,,,8.89204,12.1392,16.0059,20.8005,26.9341,34.785,44.7534,57.2324,72.6077,91.1818,113.391,139.474,169.557,203.778,242.238,285.183
OECD ENV-Growth 2025,SSP2,1,Libya,billion USD_2010/yr,GDP|PPP,ANNUAL,,,,,,,,,,150.8733518,172.4163604,184.895883,211.3672765,251.5336617,304.2325837,368.5030412,442.3690534,523.5548691,609.4271326,700.3058563,796.5216556,898.2634534,1005.552455,1117.229098,1231.816698
OECD ENV-Growth 2025,SSP2,1,Libya,billion USD_2015/yr,GDP|PPP,ANNUAL,,,,,,,,,,181.6225316,207.5561753,222.5791231,254.4455955,302.798207,366.2375851,443.606869,532.5273575,630.2594831,733.6331916,843.0337163,958.8590548,1081.336634,1210.491981,1344.929205,1482.870662
OECD ENV-Growth 2025,SSP2,1,Libya,billion USD_2017/yr,GDP|PPP,ANNUAL,,,,,,,,,,156.525,178.875,191.822,219.285,260.956,315.629,382.307,458.94,543.167,632.256,726.539,826.359,931.912,1043.22,1159.08,1277.96
OECD ENV-Growth 2025,SSP2,1,Lithuania,billion USD_2010/yr,GDP|PPP,ANNUAL,,,,,,,,,,99.13993081,112.6703818,119.3071855,122.9634289,124.9216511,125.1465991,124.6538959,124.0159839,123.6298792,123.4813128,123.2211118,122.8492762,122.4262398,122.091336,121.9662716,122.0241873
OECD ENV-Growth 2025,SSP2,1,Lithuania,billion USD_2015/yr,GDP|PPP,ANNUAL,,,,,,,,,,110.7621122,125.8787389,133.2935756,137.3784407,139.5662255,139.8175441,139.2670813,138.5543868,138.123019,137.9570362,137.6663318,137.2509059,136.7782769,136.4041122,136.2643866,136.3290918
OECD ENV-Growth 2025,SSP2,1,Lithuania,billion USD_2017/yr,GDP|PPP,ANNUAL,,,,,,,,,,118.114,134.234,142.141,146.497,148.83,149.098,148.511,147.751,147.291,147.114,146.804,146.361,145.857,145.458,145.309,145.378
OECD ENV-Growth 2025,SSP2,1,Luxembourg,billion USD_2010/yr,GDP|PPP,ANNUAL,,,,,,,,,,62.83422514,72.19852685,77.94479575,82.02150014,84.62234509,86.75231349,88.6468436,90.56263403,92.56582796,94.33752071,95.76747362,96.81631573,97.53365443,97.99193229,98.25571766,98.32107343
OECD ENV-Growth 2025,SSP2,1,Luxembourg,billion USD_2015/yr,GDP|PPP,ANNUAL,,,,,,,,,,76.04202125,87.37470544,94.3288439,99.26247428,102.4100186,104.9877078,107.2804694,109.5989602,112.0232269,114.1673306,115.8978606,117.16717,118.0352938,118.5899019,118.9091352,118.9882288
OECD ENV-Growth 2025,SSP2,1,Luxembourg,billion USD_2017/yr,GDP|PPP,ANNUAL,,,,,,,,,,79.7977,91.6901,98.9877,104.165,107.468,110.173,112.579,115.012,117.556,119.806,121.622,122.954,123.865,124.447,124.782,124.865
OECD ENV-Growth 2025,SSP2,1,Macao,billion USD_2010/yr,GDP|PPP,ANNUAL,,,,,,,,,,69.80923731,84.96314812,100.2987378,114.9528208,128.1511107,139.1176346,147.9578236,155.343063,161.545787,165.4425214,166.8780715,165.7470064,162.4297215,157.5377173,151.6858682,145.2436047
OECD ENV-Growth 2025,SSP2,1,Macao,billion USD_2015/yr,GDP|PPP,ANNUAL,,,,,,,,,,80.61356317,98.11283394,115.8219019,132.7439868,147.9849667,160.6487717,170.8571504,179.3853981,186.5481132,191.0479424,192.7056716,191.3995524,187.5688536,181.9197174,175.1621818,167.7228538
OECD ENV-Growth 2025,SSP2,1,Macao,billion USD_2017/yr,GDP|PPP,ANNUAL,,,,,,,,,,82.7664,100.733,118.915,136.289,151.937,164.939,175.42,184.176,191.53,196.15,197.852,196.511,192.578,186.778,179.84,172.202
OECD ENV-Growth 2025,SSP2,1,Madagascar,billion USD_2010/yr,GDP|PPP,ANNUAL,,,,,,,,,,50.27091399,63.63181801,82.95529906,107.9890707,140.8564696,183.7935858,239.1543022,309.7767175,398.9248432,508.7904981,642.0171065,799.057262,981.0898826,1189.936213,1427.874046,1697.028991
OECD ENV-Growth 2025,SSP2,1,Madagascar,billion USD_2015/yr,GDP|PPP,ANNUAL,,,,,,,,,,50.87404531,64.39524838,83.9505652,109.2846825,142.546412,185.9986714,242.0235846,313.4933008,403.7109919,514.8947731,649.7197837,808.6440473,992.8606261,1204.212616,1445.005136,1717.3893
OECD ENV-Growth 2025,SSP2,1,Madagascar,billion USD_2017/yr,GDP|PPP,ANNUAL,,,,,,,,,,50.8714,64.3919,83.9462,109.279,142.539,185.989,242.011,313.477,403.69,514.868,649.686,808.602,992.809,1204.15,1444.93,1717.3
OECD ENV-Growth 2025,SSP2,1,Malawi,billion USD_2010/yr,GDP|PPP,ANNUAL,,,,,,,,,,34.73139944,43.49747117,56.59191701,76.63871045,104.5384889,141.5326235,189.0229659,248.6508334,322.0994943,410.736277,516.583405,640.6294975,784.0033591,947.1098529,1130.373719,1333.757296
OECD ENV-Growth 2025,SSP2,1,Malawi,billion USD_2015/yr,GDP|PPP,ANNUAL,,,,,,,,,,32.75851567,41.02663912,53.37726754,72.28532214,98.60028051,133.4929988,178.285698,234.5264618,303.802942,387.4047974,487.239381,604.2391544,739.4688016,893.3101877,1066.163926,1257.994494
OECD ENV-Growth 2025,SSP2,1,Malawi,billion USD_2017/yr,GDP|PPP,ANNUAL,,,,,,,,,,33.199,41.5783,54.095,73.2573,99.9261,135.288,180.683,237.68,307.888,392.614,493.791,612.364,749.412,905.322,1080.5,1274.91
OECD ENV-Growth 2025,SSP2,1,Malaysia,billion USD_2010/yr,GDP|PPP,ANNUAL,,,,,,,,,,1103.465846,1342.613538,1578.158174,1782.297534,1965.516911,2136.854304,2302.240585,2466.908278,2630.331097,2785.576195,2930.052614,3063.598417,3187.620416,3305.590092,3420.422278,3532.521809
OECD ENV-Growth 2025,SSP2,1,Malaysia,billion USD_2015/yr,GDP|PPP,ANNUAL,,,,,,,,,,1090.782619,1327.181549,1560.018837,1761.811821,1942.925276,2112.293319,2275.778651,2438.553655,2600.098093,2753.558806,2896.374613,3028.385442,3150.981933,3267.595667,3381.107973,3491.919033
OECD ENV-Growth 2025,SSP2,1,Malaysia,billion USD_2017/yr,GDP|PPP,ANNUAL,,,,,,,,,,1090.28,1326.57,1559.3,1761,1942.03,2111.32,2274.73,2437.43,2598.9,2752.29,2895.04,3026.99,3149.53,3266.09,3379.55,3490.31
OECD ENV-Growth 2025,SSP2,1,Maldives,billion USD_2010/yr,GDP|PPP,ANNUAL,,,,,,,,,,10.49892478,13.56352512,16.7026683,19.85070049,22.90882901,25.8244216,28.66344401,31.53116075,34.38710346,36.81224148,38.78840693,40.2237468,41.21299914,41.88903111,42.44116288,42.95688094
OECD ENV-Growth 2025,SSP2,1,Maldives,billion USD_2015/yr,GDP|PPP,ANNUAL,,,,,,,,,,13.0635058,16.87669858,20.78264286,24.69964747,28.50478756,32.13257436,35.66508712,39.23330339,42.78686958,45.80439806,48.26328308,50.04923461,51.28013242,52.12129929,52.80830074,53.44999367
OECD ENV-Growth 2025,SSP2,1,Maldives,billion USD_2017/yr,GDP|PPP,ANNUAL,,,,,,,,,,13.4647,17.395,21.4209,25.4582,29.3802,33.1194,36.7604,40.4382,44.1009,47.2111,49.7455,51.5863,52.855,53.722,54.4301,55.0915
OECD ENV-Growth 2025,SSP2,1,Mali,billion USD_2010/yr,GDP|PPP,ANNUAL,,,,,,,,,,47.67065031,62.25277181,85.42503923,116.767496,158.7571479,213.8474889,284.3416728,372.482786,480.6091646,610.8986792,765.2357283,944.7993482,1150.152456,1382.36425,1643.271075,1932.400974
OECD ENV-Growth 2025,SSP2,1,Mali,billion USD_2015/yr,GDP|PPP,ANNUAL,,,,,,,,,,52.77461893,68.91800906,94.57126898,129.2694785,175.7548498,236.7435658,314.7853728,412.3635185,532.0666984,676.3059617,847.1674645,1045.956479,1273.296193,1530.370281,1819.2117,2139.297961
OECD ENV-Growth 2025,SSP2,1,Mali,billion USD_2017/yr,GDP|PPP,ANNUAL,,,,,,,,,,55.5534,72.5468,99.5508,136.076,185.009,249.209,331.36,434.076,560.082,711.916,891.774,1101.03,1340.34,1610.95,1915,2251.94
OECD ENV-Growth 2025,SSP2,1,Malta,billion USD_2010/yr,GDP|PPP,ANNUAL,,,,,,,,,,24.68412602,29.41404537,33.81015798,37.13549121,39.74100059,41.83773483,43.66577671,45.41197991,46.89076417,48.15433986,49.0509149,49.57301854,49.77014449,49.80028218,49.85784093,50.0696537
OECD ENV-Growth 2025,SSP2,1,Malta,billion USD_2015/yr,GDP|PPP,ANNUAL,,,,,,,,,,26.88603,32.03787347,36.82613356,40.44809729,43.28602654,45.56979626,47.5609054,49.46287558,51.07357218,52.44986292,53.42641536,53.99509233,54.20980256,54.24262863,54.30532179,54.53602896
OECD ENV-Growth 2025,SSP2,1,Malta,billion USD_2017/yr,GDP|PPP,ANNUAL,,,,,,,,,,29.0761,34.6476,39.8259,43.7429,46.812,49.2818,51.4351,53.492,55.2339,56.7223,57.7784,58.3934,58.6256,58.6611,58.7289,58.9784
OECD ENV-Growth 2025,SSP2,1,Mauritania,billion USD_2010/yr,GDP|PPP,ANNUAL,,,,,,,,,,28.15462676,35.21534505,45.40359236,57.263944,71.43014457,88.41949733,108.6565736,132.5755567,160.5223833,192.1583485,227.7681476,267.1174334,309.9956593,356.1886175,405.4766073,457.9200464
OECD ENV-Growth 2025,SSP2,1,Mauritania,billion USD_2015/yr,GDP|PPP,ANNUAL,,,,,,,,,,25.71100105,32.15889812,41.46287644,52.29383209,65.23050501,80.74530016,99.22593903,121.0689208,146.5901573,175.4803409,207.9994572,243.9334987,283.0901929,325.2739237,370.2840589,418.1757724
OECD ENV-Growth 2025,SSP2,1,Mauritania,billion USD_2017/yr,GDP|PPP,ANNUAL,,,,,,,,,,30.756,38.4691,49.5987,62.5549,78.03,96.5891,118.696,144.825,175.354,209.913,248.813,291.798,338.638,389.099,442.941,500.23
OECD ENV-Growth 2025,SSP2,1,Mauritius,billion USD_2010/yr,GDP|PPP,ANNUAL,,,,,,,,,,29.83356985,35.20409587,40.71248794,46.19689132,51.63938342,56.92323765,62.17060334,67.18543495,71.82343269,76.12117703,80.00348499,83.4703566,86.49541347,89.13527259,91.48717549,93.68457651
OECD ENV-Growth 2025,SSP2,1,Mauritius,billion USD_2015/yr,GDP|PPP,ANNUAL,,,,,,,,,,31.19283549,36.80805136,42.56741467,48.30169633,53.99215717,59.51675234,65.00319648,70.24651192,75.09582434,79.58938085,83.64857304,87.27340091,90.43628426,93.19641963,95.65547903,97.95299719
OECD ENV-Growth 2025,SSP2,1,Mauritius,billion USD_2017/yr,GDP|PPP,ANNUAL,,,,,,,,,,32.4593,38.3025,44.2957,50.2628,56.1843,61.9332,67.6424,73.0986,78.1448,82.8208,87.0448,90.8168,94.1081,96.9803,99.5392,101.93
OECD ENV-Growth 2025,SSP2,1,Mayotte,billion USD_2017/yr,GDP|PPP,ANNUAL,,,,,,,,,,9.58331,12.9586,16.7622,21.4991,27.3131,34.3778,42.9211,53.2065,65.5535,80.2268,97.5393,117.988,142.198,170.888,204.87,245.043
OECD ENV-Growth 2025,SSP2,1,Mexico,billion USD_2010/yr,GDP|PPP,ANNUAL,,,,,,,,,,2369.886056,2709.483344,3101.638264,3538.216089,4019.980244,4538.473668,5081.973531,5631.462046,6188.652681,6748.320208,7297.214948,7821.315311,8315.633581,8775.07177,9195.38014,9572.76701
OECD ENV-Growth 2025,SSP2,1,Mexico,billion USD_2015/yr,GDP|PPP,ANNUAL,,,,,,,,,,2645.365254,3024.437853,3462.177463,3949.503765,4487.268926,5066.032823,5672.709945,6286.07185,6908.03118,7532.755321,8145.454429,8730.477024,9282.255609,9795.0996,10264.26526,10685.52016
OECD ENV-Growth 2025,SSP2,1,Mexico,billion USD_2017/yr,GDP|PPP,ANNUAL,,,,,,,,,,2793.85,3194.2,3656.51,4171.19,4739.14,5350.39,5991.12,6638.91,7295.78,7955.57,8602.66,9220.52,9803.27,10344.9,10840.4,11285.3
OECD ENV-Growth 2025,SSP2,1,Micronesia,billion USD_2010/yr,GDP|PPP,ANNUAL,,,,,,,,,,0.315617091,0.334640687,0.382069929,0.459477853,0.571126111,0.7243065,0.926005843,1.183211853,1.508172649,1.905569891,2.383964331,2.946833775,3.596443255,4.33335457,5.158958844,6.080925082
OECD ENV-Growth 2025,SSP2,1,Micronesia,billion USD_2015/yr,GDP|PPP,ANNUAL,,,,,,,,,,0.343357574,0.364053208,0.41565114,0.499862667,0.621324006,0.787967855,1.007395126,1.287207703,1.640730225,2.073055839,2.593497725,3.205839362,3.912544864,4.714225407,5.612394385,6.615394853
OECD ENV-Growth 2025,SSP2,1,Micronesia,billion USD_2017/yr,GDP|PPP,ANNUAL,,,,,,,,,,0.353932,0.375265,0.428452,0.515257,0.640459,0.812235,1.03842,1.32685,1.69126,2.1369,2.67337,3.30457,4.03304,4.85941,5.78524,6.81913
OECD ENV-Growth 2025,SSP2,1,Moldova,billion USD_2010/yr,GDP|PPP,ANNUAL,,,,,,,,,,28.57722192,36.44205967,44.38227489,50.98582642,56.30311727,60.63868457,64.39204409,67.85282395,71.20545681,74.14275674,76.61939128,78.7846018,80.92408106,83.2474632,85.78123629,88.38463517
OECD ENV-Growth 2025,SSP2,1,Moldova,billion USD_2015/yr,GDP|PPP,ANNUAL,,,,,,,,,,34.11948155,43.50962406,52.98976273,60.87400548,67.22253045,72.39893664,76.88022181,81.0121845,85.01502618,88.52198536,91.47893782,94.06406875,96.6184781,99.39245642,102.4176289,105.5259303
OECD ENV-Growth 2025,SSP2,1,Moldova,billion USD_2017/yr,GDP|PPP,ANNUAL,,,,,,,,,,37.7605,48.1527,58.6445,67.3701,74.3961,80.1249,85.0844,89.6573,94.0873,97.9685,101.241,104.102,106.929,109.999,113.347,116.787
OECD ENV-Growth 2025,SSP2,1,Mongolia,billion USD_2010/yr,GDP|PPP,ANNUAL,,,,,,,,,,47.53008498,57.19273321,69.04535564,81.93230458,96.11713633,112.2479801,131.0075848,152.7997114,177.8771547,205.4226464,235.0524258,266.8791845,301.0724677,337.8434453,377.1413552,418.7326923
OECD ENV-Growth 2025,SSP2,1,Mongolia,billion USD_2015/yr,GDP|PPP,ANNUAL,,,,,,,,,,45.27965784,54.48480455,65.77623582,78.05302091,91.56623741,106.9333273,124.804713,145.5650385,169.4551294,195.696413,223.9232986,254.2431423,286.8174616,321.847428,359.2846831,398.9067774
OECD ENV-Growth 2025,SSP2,1,Mongolia,billion USD_2017/yr,GDP|PPP,ANNUAL,,,,,,,,,,46.8166,56.3342,68.0089,80.7024,94.6743,110.563,129.041,150.506,175.207,202.339,231.524,262.873,296.553,332.772,371.48,412.447
OECD ENV-Growth 2025,SSP2,1,Montenegro,billion USD_2010/yr,GDP|PPP,ANNUAL,,,,,,,,,,12.49553508,14.43217903,16.15015112,17.51769069,18.64163291,19.6365202,20.59721695,21.55635586,22.5368126,23.50111699,24.43270668,25.34716011,26.26325338,27.21493104,28.20621069,29.23012304
OECD ENV-Growth 2025,SSP2,1,Montenegro,billion USD_2015/yr,GDP|PPP,ANNUAL,,,,,,,,,,13.61817444,15.72881276,17.60113303,19.09153678,20.31645762,21.4007288,22.44773766,23.49304871,24.56159287,25.61253349,26.62782022,27.62443111,28.62282916,29.66000863,30.74034806,31.85625201
OECD ENV-Growth 2025,SSP2,1,Montenegro,billion USD_2017/yr,GDP|PPP,ANNUAL,,,,,,,,,,15.24,17.602,19.6973,21.3652,22.736,23.9494,25.1211,26.2909,27.4867,28.6628,29.799,30.9143,32.0316,33.1923,34.4013,35.6501
OECD ENV-Growth 2025,SSP2,1,Morocco,billion USD_2010/yr,GDP|PPP,ANNUAL,,,,,,,,,,339.8589556,402.4717016,479.8378284,567.4926431,668.2092846,786.2777358,925.5830166,1088.845752,1275.754897,1479.51899,1701.077222,1942.25748,2201.878201,2480.222154,2777.501413,3092.423327
OECD ENV-Growth 2025,SSP2,1,Morocco,billion USD_2015/yr,GDP|PPP,ANNUAL,,,,,,,,,,335.7572914,397.6143814,474.0467977,560.6437306,660.1448507,776.7883662,914.4124099,1075.704772,1260.358163,1461.663083,1680.547389,1918.816909,2175.304339,2450.289035,2743.980512,3055.101721
OECD ENV-Growth 2025,SSP2,1,Morocco,billion USD_2017/yr,GDP|PPP,ANNUAL,,,,,,,,,,336.533,398.533,475.142,561.939,661.67,778.583,916.525,1078.19,1263.27,1465.04,1684.43,1923.25,2180.33,2455.95,2750.32,3062.16
OECD ENV-Growth 2025,SSP2,1,Mozambique,billion USD_2010/yr,GDP|PPP,ANNUAL,,,,,,,,,,45.12932283,73.28759047,115.2482971,167.6499289,234.3442729,318.8708949,424.82258,556.1357063,716.7242436,908.7328457,1134.677769,1394.370412,1688.665087,2016.852201,2378.922417,2773.167108
OECD ENV-Growth 2025,SSP2,1,Mozambique,billion USD_2015/yr,GDP|PPP,ANNUAL,,,,,,,,,,49.43375682,80.27775953,126.2406776,183.6403761,256.6960254,349.2847951,465.34215,609.1799199,785.085389,995.407768,1242.903314,1527.365437,1849.729933,2209.219528,2605.823994,3037.671737
OECD ENV-Growth 2025,SSP2,1,Mozambique,billion USD_2017/yr,GDP|PPP,ANNUAL,,,,,,,,,,48.3351,78.4936,123.435,179.559,250.991,341.522,455,595.641,767.637,973.285,1215.28,1493.42,1808.62,2160.12,2547.91,2970.16
OECD ENV-Growth 2025,SSP2,1,Myanmar,billion USD_2010/yr,GDP|PPP,ANNUAL,,,,,,,,,,238.2769333,278.6485286,330.3451661,387.8305577,452.5895623,526.3046206,610.7180469,706.0982733,813.1408284,931.0464032,1056.724535,1188.196411,1325.186613,1467.725078,1615.8617,1768.917915
OECD ENV-Growth 2025,SSP2,1,Myanmar,billion USD_2015/yr,GDP|PPP,ANNUAL,,,,,,,,,,257.6848142,301.344714,357.2520914,419.4197224,489.4534089,569.1726282,660.4616077,763.6106435,879.3719156,1006.881011,1142.795745,1284.976129,1433.124312,1587.272669,1747.475159,1912.997947
OECD ENV-Growth 2025,SSP2,1,Myanmar,billion USD_2017/yr,GDP|PPP,ANNUAL,,,,,,,,,,238.781,279.238,331.044,388.651,453.547,527.418,612.01,707.592,814.861,933.016,1058.96,1190.71,1327.99,1470.83,1619.28,1772.66
OECD ENV-Growth 2025,SSP2,1,Namibia,billion USD_2010/yr,GDP|PPP,ANNUAL,,,,,,,,,,24.51372862,28.14343703,33.31297676,39.93504925,47.91651133,57.20958536,67.85759591,79.83623669,93.19977938,107.7306734,123.0380699,139.0273413,155.6140651,172.8845192,190.8915838,209.5981501
OECD ENV-Growth 2025,SSP2,1,Namibia,billion USD_2015/yr,GDP|PPP,ANNUAL,,,,,,,,,,26.35241482,30.25437455,35.81166277,42.930433,51.51055571,61.50066964,72.94734899,85.82446433,100.1903581,115.8111619,132.2667109,149.4552799,167.2861138,185.8519623,205.2096718,225.31935
OECD ENV-Growth 2025,SSP2,1,Namibia,billion USD_2017/yr,GDP|PPP,ANNUAL,,,,,,,,,,26.4236,30.3361,35.9084,43.0464,51.6497,61.6668,73.1444,86.0563,100.461,116.124,132.624,149.859,167.738,186.354,205.764,225.928
OECD ENV-Growth 2025,SSP2,1,Nepal,billion USD_2010/yr,GDP|PPP,ANNUAL,,,,,,,,,,109.2151419,140.4123594,179.2904971,225.5461709,280.6633954,345.7585928,421.9931311,510.6816757,613.6694132,730.6489462,861.5311857,1002.669099,1151.592271,1307.81914,1472.015866,1645.442539
OECD ENV-Growth 2025,SSP2,1,Nepal,billion USD_2015/yr,GDP|PPP,ANNUAL,,,,,,,,,,122.3657987,157.3194907,200.878967,252.7043124,314.458233,387.3915798,472.8055619,572.1731441,687.5616931,818.6267976,965.2686413,1123.40105,1290.256146,1465.29438,1649.262126,1843.571202
OECD ENV-Growth 2025,SSP2,1,Nepal,billion USD_2017/yr,GDP|PPP,ANNUAL,,,,,,,,,,136.076,174.946,223.386,281.018,349.691,430.796,525.78,636.281,764.598,910.348,1073.42,1249.27,1434.82,1629.47,1834.05,2050.13
OECD ENV-Growth 2025,SSP2,1,Netherlands,billion USD_2010/yr,GDP|PPP,ANNUAL,,,,,,,,,,924.1582073,1011.231003,1082.053324,1149.087615,1213.665741,1274.585563,1330.921697,1384.524914,1436.874103,1486.931447,1534.186687,1576.027985,1610.120254,1635.797561,1653.371252,1663.429423
OECD ENV-Growth 2025,SSP2,1,Netherlands,billion USD_2015/yr,GDP|PPP,ANNUAL,,,,,,,,,,1014.011894,1109.550569,1187.258774,1260.810648,1331.66755,1398.510461,1460.324022,1519.138951,1576.577926,1631.502226,1683.35198,1729.261407,1766.668385,1794.842236,1814.124575,1825.160677
OECD ENV-Growth 2025,SSP2,1,Netherlands,billion USD_2017/yr,GDP|PPP,ANNUAL,,,,,,,,,,1068.58,1169.26,1251.15,1328.66,1403.33,1473.77,1538.91,1600.89,1661.42,1719.3,1773.94,1822.32,1861.74,1891.43,1911.75,1923.38
OECD ENV-Growth 2025,SSP2,1,New Caledonia,billion USD_2017/yr,GDP|PPP,ANNUAL,,,,,,,,,,11.9061,15.072,18.1994,21.2435,24.1785,27.0032,29.7301,32.4078,35.0431,37.5657,39.974,42.3173,44.6218,46.9295,49.251,51.5784
OECD ENV-Growth 2025,SSP2,1,New Zealand,billion USD_2010/yr,GDP|PPP,ANNUAL,,,,,,,,,,202.7386947,229.1754496,255.1276562,280.1459147,306.1341068,332.6930448,359.5147604,387.2863245,415.8453843,443.6345227,469.8419749,494.0894753,516.0531547,535.4208602,551.8712335,565.1498656
OECD ENV-Growth 2025,SSP2,1,New Zealand,billion USD_2015/yr,GDP|PPP,ANNUAL,,,,,,,,,,223.2828999,252.3985816,280.980614,308.5340582,337.1557226,366.4059687,395.9456204,426.531372,457.984419,488.5895258,517.4526688,544.1572513,568.3465854,589.6768868,607.7942326,622.418434
OECD ENV-Growth 2025,SSP2,1,New Zealand,billion USD_2017/yr,GDP|PPP,ANNUAL,,,,,,,,,,242.258,273.848,304.859,334.754,365.808,397.544,429.594,462.779,496.905,530.111,561.427,590.401,616.646,639.789,659.446,675.313
OECD ENV-Growth 2025,SSP2,1,Nicaragua,billion USD_2010/yr,GDP|PPP,ANNUAL,,,,,,,,,,38.45400817,45.82015909,55.65740562,68.46412795,84.7252389,104.9930746,129.6530963,158.9731844,193.5818176,232.8453375,276.6023079,323.7295819,373.8352237,426.8415367,482.783916,541.7271087
OECD ENV-Growth 2025,SSP2,1,Nicaragua,billion USD_2015/yr,GDP|PPP,ANNUAL,,,,,,,,,,41.88228326,49.90514573,60.61940843,74.56788346,92.27871484,114.3534809,141.2120078,173.1460582,210.8401414,253.6041064,301.2621248,352.5909182,407.1636086,464.8955726,525.8253608,590.0234929
OECD ENV-Growth 2025,SSP2,1,Nicaragua,billion USD_2017/yr,GDP|PPP,ANNUAL,,,,,,,,,,44.5433,53.0759,64.4709,79.3056,98.1417,121.619,150.184,184.147,224.236,269.717,320.403,374.993,433.033,494.433,559.234,627.511
OECD ENV-Growth 2025,SSP2,1,Niger,billion USD_2010/yr,GDP|PPP,ANNUAL,,,,,,,,,,42.28933721,58.20618375,84.56321809,120.2410335,169.2242922,236.4542088,328.15733,451.730175,616.0565507,830.2137243,1104.533894,1447.889607,1869.31514,2380.213373,2990.953356,3713.060801
OECD ENV-Growth 2025,SSP2,1,Niger,billion USD_2015/yr,GDP|PPP,ANNUAL,,,,,,,,,,41.81537841,57.5538365,83.61547373,118.8934291,167.3277067,233.8041424,324.4794986,446.6673978,609.1520816,820.9090833,1092.154803,1431.662348,1848.364744,2353.537073,2957.432172,3671.44658
OECD ENV-Growth 2025,SSP2,1,Niger,billion USD_2017/yr,GDP|PPP,ANNUAL,,,,,,,,,,41.3144,56.8643,82.6137,117.469,165.323,231.003,320.592,441.316,601.854,811.074,1079.07,1414.51,1826.22,2325.34,2922,3627.46
OECD ENV-Growth 2025,SSP2,1,Nigeria,billion USD_2010/yr,GDP|PPP,ANNUAL,,,,,,,,,,1127.437872,1347.183278,1710.882428,2154.016797,2703.508742,3390.038333,4245.788726,5300.032037,6581.003443,8106.64484,9897.343016,11973.97944,14359.31921,17074.00596,20133.73648,23542.69657
OECD ENV-Growth 2025,SSP2,1,Nigeria,billion USD_2015/yr,GDP|PPP,ANNUAL,,,,,,,,,,1166.131181,1393.41818,1769.599369,2227.941969,2796.292303,3506.383371,4391.502845,5481.927452,6806.861389,8384.862314,10237.01668,12384.92261,14852.12648,17659.98042,20824.71992,24350.67443
OECD ENV-Growth 2025,SSP2,1,Nigeria,billion USD_2017/yr,GDP|PPP,ANNUAL,,,,,,,,,,1185.13,1416.12,1798.43,2264.24,2841.85,3563.51,4463.05,5571.24,6917.76,8521.47,10403.8,12586.7,15094.1,17947.7,21164,24747.4
OECD ENV-Growth 2025,SSP2,1,North Korea,billion USD_2017/yr,GDP|PPP,ANNUAL,,,,,,,,,,58.8114,76.6745,100.399,131.203,169.178,214.73,268.434,331.41,405.288,490.521,583.878,683.816,788.447,897.213,1010.28,1127.34
OECD ENV-Growth 2025,SSP2,1,North Macedonia,billion USD_2010/yr,GDP|PPP,ANNUAL,,,,,,,,,,32.00355538,37.94623309,43.25606979,48.44534948,53.73770209,59.21055716,64.95166823,70.89634413,77.73495688,85.6304416,94.0219751,102.4942685,110.8591596,119.1208112,127.3108613,135.4642781
OECD ENV-Growth 2025,SSP2,1,North Macedonia,billion USD_2015/yr,GDP|PPP,ANNUAL,,,,,,,,,,35.40853815,41.98348047,47.85825136,53.59963871,59.45506529,65.51019872,71.86212893,78.43928202,86.00548139,94.74099745,104.0253389,113.3990325,122.6538969,131.7945378,140.8559592,149.8768497
OECD ENV-Growth 2025,SSP2,1,North Macedonia,billion USD_2017/yr,GDP|PPP,ANNUAL,,,,,,,,,,38.4392,45.5769,51.9545,58.1873,64.5439,71.1173,78.0129,85.153,93.3668,102.85,112.929,123.105,133.152,143.075,152.912,162.705
OECD ENV-Growth 2025,SSP2,1,Norway,billion USD_2010/yr,GDP|PPP,ANNUAL,,,,,,,,,,359.9791755,392.9488249,425.7230413,459.6424765,494.8968987,531.2578308,567.7009014,604.791639,642.6905442,679.1421119,714.0339917,746.9620998,777.4732582,805.4796635,830.9869806,853.5137076
OECD ENV-Growth 2025,SSP2,1,Norway,billion USD_2015/yr,GDP|PPP,ANNUAL,,,,,,,,,,365.4372703,398.9068138,432.1779611,466.6116913,502.40065,539.3128956,576.3085252,613.9616419,652.4351798,689.4394354,724.8603546,758.287727,789.2615032,817.6925487,843.5866141,866.4548971
OECD ENV-Growth 2025,SSP2,1,Norway,billion USD_2017/yr,GDP|PPP,ANNUAL,,,,,,,,,,381.285,416.206,450.92,486.847,524.188,562.701,601.301,640.587,680.729,719.338,756.295,791.172,823.489,853.153,880.17,904.03
OECD ENV-Growth 2025,SSP2,1,Oman,billion USD_2010/yr,GDP|PPP,ANNUAL,,,,,,,,,,225.5292454,263.8082506,307.2183989,353.4560182,401.9282516,452.3979564,506.8222115,564.6055543,624.7603243,683.1287059,738.9432429,791.4846891,842.2488678,895.0939088,952.3026364,1012.858725
OECD ENV-Growth 2025,SSP2,1,Oman,billion USD_2015/yr,GDP|PPP,ANNUAL,,,,,,,,,,179.3286903,209.7660904,244.2834986,281.0491593,319.5916645,359.7224513,402.9976832,448.9438804,496.7757086,543.1870971,587.5678061,629.3459299,669.7108665,711.7303924,757.2196867,805.3706217
OECD ENV-Growth 2025,SSP2,1,Oman,billion USD_2017/yr,GDP|PPP,ANNUAL,,,,,,,,,,173.087,202.465,235.781,271.267,308.468,347.202,388.971,433.318,479.485,524.281,567.117,607.441,646.401,686.958,730.864,777.339
OECD ENV-Growth 2025,SSP2,1,Pakistan,billion USD_2010/yr,GDP|PPP,ANNUAL,,,,,,,,,,1248.518926,1586.029143,2017.765818,2587.767983,3332.990249,4277.879371,5445.065115,6858.700584,8551.99629,10513.20604,12758.93052,15266.74182,18018.56185,21011.27052,24231.92866,27688.06118
OECD ENV-Growth 2025,SSP2,1,Pakistan,billion USD_2015/yr,GDP|PPP,ANNUAL,,,,,,,,,,1353.021235,1718.781402,2186.654878,2804.366806,3611.964937,4635.942243,5900.822627,7432.780828,9267.807114,11393.17213,13826.86603,16544.58371,19526.73388,22769.93532,26260.16584,30005.58018
OECD ENV-Growth 2025,SSP2,1,Pakistan,billion USD_2017/yr,GDP|PPP,ANNUAL,,,,,,,,,,1360.53,1728.32,2198.79,2819.93,3632.01,4661.67,5933.57,7474.03,9319.24,11456.4,13903.6,16636.4,19635.1,22896.3,26405.9,30172.1
OECD ENV-Growth 2025,SSP2,1,Panama,billion USD_2010/yr,GDP|PPP,ANNUAL,,,,,,,,,,119.3465563,145.0218623,171.1911835,195.5093672,218.8948843,242.0724322,265.2528194,288.7980396,312.6243374,336.1702675,359.7616242,383.35582,407.0117678,430.6237085,454.1547329,477.4905644
OECD ENV-Growth 2025,SSP2,1,Panama,billion USD_2015/yr,GDP|PPP,ANNUAL,,,,,,,,,,149.6914916,181.8949751,214.7180817,245.2193823,274.5508774,303.6215254,332.6957344,362.2275387,392.111887,421.6445815,451.2342529,480.8274852,510.4981705,540.1136595,569.6276584,598.8968351
OECD ENV-Growth 2025,SSP2,1,Panama,billion USD_2017/yr,GDP|PPP,ANNUAL,,,,,,,,,,168.143,204.316,241.185,275.446,308.393,341.047,373.705,406.877,440.445,473.618,506.855,540.096,573.424,606.69,639.842,672.719
OECD ENV-Growth 2025,SSP2,1,Papua New Guinea,billion USD_2010/yr,GDP|PPP,ANNUAL,,,,,,,,,,33.00176616,38.97709812,48.70291483,61.86371492,79.3150303,102.1013902,131.3973096,168.2977586,213.797272,267.719976,330.0248037,400.2100238,477.9595995,562.9066062,654.5439564,751.7958743
OECD ENV-Growth 2025,SSP2,1,Papua New Guinea,billion USD_2015/yr,GDP|PPP,ANNUAL,,,,,,,,,,35.92570283,42.43044561,53.01796385,67.34480292,86.34229437,111.147512,143.0390323,183.208839,232.739582,291.4398052,359.2648031,435.6683917,520.306533,612.7797936,712.536158,818.4045374
OECD ENV-Growth 2025,SSP2,1,Papua New Guinea,billion USD_2017/yr,GDP|PPP,ANNUAL,,,,,,,,,,36.966,43.6591,54.5532,69.2949,88.8425,114.366,147.181,188.514,239.479,299.879,369.668,448.284,535.373,630.524,733.169,842.103
OECD ENV-Growth 2025,SSP2,1,Paraguay,billion USD_2010/yr,GDP|PPP,ANNUAL,,,,,,,,,,99.18923333,117.9073177,139.0569957,161.7038514,186.3924007,213.1869866,242.4342935,274.3820906,309.4183573,345.944119,383.7855534,422.1503758,461.291157,501.4691107,542.7745095,585.2083137
OECD ENV-Growth 2025,SSP2,1,Paraguay,billion USD_2015/yr,GDP|PPP,ANNUAL,,,,,,,,,,100.3021292,119.2302291,140.6172049,163.5181567,188.4837097,215.5789288,245.1543884,277.4606374,312.8900084,349.8255865,388.091599,426.8868718,466.4668097,507.0955571,548.8643994,591.7743078
OECD ENV-Growth 2025,SSP2,1,Paraguay,billion USD_2017/yr,GDP|PPP,ANNUAL,,,,,,,,,,103.285,122.776,144.799,168.381,194.089,221.99,252.445,285.712,322.195,360.229,399.633,439.582,480.339,522.176,565.187,609.373
OECD ENV-Growth 2025,SSP2,1,Peru,billion USD_2010/yr,GDP|PPP,ANNUAL,,,,,,,,,,446.4989844,518.3978956,601.71438,696.3214291,801.7477012,918.1267902,1044.468972,1180.452493,1326.022787,1479.14772,1638.481947,1801.795766,1968.665817,2138.489986,2310.722608,2485.335459
OECD ENV-Growth 2025,SSP2,1,Peru,billion USD_2015/yr,GDP|PPP,ANNUAL,,,,,,,,,,449.1026071,521.4207749,605.2230939,700.3818152,806.4228484,923.4805666,1050.559475,1187.335942,1333.755084,1487.772919,1648.036255,1812.302389,1980.145492,2150.959938,2324.196883,2499.827935
OECD ENV-Growth 2025,SSP2,1,Peru,billion USD_2017/yr,GDP|PPP,ANNUAL,,,,,,,,,,474.594,551.017,639.576,740.136,852.196,975.898,1110.19,1254.73,1409.46,1572.22,1741.58,1915.17,2092.54,2273.05,2456.12,2641.72
OECD ENV-Growth 2025,SSP2,1,Philippines,billion USD_2010/yr,GDP|PPP,ANNUAL,,,,,,,,,,1115.545844,1519.292188,1985.341311,2461.41136,2956.895765,3474.504169,4013.884794,4575.826763,5161.375905,5755.38674,6352.116725,6950.510526,7551.091057,8153.420972,8759.734537,9366.960824
OECD ENV-Growth 2025,SSP2,1,Philippines,billion USD_2015/yr,GDP|PPP,ANNUAL,,,,,,,,,,1155.109358,1573.174813,2055.752653,2548.706817,3061.763878,3597.72958,4156.239668,4738.111252,5344.427252,5959.505043,6577.398422,7197.014624,7818.89511,8442.587023,9070.403869,9699.165807
OECD ENV-Growth 2025,SSP2,1,Philippines,billion USD_2017/yr,GDP|PPP,ANNUAL,,,,,,,,,,1173.33,1597.99,2088.18,2588.91,3110.06,3654.48,4221.8,4812.85,5428.73,6053.51,6681.15,7310.54,7942.23,8575.76,9213.48,9852.16
OECD ENV-Growth 2025,SSP2,1,Poland,billion USD_2010/yr,GDP|PPP,ANNUAL,,,,,,,,,,1298.510059,1525.490414,1701.527878,1846.946679,1944.121899,2019.746733,2079.519726,2132.173946,2178.591522,2212.112386,2230.787035,2238.073413,2241.593103,2248.209063,2260.276574,2274.637618
OECD ENV-Growth 2025,SSP2,1,Poland,billion USD_2015/yr,GDP|PPP,ANNUAL,,,,,,,,,,1427.73575,1677.304836,1870.861273,2030.751926,2137.597872,2220.748771,2286.470279,2344.364565,2395.401545,2432.258353,2452.791475,2460.802981,2464.672946,2471.947316,2485.215767,2501.005999
OECD ENV-Growth 2025,SSP2,1,Poland,billion USD_2017/yr,GDP|PPP,ANNUAL,,,,,,,,,,1472.02,1729.33,1928.89,2093.74,2203.9,2289.63,2357.39,2417.08,2469.7,2507.7,2528.87,2537.13,2541.12,2548.62,2562.3,2578.58
OECD ENV-Growth 2025,SSP2,1,Portugal,billion USD_2010/yr,GDP|PPP,ANNUAL,,,,,,,,,,336.7461899,371.8028606,405.4964259,440.4750824,474.2946707,507.5544427,539.7665953,570.3936021,599.0411054,624.2036884,646.1994088,665.5632214,683.0949859,698.5889507,711.1792438,720.0951534
OECD ENV-Growth 2025,SSP2,1,Portugal,billion USD_2015/yr,GDP|PPP,ANNUAL,,,,,,,,,,374.3963669,413.3725767,450.833278,489.7227511,527.3235655,564.3019729,600.115631,634.1669147,666.0173751,693.9932808,718.4482503,739.9770494,759.4689669,776.6952468,790.6932077,800.6059677
OECD ENV-Growth 2025,SSP2,1,Portugal,billion USD_2017/yr,GDP|PPP,ANNUAL,,,,,,,,,,392.799,433.691,472.993,513.794,553.243,592.039,629.613,665.338,698.754,728.105,753.762,776.349,796.799,814.872,829.558,839.958
OECD ENV-Growth 2025,SSP2,1,Puerto Rico,billion USD_2010/yr,GDP|PPP,ANNUAL,,,,,,,,,,100.9583973,105.7420488,109.4641254,111.8770513,113.656971,114.9408014,116.1364799,117.3903011,118.9639077,120.6387953,122.2236553,123.6837896,125.1776843,126.7756734,128.450561,130.16296
OECD ENV-Growth 2025,SSP2,1,Puerto Rico,billion USD_2015/yr,GDP|PPP,ANNUAL,,,,,,,,,,106.6915099,111.74681,115.6802518,118.2302003,120.1111961,121.4679312,122.7315085,124.0565303,125.7194971,127.4894963,129.1643556,130.7074064,132.2861348,133.9748686,135.7448679,137.5545087
OECD ENV-Growth 2025,SSP2,1,Puerto Rico,billion USD_2017/yr,GDP|PPP,ANNUAL,,,,,,,,,,107.656,112.757,116.726,119.299,121.197,122.566,123.841,125.178,126.856,128.642,130.332,131.889,133.482,135.186,136.972,138.798
OECD ENV-Growth 2025,SSP2,1,Qatar,billion USD_2010/yr,GDP|PPP,ANNUAL,,,,,,,,,,391.115787,466.3548812,517.5102502,555.2186087,587.7304673,621.7624468,657.4095545,698.1980853,740.5136215,774.4726241,797.8004197,812.7868279,821.2218459,826.2875383,830.5559934,833.9735113
OECD ENV-Growth 2025,SSP2,1,Qatar,billion USD_2015/yr,GDP|PPP,ANNUAL,,,,,,,,,,275.2045157,328.1457141,364.1406522,390.6737426,413.5503705,437.4966154,462.5793283,491.2797496,521.0546322,544.9495278,561.3638861,571.9089148,577.8441267,581.4085479,584.4120015,586.8167021
OECD ENV-Growth 2025,SSP2,1,Qatar,billion USD_2017/yr,GDP|PPP,ANNUAL,,,,,,,,,,284.051,338.694,375.846,403.232,426.844,451.56,477.449,507.072,537.804,562.467,579.409,590.293,596.419,600.098,603.198,605.68
OECD ENV-Growth 2025,SSP2,1,Romania,billion USD_2010/yr,GDP|PPP,ANNUAL,,,,,,,,,,569.9201226,645.6162321,709.7139361,758.3306635,792.6855094,817.9651535,839.6121665,859.3514742,878.1224771,894.0795298,908.9399071,922.8906389,936.8923788,951.6762438,967.3272476,982.1621208
OECD ENV-Growth 2025,SSP2,1,Romania,billion USD_2015/yr,GDP|PPP,ANNUAL,,,,,,,,,,605.7254923,686.1772281,754.3018859,805.972971,842.4861684,869.3540123,892.3610041,913.3404386,933.2907343,950.2502927,966.0442768,980.8714667,995.7528693,1011.465534,1028.099816,1043.866694
OECD ENV-Growth 2025,SSP2,1,Romania,billion USD_2017/yr,GDP|PPP,ANNUAL,,,,,,,,,,670.387,759.427,834.824,892.011,932.422,962.158,987.621,1010.84,1032.92,1051.69,1069.17,1085.58,1102.05,1119.44,1137.85,1155.3
OECD ENV-Growth 2025,SSP2,1,Russian Federation,billion USD_2010/yr,GDP|PPP,ANNUAL,,,,,,,,,,3816.856907,4102.932714,4501.635852,4914.792266,5333.873055,5755.512515,6218.145718,6752.595927,7319.428441,7910.279439,8508.604687,9116.724413,9753.943279,10437.08064,11161.762,11898.91572
OECD ENV-Growth 2025,SSP2,1,Russian Federation,billion USD_2015/yr,GDP|PPP,ANNUAL,,,,,,,,,,3930.240638,4224.814627,4635.361659,5060.791317,5492.32134,5926.486041,6402.862249,6953.18886,7536.859728,8145.262573,8761.361699,9387.546259,10043.69438,10747.12505,11493.33383,12252.38548
OECD ENV-Growth 2025,SSP2,1,Russian Federation,billion USD_2017/yr,GDP|PPP,ANNUAL,,,,,,,,,,4161.94,4473.88,4908.63,5359.14,5816.11,6275.87,6780.33,7363.1,7981.18,8625.45,9277.87,9940.97,10635.8,11380.7,12170.9,12974.7
OECD ENV-Growth 2025,SSP2,1,Rwanda,billion USD_2010/yr,GDP|PPP,ANNUAL,,,,,,,,,,35.46783877,50.03780959,67.65892753,88.48514708,113.7275053,144.516614,182.0747053,227.7245877,282.3860477,346.2668655,420.3951958,504.583857,598.7961294,703.1887438,817.8360354,943.4750873
OECD ENV-Growth 2025,SSP2,1,Rwanda,billion USD_2015/yr,GDP|PPP,ANNUAL,,,,,,,,,,37.83145051,53.37237855,72.16778515,94.3818845,121.3064184,154.1473436,194.2083431,242.9003787,301.2045323,369.3424308,448.410746,538.2098226,638.7004937,750.0499348,872.337435,1006.349197
OECD ENV-Growth 2025,SSP2,1,Rwanda,billion USD_2017/yr,GDP|PPP,ANNUAL,,,,,,,,,,39.6021,55.8704,75.5455,98.7993,126.984,161.362,203.298,254.269,315.302,386.629,469.398,563.4,668.594,785.155,913.166,1053.45
OECD ENV-Growth 2025,SSP2,1,Saint Lucia,billion USD_2010/yr,GDP|PPP,ANNUAL,,,,,,,,,,2.614491069,2.817710702,3.055374791,3.364807764,3.740524382,4.173716366,4.659155458,5.20087362,5.807324673,6.459589423,7.145208671,7.847265909,8.560240453,9.286445142,10.03293369,10.80556352
OECD ENV-Growth 2025,SSP2,1,Saint Lucia,billion USD_2015/yr,GDP|PPP,ANNUAL,,,,,,,,,,2.841705094,3.062585659,3.320904099,3.657228542,4.065597055,4.536435865,5.064062354,5.65285888,6.312013951,7.020964188,7.766167617,8.52923759,9.304173644,10.09348962,10.90485223,11.74462795
OECD ENV-Growth 2025,SSP2,1,Saint Lucia,billion USD_2017/yr,GDP|PPP,ANNUAL,,,,,,,,,,2.95041,3.17974,3.44794,3.79713,4.22112,4.70997,5.25778,5.8691,6.55347,7.28954,8.06325,8.85551,9.66009,10.4796,11.322,12.1939
OECD ENV-Growth 2025,SSP2,1,Saint Vincent and the Grenadines,billion USD_2010/yr,GDP|PPP,ANNUAL,,,,,,,,,,1.617913096,1.845264111,2.077409472,2.320179398,2.573729728,2.842533962,3.135520768,3.45648529,3.80289743,4.167478585,4.544096024,4.928450419,5.327609536,5.745176008,6.181452348,6.637630267
OECD ENV-Growth 2025,SSP2,1,Saint Vincent and the Grenadines,billion USD_2015/yr,GDP|PPP,ANNUAL,,,,,,,,,,1.723358839,1.965527211,2.212802396,2.47139459,2.74146979,3.02779305,3.339874956,3.681757994,4.050747173,4.439089512,4.840252586,5.249656865,5.674830747,6.119611665,6.584321845,7.070230668
OECD ENV-Growth 2025,SSP2,1,Saint Vincent and the Grenadines,billion USD_2017/yr,GDP|PPP,ANNUAL,,,,,,,,,,1.76493,2.01294,2.26618,2.53101,2.8076,3.10083,3.42044,3.77057,4.14846,4.54617,4.95701,5.37629,5.81172,6.26723,6.74315,7.24078
OECD ENV-Growth 2025,SSP2,1,Samoa,billion USD_2010/yr,GDP|PPP,ANNUAL,,,,,,,,,,1.033999563,1.174362221,1.372250558,1.64028455,1.98417217,2.41800498,2.957729635,3.613977235,4.421281027,5.386740303,6.514118759,7.806100927,9.269126116,10.91097144,12.74581765,14.78989679
OECD ENV-Growth 2025,SSP2,1,Samoa,billion USD_2015/yr,GDP|PPP,ANNUAL,,,,,,,,,,1.126317081,1.279211593,1.494767791,1.786732386,2.16132297,2.633889229,3.221801564,3.936640243,4.816021708,5.86767909,7.095712116,8.503044998,10.09669196,11.88512447,13.88378936,16.11036792
OECD ENV-Growth 2025,SSP2,1,Samoa,billion USD_2017/yr,GDP|PPP,ANNUAL,,,,,,,,,,1.15936,1.31674,1.53862,1.83915,2.22473,2.71116,3.31632,4.05213,4.95731,6.03982,7.30388,8.7525,10.3929,12.2338,14.2911,16.583
OECD ENV-Growth 2025,SSP2,1,Sao Tome and Principe,billion USD_2010/yr,GDP|PPP,ANNUAL,,,,,,,,,,0.790968488,0.951988424,1.161157932,1.42143078,1.745935462,2.145795077,2.63219944,3.214698975,3.900756737,4.686255177,5.583575533,6.590554186,7.69790759,8.901613513,10.20398808,11.61358091
OECD ENV-Growth 2025,SSP2,1,Sao Tome and Principe,billion USD_2015/yr,GDP|PPP,ANNUAL,,,,,,,,,,0.815104937,0.981038406,1.196590733,1.464805822,1.799212783,2.211274137,2.712521158,3.3127957,4.019788554,4.829256524,5.753958662,6.791665327,7.932809684,9.173246763,10.51536336,11.96797
OECD ENV-Growth 2025,SSP2,1,Sao Tome and Principe,billion USD_2017/yr,GDP|PPP,ANNUAL,,,,,,,,,,0.829859,0.998796,1.21825,1.49132,1.83178,2.2513,2.76162,3.37276,4.09255,4.91667,5.85811,6.9146,8.0764,9.33929,10.7057,12.1846
OECD ENV-Growth 2025,SSP2,1,Saudi Arabia,billion USD_2010/yr,GDP|PPP,ANNUAL,,,,,,,,,,2279.351471,2822.566301,3310.997095,3748.721779,4127.840826,4452.700143,4735.603415,4970.445406,5167.234511,5329.501052,5459.365551,5570.343421,5666.990291,5750.692655,5818.898897,5868.754468
OECD ENV-Growth 2025,SSP2,1,Saudi Arabia,billion USD_2015/yr,GDP|PPP,ANNUAL,,,,,,,,,,1941.862795,2404.647356,2820.759394,3193.673045,3516.658412,3793.417933,4034.433567,4234.504038,4402.155867,4540.396662,4651.032973,4745.579075,4827.916075,4899.225177,4957.332566,4999.806348
OECD ENV-Growth 2025,SSP2,1,Saudi Arabia,billion USD_2017/yr,GDP|PPP,ANNUAL,,,,,,,,,,1956.32,2422.55,2841.76,3217.45,3542.84,3821.66,4064.47,4266.03,4434.93,4574.2,4685.66,4780.91,4863.86,4935.7,4994.24,5037.03
OECD ENV-Growth 2025,SSP2,1,Senegal,billion USD_2010/yr,GDP|PPP,ANNUAL,,,,,,,,,,72.96252736,96.11325581,129.4429138,167.5342225,212.6608227,266.8848316,332.3470951,411.255805,505.4938051,614.1229934,738.9076469,879.8297434,1036.958526,1211.176133,1402.334593,1610.149345
OECD ENV-Growth 2025,SSP2,1,Senegal,billion USD_2015/yr,GDP|PPP,ANNUAL,,,,,,,,,,77.0481969,101.4952925,136.6913054,176.9156062,224.5691525,281.8295336,350.9574757,434.2848224,533.7998509,648.5119284,780.2841257,929.0974115,1095.024906,1278.998145,1480.860871,1700.312589
OECD ENV-Growth 2025,SSP2,1,Senegal,billion USD_2017/yr,GDP|PPP,ANNUAL,,,,,,,,,,76.9212,101.328,136.466,176.624,224.199,281.365,350.379,433.569,532.92,647.443,778.998,927.566,1093.22,1276.89,1478.42,1697.51
OECD ENV-Growth 2025,SSP2,1,Serbia,billion USD_2010/yr,GDP|PPP,ANNUAL,,,,,,,,,,137.1869663,166.6215345,195.1037788,220.5306501,244.0988662,266.4514263,288.1537727,309.6775584,331.1778967,352.2300295,372.7266399,392.9454891,412.9767594,433.234387,453.8482343,474.6812243
OECD ENV-Growth 2025,SSP2,1,Serbia,billion USD_2015/yr,GDP|PPP,ANNUAL,,,,,,,,,,145.7246614,176.9910609,207.2458694,234.2551569,259.2901177,283.0337672,306.0867377,328.9500349,351.7884255,374.1507169,395.9229136,417.4000629,438.6779595,460.1963005,482.0930301,504.2225407
OECD ENV-Growth 2025,SSP2,1,Serbia,billion USD_2017/yr,GDP|PPP,ANNUAL,,,,,,,,,,152.122,184.761,216.344,244.539,270.673,295.459,319.524,343.391,367.232,390.576,413.304,435.724,457.936,480.399,503.257,526.358
OECD ENV-Growth 2025,SSP2,1,Seychelles,billion USD_2010/yr,GDP|PPP,ANNUAL,,,,,,,,,,3.507013198,4.205703679,4.917764357,5.594069526,6.245959553,6.894228285,7.539275973,8.17001955,8.807462521,9.436424041,10.05337811,10.66175544,11.27032336,11.87641355,12.47278343,13.04685376
OECD ENV-Growth 2025,SSP2,1,Seychelles,billion USD_2015/yr,GDP|PPP,ANNUAL,,,,,,,,,,3.601160684,4.318607854,5.04978415,5.744245062,6.413635395,7.07930722,7.741671528,8.389347726,9.043903166,9.689749466,10.32326597,10.94797548,11.57288071,12.19524169,12.80762141,13.39710294
OECD ENV-Growth 2025,SSP2,1,Seychelles,billion USD_2017/yr,GDP|PPP,ANNUAL,,,,,,,,,,3.68008,4.41325,5.16045,5.87013,6.55419,7.23445,7.91133,8.5732,9.2421,9.9021,10.5495,11.1879,11.8265,12.4625,13.0883,13.6907
OECD ENV-Growth 2025,SSP2,1,Sierra Leone,billion USD_2010/yr,GDP|PPP,ANNUAL,,,,,,,,,,12.90923097,16.2644034,21.07861647,27.68047496,36.28437049,47.13816817,60.52231933,76.68065614,95.8390238,117.9968577,143.1681118,171.1011301,201.598298,234.6071872,270.3149265,308.8892866
OECD ENV-Growth 2025,SSP2,1,Sierra Leone,billion USD_2015/yr,GDP|PPP,ANNUAL,,,,,,,,,,16.55859066,20.86224956,27.03741086,35.50557388,46.54173742,60.46383651,77.63160436,98.35780296,122.9321226,151.3538389,183.6408508,219.4703604,258.5888889,300.9291867,346.7312829,396.2103759
OECD ENV-Growth 2025,SSP2,1,Sierra Leone,billion USD_2017/yr,GDP|PPP,ANNUAL,,,,,,,,,,16.0047,20.1644,26.133,34.3179,44.9849,58.4413,75.0348,95.0677,118.82,146.291,177.498,212.129,249.939,290.863,335.133,382.957
OECD ENV-Growth 2025,SSP2,1,Singapore,billion USD_2010/yr,GDP|PPP,ANNUAL,,,,,,,,,,621.1679561,704.9455189,778.0184281,822.5163362,845.08697,850.6293145,850.663074,847.1144688,840.2497166,828.2882453,810.3523079,786.7958968,758.4215235,726.2911653,691.4069968,654.6274739
OECD ENV-Growth 2025,SSP2,1,Singapore,billion USD_2015/yr,GDP|PPP,ANNUAL,,,,,,,,,,627.3187332,711.9258577,785.7223316,830.6608559,853.4549831,859.0522077,859.0863015,855.5025581,848.5698315,836.4899182,818.3763799,794.5867144,765.9313793,733.4828677,698.2532778,661.1095657
OECD ENV-Growth 2025,SSP2,1,Singapore,billion USD_2017/yr,GDP|PPP,ANNUAL,,,,,,,,,,643.993,730.849,806.607,852.74,876.14,881.886,881.921,878.242,871.125,858.724,840.129,815.707,786.29,752.979,716.813,678.682
OECD ENV-Growth 2025,SSP2,1,Slovakia,billion USD_2010/yr,GDP|PPP,ANNUAL,,,,,,,,,,188.1487992,208.7107567,229.3956083,249.5769907,267.1716517,283.8574914,299.709832,314.4868497,328.5968699,341.7415772,353.0854903,362.870433,371.5176147,379.6315949,387.5205996,394.9160461
OECD ENV-Growth 2025,SSP2,1,Slovakia,billion USD_2015/yr,GDP|PPP,ANNUAL,,,,,,,,,,198.0724101,219.7188755,241.4947168,262.7405343,281.2631979,298.8291058,315.5175531,331.0739612,345.9281921,359.7661962,371.7084261,382.0094601,391.1127238,399.654663,407.9597608,415.7452684
OECD ENV-Growth 2025,SSP2,1,Slovakia,billion USD_2017/yr,GDP|PPP,ANNUAL,,,,,,,,,,189.842,210.589,231.46,251.823,269.576,286.412,302.407,317.317,331.554,344.817,356.263,366.136,374.861,383.048,391.008,398.47
OECD ENV-Growth 2025,SSP2,1,Slovenia,billion USD_2010/yr,GDP|PPP,ANNUAL,,,,,,,,,,76.55180485,86.26085454,93.76067387,99.63938419,104.0696924,108.4048867,112.6007473,116.8007797,120.6245278,123.9910615,126.801095,129.0696464,130.9318777,132.5045954,133.7752846,134.5704039
OECD ENV-Growth 2025,SSP2,1,Slovenia,billion USD_2015/yr,GDP|PPP,ANNUAL,,,,,,,,,,85.85785334,96.74718725,105.1587249,111.7520828,116.7209631,121.5831669,126.2890989,130.9997097,135.2882932,139.0640807,142.2157171,144.7600458,146.8486599,148.6125656,150.0377265,150.9295049
OECD ENV-Growth 2025,SSP2,1,Slovenia,billion USD_2017/yr,GDP|PPP,ANNUAL,,,,,,,,,,91.7521,103.389,112.378,119.424,124.734,129.93,134.959,139.993,144.576,148.611,151.979,154.698,156.93,158.815,160.338,161.291
OECD ENV-Growth 2025,SSP2,1,Solomon Islands,billion USD_2010/yr,GDP|PPP,ANNUAL,,,,,,,,,,1.372332983,1.61153364,2.064377726,2.800449102,3.924261922,5.591364456,8.009071083,11.42612513,16.14666922,22.45474298,30.64876698,40.9780648,53.62483099,68.73421419,86.3212113,106.3914462
OECD ENV-Growth 2025,SSP2,1,Solomon Islands,billion USD_2015/yr,GDP|PPP,ANNUAL,,,,,,,,,,1.493809725,1.754184045,2.247113173,3.048340421,4.271631371,6.086303181,8.718021369,12.43754763,17.57594681,24.44240126,33.36174729,44.60537819,58.37161609,74.81845796,93.96222819,115.8090485
OECD ENV-Growth 2025,SSP2,1,Solomon Islands,billion USD_2017/yr,GDP|PPP,ANNUAL,,,,,,,,,,1.53733,1.80529,2.31258,3.13715,4.39608,6.26362,8.97201,12.7999,18.088,25.1545,34.3337,45.9049,60.0722,76.9982,96.6997,119.183
OECD ENV-Growth 2025,SSP2,1,Somalia,billion USD_2017/yr,GDP|PPP,ANNUAL,,,,,,,,,,28.2333,35.2756,47.3728,66.2277,94.3112,133.632,186.505,255.574,343.869,453.678,587.883,748.601,938.624,1160.96,1418.69,1714
OECD ENV-Growth 2025,SSP2,1,South Africa,billion USD_2010/yr,GDP|PPP,ANNUAL,,,,,,,,,,788.4155352,854.8582588,977.1122634,1144.425682,1349.724795,1584.636817,1847.625634,2137.411149,2450.276338,2781.726639,3128.063994,3488.510862,3863.721516,4251.827962,4647.738259,5047.981921
OECD ENV-Growth 2025,SSP2,1,South Africa,billion USD_2015/yr,GDP|PPP,ANNUAL,,,,,,,,,,813.1800079,881.7097262,1007.803782,1180.372588,1392.120234,1634.410945,1905.660354,2204.548157,2527.240576,2869.101875,3226.317836,3598.086496,3985.082679,4385.379716,4793.725726,5206.541215
OECD ENV-Growth 2025,SSP2,1,South Africa,billion USD_2017/yr,GDP|PPP,ANNUAL,,,,,,,,,,831.469,901.54,1030.47,1206.92,1423.43,1671.17,1948.52,2254.13,2584.08,2933.63,3298.88,3679.01,4074.71,4484.01,4901.54,5323.64
OECD ENV-Growth 2025,SSP2,1,South Korea,billion USD_2010/yr,GDP|PPP,ANNUAL,,,,,,,,,,2297.610442,2523.991548,2689.177598,2806.723409,2891.3372,2949.450357,2976.043263,2974.88063,2961.925586,2934.317683,2891.733971,2835.134081,2768.587226,2694.031127,2613.228186,2529.546346
OECD ENV-Growth 2025,SSP2,1,South Korea,billion USD_2015/yr,GDP|PPP,ANNUAL,,,,,,,,,,2430.625354,2670.112278,2844.861398,2969.212255,3058.724568,3120.202054,3148.334495,3147.104555,3133.399507,3104.193309,3059.144309,2999.267698,2928.868264,2849.99591,2764.515067,2675.988659
OECD ENV-Growth 2025,SSP2,1,South Korea,billion USD_2017/yr,GDP|PPP,ANNUAL,,,,,,,,,,2490.03,2735.37,2914.39,3041.78,3133.48,3196.46,3225.28,3224.02,3209.98,3180.06,3133.91,3072.57,3000.45,2919.65,2832.08,2741.39
OECD ENV-Growth 2025,SSP2,1,South Sudan,billion USD_2010/yr,GDP|PPP,ANNUAL,,,,,,,,,,219.3635388,283.4097511,354.4521252,436.1247778,544.4535498,688.661479,876.2604648,1109.820637,1395.902503,1742.996731,2165.517956,2673.075932,3274.079195,3974.633089,4783.591044,5728.344971
OECD ENV-Growth 2025,SSP2,1,South Sudan,billion USD_2015/yr,GDP|PPP,ANNUAL,,,,,,,,,,15.1911996,19.62647996,24.54625328,30.20218669,37.70408973,47.69066931,60.68213386,76.85646812,96.66799534,120.7047051,149.9648287,185.1138538,226.7340819,275.2483158,331.2696667,396.6950585
OECD ENV-Growth 2025,SSP2,1,South Sudan,billion USD_2017/yr,GDP|PPP,ANNUAL,,,,,,,,,,6.40987,8.28132,10.3572,12.7437,15.9091,20.1229,25.6046,32.4293,40.7887,50.9309,63.2771,78.1081,95.6696,116.14,139.778,167.384
OECD ENV-Growth 2025,SSP2,1,Spain,billion USD_2010/yr,GDP|PPP,ANNUAL,,,,,,,,,,1728.124008,1850.625184,2016.871929,2209.223395,2412.7723,2622.026042,2837.909958,3057.376376,3268.438347,3455.365124,3620.44034,3769.708406,3908.942071,4038.761058,4154.207593,4246.631038
OECD ENV-Growth 2025,SSP2,1,Spain,billion USD_2015/yr,GDP|PPP,ANNUAL,,,,,,,,,,1900.915238,2035.665031,2218.534414,2430.11867,2654.019972,2884.196524,3121.666187,3363.076558,3595.242141,3800.859306,3982.440022,4146.633065,4299.788391,4442.587687,4569.57746,4671.242117
OECD ENV-Growth 2025,SSP2,1,Spain,billion USD_2017/yr,GDP|PPP,ANNUAL,,,,,,,,,,2035.64,2179.94,2375.77,2602.35,2842.12,3088.61,3342.91,3601.43,3850.05,4070.24,4264.69,4440.52,4604.53,4757.45,4893.44,5002.31
OECD ENV-Growth 2025,SSP2,1,Sri Lanka,billion USD_2010/yr,GDP|PPP,ANNUAL,,,,,,,,,,245.723655,287.977107,334.6003972,383.4180418,435.1210557,490.6709291,551.6617589,618.0567029,689.3390725,764.4359524,842.9564564,924.5761939,1009.169362,1095.505793,1182.659941,1270.155552
OECD ENV-Growth 2025,SSP2,1,Sri Lanka,billion USD_2015/yr,GDP|PPP,ANNUAL,,,,,,,,,,268.7759115,314.9933181,365.9905138,419.3879245,475.9413918,536.7026069,603.4152149,676.0389173,754.008553,836.1505525,922.0373591,1011.31415,1103.84332,1198.279295,1293.6097,1389.313602
OECD ENV-Growth 2025,SSP2,1,Sri Lanka,billion USD_2017/yr,GDP|PPP,ANNUAL,,,,,,,,,,273.455,320.477,372.362,426.689,484.227,546.046,613.92,687.808,767.135,850.707,938.089,1028.92,1123.06,1219.14,1316.13,1413.5
OECD ENV-Growth 2025,SSP2,1,Sudan,billion USD_2010/yr,GDP|PPP,ANNUAL,,,,,,,,,,128.7257093,160.7665211,195.7199022,233.8178046,277.4052376,328.0922707,388.2918845,461.068734,549.1654604,653.4452988,775.689097,916.4567682,1076.520636,1255.69293,1454.406967,1671.345804
OECD ENV-Growth 2025,SSP2,1,Sudan,billion USD_2015/yr,GDP|PPP,ANNUAL,,,,,,,,,,142.1124765,177.4853568,216.0736976,258.1335728,306.2538595,362.2120658,428.672109,509.0173513,606.2756537,721.4000229,856.356505,1011.763241,1188.472873,1386.278102,1605.657308,1845.156593
OECD ENV-Growth 2025,SSP2,1,Sudan,billion USD_2017/yr,GDP|PPP,ANNUAL,,,,,,,,,,151.506,189.217,230.356,275.196,326.497,386.154,457.007,542.663,646.35,769.084,912.961,1078.64,1267.03,1477.91,1711.79,1967.12
OECD ENV-Growth 2025,SSP2,1,Suriname,billion USD_2010/yr,GDP|PPP,ANNUAL,,,,,,,,,,7.626111536,8.853467566,10.26928633,11.95334765,13.87962801,16.00986204,18.30578435,20.77494024,23.37644658,26.05486863,28.80866653,31.59664919,34.41057839,37.25977025,40.14884432,43.0937381
OECD ENV-Growth 2025,SSP2,1,Suriname,billion USD_2015/yr,GDP|PPP,ANNUAL,,,,,,,,,,8.824653736,10.24490466,11.88323768,13.83197105,16.06099132,18.52601921,21.18277546,24.03999117,27.05035793,30.14972869,33.3363216,36.56247184,39.81864646,43.11562572,46.45875521,49.86647719
OECD ENV-Growth 2025,SSP2,1,Suriname,billion USD_2017/yr,GDP|PPP,ANNUAL,,,,,,,,,,9.90498,11.4991,13.338,15.5253,18.0272,20.794,23.776,26.983,30.3619,33.8407,37.4174,41.0385,44.6933,48.3939,52.1463,55.9712
OECD ENV-Growth 2025,SSP2,1,Sweden,billion USD_2010/yr,GDP|PPP,ANNUAL,,,,,,,,,,527.2945207,598.6365878,657.9820927,711.3222451,762.4013302,813.118008,865.2931538,920.8148208,979.206576,1037.306638,1093.51511,1146.983431,1196.960268,1243.604726,1287.853762,1329.583625
OECD ENV-Growth 2025,SSP2,1,Sweden,billion USD_2015/yr,GDP|PPP,ANNUAL,,,,,,,,,,575.2140627,653.0395637,717.7782774,775.9658833,831.6869402,887.0126551,943.9293808,1004.496753,1068.195042,1131.575129,1192.891723,1251.219145,1305.737783,1356.621203,1404.891508,1450.413703
OECD ENV-Growth 2025,SSP2,1,Sweden,billion USD_2017/yr,GDP|PPP,ANNUAL,,,,,,,,,,596.541,677.252,744.391,804.736,862.523,919.9,978.927,1041.74,1107.8,1173.53,1237.12,1297.61,1354.15,1406.92,1456.98,1504.19
OECD ENV-Growth 2025,SSP2,1,Switzerland,billion USD_2010/yr,GDP|PPP,ANNUAL,,,,,,,,,,545.7690022,576.4259734,608.0172778,636.9590805,665.4295454,694.1569519,723.5008515,754.8994497,788.6530678,823.1508156,857.0170543,888.5007436,916.6642133,941.5658594,963.5727413,982.5680673
OECD ENV-Growth 2025,SSP2,1,Switzerland,billion USD_2015/yr,GDP|PPP,ANNUAL,,,,,,,,,,634.9963781,670.6654352,707.4215789,741.0950557,774.2201362,807.6441655,841.7854777,878.3174098,917.5893824,957.7271418,997.1301472,1033.761082,1066.528977,1095.501775,1121.106546,1143.207404
OECD ENV-Growth 2025,SSP2,1,Switzerland,billion USD_2017/yr,GDP|PPP,ANNUAL,,,,,,,,,,654.222,690.971,728.84,763.533,797.661,832.097,867.272,904.91,945.371,986.724,1027.32,1065.06,1098.82,1128.67,1155.05,1177.82
OECD ENV-Growth 2025,SSP2,1,Taiwan,billion USD_2010/yr,GDP|PPP,ANNUAL,,,,,,,,,,1380.545214,1546.714056,1643.236791,1654.059468,1612.702058,1541.776565,1457.128447,1369.381367,1285.63356,1206.074565,1132.088016,1065.569304,1008.082125,959.9581733,920.8884992,890.0163869
OECD ENV-Growth 2025,SSP2,1,Taiwan,billion USD_2015/yr,GDP|PPP,ANNUAL,,,,,,,,,,1482.129521,1660.525522,1764.150666,1775.769705,1731.369104,1655.224717,1564.347959,1470.144208,1380.234007,1294.820843,1215.390161,1143.976819,1082.259576,1030.594531,988.6500033,955.5062362
OECD ENV-Growth 2025,SSP2,1,Taiwan,billion USD_2017/yr,GDP|PPP,ANNUAL,,,,,,,,,,1456.74,1632.08,1733.93,1745.35,1701.71,1626.87,1537.55,1444.96,1356.59,1272.64,1194.57,1124.38,1063.72,1012.94,971.714,939.138
OECD ENV-Growth 2025,SSP2,1,Tajikistan,billion USD_2010/yr,GDP|PPP,ANNUAL,,,,,,,,,,46.72962455,58.43017461,72.99552025,90.4857845,111.0155709,135.2710411,164.0085003,197.5810986,235.9732701,278.693718,325.4398812,376.3781197,431.6650648,491.3921658,555.1479007,622.5557708
OECD ENV-Growth 2025,SSP2,1,Tajikistan,billion USD_2015/yr,GDP|PPP,ANNUAL,,,,,,,,,,48.22614069,60.30140086,75.33320166,93.3835916,114.5708444,139.6030959,169.2608722,203.9086329,243.5303137,287.6188838,335.8620929,388.4316284,445.4891378,507.1289991,572.9265113,642.4931183
OECD ENV-Growth 2025,SSP2,1,Tajikistan,billion USD_2017/yr,GDP|PPP,ANNUAL,,,,,,,,,,48.033,60.0599,75.0315,93.0096,114.112,139.044,168.583,203.092,242.555,286.467,334.517,386.876,443.705,505.098,570.632,639.92
OECD ENV-Growth 2025,SSP2,1,Tanzania,billion USD_2010/yr,GDP|PPP,ANNUAL,,,,,,,,,,217.7309221,305.787558,419.3844932,553.4084736,716.4830512,916.7705254,1164.444423,1470.990346,1847.835723,2300.891649,2841.263506,3474.613065,4207.00725,5048.356757,6002.432637,7068.403805
OECD ENV-Growth 2025,SSP2,1,Tanzania,billion USD_2015/yr,GDP|PPP,ANNUAL,,,,,,,,,,209.2302829,293.8490163,403.010906,531.8023293,688.5101578,880.978019,1118.982245,1413.560019,1775.692619,2211.060359,2730.335047,3338.957406,4042.757496,4851.25908,5768.08598,6792.439558
OECD ENV-Growth 2025,SSP2,1,Tanzania,billion USD_2017/yr,GDP|PPP,ANNUAL,,,,,,,,,,209.587,294.35,403.698,532.709,689.684,882.48,1120.89,1415.97,1778.72,2214.83,2734.99,3344.65,4049.65,4859.53,5777.92,6804.02
OECD ENV-Growth 2025,SSP2,1,Thailand,billion USD_2010/yr,GDP|PPP,ANNUAL,,,,,,,,,,1257.373233,1458.6941,1657.503611,1841.721598,2015.041771,2179.48971,2327.53135,2464.363548,2591.223648,2701.072525,2798.932889,2883.998173,2959.577134,3027.732015,3090.790861,3150.962566
OECD ENV-Growth 2025,SSP2,1,Thailand,billion USD_2015/yr,GDP|PPP,ANNUAL,,,,,,,,,,1332.860651,1546.267979,1757.013179,1952.290843,2136.016432,2310.337136,2467.266576,2612.313605,2746.789854,2863.233597,2966.969087,3057.141334,3137.257738,3209.504353,3276.348988,3340.133149
OECD ENV-Growth 2025,SSP2,1,Thailand,billion USD_2017/yr,GDP|PPP,ANNUAL,,,,,,,,,,1371.85,1591.5,1808.41,2009.4,2198.5,2377.92,2539.44,2688.73,2827.14,2946.99,3053.76,3146.57,3229.03,3303.39,3372.19,3437.84
OECD ENV-Growth 2025,SSP2,1,Timor-Leste,billion USD_2010/yr,GDP|PPP,ANNUAL,,,,,,,,,,2.802240097,3.28860459,4.05568818,5.130201455,6.592369968,8.532113335,11.03421272,14.1854859,18.09948804,22.84549116,28.44888605,34.9005615,42.13894983,50.19265759,59.06865215,68.74341856
OECD ENV-Growth 2025,SSP2,1,Timor-Leste,billion USD_2015/yr,GDP|PPP,ANNUAL,,,,,,,,,,3.739971722,4.389091494,5.412869199,6.846953761,8.798417127,11.38726929,14.72666228,18.93246627,24.15623613,30.49042479,37.96891975,46.57956084,56.24017762,66.9889494,78.8351751,91.74747082
OECD ENV-Growth 2025,SSP2,1,Timor-Leste,billion USD_2017/yr,GDP|PPP,ANNUAL,,,,,,,,,,4.18281,4.90879,6.05379,7.65768,9.84021,12.7356,16.4704,21.1742,27.0165,34.1007,42.4647,52.0949,62.8994,74.9209,88.1698,102.611
OECD ENV-Growth 2025,SSP2,1,Togo,billion USD_2010/yr,GDP|PPP,ANNUAL,,,,,,,,,,22.17891806,29.30391255,38.94400689,50.67821325,65.25467264,83.37392595,105.7453903,133.0666805,166.0385323,205.1681601,250.8262204,303.1346397,362.0446475,427.6771947,500.0937324,579.6044416
OECD ENV-Growth 2025,SSP2,1,Togo,billion USD_2015/yr,GDP|PPP,ANNUAL,,,,,,,,,,22.76724107,30.08123478,39.97704445,52.02251503,66.98563289,85.58552162,108.5504165,136.5964374,170.4429081,210.6104972,257.4796936,311.1756579,371.6483259,439.021857,513.3593322,594.9791605
OECD ENV-Growth 2025,SSP2,1,Togo,billion USD_2017/yr,GDP|PPP,ANNUAL,,,,,,,,,,22.738,30.0426,39.9257,51.9557,66.8996,85.4756,108.411,136.421,170.224,210.34,257.149,310.776,371.171,438.458,512.7,594.215
OECD ENV-Growth 2025,SSP2,1,Tonga,billion USD_2010/yr,GDP|PPP,ANNUAL,,,,,,,,,,0.543147387,0.585084694,0.664807346,0.774533541,0.916233942,1.094950345,1.316257373,1.583957122,1.906778351,2.284051675,2.715098788,3.202499045,3.750679301,4.365824658,5.051308806,5.811344399
OECD ENV-Growth 2025,SSP2,1,Tonga,billion USD_2015/yr,GDP|PPP,ANNUAL,,,,,,,,,,0.591097734,0.636737366,0.723498124,0.842911209,0.99712126,1.191615173,1.432459713,1.723792635,2.075113292,2.485693206,2.954794185,3.4852233,4.081798217,4.751250072,5.497250397,6.324383744
OECD ENV-Growth 2025,SSP2,1,Tonga,billion USD_2017/yr,GDP|PPP,ANNUAL,,,,,,,,,,0.608561,0.655549,0.744873,0.867814,1.02658,1.22682,1.47478,1.77472,2.13642,2.55913,3.04209,3.58819,4.20239,4.89162,5.65966,6.51123
OECD ENV-Growth 2025,SSP2,1,Trinidad and Tobago,billion USD_2010/yr,GDP|PPP,ANNUAL,,,,,,,,,,39.67397037,42.63344972,45.74848995,49.23836287,52.94580865,57.04751897,61.69958562,67.03176656,72.81640136,78.75256201,84.82283419,91.12034205,97.80202688,104.9738612,112.577231,120.5103049
OECD ENV-Growth 2025,SSP2,1,Trinidad and Tobago,billion USD_2015/yr,GDP|PPP,ANNUAL,,,,,,,,,,34.32477007,36.88522589,39.58026847,42.59960544,45.80718015,49.35586112,53.38069445,57.99394296,62.99864144,68.13443571,73.38625938,78.83468078,84.61548098,90.82034432,97.39855962,104.2620254
OECD ENV-Growth 2025,SSP2,1,Trinidad and Tobago,billion USD_2017/yr,GDP|PPP,ANNUAL,,,,,,,,,,37.3631,40.1502,43.0838,46.3704,49.8619,53.7247,58.1058,63.1274,68.5751,74.1655,79.8822,85.8129,92.1054,98.8595,106.02,113.491
OECD ENV-Growth 2025,SSP2,1,Tunisia,billion USD_2010/yr,GDP|PPP,ANNUAL,,,,,,,,,,125.9499433,143.3740639,164.4818403,189.7189912,218.796112,251.4916833,288.5667319,330.4991326,376.9860824,427.4210824,480.3187009,534.8634244,591.27052,649.7373902,710.0809239,771.3980719
OECD ENV-Growth 2025,SSP2,1,Tunisia,billion USD_2015/yr,GDP|PPP,ANNUAL,,,,,,,,,,136.7625654,155.6825218,178.6023705,206.0060946,237.5794446,273.0818838,313.3397722,358.8720093,409.3497972,464.1145696,521.5533728,580.7806827,642.0302466,705.5164137,771.0403534,837.6214906
OECD ENV-Growth 2025,SSP2,1,Tunisia,billion USD_2017/yr,GDP|PPP,ANNUAL,,,,,,,,,,141.006,160.513,184.144,212.398,244.951,281.555,323.062,370.007,422.051,478.515,537.736,598.801,661.951,727.407,794.964,863.611
OECD ENV-Growth 2025,SSP2,1,Turkey,billion USD_2010/yr,GDP|PPP,ANNUAL,,,,,,,,,,2735.189452,3309.459333,3879.665261,4405.553077,4904.026726,5366.31017,5802.834807,6207.66236,6561.436499,6850.266214,7083.128985,7267.355694,7417.870861,7547.12034,7661.10372,7760.539197
OECD ENV-Growth 2025,SSP2,1,Turkey,billion USD_2015/yr,GDP|PPP,ANNUAL,,,,,,,,,,3098.200432,3748.686705,4394.569661,4990.252662,5554.88312,6078.520254,6572.979904,7031.535672,7432.26228,7759.425118,8023.19315,8231.870202,8402.361556,8548.764868,8677.875981,8790.508413
OECD ENV-Growth 2025,SSP2,1,Turkey,billion USD_2017/yr,GDP|PPP,ANNUAL,,,,,,,,,,3122.89,3778.56,4429.59,5030.02,5599.15,6126.96,6625.36,7087.57,7491.49,7821.26,8087.13,8297.47,8469.32,8616.89,8747.03,8860.56
OECD ENV-Growth 2025,SSP2,1,Turkmenistan,billion USD_2010/yr,GDP|PPP,ANNUAL,,,,,,,,,,108.6370234,120.418845,135.9760346,150.2268335,163.6573404,177.8473769,192.5863,209.4012704,228.124179,247.5428165,267.1285506,287.8242104,310.2131146,334.819845,361.5066735,389.822946
OECD ENV-Growth 2025,SSP2,1,Turkmenistan,billion USD_2015/yr,GDP|PPP,ANNUAL,,,,,,,,,,104.2834154,115.5930828,130.5268209,144.2065217,157.0988037,170.7201772,184.8684407,201.0095544,218.982146,237.6225853,256.4234248,276.28971,297.7813832,321.4020035,347.0193625,374.2008657
OECD ENV-Growth 2025,SSP2,1,Turkmenistan,billion USD_2017/yr,GDP|PPP,ANNUAL,,,,,,,,,,107.274,118.908,134.27,148.342,161.604,175.616,190.17,206.774,225.262,244.437,263.777,284.213,306.321,330.619,356.971,384.932
OECD ENV-Growth 2025,SSP2,1,Uganda,billion USD_2010/yr,GDP|PPP,ANNUAL,,,,,,,,,,154.8468381,214.8557628,292.9974593,383.2349489,491.824716,624.3647281,786.2058651,983.8861763,1225.082612,1513.290022,1854.316686,2251.667799,2711.526294,3238.879888,3836.360351,4504.254994
OECD ENV-Growth 2025,SSP2,1,Uganda,billion USD_2015/yr,GDP|PPP,ANNUAL,,,,,,,,,,137.7229857,191.0957789,260.596118,340.8546279,437.4359151,555.3188916,699.2627065,875.0823939,1089.605942,1345.941723,1649.255701,2002.665446,2411.670148,2880.705954,3412.113597,4006.148615
OECD ENV-Growth 2025,SSP2,1,Uganda,billion USD_2017/yr,GDP|PPP,ANNUAL,,,,,,,,,,134.738,186.954,254.948,333.467,427.955,543.283,684.107,856.116,1065.99,1316.77,1613.51,1959.26,2359.4,2818.27,3338.16,3919.32
OECD ENV-Growth 2025,SSP2,1,Ukraine,billion USD_2010/yr,GDP|PPP,ANNUAL,,,,,,,,,,298.6921655,372.6979405,451.2605367,529.7341408,605.3670016,681.0552197,759.2015847,841.7751365,926.4088228,1010.993458,1094.064526,1176.294722,1260.192646,1347.51712,1437.623476,1528.563696
OECD ENV-Growth 2025,SSP2,1,Ukraine,billion USD_2015/yr,GDP|PPP,ANNUAL,,,,,,,,,,385.9767779,481.6087158,583.1290811,684.5344486,782.2689435,880.0749724,981.0574743,1087.760887,1197.126453,1306.428633,1413.774947,1520.034668,1628.449465,1741.292127,1857.7296,1975.244612
OECD ENV-Growth 2025,SSP2,1,Ukraine,billion USD_2017/yr,GDP|PPP,ANNUAL,,,,,,,,,,426.261,531.874,643.99,755.979,863.914,971.928,1083.45,1201.29,1322.07,1442.78,1561.33,1678.68,1798.41,1923.03,2051.62,2181.4
OECD ENV-Growth 2025,SSP2,1,United Arab Emirates,billion USD_2010/yr,GDP|PPP,ANNUAL,,,,,,,,,,948.1182049,1174.748873,1387.227915,1548.635916,1668.656635,1753.190574,1814.026765,1862.212188,1893.725406,1901.181819,1884.006935,1853.870101,1818.120012,1784.751667,1759.689503,1742.849739
OECD ENV-Growth 2025,SSP2,1,United Arab Emirates,billion USD_2015/yr,GDP|PPP,ANNUAL,,,,,,,,,,811.1291395,1005.015026,1186.793988,1324.880918,1427.560418,1499.880452,1551.926712,1593.150054,1620.110078,1626.489149,1611.795783,1586.013276,1555.428546,1526.881434,1505.440381,1491.033714
OECD ENV-Growth 2025,SSP2,1,United Arab Emirates,billion USD_2017/yr,GDP|PPP,ANNUAL,,,,,,,,,,792.174,981.529,1159.06,1293.92,1394.2,1464.83,1515.66,1555.92,1582.25,1588.48,1574.13,1548.95,1519.08,1491.2,1470.26,1456.19
OECD ENV-Growth 2025,SSP2,1,United Kingdom,billion USD_2010/yr,GDP|PPP,ANNUAL,,,,,,,,,,2833.979984,3087.212443,3376.099822,3717.61404,4104.693598,4517.23103,4946.81855,5399.362454,5870.823879,6339.801184,6795.567495,7230.131938,7640.332909,8025.701377,8384.543627,8709.442043
OECD ENV-Growth 2025,SSP2,1,United Kingdom,billion USD_2015/yr,GDP|PPP,ANNUAL,,,,,,,,,,3105.539566,3383.037439,3699.606784,4073.845812,4498.016374,4950.084252,5420.836003,5916.743881,6433.382006,6947.297978,7446.737042,7922.942618,8372.450149,8794.74566,9187.973138,9544.004195
OECD ENV-Growth 2025,SSP2,1,United Kingdom,billion USD_2017/yr,GDP|PPP,ANNUAL,,,,,,,,,,3262.8,3554.35,3886.95,4280.14,4725.79,5200.75,5695.34,6216.36,6759.16,7299.1,7823.83,8324.15,8796.42,9240.1,9653.24,10027.3
OECD ENV-Growth 2025,SSP2,1,United States,billion USD_2010/yr,GDP|PPP,ANNUAL,,,,,,,,,,20683.63651,22689.95696,24494.87453,26190.35155,27839.93704,29474.10584,31136.68795,32847.85055,34608.13144,36349.67925,38059.04922,39727.7263,41359.74394,42961.82452,44536.29847,46063.62605
OECD ENV-Growth 2025,SSP2,1,United States,billion USD_2015/yr,GDP|PPP,ANNUAL,,,,,,,,,,22456.81172,24635.13082,26594.7811,28435.60866,30226.61049,32000.87398,33805.98661,35663.84445,37575.03141,39465.87935,41321.79088,43133.52099,44905.4489,46644.87329,48354.32439,50012.58733
OECD ENV-Growth 2025,SSP2,1,United States,billion USD_2017/yr,GDP|PPP,ANNUAL,,,,,,,,,,23076.2,25314.6,27328.3,29219.9,31060.3,32883.5,34738.4,36647.5,38611.4,40554.4,42461.5,44323.2,46144,47931.4,49688,51392
OECD ENV-Growth 2025,SSP2,1,United States Virgin Islands,billion USD_2017/yr,GDP|PPP,ANNUAL,,,,,,,,,,3.24045,3.4656,3.67637,3.95129,4.26873,4.61537,4.9909,5.40709,5.86291,6.34378,6.84525,7.36694,7.9156,8.49313,9.10007,9.73313
OECD ENV-Growth 2025,SSP2,1,Uruguay,billion USD_2010/yr,GDP|PPP,ANNUAL,,,,,,,,,,84.40568377,94.64985286,104.2687556,113.1651117,121.7011353,129.8674182,137.7627461,145.1443884,152.1685207,158.2066777,163.2682678,167.3100134,170.5605326,173.166593,175.2156902,176.8404794
OECD ENV-Growth 2025,SSP2,1,Uruguay,billion USD_2015/yr,GDP|PPP,ANNUAL,,,,,,,,,,87.28635555,97.8801467,107.8273319,117.0273107,125.8546592,134.2996482,142.4644348,150.0980044,157.3618624,163.6060951,168.8404316,173.0201174,176.3815733,179.0765755,181.1956062,182.8758476
OECD ENV-Growth 2025,SSP2,1,Uruguay,billion USD_2017/yr,GDP|PPP,ANNUAL,,,,,,,,,,89.7154,100.604,110.828,120.284,129.357,138.037,146.429,154.275,161.741,168.159,173.539,177.835,181.29,184.06,186.238,187.965
OECD ENV-Growth 2025,SSP2,1,Uzbekistan,billion USD_2010/yr,GDP|PPP,ANNUAL,,,,,,,,,,373.0682168,486.9089387,617.8233948,756.41402,899.5670632,1049.735984,1211.503074,1389.097294,1581.796519,1786.906581,2000.849979,2223.770255,2459.730743,2711.613319,2979.086733,3258.794317
OECD ENV-Growth 2025,SSP2,1,Uzbekistan,billion USD_2015/yr,GDP|PPP,ANNUAL,,,,,,,,,,352.6032492,460.1991435,583.9321782,714.9202992,850.2205631,992.1518423,1145.045064,1312.897206,1495.025754,1688.884333,1891.091688,2101.783486,2324.800165,2562.865513,2815.66645,3080.030442
OECD ENV-Growth 2025,SSP2,1,Uzbekistan,billion USD_2017/yr,GDP|PPP,ANNUAL,,,,,,,,,,337.873,440.974,559.538,685.054,814.702,950.704,1097.21,1258.05,1432.57,1618.33,1812.09,2013.98,2227.68,2455.8,2698.04,2951.36
OECD ENV-Growth 2025,SSP2,1,Vanuatu,billion USD_2010/yr,GDP|PPP,ANNUAL,,,,,,,,,,0.759414779,0.893778278,1.168061993,1.567599438,2.137640465,2.949674485,4.100154188,5.716841236,7.953817174,10.93627326,14.80455543,19.67217208,25.64658047,32.797485,41.17522277,50.79282432
OECD ENV-Growth 2025,SSP2,1,Vanuatu,billion USD_2015/yr,GDP|PPP,ANNUAL,,,,,,,,,,0.82673494,0.973009417,1.271607675,1.706563084,2.327136778,3.211155519,4.46362228,6.223624464,8.658902548,11.90574567,16.11694107,21.41605939,27.92008367,35.70489744,44.82530005,55.29547717
OECD ENV-Growth 2025,SSP2,1,Vanuatu,billion USD_2017/yr,GDP|PPP,ANNUAL,,,,,,,,,,0.850883,1.00143,1.30875,1.75641,2.39511,3.30495,4.594,6.40541,8.91182,12.2535,16.5877,22.0416,28.7356,36.7478,46.1346,56.9106
OECD ENV-Growth 2025,SSP2,1,Viet Nam,billion USD_2010/yr,GDP|PPP,ANNUAL,,,,,,,,,,1129.95488,1571.066734,2061.218484,2519.753864,2948.070849,3349.664372,3737.585031,4109.84668,4467.429604,4804.68224,5104.257779,5367.213226,5604.809088,5829.754994,6052.441978,6277.583941
OECD ENV-Growth 2025,SSP2,1,Viet Nam,billion USD_2015/yr,GDP|PPP,ANNUAL,,,,,,,,,,1244.417388,1730.213122,2270.01641,2775.000644,3246.705411,3688.979676,4116.196038,4526.167158,4919.972624,5291.388378,5621.31041,5910.902796,6172.566716,6420.299259,6665.544056,6913.492517
OECD ENV-Growth 2025,SSP2,1,Viet Nam,billion USD_2017/yr,GDP|PPP,ANNUAL,,,,,,,,,,1325.58,1843.06,2418.07,2955.99,3458.46,3929.58,4384.66,4821.37,5240.86,5636.5,5987.94,6296.42,6575.15,6839.04,7100.28,7364.4
OECD ENV-Growth 2025,SSP2,1,Western Sahara,billion USD_2017/yr,GDP|PPP,ANNUAL,,,,,,,,,,1.14956,1.26889,1.48413,1.77516,2.1527,2.64181,3.28015,4.11248,5.1777,6.50342,8.13924,10.1405,12.5496,15.3971,18.6934,22.4255
OECD ENV-Growth 2025,SSP2,1,Yemen,billion USD_2010/yr,GDP|PPP,ANNUAL,,,,,,,,,,57.34164284,75.84841873,100.1015488,134.2967137,180.290162,239.4286667,313.5232468,404.3260862,512.8447366,638.4982012,779.4386887,933.989398,1100.85136,1279.461962,1469.554609,1670.991406
OECD ENV-Growth 2025,SSP2,1,Yemen,billion USD_2015/yr,GDP|PPP,ANNUAL,,,,,,,,,,60.60512377,80.16517451,105.7986213,141.9399332,190.5510034,253.0552537,331.3667735,427.3374686,542.0322334,674.8370048,823.7988286,987.1454716,1163.504036,1352.279892,1553.191269,1766.092424
OECD ENV-Growth 2025,SSP2,1,Yemen,billion USD_2017/yr,GDP|PPP,ANNUAL,,,,,,,,,,62.3754,82.5068,108.889,146.086,196.117,260.447,341.046,439.82,557.865,694.549,847.862,1015.98,1197.49,1391.78,1598.56,1817.68
OECD ENV-Growth 2025,SSP2,1,Zambia,billion USD_2010/yr,GDP|PPP,ANNUAL,,,,,,,,,,75.80539417,97.39798582,125.2595585,157.8930983,197.2399514,245.0511956,303.165412,373.3489405,457.1127345,554.9940219,668.3022956,796.8421999,940.7958634,1099.729841,1272.904426,1460.832428
OECD ENV-Growth 2025,SSP2,1,Zambia,billion USD_2015/yr,GDP|PPP,ANNUAL,,,,,,,,,,74.2368017,95.38259167,122.6676427,154.6259176,193.1585914,239.9805082,296.8922042,365.6234699,447.6539934,543.509886,654.4735441,780.3536546,921.328577,1076.973835,1246.56503,1430.604358
OECD ENV-Growth 2025,SSP2,1,Zambia,billion USD_2017/yr,GDP|PPP,ANNUAL,,,,,,,,,,74.5033,95.725,123.108,155.181,193.852,240.842,297.958,366.936,449.261,545.461,656.823,783.155,924.636,1080.84,1251.04,1435.74
OECD ENV-Growth 2025,SSP2,1,Zimbabwe,billion USD_2010/yr,GDP|PPP,ANNUAL,,,,,,,,,,40.71155947,48.34811368,58.91350365,69.97963242,82.01085183,95.56969576,111.0627988,128.9791891,149.9435092,174.3959576,203.1792894,237.0264718,276.6401492,323.0721972,377.3347586,440.4744809
OECD ENV-Growth 2025,SSP2,1,Zimbabwe,billion USD_2015/yr,GDP|PPP,ANNUAL,,,,,,,,,,45.81922289,54.41385753,66.30477903,78.75926191,92.2999155,107.5598491,124.9967135,145.1608902,168.7553893,196.2756366,228.670119,266.7637615,311.3473622,363.6047649,424.6750955,495.7363137
OECD ENV-Growth 2025,SSP2,1,Zimbabwe,billion USD_2017/yr,GDP|PPP,ANNUAL,,,,,,,,,,38.936,46.2395,56.3441,66.9276,78.4341,91.4016,106.219,123.354,143.404,166.79,194.318,226.689,264.575,308.982,360.878,421.264
OECD ENV-Growth 2025,SSP3,1,Albania,billion USD_2010/yr,GDP|PPP,ANNUAL,,,,,,,,,,43.10539394,50.99186305,57.21784166,61.59405381,64.45570511,66.46287785,68.06466101,69.47549086,70.9784868,72.55449171,73.77851748,74.60845374,75.15244558,75.67118885,76.36905568,77.3887976
OECD ENV-Growth 2025,SSP3,1,Albania,billion USD_2015/yr,GDP|PPP,ANNUAL,,,,,,,,,,46.77538526,55.33330799,62.08936614,66.8381688,69.94346097,72.1215243,73.85968321,75.39063105,77.021592,78.7317779,80.06001717,80.96061416,81.55092144,82.11383049,82.87111368,83.97767638
OECD ENV-Growth 2025,SSP3,1,Albania,billion USD_2017/yr,GDP|PPP,ANNUAL,,,,,,,,,,48.8271,57.7604,64.8128,69.7699,73.0114,75.285,77.0994,78.6975,80.4,82.1852,83.5717,84.5118,85.128,85.7156,86.5061,87.6612
OECD ENV-Growth 2025,SSP3,1,Algeria,billion USD_2010/yr,GDP|PPP,ANNUAL,,,,,,,,,,659.7363499,725.5839364,805.8250949,867.0970483,915.06955,964.9315648,1022.442707,1086.47607,1155.224714,1221.395315,1285.718905,1349.156027,1415.191836,1486.048575,1560.754772,1636.383867
OECD ENV-Growth 2025,SSP3,1,Algeria,billion USD_2015/yr,GDP|PPP,ANNUAL,,,,,,,,,,567.6783715,624.3377486,693.3822544,746.1044709,787.3830084,830.2874009,879.7735808,934.8718863,994.0275152,1050.964834,1106.312869,1160.898132,1217.719468,1278.689033,1342.970911,1408.04691
OECD ENV-Growth 2025,SSP3,1,Algeria,billion USD_2017/yr,GDP|PPP,ANNUAL,,,,,,,,,,543.288,597.513,663.591,714.048,753.553,794.614,841.974,894.705,951.319,1005.81,1058.78,1111.02,1165.4,1223.75,1285.27,1347.55
OECD ENV-Growth 2025,SSP3,1,Angola,billion USD_2010/yr,GDP|PPP,ANNUAL,,,,,,,,,,194.6208842,233.7907406,283.9415979,338.3296987,400.8005363,475.3101856,563.7076724,664.2408368,775.6332769,895.0244461,1021.310244,1151.187798,1282.0683,1412.160159,1537.957341,1656.528149
OECD ENV-Growth 2025,SSP3,1,Angola,billion USD_2015/yr,GDP|PPP,ANNUAL,,,,,,,,,,207.4632321,249.2177696,302.6779057,360.6548861,427.2479546,506.6742337,600.9047598,708.0717543,826.8145899,954.0839626,1088.702916,1227.150633,1366.667479,1505.343643,1639.441738,1765.836618
OECD ENV-Growth 2025,SSP3,1,Angola,billion USD_2017/yr,GDP|PPP,ANNUAL,,,,,,,,,,227.037,272.731,331.235,394.682,467.558,554.478,657.599,774.877,904.823,1044.1,1191.42,1342.93,1495.61,1647.37,1794.12,1932.44
OECD ENV-Growth 2025,SSP3,1,Antigua and Barbuda,billion USD_2010/yr,GDP|PPP,ANNUAL,,,,,,,,,,2.641210297,3.041161765,3.423146662,3.725317875,3.959121026,4.165210148,4.365797221,4.568988144,4.781190655,4.988321318,5.196165209,5.403794,5.61515875,5.833904851,6.060032303,6.293201472
OECD ENV-Growth 2025,SSP3,1,Antigua and Barbuda,billion USD_2015/yr,GDP|PPP,ANNUAL,,,,,,,,,,2.372306384,2.731538445,3.074633129,3.346040029,3.556039478,3.741146488,3.921311616,4.103815495,4.294413484,4.480455995,4.667139119,4.853629042,5.043474564,5.239949934,5.443055154,5.652485168
OECD ENV-Growth 2025,SSP3,1,Antigua and Barbuda,billion USD_2017/yr,GDP|PPP,ANNUAL,,,,,,,,,,2.333,2.68628,3.02369,3.2906,3.49712,3.67916,3.85634,4.03582,4.22326,4.40622,4.58981,4.77321,4.95991,5.15313,5.35287,5.55883
OECD ENV-Growth 2025,SSP3,1,Argentina,billion USD_2010/yr,GDP|PPP,ANNUAL,,,,,,,,,,787.8266549,890.5980061,978.2170725,1063.716509,1149.922488,1242.794551,1342.148383,1442.170358,1542.491847,1642.145191,1739.878581,1836.137445,1933.033733,2032.418284,2135.143556,2242.215607
OECD ENV-Growth 2025,SSP3,1,Argentina,billion USD_2015/yr,GDP|PPP,ANNUAL,,,,,,,,,,861.737401,974.1503495,1069.989486,1163.510137,1257.803617,1359.388566,1468.063377,1577.469014,1687.202264,1796.204686,1903.107031,2008.396517,2114.383228,2223.09164,2335.454186,2452.571308
OECD ENV-Growth 2025,SSP3,1,Argentina,billion USD_2017/yr,GDP|PPP,ANNUAL,,,,,,,,,,1025.84,1159.66,1273.75,1385.08,1497.33,1618.26,1747.63,1877.87,2008.5,2138.26,2265.52,2390.86,2517.03,2646.44,2780.2,2919.62
OECD ENV-Growth 2025,SSP3,1,Armenia,billion USD_2010/yr,GDP|PPP,ANNUAL,,,,,,,,,,42.43829227,52.87211086,62.30028847,69.5201837,74.82227908,79.14180049,83.20232383,87.40861452,91.80025072,95.64070662,98.38932375,100.7543,103.1880725,105.9714925,109.067329,112.3185642
OECD ENV-Growth 2025,SSP3,1,Armenia,billion USD_2015/yr,GDP|PPP,ANNUAL,,,,,,,,,,46.17902443,57.53253415,67.79176044,75.64805485,81.41750454,86.11777107,90.53621009,95.11326516,99.89200304,104.0709767,107.0618713,109.6353088,112.2836068,115.3123719,118.6810915,122.2189076
OECD ENV-Growth 2025,SSP3,1,Armenia,billion USD_2017/yr,GDP|PPP,ANNUAL,,,,,,,,,,52.4338,65.3251,76.9739,85.8943,92.4452,97.7821,102.799,107.996,113.422,118.167,121.563,124.485,127.492,130.931,134.756,138.773
OECD ENV-Growth 2025,SSP3,1,Aruba,billion USD_2010/yr,GDP|PPP,ANNUAL,,,,,,,,,,4.47251413,4.73598448,4.992088699,5.189846946,5.347081759,5.50821343,5.699431564,5.927596965,6.173584902,6.41251768,6.652636035,6.901626788,7.16087959,7.426711377,7.692329371,7.953321668
OECD ENV-Growth 2025,SSP3,1,Aruba,billion USD_2015/yr,GDP|PPP,ANNUAL,,,,,,,,,,4.500160567,4.765259534,5.022946838,5.22192751,5.380134255,5.542261947,5.734662079,5.964237862,6.211746351,6.45215607,6.693758696,6.944288562,7.205143912,7.472618913,7.739878801,8.002484398
OECD ENV-Growth 2025,SSP3,1,Aruba,billion USD_2017/yr,GDP|PPP,ANNUAL,,,,,,,,,,4.60237,4.87349,5.13703,5.34053,5.50233,5.66814,5.86491,6.0997,6.35283,6.5987,6.84579,7.10201,7.36879,7.64234,7.91567,8.18424
OECD ENV-Growth 2025,SSP3,1,Australia,billion USD_2010/yr,GDP|PPP,ANNUAL,,,,,,,,,,1291.732413,1466.147883,1618.366486,1746.911412,1855.971427,1953.279632,2040.626098,2122.280141,2200.425647,2271.688334,2335.602783,2391.864683,2442.550515,2490.971909,2539.679713,2588.047405
OECD ENV-Growth 2025,SSP3,1,Australia,billion USD_2015/yr,GDP|PPP,ANNUAL,,,,,,,,,,1383.37111,1570.160046,1733.177413,1870.841635,1987.638638,2091.850128,2185.393168,2272.839951,2356.529293,2432.847531,2501.29623,2561.549488,2615.831099,2667.687626,2719.850883,2771.649898
OECD ENV-Growth 2025,SSP3,1,Australia,billion USD_2017/yr,GDP|PPP,ANNUAL,,,,,,,,,,1443.22,1638.09,1808.16,1951.78,2073.63,2182.35,2279.94,2371.17,2458.48,2538.1,2609.51,2672.37,2729,2783.1,2837.52,2891.56
OECD ENV-Growth 2025,SSP3,1,Austria,billion USD_2010/yr,GDP|PPP,ANNUAL,,,,,,,,,,417.1791408,457.3286573,478.0870033,492.0370596,501.5707746,507.2471891,510.3539631,512.1844364,513.5386296,513.9142985,512.960927,510.0561866,505.5002879,500.012925,494.2480701,488.1740794
OECD ENV-Growth 2025,SSP3,1,Austria,billion USD_2015/yr,GDP|PPP,ANNUAL,,,,,,,,,,485.0390059,531.7193878,555.8543612,572.073584,583.1580875,589.7578481,593.3699812,595.4982059,597.072677,597.5094536,596.4010033,593.0237673,587.7267897,581.3468325,574.6442455,567.5822376
OECD ENV-Growth 2025,SSP3,1,Austria,billion USD_2017/yr,GDP|PPP,ANNUAL,,,,,,,,,,514.16,563.643,589.227,606.42,618.17,625.166,628.995,631.251,632.92,633.383,632.208,628.628,623.013,616.25,609.145,601.659
OECD ENV-Growth 2025,SSP3,1,Azerbaijan,billion USD_2010/yr,GDP|PPP,ANNUAL,,,,,,,,,,171.6570573,194.1350039,212.1868635,223.7306895,231.2406793,238.2970315,245.0214792,251.3817684,257.0772081,261.9090719,266.277934,270.7269111,275.7169236,281.1584928,286.6520847,292.1997801
OECD ENV-Growth 2025,SSP3,1,Azerbaijan,billion USD_2015/yr,GDP|PPP,ANNUAL,,,,,,,,,,165.8788577,187.6001674,205.0443779,216.1996238,223.4568175,230.2756438,236.7737379,242.9199314,248.4236553,253.0928722,257.3146728,261.6138914,266.4359337,271.6943326,277.003003,282.3639558
OECD ENV-Growth 2025,SSP3,1,Azerbaijan,billion USD_2017/yr,GDP|PPP,ANNUAL,,,,,,,,,,164.983,186.587,203.937,215.032,222.25,229.032,235.495,241.608,247.082,251.726,255.925,260.201,264.997,270.227,275.507,280.839
OECD ENV-Growth 2025,SSP3,1,Bahamas,billion USD_2010/yr,GDP|PPP,ANNUAL,,,,,,,,,,13.03136071,14.09001488,14.9995688,15.62969784,16.07614897,16.46669814,16.83218488,17.1659825,17.4776912,17.77419253,18.05710067,18.32862452,18.59759965,18.86581016,19.14854839,19.45889777
OECD ENV-Growth 2025,SSP3,1,Bahamas,billion USD_2015/yr,GDP|PPP,ANNUAL,,,,,,,,,,14.31066965,15.47325353,16.47209978,17.16408956,17.6543695,18.08325949,18.48462663,18.85119368,19.19350331,19.51911263,19.82979431,20.12797407,20.42335491,20.71789606,21.02839114,21.36920801
OECD ENV-Growth 2025,SSP3,1,Bahamas,billion USD_2017/yr,GDP|PPP,ANNUAL,,,,,,,,,,15.3387,16.5848,17.6554,18.3971,18.9226,19.3823,19.8125,20.2054,20.5723,20.9213,21.2543,21.5739,21.8905,22.2062,22.539,22.9043
OECD ENV-Growth 2025,SSP3,1,Bahrain,billion USD_2010/yr,GDP|PPP,ANNUAL,,,,,,,,,,88.12602382,100.9668565,113.278759,122.5163671,129.2486829,134.1614538,138.3159058,141.7656786,144.2846438,144.8241967,144.2394182,143.3233352,142.7490742,142.7753682,143.1119314,143.2949377
OECD ENV-Growth 2025,SSP3,1,Bahrain,billion USD_2015/yr,GDP|PPP,ANNUAL,,,,,,,,,,79.21337725,90.75554922,101.8222846,110.1256449,116.1770863,120.593003,124.3272935,127.4281727,129.6923818,130.1773668,129.65173,128.8282953,128.3121124,128.3357471,128.6382719,128.8027698
OECD ENV-Growth 2025,SSP3,1,Bahrain,billion USD_2017/yr,GDP|PPP,ANNUAL,,,,,,,,,,83.7891,95.998,107.704,116.487,122.888,127.559,131.509,134.789,137.184,137.697,137.141,136.27,135.724,135.749,136.069,136.243
OECD ENV-Growth 2025,SSP3,1,Bangladesh,billion USD_2010/yr,GDP|PPP,ANNUAL,,,,,,,,,,1175.631971,1647.050533,2130.804016,2541.730892,2883.242765,3190.930039,3476.981912,3741.115515,3987.942511,4202.170686,4388.771724,4538.590868,4654.559697,4749.124567,4834.277524,4917.244654
OECD ENV-Growth 2025,SSP3,1,Bangladesh,billion USD_2015/yr,GDP|PPP,ANNUAL,,,,,,,,,,1333.325669,1867.978082,2416.619964,2882.666623,3269.987279,3618.946265,3943.367781,4242.931012,4522.866212,4765.829938,4977.460755,5147.375929,5278.900267,5386.14962,5482.72459,5576.820537
OECD ENV-Growth 2025,SSP3,1,Bangladesh,billion USD_2017/yr,GDP|PPP,ANNUAL,,,,,,,,,,1371.5,1921.46,2485.81,2965.2,3363.61,3722.56,4056.27,4364.41,4652.36,4902.28,5119.97,5294.75,5430.04,5540.36,5639.7,5736.49
OECD ENV-Growth 2025,SSP3,1,Barbados,billion USD_2010/yr,GDP|PPP,ANNUAL,,,,,,,,,,4.902133143,5.414680363,5.877841254,6.30019306,6.658618556,7.003723488,7.349231447,7.701074166,8.063240582,8.426543741,8.801596691,9.189360499,9.590506876,10.00548018,10.43644024,10.88917409
OECD ENV-Growth 2025,SSP3,1,Barbados,billion USD_2015/yr,GDP|PPP,ANNUAL,,,,,,,,,,4.788882527,5.28958872,5.742049523,6.154644025,6.504789063,6.841921273,7.179447199,7.523161537,7.876961071,8.231871086,8.598259446,8.977065013,9.36894398,9.774330445,10.19533432,10.63760898
OECD ENV-Growth 2025,SSP3,1,Barbados,billion USD_2017/yr,GDP|PPP,ANNUAL,,,,,,,,,,4.74368,5.23966,5.68785,6.09655,6.44339,6.77734,7.11168,7.45215,7.80261,8.15417,8.5171,8.89233,9.28051,9.68207,10.0991,10.5372
OECD ENV-Growth 2025,SSP3,1,Belarus,billion USD_2010/yr,GDP|PPP,ANNUAL,,,,,,,,,,163.1723499,169.5459029,175.7103709,178.9830849,179.4809911,179.0424439,179.327721,180.58046,182.5215852,184.2996949,185.9245345,187.9126153,190.7653872,194.6051118,199.0791795,203.750815
OECD ENV-Growth 2025,SSP3,1,Belarus,billion USD_2015/yr,GDP|PPP,ANNUAL,,,,,,,,,,181.5386645,188.6296104,195.4879371,199.1290205,199.6829699,199.1950608,199.5124481,200.9061926,203.0658065,205.0440562,206.8517842,209.0636389,212.2375124,216.5094278,221.4870866,226.6845508
OECD ENV-Growth 2025,SSP3,1,Belarus,billion USD_2017/yr,GDP|PPP,ANNUAL,,,,,,,,,,184.177,191.371,198.329,202.023,202.585,202.09,202.412,203.826,206.017,208.024,209.858,212.102,215.322,219.656,224.706,229.979
OECD ENV-Growth 2025,SSP3,1,Belgium,billion USD_2010/yr,GDP|PPP,ANNUAL,,,,,,,,,,538.6182983,582.9494633,612.4382456,630.8631292,641.6446798,647.4236839,650.7736627,653.9243369,657.0376415,658.4502131,658.3480695,657.0658763,655.1425865,653.0847661,650.9605108,648.1901763
OECD ENV-Growth 2025,SSP3,1,Belgium,billion USD_2015/yr,GDP|PPP,ANNUAL,,,,,,,,,,605.9031025,655.7721665,688.9447208,709.6712615,721.7996555,728.3005793,732.0690413,735.6133012,739.1155233,740.704555,740.5896515,739.1472853,736.983736,734.6688503,732.2792307,729.1628229
OECD ENV-Growth 2025,SSP3,1,Belgium,billion USD_2017/yr,GDP|PPP,ANNUAL,,,,,,,,,,648.597,701.98,737.49,759.677,772.66,779.619,783.653,787.447,791.196,792.897,792.774,791.23,788.914,786.436,783.878,780.542
OECD ENV-Growth 2025,SSP3,1,Belize,billion USD_2010/yr,GDP|PPP,ANNUAL,,,,,,,,,,4.645810055,5.315544152,6.221911851,7.211855841,8.218089127,9.272837117,10.3906981,11.57653105,12.84071744,14.15766744,15.53080589,16.94129628,18.39695146,19.91371826,21.51846011,23.23236807
OECD ENV-Growth 2025,SSP3,1,Belize,billion USD_2015/yr,GDP|PPP,ANNUAL,,,,,,,,,,4.306386753,4.927190016,5.767338409,6.684957002,7.617674793,8.5953628,9.631552762,10.73074865,11.90257346,13.12330698,14.39612381,15.70356364,17.05286853,18.45882021,19.94631947,21.53500916
OECD ENV-Growth 2025,SSP3,1,Belize,billion USD_2017/yr,GDP|PPP,ANNUAL,,,,,,,,,,4.34084,4.96661,5.81348,6.73844,7.67862,8.66413,9.70861,10.8166,11.9978,13.2283,14.5113,15.8292,17.1893,18.6065,20.1059,21.7073
OECD ENV-Growth 2025,SSP3,1,Benin,billion USD_2010/yr,GDP|PPP,ANNUAL,,,,,,,,,,47.65227375,64.49078817,86.89761614,111.6407615,138.692076,168.9760859,203.3704619,242.0063302,285.2202477,332.9737508,385.4171974,442.5234881,504.0006488,570.1555146,640.3140973,714.4580393
OECD ENV-Growth 2025,SSP3,1,Benin,billion USD_2015/yr,GDP|PPP,ANNUAL,,,,,,,,,,53.41699668,72.29254654,97.41003541,125.1464772,155.4703182,189.4179292,227.9731571,271.2829907,319.724702,373.2551742,432.0429548,496.057666,564.9720122,639.1299478,717.775949,800.8894375
OECD ENV-Growth 2025,SSP3,1,Benin,billion USD_2017/yr,GDP|PPP,ANNUAL,,,,,,,,,,54.5112,73.7734,99.4054,127.71,158.655,193.298,232.643,276.84,326.274,380.901,440.893,506.219,576.545,652.222,732.479,817.295
OECD ENV-Growth 2025,SSP3,1,Bhutan,billion USD_2010/yr,GDP|PPP,ANNUAL,,,,,,,,,,7.774857891,9.409932021,10.85856778,12.04243898,13.00712249,13.8630174,14.67542908,15.40353161,16.02477812,16.45244374,16.71044424,16.83598194,16.86255502,16.85538834,16.84330967,16.84226285
OECD ENV-Growth 2025,SSP3,1,Bhutan,billion USD_2015/yr,GDP|PPP,ANNUAL,,,,,,,,,,9.159684301,11.08599126,12.79265219,14.18738976,15.32389882,16.33224228,17.28935747,18.14714669,18.87904714,19.38288684,19.68684134,19.83473931,19.86604548,19.8576023,19.84337222,19.84213895
OECD ENV-Growth 2025,SSP3,1,Bhutan,billion USD_2017/yr,GDP|PPP,ANNUAL,,,,,,,,,,9.65527,11.6858,13.4848,14.955,16.153,17.2159,18.2248,19.129,19.9005,20.4316,20.752,20.9079,20.9409,20.932,20.917,20.9157
OECD ENV-Growth 2025,SSP3,1,Bolivia,billion USD_2010/yr,GDP|PPP,ANNUAL,,,,,,,,,,83.2267649,93.33020375,106.3737058,122.283027,139.3130422,157.5075162,176.5710359,195.8143044,214.8051432,233.0332224,250.7611313,268.2420812,285.7175605,303.3165193,320.9240748,338.5699246
OECD ENV-Growth 2025,SSP3,1,Bolivia,billion USD_2015/yr,GDP|PPP,ANNUAL,,,,,,,,,,95.14088765,106.6906594,121.6013719,139.7881528,159.2560579,180.0551171,201.8476281,223.8456193,245.5550449,266.39252,286.6582241,306.6416163,326.6187548,346.7370493,366.8651711,387.037069
OECD ENV-Growth 2025,SSP3,1,Bolivia,billion USD_2017/yr,GDP|PPP,ANNUAL,,,,,,,,,,106.494,119.422,136.112,156.469,178.26,201.541,225.934,250.557,274.857,298.181,320.865,343.233,365.594,388.113,410.643,433.222
OECD ENV-Growth 2025,SSP3,1,Bosnia and Herzegovina,billion USD_2010/yr,GDP|PPP,ANNUAL,,,,,,,,,,51.22290579,59.3776177,65.23665241,68.13849058,69.36732446,69.82965799,69.91647589,69.78151273,69.4948138,68.83989922,68.10720486,67.33018904,66.61287682,66.01549322,65.55541921,65.22639764
OECD ENV-Growth 2025,SSP3,1,Bosnia and Herzegovina,billion USD_2015/yr,GDP|PPP,ANNUAL,,,,,,,,,,55.66696946,64.52917851,70.89653899,74.05013863,75.38558528,75.88803055,75.9823807,75.83570824,75.5241355,74.812401,74.01613858,73.17170941,72.39216368,71.7429515,71.24296179,70.88539453
OECD ENV-Growth 2025,SSP3,1,Bosnia and Herzegovina,billion USD_2017/yr,GDP|PPP,ANNUAL,,,,,,,,,,58.9414,68.3249,75.0668,78.4059,79.8199,80.3519,80.4518,80.2965,79.9666,79.213,78.3699,77.4758,76.6504,75.963,75.4336,75.055
OECD ENV-Growth 2025,SSP3,1,Botswana,billion USD_2010/yr,GDP|PPP,ANNUAL,,,,,,,,,,45.09864882,54.92961205,64.92394636,73.63364324,81.22040872,88.21235846,94.9029336,101.1372842,106.690726,111.5125239,115.8720247,119.9141859,123.6742676,127.1375781,130.2169469,132.998565
OECD ENV-Growth 2025,SSP3,1,Botswana,billion USD_2015/yr,GDP|PPP,ANNUAL,,,,,,,,,,45.16546041,55.01098776,65.02012822,73.74272812,81.34073304,88.34304104,95.04352795,101.2871144,106.8487834,111.6777246,116.0436838,120.0918333,123.8574854,127.3259266,130.4098573,133.1955963
OECD ENV-Growth 2025,SSP3,1,Botswana,billion USD_2017/yr,GDP|PPP,ANNUAL,,,,,,,,,,46.0452,56.0825,66.2866,75.1791,82.9251,90.0638,96.8948,103.26,108.93,113.853,118.304,122.431,126.27,129.806,132.95,135.79
OECD ENV-Growth 2025,SSP3,1,Brazil,billion USD_2010/yr,GDP|PPP,ANNUAL,,,,,,,,,,3350.796133,3639.022479,4088.628237,4616.733532,5183.982696,5769.966236,6356.248217,6910.876228,7434.273861,7912.626199,8360.739754,8780.56883,9186.862175,9591.961758,10004.69565,10433.3913
OECD ENV-Growth 2025,SSP3,1,Brazil,billion USD_2015/yr,GDP|PPP,ANNUAL,,,,,,,,,,3409.840692,3703.14589,4160.674175,4698.085242,5275.329935,5871.639122,6468.252009,7032.65315,7565.273601,8052.055012,8508.064799,8935.291706,9348.744368,9760.982232,10180.98893,10617.23865
OECD ENV-Growth 2025,SSP3,1,Brazil,billion USD_2017/yr,GDP|PPP,ANNUAL,,,,,,,,,,3480.58,3779.97,4246.99,4795.55,5384.77,5993.45,6602.44,7178.55,7722.22,8219.1,8684.57,9120.66,9542.69,9963.48,10392.2,10837.5
OECD ENV-Growth 2025,SSP3,1,Brunei Darussalam,billion USD_2010/yr,GDP|PPP,ANNUAL,,,,,,,,,,32.97863919,38.36091847,42.54608212,45.06678094,46.67115294,47.67601891,48.25952389,48.51364427,48.51660743,48.09595759,47.51138588,46.83305987,46.17322395,45.6010975,45.13635588,44.78694035
OECD ENV-Growth 2025,SSP3,1,Brunei Darussalam,billion USD_2015/yr,GDP|PPP,ANNUAL,,,,,,,,,,27.57100857,32.07073542,35.56964216,37.67701259,39.01830972,39.85840406,40.34622955,40.55868087,40.56115815,40.20948383,39.72076653,39.15366816,38.60202801,38.12371527,37.73517906,37.4430585
OECD ENV-Growth 2025,SSP3,1,Brunei Darussalam,billion USD_2017/yr,GDP|PPP,ANNUAL,,,,,,,,,,27.8239,32.3649,35.8959,38.0226,39.3762,40.224,40.7163,40.9307,40.9332,40.5783,40.0851,39.5128,38.9561,38.4734,38.0813,37.7865
OECD ENV-Growth 2025,SSP3,1,Bulgaria,billion USD_2010/yr,GDP|PPP,ANNUAL,,,,,,,,,,154.9134404,177.1559293,192.2106838,200.3448018,204.3347816,207.1467282,209.8663446,212.0880379,213.6988686,214.7161486,215.7433211,217.2511048,219.5181388,222.5724519,226.1436487,229.9605096
OECD ENV-Growth 2025,SSP3,1,Bulgaria,billion USD_2015/yr,GDP|PPP,ANNUAL,,,,,,,,,,172.2492552,196.9808222,213.720301,222.7646794,227.2011637,230.3277852,233.3517443,235.8220595,237.6131525,238.7442727,239.8863924,241.5629069,244.0836366,247.4797471,251.4505839,255.6945762
OECD ENV-Growth 2025,SSP3,1,Bulgaria,billion USD_2017/yr,GDP|PPP,ANNUAL,,,,,,,,,,187.916,214.897,233.159,243.026,247.866,251.277,254.576,257.271,259.225,260.459,261.705,263.534,266.284,269.989,274.321,278.951
OECD ENV-Growth 2025,SSP3,1,Burkina Faso,billion USD_2010/yr,GDP|PPP,ANNUAL,,,,,,,,,,50.37823291,67.11513471,91.6873425,119.4739187,150.9366959,187.1144489,228.9884849,276.1286656,328.4409529,384.3179883,443.9295633,506.264766,570.9552799,637.7390167,706.2093478,775.2804791
OECD ENV-Growth 2025,SSP3,1,Burkina Faso,billion USD_2015/yr,GDP|PPP,ANNUAL,,,,,,,,,,51.22556039,68.24396545,93.229461,121.4833884,153.475348,190.2615862,232.8399148,280.7729613,333.9651055,390.7819545,451.3961554,514.7797937,580.5583579,648.4653515,718.0873068,788.3201675
OECD ENV-Growth 2025,SSP3,1,Burkina Faso,billion USD_2017/yr,GDP|PPP,ANNUAL,,,,,,,,,,57.8578,77.0796,105.3,137.212,173.346,214.895,262.986,317.125,377.204,441.377,509.839,581.429,655.724,732.423,811.059,890.385
OECD ENV-Growth 2025,SSP3,1,Burundi,billion USD_2010/yr,GDP|PPP,ANNUAL,,,,,,,,,,8.300065021,10.96333333,14.3399099,18.18262112,22.34593706,26.97632807,32.19244375,37.92461468,44.03820413,50.29677494,56.67767866,63.06830005,69.34552252,75.45589887,81.32435228,86.89006894
OECD ENV-Growth 2025,SSP3,1,Burundi,billion USD_2015/yr,GDP|PPP,ANNUAL,,,,,,,,,,10.80211708,14.2682268,18.66267134,23.66376669,29.08211294,35.10833389,41.89684604,49.35697815,57.31350726,65.45872232,73.76314751,82.08021976,90.24970901,98.20205644,105.8395533,113.0830536
OECD ENV-Growth 2025,SSP3,1,Burundi,billion USD_2017/yr,GDP|PPP,ANNUAL,,,,,,,,,,10.5911,13.9895,18.2981,23.2015,28.514,34.4225,41.0784,48.3928,56.1939,64.18,72.3222,80.4768,88.4867,96.2837,103.772,110.874
OECD ENV-Growth 2025,SSP3,1,Cabo Verde,billion USD_2010/yr,GDP|PPP,ANNUAL,,,,,,,,,,4.568422477,5.753596362,6.946458453,7.94725863,8.780583039,9.51153529,10.20651677,10.87402119,11.54680622,12.18423804,12.76635775,13.28072459,13.75705317,14.23212873,14.73396532,15.27115512
OECD ENV-Growth 2025,SSP3,1,Cabo Verde,billion USD_2015/yr,GDP|PPP,ANNUAL,,,,,,,,,,4.761578641,5.996862524,7.240159675,8.283274398,9.151832359,9.913689792,10.63805558,11.33378257,12.03501343,12.69939632,13.30612847,13.84224311,14.3387112,14.83387329,15.35692789,15.91683046
OECD ENV-Growth 2025,SSP3,1,Cabo Verde,billion USD_2017/yr,GDP|PPP,ANNUAL,,,,,,,,,,5.10428,6.42847,7.76125,8.87944,9.81051,10.6272,11.4037,12.1495,12.9012,13.6134,14.2638,14.8385,15.3707,15.9015,16.4622,17.0624
OECD ENV-Growth 2025,SSP3,1,Cambodia,billion USD_2010/yr,GDP|PPP,ANNUAL,,,,,,,,,,81.03381563,110.0549793,143.440688,177.7494338,212.378964,249.2933016,288.660434,332.2326126,378.4416573,424.6104923,470.6461883,516.6568648,562.9999421,609.8594912,657.7099872,707.2573347
OECD ENV-Growth 2025,SSP3,1,Cambodia,billion USD_2015/yr,GDP|PPP,ANNUAL,,,,,,,,,,86.72155425,117.7797045,153.5087458,190.2256119,227.2857782,266.7911219,308.9214211,355.5519176,405.004361,454.4137723,503.6806996,552.9208515,602.516735,652.6653415,703.8744492,756.8995098
OECD ENV-Growth 2025,SSP3,1,Cambodia,billion USD_2017/yr,GDP|PPP,ANNUAL,,,,,,,,,,90.6875,123.166,160.529,198.925,237.68,278.992,323.049,371.812,423.526,475.195,526.715,578.207,630.071,682.513,736.064,791.514
OECD ENV-Growth 2025,SSP3,1,Cameroon,billion USD_2010/yr,GDP|PPP,ANNUAL,,,,,,,,,,103.3733237,130.6983139,167.2107258,207.9321492,252.2423548,301.2936956,356.0745261,416.508081,482.4626377,553.4427106,629.5983412,710.565766,795.7596491,885.8726237,981.3321333,1079.016095
OECD ENV-Growth 2025,SSP3,1,Cameroon,billion USD_2015/yr,GDP|PPP,ANNUAL,,,,,,,,,,112.6392321,142.4135085,182.1987247,226.5702289,274.8521971,328.3002741,387.9914058,453.8419461,525.7083653,603.0507649,686.0326352,774.257607,867.0878772,965.2781635,1069.294224,1175.734125
OECD ENV-Growth 2025,SSP3,1,Cameroon,billion USD_2017/yr,GDP|PPP,ANNUAL,,,,,,,,,,118.502,149.826,191.682,238.363,289.158,345.388,408.186,477.464,553.071,634.439,721.74,814.557,912.219,1015.52,1124.95,1236.93
OECD ENV-Growth 2025,SSP3,1,Canada,billion USD_2010/yr,GDP|PPP,ANNUAL,,,,,,,,,,1771.057614,1961.827324,2148.431796,2327.483421,2485.914434,2622.428784,2740.306821,2841.497089,2933.525619,3013.335522,3078.325755,3129.792372,3171.382189,3206.375555,3237.150053,3263.169386
OECD ENV-Growth 2025,SSP3,1,Canada,billion USD_2015/yr,GDP|PPP,ANNUAL,,,,,,,,,,1862.512497,2063.133282,2259.373742,2447.671337,2614.283501,2757.847257,2881.812347,2988.227936,3085.008688,3168.93986,3237.286096,3291.410375,3335.147831,3371.948204,3404.311853,3431.674788
OECD ENV-Growth 2025,SSP3,1,Canada,billion USD_2017/yr,GDP|PPP,ANNUAL,,,,,,,,,,1981.43,2194.86,2403.63,2603.95,2781.2,2933.93,3065.81,3179.02,3281.98,3371.27,3443.98,3501.56,3548.09,3587.24,3621.67,3650.78
OECD ENV-Growth 2025,SSP3,1,Central African Republic,billion USD_2010/yr,GDP|PPP,ANNUAL,,,,,,,,,,3.93669834,4.858227196,6.440555738,8.37261469,10.67799349,13.465938,16.80007183,20.65013985,25.11784407,30.20246603,36.0207954,42.594386,49.97816011,58.24811483,67.49677187,77.81489668
OECD ENV-Growth 2025,SSP3,1,Central African Republic,billion USD_2015/yr,GDP|PPP,ANNUAL,,,,,,,,,,4.551246969,5.616633506,7.445975599,9.679643686,12.3449097,15.5680736,19.42269115,23.87378414,29.03893106,34.91730127,41.64391623,49.24369445,57.78013199,67.34108971,78.03353263,89.96239541
OECD ENV-Growth 2025,SSP3,1,Central African Republic,billion USD_2017/yr,GDP|PPP,ANNUAL,,,,,,,,,,4.93142,6.0858,8.06795,10.4882,13.3761,16.8685,21.0451,25.868,31.4646,37.834,45.1225,53.3571,62.6066,72.9662,84.5518,97.4771
OECD ENV-Growth 2025,SSP3,1,Chad,billion USD_2010/yr,GDP|PPP,ANNUAL,,,,,,,,,,29.57830171,35.7452148,47.8892721,62.53204028,79.46093214,99.43627927,123.0901911,150.3612255,181.3344803,215.8173604,253.4696845,293.7136675,336.1086436,380.5352877,426.4419826,473.6957959
OECD ENV-Growth 2025,SSP3,1,Chad,billion USD_2015/yr,GDP|PPP,ANNUAL,,,,,,,,,,27.84731128,33.6533224,45.08668146,58.87252108,74.81069515,93.61703891,115.8866692,141.5617399,170.7223684,203.1872308,238.636054,276.5248663,316.4387907,358.2654852,401.4856144,445.9740255
OECD ENV-Growth 2025,SSP3,1,Chad,billion USD_2017/yr,GDP|PPP,ANNUAL,,,,,,,,,,28.2583,34.15,45.7521,59.7414,75.9148,94.9987,117.597,143.651,173.242,206.186,242.158,280.606,321.109,363.553,407.411,452.556
OECD ENV-Growth 2025,SSP3,1,Chile,billion USD_2010/yr,GDP|PPP,ANNUAL,,,,,,,,,,450.0881289,484.2493444,528.9103532,569.7223191,603.0852398,629.8997556,650.1436915,664.3287751,676.11471,686.1795351,693.7539535,698.9983064,703.0059848,706.8720854,711.4162247,716.9241172
OECD ENV-Growth 2025,SSP3,1,Chile,billion USD_2015/yr,GDP|PPP,ANNUAL,,,,,,,,,,489.6767003,526.8426467,575.4319207,619.8336001,656.1310358,685.3040861,707.3286255,722.7613918,735.5839866,746.5340873,754.7747317,760.4803642,764.8405475,769.0467001,773.99053,779.9828823
OECD ENV-Growth 2025,SSP3,1,Chile,billion USD_2017/yr,GDP|PPP,ANNUAL,,,,,,,,,,527.728,567.782,620.147,667.999,707.117,738.557,762.293,778.925,792.744,804.545,813.426,819.575,824.274,828.807,834.135,840.593
OECD ENV-Growth 2025,SSP3,1,China,billion USD_2010/yr,GDP|PPP,ANNUAL,,,,,,,,,,30707.85378,36816.36222,41631.12769,44569.23671,46632.76715,48115.98825,48989.62933,49602.75099,49939.51999,49774.52089,49213.69061,48479.73627,47760.88601,47153.28515,46626.82968,46129.85322
OECD ENV-Growth 2025,SSP3,1,China,billion USD_2015/yr,GDP|PPP,ANNUAL,,,,,,,,,,30146.05914,36142.81352,40869.49372,43753.85057,45779.62909,47235.71493,48093.3729,48695.27762,49025.88549,48863.90502,48313.33502,47592.80824,46887.10922,46290.62431,45773.80025,45285.91588
OECD ENV-Growth 2025,SSP3,1,China,billion USD_2017/yr,GDP|PPP,ANNUAL,,,,,,,,,,29479.7,35343.9,39966.1,42786.7,44767.7,46191.6,47030.3,47618.9,47942.2,47783.8,47245.4,46540.8,45850.7,45267.4,44762,44284.9
OECD ENV-Growth 2025,SSP3,1,Colombia,billion USD_2010/yr,GDP|PPP,ANNUAL,,,,,,,,,,772.0470413,889.251006,1031.586789,1187.730689,1338.067099,1479.006921,1610.360778,1727.664841,1832.686605,1925.76875,2007.181809,2076.384714,2137.327276,2195.023417,2252.584289,2312.183194
OECD ENV-Growth 2025,SSP3,1,Colombia,billion USD_2015/yr,GDP|PPP,ANNUAL,,,,,,,,,,797.7044911,918.8034968,1065.869527,1227.202559,1382.535101,1528.158778,1663.87792,1785.08035,1893.592304,1989.767849,2073.88651,2145.389235,2208.357103,2267.97066,2327.444454,2389.02401
OECD ENV-Growth 2025,SSP3,1,Colombia,billion USD_2017/yr,GDP|PPP,ANNUAL,,,,,,,,,,856.133,986.102,1143.94,1317.09,1483.8,1640.09,1785.75,1915.83,2032.29,2135.51,2225.79,2302.53,2370.11,2434.09,2497.92,2564.01
OECD ENV-Growth 2025,SSP3,1,Comoros,billion USD_2010/yr,GDP|PPP,ANNUAL,,,,,,,,,,2.362229355,2.911584655,3.576796355,4.638114231,6.039292678,7.72044699,9.632969758,11.71437804,13.92648085,16.20307007,18.52551976,20.85923893,23.16908873,25.4491214,27.67562409,29.87442267
OECD ENV-Growth 2025,SSP3,1,Comoros,billion USD_2015/yr,GDP|PPP,ANNUAL,,,,,,,,,,2.763511513,3.406188183,4.184402283,5.426010835,7.065213549,9.031952845,11.26936416,13.7043503,16.29223262,18.95555594,21.67253025,24.40268842,27.10492244,29.77227416,32.37700253,34.94932057
OECD ENV-Growth 2025,SSP3,1,Comoros,billion USD_2017/yr,GDP|PPP,ANNUAL,,,,,,,,,,3.01843,3.72039,4.57039,5.92653,7.71694,9.8651,12.3089,14.9685,17.7951,20.7041,23.6717,26.6537,29.6052,32.5186,35.3636,38.1732
OECD ENV-Growth 2025,SSP3,1,Congo,billion USD_2010/yr,GDP|PPP,ANNUAL,,,,,,,,,,25.15615631,30.49172635,36.51942993,42.90646344,49.73260998,57.3979072,66.13629706,75.80810815,86.39762873,97.6628569,109.6435822,122.2374741,135.30782,148.6556723,162.1555409,175.9635232
OECD ENV-Growth 2025,SSP3,1,Congo,billion USD_2015/yr,GDP|PPP,ANNUAL,,,,,,,,,,21.5845652,26.16260797,31.33451736,36.81474015,42.6717321,49.24873479,56.74647583,65.04511393,74.13116804,83.79699492,94.07673492,104.8825861,116.0972458,127.5500125,139.1332126,150.9807815
OECD ENV-Growth 2025,SSP3,1,Congo,billion USD_2017/yr,GDP|PPP,ANNUAL,,,,,,,,,,24.657,29.8867,35.7948,42.0551,48.7458,56.259,64.824,74.3039,84.6833,95.725,107.468,119.812,132.623,145.706,158.938,172.472
OECD ENV-Growth 2025,SSP3,1,Costa Rica,billion USD_2010/yr,GDP|PPP,ANNUAL,,,,,,,,,,101.2945433,116.2139068,135.5396376,155.6785371,175.593304,194.22619,211.566185,227.3750009,241.3349198,252.6972605,261.6059395,268.2331851,273.3599223,277.5390113,281.1086171,284.2519778
OECD ENV-Growth 2025,SSP3,1,Costa Rica,billion USD_2015/yr,GDP|PPP,ANNUAL,,,,,,,,,,118.3162461,135.7426842,158.3159429,181.8390163,205.1002937,226.8642807,247.1181172,265.5834727,281.8892395,295.1609267,305.566635,313.3075339,319.2957765,324.1771265,328.3465748,332.018151
OECD ENV-Growth 2025,SSP3,1,Costa Rica,billion USD_2017/yr,GDP|PPP,ANNUAL,,,,,,,,,,128.803,147.774,172.348,197.956,223.279,246.972,269.021,289.123,306.874,321.322,332.65,341.077,347.596,352.91,357.449,361.446
OECD ENV-Growth 2025,SSP3,1,Croatia,billion USD_2010/yr,GDP|PPP,ANNUAL,,,,,,,,,,119.0397508,134.9798001,143.6821601,146.9415558,147.3917068,146.6963243,145.6154579,144.4632057,143.3260704,142.099073,140.9115477,139.817244,138.9614531,138.3769287,138.0435146,137.9083013
OECD ENV-Growth 2025,SSP3,1,Croatia,billion USD_2015/yr,GDP|PPP,ANNUAL,,,,,,,,,,132.9728477,150.778612,160.4995462,164.1404403,164.6432796,163.8665055,162.6591283,161.3720099,160.1017778,158.7311655,157.4046454,156.1822581,155.2263006,154.57336,154.2009212,154.0498818
OECD ENV-Growth 2025,SSP3,1,Croatia,billion USD_2017/yr,GDP|PPP,ANNUAL,,,,,,,,,,141.742,160.722,171.084,174.965,175.501,174.673,173.386,172.014,170.66,169.199,167.785,166.482,165.463,164.767,164.37,164.209
OECD ENV-Growth 2025,SSP3,1,Cuba,billion USD_2017/yr,GDP|PPP,ANNUAL,,,,,,,,,,81.2588,97.4655,118.104,146.21,179.516,215.852,253.123,290.373,327.987,365.619,403.348,440.617,477.11,513.028,548.87,584.783
OECD ENV-Growth 2025,SSP3,1,Cura??ao,billion USD_2010/yr,GDP|PPP,ANNUAL,,,,,,,,,,3.347947819,3.771723407,4.155966845,4.498424811,4.813946609,5.163852798,5.573175062,6.044609846,6.565495172,7.120906311,7.710164436,8.327131835,8.968178678,9.633663234,10.32465088,11.0354376
OECD ENV-Growth 2025,SSP3,1,Cura??ao,billion USD_2015/yr,GDP|PPP,ANNUAL,,,,,,,,,,3.359119328,3.78430898,4.16983457,4.513435258,4.830009896,5.18108366,5.59177176,6.064779639,6.587403067,7.144667514,7.735891889,8.354917999,8.998103902,9.665809062,10.35910241,11.0722609
OECD ENV-Growth 2025,SSP3,1,Cura??ao,billion USD_2017/yr,GDP|PPP,ANNUAL,,,,,,,,,,3.55102,4.0005,4.40805,4.77128,5.10594,5.47707,5.91122,6.41125,6.96373,7.55283,8.17783,8.83222,9.51215,10.218,10.9509,11.7048
OECD ENV-Growth 2025,SSP3,1,Cyprus,billion USD_2010/yr,GDP|PPP,ANNUAL,,,,,,,,,,37.33112634,42.94713252,47.6086613,51.08233603,53.68054379,55.78667663,57.64420505,59.37207978,60.93784388,62.12491479,62.91823875,63.42623757,63.88028654,64.48757051,65.30456279,66.22745343
OECD ENV-Growth 2025,SSP3,1,Cyprus,billion USD_2015/yr,GDP|PPP,ANNUAL,,,,,,,,,,39.6153738,45.57501677,50.52177898,54.20800375,56.96519277,59.20019739,61.17138578,63.00498711,64.66655847,65.92626484,66.76813136,67.30721403,67.78904572,68.43348867,69.30047175,70.27983297
OECD ENV-Growth 2025,SSP3,1,Cyprus,billion USD_2017/yr,GDP|PPP,ANNUAL,,,,,,,,,,42.9015,49.3555,54.7126,58.7046,61.6905,64.1109,66.2456,68.2313,70.0307,71.3949,72.3066,72.8904,73.4122,74.1101,75.049,76.1096
OECD ENV-Growth 2025,SSP3,1,Czechia,billion USD_2010/yr,GDP|PPP,ANNUAL,,,,,,,,,,377.1681795,407.6891795,427.5654687,438.8313917,443.3197741,445.0801526,447.5724955,449.695109,451.8085625,453.3949017,454.6614749,455.7556743,456.8373827,457.9524002,458.6851973,458.0781415
OECD ENV-Growth 2025,SSP3,1,Czechia,billion USD_2015/yr,GDP|PPP,ANNUAL,,,,,,,,,,424.547236,458.9022185,481.2753244,493.9564484,499.0086517,500.9901652,503.7955909,506.1848425,508.5637835,510.3493953,511.7750727,513.006723,514.2243134,515.4793969,516.3042464,515.6209336
OECD ENV-Growth 2025,SSP3,1,Czechia,billion USD_2017/yr,GDP|PPP,ANNUAL,,,,,,,,,,452.933,489.585,513.454,526.983,532.373,534.487,537.48,540.029,542.567,544.472,545.993,547.307,548.606,549.945,550.825,550.096
OECD ENV-Growth 2025,SSP3,1,lvory Coast,billion USD_2010/yr,GDP|PPP,ANNUAL,,,,,,,,,,178.6387817,242.4969276,321.9804247,403.9680883,488.8823536,579.1284383,675.8147593,777.1716552,882.2505491,990.0305557,1099.806664,1209.259287,1317.436991,1423.093404,1525.505437,1626.281008
OECD ENV-Growth 2025,SSP3,1,lvory Coast,billion USD_2015/yr,GDP|PPP,ANNUAL,,,,,,,,,,194.3802247,263.8654765,350.3529676,439.5652893,531.9621015,630.1605668,735.3667748,845.6551232,959.9934478,1077.270904,1196.720357,1315.817817,1433.528016,1548.49475,1659.931213,1769.587011
OECD ENV-Growth 2025,SSP3,1,lvory Coast,billion USD_2017/yr,GDP|PPP,ANNUAL,,,,,,,,,,187.758,254.876,338.417,424.59,513.839,608.692,710.314,816.845,927.288,1040.57,1155.95,1270.99,1384.69,1495.74,1603.38,1709.3
OECD ENV-Growth 2025,SSP3,1,Democratic Republic of the Congo,billion USD_2010/yr,GDP|PPP,ANNUAL,,,,,,,,,,95.86224154,124.4937428,162.9533263,215.2515039,280.6801235,360.3733572,455.0915518,563.8966172,685.997172,820.0883537,965.3865397,1119.649483,1281.219655,1448.122129,1617.888248,1788.296217
OECD ENV-Growth 2025,SSP3,1,Democratic Republic of the Congo,billion USD_2015/yr,GDP|PPP,ANNUAL,,,,,,,,,,115.3753915,149.8349516,196.12314,259.0668249,337.8137067,433.7288229,547.7272922,678.6800721,825.6346925,987.0206808,1161.894905,1347.558699,1542.017138,1742.893291,1947.215995,2152.311202
OECD ENV-Growth 2025,SSP3,1,Democratic Republic of the Congo,billion USD_2017/yr,GDP|PPP,ANNUAL,,,,,,,,,,135.911,176.504,231.031,305.178,397.941,510.928,645.217,799.478,972.589,1162.7,1368.7,1587.41,1816.48,2053.11,2293.8,2535.4
OECD ENV-Growth 2025,SSP3,1,Denmark,billion USD_2010/yr,GDP|PPP,ANNUAL,,,,,,,,,,311.2918849,331.9845513,346.6745001,356.9159232,365.1885904,372.3926976,378.373418,383.2931929,387.9591531,391.461796,394.0278626,395.74365,396.2749688,395.6497386,394.2139934,392.2249322
OECD ENV-Growth 2025,SSP3,1,Denmark,billion USD_2015/yr,GDP|PPP,ANNUAL,,,,,,,,,,341.1734392,363.8524376,379.9525051,391.1770237,400.2438013,408.1394458,414.6942679,420.0863023,425.2001577,429.0390265,431.8514152,433.7319046,434.3142257,433.6289784,432.0554131,429.8754177
OECD ENV-Growth 2025,SSP3,1,Denmark,billion USD_2017/yr,GDP|PPP,ANNUAL,,,,,,,,,,367.936,392.394,409.757,421.862,431.64,440.155,447.224,453.039,458.554,462.694,465.727,467.755,468.383,467.644,465.947,463.596
OECD ENV-Growth 2025,SSP3,1,Djibouti,billion USD_2010/yr,GDP|PPP,ANNUAL,,,,,,,,,,6.571856468,8.632609198,11.50729814,14.14443106,16.67283376,19.21784108,21.82086451,24.42918943,26.98179886,29.37486394,31.62698986,33.74637889,35.75743781,37.7158821,39.6254128,41.47472677
OECD ENV-Growth 2025,SSP3,1,Djibouti,billion USD_2015/yr,GDP|PPP,ANNUAL,,,,,,,,,,6.685130356,8.781402649,11.70564033,14.38822742,16.9602102,19.54908379,22.19697348,24.85025603,27.44686276,29.88117522,32.17211925,34.3280385,36.37376045,38.3659609,40.30840467,42.1895938
OECD ENV-Growth 2025,SSP3,1,Djibouti,billion USD_2017/yr,GDP|PPP,ANNUAL,,,,,,,,,,6.57003,8.63021,11.5041,14.1405,16.6682,19.2125,21.8148,24.4224,26.9743,29.3667,31.6182,33.737,35.7475,37.7054,39.6144,41.4632
OECD ENV-Growth 2025,SSP3,1,Dominican Republic,billion USD_2010/yr,GDP|PPP,ANNUAL,,,,,,,,,,220.7054489,281.1149471,340.1844125,390.2789616,433.0475222,472.537868,510.0641418,545.0630121,578.5441904,609.8247153,639.3295405,666.6122861,691.9104262,716.0301232,739.6659442,763.4419285
OECD ENV-Growth 2025,SSP3,1,Dominican Republic,billion USD_2015/yr,GDP|PPP,ANNUAL,,,,,,,,,,237.7379586,302.8094411,366.4374765,420.3979741,466.4671144,509.0050501,549.4273404,587.1271798,623.1922023,656.8867402,688.6685424,718.0567804,745.3072548,771.2883419,796.748211,822.3590602
OECD ENV-Growth 2025,SSP3,1,Dominican Republic,billion USD_2017/yr,GDP|PPP,ANNUAL,,,,,,,,,,247.217,314.883,381.048,437.16,485.066,529.3,571.334,610.537,648.04,683.078,716.127,746.687,775.024,802.041,828.516,855.148
OECD ENV-Growth 2025,SSP3,1,Ecuador,billion USD_2010/yr,GDP|PPP,ANNUAL,,,,,,,,,,180.8530282,206.3784272,233.9902944,260.8718098,285.9604039,310.8380661,336.0795859,361.5100655,387.2244243,412.2435867,436.4998786,459.6101071,482.0286546,504.2793356,526.976489,550.7001779
OECD ENV-Growth 2025,SSP3,1,Ecuador,billion USD_2015/yr,GDP|PPP,ANNUAL,,,,,,,,,,191.2860772,218.2839853,247.4887258,275.920982,302.4568869,328.7696916,355.4673441,382.3648571,409.5626258,436.0250935,461.6806824,486.1240936,509.8359223,533.3702004,557.3767072,582.4689681
OECD ENV-Growth 2025,SSP3,1,Ecuador,billion USD_2017/yr,GDP|PPP,ANNUAL,,,,,,,,,,205.776,234.819,266.236,296.822,325.368,353.674,382.394,411.329,440.587,469.054,496.653,522.948,548.456,573.773,599.598,626.591
OECD ENV-Growth 2025,SSP3,1,Egypt,billion USD_2010/yr,GDP|PPP,ANNUAL,,,,,,,,,,1494.867337,1982.261651,2540.182515,3109.39469,3667.194742,4248.822712,4872.827948,5521.125766,6174.14456,6804.543559,7424.868664,8024.748597,8598.328604,9150.534113,9682.740527,10190.52425
OECD ENV-Growth 2025,SSP3,1,Egypt,billion USD_2015/yr,GDP|PPP,ANNUAL,,,,,,,,,,1753.72968,2325.524818,2980.059407,3647.840594,4302.23345,4984.580445,5716.643067,6477.204955,7243.305338,7982.868915,8710.614128,9414.37373,10087.27912,10735.10864,11359.47587,11955.1912
OECD ENV-Growth 2025,SSP3,1,Egypt,billion USD_2017/yr,GDP|PPP,ANNUAL,,,,,,,,,,1608.55,2133.01,2733.36,3345.86,3946.08,4571.94,5243.4,5941,6643.68,7322.02,7989.52,8635.02,9252.22,9846.42,10419.1,10965.5
OECD ENV-Growth 2025,SSP3,1,El Salvador,billion USD_2010/yr,GDP|PPP,ANNUAL,,,,,,,,,,52.96351119,59.0095596,66.94806725,75.22446028,83.30886347,91.57036578,100.1902491,108.9255773,118.020625,127.347399,136.9058993,146.229327,155.490013,165.0618982,175.2695667,186.478594
OECD ENV-Growth 2025,SSP3,1,El Salvador,billion USD_2015/yr,GDP|PPP,ANNUAL,,,,,,,,,,59.08577722,65.83071276,74.68686455,83.91995925,92.93887123,102.1553539,111.7716444,121.5167244,131.6631054,142.0679988,152.7314047,163.1325651,173.4637312,184.1420692,195.5296834,208.0344073
OECD ENV-Growth 2025,SSP3,1,El Salvador,billion USD_2017/yr,GDP|PPP,ANNUAL,,,,,,,,,,63.3113,70.5386,80.0281,89.9215,99.5854,109.461,119.765,130.207,141.079,152.228,163.654,174.799,185.869,197.311,209.513,222.912
OECD ENV-Growth 2025,SSP3,1,Equatorial Guinea,billion USD_2010/yr,GDP|PPP,ANNUAL,,,,,,,,,,19.94736052,19.38085051,22.36955154,25.78142644,29.51557035,33.69775838,38.34763991,43.37313808,48.62617052,53.79348605,58.89122184,63.83442039,68.5123996,72.74727078,76.42493456,79.52820958
OECD ENV-Growth 2025,SSP3,1,Equatorial Guinea,billion USD_2015/yr,GDP|PPP,ANNUAL,,,,,,,,,,17.84391116,17.33713963,20.01068211,23.06277477,26.40315317,30.14432943,34.3038809,38.79944025,43.49854036,48.12096242,52.68114192,57.10308013,61.28776639,65.07607036,68.36592446,71.1419591
OECD ENV-Growth 2025,SSP3,1,Equatorial Guinea,billion USD_2017/yr,GDP|PPP,ANNUAL,,,,,,,,,,21.0139,20.4171,23.5656,27.1599,31.0937,35.4995,40.398,45.6922,51.2261,56.6697,62.04,67.2475,72.1756,76.6369,80.5112,83.7804
OECD ENV-Growth 2025,SSP3,1,Eritrea,billion USD_2010/yr,GDP|PPP,ANNUAL,,,,,,,,,,6.292034402,7.519800095,9.458960791,12.08523341,15.32792265,19.13948122,23.42097143,27.96692108,32.69063682,37.49675593,42.41226956,47.30311579,52.01941343,56.51191708,60.87938566,65.2550767
OECD ENV-Growth 2025,SSP3,1,Eritrea,billion USD_2015/yr,GDP|PPP,ANNUAL,,,,,,,,,,6.887441282,8.231388816,10.35404972,13.22884304,16.77838366,20.95062497,25.63726693,30.61339378,35.78410847,41.04502427,46.42568644,51.77934698,56.94194162,61.85956493,66.64032127,71.43007816
OECD ENV-Growth 2025,SSP3,1,Eritrea,billion USD_2017/yr,GDP|PPP,ANNUAL,,,,,,,,,,7.04007,8.4138,10.5835,13.522,17.1502,21.4149,26.2054,31.2918,36.5771,41.9546,47.4545,52.9268,58.2038,63.2304,68.1171,73.013
OECD ENV-Growth 2025,SSP3,1,Estonia,billion USD_2010/yr,GDP|PPP,ANNUAL,,,,,,,,,,42.41040917,49.87967964,53.25317654,54.53309024,54.47658081,54.07488329,53.65073114,53.3149889,52.85802483,52.08719313,51.0471545,49.8329475,48.56488255,47.31297498,46.05361016,44.71776704
OECD ENV-Growth 2025,SSP3,1,Estonia,billion USD_2015/yr,GDP|PPP,ANNUAL,,,,,,,,,,47.96343422,56.4106968,60.22590396,61.67340371,61.6094952,61.15520123,60.67551254,60.29580975,59.77901289,58.90725202,57.73103548,56.35784577,54.92374619,53.50791958,52.08365928,50.57290697
OECD ENV-Growth 2025,SSP3,1,Estonia,billion USD_2017/yr,GDP|PPP,ANNUAL,,,,,,,,,,51.1842,60.1987,64.2701,65.8148,65.7466,65.2618,64.7499,64.3447,63.7932,62.8629,61.6077,60.1423,58.6119,57.101,55.5811,53.9689
OECD ENV-Growth 2025,SSP3,1,Eswatini,billion USD_2010/yr,GDP|PPP,ANNUAL,,,,,,,,,,12.50271981,14.48004143,16.87943754,19.42126166,22.05039717,24.76350998,27.54205423,30.30299034,32.9900556,35.42539733,37.63558404,39.69365306,41.64117628,43.49117747,45.24438597,46.91080403
OECD ENV-Growth 2025,SSP3,1,Eswatini,billion USD_2015/yr,GDP|PPP,ANNUAL,,,,,,,,,,12.72996192,14.74322217,17.1862283,19.77425113,22.45117226,25.21359702,28.04264246,30.85375973,33.58966351,36.06926859,38.31962636,40.41510163,42.39802189,44.28164762,46.06672141,47.7634273
OECD ENV-Growth 2025,SSP3,1,Eswatini,billion USD_2017/yr,GDP|PPP,ANNUAL,,,,,,,,,,11.9999,13.8977,16.2006,18.6402,21.1636,23.7676,26.4344,29.0843,31.6633,34.0007,36.122,38.0973,39.9665,41.7421,43.4248,45.0242
OECD ENV-Growth 2025,SSP3,1,Ethiopia,billion USD_2010/yr,GDP|PPP,ANNUAL,,,,,,,,,,292.9533228,409.2016071,553.4549473,713.7954059,890.4415645,1088.213509,1309.150259,1549.364128,1807.177441,2075.702058,2354.542755,2634.302947,2908.497778,3172.166819,3424.761598,3669.766517
OECD ENV-Growth 2025,SSP3,1,Ethiopia,billion USD_2015/yr,GDP|PPP,ANNUAL,,,,,,,,,,335.8789421,469.1607577,634.5511306,818.3858217,1020.915441,1247.666348,1500.976333,1776.388058,2071.978025,2379.848791,2699.547225,3020.299884,3334.671706,3636.975424,3926.5822,4207.486993
OECD ENV-Growth 2025,SSP3,1,Ethiopia,billion USD_2017/yr,GDP|PPP,ANNUAL,,,,,,,,,,363.207,507.333,686.18,884.972,1103.98,1349.18,1623.1,1920.92,2240.56,2573.48,2919.19,3266.04,3605.99,3932.89,4246.06,4549.82
OECD ENV-Growth 2025,SSP3,1,Fiji,billion USD_2010/yr,GDP|PPP,ANNUAL,,,,,,,,,,10.84157094,12.73481336,14.66951897,16.60324899,18.48795486,20.45761965,22.59329986,24.84784125,27.2153089,29.70862957,32.37495749,35.24022748,38.3120818,41.57580505,45.04773864,48.73820769
OECD ENV-Growth 2025,SSP3,1,Fiji,billion USD_2015/yr,GDP|PPP,ANNUAL,,,,,,,,,,13.16764321,15.4670831,17.81688217,20.16549631,22.45456813,24.84682691,27.44071991,30.17897591,33.05438663,36.08265228,39.32104411,42.80106128,46.53198568,50.49594475,54.71278592,59.19504961
OECD ENV-Growth 2025,SSP3,1,Fiji,billion USD_2017/yr,GDP|PPP,ANNUAL,,,,,,,,,,13.3352,15.6639,18.0436,20.4221,22.7403,25.163,27.7899,30.563,33.475,36.5418,39.8214,43.3457,47.1241,51.1385,55.409,59.9483
OECD ENV-Growth 2025,SSP3,1,Finland,billion USD_2010/yr,GDP|PPP,ANNUAL,,,,,,,,,,239.370833,256.8459024,267.3008834,274.0449916,278.0301464,281.0964993,284.7224552,289.1517259,294.1643764,298.3652204,301.5623454,304.0996654,306.4943248,309.0044713,311.5596238,313.6315986
OECD ENV-Growth 2025,SSP3,1,Finland,billion USD_2015/yr,GDP|PPP,ANNUAL,,,,,,,,,,265.7882488,285.1918998,296.8007122,304.2891128,308.7140768,312.1188382,316.1449614,321.0630547,326.6289108,331.2933678,334.8433336,337.660677,340.3196155,343.1067865,345.9439305,348.2445724
OECD ENV-Growth 2025,SSP3,1,Finland,billion USD_2017/yr,GDP|PPP,ANNUAL,,,,,,,,,,281.888,302.467,314.779,322.721,327.414,331.025,335.295,340.511,346.414,351.361,355.126,358.114,360.934,363.89,366.899,369.339
OECD ENV-Growth 2025,SSP3,1,France,billion USD_2010/yr,GDP|PPP,ANNUAL,,,,,,,,,,2732.28363,2946.419198,3099.040943,3218.86554,3314.982484,3402.89588,3489.471835,3572.921412,3651.038258,3722.144181,3792.696385,3867.158692,3947.924866,4033.55524,4118.768196,4198.801759
OECD ENV-Growth 2025,SSP3,1,France,billion USD_2015/yr,GDP|PPP,ANNUAL,,,,,,,,,,3022.753585,3259.653974,3428.500987,3561.064175,3667.399342,3764.65884,3860.438713,3952.759841,4039.181314,4117.84653,4195.899163,4278.277581,4367.630033,4462.3638,4556.635773,4645.177729
OECD ENV-Growth 2025,SSP3,1,France,billion USD_2017/yr,GDP|PPP,ANNUAL,,,,,,,,,,3207.38,3458.75,3637.91,3778.57,3891.4,3994.6,4096.23,4194.19,4285.89,4369.36,4452.18,4539.59,4634.4,4734.92,4834.95,4928.9
OECD ENV-Growth 2025,SSP3,1,French Guiana,billion USD_2017/yr,GDP|PPP,ANNUAL,,,,,,,,,,16.1071,18.6722,21.2018,23.7902,26.4645,29.2768,32.2449,35.3051,38.481,41.7026,45.0436,48.3748,51.635,54.8519,58.0728,61.3333
OECD ENV-Growth 2025,SSP3,1,French Polynesia,billion USD_2017/yr,GDP|PPP,ANNUAL,,,,,,,,,,5.43604,6.22304,6.87193,7.40872,7.83582,8.23905,8.64798,9.06924,9.50947,9.95637,10.4235,10.9323,11.4975,12.1279,12.8255,13.5998
OECD ENV-Growth 2025,SSP3,1,Gabon,billion USD_2010/yr,GDP|PPP,ANNUAL,,,,,,,,,,37.05888535,43.17080935,51.36138658,59.2272064,66.77053338,74.27824513,81.97720862,89.9012892,97.95846371,105.9059104,113.7330269,121.2770744,128.4546762,135.3543556,142.0811056,148.7234495
OECD ENV-Growth 2025,SSP3,1,Gabon,billion USD_2015/yr,GDP|PPP,ANNUAL,,,,,,,,,,34.12036131,39.74765022,47.28876895,54.53088139,61.47607252,68.38847247,75.47695917,82.77271267,90.19100662,97.50827341,104.7147515,111.660606,118.2690715,124.6216521,130.8150154,136.9306654
OECD ENV-Growth 2025,SSP3,1,Gabon,billion USD_2017/yr,GDP|PPP,ANNUAL,,,,,,,,,,36.0025,41.9402,49.8973,57.5389,64.8672,72.1609,79.6404,87.3386,95.1661,102.887,110.491,117.82,124.793,131.496,138.031,144.484
OECD ENV-Growth 2025,SSP3,1,Gambia,billion USD_2010/yr,GDP|PPP,ANNUAL,,,,,,,,,,7.146172935,9.289957365,12.30577299,15.55626447,19.03577634,22.86032346,27.05844258,31.54618377,36.236484,41.02889391,45.85824594,50.63156217,55.29882546,59.80804704,64.12612428,68.31583803
OECD ENV-Growth 2025,SSP3,1,Gambia,billion USD_2015/yr,GDP|PPP,ANNUAL,,,,,,,,,,6.914178839,8.988367229,11.9062771,15.05124429,18.41779693,22.11818356,26.1800145,30.5220652,35.06009904,39.69692766,44.36949911,48.98785391,53.50359868,57.86643242,62.04432716,66.09802561
OECD ENV-Growth 2025,SSP3,1,Gambia,billion USD_2017/yr,GDP|PPP,ANNUAL,,,,,,,,,,6.88655,8.95245,11.8587,14.9911,18.3442,22.0298,26.0754,30.4001,34.92,39.5383,44.1922,48.7921,53.2898,57.6352,61.7964,65.8339
OECD ENV-Growth 2025,SSP3,1,Georgia,billion USD_2010/yr,GDP|PPP,ANNUAL,,,,,,,,,,57.60969412,74.78177556,90.59233748,100.8586026,106.94318,111.1684512,114.8177968,118.200193,121.3319836,123.7111795,125.5370197,127.1379375,128.9427642,131.1133815,133.5128126,135.9418183
OECD ENV-Growth 2025,SSP3,1,Georgia,billion USD_2015/yr,GDP|PPP,ANNUAL,,,,,,,,,,70.98480332,92.14368713,111.6249506,124.2747106,131.7719303,136.978173,141.4747786,145.6424579,149.5013492,152.4329174,154.6826587,156.6552579,158.879107,161.5536716,164.510173,167.5031152
OECD ENV-Growth 2025,SSP3,1,Georgia,billion USD_2017/yr,GDP|PPP,ANNUAL,,,,,,,,,,74.022,96.0862,116.401,129.592,137.41,142.839,147.528,151.874,155.898,158.955,161.301,163.358,165.677,168.466,171.549,174.67
OECD ENV-Growth 2025,SSP3,1,Germany,billion USD_2010/yr,GDP|PPP,ANNUAL,,,,,,,,,,3807.937531,3998.092436,4129.817819,4230.095176,4289.933436,4313.17763,4312.506407,4300.150937,4287.43914,4274.810209,4258.999185,4232.954087,4196.078272,4152.821698,4107.054254,4059.472023
OECD ENV-Growth 2025,SSP3,1,Germany,billion USD_2015/yr,GDP|PPP,ANNUAL,,,,,,,,,,4276.192487,4489.730385,4637.653792,4750.262068,4817.458527,4843.561016,4842.807254,4828.932455,4814.657512,4800.475625,4782.720349,4753.472534,4712.062169,4663.486415,4612.091034,4558.657705
OECD ENV-Growth 2025,SSP3,1,Germany,billion USD_2017/yr,GDP|PPP,ANNUAL,,,,,,,,,,4595.24,4824.71,4983.67,5104.68,5176.89,5204.94,5204.13,5189.22,5173.88,5158.64,5139.56,5108.13,5063.63,5011.43,4956.2,4898.78
OECD ENV-Growth 2025,SSP3,1,Ghana,billion USD_2010/yr,GDP|PPP,ANNUAL,,,,,,,,,,208.8362608,267.9057179,337.1214523,409.7587396,485.7672939,567.9610439,658.4415314,755.9400788,859.1324845,963.8617604,1070.937723,1178.539595,1286.172896,1392.674758,1496.421359,1597.496508
OECD ENV-Growth 2025,SSP3,1,Ghana,billion USD_2015/yr,GDP|PPP,ANNUAL,,,,,,,,,,216.815921,278.1424297,350.0029061,425.4156735,504.3285244,589.6629081,683.6006666,784.824646,891.9600467,1000.691042,1111.858391,1223.571744,1335.317727,1445.889039,1553.599811,1658.537054
OECD ENV-Growth 2025,SSP3,1,Ghana,billion USD_2017/yr,GDP|PPP,ANNUAL,,,,,,,,,,199.342,255.726,321.795,391.13,463.683,542.14,628.507,721.573,820.074,920.042,1022.25,1124.96,1227.7,1329.36,1428.39,1524.87
OECD ENV-Growth 2025,SSP3,1,Greece,billion USD_2010/yr,GDP|PPP,ANNUAL,,,,,,,,,,294.6962051,325.3174784,344.9499196,362.5776134,376.0574684,386.2684254,394.6270621,400.638819,403.9383681,404.0634577,402.124983,399.1833061,396.0792614,392.7772271,388.7685608,383.5620165
OECD ENV-Growth 2025,SSP3,1,Greece,billion USD_2015/yr,GDP|PPP,ANNUAL,,,,,,,,,,336.8557827,371.8577705,394.2988513,414.4483833,429.8566818,441.52843,451.0828629,457.9546686,461.726255,461.86924,459.6534449,456.2909284,452.7428154,448.9683883,444.3862376,438.4348391
OECD ENV-Growth 2025,SSP3,1,Greece,billion USD_2017/yr,GDP|PPP,ANNUAL,,,,,,,,,,355.738,392.702,416.401,437.68,453.952,466.278,476.368,483.625,487.608,487.759,485.419,481.868,478.121,474.135,469.296,463.011
OECD ENV-Growth 2025,SSP3,1,Grenada,billion USD_2010/yr,GDP|PPP,ANNUAL,,,,,,,,,,1.639383355,1.889679113,2.136589322,2.342532766,2.488978018,2.608120192,2.724289886,2.847165883,2.979137507,3.10274245,3.215664285,3.322438675,3.433173672,3.554194907,3.68631232,3.827201383
OECD ENV-Growth 2025,SSP3,1,Grenada,billion USD_2015/yr,GDP|PPP,ANNUAL,,,,,,,,,,1.891510856,2.180300627,2.465184172,2.702800504,2.871768172,3.009233711,3.143269619,3.285043221,3.437311303,3.579925958,3.710214506,3.833410168,3.961175555,4.100809143,4.253245435,4.415802406
OECD ENV-Growth 2025,SSP3,1,Grenada,billion USD_2017/yr,GDP|PPP,ANNUAL,,,,,,,,,,2.02408,2.33311,2.63796,2.89223,3.07304,3.22014,3.36357,3.51528,3.67822,3.83083,3.97025,4.10208,4.2388,4.38822,4.55134,4.72529
OECD ENV-Growth 2025,SSP3,1,Guam,billion USD_2017/yr,GDP|PPP,ANNUAL,,,,,,,,,,6.89789,8.75733,10.343,11.7021,12.9399,14.1307,15.2611,16.3093,17.2792,18.1586,18.9885,19.7831,20.547,21.2788,21.9688,22.6314
OECD ENV-Growth 2025,SSP3,1,Guatemala,billion USD_2010/yr,GDP|PPP,ANNUAL,,,,,,,,,,161.0791487,194.4962819,233.0979979,276.4797219,323.647826,373.6780901,425.9102265,478.262,529.4411465,577.03757,621.451279,661.9772359,698.7716083,732.743091,764.4341609,794.5471159
OECD ENV-Growth 2025,SSP3,1,Guatemala,billion USD_2015/yr,GDP|PPP,ANNUAL,,,,,,,,,,177.8690996,214.7694399,257.3947736,305.2983555,357.3829877,412.6281147,470.3046243,528.1132414,584.6270036,637.1846007,686.2277357,730.9778819,771.6074851,809.119957,844.1143193,877.366073
OECD ENV-Growth 2025,SSP3,1,Guatemala,billion USD_2017/yr,GDP|PPP,ANNUAL,,,,,,,,,,176.378,212.969,255.237,302.739,354.387,409.169,466.362,523.686,579.726,631.843,680.475,724.85,765.139,802.337,837.038,870.011
OECD ENV-Growth 2025,SSP3,1,Guinea,billion USD_2010/yr,GDP|PPP,ANNUAL,,,,,,,,,,39.27564537,51.65041446,69.44397415,91.29241057,116.5771532,145.018842,176.359334,209.9550401,245.27995,281.1565076,317.2461216,352.406598,386.3152581,418.6812493,449.4559487,478.4041987
OECD ENV-Growth 2025,SSP3,1,Guinea,billion USD_2015/yr,GDP|PPP,ANNUAL,,,,,,,,,,38.71222343,50.90947241,68.44777769,89.98279115,114.9048159,142.9384994,173.8294018,206.9431665,241.7613291,277.1232258,312.6951225,347.3512104,380.7734397,412.6751302,443.0083564,471.5413343
OECD ENV-Growth 2025,SSP3,1,Guinea,billion USD_2017/yr,GDP|PPP,ANNUAL,,,,,,,,,,44.4269,58.4247,78.552,103.266,131.867,164.039,199.49,237.492,277.45,318.032,358.855,398.627,436.983,473.594,508.405,541.15
OECD ENV-Growth 2025,SSP3,1,Guinea-Bissau,billion USD_2010/yr,GDP|PPP,ANNUAL,,,,,,,,,,3.911583379,4.961304606,6.205275849,7.540548667,8.936067164,10.42794099,12.03156376,13.70431258,15.40988175,17.10681017,18.77251569,20.36481108,21.85690274,23.23513972,24.51201119,25.70777572
OECD ENV-Growth 2025,SSP3,1,Guinea-Bissau,billion USD_2015/yr,GDP|PPP,ANNUAL,,,,,,,,,,4.732132742,6.002058423,7.506982768,9.122361403,10.81062371,12.6154542,14.55547569,16.5791241,18.64247772,20.69537798,22.71050558,24.63682349,26.44191752,28.1092731,29.65399929,31.1006044
OECD ENV-Growth 2025,SSP3,1,Guinea-Bissau,billion USD_2017/yr,GDP|PPP,ANNUAL,,,,,,,,,,5.38701,6.83268,8.54587,10.3848,12.3067,14.3613,16.5698,18.8735,21.2224,23.5594,25.8534,28.0463,30.1012,31.9993,33.7578,35.4046
OECD ENV-Growth 2025,SSP3,1,Guyana,billion USD_2010/yr,GDP|PPP,ANNUAL,,,,,,,,,,50.97883873,104.8615218,154.2895156,202.1943047,241.4228169,257.0365212,246.1464631,219.2850042,189.4250569,163.4201867,142.8937193,127.0309967,114.7358249,105.0720321,97.40295299,91.3118455
OECD ENV-Growth 2025,SSP3,1,Guyana,billion USD_2015/yr,GDP|PPP,ANNUAL,,,,,,,,,,59.23766403,121.8496096,179.2851842,234.9507872,280.5345134,298.6777154,286.0234137,254.810265,220.1128578,189.8950694,166.0432121,147.6106496,133.3235989,122.0942237,113.1827156,106.1048184
OECD ENV-Growth 2025,SSP3,1,Guyana,billion USD_2017/yr,GDP|PPP,ANNUAL,,,,,,,,,,59.5733,122.54,180.301,236.282,282.124,300.37,287.644,256.254,221.36,190.971,166.984,148.447,134.079,122.786,113.824,106.706
OECD ENV-Growth 2025,SSP3,1,Haiti,billion USD_2010/yr,GDP|PPP,ANNUAL,,,,,,,,,,29.97246171,33.49214633,40.99370472,49.13564674,57.05802604,65.14752561,73.6453075,82.40493554,91.33296517,99.79441259,107.9637199,115.8575441,123.6149997,131.3404224,139.0429644,146.6878472
OECD ENV-Growth 2025,SSP3,1,Haiti,billion USD_2015/yr,GDP|PPP,ANNUAL,,,,,,,,,,30.59812562,34.19128235,41.84943295,50.16133496,58.24909097,66.50745581,75.18262571,84.12510771,93.23950662,101.8775836,110.2174221,118.276027,126.1954165,134.0821045,141.9454342,149.749901
OECD ENV-Growth 2025,SSP3,1,Haiti,billion USD_2017/yr,GDP|PPP,ANNUAL,,,,,,,,,,32.7487,36.5944,44.7908,53.6869,62.3431,71.1819,80.4668,90.0378,99.7928,109.038,117.964,126.589,135.065,143.506,151.922,160.275
OECD ENV-Growth 2025,SSP3,1,Honduras,billion USD_2010/yr,GDP|PPP,ANNUAL,,,,,,,,,,50.82678225,61.25703954,73.4983378,86.83508134,100.3845003,114.7523197,130.0363748,145.7606891,161.9252623,178.3041416,194.6146914,210.4205351,225.7410844,240.8356807,255.9939475,271.5388969
OECD ENV-Growth 2025,SSP3,1,Honduras,billion USD_2015/yr,GDP|PPP,ANNUAL,,,,,,,,,,59.76431677,72.02866193,86.42250696,102.1044237,118.0364133,134.9307133,152.9023628,171.3916878,190.3986883,209.6576791,228.8363251,247.421516,265.4360768,283.1849523,301.0086945,319.2871147
OECD ENV-Growth 2025,SSP3,1,Honduras,billion USD_2017/yr,GDP|PPP,ANNUAL,,,,,,,,,,65.4587,78.8916,94.6569,111.833,129.283,147.787,167.471,187.722,208.54,229.634,250.64,270.996,290.727,310.167,329.689,349.709
OECD ENV-Growth 2025,SSP3,1,Hong Kong,billion USD_2010/yr,GDP|PPP,ANNUAL,,,,,,,,,,454.7715544,511.6524755,540.0182364,543.0464458,533.1104328,513.8666502,488.9265393,462.5843731,438.0407451,414.1674986,390.8832303,367.6660001,345.9207364,326.7152612,310.456592,296.806665
OECD ENV-Growth 2025,SSP3,1,Hong Kong,billion USD_2015/yr,GDP|PPP,ANNUAL,,,,,,,,,,468.1456241,526.6993178,555.8992682,559.0165322,548.7883177,528.9786076,503.3050499,476.1882047,450.9227897,426.347471,402.3784514,378.4784413,356.0936858,336.3234098,319.5866004,305.5352518
OECD ENV-Growth 2025,SSP3,1,Hong Kong,billion USD_2017/yr,GDP|PPP,ANNUAL,,,,,,,,,,474.864,534.258,563.877,567.039,556.664,536.57,510.528,483.022,457.394,432.466,408.153,383.91,361.204,341.15,324.173,309.92
OECD ENV-Growth 2025,SSP3,1,Hungary,billion USD_2010/yr,GDP|PPP,ANNUAL,,,,,,,,,,316.6928994,358.4076238,383.6056057,395.7444164,399.4871571,399.9828726,398.3802369,394.9892942,389.9619575,383.5460843,376.3857496,368.677285,360.4162487,351.7127996,342.7046366,333.2629445
OECD ENV-Growth 2025,SSP3,1,Hungary,billion USD_2015/yr,GDP|PPP,ANNUAL,,,,,,,,,,347.0974198,392.8170214,420.4341689,433.7383821,437.8404496,438.3837569,436.627258,432.9107634,427.4007706,420.3689331,412.5211609,404.072635,395.018487,385.4794518,375.6064481,365.258294
OECD ENV-Growth 2025,SSP3,1,Hungary,billion USD_2017/yr,GDP|PPP,ANNUAL,,,,,,,,,,356.484,403.44,431.804,445.468,449.681,450.239,448.435,444.618,438.959,431.737,423.677,415,405.701,395.904,385.764,375.136
OECD ENV-Growth 2025,SSP3,1,Iceland,billion USD_2010/yr,GDP|PPP,ANNUAL,,,,,,,,,,19.4792561,22.17266796,24.38292843,26.19510233,27.64011469,28.76766349,29.6135346,30.23245447,30.66641074,30.86947679,30.87023106,30.70705747,30.42177606,30.07246557,29.70656115,29.32230285
OECD ENV-Growth 2025,SSP3,1,Iceland,billion USD_2015/yr,GDP|PPP,ANNUAL,,,,,,,,,,21.93141798,24.96389217,27.45239307,29.49269394,31.11961285,32.38910404,33.34145832,34.03829141,34.52687662,34.75550581,34.75635503,34.5726402,34.25144591,33.85816218,33.44619559,33.01356462
OECD ENV-Growth 2025,SSP3,1,Iceland,billion USD_2017/yr,GDP|PPP,ANNUAL,,,,,,,,,,23.2428,26.4566,29.0939,31.2562,32.9804,34.3258,35.3351,36.0736,36.5914,36.8337,36.8346,36.6399,36.2995,35.8827,35.4461,34.9876
OECD ENV-Growth 2025,SSP3,1,India,billion USD_2010/yr,GDP|PPP,ANNUAL,,,,,,,,,,11643.33058,15381.3664,18929.28248,22222.12865,25196.13742,28040.83718,30840.88985,33503.7488,35961.01431,38167.25081,40194.89894,42019.02336,43677.66773,45216.76039,46697.60485,48199.63944
OECD ENV-Growth 2025,SSP3,1,India,billion USD_2015/yr,GDP|PPP,ANNUAL,,,,,,,,,,11852.80934,15658.09731,19269.84505,22621.93382,25649.44891,28545.32854,31395.75782,34106.52509,36608.00002,38853.9296,40918.05778,42775.00059,44463.48613,46030.26908,47537.75588,49066.81404
OECD ENV-Growth 2025,SSP3,1,India,billion USD_2017/yr,GDP|PPP,ANNUAL,,,,,,,,,,11813.6,15606.3,19206.1,22547.1,25564.6,28450.9,31291.9,33993.7,36486.9,38725.4,40782.7,42633.5,44316.4,45878,47380.5,48904.5
OECD ENV-Growth 2025,SSP3,1,Indonesia,billion USD_2010/yr,GDP|PPP,ANNUAL,,,,,,,,,,4072.401067,5050.325085,5902.970039,6653.751331,7265.672421,7780.154239,8262.618244,8696.023854,9072.415377,9406.092529,9708.747612,9980.052133,10224.68712,10444.13079,10642.86913,10827.74916
OECD ENV-Growth 2025,SSP3,1,Indonesia,billion USD_2015/yr,GDP|PPP,ANNUAL,,,,,,,,,,4005.265664,4967.068155,5805.656866,6544.061183,7145.894473,7651.894822,8126.405186,8552.665905,8922.852441,9251.028772,9548.694447,9815.526388,10056.12845,10271.95449,10467.41654,10649.24874
OECD ENV-Growth 2025,SSP3,1,Indonesia,billion USD_2017/yr,GDP|PPP,ANNUAL,,,,,,,,,,3967.11,4919.75,5750.35,6481.72,7077.82,7579,8048.99,8471.19,8837.85,9162.9,9457.73,9722.02,9960.33,10174.1,10367.7,10547.8
OECD ENV-Growth 2025,SSP3,1,Iran,billion USD_2010/yr,GDP|PPP,ANNUAL,,,,,,,,,,1790.947745,1995.060521,2234.401193,2407.72146,2529.992268,2616.767843,2679.762464,2732.294436,2775.056409,2791.388347,2789.10382,2779.321669,2771.751135,2770.377989,2772.966309,2774.801222
OECD ENV-Growth 2025,SSP3,1,Iran,billion USD_2015/yr,GDP|PPP,ANNUAL,,,,,,,,,,1454.626442,1620.408969,1814.803959,1955.576488,2054.886114,2125.366142,2176.531029,2219.198045,2253.929766,2267.194736,2265.33922,2257.394055,2251.245188,2250.129904,2252.232165,2253.7225
OECD ENV-Growth 2025,SSP3,1,Iran,billion USD_2017/yr,GDP|PPP,ANNUAL,,,,,,,,,,1473.82,1641.79,1838.75,1981.38,2082,2153.41,2205.25,2248.48,2283.67,2297.11,2295.23,2287.18,2280.95,2279.82,2281.95,2283.46
OECD ENV-Growth 2025,SSP3,1,Iraq,billion USD_2010/yr,GDP|PPP,ANNUAL,,,,,,,,,,629.8446572,735.0997638,960.6579383,1368.265467,1826.179495,2293.106175,2769.707453,3255.870177,3753.220923,4255.847438,4763.070801,5264.537495,5757.786438,6247.38619,6737.721438,7232.002904
OECD ENV-Growth 2025,SSP3,1,Iraq,billion USD_2015/yr,GDP|PPP,ANNUAL,,,,,,,,,,451.6589334,527.1369241,688.8837348,981.1773658,1309.545574,1644.376716,1986.145472,2334.7707,2691.418812,3051.850155,3415.577878,3775.177518,4128.884244,4479.974151,4831.591478,5186.038622
OECD ENV-Growth 2025,SSP3,1,Iraq,billion USD_2017/yr,GDP|PPP,ANNUAL,,,,,,,,,,445.304,519.72,679.191,967.372,1291.12,1621.24,1958.2,2301.92,2653.55,3008.91,3367.52,3722.06,4070.79,4416.94,4763.61,5113.07
OECD ENV-Growth 2025,SSP3,1,Ireland,billion USD_2010/yr,GDP|PPP,ANNUAL,,,,,,,,,,481.1713194,541.5751289,590.6342567,644.0886134,705.9164449,768.575023,821.7146299,864.6445866,897.0453133,917.1860881,927.5140713,931.9575995,933.7124712,933.5192743,930.4925232,923.7386822
OECD ENV-Growth 2025,SSP3,1,Ireland,billion USD_2015/yr,GDP|PPP,ANNUAL,,,,,,,,,,584.2219483,657.5622117,717.128146,782.0306187,857.0998815,933.1778086,997.6981226,1049.822225,1089.162092,1113.616339,1126.156227,1131.551409,1133.682115,1133.447542,1129.772563,1121.572278
OECD ENV-Growth 2025,SSP3,1,Ireland,billion USD_2017/yr,GDP|PPP,ANNUAL,,,,,,,,,,597.738,672.775,733.719,800.123,876.929,954.767,1020.78,1074.11,1114.36,1139.38,1152.21,1157.73,1159.91,1159.67,1155.91,1147.52
OECD ENV-Growth 2025,SSP3,1,Israel,billion USD_2010/yr,GDP|PPP,ANNUAL,,,,,,,,,,394.4461925,470.6968216,542.5235425,613.8687903,684.3981849,752.2362903,824.0989293,899.4310822,976.7062313,1053.750479,1130.880245,1208.300777,1286.978441,1367.588839,1450.21749,1534.539421
OECD ENV-Growth 2025,SSP3,1,Israel,billion USD_2015/yr,GDP|PPP,ANNUAL,,,,,,,,,,439.578233,524.5533638,604.5984083,684.1068902,762.70617,838.3062267,918.391299,1002.342863,1088.459738,1174.319292,1260.27415,1346.553042,1434.232906,1524.066645,1616.149563,1710.119504
OECD ENV-Growth 2025,SSP3,1,Israel,billion USD_2017/yr,GDP|PPP,ANNUAL,,,,,,,,,,461.237,550.399,634.388,717.814,800.286,879.611,963.642,1051.73,1142.09,1232.18,1322.37,1412.9,1504.9,1599.16,1695.78,1794.38
OECD ENV-Growth 2025,SSP3,1,Italy,billion USD_2010/yr,GDP|PPP,ANNUAL,,,,,,,,,,2207.353065,2315.244884,2420.32672,2494.614106,2542.449744,2568.151614,2575.081807,2564.773042,2544.32856,2515.989756,2484.437187,2453.395525,2424.076111,2396.248213,2368.997144,2340.114472
OECD ENV-Growth 2025,SSP3,1,Italy,billion USD_2015/yr,GDP|PPP,ANNUAL,,,,,,,,,,2455.881923,2575.921428,2692.834569,2775.486072,2828.707589,2857.303268,2865.013741,2853.544297,2830.797944,2799.268435,2764.163321,2729.626636,2697.006109,2666.04503,2635.725727,2603.591116
OECD ENV-Growth 2025,SSP3,1,Italy,billion USD_2017/yr,GDP|PPP,ANNUAL,,,,,,,,,,2678.69,2809.62,2937.14,3027.29,3085.34,3116.53,3124.94,3112.43,3087.62,3053.23,3014.94,2977.27,2941.69,2907.92,2874.85,2839.8
OECD ENV-Growth 2025,SSP3,1,Jamaica,billion USD_2010/yr,GDP|PPP,ANNUAL,,,,,,,,,,25.13869857,27.0797481,29.06119105,30.97850424,32.593658,34.20089965,35.9478942,37.83797307,39.86755498,41.9490237,44.10886398,46.33391673,48.70505206,51.30022513,54.18889594,57.42236831
OECD ENV-Growth 2025,SSP3,1,Jamaica,billion USD_2015/yr,GDP|PPP,ANNUAL,,,,,,,,,,27.95967651,30.11854392,32.32233756,34.45480502,36.25120576,38.03880652,39.98184276,42.08401975,44.34135434,46.65639829,49.05860839,51.53334887,54.17056483,57.05695925,60.26978673,63.8661082
OECD ENV-Growth 2025,SSP3,1,Jamaica,billion USD_2017/yr,GDP|PPP,ANNUAL,,,,,,,,,,30.1838,32.5144,34.8935,37.1956,39.1349,41.0647,43.1623,45.4317,47.8686,50.3678,52.9611,55.6327,58.4797,61.5957,65.0641,68.9465
OECD ENV-Growth 2025,SSP3,1,Japan,billion USD_2010/yr,GDP|PPP,ANNUAL,,,,,,,,,,5029.84449,5215.830794,5321.697636,5297.695212,5202.632245,5096.245629,4975.936493,4832.469565,4673.353725,4509.160806,4355.697509,4223.173682,4111.89562,4015.700289,3928.498905,3845.864108
OECD ENV-Growth 2025,SSP3,1,Japan,billion USD_2015/yr,GDP|PPP,ANNUAL,,,,,,,,,,5485.705443,5688.547913,5804.009596,5777.831802,5674.153163,5558.124598,5426.911698,5270.442187,5096.905484,4917.83156,4750.459696,4605.925073,4484.561745,4379.648113,4284.543561,4194.419472
OECD ENV-Growth 2025,SSP3,1,Japan,billion USD_2017/yr,GDP|PPP,ANNUAL,,,,,,,,,,5419.11,5619.49,5733.55,5707.69,5605.27,5490.65,5361.03,5206.46,5035.03,4858.13,4692.79,4550.01,4430.12,4326.48,4232.53,4143.5
OECD ENV-Growth 2025,SSP3,1,Jordan,billion USD_2010/yr,GDP|PPP,ANNUAL,,,,,,,,,,95.37545278,110.6704518,127.8488121,146.9414495,167.1671117,189.1733607,212.9317875,237.6486062,262.3704383,286.5817407,310.1914371,333.4334853,356.6496311,379.7688514,402.4911788,424.8433514
OECD ENV-Growth 2025,SSP3,1,Jordan,billion USD_2015/yr,GDP|PPP,ANNUAL,,,,,,,,,,106.3818844,123.4419431,142.6027049,163.8986536,186.4583793,211.0041736,237.5043488,265.0735154,292.648274,319.6535872,345.9878684,371.9120744,397.8073888,423.5945924,448.9391013,473.870739
OECD ENV-Growth 2025,SSP3,1,Jordan,billion USD_2017/yr,GDP|PPP,ANNUAL,,,,,,,,,,114.145,132.45,153.009,175.859,200.065,226.402,254.836,284.417,314.004,342.98,371.236,399.052,426.837,454.506,481.7,508.451
OECD ENV-Growth 2025,SSP3,1,Kazakhstan,billion USD_2010/yr,GDP|PPP,ANNUAL,,,,,,,,,,537.2061469,617.7912682,706.9132422,780.1188311,829.9703595,861.1995512,887.0085336,914.7574581,948.5320163,985.7157782,1023.831672,1062.48285,1102.832169,1144.925775,1187.757703,1229.971286
OECD ENV-Growth 2025,SSP3,1,Kazakhstan,billion USD_2015/yr,GDP|PPP,ANNUAL,,,,,,,,,,554.3618792,637.5204944,729.4885876,805.0320043,856.4755463,888.7020454,915.3352402,943.9703294,978.8234815,1017.194711,1056.527839,1096.413346,1138.051225,1181.489094,1225.688864,1269.250543
OECD ENV-Growth 2025,SSP3,1,Kazakhstan,billion USD_2017/yr,GDP|PPP,ANNUAL,,,,,,,,,,582.083,669.4,765.967,845.288,899.304,933.142,961.107,991.174,1027.77,1068.06,1109.36,1151.24,1194.96,1240.57,1286.98,1332.72
OECD ENV-Growth 2025,SSP3,1,Kenya,billion USD_2010/yr,GDP|PPP,ANNUAL,,,,,,,,,,216.9011913,281.7599705,354.3005566,429.0699545,506.0201265,587.4582992,674.0393404,763.1861645,854.0482201,943.4196915,1031.187549,1115.592761,1196.140822,1273.00834,1347.452777,1419.742577
OECD ENV-Growth 2025,SSP3,1,Kenya,billion USD_2015/yr,GDP|PPP,ANNUAL,,,,,,,,,,277.4724421,360.4435117,453.2415892,548.8908906,647.3299634,751.5103438,862.2697768,976.3115063,1092.547458,1206.876569,1319.154245,1427.130233,1530.171931,1628.505269,1723.738861,1816.21612
OECD ENV-Growth 2025,SSP3,1,Kenya,billion USD_2017/yr,GDP|PPP,ANNUAL,,,,,,,,,,307.035,398.846,501.531,607.371,716.298,831.578,954.138,1080.33,1208.95,1335.46,1459.7,1579.18,1693.2,1802.01,1907.39,2009.72
OECD ENV-Growth 2025,SSP3,1,Kiribati,billion USD_2010/yr,GDP|PPP,ANNUAL,,,,,,,,,,0.225132394,0.258152323,0.323878873,0.397802996,0.4691735,0.545616529,0.635440026,0.743421012,0.872300912,1.022934197,1.197477512,1.397735036,1.630471324,1.902486534,2.219370323,2.587050579
OECD ENV-Growth 2025,SSP3,1,Kiribati,billion USD_2015/yr,GDP|PPP,ANNUAL,,,,,,,,,,0.245533534,0.281545676,0.353228262,0.433851271,0.511689256,0.595059431,0.693022591,0.810788642,0.951347434,1.115630867,1.30599102,1.524395563,1.778222043,2.074886839,2.420486133,2.821484989
OECD ENV-Growth 2025,SSP3,1,Kiribati,billion USD_2017/yr,GDP|PPP,ANNUAL,,,,,,,,,,0.252937,0.290035,0.363879,0.446933,0.527118,0.613002,0.713919,0.835236,0.980033,1.14927,1.34537,1.57036,1.83184,2.13745,2.49347,2.90656
OECD ENV-Growth 2025,SSP3,1,Kosovo,billion USD_2010/yr,GDP|PPP,ANNUAL,,,,,,,,,,23.37215575,27.63022861,30.88894337,33.13614094,34.73677314,36.07178989,37.30683134,38.45026565,39.63334167,40.8643824,42.0497089,43.17995661,44.26893632,45.36333654,46.48525445,47.65260369
OECD ENV-Growth 2025,SSP3,1,Kosovo,billion USD_2015/yr,GDP|PPP,ANNUAL,,,,,,,,,,24.43540657,28.88718855,32.29414941,34.64357695,36.31702542,37.71277503,39.00400124,40.19945289,41.43634964,42.72339312,43.96264273,45.1443079,46.2828277,47.42701459,48.59997102,49.82042554
OECD ENV-Growth 2025,SSP3,1,Kosovo,billion USD_2017/yr,GDP|PPP,ANNUAL,,,,,,,,,,24.66538663,29.15906769,32.59809403,34.96963381,36.65883238,38.06771844,39.37109735,40.5778003,41.82633842,43.12549524,44.37640837,45.56919508,46.71843034,47.87338604,49.05738205,50.28932319
OECD ENV-Growth 2025,SSP3,1,Kuwait,billion USD_2010/yr,GDP|PPP,ANNUAL,,,,,,,,,,282.4568296,320.4951276,368.1889263,414.0353684,449.6226066,476.1805455,493.0504863,501.094862,500.3161725,493.0642352,486.6397338,483.1250066,482.9462705,485.0973535,488.4895903,492.1855534
OECD ENV-Growth 2025,SSP3,1,Kuwait,billion USD_2015/yr,GDP|PPP,ANNUAL,,,,,,,,,,194.4170166,220.5990439,253.42702,284.9834475,309.4783931,327.7584088,339.3701073,344.9071075,344.37113,339.3795708,334.9575414,332.53833,332.4153047,333.8959102,336.2308106,338.7747679
OECD ENV-Growth 2025,SSP3,1,Kuwait,billion USD_2017/yr,GDP|PPP,ANNUAL,,,,,,,,,,225.983,256.416,294.574,331.254,359.726,380.974,394.471,400.907,400.284,394.482,389.342,386.53,386.387,388.108,390.822,393.779
OECD ENV-Growth 2025,SSP3,1,Kyrgyzstan,billion USD_2010/yr,GDP|PPP,ANNUAL,,,,,,,,,,29.43225749,35.79896767,42.77622922,49.36747147,55.17534792,60.85020421,66.7995217,72.95556073,79.28001745,85.60089715,91.85470786,98.02430973,104.2811013,110.7137626,117.2283972,123.7482482
OECD ENV-Growth 2025,SSP3,1,Kyrgyzstan,billion USD_2015/yr,GDP|PPP,ANNUAL,,,,,,,,,,34.64380711,42.13786629,50.35058675,58.10893574,64.94520888,71.62490808,78.62766714,85.87375177,93.31807569,100.7581892,108.1193579,115.3814069,122.7460843,130.3177726,137.985949,145.6602656
OECD ENV-Growth 2025,SSP3,1,Kyrgyzstan,billion USD_2017/yr,GDP|PPP,ANNUAL,,,,,,,,,,39.4952,48.0387,57.4015,66.2463,74.0399,81.655,89.6384,97.8992,106.386,114.868,123.26,131.539,139.935,148.567,157.309,166.058
OECD ENV-Growth 2025,SSP3,1,Laos,billion USD_2010/yr,GDP|PPP,ANNUAL,,,,,,,,,,52.88865769,65.99494476,81.0565439,95.74495067,109.885493,124.1291628,138.6564329,153.1047462,167.3782262,180.8887244,194.072921,206.8550818,219.5260584,232.3501147,245.5826523,259.4049498
OECD ENV-Growth 2025,SSP3,1,Laos,billion USD_2015/yr,GDP|PPP,ANNUAL,,,,,,,,,,61.87919712,77.21342106,94.83534045,112.0206285,128.5649207,145.2298709,162.2266308,179.1310119,195.8308398,211.6379868,227.0633641,242.0183635,256.8432786,271.8472953,287.3292311,303.5011801
OECD ENV-Growth 2025,SSP3,1,Laos,billion USD_2017/yr,GDP|PPP,ANNUAL,,,,,,,,,,65.6445,81.9118,100.606,118.837,136.388,154.067,172.098,190.031,207.747,224.516,240.88,256.745,272.472,288.389,304.813,321.969
OECD ENV-Growth 2025,SSP3,1,Latvia,billion USD_2010/yr,GDP|PPP,ANNUAL,,,,,,,,,,54.21181536,59.13528902,61.99567719,62.94518156,61.9497658,60.397894,58.41977384,56.39557505,54.36318077,52.2250816,49.96480293,47.66354689,45.42091359,43.29393684,41.26053904,39.25323296
OECD ENV-Growth 2025,SSP3,1,Latvia,billion USD_2015/yr,GDP|PPP,ANNUAL,,,,,,,,,,60.79490971,66.31625473,69.52398794,70.58879331,69.4725014,67.7321814,65.51385252,63.24384952,60.96465586,58.56692124,56.03217053,53.45146644,50.93650382,48.55124226,46.27092321,44.01986426
OECD ENV-Growth 2025,SSP3,1,Latvia,billion USD_2017/yr,GDP|PPP,ANNUAL,,,,,,,,,,64.8255,70.7129,74.1333,75.2687,74.0784,72.2227,69.8573,67.4368,65.0065,62.4498,59.747,56.9952,54.3135,51.7701,49.3386,46.9383
OECD ENV-Growth 2025,SSP3,1,Lebanon,billion USD_2010/yr,GDP|PPP,ANNUAL,,,,,,,,,,53.91118971,60.26109851,66.57016766,73.16665838,79.95152099,87.09189698,94.53721928,101.9478009,109.0565242,115.610168,121.5817118,127.0244246,132.0541088,136.6136353,140.6312066,144.2975106
OECD ENV-Growth 2025,SSP3,1,Lebanon,billion USD_2015/yr,GDP|PPP,ANNUAL,,,,,,,,,,64.73049432,72.35475076,79.92997155,87.85029583,95.9967959,104.5701565,113.5096623,122.4074553,130.9428109,138.8116895,145.9816477,152.5166452,158.5557245,164.0302912,168.854139,173.2562245
OECD ENV-Growth 2025,SSP3,1,Lebanon,billion USD_2017/yr,GDP|PPP,ANNUAL,,,,,,,,,,69.8317,78.0568,86.229,94.7735,103.562,112.811,122.455,132.054,141.262,149.751,157.486,164.536,171.051,176.957,182.161,186.91
OECD ENV-Growth 2025,SSP3,1,Lesotho,billion USD_2010/yr,GDP|PPP,ANNUAL,,,,,,,,,,5.313581686,5.930083806,6.918867604,7.890950883,8.776688347,9.647106537,10.54195664,11.45429654,12.38654791,13.31521163,14.22620617,15.09100968,15.92908519,16.76276582,17.60604342,18.46071182
OECD ENV-Growth 2025,SSP3,1,Lesotho,billion USD_2015/yr,GDP|PPP,ANNUAL,,,,,,,,,,6.55329478,7.313633166,8.533110363,9.731990639,10.82437974,11.89787541,13.00150322,14.12670138,15.27645655,16.42178704,17.54532594,18.61189699,19.6455041,20.67369098,21.71371389,22.76778519
OECD ENV-Growth 2025,SSP3,1,Lesotho,billion USD_2017/yr,GDP|PPP,ANNUAL,,,,,,,,,,5.9243,6.61166,7.71409,8.7979,9.78544,10.7559,11.7536,12.7708,13.8102,14.8456,15.8613,16.8255,17.7599,18.6894,19.6296,20.5825
OECD ENV-Growth 2025,SSP3,1,Liberia,billion USD_2010/yr,GDP|PPP,ANNUAL,,,,,,,,,,6.211765735,8.47344745,10.9887402,13.69558248,16.55639092,19.67294802,23.10169875,26.77180748,30.63626005,34.6337215,38.73568991,42.87007225,46.93718172,50.90292782,54.7449561,58.48967275
OECD ENV-Growth 2025,SSP3,1,Liberia,billion USD_2015/yr,GDP|PPP,ANNUAL,,,,,,,,,,6.993447187,9.539736326,12.37155062,15.41901882,18.6398281,22.14856917,26.00878993,30.14074093,34.49149177,38.99198916,43.61014456,48.26479282,52.84370266,57.30849368,61.63399839,65.84994587
OECD ENV-Growth 2025,SSP3,1,Liberia,billion USD_2017/yr,GDP|PPP,ANNUAL,,,,,,,,,,8.89204,12.1296,15.7302,19.605,23.7002,28.1615,33.0697,38.3234,43.8553,49.5776,55.4495,61.3678,67.1898,72.8667,78.3665,83.727
OECD ENV-Growth 2025,SSP3,1,Libya,billion USD_2010/yr,GDP|PPP,ANNUAL,,,,,,,,,,150.8733518,172.275632,182.2692746,202.2777655,230.0696924,263.9389646,302.2787726,342.1665927,381.2466705,417.8919546,452.994046,487.2498393,521.0072999,554.310767,586.5799768,617.5778118
OECD ENV-Growth 2025,SSP3,1,Libya,billion USD_2015/yr,GDP|PPP,ANNUAL,,,,,,,,,,181.6225316,207.3867653,219.4171912,243.5035704,276.9597113,317.7318085,363.8855719,411.9028445,458.9477506,503.0616327,545.3178073,586.5552017,627.1926992,667.2836757,706.1296051,743.4450435
OECD ENV-Growth 2025,SSP3,1,Libya,billion USD_2017/yr,GDP|PPP,ANNUAL,,,,,,,,,,156.525,178.729,189.097,209.855,238.688,273.826,313.602,354.984,395.528,433.546,469.963,505.502,540.524,575.075,608.553,640.712
OECD ENV-Growth 2025,SSP3,1,Lithuania,billion USD_2010/yr,GDP|PPP,ANNUAL,,,,,,,,,,99.13993081,112.349747,117.1542322,117.6561683,115.512448,111.7235859,107.5603703,103.4861265,99.74342921,96.32892087,93.07389055,90.01946678,87.26049704,84.87168417,82.85294424,81.09952538
OECD ENV-Growth 2025,SSP3,1,Lithuania,billion USD_2015/yr,GDP|PPP,ANNUAL,,,,,,,,,,110.7621122,125.5205161,130.8882315,131.4490095,129.0539807,124.8209501,120.1696804,115.6178128,111.4363587,107.6215673,103.9849496,100.5724555,97.49005152,94.82119794,92.56580098,90.6068287
OECD ENV-Growth 2025,SSP3,1,Lithuania,billion USD_2017/yr,GDP|PPP,ANNUAL,,,,,,,,,,118.114,133.852,139.576,140.174,137.62,133.106,128.146,123.292,118.833,114.765,110.887,107.248,103.961,101.115,98.7099,96.6209
OECD ENV-Growth 2025,SSP3,1,Luxembourg,billion USD_2010/yr,GDP|PPP,ANNUAL,,,,,,,,,,62.83422514,71.94088336,76.09034526,77.67644335,76.99343611,74.93811504,72.3264037,69.72823597,67.3831447,65.11640162,62.91312452,60.76851013,58.74114243,56.88944791,55.23594675,53.72378731
OECD ENV-Growth 2025,SSP3,1,Luxembourg,billion USD_2015/yr,GDP|PPP,ANNUAL,,,,,,,,,,76.04202125,87.06290511,92.08458668,94.00408365,93.17750783,90.6901569,87.52946209,84.38515776,81.54712674,78.80391276,76.13750534,73.54209157,71.08856983,68.84764788,66.84657967,65.0165633
OECD ENV-Growth 2025,SSP3,1,Luxembourg,billion USD_2017/yr,GDP|PPP,ANNUAL,,,,,,,,,,79.7977,91.3629,96.6326,98.6469,97.7795,95.1693,91.8525,88.5529,85.5747,82.696,79.8979,77.1743,74.5996,72.248,70.1481,68.2277
OECD ENV-Growth 2025,SSP3,1,Macao,billion USD_2010/yr,GDP|PPP,ANNUAL,,,,,,,,,,69.80923731,84.74300793,98.45495832,110.5862853,120.9016666,129.3580862,136.2541253,142.2586387,147.8127504,151.6352612,153.4216862,153.0978018,151.3518624,149.0306907,146.669877,144.229779
OECD ENV-Growth 2025,SSP3,1,Macao,billion USD_2015/yr,GDP|PPP,ANNUAL,,,,,,,,,,80.61356317,97.85862281,113.692762,127.7016458,139.6135312,149.378745,157.342079,164.2759067,170.6896243,175.1037424,177.1666511,176.7926393,174.7764821,172.0960644,169.3698692,166.552119
OECD ENV-Growth 2025,SSP3,1,Macao,billion USD_2017/yr,GDP|PPP,ANNUAL,,,,,,,,,,82.7664,100.472,116.729,131.112,143.342,153.368,161.544,168.663,175.248,179.78,181.898,181.514,179.444,176.692,173.893,171
OECD ENV-Growth 2025,SSP3,1,Madagascar,billion USD_2010/yr,GDP|PPP,ANNUAL,,,,,,,,,,50.27091399,63.58023418,81.5569029,102.0994225,125.1490942,151.6594283,182.2272952,216.999936,256.3657119,300.06868,348.4092519,400.6858085,456.7688961,517.033041,582.3943008,653.9219037
OECD ENV-Growth 2025,SSP3,1,Madagascar,billion USD_2015/yr,GDP|PPP,ANNUAL,,,,,,,,,,50.87404531,64.34304566,82.53539162,103.3243726,126.6505855,153.4789805,184.413589,219.6034188,259.4414903,303.66879,352.5893337,405.4930845,462.2490357,523.2362069,589.3816463,661.7674101
OECD ENV-Growth 2025,SSP3,1,Madagascar,billion USD_2017/yr,GDP|PPP,ANNUAL,,,,,,,,,,50.8714,64.3397,82.5311,103.319,126.644,153.471,184.404,219.592,259.428,303.653,352.571,405.472,462.225,523.209,589.351,661.733
OECD ENV-Growth 2025,SSP3,1,Malawi,billion USD_2010/yr,GDP|PPP,ANNUAL,,,,,,,,,,34.73139944,43.43135399,55.56532216,72.47594316,93.02269551,116.9468643,143.9963256,173.4791504,204.9005059,237.9245755,272.5419437,307.8518685,343.2800092,378.0365164,411.6976962,443.9193626
OECD ENV-Growth 2025,SSP3,1,Malawi,billion USD_2015/yr,GDP|PPP,ANNUAL,,,,,,,,,,32.75851567,40.96427765,52.40898743,68.35901684,87.73863067,110.3038101,135.8167527,163.6248339,193.2613295,224.4094986,257.0604604,290.3646389,323.7803181,356.5625153,388.3116042,418.7029498
OECD ENV-Growth 2025,SSP3,1,Malawi,billion USD_2017/yr,GDP|PPP,ANNUAL,,,,,,,,,,33.199,41.5151,53.1137,69.2782,88.9184,111.787,137.643,165.825,195.86,227.427,260.517,294.269,328.134,361.357,393.533,424.333
OECD ENV-Growth 2025,SSP3,1,Malaysia,billion USD_2010/yr,GDP|PPP,ANNUAL,,,,,,,,,,1103.465846,1340.478019,1549.374221,1704.781255,1825.311529,1926.429841,2015.200605,2093.405109,2160.861174,2213.864537,2253.872612,2283.506725,2306.450896,2325.356812,2341.732493,2356.215558
OECD ENV-Growth 2025,SSP3,1,Malaysia,billion USD_2015/yr,GDP|PPP,ANNUAL,,,,,,,,,,1090.782619,1325.070576,1531.565726,1685.186513,1804.331414,1904.287472,1992.037906,2069.343528,2136.024253,2188.418396,2227.966619,2257.260117,2279.940568,2298.62918,2314.816639,2329.133236
OECD ENV-Growth 2025,SSP3,1,Malaysia,billion USD_2017/yr,GDP|PPP,ANNUAL,,,,,,,,,,1090.28,1324.46,1530.86,1684.41,1803.5,1903.41,1991.12,2068.39,2135.04,2187.41,2226.94,2256.22,2278.89,2297.57,2313.75,2328.06
OECD ENV-Growth 2025,SSP3,1,Maldives,billion USD_2010/yr,GDP|PPP,ANNUAL,,,,,,,,,,10.49892478,13.53872948,16.37767392,18.95985097,21.2690421,23.30649488,25.1389548,26.82731933,28.32644168,29.31156141,29.84295217,29.9540647,29.83390723,29.64638048,29.50813311,29.40123116
OECD ENV-Growth 2025,SSP3,1,Maldives,billion USD_2015/yr,GDP|PPP,ANNUAL,,,,,,,,,,13.0635058,16.84584609,20.37826184,23.5911894,26.46444855,28.9995916,31.27966802,33.38045074,35.24576495,36.47152069,37.13271471,37.27096878,37.12146035,36.88812628,36.71610911,36.58309415
OECD ENV-Growth 2025,SSP3,1,Maldives,billion USD_2017/yr,GDP|PPP,ANNUAL,,,,,,,,,,13.4647,17.3632,21.0041,24.3157,27.2772,29.8902,32.2403,34.4056,36.3282,37.5916,38.2731,38.4156,38.2615,38.021,37.8437,37.7066
OECD ENV-Growth 2025,SSP3,1,Mali,billion USD_2010/yr,GDP|PPP,ANNUAL,,,,,,,,,,47.67065031,62.21038143,84.21519699,111.7450074,145.256582,185.5025646,232.7695623,286.3170305,345.5906334,410.2574262,479.770796,552.9190986,628.4091698,705.3794721,783.7236005,861.8720809
OECD ENV-Growth 2025,SSP3,1,Mali,billion USD_2015/yr,GDP|PPP,ANNUAL,,,,,,,,,,52.77461893,68.87108005,93.23189218,123.7092455,160.8088145,205.3638265,257.6915748,316.9722268,382.5920953,454.1825881,531.1385679,612.118663,695.6912536,780.9025596,867.6347836,954.1504122
OECD ENV-Growth 2025,SSP3,1,Mali,billion USD_2017/yr,GDP|PPP,ANNUAL,,,,,,,,,,55.5534,72.4974,98.1409,130.223,169.276,216.177,271.26,333.662,402.737,478.097,559.105,644.349,732.322,822.02,913.319,1004.39
OECD ENV-Growth 2025,SSP3,1,Malta,billion USD_2010/yr,GDP|PPP,ANNUAL,,,,,,,,,,24.68412602,29.34714819,33.09670124,35.40516336,36.86790249,37.74444233,38.23725722,38.48099048,38.37699423,37.98698706,37.26436167,36.30538888,35.25439002,34.28455068,33.52193979,32.96698183
OECD ENV-Growth 2025,SSP3,1,Malta,billion USD_2015/yr,GDP|PPP,ANNUAL,,,,,,,,,,26.88603,31.96500885,36.04903417,38.56341859,40.15663878,41.11136882,41.64814439,41.91361945,41.80034639,41.37554932,40.58846341,39.54394714,38.39919577,37.34284363,36.51220538,35.90774337
OECD ENV-Growth 2025,SSP3,1,Malta,billion USD_2017/yr,GDP|PPP,ANNUAL,,,,,,,,,,29.0761,34.5688,38.9855,41.7047,43.4277,44.4602,45.0407,45.3278,45.2053,44.7459,43.8947,42.7651,41.5271,40.3847,39.4864,38.8327
OECD ENV-Growth 2025,SSP3,1,Mauritania,billion USD_2010/yr,GDP|PPP,ANNUAL,,,,,,,,,,28.15462676,35.20774708,44.88134582,55.26045798,66.5616717,79.21724784,93.41576269,109.0373879,125.9442614,143.670435,162.3083658,181.5706124,201.3033844,221.2723344,241.2779012,261.4940144
OECD ENV-Growth 2025,SSP3,1,Mauritania,billion USD_2015/yr,GDP|PPP,ANNUAL,,,,,,,,,,25.71100105,32.15195959,40.98595727,50.46423471,60.78458171,72.34174189,85.30792445,99.5737013,115.0131758,131.2008408,148.2211289,165.8115465,183.8316512,202.0674353,220.3366582,238.7981534
OECD ENV-Growth 2025,SSP3,1,Mauritania,billion USD_2017/yr,GDP|PPP,ANNUAL,,,,,,,,,,30.756,38.4608,49.0282,60.3663,72.7117,86.5366,102.047,119.112,137.581,156.945,177.305,198.347,219.903,241.717,263.571,285.655
OECD ENV-Growth 2025,SSP3,1,Mauritius,billion USD_2010/yr,GDP|PPP,ANNUAL,,,,,,,,,,29.83356985,35.13065922,39.78584426,43.60216035,46.76637002,49.53830482,52.11382645,54.27869108,55.94806513,57.24032957,58.20318606,58.90428088,59.35363229,59.60353749,59.74333366,59.88239455
OECD ENV-Growth 2025,SSP3,1,Mauritius,billion USD_2015/yr,GDP|PPP,ANNUAL,,,,,,,,,,31.19283549,36.73126882,41.59855161,45.58874523,48.8971214,51.79535003,54.48821659,56.75171595,58.49714937,59.84829147,60.85501726,61.58805509,62.05787968,62.31917096,62.46533647,62.6107332
OECD ENV-Growth 2025,SSP3,1,Mauritius,billion USD_2017/yr,GDP|PPP,ANNUAL,,,,,,,,,,32.4593,38.2226,43.2875,47.4397,50.8824,53.8983,56.7005,59.0559,60.8722,62.2782,63.3258,64.0886,64.5775,64.8494,65.0015,65.1528
OECD ENV-Growth 2025,SSP3,1,Mayotte,billion USD_2017/yr,GDP|PPP,ANNUAL,,,,,,,,,,9.61572,13.0753,16.6443,20.7776,25.6132,31.4284,38.4765,46.879,56.8764,68.7141,82.703,99.1774,118.549,141.267,167.827,198.776
OECD ENV-Growth 2025,SSP3,1,Mexico,billion USD_2010/yr,GDP|PPP,ANNUAL,,,,,,,,,,2369.886056,2705.131817,3047.867633,3366.937247,3649.701718,3910.861236,4151.128331,4353.376817,4527.132552,4681.022248,4816.301318,4930.043295,5024.445148,5102.170387,5167.214274,5223.36849
OECD ENV-Growth 2025,SSP3,1,Mexico,billion USD_2015/yr,GDP|PPP,ANNUAL,,,,,,,,,,2645.365254,3019.580497,3402.156451,3758.315207,4073.948655,4365.465757,4633.661869,4859.42003,5053.373398,5225.151469,5376.155586,5503.119105,5608.494375,5695.254515,5767.859203,5830.540872
OECD ENV-Growth 2025,SSP3,1,Mexico,billion USD_2017/yr,GDP|PPP,ANNUAL,,,,,,,,,,2793.85,3189.07,3593.12,3969.27,4302.62,4610.5,4893.75,5132.18,5337.02,5518.44,5677.92,5812.01,5923.3,6014.93,6091.61,6157.81
OECD ENV-Growth 2025,SSP3,1,Micronesia,billion USD_2010/yr,GDP|PPP,ANNUAL,,,,,,,,,,0.315617091,0.335837409,0.380263253,0.43489066,0.494054374,0.566349033,0.65570099,0.762393821,0.889774244,1.039953019,1.219746646,1.43529033,1.692549845,1.997116432,2.354429736,2.772791903
OECD ENV-Growth 2025,SSP3,1,Micronesia,billion USD_2015/yr,GDP|PPP,ANNUAL,,,,,,,,,,0.343357574,0.365355113,0.41368567,0.473114435,0.537478216,0.616127058,0.713332412,0.829402778,0.967979028,1.131357443,1.326953642,1.561442072,1.841312856,2.172648666,2.561367251,3.016500456
OECD ENV-Growth 2025,SSP3,1,Micronesia,billion USD_2017/yr,GDP|PPP,ANNUAL,,,,,,,,,,0.353932,0.376607,0.426426,0.487685,0.554031,0.635102,0.735301,0.854946,0.99779,1.1662,1.36782,1.60953,1.89802,2.23956,2.64025,3.1094
OECD ENV-Growth 2025,SSP3,1,Moldova,billion USD_2010/yr,GDP|PPP,ANNUAL,,,,,,,,,,28.57722192,36.27420098,42.54248923,46.20404866,47.99555036,49.10441665,50.06880944,51.0000543,51.93069372,52.64019559,53.13749019,53.5444983,54.02135924,54.6261954,55.31397706,56.00319664
OECD ENV-Growth 2025,SSP3,1,Moldova,billion USD_2015/yr,GDP|PPP,ANNUAL,,,,,,,,,,34.11948155,43.3092109,50.79316948,55.16485088,57.30379599,58.62771554,59.77914244,60.89099271,62.00212011,62.84922261,63.4429624,63.92890558,64.49824881,65.22038675,66.04155662,66.86444328
OECD ENV-Growth 2025,SSP3,1,Moldova,billion USD_2017/yr,GDP|PPP,ANNUAL,,,,,,,,,,37.7605,47.9309,56.2135,61.0517,63.4189,64.8841,66.1584,67.3889,68.6186,69.5561,70.2132,70.751,71.3811,72.1803,73.0891,73.9998
OECD ENV-Growth 2025,SSP3,1,Mongolia,billion USD_2010/yr,GDP|PPP,ANNUAL,,,,,,,,,,47.53008498,57.09100616,67.50320608,77.01448202,85.58361524,94.33254746,103.9382407,114.3779536,125.6034623,137.0442019,148.4930634,159.9886259,171.5227675,183.0833054,194.6123708,206.1363601
OECD ENV-Growth 2025,SSP3,1,Mongolia,billion USD_2015/yr,GDP|PPP,ANNUAL,,,,,,,,,,45.27965784,54.38789401,64.30710307,73.36804459,81.53145141,89.86614422,99.01703264,108.962452,119.6564618,130.5555118,141.4622991,152.4135764,163.4016061,174.4147823,185.3979762,196.3763342
OECD ENV-Growth 2025,SSP3,1,Mongolia,billion USD_2017/yr,GDP|PPP,ANNUAL,,,,,,,,,,46.8166,56.234,66.4899,75.8584,84.2989,92.9165,102.378,112.661,123.718,134.987,146.264,157.587,168.948,180.335,191.691,203.042
OECD ENV-Growth 2025,SSP3,1,Montenegro,billion USD_2010/yr,GDP|PPP,ANNUAL,,,,,,,,,,12.49553508,14.40594169,15.84096042,16.7331941,17.29762497,17.73201699,18.13640006,18.50487076,18.84333249,19.13186129,19.3796402,19.6098729,19.8380558,20.07976733,20.33328567,20.59647902
OECD ENV-Growth 2025,SSP3,1,Montenegro,billion USD_2015/yr,GDP|PPP,ANNUAL,,,,,,,,,,13.61817444,15.70021817,17.26416364,18.23655848,18.85169964,19.32511885,19.765833,20.16740831,20.53627854,20.8507297,21.12076987,21.37168742,21.62037101,21.88379869,22.16009394,22.44693344
OECD ENV-Growth 2025,SSP3,1,Montenegro,billion USD_2017/yr,GDP|PPP,ANNUAL,,,,,,,,,,15.24,17.57,19.3202,20.4084,21.0968,21.6266,22.1198,22.5692,22.982,23.3339,23.6361,23.9169,24.1952,24.49,24.7992,25.1202
OECD ENV-Growth 2025,SSP3,1,Morocco,billion USD_2010/yr,GDP|PPP,ANNUAL,,,,,,,,,,339.8589556,402.6918561,475.3478886,545.293395,610.2096842,675.5753712,744.5029156,816.226826,889.0292915,959.8039119,1031.120839,1105.044275,1182.017557,1263.272744,1349.627839,1442.304802
OECD ENV-Growth 2025,SSP3,1,Morocco,billion USD_2015/yr,GDP|PPP,ANNUAL,,,,,,,,,,335.7572914,397.8318789,469.6110457,538.7123991,602.8452314,667.422038,735.5177148,806.3760091,878.2998417,948.2203026,1018.676526,1091.7078,1167.752113,1248.026652,1333.339552,1424.898022
OECD ENV-Growth 2025,SSP3,1,Morocco,billion USD_2017/yr,GDP|PPP,ANNUAL,,,,,,,,,,336.533,398.751,470.696,539.957,604.238,668.964,737.217,808.239,880.329,950.411,1021.03,1094.23,1170.45,1250.91,1336.42,1428.19
OECD ENV-Growth 2025,SSP3,1,Mozambique,billion USD_2010/yr,GDP|PPP,ANNUAL,,,,,,,,,,45.12932283,72.88928429,108.7424427,143.7067415,176.594545,210.575683,247.1132259,285.9308056,326.9555954,369.6946143,413.9695302,458.6076461,503.1299861,546.237807,587.5062862,626.5703564
OECD ENV-Growth 2025,SSP3,1,Mozambique,billion USD_2015/yr,GDP|PPP,ANNUAL,,,,,,,,,,49.43375682,79.84146291,119.1142949,157.413488,193.4381295,230.6603878,270.6828809,313.2028807,358.1406141,404.9560799,453.4539365,502.3496351,551.1185151,598.3379592,643.5426252,686.3326257
OECD ENV-Growth 2025,SSP3,1,Mozambique,billion USD_2017/yr,GDP|PPP,ANNUAL,,,,,,,,,,48.3351,78.067,116.467,153.915,189.139,225.534,264.667,306.242,350.181,395.956,443.376,491.185,538.87,585.04,629.24,671.079
OECD ENV-Growth 2025,SSP3,1,Myanmar,billion USD_2010/yr,GDP|PPP,ANNUAL,,,,,,,,,,238.2769333,278.3092463,323.2781162,361.9243614,392.1983179,418.6523553,443.5806204,466.2825951,487.4049116,506.8677387,524.1052732,539.2093212,552.9123329,566.0235965,579.3613808,593.330829
OECD ENV-Growth 2025,SSP3,1,Myanmar,billion USD_2015/yr,GDP|PPP,ANNUAL,,,,,,,,,,257.6848142,300.9777969,349.6094236,391.4034419,424.1432407,452.7519844,479.7106802,504.2617522,527.1045012,548.1525939,566.794142,583.1284288,597.9475638,612.1267521,626.5509116,641.6581844
OECD ENV-Growth 2025,SSP3,1,Myanmar,billion USD_2017/yr,GDP|PPP,ANNUAL,,,,,,,,,,238.781,278.898,323.962,362.69,393.028,419.538,444.519,467.269,488.436,507.94,525.214,540.35,554.082,567.221,580.587,594.586
OECD ENV-Growth 2025,SSP3,1,Namibia,billion USD_2010/yr,GDP|PPP,ANNUAL,,,,,,,,,,24.51372862,28.07849656,32.69836159,38.19937604,44.29969824,50.89570178,57.98701556,65.3787254,72.99216056,80.62081034,87.98700785,95.02367887,101.680077,108.0563035,114.2312145,120.2233644
OECD ENV-Growth 2025,SSP3,1,Namibia,billion USD_2015/yr,GDP|PPP,ANNUAL,,,,,,,,,,26.35241482,30.18456313,35.15094755,41.0645732,47.62245854,54.71320447,62.33641207,70.28254735,78.46703877,86.66788601,94.58659538,102.1510617,109.3067322,116.1612164,122.7992851,129.2408845
OECD ENV-Growth 2025,SSP3,1,Namibia,billion USD_2017/yr,GDP|PPP,ANNUAL,,,,,,,,,,26.4236,30.2661,35.2459,41.1755,47.7511,54.861,62.5048,70.4724,78.679,86.902,94.8421,102.427,109.602,116.475,123.131,129.59
OECD ENV-Growth 2025,SSP3,1,Nepal,billion USD_2010/yr,GDP|PPP,ANNUAL,,,,,,,,,,109.2151419,140.1523157,174.3881919,207.4145439,237.6205454,267.6571975,298.9587535,331.8326108,367.1736727,404.9273623,445.2806862,487.1292613,530.725908,577.2528619,628.0713394,684.2648558
OECD ENV-Growth 2025,SSP3,1,Nepal,billion USD_2015/yr,GDP|PPP,ANNUAL,,,,,,,,,,122.3657987,157.028135,195.3863724,232.389446,266.2325693,299.8859516,334.9565456,371.7887625,411.3852616,453.6848942,498.8971846,545.7847703,594.6309137,646.7602044,703.6977633,766.6575728
OECD ENV-Growth 2025,SSP3,1,Nepal,billion USD_2017/yr,GDP|PPP,ANNUAL,,,,,,,,,,136.076,174.622,217.278,258.427,296.062,333.486,372.486,413.445,457.478,504.517,554.795,606.936,661.255,719.225,782.542,852.556
OECD ENV-Growth 2025,SSP3,1,Netherlands,billion USD_2010/yr,GDP|PPP,ANNUAL,,,,,,,,,,924.1582073,1008.005124,1056.514392,1086.870522,1105.776077,1117.166112,1122.260061,1122.71843,1120.79847,1116.526125,1110.290579,1100.837801,1087.700775,1071.407057,1053.098246,1033.665134
OECD ENV-Growth 2025,SSP3,1,Netherlands,billion USD_2015/yr,GDP|PPP,ANNUAL,,,,,,,,,,1014.011894,1106.011045,1159.236753,1192.544336,1213.288034,1225.785495,1231.374716,1231.877651,1229.771017,1225.083283,1218.241469,1207.869621,1193.455313,1175.577397,1155.488464,1134.165917
OECD ENV-Growth 2025,SSP3,1,Netherlands,billion USD_2017/yr,GDP|PPP,ANNUAL,,,,,,,,,,1068.58,1165.53,1221.62,1256.72,1278.58,1291.75,1297.64,1298.17,1295.95,1291.01,1283.8,1272.87,1257.68,1238.84,1217.67,1195.2
OECD ENV-Growth 2025,SSP3,1,New Caledonia,billion USD_2017/yr,GDP|PPP,ANNUAL,,,,,,,,,,11.9765,15.2045,18.0167,20.4011,22.48,24.3982,26.1967,27.8727,29.4175,30.7809,31.9829,33.0683,34.0605,34.9917,35.864,36.6831
OECD ENV-Growth 2025,SSP3,1,New Zealand,billion USD_2010/yr,GDP|PPP,ANNUAL,,,,,,,,,,202.7386947,228.5519807,249.0913057,263.2888222,273.4216562,281.6305239,288.8987485,295.8899689,302.8343244,308.9836525,314.2835566,318.7725326,322.5526789,325.6716971,328.0249784,329.4250636
OECD ENV-Growth 2025,SSP3,1,New Zealand,billion USD_2015/yr,GDP|PPP,ANNUAL,,,,,,,,,,223.2828999,251.7119344,274.3325794,289.9687788,301.1284076,310.1691079,318.1738466,325.8735112,333.521562,340.2940226,346.130984,351.0748433,355.2380448,358.6731238,361.2648711,362.8068317
OECD ENV-Growth 2025,SSP3,1,New Zealand,billion USD_2017/yr,GDP|PPP,ANNUAL,,,,,,,,,,242.258,273.103,297.646,314.611,326.719,336.528,345.213,353.567,361.865,369.213,375.546,380.91,385.427,389.154,391.966,393.639
OECD ENV-Growth 2025,SSP3,1,Nicaragua,billion USD_2010/yr,GDP|PPP,ANNUAL,,,,,,,,,,38.45400817,45.77440446,54.54116518,64.04794238,73.64087642,83.85944035,94.81396326,106.1861483,118.1039358,130.2194178,142.5843921,154.8949788,167.2564999,179.919311,193.0975091,207.0120979
OECD ENV-Growth 2025,SSP3,1,Nicaragua,billion USD_2015/yr,GDP|PPP,ANNUAL,,,,,,,,,,41.88228326,49.85531195,59.40365225,69.75798343,80.20615255,91.33572809,103.2668753,115.6529203,128.6332096,141.8288184,155.2961624,168.70427,182.1678529,195.9595866,210.3126555,225.4677662
OECD ENV-Growth 2025,SSP3,1,Nicaragua,billion USD_2017/yr,GDP|PPP,ANNUAL,,,,,,,,,,44.5433,53.0229,63.1779,74.1901,85.3021,97.1388,109.828,123.001,136.806,150.84,165.163,179.423,193.742,208.41,223.675,239.793
OECD ENV-Growth 2025,SSP3,1,Niger,billion USD_2010/yr,GDP|PPP,ANNUAL,,,,,,,,,,42.28933721,58.1383192,82.91962678,113.336865,150.0963163,195.512336,252.0395119,321.1456837,404.8647405,504.8242032,623.1490612,760.2784381,916.7005901,1093.755407,1292.005868,1513.205395
OECD ENV-Growth 2025,SSP3,1,Niger,billion USD_2015/yr,GDP|PPP,ANNUAL,,,,,,,,,,41.81537841,57.48673255,81.99030301,112.0666392,148.4141081,193.3211266,249.2147729,317.5464355,400.3272089,499.1663734,616.1651027,751.7575986,906.4266454,1081.497116,1277.52568,1496.246108
OECD ENV-Growth 2025,SSP3,1,Niger,billion USD_2017/yr,GDP|PPP,ANNUAL,,,,,,,,,,41.3144,56.798,81.008,110.724,146.636,191.005,246.229,313.742,395.531,493.186,608.783,742.751,895.567,1068.54,1262.22,1478.32
OECD ENV-Growth 2025,SSP3,1,Nigeria,billion USD_2010/yr,GDP|PPP,ANNUAL,,,,,,,,,,1127.437872,1348.543666,1697.173906,2081.925767,2504.996798,2985.21362,3536.903115,4155.318194,4839.069931,5579.805736,6373.587144,7210.948521,8084.964258,8988.670692,9913.23006,10844.00155
OECD ENV-Growth 2025,SSP3,1,Nigeria,billion USD_2015/yr,GDP|PPP,ANNUAL,,,,,,,,,,1166.131181,1394.825256,1755.420375,2153.376798,2590.967491,3087.665203,3658.288505,4297.927394,5005.145273,5771.302895,6592.326628,7458.425982,8362.437661,9297.159012,10253.44896,11216.16423
OECD ENV-Growth 2025,SSP3,1,Nigeria,billion USD_2017/yr,GDP|PPP,ANNUAL,,,,,,,,,,1185.13,1417.55,1784.02,2188.46,2633.18,3137.97,3717.89,4367.95,5086.69,5865.33,6699.73,7579.94,8498.68,9448.63,10420.5,11398.9
OECD ENV-Growth 2025,SSP3,1,North Korea,billion USD_2017/yr,GDP|PPP,ANNUAL,,,,,,,,,,58.6336,75.843,94.9643,113.884,130.326,146.143,162.499,180.028,199.624,221.547,244.657,268.786,294.083,321.246,351.115,384.088
OECD ENV-Growth 2025,SSP3,1,North Macedonia,billion USD_2010/yr,GDP|PPP,ANNUAL,,,,,,,,,,32.00355538,37.83708238,42.05391331,45.26266121,47.95188169,50.56292328,53.21018193,55.76111154,58.66571943,62.0483092,65.62089282,69.21270894,72.7600655,76.26188016,79.70616381,83.10565488
OECD ENV-Growth 2025,SSP3,1,North Macedonia,billion USD_2015/yr,GDP|PPP,ANNUAL,,,,,,,,,,35.40853815,41.86271679,46.52819276,50.07833184,53.05366895,55.94250942,58.87142022,61.69375315,64.90739358,68.64987023,72.60255492,76.57651834,80.50129197,84.37567831,88.1864127,91.94758885
OECD ENV-Growth 2025,SSP3,1,North Macedonia,billion USD_2017/yr,GDP|PPP,ANNUAL,,,,,,,,,,38.4392,45.4458,50.5106,54.3646,57.5946,60.7307,63.9103,66.9742,70.4629,74.5257,78.8167,83.1308,87.3915,91.5975,95.7344,99.8175
OECD ENV-Growth 2025,SSP3,1,Norway,billion USD_2010/yr,GDP|PPP,ANNUAL,,,,,,,,,,359.9791755,392.4673232,418.9470849,438.516825,452.3991802,463.7890559,473.6249085,482.3901279,490.6880073,497.0655447,501.9948004,505.6457163,508.3761143,510.6061281,512.4103433,513.3251965
OECD ENV-Growth 2025,SSP3,1,Norway,billion USD_2015/yr,GDP|PPP,ANNUAL,,,,,,,,,,365.4372703,398.4180115,425.2992659,445.1657274,459.2585703,470.8211422,480.8061285,489.7042483,498.1279423,504.6021775,509.6061718,513.3124438,516.0842407,518.3480666,520.1796378,521.1083623
OECD ENV-Growth 2025,SSP3,1,Norway,billion USD_2017/yr,GDP|PPP,ANNUAL,,,,,,,,,,381.285,415.696,443.743,464.471,479.175,491.239,501.657,510.941,519.73,526.485,531.706,535.573,538.465,540.827,542.738,543.707
OECD ENV-Growth 2025,SSP3,1,Oman,billion USD_2010/yr,GDP|PPP,ANNUAL,,,,,,,,,,225.5292454,263.6271361,301.9126562,335.5973469,364.255133,389.6893417,415.2968469,439.9062679,463.1736175,483.1379077,501.0943027,518.0265537,535.7692596,555.9289971,578.2008685,600.8036972
OECD ENV-Growth 2025,SSP3,1,Oman,billion USD_2015/yr,GDP|PPP,ANNUAL,,,,,,,,,,179.3286903,209.6220779,240.0646582,266.8489072,289.6360329,309.8599436,330.2216504,349.7897345,368.2906758,384.1652024,398.4431591,411.9067718,426.0148144,442.0447502,459.7541409,477.726691
OECD ENV-Growth 2025,SSP3,1,Oman,billion USD_2017/yr,GDP|PPP,ANNUAL,,,,,,,,,,173.087,202.326,231.709,257.561,279.555,299.075,318.728,337.615,355.472,370.794,384.575,397.57,411.187,426.659,443.752,461.099
OECD ENV-Growth 2025,SSP3,1,Pakistan,billion USD_2010/yr,GDP|PPP,ANNUAL,,,,,,,,,,1248.518926,1585.184885,1990.813821,2472.334148,3020.064438,3635.775795,4316.017777,5044.024535,5816.217151,6612.16827,7435.511868,8264.150427,9083.63063,9889.189764,10678.01976,11460.05898
OECD ENV-Growth 2025,SSP3,1,Pakistan,billion USD_2015/yr,GDP|PPP,ANNUAL,,,,,,,,,,1353.021235,1717.866479,2157.446971,2679.271041,3272.846916,3940.093943,4677.272874,5466.214541,6303.040468,7165.613508,8057.871806,8955.868259,9843.939792,10716.92505,11571.78092,12419.27762
OECD ENV-Growth 2025,SSP3,1,Pakistan,billion USD_2017/yr,GDP|PPP,ANNUAL,,,,,,,,,,1360.53,1727.4,2169.42,2694.14,3291.01,3961.96,4703.23,5496.55,6338.02,7205.38,8102.59,9005.57,9898.57,10776.4,11636,12488.2
OECD ENV-Growth 2025,SSP3,1,Panama,billion USD_2010/yr,GDP|PPP,ANNUAL,,,,,,,,,,119.3465563,144.835187,168.3804072,187.4234168,203.3823801,217.9082734,231.4347795,244.0201015,255.6599805,266.2209756,276.248917,285.7551613,294.8461772,303.5219648,311.933,320.2027866
OECD ENV-Growth 2025,SSP3,1,Panama,billion USD_2015/yr,GDP|PPP,ANNUAL,,,,,,,,,,149.6914916,181.6608359,211.1926402,235.0775062,255.0941795,273.3134118,290.2791538,306.064407,320.66383,333.9100531,346.4876888,358.4109812,369.8134697,380.6951543,391.2447709,401.6172251
OECD ENV-Growth 2025,SSP3,1,Panama,billion USD_2017/yr,GDP|PPP,ANNUAL,,,,,,,,,,168.143,204.053,237.225,264.054,286.538,307.003,326.06,343.791,360.19,375.069,389.197,402.59,415.398,427.621,439.471,451.122
OECD ENV-Growth 2025,SSP3,1,Papua New Guinea,billion USD_2010/yr,GDP|PPP,ANNUAL,,,,,,,,,,33.00176616,38.91433709,47.49286793,56.9934413,66.6270359,76.86208292,88.00212076,99.83556528,112.2449293,124.7516041,137.2556007,149.6212194,161.991302,174.5452931,187.3688978,200.4389042
OECD ENV-Growth 2025,SSP3,1,Papua New Guinea,billion USD_2015/yr,GDP|PPP,ANNUAL,,,,,,,,,,35.92570283,42.36212399,51.70070751,62.04302598,72.53015128,83.67201732,95.79905582,108.6809364,122.1897626,135.8045213,149.4163645,162.8775697,176.3436341,190.0099013,203.9696696,218.1976707
OECD ENV-Growth 2025,SSP3,1,Papua New Guinea,billion USD_2017/yr,GDP|PPP,ANNUAL,,,,,,,,,,36.966,43.5888,53.1978,63.8396,74.6304,86.0949,98.5731,111.828,125.728,139.737,153.743,167.594,181.45,195.512,209.876,224.516
OECD ENV-Growth 2025,SSP3,1,Paraguay,billion USD_2010/yr,GDP|PPP,ANNUAL,,,,,,,,,,99.18923333,117.986066,138.2675921,157.6444731,175.9428868,193.5181606,210.8495068,227.796715,244.4615818,259.8328639,274.1842596,287.4274171,299.9896901,312.1803095,324.1346841,335.9709362
OECD ENV-Growth 2025,SSP3,1,Paraguay,billion USD_2015/yr,GDP|PPP,ANNUAL,,,,,,,,,,100.3021292,119.309861,139.8189442,159.4132325,177.916953,195.6894201,213.2152227,230.3525774,247.2044227,262.7481694,277.2605867,290.6523315,303.3555522,315.6829495,327.7714513,339.7405053
OECD ENV-Growth 2025,SSP3,1,Paraguay,billion USD_2017/yr,GDP|PPP,ANNUAL,,,,,,,,,,103.285,122.858,143.977,164.154,183.208,201.509,219.556,237.203,254.556,270.562,285.506,299.296,312.377,325.071,337.519,349.844
OECD ENV-Growth 2025,SSP3,1,Peru,billion USD_2010/yr,GDP|PPP,ANNUAL,,,,,,,,,,446.4989844,517.8174208,591.1501143,660.8268512,723.6216215,783.9138585,842.4947766,898.385001,951.9787278,1003.148949,1052.503421,1099.853986,1145.990916,1191.196452,1235.978628,1281.428772
OECD ENV-Growth 2025,SSP3,1,Peru,billion USD_2015/yr,GDP|PPP,ANNUAL,,,,,,,,,,449.1026071,520.8369152,594.5972259,664.6802615,727.8412004,788.4850131,847.407528,903.6236592,957.5299014,1008.998506,1058.640774,1106.267449,1152.673413,1198.142551,1243.18586,1288.901033
OECD ENV-Growth 2025,SSP3,1,Peru,billion USD_2017/yr,GDP|PPP,ANNUAL,,,,,,,,,,474.594,550.4,628.347,702.408,769.154,833.24,895.507,954.914,1011.88,1066.27,1118.73,1169.06,1218.1,1266.15,1313.75,1362.06
OECD ENV-Growth 2025,SSP3,1,Philippines,billion USD_2010/yr,GDP|PPP,ANNUAL,,,,,,,,,,1115.545844,1515.089865,1926.014387,2281.747755,2596.731892,2900.544694,3202.351409,3499.480424,3791.979277,4070.891884,4335.31503,4588.557332,4835.087326,5076.01739,5313.505732,5545.37513
OECD ENV-Growth 2025,SSP3,1,Philippines,billion USD_2015/yr,GDP|PPP,ANNUAL,,,,,,,,,,1155.109358,1568.823451,1994.321662,2362.671332,2688.826574,3003.414282,3315.924756,3623.591633,3926.464136,4215.268549,4489.069623,4751.293319,5006.566649,5256.041445,5501.952457,5742.045244
OECD ENV-Growth 2025,SSP3,1,Philippines,billion USD_2017/yr,GDP|PPP,ANNUAL,,,,,,,,,,1173.33,1593.57,2025.78,2399.94,2731.24,3050.79,3368.23,3680.75,3988.4,4281.76,4559.88,4826.24,5085.54,5338.95,5588.74,5832.62
OECD ENV-Growth 2025,SSP3,1,Poland,billion USD_2010/yr,GDP|PPP,ANNUAL,,,,,,,,,,1298.510059,1517.657118,1649.544075,1729.835365,1757.049014,1768.357895,1769.328236,1763.797293,1750.821191,1726.668526,1693.553441,1656.821631,1622.77149,1594.490466,1571.272857,1549.731292
OECD ENV-Growth 2025,SSP3,1,Poland,billion USD_2015/yr,GDP|PPP,ANNUAL,,,,,,,,,,1427.73575,1668.691982,1813.704123,1901.985878,1931.907786,1944.342109,1945.409017,1939.327644,1925.060179,1898.503879,1862.093233,1821.70593,1784.267173,1753.171666,1727.643477,1703.958128
OECD ENV-Growth 2025,SSP3,1,Poland,billion USD_2017/yr,GDP|PPP,ANNUAL,,,,,,,,,,1472.02,1720.45,1869.96,1960.98,1991.83,2004.65,2005.75,1999.48,1984.77,1957.39,1919.85,1878.21,1839.61,1807.55,1781.23,1756.81
OECD ENV-Growth 2025,SSP3,1,Portugal,billion USD_2010/yr,GDP|PPP,ANNUAL,,,,,,,,,,336.7461899,370.7595277,396.545367,417.3691598,432.3693204,444.5163899,454.2758817,461.0734055,464.9852608,465.8922832,465.263883,463.9059214,462.1081654,459.4676845,455.549828,450.2457191
OECD ENV-Growth 2025,SSP3,1,Portugal,billion USD_2015/yr,GDP|PPP,ANNUAL,,,,,,,,,,374.3963669,412.2125931,440.8814388,464.0334523,480.7107179,494.2159002,505.0665598,512.6240862,516.9733096,517.9817423,517.2830834,515.7732938,513.7745382,510.8388362,506.4829407,500.5858017
OECD ENV-Growth 2025,SSP3,1,Portugal,billion USD_2017/yr,GDP|PPP,ANNUAL,,,,,,,,,,392.799,432.474,462.552,486.842,504.339,518.508,529.892,537.821,542.384,543.442,542.709,541.125,539.028,535.948,531.378,525.191
OECD ENV-Growth 2025,SSP3,1,Puerto Rico,billion USD_2010/yr,GDP|PPP,ANNUAL,,,,,,,,,,100.9583973,105.6051319,107.9533505,108.2131175,107.6373163,106.603875,105.4175745,104.0202718,102.6004623,101.0024733,99.14753058,97.04876327,94.88622645,92.74816587,90.67612549,88.72637254
OECD ENV-Growth 2025,SSP3,1,Puerto Rico,billion USD_2015/yr,GDP|PPP,ANNUAL,,,,,,,,,,106.6915099,111.6021181,114.0836847,114.3582031,113.7497039,112.6575767,111.4039099,109.9272588,108.4268227,106.7380888,104.7778097,102.55986,100.2745194,98.01504505,95.82533996,93.76486661
OECD ENV-Growth 2025,SSP3,1,Puerto Rico,billion USD_2017/yr,GDP|PPP,ANNUAL,,,,,,,,,,107.656,112.611,115.115,115.392,114.778,113.676,112.411,110.921,109.407,107.703,105.725,103.487,101.181,98.9011,96.6916,94.6125
OECD ENV-Growth 2025,SSP3,1,Qatar,billion USD_2010/yr,GDP|PPP,ANNUAL,,,,,,,,,,391.115787,466.5655501,514.9629463,544.0269948,562.1348829,577.1832525,588.9545501,598.8766428,606.7278464,604.9585029,594.6756568,581.5288151,569.4477103,560.7221619,554.8551015,549.425902
OECD ENV-Growth 2025,SSP3,1,Qatar,billion USD_2015/yr,GDP|PPP,ANNUAL,,,,,,,,,,275.2045157,328.293949,362.3482686,382.798881,395.5403063,406.1289335,414.4116834,421.3932598,426.9176767,425.6726967,418.4372801,409.186643,400.6859005,394.54626,390.4179646,386.5977654
OECD ENV-Growth 2025,SSP3,1,Qatar,billion USD_2017/yr,GDP|PPP,ANNUAL,,,,,,,,,,284.051,338.847,373.996,395.104,408.255,419.184,427.733,434.939,440.641,439.356,431.888,422.34,413.566,407.229,402.968,399.025
OECD ENV-Growth 2025,SSP3,1,Romania,billion USD_2010/yr,GDP|PPP,ANNUAL,,,,,,,,,,569.9201226,644.0213769,696.2919889,723.5328967,729.3801322,724.897365,716.9630457,706.9611957,696.0326974,684.0270768,672.8154833,662.8399874,654.6497772,648.4123294,643.6617694,639.708637
OECD ENV-Growth 2025,SSP3,1,Romania,billion USD_2015/yr,GDP|PPP,ANNUAL,,,,,,,,,,605.7254923,684.4821758,740.0367017,768.9890261,775.2036155,770.4392175,762.0064226,751.376204,739.7611201,727.0012435,715.0852789,704.4830701,695.7783079,689.1489909,684.0999759,679.898487
OECD ENV-Growth 2025,SSP3,1,Romania,billion USD_2017/yr,GDP|PPP,ANNUAL,,,,,,,,,,670.387,757.551,819.036,851.079,857.957,852.684,843.351,831.586,818.731,804.609,791.421,779.687,770.053,762.716,757.128,752.478
OECD ENV-Growth 2025,SSP3,1,Russian Federation,billion USD_2010/yr,GDP|PPP,ANNUAL,,,,,,,,,,3816.856907,4102.25407,4461.999395,4768.645441,5005.877248,5190.156508,5371.13426,5577.671198,5789.894069,5999.457391,6204.655383,6418.42813,6643.361813,6900.072526,7176.161267,7453.378023
OECD ENV-Growth 2025,SSP3,1,Russian Federation,billion USD_2015/yr,GDP|PPP,ANNUAL,,,,,,,,,,3930.240638,4224.115823,4594.54776,4910.303048,5154.582073,5344.335543,5530.689427,5743.361762,5961.888935,6177.677555,6388.971169,6609.094259,6840.709833,7105.046406,7389.336652,7674.788422
OECD ENV-Growth 2025,SSP3,1,Russian Federation,billion USD_2017/yr,GDP|PPP,ANNUAL,,,,,,,,,,4161.94,4473.14,4865.41,5199.78,5458.46,5659.4,5856.74,6081.95,6313.36,6541.87,6765.62,6998.72,7243.99,7523.91,7824.96,8127.24
OECD ENV-Growth 2025,SSP3,1,Rwanda,billion USD_2010/yr,GDP|PPP,ANNUAL,,,,,,,,,,35.46783877,49.99123813,66.49070037,83.73414167,101.4604036,120.2484053,140.5096772,162.0059885,184.3916354,207.2277717,230.6433644,253.9013307,276.6658186,298.6797895,319.7784521,340.3325868
OECD ENV-Growth 2025,SSP3,1,Rwanda,billion USD_2015/yr,GDP|PPP,ANNUAL,,,,,,,,,,37.83145051,53.32270352,70.92170618,89.31426741,108.2218249,128.2618776,149.8733806,172.8022272,196.6796758,221.0376347,246.0136656,270.8215656,295.1031014,318.5841051,341.0888033,363.0126859
OECD ENV-Growth 2025,SSP3,1,Rwanda,billion USD_2017/yr,GDP|PPP,ANNUAL,,,,,,,,,,39.6021,55.8184,74.2411,93.4945,113.287,134.265,156.888,180.89,205.885,231.383,257.528,283.497,308.915,333.495,357.053,380.003
OECD ENV-Growth 2025,SSP3,1,Saint Lucia,billion USD_2010/yr,GDP|PPP,ANNUAL,,,,,,,,,,2.614491069,2.815149743,3.000690783,3.168420309,3.292356549,3.391241469,3.473085821,3.540459426,3.60178066,3.652149142,3.692468739,3.721977368,3.745318427,3.76966083,3.800693628,3.840835996
OECD ENV-Growth 2025,SSP3,1,Saint Lucia,billion USD_2015/yr,GDP|PPP,ANNUAL,,,,,,,,,,2.841705094,3.059802139,3.261467742,3.44377391,3.578480908,3.685959486,3.774916574,3.848145325,3.91479572,3.969541507,4.013365105,4.0454382,4.070807729,4.097265624,4.130995347,4.174626314
OECD ENV-Growth 2025,SSP3,1,Saint Lucia,billion USD_2017/yr,GDP|PPP,ANNUAL,,,,,,,,,,2.95041,3.17685,3.38623,3.57551,3.71537,3.82696,3.91932,3.99535,4.06455,4.12139,4.16689,4.20019,4.22653,4.254,4.28902,4.33432
OECD ENV-Growth 2025,SSP3,1,Saint Vincent and the Grenadines,billion USD_2010/yr,GDP|PPP,ANNUAL,,,,,,,,,,1.617913096,1.842128994,2.029154332,2.167997865,2.258091239,2.332509026,2.407971853,2.483618019,2.555799056,2.623424089,2.687217311,2.747371231,2.808322681,2.871950897,2.938732565,3.010088571
OECD ENV-Growth 2025,SSP3,1,Saint Vincent and the Grenadines,billion USD_2015/yr,GDP|PPP,ANNUAL,,,,,,,,,,1.723358839,1.962187766,2.161402279,2.30929479,2.405259903,2.484527789,2.564908824,2.645485148,2.722370506,2.794402927,2.862353804,2.926428191,2.991352085,3.059127202,3.130261293,3.20626785
OECD ENV-Growth 2025,SSP3,1,Saint Vincent and the Grenadines,billion USD_2017/yr,GDP|PPP,ANNUAL,,,,,,,,,,1.76493,2.00952,2.21354,2.365,2.46328,2.54446,2.62678,2.7093,2.78804,2.86181,2.9314,2.99702,3.06351,3.13292,3.20577,3.28361
OECD ENV-Growth 2025,SSP3,1,Samoa,billion USD_2010/yr,GDP|PPP,ANNUAL,,,,,,,,,,1.033999563,1.178741307,1.376469108,1.59893741,1.828067989,2.084739544,2.383177418,2.723221074,3.117838317,3.567332382,4.075136973,4.645283347,5.282507339,5.992579355,6.786879667,7.67956227
OECD ENV-Growth 2025,SSP3,1,Samoa,billion USD_2015/yr,GDP|PPP,ANNUAL,,,,,,,,,,1.126317081,1.283981653,1.499362982,1.741693692,1.9912815,2.270869198,2.595952193,2.966355617,3.396205064,3.885830845,4.438973231,5.060023397,5.754140002,6.527608646,7.392825655,8.365208719
OECD ENV-Growth 2025,SSP3,1,Samoa,billion USD_2017/yr,GDP|PPP,ANNUAL,,,,,,,,,,1.15936,1.32165,1.54335,1.79279,2.0497,2.33749,2.67211,3.05338,3.49584,3.99983,4.5692,5.20847,5.92295,6.71911,7.60971,8.61062
OECD ENV-Growth 2025,SSP3,1,Sao Tome and Principe,billion USD_2010/yr,GDP|PPP,ANNUAL,,,,,,,,,,0.790968488,0.953049265,1.154981611,1.383915347,1.641080971,1.934465763,2.269636037,2.643589416,3.054066965,3.494606424,3.970840827,4.476336504,5.00319196,5.552093451,6.128921827,6.742255311
OECD ENV-Growth 2025,SSP3,1,Sao Tome and Principe,billion USD_2015/yr,GDP|PPP,ANNUAL,,,,,,,,,,0.815104937,0.982131618,1.190225941,1.426145603,1.691158651,1.993496097,2.338894112,2.724258699,3.147261995,3.601244541,4.092011264,4.612932171,5.155864651,5.721515903,6.31594623,6.947995621
OECD ENV-Growth 2025,SSP3,1,Sao Tome and Principe,billion USD_2017/yr,GDP|PPP,ANNUAL,,,,,,,,,,0.829859,0.999909,1.21177,1.45196,1.72177,2.02958,2.38123,2.77357,3.20423,3.66643,4.16608,4.69643,5.24919,5.82508,6.43027,7.07376
OECD ENV-Growth 2025,SSP3,1,Saudi Arabia,billion USD_2010/yr,GDP|PPP,ANNUAL,,,,,,,,,,2279.351471,2820.410825,3274.260798,3637.56914,3916.755674,4126.757263,4282.499121,4380.76551,4439.196379,4471.621724,4487.653803,4498.198157,4504.734491,4505.433564,4497.46413,4479.136761
OECD ENV-Growth 2025,SSP3,1,Saudi Arabia,billion USD_2015/yr,GDP|PPP,ANNUAL,,,,,,,,,,1941.862795,2402.811027,2789.4624,3098.978051,3336.827259,3515.735285,3648.417464,3732.134191,3781.913583,3809.537919,3823.196233,3832.179353,3837.747895,3838.343461,3831.554009,3815.940254
OECD ENV-Growth 2025,SSP3,1,Saudi Arabia,billion USD_2017/yr,GDP|PPP,ANNUAL,,,,,,,,,,1956.32,2420.7,2810.23,3122.05,3361.67,3541.91,3675.58,3759.92,3810.07,3837.9,3851.66,3860.71,3866.32,3866.92,3860.08,3844.35
OECD ENV-Growth 2025,SSP3,1,Senegal,billion USD_2010/yr,GDP|PPP,ANNUAL,,,,,,,,,,72.96252736,96.10946166,127.9432784,161.304238,196.9748828,236.8589246,282.3108726,333.7708477,391.4503733,454.1761104,523.0872508,598.1136028,679.4894548,767.6179346,862.1879223,963.0770569
OECD ENV-Growth 2025,SSP3,1,Senegal,billion USD_2015/yr,GDP|PPP,ANNUAL,,,,,,,,,,77.0481969,101.4912859,135.1076951,170.3367625,208.00485,250.1222712,298.1193838,352.4609539,413.3703495,479.6085285,552.3784737,631.6060628,717.5387038,810.6020982,910.4677045,1017.00631
OECD ENV-Growth 2025,SSP3,1,Senegal,billion USD_2017/yr,GDP|PPP,ANNUAL,,,,,,,,,,76.9212,101.324,134.885,170.056,207.662,249.71,297.628,351.88,412.689,478.818,551.468,630.565,716.356,809.266,908.967,1015.33
OECD ENV-Growth 2025,SSP3,1,Serbia,billion USD_2010/yr,GDP|PPP,ANNUAL,,,,,,,,,,137.1869663,166.0813432,188.9461382,204.2293156,214.978132,223.9729046,232.0847935,239.4607957,246.2875882,252.5074545,258.4071741,264.3781375,270.5033125,276.8828014,283.4552801,290.1558176
OECD ENV-Growth 2025,SSP3,1,Serbia,billion USD_2015/yr,GDP|PPP,ANNUAL,,,,,,,,,,145.7246614,176.4172513,200.7050141,216.939325,228.3570834,237.9116368,246.528361,254.3634014,261.6150526,268.2220062,274.4888889,280.8314494,287.3378186,294.1143286,301.095839,308.2133778
OECD ENV-Growth 2025,SSP3,1,Serbia,billion USD_2017/yr,GDP|PPP,ANNUAL,,,,,,,,,,152.122,184.162,209.516,226.463,238.382,248.356,257.351,265.53,273.1,279.997,286.539,293.16,299.952,307.026,314.314,321.744
OECD ENV-Growth 2025,SSP3,1,Seychelles,billion USD_2010/yr,GDP|PPP,ANNUAL,,,,,,,,,,3.507013198,4.198470622,4.821209234,5.326827588,5.746659403,6.12558013,6.472986072,6.776612481,7.058720782,7.316261465,7.555457437,7.782074179,8.001696106,8.210501801,8.405508461,8.584867321
OECD ENV-Growth 2025,SSP3,1,Seychelles,billion USD_2015/yr,GDP|PPP,ANNUAL,,,,,,,,,,3.601160684,4.311180621,4.950636957,5.469828883,5.900931289,6.290024328,6.646756553,6.958533962,7.248215598,7.512670087,7.758287392,7.990987771,8.216505556,8.430916742,8.631158452,8.815332289
OECD ENV-Growth 2025,SSP3,1,Seychelles,billion USD_2017/yr,GDP|PPP,ANNUAL,,,,,,,,,,3.68008,4.40566,5.05913,5.5897,6.03025,6.42787,6.79242,7.11103,7.40706,7.67731,7.92831,8.16611,8.39657,8.61568,8.82031,9.00852
OECD ENV-Growth 2025,SSP3,1,Sierra Leone,billion USD_2010/yr,GDP|PPP,ANNUAL,,,,,,,,,,12.90923097,16.25956386,20.81486154,26.49381975,32.92419721,40.04316055,47.77650349,55.86555263,64.11833953,72.2883703,80.23707277,87.72634158,94.6210729,100.8753718,106.5771565,111.8175717
OECD ENV-Growth 2025,SSP3,1,Sierra Leone,billion USD_2015/yr,GDP|PPP,ANNUAL,,,,,,,,,,16.55859066,20.85604191,26.69909405,33.98345859,42.23166395,51.36311416,61.28262528,71.65839853,82.2441972,92.7238451,102.9195966,112.5260353,121.3698645,129.3922149,136.7058589,143.427707
OECD ENV-Growth 2025,SSP3,1,Sierra Leone,billion USD_2017/yr,GDP|PPP,ANNUAL,,,,,,,,,,16.0047,20.1584,25.806,32.8467,40.819,49.645,59.2327,69.2614,79.4931,89.6222,99.4769,108.762,117.31,125.064,132.133,138.63
OECD ENV-Growth 2025,SSP3,1,Singapore,billion USD_2010/yr,GDP|PPP,ANNUAL,,,,,,,,,,621.1679561,703.6578353,768.9930683,803.7421987,816.5437992,813.8382169,806.9290951,797.2497656,786.0821246,772.1818937,755.1767538,735.7177809,714.6132737,692.924245,671.5679885,650.9100712
OECD ENV-Growth 2025,SSP3,1,Singapore,billion USD_2015/yr,GDP|PPP,ANNUAL,,,,,,,,,,627.3187332,710.6254235,776.607603,811.7008178,824.6291792,821.8968062,814.9192706,805.1440969,793.8658744,779.828004,762.65448,743.0028252,721.6893422,699.7855497,678.2178245,657.3553534
OECD ENV-Growth 2025,SSP3,1,Singapore,billion USD_2017/yr,GDP|PPP,ANNUAL,,,,,,,,,,643.993,729.514,797.25,833.276,846.548,843.743,836.58,826.545,814.967,800.556,782.926,762.752,740.872,718.386,696.245,674.828
OECD ENV-Growth 2025,SSP3,1,Slovakia,billion USD_2010/yr,GDP|PPP,ANNUAL,,,,,,,,,,188.1487992,208.0160089,223.8762782,235.8782691,243.1349642,248.3748094,252.1419083,254.3123757,255.4362615,255.7286304,255.2301167,254.3173311,253.337152,252.5165369,251.7841281,250.8069222
OECD ENV-Growth 2025,SSP3,1,Slovakia,billion USD_2015/yr,GDP|PPP,ANNUAL,,,,,,,,,,198.0724101,218.9874844,235.6842784,248.3192954,255.9587333,261.4749459,265.4407345,267.7256798,268.9088432,269.2166326,268.6918256,267.7308965,266.6990194,265.8351223,265.0640837,264.0353367
OECD ENV-Growth 2025,SSP3,1,Slovakia,billion USD_2017/yr,GDP|PPP,ANNUAL,,,,,,,,,,189.842,209.888,225.891,238.001,245.323,250.61,254.411,256.601,257.735,258.03,257.527,256.606,255.617,254.789,254.05,253.064
OECD ENV-Growth 2025,SSP3,1,Slovenia,billion USD_2010/yr,GDP|PPP,ANNUAL,,,,,,,,,,76.55180485,85.93296167,91.30189452,93.7690172,94.10191607,94.0318321,93.67807491,93.13993012,92.18211584,90.87721903,89.33537164,87.70007896,86.12152093,84.63473952,83.14445392,81.50398837
OECD ENV-Growth 2025,SSP3,1,Slovenia,billion USD_2015/yr,GDP|PPP,ANNUAL,,,,,,,,,,85.85785334,96.37943396,102.4010431,105.1680825,105.5414503,105.4628466,105.0660848,104.4625202,103.3882689,101.9247418,100.1954592,98.36137153,96.5909155,94.92339296,93.25194023,91.41205089
OECD ENV-Growth 2025,SSP3,1,Slovenia,billion USD_2017/yr,GDP|PPP,ANNUAL,,,,,,,,,,91.7521,102.996,109.431,112.388,112.787,112.703,112.279,111.634,110.486,108.922,107.074,105.114,103.222,101.44,99.6538,97.6876
OECD ENV-Growth 2025,SSP3,1,Solomon Islands,billion USD_2010/yr,GDP|PPP,ANNUAL,,,,,,,,,,1.372332983,1.610828429,2.01135295,2.531308192,3.11542877,3.799118094,4.614557026,5.56320955,6.656957143,7.895835513,9.286030883,10.82401719,12.49751127,14.31079793,16.25986016,18.36317628
OECD ENV-Growth 2025,SSP3,1,Solomon Islands,billion USD_2015/yr,GDP|PPP,ANNUAL,,,,,,,,,,1.493809725,1.75341641,2.189394727,2.755375584,3.39120159,4.13541001,5.023030305,6.055656047,7.246220445,8.594762366,10.10801563,11.78214205,13.60377117,15.5775671,17.69915723,19.98865556
OECD ENV-Growth 2025,SSP3,1,Solomon Islands,billion USD_2017/yr,GDP|PPP,ANNUAL,,,,,,,,,,1.53733,1.8045,2.25318,2.83565,3.49,4.25589,5.16937,6.23208,7.45733,8.84516,10.4025,12.1254,14.0001,16.0314,18.2148,20.571
OECD ENV-Growth 2025,SSP3,1,Somalia,billion USD_2017/yr,GDP|PPP,ANNUAL,,,,,,,,,,28.2333,35.2298,46.4138,62.8133,85.5021,115.453,153.52,200.287,256.801,323.937,402.932,494.071,597.733,714.552,845.431,990.822
OECD ENV-Growth 2025,SSP3,1,South Africa,billion USD_2010/yr,GDP|PPP,ANNUAL,,,,,,,,,,788.4155352,851.200026,955.6540448,1090.225427,1243.325028,1404.70259,1572.357368,1741.993926,1909.402167,2073.301994,2234.271822,2393.847765,2553.38578,2712.563472,2869.180969,3023.31413
OECD ENV-Growth 2025,SSP3,1,South Africa,billion USD_2015/yr,GDP|PPP,ANNUAL,,,,,,,,,,813.1800079,877.9365867,985.6715514,1124.469879,1282.378405,1448.824906,1621.745793,1796.710708,1969.377315,2138.425306,2304.451265,2469.039558,2633.588731,2797.766263,2959.303183,3118.277734
OECD ENV-Growth 2025,SSP3,1,South Africa,billion USD_2017/yr,GDP|PPP,ANNUAL,,,,,,,,,,831.469,897.682,1007.84,1149.76,1311.22,1481.41,1658.22,1837.12,2013.67,2186.52,2356.28,2524.57,2692.82,2860.69,3025.86,3188.41
OECD ENV-Growth 2025,SSP3,1,South Korea,billion USD_2010/yr,GDP|PPP,ANNUAL,,,,,,,,,,2297.610442,2517.246435,2630.510806,2653.477407,2613.486549,2542.00312,2446.141324,2334.141085,2223.368069,2112.198281,2001.388356,1894.822961,1796.146857,1705.922904,1624.935418,1553.027537
OECD ENV-Growth 2025,SSP3,1,South Korea,billion USD_2015/yr,GDP|PPP,ANNUAL,,,,,,,,,,2430.625354,2662.976673,2782.798226,2807.094425,2764.788387,2689.166589,2587.755093,2469.270856,2352.084889,2234.47918,2117.254167,2004.519412,1900.13068,1804.683417,1719.007346,1642.936522
OECD ENV-Growth 2025,SSP3,1,South Korea,billion USD_2017/yr,GDP|PPP,ANNUAL,,,,,,,,,,2490.03,2728.06,2850.81,2875.7,2832.36,2754.89,2651,2529.62,2409.57,2289.09,2169,2053.51,1946.57,1848.79,1761.02,1683.09
OECD ENV-Growth 2025,SSP3,1,South Sudan,billion USD_2010/yr,GDP|PPP,ANNUAL,,,,,,,,,,219.3635388,282.6630101,341.9139272,391.9123747,440.5018707,496.7162009,561.7908076,628.8879802,695.714793,763.8283821,836.9316517,913.7549371,991.5877942,1067.620533,1141.757331,1219.254805
OECD ENV-Growth 2025,SSP3,1,South Sudan,billion USD_2015/yr,GDP|PPP,ANNUAL,,,,,,,,,,15.1911996,19.57476722,23.67796738,27.14042245,30.50530585,34.39821857,38.90471653,43.55127971,48.17912013,52.89607142,57.95856434,63.27867299,68.66869577,73.93405811,79.06812413,84.43492119
OECD ENV-Growth 2025,SSP3,1,South Sudan,billion USD_2017/yr,GDP|PPP,ANNUAL,,,,,,,,,,6.40987,8.2595,9.99083,11.4518,12.8716,14.5142,16.4157,18.3763,20.329,22.3193,24.4554,26.7002,28.9745,31.1962,33.3625,35.627
OECD ENV-Growth 2025,SSP3,1,Spain,billion USD_2010/yr,GDP|PPP,ANNUAL,,,,,,,,,,1728.124008,1847.017214,1978.39824,2098.072466,2191.327866,2263.69949,2323.192784,2369.80775,2400.505204,2409.758584,2406.829762,2400.012822,2394.231582,2389.918997,2384.630138,2374.205228
OECD ENV-Growth 2025,SSP3,1,Spain,billion USD_2015/yr,GDP|PPP,ANNUAL,,,,,,,,,,1900.915238,2031.696309,2176.213828,2307.85401,2410.433808,2490.041707,2555.483602,2606.759494,2640.526316,2650.704922,2647.483253,2639.984703,2633.625409,2628.881618,2623.063938,2611.596666
OECD ENV-Growth 2025,SSP3,1,Spain,billion USD_2017/yr,GDP|PPP,ANNUAL,,,,,,,,,,2035.64,2175.69,2330.45,2471.42,2581.27,2666.52,2736.6,2791.51,2827.67,2838.57,2835.12,2827.09,2820.28,2815.2,2808.97,2796.69
OECD ENV-Growth 2025,SSP3,1,Sri Lanka,billion USD_2010/yr,GDP|PPP,ANNUAL,,,,,,,,,,245.723655,287.3103539,325.4123247,355.1286629,376.2652734,394.2415463,411.9401553,428.8201496,444.5113108,459.1376439,473.425209,487.782864,502.3103524,516.4703179,530.2807322,544.3616218
OECD ENV-Growth 2025,SSP3,1,Sri Lanka,billion USD_2015/yr,GDP|PPP,ANNUAL,,,,,,,,,,268.7759115,314.2640144,355.9404738,388.444613,411.5641281,431.2268225,450.5858043,469.0493741,486.2125819,502.2110661,517.8390012,533.5436016,549.4339681,564.922333,580.028354,595.4302246
OECD ENV-Growth 2025,SSP3,1,Sri Lanka,billion USD_2017/yr,GDP|PPP,ANNUAL,,,,,,,,,,273.455,319.735,362.137,395.207,418.729,438.734,458.43,477.215,494.677,510.954,526.854,542.832,558.999,574.757,590.126,605.796
OECD ENV-Growth 2025,SSP3,1,Sudan,billion USD_2010/yr,GDP|PPP,ANNUAL,,,,,,,,,,128.7257093,160.2371948,188.2362643,210.8477602,229.0581158,246.8886818,265.9308359,286.2635946,307.9829675,330.4619195,353.9391996,378.0520112,402.6219296,426.9547982,450.9673521,474.2016349
OECD ENV-Growth 2025,SSP3,1,Sudan,billion USD_2015/yr,GDP|PPP,ANNUAL,,,,,,,,,,142.1124765,176.9009834,207.8118025,232.7747698,252.8789024,272.5637494,293.586183,316.0334371,340.0115055,364.8281451,390.7469334,417.367345,444.4924001,471.3557535,497.8654812,523.5160019
OECD ENV-Growth 2025,SSP3,1,Sudan,billion USD_2017/yr,GDP|PPP,ANNUAL,,,,,,,,,,151.506,188.594,221.548,248.161,269.594,290.58,312.992,336.923,362.486,388.943,416.575,444.955,473.873,502.512,530.774,558.12
OECD ENV-Growth 2025,SSP3,1,Suriname,billion USD_2010/yr,GDP|PPP,ANNUAL,,,,,,,,,,7.626111536,8.838838953,10.06771944,11.35950296,12.67292143,14.02722302,15.40400648,16.78163686,18.12354263,19.40577906,20.6467474,21.82642954,22.94890612,24.02788182,25.07498254,26.10976442
OECD ENV-Growth 2025,SSP3,1,Suriname,billion USD_2015/yr,GDP|PPP,ANNUAL,,,,,,,,,,8.824653736,10.22797697,11.64999194,13.14479597,14.66463517,16.2317828,17.82494561,19.41908845,20.97189209,22.45564858,23.89165116,25.25673564,26.55562394,27.80417465,29.01584081,30.21325207
OECD ENV-Growth 2025,SSP3,1,Suriname,billion USD_2017/yr,GDP|PPP,ANNUAL,,,,,,,,,,9.90498,11.4801,13.0762,14.754,16.4599,18.2189,20.0071,21.7964,23.5393,25.2047,26.8165,28.3487,29.8066,31.208,32.568,33.912
OECD ENV-Growth 2025,SSP3,1,Sweden,billion USD_2010/yr,GDP|PPP,ANNUAL,,,,,,,,,,527.2945207,596.5726346,641.2751208,669.7479518,688.9449264,704.3366254,718.7383339,733.3309692,748.1887805,761.1709135,771.7602751,780.004597,786.6348809,792.9725873,799.5401129,805.0601933
OECD ENV-Growth 2025,SSP3,1,Sweden,billion USD_2015/yr,GDP|PPP,ANNUAL,,,,,,,,,,575.2140627,650.7880423,699.553007,730.6133958,751.5549556,768.3454234,784.0559324,799.9747191,816.1827806,830.3447056,841.8964086,850.8899591,858.1227908,865.0364561,872.2008262,878.2225612
OECD ENV-Growth 2025,SSP3,1,Sweden,billion USD_2017/yr,GDP|PPP,ANNUAL,,,,,,,,,,596.541,674.917,725.49,757.702,779.42,796.833,813.126,829.635,846.444,861.131,873.111,882.438,889.939,897.109,904.539,910.784
OECD ENV-Growth 2025,SSP3,1,Switzerland,billion USD_2010/yr,GDP|PPP,ANNUAL,,,,,,,,,,545.7690022,575.2572228,595.9543699,605.3068776,607.7069458,605.4803966,600.4958962,594.9099189,590.1339751,585.4205982,580.1633059,573.7873166,566.6154757,559.4302871,552.700586,546.0234411
OECD ENV-Growth 2025,SSP3,1,Switzerland,billion USD_2015/yr,GDP|PPP,ANNUAL,,,,,,,,,,634.9963781,669.3056064,693.3865149,704.2680573,707.0605109,704.4699448,698.6705321,692.1713075,686.614548,681.1305846,675.0137815,667.5953863,659.2510263,650.8911366,643.0612015,635.2924151
OECD ENV-Growth 2025,SSP3,1,Switzerland,billion USD_2017/yr,GDP|PPP,ANNUAL,,,,,,,,,,654.222,689.57,714.38,725.591,728.468,725.799,719.824,713.128,707.403,701.753,695.451,687.808,679.211,670.598,662.531,654.527
OECD ENV-Growth 2025,SSP3,1,Taiwan,billion USD_2010/yr,GDP|PPP,ANNUAL,,,,,,,,,,1380.545214,1545.055589,1627.969425,1629.172998,1592.525632,1531.740475,1455.583704,1371.039833,1284.411034,1196.417553,1110.812263,1031.461761,960.4888825,898.3892722,844.8691448,798.3411111
OECD ENV-Growth 2025,SSP3,1,Taiwan,billion USD_2015/yr,GDP|PPP,ANNUAL,,,,,,,,,,1482.129521,1658.745022,1747.759885,1749.05202,1709.70804,1644.450144,1562.68955,1471.924709,1378.921524,1284.453241,1192.548879,1107.359549,1031.164292,964.4952214,907.0369361,857.0852419
OECD ENV-Growth 2025,SSP3,1,Taiwan,billion USD_2017/yr,GDP|PPP,ANNUAL,,,,,,,,,,1456.74,1630.33,1717.82,1719.09,1680.42,1616.28,1535.92,1446.71,1355.3,1262.45,1172.12,1088.39,1013.5,947.973,891.499,842.403
OECD ENV-Growth 2025,SSP3,1,Tajikistan,billion USD_2010/yr,GDP|PPP,ANNUAL,,,,,,,,,,46.72962455,58.36372793,71.6360387,85.52543773,99.2127727,113.5839345,129.2577625,146.0046606,163.4695331,181.327443,199.4937512,217.9947249,236.8741431,256.1884319,275.8101461,295.7412314
OECD ENV-Growth 2025,SSP3,1,Tajikistan,billion USD_2015/yr,GDP|PPP,ANNUAL,,,,,,,,,,48.22614069,60.23282622,73.93018272,88.26438973,102.3900616,117.2214598,133.3972421,150.6804596,168.7046446,187.1344541,205.8825382,224.9760056,244.4600371,264.392866,284.6429656,305.2123438
OECD ENV-Growth 2025,SSP3,1,Tajikistan,billion USD_2017/yr,GDP|PPP,ANNUAL,,,,,,,,,,48.033,59.9916,73.6341,87.9109,101.98,116.752,132.863,150.077,168.029,186.385,205.058,224.075,243.481,263.334,283.503,303.99
OECD ENV-Growth 2025,SSP3,1,Tanzania,billion USD_2010/yr,GDP|PPP,ANNUAL,,,,,,,,,,217.7309221,305.314878,409.8041539,517.023546,625.9705573,742.5697893,871.2259956,1012.358875,1166.179314,1329.975897,1504.805142,1687.966019,1877.183433,2072.665155,2271.336168,2467.326929
OECD ENV-Growth 2025,SSP3,1,Tanzania,billion USD_2015/yr,GDP|PPP,ANNUAL,,,,,,,,,,209.2302829,293.3947907,393.8046018,496.8379401,601.531448,713.5784189,837.2116364,972.8344129,1120.649403,1278.051049,1446.054619,1622.064539,1803.894537,1991.744272,2182.658781,2370.997682
OECD ENV-Growth 2025,SSP3,1,Tanzania,billion USD_2017/yr,GDP|PPP,ANNUAL,,,,,,,,,,209.587,293.895,394.476,497.685,602.557,714.795,838.639,974.493,1122.56,1280.23,1448.52,1624.83,1806.97,1995.14,2186.38,2375.04
OECD ENV-Growth 2025,SSP3,1,Thailand,billion USD_2010/yr,GDP|PPP,ANNUAL,,,,,,,,,,1257.373233,1455.000391,1614.77391,1727.299122,1807.103391,1870.446369,1915.32997,1946.336958,1965.557074,1970.295653,1966.812752,1956.510696,1942.92738,1927.914242,1913.221898,1900.234342
OECD ENV-Growth 2025,SSP3,1,Thailand,billion USD_2015/yr,GDP|PPP,ANNUAL,,,,,,,,,,1332.860651,1542.352515,1711.718166,1830.99892,1915.594304,1982.740128,2030.318352,2063.18687,2083.560881,2088.583945,2084.891945,2073.971397,2059.572596,2043.658132,2028.08372,2014.316446
OECD ENV-Growth 2025,SSP3,1,Thailand,billion USD_2017/yr,GDP|PPP,ANNUAL,,,,,,,,,,1371.85,1587.47,1761.79,1884.56,1971.63,2040.74,2089.71,2123.54,2144.51,2149.68,2145.88,2134.64,2119.82,2103.44,2087.41,2073.24
OECD ENV-Growth 2025,SSP3,1,Timor-Leste,billion USD_2010/yr,GDP|PPP,ANNUAL,,,,,,,,,,2.802240097,3.28433036,3.950259408,4.705833394,5.511854013,6.443321272,7.539125303,8.801631002,10.27523543,11.99524452,13.99053277,16.27885366,18.87715672,21.8470766,25.23972988,29.09256632
OECD ENV-Growth 2025,SSP3,1,Timor-Leste,billion USD_2015/yr,GDP|PPP,ANNUAL,,,,,,,,,,3.739971722,4.383386951,5.272160118,6.280576687,7.356321169,8.599491307,10.06199129,11.74697739,13.71370354,16.00929033,18.67227473,21.72635116,25.19414107,29.15790434,33.68586301,38.82799889
OECD ENV-Growth 2025,SSP3,1,Timor-Leste,billion USD_2017/yr,GDP|PPP,ANNUAL,,,,,,,,,,4.18281,4.90241,5.89642,7.02424,8.22736,9.61773,11.2534,13.1379,15.3375,17.9049,20.8832,24.2989,28.1773,32.6104,37.6745,43.4255
OECD ENV-Growth 2025,SSP3,1,Togo,billion USD_2010/yr,GDP|PPP,ANNUAL,,,,,,,,,,22.17891806,29.28274611,38.3564187,48.29362353,59.08967863,71.08402737,84.52881376,99.35156467,115.5258465,133.0296148,151.7887384,171.6432496,192.3610005,213.9654009,236.4954673,260.2165117
OECD ENV-Growth 2025,SSP3,1,Togo,billion USD_2015/yr,GDP|PPP,ANNUAL,,,,,,,,,,22.76724107,30.05950688,39.37386976,49.57467115,60.65710485,72.96961841,86.77104425,101.9869868,118.5903113,136.5583885,155.8151209,176.1962974,197.4636121,219.6410957,242.7687997,267.1190739
OECD ENV-Growth 2025,SSP3,1,Togo,billion USD_2017/yr,GDP|PPP,ANNUAL,,,,,,,,,,22.738,30.0209,39.3233,49.511,60.5792,72.8759,86.6596,101.856,118.438,136.383,155.615,175.97,197.21,219.359,242.457,266.776
OECD ENV-Growth 2025,SSP3,1,Tonga,billion USD_2010/yr,GDP|PPP,ANNUAL,,,,,,,,,,0.543147387,0.587607822,0.667884724,0.755918439,0.844609042,0.944687193,1.062534346,1.196759075,1.349574808,1.520722718,1.712005675,1.927074051,2.170783104,2.448148748,2.762473272,3.118835064
OECD ENV-Growth 2025,SSP3,1,Tonga,billion USD_2015/yr,GDP|PPP,ANNUAL,,,,,,,,,,0.591097734,0.639483242,0.726847181,0.822652722,0.919173143,1.028086432,1.156337412,1.302411821,1.468718491,1.654975746,1.86314562,2.097200745,2.362425015,2.664277159,3.006351002,3.394173263
OECD ENV-Growth 2025,SSP3,1,Tonga,billion USD_2017/yr,GDP|PPP,ANNUAL,,,,,,,,,,0.608561,0.658376,0.748321,0.846957,0.946329,1.05846,1.1905,1.34089,1.51211,1.70387,1.91819,2.15916,2.43222,2.74299,3.09517,3.49445
OECD ENV-Growth 2025,SSP3,1,Trinidad and Tobago,billion USD_2010/yr,GDP|PPP,ANNUAL,,,,,,,,,,39.67397037,42.60393032,45.0758086,46.97365132,48.13446465,49.12155948,50.23034221,51.51390528,52.81360845,54.03080596,55.29079598,56.73236219,58.46476883,60.51318174,62.80645702,65.32919788
OECD ENV-Growth 2025,SSP3,1,Trinidad and Tobago,billion USD_2015/yr,GDP|PPP,ANNUAL,,,,,,,,,,34.32477007,36.85968655,38.99828405,40.64024261,41.64454467,42.49855053,43.45783723,44.56833883,45.69280437,46.7458884,47.83599527,49.0831966,50.58202465,52.35425217,54.33832752,56.52092984
OECD ENV-Growth 2025,SSP3,1,Trinidad and Tobago,billion USD_2017/yr,GDP|PPP,ANNUAL,,,,,,,,,,37.3631,40.1224,42.4503,44.2376,45.3308,46.2604,47.3046,48.5134,49.7374,50.8837,52.0703,53.4279,55.0594,56.9885,59.1482,61.524
OECD ENV-Growth 2025,SSP3,1,Tunisia,billion USD_2010/yr,GDP|PPP,ANNUAL,,,,,,,,,,125.9499433,143.2034581,162.0504845,181.2137122,198.5601223,214.4639756,229.7934859,244.5218564,258.4427525,271.428443,283.2332914,294.0734578,304.5643737,315.1258543,325.8168524,336.4873063
OECD ENV-Growth 2025,SSP3,1,Tunisia,billion USD_2015/yr,GDP|PPP,ANNUAL,,,,,,,,,,136.7625654,155.4972697,175.9622863,196.7706497,215.6062242,232.8754005,249.5209273,265.5137073,280.6296923,294.7301858,307.5484634,319.3192427,330.7107886,342.1789572,353.7877621,365.3742592
OECD ENV-Growth 2025,SSP3,1,Tunisia,billion USD_2017/yr,GDP|PPP,ANNUAL,,,,,,,,,,141.006,160.322,181.422,202.876,222.296,240.101,257.263,273.752,289.337,303.875,317.091,329.227,340.972,352.796,364.765,376.711
OECD ENV-Growth 2025,SSP3,1,Turkey,billion USD_2010/yr,GDP|PPP,ANNUAL,,,,,,,,,,2735.189452,3301.848179,3815.053659,4259.855097,4689.040094,5116.902554,5555.634338,5990.792646,6399.561533,6770.660025,7115.185168,7442.25458,7767.598564,8101.797412,8448.258188,8807.217371
OECD ENV-Growth 2025,SSP3,1,Turkey,billion USD_2015/yr,GDP|PPP,ANNUAL,,,,,,,,,,3098.200432,3740.065408,4321.382887,4825.217825,5311.363727,5796.011567,6292.971293,6785.883276,7248.903467,7669.253695,8059.503791,8429.981453,8798.50469,9177.057998,9569.500621,9976.100426
OECD ENV-Growth 2025,SSP3,1,Turkey,billion USD_2017/yr,GDP|PPP,ANNUAL,,,,,,,,,,3122.89,3769.87,4355.82,4863.67,5353.69,5842.2,6343.12,6839.96,7306.67,7730.37,8123.73,8497.16,8868.62,9250.19,9645.76,10055.6
OECD ENV-Growth 2025,SSP3,1,Turkmenistan,billion USD_2010/yr,GDP|PPP,ANNUAL,,,,,,,,,,108.6370234,120.6831613,136.3841551,149.9017548,160.4480751,170.5113346,178.2504339,185.9794061,193.2941815,199.2600326,203.7726505,207.4437097,210.6924706,213.7640079,216.5681908,218.9996979
OECD ENV-Growth 2025,SSP3,1,Turkmenistan,billion USD_2015/yr,GDP|PPP,ANNUAL,,,,,,,,,,104.2834154,115.8468066,130.9185861,143.8944706,154.0181491,163.6781254,171.1070817,178.5263168,185.547954,191.2747247,195.6065004,199.1304426,202.24901,205.197456,207.8892618,210.2233267
OECD ENV-Growth 2025,SSP3,1,Turkmenistan,billion USD_2017/yr,GDP|PPP,ANNUAL,,,,,,,,,,107.274,119.169,134.673,148.021,158.435,168.372,176.014,183.646,190.869,196.76,201.216,204.841,208.049,211.082,213.851,216.252
OECD ENV-Growth 2025,SSP3,1,Uganda,billion USD_2010/yr,GDP|PPP,ANNUAL,,,,,,,,,,154.8468381,214.4811092,287.1455089,361.6544451,438.1239916,519.3824379,606.9732186,700.5619037,800.5415348,904.8296815,1013.684924,1125.543141,1240.735315,1357.659399,1474.537514,1589.140126
OECD ENV-Growth 2025,SSP3,1,Uganda,billion USD_2015/yr,GDP|PPP,ANNUAL,,,,,,,,,,137.7229857,190.7625567,255.3913098,321.6606201,389.6737251,461.9461458,539.8506351,623.0897461,712.0130555,804.7684202,901.5858249,1001.074118,1103.52768,1207.521628,1311.47469,1413.403887
OECD ENV-Growth 2025,SSP3,1,Uganda,billion USD_2017/yr,GDP|PPP,ANNUAL,,,,,,,,,,134.738,186.628,249.856,314.689,381.228,451.934,528.15,609.585,696.581,787.326,882.045,979.377,1079.61,1181.35,1283.05,1382.77
OECD ENV-Growth 2025,SSP3,1,Ukraine,billion USD_2010/yr,GDP|PPP,ANNUAL,,,,,,,,,,298.6921655,370.9517313,429.6024975,467.3134687,485.6066216,498.3724479,510.8250496,524.1318364,537.3159961,549.4392566,560.7517771,572.5036529,586.5062605,603.266225,621.9959303,641.8916436
OECD ENV-Growth 2025,SSP3,1,Ukraine,billion USD_2015/yr,GDP|PPP,ANNUAL,,,,,,,,,,385.9767779,479.3522247,555.1420725,603.8730431,627.5118695,644.0081592,660.099693,677.2950241,694.3318937,709.9978454,724.6161405,739.8021804,757.896667,779.5542725,803.7572216,829.4669128
OECD ENV-Growth 2025,SSP3,1,Ukraine,billion USD_2017/yr,GDP|PPP,ANNUAL,,,,,,,,,,426.261,529.382,613.082,666.899,693.005,711.223,728.994,747.984,766.799,784.1,800.244,817.015,836.998,860.916,887.645,916.038
OECD ENV-Growth 2025,SSP3,1,United Arab Emirates,billion USD_2010/yr,GDP|PPP,ANNUAL,,,,,,,,,,948.1182049,1173.493371,1364.83474,1487.967285,1563.883861,1600.028912,1605.342953,1589.520516,1552.465855,1491.210765,1411.655746,1331.238992,1258.146996,1196.879937,1145.463003,1098.917274
OECD ENV-Growth 2025,SSP3,1,United Arab Emirates,billion USD_2015/yr,GDP|PPP,ANNUAL,,,,,,,,,,811.1291395,1003.940925,1167.636295,1272.978007,1337.92576,1368.848386,1373.394626,1359.858298,1328.157487,1275.752852,1207.692358,1138.894636,1076.363353,1023.948479,979.9605317,940.1399718
OECD ENV-Growth 2025,SSP3,1,United Arab Emirates,billion USD_2017/yr,GDP|PPP,ANNUAL,,,,,,,,,,792.174,980.48,1140.35,1243.23,1306.66,1336.86,1341.3,1328.08,1297.12,1245.94,1179.47,1112.28,1051.21,1000.02,957.06,918.17
OECD ENV-Growth 2025,SSP3,1,United Kingdom,billion USD_2010/yr,GDP|PPP,ANNUAL,,,,,,,,,,2833.979984,3080.793688,3307.647584,3516.29619,3695.317771,3850.288566,3988.60013,4118.217279,4243.326534,4352.714618,4446.789759,4528.079507,4602.950499,4675.962746,4747.203103,4811.755448
OECD ENV-Growth 2025,SSP3,1,United Kingdom,billion USD_2015/yr,GDP|PPP,ANNUAL,,,,,,,,,,3105.539566,3376.003622,3624.595268,3853.237145,4049.413055,4219.233568,4370.798518,4512.835931,4649.933491,4769.803435,4872.893109,4961.972258,5044.017591,5124.026067,5202.092867,5272.830792
OECD ENV-Growth 2025,SSP3,1,United Kingdom,billion USD_2017/yr,GDP|PPP,ANNUAL,,,,,,,,,,3262.8,3546.96,3808.14,4048.36,4254.47,4432.89,4592.13,4741.36,4885.4,5011.34,5119.65,5213.24,5299.44,5383.5,5465.52,5539.84
OECD ENV-Growth 2025,SSP3,1,United States,billion USD_2010/yr,GDP|PPP,ANNUAL,,,,,,,,,,20683.63651,22626.04941,23991.23288,24992.77973,25845.62726,26702.06007,27609.67268,28533.77757,29466.57676,30364.4195,31250.52046,32148.6321,33083.31355,34068.09924,35108.36707,36204.02742
OECD ENV-Growth 2025,SSP3,1,United States,billion USD_2015/yr,GDP|PPP,ANNUAL,,,,,,,,,,22456.81172,24565.74458,26047.96306,27135.37092,28061.33171,28991.18514,29976.60594,30979.93287,31992.69944,32967.51281,33929.5778,34904.68312,35919.49332,36988.70312,38118.15145,39307.74101
OECD ENV-Growth 2025,SSP3,1,United States,billion USD_2017/yr,GDP|PPP,ANNUAL,,,,,,,,,,23076.2,25243.3,26766.4,27883.8,28835.3,29790.8,30803.4,31834.4,32875.1,33876.8,34865.4,35867.4,36910.2,38008.9,39169.5,40391.9
OECD ENV-Growth 2025,SSP3,1,United States Virgin Islands,billion USD_2017/yr,GDP|PPP,ANNUAL,,,,,,,,,,3.2182,3.42346,3.5898,3.78639,3.99595,4.21043,4.43171,4.6658,4.91184,5.16027,5.40672,5.65179,5.90138,6.15498,6.41295,6.67417
OECD ENV-Growth 2025,SSP3,1,Uruguay,billion USD_2010/yr,GDP|PPP,ANNUAL,,,,,,,,,,84.40568377,94.56423861,103.0409908,109.8496762,115.7627047,121.1272376,126.0599358,130.1694201,133.5253108,135.6948325,136.8162852,136.970579,136.4239649,135.3646061,133.9562045,132.3878643
OECD ENV-Growth 2025,SSP3,1,Uruguay,billion USD_2015/yr,GDP|PPP,ANNUAL,,,,,,,,,,87.28635555,97.79161053,106.5576648,113.598723,119.7135566,125.261175,130.3622208,134.6119572,138.0823806,140.3259457,141.4856723,141.645232,141.0799626,139.984449,138.5279803,136.9061143
OECD ENV-Growth 2025,SSP3,1,Uruguay,billion USD_2017/yr,GDP|PPP,ANNUAL,,,,,,,,,,89.7154,100.513,109.523,116.76,123.045,128.747,133.99,138.358,141.925,144.231,145.423,145.587,145.006,143.88,142.383,140.716
OECD ENV-Growth 2025,SSP3,1,Uzbekistan,billion USD_2010/yr,GDP|PPP,ANNUAL,,,,,,,,,,373.0682168,485.6932508,600.2130354,702.3617329,789.889051,873.4502012,960.4883733,1053.87661,1153.788265,1258.68413,1367.466663,1480.522322,1600.479025,1728.220105,1862.089312,1999.259979
OECD ENV-Growth 2025,SSP3,1,Uzbekistan,billion USD_2015/yr,GDP|PPP,ANNUAL,,,,,,,,,,352.6032492,459.0501432,567.2878496,663.8330953,746.5590295,825.5363633,907.799984,996.065331,1090.496249,1189.637964,1292.453141,1399.307037,1512.683416,1633.417152,1759.942853,1889.588908
OECD ENV-Growth 2025,SSP3,1,Uzbekistan,billion USD_2017/yr,GDP|PPP,ANNUAL,,,,,,,,,,337.873,439.873,543.589,636.101,715.371,791.049,869.876,954.454,1044.94,1139.94,1238.46,1340.85,1449.49,1565.18,1686.42,1810.65
OECD ENV-Growth 2025,SSP3,1,Vanuatu,billion USD_2010/yr,GDP|PPP,ANNUAL,,,,,,,,,,0.759414779,0.893465902,1.137511649,1.417819752,1.710355133,2.051567572,2.473792419,2.998815645,3.653091011,4.452710328,5.431347696,6.620151435,8.058561208,9.784142425,11.8500168,14.31876659
OECD ENV-Growth 2025,SSP3,1,Vanuatu,billion USD_2015/yr,GDP|PPP,ANNUAL,,,,,,,,,,0.82673494,0.97266935,1.238349122,1.543505816,1.861973703,2.233433745,2.693087735,3.264652916,3.976928106,4.847431612,5.912822659,7.207010782,8.772931872,10.65148141,12.90049023,15.58808831
OECD ENV-Growth 2025,SSP3,1,Vanuatu,billion USD_2017/yr,GDP|PPP,ANNUAL,,,,,,,,,,0.850883,1.00108,1.27452,1.58859,1.91636,2.29867,2.77175,3.36001,4.09309,4.98902,6.08553,7.41752,9.02918,10.9626,13.2773,16.0434
OECD ENV-Growth 2025,SSP3,1,Viet Nam,billion USD_2010/yr,GDP|PPP,ANNUAL,,,,,,,,,,1129.95488,1564.97191,1991.140789,2331.001839,2607.792111,2853.767292,3085.873551,3298.169499,3490.135159,3659.187688,3799.641426,3916.32961,4019.361978,4117.092275,4214.635039,4313.294477
OECD ENV-Growth 2025,SSP3,1,Viet Nam,billion USD_2015/yr,GDP|PPP,ANNUAL,,,,,,,,,,1244.417388,1723.500903,2192.839964,2567.12836,2871.957016,3142.849065,3398.467293,3632.268459,3843.679914,4029.857177,4184.538639,4313.047138,4426.51651,4534.14672,4641.5704,4750.223871
OECD ENV-Growth 2025,SSP3,1,Viet Nam,billion USD_2017/yr,GDP|PPP,ANNUAL,,,,,,,,,,1325.58,1835.91,2335.86,2734.56,3059.27,3347.83,3620.12,3869.17,4094.37,4292.69,4457.46,4594.35,4715.22,4829.87,4944.3,5060.04
OECD ENV-Growth 2025,SSP3,1,Western Sahara,billion USD_2017/yr,GDP|PPP,ANNUAL,,,,,,,,,,1.12944,1.22742,1.39089,1.54908,1.67112,1.77857,1.88755,1.99974,2.11609,2.23439,2.35997,2.49539,2.6389,2.78831,2.94267,3.10231
OECD ENV-Growth 2025,SSP3,1,Yemen,billion USD_2010/yr,GDP|PPP,ANNUAL,,,,,,,,,,57.34164284,75.70969651,97.52291512,124.6293654,155.235587,189.5190046,226.9234424,267.2227526,309.588647,352.9418686,395.9953986,437.7793768,477.5353813,515.111728,550.9083117,585.5677226
OECD ENV-Growth 2025,SSP3,1,Yemen,billion USD_2015/yr,GDP|PPP,ANNUAL,,,,,,,,,,60.60512377,80.0185572,103.07323,131.7223878,164.0704992,200.3050866,239.8383204,282.4311825,327.2082442,373.0288246,418.5326572,462.694684,504.7133193,544.4282459,582.2621181,618.8940977
OECD ENV-Growth 2025,SSP3,1,Yemen,billion USD_2017/yr,GDP|PPP,ANNUAL,,,,,,,,,,62.3754,82.3559,106.084,135.57,168.863,206.156,246.844,290.681,336.766,383.925,430.758,476.21,519.456,560.331,599.27,636.972
OECD ENV-Growth 2025,SSP3,1,Zambia,billion USD_2010/yr,GDP|PPP,ANNUAL,,,,,,,,,,75.80539417,97.26805401,122.6833068,148.4010554,174.2612508,201.6558016,231.319326,262.8366936,295.8833291,329.8517987,364.8245182,399.8603212,434.4759062,468.0445074,500.0411066,530.8279257
OECD ENV-Growth 2025,SSP3,1,Zambia,billion USD_2015/yr,GDP|PPP,ANNUAL,,,,,,,,,,74.2368017,95.25534846,120.1446996,145.3302874,170.6553744,197.4830672,226.5327834,257.3979822,289.7608048,323.0263867,357.275438,391.5862676,425.4855745,458.3595621,489.6940762,519.8438433
OECD ENV-Growth 2025,SSP3,1,Zambia,billion USD_2017/yr,GDP|PPP,ANNUAL,,,,,,,,,,74.5033,95.5973,120.576,145.852,171.268,198.192,227.346,258.322,290.801,324.186,358.558,392.992,427.013,460.005,491.452,521.71
OECD ENV-Growth 2025,SSP3,1,Zimbabwe,billion USD_2010/yr,GDP|PPP,ANNUAL,,,,,,,,,,40.71155947,48.28820068,57.72726818,65.52819102,71.49115467,76.68664644,81.70030803,86.70978722,91.9186627,97.42992628,103.5304912,110.3193758,117.9188112,126.6454054,136.7751976,148.5612234
OECD ENV-Growth 2025,SSP3,1,Zimbabwe,billion USD_2015/yr,GDP|PPP,ANNUAL,,,,,,,,,,45.81922289,54.34642786,64.96971872,73.74934364,80.46041942,86.30773646,91.95041095,97.5883783,103.4507582,109.6534637,116.5194041,124.1600208,132.7128796,142.5343105,153.9349842,167.1996822
OECD ENV-Growth 2025,SSP3,1,Zimbabwe,billion USD_2017/yr,GDP|PPP,ANNUAL,,,,,,,,,,38.936,46.1822,55.2096,62.6703,68.3732,73.3421,78.1371,82.9281,87.9098,93.1807,99.0152,105.508,112.776,121.122,130.81,142.082
OECD ENV-Growth 2025,SSP4,1,Albania,billion USD_2010/yr,GDP|PPP,ANNUAL,,,,,,,,,,43.10539394,51.17275225,59.25441219,66.84407823,73.42971648,78.42372397,82.14859374,85.11344635,87.9044723,90.5664304,92.47331512,93.5891958,94.00058853,93.89376767,93.48149213,93.03566955
OECD ENV-Growth 2025,SSP4,1,Albania,billion USD_2015/yr,GDP|PPP,ANNUAL,,,,,,,,,,46.77538526,55.52959809,64.29933021,72.53518006,79.68151927,85.10071633,89.14272134,92.36000138,95.38865515,98.27725224,100.346489,101.5573758,102.0037944,101.8878789,101.4405022,100.9567223
OECD ENV-Growth 2025,SSP4,1,Albania,billion USD_2017/yr,GDP|PPP,ANNUAL,,,,,,,,,,48.8271,57.9653,67.1197,75.7168,83.1766,88.8335,93.0528,96.4112,99.5727,102.588,104.748,106.012,106.478,106.357,105.89,105.385
OECD ENV-Growth 2025,SSP4,1,Algeria,billion USD_2010/yr,GDP|PPP,ANNUAL,,,,,,,,,,659.7363499,725.871735,811.9089383,888.7171577,964.1228143,1053.985189,1165.657109,1300.388132,1459.60025,1637.197475,1836.300661,2060.613546,2318.235777,2616.963417,2960.135901,3347.158202
OECD ENV-Growth 2025,SSP4,1,Algeria,billion USD_2015/yr,GDP|PPP,ANNUAL,,,,,,,,,,567.6783715,624.5853885,698.6171733,764.7077637,829.5915015,906.9147024,1003.0042,1118.935189,1255.931241,1408.746989,1580.067809,1773.080629,1994.754891,2251.798815,2547.085859,2880.104026
OECD ENV-Growth 2025,SSP4,1,Algeria,billion USD_2017/yr,GDP|PPP,ANNUAL,,,,,,,,,,543.288,597.75,668.601,731.852,793.948,867.949,959.91,1070.86,1201.97,1348.22,1512.18,1696.9,1909.05,2155.05,2437.65,2756.36
OECD ENV-Growth 2025,SSP4,1,Angola,billion USD_2010/yr,GDP|PPP,ANNUAL,,,,,,,,,,194.6208842,233.9690425,286.311814,346.5127304,420.224307,513.8259824,632.2167747,777.0459771,950.8723943,1154.685259,1391.80116,1662.528696,1967.6908,2308.881902,2684.173256,3091.421809
OECD ENV-Growth 2025,SSP4,1,Angola,billion USD_2015/yr,GDP|PPP,ANNUAL,,,,,,,,,,207.4632321,249.4078371,305.204524,369.3778872,447.9534316,547.7315525,673.9345369,828.3205092,1013.617121,1230.87888,1483.641225,1772.23312,2097.531798,2461.236902,2861.292413,3295.413865
OECD ENV-Growth 2025,SSP4,1,Angola,billion USD_2017/yr,GDP|PPP,ANNUAL,,,,,,,,,,227.037,272.939,334,404.228,490.217,599.409,737.519,906.471,1109.25,1347.01,1623.62,1939.44,2295.43,2693.45,3131.25,3606.33
OECD ENV-Growth 2025,SSP4,1,Antigua and Barbuda,billion USD_2010/yr,GDP|PPP,ANNUAL,,,,,,,,,,2.641210297,3.047512896,3.543127574,4.139341458,4.84739639,5.628189325,6.487516661,7.441103393,8.499036611,9.63684012,10.85963105,12.1603224,13.53968401,15.00067067,16.53581048,18.13706545
OECD ENV-Growth 2025,SSP4,1,Antigua and Barbuda,billion USD_2015/yr,GDP|PPP,ANNUAL,,,,,,,,,,2.372306384,2.737242963,3.18239868,3.717911511,4.353878756,5.055178484,5.827016959,6.683518197,7.633742316,8.655705062,9.754002587,10.92226942,12.16119703,13.47343937,14.85228526,16.29051507
OECD ENV-Growth 2025,SSP4,1,Antigua and Barbuda,billion USD_2017/yr,GDP|PPP,ANNUAL,,,,,,,,,,2.333,2.69189,3.12967,3.65631,4.28174,4.97142,5.73047,6.57278,7.50726,8.51229,9.59239,10.7413,11.9597,13.2502,14.6062,16.0206
OECD ENV-Growth 2025,SSP4,1,Argentina,billion USD_2010/yr,GDP|PPP,ANNUAL,,,,,,,,,,787.8266549,892.2338078,997.3782234,1123.941657,1278.69771,1462.614039,1676.143754,1914.210495,2178.158228,2467.503127,2781.131616,3119.934555,3487.521459,3887.27913,4321.135201,4791.332181
OECD ENV-Growth 2025,SSP4,1,Argentina,billion USD_2015/yr,GDP|PPP,ANNUAL,,,,,,,,,,861.737401,975.9396155,1090.94826,1229.385369,1398.660015,1599.830639,1833.392858,2093.794068,2382.504323,2698.994402,3042.046262,3412.634338,3814.706776,4251.968112,4726.526825,5240.835805
OECD ENV-Growth 2025,SSP4,1,Argentina,billion USD_2017/yr,GDP|PPP,ANNUAL,,,,,,,,,,1025.84,1161.79,1298.7,1463.5,1665.01,1904.49,2182.53,2492.52,2836.21,3212.97,3621.35,4062.51,4541.15,5061.68,5626.61,6238.86
OECD ENV-Growth 2025,SSP4,1,Armenia,billion USD_2010/yr,GDP|PPP,ANNUAL,,,,,,,,,,42.43829227,53.04628707,64.19720659,74.14726533,82.28692749,88.67123016,94.0122562,99.17683978,104.575331,109.3975515,112.7669547,115.4160194,117.7275773,120.1103596,122.7335245,125.4999478
OECD ENV-Growth 2025,SSP4,1,Armenia,billion USD_2015/yr,GDP|PPP,ANNUAL,,,,,,,,,,46.17902443,57.72206315,69.85588281,80.68299156,89.54012595,96.48717432,102.2989862,107.9188031,113.7931455,119.0404216,122.7068215,125.5893886,128.1046992,130.6975124,133.5518968,136.5621669
OECD ENV-Growth 2025,SSP4,1,Armenia,billion USD_2017/yr,GDP|PPP,ANNUAL,,,,,,,,,,52.4338,65.5403,79.3176,91.6112,101.668,109.556,116.155,122.536,129.206,135.164,139.327,142.6,145.456,148.4,151.641,155.059
OECD ENV-Growth 2025,SSP4,1,Aruba,billion USD_2010/yr,GDP|PPP,ANNUAL,,,,,,,,,,4.47251413,4.752096675,5.143492802,5.605644594,6.141622893,6.753808572,7.467759575,8.303514111,9.23918758,10.24309979,11.32508521,12.4935595,13.75309003,15.10115019,16.52899389,18.03040171
OECD ENV-Growth 2025,SSP4,1,Aruba,billion USD_2015/yr,GDP|PPP,ANNUAL,,,,,,,,,,4.500160567,4.781471325,5.175286831,5.640295373,6.179586772,6.795556621,7.513920847,8.354841523,9.296298772,10.30641658,11.39509019,12.57078729,13.8381035,15.19449656,16.63116635,18.14185499
OECD ENV-Growth 2025,SSP4,1,Aruba,billion USD_2017/yr,GDP|PPP,ANNUAL,,,,,,,,,,4.60237,4.89007,5.29283,5.7684,6.31994,6.9499,7.68458,8.5446,9.50744,10.5405,11.6539,12.8563,14.1524,15.5396,17.0089,18.5539
OECD ENV-Growth 2025,SSP4,1,Australia,billion USD_2010/yr,GDP|PPP,ANNUAL,,,,,,,,,,1291.732413,1475.295141,1695.599056,1946.82643,2215.471185,2470.377153,2704.27665,2928.778279,3144.463813,3344.343029,3522.34759,3674.593044,3797.320243,3889.30299,3951.382617,3984.239352
OECD ENV-Growth 2025,SSP4,1,Australia,billion USD_2015/yr,GDP|PPP,ANNUAL,,,,,,,,,,1383.37111,1579.956233,1815.889053,2084.939119,2372.642199,2645.631828,2896.124734,3136.553065,3367.539865,3581.599008,3772.231653,3935.277776,4066.711547,4165.219778,4231.703488,4266.891161
OECD ENV-Growth 2025,SSP4,1,Australia,billion USD_2017/yr,GDP|PPP,ANNUAL,,,,,,,,,,1443.22,1648.31,1894.45,2175.14,2475.29,2760.09,3021.42,3272.25,3513.23,3736.55,3935.43,4105.53,4242.65,4345.42,4414.78,4451.49
OECD ENV-Growth 2025,SSP4,1,Austria,billion USD_2010/yr,GDP|PPP,ANNUAL,,,,,,,,,,417.1791408,459.5388565,494.1758573,528.306557,559.4440759,584.3453281,604.9908922,624.2059933,642.6527176,659.0961447,672.5196154,681.4488523,685.2647725,684.2018647,678.9530474,669.9872984
OECD ENV-Growth 2025,SSP4,1,Austria,billion USD_2015/yr,GDP|PPP,ANNUAL,,,,,,,,,,485.0390059,534.2891059,574.5602863,614.2428088,650.4452689,679.3970487,703.4008948,725.7415937,747.1889287,766.307103,781.914084,792.2957828,796.7324143,795.49661,789.3940013,778.9698512
OECD ENV-Growth 2025,SSP4,1,Austria,billion USD_2017/yr,GDP|PPP,ANNUAL,,,,,,,,,,514.16,566.367,609.056,651.121,689.497,720.187,745.632,769.314,792.049,812.315,828.859,839.864,844.567,843.257,836.788,825.738
OECD ENV-Growth 2025,SSP4,1,Azerbaijan,billion USD_2010/yr,GDP|PPP,ANNUAL,,,,,,,,,,171.6570573,194.3815913,216.6368809,238.7787612,263.9067416,292.2237105,322.2262132,354.1410685,387.1026196,419.7062548,450.8636603,480.2855902,508.4912306,535.5305232,560.4056735,581.9212011
OECD ENV-Growth 2025,SSP4,1,Azerbaijan,billion USD_2015/yr,GDP|PPP,ANNUAL,,,,,,,,,,165.8788577,187.8384543,209.344602,230.7411579,255.0232978,282.3870807,311.3796601,342.22022,374.0722424,405.5783968,435.6870036,464.1185532,491.374755,517.5038699,541.5416903,562.3329773
OECD ENV-Growth 2025,SSP4,1,Azerbaijan,billion USD_2017/yr,GDP|PPP,ANNUAL,,,,,,,,,,164.983,186.824,208.214,229.495,253.646,280.862,309.698,340.372,372.052,403.388,433.334,461.612,488.721,514.709,538.617,559.296
OECD ENV-Growth 2025,SSP4,1,Bahamas,billion USD_2010/yr,GDP|PPP,ANNUAL,,,,,,,,,,13.03136071,14.11473748,15.3962349,16.85682252,18.50618548,20.25817699,22.11024831,24.06494817,26.1369742,28.33856026,30.67217012,33.13788874,35.74854469,38.50881061,41.44842161,44.59847209
OECD ENV-Growth 2025,SSP4,1,Bahamas,billion USD_2015/yr,GDP|PPP,ANNUAL,,,,,,,,,,14.31066965,15.50040319,16.90770721,18.51168299,20.32296648,22.24695371,24.28084575,26.42744153,28.70288157,31.12060076,33.68330473,36.39108678,39.25803488,42.2892804,45.51747758,48.97677341
OECD ENV-Growth 2025,SSP4,1,Bahamas,billion USD_2017/yr,GDP|PPP,ANNUAL,,,,,,,,,,15.3387,16.6139,18.1223,19.8415,21.7829,23.8451,26.0251,28.3259,30.7648,33.3562,36.103,39.0053,42.0782,45.3272,48.7873,52.4951
OECD ENV-Growth 2025,SSP4,1,Bahrain,billion USD_2010/yr,GDP|PPP,ANNUAL,,,,,,,,,,88.12602382,101.4002868,116.9367803,132.236733,147.6986568,163.1637358,179.5017757,196.727501,214.3402739,230.6709514,246.4084363,262.3226169,279.264367,297.6459765,317.0604143,336.7157052
OECD ENV-Growth 2025,SSP4,1,Bahrain,billion USD_2015/yr,GDP|PPP,ANNUAL,,,,,,,,,,79.21337725,91.14514444,105.110351,118.8629393,132.7611177,146.6621323,161.3478205,176.8314179,192.6629189,207.3419894,221.48786,235.7925561,251.0208982,267.5434792,284.9944332,302.6618816
OECD ENV-Growth 2025,SSP4,1,Bahrain,billion USD_2017/yr,GDP|PPP,ANNUAL,,,,,,,,,,83.7891,96.4101,111.182,125.729,140.43,155.134,170.668,187.046,203.792,219.319,234.282,249.413,265.521,282.998,301.457,320.145
OECD ENV-Growth 2025,SSP4,1,Bangladesh,billion USD_2010/yr,GDP|PPP,ANNUAL,,,,,,,,,,1175.631971,1648.327742,2157.093942,2631.812674,3077.498483,3525.061531,3986.459578,4462.361228,4960.404019,5461.764124,5971.464657,6474.933442,6972.667645,7479.745187,8014.218425,8589.785208
OECD ENV-Growth 2025,SSP4,1,Bangladesh,billion USD_2015/yr,GDP|PPP,ANNUAL,,,,,,,,,,1333.325669,1869.42661,2446.436296,2984.831548,3490.299538,3997.896572,4521.184365,5060.921206,5625.769095,6194.379267,6772.448614,7343.450314,7907.948224,8483.042743,9089.207687,9741.978269
OECD ENV-Growth 2025,SSP4,1,Bangladesh,billion USD_2017/yr,GDP|PPP,ANNUAL,,,,,,,,,,1371.5,1922.95,2516.48,3070.29,3590.23,4112.36,4650.63,5205.82,5786.84,6371.73,6966.35,7553.7,8134.36,8725.92,9349.44,10020.9
OECD ENV-Growth 2025,SSP4,1,Barbados,billion USD_2010/yr,GDP|PPP,ANNUAL,,,,,,,,,,4.902133143,5.430047066,6.111938035,7.050815663,8.210231825,9.501747892,10.91056553,12.45446962,14.14956056,15.98271414,17.97521846,20.13348063,22.46556118,24.9806574,27.69137681,30.62107431
OECD ENV-Growth 2025,SSP4,1,Barbados,billion USD_2015/yr,GDP|PPP,ANNUAL,,,,,,,,,,4.788882527,5.304600416,5.970738127,6.887925509,8.020556476,9.282235534,10.65850623,12.16674256,13.82267297,15.61347647,17.55994933,19.66835065,21.94655474,24.40354642,27.05164194,29.91365666
OECD ENV-Growth 2025,SSP4,1,Barbados,billion USD_2017/yr,GDP|PPP,ANNUAL,,,,,,,,,,4.74368,5.25453,5.91438,6.82291,7.94485,9.19462,10.5579,12.0519,13.6922,15.4661,17.3942,19.4827,21.7394,24.1732,26.7963,29.6313
OECD ENV-Growth 2025,SSP4,1,Belarus,billion USD_2010/yr,GDP|PPP,ANNUAL,,,,,,,,,,163.1723499,169.7133482,179.0548472,189.9361342,202.2003955,215.0192639,229.134283,245.0832269,262.5462662,280.1244795,297.064806,313.4195168,329.5279324,345.7851883,361.8679113,376.7864907
OECD ENV-Growth 2025,SSP4,1,Belarus,billion USD_2015/yr,GDP|PPP,ANNUAL,,,,,,,,,,181.5386645,188.815903,199.2088602,211.3149206,224.9596196,239.2213512,254.9251253,272.6692466,292.0978865,311.6546642,330.5017559,348.6973164,366.6188592,384.7059955,402.5989538,419.1967351
OECD ENV-Growth 2025,SSP4,1,Belarus,billion USD_2017/yr,GDP|PPP,ANNUAL,,,,,,,,,,184.177,191.56,202.104,214.386,228.229,242.698,258.63,276.632,296.343,316.184,335.305,353.765,371.947,390.297,408.45,425.289
OECD ENV-Growth 2025,SSP4,1,Belgium,billion USD_2010/yr,GDP|PPP,ANNUAL,,,,,,,,,,538.6182983,584.0788562,623.6615882,658.172017,687.8517997,713.3412023,736.3168751,759.8256878,783.3909702,803.9044002,820.2855808,831.8975674,838.532751,840.3015797,837.3452275,829.5200291
OECD ENV-Growth 2025,SSP4,1,Belgium,billion USD_2015/yr,GDP|PPP,ANNUAL,,,,,,,,,,605.9031025,657.0426445,701.5700959,740.3916064,773.7790209,802.4525883,828.298408,854.7439681,881.2530521,904.3290429,922.756579,935.819148,943.2832062,945.272999,941.947336,933.144605
OECD ENV-Growth 2025,SSP4,1,Belgium,billion USD_2017/yr,GDP|PPP,ANNUAL,,,,,,,,,,648.597,703.34,751.005,792.562,828.302,858.996,886.663,914.972,943.349,968.051,987.777,1001.76,1009.75,1011.88,1008.32,998.897
OECD ENV-Growth 2025,SSP4,1,Belize,billion USD_2010/yr,GDP|PPP,ANNUAL,,,,,,,,,,4.645810055,5.325625964,6.389299889,7.853131831,9.788754022,12.21129988,15.15075799,18.65488316,22.78082706,27.51360612,32.86927417,38.8101582,45.34128841,52.49198983,60.33086585,68.92619881
OECD ENV-Growth 2025,SSP4,1,Belize,billion USD_2015/yr,GDP|PPP,ANNUAL,,,,,,,,,,4.306386753,4.93653525,5.922497062,7.27938131,9.073586769,11.31914121,14.04384224,17.29195571,21.11645778,25.50345957,30.46784203,35.97468454,42.02864979,48.65692031,55.92308734,63.8904445
OECD ENV-Growth 2025,SSP4,1,Belize,billion USD_2017/yr,GDP|PPP,ANNUAL,,,,,,,,,,4.34084,4.97603,5.96988,7.33762,9.14618,11.4097,14.1562,17.4303,21.2854,25.7075,30.7116,36.2625,42.3649,49.0462,56.3705,64.4016
OECD ENV-Growth 2025,SSP4,1,Benin,billion USD_2010/yr,GDP|PPP,ANNUAL,,,,,,,,,,47.65227375,64.53274852,87.69451316,114.6304366,146.0027931,183.6036394,229.3648999,284.5943391,351.0866361,430.3917013,524.4703072,635.2089212,764.1583279,913.8702413,1085.444372,1281.084514
OECD ENV-Growth 2025,SSP4,1,Benin,billion USD_2015/yr,GDP|PPP,ANNUAL,,,,,,,,,,53.41699668,72.33958304,98.30333686,128.4978275,163.6654477,205.8150477,257.1122663,319.0230743,393.5592617,482.4582391,587.9179828,712.0531754,856.6022071,1024.425485,1216.755757,1436.06342
OECD ENV-Growth 2025,SSP4,1,Benin,billion USD_2017/yr,GDP|PPP,ANNUAL,,,,,,,,,,54.5112,73.8214,100.317,131.13,167.018,210.031,262.379,325.558,401.621,492.341,599.961,726.639,874.149,1045.41,1241.68,1465.48
OECD ENV-Growth 2025,SSP4,1,Bhutan,billion USD_2010/yr,GDP|PPP,ANNUAL,,,,,,,,,,7.774857891,9.414441393,10.9638133,12.39014377,13.73707708,15.11114715,16.58708071,18.1301717,19.71296127,21.22118516,22.66192951,24.05717752,25.42697979,26.84557991,28.34881127,29.96276383
OECD ENV-Growth 2025,SSP4,1,Bhutan,billion USD_2015/yr,GDP|PPP,ANNUAL,,,,,,,,,,9.159684301,11.09130382,12.91664362,14.59702633,16.18386998,17.80268388,19.54150479,21.35944495,23.22415463,25.00101729,26.69838123,28.3421452,29.95593114,31.6272066,33.39818749,35.29961078
OECD ENV-Growth 2025,SSP4,1,Bhutan,billion USD_2017/yr,GDP|PPP,ANNUAL,,,,,,,,,,9.65527,11.6914,13.6155,15.3868,17.0595,18.7659,20.5988,22.5151,24.4807,26.3537,28.1429,29.8756,31.5767,33.3384,35.2052,37.2095
OECD ENV-Growth 2025,SSP4,1,Bolivia,billion USD_2010/yr,GDP|PPP,ANNUAL,,,,,,,,,,83.2267649,93.35364923,107.1544403,125.3684522,146.8890583,172.1937648,201.3575974,234.0468486,270.160703,309.3693607,352.3347659,399.7298037,452.2687798,510.5651843,574.8464383,645.5509724
OECD ENV-Growth 2025,SSP4,1,Bolivia,billion USD_2015/yr,GDP|PPP,ANNUAL,,,,,,,,,,95.14088765,106.7174612,122.4938705,143.3152645,167.9166,196.8437395,230.1824488,267.5512494,308.8348937,353.6563703,402.7723823,456.9521402,517.0122041,583.653887,657.1371658,737.9632334
OECD ENV-Growth 2025,SSP4,1,Bolivia,billion USD_2017/yr,GDP|PPP,ANNUAL,,,,,,,,,,106.494,119.452,137.111,160.417,187.954,220.333,257.65,299.478,345.688,395.858,450.835,511.48,578.707,653.301,735.553,826.024
OECD ENV-Growth 2025,SSP4,1,Bosnia and Herzegovina,billion USD_2010/yr,GDP|PPP,ANNUAL,,,,,,,,,,51.22290579,59.54473563,66.86481383,71.6802088,74.41744929,75.58423313,75.8063618,75.65114983,75.39547591,74.7182268,73.85656571,72.82787359,71.75598979,70.75362982,69.851558,69.00015168
OECD ENV-Growth 2025,SSP4,1,Bosnia and Herzegovina,billion USD_2015/yr,GDP|PPP,ANNUAL,,,,,,,,,,55.66696946,64.71079547,72.66595857,77.89913386,80.87385543,82.14186863,82.38326902,82.21459097,81.93673495,81.20072819,80.26430998,79.14636925,77.98148955,76.89216553,75.91183059,74.98655684
OECD ENV-Growth 2025,SSP4,1,Bosnia and Herzegovina,billion USD_2017/yr,GDP|PPP,ANNUAL,,,,,,,,,,58.9414,68.5172,76.9403,82.4813,85.631,86.9736,87.2292,87.0506,86.7564,85.9771,84.9856,83.8019,82.5685,81.4151,80.3771,79.3974
OECD ENV-Growth 2025,SSP4,1,Botswana,billion USD_2010/yr,GDP|PPP,ANNUAL,,,,,,,,,,45.09864882,54.96066039,65.79094931,76.92907716,88.81716452,101.6828339,115.7397999,130.8339959,146.6529798,163.0968484,180.5064477,199.0453448,218.7203958,239.4669574,261.0509428,283.5859673
OECD ENV-Growth 2025,SSP4,1,Botswana,billion USD_2015/yr,GDP|PPP,ANNUAL,,,,,,,,,,45.16546041,55.04208209,65.88841559,77.04304407,88.94874308,101.8334724,115.9112631,131.0278205,146.8702395,163.3384689,180.7738597,199.3402214,219.04442,239.8217167,261.4376778,284.006087
OECD ENV-Growth 2025,SSP4,1,Botswana,billion USD_2017/yr,GDP|PPP,ANNUAL,,,,,,,,,,46.0452,56.1142,67.1718,78.5437,90.6813,103.817,118.169,133.58,149.731,166.52,184.295,203.223,223.311,244.493,266.53,289.538
OECD ENV-Growth 2025,SSP4,1,Brazil,billion USD_2010/yr,GDP|PPP,ANNUAL,,,,,,,,,,3350.796133,3643.354683,4155.979568,4860.376685,5761.956473,6830.653437,8047.222964,9377.334744,10820.69034,12348.51428,13970.58773,15678.15,17485.2567,19406.63731,21455.86607,23649.88672
OECD ENV-Growth 2025,SSP4,1,Brazil,billion USD_2015/yr,GDP|PPP,ANNUAL,,,,,,,,,,3409.840692,3707.554432,4229.212308,4946.021644,5863.488218,6951.016749,8189.023513,9542.573265,11011.3623,12566.10812,14216.76421,15954.41553,17793.36535,19748.60271,21833.94104,24066.62265
OECD ENV-Growth 2025,SSP4,1,Brazil,billion USD_2017/yr,GDP|PPP,ANNUAL,,,,,,,,,,3480.58,3784.47,4316.95,5048.63,5985.13,7095.22,8358.91,9740.54,11239.8,12826.8,14511.7,16285.4,18162.5,20158.3,22286.9,24565.9
OECD ENV-Growth 2025,SSP4,1,Brunei Darussalam,billion USD_2010/yr,GDP|PPP,ANNUAL,,,,,,,,,,32.97863919,38.45502835,43.47414305,47.06300089,49.60100455,51.58383102,53.42418888,55.31243137,57.35132078,59.3181462,61.45458276,63.79097319,66.42308673,69.42168359,72.81153577,76.61457064
OECD ENV-Growth 2025,SSP4,1,Brunei Darussalam,billion USD_2015/yr,GDP|PPP,ANNUAL,,,,,,,,,,27.57100857,32.14941376,36.34552548,39.34590489,41.46774262,43.12543763,44.66402514,46.24264545,47.94721056,49.59152827,51.37764535,53.33092911,55.53144517,58.03835091,60.87235637,64.0517934
OECD ENV-Growth 2025,SSP4,1,Brunei Darussalam,billion USD_2017/yr,GDP|PPP,ANNUAL,,,,,,,,,,27.8239,32.4443,36.6789,39.7068,41.8481,43.521,45.0737,46.6668,48.387,50.0464,51.8489,53.8201,56.0408,58.5707,61.4307,64.6393
OECD ENV-Growth 2025,SSP4,1,Bulgaria,billion USD_2010/yr,GDP|PPP,ANNUAL,,,,,,,,,,154.9134404,177.7478312,198.6268022,216.3327499,231.1294747,243.2783039,253.7050115,262.5777704,269.8545373,275.2665658,279.1436061,282.2135823,284.9439156,287.777296,290.728562,293.2560989
OECD ENV-Growth 2025,SSP4,1,Bulgaria,billion USD_2015/yr,GDP|PPP,ANNUAL,,,,,,,,,,172.2492552,197.6389618,220.8544245,240.5417822,256.9943561,270.5027177,282.0962413,291.9619192,300.0530034,306.0706728,310.3815789,313.7951053,316.8309806,319.9814345,323.2629663,326.0733508
OECD ENV-Growth 2025,SSP4,1,Bulgaria,billion USD_2017/yr,GDP|PPP,ANNUAL,,,,,,,,,,187.916,215.615,240.942,262.42,280.369,295.106,307.754,318.517,327.344,333.909,338.612,342.336,345.648,349.085,352.665,355.731
OECD ENV-Growth 2025,SSP4,1,Burkina Faso,billion USD_2010/yr,GDP|PPP,ANNUAL,,,,,,,,,,50.37823291,67.1294146,92.0809102,120.6850972,153.0795501,190.5451054,234.3521509,284.2464348,340.4465092,401.6010089,468.2419467,539.6866744,615.950865,697.2025684,783.513184,874.2166072
OECD ENV-Growth 2025,SSP4,1,Burkina Faso,billion USD_2015/yr,GDP|PPP,ANNUAL,,,,,,,,,,51.22556039,68.25848552,93.62964824,122.7149381,155.6542436,193.749944,238.293794,289.0272658,346.172587,408.3556636,476.1174566,548.7638358,626.310738,708.9290396,796.6913408,888.9203337
OECD ENV-Growth 2025,SSP4,1,Burkina Faso,billion USD_2017/yr,GDP|PPP,ANNUAL,,,,,,,,,,57.8578,77.096,105.752,138.603,175.807,218.835,269.146,326.448,390.992,461.226,537.761,619.813,707.4,800.715,899.84,1004.01
OECD ENV-Growth 2025,SSP4,1,Burundi,billion USD_2010/yr,GDP|PPP,ANNUAL,,,,,,,,,,8.300065021,10.96223617,14.37235438,18.28481339,22.48888084,27.15218653,32.41375583,38.20752425,44.41758507,50.82058866,57.412068,64.09500315,70.76108912,77.37208217,83.86505256,90.19094174
OECD ENV-Growth 2025,SSP4,1,Burundi,billion USD_2015/yr,GDP|PPP,ANNUAL,,,,,,,,,,10.80211708,14.2667989,18.7048962,23.79676478,29.26814707,35.33720484,42.18487258,49.72517071,57.80725247,66.14043952,74.71891829,83.4164222,92.09199773,100.6958726,109.1461469,117.3789735
OECD ENV-Growth 2025,SSP4,1,Burundi,billion USD_2017/yr,GDP|PPP,ANNUAL,,,,,,,,,,10.5911,13.9881,18.3395,23.3319,28.6964,34.6469,41.3608,48.7538,56.678,64.8484,73.2593,81.7869,90.293,98.7288,107.014,115.086
OECD ENV-Growth 2025,SSP4,1,Cabo Verde,billion USD_2010/yr,GDP|PPP,ANNUAL,,,,,,,,,,4.568422477,5.755323747,7.000580191,8.131909794,9.166684854,10.1682995,11.20822091,12.29826333,13.49150133,14.74909112,16.05465388,17.39521184,18.80925078,20.34993476,22.06845883,23.99373205
OECD ENV-Growth 2025,SSP4,1,Cabo Verde,billion USD_2015/yr,GDP|PPP,ANNUAL,,,,,,,,,,4.761578641,5.998662944,7.296569719,8.475732745,9.554258834,10.59822246,11.68211249,12.81824269,14.06193164,15.37269323,16.73345611,18.13069382,19.60451933,21.21034453,23.00152902,25.00820417
OECD ENV-Growth 2025,SSP4,1,Cabo Verde,billion USD_2017/yr,GDP|PPP,ANNUAL,,,,,,,,,,5.10428,6.4304,7.82172,9.08575,10.2419,11.361,12.5229,13.7408,15.074,16.4791,17.9378,19.4356,21.0155,22.7369,24.657,26.8081
OECD ENV-Growth 2025,SSP4,1,Cambodia,billion USD_2010/yr,GDP|PPP,ANNUAL,,,,,,,,,,81.03381563,110.1103794,145.0928619,184.0578968,227.3343104,277.5133977,335.4913895,404.2411265,483.0468751,569.2771308,663.2437423,765.494456,877.0237928,998.6404155,1131.681075,1278.03563
OECD ENV-Growth 2025,SSP4,1,Cambodia,billion USD_2015/yr,GDP|PPP,ANNUAL,,,,,,,,,,86.72155425,117.8389931,155.2768853,196.976864,243.2908358,296.9919778,359.039427,432.6146869,516.9517869,609.2345177,709.7966169,819.2242767,938.5818233,1068.734679,1211.113422,1367.740558
OECD ENV-Growth 2025,SSP4,1,Cambodia,billion USD_2017/yr,GDP|PPP,ANNUAL,,,,,,,,,,90.6875,123.228,162.378,205.985,254.417,310.574,375.459,452.399,540.593,637.096,742.257,856.689,981.505,1117.61,1266.5,1430.29
OECD ENV-Growth 2025,SSP4,1,Cameroon,billion USD_2010/yr,GDP|PPP,ANNUAL,,,,,,,,,,103.3733237,130.7558879,168.5340565,213.1024729,265.0743879,327.0231869,401.5397019,490.3363244,595.3513807,718.1768802,861.2867622,1026.553928,1215.457856,1431.282011,1677.192965,1950.18989
OECD ENV-Growth 2025,SSP4,1,Cameroon,billion USD_2015/yr,GDP|PPP,ANNUAL,,,,,,,,,,112.6392321,142.4762432,183.6406727,232.2039965,288.8344346,356.3360385,437.5318704,534.287813,648.715935,782.5509463,938.4885387,1118.569492,1324.405897,1559.575535,1827.528814,2124.995926
OECD ENV-Growth 2025,SSP4,1,Cameroon,billion USD_2017/yr,GDP|PPP,ANNUAL,,,,,,,,,,118.502,149.892,193.199,244.29,303.868,374.883,460.305,562.097,682.481,823.282,987.336,1176.79,1393.34,1640.75,1922.65,2235.6
OECD ENV-Growth 2025,SSP4,1,Canada,billion USD_2010/yr,GDP|PPP,ANNUAL,,,,,,,,,,1771.057614,1969.898591,2210.910373,2481.454232,2752.024906,2993.635552,3208.01126,3406.467891,3597.6577,3776.074707,3930.474556,4055.413834,4149.212144,4211.932055,4244.753419,4248.033768
OECD ENV-Growth 2025,SSP4,1,Canada,billion USD_2015/yr,GDP|PPP,ANNUAL,,,,,,,,,,1862.512497,2071.621338,2325.078624,2609.592981,2894.135537,3148.222612,3373.668375,3582.373022,3783.4356,3971.065806,4133.438642,4264.829606,4363.471527,4429.430204,4463.946417,4467.396158
OECD ENV-Growth 2025,SSP4,1,Canada,billion USD_2017/yr,GDP|PPP,ANNUAL,,,,,,,,,,1981.43,2203.89,2473.53,2776.21,3078.92,3349.23,3589.07,3811.1,4025,4224.61,4397.35,4537.13,4642.07,4712.24,4748.96,4752.63
OECD ENV-Growth 2025,SSP4,1,Central African Republic,billion USD_2010/yr,GDP|PPP,ANNUAL,,,,,,,,,,3.93669834,4.85539327,6.444108124,8.404226934,10.73706688,13.56947608,16.98894701,20.98645901,25.71376681,31.22044416,37.69345034,45.23688225,54.01319169,64.23600079,76.1716986,90.12762639
OECD ENV-Growth 2025,SSP4,1,Central African Republic,billion USD_2015/yr,GDP|PPP,ANNUAL,,,,,,,,,,4.551246969,5.613357183,7.450082539,9.716190842,12.41320489,15.68777477,19.64105118,24.26260528,29.72788188,36.09419355,43.57768536,52.29870451,62.44506277,74.26373033,88.06268158,104.1972361
OECD ENV-Growth 2025,SSP4,1,Central African Republic,billion USD_2017/yr,GDP|PPP,ANNUAL,,,,,,,,,,4.93142,6.08225,8.0724,10.5278,13.4501,16.9982,21.2817,26.2893,32.2111,39.1092,47.2178,56.6673,67.6612,80.4671,95.4187,112.901
OECD ENV-Growth 2025,SSP4,1,Chad,billion USD_2010/yr,GDP|PPP,ANNUAL,,,,,,,,,,29.57830171,35.77494142,48.25698202,63.57299536,81.37170489,102.5835329,128.036952,157.8117215,192.1574824,231.0627207,274.3714764,321.6776253,372.7205359,427.6017395,485.9590737,547.9034898
OECD ENV-Growth 2025,SSP4,1,Chad,billion USD_2015/yr,GDP|PPP,ANNUAL,,,,,,,,,,27.84731128,33.68130935,45.43287215,59.85255707,76.60964508,96.58010801,120.5439343,148.5762157,180.9119834,217.5403975,258.3146249,302.8523088,350.9080707,402.5774997,457.519628,515.8389141
OECD ENV-Growth 2025,SSP4,1,Chad,billion USD_2017/yr,GDP|PPP,ANNUAL,,,,,,,,,,28.2583,34.1784,46.1034,60.7359,77.7403,98.0055,122.323,150.769,183.582,220.751,262.127,307.322,356.087,408.519,464.272,523.452
OECD ENV-Growth 2025,SSP4,1,Chile,billion USD_2010/yr,GDP|PPP,ANNUAL,,,,,,,,,,450.0881289,485.0007308,540.4694223,612.3449471,700.9778386,798.154019,898.4142098,999.2415652,1103.011353,1208.137219,1310.678861,1408.30792,1500.973223,1589.502064,1675.097,1758.559739
OECD ENV-Growth 2025,SSP4,1,Chile,billion USD_2015/yr,GDP|PPP,ANNUAL,,,,,,,,,,489.6767003,527.660123,588.0076952,666.2052027,762.6340108,868.3575532,977.4363674,1087.132233,1200.029339,1314.4018,1425.962736,1532.178991,1632.994891,1729.310496,1822.434139,1913.238041
OECD ENV-Growth 2025,SSP4,1,Chile,billion USD_2017/yr,GDP|PPP,ANNUAL,,,,,,,,,,527.728,568.663,633.7,717.974,821.896,935.835,1053.39,1171.61,1293.28,1416.54,1536.77,1651.24,1759.89,1863.69,1964.05,2061.91
OECD ENV-Growth 2025,SSP4,1,China,billion USD_2010/yr,GDP|PPP,ANNUAL,,,,,,,,,,30707.85378,36934.59074,42765.39236,47564.42875,52138.15387,56138.54877,59241.13606,61920.07982,64153.19267,65511.83111,65965.37031,65685.37184,64809.1266,63525.38359,61913.30902,59891.86169
OECD ENV-Growth 2025,SSP4,1,China,billion USD_2015/yr,GDP|PPP,ANNUAL,,,,,,,,,,30146.05914,36258.87907,41983.00722,46694.24611,51184.29575,55111.50415,58157.33017,60787.26313,62979.52159,64313.30399,64758.54577,64483.66981,63623.45533,62363.19816,60780.61621,58796.15089
OECD ENV-Growth 2025,SSP4,1,China,billion USD_2017/yr,GDP|PPP,ANNUAL,,,,,,,,,,29479.7,35457.4,41055,45662.1,50052.9,53893.3,56871.8,59443.6,61587.4,62891.7,63327.1,63058.3,62217.1,60984.7,59437.1,57496.5
OECD ENV-Growth 2025,SSP4,1,Colombia,billion USD_2010/yr,GDP|PPP,ANNUAL,,,,,,,,,,772.0470413,892.0203846,1061.697357,1286.692465,1559.50016,1865.35824,2199.171623,2553.527646,2929.219878,3323.470825,3732.565137,4150.596128,4580.115847,5028.104102,5499.899455,6000.064933
OECD ENV-Growth 2025,SSP4,1,Colombia,billion USD_2015/yr,GDP|PPP,ANNUAL,,,,,,,,,,797.7044911,921.6649103,1096.980759,1329.453133,1611.327051,1927.349716,2272.256724,2638.389065,3026.566682,3433.919776,3856.609525,4288.532945,4732.326899,5195.203155,5682.677689,6199.465173
OECD ENV-Growth 2025,SSP4,1,Colombia,billion USD_2017/yr,GDP|PPP,ANNUAL,,,,,,,,,,856.133,989.173,1177.33,1426.83,1729.35,2068.52,2438.69,2831.64,3248.25,3685.44,4139.09,4602.65,5078.95,5575.73,6098.91,6653.55
OECD ENV-Growth 2025,SSP4,1,Comoros,billion USD_2010/yr,GDP|PPP,ANNUAL,,,,,,,,,,2.362229355,2.914034199,3.623658563,4.817345741,6.492168803,8.624665341,11.20177373,14.19264379,17.59751031,21.37317366,25.53121635,30.05950804,34.93543154,40.17753452,45.77759965,51.80566981
OECD ENV-Growth 2025,SSP4,1,Comoros,billion USD_2015/yr,GDP|PPP,ANNUAL,,,,,,,,,,2.763511513,3.409053842,4.239225177,5.63568918,7.595021709,10.08977469,13.10466767,16.60360982,20.5868758,25.00392748,29.86831493,35.1658472,40.87006499,47.00266677,53.55403928,60.6061239
OECD ENV-Growth 2025,SSP4,1,Comoros,billion USD_2017/yr,GDP|PPP,ANNUAL,,,,,,,,,,3.01843,3.72352,4.63027,6.15555,8.29562,11.0205,14.3135,18.1352,22.4859,27.3104,32.6235,38.4097,44.6401,51.3384,58.4941,66.1967
OECD ENV-Growth 2025,SSP4,1,Congo,billion USD_2010/yr,GDP|PPP,ANNUAL,,,,,,,,,,25.15615631,30.49907211,36.81336223,44.00669457,52.31637791,62.33925496,74.56157403,89.12137413,106.3369714,126.2653974,149.3167904,175.732948,205.6985345,239.2645621,276.5830472,318.2640956
OECD ENV-Growth 2025,SSP4,1,Congo,billion USD_2015/yr,GDP|PPP,ANNUAL,,,,,,,,,,21.5845652,26.1689108,31.58671808,37.75876397,44.88866487,53.4885257,63.97555877,76.46820473,91.23958621,108.3386377,128.1172671,150.7829427,176.4941105,205.2945402,237.3146653,273.077971
OECD ENV-Growth 2025,SSP4,1,Congo,billion USD_2017/yr,GDP|PPP,ANNUAL,,,,,,,,,,24.657,29.8939,36.0829,43.1335,51.2783,61.1023,73.0821,87.353,104.227,123.76,146.354,172.246,201.617,234.517,271.095,311.949
OECD ENV-Growth 2025,SSP4,1,Costa Rica,billion USD_2010/yr,GDP|PPP,ANNUAL,,,,,,,,,,101.2945433,116.3995043,137.6016571,162.0360372,189.1041714,217.4321664,247.0050801,277.6538301,308.9899199,339.8572974,370.0223929,399.2445588,428.1411427,457.151759,486.5233466,516.3353351
OECD ENV-Growth 2025,SSP4,1,Costa Rica,billion USD_2015/yr,GDP|PPP,ANNUAL,,,,,,,,,,118.3162461,135.9594698,160.7244675,189.2648413,220.8815496,253.9698278,288.512223,324.3112396,360.9130979,396.9674806,432.2015687,466.3342759,500.0866896,533.9722979,568.2795358,603.1011801
OECD ENV-Growth 2025,SSP4,1,Costa Rica,billion USD_2017/yr,GDP|PPP,ANNUAL,,,,,,,,,,128.803,148.01,174.97,206.04,240.459,276.48,314.084,353.056,392.902,432.152,470.509,507.667,544.411,581.3,618.648,656.556
OECD ENV-Growth 2025,SSP4,1,Croatia,billion USD_2010/yr,GDP|PPP,ANNUAL,,,,,,,,,,119.0397508,135.4198732,148.2063458,157.1329414,162.5339139,164.9408781,165.69001,165.9747138,166.2795735,166.4937312,166.5340432,166.3392017,166.0687752,165.8353013,165.63962,165.3809511
OECD ENV-Growth 2025,SSP4,1,Croatia,billion USD_2015/yr,GDP|PPP,ANNUAL,,,,,,,,,,132.9728477,151.2701937,165.5532686,175.5246843,181.5578176,184.2465068,185.0833214,185.4013485,185.7418908,185.9811147,186.0261451,185.8084982,185.5064194,185.2456184,185.0270335,184.7380885
OECD ENV-Growth 2025,SSP4,1,Croatia,billion USD_2017/yr,GDP|PPP,ANNUAL,,,,,,,,,,141.742,161.246,176.471,187.1,193.531,196.397,197.289,197.628,197.991,198.246,198.294,198.062,197.74,197.462,197.229,196.921
OECD ENV-Growth 2025,SSP4,1,Cuba,billion USD_2017/yr,GDP|PPP,ANNUAL,,,,,,,,,,82.9867,103.385,130.348,168.518,216.347,272.119,333.939,400.923,474.103,553.544,639.88,732.743,832.038,938.537,1053.7,1178.5
OECD ENV-Growth 2025,SSP4,1,Cura??ao,billion USD_2010/yr,GDP|PPP,ANNUAL,,,,,,,,,,3.363749365,3.887246283,4.574472107,5.469163932,6.582993782,7.869876958,9.359842054,11.08748088,13.03684104,15.18089208,17.51378857,20.01903127,22.68059237,25.49083508,28.4457053,31.52530969
OECD ENV-Growth 2025,SSP4,1,Cura??ao,billion USD_2015/yr,GDP|PPP,ANNUAL,,,,,,,,,,3.374973601,3.900217336,4.58973631,5.487413563,6.604960066,7.896137344,9.39107419,11.12447784,13.08034267,15.23154803,17.57222898,20.08583123,22.75627349,25.57589348,28.54062358,31.63050406
OECD ENV-Growth 2025,SSP4,1,Cura??ao,billion USD_2017/yr,GDP|PPP,ANNUAL,,,,,,,,,,3.56778,4.12303,4.85194,5.8009,6.98229,8.34723,9.92757,11.76,13.8276,16.1017,18.5761,21.2333,24.0563,27.037,30.1711,33.4375
OECD ENV-Growth 2025,SSP4,1,Cyprus,billion USD_2010/yr,GDP|PPP,ANNUAL,,,,,,,,,,37.33112634,43.0843566,49.28832922,55.60951226,61.85037962,67.6715693,73.23249442,78.79011294,84.23487184,89.2060902,93.48379185,96.96529801,99.73414394,102.0078694,103.98139,105.633822
OECD ENV-Growth 2025,SSP4,1,Cyprus,billion USD_2015/yr,GDP|PPP,ANNUAL,,,,,,,,,,39.6153738,45.72063742,52.30422379,59.01219254,65.6349312,71.81231259,77.71350414,83.61118676,89.38910401,94.66450535,99.2039545,102.8984899,105.8367582,108.2496103,110.3438883,112.0974306
OECD ENV-Growth 2025,SSP4,1,Cyprus,billion USD_2017/yr,GDP|PPP,ANNUAL,,,,,,,,,,42.9015,49.5132,56.6429,63.9073,71.0794,77.7692,84.1599,90.5468,96.804,102.517,107.433,111.434,114.616,117.229,119.497,121.396
OECD ENV-Growth 2025,SSP4,1,Czechia,billion USD_2010/yr,GDP|PPP,ANNUAL,,,,,,,,,,377.1681795,409.5353286,442.9308919,476.686192,507.071458,530.7274814,551.0709288,568.2658466,583.0250468,593.6164634,599.5146475,601.3508039,600.1008852,596.2187259,589.9924485,580.8058373
OECD ENV-Growth 2025,SSP4,1,Czechia,billion USD_2015/yr,GDP|PPP,ANNUAL,,,,,,,,,,424.547236,460.9802769,498.5709191,536.5664874,570.7686853,597.3963275,620.295275,639.6501815,656.2634007,668.1852883,674.8243896,676.8912,675.4842692,671.1144414,664.1060325,653.7654189
OECD ENV-Growth 2025,SSP4,1,Czechia,billion USD_2017/yr,GDP|PPP,ANNUAL,,,,,,,,,,452.933,491.802,531.906,572.442,608.931,637.339,661.769,682.418,700.142,712.861,719.944,722.149,720.648,715.986,708.509,697.477
OECD ENV-Growth 2025,SSP4,1,lvory Coast,billion USD_2010/yr,GDP|PPP,ANNUAL,,,,,,,,,,178.6387817,242.5064419,323.700612,411.1295094,506.3392096,613.5236203,735.6626235,872.7371906,1026.004162,1196.46254,1385.473822,1592.26735,1817.442525,2060.980318,2323.508674,2609.270975
OECD ENV-Growth 2025,SSP4,1,lvory Coast,billion USD_2015/yr,GDP|PPP,ANNUAL,,,,,,,,,,194.3802247,263.8758292,352.2247358,447.3577666,550.9572355,667.5866126,800.4883636,949.641783,1116.414463,1301.893436,1507.560174,1732.576109,1977.593459,2242.591521,2528.253572,2839.196917
OECD ENV-Growth 2025,SSP4,1,lvory Coast,billion USD_2017/yr,GDP|PPP,ANNUAL,,,,,,,,,,187.758,254.886,340.225,432.117,532.187,644.843,773.217,917.289,1078.38,1257.54,1456.2,1673.55,1910.22,2166.19,2442.12,2742.47
OECD ENV-Growth 2025,SSP4,1,Democratic Republic of the Congo,billion USD_2010/yr,GDP|PPP,ANNUAL,,,,,,,,,,95.86224154,124.5099654,163.6614786,217.5438297,284.9036455,367.2129519,465.6369556,579.4265952,708.060631,850.4740132,1006.196991,1173.254639,1350.29272,1535.55496,1726.763141,1921.900015
OECD ENV-Growth 2025,SSP4,1,Democratic Republic of the Congo,billion USD_2015/yr,GDP|PPP,ANNUAL,,,,,,,,,,115.3753915,149.8544764,196.9754396,261.8257629,342.8969438,441.960645,560.4192559,697.3712404,852.1892585,1023.591465,1211.01249,1412.075403,1625.150307,1848.123431,2078.252817,2313.110597
OECD ENV-Growth 2025,SSP4,1,Democratic Republic of the Congo,billion USD_2017/yr,GDP|PPP,ANNUAL,,,,,,,,,,135.911,176.527,232.035,308.428,403.929,520.625,660.168,821.496,1003.87,1205.78,1426.56,1663.41,1914.41,2177.07,2448.16,2724.82
OECD ENV-Growth 2025,SSP4,1,Denmark,billion USD_2010/yr,GDP|PPP,ANNUAL,,,,,,,,,,311.2918849,333.0734164,355.9421208,379.2989956,402.5974929,423.3544591,441.1087974,457.2099559,472.2814728,484.544107,493.4259294,499.0597697,500.7332546,498.1925695,491.9639567,482.8274736
OECD ENV-Growth 2025,SSP4,1,Denmark,billion USD_2015/yr,GDP|PPP,ANNUAL,,,,,,,,,,341.1734392,365.0458251,390.109744,415.7086936,441.2436621,463.9931326,483.4517466,501.0984888,517.6167519,531.0565018,540.7909088,546.9655531,548.7996793,546.0151085,539.1885983,529.1750852
OECD ENV-Growth 2025,SSP4,1,Denmark,billion USD_2017/yr,GDP|PPP,ANNUAL,,,,,,,,,,367.936,393.681,420.711,448.318,475.856,500.39,521.375,540.406,558.22,572.714,583.212,589.871,591.849,588.846,581.484,570.685
OECD ENV-Growth 2025,SSP4,1,Djibouti,billion USD_2010/yr,GDP|PPP,ANNUAL,,,,,,,,,,6.571856468,8.644782582,11.68614785,14.69678457,17.80714901,21.18648821,24.92462712,29.004461,33.38367808,37.95464846,42.75328211,47.80218531,53.14827111,58.88956675,65.05888134,71.66611764
OECD ENV-Growth 2025,SSP4,1,Djibouti,billion USD_2015/yr,GDP|PPP,ANNUAL,,,,,,,,,,6.685130356,8.793785855,11.88757273,14.95010141,18.11407674,21.55166293,25.35423319,29.50438793,33.95908611,38.60884269,43.49018659,48.62611374,54.06434579,59.90459959,66.18024978,72.90136978
OECD ENV-Growth 2025,SSP4,1,Djibouti,billion USD_2017/yr,GDP|PPP,ANNUAL,,,,,,,,,,6.57003,8.64238,11.6829,14.6927,17.8022,21.1806,24.9177,28.9964,33.3744,37.9441,42.7414,47.7889,53.1335,58.8732,65.0408,71.6462
OECD ENV-Growth 2025,SSP4,1,Dominican Republic,billion USD_2010/yr,GDP|PPP,ANNUAL,,,,,,,,,,220.7054489,281.7452356,350.0574453,422.450461,500.5687465,583.4624052,671.0626947,762.6304096,860.1465844,962.9220084,1071.820873,1186.25485,1306.795305,1435.281324,1573.685907,1724.169533
OECD ENV-Growth 2025,SSP4,1,Dominican Republic,billion USD_2015/yr,GDP|PPP,ANNUAL,,,,,,,,,,237.7379586,303.488371,377.0724413,455.0522458,539.1991566,628.4899707,722.8506405,821.484914,926.5267081,1037.233624,1154.536544,1277.801739,1407.644667,1546.046342,1695.132027,1857.228931
OECD ENV-Growth 2025,SSP4,1,Dominican Republic,billion USD_2017/yr,GDP|PPP,ANNUAL,,,,,,,,,,247.217,315.589,392.107,473.196,560.698,653.549,751.672,854.239,963.469,1078.59,1200.57,1328.75,1463.77,1607.69,1762.72,1931.28
OECD ENV-Growth 2025,SSP4,1,Ecuador,billion USD_2010/yr,GDP|PPP,ANNUAL,,,,,,,,,,180.8530282,206.5832069,238.9252224,280.003335,331.4522669,392.7842382,464.109988,545.6140819,638.0646636,740.1302253,851.4838225,970.9811496,1099.122291,1236.887201,1385.919392,1548.231504
OECD ENV-Growth 2025,SSP4,1,Ecuador,billion USD_2015/yr,GDP|PPP,ANNUAL,,,,,,,,,,191.2860772,218.5005784,252.70834,296.1561666,350.5730843,415.4431742,490.8835637,577.0894655,674.8733361,782.8268556,900.6042188,1026.995107,1162.528455,1308.240747,1465.870305,1637.545879
OECD ENV-Growth 2025,SSP4,1,Ecuador,billion USD_2017/yr,GDP|PPP,ANNUAL,,,,,,,,,,205.776,235.052,271.851,318.59,377.129,446.913,528.068,620.804,725.995,842.126,968.825,1104.79,1250.59,1407.34,1576.91,1761.59
OECD ENV-Growth 2025,SSP4,1,Egypt,billion USD_2010/yr,GDP|PPP,ANNUAL,,,,,,,,,,1494.867337,1983.999491,2574.223727,3229.370677,3938.557934,4741.876622,5669.74358,6715.885858,7869.198011,9104.746221,10447.38996,11892.12016,13438.05396,15100.89697,16891.80111,18812.71795
OECD ENV-Growth 2025,SSP4,1,Egypt,billion USD_2015/yr,GDP|PPP,ANNUAL,,,,,,,,,,1753.72968,2327.563594,3019.995447,3788.592515,4620.58791,5563.015235,6651.558535,7878.858588,9231.886848,10681.39177,12256.53768,13951.44811,15765.0873,17715.88057,19816.91098,22070.46807
OECD ENV-Growth 2025,SSP4,1,Egypt,billion USD_2017/yr,GDP|PPP,ANNUAL,,,,,,,,,,1608.55,2134.88,2769.99,3474.96,4238.08,5102.49,6100.92,7226.62,8467.64,9797.15,11241.9,12796.5,14460,16249.3,18176.4,20243.4
OECD ENV-Growth 2025,SSP4,1,El Salvador,billion USD_2010/yr,GDP|PPP,ANNUAL,,,,,,,,,,52.96351119,58.88491261,66.66840625,75.5161677,85.13724245,95.94639544,108.2128307,121.7809487,137.2053867,154.5045489,173.849093,194.8249232,217.7900859,243.4506354,272.5611458,306.0719461
OECD ENV-Growth 2025,SSP4,1,El Salvador,billion USD_2015/yr,GDP|PPP,ANNUAL,,,,,,,,,,59.08577722,65.69165732,74.3748764,84.24538631,94.97859992,107.0372265,120.7215886,135.8581001,153.0655111,172.3643533,193.9450113,217.3455224,242.965321,271.5920769,304.0675888,341.4520377
OECD ENV-Growth 2025,SSP4,1,El Salvador,billion USD_2017/yr,GDP|PPP,ANNUAL,,,,,,,,,,63.3113,70.3896,79.6938,90.2702,101.771,114.692,129.355,145.574,164.012,184.691,207.815,232.889,260.341,291.015,325.813,365.871
OECD ENV-Growth 2025,SSP4,1,Equatorial Guinea,billion USD_2010/yr,GDP|PPP,ANNUAL,,,,,,,,,,19.94736052,19.43922914,23.00345802,27.7770263,33.96421173,41.76596968,51.40992934,63.06752454,76.76609357,92.21877428,109.5752628,128.792748,149.7198254,171.9682531,195.1754193,219.0736366
OECD ENV-Growth 2025,SSP4,1,Equatorial Guinea,billion USD_2015/yr,GDP|PPP,ANNUAL,,,,,,,,,,17.84391116,17.38936223,20.57774314,24.84793861,30.38268527,37.36174777,45.98875179,56.41705346,68.67110825,82.49430363,98.02055023,115.2115515,133.9318683,153.8341991,174.5941694,195.9723195
OECD ENV-Growth 2025,SSP4,1,Equatorial Guinea,billion USD_2017/yr,GDP|PPP,ANNUAL,,,,,,,,,,21.0139,20.4786,24.2334,29.2622,35.7802,43.9991,54.1587,66.4396,80.8706,97.1495,115.434,135.679,157.725,181.163,205.611,230.787
OECD ENV-Growth 2025,SSP4,1,Eritrea,billion USD_2010/yr,GDP|PPP,ANNUAL,,,,,,,,,,6.292034402,7.501853675,9.416418481,12.01382311,15.17285772,18.84651128,22.94362169,27.26193424,31.75345476,36.3423936,41.0736168,45.83415487,50.50129648,55.0551111,59.61893567,64.34712014
OECD ENV-Growth 2025,SSP4,1,Eritrea,billion USD_2015/yr,GDP|PPP,ANNUAL,,,,,,,,,,6.887441282,8.21174415,10.30748169,13.15067527,16.60864514,20.62993167,25.11474622,29.84169496,34.75824212,39.78142616,44.96035874,50.17138022,55.28016726,60.26490333,65.26059658,70.43620287
OECD ENV-Growth 2025,SSP4,1,Eritrea,billion USD_2017/yr,GDP|PPP,ANNUAL,,,,,,,,,,7.04007,8.39372,10.5359,13.4421,16.9767,21.0871,25.6713,30.503,35.5285,40.663,45.9567,51.2832,56.5052,61.6004,66.7068,71.9971
OECD ENV-Growth 2025,SSP4,1,Estonia,billion USD_2010/yr,GDP|PPP,ANNUAL,,,,,,,,,,42.41040917,50.32222636,56.0764108,60.27459735,62.52296004,63.37027004,63.67651468,64.03885447,64.31013287,64.17664799,63.57683603,62.539366,61.16457943,59.56392086,57.79779406,55.82120693
OECD ENV-Growth 2025,SSP4,1,Estonia,billion USD_2015/yr,GDP|PPP,ANNUAL,,,,,,,,,,47.96343422,56.91118856,63.41879961,68.16667751,70.70943052,71.66768342,72.01402634,72.42380923,72.73060759,72.57964481,71.90129621,70.72798461,69.17318977,67.36294828,65.36557292,63.13018051
OECD ENV-Growth 2025,SSP4,1,Estonia,billion USD_2017/yr,GDP|PPP,ANNUAL,,,,,,,,,,51.1842,60.7328,67.6774,72.7441,75.4576,76.4802,76.8498,77.2871,77.6145,77.4534,76.7295,75.4774,73.8182,71.8864,69.7549,67.3694
OECD ENV-Growth 2025,SSP4,1,Eswatini,billion USD_2010/yr,GDP|PPP,ANNUAL,,,,,,,,,,12.50271981,14.46295423,16.86037073,19.50773953,22.34921466,25.42220042,28.7458678,32.2660379,35.9775012,39.70626008,43.49982526,47.45832353,51.65447964,56.1297613,60.91052863,66.03595714
OECD ENV-Growth 2025,SSP4,1,Eswatini,billion USD_2015/yr,GDP|PPP,ANNUAL,,,,,,,,,,12.72996192,14.72582441,17.16681495,19.86230076,22.75542089,25.88425943,29.26833584,32.85248649,36.63140717,40.42793779,44.29045259,48.3208982,52.59332119,57.14994294,62.0176027,67.23618799
OECD ENV-Growth 2025,SSP4,1,Eswatini,billion USD_2017/yr,GDP|PPP,ANNUAL,,,,,,,,,,11.9999,13.8813,16.1823,18.7232,21.4504,24.3998,27.5898,30.9684,34.5306,38.1094,41.7504,45.5497,49.5771,53.8724,58.4609,63.3802
OECD ENV-Growth 2025,SSP4,1,Ethiopia,billion USD_2010/yr,GDP|PPP,ANNUAL,,,,,,,,,,292.9533228,409.2540345,555.6706061,720.8771256,903.0563819,1108.135887,1339.243535,1592.782007,1867.452716,2156.77081,2461.066983,2771.057569,3080.225449,3383.295629,3679.993875,3974.417582
OECD ENV-Growth 2025,SSP4,1,Ethiopia,billion USD_2015/yr,GDP|PPP,ANNUAL,,,,,,,,,,335.8789421,469.2208671,637.0914436,826.5052058,1035.378672,1270.507895,1535.479091,1826.167835,2141.085265,2472.796318,2821.680146,3177.092773,3531.562145,3879.040339,4219.212938,4556.777715
OECD ENV-Growth 2025,SSP4,1,Ethiopia,billion USD_2017/yr,GDP|PPP,ANNUAL,,,,,,,,,,363.207,507.398,688.927,893.752,1119.62,1373.88,1660.41,1974.75,2315.29,2673.99,3051.26,3435.59,3818.9,4194.65,4562.5,4927.53
OECD ENV-Growth 2025,SSP4,1,Fiji,billion USD_2010/yr,GDP|PPP,ANNUAL,,,,,,,,,,10.84157094,12.75375635,15.01634648,17.84096628,21.26989195,25.23279865,29.75114968,34.7564088,40.28060838,46.34919544,53.0494053,60.45310753,68.6181067,77.57261406,87.41337708,98.24421636
OECD ENV-Growth 2025,SSP4,1,Fiji,billion USD_2015/yr,GDP|PPP,ANNUAL,,,,,,,,,,13.16764321,15.49009033,18.23812194,21.66876736,25.83337321,30.64652638,36.13429513,42.21343871,48.92286205,56.29347186,64.43121993,73.4233955,83.3402052,94.21591304,106.1680238,119.3226328
OECD ENV-Growth 2025,SSP4,1,Fiji,billion USD_2017/yr,GDP|PPP,ANNUAL,,,,,,,,,,13.3352,15.6872,18.4702,21.9445,26.1621,31.0365,36.5941,42.7506,49.5454,57.0098,65.2511,74.3577,84.4007,95.4148,107.519,120.841
OECD ENV-Growth 2025,SSP4,1,Finland,billion USD_2010/yr,GDP|PPP,ANNUAL,,,,,,,,,,239.370833,257.6695973,274.6181813,292.4898131,309.5241633,323.9914726,337.0279305,349.8784201,362.4690637,373.2934337,381.4131972,386.5336923,388.9623185,389.0370455,386.9744115,382.7124273
OECD ENV-Growth 2025,SSP4,1,Finland,billion USD_2015/yr,GDP|PPP,ANNUAL,,,,,,,,,,265.7882488,286.1064992,304.9255609,324.7695396,343.6838328,359.7477816,374.2229674,388.4916613,402.471832,414.4907998,423.5066758,429.1922783,431.8889323,431.9719063,429.6816362,424.9492913
OECD ENV-Growth 2025,SSP4,1,Finland,billion USD_2017/yr,GDP|PPP,ANNUAL,,,,,,,,,,281.888,303.437,323.396,344.442,364.502,381.539,396.891,412.024,426.851,439.598,449.16,455.19,458.05,458.138,455.709,450.69
OECD ENV-Growth 2025,SSP4,1,France,billion USD_2010/yr,GDP|PPP,ANNUAL,,,,,,,,,,2732.28363,2954.682375,3171.450233,3396.8135,3618.155921,3821.549358,4009.404612,4191.390455,4366.092775,4523.374271,4662.953826,4787.037793,4895.23431,4986.120747,5055.275878,5094.010589
OECD ENV-Growth 2025,SSP4,1,France,billion USD_2015/yr,GDP|PPP,ANNUAL,,,,,,,,,,3022.753585,3268.795613,3508.608132,3757.92984,4002.803246,4227.819504,4435.645711,4636.978527,4830.253507,5004.255651,5158.673953,5295.949327,5415.64825,5516.196853,5592.703889,5635.556499
OECD ENV-Growth 2025,SSP4,1,France,billion USD_2017/yr,GDP|PPP,ANNUAL,,,,,,,,,,3207.38,3468.45,3722.91,3987.46,4247.29,4486.05,4706.57,4920.2,5125.28,5309.91,5473.76,5619.42,5746.43,5853.12,5934.3,5979.77
OECD ENV-Growth 2025,SSP4,1,French Guiana,billion USD_2017/yr,GDP|PPP,ANNUAL,,,,,,,,,,16.1523,18.7812,21.5644,24.7245,28.3482,32.5007,37.233,42.5158,48.4644,55.0578,62.4621,70.571,79.3414,88.8575,99.261,110.701
OECD ENV-Growth 2025,SSP4,1,French Polynesia,billion USD_2017/yr,GDP|PPP,ANNUAL,,,,,,,,,,5.44542,6.31498,7.34581,8.61031,10.0669,11.5544,13.0229,14.4968,15.9707,17.397,18.7477,20.0276,21.2309,22.3645,23.4261,24.406
OECD ENV-Growth 2025,SSP4,1,Gabon,billion USD_2010/yr,GDP|PPP,ANNUAL,,,,,,,,,,37.05888535,43.23555496,52.24559135,62.12624521,73.08420841,85.29230746,99.03175861,114.4710651,131.6229909,150.2777559,170.5002089,192.0834519,214.9163162,239.1542323,265.0071859,292.685163
OECD ENV-Growth 2025,SSP4,1,Gabon,billion USD_2015/yr,GDP|PPP,ANNUAL,,,,,,,,,,34.12036131,39.80726194,48.10286215,57.20004563,67.28911495,78.52919264,91.17919635,105.3942682,121.1861599,138.3617257,156.9806721,176.852507,197.8748764,220.1908863,243.9938721,269.4771689
OECD ENV-Growth 2025,SSP4,1,Gabon,billion USD_2017/yr,GDP|PPP,ANNUAL,,,,,,,,,,36.0025,42.0031,50.7563,60.3553,71.0009,82.861,96.2088,111.208,127.871,145.994,165.64,186.608,208.79,232.337,257.453,284.342
OECD ENV-Growth 2025,SSP4,1,Gambia,billion USD_2010/yr,GDP|PPP,ANNUAL,,,,,,,,,,7.146172935,9.291192228,12.35039409,15.69458988,19.27143801,23.2195752,27.58590549,32.2901109,37.26359946,42.42107223,47.71531386,53.06745915,58.43724534,63.78077772,69.07937769,74.4165801
OECD ENV-Growth 2025,SSP4,1,Gambia,billion USD_2015/yr,GDP|PPP,ANNUAL,,,,,,,,,,6.914178839,8.989562004,11.94944962,15.18507909,18.64580806,22.46577251,26.6903538,31.2418414,36.05387012,41.04391016,46.16627898,51.34467167,56.54013257,61.71019196,66.83677764,72.00071256
OECD ENV-Growth 2025,SSP4,1,Gambia,billion USD_2017/yr,GDP|PPP,ANNUAL,,,,,,,,,,6.88655,8.95364,11.9017,15.1244,18.5713,22.376,26.5837,31.117,35.9098,40.8799,45.9818,51.1395,56.3142,61.4636,66.5697,71.713
OECD ENV-Growth 2025,SSP4,1,Georgia,billion USD_2010/yr,GDP|PPP,ANNUAL,,,,,,,,,,57.60969412,75.20095609,94.963925,111.139655,122.5165228,129.269641,132.864507,134.6693337,135.5005346,135.0047715,133.5416089,131.5819049,129.6883545,128.2197439,127.2235481,126.4810709
OECD ENV-Growth 2025,SSP4,1,Georgia,billion USD_2015/yr,GDP|PPP,ANNUAL,,,,,,,,,,70.98480332,92.66018783,117.0114794,136.9426911,150.9609,159.281874,163.7113518,165.9352009,166.9593798,166.3485166,164.5456548,162.1309709,159.7977993,157.9882248,156.7607445,155.8458881
OECD ENV-Growth 2025,SSP4,1,Georgia,billion USD_2017/yr,GDP|PPP,ANNUAL,,,,,,,,,,74.022,96.6248,122.018,142.802,157.42,166.097,170.716,173.035,174.103,173.466,171.586,169.068,166.635,164.748,163.468,162.514
OECD ENV-Growth 2025,SSP4,1,Germany,billion USD_2010/yr,GDP|PPP,ANNUAL,,,,,,,,,,3807.937531,4013.232237,4257.689887,4554.734935,4861.185388,5120.194483,5331.372746,5512.039379,5673.646602,5811.951625,5920.167641,5983.610616,5994.209305,5955.444123,5875.982956,5761.991111
OECD ENV-Growth 2025,SSP4,1,Germany,billion USD_2015/yr,GDP|PPP,ANNUAL,,,,,,,,,,4276.192487,4506.731899,4781.250049,5114.822171,5458.956263,5749.815222,5986.961681,6189.844552,6371.324313,6526.636446,6648.159583,6719.404022,6731.306012,6687.773948,6598.54159,6470.532381
OECD ENV-Growth 2025,SSP4,1,Germany,billion USD_2017/yr,GDP|PPP,ANNUAL,,,,,,,,,,4595.24,4842.98,5137.98,5496.44,5866.25,6178.81,6433.65,6651.67,6846.69,7013.59,7144.18,7220.74,7233.53,7186.75,7090.86,6953.3
OECD ENV-Growth 2025,SSP4,1,Ghana,billion USD_2010/yr,GDP|PPP,ANNUAL,,,,,,,,,,208.8362608,267.9947663,339.7583319,419.7813967,509.6490218,613.9068651,736.8606777,879.5905641,1043.377773,1225.913333,1430.82937,1658.363695,1910.412516,2187.7406,2490.253661,2820.424102
OECD ENV-Growth 2025,SSP4,1,Ghana,billion USD_2015/yr,GDP|PPP,ANNUAL,,,,,,,,,,216.815921,278.2348806,352.7405413,435.8212976,529.1227762,637.364325,765.0162185,913.1998321,1083.245371,1272.755638,1485.501543,1721.729984,1983.409622,2271.334448,2585.406572,2928.192868
OECD ENV-Growth 2025,SSP4,1,Ghana,billion USD_2017/yr,GDP|PPP,ANNUAL,,,,,,,,,,199.342,255.811,324.312,400.697,486.479,585.997,703.361,839.602,995.943,1170.18,1365.78,1582.97,1823.56,2088.28,2377.04,2692.2
OECD ENV-Growth 2025,SSP4,1,Greece,billion USD_2010/yr,GDP|PPP,ANNUAL,,,,,,,,,,294.6962051,326.5335814,354.7856078,386.4092548,416.1838951,441.545606,463.7502541,483.2816295,499.5573615,511.1617007,518.3572526,521.9434308,522.8712478,521.3767998,516.9696692,508.76843
OECD ENV-Growth 2025,SSP4,1,Greece,billion USD_2015/yr,GDP|PPP,ANNUAL,,,,,,,,,,336.8557827,373.2478506,405.5416444,441.6894066,475.7236412,504.7136276,530.0948981,552.4204545,571.0246114,584.2890808,592.5140366,596.6132576,597.6738091,595.9655636,590.9279439,581.553426
OECD ENV-Growth 2025,SSP4,1,Greece,billion USD_2017/yr,GDP|PPP,ANNUAL,,,,,,,,,,355.738,394.17,428.274,466.448,502.39,533.005,559.809,583.386,603.033,617.041,625.727,630.056,631.176,629.372,624.052,614.152
OECD ENV-Growth 2025,SSP4,1,Grenada,billion USD_2010/yr,GDP|PPP,ANNUAL,,,,,,,,,,1.639383355,1.893817907,2.206981208,2.586575788,3.026300313,3.515576968,4.070385868,4.709290838,5.446255244,6.256268138,7.133651842,8.085874002,9.137500098,10.3118321,11.62280099,13.07607633
OECD ENV-Growth 2025,SSP4,1,Grenada,billion USD_2015/yr,GDP|PPP,ANNUAL,,,,,,,,,,1.891510856,2.185075943,2.546401914,2.984375904,3.491727471,4.056251992,4.696387232,5.433552022,6.283857212,7.218445317,8.230765466,9.329433783,10.54279378,11.89773113,13.4103193,15.08709983
OECD ENV-Growth 2025,SSP4,1,Grenada,billion USD_2017/yr,GDP|PPP,ANNUAL,,,,,,,,,,2.02408,2.33822,2.72487,3.19354,3.73645,4.34054,5.02554,5.81437,6.72427,7.72436,8.80763,9.9833,11.2817,12.7316,14.3502,16.1445
OECD ENV-Growth 2025,SSP4,1,Guam,billion USD_2017/yr,GDP|PPP,ANNUAL,,,,,,,,,,6.76873,8.49115,10.2457,12.0522,13.8678,15.625,17.3244,18.9895,20.6795,22.4064,24.2382,26.2099,28.3452,30.6658,33.1799,35.9268
OECD ENV-Growth 2025,SSP4,1,Guatemala,billion USD_2010/yr,GDP|PPP,ANNUAL,,,,,,,,,,161.0791487,194.6122661,236.2788859,289.4681198,356.1736165,435.7661392,528.340667,632.4597271,747.7552753,871.4391258,1004.249193,1145.101437,1294.118235,1452.934323,1622.828267,1805.800108
OECD ENV-Growth 2025,SSP4,1,Guatemala,billion USD_2015/yr,GDP|PPP,ANNUAL,,,,,,,,,,177.8690996,214.8975136,260.9072189,319.6405883,393.2990769,481.1878599,583.4118165,698.3836402,825.6969239,962.2728575,1108.926272,1264.460132,1429.009572,1604.379722,1791.98242,1994.026179
OECD ENV-Growth 2025,SSP4,1,Guatemala,billion USD_2017/yr,GDP|PPP,ANNUAL,,,,,,,,,,176.378,213.096,258.72,316.961,390.002,477.154,578.521,692.529,818.775,954.206,1099.63,1253.86,1417.03,1590.93,1776.96,1977.31
OECD ENV-Growth 2025,SSP4,1,Guinea,billion USD_2010/yr,GDP|PPP,ANNUAL,,,,,,,,,,39.27564537,51.63812615,69.59859467,91.88295663,117.5867395,146.5305692,178.5818382,213.1314353,249.7983346,287.4978055,326.0106032,364.2838232,402.0858439,439.200073,475.6760173,511.3616199
OECD ENV-Growth 2025,SSP4,1,Guinea,billion USD_2015/yr,GDP|PPP,ANNUAL,,,,,,,,,,38.71222343,50.89736039,68.60018013,90.56486565,115.8999193,144.4285404,176.0200235,210.0739954,246.214896,283.3735556,321.3338748,359.0580529,396.3177913,432.8996047,468.8522896,504.0259707
OECD ENV-Growth 2025,SSP4,1,Guinea,billion USD_2017/yr,GDP|PPP,ANNUAL,,,,,,,,,,44.4269,58.4108,78.7269,103.934,133.009,165.749,202.004,241.085,282.561,325.205,368.769,412.062,454.822,496.804,538.064,578.43
OECD ENV-Growth 2025,SSP4,1,Guinea-Bissau,billion USD_2010/yr,GDP|PPP,ANNUAL,,,,,,,,,,3.911583379,4.961551484,6.225868442,7.602195746,9.034455611,10.57018672,12.23523873,13.9898206,15.80416166,17.64166574,19.48483352,21.29496311,23.0477297,24.73209634,26.36469106,27.97107306
OECD ENV-Growth 2025,SSP4,1,Guinea-Bissau,billion USD_2015/yr,GDP|PPP,ANNUAL,,,,,,,,,,4.732132742,6.002357091,7.531895156,9.19694045,10.92965151,12.78753942,14.80187643,16.92452435,19.11946738,21.34243246,23.57224933,25.76209745,27.88254928,29.92025263,31.89532364,33.83868317
OECD ENV-Growth 2025,SSP4,1,Guinea-Bissau,billion USD_2017/yr,GDP|PPP,ANNUAL,,,,,,,,,,5.38701,6.83302,8.57423,10.4697,12.4422,14.5572,16.8503,19.2667,21.7654,24.296,26.8344,29.3273,31.7412,34.0609,36.3093,38.5216
OECD ENV-Growth 2025,SSP4,1,Guyana,billion USD_2010/yr,GDP|PPP,ANNUAL,,,,,,,,,,50.97883873,105.9662731,164.0260457,217.9209658,249.2801573,251.9663032,236.4510082,214.5656367,194.3035907,177.8341534,165.0204075,155.0562524,147.4624778,141.8933674,138.1307094,136.0204718
OECD ENV-Growth 2025,SSP4,1,Guyana,billion USD_2015/yr,GDP|PPP,ANNUAL,,,,,,,,,,59.23766403,123.1333361,190.5990805,253.2252456,289.664782,292.7860969,274.7572469,249.3263365,225.7817383,206.6441703,191.7545338,180.1761361,171.3521322,164.8807983,160.508571,158.0564644
OECD ENV-Growth 2025,SSP4,1,Guyana,billion USD_2017/yr,GDP|PPP,ANNUAL,,,,,,,,,,59.5733,123.831,191.679,254.66,291.306,294.445,276.314,250.739,227.061,207.815,192.841,181.197,172.323,165.815,161.418,158.952
OECD ENV-Growth 2025,SSP4,1,Haiti,billion USD_2010/yr,GDP|PPP,ANNUAL,,,,,,,,,,29.97246171,33.49379374,41.33343661,50.74379034,61.44287381,74.14630221,89.49821161,107.8218598,129.5447489,154.2457835,182.6260265,215.1815305,252.6783398,295.921853,345.5856767,402.2811817
OECD ENV-Growth 2025,SSP4,1,Haiti,billion USD_2015/yr,GDP|PPP,ANNUAL,,,,,,,,,,30.59812562,34.19296414,42.19625662,51.80304796,62.72547079,75.6940785,91.36645326,110.0726008,132.2489471,157.4656064,186.4382764,219.6733644,257.9529055,302.0991109,352.7996483,410.6786507
OECD ENV-Growth 2025,SSP4,1,Haiti,billion USD_2017/yr,GDP|PPP,ANNUAL,,,,,,,,,,32.7487,36.5962,45.162,55.444,67.1341,81.0142,97.7881,117.809,141.544,168.533,199.542,235.113,276.083,323.332,377.596,439.543
OECD ENV-Growth 2025,SSP4,1,Honduras,billion USD_2010/yr,GDP|PPP,ANNUAL,,,,,,,,,,50.82678225,61.27683955,74.19786052,89.61872988,107.2329745,127.997362,152.4204808,180.4270133,212.5721363,249.0755909,289.9940597,335.03326,384.4719451,439.0345622,499.6404532,567.4597597
OECD ENV-Growth 2025,SSP4,1,Honduras,billion USD_2015/yr,GDP|PPP,ANNUAL,,,,,,,,,,59.76431677,72.05194364,87.24503586,105.3775573,126.0891438,150.5048038,179.2225574,212.1538429,249.9514611,292.8737932,340.9874888,393.9465179,452.0786502,516.2357224,587.4987358,667.2435936
OECD ENV-Growth 2025,SSP4,1,Honduras,billion USD_2017/yr,GDP|PPP,ANNUAL,,,,,,,,,,65.4587,78.9171,95.5578,115.418,138.103,164.845,196.299,232.368,273.767,320.779,373.477,431.482,495.153,565.423,643.476,730.819
OECD ENV-Growth 2025,SSP4,1,Hong Kong,billion USD_2010/yr,GDP|PPP,ANNUAL,,,,,,,,,,454.7715544,513.1531726,550.8688414,561.5901586,556.4253472,544.1133103,529.4099264,515.9438754,505.3451423,495.812316,486.6213842,476.1347006,464.9680586,453.7669397,443.0015689,432.5991619
OECD ENV-Growth 2025,SSP4,1,Hong Kong,billion USD_2015/yr,GDP|PPP,ANNUAL,,,,,,,,,,468.1456241,528.2441479,567.0689714,578.1055845,572.7888847,560.1147714,544.9789856,531.1169206,520.2064965,510.3933257,500.9321041,490.1370247,478.6419904,467.1114654,456.029503,445.3211786
OECD ENV-Growth 2025,SSP4,1,Hong Kong,billion USD_2017/yr,GDP|PPP,ANNUAL,,,,,,,,,,474.864,535.825,575.207,586.402,581.009,568.153,552.8,538.739,527.672,517.718,508.121,497.171,485.511,473.815,462.574,451.712
OECD ENV-Growth 2025,SSP4,1,Hungary,billion USD_2010/yr,GDP|PPP,ANNUAL,,,,,,,,,,316.6928994,360.9004152,400.4803648,432.3251985,455.103236,469.7943595,478.902021,484.7093546,487.4206873,486.4194841,481.787476,474.0878952,463.7356148,450.7501789,435.5891029,418.5277842
OECD ENV-Growth 2025,SSP4,1,Hungary,billion USD_2015/yr,GDP|PPP,ANNUAL,,,,,,,,,,347.0974198,395.5491366,438.9290115,473.8311505,498.7960237,514.8975879,524.8796425,531.2445168,534.2161545,533.1188296,528.0421194,519.6033302,508.2571653,494.0250456,477.4084104,458.7090973
OECD ENV-Growth 2025,SSP4,1,Hungary,billion USD_2017/yr,GDP|PPP,ANNUAL,,,,,,,,,,356.484,406.246,450.799,486.645,512.285,528.822,539.074,545.611,548.663,547.536,542.322,533.655,522.002,507.385,490.319,471.114
OECD ENV-Growth 2025,SSP4,1,Iceland,billion USD_2010/yr,GDP|PPP,ANNUAL,,,,,,,,,,19.4792561,22.29703859,25.32668694,28.33823283,30.93903719,32.86745236,34.26947138,35.40850183,36.38335299,37.10820579,37.53336225,37.64499411,37.44209567,36.95500531,36.2365219,35.35293732
OECD ENV-Growth 2025,SSP4,1,Iceland,billion USD_2015/yr,GDP|PPP,ANNUAL,,,,,,,,,,21.93141798,25.1039193,28.51495738,31.90561416,34.83382287,37.00499815,38.58351146,39.86592968,40.96350077,41.77960225,42.25827987,42.3839646,42.15552412,41.607116,40.79818573,39.80337039
OECD ENV-Growth 2025,SSP4,1,Iceland,billion USD_2017/yr,GDP|PPP,ANNUAL,,,,,,,,,,23.2428,26.605,30.22,33.8134,36.9167,39.2177,40.8906,42.2497,43.4129,44.2778,44.7851,44.9183,44.6762,44.095,43.2377,42.1834
OECD ENV-Growth 2025,SSP4,1,India,billion USD_2010/yr,GDP|PPP,ANNUAL,,,,,,,,,,11643.33058,15399.40264,19165.7248,22961.02322,26743.11478,30685.65989,34887.71007,39265.4904,43759.57001,48320.47241,53025.07339,57821.62965,62738.32895,67824.54923,73165.74086,78890.22727
OECD ENV-Growth 2025,SSP4,1,India,billion USD_2015/yr,GDP|PPP,ANNUAL,,,,,,,,,,11852.80934,15676.45805,19510.54127,23374.12208,27224.25841,31237.73507,35515.38563,39971.92796,44546.86194,49189.82094,53979.06386,58861.91644,63867.0736,69044.80163,74482.08829,80309.5657
OECD ENV-Growth 2025,SSP4,1,India,billion USD_2017/yr,GDP|PPP,ANNUAL,,,,,,,,,,11813.6,15624.6,19446,23296.8,27134.2,31134.4,35397.9,39839.7,44399.5,49027.1,53800.5,58667.2,63655.8,68816.4,74235.7,80043.9
OECD ENV-Growth 2025,SSP4,1,Indonesia,billion USD_2010/yr,GDP|PPP,ANNUAL,,,,,,,,,,4072.401067,5056.012122,5973.390752,6858.802895,7667.440037,8429.872569,9213.965115,10002.6155,10785.76363,11576.71347,12386.44901,13212.50656,14059.30023,14927.85657,15823.30828,16753.8677
OECD ENV-Growth 2025,SSP4,1,Indonesia,billion USD_2015/yr,GDP|PPP,ANNUAL,,,,,,,,,,4005.265664,4972.661439,5874.916661,6745.732378,7541.038766,8290.902247,9062.068667,9837.717792,10607.95536,11385.86603,12182.25271,12994.69232,13827.5262,14681.76399,15562.45378,16477.67249
OECD ENV-Growth 2025,SSP4,1,Indonesia,billion USD_2017/yr,GDP|PPP,ANNUAL,,,,,,,,,,3967.11,4925.29,5818.95,6681.47,7469.2,8211.92,8975.74,9744,10506.9,11277.4,12066.2,12870.9,13695.8,14541.9,15414.2,16320.7
OECD ENV-Growth 2025,SSP4,1,Iran,billion USD_2010/yr,GDP|PPP,ANNUAL,,,,,,,,,,1790.947745,1993.918258,2236.175347,2416.337044,2546.858883,2644.32799,2720.057633,2789.820773,2856.521674,2899.575288,2917.171008,2916.125958,2904.946357,2891.579443,2879.014544,2863.095765
OECD ENV-Growth 2025,SSP4,1,Iran,billion USD_2015/yr,GDP|PPP,ANNUAL,,,,,,,,,,1454.626442,1619.48121,1816.244945,1962.574155,2068.585355,2147.75078,2209.259187,2265.921536,2320.096704,2355.065299,2369.356726,2368.507926,2359.427737,2348.57099,2338.365648,2325.436249
OECD ENV-Growth 2025,SSP4,1,Iran,billion USD_2017/yr,GDP|PPP,ANNUAL,,,,,,,,,,1473.82,1640.85,1840.21,1988.47,2095.88,2176.09,2238.41,2295.82,2350.71,2386.14,2400.62,2399.76,2390.56,2379.56,2369.22,2356.12
OECD ENV-Growth 2025,SSP4,1,Iraq,billion USD_2010/yr,GDP|PPP,ANNUAL,,,,,,,,,,629.8446572,735.8522326,974.6875207,1435.037171,2011.184977,2669.114258,3416.604297,4261.490954,5212.416302,6266.791964,7428.776319,8687.322786,10042.51623,11507.25612,13096.54939,14825.47371
OECD ENV-Growth 2025,SSP4,1,Iraq,billion USD_2015/yr,GDP|PPP,ANNUAL,,,,,,,,,,451.6589334,527.6765163,698.9442888,1029.059071,1442.21222,1914.010519,2450.032457,3055.897096,3737.801632,4493.889949,5327.144003,6229.642339,7201.445813,8251.804575,9391.480041,10631.28434
OECD ENV-Growth 2025,SSP4,1,Iraq,billion USD_2017/yr,GDP|PPP,ANNUAL,,,,,,,,,,445.304,520.252,689.11,1014.58,1421.92,1887.08,2415.56,3012.9,3685.21,4430.66,5252.19,6141.99,7100.12,8135.7,9259.34,10481.7
OECD ENV-Growth 2025,SSP4,1,Ireland,billion USD_2010/yr,GDP|PPP,ANNUAL,,,,,,,,,,481.1713194,543.3968145,604.0429251,673.9995154,755.6268071,841.6219584,920.0920911,990.8343487,1051.940912,1099.217798,1132.270565,1153.59467,1166.216866,1171.57003,1168.776725,1156.10623
OECD ENV-Growth 2025,SSP4,1,Ireland,billion USD_2015/yr,GDP|PPP,ANNUAL,,,,,,,,,,584.2219483,659.7740407,733.4084979,818.3474246,917.4565226,1021.868928,1117.14471,1203.037568,1277.231091,1334.633088,1374.764639,1400.655647,1415.981091,1422.480721,1419.089185,1403.705098
OECD ENV-Growth 2025,SSP4,1,Ireland,billion USD_2017/yr,GDP|PPP,ANNUAL,,,,,,,,,,597.738,675.038,750.376,837.28,938.682,1045.51,1142.99,1230.87,1306.78,1365.51,1406.57,1433.06,1448.74,1455.39,1451.92,1436.18
OECD ENV-Growth 2025,SSP4,1,Israel,billion USD_2010/yr,GDP|PPP,ANNUAL,,,,,,,,,,394.4461925,472.7911868,559.892492,655.718466,753.9047699,844.738133,934.408435,1025.452175,1117.385315,1206.547633,1291.579374,1371.445755,1446.257951,1516.221208,1581.104625,1640.249704
OECD ENV-Growth 2025,SSP4,1,Israel,billion USD_2015/yr,GDP|PPP,ANNUAL,,,,,,,,,,439.578233,526.8873636,623.9546913,730.7449535,840.1656116,941.3920146,1041.32228,1142.783132,1245.235147,1344.599306,1439.360272,1528.364864,1611.736978,1689.705344,1762.012641,1827.925026
OECD ENV-Growth 2025,SSP4,1,Israel,billion USD_2017/yr,GDP|PPP,ANNUAL,,,,,,,,,,461.237,552.848,654.698,766.75,881.562,987.776,1092.63,1199.09,1306.59,1410.85,1510.28,1603.67,1691.15,1772.96,1848.83,1917.99
OECD ENV-Growth 2025,SSP4,1,Italy,billion USD_2010/yr,GDP|PPP,ANNUAL,,,,,,,,,,2207.353065,2321.672412,2479.352848,2647.770552,2816.023448,2961.722314,3081.208404,3176.311091,3250.343024,3301.507792,3331.923182,3345.569318,3342.915903,3321.268319,3277.890748,3210.294583
OECD ENV-Growth 2025,SSP4,1,Italy,billion USD_2015/yr,GDP|PPP,ANNUAL,,,,,,,,,,2455.881923,2583.072639,2758.506529,2945.886609,3133.083325,3295.186623,3428.125813,3533.93624,3616.303529,3673.229007,3707.068907,3722.251479,3719.299312,3695.214398,3646.952888,3571.745979
OECD ENV-Growth 2025,SSP4,1,Italy,billion USD_2017/yr,GDP|PPP,ANNUAL,,,,,,,,,,2678.69,2817.42,3008.77,3213.15,3417.33,3594.14,3739.14,3854.55,3944.39,4006.48,4043.39,4059.95,4056.73,4030.46,3977.82,3895.79
OECD ENV-Growth 2025,SSP4,1,Jamaica,billion USD_2010/yr,GDP|PPP,ANNUAL,,,,,,,,,,25.13869857,27.09981988,29.71156674,33.60307705,38.84347771,45.27094517,52.91063162,61.79293625,71.9694127,83.26341265,95.65161619,109.0405771,123.5422309,139.3306442,156.5973734,175.5073234
OECD ENV-Growth 2025,SSP4,1,Jamaica,billion USD_2015/yr,GDP|PPP,ANNUAL,,,,,,,,,,27.95967651,30.14086809,33.04569616,37.37389833,43.20235865,50.35109431,58.84808,68.72712618,80.04557168,92.60694531,106.3853103,121.2767341,137.4057135,154.965848,174.1701899,195.2021492
OECD ENV-Growth 2025,SSP4,1,Jamaica,billion USD_2017/yr,GDP|PPP,ANNUAL,,,,,,,,,,30.1838,32.5385,35.6744,40.3469,46.639,54.3564,63.5293,74.1942,86.413,99.9736,114.848,130.924,148.336,167.293,188.025,210.73
OECD ENV-Growth 2025,SSP4,1,Japan,billion USD_2010/yr,GDP|PPP,ANNUAL,,,,,,,,,,5029.84449,5241.930878,5541.905494,5857.167037,6179.009291,6449.347503,6647.167949,6774.150613,6838.825359,6839.790654,6785.464981,6694.420982,6577.815236,6433.735717,6255.007687,6035.41242
OECD ENV-Growth 2025,SSP4,1,Japan,billion USD_2015/yr,GDP|PPP,ANNUAL,,,,,,,,,,5485.705443,5717.013479,6044.175161,6388.009243,6739.020454,7033.859748,7249.608902,7388.10016,7458.636458,7459.689239,7400.439963,7301.144535,7173.970668,7016.833047,6821.906677,6582.409223
OECD ENV-Growth 2025,SSP4,1,Japan,billion USD_2017/yr,GDP|PPP,ANNUAL,,,,,,,,,,5419.11,5647.61,5970.8,6310.46,6657.21,6948.47,7161.6,7298.41,7368.09,7369.13,7310.6,7212.51,7086.88,6931.65,6739.09,6502.5
OECD ENV-Growth 2025,SSP4,1,Jordan,billion USD_2010/yr,GDP|PPP,ANNUAL,,,,,,,,,,95.37545278,110.8200178,130.8459801,158.0268771,193.3344694,237.0511779,289.5947845,350.7781228,419.6971127,495.6557292,578.4074811,668.3183453,766.1319739,871.9193896,985.0714665,1105.668419
OECD ENV-Growth 2025,SSP4,1,Jordan,billion USD_2015/yr,GDP|PPP,ANNUAL,,,,,,,,,,106.3818844,123.6087691,145.9457494,176.2633516,215.6454788,264.4071433,323.0143396,391.2583021,468.1306188,552.8549428,645.1563374,745.4430137,854.5444421,972.5398414,1098.749792,1233.263764
OECD ENV-Growth 2025,SSP4,1,Jordan,billion USD_2017/yr,GDP|PPP,ANNUAL,,,,,,,,,,114.145,132.629,156.596,189.126,231.382,283.702,346.586,419.81,502.292,593.199,692.236,799.841,916.904,1043.51,1178.93,1323.26
OECD ENV-Growth 2025,SSP4,1,Kazakhstan,billion USD_2010/yr,GDP|PPP,ANNUAL,,,,,,,,,,537.2061469,618.3699284,717.3457377,815.8720933,907.6474134,992.3883669,1082.426784,1185.607339,1308.33498,1448.717755,1604.669904,1776.938978,1969.29965,2184.409882,2423.220262,2685.693875
OECD ENV-Growth 2025,SSP4,1,Kazakhstan,billion USD_2015/yr,GDP|PPP,ANNUAL,,,,,,,,,,554.3618792,638.1176342,740.2542459,841.9270505,936.6332247,1024.080389,1116.994192,1223.469828,1350.116789,1494.982702,1655.915199,1833.685703,2032.189433,2254.169231,2500.606044,2771.461779
OECD ENV-Growth 2025,SSP4,1,Kazakhstan,billion USD_2017/yr,GDP|PPP,ANNUAL,,,,,,,,,,582.083,670.027,777.271,884.028,983.47,1075.29,1172.85,1284.65,1417.63,1569.74,1738.72,1925.38,2133.81,2366.89,2625.65,2910.05
OECD ENV-Growth 2025,SSP4,1,Kenya,billion USD_2010/yr,GDP|PPP,ANNUAL,,,,,,,,,,216.9011913,281.8624041,357.2153198,440.0932131,532.1110012,637.1081747,757.5841112,892.7398294,1043.740952,1208.588259,1388.546275,1582.87324,1791.922373,2017.205451,2261.965025,2528.101413
OECD ENV-Growth 2025,SSP4,1,Kenya,billion USD_2015/yr,GDP|PPP,ANNUAL,,,,,,,,,,277.4724421,360.5745506,456.9703214,562.9924751,680.7069064,815.0253118,969.1450384,1142.043984,1335.213279,1546.095407,1776.308021,2024.902218,2292.329857,2580.524889,2893.635372,3234.092301
OECD ENV-Growth 2025,SSP4,1,Kenya,billion USD_2017/yr,GDP|PPP,ANNUAL,,,,,,,,,,307.035,398.991,505.657,622.975,753.231,901.86,1072.4,1263.72,1477.47,1710.82,1965.56,2240.64,2536.56,2855.46,3201.93,3578.66
OECD ENV-Growth 2025,SSP4,1,Kiribati,billion USD_2010/yr,GDP|PPP,ANNUAL,,,,,,,,,,0.225132394,0.258011691,0.326638099,0.414115364,0.516704288,0.645389262,0.814978431,1.040886969,1.340191817,1.729732265,2.230478434,2.864895767,3.668115443,4.680431069,5.943684976,7.503787129
OECD ENV-Growth 2025,SSP4,1,Kiribati,billion USD_2015/yr,GDP|PPP,ANNUAL,,,,,,,,,,0.245533534,0.2813923,0.356237525,0.45164184,0.563527209,0.703873411,0.888830481,1.135210491,1.461637868,1.886477853,2.432600844,3.124508066,4.000514232,5.10456429,6.482292257,8.183768387
OECD ENV-Growth 2025,SSP4,1,Kiribati,billion USD_2017/yr,GDP|PPP,ANNUAL,,,,,,,,,,0.252937,0.289877,0.366979,0.46526,0.580519,0.725097,0.915631,1.16944,1.50571,1.94336,2.50595,3.21872,4.12114,5.25848,6.67775,8.43053
OECD ENV-Growth 2025,SSP4,1,Kosovo,billion USD_2010/yr,GDP|PPP,ANNUAL,,,,,,,,,,23.37215575,27.72324943,31.91513893,35.72939785,39.13875437,42.05352979,44.60507726,46.93318699,49.27128278,51.60628235,53.73122227,55.5851458,57.15218507,58.48931087,59.63046379,60.60086943
OECD ENV-Growth 2025,SSP4,1,Kosovo,billion USD_2015/yr,GDP|PPP,ANNUAL,,,,,,,,,,24.43540657,28.98444108,33.36702887,37.35480682,40.91926247,43.96663745,46.63426043,49.06828099,51.51274191,53.95396575,56.17557387,58.11383646,59.7521638,61.15011839,62.34318487,63.3577364
OECD ENV-Growth 2025,SSP4,1,Kosovo,billion USD_2017/yr,GDP|PPP,ANNUAL,,,,,,,,,,24.66538663,29.25723554,33.68107118,37.70638112,41.30438456,44.38044068,47.07317067,49.53009964,51.99756723,54.46176727,56.70428462,58.66078967,60.31453654,61.72564834,62.92994366,63.95404391
OECD ENV-Growth 2025,SSP4,1,Kuwait,billion USD_2010/yr,GDP|PPP,ANNUAL,,,,,,,,,,282.4568296,320.7326092,372.6023338,429.2204399,482.7300372,532.7686539,578.1476323,619.4994231,655.4628821,686.7492041,721.1727826,760.8622025,806.4224168,856.6797665,909.8606393,964.5113981
OECD ENV-Growth 2025,SSP4,1,Kuwait,billion USD_2015/yr,GDP|PPP,ANNUAL,,,,,,,,,,194.4170166,220.7625041,256.4647993,295.4354388,332.2664698,366.7084006,397.9430696,426.4057972,451.1596983,472.6942931,496.3882836,523.7067896,555.0662046,589.6586908,626.2634586,663.8799591
OECD ENV-Growth 2025,SSP4,1,Kuwait,billion USD_2017/yr,GDP|PPP,ANNUAL,,,,,,,,,,225.983,256.606,298.105,343.403,386.214,426.248,462.554,495.638,524.411,549.442,576.983,608.737,645.188,685.397,727.945,771.669
OECD ENV-Growth 2025,SSP4,1,Kyrgyzstan,billion USD_2010/yr,GDP|PPP,ANNUAL,,,,,,,,,,29.43225749,35.80858089,43.11172321,50.60012498,57.98099281,65.95668806,75.06137797,85.36913653,97.04733811,110.0520153,124.4599247,140.4007332,158.3036823,178.5525556,201.2785103,226.6209007
OECD ENV-Growth 2025,SSP4,1,Kyrgyzstan,billion USD_2015/yr,GDP|PPP,ANNUAL,,,,,,,,,,34.64380711,42.14918171,50.74548643,59.55985437,68.24764739,77.63559352,88.35244462,100.4853909,114.2314436,129.53885,146.4979581,165.2613947,186.3344066,210.168734,236.9187578,266.748508
OECD ENV-Growth 2025,SSP4,1,Kyrgyzstan,billion USD_2017/yr,GDP|PPP,ANNUAL,,,,,,,,,,39.4952,48.0516,57.8517,67.9004,77.8048,88.5074,100.725,114.557,130.228,147.679,167.013,188.404,212.428,239.6,270.096,304.103
OECD ENV-Growth 2025,SSP4,1,Laos,billion USD_2010/yr,GDP|PPP,ANNUAL,,,,,,,,,,52.88865769,66.00944705,81.61971632,97.90579248,114.9475993,133.593521,154.2302853,176.6709739,201.0831688,226.905309,254.7899976,284.7799359,317.4205713,353.3322797,393.1861949,437.6260578
OECD ENV-Growth 2025,SSP4,1,Laos,billion USD_2015/yr,GDP|PPP,ANNUAL,,,,,,,,,,61.87919712,77.2303886,95.49424651,114.5487917,134.4875341,156.3030748,180.4478813,206.7032611,235.2652834,265.4769275,298.1017325,333.1896584,371.3788733,413.3952106,460.0238903,512.0180825
OECD ENV-Growth 2025,SSP4,1,Laos,billion USD_2017/yr,GDP|PPP,ANNUAL,,,,,,,,,,65.6445,81.9298,101.305,121.519,142.671,165.814,191.428,219.281,249.581,281.631,316.241,353.464,393.977,438.55,488.016,543.174
OECD ENV-Growth 2025,SSP4,1,Latvia,billion USD_2010/yr,GDP|PPP,ANNUAL,,,,,,,,,,54.21181536,59.4234687,64.07214305,68.48114156,72.33895254,75.76340684,78.46080541,81.01068541,83.52276588,85.74139814,87.49088126,88.77874168,89.66268224,90.23636552,90.5156807,90.34926237
OECD ENV-Growth 2025,SSP4,1,Latvia,billion USD_2015/yr,GDP|PPP,ANNUAL,,,,,,,,,,60.79490971,66.63942888,71.85260493,76.79700062,81.12327652,84.96357202,87.98852333,90.84804249,93.665172,96.15321907,98.11514688,99.55939584,100.5506758,101.1940231,101.5072563,101.3206293
OECD ENV-Growth 2025,SSP4,1,Latvia,billion USD_2017/yr,GDP|PPP,ANNUAL,,,,,,,,,,64.8255,71.0575,76.6163,81.8885,86.5016,90.5965,93.822,96.8711,99.875,102.528,104.62,106.16,107.217,107.903,108.237,108.038
OECD ENV-Growth 2025,SSP4,1,Lebanon,billion USD_2010/yr,GDP|PPP,ANNUAL,,,,,,,,,,53.98399082,60.86651346,68.27277175,76.65694271,86.09290827,96.91039646,109.1846788,122.6594461,137.1540465,152.4422794,168.5465331,185.5625378,203.668629,222.8069057,242.8816377,264.1985435
OECD ENV-Growth 2025,SSP4,1,Lebanon,billion USD_2015/yr,GDP|PPP,ANNUAL,,,,,,,,,,64.8179057,73.08166495,81.97426708,92.04103678,103.3706832,116.3591066,131.0966846,147.2756699,164.6791562,183.035547,202.371724,222.802629,244.5423873,267.5214778,291.6249587,317.2199021
OECD ENV-Growth 2025,SSP4,1,Lebanon,billion USD_2017/yr,GDP|PPP,ANNUAL,,,,,,,,,,69.926,78.841,88.4344,99.2945,111.517,125.529,141.428,158.882,177.657,197.46,218.32,240.361,263.814,288.604,314.607,342.219
OECD ENV-Growth 2025,SSP4,1,Lesotho,billion USD_2010/yr,GDP|PPP,ANNUAL,,,,,,,,,,5.313581686,5.925859345,6.939568356,8.018177992,9.109138119,10.29692001,11.63950907,13.15152501,14.87027939,16.79514438,18.9341922,21.27352068,23.86228067,26.7610138,30.02604619,33.70042968
OECD ENV-Growth 2025,SSP4,1,Lesotho,billion USD_2015/yr,GDP|PPP,ANNUAL,,,,,,,,,,6.55329478,7.308423095,8.558640813,9.888901137,11.23439345,12.69929703,14.3551259,16.21991065,18.33966806,20.71362379,23.35173339,26.2368512,29.42959544,33.00463273,37.03143066,41.56308549
OECD ENV-Growth 2025,SSP4,1,Lesotho,billion USD_2017/yr,GDP|PPP,ANNUAL,,,,,,,,,,5.9243,6.60695,7.73717,8.93975,10.1561,11.4804,12.9773,14.6631,16.5794,18.7255,21.1104,23.7186,26.6049,29.8368,33.4771,37.5738
OECD ENV-Growth 2025,SSP4,1,Liberia,billion USD_2010/yr,GDP|PPP,ANNUAL,,,,,,,,,,6.211765735,8.474565171,11.03610365,13.84242316,16.81374631,20.07239378,23.69695536,27.62595635,31.82223253,36.2349974,40.84734544,45.59759239,50.39129076,55.20252338,60.0192049,64.88248144
OECD ENV-Growth 2025,SSP4,1,Liberia,billion USD_2015/yr,GDP|PPP,ANNUAL,,,,,,,,,,6.993447187,9.540994701,12.42487423,15.58433776,18.9295688,22.59828072,26.67895295,31.10237491,35.82670565,40.79476778,45.98752839,51.33554094,56.7324728,62.14914541,67.57195259,73.04721825
OECD ENV-Growth 2025,SSP4,1,Liberia,billion USD_2017/yr,GDP|PPP,ANNUAL,,,,,,,,,,8.89204,12.1312,15.798,19.8152,24.0686,28.7333,33.9218,39.5461,45.553,51.8698,58.4723,65.2722,72.1343,79.0215,85.9165,92.8782
OECD ENV-Growth 2025,SSP4,1,Libya,billion USD_2010/yr,GDP|PPP,ANNUAL,,,,,,,,,,150.8733518,172.4394938,185.5725359,214.6483683,260.5287112,322.435703,400.2758461,492.1521991,595.79383,709.2237944,834.173244,972.4812866,1125.586051,1294.431188,1478.380528,1677.44371
OECD ENV-Growth 2025,SSP4,1,Libya,billion USD_2015/yr,GDP|PPP,ANNUAL,,,,,,,,,,181.6225316,207.5840235,223.3936832,258.3953996,313.6265185,388.1506438,481.8552223,592.4567011,717.2213143,853.7692005,1004.184334,1170.680647,1354.989371,1558.246479,1779.686146,2019.319976
OECD ENV-Growth 2025,SSP4,1,Libya,billion USD_2017/yr,GDP|PPP,ANNUAL,,,,,,,,,,156.525,178.899,192.524,222.689,270.288,334.514,415.27,510.588,618.112,735.791,865.421,1008.91,1167.75,1342.92,1533.76,1740.28
OECD ENV-Growth 2025,SSP4,1,Lithuania,billion USD_2010/yr,GDP|PPP,ANNUAL,,,,,,,,,,99.13993081,112.9163137,121.1000542,127.0603353,131.0867357,132.0007965,131.0346955,129.2015376,127.1367169,124.9241692,122.2365449,119.1284022,115.6929099,112.0971003,108.4937364,104.8928905
OECD ENV-Growth 2025,SSP4,1,Lithuania,billion USD_2015/yr,GDP|PPP,ANNUAL,,,,,,,,,,110.7621122,126.1535014,135.2966224,141.9556278,146.4540433,147.4752596,146.3959024,144.3478433,142.0409636,139.5690387,136.566344,133.0938336,129.2555983,125.2382516,121.212465,117.1894918
OECD ENV-Growth 2025,SSP4,1,Lithuania,billion USD_2017/yr,GDP|PPP,ANNUAL,,,,,,,,,,118.114,134.527,144.277,151.378,156.175,157.264,156.113,153.929,151.469,148.833,145.631,141.928,137.835,133.551,129.258,124.968
OECD ENV-Growth 2025,SSP4,1,Luxembourg,billion USD_2010/yr,GDP|PPP,ANNUAL,,,,,,,,,,62.83422514,72.21923597,77.64494659,80.7269833,82.10417913,83.09002772,83.80972868,84.46722355,85.0703865,85.31999833,85.12550583,84.47116064,83.40814499,81.99394047,80.28051673,78.2679525
OECD ENV-Growth 2025,SSP4,1,Luxembourg,billion USD_2015/yr,GDP|PPP,ANNUAL,,,,,,,,,,76.04202125,87.39976763,93.96596625,97.69584914,99.36253245,100.5556071,101.4265897,102.2222904,102.9522386,103.254319,103.018944,102.2270551,100.9405928,99.22912155,97.15553499,94.71992842
OECD ENV-Growth 2025,SSP4,1,Luxembourg,billion USD_2017/yr,GDP|PPP,ANNUAL,,,,,,,,,,79.7977,91.7164,98.6069,102.521,104.27,105.522,106.436,107.271,108.037,108.354,108.107,107.276,105.926,104.13,101.954,99.3981
OECD ENV-Growth 2025,SSP4,1,Macao,billion USD_2010/yr,GDP|PPP,ANNUAL,,,,,,,,,,69.80923731,85.08291788,101.4761926,117.3456856,131.0551056,141.5408636,149.273604,155.2747437,159.9407035,162.2601883,162.1463227,159.5215094,154.7459011,148.3879826,141.0229859,133.0017859
OECD ENV-Growth 2025,SSP4,1,Macao,billion USD_2015/yr,GDP|PPP,ANNUAL,,,,,,,,,,80.61356317,98.25114038,117.1815906,135.5071936,151.3384108,163.4470421,172.3765732,179.306505,184.6946121,187.3730819,187.2415933,184.2105396,178.6958139,171.3538848,162.8490128,153.5863774
OECD ENV-Growth 2025,SSP4,1,Macao,billion USD_2017/yr,GDP|PPP,ANNUAL,,,,,,,,,,82.7664,100.875,120.311,139.126,155.38,167.812,176.98,184.095,189.627,192.377,192.242,189.13,183.468,175.93,167.198,157.688
OECD ENV-Growth 2025,SSP4,1,Madagascar,billion USD_2010/yr,GDP|PPP,ANNUAL,,,,,,,,,,50.27091399,63.61867501,82.11345488,103.7437807,128.2727818,156.9788874,190.812742,230.2407742,276.0742929,328.5158782,388.4371191,455.6710103,530.7274611,614.8515984,710.1285158,819.0810775
OECD ENV-Growth 2025,SSP4,1,Madagascar,billion USD_2015/yr,GDP|PPP,ANNUAL,,,,,,,,,,50.87404531,64.38194769,83.0986209,104.9884591,129.8117499,158.8622604,193.1020408,233.0031155,279.3865273,332.4572869,393.09744,461.1379779,537.0949275,622.2283542,718.6483678,828.908101
OECD ENV-Growth 2025,SSP4,1,Madagascar,billion USD_2017/yr,GDP|PPP,ANNUAL,,,,,,,,,,50.8714,64.3786,83.0943,104.983,129.805,158.854,193.092,232.991,279.372,332.44,393.077,461.114,537.067,622.196,718.611,828.865
OECD ENV-Growth 2025,SSP4,1,Malawi,billion USD_2010/yr,GDP|PPP,ANNUAL,,,,,,,,,,34.73139944,43.43825863,55.76461526,73.10321949,94.09647208,118.5474861,146.2895039,176.6521476,209.2127692,243.6847214,280.1234507,317.6187996,355.6487352,393.4307314,430.5745712,466.7726841
OECD ENV-Growth 2025,SSP4,1,Malawi,billion USD_2015/yr,GDP|PPP,ANNUAL,,,,,,,,,,32.75851567,40.97079008,52.59695987,68.95066135,88.75141239,111.81351,137.9796692,166.6175921,197.3286388,229.842445,264.2113072,299.5767689,335.4464505,371.0822767,406.1161964,440.2581103
OECD ENV-Growth 2025,SSP4,1,Malawi,billion USD_2017/yr,GDP|PPP,ANNUAL,,,,,,,,,,33.199,41.5217,53.3042,69.8778,89.9448,113.317,139.835,168.858,199.982,232.933,267.764,303.605,339.957,376.072,411.577,446.178
OECD ENV-Growth 2025,SSP4,1,Malaysia,billion USD_2010/yr,GDP|PPP,ANNUAL,,,,,,,,,,1103.465846,1343.28152,1585.202348,1803.672959,2006.992523,2201.871223,2395.85928,2592.529386,2791.800573,2989.432169,3186.901829,3387.053539,3594.198818,3811.788907,4042.070654,4286.238332
OECD ENV-Growth 2025,SSP4,1,Malaysia,billion USD_2015/yr,GDP|PPP,ANNUAL,,,,,,,,,,1090.782619,1327.841853,1566.982046,1782.941557,1983.924168,2176.562933,2368.321293,2562.730875,2759.711641,2955.07166,3150.271606,3348.122773,3552.887126,3767.976237,3995.611128,4236.972344
OECD ENV-Growth 2025,SSP4,1,Malaysia,billion USD_2017/yr,GDP|PPP,ANNUAL,,,,,,,,,,1090.28,1327.23,1566.26,1782.12,1983.01,2175.56,2367.23,2561.55,2758.44,2953.71,3148.82,3346.58,3551.25,3766.24,3993.77,4235.02
OECD ENV-Growth 2025,SSP4,1,Maldives,billion USD_2010/yr,GDP|PPP,ANNUAL,,,,,,,,,,10.49892478,13.56999693,16.78578827,20.11588905,23.44084356,26.67394506,29.89558442,33.20322878,36.54362208,39.51332842,42.12911214,44.36594367,46.41563832,48.47289642,50.69592661,53.06827643
OECD ENV-Growth 2025,SSP4,1,Maldives,billion USD_2015/yr,GDP|PPP,ANNUAL,,,,,,,,,,13.0635058,16.88475127,20.88606661,25.02961385,29.16675775,33.18961162,37.19820348,41.31380885,45.47016279,49.16528174,52.4200251,55.20324931,57.75362457,60.3134108,63.07946241,66.03130808
OECD ENV-Growth 2025,SSP4,1,Maldives,billion USD_2017/yr,GDP|PPP,ANNUAL,,,,,,,,,,13.4647,17.4033,21.5275,25.7983,30.0625,34.2089,38.3406,42.5826,46.8666,50.6752,54.0299,56.8986,59.5273,62.1657,65.0167,68.0592
OECD ENV-Growth 2025,SSP4,1,Mali,billion USD_2010/yr,GDP|PPP,ANNUAL,,,,,,,,,,47.67065031,62.2109821,84.5119297,112.7807402,147.2362302,188.8843564,238.3129206,295.0019112,358.7891464,429.755288,507.8059445,592.1679632,682.0081243,776.9591588,877.5239162,982.5559682
OECD ENV-Growth 2025,SSP4,1,Mali,billion USD_2015/yr,GDP|PPP,ANNUAL,,,,,,,,,,52.77461893,68.87174504,93.56039527,124.8558714,163.0004183,209.1076976,263.8284456,326.5869743,397.2037376,475.7680336,562.1753645,655.5697982,755.0289043,860.1460913,971.4780474,1087.755599
OECD ENV-Growth 2025,SSP4,1,Mali,billion USD_2017/yr,GDP|PPP,ANNUAL,,,,,,,,,,55.5534,72.4981,98.4867,131.43,171.583,220.118,277.72,343.783,418.118,500.819,591.776,690.088,794.784,905.436,1022.63,1145.03
OECD ENV-Growth 2025,SSP4,1,Malta,billion USD_2010/yr,GDP|PPP,ANNUAL,,,,,,,,,,24.68412602,29.4402779,33.99752102,37.37175372,39.7990687,41.50256976,42.81886519,44.00246988,44.8627948,45.46919907,45.66691929,45.45493673,44.87654777,44.07021601,43.20123182,42.37333675
OECD ENV-Growth 2025,SSP4,1,Malta,billion USD_2015/yr,GDP|PPP,ANNUAL,,,,,,,,,,26.88603,32.06644602,37.03020999,40.70543517,43.34927451,45.20473339,46.63844663,47.92763269,48.86470138,49.52519887,49.74055638,49.50966428,48.87968116,48.001422,47.0549216,46.15317561
OECD ENV-Growth 2025,SSP4,1,Malta,billion USD_2017/yr,GDP|PPP,ANNUAL,,,,,,,,,,29.0761,34.6785,40.0466,44.0212,46.8804,48.887,50.4375,51.8317,52.8451,53.5594,53.7923,53.5426,52.8613,51.9115,50.8879,49.9127
OECD ENV-Growth 2025,SSP4,1,Mauritania,billion USD_2010/yr,GDP|PPP,ANNUAL,,,,,,,,,,28.15462676,35.2193729,45.22288864,56.51330042,69.47545038,84.82162604,103.0697715,124.4493822,149.2380133,177.3111678,209.2144354,245.0402733,285.0367603,329.3238161,378.0433307,431.942286
OECD ENV-Growth 2025,SSP4,1,Mauritania,billion USD_2015/yr,GDP|PPP,ANNUAL,,,,,,,,,,25.71100105,32.16257637,41.29785656,51.60833915,63.44546467,77.45969906,94.12403243,113.6480417,136.2851921,161.9217921,191.056078,223.7724825,260.2975527,300.7408002,345.2317999,394.4527009
OECD ENV-Growth 2025,SSP4,1,Mauritania,billion USD_2017/yr,GDP|PPP,ANNUAL,,,,,,,,,,30.756,38.4735,49.4013,61.7349,75.8947,92.6588,112.593,135.948,163.027,193.694,228.545,267.681,311.373,359.752,412.973,471.852
OECD ENV-Growth 2025,SSP4,1,Mauritius,billion USD_2010/yr,GDP|PPP,ANNUAL,,,,,,,,,,29.83356985,35.22211036,40.94759551,46.93732392,53.12273021,59.24416665,65.41587824,71.39448546,77.06105584,82.53700344,87.87021372,93.14230338,98.36099293,103.5971455,108.9904654,114.7302886
OECD ENV-Growth 2025,SSP4,1,Mauritius,billion USD_2015/yr,GDP|PPP,ANNUAL,,,,,,,,,,31.19283549,36.82688662,42.81323412,49.07586424,55.54308763,61.94342661,68.39633135,74.64733357,80.57208206,86.29752268,91.87372263,97.38601722,102.8424787,108.3171988,113.9562471,119.9575859
OECD ENV-Growth 2025,SSP4,1,Mauritius,billion USD_2017/yr,GDP|PPP,ANNUAL,,,,,,,,,,32.4593,38.3221,44.5515,51.0684,57.7982,64.4584,71.1733,77.6781,83.8434,89.8013,95.6039,101.34,107.018,112.715,118.583,124.828
OECD ENV-Growth 2025,SSP4,1,Mayotte,billion USD_2017/yr,GDP|PPP,ANNUAL,,,,,,,,,,9.66521,13.2323,17.23,22.3214,28.7825,36.9223,47.1353,59.7291,75.3236,94.6021,118.434,147.828,184.064,228.706,283.677,351.325
OECD ENV-Growth 2025,SSP4,1,Mexico,billion USD_2010/yr,GDP|PPP,ANNUAL,,,,,,,,,,2369.886056,2711.510664,3120.469436,3603.455073,4168.551407,4798.259019,5478.386671,6181.34924,6912.507672,7675.611236,8464.925757,9266.972525,10076.20398,10888.14984,11702.38597,12519.93028
OECD ENV-Growth 2025,SSP4,1,Mexico,billion USD_2015/yr,GDP|PPP,ANNUAL,,,,,,,,,,2645.365254,3026.700831,3483.1976,4022.326229,4653.110229,5356.016022,6115.202758,6899.878776,7716.028188,8567.836084,9448.901737,10344.17965,11247.47742,12153.80511,13062.6893,13975.26622
OECD ENV-Growth 2025,SSP4,1,Mexico,billion USD_2017/yr,GDP|PPP,ANNUAL,,,,,,,,,,2793.85,3196.59,3678.71,4248.1,4914.29,5656.65,6458.45,7287.17,8149.13,9048.75,9979.27,10924.8,11878.8,12836,13795.9,14759.7
OECD ENV-Growth 2025,SSP4,1,Micronesia,billion USD_2010/yr,GDP|PPP,ANNUAL,,,,,,,,,,0.315617091,0.334593425,0.376838061,0.436218469,0.510627455,0.60903865,0.737366106,0.899128649,1.103837631,1.358956958,1.679048826,2.078755687,2.573941685,3.181960179,3.921885593,4.819810385
OECD ENV-Growth 2025,SSP4,1,Micronesia,billion USD_2015/yr,GDP|PPP,ANNUAL,,,,,,,,,,0.343357574,0.364001791,0.409959428,0.474558948,0.555507952,0.662568786,0.802175306,0.978155618,1.200857054,1.478399543,1.826625194,2.261463427,2.800172728,3.461631694,4.266591253,5.243437205
OECD ENV-Growth 2025,SSP4,1,Micronesia,billion USD_2017/yr,GDP|PPP,ANNUAL,,,,,,,,,,0.353932,0.375212,0.422585,0.489174,0.572616,0.682974,0.82688,1.00828,1.23784,1.52393,1.88288,2.33111,2.88641,3.56824,4.39799,5.40492
OECD ENV-Growth 2025,SSP4,1,Moldova,billion USD_2010/yr,GDP|PPP,ANNUAL,,,,,,,,,,28.57722192,36.49806301,45.00012804,52.40157592,58.3031936,62.59100669,65.69238129,68.08455673,70.06329124,71.39231123,72.07933608,72.31477719,72.38341913,72.47695985,72.60728116,72.61787639
OECD ENV-Growth 2025,SSP4,1,Moldova,billion USD_2015/yr,GDP|PPP,ANNUAL,,,,,,,,,,34.11948155,43.57648868,53.72744218,62.5643251,69.61050111,74.72989165,78.4327461,81.28885948,83.65134929,85.2381191,86.05838539,86.33948789,86.42144223,86.53312422,86.68872001,86.70137007
OECD ENV-Growth 2025,SSP4,1,Moldova,billion USD_2017/yr,GDP|PPP,ANNUAL,,,,,,,,,,37.7605,48.2267,59.4609,69.2408,77.0389,82.7046,86.8026,89.9635,92.5781,94.3342,95.242,95.5531,95.6438,95.7674,95.9396,95.9536
OECD ENV-Growth 2025,SSP4,1,Mongolia,billion USD_2010/yr,GDP|PPP,ANNUAL,,,,,,,,,,47.53008498,57.11750392,68.15397492,79.23136008,90.39077664,102.8103091,117.336363,134.1487374,153.5235776,175.0700161,198.7809463,224.930483,253.737918,285.4266041,320.1396902,358.1858092
OECD ENV-Growth 2025,SSP4,1,Mongolia,billion USD_2015/yr,GDP|PPP,ANNUAL,,,,,,,,,,45.27965784,54.41313718,64.92705968,75.47995918,86.1110061,97.94250566,111.7807883,127.7971401,146.2546314,166.7809016,189.3691803,214.2806037,241.7240809,271.9123893,304.9819001,341.2266333
OECD ENV-Growth 2025,SSP4,1,Mongolia,billion USD_2017/yr,GDP|PPP,ANNUAL,,,,,,,,,,46.8166,56.2601,67.1309,78.042,89.0339,101.267,115.575,132.135,151.219,172.442,195.797,221.554,249.929,281.142,315.334,352.809
OECD ENV-Growth 2025,SSP4,1,Montenegro,billion USD_2010/yr,GDP|PPP,ANNUAL,,,,,,,,,,12.49553508,14.43873837,16.20311776,17.59550081,18.6812349,19.53591638,20.25998509,20.9178045,21.54241727,22.098239,22.56575567,22.96087368,23.29515384,23.59762122,23.86516014,24.0857998
OECD ENV-Growth 2025,SSP4,1,Montenegro,billion USD_2015/yr,GDP|PPP,ANNUAL,,,,,,,,,,13.61817444,15.73596141,17.65885836,19.17633762,20.35961758,21.29108641,22.08020779,22.79712783,23.47785784,24.0836164,24.59313628,25.02375297,25.38806594,25.71770797,26.00928345,26.2497461
OECD ENV-Growth 2025,SSP4,1,Montenegro,billion USD_2017/yr,GDP|PPP,ANNUAL,,,,,,,,,,15.24,17.61,19.7619,21.4601,22.7843,23.8267,24.7098,25.5121,26.2739,26.9518,27.522,28.0039,28.4116,28.7805,29.1068,29.3759
OECD ENV-Growth 2025,SSP4,1,Morocco,billion USD_2010/yr,GDP|PPP,ANNUAL,,,,,,,,,,339.8589556,402.7373009,478.6037514,558.0896225,640.4142748,732.1752738,837.7979269,957.9588557,1092.774197,1239.752568,1403.212231,1587.495681,1795.067033,2030.006214,2296.23157,2598.943999
OECD ENV-Growth 2025,SSP4,1,Morocco,billion USD_2015/yr,GDP|PPP,ANNUAL,,,,,,,,,,335.7572914,397.8767752,472.8276144,551.3541925,632.6852912,723.3388519,827.6867743,946.3975139,1079.585806,1224.790336,1386.277249,1568.336632,1773.402863,2005.506627,2268.518983,2567.578059
OECD ENV-Growth 2025,SSP4,1,Morocco,billion USD_2017/yr,GDP|PPP,ANNUAL,,,,,,,,,,336.533,398.796,473.92,552.628,634.147,725.01,829.599,948.584,1082.08,1227.62,1389.48,1571.96,1777.5,2010.14,2273.76,2573.51
OECD ENV-Growth 2025,SSP4,1,Mozambique,billion USD_2010/yr,GDP|PPP,ANNUAL,,,,,,,,,,45.12932283,72.89731391,109.1840714,145.1371332,179.0445108,214.2170194,252.2876583,293.0136717,336.42307,382.109704,429.9820736,478.9010939,528.4335394,577.2395849,624.9130815,671.1365792
OECD ENV-Growth 2025,SSP4,1,Mozambique,billion USD_2015/yr,GDP|PPP,ANNUAL,,,,,,,,,,49.43375682,79.85025839,119.5980462,158.9803103,196.121773,234.6490348,276.3508506,320.9613104,368.5110963,418.5553207,470.993756,524.5786716,578.8355208,632.2966861,684.5172799,735.149574
OECD ENV-Growth 2025,SSP4,1,Mozambique,billion USD_2017/yr,GDP|PPP,ANNUAL,,,,,,,,,,48.3351,78.0756,116.94,155.447,191.763,229.434,270.209,313.828,360.321,409.253,460.526,512.92,565.971,618.244,669.304,718.811
OECD ENV-Growth 2025,SSP4,1,Myanmar,billion USD_2010/yr,GDP|PPP,ANNUAL,,,,,,,,,,238.2769333,278.411031,326.2278761,372.815322,417.0956484,463.4116685,514.1653009,568.7448398,628.643127,694.126599,764.7721507,840.8092967,923.4524679,1014.354169,1115.460282,1228.39138
OECD ENV-Growth 2025,SSP4,1,Myanmar,billion USD_2015/yr,GDP|PPP,ANNUAL,,,,,,,,,,257.6848142,301.087872,352.7994442,403.1814815,451.0684823,501.1569859,556.0445495,615.0696433,679.8467025,750.663865,827.0635635,909.2940068,998.6685422,1096.974272,1206.315574,1328.445016
OECD ENV-Growth 2025,SSP4,1,Myanmar,billion USD_2017/yr,GDP|PPP,ANNUAL,,,,,,,,,,238.781,279,326.918,373.604,417.978,464.392,515.253,569.948,629.973,695.595,766.39,842.588,925.406,1016.5,1117.82,1230.99
OECD ENV-Growth 2025,SSP4,1,Namibia,billion USD_2010/yr,GDP|PPP,ANNUAL,,,,,,,,,,24.51372862,28.09009307,33.05776071,39.65534137,47.90955343,57.78616396,69.42275401,82.77080376,97.9274456,114.7859916,133.0593121,152.704732,173.6842147,196.1962925,220.4413531,246.5604102
OECD ENV-Growth 2025,SSP4,1,Namibia,billion USD_2015/yr,GDP|PPP,ANNUAL,,,,,,,,,,26.35241482,30.19702945,35.53730389,42.62974524,51.50307591,62.12049532,74.62990394,88.97914267,105.2726294,123.3956741,143.0396104,164.1585622,186.7116401,210.9122675,236.9758625,265.0540156
OECD ENV-Growth 2025,SSP4,1,Namibia,billion USD_2017/yr,GDP|PPP,ANNUAL,,,,,,,,,,26.4236,30.2786,35.6333,42.7449,51.6422,62.2883,74.8315,89.2195,105.557,123.729,143.426,164.602,187.216,211.482,237.616,265.77
OECD ENV-Growth 2025,SSP4,1,Nepal,billion USD_2010/yr,GDP|PPP,ANNUAL,,,,,,,,,,109.2151419,140.2141162,176.1852223,214.5095633,254.7866398,299.8817481,351.7387952,411.4067844,481.250187,562.3926488,656.2973168,762.4970755,882.4390199,1019.315106,1177.171261,1360.044582
OECD ENV-Growth 2025,SSP4,1,Nepal,billion USD_2015/yr,GDP|PPP,ANNUAL,,,,,,,,,,122.3657987,157.097377,197.3997842,240.3387807,285.4656427,335.9906785,394.0918618,460.9445071,539.1977933,630.1106647,735.3224467,854.3097781,988.6939996,1142.051412,1318.915116,1523.808317
OECD ENV-Growth 2025,SSP4,1,Nepal,billion USD_2017/yr,GDP|PPP,ANNUAL,,,,,,,,,,136.076,174.699,219.517,267.267,317.45,373.636,438.247,512.59,599.611,700.71,817.71,950.029,1099.47,1270.01,1466.69,1694.54
OECD ENV-Growth 2025,SSP4,1,Netherlands,billion USD_2010/yr,GDP|PPP,ANNUAL,,,,,,,,,,924.1582073,1012.32071,1088.271574,1158.436611,1219.391028,1266.724104,1302.096346,1330.523867,1354.116893,1371.837608,1382.90765,1385.156252,1376.784533,1357.593578,1328.404992,1291.770073
OECD ENV-Growth 2025,SSP4,1,Netherlands,billion USD_2015/yr,GDP|PPP,ANNUAL,,,,,,,,,,1014.011894,1110.746226,1194.08161,1271.068625,1337.949493,1389.884651,1428.696052,1459.887512,1485.774432,1505.218089,1517.364445,1519.831673,1510.645992,1489.589147,1457.562624,1417.36578
OECD ENV-Growth 2025,SSP4,1,Netherlands,billion USD_2017/yr,GDP|PPP,ANNUAL,,,,,,,,,,1068.58,1170.52,1258.34,1339.47,1409.95,1464.68,1505.58,1538.45,1565.73,1586.22,1599.02,1601.62,1591.94,1569.75,1536,1493.64
OECD ENV-Growth 2025,SSP4,1,New Caledonia,billion USD_2017/yr,GDP|PPP,ANNUAL,,,,,,,,,,11.836,14.8865,18.1124,21.3397,24.3473,26.9954,29.3268,31.4775,33.4894,35.3024,36.9099,38.3585,39.6565,40.8257,41.8592,42.7325
OECD ENV-Growth 2025,SSP4,1,New Zealand,billion USD_2010/yr,GDP|PPP,ANNUAL,,,,,,,,,,202.7386947,229.5754739,258.6843579,289.1305618,320.6831091,349.4011743,374.665473,398.1572788,419.9661371,438.6342185,453.3798855,464.0650544,470.5508047,472.7952927,470.7993553,464.6935445
OECD ENV-Growth 2025,SSP4,1,New Zealand,billion USD_2015/yr,GDP|PPP,ANNUAL,,,,,,,,,,223.2828999,252.8391417,284.8977285,318.4291503,353.1790251,384.8071901,412.6316065,438.5039173,462.5227417,483.0825237,499.3224195,511.0903532,518.2333267,520.7052563,518.5070639,511.7825304
OECD ENV-Growth 2025,SSP4,1,New Zealand,billion USD_2017/yr,GDP|PPP,ANNUAL,,,,,,,,,,242.258,274.326,309.109,345.49,383.193,417.509,447.698,475.769,501.829,524.136,541.756,554.524,562.274,564.956,562.571,555.275
OECD ENV-Growth 2025,SSP4,1,Nicaragua,billion USD_2010/yr,GDP|PPP,ANNUAL,,,,,,,,,,38.45400817,45.78338272,54.99620798,65.95591066,78.4442498,93.20650797,110.5915427,130.5163913,153.6095325,179.8174421,209.5450055,242.6644548,279.6186606,321.183725,368.2186265,421.7291037
OECD ENV-Growth 2025,SSP4,1,Nicaragua,billion USD_2015/yr,GDP|PPP,ANNUAL,,,,,,,,,,41.88228326,49.86509066,59.8992633,71.83605205,85.43775919,101.5161112,120.451067,142.1522678,167.3042228,195.8486359,228.226489,264.2986237,304.5473932,349.8180914,401.046277,459.3273529
OECD ENV-Growth 2025,SSP4,1,Nicaragua,billion USD_2017/yr,GDP|PPP,ANNUAL,,,,,,,,,,44.5433,53.0333,63.705,76.4002,90.8661,107.966,128.104,151.184,177.934,208.292,242.727,281.091,323.897,372.044,426.527,488.511
OECD ENV-Growth 2025,SSP4,1,Niger,billion USD_2010/yr,GDP|PPP,ANNUAL,,,,,,,,,,42.28933721,58.16564927,83.40225324,114.8763563,153.1568743,201.0356708,261.6429084,337.1834172,430.7648407,545.3996279,685.0398907,852.2528128,1050.109188,1283.223397,1555.981556,1875.06776
OECD ENV-Growth 2025,SSP4,1,Niger,billion USD_2015/yr,GDP|PPP,ANNUAL,,,,,,,,,,41.81537841,57.51375631,82.46752042,113.5888767,151.4403649,198.7825585,258.710539,333.4044257,425.9370331,539.2870481,677.3622891,842.7011682,1038.340063,1268.841639,1538.542854,1854.052892
OECD ENV-Growth 2025,SSP4,1,Niger,billion USD_2017/yr,GDP|PPP,ANNUAL,,,,,,,,,,41.3144,56.8247,81.4795,112.228,149.626,196.401,255.611,329.41,420.834,532.826,669.247,832.605,1025.9,1253.64,1520.11,1831.84
OECD ENV-Growth 2025,SSP4,1,Nigeria,billion USD_2010/yr,GDP|PPP,ANNUAL,,,,,,,,,,1127.437872,1349.228616,1709.474474,2126.352411,2610.802608,3194.332783,3907.242478,4762.393539,5779.877845,6973.537102,8363.919821,9966.408848,11800.64894,13887.65476,16246.07217,18883.89226
OECD ENV-Growth 2025,SSP4,1,Nigeria,billion USD_2015/yr,GDP|PPP,ANNUAL,,,,,,,,,,1166.131181,1395.533714,1768.143095,2199.32815,2700.404524,3303.961269,4041.337797,4925.837371,5978.241415,7212.866678,8650.966891,10308.45283,12205.64346,14364.27465,16803.6322,19531.98144
OECD ENV-Growth 2025,SSP4,1,Nigeria,billion USD_2017/yr,GDP|PPP,ANNUAL,,,,,,,,,,1185.13,1418.27,1796.95,2235.16,2744.4,3357.79,4107.18,5006.09,6075.64,7330.38,8791.91,10476.4,12404.5,14598.3,17077.4,19850.2
OECD ENV-Growth 2025,SSP4,1,North Korea,billion USD_2017/yr,GDP|PPP,ANNUAL,,,,,,,,,,58.4156,75.1861,94.2828,113.18,129.188,144.302,159.535,175.549,193.035,211.945,230.911,249.818,268.349,286.65,305.033,323.565
OECD ENV-Growth 2025,SSP4,1,North Macedonia,billion USD_2010/yr,GDP|PPP,ANNUAL,,,,,,,,,,32.00355538,37.9715434,43.49493585,48.92649516,54.30060672,59.46823944,64.50615681,69.42784658,74.90761204,81.01480677,87.16321402,92.93463085,98.14072858,102.7914981,106.9119167,110.5236314
OECD ENV-Growth 2025,SSP4,1,North Macedonia,billion USD_2015/yr,GDP|PPP,ANNUAL,,,,,,,,,,35.40853815,42.01148365,48.1225313,54.13197534,60.07785954,65.79529681,71.36921781,76.8145453,82.87732433,89.63428727,96.43684749,102.8223078,108.5823025,113.7278855,118.2866915,122.2826706
OECD ENV-Growth 2025,SSP4,1,North Macedonia,billion USD_2017/yr,GDP|PPP,ANNUAL,,,,,,,,,,38.4392,45.6073,52.2414,58.7652,65.22,71.4268,77.4778,83.3892,89.9709,97.3062,104.691,111.623,117.876,123.462,128.411,132.749
OECD ENV-Growth 2025,SSP4,1,Norway,billion USD_2010/yr,GDP|PPP,ANNUAL,,,,,,,,,,359.9791755,393.8882253,430.8505625,468.1707215,503.5006734,534.8502112,562.1787377,587.4037626,610.8991578,630.548204,646.0771062,657.0761159,663.1147138,664.2599326,660.8582646,653.0362221
OECD ENV-Growth 2025,SSP4,1,Norway,billion USD_2015/yr,GDP|PPP,ANNUAL,,,,,,,,,,365.4372703,399.8604576,437.383227,475.2692437,511.1348772,542.9597446,570.7026331,596.3101261,620.1617644,640.1087344,655.8730898,667.0388692,673.1690258,674.3316087,670.8783638,662.9377215
OECD ENV-Growth 2025,SSP4,1,Norway,billion USD_2017/yr,GDP|PPP,ANNUAL,,,,,,,,,,381.285,417.201,456.351,495.88,533.301,566.506,595.452,622.17,647.056,667.868,684.316,695.966,702.362,703.575,699.972,691.687
OECD ENV-Growth 2025,SSP4,1,Oman,billion USD_2010/yr,GDP|PPP,ANNUAL,,,,,,,,,,225.5292454,264.3098987,311.9677683,367.0122429,427.8797441,491.3740569,559.991695,633.0446838,709.9388636,787.1978783,865.6230619,946.6724512,1033.767677,1130.438518,1236.927328,1350.332366
OECD ENV-Growth 2025,SSP4,1,Oman,billion USD_2015/yr,GDP|PPP,ANNUAL,,,,,,,,,,179.3286903,210.1649739,248.059941,291.8283379,340.2268915,390.714144,445.2751884,503.3629844,564.5050883,625.9372892,688.2967647,752.7428671,821.9962925,898.8637303,983.5378876,1073.711457
OECD ENV-Growth 2025,SSP4,1,Oman,billion USD_2017/yr,GDP|PPP,ANNUAL,,,,,,,,,,173.087,202.85,239.426,281.671,328.385,377.115,429.777,485.843,544.857,604.151,664.34,726.543,793.386,867.578,949.305,1036.34
OECD ENV-Growth 2025,SSP4,1,Pakistan,billion USD_2010/yr,GDP|PPP,ANNUAL,,,,,,,,,,1248.518926,1585.39595,2002.578363,2523.347479,3154.650067,3915.72051,4822.195924,5876.700847,7100.883138,8494.366551,10086.39726,11872.64386,13855.18029,16048.23045,18468.58771,21155.98723
OECD ENV-Growth 2025,SSP4,1,Pakistan,billion USD_2015/yr,GDP|PPP,ANNUAL,,,,,,,,,,1353.021235,1718.09521,2170.196217,2734.55424,3418.697499,4243.470317,5225.818648,6368.58671,7695.234309,9205.353708,10930.63902,12866.39628,15014.87303,17391.48373,20014.42737,22926.76497
OECD ENV-Growth 2025,SSP4,1,Pakistan,billion USD_2017/yr,GDP|PPP,ANNUAL,,,,,,,,,,1360.53,1727.63,2182.24,2749.73,3437.67,4267.02,5254.82,6403.93,7737.94,9256.44,10991.3,12937.8,15098.2,17488,20125.5,23054
OECD ENV-Growth 2025,SSP4,1,Panama,billion USD_2010/yr,GDP|PPP,ANNUAL,,,,,,,,,,119.3465563,145.1411073,173.0118,201.6235155,231.4063878,261.8195555,293.0560818,325.419048,359.2108256,394.3874073,431.8147395,471.6092279,514.0306566,559.1975607,607.5280078,659.4209009
OECD ENV-Growth 2025,SSP4,1,Panama,billion USD_2015/yr,GDP|PPP,ANNUAL,,,,,,,,,,149.6914916,182.0445393,217.0016063,252.8881078,290.2435433,328.3895323,367.5682264,408.1597679,450.5434088,494.6639528,541.6075208,591.5201159,644.7275743,701.3785701,761.997468,827.0845959
OECD ENV-Growth 2025,SSP4,1,Panama,billion USD_2017/yr,GDP|PPP,ANNUAL,,,,,,,,,,168.143,204.484,243.75,284.06,326.02,368.868,412.876,458.471,506.079,555.638,608.368,664.433,724.199,787.833,855.924,929.034
OECD ENV-Growth 2025,SSP4,1,Papua New Guinea,billion USD_2010/yr,GDP|PPP,ANNUAL,,,,,,,,,,33.00176616,38.9753126,48.23350162,59.54119978,72.69342938,88.57205874,107.9846786,131.2732159,158.8541434,190.6122948,226.850316,267.7556864,313.9319119,366.1065918,424.8957306,490.6582177
OECD ENV-Growth 2025,SSP4,1,Papua New Guinea,billion USD_2015/yr,GDP|PPP,ANNUAL,,,,,,,,,,35.92570283,42.42850189,52.50696091,64.81651434,79.13402358,96.41948997,117.5520562,142.903944,172.9285251,207.5004297,246.9491178,291.4786795,341.7460908,398.5434161,462.5412372,534.1302412
OECD ENV-Growth 2025,SSP4,1,Papua New Guinea,billion USD_2017/yr,GDP|PPP,ANNUAL,,,,,,,,,,36.966,43.6571,54.0274,66.6934,81.4255,99.2115,120.956,147.042,177.936,213.509,254.1,299.919,351.642,410.084,475.935,549.597
OECD ENV-Growth 2025,SSP4,1,Paraguay,billion USD_2010/yr,GDP|PPP,ANNUAL,,,,,,,,,,99.18923333,117.9956695,139.823351,164.628102,193.5680985,226.4387872,263.657918,305.2965565,351.8992184,402.2040101,456.5893078,514.9024166,577.9173744,646.4120609,720.9790088,802.2587682
OECD ENV-Growth 2025,SSP4,1,Paraguay,billion USD_2015/yr,GDP|PPP,ANNUAL,,,,,,,,,,100.3021292,119.3195722,141.3921586,166.4752171,195.7399183,228.9794137,266.6161404,308.7219614,355.8475016,406.7167094,461.7122062,520.6795837,584.4015647,653.6647565,729.06834,811.2600523
OECD ENV-Growth 2025,SSP4,1,Paraguay,billion USD_2017/yr,GDP|PPP,ANNUAL,,,,,,,,,,103.285,122.868,145.597,171.426,201.561,235.789,274.545,317.903,366.43,418.812,475.443,536.164,601.781,673.104,750.75,835.386
OECD ENV-Growth 2025,SSP4,1,Peru,billion USD_2010/yr,GDP|PPP,ANNUAL,,,,,,,,,,446.4989844,518.5568912,605.0880959,710.8784584,836.9835585,981.1435898,1141.889019,1317.762545,1510.053066,1718.694726,1944.854118,2188.352492,2450.855066,2733.453171,3038.197755,3368.97433
OECD ENV-Growth 2025,SSP4,1,Peru,billion USD_2015/yr,GDP|PPP,ANNUAL,,,,,,,,,,449.1026071,521.5806976,608.6164827,715.0237294,841.8641729,986.8648294,1148.547597,1325.446676,1518.85848,1728.71677,1956.194942,2201.113202,2465.14648,2749.39247,3055.914079,3388.619476
OECD ENV-Growth 2025,SSP4,1,Peru,billion USD_2017/yr,GDP|PPP,ANNUAL,,,,,,,,,,474.594,551.186,643.162,755.609,889.649,1042.88,1213.74,1400.68,1605.07,1826.84,2067.23,2326.05,2605.07,2905.45,3229.37,3580.96
OECD ENV-Growth 2025,SSP4,1,Philippines,billion USD_2010/yr,GDP|PPP,ANNUAL,,,,,,,,,,1115.545844,1516.287812,1949.878262,2360.175287,2760.546462,3178.135756,3623.211289,4094.945909,4596.638724,5119.809028,5664.884657,6237.89338,6847.458517,7498.619054,8198.106316,8946.842531
OECD ENV-Growth 2025,SSP4,1,Philippines,billion USD_2015/yr,GDP|PPP,ANNUAL,,,,,,,,,,1155.109358,1570.063885,2019.031884,2443.880345,2858.450927,3290.85028,3751.710689,4240.175665,4759.661323,5301.38618,5865.793249,6459.124076,7090.307813,7764.562156,8488.85716,9264.147762
OECD ENV-Growth 2025,SSP4,1,Philippines,billion USD_2017/yr,GDP|PPP,ANNUAL,,,,,,,,,,1173.33,1594.83,2050.88,2482.43,2903.54,3342.76,3810.89,4307.06,4834.74,5385.01,5958.32,6561.01,7202.15,7887.04,8622.76,9410.28
OECD ENV-Growth 2025,SSP4,1,Poland,billion USD_2010/yr,GDP|PPP,ANNUAL,,,,,,,,,,1298.510059,1529.777556,1728.69742,1894.502199,1992.039092,2044.014074,2065.661495,2073.556541,2071.148331,2052.694213,2016.535787,1966.404452,1909.568945,1852.257089,1796.956485,1741.488276
OECD ENV-Growth 2025,SSP4,1,Poland,billion USD_2015/yr,GDP|PPP,ANNUAL,,,,,,,,,,1427.73575,1682.018628,1900.734686,2083.040097,2190.28371,2247.43116,2271.232899,2279.913647,2277.265776,2256.975134,2217.218277,2162.097951,2099.606263,2036.59082,1975.786786,1914.798468
OECD ENV-Growth 2025,SSP4,1,Poland,billion USD_2017/yr,GDP|PPP,ANNUAL,,,,,,,,,,1472.02,1734.19,1959.69,2147.65,2258.22,2317.14,2341.68,2350.63,2347.9,2326.98,2285.99,2229.16,2164.73,2099.76,2037.07,1974.19
OECD ENV-Growth 2025,SSP4,1,Portugal,billion USD_2010/yr,GDP|PPP,ANNUAL,,,,,,,,,,336.7461899,372.3095243,409.1288018,448.0064541,483.9221384,514.8680604,541.0671179,563.3920411,581.9628521,595.4541664,604.2997775,609.21553,611.0578655,609.6981893,604.4395172,594.733178
OECD ENV-Growth 2025,SSP4,1,Portugal,billion USD_2015/yr,GDP|PPP,ANNUAL,,,,,,,,,,374.3963669,413.9358883,454.8717745,498.0961739,538.02744,572.4332955,601.5615595,626.3825387,647.029674,662.0293955,671.8639972,677.3293593,679.3776787,677.8659828,672.0193607,661.2277964
OECD ENV-Growth 2025,SSP4,1,Portugal,billion USD_2017/yr,GDP|PPP,ANNUAL,,,,,,,,,,392.799,434.282,477.23,522.579,564.473,600.57,631.13,657.171,678.833,694.57,704.888,710.622,712.771,711.185,705.051,693.729
OECD ENV-Growth 2025,SSP4,1,Puerto Rico,billion USD_2010/yr,GDP|PPP,ANNUAL,,,,,,,,,,100.9583973,105.8442675,110.4394238,114.0255213,116.8435713,118.9292096,120.9970299,123.2899191,126.1726763,129.489629,133.1310559,137.0697613,141.4445376,146.3144655,151.6842339,157.5725985
OECD ENV-Growth 2025,SSP4,1,Puerto Rico,billion USD_2015/yr,GDP|PPP,ANNUAL,,,,,,,,,,106.6915099,111.8548335,116.7109344,120.5006752,123.4787534,125.6828286,127.868074,130.2911692,133.3376293,136.8429413,140.6911535,144.8535257,149.4767319,154.6232079,160.2979086,166.5206551
OECD ENV-Growth 2025,SSP4,1,Puerto Rico,billion USD_2017/yr,GDP|PPP,ANNUAL,,,,,,,,,,107.656,112.866,117.766,121.59,124.595,126.819,129.024,131.469,134.543,138.08,141.963,146.163,150.828,156.021,161.747,168.026
OECD ENV-Growth 2025,SSP4,1,Qatar,billion USD_2010/yr,GDP|PPP,ANNUAL,,,,,,,,,,391.115787,468.5469394,530.1379927,578.2600047,620.8288943,664.5241053,709.5714528,759.8511,811.3190301,854.371219,888.0644758,916.8737939,945.1626359,975.8500742,1008.514771,1039.875524
OECD ENV-Growth 2025,SSP4,1,Qatar,billion USD_2015/yr,GDP|PPP,ANNUAL,,,,,,,,,,275.2045157,329.6881328,373.0260306,406.8865789,436.839731,467.5854073,499.2825002,534.6612459,570.8761143,601.1693349,624.8772412,645.1486153,665.0537618,686.6466555,709.6308264,731.6974906
OECD ENV-Growth 2025,SSP4,1,Qatar,billion USD_2017/yr,GDP|PPP,ANNUAL,,,,,,,,,,284.051,340.286,385.017,419.966,450.882,482.616,515.332,551.848,589.227,620.494,644.964,665.887,686.432,708.719,732.442,755.218
OECD ENV-Growth 2025,SSP4,1,Romania,billion USD_2010/yr,GDP|PPP,ANNUAL,,,,,,,,,,569.9201226,646.9781499,720.3669903,783.4521823,831.608136,862.769021,882.8407319,895.7713005,903.7795816,905.1397992,901.9857946,894.9126631,885.1020937,873.3447128,859.9635722,843.5312934
OECD ENV-Growth 2025,SSP4,1,Romania,billion USD_2015/yr,GDP|PPP,ANNUAL,,,,,,,,,,605.7254923,687.6247088,765.6242208,832.6727553,883.8541185,916.9726936,938.3054146,952.0483493,960.5597526,962.0054262,958.6532705,951.1357678,940.708847,928.2128058,913.9909918,896.5263511
OECD ENV-Growth 2025,SSP4,1,Romania,billion USD_2017/yr,GDP|PPP,ANNUAL,,,,,,,,,,670.387,761.029,847.355,921.561,978.206,1014.86,1038.47,1053.68,1063.1,1064.7,1060.99,1052.67,1041.13,1027.3,1011.56,992.231
OECD ENV-Growth 2025,SSP4,1,Russian Federation,billion USD_2010/yr,GDP|PPP,ANNUAL,,,,,,,,,,3816.856907,4108.994652,4535.375446,4970.881246,5395.326988,5790.444321,6190.431379,6631.292961,7069.632557,7497.223904,7893.166614,8256.075886,8597.938034,8930.033216,9246.244469,9520.361475
OECD ENV-Growth 2025,SSP4,1,Russian Federation,billion USD_2015/yr,GDP|PPP,ANNUAL,,,,,,,,,,3930.240638,4231.056641,4670.103523,5118.546479,5555.600826,5962.455533,6374.324626,6828.282463,7279.643395,7719.936791,8127.641394,8501.331266,8853.348787,9195.309205,9520.913844,9803.173782
OECD ENV-Growth 2025,SSP4,1,Russian Federation,billion USD_2017/yr,GDP|PPP,ANNUAL,,,,,,,,,,4161.94,4480.49,4945.42,5420.3,5883.12,6313.96,6750.11,7230.83,7708.8,8175.05,8606.79,9002.51,9375.28,9737.4,10082.2,10381.1
OECD ENV-Growth 2025,SSP4,1,Rwanda,billion USD_2010/yr,GDP|PPP,ANNUAL,,,,,,,,,,35.46783877,49.99535792,66.74030548,84.50113779,102.7312671,122.1255934,143.2099263,165.7746943,189.553007,214.1597544,239.804508,265.7806354,291.8006475,317.6478078,343.2056877,368.9417929
OECD ENV-Growth 2025,SSP4,1,Rwanda,billion USD_2015/yr,GDP|PPP,ANNUAL,,,,,,,,,,37.83145051,53.32709785,71.18794522,90.13237691,109.57738,130.2641633,152.753577,176.8220833,202.1850063,228.4315715,255.7853168,283.4925189,311.2465302,338.8161708,366.077253,393.5284377
OECD ENV-Growth 2025,SSP4,1,Rwanda,billion USD_2017/yr,GDP|PPP,ANNUAL,,,,,,,,,,39.6021,55.823,74.5198,94.3509,114.706,136.361,159.903,185.098,211.648,239.123,267.757,296.761,325.814,354.674,383.211,411.947
OECD ENV-Growth 2025,SSP4,1,Saint Lucia,billion USD_2010/yr,GDP|PPP,ANNUAL,,,,,,,,,,2.614491069,2.818348727,3.072397637,3.439013546,3.920996673,4.493419759,5.147518829,5.883488836,6.715747358,7.634617693,8.637733833,9.717820528,10.87973385,12.14000927,13.51867366,15.03167764
OECD ENV-Growth 2025,SSP4,1,Saint Lucia,billion USD_2015/yr,GDP|PPP,ANNUAL,,,,,,,,,,2.841705094,3.063279132,3.339406325,3.737883226,4.261753406,4.883923287,5.594867257,6.39479721,7.299383693,8.298109044,9.388401636,10.56235396,11.82524411,13.19504457,14.69352267,16.33801523
OECD ENV-Growth 2025,SSP4,1,Saint Lucia,billion USD_2017/yr,GDP|PPP,ANNUAL,,,,,,,,,,2.95041,3.18046,3.46715,3.88087,4.42478,5.07075,5.80889,6.63942,7.57861,8.61554,9.74754,10.9664,12.2776,13.6998,15.2556,16.963
OECD ENV-Growth 2025,SSP4,1,Saint Vincent and the Grenadines,billion USD_2010/yr,GDP|PPP,ANNUAL,,,,,,,,,,1.617913096,1.846318317,2.095266808,2.386035198,2.717780123,3.08020703,3.480997874,3.920225991,4.401274008,4.923234391,5.488307221,6.09747337,6.761934922,7.490574712,8.290983023,9.173610247
OECD ENV-Growth 2025,SSP4,1,Saint Vincent and the Grenadines,billion USD_2015/yr,GDP|PPP,ANNUAL,,,,,,,,,,1.723358839,1.966650124,2.231823564,2.541542471,2.894908514,3.280956205,3.70786816,4.175722497,4.6881223,5.244100888,5.846001731,6.494869627,7.202636745,7.978764849,8.831338909,9.771490411
OECD ENV-Growth 2025,SSP4,1,Saint Vincent and the Grenadines,billion USD_2017/yr,GDP|PPP,ANNUAL,,,,,,,,,,1.76493,2.01409,2.28566,2.60285,2.96474,3.3601,3.79731,4.27645,4.80121,5.3706,5.98702,6.65154,7.37638,8.17123,9.04437,10.0072
OECD ENV-Growth 2025,SSP4,1,Samoa,billion USD_2010/yr,GDP|PPP,ANNUAL,,,,,,,,,,1.033999563,1.174442489,1.360923796,1.58815469,1.847466183,2.162082597,2.550786735,3.020026824,3.600313772,4.304829431,5.152561735,6.164077229,7.362609154,8.776189014,10.44461209,12.417074
OECD ENV-Growth 2025,SSP4,1,Samoa,billion USD_2015/yr,GDP|PPP,ANNUAL,,,,,,,,,,1.126317081,1.279299028,1.482429754,1.729948269,2.012411604,2.355117591,2.778526,3.289660769,3.921756878,4.689173083,5.612592598,6.714418189,8.019957405,9.55974446,11.37712764,13.52569483
OECD ENV-Growth 2025,SSP4,1,Samoa,billion USD_2017/yr,GDP|PPP,ANNUAL,,,,,,,,,,1.15936,1.31683,1.52592,1.7807,2.07145,2.42421,2.86004,3.38617,4.03681,4.82674,5.77725,6.9114,8.25524,9.8402,11.7109,13.9225
OECD ENV-Growth 2025,SSP4,1,Sao Tome and Principe,billion USD_2010/yr,GDP|PPP,ANNUAL,,,,,,,,,,0.790968488,0.952014159,1.155667869,1.39887005,1.687431974,2.035526773,2.456326786,2.955102854,3.541433996,4.218646656,5.005527143,5.906955515,6.925591021,8.076083361,9.382194216,10.87547239
OECD ENV-Growth 2025,SSP4,1,Sao Tome and Principe,billion USD_2015/yr,GDP|PPP,ANNUAL,,,,,,,,,,0.815104937,0.981064926,1.19093314,1.441556651,1.738924058,2.09764099,2.531281739,3.045277988,3.649501059,4.347378901,5.158271092,6.087206603,7.13692583,8.322525511,9.668492414,11.20733805
OECD ENV-Growth 2025,SSP4,1,Sao Tome and Principe,billion USD_2017/yr,GDP|PPP,ANNUAL,,,,,,,,,,0.829859,0.998823,1.21249,1.46765,1.7704,2.13561,2.5771,3.1004,3.71556,4.42607,5.25164,6.19739,7.26611,8.47317,9.8435,11.4102
OECD ENV-Growth 2025,SSP4,1,Saudi Arabia,billion USD_2010/yr,GDP|PPP,ANNUAL,,,,,,,,,,2279.351471,2834.135963,3383.933732,3901.399366,4354.02596,4728.810754,5049.265909,5318.618813,5559.472833,5786.83474,6011.178981,6244.506313,6487.271133,6735.080931,6981.550839,7222.369905
OECD ENV-Growth 2025,SSP4,1,Saudi Arabia,billion USD_2015/yr,GDP|PPP,ANNUAL,,,,,,,,,,1941.862795,2414.503973,2882.89678,3323.744659,3709.353792,4028.64665,4301.654105,4531.125685,4736.318024,4930.015939,5121.142995,5319.923073,5526.743293,5737.861514,5947.838233,6153.000794
OECD ENV-Growth 2025,SSP4,1,Saudi Arabia,billion USD_2017/yr,GDP|PPP,ANNUAL,,,,,,,,,,1956.32,2432.48,2904.36,3348.49,3736.97,4058.64,4333.68,4564.86,4771.58,4966.72,5159.27,5359.53,5567.89,5780.58,5992.12,6198.81
OECD ENV-Growth 2025,SSP4,1,Senegal,billion USD_2010/yr,GDP|PPP,ANNUAL,,,,,,,,,,72.96252736,96.11894702,128.7874754,164.8403802,205.7886793,254.5472239,313.7197452,385.1777047,470.9234621,571.3762701,689.9138655,828.6837337,990.404379,1178.299875,1394.784247,1642.760013
OECD ENV-Growth 2025,SSP4,1,Senegal,billion USD_2015/yr,GDP|PPP,ANNUAL,,,,,,,,,,77.0481969,101.5013024,135.9991645,174.0709174,217.3121911,268.8010591,331.2870534,406.7464315,497.2936786,603.3715244,728.5468482,875.0873879,1045.863875,1244.280922,1472.887729,1734.74935
OECD ENV-Growth 2025,SSP4,1,Senegal,billion USD_2017/yr,GDP|PPP,ANNUAL,,,,,,,,,,76.9212,101.334,135.775,173.784,216.954,268.358,330.741,406.076,496.474,602.377,727.346,873.645,1044.14,1242.23,1470.46,1731.89
OECD ENV-Growth 2025,SSP4,1,Serbia,billion USD_2010/yr,GDP|PPP,ANNUAL,,,,,,,,,,137.1869663,166.7532006,196.4051079,223.2343124,247.3652655,268.3714053,286.8785964,303.7841516,319.4497016,333.5190266,345.8523443,356.7508632,366.2470488,374.7241756,382.2291383,388.5274632
OECD ENV-Growth 2025,SSP4,1,Serbia,billion USD_2015/yr,GDP|PPP,ANNUAL,,,,,,,,,,145.7246614,177.130921,208.6281855,237.127079,262.7597981,285.0732342,304.7322021,322.6898578,339.3303377,354.2752533,367.3761228,378.9529002,389.0400716,398.044764,406.0167906,412.7070855
OECD ENV-Growth 2025,SSP4,1,Serbia,billion USD_2017/yr,GDP|PPP,ANNUAL,,,,,,,,,,152.122,184.907,217.787,247.537,274.295,297.588,318.11,336.856,354.227,369.828,383.504,395.589,406.119,415.519,423.841,430.825
OECD ENV-Growth 2025,SSP4,1,Seychelles,billion USD_2010/yr,GDP|PPP,ANNUAL,,,,,,,,,,3.507013198,4.208343411,4.953443629,5.707568492,6.470632231,7.24155799,8.027902836,8.820222816,9.648269717,10.50851754,11.40907608,12.3579503,13.36428873,14.42427949,15.53496836,16.69359171
OECD ENV-Growth 2025,SSP4,1,Seychelles,billion USD_2015/yr,GDP|PPP,ANNUAL,,,,,,,,,,3.601160684,4.321318451,5.086421249,5.860790963,6.644339522,7.435961161,8.243415819,9.057006017,9.907282242,10.79062384,11.71535832,12.68970553,13.72305961,14.81150634,15.95201219,17.14173936
OECD ENV-Growth 2025,SSP4,1,Seychelles,billion USD_2017/yr,GDP|PPP,ANNUAL,,,,,,,,,,3.68008,4.41602,5.19789,5.98923,6.78995,7.59892,8.42407,9.25549,10.1244,11.0271,11.9721,12.9678,14.0238,15.1361,16.3016,17.5174
OECD ENV-Growth 2025,SSP4,1,Sierra Leone,billion USD_2010/yr,GDP|PPP,ANNUAL,,,,,,,,,,12.90923097,16.26174165,20.8893098,26.72224604,33.30740812,40.61462957,48.60495208,57.02389653,65.69772341,74.39461877,82.9900451,91.25113988,99.0411861,106.3134015,113.1653836,119.6923099
OECD ENV-Growth 2025,SSP4,1,Sierra Leone,billion USD_2015/yr,GDP|PPP,ANNUAL,,,,,,,,,,16.55859066,20.85883535,26.79458837,34.27645958,42.72320621,52.09613393,62.34527116,73.14419908,84.27006313,95.42551697,106.4508171,117.0472723,127.0395163,136.367542,145.156537,153.5285849
OECD ENV-Growth 2025,SSP4,1,Sierra Leone,billion USD_2017/yr,GDP|PPP,ANNUAL,,,,,,,,,,16.0047,20.1611,25.8983,33.1299,41.2941,50.3535,60.2598,70.6975,81.4512,92.2335,102.89,113.132,122.79,131.806,140.301,148.393
OECD ENV-Growth 2025,SSP4,1,Singapore,billion USD_2010/yr,GDP|PPP,ANNUAL,,,,,,,,,,621.1679561,705.3535265,780.9555042,826.32923,846.6669143,847.3826156,841.3300205,831.363253,817.8237664,799.0476998,774.2132507,743.7660445,708.5404228,669.5385605,627.7597386,584.1164281
OECD ENV-Growth 2025,SSP4,1,Singapore,billion USD_2015/yr,GDP|PPP,ANNUAL,,,,,,,,,,627.3187332,712.3379054,788.6884904,834.5115048,855.050572,855.7733602,849.6608325,839.5953745,825.9218205,806.9598342,781.8794755,751.1307824,715.5563582,676.1683012,633.9757873,589.9003226
OECD ENV-Growth 2025,SSP4,1,Singapore,billion USD_2017/yr,GDP|PPP,ANNUAL,,,,,,,,,,643.993,731.272,809.652,856.693,877.778,878.52,872.245,861.912,847.875,828.409,802.662,771.096,734.576,694.141,650.827,605.58
OECD ENV-Growth 2025,SSP4,1,Slovakia,billion USD_2010/yr,GDP|PPP,ANNUAL,,,,,,,,,,188.1487992,208.9406875,230.7117638,251.39166,267.7246749,280.7524346,291.2261786,299.514589,306.1360012,310.7494832,312.5582061,311.9665307,309.5086498,305.8238107,301.3163743,295.9139917
OECD ENV-Growth 2025,SSP4,1,Slovakia,billion USD_2015/yr,GDP|PPP,ANNUAL,,,,,,,,,,198.0724101,219.9609336,242.880291,264.6509155,281.8453894,295.5602778,306.5864428,315.3120123,322.2826604,327.1394733,329.0435943,328.420712,325.8331941,321.9540039,317.2088299,311.5215073
OECD ENV-Growth 2025,SSP4,1,Slovakia,billion USD_2017/yr,GDP|PPP,ANNUAL,,,,,,,,,,189.842,210.821,232.788,253.654,270.134,283.279,293.847,302.21,308.891,313.546,315.371,314.774,312.294,308.576,304.028,298.577
OECD ENV-Growth 2025,SSP4,1,Slovenia,billion USD_2010/yr,GDP|PPP,ANNUAL,,,,,,,,,,76.55180485,86.38099849,94.44315827,100.6005358,104.5252382,107.4337231,109.6488772,111.5870328,112.9186282,113.566905,113.446761,112.6015817,111.1782096,109.302629,106.9998699,104.173984
OECD ENV-Growth 2025,SSP4,1,Slovenia,billion USD_2015/yr,GDP|PPP,ANNUAL,,,,,,,,,,85.85785334,96.88193655,105.9241758,112.8300772,117.2318875,120.4939434,122.9783835,125.1521517,126.6456231,127.3727078,127.2379585,126.2900346,124.6936298,122.5900436,120.0073487,116.837933
OECD ENV-Growth 2025,SSP4,1,Slovenia,billion USD_2017/yr,GDP|PPP,ANNUAL,,,,,,,,,,91.7521,103.533,113.196,120.576,125.28,128.766,131.421,133.744,135.34,136.117,135.973,134.96,133.254,131.006,128.246,124.859
OECD ENV-Growth 2025,SSP4,1,Solomon Islands,billion USD_2010/yr,GDP|PPP,ANNUAL,,,,,,,,,,1.372332983,1.611006963,2.032625348,2.638375392,3.429560399,4.492109071,5.929428648,7.83526765,10.34233084,13.58907181,17.74624997,22.98829363,29.48231117,37.44075877,47.0717185,58.65281166
OECD ENV-Growth 2025,SSP4,1,Solomon Islands,billion USD_2015/yr,GDP|PPP,ANNUAL,,,,,,,,,,1.493809725,1.753610748,2.212550124,2.871920203,3.733139653,4.88974345,6.45429228,8.528833131,11.25781759,14.79195492,19.31711991,25.02318097,32.09203866,40.75495543,51.23843246,63.84466565
OECD ENV-Growth 2025,SSP4,1,Solomon Islands,billion USD_2017/yr,GDP|PPP,ANNUAL,,,,,,,,,,1.53733,1.8047,2.27701,2.95559,3.8419,5.0322,6.64233,8.77731,11.5858,15.2229,19.8799,25.7522,33.027,41.9423,52.7312,65.7047
OECD ENV-Growth 2025,SSP4,1,Somalia,billion USD_2017/yr,GDP|PPP,ANNUAL,,,,,,,,,,28.2333,35.2392,46.6925,63.7545,87.5762,119.594,161.323,214.155,280.391,362.47,463.677,586.723,734.992,912.857,1125.84,1379.8
OECD ENV-Growth 2025,SSP4,1,South Africa,billion USD_2010/yr,GDP|PPP,ANNUAL,,,,,,,,,,788.4155352,852.2572913,967.6300634,1130.344615,1335.235993,1573.277142,1844.37324,2146.220112,2475.773973,2831.621975,3214.048583,3624.523539,4064.279528,4532.387296,5024.134188,5538.543538
OECD ENV-Growth 2025,SSP4,1,South Africa,billion USD_2015/yr,GDP|PPP,ANNUAL,,,,,,,,,,813.1800079,879.0270612,998.0237419,1165.849228,1377.176333,1622.694457,1902.3058,2213.633814,2553.539104,2920.564445,3315.003238,3738.37139,4191.940305,4674.75154,5181.944414,5712.511584
OECD ENV-Growth 2025,SSP4,1,South Africa,billion USD_2017/yr,GDP|PPP,ANNUAL,,,,,,,,,,831.469,898.797,1020.47,1192.07,1408.15,1659.19,1945.09,2263.42,2610.97,2986.25,3389.56,3822.45,4286.22,4779.89,5298.49,5840.99
OECD ENV-Growth 2025,SSP4,1,South Korea,billion USD_2010/yr,GDP|PPP,ANNUAL,,,,,,,,,,2297.610442,2527.820852,2719.230719,2876.59207,2995.374331,3058.950014,3066.174943,3029.515119,2968.919833,2885.404084,2781.385408,2658.939933,2522.995006,2377.093887,2224.521474,2070.61111
OECD ENV-Growth 2025,SSP4,1,South Korea,billion USD_2015/yr,GDP|PPP,ANNUAL,,,,,,,,,,2430.625354,2674.163271,2876.654375,3043.125803,3168.784691,3236.040944,3243.684143,3204.901982,3140.798671,3052.447968,2942.407368,2812.873192,2669.058043,2514.710312,2353.305067,2190.484415
OECD ENV-Growth 2025,SSP4,1,South Korea,billion USD_2017/yr,GDP|PPP,ANNUAL,,,,,,,,,,2490.03,2739.52,2946.96,3117.5,3246.23,3315.13,3322.96,3283.23,3217.56,3127.05,3014.32,2881.62,2734.29,2576.17,2410.82,2244.02
OECD ENV-Growth 2025,SSP4,1,South Sudan,billion USD_2010/yr,GDP|PPP,ANNUAL,,,,,,,,,,219.3635388,282.5897734,341.1945644,389.2361537,432.9146815,481.8087601,537.7116631,593.614566,649.5345804,707.5456063,771.1007217,838.3450523,907.2936771,976.1225222,1045.632401,1121.114153
OECD ENV-Growth 2025,SSP4,1,South Sudan,billion USD_2015/yr,GDP|PPP,ANNUAL,,,,,,,,,,15.1911996,19.56969548,23.62815061,26.95509079,29.9798835,33.36585964,37.23720564,41.10855163,44.98108261,48.99841876,53.39969005,58.0564441,62.83122266,67.59770632,72.41135239,77.63855822
OECD ENV-Growth 2025,SSP4,1,South Sudan,billion USD_2017/yr,GDP|PPP,ANNUAL,,,,,,,,,,6.40987,8.25736,9.96981,11.3736,12.6499,14.0786,15.7121,17.3456,18.9796,20.6747,22.5318,24.4967,26.5114,28.5226,30.5537,32.7593
OECD ENV-Growth 2025,SSP4,1,Spain,billion USD_2010/yr,GDP|PPP,ANNUAL,,,,,,,,,,1728.124008,1851.915564,2029.291834,2243.690115,2472.987189,2693.574199,2902.471389,3098.965652,3270.289023,3401.534219,3496.19885,3561.906341,3604.658657,3625.084009,3619.039599,3580.464038
OECD ENV-Growth 2025,SSP4,1,Spain,billion USD_2015/yr,GDP|PPP,ANNUAL,,,,,,,,,,1900.915238,2037.084433,2232.196157,2468.03164,2720.255612,2962.898621,3192.68297,3408.824253,3597.277862,3741.64597,3845.775904,3918.05334,3965.080364,3987.548001,3980.899224,3938.466579
OECD ENV-Growth 2025,SSP4,1,Spain,billion USD_2017/yr,GDP|PPP,ANNUAL,,,,,,,,,,2035.64,2181.46,2390.4,2642.95,2913.05,3172.89,3418.96,3650.42,3852.23,4006.83,4118.34,4195.74,4246.1,4270.16,4263.04,4217.6
OECD ENV-Growth 2025,SSP4,1,Sri Lanka,billion USD_2010/yr,GDP|PPP,ANNUAL,,,,,,,,,,245.723655,287.5538715,329.2870405,366.9702688,400.5047117,434.6753556,472.4466456,513.4330871,557.5789674,605.1700381,657.3160563,714.8796677,778.4197944,847.5248829,922.5633545,1004.999909
OECD ENV-Growth 2025,SSP4,1,Sri Lanka,billion USD_2015/yr,GDP|PPP,ANNUAL,,,,,,,,,,268.7759115,314.5303773,360.1786912,401.3971243,438.0775589,475.4538789,516.7686351,561.6001682,609.8875389,661.9433062,718.9813377,781.9452071,851.4462711,927.0343668,1009.112479,1099.282715
OECD ENV-Growth 2025,SSP4,1,Sri Lanka,billion USD_2017/yr,GDP|PPP,ANNUAL,,,,,,,,,,273.455,320.006,366.449,408.385,445.704,483.731,525.765,571.377,620.505,673.467,731.498,795.558,866.269,943.173,1026.68,1118.42
OECD ENV-Growth 2025,SSP4,1,Sudan,billion USD_2010/yr,GDP|PPP,ANNUAL,,,,,,,,,,128.7257093,160.3799344,189.2813227,211.1578792,225.8354274,237.7329504,248.7561927,259.9340697,271.2657317,281.7672945,291.1430829,299.0116082,305.3303883,310.0289031,313.2549899,314.8557136
OECD ENV-Growth 2025,SSP4,1,Sudan,billion USD_2015/yr,GDP|PPP,ANNUAL,,,,,,,,,,142.1124765,177.0585672,208.9655412,233.1171395,249.3210722,262.4558722,274.6254712,286.9657861,299.4758787,311.0695464,321.4203653,330.1071741,337.0830726,342.2702071,345.8317893,347.5989794
OECD ENV-Growth 2025,SSP4,1,Sudan,billion USD_2017/yr,GDP|PPP,ANNUAL,,,,,,,,,,151.506,188.762,222.778,248.526,265.801,279.804,292.778,305.934,319.271,331.631,342.666,351.927,359.364,364.894,368.691,370.575
OECD ENV-Growth 2025,SSP4,1,Suriname,billion USD_2010/yr,GDP|PPP,ANNUAL,,,,,,,,,,7.626111536,8.855777347,10.32295024,12.18093807,14.44005788,17.02963035,19.90923432,23.06955368,26.48625873,30.13432684,34.05032955,38.22502773,42.6802873,47.45745336,52.5997188,58.17807089
OECD ENV-Growth 2025,SSP4,1,Suriname,billion USD_2015/yr,GDP|PPP,ANNUAL,,,,,,,,,,8.824653736,10.24757746,11.94533557,14.09533026,16.7095,19.70605732,23.03822836,26.69523283,30.64891733,34.8703266,39.40177985,44.23258592,49.38804724,54.91600682,60.86644587,67.32150825
OECD ENV-Growth 2025,SSP4,1,Suriname,billion USD_2017/yr,GDP|PPP,ANNUAL,,,,,,,,,,9.90498,11.5021,13.4077,15.8209,18.7551,22.1185,25.8586,29.9633,34.401,39.1392,44.2254,49.6476,55.4342,61.6389,68.3178,75.5631
OECD ENV-Growth 2025,SSP4,1,Sweden,billion USD_2010/yr,GDP|PPP,ANNUAL,,,,,,,,,,527.2945207,599.5266953,664.0952834,722.9183916,775.2552948,819.4106345,858.5992277,896.8517496,934.1178168,967.3266912,994.6574976,1015.394261,1028.77681,1035.017285,1035.326657,1030.244117
OECD ENV-Growth 2025,SSP4,1,Sweden,billion USD_2015/yr,GDP|PPP,ANNUAL,,,,,,,,,,575.2140627,654.0105625,724.4470234,788.6158659,845.7090492,893.8771437,936.6271231,978.3559629,1019.008701,1055.235536,1085.050115,1107.671396,1122.270126,1129.077724,1129.415211,1123.870779
OECD ENV-Growth 2025,SSP4,1,Sweden,billion USD_2017/yr,GDP|PPP,ANNUAL,,,,,,,,,,596.541,678.259,751.307,817.855,877.065,927.019,971.354,1014.63,1056.79,1094.36,1125.28,1148.74,1163.88,1170.94,1171.29,1165.54
OECD ENV-Growth 2025,SSP4,1,Switzerland,billion USD_2010/yr,GDP|PPP,ANNUAL,,,,,,,,,,545.7690022,576.6261877,609.080916,638.0477454,664.2524525,686.9041911,707.0073692,726.9628894,747.0819178,765.6985052,781.4712162,792.8992782,799.1693208,800.3247238,796.6975092,788.4294953
OECD ENV-Growth 2025,SSP4,1,Switzerland,billion USD_2015/yr,GDP|PPP,ANNUAL,,,,,,,,,,634.9963781,670.8983823,708.6591105,742.3617057,772.8506013,799.205656,822.5954881,845.8135217,869.2217954,890.8819951,909.2333751,922.5298026,929.8249299,931.1692289,926.9490036,917.3292581
OECD ENV-Growth 2025,SSP4,1,Switzerland,billion USD_2017/yr,GDP|PPP,ANNUAL,,,,,,,,,,654.222,691.211,730.115,764.838,796.25,823.403,847.501,871.422,895.539,917.855,936.762,950.461,957.977,959.362,955.014,945.103
OECD ENV-Growth 2025,SSP4,1,Taiwan,billion USD_2010/yr,GDP|PPP,ANNUAL,,,,,,,,,,1380.545214,1547.917628,1648.013174,1647.946836,1581.541847,1483.644953,1376.39431,1271.939367,1175.890479,1087.356812,1006.23412,933.0559553,868.4591687,812.2257905,763.6488402,721.7228134
OECD ENV-Growth 2025,SSP4,1,Taiwan,billion USD_2015/yr,GDP|PPP,ANNUAL,,,,,,,,,,1482.129521,1661.817657,1769.278508,1769.207288,1697.916038,1592.815622,1477.673182,1365.532158,1262.415729,1167.367512,1080.275589,1001.712774,932.3627787,871.9915942,819.8402185,774.8291595
OECD ENV-Growth 2025,SSP4,1,Taiwan,billion USD_2017/yr,GDP|PPP,ANNUAL,,,,,,,,,,1456.74,1633.35,1738.97,1738.9,1668.83,1565.53,1452.36,1342.14,1240.79,1147.37,1061.77,984.553,916.391,857.054,805.796,761.556
OECD ENV-Growth 2025,SSP4,1,Tajikistan,billion USD_2010/yr,GDP|PPP,ANNUAL,,,,,,,,,,46.72962455,58.37871006,72.17315746,87.58440921,104.0780706,122.7940474,144.7185331,169.9955115,198.695029,230.8248685,266.7012111,306.7939506,351.6284341,401.7922721,457.6298588,519.6908629
OECD ENV-Growth 2025,SSP4,1,Tajikistan,billion USD_2015/yr,GDP|PPP,ANNUAL,,,,,,,,,,48.22614069,60.24828815,74.48450271,90.38929977,107.4111706,126.7265266,149.3531439,175.4396175,205.058237,238.2170345,275.2423169,316.6190264,362.8893342,414.659669,472.2854543,536.3339619
OECD ENV-Growth 2025,SSP4,1,Tajikistan,billion USD_2017/yr,GDP|PPP,ANNUAL,,,,,,,,,,48.033,60.007,74.1862,90.0273,106.981,126.219,148.755,174.737,204.237,237.263,274.14,315.351,361.436,412.999,470.394,534.186
OECD ENV-Growth 2025,SSP4,1,Tanzania,billion USD_2010/yr,GDP|PPP,ANNUAL,,,,,,,,,,217.7309221,305.4364243,413.5513111,532.2241017,664.1142698,818.3710292,1003.842325,1226.516128,1493.4816,1808.805866,2182.18146,2618.896166,3124.892245,3710.589433,4381.171626,5135.132482
OECD ENV-Growth 2025,SSP4,1,Tanzania,billion USD_2015/yr,GDP|PPP,ANNUAL,,,,,,,,,,209.2302829,293.5115916,397.4054627,511.4450365,638.1859557,786.4202308,964.6503659,1178.630551,1435.173171,1738.186563,2096.984847,2516.64936,3002.890367,3565.720796,4210.122155,4934.646912
OECD ENV-Growth 2025,SSP4,1,Tanzania,billion USD_2017/yr,GDP|PPP,ANNUAL,,,,,,,,,,209.587,294.012,398.083,512.317,639.274,787.761,966.295,1180.64,1437.62,1741.15,2100.56,2520.94,3008.01,3571.8,4217.3,4943.06
OECD ENV-Growth 2025,SSP4,1,Thailand,billion USD_2010/yr,GDP|PPP,ANNUAL,,,,,,,,,,1257.373233,1459.464004,1666.705803,1867.935014,2063.224962,2249.358545,2420.3965,2582.388078,2737.670487,2881.743453,3022.021889,3159.743143,3299.480814,3443.764587,3595.380784,3756.959913
OECD ENV-Growth 2025,SSP4,1,Thailand,billion USD_2015/yr,GDP|PPP,ANNUAL,,,,,,,,,,1332.860651,1547.084105,1766.767833,1980.078002,2187.09234,2384.400603,2565.70696,2737.423833,2902.028747,3054.75125,3203.451416,3349.440876,3497.567811,3650.513777,3811.232375,3982.512037
OECD ENV-Growth 2025,SSP4,1,Thailand,billion USD_2017/yr,GDP|PPP,ANNUAL,,,,,,,,,,1371.85,1592.34,1818.45,2038,2251.07,2454.15,2640.76,2817.5,2986.92,3144.11,3297.16,3447.42,3599.88,3757.3,3922.72,4099.01
OECD ENV-Growth 2025,SSP4,1,Timor-Leste,billion USD_2010/yr,GDP|PPP,ANNUAL,,,,,,,,,,2.802240097,3.285214684,3.990596615,4.875764182,5.945219395,7.300893928,9.022778856,11.16277459,13.83617814,17.15527179,21.23160088,26.16491978,32.05679169,39.09165165,47.45326475,57.3170218
OECD ENV-Growth 2025,SSP4,1,Timor-Leste,billion USD_2015/yr,GDP|PPP,ANNUAL,,,,,,,,,,3.739971722,4.384567201,5.325995625,6.507372508,7.934706396,9.744039016,12.04212937,14.89824564,18.46626741,22.89605072,28.33646803,34.92065516,42.78416206,52.17314245,63.33285592,76.49738542
OECD ENV-Growth 2025,SSP4,1,Timor-Leste,billion USD_2017/yr,GDP|PPP,ANNUAL,,,,,,,,,,4.18281,4.90373,5.95663,7.27789,8.87423,10.8978,13.468,16.6623,20.6528,25.6071,31.6917,39.0555,47.8501,58.3508,70.8319,85.5552
OECD ENV-Growth 2025,SSP4,1,Togo,billion USD_2010/yr,GDP|PPP,ANNUAL,,,,,,,,,,22.17891806,29.29698713,38.58622577,48.97212012,60.35478799,73.22222802,87.97582222,104.6500027,123.3681589,144.2956234,167.5631012,193.2349697,221.2975729,252.0591412,285.9215441,323.6163409
OECD ENV-Growth 2025,SSP4,1,Togo,billion USD_2015/yr,GDP|PPP,ANNUAL,,,,,,,,,,22.76724107,30.07412565,39.60977275,50.27116569,61.95577279,75.16453745,90.30948884,107.4259724,126.6406507,148.1232418,172.0079181,198.3607643,227.1677625,258.7453191,293.5059639,332.2006614
OECD ENV-Growth 2025,SSP4,1,Togo,billion USD_2017/yr,GDP|PPP,ANNUAL,,,,,,,,,,22.738,30.0355,39.5589,50.2066,61.8762,75.068,90.1935,107.288,126.478,147.933,171.787,198.106,226.876,258.413,293.129,331.774
OECD ENV-Growth 2025,SSP4,1,Tonga,billion USD_2010/yr,GDP|PPP,ANNUAL,,,,,,,,,,0.543147387,0.585425633,0.669624228,0.796237623,0.972631712,1.202524696,1.493822436,1.849398818,2.280570883,2.78990906,3.381286849,4.062156715,4.843799999,5.739193809,6.758887627,7.919392905
OECD ENV-Growth 2025,SSP4,1,Tonga,billion USD_2015/yr,GDP|PPP,ANNUAL,,,,,,,,,,0.591097734,0.637108404,0.728740252,0.86653138,1.05849796,1.308686444,1.625700644,2.012668158,2.48190512,3.036208887,3.679794917,4.4207736,5.271422217,6.245863529,7.355578349,8.618535801
OECD ENV-Growth 2025,SSP4,1,Tonga,billion USD_2017/yr,GDP|PPP,ANNUAL,,,,,,,,,,0.608561,0.655931,0.75027,0.892132,1.08977,1.34735,1.67373,2.07213,2.55523,3.12591,3.78851,4.55138,5.42716,6.43039,7.57289,8.87316
OECD ENV-Growth 2025,SSP4,1,Trinidad and Tobago,billion USD_2010/yr,GDP|PPP,ANNUAL,,,,,,,,,,39.67397037,42.64820942,46.15369152,50.86150525,56.51447077,62.7383925,69.61906784,77.25705388,85.48075583,94.10880988,103.2980511,113.2897317,124.348889,136.6302345,150.0849232,164.7522434
OECD ENV-Growth 2025,SSP4,1,Trinidad and Tobago,billion USD_2015/yr,GDP|PPP,ANNUAL,,,,,,,,,,34.32477007,36.89799555,39.93083714,44.00390122,48.89468326,54.27944007,60.23240108,66.84056539,73.95547413,81.42021659,89.37048197,98.01499457,107.5830572,118.2085216,129.8491286,142.5388692
OECD ENV-Growth 2025,SSP4,1,Trinidad and Tobago,billion USD_2017/yr,GDP|PPP,ANNUAL,,,,,,,,,,37.3631,40.1641,43.4654,47.899,53.2227,59.0841,65.564,72.7571,80.5018,88.6273,97.2813,106.691,117.106,128.672,141.343,155.156
OECD ENV-Growth 2025,SSP4,1,Tunisia,billion USD_2010/yr,GDP|PPP,ANNUAL,,,,,,,,,,125.9499433,143.2677703,163.2384724,185.1322859,207.2476189,230.1507755,254.9404212,281.8389687,310.8535639,341.9609829,374.8878992,409.8897749,447.8419694,489.4849656,535.1045949,584.6213606
OECD ENV-Growth 2025,SSP4,1,Tunisia,billion USD_2015/yr,GDP|PPP,ANNUAL,,,,,,,,,,136.7625654,155.567103,177.2522613,201.0256273,225.0395299,249.9088897,276.8266909,306.0344402,337.5398968,371.3178431,407.071488,445.0782245,486.2885606,531.5065482,581.0425573,634.8102663
OECD ENV-Growth 2025,SSP4,1,Tunisia,billion USD_2017/yr,GDP|PPP,ANNUAL,,,,,,,,,,141.006,160.394,182.752,207.263,232.022,257.663,285.416,315.53,348.013,382.839,419.702,458.888,501.377,547.998,599.071,654.507
OECD ENV-Growth 2025,SSP4,1,Turkey,billion USD_2010/yr,GDP|PPP,ANNUAL,,,,,,,,,,2735.189452,3312.358403,3899.31938,4437.819465,4925.905509,5339.701786,5689.543351,5978.723405,6196.880622,6335.230203,6405.447258,6416.018792,6381.264985,6313.17625,6218.452856,6098.697612
OECD ENV-Growth 2025,SSP4,1,Turkey,billion USD_2015/yr,GDP|PPP,ANNUAL,,,,,,,,,,3098.200432,3751.970536,4416.832251,5026.801405,5579.665628,6048.380439,6444.652545,6772.212221,7019.322994,7176.034163,7255.570339,7267.544913,7228.178623,7151.053236,7043.75827,6908.109257
OECD ENV-Growth 2025,SSP4,1,Turkey,billion USD_2017/yr,GDP|PPP,ANNUAL,,,,,,,,,,3122.89,3781.87,4452.03,5066.86,5624.13,6096.58,6496.01,6826.18,7075.26,7233.22,7313.39,7325.46,7285.78,7208.04,7099.89,6963.16
OECD ENV-Growth 2025,SSP4,1,Turkmenistan,billion USD_2010/yr,GDP|PPP,ANNUAL,,,,,,,,,,108.6370234,120.7337966,138.0075229,155.1971945,172.7018177,191.6930933,211.7537865,234.3290286,259.4694551,286.1937537,314.4836958,345.4806011,380.1516037,419.2309155,462.7276509,510.4888913
OECD ENV-Growth 2025,SSP4,1,Turkmenistan,billion USD_2015/yr,GDP|PPP,ANNUAL,,,,,,,,,,104.2834154,115.8954127,132.4768977,148.9776965,165.7808253,184.0110291,203.2677938,224.9383375,249.0712661,274.7245936,301.8808216,331.6355318,364.9171006,402.4303165,444.1839285,490.0311462
OECD ENV-Growth 2025,SSP4,1,Turkmenistan,billion USD_2017/yr,GDP|PPP,ANNUAL,,,,,,,,,,107.274,119.219,136.276,153.25,170.535,189.288,209.097,231.389,256.214,282.603,310.538,341.146,375.382,413.971,456.922,504.084
OECD ENV-Growth 2025,SSP4,1,Uganda,billion USD_2010/yr,GDP|PPP,ANNUAL,,,,,,,,,,154.8468381,214.4730645,287.9683676,364.2724229,442.2256435,525.0918821,614.8305998,711.2096494,815.011666,924.3610833,1039.809539,1160.046894,1285.73971,1415.50085,1547.686895,1680.275175
OECD ENV-Growth 2025,SSP4,1,Uganda,billion USD_2015/yr,GDP|PPP,ANNUAL,,,,,,,,,,137.7229857,190.7554016,256.1231721,323.9890869,393.3217927,467.0242069,546.839102,632.5600029,724.8829965,822.1399274,924.8214297,1031.762248,1143.555231,1258.966639,1376.534792,1494.460699
OECD ENV-Growth 2025,SSP4,1,Uganda,billion USD_2017/yr,GDP|PPP,ANNUAL,,,,,,,,,,134.738,186.621,250.572,316.967,384.797,456.902,534.987,618.85,709.172,804.321,904.777,1009.4,1118.77,1231.68,1346.7,1462.07
OECD ENV-Growth 2025,SSP4,1,Ukraine,billion USD_2010/yr,GDP|PPP,ANNUAL,,,,,,,,,,298.6921655,371.4884874,437.6538393,489.8677364,527.7069404,561.4672184,594.9338921,629.8622803,664.0738258,696.19931,725.0972503,751.2133083,775.9559434,800.1239831,823.0096943,843.2816974
OECD ENV-Growth 2025,SSP4,1,Ukraine,billion USD_2015/yr,GDP|PPP,ANNUAL,,,,,,,,,,385.9767779,480.0458331,565.5461986,633.0181785,681.9148545,725.5406499,768.7870434,813.9222973,858.1312308,899.6445088,936.9870813,970.7348427,1002.707836,1033.938324,1063.511758,1089.707699
OECD ENV-Growth 2025,SSP4,1,Ukraine,billion USD_2017/yr,GDP|PPP,ANNUAL,,,,,,,,,,426.261,530.148,624.572,699.086,753.086,801.265,849.025,898.871,947.694,993.54,1034.78,1072.05,1107.36,1141.85,1174.51,1203.44
OECD ENV-Growth 2025,SSP4,1,United Arab Emirates,billion USD_2010/yr,GDP|PPP,ANNUAL,,,,,,,,,,948.1182049,1178.18744,1413.845993,1601.2138,1736.721836,1823.96067,1880.907078,1923.180032,1950.468349,1959.121618,1952.670564,1945.202183,1945.106434,1956.847591,1977.780603,2001.777566
OECD ENV-Growth 2025,SSP4,1,United Arab Emirates,billion USD_2015/yr,GDP|PPP,ANNUAL,,,,,,,,,,811.1291395,1007.956771,1209.566146,1369.862075,1485.791203,1560.425315,1609.143809,1645.308946,1668.654504,1676.057504,1670.538532,1664.149221,1664.067307,1674.112041,1692.020541,1712.550298
OECD ENV-Growth 2025,SSP4,1,United Arab Emirates,billion USD_2017/yr,GDP|PPP,ANNUAL,,,,,,,,,,792.174,984.402,1181.3,1337.85,1451.07,1523.96,1571.54,1606.86,1629.66,1636.89,1631.5,1625.26,1625.18,1634.99,1652.48,1672.53
OECD ENV-Growth 2025,SSP4,1,United Kingdom,billion USD_2010/yr,GDP|PPP,ANNUAL,,,,,,,,,,2833.979984,3090.69542,3409.583312,3810.71638,4271.546471,4728.598269,5161.799053,5582.944044,5987.169232,6352.369436,6665.246802,6917.932059,7107.48943,7235.690805,7305.072416,7314.505119
OECD ENV-Growth 2025,SSP4,1,United Kingdom,billion USD_2015/yr,GDP|PPP,ANNUAL,,,,,,,,,,3105.539566,3386.854165,3736.298751,4175.869469,4680.857538,5181.705268,5656.416516,6117.916751,6560.875884,6961.070553,7303.92867,7580.826907,7788.548176,7929.034151,8005.064095,8015.400665
OECD ENV-Growth 2025,SSP4,1,United Kingdom,billion USD_2017/yr,GDP|PPP,ANNUAL,,,,,,,,,,3262.8,3558.36,3925.5,4387.33,4917.89,5444.1,5942.85,6427.72,6893.11,7313.57,7673.79,7964.71,8182.95,8330.55,8410.43,8421.29
OECD ENV-Growth 2025,SSP4,1,United States,billion USD_2010/yr,GDP|PPP,ANNUAL,,,,,,,,,,20683.63651,22743.64647,24862.36532,26931.96589,28804.82444,30361.99944,31694.19837,32918.74939,34073.83568,35104.87143,35987.92491,36707.4898,37256.21629,37635.17996,37848.68315,37882.65364
OECD ENV-Growth 2025,SSP4,1,United States,billion USD_2015/yr,GDP|PPP,ANNUAL,,,,,,,,,,22456.81172,24693.42305,26993.77629,29240.80042,31274.21615,32964.88528,34411.2915,35740.82133,36994.93133,38114.35613,39073.11238,39854.36442,40450.13236,40861.58399,41093.39046,41130.27319
OECD ENV-Growth 2025,SSP4,1,United States,billion USD_2017/yr,GDP|PPP,ANNUAL,,,,,,,,,,23076.2,25374.5,27738.3,30047.3,32136.8,33874.1,35360.4,36726.6,38015.3,39165.6,40150.8,40953.6,41565.8,41988.6,42226.8,42264.7
OECD ENV-Growth 2025,SSP4,1,United States Virgin Islands,billion USD_2017/yr,GDP|PPP,ANNUAL,,,,,,,,,,3.24398,3.47702,3.70351,4.01872,4.40219,4.83161,5.30976,5.84853,6.45459,7.11981,7.84346,8.62879,9.48702,10.4236,11.4455,12.5585
OECD ENV-Growth 2025,SSP4,1,Uruguay,billion USD_2010/yr,GDP|PPP,ANNUAL,,,,,,,,,,84.40568377,94.72605896,105.2340329,115.9668618,126.9621784,137.7749767,148.592479,159.1427897,169.6507636,179.5961295,189.1134242,198.25157,207.3097464,216.505282,226.0395113,236.1824486
OECD ENV-Growth 2025,SSP4,1,Uruguay,billion USD_2015/yr,GDP|PPP,ANNUAL,,,,,,,,,,87.28635555,97.95895363,108.825553,119.9246814,131.2952558,142.4770829,153.6637745,164.5741555,175.4407548,185.725545,195.5676543,205.0176748,214.3849967,223.8943656,233.7539876,244.243092
OECD ENV-Growth 2025,SSP4,1,Uruguay,billion USD_2017/yr,GDP|PPP,ANNUAL,,,,,,,,,,89.7154,100.685,111.854,123.262,134.949,146.442,157.94,169.154,180.323,190.894,201.01,210.723,220.351,230.125,240.259,251.04
OECD ENV-Growth 2025,SSP4,1,Uzbekistan,billion USD_2010/yr,GDP|PPP,ANNUAL,,,,,,,,,,373.0682168,486.0145634,607.2664542,726.1421775,840.3296079,960.0025398,1093.772372,1246.416835,1420.356262,1615.937363,1834.010345,2077.302502,2352.33946,2664.145179,3014.464243,3402.932277
OECD ENV-Growth 2025,SSP4,1,Uzbekistan,billion USD_2015/yr,GDP|PPP,ANNUAL,,,,,,,,,,352.6032492,459.3538299,573.9543473,686.3090439,794.2326276,907.3408013,1033.772578,1178.043602,1342.441437,1527.293774,1733.404181,1963.350344,2223.299921,2518.001278,2849.103298,3216.261594
OECD ENV-Growth 2025,SSP4,1,Uzbekistan,billion USD_2017/yr,GDP|PPP,ANNUAL,,,,,,,,,,337.873,440.164,549.977,657.638,761.053,869.436,990.586,1128.83,1286.36,1463.49,1660.99,1881.33,2130.42,2412.81,2730.08,3081.9
OECD ENV-Growth 2025,SSP4,1,Vanuatu,billion USD_2010/yr,GDP|PPP,ANNUAL,,,,,,,,,,0.759414779,0.893680103,1.150747454,1.480285967,1.883045345,2.41430716,3.137921007,4.12323429,5.462844092,7.248767369,9.613853044,12.70280247,16.68880565,21.75509325,28.12809303,36.06948658
OECD ENV-Growth 2025,SSP4,1,Vanuatu,billion USD_2015/yr,GDP|PPP,ANNUAL,,,,,,,,,,0.82673494,0.972902538,1.252758247,1.6115095,2.049972457,2.628329262,3.416089609,4.488748373,5.947111128,7.891351897,10.46609632,13.82887314,18.16822522,23.68362615,30.62157592,39.26695352
OECD ENV-Growth 2025,SSP4,1,Vanuatu,billion USD_2017/yr,GDP|PPP,ANNUAL,,,,,,,,,,0.850883,1.00132,1.28935,1.65858,2.10985,2.7051,3.51587,4.61986,6.12082,8.12185,10.7718,14.2328,18.6989,24.3754,31.516,40.4139
OECD ENV-Growth 2025,SSP4,1,Viet Nam,billion USD_2010/yr,GDP|PPP,ANNUAL,,,,,,,,,,1129.95488,1566.455126,2019.96121,2421.205241,2785.922946,3140.138799,3500.628486,3860.845397,4221.548189,4581.38151,4933.057143,5281.229318,5637.635898,6013.776071,6419.162877,6859.34559
OECD ENV-Growth 2025,SSP4,1,Viet Nam,billion USD_2015/yr,GDP|PPP,ANNUAL,,,,,,,,,,1244.417388,1725.134366,2224.579845,2666.469213,3068.132201,3458.229518,3855.236197,4251.942469,4649.183841,5045.467665,5432.767441,5816.208865,6208.718826,6622.961358,7069.413158,7554.185631
OECD ENV-Growth 2025,SSP4,1,Viet Nam,billion USD_2017/yr,GDP|PPP,ANNUAL,,,,,,,,,,1325.58,1837.65,2369.67,2840.38,3268.24,3683.78,4106.68,4529.26,4952.41,5374.54,5787.1,6195.55,6613.66,7054.92,7530.49,8046.88
OECD ENV-Growth 2025,SSP4,1,Western Sahara,billion USD_2017/yr,GDP|PPP,ANNUAL,,,,,,,,,,1.14805,1.2666,1.48425,1.78078,2.16967,2.68043,3.35771,4.24964,5.40884,6.88949,8.77433,11.1539,14.1102,17.7205,22.0632,27.2222
OECD ENV-Growth 2025,SSP4,1,Yemen,billion USD_2010/yr,GDP|PPP,ANNUAL,,,,,,,,,,57.34164284,75.71300599,97.81892939,125.5835978,156.8397638,191.8926347,230.3092206,271.8900336,315.9428417,361.4968651,407.3708045,452.6812136,496.7570041,539.5466954,581.5577404,623.5715433
OECD ENV-Growth 2025,SSP4,1,Yemen,billion USD_2015/yr,GDP|PPP,ANNUAL,,,,,,,,,,60.60512377,80.02205503,103.3860913,132.7309284,165.7659744,202.8138068,243.4167932,287.3640922,333.9240747,382.070711,430.5554707,478.444628,525.0289009,570.2538789,614.6558956,659.0608271
OECD ENV-Growth 2025,SSP4,1,Yemen,billion USD_2017/yr,GDP|PPP,ANNUAL,,,,,,,,,,62.3754,82.3595,106.406,136.608,170.608,208.738,250.527,295.758,343.678,393.231,443.132,492.42,540.365,586.911,632.61,678.312
OECD ENV-Growth 2025,SSP4,1,Zambia,billion USD_2010/yr,GDP|PPP,ANNUAL,,,,,,,,,,75.80539417,97.279755,123.2154472,150.055473,177.1712351,206.1581373,237.9380139,272.1486431,308.5488828,346.6086274,386.5140754,427.3484798,468.6560111,509.7936236,550.2342645,590.4174837
OECD ENV-Growth 2025,SSP4,1,Zambia,billion USD_2015/yr,GDP|PPP,ANNUAL,,,,,,,,,,74.2368017,95.26680732,120.6658289,146.9504712,173.5051441,201.892239,233.014515,266.5172455,302.1642783,339.4364771,378.5161871,418.5056314,458.9584123,499.2447907,538.8486192,578.2003527
OECD ENV-Growth 2025,SSP4,1,Zambia,billion USD_2017/yr,GDP|PPP,ANNUAL,,,,,,,,,,74.5033,95.6088,121.099,147.478,174.128,202.617,233.851,267.474,303.249,340.655,379.875,420.008,460.606,501.037,540.783,580.276
OECD ENV-Growth 2025,SSP4,1,Zimbabwe,billion USD_2010/yr,GDP|PPP,ANNUAL,,,,,,,,,,40.71155947,48.24595836,57.87030653,66.72090922,74.83948595,83.27644849,92.62538509,103.1494738,115.3152622,129.5019901,146.4041464,166.5560338,190.601743,219.6077881,254.7536081,297.3545704
OECD ENV-Growth 2025,SSP4,1,Zimbabwe,billion USD_2015/yr,GDP|PPP,ANNUAL,,,,,,,,,,45.81922289,54.29888583,65.13070263,75.09170001,84.22883162,93.72429364,104.2461458,116.0905844,129.7826899,145.7492817,164.7719789,187.4521176,214.5145963,247.1597335,286.7149405,334.6606102
OECD ENV-Growth 2025,SSP4,1,Zimbabwe,billion USD_2017/yr,GDP|PPP,ANNUAL,,,,,,,,,,38.936,46.1418,55.3464,63.811,71.5755,79.6445,88.5857,98.6508,110.286,123.854,140.019,159.292,182.289,210.03,243.643,284.386
OECD ENV-Growth 2025,SSP5,1,Albania,billion USD_2010/yr,GDP|PPP,ANNUAL,,,,,,,,,,43.10539394,51.46664203,62.50141312,74.75597246,85.32929511,92.4671354,97.56628639,101.8532457,106.4474254,111.432693,116.1089747,120.5168799,124.6705339,128.6184915,132.3483934,135.9705915
OECD ENV-Growth 2025,SSP5,1,Albania,billion USD_2015/yr,GDP|PPP,ANNUAL,,,,,,,,,,46.77538526,55.84850964,67.82278065,81.12069262,92.59422749,100.3397832,105.8730757,110.5250265,115.5103545,120.9200675,125.9944876,130.7776817,135.2849776,139.5690642,143.6165297,147.5471216
OECD ENV-Growth 2025,SSP5,1,Albania,billion USD_2017/yr,GDP|PPP,ANNUAL,,,,,,,,,,48.8271,58.2982,70.7977,84.6789,96.6557,104.741,110.517,115.373,120.577,126.224,131.521,136.514,141.219,145.691,149.916,154.019
OECD ENV-Growth 2025,SSP5,1,Algeria,billion USD_2010/yr,GDP|PPP,ANNUAL,,,,,,,,,,659.7363499,723.9603638,828.4021042,986.7738983,1215.177895,1496.589046,1835.559914,2247.391181,2741.542558,3304.316287,3934.170158,4632.609953,5408.621786,6276.146282,7244.801014,8309.922914
OECD ENV-Growth 2025,SSP5,1,Algeria,billion USD_2015/yr,GDP|PPP,ANNUAL,,,,,,,,,,567.6783715,622.9407253,712.8089236,849.0819093,1045.614977,1287.758712,1579.430424,1933.795775,2358.99449,2843.240166,3385.205785,3986.187018,4653.91608,5400.388354,6233.8794,7150.376825
OECD ENV-Growth 2025,SSP5,1,Algeria,billion USD_2017/yr,GDP|PPP,ANNUAL,,,,,,,,,,543.288,596.176,682.183,812.601,1000.69,1232.43,1511.57,1850.71,2257.64,2721.08,3239.76,3814.92,4453.96,5168.36,5966.04,6843.16
OECD ENV-Growth 2025,SSP5,1,Angola,billion USD_2010/yr,GDP|PPP,ANNUAL,,,,,,,,,,194.6208842,233.9561842,292.4966635,380.0343576,510.1956515,685.3884789,912.6574821,1203.915461,1569.485929,2015.197988,2547.377929,3166.608663,3873.51596,4669.557098,5551.071741,6509.821996
OECD ENV-Growth 2025,SSP5,1,Angola,billion USD_2015/yr,GDP|PPP,ANNUAL,,,,,,,,,,207.4632321,249.3941303,311.79749,405.1114887,543.8616688,730.6148549,972.8805406,1283.35761,1673.050787,2148.173818,2715.470443,3375.562035,4129.11566,4977.684754,5917.367449,6939.382263
OECD ENV-Growth 2025,SSP5,1,Angola,billion USD_2017/yr,GDP|PPP,ANNUAL,,,,,,,,,,227.037,272.924,341.215,443.333,595.174,799.547,1064.67,1404.44,1830.9,2350.85,2971.67,3694.04,4518.69,5447.32,6475.66,7594.1
OECD ENV-Growth 2025,SSP5,1,Antigua and Barbuda,billion USD_2010/yr,GDP|PPP,ANNUAL,,,,,,,,,,2.641210297,3.052618708,3.644621146,4.476155206,5.534031819,6.713145985,8.021184724,9.504677715,11.18262175,13.0078192,14.96523566,17.01865496,19.14532172,21.31874458,23.50156394,25.64079711
OECD ENV-Growth 2025,SSP5,1,Antigua and Barbuda,billion USD_2015/yr,GDP|PPP,ANNUAL,,,,,,,,,,2.372306384,2.741828947,3.273559103,4.020433959,4.970607236,6.029674765,7.204540944,8.536998226,10.04410932,11.68348184,13.44161203,15.28597093,17.1961199,19.14826469,21.10884932,23.0302853
OECD ENV-Growth 2025,SSP5,1,Antigua and Barbuda,billion USD_2017/yr,GDP|PPP,ANNUAL,,,,,,,,,,2.333,2.6964,3.21932,3.95382,4.88825,5.92977,7.08517,8.39555,9.87769,11.4899,13.2189,15.0327,16.9112,18.831,20.7591,22.6487
OECD ENV-Growth 2025,SSP5,1,Argentina,billion USD_2010/yr,GDP|PPP,ANNUAL,,,,,,,,,,787.8266549,894.7297493,1026.830333,1208.972624,1437.938778,1694.24509,1977.522931,2289.100908,2631.536402,2999.092587,3382.200408,3774.324337,4171.762702,4569.723295,4959.712234,5329.756681
OECD ENV-Growth 2025,SSP5,1,Argentina,billion USD_2015/yr,GDP|PPP,ANNUAL,,,,,,,,,,861.737401,978.6697162,1123.163449,1322.393601,1572.840443,1853.192389,2163.046224,2503.855201,2878.416623,3280.45546,3699.504924,4128.416353,4563.140795,4998.436459,5425.012601,5829.773138
OECD ENV-Growth 2025,SSP5,1,Argentina,billion USD_2017/yr,GDP|PPP,ANNUAL,,,,,,,,,,1025.84,1165.04,1337.05,1574.22,1872.36,2206.1,2574.96,2980.67,3426.56,3905.16,4404.01,4914.6,5432.11,5950.3,6458.11,6939.95
OECD ENV-Growth 2025,SSP5,1,Armenia,billion USD_2010/yr,GDP|PPP,ANNUAL,,,,,,,,,,42.43829227,53.31135542,67.1714758,81.59572637,94.12475849,104.0969939,113.070468,122.4615765,133.1282506,144.2684055,154.8500958,165.617941,176.8616951,188.9269588,202.1196735,216.6057599
OECD ENV-Growth 2025,SSP5,1,Armenia,billion USD_2015/yr,GDP|PPP,ANNUAL,,,,,,,,,,46.17902443,58.01049601,73.0923196,88.78799875,102.421405,113.2726453,123.0370881,133.2559779,144.8628681,156.9849743,168.4993899,180.2163691,192.4512063,205.5799652,219.9355545,235.69852
OECD ENV-Growth 2025,SSP5,1,Armenia,billion USD_2017/yr,GDP|PPP,ANNUAL,,,,,,,,,,52.4338,65.8678,82.9924,100.814,116.294,128.615,139.702,151.305,164.484,178.248,191.322,204.626,218.518,233.425,249.725,267.623
OECD ENV-Growth 2025,SSP5,1,Aruba,billion USD_2010/yr,GDP|PPP,ANNUAL,,,,,,,,,,4.47251413,4.77092015,5.332359216,6.122527318,7.106508219,8.212846571,9.462824462,10.90984148,12.53534625,14.29806706,16.18954939,18.19443902,20.28960748,22.45309243,24.65010395,26.82340393
OECD ENV-Growth 2025,SSP5,1,Aruba,billion USD_2015/yr,GDP|PPP,ANNUAL,,,,,,,,,,4.500160567,4.800411156,5.365320707,6.16037316,7.150436449,8.26361353,9.521318045,10.97727967,12.61283235,14.38644925,16.2896236,18.30690628,20.41502583,22.59188416,24.80247631,26.98921034
OECD ENV-Growth 2025,SSP5,1,Aruba,billion USD_2017/yr,GDP|PPP,ANNUAL,,,,,,,,,,4.60237,4.90944,5.48718,6.30029,7.31284,8.4513,9.73757,11.2266,12.8993,14.7132,16.6596,18.7227,20.8787,23.105,25.3658,27.6022
OECD ENV-Growth 2025,SSP5,1,Australia,billion USD_2010/yr,GDP|PPP,ANNUAL,,,,,,,,,,1291.732413,1480.262585,1749.247454,2114.824499,2563.138581,3044.998574,3556.520026,4115.496235,4723.332404,5369.905688,6043.124164,6731.450831,7412.375558,8059.611168,8656.653215,9200.780793
OECD ENV-Growth 2025,SSP5,1,Australia,billion USD_2015/yr,GDP|PPP,ANNUAL,,,,,,,,,,1383.37111,1585.27608,1873.343401,2264.855388,2744.973981,3261.018315,3808.828367,4407.459732,5058.417305,5750.860099,6471.838362,7208.996627,7938.227841,8631.379949,9270.777638,9853.506974
OECD ENV-Growth 2025,SSP5,1,Australia,billion USD_2017/yr,GDP|PPP,ANNUAL,,,,,,,,,,1443.22,1653.86,1954.39,2362.84,2863.73,3402.1,3973.61,4598.14,5277.26,5999.66,6751.83,7520.88,8281.66,9004.8,9671.86,10279.8
OECD ENV-Growth 2025,SSP5,1,Austria,billion USD_2010/yr,GDP|PPP,ANNUAL,,,,,,,,,,417.1791408,461.2094879,509.9385365,572.4448176,643.5200828,715.6517648,791.1815063,873.207156,961.6394622,1054.461334,1150.13115,1245.792852,1333.705875,1411.014161,1475.510758,1528.339709
OECD ENV-Growth 2025,SSP5,1,Austria,billion USD_2015/yr,GDP|PPP,ANNUAL,,,,,,,,,,485.0390059,536.2314882,592.8869798,665.5607582,748.1973827,832.0622645,919.8779464,1015.246184,1118.063209,1225.983822,1337.215635,1448.438015,1550.651288,1640.534819,1715.522664,1776.944964
OECD ENV-Growth 2025,SSP5,1,Austria,billion USD_2017/yr,GDP|PPP,ANNUAL,,,,,,,,,,514.16,568.426,628.483,705.52,793.118,882.018,975.106,1076.2,1185.19,1299.59,1417.5,1535.4,1643.75,1739.03,1818.52,1883.63
OECD ENV-Growth 2025,SSP5,1,Azerbaijan,billion USD_2010/yr,GDP|PPP,ANNUAL,,,,,,,,,,171.6570573,194.4055217,222.9701184,263.9379552,318.4753801,381.0940035,450.3288675,527.6293231,613.2253105,706.2314042,805.6695783,911.3691986,1024.222974,1145.070549,1273.545686,1408.742148
OECD ENV-Growth 2025,SSP5,1,Azerbaijan,billion USD_2015/yr,GDP|PPP,ANNUAL,,,,,,,,,,165.8788577,187.8615792,215.4646544,255.0534607,307.755085,368.2658841,435.1702126,509.8686345,592.5833497,682.4587374,778.5496934,880.6913271,989.7462974,1106.525987,1230.676483,1361.322057
OECD ENV-Growth 2025,SSP5,1,Azerbaijan,billion USD_2017/yr,GDP|PPP,ANNUAL,,,,,,,,,,164.983,186.847,214.301,253.676,306.093,366.277,432.82,507.115,589.383,678.773,774.345,875.935,984.401,1100.55,1224.03,1353.97
OECD ENV-Growth 2025,SSP5,1,Bahamas,billion USD_2010/yr,GDP|PPP,ANNUAL,,,,,,,,,,13.03136071,14.13512725,15.75399051,17.94189843,20.55901114,23.30746799,26.19848335,29.31667481,32.66535568,36.23823914,39.99870854,43.9171987,47.94876716,52.00004573,55.98590711,59.80295814
OECD ENV-Growth 2025,SSP5,1,Bahamas,billion USD_2015/yr,GDP|PPP,ANNUAL,,,,,,,,,,14.31066965,15.52279467,17.30058425,19.70328249,22.57732122,25.59559835,28.77042918,32.19473834,35.87216442,39.7958034,43.92544392,48.22861835,52.65597215,57.10497104,61.48213063,65.67390748
OECD ENV-Growth 2025,SSP5,1,Bahamas,billion USD_2017/yr,GDP|PPP,ANNUAL,,,,,,,,,,15.3387,16.6379,18.5434,21.1187,24.1992,27.4343,30.8372,34.5075,38.4491,42.6546,47.0809,51.6932,56.4386,61.2072,65.8988,70.3917
OECD ENV-Growth 2025,SSP5,1,Bahrain,billion USD_2010/yr,GDP|PPP,ANNUAL,,,,,,,,,,88.12602382,101.8117353,120.9408306,143.3622503,168.9378982,195.9891654,225.4615842,258.0524713,293.0413712,327.5191158,361.1880569,393.2982897,423.4554042,451.7814045,478.6012845,503.5374623
OECD ENV-Growth 2025,SSP5,1,Bahrain,billion USD_2015/yr,GDP|PPP,ANNUAL,,,,,,,,,,79.21337725,91.51498101,108.7094507,128.8632747,151.8523234,176.1677542,202.6594727,231.9542727,263.4045618,294.3953914,324.6592161,353.5219728,380.6291402,406.0903837,430.1978287,452.6120802
OECD ENV-Growth 2025,SSP5,1,Bahrain,billion USD_2017/yr,GDP|PPP,ANNUAL,,,,,,,,,,83.7891,96.8013,114.989,136.307,160.624,186.344,214.366,245.353,278.62,311.401,343.413,373.943,402.616,429.548,455.048,478.757
OECD ENV-Growth 2025,SSP5,1,Bangladesh,billion USD_2010/yr,GDP|PPP,ANNUAL,,,,,,,,,,1175.631971,1660.654091,2350.612479,3244.15278,4279.600388,5329.945907,6383.497305,7470.45328,8620.129628,9783.503825,10958.02145,12093.96566,13165.79229,14181.6446,15151.29454,16072.25625
OECD ENV-Growth 2025,SSP5,1,Bangladesh,billion USD_2015/yr,GDP|PPP,ANNUAL,,,,,,,,,,1333.325669,1883.406357,2665.912492,3679.308052,4853.645693,6044.87958,7239.749367,8472.504463,9776.392946,11095.81664,12427.87849,13716.19288,14931.78924,16083.90317,17183.61735,18228.1125
OECD ENV-Growth 2025,SSP5,1,Bangladesh,billion USD_2017/yr,GDP|PPP,ANNUAL,,,,,,,,,,1371.5,1937.33,2742.24,3784.65,4992.61,6217.95,7447.03,8715.08,10056.3,11413.5,12783.7,14108.9,15359.3,16544.4,17675.6,18750
OECD ENV-Growth 2025,SSP5,1,Barbados,billion USD_2010/yr,GDP|PPP,ANNUAL,,,,,,,,,,4.902133143,5.442757922,6.301722496,7.615632406,9.27500894,11.07415323,12.98853229,15.07900321,17.37460464,19.82562987,22.41037746,25.10166889,27.87170563,30.68679874,33.49569144,36.15267389
OECD ENV-Growth 2025,SSP5,1,Barbados,billion USD_2015/yr,GDP|PPP,ANNUAL,,,,,,,,,,4.788882527,5.317017623,6.156138128,7.43969368,9.060734776,10.81831467,12.68846714,14.73064336,16.97321108,19.36761196,21.89264589,24.52176227,27.22780475,29.9778627,32.72186348,35.31746349
OECD ENV-Growth 2025,SSP5,1,Barbados,billion USD_2017/yr,GDP|PPP,ANNUAL,,,,,,,,,,4.74368,5.26683,6.09803,7.36947,8.97521,10.7162,12.5687,14.5916,16.813,19.1848,21.686,24.2903,26.9708,29.6949,32.413,34.9841
OECD ENV-Growth 2025,SSP5,1,Belarus,billion USD_2010/yr,GDP|PPP,ANNUAL,,,,,,,,,,163.1723499,169.9436963,184.3732291,208.4516869,240.2786984,274.9868323,313.7358024,358.1619657,408.7127291,464.0503018,523.2364588,586.1799467,653.1766741,724.8884488,801.4198131,881.6739562
OECD ENV-Growth 2025,SSP5,1,Belarus,billion USD_2015/yr,GDP|PPP,ANNUAL,,,,,,,,,,181.5386645,189.0721785,205.1258672,231.9145424,267.3239311,305.9387349,349.0492024,398.4758752,454.7165194,516.2827655,582.1307839,652.15905,726.6967792,806.4802707,891.6258342,980.9132041
OECD ENV-Growth 2025,SSP5,1,Belarus,billion USD_2017/yr,GDP|PPP,ANNUAL,,,,,,,,,,184.177,191.82,208.107,235.285,271.209,310.385,354.122,404.267,461.325,523.786,590.591,661.637,737.258,818.201,904.584,995.169
OECD ENV-Growth 2025,SSP5,1,Belgium,billion USD_2010/yr,GDP|PPP,ANNUAL,,,,,,,,,,538.6182983,585.3195276,640.525252,708.7405868,786.3655919,868.6609691,956.8449679,1054.529155,1160.949528,1272.003734,1385.731944,1499.991634,1610.514361,1712.026858,1803.657166,1881.900846
OECD ENV-Growth 2025,SSP5,1,Belgium,billion USD_2015/yr,GDP|PPP,ANNUAL,,,,,,,,,,605.9031025,658.438302,720.5403876,797.2772588,884.5992669,977.1750753,1076.375119,1186.262124,1305.97665,1430.903873,1558.839139,1687.372277,1811.701628,1925.89518,2028.97205,2116.990018
OECD ENV-Growth 2025,SSP5,1,Belgium,billion USD_2017/yr,GDP|PPP,ANNUAL,,,,,,,,,,648.597,704.834,771.312,853.456,946.931,1046.03,1152.22,1269.85,1398,1531.73,1668.68,1806.27,1939.36,2061.6,2171.94,2266.16
OECD ENV-Growth 2025,SSP5,1,Belize,billion USD_2010/yr,GDP|PPP,ANNUAL,,,,,,,,,,4.645810055,5.327734368,6.556035072,8.531246032,11.33829206,14.81491165,18.96365201,23.88575936,29.6276828,36.08025622,43.1705952,50.75164655,58.7169198,66.94729547,75.30107165,83.58003694
OECD ENV-Growth 2025,SSP5,1,Belize,billion USD_2015/yr,GDP|PPP,ANNUAL,,,,,,,,,,4.306386753,4.938489614,6.077050557,7.907952427,10.50991542,13.73253287,17.57816588,22.14066362,27.46308162,33.44422944,40.01654761,47.04372667,54.42705634,62.05612001,69.79956855,77.47367189
OECD ENV-Growth 2025,SSP5,1,Belize,billion USD_2017/yr,GDP|PPP,ANNUAL,,,,,,,,,,4.34084,4.978,6.12567,7.97122,10.594,13.8424,17.7188,22.3178,27.6828,33.7118,40.3367,47.4201,54.8625,62.5526,70.358,78.0935
OECD ENV-Growth 2025,SSP5,1,Benin,billion USD_2010/yr,GDP|PPP,ANNUAL,,,,,,,,,,47.65227375,64.58414995,90.45777717,126.6984087,176.160922,238.4571837,315.3932375,410.5925344,527.2956376,666.9353182,830.726678,1018.928473,1231.763616,1471.261067,1737.656852,2030.714944
OECD ENV-Growth 2025,SSP5,1,Benin,billion USD_2015/yr,GDP|PPP,ANNUAL,,,,,,,,,,53.41699668,72.39720275,101.4008861,142.0257197,197.4719493,267.3044871,353.5478623,460.2638725,591.0851069,747.617666,931.2236482,1142.193112,1380.775939,1649.246539,1947.869493,2276.38022
OECD ENV-Growth 2025,SSP5,1,Benin,billion USD_2017/yr,GDP|PPP,ANNUAL,,,,,,,,,,54.5112,73.8802,103.478,144.935,201.517,272.78,360.79,469.692,603.193,762.932,950.299,1165.59,1409.06,1683.03,1987.77,2323.01
OECD ENV-Growth 2025,SSP5,1,Bhutan,billion USD_2010/yr,GDP|PPP,ANNUAL,,,,,,,,,,7.774857891,9.44230287,11.47594912,14.1358344,17.39095679,20.90657594,24.75178186,29.01805039,33.72736473,38.56044522,43.33015293,47.86038077,51.98210783,55.78238108,59.28761257,62.48113371
OECD ENV-Growth 2025,SSP5,1,Bhutan,billion USD_2015/yr,GDP|PPP,ANNUAL,,,,,,,,,,9.159684301,11.12412787,13.51999901,16.65365236,20.48856405,24.63037114,29.16046967,34.18662879,39.73474725,45.4286766,51.04794545,56.38507926,61.24095176,65.71811439,69.84768361,73.61002189
OECD ENV-Growth 2025,SSP5,1,Bhutan,billion USD_2017/yr,GDP|PPP,ANNUAL,,,,,,,,,,9.65527,11.726,14.2515,17.5547,21.5971,25.963,30.7382,36.0363,41.8846,47.8866,53.8099,59.4358,64.5544,69.2738,73.6268,77.5927
OECD ENV-Growth 2025,SSP5,1,Bolivia,billion USD_2010/yr,GDP|PPP,ANNUAL,,,,,,,,,,83.2267649,93.46775057,111.2597438,142.6626197,189.2128388,248.0547414,318.5318543,401.0919861,496.0313313,601.3453014,715.7115713,838.0586826,967.8294144,1104.555639,1247.338612,1395.170178
OECD ENV-Growth 2025,SSP5,1,Bolivia,billion USD_2015/yr,GDP|PPP,ANNUAL,,,,,,,,,,95.14088765,106.8478964,127.1868587,163.085136,216.2991371,283.5644076,364.1304981,458.5093224,567.039476,687.4294083,818.1675002,958.0289112,1106.376653,1262.675583,1425.898302,1594.892332
OECD ENV-Growth 2025,SSP5,1,Bolivia,billion USD_2017/yr,GDP|PPP,ANNUAL,,,,,,,,,,106.494,119.598,142.364,182.546,242.11,317.402,407.582,513.223,634.704,769.46,915.799,1072.35,1238.4,1413.35,1596.05,1785.21
OECD ENV-Growth 2025,SSP5,1,Bosnia and Herzegovina,billion USD_2010/yr,GDP|PPP,ANNUAL,,,,,,,,,,51.22290579,59.80206074,69.48742689,77.65891142,83.24662935,86.49886768,88.73240794,90.85636126,93.3122909,95.65263717,98.06076918,100.4497821,102.872688,105.4007486,108.0426545,110.6880366
OECD ENV-Growth 2025,SSP5,1,Bosnia and Herzegovina,billion USD_2015/yr,GDP|PPP,ANNUAL,,,,,,,,,,55.66696946,64.99044593,75.51610771,84.39654456,90.46904901,94.00344927,96.43076994,98.73899596,101.4080004,103.9513934,106.5684533,109.1647354,111.7978508,114.5452442,117.4163601,120.2912537
OECD ENV-Growth 2025,SSP5,1,Bosnia and Herzegovina,billion USD_2017/yr,GDP|PPP,ANNUAL,,,,,,,,,,58.9414,68.8133,79.9581,89.3609,95.7906,99.5329,102.103,104.547,107.373,110.066,112.837,115.586,118.374,121.283,124.323,127.367
OECD ENV-Growth 2025,SSP5,1,Botswana,billion USD_2010/yr,GDP|PPP,ANNUAL,,,,,,,,,,45.09864882,55.0515527,67.41339664,82.500051,100.6622543,121.1727702,143.883115,169.151765,196.6231823,225.7038244,256.2017205,288.0914051,321.2847284,355.5593567,390.3070561,424.8353601
OECD ENV-Growth 2025,SSP5,1,Botswana,billion USD_2015/yr,GDP|PPP,ANNUAL,,,,,,,,,,45.16546041,55.13310906,67.5132665,82.62227105,100.8113809,121.3522821,144.0962713,169.4023556,196.9144705,226.0381943,256.5812716,288.5181994,321.760697,356.0861017,390.8852781,425.4647343
OECD ENV-Growth 2025,SSP5,1,Botswana,billion USD_2017/yr,GDP|PPP,ANNUAL,,,,,,,,,,46.0452,56.207,68.8283,84.2316,102.775,123.716,146.903,172.702,200.75,230.441,261.579,294.138,328.028,363.022,398.499,433.752
OECD ENV-Growth 2025,SSP5,1,Brazil,billion USD_2010/yr,GDP|PPP,ANNUAL,,,,,,,,,,3350.796133,3650.709802,4262.8406,5211.910971,6498.046068,8004.218619,9691.429162,11535.69654,13536.59716,15617.59542,17749.13606,19867.00619,21940.97665,23950.44541,25848.62466,27560.03778
OECD ENV-Growth 2025,SSP5,1,Brazil,billion USD_2015/yr,GDP|PPP,ANNUAL,,,,,,,,,,3409.840692,3715.039156,4337.956344,5303.750335,6612.548487,8145.261386,9862.202357,11738.96767,13775.12627,15892.79391,18061.89454,20217.08377,22327.59978,24372.4775,26304.10466,28045.67469
OECD ENV-Growth 2025,SSP5,1,Brazil,billion USD_2017/yr,GDP|PPP,ANNUAL,,,,,,,,,,3480.58,3792.11,4427.95,5413.78,6749.73,8314.24,10066.8,11982.5,14060.9,16222.5,18436.6,20636.5,22790.8,24878.1,26849.8,28627.5
OECD ENV-Growth 2025,SSP5,1,Brunei Darussalam,billion USD_2010/yr,GDP|PPP,ANNUAL,,,,,,,,,,32.97863919,38.52934434,44.37458735,49.26865681,53.23063544,56.58007015,59.77577625,63.15673895,66.85997467,70.44610641,74.05701013,77.60734692,81.12094056,84.62647441,87.8942445,90.71576307
OECD ENV-Growth 2025,SSP5,1,Brunei Darussalam,billion USD_2015/yr,GDP|PPP,ANNUAL,,,,,,,,,,27.57100857,32.21154388,37.09832056,41.18989117,44.50220937,47.30242477,49.97411901,52.80069264,55.89669496,58.89479529,61.91360565,64.88178046,67.81923702,70.7499554,73.48189702,75.84076066
OECD ENV-Growth 2025,SSP5,1,Brunei Darussalam,billion USD_2017/yr,GDP|PPP,ANNUAL,,,,,,,,,,27.8239,32.507,37.4386,41.5677,44.9104,47.7363,50.4325,53.285,56.4094,59.435,62.4815,65.4769,68.4413,71.3989,74.1559,76.5364
OECD ENV-Growth 2025,SSP5,1,Bulgaria,billion USD_2010/yr,GDP|PPP,ANNUAL,,,,,,,,,,154.9134404,178.5046084,207.6578413,240.1786501,271.9377355,300.355625,327.8873102,355.6127239,383.7354867,411.8615471,440.3618742,469.8498037,500.8397463,533.8156107,568.81944,604.7309073
OECD ENV-Growth 2025,SSP5,1,Bulgaria,billion USD_2015/yr,GDP|PPP,ANNUAL,,,,,,,,,,172.2492552,198.4804273,230.8960952,267.0561926,302.3693249,333.9673597,364.5800185,395.408085,426.6779667,457.9515149,489.6412127,522.429032,556.8869494,593.553026,632.47401,672.4042025
OECD ENV-Growth 2025,SSP5,1,Bulgaria,billion USD_2017/yr,GDP|PPP,ANNUAL,,,,,,,,,,187.916,216.533,251.897,291.346,329.871,364.343,397.74,431.372,465.486,499.604,534.176,569.946,607.538,647.539,690,733.562
OECD ENV-Growth 2025,SSP5,1,Burkina Faso,billion USD_2010/yr,GDP|PPP,ANNUAL,,,,,,,,,,50.37823291,67.16293751,95.3513533,135.7921759,193.5534603,269.1498048,365.5712791,487.9717045,641.0199085,825.3027596,1043.877374,1296.953595,1585.520567,1912.538755,2280.341703,2689.573745
OECD ENV-Growth 2025,SSP5,1,Burkina Faso,billion USD_2015/yr,GDP|PPP,ANNUAL,,,,,,,,,,51.22556039,68.29257227,96.95509796,138.0761076,196.8088973,273.6767207,371.7199384,496.1790554,651.8014257,839.1837886,1061.434678,1318.767469,1612.18794,1944.706351,2318.695493,2734.810539
OECD ENV-Growth 2025,SSP5,1,Burkina Faso,billion USD_2017/yr,GDP|PPP,ANNUAL,,,,,,,,,,57.8578,77.1345,109.508,155.953,222.29,309.11,419.847,560.42,736.191,947.834,1198.86,1489.51,1820.92,2196.49,2618.9,3088.89
OECD ENV-Growth 2025,SSP5,1,Burundi,billion USD_2010/yr,GDP|PPP,ANNUAL,,,,,,,,,,8.300065021,10.96427375,14.94444297,21.2776204,31.08917482,44.7577035,63.16970863,87.73174448,119.8235633,160.2992229,210.4510165,271.1645059,343.0572333,426.9669557,523.6068249,633.5685214
OECD ENV-Growth 2025,SSP5,1,Burundi,billion USD_2015/yr,GDP|PPP,ANNUAL,,,,,,,,,,10.80211708,14.26945071,19.44944072,27.69175254,40.46099703,58.24989949,82.21219793,114.178452,155.9443398,208.6213745,273.8914109,352.906963,446.471731,555.6760136,681.4479417,824.5575578
OECD ENV-Growth 2025,SSP5,1,Burundi,billion USD_2017/yr,GDP|PPP,ANNUAL,,,,,,,,,,10.5911,13.9907,19.0695,27.1508,39.6706,57.112,80.6062,111.948,152.898,204.546,268.541,346.013,437.75,544.821,668.136,808.45
OECD ENV-Growth 2025,SSP5,1,Cabo Verde,billion USD_2010/yr,GDP|PPP,ANNUAL,,,,,,,,,,4.568422477,5.777985603,7.333410535,9.128020077,11.05221927,12.91188768,14.76439593,16.68895314,18.78410077,20.97233028,23.18776834,25.34449321,27.41458034,29.42255323,31.3902503,33.32160964
OECD ENV-Growth 2025,SSP5,1,Cabo Verde,billion USD_2015/yr,GDP|PPP,ANNUAL,,,,,,,,,,4.761578641,6.022282959,7.643472367,9.513959282,11.519515,13.4578115,15.38864513,17.39457399,19.57830596,21.85905538,24.16816374,26.41607648,28.57368837,30.66655978,32.71745249,34.73047109
OECD ENV-Growth 2025,SSP5,1,Cabo Verde,billion USD_2017/yr,GDP|PPP,ANNUAL,,,,,,,,,,5.10428,6.45572,8.19359,10.1987,12.3486,14.4264,16.4962,18.6465,20.9874,23.4323,25.9076,28.3173,30.6302,32.8737,35.0722,37.2301
OECD ENV-Growth 2025,SSP5,1,Cambodia,billion USD_2010/yr,GDP|PPP,ANNUAL,,,,,,,,,,81.03381563,110.6438288,154.3839948,217.140692,300.322155,399.0397719,511.5663105,645.1109322,799.4967141,966.0615825,1139.204766,1314.858825,1492.460823,1671.349533,1849.308951,2021.862392
OECD ENV-Growth 2025,SSP5,1,Cambodia,billion USD_2015/yr,GDP|PPP,ANNUAL,,,,,,,,,,86.72155425,118.4098851,165.22016,232.3817304,321.4016748,427.0482509,547.4729927,690.3910704,855.6131429,1033.869148,1219.165199,1407.148362,1597.21619,1788.661043,1979.111378,2163.776292
OECD ENV-Growth 2025,SSP5,1,Cambodia,billion USD_2017/yr,GDP|PPP,ANNUAL,,,,,,,,,,90.6875,123.825,172.776,243.009,336.1,446.578,572.51,721.964,894.742,1081.15,1274.92,1471.5,1670.26,1870.46,2069.62,2262.73
OECD ENV-Growth 2025,SSP5,1,Cameroon,billion USD_2010/yr,GDP|PPP,ANNUAL,,,,,,,,,,103.3733237,131.0411411,175.1358802,240.2303156,332.7081876,452.74658,603.3096837,790.6739419,1020.665673,1294.99727,1615.492781,1983.094329,2399.49424,2865.948677,3382.571042,3948.079004
OECD ENV-Growth 2025,SSP5,1,Cameroon,billion USD_2015/yr,GDP|PPP,ANNUAL,,,,,,,,,,112.6392321,142.7870652,190.8342534,261.7634541,362.5306164,493.3286972,657.3875837,861.5463106,1112.153441,1411.074858,1760.29811,2160.849766,2614.573847,3122.83911,3685.769123,4301.966613
OECD ENV-Growth 2025,SSP5,1,Cameroon,billion USD_2017/yr,GDP|PPP,ANNUAL,,,,,,,,,,118.502,150.219,200.767,275.388,381.4,519.006,691.604,906.389,1170.04,1484.52,1851.92,2273.32,2750.66,3285.38,3877.61,4525.88
OECD ENV-Growth 2025,SSP5,1,Canada,billion USD_2010/yr,GDP|PPP,ANNUAL,,,,,,,,,,1771.057614,1975.645905,2278.179868,2692.13843,3183.332669,3699.446833,4243.484183,4827.225373,5458.455645,6129.210991,6821.909815,7520.382767,8207.861635,8854.260168,9438.913063,9944.819711
OECD ENV-Growth 2025,SSP5,1,Canada,billion USD_2015/yr,GDP|PPP,ANNUAL,,,,,,,,,,1862.512497,2077.665435,2395.821819,2831.156609,3347.715417,3890.480978,4462.611639,5076.49639,5740.322491,6445.714684,7174.183484,7908.724581,8631.703875,9311.481504,9926.325038,10458.35598
OECD ENV-Growth 2025,SSP5,1,Canada,billion USD_2017/yr,GDP|PPP,ANNUAL,,,,,,,,,,1981.43,2210.32,2548.79,3011.92,3561.46,4138.88,4747.54,5400.62,6106.83,6857.26,7632.24,8413.68,9182.82,9906,10560.1,11126.1
OECD ENV-Growth 2025,SSP5,1,Central African Republic,billion USD_2010/yr,GDP|PPP,ANNUAL,,,,,,,,,,3.93669834,4.867231896,6.818641374,10.07009642,15.25554228,22.72201912,32.99735564,46.93316655,65.51022969,89.45786192,119.8782608,157.7874089,204.1815707,260.3946872,327.9067862,408.3128492
OECD ENV-Growth 2025,SSP5,1,Central African Republic,billion USD_2015/yr,GDP|PPP,ANNUAL,,,,,,,,,,4.551246969,5.627043909,7.883083286,11.64211526,17.63704875,26.26909957,38.14849447,54.25979172,75.73687608,103.4229163,138.5921715,182.4192266,236.0558708,301.0442834,379.0955359,472.0535984
OECD ENV-Growth 2025,SSP5,1,Central African Republic,billion USD_2017/yr,GDP|PPP,ANNUAL,,,,,,,,,,4.93142,6.09708,8.54157,12.6146,19.1103,28.4634,41.3351,58.7922,82.0633,112.062,150.169,197.657,255.774,326.191,410.762,511.485
OECD ENV-Growth 2025,SSP5,1,Chad,billion USD_2010/yr,GDP|PPP,ANNUAL,,,,,,,,,,29.57830171,35.88254341,50.93133118,74.57268243,109.7069314,157.6149397,221.1116297,304.4948011,412.3835938,549.0276585,717.9292937,921.2196049,1161.337431,1442.055122,1766.242763,2136.883482
OECD ENV-Growth 2025,SSP5,1,Chad,billion USD_2015/yr,GDP|PPP,ANNUAL,,,,,,,,,,27.84731128,33.78261423,47.95071223,70.20851708,103.2866288,148.3909499,208.1716673,286.6750631,388.2499549,516.8972939,675.9144158,867.3077092,1093.373287,1357.662731,1662.878164,2011.828133
OECD ENV-Growth 2025,SSP5,1,Chad,billion USD_2017/yr,GDP|PPP,ANNUAL,,,,,,,,,,28.2583,34.2812,48.6584,71.2447,104.811,150.581,211.244,290.906,393.98,524.526,685.89,880.108,1109.51,1377.7,1687.42,2041.52
OECD ENV-Growth 2025,SSP5,1,Chile,billion USD_2010/yr,GDP|PPP,ANNUAL,,,,,,,,,,450.0881289,485.3290892,550.5700683,648.3628802,776.704965,916.8619826,1060.67444,1206.439989,1356.964604,1509.263207,1655.694003,1789.749524,1906.542774,2001.434092,2070.355244,2111.839278
OECD ENV-Growth 2025,SSP5,1,Chile,billion USD_2015/yr,GDP|PPP,ANNUAL,,,,,,,,,,489.6767003,528.017363,598.9967675,705.3911787,845.0218967,997.5067579,1153.968581,1312.555287,1476.319652,1642.014041,1801.324505,1947.171198,2074.237276,2177.474985,2252.458261,2297.591122
OECD ENV-Growth 2025,SSP5,1,Chile,billion USD_2017/yr,GDP|PPP,ANNUAL,,,,,,,,,,527.728,569.048,645.543,760.205,910.686,1075.02,1243.64,1414.55,1591.04,1769.61,1941.3,2098.48,2235.42,2346.68,2427.49,2476.13
OECD ENV-Growth 2025,SSP5,1,China,billion USD_2010/yr,GDP|PPP,ANNUAL,,,,,,,,,,30707.85378,37109.17313,44568.19505,52636.58866,61541.33188,70064.09802,77889.68044,85743.80438,93617.71988,100724.6604,106894.2102,112324.389,116981.6553,120944.1337,124410.7815,127403.4736
OECD ENV-Growth 2025,SSP5,1,China,billion USD_2015/yr,GDP|PPP,ANNUAL,,,,,,,,,,30146.05914,36430.2675,43752.82796,51673.61177,60415.44432,68782.28799,76464.7028,84175.13696,91905.00059,98881.9209,104938.5999,110269.4345,114841.497,118731.4826,122134.7087,125072.65
OECD ENV-Growth 2025,SSP5,1,China,billion USD_2017/yr,GDP|PPP,ANNUAL,,,,,,,,,,29479.7,35625,42785.7,50531.4,59080,67261.9,74774.5,82314.5,89873.5,96696.2,102619,107832,112303,116107,119435,122308
OECD ENV-Growth 2025,SSP5,1,Colombia,billion USD_2010/yr,GDP|PPP,ANNUAL,,,,,,,,,,772.0470413,895.922404,1103.846741,1413.474277,1808.302366,2239.328064,2693.241041,3167.002283,3660.900362,4164.005656,4663.431671,5141.611654,5588.977679,5999.614041,6366.144148,6681.09221
OECD ENV-Growth 2025,SSP5,1,Colombia,billion USD_2015/yr,GDP|PPP,ANNUAL,,,,,,,,,,797.7044911,925.6966055,1140.530895,1460.448287,1868.397703,2313.747685,2782.745557,3272.251313,3782.563114,4302.388113,4818.411559,5312.482905,5774.716251,6198.999297,6577.710304,6903.125039
OECD ENV-Growth 2025,SSP5,1,Colombia,billion USD_2017/yr,GDP|PPP,ANNUAL,,,,,,,,,,856.133,993.5,1224.07,1567.42,2005.25,2483.22,2986.57,3511.93,4059.62,4617.52,5171.34,5701.6,6197.69,6653.05,7059.5,7408.75
OECD ENV-Growth 2025,SSP5,1,Comoros,billion USD_2010/yr,GDP|PPP,ANNUAL,,,,,,,,,,2.362229355,2.940877448,3.983608526,6.040208322,9.236660105,13.28357331,18.01221111,23.39463463,29.46120881,36.09266512,43.2395431,50.78523507,58.6866979,66.95050546,75.54762321,84.47797289
OECD ENV-Growth 2025,SSP5,1,Comoros,billion USD_2015/yr,GDP|PPP,ANNUAL,,,,,,,,,,2.763511513,3.44045707,4.660321405,7.066284738,10.80573167,15.54011159,21.07202363,27.3687828,34.46591228,42.22388286,50.58483205,59.41234347,68.6560621,78.32367854,88.38122601,98.82861297
OECD ENV-Growth 2025,SSP5,1,Comoros,billion USD_2017/yr,GDP|PPP,ANNUAL,,,,,,,,,,3.01843,3.75782,5.09021,7.71811,11.8025,16.9736,23.0158,29.8934,37.6452,46.1188,55.251,64.8928,74.9892,85.5486,96.5339,107.945
OECD ENV-Growth 2025,SSP5,1,Congo,billion USD_2010/yr,GDP|PPP,ANNUAL,,,,,,,,,,25.15615631,30.5517167,38.16794019,49.23830176,64.58215937,84.08300116,108.3325687,138.3869164,175.2575143,218.9127348,269.8606595,328.3808351,394.7181202,468.8847578,550.5369256,639.2777487
OECD ENV-Growth 2025,SSP5,1,Congo,billion USD_2015/yr,GDP|PPP,ANNUAL,,,,,,,,,,21.5845652,26.21408108,32.74897737,42.24760419,55.41298968,72.14516394,92.95185492,118.7391819,150.3750095,187.8322006,231.5467009,281.7583679,338.6772962,402.3139903,472.3734429,548.515126
OECD ENV-Growth 2025,SSP5,1,Congo,billion USD_2017/yr,GDP|PPP,ANNUAL,,,,,,,,,,24.657,29.9455,37.4106,48.2613,63.3007,82.4146,106.183,135.641,171.78,214.569,264.506,321.865,386.886,459.581,539.613,626.593
OECD ENV-Growth 2025,SSP5,1,Costa Rica,billion USD_2010/yr,GDP|PPP,ANNUAL,,,,,,,,,,101.2945433,116.6417247,140.546051,171.3583784,208.2726162,247.6617492,289.0177436,332.7314551,378.3554052,423.8000491,467.836197,508.7132555,545.6369305,577.727993,604.2527041,624.4914801
OECD ENV-Growth 2025,SSP5,1,Costa Rica,billion USD_2015/yr,GDP|PPP,ANNUAL,,,,,,,,,,118.3162461,136.2423934,164.1636423,200.1537242,243.2710916,289.2792398,337.584764,388.6442001,441.9348742,495.0161115,546.4521665,594.1982737,637.3266641,674.810362,705.7923295,729.432063
OECD ENV-Growth 2025,SSP5,1,Costa Rica,billion USD_2017/yr,GDP|PPP,ANNUAL,,,,,,,,,,128.803,148.318,178.714,217.894,264.833,314.919,367.506,423.091,481.105,538.891,594.886,646.864,693.815,734.621,768.349,794.084
OECD ENV-Growth 2025,SSP5,1,Croatia,billion USD_2010/yr,GDP|PPP,ANNUAL,,,,,,,,,,119.0397508,135.7734433,152.3878793,168.0365062,181.1060029,191.0261221,199.6335808,208.4677947,218.2149081,228.7699418,239.9279763,251.4219444,263.2098544,275.3202607,287.6851367,300.0399347
OECD ENV-Growth 2025,SSP5,1,Croatia,billion USD_2015/yr,GDP|PPP,ANNUAL,,,,,,,,,,132.9728477,151.6651477,170.2242329,187.704465,202.3036908,213.3849178,222.9998429,232.8680639,243.7560355,255.5464911,268.0105261,280.8498143,294.0174491,307.545327,321.3574592,335.1583337
OECD ENV-Growth 2025,SSP5,1,Croatia,billion USD_2017/yr,GDP|PPP,ANNUAL,,,,,,,,,,141.742,161.667,181.45,200.083,215.645,227.457,237.706,248.225,259.831,272.399,285.685,299.371,313.407,327.827,342.55,357.261
OECD ENV-Growth 2025,SSP5,1,Cuba,billion USD_2017/yr,GDP|PPP,ANNUAL,,,,,,,,,,84.3842,107.946,140.492,187.767,248.542,320.816,401.849,490.167,585.529,686.353,792.072,902.147,1014.36,1125.92,1233.81,1336.41
OECD ENV-Growth 2025,SSP5,1,Cura??ao,billion USD_2010/yr,GDP|PPP,ANNUAL,,,,,,,,,,3.382200216,4.01099049,4.999944758,6.430192079,8.283423024,10.42647469,12.93228308,15.91128931,19.38527237,23.30332036,27.6304549,32.29945344,37.24064209,42.39660355,47.7003038,53.05321889
OECD ENV-Growth 2025,SSP5,1,Cura??ao,billion USD_2015/yr,GDP|PPP,ANNUAL,,,,,,,,,,3.393486019,4.024374455,5.016628688,6.451648491,8.31106334,10.46126599,12.97543582,15.96438247,19.44995759,23.38107941,27.72265284,32.407231,37.36490752,42.5380735,47.85947126,53.23024808
OECD ENV-Growth 2025,SSP5,1,Cura??ao,billion USD_2017/yr,GDP|PPP,ANNUAL,,,,,,,,,,3.58735,4.25428,5.30322,6.82022,8.78586,11.0589,13.7167,16.8764,20.5611,24.7168,29.3064,34.2586,39.4995,44.9682,50.5936,56.2712
OECD ENV-Growth 2025,SSP5,1,Cyprus,billion USD_2010/yr,GDP|PPP,ANNUAL,,,,,,,,,,37.33112634,43.17598434,50.8134569,60.50424365,71.80586874,83.87697544,97.00271484,111.6379191,127.6871317,144.7544303,162.4830498,180.522316,198.5372178,216.3180468,233.84827,251.0713271
OECD ENV-Growth 2025,SSP5,1,Cyprus,billion USD_2015/yr,GDP|PPP,ANNUAL,,,,,,,,,,39.6153738,45.81787176,53.92267223,64.20642676,76.19958492,89.00930836,102.9381962,118.4689113,135.5001562,153.6117827,172.4251954,191.568263,210.6854753,229.5542922,248.157169,266.4340846
OECD ENV-Growth 2025,SSP5,1,Cyprus,billion USD_2017/yr,GDP|PPP,ANNUAL,,,,,,,,,,42.9015,49.6185,58.3956,69.5324,82.5204,96.3927,111.477,128.296,146.74,166.354,186.728,207.459,228.162,248.596,268.742,288.535
OECD ENV-Growth 2025,SSP5,1,Czechia,billion USD_2010/yr,GDP|PPP,ANNUAL,,,,,,,,,,377.1681795,411.0542172,457.6626122,517.8877101,583.6237754,646.1147152,710.017955,776.6058969,846.5305639,916.8374512,984.904311,1049.840129,1111.83643,1170.410236,1223.404792,1268.371888
OECD ENV-Growth 2025,SSP5,1,Czechia,billion USD_2015/yr,GDP|PPP,ANNUAL,,,,,,,,,,424.547236,462.689965,515.1532064,582.9436517,656.9373403,727.2782577,799.2088852,874.1614614,952.8699148,1032.008602,1108.625875,1181.71879,1251.502934,1317.434656,1377.086274,1427.70204
OECD ENV-Growth 2025,SSP5,1,Czechia,billion USD_2017/yr,GDP|PPP,ANNUAL,,,,,,,,,,452.933,493.626,549.597,621.92,700.861,775.905,852.645,932.609,1016.58,1101.01,1182.75,1260.73,1335.18,1405.52,1469.16,1523.16
OECD ENV-Growth 2025,SSP5,1,lvory Coast,billion USD_2010/yr,GDP|PPP,ANNUAL,,,,,,,,,,178.6387817,242.6957766,332.4433114,447.3523905,593.1335026,766.219733,967.2628118,1200.582236,1470.046524,1775.589075,2117.219404,2488.315552,2886.594082,3313.710487,3769.826508,4255.836492
OECD ENV-Growth 2025,SSP5,1,lvory Coast,billion USD_2015/yr,GDP|PPP,ANNUAL,,,,,,,,,,194.3802247,264.081848,361.7378318,486.772566,645.3997412,833.7381302,1052.496893,1306.376155,1599.585324,1932.051932,2303.786331,2707.583042,3140.957416,3605.710825,4102.019263,4630.855884
OECD ENV-Growth 2025,SSP5,1,lvory Coast,billion USD_2017/yr,GDP|PPP,ANNUAL,,,,,,,,,,187.758,255.085,349.414,470.189,623.412,805.334,1016.64,1261.87,1545.09,1866.23,2225.3,2615.34,3033.95,3482.87,3962.27,4473.09
OECD ENV-Growth 2025,SSP5,1,Democratic Republic of the Congo,billion USD_2010/yr,GDP|PPP,ANNUAL,,,,,,,,,,95.86224154,124.7836339,171.0230182,251.0005003,378.6301448,560.8375967,808.3798591,1137.755329,1566.046419,2108.029813,2777.699278,3587.623812,4552.022888,5684.326009,6994.358435,8488.940717
OECD ENV-Growth 2025,SSP5,1,Democratic Republic of the Congo,billion USD_2015/yr,GDP|PPP,ANNUAL,,,,,,,,,,115.3753915,150.1838512,205.8354507,302.0926752,455.701854,674.9983755,972.9288744,1369.350064,1884.821551,2537.127874,3343.111288,4317.899262,5478.605701,6841.393737,8418.088604,10216.8992
OECD ENV-Growth 2025,SSP5,1,Democratic Republic of the Congo,billion USD_2017/yr,GDP|PPP,ANNUAL,,,,,,,,,,135.911,176.915,242.472,355.862,536.812,795.141,1146.1,1613.08,2220.3,2988.71,3938.15,5086.44,6453.74,8059.09,9916.42,12035.4
OECD ENV-Growth 2025,SSP5,1,Denmark,billion USD_2010/yr,GDP|PPP,ANNUAL,,,,,,,,,,311.2918849,333.9837651,365.993183,409.0350798,460.66522,515.0594023,571.7074592,632.1297406,696.6359006,762.3654474,828.2337462,894.1891881,958.5988985,1018.744522,1069.245187,1109.00949
OECD ENV-Growth 2025,SSP5,1,Denmark,billion USD_2015/yr,GDP|PPP,ANNUAL,,,,,,,,,,341.1734392,366.0435601,401.1256284,448.2992063,504.8854309,564.5010237,626.5868451,692.8091868,763.5074269,835.5464894,907.737623,980.0242647,1050.616797,1116.535924,1171.884252,1215.465613
OECD ENV-Growth 2025,SSP5,1,Denmark,billion USD_2017/yr,GDP|PPP,ANNUAL,,,,,,,,,,367.936,394.757,432.591,483.465,544.49,608.782,675.738,747.155,823.399,901.089,978.943,1056.9,1133.03,1204.12,1263.81,1310.81
OECD ENV-Growth 2025,SSP5,1,Djibouti,billion USD_2010/yr,GDP|PPP,ANNUAL,,,,,,,,,,6.571856468,8.660336905,12.08585894,15.98474252,20.33425135,25.01075106,30.10326638,35.73713216,41.99457125,48.67852887,55.69367854,62.86697216,70.02586178,77.21996118,84.45667243,91.6844812
OECD ENV-Growth 2025,SSP5,1,Djibouti,billion USD_2015/yr,GDP|PPP,ANNUAL,,,,,,,,,,6.685130356,8.809608276,12.29417332,16.26025888,20.68473674,25.44184157,30.62213255,36.35310482,42.71839843,49.51756214,56.65362639,63.95056039,71.23284212,78.55094052,85.91238523,93.26477402
OECD ENV-Growth 2025,SSP5,1,Djibouti,billion USD_2017/yr,GDP|PPP,ANNUAL,,,,,,,,,,6.57003,8.65793,12.0825,15.9803,20.3286,25.0038,30.0949,35.7272,41.9829,48.665,55.6782,62.8495,70.0064,77.1985,84.4332,91.659
OECD ENV-Growth 2025,SSP5,1,Dominican Republic,billion USD_2010/yr,GDP|PPP,ANNUAL,,,,,,,,,,220.7054489,282.7219151,364.4076696,463.4308232,572.5957305,680.4830982,787.4857408,896.4024608,1010.541827,1127.29698,1246.025132,1365.190737,1484.409907,1604.307575,1724.77661,1845.120658
OECD ENV-Growth 2025,SSP5,1,Dominican Republic,billion USD_2015/yr,GDP|PPP,ANNUAL,,,,,,,,,,237.7379586,304.5404237,392.5301159,499.195187,616.7846817,732.9980452,848.2584066,965.5805606,1088.528408,1214.29391,1342.184675,1470.546651,1598.966327,1728.116862,1857.882858,1987.514221
OECD ENV-Growth 2025,SSP5,1,Dominican Republic,billion USD_2017/yr,GDP|PPP,ANNUAL,,,,,,,,,,247.217,316.683,408.181,519.099,641.377,762.224,882.08,1004.08,1131.93,1262.71,1395.7,1529.18,1662.72,1797.02,1931.96,2066.76
OECD ENV-Growth 2025,SSP5,1,Ecuador,billion USD_2010/yr,GDP|PPP,ANNUAL,,,,,,,,,,180.8530282,206.9488222,246.2137992,304.2596269,379.9797918,465.5803593,560.2518783,665.5446983,782.2638763,906.9281565,1037.046785,1169.397776,1302.460662,1434.600721,1563.304347,1684.765978
OECD ENV-Growth 2025,SSP5,1,Ecuador,billion USD_2015/yr,GDP|PPP,ANNUAL,,,,,,,,,,191.2860772,218.8872853,260.4173801,321.8117554,401.9000649,492.4387577,592.5716871,703.938639,827.3911125,959.2470254,1096.871937,1236.857991,1377.597009,1517.359963,1653.488244,1781.956753
OECD ENV-Growth 2025,SSP5,1,Ecuador,billion USD_2017/yr,GDP|PPP,ANNUAL,,,,,,,,,,205.776,235.468,280.144,346.189,432.344,529.741,637.459,757.262,890.066,1031.91,1179.96,1330.55,1481.95,1632.3,1778.74,1916.94
OECD ENV-Growth 2025,SSP5,1,Egypt,billion USD_2010/yr,GDP|PPP,ANNUAL,,,,,,,,,,1494.867337,1998.431924,2808.293066,4019.102619,5610.526927,7448.566477,9523.45405,11863.49692,14459.0115,17217.25107,20150.29686,23252.75878,26528.07533,29991.39454,33640.20721,37436.68979
OECD ENV-Growth 2025,SSP5,1,Egypt,billion USD_2015/yr,GDP|PPP,ANNUAL,,,,,,,,,,1753.72968,2344.495255,3294.597974,4715.080311,6582.087486,8738.41563,11172.60616,13917.86825,16962.84144,20198.71828,23639.67209,27279.37938,31121.8741,35184.92741,39465.59562,43919.50534
OECD ENV-Growth 2025,SSP5,1,Egypt,billion USD_2017/yr,GDP|PPP,ANNUAL,,,,,,,,,,1608.55,2150.41,3021.86,4324.75,6037.2,8015.02,10247.7,12765.7,15558.6,18526.6,21682.7,25021.1,28545.5,32272.2,36198.5,40283.7
OECD ENV-Growth 2025,SSP5,1,El Salvador,billion USD_2010/yr,GDP|PPP,ANNUAL,,,,,,,,,,52.96351119,58.67535508,67.52027224,81.72149656,100.9925073,122.8701459,146.845033,172.7900118,201.6261316,232.664906,265.519009,298.5588277,331.5961368,364.8358926,398.1852374,431.6960377
OECD ENV-Growth 2025,SSP5,1,El Salvador,billion USD_2015/yr,GDP|PPP,ANNUAL,,,,,,,,,,59.08577722,65.45787619,75.32521302,91.16801418,112.6666388,137.073202,163.819443,192.7635066,224.9329099,259.5595815,296.2114229,333.0704476,369.9266726,407.0087459,444.2130761,481.5975251
OECD ENV-Growth 2025,SSP5,1,El Salvador,billion USD_2017/yr,GDP|PPP,ANNUAL,,,,,,,,,,63.3113,70.1391,80.7121,97.6879,120.724,146.876,175.535,206.549,241.019,278.122,317.395,356.89,396.382,436.116,475.981,516.039
OECD ENV-Growth 2025,SSP5,1,Equatorial Guinea,billion USD_2010/yr,GDP|PPP,ANNUAL,,,,,,,,,,19.94736052,19.53937459,24.07240394,30.9624111,40.53489254,52.7066943,67.71845024,86.17824736,108.2586586,133.1763661,160.8449885,191.0813213,223.717348,258.372421,294.4333273,331.2080666
OECD ENV-Growth 2025,SSP5,1,Equatorial Guinea,billion USD_2015/yr,GDP|PPP,ANNUAL,,,,,,,,,,17.84391116,17.47894735,21.53396871,27.69742455,36.26048773,47.14877287,60.577539,77.09075033,96.84278196,119.132917,143.8838829,170.9317941,200.1263515,231.1270467,263.38533,296.2821727
OECD ENV-Growth 2025,SSP5,1,Equatorial Guinea,billion USD_2017/yr,GDP|PPP,ANNUAL,,,,,,,,,,21.0139,20.5841,25.3595,32.6179,42.7022,55.5248,71.3392,90.786,114.047,140.297,169.445,201.298,235.679,272.187,310.176,348.917
OECD ENV-Growth 2025,SSP5,1,Eritrea,billion USD_2010/yr,GDP|PPP,ANNUAL,,,,,,,,,,6.292034402,7.450820779,9.580331498,13.24031074,18.85750435,26.3159041,35.62712867,46.93721618,60.60330752,76.63076516,95.26081116,116.2674171,139.4556571,164.8818371,192.7541998,223.3891315
OECD ENV-Growth 2025,SSP5,1,Eritrea,billion USD_2015/yr,GDP|PPP,ANNUAL,,,,,,,,,,6.887441282,8.155882078,10.48690558,14.49322381,20.64196501,28.80614324,38.99847666,51.37882277,66.33811822,83.88223295,104.2752155,127.2696488,152.6521612,180.4843869,210.9942744,244.528149
OECD ENV-Growth 2025,SSP5,1,Eritrea,billion USD_2017/yr,GDP|PPP,ANNUAL,,,,,,,,,,7.04007,8.33662,10.7193,14.8144,21.0994,29.4445,39.8627,52.5174,67.8082,85.7411,106.586,130.09,156.035,184.484,215.67,249.947
OECD ENV-Growth 2025,SSP5,1,Estonia,billion USD_2010/yr,GDP|PPP,ANNUAL,,,,,,,,,,42.41040917,50.6639344,58.39636314,65.57877783,71.07601838,75.22291558,79.15653526,83.60992569,88.3684836,92.95386746,97.16804568,100.9207026,104.1994095,107.0530528,109.5172616,111.5133205
OECD ENV-Growth 2025,SSP5,1,Estonia,billion USD_2015/yr,GDP|PPP,ANNUAL,,,,,,,,,,47.96343422,57.29763829,66.0425159,74.16536312,80.38238721,85.07226017,89.52093002,94.55742703,99.93904875,105.1248218,109.8907853,114.1347979,117.8428037,121.07009,123.8569511,126.1143647
OECD ENV-Growth 2025,SSP5,1,Estonia,billion USD_2017/yr,GDP|PPP,ANNUAL,,,,,,,,,,51.1842,61.1452,70.4773,79.1456,85.7801,90.7849,95.5323,100.907,106.65,112.184,117.27,121.799,125.756,129.2,132.174,134.583
OECD ENV-Growth 2025,SSP5,1,Eswatini,billion USD_2010/yr,GDP|PPP,ANNUAL,,,,,,,,,,12.50271981,14.47431096,17.24952113,21.0113083,25.77092502,31.2176761,37.1810022,43.71331098,50.94921618,58.39996157,66.01970347,73.86574648,81.99320722,90.46001544,99.27002619,108.3859394
OECD ENV-Growth 2025,SSP5,1,Eswatini,billion USD_2015/yr,GDP|PPP,ANNUAL,,,,,,,,,,12.72996192,14.73738756,17.56303832,21.39319753,26.23932225,31.78507029,37.8567823,44.5078185,51.87523927,59.46140504,67.2196389,75.20828699,83.48346769,92.10416366,101.0743,110.3558987
OECD ENV-Growth 2025,SSP5,1,Eswatini,billion USD_2017/yr,GDP|PPP,ANNUAL,,,,,,,,,,11.9999,13.8922,16.5558,20.1663,24.7345,29.9622,35.6857,41.9553,48.9002,56.0513,63.3646,70.8951,78.6957,86.822,95.2777,104.027
OECD ENV-Growth 2025,SSP5,1,Ethiopia,billion USD_2010/yr,GDP|PPP,ANNUAL,,,,,,,,,,292.9533228,411.1196401,593.4158496,868.0833332,1261.562393,1768.332838,2401.880583,3187.717566,4155.412788,5306.797173,6651.856107,8175.192092,9857.786113,11697.01681,13690.06116,15828.93409
OECD ENV-Growth 2025,SSP5,1,Ethiopia,billion USD_2015/yr,GDP|PPP,ANNUAL,,,,,,,,,,335.8789421,471.3598346,680.3673905,995.2811213,1446.415552,2027.441632,2753.821331,3654.804777,4764.293635,6084.387107,7626.533711,9373.079796,11302.21955,13410.94749,15696.02698,18148.3029
OECD ENV-Growth 2025,SSP5,1,Ethiopia,billion USD_2017/yr,GDP|PPP,ANNUAL,,,,,,,,,,363.207,509.711,735.724,1076.26,1564.1,2192.4,2977.88,3952.17,5151.93,6579.43,8247.05,10135.7,12221.8,14502.1,16973.1,19624.9
OECD ENV-Growth 2025,SSP5,1,Fiji,billion USD_2010/yr,GDP|PPP,ANNUAL,,,,,,,,,,10.84157094,12.79391875,15.5682949,19.38364137,23.87524457,28.44107503,33.06332797,37.81866967,42.85531075,48.10471498,53.55517509,59.2481543,65.26080668,71.64735961,78.46374774,85.72070275
OECD ENV-Growth 2025,SSP5,1,Fiji,billion USD_2015/yr,GDP|PPP,ANNUAL,,,,,,,,,,13.16764321,15.53886962,18.90849156,23.54242527,28.99770741,34.54314237,40.15710532,45.93271138,52.04996995,58.42564026,65.04550324,71.95991809,79.26259237,87.01938801,95.29824054,104.1121841
OECD ENV-Growth 2025,SSP5,1,Fiji,billion USD_2017/yr,GDP|PPP,ANNUAL,,,,,,,,,,13.3352,15.7366,19.1491,23.842,29.3667,34.9827,40.6681,46.5172,52.7123,59.1691,65.8732,72.8756,80.2712,88.1267,96.5109,105.437
OECD ENV-Growth 2025,SSP5,1,Finland,billion USD_2010/yr,GDP|PPP,ANNUAL,,,,,,,,,,239.370833,258.3149665,282.0823856,315.0913219,353.8635749,393.5070763,435.4764544,481.6908333,532.259756,585.2895733,639.3766073,693.0348104,742.7044621,787.7520814,827.4932374,861.567882
OECD ENV-Growth 2025,SSP5,1,Finland,billion USD_2015/yr,GDP|PPP,ANNUAL,,,,,,,,,,265.7882488,286.8230925,313.2135288,349.8653934,392.9166253,436.9352582,483.5364558,534.8511406,591.0009448,649.8832326,709.9394135,769.519437,824.6707249,874.6898843,918.8169491,956.6521356
OECD ENV-Growth 2025,SSP5,1,Finland,billion USD_2017/yr,GDP|PPP,ANNUAL,,,,,,,,,,281.888,304.197,332.186,371.058,416.717,463.402,512.826,567.249,626.8,689.249,752.943,816.132,874.624,927.673,974.473,1014.6
OECD ENV-Growth 2025,SSP5,1,France,billion USD_2010/yr,GDP|PPP,ANNUAL,,,,,,,,,,2732.28363,2961.088468,3247.386282,3630.976625,4088.330738,4574.980798,5093.456871,5659.356769,6273.941266,6924.824115,7605.386253,8311.155344,9034.12377,9747.39787,10443.12337,11104.26278
OECD ENV-Growth 2025,SSP5,1,France,billion USD_2015/yr,GDP|PPP,ANNUAL,,,,,,,,,,3022.753585,3275.882739,3592.616966,4016.986923,4522.962499,5061.348484,5634.943915,6261.004815,6940.925988,7661.004402,8413.917322,9194.716952,9994.544385,10783.64689,11553.33518,12284.76054
OECD ENV-Growth 2025,SSP5,1,France,billion USD_2017/yr,GDP|PPP,ANNUAL,,,,,,,,,,3207.38,3475.97,3812.05,4262.34,4799.22,5370.49,5979.12,6643.42,7364.87,8128.93,8927.83,9756.32,10605,11442.3,12259,13035.1
OECD ENV-Growth 2025,SSP5,1,French Guiana,billion USD_2017/yr,GDP|PPP,ANNUAL,,,,,,,,,,15.9864,18.3477,21.4283,25.3716,30.1549,35.5029,41.4266,48.0729,55.4757,63.4508,72.0522,81.1373,90.643,100.551,110.775,121.102
OECD ENV-Growth 2025,SSP5,1,French Polynesia,billion USD_2017/yr,GDP|PPP,ANNUAL,,,,,,,,,,5.45366,6.40678,7.79138,9.74105,12.1266,14.6255,17.2272,20.0093,23.0204,26.2255,29.6167,33.2216,37.0436,41.1156,45.4822,50.1723
OECD ENV-Growth 2025,SSP5,1,Gabon,billion USD_2010/yr,GDP|PPP,ANNUAL,,,,,,,,,,37.05888535,43.32201969,53.62007173,66.5622975,82.11966955,99.53634206,118.8426806,140.5679729,164.9829358,191.3032107,219.324988,248.5706529,278.8013981,310.0532505,342.2623911,375.1961883
OECD ENV-Growth 2025,SSP5,1,Gabon,billion USD_2015/yr,GDP|PPP,ANNUAL,,,,,,,,,,34.12036131,39.88687059,49.36835534,61.28434836,75.60812389,91.64376968,109.4192435,129.421864,151.9008822,176.1341337,201.9339697,228.8606472,256.6942946,285.4680822,315.1232513,345.4456167
OECD ENV-Growth 2025,SSP5,1,Gabon,billion USD_2017/yr,GDP|PPP,ANNUAL,,,,,,,,,,36.0025,42.0871,52.0916,64.6649,79.7788,96.699,115.455,136.561,160.28,185.85,213.073,241.485,270.854,301.215,332.506,364.501
OECD ENV-Growth 2025,SSP5,1,Gambia,billion USD_2010/yr,GDP|PPP,ANNUAL,,,,,,,,,,7.146172935,9.291783717,12.73517325,17.56213857,24.22635174,32.66440929,43.02625887,55.66627503,70.92025749,88.89384411,109.6506459,132.9988959,158.8760208,187.3141893,218.2884966,251.8352622
OECD ENV-Growth 2025,SSP5,1,Gambia,billion USD_2015/yr,GDP|PPP,ANNUAL,,,,,,,,,,6.914178839,8.990134291,12.32173727,16.99199949,23.43986495,31.60398853,41.62944996,53.85911933,68.61789492,86.00798517,106.090936,128.681206,153.7182532,181.2332021,211.2019563,243.6596562
OECD ENV-Growth 2025,SSP5,1,Gambia,billion USD_2017/yr,GDP|PPP,ANNUAL,,,,,,,,,,6.88655,8.95421,12.2725,16.9241,23.3462,31.4777,41.4631,53.6439,68.3437,85.6643,105.667,128.167,153.104,180.509,210.358,242.686
OECD ENV-Growth 2025,SSP5,1,Georgia,billion USD_2010/yr,GDP|PPP,ANNUAL,,,,,,,,,,57.60969412,75.80419937,101.2944383,125.2506134,141.1625071,148.5047817,151.4770254,152.9713192,154.5932505,155.9194362,157.2479568,158.8566574,161.0957632,164.2407846,168.4310334,173.6229259
OECD ENV-Growth 2025,SSP5,1,Georgia,billion USD_2015/yr,GDP|PPP,ANNUAL,,,,,,,,,,70.98480332,93.4034847,124.8117333,154.3297581,173.9358793,182.9827928,186.6450954,188.4863159,190.4848073,192.1188905,193.7558506,195.7380395,198.4969933,202.372187,207.5352761,213.9325583
OECD ENV-Growth 2025,SSP5,1,Georgia,billion USD_2017/yr,GDP|PPP,ANNUAL,,,,,,,,,,74.022,97.3999,130.152,160.933,181.378,190.812,194.631,196.551,198.635,200.339,202.046,204.113,206.99,211.031,216.415,223.086
OECD ENV-Growth 2025,SSP5,1,Germany,billion USD_2010/yr,GDP|PPP,ANNUAL,,,,,,,,,,3807.937531,4024.369561,4379.844131,4920.501586,5584.531431,6265.44957,6957.886222,7677.909298,8430.225644,9208.18104,10003.62137,10786.88026,11518.18153,12151.61688,12656.60838,13036.96791
OECD ENV-Growth 2025,SSP5,1,Germany,billion USD_2015/yr,GDP|PPP,ANNUAL,,,,,,,,,,4276.192487,4519.238759,4918.425372,5525.566463,6271.250816,7035.900185,7813.484477,8622.047444,9466.874724,10340.49384,11233.74798,12113.32275,12934.55077,13645.87848,14212.96784,14640.09947
OECD ENV-Growth 2025,SSP5,1,Germany,billion USD_2017/yr,GDP|PPP,ANNUAL,,,,,,,,,,4595.24,4856.42,5285.39,5937.83,6739.15,7560.85,8396.45,9265.34,10173.2,11112,12071.9,13017.1,13899.6,14664,15273.4,15732.4
OECD ENV-Growth 2025,SSP5,1,Ghana,billion USD_2010/yr,GDP|PPP,ANNUAL,,,,,,,,,,208.8362608,268.8202972,355.8373265,478.3039921,642.981685,844.3116912,1086.316902,1377.044148,1722.646149,2117.203807,2562.299039,3056.046115,3599.733618,4194.48251,4838.983256,5530.7425
OECD ENV-Growth 2025,SSP5,1,Ghana,billion USD_2015/yr,GDP|PPP,ANNUAL,,,,,,,,,,216.815921,279.0919551,369.4339163,496.5800488,667.5500975,876.572949,1127.82521,1429.661182,1788.468679,2198.102435,2660.204813,3172.818028,3737.279901,4354.754224,5023.881425,5742.072879
OECD ENV-Growth 2025,SSP5,1,Ghana,billion USD_2017/yr,GDP|PPP,ANNUAL,,,,,,,,,,199.342,256.599,339.66,456.559,613.75,805.927,1036.93,1314.44,1644.33,2020.95,2445.81,2917.11,3436.08,4003.79,4618.99,5279.3
OECD ENV-Growth 2025,SSP5,1,Greece,billion USD_2010/yr,GDP|PPP,ANNUAL,,,,,,,,,,294.6962051,327.495363,364.6751425,415.5145415,473.2363541,531.7534384,592.3191757,655.3991312,719.805368,782.6376296,842.6897539,899.1623273,951.8822124,1000.642307,1044.64734,1081.370667
OECD ENV-Growth 2025,SSP5,1,Greece,billion USD_2015/yr,GDP|PPP,ANNUAL,,,,,,,,,,336.8557827,374.3472259,416.8459873,474.958529,540.9380905,607.8266961,677.0570373,749.1612838,822.7815507,894.6026678,963.245918,1027.797523,1088.059575,1143.795345,1194.095789,1236.072797
OECD ENV-Growth 2025,SSP5,1,Greece,billion USD_2017/yr,GDP|PPP,ANNUAL,,,,,,,,,,355.738,395.331,440.212,501.582,571.26,641.898,715.009,791.155,868.902,944.749,1017.24,1085.41,1149.05,1207.91,1261.03,1305.36
OECD ENV-Growth 2025,SSP5,1,Grenada,billion USD_2010/yr,GDP|PPP,ANNUAL,,,,,,,,,,1.639383355,1.9006538,2.311787444,2.905619253,3.627802254,4.378203565,5.164744398,6.028342923,6.99909651,8.039278154,9.133369404,10.27165908,11.45328055,12.68447034,13.97535271,15.3268186
OECD ENV-Growth 2025,SSP5,1,Grenada,billion USD_2015/yr,GDP|PPP,ANNUAL,,,,,,,,,,1.891510856,2.192963157,2.667326732,3.352486375,4.185736866,5.051545477,5.959051657,6.955466547,8.075516316,9.275671768,10.53802781,11.85137973,13.21472761,14.63526714,16.12467962,17.68399299
OECD ENV-Growth 2025,SSP5,1,Grenada,billion USD_2017/yr,GDP|PPP,ANNUAL,,,,,,,,,,2.02408,2.34666,2.85427,3.58745,4.4791,5.40559,6.3767,7.44295,8.6415,9.92577,11.2766,12.682,14.1409,15.661,17.2548,18.9234
OECD ENV-Growth 2025,SSP5,1,Guam,billion USD_2017/yr,GDP|PPP,ANNUAL,,,,,,,,,,6.49352,7.87953,9.49694,11.313,13.1692,14.9058,16.5511,18.2035,19.9423,21.734,23.5896,25.516,27.5274,29.6357,31.8352,34.1171
OECD ENV-Growth 2025,SSP5,1,Guatemala,billion USD_2010/yr,GDP|PPP,ANNUAL,,,,,,,,,,161.0791487,194.9255146,242.2936229,309.2219553,396.2977386,497.0550849,610.1542404,736.4399715,875.9095384,1023.729051,1178.846431,1337.032369,1495.592744,1654.64628,1813.270583,1970.150557
OECD ENV-Growth 2025,SSP5,1,Guatemala,billion USD_2015/yr,GDP|PPP,ANNUAL,,,,,,,,,,177.8690996,215.2434133,267.5488969,341.4534483,437.6055034,548.8652079,673.7531597,813.2021788,967.2092399,1130.436596,1301.722508,1476.396825,1651.484609,1827.116957,2002.275332,2175.507561
OECD ENV-Growth 2025,SSP5,1,Guatemala,billion USD_2017/yr,GDP|PPP,ANNUAL,,,,,,,,,,176.378,213.439,265.306,338.591,433.937,544.264,668.105,806.385,959.101,1120.96,1290.81,1464.02,1637.64,1811.8,1985.49,2157.27
OECD ENV-Growth 2025,SSP5,1,Guinea,billion USD_2010/yr,GDP|PPP,ANNUAL,,,,,,,,,,39.27564537,51.60718437,71.51424478,101.9408049,145.8295168,202.6430543,272.9304131,358.7593885,462.7936261,584.9597497,726.0878833,884.2101292,1059.048895,1251.444915,1462.379483,1692.294627
OECD ENV-Growth 2025,SSP5,1,Guinea,billion USD_2015/yr,GDP|PPP,ANNUAL,,,,,,,,,,38.71222343,50.86686247,70.48834961,100.4784308,143.7375448,199.7360735,269.0151373,353.612868,456.1547005,576.5683113,715.6719157,871.5258464,1043.856494,1233.492529,1441.401172,1668.018108
OECD ENV-Growth 2025,SSP5,1,Guinea,billion USD_2017/yr,GDP|PPP,ANNUAL,,,,,,,,,,44.4269,58.3758,80.8938,115.311,164.956,229.221,308.727,405.813,523.492,661.681,821.319,1000.18,1197.95,1415.58,1654.18,1914.25
OECD ENV-Growth 2025,SSP5,1,Guinea-Bissau,billion USD_2010/yr,GDP|PPP,ANNUAL,,,,,,,,,,3.911583379,4.96738218,6.463322242,8.684468663,11.88699446,16.09373592,21.41738593,28.09080926,36.32806431,46.22187584,57.84601703,71.22808022,86.34439408,103.2243662,121.8608082,142.1803823
OECD ENV-Growth 2025,SSP5,1,Guinea-Bissau,billion USD_2015/yr,GDP|PPP,ANNUAL,,,,,,,,,,4.732132742,6.009410916,7.819160643,10.50624633,14.38057948,19.46978686,25.91020142,33.98353694,43.94875577,55.91803392,69.9806203,86.16989539,104.4572222,124.8781774,147.4240645,172.0061615
OECD ENV-Growth 2025,SSP5,1,Guinea-Bissau,billion USD_2017/yr,GDP|PPP,ANNUAL,,,,,,,,,,5.38701,6.84105,8.90125,11.9602,16.3707,22.1642,29.4959,38.6865,50.0308,63.6565,79.6652,98.0949,118.913,142.16,167.826,195.81
OECD ENV-Growth 2025,SSP5,1,Guyana,billion USD_2010/yr,GDP|PPP,ANNUAL,,,,,,,,,,50.97883873,107.4466912,176.7978607,232.6789371,247.9452138,235.7604316,214.1805568,192.2250153,173.6906942,158.5527774,146.1703209,135.9913769,127.7421108,121.1563896,115.9877623,112.0163054
OECD ENV-Growth 2025,SSP5,1,Guyana,billion USD_2015/yr,GDP|PPP,ANNUAL,,,,,,,,,,59.23766403,124.8535893,205.4399931,270.3740816,288.113571,273.9547936,248.8788718,223.3664233,201.8294501,184.2391156,169.8506396,158.022656,148.4369677,140.784327,134.7783564,130.1635038
OECD ENV-Growth 2025,SSP5,1,Guyana,billion USD_2017/yr,GDP|PPP,ANNUAL,,,,,,,,,,59.5733,125.561,206.604,271.906,289.746,275.507,250.289,224.632,202.973,185.283,170.813,158.918,149.278,141.582,135.542,130.901
OECD ENV-Growth 2025,SSP5,1,Haiti,billion USD_2010/yr,GDP|PPP,ANNUAL,,,,,,,,,,29.97246171,33.4830856,43.35407257,60.99752483,89.3098581,128.1810622,179.0099686,244.1026721,326.1114979,423.5858125,536.8386235,664.6737302,806.1768221,961.1703452,1129.33397,1309.249098
OECD ENV-Growth 2025,SSP5,1,Haiti,billion USD_2015/yr,GDP|PPP,ANNUAL,,,,,,,,,,30.59812562,34.18203247,44.2590726,62.27082532,91.17416794,130.8567939,182.7467346,249.198224,332.9189533,432.4280078,548.0449287,678.5485454,823.0054614,981.2344162,1152.908394,1336.579182
OECD ENV-Growth 2025,SSP5,1,Haiti,billion USD_2017/yr,GDP|PPP,ANNUAL,,,,,,,,,,32.7487,36.5845,47.3698,66.6475,97.5823,140.054,195.591,266.713,356.318,462.821,586.564,726.24,880.85,1050.2,1233.94,1430.52
OECD ENV-Growth 2025,SSP5,1,Honduras,billion USD_2010/yr,GDP|PPP,ANNUAL,,,,,,,,,,50.82678225,61.45115729,78.18208852,105.2452088,144.4601001,194.0284558,254.3253113,326.4812084,411.5342888,508.9604346,616.7796447,731.4845997,850.8336277,973.4772221,1097.549523,1220.433824
OECD ENV-Growth 2025,SSP5,1,Honduras,billion USD_2015/yr,GDP|PPP,ANNUAL,,,,,,,,,,59.76431677,72.25691393,91.92986251,123.7518433,169.8623994,228.1470041,299.0466403,383.8906477,483.899718,598.4575708,725.2360357,860.1110555,1000.446776,1144.65639,1290.545938,1435.038584
OECD ENV-Growth 2025,SSP5,1,Honduras,billion USD_2017/yr,GDP|PPP,ANNUAL,,,,,,,,,,65.4587,79.1416,100.689,135.543,186.047,249.885,327.54,420.468,530.006,655.479,794.337,942.063,1095.77,1253.72,1413.51,1571.77
OECD ENV-Growth 2025,SSP5,1,Hong Kong,billion USD_2010/yr,GDP|PPP,ANNUAL,,,,,,,,,,454.7715544,514.4623321,565.4094183,599.2895467,623.408919,643.6391203,663.4508119,685.4469899,711.0134288,737.7961314,764.7301487,789.1770503,810.7346072,829.4028193,845.5216661,859.1170049
OECD ENV-Growth 2025,SSP5,1,Hong Kong,billion USD_2015/yr,GDP|PPP,ANNUAL,,,,,,,,,,468.1456241,529.5918076,582.0371623,616.9136485,641.7423311,662.5674688,682.9617891,705.6048378,731.9231428,759.4934798,787.2195815,812.3854255,834.576954,853.794167,870.3870421,884.382197
OECD ENV-Growth 2025,SSP5,1,Hong Kong,billion USD_2017/yr,GDP|PPP,ANNUAL,,,,,,,,,,474.864,537.192,590.39,625.767,650.952,672.076,692.763,715.731,742.427,770.393,798.517,824.044,846.554,866.047,882.878,897.074
OECD ENV-Growth 2025,SSP5,1,Hungary,billion USD_2010/yr,GDP|PPP,ANNUAL,,,,,,,,,,316.6928994,362.8521839,415.5987986,470.6836269,522.7621807,569.3505522,613.7286367,658.5740087,703.3554173,745.7417561,784.7149429,820.1790325,852.1278065,879.7270769,902.1222231,918.6194212
OECD ENV-Growth 2025,SSP5,1,Hungary,billion USD_2015/yr,GDP|PPP,ANNUAL,,,,,,,,,,347.0974198,397.6882874,455.4989106,515.8722306,572.9506547,624.0118044,672.6504656,721.8012767,770.8819837,817.337679,860.0525381,898.9214045,933.9374628,964.1864376,988.7316594,1006.812693
OECD ENV-Growth 2025,SSP5,1,Hungary,billion USD_2017/yr,GDP|PPP,ANNUAL,,,,,,,,,,356.484,408.443,467.817,529.823,588.445,640.887,690.841,741.321,791.729,839.441,883.311,923.231,959.194,990.261,1015.47,1034.04
OECD ENV-Growth 2025,SSP5,1,Iceland,billion USD_2010/yr,GDP|PPP,ANNUAL,,,,,,,,,,19.4792561,22.3886404,26.15294705,30.63816754,35.26611254,39.54097571,43.6267687,47.80902435,52.17833879,56.57606404,60.8748124,64.95297888,68.48907717,71.28850577,73.44504551,75.17056225
OECD ENV-Growth 2025,SSP5,1,Iceland,billion USD_2015/yr,GDP|PPP,ANNUAL,,,,,,,,,,21.93141798,25.20705248,29.44523192,34.49507801,39.7056156,44.51862337,49.11875971,53.82750199,58.74685111,63.69818755,68.53808732,73.12963709,77.11087996,80.2627169,82.69073438,84.63346918
OECD ENV-Growth 2025,SSP5,1,Iceland,billion USD_2017/yr,GDP|PPP,ANNUAL,,,,,,,,,,23.2428,26.7143,31.2059,36.5577,42.0798,47.1806,52.0558,57.0461,62.2596,67.507,72.6363,77.5024,81.7217,85.062,87.6352,89.6941
OECD ENV-Growth 2025,SSP5,1,India,billion USD_2010/yr,GDP|PPP,ANNUAL,,,,,,,,,,11643.33058,15540.73582,20602.90777,27172.63359,34956.40548,43228.73285,52010.80581,61455.58747,71542.47907,81874.97894,92267.10683,102322.6568,111844.4128,120744.2634,128921.6787,136311.61
OECD ENV-Growth 2025,SSP5,1,India,billion USD_2015/yr,GDP|PPP,ANNUAL,,,,,,,,,,11852.80934,15820.33399,20973.58104,27661.50483,35585.31696,44006.47433,52946.54828,62561.25392,72829.6219,83348.01696,93927.11283,104163.5753,113856.6401,122916.6107,131241.1484,138764.0343
OECD ENV-Growth 2025,SSP5,1,India,billion USD_2017/yr,GDP|PPP,ANNUAL,,,,,,,,,,11813.6,15768,20904.2,27570,35467.6,43860.9,52771.4,62354.3,72588.7,83072.3,93616.4,103819,113480,122510,130807,138305
OECD ENV-Growth 2025,SSP5,1,Indonesia,billion USD_2010/yr,GDP|PPP,ANNUAL,,,,,,,,,,4072.401067,5100.707717,6397.105815,8034.069155,9851.087787,11614.28487,13383.63094,15185.4157,16998.90304,18796.78694,20555.14902,22247.0939,23864.71721,25384.20319,26776.60341,28008.76057
OECD ENV-Growth 2025,SSP5,1,Indonesia,billion USD_2015/yr,GDP|PPP,ANNUAL,,,,,,,,,,4005.265664,5016.620207,6291.646587,7901.623834,9688.688079,11422.81805,13162.99564,14935.07715,16718.66831,18486.91327,20216.28795,21880.34033,23471.29638,24965.73294,26335.1788,27547.02328
OECD ENV-Growth 2025,SSP5,1,Indonesia,billion USD_2017/yr,GDP|PPP,ANNUAL,,,,,,,,,,3967.11,4968.83,6231.71,7826.35,9596.39,11314,13037.6,14792.8,16559.4,18310.8,20023.7,21671.9,23247.7,24727.9,26084.3,27284.6
OECD ENV-Growth 2025,SSP5,1,Iran,billion USD_2010/yr,GDP|PPP,ANNUAL,,,,,,,,,,1790.947745,1992.217014,2273.347519,2610.120842,3018.322092,3457.133575,3930.261572,4466.432796,5068.855306,5695.04662,6331.190209,6973.810676,7621.814363,8278.919703,8951.202567,9641.166213
OECD ENV-Growth 2025,SSP5,1,Iran,billion USD_2015/yr,GDP|PPP,ANNUAL,,,,,,,,,,1454.626442,1618.099443,1846.436572,2119.967377,2451.512691,2807.919956,3192.199451,3627.683312,4116.97716,4625.576278,5142.258737,5664.201784,6190.517139,6724.224952,7270.260108,7830.655778
OECD ENV-Growth 2025,SSP5,1,Iran,billion USD_2017/yr,GDP|PPP,ANNUAL,,,,,,,,,,1473.82,1639.45,1870.8,2147.94,2483.86,2844.97,3234.32,3675.55,4171.3,4686.61,5210.11,5738.94,6272.2,6812.95,7366.19,7933.98
OECD ENV-Growth 2025,SSP5,1,Iraq,billion USD_2010/yr,GDP|PPP,ANNUAL,,,,,,,,,,629.8446572,734.7815204,982.2645418,1518.204773,2241.706334,3076.465778,4003.034901,5028.556496,6157.768856,7369.51233,8653.291961,9986.194225,11360.22768,12773.83646,14218.97255,15649.37044
OECD ENV-Growth 2025,SSP5,1,Iraq,billion USD_2015/yr,GDP|PPP,ANNUAL,,,,,,,,,,451.6589334,526.9087131,704.3777386,1088.698206,1607.518108,2206.120567,2870.559356,3605.956545,4415.70994,5284.646049,6205.238979,7161.057541,8146.371104,9160.06397,10196.36494,11222.0972
OECD ENV-Growth 2025,SSP5,1,Iraq,billion USD_2017/yr,GDP|PPP,ANNUAL,,,,,,,,,,445.304,519.495,694.467,1073.38,1584.9,2175.08,2830.17,3555.22,4353.58,5210.29,6117.93,7060.3,8031.75,9031.18,10052.9,11064.2
OECD ENV-Growth 2025,SSP5,1,Ireland,billion USD_2010/yr,GDP|PPP,ANNUAL,,,,,,,,,,481.1713194,545.0180583,621.1585587,725.3061668,862.0525284,1022.792333,1193.86012,1373.847163,1558.833176,1740.832687,1915.192871,2080.505001,2233.283484,2372.763581,2501.714449,2610.379644
OECD ENV-Growth 2025,SSP5,1,Ireland,billion USD_2015/yr,GDP|PPP,ANNUAL,,,,,,,,,,584.2219483,661.7425002,754.1897215,880.6422262,1046.675035,1241.839871,1449.544595,1668.078778,1892.68254,2113.660193,2325.362434,2526.078834,2711.577302,2880.929321,3037.497105,3169.434711
OECD ENV-Growth 2025,SSP5,1,Ireland,billion USD_2017/yr,GDP|PPP,ANNUAL,,,,,,,,,,597.738,677.052,771.638,901.016,1070.89,1270.57,1483.08,1706.67,1936.47,2162.56,2379.16,2584.52,2774.31,2947.58,3107.77,3242.76
OECD ENV-Growth 2025,SSP5,1,Israel,billion USD_2010/yr,GDP|PPP,ANNUAL,,,,,,,,,,394.4461925,474.1167344,574.029671,699.7035561,844.3113922,992.9634312,1153.799391,1331.431321,1526.791381,1735.714787,1956.183285,2185.947719,2424.264074,2671.217868,2926.612407,3189.532635
OECD ENV-Growth 2025,SSP5,1,Israel,billion USD_2015/yr,GDP|PPP,ANNUAL,,,,,,,,,,439.578233,528.3645787,639.7094286,779.7627627,940.9164466,1106.577066,1285.815675,1483.772029,1701.484943,1934.313104,2180.007332,2436.061126,2701.64534,2976.855278,3261.471741,3554.474974
OECD ENV-Growth 2025,SSP5,1,Israel,billion USD_2017/yr,GDP|PPP,ANNUAL,,,,,,,,,,461.237,554.398,671.229,818.183,987.277,1161.1,1349.17,1556.88,1785.32,2029.62,2287.42,2556.09,2834.76,3123.53,3422.17,3729.61
OECD ENV-Growth 2025,SSP5,1,Italy,billion USD_2010/yr,GDP|PPP,ANNUAL,,,,,,,,,,2207.353065,2326.468336,2540.99119,2843.455806,3216.631466,3611.364065,4022.264368,4450.255302,4891.744044,5333.488239,5764.610532,6179.070697,6558.59148,6895.599937,7177.859043,7396.312577
OECD ENV-Growth 2025,SSP5,1,Italy,billion USD_2015/yr,GDP|PPP,ANNUAL,,,,,,,,,,2455.881923,2588.408543,2827.084815,3163.60433,3578.796341,4017.972415,4475.136537,4951.315547,5442.512102,5933.992872,6413.655806,6874.780599,7297.032139,7671.984832,7986.023872,8229.073384
OECD ENV-Growth 2025,SSP5,1,Italy,billion USD_2017/yr,GDP|PPP,ANNUAL,,,,,,,,,,2678.69,2823.24,3083.57,3450.62,3903.48,4382.5,4881.14,5400.52,5936.28,6472.35,6995.53,7498.49,7959.05,8368.02,8710.55,8975.65
OECD ENV-Growth 2025,SSP5,1,Jamaica,billion USD_2010/yr,GDP|PPP,ANNUAL,,,,,,,,,,25.13869857,27.14787555,30.73847572,37.1213022,45.98161948,56.07531025,67.30584673,79.96747623,94.23909581,109.7726558,126.319799,143.4241216,160.9107242,178.6163674,196.4044631,213.5687512
OECD ENV-Growth 2025,SSP5,1,Jamaica,billion USD_2015/yr,GDP|PPP,ANNUAL,,,,,,,,,,27.95967651,30.19431641,34.18784132,41.28692656,51.14151805,62.36788794,74.85867644,88.94115029,104.8142817,122.0909641,140.4949707,159.5186813,178.9675701,198.6600794,218.4442938,237.534699
OECD ENV-Growth 2025,SSP5,1,Jamaica,billion USD_2017/yr,GDP|PPP,ANNUAL,,,,,,,,,,30.1838,32.5962,36.9074,44.5712,55.2097,67.3291,80.8135,96.0162,113.152,131.803,151.671,172.208,193.204,214.463,235.821,256.43
OECD ENV-Growth 2025,SSP5,1,Japan,billion USD_2010/yr,GDP|PPP,ANNUAL,,,,,,,,,,5029.84449,5259.993028,5721.023355,6364.141681,7128.10748,7876.053099,8594.213807,9295.138436,9984.76726,10642.4671,11245.96194,11785.78445,12266.38984,12690.09853,13039.92505,13262.96382
OECD ENV-Growth 2025,SSP5,1,Japan,billion USD_2015/yr,GDP|PPP,ANNUAL,,,,,,,,,,5485.705443,5736.712623,6239.526692,6940.931618,7774.136571,8589.869416,9373.117906,10137.56819,10889.69892,11607.0069,12265.19721,12853.94449,13378.10774,13840.21767,14221.74939,14465.00244
OECD ENV-Growth 2025,SSP5,1,Japan,billion USD_2017/yr,GDP|PPP,ANNUAL,,,,,,,,,,5419.11,5667.07,6163.78,6856.67,7679.76,8485.59,9259.33,10014.5,10757.5,11466.1,12116.3,12697.9,13215.7,13672.2,14049.1,14289.4
OECD ENV-Growth 2025,SSP5,1,Jordan,billion USD_2010/yr,GDP|PPP,ANNUAL,,,,,,,,,,95.37545278,111.0113619,134.8082246,171.6967041,222.3076511,283.4767849,354.9693119,437.528884,530.3859469,631.7925006,740.1843694,854.6148592,974.5099376,1098.507635,1224.995313,1352.193221
OECD ENV-Growth 2025,SSP5,1,Jordan,billion USD_2015/yr,GDP|PPP,ANNUAL,,,,,,,,,,106.3818844,123.8221946,150.3652413,191.5106917,247.9621974,316.1903161,395.9331589,488.020196,591.5930656,704.7020466,825.6024557,953.2383492,1086.969451,1225.276618,1366.361113,1508.237799
OECD ENV-Growth 2025,SSP5,1,Jordan,billion USD_2017/yr,GDP|PPP,ANNUAL,,,,,,,,,,114.145,132.858,161.338,205.486,266.057,339.264,424.826,523.633,634.764,756.127,885.85,1022.8,1166.29,1314.69,1466.07,1618.3
OECD ENV-Growth 2025,SSP5,1,Kazakhstan,billion USD_2010/yr,GDP|PPP,ANNUAL,,,,,,,,,,537.2061469,618.5618922,730.7767451,863.1791782,1000.971365,1129.688646,1257.759895,1394.34031,1547.819079,1715.45518,1893.815414,2083.942661,2289.685427,2514.57843,2760.827408,3027.850933
OECD ENV-Growth 2025,SSP5,1,Kazakhstan,billion USD_2015/yr,GDP|PPP,ANNUAL,,,,,,,,,,554.3618792,638.3157284,754.1141738,890.7448919,1032.937486,1165.765367,1297.926584,1438.868708,1597.248837,1770.238414,1954.2946,2150.493579,2362.806761,2594.881745,2848.994709,3124.545657
OECD ENV-Growth 2025,SSP5,1,Kazakhstan,billion USD_2017/yr,GDP|PPP,ANNUAL,,,,,,,,,,582.083,670.235,791.824,935.287,1084.59,1224.06,1362.83,1510.82,1677.12,1858.76,2052.02,2258.03,2480.96,2724.64,2991.46,3280.79
OECD ENV-Growth 2025,SSP5,1,Kenya,billion USD_2010/yr,GDP|PPP,ANNUAL,,,,,,,,,,216.9011913,282.7560481,374.9009951,506.5916349,687.0130743,911.0930886,1180.309546,1501.272587,1880.375475,2312.44002,2798.299819,3334.874802,3920.497775,4551.996832,5227.30211,5943.093349
OECD ENV-Growth 2025,SSP5,1,Kenya,billion USD_2015/yr,GDP|PPP,ANNUAL,,,,,,,,,,277.4724421,361.7177513,479.5948515,648.0610696,878.8665211,1165.522525,1509.919656,1920.513983,2405.484137,2958.20588,3579.745596,4266.163084,5015.325574,5823.17538,6687.064616,7602.745816
OECD ENV-Growth 2025,SSP5,1,Kenya,billion USD_2017/yr,GDP|PPP,ANNUAL,,,,,,,,,,307.035,400.256,530.692,717.107,972.503,1289.7,1670.79,2125.13,2661.77,3273.38,3961.14,4720.69,5549.67,6443.59,7399.52,8412.76
OECD ENV-Growth 2025,SSP5,1,Kiribati,billion USD_2010/yr,GDP|PPP,ANNUAL,,,,,,,,,,0.225132394,0.257888861,0.349382135,0.533464362,0.853070885,1.319933755,1.972677691,2.876342105,4.100050069,5.689248708,7.679905873,10.08808738,12.95252031,16.31655121,20.20634824,24.61496882
OECD ENV-Growth 2025,SSP5,1,Kiribati,billion USD_2015/yr,GDP|PPP,ANNUAL,,,,,,,,,,0.245533534,0.281258339,0.381042588,0.581806055,0.930374812,1.439544054,2.151438606,3.136991653,4.471590087,6.20479938,8.375846732,11.00225382,14.12625711,17.79513114,22.03741539,26.84553815
OECD ENV-Growth 2025,SSP5,1,Kiribati,billion USD_2017/yr,GDP|PPP,ANNUAL,,,,,,,,,,0.252937,0.289739,0.392532,0.599349,0.958428,1.48295,2.21631,3.23158,4.60642,6.39189,8.6284,11.334,14.5522,18.3317,22.7019,27.655
OECD ENV-Growth 2025,SSP5,1,Kosovo,billion USD_2010/yr,GDP|PPP,ANNUAL,,,,,,,,,,23.37215575,27.84953016,33.41741652,39.68128488,45.83813996,51.32117769,56.57913172,61.97835404,67.95318577,74.54532241,81.46725384,88.60156166,95.86012225,103.2421111,110.6961821,118.1298446
OECD ENV-Growth 2025,SSP5,1,Kosovo,billion USD_2015/yr,GDP|PPP,ANNUAL,,,,,,,,,,24.43540657,29.1164666,34.93764837,41.48647389,47.92341786,53.65589105,59.15304099,64.79788581,71.04452579,77.93655325,85.17337857,92.63224177,100.2210103,107.938822,115.7319951,123.5038313
OECD ENV-Growth 2025,SSP5,1,Kosovo,billion USD_2017/yr,GDP|PPP,ANNUAL,,,,,,,,,,24.66538663,29.39050365,35.26647296,41.87693443,48.37446134,54.16088716,59.70977493,65.40774765,71.71317948,78.67007301,85.97500956,93.50407375,101.1642659,108.9547158,116.8212363,124.6662192
OECD ENV-Growth 2025,SSP5,1,Kuwait,billion USD_2010/yr,GDP|PPP,ANNUAL,,,,,,,,,,282.4568296,319.7926822,369.7688037,431.9527279,500.553654,573.3892515,649.5958375,730.0383446,809.7621576,882.7352444,954.2996906,1024.772971,1095.736214,1168.745548,1242.913542,1314.672973
OECD ENV-Growth 2025,SSP5,1,Kuwait,billion USD_2015/yr,GDP|PPP,ANNUAL,,,,,,,,,,194.4170166,220.1155457,254.5144606,297.3160917,344.5345903,394.6678428,447.1213703,502.4905121,557.3649716,607.592859,656.8511692,705.3584226,754.2029203,804.4557569,855.5061073,904.8986269
OECD ENV-Growth 2025,SSP5,1,Kuwait,billion USD_2017/yr,GDP|PPP,ANNUAL,,,,,,,,,,225.983,255.854,295.838,345.589,400.474,458.747,519.717,584.076,647.86,706.243,763.499,819.882,876.657,935.069,994.408,1051.82
OECD ENV-Growth 2025,SSP5,1,Kyrgyzstan,billion USD_2010/yr,GDP|PPP,ANNUAL,,,,,,,,,,29.43225749,35.95434416,45.58418426,59.12116564,76.30737077,95.71192,117.457177,141.9731285,169.770244,200.6331575,234.2391928,270.5332041,309.9027012,352.972171,400.1276327,451.4294483
OECD ENV-Growth 2025,SSP5,1,Kyrgyzstan,billion USD_2015/yr,GDP|PPP,ANNUAL,,,,,,,,,,34.64380711,42.32075519,53.65574447,69.58970984,89.81906451,112.6595639,138.2552386,167.1122128,199.8313445,236.159133,275.7157658,318.4363328,364.7769597,415.4727109,470.9779578,531.3637507
OECD ENV-Growth 2025,SSP5,1,Kyrgyzstan,billion USD_2017/yr,GDP|PPP,ANNUAL,,,,,,,,,,39.4952,48.2472,61.1695,79.3348,102.397,128.436,157.616,190.514,227.815,269.23,314.326,363.029,415.859,473.654,536.932,605.774
OECD ENV-Growth 2025,SSP5,1,Laos,billion USD_2010/yr,GDP|PPP,ANNUAL,,,,,,,,,,52.88865769,66.20208586,85.43059691,111.5564795,144.7417566,182.282556,223.7985953,269.8063174,320.8560036,374.32999,429.6377109,484.9849103,540.3578915,596.0523402,652.3027102,709.0002343
OECD ENV-Growth 2025,SSP5,1,Laos,billion USD_2015/yr,GDP|PPP,ANNUAL,,,,,,,,,,61.87919712,77.45577406,99.95293844,130.5199581,169.3463983,213.2687557,261.8421038,315.6706754,375.3982945,437.9623203,502.671797,567.4274632,632.2132938,697.3752382,763.1876049,829.5231374
OECD ENV-Growth 2025,SSP5,1,Laos,billion USD_2017/yr,GDP|PPP,ANNUAL,,,,,,,,,,65.6445,82.1689,106.035,138.462,179.651,226.246,277.775,334.879,398.241,464.612,533.259,601.955,670.683,739.81,809.627,879.999
OECD ENV-Growth 2025,SSP5,1,Latvia,billion USD_2010/yr,GDP|PPP,ANNUAL,,,,,,,,,,54.21181536,59.66924933,65.76400696,73.18166484,81.14030773,88.82306415,95.90713273,103.2579724,111.1172661,119.2391494,127.3551789,135.3466037,143.1364867,150.6980671,157.9652795,164.7106575
OECD ENV-Growth 2025,SSP5,1,Latvia,billion USD_2015/yr,GDP|PPP,ANNUAL,,,,,,,,,,60.79490971,66.91505535,73.74991667,82.06832176,90.99340521,99.60910051,107.5534076,115.7968806,124.6105505,133.7186972,142.8202791,151.7821253,160.5179558,168.9977604,177.147451,184.7119394
OECD ENV-Growth 2025,SSP5,1,Latvia,billion USD_2017/yr,GDP|PPP,ANNUAL,,,,,,,,,,64.8255,71.3514,78.6394,87.5093,97.0261,106.213,114.684,123.474,132.872,142.584,152.289,161.845,171.16,180.202,188.892,196.958
OECD ENV-Growth 2025,SSP5,1,Lebanon,billion USD_2010/yr,GDP|PPP,ANNUAL,,,,,,,,,,53.84379271,60.97027241,71.97180921,89.03583326,112.5414044,140.2706751,171.9364554,207.7417854,247.6604168,290.8508519,336.5418468,384.2671039,434.0212191,485.3680032,537.0413502,587.9820539
OECD ENV-Growth 2025,SSP5,1,Lebanon,billion USD_2015/yr,GDP|PPP,ANNUAL,,,,,,,,,,64.64957158,73.20624703,86.41565531,106.9042166,135.1270632,168.4212533,206.4419615,249.4329755,297.3627792,349.2209969,404.0816057,461.3847278,521.1238744,582.7753189,644.8188633,705.9827321
OECD ENV-Growth 2025,SSP5,1,Lebanon,billion USD_2017/yr,GDP|PPP,ANNUAL,,,,,,,,,,69.7444,78.9754,93.2258,115.329,145.776,181.694,222.711,269.09,320.797,376.742,435.926,497.745,562.192,628.702,695.635,761.619
OECD ENV-Growth 2025,SSP5,1,Lesotho,billion USD_2010/yr,GDP|PPP,ANNUAL,,,,,,,,,,5.313581686,5.943349149,7.259855989,9.188783994,11.74982937,14.80668826,18.37711953,22.58848483,27.61245331,33.46543847,40.12331336,47.55692831,55.84198276,65.10404455,75.45065353,86.95643288
OECD ENV-Growth 2025,SSP5,1,Lesotho,billion USD_2015/yr,GDP|PPP,ANNUAL,,,,,,,,,,6.55329478,7.329993449,8.953654834,11.33262152,14.49118505,18.26124046,22.66468996,27.85860997,34.05472181,41.27326843,49.4844938,58.65244734,68.87048995,80.29348573,93.05406469,107.2442603
OECD ENV-Growth 2025,SSP5,1,Lesotho,billion USD_2017/yr,GDP|PPP,ANNUAL,,,,,,,,,,5.9243,6.62645,8.09427,10.2449,13.1003,16.5085,20.4893,25.1847,30.7861,37.3118,44.7349,53.0229,62.2602,72.5868,84.1226,96.9508
OECD ENV-Growth 2025,SSP5,1,Liberia,billion USD_2010/yr,GDP|PPP,ANNUAL,,,,,,,,,,6.211765735,8.490352989,11.53726207,16.14346264,23.01339874,32.33771176,44.51172585,60.17889938,79.96180326,104.2324292,133.6326988,168.4350565,208.851171,255.1716498,307.5145524,365.9064245
OECD ENV-Growth 2025,SSP5,1,Liberia,billion USD_2015/yr,GDP|PPP,ANNUAL,,,,,,,,,,6.993447187,9.558769239,12.98909785,18.1749374,25.90937836,36.4070522,50.11303022,67.75174283,90.02410458,117.3489182,150.4488838,189.6307302,235.132762,287.2821566,346.2118298,411.9516679
OECD ENV-Growth 2025,SSP5,1,Liberia,billion USD_2017/yr,GDP|PPP,ANNUAL,,,,,,,,,,8.89204,12.1538,16.5154,23.1091,32.9433,46.2909,63.7178,86.1451,114.464,149.207,191.293,241.112,298.967,365.274,440.202,523.789
OECD ENV-Growth 2025,SSP5,1,Libya,billion USD_2010/yr,GDP|PPP,ANNUAL,,,,,,,,,,150.8733518,172.7248061,190.7505691,232.1198928,298.3277752,385.2487542,491.85532,617.0197178,758.4633044,912.319905,1078.413127,1256.579109,1446.73592,1648.88356,1860.805075,2073.786873
OECD ENV-Growth 2025,SSP5,1,Libya,billion USD_2015/yr,GDP|PPP,ANNUAL,,,,,,,,,,181.6225316,207.9274847,229.6270404,279.4277587,359.12933,463.7654906,592.0993158,742.7732055,913.0441113,1098.257901,1298.202233,1512.679848,1741.592118,1984.939042,2240.051834,2496.441003
OECD ENV-Growth 2025,SSP5,1,Libya,billion USD_2017/yr,GDP|PPP,ANNUAL,,,,,,,,,,156.525,179.195,197.896,240.815,309.503,399.68,510.28,640.133,786.875,946.495,1118.81,1303.65,1500.93,1710.65,1930.51,2151.47
OECD ENV-Growth 2025,SSP5,1,Lithuania,billion USD_2010/yr,GDP|PPP,ANNUAL,,,,,,,,,,99.13993081,113.3687276,124.1385301,134.7068867,144.0590135,149.5349851,152.7698709,155.1536476,157.6356292,160.3156993,162.788448,165.0060318,166.9709689,168.7201909,170.309935,171.7292894
OECD ENV-Growth 2025,SSP5,1,Lithuania,billion USD_2015/yr,GDP|PPP,ANNUAL,,,,,,,,,,110.7621122,126.6589519,138.6912991,150.4985849,160.9470623,167.0649824,170.679094,173.3423211,176.1152656,179.1095205,181.8721497,184.349701,186.5449878,188.4992713,190.2753812,191.8611266
OECD ENV-Growth 2025,SSP5,1,Lithuania,billion USD_2017/yr,GDP|PPP,ANNUAL,,,,,,,,,,118.114,135.066,147.897,160.488,171.63,178.154,182.008,184.848,187.805,190.998,193.944,196.586,198.927,201.011,202.905,204.596
OECD ENV-Growth 2025,SSP5,1,Luxembourg,billion USD_2010/yr,GDP|PPP,ANNUAL,,,,,,,,,,62.83422514,72.51333697,80.31437574,87.85784976,95.21470548,103.1172426,111.3001008,119.8577705,128.6973362,137.375481,145.6788144,153.4270173,160.5051267,166.7997542,172.1951492,176.5409146
OECD ENV-Growth 2025,SSP5,1,Luxembourg,billion USD_2015/yr,GDP|PPP,ANNUAL,,,,,,,,,,76.04202125,87.75568886,97.1965112,106.3256285,115.2289002,124.7925559,134.6954564,145.051954,155.7496023,166.2518989,176.3005985,185.6774789,194.2434116,201.861174,208.3906846,213.6499329
OECD ENV-Growth 2025,SSP5,1,Luxembourg,billion USD_2017/yr,GDP|PPP,ANNUAL,,,,,,,,,,79.7977,92.0899,101.997,111.577,120.92,130.956,141.348,152.216,163.442,174.463,185.008,194.848,203.837,211.831,218.683,224.202
OECD ENV-Growth 2025,SSP5,1,Macao,billion USD_2010/yr,GDP|PPP,ANNUAL,,,,,,,,,,69.80923731,85.26510286,102.942107,120.3770413,135.415737,147.3024637,156.6849904,164.3308556,170.260302,173.5455359,174.1840268,172.1833658,167.7864661,161.2868481,153.0826197,143.6494861
OECD ENV-Growth 2025,SSP5,1,Macao,billion USD_2015/yr,GDP|PPP,ANNUAL,,,,,,,,,,80.61356317,98.461522,118.8743835,139.0077101,156.373934,170.1003609,180.9350146,189.7642248,196.6113675,200.4050547,201.1423643,198.8320624,193.7546578,186.2490985,176.7751075,165.8820146
OECD ENV-Growth 2025,SSP5,1,Macao,billion USD_2017/yr,GDP|PPP,ANNUAL,,,,,,,,,,82.7664,101.091,122.049,142.72,160.55,174.643,185.767,194.832,201.862,205.757,206.514,204.142,198.929,191.223,181.496,170.312
OECD ENV-Growth 2025,SSP5,1,Madagascar,billion USD_2010/yr,GDP|PPP,ANNUAL,,,,,,,,,,50.27091399,63.65079138,85.35454012,119.0746534,169.2344942,236.6185912,324.4484635,438.0119478,582.9704191,762.887312,981.5059131,1238.436873,1534.72768,1872.759885,2254.934807,2682.388868
OECD ENV-Growth 2025,SSP5,1,Madagascar,billion USD_2015/yr,GDP|PPP,ANNUAL,,,,,,,,,,50.87404531,64.41444938,86.37859145,120.5032658,171.2649053,239.4574511,328.3410728,443.2670487,589.9646766,772.040144,993.281648,1253.295168,1553.140759,1895.228547,2281.988657,2714.57115
OECD ENV-Growth 2025,SSP5,1,Madagascar,billion USD_2017/yr,GDP|PPP,ANNUAL,,,,,,,,,,50.8714,64.4111,86.3741,120.497,171.256,239.445,328.324,443.244,589.934,772,993.23,1253.23,1553.06,1895.13,2281.87,2714.43
OECD ENV-Growth 2025,SSP5,1,Malawi,billion USD_2010/yr,GDP|PPP,ANNUAL,,,,,,,,,,34.73139944,43.51264046,57.99858106,83.90898547,125.2104664,183.6028213,261.2193757,361.7572518,488.8037254,644.4312357,831.9173955,1053.209105,1310.511665,1605.203912,1938.028618,2308.494089
OECD ENV-Growth 2025,SSP5,1,Malawi,billion USD_2015/yr,GDP|PPP,ANNUAL,,,,,,,,,,32.75851567,41.04094673,54.70402739,79.14261618,118.0980062,173.1734395,246.38106,341.2079787,461.0376995,607.8249385,784.6611272,993.3825737,1236.069309,1514.021846,1827.940765,2177.3623
OECD ENV-Growth 2025,SSP5,1,Malawi,billion USD_2017/yr,GDP|PPP,ANNUAL,,,,,,,,,,33.199,41.5928,55.4396,80.2068,119.686,175.502,249.694,345.796,467.237,615.998,795.212,1006.74,1252.69,1534.38,1852.52,2206.64
OECD ENV-Growth 2025,SSP5,1,Malaysia,billion USD_2010/yr,GDP|PPP,ANNUAL,,,,,,,,,,1103.465846,1346.429132,1631.1919,1931.895148,2238.589993,2539.222395,2844.267526,3168.269179,3511.713157,3864.448157,4220.735608,4576.689068,4929.252013,5276.511585,5616.433476,5941.933027
OECD ENV-Growth 2025,SSP5,1,Malaysia,billion USD_2015/yr,GDP|PPP,ANNUAL,,,,,,,,,,1090.782619,1330.953287,1612.442994,1909.689961,2212.859658,2510.036594,2811.575539,3131.853119,3471.349555,3820.030222,4172.222508,4524.084642,4872.595231,5215.863405,5551.878237,5873.636499
OECD ENV-Growth 2025,SSP5,1,Malaysia,billion USD_2017/yr,GDP|PPP,ANNUAL,,,,,,,,,,1090.28,1330.34,1611.7,1908.81,2211.84,2508.88,2810.28,3130.41,3469.75,3818.27,4170.3,4522,4870.35,5213.46,5549.32,5870.93
OECD ENV-Growth 2025,SSP5,1,Maldives,billion USD_2010/yr,GDP|PPP,ANNUAL,,,,,,,,,,10.49892478,13.60149831,17.26493665,21.52627733,26.13686221,30.83298424,35.71710086,40.99997499,46.66437442,52.14428809,57.32236556,61.88491864,65.68808585,68.58644626,70.59598445,71.85915839
OECD ENV-Growth 2025,SSP5,1,Maldives,billion USD_2015/yr,GDP|PPP,ANNUAL,,,,,,,,,,13.0635058,16.92394751,21.48225697,26.78451885,32.5213351,38.36458273,44.44174655,51.01507269,58.06311965,64.88161634,71.32454706,77.00159875,81.73376876,85.34011404,87.84052379,89.41225427
OECD ENV-Growth 2025,SSP5,1,Maldives,billion USD_2017/yr,GDP|PPP,ANNUAL,,,,,,,,,,13.4647,17.4437,22.142,27.6071,33.5201,39.5428,45.8066,52.5818,59.8463,66.8742,73.515,79.3664,84.2439,87.961,90.5382,92.1582
OECD ENV-Growth 2025,SSP5,1,Mali,billion USD_2010/yr,GDP|PPP,ANNUAL,,,,,,,,,,47.67065031,62.23346445,87.2864406,125.9706721,183.2079918,260.4769146,360.5499779,487.8378411,647.0583658,841.9752003,1075.720428,1350.399839,1666.414167,2025.934419,2431.672206,2883.799149
OECD ENV-Growth 2025,SSP5,1,Mali,billion USD_2015/yr,GDP|PPP,ANNUAL,,,,,,,,,,52.77461893,68.89663451,96.6319656,139.458014,202.8235799,288.365479,399.1530966,540.0693299,716.3371689,932.1232259,1190.894928,1494.983526,1844.832661,2242.845781,2692.024825,3192.559787
OECD ENV-Growth 2025,SSP5,1,Mali,billion USD_2017/yr,GDP|PPP,ANNUAL,,,,,,,,,,55.5534,72.5243,101.72,146.801,213.503,303.549,420.17,568.506,754.055,981.203,1253.6,1573.7,1941.97,2360.94,2833.77,3360.66
OECD ENV-Growth 2025,SSP5,1,Malta,billion USD_2010/yr,GDP|PPP,ANNUAL,,,,,,,,,,24.68412602,29.51600415,34.9916403,40.20919596,45.13097779,49.7101238,54.28298759,59.12997701,63.94971517,68.80426023,73.44020093,77.7171211,81.524148,84.82961582,87.67860377,90.17196698
OECD ENV-Growth 2025,SSP5,1,Malta,billion USD_2015/yr,GDP|PPP,ANNUAL,,,,,,,,,,26.88603,32.1489273,38.11300793,43.79598645,49.15680716,54.14442782,59.12520587,64.40456244,69.65423685,74.94182306,79.99130468,84.64973998,88.796366,92.39669226,95.49981916,98.21559845
OECD ENV-Growth 2025,SSP5,1,Malta,billion USD_2017/yr,GDP|PPP,ANNUAL,,,,,,,,,,29.0761,34.7677,41.2176,47.3635,53.161,58.5549,63.9414,69.6508,75.3281,81.0464,86.5072,91.5451,96.0295,99.9231,103.279,106.216
OECD ENV-Growth 2025,SSP5,1,Mauritania,billion USD_2010/yr,GDP|PPP,ANNUAL,,,,,,,,,,28.15462676,35.19813518,46.23003263,60.90474845,80.01421162,103.0551248,130.4151678,163.1413971,202.1254306,246.8299175,297.5761697,353.893662,415.3017994,481.8765616,553.693013,630.7548152
OECD ENV-Growth 2025,SSP5,1,Mauritania,billion USD_2015/yr,GDP|PPP,ANNUAL,,,,,,,,,,25.71100105,32.14318194,42.21758745,55.61864004,73.06953476,94.11065696,119.0960387,148.9818589,184.5823496,225.406798,271.7486287,323.1781545,379.2564928,440.0530288,505.6363119,576.0096859
OECD ENV-Growth 2025,SSP5,1,Mauritania,billion USD_2017/yr,GDP|PPP,ANNUAL,,,,,,,,,,30.756,38.4503,50.5015,66.5321,87.4072,112.577,142.465,178.215,220.801,269.636,325.071,386.592,453.674,526.4,604.852,689.034
OECD ENV-Growth 2025,SSP5,1,Mauritius,billion USD_2010/yr,GDP|PPP,ANNUAL,,,,,,,,,,29.83356985,35.35317502,42.62643636,51.49535935,61.00232643,69.97060489,78.67151513,87.16489101,95.38308625,103.3655305,110.9205901,117.928781,124.2733766,129.9525387,134.9074446,139.0664037
OECD ENV-Growth 2025,SSP5,1,Mauritius,billion USD_2015/yr,GDP|PPP,ANNUAL,,,,,,,,,,31.19283549,36.9639228,44.56856567,53.84157113,63.78169099,73.15857871,82.25591647,91.13626428,99.72889377,108.0750311,115.9743114,123.3018068,129.9354724,135.8733864,141.0540457,145.4024938
OECD ENV-Growth 2025,SSP5,1,Mauritius,billion USD_2017/yr,GDP|PPP,ANNUAL,,,,,,,,,,32.4593,38.4647,46.3781,56.0276,66.3713,76.1289,85.5956,94.8365,103.778,112.463,120.683,128.308,135.211,141.39,146.781,151.306
OECD ENV-Growth 2025,SSP5,1,Mayotte,billion USD_2017/yr,GDP|PPP,ANNUAL,,,,,,,,,,9.57496,12.9008,17.2137,23.1823,30.7706,39.7194,50.2021,62.679,77.6009,95.2354,115.818,139.91,168.202,201.504,240.755,287.008
OECD ENV-Growth 2025,SSP5,1,Mexico,billion USD_2010/yr,GDP|PPP,ANNUAL,,,,,,,,,,2369.886056,2720.544537,3223.311387,3905.983792,4739.59398,5620.808014,6524.331049,7440.247031,8373.976285,9310.572626,10220.83077,11075.69813,11860.66961,12560.39186,13153.65861,13606.45499
OECD ENV-Growth 2025,SSP5,1,Mexico,billion USD_2015/yr,GDP|PPP,ANNUAL,,,,,,,,,,2645.365254,3036.784816,3597.994057,4360.021352,5290.531669,6274.179377,7282.729318,8305.112782,9347.380159,10392.8479,11408.91585,12363.15431,13239.37207,14020.43111,14682.6601,15188.09023
OECD ENV-Growth 2025,SSP5,1,Mexico,billion USD_2017/yr,GDP|PPP,ANNUAL,,,,,,,,,,2793.85,3207.24,3799.95,4604.75,5587.49,6626.35,7691.51,8771.28,9872.05,10976.2,12049.3,13057.1,13982.5,14807.4,15506.8,16040.6
OECD ENV-Growth 2025,SSP5,1,Micronesia,billion USD_2010/yr,GDP|PPP,ANNUAL,,,,,,,,,,0.315617091,0.332102781,0.383195311,0.495899395,0.67375526,0.898834373,1.16867641,1.486378401,1.866350945,2.30514299,2.804377511,3.359961398,3.970637292,4.638277856,5.369089636,6.174558307
OECD ENV-Growth 2025,SSP5,1,Micronesia,billion USD_2015/yr,GDP|PPP,ANNUAL,,,,,,,,,,0.343357574,0.361292238,0.416875435,0.5394854,0.732973522,0.977835478,1.271394698,1.617020419,2.030389829,2.507748553,3.050862213,3.655277946,4.319627877,5.045949266,5.840994168,6.717257768
OECD ENV-Growth 2025,SSP5,1,Micronesia,billion USD_2017/yr,GDP|PPP,ANNUAL,,,,,,,,,,0.353932,0.372419,0.429714,0.5561,0.755547,1.00795,1.31055,1.66682,2.09292,2.58498,3.14482,3.76785,4.45266,5.20135,6.02088,6.92413
OECD ENV-Growth 2025,SSP5,1,Moldova,billion USD_2010/yr,GDP|PPP,ANNUAL,,,,,,,,,,28.57722192,36.79752956,48.39582294,60.76809771,70.98976824,77.91503631,83.00452976,87.50144724,92.12475066,96.6057753,100.9006267,105.1493131,109.6303377,114.5987429,120.1763736,126.2504664
OECD ENV-Growth 2025,SSP5,1,Moldova,billion USD_2015/yr,GDP|PPP,ANNUAL,,,,,,,,,,34.11948155,43.9340337,57.78169733,72.55344814,84.75750702,93.02585993,99.10240853,104.4714571,109.9914029,115.3414764,120.4692702,125.5419459,130.8920194,136.8239958,143.4833509,150.7354519
OECD ENV-Growth 2025,SSP5,1,Moldova,billion USD_2017/yr,GDP|PPP,ANNUAL,,,,,,,,,,37.7605,48.6224,63.9478,80.2959,93.8023,102.953,109.678,115.62,121.729,127.65,133.325,138.939,144.86,151.425,158.795,166.821
OECD ENV-Growth 2025,SSP5,1,Mongolia,billion USD_2010/yr,GDP|PPP,ANNUAL,,,,,,,,,,47.53008498,57.39842083,72.2470165,92.1173953,116.4561499,143.5539208,174.041578,208.9729406,249.0627378,293.070346,340.3216461,390.943543,445.2527916,503.9671665,567.5719525,636.073241
OECD ENV-Growth 2025,SSP5,1,Mongolia,billion USD_2015/yr,GDP|PPP,ANNUAL,,,,,,,,,,45.27965784,54.68075339,68.82630629,87.75587382,110.9422511,136.7570122,165.8011574,199.07861,237.2702584,279.1942197,324.2082924,372.4333728,424.1712183,480.1056187,540.6988819,605.9568108
OECD ENV-Growth 2025,SSP5,1,Mongolia,billion USD_2017/yr,GDP|PPP,ANNUAL,,,,,,,,,,46.8166,56.5368,71.1625,90.7346,114.708,141.399,171.429,205.836,245.324,288.671,335.213,385.075,438.569,496.402,559.052,626.525
OECD ENV-Growth 2025,SSP5,1,Montenegro,billion USD_2010/yr,GDP|PPP,ANNUAL,,,,,,,,,,12.49553508,14.4829319,16.76312107,19.11349515,21.33932383,23.33688761,25.28115679,27.30307212,29.47659009,31.77047188,34.15126488,36.6206909,39.16850098,41.81986659,44.5600292,47.33905588
OECD ENV-Growth 2025,SSP5,1,Montenegro,billion USD_2015/yr,GDP|PPP,ANNUAL,,,,,,,,,,13.61817444,15.78412543,18.26917419,20.83071348,23.25651782,25.43354921,27.55249784,29.75606858,32.12486246,34.62483402,37.21952517,39.91081243,42.68752603,45.57709891,48.56344661,51.59215005
OECD ENV-Growth 2025,SSP5,1,Montenegro,billion USD_2017/yr,GDP|PPP,ANNUAL,,,,,,,,,,15.24,17.6639,20.4449,23.3115,26.0262,28.4625,30.8338,33.2998,35.9507,38.7484,41.6521,44.6639,47.7713,51.005,54.347,57.7364
OECD ENV-Growth 2025,SSP5,1,Morocco,billion USD_2010/yr,GDP|PPP,ANNUAL,,,,,,,,,,339.8589556,401.959691,488.3955769,612.687937,778.8752934,976.3730623,1208.092736,1481.750832,1799.429727,2147.182938,2522.213089,2924.924133,3351.185648,3801.351094,4274.945826,4768.061596
OECD ENV-Growth 2025,SSP5,1,Morocco,billion USD_2015/yr,GDP|PPP,ANNUAL,,,,,,,,,,335.7572914,397.1085501,482.5012651,605.2935749,769.4752618,964.5894845,1193.512598,1463.867989,1777.712905,2121.269178,2491.773193,2889.624029,3310.741111,3755.473634,4223.352681,4710.517173
OECD ENV-Growth 2025,SSP5,1,Morocco,billion USD_2017/yr,GDP|PPP,ANNUAL,,,,,,,,,,336.533,398.026,483.616,606.692,771.253,966.818,1196.27,1467.25,1781.82,2126.17,2497.53,2896.3,3318.39,3764.15,4233.11,4721.4
OECD ENV-Growth 2025,SSP5,1,Mozambique,billion USD_2010/yr,GDP|PPP,ANNUAL,,,,,,,,,,45.12932283,74.0569395,128.6922978,216.3233924,342.3537799,500.450336,692.0789319,925.2505078,1208.624908,1545.541893,1940.963016,2394.122662,2905.328946,3475.95437,4106.493783,4792.745643
OECD ENV-Growth 2025,SSP5,1,Mozambique,billion USD_2015/yr,GDP|PPP,ANNUAL,,,,,,,,,,49.43375682,81.12048905,140.9669668,236.9563137,375.0074773,548.18328,758.0894079,1013.500884,1323.90353,1692.955651,2126.092033,2622.474039,3182.439168,3807.490835,4498.171086,5249.877636
OECD ENV-Growth 2025,SSP5,1,Mozambique,billion USD_2017/yr,GDP|PPP,ANNUAL,,,,,,,,,,48.3351,79.3176,137.834,231.69,366.673,536,741.241,990.976,1294.48,1655.33,2078.84,2564.19,3111.71,3722.87,4398.2,5133.2
OECD ENV-Growth 2025,SSP5,1,Myanmar,billion USD_2010/yr,GDP|PPP,ANNUAL,,,,,,,,,,238.2769333,279.4338672,346.1307722,444.1344488,572.9998385,719.1696213,882.6108669,1065.146719,1268.157257,1488.990092,1719.69205,1955.543116,2194.90675,2437.403756,2682.834555,2929.861977
OECD ENV-Growth 2025,SSP5,1,Myanmar,billion USD_2015/yr,GDP|PPP,ANNUAL,,,,,,,,,,257.6848142,302.1940192,374.32345,480.3096184,619.6712156,777.7466651,954.5003543,1151.903923,1371.449861,1610.26974,1859.762589,2114.823946,2373.683974,2635.93259,2901.35396,3168.501998
OECD ENV-Growth 2025,SSP5,1,Myanmar,billion USD_2017/yr,GDP|PPP,ANNUAL,,,,,,,,,,238.781,280.025,346.863,445.074,574.212,720.691,884.478,1067.4,1270.84,1492.14,1723.33,1959.68,2199.55,2442.56,2688.51,2936.06
OECD ENV-Growth 2025,SSP5,1,Namibia,billion USD_2010/yr,GDP|PPP,ANNUAL,,,,,,,,,,24.51372862,28.15113711,33.89929643,42.37161569,53.65279582,67.26366893,83.0390079,101.1531315,121.8784187,144.9795993,169.8146904,196.1452679,223.8247516,252.9626128,283.649768,315.8324095
OECD ENV-Growth 2025,SSP5,1,Namibia,billion USD_2015/yr,GDP|PPP,ANNUAL,,,,,,,,,,26.35241482,30.26265219,36.44196016,45.54975748,57.67709817,72.30887369,89.26746383,108.7402624,131.0200784,155.8539952,182.5518768,210.8574157,240.6130375,271.9364243,304.9253122,339.5218573
OECD ENV-Growth 2025,SSP5,1,Namibia,billion USD_2017/yr,GDP|PPP,ANNUAL,,,,,,,,,,26.4236,30.3444,36.5404,45.6728,57.8329,72.5042,89.5086,109.034,131.374,156.275,183.045,211.427,241.263,272.671,305.749,340.439
OECD ENV-Growth 2025,SSP5,1,Nepal,billion USD_2010/yr,GDP|PPP,ANNUAL,,,,,,,,,,109.2151419,141.0600608,190.7195781,265.1522705,363.9648619,476.8800083,602.6119379,743.3742326,902.4559636,1078.450969,1271.364866,1475.852313,1689.128274,1910.719213,2139.854629,2375.394824
OECD ENV-Growth 2025,SSP5,1,Nepal,billion USD_2015/yr,GDP|PPP,ANNUAL,,,,,,,,,,122.3657987,158.0451822,213.68423,297.0794048,407.7900761,534.3013988,675.172781,832.8843429,1011.121195,1208.307858,1424.450626,1653.560522,1892.517162,2140.78999,2397.51573,2661.417454
OECD ENV-Growth 2025,SSP5,1,Nepal,billion USD_2017/yr,GDP|PPP,ANNUAL,,,,,,,,,,136.076,175.753,237.626,330.365,453.48,594.166,750.821,926.203,1124.41,1343.69,1584.05,1838.83,2104.56,2380.65,2666.14,2959.61
OECD ENV-Growth 2025,SSP5,1,Netherlands,billion USD_2010/yr,GDP|PPP,ANNUAL,,,,,,,,,,924.1582073,1016.134686,1123.540035,1255.109209,1399.97973,1544.253506,1689.625638,1841.129536,1999.508967,2161.148871,2324.475227,2475.477514,2610.177434,2719.7449,2803.877216,2865.679183
OECD ENV-Growth 2025,SSP5,1,Netherlands,billion USD_2015/yr,GDP|PPP,ANNUAL,,,,,,,,,,1014.011894,1114.931025,1232.779138,1377.140468,1536.096402,1694.397572,1853.903888,2020.138146,2193.916429,2371.272194,2550.47838,2716.162256,2863.958727,2984.179175,3076.491475,3144.302298
OECD ENV-Growth 2025,SSP5,1,Netherlands,billion USD_2017/yr,GDP|PPP,ANNUAL,,,,,,,,,,1068.58,1174.93,1299.12,1451.25,1618.76,1785.58,1953.67,2128.85,2311.98,2498.88,2687.73,2862.33,3018.08,3144.77,3242.05,3313.51
OECD ENV-Growth 2025,SSP5,1,New Caledonia,billion USD_2017/yr,GDP|PPP,ANNUAL,,,,,,,,,,11.7944,14.8987,18.6396,22.9837,27.5502,32.0333,36.5433,41.2761,46.2924,51.4965,56.8485,62.3786,68.0947,74.043,80.225,86.6014
OECD ENV-Growth 2025,SSP5,1,New Zealand,billion USD_2010/yr,GDP|PPP,ANNUAL,,,,,,,,,,202.7386947,230.2340914,266.2839835,312.8207061,368.3353807,425.0484546,482.3188847,542.3175141,605.1372357,668.5695469,731.1599659,791.9787289,849.8927128,903.5277752,951.2796344,991.9097215
OECD ENV-Growth 2025,SSP5,1,New Zealand,billion USD_2015/yr,GDP|PPP,ANNUAL,,,,,,,,,,223.2828999,253.5644992,293.2674501,344.5198979,405.6600643,468.1200679,531.1939065,597.2724022,666.457861,736.3179852,805.2509053,872.2326416,936.0152474,995.0853341,1047.676053,1092.423325
OECD ENV-Growth 2025,SSP5,1,New Zealand,billion USD_2017/yr,GDP|PPP,ANNUAL,,,,,,,,,,242.258,275.113,318.19,373.798,440.134,507.902,576.336,648.03,723.095,798.892,873.683,946.357,1015.56,1079.65,1136.71,1185.26
OECD ENV-Growth 2025,SSP5,1,Nicaragua,billion USD_2010/yr,GDP|PPP,ANNUAL,,,,,,,,,,38.45400817,45.93808519,58.17011204,77.87482042,105.8891748,140.4442838,181.4965509,229.592442,285.7446019,348.2894614,416.5545135,488.332313,562.8070461,639.657567,718.4660409,798.5616877
OECD ENV-Growth 2025,SSP5,1,Nicaragua,billion USD_2015/yr,GDP|PPP,ANNUAL,,,,,,,,,,41.88228326,50.03358525,63.35612919,84.81756369,115.3294708,152.9652578,197.6774416,250.0612067,311.2194782,379.3403749,453.6914344,531.8684119,612.9827615,696.6847067,782.5191616,869.7555442
OECD ENV-Growth 2025,SSP5,1,Nicaragua,billion USD_2017/yr,GDP|PPP,ANNUAL,,,,,,,,,,44.5433,53.2125,67.3815,90.2065,122.657,162.684,210.237,265.949,330.993,403.442,482.517,565.661,651.929,740.949,832.237,925.016
OECD ENV-Growth 2025,SSP5,1,Niger,billion USD_2010/yr,GDP|PPP,ANNUAL,,,,,,,,,,42.28933721,58.28428428,87.47770868,133.3471823,203.5004948,302.1661296,437.0937472,619.9267747,863.723252,1181.354924,1586.249349,2089.061158,2698.644475,3429.329671,4294.075498,5306.168256
OECD ENV-Growth 2025,SSP5,1,Niger,billion USD_2015/yr,GDP|PPP,ANNUAL,,,,,,,,,,41.81537841,57.63106172,86.49730009,131.8526904,201.2197579,298.7795952,432.1950081,612.97893,854.0430522,1168.114859,1568.47142,2065.647953,2668.39935,3390.895374,4245.94954,5246.699244
OECD ENV-Growth 2025,SSP5,1,Niger,billion USD_2017/yr,GDP|PPP,ANNUAL,,,,,,,,,,41.3144,56.9406,85.461,130.273,198.809,295.2,427.017,605.635,843.811,1154.12,1549.68,2040.9,2636.43,3350.27,4195.08,5183.84
OECD ENV-Growth 2025,SSP5,1,Nigeria,billion USD_2010/yr,GDP|PPP,ANNUAL,,,,,,,,,,1127.437872,1348.638798,1755.908403,2340.684807,3160.208934,4217.848458,5549.896235,7220.984947,9288.108175,11792.18219,14761.8227,18232.90399,22245.57175,26842.15972,32061.5769,37936.16817
OECD ENV-Growth 2025,SSP5,1,Nigeria,billion USD_2015/yr,GDP|PPP,ANNUAL,,,,,,,,,,1166.131181,1394.923653,1816.170621,2421.016366,3268.6663,4362.603676,5740.366909,7468.806855,9606.873095,12196.88614,15268.44377,18858.65146,23009.0327,27763.37411,33161.92003,39238.1254
OECD ENV-Growth 2025,SSP5,1,Nigeria,billion USD_2017/yr,GDP|PPP,ANNUAL,,,,,,,,,,1185.13,1417.65,1845.76,2460.46,3321.92,4433.68,5833.89,7590.49,9763.39,12395.6,15517.2,19165.9,23383.9,28215.7,33702.2,39877.4
OECD ENV-Growth 2025,SSP5,1,North Korea,billion USD_2017/yr,GDP|PPP,ANNUAL,,,,,,,,,,59.2863,78.7007,112.358,168.679,249.243,347.239,462.022,595.809,751.929,931.478,1129.54,1344.95,1574.22,1815.4,2068.48,2332.59
OECD ENV-Growth 2025,SSP5,1,North Macedonia,billion USD_2010/yr,GDP|PPP,ANNUAL,,,,,,,,,,32.00355538,38.14163868,45.51584757,54.36704628,63.94708203,73.53644262,83.58979782,94.35001005,107.0284774,121.999859,138.4299138,155.6184453,173.1416724,190.8480662,208.5711115,226.0468817
OECD ENV-Growth 2025,SSP5,1,North Macedonia,billion USD_2015/yr,GDP|PPP,ANNUAL,,,,,,,,,,35.40853815,42.19967602,50.35845569,60.15136787,70.75066089,81.36027087,92.48324164,104.3882747,118.4156535,134.9798987,153.1580109,172.1752972,191.5628886,211.1531345,230.7618035,250.096889
OECD ENV-Growth 2025,SSP5,1,North Macedonia,billion USD_2017/yr,GDP|PPP,ANNUAL,,,,,,,,,,38.4392,45.8116,54.6687,65.2998,76.8063,88.324,100.399,113.323,128.551,146.533,166.267,186.912,207.959,229.226,250.513,271.503
OECD ENV-Growth 2025,SSP5,1,Norway,billion USD_2010/yr,GDP|PPP,ANNUAL,,,,,,,,,,359.9791755,394.4726362,440.8469156,502.9313685,577.622669,657.5547852,741.8090874,832.8336812,930.731476,1031.754311,1134.484117,1236.165949,1331.503288,1417.050091,1490.908677,1553.551106
OECD ENV-Growth 2025,SSP5,1,Norway,billion USD_2015/yr,GDP|PPP,ANNUAL,,,,,,,,,,365.4372703,400.4537295,447.5311474,510.5569403,586.3807292,667.5247962,753.0565833,845.4613149,944.8434606,1047.39803,1151.685451,1254.909008,1351.691875,1438.535761,1513.514209,1577.106438
OECD ENV-Growth 2025,SSP5,1,Norway,billion USD_2017/yr,GDP|PPP,ANNUAL,,,,,,,,,,381.285,417.82,466.939,532.698,611.81,696.473,785.714,882.126,985.818,1092.82,1201.63,1309.33,1410.31,1500.92,1579.15,1645.5
OECD ENV-Growth 2025,SSP5,1,Oman,billion USD_2010/yr,GDP|PPP,ANNUAL,,,,,,,,,,225.5292454,264.5574653,318.9686906,389.9434231,473.4958409,562.378758,659.1434133,765.5292876,881.2601489,1000.382672,1119.124725,1233.861411,1343.49171,1451.300441,1561.532718,1676.208164
OECD ENV-Growth 2025,SSP5,1,Oman,billion USD_2015/yr,GDP|PPP,ANNUAL,,,,,,,,,,179.3286903,210.3618254,253.6266967,310.0619755,376.498351,447.1732521,524.1152863,608.7075948,700.7305328,795.4503376,889.8676126,981.1000361,1068.272136,1153.995824,1241.646584,1332.830313
OECD ENV-Growth 2025,SSP5,1,Oman,billion USD_2017/yr,GDP|PPP,ANNUAL,,,,,,,,,,173.087,203.04,244.799,299.27,363.394,431.609,505.873,587.521,676.341,767.764,858.895,946.952,1031.09,1113.83,1198.43,1286.44
OECD ENV-Growth 2025,SSP5,1,Pakistan,billion USD_2010/yr,GDP|PPP,ANNUAL,,,,,,,,,,1248.518926,1588.506854,2084.50803,2868.749667,4023.822154,5520.185664,7366.264414,9609.850712,12311.5659,15438.3463,18993.67906,22938.28785,27250.24035,31943.20984,37010.3138,42461.00424
OECD ENV-Growth 2025,SSP5,1,Pakistan,billion USD_2015/yr,GDP|PPP,ANNUAL,,,,,,,,,,1353.021235,1721.466501,2258.983481,3108.866944,4360.620178,5982.230842,7982.82827,10414.20503,13342.05654,16730.55166,20583.46939,24858.24597,29531.1133,34616.88913,40108.11487,46015.03366
OECD ENV-Growth 2025,SSP5,1,Pakistan,billion USD_2017/yr,GDP|PPP,ANNUAL,,,,,,,,,,1360.53,1731.02,2271.52,3126.12,4384.82,6015.43,8027.13,10472,13416.1,16823.4,20697.7,24996.2,29695,34809,40330.7,46270.4
OECD ENV-Growth 2025,SSP5,1,Panama,billion USD_2010/yr,GDP|PPP,ANNUAL,,,,,,,,,,119.3465563,145.3937933,176.9255931,212.4989485,250.4621737,287.9959746,325.5560379,364.5477516,405.1982492,446.5294374,488.6854039,531.4525012,574.6674774,617.9030375,660.4664245,701.3610906
OECD ENV-Growth 2025,SSP5,1,Panama,billion USD_2015/yr,GDP|PPP,ANNUAL,,,,,,,,,,149.6914916,182.3614729,221.9105164,266.5287175,314.144434,361.2215415,408.3315886,457.2372963,508.2235485,560.063563,612.9380631,666.5790797,720.7818522,775.0104423,828.3959533,879.6884561
OECD ENV-Growth 2025,SSP5,1,Panama,billion USD_2017/yr,GDP|PPP,ANNUAL,,,,,,,,,,168.143,204.84,249.264,299.382,352.867,405.747,458.664,513.598,570.869,629.099,688.491,748.744,809.628,870.541,930.507,988.122
OECD ENV-Growth 2025,SSP5,1,Papua New Guinea,billion USD_2010/yr,GDP|PPP,ANNUAL,,,,,,,,,,33.00176616,39.0694095,51.04640983,71.92529868,104.9019783,150.2470442,209.9048384,286.6286328,382.525341,496.9950282,628.9878087,776.5797846,937.7818868,1110.825558,1293.412833,1482.231573
OECD ENV-Growth 2025,SSP5,1,Papua New Guinea,billion USD_2015/yr,GDP|PPP,ANNUAL,,,,,,,,,,35.92570283,42.53093573,55.5690911,78.29783696,114.1962306,163.5588421,228.5022811,312.0237576,416.4168566,541.0284893,684.7157509,845.3842873,1020.868799,1209.244035,1408.008433,1613.5564
OECD ENV-Growth 2025,SSP5,1,Papua New Guinea,billion USD_2017/yr,GDP|PPP,ANNUAL,,,,,,,,,,36.966,43.7625,57.1782,80.5651,117.503,168.295,235.119,321.059,428.475,556.695,704.543,869.864,1050.43,1244.26,1448.78,1660.28
OECD ENV-Growth 2025,SSP5,1,Paraguay,billion USD_2010/yr,GDP|PPP,ANNUAL,,,,,,,,,,99.18923333,118.0129557,142.189641,173.7052829,212.5906123,255.1742303,301.0883247,351.1530303,406.4468144,464.6129903,525.2405305,586.8024864,649.3977735,713.1003384,777.8256707,843.2520548
OECD ENV-Growth 2025,SSP5,1,Paraguay,billion USD_2015/yr,GDP|PPP,ANNUAL,,,,,,,,,,100.3021292,119.3370523,143.7849983,175.6542434,214.9758633,258.0372663,304.4665135,355.0929414,411.0071176,469.8259138,531.1336905,593.386367,656.6839686,721.1012715,786.5528173,852.7132806
OECD ENV-Growth 2025,SSP5,1,Paraguay,billion USD_2017/yr,GDP|PPP,ANNUAL,,,,,,,,,,103.285,122.886,148.061,180.878,221.369,265.711,313.521,365.653,423.23,483.798,546.929,611.033,676.213,742.546,809.944,878.072
OECD ENV-Growth 2025,SSP5,1,Peru,billion USD_2010/yr,GDP|PPP,ANNUAL,,,,,,,,,,446.4989844,519.8156842,625.8713529,775.0392732,958.9688866,1156.311514,1363.30677,1582.297252,1815.061075,2058.107863,2308.474091,2563.760714,2823.224498,3085.106142,3347.825101,3609.01996
OECD ENV-Growth 2025,SSP5,1,Peru,billion USD_2015/yr,GDP|PPP,ANNUAL,,,,,,,,,,449.1026071,522.8468309,629.5209309,779.5586784,964.5608213,1163.054192,1371.256478,1591.523936,1825.64505,2070.109092,2321.935254,2578.710503,2839.687271,3103.095998,3367.346922,3630.06486
OECD ENV-Growth 2025,SSP5,1,Peru,billion USD_2017/yr,GDP|PPP,ANNUAL,,,,,,,,,,474.594,552.524,665.253,823.807,1019.31,1229.07,1449.09,1681.86,1929.27,2187.61,2453.73,2725.08,3000.87,3279.23,3558.48,3836.11
OECD ENV-Growth 2025,SSP5,1,Philippines,billion USD_2010/yr,GDP|PPP,ANNUAL,,,,,,,,,,1115.545844,1527.867972,2108.910549,2824.912372,3620.606229,4415.216228,5210.27308,6029.574109,6888.892289,7773.62407,8680.774583,9612.768246,10570.17551,11548.97469,12546.31354,13552.49438
OECD ENV-Growth 2025,SSP5,1,Philippines,billion USD_2015/yr,GDP|PPP,ANNUAL,,,,,,,,,,1155.109358,1582.054742,2183.704349,2925.099614,3749.013239,4571.804566,5395.058595,6243.416635,7133.211059,8049.320393,8988.643553,9953.69094,10945.05324,11958.56613,12991.27621,14033.14187
OECD ENV-Growth 2025,SSP5,1,Philippines,billion USD_2017/yr,GDP|PPP,ANNUAL,,,,,,,,,,1173.33,1607.01,2218.15,2971.24,3808.15,4643.92,5480.16,6341.9,7245.73,8176.29,9130.43,10110.7,11117.7,12147.2,13196.2,14254.5
OECD ENV-Growth 2025,SSP5,1,Poland,billion USD_2010/yr,GDP|PPP,ANNUAL,,,,,,,,,,1298.510059,1538.731156,1793.436794,2052.376647,2260.329502,2429.01884,2577.428054,2726.110729,2878.515983,3024.852197,3157.312538,3273.541723,3377.624006,3475.990099,3573.227068,3669.017348
OECD ENV-Growth 2025,SSP5,1,Poland,billion USD_2015/yr,GDP|PPP,ANNUAL,,,,,,,,,,1427.73575,1691.863275,1971.916821,2256.625964,2485.273962,2670.750998,2833.929666,2997.409008,3164.981395,3325.880761,3471.523347,3599.319479,3713.759868,3821.915201,3928.829042,4034.15222
OECD ENV-Growth 2025,SSP5,1,Poland,billion USD_2017/yr,GDP|PPP,ANNUAL,,,,,,,,,,1472.02,1744.34,2033.08,2326.62,2562.36,2753.59,2921.83,3090.38,3263.15,3429.04,3579.2,3710.96,3828.95,3940.46,4050.69,4159.28
OECD ENV-Growth 2025,SSP5,1,Portugal,billion USD_2010/yr,GDP|PPP,ANNUAL,,,,,,,,,,336.7461899,373.5654674,421.4516176,483.1771456,551.0932297,619.053036,687.5983775,758.0374926,830.1989213,900.7469133,968.0534578,1030.644858,1087.655241,1135.79258,1175.871308,1205.156642
OECD ENV-Growth 2025,SSP5,1,Portugal,billion USD_2015/yr,GDP|PPP,ANNUAL,,,,,,,,,,374.3963669,415.3322531,468.5723526,537.1991526,612.7086488,688.2667556,764.4758638,842.7904804,923.0199754,1001.455642,1076.287449,1145.87693,1209.261405,1262.780778,1307.34054,1339.900144
OECD ENV-Growth 2025,SSP5,1,Portugal,billion USD_2017/yr,GDP|PPP,ANNUAL,,,,,,,,,,392.799,435.747,491.604,563.604,642.825,722.097,802.052,884.216,968.389,1050.68,1129.19,1202.2,1268.7,1324.85,1371.6,1405.76
OECD ENV-Growth 2025,SSP5,1,Puerto Rico,billion USD_2010/yr,GDP|PPP,ANNUAL,,,,,,,,,,100.9583973,106.115288,113.1646329,120.3312011,126.5646713,131.4364748,136.1310365,141.3873326,147.6264295,154.550111,161.8179602,169.2827447,176.9744737,184.8828315,192.8887191,200.77457
OECD ENV-Growth 2025,SSP5,1,Puerto Rico,billion USD_2015/yr,GDP|PPP,ANNUAL,,,,,,,,,,106.6915099,112.1412444,119.5908996,127.1644349,133.7518844,138.9003424,143.8614936,149.4162784,156.0096742,163.3265299,171.0070977,178.895784,187.0243023,195.3817511,203.8422681,212.1759319
OECD ENV-Growth 2025,SSP5,1,Puerto Rico,billion USD_2017/yr,GDP|PPP,ANNUAL,,,,,,,,,,107.656,113.155,120.672,128.314,134.961,140.156,145.162,150.767,157.42,164.803,172.553,180.513,188.715,197.148,205.685,214.094
OECD ENV-Growth 2025,SSP5,1,Qatar,billion USD_2010/yr,GDP|PPP,ANNUAL,,,,,,,,,,391.115787,468.8718928,538.6735259,610.5074945,689.8911209,777.8185421,874.2002583,984.9198528,1105.539509,1224.1406,1335.808893,1438.634599,1531.025998,1612.167953,1682.335847,1741.529681
OECD ENV-Growth 2025,SSP5,1,Qatar,billion USD_2015/yr,GDP|PPP,ANNUAL,,,,,,,,,,275.2045157,329.9167828,379.0319689,429.5771864,485.4346414,547.3038478,615.1218301,693.0285099,777.9012644,861.353676,939.9278976,1012.280126,1077.290364,1134.385048,1183.757949,1225.409069
OECD ENV-Growth 2025,SSP5,1,Qatar,billion USD_2017/yr,GDP|PPP,ANNUAL,,,,,,,,,,284.051,340.522,391.216,443.386,501.039,564.897,634.895,715.306,802.907,889.042,970.142,1044.82,1111.92,1170.85,1221.81,1264.8
OECD ENV-Growth 2025,SSP5,1,Romania,billion USD_2010/yr,GDP|PPP,ANNUAL,,,,,,,,,,569.9201226,649.2259095,740.2882272,838.0572677,929.4366861,1002.318845,1065.058882,1123.735269,1181.553018,1234.873548,1285.754188,1335.2151,1384.310454,1433.85638,1484.771025,1534.980058
OECD ENV-Growth 2025,SSP5,1,Romania,billion USD_2015/yr,GDP|PPP,ANNUAL,,,,,,,,,,605.7254923,690.0136845,786.7970142,890.7084184,987.8287709,1065.289769,1131.971464,1194.334209,1255.784373,1312.454778,1366.532006,1419.100312,1471.280094,1523.938755,1578.052124,1631.415551
OECD ENV-Growth 2025,SSP5,1,Romania,billion USD_2017/yr,GDP|PPP,ANNUAL,,,,,,,,,,670.387,763.673,870.788,985.792,1093.28,1179.01,1252.81,1321.83,1389.84,1452.56,1512.41,1570.59,1628.34,1686.62,1746.51,1805.57
OECD ENV-Growth 2025,SSP5,1,Russian Federation,billion USD_2010/yr,GDP|PPP,ANNUAL,,,,,,,,,,3816.856907,4113.103197,4627.313318,5311.63372,6149.538515,7061.268732,8087.377916,9283.203035,10617.93,12073.5289,13621.57007,15256.18415,16989.93524,18844.83338,20823.72155,22888.63239
OECD ENV-Growth 2025,SSP5,1,Russian Federation,billion USD_2015/yr,GDP|PPP,ANNUAL,,,,,,,,,,3930.240638,4235.287235,4764.772505,5469.421362,6332.216996,7271.031115,8327.621946,9558.970303,10933.34673,12432.18572,14026.21307,15709.38508,17494.63905,19404.63889,21442.31201,23568.56318
OECD ENV-Growth 2025,SSP5,1,Russian Federation,billion USD_2017/yr,GDP|PPP,ANNUAL,,,,,,,,,,4161.94,4484.97,5045.67,5791.86,6705.52,7699.68,8818.56,10122.5,11577.9,13165.1,14853.1,16635.5,18526,20548.6,22706.4,24958
OECD ENV-Growth 2025,SSP5,1,Rwanda,billion USD_2010/yr,GDP|PPP,ANNUAL,,,,,,,,,,35.46783877,50.12548932,69.97478294,98.1054673,136.9998012,186.3574884,247.3795351,323.2632511,416.4285612,526.7832181,655.4610577,801.5019914,964.378508,1144.771267,1343.094038,1559.41847
OECD ENV-Growth 2025,SSP5,1,Rwanda,billion USD_2015/yr,GDP|PPP,ANNUAL,,,,,,,,,,37.83145051,53.46590134,74.63797145,104.6433123,146.129603,198.7765351,263.8651511,344.8058328,444.179771,561.888571,699.1416287,854.9148742,1028.645642,1221.059953,1432.599149,1663.339654
OECD ENV-Growth 2025,SSP5,1,Rwanda,billion USD_2017/yr,GDP|PPP,ANNUAL,,,,,,,,,,39.6021,55.9683,78.1313,109.541,152.969,208.08,276.215,360.944,464.969,588.187,731.864,894.928,1076.79,1278.21,1499.65,1741.19
OECD ENV-Growth 2025,SSP5,1,Saint Lucia,billion USD_2010/yr,GDP|PPP,ANNUAL,,,,,,,,,,2.614491069,2.824330205,3.185646968,3.817043003,4.687955171,5.67022918,6.740780955,7.917989141,9.218477821,10.61140915,12.07310532,13.57458941,15.09353056,16.60945881,18.09960024,19.53630713
OECD ENV-Growth 2025,SSP5,1,Saint Lucia,billion USD_2015/yr,GDP|PPP,ANNUAL,,,,,,,,,,2.841705094,3.069780435,3.462497662,4.148765575,5.095364924,6.163004087,7.32659285,8.60610707,10.01961555,11.53360047,13.12232629,14.75429782,16.40524352,18.05291449,19.67255762,21.23412244
OECD ENV-Growth 2025,SSP5,1,Saint Lucia,billion USD_2017/yr,GDP|PPP,ANNUAL,,,,,,,,,,2.95041,3.18721,3.59495,4.30747,5.29028,6.39876,7.60686,8.93532,10.4029,11.9748,13.6243,15.3187,17.0328,18.7435,20.4251,22.0464
OECD ENV-Growth 2025,SSP5,1,Saint Vincent and the Grenadines,billion USD_2010/yr,GDP|PPP,ANNUAL,,,,,,,,,,1.617913096,1.85520115,2.213640408,2.707769748,3.255846942,3.763910137,4.252062586,4.753103852,5.282021995,5.829989185,6.390130164,6.959850668,7.5498761,8.165303316,8.803483051,9.458612588
OECD ENV-Growth 2025,SSP5,1,Saint Vincent and the Grenadines,billion USD_2015/yr,GDP|PPP,ANNUAL,,,,,,,,,,1.723358839,1.976111886,2.357912036,2.884245724,3.468043258,4.009218925,4.529186184,5.062882274,5.626272088,6.209952449,6.806600012,7.413451437,8.04193114,8.697468162,9.377240574,10.07506747
OECD ENV-Growth 2025,SSP5,1,Saint Vincent and the Grenadines,billion USD_2017/yr,GDP|PPP,ANNUAL,,,,,,,,,,1.76493,2.02378,2.41479,2.95382,3.5517,4.10593,4.63844,5.18501,5.76199,6.35975,6.97079,7.59228,8.23592,8.90727,9.60344,10.3181
OECD ENV-Growth 2025,SSP5,1,Samoa,billion USD_2010/yr,GDP|PPP,ANNUAL,,,,,,,,,,1.033999563,1.171606339,1.394618683,1.772013896,2.300037203,2.921350217,3.630182531,4.431787267,5.374914094,6.457110365,7.670607885,9.012088894,10.4901867,12.11820803,13.91372272,15.89697627
OECD ENV-Growth 2025,SSP5,1,Samoa,billion USD_2015/yr,GDP|PPP,ANNUAL,,,,,,,,,,1.126317081,1.276209661,1.519132986,1.930222788,2.505389056,3.182174119,3.95429238,4.827465966,5.854797013,7.0336139,8.355454869,9.816705945,11.42677124,13.20014551,15.1559673,17.31628963
OECD ENV-Growth 2025,SSP5,1,Samoa,billion USD_2017/yr,GDP|PPP,ANNUAL,,,,,,,,,,1.15936,1.31365,1.5637,1.98685,2.57889,3.27553,4.0703,4.96909,6.02656,7.23996,8.60058,10.1047,11.762,13.5874,15.6006,17.8243
OECD ENV-Growth 2025,SSP5,1,Sao Tome and Principe,billion USD_2010/yr,GDP|PPP,ANNUAL,,,,,,,,,,0.790968488,0.950767457,1.177075303,1.503610165,1.944035248,2.479211581,3.113409213,3.861125342,4.734169324,5.719197254,6.828838186,8.06177679,9.407566696,10.86298631,12.42479496,14.090972
OECD ENV-Growth 2025,SSP5,1,Sao Tome and Principe,billion USD_2015/yr,GDP|PPP,ANNUAL,,,,,,,,,,0.815104937,0.979780181,1.212993824,1.549492916,2.003357596,2.554864865,3.208415074,3.978947804,4.878632774,5.893718888,7.037220577,8.307782373,9.694639137,11.19447096,12.80393829,14.52095882
OECD ENV-Growth 2025,SSP5,1,Sao Tome and Principe,billion USD_2017/yr,GDP|PPP,ANNUAL,,,,,,,,,,0.829859,0.997515,1.23495,1.57754,2.03962,2.60111,3.26649,4.05097,4.96694,6.0004,7.1646,8.45816,9.87012,11.3971,13.0357,14.7838
OECD ENV-Growth 2025,SSP5,1,Saudi Arabia,billion USD_2010/yr,GDP|PPP,ANNUAL,,,,,,,,,,2279.351471,2838.295448,3443.98412,4074.19861,4670.216769,5201.733774,5700.417641,6176.731166,6639.296251,7075.599486,7471.20501,7834.233723,8168.868413,8478.021884,8753.59654,8985.642237
OECD ENV-Growth 2025,SSP5,1,Saudi Arabia,billion USD_2015/yr,GDP|PPP,ANNUAL,,,,,,,,,,1941.862795,2418.047591,2934.055899,3470.958648,3978.728294,4431.547049,4856.394056,5262.18295,5656.259046,6027.961712,6364.992512,6674.269936,6959.357454,7222.736591,7457.508708,7655.196916
OECD ENV-Growth 2025,SSP5,1,Saudi Arabia,billion USD_2017/yr,GDP|PPP,ANNUAL,,,,,,,,,,1956.32,2436.05,2955.9,3496.8,4008.35,4464.54,4892.55,5301.36,5698.37,6072.84,6412.38,6723.96,7011.17,7276.51,7513.03,7712.19
OECD ENV-Growth 2025,SSP5,1,Senegal,billion USD_2010/yr,GDP|PPP,ANNUAL,,,,,,,,,,72.96252736,96.05729218,131.7914889,178.6633954,239.5556124,313.1468294,401.1406171,507.5018558,635.6120765,783.7876278,954.0090527,1145.822003,1358.237154,1592.667827,1849.920275,2130.089354
OECD ENV-Growth 2025,SSP5,1,Senegal,billion USD_2015/yr,GDP|PPP,ANNUAL,,,,,,,,,,77.0481969,101.4361951,139.1713932,188.6679774,252.969965,330.6820562,423.6032162,535.9203461,671.2043318,827.6772428,1007.430526,1209.984391,1434.294116,1681.852161,1953.509929,2249.367585
OECD ENV-Growth 2025,SSP5,1,Senegal,billion USD_2017/yr,GDP|PPP,ANNUAL,,,,,,,,,,76.9212,101.269,138.942,188.357,252.553,330.137,422.905,535.037,670.098,826.313,1005.77,1207.99,1431.93,1679.08,1950.29,2245.66
OECD ENV-Growth 2025,SSP5,1,Serbia,billion USD_2010/yr,GDP|PPP,ANNUAL,,,,,,,,,,137.1869663,167.5684476,206.5316672,250.8517093,296.2530361,339.2338726,382.0145047,426.8143162,474.2636807,523.811585,574.8790594,627.5625988,681.6773298,737.4225549,794.5078875,852.090124
OECD ENV-Growth 2025,SSP5,1,Serbia,billion USD_2015/yr,GDP|PPP,ANNUAL,,,,,,,,,,145.7246614,177.9969042,219.3849611,266.4632173,314.6900507,360.3457571,405.7887994,453.3766829,503.7790117,556.4104808,610.6560889,666.6183363,724.100844,783.315318,843.9532998,905.1191099
OECD ENV-Growth 2025,SSP5,1,Serbia,billion USD_2017/yr,GDP|PPP,ANNUAL,,,,,,,,,,152.122,185.811,229.016,278.161,328.505,376.165,423.603,473.28,525.895,580.837,637.464,695.883,755.889,817.703,881.003,944.854
OECD ENV-Growth 2025,SSP5,1,Seychelles,billion USD_2010/yr,GDP|PPP,ANNUAL,,,,,,,,,,3.507013198,4.21691063,5.078978631,6.065733488,7.133090717,8.220603304,9.331787716,10.47440114,11.677433,12.90991168,14.14991885,15.38411289,16.61697276,17.84516308,19.05705757,20.22463886
OECD ENV-Growth 2025,SSP5,1,Seychelles,billion USD_2015/yr,GDP|PPP,ANNUAL,,,,,,,,,,3.601160684,4.330115661,5.215326299,6.228571074,7.32458203,8.441289425,9.582304126,10.75559157,11.9909194,13.25648459,14.52978035,15.79710693,17.06306354,18.32422522,19.56865361,20.7675792
OECD ENV-Growth 2025,SSP5,1,Seychelles,billion USD_2017/yr,GDP|PPP,ANNUAL,,,,,,,,,,3.68008,4.42501,5.32962,6.36507,7.4851,8.62628,9.7923,10.9913,12.2537,13.547,14.8482,16.1433,17.437,18.7258,19.9975,21.2227
OECD ENV-Growth 2025,SSP5,1,Sierra Leone,billion USD_2010/yr,GDP|PPP,ANNUAL,,,,,,,,,,12.90923097,16.26214494,21.54176045,30.10024496,42.92010576,59.99618068,81.63416731,108.4500585,140.9967715,179.4041676,223.7117695,273.4057794,328.0272476,387.3987243,451.5677983,520.6240012
OECD ENV-Growth 2025,SSP5,1,Sierra Leone,billion USD_2015/yr,GDP|PPP,ANNUAL,,,,,,,,,,16.55859066,20.85935265,27.63148278,38.60939788,55.05335397,76.95672956,104.7116411,139.1082186,180.855686,230.1206152,286.9537018,350.6959007,420.7585199,496.9139455,579.2232196,667.8011835
OECD ENV-Growth 2025,SSP5,1,Sierra Leone,billion USD_2017/yr,GDP|PPP,ANNUAL,,,,,,,,,,16.0047,20.1616,26.7072,37.3179,53.2118,74.3825,101.209,134.455,174.806,222.423,277.355,338.965,406.684,480.292,559.848,645.463
OECD ENV-Growth 2025,SSP5,1,Singapore,billion USD_2010/yr,GDP|PPP,ANNUAL,,,,,,,,,,621.1679561,706.5061721,790.1178311,846.6582333,879.9508827,895.4754277,905.1171394,914.0990942,934.2207178,958.7474732,983.2790514,1006.331964,1026.799863,1043.650674,1055.495434,1060.771561
OECD ENV-Growth 2025,SSP5,1,Singapore,billion USD_2015/yr,GDP|PPP,ANNUAL,,,,,,,,,,627.3187332,713.5019644,797.9415423,855.0418051,888.6641168,904.342385,914.0795686,923.1504623,943.4713293,968.2409475,993.0154363,1016.296617,1036.967189,1053.984856,1065.946902,1071.275273
OECD ENV-Growth 2025,SSP5,1,Singapore,billion USD_2017/yr,GDP|PPP,ANNUAL,,,,,,,,,,643.993,732.467,819.151,877.769,912.285,928.38,938.376,947.688,968.549,993.977,1019.41,1043.31,1064.53,1082,1094.28,1099.75
OECD ENV-Growth 2025,SSP5,1,Slovakia,billion USD_2010/yr,GDP|PPP,ANNUAL,,,,,,,,,,188.1487992,209.7454453,237.8257432,270.7504451,303.4531449,335.193505,366.8862932,398.916049,431.7545268,464.6851752,496.1311843,525.6921573,553.4414342,579.6694018,604.5425616,627.8884657
OECD ENV-Growth 2025,SSP5,1,Slovakia,billion USD_2015/yr,GDP|PPP,ANNUAL,,,,,,,,,,198.0724101,220.8081371,250.369486,285.0307492,319.4583011,352.8727563,386.2371306,419.9562451,454.5267366,489.1942599,522.298839,553.4189587,582.6318274,610.2431476,636.428203,661.0054498
OECD ENV-Growth 2025,SSP5,1,Slovakia,billion USD_2017/yr,GDP|PPP,ANNUAL,,,,,,,,,,189.842,211.633,239.966,273.187,306.184,338.21,370.188,402.506,435.64,468.867,500.596,530.423,558.422,584.886,609.983,633.539
OECD ENV-Growth 2025,SSP5,1,Slovenia,billion USD_2010/yr,GDP|PPP,ANNUAL,,,,,,,,,,76.55180485,86.75144234,97.611955,108.9555465,119.5816116,130.0441474,140.7102605,152.0313249,163.436657,174.6676136,185.4263376,195.4650322,204.6760686,213.0135582,220.384056,226.5330902
OECD ENV-Growth 2025,SSP5,1,Slovenia,billion USD_2015/yr,GDP|PPP,ANNUAL,,,,,,,,,,85.85785334,97.29741354,109.4781884,122.2007678,134.1185944,145.8530123,157.8157554,170.5130692,183.3048948,195.9011467,207.967759,219.2268112,229.5575906,238.9086303,247.1751253,254.0716691
OECD ENV-Growth 2025,SSP5,1,Slovenia,billion USD_2017/yr,GDP|PPP,ANNUAL,,,,,,,,,,91.7521,103.977,116.994,130.59,143.326,155.866,168.65,182.219,195.889,209.35,222.245,234.277,245.317,255.31,264.144,271.514
OECD ENV-Growth 2025,SSP5,1,Solomon Islands,billion USD_2010/yr,GDP|PPP,ANNUAL,,,,,,,,,,1.372332983,1.611399739,2.163348382,3.330554036,5.475370527,8.847737366,13.82366628,20.86864159,30.49138873,43.04763788,58.85535917,78.08210731,100.8113472,127.0523627,156.6542921,189.3957524
OECD ENV-Growth 2025,SSP5,1,Solomon Islands,billion USD_2015/yr,GDP|PPP,ANNUAL,,,,,,,,,,1.493809725,1.754038292,2.354844554,3.625369404,5.960041653,9.630925063,15.04731532,22.71590069,33.19043816,46.8581466,64.06514234,84.99381177,109.735008,138.2988366,170.5210819,206.1607644
OECD ENV-Growth 2025,SSP5,1,Solomon Islands,billion USD_2017/yr,GDP|PPP,ANNUAL,,,,,,,,,,1.53733,1.80514,2.42345,3.73099,6.13368,9.91151,15.4857,23.3777,34.1574,48.2233,65.9316,87.47,112.932,142.328,175.489,212.167
OECD ENV-Growth 2025,SSP5,1,Somalia,billion USD_2017/yr,GDP|PPP,ANNUAL,,,,,,,,,,28.2333,35.3087,48.8056,71.9426,108.118,158.674,225.817,313.095,424.343,561.499,727.389,924.158,1154.7,1422.99,1732.75,2086.58
OECD ENV-Growth 2025,SSP5,1,South Africa,billion USD_2010/yr,GDP|PPP,ANNUAL,,,,,,,,,,788.4155352,856.1440451,998.096372,1221.534933,1527.686724,1899.151909,2328.619712,2820.30971,3373.29265,3976.692447,4618.447743,5289.844396,5985.107747,6697.3632,7418.768976,8138.373134
OECD ENV-Growth 2025,SSP5,1,South Africa,billion USD_2015/yr,GDP|PPP,ANNUAL,,,,,,,,,,813.1800079,883.0358996,1029.44701,1259.903873,1575.672024,1958.805091,2401.762663,2908.896857,3479.24923,4101.602075,4763.515183,5456.000695,6173.102568,6907.730272,7651.795716,8394.002951
OECD ENV-Growth 2025,SSP5,1,South Africa,billion USD_2017/yr,GDP|PPP,ANNUAL,,,,,,,,,,831.469,902.896,1052.6,1288.24,1611.11,2002.86,2455.78,2974.32,3557.5,4193.85,4870.65,5578.71,6311.94,7063.09,7823.89,8582.79
OECD ENV-Growth 2025,SSP5,1,South Korea,billion USD_2010/yr,GDP|PPP,ANNUAL,,,,,,,,,,2297.610442,2536.58673,2801.897562,3103.185403,3407.139916,3661.719467,3865.595335,4027.404216,4166.135769,4276.650422,4355.921641,4404.447696,4422.772995,4410.020949,4364.327657,4284.871893
OECD ENV-Growth 2025,SSP5,1,South Korea,billion USD_2015/yr,GDP|PPP,ANNUAL,,,,,,,,,,2430.625354,2683.43663,2964.107027,3282.837239,3604.388505,3873.706358,4089.385154,4260.561591,4407.324691,4524.237338,4608.097783,4659.433143,4678.819343,4665.329047,4616.990446,4532.934772
OECD ENV-Growth 2025,SSP5,1,South Korea,billion USD_2017/yr,GDP|PPP,ANNUAL,,,,,,,,,,2490.03,2749.02,3036.55,3363.07,3692.48,3968.38,4189.33,4364.69,4515.04,4634.81,4720.72,4773.31,4793.17,4779.35,4729.83,4643.72
OECD ENV-Growth 2025,SSP5,1,South Sudan,billion USD_2010/yr,GDP|PPP,ANNUAL,,,,,,,,,,219.3635388,285.7471666,390.5366192,552.2905652,780.4230057,1055.194244,1380.324295,1764.930108,2224.51802,2766.842913,3405.330382,4149.819474,5011.035607,5999.868467,7125.831988,8413.771902
OECD ENV-Growth 2025,SSP5,1,South Sudan,billion USD_2015/yr,GDP|PPP,ANNUAL,,,,,,,,,,15.1911996,19.78834891,27.04514965,38.24681286,54.04526987,73.07352201,95.589185,122.2236188,154.050657,191.6073346,235.8233909,287.3801922,347.0204873,415.4984005,493.4727834,582.6642344
OECD ENV-Growth 2025,SSP5,1,South Sudan,billion USD_2017/yr,GDP|PPP,ANNUAL,,,,,,,,,,6.40987,8.34962,11.4116,16.1381,22.8042,30.8331,40.3335,51.5718,65.0011,80.848,99.5048,121.259,146.424,175.318,208.219,245.853
OECD ENV-Growth 2025,SSP5,1,Spain,billion USD_2010/yr,GDP|PPP,ANNUAL,,,,,,,,,,1728.124008,1855.192449,2080.805149,2421.26164,2857.95329,3346.056382,3883.151456,4472.090929,5093.756808,5717.612937,6329.932052,6917.241572,7454.277221,7945.198774,8381.389553,8741.133824
OECD ENV-Growth 2025,SSP5,1,Spain,billion USD_2015/yr,GDP|PPP,ANNUAL,,,,,,,,,,1900.915238,2040.688966,2288.860172,2663.358142,3143.713607,3680.621029,4271.419031,4919.245236,5603.070087,6289.304186,6962.847712,7608.880989,8199.613623,8739.621318,9219.42583,9615.140122
OECD ENV-Growth 2025,SSP5,1,Spain,billion USD_2017/yr,GDP|PPP,ANNUAL,,,,,,,,,,2035.64,2185.32,2451.08,2852.12,3366.52,3941.48,4574.15,5267.89,6000.18,6735.05,7456.33,8148.15,8780.75,9359.03,9872.84,10296.6
OECD ENV-Growth 2025,SSP5,1,Sri Lanka,billion USD_2010/yr,GDP|PPP,ANNUAL,,,,,,,,,,245.723655,289.29983,354.6991374,444.2255595,551.1109238,660.3146478,772.7317261,890.8242925,1015.630217,1145.368497,1278.710119,1415.187816,1554.657815,1695.637443,1836.006031,1972.339954
OECD ENV-Growth 2025,SSP5,1,Sri Lanka,billion USD_2015/yr,GDP|PPP,ANNUAL,,,,,,,,,,268.7759115,316.4401307,387.9747921,485.9000232,602.8127039,722.2612383,845.2245838,974.3958562,1110.910292,1252.819806,1398.670705,1547.951886,1700.506088,1854.711543,2008.248634,2157.372553
OECD ENV-Growth 2025,SSP5,1,Sri Lanka,billion USD_2017/yr,GDP|PPP,ANNUAL,,,,,,,,,,273.455,321.949,394.729,494.359,613.307,734.835,859.939,991.359,1130.25,1274.63,1423.02,1574.9,1730.11,1887,2043.21,2194.93
OECD ENV-Growth 2025,SSP5,1,Sudan,billion USD_2010/yr,GDP|PPP,ANNUAL,,,,,,,,,,128.7257093,161.7954363,211.7951099,282.665365,372.3526193,472.1607972,587.653348,728.3377544,902.6331092,1114.35515,1367.947499,1665.925094,2012.034852,2409.522401,2862.661436,3373.474101
OECD ENV-Growth 2025,SSP5,1,Sudan,billion USD_2015/yr,GDP|PPP,ANNUAL,,,,,,,,,,142.1124765,178.6212736,233.8206387,312.0610113,411.0752478,521.2629283,648.7660704,804.0808828,996.5019976,1230.241968,1510.20653,1839.172159,2221.275432,2660.099504,3160.362511,3724.29689
OECD ENV-Growth 2025,SSP5,1,Sudan,billion USD_2017/yr,GDP|PPP,ANNUAL,,,,,,,,,,151.506,190.428,249.276,332.688,438.247,555.718,691.649,857.23,1062.37,1311.56,1610.03,1960.74,2368.1,2835.93,3369.26,3970.47
OECD ENV-Growth 2025,SSP5,1,Suriname,billion USD_2010/yr,GDP|PPP,ANNUAL,,,,,,,,,,7.626111536,8.883186748,10.72492912,13.31403964,16.48151932,19.88059304,23.44866573,27.27250818,31.33464303,35.55145622,39.90978199,44.35803523,48.88135635,53.48467289,58.15297127,62.84891003
OECD ENV-Growth 2025,SSP5,1,Suriname,billion USD_2015/yr,GDP|PPP,ANNUAL,,,,,,,,,,8.824653736,10.2792946,12.41049064,15.40651341,19.07180354,23.00508572,27.13392726,31.55873607,36.25928802,41.13882802,46.18212113,51.32947498,56.56369461,61.89048196,67.2924639,72.72643025
OECD ENV-Growth 2025,SSP5,1,Suriname,billion USD_2017/yr,GDP|PPP,ANNUAL,,,,,,,,,,9.90498,11.5377,13.9298,17.2926,21.4066,25.8214,30.4557,35.4222,40.6982,46.1751,51.8358,57.6133,63.4883,69.4672,75.5305,81.6297
OECD ENV-Growth 2025,SSP5,1,Sweden,billion USD_2010/yr,GDP|PPP,ANNUAL,,,,,,,,,,527.2945207,601.6321927,685.3650504,784.7273815,895.3579248,1009.197982,1130.560198,1265.030947,1412.132914,1566.942662,1725.995227,1886.488582,2038.531661,2175.512743,2296.574426,2406.13631
OECD ENV-Growth 2025,SSP5,1,Sweden,billion USD_2015/yr,GDP|PPP,ANNUAL,,,,,,,,,,575.2140627,656.3074036,747.6497471,856.0419415,976.7263821,1100.912011,1233.303398,1379.994599,1540.464917,1709.343487,1882.850452,2057.929143,2223.789614,2373.219281,2505.282824,2624.801488
OECD ENV-Growth 2025,SSP5,1,Sweden,billion USD_2017/yr,GDP|PPP,ANNUAL,,,,,,,,,,596.541,680.641,775.37,887.781,1012.94,1141.73,1279.03,1431.16,1597.58,1772.72,1952.66,2134.23,2306.24,2461.21,2598.17,2722.12
OECD ENV-Growth 2025,SSP5,1,Switzerland,billion USD_2010/yr,GDP|PPP,ANNUAL,,,,,,,,,,545.7690022,577.8007779,626.0031904,690.2127314,767.3886471,850.8270974,941.1988,1041.472765,1151.190169,1267.281059,1387.025859,1503.500493,1612.058322,1709.871321,1798.140774,1877.617485
OECD ENV-Growth 2025,SSP5,1,Switzerland,billion USD_2015/yr,GDP|PPP,ANNUAL,,,,,,,,,,634.9963781,672.2650054,728.3479952,803.0551072,892.8484571,989.9281987,1095.074705,1211.742388,1339.397409,1474.467914,1613.789704,1749.306692,1875.612561,1989.416935,2092.117497,2184.587797
OECD ENV-Growth 2025,SSP5,1,Switzerland,billion USD_2017/yr,GDP|PPP,ANNUAL,,,,,,,,,,654.222,692.619,750.4,827.369,919.881,1019.9,1128.23,1248.43,1379.95,1519.11,1662.65,1802.27,1932.4,2049.65,2155.46,2250.73
OECD ENV-Growth 2025,SSP5,1,Taiwan,billion USD_2010/yr,GDP|PPP,ANNUAL,,,,,,,,,,1380.545214,1550.495359,1677.031595,1718.77756,1698.82858,1648.08899,1588.659036,1531.873152,1484.005077,1442.808776,1406.284611,1374.622121,1349.17651,1331.160828,1320.793045,1317.305527
OECD ENV-Growth 2025,SSP5,1,Taiwan,billion USD_2015/yr,GDP|PPP,ANNUAL,,,,,,,,,,1482.129521,1664.585064,1800.432184,1845.249932,1823.833051,1769.359902,1705.55693,1644.592584,1593.202245,1548.974607,1509.762893,1475.77059,1448.452622,1429.111296,1417.980623,1414.236484
OECD ENV-Growth 2025,SSP5,1,Taiwan,billion USD_2017/yr,GDP|PPP,ANNUAL,,,,,,,,,,1456.74,1636.07,1769.59,1813.64,1792.59,1739.05,1676.34,1616.42,1565.91,1522.44,1483.9,1450.49,1423.64,1404.63,1393.69,1390.01
OECD ENV-Growth 2025,SSP5,1,Tajikistan,billion USD_2010/yr,GDP|PPP,ANNUAL,,,,,,,,,,46.72962455,58.58038497,75.96139649,101.2664907,134.5199893,173.5717632,218.5745524,270.3017845,328.9908385,393.6960896,463.6538389,539.2045891,620.8911988,709.3139258,804.4328825,905.8803262
OECD ENV-Growth 2025,SSP5,1,Tajikistan,billion USD_2015/yr,GDP|PPP,ANNUAL,,,,,,,,,,48.22614069,60.4564217,78.39406008,104.5095499,138.8279917,179.1303987,225.5744021,278.9581987,339.5267695,406.3042062,478.5023523,556.4726151,640.7752384,732.0297031,830.1948443,934.8911421
OECD ENV-Growth 2025,SSP5,1,Tajikistan,billion USD_2017/yr,GDP|PPP,ANNUAL,,,,,,,,,,48.033,60.2143,78.0801,104.091,138.272,178.413,224.671,277.841,338.167,404.677,476.586,554.244,638.209,729.098,826.87,931.147
OECD ENV-Growth 2025,SSP5,1,Tanzania,billion USD_2010/yr,GDP|PPP,ANNUAL,,,,,,,,,,217.7309221,306.6248767,437.9436735,626.3881779,887.7791431,1218.849364,1630.756164,2147.057705,2790.401068,3570.125578,4503.663255,5598.805527,6866.678553,8324.870181,9983.581987,11846.39803
OECD ENV-Growth 2025,SSP5,1,Tanzania,billion USD_2015/yr,GDP|PPP,ANNUAL,,,,,,,,,,209.2302829,294.6536445,420.8454998,601.9327638,853.1185168,1171.263111,1567.088268,2063.232392,2681.458377,3430.740924,4327.831473,5380.217258,6598.590052,7999.85104,9593.803508,11383.89158
OECD ENV-Growth 2025,SSP5,1,Tanzania,billion USD_2017/yr,GDP|PPP,ANNUAL,,,,,,,,,,209.587,295.156,421.563,602.959,854.573,1173.26,1569.76,2066.75,2686.03,3436.59,4335.21,5389.39,6609.84,8013.49,9610.16,11403.3
OECD ENV-Growth 2025,SSP5,1,Thailand,billion USD_2010/yr,GDP|PPP,ANNUAL,,,,,,,,,,1257.373233,1465.082474,1735.373954,2050.558199,2379.096622,2690.660483,2982.820918,3271.003512,3559.442741,3836.003443,4103.600257,4356.248092,4593.516167,4813.828011,5015.625485,5197.992036
OECD ENV-Growth 2025,SSP5,1,Thailand,billion USD_2015/yr,GDP|PPP,ANNUAL,,,,,,,,,,1332.860651,1553.039884,1839.558531,2173.665118,2521.92761,2852.19646,3161.896982,3467.380851,3773.136762,4066.30101,4349.963215,4617.778966,4869.291622,5102.830066,5316.742614,5510.057688
OECD ENV-Growth 2025,SSP5,1,Thailand,billion USD_2017/yr,GDP|PPP,ANNUAL,,,,,,,,,,1371.85,1598.47,1893.37,2237.25,2595.7,2935.63,3254.39,3568.81,3883.51,4185.25,4477.21,4752.86,5011.73,5252.1,5472.27,5671.24
OECD ENV-Growth 2025,SSP5,1,Timor-Leste,billion USD_2010/yr,GDP|PPP,ANNUAL,,,,,,,,,,2.802240097,3.29784309,4.274236659,5.990031815,8.603529152,12.01072018,16.25701355,21.47492382,27.8083545,35.30661334,43.94209873,53.66992454,64.314432,75.86892167,88.29500589,101.5410991
OECD ENV-Growth 2025,SSP5,1,Timor-Leste,billion USD_2015/yr,GDP|PPP,ANNUAL,,,,,,,,,,3.739971722,4.401421533,5.704551961,7.994514684,11.48258344,16.02994471,21.69720255,28.66121568,37.11404301,47.12149243,58.64672583,71.62983656,85.836384,101.2574269,117.8417316,135.5204501
OECD ENV-Growth 2025,SSP5,1,Timor-Leste,billion USD_2017/yr,GDP|PPP,ANNUAL,,,,,,,,,,4.18281,4.92258,6.38001,8.94112,12.8422,17.928,24.2663,32.0549,41.5086,52.701,65.5909,80.1113,96,113.247,131.795,151.567
OECD ENV-Growth 2025,SSP5,1,Togo,billion USD_2010/yr,GDP|PPP,ANNUAL,,,,,,,,,,22.17891806,29.31171585,39.91688282,55.23163155,76.74268501,104.286174,138.5953157,181.0286639,232.9810578,295.0943186,367.6776518,450.5545077,543.5395583,646.9732222,760.9510898,885.591186
OECD ENV-Growth 2025,SSP5,1,Togo,billion USD_2015/yr,GDP|PPP,ANNUAL,,,,,,,,,,22.76724107,30.08924507,40.97572711,56.69671834,78.77837888,107.0524927,142.2717265,185.8306713,239.1611662,302.9220574,377.4307526,462.5060188,557.9576119,664.1349807,781.136251,909.0825787
OECD ENV-Growth 2025,SSP5,1,Togo,billion USD_2017/yr,GDP|PPP,ANNUAL,,,,,,,,,,22.738,30.0506,40.9231,56.6239,78.6772,106.915,142.089,185.592,238.854,302.533,376.946,461.912,557.241,663.282,780.133,907.915
OECD ENV-Growth 2025,SSP5,1,Tonga,billion USD_2010/yr,GDP|PPP,ANNUAL,,,,,,,,,,0.543147387,0.579770683,0.65536458,0.797755785,1.001870373,1.239885206,1.508664894,1.814108933,2.171041933,2.575545768,3.022925832,3.51490467,4.056944451,4.657756081,5.323131956,6.055428307
OECD ENV-Growth 2025,SSP5,1,Tonga,billion USD_2015/yr,GDP|PPP,ANNUAL,,,,,,,,,,0.591097734,0.630954222,0.713221728,0.868183568,1.090317879,1.34934523,1.641853429,1.974262797,2.362706693,2.802921092,3.289796935,3.825208839,4.415101184,5.068953898,5.793070743,6.590015962
OECD ENV-Growth 2025,SSP5,1,Tonga,billion USD_2017/yr,GDP|PPP,ANNUAL,,,,,,,,,,0.608561,0.649595,0.734293,0.893833,1.12253,1.38921,1.69036,2.03259,2.43251,2.88573,3.38699,3.93822,4.54554,5.21871,5.96422,6.78471
OECD ENV-Growth 2025,SSP5,1,Trinidad and Tobago,billion USD_2010/yr,GDP|PPP,ANNUAL,,,,,,,,,,39.67397037,42.70554927,47.20173649,54.04938832,62.38830089,71.02049615,80.08741239,90.03672515,100.7189261,111.6746593,122.7465589,133.9373855,145.3660663,157.1908167,169.4286264,181.9000429
OECD ENV-Growth 2025,SSP5,1,Trinidad and Tobago,billion USD_2015/yr,GDP|PPP,ANNUAL,,,,,,,,,,34.32477007,36.94760433,40.83757528,46.76196532,53.97655095,61.44487627,69.28930959,77.89716682,87.13909768,96.61768077,106.1967676,115.8787466,125.7665102,135.9969418,146.5847404,157.3746487
OECD ENV-Growth 2025,SSP5,1,Trinidad and Tobago,billion USD_2017/yr,GDP|PPP,ANNUAL,,,,,,,,,,37.3631,40.2181,44.4524,50.9012,58.7544,66.8838,75.4226,84.7924,94.8524,105.17,115.597,126.136,136.899,148.035,159.56,171.305
OECD ENV-Growth 2025,SSP5,1,Tunisia,billion USD_2010/yr,GDP|PPP,ANNUAL,,,,,,,,,,125.9499433,143.7813741,170.1028989,209.8433279,263.8914189,326.8226226,398.4993825,480.0257234,570.8362346,669.3284722,771.8241397,875.7337809,980.2508143,1085.293957,1190.605066,1295.112274
OECD ENV-Growth 2025,SSP5,1,Tunisia,billion USD_2015/yr,GDP|PPP,ANNUAL,,,,,,,,,,136.7625654,156.1247989,184.7059889,227.8580768,286.5461189,354.8798762,432.7099832,521.2352436,619.841707,726.789362,838.0841357,950.9142706,1064.403942,1178.464887,1292.816805,1406.295807
OECD ENV-Growth 2025,SSP5,1,Tunisia,billion USD_2017/yr,GDP|PPP,ANNUAL,,,,,,,,,,141.006,160.969,190.437,234.928,295.437,365.891,446.136,537.408,639.074,749.34,864.088,980.419,1097.43,1215.03,1332.93,1449.93
OECD ENV-Growth 2025,SSP5,1,Turkey,billion USD_2010/yr,GDP|PPP,ANNUAL,,,,,,,,,,2735.189452,3328.097464,4040.786995,4800.868877,5551.088666,6236.688095,6898.551934,7561.860929,8217.85656,8842.251451,9434.852914,9994.172002,10530.28101,11052.55156,11563.78637,12061.70823
OECD ENV-Growth 2025,SSP5,1,Turkey,billion USD_2015/yr,GDP|PPP,ANNUAL,,,,,,,,,,3098.200432,3769.798465,4577.075274,5438.034289,6287.822325,7064.413667,7814.119261,8565.46181,9308.520374,10015.78419,10687.03499,11320.58622,11927.84695,12519.4326,13098.51787,13662.52331
OECD ENV-Growth 2025,SSP5,1,Turkey,billion USD_2017/yr,GDP|PPP,ANNUAL,,,,,,,,,,3122.89,3799.84,4613.55,5481.37,6337.93,7120.71,7876.39,8633.72,9382.7,10095.6,10772.2,11410.8,12022.9,12619.2,13202.9,13771.4
OECD ENV-Growth 2025,SSP5,1,Turkmenistan,billion USD_2010/yr,GDP|PPP,ANNUAL,,,,,,,,,,108.6370234,120.3560573,137.96904,159.8374134,185.2350672,212.5902816,240.2644985,271.7161087,307.0889166,344.6927158,383.2069377,424.0919043,468.0018238,515.7833183,567.6034843,623.0217947
OECD ENV-Growth 2025,SSP5,1,Turkmenistan,billion USD_2015/yr,GDP|PPP,ANNUAL,,,,,,,,,,104.2834154,115.5328112,132.439957,153.4319595,177.8118071,204.0707666,230.6359445,260.8271375,294.7823868,330.8792209,367.8499927,407.0965021,449.2467399,495.1134001,544.8568828,598.054315
OECD ENV-Growth 2025,SSP5,1,Turkmenistan,billion USD_2017/yr,GDP|PPP,ANNUAL,,,,,,,,,,107.274,118.846,136.238,157.832,182.911,209.923,237.25,268.307,303.236,340.368,378.399,418.771,462.13,509.312,560.482,615.205
OECD ENV-Growth 2025,SSP5,1,Uganda,billion USD_2010/yr,GDP|PPP,ANNUAL,,,,,,,,,,154.8468381,214.9120757,300.4916794,418.8408266,583.0804358,793.4817289,1055.426615,1382.333668,1790.407228,2287.225409,2882.257982,3580.596099,4388.813434,5317.414079,6374.948408,7566.714436
OECD ENV-Growth 2025,SSP5,1,Uganda,billion USD_2015/yr,GDP|PPP,ANNUAL,,,,,,,,,,137.7229857,191.1458645,267.2615842,372.5230031,518.6000534,705.7339635,938.7114804,1229.467274,1592.413717,2034.290891,2563.521346,3184.633224,3903.473246,4729.3839,5669.97001,6729.943708
OECD ENV-Growth 2025,SSP5,1,Uganda,billion USD_2017/yr,GDP|PPP,ANNUAL,,,,,,,,,,134.738,187.003,261.469,364.449,507.36,690.438,918.366,1202.82,1557.9,1990.2,2507.96,3115.61,3818.87,4626.88,5547.08,6584.08
OECD ENV-Growth 2025,SSP5,1,Ukraine,billion USD_2010/yr,GDP|PPP,ANNUAL,,,,,,,,,,298.6921655,376.0361992,494.8912411,653.8978829,827.87974,994.7296078,1161.495389,1338.330602,1525.109117,1721.15123,1924.340748,2134.684679,2354.649578,2586.519811,2830.176256,3082.921117
OECD ENV-Growth 2025,SSP5,1,Ukraine,billion USD_2015/yr,GDP|PPP,ANNUAL,,,,,,,,,,385.9767779,485.9224892,639.509665,844.981647,1069.804941,1285.412118,1500.910635,1729.4211,1970.780526,2224.110583,2486.676678,2758.487867,3042.731488,3342.359453,3657.217826,3983.820457
OECD ENV-Growth 2025,SSP5,1,Ukraine,billion USD_2017/yr,GDP|PPP,ANNUAL,,,,,,,,,,426.261,536.638,706.255,933.172,1181.46,1419.57,1657.56,1909.92,2176.47,2456.24,2746.21,3046.39,3360.3,3691.2,4038.92,4399.61
OECD ENV-Growth 2025,SSP5,1,United Arab Emirates,billion USD_2010/yr,GDP|PPP,ANNUAL,,,,,,,,,,948.1182049,1179.486029,1441.864392,1682.492291,1886.280962,2053.960487,2208.055697,2365.944941,2520.758264,2662.597669,2785.897774,2892.848826,2984.635713,3066.488695,3143.817561,3219.925634
OECD ENV-Growth 2025,SSP5,1,United Arab Emirates,billion USD_2015/yr,GDP|PPP,ANNUAL,,,,,,,,,,811.1291395,1009.067733,1233.536301,1439.397025,1613.741246,1757.193559,1889.024289,2024.10087,2156.545957,2277.891664,2383.376727,2474.874933,2553.399971,2623.426407,2689.582395,2754.693977
OECD ENV-Growth 2025,SSP5,1,United Arab Emirates,billion USD_2017/yr,GDP|PPP,ANNUAL,,,,,,,,,,792.174,985.487,1204.71,1405.76,1576.03,1716.13,1844.88,1976.8,2106.15,2224.66,2327.68,2417.04,2493.73,2562.12,2626.73,2690.32
OECD ENV-Growth 2025,SSP5,1,United Kingdom,billion USD_2010/yr,GDP|PPP,ANNUAL,,,,,,,,,,2833.979984,3097.235775,3499.463246,4113.683328,4918.711528,5808.026051,6762.040577,7798.751938,8911.124694,10067.28221,11246.45692,12429.88763,13591.86459,14703.2906,15712.05128,16591.22087
OECD ENV-Growth 2025,SSP5,1,United Kingdom,billion USD_2015/yr,GDP|PPP,ANNUAL,,,,,,,,,,3105.539566,3394.021234,3834.791222,4507.867524,5390.03569,6364.566722,7409.997484,8546.049316,9765.012619,11031.95626,12324.12266,13620.95288,14894.2736,16112.19944,17217.62228,18181.03626
OECD ENV-Growth 2025,SSP5,1,United Kingdom,billion USD_2017/yr,GDP|PPP,ANNUAL,,,,,,,,,,3262.8,3565.89,4028.98,4736.14,5662.98,6686.86,7785.23,8978.81,10259.5,11590.6,12948.2,14310.7,15648.5,16928.1,18089.5,19101.7
OECD ENV-Growth 2025,SSP5,1,United States,billion USD_2010/yr,GDP|PPP,ANNUAL,,,,,,,,,,20683.63651,22804.50653,25504.39862,28825.08125,32532.52553,36308.44858,40267.93776,44559.06497,49221.80604,54187.9511,59420.84068,64885.42873,70524.26119,76255.9523,81954.83813,87361.70324
OECD ENV-Growth 2025,SSP5,1,United States,billion USD_2015/yr,GDP|PPP,ANNUAL,,,,,,,,,,22456.81172,24759.50054,27690.85008,31296.20954,35321.48712,39421.11404,43720.04392,48379.04263,53441.51306,58833.39782,64514.89469,70447.95317,76570.19375,82793.25361,88980.69585,94851.08288
OECD ENV-Growth 2025,SSP5,1,United States,billion USD_2017/yr,GDP|PPP,ANNUAL,,,,,,,,,,23076.2,25442.4,28454.6,32159.4,36295.7,40508.4,44925.9,49713.4,54915.5,60456.1,66294.3,72391,78682.1,85076.8,91434.9,97467.2
OECD ENV-Growth 2025,SSP5,1,United States Virgin Islands,billion USD_2017/yr,GDP|PPP,ANNUAL,,,,,,,,,,3.28821,3.56192,3.88237,4.35126,4.91899,5.52676,6.17529,6.89312,7.69165,8.54851,9.45624,10.4081,11.403,12.4376,13.4802,14.4936
OECD ENV-Growth 2025,SSP5,1,Uruguay,billion USD_2010/yr,GDP|PPP,ANNUAL,,,,,,,,,,84.40568377,94.87847115,107.3386383,121.5261435,136.1925242,149.7449786,162.5786497,174.9315638,187.2553126,198.7088065,209.1650356,218.3803283,226.4544112,233.3233088,238.68596,242.1566302
OECD ENV-Growth 2025,SSP5,1,Uruguay,billion USD_2015/yr,GDP|PPP,ANNUAL,,,,,,,,,,87.28635555,98.11656748,111.0019862,125.6736952,140.840623,154.8556076,168.1272776,180.9017828,193.6461274,205.4905163,216.3036048,225.8334052,234.1830475,241.2863729,246.8320454,250.4211658
OECD ENV-Growth 2025,SSP5,1,Uruguay,billion USD_2017/yr,GDP|PPP,ANNUAL,,,,,,,,,,89.7154,100.847,114.091,129.171,144.76,159.165,172.806,185.936,199.035,211.209,222.323,232.118,240.7,248.001,253.701,257.39
OECD ENV-Growth 2025,SSP5,1,Uzbekistan,billion USD_2010/yr,GDP|PPP,ANNUAL,,,,,,,,,,373.0682168,489.2475644,652.5969262,861.0515099,1093.88058,1328.191443,1568.999224,1827.16451,2104.420844,2399.067808,2706.920609,3029.304248,3370.801018,3735.396961,4125.377704,4539.628037
OECD ENV-Growth 2025,SSP5,1,Uzbekistan,billion USD_2015/yr,GDP|PPP,ANNUAL,,,,,,,,,,352.6032492,462.4094819,616.7981785,813.8178125,1033.87485,1255.332395,1482.930465,1726.93388,1988.981086,2267.464946,2558.430225,2863.129241,3185.892922,3530.488651,3899.076675,4290.602962
OECD ENV-Growth 2025,SSP5,1,Uzbekistan,billion USD_2017/yr,GDP|PPP,ANNUAL,,,,,,,,,,337.873,443.092,591.031,779.82,990.684,1202.89,1420.98,1654.79,1905.89,2172.74,2451.55,2743.52,3052.8,3383,3736.19,4111.36
OECD ENV-Growth 2025,SSP5,1,Vanuatu,billion USD_2010/yr,GDP|PPP,ANNUAL,,,,,,,,,,0.759414779,0.893760428,1.225789022,1.86081312,2.938000559,4.512552587,6.72055791,9.772629149,13.90518116,19.25314239,25.93744687,34.02958401,43.61219948,54.73339915,67.41442457,81.61341739
OECD ENV-Growth 2025,SSP5,1,Vanuatu,billion USD_2015/yr,GDP|PPP,ANNUAL,,,,,,,,,,0.82673494,0.972989984,1.334452057,2.025769403,3.198446729,4.912578733,7.316318032,10.63894751,15.1378396,20.9598838,28.23673463,37.04621885,47.47830846,59.5853738,73.3905394,88.84823631
OECD ENV-Growth 2025,SSP5,1,Vanuatu,billion USD_2017/yr,GDP|PPP,ANNUAL,,,,,,,,,,0.850883,1.00141,1.37343,2.08494,3.29187,5.05607,7.53002,10.9497,15.58,21.5721,29.0615,38.1283,48.8651,61.3258,75.5342,91.4434
OECD ENV-Growth 2025,SSP5,1,Viet Nam,billion USD_2010/yr,GDP|PPP,ANNUAL,,,,,,,,,,1129.95488,1582.028894,2193.096846,2860.313901,3505.350909,4081.77639,4628.699511,5167.277411,5707.568681,6244.740083,6751.0282,7217.64455,7648.280125,8048.944508,8424.061773,8775.353816
OECD ENV-Growth 2025,SSP5,1,Viet Nam,billion USD_2015/yr,GDP|PPP,ANNUAL,,,,,,,,,,1244.417388,1742.28573,2415.253826,3150.058834,3860.436994,4495.253396,5097.578899,5690.713824,6285.73568,6877.321632,7434.895873,7948.779666,8423.037893,8864.288896,9277.404902,9664.282231
OECD ENV-Growth 2025,SSP5,1,Viet Nam,billion USD_2017/yr,GDP|PPP,ANNUAL,,,,,,,,,,1325.58,1855.92,2572.78,3355.51,4112.22,4788.44,5430.05,6061.87,6695.7,7325.87,7919.81,8467.21,8972.4,9442.43,9882.49,10294.6
OECD ENV-Growth 2025,SSP5,1,Western Sahara,billion USD_2017/yr,GDP|PPP,ANNUAL,,,,,,,,,,1.18669,1.34433,1.66961,2.26923,3.23462,4.57583,6.40412,8.89819,12.2042,16.4123,21.6309,27.9783,35.5419,44.3665,54.4063,65.4823
OECD ENV-Growth 2025,SSP5,1,Yemen,billion USD_2010/yr,GDP|PPP,ANNUAL,,,,,,,,,,57.34164284,76.12604703,105.5677007,155.9011595,231.7902113,330.9439628,453.5949968,603.4508461,782.7987266,991.2801117,1224.221285,1478.885494,1753.029649,2047.104206,2362.221517,2697.636951
OECD ENV-Growth 2025,SSP5,1,Yemen,billion USD_2015/yr,GDP|PPP,ANNUAL,,,,,,,,,,60.60512377,80.45860345,111.5758679,164.7739514,244.9820714,349.7789535,479.4104173,637.7950021,827.350096,1047.696768,1293.895306,1563.053201,1852.799703,2163.610905,2496.662466,2851.167375
OECD ENV-Growth 2025,SSP5,1,Yemen,billion USD_2017/yr,GDP|PPP,ANNUAL,,,,,,,,,,62.3754,82.8088,114.835,169.587,252.138,359.996,493.414,656.425,851.517,1078.3,1331.69,1608.71,1906.92,2226.81,2569.59,2934.45
OECD ENV-Growth 2025,SSP5,1,Zambia,billion USD_2010/yr,GDP|PPP,ANNUAL,,,,,,,,,,75.80539417,97.58235266,129.6693038,175.1240713,237.8423711,317.3398841,415.7716265,537.8240975,687.4990341,866.1944497,1076.470316,1318.416172,1592.758496,1899.690608,2238.154332,2607.630755
OECD ENV-Growth 2025,SSP5,1,Zambia,billion USD_2015/yr,GDP|PPP,ANNUAL,,,,,,,,,,74.2368017,95.56314352,126.98614,171.5003411,232.9208512,310.773373,407.1683305,526.6952479,673.2730569,848.2708427,1054.195606,1291.135031,1559.800564,1860.381526,2191.841637,2553.672721
OECD ENV-Growth 2025,SSP5,1,Zambia,billion USD_2017/yr,GDP|PPP,ANNUAL,,,,,,,,,,74.5033,95.9062,127.442,172.116,233.757,311.889,408.63,528.586,675.69,851.316,1057.98,1295.77,1565.4,1867.06,2199.71,2562.84
OECD ENV-Growth 2025,SSP5,1,Zimbabwe,billion USD_2010/yr,GDP|PPP,ANNUAL,,,,,,,,,,40.71155947,48.28339092,60.23012569,76.69605686,98.02717414,122.2507402,149.1101644,179.6867037,215.4201521,256.9859684,305.7863049,363.2860501,430.8978122,510.5266781,603.7776469,712.1804342
OECD ENV-Growth 2025,SSP5,1,Zimbabwe,billion USD_2015/yr,GDP|PPP,ANNUAL,,,,,,,,,,45.81922289,54.34101466,67.78658418,86.31832751,110.3256421,137.5882916,167.8174933,202.2301586,242.4467176,289.2273722,344.1501884,408.8638391,484.9581582,574.5772444,679.5274594,801.530437
OECD ENV-Growth 2025,SSP5,1,Zimbabwe,billion USD_2017/yr,GDP|PPP,ANNUAL,,,,,,,,,,38.936,46.1776,57.6033,73.3511,93.7519,116.919,142.607,171.85,206.025,245.778,292.45,347.442,412.105,488.261,577.445,681.12
