IPCC_annex,C_group_IM24_sh,Country_code_A3,Name,ipcc_code_2006_for_standard_report,ipcc_code_2006_for_standard_report_name,Substance,fossil_bio,Y_1970,Y_1971,Y_1972,Y_1973,Y_1974,Y_1975,Y_1976,Y_1977,Y_1978,Y_1979,Y_1980,Y_1981,Y_1982,Y_1983,Y_1984,Y_1985,Y_1986,Y_1987,Y_1988,Y_1989,Y_1990,Y_1991,Y_1992,Y_1993,Y_1994,Y_1995,Y_1996,Y_1997,Y_1998,Y_1999,Y_2000,Y_2001,Y_2002,Y_2003,Y_2004,Y_2005,Y_2006,Y_2007,Y_2008,Y_2009,Y_2010,Y_2011,Y_2012,Y_2013,Y_2014,Y_2015,Y_2016,Y_2017,Y_2018,Y_2019,Y_2020,Y_2021,Y_2022,Y_2023,Y_2024
Non-Annex_I,Rest Central America,ABW,Aruba,1.A.1.a,Main Activity Electricity and Heat Production,CO2bio,bio,,,,,,,,,,,,,,,,,,,,,0.538737764,0.562244468,0.520717051,0.517333654,0.460580913,0.481420742,0.528497543,0.53703249,1.09356666,1.116055472,1.36131502,1.408401593,1.483886198,1.445957905,1.666765388,1.423767324,1.454789981,1.470327112,1.300443628,1.327669056,1.427020985,0.859965137,0.928917724,1.879465977,2.003818261,2.368563838,2.005462357,2.13473002,2.822849272,3.341548231,3.25211083,3.407582594,3.717647646,3.899097662,3.899097662
Non-Annex_I,Rest Central America,ABW,Aruba,1.A.2,Manufacturing Industries and Construction,CO2bio,bio,6.21058251,5.937484819,4.618833912,5.230156598,4.869971717,4.286901529,3.795045198,4.171020309,3.93087169,4.062626255,4.045862037,3.669605466,3.938594212,3.239298091,3.004904843,3.132353032,3.617345577,3.091626392,3.010697685,2.88204478,1.892959412,2.045248809,1.731148931,1.683767566,1.650593457,1.694285797,1.701313062,1.767963827,1.180271648,1.244593019,1.488061167,1.265007222,1.266999964,1.262003299,1.274725401,1.323802747,1.324627137,1.08856489,0.983032062,1.005249425,1.087637731,3.510517141,3.575275462,1.60273479,1.687317736,1.665429641,2.182966172,3.310721559,2.93968507,2.651423673,2.314003901,2.431895341,2.653166932,2.782662039,2.782662039
Non-Annex_I,Rest Central America,ABW,Aruba,1.A.3.b_noRES,Road Transportation no resuspension,CO2bio,bio,,,,,,,,,,,,,,,,,,,,,,,,,,,,,,,,,,,,,,,,,,,,0.107140496,,,0.121254501,0.011197676,0.029508351,0.032075014,0.026939412,0.027114101,0.028692819,0.027038632,0.030280292
Non-Annex_I,Rest Central America,ABW,Aruba,1.B.1,Solid Fuels,CO2bio,bio,0,0,0,0,0,0,0,0,0,0,0,0,0,0,0,0,0,0,0,0,0,0,0,0,0,0,0,0,0,0,0,0,0,0,0,0,0,0,0,0,0,0,0,0,0,0,0,0,0,0,0,0,0,0,0
Non-Annex_I,Rest Central America,ABW,Aruba,1.A.5,Non-Specified,CO2bio,bio,0.056550609,0.055084342,0.055619539,0.064473405,0.064842977,0.06384103,0.053323074,0.051719231,0.051701594,0.048901611,0.048002591,0.04923974,0.049194941,0.04527345,0.068532042,0.076241459,0.078218171,0.075321506,0.069194767,0.06570454,0.512378633,0.5112404,0.504296362,0.481537688,0.482589455,0.48361402,0.47929356,0.466797838,0.484771513,0.511433736,0.659834462,0.742165453,0.720757423,0.865729058,0.907985969,0.924856268,0.978660744,1.086659997,1.010649977,1.340107014,1.420266292,1.625276068,1.714840938,1.722442019,0.698066338,0.979255376,0.751403669,0.802145309,0.836827021,0.621372556,0.955471193,0.923071704,0.836326363,0.999131656,0.999131656
Non-Annex_I,Rest Central America,ABW,Aruba,1.A.4,Residential and other sectors,CO2bio,bio,0.884185203,0.849386687,0.848603502,0.845129122,0.841887952,0.784129039,0.743194867,0.720081436,0.711186409,0.67741033,0.741429042,0.780574517,0.788807175,0.704772915,0.729165549,0.785537289,0.81570242,0.737544341,0.708794133,0.742886273,1.463121505,1.437032471,1.419046345,1.396791541,1.34241505,1.353185705,1.354771803,1.371723078,1.468104082,1.494682061,1.318428138,1.271637555,1.367365451,1.395272013,1.37776137,1.411317408,1.430166887,1.176921608,1.404011499,2.26367812,2.181681837,4.147240632,5.00352863,4.658133869,6.401750566,5.590879741,6.95956379,6.500870189,6.438271493,4.234002252,6.484472414,6.166043751,5.040858899,6.231578873,6.231578873
Non-Annex_I,India +,AFG,Afghanistan,1.A.2,Manufacturing Industries and Construction,CO2bio,bio,,,,,,,,,,0.135935082,,0.539871895,0.873354901,2.208952459,2.1676768,1.920935794,0.702262582,1.501708334,0.867670031,1.980580234,85.03092603,86.41876643,94.04145122,102.0011638,115.9840829,90.7103455,96.8392708,86.19845699,74.36061502,100.6013999,146.9833775,138.3452214,153.8911351,145.4092604,153.093997,147.6926548,157.2518159,140.2757202,134.4408576,123.4322228,115.5439083,127.5375959,125.5751647,88.48622714,106.5771378,110.9006841,85.80758074,101.0371466,93.39860666,97.3717522,93.14262322,94.36710986,97.73851551,99.53726348,99.53726348
Non-Annex_I,India +,AFG,Afghanistan,1.A.5,Non-Specified,CO2bio,bio,,,,,,,,,,,,,,,,,,0.208316247,0.212824725,0.22006447,0.38762544,0.424496891,0.411131278,0.53956321,0.608647961,1.089596629,1.163216195,1.294854394,1.342976612,3.271278216,4.266844051,4.69937915,4.785179981,4.80672045,7.769192343,4.980386079,5.040072075,5.184011795,5.314055658,8.807469173,9.8366398,4.130676745,4.152072426,4.191445363,3.598622703,4.036751544,4.118201899,3.86667029,2.961618263,2.894237186,2.81837342,1.2659969,1.330163891,1.35797388,1.35797388
Non-Annex_I,India +,AFG,Afghanistan,1.A.4,Residential and other sectors,CO2bio,bio,297.1992949,303.5677723,315.9880432,314.9694713,321.8552078,332.2230838,342.4933915,346.3119402,354.5214565,362.6336428,372.3429341,366.2039048,357.6218929,351.5365063,335.098052,343.590981,337.0830099,342.2834847,352.6334906,366.2614003,659.2796182,679.6913642,726.514454,784.3990547,848.644132,1041.427695,1125.507627,1209.126089,1266.907707,1337.086426,1410.181052,1445.037157,1513.837862,1547.267374,1586.719112,1630.378125,1667.121805,1701.13564,1737.589121,1775.29921,1810.686196,1849.593125,1887.520321,2133.415513,2176.796545,2220.271557,2261.910187,2306.765843,2281.144783,2388.194283,2429.279668,2433.010405,2547.640075,2599.530664,2599.530664
Non-Annex_I,India +,AFG,Afghanistan,1.A.1.a,Main Activity Electricity and Heat Production,CO2bio,bio,0.127614891,0.130811193,0.133541735,0.130492731,0.130754671,0.155074646,0.157712309,0.158455567,0.182572835,0.813093176,0.815449957,0.807308435,0.816771344,0.805018898,0.797387043,0.799803548,0.774988804,0.780613631,0.797508034,0.824637191,2.630315485,2.704873481,2.88343749,3.09804151,3.575408441,8.60267914,9.18392682,9.174043379,9.514989297,8.169357294,12.77732536,18.8667916,20.71457032,29.26659527,30.21356812,31.45059082,29.04722022,26.77103547,25.47661233,26.38078905,28.82365919,30.426281,34.35283213,39.09897294,40.16677357,28.10422903,27.80666005,28.77061858,32.3519329,37.10908648,34.21205228,35.18124766,36.3860828,37.3355781,38.15565507
Non-Annex_I,India +,AFG,Afghanistan,1.B.1,Solid Fuels,CO2bio,bio,0,0,0,0,0,0,0,0,0,0,0,0,0,0,0,0,0,0,0,0,0,0,0,0,0,0,0,0,0,0,0,0,0,0,0,0,0,0,0,0,0,0,0,0,0,0,0,0,0,0,0,0,0,0,0
Non-Annex_I,India +,AFG,Afghanistan,1.B.2,Oil and Natural Gas,CO2bio,bio,,,,,,0.281072796,0.28585356,0.287200716,0.290115737,0.292008695,0.292855093,0.289931203,0.378863816,0.373412381,0.451307036,1.63009814,13.1634462,13.48790473,13.94118883,19.08515166,,,,0.741158256,0.796659635,1.426173598,1.522534287,1.618567992,1.678720765,1.925084195,3.034338925,3.521351087,3.590066727,3.659785985,3.873534374,3.948027044,4.005238257,4.067595384,4.125510218,4.184361367,4.26385491,4.278901482,4.348170524,,,,,,,,,,,,
Non-Annex_I,India +,AFG,Afghanistan,3.C.1,Emissions from biomass burning,CO2bio,bio,1306.186447,1276.88932,1513.994736,1534.650247,1555.101607,1598.130635,1633.96284,1516.717219,1576.532107,1504.425016,1442.803203,1384.617181,1327.464312,1273.332618,1218.633865,1158.458649,1103.190433,1222.716029,1091.796073,1042.560357,1000.258156,1022.010205,959.7061477,1128.462084,1187.42077,1198.457731,1232.054527,1357.543978,1411.112775,1220.456462,851.6707355,857.557896,1289.76136,1588.442857,1294.093749,1872.130158,1620.785228,1962.066652,1396.37873,2192.641451,2011.77648,1642.744986,2206.142086,2254.361872,2344.196042,2017.318867,1934.969339,1725.596351,1462.444812,1964.212249,2132.539225,1697.493734,1620.891194,1796.68548,1840.808794
Non-Annex_I,Southern_Africa,AGO,Angola,1.A.2,Manufacturing Industries and Construction,CO2bio,bio,468.10121,468.10121,469.30115,471.10147,473.50135,476.60125,480.00135,484.20113,489.0013,493.80147,498.60121,503.10119,507.60116,512.2012,517.00136,521.90117,526.90147,532.30118,538.00109,544.60117,552.00133,615.25325,567.00138,531.83819,556.22351,637.85712,607.7864,629.07181,658.64967,662.04977,673.84238,685.73506,689.03509,692.43519,683.04598,686.74627,784.26868,834.63205,859.41721,850.132,858.2322,875.02469,891.91724,891.52445,711.284398,645.993588,735.208862,765.8322,811.3395,819.100714,828.32313,834.60375,840.63316,851.5822414,852.1960014
Non-Annex_I,Southern_Africa,AGO,Angola,1.B.1,Solid Fuels,CO2bio,bio,3314.494743,3314.494743,3330.34537,3358.196688,3392.348913,3433.301451,3481.25439,3542.057972,3607.761498,3676.065935,3741.869531,3806.323246,3868.326913,3935.480677,4000.884903,4070.18868,4140.293007,4215.247397,4297.952039,4387.357466,4490.513666,4596.569657,4702.67599,4812.282503,4936.985394,4968.94232,4966.202942,4978.31199,4975.521666,4968.580887,4955.590241,4938.950508,4922.210246,4966.513657,5014.116639,5059.170392,5153.827158,5250.134476,5349.741835,5449.299016,5553.357057,5660.614178,5765.522201,5872.979872,5976.337883,6075.995134,6178.302552,6278.426806,6374.973083,6468.342804,6555.203754,6636.556116,6714.653257,6815.313594,6815.313594
Non-Annex_I,Southern_Africa,AGO,Angola,1.A.4,Residential and other sectors,CO2bio,bio,9803.605447,9803.605447,9856.75453,9929.203032,10030.35102,10160.49876,10301.94577,10473.54224,10671.23825,10873.03433,11070.93048,11257.47668,11449.07294,11640.01947,11837.21512,12040.81115,12245.50702,12467.35279,12710.74795,12983.34246,13287.28641,13595.93045,13913.82386,14237.4176,14513.01465,14719.25775,14959.59678,15178.88798,15392.0784,15589.31929,15785.70977,15985.34951,16184.68993,16329.38621,16479.38303,16634.32979,16942.57297,17262.56545,17587.95849,17922.30074,18264.04312,18610.88549,18963.07763,19310.42032,19650.96234,19985.60479,20315.39774,20644.62647,20962.09066,21269.11467,21554.72275,21822.22042,22079.01452,22574.0814,22574.0814
Non-Annex_I,Southern_Africa,AGO,Angola,3.C.1,Emissions from biomass burning,CO2bio,bio,1168.997514,1149.912236,1146.276608,1188.270013,1098.717746,1098.672779,1101.969422,1005.182967,1011.234997,915.8189899,949.7443703,872.2878694,868.8324414,890.3513501,899.4613283,912.7851122,1037.186584,1077.998947,1056.754802,1006.037,887.8981029,1034.262216,1123.959976,1144.701237,1150.119628,1087.997316,1181.117058,1156.38158,1364.672739,1264.756268,1355.78092,1552.396976,1741.116732,1884.592986,2111.105712,2329.745611,2202.679384,2477.831538,2087.565334,2949.073913,3101.364647,3574.520152,2225.964907,3824.961576,3524.109554,3653.770274,4514.586742,4494.26731,4646.14852,4662.743541,4851.591004,4905.29592,5019.757322,5224.157497,4999.362017
Non-Annex_I,Rest Central America,AIA,Anguilla,1.A.4,Residential and other sectors,CO2bio,bio,,,,,,,,,,,,,,,,,,,,,,,,,,,,,,,,,,,,,,,,,,,,,,,,,0.03304,0.03304,0.03304,0.03304,0.03304,0.03304,0.03304
Int. Aviation,Int. Aviation,AIR,Int. Aviation,1.A.3.a,Civil Aviation,CO2bio,bio,,,,,,,,,,,,,,,,,,,,,,,,,,,,,,,,,,,,,,,,,,,,,,,,,0.01304136,,,3.91192656,128.4112061,155.4451442,167.2724921
Non-Annex_I,Central Europe,ALB,Albania,1.A.5,Non-Specified,CO2bio,bio,,,,,,,,,,,,,,,,,,,,,,,,,,,,,,43.89985,43.19982,42.90005,43.99992,79.4998,10.50008,,,,,,,,,,,,,,,,,,,,
Non-Annex_I,Central Europe,ALB,Albania,1.A.2,Manufacturing Industries and Construction,CO2bio,bio,,,,,,,,,,,,,,,,,,,,,,,,,,,,,,285.1998,280.79988,278.7002,37.70004,133.90014,37.70004,41.89982,41.89982,36.79988,36.79988,8.79982,12.60017,41.89982,41.89982,41.80017,41.89982,41.89982,41.89982,29.3076,31.81968,29.72628,31.40016,31.40226,32.65913,27.63462538,27.63462538
Non-Annex_I,Central Europe,ALB,Albania,1.A.4,Residential and other sectors,CO2bio,bio,1570.69979,1570.69979,1570.69979,1570.69979,1570.69979,1570.69979,1570.69979,1570.69979,1570.69979,1570.69979,1570.69979,1570.69979,1570.69979,1570.69979,1570.69979,1570.69979,1570.69979,1570.69979,1570.69979,1570.69979,1519.90009,1519.90009,1519.90009,1450.69982,1384.69995,1321.69991,1261.50001,1204.09982,1149.30005,767.79967,756.10007,750.3001,990.19997,615.40014,927.40007,921.19983,921.19983,863.30015,863.70042,870.40014,845.70011,829.00021,822.70034,801.80025,767.0004,813.60033,715.606886,654.6760504,629.8555004,624.1749352,625.9837076,589.4802476,569.9113416,561.8217065,561.8217065
Non-Annex_I,Central Europe,ALB,Albania,1.A.3.b_noRES,Road Transportation no resuspension,CO2bio,bio,,,,,,,,,,,,,,,,,,,,,,,,,,,,,,,,,,,,,,,,,,,,,76.52282064,89.71642188,242.7617658,231.863982,329.839408,356.2266034,303.4522055,316.6458067,384.7697083,422.1655631,370.3856975
Non-Annex_I,Central Europe,ALB,Albania,1.B.1,Solid Fuels,CO2bio,bio,,,,,,,,,,,,,,,,,,,,,,,,,,,,,,,,,,,,,,,,,,,,,,,28.593474,12.254266,6.127128,7.1695532,12.5468816,20.9447116,19.7415704,18.75298853,18.75298853
Non-Annex_I,Central Europe,ALB,Albania,3.C.1,Emissions from biomass burning,CO2bio,bio,110.1767759,111.0577741,119.1389141,127.6607915,129.3481552,129.3176024,165.3130509,171.8299389,174.7458215,182.041169,174.8461902,176.7658549,186.3517304,200.5664896,198.4950609,191.3240984,195.2061458,193.8126834,194.136216,199.4494112,179.0318534,93.36419553,87.64720276,130.3326555,126.0086092,123.0899994,96.59591261,115.5910146,116.4409617,93.44944491,105.8886605,93.22716278,95.2676448,88.78935971,88.90042447,91.00135821,87.91022804,86.59938734,107.0467119,108.9946196,112.9673105,113.9899484,113.8327048,113.9289021,112.8217472,111.8397978,112.2882773,112.2843941,106.8368867,104.5763979,106.3044209,106.593929,106.9036996,108.2583778,107.0606352
Non-Annex_I,Rest Central America,ANT,Netherlands Antilles,1.A.4,Residential and other sectors,CO2bio,bio,0.697144,0.697144,0.697144,0.697144,0.697144,0.697144,0.697144,0.697144,0.697144,0.697144,0.697144,0.697144,0.697144,0.697144,0.697144,0.697144,0.697144,0.697144,0.697144,0.697144,0.697144,0.700448,1.480192,1.463672,0.720272,0.723576,0.733488,0.746704,0.753312,0.75992,1.714776,1.724688,0.789656,1.942752,1.952664,1.962576,1.51984,0.95816,2.57712,2.21368,1.8172,1.88328,1.794072,1.794072,1.794072,1.794072,1.794072,1.794072,1.794072,0.882168,1.248912,1.248912,1.248912,1.248912,1.248912
Non-Annex_I,Middle_East,ARE,United Arab Emirates,3.C.1,Emissions from biomass burning,CO2bio,bio,,,,,,0.006693871,0.009096544,0.021412002,0.158315495,0.421612429,0.42762885,0.400830947,0.888984216,0.715171786,0.839572796,0.779412069,0.686655817,0.536112506,0.41068549,0.649110966,2.209045033,2.088022477,2.384062196,1.406760941,1.477358825,1.468819846,1.354824853,1.219434868,1.178386562,1.094804033,1.332325664,1.090016256,0.949391,0.673546115,0.636519788,0.624790607,0.638543378,0.554257741,0.675453126,0.911428789,1.359456563,1.157038677,0.979189752,0.232745827,0.638650037,0.90936829,1.455264585,4.002164182,1.931516503,6.189914336,6.255494305,5.568355016,5.07148272,5.187907425,5.190517656
Non-Annex_I,Middle_East,ARE,United Arab Emirates,1.A.5,Non-Specified,CO2bio,bio,,,,,,,,,,,,,,,,,,,,,,,151.7824,124.1856,110.3872,110.3872,82.7904,82.7904,79.3408,79.3408,79.3408,79.3408,79.3408,79.3408,117.2864,124.1856,137.984,162.1312,189.728,213.8752,220.7744,217.3248,213.8752,210.4256,206.976,203.5264,200.0768,197.65536,195.25408,192.89424,190.652,188.52736,186.40608,98.60538539,98.60538539
Non-Annex_I,Rest South America,ARG,Argentina,1.A.3.b_noRES,Road Transportation no resuspension,CO2bio,bio,,,,,,,,,,,,,,,,,,,,,,,,,,,,,,,,,,,,,,,,3.79483752,1515.65825,2205.249945,2560.921052,3047.911588,3554.698009,3770.525076,4101.160673,4712.961449,4499.193055,4595.703253,2463.778284,2658.59145,3575.502037,3260.443528,3735.39578
Non-Annex_I,Rest South America,ARG,Argentina,1.B.1,Solid Fuels,CO2bio,bio,1454.023204,1454.023204,1179.729922,1316.579941,1024.367213,741.4606244,571.0015148,471.1341208,812.6072352,722.9486868,656.4040664,502.02524,415.2712504,507.9374176,507.9374176,490.712872,388.803134,402.8155116,585.73078,530.9095532,801.8495152,723.092826,586.8746112,615.063544,928.490698,1015.612245,1019.008156,516.5492452,530.9095532,375.463454,509.9412168,530.5616228,539.1739308,562.5940468,419.5625436,445.603236,445.703306,434.5387284,465.28329,486.3199232,484.0121548,520.0249516,465.38335,565.0419492,587.8826716,614.323204,551.2740728,522.2420356,518.8761684,528.215928,522.9317612,530.253686,414.2606012,385.6108556,385.6108556
Non-Annex_I,Rest South America,ARG,Argentina,1.A.1.a,Main Activity Electricity and Heat Production,CO2bio,bio,179.49984,179.49984,229.30015,176.60006,180.70019,196.59999,180.79984,195.89995,193.29995,304.0002,308.40011,268.10006,342.70005,494.50002,352.00019,372.89985,385.50003,318.70005,373.09998,319.19996,451.10007,442.00006,434.90008,302.7002,316.30018,380.50015,562.59999,634.20014,651.29986,609.69982,860.7998,806.70006,1234.50017,1620.84624,1821.812547,1986.747125,1696.853177,1905.887741,2058.961432,2128.042523,2376.300894,2429.463868,2620.97225,2719.611238,1990.285749,2425.236696,2607.50153,2968.942383,2388.885234,3282.89734,4529.646063,4458.172502,5470.408318,5501.525025,5543.10105
Non-Annex_I,Rest South America,ARG,Argentina,1.B.2,Oil and Natural Gas,CO2bio,bio,,,,,,,,,,,,,,,,,,,,,,,,,5.21086584,5.21086584,5.21086584,13.0273062,13.0273062,13.0273062,18.23816496,18.23816496,18.23816496,18.23816496,18.23816496,46.8980616,46.8980616,484.6117267,1795.148018,3048.647908,5070.441042,6585.9576,6753.81029,6076.848981,7794.711776,5978.77663,8352.247708,9234.780357,8080.569941,7276.831038,4267.69901,6061.021344,6778.013425,3929.915979,4880.586482
Non-Annex_I,Rest South America,ARG,Argentina,1.A.3.e,Other Transportation,CO2bio,bio,174.8998,174.8998,172.2998,121.09984,67.29988,61.90016,51.09989,37.70004,8.1002,,,,,,,,,,,,,,,,,,,,,,,,,,,,,,,,,,,,,,,,,,,,,,
Non-Annex_I,Rest South America,ARG,Argentina,1.A.2,Manufacturing Industries and Construction,CO2bio,bio,17175.79537,17175.79537,17042.4952,17522.89533,17446.59509,17216.39519,17070.99516,17438.89514,17298.19522,17351.39521,17805.19534,17887.29514,17417.09531,17595.99518,17837.59531,17601.99529,17642.29533,18122.79511,17442.69508,16792.79528,17095.29535,19663.44818,17611.19342,15125.66561,16454.29619,21103.51278,18579.45847,21719.76885,22971.66637,24314.38805,21258.38888,21630.60316,21146.21744,24341.4057,23407.81525,18652.94651,21901.35538,20599.72572,20582.06612,20401.56605,18610.45024,19219.48359,17976.27344,17019.33994,19082.10315,17404.13936,18245.86071,21287.28109,23881.32527,23094.21914,16367.86167,20057.89951,12420.97641,13921.67441,12288.45905
Non-Annex_I,Rest South America,ARG,Argentina,2.C,Metal Industry,CO2bio,bio,441.9553264,441.9553264,472.4352304,268.2212848,252.9813328,484.6267216,545.5860592,740.6560448,411.4758928,411.4758928,472.4352304,472.4352304,472.4352304,460.2432688,655.3132432,600.4498864,573.0179728,496.8186832,454.147288,487.674712,487.674712,304.7966992,295.652728,204.2139456,252.9813328,204.2139456,222.501888,216.4059072,192.021984,,,,,,,,,,,,,,,,,,,,,,,,,,
Non-Annex_I,Rest South America,ARG,Argentina,1.A.4,Residential and other sectors,CO2bio,bio,2308.373369,2308.373369,2237.935218,2127.246175,2046.451505,1893.312234,1447.012665,1650.809996,1677.065374,1761.575821,1682.861155,1641.34002,1530.39373,1886.819584,1958.297669,1935.33721,1397.278663,1584.114146,1744.974063,1484.715544,1340.975582,1621.810585,2095.872592,2381.123361,1919.42781,1963.07421,1949.189946,1699.845328,1830.668072,2233.088796,2077.110553,1707.285857,1812.526089,2061.706003,1942.937797,1790.196524,1765.296794,1739.213501,1768.16475,1736.180057,1772.987895,1873.726818,1635.46454,1901.805961,1938.269168,1982.728746,1835.626518,1775.974124,1806.256522,1829.613924,1792.142969,1798.951152,1519.544869,1307.265872,1307.265872
Non-Annex_I,Rest South America,ARG,Argentina,3.C.1,Emissions from biomass burning,CO2bio,bio,9638.400997,10570.64373,10435.53069,12187.09888,12059.07716,12216.39358,13541.45379,11832.02727,13802.32404,13583.8629,12208.66133,15303.03087,17951.80328,16921.15764,17878.26313,15701.43809,15144.03127,14251.50382,14878.35677,12980.00217,14932.55218,16496.57366,16895.66226,16422.6118,16529.27595,18049.66847,17206.54132,22192.10747,24702.69337,22386.68638,25007.61976,27031.23359,27663.14823,28269.29894,28787.72915,33135.7855,31159.69163,35712.4449,37259.47796,27274.65444,35242.35953,39254.67968,35666.01869,38638.35533,39419.04744,43243.46019,43505.68379,47323.93109,41562.26211,49200.06048,48466.18559,47797.01163,48855.27736,34420.69578,36181.74308
Non-Annex_I,Rest South America,ARG,Argentina,4.C,Incineration and Open Burning of Waste,CO2bio,bio,,,,,,,,,,,,,,,,,,,,,,,,,,0.0495,0.04455,0.45725625,0.64387125,0.624133125,0.604395,0.68607,1.4157,1.86016875,2.3046375,2.41374375,2.66182125,3.20021625,3.22900875,3.48731625,3.82206,4.125840469,4.429620938,4.733401406,5.037181875,5.340962344,5.644742813,5.948523281,6.25230375,7.0510825,8.420284501,9.27710784,9.27710784,9.27710784,9.882068658
Non-Annex_I,Russia +,ARM,Armenia,1.A.4,Residential and other sectors,CO2bio,bio,,,,,,,,,,,,,,,,,,,,,,,,,,,,,,,,,,,,,,,,,,,,,149.9998,532.278752,758.8099628,823.2712036,832.969508,807.4742812,850.0854412,793.4277528,769.1078056,773.1890837,767.2060437
Non-Annex_I,Russia +,ARM,Armenia,1.A.2,Manufacturing Industries and Construction,CO2bio,bio,,,,,,,,,,,,,,,,,,,,,,,,,,,,,,,,,,,,,,,,,,,,,0.10006,0.01675,0.0641872,0.1673016,0.0772312,0.0223812,0.09812,0.1534668,0.1703184,0.262810672,0.262810672
Non-Annex_I,Russia +,ARM,Armenia,1.A.5,Non-Specified,CO2bio,bio,122.011182,122.011182,120.5990145,117.9159437,119.7517423,116.0799948,116.3625176,113.9618193,109.8665824,110.2902178,111.4198625,114.2441976,117.6334208,113.3969254,120.3164974,122.5364624,113.9632666,121.8797539,114.4956303,105.2741162,62.79991,62.3,61.20013,59.7,58.29993,57.1,56.19984,55.59987,55.09996,54.80019,51.30002,37.49991,41.10014,50.00002,52.70009,34.60013,56.2999,35.70001,35.59994,35.49988,35.39981,35.39981,35.49988,35.59994,,,,,,,,,,,
Non-Annex_I,Russia +,ARM,Armenia,3.C.1,Emissions from biomass burning,CO2bio,bio,56.00090768,54.43157502,52.36260618,65.41570046,58.26845434,48.32277208,66.32805759,60.43007863,70.25136146,58.38801513,58.15578598,51.34799526,54.38198317,54.7109922,49.42425551,52.42981957,58.18301581,56.71382412,52.7677153,55.64842374,61.70789921,50.11482814,59.22876829,67.64526393,52.7932035,53.39370465,66.34508976,59.96758734,71.75543732,64.77528615,53.29212028,75.84461351,83.57578192,69.09652451,91.41436455,82.7236774,51.23119615,86.17655044,80.44085622,72.70246127,65.37051301,81.54442997,86.28951918,101.8887953,107.5129447,111.8531076,111.7660832,62.57423361,64.65349285,43.01799942,49.84717309,36.97398637,49.01469496,57.90468473,58.37401536
Non-Annex_I,Oceania,ASM,American Samoa,3.C.1,Emissions from biomass burning,CO2bio,bio,0.009979656,0.009971657,0.010473134,0.010401142,0.008418067,0.008410068,0.00839407,0.008362073,0.006370999,0.027922298,0.014904691,0.026785103,0.034971339,0.034817318,0.030825135,0.026840952,0.022864768,0.018888584,0.0149044,0.01379353,0.01897992,0.014057503,0.014049504,0.019226441,0.026634573,0.012482767,0.013035148,0.011862144,0.027094366,0.036365818,0.039281599,0.046551853,0.048571433,0.086405787,0.044274146,0.043374979,0.043352581,0.046037985,0.045626913,0.046285174,0.046795668,0.047148797,0.044435992,0.045676944,0.050079995,0.053304924,0.051888629,0.053018988,0.054001581,0.054048135,0.054117966,0.05431291,0.054797767,0.055287167,0.055544284
Non-Annex_I,Rest Central America,ATG,Antigua and Barbuda,1.A.2,Manufacturing Industries and Construction,CO2bio,bio,,,,,,,,,,,,,,,,,,,,,,,,,,,,,,,,,,,,,,,,,,,,,,,,,,0.002206761,0.001855657,0.001879363,0.001977025,0.001977025,0.001977025
Non-Annex_I,Rest Central America,ATG,Antigua and Barbuda,1.A.1.a,Main Activity Electricity and Heat Production,CO2bio,bio,,,,,,,,,,,,,,,,,,,,,,,,,,,,,,,,,,,,,,,,,,,,,,,,,,0.002781147,0.002607948,0.002633371,0.002770229,0.002770229,0.002770229
Non-Annex_I,Rest Central America,ATG,Antigua and Barbuda,1.A.3.b_noRES,Road Transportation no resuspension,CO2bio,bio,,,,,,,,,,,,,,,,,,,,,,,,,,,,,,,,,,,,,,,,,,,,0.067258699,,,0.078644308,0.006640436,0.018201685,0.021557638,0.017970568,0.017719187,0.018381058,0.017321361,0.019398018
Non-Annex_I,Rest Central America,ATG,Antigua and Barbuda,1.A.4,Residential and other sectors,CO2bio,bio,,,,,,,,,,,,,,,,,,,,,,,,,,,,,,,,,,,,,,,,,,,,0.036416997,0.053248263,0.042861048,0.041613672,0.049107692,0.047168336,0.063665521,0.001195355,0.001218531,0.001212351,0.001212351,0.001212351
Non-Annex_I,Rest Central America,ATG,Antigua and Barbuda,3.C.1,Emissions from biomass burning,CO2bio,bio,6.207967134,20.19551948,0.077237483,0.039179373,0.025393482,0.040455317,0.041169613,0.02477773,0.035258543,0.063724423,0.51991474,0.465418098,0.84464923,0.060651413,0.020029791,0.024357433,0.027383912,0.03204369,0.037195317,0.035527149,0.031777486,0.035565483,0.034169458,0.033654948,0.033447253,0.031004638,0.032916607,0.033618184,0.033729308,0.033833383,0.03339534,0.033934531,0.036177202,0.040139377,0.045135261,0.047111159,0.050701978,0.051992595,0.054786579,0.054671493,0.054277595,0.058192414,0.057612193,0.059790526,0.061014183,0.063424324,0.055642042,0.049429308,0.041751776,0.04543036,0.037534121,0.059158993,0.049747377,0.058878868,0.062304286
Non-Annex_I,Rest Central America,ATG,Antigua and Barbuda,1.A.5,Non-Specified,CO2bio,bio,,,,,,,,,,,,,,,,,,,,,,,,,,,,,,,,,,,,,,,,,,,,0.0036417,0.004437355,0.007143508,0.003467806,0.004941997,0.00507872,0.007458139,0.000280014,0.000280145,0.000294707,0.000294707,0.000294707
Annex_I,Oceania,AUS,Australia,1.A.3.b_noRES,Road Transportation no resuspension,CO2bio,bio,,,,,,,,,,,,,,,,,,,,,,,,,,,,,,,,,,136.6156658,68.3079816,55.02575292,146.2729133,328.7950938,476.5688113,583.3353246,496.6759476,667.6796266,682.3793633,720.8429359,749.4429499,730.5624307,478.3129835,295.0378733,355.5294145,380.1961628,312.5960467,259.7940722,283.5383461,325.2282847,317.7151625
Annex_I,Oceania,AUS,Australia,1.B.2,Oil and Natural Gas,CO2bio,bio,,,,,,,,,,,,,,,,,,,,,,,,,,,,,,,,,,136.4431475,68.46153264,54.52864488,146.5974959,328.8523073,476.3639798,583.3021265,496.2529388,667.6796266,682.3793633,720.8402668,749.4429499,730.5624307,478.3129835,295.0378733,355.5294145,380.1961628,312.5960467,259.7940722,283.5383461,325.2282847,343.8509139
Annex_I,Oceania,AUS,Australia,1.A.1.a,Main Activity Electricity and Heat Production,CO2bio,bio,148.20016,148.6,151.59984,146.4999,553.10015,619.59992,610.49991,522.10024,486.10004,501.59999,461.79985,484.80004,619.20009,517.09994,529.1998,547.20011,2968.3001,2968.3001,2968.3001,2968.3001,2968.3001,2968.3001,2411.99999,2411.99999,2411.99999,2448.909628,2587.921081,2613.69245,2661.958899,2741.988004,2646.587994,2869.172749,3089.973867,7047.166094,7551.763124,7987.626753,8091.985229,8201.263169,9328.402758,2813.890125,2531.595129,1937.835923,1990.829359,1782.667748,2435.773149,2848.292152,3126.986111,4168.575435,4177.96187,3867.766558,3767.985101,3643.77054,3591.913108,3469.813867,3449.436296
Annex_I,Oceania,AUS,Australia,1.A.2,Manufacturing Industries and Construction,CO2bio,bio,31237.39244,31311.89278,31184.19245,31187.59255,32203.39271,32536.49242,32921.29241,33292.69297,33450.09278,32720.39258,32878.39237,33549.69258,34057.6921,33976.89313,33578.89258,34024.09261,29299.4927,29514.29271,29538.2927,30201.59277,30369.19289,25914.06422,31781.66246,40903.68498,49205.08858,48891.03482,56511.94653,59852.82154,51377.04166,55589.37444,45280.77461,48554.39352,57967.21,37131.24291,38160.30404,35273.07856,28398.04229,26161.25467,30965.76117,44894.2338,55661.32639,53594.17414,54537.48188,59479.53348,54077.57608,59515.56922,58062.86984,46749.27777,41798.25497,39506.57158,35822.11849,38269.85785,36609.93927,37342.03016,36547.47877
Annex_I,Oceania,AUS,Australia,1.A.4,Residential and other sectors,CO2bio,bio,8373.6,8373.6,8792.3001,8373.6,7583.90002,7259.0998,6963.5,6684.30031,6407.40001,6560.30027,6725.1999,6930.4,6898.50034,6881.39978,6864.19999,6863.80015,6900.00006,6900.00006,7079.9998,7079.9998,7410.00003,7619.99986,7839.99988,9291.90005,8159.99993,8170.0001,7859.40025,7926.90026,7840.00029,7767.30028,7871.89995,8020.40029,8417.50027,7619.690975,6699.357924,6080.315673,6024.414613,6195.751766,6050.527322,5900.047456,5624.627751,5323.896196,5360.159639,5398.871099,5302.942774,5102.445307,5066.298105,4918.783602,4874.371868,4799.260296,4745.507318,4727.960955,4829.702236,4967.792829,4966.774478
Annex_I,Oceania,AUS,Australia,3.C.1,Emissions from biomass burning,CO2bio,bio,9631.344768,10737.45887,9036.8793,11949.09096,11629.7027,12547.27975,12630.27513,11859.33573,16133.15743,15432.70835,12981.60678,16324.16849,12275.35689,19277.9137,18054.54701,16514.46011,15912.38115,13807.78871,14836.04876,14885.36569,14904.75261,14391.04372,12869.7443,15505.7345,17041.11824,12824.98472,17424.73217,21068.30198,18478.42583,19221.86345,19483.54512,18018.43935,18044.51445,10475.54429,17312.44115,14344.63522,15165.45067,8340.866466,9261.574913,10187.69204,9360.407563,10602.86255,11514.64695,10309.22139,10704.72262,10494.93234,10002.07639,13517.87397,10104.51212,8512.516751,7909.832313,12941.59109,13889.44249,14580.26292,16981.80275
Annex_I,Oceania,AUS,Australia,4.C,Incineration and Open Burning of Waste,CO2bio,bio,,,,,,,,,,,,,,,,,,,,,,,,,,2.98670625,3.01803348,4.283158,,,,,,,,,,,3.95130175,3.18582,,,,,,,,,,,,,,,
Annex_I,OECD_Europe,AUT,Austria,1.A.5,Non-Specified,CO2bio,bio,,,,,,,,,,,,,,,,,224.49998,226.70015,184.89997,196.70005,,,,,,,,,,,,,,,,,,,,,,,,,,,,,,,,,,,
Annex_I,OECD_Europe,AUT,Austria,1.A.1.a,Main Activity Electricity and Heat Production,CO2bio,bio,73.69982,71.60014,88.30003,112.19996,109.30018,98.39985,111.80012,137.70008,190.09998,240.69997,325.69996,347.20002,334.69991,383.29987,488.59998,593.20006,708.00002,667.10043,986.5001,913.40024,936.30037,1155.69956,1286.30009,1755.252995,2128.035151,2131.280086,2344.098754,2122.486773,2303.905165,2438.861322,2230.397076,2405.258749,2575.890603,2703.166629,2977.636068,3578.357952,4496.229127,5439.912631,6175.059426,6628.003008,7462.404723,7735.750494,8435.604818,8257.925962,8133.980983,8179.543707,8039.069125,8220.004631,7979.231522,7731.531292,8104.603704,8201.201132,8093.737628,7936.125025,7956.434068
Annex_I,OECD_Europe,AUT,Austria,1.A.1.bc,Petroleum Refining - Manufacture of Solid Fuels and Other Energy Industries,CO2bio,bio,,,,,,,,,,,,,,,,,,,,,,,,,,,,,,,,,,,,,,0.83443464,0.01808232,0.00266916,0.00771012,,,,0.84007032,,,,,,,,,,
Annex_I,OECD_Europe,AUT,Austria,1.A.2,Manufacturing Industries and Construction,CO2bio,bio,1625.32173,1692.42229,1672.12261,1687.32279,1714.02243,1717.12191,1765.12191,1722.82225,2029.42161,2392.42178,2418.82205,2568.22172,2641.42249,2643.22241,2740.62286,2882.22168,3291.32269,3297.22232,3256.62334,3096.12236,3807.7222,3694.05912,3750.91812,3649.89867,3256.03268,3536.77809,3278.33853,3917.41854,3935.57378,4805.593296,4680.794454,5183.655214,4383.650449,4816.58822,4873.365979,6883.074544,7224.79511,7632.949403,7380.556391,7166.397667,7618.96253,7383.545658,7534.032689,7474.319981,7383.481181,7121.155825,8035.283499,8043.962836,7771.34857,7901.74625,7509.03859,8114.301794,8722.189985,8772.665937,8806.882463
Annex_I,OECD_Europe,AUT,Austria,1.B.2,Oil and Natural Gas,CO2bio,bio,,,,,,,,,,,,,,,,,,,,,18.53548248,20.59297296,22.84728744,25.90491288,17.29938528,33.28235076,36.07853304,39.24494976,42.1161234,46.32951636,50.95997796,56.05701156,59.187561,60.45982284,63.6988662,110.6476135,205.0697857,585.2161478,698.6083588,893.6554133,882.3103222,764.4005827,734.0943454,702.9029735,1134.135883,1313.997059,1201.65923,1062.896257,1068.19842,1205.521849,1027.260793,1130.928658,1273.178179,1490.875966,1494.895234
Annex_I,OECD_Europe,AUT,Austria,1.A.3.b_noRES,Road Transportation no resuspension,CO2bio,bio,,,,,,,,,,,,,,,,,,,,,16.96501812,18.84909816,20.91429876,23.71285284,15.8353404,30.46571436,33.0232794,35.92290756,38.550423,42.40632552,46.64550384,51.31005564,54.17589804,55.3393686,54.14477436,217.1571299,752.7667763,947.7693613,1164.380041,1505.692141,1459.338364,1467.640615,1446.84053,1481.921295,1761.654207,1931.147135,1605.066775,1411.948643,1457.168818,1430.330611,1196.154198,1233.494981,1184.340218,1454.523892,1420.745698
Annex_I,OECD_Europe,AUT,Austria,1.B.1,Solid Fuels,CO2bio,bio,,,,,,,,,,,,,,,,,,,,,,,,,,,,,,6.39994,8.1002,4.4281708,3.9282708,5.8282408,6.5282708,4.7619604,5.2783072,4.9723148,5.4234892,5.909738,5.1102872,4.893928,5.9592768,5.1813596,4.825714,5.5286056,5.8027472,4.6696548,5.2650124,5.4435432,5.506544,5.5081776,4.4043632,4.150370567,4.150370567
Annex_I,OECD_Europe,AUT,Austria,1.A.3.c,Railways,CO2bio,bio,9.59991,10.00017,10.50008,10.50008,10.00017,10.00017,8.79982,8.79982,8.79982,8.79982,9.20007,8.79982,8.00014,8.00014,7.09998,6.29988,0.20013,0.30019,0.30019,1.09987,0.10006,0.20013,0.10006,0.10006,0.10006,0.10006,0.10006,,,,,,,,,1.54156172,6.33031796,7.03788608,7.14933944,9.4140332,9.24803552,7.931906,8.52043328,7.01368752,7.64655456,5.92402596,5.78470572,6.07820124,5.51144016,5.4524496,5.44740864,5.59147248,5.58080292,5.021170053,4.904564158
Annex_I,OECD_Europe,AUT,Austria,1.A.4,Residential and other sectors,CO2bio,bio,2664.904323,2613.004333,2500.803953,2759.603873,2670.404103,2700.504263,2708.404333,2758.704133,2864.204373,3261.504483,3576.804433,3778.604423,4340.404323,4373.504323,5107.004473,5518.204333,5552.104013,5887.403893,9967.104293,8724.004443,6450.474907,7165.919739,6777.109079,6918.544402,6403.973219,6927.740043,7569.56879,7137.642848,6919.395827,7163.372117,6783.134323,7231.139201,6801.20316,6818.756699,6679.062466,6722.857597,7103.871201,7226.172419,7349.191695,7579.508928,8562.151335,8104.738613,8481.891775,8774.797012,7733.102044,8252.801982,8411.980765,8600.344473,7953.570349,8074.873455,8083.133599,9815.410049,7848.404483,7488.368699,7487.725191
Annex_I,OECD_Europe,AUT,Austria,1.A.3.d,Water-borne Navigation,CO2bio,bio,,,,,,,,,,,,,,,,,5.69991,5.69991,4.80017,4.89981,,,,,,,,,,,,,,,,,,,,,,,,,,,,,,,,,,,
Annex_I,OECD_Europe,AUT,Austria,4.C,Incineration and Open Burning of Waste,CO2bio,bio,1.610327097,1.645924009,1.682539041,1.719971866,1.757904309,1.796044555,1.832708036,1.869362789,1.905547028,1.940668804,1.974288217,1.996410997,2.016745612,2.035380898,2.052486985,2.068268905,2.081137809,2.092808846,2.103722171,2.114431246,2.115680409,2.101808838,2.087937267,2.074065696,2.04526527,2.571964843,2.53833423,2.49361133,2.476020897,2.537847859,2.526267866,2.467324233,2.346775171,2.240225812,2.090801208,1.991071373,1.890804701,1.805416518,1.721853352,1.64722186,1.627846566,1.667850561,1.730713944,1.839633511,1.876558659,2.036089418,2.069476019,0.552557481,0.554312088,0.556066696,0.557821303,0.557821303,0.557821303,0.558874067,0.559928819
Annex_I,OECD_Europe,AUT,Austria,3.C.1,Emissions from biomass burning,CO2bio,bio,14.70727878,16.60493371,15.55850511,16.75034294,18.34586162,16.51859707,19.50396793,18.16880155,19.96100826,16.2988868,20.58163681,18.26377464,20.98151485,21.86951883,23.09041088,23.55794699,21.32870774,21.18127571,23.04217934,21.88971132,22.83912678,21.99409505,20.4665492,17.46001398,19.58613207,19.29588958,18.62142489,21.32092629,21.46096592,21.98135085,20.06496091,22.41605394,21.45916646,19.2632448,24.55709652,22.4607212,21.15225589,21.94039245,26.14510657,24.03983795,23.46817685,24.70108412,18.89685859,16.42014792,17.30885599,12.67238528,12.18945868,8.229833793,5.783259529,4.113130579,1.876093054,1.77543957,1.86768251,1.879071561,1.766981829
Non-Annex_I,Russia +,AZE,Azerbaijan,1.B.1,Solid Fuels,CO2bio,bio,,,,,,,,,,,,,,,,,,,,,,,,,,,,,,,,,,,,,,,,,,,,19.1521632,19.2024656,20.7021856,15.3100744,0.7802044,0.284982,0.284982,0.175164,0.284982,0.5700244,0.914749205,0.914749205
Non-Annex_I,Russia +,AZE,Azerbaijan,1.A.4,Residential and other sectors,CO2bio,bio,135.8054208,135.8054208,134.2335976,131.2471864,133.2905352,129.2036703,129.5181344,126.8460199,122.2877872,122.7593175,124.0166767,127.1603231,130.9327223,126.2172607,133.9191399,136.3900879,126.8476309,135.6591337,127.440182,117.1761097,69.89989,70.99976,72.10005,73.19992,74.19973,75.09989,75.89998,76.60002,77.29963,77.99966,78.70011,57.80002,49.69982,99.6002,49.60019,104.10018,100.00004,366.49992,356.89958,305.99981,376.80028,402.89996,409.80022,402.6478368,356.996954,321.897334,127.3898856,144.0299056,155.034828,151.244938,107.225056,93.655088,67.5194856,65.33505445,65.33505445
Non-Annex_I,Russia +,AZE,Azerbaijan,1.A.1.a,Main Activity Electricity and Heat Production,CO2bio,bio,,,,,,,,,,,,,,,,,,,,,,,,,,,,,,,,,,,,,,,,,,,,105.20005,131.40021,151.79997,138.69989,139.1102,148.29018,153.75018,158.18986,150.92995,154.64993,159.4501309,161.6821211
Non-Annex_I,Russia +,AZE,Azerbaijan,3.C.1,Emissions from biomass burning,CO2bio,bio,264.9718208,259.6744539,238.5181619,296.6453043,250.0858735,207.2440305,282.6314631,265.7991564,319.9640371,255.6954432,267.413024,231.7620935,242.6778645,232.7698712,210.7390447,227.9168346,255.4244697,241.2839187,235.6394479,252.0360223,281.9228722,218.0290857,263.5579336,241.0260735,216.5218979,193.4825347,215.2963313,235.9616858,208.3604589,224.0095309,305.0667632,388.8989789,429.3258218,397.8335273,415.4625396,408.552747,398.79149,376.1313462,465.8157755,567.3035409,390.0564026,462.014965,516.6849034,539.4282186,439.4753632,518.1605679,543.6719514,528.4950362,590.7194164,621.6564833,563.3870908,574.9835275,541.8755989,555.9453421,547.6684459
Non-Annex_I,Russia +,AZE,Azerbaijan,1.A.2,Manufacturing Industries and Construction,CO2bio,bio,,,,,,,,,,,,,,,,,,,,,0.39984,0.39984,0.39984,0.39984,0.39984,0.39984,0.39984,0.39984,0.39984,0.39984,0.39984,0.39984,0.30019,0.4999,0.30019,0.30019,0.30019,0.20013,0.39984,0.20013,0.20013,0.40026,1.10029,2.1001,1.69984,1.09987,1.50013,6.09012,11.55011,26.90019,30.67962,34.6801,25.63996,25.21966168,25.21966168
Non-Annex_I,Russia +,AZE,Azerbaijan,1.A.3.c,Railways,CO2bio,bio,,,,,,,,,,,,,,,,,,,,,0.39984,0.39984,0.39984,0.39984,0.39984,0.39984,0.39984,0.39984,0.39984,0.39984,0.39984,0.39984,0.20013,0.39984,0.30019,0.30019,0.20013,1.50013,0.59997,0.59997,0.20013,1.09987,0.8001,0.99981,0.8001,0.8001,0.20013,0.21018,0.41994,0.21018,,,,,
Non-Annex_I,Eastern_Africa,BDI,Burundi,1.A.3.b_noRES,Road Transportation no resuspension,CO2bio,bio,,,,,,,,,,,,,,,,,,,,,,,,,,,,,,,,,,,,,,,,,,,0.400733332,0.397847299,0.344796459,0.52509765,0.447709847,0.397097588,0.748011017,0.604300194,0.561494472,0.521118457,0.539488866,0.474319428,0.479352775
Non-Annex_I,Eastern_Africa,BDI,Burundi,1.A.1.a,Main Activity Electricity and Heat Production,CO2bio,bio,,,,,,,,,,,,,,,,,,,,,7.468264122,8.878127755,30.55924714,39.54933808,41.20981211,41.78648448,45.24334594,47.15411526,49.4621543,65.92245445,67.24460235,67.61826247,66.28866016,67.07944881,68.29045725,63.15002703,63.85390972,60.06897405,63.3473521,64.39095123,64.45917764,20.19370429,18.70959935,19.82156316,21.59008133,19.63868764,19.25071275,18.99798858,18.59849584,18.31698864,18.09433697,17.8460232,12.66794476,12.66231898,12.6627534
Non-Annex_I,Eastern_Africa,BDI,Burundi,1.A.2,Manufacturing Industries and Construction,CO2bio,bio,186.4698954,183.6730986,194.4161852,199.5232703,194.7634884,203.5759463,216.053059,218.816926,234.1618661,238.1666307,244.574999,260.685513,271.79676,269.2384408,267.1523013,261.4343396,289.9684207,300.6630695,313.8967598,303.0991308,201.4666325,273.5764718,206.6580043,185.3765174,229.5450079,211.2161596,186.3995047,177.2474573,333.8521934,305.8104312,313.7323043,276.7677921,270.7030769,298.7926277,298.5919532,290.4894184,272.3278354,305.6221602,291.6985563,244.1739927,287.2005704,311.488282,342.3488601,315.0169971,277.7722711,291.1921092,287.5301347,268.5124333,250.1197006,241.3800217,257.443945,209.8517476,146.0970892,135.3562892,119.7264495
Non-Annex_I,Eastern_Africa,BDI,Burundi,1.A.4,Residential and other sectors,CO2bio,bio,5147.837972,5011.091785,5193.780054,5121.605894,5174.810764,5438.468147,5541.17588,5564.589206,5798.867689,5998.291303,6179.623373,6284.689351,6593.480854,6793.468641,7048.221107,7220.366801,7463.206489,7727.103442,7951.681833,8268.332862,8569.51944,8684.590626,8504.734605,8682.9924,8901.211716,9487.725531,9857.285573,9944.400295,10250.14095,10501.87548,10640.7341,10867.4607,11050.74101,11250.01115,11492.03363,11917.72712,12033.01871,12298.27418,12373.39298,12598.25306,12880.77831,12817.06603,12515.93788,12809.50712,12686.86561,12515.67404,12436.65975,12267.49292,12141.98025,12028.85806,11874.11832,11868.44712,8006.15983,8018.370969,8018.370969
Non-Annex_I,Eastern_Africa,BDI,Burundi,1.A.5,Non-Specified,CO2bio,bio,,,,,,,,,,,,,,,,,,,,,241.7966707,248.7282144,278.6071205,284.2180925,303.4146038,322.9590498,322.242866,366.2194603,377.1049395,99.4256261,102.5898456,91.67025314,91.90950563,92.70086313,92.87377256,93.07719546,92.29250775,89.35438935,89.37147874,89.83852798,90.06792742,89.40200913,90.87289808,408.4299246,403.5013581,393.142859,394.66956,393.1088564,392.4696933,410.1118217,410.1855356,542.870674,544.8475887,553.8451482,553.8451482
Non-Annex_I,Eastern_Africa,BDI,Burundi,1.B.1,Solid Fuels,CO2bio,bio,117.652377,115.0864614,119.3563118,124.4976158,128.4315625,130.1429781,133.7084713,140.1896009,145.7278447,151.654571,166.7987971,176.257083,186.8581194,197.6190715,207.9416685,219.3923037,232.4322626,248.847631,264.555777,283.5567118,742.3617734,768.1256791,764.9376752,805.0191743,838.9721361,752.4568312,946.4305576,960.8544277,1013.809726,1176.998774,1239.583229,1914.384433,2064.475888,2143.783242,2187.281324,2239.22723,2341.811276,2371.88488,2459.551285,2561.564872,2554.135437,2658.157899,1654.759577,1122.79714,1153.483742,1189.204696,1137.194557,1197.281676,1229.833143,1211.10844,1242.412584,950.614721,940.8127999,919.6329008,919.6329008
Non-Annex_I,Eastern_Africa,BDI,Burundi,3.C.1,Emissions from biomass burning,CO2bio,bio,153.7893133,156.5126582,144.1195357,160.4080268,137.2084821,162.8162865,164.6481786,167.9532112,165.7989516,172.6776519,181.2866086,189.1364314,187.1424096,187.6152411,174.0943013,202.6874207,211.4165723,220.8436162,227.7054949,208.8440226,217.0035031,229.3346002,234.9702554,233.9866745,185.4931975,215.0855466,214.7086723,226.1430987,210.7284032,204.5314487,195.5604019,219.1236334,226.3237423,219.9521616,218.1851202,225.7038394,214.8705738,218.1484594,222.268618,241.4200944,241.1621374,250.9318116,268.4038919,273.4114457,261.6444345,279.2792938,353.6524468,353.6719467,376.2030137,515.3755954,601.5328357,851.3333734,917.4213035,781.3261152,842.8806971
Annex_I,OECD_Europe,BEL,Belgium,1.A.3.b_noRES,Road Transportation no resuspension,CO2bio,bio,,,,,,,,,,,,,,,,,,,,,,,,,,,,,,,,,,,,,,,,398.8113732,1081.684885,1046.951241,1041.99352,1034.225691,1241.605228,773.4305846,1306.260956,1415.590953,1416.005947,1435.521118,1977.695991,2180.80078,2267.735243,2168.876851,2173.449739
Annex_I,OECD_Europe,BEL,Belgium,1.A.4,Residential and other sectors,CO2bio,bio,,,,,,,,,,,,,,,,,,,,775.99993,775.99993,775.99993,742.29996,752.49984,738.39996,710.10012,878.90017,700.69992,702.80002,666.1212318,637.628971,722.1999173,628.2162381,801.5521647,822.2232212,863.4549943,908.3709341,1601.811224,1877.56159,2027.739009,3014.576526,2274.392939,2612.2463,3001.324913,2274.992209,2662.752463,3014.845033,2865.431291,2770.571417,2764.446525,2551.424327,3025.264705,2817.164073,2859.431654,2851.175522
Annex_I,OECD_Europe,BEL,Belgium,1.A.1.a,Main Activity Electricity and Heat Production,CO2bio,bio,,,,36.09984,69.19985,80.00012,75.40008,180.50006,280.59976,303.89971,240.30013,234.50015,35.59994,46.20009,53.00028,106.99995,195.89995,229.29973,278.7002,255.8499045,539.3716747,554.3468119,543.1580164,552.3604328,524.4498645,611.2458836,604.0355191,624.9309198,601.534581,642.7055246,725.1683637,759.5787309,816.836618,1127.900042,1359.946908,1808.183214,2328.558589,2708.810929,3410.421953,3790.749124,4236.13131,4462.117137,5189.253996,4842.701637,4174.658138,5097.703661,4964.857065,5201.761339,4956.216527,4742.362293,4878.161461,4415.853891,4517.713073,3602.229849,3605.429925
Annex_I,OECD_Europe,BEL,Belgium,1.A.5,Non-Specified,CO2bio,bio,,,,,,,,,,,,,,,,,,,,,,,,5.89053532,23.56147264,,,,,,,,,,,,,,,,21.40832968,8.2539294,7.7001956,6.16645176,4.72976568,5.08488432,5.28230304,4.13187384,4.12120428,4.294905,1.83131988,0.16807212,0.22943448,0.112211038,0.112447625
Annex_I,OECD_Europe,BEL,Belgium,3.C.1,Emissions from biomass burning,CO2bio,bio,3.647706504,4.46149164,4.347928399,4.727973605,4.543657435,3.680815021,4.097073086,3.87870888,4.607636824,4.736856278,4.401884389,4.568430395,4.847737378,3.967435073,4.602884809,4.087838754,4.124108165,3.495617593,3.749539621,3.723746496,3.31143091,3.140521352,2.949388577,2.952096199,2.60010802,2.425351746,2.466015573,2.033545869,1.749219685,1.41550309,1.133878186,1.191475417,1.513489167,1.641492497,2.005611775,2.069889754,2.144101033,2.314077443,2.681614456,3.000227347,2.985437533,2.975736544,3.013296527,3.020783946,3.13059458,3.1010171,2.36410447,2.926760998,2.659440602,2.96559308,2.745804738,2.617159585,2.918127,2.886608435,2.589036391
Annex_I,OECD_Europe,BEL,Belgium,1.B.2,Oil and Natural Gas,CO2bio,bio,,,,,,,,,,,,,,,,,,,,,,,,,,,,,,,,,,,,,,,,399.2192591,1083.112178,1251.346953,1326.776356,1302.670417,1705.341113,1149.140534,1105.865036,1322.506693,1259.807164,1335.018087,1326.708694,1244.435036,1210.911019,1264.725347,1304.314687
Annex_I,OECD_Europe,BEL,Belgium,1.A.2,Manufacturing Industries and Construction,CO2bio,bio,29.0665,29.0665,29.0665,29.0665,29.0665,29.0665,29.0665,29.0665,29.0665,29.0665,29.0665,29.0665,29.0665,29.0665,29.0665,29.0665,29.0665,29.0665,29.0665,72.64600282,605.3821891,702.4421037,698.0402819,323.1187236,346.8104346,848.4839574,708.8478326,810.8380846,1036.721203,1189.063714,1207.84623,1331.108295,1386.667023,1590.990606,1747.371441,1989.297355,2164.824179,1999.705889,2266.354818,2376.946279,2616.520601,2660.85235,2599.15299,2972.867001,2964.572658,2979.062255,3035.702607,3015.227445,3099.025557,2886.040885,2765.640875,3056.363696,3017.646591,2938.802773,2932.199486
Annex_I,OECD_Europe,BEL,Belgium,4.C,Incineration and Open Burning of Waste,CO2bio,bio,206.9889299,207.9401232,208.8584422,209.7435304,210.5945976,211.4106341,212.31656,213.1968183,214.0395019,214.8284725,215.5544606,216.0559482,216.5063536,216.9315802,217.3666471,217.8399244,218.3059655,218.8118911,219.3840253,220.0545224,220.8397655,222.4290847,224.5969259,227.1141765,180.1996329,140.5977058,143.3663168,155.5743341,110.9520061,86.39468346,76.48432763,72.52765268,71.84984304,76.04350606,46.78094383,13.95914191,12.58974388,11.85714987,14.08301892,17.57404605,6.046212877,5.24029781,5.211947406,62.73140708,8.772837387,9.291182963,15.48862757,9.34327342,16.77541341,13.15249762,7.638448343,12.36126894,9.950548369,9.927645812,10.02680733
Non-Annex_I,Western_Africa,BEN,Benin,1.B.1,Solid Fuels,CO2bio,bio,550.137632,550.137632,560.4381772,574.98868,586.4895852,598.7901704,607.5417184,620.8425336,635.94326,648.794518,667.1952732,681.9460308,698.2974588,716.2490868,735.8000256,756.4513036,774.252684,796.704282,816.3055724,836.7069528,860.858402,881.1601424,904.7111904,925.0129308,944.6142212,977.3663756,673.7959384,685.74315,711.8952232,1010.363608,1100.369436,1143.722325,1223.99081,1232.343476,1279.44829,1325.871111,1374.211011,1425.650821,1478.690831,1534.830741,2215.550208,2288.505633,2337.358857,2665.631404,2740.986659,2819.141624,2873.74553,2979.085857,3043.194233,3272.655887,3368.016981,3311.539833,3505.60281,3538.612869,3538.612869
Non-Annex_I,Western_Africa,BEN,Benin,1.A.5,Non-Specified,CO2bio,bio,1927.09989,1927.09989,1965.20018,2004.80019,2045.40001,2087.49996,2129.80004,2174.10015,2222.60004,2273.8,2329.6,2385.00015,2443.90006,2506.20006,2571.99981,2640.50004,2710.10015,2782.29984,2855.90002,2931.3001,3007.39979,3082.60016,3157.10008,3232.30003,3305.99986,3364.00002,3836.00017,3581.89993,3215.19989,1695.20015,,,,,,,,,,,,,,,,,,,,,,,,,
Non-Annex_I,Western_Africa,BEN,Benin,1.A.4,Residential and other sectors,CO2bio,bio,1719.762358,1719.762358,1754.161292,1786.41131,1822.710685,1860.009399,1901.058632,1940.057645,1982.0565,2029.405612,2076.804567,2127.253999,2180.202481,2235.751444,2293.700216,2353.649028,2417.847377,2480.396188,2547.594366,2615.992926,2681.441978,2749.639928,2813.98866,2882.287139,2949.385269,3008.633915,3145.810665,3348.357746,3541.961322,4775.883333,4932.330394,5095.977494,5247.0092,5367.356254,5518.151862,5675.92891,6260.88898,6443.149219,6624.709429,6810.269278,6015.99909,6180.194177,6369.240744,7097.217792,7295.813361,7501.758316,7760.005202,7928.681972,8216.149268,8743.259125,8998.028761,8959.915079,9184.239999,9220.02187,9220.02187
Non-Annex_I,Western_Africa,BEN,Benin,1.A.1.a,Main Activity Electricity and Heat Production,CO2bio,bio,,,,,,,,,,,,,,,,,,,,,,,,,,,,,,,,,,,,,6.99991,5.30007,4.7001,2.99984,2.20016,,,,,,,,,,,,,,
Non-Annex_I,Western_Africa,BEN,Benin,3.C.1,Emissions from biomass burning,CO2bio,bio,302.3994992,265.0676627,280.9214832,283.9909685,271.7902779,258.562611,253.7626041,280.8728732,368.465843,350.9988419,308.2971552,334.3122121,328.7349256,336.6895741,387.771462,408.141436,389.1374929,338.2898183,434.0540958,439.9088377,431.4311799,456.2924985,468.9674946,483.5313423,495.7953637,536.0773743,552.2944242,639.6414224,652.0596344,706.189887,739.1478034,725.2971561,820.0558293,778.4315077,820.1845557,845.7878762,788.7613877,845.7422728,975.3609202,1072.612593,1059.723736,1075.868451,1152.188923,1308.913435,1277.445454,1276.032397,1365.136447,1431.122722,1650.885901,1695.565654,1668.166873,1787.424988,1845.419469,2342.827677,2141.23741
Non-Annex_I,Western_Africa,BEN,Benin,1.A.2,Manufacturing Industries and Construction,CO2bio,bio,49.1008,49.1008,49.1008,49.1008,49.1008,49.1008,49.1008,49.1008,49.1008,49.1008,49.1008,49.1008,49.1008,49.1008,49.1008,49.1008,49.1008,49.1008,49.1008,49.1008,49.1008,49.1008,39.8944,49.1008,39.8944,49.1008,49.1008,39.8944,30.688,59.6942,67.60059,49.1008,49.1008,39.8944,39.8944,49.1008,110.47047,119.17023,105.31573,98.41588,98.21575,89.91584,89.91584,131.11605,136.04308,151.64268,152.84303,152.80326,165.97111,145.80372,158.14138,159.98943,168.8039,176.3549037,177.7849276
Non-Annex_I,Western_Africa,BFA,Burkina Faso,1.B.1,Solid Fuels,CO2bio,bio,208.6790975,210.9526561,216.2557474,231.2758263,236.3406723,240.0570853,244.3266043,258.4707511,262.9319969,266.9026746,291.7931609,307.079477,311.2941547,325.7932992,339.7969956,352.0006156,364.4626814,388.3279831,405.503681,428.5791749,1001.957188,1027.051321,1024.204228,1078.619686,1106.135112,946.2965963,1189.596409,1175.87552,1220.537601,1498.299903,1576.712021,404.6398439,74.9843835,92.55029678,586.8624909,1225.935536,1404.00473,1551.144035,1805.859722,1861.826515,1799.350499,1867.157264,2098.513213,2350.906212,2386.878894,2475.581864,2348.382398,2483.105783,2551.893562,2489.04574,2561.511474,2790.605305,2810.092966,2808.181939,2808.181939
Non-Annex_I,Western_Africa,BFA,Burkina Faso,1.A.1.a,Main Activity Electricity and Heat Production,CO2bio,bio,,,,,,,,,,,,,,,,,,,,,11.81154991,14.04545285,49.04289031,63.36914099,64.83162184,64.74873324,67.57366095,69.60075534,72.16223106,92.98152701,92.78236024,90.58034057,87.22379129,86.69859105,86.69829586,77.87175061,81.35588505,78.80052559,87.98265533,89.35200445,89.31333046,27.85749298,26.1722105,28.11932445,31.06372955,28.66060545,28.64652286,28.60343864,28.34023983,28.22437201,28.19092858,28.1660888,31.60035196,31.93956285,31.94240452
Non-Annex_I,Western_Africa,BFA,Burkina Faso,1.A.2,Manufacturing Industries and Construction,CO2bio,bio,486.0879259,488.5868488,505.2790746,520.7781969,510.164246,526.9589635,548.4334871,557.2024996,579.7505609,580.5512722,590.8320074,619.9677817,625.3877264,619.1226328,614.068064,600.8446474,641.019118,657.7669077,673.1725822,651.8316405,493.1838787,465.4721344,439.1852916,456.9856085,502.5068552,486.4488689,484.5223057,484.4884262,438.5913423,404.376129,409.2361566,452.5652211,520.9369798,523.3471964,520.8859467,522.5322954,515.2288233,506.9932715,522.7492619,510.974515,506.3138393,515.5231802,525.9867065,562.6691511,562.2307799,566.1291637,564.6080858,568.5749245,573.8025048,575.0735085,578.4572135,587.9111944,595.8932157,598.2538464,602.4887904
Non-Annex_I,Western_Africa,BFA,Burkina Faso,1.A.3.b_noRES,Road Transportation no resuspension,CO2bio,bio,,,,,,,,,,,,,,,,,,,,,,,,,,,,,,,,,,,,,,,,,,,2.691522172,2.928200598,2.567925447,4.952550904,3.565575893,3.102572025,4.912690123,4.050570258,3.235752077,3.527826839,3.529008986,3.102710048,3.135635148
Non-Annex_I,Western_Africa,BFA,Burkina Faso,1.A.4,Residential and other sectors,CO2bio,bio,8935.057678,9055.29624,9260.937071,9406.951519,9420.802951,9934.034429,10069.66141,10265.0665,10481.58945,10599.41938,10882.2412,11098.23635,11157.24268,11428.88955,11801.63888,11948.53299,12105.03739,12516.6289,12679.30407,13032.25079,13649.52939,13845.23197,13754.21632,14025.12669,14119.3961,14819.33789,14851.25264,14828.91714,15114.14128,14874.98373,14745.02289,15274.85484,15281.89509,15309.59209,15384.32363,15556.68162,16223.59571,17007.13201,18036.66603,18373.41036,18755.22228,18706.57044,18576.91447,18673.47036,18811.43701,18830.31599,18956.27956,18941.61231,18997.75984,19085.64423,19084.3851,18930.19673,19553.37881,19809.15096,19809.15096
Non-Annex_I,Western_Africa,BFA,Burkina Faso,1.A.5,Non-Specified,CO2bio,bio,,,,,,,,,,,,,,,,,,,,,458.2820701,475.7625716,545.0826644,554.0850399,575.0993371,602.1674056,576.1091876,653.6954926,670.6075299,191.8740153,191.5010452,697.7007688,718.986617,745.3566549,767.5258833,790.6116598,806.2150486,802.7002643,825.6435111,853.6292224,880.0732335,898.1871973,940.7158774,956.2569924,989.7843899,984.1974173,1013.096031,1034.693626,1059.201067,1135.044626,1163.971627,1117.068051,1131.022513,1159.968873,1159.968873
Non-Annex_I,Western_Africa,BFA,Burkina Faso,3.C.1,Emissions from biomass burning,CO2bio,bio,488.102768,451.8155303,446.6690246,434.6603139,523.3329428,567.0515046,488.8585364,510.1892124,543.3223113,552.0313484,499.6421694,580.374488,547.3895252,519.2910899,491.4321191,641.4601327,748.9975527,664.7936496,830.9118674,799.0380807,691.5039066,889.7487416,916.1813188,853.3690509,843.2460438,852.7297431,932.9599204,859.0256009,1024.753584,1024.185425,825.7519227,1216.586607,1192.910351,1380.645885,1083.812601,1382.827975,1373.095298,1147.230516,1742.059071,1531.647811,1970.506208,1654.52265,2076.571326,2078.475369,1902.277523,1890.065506,2056.286547,1967.295018,2284.315618,2297.723396,2433.329156,2260.237212,2555.248372,2546.507471,2496.645712
Non-Annex_I,India +,BGD,Bangladesh,1.A.2,Manufacturing Industries and Construction,CO2bio,bio,10249.792,10249.792,10249.792,10249.792,10249.792,10249.792,10249.792,10249.792,10249.792,10249.792,10249.792,10249.792,10249.792,10249.792,10249.792,10249.792,10249.792,10249.792,10249.792,10249.792,10249.792,10608.8416,10283.5488,10366.4064,9820.16,10283.5488,4296.32,1380.96,1592.7072,1623.3952,1101.6992,1092.4928,2289.3248,1660.2208,1252.0704,1200.51456,1450.62176,1700.72896,1100.47168,800.34304,950.40736,1010.433088,870.373056,1100.47168,1100.47168,700.30016,750.3216,696.6176,703.67584,774.56512,785.6128,926.225216,894.954144,894.954144,933.2098048
Non-Annex_I,India +,BGD,Bangladesh,1.A.4,Residential and other sectors,CO2bio,bio,27507.9723,27507.9723,28289.07217,28894.67228,29248.87221,29910.77221,30419.07192,30995.47203,31437.77228,31917.67209,32516.37193,32786.27231,32754.62497,33870.2721,33573.52286,34076.27127,35241.97143,32700.27209,34887.66874,35689.86841,36973.17196,36803.16857,37651.11481,38069.72157,38722.86164,39058.01515,37773.91344,38804.21332,39446.01183,40339.55998,41192.95902,41948.45819,42668.45754,43375.90722,43970.20603,44547.3559,44965.1054,45376.9554,45691.70463,45836.30478,46003.45451,45977.15458,45972.55442,45908.95542,45691.15616,45362.45694,44821.20874,44270.88257,43349.03099,42782.12948,42340.56227,43869.22857,43103.01109,42799.44235,43034.49273
Non-Annex_I,India +,BGD,Bangladesh,1.B.1,Solid Fuels,CO2bio,bio,,,,,,,,,,,,,336.4751784,374.827778,360.4768392,383.9288132,383.9288132,376.227848,421.3313492,421.3313492,376.227848,421.3313492,468.7849728,378.5784308,513.3383572,468.7849728,485.4864944,489.8864044,507.9879748,532.940118,544.6407332,554.1415984,562.9424336,574.8924772,580.8936528,590.0439652,595.694588,601.2446804,604.5954932,607.7954632,607.9454156,607.3454456,607.2453856,605.9453856,604.7952032,601.1446104,593.094588,586.1082056,573.5929128,566.0714312,560.3783404,555.5345504,549.3281412,539.7473769,539.7473769
Non-Annex_I,India +,BGD,Bangladesh,3.C.1,Emissions from biomass burning,CO2bio,bio,5439.70425,5042.480185,5154.575461,5541.683275,5447.069129,5894.719343,5606.975794,5888.232222,5942.959533,5937.330398,6255.618743,6324.796629,6434.392271,6250.482959,6446.260249,6631.401898,6653.572179,6570.407518,6564.117122,7013.06148,6989.099697,7009.017516,7007.313856,6893.612877,6677.86127,6865.354367,7168.346008,7208.232249,7406.167014,8149.568331,8503.883919,8267.910258,8435.411877,8490.714986,8045.714176,8504.185583,8586.166737,8894.420878,9585.572404,9688.080755,9994.611394,10100.75397,10086.95042,10282.1011,10440.90063,10461.00256,10205.2082,10889.38464,10859.35177,10890.21535,10980.6119,11308.96687,11412.53493,11599.96826,11833.54359
Annex_I,Central Europe,BGR,Bulgaria,1.A.3.b_noRES,Road Transportation no resuspension,CO2bio,bio,,,,,,,,,,,,,,,,,,,,,,,,,,,,,,,,,,,,,18.09151984,7.74250892,13.28077504,11.20366872,40.83465556,50.94278772,254.7136412,306.3764437,328.173491,433.4107526,483.5840152,492.7883196,485.0326469,531.8838743,510.0222007,509.334492,559.0933621,520.4901955,456.1570689
Annex_I,Central Europe,BGR,Bulgaria,1.A.1.bc,Petroleum Refining - Manufacture of Solid Fuels and Other Energy Industries,CO2bio,bio,,,,,,,,,,,,,,,,,,,,,,,,0.10006,0.10006,,0.10006,,,,,0.10006,,0.10006,0.10006,0.10006,0.10006,,,,,,,,,,,,,,,,,,
Annex_I,Central Europe,BGR,Bulgaria,1.A.4,Residential and other sectors,CO2bio,bio,1177.2762,1177.2762,1122.57608,1063.97595,1057.17617,1054.27597,1115.77588,1052.27594,962.37613,913.57605,885.27579,1762.37606,1758.47605,1755.57586,1749.67582,1790.77596,1771.17588,945.77589,856.87589,822.37582,784.87591,502.77602,586.47998,532.57995,608.0801,784.57968,872.18406,850.08404,1531.91219,1602.6995,2148.19978,2018.99973,2424.89994,2525.19975,2623.69967,2590.00012,2747.50041,2613.79998,2775.751981,2813.643278,3036.864381,3189.52969,3400.398636,3296.767412,3125.063844,3114.13536,3272.912497,3464.073195,3529.638913,3471.909878,3936.942137,3672.65616,3348.147751,2888.620736,2886.080337
Annex_I,Central Europe,BGR,Bulgaria,1.A.1.a,Main Activity Electricity and Heat Production,CO2bio,bio,,,,,,,,,,,,,,,,,,,,,,109.9998,91.39993,102.80017,106.39998,99.30001,96.10004,0.10006,0.10006,,,,,,0.10006,4.00007,3.79994,0.20013,21.69976,9.2366746,21.75822644,45.23163086,67.61867264,85.4226392,174.0949308,196.3909972,337.1671709,280.1579991,1850.406179,2276.632998,2002.555453,3170.656258,2612.00371,2200.38212,2191.429216
Annex_I,Central Europe,BGR,Bulgaria,1.B.1,Solid Fuels,CO2bio,bio,,,,,,,,,,,,,,,,,,,,,,,,,,,,,,,,,,,,,,,43.387842,25.5238376,23.787752,12.6238876,3.1559568,6.5202916,7.384216,0.784146,6.1557968,4.422516,3.695624,3.81144,4.1616176,5.2521056,4.1940584,2.031158033,2.031158033
Annex_I,Central Europe,BGR,Bulgaria,1.A.2,Manufacturing Industries and Construction,CO2bio,bio,,,,,,,,,,,,,,,,,,,,,,39.99985,43.50001,21.99996,25.80074,26.80054,19.60049,199.80037,188.70076,161.49997,141.79979,241.29992,251.90007,328.90035,344.50037,301.30012,331.10052,214.09955,624.52309,370.66285,1103.69058,1293.73109,1217.65537,1521.776728,1400.36135,1408.07953,1518.15507,1476.036907,1403.71218,1444.82195,1456.670604,1287.601868,1601.993955,1421.171842,1448.470798
Annex_I,Central Europe,BGR,Bulgaria,1.B.2,Oil and Natural Gas,CO2bio,bio,,,,,,,,,,,,,,,,,,,,,,,,0.20013,1.3,1.19994,2.20016,4.00007,10.99998,,,,,,,,,,25.93396212,31.89775056,32.59345968,41.83482084,21.19204716,194.0409794,200.8406893,176.3277823,218.8070318,287.750847,371.5482402,488.7649397,393.9917977,580.0974707,766.1969203,885.395052,988.1644143
Annex_I,Central Europe,BGR,Bulgaria,1.A.3.c,Railways,CO2bio,bio,,,,,,,,,,,,,,,,,,,,,,,,,,,,,,,,,,,,,,,,,,,,2.68116768,,,,,,,,,,,
Annex_I,Central Europe,BGR,Bulgaria,3.C.1,Emissions from biomass burning,CO2bio,bio,343.5069586,354.8431106,400.6910202,364.2410142,331.2127795,373.6770935,412.9483039,379.3656383,373.9711258,402.7294671,387.8048967,430.6881364,496.7778996,399.2877745,473.0030983,303.0070106,440.4892871,394.7386535,429.330273,507.5852976,455.6709279,473.9758006,364.0911647,332.7607327,360.1553631,358.1177599,205.3570218,336.3649814,297.9806316,271.6202637,244.275726,334.7712878,358.9716593,204.2554523,370.8522055,305.2538011,287.5207677,213.3218309,369.3603671,331.8703736,362.3040406,383.0031141,368.1361708,463.7375315,470.2103045,431.624229,451.0755187,484.4680365,501.8939367,544.2950825,429.6016269,584.0656519,502.8130163,528.4982243,523.9886871
Annex_I,Central Europe,BGR,Bulgaria,4.C,Incineration and Open Burning of Waste,CO2bio,bio,0.723912987,0.742949464,0.761998515,0.780984769,0.799802115,0.8183703,0.834524258,0.850314455,0.865873573,0.881416245,0.897073695,0.906947553,0.916792178,0.926347202,0.935249257,0.943193283,0.948113109,0.952054277,0.954709125,0.955703493,0.95481972,0.971085563,0.926430167,0.97562633,0.988667287,1.018545825,1.01497432,1.023639155,1.493045645,1.27627791,2.423840878,1.665497806,1.642981368,1.915577221,2.852054267,2.535065728,2.494399008,1.752736395,1.8460717,1.50038075,0.83482729,0.69773286,1.07715201,1.56495823,0.562422905,0.6240729,0.910465376,0.72747213,0.413839635,0.582989066,4.461684387,1.14696274,0.441310205,0.384077819,0.334267755
Non-Annex_I,Middle_East,BHR,Bahrain,3.C.1,Emissions from biomass burning,CO2bio,bio,0.00038178,0.00038178,0.00038178,0.00038178,0.00038178,0.00038178,0.000802756,0.001650307,0.002346674,0.003941217,0.00500679,0.00500679,0.004878002,0.004164839,0.004541019,0.002775439,0.004081152,0.004142746,0.004834582,0.005997815,0.005740266,0.006404258,0.00724733,0.008051155,0.008495649,0.007595637,0.007253814,0.007124816,0.007782608,0.006051365,0.006763313,0.00559455,0.005437714,0.005027306,0.005117765,0.004421227,0.004771584,0.004832761,0.005217002,0.006294565,0.006249204,0.005470966,0.006197274,0.006173588,0.006096139,0.005198292,0.005837629,0.005911151,0.005796184,0.005218424,0.005218424,0.002774268,0.002774268,0.002830262,0.003193208
Non-Annex_I,Rest Central America,BHS,Bahamas,1.A.4,Residential and other sectors,CO2bio,bio,15.60507502,15.23967614,15.45822928,15.58948794,16.40469586,16.42719574,15.85771584,15.80330876,15.54337687,14.93584672,16.72644362,18.33779961,18.24944668,16.07966421,15.52143138,16.26124448,16.55983127,14.68075184,14.94136362,15.87123896,27.56110883,27.7269178,28.12393014,27.97327884,28.25847822,28.73276439,28.90379994,29.65618607,30.66128686,30.81415519,21.3501756,27.46642537,21.1169537,21.06284936,20.54221402,20.50497491,20.97157244,37.56506523,20.09526186,19.70162743,19.47960202,24.65450993,24.83607472,24.08129281,36.22912884,41.63744915,36.55565335,36.17120017,35.86675441,36.98203284,30.9456437,30.81744457,32.13310842,32.34818603,32.34818603
Non-Annex_I,Rest Central America,BHS,Bahamas,1.A.3.b_noRES,Road Transportation no resuspension,CO2bio,bio,,,,,,,,,,,,,,,,,,,,,,,,,,,,,,,,,,,,,,,,,,,,0.283087618,,,0.310984813,0.032931888,0.076717532,0.091273158,0.064656634,0.07743011,0.075303791,0.070962409,0.079470087
Non-Annex_I,Rest Central America,BHS,Bahamas,1.A.2,Manufacturing Industries and Construction,CO2bio,bio,120.3730394,117.3418391,92.81801102,106.6034645,104.8205164,97.311697,88.08621714,99.72109727,93.86972194,98.03205324,98.81846591,92.90028682,98.05867736,79.97393985,70.90630179,72.29562253,81.79108541,69.68125393,71.4153376,68.32927358,45.68627418,49.83248723,43.26410208,43.12258933,44.35040529,45.65470743,45.9536973,48.29021196,30.91423234,32.12319557,36.13017156,29.78897171,28.93838918,27.96018877,27.3813752,27.59461694,27.07551232,21.82019948,19.32528857,19.39512321,20.46849587,64.43779445,63.62156848,28.63090498,28.25436691,27.05701138,34.21366025,50.08189142,42.90646081,37.35936502,31.45709233,31.9087597,33.56098006,33.92475258,33.92475258
Non-Annex_I,Rest Central America,BHS,Bahamas,1.A.1.a,Main Activity Electricity and Heat Production,CO2bio,bio,,,,,,,,,,,,,,,,,,,,,13.0023502,13.69908647,13.01352833,13.24931491,12.37551867,12.97250038,14.27510119,14.66852002,28.64321435,28.80561569,33.05277115,33.1656883,33.89208961,32.03577678,35.80247826,29.67837468,29.73605398,29.47259386,25.56523773,25.61583652,26.85542468,15.78521183,16.5299718,33.57437058,33.55421162,38.48031593,31.4316404,32.29245202,41.2011725,47.08342969,44.20993007,44.71069634,47.02602654,47.53574872,47.53574872
Non-Annex_I,Rest Central America,BHS,Bahamas,3.C.1,Emissions from biomass burning,CO2bio,bio,4.322397939,0.578818493,5.991238926,5.553328731,6.011136829,7.218401111,9.325775592,7.681287073,6.055427397,6.351768513,5.903071728,8.155021993,8.611516676,5.304546966,7.871591964,5.624272726,4.873808355,4.845395604,6.621549689,8.573850624,9.332171326,7.060915201,5.470797793,7.688495897,8.404158797,5.398956694,6.898582876,5.437099037,6.940040255,7.659428823,9.557822063,11.41021645,8.429042496,7.690392471,7.69799186,7.712071938,8.853548464,8.8611373,8.899493389,8.934103571,8.961442521,8.971753426,8.980194745,8.987945318,9.290361091,9.398991227,9.500868475,9.570312516,9.615400669,9.696095637,9.756560221,9.688329859,9.745104667,9.798777031,9.835452303
Non-Annex_I,Rest Central America,BHS,Bahamas,1.A.5,Non-Specified,CO2bio,bio,0.713025728,0.701961454,0.718973916,0.905045754,0.966677711,0.991724825,0.773518013,0.765688447,0.754692014,0.709935974,0.711560752,0.772113081,0.761671889,0.677661976,0.774849694,0.82508237,0.826648174,0.726378079,0.705532787,0.686982553,11.5049439,11.59915136,11.73959177,11.46592669,11.66497973,11.74317392,11.66447148,11.51679798,11.4670504,11.56570445,13.51225998,16.60202494,14.08244639,16.28352678,16.10908501,15.93588739,16.38965677,35.75577819,15.86502417,15.20095928,15.22006515,24.68590972,24.6789132,24.85626928,5.775128033,7.71033156,5.733286349,5.87780095,5.957839467,6.138238387,6.043671013,5.993623654,6.494596063,6.54778972,6.54778972
Non-Annex_I,Rest Central America,BHS,Bahamas,1.B.1,Solid Fuels,CO2bio,bio,0,0,0,0,0,0,0,0,0,0,0,0,0,0,0,0,0,0,0,0,5.842645573,5.833410504,5.856577408,5.886423695,5.898980678,5.927054948,5.95976224,5.789430123,5.94557923,6.001134095,4.823931752,4.783160266,5.032212454,5.094133768,5.046858216,5.108316938,5.086074658,5.098535035,5.050018155,5.111612598,5.117045022,0,0,0,0,0.735677104,0.84113447,1.0071856,1.249348569,1.702631788,0,0,0,0,0
Non-Annex_I,Central Europe,BIH,Bosnia and Herzegovina,1.A.2,Manufacturing Industries and Construction,CO2bio,bio,,,,,,,,,,,,,,,,,,,,,,,,,,,,,,,,,,,,,,,,,,,,,71.19988,78.49999,73.19992,71.99998,72.10005,72.10005,58.60013,28.97509626,37.61166184,34.48346046,34.61189797
Non-Annex_I,Central Europe,BIH,Bosnia and Herzegovina,3.C.1,Emissions from biomass burning,CO2bio,bio,194.2427437,231.7875532,221.2516044,224.6875049,252.1448779,230.0453327,253.2954206,252.9724126,223.526957,233.7130093,236.8909988,227.8862166,256.4399559,257.92795,264.8978211,237.2432568,261.3019103,232.7360026,238.5000535,247.2970254,232.4195392,283.0661278,177.887265,161.4192075,143.0405937,116.0817974,130.7719754,192.2443151,209.3169784,206.6165243,162.5610603,178.9223233,198.0720754,131.6819197,215.0382575,200.2346705,197.9297938,161.4199241,200.6256991,196.5880676,157.4783749,163.5723396,142.0050863,178.5145532,154.9701319,165.8892647,230.2300026,174.7633888,238.6771008,228.0662151,265.144289,202.6398436,200.1768154,155.319174,150.673758
Non-Annex_I,Central Europe,BIH,Bosnia and Herzegovina,1.A.5,Non-Specified,CO2bio,bio,1099.748701,1099.748701,577.2099204,553.8925502,537.9812799,570.9003093,602.1088485,600.0753015,530.7197649,497.3006592,445.1150555,554.6829258,647.0492352,615.5184462,665.8000806,659.0229894,670.9962594,584.4714354,599.4301563,622.2955374,,,,,,,,,,,,,,,,,,,,,,,,,,,,,,,,,,,
Non-Annex_I,Central Europe,BIH,Bosnia and Herzegovina,1.A.1.a,Main Activity Electricity and Heat Production,CO2bio,bio,,,,,,,,,,,,,,,,,,,,,,,,,,,,,,,,,,,,,,,16.30005,12.40005,17.99989,16.90002,14.89998,20.59989,14.09989,55.09996,70.90011,85.23976448,134.3961691,156.4580564,159.7781855,208.8751963,170.3568736,186.9287243,187.0527269
Non-Annex_I,Central Europe,BIH,Bosnia and Herzegovina,1.B.1,Solid Fuels,CO2bio,bio,,,,,,,,,,,,,,,,,,,,,,,,,,,,,,,,,,,,,,,,,,,,,187.0176176,187.0176176,198.8178204,161.7270752,121.345104,129.4818816,121.345104,128.7818416,121.245044,96.93618479,96.93618479
Non-Annex_I,Central Europe,BIH,Bosnia and Herzegovina,1.A.4,Residential and other sectors,CO2bio,bio,,,,,,,,,,,,,,,,,,,,,683.7999,683.7999,683.7999,683.7999,683.7999,649.99986,669.59995,689.8,710.70009,732.20014,751.99994,760.80018,764.50005,764.09979,762.29989,760.89982,759.90001,758.70008,740.79983,743.10006,736.10015,735.79996,736.80018,730.10005,1596.992256,2027.891856,2018.499989,1614.109574,4649.59975,4853.891375,5139.1819,4937.664052,5326.973217,5101.000584,5101.000584
Annex_I,Ukraine +,BLR,Belarus,1.A.1.a,Main Activity Electricity and Heat Production,CO2bio,bio,,,,,,,,,,,,,,,,,,,,,,,,,,,612.4003,630.49984,585.19992,660.70007,787.20004,923.20028,1058.00018,1148.79972,1344.99988,1548.70025,1743.40027,1933.39976,2084.664168,2351.630384,2531.758365,2665.833313,2868.217416,2901.400514,2966.819773,3017.793683,3106.701745,3238.578215,3435.770412,4059.813896,4378.979852,4655.585509,4415.508282,3503.926513,3534.23841
Annex_I,Ukraine +,BLR,Belarus,1.B.1,Solid Fuels,CO2bio,bio,,,,,,,,,,,,,,,,,,,,,,,,,,,,,,,5.9006352,7.1005752,24.7010452,21.9506728,20.4505428,25.9507428,33.1010252,29.451088,34.6017504,29.7015304,48.1012504,42.8016004,42.5014104,24.0016104,20.751338,22.551248,24.6015904,19.551398,21.6955748,36.2568728,42.5463004,42.5463004,43.3673304,27.13426564,27.13426564
Annex_I,Ukraine +,BLR,Belarus,1.A.3.b_noRES,Road Transportation no resuspension,CO2bio,bio,,,,,,,,,,,,,,,,,,,,,,,,,,,,,,,,,,,,,,,20.39051328,25.4881416,33.1344354,22.93917876,15.29288496,7.6462938,7.6462938,7.6462938,7.6462938,7.6462938,5.09762832,5.09762832,,,,,
Annex_I,Ukraine +,BLR,Belarus,1.B.2,Oil and Natural Gas,CO2bio,bio,85.18151975,85.18151975,86.88551877,88.81815147,90.72185037,86.05173944,93.71548378,96.3851527,172.7311207,177.291145,176.8826091,176.8537855,178.5732698,178.4499852,183.6014121,192.9286613,195.283978,197.0871186,199.6063162,201.5666064,241.5239362,273.8708008,295.4355256,204.8642178,243.6803684,217.8027898,199.4729306,194.0816328,142.3264756,215.6463576,222.1156436,276.027233,125.0750498,129.3879036,130.4658918,149.874195,86.258454,197.3164984,162.556663,279.7947623,327.5806905,244.8645297,214.0081769,175.0394755,151.5339334,151.7903327,145.0843249,142.4304644,144.9575045,137.384179,67.6458928,80.3448094,99.7633098,101.425076,103.1145225
Annex_I,Ukraine +,BLR,Belarus,1.A.1.bc,Petroleum Refining - Manufacture of Solid Fuels and Other Energy Industries,CO2bio,bio,,,,,,,,,,,,,,,,,,,,,,,,,,,,,,,,,,,,0.70003,5.09994,1.69984,1.79991,0.90016,0.90016,2.00003,2.1001,3.49975,2.30023,1.89997,1.69984,1.70026,1.69984,2.00004,1.10029,1.10029,1.19868,0.938052564,0.938052564
Annex_I,Ukraine +,BLR,Belarus,1.A.2,Manufacturing Industries and Construction,CO2bio,bio,,,,,,,,,,,,,,,,,,,,,,,,,,,35.20011,82.0998,64.59982,67.79936,100.70008,133.59995,131.90012,152.39994,144.49986,155.80046,173.30045,157.90013,179.00035,154.20026,158.0554072,222.4554872,234.9200845,231.3014009,206.1458163,214.0369146,190.5911818,278.7739428,271.6112009,280.1749872,342.8662856,342.8662856,338.0322369,265.4789354,266.0695909
Annex_I,Ukraine +,BLR,Belarus,1.A.4,Residential and other sectors,CO2bio,bio,1859.896245,1859.896245,1838.369651,1797.469848,1825.454127,1769.483278,1773.789959,1737.194544,1674.76817,1681.225921,1698.445834,1741.499021,1793.163168,1728.583497,1834.063058,1867.903437,1737.216607,1857.892799,1745.331774,1604.762203,957.3001,1035.40024,1113.49998,1191.99996,1608.09964,1828.70004,1961.70002,2133.49992,2414.80012,2539.49977,2967.199215,3243.399475,3305.099515,3144.649677,3087.949517,3482.849337,3853.599205,3718.248212,3539.303325,3393.43783,3495.56839,3509.722756,3386.116961,3111.371102,2726.06846,2385.326395,2341.579239,2593.978789,2587.159742,2580.170876,2410.214509,2410.214509,2372.206739,1857.431411,1857.563319
Annex_I,Ukraine +,BLR,Belarus,3.C.1,Emissions from biomass burning,CO2bio,bio,39.22906144,38.02637436,36.53627703,42.376938,45.21149469,36.03323507,48.0560446,40.23383677,46.02520346,38.15529825,38.90054618,34.10561265,38.99443391,41.10294091,35.50827216,35.28408159,34.49443302,34.2748071,30.38326338,30.19734514,30.89583873,23.35578056,25.99963529,24.7657767,19.23791902,16.95754732,18.17186799,20.16924503,17.78982552,15.24825187,18.89355577,19.70714079,20.71144927,18.66243321,23.41987472,22.4235155,22.5604997,26.7213685,31.89291753,30.61379713,28.02179937,33.92517993,37.61592893,33.74108436,40.48238551,37.70533507,35.04776597,39.25909921,33.56568671,39.89038538,46.86787182,41.71473292,45.83149942,40.88647153,43.36203737
Annex_I,Ukraine +,BLR,Belarus,4.C,Incineration and Open Burning of Waste,CO2bio,bio,,,,,,,,,,,,,,,,,,,,,,,,,,,,,,,,0.8195,,,,,,0.00044,,,0.02805,4.345,1.969,0.4884,2.3925,,,0.2365,0.1375,,0.08085,0.2629,0.2629,0.2629,0.2629
Non-Annex_I,Rest Central America,BLZ,Belize,1.A.3.b_noRES,Road Transportation no resuspension,CO2bio,bio,,,,,,,,,,,,,,,,,,,,,,,,,,,,,,,,,,,,,,,,,,,,0.052565528,,,0.064650725,0.006770294,0.017898967,0.02495462,0.017380761,0.017616821,0.018591462,0.017519635,0.019620062
Non-Annex_I,Rest Central America,BLZ,Belize,1.A.5,Non-Specified,CO2bio,bio,1.599733218,1.550521563,1.649686311,1.996071435,2.085460591,2.084149401,1.603398622,1.630148594,1.683779962,1.664197908,1.666975048,1.772281491,1.754442282,2.108415024,2.383420731,2.468855518,2.432592672,1.895701335,1.810877903,1.766549594,49.0226612,48.67523547,48.65506684,47.69820372,47.33904045,47.19978755,46.71794039,46.17778544,45.30435021,44.71760546,50.78880007,51.97806934,52.3698306,59.76995429,57.79175269,56.78741452,56.47083174,55.94655095,53.73503379,52.59418097,51.55881127,90.33789285,90.20940128,90.43406628,18.48450089,19.06590583,18.42152691,18.46798834,18.47130013,18.46913192,18.4329863,18.4780799,19.44302406,19.45438034,19.45438034
Non-Annex_I,Rest Central America,BLZ,Belize,1.A.1.a,Main Activity Electricity and Heat Production,CO2bio,bio,,,,,,,,,,,,,,,,,,,,,56.85172383,59.03566917,55.41414563,56.63252861,52.28215768,54.30529411,59.50910672,61.23628397,117.8694604,117.5777504,133.795392,133.3272733,135.2891903,126.9621575,140.8534131,115.888038,115.576001,114.0069022,98.4119502,98.11513259,102.8630687,59.93119868,62.52330832,126.5025177,125.9257361,143.8260451,117.3656558,120.4549855,153.5084196,175.2122668,164.3007075,165.9023983,174.5244424,174.5244424,174.5244424
Non-Annex_I,Rest Central America,BLZ,Belize,1.B.1,Solid Fuels,CO2bio,bio,0,0,0,0,0,0,0,0,0,0,0,0,0,0,0,0,0,0,0,0,37.72335522,37.59189482,37.3450176,36.86448936,36.36303937,36.3162407,36.64797862,37.03725096,37.1881285,37.08538949,40.90007383,40.15545831,41.49791881,41.09934703,40.2713296,39.82025955,39.18464744,38.66080666,37.99023211,37.58402926,37.21566687,25.99740882,25.32285342,23.97459815,40.95997217,41.4098856,41.51799707,41.48727613,41.32227364,41.64731657,31.64855103,32.96038518,32.2521377,32.13924993,32.13924993
Non-Annex_I,Rest Central America,BLZ,Belize,1.A.2,Manufacturing Industries and Construction,CO2bio,bio,769.8971364,759.8587815,711.4906768,730.0415501,722.4285878,701.4601678,684.4059818,720.2404682,719.1693259,743.566733,746.5310347,724.7179792,738.6808578,777.1215212,789.0895052,795.7584704,837.6858766,783.3614135,788.3992913,776.274631,675.4235359,711.8967249,653.7533977,672.2612794,641.5470627,663.7142782,716.333563,744.7734753,553.7781082,566.8889314,621.9165016,451.1831498,471.495992,466.7908458,463.7040733,463.7321864,642.275195,421.9736468,319.8956155,322.8610273,369.9355161,1532.269092,1525.971576,624.8520409,623.0115884,609.7284333,798.4141353,1152.147999,932.7969615,862.2590747,687.170411,1003.615158,943.8055316,1101.247247,1141.9992
Non-Annex_I,Rest Central America,BLZ,Belize,1.A.4,Residential and other sectors,CO2bio,bio,37.57158582,36.31122148,38.56721655,36.54548191,37.85830353,37.46570359,36.88983413,38.0159268,39.49887428,39.98903293,44.99777285,48.26836373,48.0837543,59.27345323,66.52576908,69.62939867,70.8441575,62.20338334,62.8723572,67.31300509,108.9727445,108.3458541,108.4147195,107.7651507,107.7339435,108.5247771,109.0434026,111.7646771,114.2444436,113.9444528,69.81541966,68.58845044,67.9570525,67.27773664,65.92532253,65.5637821,64.98207181,62.94529738,63.59966992,62.79620618,61.97826308,59.7420226,59.43753129,58.53292958,97.69643904,97.11051118,100.6601295,100.5720239,99.02293017,99.72936485,81.83176292,83.55379043,83.16593073,83.2538762,83.2538762
Non-Annex_I,Rest Central America,BLZ,Belize,3.C.1,Emissions from biomass burning,CO2bio,bio,112.0474037,106.3842586,111.9720326,120.3435308,136.3141109,129.5583446,104.8343872,154.7341626,182.6779551,161.2999541,166.8061559,162.0558753,180.0482238,183.4217757,166.3687089,158.2998688,140.5864504,132.825121,131.41782,155.0088348,176.299059,183.8015629,180.8731904,161.598238,195.6472698,173.2832438,186.9213058,195.2594643,195.6206594,199.4434208,184.0883763,175.1461006,197.4955191,186.009339,194.8816908,166.7785344,197.4431719,206.6676914,171.5524948,171.5630958,205.5176856,161.0827149,194.9296754,203.7824532,218.0550548,212.6906182,258.9465642,296.3535277,295.8429905,304.5292531,276.7896193,338.0635,330.3574321,287.9309938,286.3485945
Non-Annex_I,Rest Central America,BMU,Bermuda,1.B.1,Solid Fuels,CO2bio,bio,,,,,,,,,,,,,,,,,,,,,,,,,,,,,,,,,,,,,,,,,,,,,,,,,,0.009509557,0,,,,
Non-Annex_I,Rest Central America,BMU,Bermuda,1.A.5,Non-Specified,CO2bio,bio,,,,,,,,,,,,,,,,,,,,,,,,,,,,,,,,,,,,,,,,,,,,,,,,,,0.010496059,0.027056733,0.024873521,0.010614932,24.72348205,24.72348205
Non-Annex_I,Rest Central America,BMU,Bermuda,1.A.3.b_noRES,Road Transportation no resuspension,CO2bio,bio,,,,,,,,,,,,,,,,,,,,,,,,,,,,,,,,,,,,,,,,,,,,0.051281248,,,0.077820639,0.006836501,0.019073338,0.019031455,0.011811049,0.013082697,0.013804849,0.013008978,0.014568623
Non-Annex_I,Rest Central America,BMU,Bermuda,1.A.1.a,Main Activity Electricity and Heat Production,CO2bio,bio,,,,,,,,,,,,,,,,,,,,,,,,,,,,,,,,,,,,,,,,,,,,,,,,,,0.104293016,0.153868917,0.146152113,0.041553439,0.105268711,0.105268711
Non-Annex_I,Rest Central America,BMU,Bermuda,1.A.4,Residential and other sectors,CO2bio,bio,,,,,,,,,,,,,,,,,,,,,,,,,,,,,,,,,,,,,,,,,,,,,,,,,,0.055052264,0.157307182,0.143974829,0.066155528,191.42341,191.42341
Non-Annex_I,Rest Central America,BMU,Bermuda,1.A.2,Manufacturing Industries and Construction,CO2bio,bio,,,,,,,,,,,,,,,,,,,,,,,,,,,,,,,,,,,,,,,,,,,,0.005718,,0.000953,,,,0.082753548,0.109483745,0.10430463,0.029655368,0.075126932,0.075126932
Non-Annex_I,Rest Central America,BMU,Bermuda,3.C.1,Emissions from biomass burning,CO2bio,bio,0.030632936,0.026381846,0.026221281,0.023354513,0.022138004,0.020424745,0.020833407,0.019563934,0.022880621,0.028911872,0.027787912,0.022529383,0.027332418,0.026487775,0.024684198,0.024971321,0.024921144,0.023073523,0.021946775,0.022541649,0.021804607,0.019743456,0.019897889,0.017338872,0.015038544,0.015038544,0.014363945,0.018777274,0.022970939,0.025061639,0.02683957,0.025061639,0.022357667,0.024448367,0.020880239,0.018298921,0.020266967,0.023315486,0.023284823,0.02327869,0.023660034,0.024373659,0.024520845,0.0254257,0.025111816,0.023027249,0.022037651,0.021988589,0.022019252,0.0219338,0.021863852,0.021633456,0.021552617,0.021472085,0.021362652
Non-Annex_I,Rest South America,BOL,Bolivia,1.B.2,Oil and Natural Gas,CO2bio,bio,,,,,,,,,,,,,,,,,,,,,,,,,,,,,,,,,,,,,,,,,,,,,,,,,1.79485788,66.87328332,106.0213008,149.5999894,205.1418176,205.1418176,245.8112096
Non-Annex_I,Rest South America,BOL,Bolivia,1.B.1,Solid Fuels,CO2bio,bio,16.3013036,16.3013036,17.001762,17.0026492,17.7017904,17.7017904,22.503266,35.4044712,42.9051264,36.1053364,101.40644,110.2079856,93.2087408,47.6035444,29.9017104,19.1014336,10.9011736,15.701752,29.3026292,40.8037644,59.904788,51.0044896,52.4045496,72.904798,79.7054148,89.4062316,84.0061016,89.0064,93.9070484,99.0074572,147.8079556,168.0088508,161.2086524,194.8102344,221.711258,241.8129736,248.613172,255.3133104,268.7140072,275.4145556,288.9148924,349.3183172,335.9176304,322.5168944,315.716276,309.0161376,322.5168944,323.3344016,331.0470112,338.9140892,348.2796576,339.0753272,343.1397376,345.807706,345.807706
Non-Annex_I,Rest South America,BOL,Bolivia,1.A.1.a,Main Activity Electricity and Heat Production,CO2bio,bio,16.90001,16.90001,25.00022,25.00022,25.00022,33.69997,41.30027,41.30027,37.8001,44.00034,74.40027,73.8003,73.20033,68.49982,62.69984,53.40012,56.89987,75.50015,86.50013,80.10018,76.60002,88.79993,99.30001,102.20021,105.09998,108.00018,111.90018,116.30009,120.59994,124.9002,128.99991,129.90008,129.69995,129.59988,134.19992,134.19992,143.50006,172.39986,231.39983,284.59982,277.49985,304.89994,289.29993,457.19982,447.30013,714.00012,556.69996,410.4856,491.07898,1087.92323,797.78134,1623.53093,1236.20252,1242.584993,1242.584993
Non-Annex_I,Rest South America,BOL,Bolivia,1.A.3.b_noRES,Road Transportation no resuspension,CO2bio,bio,,,,,,,,,,,,,,,,,,,,,,,,,,,,,,,,,,,,,,,,,,,,,,,,,1.01525784,55.47157344,106.8921974,147.4556485,197.7151738,214.3973187,223.0238708
Non-Annex_I,Rest South America,BOL,Bolivia,1.A.1.bc,Petroleum Refining - Manufacture of Solid Fuels and Other Energy Industries,CO2bio,bio,,,,,,,,,,,,,,,,,,,,,,,,,,,,,,,164.40014,137.60002,115.10016,96.49988,96.49988,96.49988,98.20014,119.99997,141.7998,141.7998,141.7998,141.7998,141.7998,141.7998,141.7998,141.7998,141.7998,141.77468,141.77468,141.77468,141.77468,141.77468,141.77468,142.5066581,142.5066581
Non-Annex_I,Rest South America,BOL,Bolivia,1.A.4,Residential and other sectors,CO2bio,bio,708.895112,708.895112,727.895222,742.895272,761.894972,780.995152,799.995272,819.095032,840.795222,859.894982,2636.895152,2964.794862,3166.195012,3243.795262,3297.495162,3351.795022,3429.295202,2294.098448,2609.297441,2393.396306,2406.894972,2448.99534,2374.09558,2495.794972,2428.094415,2361.893988,2332.593928,2239.49331,2146.093342,2052.592413,952.8921344,948.1911892,891.4914476,839.2900156,796.088512,755.9872964,730.051738,695.5642296,661.3785912,635.2290928,621.8057944,554.025276,474.5183576,523.7915492,599.5651008,491.6293924,494.504044,465.0679596,470.6029996,336.575082,410.2534144,300.7779504,330.92137,318.5215983,318.5215983
Non-Annex_I,Rest South America,BOL,Bolivia,1.A.2,Manufacturing Industries and Construction,CO2bio,bio,2559.669531,2559.669531,2625.869532,2657.568165,2649.568914,2703.569004,2784.567618,2798.866803,2771.865708,2804.965708,2755.864594,2780.562899,2768.162013,2911.06718,2878.369164,2910.469771,2898.269861,2799.270874,2771.370884,2834.671114,3053.070924,3541.025163,3431.098661,3945.415428,4534.342542,5201.859771,4668.642101,4919.334006,5170.025921,5420.718245,8909.515821,9047.7943,9420.847757,9765.052184,10172.42643,10585.27284,11181.66115,11634.29967,12057.59083,12604.23891,13413.5165,12943.46906,13662.71641,12831.05564,12755.94739,12222.23184,13249.87042,14385.83749,14223.37225,12190.84689,13540.6853,10254.63091,12311.79914,12324.57856,12019.1258
Non-Annex_I,Rest South America,BOL,Bolivia,3.C.1,Emissions from biomass burning,CO2bio,bio,514.5519402,469.7895821,530.338797,614.3718977,627.8204484,716.3933497,825.6349718,831.2826828,877.0105937,846.7883764,863.3935401,920.880902,886.051913,719.3985804,954.8031757,1047.617447,974.629634,893.5992434,854.5462344,920.8186942,1140.377471,1188.919558,1131.451204,1284.742463,1398.029508,1569.876154,1537.724568,1477.581035,1620.270725,1652.645332,1676.312933,1715.507019,1876.485225,2038.701052,2129.971856,2285.456342,2484.029571,2505.800618,2535.383003,2950.074256,2702.22335,2785.986095,3171.621488,3522.481518,3340.516698,3514.366026,3496.644291,3433.075038,3970.996255,3901.121141,3951.445915,4309.847511,4082.139153,4494.435245,4596.140213
Non-Annex_I,Brazil,BRA,Brazil,1.A.1.a,Main Activity Electricity and Heat Production,CO2bio,bio,597.30019,597.30019,660.39987,653.50003,695.70004,760.89982,766.40002,1024.39985,1166.20006,1463.50013,1539.40011,1695.39986,1955.09995,2510.4999,2514.49997,2834.60009,2962.50013,3340.59999,3132.50012,3058.50011,3109.00003,3470.99997,4003.69993,4146.8998,4463.19998,4663.80003,5624.90007,6126.70019,6247.40019,6944.10004,6541.90012,7399.39988,8389.49979,9869.1999,10331.29995,11486.70016,11962.1,13664.59983,15209.18256,17700.40487,24173.06075,24518.54362,26818.78974,30622.02574,35245.1095,36901.21387,37720.20105,39013.59464,39969.21436,40036.52725,42735.51041,40321.29161,40118.41029,41837.06897,41929.0167
Non-Annex_I,Brazil,BRA,Brazil,1.A.3.b_noRES,Road Transportation no resuspension,CO2bio,bio,402.1766954,402.1766954,618.2714359,488.2144768,300.1319404,256.1124722,272.119446,1010.443773,2385.244839,3538.837068,4294.130454,4176.95625,6042.276089,8489.294585,11066.10079,13698.04984,18128.34323,18530.16554,19689.88082,21367.02832,19273.81758,20019.20416,19467.97974,20279.33025,21526.68758,22229.79932,23037.32502,22042.75969,21555.57072,21476.34331,18274.54531,16739.23012,18853.06656,17882.45464,20013.05113,21703.42015,20463.23588,28359.03803,38333.91343,42093.47765,44731.12251,38914.22372,36571.20139,43139.69279,47354.32623,56469.10104,51216.25645,51718.46189,60359.02627,67166.62711,61068.83656,59967.31849,59981.05176,65286.83462,68255.93908
Non-Annex_I,Brazil,BRA,Brazil,1.A.4,Residential and other sectors,CO2bio,bio,102917.3477,102917.3477,102089.4672,99902.51066,98418.57573,96106.26079,93779.05589,89982.81212,85193.08726,83316.46981,81190.90401,78859.45213,71027.85224,66971.08642,66541.95717,61220.43742,55862.17464,58210.56249,54914.76546,51291.27544,46232.44405,45703.31993,44709.83218,40162.6858,39088.53759,36193.72152,35473.78258,35696.11178,35923.22154,36553.06305,36932.92567,38149.5181,42268.36242,44634.13068,45713.04536,46673.2473,47064.16201,45697.3692,46103.41764,45090.11789,44226.80373,41389.33386,41152.82571,38650.50163,40888.14633,42597.36451,40367.30331,44343.08694,47621.20961,47547.39309,48379.15518,49211.17496,49100.24062,50550.74829,51075.5341
Non-Annex_I,Brazil,BRA,Brazil,1.A.2,Manufacturing Industries and Construction,CO2bio,bio,102141.6681,102141.6681,105104.8006,107067.8798,109161.8478,109590.5025,110486.8484,113380.7464,111873.8486,113239.6621,119327.5044,121103.4412,124132.8178,132403.2365,141163.8428,142837.034,146543.0072,147647.1002,146343.3687,146001.8237,139017.6084,135659.382,153405.7557,156045.8172,183251.1661,183838.5422,185489.8784,198905.1214,220086.5896,237325.9965,201208.2512,236716.0527,260225.6388,283172.6633,304506.6766,310587.2493,352676.8501,372394.3056,361127.3359,367043.8341,395188.1466,389961.3785,407220.5205,395244.9243,376569.4741,364667.1736,401759.0944,397466.9378,327282.2468,325204.7664,418153.2895,369758.088,385993.1033,461690.4859,481529.1922
Non-Annex_I,Brazil,BRA,Brazil,1.A.1.bc,Petroleum Refining - Manufacture of Solid Fuels and Other Energy Industries,CO2bio,bio,352.1999,352.1999,308.50017,542.99991,524.29998,580.49982,484.20007,2361.99997,5176.09981,8524.3001,8430.7,9426.69994,12952.40004,18661.70013,22381.69998,28102.70009,24602.89996,30649.29983,28677.80019,29720.19993,28090.19998,31517.8,29777.19986,28671.59996,31540.00009,30031.3001,31954.70011,36041.19988,31320.70011,28279.20008,23131.59982,24437.0001,26778.49982,30873.99995,31236.90005,33761.69997,37524.30009,44354,55705.50002,52526.99995,53494.20015,43590.69989,43994.10016,51252.10009,52193.2002,55077.19993,51233.09997,49930.42111,59854.42749,63384.66607,58774.12842,53904.46301,50592.27883,56319.80033,56319.80033
Non-Annex_I,Brazil,BRA,Brazil,1.A.3.c,Railways,CO2bio,bio,120.7,120.7,110.29999,101.19998,67.50001,29.90003,13.00001,13.00001,13.00001,13.00001,13.00001,13.00001,13.00001,13.00001,13.00001,13.00001,10.40001,10.40001,10.40001,10.40001,10.40001,6.50001,,,,,,,,,,,,,,,,,,,,138.7265112,141.3940428,141.3940428,157.4010166,189.4149641,184.0793062,222.159603,310.2854038,310.9737072,329.0402388,318.9771941,293.6064318,358.3889904,433.7491631
Non-Annex_I,Brazil,BRA,Brazil,3.C.1,Emissions from biomass burning,CO2bio,bio,29307.41604,29765.33293,30581.81209,33228.14969,36458.22136,37141.61567,42553.40226,45187.57513,43535.30104,46378.93063,51805.63993,52119.80554,57070.32897,58666.41355,62266.23049,68288.55257,66913.35618,74963.51801,73920.38716,75002.86099,69458.02232,68749.88348,74080.13902,70115.7792,80043.52398,82886.72921,80163.39747,84439.90425,86702.91824,87950.03121,87213.79879,94611.75624,98137.63977,112846.3906,115718.2684,115020.8499,123136.6066,138420.9815,157450.8789,160907.0141,169732.7193,175099.5721,174071.7211,190862.3628,189204.0428,196140.3294,192167.7479,206640.5973,201695.103,207658.8056,212546.9336,207475.7121,214304.0164,239023.2188,244989.0116
Non-Annex_I,Brazil,BRA,Brazil,1.B.1,Solid Fuels,CO2bio,bio,7227.513558,7227.513558,8375.527436,8888.36025,11084.04766,13252.48544,12023.5952,12223.67869,12511.35005,14729.94418,16676.69175,15838.75606,16050.09278,18050.16728,22286.27552,23366.76501,24663.70665,23996.7347,25554.76914,28400.78926,23187.09153,20333.44486,18664.05643,19650.67801,19894.73469,18311.75085,15381.30663,14796.07152,13471.09088,14194.272,15521.98668,14829.84488,15532.90023,18264.36157,20978.57284,20996.49102,20762.26528,20651.78906,20512.32034,13463.97841,13806.86132,15834.84029,15157.88026,13720.31836,13798.68514,13482.12128,12024.55674,12477.10332,13530.25252,13830.97153,13971.47971,12426.66837,14179.38188,13453.81538,13453.81538
Non-Annex_I,Brazil,BRA,Brazil,1.A.3.d,Water-borne Navigation,CO2bio,bio,38.89998,38.89998,33.69997,29.90003,16.90002,13.00001,11.70001,10.40001,9.10001,7.80001,1.3,,,,,,,,,,,,,,,,,,,,,,,,,,,,,,,48.02062392,50.68845288,,,,,,,,,,,,
Non-Annex_I,Brazil,BRA,Brazil,1.B.2,Oil and Natural Gas,CO2bio,bio,1533.783507,1533.783507,1696.322177,1633.007719,1720.699961,2012.425849,1975.929704,3219.628233,4552.647849,5750.941241,5162.164693,3986.081704,7391.476849,5922.520218,5273.894433,6589.403805,4996.513876,5185.041881,4435.642486,4229.112512,3070.381055,4501.653406,4686.784944,4819.446543,5319.797868,5727.790558,7773.899663,9599.487772,9511.119192,10117.6993,9393.896895,10953.29852,12271.99921,14796.61168,13323.86287,14024.77851,13657.51943,14779.79617,18347.32029,15210.14124,19803.50271,21272.21188,22121.75343,26357.10447,27507.73813,27728.54315,27660.33565,28807.78347,27737.74156,31026.23397,31728.04847,34397.69444,35985.06501,41575.49603,44921.56112
Non-Annex_I,Brazil,BRA,Brazil,2.C,Metal Industry,CO2bio,bio,,,,,,,,,,,,,,,,,,,,,,,,,,,,,,,,,,,,,,,54.5266736,39.3805104,84.8194816,227.194856,87.848712,154.4923184,251.4287328,239.3117888,169.638952,212.6695424,236.425112,216.1714464,204.1211088,225.3229216,225.0683008,225.0683008,237.0921665
Non-Annex_I,Brazil,BRA,Brazil,4.C,Incineration and Open Burning of Waste,CO2bio,bio,,,,,,,,,,,,,,,,,,,,,,,,,,0.1155,,,,,,,,,,,,,,,,,,,,,,,,,,,,,
Non-Annex_I,Rest Central America,BRB,Barbados,1.A.3.b_noRES,Road Transportation no resuspension,CO2bio,bio,,,,,,,,,,,,,,,,,,,,,,,,,,,,,,,,,,,,,,,,,,,,0.16191334,,,0.167688442,0.014095862,0.043451663,0.048907533,0.033327217,0.029986814,0.032057283,0.03020913,0.033830901
Non-Annex_I,Rest Central America,BRB,Barbados,1.A.1.a,Main Activity Electricity and Heat Production,CO2bio,bio,,,,,,,,,,,,,,,,,,,,,2.552913122,2.667381465,2.534097676,2.579926303,2.36473029,2.456237073,2.465377278,2.384327057,4.523006675,4.271991597,5.758511195,5.689688479,5.726168664,5.329387707,5.86330279,4.784520425,4.734029693,4.63356624,3.969281991,3.926941378,4.085133302,2.364904126,2.451310659,4.928578248,4.875124926,5.532736831,4.482250284,4.566773537,5.777277189,6.546820254,6.094773865,6.109421652,6.381223065,6.335514282,6.335514282
Non-Annex_I,Rest Central America,BRB,Barbados,1.A.2,Manufacturing Industries and Construction,CO2bio,bio,726.3484488,725.6967808,719.7080849,722.7422561,721.6303039,719.2016402,717.2816096,719.4970939,718.4489597,719.4128582,719.4871231,718.0848686,719.2328807,715.8198584,714.270636,714.5809546,716.2101128,713.7183789,713.657725,713.0015423,708.6565544,675.6326012,557.7399298,487.1296947,517.8953334,557.9595462,600.2148202,630.8158394,471.3392197,535.6664024,589.3666612,505.3248011,456.0028263,404.5519378,415.5745054,431.5703053,439.767031,441.3944781,438.858207,445.1497789,458.4163444,213.9080946,192.8132494,141.3989747,131.5289966,118.4621021,121.9941848,183.8084801,208.6928688,129.2478872,146.6123753,143.4350687,151.3951679,151.56125,140.4339142
Non-Annex_I,Rest Central America,BRB,Barbados,1.A.4,Residential and other sectors,CO2bio,bio,3.62080075,3.539213549,3.495489761,3.667736911,3.729137346,3.516567826,3.296284605,3.26879696,3.238100467,3.13420364,3.478379969,3.756067979,3.76077017,3.359335382,3.341110002,3.514530705,3.503426895,3.119116178,3.076016958,3.230502923,6.041354342,5.988529776,6.080045386,6.04401201,5.967003227,6.000708463,5.577965565,5.448855853,5.450975496,5.185599452,4.426291385,4.144825248,4.233331376,4.141257887,3.939021053,3.861190673,3.944327915,3.227361161,4.217536341,13.38629563,3.601042169,4.782049308,5.107871636,4.943281845,7.00012409,6.471482285,6.831444185,6.857229802,6.634466708,6.112534211,5.199751972,5.575460797,5.295099903,5.211135762,5.211135762
Non-Annex_I,Rest Central America,BRB,Barbados,1.A.5,Non-Specified,CO2bio,bio,0.199019703,0.195883212,0.195341637,0.269763487,0.276085658,0.272950251,0.19741281,0.195210999,0.194616946,0.185771311,0.184853258,0.194364152,0.192835923,0.175214517,0.233679633,0.252156763,0.245979047,0.227672212,0.214509927,0.202729022,2.328901951,2.32788122,2.357030171,2.298997136,2.323515624,2.316873145,2.112199725,1.971232701,1.906949547,1.844869701,2.520394511,2.647969486,2.535873194,2.896325221,2.853727134,2.777387633,2.874218906,2.94291211,3.048566178,6.937442697,2.655418547,3.807222944,3.7892852,3.789621964,0.983770602,1.189400521,0.952459044,1.006534406,1.008249463,0.965486169,0.946524641,0.985653518,1.001994631,0.988872861,0.988872861
Non-Annex_I,Rest Central America,BRB,Barbados,3.C.1,Emissions from biomass burning,CO2bio,bio,220.0389068,186.6136969,160.6961547,157.4831732,144.7167266,128.2346851,139.129498,158.2028156,135.7681949,159.2252879,182.2102893,146.1927061,121.9653026,107.0859367,123.3629975,120.3444993,137.5594708,104.7396096,106.1916001,85.37004796,92.31842881,89.36378343,80.42003054,67.27479165,70.59193396,54.69654578,81.21815724,86.50327645,68.12826727,79.00622768,82.56494489,63.63867421,63.25873177,55.34770999,54.76984273,66.99103671,52.90002995,53.6751295,47.2267659,54.16004565,39.50670273,43.52532177,39.59724139,26.79087561,24.66953475,18.13425078,13.24518269,20.39427085,22.75111855,13.37082628,14.42066012,14.51278393,15.1261167,11.64560767,9.424505494
Non-Annex_I,Rest Central America,BRB,Barbados,1.B.1,Solid Fuels,CO2bio,bio,0,0,0,,,,0,0,0,0,0,0,0,0,0,0,0,0,0,0,0.482223578,0.476697895,0.557853119,0.535964787,0.649245848,0.648479052,0.381857757,0.272848753,0.292287362,0.237942128,0,0,0,0,0.008443559,0.034442194,0.042288492,0.05611078,0.023737115,0.079481811,0.099516445,0,0,0,0,0,0,0,0,0,0,0,0,0,0
Non-Annex_I,Southeastern Asia,BRN,Brunei Darussalam,1.A.4,Residential and other sectors,CO2bio,bio,0.56168,0.56168,0.56168,0.56168,0.56168,0.56168,0.56168,0.56168,0.56168,0.56168,0.56168,0.56168,0.56168,0.56168,0.56168,0.56168,0.56168,0.56168,0.56168,0.56168,0.56168,0.59472,0.62776,0.62776,0.6608,1.68504,1.58592,1.58592,1.68504,1.68504,2.18064,2.11456,1.8172,2.21368,2.21368,2.24672,1.85024,1.94936,1.38768,1.91632,3.37008,1.85024,3.56832,3.23792,2.70928,2.70928,2.04848,1.9824,2.008832,2.041872,2.316104,2.154208,1.780856,1.780856,1.780856
Non-Annex_I,Southeastern Asia,BRN,Brunei Darussalam,1.A.5,Non-Specified,CO2bio,bio,66.40014,66.40014,63.39988,60.40003,57.40019,54.39993,51.40009,48.39983,45.39998,42.40014,39.39988,36.40004,33.4002,30.39994,27.40009,24.39983,21.39999,18.40015,15.39989,12.40005,9.4002,6.39994,3.4001,,,,,,,,,,,,,,,,,,,,,,,,,,,,,,,,
Non-Annex_I,Southeastern Asia,BRN,Brunei Darussalam,3.C.1,Emissions from biomass burning,CO2bio,bio,11.90541751,8.719077338,8.041941341,9.406993336,13.42959616,13.98161169,12.50714508,9.098882888,7.990179138,7.940133974,6.405102611,5.536726412,4.951843508,5.862272932,7.251051679,2.992267061,3.266114448,3.425560553,3.626172239,2.962239707,2.294303698,4.313575927,3.839750402,4.080183405,4.083747286,2.937623512,2.723276454,2.746166276,2.789884126,1.627293483,1.885171633,2.037422464,2.147669071,2.771363967,3.05067367,3.864104668,4.078534009,4.510794305,4.219777523,4.138909311,4.915029989,5.120960374,5.306396735,4.607690285,4.751318851,5.398980671,5.117902215,4.870801166,4.690047614,4.372177157,5.708115234,6.178751491,5.875693689,5.938474246,5.942940459
Non-Annex_I,India +,BTN,Bhutan,1.B.1,Solid Fuels,CO2bio,bio,21.7266512,21.73537662,22.49662349,22.61763672,23.57831671,24.15906049,24.83310979,25.64545511,27.56054236,28.71626776,30.06482701,29.76880005,30.01830753,30.30301377,30.67596126,30.91909608,30.84774444,31.20167015,33.61905094,35.02160382,320.3569342,321.2687483,322.530052,324.2272163,327.8643321,92.45500458,99.53300081,108.6880013,115.8518037,123.5117507,173.4345483,180.7029166,188.2668785,196.2354351,204.3160754,214.5625684,222.1284866,230.2117314,239.0125015,247.4658193,256.2026769,266.3190843,275.0996963,288.1334729,297.2460396,306.7881801,315.7615988,327.9984659,335.4506063,344.9492061,355.0172852,358.9069785,368.0673136,370.3289863,370.3289863
Non-Annex_I,India +,BTN,Bhutan,1.A.1.a,Main Activity Electricity and Heat Production,CO2bio,bio,0.607622106,0.603841343,0.59923882,0.597518677,0.605398917,0.695386766,0.703794789,0.716146234,0.868128071,3.945160632,4.036954121,4.068419954,4.264504826,4.350694389,4.494305643,4.694992762,4.687696417,4.612186335,4.70003522,4.773747482,14.67003193,14.70624344,14.72823381,14.69968193,15.74364822,35.30736505,35.31495492,33.31627251,33.7863538,27.96820241,42.17553073,61.49991183,66.68095192,93.03381537,94.84338349,97.49078645,89.26596284,81.56084086,76.95281635,78.98306344,85.08589511,90.01335209,97.45760567,106.7483171,113.8844849,78.3317965,77.18353889,80.11643927,88.44350444,100.3320423,91.27201371,92.93099306,95.20867044,96.70542451,98.06542056
Non-Annex_I,India +,BTN,Bhutan,1.A.5,Non-Specified,CO2bio,bio,,,,,,,,,,,,,,,,,,1.230818054,1.254261598,1.273932613,2.161899442,2.307965477,2.100006543,2.560135992,2.680068459,4.471954062,4.472915378,4.702367327,4.768716132,4.183183891,6.215672737,6.247765696,6.398632188,6.400552194,7.016916078,6.854692594,6.864984538,7.218090821,7.33044946,8.59498481,3.914286662,3.753367174,3.761203049,3.809774919,4.5091087,4.054825247,3.997416513,3.17567484,4.219392289,4.293716516,3.914770944,2.905954051,2.959593957,2.909581383,2.909581383
Non-Annex_I,India +,BTN,Bhutan,1.A.4,Residential and other sectors,CO2bio,bio,1085.112893,1078.158695,1086.234016,1103.081707,1133.657912,1133.937057,1167.102869,1201.253647,1296.119079,1355.584454,1405.925302,1422.484139,1450.069422,1484.79301,1487.589138,1574.646523,1596.977509,1587.069605,1625.052479,1653.332107,2942.285558,2956.368541,2962.901058,2961.395472,2989.787024,3533.430676,3560.524006,3606.322234,3689.856112,3749.670468,3804.956442,3803.298846,3909.560103,3968.436119,4016.758651,4058.167365,4105.675114,4145.050171,4184.498254,4222.061644,4289.884742,4328.824961,4369.040157,5001.468286,5181.673442,5128.036567,5147.254575,5175.579243,5443.936344,5564.83288,5603.254754,5790.695606,5905.14157,5840.630192,5840.630192
Non-Annex_I,India +,BTN,Bhutan,1.B.2,Oil and Natural Gas,CO2bio,bio,,,,,,1.260388513,1.275628056,1.298015049,1.379491182,1.416837874,1.449803957,1.46110438,1.978113684,2.01809318,2.543697915,9.568973517,79.62210453,79.69208764,82.16102623,110.4821558,,,,3.516670319,3.507943009,5.853343013,5.85460128,5.877959159,5.960895165,6.590621819,10.01577802,11.47851664,11.55655479,11.63387304,12.15940814,12.23812499,12.30862873,12.39236712,12.46121839,12.52781631,12.58667087,12.65873623,12.70717996,,,,,,,,,,,,
Non-Annex_I,India +,BTN,Bhutan,1.A.2,Manufacturing Industries and Construction,CO2bio,bio,,,,,,,,,,0.659562459,,2.720677121,4.55993739,11.93820057,12.21765786,11.27624361,4.247795287,8.872710369,5.113528055,11.46539351,474.242123,469.8539231,480.3518322,483.978236,510.7144068,372.296029,372.3760598,313.0365929,264.0438122,344.4139133,485.1642875,450.9626809,495.3811362,462.2327319,480.5772232,457.8188419,483.2557004,427.3650792,406.0823508,369.5513076,341.0794166,377.3082396,366.9833571,256.5877656,306.6360813,316.5731325,242.520155,282.7158048,258.6814959,267.0411683,252.8677872,253.4269223,259.6345881,261.5321038,261.5321038
Non-Annex_I,India +,BTN,Bhutan,3.C.1,Emissions from biomass burning,CO2bio,bio,54.76603994,56.05993178,57.43155083,58.71832661,60.11234203,61.38408624,62.51359894,63.850805,65.20414439,66.73841725,68.93774292,70.808438,72.69056989,75.92496588,78.45409221,76.29383148,77.24659202,72.93842543,52.1491469,52.32558004,58.33780154,55.97689059,55.21635375,59.15729145,63.05411668,69.32321456,72.82829477,74.16816082,72.81151538,68.19544397,53.2699853,54.33145953,45.04943161,49.0032181,58.28460336,75.20505585,73.89140594,77.64516993,63.28047157,59.9256142,57.79320921,71.65395179,65.57641623,65.52686015,64.85333205,65.21848405,66.19078936,70.50308542,50.4630563,44.06772496,43.81147447,35.46134892,33.60223224,33.46210586,31.71736754
Non-Annex_I,Southern_Africa,BWA,Botswana,1.A.5,Non-Specified,CO2bio,bio,,,,,,,,,,,,0.39984,,0.30019,,,,,,,0.10006,16.09992,32.29991,47.99999,23.99999,15.29982,0.10006,0.20013,,,,,,,,,,,,,,,,,,,,,,,,,,,
Non-Annex_I,Southern_Africa,BWA,Botswana,1.A.4,Residential and other sectors,CO2bio,bio,762.1860584,762.1860584,784.7863984,809.2862984,834.7860084,861.1862884,887.6862184,916.0861284,944.4860284,973.8861584,1005.286318,1662.586278,1715.786278,1769.886008,1826.186338,1885.386008,1946.186308,1898.186318,2179.786298,2234.286288,1878.986068,2001.085523,2122.984858,2194.43403,2273.83167,2267.281161,2276.580286,2324.97951,2290.578425,2465.37757,2349.026562,2482.625917,2439.675084,2401.774319,2132.423606,2139.322851,2179.072677,2220.822074,2264.571972,2310.321439,2357.071177,2402.820644,2447.570772,2489.870432,2536.620119,2582.020109,2629.420129,2680.210901,2729.614089,2778.941777,2822.523673,2867.975569,2910.309559,2911.038352,2911.038352
Non-Annex_I,Southern_Africa,BWA,Botswana,1.B.1,Solid Fuels,CO2bio,bio,,,,,,,,,,,,,,,,,,,,,181.9138316,192.6146368,203.315442,219.3662096,240.7682904,256.8190692,267.5198744,278.2206796,288.9219652,299.6227704,315.673528,326.3743432,331.724766,342.4255712,347.776424,358.4768092,363.8271928,369.1776256,374.528008,379.8784308,385.2288132,390.579236,395.9291984,395.9291984,401.2800412,401.2800412,401.2800412,401.8897788,401.9113408,401.9324436,401.9540168,401.9485084,401.9485084,402.0341551,402.0341551
Non-Annex_I,Southern_Africa,BWA,Botswana,3.C.1,Emissions from biomass burning,CO2bio,bio,197.72035,273.9909934,165.0723963,160.6366099,228.1520635,215.5805249,268.4248727,235.7098986,180.1854842,129.8034426,241.7377411,245.4616432,134.5898821,127.630939,128.9244016,170.1702909,186.5485127,202.6714284,381.6184721,337.1710985,253.3829298,194.3442904,139.4808661,173.1364378,288.4847287,216.7027726,319.8276162,199.0842867,123.4035845,151.3577109,159.3403177,145.9885972,163.8662957,181.6682036,164.4951229,174.2079368,179.3701507,157.1356564,165.4379079,211.3964201,200.7150836,225.9467085,168.1021512,154.9212485,221.8322956,203.3904627,211.3093161,144.070007,294.7137121,213.9404051,456.9361409,333.3523381,426.9625507,258.7656518,158.3202537
Non-Annex_I,Western_Africa,CAF,Central African Republic,1.A.2,Manufacturing Industries and Construction,CO2bio,bio,51.37600012,52.05874199,57.49407298,63.36721999,62.92025633,68.24694908,76.35874004,79.39547915,87.37162924,89.25562187,92.30184147,102.7329964,107.7520458,105.9527919,107.8580075,105.3653911,120.6206696,125.9290455,129.662149,119.6900926,63.61272247,66.80879241,57.10800491,44.20456279,49.47810978,49.34789429,39.5589565,36.34562791,34.35402105,20.03454215,20.37086432,19.28715917,22.90548799,23.35803195,22.89590598,23.46687465,21.02799699,23.44568763,24.38730936,22.16709467,21.11685134,22.24755438,23.53181225,22.7221848,22.38414584,22.14443264,20.92295433,20.46291259,20.27286864,20.08715034,19.727244,19.32186976,19.54868785,61.83491393,61.83491393
Non-Annex_I,Western_Africa,CAF,Central African Republic,1.A.3.b_noRES,Road Transportation no resuspension,CO2bio,bio,,,,,,,,,,,,,,,,,,,,,,,,,,,,,,,,,,,,,,,,,,,0.245015473,0.144252663,0.15011994,0.322241508,0.265635839,0.208000185,0.306723776,0.256867219,0.218986898,0.211282393,0.210580494,0.18514269,0.187107373
Non-Annex_I,Western_Africa,CAF,Central African Republic,1.A.4,Residential and other sectors,CO2bio,bio,2451.369305,2483.680557,2576.722658,2681.164855,2801.268493,2966.672245,3072.645174,3144.754828,3248.388484,3345.399396,3425.661179,3533.134335,3663.403022,3762.626091,4018.163248,4148.267652,4241.461236,4362.169931,4361.338066,4388.728136,4369.803297,4373.280779,4496.074887,4446.297641,4013.747031,4148.005567,3559.910275,3607.410367,3625.213334,2793.667704,2768.472721,2744.655702,2741.908329,2742.302782,2752.018348,2804.1615,2786.629457,3108.124401,3088.130553,3101.978668,3127.54492,3088.743517,3035.032873,3020.813257,3013.63647,2980.068255,2974.952319,2946.114147,2929.730094,2922.174317,2892.531039,2825.893418,2880.183429,8127.753811,8127.753811
Non-Annex_I,Western_Africa,CAF,Central African Republic,1.A.1.a,Main Activity Electricity and Heat Production,CO2bio,bio,,,,,,,,,,,,,,,,,,,,,3.904380964,4.585772574,16.5596101,20.78637383,19.09285681,18.75538471,16.78799103,17.58536363,17.98390879,17.45827713,17.42088144,17.00742867,16.37720061,16.27858864,16.27853322,14.78624335,14.71173328,13.61799457,14.15619203,14.16714199,13.95290581,4.297975393,3.982102365,4.218769844,4.595176642,4.179847095,4.110845812,4.055224473,3.968189031,3.908183315,3.860212055,3.807507203,4.226004182,13.32585433,13.3260239
Non-Annex_I,Western_Africa,CAF,Central African Republic,1.B.1,Solid Fuels,CO2bio,bio,70.30409664,71.18803984,73.86267796,80.44600569,85.32000665,87.18126767,90.46423209,96.06199703,98.78108943,102.3340689,111.5237446,118.4842708,123.7366163,129.6907021,140.4917144,148.6716389,155.5401688,164.7063843,168.8770745,174.571766,585.3409367,596.5578214,631.5926736,643.3245609,591.9830232,543.4014398,521.1427124,521.0960553,533.0205761,450.9289199,461.8172522,461.2022271,488.8575562,498.0605763,498.3287665,499.8061465,514.2238158,0,0,0,0,0,0,0,0,0,0,0,0,0,0,0,0,1538.720052,1538.720052
Non-Annex_I,Western_Africa,CAF,Central African Republic,1.A.5,Non-Specified,CO2bio,bio,,,,,,,,,,,,,,,,,,,,,39.48336016,41.11008164,46.42309466,46.4989069,47.59526081,49.70795986,47.62401789,60.6062194,60.52716418,36.63049383,35.90644597,32.0845886,32.16832697,32.41131178,32.47176668,32.5428901,32.26853712,271.3067324,276.2740522,277.7178415,288.526601,291.7048684,301.8867501,308.1592735,315.8765054,313.4265837,319.6847655,323.4846152,328.0947685,348.3230885,353.8396185,336.2368481,337.1314345,342.3608712,342.3608712
Non-Annex_I,Western_Africa,CAF,Central African Republic,3.C.1,Emissions from biomass burning,CO2bio,bio,180.6422774,185.4206341,191.5085592,194.0115475,219.3957789,202.8166972,206.532572,215.2313533,210.7381547,214.1570989,213.8445499,214.624552,200.3740651,169.6458913,155.7359881,137.435992,168.7056008,155.7600092,161.5570842,157.2603185,159.272162,155.4785399,152.5435417,156.0576511,162.0954829,173.5066373,190.3334825,201.14698,210.4177024,210.5648129,216.1684701,220.957292,225.9931687,225.7709077,237.3868603,256.6575589,257.1551856,267.9661953,274.4681747,285.0522963,232.3346841,226.1609698,231.6074721,185.3460344,204.3901469,201.3206171,244.5420855,243.147822,248.7740061,258.6136591,440.9092834,357.20749,334.1048038,338.8314439,336.9834505
Annex_I,Canada,CAN,Canada,1.B.2,Oil and Natural Gas,CO2bio,bio,,,,,,,,,,,,,,,,,,,,,,,,,,,,,227.6926796,273.2313317,273.2313317,273.2313317,273.2313317,273.2313317,273.2313317,381.3854188,492.0033883,1390.058639,1454.316861,2226.263541,2394.371153,2764.428678,2848.170642,2921.321322,3459.118292,3280.900207,3612.697504,3504.515259,3329.04444,3734.699986,3469.936341,3440.115346,3359.431602,3735.662722,5209.641595
Annex_I,Canada,CAN,Canada,1.A.3.b_noRES,Road Transportation no resuspension,CO2bio,bio,,,,,,,,,,,,,,,,,,,,,,,,,,,,,318.7699908,364.3083455,394.6676474,394.6676474,394.6676474,425.026652,425.026652,533.180732,516.6701366,2128.871189,2309.071172,2613.511073,3457.673817,4767.813487,5139.711812,5645.252061,5910.780487,5493.258734,5537.041362,6346.342094,6385.140629,6161.218481,5710.284834,6330.408632,7327.746256,8255.741678,8077.451526
Annex_I,Canada,CAN,Canada,1.A.1.a,Main Activity Electricity and Heat Production,CO2bio,bio,783.50017,798.4998,796.09992,825.09979,812.99994,602.5002,624.69987,632.59994,699.99988,720.09987,963.00001,1822.09997,2053.40015,2001.5998,2235.80019,1589.5002,1760.39993,2188.59988,2366.20017,3314.70003,4807.80577,4871.653678,5450.031995,5668.404445,6366.143414,6347.382261,6691.975306,7218.800035,7657.882904,8570.111882,8434.982125,8788.747035,9195.288111,9055.589874,8823.853509,8067.753443,7947.653399,7895.971794,7252.484064,7926.918106,9062.717745,9083.840621,9604.684745,9710.58809,8583.891626,9007.96192,11665.82082,11212.57583,10839.11921,10631.75676,9890.64218,9922.332489,8966.632589,9261.389466,9240.642707
Annex_I,Canada,CAN,Canada,1.A.2,Manufacturing Industries and Construction,CO2bio,bio,41192.33482,41624.13458,41554.03457,42395.03457,42044.63458,35947.63472,36368.13472,36648.4347,38791.53453,39551.33489,41557.53474,39185.93485,38620.63479,41791.93483,41644.83454,44397.33483,45111.63473,46118.73472,45497.5346,43672.83463,42162.23468,42568.39005,43311.93363,41596.69141,49875.52051,52641.76128,49138.0227,48959.44546,49541.34244,54408.85752,55592.39356,50801.82134,54310.68831,55619.13219,61354.82584,58136.79524,54147.83264,52354.93942,45853.74108,42842.22264,41270.53489,39768.50335,39678.08321,43162.10941,44093.39143,41586.89356,38325.22568,40523.12283,41342.11257,41687.63789,36717.64375,39343.78637,39294.68493,36561.80664,36226.19815
Annex_I,Canada,CAN,Canada,1.A.4,Residential and other sectors,CO2bio,bio,8000.00011,8000.00011,8000.00011,8000.00011,8000.00011,8000.00011,8000.00011,8000.00011,8000.00011,8000.00011,8000.00011,8000.00011,8000.00011,8000.00011,8000.00011,8000.00011,8728.29983,7677.79989,8013.89987,7555.19992,17639.60009,17391.60002,16647.5998,17415.60001,17743.50014,16927.49994,16743.50012,16071.49988,17143.49988,16431.50021,9297.59996,8047.79997,7815.70011,7405.89989,7881.80005,8144.2002,8010.40012,9552.247545,9711.747465,9968.347645,8993.358485,9711.712864,9362.817147,10459.21698,10776.31726,10657.91706,10173.51728,10306.11701,9823.417067,8746.417197,8005.217107,7635.217027,7228.517137,6972.070933,6971.310389
Annex_I,Canada,CAN,Canada,3.C.1,Emissions from biomass burning,CO2bio,bio,742.9659496,1002.364552,944.9044038,1013.037775,871.9915005,1024.598938,1251.055546,1139.343769,1146.39702,995.1497474,1110.729249,1331.646688,1381.314024,1272.388505,1115.263775,1204.600228,1383.635848,1240.688996,902.1782839,1157.039216,1280.2866,1212.5993,1133.398307,1147.585677,1068.599337,1066.05808,1207.10262,1028.745132,1018.289818,1003.134772,932.0388998,707.9805385,553.5732952,658.7243057,612.6933473,549.5666868,486.6197768,420.6238162,388.3771021,276.4462058,219.2183697,229.0911992,263.9648483,328.7349962,301.7660598,332.6638087,378.7432126,394.2891788,403.1214298,426.9174382,469.8244529,362.2249102,464.8543601,415.4730678,430.3720815
Annex_I,Canada,CAN,Canada,4.C,Incineration and Open Burning of Waste,CO2bio,bio,97.93156872,99.52544823,101.1203366,102.6925032,104.2095588,105.6487096,107.0335813,108.3494631,109.6081934,110.8280083,112.0276104,113.3924635,114.7436736,116.127049,117.6020682,119.2074462,120.8192541,122.5597504,124.3774685,126.1991127,127.967848,132.7166059,137.4033143,142.2459559,151.0319635,154.0818462,164.3538391,158.686232,154.2497975,154.7017695,154.4082578,156.9424244,164.5397613,158.243849,152.6703895,151.1957465,158.6299856,157.6656348,144.8918439,134.8131634,130.6439386,134.2944215,130.8537513,127.2696147,129.4916525,133.0209713,126.6389831,126.8065,129.8224809,134.3868703,125.7370973,126.0430755,123.9081443,122.5371264,121.8275288
Annex_I,OECD_Europe,CHE,Switzerland,1.A.1.a,Main Activity Electricity and Heat Production,CO2bio,bio,,,,,,,,,480,636,640,944,1132,1088,1164,1399,1604,1612,1620,1633,1204.02001,1235.86096,1219.074946,1248.579718,1332.753666,1298.853052,1285.645754,1345.194726,1429.765518,1550.451412,1670.464298,1781.448524,1849.924882,1852.280962,1886.618956,1976.76064,2177.211092,2286.178804,2416.768306,2276.455434,2347.259206,2525.338468,2689.696466,2741.244564,2771.757642,2747.822584,2912.216338,3060.909528,3032.275012,3205.53249,3284.579334,3465.066018,3379.154052,3411.679835,3406.951256
Annex_I,OECD_Europe,CHE,Switzerland,1.A.3.d,Water-borne Navigation,CO2bio,bio,,,,,,,,,,,,,,,,,,,,,,,,,,,,,,,,,,,,,,,,,,,0.112572,0.161424,0.218064,0.273996,0.441084,0.603216,2.53818,2.962272,3.17184,3.87984,4.231716,4.442781631,4.333760449
Annex_I,OECD_Europe,CHE,Switzerland,1.A.3.b_noRES,Road Transportation no resuspension,CO2bio,bio,,,,,,,,,,,,,,,,,,,,,,,,,,,,,,,,,,,8.06412,20.694132,23.382408,35.202468,35.202468,26.069976,30.636576,29.825916,35.202468,35.202468,61.530864,146.148192,247.189704,391.239384,491.068092,538.948008,538.847472,473.804928,473.411988,519.699766,482.3504106
Annex_I,OECD_Europe,CHE,Switzerland,1.A.3.e,Other Transportation,CO2bio,bio,,,,,,,,,,,,,,,,,,,,,,,,,,,0.1092,0.1092,0.1638,0.273,0.3822,0.437346,0.437346,0.491946,0.710346,0.820092,0.764946,0.710346,0.8736,0.164346,0.217854,0.1638,0.164346,,,,,,,,,,,,
Annex_I,OECD_Europe,CHE,Switzerland,1.A.2,Manufacturing Industries and Construction,CO2bio,bio,,,,,,,,,483,511,511,636,699,,,,,,,,2.182362,1.800708,3.9858,697.210324,650.122508,725.73847,664.818984,609.636076,628.974206,1012.487368,953.940714,1013.90266,970.067514,890.880612,1022.309898,1068.266628,1100.799498,1049.212082,878.69313,903.214332,990.730854,929.502284,987.77402,1067.06574,902.077686,969.702264,1038.61535,1032.609816,966.30326,980.950704,984.38427,1130.343322,1184.686168,1236.961559,1238.914441
Annex_I,OECD_Europe,CHE,Switzerland,1.A.5,Non-Specified,CO2bio,bio,,,,,,,,,,,,,,1119,1102,1138,1163,1178,1194,1207,2845.446,3136.186,3039.501,,,,,,,,,,,,,,,,,,,,,,,,,,,,,,,,
Annex_I,OECD_Europe,CHE,Switzerland,1.A.3.c,Railways,CO2bio,bio,,,,,,,,,,,,,,,,,,,,,,,,,,,,,,,,,,,,,,,,,,,,,,,,,0.776676,0.918984,1.062,1.132092,1.201476,1.297781232,1.138604493
Annex_I,OECD_Europe,CHE,Switzerland,1.A.4,Residential and other sectors,CO2bio,bio,1011,967,923,1011,835,835,835,835,668,760,826,879,894,,,,,,,,58.758882,59.919132,60.3876,2416.286358,2259.16588,2373.478932,2741.431262,2379.536398,2435.02373,2187.42882,2076.874588,2120.976416,2083.302404,2348.03308,2194.1784,2296.77104,2322.10221,2240.873968,2684.335764,2947.523688,3174.098686,2642.392448,2948.997114,3157.23655,2687.718072,2868.406152,3055.999658,3015.580538,2862.083838,2899.848954,2896.909664,3302.439896,2758.208894,2873.92572,2872.750961
Annex_I,OECD_Europe,CHE,Switzerland,4.C,Incineration and Open Burning of Waste,CO2bio,bio,41.91656881,42.46762068,43.00345022,43.50352571,43.93881222,44.29246411,44.51090158,44.6536692,44.76711767,44.91503591,45.14343655,45.62426214,46.20287459,46.85585579,47.54464165,48.24149184,48.8626056,49.48809027,50.13417378,50.82534825,51.19453778,49.02749045,46.85370393,44.49448778,41.81044086,46.1661854,48.74201097,50.43300557,52.00138669,52.33915656,52.42892496,55.19499293,58.11739932,63.5167014,68.89178674,67.40293836,66.29133035,65.6131924,65.20180077,64.19134912,64.08200233,59.75703736,55.46629974,65.40080855,64.79737642,67.29559545,68.18728194,69.46053414,66.92988326,68.18232179,67.02935765,65.94383632,65.84449461,65.12128671,64.40761954
Annex_I,OECD_Europe,CHE,Switzerland,1.B.2,Oil and Natural Gas,CO2bio,bio,,,,,,,,,,,,,,,,,,,,,,,,,,,,0.0546,0.1092,0.1638,0.6552,0.8736,0.6552,0.7098,9.10152,22.495932,25.348008,35.90076,40.801116,24.495228,29.360448,33.049104,35.840436,39.08838,50.561388,61.941984,71.861148,79.444338,80.048472,107.559528,108.476784,107.312832,118.654668,128.6506948,138.3711393
Annex_I,OECD_Europe,CHE,Switzerland,3.C.1,Emissions from biomass burning,CO2bio,bio,59.84676819,67.72535524,67.75165527,67.33373035,75.4545782,67.66139951,72.13900536,63.01006495,74.93688261,78.96834321,72.44800652,77.35975114,78.80780116,75.25632549,89.31677211,81.14087603,72.0725248,67.24696811,81.39664672,87.51110224,76.72611362,75.4223101,68.52246873,69.78192623,64.6226233,63.6410765,68.75525063,62.71850816,63.95849563,55.13652065,61.80680372,55.01129314,57.12505823,47.38498272,58.1057262,57.06395358,54.9622982,56.96360473,56.89861496,57.57095512,51.76582332,57.67575668,54.49952809,49.42169641,58.3483135,51.85652842,43.19150923,55.38337509,50.65622692,52.73032723,55.10955406,45.02532512,49.68771731,46.19823289,46.1337336
Non-Annex_I,Rest South America,CHL,Chile,1.A.5,Non-Specified,CO2bio,bio,,,,,,,,,,,,,,,,,,,,,,,,,,,,,,,,,,,,,,,,,,,,,,,,11.42950536,,,,,,,
Non-Annex_I,Rest South America,CHL,Chile,1.B.1,Solid Fuels,CO2bio,bio,,,,,,,,,,,,,,,,,,,,,1055.949548,1057.749448,1047.09835,1049.348872,1061.649458,1055.499395,1051.299625,1048.748902,1055.049388,1063.250253,1071.651248,1073.500916,1071.901136,1070.300946,1068.700746,1066.850483,1066.850483,1062.6004,1062.6004,1058.349418,1054.099335,1054.099335,1049.848772,1049.848772,306.0287932,280.3273508,253.2712068,478.2445744,550.0957956,489.2798808,598.0401528,,,,
Non-Annex_I,Rest South America,CHL,Chile,1.A.2,Manufacturing Industries and Construction,CO2bio,bio,940.69985,940.69985,948.10002,986.1999,1214.80002,1163.5,1334.90005,1519.5999,1871.20025,1987.00001,2212.69994,2145.29999,2243.40006,2645.00002,2917.49999,2787.10001,2741.59997,2858.89986,2801.6998,2510.10006,2809.60029,3704.50032,4453.0001,2964.80036,2973.60017,3156.40006,3246.39992,2600.69991,3305.79973,3840.49973,4727.59974,3825.60015,4269.30006,3228.29997,4199.39976,4464.89981,5195.99967,6083.30024,6480.79964,6272.99997,4567.40022,6978.39956,7040.20008,8773.70024,15418.43819,14013.0803,14100.16073,13539.37394,14697.28519,14435.98355,13515.22068,9312.764902,10476.22107,12180.89989,11892.05122
Non-Annex_I,Rest South America,CHL,Chile,1.A.1.a,Main Activity Electricity and Heat Production,CO2bio,bio,95.19988,95.19988,82.0998,73.29998,65.89981,73.29998,105.49982,115.80019,130.39998,134.79989,150.89981,158.29998,197.79992,298.89984,288.69996,281.30021,403.00002,389.79987,470.39996,461.60014,390.20013,418.7001,706.70002,755.69982,825.19986,1000.59998,1335.60009,1371.09996,1791.99981,1627.09976,1385.29992,2049.30002,1830.00004,1800.4002,1727.79983,2269.60022,2003.49977,2064.69991,2156.89994,3067.19986,1537.30001,2594.70021,15496.1,17702.26417,14243.65885,15097.35207,17421.18316,19254.76618,18844.33423,18290.41323,17922.61513,21055.39378,18931.5179,20005.00141,20018.20699
Non-Annex_I,Rest South America,CHL,Chile,1.B.2,Oil and Natural Gas,CO2bio,bio,,,,,,,,,,,,,,,,,,,,,40.24010172,43.4068908,49.35847098,52.79820546,59.89621092,77.47732356,70.65249282,56.23793994,23.09584368,15.99783276,11.68439454,6.16989282,,,,,,,2.67529626,15.72488736,19.76515086,22.82289282,16.3800546,11.84829828,4.64102184,7.1662946,79.7101827,31.24723602,,,,,,,
Non-Annex_I,Rest South America,CHL,Chile,1.A.1.bc,Petroleum Refining - Manufacture of Solid Fuels and Other Energy Industries,CO2bio,bio,,,,,,,,,,,,,3.65827644,21.73087644,34.28875086,35.43540546,26.7538908,29.26550718,37.23722184,42.75172356,2.49994,2.9002,2.49994,2.1001,2.49994,,,,,,,,,,,,,,,,,,,,,,,,,,,,,,
Non-Annex_I,Rest South America,CHL,Chile,1.A.4,Residential and other sectors,CO2bio,bio,5665.250282,5665.250282,5506.950302,5347.250262,5420.550242,5524.550362,5616.950522,5710.650272,5807.450342,5905.550412,6005.150622,6106.250532,6211.850422,6479.950482,6759.850622,7055.850272,7365.050472,7690.350592,8031.750222,8393.750582,8787.550522,9180.950622,9493.20163,9928.051358,10480.45045,11051.10046,11661.10089,12197.95135,12203.45011,12437.94967,12560.34891,12788.29887,12848.09894,12907.899,12991.19916,12481.64224,12559.94029,12621.78967,12679.78942,12753.28893,13460.23572,14216.28589,15598.43513,15752.33478,7714.491381,7204.528534,7436.721832,7589.61064,8024.336562,7981.322683,8098.328383,7697.424125,7726.506152,10557.43832,10559.48142
Non-Annex_I,Rest South America,CHL,Chile,3.C.1,Emissions from biomass burning,CO2bio,bio,989.2462514,1021.827983,964.3162695,696.2707317,849.9902664,895.8889672,838.0721376,1057.369048,811.327421,950.7347737,885.44742,800.1089555,732.0438349,717.5358166,1018.510041,1108.958502,1281.288099,1376.866709,1323.135915,1419.208278,1346.881495,1277.802464,1343.824,1203.953726,1184.038353,1256.477783,1155.275411,1343.493621,1349.369395,1010.351002,1184.672193,1381.627515,1465.990074,1482.740236,1577.107474,1569.331397,1360.791374,1064.04627,1193.993148,1132.339518,1308.607251,1442.551447,1253.245493,1429.266249,1274.409231,1375.996556,1423.938676,1260.002513,1346.455108,1187.01756,1033.653742,1112.262583,938.9039582,938.8219468,904.1351114
Non-Annex_I,China +,CHN,China,1.A.4,Residential and other sectors,CO2bio,bio,645882.2001,645882.2001,661950.5,677239.2998,691376.3001,703697.2001,714670.5001,724476.4999,734236.5001,744096.3002,753487.7,762113.3001,770897.4,778738.1999,783622.2001,789477.4001,798377.8001,807233.5,816344.5002,827922.9001,839223.4999,847354.2998,852137.8,856549.7,855635.4345,851051.2755,851803.3475,851402.0196,841321.5461,837531.7694,822013.0397,787895.2442,776980.9883,749196.6243,715336.0575,686042.1302,674198.3385,619299.0968,563152.1908,528840.0662,484131.4197,446586.7932,413130.1114,375305.9376,366028.7765,353582.6429,329404.5496,325932.0406,322943.9989,302166.8727,276754.6065,254418.5011,233827.9459,201792.7899,204492.0729
Non-Annex_I,China +,CHN,China,1.A.3.b_noRES,Road Transportation no resuspension,CO2bio,bio,,,,,,,,,,,,,,,,,,,,,,,,,,,,,,,,,,,,1966.653846,2535.885846,2832.792981,3188.152539,3581.46048,3892.527268,4202.121699,4531.086656,4734.990593,5150.95493,4911.25435,5376.722033,5658.85473,5883.693724,7068.51658,6316.197408,6149.507892,6358.088246,7013.10875,8240.629669
Non-Annex_I,China +,CHN,China,1.A.2,Manufacturing Industries and Construction,CO2bio,bio,47020.1536,47020.1536,47020.1536,47020.1536,47020.1536,47020.1536,47020.1536,47020.1536,47020.1536,47020.1536,47020.1536,47020.1536,47020.1536,47020.1536,47020.1536,47020.1536,47020.1536,47020.1536,47020.1536,47020.1536,47020.1536,55560.624,70941.4496,63956.8608,50770.2272,47290.208,56134.4896,59344.4544,74470.5696,71628.8608,69072.5504,64134.8512,87233.7088,104664.4928,102234.0032,91569.9232,94110.8896,125553.8144,141606.7072,128548.9632,105695.6096,104498.7776,118949.7568,131381.4656,125345.136,102660.5664,99966.16,103044.1664,117105.408,104044.5952,107408,107408,107408,107408,105468.5184
Non-Annex_I,China +,CHN,China,1.A.1.a,Main Activity Electricity and Heat Production,CO2bio,bio,,,,,,,,,,,,,,,,,,,,,,,,,1491.70032,4859.49986,2981.80003,4929.30009,5393.20005,5484.89975,5523.29983,5562.0001,5533.79991,5503.40039,5470.79987,9492.89995,12071.69995,15945.29969,23131.19998,31756.50035,37445.84457,41292.45155,44716.75693,54628.02642,64936.91921,76813.93897,94027.72062,114926.2448,130442.1785,159683.4872,190028.1351,234796.5751,260712.2132,284707.1135,285279.7397
Non-Annex_I,China +,CHN,China,3.C.1,Emissions from biomass burning,CO2bio,bio,82683.8631,86599.03226,85490.64739,89071.93435,92262.14888,94840.95781,96650.8046,93856.06648,101714.4204,106409.5984,102691.7115,104266.4329,111270.6814,119562.5947,124512.5801,118031.9567,121863.6344,122931.7566,121277.836,125215.3572,135249.0427,132119.5822,133665.4267,136106.8049,132693.3339,137432.144,146619.7102,147301.5819,148501.0037,147751.6949,134792.1797,133694.036,135150.7265,129896.5089,142117.7098,149168.1676,157816.166,161140.1617,170488.1475,173939.5056,179990.5208,186143.227,191500.8203,194792.736,196864.6675,212535.5761,212160.438,213156.82,211662.5694,212887.9378,214726.8153,217908.2075,219277.1593,220851.2,223548.3174
Non-Annex_I,China +,CHN,China,1.A.5,Non-Specified,CO2bio,bio,,,,,,,,,,,,,,,,,,,,,,,,,,,,,,,,,,,,99.00669168,99.00669168,198.0133763,591.4348588,984.8563342,1240.189497,1615.372807,2167.726045,2324.052522,1662.270571,1537.209565,1451.230186,837.7531351,951.6214052,1686.894634,630.4746797,704.6489227,1043.064505,1008.297316,1184.781967
Non-Annex_I,China +,CHN,China,4.C,Incineration and Open Burning of Waste,CO2bio,bio,,,,,,,,,,,,,,,,,,,,,,,,,,98.219,105.6881255,11.01696008,119.5060076,125.5933449,139.5606095,141.2038171,155.0590449,162.4161335,163.1257004,168.1300144,160.660889,165.1050186,169.3250745,169.6238395,177.0556194,174.9269186,178.400062,177.849214,177.298366,176.931134,176.19667,181.7798413,187.3630125,195.2055943,209.6396793,265.485,265.485,265.485,281.1093975
Non-Annex_I,China +,CHN,China,1.B.2,Oil and Natural Gas,CO2bio,bio,,,,,,,,,,,,,,,,,,,,,,,,,,,,,,,,,,,,2065.660538,2634.892538,3030.806358,3779.587398,4566.316517,5132.716765,5817.494506,6698.812694,6485.846428,6990.395428,6187.919894,6851.400953,7350.939472,6866.491973,8248.337848,9109.296646,9800.240041,11332.35287,13781.44771,18009.53878
Non-Annex_I,Western_Africa,CIV,Cote d'Ivoire,1.A.2,Manufacturing Industries and Construction,CO2bio,bio,,,,,,,,,,,,,,,,,,,,,,,,,,,,,,,,,,,,,,,,,,,,,,,,,,41.868,50.2416,96.2964,102.74868,103.0378643,103.0378643
Non-Annex_I,Western_Africa,CIV,Cote d'Ivoire,1.A.1.a,Main Activity Electricity and Heat Production,CO2bio,bio,,,,,,,,,,,,,,,,,,,,,,,,,,,,,,,,,,,153.69994,157.70001,161.80014,166.09999,170.49989,153.69994,147.09987,136.40008,140.09996,143.8999,147.7999,188.5002,192.59992,194.14443,481.482,347.5044,414.4932,778.7448,830.9228,833.2614175,833.2614175
Non-Annex_I,Western_Africa,CIV,Cote d'Ivoire,1.B.1,Solid Fuels,CO2bio,bio,2442.659927,2442.659927,2527.064274,2616.36796,2708.172058,2799.526557,2901.680917,3005.485359,3114.090421,3228.195233,3341.400951,3463.455755,3587.361673,3714.717584,3849.173474,3990.929453,4134.436056,4278.992782,4429.349948,4594.807359,4766.96449,4934.822671,5101.529769,5258.78734,5415.743686,5543.999745,5721.40767,5886.26557,6003.120805,6157.828123,6323.285534,6295.241244,6428.497665,6553.203807,12873.68708,13360.65183,13840.66643,14336.88161,14524.28701,13383.75269,6342.374544,7791.459453,8076.777886,6712.060989,6880.024893,7411.01917,8061.773344,7167.15203,6111.778037,6712.737701,6887.914693,13766.75327,13801.77277,13789.7017,13789.7017
Non-Annex_I,Western_Africa,CIV,Cote d'Ivoire,1.A.4,Residential and other sectors,CO2bio,bio,4371.539573,4371.539573,4526.035746,4685.53224,4847.428122,5015.873773,5195.318983,5383.114232,5575.909388,5774.304366,5985.599149,6198.844215,6420.938377,6653.582388,6893.126637,7140.270346,7395.964254,7659.807668,7929.250052,8228.092861,8533.535322,8834.477319,9127.570031,9418.01285,9694.255435,9956.000265,10274.59248,10573.6341,10782.17907,11063.87197,11363.4148,11439.15801,11678.30247,11915.69627,16068.51408,16504.04958,16935.23553,17379.37027,17193.50612,16063.36527,17909.13216,21032.95217,21676.67958,22251.06701,22841.60408,18422.94911,18416.49281,18929.77803,16783.11665,18120.58709,18657.6761,21775.08431,22001.44824,22151.26284,22151.26284
Non-Annex_I,Western_Africa,CIV,Cote d'Ivoire,1.B.2,Oil and Natural Gas,CO2bio,bio,,,,,,,,,,,,,,,,,,,,,,,,,,,,,,,,,,,,,,,,,55.1934768,96.5889456,65.5425792,241.472112,248.3713568,155.2318096,141.4337904,150.4717872,128.3147712,140.9334528,144.6107376,146.4423408,146.8151328,148.6747733,148.6747733
Non-Annex_I,Western_Africa,CIV,Cote d'Ivoire,3.C.1,Emissions from biomass burning,CO2bio,bio,702.656867,739.3237984,703.4590428,738.8575049,803.4366978,947.8791891,955.0696829,990.3048625,1035.132647,1096.648222,990.8972272,991.8962695,1052.970698,1058.970323,1172.283573,1177.118037,1246.651183,1291.534415,1332.832442,1382.010486,1371.109654,1425.23068,1469.994218,1342.590782,1459.748339,1493.421644,1352.653322,1352.844375,1272.756355,1253.889093,1275.350278,1283.919485,1291.215964,1282.636927,1331.345263,1374.501922,1431.679831,1379.504061,1500.947496,1522.319903,1734.66633,1623.737265,2126.200672,2380.601419,2634.316707,2954.804305,2833.3562,2995.882276,2991.655076,2968.325673,2780.983714,2892.709198,2996.660097,3274.757331,3237.822383
Non-Annex_I,Western_Africa,CMR,Cameroon,1.A.4,Residential and other sectors,CO2bio,bio,9422.980881,9422.980881,9608.030208,9813.080356,10037.27954,10256.22855,10523.77835,10827.67746,11146.47656,11453.22658,11740.42581,12026.77517,12330.67429,12652.17387,12981.52335,13321.92214,13679.32145,14055.67116,14324.57071,14793.46948,15099.26855,15542.26782,15962.81698,16416.51644,17003.56494,17503.56474,18009.26385,18532.91248,19038.21217,19531.51081,19960.81044,20399.4098,21673.50896,22269.80791,22879.4085,23503.70811,20222.23133,16824.5359,17176.43226,17866.7251,17853.12512,18647.12122,19442.4165,20239.51035,21037.90513,21908.01213,22573.50655,23221.81045,23872.97003,24544.1197,25219.07743,25893.08273,26574.70464,26780.85276,26780.85276
Non-Annex_I,Western_Africa,CMR,Cameroon,1.A.5,Non-Specified,CO2bio,bio,,,,,,,,,,,,,,,,,,,,,,,,,,,,,,,,,,,,,,,,,,,,,,0.32758362,0.32758362,0.32758362,0.32758362,0.32758362,0.32758362,0.32758362,0.32758362,0.288012712,0.291068319
Non-Annex_I,Western_Africa,CMR,Cameroon,1.A.1.a,Main Activity Electricity and Heat Production,CO2bio,bio,,,,,,,,,,,,,,,,,,,,,,,,,,,,,,,,,,,,,605.99994,71.50008,72.20011,66.90004,55.40016,57.30013,59.90013,62.89997,66.5002,32.79981,34.29994,35.51495,36.94265,38.20748,38.41305,39.81437,41.24542,41.55680436,41.55680436
Non-Annex_I,Western_Africa,CMR,Cameroon,1.A.2,Manufacturing Industries and Construction,CO2bio,bio,781.9901378,781.9901378,781.9901378,781.9901378,787.3898578,815.1897878,832.1898678,839.8898178,845.2899478,862.2900278,893.1898678,919.4900978,927.9901378,919.4900978,900.1897878,877.7899878,852.2898578,822.1901178,921.7899078,839.8898178,941.0897978,814.2518519,875.9301031,814.2518519,845.588236,845.588236,845.588236,829.6713115,829.6713115,829.6713115,829.6713115,829.6713115,860.0131774,860.0131774,890.8520882,890.8520882,698.8536157,572.5131435,587.9325939,706.3148198,767.993061,767.993061,737.1541492,755.5579977,744.6149308,786.8943848,762.5217376,730.8011033,739.6884563,764.9971588,769.136135,797.1958136,819.7550524,821.0085047,833.5577479
Non-Annex_I,Western_Africa,CMR,Cameroon,3.C.1,Emissions from biomass burning,CO2bio,bio,509.3219116,537.8801533,542.2845553,559.7520837,605.8640658,682.3197713,604.6709073,623.5463795,638.1779519,630.9102193,628.5666659,644.333798,711.6117841,637.424649,496.5667027,514.096912,584.5447138,483.2761877,521.262191,497.0278575,501.0685842,575.4426697,636.9684681,641.5389016,654.5244597,709.4497391,757.2725306,761.4242502,837.5751698,743.5356821,765.8873599,831.0516173,939.7285618,996.7327996,1062.340009,1069.109835,1172.833816,1237.6604,1294.72926,1500.888504,1674.503199,1638.958016,1737.89828,1741.42277,1834.251473,2058.905251,2071.383374,2072.73278,2190.508592,2211.234799,2057.659679,2121.837724,2227.833764,2232.677475,2251.429022
Non-Annex_I,Western_Africa,CMR,Cameroon,1.B.1,Solid Fuels,CO2bio,bio,440.0191992,440.0191992,448.369892,458.1197644,465.7206596,478.0714224,493.0217652,506.0228004,519.7234456,537.173678,550.5741332,567.224736,580.3254112,593.3264464,609.8769792,623.2778656,637.6785508,656.5288432,673.1292684,691.130654,710.2314392,730.2319644,747.383022,768.7836072,796.4352264,796.4352264,821.4360416,843.8872196,868.8880448,893.08877,913.1893652,933.8903404,960.1911656,989.6919608,1027.291931,1065.791651,1125.568939,598.2641508,610.567006,639.67443,639.67443,1335.578788,2029.783666,2722.189526,3414.795067,3896.987603,4015.293554,4130.610464,4246.434973,4365.817619,4485.877925,4605.768641,4727.013779,4757.250208,4757.250208
Non-Annex_I,Western_Africa,CMR,Cameroon,1.B.2,Oil and Natural Gas,CO2bio,bio,,,,,,,,,,,,,,,,,,,,,,,,,,,,,,,,,,,,,,,,,,,,,,10.09982,10.40001,10.69853,10.99872,11.30771,11.61879,11.92945,12.24346,12.33586674,12.33586674
Non-Annex_I,Western_Africa,COD,Congo_the Democratic Republic of the,1.B.1,Solid Fuels,CO2bio,bio,1023.296188,1023.296188,1051.847066,1081.898544,1110.200016,1144.051424,1176.852864,1211.954104,1249.255925,1285.607889,1327.80953,1367.561583,1411.213636,1458.365869,1508.417413,1557.520379,1609.522245,1664.524792,1718.7776,1778.579886,1836.632635,1896.585764,1961.887829,2022.191532,2089.34381,2158.297494,2230.150353,2301.753784,2373.806908,1562.607403,751.3073788,778.1146572,804.471918,834.0296192,863.5379828,839.8958288,922.6047876,956.163584,986.5225352,1021.081737,2584.691362,2670.651198,37460.51997,33576.02058,27739.77144,28710.67447,29715.12969,29757.43583,43581.51637,44614.54816,45755.25747,50330.78624,51891.49639,52265.5921,52265.5921
Non-Annex_I,Western_Africa,COD,Congo_the Democratic Republic of the,1.A.1.a,Main Activity Electricity and Heat Production,CO2bio,bio,,,,,,,,,,,,,,,,,,,,,,,,,,,,,,,,,,,,,,,,,,,261.39993,270.49994,278.40001,301.4002,311.99992,301.4496,413.0902,413.0902,413.0902,413.0902,413.0902,418.4900722,418.4900722
Non-Annex_I,Western_Africa,COD,Congo_the Democratic Republic of the,1.A.2,Manufacturing Industries and Construction,CO2bio,bio,5550.65751,5550.65751,5679.55778,5813.25779,5952.75778,6098.75778,6253.15775,6415.05754,6584.3575,6761.55753,6947.15753,7135.85745,7337.45773,7550.45741,7773.35762,8004.45767,8244.85745,8495.65765,8755.05755,9021.65748,9293.95774,9602.94569,9906.05837,10147.85769,10450.05757,10700.9569,10717.01458,11402.96408,11393.0208,11828.08556,12087.98724,11780.70019,12192.89986,12619.19984,13060.90012,13517.89981,13991.0999,14466.40009,14958.59988,15467.10014,15657.20011,16536.69984,11563.9998,11975.80005,12387.59988,12821.30002,14507.91689,2605.22904,3070.877067,3114.24115,3342.98403,3528.58712,3577.40338,3602.183786,3615.204091
Non-Annex_I,Western_Africa,COD,Congo_the Democratic Republic of the,1.A.4,Residential and other sectors,CO2bio,bio,17583.30397,17583.30397,18065.05284,18564.00146,19087.80032,19632.14892,20210.54744,20816.04586,21448.94437,22114.09199,22806.29067,23513.63832,24267.88651,25064.33429,25896.18277,26762.07981,27661.77737,28599.37508,29571.92241,30567.42023,31586.96732,32628.81458,33690.2122,34781.7085,35910.65631,37041.70273,38224.24948,39447.24606,40721.19302,42226.89264,43264.69268,44928.98542,46501.92798,48126.27016,49810.3621,51554.10372,53360.29511,55171.0368,57050.27774,58989.01851,59188.20869,62179.94878,53068.77991,60773.27919,69829.829,72287.02547,74807.67037,86486.6998,75540.7114,76649.14701,86662.59708,95328.83693,96861.83495,98431.27917,98431.27917
Non-Annex_I,Western_Africa,COD,Congo_the Democratic Republic of the,3.C.1,Emissions from biomass burning,CO2bio,bio,1227.727562,1250.393357,1284.731321,1315.575369,1351.33802,1384.358317,1410.644652,1439.059115,1435.202407,1481.315988,1544.541609,1591.261137,1644.760715,1691.719232,1751.005671,1791.680765,1865.359659,1931.576479,2026.32775,2111.748147,2237.422843,2275.928878,2391.567355,2460.641845,2512.445674,2204.846259,2222.37481,2151.151143,2266.582003,2230.872869,2195.489387,2153.868272,2126.26068,2144.70347,2168.350978,2182.130277,2210.207466,2226.281533,2248.742954,2269.488883,4037.101616,4168.410705,4127.996744,4436.921155,4813.123926,4875.598762,4980.475468,5196.061165,5292.636513,5359.294768,5478.824348,5575.007673,6085.478441,6292.122604,6784.223304
Non-Annex_I,Western_Africa,COG,Congo,1.B.1,Solid Fuels,CO2bio,bio,281.6705372,281.6705372,288.9204696,296.7712524,304.9218152,310.2224904,315.4728028,321.4231956,327.573678,334.3241708,341.6741632,349.025046,356.9750084,361.976374,371.2263364,378.2272728,389.8775856,398.5783608,407.979166,417.8798712,428.2809064,439.0813516,449.6820968,460.783162,527.3879348,566.2408532,588.4425636,593.9926572,666.2480416,732.852764,760.6050372,788.3568904,797.8593872,814.0615928,843.113446,873.5160328,887.1209344,943.3207744,975.22306,1016.67599,1060.17925,1079.53336,1126.784023,1151.286559,1180.038642,1209.490286,1237.092792,1268.591774,1286.555506,1304.796826,1323.315394,1342.631268,1362.249662,1364.999471,1364.999471
Non-Annex_I,Western_Africa,COG,Congo,1.A.2,Manufacturing Industries and Construction,CO2bio,bio,,,,,,,,,,,,,,,,,,,,,,,,,,,,,,,,,,,,,,,,,,,,,,125.59981,125.59981,125.60149,127.38046,129.18623,131.02004,132.93257,134.87441,136.8468944,136.8468944
Non-Annex_I,Western_Africa,COG,Congo,1.A.4,Residential and other sectors,CO2bio,bio,1027.629743,1027.629743,1050.87939,1075.328938,1100.277955,1129.87761,1149.627097,1170.476834,1191.926582,1214.376079,1238.025577,1261.574954,1286.125022,1315.223886,1342.473614,1375.372867,1407.022454,1442.921569,1480.320814,1518.619799,1557.719304,1597.618488,1637.217893,1675.117048,1656.511845,1617.658927,1688.257636,1704.207593,1724.951918,1658.347196,1231.895173,1337.74286,1470.840673,1606.938337,1740.286174,1883.184037,3050.079216,2195.678936,2374.37687,2557.62406,2753.92103,4554.56637,4780.416527,4900.013541,5017.961498,5003.309764,5170.906768,5344.966216,5420.658694,5497.511794,5575.545436,5656.927962,5739.579278,5842.951051,5842.951051
Non-Annex_I,Western_Africa,COG,Congo,3.C.1,Emissions from biomass burning,CO2bio,bio,93.1367415,90.75526469,80.08580775,83.49838305,87.56546378,83.76362669,76.27286419,80.5091796,71.07675166,71.04500094,65.90701482,68.95596567,75.1633919,71.65066456,78.75051468,86.59200367,82.69859433,81.86338613,86.94386363,90.68278457,80.09413132,74.93193788,76.38747101,80.43114669,82.36282853,87.90072777,90.67181958,88.4034319,87.39244704,84.07662173,87.21686431,92.67426707,95.3840673,103.5647119,107.1638213,110.9186882,109.5321256,110.7473249,114.3197079,121.969162,122.7419241,124.3678415,131.1810726,134.0772471,144.6156474,144.7417569,144.8753218,147.1113753,148.264374,148.175774,149.0555472,150.7027849,150.2371692,151.405859,152.0349326
Non-Annex_I,Oceania,COK,Cook Islands,1.A.1.a,Main Activity Electricity and Heat Production,CO2bio,bio,,,,,,,,,,,,,,,,,,,,,,,,,,,,,,,,,,,,,,,,,,,0.014532746,0.046585389,0.016013844,0.013322338,0.014349034,0.002450178,0.005458165,0.006780836,0.005006752,0.005610377,0.006650612,0.007145038,0.007671597
Non-Annex_I,Oceania,COK,Cook Islands,1.A.4,Residential and other sectors,CO2bio,bio,,,,,,,,,,,,,,,,,,,,,,,,,,,,,,,,,,,,,,,,,,,,,,,,,,0.013668821,0.003341879,0.00305005,0.006501496,0.016253739,0.016253739
Non-Annex_I,Oceania,COK,Cook Islands,1.A.5,Non-Specified,CO2bio,bio,,,,,,,,,,,,,,,,,,,,,,,,,,,,,,,,,,,,,,,,,,,,,,,,,,5.05755E-05,1.259E-05,2.02692E-06,4.32609E-06,1.08152E-05,1.08152E-05
Non-Annex_I,Oceania,COK,Cook Islands,3.C.1,Emissions from biomass burning,CO2bio,bio,1.546577937,2.181562479,1.428798261,2.111816264,2.138292633,2.154282614,2.188852746,2.227022425,2.282067958,2.341037708,2.41483031,2.389778881,2.292458512,2.193526048,2.088056738,1.996858714,1.900508992,1.809438635,1.715720857,1.473892467,1.228896224,1.146073893,0.963957561,0.442393573,0.505543637,0.455662062,0.438340405,0.42975298,0.400491427,0.371367543,0.345210085,0.31937314,0.296810385,0.272527884,0.254957257,0.244175695,0.212618614,0.195982914,0.178357885,0.161105487,0.143313677,0.127417286,0.11172039,0.09705987,0.082374631,0.068289896,0.053651158,0.040864586,0.030537836,0.010368567,0.007584861,0.002651478,0.00265567,0.002652566,0.002655291
Non-Annex_I,Rest South America,COL,Colombia,1.A.2,Manufacturing Industries and Construction,CO2bio,bio,16760.04176,16760.04176,16274.34156,14976.44151,15056.2415,16251.59019,16233.29051,16168.99048,16426.49041,16647.39015,16885.79074,16661.09062,16790.89021,17450.29028,17372.5904,17886.38989,17616.58998,17953.49048,17382.8895,17337.28981,17897.88977,24736.85011,26335.72499,31059.29631,35155.20479,37424.85962,38954.27684,23166.53877,23224.33976,23653.91968,25314.67336,24217.44125,27840.76989,29100.95083,16174.32542,16968.02733,17230.87624,19621.78813,15686.32653,15995.19209,13300.45574,13353.98155,11980.3009,35821.73887,22354.65402,23355.55738,22402.54631,20040.89982,6262.693099,6656.858116,4779.533824,5112.594286,5464.981336,4706.874266,4706.874266
Non-Annex_I,Rest South America,COL,Colombia,1.A.1.a,Main Activity Electricity and Heat Production,CO2bio,bio,,,,,,219.69982,228.60012,220.00001,230.19989,238.49981,250.99992,244.49991,267.40003,264.40019,298.60006,292.90015,305.10007,298.10016,320.99986,321.09993,304.40004,294.20016,398.19985,435.60011,494.60008,533.50006,555.19982,541.90004,596.09984,517.40014,565.79997,565.79997,559.89993,562.90019,534.30016,570.50007,600.30003,601.7001,607.09982,622.60019,2535.09986,2097.6002,2054.10018,1125.30005,1435.4,1460.59993,1556.265596,1521.312474,1553.626424,1845.126282,2218.146102,2316.779267,2416.886264,2944.524978,2944.542032
Non-Annex_I,Rest South America,COL,Colombia,1.A.3.b_noRES,Road Transportation no resuspension,CO2bio,bio,,,,,,,,,,,,,,,,,,,,,,,,,,,,,,,,,,,,41.74381452,373.7957437,409.8470046,594.32352,765.9710471,1123.766033,1445.537625,1530.129451,1916.725729,1988.545461,2012.787431,1996.418223,1924.790578,2264.75794,2326.028494,2020.377998,2289.719047,2402.393615,2790.147077,2851.477201
Non-Annex_I,Rest South America,COL,Colombia,1.A.4,Residential and other sectors,CO2bio,bio,15818.40245,15818.40245,13716.30004,13333.14852,12897.04669,15503.77079,15578.22156,15825.82076,16235.96945,16395.16856,16500.3177,16518.21753,16968.91673,16292.21621,16897.31492,17050.66519,17548.56429,17605.56319,18803.36253,19131.96167,18666.06062,17737.31126,16850.21286,16156.71419,16918.16307,17280.76238,16994.21223,10256.06267,10281.42066,11128.82061,10801.45168,9695.672562,10260.27716,11241.97571,9687.471697,9876.059291,10117.01689,10287.81922,10327.00618,10408.62808,10263.5074,9573.582401,9866.958688,14467.29983,14054.6999,13618.29969,13171.59995,10707.88042,10786.37162,10848.72982,10486.02816,10471.04319,10467.28596,10909.66416,10909.66416
Non-Annex_I,Rest South America,COL,Colombia,1.B.1,Solid Fuels,CO2bio,bio,41.6975288,41.6975288,33.0996556,40.7513336,35.7536792,256.330634,263.479296,271.430744,283.0312992,290.2822468,282.4335548,291.5335648,297.53427,306.6850528,313.3857992,318.6864744,311.7872296,318.1881948,324.48867,329.6896952,350.640148,343.7409032,2944.941728,3001.342294,3045.692717,2774.093983,2239.943785,2458.793613,2157.492337,1509.492097,0,216.7271576,180.472798,181.4238112,64.2846084,0,80.840074,0,0,0,0,0,769.5968792,205.5660996,154.9119108,201.2081936,47.9037772,102.8059172,113.22354,59.9023544,2.18584,30.4195932,30.680402,23.48125254,23.48125254
Non-Annex_I,Rest South America,COL,Colombia,1.A.1.bc,Petroleum Refining - Manufacture of Solid Fuels and Other Energy Industries,CO2bio,bio,,,,,,,,,,,,,,,,,,,,,,,,,,,,,,,,,,,,,,,,,62.0927216,51.7440896,,,,,,,,,1.36992,,,,
Non-Annex_I,Rest South America,COL,Colombia,1.A.5,Non-Specified,CO2bio,bio,,,,,,,,,,,,,,,,,,,,,,,,,67.50001,67.50001,69.70017,84.1999,106.39999,64.50017,74.20014,74.20014,71.99998,71.70021,68.30011,65.7001,65.7001,67.39994,67.39994,89.60003,67.0001,56.89987,61.99981,64.79994,67.89985,69.89988,71.40001,72.36507,74.22401,,2419.63839,,,,
Non-Annex_I,Rest South America,COL,Colombia,3.C.1,Emissions from biomass burning,CO2bio,bio,2880.070413,3104.4685,3370.73912,3509.498432,3870.931511,4458.312942,4528.01501,4368.773451,5030.908054,5280.525585,5437.775368,5049.992904,5183.296966,5191.385495,4989.533978,5235.853105,5162.836931,5324.98566,5474.363811,5829.557524,6180.145916,5974.099283,5990.479394,6183.354951,6335.030622,6348.515844,6694.982116,6845.08772,6415.07782,6519.92314,6617.343846,6560.396153,7150.725644,7683.809802,7907.783499,7639.194253,7111.607019,6932.022137,6599.643752,7233.082393,6394.632908,6842.815701,6666.555771,6931.416198,7301.393137,7010.733717,6973.277176,5241.957709,6676.171263,6755.434492,7289.946093,7041.712626,7172.759525,6878.92855,6886.682496
Non-Annex_I,Rest South America,COL,Colombia,1.B.2,Oil and Natural Gas,CO2bio,bio,,,,,,,,,,,,,,,,,,,,,,,,,,,,,,,,,,,,41.74381452,368.1034804,409.8470046,650.9351504,822.3277409,1311.130927,1649.696803,1788.323118,1914.120445,1991.151043,2038.841746,1983.391214,1816.677994,2269.906559,1955.459637,1844.68486,2224.133729,2266.024573,2312.368342,2585.589243
Non-Annex_I,Eastern_Africa,COM,Comoros,1.A.1.a,Main Activity Electricity and Heat Production,CO2bio,bio,,,,,,,,,,,,,,,,,,,,,0.175951471,0.214402505,0.75925048,0.993684606,1.030759696,1.068200432,1.154473939,1.201694875,1.262447641,1.699991007,1.751556393,1.759503533,1.743475834,1.783368221,1.835323228,1.715736534,1.75404318,1.668381369,1.795829566,1.857602848,1.886004867,0.586114904,0.557004532,0.605306988,0.676322693,0.631087944,0.648098438,0.655686862,0.649673708,0.654496933,0.663412188,0.67396858,0.761624098,0.774242682,0.774475217
Non-Annex_I,Eastern_Africa,COM,Comoros,1.A.3.b_noRES,Road Transportation no resuspension,CO2bio,bio,,,,,,,,,,,,,,,,,,,,,,,,,,,,,,,,,,,,,,,,,,,0.167747757,0.180761875,0.152417785,0.245988002,0.219876771,0.212906236,0.223910771,0.198401044,0.189425733,0.267291858,0.288779535,0.253895405,0.256589672
Non-Annex_I,Eastern_Africa,COM,Comoros,1.B.1,Solid Fuels,CO2bio,bio,0,0,0,0,0,0,0,0.017230664,0.067914336,0.071523294,0.147518683,0.251203165,0.332643558,0.450227491,0.512999631,0.580324886,0.641625622,0.795165516,1.027153036,1.187781171,0,0,0,0,0,0,0,0,0,0,0,0,0,0,0,0,0,0,0,0,0,0,0,0,0,0,0,0,0,0,0,0,0,0,0
Non-Annex_I,Eastern_Africa,COM,Comoros,1.A.2,Manufacturing Industries and Construction,CO2bio,bio,1.721231919,1.714701673,1.90804825,2.08140236,1.980423759,2.281753739,2.8257784,2.99121355,3.348754453,3.441030396,3.58142288,4.025100578,4.222164739,4.16477495,4.092494847,4.043581499,4.704891916,5.001959395,5.322896483,5.171904888,2.866716188,3.123568002,2.618375668,2.113182123,2.67115822,2.810576421,2.720384127,2.483676522,2.411608808,1.950853525,2.048157996,1.995353052,2.438460987,2.558942474,2.581398919,2.723002267,2.507115511,2.872401529,3.070228119,2.867867873,2.807622646,3.03389899,3.291559302,3.260167714,3.294520969,3.343443946,3.226058021,3.222192532,3.260232052,3.303613094,3.319286348,3.312618639,3.422531292,3.495144893,3.495144893
Non-Annex_I,Eastern_Africa,COM,Comoros,1.A.5,Non-Specified,CO2bio,bio,,,,,,,,,,,,,,,,,,,,,27.66613605,29.17671578,33.53137643,34.13918683,35.53027396,38.2346921,37.52916925,42.58224873,43.78025354,49.61862035,50.33741759,46.38514809,47.95991186,49.88542448,51.54184798,53.26963025,52.82054039,54.20832954,55.85717422,57.75419502,59.60995663,60.81351617,63.50727345,65.41529189,67.6623856,67.7431975,69.55954196,70.8661219,72.36715606,77.36991556,79.08782214,75.6685202,76.4003046,78.12718145,78.12718145
Non-Annex_I,Eastern_Africa,COM,Comoros,1.A.4,Residential and other sectors,CO2bio,bio,87.2925774,86.91646276,90.80522639,93.56729549,93.65757819,105.2799078,120.7621474,125.9151966,132.1752251,137.0129079,141.1747704,147.0269683,152.3425043,156.8064888,161.5541194,168.7675842,175.6365216,184.1815065,190.3372703,201.7213641,229.7759996,239.5717006,239.9387406,248.9483096,255.7755682,277.3013406,291.3380773,297.7159673,306.9438747,327.7019274,337.4868025,337.657254,347.0871875,357.4045129,368.8423067,388.4122472,395.7078843,407.5173809,415.7337984,429.7851632,443.0961043,449.042748,452.4866532,461.6443072,472.398506,478.0516861,486.9045621,491.7592402,498.8436511,508.44238,513.4881627,508.9689398,527.8370788,539.1796318,539.1796318
Non-Annex_I,Eastern_Africa,COM,Comoros,3.C.1,Emissions from biomass burning,CO2bio,bio,16.58773779,16.14548713,16.42670022,16.930701,17.7364808,18.30948368,18.25432882,19.91113803,20.20392845,21.47375587,21.86014345,22.02750207,22.87102923,22.72598925,22.47194289,22.4214201,23.23588011,23.82120958,24.02019059,24.91200174,25.31638234,15.42544553,15.52885254,15.54625797,15.22990085,15.48799148,15.85510687,16.11384147,16.43060952,16.70980318,16.98417701,17.26317064,17.52795751,17.80106797,18.32052141,19.66844339,30.95700188,30.61681202,30.66259087,30.2237914,29.34219202,28.82336862,28.2212948,27.62017711,27.11142789,26.37510695,25.61266945,24.85423584,24.12439769,23.37542034,22.57411521,21.81889633,21.39843485,22.01320609,21.59142114
Non-Annex_I,Western_Africa,CPV,Cape Verde,1.A.4,Residential and other sectors,CO2bio,bio,112.966278,116.862327,121.7428542,122.0193534,123.5065727,128.3313726,131.556814,133.1788892,132.1138796,130.6356347,121.2223983,122.2125442,124.8167609,124.4823933,127.2994572,129.9741691,133.5475198,137.1732273,140.100173,145.2324048,163.7145393,170.453242,171.0770536,177.5024492,182.6404264,195.1928983,203.1655221,210.3036145,218.8981624,234.9923989,243.1858379,290.5432489,291.524868,253.0773697,253.9876658,258.7523248,257.1034467,258.666039,256.1220676,256.6275593,258.223637,253.2136236,247.2324739,244.6745746,242.1844085,238.9424235,237.2377536,233.8847587,231.3435982,228.8896289,225.8754351,271.3958259,280.8893832,284.3663988,284.3663988
Non-Annex_I,Western_Africa,CPV,Cape Verde,1.A.2,Manufacturing Industries and Construction,CO2bio,bio,2.253041478,2.330829022,2.585752376,2.744161152,2.639840791,2.811651335,3.113706065,3.200298583,3.38553087,3.320220871,3.114379276,3.386800748,3.499529129,3.343008258,3.257990655,3.144751674,3.611318301,3.759610622,3.951491128,3.753449961,2.078314057,2.261964201,1.898217368,1.532306965,1.940613929,2.011058287,1.930009535,1.786211091,1.749319026,1.421150248,1.49910209,1.793705803,2.130210383,2.172296971,2.129319256,2.182419343,1.95560372,2.18044895,2.268019771,2.061539805,1.963867175,2.069022557,2.188458539,2.113163187,2.081725563,2.059432236,1.945834753,1.903050871,1.885376783,1.868104982,1.834633692,2.198558273,2.252047938,2.280041659,2.280041659
Non-Annex_I,Western_Africa,CPV,Cape Verde,1.A.1.a,Main Activity Electricity and Heat Production,CO2bio,bio,,,,,,,,,,,,,,,,,,,,,0.12756143,0.1552618,0.550426154,0.720538863,0.748853665,0.764331941,0.819055547,0.864235215,0.915747061,1.238402888,1.282011376,1.581690867,1.523079657,1.513908744,1.513903589,1.375120632,1.368191195,1.266473495,1.435409,1.476761551,1.472393773,0.399711712,0.37033552,0.392345595,0.427351428,0.38872578,0.453516622,0.444671921,0.424319319,0.417359915,0.397644202,0.47112229,0.524284213,0.525534219,0.525902983
Non-Annex_I,Western_Africa,CPV,Cape Verde,1.A.3.b_noRES,Road Transportation no resuspension,CO2bio,bio,,,,,,,,,,,,,,,,,,,,,,,,,,,,,,,,,,,,,,,,,,,0.871594952,0.763836014,0.771072797,1.146208086,0.918307533,0.729570875,0.866291513,0.740716274,0.444661892,0.437037541,0.457960782,0.402639814,0.406912516
Non-Annex_I,Western_Africa,CPV,Cape Verde,1.B.1,Solid Fuels,CO2bio,bio,0.396643852,0.404297851,0.429423006,0.552390414,0.648137137,0.616891709,0.692789563,0.76319718,0.801879103,0.824044769,0.909119031,0.976865843,1.021156925,1.083677094,1.103652341,1.136157565,1.165758311,1.262553684,1.388913945,1.474664855,0,0,0,0,0,0,0,0,0,0,0,0,0,49.87501251,49.89740568,50.11882374,51.46432573,51.17422093,52.12765715,53.34162826,52.28270081,53.53833635,57.1752852,60.94355846,61.69332343,62.30704323,61.00247079,62.86864023,64.14481307,64.45626667,65.22475942,81.40058406,82.28085604,83.34231958,83.34231958
Non-Annex_I,Western_Africa,CPV,Cape Verde,1.A.5,Non-Specified,CO2bio,bio,,,,,,,,,,,,,,,,,,,,,17.7968554,18.77218344,21.64312204,22.11137124,23.12951764,24.57690441,24.02848175,27.76562299,28.93039166,33.05989283,33.81703278,31.28094605,32.46703286,1.422958249,1.425612409,1.42873495,1.416689994,1.392439234,1.397174118,1.404475654,1.400556271,1.402448748,1.413191331,1.416625289,1.427528081,1.395369885,1.393313699,1.386320092,1.401911093,1.477485737,1.435643936,1.346290776,1.323508274,1.329250175,1.329250175
Non-Annex_I,Western_Africa,CPV,Cape Verde,3.C.1,Emissions from biomass burning,CO2bio,bio,3.046470945,2.757127876,2.326468817,2.178413972,4.127946258,5.396463322,7.325891003,3.253018218,4.828158242,11.46340435,18.55629931,5.670152737,9.682763864,7.542562597,11.29253643,6.681078974,19.57020387,38.42295668,33.60699916,33.26089822,31.10087459,28.8959924,27.48729584,26.49759637,25.05730652,23.67297173,24.46523295,22.47921363,20.8650932,29.03983252,31.39160208,27.42454112,23.10946365,24.84323831,22.37077488,17.68711988,21.98667974,20.63790085,22.93069847,21.72641783,20.03102514,20.9522154,23.29884211,22.58094197,22.37968906,25.44619345,24.63360359,22.37001607,19.17084132,20.04025862,20.14749496,20.25643763,18.36001814,18.66515086,16.37516837
Non-Annex_I,Rest Central America,CRI,Costa Rica,1.A.1.a,Main Activity Electricity and Heat Production,CO2bio,bio,15.10011,15.10011,9.59991,10.00017,10.50008,10.89992,11.70001,14.69985,12.09985,12.60017,14.60021,14.69985,14.69985,14.69985,14.69985,14.60021,14.60021,14.60021,14.60021,,,14.69985,24.20012,24.20012,24.20012,24.20012,16.19999,17.19979,6.29988,6.0001,24.9998,23.00019,76.70008,69.19985,29.82198086,52.54725092,54.30616908,58.05820644,52.63760362,91.54557626,104.3549328,99.25458276,126.6546728,129.3547428,127.9546728,126.5546128,227.1013197,228.178205,224.8155811,224.3499187,223.946906,224.767516,75.42981,67.43260894,67.43260894
Non-Annex_I,Rest Central America,CRI,Costa Rica,1.B.1,Solid Fuels,CO2bio,bio,7.8016304,7.8016304,8.3015304,8.9015004,9.5014704,10.1014404,10.7014104,11.3013804,12.0014104,12.7014404,13.4014704,14.1015104,14.9016104,15.7017004,16.5013804,17.3014804,18.1015804,19.0013204,19.9014804,20.8016404,21.7013904,22.6015504,23.6013604,23.6013604,23.6013604,21.7521632,22.5522632,23.3519432,24.1520432,24.9521332,25.7522332,24.5021256,26.7022856,27.6024456,14.9519632,12.5504728,14.4504428,12.7008452,13.6005852,11.1508228,13.2505028,9.4505628,10.7505628,11.8504328,11.9007452,15.8007452,3.667774,3.8652084,3.9868132,3.904642,3.8475956,3.8121192,9.9557044,10.5054438,10.5054438
Non-Annex_I,Rest Central America,CRI,Costa Rica,1.A.4,Residential and other sectors,CO2bio,bio,441.9984396,441.9984396,452.7982896,463.8983296,474.9983696,486.6983896,499.0984296,511.9983796,525.2985896,539.0982796,553.5984296,568.4984096,583.5985196,599.3986696,615.3985296,631.8982896,648.3984596,665.2984796,682.4986896,700.0983296,718.1982796,736.8986196,756.0984496,756.0984496,756.0984496,792.0478768,792.0478768,325.7480468,210.3476968,204.5477268,238.9477268,344.2976044,446.2976744,516.6978844,1023.497884,1258.649097,1507.049427,1252.299335,1149.898995,953.8492172,1011.149347,880.6130709,789.4132709,761.7134009,654.4630085,630.3629485,354.3860057,317.2949113,297.7448865,299.5218677,305.9662841,300.8000905,307.067866,310.5964831,310.5964831
Non-Annex_I,Rest Central America,CRI,Costa Rica,1.B.2,Oil and Natural Gas,CO2bio,bio,,,,,,,,,,,,,,,,,,,,,,,,,,,,,,,,,,,,,,,,,,,,,,,42.58239804,43.8973452,37.68515496,47.50810272,46.71901548,44.94669324,45.41955228,45.89739212,46.38026521
Non-Annex_I,Rest Central America,CRI,Costa Rica,1.A.2,Manufacturing Industries and Construction,CO2bio,bio,2780.03607,2780.03607,2839.23617,2847.13582,2827.43608,2849.23592,2863.93577,2899.23594,2945.63573,2972.93576,2938.03585,2951.93602,2938.63582,2976.23579,3105.8361,3054.63614,3043.13584,3043.33596,3076.6361,3042.53587,3105.43625,3320.76387,1975.27745,2061.89756,2041.26562,2151.89204,2201.73611,2019.93364,2035.25578,2066.70645,3028.91837,1941.78393,1885.2528,1983.16539,4438.1481,4673.662948,4914.543801,5739.886863,5077.406193,5722.524206,5761.800963,4737.217973,4943.28797,5819.169497,6061.549211,5890.40588,5398.146215,5355.420229,5027.486891,4875.266626,4734.758492,4602.065227,4561.514704,4509.21614,4411.848706
Non-Annex_I,Rest Central America,CRI,Costa Rica,3.C.1,Emissions from biomass burning,CO2bio,bio,410.4954569,398.9425179,431.6531504,461.5046896,450.9399689,498.1204746,489.1726605,521.5959739,536.4724721,546.9102726,522.9877219,537.2932287,507.7102882,550.9840417,609.3956504,616.1405035,579.1778522,540.4426191,547.0174509,474.4540058,531.0340791,554.3789435,579.2348143,581.9177833,597.0714522,655.6286792,627.4350351,710.9215157,701.7763127,695.9215122,704.2588703,714.9712965,671.1201172,764.2577758,740.8920171,706.202677,794.461435,786.2347622,738.7543415,748.219078,703.4566384,659.7194299,711.6672567,780.3328927,778.8765048,750.3290989,741.1378906,703.5460289,687.571291,678.1288529,702.3801033,671.545879,645.2311712,557.3378256,537.7629498
Non-Annex_I,Rest Central America,CUB,Cuba,1.A.5,Non-Specified,CO2bio,bio,147.1434733,147.1434733,151.0663174,156.0433533,153.0034794,166.3346984,160.9435833,167.8348284,164.4207936,159.9119242,161.9805923,142.3118742,150.3034094,154.3802923,155.4347884,124.0629181,129.3404413,121.9174442,126.6943571,111.3173042,130.7405113,182.108452,309.308452,333.9770429,422.9545661,437.7405513,642.0744678,532.7571649,425.0616632,495.3354234,438.6096439,387.6265098,483.5799037,424.1082172,424.0987989,404.4905096,594.5830374,233.2292986,211.7847152,389.4034888,186.7404992,344.734078,363.5106416,182.5426376,152.528062,221.7900743,186.8872576,231.8605568,177.4546461,254.1067083,238.0881934,208.2497202,174.5401262,179.5902683,180.156312
Non-Annex_I,Rest Central America,CUB,Cuba,1.A.3.e,Other Transportation,CO2bio,bio,,,,,,,,,,,,,,,,,,,,,,,,,,,,,,,,,,,,,,,,,,,,,,,,,,0.5078416,0.4740848,0.3723216,0.2368016,0.252117415,0.252117415
Non-Annex_I,Rest Central America,CUB,Cuba,1.A.1.a,Main Activity Electricity and Heat Production,CO2bio,bio,1960.79986,1960.79986,1547.9998,1725.60009,1766.40003,1814.40002,1855.19997,2006.39997,2294.39989,2299.20006,2289.60015,2340.00001,2510.39984,2603.99994,2699.99991,2714.39999,2843.99987,2891.99986,3160.79996,3072.00002,3477.60004,3033.59995,3208.79995,2128.79981,2152.79981,1456.4998,1891.49994,1794.0999,1349.1,2074.60001,1981.09998,2069.09981,2105.90011,2147.30003,1721.29982,1581.00016,1222.10012,1010.60015,938.00021,927.50013,803.1999,980.39993,1058.89992,1011.39983,1246.80015,1305.10009,939.00001,1285.11858,1519.2683,1350.51263,1443.34236,1084.93553,798.08321,798.08321,798.08321
Non-Annex_I,Rest Central America,CUB,Cuba,1.A.2,Manufacturing Industries and Construction,CO2bio,bio,63861.09096,63861.09096,62524.8909,62784.591,63107.46841,63481.29084,63419.26821,64007.76817,65523.79108,65674.06809,64396.59105,65733.59121,65550.91423,65121.8137,65670.69123,64758.59099,64909.19102,64941.0911,66613.3683,70096.21401,72114.03676,76158.66381,73249.7508,44511.4338,41963.60498,33838.51066,40275.73973,38505.73455,33662.85559,32993.80408,34992.10984,36687.46389,25169.03364,20107.04845,20114.07128,10387.4867,8566.137988,9341.044185,10442.16663,10520.91829,8446.442894,10598.19629,11096.18585,10083.67367,13120.49211,14108.24885,9453.96724,15107.06689,19977.18466,15475.79555,11498.28098,10277.35182,7636.867992,7637.200851,5660.151773
Non-Annex_I,Rest Central America,CUB,Cuba,1.B.2,Oil and Natural Gas,CO2bio,bio,2434.492278,2434.492278,2570.266566,2579.589543,2598.592505,2475.050284,2518.619593,2830.148763,2854.134111,2976.464945,3092.539093,2887.24658,3168.706732,3165.566788,3254.348122,3432.143373,3605.814271,3743.202273,3781.711008,3794.554501,3902.681022,3684.088308,3310.880969,2441.841321,2518.260094,2349.428021,2465.654654,2533.382535,2101.389588,2050.136144,2401.587932,2348.50406,2299.081341,2288.098484,2317.38591,1700.514791,1180.658676,871.307896,798.0887378,765.1401666,794.4278893,759.6485858,750.4961566,698.4201299,675.3173252,675.3173252,655.7686594,646.2110134,733.8815064,635.0096887,625.7544012,541.3697857,528.2188698,528.2188698,487.0863425
Non-Annex_I,Rest Central America,CUB,Cuba,1.A.4,Residential and other sectors,CO2bio,bio,2722.427834,2722.427834,2878.081981,2916.348389,3026.191541,2934.122319,2953.260073,3252.185053,3164.098409,3277.34187,3547.904265,3173.262206,3376.1355,3531.805843,3594.769621,3757.341558,3873.470026,3881.754304,3997.916331,4016.804259,4158.874836,4276.047522,3705.853827,3073.424317,2882.615165,2984.787636,2964.51137,3069.540883,3044.380609,3009.075921,2983.035552,2853.662841,2662.647944,2620.486335,2567.532631,2425.847271,1464.758615,1080.432021,1036.695448,1013.672927,893.8238998,962.9069957,914.6333524,971.9943162,962.667535,859.740905,872.4341632,832.3512398,849.952937,817.3622871,814.835723,725.7613488,651.8244477,698.9319924,718.147066
Non-Annex_I,Rest Central America,CUB,Cuba,1.B.1,Solid Fuels,CO2bio,bio,263.2320932,263.2320932,311.8853692,311.8853692,324.0239084,352.4135324,311.8853692,328.0368644,328.0368644,307.8728232,267.3451192,279.483178,267.3451192,271.357196,287.6087612,287.6087612,295.6346944,275.470222,275.470222,271.357196,287.6087612,295.6346944,275.470222,243.0676208,194.4143448,206.552884,237.8180812,233.6038156,258.5895788,241.9326968,258.5895788,246.1469624,225.2749344,262.8038444,254.4758436,279.4616068,267.01853,258.5895788,241.9326968,304.5479216,283.6758724,221.0606688,141.788142,233.6038156,258.5895788,216.9460432,267.01853,222.4131176,197.3171512,299.4795012,293.5179448,234.8611424,156.4350256,124.694542,124.694542
Non-Annex_I,Rest Central America,CUB,Cuba,3.C.1,Emissions from biomass burning,CO2bio,bio,12753.42091,8498.010547,7308.435269,7863.18934,8270.049011,8175.452418,8330.629738,9357.992539,10755.3755,11891.4228,9896.322557,10295.04565,11280.68763,10769.20915,11937.06901,10429.11969,10610.61572,10927.67929,11376.44391,12488.81986,12580.40231,12249.99132,10266.8679,6785.205503,6822.695514,5364.371687,6634.243295,6290.890918,5313.620526,5508.445684,5903.449441,5271.080535,5684.599413,3837.747538,4030.38543,2138.480611,2036.168325,2185.424361,2753.432036,2739.786242,2191.96436,2273.333,2711.590102,2955.908396,3148.059548,3289.843579,3163.643988,3392.44877,2344.873617,2946.033989,2376.234928,1810.209855,1625.027798,1463.132331,1333.741649
Non-Annex_I,Rest Central America,CYM,Cayman Islands,1.A.1.a,Main Activity Electricity and Heat Production,CO2bio,bio,,,,,,,,,,,,,,,,,,,,,,,,,,,,,,,,,,,,,,,,,,,,,,,,,,0.005562294,0.024775504,0.025017028,0.026317178,0.026317178,0.026317178
Non-Annex_I,Rest Central America,CYM,Cayman Islands,1.B.1,Solid Fuels,CO2bio,bio,,,,,,,,,,,,,,,,,,,,,,,,,,,,,,,,,,,,,,,,,0,0,0,0,0,0,0,0,0,,0,0,0,0,0
Non-Annex_I,Rest Central America,CYM,Cayman Islands,1.A.5,Non-Specified,CO2bio,bio,,,,,,,,,,,,,,,,,,,,,,,,,,,,,,,,,,,,,,,,,0.02190512,0.020158364,0.00874645,0.007283399,0.007099768,0.011429613,0.006935612,0.007907194,0.008125952,0.00055979,0.006491373,0.006806029,0.00589688,0.021382707,0.021382707
Non-Annex_I,Rest Central America,CYM,Cayman Islands,1.A.2,Manufacturing Industries and Construction,CO2bio,bio,,,,,,,,,,,,,,,,,,,,,,,,,,,,,,,,,,,,,,,,,,,,,,,,,,0.004413523,0.017628739,0.017853946,0.018781733,0.018781733,0.018781733
Non-Annex_I,Rest Central America,CYM,Cayman Islands,1.A.3.b_noRES,Road Transportation no resuspension,CO2bio,bio,,,,,,,,,,,,,,,,,,,,,,,,,,,,,,,,,,,,,,,,,,,,0.056152211,,,0.065677179,0.006731646,0.019600252,0.024769949,0.018274286,0.01676276,0.019174251,0.018068826,0.020235096
Non-Annex_I,Rest Central America,CYM,Cayman Islands,1.A.4,Residential and other sectors,CO2bio,bio,,,,,,,,,,,,,,,,,,,,,,,,,,,,,,,,,,,,,,,,,0.041072099,0.201583638,0.096210953,0.072833993,0.085197222,0.068577677,0.083227344,0.078572308,0.075469338,0.002936121,0.04291268,0.045507761,0.035502467,0.15542811,0.15542811
Non-Annex_I,Rest Central America,CYM,Cayman Islands,3.C.1,Emissions from biomass burning,CO2bio,bio,0.002892414,0.002892414,0.002596928,0.002904679,0.002904679,0.002904679,0.002910812,0.003236961,0.002596928,0.002560132,0.002596928,0.002252381,0.002246248,0.002276912,0.001926232,0.001618481,0.001624613,0.001286199,0.001913966,0.001298464,0.002775892,0.007397175,0.004800247,0.004781849,0.004135683,0.002880148,0.002233983,0.001575552,0.002547866,0.003169501,0.002849485,0.003175634,0.003175634,0.003464987,0.002849485,0.003163368,0.003157236,0.002849485,0.00347112,0.003483385,0.003785003,0.003797269,0.004111152,0.005065069,0.004117285,0.003797269,0.003791136,0.003489518,0.003483385,0.003527019,0.003569537,0.003631552,0.003599636,0.003568335,0.003585325
Annex_I,Central Europe,CYP,Cyprus,1.A.3.d,Water-borne Navigation,CO2bio,bio,,,,,,,,,,,,,,,,,,,,,,,,,,,,,,,,,,,,,,,,,,,,,,,,,,,0.0889248,0.19652664,0.32754912,0.301209243,0.292610408
Annex_I,Central Europe,CYP,Cyprus,1.A.1.a,Main Activity Electricity and Heat Production,CO2bio,bio,,,,,,,,,,,,,,,,,,,,,,,,,,,,,,,,,,,,,,0.49148736,4.25880546,7.86244368,9.22741092,14.85117816,15.45171264,15.77952558,15.9432,16.87131264,17.03521638,17.65060752,18.95270832,18.83452116,18.42304464,18.32726532,17.39023104,16.07666785,14.28822343
Annex_I,Central Europe,CYP,Cyprus,1.A.2,Manufacturing Industries and Construction,CO2bio,bio,,,,,,,,,,,,,,,,,,,,,,,,,,,,,,,4.10013,6.99991,8.99995,21.0998,12.69982,3.79994,6.10017,13.30021,28.10013,31.21901098,36.33811264,34.25834644,15.52197086,21.5130892,39.95825644,51.6672481,57.6129392,94.65524518,135.6417062,121.6489279,171.3794327,186.9607805,167.4442248,157.6624879,156.5083207
Annex_I,Central Europe,CYP,Cyprus,1.A.3.b_noRES,Road Transportation no resuspension,CO2bio,bio,,,,,,,,,,,,,,,,,,,,,,,,,,,,,,,,,,,,,,2.61951504,41.9136708,44.53317876,44.53317876,47.1526938,47.1526938,44.53317876,28.81551504,28.81551504,26.19600708,25.40217624,26.53125924,31.83342168,73.2407946,72.03909204,68.65983636,62.93318013,53.91681146
Annex_I,Central Europe,CYP,Cyprus,3.C.1,Emissions from biomass burning,CO2bio,bio,62.62505187,102.828454,87.04791296,34.55810878,103.5706581,39.15904163,42.54155071,37.58860535,36.84196456,31.98379511,37.04823796,33.95771886,35.05635387,29.22713073,34.49909176,39.08627319,26.98781003,42.45857539,50.4248121,46.66323721,36.81630436,24.05519402,53.98147798,59.37455706,47.54938819,43.30125638,40.87182919,17.63278979,22.64041299,33.55848998,16.39974748,29.97662719,31.7089461,35.48785182,24.6872538,16.7229747,14.88299018,12.65516257,3.960703801,10.14587445,10.79252858,11.83691911,14.08436413,8.87268663,2.941486075,14.41161585,3.286604877,6.501776318,5.353572582,10.24276453,11.06353692,9.377326678,10.06486763,9.068081302,9.06984736
Annex_I,Central Europe,CYP,Cyprus,1.A.4,Residential and other sectors,CO2bio,bio,,,,,,,,,,,,,,,,,,,,,,,,,20.6977344,,,,,,,,,,,,42.3958236,56.07235962,74.044846,90.57391542,67.93930812,80.79971966,89.86365788,82.49955966,72.53641972,104.6842453,110.3703905,132.7251369,128.1471094,134.4922177,138.2380383,130.8323811,142.8153284,122.7034558,121.7640303
Annex_I,Central Europe,CYP,Cyprus,1.B.1,Solid Fuels,CO2bio,bio,7.7507228,7.7507228,7.7507228,7.7507228,7.7507228,7.7507228,7.7507228,7.7507228,7.7507228,7.7507228,7.7507228,7.7507228,7.7507228,7.7507228,7.7507228,7.7507228,7.7507228,7.7507228,7.7507228,7.7507228,7.7507228,7.7507228,7.7507228,7.7507228,23.2522932,25.0014204,19.0013204,18.451528,17.6016704,14.3016404,14.451458,14.951368,13.151458,10.551458,11.5009052,10.5006752,6.6006752,13.6016004,10.751168,1.3960776,1.4961476,1.1959476,4.8958276,3.7959576,2.4959476,6.0961776,9.6920052,8.96012,5.8153976,4.8492556,4.1764356,4.7218248,7.3792464,4.027215126,4.027215126
Annex_I,Central Europe,CYP,Cyprus,1.A.5,Non-Specified,CO2bio,bio,30.4492272,30.4492272,30.4492272,30.4492272,9.4494872,18.4494372,25.4493472,25.4493472,26.4495772,27.4493772,18.4494372,17.4492072,17.4492072,16.4493972,19.9495672,20.4494672,20.4494672,19.4492472,17.4492072,17.4492072,17.9495272,15.4495972,15.2494672,15.1493972,15.3992848,33.2471316,37.7471016,31.1470316,33.9969192,32.9469416,25.0478868,25.2480168,31.5472916,30.8472616,33.6971492,40.2961828,,,,,,,,,,,,,,,0.56053776,0.51607536,0.5815866,0.888061146,0.760829585
Annex_I,Central Europe,CYP,Cyprus,1.B.2,Oil and Natural Gas,CO2bio,bio,,,,,,,,,,,,,,,,,,,,,,,,,,,,,,,,,,,,,,0.33525924,17.73217152,19.2486792,14.60962248,16.96709256,17.26055856,4.85930136,,1.95936876,1.27047768,3.81144012,,,,,,,
Annex_I,Central Europe,CZE,Czech Republic,1.A.4,Residential and other sectors,CO2bio,bio,,,,,,,,,,,,,,,,,,,,,4325.10006,4370.1002,4320.89986,4006.00016,3557.39961,3383.09977,3419.59988,3589.80001,3720.90001,3960.631392,4215.839914,4495.131123,4635.931242,4884.507943,5063.494891,5199.072057,5424.817356,5659.747354,5899.928965,6300.637841,6600.57635,6816.975131,7176.893483,7549.682472,7710.940325,7847.89933,7998.66067,8107.484557,8396.750802,8956.610422,9128.035122,10166.62635,9568.994467,8592.220835,8542.614095
Annex_I,Central Europe,CZE,Czech Republic,1.A.1.a,Main Activity Electricity and Heat Production,CO2bio,bio,,,,,,,,,,,,,,,,,,,,,32.70016,28.80016,41.00008,247.4474155,414.9806037,509.2685274,488.3514972,800.8546882,902.1479745,1175.643685,1047.913849,1054.078251,1056.131443,1057.937139,1325.715931,943.4525891,1035.125422,1276.296963,1534.146505,1855.22081,2112.924342,2542.064038,2928.139389,3340.106447,3705.937745,3925.489731,3894.751585,4196.044699,4053.463998,4356.417513,4605.113556,4909.750359,4878.715284,4806.144735,4716.155609
Annex_I,Central Europe,CZE,Czech Republic,1.A.2,Manufacturing Industries and Construction,CO2bio,bio,,,,,,,,,,,,,,,,,,,,,,,4159.89017,3966.54293,3927.09228,2441.8358,2431.87556,2538.90014,2538.90014,1996.383714,1040.822837,977.7926799,1916.419649,1784.866681,2018.483709,2678.497925,2766.776005,2845.890647,2696.228815,2776.542526,2901.717578,2812.119779,2939.357925,3212.773127,3342.953306,3443.07289,3445.341883,3327.421091,3175.55776,3786.419453,4004.897563,4047.903215,3920.702527,3779.31283,3866.888715
Annex_I,Central Europe,CZE,Czech Republic,1.A.3.b_noRES,Road Transportation no resuspension,CO2bio,bio,,,,,,,,,,,,,,,,,,,,,,,7.85882832,15.71766372,28.81551504,47.1526938,65.48986548,99.54470088,107.4035363,133.5995363,183.3720354,136.2193487,191.2308708,183.3720354,94.30567788,7.85882832,53.59579116,89.06635752,325.8922088,577.373915,685.4856071,889.602092,815.9700142,821.4215717,938.9498124,878.9112142,871.6188425,911.9748,899.372577,995.9438336,1093.578056,1043.348217,1031.179428,983.7216321,876.1811603
Annex_I,Central Europe,CZE,Czech Republic,1.A.3.c,Railways,CO2bio,bio,,,,,,,,,,,,,,,,,,,,,,,,,,,,,,,,,,,,,,,,,,,,,,,20.95668672,18.33717168,15.71766372,13.09785132,13.09785132,15.71766372,15.71766372,10.47832448,8.977106261
Annex_I,Central Europe,CZE,Czech Republic,4.C,Incineration and Open Burning of Waste,CO2bio,bio,1.069866729,1.091468873,1.114795334,1.139569979,1.165251264,1.191335796,1.216985551,1.24305984,1.268874838,1.293518803,1.316309345,1.319088389,1.319756081,1.319022469,1.317994211,1.317486991,1.31648152,1.315998873,1.315936543,1.316064857,1.31619268,1.31619268,1.60686834,2.286225425,3.372286665,7.838018788,8.013073692,8.37805954,8.438954259,8.71980608,7.94087729,9.605421316,12.35156769,15.82755543,15.08215254,13.47722519,15.40426938,14.43817068,14.94313094,14.99719548,29.10056587,27.72862114,27.35681858,23.00875362,27.70070754,28.06604081,34.49633922,29.29589495,26.61590087,28.87252715,29.89114603,31.08426096,30.43510588,30.27533316,30.44871925
Annex_I,Central Europe,CZE,Czech Republic,3.C.1,Emissions from biomass burning,CO2bio,bio,988.2196156,1134.718979,1141.214788,1234.91215,1338.536602,1187.40228,1176.394985,1320.689166,1381.85897,1132.178201,1333.357389,1182.435,1270.915172,1371.351965,1469.801661,1435.643182,1322.515373,1419.832541,1438.829458,1458.015945,1529.164431,1423.862802,1247.109425,1190.483501,1225.915937,1213.468715,1222.542292,1242.653189,1221.369449,1233.968825,1185.211485,1312.538727,1199.879155,987.6341824,1496.482322,1313.663158,1126.477716,1229.516092,1400.466188,1331.312221,1214.825435,1436.05411,1142.815631,1322.923425,1525.788522,1440.362536,1510.111848,1344.651902,1249.677816,1349.677135,1409.397308,1441.455616,1461.206612,1432.45082,1357.526415
Annex_I,Central Europe,CZE,Czech Republic,1.B.2,Oil and Natural Gas,CO2bio,bio,,,,,,,,,,,,,,,,,,,,,,,8.90669664,14.6697954,24.10027752,30.9112446,50.55832248,72.30083256,41.12784744,80.23821348,176.0369926,186.2535883,273.4862612,297.3245009,223.0328714,332.411487,291.9757945,264.97351,315.9969247,577.163455,699.3396449,654.3710178,647.8369141,675.704757,773.5408627,639.3360218,610.8136684,608.0456432,652.4842686,828.611078,823.5985774,800.5934539,795.1928437,844.4243787,881.7842866
Annex_I,OECD_Europe,DEU,Germany,1.A.1.bc,Petroleum Refining - Manufacture of Solid Fuels and Other Energy Industries,CO2bio,bio,,,,,,,,,,,,,,,,,,,,,,,,,,,,,,,,,,111.7766182,504.3382226,224.7546047,549.5672527,454.6226645,536.0700882,668.364131,763.3448001,884.0330799,1084.597384,1121.91373,1164.125452,1287.687155,1223.105572,1250.859221,1186.730912,1130.681654,1172.38186,1017.072571,1039.693489,1106.158686,992.9162612
Annex_I,OECD_Europe,DEU,Germany,1.A.5,Non-Specified,CO2bio,bio,,,,,,,,,,,,,,,,,11362.39993,10633.49983,11263.30005,10411.09994,,,,,,,,,,,,,,,,,,,,,,,,,,,,,,,,,,,
Annex_I,OECD_Europe,DEU,Germany,1.A.3.b_noRES,Road Transportation no resuspension,CO2bio,bio,,,,,,,,,,,,,,,,,,,,,,,19.15454924,22.14764456,82.72425908,107.1462858,159.821677,266.9679628,296.2987493,384.2901516,706.327513,981.6752876,1520.399177,2042.06778,2686.912837,5429.542827,10086.80274,11430.40678,8690.4906,7751.568634,8509.83613,8221.574857,8643.666223,7901.911957,8141.402005,7534.352454,7554.037774,7651.417825,7930.991479,7861.062769,9816.609491,8536.301413,8751.807749,8783.434787,7453.517808
Annex_I,OECD_Europe,DEU,Germany,1.A.1.a,Main Activity Electricity and Heat Production,CO2bio,bio,2757.90001,2869.19981,2822.30011,3153.49985,4808.00012,4853.30004,5274.59971,5351.20016,5541.30013,5931.89969,7749.40004,8706.8002,9395.20013,8969.29958,9306.9001,9316.89943,4600.289407,4478.998682,5265.516439,5384.565659,3162.855353,3583.055802,4423.711562,4487.334051,4613.619594,4661.217837,5027.409608,4520.251898,5196.739443,5298.573978,5350.356616,5531.352421,6122.409384,9589.206369,11486.44458,16500.62203,20332.53187,23730.41394,26073.19122,27369.85133,29297.78532,31042.50318,35036.68491,35723.6682,37589.51543,38118.00609,38191.61595,38217.45582,37393.58147,37355.83402,38094.49429,37594.87266,36154.1645,34843.63371,32967.00575
Annex_I,OECD_Europe,DEU,Germany,1.A.4,Residential and other sectors,CO2bio,bio,7747.50006,7647.80021,8364.1998,7205.30025,7133.39992,6925.30005,6696.8,6591.90014,6458.4999,6372.09984,7862.5998,8103.99981,8475.10018,8884.30001,10114.99982,10387.50021,,,,,9127.8001,9161.19988,9161.19988,9161.19988,9161.19988,9161.19988,9161.19988,15386.70018,15972.89991,15679.80004,16862.90012,17169.99981,17310.00012,22668.2208,23311.66803,23282.54474,27474.95961,29029.8976,34881.67871,32277.48066,38644.91761,33633.52094,39210.47455,41203.02983,33781.51449,34716.53136,32914.48573,33705.51686,35641.19375,36254.17402,34764.54741,39628.01287,39537.59763,33663.48626,33189.58558
Annex_I,OECD_Europe,DEU,Germany,1.B.2,Oil and Natural Gas,CO2bio,bio,,,,,,,,285.99989,296.00006,39.80014,38.50014,34.29994,35.59994,42.69992,34.29994,28.49997,,,,,,,13.16870088,13.16870088,73.7453154,92.1814938,144.856885,237.0383788,263.3760779,342.3888708,658.4400496,921.8161274,1448.567986,2103.95811,2981.144765,4421.802803,7066.629785,8695.866381,7772.727449,7773.465975,9560.583372,9384.039915,8794.292826,9339.259344,10560.35332,9693.217078,9789.812887,9815.072648,10141.20667,10585.08739,9686.800297,12411.61847,12145.1632,12886.72271,12481.07091
Annex_I,OECD_Europe,DEU,Germany,1.A.3.c,Railways,CO2bio,bio,,,,,,,,,,,,,,,,,,,,,,,,,,,,,,,,,,,13.14884148,31.55745036,39.44681472,57.85543068,63.11519808,65.74478796,68.3746752,65.44747752,67.54676124,57.04707876,59.19497376,50.48540556,50.46643116,42.00319032,36.73482072,42.03579372,56.87604012,73.12637472,48.75101796,119.1312258,101.0933347
Annex_I,OECD_Europe,DEU,Germany,1.A.2,Manufacturing Industries and Construction,CO2bio,bio,117.19984,117.19984,117.19984,117.19984,117.19984,117.19984,102.60005,102.60005,102.60005,117.19984,117.19984,161.20017,351.69999,322.29986,190.50023,205.20009,,,,,3054.25642,2797.22649,2158.902954,2245.243577,2323.640781,2277.73398,2317.860609,1676.805263,2155.243841,1673.881691,1671.962697,2089.052141,2369.586892,6896.544337,9209.242155,10784.63445,10135.28057,13383.10981,10823.75541,11751.52907,14147.28805,14960.06227,14109.2955,13655.93184,14353.51729,13614.84342,13943.54463,14412.2822,13829.60506,13818.52715,13838.32163,13838.05765,17432.4446,16710.61847,16596.5538
Annex_I,OECD_Europe,DEU,Germany,1.B.1,Solid Fuels,CO2bio,bio,,,,,,,,,,,,,,,,,,,,,,,,,,,,,,,,,,20.3279532,20.3279532,20.3279532,20.3279532,20.3279532,20.3279532,20.3279532,20.3279532,20.3279532,20.3279532,20.3279532,20.3279532,20.3279532,20.3279532,20.3279532,20.3279532,20.3279532,20.3279532,20.3279532,20.3279532,20.3279532,20.3279532
Annex_I,OECD_Europe,DEU,Germany,4.C,Incineration and Open Burning of Waste,CO2bio,bio,154.4988397,157.0780782,159.8363472,162.7005299,165.5516237,168.303478,170.8025379,173.1976965,175.5599199,177.9978215,180.5893965,183.4674415,186.5074976,189.6390794,192.7521105,195.7678948,198.3752977,200.871528,203.326068,205.8453923,208.505662,206.8512234,205.1963015,203.5413796,201.8864577,214.1960358,213.2849464,211.6488629,209.9553355,193.6123314,191.9578928,190.3029709,188.648049,186.9936104,185.3382051,183.6837665,182.0288446,180.374406,178.7194841,177.0640789,175.4096403,173.7547184,172.1002798,191.1236039,189.7311858,188.4159748,189.4957256,189.574734,191.0443071,182.9502459,96.71652884,98.01781589,191.5142975,189.9351453,189.7259115
Annex_I,OECD_Europe,DEU,Germany,3.C.1,Emissions from biomass burning,CO2bio,bio,104.7858214,120.8703784,121.8777329,126.1552258,135.5417856,127.685282,119.9167187,131.844235,141.7117045,135.4969474,138.5676995,136.4351332,139.6383296,133.1674423,148.326384,144.7040448,142.954227,134.3317911,137.2163278,133.8217066,133.9163903,132.7311955,118.7550417,118.2472367,117.0348089,124.0911508,120.8762454,118.5514656,108.6573849,98.92797079,92.13512739,94.43327962,81.65376981,72.0944949,87.78202585,77.05895042,69.49697384,63.20673427,72.33369609,68.16145666,58.46823262,54.93970182,54.82865131,55.01938856,57.81476743,52.00344802,46.91321004,45.62790012,36.14841182,39.38222708,36.27896455,35.90683738,36.61315293,35.98406994,34.71776699
Non-Annex_I,Eastern_Africa,DJI,Djibouti,1.A.4,Residential and other sectors,CO2bio,bio,55.44125125,59.89411628,65.18746262,69.32605814,74.87837593,83.53311752,91.06409047,101.4091117,110.7073025,120.8026255,130.4952931,141.8603502,153.9572179,165.7128173,181.510158,200.4831855,223.7357072,245.4401353,265.1627532,288.7809554,333.8903321,352.0026779,350.672878,365.0065259,373.6245679,400.0189225,416.9772815,430.7767663,442.9298578,467.0631313,483.6502432,480.9585043,490.2255203,500.5009503,512.1494796,534.5126554,542.315813,551.0852441,557.0113258,570.4278959,582.9270313,584.5525129,582.9106232,588.5637785,489.4254412,490.4843874,493.038464,510.9947628,595.6063336,600.5013757,600.5258322,592.4388771,609.9565696,617.8522347,617.8522347
Non-Annex_I,Eastern_Africa,DJI,Djibouti,1.A.1.a,Main Activity Electricity and Heat Production,CO2bio,bio,,,,,,,,,,,,,,,,,,,,,0.259132039,0.319385925,1.124438288,1.477175662,1.527587652,1.562811186,1.678013173,1.768353276,1.852690637,2.457985754,2.55511197,2.545722946,2.501772976,2.53782383,2.589987888,2.400931051,2.433048518,2.29385586,2.558648271,2.635813926,2.668855714,0.776990141,0.731231466,0.786899717,0.87061825,0.804415753,0.857958409,0.844040727,0.835151991,0.83562262,0.828684799,0.827307908,0.923364831,0.929776151,0.930144071
Non-Annex_I,Eastern_Africa,DJI,Djibouti,1.A.3.b_noRES,Road Transportation no resuspension,CO2bio,bio,,,,,,,,,,,,,,,,,,,,,,,,,,,,,,,,,,,,,,,,,,,0.926905279,0.860472458,0.823342483,1.110299336,0.765562437,0.502368678,0.702542836,0.649860278,0.461036454,0.452290452,0.456912045,0.401717762,0.40598068
Non-Annex_I,Eastern_Africa,DJI,Djibouti,1.A.2,Manufacturing Industries and Construction,CO2bio,bio,1.105481044,1.193979386,1.383516465,1.556988202,1.597629897,1.826312951,2.149895813,2.428974413,2.826625134,3.057051019,3.334157947,3.910952805,4.295566439,4.429854603,4.626806823,4.832327005,6.028895386,6.704825122,7.45771692,7.446173361,4.22194828,4.65304104,3.877774107,3.141380253,3.9586611,4.11196264,3.954043696,3.654852498,3.539129002,2.820703259,2.987784484,2.886959846,3.499030892,3.641505502,3.642841672,3.810457239,3.477641684,3.949261962,4.183947763,3.873478123,3.758303293,4.021924004,4.321134918,4.238221437,4.240978616,4.261718206,4.077245649,4.03772145,4.050498881,4.063841429,4.041204843,4.00819629,4.106514662,4.158435977,4.158435977
Non-Annex_I,Eastern_Africa,DJI,Djibouti,1.A.5,Non-Specified,CO2bio,bio,,,,,,,,,,,,,,,,,,,,,37.18994251,39.67701728,45.31759245,46.30303948,48.07251848,51.03886806,49.77864391,57.16123429,58.58073801,66.15467185,66.58422948,61.03558238,62.50765478,64.39928962,65.90322901,67.46390255,68.19493397,67.30619378,68.66857569,70.29265891,71.84268231,72.51151853,74.91428729,76.34441175,,,,13.50284704,72.80869116,77.18658926,78.30785108,74.33240657,74.45092907,75.52753559,75.52753559
Non-Annex_I,Eastern_Africa,DJI,Djibouti,3.C.1,Emissions from biomass burning,CO2bio,bio,,,,,,,,,,,,0.001865432,0.001865432,0.001865432,0.002651498,0.002851144,0.004130155,0.003836856,0.004329771,0.001771779,1.862876802,1.938156957,1.935817566,1.933684408,1.931969674,1.910862975,1.916891624,1.923695534,1.942637786,2.042343857,2.142081935,2.242211128,2.318711445,1.389372049,1.820577324,1.864924972,1.389372049,1.704814566,1.703227008,1.711170839,1.468360548,1.555497932,2.053880369,2.053880369,1.859599965,1.770315036,1.894515032,5.405001181,7.520228725,11.4927159,13.04519003,9.741446281,7.664830871,9.632847377,10.05537111
Non-Annex_I,Eastern_Africa,DJI,Djibouti,1.B.1,Solid Fuels,CO2bio,bio,0.188210933,0.191971854,0.205814359,0.266567023,0.32738901,0.315373324,0.368736871,0.420151247,0.473872845,0.507429955,0.609553215,0.753292573,0.869181484,1.039416121,1.182119964,1.338498324,1.528157557,1.826277779,2.229565966,2.575180878,0,0,0,0,0,0,0,0,0,0,0,0,0,0,0,0,0,0,0,0,0,0,0,0,0,0,0,0,0,0,0,0,0,0,0
Non-Annex_I,Rest Central America,DMA,Dominica,1.A.1.a,Main Activity Electricity and Heat Production,CO2bio,bio,,,,,,,,,,,,,,,,,,,,,3.883965387,3.992404262,3.740894625,3.756174933,3.460165975,3.455713081,3.772688448,4.01535062,7.673676062,7.622024326,8.586266185,8.505433513,8.57905262,8.003654105,8.825696002,7.218169222,7.137276699,6.979755903,5.973449168,5.904039169,6.136680062,3.576370499,3.732046046,7.553003495,7.520564795,8.593035457,6.976736207,7.12500799,9.036285304,10.26243277,9.575080122,9.623655787,10.07670888,10.02961498,10.02961498
Non-Annex_I,Rest Central America,DMA,Dominica,1.B.1,Solid Fuels,CO2bio,bio,0,0,0,0,0,0,0,0,0,0,0,0,0,0,0,0,0,0,0,0,1.53805043,1.535728944,1.54513446,1.516172788,1.498096332,1.426014929,1.432189935,1.528160989,1.545718277,1.423257116,1.207802147,1.197691005,1.25714417,1.270027943,1.255189222,1.264281458,1.239921075,1.223521967,1.192939997,1.1876657,1.181850122,0,0,0,0.098445879,0.358027421,0.376606444,0.406048865,0.450939043,0.538697876,0.058509775,0.086399344,0,0,0
Non-Annex_I,Rest Central America,DMA,Dominica,1.A.3.b_noRES,Road Transportation no resuspension,CO2bio,bio,,,,,,,,,,,,,,,,,,,,,,,,,,,,,,,,,,,,,,,,,,,,0.015217468,,,0.019092484,0.001626937,0.004450789,0.005345995,0.004180571,0.004019513,0.004284739,0.004037717,0.004521799
Non-Annex_I,Rest Central America,DMA,Dominica,1.A.2,Manufacturing Industries and Construction,CO2bio,bio,48.78385402,47.0932614,35.11459217,40.02592209,39.24645613,34.39198201,30.32267206,34.21756993,32.42731964,35.95661618,34.69841001,31.0623906,31.45881379,25.96645467,22.78553673,23.25511732,25.99661857,21.30194077,21.4074753,20.79700691,13.64706417,14.52297092,12.43678446,12.22523506,12.40026923,12.16184738,12.14485142,13.21892954,8.282094382,8.49986269,9.385696252,7.639465099,7.325130035,6.985430108,6.749803516,6.711372065,6.498690893,5.167501267,4.515452981,4.470264597,4.677215573,14.59932433,14.36412754,6.440904821,6.332701227,6.042098474,7.594248318,11.05007066,9.410290965,8.142949109,6.813043563,6.868131008,7.191426761,7.157817344,7.157817344
Non-Annex_I,Rest Central America,DMA,Dominica,1.A.5,Non-Specified,CO2bio,bio,0.301011987,0.293273094,0.286014116,0.355983243,0.378958154,0.370469175,0.287769729,0.286599527,0.284712727,0.29388086,0.281663171,0.284580983,0.271041292,0.243324811,0.292737335,0.310137301,0.302398974,0.259672414,0.243240089,0.235926726,3.458484068,3.397706485,3.389827303,3.265649798,3.280736561,3.148197981,3.100071227,3.161008835,3.078482882,3.066528625,3.83814193,4.058010471,3.860880486,4.419135128,4.375349574,4.264057779,3.845617228,3.902610717,3.635716956,3.469416371,3.437150343,5.554793656,5.553364186,5.53814106,1.221531548,1.350832185,1.222078349,1.258141333,1.256372658,1.271745184,1.252198703,1.265216578,1.311509989,1.316823859,1.316823859
Non-Annex_I,Rest Central America,DMA,Dominica,1.A.4,Residential and other sectors,CO2bio,bio,6.372473806,6.162407691,5.904161841,5.917993915,6.210252138,5.865632224,5.523322195,5.494232432,5.441476072,5.578696312,5.968636334,6.210721672,5.934772218,5.290740544,5.075250678,5.320177051,5.342716521,4.563215522,4.542324917,4.884309323,8.429164365,8.227653779,8.21325919,8.065993961,8.016417824,7.773825052,7.742818259,8.171317554,8.254839739,8.18303187,6.940237922,6.478236713,6.604204979,6.455438184,6.141974958,6.022388607,4.831916289,4.331089526,4.561809696,4.464047191,4.374826598,5.204238977,5.403797281,4.881318723,7.24580138,7.072287502,7.507936475,7.595893648,7.399110731,7.487429668,6.234820567,6.429643721,6.264778225,6.324118679,6.324118679
Non-Annex_I,Rest Central America,DMA,Dominica,3.C.1,Emissions from biomass burning,CO2bio,bio,0.951724978,0.916874937,0.920092245,0.928545457,0.932219095,0.938762468,0.958433992,0.98624296,1.034787232,1.078787407,1.171339437,1.177923669,1.207644897,1.224796192,1.227117414,1.243036589,1.251072685,1.208993731,1.18042203,1.131222839,1.191136123,1.152677089,1.161263638,1.236901372,1.242623557,1.245823618,1.375546312,1.432539603,1.415845572,1.488734922,2.229998501,2.184847271,2.171507372,2.192191941,2.199654745,2.190552131,2.321803836,2.43732572,2.380875136,2.667597794,2.495860081,2.513172142,2.728129913,3.040462762,2.805325645,2.787293577,2.793929708,2.855988245,2.831623554,2.855175214,2.847380251,2.845187115,2.848185378,2.844726435,2.847347012
Annex_I,OECD_Europe,DNK,Denmark,1.A.1.bc,Petroleum Refining - Manufacture of Solid Fuels and Other Energy Industries,CO2bio,bio,,,,,,,,,,,,,,,,,,,,,,,,,0.05463276,0.2729454,0.21831264,0.21831264,1.91108736,2.34771264,2.23867098,1.52887098,1.69255086,1.91108736,1.5835092,,,,,,,,,,3.04494372,5.3325363,7.0929768,6.2963082,6.48033204,7.01319528,6.38569386,6.49381824,6.78734238,7.066458254,6.280352082
Annex_I,OECD_Europe,DNK,Denmark,1.A.1.a,Main Activity Electricity and Heat Production,CO2bio,bio,1100.00005,1130.00015,614.148421,614.148421,614.148421,678.548521,744.248201,749.948531,755.748501,807.348721,827.648431,877.648021,927.648471,1007.157668,1090.013468,1192.078105,1404.744121,1901.380037,1969.626856,2047.523231,1732.828832,1931.056134,2107.477889,2214.679403,2250.668772,2489.855329,2758.543465,2874.517986,2992.161354,3207.270376,3180.539513,3528.899696,3935.043812,4684.171353,5233.664099,5489.74114,5466.347761,5731.48236,5713.261916,6061.443347,7864.892463,7597.994691,8008.175823,8079.448241,8163.849567,8283.835218,8970.71786,10494.09692,10333.68219,10549.9866,10817.83764,13356.91141,11838.93283,11492.4212,11454.60124
Annex_I,OECD_Europe,DNK,Denmark,1.B.2,Oil and Natural Gas,CO2bio,bio,,,,,,,,,,,,,,,,,,,,,,,,,,,,,,,,,,,,,,,,,,,,,18.2836017,55.1783778,169.5989513,280.0780109,385.4794234,524.5178484,787.7668344,1074.092232,1234.583559,1412.231289,1617.581662
Annex_I,OECD_Europe,DNK,Denmark,1.A.3.b_noRES,Road Transportation no resuspension,CO2bio,bio,,,,,,,,,,,,,,,,,,,,,,,,,,,,,,,,,,,,,11.3421246,17.01333912,15.1227384,25.7427738,79.39518372,386.8017037,611.3084046,577.8357434,592.8846728,596.5115315,605.759461,600.7872924,595.9953629,631.3011139,708.1265833,722.7492472,659.1585775,642.338482,591.1273245
Annex_I,OECD_Europe,DNK,Denmark,1.A.4,Residential and other sectors,CO2bio,bio,225.4601028,235.4602728,413.5776764,413.5776764,413.5776764,336.4777464,319.6237327,298.5697228,443.9697528,767.6700928,1269.216019,1665.661765,1825.307731,1860.007531,1914.50849,1879.363162,1933.982618,2000.882238,1930.191105,1839.835824,1833.519826,1985.329992,2015.007306,2071.524172,1991.834097,1969.036443,2009.85282,2043.470358,1867.696141,1921.235955,2174.857472,2402.38823,2497.056506,2771.544051,2899.270039,3320.96712,3656.501841,4234.647629,4133.42351,4090.218652,4351.155275,3951.438022,3832.852799,3965.287371,3881.209076,4425.728596,4690.967853,4493.04345,4292.286051,3953.856927,3712.999523,3855.2839,3131.356874,3338.703361,3333.523951
Annex_I,OECD_Europe,DNK,Denmark,1.A.2,Manufacturing Industries and Construction,CO2bio,bio,,,243.9823764,243.9823764,243.9823764,314.2825264,340.6819564,360.2824664,361.3819164,367.2827864,329.9817664,378.3820164,389.9823664,420.0825364,447.5734437,475.110379,490.810479,471.410099,469.610589,473.1663763,474.410339,463.29997,470.70015,478.69944,447.80043,429.3331992,414.5403445,422.2130082,431.0844182,426.79946,454.3556372,496.31094,363.4747272,415.1421692,422.1616447,440.7898973,477.1809873,560.4172364,755.4703473,736.4091973,758.8499645,784.7165827,593.3567653,511.2295398,466.6122657,510.1264068,489.3292672,606.7594145,646.152307,672.1539472,648.8530202,613.5706158,631.0568148,604.5302966,590.9596237
Annex_I,OECD_Europe,DNK,Denmark,3.C.1,Emissions from biomass burning,CO2bio,bio,5.210030866,5.768605053,5.810738624,5.5329294,5.976253618,5.345497069,5.271973583,6.224026952,6.299641998,6.344729011,6.047522938,8.158530709,11.02975822,10.92521545,17.50268734,17.57012186,19.27978018,19.03162938,22.94224255,25.44814687,28.94544847,29.1143319,23.29568859,27.97384856,28.12823044,32.34821019,32.03734473,33.34479137,32.47748024,29.58708478,31.11717933,29.448727,26.83508318,24.30435979,22.18661318,21.01588798,17.872301,15.58341748,15.44786742,15.601271,12.29094298,11.89995591,11.63363199,10.71995877,12.32996828,12.03057932,10.3454776,11.43204616,6.822569244,10.60776887,9.48848805,9.261423156,9.631519071,8.035205518,7.752486113
Annex_I,OECD_Europe,DNK,Denmark,4.C,Incineration and Open Burning of Waste,CO2bio,bio,,,,,,,,,,,,,,,,,,,,,,,,,,1.892,1.871292701,1.843035867,1.794373715,1.82478756,1.796832706,1.799248558,1.835141209,1.811759217,1.792691247,1.758308503,1.7788001,1.80179383,1.802742914,1.829489842,1.814045648,1.779447203,3.681671432,1.82694457,1.791699022,1.822156007,1.889195887,1.907185352,1.999117131,2.011412089,2.075650225,2.165959373,2.275870163,2.234189018,2.281203395
Non-Annex_I,Rest Central America,DOM,Dominican Republic,1.A.1.a,Main Activity Electricity and Heat Production,CO2bio,bio,227.59989,227.59989,223.59982,225.90005,233.99983,233.99983,246.80014,238.59987,238.59987,250.80021,225.90005,225.90005,250.80021,279.90014,397.69995,150.3999,150.3999,154.99994,83.59993,74.30021,74.30021,74.30021,78.39992,105.69995,135.29979,124.29981,119.00016,143.39999,89.3999,83.59993,94.69997,95.60014,92.49981,90.09994,99.6002,87.10009,84.60016,86.7999,85.20012,84.6998,85.90016,81.59989,89.80016,84.29996,84.29996,84.29996,95.50007,249.51946,336.4278,331.63391,301.46551,382.27368,329.85662,331.818466,331.818466
Non-Annex_I,Rest Central America,DOM,Dominican Republic,1.A.2,Manufacturing Industries and Construction,CO2bio,bio,7817.79341,7817.79341,7892.19369,7899.59344,7991.89354,7996.39352,8095.79359,8045.6935,8066.7933,8113.59335,7857.99381,8430.89334,9217.99331,8811.19378,9313.4938,7104.69345,7100.59374,7121.49341,6501.99355,6409.69345,6263.89358,6650.56238,6374.84242,6803.815022,6556.119652,5784.508552,7370.203712,7565.155822,6507.77026,6088.05828,6894.66303,6960.50157,7596.38543,7399.57027,8178.39353,7256.78091,6948.23902,7126.31051,7025.52156,7068.62225,5688.369698,4329.073048,4762.930512,4469.154289,4682.804453,3926.343504,4447.683407,4960.005189,4656.962981,4047.29292,4962.100044,4661.013079,3535.369951,3539.597267,3399.236393
Non-Annex_I,Rest Central America,DOM,Dominican Republic,1.A.3.b_noRES,Road Transportation no resuspension,CO2bio,bio,,,,,,,,,,,,,,,,,,,,,,,,,,,,,,,,,,,,,,,,,15.63259044,15.63259044,7.81644036,5.21086584,5.21086584,,,,,,,,,,
Non-Annex_I,Rest Central America,DOM,Dominican Republic,1.B.1,Solid Fuels,CO2bio,bio,638.3092996,638.3092996,613.3105652,526.6113304,541.4128708,557.7145512,573.5666856,589.968006,606.8702416,626.8723972,643.1745492,663.1766948,681.5790704,340.7253868,326.3224748,311.919564,297.5157728,284.8630032,272.2107152,259.5579456,248.7549896,237.952914,227.1504184,216.3483316,207.2959884,198.2440652,189.1917108,180.140248,160.2858292,157.8849228,158.3837572,146.4321044,146.5824768,146.7323044,147.6320444,151.9335048,159.0848628,158.7867244,164.6359816,163.8856392,169.1365568,171.5872096,173.937322,179.8383872,188.240038,196.4414984,201.5938528,206.3110832,215.4980236,225.0951716,235.1339388,245.5919432,247.600338,251.8456527,251.8456527
Non-Annex_I,Rest Central America,DOM,Dominican Republic,1.A.4,Residential and other sectors,CO2bio,bio,1943.39049,1943.39049,2025.589275,1955.239252,2006.737782,2066.085609,2125.083937,2184.531834,2239.479751,2306.777405,2370.376194,2442.273888,2541.271012,2477.074333,2413.577645,2350.780566,2288.683987,2230.736837,2173.489245,2116.842094,2064.34483,2012.447066,1947.351203,1900.103236,1853.45523,1807.407613,1761.859017,1716.91127,2037.614192,2102.915057,2178.516343,2120.718058,2136.567966,2076.067866,2050.317723,2100.066665,2145.115548,2173.113506,2136.764238,2074.114302,2093.763533,2072.51289,2049.362748,2052.761833,2091.359942,2125.558612,2160.606248,2170.964865,2211.981317,2240.823751,2282.604121,2325.031717,2344.111609,2349.361627,2349.361627
Non-Annex_I,Rest Central America,DOM,Dominican Republic,3.C.1,Emissions from biomass burning,CO2bio,bio,1453.300506,1649.466127,1625.401058,1666.87051,1684.749188,1568.084726,1853.439439,1875.60652,1882.933649,1762.556085,1579.466388,1666.345879,1991.754702,1979.979177,1822.466275,1529.780792,1393.313349,1542.879765,1493.86486,1432.484689,1193.841722,1268.941549,1269.358825,1319.009294,1128.802185,1059.067681,1152.07021,1226.090851,994.1554494,925.8712071,933.8029984,1040.143693,1088.561747,1029.18596,1096.187406,1021.824917,1028.447054,1064.328835,1053.828255,1042.236518,1052.095319,1066.007869,1041.683551,1044.96062,1103.508406,1024.493723,956.3636332,1198.778882,1279.832691,1126.138344,1193.547891,1244.013388,1277.915146,1105.459069,1072.114589
Non-Annex_I,Northern_Africa,DZA,Algeria,1.A.4,Residential and other sectors,CO2bio,bio,25.89996,25.89996,26.80013,27.40009,27.50016,28.00006,28.80016,30.0001,30.9999,31.90007,32.89987,33.9001,35.10004,36.29997,37.49991,38.30001,39.60001,40.69988,41.80017,42.90005,43.99992,28.3999,31.40016,52.99986,52.99986,52.99986,52.99986,70.59992,74.99982,74.99982,74.99982,74.99982,100.99985,82.39999,82.39999,100.00004,90.30007,100.00004,65.2002,75.19995,72.59995,22.59993,13.00001,22.90012,8.39998,8.39998,8.39998,12.5604,29.3076,12.5604,14.00401,3.30883,23.72827,12.56038412,12.56038412
Non-Annex_I,Northern_Africa,DZA,Algeria,1.B.2,Oil and Natural Gas,CO2bio,bio,,,,,,,,,,,,,,,,,,,,,,,,,,,,,,,,,,,,,,,,,,,,,,,,,,4.1868,2.08,0.1704,0.01675,0.016851566,0.016851566
Non-Annex_I,Northern_Africa,DZA,Algeria,3.C.1,Emissions from biomass burning,CO2bio,bio,58.15116007,51.99276171,65.19369012,51.36310931,48.0530251,68.51842666,64.28608552,41.6266946,46.70782895,49.58938327,63.54365175,52.58830325,44.84278392,38.91081076,45.12155216,69.49560371,59.9098821,54.85939481,32.28302796,52.5833851,43.04492324,83.16879178,78.49159742,40.50046376,27.77551243,55.87973641,104.4590816,25.43181881,77.77641999,48.6503334,25.51821812,63.33821888,48.01027205,91.97166891,88.50662468,76.04776501,86.15469736,79.42076325,38.43598092,104.7788079,89.36568648,90.60841189,107.7521186,102.4309639,78.58308664,84.78612536,84.60625843,86.40996707,123.2912279,118.7686574,96.89100456,65.27976637,92.47260959,83.77123271,93.35173007
Non-Annex_I,Northern_Africa,DZA,Algeria,1.A.2,Manufacturing Industries and Construction,CO2bio,bio,,,,,,,,,,,,,,,,,,,,,,56.60009,62.40007,105.30011,105.30011,105.30011,105.30011,140.40015,149.19997,149.19997,149.19997,149.19997,200.89983,163.80018,163.80018,198.8998,179.5999,198.8998,129.69995,149.4001,144.30016,44.80002,43.39995,61.10007,16.69989,16.69989,16.69989,29.3076,62.802,25.1208,26.79426,6.78848,50.39861,20.09660399,20.09660399
Non-Annex_I,Rest South America,ECU,Ecuador,1.A.2,Manufacturing Industries and Construction,CO2bio,bio,4073.01427,4073.01427,4132.21436,4093.91435,4231.51437,4276.81429,4291.91441,4291.91441,4322.11421,4303.51435,4393.21445,4284.51424,4096.21458,4129.71442,4355.61447,4527.11459,4426.81436,4585.7143,4604.71442,4580.91456,4798.01437,5065.24334,5228.61455,5090.48164,4718.8522,5354.9168,6005.95666,3406.90493,6407.15672,6119.64651,6361.24418,6593.19922,6140.81186,5954.24075,6302.66789,6270.5998,5986.4799,6738.902713,4395.580518,2659.271371,2782.460498,3209.909804,3370.09759,3265.336386,4254.342937,4446.162024,4583.748406,4993.631558,4292.440507,4666.394903,4737.066884,4033.777886,2967.16247,2969.08924,2754.364076
Non-Annex_I,Rest South America,ECU,Ecuador,1.A.4,Residential and other sectors,CO2bio,bio,4109.49995,4109.49995,4034.19993,3858.50003,3681.50013,3593.59994,3497,3439.30003,3276.09982,3313.6998,3284.40016,3259.29987,3895.29991,3853.50016,3807.40014,3485.29999,3372.29993,3510.39985,3616.99997,3498.50013,2751.29994,2859.80002,2063.60003,2018.09998,2011.59998,2115.39996,2098.70007,1963.49992,1831.79994,1656.80008,1538.70008,1506.90008,1488.39986,1451.90018,1394.70012,1370.70012,1326.60014,1306.79993,1256.89997,1193.00019,1136.69987,1112.19997,1048.30019,998.39982,984.70019,891.2998,863.59993,837.9629,808.85417,773.58499,734.54768,693.17414,650.07229,651.6899332,651.6899332
Non-Annex_I,Rest South America,ECU,Ecuador,1.A.3.b_noRES,Road Transportation no resuspension,CO2bio,bio,,,,,,,,,,,,,,,,,,,,,,,,,,,,,,,,,,,,,,,,,7.58967504,5.69225628,7.58967504,7.58967504,13.28193132,22.76932956,32.25642336,57.34261212,50.33540868,66.340308,33.704163,54.37480356,63.75014664,69.12904178,71.91053777
Non-Annex_I,Rest South America,ECU,Ecuador,1.A.1.a,Main Activity Electricity and Heat Production,CO2bio,bio,,,,,,,,,,,,,,,,,,,,,,,,,,,,,,,,,,,,73.40005,103.90005,156.19988,148.70006,154.6001,168.20008,198.60002,211.60003,211.10013,285.19979,291.09983,318.1971437,338.5459813,323.522362,342.5396839,355.2317531,314.4502453,296.0865635,296.0484281,299.5177995
Non-Annex_I,Rest South America,ECU,Ecuador,1.B.2,Oil and Natural Gas,CO2bio,bio,,,,,,,,,,,,,,,,,,,,,,,,,,,,,,,,,,,,,,,,,7.58967504,5.69225628,7.58967504,7.58967504,13.28193132,22.76932956,32.25642336,57.34261212,50.33540868,66.340308,33.704163,54.37480356,63.75014664,63.75014664,66.43309423
Non-Annex_I,Rest South America,ECU,Ecuador,3.C.1,Emissions from biomass burning,CO2bio,bio,1371.060146,1263.741485,1203.107507,1171.82938,1368.542785,1582.807307,1299.496261,1486.263376,1307.061684,1317.314272,1359.685888,1345.474681,1216.642841,1145.099509,1275.550439,1175.446151,1426.783593,1565.00617,1520.402272,1604.176319,1593.749344,1611.811557,1366.390054,1533.535027,1545.07154,1527.242385,1585.086584,1587.857796,1762.771313,1701.239949,1670.420176,1667.201192,1716.16771,1786.335395,2014.850438,1990.659643,1982.739187,2337.029092,2343.324914,2282.791778,2264.138224,2173.904823,2161.825134,2107.741609,2317.277298,2693.819298,2242.112101,2409.23016,2040.685487,2265.933721,2572.689,2777.511337,2225.245779,1943.508779,1872.370692
Non-Annex_I,Northern_Africa,EGY,Egypt,1.A.4,Residential and other sectors,CO2bio,bio,4180.871316,4180.871316,4258.164834,4306.261027,4373.855149,4367.856064,4307.061722,4276.464914,4316.711944,4360.608974,4369.109014,4462.901675,4475.951443,4523.64793,4594.792596,4664.637661,4784.37837,4912.218712,5016.010518,5129.50171,5244.292901,5364.183427,5506.521828,5644.110434,5757.251062,5824.396057,5888.440732,5951.385968,6010.880905,6079.275127,6133.271371,6203.615321,6277.608788,6348.352997,6408.947816,6462.843988,6562.783882,6621.428836,6618.180791,6704.722444,6774.116352,6876.204596,6895.603345,6794.365689,6848.459891,6919.90251,6975.24641,7120.514754,7111.712024,7138.607887,7006.12432,6864.676486,6904.126089,6867.68934,6867.68934
Non-Annex_I,Northern_Africa,EGY,Egypt,1.B.1,Solid Fuels,CO2bio,bio,3915.828804,3915.828804,3992.035096,4039.639103,4106.344961,4096.844096,4030.138238,3992.035096,4025.388246,4063.491366,4063.491366,4149.198545,4153.948537,4192.05214,4254.007114,4315.962509,4425.52196,4544.581388,4639.889502,4744.69849,4849.507049,4963.816483,4811.403917,5016.170953,5249.640764,5363.950198,5535.465045,5592.669557,5621.172223,5716.480337,5721.230329,5792.68618,5868.892903,5949.949268,6026.156002,6107.112717,6178.569027,6250.024877,6326.23119,6402.437443,6478.643756,6535.849158,6597.804133,6654.908596,6716.86398,6778.819425,6831.173884,6883.118122,6935.733541,6988.75424,6851.167732,6901.039305,6951.268376,7001.868456,7001.868456
Non-Annex_I,Northern_Africa,EGY,Egypt,3.C.1,Emissions from biomass burning,CO2bio,bio,134.6193723,137.7253613,138.2365879,139.6317089,139.5450505,147.1266242,149.3324843,137.9458699,148.6837029,147.9878085,145.6421893,149.4772974,155.4702679,156.8096084,153.6639969,155.832433,160.4579641,170.977812,178.7146456,199.3482963,229.0272952,243.6950772,251.285111,258.7375262,259.2951747,283.7078332,287.3384095,306.8314792,308.0233335,327.3138041,338.5246696,317.9866518,341.4287337,346.9229898,351.8371047,378.5785463,381.7139798,369.5787659,398.4774793,388.3514385,343.9502295,382.2220204,408.2724346,419.3437098,407.7922972,412.3852545,411.0071849,398.5126453,331.8159161,393.9549654,398.3904887,417.5633772,401.8539982,419.1717035,418.3459325
Non-Annex_I,Northern_Africa,EGY,Egypt,1.A.2,Manufacturing Industries and Construction,CO2bio,bio,6956.9696,6956.9696,6956.9696,6956.9696,6956.9696,6956.9696,6956.9696,6956.9696,6956.9696,6956.9696,6956.9696,6956.9696,6956.9696,6956.9696,6956.9696,6956.9696,6956.9696,6956.9696,6956.9696,6956.9696,6956.9696,7641.312,7681.2064,7883.7472,8687.7728,8132.32,8743.0112,8626.3968,8015.7056,7549.248,9209.4688,8730.736,8374.7552,7727.2384,8571.1584,9672.8576,9375.184,9258.5696,8384.26848,7075.1184,6719.1376,7041.3616,7068.9808,7682.43392,6908.48256,6979.9856,7051.48864,7051.48864,7227.024,7227.024,10498.3648,8288.8288,11394.4544,11394.4544,12227.94048
Non-Annex_I,Eastern_Africa,ERI,Eritrea,1.B.1,Solid Fuels,CO2bio,bio,318.2968208,318.2968208,327.0699432,335.8474925,344.6206363,352.9070855,361.6802108,368.5022887,374.5965889,379.9586642,381.9097273,391.4150367,406.7691355,417.9799788,428.4586198,440.4016478,453.0769016,468.4309794,486.4639034,504.7423568,523.0208102,545.4424976,593.894688,593.894688,593.894688,615.2958784,652.7491468,674.1503484,390.579236,401.2800412,406.630474,428.0320844,438.7328896,454.7836572,593.894688,609.9454556,625.9966836,647.398304,668.7999256,684.8511536,722.304002,754.4064276,786.5088544,823.9617028,856.0637084,888.1666056,920.2686012,856.8023432,867.38023,877.9580664,892.0401788,908.3267576,925.0198024,925.0198024,925.0198024
Non-Annex_I,Eastern_Africa,ERI,Eritrea,1.A.4,Residential and other sectors,CO2bio,bio,1272.714313,1272.714313,1307.307001,1342.501213,1377.302219,1410.845701,1446.350787,1474.026708,1498.677912,1520.554087,1528.722125,1567.050229,1627.961804,1672.69106,1715.154552,1762.505056,1813.734727,1874.796727,1947.461499,2021.1824,2094.794117,2185.004664,2368.906102,2368.906102,2819.056245,2907.754014,2989.501906,3082.100306,1963.970071,2023.669296,2081.068671,2195.267856,2267.816638,2328.215862,1628.705292,1694.253924,1746.102896,1794.901896,1842.150108,1902.848636,1947.74618,2060.193472,2076.940904,2112.538677,2173.336032,2212.233786,2282.630979,2381.011146,2408.032379,2440.284762,2479.402732,2523.125372,2568.483048,2568.483048,2572.138248
Non-Annex_I,Eastern_Africa,ERI,Eritrea,3.C.1,Emissions from biomass burning,CO2bio,bio,487.7946821,499.9918998,484.2729554,478.7271089,510.3673084,551.9857118,615.0127174,658.9865676,723.5129166,814.4119548,903.4276134,924.0273664,945.7920571,1003.050324,905.351678,908.3391017,1008.650307,1037.143533,1117.26898,1064.419942,1197.315105,1142.338367,1199.038258,185.6758522,240.9610391,199.9235137,194.3737799,218.926457,355.7672061,308.3587574,210.3565448,257.5402632,199.9758592,223.7605447,237.2547419,321.1314474,337.2341235,359.4803714,225.5429502,276.3791726,275.455757,309.6741206,291.4985124,291.5200994,295.3678303,290.4376576,293.8242018,294.2374528,293.6055544,294.4096386,294.0515722,293.6246475,293.935003,294.0715346,294.1647306
Non-Annex_I,Northern_Africa,ESH,Western Sahara,1.A.1.a,Main Activity Electricity and Heat Production,CO2bio,bio,,,,,,,,,,,,,,,,,,,,,,,,,,,,,,,,,,,,,,,0.028068257,0.039843031,0.040832531,,,,,,,,,,,,,,
Non-Annex_I,Northern_Africa,ESH,Western Sahara,3.C.1,Emissions from biomass burning,CO2bio,bio,0.01913954,0.019879515,0.019350962,0.020622592,0.021297264,0.021297264,0.024126557,0.024841637,0.02910109,0.02910109,0.032303436,0.033360542,0.033360542,0.035132729,0.035978414,0.036904915,0.038677102,0.039734208,0.040449288,0.042221474,0.043993661,0.045765847,0.046505504,0.047538034,0.046714746,0.04931022,0.047108667,0.051082406,0.047463415,0.052854593,0.039734208,0.045353576,0.039131658,0.041627013,0.037962022,0.044761596,0.037126908,0.039734208,0.043461355,0.043079852,0.046169928,0.044203443,0.043869188,0.045112822,0.045112822,0.045027315,0.045667777,0.04684828,0.047575792,0.048838256,0.050084287,0.051313548,0.052442702,0.053596703,0.054800886
Annex_I,OECD_Europe,ESP,Spain,1.A.3.b_noRES,Road Transportation no resuspension,CO2bio,bio,,,,,,,,,,,,,,,,,,,,,,,,,,,,,,,212.71152,212.71152,416.04912,571.73124,526.017096,774.565452,511.814616,1154.23116,1858.558056,3218.416488,4307.118708,5164.249704,6186.0438,2666.523408,2876.813568,2912.364372,3308.602944,3807.226104,4966.680888,4818.524808,4143.801516,4139.600952,4064.541624,5635.77661,4009.497251
Annex_I,OECD_Europe,ESP,Spain,1.A.1.bc,Petroleum Refining - Manufacture of Solid Fuels and Other Energy Industries,CO2bio,bio,,,,,,,,,,,,,,,,,,,,,,,,,,,,,,,,,,,,,,,,740.1366,616.2536,627.6682,600.6498,1003.3962,862.645,1.638,0.3276,,,,0.3276,0.3276,0.3276,0.1639092,0.116610989
Annex_I,OECD_Europe,ESP,Spain,1.A.2,Manufacturing Industries and Construction,CO2bio,bio,2144.25,2144.25,2144.25,2144.25,2144.25,2144.25,2144.25,2144.25,2144.25,2144.25,2847.55,3029.35,3141.15,3059.85,3248.25,3406.95,3512.05,3633.05,3701.75,6815.1618,9812.755,8758.255,7409.3363,7452.6616,7500.8001,7638.3681,7717.4681,7790.0617,8384.3861,5916.732,5423.3808,5473.0354,5746.2854,6023.9528,6067.508,6091.674,7006.5176,7126.8834,6929.7623,6678.0311,6316.459,10822.16944,11060.1263,10516.38608,10299.6591,11592.05137,16645.72068,17340.15719,17650.47313,18322.46121,18397.38752,17776.72957,17790.34222,19030.19552,18949.99128
Annex_I,OECD_Europe,ESP,Spain,1.A.1.a,Main Activity Electricity and Heat Production,CO2bio,bio,45.6,50.7,59,54.4,49.8,110.1,182.1,300.6,306.9,205.6,411.6,432.1,442.1,522.9,582.8,597.5,515,513.7,554.4,2343.1,404.2,404.2,434.4654,436.4654,513.594,907.169,961.672,1156.464,1199.1252,1458.837,1923.6332,2181.0858,2536.4406,3828.4748,4107.1538,4504.4594,3550.1172,3764.6662,4212.6724,4624.2684,4318.8852,4994.5702,5337.3516,6835.6402,6470.7402,6541.37,6387.3324,6885.7682,6584.822532,6425.036632,7088.934852,8013.262096,7646.725716,7123.639627,7017.556038
Annex_I,OECD_Europe,ESP,Spain,1.A.5,Non-Specified,CO2bio,bio,,,,,,,,,,,,,,,,,,,,,,,0.7644,1.8564,1.8564,0.4368,0.4914,0.4914,,1.7,13.4,13.4,13.4,13.4,28.7,29.6,29.6,29.6,29.6,,0.1,37.3268,34.514,110.1456,91.464,1.911,,,,,,0.005664,0.015576,0.023006752,0.016367844
Annex_I,OECD_Europe,ESP,Spain,1.A.4,Residential and other sectors,CO2bio,bio,,,,,,,,,,,,,,,,,,,,7822.1,8682.6,8725,8780.5,8788,8802.4,8338.8,8338.8,8337.3,8337.3,8340.3,8589.9492,8593.2492,8602.1576,8617.5576,8720.384,8750.7134,8959.2212,8992.7684,9081.7564,10722.3064,10836.5418,10898.8388,11096.633,11205.3908,11278.5982,11234.9705,8466.421292,8523.647892,8566.102496,8607.498972,8596.22576,8668.913856,8690.243568,8741.734498,8700.95262
Annex_I,OECD_Europe,ESP,Spain,1.B.1,Solid Fuels,CO2bio,bio,,,,,,,,,,,,,,,,,,,,,,,,,,,,,,,,,,,,,,,,426.6144,426.6144,426.6144,426.6144,426.6144,426.6144,426.6144,165.86704,165.86704,165.86704,165.86704,165.86704,165.86704,165.86704,165.86704,165.86704
Annex_I,OECD_Europe,ESP,Spain,1.A.3.d,Water-borne Navigation,CO2bio,bio,,,,,,,,,,,,,,,,,,,,,,,,,,,,,,,,,,,,,,,,,,,,,,,2.692524,2.692524,2.692524,2.692524,2.692524,1.758672,4.334376,4.998113933,4.855429209
Annex_I,OECD_Europe,ESP,Spain,1.B.2,Oil and Natural Gas,CO2bio,bio,,,,,,,,,,,,,,,,,,,,1.4,,,,,,,,,,,,,281.259372,571.574772,524.097,774.565452,511.814616,1138.447008,1115.034156,2659.571556,3067.592664,2531.343552,1912.6797,2630.912424,3996.927624,3744.05268,4160.536512,5393.486904,5434.76664,6184.505004,5802.199884,5617.824552,5571.485688,4765.917741,4898.068652
Annex_I,OECD_Europe,ESP,Spain,1.A.3.e,Other Transportation,CO2bio,bio,,,,,,,,,,,,,,,,,,,,,,,,,,,,,,,,,,,,,,,,,,,193.090716,26.926656,21.5409,8.077572,13.463328,13.463328,16.155852,13.463328,10.770804,12.450888,2.090016,1.789754446,1.27329666
Annex_I,OECD_Europe,ESP,Spain,3.C.1,Emissions from biomass burning,CO2bio,bio,4461.279142,5483.137862,4919.131437,4607.024663,5060.740705,5025.343119,4834.084528,4953.947425,5633.508703,4977.685499,6433.106116,4277.867718,4769.141045,4579.149046,6134.321419,5886.60919,4912.226416,5727.481527,6165.124584,5152.889747,4660.958485,4835.649847,3769.602329,3768.37798,3429.900488,2793.033199,4162.474706,3360.200211,3221.085355,2386.159803,2563.932181,1810.231819,1956.941436,1695.291006,1693.867011,940.7322988,982.5397471,975.1927921,773.3216662,434.1054919,305.0684432,306.9894752,227.8703291,279.7571366,208.5750026,178.6118237,177.9785114,106.6470602,121.4559416,73.55188893,60.69105986,58.02908586,45.31884765,31.70410861,57.0271457
Annex_I,OECD_Europe,ESP,Spain,4.C,Incineration and Open Burning of Waste,CO2bio,bio,1459.802632,1512.734877,1567.825846,1624.994599,1683.865568,1744.222003,1808.360423,1873.915125,1941.202227,2010.697333,2082.680067,2121.086964,2160.765267,2200.766548,2239.82881,2276.938438,2305.119579,2330.95396,2353.689818,2372.424813,2392.849159,2107.774293,2313.812592,2042.620493,1852.715071,1446.65155,2712.973265,3169.234801,2580.962083,2444.287488,2981.243565,3446.67255,2811.413821,3862.284512,3011.196869,2626.141074,3230.303314,3248.488431,3047.215906,3435.422967,3554.79101,3707.316414,2461.072815,4265.105433,2799.316433,3570.020968,3515.688253,3332.713958,4513.303854,3268.91428,4024.309349,4023.592754,4024.215354,4161.480332,4303.841429
Annex_I,Central Europe,EST,Estonia,1.A.2,Manufacturing Industries and Construction,CO2bio,bio,,,,,,,,,,,,,,,,,,,,,26.39987,26.39987,51.55907,51.55907,97.26401,340.40155,598.33342,340.76945,295.95794,407.17792,399.8439,445.89276,577.53717,609.98987,611.85775,678.77128,493.40507,506.13907,622.63045,474.64189,572.99328,559.12273,420.63686,487.08275,501.6273063,580.6161227,176.3247127,227.4786747,262.9227509,177.3223019,198.2836946,204.8570379,194.9593934,263.6115911,258.9212699
Annex_I,Central Europe,EST,Estonia,1.A.3.b_noRES,Road Transportation no resuspension,CO2bio,bio,,,,,,,,,,,,,,,,,,,,,,,,,,,,,,,,,,,,0.46034868,3.3229272,1.53015084,12.32003544,5.21975832,22.9388814,13.32906288,11.38451256,9.4870938,15.17964744,7.58967504,5.69225628,7.32586008,54.55252122,86.91961734,122.4065235,146.2016537,94.66607994,83.95420701,73.59479843
Annex_I,Central Europe,EST,Estonia,3.C.1,Emissions from biomass burning,CO2bio,bio,95.98072908,92.83064802,91.52688711,111.657216,111.4661047,89.88244292,124.3072904,106.7532373,121.6568124,102.4065991,100.5276739,90.62479408,102.5705915,110.6098666,99.19691866,104.0455715,111.233771,113.473462,103.0214652,108.1587723,119.5048245,98.27413516,111.6626296,129.0296301,88.07329747,89.48758881,101.1776172,106.1087832,100.5111827,77.88363134,114.0592097,83.68791205,70.0782255,60.25969181,60.11872441,61.51760378,42.23299788,43.5161783,28.72315994,14.91429024,0.633840708,0.706583276,0.874001337,0.856400844,1.08702405,1.36966638,0.920698808,1.213628786,0.906976395,1.486504353,1.499944635,1.233298976,1.447602252,1.19494761,1.367835761
Annex_I,Central Europe,EST,Estonia,1.A.1.a,Main Activity Electricity and Heat Production,CO2bio,bio,,,,,,,,,,,,,,,,,,,,,,,134.89995,106.00015,372.6918664,221.1412818,264.0576081,324.4668436,374.5220709,380.4968281,361.9496945,431.6772481,439.8500828,391.6699128,464.0325792,558.4342756,490.1713247,417.334521,414.1772481,753.2583464,1124.778774,1251.077936,1410.623278,1354.075054,1337.683596,1579.129109,2200.958843,2357.855335,2700.113106,2829.053829,3089.164107,3103.861164,3017.390071,3297.756014,3303.169044
Annex_I,Central Europe,EST,Estonia,1.B.2,Oil and Natural Gas,CO2bio,bio,49.38119966,49.38119966,50.36903735,51.48941794,52.5930251,49.88568106,54.32848615,55.87613937,100.1352169,102.7787418,102.5419065,102.525197,103.5220118,103.4505416,106.4369128,111.8440804,113.2094982,114.25481,115.7152324,116.8516465,140.0156014,192.021067,179.019478,60.0067484,92.1101694,71.9078428,80.9130092,164.1899582,38.5069758,32.543129,15.5844156,2.0352742,3.6853232,0.10006,,,,,,,,,,,,,,,4.24508994,6.69544512,10.33908876,16.170882,17.86069194,23.83125471,27.74848767
Annex_I,Central Europe,EST,Estonia,1.A.4,Residential and other sectors,CO2bio,bio,1476.764322,1476.764322,1459.672129,1427.197539,1449.417157,1404.976101,1408.395621,1379.33873,1329.771964,1334.899441,1348.572114,1382.7565,1423.778019,1372.501527,1456.252679,1483.122062,1379.356247,1475.173579,1385.799719,1274.186974,760.09973,756.70004,744.50013,727.50003,1036.09986,1520.29993,1771.39991,1895.80021,1478.59982,1443.0003,1447.00037,1448.40001,1371.79999,1513.50015,1526.5998,1325.301487,1338.428961,1688.275536,1732.220254,1804.374507,1865.884048,1623.002511,1683.238083,1629.813563,1618.13486,1574.886339,1675.229005,1702.84746,1712.572917,1651.922009,1740.603687,1701.983595,1784.668474,1583.025258,1582.389264
Annex_I,Central Europe,EST,Estonia,4.C,Incineration and Open Burning of Waste,CO2bio,bio,2.41514189,2.458263512,2.501132435,2.543715298,2.585923161,2.627683249,2.66489338,2.701557425,2.737848681,2.773945087,2.810029222,2.836567119,2.861948422,2.88745021,2.914982285,2.945374537,2.975639374,3.008979969,3.038124492,3.053332034,3.048102026,3.048102026,3.443206964,2.966771952,3.757064463,4.424410942,4.48146986,4.690522767,4.458884016,8.483790063,5.290422735,3.393271821,3.686417062,3.681507666,1.976113121,1.887335768,1.15041565,1.243212271,1.12501902,0.966644329,0.878266327,0.826103071,0.724576314,0.822048186,0.844582544,0.438952797,0.446700573,0.448495873,0.463845068,0.500313491,0.483347863,0.428626486,0.326349375,0.301920075,0.279319462
Non-Annex_I,Eastern_Africa,ETH,Ethiopia,1.A.2,Manufacturing Industries and Construction,CO2bio,bio,,,,,,,,,,,,,,,,,,,,,,6742.6656,14038.8336,4362.60528,1031.1168,1031.1168,1359.510316,1280.208841,1417.7856,1792.716854,1554.161844,1595.75636,1595.84916,1718.528,1759.027813,1539.377695,1355.072033,1275.176076,42.88808498,179.2709734,337.3790724,401.5062178,166.9238101,946.1260004,1116.870319,968.3745027,1010.096781,770.5313604,900.2100593,1073.336239,925.9204995,796.2543746,920.64,920.64,924.7259881
Non-Annex_I,Eastern_Africa,ETH,Ethiopia,1.B.1,Solid Fuels,CO2bio,bio,7007.318315,7007.318315,7200.459297,7393.695962,7586.837393,7769.263934,7962.404964,8112.594123,8246.759871,8364.806091,8407.758313,8617.01801,8955.039227,9201.846519,9432.534752,9695.460721,9974.506234,10312.52701,10709.52351,11111.92464,11514.32577,12007.94037,13075.08242,13523.81441,13983.74717,14449.33009,14920.56362,15391.69751,15868.4816,16356.46635,16850.10131,17349.28724,17865.42369,18392.66167,18931.09989,19475.18874,20036.12892,19662.72003,20813.05566,21567.46209,22343.27061,23145.83069,23926.98869,24713.4976,25639.11659,26473.77957,27313.79204,28131.96982,28897.74048,29680.27898,30451.71614,32027.70318,32859.31568,32979.82539,32979.82539
Non-Annex_I,Eastern_Africa,ETH,Ethiopia,1.A.3.b_noRES,Road Transportation no resuspension,CO2bio,bio,,,,,,,,,,,,,,,,,,,,,,,,,,,,,,,,,,,,,,,1.89741876,7.58967504,9.4870938,13.28193132,9.4870938,11.38451256,13.28193132,15.17964744,15.17964744,20.8719108,21.21339336,21.40310196,18.06357216,21.97224192,23.36899848,20.54605887,20.76408796
Non-Annex_I,Eastern_Africa,ETH,Ethiopia,1.B.2,Oil and Natural Gas,CO2bio,bio,,,,,,,,,,,,,,,,,,,,,,,,,,,,,,,,,,,,,,,7.58967504,7.58967504,5.69225628,17.0770662,9.4870938,11.38451256,13.28193132,15.17964744,15.17964744,20.8719108,21.21339336,21.40310196,21.4789854,23.79377016,25.30613604,25.30613604,26.12468458
Non-Annex_I,Eastern_Africa,ETH,Ethiopia,3.C.1,Emissions from biomass burning,CO2bio,bio,2345.079381,2402.287238,2346.751119,1992.923924,1992.877993,1735.537152,1840.004119,1812.036748,1727.838277,2008.456278,2371.64502,2149.804259,2112.497138,2464.572629,2117.965093,1871.668462,1975.030285,2140.310327,2228.319131,2134.649283,2220.313475,2165.025002,1963.169195,2032.409508,2210.37131,2778.290863,3510.670498,3494.770469,2863.748768,3251.038678,3218.781818,3776.264151,3393.548436,3811.064847,4031.075276,4705.614261,4499.977708,4871.821352,5109.451641,5684.62029,6094.464029,6321.476137,6702.12732,7225.74698,7610.531303,8045.055859,8214.241928,8650.963607,8443.227673,8730.291235,8844.334694,8706.307555,8892.711008,8951.932861,9006.55479
Non-Annex_I,Eastern_Africa,ETH,Ethiopia,1.A.4,Residential and other sectors,CO2bio,bio,33711.82801,33711.82801,34625.42022,35555.71068,36474.89407,37361.53645,38300.31543,39035.92829,39691.01608,40272.63052,40489.95875,41503.5645,43116.07617,44299.32685,45423.19507,46675.5738,48032.32176,49649.08296,51574.98611,53529.08368,55480.3903,57867.84018,62548.118,64687.38605,75122.45284,77631.86936,80158.13598,82706.9023,85278.71853,87901.93387,90538.69806,93222.81261,95997.37628,98828.03848,101705.1002,104635.8113,107632.9712,111699.1799,114290.9436,117389.6371,120579.93,123859.4694,127083.011,130320.5028,133647.4832,136637.3208,139831.108,142994.3243,146196.118,149394.7313,152578.7603,153790.7755,157798.9487,159653.5582,159888.8422
Annex_I,OECD_Europe,FIN,Finland,1.A.3.b_noRES,Road Transportation no resuspension,CO2bio,bio,,,,,,,,,,,,,,,,,,,,,,,,,,,,,,,,,1.94692212,11.68212744,13.62904956,,1.94692212,3.8941416,214.2118428,386.3165502,386.1817701,579.0955321,570.1900249,655.0778363,1465.339262,1466.221728,519.365752,1153.386605,1080.858815,1265.123826,1169.831313,1941.455141,1605.601484,1646.120662,1762.947277
Annex_I,OECD_Europe,FIN,Finland,1.A.1.bc,Petroleum Refining - Manufacture of Solid Fuels and Other Energy Industries,CO2bio,bio,,,,,,,,,,,,,,,,,,,,,,,,,,,,,,,,,,,,,,15.36038016,38.72522488,59.7815104,55.4176792,43.70293128,52.64854644,116.0373617,128.2206909,125.4645489,149.3869518,121.2270349,138.273757,115.7850774,141.6491074,124.8280116,143.003183,134.3032195,143.8348358
Annex_I,OECD_Europe,FIN,Finland,1.A.1.a,Main Activity Electricity and Heat Production,CO2bio,bio,,,,,,12.50011,47.69979,57.80003,60.29997,57.80003,60.29997,75.40008,75.40008,62.79991,3772.20004,3847.29992,3407.1002,3769.49955,3835.50027,3933.79963,4331.30029,4023.19995,3426.60021,3969.00017,4374.79989,4487.30004,4891.17254,5764.935149,6210.055304,6698.072693,8374.863797,8379.618316,9877.97507,10674.54896,11479.96894,11048.96035,12341.74263,10998.39647,11957.35775,10652.62659,13528.63269,13708.90793,14490.95257,15300.25591,14810.05422,14159.43879,14674.7614,15220.68563,15564.1587,15812.31035,14892.52856,18506.60875,17388.46447,16993.82101,17022.64848
Annex_I,OECD_Europe,FIN,Finland,1.A.2,Manufacturing Industries and Construction,CO2bio,bio,8219.3391,8219.3391,8219.3391,8219.3391,8219.3391,8219.3391,8219.3391,8219.3391,8219.3391,8219.3391,8219.3391,8219.3391,8219.3391,8219.3391,18509.3392,16936.73944,17103.23925,17609.83955,18742.83955,18931.43898,18493.43899,16238.83228,16665.99834,18799.17862,20260.55761,21884.43676,21630.63667,24186.13347,25230.03688,24019.98244,26922.73074,24609.20973,25501.01803,25018.62719,26224.92465,22967.40427,26735.05005,26919.40578,25680.87945,20536.24163,23476.66623,24120.32844,24586.57972,25235.31948,26581.80353,27183.77504,28821.40241,31083.11209,33010.77251,33728.45767,31399.54739,32694.37674,27885.56759,27965.13869,27362.67536
Annex_I,OECD_Europe,FIN,Finland,1.B.2,Oil and Natural Gas,CO2bio,bio,,,,,,,,,,,,,,,,,,,,,,,,,,,,,,,,,,,,,,109.032092,250.9404402,685.3960946,890.4833609,615.3132969,782.1680364,985.6320378,1101.259225,1291.64744,337.5415712,934.9031507,853.4103539,1022.608178,918.8288142,1805.071893,1469.013285,1447.166422,1568.220289
Annex_I,OECD_Europe,FIN,Finland,1.A.4,Residential and other sectors,CO2bio,bio,,,,,,,,,,,,,,,2826.90015,3137.0001,3369.80041,3457.89989,2106.89992,3153.50028,4470.00017,4479.99993,4490.00011,4500.00027,4500.00027,4470.00018,4689.99977,4710.00011,4770.0003,4660.460313,4561.486218,5131.743409,5303.421875,5372.151829,5411.412251,5465.210015,5662.807915,5680.262996,5924.92704,6351.943318,7116.460792,6109.341028,6696.571679,6380.729456,6398.956951,5993.761817,6541.687843,6424.742968,6328.341416,6213.331941,5696.311928,6464.818,5976.274678,5825.55287,5831.208047
Annex_I,OECD_Europe,FIN,Finland,1.A.3.d,Water-borne Navigation,CO2bio,bio,,,,,,,,,,,,,,,,,,,,,,,,,,,,,,,,,,,,,,,3.8941416,5.84106372,5.84106372,5.79689868,5.8475844,3.88969536,5.8689306,4.00826412,4.220211,5.93265768,5.86299756,5.91606216,7.88787756,17.20275036,17.07054552,21.9722399,21.3449827
Annex_I,OECD_Europe,FIN,Finland,1.A.3.c,Railways,CO2bio,bio,,,,,,,,,,,,,,,,,,,,,,,,,,,,,,,,,,,,,,,,,,,,,,,,,,,,2.2065882,2.20955472,2.271502221,2.432712709
Annex_I,OECD_Europe,FIN,Finland,2.C,Metal Industry,CO2bio,bio,,,,,,,,,,,,,,,,,,,,,,,,,,,,,,,,,,,,,,,,,,,,,,,,,0.0670544,2.7553792,,,,,
Annex_I,OECD_Europe,FIN,Finland,3.C.1,Emissions from biomass burning,CO2bio,bio,67.90016576,72.71079304,71.60732762,68.38112039,71.93483109,81.81127259,92.38694786,66.70471736,68.53272628,72.38428109,74.61471419,57.60887753,75.88400718,84.65040923,78.87935365,78.94563764,76.19881452,51.38278985,61.65160172,78.73180398,86.8436653,67.98469123,51.35753441,63.55717821,63.87083131,63.11653385,68.49111903,67.95533925,52.18374583,50.14572883,66.48401991,58.68828489,60.58193293,57.67424312,53.76742188,56.69720313,50.5924302,52.3757205,51.25650528,49.22698297,34.35598033,41.94390297,41.38931008,44.95677491,47.03859224,42.66677748,40.57958397,38.58468009,31.54384693,45.0332475,38.3829573,32.14848392,40.69610118,34.95424187,39.34448206
Annex_I,OECD_Europe,FIN,Finland,1.A.3.e,Other Transportation,CO2bio,bio,,,,,,,,,,,,,,,,,,,,,,,,,,,,,,,,,,,,,,,,,,,0.00091182,0.00891618,0.00868686,0.01554462,0.01828554,0.00937482,0.01874418,0.00959868,,,,,
Annex_I,OECD_Europe,FIN,Finland,1.A.5,Non-Specified,CO2bio,bio,17496.7,16952.40009,16608.60017,16505.30009,16152.8,13263.79998,13206.80005,12851.09999,13444.90002,14203.79981,14443.10013,14898.50004,14132.90012,15580.99994,,,,,,,,,,,,,,,,,,,,,,,,,9.73490796,15.88705664,10.03974104,8.07411456,3.06440896,,,,0.50423416,,,,,10.55067264,13.25732832,13.16593189,14.10032953
Annex_I,OECD_Europe,FIN,Finland,4.C,Incineration and Open Burning of Waste,CO2bio,bio,22.25575006,22.62729257,23.02462465,23.43721373,23.84791734,24.24432538,24.60431807,24.94934365,25.28962487,25.64080763,26.01412722,26.42871319,26.86663705,27.31774531,27.76618131,28.20060879,28.57620843,28.9357935,29.28937304,29.65228484,30.0355,35.2165,38.841,45.705,50.369,51.1335,48.53895237,66.47649166,77.51275824,110.5401423,149.0648833,126.8412469,119.5946479,141.6143592,157.3642432,124.8140852,122.9906327,171.4635872,263.5752489,255.3595133,307.2865104,374.0995118,509.6350706,626.3434397,724.7765184,722.8095718,834.3473175,906.2824774,903.6266945,955.6421376,1050.601552,1161.644312,1165.345201,1217.049055,1271.152146
Non-Annex_I,Oceania,FJI,Fiji,1.B.1,Solid Fuels,CO2bio,bio,0,0,0,0,0,0,0,0,0,0,0,0,0,0,0,0,0,0,0,0,0,0,0,0,0,0,0,0,0,0,0,0,0,0,0,0,0,0,0,0,0,0,0,0,0,0,0,0,0,0,0,0,0,5.002319735,5.002319735
Non-Annex_I,Oceania,FJI,Fiji,1.A.1.a,Main Activity Electricity and Heat Production,CO2bio,bio,0.002773384,0.002534054,0.002884528,0.001310585,0.001301828,0.001954969,0.002417424,0.003723609,0.004788842,0.016701949,0.026791587,0.031528712,0.022224975,0.033319678,0.045240777,0.046540135,0.046260524,0.045964998,0.046029625,0.046043533,0.140797772,0.14061221,0.140622858,0.140459602,0.150301662,0.335949229,0.333359781,0.310355848,0.307472613,0.249808445,0.369715721,0.53119605,0.56746953,0.780062489,0.783485386,0.793433009,0.717361802,0.647183322,0.602848657,0.61099171,0.649778766,0.680094747,0.896796545,1.371421682,1.046993289,0.770614641,0.757157599,0.604408084,0.703743622,0.799997654,0.703749736,0.726911731,0.748885653,1.366163345,1.379800132
Non-Annex_I,Oceania,FJI,Fiji,1.A.5,Non-Specified,CO2bio,bio,,,,,,,,,,,,,,,,,,0.012266319,0.012283566,0.012287277,0.020749145,0.022067371,0.020050532,0.024462821,0.025586112,0.042550599,0.042222625,0.043804636,0.043397687,0.094154879,0.117768121,0.126188076,0.125174297,0.122458628,0.190751908,0.120496424,0.118356766,0.120479503,0.099167102,0.119732552,0.103999115,0.052996533,0.085732175,0.084749512,0.072017583,0.078346145,0.078762835,0.071635362,0.054441511,0.052377938,0.047904236,0.021990107,0.023001488,0.094995477,0.094995477
Non-Annex_I,Oceania,FJI,Fiji,1.A.4,Residential and other sectors,CO2bio,bio,7.906532587,7.372942409,8.118160858,5.317020404,5.489617824,6.343188749,7.25288636,9.434088287,10.44034992,8.98746794,12.83208364,14.43218714,11.09758034,15.02005884,18.47021308,19.5311433,19.63191008,19.7572858,19.92623501,19.83141854,34.25283474,34.37415086,34.44642105,34.59645856,34.69231606,39.69994779,39.88652827,40.06040466,40.1645758,40.19294492,40.18902667,40.07280595,40.83831125,40.63494708,40.55141535,40.53384007,40.4503535,40.53857314,37.87369586,35.9352419,35.87321235,36.03251443,40.54882259,45.01283166,45.11841528,45.03690921,45.10827195,44.94363633,43.84098778,45.03381038,44.45994263,42.88132959,44.55742853,192.6655395,192.6655395
Non-Annex_I,Oceania,FJI,Fiji,1.B.2,Oil and Natural Gas,CO2bio,bio,,,,,,0.003543381,0.004381581,0.006749042,0.007609667,0.005998223,0.009621746,0.011323005,0.010309175,0.015455513,0.025605484,0.094854528,0.7857506,0.794210472,0.804641035,1.065617491,,,,0.033602776,0.033489675,0.055694501,0.055265216,0.054755795,0.054247109,0.0588666,0.087799502,0.099143926,0.098348817,0.097546767,0.100446844,0.099600513,0.098914971,0.098333137,0.097621232,0.096911813,0.096121119,0.095642922,0.094975267,,,,,,,,,,,,
Non-Annex_I,Oceania,FJI,Fiji,1.A.2,Manufacturing Industries and Construction,CO2bio,bio,3805.312,3805.312,3805.312,3805.312,3805.312,3805.312,3805.312,3805.312,3805.312,3805.314792,3805.312,3805.333084,3805.335765,3805.403428,3805.434986,3805.423778,3805.353919,3805.400425,3805.362079,3805.422585,3809.863608,3619.538859,3990.957524,4150.573348,4868.923695,4085.046393,4085.019089,3013.408875,2104.53093,3314.311461,2956.438608,2474.279121,2845.924602,2483.466092,2686.101168,2434.215579,2762.734754,2145.413532,1930.387651,1531.121149,1168.748734,1518.837948,1399.046886,1649.842672,2110.508169,2147.381325,1364.288008,1726.671842,1447.230938,1523.996945,1355.09954,1367.36603,1484.010145,1497.25845,1505.85109
Non-Annex_I,Oceania,FJI,Fiji,3.C.1,Emissions from biomass burning,CO2bio,bio,166.5607593,144.9204166,128.688038,139.7874951,123.3541783,126.6667097,131.1204066,149.9930206,158.0402965,219.6897111,184.9400095,204.0420904,204.189977,111.8824356,198.5025604,141.3071984,174.1334851,123.1070497,126.5429967,148.2126244,136.3449534,107.8073502,101.916606,98.23578451,97.34553039,88.83496125,81.75389364,74.92671231,50.56465647,80.96451169,77.33502373,67.24686241,69.68314702,62.39505955,65.36112321,62.81634917,69.60952191,56.63983699,52.90871518,46.64312064,39.64855144,47.88947936,34.10842743,37.3394038,42.16514872,41.01472624,31.95516674,37.10708129,38.02993774,40.09809803,39.18337338,33.24547957,38.54296609,35.96267742,35.54930238
Non-Annex_I,Rest South America,FLK,Falkland Islands (Malvinas),1.A.1.a,Main Activity Electricity and Heat Production,CO2bio,bio,,,,,,,,,,,,,,,,,,,,,0.42007107,0.38373185,0.360191947,0.368111436,0.339834025,0.352984412,0.386809194,0.398035846,0.753990358,0.740926459,0.830380925,0.814777781,0.813882589,0.75270422,0.82164491,0.665896345,0.654013403,0.635181312,0.540484679,0.530288931,0.555950395,0.328194659,0.353306314,0.741947306,0.770545576,0.924596004,0.774985918,0.823109067,1.090397108,1.300186265,1.279198366,1.271918387,1.317244006,1.297852401,1.297852401
Non-Annex_I,Rest South America,FLK,Falkland Islands (Malvinas),1.B.1,Solid Fuels,CO2bio,bio,0,0,0,0,0,0,0,0,0,0,0,0,0,0,0,0,0,0,0,0,0,0,0,0,0,0,0,0,0,0,0,0,0,0,0,0,0,0,0,0,0,0,0,0,0,0,0,0,0,0,0,0,0,0,0
Non-Annex_I,Rest South America,FLK,Falkland Islands (Malvinas),1.A.2,Manufacturing Industries and Construction,CO2bio,bio,2.906118055,2.806969995,2.162867521,2.474399806,2.32974802,2.070873425,1.861282671,2.121866116,2.030265185,2.177133602,2.201223244,2.023957654,2.137428135,1.759415715,1.596977574,1.63095754,1.844587657,1.567791583,2.310766319,2.221178551,1.476001015,1.395882312,1.197475485,1.198093516,1.217870308,1.242274009,1.245196959,1.310373189,0.813771556,0.826259914,0.907694097,0.73182236,0.694924727,0.656945271,0.628385761,0.619142887,0.595497572,0.470260032,0.408563476,0.401510181,0.423730718,1.33974382,1.359826992,0.632703531,0.64883889,0.650119522,0.843580053,1.276547811,1.135527897,1.031660897,0.91019961,0.907732187,0.940075168,0.926235997,0.926235997
Non-Annex_I,Rest South America,FLK,Falkland Islands (Malvinas),1.A.5,Non-Specified,CO2bio,bio,0.031605576,0.031211095,0.031262,0.035643884,0.036222973,0.036033273,0.031481818,0.031645103,0.032138351,0.031531873,0.031508053,0.032162566,0.031303307,0.028854668,0.044503088,0.04839379,0.048412142,0.046893757,0.083160972,0.078778917,0.427311367,0.372594131,0.372320843,0.363433077,0.385567913,0.383491402,0.377967632,0.37292791,0.359631639,0.371120135,0.488890298,0.539423643,0.474571988,0.544508833,0.554726773,0.535146738,0.554340947,0.619017551,0.53942285,0.479964049,0.505352316,0.598076318,0.61726619,0.642118269,0.22177066,0.298551959,0.234202348,0.262365409,0.279890881,0.285695842,0.281976164,0.289698322,0.290861786,0.279507342,0.279507342
Non-Annex_I,Rest South America,FLK,Falkland Islands (Malvinas),1.A.3.b_noRES,Road Transportation no resuspension,CO2bio,bio,,,,,,,,,,,,,,,,,,,,,,,,,,,,,,,,,,,,,,,,,,,,0.004000761,,,0.004798,0.000409838,0.000904701,0.001076321,0.000976039,0.00089756,0.000935003,0.000878558,0.000983769
Non-Annex_I,Rest South America,FLK,Falkland Islands (Malvinas),1.A.4,Residential and other sectors,CO2bio,bio,0.434312198,0.422229993,0.418244552,0.42039808,0.423562012,0.394369961,0.380488895,0.382321238,0.383626962,0.378997061,0.419561831,0.445536753,0.441893648,0.395589,0.403682617,0.426407131,0.433002857,0.391410464,0.604118054,0.628820472,1.390982838,1.181991404,1.181230403,1.181026256,1.167455533,1.165567751,1.154588231,1.187361661,1.173043359,1.142340057,1.171427266,1.047527986,1.086788382,1.045399391,0.964852957,0.93365011,0.90437372,0.658010566,0.807368361,0.779734844,0.760020037,1.360846792,1.518495485,1.460453209,1.901766584,1.680194386,2.015417885,2.040312957,2.084290475,2.028006299,1.777591185,1.852506895,1.743749355,1.66330751,1.66330751
Annex_I,OECD_Europe,FRA,France,1.A.3.b_noRES,Road Transportation no resuspension,CO2bio,bio,,,,,,,,,,,,,,,,,,,,,,,17.9124,93.59752212,286.7400354,460.3416,687.6803434,887.4070655,776.0388425,798.624085,967.6941876,970.7387717,1014.35155,937.8168779,1022.635158,1733.750301,2098.29965,4229.096414,6803.171936,7299.126085,7172.180106,7211.447584,7939.803434,7969.015861,8757.997524,8876.291134,8848.016595,9254.719116,9251.733523,9433.858197,7898.851659,8682.944979,9288.189406,9681.97966,10089.3794
Annex_I,OECD_Europe,FRA,France,1.A.2,Manufacturing Industries and Construction,CO2bio,bio,6706.00657,6836.30606,7100.50571,7353.00575,7467.10651,7101.80571,6987.10623,7054.50617,7030.30604,7278.30654,7174.80632,6932.70588,6825.00631,7106.775338,7607.676148,7718.515004,7135.473421,7370.873321,7838.028395,8257.381119,8693.204556,8808.728249,8915.337178,8280.997522,8950.147655,9035.436472,8716.903814,9414.629349,9313.411341,8911.895479,9064.90633,8707.29271,8843.783152,9070.072241,9201.310616,9083.890807,6398.729436,6910.133057,6376.378317,7139.841831,7099.243364,8057.148626,8249.840982,8590.493726,8548.759779,8707.584846,9009.933482,8987.456703,8817.042217,8490.102606,8600.508129,8200.425132,8065.686415,7677.192657,7653.838995
Annex_I,OECD_Europe,FRA,France,1.A.1.a,Main Activity Electricity and Heat Production,CO2bio,bio,3384.595106,3253.494686,3919.295106,3614.394746,2996.594736,2962.450697,2667.350377,2719.250367,3202.750407,3311.150847,3425.350837,3085.950827,3071.550327,3062.150547,3615.050547,4475.615684,5318.681489,5544.381829,5027.178263,3478.764557,3115.975104,3407.583667,3525.21138,3490.321016,3614.034668,3656.170425,3739.052763,3814.889501,3859.816027,4134.922757,4108.53631,4150.915915,4385.501276,4497.050506,4813.036581,7242.147805,7140.602601,8784.4166,9392.231042,9213.340112,11240.89567,9757.123338,10274.11742,11802.39917,12383.55592,13484.29463,15080.56014,15275.50051,15507.72453,16049.28808,15519.14283,16751.53511,17476.08201,17224.36045,17211.2096
Annex_I,OECD_Europe,FRA,France,1.A.1.bc,Petroleum Refining - Manufacture of Solid Fuels and Other Energy Industries,CO2bio,bio,,,,,,,,,,,,,,,,,,,,,,,,,,,,,,,,,,,,28.7001,38.19994,36.8116,37.30774,33.3667,74.50076,,,,,,,,,,,,,,
Annex_I,OECD_Europe,FRA,France,1.A.5,Non-Specified,CO2bio,bio,126.2352655,130.8216546,128.5283454,130.8216546,130.8216546,132.404929,132.404929,132.404929,132.404929,132.404929,132.404929,127.8731782,128.3100328,,,,,,,,,,,,,,,,,,,,,,,,,,,,,,,,,,,,,,,,,,
Annex_I,OECD_Europe,FRA,France,1.A.3.a,Civil Aviation,CO2bio,bio,,,,,,,,,,,,,,,,,,,,,,,,,,,,,,,,,,,,,,,,,,,,,,,,,,,,,23.25013236,32.36633852,33.72825399
Annex_I,OECD_Europe,FRA,France,1.A.4,Residential and other sectors,CO2bio,bio,31296.90024,31519.1,31066.50022,32177.50025,28715.40017,30519.69995,29345.50017,29804.10005,30514.00004,31349.49985,27747.00002,27075.29998,27952.59996,31624.83614,31349.93629,35308.63071,33912.74653,35693.74635,32710.99055,33160.7413,34100.53695,40448.97074,38950.9627,37576.94103,32531.5513,33311.27892,36433.51513,31997.61723,32068.48903,30366.53807,28919.10976,29630.01013,27551.92078,29711.02477,29909.00608,29146.23493,26737.69446,25891.08867,27639.88993,28680.5555,31993.26829,26326.28899,30529.70991,33791.3078,28243.01288,29897.36227,32262.08655,31438.27475,30829.93732,31235.53684,28104.99449,31876.8566,28628.32226,28847.18777,28926.07794
Annex_I,OECD_Europe,FRA,France,1.B.1,Solid Fuels,CO2bio,bio,,,,,,,,,,,,,,,,,,,,,,,,,,,,,,,,,,,,,,,,,,0,181.752646,105.5662084,166.4762816,113.0169932,147.301376,291.6356904,245.5508432,115.3224232,108.4531452,126.3273224,104.3173224,104.3173224,104.3173224
Annex_I,OECD_Europe,FRA,France,1.B.2,Oil and Natural Gas,CO2bio,bio,,,,,,,,,,,,,,,,,,,,,,,8.49555396,74.52313836,241.9895785,474.4271396,682.7089939,817.3006648,764.0469438,803.1914071,962.3914375,960.1083641,1028.383148,1129.13964,1183.627377,1912.033608,2004.914959,3342.45413,6162.725806,6895.959924,6722.429202,6689.11395,7807.615711,7279.83497,7413.921203,7841.228163,7198.739751,7042.632971,8030.542117,7671.916076,7380.892576,6599.480326,6935.831597,7125.099703,6758.685159
Annex_I,OECD_Europe,FRA,France,1.A.3.c,Railways,CO2bio,bio,,,,,,,,,,,,,,,,,,,,,,,,,,,,,,,,,,,,,,,,,,,,,,,12.51063612,20.57577564,23.9440644,27.3748908,21.62156952,26.58610092,23.18847264,24.04472413,25.0564815
Annex_I,OECD_Europe,FRA,France,4.C,Incineration and Open Burning of Waste,CO2bio,bio,1090.881394,1106.802654,1123.410084,1140.182777,1156.332502,1171.301938,1180.635225,1188.791072,1196.214814,1203.549346,1211.285335,1218.692301,1226.398377,1234.485021,1243.029767,1252.022888,1261.329605,1271.161801,1280.686546,1288.78808,1294.713417,1324.094828,1354.018547,1383.50964,1354.39684,1329.244722,1290.776135,1205.084992,1062.251665,922.6147845,941.8102583,841.5582385,737.8011449,730.6658266,722.303743,714.3988336,706.9274502,711.2060577,714.4908782,745.8495707,742.3386873,733.3584573,753.498909,738.8629278,801.0403865,690.7837126,632.1904526,569.9069655,589.2455887,656.1797256,544.008811,622.0580416,484.8645294,467.2609485,450.8658508
Annex_I,OECD_Europe,FRA,France,1.A.3.d,Water-borne Navigation,CO2bio,bio,,,,,,,,,,,,,,,,,,,,,,,,,,,,,,,,,,,,,,,,,,,,,,,5.93295504,9.06380184,11.69664852,14.56782924,12.21746748,13.72508976,12.26045016,12.02319207,11.67995743
Annex_I,OECD_Europe,FRA,France,3.C.1,Emissions from biomass burning,CO2bio,bio,714.1078692,784.0297524,824.1018416,865.399109,850.7107679,713.3431844,699.0682834,781.4374192,911.4575093,848.4347083,960.6590486,934.8109545,990.9183078,975.8907686,1231.09939,1160.724515,1076.509898,1121.213607,1197.553074,1307.272051,1348.124627,1398.521667,1383.930636,1284.179383,1293.747176,1298.270752,1449.898503,1420.390901,1551.062418,1453.377817,1478.4022,1243.484681,1377.881094,1079.915421,1267.734001,1099.908114,988.6975056,894.1602128,959.1335964,920.9547612,817.2285033,768.3164796,767.8045139,695.953503,677.197333,682.204047,514.0247741,603.6413906,508.5720405,553.8820107,423.9981909,465.4404494,445.783649,464.8480393,408.1976301
Annex_I,OECD_Europe,FRO,Faroe Islands,1.A.4,Residential and other sectors,CO2bio,bio,,,,,,,,,,,,,,,,,,,,,,,0.03304,0.03304,0.03304,0.03304,0.03304,0.03304,0.03304,0.03304,0.03304,0.03304,0.03304,0.03304,0.03304,0.03304,0.03304,0.03304,0.03304,0.03304,0.03304,0.03304,0.03304,0.03304,0.03304,0.03304,0.03304,0.03304,0.03304,,,,,,
Annex_I,OECD_Europe,FRO,Faroe Islands,3.C.1,Emissions from biomass burning,CO2bio,bio,0.008476246,0.007965389,0.007606022,0.006742115,0.005852144,0.006287368,0.007908911,0.007835579,0.007835579,0.007835579,0.007835579,0.00762663,0.007417681,0.007363719,0.007288875,0.007296079,0.007125538,0.00689933,0.006723655,0.006544554,0.00641091,0.006250472,0.006180656,0.005888337,0.005651786,0.005412208,0.005410778,0.005407334,0.005363713,0.005318884,0.005311712,0.005265199,0.005216291,0.005169624,0.005123862,0.005078914,0.005073659,0.004974048,0.005031746,0.005034606,0.004985687,0.005135018,0.005246747,0.005519452,0.005825338,0.004851588,0.005218934,0.005187419,0.005145403,0.005102932,0.00506687,0.005072598,0.005074726,0.005038312,0.005016894
Non-Annex_I,Oceania,FSM,"Micronesia, Federated States of",3.C.1,Emissions from biomass burning,CO2bio,bio,0.023533828,0.023533828,0.023533828,0.023533828,0.023533828,0.023533828,0.023533828,0.023533828,0.02385965,0.02473309,0.025058912,0.025384734,0.025384734,0.023533828,0.024185472,0.024185472,0.024511294,0.024511294,0.024511294,0.024511294,0.026258174,0.011990737,0.011534109,0.010942617,0.010506958,0.346970519,0.352150231,0.353211328,0.354024467,0.354765758,0.355654796,0.356648459,0.357201818,0.357493848,0.35733301,0.35698335,0.356245853,0.376417956,0.352890497,0.349746147,0.345706865,0.341610837,0.316603542,0.340632443,0.335479407,0.334635012,0.331104453,0.3346277,0.331816645,0.329885795,0.33045568,0.329507321,0.32903317,0.329836273,0.329440199
Non-Annex_I,Western_Africa,GAB,Gabon,1.A.4,Residential and other sectors,CO2bio,bio,1662.8843,1662.8843,1697.28431,1734.58451,1774.4843,1816.9845,1858.38442,1896.38465,1934.08427,1974.48438,2014.48465,2057.18457,2102.48449,2147.18444,2194.48439,2243.98451,2285.88433,2327.38431,2371.28458,2417.58431,2511.28448,2593.37567,2672.62319,2735.04391,2740.53999,2842.35724,2885.97608,2927.4943,2998.58026,3068.26333,3148.71267,3227.63263,3314.28557,3403.33744,3499.78947,3601.37208,3710.67184,3828.17584,3949.67593,4083.18881,4223.34099,4363.36248,4507.28398,4654.00561,4800.72724,4939.54879,4887.25428,4841.21726,5722.28222,5698.0516,5687.03656,5695.84551,5701.27759,5701.27759,5701.27759
Non-Annex_I,Western_Africa,GAB,Gabon,1.A.1.a,Main Activity Electricity and Heat Production,CO2bio,bio,,,,,,,,,,,,,,,,,,,,,8.50004,32.99994,27.0999,27.19996,27.19996,30.0001,23.09983,23.09983,22.49986,22.20009,21.89989,22.3998,22.3998,22.80006,23.09983,22.90012,22.49986,23.89993,24.30019,23.6998,25.19993,26.99984,28.3999,30.0001,31.3001,32.50004,33.20007,33.35582,33.65894,34.94764,34.3125,34.81659,35.8746,35.8746,35.8746
Non-Annex_I,Western_Africa,GAB,Gabon,1.A.2,Manufacturing Industries and Construction,CO2bio,bio,636.95656,636.95656,645.55667,654.75632,664.65643,675.25657,685.55652,695.05637,704.45657,714.45632,724.35643,735.05664,746.25633,757.45643,769.15645,781.45643,791.85644,802.25645,813.15637,824.65667,852.95651,891.82942,848.73205,889.90334,882.124,871.93509,881.74757,902.57174,931.36437,915.867451,1012.177217,1031.296207,2386.749257,3700.012225,5046.264265,6406.48608,7742.696083,9075.909797,10395.6101,11727.26209,13038.23264,8305.723508,5972.110342,12488.01054,11230.33189,11358.24584,11398.34732,11462.02129,11523.47697,11573.28638,11627.15261,11682.03553,11701.88243,11729.35551,11725.94147
Non-Annex_I,Western_Africa,GAB,Gabon,3.C.1,Emissions from biomass burning,CO2bio,bio,19.51468968,21.36981687,21.57461407,24.01029618,24.44270242,24.97704533,26.53536971,32.1038187,35.55994888,37.67685949,41.01191296,41.22020572,38.42804962,39.2505735,37.01983605,38.95443589,44.86958724,47.60007283,50.84625546,49.64383417,53.19152845,51.78995909,52.03409841,51.78789971,52.70610173,54.31619036,54.76143794,52.83066517,55.21580371,53.35384537,58.15638636,58.10796906,58.38134545,59.9441764,58.86549943,61.85320622,61.42907551,62.44287514,65.65030297,68.90156985,71.5727354,75.53454804,80.19310256,83.07105048,83.94973626,83.34369273,82.84763029,83.56108637,84.13790758,84.5843112,84.94561021,84.53369197,83.09345272,84.81726637,84.95237972
Annex_I,OECD_Europe,GBR,United Kingdom,1.A.4,Residential and other sectors,CO2bio,bio,,,,,,,,,,,,,,,,,,,,842.2,1101.9174,1118.352,1243.952,1225.4426,1262.4614,1276.8758,1276.8758,1274.8556,1082.011,1082.011,1069.6714,1390.102,1420.7558,1418.8994,1430.3754,1695.2944,1857.3218,1984.2964,2154.216,2161.1276,2971.1836,2566.4984,3034.389,3699.034,4140.95,3254.1796,3531.9316,4004.5616,4428.8444,4549.0666,4595.8764,5201.1438,5090.0248,5413.821151,5431.343421
Annex_I,OECD_Europe,GBR,United Kingdom,1.A.1.a,Main Activity Electricity and Heat Production,CO2bio,bio,,,,,,,,,,,,,,,,,,,,,510.2612,571.0704,789.0206,1096.9194,1496.037,1617.7282,1732.7628,2038.4664,2531.5682,3075.2698,3424.795,4071.7528,4588.6716,5506.891,6475.8506,8448.5204,8603.8806,8242.3312,8570.9584,9466.1342,10630.1052,11653.8716,12429.1926,14332.509,18022.255,22733.8594,23848.4478,25122.4148,28131.60713,29027.09323,29957.37103,31530.37688,28380.07103,26688.48834,27073.57972
Annex_I,OECD_Europe,GBR,United Kingdom,1.A.2,Manufacturing Industries and Construction,CO2bio,bio,,,,,,,,,,,,,,,,,,,,,308.5426,312.6922,1039.2728,1023.149,1944.0936,2115.849,2149.2986,2149.349,1858.4288,1151.7288,1151.7288,727.6288,727.6288,727.6288,727.8288,460.0288,516.3288,647.3288,1254.0644,1312.5644,1628.4644,1793.9644,1697.2644,1916.5644,1964.2644,3576.8246,3825.1354,3930.8158,4578.390428,5042.68418,5983.548584,5836.587528,5846.28174,5848.156904,5851.06997
Annex_I,OECD_Europe,GBR,United Kingdom,1.A.3.b_noRES,Road Transportation no resuspension,CO2bio,bio,,,,,,,,,,,,,,,,,,,,,,,,,,,,,,,,,7.916856,44.863128,47.501844,203.222904,535.030644,1033.696992,2365.317552,2928.588192,3410.875668,3150.887448,2653.139376,3034.120548,3462.457008,2769.686796,2804.133828,2768.306196,3872.833224,5327.191092,5074.53634,4878.89366,6369.644784,7073.956757,7346.547342
Annex_I,OECD_Europe,GBR,United Kingdom,3.C.1,Emissions from biomass burning,CO2bio,bio,2416.159602,2724.935753,2727.635219,2815.47366,3286.824196,2533.356091,2641.210589,2962.678331,3525.042419,3764.614481,4351.205663,4167.443542,4528.229416,4310.764255,5331.521865,3998.977815,4113.476892,3211.339868,2781.84291,2804.94924,2364.209646,1964.89785,1502.234405,971.9163823,591.7934188,199.1533344,190.3232124,153.0555736,119.4487063,86.29807799,61.03400535,45.65704335,53.22770828,46.59001297,45.5125357,40.82878408,37.46919134,31.85194221,36.92410579,30.11091232,27.16108636,27.86326538,24.98630461,24.89828853,31.04446194,30.83587692,27.81514974,29.39908506,26.63195267,31.59779272,22.90361586,28.19518112,30.19095125,27.93270237,27.28120194
Annex_I,OECD_Europe,GBR,United Kingdom,1.A.5,Non-Specified,CO2bio,bio,,,,,,,,,,,,,,,,,,,,,90,98.2,90.6,79.4,77.3,75.1,80.8,22.5,41.7,47.9,69.7,,,,,,,,,,,,,,,,,,,,0.4,0.4,0.4,0.300350175,0.300350175
Annex_I,OECD_Europe,GBR,United Kingdom,4.C,Incineration and Open Burning of Waste,CO2bio,bio,42.62094736,42.83119704,43.01963031,43.18730804,43.33556877,43.46613198,43.60441797,43.72850645,43.84393409,43.95734059,44.07456655,44.11118291,44.1547746,44.209451,44.27943348,44.36762261,44.46061494,44.57337207,44.70021234,44.83271155,44.9474745,41.6474745,43.2974745,49.8974745,43.2974745,68.3279745,71.6437541,67.81001586,124.6961771,127.3524777,129.5010258,131.5134749,134.3519422,137.0253374,138.685463,141.1149318,143.2089965,140.1695881,127.6742125,131.3493676,148.7908397,141.4200473,133.7252603,129.1995733,114.5036081,113.1119385,101.4107672,93.51658577,82.46085074,69.02284772,63.10577752,62.07720827,67.79419056,62.49082813,58.03927883
Annex_I,OECD_Europe,GBR,United Kingdom,1.B.2,Oil and Natural Gas,CO2bio,bio,,,,,,,,,,,,,,,,,,,,,,,,,,,,,,,,,,,,23.3817,675.773964,1152.28062,847.025712,637.206372,833.106432,515.495508,887.674824,1493.550072,1178.662512,1068.956616,2287.103172,2963.442588,2932.1154,2770.647576,2926.646796,2967.112212,3140.665356,3345.338829,3283.606488
Non-Annex_I,Russia +,GEO,Georgia,1.A.4,Residential and other sectors,CO2bio,bio,2997.826655,2997.826655,2963.129561,2897.206249,2942.312,2852.096804,2859.038419,2800.053027,2699.432657,2709.84142,2737.5969,2806.991089,2890.264635,2786.173529,2956.188088,3010.732846,2800.088588,2994.597452,2813.168814,2586.595313,1542.99992,1805.39966,2821.00011,4287.89992,1102.09974,2782.99988,3926.99985,3181.00001,2828.49992,2689.90009,2551.29985,2551.463754,2551.463754,2551.463754,2551.463754,1461.364224,1561.863754,1628.863854,1561.763684,1540.964074,1436.263934,1251.963934,1239.163634,2025.7003,1952.40016,1668.49993,1621.60009,1526.77016,1138.41268,1035.97975,953.1627,982.78701,872.79729,874.0277905,872.2732305
Non-Annex_I,Russia +,GEO,Georgia,1.A.2,Manufacturing Industries and Construction,CO2bio,bio,,,,,,,,,,,,,,,,,,,,,,,,37.59998,112.79993,37.99982,74.99982,100.00004,113.00006,131.59992,150.10013,150.10013,150.10013,150.10013,150.10013,,,,,,,,0.99981,0.90016,1.3,3.50016,6.29988,4.62977,7.08992,4.60966,3.91172,5.21926,2.1809,2.341137278,2.341137278
Non-Annex_I,Russia +,GEO,Georgia,3.C.1,Emissions from biomass burning,CO2bio,bio,102.3624045,98.32430395,99.40711668,112.0133749,109.6270166,81.17837262,108.8707379,108.327637,111.5360919,95.40033699,102.0208689,95.16130548,117.0691311,109.9377765,106.1154275,113.8183202,112.8089538,117.9138696,120.0980569,120.7189559,105.9866941,91.87516695,91.23862001,73.84877074,80.50953203,83.24935439,100.801773,154.1593056,108.4540754,134.4412445,80.78248746,131.9286546,120.0595847,130.3140007,118.27477,120.9611942,59.42660993,70.25990131,78.04561354,63.25272648,44.47744334,69.14918263,64.79813296,81.21532665,62.43796181,66.71618708,73.07044932,54.35650749,63.0705424,62.08888724,67.46037238,72.7906335,67.57795268,69.07283294,70.87858688
Non-Annex_I,Russia +,GEO,Georgia,1.A.5,Non-Specified,CO2bio,bio,730.5142064,730.5142064,722.0591743,705.9948981,716.9863247,695.0025712,696.6941126,682.3204776,657.801178,660.3375984,667.1010891,684.0111533,704.3033567,678.9383037,720.3676675,733.6592032,682.3291429,729.72731,685.5165491,630.3048306,376.00018,,,,,,,,,,,,,,,,,20.90009,20.90009,58.60013,67.0001,67.0001,43.99992,,,,,,,,,,,,
Non-Annex_I,Russia +,GEO,Georgia,1.A.3.b_noRES,Road Transportation no resuspension,CO2bio,bio,,,,,,,,,,,,,,,,,,,,,,,,,,,,,,,,,,,,,,,,,,,,,,,,,,0.6799986,0.30739236,0.01837968,0.03112368,0.062459567,0.054798715
Non-Annex_I,Russia +,GEO,Georgia,1.B.2,Oil and Natural Gas,CO2bio,bio,,,,,,,,,,,,,,,,,,,,,,,,,,,,,,,,,,,,,,,,,,,,,,,,,,0.6799986,0.30739236,0.01837968,0.03112368,0.062459567,0.062459567
Non-Annex_I,Western_Africa,GHA,Ghana,1.B.1,Solid Fuels,CO2bio,bio,1441.165054,1441.165054,1441.165054,1441.165054,1835.932605,1885.234811,1951.087979,2016.940749,2079.34364,2138.646496,2204.499255,2253.801881,2319.654629,2375.507168,2628.918433,2780.275349,2931.631854,3102.639828,3267.097899,3448.105623,3464.656115,3852.873344,4060.083268,4290.393207,4530.704197,4645.859172,4759.263944,4866.319128,4996.424856,5107.629939,2151.881567,2171.540144,2216.29863,2279.357322,2375.0663,2497.475934,2663.634451,2857.143916,2095.222246,2430.733732,2889.584044,3090.768262,3189.632971,3413.92027,3218.121656,3203.270358,3144.222312,4396.50683,4264.472442,4089.326538,3921.57024,3523.810971,4118.814736,4230.525151,4230.525151
Non-Annex_I,Western_Africa,GHA,Ghana,1.A.1.a,Main Activity Electricity and Heat Production,CO2bio,bio,,,,,,,,,,,,,,,,,,,,,,,,,,,,,,,,,,,,,,,,,,,,,,,,0.05235048,0.20962578,0.19659276,0.26197626,,0.1284738,0.112954633,0.114153
Non-Annex_I,Western_Africa,GHA,Ghana,1.A.2,Manufacturing Industries and Construction,CO2bio,bio,610.00001,610.00001,710.00006,810.0001,832.3999,860.10019,890.09986,943.29986,950.20012,967.80017,1000.20014,997.79985,1010.00019,1041.60006,1030.00011,1050.00004,1080.00013,1109.99981,1139.99991,1170,1200.0001,1230.0002,1259.99988,1289.99997,1329.99982,1359.99992,1392.60002,1424.60015,1462.30019,1494.50003,2869.10016,2807.50019,2549.1001,2398.00017,2214.40019,2055.20006,1912.09984,1804.49991,1717.39982,1667.80006,1635.5998,1685.09991,2081.751858,2242.835016,1717.347837,1711.947707,1705.948017,1207.700877,1303.544173,1384.53289,1329.33472,1140.655534,1241.843335,1273.313616,1273.313616
Non-Annex_I,Western_Africa,GHA,Ghana,1.A.4,Residential and other sectors,CO2bio,bio,6688.834786,6688.834786,7008.834836,7348.834816,7434.067135,7654.764959,7868.912001,8073.059271,8300.65633,8511.353514,8735.500705,8966.198279,9200.345241,9444.492842,9651.081527,9969.724721,10298.3681,10637.36009,10992.90216,11361.89426,11665.34424,12137.12629,12549.91697,12979.60665,13419.29603,13794.14069,14123.33594,14450.58087,14830.57517,15155.57017,11259.56999,10522.71131,10046.3035,9532.094982,9113.485763,8732.226861,8401.317087,8169.657576,9030.928542,8978.567999,8899.666078,9334.782571,8993.716196,9220.495596,10254.98079,10232.58207,10221.98084,11885.73658,11824.49306,11757.35753,11618.5944,10246.45921,11359.83537,11640.07919,11640.07919
Non-Annex_I,Western_Africa,GHA,Ghana,3.C.1,Emissions from biomass burning,CO2bio,bio,648.162544,641.8141982,594.9677341,600.0239115,652.4992845,599.8349263,568.2339102,585.1978863,525.2496346,613.1631049,626.4729735,635.1311012,555.0275208,476.8310889,837.6598339,743.1206222,785.9966425,845.819168,857.9292037,927.6026936,689.8222309,1109.045494,1033.489485,1129.836641,1083.789566,1204.878558,1246.71981,1234.862617,1317.071533,1303.229811,1332.716877,1407.02551,1712.000033,1649.58517,1561.491655,1605.99625,1624.905403,1564.297864,1868.649549,2084.707284,2238.800572,2287.783873,2376.298266,2353.721072,2400.263562,2377.595524,2401.861647,2587.685656,2733.961854,3165.478208,3298.856291,3513.747258,3637.935716,3840.166761,3492.210647
Non-Annex_I,Western_Africa,GHA,Ghana,4.C,Incineration and Open Burning of Waste,CO2bio,bio,,,,,,,,,,,,,,,,,,,,,,,,,,0.0055,0.007333333,0.0077,0.009166667,0.010083333,0.011,0.012246667,0.0132,,,,0.01584,0.018333333,0.031166667,0.044,0.080666667,0.1155,0.130166667,0.1485,0.1815,0.187733333,0.187733333,0.18392,0.186083333,0.189786667,0.22902506,0.22902506,0.22902506,0.22902506,0.237613405
Non-Annex_I,OECD_Europe,GIB,Gibraltar,1.A.4,Residential and other sectors,CO2bio,bio,0.006608,0.006608,0.006608,0.006608,0.006608,0.006608,0.006608,0.006608,0.006608,0.006608,0.006608,0.006608,0.006608,0.006608,0.006608,0.006608,0.006608,0.006608,0.006608,0.006608,0.006608,0.006608,0.006608,0.01652,0.006608,0.006608,0.006608,0.006608,0.006608,0.006608,0.006608,0.006608,0.006608,0.006608,0.006608,0.006608,0.006608,0.006608,0.006608,0.006608,0.006608,0.006608,0.006608,0.006608,0.006608,0.006608,0.006608,0.006608,0.006608,0.105728,0.142072,0.142072,0.142072,0.142072,0.142072
Non-Annex_I,Western_Africa,GIN,Guinea,1.A.3.b_noRES,Road Transportation no resuspension,CO2bio,bio,,,,,,,,,,,,,,,,,,,,,,,,,,,,,,,,,,,,,,,,,,,2.767938142,2.211119576,2.195691351,3.658349877,3.027676519,2.244631754,3.447127399,3.716390312,3.363391191,2.991624038,3.056091859,2.686920593,2.71543345
Non-Annex_I,Western_Africa,GIN,Guinea,1.A.1.a,Main Activity Electricity and Heat Production,CO2bio,bio,,,,,,,,,,,,,,,,,,,,,12.6323543,15.46919788,54.54704485,71.02824819,73.22389978,74.6044816,77.30904014,78.0987138,78.5301143,101.0476264,99.68556743,97.70561132,94.46960528,94.29606883,94.70419245,86.40561618,86.34640657,80.28624879,83.97254982,84.5247531,83.73413841,25.80978923,24.018142,25.56043171,27.96976265,25.56230424,25.32359862,25.03659138,24.58708685,24.35094806,24.15528882,23.88258104,26.58293979,26.64951094,26.6519718
Non-Annex_I,Western_Africa,GIN,Guinea,1.A.5,Non-Specified,CO2bio,bio,,,,,,,,,,,,,,,,,,,,,271.1845372,294.0213064,47.02241805,87.12485558,100.4109823,34.02075738,388.4330351,47.84701531,57.34152396,478.8617242,472.9272195,432.691234,444.1925134,458.7271312,470.5712829,482.8767336,489.7071225,484.8964862,496.1561909,509.9459444,522.8893526,530.4400972,551.0552533,564.5183451,580.7654982,577.0859676,590.6992297,599.8834865,611.8160033,651.8928078,664.9393091,633.9924606,638.0802773,650.8689272,650.8689272
Non-Annex_I,Western_Africa,GIN,Guinea,1.B.1,Solid Fuels,CO2bio,bio,303.9715065,300.2007727,304.4149563,316.4230831,317.5688077,315.9758672,316.5393629,331.0522114,330.7426772,336.2432195,356.6415301,374.5382207,384.2277019,401.5899663,413.2334207,441.8210872,454.7177675,474.2712543,489.4009773,515.0666285,1568.36819,1657.096939,1610.176773,1576.935169,1620.570492,2515.011633,2000.354816,1830.693537,1850.728652,2020.756439,2038.081962,2090.88346,2240.669149,2281.284789,2273.149193,2256.19662,2329.634388,2338.262588,2387.530445,2441.298351,2369.415461,2430.397069,2642.807329,2868.530883,2896.639389,2949.653729,2835.158071,2943.605024,3000.903104,2963.094812,3009.118395,3138.298934,3134.423033,3122.704252,3122.704252
Non-Annex_I,Western_Africa,GIN,Guinea,1.A.2,Manufacturing Industries and Construction,CO2bio,bio,432.3354059,430.2017392,448.5546758,461.4880302,445.6254286,459.6416359,480.296316,487.4696683,507.4307189,508.7151109,510.728964,542.2938239,552.9829159,546.6709969,536.6414114,533.522328,576.2507111,587.2697329,600.7562758,576.7479832,405.2865596,406.4254634,369.1718963,350.5215617,380.0213913,395.7662445,390.8481992,382.3689026,370.9668831,367.6005182,368.2075255,362.443986,383.7687236,396.1527636,394.0503136,388.7737786,375.059551,389.867996,394.5471365,362.0697081,356.4276952,363.7588778,372.0926668,367.8278213,366.4070467,375.4068183,378.4294051,375.9802641,378.5704935,381.5018474,380.2899916,379.7303906,385.8831016,386.6473134,388.7340974
Non-Annex_I,Western_Africa,GIN,Guinea,1.A.4,Residential and other sectors,CO2bio,bio,11140.77779,11039.07265,11194.73483,11118.98537,10992.0502,11343.1191,11334.03768,11443.15378,11485.55925,11628.77877,11590.27576,11830.94969,12061.13819,12374.66289,12609.94622,13206.80127,13307.42419,13495.83368,13561.25719,13900.65424,14320.21907,14952.48259,14696.02281,15111.42312,15295.92014,16309.94931,16623.19585,15726.15065,15555.5343,16492.18634,16180.20687,16077.46333,16136.82952,16218.40355,16355.02823,16759.29035,16744.52584,16903.36644,16832.02127,16968.50309,17158.07527,16932.29072,16637.78938,16568.56295,16514.80088,16380.74713,16339.27141,16179.95803,16081.62182,16001.94799,15863.09998,15625.75289,16019.12321,16093.15596,16093.15596
Non-Annex_I,Western_Africa,GIN,Guinea,3.C.1,Emissions from biomass burning,CO2bio,bio,390.343531,405.0746236,416.8651613,434.358549,447.5322753,462.0667919,487.3553927,503.6477701,523.1541857,542.5839526,564.8826294,585.3618217,603.9632015,625.4756877,652.0626859,671.8246355,699.3652471,716.0058988,749.3635116,790.8463465,825.0148266,864.3418715,901.1720236,943.1725672,988.1379699,1033.379798,1082.478822,1134.613504,1188.577231,1245.269329,1305.582506,1227.745413,1291.436414,1363.29251,1438.274361,1516.411577,1598.465095,1677.218707,1726.165222,1722.715177,2349.09028,2475.04707,2640.291333,2744.13679,2765.566734,2822.896534,2856.183927,3017.427296,3134.270695,3047.493035,3014.545154,3359.127959,3690.740224,4130.06561,4048.593311
Non-Annex_I,Rest Central America,GLP,Guadeloupe,1.B.1,Solid Fuels,CO2bio,bio,0,0,0,0,0,0,0,0,0,0,0,0,0,0,0,0,0,0,0,0,0,0,0,0,0,0,0,0,0,0,0,0,0,0,0,0,0,0,0,0,0,0,0,0,0,0,0,0,0,0,0,0,0,0,0
Non-Annex_I,Rest Central America,GLP,Guadeloupe,1.A.5,Non-Specified,CO2bio,bio,0.680702186,0.669417259,0.665388106,0.742935901,0.7400181,0.724009601,0.609116119,0.603655864,0.592900478,0.56481206,0.55465756,0.58277707,0.584604264,0.555087664,0.847274893,0.952989157,0.974730468,0.956662108,0.938678222,0.91230359,6.554845715,6.519069067,6.532774299,6.398222064,6.71003378,6.698308134,6.705576251,6.642885284,6.52359217,6.814607446,8.391240704,9.226123103,8.468111617,9.837353205,10.06451548,9.863475662,10.28307709,11.4184044,10.22350756,9.391438608,9.790545512,9.801498072,9.814276058,9.825228618,9.838006605,9.848959164,9.856260871,9.863562578,9.870864284,9.876340564,9.883642271,9.892769404,9.901896537,9.901896537,9.901896537
Non-Annex_I,Rest Central America,GLP,Guadeloupe,1.A.1.a,Main Activity Electricity and Heat Production,CO2bio,bio,,,,,,,,,,,,,,,,,,,,,6.76806236,7.028055853,6.596922099,6.741967692,6.22406639,6.464915966,7.084417466,7.290033806,14.03207862,13.99735124,15.92802285,15.87229444,16.10585598,15.11454256,16.76826346,13.796195,13.75904774,13.57225026,11.71570836,11.68037293,12.24560342,12.24560342,12.24560342,12.24560342,12.24560342,12.24560342,12.24560342,12.24560342,12.24560342,12.24560342,12.24560342,12.24560342,12.24560342,12.24560342,12.24560342
Non-Annex_I,Rest Central America,GLP,Guadeloupe,1.A.2,Manufacturing Industries and Construction,CO2bio,bio,325.6791546,323.3626111,308.3134879,315.5922796,312.2125649,306.1640931,301.2671129,307.3555111,305.2153025,308.6468075,309.2096496,305.0679302,307.7191097,298.8870438,295.0917601,295.8856846,300.8770425,294.4098445,295.0095918,293.5661799,281.5600971,556.4680101,408.6005854,436.2311047,421.249317,421.6962712,421.7498051,422.943509,15.14463193,15.60944422,17.41101209,14.25627973,13.75180858,13.19167212,12.82419921,12.827546,12.52799941,10.04829129,8.856144706,8.84383658,9.333275721,9.333275721,9.333275721,9.333275721,9.333275721,9.333275721,9.333275721,9.333275721,9.333275721,9.333275721,9.333275721,9.333275721,9.333275721,9.333275721,9.333275721
Non-Annex_I,Rest Central America,GLP,Guadeloupe,1.A.4,Residential and other sectors,CO2bio,bio,9.916497888,9.625931011,9.511939133,9.462924552,9.47105648,8.860583529,8.510606329,8.525592122,8.489260081,8.339329702,9.258310853,9.903682966,9.884273701,8.885473196,9.046803073,9.607369698,9.804100479,8.867131438,8.930999467,9.417453121,19.44227736,19.05570048,19.20080194,19.30796492,19.27207183,19.39533115,19.84485754,20.56034124,20.75857092,20.64745999,18.27741815,16.77368855,17.58295919,17.26365471,16.34037248,16.08006328,15.87392441,12.2515885,14.74603876,14.51874865,14.22697426,14.24751031,14.27146903,14.29200508,14.31596381,14.33649985,14.35019055,14.36388125,14.37757195,14.38783998,14.40153068,14.41864405,14.43575743,14.43575743,14.43575743
Non-Annex_I,Rest Central America,GLP,Guadeloupe,3.C.1,Emissions from biomass burning,CO2bio,bio,281.3760069,266.6134286,159.5966773,202.1141422,174.5000225,148.8700317,165.3045404,154.1215382,161.000019,177.7514695,154.0004409,127.86416,133.0413059,99.35746324,77.44109654,95.3749964,113.88281,114.1765563,137.3555066,131.4355574,57.79945873,99.93525877,79.23737005,119.6530426,95.80949911,68.43532829,91.73607035,100.2718645,76.29512975,121.6420415,114.0245988,89.62181173,113.9617665,96.95565852,136.9517713,136.7866773,119.5563599,119.802293,105.2195906,106.4191323,112.3427936,110.3082112,100.8681147,77.70169947,104.3664521,107.9802058,105.3748483,102.7136345,102.3265794,102.2411503,102.1566324,102.059357,101.3962588,100.7378629,100.4201196
Non-Annex_I,Western_Africa,GMB,Gambia,1.A.5,Non-Specified,CO2bio,bio,,,,,,,,,,,,,,,,,,,,,44.17980165,46.49663863,55.47747392,56.03962422,59.01883693,62.73118381,61.01791214,69.15488613,70.78333287,79.54922242,80.02349925,73.21703119,75.16512553,77.57208227,79.57889202,81.66438001,82.77561199,81.97520603,83.92726616,86.26145725,88.41367982,89.57787412,94.76106759,100.0110124,101.617379,102.8225284,108.2180172,102.0263091,107.2305888,113.480537,112.0237314,107.5055347,109.8899445,110.3536031,110.3536031
Non-Annex_I,Western_Africa,GMB,Gambia,1.A.3.b_noRES,Road Transportation no resuspension,CO2bio,bio,,,,,,,,,,,,,,,,,,,,,,,,,,,,,,,,,,,,,,,,,,,0.513776343,0.462300324,0.478327151,0.732380477,0.563841576,0.426832987,0.496236641,0.40719691,0.296196647,0.319908056,0.33097934,0.290997538,0.294085523
Non-Annex_I,Western_Africa,GMB,Gambia,1.B.1,Solid Fuels,CO2bio,bio,5.572114489,5.59944541,5.817326329,6.334369184,6.552557738,6.743481476,7.015019739,7.513237339,7.899741076,7.989520968,8.972975293,9.492488263,9.77365915,10.44946187,10.86204796,11.56840607,12.28343953,13.34848682,14.3911542,15.49064652,0.086016173,0,0,0,0,0,0,0,0,0,0,0,5.532454564,6.265868134,4.914783312,0.069118261,2.933478098,7.482082632,8.8662474,9.041349291,4.559179238,5.898233261,15.76275429,27.00010568,26.30277624,31.43868813,22.08747337,28.10752936,29.45345811,21.03351234,24.47250121,43.43852339,44.70139764,43.41592104,43.41592104
Non-Annex_I,Western_Africa,GMB,Gambia,1.A.1.a,Main Activity Electricity and Heat Production,CO2bio,bio,,,,,,,,,,,,,,,,,,,,,0.580395496,0.702025491,2.537513127,3.272229343,3.118499945,3.094638477,3.188816409,3.27230436,3.346466093,4.408214976,5.249625834,5.197801847,5.076727474,5.118753363,5.192860236,4.785567661,4.82780975,4.531387694,4.831332806,4.933396655,4.932339262,1.511456113,1.418767323,1.522959039,1.680908723,1.549452599,1.577375847,1.56920055,1.544632265,1.536344873,1.530434131,1.529000193,1.713160586,1.7288821,1.729148615
Non-Annex_I,Western_Africa,GMB,Gambia,1.A.2,Manufacturing Industries and Construction,CO2bio,bio,7.064471847,7.082686255,7.786962399,8.418888187,7.95393732,8.81206451,9.780820639,10.22623358,11.55870274,11.49308639,12.2997311,13.45003621,13.77861244,13.7917326,13.50627386,13.29822905,15.50217652,16.56719224,17.68027226,16.94948835,9.456182159,10.22760604,8.750949526,6.958763883,8.081424598,8.142402559,7.514076542,6.763235563,6.392635105,5.058721893,6.138576624,5.894531941,7.100414957,7.344863073,7.303805454,7.595053981,6.900558005,7.80155256,8.229497545,7.586665985,7.330440425,7.823730705,8.384055259,8.202617824,8.188086973,8.208852602,7.840050679,7.75127967,7.763606545,7.777523654,7.723176572,7.649209427,7.826248761,7.915322357,7.915322357
Non-Annex_I,Western_Africa,GMB,Gambia,1.A.4,Residential and other sectors,CO2bio,bio,345.4052071,346.2193792,357.4667349,364.9929765,362.7493587,392.3273253,403.1340338,415.082201,440.405126,441.5396826,468.1174639,474.3530936,480.2329197,502.1013778,515.8668573,536.9918939,559.5953205,589.6867603,611.2150295,639.0401723,698.1974271,721.2773139,741.0055049,755.5003144,716.3478451,747.6538305,746.7901365,748.3645445,753.5679615,790.3837058,921.833512,917.9028029,930.7482305,945.1655587,962.5629704,998.1513161,1008.008887,1023.645053,1030.193497,1050.187537,1070.614457,1069.001451,1064.528674,1075.549339,1083.402746,1086.303866,1098.643961,1087.317947,1095.943553,1101.77692,1096.098094,1083.936388,1119.034503,1130.70253,1130.70253
Non-Annex_I,Western_Africa,GMB,Gambia,3.C.1,Emissions from biomass burning,CO2bio,bio,54.25458537,55.71083066,48.7561284,43.29267029,43.40712899,43.52119936,40.07135158,40.29073625,46.96509182,38.62380197,48.29145816,57.93045797,58.70151272,39.88072386,40.45574633,50.97360714,48.37046168,47.1355631,52.65500518,45.45679865,45.92593078,49.10258651,42.74244495,40.0741109,42.88796809,46.08010407,46.71625023,41.37848946,45.60796522,57.97903266,62.59137018,68.87385276,51.49440777,67.19905275,76.26004187,72.96332114,77.81665492,65.52972361,103.1627357,160.0598473,187.5894425,96.66003375,125.9420938,132.4559276,120.8930818,153.0291673,118.7652002,105.037773,79.94255545,96.2825227,94.68535345,72.2165376,84.63677012,106.8510259,109.3697925
Non-Annex_I,Western_Africa,GNB,Guinea-Bissau,1.A.3.b_noRES,Road Transportation no resuspension,CO2bio,bio,,,,,,,,,,,,,,,,,,,,,,,,,,,,,,,,,,,,,,,,,,,0.36912512,0.340345742,0.336310502,0.520149507,0.414712589,0.248628207,0.379407502,0.311654293,0.235906233,0.224604508,0.229429219,0.201714517,0.203855056
Non-Annex_I,Western_Africa,GNB,Guinea-Bissau,1.A.5,Non-Specified,CO2bio,bio,,,,,,,,,,,,,,,,,,,,,54.23803552,56.16789372,63.185295,62.95917196,63.35020157,66.42707518,63.08017643,70.70512943,74.26364481,85.46243071,87.99985975,80.30466959,82.22530739,84.6961436,86.65742138,88.69170826,89.96827476,88.96420852,91.18274071,93.78693128,96.19254649,97.75261523,101.6710128,104.1211996,107.356531,107.0935218,109.9312549,111.964333,114.3010969,119.4495172,124.9010225,119.54655,120.7320899,123.6331855,123.6331855
Non-Annex_I,Western_Africa,GNB,Guinea-Bissau,1.A.1.a,Main Activity Electricity and Heat Production,CO2bio,bio,,,,,,,,,,,,,,,,,,,,,2.392858982,2.834418744,9.708822971,12.29315103,12.24906047,12.21101831,12.77951997,13.1509331,13.93050842,18.80430157,19.41998856,19.26060684,18.84073282,19.02290637,19.32204104,17.82579965,18.00715418,16.92245543,17.86654434,18.15873404,18.15381481,5.667645596,5.326444194,5.723746376,6.323397304,5.833735263,5.810034426,5.792858498,5.737158221,5.650075138,5.712022465,5.699563643,6.401638006,6.47365671,6.473841454
Non-Annex_I,Western_Africa,GNB,Guinea-Bissau,1.B.1,Solid Fuels,CO2bio,bio,30.05213216,30.60123239,32.02677953,34.85458588,37.09146203,38.75687374,41.67701881,47.0302461,49.36076947,52.77450448,61.37215258,64.58503139,67.73517086,71.79435596,73.5779765,77.80484007,82.15467497,86.89937974,91.24191131,96.6643876,290.5743424,298.3822895,295.6178785,304.5618066,308.043858,280.2369671,333.3355153,335.3141456,354.1064346,384.0407511,406.3138854,423.3390133,461.061375,477.6495722,484.5151703,490.222608,513.6611284,522.5973659,541.5059413,562.1715349,555.1184683,577.2619431,633.5324811,693.7011198,710.3946449,731.3175275,715.2069035,749.7834623,773.5787073,770.7307515,797.3366351,832.1779445,839.6895725,846.2964614,846.2964614
Non-Annex_I,Western_Africa,GNB,Guinea-Bissau,1.A.2,Manufacturing Industries and Construction,CO2bio,bio,24.98061506,25.47485099,28.27384284,30.97074404,30.73060661,34.05587317,39.3761283,43.52738171,48.66179657,51.31981278,56.7665611,62.08271538,65.10792625,64.54952454,62.06409971,60.41302111,69.71898906,72.43801437,75.92128396,71.58008199,38.98602001,41.29382572,33.48215971,26.14276886,31.74278029,32.12880194,30.11345869,27.18049687,26.61095457,21.57919533,22.7084923,21.84236059,26.35103456,27.29583409,27.17662759,28.29087794,25.7382578,29.13487752,30.76539554,28.38805704,27.45142106,29.33736051,31.47605794,30.82794931,30.80269998,30.90657496,29.55529452,29.25450628,29.33196217,29.06325417,29.23197811,28.96633275,29.64867382,29.99437281,29.99437281
Non-Annex_I,Western_Africa,GNB,Guinea-Bissau,1.A.4,Residential and other sectors,CO2bio,bio,1200.336174,1223.997131,1275.853943,1319.418221,1377.494171,1490.14795,1594.874204,1735.69813,1820.865746,1936.110481,2121.067831,2148.851785,2227.263446,2306.130537,2325.856598,2392.369454,2466.133084,2524.143107,2568.31577,2639.365154,2716.220757,2742.696288,2674.736318,2669.994707,2613.94176,2740.131768,2746.352148,2731.553135,2844.456912,3064.674829,3146.876078,3163.109005,3210.395067,3262.187315,3325.400017,3443.58793,3476.239823,3545.953813,3566.642588,3630.94749,3707.836042,3693.429953,3662.745041,3680.526381,3701.037389,3704.481237,3726.930741,3722.0598,3729.804105,3694.743824,3738.788504,3714.002548,3838.171832,3884.951083,3884.951083
Non-Annex_I,Western_Africa,GNB,Guinea-Bissau,3.C.1,Emissions from biomass burning,CO2bio,bio,62.58932948,57.54000659,63.50548786,64.1251005,80.55453831,112.2885296,131.7831594,128.2471578,98.56976736,106.0464564,109.9323452,146.5018316,204.1421895,181.2685977,163.6537866,127.6871859,126.2074147,119.0611286,114.5605252,123.8825054,135.6502193,138.9451448,141.168073,144.0244164,148.7830066,156.0212417,144.7979325,133.4811707,131.6305561,144.0169912,161.5924367,153.2747241,146.2920494,143.9612283,154.1138098,167.3739583,171.1354711,163.7701575,183.7355373,197.4859792,210.494478,190.5057435,222.0817804,245.4550777,180.8536177,214.1511508,225.8188102,210.8715222,222.0749389,238.5918388,243.129522,259.2907926,256.5649844,256.3335384,255.1178986
Non-Annex_I,Western_Africa,GNQ,Equatorial Guinea,1.A.4,Residential and other sectors,CO2bio,bio,351.348842,351.348842,352.348642,356.7993348,363.5991148,369.4991548,379.848802,386.648582,392.548622,399.448472,415.597074,412.148712,421.4986096,428.2983896,425.3986096,426.8479668,423.9477668,422.9479568,425.3975944,424.4978444,422.4978144,421.4975844,420.4977744,423.0470016,422.0471916,421.0469716,423.0470016,424.4978444,422.4978144,421.4975844,423.0470016,422.0471916,420.0471616,419.0469316,420.5968192,419.5970192,418.5967892,416.6968192,419.1463964,417.1463664,416.1465564,416.1465564,416.6962028,414.6961728,413.7960128,411.7963928,414.24555,414.26565,411.32568,411.32568,410.2416028,411.0383036,410.1651928,411.0379608,411.0379608
Non-Annex_I,Western_Africa,GNQ,Equatorial Guinea,1.B.1,Solid Fuels,CO2bio,bio,16.051238,16.051238,16.051238,10.7008052,10.7008052,10.7008052,16.051238,16.051238,16.051238,16.051238,32.1024156,16.051238,21.4016104,21.4016104,21.4016104,26.7520432,26.7520432,26.7520432,32.1024156,32.1024156,32.1024156,32.1024156,32.1024156,37.4528484,37.4528484,37.4528484,37.4528484,32.1024156,32.1024156,32.1024156,37.4528484,37.4528484,37.4528484,37.4528484,42.8032208,42.8032208,42.8032208,42.8032208,48.1536536,48.1536536,48.1536536,48.1536536,53.5036272,53.5036272,53.5036272,53.5036272,58.85447,58.85447,58.85447,58.85447,61.2406472,62.4766364,63.1349672,62.31156983,62.31156983
Non-Annex_I,Western_Africa,GNQ,Equatorial Guinea,3.C.1,Emissions from biomass burning,CO2bio,bio,9.332130624,9.722134583,9.288325803,8.461217472,8.028234449,8.01336007,7.795207951,7.789426822,7.78694459,7.588640407,7.60351644,7.620056386,8.444680832,8.486014993,8.909079834,9.336267677,9.755193812,9.763455519,9.767588439,9.767588439,20.58191876,23.00970335,23.4999681,23.73720218,23.92110052,24.22740005,24.5543615,23.68188472,23.1439354,23.9028885,24.53586154,25.37739097,26.20258789,27.01932932,27.93559039,28.63005998,29.63266779,30.85838787,31.87247181,32.60088551,33.2917564,33.92632032,34.75214589,34.74388336,34.84694993,36.88087561,35.96143201,36.63834036,36.79240708,37.01791679,36.99764656,37.15642419,37.24852136,37.26928885,37.36466521
Annex_I,OECD_Europe,GRC,Greece,1.A.1.a,Main Activity Electricity and Heat Production,CO2bio,bio,,,,,,,,,,,,,,,,,,,,,,,4.60004,4.60004,3.59981,2.39987,,,0.05463276,1.03738362,,70.97984712,106.3608437,62.73541638,72.61798908,63.11740344,61.69803276,74.85666006,75.45719454,124.9249365,108.1626655,132.623471,167.7859256,163.3632218,164.9467201,175.6127591,213.9634698,219.9485472,233.7473877,284.1735809,342.3116265,318.031904,341.0563752,391.4424973,357.8105104
Annex_I,OECD_Europe,GRC,Greece,1.A.1.bc,Petroleum Refining - Manufacture of Solid Fuels and Other Energy Industries,CO2bio,bio,,,,,,,,,,,,,,,,,,,,,,,,,,,,,,,,,,,,,,,,,,,,,,,,,0.03913116,0.0103722,,0.00266916,,,
Annex_I,OECD_Europe,GRC,Greece,1.A.3.b_noRES,Road Transportation no resuspension,CO2bio,bio,,,,,,,,,,,,,,,,,,,,,,,,,,,,,,,,,,,,,136.8130846,252.1655634,204.3628123,231.2527514,379.1468148,314.6111422,314.6111422,356.9451384,388.2106166,411.6596474,435.1083809,484.8150714,464.5656554,550.0642381,590.1110191,640.6147973,640.6147973,661.8583684,603.4897365
Annex_I,OECD_Europe,GRC,Greece,1.A.3.e,Other Transportation,CO2bio,bio,,,,,,,,,,,,,,,,,,,,,,,,,,,,,,,,,,,,,,,,,,,,,,,,0.39602688,0.32310288,0.41677128,0.27359952,0.0936684,,,
Annex_I,OECD_Europe,GRC,Greece,1.A.2,Manufacturing Industries and Construction,CO2bio,bio,,,,,,,,,,,,,,,,,,,,499.40024,800.1375636,815.6375236,818.628941,822.0836892,798.8377126,815.428971,815.0649372,833.828701,805.5470536,825.8458063,974.80984,944.6744582,997.2740582,844.210309,864.9551372,1019.455167,915.9457563,985.300309,1103.236625,1013.791287,1026.273928,1092.220154,835.0656902,516.7257484,659.236473,798.1682179,585.6428078,545.3959609,567.5978121,546.094643,603.4590326,498.8112869,452.7721871,528.9621775,524.1050844
Annex_I,OECD_Europe,GRC,Greece,1.A.5,Non-Specified,CO2bio,bio,,,,,,,,,,,,,,,,,,,,,,,,,,,,,,,0.10006,,,,,,,,,,,,8.06692368,8.44160436,,2.6055816,2.6055816,,2.25105768,2.5047978,3.4735188,3.61817028,,,
Annex_I,OECD_Europe,GRC,Greece,3.C.1,Emissions from biomass burning,CO2bio,bio,631.7394572,647.7713664,621.2734978,603.1486577,693.834385,684.4445997,731.2219165,584.61103,788.7332596,751.2353804,921.8862124,924.487029,957.1450428,774.4957451,888.0372891,738.7190119,867.0226819,883.7678059,913.3301134,955.7204525,747.1259285,1026.611486,830.081761,794.6465727,866.9076884,812.5946314,796.3099447,806.234431,762.5830249,748.4909585,816.7377802,810.8379995,786.078216,744.5497729,811.4939737,805.7339268,738.8819484,715.2441605,855.6662179,826.6296958,746.2554858,752.7670376,741.8367487,749.243502,650.8786285,643.3016553,607.139295,557.1043612,464.8012456,447.6834913,474.8957415,496.3260968,495.9834233,528.8084144,545.5080407
Annex_I,OECD_Europe,GRC,Greece,1.A.4,Residential and other sectors,CO2bio,bio,1884.00013,1884.00013,1884.00013,1884.00013,1884.00013,1884.00013,1884.00013,1884.00013,1884.00013,1884.00013,1884.00013,1884.00013,1884.00013,1884.00013,1884.00013,1884.00013,1884.00013,2093.4,2093.4,1438.70004,2939.29982,2939.29982,2939.29982,2939.354453,2939.409091,2939.409091,2987.208951,2980.19983,2992.418343,2988.710428,2982.62943,2984.901991,2974.148361,2972.352993,2982.481175,2999.229762,2996.758563,3450.140566,2866.942777,2562.007735,2622.016236,3477.069289,4211.175384,3644.51824,3501.609101,3730.285343,3265.328592,3302.973219,3231.9788,3067.791453,2862.758437,3080.548703,3166.004247,3346.311649,3343.415904
Annex_I,OECD_Europe,GRC,Greece,1.A.3.c,Railways,CO2bio,bio,,,,,,,,,,,,,,,,,,,,,,,,,,,,,,,,,,,,,,,,,,,,2.6055816,7.81644036,7.81644036,5.21086584,4.97372124,4.8930942,,,,,,
Annex_I,OECD_Europe,GRC,Greece,1.B.2,Oil and Natural Gas,CO2bio,bio,,,,,,,,,,,,,,,,,,,,,,,,,,,,,,,,,,,,,128.0759468,246.4326962,186.4972536,209.7408582,333.4341576,290.4103782,368.390716,396.1180562,406.8030082,384.1045282,397.19942,399.935132,446.8746895,528.1966386,514.4976316,464.1723048,464.1723048,464.1723048,461.442346
Annex_I,OECD_Europe,GRC,Greece,1.A.3.d,Water-borne Navigation,CO2bio,bio,,,,,,,,,,,,,,,,,,,,,,,,,,,,,,,,,,,,,,,,,,,,,2.6055816,,2.6055816,1.32354228,0.89639172,1.202892,1.07839728,1.12344732,,,
Annex_I,OECD_Europe,GRC,Greece,1.B.1,Solid Fuels,CO2bio,bio,,,,,,,,,,,,,,,,,,,,,,,,,,,,,,,,,,,,,,8.5561628,4.3281108,4.3281108,4.3281108,7.3562328,8.9281508,17.8563028,8.9281508,8.9281508,8.8280808,3.0281108,4.1562528,8.93348912,2.64979092,5.36422612,1.81819172,3.070091822,3.070091822
Annex_I,OECD_Europe,GRC,Greece,2.C,Metal Industry,CO2bio,bio,,,,,,,,,,,,,,,,,,,,,,,,,,,,,,,,,,,,,,,,,,,,,,,,,0.00266916,,,,,,
Annex_I,OECD_Europe,GRC,Greece,4.C,Incineration and Open Burning of Waste,CO2bio,bio,1.643302752,1.667343063,1.692363888,1.71918328,1.748892854,1.782159799,1.817834693,1.857005938,1.897780872,1.937485288,1.974129766,1.9999859,2.022512003,2.04235826,2.060688712,2.078479137,2.094237704,2.109263124,2.124906038,2.142855918,2.16425,2.16425,2.16425,2.16425,2.16425,2.16425,2.16425,2.16425,2.16425,2.16425,2.16425,2.16425,2.16425,2.16425,2.16425,1.89145,1.61865,7.57405,13.52945,11.584925,9.6404,9.6404,9.6404,9.992125,10.34385,5.877025,1.4102,1.545112525,1.68002505,1.814937575,1.651593193,1.790822499,1.890343647,1.959389872,2.030958062
Non-Annex_I,Rest Central America,GRD,Grenada,1.A.3.b_noRES,Road Transportation no resuspension,CO2bio,bio,,,,,,,,,,,,,,,,,,,,,,,,,,,,,,,,,,,,,,,,,,,,0.031804363,,,0.031836968,0.003066225,0.0090974,0.011355744,0.008463623,0.008591457,0.009073513,0.008550411,0.009575519
Non-Annex_I,Rest Central America,GRD,Grenada,1.A.5,Non-Specified,CO2bio,bio,,,,,,,,,,,,,,,,,,,,,,,,,,,,,,,,,,,,,,,,,,,,0.000910425,0.001774942,0.002857403,0.001733903,0.001976799,0.002031488,0.002050927,0.00095781,0.002072324,0.002064777,0.002064777,0.002064777
Non-Annex_I,Rest Central America,GRD,Grenada,1.A.4,Residential and other sectors,CO2bio,bio,,,,,,,,,,,,,,,,,,,,,,,,,,,,,,,,,,,,,,,,,,,,0.009104249,0.021299305,0.017144419,0.020806836,0.019643077,0.018867334,0.017770703,0.007889201,0.016965859,0.015990086,0.015990086,0.015990086
Non-Annex_I,Rest Central America,GRD,Grenada,1.A.2,Manufacturing Industries and Construction,CO2bio,bio,4.6032,4.6032,4.6032,4.6032,4.6032,4.6032,4.6032,4.6032,4.6032,4.6032,4.6032,4.6032,4.6032,4.6032,4.6032,4.6032,4.6032,4.6032,4.6032,4.6032,4.6032,4.6032,4.6032,7.05824,4.6032,7.05824,7.05824,7.05824,7.05824,7.05824,7.36512,7.672,7.97888,8.28576,7.97888,8.59264,8.89952,9.51328,8.28576,8.28576,8.59264,8.59264,8.59264,8.89952,7.97888,7.97888,7.97888,8.28576,8.59264,8.89952,7.672,8.13232,8.89952,9.2064,9.329152
Non-Annex_I,Rest Central America,GRD,Grenada,3.C.1,Emissions from biomass burning,CO2bio,bio,3.214161163,2.764713934,2.5869149,1.813186861,1.661995654,2.350872037,2.654913168,3.132719326,3.378242747,3.187061666,2.463180914,2.598730992,2.499068751,2.310529795,2.218951416,2.194269359,2.041073507,2.103503825,2.125906916,2.161333373,2.196667599,2.213176531,2.248923238,2.266680024,2.256306904,2.278555558,2.205682299,2.1942606,2.174396205,2.146031463,2.159871945,2.152715059,2.147182734,2.144088638,2.100517388,2.063262675,2.10677135,2.097757734,2.094126466,2.086361802,2.082802333,2.080116476,2.074006339,1.711380625,2.662230209,2.407438301,1.454690488,1.318969232,1.227149326,1.119632668,0.837649964,1.150898982,1.214961273,1.552263793,1.617286687
Annex_I,OECD_Europe,GRL,Greenland,1.A.1.a,Main Activity Electricity and Heat Production,CO2bio,bio,,,,,,,,,,,,,,,,,,,,,,,,,,,,,,,,,,,18.9,18.5,16.6,18.7,18.5,17,19.1,19.4,21.9,24.9,19.6,20.9,19.9,19.832,20.829,22.553,21.915,21.702,18.723,18.5012,18.28202753
Non-Annex_I,Rest Central America,GTM,Guatemala,1.B.1,Solid Fuels,CO2bio,bio,593.1257112,593.1257112,589.676324,586.2264664,582.7770792,584.8777956,609.2284732,637.0294284,660.9314492,688.1823168,170.258176,170.258176,177.3088688,179.8595816,187.4594616,188.509574,194.0601368,203.1601468,210.2103692,205.7103892,203.760712,209.4108644,227.0616972,214.9618472,205.5119008,204.612756,212.5625836,213.712766,204.2145868,238.8617772,238.8617772,238.8617772,238.8617772,238.8617772,244.6120008,255.0120108,259.112746,292.9144568,473.8231356,503.724796,211.6198144,218.7705672,222.2713324,229.1218952,237.1719176,243.9727228,249.8234756,260.5165632,273.217332,286.5394132,300.5066912,315.155966,330.522592,340.6146721,340.6146721
Non-Annex_I,Rest Central America,GTM,Guatemala,1.A.1.a,Main Activity Electricity and Heat Production,CO2bio,bio,49.89996,49.89996,58.60013,75.50015,87.10009,108.89992,159.39985,154.89988,126.80017,112.19996,122.59997,186.50017,219.69982,187.99988,190.20004,188.20001,192.30014,234.5998,258.50015,463.09985,569.30013,660.1001,727.89988,735.79996,771.60003,889.90015,885.49983,1050.80013,1098.99983,1389.00021,1385.50004,1720.30001,3148.30026,2960.19991,3023.30001,2337.00016,2312.89969,2947.79986,2541.20003,3231.20016,4523.80014,4332.69993,5414.00007,5346.058191,5709.979568,5539.074595,6316.319327,5324.338998,5090.06835,5323.722889,5349.41905,8722.507502,7480.617999,7606.654247,7607.595448
Non-Annex_I,Rest Central America,GTM,Guatemala,1.B.2,Oil and Natural Gas,CO2bio,bio,,,,,,,,,,,,,,,,,,,,,,,,,,,,,,,,,,,,,,79.69249416,79.69249416,79.69249416,79.69249416,68.3079816,174.5643455,180.2569062,185.9491625,185.9491625,185.9491625,185.3477165,185.3477165,185.3477165,185.3477165,185.3477165,185.3477165,185.3477165,185.3477165
Non-Annex_I,Rest Central America,GTM,Guatemala,1.A.2,Manufacturing Industries and Construction,CO2bio,bio,9692.69677,9692.69677,9765.79662,9837.7966,9910.39697,10041.29685,10341.49669,10314.69699,10147.09687,10060.19691,10132.89692,10225.9967,10373.09699,9998.89671,10009.29672,9999.79687,10018.59686,10100.29682,10016.3967,10025.49671,10166.09699,11273.08805,12612.97123,13226.92461,12322.69686,14791.37187,14347.83379,15282.30166,18275.49905,18214.89983,12086.17535,11773.25739,13456.688,12281.3376,15101.5648,11014.50627,562.2877265,,275.0049912,10658.61195,2118.206643,16413.05879,,,,,,,,,,,,,
Non-Annex_I,Rest Central America,GTM,Guatemala,1.A.4,Residential and other sectors,CO2bio,bio,7062.074249,7062.074249,7202.723816,7358.373484,7506.522871,8789.672747,9015.421349,9245.870532,9480.819624,9720.267866,8817.341894,9011.741734,9215.691101,9424.140448,9636.640648,9855.690616,10104.73977,10355.03966,10617.6897,10884.48977,11160.7389,11191.28866,11422.33835,11199.23801,10978.1883,11164.38767,11340.33759,11524.58728,11536.7851,13598.63825,13598.73831,13598.73831,17403.93829,18144.93825,18944.38792,19722.58759,19800.98739,20443.5854,20798.87642,21305.17489,22133.47953,22781.72966,23311.42876,23945.77872,24447.32792,24908.02731,26537.57711,28154.89353,28704.47538,29248.16475,30124.53139,31027.06012,31956.51729,32502.70812,32502.70812
Non-Annex_I,Rest Central America,GTM,Guatemala,3.C.1,Emissions from biomass burning,CO2bio,bio,809.3838195,831.1234619,901.8472284,987.1877865,1062.79482,1211.906779,1459.952277,1415.376384,1247.649512,1161.809181,1302.062312,1426.635743,1615.893515,1463.924981,1475.278455,1528.364929,1621.492946,1617.277466,1692.717392,1694.85656,2011.141413,2190.848761,2311.723769,2349.975612,2306.840946,2793.173191,2815.500493,3086.266875,3219.476851,3027.092918,2965.925368,3074.581335,3162.52017,3155.579398,3550.619481,3273.458495,3246.314946,3696.568211,3757.807272,3914.940497,4040.638001,3793.925757,4366.31898,4783.554709,5742.666252,5849.029949,5812.778469,4692.867031,4959.855488,5212.597745,4931.222797,4645.10084,4707.544872,4826.431279,4781.485544
Non-Annex_I,Rest South America,GUF,French Guiana,1.A.1.a,Main Activity Electricity and Heat Production,CO2bio,bio,,,,,,,,,,,,,,,,,,,,,20.16972824,21.68248938,20.85682891,22.65750609,21.92655602,23.22370213,26.61615642,28.7883435,60.72148155,64.97010549,79.30881138,83.83745922,90.24755341,89.85091735,105.7563198,92.31769869,96.65822766,100.0727253,90.75768741,94.96454667,104.5366345,108.2609307,112.1215613,116.1234245,120.2714186,124.5704417,127.0065005,129.4923579,132.0288306,134.6167348,137.2577033,140.0227605,142.8441475,142.8441475,142.8441475
Non-Annex_I,Rest South America,GUF,French Guiana,1.A.5,Non-Specified,CO2bio,bio,0.621912834,0.783907466,0.765469818,0.90902565,0.872625658,0.865691118,0.733607689,0.790068149,0.796021015,0.782719685,0.76037508,0.851834183,0.913358278,0.912250621,1.300528907,1.498805281,1.597074018,1.56272918,1.653753994,1.647252242,18.34427589,18.85274238,19.308708,20.10699961,21.43290999,21.76375111,22.50660279,23.38814985,25.16292772,27.29286733,34.4399459,38.65025136,39.59492679,48.33319012,50.89411612,53.00104258,56.60422932,62.34274181,60.55996102,60.46322581,64.24014493,66.62725507,69.10461861,71.67826407,74.35058526,77.12215863,78.71613416,80.34535091,82.00839049,83.70746924,85.44520245,87.22540534,89.04585857,89.04585857,89.04585857
Non-Annex_I,Rest South America,GUF,French Guiana,1.A.4,Residential and other sectors,CO2bio,bio,10.16091976,14.2574812,13.65942751,13.65459127,12.92795702,12.45198989,12.50997126,13.25863959,13.3862213,13.41943765,14.72014488,16.8947857,18.27738563,17.84817047,19.06030217,21.39315402,23.12293948,21.81080195,23.95399136,26.40054706,47.23023398,48.08401003,49.27011,52.33000609,54.65907337,55.88305404,58.43964669,63.17696138,70.4059984,75.23263096,59.80461127,60.03258546,65.13937169,68.12824778,69.50534103,72.9316565,75.77806809,68.48608589,79.28612658,82.2850307,85.19128954,88.41095959,91.75387076,95.22967442,98.84120684,102.5878968,104.7549468,106.9712776,109.2339543,111.5468572,113.9143392,116.3195982,118.7813273,118.7813273,118.7813273
Non-Annex_I,Rest South America,GUF,French Guiana,1.B.1,Solid Fuels,CO2bio,bio,0,0,0,0,0,0,0,0,0,0,0,0,0,0,0,0,0,0,0,0,4.338219748,4.540272039,4.873999011,5.428459153,5.554188723,5.823037561,5.959489486,6.004592472,6.800771549,7.40025388,0.482925241,0.608285383,0.926861237,1.381035359,1.57208422,2.101825769,2.330736485,2.63437907,3.093387255,3.466493408,4.117730685,3.979952705,3.828926714,3.656210139,3.463754326,3.258707582,3.075451967,2.880853278,2.680433701,2.4693215,2.242970163,2.118022519,1.979136638,1.979136638,1.979136638
Non-Annex_I,Rest South America,GUF,French Guiana,1.A.2,Manufacturing Industries and Construction,CO2bio,bio,78.56421819,111.11478,84.31414335,95.36630701,85.03694805,77.42790149,73.21915522,86.53054611,83.88220952,90.8898165,90.37724779,89.28379807,101.5727674,92.17357655,89.66798464,97.15874905,115.4854459,104.5665837,115.1134389,115.0421514,77.00784424,85.01091594,75.47713285,79.88106049,84.71625772,87.86982549,91.81900981,100.9116609,71.67347057,78.59039627,92.83051141,81.43926955,83.19448418,84.55769351,87.01896945,92.89419161,93.53387104,74.39628111,73.20880099,77.11970975,84.58514373,82.51362399,85.45609472,88.50620922,91.66770082,94.94430281,96.80100246,98.69565743,100.6288899,102.6013222,104.6141987,106.7216523,108.8720391,108.8720391,108.8720391
Non-Annex_I,Rest South America,GUF,French Guiana,3.C.1,Emissions from biomass burning,CO2bio,bio,0.844140123,1.274600527,1.142502296,1.286893116,1.512034236,1.675030056,1.604164416,1.95115438,2.042759795,2.447228707,2.341659629,2.413369245,2.345226363,3.180860476,3.635499723,4.627939402,4.509997202,5.886685854,6.504716706,7.706114463,10.05529062,12.68766769,12.16987119,12.42332183,12.21808832,12.30461408,14.72072241,14.9976015,13.53388811,11.29295581,12.17991093,14.52622975,12.33158071,11.40163715,14.01167473,12.54690467,12.44376936,7.359550203,6.318883594,6.028467448,5.807426677,6.777107421,6.656364515,6.99174764,4.866876403,5.120934716,5.916643622,5.575985267,5.282122033,5.411257058,5.541321769,5.669253673,5.619775684,5.581949896,5.641915468
Non-Annex_I,Oceania,GUM,Guam,1.A.4,Residential and other sectors,CO2bio,bio,2.54408,2.54408,2.54408,2.54408,2.54408,2.54408,2.54408,2.54408,2.54408,2.54408,2.54408,2.54408,2.54408,2.54408,2.54408,2.54408,2.54408,2.54408,2.54408,2.54408,2.54408,2.57712,2.61016,2.6432,2.67624,2.70928,2.74232,2.77536,2.8084,2.84144,2.87448,2.90752,2.90752,2.94056,2.94056,2.9736,2.9736,2.9736,3.00664,3.03968,3.07272,3.10576,3.1388,3.17184,3.20488,3.23792,3.27096,3.27096,3.27096,3.304,3.304,3.304,3.304,3.304,3.310608
Non-Annex_I,Oceania,GUM,Guam,3.C.1,Emissions from biomass burning,CO2bio,bio,0.478126837,0.498318345,0.518557957,0.538121819,0.546989296,0.554484546,0.559061543,0.568119546,0.580596116,0.585389092,0.590230062,0.595047035,0.592218954,0.589567619,0.603266976,0.612115401,0.614552357,0.614726158,0.61498795,0.615233743,0.667027509,0.791336495,0.799210616,0.80776827,0.816190009,0.32975918,0.33340449,0.336684466,0.340177091,0.343460269,0.344535157,0.274241025,0.29659332,0.336308999,0.3696589,0.379536646,0.39444858,0.411789144,0.414780481,0.398697916,0.394789623,0.390957294,0.383430017,0.393154135,0.400785299,0.397426959,0.395633248,0.395604698,0.395959005,0.399607549,0.403148572,0.40619022,0.408301614,0.410424538,0.413317645
Non-Annex_I,Rest South America,GUY,Guyana,1.A.4,Residential and other sectors,CO2bio,bio,202.2495372,202.2495372,199.2492672,194.7493072,190.1492672,187.1494272,188.6495572,254.9496272,347.2994848,475.2995948,653.448652,895.948942,1232.29839,978.3992948,977.9492772,976.8991648,887.9991648,894.0993348,861.9493772,848.4494572,858.9495372,234.0495372,231.7493072,229.6492072,227.6495972,225.6495572,223.6495272,221.6494972,219.7495272,217.7494872,215.8495172,209.5492272,202.7494372,197.8492072,192.4494972,187.1494272,182.0494872,177.1492572,172.2494372,165.2992848,160.1993448,155.4992448,141.8992648,124.5492272,124.1991448,120.1990748,103.4099256,98.2215256,103.440886,106.041306,88.821836,89.225866,79.7811376,79.4548313,79.4548313
Non-Annex_I,Rest South America,GUY,Guyana,1.A.1.a,Main Activity Electricity and Heat Production,CO2bio,bio,254.40002,254.40002,264.49983,263.19983,270.1001,284.09992,303.59994,251.49982,311.60008,398.1002,300.00013,289.70018,276.29991,261.89983,251.40017,246.80014,270.00003,247.40011,193.40002,186.4001,195.09986,198.00005,199.69989,200.29986,201.4998,202.10019,204.99996,207.30019,209.00003,211.89981,27.69987,28.20019,33.4002,31.8,34.60013,29.30006,29.59984,31.40016,27.0999,24.20012,24.59996,27.79993,42.40014,51.19996,47.99999,62.09987,44.76862,36.87608,29.2628,20.85989,19.08595,16.43068,7.96455,7.931069532,7.931069532
Non-Annex_I,Rest South America,GUY,Guyana,1.A.2,Manufacturing Industries and Construction,CO2bio,bio,2919.871997,2919.871997,2920.771747,2938.671987,2938.871697,2942.071667,2959.871847,2784.471727,3002.071867,2847.872017,2897.172007,3059.071797,3005.171767,2920.071707,2890.471877,2877.171667,2937.571697,2874.071757,2717.471627,2698.371857,2700.371897,2689.331947,2700.862302,2715.299935,2726.830293,2732.645683,2767.335977,2833.709993,2874.215678,2908.805902,3507.784092,3690.34262,4353.915904,4031.756582,4473.136169,3672.08898,3710.583037,3721.324223,3496.399595,3400.110615,3268.092943,3996.314569,3247.8272,2733.96936,2517.520736,2674.389459,2556.90991,2599.194254,1832.146214,1120.811997,1308.257191,1516.079434,860.8430108,874.0779038,721.68666
Non-Annex_I,Rest South America,GUY,Guyana,3.C.1,Emissions from biomass burning,CO2bio,bio,698.4959759,770.5067677,646.8225299,610.4966476,769.2231568,716.4272011,722.7019854,681.3183382,803.2642776,716.8647036,712.5618541,761.1046289,730.7339291,642.0780191,629.9754776,617.0966011,639.4023212,594.1134356,555.1543185,490.7462013,482.2979827,557.0246307,591.4721616,613.1459861,637.2260444,704.497668,712.3165573,703.2347778,665.5139829,728.8596511,601.2671513,682.4250848,743.4873403,733.8150225,768.055527,631.4103403,635.5454371,655.0618995,624.5832903,639.2669101,643.6305294,729.5432516,665.6538916,684.158721,791.4169763,810.2591354,660.0209208,633.9592437,531.6917085,545.0240488,566.8912101,508.1232704,495.9922191,496.807853,472.4364077
Non-Annex_I,Rest South America,GUY,Guyana,1.B.1,Solid Fuels,CO2bio,bio,5.5505628,5.5505628,4.0504228,2.5507128,2.5507128,2.5507128,2.5507128,4.0504228,3.6008352,6.7007352,6.251188,7.3013104,9.8520232,2.1007052,4.0504228,5.1009652,2.1007052,2.1007052,1.0505828,1.0505828,1.0505828,4.9505928,4.8505228,4.6508128,4.5507528,4.4506828,4.2505528,4.1504928,4.0504228,3.9507828,3.7506528,3.5505228,3.3508128,3.1506828,2.8504928,2.6507828,2.4506528,2.2505228,1.9507428,3.5007652,4.8007652,3.2005752,3.0008652,2.5009552,3.3006352,2.4008952,3.5132768,2.9591544,2.91192,3.5699352,3.5698668,3.6100568,2.2660036,2.221993403,2.221993403
Non-Annex_I,China +,HKG,Hong Kong,1.A.3.b_noRES,Road Transportation no resuspension,CO2bio,bio,,,,,,,,,,,,,,,,,,,,,,,,,,,,,,,,,,,,,,,,,10.4217246,75.55766088,13.0273062,39.08162124,20.8434492,15.63259044,10.4217246,18.61077828,23.03196216,19.23089424,11.47314708,15.74196936,14.84261112,17.08759421,18.38501569
Non-Annex_I,China +,HKG,Hong Kong,1.A.1.a,Main Activity Electricity and Heat Production,CO2bio,bio,,,,,,,,,,,,,,,,,,,,,,,,,,,,,,,,,,,,,,103.4123727,114.6055037,119.4648382,114.4416,106.6884273,111.7116655,103.9584928,110.5650109,178.9794826,208.3726918,211.4163289,209.2567887,268.7310223,183.978318,210.7985495,202.7357428,219.0529273,236.6452391
Non-Annex_I,China +,HKG,Hong Kong,1.A.2,Manufacturing Industries and Construction,CO2bio,bio,,,,,,,,,,,,,,,,,,,,,,,,,,,,,,,,,,,,,,,,,,,,,,,,,,,8.01534588,5.2811136,4.97965428,5.732839791,6.168121047
Non-Annex_I,China +,HKG,Hong Kong,4.C,Incineration and Open Burning of Waste,CO2bio,bio,,,,,,,,,,,,,,,,,,,,,,,,,,0.781,0.802405313,0.832594067,0.887092894,0.904141067,0.937580385,0.931494222,0.983330352,1.043327474,1.084097853,1.151737259,1.114390348,1.191055258,1.243686739,1.261703166,1.314265486,1.311153243,1.365721231,1.38024503,1.42623706,1.477865707,1.506187115,1.480355501,1.514728492,1.574898517,2.055960088,2.128570235,2.640912038,2.640912038,2.866148747
Non-Annex_I,China +,HKG,Hong Kong,1.B.2,Oil and Natural Gas,CO2bio,bio,,,,,,,,,,,,,,,,,,,,,,,,,,,,,,,,,,,,,26.59021092,26.59021092,27.13610718,26.80852356,37.55783178,103.2398882,40.87321338,67.14607038,46.34164374,37.9639959,30.24150822,35.74040898,36.5108805,33.33890088,42.01245108,40.61614062,38.78700108,38.05374601,36.16790643
Non-Annex_I,China +,HKG,Hong Kong,1.A.4,Residential and other sectors,CO2bio,bio,125.305824,125.305824,108.0574768,108.0574768,104.6080896,80.4609792,101.158232,108.0574768,111.5073344,118.4065792,121.8559664,118.4065792,125.305824,132.2045984,121.8559664,118.4065792,118.4065792,114.9567216,108.0574768,114.9567216,104.6080896,111.3614768,104.6080896,111.3614768,97.854232,91.1008448,87.7968448,70.8402128,60.7823664,60.7823664,40.5217344,43.9711216,54.0289792,54.0289792,54.0289792,47.2751216,40.5217344,27.0144896,47.2751216,40.5217344,27.0144896,40.5217344,33.7678768,16.8112448,47.2751216,33.7678768,20.260632,20.685,25.5584896,21.1164128,109.8019132,114.0858876,134.8833988,143.2707551,152.1414424
Non-Annex_I,China +,HKG,Hong Kong,3.C.1,Emissions from biomass burning,CO2bio,bio,3.747288897,2.50863452,1.962004976,1.67962815,0.928022838,0.987993511,0.913687434,0.382419487,0.103012945,0.03873803,0.025835077,0.017063149,0.013415679,0.01207221,0.01328253,0.010173832,0.007914418,0.006549349,0.00670436,0.00670436,0.006184953,0.004600749,0.004064175,0.003488139,0.002495995,0.002268378,0.002929404,0.001914961,0.001936776,0.001983013,0.001532962,0.001378706,0.001544667,0.001393903,0.001400623,0.001249382,0.00125442,0.001099284,0.000944147,0.000789012,0.000798051,0.000801917,0.000815676,0.000823675,0.000824955,0.000670486,0.000815863,0.00080845,0.000800744,0.00080837,0.000805864,0.000804984,0.000806397,0.000805757,0.00080676
Non-Annex_I,Rest Central America,HND,Honduras,1.B.2,Oil and Natural Gas,CO2bio,bio,,,,,,,,,,,,,,,,,,,,,,,,,,,,,,,,,,,,,,,,,,,,,,98.00001,107.49986,,,,,,,,
Non-Annex_I,Rest Central America,HND,Honduras,1.B.1,Solid Fuels,CO2bio,bio,38.5521232,38.5521232,36.6023956,38.1021056,39.6022356,39.6022356,41.1023656,42.6020756,44.1022056,45.6023356,42.1529484,43.6530784,45.1527884,46.6529184,46.6529184,49.7528284,49.7528284,51.2529584,51.2529584,52.7526684,52.3030708,56.3535036,55.9039172,55.45437,52.1050528,52.0049828,45.105738,58.705718,38.0593716,,,,,,,,,,,4.49997,3.2163828,4.3991448,3.1514404,3.6749284,3.8061124,3.2817552,3.1514404,0.990034,0.7545976,3.6344108,0.5842212,5.6395212,1.020174,0.11597902,0.11597902
Non-Annex_I,Rest Central America,HND,Honduras,1.A.1.a,Main Activity Electricity and Heat Production,CO2bio,bio,,,,,,,,,,,,,,,,,,,,,,,,,,,,,,365.29997,16.59982,104.99992,155.9001,356.5998,666.79981,335.19981,370.60004,432.7654463,643.3656763,1314.59993,630.20007,808.5863891,895.2074564,936.4415509,788.7969181,1295.249854,1797.742884,1794.585154,1686.444039,2094.351024,1719.466431,1598.707603,1593.778077,1584.306236,1585.10728
Non-Annex_I,Rest Central America,HND,Honduras,1.A.2,Manufacturing Industries and Construction,CO2bio,bio,2581.05859,2581.05859,2602.15838,2599.35825,2646.35843,2663.95848,2686.05851,2745.2586,2775.85825,2816.55855,3014.05828,2999.55855,3056.95833,3070.3586,3039.95824,3063.5584,2976.55837,3125.55821,3141.95832,3153.85846,3175.95849,2885.41597,2993.58621,3050.08718,3005.38629,3310.5286,3568.30147,3766.64736,4026.79533,3769.303485,3307.302013,3886.877593,4840.774358,5257.734446,5503.61848,6853.945645,7434.275503,8600.258999,6015.453894,5574.146485,6199.36719,5430.303038,5370.062938,5326.163088,5089.156726,3944.05698,5353.895258,8996.120882,624.38251,1825.224948,1145.586346,1218.458952,2017.75827,1789.102854,1789.102854
Non-Annex_I,Rest Central America,HND,Honduras,1.A.4,Residential and other sectors,CO2bio,bio,3581.847947,3581.847947,3648.148017,3714.447667,3780.747747,3848.648007,3919.448057,3990.347747,4069.547162,4141.846922,4217.247002,4294.147212,4370.946942,4450.846992,4530.747052,4613.646942,4698.046972,4782.446992,4868.347152,4955.847082,5094.896929,5101.346156,5109.296393,5117.3454,5131.294867,5141.895007,5160.794042,5908.394072,5956.640648,4120.99983,4687.09999,4574.59984,4687.09999,4921.40002,5167.50012,5424.50014,5695.80018,5980.60013,6279.10013,6593.10008,6924.383477,7254.701075,7404.04888,7554.225072,7694.993928,8506.218425,8125.14897,5556.010186,6128.042752,6051.920749,6153.027459,5960.829739,5765.816596,5568.219101,5568.219101
Non-Annex_I,Rest Central America,HND,Honduras,3.C.1,Emissions from biomass burning,CO2bio,bio,392.1829422,400.2589134,413.483696,410.4092625,406.2362616,445.2896502,463.4288405,544.369468,592.5864875,601.4075175,664.6694802,693.4329429,666.5107477,708.6475794,719.9471362,667.411986,688.1154833,650.3951705,615.5305604,678.844713,732.261826,724.2484456,722.3158981,741.559513,771.6366049,778.3457183,863.0787676,863.8691218,850.5465089,832.6426958,870.5180545,875.4115024,816.6248332,1062.743709,1059.086148,1092.704398,1087.960887,1217.056156,1196.129249,1324.063377,930.5777716,918.0734085,1008.045309,1074.440786,1090.986613,1080.564432,1102.459339,1124.743763,1157.995853,1098.623986,1070.220855,1033.628567,1140.303294,1133.831084,1131.052986
Annex_I,Central Europe,HRV,Croatia,1.A.1.a,Main Activity Electricity and Heat Production,CO2bio,bio,,,,,,,,,,,,,,,,,,,,,10.40001,9.80004,6.0001,19.99992,6.0001,10.00017,10.00017,0.99981,10.00017,10.00017,1.09987,,,,3.9,11.29834994,8.70413724,6.00350822,9.51304922,9.02048872,15.0969635,96.3186905,127.7119269,149.9175069,170.4802614,295.6260584,474.255035,567.3941097,866.0251852,1083.272857,1141.562957,1344.601879,1534.314176,1433.138646,1412.925619
Annex_I,Central Europe,HRV,Croatia,1.B.1,Solid Fuels,CO2bio,bio,,,,,,,,,,,,,,,,,,,,,,,,,,,,,,,,,,,,,,,,29.0528684,17.0017004,17.8228012,19.4694768,20.8185852,27.3318248,32.3335148,34.3762784,36.6727628,38.0370444,54.4744708,51.0778708,54.9728824,44.343338,39.81044877,39.81044877
Annex_I,Central Europe,HRV,Croatia,1.A.1.bc,Petroleum Refining - Manufacture of Solid Fuels and Other Energy Industries,CO2bio,bio,,,,,,,,,,,,,,,,,,,,,,,,,,,,,,,,,,,,,,,3.05248398,2.6476359,2.2370712,1.72523988,1.77416148,1.5805335,1.71655302,2.03910798,2.08048386,2.07453792,1.9108635,2.24758716,2.09397006,2.2155861,2.42109504,2.054671135,1.826099819
Annex_I,Central Europe,HRV,Croatia,1.A.3.b_noRES,Road Transportation no resuspension,CO2bio,bio,,,,,,,,,,,,,,,,,,,,,,,,,,,,,,,,,,,,,,7.85882832,10.47834336,23.22790116,7.8374892,11.6776812,109.4989614,97.0333824,88.40918484,71.98987896,2.5294008,1.7566188,80.04613308,185.5080785,194.3193226,270.2899103,62.2445988,1.397274904,1.28911313
Annex_I,Central Europe,HRV,Croatia,1.A.2,Manufacturing Industries and Construction,CO2bio,bio,,,,,,,,,,,,,,,,,,,,,,,,,,,235.99986,313.99995,289.99996,220.00001,221.70026,197.89999,202.39996,250.3003,268.40026,222.10011,263.90029,258.00024,228.70016,216.79961,213.00008,185.10009,214.39974,188.69992,163.09972,127.2,81.60073,134.12999,141.41042,134.75048,148.29981,131.98972,118.622996,113.3925536,113.3151214
Annex_I,Central Europe,HRV,Croatia,1.A.4,Residential and other sectors,CO2bio,bio,,,,,,,,,,,,,,,,,,,,,3606.90015,5005.10001,4373.10004,4611.59985,4175.09999,4409.09982,4933.80006,4531.79986,4559.60021,4467.59988,3969.00015,4379.39992,4184.09993,4819.50001,4706.10011,4982.40002,4577.39997,4424.40007,4438.447453,4639.826218,4985.848217,4867.201908,4857.620167,4830.996159,4260.340284,4889.109837,4756.931871,4608.044219,4403.226977,4278.942493,4341.390138,4707.412167,4272.421294,4139.607815,4139.817431
Annex_I,Central Europe,HRV,Croatia,1.A.5,Non-Specified,CO2bio,bio,1743.78529,1743.78529,915.2365149,878.2639892,853.0347354,905.2318593,954.716793,951.492357,841.5207204,788.5306647,705.7840445,879.5172258,1025.975241,975.9793407,1055.706986,1044.961084,1063.946159,926.7505299,950.4694008,986.7252429,,,,,,,,,,,,,,,,,,,,,,,,,,,,,,,,,,,
Annex_I,Central Europe,HRV,Croatia,3.C.1,Emissions from biomass burning,CO2bio,bio,42.32399883,50.32213067,48.65754714,49.44921375,54.93740085,51.34944433,56.31455325,56.82636881,49.67653951,53.2132263,53.20900394,48.68681947,51.32052847,47.73400766,45.53135271,37.11808238,37.43770476,29.39309928,26.06534697,23.83891038,18.58999109,19.09176064,9.478032426,7.970839479,4.624565523,1.852539588,7.623831132,15.09232228,23.0954988,26.045014,27.64623712,29.72886314,29.40087489,18.24376573,23.09741745,19.94521757,18.45623234,13.65607758,14.66136242,11.12104316,7.228391572,6.530327869,5.935203987,6.19310139,5.139010489,4.541809676,5.100803625,3.505664698,3.510293728,3.205077444,2.861831651,2.823478639,2.450729726,2.494234244,2.491497137
Annex_I,Central Europe,HRV,Croatia,1.B.2,Oil and Natural Gas,CO2bio,bio,,,,,,,,,,,,,,,,,,,,,,,,,,,,,,,,,,,,,,10.47834336,9.16873452,16.54498296,36.1597548,19.88747928,103.1696574,87.76556832,98.09743512,48.08896524,5.36363874,0.99006012,1.08432324,0.68978316,0.44404344,1.018812,1.0449018,2.403529029,2.667370186
Annex_I,Central Europe,HRV,Croatia,4.C,Incineration and Open Burning of Waste,CO2bio,bio,42.31661716,43.24218424,44.16769426,45.09719304,46.03636124,46.98991338,47.90554554,48.83605041,49.78468952,50.75500467,51.74880023,52.45135082,53.16635209,53.88834947,54.61053805,55.32401104,55.97493756,56.6101096,57.1926979,57.67436399,58.02101483,54.81925745,42.04416793,40.39582386,37.96794092,36.22778857,36.01608245,34.65567858,34.26458769,31.54667057,28.53137776,27.83073781,27.27177131,26.53511046,26.61530442,26.46396322,27.16028674,28.1582705,28.82476591,28.73903899,29.15493144,27.78092686,26.86079292,25.5944821,25.67630313,24.9319053,23.04480288,20.7637115,21.59699462,19.86112459,19.874525,18.3153355,17.942221,17.3779229,16.83137246
Non-Annex_I,Rest Central America,HTI,Haiti,1.B.1,Solid Fuels,CO2bio,bio,1188.734256,1188.734256,1207.037587,1226.640979,1248.64418,1270.797825,1297.151228,1323.755076,1350.509344,1380.263884,1383.66458,1440.924201,1475.728974,1508.43418,1513.484833,1513.88571,1624.551709,1637.904918,1655.057041,1663.809194,1835.985504,1875.391332,1911.347302,1951.353089,1987.80897,2024.36491,2065.570648,2101.07659,2140.03288,2179.438238,2216.594148,2255.899905,2292.305893,2325.611081,2400.572618,2487.835767,2575.650614,2673.615173,2770.430565,2874.696624,2972.011926,3091.230359,3209.899196,3205.550674,2940.901622,2987.402077,3030.709535,3067.279742,3112.795116,3158.984644,3054.737896,3245.553588,3131.08115,3084.638897,3084.638897
Non-Annex_I,Rest Central America,HTI,Haiti,1.B.2,Oil and Natural Gas,CO2bio,bio,,,,,,,,,,,,,,,,,,,,,,,,,,,,,,,,,,,,,,,,,,,17.0770662,17.0770662,15.17964744,17.0770662,17.0770662,16.58945244,16.83400272,17.08447896,17.08447896,16.47354576,16.71454188,16.71454188,16.69064971
Non-Annex_I,Rest Central America,HTI,Haiti,1.A.4,Residential and other sectors,CO2bio,bio,5220.715542,5220.715542,5345.762443,5469.759192,5610.3558,5740.802225,5889.349081,6037.194372,6187.690484,6343.136126,6467.5354,5864.476169,5936.070956,6024.965478,6043.514986,6080.064843,5520.397388,5570.645205,5625.193147,5661.891325,6248.014376,6373.508609,6502.452679,6628.546871,6757.99127,6883.985404,7014.529712,7149.522709,7281.167329,7406.661552,7536.605852,7665.549461,7784.994297,7905.088389,8128.027341,8368.564273,8619.899549,8885.784537,9155.869365,9437.353358,9716.538606,10030.21719,10369.07801,10384.47628,10272.9783,10532.17444,10683.26769,10807.61837,10967.50148,11131.4374,10763.98943,10776.86766,10735.29635,10856.28059,10856.91129
Non-Annex_I,Rest Central America,HTI,Haiti,1.A.1.a,Main Activity Electricity and Heat Production,CO2bio,bio,8.1002,8.1002,8.1002,8.1002,8.1002,8.1002,8.1002,8.1002,8.1002,8.1002,8.1002,16.79995,16.79995,15.10011,17.39992,15.70008,38.30001,38.30001,38.30001,38.30001,38.30001,38.30001,,,,,,,,,,,,,,,,,,,,,,,,,,,,,,,,,
Non-Annex_I,Rest Central America,HTI,Haiti,3.C.1,Emissions from biomass burning,CO2bio,bio,770.295565,790.433861,801.3703864,762.7402217,758.2003898,736.5318514,733.7245097,732.3352929,768.3562219,782.4881531,790.303717,784.7325243,777.8181938,766.1157718,726.2553413,706.0852181,674.4026984,638.4537251,630.1348252,603.4073497,534.1290817,559.632506,572.0005939,549.5261332,534.0161418,507.3342476,506.9435961,536.457652,474.713476,506.7001994,459.0111625,464.4760839,398.0029213,401.1960382,472.2474354,486.6547911,490.4293185,567.6177643,518.259082,579.2662664,661.7167105,655.4963283,584.1220562,682.2291069,731.5356734,614.253058,602.9426484,663.5701893,699.3131926,547.9787225,542.1654303,566.4225393,552.3432924,536.0013198,530.731981
Non-Annex_I,Rest Central America,HTI,Haiti,1.A.2,Manufacturing Industries and Construction,CO2bio,bio,1637.308903,1637.308903,1655.009023,1613.108783,1618.009013,1622.508983,1612.608883,1601.208643,1625.608893,1680.908983,1708.708913,1660.608863,1654.508703,1657.808733,1662.608903,1669.608813,1595.608793,1590.408793,1590.109013,1593.008793,1594.408863,1566.093163,1517.606276,1522.506086,1512.006426,1540.606046,1555.821669,1630.721839,1631.521939,1617.560726,1616.260726,1616.560926,1556.860926,1576.460586,1615.160856,1648.005096,1688.623317,1671.032573,783.8596232,799.5052335,682.1152086,720.0825557,717.7904623,714.9008423,700.7838263,717.6139173,728.0774052,736.4170985,747.5074213,758.5472397,733.5181844,728.4031295,739.3759319,741.1688719,740.8509481
Annex_I,Central Europe,HUN,Hungary,1.A.3.b_noRES,Road Transportation no resuspension,CO2bio,bio,,,,,,,,,,,,,,,,,,,,,,,,,,,,,,,,,,,,7.58967504,32.25642336,84.93181452,487.9393975,501.2145179,518.0719271,472.5970021,455.9874,405.5707696,558.576692,519.1197883,554.7462775,486.8278021,572.8074779,600.2212025,827.3829812,844.7641901,901.9707388,927.0693363,836.5463756
Annex_I,Central Europe,HUN,Hungary,1.A.2,Manufacturing Industries and Construction,CO2bio,bio,112.89998,115.99948,83.40064,79.40015,88.00024,67.59965,64.40011,58.50048,74.1001,63.30025,60.19991,55.40016,51.7007,50.00002,61.40025,46.00038,35.70042,34.50048,26.10009,26.9002,12.10027,13.39985,12.50011,9.20131,13.80053,214.39966,221.17308,234.53664,242.97545,230.28951,290.0331736,267.2455126,380.5764526,344.0300165,309.0529126,344.933281,467.82485,483.04871,460.38292,410.93886,389.8777836,373.8944,288.3337974,415.3308744,534.8800301,543.7037291,598.4090746,756.1030247,898.0542045,1042.666406,1037.34816,1274.5853,1240.026916,1185.898269,1186.828538
Annex_I,Central Europe,HUN,Hungary,1.A.1.a,Main Activity Electricity and Heat Production,CO2bio,bio,4.30026,3.79994,4.20019,9.59991,8.39998,8.99995,15.39989,3.69988,1.19994,4.89981,13.30021,20.50025,20.69996,21.39999,117.00012,126.39991,102.39992,117.70016,96.2001,65.00007,78.49998,152.69971,129.09997,137.70008,145.20031,143.4004,159.89975,162.00028,147.50013,144.80005,145.80028,149.8959801,127.6653663,234.0770381,916.7061691,2106.761296,1709.728148,2013.422766,2614.395395,2929.848632,2998.647195,2356.797045,2009.033955,2289.942136,2652.670158,2771.941023,2658.465726,2706.914951,2776.611713,2664.607858,2601.593691,2758.06109,2660.254025,2013.988491,1998.259562
Annex_I,Central Europe,HUN,Hungary,1.A.1.bc,Petroleum Refining - Manufacture of Solid Fuels and Other Energy Industries,CO2bio,bio,21.29993,21.29993,9.30014,11.39982,15.89979,,,,,,,,,,,,,,,,,,,,,,,,,,,,3.2760546,5.24155086,6.38820546,7.15264368,11.24753994,13.48621638,15.0694908,23.64173994,21.45770172,19.9290546,15.0694908,27.30001092,21.23938908,29.48404914,33.46990374,31.83176178,32.43229626,32.26861638,32.76010374,34.50728736,38.11070172,35.05321004,31.1537255
Annex_I,Central Europe,HUN,Hungary,1.A.5,Non-Specified,CO2bio,bio,33.80004,31.69994,41.29985,60.89994,49.60018,18.20002,11.39982,13.49992,14.19995,17.19979,5.20001,8.19985,1.69984,3.9,4.80017,4.29984,3.50016,5.40013,4.7001,3.79994,3.50016,5.40013,6.39994,8.79982,4.89981,,,12.29998,,,,1.79991,,,,,,,,,,,,,,,,,,,,,,,
Annex_I,Central Europe,HUN,Hungary,1.A.3.c,Railways,CO2bio,bio,2.00003,,,,,,,,,,,,,,,,,,,,,,,,,,,,,,,,,,,,,,,,,,,,,,,,,,,,,,
Annex_I,Central Europe,HUN,Hungary,4.C,Incineration and Open Burning of Waste,CO2bio,bio,,,,,,,,,,,,,,,,,,,,,,,,,,1.639,1.677723364,1.679848163,1.627075112,1.843500992,1.938943461,1.898615657,2.046701087,2.189886472,2.082389026,,,,,,,,,,,,3.613457946,3.666361087,3.721345662,3.759678758,4.308025095,4.814128,4.415635015,4.415635015,4.554492886
Annex_I,Central Europe,HUN,Hungary,1.A.4,Residential and other sectors,CO2bio,bio,1875.09982,2051.09992,2116.90009,2441.79995,2352.20035,1779.4997,2086.39967,1957.2997,1801.89991,2116.5999,2003.79997,2204.40003,2154.40042,2157.20014,2520.8999,2216.40023,1935.60034,1962.7999,1706.29978,1912.69981,2570.69981,2702.4002,2742.70025,2836.69977,2848.79962,2888.59976,2801.99999,2691.49988,2721.30025,2759.59985,2654.20009,2821.39995,2763.365246,2802.119451,2311.075016,4165.993059,4466.179104,4782.310705,3984.385213,5931.962481,6756.141228,7808.058158,8501.057093,8727.186635,7076.59593,7595.016344,7422.073237,7007.536682,5852.444656,5500.417376,5474.608684,5697.235629,5538.454141,5295.102581,5297.4672
Annex_I,Central Europe,HUN,Hungary,1.B.2,Oil and Natural Gas,CO2bio,bio,,,,,,,,,,,,,,,,,,,,,34.50007,31.20003,25.69983,14.30002,2.80013,,,,,,,,,,,7.13436732,31.84854456,51.30116316,480.7232137,455.6711152,421.0904198,421.4369434,834.8626897,905.2299318,907.8470821,1134.889995,1216.809531,1258.288632,1333.94267,1411.892286,1331.885385,1470.465114,1451.816394,1414.061305,1430.085032
Annex_I,Central Europe,HUN,Hungary,3.C.1,Emissions from biomass burning,CO2bio,bio,132.5415913,166.0894095,174.6843421,185.751077,192.6765347,188.7869796,176.9419118,185.1235147,187.4502017,168.1072919,185.2711607,176.4649789,207.9353091,201.8363053,229.5808954,220.8305201,219.823254,224.0407156,250.0198475,250.8442889,225.1623898,253.4628187,167.4874407,148.6469704,202.6389277,197.9564498,188.4227278,224.0543391,207.3373166,168.6426552,161.7530937,205.9662735,148.5526174,105.5038563,161.9650665,133.1707179,100.3886843,62.27594744,73.04048053,44.62176888,22.40214652,25.20579564,21.7011771,23.33894473,24.57729803,22.17996441,23.66711888,20.73550647,20.73255715,19.00838563,18.19358773,16.39292953,13.17171455,16.44298341,16.54401909
Annex_I,Central Europe,HUN,Hungary,1.B.1,Solid Fuels,CO2bio,bio,31.09997,46.90011,45.99995,75.79992,89.80016,73.79989,86.7999,80.7998,74.70005,86.09987,75.89999,84.29996,62.3,60.00019,83.59993,64.50017,46.69999,38.40007,25.19993,33.59991,,,,,,,,,,,,,,,,,,,,,,,,,,,,,,,,,,,
Non-Annex_I,Indonesia +,IDN,Indonesia,1.A.2,Manufacturing Industries and Construction,CO2bio,bio,23467.1136,23467.1136,23467.1136,23467.1136,23467.1136,23467.1136,23467.1136,23467.1136,23467.1136,23467.1136,23467.1136,23467.1136,23467.1136,23467.1136,23467.1136,23467.1136,23467.1136,23467.1136,23467.1136,23467.1136,53794.61347,55813.99138,55763.47662,57952.01839,58463.78236,55307.02393,55694.24226,56973.92559,50368.68077,50708.13034,52940.69385,51533.37216,53224.19905,48091.02622,50455.25519,50635.11458,53667.6788,51439.2832,53758.09248,50242.18257,48906.21844,49041.87918,51913.87434,53427.2164,54756.80762,54071.82006,50363.42745,48054.34269,47595.99998,48947.65893,58949.92355,54863.64838,53893.36628,54189.59594,53939.39749
Non-Annex_I,Indonesia +,IDN,Indonesia,1.A.3.b_noRES,Road Transportation no resuspension,CO2bio,bio,,,,,,,,,,,,,,,,,,,,,,,,,,,,,,,,,,,,,10.4217246,55.90376496,54.0063462,281.868875,515.8771979,831.002341,1549.994395,2427.548274,3799.216096,1539.43454,6066.381315,5260.208753,8535.072254,13081.98714,17170.60249,18994.78064,21353.09965,25096.41576,26945.32101
Non-Annex_I,Indonesia +,IDN,Indonesia,1.A.1.a,Main Activity Electricity and Heat Production,CO2bio,bio,,,,,,,,,,,,,,,,,,,,,,,,7.20004,7.20004,8.60011,8.99995,8.99995,8.99995,8.99995,10.79985,14.40008,19.7998,26.99984,36.0002,39.60001,57.5999,64.79994,84.60016,113.3999,170.9998,361.79981,455.39991,295.20038,875.589815,1301.146336,1955.477049,1712.317624,22038.42955,22629.17364,23243.18841,27836.01115,38056.01854,41800.21497,42044.38707
Non-Annex_I,Indonesia +,IDN,Indonesia,1.A.5,Non-Specified,CO2bio,bio,,,,,,,,,,,,,,,,,,,,,,,,,,,,,,,,,,,,,,,,,,,,,,,,,,522.2316678,685.8454693,758.8188877,853.1147881,1003.389323,1077.311105
Non-Annex_I,Indonesia +,IDN,Indonesia,1.B.1,Solid Fuels,CO2bio,bio,3804.107999,3804.107999,3485.328029,3166.548038,2363.222701,2750.009144,2818.015127,3043.286309,3374.817498,3493.828664,3549.083918,3884.86561,4220.647362,4445.918534,4615.934401,4683.940864,4637.186255,4696.692062,5028.223201,5142.983864,5869.802563,6158.829644,6286.341455,6430.855426,6473.359073,6422.35478,6413.853255,5304.499136,4199.395098,2818.015127,2873.270392,2741.50762,2699.003972,2605.495164,2830.766346,3000.782673,3000.782673,2792.512781,2775.511501,2809.514492,2375.973428,2490.7345,2074.195198,2061.444,2435.479246,2473.7328,2108.1982,2813.765044,2843.517964,2771.260518,2584.2429,2516.236437,2414.226983,3230.303982,3230.303982
Non-Annex_I,Indonesia +,IDN,Indonesia,1.A.4,Residential and other sectors,CO2bio,bio,62539.94857,62539.94857,63385.33208,64253.56445,64712.24703,66193.40892,67428.10328,68789.23137,70251.6984,71538.08755,72810.73202,74332.34877,75878.41573,77367.54351,78799.67772,80120.37189,81383.97751,82729.97209,84298.4393,85693.77828,53316.52529,53269.9178,53267.35993,53371.65314,52988.8024,52752.90217,52481.5031,51285.95773,49730.96204,48630.71126,48512.36078,48286.41367,48103.9158,48025.72032,47539.82547,47158.43272,46401.22893,45322.4714,44272.21926,41035.6151,40639.20971,38863.35749,35400.95341,31963.25358,29945.10166,24812.93074,22317.40847,18408.15468,22181.79651,20192.96807,16408.55941,15531.95785,14021.73027,12831.47114,12837.14185
Non-Annex_I,Indonesia +,IDN,Indonesia,1.A.3.c,Railways,CO2bio,bio,,,,,,,,,,,,,,,,,,,,,,,,,,,,,,,,,,,,,,,,,,0.13279956,0.24217848,0.72179892,2.12092728,0.38031636,6.89930424,5.97949188,15.0489294,44.49820356,68.35896468,78.37162812,90.19781232,124.0475861,133.1864303
Non-Annex_I,Indonesia +,IDN,Indonesia,1.B.2,Oil and Natural Gas,CO2bio,bio,,,,,,,,,,,,,,,,,,,,,,,,,,,,,,,,,,,,,151.115612,627.2030329,1460.943748,767.8969204,1811.970162,4203.764195,5266.783765,6840.469369,8139.904242,2784.507346,8113.340075,6490.18758,12980.37516,17848.01704,19703.86201,22136.1777,25265.37389,29205.84652,30940.81444
Non-Annex_I,Indonesia +,IDN,Indonesia,3.C.1,Emissions from biomass burning,CO2bio,bio,41946.89975,42911.65785,41039.19422,45559.93303,46031.3584,44454.02288,44033.69833,44910.68184,49691.81871,49524.53641,52582.8958,56838.11186,54427.39823,58560.82212,62705.85723,62561.48233,65726.69911,64922.22569,68769.17766,71371.24657,72494.21364,71222.93617,78690.2134,76665.53382,75003.17038,79817.42455,81682.07227,78071.80118,80599.83752,81042.38062,81234.06613,79000.61486,79665.34715,81072.99752,84146.06996,85578.64866,84724.57393,85459.95785,90664.25775,93324.72106,94010.35798,91889.25406,94707.07675,94100.32564,93401.62019,95051.56305,91372.15985,93813.34119,92953.1297,87281.19227,84519.31812,85011.23865,89427.8725,86218.95466,87407.0248
Non-Annex_I,India +,IND,India,1.A.3.b_noRES,Road Transportation no resuspension,CO2bio,bio,,,,,,,,,,,,,,,,,,,,,,,,,,,,,,,208.718485,252.359428,271.3339129,271.3339129,286.5135674,301.6929175,301.6929175,421.2318145,184.6674205,159.3420127,622.1128103,556.5328306,691.8883197,605.0475177,1131.720522,1799.980939,1203.029332,2476.328336,3103.812741,3304.810515,5636.320432,7916.253105,9413.011667,9462.06106,13125.11715
Non-Annex_I,India +,IND,India,1.A.1.a,Main Activity Electricity and Heat Production,CO2bio,bio,,,,,,,,,,,,,,,,,,,,,,,,,,29.6999,126.89981,224.10014,229.49986,234.9,386.1,893.70009,1636.73986,2567.69997,5742.22803,7538.48371,11804.2254,14751.36001,13844.1314,17897.7551,23609.43164,27514.33051,29845.68647,30930.83908,36955.9814,36076.41644,54305.22803,72161.31161,67502.60286,65401.53756,76692.03356,82630.36141,90823.49167,70593.14055,71493.85949
Non-Annex_I,India +,IND,India,1.B.2,Oil and Natural Gas,CO2bio,bio,,,,,,,,,,,,,,,,,,,,,,,,,,,,,,,208.718485,252.359428,271.3339129,271.3339129,286.5135674,301.6929175,301.6929175,482.4146186,836.9818328,1075.648774,803.5361465,752.7143064,538.0281815,892.4895709,1367.963977,2044.901865,1396.126475,2696.680349,3374.356922,3402.014595,3024.592688,4882.419273,5681.932925,6647.224583,8389.37111
Non-Annex_I,India +,IND,India,1.A.2,Manufacturing Industries and Construction,CO2bio,bio,213104.4816,213104.4816,215394.8768,219864.3545,220921.8535,222186.6075,222350.8778,223569.1156,217181.7118,213111.564,215181.9948,221444.8233,221096.5117,219080.1166,216322.4875,213291.7228,212432.1389,212348.9836,212062.071,211446.181,211886.8655,223299.9325,214804.9144,223972.0615,244793.0964,237338.1751,266458.5916,273786.6576,270310.7472,271361.2963,272921.571,283930.7702,263265.9315,255516.9556,265323.4489,272173.554,297442.7052,312426.1626,316920.0895,300499.0862,322877.1208,327349.3284,327335.8657,362009.8867,364823.1284,390228.8883,387686.4057,412144.3039,452797.3198,413782.4047,432438.0799,455490.7061,507503.8903,527588.1002,524824.8677
Non-Annex_I,India +,IND,India,1.A.4,Residential and other sectors,CO2bio,bio,244774.4308,244774.4308,250403.1361,256163.2457,262056.5155,268084.9867,274193.8239,280443.0667,286836.2391,293376.6506,300069.7987,300986.1185,307889.9921,314952.3856,322177.3219,329567.3223,337126.1201,344856.3955,352763.7528,360851.4221,369122.6782,370791.4398,373378.4697,376000.3393,378657.253,381349.8153,384077.8601,386842.4826,389644.8155,392484.5555,395363.8663,389686.95,393236.8013,396841.7985,400450.496,405862.2511,409583.574,413348.9306,417136.7394,420990.5616,424912.7447,430687.2607,430048.4117,429397.0814,428726.5565,428042.305,427305.2348,426537.9911,430211.4267,429335.7738,428406.6398,427432.8242,426480.1499,424713.1523,426829.3811
Non-Annex_I,India +,IND,India,1.B.1,Solid Fuels,CO2bio,bio,15899.90223,15899.90223,16190.97877,16490.59392,16795.37868,17101.43836,17406.74655,17716.16693,18030.57848,18351.17703,18682.91501,19033.71805,19410.45605,19793.56955,20184.29312,20579.32617,20978.58967,21379.88882,21782.27526,22188.05226,22594.79745,23003.16342,23420.11901,23837.81556,24255.89712,24673.95974,25088.18664,25500.61516,25911.04713,26317.39721,26722.30403,27209.95772,27476.77854,28465.15206,28945.34339,28464.58864,26975.011,27608.10407,28241.59176,28878.5492,29523.81845,30176.56986,29691.06127,28752.60068,27876.11102,26687.3158,25300.4101,23814.0055,21936.9459,20117.21236,18072.72273,17545.0699,16987.94338,16440.58934,16440.58934
Non-Annex_I,India +,IND,India,3.C.1,Emissions from biomass burning,CO2bio,bio,88711.09613,87029.36142,82933.66609,89671.25712,85469.52383,94138.56376,89508.24535,97729.15237,99939.84289,91364.24037,97331.57629,100214.882,94900.23679,108223.5081,106580.3982,107754.3283,107369.3935,102472.2501,115970.366,120992.6135,121795.6106,121385.3419,124060.4163,127441.5759,128700.8215,129486.409,133928.4241,135228.4504,138241.0231,142381.2456,139797.9781,146700.8475,131303.8438,148447.1474,145690.1041,155402.046,161108.5097,173049.4853,179432.7209,169373.8096,180628.2155,191915.1734,192806.375,194404.1947,194462.2428,190284.5128,195688.6754,199158.4808,204419.7304,206538.8163,214898.7073,222003.3636,228116.6657,234001.9107,237029.2813
Annex_I,OECD_Europe,IRL,Ireland,1.A.1.a,Main Activity Electricity and Heat Production,CO2bio,bio,,,,,,,,,,,,,,,,,,,,,,,,,,,15.99783276,49.959,47.99350374,52.57989282,53.94486006,54.8729727,44.28059454,42.31487442,61.30530528,72.7625579,76.38768668,104.3626,126.7484016,164.7171684,216.3902724,237.5638403,380.5241808,418.0957088,450.7420893,393.8843865,582.0275549,684.0410829,826.9919476,818.4045367,923.0748438,921.6682672,947.3698332,814.4488364,802.562522
Annex_I,OECD_Europe,IRL,Ireland,1.A.3.b_noRES,Road Transportation no resuspension,CO2bio,bio,,,,,,,,,,,,,,,,,,,,,,,,,,,,,,,,,,,,3.22481256,7.92612372,63.92473944,165.5642778,229.6096604,274.6441032,272.677612,251.8092624,300.7028574,339.1524966,363.023637,333.5877016,476.4001445,457.416767,557.7994638,517.4894555,528.8982808,663.5450836,890.9650135,779.247513
Annex_I,OECD_Europe,IRL,Ireland,1.B.2,Oil and Natural Gas,CO2bio,bio,,,,,,,,,,,,,,,,,,,,,,,,,,,,,,,,,,,,,,,,,,71.05851204,70.98440568,63.9623838,66.98118252,72.06132324,72.3909468,84.16259376,100.0438834,135.5171189,170.555835,222.2620873,272.7927234,260.7549493,290.7798663
Annex_I,OECD_Europe,IRL,Ireland,1.A.4,Residential and other sectors,CO2bio,bio,,,,,,,,,,,,,,,,,,,,,187.10014,166.93107,135.29979,139.00009,131.96459,124.34796,112.43358,101.50227,104.92539,74.78881,71.97067,68.77573,68.17199,237.0908745,235.7111217,284.0013617,323.1417832,370.3537499,349.2924785,369.2708218,343.5771459,308.6534107,267.5362902,296.218731,378.8728744,342.4878905,346.2209963,315.8972467,321.9898408,281.9221339,331.6124635,212.9619059,208.9608561,209.4655298,207.7770908
Annex_I,OECD_Europe,IRL,Ireland,1.A.2,Manufacturing Industries and Construction,CO2bio,bio,,,,,,,,,,,,,,,,,,,,,259.6869981,260.9975564,243.1881755,245.0992683,253.8786055,254.6976764,291.6445501,293.1095773,376.1647345,376.0554636,411.8281499,466.2280799,466.2280799,444.1008053,529.7749336,676.6721098,683.5108162,636.131415,580.2311198,578.4384332,629.7964499,586.4031825,557.813318,584.958398,712.7214849,742.7432805,728.640732,802.6824109,824.659465,788.9690532,773.5766756,733.7434583,789.8649007,739.9908282,753.5409665
Annex_I,OECD_Europe,IRL,Ireland,3.C.1,Emissions from biomass burning,CO2bio,bio,7.845947107,8.727719132,7.721087343,7.263926622,7.503953731,7.445411155,7.100186923,9.359358349,9.110426018,9.57054371,10.15361407,10.32891304,11.51165995,10.86900225,13.75030514,11.74260139,11.03244924,11.9346861,11.9390581,11.53635841,12.27732566,12.64343678,13.24741129,10.93590123,11.31305793,12.48871485,13.88799772,12.24647556,11.07067893,10.61164865,10.6278492,10.51632288,10.00632474,10.57873696,12.49614829,9.831267306,9.529862428,8.998616985,11.24440617,9.223761819,9.056868855,11.23051081,9.491147658,10.01007872,11.03473639,11.26512895,10.08566632,10.49535837,7.692086967,9.609812506,7.930286701,10.06130196,10.6943349,8.244911162,8.042227681
Annex_I,OECD_Europe,IRL,Ireland,4.C,Incineration and Open Burning of Waste,CO2bio,bio,5.205584319,5.31897833,5.445840653,5.583729585,5.728640427,5.877210851,6.013746821,6.151757417,6.28801176,6.418763232,6.541011869,6.635758196,6.720508973,6.794042151,6.855275061,6.904061037,6.932522055,6.949405631,6.96032542,6.972843706,6.992770834,7.223403994,7.52169515,7.796293865,8.030577651,8.319441248,8.236665127,8.45859026,6.700035289,9.863064182,10.91197468,14.12797874,31.04488226,40.63447939,24.56061796,15.63445784,16.09877164,0.648140745,0.596591833,0.636209901,1.183304564,4.050751352,1.011896254,0.693078388,0.380045085,0.40319975,0.431972088,0.452924589,0.492126667,0.519810507,0.491463565,0.498659307,0.574824791,0.594156603,0.617625123
Non-Annex_I,Middle_East,IRN,"Iran, Islamic Republic of",1.A.1.a,Main Activity Electricity and Heat Production,CO2bio,bio,,,,,,,,,,,,,,,,,,,,,,,,,,,,,,,,,,,,,,,,1.31032902,6.44284368,14.14137816,14.7965454,13.48621638,30.19384914,9.00909828,15.39730374,24.47360916,13.8805485,11.94774126,15.15955896,14.78054214,14.78054214,15.80508826,19.44123155
Non-Annex_I,Middle_East,IRN,"Iran, Islamic Republic of",1.A.2,Manufacturing Industries and Construction,CO2bio,bio,1700.1152,1700.1152,1700.1152,1700.1152,1700.1152,1700.1152,1700.1152,1700.1152,1700.1152,1700.1152,1700.1152,1700.1152,1700.1152,1700.1152,1700.1152,1700.1152,1700.1152,1700.1152,1700.1152,1700.1152,1700.1152,1801.3856,2200.3296,2252.4992,2301.6,2031.5456,3102.5568,1730.8032,2544.0352,2814.0896,1951.7568,1252.0704,3001.2864,8003.4304,7153.3728,,,,,,,,,,,,,,,,,,,,
Non-Annex_I,Middle_East,IRN,"Iran, Islamic Republic of",1.A.5,Non-Specified,CO2bio,bio,131.084688,131.084688,134.5345456,137.9839328,144.8831776,148.3330352,155.2318096,158.6816672,155.2318096,155.2318096,155.2318096,155.2318096,155.2318096,151.7824224,148.3330352,144.8831776,141.4337904,137.9839328,134.5345456,131.084688,127.6353008,124.1854432,120.736056,117.2861984,110.387424,103.4881792,96.5889456,86.2398432,75.8912112,65.5425792,41.3949872,27.5969792,20.6977344,17.2478768,13.7984896,13.7984896,6.8992448,6.8992448,6.8992448,6.8992448,3.4493872,3.4493872,13.7984896,13.7984896,24.1471216,24.1471216,24.1471216,31.049648,10.6904784,6.1644464,1.3833232,1.3833232,1.3833232,1.3833232,1.3833232
Non-Annex_I,Middle_East,IRN,"Iran, Islamic Republic of",1.B.1,Solid Fuels,CO2bio,bio,223.615142,223.615142,229.4654244,235.3161772,247.1168624,252.9671348,264.7682904,270.6181528,264.7682904,264.7682904,264.7682904,264.7682904,264.7682904,258.9175376,252.9671348,247.1168624,241.2661096,235.3161772,229.4654244,223.615142,217.6647492,211.8144668,205.964134,200.0137916,188.312706,176.5120208,164.7109144,147.0599568,129.4089488,111.7575108,70.6048428,47.1030708,35.3023856,29.4521132,23.5017104,20.8016404,10.4006152,8.3009352,9.2006752,9.0005452,6.8505628,3.2507528,5.7506828,6.5507828,2.8504928,4.7504628,4.7504628,1.4252464,1.4252464,0.8596184,1.111794,1.054676,1.054676,8.27992298,8.27992298
Non-Annex_I,Middle_East,IRN,"Iran, Islamic Republic of",1.A.4,Residential and other sectors,CO2bio,bio,260.49976,260.49976,200.9999,241.8999,273.40014,290.49987,249.40014,267.5001,203.20006,154.99995,156.99998,285.80018,287.80022,364.49987,440.2998,578.59985,591.90005,441.89999,679.79983,477.50036,566.49999,604.40017,717.10003,811.09997,902.89974,836.59968,877.29998,793.89976,620.79987,550.00024,528.90003,520.69976,396.70014,364.29975,361.89988,2516.93419,2517.13432,2668.55123,2703.68148,2703.88161,2701.76894,2213.0473,2214.23863,2214.76916,2213.41693,2214.37793,2234.8281,2241.67642,2212.15144,2212.33105,2281.86836,2281.98852,2311.87483,10995.62844,10995.72844
Non-Annex_I,Middle_East,IRN,"Iran, Islamic Republic of",3.C.1,Emissions from biomass burning,CO2bio,bio,191.8034806,175.3646901,200.1828777,205.0313721,208.9732268,239.4767193,248.8575143,227.2767511,229.7145044,236.4549219,242.8733533,259.9051354,278.5414402,261.8848959,271.3061245,289.022383,314.3725684,318.6672586,311.9762318,288.1378432,339.264126,362.3419521,402.4915405,415.8394531,411.8686935,421.0402259,394.8708964,387.542122,444.0209176,344.7307452,323.362926,368.570799,466.7388071,489.9952868,514.0488955,513.2089199,525.0960703,555.1729653,300.8521772,426.1689037,453.1612163,368.9451545,382.8384275,394.3212048,419.5089888,433.4525087,514.2976742,455.9573414,470.2567035,510.4858282,512.2503917,438.376911,478.9512783,493.8627714,508.3049156
Non-Annex_I,Middle_East,IRQ,Iraq,1.A.5,Non-Specified,CO2bio,bio,65.7948172,65.7948172,58.44543,71.8927616,62.894442,65.3446748,62.994082,80.2424292,80.2424292,56.0948372,49.1960628,45.7462164,49.0964228,49.0964228,49.0964228,52.64545,52.64545,55.9951972,55.9951972,53.5450148,59.4450548,59.4450548,62.994082,62.994082,65.394382,67.9440796,54.74555,55.34552,59.3948772,59.8947772,63.9450248,64.4449348,64.9448348,68.894122,69.394032,69.894352,73.8441096,74.4440796,74.9439896,78.9933368,79.5933068,80.1932768,84.3431644,85.0432044,89.2926816,89.9927216,94.0425492,95.4226484,100.5319856,96.6846192,98.2016116,105.461838,106.9170092,102.7629734,102.7629734
Non-Annex_I,Middle_East,IRQ,Iraq,3.C.1,Emissions from biomass burning,CO2bio,bio,893.5325184,671.7281067,1513.571457,702.0574864,874.1923542,672.9312787,906.3113843,615.7306542,809.4269827,672.9016104,837.746565,848.1458125,873.9093272,818.0702151,450.9192378,1177.9387,976.9962058,723.9153744,973.8919264,607.64087,1287.853905,1192.565534,1264.930047,1441.504116,1279.008806,1168.156218,1273.562757,1026.779382,1080.454901,860.7627099,634.3072189,916.0779686,1672.127186,1458.8508,1326.90589,1589.425048,1458.552326,1475.765231,857.0353123,969.3871047,1575.489687,1555.809521,1660.620358,2368.343113,2633.395854,1239.92796,1422.97452,1392.986169,938.9068062,2467.793935,3171.263542,1986.72206,1275.545423,1850.102961,2045.982646
Non-Annex_I,Middle_East,IRQ,Iraq,1.B.1,Solid Fuels,CO2bio,bio,16.8529584,16.8529584,16.8529584,19.3031308,19.3031308,19.3031308,25.1031108,25.1031108,25.1031108,27.5537636,27.5537636,27.5537636,30.0039572,30.0039572,30.0039572,32.35454,32.35454,34.8051928,34.8051928,37.2549552,37.2549552,37.2549552,39.605958,39.605958,39.605958,42.0557204,59.35438,63.05425,62.8048328,65.9051628,65.4551452,68.4549852,71.4552452,71.005708,74.005968,77.005808,76.5557904,79.4559904,82.5558904,82.5066032,85.9067032,89.6065832,90.1567956,94.3565756,95.1073784,99.2070984,99.7573108,102.7352416,108.2398644,104.0938008,105.7323884,113.547992,115.1110908,115.1110908,115.1110908
Annex_I,OECD_Europe,ISL,Iceland,1.A.3.b_noRES,Road Transportation no resuspension,CO2bio,bio,,,,,,,,,,,,,,,,,,,,,,,,,,,,,,,,,,,,,,0.49148736,0.7098,0.87370374,1.20128736,2.62089282,3.9858546,9.93700536,9.93700536,43.92495774,48.08021322,52.86143052,62.62999914,61.93919034,65.15458482,89.72364222,56.47679844,52.65078402,53.72940935
Annex_I,OECD_Europe,ISL,Iceland,1.A.5,Non-Specified,CO2bio,bio,,,,,,,,,,,,,,,,,,,,,,,,,,,,,,,,,,,,,,,,,,,,,,,0.02786688,0.12034584,0.12360972,0.06788304,0.13576608,0.10819656,0.0927834,0.071181158,0.062450577
Annex_I,OECD_Europe,ISL,Iceland,1.A.1.a,Main Activity Electricity and Heat Production,CO2bio,bio,,,,,,,,,,,,,,,,,,,,,,,,0.85536,0.85536,1.06428,1.3561,1.3561,1.3561,1.38332,1.38332,1.38332,1.38332,1.43984,2.97667098,3.6556892,2.98428724,2.87005098,2.23951098,1.57423098,1.54786,1.36532,1.02995,0.14528,,,,0.10493268,0.04950336,0.05572668,,,,,
Annex_I,OECD_Europe,ISL,Iceland,1.B.2,Oil and Natural Gas,CO2bio,bio,,,,,,,,,,,,,,,,,,,,,,,,,,,,,,,,,,,,,,,,,,0.04535448,0.2030544,0.22113672,0.22113672,,,,,,,,,,
Annex_I,OECD_Europe,ISL,Iceland,1.A.4,Residential and other sectors,CO2bio,bio,,,,,,,,,,,,,,,,,,,,,,,,,,,,,,,,,,,,,,,,,,,,,,,0.52823172,0.1698492,0.086553,0.19148568,0.23150892,0.2006826,0.09870936,0.10292228,0.090298555
Annex_I,OECD_Europe,ISL,Iceland,1.A.2,Manufacturing Industries and Construction,CO2bio,bio,,,,,,,,,,,,,,,,,,,,,,,,,,,,,,,,,,,,,,,,,,,,44.08993,42.93982,45.47995,0.02491944,0.1664208,0.12275718,0.24849006,0.30312282,0.17944836,0.05577936,0.055959925,0.060498763
Annex_I,OECD_Europe,ISL,Iceland,4.C,Incineration and Open Burning of Waste,CO2bio,bio,10.83279854,11.01551056,11.2083469,11.40598513,11.60118512,11.78959449,11.96375436,12.13051284,12.29520466,12.46276313,12.63779568,12.80790713,12.98516033,13.16749822,13.35102854,13.53410955,13.71142762,13.88758835,14.06381636,14.24083522,14.42048385,14.3213586,13.99051438,12.17615023,11.31992143,10.14175696,9.189462476,8.797050615,7.592705887,6.383691323,6.29613356,5.677744244,5.304509725,4.650351705,6.360936047,5.153728911,4.798373859,5.433922335,4.476615581,3.624560309,3.709886397,4.256718715,3.511848162,4.403063799,4.663417129,4.604878951,4.822367532,5.605517805,5.228110394,8.790603032,4.656591061,4.979305071,4.583051137,4.4233219,4.239261729
Annex_I,OECD_Europe,ISL,Iceland,1.A.3.d,Water-borne Navigation,CO2bio,bio,,,,,,,,,,,,,,,,,,,,,,,,,,,,,,,,,,,,,,,,,,,,,,,,0.00296652,,0.00296652,,,,,
Annex_I,OECD_Europe,ISL,Iceland,3.C.1,Emissions from biomass burning,CO2bio,bio,0.04960303,0.104495898,0.078852038,0.049792575,0.082124877,0.053370985,0.060611877,0.061577114,0.081675588,0.059506707,0.08468862,0.06785713,0.07581751,0.065229838,0.080559672,0.070481629,0.072523742,0.07186417,0.061323257,0.052043288,0.055416678,0.082345449,0.053834129,0.041326128,0.041514146,0.036691892,0.043656949,0.037678226,0.046010951,0.034188789,0.034120416,0.039925169,0.037872574,0.036504711,0.038505238,0.039945094,0.038832478,0.037840562,0.037440629,0.035040859,0.037408621,0.025664477,0.027222722,0.024070319,0.029764279,0.208629611,0.314736822,0.310051262,0.183800508,0.327413178,0.284591876,0.31144223,0.369710919,0.335271242,0.365565389
Non-Annex_I,Middle_East,ISR,Israel,1.A.5,Non-Specified,CO2bio,bio,,,,,,,,,,,,,,,,,,,,,,,2.1007728,5.7813392,0.6658736,14.833392,13.7984896,17.9381216,17.2478768,15.709344,13.7051712,19.3589648,12.3359152,21.908488,30.20136,35.4204592,37.766008,57.2876864,72.37783924,56.65434768,53.82048,57.6740752,62.3239008,62.334216,80.2582816,76.0876928,76.0876928,76.0876928,107.3516304,110.8666608,110.8666608,110.8666608,110.8666608,110.8666608,110.8666608
Non-Annex_I,Middle_East,ISR,Israel,1.A.4,Residential and other sectors,CO2bio,bio,15.60002,15.60002,15.60002,12.69982,10.7002,11.70001,10.7002,10.7002,10.7002,10.7002,10.7002,10.7002,10.7002,10.7002,10.7002,10.7002,10.7002,10.7002,10.7002,6.8002,12.69982,12.69982,12.69982,12.69982,12.69982,12.69982,12.69982,15.20018,18.30008,18.30008,18.30008,18.30008,18.30008,18.30008,18.30008,18.30008,18.30008,18.30008,18.30008,18.30008,18.30008,18.30008,18.30008,18.30008,18.30008,18.30008,18.30008,18.30008,18.30008,18.30008,18.30008,18.30008,18.30008,18.30008,18.30008
Non-Annex_I,Middle_East,ISR,Israel,1.A.1.a,Main Activity Electricity and Heat Production,CO2bio,bio,,,,,,,,,,,,,,,,,,,,,,,,,,,,,,,,,,,,,,,6.00598908,51.07895448,55.6461192,62.44880006,42.42413994,19.27389282,32.37788736,30.52143276,43.4068908,52.41598362,47.9514399,47.94961626,52.5814926,46.2044856,49.83510168,51.57569551,63.44128058
Non-Annex_I,Middle_East,ISR,Israel,3.C.1,Emissions from biomass burning,CO2bio,bio,76.52216876,105.8425074,147.8809168,121.1171023,134.1464458,125.1279175,109.3299905,114.231245,85.44760117,73.77996613,115.6079096,105.3367843,79.69181441,152.1807037,69.13981531,82.34121737,98.85860089,140.4133713,107.5849995,109.4577123,136.2562975,97.79853043,119.7182403,106.2783792,82.61312936,138.8337487,118.7082212,90.70272714,112.4372152,54.61217592,94.48963291,108.1392599,128.9472778,132.9992724,122.0750167,138.4060126,114.1975367,125.6102902,90.56370226,108.4075015,94.80395596,105.4125201,137.4877943,137.8523785,135.1126005,121.2233356,114.0149172,87.61945655,93.89581045,84.11013071,106.2003194,119.5147774,114.5613001,108.6361311,111.7330518
Non-Annex_I,Middle_East,ISR,Israel,1.A.2,Manufacturing Industries and Construction,CO2bio,bio,,,,,,,,,,,,,,,,,,,,,,,,,,,,,,,,,,,,,,,,,,,,,,7.53666,18.42276,32.65871,43.54481,53.17487,55.08154,40.16816,41.40327,30.00257826,27.29413191
Annex_I,OECD_Europe,ITA,Italy,1.A.1.bc,Petroleum Refining - Manufacture of Solid Fuels and Other Energy Industries,CO2bio,bio,,,,,,,,,,,,,,,,,,,,,,,,,,,,,,,,,,,,,,,,,,,,,,,,,,,,525.2557252,499.9938393,467.4855007,417.6859409
Annex_I,OECD_Europe,ITA,Italy,1.A.2,Manufacturing Industries and Construction,CO2bio,bio,,,,,824.80001,810.09974,717.20009,486.90015,422.9003,488.69963,489.79991,490.19975,486.89972,486.89972,497.39979,456.79997,546.79984,535.09983,557.30034,655.19986,339.00016,520.30033,613.30046,558.90053,668.99998,686.99945,570.60013,636.29982,788.39998,847.39995,1055.800776,1116.115395,1073.107949,1022.486416,1005.332548,965.0724064,971.826264,835.0722564,1362.134144,1743.593851,907.3362728,1055.736153,1093.544876,1103.744336,1322.944676,1636.244606,1591.444166,1592.511466,1651.63868,1725.090396,1778.82478,2189.430061,2082.744125,2243.568386,2237.846161
Annex_I,OECD_Europe,ITA,Italy,1.A.1.a,Main Activity Electricity and Heat Production,CO2bio,bio,1271.50018,910.99995,1034.99999,1020.69997,1364.50031,1130.50005,969.99992,997.29995,942.09992,807.60022,615.40014,655.99997,672.40008,540.60004,661.50016,544.19985,582.10043,527.49996,560.9998,41.3934092,57.6934692,114.7614063,103.4821137,112.9448101,143.9317145,202.6064136,302.6990473,442.7317664,579.2261762,858.0028537,1100.907655,1434.523013,2203.456777,3911.428765,5696.57377,6331.121545,6809.364124,7063.403693,7426.112141,8773.193995,10228.43242,13687.9196,14392.3074,18173.44518,19376.95833,18234.19436,18571.01043,18313.20654,18141.48338,18693.49252,18746.96381,17273.0162,16144.97876,14343.675,13742.62711
Annex_I,OECD_Europe,ITA,Italy,1.A.3.b_noRES,Road Transportation no resuspension,CO2bio,bio,,,,,,,,,,,,,,,,,,,,,,,,,,,,,,,,,,,749.205515,523.9201062,471.5280991,413.8967646,2160.603529,3392.594492,4207.517031,4152.909536,4054.953672,3712.279343,3157.501347,3458.095717,3085.485088,3147.329808,3704.448672,3782.726624,3748.99075,4195.940133,4113.809238,4389.957027,3892.081172
Annex_I,OECD_Europe,ITA,Italy,1.A.4,Residential and other sectors,CO2bio,bio,,,,,2855.40011,2653.19986,2647.29982,2403.20017,2010.09985,2241.1999,2628.49984,2830.29983,2646.89998,2878.00004,2926.6,2549.80014,3152.70017,3015.80019,3145.50013,2620.40005,2567.30012,2944.80002,3492.39996,3256.69987,3920.59991,3900.59998,3815.20015,4237.50005,4362,4650.30011,5426.213741,5632.270662,9099.424842,14671.22619,9449.726997,16404.12902,19687.66631,27280.88747,32179.63822,30980.57597,30110.20287,19394.52598,27962.97389,28003.09746,24179.29601,27200.84707,26339.28553,28785.83817,26662.75738,26648.34692,25700.99308,29095.69431,26454.4174,25704.76689,25694.61565
Annex_I,OECD_Europe,ITA,Italy,1.B.1,Solid Fuels,CO2bio,bio,,,,,43.10018,52.80015,29.30006,8.39998,56.50003,77.90002,103.79998,159.10007,128.50001,132.29995,149.50016,130.60011,258.30002,172.49993,173.79993,161.9681104,144.4660296,170.6688856,188.0710424,212.973418,254.7785208,226.4749584,229.3254512,265.1293784,226.4256712,268.7799712,279.4314892,173.4258112,140.9204396,113.8166824,92.1136716,75.9109844,62.3595516,51.4575508,40.6560704,32.5049628,27.1037572,27.1037572,27.1037572,27.1037572,27.1037572,27.1037572,27.1037572,27.1037572,27.1037572,27.1037572,27.1037572,27.1037572,27.1037572,27.1037572,27.1037572
Annex_I,OECD_Europe,ITA,Italy,1.A.3.d,Water-borne Navigation,CO2bio,bio,,,,,,,,,,,,,,,,,,,,,,,,,,,,,,,,,,,,,,,,,,,,,,,,,,,,,3.86124084,5.027110853,4.883598334
Annex_I,OECD_Europe,ITA,Italy,1.A.5,Non-Specified,CO2bio,bio,,,,,,,,,,,,,,,,,,,,155.2318096,141.4337904,162.1310544,182.8287776,203.526512,244.9214992,217.3250016,220.7743888,255.2706016,220.7743888,258.7199888,,,,,,,,,,,,,,,,,,,,,,,,,
Annex_I,OECD_Europe,ITA,Italy,4.C,Incineration and Open Burning of Waste,CO2bio,bio,485.6575857,490.745406,495.7186254,500.6776314,505.7618407,511.065788,516.3064484,521.7412138,527.0597856,531.8358986,535.7580009,537.072765,537.5260907,537.3541447,536.8998741,536.4436914,535.7087628,534.9854577,534.389239,534.0338083,533.9918364,632.764614,585.5458455,556.3094113,561.0939164,519.8730009,520.5310202,535.5271631,551.8611416,554.9433234,476.0481164,459.7388904,470.9805624,445.9983342,528.4807303,478.2609444,461.0721012,464.7723731,474.8185328,454.0745758,450.2501663,449.3793902,454.1914799,428.0758311,411.4150678,451.9562965,462.6804342,442.605862,435.2882263,431.4887979,438.1680586,445.4899536,412.3233389,404.8654321,398.813792
Annex_I,OECD_Europe,ITA,Italy,3.C.1,Emissions from biomass burning,CO2bio,bio,3015.328632,3087.344373,2880.896442,2952.427492,3092.863973,3057.487664,2955.23457,2275.476427,3032.898724,3066.373357,3034.841117,2945.999989,3031.291849,3009.646347,3305.994255,3048.632669,3213.77104,3242.214451,2984.257819,3005.677919,3143.725992,3355.30256,3308.829231,3182.713492,3218.220124,3159.407407,3304.294508,3130.791147,3446.016627,3429.079777,3307.016415,3106.185879,3386.770927,3041.042397,3670.292179,3412.322658,3252.076,3324.470634,3519.435384,3164.228859,3174.843259,3121.711179,3294.895447,3093.32221,3056.627843,3161.303545,3325.672674,3098.866499,3023.766609,2969.161305,2986.244317,3033.954799,2753.509867,2900.060764,2800.443784
Annex_I,OECD_Europe,ITA,Italy,1.B.2,Oil and Natural Gas,CO2bio,bio,,,,,,,,,,,,,,,,,,,,,,,,,,,,,,,,,,,749.205515,523.9201062,584.1706513,529.1591292,1855.341647,2213.839168,2305.761583,1738.38848,923.109431,1354.029022,1519.911362,1537.322505,1553.238182,1880.055895,2063.315753,2406.814201,2926.679411,3582.356759,3526.841922,3538.347781,3660.461277
Non-Annex_I,Rest Central America,JAM,Jamaica,1.A.2,Manufacturing Industries and Construction,CO2bio,bio,2641.29206,2641.29206,2647.59194,2537.29195,2583.7918,2523.39219,2534.39217,2444.39188,2522.19183,2388.09198,2393.89195,2386.39214,2434.49219,2439.19187,2419.29201,2331.59195,2340.29212,2348.99187,2334.29202,2520.79219,2582.4918,2796.28954,2725.62014,2543.24301,2606.0001,2472.84228,2708.62733,2727.50798,2056.0247,2340.79202,2267.07913,2410.82736,2121.48478,1920.36883,2133.2606,1479.10817,1722.26725,1441.73661,1339.78019,1900.94017,452.61619,718.47672,480.04791,418.4217,947.6601548,675.5183048,274.8438748,510.8061515,404.009078,504.4808357,413.3382107,412.6997207,528.633044,472.115662,494.1249704
Non-Annex_I,Rest Central America,JAM,Jamaica,1.B.1,Solid Fuels,CO2bio,bio,74.509714,74.509714,77.5603368,77.5603368,80.7101292,83.760752,83.760752,86.9109644,86.9109644,86.9109644,89.9615772,89.9615772,93.1118108,93.1118108,93.1118108,96.1624236,96.1624236,99.312636,99.312636,102.4633288,102.4633288,105.5139416,108.663744,108.663744,111.7143568,114.8645692,114.8645692,117.915192,117.915192,121.0654044,121.0654044,124.1160272,124.1160272,127.2662396,130.3168624,130.3168624,133.4670748,136.5176976,139.6683804,139.6683804,108.663744,117.915192,117.915192,117.915192,117.915192,117.915192,117.915192,119.2306208,119.2306208,76.7826192,76.7826192,76.7826192,76.7826192,74.02810131,74.02810131
Non-Annex_I,Rest Central America,JAM,Jamaica,1.A.1.a,Main Activity Electricity and Heat Production,CO2bio,bio,91.99991,91.99991,91.99991,91.99991,91.99991,91.99991,91.99991,91.99991,91.99991,91.99991,91.99991,91.99991,91.99991,91.99991,80.00012,80.00012,80.00012,80.00012,104.00011,111.99983,108.00018,104.00011,95.99997,100.00004,95.99997,100.00004,104.00011,80.00012,80.00012,80.00012,139.99989,152.0001,135.99982,124.00004,135.99982,91.99991,115.9999,115.9999,111.99983,91.99991,80.00012,111.99983,111.99983,119.99997,132.00017,119.99997,95.99997,98.00001,77.75599,95.35981,78.04781,77.39593,59.26792,58.65187126,58.65187126
Non-Annex_I,Rest Central America,JAM,Jamaica,3.C.1,Emissions from biomass burning,CO2bio,bio,633.2003299,635.1223844,640.4589826,565.0195368,597.8929439,561.2567814,566.9083145,510.5230464,573.7795123,472.2959994,442.5177693,394.444619,399.9317368,371.6496221,390.6630796,367.3510058,358.2794385,323.1187067,408.7376229,360.2813317,390.7401943,427.3035169,398.1754414,420.442438,390.1026793,379.2351246,418.3587632,381.2893016,355.7169197,364.2441146,316.5512496,347.5695306,306.7636559,278.3664296,309.4835553,214.9368487,272.8511673,305.8517371,257.942613,212.4702058,222.2049091,243.1593213,236.9309039,225.3128743,281.1387204,249.4039919,183.5857939,184.5669255,169.5813681,127.0077578,93.34844923,91.08811931,89.48236959,78.93263849,60.79335988
Non-Annex_I,Rest Central America,JAM,Jamaica,1.A.3.b_noRES,Road Transportation no resuspension,CO2bio,bio,,,,,,,,,,,,,,,,,,,,,,,,,,,,,,,,,,,,,,,,,,,92.97443256,96.76956744,89.17959504,91.0770138,98.6669862,99.467628,106.2187195,111.1482757,98.15268792,103.4504041,110.0248213,119.2317047,123.383378
Non-Annex_I,Rest Central America,JAM,Jamaica,1.A.4,Residential and other sectors,CO2bio,bio,235.490586,235.490586,242.2400132,245.1397932,251.2897108,257.038908,259.139008,264.3887756,265.9889656,267.3890356,272.0383528,273.1382328,277.4882392,277.6883692,275.3881392,279.2373664,278.5377464,281.287574,282.087254,290.2367412,293.3366512,293.5860684,294.236206,298.235856,299.2853732,300.2352908,304.2353608,304.784558,308.384778,308.3344756,310.9344756,310.0840228,312.2837628,311.3337204,310.4832576,312.6830076,311.7329552,310.4822424,309.0318096,310.8317196,343.835976,462.284858,462.284858,466.0340152,442.6350104,442.6350104,442.6350104,440.8104756,440.8594132,433.3869288,375.8641292,375.933054,375.8641292,373.8604644,373.8604644
Non-Annex_I,Middle_East,JOR,Jordan,1.A.4,Residential and other sectors,CO2bio,bio,3.9,3.9,3.9,3.9,3.9,3.9,4.89981,2.9002,2.9002,2.9002,2.9002,3.9,3.9,4.89981,4.89981,4.89981,4.89981,4.89981,5.90004,5.90004,5.90004,6.8002,6.8002,6.8002,7.80001,7.80001,7.80001,9.10001,9.30014,9.49985,9.69998,9.90011,10.09982,10.29995,10.60014,10.40001,10.00017,9.69998,9.4002,9.10001,8.79982,8.60011,8.39998,8.1002,7.80001,7.90007,210.6385016,272.2743244,316.974738,313.624994,309.0324132,329.2777188,318.6901388,342.2855427,342.2855427
Non-Annex_I,Middle_East,JOR,Jordan,1.A.1.a,Main Activity Electricity and Heat Production,CO2bio,bio,,,,,,,,,,,,,,,,,,,,,,,,,,,,,,,1.96549626,3.2760546,3.2760546,3.93122184,3.93122184,3.2760546,3.93122184,6.55211466,5.8967181,4.58638908,5.8967181,5.24155086,3.93122184,2.62089282,2.62089282,2.62089282,2.62089282,2.68627086,3.07946184,3.53803086,2.16209448,1.70352,0.06560736,0.07015508,0.086295067
Non-Annex_I,Middle_East,JOR,Jordan,1.B.1,Solid Fuels,CO2bio,bio,,,,,,,,,,,,,,,,,,,,,,,,,,,,,,,,,,,,,,,,,,,,,,,119.0111544,82.7848228,102.3919448,100.2795876,97.3853384,110.1449928,103.4716024,105.5201045,105.5201045
Non-Annex_I,Middle_East,JOR,Jordan,1.A.5,Non-Specified,CO2bio,bio,,,,,,,,,,,,,3.4493872,3.4493872,3.4493872,3.4493872,3.4493872,3.4493872,3.4493872,3.4493872,3.4493872,3.4493872,3.4493872,3.4493872,3.4493872,3.4493872,3.4493872,3.4493872,3.4493872,3.4493872,3.4493872,3.4493872,3.4493872,3.4493872,3.4493872,3.4493872,3.4493872,3.4493872,3.4493872,3.4493872,3.4493872,3.4493872,6.8992448,6.8992448,6.8992448,,,,,,,,,,
Non-Annex_I,Middle_East,JOR,Jordan,3.C.1,Emissions from biomass burning,CO2bio,bio,58.2882246,107.2814408,124.367396,42.22857333,144.02885,46.36073877,56.43526698,49.83326504,50.00792654,27.09085482,79.27220213,43.86221962,45.11125283,63.77106777,35.82460201,45.32071161,22.48606146,52.69569721,55.26836414,36.26669782,53.28497452,44.32002413,55.87736099,37.81345815,30.6166921,37.97404543,30.05255329,33.24298271,28.67995692,6.632166659,17.35320118,16.45592216,39.53612148,28.6691344,16.79161144,30.33224314,23.08260607,17.87849189,13.93543208,17.49998432,23.11129015,23.78228672,25.67628181,29.99647063,30.11088321,27.21888419,27.9999131,21.77777988,25.47181478,33.32025628,35.35555403,34.57910402,20.47618857,27.75176375,29.19269099
Annex_I,Japan,JPN,Japan,1.A.2,Manufacturing Industries and Construction,CO2bio,bio,9106.5821,9106.5821,9106.5821,9106.5821,9106.5821,9106.5821,9106.5821,9106.5821,9106.5821,9106.5821,9106.5821,9106.5821,17990.48226,18247.78206,18838.28247,18978.98198,18467.08204,18664.38164,18951.98213,19294.98197,18662.256,18520.53273,17844.78752,16645.2409,16440.55373,16967.90144,17050.8447,17709.04435,15864.98112,16975.84314,18580.30338,16568.88435,19008.62268,19384.34564,19801.00059,21586.95591,22401.05764,24351.49634,22297.77596,20667.51426,22742.3284,21787.8394,20458.33574,21908.31979,20601.29095,20174.593,20167.30922,20482.44014,21063.20892,20365.33968,18167.1052,19929.53627,20429.82437,20018.58819,19908.90265
Annex_I,Japan,JPN,Japan,1.A.1.a,Main Activity Electricity and Heat Production,CO2bio,bio,,,,,,,,,,,,,6301.40029,6947.30002,7728.20017,8232.49981,9053.40026,9770.10003,10837.19979,11686.40006,7424.03669,7584.70765,7604.6745,7483.15179,7844.1356,8279.83871,8330.91474,8644.83556,8287.14551,8433.79739,8185.41088,7714.7685,8025.40938,8380.05353,8680.48825,11327.98695,11332.92612,11734.131,11216.3088,10317.03619,14283.55734,14049.07997,14258.56832,15601.29542,16228.05597,17425.15759,13791.89681,17311.79239,18685.00629,22458.28851,22431.40241,27228.9871,26580.15578,29538.46276,29593.89803
Annex_I,Japan,JPN,Japan,1.A.4,Residential and other sectors,CO2bio,bio,116.1654816,116.1654816,116.1654816,116.1654816,116.1654816,116.1654816,116.1654816,116.1654816,116.1654816,116.1654816,116.1654816,116.1654816,756.3653016,704.3656616,688.7656516,649.6655416,618.8653516,585.7653416,556.1655016,540.3653616,643.9698216,645.594882,640.92164,611.4623788,599.9703456,541.7557052,512.8249172,481.9670428,459.7751128,520.0985816,459.4906616,446.9984392,1810.328079,2019.064333,2870.397461,3273.3958,3538.180605,4413.927063,3982.61976,3908.693851,3933.729636,4028.474806,3916.984148,4357.217358,5134.572286,5179.363191,5219.715659,5646.651854,5692.704822,5836.048269,4782.566327,4857.43544,4855.951994,4810.210632,4810.210632
Annex_I,Japan,JPN,Japan,1.A.3.b_noRES,Road Transportation no resuspension,CO2bio,bio,,,,,,,,,,,,,,,,,,,,,,,,,,,,,,,,,,,,0.00177708,10.34227992,14.41072404,16.22514396,41.30421732,587.6225336,571.410424,582.1176142,680.9375567,827.899354,1019.855875,1200.746243,1316.999553,1333.16897,1264.744197,1347.38583,1363.42363,1311.817149,1322.776736,1623.993547
Annex_I,Japan,JPN,Japan,1.B.1,Solid Fuels,CO2bio,bio,,,,,,,,,,,,,,,,,,,,,143.1322484,140.168668,147.45866,140.4232612,137.4758544,124.5366648,123.7281928,121.3018472,112.4063772,108.7675684,99.8720984,93.2892608,83.1484508,86.1244368,79.2793392,72.8944696,69.7000948,68.4752472,66.6028296,64.8117188,58.5805236,52.6491044,50.0733216,50.1223316,49.2325036,43.0945392,40.8181012,39.564746,34.2757076,32.2338308,29.7189832,26.9733704,25.311686,21.78462035,21.78462035
Annex_I,Japan,JPN,Japan,1.A.5,Non-Specified,CO2bio,bio,,,,,,,,,,,,,,,,,,,,,,,,,,,,,,,,,272.37144,316.43123,488.66613,567.97459,626.05346,792.28031,702.15734,684.53343,695.74861,714.97481,919.17635,518.6679,98.1478,98.1478,98.1478,107.27377,39.62974,39.56484,0.00921,0.00879,0.00879,0.00879,0.00879
Annex_I,Japan,JPN,Japan,3.C.1,Emissions from biomass burning,CO2bio,bio,1833.80111,1614.496459,1615.508614,1583.324688,1600.044081,1668.83598,1559.413615,1665.880698,1631.031292,1638.86915,1469.792436,1497.27278,1549.907792,1539.688388,1682.683984,1700.613417,1687.074995,1595.744877,1584.964595,1602.077035,1587.714555,1455.050686,1519.526477,1276.024912,1568.949051,1434.517468,1337.474308,1285.290899,1151.454405,1127.834609,1130.01301,1071.512146,1056.550447,962.413468,974.0619998,950.7073519,876.2810319,867.720764,831.0967997,722.3773509,658.2480458,677.4167775,698.7304755,673.8276415,667.3279009,676.8400068,617.708363,626.8346703,576.1843138,608.2659279,578.2669816,606.3331477,580.5421369,586.0778882,579.475346
Annex_I,Japan,JPN,Japan,1.B.2,Oil and Natural Gas,CO2bio,bio,,,,,,,,,,,,,,,,,,,,,27.24583134,22.6727046,20.87522892,2.17603386,1.97006628,1.89051408,1.68592242,1.74307224,1.7389554,1.89097272,1.56110682,1.6882047,1.70877798,1.7940468,1.6845465,2.30491428,10.34227992,14.41072404,16.22514396,41.30421732,53.42861112,60.72927348,60.376824,58.10165898,68.00205312,45.0523302,39.65200032,38.81941398,36.79085406,37.62173016,30.66842598,25.29468186,25.29468186,19.22903419,15.78004613
Annex_I,Japan,JPN,Japan,4.C,Incineration and Open Burning of Waste,CO2bio,bio,7366.738801,7551.716464,7742.786855,7936.518658,8128.305139,8314.681049,8418.897078,8514.627975,8603.306276,8687.480249,8768.898508,8849.692865,8927.433472,9001.505258,9071.215896,9135.948421,9197.768211,9254.965334,9308.443994,9359.198677,9408.071299,9198.275646,9546.962999,9634.866925,10655.82544,11122.98229,11611.67043,11133.22097,10801.57678,10510.90897,9779.694201,9268.538477,8422.328273,7796.273136,7595.882216,7376.070916,7424.810859,7300.838536,6663.741291,6720.764596,6336.157908,6576.444036,6353.768035,6522.395343,6062.056745,6469.86821,4520.928359,4305.23965,5176.221662,4939.230453,4964.052905,4912.266263,4851.004702,4956.3885,5067.843862
Non-Annex_I,Asia-Stan,KAZ,Kazakhstan,1.A.1.a,Main Activity Electricity and Heat Production,CO2bio,bio,,,,,,,,,,,,,,,,,,,,,,,,,,,,,,,,,,,,,,,,,,,,,0.98435064,2.30770722,3.14575716,1.73758494,1.02206832,2.35868724,3.82583838,2.01670014,2.31868182,1.110992952,1.376085217
Non-Annex_I,Asia-Stan,KAZ,Kazakhstan,1.A.2,Manufacturing Industries and Construction,CO2bio,bio,,,,,,,,,,,,,,,,,,,,,,,,,,,,,,,,,,,,,,,,,,,,,,,,,,,,34.0705,36.19529,29.06947314,29.06947314
Non-Annex_I,Asia-Stan,KAZ,Kazakhstan,1.A.1.bc,Petroleum Refining - Manufacture of Solid Fuels and Other Energy Industries,CO2bio,bio,,,,,,,,,,,,,,,,,,,,,,,,,,,,,,,,,,,,,,,,,,,,,55.06982,22.09709,24.04982,37.65985,51.79993,124.59289,13.73019,8.27186,,,
Non-Annex_I,Asia-Stan,KAZ,Kazakhstan,1.A.5,Non-Specified,CO2bio,bio,932.5706282,932.5706282,921.7769783,901.2694071,915.301005,887.2366599,889.3960729,871.0467653,839.7455552,842.9835363,851.6177733,873.2050731,899.1099942,866.7290998,919.6176096,936.5855149,871.0578274,931.5660805,875.1268536,804.6438615,479.99987,479.99987,479.99987,329.99981,320.00005,329.99981,309.99988,309.99988,306.89998,306.89998,306.89998,80.39996,95.09981,110.60018,87.99984,47.99999,85.59996,107.49986,118.30013,18.69992,36.69981,79.30009,50.00002,82.70019,,,,,,,,,,,
Non-Annex_I,Asia-Stan,KAZ,Kazakhstan,1.A.4,Residential and other sectors,CO2bio,bio,,,,,,,,,,,,,,,,,,,,,,,,,,,,,,,,,,,,,,,174.20019,259.8998,174.29983,249.69991,198.99986,193.50008,75.50433,137.7338828,138.1817644,176.0673728,187.0273968,151.9751064,189.9225348,107.908326,115.6125187,100.644098,101.2370889
Non-Annex_I,Asia-Stan,KAZ,Kazakhstan,1.B.2,Oil and Natural Gas,CO2bio,bio,,,,,,,,,,,,,,,,,,,,,,,,,,,,,,,,,,,,,,,,,,,,,,,,,,,,6.00172308,16.906171,24.48313544,24.48313544
Non-Annex_I,Asia-Stan,KAZ,Kazakhstan,1.B.1,Solid Fuels,CO2bio,bio,,,,,,,,,,,,,,,,,,,,,,,,,,,,,,,,,,,,,,,,,,,,,,0.5322776,6.1556376,6.0202696,7.421656,6.3819052,6.8945632,5.8145784,27.5778052,26.42963081,26.42963081
Non-Annex_I,Asia-Stan,KAZ,Kazakhstan,3.C.1,Emissions from biomass burning,CO2bio,bio,6542.129792,6418.846034,5932.360938,7433.470338,6314.324621,5189.331017,7141.910304,6645.187687,7966.150766,6388.797426,6680.815899,5806.499345,6127.110404,5942.40275,5375.253361,5825.589537,6465.026783,6193.738123,5993.549098,6421.62963,7158.618081,5521.639125,6201.670323,4821.983773,3904.502518,2736.230056,2949.129188,3067.025568,1908.790062,3209.749434,2847.488898,3646.196443,3723.278988,3497.329146,3139.265494,3375.899867,3859.447657,4549.161948,3784.598402,4778.792681,3195.812036,5842.898131,3281.114942,4220.906869,3976.520241,4210.754676,4569.846249,4594.252665,4531.764836,4000.023002,4520.096179,3944.675762,4935.825432,4134.803376,6136.27188
Non-Annex_I,Eastern_Africa,KEN,Kenya,1.B.1,Solid Fuels,CO2bio,bio,6521.662348,6521.662348,6756.12158,6996.031244,7241.040859,7485.600926,7731.661113,7992.671193,8272.582328,8566.843856,8877.806278,9206.269717,9550.483118,9912.097525,10286.01293,10671.02837,11059.99372,11454.30949,11862.17591,12279.89272,12703.06004,13116.37694,13519.84303,13921.80942,14328.17617,14736.04217,15139.50914,15550.3754,15972.74214,16425.36097,16911.2303,17431.7512,17969.0726,18508.04455,19071.66724,19647.59053,20239.51422,20850.08901,21478.41441,22126.64008,22757.8657,23368.6905,23967.21426,24550.7882,25122.06108,25681.28298,26252.00625,26830.23495,27454.35393,28374.72424,29322.41301,29897.74009,30473.62901,31079.41172,31079.41172
Non-Annex_I,Eastern_Africa,KEN,Kenya,1.A.1.a,Main Activity Electricity and Heat Production,CO2bio,bio,121.19991,121.19991,124.80013,129.59988,134.40005,139.1998,145.1999,150.00006,156.00017,161.99985,167.99996,175.2,182.40004,188.40014,195.60018,202.7998,211.2002,218.39982,225.59986,233.99983,241.19987,248.39991,256.79989,263.99993,146.39984,175.2,178.79981,171.60018,180.00016,170.39983,159.59998,137.99986,174.00006,161.99985,180.00016,195.60018,194.39982,211.2002,201.59986,334.79997,324.00012,324.00012,309.60004,325.20006,263.99993,276.2184526,274.0366946,188.1245263,202.9281428,177.6524328,262.5303054,300.1895536,317.4417328,239.151601,239.1529905
Non-Annex_I,Eastern_Africa,KEN,Kenya,1.B.2,Oil and Natural Gas,CO2bio,bio,,,,,,,,,,,,,,,,,,,,,,,,,,,,,,,,,,,,,,,,,,,,,,,,,,0.08922216,1.8081966,2.09661456,2.3850396,1.4154336,1.4154336
Non-Annex_I,Eastern_Africa,KEN,Kenya,1.A.2,Manufacturing Industries and Construction,CO2bio,bio,5113.4185,5113.4185,5138.71849,5148.91837,5156.41861,5158.11845,5162.21858,5180.81844,5195.71842,5213.21841,5227.01852,5237.71831,5251.51842,5256.11846,5260.71849,5272.71828,5294.21834,5313.31852,5334.51838,5351.31833,5367.31861,5124.14552,4438.47202,4548.54898,3914.30086,4607.13697,4681.67527,4815.43357,5347.56069,5600.19619,4846.97123,4270.62415,5871.86882,4999.68548,6155.87296,5861.63057,5687.79671,5819.15368,6207.8514,6503.453,6417.37571,6492.64573,6197.44334,6698.7463,6554.33771,6777.44602,6590.61757,6437.07739,1621.065034,1557.547598,2043.031352,2159.024249,2350.292949,2871.305843,2962.322363
Non-Annex_I,Eastern_Africa,KEN,Kenya,1.A.4,Residential and other sectors,CO2bio,bio,11898.8379,11898.8379,12265.47839,12639.96865,13012.65941,13385.29897,13752.139,14134.22852,14541.81757,14961.4561,15476.69335,16034.43019,16614.71707,17225.60252,17861.6873,18508.17168,19164.10643,19831.59035,20518.42392,21220.70709,21900.73981,22552.82282,23182.65688,23806.49041,24429.72393,25049.85759,25659.19093,26271.72471,26903.45772,27579.83882,28300.4696,29069.54883,29860.22722,30652.15525,31466.23259,32298.30964,33150.68582,34018.11088,34913.58558,35819.15968,36697.93405,37532.80919,38330.98559,39096.61172,39825.23892,40524.61683,41234.29361,41937.07163,42512.79617,42676.53978,42856.86066,43459.85586,43981.07814,44247.78319,44248.38479
Non-Annex_I,Eastern_Africa,KEN,Kenya,3.C.1,Emissions from biomass burning,CO2bio,bio,911.8032227,895.9089932,953.4378092,1036.990655,1070.050489,1094.361116,1232.460446,1232.416831,1166.761661,1091.155011,1013.70033,990.7380227,1152.782938,1149.743179,851.0361158,1192.947656,1314.349955,1211.337047,1355.171371,1363.928154,1253.330641,1278.244621,1324.968341,1169.802633,1429.715944,1383.868726,1134.17213,1133.665842,1169.311025,1197.850218,1105.99737,1285.719091,1278.528469,1336.129002,1250.721465,1403.318867,1527.959251,1390.11143,1219.769207,1330.249121,1634.246633,1629.638115,1824.986749,1835.735836,1724.046558,1847.070621,1712.739694,1579.487432,1897.352908,1839.52682,1923.887834,1784.640289,1794.823615,1993.14815,1960.489944
Non-Annex_I,Asia-Stan,KGZ,Kyrgyzstan,1.A.5,Non-Specified,CO2bio,bio,40.80026746,40.80026746,40.32804178,39.43082889,40.04471585,38.81689165,38.91136666,38.1085785,36.73914041,36.88080314,37.2585538,38.20300517,39.33635387,37.91967924,40.2335687,40.97592006,38.10906248,40.75631817,38.28708369,35.20342992,21.00015,19.50002,18.59986,13.70005,16.59982,15.60002,15.00005,15.00005,15.00005,15.00005,15.00005,15.00005,15.00005,15.00005,15.00005,15.00005,15.00005,15.10011,15.20018,15.39989,15.60002,15.80015,15.99986,1.60019,1.89997,1.89997,0.10006,0.00837,0.02093,0.0201,0.20013,0.06992,0.20348,0.201280216,0.201280216
Non-Annex_I,Asia-Stan,KGZ,Kyrgyzstan,1.A.4,Residential and other sectors,CO2bio,bio,,,,,,,,,,,,,,,,,,,,,,,,,,,,,,,,,,,,,,,,,,,,12.40005,10.19988,10.19988,4.20019,5.99844,8.65997,7.54963,5.57137,4.87971,5.41059,5.352097135,5.352097135
Non-Annex_I,Asia-Stan,KGZ,Kyrgyzstan,1.B.2,Oil and Natural Gas,CO2bio,bio,,,,,,,,,,,,,,,,,,,,,,,,,,,,,,,,,,,,,,,,,,,,,0.90016,0.90016,,,,,,,,,
Non-Annex_I,Asia-Stan,KGZ,Kyrgyzstan,1.A.2,Manufacturing Industries and Construction,CO2bio,bio,,,,,,,,,,,,,,,,,,,,,,,,,,,,,,,,,,,,,,,,,,,,,,,,,,,,,0.00084,0.000830919,0.000830919
Non-Annex_I,Asia-Stan,KGZ,Kyrgyzstan,3.C.1,Emissions from biomass burning,CO2bio,bio,261.6303661,252.7694478,248.5519361,300.4967779,277.4142445,217.2955346,303.1323678,284.0551705,316.9377915,264.2607329,271.0953352,242.8105448,274.6419711,268.2482182,248.3122201,266.0350752,282.2295507,284.5375056,274.9201417,284.3094868,287.4138214,237.2759535,271.0748136,281.1453188,209.6065018,195.0108666,272.0918149,332.7609041,329.7941972,327.5582294,309.8416744,349.6372913,342.6003998,328.4145045,333.2019561,313.0671381,292.3544341,272.182807,279.0179561,347.2764133,288.5761501,289.4109619,253.2780977,318.5662568,258.9801579,328.9713022,335.267085,326.5810884,337.1415895,340.2876572,346.0496969,265.1854311,340.5074186,305.3776282,405.7263147
Non-Annex_I,Asia-Stan,KGZ,Kyrgyzstan,1.A.3.c,Railways,CO2bio,bio,,,,,,,,,,,,,,,,,,,,,,,,,,,,,,,,,,,,,,,,,,,,,,,,,,,0.00251,,,,
Non-Annex_I,Southeastern Asia,KHM,Cambodia,1.A.1.a,Main Activity Electricity and Heat Production,CO2bio,bio,2.571223007,2.575382904,2.575748533,2.599116808,2.578107565,2.957664124,2.871471075,2.802302094,3.057302803,13.2209876,12.97431503,12.67226427,13.06414566,13.34544151,13.78996119,14.31116586,14.36823117,14.37620175,14.08006784,14.00184219,42.72729489,42.47447573,42.21633867,41.9930249,45.08087533,,,,,,,,,9.69998,19.29989,20.49983,21.89989,23.29996,24.9998,26.80013,28.80016,28.80016,28.80016,15.80015,24.39983,54.49999,111.80012,113.20019,123.59852,176.78177,127.23015,95.60307,23.99748,23.60815627,23.60815627
Non-Annex_I,Southeastern Asia,KHM,Cambodia,1.A.5,Non-Specified,CO2bio,bio,,,,,,,,,,,,,,,,,,3.836464397,3.75743746,3.736561992,6.296653984,6.665850736,6.019363122,7.313617734,7.674195354,,,,,,,,,,,,,,,,,,,,,,,,,,,,,,
Non-Annex_I,Southeastern Asia,KHM,Cambodia,1.A.4,Residential and other sectors,CO2bio,bio,4589.157155,4596.11508,4667.075142,4796.86535,4826.453709,4822.508489,4762.244467,4702.139362,4565.786963,4545.005811,4521.757997,4435.423263,4448.615695,4562.905759,4574.476553,4813.080531,4910.89719,4965.772463,4888.212471,4871.319974,8607.270447,8578.234605,8534.22067,8503.880001,8532.749087,7091.406667,7300.362318,7491.582271,7670.402175,7835.58692,7983.03555,8103.449643,8218.862975,8307.305353,8375.811875,8458.954182,8504.524987,8560.331677,8615.538409,8634.074206,8650.309782,8699.580887,8727.116214,8751.151791,8768.087398,8404.347432,8239.362805,8026.158638,7716.665687,7379.661834,6932.617984,6430.55316,5964.849246,5360.844802,5360.844802
Non-Annex_I,Southeastern Asia,KHM,Cambodia,1.B.1,Solid Fuels,CO2bio,bio,93.80420049,94.28785398,98.10311751,99.34873468,101.3081723,103.0532224,100.9769551,99.19274034,96.19221752,94.66845212,94.44315024,89.48504753,87.58564612,87.18976615,86.95183477,85.05283657,83.46693629,84.08185506,86.90726628,87.70712577,896.1792361,889.0510592,869.5260361,867.5133217,865.4511052,819.5933828,843.2375024,864.5177488,885.7975752,904.7131196,921.2643796,935.4504572,949.6370152,959.0949968,966.1882652,975.645838,980.3748232,987.4681028,994.5613812,996.9260844,999.2903676,1004.019353,1006.383646,1008.747929,1011.112642,968.4524884,949.5369552,924.967712,889.2996132,850.460716,798.9420964,741.08187,687.412824,653.1550225,653.1550225
Non-Annex_I,Southeastern Asia,KHM,Cambodia,1.A.2,Manufacturing Industries and Construction,CO2bio,bio,,,,,,,,,,2.210319908,,8.474331525,13.9691919,36.61956994,37.48766577,34.371979,13.01989276,27.65627082,15.31878349,33.62905793,1381.256915,1357.029015,1376.858617,1382.595229,1462.396274,1791.59996,1827.40004,1864.0002,2345.40014,2392.29984,2440.20018,2488.99985,2348.79982,2395.8,2641.30014,2694.09987,2747.9999,2802.9998,2858.99992,2698.09994,2751.99997,2807.09993,3021.79987,3259.29987,3520.00018,3773.70017,4072.1001,4400.89746,4787.03933,5166.9483,4983.22691,5137.34093,5399.44382,5311.845805,5311.845805
Non-Annex_I,Southeastern Asia,KHM,Cambodia,1.B.2,Oil and Natural Gas,CO2bio,bio,,,,,,5.360766226,5.204541323,5.079172546,4.858179796,4.748094618,4.659506327,4.551029893,6.059874795,6.190355401,7.804875397,29.16791869,244.049252,248.40053,246.1327989,324.0543653,,,,10.04617821,10.04475832,,,,,,,,,,,,,,,,,,,,,,,,,,,,,,
Non-Annex_I,Southeastern Asia,KHM,Cambodia,3.C.1,Emissions from biomass burning,CO2bio,bio,6852.97154,5226.24027,3821.884106,2229.759013,1512.517565,2396.445103,2597.813671,2546.370702,2538.478975,1836.664245,3792.581408,3435.195946,4220.240138,4269.399859,2636.97657,3832.812638,4124.25691,3686.008735,4953.117238,5119.758768,5029.713363,4707.585714,4547.26873,4873.138548,4192.975081,5716.0486,5620.553087,5729.289452,5822.06705,6422.959312,6130.709017,6331.146619,6188.997731,7339.878075,6783.360982,8527.913204,8976.175932,9502.685698,9998.798688,10613.51124,11180.18818,11938.68853,12478.19882,12487.12404,12484.9558,12337.10446,13020.85611,14007.32324,14383.4632,14120.20082,14140.14119,15158.64112,14800.0014,16360.07359,16038.77575
Non-Annex_I,Oceania,KIR,Kiribati,1.A.4,Residential and other sectors,CO2bio,bio,0.64514813,0.65402686,0.649019462,0.630989259,0.591975148,0.608592646,0.696872948,0.727131007,0.765862616,0.825997376,1.030371865,1.068314222,1.063766739,1.125779085,1.11076635,1.231041804,1.259353489,1.282798658,1.287298975,1.321781113,2.322925726,2.362348288,2.385150277,2.437107237,2.400851414,2.710253147,2.798796086,2.803937321,2.868082328,2.908669134,3.061070164,3.110048082,3.237615458,3.264829601,3.319646373,3.387623042,3.459733685,3.525517775,3.5967206,3.673353006,3.712725255,3.831756573,3.883217204,4.326397269,4.406491843,4.48586068,4.552957396,4.627839596,4.493867882,4.751305974,4.800736026,4.751323504,4.973854382,5.052000522,5.052000522
Non-Annex_I,Oceania,KIR,Kiribati,1.A.1.a,Main Activity Electricity and Heat Production,CO2bio,bio,0.00022504,0.000229234,0.000224416,0.000213064,0.000196204,0.00023199,0.000261302,0.000270509,0.000323625,0.001515423,0.001825177,0.001906361,0.001980362,0.00210747,0.00217278,0.00233078,0.002350535,0.002395149,0.002382344,0.002442796,0.007732461,0.00783628,0.007924288,0.008059344,0.008351898,0.018922113,0.019316848,0.018076131,0.018315396,0.015137041,0.024001545,0.035159436,0.038296525,0.05365565,0.054949853,0.056741182,0.052367412,0.048241395,0.045881671,0.04749222,0.051578385,0.054885484,0.067967836,0.092642752,0.079394902,0.057128517,0.057650385,0.052343144,0.060081071,0.068989584,0.063787884,0.065654356,0.067581637,0.069354516,0.070968803
Non-Annex_I,Oceania,KIR,Kiribati,1.A.5,Non-Specified,CO2bio,bio,,,,,,,,,,,,,,,,,,0.000639175,0.000635758,0.00065189,0.001139521,0.001229809,0.001129875,0.001403637,0.001421758,0.002396634,0.00244663,0.002551324,0.002585095,0.009715395,0.011830953,0.012928902,0.012948333,0.012813861,0.021947192,0.012831827,0.01293545,0.013143836,0.013401726,0.023617614,0.028854515,0.011120188,0.011093227,0.01109105,0.009233512,0.010460426,0.010601413,0.010101341,0.00736913,0.00713341,0.006991881,0.002544954,0.002674618,0.002717273,0.002717273
Non-Annex_I,Oceania,KIR,Kiribati,1.A.2,Manufacturing Industries and Construction,CO2bio,bio,,,,,,,,,,0.000253353,,0.001274842,0.002117556,0.005782846,0.005906648,0.005597974,0.002129957,0.004607677,0.002591934,0.005867009,0.24996939,0.250363537,0.258445536,0.265349087,0.270930502,0.199522894,0.203685144,0.169841644,0.143136691,0.186404818,0.276100674,0.257814897,0.284509675,0.266584761,0.278434267,0.266457819,0.283499436,0.252776789,0.242118971,0.222209818,0.206759597,0.23006304,0.225064893,0.158277369,0.190315343,0.197631632,0.152391277,0.17882363,0.164714589,0.171184064,0.163152653,0.164748238,0.170017259,0.172518928,0.172518928
Non-Annex_I,Oceania,KIR,Kiribati,3.C.1,Emissions from biomass burning,CO2bio,bio,2.698901239,2.991116752,2.994093562,3.120604558,3.204945222,3.331456217,3.289285885,3.247115554,3.204945222,3.16277489,2.901182134,2.709541513,2.793362773,2.63480232,2.479615494,2.327802295,2.179362722,2.034296776,1.619048722,1.450015953,1.619340699,,,,,,,,,,,,,,,,,,,,,,,,,,,,,,,,,,
Non-Annex_I,Oceania,KIR,Kiribati,1.B.1,Solid Fuels,CO2bio,bio,0,0,0,0,0,0,0,0,0,0,0,0,0,0,0,0,0,0,0,0,0,0,0,0,0,0,0,0,0,0,0,0,0,0,0,0,0,0,0,0,0,0,0,0,0,0,0,0,0,0,0,0,0,0,0
Non-Annex_I,Oceania,KIR,Kiribati,1.B.2,Oil and Natural Gas,CO2bio,bio,,,,,,0.000420481,0.000473609,0.000490298,0.000514253,0.000544239,0.000655481,0.000684637,0.000918602,0.000977561,0.001229755,0.004750417,0.039924625,0.041384805,0.04164561,0.056535328,,,,0.001928073,0.00186094,0.003136955,0.003202395,0.003189155,0.003231368,0.003566998,0.005699849,0.006562256,0.006637216,0.006709636,0.007044853,0.007122783,0.007220793,0.007329805,0.007429767,0.007532929,0.007629939,0.007718642,0.007793106,,,,,,,,,,,,
Non-Annex_I,Rest Central America,KNA,Saint Kitts and Nevis,1.A.3.b_noRES,Road Transportation no resuspension,CO2bio,bio,,,,,,,,,,,,,,,,,,,,,,,,,,,,,,,,,,,,,,,,,,,,0.023629765,,,0.027870108,0.002493471,0.007048101,0.008199074,0.006591174,0.006208734,0.006972228,0.006570268,0.007357977
Non-Annex_I,Rest Central America,KNA,Saint Kitts and Nevis,1.A.4,Residential and other sectors,CO2bio,bio,,,,,,,,,,,,,,,,,,,,,,,,,,,,,,,,,,,,,,,,0.010675592,0.054762799,0.008399318,0.009621095,0.009104249,0.010649653,0.094294305,0.114437597,0.108036923,0.10377034,0.799681635,0.007889201,0.008482929,0.007995043,0.007995043,0.007995043
Non-Annex_I,Rest Central America,KNA,Saint Kitts and Nevis,1.A.2,Manufacturing Industries and Construction,CO2bio,bio,251.6416,251.6416,251.6416,251.6416,251.6416,251.6416,251.6416,251.6416,251.6416,251.6416,251.6416,251.6416,251.6416,251.6416,251.6416,251.6416,251.6416,251.6416,251.6416,251.6416,251.6416,196.4032,199.472,251.6416,300.7424,251.6416,199.472,239.3664,239.3664,199.472,199.472,199.472,199.472,220.9536,199.472,199.472,,,,,,,,,,,,,,,,,,,
Non-Annex_I,Rest Central America,KNA,Saint Kitts and Nevis,3.C.1,Emissions from biomass burning,CO2bio,bio,50.10859242,41.89062467,37.77368178,32.61013473,33.53406744,33.35787167,49.39395562,53.2875903,54.79331563,58.10069456,53.2752401,51.1035513,52.90903982,41.91224513,45.25096414,39.9650891,39.52593362,39.29027124,41.12224021,38.29394328,25.94820427,30.4694309,42.4864128,33.19168007,27.52857737,27.91321071,31.45772447,46.91634548,37.05277192,29.89424472,29.06810058,29.05843818,29.29595009,29.29268286,39.34448303,15.33197355,0.321376976,0.332576852,0.352117261,0.365465816,0.350922,0.348417001,0.350904499,0.351841141,0.351197694,0.365785118,0.356079369,0.350227689,0.344718593,0.348658133,0.351461423,0.35260972,0.351523431,0.353667288,0.355457027
Non-Annex_I,Rest Central America,KNA,Saint Kitts and Nevis,1.A.5,Non-Specified,CO2bio,bio,,,,,,,,,,,,,,,,,,,,,,,,,,,,,,,,,,,,,,,,0.004744707,0.029206826,0.000839932,0.000874645,0.000910425,0.000887471,0.015715718,0.009536466,0.010872392,0.011173183,0.092291705,0.00095781,0.001036162,0.001032388,0.001032388,0.001032388
Non-Annex_I,Korea,KOR,"Korea, Republic of",1.A.3.b_noRES,Road Transportation no resuspension,CO2bio,bio,,,,,,,,,,,,,,,,,,,,,,,,,,,,,,,,,2.70517596,5.41065636,13.52648868,32.46332928,119.031707,235.3582452,492.1987326,723.292007,987.3987692,930.3757058,1002.404716,1053.425462,1107.447221,1239.500606,1467.592569,1565.445575,1901.110329,1901.065569,1928.005011,1943.112924,2061.840205,2063.283817,2264.868721
Non-Annex_I,Korea,KOR,"Korea, Republic of",1.A.5,Non-Specified,CO2bio,bio,,,,,,,,,,,,,,,,,,,,,,,,,,,,,,,,,,,,,,,,,,,6.66115632,6.98873448,,,,,,,,,,,
Non-Annex_I,Korea,KOR,"Korea, Republic of",1.A.1.a,Main Activity Electricity and Heat Production,CO2bio,bio,,,,,,,,,,,,,,,,,,,,,,,,0.70003,22.30015,192.20008,311.40037,126.59961,187.60005,258.30001,321.5148601,475.3915037,714.1964172,672.6033371,764.3105982,867.7936637,1077.942585,1298.014159,1509.919051,1698.188453,2175.691657,1853.001977,1906.797142,2067.902568,2684.73382,2994.977222,5808.493545,5945.978659,7307.415397,7961.757745,7670.724794,7266.570238,8222.341146,8967.477592,9106.099592
Non-Annex_I,Korea,KOR,"Korea, Republic of",1.B.2,Oil and Natural Gas,CO2bio,bio,,,,,,,,,,,,,,,,,,,,,,,,,,,,,,,,,2.07230892,4.1662614,13.32076512,32.88781068,130.918666,243.4740775,491.6675414,703.531989,987.5938232,930.1115935,996.1863024,1044.42184,1106.06677,1239.779543,1468.829261,1559.504612,1898.139851,1901.062609,1928.005011,1943.112924,2061.840205,2106.439178,2309.334601
Non-Annex_I,Korea,KOR,"Korea, Republic of",1.A.2,Manufacturing Industries and Construction,CO2bio,bio,,,,,,,,,,,,,,,,,,,,,27.35464914,28.28276178,34.61633448,41.33212356,42.53341092,44.38986552,840.0607418,911.1264808,934.6265708,676.6211874,496.6265908,263.9462908,366.5478426,448.4907682,411.4338839,1003.543151,956.5488691,964.2130128,848.4294173,594.8089356,768.1588328,747.5278509,2799.27771,3344.792475,5595.036573,3517.530324,3410.733534,3572.591161,3699.127077,2615.133726,2383.226993,1928.95832,1910.061104,1953.874744,1931.494577
Non-Annex_I,Korea,KOR,"Korea, Republic of",1.A.4,Residential and other sectors,CO2bio,bio,,,,,,,,,,,,,,,,,,,,,1821.194934,1238.478124,949.5570982,725.1728273,526.6735808,423.7298154,376.0008217,552.5216128,563.0216828,589.9615172,712.2216528,870.5866,951.88629,1013.313326,913.0121591,915.8312174,1059.245525,1049.022281,915.1181527,1211.457574,921.2997383,1188.427299,1435.354095,1689.251252,4096.773827,5060.262834,2259.59323,2414.703673,2435.151667,1870.105014,1648.027762,1453.473674,1429.295867,1445.551125,1421.431242
Non-Annex_I,Korea,KOR,"Korea, Republic of",3.C.1,Emissions from biomass burning,CO2bio,bio,103.9634503,101.9868544,101.651232,101.749631,104.1190853,110.7633297,116.4651341,113.5036346,119.9785531,115.7454187,87.82205389,102.3150595,101.0578918,105.3490562,107.005185,102.2782842,100.0117109,99.71317443,105.0072182,103.4787713,98.5872951,91.17540488,89.40625396,82.34302101,83.87420778,79.8065425,85.39548148,85.9744068,81.87944099,84.29966646,84.58661579,87.17809948,80.71707234,75.0473292,79.90963801,77.82914089,75.27574391,72.36041116,76.14303639,75.98045061,69.46806565,67.34727722,65.51096598,66.9399837,66.66053603,66.7412991,65.00372192,61.73350399,60.94853926,59.85648437,56.99202344,61.18092786,59.60137096,58.83605541,58.06060901
Non-Annex_I,Korea,KOR,"Korea, Republic of",4.C,Incineration and Open Burning of Waste,CO2bio,bio,,,,,,,,,,,,,,,,,,,,,,,,,,,,,,,,,,,,4.433,4.730362976,4.986178782,5.268402274,5.54537188,8.828013029,7.831053793,6.834094557,7.077190431,7.373499173,7.669807916,8.023511895,8.353158611,8.964337518,8.976953755,12.10430185,12.7681471,12.73018274,14.43278229,15.52647125
Non-Annex_I,Middle_East,KWT,Kuwait,1.A.4,Residential and other sectors,CO2bio,bio,51.7440896,51.7440896,17.2478768,110.387424,37.9456,37.9456,37.9456,3.4493872,3.4493872,13.7984896,17.2478768,17.2478768,17.2478768,6.8992448,27.5969792,27.5969792,27.5969792,27.5969792,27.5969792,27.5969792,27.5969792,27.5969792,37.9456,17.2478768,10.348632,31.0463664,17.2478768,,,,,,,,,,,,,,,,,,,,,,,,,,,,
Non-Annex_I,Middle_East,KWT,Kuwait,3.C.1,Emissions from biomass burning,CO2bio,bio,0.002376606,0.003959314,0.006268264,0.007149781,0.003307106,0.008667312,0.010099302,0.0116322,0.038987106,0.064170257,0.065621846,0.11894521,0.144416808,0.226409024,0.225768873,0.804130132,0.808186847,0.894961307,0.991136983,0.705124377,0.523951163,0.253267291,0.042232334,0.234402001,0.36817584,0.660085812,1.195047051,1.339687642,1.978108366,2.087768606,2.355959362,2.670440452,3.759634317,5.679871516,2.877423346,3.025580932,4.177189772,6.118299128,4.441974666,3.896835858,5.499093323,9.273703303,7.212879926,8.570009102,13.15911375,2.879025855,1.57243517,2.063068929,3.069197013,7.800668007,7.794794837,6.244956389,6.622137244,7.586148322,7.560593396
Non-Annex_I,Southeastern Asia,LAO,Lao People's Democratic Republic,1.A.5,Non-Specified,CO2bio,bio,,,,,,,,,,,,,,,,,,1.818971486,1.865408491,1.857313273,3.155569846,3.387102851,3.084973205,3.778853218,3.952053657,6.590045809,6.578278094,6.864220841,6.820002815,5.710692688,,,,,,,,,,,,,,,,,,,,,,,,,
Non-Annex_I,Southeastern Asia,LAO,Lao People's Democratic Republic,1.B.1,Solid Fuels,CO2bio,bio,33.43258296,33.29099446,34.3546163,34.10026478,34.82911554,36.21267826,37.21883763,37.40230523,38.46685468,38.31512553,39.39063221,38.12904198,37.97228947,38.2828853,38.16087926,37.41666715,37.10482071,38.30486965,41.49539688,42.5760301,447.953613,450.6154538,452.0663925,455.7798829,459.4706243,111.3282513,119.9680917,130.479601,135.4636488,142.1939122,325.6722316,330.36521,339.8943764,346.1875448,355.7162912,362.0098796,373.138826,414.276224,486.9225956,578.5913312,586.4842292,594.3776088,605.506534,613.4350804,630.8220284,648.2085564,648.2085564,648.2085564,657.6945848,664.0183312,648.2085564,657.6945848,664.0183312,655.5473918,655.5473918
Non-Annex_I,Southeastern Asia,LAO,Lao People's Democratic Republic,1.A.2,Manufacturing Industries and Construction,CO2bio,bio,,,,,,,,,,1.000606427,,3.982915343,6.611478949,17.42794341,17.60493335,16.08106034,6.081896461,13.11258566,7.605126924,16.71581946,692.2172761,689.54392,705.6513877,714.3693616,753.1041726,548.6299393,547.6502616,456.9511814,377.6235559,485.7817642,196.70005,201.4998,206.29996,212.69991,217.50007,222.29982,227.09999,246.29981,263.89987,413.87755,738.90801,781.60887,706.40891,1078.0762,1158.9401,1461.01993,1451.44796,1369.22173,1228.04305,1536.47623,1392.29323,1516.02233,1600.50135,1534.638642,1597.42629
Non-Annex_I,Southeastern Asia,LAO,Lao People's Democratic Republic,1.A.1.a,Main Activity Electricity and Heat Production,CO2bio,bio,1.023287206,1.013541383,1.006814392,0.995147447,0.995060019,1.166888543,1.194529905,1.189538328,1.378680625,5.985108815,6.015631163,5.955933591,6.183129609,6.351347105,6.476032657,6.695533062,6.711736871,6.816145897,6.990157092,6.959822264,21.41279538,21.58245414,21.63622147,21.69726161,23.21572882,52.03030932,51.93739982,48.63300466,48.31971994,39.44800771,,,,,,,,,,,,,,10.00017,10.00017,6.29988,7.90007,41.08004,71.09982,74.26002,90.06016,76.96971,56.88019,56.52135625,56.52135625
Non-Annex_I,Southeastern Asia,LAO,Lao People's Democratic Republic,1.A.4,Residential and other sectors,CO2bio,bio,1831.861674,1814.166301,1829.841667,1842.228458,1868.824829,1908.976356,1987.872574,2002.476258,2065.828123,2063.846609,2103.142346,2090.324514,2110.565915,2176.261156,2152.01991,2255.249383,2296.71706,2356.642439,2429.179077,2422.852373,4314.728694,4359.998281,4374.765044,4394.475366,4394.025939,5175.585988,5206.109653,5236.122819,5251.986665,5266.394062,4757.063615,4869.13462,4982.705754,5101.176697,5227.619326,5352.49021,5477.361094,5933.659083,6409.477236,6301.90919,6156.415781,6011.022451,5862.293915,5744.06497,5817.778192,5889.991274,5837.391254,5855.070014,5802.232185,5753.46266,5727.714685,5676.838785,5629.985549,7473.750483,7473.750483
Non-Annex_I,Southeastern Asia,LAO,Lao People's Democratic Republic,1.B.2,Oil and Natural Gas,CO2bio,bio,,,,,,2.114985485,2.165085453,2.156038219,2.190780171,2.149450844,2.16041243,2.138973054,2.868078192,2.946106789,3.665320536,13.64632105,114.0011142,117.7734065,122.1945056,161.0760038,,,,5.190732442,5.172845101,8.62571441,8.610311641,8.580276051,8.525003519,9.295803017,,,,,,,,,,,,,,,,,,,,,,,,,
Non-Annex_I,Southeastern Asia,LAO,Lao People's Democratic Republic,3.C.1,Emissions from biomass burning,CO2bio,bio,1791.956409,1736.88143,1740.53897,1782.285807,1834.29669,1827.155518,1404.624494,1494.531972,1546.490603,1836.565894,2027.632037,2120.524167,2070.477634,1996.074064,2065.055726,2122.949532,2122.853498,1803.006913,1672.647715,2041.93135,2208.635495,1867.99526,2047.298604,1856.482726,2174.997695,1975.688036,1982.066412,2223.713308,2299.746047,2724.981664,2825.766091,2927.584748,2976.426798,3015.672489,3170.929123,3255.19449,3399.159565,3583.041205,4162.610107,4652.358687,4901.86612,5237.036808,5863.466135,5912.57014,6960.023624,7827.371718,7918.845279,7312.218803,7430.2679,7283.659569,7589.236572,7319.33665,7617.810401,8276.912323,8461.627528
Non-Annex_I,Middle_East,LBN,Lebanon,1.A.1.a,Main Activity Electricity and Heat Production,CO2bio,bio,,,,,,,,,,,,,,,,,,,,,,,,,,,,,,,,,,,,,,,,,,,,,,,,,4.52352264,22.67773326,14.01610938,,,,
Non-Annex_I,Middle_East,LBN,Lebanon,1.A.4,Residential and other sectors,CO2bio,bio,403.39985,403.39985,416.10009,423.9001,448.4,455.2002,456.20001,455.2002,451.3002,441.50015,437.60015,435.70018,435.70018,435.70018,436.59992,436.59992,437.60015,438.59996,439.60018,448.4,347.69992,360.40016,361.29991,372.10018,383.1998,399.20008,409.19983,418.3999,445.30009,463.00021,445.4998,453.99984,461.29995,468.60005,477.39987,485.89991,495.59989,506.90006,526.19995,475.9998,475.10006,474.1999,473.30016,472.39999,471.49983,470.70015,469.79999,470.08386,468.4577,467.27702,466.73651,466.73693,465.71912,633.3432804,633.3432804
Non-Annex_I,Middle_East,LBN,Lebanon,1.A.5,Non-Specified,CO2bio,bio,,,,,,,,6.8992448,6.8992448,6.8992448,6.8992448,6.8992448,6.8992448,6.8992448,6.8992448,6.8992448,6.8992448,6.8992448,6.8992448,6.8992448,34.4962128,34.4962128,34.4962128,34.4962128,37.9456,37.9456,41.3949872,37.9456,37.9456,37.9456,44.8448448,79.3405984,79.3405984,79.3405984,65.5425792,65.5425792,65.5425792,58.6433344,41.3949872,41.3949872,89.6897008,100.0383328,113.8368112,86.2398432,106.9375664,55.1934768,72.441824,78.609552,182.991032,87.1336032,105.7061824,101.0558864,161.0792624,158.8712321,158.8712321
Non-Annex_I,Middle_East,LBN,Lebanon,1.B.1,Solid Fuels,CO2bio,bio,,,,,,,,,,,,,,,,,,,,,42.8032208,42.8032208,48.1536536,53.5036272,58.85447,58.85447,58.85447,58.85447,48.1536536,42.8032208,58.85447,58.85447,58.85447,58.85447,58.85447,58.85447,58.85447,58.85447,16.051238,16.051238,16.051238,16.051238,16.051238,16.051238,16.051238,16.051238,16.051238,16.051238,16.051238,16.051238,16.051238,16.051238,16.051238,25.58511133,25.58511133
Non-Annex_I,Middle_East,LBN,Lebanon,3.C.1,Emissions from biomass burning,CO2bio,bio,32.15197391,33.40264307,43.26352072,37.95866837,45.05546396,39.01731534,31.3439763,33.61122127,31.77528533,30.13062528,18.83028125,20.75329625,19.70733266,18.68175972,18.34071346,22.74707371,27.35200781,37.50011415,38.98551626,41.92894074,41.66890616,41.82345666,50.85123876,47.3064174,49.06648744,55.55639385,54.4464448,55.19784519,56.34092994,55.20831932,63.49834525,62.05527034,59.42835232,61.55023648,69.97184658,73.82209051,76.06440936,64.771197,72.27897492,59.13008561,44.9988782,62.10599971,72.32030364,69.89185851,69.39736261,71.02713317,70.84507735,68.65282329,69.08715647,68.23664695,71.90192839,59.51756783,58.93912116,58.54909705,58.44117571
Non-Annex_I,Western_Africa,LBR,Liberia,3.C.1,Emissions from biomass burning,CO2bio,bio,230.8259941,242.242272,253.000559,268.8993961,294.6735069,280.4402694,294.9322777,306.6757789,291.8204618,300.0050115,295.0439612,315.7148123,320.5379532,346.102683,344.0475494,342.8248028,346.7862591,353.1318121,354.3545894,373.1296367,262.1717674,170.4674883,183.7805208,111.9408159,94.76938566,97.16398908,135.4999908,219.6969453,259.4107781,252.0204927,243.9488693,221.979174,201.7857074,199.6336244,203.5204369,217.5973324,232.6773531,281.0800307,327.4900545,374.5348618,378.3176258,374.634844,362.9553958,340.0441158,353.1062672,397.5945862,474.0068691,347.6230997,357.323623,376.9573914,371.0412789,364.7719301,388.9890686,362.2373413,362.9810144
Non-Annex_I,Western_Africa,LBR,Liberia,1.A.2,Manufacturing Industries and Construction,CO2bio,bio,51.26021131,52.4874177,57.54320613,62.16471389,52.6596157,52.24501654,52.97463724,81.10398785,86.59164733,93.79145575,98.35103563,93.909695,99.92760196,82.74080036,82.7459506,83.05222968,118.1280749,120.5021194,151.1311505,144.3094814,81.10024959,82.30938979,64.0091744,48.38557047,54.27251375,45.1996774,44.80271933,44.99997235,47.7708069,42.09096028,48.12984389,47.4939544,58.78639664,62.48029455,63.83169088,68.18796755,63.43303468,73.42485996,79.28923957,74.821437,73.99704753,80.691635,88.34115288,88.29168437,90.02699762,92.18490363,89.93754935,90.82567093,92.91371953,95.06197699,96.4004624,97.48812676,101.8377849,105.1411124,105.1411124
Non-Annex_I,Western_Africa,LBR,Liberia,1.A.1.a,Main Activity Electricity and Heat Production,CO2bio,bio,,,,,,,,,,,,,,,,,,,,,4.412654683,5.01780789,15.89116233,18.42327652,17.39033404,17.17879457,19.01333394,21.77265665,25.00743167,36.67843486,41.15997687,41.88019785,42.0317005,43.5435235,45.38306112,42.96455735,44.37939991,42.6474736,46.0080583,47.78724945,48.91636299,15.58870947,14.9492742,16.39289086,18.4813823,17.40025621,17.69226602,17.99802162,18.12992344,18.46149107,18.80889969,19.15147587,21.95963866,22.6659385,22.66630424
Non-Annex_I,Western_Africa,LBR,Liberia,1.A.3.b_noRES,Road Transportation no resuspension,CO2bio,bio,,,,,,,,,,,,,,,,,,,,,,,,,,,,,,,,,,,,,,,,,,,1.078360885,0.869506087,1.071258335,1.62142736,1.414784824,0.909579856,0.543320585,0.764810861,0.469876428,0.420279384,0.454201829,0.399334937,0.403572568
Non-Annex_I,Western_Africa,LBR,Liberia,1.A.4,Residential and other sectors,CO2bio,bio,2023.623224,2082.399035,2184.262542,2259.86404,1955.654296,1894.363048,1786.481296,2870.591982,2900.783517,3194.779787,3334.710788,2943.041741,3115.878651,2646.455563,2776.952742,2947.678287,3871.481401,3902.06916,4820.195915,5001.990782,5063.03404,4911.119698,4423.769941,4044.173063,3753.359972,3897.548269,4137.789196,4588.48521,5179.74165,6059.76082,6763.866105,6964.528174,7252.295212,7561.525669,7908.846794,8406.966303,8764.390016,9045.521804,9303.964383,9687.678326,10113.82544,10282.74037,10407.2428,10673.24119,10954.97249,11186.21774,11480.98092,11696.36915,11957.17677,12237.57236,12475.43409,12634.5219,13315.43239,13748.49699,13748.49699
Non-Annex_I,Western_Africa,LBR,Liberia,1.B.1,Solid Fuels,CO2bio,bio,49.1617648,50.58238398,53.23676914,57.7495083,48.58779477,43.54275183,39.76621888,75.93836959,76.01500793,85.20354824,94.43049598,82.38210152,88.00721128,71.70177766,76.02612276,82.59148209,118.4243455,120.9255262,160.5937627,171.7431293,439.1673115,429.3469889,395.4429386,376.1794611,359.4010023,314.8160006,405.8990051,448.777423,516.7726925,599.4313135,693.123301,764.3141422,865.6330391,922.3709899,959.5267321,990.7045418,917.2897992,1123.270788,1196.152363,1273.861459,1284.289114,1370.082359,1554.171061,1757.337467,1840.984917,1947.168044,1937.934252,2088.11917,2207.285557,2259.149318,2378.872656,2568.399916,2656.282191,2740.778408,2740.778408
Non-Annex_I,Western_Africa,LBR,Liberia,1.A.5,Non-Specified,CO2bio,bio,,,,,,,,,,,,,,,,,,,,,142.628661,142.6717388,146.0027714,131.8474196,125.5882754,130.2360984,131.9647104,166.7069759,188.7013984,234.5363304,260.9270134,244.1133006,256.2544245,270.6077246,283.8563027,297.8485767,373.7846564,309.7991141,322.5193239,337.438003,352.1130566,362.6261502,382.2781005,397.4947313,415.0148153,418.8626383,435.0098785,448.2176859,462.8908243,500.7216252,518.2503701,501.5572845,511.9637194,529.4176642,529.4176642
Non-Annex_I,Northern_Africa,LBY,Libyan Arab Jamahiriya,1.B.1,Solid Fuels,CO2bio,bio,,,,,,,,,,,,,,,,,,,,,,,,,,,,,,,,1075.535872,1099.436817,1123.337352,1135.287845,1159.1888,1171.139303,1195.040248,1206.99028,1230.891226,1242.841728,1254.791761,1278.692717,1290.64322,1302.593723,1326.494668,1338.4447,1352.020461,1365.631967,1379.386852,1393.285044,1407.195505,1421.237497,1434.931487,1434.931487
Non-Annex_I,Northern_Africa,LBY,Libyan Arab Jamahiriya,1.A.4,Residential and other sectors,CO2bio,bio,406.30005,406.30005,423.9001,441.50015,459.1002,476.69984,492.29985,507.89987,523.59995,523.59995,523.59995,523.59995,523.59995,523.59995,523.59995,523.59995,523.59995,523.59995,523.59995,523.59995,523.59995,523.59995,523.59995,523.59995,523.59995,523.59995,535.09984,546.89991,559.00018,571.30016,584.39982,908.5639484,930.0634032,952.562668,972.4117452,996.31108,1015.060707,1036.059832,1054.30961,1076.208904,1094.658342,1063.608129,1034.507583,1050.95698,1067.206257,1084.805282,1098.45544,1113.256139,1128.520993,1142.806788,1156.453966,1169.650525,1182.432523,1203.019604,1203.019604
Non-Annex_I,Northern_Africa,LBY,Libyan Arab Jamahiriya,3.C.1,Emissions from biomass burning,CO2bio,bio,3.865852823,2.378407698,4.219452789,6.890236711,5.995163071,7.942092933,10.04873735,4.694362339,9.228135608,7.817269558,7.718309495,7.200128745,7.691620186,10.41336214,8.154388588,6.909709058,7.977450509,7.904168641,7.76143406,8.765894767,7.279295847,6.910525693,6.065872686,5.300116635,4.977273412,4.53027966,4.820521816,5.631924669,5.919241143,5.933645839,6.19528197,6.168956254,6.090565819,6.122930756,6.121661979,6.524939892,5.927468671,5.925439251,5.916338391,5.902544038,6.621674793,7.616914527,8.507952878,8.46441761,8.400399094,7.093523753,8.336288513,5.93007423,7.881653762,6.163777186,5.907487145,5.873958977,5.885214789,5.885478023,5.889125471
Non-Annex_I,Rest Central America,LCA,Saint Lucia,1.A.3.b_noRES,Road Transportation no resuspension,CO2bio,bio,,,,,,,,,,,,,,,,,,,,,,,,,,,,,,,,,,,,,,,,,,,,0.043177469,,,0.048952606,0.004697108,0.016430093,0.018543794,0.015292022,0.015071147,0.015852609,0.014938681,0.016729678
Non-Annex_I,Rest Central America,LCA,Saint Lucia,1.A.4,Residential and other sectors,CO2bio,bio,4.507787562,4.46494257,4.50927955,4.703724046,4.899674036,4.632611641,4.462364935,4.546168994,4.463905728,4.367106496,5.030853713,5.476605371,5.47021212,4.917581964,4.967476561,5.254652234,5.270241723,4.725530393,4.698226944,4.998103845,8.904556975,8.847668238,8.861978356,8.542320862,8.620078952,8.667445248,8.782494495,9.110469113,9.259875465,9.248979754,6.599501307,6.346216392,6.447184357,6.389113461,6.206597467,6.173583034,6.131905123,5.52846865,5.919368777,5.860789856,5.809665805,7.058038953,7.41979328,7.233378818,10.87452792,10.23949027,10.89961335,10.76984563,10.24581295,9.981863621,8.248619651,8.895681961,8.580054126,8.493862417,8.493862417
Non-Annex_I,Rest Central America,LCA,Saint Lucia,1.A.1.a,Main Activity Electricity and Heat Production,CO2bio,bio,,,,,,,,,,,,,,,,,,,,,4.052264537,4.233700846,3.986739922,3.922476803,3.673029046,3.816455392,4.235537056,4.406582435,8.489407565,8.507590081,10.00492209,10.02070856,10.21970248,9.640055246,10.74957476,8.889348309,8.89935208,8.812009689,7.63551766,7.641299969,8.041279581,4.68890283,4.895674285,9.914383825,9.877174999,11.29148602,9.088386538,9.199510518,11.56308262,13.01854954,12.04089471,11.98315656,12.42586328,12.24718349,12.24718349
Non-Annex_I,Rest Central America,LCA,Saint Lucia,1.A.2,Manufacturing Industries and Construction,CO2bio,bio,33.52899756,33.13711152,26.12285788,30.96853962,30.19963087,26.71491231,24.1096989,27.93129368,26.23216466,27.90257832,29.04791795,27.1878673,28.8519505,24.00424026,22.17858575,22.83340556,25.4966836,21.92466173,22.0254998,21.18827789,14.23841581,15.40072353,13.254109,12.76649831,13.16311107,13.43142411,13.63483068,14.50690318,9.162502318,9.487420195,10.93643706,9.000464604,8.725980936,8.413648476,8.221166638,8.26521547,8.103110017,6.524020591,5.771844709,5.785637891,6.128851056,19.14086171,18.84277121,8.45459725,8.317087871,7.939484339,9.89280118,14.26738628,12.0416707,10.32984953,8.56756697,8.552039992,8.86794357,8.740425488,8.740425488
Non-Annex_I,Rest Central America,LCA,Saint Lucia,1.A.5,Non-Specified,CO2bio,bio,0.238885966,0.238554351,0.242021578,0.306653696,0.321845017,0.313212542,0.252388905,0.254383178,0.250988932,0.240720301,0.247190504,0.262607267,0.257657946,0.233820184,0.298648603,0.319989258,0.311718485,0.281722488,0.262645866,0.251316429,3.62058434,3.61750065,3.625419588,3.423479694,3.500979095,3.490523694,3.495359799,3.491575595,3.425869062,3.447066526,4.122311104,4.327027647,4.265113362,4.91495637,4.851273898,4.7851145,4.841878991,4.987509988,4.694405343,4.527267798,4.545010776,7.306258354,7.31497024,7.352188172,1.717489734,1.932748994,1.685235751,1.721305837,1.691426664,1.669100255,1.624226607,1.684084993,1.727635873,1.707594898,1.707594898
Non-Annex_I,Rest Central America,LCA,Saint Lucia,1.B.1,Solid Fuels,CO2bio,bio,0,0,0,0,0,0,0,0,0,0,0,0,0,0,0,0,0,0,0,0,1.488436028,1.49136228,1.56938792,1.462732643,1.47749501,1.491514306,1.511928738,1.524992981,1.579293284,1.61548619,1.284848821,1.285895717,1.364129832,1.394375601,1.392306465,1.419527431,1.416777521,1.423835601,1.411701506,1.432490932,1.452084288,0,0,0,0,0,0,0,0.04077968,0.151672158,0,0,0,0,0
Non-Annex_I,Rest Central America,LCA,Saint Lucia,3.C.1,Emissions from biomass burning,CO2bio,bio,1.876908739,1.855339504,1.718896338,1.612963101,1.693383783,1.824132718,1.846325293,1.958789358,1.988162023,2.004118214,2.006211675,2.021860652,2.013864486,2.013987404,2.035883263,2.031866258,2.04720296,2.047325731,2.068584788,2.072520725,2.127771724,2.107046384,2.091628217,2.080117021,2.086196197,2.08304168,2.047498991,2.159205529,2.098668019,1.855870588,1.974278832,1.875257974,1.507248887,1.170299095,1.028294845,1.028404961,0.64985298,0.738976408,0.777351942,0.789889176,0.862943284,0.929955447,1.052111956,0.992048806,0.888093215,0.909820055,0.896429921,0.896278131,0.902163219,0.890448064,0.88539642,0.8927074,0.893711485,0.885843984,0.882580137
Non-Annex_I,India +,LKA,Sri Lanka,1.A.1.a,Main Activity Electricity and Heat Production,CO2bio,bio,,,,,,,,,,,,,,,,,,,,,,,,,,,,,,,,,,,0.3,15.3,11.5,7.4,20.1,63.2,89.3,86.9,60.9,72.5,113.7,157.4,197.6,183.951,239.301,322.801,268.397,254.994,305.726,300.4988786,300.4988786
Non-Annex_I,India +,LKA,Sri Lanka,1.A.2,Manufacturing Industries and Construction,CO2bio,bio,2127.6184,2127.6184,2127.6184,2154.4184,2094.1184,2205.5184,2194.2184,2189.6184,2299.3184,2288.0184,2141.9184,2283.4184,2169.2184,2198.9176,2331.0184,2250.2184,2524.4184,2595.7184,2453.3184,2592.2184,2820.5184,2652.748,3422.7424,3217.3696,2134.9416,2439.6664,3478.6168,3774.2336,3818.7312,4981.3672,6147.7144,5129.1672,5597.9584,5938.0416,6506.5696,6681.304,7052.0496,6808.2456,6255.8416,6128.8952,6846.7744,6908.8952,7056.388,7330.836736,7602.11168,7982.14992,8150.87488,8343.77064,8753.96268,8920.3356,9208.20988,9171.8572,9207.801,9058.241771,9025.344235
Non-Annex_I,India +,LKA,Sri Lanka,3.C.1,Emissions from biomass burning,CO2bio,bio,66.34603968,66.18711991,64.50575555,88.3240794,119.2650181,117.9653436,113.4571251,103.1079175,98.01598033,87.61288409,88.76164613,97.88324033,103.7717239,111.0596952,119.3791008,112.239477,112.7088904,102.6846315,113.9410804,101.7072288,110.1227686,108.1681504,98.05595253,102.7432518,127.4253933,117.7496022,111.9004843,106.3644551,98.01756498,102.0635677,102.4891069,95.27684479,96.21942883,104.1328361,93.35209883,106.0756653,112.7160311,99.34003047,129.5904187,128.3808443,144.6942462,127.2929041,139.89879,164.625266,156.1593721,159.3771845,163.3678983,124.1843006,155.2082003,166.2078216,198.7501867,237.4397243,178.056931,176.9635283,181.2943957
Non-Annex_I,India +,LKA,Sri Lanka,1.B.1,Solid Fuels,CO2bio,bio,,,,,,,,,,,,,83.2136,116.264,90.9616,104.7096,103.9112,74.1128,109.056,101.4576,84.9536,62.0544,111.904,62.0544,78.056,117.5088,154.5616,149.6112,122.4592,101.9576,89.8696,63.8696,58.068,40.9128,56.2672,9.1168,49.5144,52.1664,401.28,74.9056,267.52,53.504,160.512,160.512,160.512,165.8624,171.2128,73.568,,,,,,,
Non-Annex_I,India +,LKA,Sri Lanka,1.A.4,Residential and other sectors,CO2bio,bio,9729.3,9729.3,9729.3,9906.4,10049.5,10852.9,11032.6,10551.6,10732.9,10950.2,11153.2,11360,11768.8992,11849.3488,12730.7984,12905.3992,13111.4496,13509.4496,14020.0496,14138,13872,14000,14193.2,14000,13812.9,13569.5,13750.3,13888.9,13694.8,13408.5,13284.7,13348.4,12783.5,12976.9,13043.8,13262.7,13368.9,13326.4,13489.4,14164.3,14406.6,11596,10987.3,10590.6,10397.4,9752.8,9084,8509.378,8182.59,8270.204,8335.415,8253.331,8262.644,8121.374226,8121.374226
Non-Annex_I,Southern_Africa,LSO,Lesotho,1.A.3.b_noRES,Road Transportation no resuspension,CO2bio,bio,,,,,,,,,,,,,,,,,,,,,,,,,,,,,,,,,,,,,,,,,,,0.667452616,0.6029475,0.59306225,0.85924493,0.722920951,0.587833573,0.820541819,0.689293784,0.495580605,0.513571969,0.658770682,0.579192182,0.585338409
Non-Annex_I,Southern_Africa,LSO,Lesotho,1.A.4,Residential and other sectors,CO2bio,bio,2738.808129,2738.063061,2763.212057,2686.862521,2683.129397,2858.624831,2900.163041,2879.47171,2891.57728,2952.085615,3021.851522,3089.753382,3100.985413,3199.33698,3230.700922,3292.691267,3349.607255,3400.037118,3389.926735,3404.114772,3481.726006,3510.538592,3436.585157,3432.220873,3391.556529,3499.058224,3488.497172,3463.953541,3482.752069,3619.084758,3629.834967,3605.43412,3616.779762,3632.956622,3669.863782,3756.152002,3769.063068,3808.313218,3810.281301,3849.975408,3862.063334,3805.59338,3736.198203,3707.065657,3681.739117,3639.273697,3613.661989,3567.350336,3531.398839,3501.13994,3456.437373,3390.712413,3438.562233,3428.505279,3413.435679
Non-Annex_I,Southern_Africa,LSO,Lesotho,1.A.1.a,Main Activity Electricity and Heat Production,CO2bio,bio,,,,,,,,,,,,,,,,,,,,,2.425710738,2.868938879,9.805908144,12.39358439,12.41684213,12.28022568,12.73932155,13.02885651,13.32413546,17.49345556,17.61266792,17.24667217,16.65781575,16.6075952,16.65777421,15.17648928,15.15705009,14.08304909,14.73428048,14.83466397,14.67022137,4.512274595,4.196379293,4.462509272,4.878949478,4.454665771,4.421862087,4.369006004,4.279238065,4.218481704,4.16488897,4.116423038,4.583265281,4.583346969,4.583877432
Non-Annex_I,Southern_Africa,LSO,Lesotho,1.A.2,Manufacturing Industries and Construction,CO2bio,bio,42.63449602,42.6211664,45.93547035,46.88068255,44.47239639,49.5368328,54.53751301,54.89404798,58.82203735,59.9335871,62.37535585,69.25752815,70.36340547,70.08931371,67.6454499,65.55171825,74.95723411,77.50102152,79.51927065,73.3225425,39.52126224,41.79673957,33.81697076,26.3563517,32.17757742,32.31089567,30.01873578,26.92818761,25.45262187,20.07491175,20.59512716,19.55847164,23.29796207,23.83012113,23.4293119,24.08622414,21.66450394,24.24635787,25.31524649,23.0978799,22.0866533,23.35682856,24.79805907,24.03495903,23.76646758,23.60039587,22.32770056,21.87088376,21.69602402,21.52198554,21.1629435,20.75611283,21.02869946,21.06099389,21.06099389
Non-Annex_I,Southern_Africa,LSO,Lesotho,1.A.5,Non-Specified,CO2bio,bio,,,,,,,,,,,,,,,,,,,,,89.03645067,93.6836728,106.6552081,106.8059019,105.3782832,108.5385872,102.4753413,114.1597887,117.081835,132.4872632,134.1926476,122.4775695,125.4289023,129.2188231,132.2336774,135.3637166,136.9897692,135.3718999,138.2278871,141.7636998,145.1624786,146.7563504,151.8506651,155.1394486,159.0257112,157.7825294,160.8649434,162.8069895,165.0508731,175.8736255,178.3088414,169.9117822,170.60481,173.1154564,173.1154564
Non-Annex_I,Southern_Africa,LSO,Lesotho,3.C.1,Emissions from biomass burning,CO2bio,bio,318.8046567,335.6779966,232.0298515,259.8985461,366.9345139,257.3608204,217.2949579,288.5550202,325.8688,275.9787819,255.1320961,236.9763796,201.7763138,190.6075586,211.3547328,254.049487,205.6346928,245.4639179,324.921561,259.781435,292.1802009,128.0726404,151.1865463,188.9074854,299.56988,112.4393827,298.2577569,261.9827853,196.3298547,225.5092714,218.5305246,331.5207695,221.4403808,191.7407165,178.7308196,170.5603288,171.1297829,153.2414345,158.8247057,145.8639322,233.1676577,164.8837302,155.3257689,159.8845157,175.329883,131.2563901,52.64751457,269.0046822,253.6000416,58.67029692,65.7694255,137.8980247,127.614642,192.5088528,144.2220487
Non-Annex_I,Southern_Africa,LSO,Lesotho,1.B.1,Solid Fuels,CO2bio,bio,48.73806329,48.62544237,49.37607177,50.45424497,51.39170297,53.40845875,54.75888715,56.63997308,56.98805666,58.73718081,64.29041622,68.18719879,68.61346404,72.58643563,74.53377188,78.08863162,81.3113489,85.35331951,87.77793254,90.86309807,76.78525052,86.16320539,84.5220606,91.83346792,103.7114275,86.22874128,126.7797949,132.368349,141.9350781,240.3484808,245.6477099,265.3804016,289.6015744,293.7996496,289.818583,281.4483595,291.8829262,295.6205897,301.4572531,306.597536,291.9773589,299.7108551,333.3898328,369.6102943,370.9566765,380.4565495,356.6340965,373.1084077,379.1205549,365.0765168,371.4027453,401.0791267,399.3212098,394.3054174,394.3054174
Annex_I,Central Europe,LTU,Lithuania,1.A.1.a,Main Activity Electricity and Heat Production,CO2bio,bio,,,,,,,,,,,,,,,,,,,,,52.7,98.2,90,90.4,48.3,55.8,64.8,80.7,99.5,61.8,166.5,287,417.0288,508.138,644.211,631.2478,731.0932,760.6208,899.7036,1053.0968,1065.1034,1005.891,1321.5738,1557.2258,1955.7238,2542.6274,2599.8816,2959.8184,2880.7114,2862.5144,2913.9856,3568.6684,3144.7886,3329.275456,3381.54383
Annex_I,Central Europe,LTU,Lithuania,1.A.4,Residential and other sectors,CO2bio,bio,2114.798758,2114.798758,2090.321901,2043.816699,2075.636279,2011.994512,2016.891432,1975.280543,1904.298509,1911.641308,1931.221244,1980.174957,2038.919779,1965.489335,2085.425082,2123.903352,1975.305629,2112.520736,1984.532996,1824.698084,1088.5,1056.4,1062.6,1625.8,1695.4,1789.2,1952.3,1976.4,2147.2,2288.1,2402.4,2458,2417.6564,2426.2208,2431.1018,2484.706,2561.2606,2473.4428,2571.0746,2618.017,2579.0402,2530.5494,2541.263,2461.3544,2330.3598,2252.4278,2233.1112,2170.85408,2216.75276,2137.8752,2151.4206,2166.59652,2067.47716,1991.598275,1990.158764
Annex_I,Central Europe,LTU,Lithuania,1.A.3.b_noRES,Road Transportation no resuspension,CO2bio,bio,,,,,,,,,,,,,,,,,,,,,,,,,,,,,,,,,,,2.6196,9.7704,57.2064,157.53,182.0976,152.7864,132.75,133.458,171.5484,165.8136,179.6196,196.3284,163.194,207.0546,225.15108,217.47636,297.86268,363.28896,349.34136,344.8241037,305.3556974
Annex_I,Central Europe,LTU,Lithuania,1.A.2,Manufacturing Industries and Construction,CO2bio,bio,,,,,,,,,,,,,,,,,,,,,50.4,37,39.9,64.3,97.2,86.1,98.7,108.4,140.7,124.9,131.8,193.1,338.3,416.5,431.5,423.3,383.1276,378.0098,347.546,277.3828,313.0784,320.1386,359.1392,356.6048,346.3956,366.4066,394.525,416.2716,455.0532,458.6912,522.2556,543.3102,523.1936,536.7288976,535.5687702
Annex_I,Central Europe,LTU,Lithuania,1.A.1.bc,Petroleum Refining - Manufacture of Solid Fuels and Other Energy Industries,CO2bio,bio,,,,,,,,,,,,,,,,,,,,,,,,,,,,,,,,,,,0.4,1.3,1.3,0.5,0.1,0.8,0.5,0.6,1,0.6,0.9,,,,,,,,,,
Annex_I,Central Europe,LTU,Lithuania,3.C.1,Emissions from biomass burning,CO2bio,bio,1.458182392,1.413509313,1.353418932,1.664255614,1.555013122,1.258119685,1.755092321,1.552993441,1.812247491,1.482102963,1.50239541,1.424592294,1.685664539,1.866207066,1.789249519,2.009092949,2.299353021,2.429396087,2.390848616,2.657979387,3.065210165,2.547136831,3.190540672,3.857763277,3.138882221,3.085511848,3.386107518,3.125559432,2.3283003,1.357621062,1.027608114,0.851810402,0.86095225,0.78174953,0.784236541,0.72247758,0.469066021,0.628472678,0.632464167,0.635454931,0.442624419,0.880422486,1.766532014,2.212287479,3.159255802,4.63368362,4.909909057,5.637151996,5.081736719,6.86286835,9.205063563,7.971634091,8.419725438,8.450452695,8.818720597
Annex_I,Central Europe,LTU,Lithuania,1.B.2,Oil and Natural Gas,CO2bio,bio,0.361507695,0.361507695,0.368739413,0.376941445,0.385020684,0.36520088,0.39772557,0.409055561,0.733065451,0.752418051,0.750684238,0.750561912,0.757859349,0.757336133,0.779198627,0.81878318,0.82877907,0.836431542,0.847122937,0.855442347,1.02502,1.02502,2.05004,2.22036,1.10912,1.12502,1.12502,2.82502,2.94232,1.94232,1.2,2.1,3.8,7.52696,13.08688,32.601256,47.767436,95.927188,201.99594,319.729968,303.12312,244.496472,318.827268,350.687268,331.996776,338.877828,297.212028,339.480708,437.43068,470.5704,487.66352,451.60396,465.5064,443.2443525,444.2803335
Annex_I,Central Europe,LTU,Lithuania,1.A.3.c,Railways,CO2bio,bio,,,,,,,,,,,,,,,,,,,,,,,,,,,,,,,,,,,,,,,,,,,7.8588,5.2392,7.8588,5.2392,5.2392,5.50116,5.50116,5.2392,7.07292,12.57408,5.50116,5.239409031,4.488764564
Annex_I,Central Europe,LTU,Lithuania,1.B.1,Solid Fuels,CO2bio,bio,,,,,,,,,,,,,,,,,,,,,,,,,,,,,,,,,,,0.2504,1.3504,1.3504,0.1504,,,0.8504,0.1504,0.7504,0.8504,0.9504,0.4504,0.6504,1.06512,0.8752,1.5752,0.9752,0.41008,,,
Annex_I,OECD_Europe,LUX,Luxembourg,1.A.3.d,Water-borne Navigation,CO2bio,bio,,,,,,,,,,,,,,,,,,,,,,,,,,,,,,,,,,,,,,,,,,,0.024072,0.026904,0.036816,0.041772,0.043896,0.054516,0.054516,0.0531,0.026904,0.02124,0.029028,0.034356812,0.033376003
Annex_I,OECD_Europe,LUX,Luxembourg,1.A.1.a,Main Activity Electricity and Heat Production,CO2bio,bio,,,,,,,,36.2,36.5,38.3,44,44,42.9,42.9,48.2,48.6,36.7,50.7,56.8,58.3,51,52.1,54.1282,51.5282,50.4282,48.3374,37.6374,44.119,40.049,42.4184,42.06174,42.291208,43.404026,54.356618,59.697496,58.913802,63.073894,66.206342,70.108812,66.62956,66.618454,73.115218,74.276552,80.738034,132.432964,152.411994,158.7438,216.074304,302.506564,446.027236,668.178312,713.071234,683.087072,661.5428312,659.2653066
Annex_I,OECD_Europe,LUX,Luxembourg,1.B.2,Oil and Natural Gas,CO2bio,bio,,,,,,,,,,,,,,,,,,,,,,,,,,,,,,,,,,,,,,,,,,1.451814,8.281728,8.661744,9.354618,10.91727,10.718526,12.176346,11.35134,7.07616,11.033568,9.453444,8.406216,8.303568667,7.6940144
Annex_I,OECD_Europe,LUX,Luxembourg,1.A.3.b_noRES,Road Transportation no resuspension,CO2bio,bio,,,,,,,,,,,,,,,,,,,,,,,,,,,,,,,,,,,1.740852,1.803736,1.702644,135.853196,134.625968,125.985128,125.66384,138.91516,143.498572,163.251348,209.135944,246.607784,264.671444,335.621212,363.6146,383.670116,421.666612,408.768604,382.53874,369.9965457,328.2860854
Annex_I,OECD_Europe,LUX,Luxembourg,1.A.2,Manufacturing Industries and Construction,CO2bio,bio,,,,,,,,,,,,,,,,,,,,,,,,,,,,,,,,,1.378,4.171,8.64,93.253,94.205,123.121,124.991,99.286,116.963,106.099,95.216,98,111.505,102.451,99.908,92.862,64.99,36.732,46.895,54.447,50.686,22.82574514,22.82574514
Annex_I,OECD_Europe,LUX,Luxembourg,1.A.3.c,Railways,CO2bio,bio,,,,,,,,,,,,,,,,,,,,,,,,,,,,,,,,,,,,,,,,,,,0.248508,0.25134,0.370284,0.305148,0.305148,0.434712,0.458784,0.433296,0.659148,0.650652,0.712248,0.762582919,0.653328489
Annex_I,OECD_Europe,LUX,Luxembourg,4.C,Incineration and Open Burning of Waste,CO2bio,bio,,,,,,,,,,,,,,,,,,,,,,,,,,0.0165,,,,0.064316327,0.08771137,0.078948251,0.070185131,0.079421283,0.072397959,0.07735277,0.083317784,0.087118076,0.083558309,0.089811953,0.098494898,0.107177843,0.106215743,0.110930029,0.115644315,0.106023324,0.183376093,0.114056851,0.125169096,0.135174927,0.137742468,0.138007953,0.1380522,0.1380522,0.140628821
Annex_I,OECD_Europe,LUX,Luxembourg,1.A.4,Residential and other sectors,CO2bio,bio,,,,,,,,,,,,,,,,,,,,,,,64.5,64.5,64.5,64.5,64.5,64.5,64.6638,64.8276,64.573064,70.819428,66.080674,68.880152,74.624948,73.489654,74.977584,69.01159,76.993576,87.074548,86.532546,69.207108,84.2976,91.807936,98.895938,102.71845,118.334014,105.85128,112.44885,72.408232,69.597144,69.46415,98.298136,118.803338,118.5613014
Annex_I,OECD_Europe,LUX,Luxembourg,3.C.1,Emissions from biomass burning,CO2bio,bio,14.8077904,17.76917186,17.36543882,17.7183513,16.89924888,12.96854311,13.77008704,14.21656394,15.93354249,15.33880241,14.55224613,13.78898767,14.32411462,11.58447876,14.28114429,11.90309054,11.98028435,10.25065393,10.85919417,9.883138683,8.373142353,8.124445209,7.474934907,7.309931265,6.616466708,6.113145789,7.019018697,6.656239612,6.392778187,5.875451158,6.186773331,5.908372198,6.945293866,6.796213455,7.423528929,6.789628586,6.876804318,6.411045954,8.321381359,7.942892594,7.018508617,6.403143555,6.508010109,7.376792229,6.766978272,7.47977385,5.900352108,6.404989494,6.567469135,6.745425594,6.035535845,6.150041522,7.046801063,6.027825653,5.391548095
Annex_I,Central Europe,LVA,Latvia,1.B.1,Solid Fuels,CO2bio,bio,,,,,,,,,,,,,,,,,,,,,,,,,,,,,,,,24.679952,21.3201312,52.199978,52.199978,21.3201312,24.679952,24.0600492,24.0600492,42.099748,20.0599792,29.399928,18.6399372,25.999828,34.7198752,33.4402672,31.779826,51.1023576,32.8969216,34.4784968,29.5700604,38.468694,28.8019624,21.88271245,21.88271245
Annex_I,Central Europe,LVA,Latvia,1.A.1.a,Main Activity Electricity and Heat Production,CO2bio,bio,,,,,,,,,,,,,,,,,,,,,172.90019,177.90007,198.70009,239.89988,300.20026,521.20008,599.70006,762.99991,677.39996,597.20013,519.59988,572.70024,645.3034492,708.4138682,734.163891,683.2688118,712.0034555,686.613001,667.7344029,645.3256954,720.0327324,671.0120172,880.0757814,1253.529174,1445.088523,1586.025852,1914.750568,2143.136354,2202.9826,2294.472581,2207.454453,2509.22364,2492.278879,2327.998943,2318.925062
Annex_I,Central Europe,LVA,Latvia,1.B.2,Oil and Natural Gas,CO2bio,bio,5.451544218,5.451544218,5.560598694,5.684285529,5.806120626,5.507237531,5.997710597,6.168567118,11.0546436,11.34648124,11.3203353,11.31849062,11.42853614,11.42064603,11.75033293,12.34726888,12.49800713,12.61340658,12.77463307,12.90008996,15.4573248,2.1306848,1.0651198,3.1958046,,,,,1.0651198,1.0651198,6.3916198,,,25.567359,1.0651198,9.1308122,28.92046596,50.38811208,100.3788088,145.1762046,148.971067,162.0636659,241.9704788,181.0741306,197.3977066,179.6548584,127.7964143,157.1703997,261.3363794,223.5664344,229.6467172,192.1231066,222.8176678,261.552412,264.568529
Annex_I,Central Europe,LVA,Latvia,1.A.3.b_noRES,Road Transportation no resuspension,CO2bio,bio,,,,,,,,,,,,,,,,,,,,,,,,,,,,,,,,,,,,7.90122336,9.06231504,5.26747752,5.26747752,12.85715256,79.97558796,67.54320708,53.21340744,53.21340744,61.1146308,62.27572956,27.30048708,25.41700176,106.5960694,98.1956706,130.1417422,135.1445056,44.3393142,32.51376926,32.08318688
Annex_I,Central Europe,LVA,Latvia,1.A.1.bc,Petroleum Refining - Manufacture of Solid Fuels and Other Energy Industries,CO2bio,bio,,,,,,,,,,,,,,,,,,,,,,,,,,,,,,,,,,,,,,,,,,,,,,,,0.04103,0.09462,0.0875,0.09462,0.09839,0.11639,0.095491796,0.095491796
Annex_I,Central Europe,LVA,Latvia,1.A.2,Manufacturing Industries and Construction,CO2bio,bio,,,,,,,,,,,,,,,,,,,,,26.80011,26.49993,26.39987,139.19979,168.10002,213.00051,238.79999,252.30032,301.30012,298.10098,246.70048,356.00024,310.70032,302.00058,437.30079,520.00014,607.2235488,502.8035582,541.4953978,815.8663334,946.5214628,1082.97104,1235.437054,1288.327944,1480.947394,1500.89288,1384.210608,1468.142348,1681.788748,1655.435245,1762.016617,1836.501268,2040.57709,2089.697633,2101.811086
Annex_I,Central Europe,LVA,Latvia,1.A.3.c,Railways,CO2bio,bio,,,,,,,,,,,,,,,,,,,,,,,,,,,,,,,,,,,,,,,,,,5.26747752,5.26747752,2.63373876,5.26747752,5.26747752,5.26747752,2.0779446,5.5523484,3.8505642,2.98915476,2.68858044,2.53829328,2.244167412,1.922647974
Annex_I,Central Europe,LVA,Latvia,1.A.4,Residential and other sectors,CO2bio,bio,4955.060141,4955.060141,4897.709863,4788.746268,4863.300848,4714.185581,4725.659266,4628.163248,4461.849433,4479.053912,4524.930505,4639.63106,4777.272584,4605.222045,4886.236414,4976.392579,4628.222025,4949.722642,4649.842124,4275.342376,2550.4001,3020.89971,2991.10016,3202.89991,3245.50018,3475.99942,3561.70029,3395.90009,3375.20012,3378.40009,3203.30016,3474.80032,3420.89988,3609.468316,3705.803074,3709.869756,3627.464293,3644.700543,3366.63316,3754.671134,2892.441776,2937.418981,3215.811339,2880.071681,2784.137605,2324.869551,2288.232222,2582.654214,2627.37036,2513.46283,2216.880954,2221.655134,2166.139222,2130.820751,2128.122281
Annex_I,Central Europe,LVA,Latvia,3.C.1,Emissions from biomass burning,CO2bio,bio,0.603441716,0.585270551,0.560267135,0.674724367,0.650989178,0.529279498,0.722091217,0.633330851,0.732390548,0.602724631,0.612548627,0.532938572,0.587738773,0.607697978,0.540150766,0.555667594,0.579782589,0.573912703,0.527111429,0.546425218,0.584343424,0.45747307,0.522538639,0.525002744,0.361107125,0.295597665,0.381802978,0.404360805,0.37878132,0.312781028,0.3501843,0.367046104,0.406157774,0.386900155,0.422566623,0.528416807,0.497667148,0.627355137,0.706200909,0.717026332,0.657598768,0.640131273,0.943968434,0.880098905,0.974293752,1.350155288,1.240306866,1.250664871,0.97878384,1.447272233,1.602498857,1.414956866,1.520936564,1.315672104,1.55612097
Non-Annex_I,China +,MAC,Macao,1.A.1.a,Main Activity Electricity and Heat Production,CO2bio,bio,0.007331441,0.002688242,0.002385505,0.005394182,0.004311096,0.00346768,0.002897393,0.000109737,0.00069287,0.003377134,0.003374624,0.003374698,0.003751342,0.003911492,0.008341421,0.008763382,0.009083316,0.009073739,0.0092843,0.00958701,0.030309574,0.031234912,0.030469553,0.031945069,0.034939043,0.079765243,0.080348717,0.079031697,0.075081488,0.060446892,0.08988089,0.127242989,0.133953483,0.181438318,0.179587556,0.179230083,0.15946759,0.141593216,0.129791686,0.129464189,0.135505215,0.139695137,0.376981266,0.895435183,0.41083642,0.452362554,0.455124906,0.159288104,0.208176853,0.243461783,0.229527457,0.221634522,0.220439851,0.22879917,0.237187995
Non-Annex_I,China +,MAC,Macao,1.A.4,Residential and other sectors,CO2bio,bio,19.87370228,12.59374932,8.981409069,14.35639691,12.38428728,9.790388416,8.769628707,3.883008039,4.547437449,5.533357188,6.903469801,6.72273725,6.690822118,6.70840592,7.513487014,8.094541482,6.883310751,7.059325041,6.967116722,7.086233137,11.57291114,14.16894723,14.17803696,13.34249698,13.77950939,15.02359781,11.43177859,13.14752274,12.36043366,11.03220565,11.59121046,11.32761609,11.1804965,12.35402201,12.84532703,11.49105884,11.32777147,16.03870381,16.38388774,18.03161817,17.43646034,17.79771682,14.19677381,14.983894,14.82995854,14.68492154,14.49571582,14.36186947,13.11328033,14.09046994,12.43349838,12.09008085,12.15779152,12.1050653,12.1050653
Non-Annex_I,China +,MAC,Macao,1.A.2,Manufacturing Industries and Construction,CO2bio,bio,,,,,,,,,,0.000564598,,0.002256764,0.004011224,0.01073304,0.022675946,0.021047536,0.008230923,0.017455639,0.0101011,0.023025693,0.979825881,0.997933031,0.99374478,1.051772287,1.133401386,0.841078993,0.847231398,0.742574466,0.586769511,0.744372139,1.033940699,0.933039377,0.995157189,0.901465012,0.909981125,0.841668349,0.863303541,0.741924621,0.684914674,0.605745819,0.54319273,0.585558977,0.554878368,0.377978868,0.440089079,0.442613155,0.331129919,0.376966306,0.336790449,0.34246933,0.318318813,0.320178245,0.317086518,0.322667164,0.322667164
Non-Annex_I,China +,MAC,Macao,1.A.5,Non-Specified,CO2bio,bio,,,,,,,,,,,,,,,,,,0.002421438,0.002477628,0.00255841,0.004466674,0.004901938,0.004344463,0.005563639,0.005947734,0.010102892,0.010176794,0.011154791,0.010597246,0.033855811,0.045490868,0.047512705,0.043944606,0.055609878,0.10769253,0.047346691,0.046105027,0.085611204,0.08880765,0.19475624,0.258722347,0.087896468,0.061094165,0.059247679,0.046434447,0.052059425,0.051272711,0.048821093,0.03295369,0.031235992,0.025196008,0.006844043,0.006905527,0.006849601,0.006849601
Non-Annex_I,China +,MAC,Macao,1.B.1,Solid Fuels,CO2bio,bio,0,0,0,0,0,0,0,0,0,0,0,0,0,0,0,0,0,0,0,0,0,0,0,0,0,0,0,0,0,0,0,0,0,0,0,0,0,0,0,0,0,0,0,0,0,0,0,0,0,0,0,0,0,0,0
Non-Annex_I,China +,MAC,Macao,1.B.2,Oil and Natural Gas,CO2bio,bio,,,,,,0.006285171,0.005251524,0.000198898,0.001100999,0.001212841,0.001211939,0.001211966,0.00174008,0.001814367,0.004721098,0.017860851,0.154283192,0.15678144,0.162298272,0.221878842,,,,0.007642361,0.007784992,0.013223681,0.013320411,0.013943489,0.013246558,0.014244126,0.021344771,0.02374899,0.023215637,0.022688851,0.023024046,0.022498948,0.021988531,0.021513696,0.021017587,0.020534827,0.02004515,0.019645573,0.01921324,,,,,,,,,,,,
Non-Annex_I,Northern_Africa,MAR,Morocco,1.B.1,Solid Fuels,CO2bio,bio,51.3032,51.3032,57.7536,57.7536,57.7536,57.7536,57.7536,57.7536,64.204,64.204,64.204,64.204,70.5544,70.5544,70.5544,70.5544,70.5544,77.0048,77.0048,77.0048,83.4552,89.8056,89.8056,89.8056,89.8056,89.8056,96.256,96.256,96.256,96.256,96.256,96.256,96.256,102.7064,40.9064,51.3064,62.0064,72.8064,83.3064,93.7064,96.9568,103.2568,109.0568,113.6568,120.7072,122.9112,127.6112,129.97612,133.63964,136.84152,138.21236,141.68408,145.02424,152.119975,152.119975
Non-Annex_I,Northern_Africa,MAR,Morocco,1.A.2,Manufacturing Industries and Construction,CO2bio,bio,1031.42368,1031.42368,1031.42368,1031.42368,1031.42368,1031.42368,1031.42368,1031.42368,1031.42368,1031.42368,1031.42368,1031.42368,1031.42368,1031.42368,1031.42368,1031.42368,1031.42368,1031.42368,1031.42368,1031.42368,1031.42368,1263.7352,1178.91472,1164.46016,1126.68592,1255.38384,1207.08672,1114.392,1708.71536,1591.184,1834.53664,1831.26464,1283.8288,1186.68592,986.18592,674.12016,1292.91456,1346.636,947.98192,827.94688,749.40672,429.0176,428.2488,409.036,404.0296,412.2984,493.81472,607.77012,666.37,588.71764,817.37872,675.76696,639.5228813,643.5731783,635.9625545
Non-Annex_I,Northern_Africa,MAR,Morocco,1.A.4,Residential and other sectors,CO2bio,bio,2672.0968,2672.0968,2732.2464,2789.6464,2849.3464,2911.9464,2977.6464,3046.5464,3121.696,3196.196,3273.096,3352.496,3437.7456,3520.5456,3602.9456,3683.7456,3762.7456,3842.9952,3918.1952,3992.7952,4070.5448,4148.1944,4221.7944,4294.0944,4364.0944,4430.9944,4498.144,4558.944,4616.644,4671.344,4722.944,4771.444,4817.444,4865.4936,9250.3936,8652.4936,7989.0936,7398.5936,6762.2936,6065.2936,5812.0432,5583.2432,5380.6432,5246.9432,5179.1928,5175.8888,5100.1888,5031.47076,4880.91624,4808.95436,4760.49164,4720.2688,4709.11664,4716.342728,4716.342728
Non-Annex_I,Northern_Africa,MAR,Morocco,3.C.1,Emissions from biomass burning,CO2bio,bio,103.8264678,119.0334767,117.9445936,92.71681543,116.7056695,96.55981349,127.8446535,86.45841391,113.381619,103.2468449,106.2528762,71.28339892,111.3539186,101.7869561,101.9178509,125.2704483,167.5274885,117.9069549,172.6021393,165.9999443,152.3690908,188.5623768,94.21160668,91.77364063,204.1574153,68.28828189,210.3577623,110.5180938,162.0144618,109.3591854,84.21955105,125.0789335,132.7308457,179.8693451,190.2047573,122.4254932,202.6042827,86.60352827,138.2226934,213.7980481,171.422917,193.9082612,136.5700156,210.9372804,162.9442655,241.800466,99.49142981,212.7182764,215.7642902,128.8158525,100.9920375,214.6699794,94.1261473,127.5571249,87.40791999
Non-Annex_I,Ukraine +,MDA,"Moldova, Republic of",1.A.2,Manufacturing Industries and Construction,CO2bio,bio,,,,,,,,,,,,,,,,,,,,,,,,,,,,,,,,,,,,1.2,0.8,1.1,2.1,1.4,2.7,4.7,5.5,3.5,2.9,6.2,4.3,4.3,6.6,2.3,4.2564,8.0692,7.46,11.41791302,13.59353571
Non-Annex_I,Ukraine +,MDA,"Moldova, Republic of",1.A.1.a,Main Activity Electricity and Heat Production,CO2bio,bio,,,,,,,,,,,,,,,,,,,,,,,,,,,,,,,,,,,33.4,33.4,22.4,24,37.5,43.8,51.8,40,23,28.8656,45.2188,60.7946,58.9106,54.1972,72.4898,66.9432,64.8978,66.8334,100.3524,88.46466983,90.91395413
Non-Annex_I,Ukraine +,MDA,"Moldova, Republic of",1.B.1,Solid Fuels,CO2bio,bio,,,,,,,,,,,,,,,,,,,,,,,,,,,,,,,,,,,,,,,,,,,2.6,0.04352,0.34352,4.14352,2.84352,3.04352,3.87808,5.77232,3.24352,3.54352,1.84352,0.471561585,0.471561585
Non-Annex_I,Ukraine +,MDA,"Moldova, Republic of",1.A.4,Residential and other sectors,CO2bio,bio,,,,,,,,,,,,,,,,,,,,,,,,,,,,,,,,,,,,241.6,302,247.8,279,275.9,2087,2215.3,2379.3,2411.85648,2570.15648,2600.35648,2807.85648,3072.55648,3063.5784,2591.8072,2390.51296,2545.01296,2091.36832,2071.563738,2071.563738
Non-Annex_I,Ukraine +,MDA,"Moldova, Republic of",1.A.5,Non-Specified,CO2bio,bio,505.5311316,505.5311316,499.6800723,488.5632568,496.1695542,480.9563363,482.1269184,472.1800619,455.212193,456.9674491,461.6479263,473.3500449,487.3926747,469.8395267,498.5095142,507.7075354,472.1860585,504.9865829,474.3918104,436.1841447,260.2,260.9,261.1,260.8,260,258.7,258.2,255.3,246.4,243.5,249.4,252.3,290.4,337,287,4.8,5.9,5.1,4.4,2.1,0.5,0.2,0.1,,13,36.1,30.9,42.7,55,34.2,68.4,45.7,85.4,98.00022951,98.00022951
Non-Annex_I,Ukraine +,MDA,"Moldova, Republic of",3.C.1,Emissions from biomass burning,CO2bio,bio,419.3742077,402.7118944,404.0750521,464.3927041,442.3064003,336.6988221,462.578744,448.6080925,474.2651574,395.5054157,423.9472001,381.4202647,456.7655031,443.2694334,428.6795593,454.7056591,454.5100361,477.7589498,479.6427255,491.6321316,448.4303955,373.3642566,399.9852798,583.32221,330.8448603,500.0560471,387.6859293,607.0222878,446.1955701,396.5408413,364.3712977,477.8233221,471.3460428,346.8973474,497.2738506,497.0817817,409.4542047,321.9795491,543.3518994,380.3359097,423.4555835,426.6022754,261.8643789,469.5623174,514.3982478,405.2675707,515.1828937,554.7379359,560.0328428,566.1214069,283.6585301,719.1853599,339.0031091,553.8741542,470.4550687
Non-Annex_I,Ukraine +,MDA,"Moldova, Republic of",1.B.2,Oil and Natural Gas,CO2bio,bio,,,,,,,,,,,,,,,,,,,,,,,,,,,,,,,,,,,,1,0.6,0.3,2.4,0.1,0.7,0.8,0.2,1.1,1.8,0.7,0.1,0.2,0.1,0.1,0.5,0.2,0.5,1.300260052,1.300260052
Non-Annex_I,Eastern_Africa,MDG,Madagascar,1.B.1,Solid Fuels,CO2bio,bio,,,,,,,,,,69.0536,176.5592,283.9648,399.1208,506.6264,629.4328,744.5888,867.3952,990.2016,1113.008,1243.4648,1320.2688,1450.7256,1604.2336,1765.392,1949.6016,2149.112,2348.3224,2561.5336,2780.4456,3025.9584,3262.3208,3535.0848,3650.8408,3988.9584,4294.7744,4615.3416,4957.5592,5341.2288,5758.6008,5999.9136,6332.3304,6694.2496,7102.4712,7519.8432,7986.9672,8463.892,7592.3576,7926.44956,7926.44956,9542.97668,9801.6392,10057.2278,10312.81628,10456.28232,10456.28232
Non-Annex_I,Eastern_Africa,MDG,Madagascar,1.A.1.a,Main Activity Electricity and Heat Production,CO2bio,bio,,,,,,,,,,,,,,,,,,,,,,,,,,33.5,37.7,37.7,33.5,25.1,25.1,20.9,20.9,16.7,8.4,12.6,12.6,8.4,4.2,4.2,20.9,25.1,25.1,29.3,33.5,25.1,33.5,37.681,37.903,35.7,35.7,35.994,36.287,36.89387905,36.89387905
Non-Annex_I,Eastern_Africa,MDG,Madagascar,1.A.4,Residential and other sectors,CO2bio,bio,4695.7312,4695.7312,4781.1312,4883.0312,4951.2312,5034.7312,5164.5312,5257.5312,5400.8312,4879.6464,5049.2408,5324.2352,5528.5792,5706.2736,5889.3672,6079.2112,6271.0048,6477.2984,6663.392,6842.6352,8326.0312,8598.2744,8860.5664,9122.108,7918.6984,9534.6936,9777.5336,10064.8728,10361.8616,10694.1992,11003.788,11384.0744,11150.5688,11633.652,11992.9872,12344.5704,12711.404,13130.2352,13604.0144,13629.552,13830.236,14089.0176,14402.8472,14694.8264,15035.4536,15367.7296,19183.3072,19871.29352,20186.70152,20564.54808,20958.37368,21349.04924,21740.08168,22131.4876,22131.4876
Non-Annex_I,Eastern_Africa,MDG,Madagascar,1.A.2,Manufacturing Industries and Construction,CO2bio,bio,1399.2624,1399.2624,1427.6624,1414.2624,1458.4624,1455.2624,1437.9624,1445.0624,1460.7624,1445.0624,1442.6624,1432.3624,1368.5624,1369.3624,1346.4624,1399.2624,1396.1624,1419.7624,1457.6624,1453.6624,1446.5624,1180.4152,1185.884,1270.7976,1012.288,1469.3968,1499.984,1512.54,1504.0952,1363.668,1223.6456,1013.0856,838.4448,884.2072,909.6752,971.9816,999.9368,1042.2056,1080.3984,1131.590016,1392.586912,1319.20352,1382.74256,1488.121376,1662.229608,1722.427891,1869.158717,1941.115029,1825.458923,2204.518334,2206.37228,2237.00128,2260.28716,2281.783273,2274.444176
Non-Annex_I,Eastern_Africa,MDG,Madagascar,3.C.1,Emissions from biomass burning,CO2bio,bio,1574.717811,1573.372928,1591.292636,1611.717701,1675.254162,1674.600137,1698.707183,1781.939056,1732.355804,1795.466735,1847.379667,1812.567735,1810.923917,1890.334365,1879.576264,1914.069499,1955.746509,1849.963332,1860.850375,1958.919563,1987.50282,1958.37904,2006.349839,2101.945482,1977.873734,2019.512171,2027.997454,2080.075639,2067.354093,2109.4687,2083.438685,2141.979917,2126.886579,2228.678161,2316.583854,2488.758477,2541.463209,2583.064249,2681.297131,2888.192016,2946.836866,2763.618788,2895.267807,2389.058945,2648.207604,2476.028301,2605.563609,2511.879196,2794.842226,2876.84065,3013.808114,3060.181296,3133.624336,3602.964425,3605.481457
Non-Annex_I,India +,MDV,Maldives,1.A.4,Residential and other sectors,CO2bio,bio,3.808141226,3.769855182,3.840094521,3.861161497,3.952358375,4.066946521,4.266202509,4.294627827,4.378600768,4.478486365,4.513352052,4.621450946,4.711075643,4.874592077,4.706990567,5.141063734,5.240120897,5.390128172,5.496931959,5.450774392,9.55288162,9.834427126,10.24603666,10.51707909,10.53932888,12.31784927,12.69678109,13.07912648,13.14492361,13.32746538,14.16153444,14.33912019,14.8381201,15.00411617,15.20474234,15.43374132,15.64968813,15.83780616,16.04070166,16.66098435,16.77944541,17.2272272,17.44664806,19.52584555,19.91330993,20.49057678,20.59430503,21.34016651,21.36910009,22.28422123,22.71015766,20.98276589,27.86691874,23.52089378,23.52089378
Non-Annex_I,India +,MDV,Maldives,1.A.1.a,Main Activity Electricity and Heat Production,CO2bio,bio,0.001709791,0.001695087,0.001696295,0.001665192,0.001668757,0.00196735,0.002029318,0.002027615,0.002326873,0.010376364,0.010258945,0.010546354,0.011114827,0.011481009,0.011536398,0.012290369,0.012357811,0.012671432,0.012857194,0.012635839,0.039343464,0.040443112,0.042365486,0.04337924,0.046276663,0.105715051,0.107909462,0.103482705,0.103086426,0.08514417,0.131748697,0.192522677,0.209181538,0.292460185,0.298762035,0.307744787,0.282175234,0.258173671,0.243893015,0.25070476,0.270413336,0.286191222,0.522424434,1.065732944,0.678230325,0.459322697,0.479105634,0.301090086,0.367807935,0.412819239,0.369305991,0.401042507,0.519668875,0.526236582,0.554330764
Non-Annex_I,India +,MDV,Maldives,1.A.5,Non-Specified,CO2bio,bio,,,,,,,,,,,,,,,,,,0.003381526,0.003431099,0.003372027,0.005797984,0.006347053,0.006040629,0.007555045,0.007877756,0.013389638,0.013667578,0.014605886,0.014549954,0.028940604,0.040486463,0.043889008,0.044125462,0.043756035,0.068080708,0.044254337,0.044339581,0.045302895,0.046006946,0.080281707,0.087336968,0.037593037,0.038033603,0.037817534,0.033096231,0.038980233,0.03918826,0.036737145,0.027820422,0.030593066,0.031149784,0.010990789,0.014514255,0.012499059,0.012499059
Non-Annex_I,India +,MDV,Maldives,1.A.2,Manufacturing Industries and Construction,CO2bio,bio,,,,,,,,,,0.001734748,,0.00705267,0.01188483,0.031503612,0.031361411,0.029518512,0.011198134,0.024376714,0.013988325,0.030348246,1.27186689,1.2921284,1.381722971,1.428235522,1.501186907,1.11470492,1.137843738,0.97231386,0.805630967,1.048506316,1.515565104,1.41171816,1.554035826,1.453070259,1.513845501,1.445176175,1.527601184,1.352786585,1.287030851,1.173014416,1.083991921,1.19962543,1.165207507,0.814305532,0.972668991,1.003693878,0.766378979,0.924865364,0.873965533,0.849797566,0.80012305,0.794320175,1.078604117,0.843880233,0.843880233
Non-Annex_I,India +,MDV,Maldives,1.B.1,Solid Fuels,CO2bio,bio,0,0,0,0,0,0,0,0,0,0,0,0,0,0,0,0,0,0,0,0,0,0,0,0,0,0,0,0,0,0,0,0,0,0,0,0,0,0,0,0,0,0,0,0,0,0,0,0,0,0,0,0,0,0,0
Non-Annex_I,India +,MDV,Maldives,3.C.1,Emissions from biomass burning,CO2bio,bio,1.495740957,1.43814558,1.57197827,1.75639328,1.804646304,2.417065133,1.728243992,1.780654114,1.825152756,1.907765861,1.895868306,1.883787228,1.904284746,1.926198067,1.987376433,2.017576208,2.024481432,2.188716357,2.171501985,2.175681856,2.104049323,0.098349661,0.06922812,0.062052058,0.063069572,0.053129704,0.049068944,0.083231751,0.088956543,0.084249585,0.089491017,0.126983546,0.115541947,0.133964372,0.113881266,0.096198281,0.106743816,0.092950447,0.107040174,0.093497249,0.105943221,0.113905845,0.117455158,0.111938128,0.113849406,0.114841021,0.114404659,0.111162786,0.113156451,0.111723522,0.11377876,0.113966635,0.113336247,0.11460089,0.114889778
Non-Annex_I,India +,MDV,Maldives,1.B.2,Oil and Natural Gas,CO2bio,bio,,,,,,0.003565822,0.003678138,0.003675052,0.003697497,0.003726496,0.003684327,0.003787545,0.005155673,0.005325528,0.006529398,0.025049286,0.209901593,0.218944509,0.224755814,0.29244,,,,0.010377809,0.010311199,0.017525705,0.0178895,0.018257358,0.018187443,0.020063965,0.031287471,0.035932974,0.0362535,0.036572129,0.038302825,0.038631539,0.038908337,0.039226949,0.039494385,0.039765274,0.040001973,0.040247576,0.04034652,,,,,,,,,,,,
Non-Annex_I,Mexico,MEX,Mexico,1.A.4,Residential and other sectors,CO2bio,bio,19912.1,19912.1,20178.4,20448,20721.7,20999.6,21282.5,21568.9,21859.8,22155.2,22341.5,22444.2,22547.9,22652.4,22758.2,22864.7,22972.1,23080.6,23190.3,23300.8,27646.2,27869.5,28908.9,27780.5,27859.6,27933.7,28020.8,28118.1,28232.8,28359.1,28497.6,26709.4,26623.9,26702.8,26665.2,26643.4,26460,26323.8,26204.9,26067.8,25931.1,25808.6,25674.3,25542.2,25411.7,25284,25155.8,25030.8,24902.8,24775.8,21802.7,24559.2,24446.8,24338.5001,24338.5001
Non-Annex_I,Mexico,MEX,Mexico,1.A.1.a,Main Activity Electricity and Heat Production,CO2bio,bio,,,,,,,,,,,,,,,,,,,,,,2724.2,3365.2,3637.4,3465.2,3806.4,2978.9,2798.3222,3031.9302,2928.8304,3151.5922,4592.2646,4659.2486,4531.132,4642.2786,4717.0342,4154.3894,4668.1208,3968.6714,3094.2358,4178.8708,3267.5166,4267.9812,5493.162,7234.1694,6981.0706,7164.0952,7831.169,8826.5772,8158.847,7746.6848,5696.5602,4943.9038,3768.348365,3768.923431
Non-Annex_I,Mexico,MEX,Mexico,1.A.2,Manufacturing Industries and Construction,CO2bio,bio,5093.2,5093.2,4960.1,5548.3,5741.3,5394.5,5173.8,5288.6,6271.1,6699,6455.2,5932.1,6323.4,6577.7,7277.2,7220.4,7884,8884.8,7862,7635.4,8166.9,6251.3,4974.5,5530.9,4142.6,5123.9,5884.3,6977.5,7026.7,6383,5769,4829.3,4324.7,4532.3,4690,5809.9,5683.4,5345.2,5533.7953,4164.5953,3764.9,4167.1,4099.3,6199.1953,3770.8,3715.0953,3827.8859,7481.3718,28658.9253,29904.01964,26314.49263,23450.9329,28188.38973,27750.32544,27565.69115
Non-Annex_I,Mexico,MEX,Mexico,3.C.1,Emissions from biomass burning,CO2bio,bio,11904.43964,11475.87824,11338.48889,11765.86063,11706.14514,12766.20743,11777.15008,12081.98741,13124.64137,11820.08161,13500.22294,14668.99547,13588.35347,14314.32696,14741.2369,16052.08886,15904.52432,16516.19943,14847.84012,15446.11341,15976.27238,15166.39982,16116.60704,15916.07033,16356.57536,16709.04717,17603.76594,17098.7714,17976.12378,17013.66345,16760.763,18158.39214,17227.79001,18137.61494,18356.85271,17828.35733,18756.34101,19493.52646,19953.44073,18182.33023,19431.5332,17277.88027,19135.30728,20620.7196,20922.89591,20211.32685,21425.75747,21134.44767,20587.20759,20778.11703,20134.55605,20484.71893,20362.86362,20304.86735,19703.29692
Non-Annex_I,Central Europe,MKD,"Macedonia, the former Yugoslav Republic of",1.A.3.b_noRES,Road Transportation no resuspension,CO2bio,bio,,,,,,,,,,,,,,,,,,,,,,,,,,,,,,,,,,,,,,,3.746028,5.598156,1.296348,0.853848,0.670476,2.674824,0.922524,0.940224,0.2124,0.369576,0.259128,0.269748,0.178416,0.25134,0.61596,0.613268362,0.538049168
Non-Annex_I,Central Europe,MKD,"Macedonia, the former Yugoslav Republic of",1.A.1.a,Main Activity Electricity and Heat Production,CO2bio,bio,,,,,,,,,,,,,,,,,,,,,,,,,,,,,12.9,33.5,35.2,25.1,24.9,23.6,18.7,0.2,0.1,0.1,,0.1,0.2,0.1,0.2,0.3,0.3,15.9248,28.443302,40.625764,42.549272,43.351008,45.083368,42.361908,40.421902,51.33496995,55.49586754
Non-Annex_I,Central Europe,MKD,"Macedonia, the former Yugoslav Republic of",1.A.2,Manufacturing Industries and Construction,CO2bio,bio,,,,,,,,,,,,,,,,,,,,,,,,,,,,,8.4,8.8,8,4.8,4,4.5,7.9,29.5,25.9,16,20.4,13.1,16.4,33.4,25.6,22.6,28.2,23.9,21.824,25.284,33.503,31.451,69.75,58.833,51.657,28.12485918,28.12485918
Non-Annex_I,Central Europe,MKD,"Macedonia, the former Yugoslav Republic of",1.A.4,Residential and other sectors,CO2bio,bio,,,,,,,,,,,,,,,,,,,,,,,784.4,825.32,797.92,797.92,797.92,797.92,617.508,641.1,761.7,592.6,586.3,688,688.9,834.9,840.2,786.6,782.3,807.3,791.5,838.8,924.3,909.7,955.7,932.5,790.866,923.928,777.372,817.599,812.883,823.402,803.87,753.9786045,753.9786045
Non-Annex_I,Central Europe,MKD,"Macedonia, the former Yugoslav Republic of",1.A.5,Non-Specified,CO2bio,bio,186.2867315,186.2867315,97.7737453,93.8240097,91.1287953,96.7049586,101.9913815,101.6469185,89.8987653,84.2378939,75.3981603,93.9578916,109.6038459,104.2628369,112.7800567,111.6320833,113.6602388,99.0037753,101.5376371,105.4108103,,,,,,,,,5.5,71.9,84.8,,,,,,,,,,,,,,,,,,,,,,,,
Non-Annex_I,Central Europe,MKD,"Macedonia, the former Yugoslav Republic of",3.C.1,Emissions from biomass burning,CO2bio,bio,129.4014358,162.4882189,149.7517753,152.872116,181.0223995,149.749168,171.5735612,167.035907,154.5866339,147.5260183,160.37205,145.3127728,162.6921985,166.5956525,169.1531016,152.3378612,158.2288887,154.0369722,167.8029181,162.5222116,168.4843915,185.549777,113.9509766,93.70692048,117.9382965,129.8379248,101.8058933,110.7057125,118.3893764,115.2151665,105.4983988,89.69396371,99.51243199,87.81793977,120.1257952,114.7221211,105.5780825,84.61689877,105.3131734,104.1191229,93.6884397,95.94836644,82.72244664,97.29382589,106.3951364,83.9320306,109.4026141,79.73978259,99.01641964,95.04577183,97.05681118,95.01306454,91.29383407,88.18213442,89.54736243
Non-Annex_I,Central Europe,MKD,"Macedonia, the former Yugoslav Republic of",1.B.2,Oil and Natural Gas,CO2bio,bio,,,,,,,,,,,,,,,,,,,,,,,,,,,,,,,,,,,,,,8.801856,3.138564,1.505916,5.236368,11.822184,2.315868,,9.111252,5.663292,,,,,3.534336,,,,
Non-Annex_I,Western_Africa,MLI,Mali,1.A.2,Manufacturing Industries and Construction,CO2bio,bio,75.67467353,76.22182057,83.02881688,90.44014673,88.38100178,92.21125041,99.5195108,101.162919,111.8508308,110.6233883,114.632907,127.5756661,132.6207891,133.2151964,134.4032586,132.3959186,146.0126518,153.0958359,162.3657018,150.0313939,82.08496171,89.41837483,72.68169172,58.10740104,72.18138785,72.93531595,68.64828451,61.95901547,58.96831276,46.78887009,48.18305259,46.16890728,55.49519869,57.28292222,56.84058627,58.98026994,53.45610174,60.29058575,63.44236595,58.34401485,56.23784946,59.90017193,64.06038187,62.54823291,62.31305235,62.34759474,59.42673488,58.63749918,58.6162831,58.60879078,58.08966137,57.43152382,58.65893636,59.22385434,59.22385434
Non-Annex_I,Western_Africa,MLI,Mali,1.A.1.a,Main Activity Electricity and Heat Production,CO2bio,bio,,,,,,,,,,,,,,,,,,,,,5.03815824,6.137700086,21.07551258,27.32392505,27.85370962,27.72012725,29.13289143,29.97807109,30.86918868,40.772235,41.20548021,40.71177049,39.67852605,39.92139102,40.41252496,37.16287905,37.39927829,35.01867304,36.99957233,37.6296435,37.50371967,11.57203442,10.84043147,11.61317017,12.79206652,11.76834905,11.97467942,11.91570025,11.77702684,11.70746348,11.70024584,11.66070904,13.01066898,13.08582996,13.08941574
Non-Annex_I,Western_Africa,MLI,Mali,1.A.3.b_noRES,Road Transportation no resuspension,CO2bio,bio,,,,,,,,,,,,,,,,,,,,,,,,,,,,,,,,,,,,,,,,,,,2.599134284,2.507994202,2.525017241,4.565636134,4.504027629,3.70098031,5.487175266,4.798596676,4.304354275,4.372244742,4.453097371,3.915169957,3.956716657
Non-Annex_I,Western_Africa,MLI,Mali,3.C.1,Emissions from biomass burning,CO2bio,bio,444.1520795,448.115673,404.7062279,447.2652996,525.9387543,570.6507358,536.888408,518.8966667,425.1067245,548.2011618,414.8532591,436.6882579,518.8089161,595.7486335,495.2502957,645.2481912,659.036485,615.2991246,855.6827356,840.461962,772.3192175,946.6192307,935.4052543,1061.411417,1044.535178,993.7414373,1036.984031,1016.085604,1137.459903,1282.076702,1075.665851,1311.487441,1228.254298,1449.823023,1184.447842,1502.499184,1566.863748,1622.145259,1902.268828,2270.489602,2226.455069,2528.644157,2619.803472,2768.879368,2906.11096,3322.088243,3767.721317,3969.041256,4400.434334,4437.479347,4355.042019,4054.775155,4410.221194,4331.496607,4362.98619
Non-Annex_I,Western_Africa,MLI,Mali,1.B.1,Solid Fuels,CO2bio,bio,98.55667827,98.96170788,101.2872261,109.3280544,114.3385725,111.9656559,111.7472428,115.8415761,119.9013399,133.1539794,145.3035351,154.2058572,159.2988011,170.8848241,182.8496041,195.2506847,196.7879525,209.417377,201.1772243,207.8390234,656.7816713,697.0178211,690.9861737,730.7006581,755.6936673,690.7985573,812.2736356,810.6401379,829.9322716,883.2384963,912.0666549,934.7416781,1006.15015,1032.785309,1038.622419,1042.374585,1082.245157,1091.136539,1121.300884,1154.611499,1130.756376,1154.153128,1274.125887,1295.982557,1334.725956,1021.032967,959.8249944,853.9314905,900.7457301,1714.889762,1632.02889,579.1804112,615.795739,1583.435343,1583.435343
Non-Annex_I,Western_Africa,MLI,Mali,1.A.4,Residential and other sectors,CO2bio,bio,3620.929218,3647.196676,3732.011367,3837.725152,3946.03393,4020.363378,4017.493117,4020.474707,4172.026999,4133.16832,4241.022657,4373.665585,4495.259829,4715.784514,4992.401591,5196.709806,5118.353072,5285.793752,5481.049743,5522.149092,5693.840391,5910.419136,5780.669662,5905.948692,5914.013296,6191.008699,6230.611804,6197.910774,6275.176834,6617.35884,6649.182238,6663.907444,6741.701007,6829.314634,6941.333051,7167.771261,7211.138778,7332.817981,7352.312226,7462.850846,7599.455251,7554.893425,7462.964131,7531.76164,7547.065019,7739.138453,7774.645143,7841.956629,7832.382146,7358.111777,7402.620408,7982.018398,8196.857867,7721.303349,7721.303349
Non-Annex_I,Western_Africa,MLI,Mali,1.A.5,Non-Specified,CO2bio,bio,,,,,,,,,,,,,,,,,,,,,94.37508426,99.37264638,113.4305555,114.8275026,118.7983631,125.4932956,121.6259691,139.5745284,143.4844212,162.4789161,164.6857694,152.0549767,157.5267653,164.1639585,169.9450727,175.9872586,180.1380548,180.1444059,186.0118378,193.0719805,199.7631574,209.9842842,213.3994644,259.4686628,261.1856731,409.3601248,422.9125669,497.4089687,496.6021032,174.0419161,228.4398496,692.0879607,683.2920089,281.3029271,281.3029271
Annex_I,Central Europe,MLT,Malta,1.A.3.b_noRES,Road Transportation no resuspension,CO2bio,bio,,,,,,,,,,,,,,,,,,,,,,,,,,,,,,,,,,,,,,,,,1.590168,4.500048,7.743396,14.770296,21.259116,19.780812,19.52664,21.8418,29.706264,31.638396,41.537652,31.692204,37.21956,39.38581524,33.74305207
Annex_I,Central Europe,MLT,Malta,1.A.2,Manufacturing Industries and Construction,CO2bio,bio,,,,,,,,,,,,,,,,,,,,,,,,,,,,,,,,,,,,,,,,,,0.023364,0.031152,0.03894,0.047436,0.03894,,,,,,,,,
Annex_I,Central Europe,MLT,Malta,1.A.1.a,Main Activity Electricity and Heat Production,CO2bio,bio,,,,,,,,,,,,,,,,,,,,,,,,,,,,,,,,,,,,,,,,,,1.7472,3.1122,1.8564,2.0202,2.5116,2.2932,2.5116,2.35599,1.665846,1.505868,3.039036,2.200926,3.485140742,3.097437235
Annex_I,Central Europe,MLT,Malta,1.A.4,Residential and other sectors,CO2bio,bio,,,,,,,,,,,,,,,,,,,,,,,0.4956,0.3304,0.3304,0.3304,0.6608,0.6608,0.9912,1.1564,1.1564,0.69384,0.6608,0.62776,0.4956,0.62776,0.85904,1.12336,1.02424,1.12336,3.933788,5.700168,7.546056,6.39268,7.803164,7.7552,7.328552,8.572864,9.014876,11.661322,10.53678,10.239704,9.55493,8.730234192,8.237978879
Annex_I,Central Europe,MLT,Malta,1.B.2,Oil and Natural Gas,CO2bio,bio,,,,,,,,,,,,,,,,,,,,,,,,,,,,,,,,,,,,,,,,,1.597956,2.208252,2.899968,3.241224,3.22494,2.59128,1.988772,0.756144,,,,,,,
Annex_I,Central Europe,MLT,Malta,3.C.1,Emissions from biomass burning,CO2bio,bio,0.179408503,0.197038367,0.197716604,0.175470872,0.176678236,0.193366441,0.23038388,0.248901148,0.228287648,0.251760211,0.294014764,0.304750621,0.387013419,0.385104578,0.305143912,0.301826641,0.289648993,0.280116731,0.276466752,0.268749669,0.28408266,0.247283412,0.261748699,0.269463697,0.275089079,0.280058074,0.239447239,0.375671364,0.38649986,0.391579578,0.422143942,0.403946173,0.37919397,0.360264969,0.355316722,0.339033452,0.32673888,0.346643779,0.380689543,0.344413017,0.312793343,0.30273535,0.293480415,0.287587077,0.282041913,0.250050514,0.261230712,0.297590496,0.011360315,0.011261664,0.009453351,0.009221376,0.009221376,0.00686234,0.005962744
Annex_I,Central Europe,MLT,Malta,1.A.3.d,Water-borne Navigation,CO2bio,bio,,,,,,,,,,,,,,,,,,,,,,,,,,,,,,,,,,,,,,,,,,0.02124,0.06018,0.06372,0.033276,0.025488,,0.143724,,,,,,,
Annex_I,Central Europe,MLT,Malta,4.C,Incineration and Open Burning of Waste,CO2bio,bio,0.133204397,0.133213923,0.133326258,0.133562661,0.13392067,0.1344074,0.135027464,0.135790066,0.136686917,0.137703894,0.138826452,0.140055802,0.141381211,0.142763956,0.144161132,0.145528566,0.14701781,0.148473091,0.149906403,0.151347808,0.152812,0.152812,0.152812,0.152812,0.152812,0.152812,0.152812,0.152812,0.152812,0.152812,0.152812,0.152812,0.152812,0.152812,0.035937,0.035937,0.035937,0.035937,2.9382155,3.698695,3.443165,3.23356,2.9898935,3.338038,3.055558,2.8448035,2.6038485,2.5817825,2.41285,2.5005475,2.9721505,2.8520195,2.956217,3.0311039,3.107887835
Non-Annex_I,Southeastern Asia,MMR,Myanmar,1.B.1,Solid Fuels,CO2bio,bio,2253.7032,2253.7032,2308.1568,2368.8112,2416.7144,2468.6176,2512.1208,2557.7736,2597.2768,2643.08,2686.5824,2731.2856,2780.5888,2832.8424,2883.596,3090.9104,2906.7976,3026.956,2716.9848,3150.564,2491.1696,2317.1576,2860.7944,1491.6016,919.8128,1219.7832,1243.3344,1253.4352,1261.3856,719.6488,651.444,795.9544,925.8632,1459.3992,736.5,371.2752,217.6648,217.6648,217.6648,217.6648,158.8608,158.8608,164.7112,164.7112,164.7112,164.7112,170.6616,168.9744,169.56908,170.09884,170.61068,171.04644,800.9702,609.6497259,609.6497259
Non-Annex_I,Southeastern Asia,MMR,Myanmar,1.A.1.a,Main Activity Electricity and Heat Production,CO2bio,bio,,,,,,,,,,,,,,,,,,,,,,,,,,,,,,,,,,,,,,,,,,,,,,,,1.199,1.199,1.199,1.199,1.199,1.199,1.199,1.199
Non-Annex_I,Southeastern Asia,MMR,Myanmar,1.A.4,Residential and other sectors,CO2bio,bio,24357.0968,24357.0968,24939.0432,25612.3888,26126.9856,26666.3824,27152.1792,27626.3264,28086.0232,28586.92,29021.5176,29514.8144,30037.6112,30605.7576,31164.104,33424.1896,33750.0024,34296.344,34415.6152,35190.536,35285.3304,34719.2424,35669.1056,34840.4984,35562.4872,35836.6168,35316.9656,35960.6648,36600.7144,36180.4512,36516.956,37356.7456,38218.8368,39379.9008,40350.1,40934.8248,41246.2888,41438.4352,41587.2352,41745.1352,40976.4392,41201.7392,41435.3888,41678.3888,41913.2888,42126.9888,42320.493,42499.43599,42648.51731,42782.6351,42911.45626,43019.91604,44249.13328,44247.67143,44247.67376
Non-Annex_I,Southeastern Asia,MMR,Myanmar,1.A.2,Manufacturing Industries and Construction,CO2bio,bio,216.959908,216.959908,216.959908,216.959908,216.959908,216.959908,216.959908,216.959908,216.959908,216.959908,216.959908,216.959908,216.959908,216.959908,216.959908,216.959908,216.959908,216.959908,216.959908,216.959908,216.959908,236.5691192,362.8546864,300.7345035,1449.30106,1559.50595,1666.001251,1805.850204,1873.51383,1888.382643,1949.223663,2095.14294,2029.02213,2091.623262,2143.517554,2136.9192,2428.4176,2510.3376,2665.5088,2225.6328,2131.2192,2417.78,3070.028,3599.624,4159.708,4718.992,4878.932,5084.164,5184.1588,4909.273,3974.4222,3989.458994,5139.486952,5139.49297,5202.131001
Non-Annex_I,Southeastern Asia,MMR,Myanmar,3.C.1,Emissions from biomass burning,CO2bio,bio,11753.57189,11705.67452,10993.33621,12135.32858,12097.04049,12653.93515,12556.92445,12632.1199,13450.43612,12580.27795,14530.09444,15146.91592,15016.94005,15364.80108,15361.06852,15484.37935,15414.80023,14723.85618,14453.63627,14822.91006,15012.37699,14487.78287,16215.59223,17780.98619,18914.75428,19467.10718,19122.56265,18493.71272,18812.85435,21752.01944,22612.12617,23388.00729,23423.21325,24537.13266,25911.10575,28521.82931,31491.20972,31998.65688,32939.23701,33101.47221,33090.97187,30703.5557,28793.18924,29169.11774,29036.24025,28785.27837,28420.97306,28246.56817,29773.39766,28741.53112,28399.7766,29366.81469,29659.42613,27483.45549,27025.46706
Non-Annex_I,China +,MNG,Mongolia,1.A.4,Residential and other sectors,CO2bio,bio,446.3129817,455.7222746,464.1688719,464.5392074,469.9638781,494.455274,516.1868275,582.6753994,618.4470498,689.5454069,679.5143243,720.4029222,639.5657684,418.244133,398.6500553,224.3968,346.5968,328.8464,282.3464,281.2464,147.996,90.896,81.6456,81.8456,67.7952,52.8952,52.4952,52.4952,47.2448,47.2448,152.0448,178.7944,208.2944,208.2944,208.2944,202.844,220.244,221.944,223.644,219.7936,221.4936,222.7936,155.4936,155.4936,150.2432,150.0432,155.4936,149.33356,148.46436,147.68652,200.15116,199.85424,199.55156,200.203276,200.203276
Non-Annex_I,China +,MNG,Mongolia,1.A.5,Non-Specified,CO2bio,bio,,,,,,,,,,,,,,,,139.2,151.3,139,115.5,113.2,54.1,24.8,19,18.8,11.2,4.2,4.6,4.5,1,0.9,42.2,50.9,61.7,61.7,61.7,58.3,65,65.6,66.2,63.4,64,64.5,38.6,38.6,35.2,35.1,38.5,34.628,34.094,33.594,53.53,53.218,52.904,52.99871813,52.99871813
Non-Annex_I,China +,MNG,Mongolia,1.A.2,Manufacturing Industries and Construction,CO2bio,bio,,,,,,,,,,0.330419357,,1.356166898,1.973717311,3.252238603,3.161070686,,,,,,,,,,,,,,,,,,,,,,,,,,,,,,,,,,,,,,,,
Non-Annex_I,China +,MNG,Mongolia,1.A.1.a,Main Activity Electricity and Heat Production,CO2bio,bio,0.244850195,0.250286587,0.250953957,0.246577262,0.245673535,0.296938047,0.304815203,0.341038809,0.407051565,1.976397268,1.917831115,2.027971796,1.845842668,1.185228558,1.162810252,,,,,,,,,,,,,,,,,,,,,,,,,,,,,,,,,,,,,,,,
Non-Annex_I,China +,MNG,Mongolia,4.C,Incineration and Open Burning of Waste,CO2bio,bio,,,,,,,,,,,,,,,,,,,,,,,,,,,,,,,,,,,,,0.066,0.058115044,0.241346397,0.114102402,0.037046776,0.054339444,0.071632111,0.083160556,0.106217446,0.089279393,0.065749684,0.05899115,0.056905183,0.061035398,0.053583723,0.12513193,0.071194228,0.074070315,0.077503341
Non-Annex_I,China +,MNG,Mongolia,1.B.2,Oil and Natural Gas,CO2bio,bio,,,,,,0.53820021,0.552477556,0.618132841,0.646821664,0.709789731,0.688756685,0.728311853,0.856204129,0.549774693,0.658130143,,,,,,,,,,,,,,,,,,,,,,,,,,,,,,,,,,,,,,,,
Non-Annex_I,China +,MNG,Mongolia,3.C.1,Emissions from biomass burning,CO2bio,bio,81.56888937,95.80851178,67.10546941,107.6668692,86.00296034,113.4452951,95.72417857,105.8476209,102.7830939,98.21781545,90.48731629,100.1734524,132.354049,181.5122612,146.7068185,195.5014777,192.616369,163.7919735,188.0912358,193.7928539,172.3179581,151.1705818,131.6287191,127.2705919,94.39444556,74.36240373,65.3949344,68.07694229,59.12702517,52.72407756,40.76639771,42.06949637,40.35051113,46.89696169,39.7821366,27.56993958,35.66479347,31.43200258,52.0382681,91.9120697,85.34905391,105.1854131,111.7725598,93.60977992,119.1882599,69.13198283,117.3365424,65.73893242,108.1645885,105.4813738,105.9374933,143.8869365,108.0761987,113.8245528,108.7221787
Non-Annex_I,China +,MNG,Mongolia,1.B.1,Solid Fuels,CO2bio,bio,2.318871468,2.726029571,2.773085016,2.781404314,2.482094265,3.140303049,3.194016319,4.506794266,5.296968206,6.899451856,6.547515109,7.002482567,4.825935024,0,0,71.0032,71.0032,79.8536,79.8536,79.8536,88.704,88.704,97.5544,97.5544,106.4048,106.4048,106.4048,106.4048,115.3552,115.3552,115.3552,124.2056,124.2056,124.2056,124.2056,133.056,133.056,133.056,133.056,141.9064,141.9064,141.9064,141.9064,141.9064,150.7568,150.7568,141.9064,152.02944,153.36964,154.71748,156.07384,157.39576,158.72744,158.5888329,158.5888329
Non-Annex_I,Southern_Africa,MOZ,Mozambique,1.A.1.a,Main Activity Electricity and Heat Production,CO2bio,bio,172.3,172.3,180.9,172.3,160.8,137.8,126.3,126.3,114.8,126.3,114.8,114.8,83.2,48.2,25.8,17.2,17.2,12.3,12.6,14.6,18.9,14.4,9.1,10.5,11.4,17.9,18,15.9,21,28.3,22.7,38.6,90.7,111,107.1,128.5,117.8,117.8,140.1,126.1,155.4,194,224.2,171,201.9,356.8,311.3,320.124,313.037,294.384,241.245,260.295,285.817,285.8169829,285.8169829
Non-Annex_I,Southern_Africa,MOZ,Mozambique,1.B.1,Solid Fuels,CO2bio,bio,4960.48,4960.48,4923.5792,4901.5784,4894.2784,4909.1288,4893.828,4893.228,4904.9784,4923.3792,4951.0296,4938.8792,4935.2792,4933.9792,4923.2288,4893.8784,4841.5768,4784.9752,4725.524,4676.1224,4634.4216,4628.2712,4650.872,4709.2232,4886.65008,4990.30176,5095.45344,5230.05344,1694.80896,1694.80896,1702.80096,5745.92592,4322.39136,2335.49456,2129.39776,2064.69984,3444.80304,6315.48064,7528.82592,9907.12912,7154.43232,7339.84736,7396.4016,7454.9936,7518.88672,7583.71648,7652.04624,7721.56752,7792.70392,7867.94212,7945.28444,8024.2368,8261.02596,9027.770059,9027.770059
Non-Annex_I,Southern_Africa,MOZ,Mozambique,1.A.2,Manufacturing Industries and Construction,CO2bio,bio,3088.5552,3088.5552,3101.7552,3062.3552,3020.9552,2950.2552,2903.5552,2903.3552,2870.1552,2917.9552,2890.4552,2884.8552,2777.2552,2658.8552,2578.3552,2537.5552,2513.7552,2472.0552,2448.0552,2431.9552,2429.1552,2342.9416,2384.5424,2312.972,2361.172,2529.8424,2576.4424,2737.4256,2775.9688,2927.9512,472.7152326,804.0038191,1887.976497,2309.869409,2229.210584,2674.376336,2452.290865,2452.788269,2917.447618,2626.538445,3237.398487,4253.71411,4380.453736,4179.121074,4308.643654,4930.948248,4760.215761,3531.698895,3540.915375,3550.503695,3560.462735,3570.780175,3726.431507,3685.18994,3707.972206
Non-Annex_I,Southern_Africa,MOZ,Mozambique,1.A.4,Residential and other sectors,CO2bio,bio,17176.42,17176.42,17053.9208,16970.7216,16951.3216,17003.1712,16937.672,16935.872,16979.7216,17053.2208,17138.7704,17094.1208,17084.6208,17081.3208,17040.3712,16950.3216,16761.9232,16562.3248,16367.876,16187.1776,16051.9784,16023.0288,16107.828,16299.5768,16579.34992,16935.89824,17296.34656,17651.64656,21688.19104,22208.79104,24941.77456,21272.21392,23248.08736,25760.15968,26525.932,27164.96768,26369.74,15524.01504,16061.30704,15095.0416,14125.41504,18293.83936,18671.09728,19058.7808,19446.56432,19834.34784,20225.1936,20614.80344,21005.51016,21391.17616,21778.22392,22166.22452,22721.99084,21996.32988,21996.32988
Non-Annex_I,Southern_Africa,MOZ,Mozambique,3.C.1,Emissions from biomass burning,CO2bio,bio,579.0302775,582.0139066,615.8486208,669.8721349,645.8170663,577.7438311,611.0794433,609.5499364,596.2194015,613.783192,641.4344123,655.0515886,676.6787004,662.6375461,668.3704307,692.5437759,727.6745088,654.6311273,656.0464014,695.2722104,739.4427794,719.3407199,612.6676664,672.7530844,732.3414373,866.4406412,920.7885759,988.7760652,1053.910729,1007.619508,946.1046315,903.7833353,1115.284137,1229.771964,1180.585304,1272.593747,1346.065334,1342.150436,1325.855237,1556.075006,1633.353415,1727.638615,1564.015936,1440.062656,1342.233964,1109.685825,1270.163214,1317.874018,1393.682047,1475.247412,1452.317395,1502.599288,1595.381732,1752.010791,1535.873503
Non-Annex_I,Western_Africa,MRT,Mauritania,1.A.3.b_noRES,Road Transportation no resuspension,CO2bio,bio,,,,,,,,,,,,,,,,,,,,,,,,,,,,,,,,,,,,,,,,,,,2.553689477,2.051892716,2.308806718,3.427427473,2.437421794,2.78179451,4.379702101,3.616836747,3.002546957,2.709850027,3.119691935,2.742837876,2.771944112
Non-Annex_I,Western_Africa,MRT,Mauritania,1.A.2,Manufacturing Industries and Construction,CO2bio,bio,21.12665392,21.31951141,23.32020578,25.37062779,23.97704989,26.31771437,28.95309295,30.15258158,33.20777843,33.52837604,34.31960755,37.84587589,39.86668994,38.77449164,38.45100256,37.40651497,42.4266867,44.24128508,46.54608005,43.66408195,23.97522906,25.72984825,21.19641796,16.6789528,20.62274004,20.93461046,19.70433748,17.88482186,17.37206261,13.95157433,14.54549992,14.12252083,17.20247959,17.99605557,18.09966014,19.03795967,17.48371758,19.980415,21.3035341,19.85120962,19.38793026,20.88197724,22.58109174,22.2922129,22.45278683,22.71088723,21.85996792,21.7801819,21.98300674,22.19106843,22.20367399,22.1554606,22.83658166,23.26600769,23.26600769
Non-Annex_I,Western_Africa,MRT,Mauritania,1.A.1.a,Main Activity Electricity and Heat Production,CO2bio,bio,,,,,,,,,,,,,,,,,,,,,1.471536264,1.766103356,6.146326027,7.842967471,7.958004546,7.956503078,8.362107353,8.653340551,9.094061767,12.1575252,12.43911037,12.45324745,12.2996052,12.54174095,12.86849794,11.99562825,12.23206328,11.60525497,12.65956034,13.09200457,13.21087545,4.034161366,3.821219456,4.138938062,4.609267752,4.286767583,4.467059582,4.559744406,4.569966831,4.568140449,4.595818172,4.592219785,5.184852741,5.244753995,5.247266071
Non-Annex_I,Western_Africa,MRT,Mauritania,1.A.4,Residential and other sectors,CO2bio,bio,1026.035022,1035.76532,1064.560769,1094.37662,1088.685337,1167.290047,1189.222018,1220.174244,1261.723735,1285.313985,1303.512605,1332.729508,1388.444403,1410.799777,1468.728591,1511.405966,1532.972072,1576.858129,1612.239793,1650.386431,1784.140867,1831.620586,1811.704502,1830.604036,1835.972153,1928.079366,1959.384807,1980.248539,2047.264533,2179.432575,2227.594912,2239.336839,2297.088069,2360.319681,2431.968762,2553.094161,2607.140068,2673.704253,2720.260189,2804.400283,2889.258788,2912.686782,2921.228448,2967.479315,3020.874804,3047.945327,3094.14328,3115.740244,3149.961253,3193.680538,3214.252297,3194.825017,3312.424383,3376.507506,3376.507506
Non-Annex_I,Western_Africa,MRT,Mauritania,1.A.5,Non-Specified,CO2bio,bio,,,,,,,,,,,,,,,,,,,,,122.9902167,130.2374722,150.0356415,151.6813166,157.3090176,166.3011941,160.7887865,183.8202583,191.928452,219.0712848,223.8236859,207.6224285,216.0976296,226.2658117,235.3266607,244.8302549,250.7633582,250.7879861,259.0283359,269.0184774,278.7572331,284.0279147,296.400599,305.2045545,315.3751893,315.3759318,323.9125457,329.9784304,336.7217993,359.8835211,368.0577762,352.0637611,355.38781,363.393456,363.393456
Non-Annex_I,Western_Africa,MRT,Mauritania,3.C.1,Emissions from biomass burning,CO2bio,bio,68.62535921,67.71915311,57.01924156,42.50606983,49.96290847,45.10748296,40.49566117,37.8357946,46.88816119,48.36053612,52.66414483,61.27256887,61.55824932,52.1288458,53.50736624,71.18524659,78.45254443,82.93966337,96.87615863,95.79293572,78.90863287,84.10186993,81.49291835,108.3342565,123.1936496,121.6440574,132.9696877,119.6643987,135.0254623,131.8511115,126.9384154,112.0384537,106.2639361,137.8272428,118.2382979,129.3210734,135.3216989,144.5173893,144.4979361,134.2631458,177.9695584,156.1929736,214.4874631,203.2572358,231.6765309,204.4032944,195.3050156,227.5355479,259.5565939,234.4641761,259.5503077,295.7704732,307.3066394,318.1326553,335.8316969
Non-Annex_I,Western_Africa,MRT,Mauritania,1.B.2,Oil and Natural Gas,CO2bio,bio,,,,,,,,,,,,,,,,,,,,,,,,,,,,,,,,,,,,,,,,,,,1.120194922,1.1959896,1.073311766,1.083101438,0.92258821,,,,,,,,
Non-Annex_I,Western_Africa,MRT,Mauritania,1.B.1,Solid Fuels,CO2bio,bio,20.06425094,19.99441285,20.37098612,21.83839639,22.11525404,22.2903989,22.74239717,23.95349428,24.41420132,24.64427987,26.38536121,27.73710901,28.81766667,29.80749518,30.86616002,32.05636189,32.84083028,34.51412566,36.25536466,37.73001852,0,0,0,0,0,0,0,0,0,0,0,0,0,0,0,0,0,0,0,0,0,0,0,0,0,0,0,0,0,0,0,23.1887455,29.61028915,27.31519989,27.31519989
Non-Annex_I,Rest Central America,MSR,Montserrat,3.C.1,Emissions from biomass burning,CO2bio,bio,0.005429409,0.005435541,0.009786985,0.018489872,0.029679298,0.042062933,0.040542576,0.028294976,0.027881854,0.027512776,0.026823681,0.026287904,0.028431791,0.027502406,0.018486221,0.019653138,0.019653138,0.019653138,0.022202258,0.022202258,0.023755592,0.025034599,0.02505913,0.026741307,0.028172601,0.029229742,0.029604982,0.030354372,0.031103762,0.031853152,0.03285234,0.03360173,0.034914802,0.034457719,0.035456905,0.036185139,0.037477052,0.038933321,0.04024932,0.041696251,0.043268626,0.045266973,0.047792844,0.048200392,0.05001643,0.052877344,0.05419992,0.050909242,0.051049263,0.051216058,0.051441723,0.049057527,0.048029048,0.047028083,0.046223847
Non-Annex_I,Rest Central America,MSR,Montserrat,1.A.3.b_noRES,Road Transportation no resuspension,CO2bio,bio,,,,,,,,,,,,,,,,,,,,,,,,,,,,,,,,,,,,,,,,,,,,0.00542203,,,0.003583796,0.000290431,0.000826335,0.00078851,0.000668708,0.000660117,0.000682923,0.000643552,0.000720707
Non-Annex_I,Rest Central America,MTQ,Martinique,1.A.5,Non-Specified,CO2bio,bio,0.594922919,0.584339817,0.570384384,0.61939116,0.637936405,0.604791883,0.54106478,0.534662641,0.527268146,0.507882343,0.504472433,0.529509143,0.521977703,0.49345196,0.808104785,0.880581411,0.894514505,0.892707132,0.865909095,0.835342686,4.594341404,4.569797752,4.578045288,4.479574828,4.781969967,4.772169867,4.786464995,4.741079897,4.644171498,4.921227385,6.297192071,7.04701296,6.293709801,7.335530207,7.602766647,7.43034807,7.821418268,8.880528596,7.82309063,7.070722474,7.448870796,7.44704537,7.443394516,7.439743663,7.43609281,7.434267383,7.43061653,7.426965677,7.423314823,7.41966397,7.416013117,12.77889066,12.74389069,12.74389069,12.74389069
Non-Annex_I,Rest Central America,MTQ,Martinique,1.A.4,Residential and other sectors,CO2bio,bio,7.175484437,6.969533919,6.848462006,6.805018604,6.892401676,6.273412134,6.078699654,6.080404277,6.055510204,5.953576042,6.576309414,7.0254286,6.986240383,6.293829348,6.517711762,6.895423745,7.025455372,6.421285746,6.434246872,6.732582666,14.98151659,14.60568983,14.69486522,14.79881768,14.69973257,14.77000743,15.12638999,15.68599564,15.7080776,15.56121316,15.17282974,13.72187434,14.47725653,14.15190525,13.27515408,12.99923586,12.79069294,9.435984661,11.71960299,11.50113342,11.21310036,11.20967768,11.20283233,11.19598698,11.18914163,11.18571896,11.17887361,11.17202826,11.16518291,11.15833756,11.15149221,17.50311119,17.45786239,17.45786239,17.45786239
Non-Annex_I,Rest Central America,MTQ,Martinique,1.A.1.a,Main Activity Electricity and Heat Production,CO2bio,bio,,,,,,,,,,,,,,,,,,,,,4.512041574,4.685370569,4.397948066,4.494645128,4.149377593,4.309943977,4.722944978,4.860022537,9.35471908,9.33156749,10.6186819,10.58152963,10.73723732,10.07636171,11.17884231,9.197463331,9.172698495,9.048166843,7.810472238,7.786915285,8.163735615,8.163735615,8.163735615,8.163735615,8.163735615,8.163735615,8.163735615,8.163735615,8.163735615,8.163735615,8.163735615,19.14477639,19.08436475,19.08436475,19.08436475
Non-Annex_I,Rest Central America,MTQ,Martinique,1.B.1,Solid Fuels,CO2bio,bio,0,0,0,0,0,0,0,0,0,0,0,0,0,0,0,0,0,0,0,0,0,0,0,0,0,0,0,0,0,0,0,0,0,0,0,0,0,0,0,0,0,0,0,0,0,0,0,0,0,0,0,0,0,0,0
Non-Annex_I,Rest Central America,MTQ,Martinique,1.A.2,Manufacturing Industries and Construction,CO2bio,bio,109.7114364,108.1670741,98.13432525,102.986853,100.73371,96.7013954,93.43674192,97.49567408,96.0688683,98.35653835,98.73176642,95.97062015,97.73807313,91.8500292,89.31984009,89.84912305,93.17669497,88.86522964,89.26506122,88.30278659,80.29873142,84.55734007,79.06599029,82.14233646,82.38381133,82.68178081,82.71747008,86.58207264,83.74762129,84.05749614,88.3273414,86.22418649,88.95667238,91.65204808,91.40706614,94.47809733,97.34719961,98.76286086,97.96809647,101.0286911,104.4237838,6.222183814,6.222183814,6.222183814,6.222183814,6.222183814,6.222183814,6.222183814,6.222183814,6.222183814,6.222183814,14.59164326,14.5455991,14.5455991,14.5455991
Non-Annex_I,Rest Central America,MTQ,Martinique,3.C.1,Emissions from biomass burning,CO2bio,bio,74.59295193,79.21478076,71.98598265,64.13888786,59.5059371,58.10511545,53.7723606,56.37500041,51.98258219,46.85955442,42.99817459,39.75331,34.93424957,38.53036617,40.35908267,41.11012254,41.16856082,38.45250988,36.8755568,39.20288637,34.34430709,32.56677975,35.9651958,39.14813862,34.90558577,35.03871299,36.94724863,33.12578973,34.04373798,36.44697864,41.35559026,38.35615165,44.34834073,32.05789012,36.28352153,34.19863989,26.73108664,35.53156665,32.74188111,32.91726307,35.45516807,33.05548698,28.48632272,28.95719602,27.36020286,33.47624837,32.2732896,32.06426661,32.19118249,32.21250032,32.22395344,32.26934788,32.26855954,32.26786539,32.28320197
Non-Annex_I,Eastern_Africa,MUS,Mauritius,1.A.4,Residential and other sectors,CO2bio,bio,97.0488,97.0488,95.6488,94.2488,92.9488,91.6488,90.2488,88.8488,87.5488,86.4488,84.8488,83.5488,82.4488,81.4488,80.8488,83.3488,87.0992,78.0992,79.5488,82.4488,149.6488,116.4488,88.9992,76.7992,62.2992,54.0992,47.0992,40.9992,37.2992,26.1,25.5,25.3,25.2,25.1,25.4,26.3,27.8,27.8,26.6,26.4,26.4,26,25.5,24.6,23.1,21.7,21.6,23.1388,22.43456,17.53,16.21036,15.81464,15.56064,14.76444794,14.76444794
Non-Annex_I,Eastern_Africa,MUS,Mauritius,1.A.2,Manufacturing Industries and Construction,CO2bio,bio,5326.8264,5326.8264,5313.8264,5296.3264,5280.9264,5277.1264,5248.7264,5234.1264,5217.8264,5204.0264,5185.5264,5163.8264,5131.6264,5137.5264,5134.3264,5140.9264,5182.5264,5219.8264,5129.9264,5218.9264,5121.6264,4939.6432,5227.7592,5058.8632,4500.112,5248.4784,3974.7656,4280.6072,3745.4688,2246.38,1991.2016,1980.1952,1658.3784,1909.188,1939.2384,1781.9488,1736.7232,1501.2888,896.0432,850.8176,996.8008,914.6872,798.6544,768.304,667.5464,742.1224,594.19792,509.34716,437.82808,391.640808,278.97796,270.40672,197.99824,206.7226702,167.2579022
Non-Annex_I,Eastern_Africa,MUS,Mauritius,1.A.1.a,Main Activity Electricity and Heat Production,CO2bio,bio,40.1,40.1,36.9,38.5,38.5,27.3,40.1,38.5,40.1,41.7,43.4,49.8,69,51.4,46.6,93.1,117.2,118.8,115.6,89.9,253.7,290.8,270.2,257.4,265.1,283.3,357.1,400.1,513.4,478.3,684.3,765.3,724.6,701.2,732.1,707.2,694.4,696.9,871.5,760.7,763.9,751.6202,733.6844,720.604,704.3776,844.2224,768.9304,733.764984,690.651268,684.10772,581.365684,546.90983,469.828722,483.046507,483.1390805
Non-Annex_I,Eastern_Africa,MUS,Mauritius,1.B.1,Solid Fuels,CO2bio,bio,0,0,0,0,0,0,0,0,0,0,0,0,0,0,0,0,0,0,0,0,0,0,0,0,0,0,0,0,0,0,3.2,3.2,3.2,3.2,3.2,0,0,0,0,0.0504,0.1504,0.2504,0.2504,0.3504,0.3504,0.0504,0,1.4802,1.36144,1.205,1.1076,0.83064,0.76844,0.943343486,0.943343486
Non-Annex_I,Eastern_Africa,MUS,Mauritius,3.C.1,Emissions from biomass burning,CO2bio,bio,231.4239642,237.5681753,285.3198674,281.9687514,269.7495102,195.4261107,289.455247,272.1185357,282.772483,284.9744653,206.2142857,239.6176896,297.2023695,237.4834912,227.2058587,253.5939632,274.483451,282.3661253,250.107807,246.1058363,251.1027478,254.2801345,261.4762571,244.2337234,217.5391504,232.8170005,237.293332,261.0930455,260.8138335,175.2441159,230.6096925,261.3577336,219.8926036,234.4969676,238.208032,224.9092446,214.2578461,191.4168107,204.6319032,210.6804414,197.2624674,191.3108734,178.8555152,172.858345,183.434715,181.5479442,171.8163234,167.8165078,142.6034667,153.8976866,118.6212466,120.9769395,102.3283057,111.3684309,105.1245682
Non-Annex_I,Southern_Africa,MWI,Malawi,1.B.1,Solid Fuels,CO2bio,bio,108.0029818,112.2113225,117.6734054,88.98934363,90.85844024,138.7037352,146.4672005,97.62813925,98.09939818,99.74357613,108.533844,116.8526924,120.1575453,124.3573103,127.1687777,134.6189864,144.8367787,159.3860399,173.8723594,188.3603848,40.47948574,21.29656488,0,0,0,0,0,0,0,0,0,0,8.126043324,5.961972802,0,0,0,0,0,0,0,0,0,69.32154092,51.4816465,83.27024864,0,31.69672934,28.14869738,0,0,109.9465299,110.7527951,88.99032552,88.99032552
Non-Annex_I,Southern_Africa,MWI,Malawi,1.A.5,Non-Specified,CO2bio,bio,,,,,,,,,,,,,,,,,,,,,485.0076703,496.9547129,567.246967,538.0311389,559.8033975,554.6357684,514.821406,580.781426,595.6414514,667.6291248,669.8210709,611.3779471,626.1365707,645.0589561,660.1405838,675.7931828,685.9794459,679.9571182,696.1859451,716.3903898,735.1194123,747.7734513,778.5578522,799.5809684,823.7815206,823.3158861,845.0103741,860.5012403,878.3307492,938.4349313,959.5057885,918.3520436,927.2610931,948.4975155,948.4975155
Non-Annex_I,Southern_Africa,MWI,Malawi,1.A.3.b_noRES,Road Transportation no resuspension,CO2bio,bio,,,,,,,,,,,,,,,,,,,,,,,,,,,,,,,,,,,,,,,,,,,0.937110174,0.87269302,0.835721682,1.15599477,1.033818091,0.887662406,1.269852804,1.207095711,0.966775804,1.006052981,1.487855416,1.308124736,1.322006194
Non-Annex_I,Southern_Africa,MWI,Malawi,1.A.1.a,Main Activity Electricity and Heat Production,CO2bio,bio,,,,,,,,,,,,,,,,,,,,,6.600311927,7.688581351,26.53175125,31.90681521,32.46632107,30.6105571,30.93313612,31.59121242,32.67021658,42.9623584,43.23928101,42.48165706,41.181429,41.22104098,41.52373019,38.00612372,38.17215184,35.67982668,37.51173026,37.93248182,37.79829605,11.7455136,11.00699883,11.7982919,13.00602714,11.97663083,11.91986494,11.88714051,11.75471372,11.71377413,11.69545185,11.67579137,13.14905062,13.29252589,13.29372396
Non-Annex_I,Southern_Africa,MWI,Malawi,1.B.2,Oil and Natural Gas,CO2bio,bio,,,,,,,,,,,,,,,,,,,,,,,,,,,,,,,,,,,,,,,,,,,0.058759731,0.061124636,0.061684528,0.088975511,0.098629371,,,,,,,,
Non-Annex_I,Southern_Africa,MWI,Malawi,1.A.2,Manufacturing Industries and Construction,CO2bio,bio,2067.361053,2066.635209,2073.781799,2079.030096,2073.905074,2080.066456,2094.423424,2096.471756,2105.951741,2107.578555,2112.166043,2129.801147,2135.073849,2129.951633,2124.738096,2122.100102,2149.79394,2164.729569,2181.129607,2174.688501,2080.774989,2134.351915,2098.493452,1307.648633,2069.648322,2348.383619,2196.499953,1875.885074,1799.349552,1491.638183,1646.337249,1607.126435,2175.06919,2136.725381,2129.843507,2288.267362,1932.666397,2415.198474,2700.640214,2436.981805,2272.140927,2513.874118,2737.294358,2627.133025,2621.137889,2592.72363,2394.050138,2393.338328,2085.154496,1931.820136,1416.649941,1113.829872,1115.237619,1251.924096,1085.018202
Non-Annex_I,Southern_Africa,MWI,Malawi,1.A.4,Residential and other sectors,CO2bio,bio,4578.982392,4541.799164,4593.848997,4567.565779,4574.862888,4741.012914,4977.854099,4987.398865,5041.328277,5147.869582,5273.284304,5509.174872,5630.089161,5694.524534,5776.414767,6001.577922,6363.993478,6806.18692,7177.988273,7587.120469,7917.874387,7883.615324,7734.020274,7357.145587,7393.021024,7319.021575,7139.533378,7109.116433,7230.203125,7572.920558,7606.347766,7518.204956,7570.387342,7636.421659,7726.068605,7961.815195,8010.862119,8104.076101,8128.007923,8260.574826,8395.392166,8375.561829,8315.762734,8365.240891,8433.947832,8435.968698,8499.17861,8497.049215,8531.496643,8591.445697,8592.081245,8491.957498,8755.015665,8875.375221,8875.375221
Non-Annex_I,Southern_Africa,MWI,Malawi,3.C.1,Emissions from biomass burning,CO2bio,bio,393.4643919,480.3855137,510.7901063,531.3412568,526.4183317,469.7141289,501.7925984,549.5713651,549.0925677,539.0506811,487.6678995,512.8650069,563.4358709,542.8108541,554.2076563,546.2776222,544.2818875,525.1236404,576.3634027,603.3638802,598.570574,660.2373776,453.063314,716.1333441,521.734502,675.1487665,726.5960497,651.3898586,758.0133129,904.3681415,929.7383966,827.130257,762.1656726,883.3648761,818.4905741,743.0230566,1068.672895,1144.807277,1098.793862,1288.623467,1280.832926,1351.87171,1363.970122,1396.952837,1479.962508,1234.548466,1139.52746,1410.374296,1264.133153,1433.348045,1532.181459,1723.721294,1572.602292,1550.855994,1560.240915
Non-Annex_I,Southeastern Asia,MYS,Malaysia,1.A.2,Manufacturing Industries and Construction,CO2bio,bio,1728.3992,1728.3992,1743.1992,1758.6992,1774.8992,1791.6992,1808.9992,1827.3992,1846.6992,1866.3992,1886.6992,1907.3992,1928.4992,1950.5992,1973.8992,1998.9992,2025.7992,2053.9992,2083.1992,2112.5992,2142.0992,2119.6296,2149.9296,2181.0296,2265.1992,2297.7992,2299.9112,2342.4176,2296.0288,2399.7112,2443.1176,2447.9296,2535.6992,2270.4568,2305.7568,2340.8568,2124.0152,2159.63584,1963.37584,280.18144,230.16,230.16,230.16,89.91584,7.97888,26.0848,24.24352,25.77792,20.25408,17.79904,20.25408,21.4816,21.4816,21.4816,21.727104
Non-Annex_I,Southeastern Asia,MYS,Malaysia,1.A.3.b_noRES,Road Transportation no resuspension,CO2bio,bio,,,,,,,,,,,,,,,,,,,,,,,,,,,,,,,,,,,,,18.23808,91.1904,125.06112,13.0272,13.0272,70.34688,341.31264,557.56416,825.92448,1151.60448,1151.60448,1124.546844,1292.246556,1922.006892,2343.945156,2451.437964,2451.437964,2822.224258,3036.509214
Non-Annex_I,Southeastern Asia,MYS,Malaysia,1.A.4,Residential and other sectors,CO2bio,bio,3092.27344,3092.27344,3071.34208,3018.05504,2968.00368,2979.428,2900.25664,2830.69232,2806.52528,2707.94096,2638.47664,2633.72368,2612.79232,2562.74096,2519.16096,2475.58096,2425.5296,2365.6712,2322.0912,2281.74688,2238.16688,2074.8712,2011.87824,1984.47664,1915.01232,1852.01824,1808.43824,1735.63824,1666.17392,1593.47392,1520.77392,1446.46256,1372.1512,1297.84096,1223.53072,1149.21936,1074.908,1000.59664,926.2864,851.97504,777.6648,633.37776,485.05616,329.6632,166.9,3.53568,3.53568,3.07892,3.11876,3.11876,3.11876,3.11876,3.11876,10.33659002,10.33659002
Non-Annex_I,Southeastern Asia,MYS,Malaysia,1.A.1.a,Main Activity Electricity and Heat Production,CO2bio,bio,,,,,,,,,,,,,,,,,,,,,,,,,,,,,,,,,,,,,,,,1682,1447.3288,1528.379,1166.9604,1626.5726,975.4954,1028.8046,1036.0664,1090.649822,1545.509484,1295.628104,1463.754626,1405.057374,1411.09138,1420.190721,1445.416273
Non-Annex_I,Southeastern Asia,MYS,Malaysia,1.B.1,Solid Fuels,CO2bio,bio,2120.08224,2120.08224,1199.40496,1229.49088,1259.57792,1289.76496,1319.852,1349.93792,1385.08928,1410.212,1450.32768,1485.47792,1525.59472,1560.74496,1605.92496,1651.00496,1696.18608,1741.36608,1786.54608,1836.6904,1881.8704,1932.11472,1982.25904,2027.44016,2077.58448,2122.76448,2167.94448,2167.94448,2173.0088,2223.15312,2278.36176,2198.03152,2097.64176,1912.05744,1947.1088,1791.6104,1661.13472,1440.29792,1430.26928,1269.60656,1164.2536,998.62656,732.70976,547.02544,306.13136,95.32432,170.59136,218.09888,5.41032,77.99612,87.68212,,13.08792,5.653367893,5.653367893
Non-Annex_I,Southeastern Asia,MYS,Malaysia,1.B.2,Oil and Natural Gas,CO2bio,bio,,,,,,,,,,,,,,,,,,,,,,,,,,,,,,,,,,,,,143.2992,338.7072,599.2512,591.43488,247.5168,521.088,750.36672,1422.57024,1813.38624,2027.03232,1508.54976,1384.12938,2085.292224,4004.222148,2703.284892,2967.218088,2967.218088,2967.218088,3143.603261
Non-Annex_I,Southeastern Asia,MYS,Malaysia,3.C.1,Emissions from biomass burning,CO2bio,bio,2430.995205,2555.67878,2628.444091,2721.826725,2806.623752,2775.159615,2776.90197,2707.413727,2196.038334,2836.046745,2732.195355,2704.640333,2600.533291,2489.916685,2327.551098,2484.168352,2477.313769,2436.201713,2485.678555,2490.650321,2603.747649,2577.929614,2620.10164,2735.288642,2764.68884,2713.616288,2793.221113,2734.465035,2593.341467,2680.406426,2700.099879,2613.824966,2684.466773,2670.497022,2673.638492,2694.39009,2554.234023,2726.475873,2680.557612,2796.416008,2755.534583,2840.271458,2845.538185,2822.185033,2858.904015,2918.987526,2933.162378,2826.844715,2899.233588,2679.323629,2679.939251,2747.40746,2626.431196,2506.81007,2645.886416
Non-Annex_I,Eastern_Africa,MYT,Mayotte,1.A.4,Residential and other sectors,CO2bio,bio,,,,,,,,,,,,,,,,,,,,,,,,,,,,,,,,,,,,,,0.006608,0.026432,0.14868,0.274232,,,,,,,,,,,,,,
Non-Annex_I,Southern_Africa,NAM,Namibia,1.A.5,Non-Specified,CO2bio,bio,,,,,,,,,,,,,,,,,,,,,48.90786252,,,,,,,,,,,,,,,,,,,,,,,,,,,,,,,,,,
Non-Annex_I,Southern_Africa,NAM,Namibia,1.B.1,Solid Fuels,CO2bio,bio,11.45914905,11.63542116,12.08740663,13.01572419,13.53006372,13.60681076,14.23648637,15.00771013,15.5491102,16.12619067,17.72746366,18.90191467,19.83660221,20.93017008,21.71213975,22.97366775,23.81128544,25.12771888,26.51044592,27.96035783,38.86843939,89.5144,94.8144,99.6152,99.516,104.1664,105.9168,110.9176,114.5176,117.1184,183.4288,183.4288,180.628,185.6792,262.8408,260.9408,265.2416,291.096,367.508,367.508,476.0448,459.0432,488.796,501.5472,603.5568,633.3096,735.3192,678.06212,761.08932,1045.80628,1221.08472,1316.74344,1630.55092,1050.315875,1050.315875
Non-Annex_I,Southern_Africa,NAM,Namibia,1.A.2,Manufacturing Industries and Construction,CO2bio,bio,11.33830266,11.57791817,12.80082305,13.84567646,13.37959274,14.33247414,16.12122216,16.56054802,18.35684932,18.84227735,19.63031735,21.90136797,23.11027775,22.87054269,22.43352275,21.99586292,25.02899064,26.01858962,27.46380132,25.91139668,14.1225866,,,,,,,,,,,,,,,,,,,,,37.3,88.3,117.3,130.0496,137.1496,144.5992,166.17432,185.54796,161.19044,144.78836,179.31576,186.9918,155.3118833,155.3118833
Non-Annex_I,Southern_Africa,NAM,Namibia,1.A.1.a,Main Activity Electricity and Heat Production,CO2bio,bio,,,,,,,,,,,,,,,,,,,,,0.866807081,,,,,,,,,,,,,,,,,,,,,,,,,,,,,,,,,,
Non-Annex_I,Southern_Africa,NAM,Namibia,4.C,Incineration and Open Burning of Waste,CO2bio,bio,,,,,,,,,,,,,,,,,,,,,,,,,,0.0055,0.006659864,0.007632653,0.004078231,0.008306122,0.008642857,0.010363946,0.008455782,0.01107483,0.011860544,0.009840136,0.011972789,0.012571429,0.013993197,0.014928571,0.016612245,0.018295918,0.018707483,0.019156463,0.019605442,0.01872619,0.017846939,0.018389456,0.018931973,0.019293651,0.023672413,0.048981983,0.048981983,0.048981983,0.054991984
Non-Annex_I,Southern_Africa,NAM,Namibia,1.A.4,Residential and other sectors,CO2bio,bio,549.2494424,560.9091419,582.5205742,595.0282226,605.0789362,632.6851667,658.8757892,666.3264391,693.2286617,717.5960553,740.3853344,765.6676661,798.7670197,825.7220057,849.9128693,881.0397386,896.0152495,918.1885309,941.4873716,968.7936953,1021.075166,572.0992,576.2992,587.3992,592.4992,597.8992,611.7992,618.3992,616.3992,615.9992,785.0296,784.6304,779.3304,789.6792,789.6792,793.1288,797.0784,801.028,807.728,945.9128,257.5888,243.2368,212.3352,209.7824,258.5768,236.18,262.0776,227.20908,233.38996,328.4312,386.4574,400.04816,500.47036,485.0121331,485.0121331
Non-Annex_I,Southern_Africa,NAM,Namibia,3.C.1,Emissions from biomass burning,CO2bio,bio,221.3783176,225.9135806,228.9362549,234.8764577,237.4838472,245.1078634,246.5706161,253.5092805,256.6168352,261.5551284,265.8304104,271.0838252,276.4000556,284.4993337,293.1318937,273.0005336,289.8918492,284.7628434,301.7319899,313.8256615,316.8149014,334.3125311,237.3641225,288.6983083,357.9515285,311.0293381,344.5273451,401.6153117,374.6843727,340.577313,384.285135,388.4807008,378.8822699,393.7246928,432.0893696,432.8313843,490.6018336,428.3446411,413.2456515,420.8016709,440.3634619,444.5196484,501.1816739,419.6424641,491.6988556,466.9268968,431.9036627,492.4777349,509.7089992,398.6369321,525.6919804,511.5779483,532.9220488,520.8880828,508.0408821
Non-Annex_I,Oceania,NCL,New Caledonia,1.A.2,Manufacturing Industries and Construction,CO2bio,bio,,,,,,,,,,0.001445282,,0.006222856,0.010476461,0.028071782,0.029004735,0.02658811,0.010044785,0.021578171,0.012308643,0.027667295,1.158691773,1.152376494,1.197278387,1.210381797,1.298252581,0.954914272,0.959809241,0.799713766,0.675093422,0.877482805,1.231763038,1.141586258,1.25038413,1.163336094,1.206119305,1.14568806,1.20547613,1.062707348,1.006478932,0.913100011,0.831966263,0.929343734,0.903966175,0.63203276,0.755321595,0.779880541,0.596767817,0.694887074,0.635094795,0.654881511,0.619428634,0.62067941,0.635808743,0.640379099,0.640379099
Non-Annex_I,Oceania,NCL,New Caledonia,1.A.4,Residential and other sectors,CO2bio,bio,3.096725331,3.090814577,3.11035696,3.229020124,3.291642213,3.273478189,3.46101596,3.48152881,3.595030964,3.488965711,3.504702686,3.846397221,3.929912219,4.108218554,4.158470823,4.399317053,4.473249397,4.56078187,4.635458458,4.730269547,8.364065905,8.446660051,8.603183046,8.658102431,8.813483864,10.26883744,10.4195267,10.48825382,10.75529588,10.90387084,11.15662292,11.25131333,11.4925305,11.79622445,11.90850975,12.03512419,12.19031106,12.47301388,12.40045134,12.28128523,12.50021337,12.97738134,12.88606619,14.46512611,14.82817692,14.90566273,14.77264989,14.96484702,14.65840384,15.30801981,15.19960685,15.08350757,15.72544075,15.84670279,15.84670279
Non-Annex_I,Oceania,NCL,New Caledonia,1.A.1.a,Main Activity Electricity and Heat Production,CO2bio,bio,0.001449886,0.001455327,0.00144361,0.001471226,0.001475529,0.001695827,0.00176428,0.001757763,0.002038786,0.008644929,0.008529772,0.009305474,0.009797705,0.010230331,0.010669487,0.011070263,0.011085022,0.011216702,0.011313335,0.011519594,0.035842546,0.036068932,0.036710167,0.036762454,0.040020864,0.090561016,0.09102524,0.085112994,0.086383184,0.071256171,0.107077667,0.155683513,0.168308395,0.234145243,0.23803133,0.243969928,0.222672981,0.20281326,0.19072828,0.195154055,0.20754285,0.221710888,0.5710518,1.441476517,0.729211893,0.566657425,0.583198255,0.255838387,0.356604811,0.406493285,0.376212995,0.379600735,0.393243286,0.408683609,0.424564692
Non-Annex_I,Oceania,NCL,New Caledonia,1.B.1,Solid Fuels,CO2bio,bio,0,0,0,0,0,0,0,0,0,0,0,0,0,0,0,0,0,0,0,0,0,0,0.027061382,0,0,0,0,0,0,0,0,0,0,0,0,0,0,0,0,0,0,0,0,0,0,0,0,0,0,0,0,0,0,0,0
Non-Annex_I,Oceania,NCL,New Caledonia,1.A.5,Non-Specified,CO2bio,bio,,,,,,,,,,,,,,,,,,0.002993313,0.003019101,0.003074144,0.005282059,0.005660579,0.005234273,0.006402647,0.006812821,0.011470261,0.011529059,0.012013126,0.012192404,0.022103695,0.029636082,0.032050658,0.031332638,0.033011193,0.050539003,0.033357195,0.03363945,0.03584742,0.034800826,0.051306228,0.058030152,0.026393771,0.024769065,0.024492752,0.022266067,0.024018121,0.022761773,0.021214549,0.01625114,0.016675683,0.015141942,0.007716034,0.008089078,0.008152696,0.008152696
Non-Annex_I,Oceania,NCL,New Caledonia,3.C.1,Emissions from biomass burning,CO2bio,bio,1.73723268,1.640892636,1.691475727,1.699575905,1.681920478,1.566102815,1.493232261,1.546341622,1.866539659,2.221638122,3.009863342,2.644288289,2.647924481,2.170498159,1.724076906,2.007529747,1.769504237,1.238782356,1.193754986,1.114575614,1.034540989,1.200681505,1.158606908,0.898300613,0.616608997,0.678314377,0.688864702,0.446935493,0.554869309,0.573011692,0.95535057,0.963782693,0.890607057,1.163320492,1.136239279,1.3997739,1.005195352,1.30722866,1.211115826,0.886142524,0.964892876,0.766310077,1.002787091,1.034210104,1.197495512,1.55861531,1.832454224,1.949525102,2.018568257,1.833982466,1.997153311,1.569891151,1.050333502,0.870811823,0.653440633
Non-Annex_I,Oceania,NCL,New Caledonia,1.B.2,Oil and Natural Gas,CO2bio,bio,,,,,,0.003073686,0.003197758,0.003185945,0.003239715,0.00310468,0.003063324,0.003341904,0.004544718,0.004745395,0.006038742,0.02256256,0.188282833,0.19380882,0.197767718,0.266605976,,,,0.008794845,0.008917305,0.015013431,0.015090391,0.015016407,0.015240505,0.0167913,0.025428634,0.029057209,0.029169727,0.029279849,0.030516837,0.030625812,0.030703742,0.030815479,0.030885247,0.030954157,0.030701605,0.031179593,0.031300768,,,,,,,,,,,,
Non-Annex_I,Western_Africa,NER,Niger,1.A.4,Residential and other sectors,CO2bio,bio,2795.9408,2795.9408,2871.5408,2949.4408,3083.1408,3154.4408,3233.3408,3313.3408,3398.8408,3487.6408,3580.8408,3679.5408,3782.5408,3888.9408,3999.6408,4111.4408,4577.3408,4719.8408,4865.7408,5018.0408,5177.0408,5348.0408,5531.2904,5719.8904,5921.74,6119.04,6323.0896,8047.5896,8229.7392,8436.9392,5044.8888,5225.4384,5400.488,5581.5376,5788.4872,5983.7368,6155.6864,6365.436,6586.9856,6786.6848,6995.3344,5744.1832,6269.7816,8380.0312,8710.3808,9054.58,9356.2792,9738.1364,10188.4632,10594.6684,11549.5756,11908.5668,12332.94476,12572.42893,12583.16893
Non-Annex_I,Western_Africa,NER,Niger,3.C.1,Emissions from biomass burning,CO2bio,bio,624.4663461,642.9985444,608.3410636,505.6412343,593.3920304,577.8238116,640.6127532,656.173478,732.0257477,739.0993721,799.3774308,856.3744464,921.9896995,964.2058088,849.3886349,976.439031,1009.183566,1018.958963,1216.926313,1240.471194,1506.384548,1591.872465,1935.883907,1726.671057,1553.864444,1687.947196,1623.901913,1593.719835,1932.370458,1926.471662,1834.288135,1993.994269,2073.835267,2104.425444,1653.217061,2040.276132,2335.882656,2529.762799,2894.074529,2261.804606,3142.128781,2562.24972,2817.642257,2915.332107,3043.649121,2965.371978,3183.311895,3387.38414,3483.040036,3317.621001,3384.047372,2974.103159,3512.238576,3423.893988,3506.124549
Non-Annex_I,Western_Africa,NER,Niger,1.B.1,Solid Fuels,CO2bio,bio,,,,,,,,,,,,,,,,,,,,,123.0592,123.0592,128.4096,128.4096,133.76,133.76,139.1104,139.1104,144.4608,144.4608,149.8112,155.1616,160.512,165.8624,171.2128,176.5632,181.9136,187.264,192.6144,203.3152,208.6656,224.7168,246.1184,251.4688,256.8192,267.52,278.2208,288.9216,299.6224,310.3232,326.3744,351.45208,393.41536,398.5074903,398.5074903
Non-Annex_I,Western_Africa,NGA,Nigeria,1.A.2,Manufacturing Industries and Construction,CO2bio,bio,2404.4624,2404.4624,2466.0624,2568.1624,2790.7624,2674.8624,2864.8624,3002.8624,2862.8624,3017.5624,3120.3624,2785.9624,2635.4624,2410.2624,2389.7624,2497.1624,2498.3624,2559.9624,2705.6624,2746.5624,3002.4624,3381.532,3643.8616,4046.9616,4536.2624,4845.8224,5292.352,5784.4688,6471.1376,7244.2816,8275.5472,8931.7608,9998.8104,11087.2968,12422.0464,13871.596,15784.77424,17986.17984,20142.34447,22639.50944,25091.67344,28003.17264,31019.57184,29415.62912,17006.69712,17209.75792,17336.67936,17469.04156,17602.01128,17603.01072,17696.06568,17789.6776,17889.32976,17989.1219,17973.16414
Non-Annex_I,Western_Africa,NGA,Nigeria,1.A.4,Residential and other sectors,CO2bio,bio,34978.48,34978.48,36125.876,38004.072,42064.2176,40011.2128,43485.708,46021.2032,43535.848,46380.0424,48284.9368,42295.7808,39631.4744,35617.168,35301.9616,37297.5552,37374.0488,38545.592,41236.2352,42034.3784,52227.3416,51926.4232,52836.152,53521.5784,53796.752,54811.4224,56847.2896,58383.2032,59747.112,60221.4664,60517.4648,61724.25248,62797.18224,64317.46064,64950.60368,65925.788,67087.73616,68734.91072,69301.37408,70344.1616,73731.3568,75838.46688,82146.33312,80719.91552,83544.23552,85162.57056,87157.09808,88914.47656,91516.77436,93665.28316,97979.31988,102802.5016,104458.2175,105100.2381,105100.2381
Non-Annex_I,Western_Africa,NGA,Nigeria,3.C.1,Emissions from biomass burning,CO2bio,bio,5355.407733,5165.870659,3895.502918,4901.281398,4620.400881,4421.12066,4247.165272,3549.997747,3420.25631,3480.129721,3999.782169,4049.095409,4323.648007,4289.326497,4910.118229,5538.929025,6704.02236,7446.458805,8107.877322,9605.854474,9638.637993,10904.66734,11479.25022,11802.04386,12135.85684,13009.53374,12516.69542,12755.9371,13309.33716,13518.21753,13080.47445,12809.95134,13398.10822,13882.0528,14552.17535,15388.14782,16617.04106,16089.70274,16627.32901,13142.91937,15006.74348,15777.64163,18197.05876,18567.19098,20428.35832,21010.5308,22020.3262,22205.46526,23074.02252,25280.08504,25273.30663,25902.79871,26280.37261,25597.49974,25914.92216
Non-Annex_I,Western_Africa,NGA,Nigeria,1.B.1,Solid Fuels,CO2bio,bio,3619.9632,3619.9632,3709.8672,3804.6712,3902.0256,4002.4304,4106.4352,4217.84,4333.6952,4453.8008,4581.7064,4712.7624,4848.9688,4991.5752,5137.0816,5283.188,5430.3944,5576.5512,5725.408,5877.6648,3574.8112,3982.8296,4452.9008,4976.2744,5561.7008,6209.28,6936.6128,7743.8992,8657.4904,9668.736,3557.2376,3906.30032,4386.32096,4732.14256,5537.1488,6150.816,6872.61936,9580.7464,8786.88112,7519.0432,8719.6984,10028.08912,11506.52368,10689.19088,10890.07088,11127.53584,11359.3072,11575.35748,11853.22376,12101.10624,12503.87624,12940.37956,13157.12736,13175.68939,13175.68939
Non-Annex_I,Rest Central America,NIC,Nicaragua,1.A.4,Residential and other sectors,CO2bio,bio,2183.8928,2183.8928,2241.6928,2305.7424,2367.492,2437.6912,2491.5912,2545.6408,2604.5904,2631.092,2731.8896,2798.1896,2869.8896,2968.2384,3037.7888,3124.8384,3177.588,3287.6376,3379.9384,3478.088,3574.8376,3619.3872,3664.0872,3711.2864,3747.536,3774.3856,3787.588,3818.8376,3853.3376,3873.4376,3895.688,3924.6376,3990.8896,3721.7464,3728.0464,3780.796,4068.996,4096.6456,4106.6456,4108.3456,4145.2456,4176.6456,4212.6456,4214.2456,4238.496,4253.596,4292.996,4322.9672,4337.4202,4368.57452,4392.06856,4446.32748,4495.34472,4498.952733,4498.952733
Non-Annex_I,Rest Central America,NIC,Nicaragua,3.C.1,Emissions from biomass burning,CO2bio,bio,471.2490748,491.4879352,434.0415065,420.5469539,507.9630897,519.6375524,523.6927729,559.9063689,604.4268389,581.4538377,499.4058774,579.0170653,631.7342119,613.674055,639.2151137,584.007251,601.4539933,571.1661824,542.9213473,570.1471556,599.7095412,621.410009,621.4880034,609.6406395,643.597467,776.7022275,864.1012525,866.3044195,855.2385752,851.5871693,919.1692639,848.9978722,910.7733279,1093.709841,990.2062577,1038.547624,1095.851422,1078.656952,1029.435194,1188.27779,1172.914792,1298.047896,1495.427864,1460.550509,1445.265228,1313.027433,1354.156149,1477.150941,1499.736228,1472.599455,1462.578146,1442.857091,1528.426352,1436.736783,1443.82717
Non-Annex_I,Rest Central America,NIC,Nicaragua,1.B.1,Solid Fuels,CO2bio,bio,55.4072,55.4072,56.9072,65.4576,72.608,74.7088,74.7088,77.2592,85.9096,96.708,94.1104,89.5104,91.0104,115.3616,111.3112,106.3616,117.912,114.4624,119.5616,123.612,129.6624,134.4128,136.1128,144.2136,151.364,142.7144,118.612,126.0624,152.4624,125.8624,120.012,121.012,25.86,76.404,75.604,76.004,79.404,80.204,79.404,75.604,76.004,81.504,80.1544,79.304,82.704,82.804,81.004,79.4986,80.28644,77.92516,80.28644,76.71944,80.69092,80.81710388,80.81710388
Non-Annex_I,Rest Central America,NIC,Nicaragua,1.A.1.a,Main Activity Electricity and Heat Production,CO2bio,bio,27.9,27.9,28.5,23.8,35.4,41.2,47,45.3,47,41.2,51.7,48.8,51.7,56.3,63.3,60.4,51.1,51.7,263.6,259,301.9,325.3,316.2,287.1,296.1,363.2,459,689.1,623.1,287.5,474.1,278.5,409.2,510,849.9,791.8,748.2,1007.3,943.7,913.1,1089.4,961.7,1200.3,1321,1449.5,1330.1,1412.6,1615.267,1606.475,1659.993656,1452.100428,1545.353206,2085.327702,2087.659696,2087.940958
Non-Annex_I,Rest Central America,NIC,Nicaragua,1.A.2,Manufacturing Industries and Construction,CO2bio,bio,2095.944661,2095.944661,2063.244661,2113.344661,2159.244661,2231.744661,2341.744661,2345.344661,2316.344661,2221.444661,2184.844661,2214.644661,2322.444661,2151.744661,2262.744661,2391.044661,2090.644661,2096.044661,1781.844661,1770.844661,1846.144661,2178.252277,1573.457633,1486.018185,1501.531335,1757.992238,2126.378229,2639.529966,2424.309548,3068.272186,2669.340347,1507.732546,110.1,272.5,310.6,312.7,311.9,308.2,297.2,267.5,278,291,304.8,330.459862,353.9612463,405.4460225,342.7275094,304.3478021,288.889,248.696,235.717,263.35,272.838,273.1350548,273.1350548
Non-Annex_I,Oceania,NIU,Niue,1.A.4,Residential and other sectors,CO2bio,bio,0.013216,0.013216,0.013216,0.013216,0.013216,0.013216,0.013216,0.013216,0.013216,0.013216,0.013216,0.013216,0.013216,0.013216,0.013216,0.013216,0.013216,0.013216,0.013216,0.013216,0.013216,0.013216,0.06608,0.013216,0.013216,0.013216,0.013216,0.013216,0.013216,0.013216,0.013216,0.013216,0.013216,0.009912,0.009912,0.009912,0.009912,0.009912,0.009912,0.009912,0.009912,0.009912,0.009912,0.009912,0.009912,0.009912,0.013216,0.013216,0.01652,0.01652,0.019824,0.019824,0.019824,0.019824,0.0204848
Non-Annex_I,Oceania,NIU,Niue,3.C.1,Emissions from biomass burning,CO2bio,bio,0.018501418,0.019448237,0.019448237,0.019536228,0.028664761,0.026897672,0.025917395,0.030782377,0.053844797,0.052576565,0.052576565,0.050473502,0.04837044,0.045914128,0.043489933,0.041097853,0.040788327,0.039462535,0.038633964,0.037928405,0.043520742,0.033181566,0.031425829,0.029410121,0.027645973,0.025141357,0.025149935,0.025312662,0.025322038,0.025326971,0.025332974,0.025494801,0.025656992,0.025507535,0.025672677,0.026123554,0.026299382,0.026845325,0.026497185,0.026507513,0.026517539,0.026373442,0.026382804,0.026559359,0.027348207,0.0270395,0.027198241,0.027048996,0.026900175,0.02675194,0.027365189,0.027366557,0.027522312,0.027522469,0.027646928
Annex_I,OECD_Europe,NLD,Netherlands,1.A.2,Manufacturing Industries and Construction,CO2bio,bio,,,,,,,,,,,,,,,,,,,105,105,153.7866,160.4478,177.1076,179.1346,184.8106,199.8406,208.1522,208.7744,212.8456,220.6278,220.5622,226.007,252.5616,290.3866,372.245996,390.273808,471.648008,479.924804,481.978,465.948208,374.262016,337.711004,368.4034,370.4056,545.3516,563.875906,552.520464,525.150864,705.235234,615.634062,574.721858,591.6962,566.953182,459.8919104,428.6280383
Annex_I,OECD_Europe,NLD,Netherlands,1.A.1.a,Main Activity Electricity and Heat Production,CO2bio,bio,,,,,,793.8,780,842.8,1143.4,1025.3,950.4,852.9,244.1,213.1,15.5,358.8,450.1,571.5,770.8,830.8,1358.4336,1347.2376,1349.373,1524.4872,1470.3388,1672.2446,2102.3192,2399.3574,2580.7298,2772.1248,3045.4548,3307.7816,3812.8258,3509.687596,4208.350592,5747.766516,5617.46942,4752.50162,6013.058992,6977.097656,7694.971304,7708.15608,7979.0968,7084.844,6370.0274,6469.56687,6690.13969,6497.099842,6252.668718,7649.516796,10521.50573,12768.18823,11384.90999,9269.464885,9138.571485
Annex_I,OECD_Europe,NLD,Netherlands,1.A.4,Residential and other sectors,CO2bio,bio,30.24,30.24,30.24,30.24,30.24,30.24,30.24,30.24,30.24,30.24,30.24,30.24,30.24,30.24,30.24,30.24,30.24,30.24,30.24,30.24,1437.3828,1433.9324,1433.1226,1459.2988,1479.5378,1502.1436,1560.2374,1613.4578,1634.6838,1655.5198,1675.6242,1712.0252,1690.9598,1703.0118,1793.2468,1877.526,2037.684,2093.4798,2199.3792,2261.151,2353.0014,2376.9784,2373.4998,2411.4052,2431.6526,2482.272566,2491.65345,2701.413286,2882.906944,3021.551174,3121.054164,3153.879852,3052.034842,2857.209348,2810.987486
Annex_I,OECD_Europe,NLD,Netherlands,1.A.3.b_noRES,Road Transportation no resuspension,CO2bio,bio,,,,,,,,,,,,,,,,,,,,,,,,,,,,,,,,,,,,,122.7672,979.4472,851.44788,1106.24646,677.91,952.4016,924.294,884.292,1032.6888,870.073236,697.435932,896.111352,1447.461396,1803.762396,1546.664232,1753.463952,1619.93232,1610.441492,1357.128782
Annex_I,OECD_Europe,NLD,Netherlands,1.A.3.c,Railways,CO2bio,bio,,,,,,,,,,,,,,,,,,,,,,,,,,,,,,,,,,,,,,,,,,,2.6196,2.6196,2.6196,2.514816,1.907352,2.57004,4.044804,4.639524,3.881964,4.387476,4.07454,4.532803247,3.819820702
Annex_I,OECD_Europe,NLD,Netherlands,1.A.3.d,Water-borne Navigation,CO2bio,bio,,,,,,,,,,,,,,,,,,,,,,,,,,,,,,,,,,,,,,,,,,,,,,,,,4.178616,8.323956,4.441284,2.773944,3.6816,2.938180077,2.854301755
Annex_I,OECD_Europe,NLD,Netherlands,3.C.1,Emissions from biomass burning,CO2bio,bio,5.489153267,5.857710227,5.391072708,5.674091998,5.391545114,5.077003165,5.576323084,5.378400681,5.931332051,5.616581509,5.776151549,6.892523035,8.390753829,8.191587333,10.19708428,9.580986758,11.86085382,11.56474309,12.72276674,15.01652913,16.52900929,15.635872,17.5923918,18.36541721,17.32411164,19.82425629,18.50162365,14.69868037,11.4716342,9.726784737,8.314247226,7.445820159,7.365222594,7.320798908,7.303702202,6.773226077,6.323176421,5.771909818,6.494107239,6.471103219,5.799744832,4.969553011,4.620059739,4.122732537,3.667425736,2.820279514,2.052612598,1.819517986,1.149173687,0.748269096,0.201417229,0.198334249,0.232394385,0.217030108,0.115425834
Annex_I,OECD_Europe,NLD,Netherlands,1.A.5,Non-Specified,CO2bio,bio,,,,,,,,,,,,,,,,,,,605,605,,,,,,,,,,,,,,,,,,,,,,,49.5,44.4,48.9,,,,,,,,,,
Annex_I,OECD_Europe,NLD,Netherlands,1.B.1,Solid Fuels,CO2bio,bio,,,,,,,,,,,,,,,,,,,,,13.2,13.2,13.2,13.2,13.2,13.2,13.2,13.2,13.2,15.84,15.84,15.84,15.84,15.84,15.84,15.84,15.84,15.84,15.84,15.84,15.84,15.84,15.84,15.84,,,,,,,,,,,
Annex_I,OECD_Europe,NLD,Netherlands,4.C,Incineration and Open Burning of Waste,CO2bio,bio,10.29502893,10.29576518,10.30444725,10.32271825,10.3503879,10.38800597,10.43592918,10.49486873,10.56418404,10.6427836,10.7295433,10.82455664,10.92699412,11.03386295,11.14184709,11.24753263,11.3626325,11.47510748,11.58588454,11.69728704,11.8319184,11.86333485,11.89378464,11.92471776,11.95855086,14.79478394,14.90051815,14.92731537,15.01545621,15.10642728,15.19612968,15.26672015,15.4040473,15.47902963,15.44150927,15.54423966,15.71245202,15.78557249,15.97124668,16.23245115,16.28305113,16.59528373,16.9455443,16.62689241,16.79311604,17.08612291,17.40377962,18.07793646,17.3764476,11.78529248,5.315828135,5.143211388,12.48453227,11.27387876,10.34906045
Annex_I,OECD_Europe,NLD,Netherlands,1.B.2,Oil and Natural Gas,CO2bio,bio,,,,,,,,,,,,,,,,,,,,,5.5146,9.3366,26.5356,25.2252,22.2222,21.7854,21.4032,20.5296,23.205,28.0098,29.9754,26.3172,22.6044,17.2536,44.564868,36.21414,94.966728,266.193468,252.251184,738.9006,1019.5242,1315.9806,3131.0442,4474.8156,4612.2912,4405.096758,3972.930678,5222.488602,5001.185568,5402.031492,5532.819366,5669.9007,5366.33037,5990.823081,5855.869345
Annex_I,OECD_Europe,NOR,Norway,1.A.2,Manufacturing Industries and Construction,CO2bio,bio,975.5861,975.5861,975.5861,975.5861,975.5861,975.5861,1708.6861,1740.8861,1748.4861,1839.7861,1745.3861,1973.7861,1906.1861,1954.1861,2067.6861,2307.4861,2373.9861,2443.5861,2371.4861,2501.2861,2573.2861,2566.2876,2448,2483.98,2687.8758,2637.5772,2446.6378,2597.6302,2873.819,3124.6,2480.2,1704.4,1605.4,1636.5,1575.3,1680.3,1642.9,1727.1,1733.9,1421.608,2034.838196,2254.301676,1658.204788,2129.063656,1219.212852,1267.162168,1115.745488,1221.164696,1318.080616,1578.547682,1624.940076,1871.920896,1845.657004,1636.924465,1630.613997
Annex_I,OECD_Europe,NOR,Norway,1.A.1.a,Main Activity Electricity and Heat Production,CO2bio,bio,,,,,,,,,,,,,,62.3,77.4,129,202,240.4,266.7,234.9,333,339.7,324.5,355.9,358.8,385.0552,385.8828,359.8006,393.546,403.0012,395.5644,481.3006,467.6822,626.3276,661.0914,653.5914,735.7914,746.5594,814.9544,806.9508,955.203,1095.945572,1295.49358,1352.80694,1221.024432,1393.749028,1463.967356,1490.5668,1603.78763,1684.953648,1548.791964,1924.418076,1922.528844,2078.65335,2093.559053
Annex_I,OECD_Europe,NOR,Norway,1.A.4,Residential and other sectors,CO2bio,bio,,,,,,,1047.5,1122.5,1213.8,1496.4,1679.3,1679.3,1679.3,1679.3,1738.5,1797.8,1848.5,1878.1,1861.2,1861.2,2162,1940.5666,1958.5806,2209.3786,2442.8122,2355.6446,2319.8084,2435.4478,2583.8294,2440.6576,2473.3944,2544.87,2902.4502,2870.0552,2707.1994,2898.171,2731.709,2508.2926,2622.3292,2769.6514,3132.612724,2792.603876,2896.744724,2315.536152,1993.390772,2115.453316,2035.168968,2181.802,2130.51396,1993.276484,2162.131206,2356.775614,2489.761432,2301.560187,2302.157828
Annex_I,OECD_Europe,NOR,Norway,1.A.3.a,Civil Aviation,CO2bio,bio,,,,,,,,,,,,,,,,,,,,,,,,,,,,,,,,,,,,,,,,,,,,,,,,,,,,3.894,12.098304,13.34035628,13.96555241
Annex_I,OECD_Europe,NOR,Norway,3.C.1,Emissions from biomass burning,CO2bio,bio,62.93834909,64.30840417,62.12886498,72.20884148,105.357263,82.60122046,94.49158868,113.2453025,116.3326781,107.8930903,109.5571481,101.4480975,111.9742977,113.6362334,161.3951358,153.3665549,136.1188189,180.2503391,123.384705,120.0435441,165.1779998,166.410007,124.9724834,195.0027372,121.247666,159.9123108,142.0629612,131.8758271,148.8535617,111.6044887,131.4064537,109.7752458,102.412818,118.5701629,126.4637185,111.4236881,94.46792442,92.93689785,94.95011492,62.4782937,63.68946671,55.14914833,55.92697093,48.61096934,65.63642288,73.99645829,63.87517676,67.23693918,37.38123407,68.02282087,62.75096062,56.41233639,66.00443746,40.21968136,40.25889066
Annex_I,OECD_Europe,NOR,Norway,1.A.1.bc,Petroleum Refining - Manufacture of Solid Fuels and Other Energy Industries,CO2bio,bio,,,,,,,,,,,,,,,,,,,,,,,,,,,,,,,,,,,,,,,,,,,,,,,,,,,,,0.017512,0.017568689,0.018993662
Annex_I,OECD_Europe,NOR,Norway,1.A.3.b_noRES,Road Transportation no resuspension,CO2bio,bio,,,,,,,,,,,,,,,,,,,,,,,,,,,,,,,,,,,,,16.705916,90.269696,241.728732,282.036436,343.542132,340.562868,392.138544,379.892268,378.669552,435.035172,926.930208,1481.491716,1117.917822,1420.36656,1176.509766,1126.95174,1071.219432,1093.952158,1028.597314
Annex_I,OECD_Europe,NOR,Norway,1.A.3.d,Water-borne Navigation,CO2bio,bio,,,,,,,,,,,,,,,,,,,,,,,,,,,,,,,,,,,,,,,,,,,,,,5.69232,17.07696,13.28208,13.28208,11.964876,11.891568,19.824,12.62634,27.02813213,26.36489023
Annex_I,OECD_Europe,NOR,Norway,1.A.5,Non-Specified,CO2bio,bio,,,,,,,,,,,,,,,,,,,,,,,,,,,,,,,,,,,,,,,,,0.033984,0.007788,0.029028,0.015576,0.031152,0.01062,0.216648,0.085668,0.031152,0.02832,0.005664,0.901284,0.002832,0.00295287,0.002590692
Annex_I,OECD_Europe,NOR,Norway,4.C,Incineration and Open Burning of Waste,CO2bio,bio,0.401010784,0.407480741,0.413922306,0.420268741,0.426434036,0.432357506,0.437460095,0.442309536,0.446962817,0.451509666,0.456023378,0.458454109,0.460868662,0.463315194,0.465854661,0.468529364,0.471211243,0.47406166,0.477072418,0.480221618,0.483494028,1.36596218,2.25683348,2.691080292,2.917419615,3.964329216,4.533519926,5.707367196,8.127137411,10.64985953,9.135919097,8.250145063,7.143290216,6.804316738,6.455201515,6.301904779,7.069379533,6.373427252,7.49403507,7.711349203,5.953062314,4.778417235,4.284850607,3.791290299,2.931513007,6.966380309,6.728016529,6.678367615,6.7542186,6.728456834,6.555609301,5.171342099,5.099270801,4.725980714,4.433712682
Annex_I,OECD_Europe,NOR,Norway,1.B.2,Oil and Natural Gas,CO2bio,bio,,,,,,,,,,,,,,,,,,,,,,,,,,,,,,,,,,30.6306,28.7742,22.386,23.478,22.9866,14.7966,18.018,,,,,,,156.3264,294.41472,297.626064,259.757862,256.825764,254.430978,242.476644,237.3865801,224.259293
Non-Annex_I,India +,NPL,Nepal,3.C.1,Emissions from biomass burning,CO2bio,bio,1712.31786,1691.794586,1619.815759,1792.72296,1816.412978,1850.647629,1845.757618,1806.064201,1845.493389,1741.331867,1892.276695,1951.646571,1808.487924,2113.045085,2159.480346,2152.399028,2072.922589,2324.991344,2502.091744,2598.844774,2653.922022,2337.9166,2634.271459,2482.279029,2764.483602,2800.739086,2849.8338,2890.77828,2922.164816,3048.678567,3067.263225,3092.870059,3155.927605,3285.27292,3255.000033,3303.416561,3119.612561,3389.584161,3472.344547,3257.519307,3438.50589,3734.04422,3621.122684,3689.792293,3733.432891,3615.268449,3894.863614,3857.680367,4067.813585,4073.760013,4209.065859,4122.317008,4217.582094,4177.633456,4083.841917
Non-Annex_I,India +,NPL,Nepal,1.A.4,Residential and other sectors,CO2bio,bio,16939.1,16939.1,17261.4,17595,17938.8,18288.1,18646.4,19014.2,19407.1,19805.8,20203.1368,20594.9098,20995.092,21403.7196,21821.4564,22247.9478,22683.6938,23129.1674,23584.7324,24050.3888,24525.0624,25053.301,25591.9752,26140.4752,26705.7708,27284.5952,27876.0656,28481.2188,29099.3996,29731.1626,30930.4222,31732.86252,32797.36032,33511.47412,34229.91212,34972.46712,35622.22952,36364.67472,37059.21012,37498.40852,37882.78892,38911.76752,33310.16152,37525.54832,37662.11672,38189.90112,38358.52712,38960.96529,39486.50865,39754.50431,40747.22294,38422.50131,39152.45948,38845.72073,38905.01706
Non-Annex_I,India +,NPL,Nepal,1.A.2,Manufacturing Industries and Construction,CO2bio,bio,203.3712,203.3712,207.1712,207.8712,205.4712,209.2712,209.9712,217.6712,223.8712,237.0712,265.1712,267.5712,270.0712,272.7712,275.2712,278.0712,280.7712,283.5712,286.3712,289.3712,292.3712,396.6416,347.572,402.9416,553.544,4201.096955,4287.554567,4707.037447,4810.286066,4913.634682,5050.733824,5176.500611,5308.44023,5433.579853,5559.019475,5701.350099,5692.241102,5823.071729,5824.471729,5609.78868,5721.925706,5388.906842,8416.935572,9602.501331,9724.458943,7620.457179,7666.250777,7753.900024,7799.123589,7643.659833,7586.713244,9295.471714,9548.266319,9457.996525,9344.848894
Non-Annex_I,India +,NPL,Nepal,1.A.5,Non-Specified,CO2bio,bio,,,,,,,,,,,,,,,,,,,,,,,,,,,,,,,,,,,1.3,2.5,,,,,,,,,,,,,,,,,,,
Non-Annex_I,India +,NPL,Nepal,1.B.1,Solid Fuels,CO2bio,bio,,,,,,,,,,,,,,,,,,,,,,,,,,,,,,,35.29168,50.5024,50.5024,50.5024,50.5024,50.5024,51.2024,51.8024,52.3024,52.8024,53.2024,53.5024,53.7024,53.9024,54.2024,54.7024,55.5024,56.5284,59.5158,60.64812,62.48316,64.91892,66.80368,65.40059471,65.40059471
Annex_I,Oceania,NZL,New Zealand,1.A.4,Residential and other sectors,CO2bio,bio,0.18592,0.18592,0.18592,0.18592,495.28772,495.28772,495.28772,495.28772,495.28772,495.28772,495.28772,495.28772,495.28772,495.28772,495.28772,495.28772,495.28772,495.28772,495.28772,496.16132,647.921844,648.66404,648.781374,648.783278,648.761998,649.590924,656.398562,666.124342,676.11367,689.245684,700.735668,710.925914,708.891938,708.467994,705.817772,712.34377,710.99844,711.26092,708.15364,703.631,697.91516,692.62916,687.09364,683.37228,671.04248,655.64516,645.47664,633.15372,620.4478,620.084948,620.03056,621.10684,626.422904,620.9353711,621.885916
Annex_I,Oceania,NZL,New Zealand,1.A.2,Manufacturing Industries and Construction,CO2bio,bio,,,,,892.6,955.3,1002.2,1182.3,1205.8,1158.8,1352.2,1342.5,1248.5,1238.7,1350.3,1320.9,1299.4,1393.3,1495.1,1524.5,683.088478,695.806478,795.169478,914.012478,1033.018478,1113.848478,1158.093478,1251.165478,1163.292478,1498.034478,1569.440478,1775.836478,2195.860478,2252.167478,2394.617478,2327.476478,2292.241478,2250.690478,1981.632478,1702.979478,2001.031478,1973.673478,2002.278478,1888.477478,1898.234478,2003.018478,2061.954478,2019.761478,1949.502142,1895.392422,1575.963006,1765.86963,2066.22947,1609.896504,1610.080789
Annex_I,Oceania,NZL,New Zealand,3.C.1,Emissions from biomass burning,CO2bio,bio,636.6199945,758.6421602,896.603623,828.6599529,592.868853,558.016041,844.7628779,796.3417384,744.5883762,712.6774938,696.7784287,736.1259691,774.3464218,793.1544798,993.3009444,1035.742395,1071.588041,895.4399311,655.4112455,539.6757991,704.4800753,632.0247862,590.4306436,685.6386914,719.3049049,632.1096861,732.1289819,824.9008664,734.3478178,729.4124555,727.9937811,818.0907733,804.8876418,765.2096604,569.5638889,703.9496655,610.8854576,777.3293577,822.6597872,938.2380737,895.631024,851.0107648,1031.235701,965.5139451,918.0538075,939.0286909,952.9062682,814.7195051,830.4806632,871.8711258,901.5177998,852.8417809,837.7620804,841.0797684,871.5023593
Annex_I,Oceania,NZL,New Zealand,1.A.1.a,Main Activity Electricity and Heat Production,CO2bio,bio,,,,,292.514,303.98,308.5664,308.8394,308.8394,308.4572,308.2934,328.277,334.9382,336.5216,358.413,365.513,365.513,365.513,365.513,365.513,2199.699144,2183.695702,2065.331232,2181.171232,2197.532596,2226.333744,2089.534586,2102.258782,2053.421262,2084.71847,2192.756156,1909.49795,1749.218418,1571.750562,1832.198108,1893.740182,1965.42587,1997.957678,1962.187678,2000.728896,2053.868306,2079.164346,2065.576588,2069.566452,2028.220294,2036.085176,2020.219028,1956.368106,1958.048582,1900.082036,1896.244908,1865.324354,1914.946756,1902.03215,1914.876331
Annex_I,Oceania,NZL,New Zealand,1.A.3.b_noRES,Road Transportation no resuspension,CO2bio,bio,,,,,,,,,,,,,,,,,,,,,,,,,,,,,,,,,,,,,,2.822088,7.552944,8.635476,12.568416,16.745616,18.762708,10.679472,9.807216,8.632644,7.808532,8.174568,6.686352,12.045204,10.549908,11.495796,8.04288,8.269718128,10.14333058
Annex_I,Oceania,NZL,New Zealand,1.B.2,Oil and Natural Gas,CO2bio,bio,,,,,,,,,,,,,,,,,,,,,,,,,,,,,,,,,,,,,,,1.680084,8.635476,8.731056,13.16526,12.6024,8.602908,7.332048,8.632644,7.808532,5.889144,6.90654,11.102148,7.203192,10.119444,2.090016,0.56192046,0.559913786
Annex_I,Oceania,NZL,New Zealand,4.C,Incineration and Open Burning of Waste,CO2bio,bio,,,,,,,,,,,,,,,,,,,,,,,,,,0.7205,0.722539664,0.67508348,0.725939104,0.736454706,0.750052466,0.763650226,0.761973169,0.760568067,0.781417967,0.79635284,0.811287714,1.486257879,2.161228045,2.611208155,3.511168376,,,,,,,,,,,,,,
Non-Annex_I,Middle_East,OMN,Oman,1.A.4,Residential and other sectors,CO2bio,bio,6.449408,6.449408,6.449408,6.449408,6.449408,6.449408,6.449408,6.449408,6.449408,6.449408,6.449408,6.449408,6.449408,6.449408,6.449408,6.449408,6.449408,6.449408,6.449408,6.449408,6.449408,6.849192,7.344792,7.886648,8.547448,9.479176,10.149888,10.751216,11.296376,11.99352,14.71932,15.961624,18.22156,18.855928,15.23144,15.92528,16.529912,17.157672,17.811864,18.489184,29.640184,30.889096,36.132544,67.487504,77.3136,57.82,66.08,66.08,64.613024,42.15904,42.15904,78.572424,78.572424,78.572424,78.572424
Non-Annex_I,Middle_East,OMN,Oman,3.C.1,Emissions from biomass burning,CO2bio,bio,1.860112371,1.860112371,1.894731558,2.381083238,2.381083238,2.381083238,1.884525929,1.273244785,1.186383586,1.094201371,1.239822273,0.609975497,0.910333051,0.909544053,0.913361861,0.560103075,1.374999425,1.48938753,1.661438709,1.785340042,1.973739768,8.917139618,8.882670713,8.877088399,8.932052439,8.996209909,9.028763772,9.059065251,8.901970465,9.138545419,9.302863061,9.294030442,9.360855906,9.35609352,10.51817769,8.905899055,8.498128508,8.935286816,8.459693065,14.42069942,10.36290803,14.04700322,12.7487318,12.27846844,10.41511964,18.47281088,15.01302531,16.52559979,17.92934976,18.16990195,48.47300765,32.80872652,51.69327397,49.92750559,56.29616415
Non-Annex_I,India +,PAK,Pakistan,1.A.4,Residential and other sectors,CO2bio,bio,40294.31705,40294.31705,41563.51625,42872.76505,44211.21385,45574.96265,46959.81145,48360.06025,49786.50905,51256.85785,52783.00665,54238.05545,55779.60425,57370.70265,59057.95145,60738.64985,62536.54825,64367.24665,66213.49545,68168.34345,70201.54185,72247.835,74121.3384,76372.0864,78050.5784,80041.672,81681.0704,83338.2688,85169.5672,87179.5202,89782.02715,92485.89111,94734.17464,96737.69927,98834.24506,100906.051,102966.564,105118.9387,107363.5868,109715.1273,112148.5356,114480.9934,116502.1386,118254.6644,119885.5188,120306.4566,117829.3373,115524.105,113888.8129,111343.2272,110122.8105,109185.9093,111256.279,111559.9116,111542.2739
Non-Annex_I,India +,PAK,Pakistan,1.A.1.a,Main Activity Electricity and Heat Production,CO2bio,bio,,,,,,,,,,,,,,,,,,,,,,,,,,,,,,,,,,,,,,,,,,,,,,1000.8,1281.6,1778.4,1603.8,1017,1279.8,1486.8,1577.538,1581.63059,1581.63059
Non-Annex_I,India +,PAK,Pakistan,1.B.1,Solid Fuels,CO2bio,bio,728.4832,728.4832,754.684,778.3352,802.6864,827.7376,853.3888,879.44,906.0912,933.9424,963.2936,990.7448,1020.496,1047.9976,1081.5488,1111.3504,1144.252,1177.9536,1215.7048,1249.1568,1288.1584,1325.86,1358.9616,1399.3136,1582.5216,1727.328,1762.5296,1798.1312,1839.1328,1885.6848,1943.2376,2003.8904,2053.8928,2099.8448,2148.4968,2196.3488,2243.7008,2293.8528,2343.2552,2395.8576,2450.86,2502.6624,2548.4144,2589.416,2626.5176,2636.968,2579.416,2530.68268,2495.32996,2439.90328,2413.62224,2393.55456,2439.306,2429.35495,2429.35495
Non-Annex_I,India +,PAK,Pakistan,1.A.2,Manufacturing Industries and Construction,CO2bio,bio,24367.5264,24367.5264,24521.1264,24679.1264,24840.7264,25005.4264,25172.6264,25341.8264,25514.0264,25691.7264,25876.2264,26052.0264,26238.2264,26430.1264,26634.2264,26837.0264,27054.0264,27275.1264,27498.5264,27734.3264,27979.9264,30260.1784,32580.2064,36266.4496,41273.0848,40773.3984,36419.1992,36412.5208,45394.676,47674.6464,31421.5824,38374.7088,44773.4896,44334.872,48903.4608,33975.532,38198.284,47556.21136,50064.9432,38536.988,42255.6248,49563.9328,53337.9776,61850.4064,59759.8752,59131.71922,61115.92528,60746.48011,64325.73755,67884.72789,66430.67831,65398.24701,65372.50112,65408.34633,65681.16885
Non-Annex_I,India +,PAK,Pakistan,3.C.1,Emissions from biomass burning,CO2bio,bio,13407.25408,12504.42987,12632.19818,13328.50564,13753.29304,13751.66985,15045.27879,16071.53324,15796.94691,16849.21433,17200.64995,18146.48555,18425.45346,19055.88342,18150.08894,18174.46353,20053.57336,19495.50668,19112.54626,21143.12453,20992.1794,21004.08944,21728.60643,22714.88411,22164.81645,24074.76589,24256.09397,23858.56963,26499.03043,26267.90857,27538.95274,24919.92161,25028.11517,26775.00166,27319.08809,29009.53979,28381.71318,30837.89819,30889.49482,32159.71974,29871.18507,32597.86219,30722.99066,33585.6104,34500.43603,33963.81101,35119.70537,36777.82435,34554.71533,34636.01376,37243.2132,40137.78761,37763.09036,41130.72546,42087.64506
Non-Annex_I,Rest Central America,PAN,Panama,1.A.4,Residential and other sectors,CO2bio,bio,1145.4992,1145.4992,1154.8992,1162.6992,1171.9992,1179.7992,1189.1992,1200.1992,1207.9992,1215.7992,1225.0992,1229.7992,1231.3992,1232.9992,1234.4992,1242.6488,1252.0488,1278.8984,1316.3984,1344.4984,1293.6488,1293.6488,1356.9488,1382.5488,1406.6488,1334.3488,1461.2984,1474.7984,1490.348,1498.2976,725.3992,722.4992,719.5992,716.7992,713.8992,711.0992,735.3992,732.3992,703.0992,700.3992,726.7992,723.9992,721.3992,718.6992,715.9992,713.2992,710.5992,705.80068,704.1482,701.20336,698.263,696.57348,692.39068,683.9102047,683.9102047
Non-Annex_I,Rest Central America,PAN,Panama,1.A.1.a,Main Activity Electricity and Heat Production,CO2bio,bio,5.2,5.2,5.2,5.2,19.7,23.8,24.4,30.8,35.4,45.3,52.3,184.1,204.4,178.8,184.6,124.8,133.6,125.4,163.2,113.8,134.7,97,110.3,99.9,66.8,36,45.9,53.4,55.2,56.9,56.9,201,109.1,119.8,142.8,229.6,216.4,227.4,243.9,199.2,218.9,222.1,247.6,308.1,283.6,286.2,301,213.872,331.665,253.842,274.856,264.616,266.272,262.689653,262.689653
Non-Annex_I,Rest Central America,PAN,Panama,1.A.2,Manufacturing Industries and Construction,CO2bio,bio,841.5395811,841.5395811,822.3395811,821.2395811,895.8395811,936.0395811,1009.939581,1051.539581,1086.039581,1105.539581,1090.939581,1066.539581,1043.739581,1090.239581,1102.239581,1032.639581,960.5395811,956.2395811,869.1395811,934.8395811,895.3395811,1206.017775,1502.348986,1490.470921,1102.430107,640.8114841,1178.826797,977.4106382,1036.384228,1228.496425,1141.360475,1194.862875,1672.047755,1640.452946,1586.388508,1098.878451,1222.38202,1180.327051,962.8152462,997.5646296,1013.648601,1283.01449,1269.562315,1328.33646,1180.544128,1096.50144,1265.25376,1360.1082,772.90752,1197.45964,1059.40212,981.94664,912.86352,950.4884449,980.3171809
Non-Annex_I,Rest Central America,PAN,Panama,1.A.3.b_noRES,Road Transportation no resuspension,CO2bio,bio,,,,,,,,,,,,,,,,,,,,,,,,,,,,,,,,,,,,,,,,,,,,15.365724,43.227648,,,,,,,,,,
Non-Annex_I,Rest Central America,PAN,Panama,1.B.1,Solid Fuels,CO2bio,bio,7.4504,7.4504,7.4504,7.4504,5.9504,5.9504,4.3504,4.3504,4.3504,4.3504,2.7504,4.3504,5.9504,9.0504,12.1504,8.7008,8.7008,14.6512,16.2512,16.2512,15.2512,15.2512,19.7512,21.2512,22.7512,21.2512,20.8016,20.8016,18.852,17.0024,2.5008,2.2008,1.9008,5.0504,1.3008,1.0008,1.1008,0.8008,0.3008,0.0008,0.0008,0,0,0,2.5504,2.2504,2.1504,1.49368,1.34268,1.2826,1.2558,1.22576,1.72932,1.637104273,1.637104273
Non-Annex_I,Rest Central America,PAN,Panama,1.B.2,Oil and Natural Gas,CO2bio,bio,,,,,,,,,,,,,,,,,,,,,,,,,,,,,,,,,,,,,,,,,,,,23.892168,65.45814,,,,,,,,,,
Non-Annex_I,Rest Central America,PAN,Panama,3.C.1,Emissions from biomass burning,CO2bio,bio,303.8497295,330.0670913,306.9020704,343.6971596,367.2105367,416.1682914,443.0902534,518.858534,553.737755,536.4696422,497.5172039,458.5971233,535.786159,473.6408356,468.0191473,431.9315778,392.2753181,378.0109874,348.9634516,352.1644326,369.5742447,357.6415675,419.0843474,413.8295104,426.9621673,381.533007,412.8595865,384.9590237,447.8850326,408.1225262,430.5720863,405.9410929,439.8747699,458.8886969,451.2923135,440.9599722,449.4046328,444.426151,438.7500456,444.0706272,457.9391539,515.0701809,505.2002045,523.9628395,539.0498555,531.8606605,550.3463786,549.563257,594.0216457,564.6699463,589.5141912,541.4529735,608.3378306,432.0666279,389.0082654
Non-Annex_I,Rest South America,PER,Peru,1.A.2,Manufacturing Industries and Construction,CO2bio,bio,4253.549702,4253.549702,4266.049702,4287.049702,4307.949702,4328.849702,4349.749702,4370.649702,4391.649702,4412.549702,4433.449702,4458.549702,4479.449702,4500.349702,4525.449702,4550.549702,4257.849702,3985.249702,3560.949702,3265.749702,3118.949702,2929.61008,2842.719076,2369.542599,2600.012845,3106.33794,2933.526692,3294.382062,4506.507951,4766.573653,5139.369138,5234.148388,5688.93987,5874.228548,4951.088287,4622.10112,5042.25754,5474.861158,5994.197911,6276.988246,7938.776846,4576.6808,5854.45152,4233.18496,2227.05136,4072.72768,4700.27712,2781.299736,5020.370876,6634.964602,4956.081934,4672.437276,5091.760074,5092.416599,5214.500708
Non-Annex_I,Rest South America,PER,Peru,1.B.2,Oil and Natural Gas,CO2bio,bio,,,,,,,,,,,,,,,,,,,,,,,,,,,,,,,,,,,,,,,,75.55776,,,182.32416,101.27232,129.25248,106.4832,25.37472,37.459572,202.989972,247.950096,199.146948,374.742984,379.999176,379.999176,413.2049424
Non-Annex_I,Rest South America,PER,Peru,1.A.1.a,Main Activity Electricity and Heat Production,CO2bio,bio,313.8,313.8,313.8,318,368.2,368.2,338.9,334.7,297.1,225.9,117.2,104.6,209.2,200.8,196.6,234.3,213.4,188.3,188.3,200.8,188.3,184.1,184.1,150.6,171.5,205,196.6,221.8,181.4,199.9,227,235,267.9,282,221,500.4,500.4,600.6,662.2,670.01632,987.73808,1001.55984,918.24948,1334.85112,1806.36468,1242.32452,848.3928,1506.05137,1142.45177,1233.423,1186.954624,1221.493764,1287.166104,1285.83839,1290.202051
Non-Annex_I,Rest South America,PER,Peru,1.A.3.b_noRES,Road Transportation no resuspension,CO2bio,bio,,,,,,,,,,,,,,,,,,,,,,,,,,,,,,,,,,,,,,,,169.3536,251.59488,328.90848,759.62736,806.78016,803.24016,881.91312,973.38672,993.304884,1038.68202,1071.870228,870.658752,1135.21428,1154.0223,1131.657534,1238.999385
Non-Annex_I,Rest South America,PER,Peru,1.B.1,Solid Fuels,CO2bio,bio,761.96272,761.96272,738.45008,714.83856,694.37344,670.86192,647.24928,645.35312,653.75312,659.0056,661.30944,661.30944,666.66192,674.96192,677.26576,156.38512,173.59392,194.05296,211.81424,226.8744,242.28208,257.6384,267.14608,280.45104,289.10624,299.31008,304.9664,314.51888,942.66048,938.908,871.2712,845.0072,799.98304,777.4704,773.71904,803.7344,826.24704,878.77504,871.2712,916.29648,897.5352,860.01488,788.62672,781.12288,754.85888,769.86656,747.35504,732.8362,723.31972,707.83848,715.50064,770.17912,720.77512,720.77512,720.77512
Non-Annex_I,Rest South America,PER,Peru,1.A.1.bc,Petroleum Refining - Manufacture of Solid Fuels and Other Energy Industries,CO2bio,bio,,,,,,,,,,,,,,,,,,,,,,,,,,,,,,,,,,,,,,,,,5.21088,5.21088,,,,,,0.81066,,0.426924,0.531708,0.476484,0.177,0.165353615,0.185727998
Non-Annex_I,Rest South America,PER,Peru,1.A.4,Residential and other sectors,CO2bio,bio,11919.73728,11919.73728,12039.54992,12180.26144,12321.92656,11922.93808,12009.35072,12149.34688,12174.34688,12127.1944,11979.64304,12091.49056,12517.13808,12647.03808,12786.93424,12621.41488,11890.00608,11328.34704,10945.18576,10661.1256,10454.31792,10105.4616,9817.95392,9482.24896,9313.89376,9218.28992,9071.8336,9038.08112,11597.03888,11250.03008,11650.6592,11775.96688,11590.93088,11550.08832,11472.33088,11206.65536,11151.38752,11133.45072,11738.54576,11898.68496,11534.0888,11129.30528,11012.7408,10506.19504,10608.25216,10076.23984,10316.53696,9108.490592,8969.34186,8466.605492,9671.040228,10881.81476,10168.01383,10189.77524,10194.54222
Non-Annex_I,Rest South America,PER,Peru,3.C.1,Emissions from biomass burning,CO2bio,bio,2066.148589,2145.452599,2145.622268,2158.056557,2220.811416,2198.561825,2215.33598,2233.670096,2003.938292,1909.453565,1569.817676,1706.89854,1964.758959,1894.627169,2173.947949,2117.116822,1981.705364,2122.795088,2116.546018,2176.201121,1859.861146,1829.326016,1590.152952,1689.632555,2004.984067,2069.259612,2136.514845,2302.018858,2247.223769,2471.292864,2671.597618,2736.785684,2940.440168,3020.498802,2578.329101,2715.161032,2774.987142,2914.316468,3296.128696,3499.374325,3426.262744,3336.799832,3602.429366,3717.487108,3682.015705,3634.096144,3524.779071,3423.417162,3707.274321,3690.718469,3644.604672,3633.011134,3582.395355,3624.989068,3623.259832
Non-Annex_I,Southeastern Asia,PHL,Philippines,1.B.1,Solid Fuels,CO2bio,bio,4672.91904,4672.91904,4672.91904,4796.40432,4920.79072,5042.676,5169.46128,5305.92304,5453.25008,5609.75472,5767.44704,5925.73936,6082.53168,6239.624,6401.01632,6562.49632,6724.67744,6886.55856,7050.13856,7218.40736,7390.06496,6795.9792,6206.38224,5612.29648,5022.6984,4428.61264,4506.3144,4579.42848,4657.13024,4730.24432,4807.94608,4881.06016,4958.76192,5036.46368,5109.57776,5424.9736,5735.78176,6051.17872,6361.98576,6677.3816,6988.18976,7303.58672,7660.0784,8066.84128,8441.58592,8670.10352,9095.12048,9419.46412,9767.45972,10128.71924,10395.41656,10822.53132,11246.64196,11092.66166,11092.66166
Non-Annex_I,Southeastern Asia,PHL,Philippines,1.A.3.b_noRES,Road Transportation no resuspension,CO2bio,bio,,,,,,,,,,,,,,,,,,,,,,,,,,,,,,,,,,,,4.199148,6.990084,128.567136,227.12286,377.202576,532.571052,594.766728,761.400192,916.74318,999.293148,1148.930364,1258.725588,1350.583632,1395.28038,1484.000568,1228.324776,1372.262592,1535.021172,1729.135375,2067.538657
Non-Annex_I,Southeastern Asia,PHL,Philippines,1.A.3.c,Railways,CO2bio,bio,,,,,,,,,,,,,,,,,,,,,,,,,,,,,,,,,,,,,,,,,,,,,,,,0.122484,0.097704,0.089208,0.086376,0.100536,0.111864,0.128783718,0.138561967
Non-Annex_I,Southeastern Asia,PHL,Philippines,1.A.1.a,Main Activity Electricity and Heat Production,CO2bio,bio,,,,,,,,,,,,561.3,562.9,1395.8,1353.3,1620,1629.8,612,616.9,643.1,705.3,,,,,,,,,,,,,,,,,2.790936,5.58258,25.147032,49.437968,149.38258,272.564452,299.555388,272.737968,579.047032,1197.511484,1659.398604,1809.6661,1702.396456,2061.350892,2378.763448,2174.665432,2162.510633,2166.074233
Non-Annex_I,Southeastern Asia,PHL,Philippines,1.B.2,Oil and Natural Gas,CO2bio,bio,,,,,,,,,,,,,,,,,,,,,,,,,,,,,,,,,,,,,2.790936,120.019452,161.195316,369.939204,315.4494,302.851956,397.925028,476.201508,593.703312,764.903376,903.35136,883.356024,1001.549544,1117.222584,848.002752,1057.177812,1100.71698,1100.71698,1120.550467
Non-Annex_I,Southeastern Asia,PHL,Philippines,1.A.4,Residential and other sectors,CO2bio,bio,24929.87808,24929.87808,24995.27808,25664.79056,26425.1064,27206.12112,28011.83472,28618.77296,29248.04592,29893.34016,30551.14896,30973.15776,31397.46432,31825.672,32257.27968,32694.49856,33134.11856,33321.53744,33493.45632,33616.48752,33529.01984,32532.6008,31536.39776,30545.73312,29554.8128,28568.82864,27660.80128,26751.5888,25844.33184,24941.12688,24039.3752,23135.95424,22236.29888,21335.1856,20437.45264,21051.7664,21663.73584,22282.05515,22932.54734,23545.6454,24171.35393,24791.43622,25305.19717,26012.26049,26450.54444,26379.9448,26054.59975,26213.08608,26325.47562,26476.49243,26668.81621,26989.06263,27197.74748,27039.57962,27044.36035
Non-Annex_I,Southeastern Asia,PHL,Philippines,1.A.3.d,Water-borne Navigation,CO2bio,bio,,,,,,,,,,,,,,,,,,,,,,,,,,,,,,,,,,,,,,,8.373516,11.164452,11.164452,5.58258,13.955388,13.955388,11.164452,27.911484,16.747032,17.824608,16.771812,18.164448,18.915636,19.166976,15.786984,15.23710844,16.40353731
Non-Annex_I,Southeastern Asia,PHL,Philippines,1.A.2,Manufacturing Industries and Construction,CO2bio,bio,3373.530528,3373.530528,3387.030528,3400.630528,3414.030528,3427.830528,3442.630528,3458.630528,3475.630528,3492.930528,3510.230528,3527.430528,3544.630528,3562.130528,3579.830528,3597.530528,3615.230528,3633.030528,3651.330528,3670.030528,5007.430528,5195.144384,5390.130752,5592.743072,5803.29616,6021.974144,6249.261152,6485.502688,6730.913568,6985.939296,7250.864,7526.325248,7812.57648,8109.985952,8419.16848,8740.330944,9074.110912,9437.930192,9795.744184,10184.53612,10573.91628,10766.95128,10991.64664,11345.89485,11691.25579,11917.35867,12042.03053,12228.9995,12408.18131,12498.1738,9380.037092,9580.204204,9451.936916,9431.152397,9103.216329
Non-Annex_I,Southeastern Asia,PHL,Philippines,3.C.1,Emissions from biomass burning,CO2bio,bio,19414.5284,19744.75264,18218.58713,20439.38733,22267.29392,23222.11507,23953.5736,24124.23946,23765.11342,24573.64171,23961.36774,24390.09393,24655.68471,22619.52476,24000.51977,24632.72719,24992.92464,23723.70205,24851.20369,26260.11011,26668.72716,25937.65474,24583.4517,25349.9108,27295.88403,26419.58189,28238.57137,27956.83237,22545.4724,29133.72101,29380.87009,30019.13735,30034.72483,30631.04388,32665.13119,32169.56054,33879.39729,35306.67558,36960.60805,36340.83792,34311.24058,37216.28728,38982.60422,39271.98865,40087.44741,38678.39052,37625.75051,41111.51504,40265.19179,39340.36574,40474.96667,41642.69548,41107.34399,41348.49596,41433.93072
Non-Annex_I,Oceania,PLW,Palau,1.A.4,Residential and other sectors,CO2bio,bio,,,,,,,,,,,,,,,,,,,,,,,,,,,,,,,,,,,,,,,,,,,,,0.040967368,0.103018693,0.048085244,0.04838522,0.042417344,0.017995686,0.024303463,0.024400399,0.032507478,0.026005982,0.026005982
Non-Annex_I,Indonesia +,PNG,Papua New Guinea,1.A.4,Residential and other sectors,CO2bio,bio,1488.813599,1499.478186,1536.804538,1559.738234,1609.504999,1677.611,1768.826118,1829.072799,1920.492572,2003.223317,2087.581979,2170.549366,2193.250218,2239.729694,2232.39179,2326.701128,2349.37456,2358.374726,2373.008488,2377.908437,4212.826383,4216.956638,4220.125395,4220.871067,4220.070257,4963.219693,4962.06582,4961.870822,4962.082696,4951.144642,4929.329483,4904.414232,4967.133875,4967.993209,4950.750444,4925.80809,4924.90546,4914.42447,4904.461011,4896.041424,4894.462372,4880.893591,4874.133829,5521.562082,5513.922004,5499.895568,5489.571592,5487.33448,5470.182866,5474.798146,5478.151197,5486.196498,5570.541795,5571.861988,5571.861988
Non-Annex_I,Indonesia +,PNG,Papua New Guinea,1.A.5,Non-Specified,CO2bio,bio,,,,,,,,,,,,,,,,,,1.83431201,1.836891031,1.837446074,3.102838416,3.299966557,2.998367371,3.658183413,3.826160997,6.363039516,6.313994132,6.55056899,6.489713575,5.10259806,7.605929809,7.989284767,8.065835155,7.951980413,8.465141078,8.229063589,8.173183334,8.531151286,8.606617236,10.13683689,4.360722082,4.16640359,4.13752324,4.154606913,4.104087718,4.09278792,4.073060363,3.233492352,3.171031862,3.171172307,2.752360253,2.672783368,2.7124793,2.71336584,2.71336584
Non-Annex_I,Indonesia +,PNG,Papua New Guinea,1.A.1.a,Main Activity Electricity and Heat Production,CO2bio,bio,0.836571499,0.842670496,0.85074353,0.847948686,0.862739993,1.032440774,1.070259582,1.09408404,1.290970968,5.851249376,6.016943951,6.230298695,6.472146694,6.584206437,6.765330311,6.95963701,6.917823754,6.873630718,6.883294964,6.885374848,21.05497497,21.02722593,21.02881814,21.00440476,22.47619183,50.23802926,49.85080184,46.41078129,45.97962068,37.35648988,55.28748879,79.43534448,84.85970029,116.6509662,117.1628281,118.650401,107.2746717,96.78014379,90.15031397,91.36803053,97.16826783,101.7017361,109.4201796,119.6319378,125.1263163,85.35171146,83.54987618,85.43796304,93.62604528,105.4022048,95.1807733,96.21461965,97.86270039,98.72139461,99.59101655
Non-Annex_I,Indonesia +,PNG,Papua New Guinea,1.A.2,Manufacturing Industries and Construction,CO2bio,bio,282.3296,282.3296,282.3296,282.3296,282.3296,282.3296,282.3296,282.3296,282.3296,283.3078274,282.3296,286.4959917,289.2501183,300.3965038,300.7209818,299.0449745,288.5982438,295.5527723,289.8184634,298.8666147,962.979518,1021.647977,986.5837204,992.2998643,1078.957241,879.5745683,875.4914759,828.8777776,770.5546407,932.6210064,1050.285097,1036.660892,1158.266933,1079.787479,1053.991214,996.0232497,930.591953,856.9548651,794.8811468,746.6541305,760.8381977,797.6271444,698.6398133,580.1353201,641.6212703,660.7011501,588.3760958,639.2867942,621.3569959,626.7511733,619.0121608,645.3146148,671.2687803,671.2666153,682.6825513
Non-Annex_I,Indonesia +,PNG,Papua New Guinea,1.B.2,Oil and Natural Gas,CO2bio,bio,,,,,,1.871298902,1.939845492,1.983027323,2.051405922,2.101377485,2.160883896,2.237506652,3.002140334,3.054119853,3.829057918,14.18459742,117.5015695,118.7666633,120.3264554,159.3530156,,,,5.024977216,5.008064133,8.328585753,8.264390226,8.188211237,8.112141969,8.802943203,13.12958499,14.82603627,14.70713521,14.58719633,15.0208754,14.89431454,14.79179818,14.70479043,14.59833186,14.49224496,14.37400412,14.30249426,14.20265282,,,,,,,,,,,,
Non-Annex_I,Indonesia +,PNG,Papua New Guinea,1.B.1,Solid Fuels,CO2bio,bio,33.58616304,33.9658196,35.761926,36.07345861,37.91853342,40.03075099,41.98858744,43.62565491,45.91755493,47.82897047,50.07878471,50.98681524,50.68932693,50.86845913,51.08177068,51.01217537,50.61168083,51.29361376,54.01212958,55.13929259,469.6208589,469.2496571,470.5778509,473.7069126,478.2484115,140.9167157,149.0829486,158.9828522,164.3520464,170.8009937,235.5502483,241.4845751,247.5578357,253.8449506,260.0996711,268.8313768,274.5619749,280.6603132,287.6194705,293.5363528,299.1547956,306.8302201,312.7322977,323.2496223,329.1037332,335.2290119,341.7517308,351.6496504,361.9339116,369.1631337,376.8468748,378.1622407,384.9408292,384.5887499,384.5887499
Non-Annex_I,Indonesia +,PNG,Papua New Guinea,3.C.1,Emissions from biomass burning,CO2bio,bio,126.2169385,128.3752657,130.1224175,132.6690093,135.899129,139.8027209,140.9226812,143.477236,144.7621768,144.3420452,145.7485278,146.9833934,149.1897982,147.6676077,141.2965683,133.6660261,123.4939696,120.835126,117.8660557,110.520445,105.8915092,98.68864535,93.56705935,86.75879172,78.73343263,74.3050543,74.98424969,75.88589435,76.85739601,78.65596003,79.1954382,82.50126674,83.25114398,83.62268806,84.6145894,81.75377175,83.48382287,85.29363885,88.44904479,91.25693933,91.62799388,93.66281218,93.86651247,94.7737317,96.46291506,97.44784148,98.71475133,99.91726693,100.9314642,102.1975024,102.6477456,103.0842356,102.0163679,102.1710591,102.4182341
Annex_I,Central Europe,POL,Poland,1.A.5,Non-Specified,CO2bio,bio,,,,,,,,,,,,,,,,,521.5,917.5,800.1,769.9,3887.5,3094.4,3455.2,,,,,,,,,,,,,,,,,,,,,,,,,,,,,,,,
Annex_I,Central Europe,POL,Poland,1.A.1.a,Main Activity Electricity and Heat Production,CO2bio,bio,417.8,907.1,1175,1289.3,1434.8,1390.1,1069.5,1648,1451.5,1059.2,1067.2,996.6,1098.8,1470.9,1623.1,1645.5,2665,1748.5,1671.8184,1513.0276,1458.4644,1438.5638,1728.2104,1379.1,1406.5276,139.3796,273.9808,335.9336,379.9942,360.3566,372.462,523.695,516.2618,627.6106,921.2932,1754.2858,2111.6614,2581.4556,3911.0932,5609.750928,6693.012712,8054.7396,10799.87471,9044.506504,10013.7649,9916.41094,7839.217624,6236.551744,6475.793744,7800.60988,8772.706862,8484.772842,7941.135068,8452.319508,8536.209802
Annex_I,Central Europe,POL,Poland,1.B.2,Oil and Natural Gas,CO2bio,bio,,,,,,,,,,,,,,,,,,,,0.2,,,,,,,,,,,,,,83.473908,39.719508,345.297264,493.145364,326.186928,878.014164,1230.35886,1320.768336,1245.88884,1971.823188,2074.984452,2208.606,2392.860876,2727.119004,2714.629884,2678.895,2901.311784,2884.622808,3067.343448,3199.260132,3163.911663,3197.10367
Annex_I,Central Europe,POL,Poland,1.A.3.b_noRES,Road Transportation no resuspension,CO2bio,bio,,,,,,,,,,,,,,,,,,,,,,,,,,,,,,,,,,83.64312,39.919164,158.9106,288.265032,313.301328,1308.400992,1884.93318,2571.267672,2713.87728,2393.187972,2215.870788,2090.89746,1936.925868,1355.90142,1793.039028,2704.59894,3038.668032,3081.436188,3319.038864,3567.245256,3825.690902,4200.204006
Annex_I,Central Europe,POL,Poland,1.A.1.bc,Petroleum Refining - Manufacture of Solid Fuels and Other Energy Industries,CO2bio,bio,1.1,3.2,3.8,1.8,1.9,2.1,1.8,1.9,1.7,1.6,1.7,2.2,2.6,2.5,11,13,23.7,,,,,,,,,,,,,0.2,0.3,0.3,2.1,0.1,,,0.1,0.1,,8.7,5.7,3.9,5.2,4.5,3.9,,2.6,1.462,3.269,2.011,2.448,1.874,2.245,2.61003496,2.61003496
Annex_I,Central Europe,POL,Poland,1.A.2,Manufacturing Industries and Construction,CO2bio,bio,299.1,354.6,353.1,332.9,362.5,486.3,475.8,498.4,482.8,499.6,530.7,553.8,589.4,618,636.1,597,985.8,916.5,1092.6,1017,719.1,610.6,515.9,678.4,513,2051.0092,2302.1546,2479.2546,2484.9276,2424.492,2614.6398,2622.4932,2929.9202,3046.3398,3191.3404,3132.0128,3142.3312,3233.2864,3441.387,3381.098,3848.49,5187.0588,5377.9853,6532.0355,6640.4293,6929.6855,7562.6081,8173.409858,8196.47045,8778.991884,9413.692745,8522.026737,8520.518053,8598.744673,8770.515575
Annex_I,Central Europe,POL,Poland,1.A.3.c,Railways,CO2bio,bio,,,,,,,,,,,,,,,,,0.2,0.2,,,,,0.3,,,,,,,,,,,,,,,,,,,,,,,,,,,,,,,,
Annex_I,Central Europe,POL,Poland,1.A.4,Residential and other sectors,CO2bio,bio,3169.5,3181.8,3451.8,2706.1,2649.3,2559.3,2610.9,1842.6,1663.7,1675.2,1891.3,3085.5,2415.3,2258,2885.1,3228.4,4213.6,3888.5,3370.5864,3253.7158,20.6934,10.2102,11.2476,13840.2852,13493.6954,13529.0958,12892.9134,12635.5054,12659.0808,12102.0998,12101.6188,12975.856,12963.9918,12824.02,13000.245,12682.2692,12994.9772,12735.8148,12758.3394,12960.1512,14288.3474,14794.2556,14601.3472,14653.5314,13265.1516,13719.3316,14242.93074,14064.1194,26797.48437,24877.20171,23332.02357,24212.05852,23365.22588,21781.49267,21803.52649
Annex_I,Central Europe,POL,Poland,3.C.1,Emissions from biomass burning,CO2bio,bio,136.0230616,159.974808,160.4815467,168.2776705,174.345232,149.9724709,157.4966449,148.7695283,162.2600404,131.1165626,136.7814646,141.3067613,151.3207123,161.6652919,177.2603946,172.5898709,179.3323046,180.9147968,165.2220493,177.8319155,184.6325347,184.8556802,143.9991645,164.1997541,155.3884689,175.2095208,173.8038267,170.2442332,182.750081,173.3054655,157.3797588,172.3088192,165.5611076,142.3494379,173.7568313,155.6231907,130.0289882,151.8025731,159.5305414,168.240088,154.2709665,152.9093021,155.9863512,157.7942227,177.4332092,159.7979968,165.7553356,178.4117153,150.4323034,164.4134916,187.7227383,180.5848694,192.1617163,193.0640436,188.3865206
Annex_I,Central Europe,POL,Poland,4.C,Incineration and Open Burning of Waste,CO2bio,bio,15.29284885,15.59699154,15.90666911,16.2230452,16.54718595,16.87980306,17.19944736,17.52699031,17.86247635,18.2056873,18.55586865,18.85235587,19.15342922,19.45205457,19.73898531,20.00733321,20.21811997,20.40774947,20.58089751,20.74501411,20.90564501,19.52785573,18.79090228,18.44700139,18.58347724,18.78999463,18.854317,18.8076581,19.49376077,17.22781019,19.99568037,19.65250427,19.3044202,14.68449961,12.85493792,14.20384917,14.11218101,12.91850775,11.90109316,13.1335443,13.21329396,14.15064658,15.68641647,15.9741846,17.65347235,19.44412898,23.04070328,23.04004259,23.88913611,23.52729027,21.31867388,23.40394655,20.13614688,19.55536774,18.99133979
Non-Annex_I,Rest Central America,PRI,Puerto Rico,3.C.1,Emissions from biomass burning,CO2bio,bio,812.6128273,633.2699602,605.2693769,501.4772872,496.3777549,489.6731352,502.7164299,440.3475964,393.3397224,319.5196643,312.5416894,284.5789252,221.9794476,200.6150901,171.5634996,180.8078874,164.4069457,169.8675769,194.2449983,170.1541256,121.0837386,129.7151312,112.7063689,128.3987279,87.6053984,77.33273674,62.22137732,48.06881655,39.53508169,11.39141421,10.90505027,3.645084234,7.055663218,1.335668061,1.327563804,1.115877064,0.971948921,0.884590215,0.836933889,0.779788535,0.765359971,0.679106363,0.522788178,0.501731988,0.399535407,0.508799816,0.679483536,0.849481491,1.03732306,1.264693116,1.494938484,1.704478915,2.152857747,2.074058677,2.2814058
Non-Annex_I,Rest Central America,PRI,Puerto Rico,1.A.3.b_noRES,Road Transportation no resuspension,CO2bio,bio,,,,,,,,,,,,,,,,,,,,,,,,,,,,,,,,,,,,,,,,,,,,1.63847812,,,1.505767371,1.241946607,1.119684924,1.092768891,1.153097136,1.557408557,1.981400153,1.858249403,2.086853106
Non-Annex_I,Korea,PRK,"Korea, Democratic People's Republic of",1.A.5,Non-Specified,CO2bio,bio,1901.89995,1901.89995,1980.0001,2068.9001,2173.40012,2254.50011,2347.30011,2448.89993,2543.59991,2649.19979,2705.79989,2761.49982,2819.10014,2869.00009,2928.60003,2989.10013,2964.69988,3002.80017,3034.00021,3057.49988,3090.69995,3099.40012,3091.60011,3097.69986,3108.3,3110.19997,3111.10013,2908.99994,2929.09993,2956.70016,2966.90004,2970.30014,2990.30006,3018.40019,3035.70005,3050.00006,3069.99999,3078.50003,3089.99991,3101.69993,3102.99993,3111.99987,3122.10011,3125.20002,3138.90006,3154.09982,3169.3,3176.51721,3186.82678,3196.13111,3204.43939,3211.90739,3229.52879,3247.161363,3247.161363
Non-Annex_I,Korea,PRK,"Korea, Democratic People's Republic of",1.A.4,Residential and other sectors,CO2bio,bio,372.5568,372.5568,372.5568,376.0061872,376.0061872,376.0061872,372.5568,365.6575664,362.2081792,355.3089344,351.8590768,348.4096896,344.959832,344.959832,341.5104448,338.0605872,341.5104448,341.5104448,344.959832,351.8590768,355.3089344,369.1074128,389.8046768,403.6031664,417.401656,434.6495216,451.8973984,469.1457456,476.0449904,479.4943776,486.3936224,493.2928672,500.1921008,503.641488,510.5407328,517.4399776,520.8893648,527.7886096,531.2384672,534.6878544,541.5870992,545.0369568,548.486344,555.3855888,558.834976,562.2848336,565.7342208,571.8780256,576.5245696,581.2090928,585.9283248,590.4782688,590.4782688,595.0853144,595.0853144
Non-Annex_I,Korea,PRK,"Korea, Democratic People's Republic of",1.B.1,Solid Fuels,CO2bio,bio,577.84303,577.84303,577.84303,583.1938828,583.1938828,583.1938828,577.84303,567.1426336,561.7917808,551.0909756,545.7410232,540.3901704,535.040218,535.040218,529.6893652,524.3394028,529.6893652,529.6893652,535.040218,545.7410232,551.0909756,572.4926072,604.5954932,625.9966836,647.398304,674.1503484,700.9023916,727.6543844,738.3551896,743.7056224,754.4064276,765.1072328,775.8080492,781.158482,791.8592872,802.5600924,807.9105252,818.6113304,823.9617028,829.3121356,840.0129408,845.3628932,850.713746,861.4145512,866.764984,872.1153564,877.4657892,886.9948544,894.2019704,901.4678372,908.7869052,915.8440312,915.8440312,919.450312,919.450312
Non-Annex_I,Korea,PRK,"Korea, Democratic People's Republic of",3.C.1,Emissions from biomass burning,CO2bio,bio,810.8293418,826.9802252,808.6250086,872.0622091,914.8318617,944.3481035,974.0782649,1014.315762,1018.16743,1042.308048,1013.600046,1074.342357,972.5786696,994.0455968,1038.090874,1041.16891,1085.17197,1098.32912,1099.60336,1118.658606,1097.073149,1353.516294,1322.224558,1352.996928,1163.372568,792.3505912,656.2639603,696.4902795,863.7509902,798.7888277,687.9800522,803.9169789,848.2364646,869.1301822,876.5585896,896.5338015,899.6637868,815.1278311,891.6957291,862.892941,871.3994362,889.5123605,931.6511435,931.1083123,926.5329557,845.5850113,858.0676336,831.4306707,755.8301812,936.8542623,828.6032743,848.1059756,802.7766754,766.2451328,768.6579601
Annex_I,OECD_Europe,PRT,Portugal,1.A.2,Manufacturing Industries and Construction,CO2bio,bio,4876.73,3443.63,3410.43,3348.53,3352.73,3334.83,3297.93,3399.63,3547.33,3668.73,3291.93,3325.53,3456.73,3595.13,3578.73,3918.43,4252.33,4335.93,4366.43,4481.23,6940.53,7367.5262,7303.1035,7247.4089,7411.5681,7928.7417,7420.8772,7985.272,7934.7141,8123.6882,8262.5809,8217.2005,8602.1962,8494.4373,8451.5108,8474.706,8658.9428,8918.5926,9009.3364,8761.7613,9339.0273,9268.0264,7666.9291,8158.5941,7377.0267,7414.073163,7833.705577,7737.57748,7634.078469,7933.778381,7797.569931,7330.553787,7712.324014,7579.50034,7568.308059
Annex_I,OECD_Europe,PRT,Portugal,1.A.3.c,Railways,CO2bio,bio,,,,,,,,,,,,,,,,,,,,,,,,,,,,,,,,,,,,,,,,,,,,,,,,0.02124,,,,,,,
Annex_I,OECD_Europe,PRT,Portugal,1.A.3.b_noRES,Road Transportation no resuspension,CO2bio,bio,,,,,,,,,,,,,,,,,,,,,,,,,,,,,,,,,,,,,212.666032,362.219716,373.864328,615.684984,917.905328,865.0214,806.248024,770.78952,770.65344,961.880364,778.787904,713.6994,771.024744,801.744156,717.75624,935.581644,966.01644,1005.009976,1115.722002
Annex_I,OECD_Europe,PRT,Portugal,1.A.1.a,Main Activity Electricity and Heat Production,CO2bio,bio,486.1,344.2,174.6,246.6,205.6,283.4,267.1,272.1,269.6,316.9,345,360.8,404.9,464.9,442.9,450.5,512.3,583.6,607,572.7,625.3,780.5,610,639.4,582.8466,616.6466,586.2466,689.7466,650.7552,893.1748,1122.5208,1109.3202,1183.5294,1160.911,1257.4102,1327.7504,1319.021,1457.436,1408.8252,1786.3816,2277.7702,2476.7118,2594.9652,2573.8052,2970.3784,3121.0458,3170.0012,3328.624596,3358.659984,3636.027008,4105.397918,4518.42191,4718.78597,4481.789511,4500.938862
Annex_I,OECD_Europe,PRT,Portugal,1.B.1,Solid Fuels,CO2bio,bio,,,,,,,,,,,,,,,,,,,,,,,,,,,,,,,,,,,,,,,,,,,77.324,15.852,64.668,29.968,34.964,35.70348,35.70348,36.639,36.639,40.71,35.8248,35.8248,35.8248
Annex_I,OECD_Europe,PRT,Portugal,1.A.3.d,Water-borne Navigation,CO2bio,bio,,,,,,,,,,,,,,,,,,,,,,,,,,,,,,,,,,,,,,,,2.6196,,5.2392,5.2392,5.2392,5.2392,7.8588,7.8588,6.185088,6.792552,4.809444,3.237684,6.462624,6.6198,7.196140109,6.990706765
Annex_I,OECD_Europe,PRT,Portugal,1.A.5,Non-Specified,CO2bio,bio,,,,,,,,,,,,,,,,,,,,,,,,,,,,,,,,,,,,,,,,,,,,2.6196,,2.6196,2.6196,1.220592,1.166076,0.972084,0.610296,0.581268,1.306968,2.496058467,2.771024583
Annex_I,OECD_Europe,PRT,Portugal,4.C,Incineration and Open Burning of Waste,CO2bio,bio,152.2081393,155.2707956,158.4190455,161.6186519,164.8133571,167.9603648,170.9113872,173.8084771,176.6568722,179.4687985,182.2523602,184.8584935,187.4194063,189.9361952,192.4128077,194.8481387,196.7328521,198.5542599,200.2919151,201.9182042,203.3639784,203.5603626,203.2851079,202.1040202,199.6253835,197.7741911,196.8832367,198.0935684,198.3308437,199.5720377,200.9734601,199.9116981,200.032357,197.3384631,193.9945336,191.3381628,188.7197585,186.9301024,191.3310052,174.2342288,170.1721111,171.2360203,174.3570103,169.7373749,169.4754643,168.6880092,172.3221549,174.9672605,176.2100287,183.9712368,184.6660722,182.7123174,182.8763814,184.4513762,186.0312434
Annex_I,OECD_Europe,PRT,Portugal,1.B.2,Oil and Natural Gas,CO2bio,bio,,,,,,,,,,,,,,,,,,,,,,,,,,,,,,,,,,,,0.416304,237.235932,472.939752,428.275572,657.441012,829.121808,957.783816,796.856124,800.531352,878.048148,941.08068,875.93406,936.913392,951.97326,1028.999412,874.99596,844.981008,811.827492,892.6709772,771.9021826
Annex_I,OECD_Europe,PRT,Portugal,1.A.4,Residential and other sectors,CO2bio,bio,1186.5,1163.1,1133.4,1090.7,1086.5,1083.5,1099.5,1123.3,1256,1256,1381.4,1423.2,1423.3,1423.3,1423.3,1506.9,1507,1506.9,1507,4814.9,4814.9,4814.9,4814.9,4814.9,4814.9,4814.9,4814.9,4814.9,4814.9,4814.9,4814.9,4814.9,4814.9,4814.9,4850,4875,4860,4880.9568,4878.3372,4883.5764,2996.3176,3042.7588,3423.35,3403.266,3395.0856,3375.6856,3346.6184,3367.149,3340.158948,3340.72846,3374.453016,3414.994332,3422.334096,3500.16189,3500.782674
Annex_I,OECD_Europe,PRT,Portugal,3.C.1,Emissions from biomass burning,CO2bio,bio,252.5494654,233.8567903,233.8795707,224.7943672,186.8605577,184.9607747,146.3116701,156.6215598,183.2371753,192.9307255,203.0905818,150.1707145,191.7745295,152.1522684,179.5747629,187.397995,195.329419,193.0319009,191.9842186,197.7941073,198.5841601,214.4002238,142.5639938,100.0933128,165.5889348,153.4849161,196.6984392,186.8325822,175.156418,167.8036905,155.426023,153.5140391,161.1929498,157.3028687,169.2494641,135.9753672,159.4467944,163.451641,164.5923047,169.7032016,174.0799566,185.7027627,184.9787583,182.5350071,171.6035539,178.921452,167.7926765,172.2042021,161.3524416,160.5298153,136.8112581,168.6549218,152.0834333,167.096016,159.6635057
Non-Annex_I,Rest South America,PRY,Paraguay,1.B.1,Solid Fuels,CO2bio,bio,59.83024,59.83024,61.0232,65.65296,66.14592,71.27456,73.36864,75.7616,79.25456,82.34752,83.70592,87.69888,92.69184,93.85024,99.3432,101.40048,118.76048,189.47072,218.43936,205.70208,206.03072,236.19072,251.66528,254.55936,234.67072,221.59776,210.15936,219.10368,217.87504,170.45344,170.45344,157.51184,188.3664,193.12368,204.36208,211.17776,515.86032,691.47104,733.41264,477.14032,485.52736,463.33872,442.35008,467.10304,456.85168,1132.00576,1084.68144,1169.17908,1142.15588,1060.79636,1098.70568,1086.68796,1096.76248,998.6455369,998.6455369
Non-Annex_I,Rest South America,PRY,Paraguay,1.A.1.a,Main Activity Electricity and Heat Production,CO2bio,bio,155.3,155.3,156.4,162.2,183.4,123.5,120.6,134.9,162,159.2,149.5,137.4,71.8,96.1,131.3,108.1,49.2,48.6,120.6,80.5,180.2,525.2,122.2,119.1,400.6,66.3,212.3,183.2,183.2,183.2,,,,,,,,,,,,,,,,,,,,,,184.512,184.512,184.512,184.512
Non-Annex_I,Rest South America,PRY,Paraguay,1.A.2,Manufacturing Industries and Construction,CO2bio,bio,2338.248,2338.248,2346.248,2596.048,2566.648,2334.748,2543.248,2575.348,2898.048,2965.448,3398.248,3393.248,3495.648,3718.248,3505.748,3542.948,3250.648,4095.43504,4256.80912,4779.57344,4627.09072,4746.00528,5284.46144,4969.36304,5616.2536,6444.0832,6985.75616,7177.16576,7274.8084,6187.27928,6014.49448,5814.6208,5734.14968,5715.01208,4627.9664,4763.26384,4845.6952,4833.35432,4907.31624,4814.76576,4985.04096,4653.73896,4731.7928,4531.12336,4697.2576,4755.60344,5894.98408,5763.411388,5863.545508,5739.973868,5655.912388,5676.65692,5455.921464,5658.662642,5658.723488
Non-Annex_I,Rest South America,PRY,Paraguay,1.A.4,Residential and other sectors,CO2bio,bio,3277.06976,3277.06976,3334.2768,3389.74704,3459.25408,3515.42544,3581.03136,3647.0384,3708.34544,3775.65248,3840.69408,3909.80112,3975.60816,4052.64976,4123.2568,4202.99952,4798.03952,5042.25248,5166.7952,5154.07248,5269.75088,5417.64224,4718.40656,4849.94816,4455.77248,4578.87952,4697.04976,4908.89248,4293.8368,4332.75952,4332.75952,4675.57248,4489.98112,4618.45248,4518.63792,4366.13536,3790.47696,3956.23536,4094.61808,4207.25104,4209.55104,4125.61536,4015.97104,3719.00512,3837.76944,3792.81216,5365.30512,5505.069936,5231.128656,5115.642576,4844.288816,4503.454776,4457.913456,4090.642395,4090.699654
Non-Annex_I,Rest South America,PRY,Paraguay,1.A.3.b_noRES,Road Transportation no resuspension,CO2bio,bio,,,,,,,,,,,,13.28208,26.56416,24.66672,36.05136,26.56416,20.87184,47.436,49.33344,43.64112,45.53856,53.12832,53.12832,53.12832,36.05136,17.07696,7.58976,9.4872,7.58976,13.28208,3.79488,1.89744,1.89744,1.89744,,47.436,45.53856,78.50304,88.69824,175.7256,223.64304,222.00048,233.38512,303.08064,333.43968,387.04944,452.2704,456.165816,516.911508,614.968092,560.568204,640.727964,599.372976,618.4424001,649.9610938
Non-Annex_I,Rest South America,PRY,Paraguay,1.B.2,Oil and Natural Gas,CO2bio,bio,,,,,,,,,,,,13.28208,26.56416,24.66672,36.05136,20.87184,34.15392,47.436,47.436,51.23088,45.53856,49.33344,55.02576,51.23088,36.05136,28.4616,22.76928,9.4872,7.58976,20.87184,3.79488,1.89744,1.89744,1.89744,,49.33344,47.436,82.29792,90.59568,175.7256,225.54048,225.79536,242.87232,293.84832,313.7856,383.028,456.06528,458.962416,519.71094,617.759028,563.364804,643.59678,602.247456,621.3779056,734.0447028
Non-Annex_I,Rest South America,PRY,Paraguay,1.A.3.c,Railways,CO2bio,bio,55.6,55.6,54,60,59.7,50.2,42,44,45,53.7,64.9,57.4,61.1,48.6,44.6,39.8,47.7,58,52.9,42.6,32.6,30.1,30.1,40.8,31.4,32.8,30.1,30.6,30.2,29.8,29.8,29.8,,,,,,,,,,,,,,,,,,,,,,,
Non-Annex_I,Rest South America,PRY,Paraguay,3.C.1,Emissions from biomass burning,CO2bio,bio,427.0299425,456.607398,387.7367872,409.9575795,484.8133461,485.4710887,547.8460487,635.6681668,650.5113355,737.2284158,799.5340368,937.4246443,1049.696229,1069.287458,1154.10867,1306.763727,1161.124554,1347.146617,1540.7472,1626.01853,1567.531041,1251.941482,1333.973479,1577.166692,1573.350592,1709.868088,1909.889089,2091.055471,2067.322167,2137.463597,1977.470671,2460.236569,2524.521527,2936.087785,3020.240251,3013.82446,3267.32642,4172.206983,4497.732927,3916.131873,5381.828046,5800.915307,4719.588576,6377.460722,6412.290915,6843.368921,6886.50521,7152.102967,7194.406202,6962.715388,7902.735218,7139.684613,5653.93584,7159.616422,7677.036262
Non-Annex_I,Oceania,PYF,French Polynesia,1.A.1.a,Main Activity Electricity and Heat Production,CO2bio,bio,0.000547347,0.000542483,0.000550176,0.00051843,0.000486326,0.00056933,0.000577545,0.000585045,0.000667161,0.002906139,0.002882328,0.003035765,0.003255374,0.003434307,0.003627821,0.003738305,0.003813368,0.003872241,0.003972232,0.004068008,0.012660383,0.012936323,0.013131134,0.0133057,0.014538639,0.032932104,0.03425497,0.032671244,0.032675198,0.026824026,0.040099167,0.058244929,0.062881759,0.087366999,0.088703251,0.090794469,0.08278743,0.075318146,0.070761398,0.072328208,0.077569535,0.081776798,0.224751524,0.541776821,0.244382722,0.203757159,0.205638274,0.092653374,0.117425025,0.137208596,0.128288457,0.123569756,0.147943947,0.153823794,0.159944834
Non-Annex_I,Oceania,PYF,French Polynesia,1.A.4,Residential and other sectors,CO2bio,bio,0.970735114,0.962107568,0.99054631,0.95044261,0.904185647,0.921932687,0.951224973,0.974766807,0.989235695,0.991731208,0.996643075,1.05418099,1.099590811,1.164478284,1.19324467,1.245513309,1.290651568,1.324056445,1.364630671,1.399800491,2.524759113,2.585754399,2.85662397,2.868303538,2.937954408,3.356663242,3.513326479,3.743271173,4.570351478,3.747563668,3.702251553,4.262187483,3.836201232,3.815935529,3.84234704,3.864096967,4.109114524,4.262622142,4.354015722,4.543872345,4.400600255,6.062006587,6.10130959,6.70629486,6.680233722,6.74811357,6.849820631,6.909114521,6.90797238,7.160842701,7.015903513,7.000037834,7.088300877,6.651002038,6.651002038
Non-Annex_I,Oceania,PYF,French Polynesia,1.A.5,Non-Specified,CO2bio,bio,,,,,,,,,,,,,,,,,,0.001033355,0.001060039,0.001085598,0.001865741,0.002030198,0.001872286,0.002317356,0.002474938,0.004171109,0.00433866,0.004611326,0.004611884,0.005294185,0.006693173,0.012518937,0.007430243,0.006844539,0.008105565,0.007113794,0.008921088,0.010259298,0.010889768,0.018887838,0.015227492,0.019182402,0.019067095,0.018887596,0.014979175,0.016929625,0.017394276,0.016591681,0.013219428,0.012080758,0.011273846,0.003823729,0.003865776,0.003571025,0.003571025
Non-Annex_I,Oceania,PYF,French Polynesia,1.A.2,Manufacturing Industries and Construction,CO2bio,bio,,,,,,,,,,0.000485856,,0.002030109,0.003480897,0.009423655,0.009862142,0.00897851,0.003455515,0.007449237,0.004321695,0.009770378,0.409275669,0.413306246,0.428263467,0.438082218,0.471624644,0.347250257,0.361199123,0.306975965,0.255360013,0.330323971,0.461278935,0.427094748,0.467156455,0.434077505,0.449464796,0.426372791,0.448183115,0.394654406,0.373410046,0.338414118,0.310948975,0.342783143,0.332259832,0.231494112,0.275714808,0.283604178,0.21656593,0.25158297,0.229434479,0.236206683,0.222908739,0.222738862,0.227796186,0.228806476,0.228806476
Non-Annex_I,Oceania,PYF,French Polynesia,1.B.1,Solid Fuels,CO2bio,bio,0.024361924,0.024145404,0.025498142,0.024281381,0.023582377,0.024294395,0.024978804,0.025723686,0.026046708,0.026056281,0.026244357,0.027218496,0.027945228,0.029108854,0.030129002,0.03034495,0.030954256,0.032056701,0.034480373,0.036075241,0.290619405,0.297102163,0.302317668,0.308488519,0.31821738,0.101635287,0.112646151,0.122984062,0.12834873,0.134625809,0.183251117,0.189843043,0.196583837,0.203565456,0.210823308,0.220270398,0.226796111,0.233665832,0.241477236,0.248436274,0.255375716,0,0,0,0,0,0,0,0,0,0,0,0,0,0
Non-Annex_I,Oceania,PYF,French Polynesia,3.C.1,Emissions from biomass burning,CO2bio,bio,3.09570512,3.140132375,3.186487327,3.236661805,3.281839446,3.331739388,3.381635224,3.433464186,3.483361082,3.53325942,3.583164096,3.408767319,2.986456325,2.51066376,2.386584837,2.205103882,2.001129461,1.83298929,1.718195589,1.590741329,1.490856821,0.243356328,0.228910306,0.21247191,0.195400945,0.181932292,0.178268357,0.174140144,0.172574916,0.166879384,0.171345871,0.161663248,0.165915706,0.163886926,0.158302818,0.156927971,0.157058431,0.155226806,0.153194845,0.151296088,0.149278235,0.148109958,0.158649297,0.157637336,0.155940562,0.154544798,0.153065646,0.151759561,0.15739647,0.164171465,0.169395045,0.160151057,0.156600018,0.156510795,0.156429242
Non-Annex_I,Oceania,PYF,French Polynesia,1.B.2,Oil and Natural Gas,CO2bio,bio,,,,,,0.001031911,0.0010468,0.001060394,0.001060147,0.001043691,0.00103514,0.001090244,0.001510023,0.001593022,0.002053283,0.007619126,0.064771333,0.066906866,0.069438347,0.094148745,,,,0.003183182,0.003239447,0.005459566,0.005678874,0.005764157,0.005764855,0.006321,0.009522687,0.010870997,0.010898112,0.010925238,0.011372212,0.011397529,0.011415322,0.011443851,0.011458622,0.011472263,0.011474783,0.011500415,0.011504842,,,,,,,,,,,,
Non-Annex_I,Middle_East,QAT,Qatar,1.A.4,Residential and other sectors,CO2bio,bio,14.6984,14.6984,8.7992,8.7992,8.7992,8.7992,8.1992,8.3992,8.4992,5.1496,22.3976,22.5976,22.9976,23.3976,23.7976,24.1976,24.8976,25.2976,25.2976,25.5976,25.7976,26.0976,8.9496,5.7,5.9,12.9992,12.9992,9.5496,9.6496,13.1992,13.4992,24.148,14.0992,11.0496,6.5496,6.6496,29.748,22.0992,41.9472,26.6992,52.1464,56.696,20.648,20.848,30.5968,30.6472,40.296,44.96288,30.78572,41.51256,31.15432,23.7366,23.7366,19.39913402,19.39913402
Non-Annex_I,Middle_East,QAT,Qatar,1.B.1,Solid Fuels,CO2bio,bio,,,,,,,,,,,,,,,,,,,,,,,,,,,,,,,6.0504,6.0504,6.0504,6.0504,6.0504,6.0504,6.0504,6.0504,6.0504,6.0504,6.0504,6.0504,6.0504,6.0504,6.0504,6.0504,6.0504,4.68384,4.68384,4.68384,4.6772,4.6772,4.6772,4.673446958,4.673446958
Non-Annex_I,Middle_East,QAT,Qatar,3.C.1,Emissions from biomass burning,CO2bio,bio,,0.046206533,0.059320699,0.058992666,0.066679961,0.072334378,0.125662359,0.119126255,0.151345739,0.173415925,0.202639206,0.226919013,0.402607439,0.26366321,0.333855929,0.439379056,0.554492916,0.844502024,0.896029635,0.916118963,0.966358527,1.078396405,1.078958711,1.493201949,1.090259342,1.173583139,1.413048743,1.569433176,1.563496253,1.921967082,1.933350109,1.761933134,1.720344035,1.890608524,1.472662365,1.923670882,1.82734558,1.330163219,0.821818181,0.566076744,0.665401553,0.431852485,0.490169865,0.596010492,0.615311672,0.455578531,0.361235303,0.360529894,0.573826698,0.260299178,0.38866534,1.047975483,0.535041737,0.747111469,0.75014387
Non-Annex_I,Eastern_Africa,REU,Reunion,1.A.2,Manufacturing Industries and Construction,CO2bio,bio,1931.226607,1931.030456,1931.088247,1931.130688,1931.086327,1931.10523,1931.318904,1933.961526,1934.127438,1933.925082,1933.935219,1934.442925,1934.66557,1934.671766,1934.677994,1934.480306,1934.615648,1934.449367,1934.579389,1934.345368,1932.329631,2153.405061,1351.996328,1044.725563,1045.004426,1044.997073,891.4486826,768.5510239,615.0336175,0.998912254,1.016760765,0.96509087,1.149065258,1.174780538,1.154548955,1.186449982,1.063638144,1.186504191,1.234778248,1.122940682,1.07030761,1.068797755,1.067298459,1.065809721,1.0643421,1.062885037,1.059506341,1.056148761,1.052812299,1.049486395,1.046192166,1.042919054,1.039667059,1.039667059,1.039667059
Non-Annex_I,Eastern_Africa,REU,Reunion,1.A.1.a,Main Activity Electricity and Heat Production,CO2bio,bio,,,,,,,,,,,,,,,,,,,,,0.12609553,0.149379102,0.500003415,0.627083326,0.622210746,0.610031391,0.635160692,0.653675519,0.666723133,0.870460969,0.869519745,0.851017716,0.821570457,0.818723476,0.820861316,0.747570285,0.744148893,0.689159042,1.083968269,1.253899916,1.309430799,1.290716156,1.289728708,1.288748215,1.287781629,1.286821996,1.284596762,1.282385436,1.280188017,1.277997552,1.275827949,1.273672253,1.271530465,1.200647393,1.206120878
Non-Annex_I,Eastern_Africa,REU,Reunion,1.A.4,Residential and other sectors,CO2bio,bio,56.825397,47.15760537,46.9752505,46.13352654,45.73794857,45.1573817,51.3087722,154.9571586,151.8454743,145.1181016,144.0818757,152.0776996,158.2785891,165.443629,173.7524738,175.4702915,161.9338045,153.5639396,153.7823001,158.6244991,164.2739945,166.4888403,157.5524928,156.6068918,153.8351545,157.7559857,159.611551,161.2401806,161.4015113,167.0886926,168.2130683,163.8990103,164.1304164,164.6463113,165.5225221,169.8075858,169.2929999,168.844518,167.6777782,168.7879042,169.3944395,169.1876624,168.9803375,168.7743912,168.5712022,168.3713182,167.8608029,167.3549713,166.851897,166.3502014,165.8526416,165.3578391,164.8657939,164.8657939,164.8657939
Non-Annex_I,Eastern_Africa,REU,Reunion,1.B.1,Solid Fuels,CO2bio,bio,0,0,0,0,0,0,0,0.127215164,0.176126564,0.177405607,0.247482754,0.341295068,0.414200341,0.522232438,0.578881867,0.624314026,0.64396908,0.735545227,0.897400265,1.000781724,0,0,0,0,0,0,0,0,0,0,0,0,0,0,0,0,0,0,0,0,0,0,0,0,0,0,0,0,0,0,0,0,0,0,0
Non-Annex_I,Eastern_Africa,REU,Reunion,3.C.1,Emissions from biomass burning,CO2bio,bio,90.52030179,81.06013687,102.3657606,102.1482888,96.04882944,94.36581979,104.1836567,105.4967093,112.2182327,113.3748151,100.3971081,111.1207431,117.0801116,96.57517613,102.6666568,98.17065406,100.4032248,103.4977373,105.5931659,84.02449738,85.02491414,95.69060328,94.859988,82.07439333,80.85737717,87.87558071,87.23273511,90.36524282,79.82591773,92.11519072,87.94203717,87.29650643,87.01034248,91.11711013,93.89423622,86.59947093,90.64292433,79.20481811,86.17868097,90.67826666,89.48882071,90.80643358,88.55087272,83.27633969,85.30540274,91.28376882,86.06730303,82.71518953,86.54032967,87.19395265,87.84238271,88.47572388,88.9571306,89.44126563,90.02085337
Non-Annex_I,Eastern_Africa,REU,Reunion,1.A.5,Non-Specified,CO2bio,bio,,,,,,,,,,,,,,,,,,,,,19.51576569,19.99717097,21.65568061,21.10867115,20.97372428,21.3124581,20.15073218,22.63323314,22.59256044,24.82152034,25.52264376,22.90381275,23.06315861,23.36216252,23.50635183,23.6586718,23.50074889,22.79281548,22.83888139,22.99866316,23.09791999,23.09041433,23.08140753,23.07240074,23.06339395,23.05588829,23.00184753,22.94930791,22.89676828,22.84422866,22.79168903,22.73914941,22.68660979,22.68660979,22.68660979
Annex_I,Central Europe,ROU,Romania,1.A.3.b_noRES,Road Transportation no resuspension,CO2bio,bio,,,,,,,,,,,,,,,,,,,,,,,,,,,,,,,,,,,,,,119.85024,317.571984,482.358276,341.995152,577.69968,644.979504,603.082896,493.994256,600.197088,762.284484,881.071308,880.591284,1222.296156,1432.483656,1469.568696,1655.897304,1572.323242,1422.289464
Annex_I,Central Europe,ROU,Romania,1.A.1.a,Main Activity Electricity and Heat Production,CO2bio,bio,,,,,,,,,,,,,,,,,,,,58.6,54.7,77.2,813.2,825.9,269.9,287.7,270,88,83.3,59.3,110,61.1,378.638,89.9,292.3,108,373.1,122.5104,137.4742,140.4288,262.9288,430.044,385.112,408.1694,771.406,819.9606,838.2092,836.217808,748.714742,803.296408,814.198656,1007.62224,932.204936,675.3835305,671.5257913
Annex_I,Central Europe,ROU,Romania,1.A.3.e,Other Transportation,CO2bio,bio,,,,,,,,,,,,,,,,,,,,58.6,54.7,77.2,15,2.1,3.7,3.2,2.4,22.3,,,,,,,,,,,,,,,,,,,,,,,,,,,
Annex_I,Central Europe,ROU,Romania,1.A.5,Non-Specified,CO2bio,bio,,,,,,,,,,,,,,,,,,,,,,701.3,92.4,175.7,172.6,161.8,316.5,220.8,123.7,221,70.2,548.6,636.7,616.7,508.4,777.9,723.1,603.1736,556.819,494.319,518.4282,279.7432,306.6316,227.747,199.8,441.0478,518.8318,439.621346,,,,,,,
Annex_I,Central Europe,ROU,Romania,1.A.1.bc,Petroleum Refining - Manufacture of Solid Fuels and Other Energy Industries,CO2bio,bio,,,,,,,,,,,,,,,,,,,,,,,,,,,,,,0.7,1.4,3.2,2.6,2.3,1.6,0.6,0.2,0.2,,0.8,0.1,,0.2,0.2,0.3,0.3,0.2,0.284,0.094,0.499,0.178,0.094,0.498,0.351219795,0.351219795
Annex_I,Central Europe,ROU,Romania,1.B.2,Oil and Natural Gas,CO2bio,bio,,,,,,,,,,,,,,,,,,,,,,,15.8,8.7,2.2,1.3,12.5,3.8,0.4,,6.8,5.8,2.9,,,0.3,1.8,63.2976,243.576164,224.24122,137.8688,382.173616,389.333956,436.768548,310.434352,469.473616,554.945056,519.858996,557.228568,650.032744,847.297996,704.813324,681.18022,769.0451009,811.1446688
Annex_I,Central Europe,ROU,Romania,1.A.2,Manufacturing Industries and Construction,CO2bio,bio,,,,,,,,,,,,,,,,,,,,,,130.9,174.6,156.2,822,938,962.7,1265.3,925,935.9,1092.9,964.9,1358.2,1992.2,1101.9,1028,1225.3,1477.6098,871.9,887.6092,1051.2864,876.7612,1088.9458,1143.4648,1089.9562,1023.7784,1226.2084,1211.851802,1010.61291,990.384954,835.39288,842.151824,875.601348,589.2140121,588.704336
Annex_I,Central Europe,ROU,Romania,1.A.3.c,Railways,CO2bio,bio,,,,,,,,,,,,,,,,,,,,,,,14,18.4,8.3,19.7,21.1,18.9,22.7,7,1.3,5.8,15.3,12.9,0.4,2.8,2.5,5.8,0.6,0.3,,0.1,0.1,1.3,1.3,0.2,0.6,0.536,0.176,0.147,0.152,0.12,0.182,0.108578976,0.108578976
Annex_I,Central Europe,ROU,Romania,1.A.3.d,Water-borne Navigation,CO2bio,bio,,,,,,,,,,,,,,,,,,,,,,,,,,,,,,,,,0.1,,,,,,,,,,,,,,,,,,,,,,
Annex_I,Central Europe,ROU,Romania,1.A.4,Residential and other sectors,CO2bio,bio,5806.1,5806.1,6151.9,5731.9,5155.6,5269.8,5016.8,4911.4,5024.7,4021.5,4001,3875.9,4457.1,4457.1,4053.7,4995.4,4524.5,3989.3,3750.9,2608.1,2409.8,1989.7,2195.2,3181,3758.6,4242.9,9103.5,12313,11343.7,10569.1,10286.2,7347.7,7453.2,9189.4,11145.7,11450.9,10789.3,11381.8,14389.2,14254.2,14792,13194.4,13770.9,13177.3,13088.5,12389.7,12480.7,12801.128,13113.71059,13204.49042,13209.20918,14039.04855,13234.34165,12656.29394,12655.08529
Annex_I,Central Europe,ROU,Romania,3.C.1,Emissions from biomass burning,CO2bio,bio,514.641732,670.8812385,747.0553774,637.334279,630.7859401,674.9760014,850.7364738,796.0043273,784.2827801,763.9920517,821.1525215,691.7630704,777.1266485,675.2750435,768.021036,687.3226081,678.0371074,598.6285895,649.1852348,609.0311262,521.3703355,520.5886964,336.7197279,399.881103,434.9158969,449.4726165,355.4034505,589.7790518,487.9424316,545.1119136,427.1018057,687.6288167,519.8838374,449.1839208,816.8932848,682.6121937,560.8924245,321.6359511,595.292632,519.0371233,565.6788246,651.681376,431.6499259,592.0635388,586.4034254,508.928296,521.7140009,591.7460785,615.4632849,556.1657444,326.9941467,473.7582359,348.4138448,380.4753865,330.9818009
Annex_I,Central Europe,ROU,Romania,4.C,Incineration and Open Burning of Waste,CO2bio,bio,,,,,,,,,,,,,,,,,,,,,,,,,,,,,,,,21.0903,22.23309,33.00891,38.182595,41.98359,120.1221266,9.369834413,34.74794857,40.32137349,43.21716697,18.01861165,11.0489351,4.818251056,11.95975018,8.458771661,10.40138565,9.750416431,11.89343138,13.68095764,11.38044597,17.27138068,19.0328344,20.88931799,22.92688504
Annex_I,Russia +,RUS,Russian Federation,1.B.1,Solid Fuels,CO2bio,bio,,,,,,,,,,,,,,,,,,,,,,,,,,,,,,,,,,,,,,,,,,,,,,267.7752,310.2792,326.11268,323.04212,272.4444,231.07252,235.37972,235.56768,235.56768,235.56768
Annex_I,Russia +,RUS,Russian Federation,1.A.1.bc,Petroleum Refining - Manufacture of Solid Fuels and Other Energy Industries,CO2bio,bio,128.87057,128.87057,131.4485391,134.3724066,137.2525003,130.1871197,141.7815489,145.8204737,261.3237946,268.2226259,267.6045546,267.5609476,270.1623443,269.9758277,277.7693881,291.8805231,295.4438665,298.1718262,301.983104,304.9488143,365.4,344.7,322.5,209.2,38.9,182.8,158.6,25.2,1.5,3.8,7.1,7.4,29.6,16.9,11.7,2.4,8.6,25,2.5,,,,,,,,,,,,,,,,
Annex_I,Russia +,RUS,Russian Federation,1.A.4,Residential and other sectors,CO2bio,bio,65005.24182,65005.24182,64252.86575,62823.37657,63801.45521,61845.21781,61995.74063,60716.69415,58534.82967,58760.53456,59362.38781,60867.13994,62672.85375,60415.7294,64102.34601,65285.10124,60717.46525,64935.21938,61001.09849,56088.05082,33458.6,31570,29538.5,30366.6,19246.8,16221.5,14524.8,13009.3,9359.7,12737.2,9395.9,9064.7,7874.8,7975.6,6938.3,8417.8,8567.8,9490.4,8339.1,7514.8,7780.8,8225,8864.6,8646.9,8004.2,8318.796,9201.596,8306.37012,8790.67776,8837.0872,8970.19068,8996.25268,7799.44968,7818.858872,7818.858872
Annex_I,Russia +,RUS,Russian Federation,1.A.1.a,Main Activity Electricity and Heat Production,CO2bio,bio,,,,,,,,,,,,,,,,,,,,,16694.3,15752,14738.3,10157.8,9336.1,9383.7,7247.2,5860.1,5312.7,6426.4,5354,5180.8,5126.2,4683.7,5429.6,5106.2,5096.2,5366.2,4048.7,4090.6,4157.2,4063.6,3852.7,3595.7,3254,3071.9,2402.5,2289.704,2092.526,2360.264,2385.925,2604.962,2257.634,2263.263461,2263.263461
Annex_I,Russia +,RUS,Russian Federation,3.C.1,Emissions from biomass burning,CO2bio,bio,20180.89811,19803.11024,18676.8972,22696.02527,20518.21992,16823.74385,22668.40278,20869.94851,24241.94781,19659.20271,20588.88838,18141.29823,19968.90301,20218.69714,18622.28486,19848.84721,21233.05229,20860.94187,20011.74288,21326.99592,23080.2941,18127.81521,20946.1853,19770.47702,16275.28448,13931.98112,14655.09821,17409.60561,10694.89053,11877.02388,13456.64429,16738.00398,17249.48916,13409.21029,15720.23727,15966.33113,15885.93874,16477.78727,20805.53546,19271.72192,13181.00389,19025.25823,14839.18848,18327.73682,20523.94975,20775.66946,23614.25351,26269.42937,22694.92184,24045.13575,25903.66473,24020.37515,30431.10673,27717.22486,25767.56989
Annex_I,Russia +,RUS,Russian Federation,1.A.5,Non-Specified,CO2bio,bio,944.2280168,944.2280168,933.2994433,912.5355219,926.7425186,898.3273615,900.5137677,881.9350887,850.2426049,853.5210617,862.263229,884.120376,910.3491157,877.5634512,931.1130819,948.2930907,881.9462892,943.210912,886.0661792,814.7021304,486,458.7,429.2,2429.2,445.9,143.4,211,134.9,,,816.5,854.4,1117.9,1233.4,1007.6,,,523.9,,,,,,,,,,,,,,,,,
Annex_I,Russia +,RUS,Russian Federation,1.A.2,Manufacturing Industries and Construction,CO2bio,bio,,,,,,,,,,,,,,,,,,,,,,,,,,,,,1062.7,1653,737.8,681.8,617.2,717.6,930.7,1095.7,348.5,333,835.7,545.4,406.7,366.6,390.8,422.3,337.1,391.188,279.7888,330.88784,419.15452,923.944584,922.163264,989.482872,992.446776,994.6907976,994.6907976
Annex_I,Russia +,RUS,Russian Federation,1.B.2,Oil and Natural Gas,CO2bio,bio,35.7634665,35.7634665,36.47889059,37.29030655,38.08957466,36.12882829,39.34645184,40.4673125,72.52117202,74.43569852,74.26417471,74.25207313,74.97399872,74.92223766,77.08506455,81.00111075,81.9899906,82.7470393,83.80472458,84.62775252,101.40384,96.12186,88.72836,128.86738,264.0725,59.15224,72.88454,63.3774,31.6887,42.2516,123.58646,132.03572,322.33838,302.10064,16.90064,,755.4,,,,,,,,,,,,,,,,,,
Annex_I,Russia +,RUS,Russian Federation,4.C,Incineration and Open Burning of Waste,CO2bio,bio,,,,,,,,,,,,,,,,,,,,,,,,,,,,,,,,,,,,,4.741,4.723123274,4.705246548,4.417165096,12.22290241,4.29594706,,,,,,7.544691009,9.221289011,9.221289011,27.6546875,27.6546875,27.6546875,27.6546875,31.3413672
Non-Annex_I,Eastern_Africa,RWA,Rwanda,1.A.5,Non-Specified,CO2bio,bio,,,,,,,,,,,,,,,,,,,,,,,,,,,,,,,,,,,,,,,,51.76864,51.76864,55.00432,58.24,61.47568,64.71136,64.71136,67.94704,67.43856,48.692,49.87024,51.07648,52.30288,53.52928,53.44910467,53.44910467
Non-Annex_I,Eastern_Africa,RWA,Rwanda,1.A.1.a,Main Activity Electricity and Heat Production,CO2bio,bio,,,,,,,,,,,,,,,,,,,,,,,,,,,,,,,0.7,0.7,0.7,0.7,0.7,0.7,0.7,1.4,0.7,1.4,1.4,1.4,1.4,1.4,1.4,1.4,1.4,1.554,1.554,1.554,1.554,1.554,1.554,1.554,1.554
Non-Annex_I,Eastern_Africa,RWA,Rwanda,1.A.2,Manufacturing Industries and Construction,CO2bio,bio,30.688,30.688,30.688,30.688,33.388,33.388,33.388,33.388,33.388,36.888,37.788,37.788,36.888,36.888,36.888,36.888,36.888,42.288,44.088,40.488,39.588,51.4944,51.4944,51.4944,31.6504,11.9064,,,,,37.02608,37.02608,59.61136,31.154624,56.5632,230.1632,299.38464,281.79248,294.3576,290.39248,256.72512,298.99248,303.39248,270.12512,326.21952,265.79808,301.38608,430.10916,466.47352,498.2552,483.1416,525.784,562.18468,562.163191,561.610807
Non-Annex_I,Eastern_Africa,RWA,Rwanda,1.A.4,Residential and other sectors,CO2bio,bio,9451.27808,9451.27808,9750.56672,10044.17808,10361.23216,10717.90512,10947.38512,11300.87488,11619.56624,9788.64352,10127.80624,10474.61056,10854.56464,11241.83328,11986.09168,12416.48144,12523.2544,12714.1528,12811.22096,14237.08096,8377.56528,8154.3112,7859.8744,7656.03328,7109.12576,11483.95168,12228.5144,15153.79712,12497.31792,12998.23792,8965.13792,8965.13792,8965.13792,8965.13792,8965.13792,7689.53792,7862.53792,8037.23792,8215.43792,8492.62336,8713.95204,8923.38992,9216.40888,9410.90024,9476.2916,9535.9532,9578.48024,9687.788256,9996.933496,10248.34866,10659.5591,11046.69626,11296.6069,11294.84133,11294.85262
Non-Annex_I,Eastern_Africa,RWA,Rwanda,1.B.1,Solid Fuels,CO2bio,bio,8959.62192,8959.62192,9372.93328,9703.52192,10100.26784,10645.79488,10497.01488,10910.32512,11092.13376,11174.75648,11389.69376,11670.68944,12067.43536,12331.96672,13009.70832,13423.01856,13968.5456,14943.8472,15439.77904,15886.11904,16018.33472,14877.6888,13373.4256,12331.96672,14001.57424,12712.14832,12927.0856,14034.60288,3587.18208,3846.06208,4061.36208,4188.26208,4248.66208,4317.86208,4390.36208,4484.36208,4603.86208,4739.56208,4887.26208,5039.26208,5158.00528,5271.91504,5383.888,5499.16096,5619.23392,5742.4712,5869.47392,6070.9096,6186.6376,6343.2818,6497.3716,6653.55864,6809.24668,6809.24668,6809.24668
Non-Annex_I,Eastern_Africa,RWA,Rwanda,3.C.1,Emissions from biomass burning,CO2bio,bio,173.9166942,167.6054947,162.7251722,166.4099402,171.1075677,183.0457726,192.4838644,201.9016454,209.1032216,207.8668536,214.0282315,231.4944972,238.7482031,242.8801016,241.2784277,267.5476185,236.1894938,235.5838893,232.5957452,226.4598034,255.1661837,288.3705941,262.2641174,207.2522546,145.1961503,136.5716576,174.076119,202.7417238,195.4754701,213.0213029,286.8748387,314.7634913,321.4258177,316.9413441,318.7039023,337.4168402,332.863979,347.5625835,351.1292364,377.2654716,395.6692291,402.5065491,423.0352458,453.7046855,379.2675671,402.6821697,427.6726096,455.3407645,464.2449489,471.8688132,480.46318,513.1182283,508.3283042,508.6520509,492.3686096
Non-Annex_I,Middle_East,SAU,Saudi Arabia,1.A.4,Residential and other sectors,CO2bio,bio,6.8992,6.8992,6.8992,6.8992,4.4496,4.4496,9.7992,6.8992,12.3488,13.7984,6.8992,20.6976,37.9456,37.9456,37.9456,13.7984,41.3952,41.3952,41.3952,57.1936,57.1936,57.1936,37.9456,27.5968,59.9432,48.8944,19.448,18.048,20.9976,20.9976,20.9976,20.9976,24.4472,24.4472,24.4472,24.5472,24.5472,27.9968,27.9968,27.9968,31.4464,31.4464,31.5464,31.5464,31.5464,34.996,34.996,35.0698,35.9162,36.7458,36.92128,36.87212,37.33956,39.01908722,39.01908722
Non-Annex_I,Middle_East,SAU,Saudi Arabia,3.C.1,Emissions from biomass burning,CO2bio,bio,193.4015624,187.705028,68.83917835,93.18457811,201.8276331,178.2953352,195.5610361,192.600527,200.6696468,224.3584981,213.5599042,169.584426,234.3904817,386.9346242,624.5541863,936.4312341,1024.30512,1201.468324,1507.465708,1602.20996,1672.829398,1860.306394,1908.621246,1876.804857,1703.692757,1006.282954,748.4582147,949.5884304,903.9646437,1014.595298,898.7706084,1049.444177,1170.03477,1200.060882,1290.0027,1220.32806,1220.213058,1185.311657,958.9592375,612.8846404,626.4238323,562.6531037,428.9429944,344.9885625,530.517715,536.0464404,497.5534928,493.3427326,458.7014483,426.5395807,431.9159203,347.9086098,425.2367752,476.210357,572.3576409
Non-Annex_I,Central Europe,SCG,Serbia and Montenegro,1.A.5,Non-Specified,CO2bio,bio,3036.227013,3036.227013,1593.582562,1529.207101,1485.278676,1576.162753,1662.324446,1656.710154,1465.230816,1372.966109,1228.890158,1531.389199,1786.397533,1699.346161,1838.165563,1819.455118,1852.511366,1613.630422,1654.929013,1718.056606,,,,,,,,,,,,,,,,4.1,10.1,31.2,30.9,29.7,7.9,,,,,,,,,,,,,,
Non-Annex_I,Central Europe,SCG,Serbia and Montenegro,1.A.3.b_noRES,Road Transportation no resuspension,CO2bio,bio,,,,,,,,,,,,,,,,,,,,,,,,,,,,,,,,,,,,,,,,,,,,,,,,,,,,,2.138868,2.230154984,1.956619822
Non-Annex_I,Central Europe,SCG,Serbia and Montenegro,1.A.1.a,Main Activity Electricity and Heat Production,CO2bio,bio,,,,,,,,,,,,,,,,,,,,,,,,,,,,,,,,,,,,,5.5,12.2,2.2,6.2,8.4,9,9.4294,25.0366,23.6796,26.744,30.266,39.385554,56.15914,86.90959,111.59198,145.962948,174.502974,172.9135146,179.0526099
Non-Annex_I,Central Europe,SCG,Serbia and Montenegro,1.B.1,Solid Fuels,CO2bio,bio,,,,,,,,,,,,,,,,,,,,,,,,,,,,,,,,,,,,,,,,,,42.22,47.66,46.64,53.38,55.88,64.7,101.91788,67.1434,54.89584,80.61324,34.76276,37.60992,27.23086486,27.23086486
Non-Annex_I,Central Europe,SCG,Serbia and Montenegro,1.B.2,Oil and Natural Gas,CO2bio,bio,,,,,,,,,,,,,,,,,,,,,,,,,,,,,,,,,,,,,,,,0.1,0.1,0.3,0.2,2.3,3.2,2.1,1.9,0.33104,0.17944,0.16268,0.667,0.149,0.104,0.051750719,0.051750719
Non-Annex_I,Central Europe,SCG,Serbia and Montenegro,1.A.4,Residential and other sectors,CO2bio,bio,,,,,,,,,,,,,,,,,,,,,4894.4,4241.8,3151.8,3151.8,3080,3959.1,3080,3080,3080,3080,4113.99955,4120.99989,4125.80006,4129.7997,4129.7997,4725.1997,4726.7997,4680.89978,4811.50023,5821.80004,5681.69987,5386.10401,5688.40045,5152.29994,5433.99065,5488.7319,5913.22584,5740.209116,5761.367772,5856.064388,7868.636788,8200.798092,7719.961406,7715.92046,7719.050101
Non-Annex_I,Central Europe,SCG,Serbia and Montenegro,1.A.2,Manufacturing Industries and Construction,CO2bio,bio,,,,,,,,,,,,,,,,,,,,,,,,,,,,,,,133.10005,134.29956,135.10008,135.7997,135.7997,135.7997,135.7997,181.19968,137.09978,211.9001,265.5005,626.50045,371.76431,886.37382,624.03734,659.22954,658.83908,878.088778,826.772046,912.067904,891.166194,836.656098,782.028172,763.4069106,764.1382727
Non-Annex_I,Central Europe,SCG,Serbia and Montenegro,3.C.1,Emissions from biomass burning,CO2bio,bio,1260.409895,1505.107749,1454.063561,1474.37301,1647.970115,1530.447853,1687.655779,1702.151902,1493.588226,1595.089366,1594.149293,1557.634018,1756.953276,1764.364784,1831.313302,1633.043103,1809.071092,1599.133407,1600.695832,1691.338006,1558.518407,1940.954782,1192.682109,1278.083644,1422.692047,1482.066382,1172.679596,1608.574157,1430.425553,1359.092264,946.9156128,1418.886657,1332.503751,957.318841,1554.908452,1470.890621,1326.015416,1075.870422,1362.42258,1387.007019,1415.37051,1404.578883,1102.524686,1446.815862,1636.945558,1346.124365,1663.776065,1160.106257,1625.804231,1598.070046,1733.036455,1624.70666,1336.178194,1689.549152,1524.115685
Non-Annex_I,Central Europe,SCG,Serbia and Montenegro,4.C,Incineration and Open Burning of Waste,CO2bio,bio,,,,,,,,,,,,,,,,,,,,,,,,,,,,,,,,,,,,,0.11,0.111697665,0.113264741,0.09598338,0.56075188,0.121187178,0.125278987,0.133244954,0.132940245,0.148219232,0.134507321,0.146129798,0.148175702,0.150221607,0.150221607,0.150221607,0.150221607,0.150221607,0.150630787
Non-Annex_I,Eastern_Africa,SDN,Sudan,1.B.2,Oil and Natural Gas,CO2bio,bio,,,,,,,,,,,,,,,,,,,,,,,,,,,,,,,,,,,,,,,,,,,1.4,1.4,1.4,6.77568,6.77568,2.27248,12.19456,12.25772,12.44184,12.60836,12.80284,12.80284,12.80284
Non-Annex_I,Eastern_Africa,SDN,Sudan,1.A.2,Manufacturing Industries and Construction,CO2bio,bio,6241.04576,6241.04576,6275.42256,6312.69824,6352.47504,6394.35072,6449.8032,6506.95568,6561.93248,6621.38496,6681.13744,6741.98992,6803.0424,6909.27056,6919.27056,6976.02304,7023.99984,7073.35232,7117.628,7160.3048,7205.15728,7690.97776,7980.59616,7718.22944,8330.91024,8088.47504,9078.22624,9207.68736,10103.77856,10440.23728,11005.61328,11690.9984,11664.22368,10885.48928,11711.42928,10895.86928,11241.67584,10724.80448,9776.00208,11540.67376,8352.64272,10428.88704,9777.27824,9758.84256,9538.58208,8839.4808,8957.08032,8907.14656,8934.34268,8932.25256,8732.92936,8753.32084,8743.14612,8743.133805,8752.953965
Non-Annex_I,Eastern_Africa,SDN,Sudan,1.A.1.bc,Petroleum Refining - Manufacture of Solid Fuels and Other Energy Industries,CO2bio,bio,,,,,,,,,,,,,,,,,,,,,,,,,,,,,,,,,,,,,,,,,,,1.4,1.4,1.4,1.3,1.3,0.98,2.8,2.814,2.857,2.895,2.94,2.939990891,2.939990891
Non-Annex_I,Eastern_Africa,SDN,Sudan,1.B.1,Solid Fuels,CO2bio,bio,11498.92066,11498.92066,11720.71388,11963.7546,12224.94394,12499.38078,12848.10651,13210.15655,13577.6541,13954.45165,14336.34918,14721.19424,15111.41609,15799.74436,15870.53437,16228.28441,16547.23945,16852.44699,17147.00701,17426.86705,17702.17958,17946.94461,18193.80965,18443.67468,20763.72676,21052.30999,20873.43497,20694.55995,20515.68492,20336.8099,20937.20178,22551.26929,24286.69299,22722.8968,21149.57853,19585.78345,18412.96271,16982.60014,16801.44832,17287.76015,17774.07087,17945.69837,18055.57824,18234.20592,18416.85792,18613.3088,18792.45968,18970.44992,19523.58224,20091.6292,20648.02696,21211.20732,21772.60304,21772.60304,21772.60304
Non-Annex_I,Eastern_Africa,SDN,Sudan,1.A.4,Residential and other sectors,CO2bio,bio,10358.24456,10358.24456,10559.17419,10777.8563,11012.99088,11262.67793,11575.79917,11898.69498,12236.62117,12574.77168,12914.91996,13265.52294,13613.64689,14234.88939,14300.19927,14621.39507,14912.16386,15184.60449,15446.96721,15703.53105,15945.46563,16169.62341,16394.38231,16620.3401,18708.74746,18920.16272,19806.93697,20135.01178,20468.78546,20866.50212,21385.81157,21414.29412,22285.61587,23009.6112,23733.60652,24457.60185,26234.69227,24203.86171,23939.5128,24625.82538,25197.02024,25388.24379,26077.22624,26241.40352,26423.2272,26651.02992,26822.5304,27116.68212,28002.00128,28805.2782,29600.18016,30399.72344,31200.98048,31199.60501,31199.60501
Non-Annex_I,Eastern_Africa,SDN,Sudan,3.C.1,Emissions from biomass burning,CO2bio,bio,1722.822736,1685.261639,1493.911299,1842.681106,2007.591506,2306.778624,2504.696643,2440.19898,2551.783331,1876.120632,2332.626564,3201.233462,2499.819371,2681.173448,2304.865694,3950.332149,3634.485397,2361.905945,4265.325218,2646.505191,2120.785549,4079.895422,4806.855512,3379.755797,4919.993797,3707.102623,4879.561404,4782.349318,5005.929699,3417.528653,3306.639316,4594.954633,3876.256221,5559.570223,3317.718689,6756.442569,5247.97584,5579.819943,5217.336286,5313.435494,4190.926352,5422.22508,4006.351853,6294.584286,7512.738031,4887.364639,7898.410464,5781.289324,7749.55779,6189.087926,5921.861347,5969.385008,7028.556566,5381.532665,5316.22735
Int. Shipping,Int. Shipping,SEA,Int. Shipping,1.A.3.d,Water-borne Navigation,CO2bio,bio,,,,,,,,,,,,,,,,,,,,,,,,,,,,,,,,,,,,,,,,,,4.24688844,90.26954688,144.7824883,361.6099876,524.172664,500.2692104,661.7454892,460.0484314,751.7509237,1795.162837,870.1349453,1645.674896,1660.352725,1626.575075
Non-Annex_I,Western_Africa,SEN,Senegal,1.A.1.a,Main Activity Electricity and Heat Production,CO2bio,bio,208,208,209.7,211.5,213.2,215,216.6,218.3,220,221.6,223.3,224.9,226.6,228.2,230,231.7,233.6,235.4,237.3,239.3,241.3,243.1,244.9,246.6,248.5,255.5,262.8,270.3,278,285.9,293.5,291.7,299.6,238.7,255.7,268.2,268.2,215.4,327.6,99.1,280.9,283.1,222.9,137,302.2,215.9,262.2,238.02,331.511,335.043,319.596,316.133,285.762,288.644995,288.644995
Non-Annex_I,Western_Africa,SEN,Senegal,1.A.2,Manufacturing Industries and Construction,CO2bio,bio,,,,,,,,,,,,,,,,,,,,,,,,,,,,,,,,,,,,,,,,659.0353026,132.7612463,136.4117649,480.9096943,443.8171326,197.4952,185.4952,217.2952,288.022,235.7228994,1448.158022,1564.165367,427.4296278,405.6148601,407.4193691,415.1017613
Non-Annex_I,Western_Africa,SEN,Senegal,1.A.4,Residential and other sectors,CO2bio,bio,2230.092,2230.092,2247.7912,2265.4904,2283.3896,2304.7384,2322.0376,2339.2368,2356.536,2373.8352,2391.1344,2411.7832,2428.8824,2446.1816,2463.7808,2481.88,2503.6288,2522.228,2544.4768,2563.476,2586.1248,2604.524,2622.4232,2643.372,2662.2712,2737.3176,2817.1136,2894.76,2977.156,3064.3016,2958.9184,3024.616,3063.7648,3056.7656,3023.9664,2968.06448,3256.49584,3547.02832,3638.25536,5451.98944,5282.41968,5428.15376,5575.78672,4465.544,4926.46992,4738.63584,4584.87904,3741.03708,3763.03316,3841.51132,4241.25988,4305.17552,4302.6406,4354.15421,4354.15421
Non-Annex_I,Western_Africa,SEN,Senegal,1.B.1,Solid Fuels,CO2bio,bio,1016.708,1016.708,1026.0088,1035.3096,1044.9104,1051.0616,1059.6624,1068.2632,1076.864,1085.6648,1094.3656,1099.4168,1107.8176,1116.5184,1125.6192,1135.52,1142.2712,1152.972,1160.4232,1171.724,1179.7752,1190.176,1199.8768,1205.428,1216.5288,1251.4824,1284.9864,1323.74,1361.044,1396.9984,1620.4816,1648.084,1662.3352,1652.0344,1644.4336,1753.73552,1658.50416,1953.47168,2001.34464,2884.51056,2801.98032,2879.74624,2960.01328,2478.656,2075.53008,1768.96416,1488.22096,2712.28692,2620.79084,2723.95268,3273.10348,3365.74884,3253.88876,3225.160735,3225.160735
Non-Annex_I,Western_Africa,SEN,Senegal,3.C.1,Emissions from biomass burning,CO2bio,bio,266.6784619,295.6806051,202.0095903,245.5815849,336.918571,319.2524375,296.5874079,247.6352791,358.6478838,281.2940353,283.9241386,399.180794,313.8369545,252.5553616,322.878425,461.8895812,384.5588279,398.8539782,379.6232571,408.4821708,392.4951537,382.5046637,396.2414531,457.6296237,426.5294439,432.6708605,389.0753302,363.5612125,324.1137013,556.2079846,436.3273284,430.9987965,388.2726849,595.4269683,528.9861558,617.3205996,465.9244509,440.0658074,795.7239361,757.2581143,705.1544645,501.597754,627.4337794,570.9006872,601.4244897,962.2383699,1066.498279,1168.734741,1302.975366,1336.220497,1631.185676,1591.508093,1603.925553,1744.603563,1717.641072
Non-Annex_I,Southeastern Asia,SGP,Singapore,4.C,Incineration and Open Burning of Waste,CO2bio,bio,,,,,,,,,,,,,,,,,,,,,,,,,,,,,,,,0.000480677,0.5005,0.509969601,0.510558821,0.517503195,0.52911924,0.552014632,0.557107173,0.553277245,0.576761857,0.591492348,0.615313656,0.6380407,0.646878994,0.662914186,0.67204709,0.715523083,0.715060124,0.725792339,0.799862058,0.87910933,0.964285768,0.965524698,1.015617612
Non-Annex_I,Southeastern Asia,SGP,Singapore,1.A.1.a,Main Activity Electricity and Heat Production,CO2bio,bio,,,,,,,,,,,,,,,,,146.8,146.8,146.8,146.8,146.8,423,423,423,423,423,423,423,423,423,423,816.7,816.7,854.7,827.1,825.4,823.6,840.9,904.8,918.6,1229.5,1263.2,1258.8,1458.3,1539.3,1552.8,1661.9,1622.176,1562.723,1568.166,1462.031,1439.422,1624.06,1635.992414,1639.676914
Non-Annex_I,Southeastern Asia,SGP,Singapore,1.A.4,Residential and other sectors,CO2bio,bio,42,42,29.3,17.6,8.8,20.5,27.4,43.9,32.3,35.2,21.5,23.4,23.4,22.5,23.4,,,,,,,,,,,,,,,,,,,,,,,,,,,,,,,,,,,,,,,,
Non-Annex_I,Southeastern Asia,SGP,Singapore,3.C.1,Emissions from biomass burning,CO2bio,bio,0.709524671,0.928235959,1.132806619,0.848686343,0.559963079,0.377000683,0.45581344,0.475223414,0.416860483,0.364683379,0.377448647,0.303574828,0.295671564,0.197625126,0.161146245,0.106839933,0.061050516,0.03202327,0.026265308,0.018835062,0.01553881,0.010734549,0.011275823,0.01102335,0.010674284,0.010211596,0.010135714,0.008434066,0.008434066,0.008434066,0.008434066,0.008434066,0.008434066,0.00858035,0.008785147,0.008960687,0.009128913,0.009874959,0.01017484,0.010482036,0.010767289,0.011037913,0.011359737,0.011359737,0.011440193,0.012054584,0.011615733,0.011754703,0.011849787,0.011930243,0.012171611,0.012295952,0.012412979,0.012061898,0.012104321
Non-Annex_I,Oceania,SLB,Solomon Islands,1.A.2,Manufacturing Industries and Construction,CO2bio,bio,,,,,,,,,,0.018335947,,0.079818818,0.137584857,0.368978878,0.388901441,0.368566002,0.141619461,0.308293733,0.181367739,0.412454008,16.97626761,16.75565864,17.10574773,17.24831557,18.18502397,13.21216859,13.11033112,10.87617027,8.9622792,11.47362394,15.86256992,14.5277484,15.72380262,14.45528372,14.80690901,13.89689305,14.48460653,11.40153463,10.80765435,9.8187225,9.042722836,9.972377561,9.668449769,6.738350081,8.026822353,8.260296628,6.299090381,7.309456674,6.657404037,6.840936184,6.4480952,6.434215728,6.563128051,6.582275439,6.582275439
Non-Annex_I,Oceania,SLB,Solomon Islands,1.A.1.a,Main Activity Electricity and Heat Production,CO2bio,bio,0.014679126,0.014970413,0.015211079,0.015408739,0.015807911,0.019050085,0.019866831,0.020392237,0.024145845,0.10967613,0.113529351,0.119358695,0.128670908,0.134468702,0.143058675,0.153456663,0.156285554,0.160256346,0.166701884,0.171729935,0.525137637,0.524445541,0.524485253,0.523876352,0.560584578,1.252999826,1.243341886,1.157543434,1.146789744,0.931717984,1.378939717,1.981217701,2.116507978,2.909422255,2.922188737,2.959290682,2.675565641,2.175935277,2.048056112,2.098525337,2.255803573,2.379081712,2.620877818,2.974049073,3.033527213,2.086366942,2.046617806,2.078096131,2.291533154,2.588937206,2.347168121,2.380319577,2.426585451,2.455793104,2.483840931
Non-Annex_I,Oceania,SLB,Solomon Islands,1.A.5,Non-Specified,CO2bio,bio,,,,,,,,,,,,,,,,,,0.042766356,0.044486427,0.045828223,0.077388704,0.082305329,0.074783065,0.091239709,0.095429282,0.158702233,0.157478979,0.163379454,0.161861643,0.150529627,0.215808206,0.22826213,0.230146655,0.22711756,0.267987054,0.233539618,0.232370351,0.220614815,0.224830125,0.292378225,0.187319143,0.127169884,0.127714916,0.128746614,0.12190279,0.126528115,0.126716114,0.105440065,0.095191979,0.094166693,0.085200489,0.068444336,0.070040066,0.070301151,0.070301151
Non-Annex_I,Oceania,SLB,Solomon Islands,1.A.4,Residential and other sectors,CO2bio,bio,26.84285733,27.35207956,28.32786409,29.20198188,30.33406368,31.88331846,33.77589714,35.02108873,36.87815973,38.47443825,40.43988316,42.60456817,44.64011606,46.77652571,48.24867872,52.48476572,54.23095404,56.16898433,58.7091046,60.57596857,107.1289068,107.3227257,107.4614774,107.6130467,107.6716746,126.2312421,126.3123195,126.3857809,126.4455184,126.2329919,125.7632216,125.2222069,126.986862,126.9880275,126.6334561,126.1382491,126.1988151,113.9779824,114.9956644,116.1142048,117.242561,118.1877999,119.026997,135.4204079,136.3563551,137.1627475,137.4230317,137.7163705,137.1647836,138.2795976,139.0000244,138.9919023,142.0981754,142.5980214,142.5980214
Non-Annex_I,Oceania,SLB,Solomon Islands,1.B.1,Solid Fuels,CO2bio,bio,0.078046135,0.096261258,0.029496688,0.052560604,0.092462817,0.088417278,0.114593607,0.138662303,0.177189268,0.232646151,0.244358144,0.270920277,0.297386697,0.329913003,0.338138283,0.306403117,0.344110766,0.369127815,0.452177968,0.507710845,9.701923566,9.602360716,9.57372548,9.531499547,9.550856652,1.119673664,1.235856288,1.374508998,1.422093772,1.505736456,3.045425704,3.112635231,3.185346044,3.274111465,3.330497669,3.407878843,3.46495833,2.799430034,2.913278612,3.041465312,3.134927438,3.274149654,3.392030157,3.536160051,3.630383037,3.737259042,3.859430608,3.999421875,4.193332626,4.31782301,4.443232213,4.495004886,4.611398155,4.534911645,4.534911645
Non-Annex_I,Oceania,SLB,Solomon Islands,3.C.1,Emissions from biomass burning,CO2bio,bio,4.95271626,5.723752024,4.580689036,4.588886875,4.628481164,4.843349349,6.305866982,7.723776476,8.864964995,10.01336193,12.05460267,11.64480337,9.591718527,8.561153346,7.554393757,6.757491221,6.718863317,3.432213602,3.263465245,3.093424538,3.720526246,3.503504093,3.326974302,3.055728292,2.917926918,2.74717105,2.79947997,2.764407302,2.696823642,3.150029707,3.479275935,3.087930159,3.198668684,3.26316539,3.505619424,3.728611042,3.663354708,3.7813039,3.928073064,3.9686076,4.102378017,4.156132996,4.616759389,4.780840732,4.888657146,4.788733968,4.856848631,4.914738718,4.944500958,4.987832385,5.018409364,4.982053399,4.992619289,4.997225042,5.007769859
Non-Annex_I,Oceania,SLB,Solomon Islands,1.B.2,Oil and Natural Gas,CO2bio,bio,,,,,,0.03452828,0.036008631,0.03696093,0.03836874,0.039388332,0.040772151,0.042865662,0.059684698,0.062374036,0.080968693,0.31276358,2.654562838,2.769004079,2.914105371,3.974465235,,,,0.125329271,0.124907437,0.207725435,0.206124318,0.204224318,0.202327054,0.219556509,0.327468413,0.369780048,0.366814506,0.363823079,0.374639582,0.371482994,0.368926107,0.330611952,0.331648349,0.33285541,0.333698753,0.334574451,0.334780117,,,,,,,,,,,,
Non-Annex_I,Western_Africa,SLE,Sierra Leone,1.A.5,Non-Specified,CO2bio,bio,,,,,,,,,,,,,,,,,,,,,270.5358918,277.1159068,312.3755399,308.4647869,310.5027063,342.6044908,327.6777767,403.3072768,424.9198064,490.9131567,508.1463135,465.5565476,478.5743276,494.9175481,508.3956747,522.4112724,531.3710369,527.6302229,541.2858086,558.2012124,574.0674501,583.6660824,607.8934149,624.4842607,644.2094925,643.250625,660.4949772,672.5781809,686.5870726,733.6066247,750.179891,717.6020609,724.3021042,740.4124441,740.4124441
Non-Annex_I,Western_Africa,SLE,Sierra Leone,1.A.3.b_noRES,Road Transportation no resuspension,CO2bio,bio,,,,,,,,,,,,,,,,,,,,,,,,,,,,,,,,,,,,,,,,,,,0.980979464,1.04691968,1.077002836,1.293799867,1.011298491,0.743217058,1.166273273,0.935561422,0.771434501,0.892934368,0.887443986,0.780242097,0.78852181
Non-Annex_I,Western_Africa,SLE,Sierra Leone,1.A.1.a,Main Activity Electricity and Heat Production,CO2bio,bio,,,,,,,,,,,,,,,,,,,,,5.992489912,6.892019896,23.23346925,28.6715984,28.01631075,28.82623232,29.63778736,32.41277679,34.00182229,45.52446532,46.668477,45.61343048,44.00242637,43.84398555,43.9774342,40.09135369,40.07720361,37.29287813,38.99401474,39.27882741,38.95390626,12.07569911,11.26885591,12.03003104,13.20945561,12.11789921,12.0193554,11.93746576,11.77592752,11.68703005,11.63843202,11.59302656,12.97933256,13.09128052,13.09199512
Non-Annex_I,Western_Africa,SLE,Sierra Leone,1.A.4,Residential and other sectors,CO2bio,bio,6892.404668,6758.989254,6837.306835,6718.578403,6588.148787,6756.775106,6933.848367,6928.489782,7062.974948,6944.197784,6880.825165,6732.5358,6699.073374,6797.109345,6702.423349,6887.952294,6957.973973,6943.900438,6942.704476,6949.96599,6973.233548,6850.009428,6574.167143,6411.592344,6175.048922,6684.004002,6615.629831,7037.479301,7266.132775,7762.78538,7937.755599,7834.38285,7852.951758,7887.236366,7949.291776,8156.100086,8165.934434,8237.083937,8224.979904,8322.245027,8431.734813,8366.059529,8265.065639,8275.579627,8303.618857,8274.236082,8305.076911,8274.026839,8278.166162,8303.437903,8280.617367,8173.938106,8411.694854,8503.340955,8503.340955
Non-Annex_I,Western_Africa,SLE,Sierra Leone,1.A.2,Manufacturing Industries and Construction,CO2bio,bio,192.6381952,189.8200032,200.6014281,206.7169216,195.9311278,203.2993709,219.9789674,222.488612,237.3648089,232.6245909,232.6880112,242.8671703,244.0730341,238.4318369,226.9818854,221.9743556,244.4631598,246.8635241,252.6300959,235.8904514,146.7343561,149.5086417,110.8116906,100.8677801,112.4971599,115.7400245,118.9388133,128.3670927,126.3284713,122.8247726,125.1535316,122.3100016,132.1250942,112.0122254,123.2306637,125.0039783,118.6597544,125.5820156,128.5484049,122.8199722,138.7219093,142.296085,146.3809107,144.5822347,144.1350491,136.3162783,132.8891289,131.9839793,132.1914525,132.1203822,131.5418676,130.8308805,131.7533029,132.3163833,132.2550073
Non-Annex_I,Western_Africa,SLE,Sierra Leone,3.C.1,Emissions from biomass burning,CO2bio,bio,491.3066391,522.8285318,519.4765298,522.526825,553.208108,579.1912232,602.4690982,619.6664903,641.2894689,579.2443129,596.769962,588.223671,598.8583404,553.7259308,517.9533285,514.0209472,542.0498944,542.703438,581.543601,601.5446745,598.1990079,580.1255652,553.9714582,583.9727386,510.494607,437.7181622,475.9325904,518.5180916,459.2800938,360.4086271,308.4283981,459.1295903,624.2623922,767.6868615,908.413943,1022.878961,1246.455118,827.6942963,911.8444387,1031.785514,1149.239289,1248.719448,1277.976621,1331.262624,1361.408468,1117.774038,1238.781643,1196.829828,1580.729126,1016.839951,1080.415753,1725.858555,1240.94326,1498.727707,1642.317836
Non-Annex_I,Western_Africa,SLE,Sierra Leone,1.B.1,Solid Fuels,CO2bio,bio,174.9733887,170.1107384,171.1862532,175.4952168,174.0329116,170.7774119,174.8013374,180.3299876,182.0688518,178.8429375,187.779937,188.4235707,187.7916029,193.3758915,191.6360066,200.0846933,204.919715,209.4682485,214.4961932,219.3724795,422.0438475,404.1128415,372.7704821,364.3718725,342.4993525,260.3683706,344.5770993,335.7281768,341.2306197,303.9057777,307.13893,384.2632651,436.1563625,433.6648477,411.7975457,370.0232764,384.7100755,398.4313865,402.4925518,399.0052994,352.2636481,357.6834754,431.7006406,514.8189394,503.7842204,530.1263733,451.8074973,490.1915361,495.0518457,430.8292063,447.3353593,568.1859601,567.8127334,551.2160072,551.2160072
Non-Annex_I,Rest Central America,SLV,El Salvador,1.A.1.a,Main Activity Electricity and Heat Production,CO2bio,bio,,,,,,,,,,,,,,,,,,,,,,,,,,,,,,,,33.9001,32.1002,83.59993,118.49984,161.39988,242.80007,289.99996,348.00012,464.00002,566.00009,566.00009,749.99991,778.2196109,786.1952647,1019.759315,1171.392762,1435.095262,1432.326906,1490.122112,1521.295754,1492.357017,1472.039838,1466.551445,1467.831797
Non-Annex_I,Rest Central America,SLV,El Salvador,1.A.2,Manufacturing Industries and Construction,CO2bio,bio,2592.13551,2592.13551,2657.53542,2659.83523,2749.73545,2811.6352,2798.23535,2873.13552,2879.03556,2857.43544,2689.23536,2649.53528,2698.63556,2766.53541,2815.43556,2843.33556,2831.93532,3416.03537,3312.33545,3228.73552,3330.53547,4272.77241,4244.51821,4036.08666,4010.72481,4000.40397,3693.36169,4279.98097,3863.23181,3905.90752,2823.31291,3863.35293,3957.08883,4053.18681,4192.26716,3429.492039,3435.923114,3470.75293,3403.8182,2835.527363,2531.436911,2227.849656,563.79993,91.0001,,,,,,,,,,,
Non-Annex_I,Rest Central America,SLV,El Salvador,1.A.4,Residential and other sectors,CO2bio,bio,4558.09846,4558.09846,4687.248742,4824.448502,4966.048592,5107.399265,5259.599075,5414.799145,5574.599255,5735.899075,5294.299275,5365.099315,5434.399225,5577.599095,5651.499045,5711.799435,4350.594827,4190.194152,3607.34422,3660.493427,3716.293427,3776.493327,4104.743404,4134.443314,4168.292642,4199.592732,4235.142359,4268.142309,4308.942074,4347.091231,1141.239763,1228.239783,1327.189711,1435.739088,1554.989136,1687.638563,1829.138173,1309.997079,1448.096999,1589.697089,1586.296989,1329.796869,1412.497059,1281.497109,961.39981,821.20021,802.20009,866.6482212,764.9100268,665.7239556,583.231712,569.2730072,476.6727072,474.7658246,474.7658246
Non-Annex_I,Rest Central America,SLV,El Salvador,3.C.1,Emissions from biomass burning,CO2bio,bio,470.9180241,543.9464295,547.833214,608.0022015,671.9657544,754.9840318,715.049632,781.5620421,833.6585337,803.7545338,682.0302521,617.5812873,602.5200445,706.8290589,799.4119497,800.1916633,813.576491,788.1632551,728.0714332,702.1378336,767.9266763,913.6985111,1053.665955,918.8338167,840.5849944,869.6707031,1065.910635,1093.76399,1142.508431,1118.968338,1068.22958,1031.917792,977.3612458,972.614436,1095.827459,981.7244325,1064.380517,1053.51642,1156.402495,1216.158221,1116.655339,1213.648617,1366.385756,1453.04087,1389.043032,1314.20676,1467.835282,1422.558708,1399.76201,1480.990929,1452.432877,1485.594094,1421.725819,1424.487187,1433.208149
Non-Annex_I,Rest Central America,SLV,El Salvador,1.B.1,Solid Fuels,CO2bio,bio,10.3015704,10.3015704,9.251458,7.751328,6.251188,8.2008652,8.2008652,8.2008652,8.2008652,8.2008652,6.7007352,6.7007352,6.7007352,6.7007352,6.7007352,6.7007352,37.0049328,46.705938,31.1558104,32.2063932,32.2063932,32.2063932,43.2566756,43.2566756,43.2566756,43.2566756,43.2566756,43.2566756,43.2566756,43.2566756,43.3567456,46.0071084,44.1568456,45.7073284,47.5575408,50.7575108,51.8573908,170.2029408,172.0028508,171.4028808,170.6032008,170.4030708,170.1028808,198.8029708,0.39984,1.19994,0.8001,0.3950172,0.1899932,0.4205564,1.468308,0.9272828,1.0269328,1.015182015,1.015182015
Non-Annex_I,Eastern_Africa,SOM,Somalia,1.A.2,Manufacturing Industries and Construction,CO2bio,bio,445.3763286,446.7454772,454.6568115,463.9570835,468.071839,471.473343,489.4596683,491.3753135,508.4963705,517.9429428,529.872686,550.6754788,562.3431827,566.7189582,562.387096,555.3441486,584.2830663,592.1092075,604.8683171,589.8543537,480.2821181,442.5526891,321.8783696,296.1249773,371.9005373,225.2867741,220.556608,212.7750126,207.3197516,291.4378901,244.3625411,154.6127408,175.703246,322.9439934,323.801921,281.7727561,323.0396493,318.0120984,333.5420521,325.2601336,322.6890053,385.4116438,394.3736691,388.72379,387.2792106,390.1134998,385.2062054,344.6204897,355.7952622,360.9128061,345.0067798,346.1824623,353.702599,358.830454,356.314038
Non-Annex_I,Eastern_Africa,SOM,Somalia,1.A.1.a,Main Activity Electricity and Heat Production,CO2bio,bio,,,,,,,,,,,,,,,,,,,,,8.005996428,9.733894461,35.49417909,45.44926568,46.40611129,47.13422608,50.62256357,53.95006968,57.1220144,77.46571017,80.38009504,82.21621471,81.74286631,86.04962069,88.39609804,82.79480816,86.4511394,80.08129798,88.96913422,92.64093245,94.06657742,29.99285825,27.7885797,29.4401327,32.2545489,30.19184019,30.3769744,30.74490045,30.8601646,31.19009252,31.60611482,32.00075946,36.48139198,37.44739421,37.44783049
Non-Annex_I,Eastern_Africa,SOM,Somalia,1.A.4,Residential and other sectors,CO2bio,bio,4677.215582,4743.457476,4817.252883,4953.034264,5403.268876,5421.058137,5761.195561,5747.556376,6044.817678,6459.931229,6851.458067,7081.593433,7404.853801,7893.037969,8113.493,8290.66642,8452.27678,8608.393127,8799.756277,9030.00506,9572.710066,9941.762961,10310.25277,10432.37105,10502.2717,11194.51355,11591.55099,12026.97064,12512.78352,13509.63251,13843.40402,14251.77911,14713.07411,15568.36843,16064.74666,16925.99113,17662.42607,17767.67167,18798.17924,19642.70637,20368.03428,20636.0766,20354.97256,20609.15378,20604.27765,20830.52865,21295.48195,21603.21273,22004.50345,22469.23202,22794.55626,22878.84935,23936.34472,24604.03013,24604.03013
Non-Annex_I,Eastern_Africa,SOM,Somalia,1.A.3.b_noRES,Road Transportation no resuspension,CO2bio,bio,,,,,,,,,,,,,,,,,,,,,,,,,,,,,,,,,,,,,,,,,,,0.873829889,0.786818686,0.740367217,1.147666546,0.891845954,0.660829408,0.895786617,0.718183818,0.539909105,0.53265258,0.541801425,0.476352634,0.481407556
Non-Annex_I,Eastern_Africa,SOM,Somalia,1.B.1,Solid Fuels,CO2bio,bio,72.26057593,73.34830974,75.48680951,83.01490548,91.85617423,90.21133483,96.95316081,102.6392692,108.4902543,115.9403588,131.4948902,142.4122616,151.5117024,165.6407617,173.3373829,182.8433596,191.3499639,202.9582535,216.2492914,229.3727418,105.3398284,96.2969007,54.77182086,72.7703601,62.26031664,0,81.13489761,54.8846494,78.37566105,0,0,166.0441893,288.5162629,234.6181997,236.1548187,171.4551103,164.1667421,339.2166554,249.6554579,222.4923967,139.0023275,146.5980216,373.4690958,622.2885919,666.997075,953.0046822,780.9051226,907.5573057,945.9155367,791.1920513,865.4402501,1251.018462,1285.569716,1269.143327,1269.143327
Non-Annex_I,Eastern_Africa,SOM,Somalia,1.A.5,Non-Specified,CO2bio,bio,,,,,,,,,,,,,,,,,,,,,563.5149142,598.8373687,725.1144454,724.8039017,745.3248583,789.0619827,774.4863125,906.5015776,944.3734863,1083.734092,1010.887852,943.9026234,989.6876839,1043.41156,1092.534555,1143.557282,1182.933068,1195.512585,1247.536472,1308.26458,1367.481827,1341.58754,1478.967587,1796.449404,1814.235351,1759.000001,1830.057745,1889.528971,1956.132782,2120.314768,2196.570959,2131.804919,2180.456913,2260.226278,2260.226278
Non-Annex_I,Eastern_Africa,SOM,Somalia,3.C.1,Emissions from biomass burning,CO2bio,bio,272.8283754,257.3703842,361.0929666,224.5368897,223.9623147,286.9654181,329.3830462,326.8737287,313.3519206,323.5274389,324.0851264,399.2992982,422.7065756,321.4192985,447.0631927,421.2320705,403.7587248,462.2499249,508.8080573,510.5591257,334.3214614,272.4605427,238.3922972,206.5637858,477.6818635,312.5235449,292.6112703,339.8614578,234.0891225,277.3392244,327.8293057,331.1509364,356.0075122,352.6917797,363.2245164,324.9116048,307.5701246,205.8782921,255.024499,317.942536,379.8956752,173.2657564,262.8497559,282.4597175,258.8970906,259.7955799,171.2554726,211.0059877,223.1860467,218.0586623,215.7197863,198.8935549,207.5254494,217.075587,266.0726307
Non-Annex_I,USA,SPM,Saint Pierre and Miquelon,1.B.1,Solid Fuels,CO2bio,bio,,,,,,,,,,,,,,,,,,,,,0.190968569,0.190399135,0.187773837,0.186160266,0.183537586,0.183365027,0.185541992,0.187916675,0.188577786,0.187970955,0.214699896,0.210889919,0.217923207,0.215712877,0.211436349,0.208964862,0.205668376,0.202878052,0.199408695,0.197194248,0.195134598,0.160742108,0.158111294,0.151830123,0.239551034,0.238328018,0.239038928,0.237984603,0.237222527,0.237738923,0.188328948,0.196012751,0.194876053,0.194876053,0.194876053
Non-Annex_I,USA,SPM,Saint Pierre and Miquelon,1.A.3.b_noRES,Road Transportation no resuspension,CO2bio,bio,,,,,,,,,,,,,,,,,,,,,,,,,,,,,,,,,,,,,,,,,,,,0.008663307,,,0.010272324,0.000899385,0.001789486,0.002206982,0.001790537,0.001540702,0.001538971,0.001628809,0.001424756
Non-Annex_I,USA,SPM,Saint Pierre and Miquelon,1.A.5,Non-Specified,CO2bio,bio,0.013765293,0.013295662,0.013193337,0.017139276,0.017430981,0.016892172,0.012385058,0.012251245,0.012169104,0.011716148,0.01176344,0.012556164,0.012424075,0.010854259,0.010223992,0.010473892,0.010267503,0.007674597,0.007339051,0.007207448,0.232248239,0.230587876,0.230494869,0.225968121,0.223680401,0.223001119,0.22070134,0.218134431,0.213981087,0.21062246,0.238099311,0.242604208,0.245734738,0.280133918,0.269902429,0.26520293,0.262870472,0.258423658,0.248634361,0.244513831,0.239381238,0.427308675,0.426561465,0.42746493,0.084873024,0.085687522,0.084493194,0.084337498,0.084132603,0.092592022,0.100891455,0.093593523,0.094015117,0.091951255,0.091951255
Non-Annex_I,USA,SPM,Saint Pierre and Miquelon,1.A.1.a,Main Activity Electricity and Heat Production,CO2bio,bio,,,,,,,,,,,,,,,,,,,,,0.270722494,0.281122234,0.263876884,0.269678708,0.248962656,0.258596639,0.283376699,0.291601352,0.561283145,0.559894049,0.637120914,0.634891778,0.644234239,0.604581702,0.670730538,0.5518478,0.55036191,0.542890011,0.468628334,0.467214917,0.489824137,0.28538666,0.29773004,0.602392941,0.599646362,0.684885929,0.558884075,0.573595169,0.730992474,0.838515848,0.805855851,0.801861592,0.84491992,0.835224117,0.835224117
Non-Annex_I,USA,SPM,Saint Pierre and Miquelon,1.A.2,Manufacturing Industries and Construction,CO2bio,bio,2.715998182,2.623336444,2.021371515,2.312523183,2.177334598,1.935395724,1.739516515,1.983052445,1.897444098,2.034704301,2.057217985,1.891549209,1.997596388,1.644313752,1.492502406,1.524259383,1.723913698,1.465225778,1.489215673,1.431479195,0.951235885,1.022624404,0.877271418,0.877724188,0.89221268,0.910090849,0.912232205,0.959980358,0.605785277,0.624377769,0.696440484,0.570251189,0.550072343,0.527666885,0.512967968,0.51310184,0.501119976,0.401931652,0.354245788,0.353753463,0.373331029,1.164994627,1.145921622,0.513697048,0.504932988,0.481570017,0.608351,0.889580356,0.761247752,0.665338525,0.573397919,0.572265944,0.602992484,0.596072899,0.596072899
Non-Annex_I,USA,SPM,Saint Pierre and Miquelon,1.A.4,Residential and other sectors,CO2bio,bio,0.342808737,0.331113128,0.326788818,0.328204341,0.330163287,0.318218704,0.304485494,0.305338716,0.304929657,0.300944184,0.339063845,0.363882563,0.362490662,0.321371184,0.314538116,0.32900344,0.334720587,0.293501483,0.296823822,0.318128733,0.508180789,0.505741486,0.506095198,0.502671745,0.502557175,0.506226009,0.50866404,0.521067442,0.532913035,0.531579668,0.316507877,0.312698846,0.308112027,0.305121473,0.299806391,0.298306275,0.29563672,0.291751022,0.28926791,0.285676591,0.283627879,0.255768153,0.249957621,0.246993425,0.427440228,0.431815971,0.440593603,0.443089169,0.436004283,0.513703014,0.487702849,0.438906095,0.401747354,0.389509081,0.389509081
Non-Annex_I,Western_Africa,STP,Sao Tome and Principe,1.A.5,Non-Specified,CO2bio,bio,,,,,,,,,,,,,,,,,,,,,7.466472496,7.858788133,8.949549486,8.973860125,9.338221356,9.80261732,9.392033589,10.72411103,10.97930902,12.36191951,12.45782692,11.3839176,11.67403904,12.04184212,12.33828068,12.64608829,12.74405711,12.53791007,12.74884144,13.02359194,13.26850684,13.36722935,13.78808219,14.02504587,14.3272465,14.16516365,14.37265869,14.47371782,14.61079769,15.26735262,15.60718976,14.77139771,14.75094471,14.91745985,14.91745985
Non-Annex_I,Western_Africa,STP,Sao Tome and Principe,1.A.3.b_noRES,Road Transportation no resuspension,CO2bio,bio,,,,,,,,,,,,,,,,,,,,,,,,,,,,,,,,,,,,,,,,,,,0.15445984,0.139079573,0.130868723,0.203625879,0.161634027,0.12228102,0.165705368,0.140444694,0.108931972,0.106692955,0.094954077,0.083483769,0.084369675
Non-Annex_I,Western_Africa,STP,Sao Tome and Principe,1.B.1,Solid Fuels,CO2bio,bio,1.224197407,1.203693864,1.250554946,1.329212547,1.391716118,1.396566355,1.443255783,1.511315069,1.577207415,1.599007013,1.71219843,1.937363514,1.949261945,2.055513517,2.205455878,2.266888931,2.334107244,2.540772322,2.700326327,2.815088287,0.61427076,0.444662785,0.1176916,0.131539934,0,0,0,0,0,0,0,0.306190387,1.45619589,1.581768573,1.37392419,0.628476042,1.156947763,1.913001677,2.223862522,2.325607261,1.703355962,1.992356148,0.923357873,2.925366881,3.237465172,6.156605633,4.822033903,5.782147116,6.052741727,5.105672235,5.482750381,8.167570055,8.353272943,8.194010525,8.194010525
Non-Annex_I,Western_Africa,STP,Sao Tome and Principe,1.A.1.a,Main Activity Electricity and Heat Production,CO2bio,bio,,,,,,,,,,,,,,,,,,,,,0.101557358,0.12230278,0.425378169,0.541181237,0.55010339,0.552839971,0.576911646,0.600147164,0.621873794,0.824091785,0.835653551,0.826263403,0.805905665,0.811438808,0.82203337,0.756478996,0.759971362,0.710328215,0.761478199,0.777623085,0.776478826,0.232756857,0.201096169,0.217266647,0.241246774,0.23400038,0.243030754,0.239921027,0.235461473,0.231727926,0.230671483,0.228717251,0.252709614,0.253059628,0.253136088
Non-Annex_I,Western_Africa,STP,Sao Tome and Principe,1.A.4,Residential and other sectors,CO2bio,bio,68.67245975,68.24675126,71.2275093,71.92724126,73.4968403,77.00626522,78.69205333,79.70445995,82.71311175,83.18813575,83.46320916,93.75707096,91.70217853,95.58537798,101.2712942,102.1214272,103.8597732,108.6501679,111.4116941,113.294958,121.8351609,125.3455589,123.8419182,124.6136356,125.0916896,131.9361541,132.8696713,134.6420846,137.1501385,144.7244572,146.3855433,145.5955434,147.4319333,149.5165454,152.0574474,157.4479078,158.3053181,160.0657425,160.3492245,162.7098487,165.1291331,164.0555847,151.3548737,153.1158635,155.1414813,162.1784853,162.3839055,161.3202667,160.900652,159.8907572,159.7856197,156.9869444,160.7966975,161.7942968,161.7942968
Non-Annex_I,Western_Africa,STP,Sao Tome and Principe,1.A.2,Manufacturing Industries and Construction,CO2bio,bio,1.409224655,1.400164372,1.555505048,1.662702079,1.614315932,1.732888411,1.912840307,1.967015293,2.175741504,2.170231874,2.198603863,2.661700208,2.635533391,2.628894348,2.654928627,2.531939354,2.879889083,3.056675102,3.226826142,3.008276291,1.654638749,1.781793774,1.466972859,1.150882794,1.425563299,1.454594982,1.359425476,1.240390929,1.187943382,0.94570051,0.977159805,0.93701841,1.127156158,1.164327819,1.15619746,1.200588774,1.086253754,1.222950513,1.284503972,1.179034515,1.134249436,1.204816307,1.188356519,1.170192517,1.175167657,1.239711773,1.177460178,1.157627891,1.152958585,1.142396414,1.133981167,1.116688141,1.135954702,1.142180959,1.142180959
Non-Annex_I,Western_Africa,STP,Sao Tome and Principe,3.C.1,Emissions from biomass burning,CO2bio,bio,2.544653655,3.138513978,3.338051159,3.74983371,3.97818286,4.562913808,4.370328161,4.186195268,3.79144489,3.767729692,2.603230668,2.651818406,2.652645031,2.295525295,1.715194898,1.366026916,1.51376047,1.49907621,1.445514892,1.829472447,2.215042619,2.178225861,2.523072513,2.666218784,2.90326427,2.948081159,3.117702177,2.848673196,1.746470367,1.859405784,2.210370298,2.37276801,2.421426371,2.501616186,2.540820556,2.500310011,2.294420704,2.28362639,2.087136376,1.640817759,1.227159915,0.864974066,0.835812031,0.815054484,0.924903182,1.285614456,0.917871451,0.77091866,1.093911115,0.92931349,0.933663426,0.988014016,0.951641795,0.958182157,0.931036365
Non-Annex_I,Rest South America,SUR,Suriname,1.A.4,Residential and other sectors,CO2bio,bio,39.51053704,38.17501428,36.47004916,37.34159232,35.58360993,34.61496848,39.57674133,37.1156711,36.85568116,38.06759496,42.26326416,33.43358666,33.73909864,31.74961637,33.00310632,28.15072928,27.29276152,21.78194452,22.6575926,26.17181883,60.24401886,58.48677648,57.24606747,61.49236958,62.27669753,62.40817499,61.80203063,64.24768822,64.38032491,63.98619666,171.1992,172.9992,103.8992,95.0496,96.1496,91.7496,93.4496,95.2496,97.2496,99.0496,101.2496,100.4496,107.4496,114.6992,109.9992,109.6992,95.5496,97.23444,97.32716,97.45796,84.1364,84.2094,84.8644,79.75731928,79.75731928
Non-Annex_I,Rest South America,SUR,Suriname,1.A.1.a,Main Activity Electricity and Heat Production,CO2bio,bio,,,,,,,,,,,,,,,,,,,,,17.31134991,18.12254482,16.62468348,18.33860159,17.35228216,18.01297986,19.74332689,20.57490541,39.55549416,39.65076342,,,,,,,,,,,,,,,,,,,,,,,,,
Non-Annex_I,Rest South America,SUR,Suriname,1.B.1,Solid Fuels,CO2bio,bio,0,0,0,0,0,0,0,0,0,0,0,0,0,0,0,0,0,0,0,0,0,0,0,0,0,0,0,0,0,0,,,,,,,,,,,,,,,,,,,,,,,,,
Non-Annex_I,Rest South America,SUR,Suriname,1.A.2,Manufacturing Industries and Construction,CO2bio,bio,351.0471728,340.6148727,277.540734,308.3607052,284.1519907,276.1140497,293.9044589,305.1381066,295.0468785,319.3262688,321.7355941,244.9934615,255.4082666,234.465295,222.1431948,201.0839853,209.1672852,180.790645,185.6841084,191.5537928,162.0971787,115.0242822,104.3703614,108.7875076,132.7681368,164.6642949,134.1391381,169.0050141,91.79250777,114.7997929,113.3704,114.0704,113.6704,63.32144,63.32144,64.32144,84.930016,75.625728,76.325728,76.725728,77.425728,78.125728,18.9,19.6,19.8,19.2,17.2,17.224,17.24,17.256,14.754,14.768,15.046,14.08180641,14.08180641
Non-Annex_I,Rest South America,SUR,Suriname,3.C.1,Emissions from biomass burning,CO2bio,bio,95.21970212,89.39164884,86.60009705,93.89225257,91.07235125,98.13099292,96.25410681,102.6251408,109.0022631,121.0184747,127.7772136,137.3856434,140.0080004,133.2973972,142.7172671,140.1950934,139.391546,120.5140308,118.0399052,119.4003306,91.95241844,106.0939115,119.5715386,102.3946223,106.6160878,111.5566227,110.1738912,105.3542292,89.71406846,89.64390385,85.71374505,98.41298587,82.82623665,92.44761021,85.60407937,80.69433863,91.71140679,89.3392049,91.3247395,109.7976373,108.4498928,112.7805801,106.5590699,120.4671366,126.5176739,122.7377023,127.703531,126.1159748,119.0505604,118.7524715,110.5452504,114.3739993,91.583065,95.78201528,96.41710531
Non-Annex_I,Rest South America,SUR,Suriname,1.A.5,Non-Specified,CO2bio,bio,3.261958041,3.204390953,3.143746734,3.522437355,3.427109921,3.481735707,3.324193941,3.1679307,3.147683028,3.194236136,3.236289287,2.882432638,2.881567353,2.785057538,4.592863433,3.989109054,3.814204801,3.343078109,3.332316329,3.508293545,17.93426902,17.91004176,17.50523458,18.40063698,20.13170119,20.05787439,19.77039004,19.73047106,19.31535522,20.46132324,3,3.5,,,,,,,,,,,,,,,,,,,,,,,
Annex_I,Central Europe,SVK,Slovakia,1.A.1.a,Main Activity Electricity and Heat Production,CO2bio,bio,,,,,,,,,,,,,,,,,,,,,,,,,,,,,,,,164.1098,186.2196,191.5772,216.7386,305.2636,534.1422,496.6206,660.361,855.4696,1324.875,1530.352,2111.3696,2118.3312,1867.7922,2126.6404,2179.5086,2158.1024,2127.2172,1995.106,2068.0258,2239.4142,2052.2264,1816.407463,1804.180717
Annex_I,Central Europe,SVK,Slovakia,1.A.2,Manufacturing Industries and Construction,CO2bio,bio,849.8,849.8,859.6,761.9,676.9,676.9,743.3,714,775.6,744.3,688.6,656.4,588,518.7,509.9,540.2,540.2,576.3,598.8,537.2,696.5,593.9,493.3,701.2,694.7,309.5,291.8,328.6,278.9,287.6,379.8,959.8638,875.3638,1095.3638,1888.8726,1913.8702,1574.0162,2127.1856,1953.9124,2463.5076,2297.9843,2339.8811,1751.8814,1624.0982,2034.023,2349.6059,2113.757,2169.0838,2277.2498,2370.4397,1959.6509,2096.6788,2150.3569,2045.985121,2070.277838
Annex_I,Central Europe,SVK,Slovakia,1.A.3.b_noRES,Road Transportation no resuspension,CO2bio,bio,,,,,,,,,,,,,,,,,,,,,,,,,,,,,,,,91.986192,8.47476,5.7171,2.724384,31.117308,131.99598,181.024272,219.780192,251.10636,289.572,289.486332,269.55684,293.643,396.810636,426.58416,429.089064,443.049408,444.376908,465.26574,460.781268,482.047464,507.83778,465.085411,413.2865275
Annex_I,Central Europe,SVK,Slovakia,1.A.4,Residential and other sectors,CO2bio,bio,,,,,,,,,,,,,,,,,,,,,,,,17.3,21.4,15.4,23.1,19.2,23,10.2,2.5,138.293,105.8876,116.1312,160.7654,161.1096,126.9464,181.0588,196.7152,236.0738,3247.3384,3095.088,3406.199,3125.60648,1755.3176,2700.4716,3045.278844,2985.6786,2419.05592,2564.11008,2610.49948,3058.72888,2641.82548,2016.683153,2023.024844
Annex_I,Central Europe,SVK,Slovakia,1.A.1.bc,Petroleum Refining - Manufacture of Solid Fuels and Other Energy Industries,CO2bio,bio,,,,,,,,,,,,,,,,,,,,,,,,,,,,,,,,,,,,,,,,,,,0.1,0.1,0.746,,0.7644,,,,,,,,
Annex_I,Central Europe,SVK,Slovakia,3.C.1,Emissions from biomass burning,CO2bio,bio,2.164261891,2.477022996,2.552403368,2.761869756,2.966973591,2.773359375,2.681520432,3.086861722,3.162688324,2.710369683,3.108161972,3.078749284,3.750403585,4.412437089,5.258803952,5.709819481,5.636877477,6.635139277,7.089987381,7.513592262,7.778143558,8.150962284,7.548937375,7.622261244,9.499396588,9.287573172,11.58934989,15.60980241,17.45773232,16.17869062,15.78016906,19.62436635,17.0143773,11.59860282,15.10167909,12.19686656,8.402299576,6.360121474,6.338709675,3.397212268,1.167065247,1.686107828,1.466424062,1.753860104,2.400510374,2.155268927,2.73857174,2.125659449,2.468922272,2.597791358,2.945194786,2.809608764,2.399471159,2.936587491,2.658982158
Annex_I,Central Europe,SVK,Slovakia,1.B.2,Oil and Natural Gas,CO2bio,bio,,,,,,,,,,,,,,,,,,,,,,,,,,,,,,,,105.92388,8.52936,5.7171,34.18836,99.008136,126.742368,168.751764,411.908328,445.35624,489.974128,500.012964,449.00648,438.139752,436.951172,445.07344,481.472568,480.320652,496.060596,510.73072,531.803632,530.195592,529.287552,496.1762434,496.5193783
Annex_I,Central Europe,SVK,Slovakia,4.C,Incineration and Open Burning of Waste,CO2bio,bio,0.994914754,1.028367488,1.063045543,1.098920784,1.135853049,1.17368935,1.213432507,1.254144297,1.295423608,1.336716019,1.377560586,1.40240424,1.426326634,1.449467899,1.47210085,1.494440264,1.515239247,1.535627075,1.555675984,1.57544911,1.595,1.595,1.584,1.6005,1.6005,1.858715931,1.838800981,1.930392733,1.5015,1.4905,1.7105,1.738,3.223,2.6345,3.52,2.794,3.839,1.5675,2.607,2.035,2.442,2.3265,1.8975,1.661,1.6665,2.6345,1.4685,1.551,2.0405,1.9855,1.771,1.5125,1.639,1.6566,1.674388993
Annex_I,Central Europe,SVN,Slovenia,1.A.1.a,Main Activity Electricity and Heat Production,CO2bio,bio,,,,,,,,,,,,,,,,,,,,,15.9,15.9,15.9,12.5,13,10.6,9.6,9.4,10.3,33.4,91.5704,97.1526,132.3268,142.9378,156.6298,143.2758,140.307,121.1142,319.4368,231.91,242.9636,267.9584,261.3362,262.563384,243.623396,284.875332,285.374088,310.837858,297.199992,330.994936,339.226276,351.116392,365.410164,358.5120826,353.014208
Annex_I,Central Europe,SVN,Slovenia,1.A.3.b_noRES,Road Transportation no resuspension,CO2bio,bio,,,,,,,,,,,,,,,,,,,,,,,,,,,,,,,,,,,,,13.0626,41.076036,72.89568,91.292352,135.590496,109.062444,153.640248,179.264892,129.609312,87.248256,54.68238,71.942004,218.691288,281.828604,276.53064,304.890288,233.70018,281.2256596,245.1267367
Annex_I,Central Europe,SVN,Slovenia,4.C,Incineration and Open Burning of Waste,CO2bio,bio,,,,,,,,,,,,,,,,,,,,,,,,,,0.2915,0.303732313,0.32793198,0.312985911,0.336894997,0.387123428,0.45408849,0.539070823,0.537023216,0.591419349,0.721227552,0.740351108,1.19281219,1.020297511,0.980080382,0.660657037,0.791023461,0.811009162,0.763186671,0.70778243,0.755185218,0.793926896,0.829920254,0.813167513,0.915595839,1.035128875,1.033731848,1.006703858,0.9987593,1.030575259
Annex_I,Central Europe,SVN,Slovenia,1.A.2,Manufacturing Industries and Construction,CO2bio,bio,,,,,,,,,,,,,,,,,,,,,250,250.4,249.3,255.6,255.6,255.6,255.6,255.6,255.6,79.6,502.8282,445.8204,484.1953,572.2335,615.152,655.8601,506.7825,354.9,335.5,270.0822,303.3006,264.0098,227.7644,267.8644,370.019,336.219,324.619,324.56791,289.062048,304.235034,307.518168,335.114272,319.393434,330.3968018,330.2613736
Annex_I,Central Europe,SVN,Slovenia,1.A.5,Non-Specified,CO2bio,bio,749.1542646,749.1542646,393.1982579,377.3143498,366.4755137,388.9001196,410.1595311,408.7742689,361.5289337,338.7636733,303.2145814,377.8527576,440.7731453,419.2942155,453.5463141,448.9297259,457.0859768,398.1448379,408.3347927,423.9108037,,,,,,,,,,,,,,,,,,,,,,,,,,,,,,,,,,,
Annex_I,Central Europe,SVN,Slovenia,1.A.4,Residential and other sectors,CO2bio,bio,,,,,,,,,,,,,,,,,,,,,851.8,853.4,849.6,838.3,833.4,834.5,834.5,834.5,834.5,852.0558,1958.4288,2351.6846,1849.1392,1977.7662,1909.449,2332.6306,2057.6668,2382.5312,2313.068,2248.068,2291.6416,2312.2594,2251.4956,2324.2318,1916.3312,2169.0944,2183.3938,2058.53121,1826.547484,1711.606776,1703.32121,1903.06938,1587.174432,1509.047027,1508.405229
Annex_I,Central Europe,SVN,Slovenia,1.B.2,Oil and Natural Gas,CO2bio,bio,,,,,,,,,,,,,,,,,,,,,,,,,,,,,,,,,,,,,6.288456,12.835332,21.3285,18.948912,48.900852,1.0266,2.779608,4.441284,,,,,,,,,,,
Annex_I,Central Europe,SVN,Slovenia,3.C.1,Emissions from biomass burning,CO2bio,bio,0.309705305,0.378320504,0.357294893,0.360209276,0.413739154,0.362615012,0.410706255,0.405773791,0.364799727,0.369796077,0.380178761,0.375846995,0.443201395,0.467611944,0.50104619,0.46617349,0.520145429,0.498100581,0.539076754,0.566719918,0.569376169,0.692074799,0.480304797,0.546941413,0.686054241,0.686158333,0.843693138,1.099164162,1.384775329,1.369257015,1.620918134,1.462874357,1.502977716,0.946330266,1.10834921,0.965427074,0.715785142,0.571818132,0.481037656,0.314958963,0.19858797,0.208867226,0.206447401,0.166253383,0.222070195,0.215013755,0.2187969,0.191534994,0.196726839,0.211159047,0.243342406,0.229997973,0.196749417,0.222417525,0.225450758
Annex_I,OECD_Europe,SWE,Sweden,1.A.2,Manufacturing Industries and Construction,CO2bio,bio,20639.3745,20471.8745,20471.8745,22175.8745,22678.2745,22983.9745,22489.9745,21572.9745,22519.2745,23067.6745,22532.6745,22238.6745,21501.8745,23440.3745,24177.2745,24453.5745,24474.4745,24809.4745,25454.1745,25420.6745,25240.6745,26039.9538,25406.4706,26515.641,26727.889,29897.9385,30432.6581,32313.1085,32192.232,27827.0389,31594.3407,26749.1127,26529.5743,26583.1497,26100.6654,27137.05798,29735.74292,30891.98859,29145.68147,29474.551,32956.3879,30945.14295,31751.82186,32573.93104,32306.50313,33652.91829,33930.78231,33617.22513,33552.11093,34671.83084,37460.22283,36838.59771,37383.00814,39033.31353,38856.56756
Annex_I,OECD_Europe,SWE,Sweden,1.A.1.a,Main Activity Electricity and Heat Production,CO2bio,bio,251.2,251.2,251.2,368.4,376.8,159.3,213.5,293.1,309.8,242.8,796.2,1024.8,1296,1765.5,2255.1,2403.5,2666.8,2986.6,2973.1,2856,2769.5,3276.5,5058.1282,6011.2652,7164.2572,7898.3036,9181.1882,8938.9272,8851.6356,10184.5568,11036.0732,12177.5866,12112.553,13651.5994,14239.43705,15658.89259,16286.41842,17157.492,17587.83256,18542.76003,21924.50574,17032.6992,20666.5578,20399.5586,19486.0512,19723.6065,20675.52685,21674.68397,21386.14848,22515.32151,20593.03452,24224.13844,23123.98264,20262.11137,20067.75362
Annex_I,OECD_Europe,SWE,Sweden,1.A.3.c,Railways,CO2bio,bio,,,,,,,,,,,,,,,,,,,,,,,,,,,,,,,,,,,,,,,,,,,,,,,,,,,,,2.97714,2.97714,0.807141952
Annex_I,OECD_Europe,SWE,Sweden,1.A.1.bc,Petroleum Refining - Manufacture of Solid Fuels and Other Energy Industries,CO2bio,bio,,,,,,,,,,,,,,,,,,,,,,,,,,,,,,,,,,,,,,,,,,22.0584,22.6044,36.9642,38.0016,38.9298,36.1452,41.2776,41.496,46.1916,47.5566,41.2776,44.0076,39.44539286,10.69416669
Annex_I,OECD_Europe,SWE,Sweden,1.A.4,Residential and other sectors,CO2bio,bio,1172.3,1256,1256,2177.1,1645.4,1670.4,1913.3,2189.7,2598.9,3077.2,3500.2,4165.9,4040.3,3768.1,4274.7,4953,4731.1,4345.9,4124,3969.1,4027.7,4023.5,3998.4,4061.2,3876.9,3956.8,4178.4,4098.8,4082.1,3533.2,3997.9,3725.1,3647.3,3725,3895.5,3174.213712,2968.647096,3079.982692,3329.37456,3267.753704,3319.77828,5536.025036,5750.217956,4884.17474,4754.25972,4811.156932,5038.51084,5124.87542,4547.59562,4449.598616,4789.259632,4855.952112,4709.9282,4420.356917,4021.312434
Annex_I,OECD_Europe,SWE,Sweden,1.A.3.b_noRES,Road Transportation no resuspension,CO2bio,bio,,,,,,,,,,,,,,,,,,,,,,,,,,,,,,,,44.135304,95.53044,197.169504,375.304428,427.863516,577.388868,758.404644,956.651736,990.770952,1050.659256,1303.014672,1491.953712,1733.537508,2244.09522,2653.950696,3234.152628,4002.60432,4313.705568,4066.285872,4087.471272,4227.923376,4890.669036,4555.088203,1234.944539
Annex_I,OECD_Europe,SWE,Sweden,3.C.1,Emissions from biomass burning,CO2bio,bio,2.560994782,2.72700443,2.683247722,2.590897214,3.36064519,2.800480096,3.013934617,2.947278296,2.986236111,2.70450816,2.787145439,3.438507738,4.273594882,4.620871281,6.197350684,5.724621173,6.709755354,6.466737122,6.538328338,8.169678058,10.08807632,8.282155204,7.171248756,9.635106745,8.73474819,9.871768015,11.67913376,11.65676715,11.214588,9.592303602,10.8060007,9.861053986,8.906897612,8.142637763,7.684862652,6.4073827,4.855371974,5.025355479,4.462531988,3.902808352,2.78282614,2.860452788,2.800533914,2.487683986,2.791056561,2.689566271,2.246787725,2.228862784,1.149410466,1.793808048,1.491615114,1.316342782,1.470177866,1.179894574,1.315185077
Annex_I,OECD_Europe,SWE,Sweden,1.A.3.d,Water-borne Navigation,CO2bio,bio,,,,,,,,,,,,,,,,,,,,,,,,,,,,,,,,,,,,,,,,,,,,,,,,,,11.90856,20.840688,20.840688,20.840688,20.840688,20.24573402
Annex_I,OECD_Europe,SWE,Sweden,4.C,Incineration and Open Burning of Waste,CO2bio,bio,,,,,,,,,,,,,,,,,,,,,,,,,,2.6345,2.673124207,2.725907736,2.739763954,2.806620205,2.808785239,2.824200281,2.879625152,2.902877617,2.852172521,2.931845773,2.891056532,2.940289405,2.986274728,3.011735528,3.02139158,3.061834415,3.099246203,3.131072203,3.086472503,3.201522411,3.175845107,3.23646606,3.276519189,3.182470111,3.594047435,3.429048508,3.474225205,3.53696816,3.589057954
Annex_I,OECD_Europe,SWE,Sweden,1.A.5,Non-Specified,CO2bio,bio,,,,,,,,,,,,,,,,,,,,,,,,,,,,,,,,,,,,0.040356,0.00354,0.002124,,0.00354,0.047436,0.040356,0.045312,0.030444,0.014868,0.009204,0.016992,0.016992,0.02832,,,,,,
Annex_I,OECD_Europe,SWE,Sweden,1.B.2,Oil and Natural Gas,CO2bio,bio,,,,,,,,,,,,,,,,,,,,,,,,,,,,,,,,43.233312,96.802008,198.419124,373.453716,106.626924,121.231548,145.369392,392.68512,542.007276,614.635332,569.134296,675.299604,674.513724,675.002244,648.522336,613.412616,550.113876,1080.357024,1274.659836,1315.947084,1573.598364,1502.950824,1693.557696,2709.825839
Non-Annex_I,Southern_Africa,SWZ,Swaziland,1.A.2,Manufacturing Industries and Construction,CO2bio,bio,3126.352679,3126.352679,3130.952719,3125.752709,3135.152499,3141.352729,3142.052339,3145.952349,3152.152579,3152.452349,3175.252409,3188.352489,3199.452529,3199.752729,3139.252629,3133.652359,3156.952329,3144.452629,3144.952539,3151.552609,3253.352139,3158.457632,3012.102034,2726.347439,2835.103637,2514.946335,2878.276942,2787.206821,3349.845771,3499.588023,3574.15898,3296.556926,3644.50625,3935.913076,3792.648843,4010.422506,3798.300759,3940.815742,3834.068792,3801.256734,3755.505298,5093.081811,5149.97041,5158.33774,4958.46881,5158.12901,4332.99481,5134.75529,6052.760495,6190.534411,6510.048469,5821.670176,5666.422049,5663.136435,5577.459526
Non-Annex_I,Southern_Africa,SWZ,Swaziland,1.B.1,Solid Fuels,CO2bio,bio,68.2038972,68.2038972,68.2038972,68.2038972,74.95439,74.95439,81.8049528,81.8049528,81.8049528,88.6550452,95.405958,95.405958,102.2560404,102.2560404,109.1066032,109.1066032,115.8566256,115.8566256,122.7071884,129.5572808,129.5572808,136.3081936,143.158276,150.0088388,156.7593316,163.609424,170.4599868,177.2104292,184.060982,197.6615672,204.5116708,211.3622336,218.112676,231.8137916,238.563814,245.4143768,259.015382,265.8654644,272.7160272,279.4660496,293.1671148,299.9176176,306.7681704,313.6182628,320.3687556,334.069832,340.8198644,345.2704124,352.407972,359.6884636,367.119536,374.6247988,382.2806536,383.599974,383.599974
Non-Annex_I,Southern_Africa,SWZ,Swaziland,1.A.4,Residential and other sectors,CO2bio,bio,1965.496103,1965.496103,2020.696133,2075.896153,2138.74577,2202.44542,2269.594877,2341.694917,2418.094807,2502.144755,2590.494072,2662.594112,2595.24393,2540.844,2508.993637,2474.293437,2458.743184,2434.443414,2397.592762,2368.642639,2332.142539,2284.492036,2225.441764,2187.291101,2151.940578,2121.190556,2089.239713,2057.789661,2013.038938,1977.938293,1940.088289,1906.937506,1874.287524,1845.685998,1814.135886,1783.085623,1763.384868,1740.534506,1717.983863,1695.73389,1384.932885,1204.482522,1227.63164,1338.881557,1344.330974,1508.430318,1559.180126,1217.995298,1229.764908,1242.513236,1256.243494,1270.012211,1282.950386,1332.465242,1332.465242
Non-Annex_I,Southern_Africa,SWZ,Swaziland,1.A.1.a,Main Activity Electricity and Heat Production,CO2bio,bio,,,,,,,,,,,,,,,,,,,,,19.60009,20.20005,19.00012,18.20002,17.89983,15.70008,16.50018,19.10018,21.70018,21.39999,21.60012,25.69983,26.2998,26.39987,24.20012,23.89993,28.20019,28.10013,27.40009,527.99986,576.90001,338.30014,283.00005,292.80009,278.00017,287.10018,246.20017,243.94474,243.94474,264.25491,286.81673,244.58951,245.63663,255.832852,255.832852
Non-Annex_I,Southern_Africa,SWZ,Swaziland,3.C.1,Emissions from biomass burning,CO2bio,bio,287.4624341,272.9696208,291.8137066,270.578424,305.3090826,300.7680805,310.2960875,291.1722225,336.2619059,321.5137524,396.492272,427.5530335,423.5747707,409.0176852,507.4533309,503.56999,522.993591,504.5756558,523.5903428,505.0557061,513.6670099,480.431487,495.9120794,468.4608384,485.4239729,495.7775778,514.2837088,513.8703922,516.1155002,566.9104268,516.1427029,504.2762305,556.4123804,557.8226986,571.0731456,613.9021071,585.2239182,561.8807891,591.3528016,602.3247249,625.4671925,632.4429571,647.7979826,689.8100767,690.8935469,666.6409319,625.354845,680.1969663,715.453798,699.3697297,697.1632021,658.2399555,711.8703672,685.5518672,654.0850448
Non-Annex_I,Eastern_Africa,SYC,Seychelles,1.A.3.b_noRES,Road Transportation no resuspension,CO2bio,bio,,,,,,,,,,,,,,,,,,,,,,,,,,,,,,,,,,,,,,,,,,,1.034060414,0.838615449,0.923547724,1.431932825,1.218035014,0.948029995,1.095284731,0.791934403,0.594331227,0.532210346,0.567806096,0.63573434,0.781700876
Non-Annex_I,Eastern_Africa,SYC,Seychelles,1.B.1,Solid Fuels,CO2bio,bio,0.144808816,0.14334887,0.154248035,0.170001183,0.18230114,0.193315834,0.203795815,0.219470544,0.22852613,0.239081238,0.262155753,0.275618188,0.284083627,0.293180567,0.299272715,0.311333486,0.319393078,0.330738656,0.338899805,0.351363929,1.294625416,1.324641161,1.231972911,1.257144492,1.27607379,1.193015424,1.337315203,1.332408481,1.357007421,1.46247519,1.102235684,1.082744047,1.037668458,1.055255546,1.055655758,0.906622736,0.929552438,0.922454894,0.938774678,0.960218509,0.941932199,0.963746399,1.026179634,1.090674713,1.103973758,1.113336743,1.091836479,1.123548096,1.145804222,1.153016945,1.16563775,1.174086853,1.171167877,1.171167877,1.171167877
Non-Annex_I,Eastern_Africa,SYC,Seychelles,1.A.2,Manufacturing Industries and Construction,CO2bio,bio,0.099611218,0.098843047,0.113105746,0.126391837,0.127088338,0.142760565,0.162350204,0.171227475,0.190824613,0.196738854,0.204749851,0.225648238,0.233633961,0.226319488,0.217569299,0.20888601,0.234468505,0.239542155,0.246538885,0.22806708,0.122019821,0.128150417,0.096644316,0.074807722,0.090709868,0.09047114,0.083489739,0.074395591,0.070318986,0.055094991,0.041352855,0.039152933,0.042375153,0.043212359,0.042357426,0.037077662,0.033224235,0.037044186,0.038531949,0.03502401,0.033364625,0.035151136,0.037180263,0.035901052,0.03536695,0.034988204,0.033058268,0.032331402,0.032031132,0.031737698,0.031169046,0.030528554,0.030886927,0.030886927,0.030886927
Non-Annex_I,Eastern_Africa,SYC,Seychelles,1.A.1.a,Main Activity Electricity and Heat Production,CO2bio,bio,,,,,,,,,,,,,,,,,,,,,0.007489254,0.008796277,0.028023956,0.03517694,0.035003571,0.034384872,0.035431293,0.035995348,0.036811127,0.048010262,0.035364389,0.03452508,0.030297821,0.030115389,0.030115286,0.023362264,0.023244539,0.021516431,0.177198332,0.25761356,0.240956126,0.006790801,0.006291722,0.006665656,0.007260379,0.006604158,0.103522413,0.096524941,0.078507166,0.065690622,0.060198737,0.054801161,0.05566527,0.059309332,0.063190217
Non-Annex_I,Eastern_Africa,SYC,Seychelles,1.A.5,Non-Specified,CO2bio,bio,,,,,,,,,,,,,,,,,,,,,,,,,,,,,,,,,,,,,,,,,,0.032788387,0.001514675,,,0.001489189,0.004484915,0.004467197,0.00445995,0.096323991,0.048165543,0.034893065,,,
Non-Annex_I,Eastern_Africa,SYC,Seychelles,1.A.4,Residential and other sectors,CO2bio,bio,4.735593244,4.699073817,5.050977787,5.328592732,5.63776072,6.183268885,6.508963336,6.756709273,7.068290021,7.345942292,7.569856706,7.730263252,7.912437776,8.006164886,8.075410945,8.192920805,8.212731135,8.264607902,8.258582439,8.327048577,8.28590411,8.28711608,7.524193563,7.434771551,7.255060761,7.498999971,7.376707215,7.2187382,7.256014996,7.560813448,5.527754849,5.490423055,4.998780839,4.999527133,5.017755216,4.365096087,4.336803383,4.364384542,4.320962496,4.328786049,4.356489302,4.31376674,4.170743321,4.124801644,4.081483753,4.02886889,4.003792019,3.946855078,3.903009755,3.987428272,3.87003606,3.790533642,3.827773885,3.827773885,3.827773885
Non-Annex_I,Eastern_Africa,SYC,Seychelles,3.C.1,Emissions from biomass burning,CO2bio,bio,0.031313596,0.032390218,0.032390218,0.032390218,0.019156612,0.015674796,0.013580464,0.01155811,0.01150053,0.011486124,0.011486124,0.011486124,0.011486124,0.011486124,0.011486124,0.011486124,0.011486124,0.011486124,0.011486124,0.011486124,0.01188339,0.005338279,0.005702217,0.005719279,0.005736266,0.005753327,0.005770389,0.006134258,0.006151322,0.006168385,0.006185449,0.006549309,0.006555065,0.006553197,0.00657595,0.007009866,0.007005397,0.006563348,0.006996401,0.007001872,0.006553985,0.007847379,0.008737308,0.007827578,0.007818364,0.007872933,0.00824343,0.008258039,0.008277408,0.008646093,0.008664235,0.008679426,0.008663228,0.008668915,0.008747216
Non-Annex_I,Middle_East,SYR,Syrian Arab Republic,1.A.5,Non-Specified,CO2bio,bio,4.7248,4.7248,4.8248,4.9248,5.0248,5.1248,5.2248,9.80928,5.76976,7.93952,12.17904,8.48448,6.16976,10.75424,6.71472,6.91472,7.11472,7.31472,7.51472,7.71472,7.91472,8.11472,8.31472,8.51472,8.71472,8.91472,9.11472,9.31472,20.8984,21.0984,21.2984,21.4984,17.21392,17.41392,17.61392,17.81392,18.21392,18.81392,19.21392,19.41392,19.61392,19.81392,19.71392,19.21392,18.51392,18.11392,18.01392,18.02292,18.18292,18.53392,18.84392,19.09692,19.46392,19.30685348,19.30685348
Non-Annex_I,Middle_East,SYR,Syrian Arab Republic,3.C.1,Emissions from biomass burning,CO2bio,bio,642.4430615,641.9567637,1077.013854,589.8496037,1042.08429,1054.848804,1268.971941,911.8810049,1120.182371,907.8864805,1498.54508,1402.284531,1104.411938,1220.575454,832.7933615,1146.153914,1294.126657,1118.136498,1745.49251,1039.932585,1512.443981,1461.066162,1861.079369,2123.419806,2130.372808,2364.889279,2258.693888,1807.344647,2162.388073,1512.616728,1621.428527,2192.006906,2341.984735,2435.294314,2191.042639,2300.313248,2457.819466,2063.84833,1315.063987,1896.757233,1721.544819,1992.510076,1880.144846,1693.592676,1198.333885,1588.976915,1127.302895,1223.251658,877.9878744,2104.878091,1902.896601,1230.569778,1017.697279,1775.454181,1932.392483
Non-Annex_I,Middle_East,SYR,Syrian Arab Republic,1.B.1,Solid Fuels,CO2bio,bio,2.6752,2.6752,2.6752,2.6752,2.6752,2.6752,2.6752,9.59072,3.23024,6.46048,12.82096,6.91552,3.23024,10.14576,3.78528,3.78528,3.78528,3.78528,3.78528,3.78528,3.78528,3.78528,3.78528,3.78528,3.78528,3.78528,3.78528,3.78528,21.4016,21.4016,21.4016,21.4016,14.48608,14.48608,14.48608,14.48608,14.48608,14.48608,14.48608,14.48608,14.48608,14.48608,14.48608,14.48608,14.48608,14.48608,14.48608,14.44608,14.44608,14.44608,14.44608,14.44608,14.44608,14.97122858,14.97122858
Non-Annex_I,Rest Central America,TCA,Turks and Caicos Islands,1.A.5,Non-Specified,CO2bio,bio,0.008802178,0.008687479,0.008212826,0.011589055,0.011776849,0.011731668,0.010337288,0.010398204,0.010570345,0.011876643,0.011866302,0.01209943,0.013309211,0.01383035,0.021689225,0.025860438,0.026152289,0.025360496,0.029659983,0.028129089,0.19299009,0.181566355,0.140641651,0.224351376,0.2504173,0.249207827,0.260300217,0.254124312,0.274835676,0.297255718,0.355224936,0.40224623,0.3864518,0.465632901,0.494370639,0.502610896,0.546945861,0.630513814,0.594775678,0.57540215,0.625321634,0.922914472,0.870574547,0.902279419,0.287293143,0.37953992,0.295856266,0.316952738,0.324617948,0.324552949,0.318149013,0.339811804,0.354682267,0.367657598,0.367657598
Non-Annex_I,Rest Central America,TCA,Turks and Caicos Islands,1.B.1,Solid Fuels,CO2bio,bio,0,0,0,0,0,0,0,0,0,0,0,0,0,0,0,0,0,0,0,0,0,0,0,0,0,0,0,0,0,0,0,0,0,0,0,0,0,0,0,0,0,0,0,0,0,0,0,0,0,0,0,0,0,0,0
Non-Annex_I,Rest Central America,TCA,Turks and Caicos Islands,1.A.3.b_noRES,Road Transportation no resuspension,CO2bio,bio,,,,,,,,,,,,,,,,,,,,,,,,,,,,,,,,,,,,,,,,,,,,0.017428173,,,0.022047894,0.00212103,0.012059147,0.013950003,0.011855671,0.011497916,0.011823939,0.01114227,0.012478116
Non-Annex_I,Rest Central America,TCA,Turks and Caicos Islands,1.A.1.a,Main Activity Electricity and Heat Production,CO2bio,bio,,,,,,,,,,,,,,,,,,,,,0.196273808,0.193505804,0.133257826,0.236867798,0.234439834,0.243511835,0.282904404,0.288199336,0.610863156,0.636412903,0.696585533,0.720602167,0.758048955,0.738597313,0.851827784,0.727519349,0.760416705,0.786285699,0.710752974,0.742871718,0.816373561,0.488486834,0.52400487,1.089327235,1.114342823,1.309273601,1.079577739,1.120422563,1.443710137,1.665907108,1.58041633,1.626106841,1.742474195,1.77710206,1.77710206
Non-Annex_I,Rest Central America,TCA,Turks and Caicos Islands,1.A.4,Residential and other sectors,CO2bio,bio,0.1234513,0.11998193,0.111859099,0.13203981,0.133052386,0.123483926,0.11923087,0.119827655,0.120290408,0.138847275,0.153564293,0.162978087,0.186275929,0.180119085,0.184541712,0.218584355,0.230866717,0.208804209,0.246006384,0.257215501,0.589922119,0.542301504,0.461632889,0.674397737,0.711950872,0.711986794,0.747616541,0.759041942,0.845688892,0.879007788,0.749386458,0.714436145,0.776086835,0.79232568,0.785006262,0.801227192,0.828463386,0.678782946,0.84687343,0.874132387,0.897124826,2.35283438,1.758015474,1.739449821,2.349175715,2.119891843,2.442802922,2.378017766,2.332760547,2.238826941,1.947211544,2.118194453,2.073756069,2.160865847,2.160865847
Non-Annex_I,Rest Central America,TCA,Turks and Caicos Islands,1.A.2,Manufacturing Industries and Construction,CO2bio,bio,0.832906109,0.804489843,0.582828787,0.76313265,0.718520417,0.638680589,0.57404045,0.654407307,0.626156552,0.790143504,0.798886318,0.73455161,0.898918375,0.789270601,0.716401155,0.825640499,0.979757618,0.832736651,0.98536437,0.947162067,0.689646017,0.703906465,0.443022066,0.770934411,0.84016694,0.857002216,0.910711818,0.948780588,0.65929631,0.709709397,0.761441596,0.6472351,0.64725179,0.644633044,0.65146932,0.676439259,0.692380767,0.582131009,0.537272779,0.562468007,0.622218381,1.994082469,2.016822055,0.928935495,0.938333803,0.920601348,1.175131349,1.737646962,1.503464311,1.321850004,1.124527958,1.160506471,1.243548435,1.268261242,1.268261242
Non-Annex_I,Western_Africa,TCD,Chad,1.A.1.a,Main Activity Electricity and Heat Production,CO2bio,bio,,,,,,,,,,,,,,,,,,,,,5.898743872,7.010430398,24.47904236,31.89524519,32.45209689,32.49999331,34.27743793,35.62672942,37.43945281,50.08447129,51.2626683,51.02803453,50.10281077,50.78136656,51.78227462,47.96395627,48.54616734,45.71424598,48.28449125,49.14910047,49.2482143,15.43832117,14.535036,15.64875681,17.32244658,16.01412487,15.96832121,16.0054734,15.87972329,15.85031654,15.87391421,15.88351361,17.86771187,18.10260744,18.10373833
Non-Annex_I,Western_Africa,TCD,Chad,1.A.3.b_noRES,Road Transportation no resuspension,CO2bio,bio,,,,,,,,,,,,,,,,,,,,,,,,,,,,,,,,,,,,,,,,,,,1.038404389,0.968796536,0.94874336,1.439018871,1.082034222,1.255951328,1.88322386,1.5427691,1.320663531,1.390270506,1.404426055,1.234773516,1.247876591
Non-Annex_I,Western_Africa,TCD,Chad,1.A.5,Non-Specified,CO2bio,bio,,,,,,,,,,,,,,,,,,,,,324.1140011,332.9578995,379.1682836,387.5986119,396.2704204,411.9960111,395.9446416,450.146315,464.9505614,525.5376949,531.7077814,487.8782543,502.2977029,520.2341538,535.2083328,550.7920605,560.030937,555.9376935,570.194503,587.7805477,604.2612217,615.3396646,641.4283088,659.4990471,680.9110254,680.4773661,699.7305115,713.9131535,730.0834827,781.5200423,800.5812478,767.4715208,776.3122471,795.3208117,795.3208117
Non-Annex_I,Western_Africa,TCD,Chad,1.A.4,Residential and other sectors,CO2bio,bio,4288.33864,4350.590792,4463.791405,4598.043293,4615.99294,4776.310058,4902.434281,4996.384925,5152.872669,5595.844078,5803.028944,5977.477718,6127.893546,6084.126153,6203.025947,6143.592263,6357.537354,6582.167818,6491.711487,6602.737125,6937.505812,7033.490376,6980.475235,7183.159297,7196.146146,7565.682123,7674.326981,7744.416483,7996.86159,8522.766151,8685.684581,8723.289751,8888.841987,9070.058871,9282.516565,9663.189817,9783.155149,9981.356625,10068.96315,10285.87354,10522.45861,10522.54713,10473.21719,10561.50477,10665.78181,10701.16498,10799.23117,10815.84047,10873.68403,10952.51009,10973.71652,10896.40346,11271.05412,11440.52415,11440.52415
Non-Annex_I,Western_Africa,TCD,Chad,1.A.2,Manufacturing Industries and Construction,CO2bio,bio,340.0693734,341.3333368,349.6012501,358.4541682,353.5275136,359.6343118,371.3587382,375.5405904,387.7765479,398.1317366,405.0001996,422.1088769,428.4719854,419.8252898,415.1045965,404.8682024,429.0597997,438.0017066,440.9805939,428.28494,347.7477844,402.87533,385.1616142,390.0528277,403.2530607,386.2541749,381.5132125,411.2017262,378.3992545,370.4928849,372.960885,370.8855966,383.0924167,404.2962245,373.5746432,425.9655877,419.2319417,428.5480288,445.4047196,447.1167174,421.1158957,376.6661419,406.0304721,390.2554329,413.6637994,436.5257915,431.4035153,443.9007742,458.0603929,472.8512292,449.1815442,454.7592268,456.8400444,457.9993598,457.4469758
Non-Annex_I,Western_Africa,TCD,Chad,3.C.1,Emissions from biomass burning,CO2bio,bio,306.8340624,327.6382541,295.3436555,285.9274551,291.7888386,302.3575234,330.7740556,305.5010875,347.2909455,335.4278679,336.033522,277.4187224,274.76302,311.8744552,254.2453666,363.1567763,311.421704,294.9638548,371.8691827,357.6576492,342.0407082,441.0757154,462.4595046,370.4008089,537.2639281,488.7303161,478.8143408,546.8094251,682.0502629,640.8558462,545.7772991,708.5723567,642.2002704,810.4537085,656.7588128,874.0179865,904.3682215,979.4008855,941.7524786,907.0491473,1678.83048,926.5665761,1365.984774,1389.724332,1364.58529,1250.967222,1397.233983,1362.394452,1457.196296,1421.998036,1422.896247,1346.742994,1381.298596,1353.713294,1405.600326
Non-Annex_I,Western_Africa,TCD,Chad,1.B.2,Oil and Natural Gas,CO2bio,bio,,,,,,,,,,,,,,,,,,,,,,,,,,,,,,,,,,,,,,,,,,,17.79544535,17.71728576,21.63428371,25.39208305,21.74806242,21.278232,29.638296,26.292996,21.733476,22.342356,22.76928,22.76928,21.3954768
Non-Annex_I,Western_Africa,TCD,Chad,1.B.1,Solid Fuels,CO2bio,bio,87.04701516,87.50987747,89.54123806,96.5934786,98.96059421,98.07631457,101.1357572,106.850457,109.5609346,117.2492971,128.9276683,137.9418847,143.5382538,147.6558297,152.8582281,156.7541239,165.526574,177.0444184,182.2561913,191.5213905,284.2700953,294.2337729,288.8414869,310.1872953,316.6948701,237.9960605,358.4297555,354.3457695,382.0179171,365.2703636,395.9830144,502.8894073,591.0308525,619.3713533,624.8236334,610.1119164,656.6876342,694.3855446,728.4885371,757.202785,726.2544809,761.6348479,887.1624262,1025.760733,1043.785544,1099.736406,1024.915738,1100.126767,1135.498607,1089.46329,1132.299685,1283.583378,1298.785599,1297.999012,1297.999012
Non-Annex_I,Western_Africa,TGO,Togo,3.C.1,Emissions from biomass burning,CO2bio,bio,207.9856636,214.6925357,159.7541364,155.5796381,153.5637162,160.5355852,152.1178938,168.7663912,186.9379482,224.1308993,221.5906731,225.5850262,270.3532396,259.5025026,302.2529811,264.864088,246.6913914,257.3918428,324.486778,330.0774153,334.9851427,304.0649052,307.8152835,413.8788254,418.4987887,407.4459619,503.421722,493.003686,457.8761275,497.4240692,481.9675788,500.6486319,504.4861536,509.4773519,516.0199076,519.8005214,553.2578197,548.5264501,584.3320674,648.2541975,654.2003262,657.8636553,904.2795086,898.2662125,962.3749372,905.4607663,959.072986,996.5368875,1052.973629,1104.533949,1128.58967,1192.654779,1234.639058,1321.279585,1314.117169
Non-Annex_I,Western_Africa,TGO,Togo,1.A.1.a,Main Activity Electricity and Heat Production,CO2bio,bio,,,,,,,,,,,,,,,,,,,,,,,,,,,,,,,,,1.4,1.4,1.4,1.4,2.9,7.2,1.4,2.9,2.9,4.3,4.3,1.4,,1.4,1.4,,,1.296,0.007,1.591,1.591,2.422724675,2.422724675
Non-Annex_I,Western_Africa,TGO,Togo,1.A.2,Manufacturing Industries and Construction,CO2bio,bio,49.1008,49.1008,49.1008,49.1008,49.1008,49.1008,49.1008,49.1008,49.1008,49.1008,49.1008,49.1008,49.1008,49.1008,49.1008,49.1008,49.1008,49.1008,49.1008,49.1008,49.1008,49.1008,49.1008,49.1008,49.1008,49.1008,30.688,30.688,,,,4.3,8.7,13.5,15.2,18,25.1,75.3,11,20.5,23.5,25.4,26.2,26.6,25.9,22.6,29.1,26.637,34.939,70.665,41.283,66.831,78.896,120.1403431,120.1403431
Non-Annex_I,Western_Africa,TGO,Togo,1.A.4,Residential and other sectors,CO2bio,bio,1616.7512,1616.7512,1658.5,1699.8488,1714.6984,1753.4472,1797.696,1839.1448,1883.6936,1934.392,1984.9904,2041.1888,2103.6368,2166.4848,2234.7328,2302.7808,2380.2784,2504.8248,2582.1224,2662.52,2791.7176,2888.26,2994.052,3091.9432,3187.7336,3305.7232,3432.4616,3527.8992,3644.1856,4093.3248,4198.4704,4299.016,4402.5616,4506.1072,4616.4024,4755.8464,4839.8928,4954.888,5093.6328,5477.1664,5634.8096,5794.0528,5959.896,6101.74,6252.8336,6380.6272,6553.9208,6683.2108,6734.016,6894.5322,7060.452,7221.1442,7391.865,9900.137722,9900.137722
Non-Annex_I,Western_Africa,TGO,Togo,1.B.1,Solid Fuels,CO2bio,bio,927.7488,927.7488,952.7,977.4512,986.7016,1008.4528,1036.404,1061.0552,1089.3064,1117.008,1144.8096,1178.7112,1212.5632,1246.6152,1286.9672,1326.9192,1370.4216,1444.6752,1487.7776,1534.58,1588.7824,1707.24,1836.948,1975.6568,2124.5664,2285.1768,2455.4384,2640.4008,2799.0144,3078.4752,3155.3296,3233.684,3310.4384,3387.2928,3471.5976,3577.0536,3640.3072,3724.612,3816.4672,4104.1336,4224.6904,4343.6472,4462.604,4567.96,4681.3664,4793.9728,4905.3792,5010.8352,5025.936,5144.8928,5271.4,5390.3568,5516.864,9756.694716,9756.694716
Non-Annex_I,Southeastern Asia,THA,Thailand,1.A.3.b_noRES,Road Transportation no resuspension,CO2bio,bio,,,,,,,,,,,,,,,,,,,,,,,,,,,,,,,,,,,9.4872,100.56432,189.744,418.17312,1419.00192,1879.20192,1939.83504,2094.972,2747.63472,3558.29472,4332.8184,4541.31024,4769.96592,5271.832428,5759.982852,6427.348608,6452.160468,5784.800376,5209.597812,5533.039116,5496.277671
Non-Annex_I,Southeastern Asia,THA,Thailand,1.B.1,Solid Fuels,CO2bio,bio,11748.672,11748.672,11934.8352,12124.448,12310.6112,12601.1376,13230.2336,13804.3816,14455.5328,15144.6864,15463.2616,15340.2016,14909.768,12594.5136,13661.088,15569.5216,17137.6728,18541.5552,19744.1648,20690.5344,21921.2568,23359.4904,22398.9896,20749.8104,19948.6328,19147.4664,18652.0888,18014.5272,18386.968,18552.1552,18800.7744,16086.0344,16217.8456,16499.9712,18176.4144,18784.3664,19455.9272,20571.7688,21386.7904,20650.7312,22875.2672,20917.2944,21174.716,21784.9192,20819.6224,20872.2712,14946.0912,12791.2574,7076.8752,6966.8344,5336.1366,4435.3682,4731.2552,4394.57772,4394.57772
Non-Annex_I,Southeastern Asia,THA,Thailand,1.A.2,Manufacturing Industries and Construction,CO2bio,bio,17752.52864,17752.52864,17571.82864,17556.42864,18974.22864,16449.32864,17797.42864,19045.12864,17734.72864,19572.62864,17755.62864,19593.52864,21536.22864,21280.92864,21808.32864,22264.82864,22273.22864,21988.42864,21934.02864,25193.82864,24424.32864,26803.29155,33619.8455,26128.66294,27052.11667,38207.89258,43542.76868,41182.6635,33104.58023,39077.74869,39508.5608,30617.34018,37200.51759,44036.32938,45458.20294,47906.49736,45076.36377,49315.87228,52872.88143,55473.54844,56757.9819,60709.64265,72798.56224,73375.8032,79194.82923,71473.2862,81976.15399,81336.95611,107726.7139,112441.9238,82285.49642,63211.55271,76091.83656,76979.09504,72793.90512
Non-Annex_I,Southeastern Asia,THA,Thailand,1.A.1.a,Main Activity Electricity and Heat Production,CO2bio,bio,,,,,,,,,,,,,,,,,,,,,,,,,,820.6,2930.4,1036,977,2988.2,1919.6,1725,2319.3,3998.1,4328.6,5074.8932,4956.6274,6056.2684,7123.8096,8255.4466,9534.052,9349.5986,9716.3944,14462.467,15832.3944,16414.9272,41035.4972,34510.26183,34984.74501,38715.23193,35716.81685,38362.5853,41716.1322,50989.54004,51479.19016
Non-Annex_I,Southeastern Asia,THA,Thailand,4.C,Incineration and Open Burning of Waste,CO2bio,bio,,,,,,,,,,,,,,,,,,,,,,,,,,,,,,,,,,,,,11.4785,11.66570018,14.11039175,11.656697,11.96609882,12.27550064,12.39107799,12.84299349,13.13442555,13.362506,14.06643723,13.96553578,13.86463434,14.82116685,17.74988463,19.9520827,21.09596907,20.03500252,21.26907615
Non-Annex_I,Southeastern Asia,THA,Thailand,1.B.2,Oil and Natural Gas,CO2bio,bio,,,,,,,,,,,,,,,,,,,,,,,,,,,,,,,,,,,9.4872,100.56432,189.744,437.14752,1488.83904,1859.208,1985.74176,2170.18992,2993.5656,3770.60976,4222.73856,4541.31024,4594.69344,5400.7833,5760.332604,6590.490924,6356.277444,5712.753588,5263.642284,5707.269383,5664.273114
Non-Annex_I,Southeastern Asia,THA,Thailand,1.A.4,Residential and other sectors,CO2bio,bio,14615.128,14615.128,15166.4648,15738.752,16328.1888,23828.1624,23743.3664,23709.4184,23728.0672,23792.5136,23654.0384,23911.0984,24077.632,14754.5096,16497.2784,19347.5416,21318.1864,22834.1048,24099.5872,26728.0448,28351.9952,29633.0096,28485.2112,26358.6392,24877.0632,22707.5288,21042.3048,21334.1184,21557.3312,22125.952,22461.368,22730.2128,23174.5,23595.3208,26002.224,25210.9712,25218.6576,26526.6848,27461.1392,26800.3472,30070.7032,28757.7672,28301.9392,29007.7304,29685.0312,28466.2456,18981.6352,18093.4692,16044.1052,15588.9126,11773.9046,9860.0452,10081.3398,9402.320582,9402.320582
Non-Annex_I,Southeastern Asia,THA,Thailand,3.C.1,Emissions from biomass burning,CO2bio,bio,20753.53743,21536.37535,19801.04308,23827.47619,22984.84228,25973.90197,26003.92546,26472.81459,29154.95513,27699.3284,29205.46692,30423.73525,30081.06529,32566.32637,33618.83704,34926.37215,32255.79203,31024.37707,35640.4446,36149.75145,31533.79512,34154.79359,34565.63004,32622.09908,34251.12724,35811.12829,37107.82266,38126.55797,36377.94063,38134.75713,39433.53068,41082.54948,40576.71832,43442.1149,41911.2991,41592.78182,40986.90667,44804.69518,45611.68379,46344.73484,49517.40557,53262.9657,53690.80457,52657.61233,49072.14497,44138.81706,47643.22761,48391.21198,51784.77764,47812.17497,46648.64549,47092.31646,49596.19286,49472.87351,48804.57505
Non-Annex_I,Asia-Stan,TJK,Tajikistan,1.A.4,Residential and other sectors,CO2bio,bio,,,,,,,,,,,,,,,,,,,,,,,,,,,,,,,,,,,,,,,,,,,0.3304,0.3304,0.3304,0.3304,0.36344,0.36344,0.36344,0.36344,0.36344,0.36344,0.36344,0.39648,0.39648
Non-Annex_I,Asia-Stan,TJK,Tajikistan,3.C.1,Emissions from biomass burning,CO2bio,bio,80.03057051,78.2033371,73.91219233,89.11941034,77.73211809,64.65901916,82.77693708,79.84852846,91.54660607,75.23328502,79.9813465,70.8660418,76.37551776,74.03916931,69.54814429,73.78500642,79.29127465,77.70027922,77.52782763,81.17811553,84.44696799,67.62780411,67.05492014,66.90723544,58.6155429,61.94423822,88.46246302,130.5216677,119.0290254,115.7676059,129.2942182,113.6809145,151.7194315,184.3033093,183.199995,188.76434,186.3231316,187.5319252,190.7128705,280.3341311,275.6331033,213.6470072,235.5989443,264.4031775,247.2899203,256.9591445,264.1627866,262.607457,231.8868592,250.1196835,246.1959312,269.4340993,252.3863599,258.4405607,262.8680042
Non-Annex_I,Oceania,TKL,Tokelau,3.C.1,Emissions from biomass burning,CO2bio,bio,0.080569768,0.082398313,0.084786984,0.090832525,0.094489468,0.095049229,0.096878176,0.097437901,0.099266226,0.099266226,0.101654934,0.097588737,0.095204632,0.092674741,0.089383839,0.086005167,0.082686204,0.07938754,0.075723167,0.072439132,0.069344691,0.067627251,0.063331221,0.058843951,0.053563529,0.048015212,0.047340991,0.046479469,0.045243194,0.043731819,0.042513277,0.041035766,0.039559543,0.038301446,0.036948232,0.035931371,0.034718634,0.034189204,0.033475133,0.033119664,0.032875224,0.032714385,0.032616302,0.032616302,0.032633856,0.031108087,0.032193689,0.032358916,0.03230033,0.032287164,0.030790651,0.030872749,0.031168092,0.030869498,0.030583332
Non-Annex_I,Asia-Stan,TKM,Turkmenistan,1.A.4,Residential and other sectors,CO2bio,bio,,,,,,,,,,,,,,,,,,,,,,,,,,,,,40.4456,40.4456,40.4456,40.4456,41.3456,41.3456,41.3456,41.3456,48.1456,48.1456,48.1456,48.1456,48.1456,48.1456,37.4464,40.896,40.896,40.896,40.896,42.196,42.196,42.196,42.196,42.309,42.419,42.419,42.419
Non-Annex_I,Asia-Stan,TKM,Turkmenistan,3.C.1,Emissions from biomass burning,CO2bio,bio,139.972022,137.1442875,132.5372965,156.2209501,143.103256,114.1995703,151.5285704,147.7399764,164.9427688,138.5479153,148.5862448,133.4315691,150.0505909,142.6037298,135.0780477,144.0869792,150.2488725,150.1148015,151.5586998,154.8985144,153.3781902,125.9965422,138.2464577,186.891757,213.1803426,225.4707579,148.8262183,189.3775002,280.1259914,342.5134355,395.8585025,399.8602566,516.1463521,559.672276,580.7963588,633.0259512,716.7010051,276.3616924,265.9028505,338.7682507,352.7855714,291.675886,331.5028731,362.3248498,318.1139389,357.3178564,386.4856034,382.3107254,281.3146525,387.8602384,354.0022722,336.0678533,338.9091629,316.0691918,414.1863381
Non-Annex_I,Southeastern Asia,TLS,Timor-Leste,1.B.2,Oil and Natural Gas,CO2bio,bio,,,,,,0.087612065,0.088639388,0.088344959,0.089125217,0.088985639,0.089213635,0.089989582,0.120742145,0.122832693,0.153999685,0.570485896,4.725758946,4.776639362,4.839372151,6.408969194,,,,0.20209799,0.192181859,0.303664481,0.28793028,0.278319268,0.270829424,0.289175014,0.424456014,0.461689147,0.441121024,0.421370399,0.417831725,0.398921589,0.380050031,0.362354951,0.344927475,0.328242931,0.311996163,0.297687302,0.283372828,,,,,,,,,,,,
Non-Annex_I,Southeastern Asia,TLS,Timor-Leste,1.A.1.a,Main Activity Electricity and Heat Production,CO2bio,bio,0.04408294,0.043377161,0.042792938,0.041663507,0.041385111,0.048337691,0.04890449,0.048742046,0.056087421,0.247778977,0.248413829,0.250574439,0.260301248,0.264808144,0.272092708,0.279907469,0.278225794,0.276448408,0.276837092,0.276920742,0.846803466,0.845687436,0.845751473,0.844769599,0.862512183,1.831704152,1.736795449,1.577513612,1.535061173,1.227153603,1.787345689,2.473650796,2.545254213,3.369616957,3.259087453,3.177870754,2.756239762,2.38485305,2.130059822,2.069445434,2.109094065,2.116785711,2.215103276,2.460597839,2.357803285,1.553539433,1.460642974,1.381749588,1.461919425,1.58385888,1.372105383,1.328343999,1.291805386,1.246181829,1.215375115
Non-Annex_I,Southeastern Asia,TLS,Timor-Leste,1.A.5,Non-Specified,CO2bio,bio,,,,,,,,,,,,,,,,,,0.073773622,0.073877347,0.07389967,0.12479209,0.132720325,0.120590401,0.147127337,0.14682694,0.231999664,0.219978734,0.222655415,0.216663539,0.162989553,0.240782321,0.243382458,0.236767834,0.224820628,0.226271949,0.216031384,0.205811709,0.206263588,0.199527278,0.222195215,0.084478961,0.084344128,0.080339059,0.077322859,0.073509396,0.069932032,0.067218496,0.049780219,0.04736387,0.044988755,0.037431378,0.035548053,0.0345099,0.032925475,0.032925475
Non-Annex_I,Southeastern Asia,TLS,Timor-Leste,1.A.2,Manufacturing Industries and Construction,CO2bio,bio,,,,,,,,,,0.041424349,,0.167566807,0.278334166,0.726627165,0.739677245,0.67227043,0.252116629,0.531818639,0.301192261,0.665097031,27.3748466,27.01910664,27.58363799,27.8135338,27.97937247,19.31427567,18.31351753,14.82217095,11.99666015,15.11176044,20.56064932,18.13863079,18.90901206,16.74173251,16.5139954,14.9233498,14.9213489,12.4962286,11.24039042,9.682661481,8.454616036,8.872913535,8.183807274,5.424140321,6.142458013,6.00675134,4.374603564,4.836455396,4.198838703,4.11054278,3.689142001,3.506493372,3.404867431,3.248513132,3.248513132
Non-Annex_I,Southeastern Asia,TLS,Timor-Leste,1.B.1,Solid Fuels,CO2bio,bio,1.962091585,1.930677987,1.983258163,1.951367141,2.006801662,2.062659908,2.115119178,2.14312685,2.189714375,2.221572499,2.261873284,2.246636452,2.234513723,2.244488301,2.259725951,2.27209347,2.258442811,2.288603686,2.403043376,2.455742884,19.43839383,19.42248658,19.47170784,19.58572043,18.87840836,5.653017986,5.711385035,5.938219906,6.029746288,6.158902018,8.168077188,8.062597049,7.957090414,7.851220973,7.745957359,7.70962001,7.550717074,7.39873064,7.268948541,7.108226922,6.943594617,6.825740855,6.666672748,6.603770471,6.441088127,6.282552384,6.132180046,6.029324035,5.928551798,5.777370844,5.631723723,5.396374236,5.242096014,5.001374675,5.001374675
Non-Annex_I,Southeastern Asia,TLS,Timor-Leste,1.A.4,Residential and other sectors,CO2bio,bio,78.18229641,76.93057744,77.04518364,76.38208525,76.9439511,78.27458254,80.54645862,81.21110356,83.16381534,84.55553477,85.89581079,87.01294351,87.92380279,89.78910343,89.49536113,93.25843763,94.16678475,94.52752029,95.10531266,95.28834609,168.871249,169.0387563,169.1713372,169.2109884,161.4081622,180.4362202,172.3458519,168.1126309,165.1181997,162.0978426,158.8052014,152.1848381,148.4308825,142.9845732,137.2030821,131.4231833,126.0433004,120.6218312,115.4148557,110.4380917,105.8098989,101.2687874,96.94601858,105.2722246,100.6870474,96.16599146,92.05007643,87.77851823,83.7291071,79.95530483,76.52267505,73.11019301,70.97451254,67.71575267,67.71575267
Non-Annex_I,Southeastern Asia,TLS,Timor-Leste,3.C.1,Emissions from biomass burning,CO2bio,bio,93.23828394,90.97709788,96.82676567,103.1491851,108.2081333,116.5113723,122.6248496,135.9380423,147.3976786,154.079335,161.2485331,162.3728071,166.6626836,171.1636901,190.6580143,187.6892344,189.5113495,198.2631885,185.3394714,174.4218789,204.8672168,238.1208799,224.1306674,231.4755281,227.8286315,226.5721357,230.3865566,203.9793614,152.5513927,171.2723751,200.0718565,226.0831511,245.9629869,249.0654915,211.6429952,261.8897937,285.7308928,244.640126,288.0277001,322.6803944,315.1201344,217.4753491,255.0857724,236.3845183,237.5356601,250.4393239,200.3707323,189.984715,184.7208979,176.9199365,172.9487057,182.2029049,246.0857175,237.5686417,248.1381904
Non-Annex_I,Oceania,TON,Tonga,1.A.2,Manufacturing Industries and Construction,CO2bio,bio,,,,,,,,,,0.000394642,,0.001555714,0.002574088,0.00670366,0.006787494,0.00608436,0.002296501,0.004899241,0.002849098,0.006372116,0.266945657,0.26299099,0.268485867,0.269473684,0.284635158,0.206416199,0.207200233,0.128149658,0.103975428,0.042485665,0.254031011,0.231812333,0.250099614,0.229189571,0.234120837,0.219027119,0.227450307,0.197785464,0.184856459,0.165498411,0.150229819,0.163802419,0.157085807,0.108286947,0.127584012,0.1298563,0.098285081,0.11313887,0.102267307,0.104289197,0.097549314,0.09654067,0.09770941,0.09718021,0.09718021
Non-Annex_I,Oceania,TON,Tonga,1.A.1.a,Main Activity Electricity and Heat Production,CO2bio,bio,0.000382331,0.000379913,0.000386334,0.00038812,0.000382551,0.000520239,0.000457992,0.000456033,0.000529545,0.002360542,0.002335333,0.002326369,0.002407316,0.002443046,0.002496802,0.002533293,0.002534327,0.002546709,0.002618712,0.002653103,0.008257599,0.008231515,0.008232138,0.008184619,0.008774367,0.019575852,0.019650208,0.013638881,0.013304423,0.003450057,0.02208302,0.031613343,0.033664746,0.046129101,0.046204462,0.046640994,0.042014136,0.03774653,0.035030395,0.035371466,0.037476429,0.039077877,0.059162407,0.098567847,0.066423466,0.050028293,0.050708244,0.03582068,0.042315447,0.049414568,0.047677025,0.048910088,0.047043848,0.048018156,0.049092908
Non-Annex_I,Oceania,TON,Tonga,1.A.4,Residential and other sectors,CO2bio,bio,1.043798849,1.024902429,1.057702476,1.09019269,1.095720247,1.308288141,1.151856849,1.153773852,1.185594179,1.210777108,1.232013335,1.21638379,1.216659775,1.230952462,1.211120393,1.26476544,1.283468453,1.303848222,1.359613163,1.38300842,2.403462477,2.403443912,2.408955195,2.41744627,2.42474082,2.709814711,2.759245327,2.289769285,2.260529995,1.286586865,2.802177433,2.786666699,2.840647939,2.806244447,2.792760475,2.789018627,2.819557179,2.801944124,2.792698321,2.780544955,2.710192365,2.75868647,2.77200379,3.023020593,3.02322034,3.016275642,3.000096972,2.993371727,2.842559586,2.893110967,2.865322268,2.774624354,2.849161196,2.851134539,2.851134539
Non-Annex_I,Oceania,TON,Tonga,1.A.5,Non-Specified,CO2bio,bio,,,,,,,,,,,,,,,,,,0.00067962,0.000698835,0.000708013,0.001216909,0.001291836,0.001173769,0.001425455,0.001493676,0.002479435,0.002488853,0.001925036,0.00187783,0.007499421,0.010753681,0.011527828,0.011331887,0.011010686,0.018480251,0.010585702,0.010749481,0.010643078,0.010614294,0.018316679,0.021264424,0.008143505,0.008192837,0.008032238,0.006563964,0.007297754,0.00722794,0.006781859,0.004814234,0.004340314,0.004161443,0.001484936,0.001530904,0.001534194,0.001534194
Non-Annex_I,Oceania,TON,Tonga,1.B.1,Solid Fuels,CO2bio,bio,0,0,0,0,0,0,0,0,0,0,0,0,0,0,0,0,0,0,0,0,0,0,0,0,0,0,0,0,0,0,0,0,0,0,0,0,0,0,0,0,0,0,0,0,0,0,0,0,0,0,0,0,0,0,0
Non-Annex_I,Oceania,TON,Tonga,1.B.2,Oil and Natural Gas,CO2bio,bio,,,,,,0.000942933,0.00083011,0.000826559,0.000841469,0.000847749,0.000838696,0.000835476,0.001116646,0.00113322,0.001413146,0.005163163,0.043046391,0.044003553,0.045777551,0.061402608,,,,0.001958043,0.001955073,0.003245334,0.00325766,0.002406295,0.002347287,0.000812995,0.005244241,0.005900403,0.005834477,0.005768441,0.005923649,0.005854895,0.005793209,0.005735214,0.005672585,0.005610408,0.00554385,0.005495591,0.005439259,,,,,,,,,,,,
Non-Annex_I,Oceania,TON,Tonga,3.C.1,Emissions from biomass burning,CO2bio,bio,2.506658305,2.585050905,2.638064193,2.678349594,2.721413628,2.77344213,2.796932469,2.698101124,2.596584383,2.541170255,2.5163334,2.362867045,2.185316353,2.113300486,1.949253461,1.814837591,1.632452382,1.4735972,1.328434912,1.293700153,1.293269187,0.79173716,0.967601726,1.165333142,1.038190979,0.864183216,0.77796132,0.696879189,0.679514325,0.607749063,0.672139291,0.724624087,0.707949103,0.673456605,0.675500356,0.681026735,0.691999009,0.718378537,0.697482065,0.687144637,0.676297269,0.666874459,0.657019676,0.678030676,0.681991404,0.675486083,0.694918268,0.694156972,0.691647307,0.697916514,0.708882195,0.705196282,0.709107036,0.711875744,0.715921431
Non-Annex_I,Rest Central America,TTO,Trinidad and Tobago,3.C.1,Emissions from biomass burning,CO2bio,bio,397.716108,359.4065327,394.3813646,308.6315022,306.8703524,273.0776403,360.5568082,295.7567572,241.1556784,261.7133363,262.4344982,196.4935758,186.1402961,153.8782289,135.4987422,158.1838943,178.6985879,170.5479608,191.8726031,191.5465288,229.809065,204.1831287,204.8632231,191.1181591,219.2167527,205.5932556,220.4805944,218.6187177,164.3849139,191.6247537,210.5012881,158.3738513,205.7269782,134.5380047,83.61274746,66.66859494,132.5513634,125.6836269,4.055025865,3.738009148,3.892549184,3.806150583,3.550618749,3.887978248,4.479061521,4.254974227,3.493835661,3.11898516,2.384076882,2.583225177,2.780972164,2.368890055,2.114208048,2.36292847,2.354144333
Non-Annex_I,Rest Central America,TTO,Trinidad and Tobago,1.A.1.a,Main Activity Electricity and Heat Production,CO2bio,bio,86.6,86.6,95.9,79,79,66.2,86.6,79,74.4,70.3,58.1,53.5,53.5,53.5,53.5,106.9,177.8,210.9,172,158.6,203.4,173.7,174.3,161.5,186,107,114.5,123.8,123.8,132.4,24.3,18.1,119.3,97.5,100.7,103.9,68.4,48.2,48.2,48.7,,,,,,,,,,,,,,,
Non-Annex_I,Rest Central America,TTO,Trinidad and Tobago,1.A.4,Residential and other sectors,CO2bio,bio,66.0496,66.0496,65.4496,16.7496,64.5496,64.2496,63.4496,62.8496,61.9496,61.9496,61.5496,60.9496,61.6496,62.6496,62.0496,65.6992,65.8992,66.1992,66.1992,65.6992,64.9992,64.4992,64.1992,64.0992,63.3992,62.5992,59.5992,60.6992,59.4992,58.7992,58.1992,57.4992,56.7992,56.0992,55.2992,54.5992,53.9992,53.0992,52.3992,52.1992,51.6992,51.0992,50.5992,50.0992,49.6992,49.0992,48.5992,47.56088,47.0566,46.56244,46.07816,45.60236,45.13808,44.85187886,44.85187886
Non-Annex_I,Rest Central America,TTO,Trinidad and Tobago,1.B.1,Solid Fuels,CO2bio,bio,6.6504,6.6504,6.6504,6.6504,6.5504,6.6504,6.4504,6.4504,6.2504,6.2504,6.2504,6.4504,6.9504,7.5504,7.7504,4.8008,5.2008,5.6008,6.0008,6.3008,6.5008,6.6008,6.8008,7.3008,7.3008,7.4008,7.5008,7.6008,7.5008,7.5008,7.5008,7.5008,7.4008,7.4008,7.4008,7.4008,7.4008,7.7008,7.7008,7.4008,7.4008,7.4008,7.4008,7.4008,7.3008,7.3008,7.3008,7.79512,7.7704,7.74456,7.71884,7.69764,7.67292,7.567601795,7.567601795
Non-Annex_I,Northern_Africa,TUN,Tunisia,1.B.1,Solid Fuels,CO2bio,bio,282.028,282.028,285.9784,290.8288,296.5792,303.6296,309.4304,316.8312,325.532,334.7328,344.2336,354.0344,364.0352,374.336,380.8368,391.688,403.8392,415.44,425.1408,431.0912,442.992,454.1928,463.9936,472.6944,496.0968,530.1,564.0032,598.0064,631.9096,665.9128,699.816,733.8192,767.7224,801.7256,838.3288,874.3824,913.436,955.5896,997.4936,720.7784,732.44304,747.21328,765.28352,780.77104,800.24128,817.2288,835.01632,855.62512,873.69568,893.473,913.72,929.82892,947.8104,514.926013,514.926013
Non-Annex_I,Northern_Africa,TUN,Tunisia,1.A.2,Manufacturing Industries and Construction,CO2bio,bio,,,,,,,,,,,,,,,,,,,,,,,,,,,,285.3984,153.44,88.9952,19.9472,,,,,,,,,,14,8.3,24.7,28.2,24.6,,,,,,,,,,
Non-Annex_I,Northern_Africa,TUN,Tunisia,1.A.4,Residential and other sectors,CO2bio,bio,1455.872,1455.872,1476.4216,1499.0712,1524.0208,1551.7704,1588.1696,1628.2688,1671.268,1715.6672,1760.6664,1806.2656,1852.4648,1899.264,1937.2632,1996.712,2059.3608,2109.06,2154.3592,2179.6088,2230.108,2279.1072,2324.7064,2367.9056,2490.8032,2610.6,2730.3968,2850.2936,2970.1904,3089.8872,3209.784,3329.4808,3449.3776,3569.1744,3691.8712,3821.1176,3953.364,4088.6104,4230.6064,4584.6216,3857.63856,4312.18672,4328.01648,4328.52896,4318.55872,4291.0712,4288.28368,4256.37488,4282.68632,4284.8214,4279.5919,4266.42074,4264.85536,3560.649833,3556.190033
Non-Annex_I,Northern_Africa,TUN,Tunisia,3.C.1,Emissions from biomass burning,CO2bio,bio,22.43830796,24.42785268,32.83087113,31.17847215,30.84458644,33.4870093,31.45485078,26.42839069,29.01894995,30.51984987,32.27937333,33.31968355,32.29994145,29.389765,29.84049808,50.14421727,23.43019817,45.89374079,12.91120049,19.8608401,38.8875693,55.85685579,49.20118231,45.85932359,18.86653571,17.47701459,63.40990808,28.00457068,40.20432029,43.39584811,28.68438369,31.17973492,14.25084345,53.1442944,50.34472043,48.08160459,38.75384488,44.13674237,28.48970206,52.26104956,25.13755216,49.71021366,48.76535778,32.6693848,48.26404231,32.07561967,29.98145183,37.63142121,35.08396293,48.92151713,35.70248823,38.11041212,37.12271277,15.07703666,23.48971542
Annex_I,Turkey,TUR,Turkey,1.A.1.a,Main Activity Electricity and Heat Production,CO2bio,bio,,,,,,,,,,,,,,,,,,,,,,107.2,123.1,151.5,132.3,1162.5,844.3,721,329.6,330.7,169.9114,184.2942,119.6776,72.0352,64.7806,20.707,49.9726,71.5434,100.6686,157.5528,215.6916,192.9202,347.5302,523.5006,587.37864,663.561856,903.189664,1289.426296,1766.243236,2596.206166,3636.305546,5696.480966,7166.24185,8409.332775,8622.926777
Annex_I,Turkey,TUR,Turkey,1.A.3.b_noRES,Road Transportation no resuspension,CO2bio,bio,,,,,,,,,,,,,,,,,,,,,,,,,,,,,,,,,,,,,63.8616,40.6392,48.0024,19.97976,19.62576,48.82368,228.2592,1181.3688,429.58608,320.09388,315.59808,335.37252,449.03484,496.04604,318.645312,354.383736,429.23916,437.49904,408.3270554
Annex_I,Turkey,TUR,Turkey,4.C,Incineration and Open Burning of Waste,CO2bio,bio,62.81960956,65.4685604,68.21241907,71.04609388,73.96035069,76.94915354,79.56736,82.23609194,84.96908594,87.78634146,90.70038534,96.46298086,102.4454963,108.6227831,114.9538142,121.4031973,127.0507855,132.7672834,138.5553732,144.4263028,150.3904889,152.5762857,161.690032,178.5629465,165.3637253,149.253555,158.9584267,223.488979,135.919168,121.3938304,117.8225239,115.2747805,72.78117036,83.89201107,31.77696784,56.51390661,74.58077,78.66533828,75.8008083,62.68251299,43.68206535,42.77673273,38.62181092,20.06289497,1.498321,2.583546362,4.066202896,3.129911874,2.375720352,4.68829522,6.890210963,9.886871659,11.20584972,12.82103729,14.6690346
Annex_I,Turkey,TUR,Turkey,1.A.4,Residential and other sectors,CO2bio,bio,25007.8,24279.3,26156.6,27017.4,27529.5,28556.9,29416,30120.7,31190,32414.2,32161,32336.9,33186.6,33730.1,33202.3,32438.9,33045.6,33048.9,33183.5,33171.7,30172.2,30082.8,30052,29770.1,29756.5,28423.8,28647.7,28683.3,28902.4,28113.2,27029,25999.2,25008.3,24062.3,23156.3,22290.1,21460.5,20872.8,19910.7,19161.7,18568.6,14783.9,14455.8,13738.8,13041.9,11739.8,10839.6,9889.2,6510.474,6292.76,6631.891,6398.696,6877.589,7545.638649,7545.638649
Annex_I,Turkey,TUR,Turkey,1.B.2,Oil and Natural Gas,CO2bio,bio,,,,,,,,,,,,,,,,,,,,,,,,,,,,,,,,,,,,,63.8616,40.6392,48.0024,19.97976,20.915736,47.785752,65.354772,129.168936,205.471512,319.950864,313.79622,336.203712,448.675176,496.04604,318.645312,354.383736,429.236328,437.4918203,435.2551491
Annex_I,Turkey,TUR,Turkey,3.C.1,Emissions from biomass burning,CO2bio,bio,3915.43282,4771.487427,4341.153735,3867.960702,4137.914625,5013.120404,5453.736572,5473.590875,5506.389952,5797.367573,5372.948981,5764.97525,6040.444649,5720.285839,5902.789639,5931.200701,6502.971897,6588.974063,6866.406776,5717.924626,6751.320815,6844.456935,6517.263806,6967.003426,6073.899017,6254.989736,6415.674955,6396.19374,6899.685219,6039.129541,6458.951887,5754.286292,5790.626687,5434.446412,5702.259973,5783.445999,5367.088382,4482.354073,4332.33253,4567.907716,4377.386359,4446.262781,4185.797687,4356.439502,3841.834955,4180.826939,3920.653966,3877.119312,3656.661843,3596.332969,3699.4895,3350.64369,3633.521355,3865.826582,3736.438197
Non-Annex_I,Oceania,TUV,Tuvalu,3.C.1,Emissions from biomass burning,CO2bio,bio,,,,,,,,,,,,,,,,,,,,,,0.032894981,0.029596185,0.025902854,0.024845116,0.022717934,0.022861351,0.023031171,0.02317431,0.023364698,0.023272422,0.023996704,0.024267329,0.02518333,0.02518333,0.02518333,0.025374713,0.026870099,0.025946711,0.025761165,0.025669006,0.025576847,0.02495925,0.025251817,0.025692353,0.025813695,0.025761165,0.025812159,0.025863461,0.025913226,0.025964528,0.026015522,0.026066824,0.026118126,0.026169059
Non-Annex_I,China +,TWN,Taiwan_Province of China,1.A.2,Manufacturing Industries and Construction,CO2bio,bio,,,,,,,,,,,,,,,,,,,,,,,,,,,,537.9,636.4,605.084,622.2164,662.712,876.2898,796.7334,799.947,855.1912,892.1354,857.0814,903.9526,751.2612,935.8508,805.968,719.122,723.476,822.2122,801.449,682.4128,616.93776,586.595876,542.84151,564.668016,622.552858,708.006834,716.4219938,734.5005743
Non-Annex_I,China +,TWN,Taiwan_Province of China,1.A.4,Residential and other sectors,CO2bio,bio,,,,,,,,,,,,,,,,,,,,,,3.9,12.6,12.7,32.5,54,82.8,113.7,149.3,239.4,300.4,404.9,409.3,515.1,528.3,529.5,545.7,573.3,588.8,567.3,576.2,590.2,591.7,595.6,588.6,608.8,597.2,577.375,601.743,609.117,596.645,591.697,574.021,573.3502,572.6801839
Non-Annex_I,China +,TWN,Taiwan_Province of China,1.A.1.a,Main Activity Electricity and Heat Production,CO2bio,bio,,,,,,,,,,,,,,,,,,,,191.6,209.3,260.6,301.9,266.5,330.7,483.5,590.4,728.1,849.3,1221.6452,1492.0748,1906.5388,2030.4684,2499.4244,2530.2426,2468.6194,2476.3956,2594.711,2603.4694,2444.1676,2467.21,2557.1432,2646.3592,2598.0942,2579.9654,2667.9212,2612.4414,2541.267974,2724.537538,2755.006032,2691.151344,2670.79979,2643.397236,2659.119384,2677.305188
Non-Annex_I,China +,TWN,Taiwan_Province of China,1.B.2,Oil and Natural Gas,CO2bio,bio,,,,,,,,,,,,,,,,,,,,,,,,,,,,,,,,,,,,,1.89744,1.89744,39.84624,77.79504,113.8464,144.20544,235.28256,254.25696,129.02592,64.51296,1.89744,0.434712,0.3717,0.18762,0.140184,0.125316,0.138768,0.138768,0.0921816
Non-Annex_I,China +,TWN,Taiwan_Province of China,1.A.3.b_noRES,Road Transportation no resuspension,CO2bio,bio,,,,,,,,,,,,,,,,,,,,,,,,,,,,,,,,,,,,,1.89744,1.89744,39.84624,77.79504,113.8464,144.20544,235.28256,254.25696,129.02592,64.51296,1.89744,0.434712,0.3717,0.18762,0.140184,0.125316,0.138768,0.155369207,0.191042449
Non-Annex_I,China +,TWN,Taiwan_Province of China,3.C.1,Emissions from biomass burning,CO2bio,bio,728.4921503,733.4958591,730.6222097,709.7019484,778.0802554,765.0613567,798.261283,821.4865383,734.1706917,741.4562346,693.2851167,692.5072464,700.4498787,682.4526162,630.808655,628.600129,585.4644487,558.8391347,568.9839001,562.8321977,536.7198469,511.8543584,496.6463807,496.6398611,481.3239553,466.8248503,437.0022668,439.6920421,399.0599342,390.6619366,375.3493027,340.0400017,339.2901687,305.7742823,259.3465479,266.7416824,269.6276903,248.3577693,255.2502723,268.2943932,252.2457259,277.6613046,279.7977906,273.4632716,293.1631937,274.6173557,279.8012709,298.6972897,318.6253197,301.256358,297.5339239,267.447424,274.8080104,258.2083152,270.2152241
Non-Annex_I,China +,TWN,Taiwan_Province of China,1.A.1.bc,Petroleum Refining - Manufacture of Solid Fuels and Other Energy Industries,CO2bio,bio,,,,,,,,,,,,,,,,,,,,,,,,,,,,,,,,,,,,,,5.85856,2.92928,,,,,,11.71712,,,0.36616,,0.014328,,,,,
Non-Annex_I,China +,TWN,Taiwan_Province of China,4.C,Incineration and Open Burning of Waste,CO2bio,bio,,,,,,,,,,,,,,,,,,,,,,,,,,,,,,,,,,,,4.5925,4.69543991,4.926152077,5.160755582,5.132593533,5.265300167,5.569265754,5.718741243,5.783329417,6.104625496,6.161792047,6.669270559,6.647045808,,,,,,,
Non-Annex_I,Southern_Africa,TZA,Tanzania_United Republic of,1.A.1.a,Main Activity Electricity and Heat Production,CO2bio,bio,,,,,,,,,,,,,,,,,,,,,,,,,,,,,,,55.8,63,72,82.8,82.8,95.4,102.6,100.8,102.6,111.6,124.2,126,113.4,124.2,115.2,115.2,124.2,129.647,117.101,132.329,132.329,132.329,132.329,134.1806408,134.1806408
Non-Annex_I,Southern_Africa,TZA,Tanzania_United Republic of,1.A.5,Non-Specified,CO2bio,bio,625.5,625.5,647.9,671.3,695.6,721,747.5,774.8,802.5,830,856.6,882.9,910,939.8,970.2,1001.9,1035.3,1069.7,1102.8,1132.9,1163.2,1193.7,1224.3,1263.7,1302.6,1322.4,1346.2,1371.8,1443.9,1520,1600,1612.6,1626,1640.2,1655.3,1671.2,1686.8,1703.2,1720.5,1738.7,1757.8,1775.8,1794.6,1814.3,1835,1856.6,1873.6,1891.484,1910.266,1929.961,1950.586,1972.157,1994.686,2022.597055,2022.597055
Non-Annex_I,Southern_Africa,TZA,Tanzania_United Republic of,1.A.2,Manufacturing Industries and Construction,CO2bio,bio,2871,2871,2932.5,2997,3063.7,3133.7,3206.3,3281.5,3357.8,3433.4,3506.5,3578.9,3653.2,3735.1,3818.9,3905.9,3997.9,4092.5,4183.5,4266.4,4349.7,4433.3,4416.3296,4675.1008,4885.8712,4752.7992,4818.4992,4631.32,5088.3992,5331.956,5718.5712,5603,6355.0304,6704.2792,6678.3656,7400.4704,7231.6232,7370.091968,7611.954944,7493.58576,6765.162375,7005.027975,6846.252986,7086.977575,7014.028812,7196.380812,7268.890375,7336.49821,7437.45001,7896.916327,7967.745557,7938.30013,8018.55465,8095.607992,8165.21772
Non-Annex_I,Southern_Africa,TZA,Tanzania_United Republic of,1.B.1,Solid Fuels,CO2bio,bio,1538.4936,1538.4936,1591.3472,1651.6504,1708.1544,1772.508,1837.112,1905.116,1971.2704,2039.7744,2104.9784,2169.1824,2236.0864,2309.8408,2386.0952,2463.3,2544.0552,2628.2104,2710.8152,2785.8696,2858.1744,2934.2288,3007.7336,3107.2392,3160.6048,3320.7048,3386.3584,3619.8624,4397.008,5330.9128,5082.88,5254.0928,5430.656,5612.5696,5799.8336,5992.448,6185.0624,6383.0272,6591.6928,6805.7088,7025.0752,7239.0912,7463.808,7693.8752,7929.2928,8175.4112,8405.4784,8641.93324,8885.04648,9134.99516,9391.97996,9655.605,9926.62884,9939.390661,9939.390661
Non-Annex_I,Southern_Africa,TZA,Tanzania_United Republic of,1.A.4,Residential and other sectors,CO2bio,bio,11753.9064,11753.9064,12176.4528,12614.1496,13073.5456,13549.792,14046.488,14559.484,15082.9296,15598.2256,16098.1216,16593.1176,17100.7136,17659.8592,18230.8048,18826,19456.5448,20103.3896,20723.6848,21290.1304,21867.9256,22470.8712,23235.3664,25034.4608,32370.9952,33002.1952,33595.4416,34234.2376,36332.992,38600.6872,41069.82,42373.0072,44393.744,46432.4304,46823.8664,49232.852,50836.0376,50992.2728,51837.2072,53634.3912,54790.5248,56720.5088,55174.092,57513.2248,56756.0072,58261.6888,59337.8216,59967.30076,60842.80752,64500.42384,65173.70804,65101.835,65813.56416,66825.21688,66825.21688
Non-Annex_I,Southern_Africa,TZA,Tanzania_United Republic of,3.C.1,Emissions from biomass burning,CO2bio,bio,901.3624362,949.0342952,989.2360969,1073.291685,1062.628406,1291.577172,1432.247151,1533.276803,1611.553309,1754.761569,1695.887175,1653.419915,1572.55426,1581.922534,1708.560472,1886.759674,2039.920033,2114.933725,1924.507903,2284.607371,1966.84709,2047.874079,1999.978509,2068.395796,1774.298484,2213.478921,2366.266476,1996.044736,2456.535796,2023.143576,2054.163745,2262.314374,2982.111581,2617.834644,3307.343697,3043.430622,3056.955059,3153.227601,3671.062625,3379.395009,4076.780837,4002.346129,4201.430999,4386.296367,4855.098988,4669.463715,4796.062538,4746.644015,4531.980917,4443.185545,5213.083231,5315.939624,5086.988509,5265.942172,5578.20364
Non-Annex_I,Eastern_Africa,UGA,Uganda,1.B.1,Solid Fuels,CO2bio,bio,2918.3816,2918.3816,3024.7864,3175.6432,3299.7488,3459.456,3601.3624,3752.2192,3991.68,4346.496,4577.1064,4692.4616,4736.8136,4790.016,4967.424,5180.3336,5348.8912,5455.296,5499.648,5597.2024,5721.408,5898.816,6138.2768,6289.1336,6493.0928,6564.096,6714.8528,6874.56,7007.616,7149.5224,7291.4288,7486.6376,7681.7464,7885.8056,8098.7152,8311.5248,8542.2352,8772.8456,9012.3064,9651.0352,10325.1656,11052.4984,11815.3328,12640.32,13527.36,14476.4528,16190.12,16434.85728,16271.07616,16359.67156,19833.62624,20115.73064,21253.19944,21307.79157,21307.79157
Non-Annex_I,Eastern_Africa,UGA,Uganda,1.A.1.a,Main Activity Electricity and Heat Production,CO2bio,bio,41.1,41.1,37,29.2,17.2,11.1,13.5,15.2,10.3,8.4,8.2,8.7,9.2,9.2,9.2,9.2,9.2,9.2,9.7,12.4,14.8,20.5,23.3,23.1,23.1,28,35.3,39,37.8,34.6,36,37.2,44.4,51.6,56.4,56.4,58.8,56.4,91.2,148.8,140.4,99.6,156,207.6,291.6,423.6,435.6,247.638,335.532,325.368,311.314,440.646,600.46,606.5389367,606.5389367
Non-Annex_I,Eastern_Africa,UGA,Uganda,1.A.2,Manufacturing Industries and Construction,CO2bio,bio,3289.24704,3289.24704,3167.24704,2929.64704,2565.64704,2361.24704,2432.64704,2505.24704,2301.29664,2067.74624,2022.19584,2082.19584,2201.09584,2267.29584,2227.94544,2190.09504,2202.69504,2256.89504,2386.79504,2563.29504,2740.99504,3144.22208,3431.58704,3540.3944,3696.344,4208.5968,4837.076,5191.4656,5270.0024,5282.79808,5362.65744,5732.19952,6431.4728,7103.7016,7626.8104,8031.7104,8494.4304,8729.2104,9890.5592,11126.9536,10667.82848,11465.2352,11549.2128,12825.4048,12455.9312,13951.3968,13185.1608,14153.60704,15264.71631,15382.23692,16375.37106,16904.50518,17271.29751,18888.13178,18987.68365
Non-Annex_I,Eastern_Africa,UGA,Uganda,1.A.4,Residential and other sectors,CO2bio,bio,14049.5208,14049.5208,14238.116,14350.4592,14339.2536,14595.2968,15082.0904,15584.884,16094.4232,16893.6576,17478.4976,17795.9424,17950.2904,18092.688,18459.18,18897.6208,19259.4632,19501.3584,19645.8064,19965.0024,20367.1968,20955.7888,21646.028,22070.1216,22631.9624,23031.6592,23616.5528,24075.296,24356.24,24637.1336,24996.7272,25548.4184,26251.1096,26950.8504,27589.8912,28192.4816,28812.3216,29341.7112,30288.3504,31765.9542,32935.203,34374.8694,35673.5018,37565.34,38956.4744,40766.2018,42174.0406,43419.71251,44310.47253,44452.17574,47170.38589,49360.59503,50316.23027,50950.08321,50950.82952
Non-Annex_I,Eastern_Africa,UGA,Uganda,3.C.1,Emissions from biomass burning,CO2bio,bio,859.284148,852.3208595,829.7555251,784.725726,827.9156716,942.1341592,929.8412339,834.5366818,844.3159047,574.48806,524.379978,595.0001454,613.7801005,726.1445482,617.5760816,619.1518423,640.9086367,666.4831473,745.2782958,828.723779,834.6926359,858.0781991,906.6926772,956.6945392,968.921299,1011.594305,927.540309,956.7399336,1083.020572,1113.205102,1132.045225,1201.024351,1252.079429,1312.561673,1277.284216,1332.260701,1355.539242,1383.967961,1349.6349,1363.878934,1407.18843,1480.410433,1563.863269,1589.541734,1626.882511,1659.471769,1557.235403,1683.229035,2094.147433,1583.456985,1869.919933,1979.47302,2355.909105,1788.644336,1783.49418
Annex_I,Ukraine +,UKR,Ukraine,1.A.3.e,Other Transportation,CO2bio,bio,,,,,,,,,,,,,,,,,,,,,,,,,,,,,,,,,,,,,21.6,,,,,,,,,,,,,,,,,,
Annex_I,Ukraine +,UKR,Ukraine,1.B.1,Solid Fuels,CO2bio,bio,66.41482722,66.41482722,67.74341118,69.25025759,70.73454471,67.09332522,73.06863838,75.15014151,134.6760139,138.2314004,137.9128708,137.8903974,139.231055,139.1349317,143.1514264,150.4237509,152.260158,153.6660413,155.6302241,157.1586346,188.3128,164.7112,135.3592,82.4056,70.6048,41.1528,35.3024,35.3024,17.6512,35.3024,47.1032,88.256,94.1064,123.5584,105.9072,153.0104,147.06,482.6328,506.0344,689.2968,712.0984,747.2008,729.5496,786.4032,847.2576,959.0152,1147.228,1276.6368,1325.64688,1145.47216,1213.52816,1218.6394,915.80756,915.80756,915.80756
Annex_I,Ukraine +,UKR,Ukraine,1.A.1.a,Main Activity Electricity and Heat Production,CO2bio,bio,,,,,,,,,,,,,,,,,,,,,,,,,,,,,,,,,,,,,0.6,1006.7,1476.5,1544.4,1801,1890.4,2009.8,2329.7,2166.2,2383.46,3358.2382,3390.7146,3779.027,3959.7588,4175.6652,4175.6652,2885.9282,2903.564924,2921.532331
Annex_I,Ukraine +,UKR,Ukraine,1.A.2,Manufacturing Industries and Construction,CO2bio,bio,,,,,,,,,,,,,,,,,,,,,,,,,,,,,,,,,,,,,209.6,270,226.3,162.8,170.6,185.6,194.3,160.3,199.2,362.1,215.1,217.1,117.8,309.5,316.4,323.837,152.815,171.5637042,171.5637042
Annex_I,Ukraine +,UKR,Ukraine,1.A.4,Residential and other sectors,CO2bio,bio,214.466434,214.466434,211.9841817,207.2679859,210.4948801,204.0408274,204.5374349,200.3175824,193.1191368,193.8637863,195.8494311,200.8139357,206.7713784,199.3246342,211.4875844,215.3897511,200.3201264,214.2354148,201.2558941,185.0466811,110.3872,96.5888,79.3408,48.2944,41.3952,24.1472,20.6976,20.6976,10.3488,20.6976,27.5968,51.744,55.1936,72.4416,62.0928,89.6896,2053.04,4531.6384,4840.3368,4056.2344,3965.584,4183.3832,4135.1328,4362.632,4677.2808,4884.1328,6864.3824,7292.3328,7901.34288,8089.144,8196.93904,8859.9532,9008.4566,8945.912583,8945.912583
Annex_I,Ukraine +,UKR,Ukraine,1.A.3.b_noRES,Road Transportation no resuspension,CO2bio,bio,,,,,,,,,,,,,,,,,,,,,,,,,,,,,,,,,,,,,,,,,,,,143.268048,125.604864,104.016528,113.829408,137.890788,110.3949,261.179784,151.510584,151.510584,,,
Annex_I,Ukraine +,UKR,Ukraine,1.A.1.bc,Petroleum Refining - Manufacture of Solid Fuels and Other Energy Industries,CO2bio,bio,,,,,,,,,,,,,,,,,,,,,,,,,,,,,,,,,,,,,80.3,3.2,5.8,5.9,7,4.8,,2.3,0.8,,,,0.2,0.1,0.1,0.1,0.067,0.067,0.067
Annex_I,Ukraine +,UKR,Ukraine,1.A.3.c,Railways,CO2bio,bio,,,,,,,,,,,,,,,,,,,,,,,,,,,,,,,,,,,,,,2.9,,,,,,,,,,,,,,,,,
Annex_I,Ukraine +,UKR,Ukraine,3.C.1,Emissions from biomass burning,CO2bio,bio,7334.436178,7138.547946,6871.453639,8271.731331,7427.82938,6029.297065,8214.484931,7687.984035,8729.696584,7099.167996,7474.230142,6539.157194,7236.509279,7245.5196,6821.908237,7208.91221,7588.821559,7628.125497,7412.447096,7819.730983,8063.727349,6383.51171,7456.888913,8472.27686,6585.48616,6676.825067,5243.140752,6811.568809,5404.841649,5053.613,4778.275976,7462.214346,7291.297519,5318.659035,7518.166517,7203.571968,6607.547816,5879.892231,9444.276546,8266.014419,7374.361584,9902.508999,8303.175476,10575.99554,10980.639,10704.23214,11359.8514,10948.23969,11738.83634,12424.95836,10910.68823,13879.45072,9216.404035,10092.08519,9405.14921
Annex_I,Ukraine +,UKR,Ukraine,1.A.5,Non-Specified,CO2bio,bio,2345.415765,2345.415765,2318.269728,2266.693173,2301.982651,2231.400804,2236.831729,2190.683208,2111.960643,2120.104168,2141.81928,2196.111354,2261.262248,2179.824276,2312.838915,2355.513208,2190.711029,2342.889327,2200.944633,2023.67986,1207.2,1117.9,1030.7,1009.1,1000,1042.5,1047.6,1043.4,1067.2,1039.2,1020.5,955.2,945.9,899.2,927.2,852.5,,,,,,,,,,,,,,,,,,,
Annex_I,Ukraine +,UKR,Ukraine,1.B.2,Oil and Natural Gas,CO2bio,bio,,,,,,,,,,,,,,,,,,,,,,,,,,,,,,,,,,,,1.03456,928.60368,3.10368,4.96928,9.21564,,1.03138,1.05894,133.455168,51.026976,31.401216,13.287048,40.605924,9.586148,141.365668,,,,,
Annex_I,Ukraine +,UKR,Ukraine,4.C,Incineration and Open Burning of Waste,CO2bio,bio,58.74760477,59.94858148,61.16361144,62.38346873,63.59308021,64.78142383,65.88753971,66.97061634,68.03606804,69.09250826,70.14601149,71.12332372,72.09232802,73.05262467,74.00395978,74.94402439,75.65923714,76.35403235,77.01581393,77.62760378,78.17550933,74.81888579,70.99953975,66.77823103,56.76595595,52.15950787,49.2265508,50.33453161,51.17811331,52.76763,56.03246554,59.76224603,61.88877338,67.17988998,71.92635569,76.57511453,77.44332585,78.87451623,76.57203904,70.05583934,75.77233046,93.62442152,41.33863223,12.10051983,88.07167997,33.03061938,50.59035227,41.77037793,51.28647379,60.50227124,66.57832627,58.7332216,36.86102658,35.87915631,34.9234402
Non-Annex_I,Rest South America,URY,Uruguay,1.A.1.a,Main Activity Electricity and Heat Production,CO2bio,bio,19.7,19.7,20.1,20.1,19.3,20.1,20.9,23.4,21.8,20.5,20.9,23,54.8,54,61.5,62.8,75,64.9,58.2,54.4,56.1,61.9,50.6,50.6,47.3,38.4,25.6,19.3,26,31.4,31.4,29.4,30.2,27.3,27.9,23.5,32.7,176.3,427.8,561.6,551.19744,527.5,704.2,760.8,955,1210.19744,1243.29744,1284.720364,1301.501492,1204.760152,1396.7029,1449.487064,1284.61628,1293.93773,1294.344254
Non-Annex_I,Rest South America,URY,Uruguay,1.A.2,Manufacturing Industries and Construction,CO2bio,bio,731.0248,731.0248,779.6248,763.7248,768.4248,829.9248,858.7248,908.1248,937.9248,931.2248,978.5248,1133.0248,981.8248,1077.3248,1195.8248,1261.6416,1447.4248,1479.2248,1471.7248,1503.1248,1426.5248,1465.2056,1640.9008,1649.292,1257.9,1034.45952,949.4744,991.65936,747.64544,751.24304,740.14448,756.67152,759.47728,769.32464,844.56448,954.58176,989.16656,1152.2352,4375.21941,4570.17949,5748.866586,5750.14736,5759.50467,6172.678476,7661.848276,9710.520436,10137.98317,10589.36477,10374.47415,10518.56661,10708.98068,10978.80018,10370.47593,11898.36934,12179.11719
Non-Annex_I,Rest South America,URY,Uruguay,1.A.3.b_noRES,Road Transportation no resuspension,CO2bio,bio,,,,,,,,,,,,,,,,,,,,,,,,,,,,,,,,,,,,,,,,,18.79386,56.55858,74.551692,110.301444,132.889476,203.706468,224.63424,206.905212,194.157672,213.128532,211.94334,214.019196,138.433116,148.1544683,155.1268492
Non-Annex_I,Rest South America,URY,Uruguay,1.B.1,Solid Fuels,CO2bio,bio,6.3,6.3,8,5.4,8.8,8.4,8,6.3,8.4,7.5,8.8,12.1,9.2,8.4,9.4832,10.1664,12.2664,11.3664,11.2496,11.2496,11.2496,11.2496,6.3664,5.9664,5.0664,3.8664,2.1664,5.0664,0,0,1.8832,2.1,2.1,2.1,0.8,,,,,,,,,,,,,,,,,,,,
Non-Annex_I,Rest South America,URY,Uruguay,1.A.4,Residential and other sectors,CO2bio,bio,1391.5336,1391.5336,1397.9336,1404.2336,1410.0336,1415.8336,1422.6336,1429.3336,1435.9336,1442.6336,1449.0336,1455.2336,1461.9336,1448.1336,1412.9336,1506.3336,1499.9168,1509.9168,1285.3336,1283.6336,1283.2336,1283.2336,1283.2336,1283.2336,1283.2336,1283.2336,1283.2336,1283.2336,1283.2336,1283.2336,1283.2336,1283.2336,1279.7168,1279.7168,1279.7168,1279.7168,1443.7168,1440.2,1433.7168,1437.2336,1474.66574,1473.964656,1480.297172,1478.913596,1481.73002,1487.36216,1490.87896,1493.53008,1489.083132,1405.443812,1404.976772,1424.303264,1417.96088,1427.357066,1427.587775
Non-Annex_I,Rest South America,URY,Uruguay,1.A.5,Non-Specified,CO2bio,bio,,,,,,,,,,,,,,,,,,,,,3.5168,3.5168,4.3168,4.3168,4.3168,4.3168,0.8,0.8,0.8,0.4,0.4,0.4,,,0.4,0.4,0.4,,,,,,,,,,,,,,,,,,
Non-Annex_I,Rest South America,URY,Uruguay,3.C.1,Emissions from biomass burning,CO2bio,bio,487.3728127,456.2975021,359.0097661,540.9481396,636.6089186,597.888079,666.6233084,510.9452817,499.2353693,555.690574,536.0609712,631.9156794,573.0969215,599.3143207,578.7810384,561.486534,523.9040952,571.7062279,655.7075082,746.432054,618.6333052,522.2075634,707.357398,659.3476887,658.7404273,727.2786972,887.895684,825.7569933,800.3979607,835.022541,713.1366867,651.3355764,678.1395428,711.6860992,1012.439821,1106.655238,1170.382593,1293.654749,1450.313284,1909.790319,2307.017604,2128.989581,2654.460159,2381.103847,2816.055677,2605.038913,2315.425808,2427.470579,1664.905272,2281.788504,2061.495857,2164.063289,2679.72436,2032.038314,1888.510404
Non-Annex_I,Rest South America,URY,Uruguay,1.B.2,Oil and Natural Gas,CO2bio,bio,,,,,,,,,,,,,,,,,,,,,,,,,,,,,,,,,,,,,,,,,64.206396,69.7203,81.044052,132.830712,179.043288,250.838736,270.847524,296.480664,301.019652,304.777716,287.544996,292.4394,175.189644,173.9452632,150.2669831
Annex_I,USA,USA,United States,1.A.3.b_noRES,Road Transportation no resuspension,CO2bio,bio,,,,,,,,,,,,,,,,,,,,,,,,6537.7428,7319.9235,7852.1094,5632.4586,7132.4274,7880.5179,8193.0114,9448.921272,9947.016972,11922.17696,16281.85122,20490.34624,23926.18315,33544.52599,42561.14034,58038.66037,65708.75501,68999.86256,74398.93038,83251.55564,92558.09741,93281.62668,96201.41089,103998.1802,101347.0544,99441.71378,100014.8256,89591.43014,101915.9118,107387.9405,120785.668,126626.9517
Annex_I,USA,USA,United States,1.A.2,Manufacturing Industries and Construction,CO2bio,bio,166611.062,168777.262,176242.062,181603.062,181009.362,171167.962,187254.962,193559.262,205801.662,206257.762,204068.662,204703.162,204545.062,218466.862,245387.262,237317.162,246212.662,268830.662,269922.862,106370.862,99862.462,105606.8062,128218.3168,101293.9067,98412.9244,125952.6653,118579.5695,136377.7107,150246.9248,215696.0699,215550.4673,191113.5852,168832.285,186247.6124,193328.4288,191570.9586,218570.1259,208107.0213,200750.3262,181965.6772,196365.1009,192553.033,199425.6544,202939.547,203741.0806,199829.7739,203259.8622,204956.777,231152.7256,231328.9951,222803.4767,221866.7341,220834.0741,225893.9221,226521.8074
Annex_I,USA,USA,United States,1.A.1.a,Main Activity Electricity and Heat Production,CO2bio,bio,255.5,258.4,283.4,297.6,264.1,201.7,282,506.8,355.8,524.5,457,393.7,188,282.1,367.7,1484.4,1309.1,1651.4,1873.2,134841,147936.2004,140496.0252,145617.2256,148141.9296,153594.7836,144010.2248,155902.2668,153667.6168,147524.194,65371.4616,66566.9812,66694.7858,81465.56125,73446.32468,75816.39294,70936.08008,58417.57225,59565.54457,59381.07492,58021.61521,61219.80429,60201.23637,65237.7202,66190.32178,71679.22048,69087.7053,65151.74887,65468.14511,64613.6273,59420.04396,56381.04378,56673.67052,54766.37682,50521.73767,50263.96614
Annex_I,USA,USA,United States,1.A.3.e,Other Transportation,CO2bio,bio,,,,,,,,,,,,,,,,,,,,,,,,,,,,,,,,,,,,,,,,2.897844,20.286324,,,,,,,,,,,,,,
Annex_I,USA,USA,United States,1.A.3.c,Railways,CO2bio,bio,,,,,,,,,,,,,,,,,,,,,,,,,,,,,,,,,,,,,,,,17.38848,202.863948,1025.911824,627.725544,662.7765,595.861296,873.08082,818.23914,1389.999408,1431.517944,1218.399324,1286.4714,1683.759936,2276.784276,6156.228496,7123.731615
Annex_I,USA,USA,United States,1.A.4,Residential and other sectors,CO2bio,bio,25439.24437,25439.24437,25439.24437,25439.24437,25439.24437,25439.24437,25439.24437,25439.24437,25439.24437,25439.24437,25439.24437,25439.24437,25439.24437,25439.24437,25439.24437,25439.24437,25439.24437,25439.24437,25439.24437,25439.24437,25439.24437,22915.13212,30430.7285,86543.02787,87137.55193,94457.95643,96753.16665,79654.17461,86752.83978,77200.45761,79935.4252,67921.19524,63245.62672,78001.3085,79231.1435,89241.33342,78363.42267,81877.30044,84221.58207,79994.59318,97514.32272,97871.1004,84696.65956,101457.3365,105480.7901,88998.9147,76840.454,73217.53061,88987.05977,97738.18695,90678.90363,89641.68114,96002.67541,101207.7657,101389.5278
Annex_I,USA,USA,United States,1.A.1.bc,Petroleum Refining - Manufacture of Solid Fuels and Other Energy Industries,CO2bio,bio,,,,,,,,,,,,,,,,,,,,,,,,,,,,,,,,,,,,,,,,,,531.547996,380.065436,388.998268,327.64248,435.981348,412.10556,393.28338,347.232228,343.421772,214.339212,202.171524,83.114244,118.6523362,137.2995494
Annex_I,USA,USA,United States,3.C.1,Emissions from biomass burning,CO2bio,bio,2684.987746,3143.115344,3033.915383,3322.118274,3166.241976,3717.62778,3706.46144,3772.546526,3620.50436,4071.33868,4038.590694,4714.054004,4748.650785,3695.941049,4453.70459,4527.001165,4080.277692,3878.337317,3238.185793,3897.301556,4492.889489,3849.344088,4595.647153,4014.332022,4602.614813,4068.064601,4609.165789,4975.194651,5209.51134,5077.549697,5209.048096,4968.093854,4556.98017,5323.638684,5640.776443,5475.418867,5182.371901,5647.890299,6076.362591,6120.731685,6055.649705,5596.067035,5627.734645,5991.394177,6106.910045,6017.690368,6620.338258,5782.917598,5830.524944,5385.881323,5528.623438,5552.660417,5244.90723,5658.774809,5767.652994
Annex_I,USA,USA,United States,1.A.5,Non-Specified,CO2bio,bio,41943.6,39966.2,39750.5,37063.1,38826.4,44528.4,50410.4,56710.4,65094.4,76209.7,85596.5,86814.2,90489.1,91053.6,93691.2,95754.1,92949.3,97841.6,93357,109554.5,56689.3,69341.6,82022.9,,,,,,,3833.3298,4163.977,1807.6074,,,,,,,,,,,,,,,,,,,,,,,
Annex_I,USA,USA,United States,1.A.3.d,Water-borne Navigation,CO2bio,bio,,,,,,,,,,,,,,,,,,,,,,,,,,,,,,,,,,,,,,,,,,263.72292,159.32124,187.99878,172.066656,232.609152,220.9845,368.063712,361.312224,319.53102,281.049804,464.693676,609.328164,1702.110757,1789.31786
Annex_I,USA,USA,United States,1.B.2,Oil and Natural Gas,CO2bio,bio,,,,,,,,,,,,,,,,,,,,,,,,6552.894,7270.6821,7694.9157,5530.188,7234.698,7878.624,8350.2051,8578.656168,9052.167276,11814.22466,16015.12001,19630.86751,23048.1874,30155.38026,41761.98038,59410.9881,67001.75275,76424.26775,86874.67343,89765.32273,94107.41735,99363.78918,102082.335,107907.119,111386.7591,114871.8587,111657.1989,101524.1223,116445.3767,125223.9756,138914.3628,148592.9569
Annex_I,USA,USA,United States,4.C,Incineration and Open Burning of Waste,CO2bio,bio,,,,,,,,,,,,,,,,,,,,,,,,,,2.222,22.68970529,24.95520164,25.49715511,27.44403148,29.06514599,29.98557299,31.24420255,31.96530201,34.05038526,36.13546852,37.56946578,38.81805064,40.74810903,42.87104425,46.00969297,48.66665648,50.58197035,53.05863595,55.94377099,60.03417883,63.80274133,64.53609717,68.70225502,71.42990009,83.36954659,86.24165182,86.28138607,83.88693261,86.92386813
Non-Annex_I,Asia-Stan,UZB,Uzbekistan,3.C.1,Emissions from biomass burning,CO2bio,bio,449.8294284,446.6824934,438.0198949,517.3591401,482.6902114,402.6954845,516.3254912,503.7841774,557.1660811,486.5577853,523.2726032,470.1852887,513.4074021,498.8583491,479.7436549,502.2732581,518.251954,521.8183264,522.7352152,527.2282992,526.3419623,440.6019272,470.8300415,454.4143988,543.8637092,715.2372072,754.5397845,856.6350265,913.7212572,944.0751466,853.2468214,870.3403209,1149.291018,1271.581239,1209.045964,1300.901925,1319.234783,1332.164897,1322.9205,1439.402966,1471.18068,1393.222221,1453.822662,1497.060022,1529.669728,1550.743844,1560.098665,1383.125348,1234.102617,1385.226182,1403.577901,1386.233225,1442.353382,1496.469303,1644.759871
Non-Annex_I,Asia-Stan,UZB,Uzbekistan,1.A.5,Non-Specified,CO2bio,bio,28.94855443,28.94855443,28.61350145,27.97691209,28.41247639,27.54131211,27.60834391,27.03875066,26.06710867,26.16762103,26.43564221,27.10574815,27.9098803,26.90472309,28.54647103,29.07318323,27.03909405,28.91737158,27.16540344,24.9774933,14.9,15.2,15.6,16,16.3,16.6,16.9,17.2,17.5,13.7,17.3,17.3,16.3,14.4,13.2,15.1,15.8,16.6,15.8,15.8,15.8,16.6,18.7,18.7,18.7,17.3,17.3,17.28,17.28,9,12.744,8.228,8.228,8.159056297,8.159056297
Non-Annex_I,Rest Central America,VCT,Saint Vincent and the Grenadines,1.A.3.b_noRES,Road Transportation no resuspension,CO2bio,bio,,,,,,,,,,,,,,,,,,,,,,,,,,,,,,,,,,,,,,,,,,,,0.021265734,,,0.025198323,0.002610968,0.006974499,0.007319734,0.006816597,0.006264141,0.006802719,0.006410532,0.00717909
Non-Annex_I,Rest Central America,VCT,Saint Vincent and the Grenadines,1.A.5,Non-Specified,CO2bio,bio,0.313293649,0.304593357,0.289802363,0.374141773,0.393097628,0.393287965,0.304528572,0.30007659,0.294174194,0.28555643,0.282048513,0.293733075,0.28472494,0.249481563,0.299328702,0.316153731,0.311884349,0.273901174,0.259550571,0.248669004,3.710850688,3.64922881,3.604070989,3.492229053,3.387751768,3.343142202,3.295362892,3.334714842,3.212458112,3.189380721,3.666605354,3.808866908,3.673870027,4.175273215,4.082169185,3.967452994,3.991009792,4.140109955,3.825119498,3.606042425,3.625251396,5.572186855,5.543037797,5.520698931,1.347803743,1.550011396,1.326575455,1.365510928,1.36309403,1.358735271,1.335787513,1.364308581,1.403587537,1.397692487,1.397692487
Non-Annex_I,Rest Central America,VCT,Saint Vincent and the Grenadines,1.A.1.a,Main Activity Electricity and Heat Production,CO2bio,bio,,,,,,,,,,,,,,,,,,,,,4.165516781,4.280086015,3.965629771,4.005627738,3.540248963,3.636299734,3.966329192,4.182535396,7.897253848,7.771329406,8.725370918,8.589027597,8.611264332,7.985516653,8.75638718,7.121595857,7.045549714,6.894703135,5.905498059,5.841743847,6.077084792,3.517866233,3.646696768,7.332126084,7.252722753,8.232328868,6.67587028,6.826738502,8.657387538,9.832745543,9.176064118,9.220749963,9.651547944,9.605839161,9.605839161
Non-Annex_I,Rest Central America,VCT,Saint Vincent and the Grenadines,1.A.4,Residential and other sectors,CO2bio,bio,6.774091222,6.530551316,6.170952368,6.370578494,6.57933727,6.421461281,6.109596012,6.02169772,5.853257057,5.765030639,6.328751409,6.712275731,6.542787303,5.682736341,5.595248739,5.774783202,5.766463027,5.067313455,4.999104947,5.237298634,9.055128446,8.877405452,8.796764163,8.688994017,8.388461778,8.362630184,8.357279852,8.778130572,8.775799822,8.641545456,6.059375372,5.722997118,5.772597496,5.645727698,5.40355371,5.303000285,5.215110496,4.563367477,4.942593084,4.806719751,4.74761686,6.201721285,6.563642966,6.183704586,9.025063826,8.310712259,9.070541557,8.868182665,8.569297929,8.389053981,7.093305699,7.405369809,7.14205329,7.114054448,7.114054448
Non-Annex_I,Rest Central America,VCT,Saint Vincent and the Grenadines,3.C.1,Emissions from biomass burning,CO2bio,bio,4.581757549,4.568089727,4.747594559,6.154968379,6.020997901,5.606229577,5.186014577,5.280599023,5.344561714,6.761963027,7.648061704,10.58342783,11.26675119,12.3019772,17.2783877,20.648973,20.50092567,12.38061673,16.39158246,10.92793734,8.572642152,4.699510022,4.559506775,4.259028129,3.973118581,3.862904302,3.79930582,3.780348252,4.055595325,3.687145933,3.410086815,3.425040022,3.655228114,3.621074417,4.003811816,4.337877144,4.635627995,4.892894893,4.136548744,4.095936706,3.927684941,4.542819977,4.332547897,4.410920745,4.326855286,3.77549206,3.652118925,3.683738194,3.665725791,3.627658393,3.558208948,3.452455703,3.377276522,3.355145497,3.293029438
Non-Annex_I,Rest Central America,VCT,Saint Vincent and the Grenadines,1.B.1,Solid Fuels,CO2bio,bio,0,0,0,0,0,0,0,0,0,0,0,0,0,0,0,0,0,0,0,0,1.633787456,1.582807107,1.54106991,1.528544007,1.342451702,1.315184089,1.273632424,1.269984866,1.260098032,1.234935747,0.670142956,0.632430709,0.632827643,0.622824099,0.582505077,0.574833079,0.559560511,0.547770959,0.525678164,0.533419075,0.539670562,0,0,0,0,0,0,0,0,0,0,0,0,0,0
Non-Annex_I,Rest Central America,VCT,Saint Vincent and the Grenadines,1.A.2,Manufacturing Industries and Construction,CO2bio,bio,52.11095179,50.1407039,36.97088501,43.40991435,41.85925765,37.91762789,33.81040267,37.81350503,35.13750229,37.5742061,37.12935593,33.81144211,34.94129015,28.09310045,25.35761587,25.44496996,28.21759405,23.80747686,23.64626286,22.34061864,14.63634949,15.56945656,13.18392729,13.03712993,12.68726431,12.79739415,12.76821009,13.76931827,8.52339885,8.666363429,9.537752425,7.714548172,7.352633653,6.969600102,6.696796826,6.621579243,6.415170897,5.104531975,4.464087341,4.423097468,4.631793631,14.36050043,14.03563001,6.252549237,6.107164493,5.788471599,7.266752696,10.58748887,9.01571088,7.802004491,6.529128088,6.580588514,6.88800292,6.855382015,6.855382015
Non-Annex_I,Rest South America,VEN,Venezuela,1.B.1,Solid Fuels,CO2bio,bio,0,0,0,0,0,0,0,0,0,0,0,0,0,0,0,0.504,1.404,2.304,3.204,4.204,5.204,6.204,7.204,8.204,9.104,10.004,10.904,11.804,12.704,13.604,14.504,15.404,16.304,17.204,18.104,19.004,19.904,20.704,21.504,22.3536,19.9536,21.0032,18.7032,16.6032,17.9528,18.6528,14.4528,15.25884,14.66516,8.56616,6.68364,8.9946,13.85272,14.04368555,14.04368555
Non-Annex_I,Rest South America,VEN,Venezuela,1.A.4,Residential and other sectors,CO2bio,bio,689.196,689.196,709.096,729.396,750.096,771.396,793.296,815.696,838.596,861.896,885.396,909.396,933.696,958.196,982.996,1008.096,1033.696,1059.796,1086.196,1112.696,1139.296,1165.896,1192.396,1218.796,1244.996,1271.096,1297.096,1323.196,1349.296,1375.196,1400.996,1426.296,1451.496,1476.696,1501.596,1526.296,1550.496,1574.096,1596.996,1521.0464,1452.0464,1382.6968,1319.8968,1261.0968,1199.4472,1202.5472,1088.1472,1044.48216,1003.80484,677.61084,524.47536,652.5794,938.74828,944.0284113,944.0284113
Non-Annex_I,Rest South America,VEN,Venezuela,1.A.2,Manufacturing Industries and Construction,CO2bio,bio,6711.3696,6711.3696,6781.6696,6623.3696,6809.4696,6701.3696,6771.6696,6537.6696,6437.2696,6295.9696,6323.7696,6185.4696,6383.9696,6371.5696,6404.0696,6669.6696,6902.8696,7017.9696,6735.3696,6854.2696,6787.0696,7102.0112,7136.6304,6976.824,6621.8176,6616.904,6973.2536,7408.028,7378.5712,6738.1872,7890.9864,7338.3016,7307.972,6352.9144,8417.474371,8533.45872,8794.5016,8390.93872,8403.82288,7968.0256,7018.09248,7189.70832,7304.30832,7473.1456,7248.30832,5867.37232,4932.11504,4655.7022,4720.21828,3262.47376,3270.11504,3148.9676,3218.723,3222.227824,3020.853168
Non-Annex_I,Rest South America,VEN,Venezuela,3.C.1,Emissions from biomass burning,CO2bio,bio,1210.175986,1217.975877,1202.971524,1168.246087,1311.920336,1314.473188,1256.657255,1476.364488,1363.460275,1439.770359,1442.135231,1377.989505,1490.60153,1313.665859,1337.881498,1627.052252,2024.188946,2185.392158,2243.281753,1934.958948,1719.872823,1913.978235,1878.111105,1892.848449,1819.961199,1819.739828,1801.691831,1849.463624,2011.69945,2088.055168,2364.611987,2421.749301,2196.315105,2587.837267,2599.81005,2709.426193,2810.35109,2844.529771,2740.100534,2567.994529,2314.886309,2239.342693,2237.464357,2297.997217,2184.404922,1660.770565,1288.318856,1330.259186,1127.179358,1087.427787,1361.688021,1190.245896,1040.367318,1019.963316,919.4277771
Non-Annex_I,Rest Central America,VGB,Virgin Islands_British,1.A.3.b_noRES,Road Transportation no resuspension,CO2bio,bio,,,,,,,,,,,,,,,,,,,,,,,,,,,,,,,,,,,,,,,,,,,,0.01695367,,,0.019299518,0.001608579,0.004215293,0.005502716,0.00466369,0.00451763,0.004740393,0.004467102,0.005002662
Non-Annex_I,Rest Central America,VGB,Virgin Islands_British,1.A.5,Non-Specified,CO2bio,bio,0.014410112,0.014478895,0.014483335,0.019304925,0.019511377,0.01907939,0.015073581,0.015161528,0.016183166,0.015860718,0.016374009,0.017309019,0.019486594,0.017021416,0.022814935,0.024370578,0.024404403,0.023725413,0.022830446,0.024014615,0.3601135,0.384856288,0.355677451,0.373990164,0.352926777,0.375683641,0.356097666,0.381114024,0.374373265,0.386787062,0.479459357,0.525804251,0.526121788,0.626750758,0.645858448,0.657602043,0.682443867,0.732238267,0.692891985,0.691371819,0.734097854,1.090761792,1.121763857,1.051563727,0.213172744,0.219788494,0.220808882,0.224618868,0.228279797,0.232172827,0.358253657,0.36982924,0.466262626,0.403135001,0.403135001
Non-Annex_I,Rest Central America,VGB,Virgin Islands_British,1.A.4,Residential and other sectors,CO2bio,bio,0.298389246,0.299715098,0.297696876,0.313498687,0.313309066,0.298472044,0.286263581,0.290792201,0.303103357,0.302746064,0.346313795,0.376510056,0.440591444,0.366346759,0.412262235,0.437404709,0.452013635,0.426665113,0.436432715,0.494488572,0.878488477,0.929927151,0.872653782,0.929004004,0.876462524,0.937115728,0.906473796,1.002583129,1.022457836,1.04952516,0.841589856,0.821599837,0.873935475,0.889150481,0.886621692,0.90922377,0.915369761,0.804225373,0.90847079,0.958303658,1.003329838,1.426746028,1.641059567,0.607603825,1.073587372,1.107607967,1.151417949,1.180094152,1.183024954,1.217756078,2.012003873,2.101647609,2.671448158,2.164385304,2.164385304
Non-Annex_I,Rest Central America,VGB,Virgin Islands_British,1.A.1.a,Main Activity Electricity and Heat Production,CO2bio,bio,,,,,,,,,,,,,,,,,,,,,0.404278925,0.452606797,0.390537788,0.42923861,0.368049793,0.409444678,0.42742652,0.478226218,0.920504358,0.940622003,1.095847972,1.13222367,1.191833343,1.159789233,1.334753772,1.139565707,1.162180899,1.172642423,1.034887572,1.055127021,1.106186176,0.673512518,0.717033179,1.481886636,1.50611178,1.756732408,1.460550384,1.527675133,1.983426247,2.306961513,2.203715839,2.268649463,2.432261277,2.479355174,2.479355174
Non-Annex_I,Rest Central America,VGB,Virgin Islands_British,1.B.1,Solid Fuels,CO2bio,bio,0,0,0,0,0,0,0,0,0,0,0,0,0,0,0,0,0,0,0,0,0.158929834,0.177249442,0.167104422,0.216391576,0.184631007,0.201253781,0.180608897,0.201812702,0.20146109,0.198588463,0.070219231,0.072984094,0.075521915,0.083734907,0.082824401,0.086937134,0.093641371,0.096287328,0.096208265,0.107201234,0.113270517,0,0,0,0,0,0,0,0,0,0,0,0,0,0
Non-Annex_I,Rest Central America,VGB,Virgin Islands_British,1.A.2,Manufacturing Industries and Construction,CO2bio,bio,2.272385146,2.282302706,1.768700076,2.104396096,1.96685892,1.745081811,1.568464058,1.8111879,1.799409486,1.953316129,2.012644929,1.882091463,2.347175756,1.795042513,1.860652999,1.923107255,2.212355913,1.997591144,2.062563707,2.104274417,1.420512255,1.646425291,1.298361698,1.397044332,1.318987745,1.440977177,1.375950242,1.574367788,0.993487855,1.048954651,1.197877632,1.016947954,1.017633835,1.012240974,1.020806257,1.059555299,1.05819835,0.868172367,0.782292782,0.798893238,0.843105907,2.749387319,2.759761241,1.263694738,1.268223355,1.235227092,1.589823947,2.369249015,2.065518901,1.830508478,1.568029909,1.619070971,1.735827545,1.769436963,1.769436963
Non-Annex_I,Rest Central America,VIR,Virgin Islands_USA,1.A.4,Residential and other sectors,CO2bio,bio,0.13216,0.13216,0.13216,0.13216,0.13216,0.13216,0.13216,0.13216,0.13216,0.13216,0.13216,0.13216,0.13216,0.13216,0.13216,0.13216,0.13216,0.13216,0.13216,0.13216,0.13216,0.14868,0.1652,0.125552,0.138768,0.145376,0.158592,0.1652,0.171808,0.191632,0.290752,0.303968,0.323792,0.337008,0.356832,0.376656,0.383264,0.39648,0.409696,0.416304,0.416304,0.442736,0.449344,0.46256,0.475776,0.488992,0.4956,0.508816,0.515424,0.52864,0.535248,0.538552,0.54516,0.54516,0.5511072
Non-Annex_I,Southeastern Asia,VNM,Viet Nam,1.B.1,Solid Fuels,CO2bio,bio,1929.2648,1929.2648,1977.716,2024.6176,2073.0192,2122.5208,2169.3728,2220.2744,2271.476,2322.3776,2372.6792,2416.9808,2458.1824,2502.8336,2548.0352,2597.7872,2659.1392,2727.2912,2792.6936,2861.3456,2923.748,2989.4,3054.952,3116.7544,3182.4064,3492.7168,3656.5224,3731.0248,3812.2776,3721.9744,3733.6752,3745.2256,3756.5256,3761.676,3768.276,3770.2264,3774.6264,3778.1264,3781.6264,3782.3768,3786.9768,3793.1768,3797.0272,3804.5272,3806.8776,1432.448,1842.6616,2318.81756,3885.75204,4069.06656,3460.13832,3647.96824,4199.52984,4199.52984,4199.52984
Non-Annex_I,Southeastern Asia,VNM,Viet Nam,1.A.3.b_noRES,Road Transportation no resuspension,CO2bio,bio,,,,,,,,,,,,,,,,,,,,,,,,,,,,,,,,,,,,,,,,,,,,,,,39.84624,47.436,227.6928,231.48768,187.84656,34.609164,53.887296,60.33398521,74.18685146
Non-Annex_I,Southeastern Asia,VNM,Viet Nam,1.A.1.a,Main Activity Electricity and Heat Production,CO2bio,bio,,,,,,,,,,,,,,,,,,,,,,,,,,,,,,,,,,,,58.8,76.9,93.1,65.4,73.5,63.7,64.4,65.1,65.8,66.5,62.8,3336.9,3470.857,3611.115,3755.56,3906.284,4942.781,5430.279,5429.515999,5429.515999
Non-Annex_I,Southeastern Asia,VNM,Viet Nam,1.B.2,Oil and Natural Gas,CO2bio,bio,,,,,,,,,,,,,,,,,,,,,,,,,,,,,,,,,,,,,,,,,,,,,,,39.84624,48.574464,229.59024,237.18,189.744,35.671872,54.836016,54.836016,19.8851712
Non-Annex_I,Southeastern Asia,VNM,Viet Nam,1.A.2,Manufacturing Industries and Construction,CO2bio,bio,12471.4008,12471.4008,12656.1008,12846.9008,13042.3008,13241.2008,13442.9008,13646.2008,13850.2008,14053.7008,14255.0008,14437.8008,14610.4008,14783.5008,14969.0008,15179.3008,15426.3008,15694.7008,15965.3008,16235.5008,16457.8008,16782.5024,17231.0432,17976.1144,16898.1024,17439.2856,17744.6584,18210.1848,19574.8696,22022.0056,24993.5696,22223.6448,22622.5888,22195.8152,23546.7744,21197.0488,22938.4872,23956.87495,21703.10224,21049.16345,19332.8493,22061.64153,26328.32869,28393.51468,29561.51322,27729.41715,28080.96908,29376.73334,30905.70673,31944.46612,28571.2446,42097.06979,40163.066,40160.05517,41051.88543
Non-Annex_I,Southeastern Asia,VNM,Viet Nam,1.A.4,Residential and other sectors,CO2bio,bio,24833.5352,24833.5352,25417.384,26023.5824,26644.1808,27275.2792,27918.8272,28563.8256,29211.024,29856.6224,30495.5208,31076.7192,31626.1176,32173.9664,32763.4648,33433.5128,34217.3608,35067.9088,35928.5064,36784.6544,37483.052,38192.8,38969.048,40942.6456,38394.9936,38214.2832,38244.8776,39469.6752,40687.7224,41591.3256,42244.5248,42819.6744,42808.3744,45998.624,45078.724,45660.5736,44989.7736,45432.2736,45906.4736,46422.7232,46919.1232,46977.2232,47049.1728,47119.4728,47177.1224,20204.8224,18367.7616,16849.86108,15759.78572,13799.52268,10438.86224,9286.68408,8127.91756,7992.2638,7992.2638
Non-Annex_I,Southeastern Asia,VNM,Viet Nam,3.C.1,Emissions from biomass burning,CO2bio,bio,18777.68543,18910.25742,19636.11962,20234.61291,20372.60842,19283.1685,21746.44914,21421.3191,20911.38844,22259.12842,22887.99573,23535.91004,25197.12146,25286.81949,26112.40901,26426.32035,26439.27658,25610.27779,27558.50897,29354.92443,29663.9814,30635.13818,32628.86312,33832.90648,34768.25399,36502.44351,38414.05705,39583.197,41732.2376,44348.50262,45131.21281,44587.60953,46954.87962,47403.61756,48716.60032,48489.67697,48726.76516,48978.5673,51739.9981,51503.6481,52734.14247,55199.47126,56556.06838,57323.8879,57814.70231,57840.9465,55905.59573,55581.82057,55969.47227,54950.63654,53341.54839,53957.98449,52774.6646,53508.99545,53407.18383
Non-Annex_I,Oceania,VUT,Vanuatu,1.A.1.a,Main Activity Electricity and Heat Production,CO2bio,bio,0.003763878,0.003898545,0.003846038,0.003931756,0.004091459,0.004778813,0.005054614,0.005037824,0.006049063,0.026723118,0.026791587,0.02702461,0.028073653,0.028559724,0.029345369,0.030188196,0.030006826,0.029815134,0.029857054,0.029866076,0.091328285,0.09120792,0.091214827,0.091108931,0.09749297,0.217913013,0.216233371,0.201311902,0.199441695,0.614393743,0.909300828,1.30645515,1.395668304,1.918532066,1.926950544,1.951416319,1.764322271,1.591721143,1.482681831,1.50270934,1.598104531,1.67266546,1.812155212,2.004952015,2.072604828,1.413578333,1.383753137,1.407167076,1.547970088,1.742915136,1.577746459,1.596884,1.622689507,1.637681612,1.652952245
Non-Annex_I,Oceania,VUT,Vanuatu,1.A.2,Manufacturing Industries and Construction,CO2bio,bio,,,,,,,,,,0.004467642,,0.018072185,0.030018514,0.078367195,0.079774655,0.072504787,0.027190936,0.057356974,0.032483774,0.071731132,2.952394367,2.914027589,2.974912649,2.999707056,3.162612865,2.297768451,2.280057586,1.891507873,1.558657252,7.565940427,10.46010045,9.579892061,10.36859448,9.532107382,9.763976228,9.163893244,9.551443435,8.340350898,7.824157086,7.030978254,6.406238784,7.011298273,6.746016232,4.66577279,5.51550836,5.632470576,4.28144681,4.952206418,4.495809128,4.604714688,4.32601732,4.304361097,4.375322482,4.374889501,4.374889501
Non-Annex_I,Oceania,VUT,Vanuatu,1.A.4,Residential and other sectors,CO2bio,bio,7.023333624,7.261061516,7.288745205,7.597407879,8.008865295,8.151578695,8.75809922,8.826861556,9.42028017,9.583742527,9.791684448,9.90840171,9.99029601,10.19834246,10.14985624,10.61370878,10.73850292,10.77956342,10.86602218,10.89847813,19.19072613,19.27504898,19.32347507,19.34082134,19.36866336,22.60577879,22.64359278,22.66485704,22.69017392,82.42355415,82.12442991,81.74403202,82.85318434,82.85978686,82.60444188,82.24164599,82.26488334,82.1264317,82.00174372,81.95249958,81.91554507,81.89797447,81.81373451,92.52881221,92.45916669,92.29650012,92.09784175,92.049664,91.55673976,91.84343804,92.00057844,91.8409293,93.52191696,93.56815541,93.56815541
Non-Annex_I,Oceania,VUT,Vanuatu,1.A.5,Non-Specified,CO2bio,bio,,,,,,,,,,,,,,,,,,0.007956531,0.007967718,0.007970126,0.013458905,0.01431397,0.01300575,0.015867776,0.016596397,0.027600388,0.027387649,0.028413818,0.028149851,0.092338206,0.134841734,0.14222036,0.143496748,0.141553824,0.160495769,0.145927704,0.145151962,0.151053748,0.152527992,0.189944497,0.105468121,0.080546277,0.080092394,0.08042093,0.077082452,0.078677116,0.078105874,0.063941711,0.059398808,0.058818143,0.052435412,0.045029058,0.045888471,0.045920855,0.045920855
Non-Annex_I,Oceania,VUT,Vanuatu,1.B.1,Solid Fuels,CO2bio,bio,0,0,0,0,0,0,0,0,0,0,0,0,0,0,0,0,0,0,0,0,1.13984463,1.072595538,1.04288245,1.04707746,1.02864689,0,0,0,0,1.863896784,2.85158942,2.919596143,2.987253543,3.064875723,3.130557359,3.222188752,3.277198517,3.340636865,3.408204015,3.46632229,3.508420215,3.584762703,3.638423124,3.736494616,3.777347215,3.820372709,3.886223487,3.980408152,4.097020532,4.163376861,4.231767398,4.234472835,4.292733601,4.23120518,4.23120518
Non-Annex_I,Oceania,VUT,Vanuatu,1.B.2,Oil and Natural Gas,CO2bio,bio,,,,,,0.008661598,0.009161488,0.009131057,0.00961221,0.009597157,0.009621746,0.009705433,0.013022116,0.013247583,0.016608963,0.061527262,0.509676065,0.51516355,0.52192932,0.691211345,,,,0.021796395,0.021723033,0.036126163,0.035847707,0.035517273,0.035187314,0.144780017,0.215939316,0.243840466,0.241884928,0.23991232,0.247044942,0.244963424,0.24327736,0.241846363,0.240095463,0.238350676,0.236405996,0.235229889,0.23358782,,,,,,,,,,,,
Non-Annex_I,Oceania,VUT,Vanuatu,3.C.1,Emissions from biomass burning,CO2bio,bio,11.07491013,11.18717509,11.32421989,11.58275541,11.61934459,11.82086792,11.90710474,12.27283194,12.27283194,12.27283194,13.08762507,13.37379744,13.87743068,13.6205287,13.34576025,13.15136742,12.71415287,12.44579832,11.5795728,10.90050876,10.50613442,9.642858388,8.430317209,6.118554234,6.38552788,5.799691206,6.671231211,6.84986544,6.864552295,6.945109938,7.022117647,7.265132317,7.420471406,7.607025179,7.679325776,7.874097385,8.036571969,7.984532532,8.127710412,8.209306042,8.516290201,8.940149483,9.07758024,9.274716519,9.327366337,9.305351839,9.405230074,9.529220446,9.68849049,9.856037841,9.744938242,9.768568331,11.25880121,11.3276351,11.40131634
Non-Annex_I,Oceania,WLF,Wallis and Futuna,3.C.1,Emissions from biomass burning,CO2bio,bio,0.577221108,0.578311908,0.578311908,0.578311908,0.578311908,0.578311908,0.578711868,0.57879186,0.579211891,0.579211891,0.579211891,0.579211891,0.579211891,0.579211891,0.578731939,0.578731939,0.578731939,0.578731939,0.578731939,0.578731939,0.63891792,0.590361394,0.591544476,0.592675854,0.593748401,0.237991791,0.238784672,0.239056325,0.239862004,0.240364034,0.24102663,0.241447765,0.242100762,0.244392548,0.244133345,0.244021907,0.24409777,0.253349499,0.244354442,0.241116162,0.23768212,0.234330368,0.221774475,0.236542686,0.230487844,0.228551223,0.226745469,0.225556613,0.224374157,0.22322155,0.221876842,0.220724235,0.219519989,0.218339874,0.217133018
Non-Annex_I,Oceania,WSM,Samoa,1.A.4,Residential and other sectors,CO2bio,bio,21.78113204,21.41157502,21.46023927,21.29207374,21.47319742,21.84644515,22.47321029,26.29221631,26.91959062,27.35906077,27.82230363,28.15232635,28.42586536,29.0116855,28.89551263,30.14635615,30.43156482,30.5317902,30.72426976,30.78682975,54.38777709,54.45030786,54.5030821,54.53558805,54.53967576,63.93654269,63.943547,63.93848205,63.94313459,63.80350685,63.53307654,63.20892948,64.04050752,64.00179093,63.7716643,63.46243838,63.43689174,63.28689252,63.14837948,63.18682675,63.23543529,63.24247122,63.07930214,71.33246318,71.34066593,71.13493019,71.05559316,71.01533078,70.61527216,70.83911054,70.9748157,70.8179061,72.15852975,72.20404022,72.20404022
Non-Annex_I,Oceania,WSM,Samoa,1.A.1.a,Main Activity Electricity and Heat Production,CO2bio,bio,0.011885932,0.011695635,0.011538113,0.011233588,0.011158525,0.013033126,0.01318595,0.015332509,0.017643102,0.077942427,0.078142129,0.07882178,0.081881487,0.083299196,0.08559066,0.088048905,0.08751991,0.086960808,0.087083074,0.087109387,0.266374164,0.2660231,0.266043244,0.265734382,0.284354496,0.635579622,0.630680667,0.587159713,0.581704943,0.472610571,0.699462175,1.0049655,1.073591003,1.475793897,1.482269649,1.501089476,1.357170978,1.224400879,1.140524485,1.155930262,1.229311178,1.286665738,1.416857767,1.615374078,1.616283001,1.114864677,1.09525863,1.087026276,1.199176893,1.353410682,1.221659298,1.236201991,1.257576316,1.269890469,1.28243466
Non-Annex_I,Oceania,WSM,Samoa,1.B.1,Solid Fuels,CO2bio,bio,0.030466442,0.044794962,0.042026934,0.036452511,0.021755605,0.0370712,0.036825156,0.132862978,0.148591162,0.153272389,0.176474255,0.167002374,0.176557287,0.180336886,0.181825615,0.153549927,0.149619337,0.1636535,0.197981244,0.216557684,4.875260663,4.859755279,4.862476104,4.884347164,4.919747726,0.659930778,0.751310626,0.864890139,0.916674747,0.992251624,1.805561901,1.889560802,1.97548824,2.070139632,2.152259489,2.251703039,2.337588502,2.429991972,2.524376331,2.462416235,2.489037721,2.552081025,2.595132976,2.668180185,2.702991368,2.738839373,2.791585054,2.859562917,2.953179796,3.004629647,3.060117265,3.065807983,3.116728679,3.06887324,3.06887324
Non-Annex_I,Oceania,WSM,Samoa,1.A.2,Manufacturing Industries and Construction,CO2bio,bio,21.4816,21.4816,21.4816,21.4816,21.4816,21.4816,21.4816,21.4816,21.4816,21.49463062,21.4816,21.53431054,21.569154,21.71017099,21.71427608,21.6930723,21.5609069,21.64889117,21.57634434,21.6908158,30.09275024,29.98084713,24.02082856,30.23074558,30.70588752,28.18342465,28.13176796,26.99849796,26.02768365,5.819954175,8.046231119,7.369147739,7.97584191,7.332390294,7.510750945,7.04914865,7.347264181,6.415654537,6.018582374,5.408444811,4.927875988,5.393306363,5.189243255,3.589055992,4.242698738,4.332669674,3.293420623,3.809389553,3.458314714,3.542088221,3.327705631,3.311046998,3.367631053,3.367631053,3.367631053
Non-Annex_I,Oceania,WSM,Samoa,3.C.1,Emissions from biomass burning,CO2bio,bio,0.833239058,0.899290619,0.983684971,1.026630189,1.124894507,1.251403674,1.394543947,1.394543947,1.398958059,1.398958059,1.398958059,1.347621228,1.295089761,1.242243569,1.192320152,1.141773597,1.087127755,1.03546048,0.983720509,0.936707857,0.854954147,0.759044531,0.691232889,0.663224803,0.630795451,0.586004191,0.605639196,0.60771328,0.615684343,0.624442779,0.62736889,0.634307282,0.632327043,0.637570495,0.642011933,0.646603385,0.627099691,0.629598182,0.632581228,0.639461764,0.69045095,0.715608573,0.769357618,0.807251539,0.841360096,1.058330967,0.845086272,0.781556132,0.72905477,0.548052166,0.547848518,0.547477478,0.547589939,0.551633546,0.551577663
Non-Annex_I,Oceania,WSM,Samoa,1.A.5,Non-Specified,CO2bio,bio,,,,,,,,,,,,,,,,,,0.02320655,0.023239178,0.0232462,0.03925514,0.04174908,0.037933439,0.046281012,0.048406158,0.080501132,0.079880641,0.082873636,0.082103732,0.07442577,0.107061801,0.112689326,0.113253972,0.111350112,0.127598571,0.113973061,0.112979188,0.117126713,0.117903939,0.148492329,0.086450218,0.063766299,0.062672747,0.062964041,0.060473816,0.061370379,0.061376531,0.050428338,0.046543656,0.045948892,0.041107763,0.0347514,0.035436812,0.035467095,0.035467095
Non-Annex_I,Oceania,WSM,Samoa,1.B.2,Oil and Natural Gas,CO2bio,bio,,,,,,0.02362254,0.023899534,0.027790173,0.028035614,0.027991708,0.028063427,0.028307512,0.037981172,0.038638784,0.048442808,0.179454513,1.486555189,1.502560353,1.522293851,2.01603309,,,,0.063572819,0.063358845,0.105367974,0.104555813,0.103592045,0.102629665,0.111369243,0.166107166,0.18756959,0.186065329,0.184547938,0.19003457,0.188433403,0.187136431,0.186035664,0.184688818,0.183346674,0.181850766,0.180946069,0.179682938,,,,,,,,,,,,
Non-Annex_I,Middle_East,YEM,Yemen,1.A.5,Non-Specified,CO2bio,bio,110.3872,110.3872,113.8368,113.8368,117.2864,120.736,124.1856,127.6352,131.0848,131.0848,134.5344,137.984,141.4336,144.8832,148.3328,155.232,158.6816,165.5808,169.0304,144.8832,144.8832,144.8832,144.8832,144.8832,144.8832,144.8832,144.8832,144.8832,144.8832,144.8832,144.8832,148.3328,151.7824,158.6816,162.1312,165.5808,172.48,175.9296,182.8288,186.2784,193.1776,200.0768,203.5264,210.4256,217.3248,220.7744,227.6736,233.99712,239.89616,245.78736,251.52736,256.9672,262.53472,273.7806378,273.7806378
Non-Annex_I,Middle_East,YEM,Yemen,3.C.1,Emissions from biomass burning,CO2bio,bio,540.2943833,567.7425011,523.681966,565.1002563,562.802779,687.7081816,656.802418,535.3472877,470.3807684,507.3631556,481.515011,472.5116578,474.9072425,378.241153,372.2484656,363.1966713,420.9582161,417.6018738,455.4068075,455.8735979,432.0058885,294.2263215,415.9680687,430.4205926,418.6025861,420.764174,375.994372,374.4683451,436.842823,358.3476207,352.0931376,369.7527843,316.7182407,266.6893546,329.0420096,379.657006,463.9523099,563.9036664,412.1500758,388.7038912,540.1625936,451.2803135,495.191437,483.0505945,413.5474897,311.8697978,266.6155634,264.7646095,254.2935339,289.4791408,373.8483304,403.5729853,294.1429831,288.8384015,300.3296047
Non-Annex_I,Middle_East,YEM,Yemen,1.B.1,Solid Fuels,CO2bio,bio,93.6128,93.6128,96.1632,96.1632,98.7136,101.264,103.8144,106.3648,108.9152,114.9152,117.4656,120.016,122.5664,125.1168,127.6672,132.768,135.3184,140.4192,142.9696,179.1168,179.1168,179.1168,179.1168,179.1168,179.1168,179.1168,179.1168,179.1168,179.1168,179.1168,179.1168,184.5672,190.1176,192.4184,198.4688,205.2192,209.52,217.8704,222.8712,231.6216,237.1224,242.9232,252.4736,258.7744,265.2752,275.1256,281.4264,288.31988,295.58584,302.84164,309.91964,316.6178,323.48528,341.8633302,341.8633302
Non-Annex_I,Southern_Africa,ZAF,South Africa,1.B.1,Solid Fuels,CO2bio,bio,200.6592,200.6592,266.512,358.5664,454.0704,611.9776,792.9856,1079.1488,1441.1648,1944.5376,2592.7168,3454.656,4030.432,4895.8208,5761.2096,6623.1488,6623.1488,7774.7008,8929.7024,10657.0304,10843.1936,11143.1936,11332.8064,11518.9696,11708.5824,12008.5824,12211.4416,12409.1,12631.56,12676.712,11042.1696,12424.0512,14333.2856,13581.568,13120.3072,12710.2976,11958.58,11036.0584,10711.5008,10557.7472,9088.5128,8541.8,8473.4984,7960.9864,7550.9768,7004.264,5483.7784,6237.26088,5569.79344,4775.58512,4361.46568,4411.82808,4286.53764,4632.286053,4632.286053
Non-Annex_I,Southern_Africa,ZAF,South Africa,1.A.4,Residential and other sectors,CO2bio,bio,16279.3408,16279.3408,17203.488,18041.4336,18975.9296,19938.0224,18507.0144,18120.8512,18158.8352,18555.4624,19496.896,20234.9568,20959.1808,21693.792,22414.5664,23252.6272,23752.6272,24776.8512,25311.4624,26259.9104,26873.7472,27373.7472,27670.2976,28173.7472,28784.1344,29384.1344,29884.8272,30359.8208,30908.7128,30922.5112,10448.2952,9999.5104,9520.3768,9153.2392,8730.7536,8350.9664,7963.6296,7597.692,7282.3528,7020.0616,6641.0744,6470.7304,6359.984,6136.3416,5925.9488,5766.2608,5591.9488,5375.82364,5268.5622,4997.90248,4890.0438,4795.30308,4686.95752,4800.825581,4800.825581
Non-Annex_I,Southern_Africa,ZAF,South Africa,1.A.1.a,Main Activity Electricity and Heat Production,CO2bio,bio,,,,,,,,,,,,,,,,,,,,,,,,,,,86.4,210.2,332.6,283.7,442.1,442.1,373,373,348.5,384.5,370.1,360,351.4,339.8,292.3,306.7,315.4,365.8,324,429.1,429.1,479.682,492.914,497.455,494.079,490.605,513.198,540.6715267,540.6715267
Non-Annex_I,Southern_Africa,ZAF,South Africa,4.C,Incineration and Open Burning of Waste,CO2bio,bio,,,,,,,,,,,,,,,,,,,,,,,,,,1.0615,1.070616587,1.145396693,1.176360959,1.196762835,1.278571148,1.342467576,1.401665147,1.482911203,1.39355259,,,,,,,,,,8.517502346,,,,,,,,,,
Non-Annex_I,Southern_Africa,ZAF,South Africa,1.A.2,Manufacturing Industries and Construction,CO2bio,bio,26249.48136,26249.48136,26249.48136,26149.48136,26449.48136,27549.48136,27949.48136,27949.48136,27949.48136,27949.48136,27349.48136,28549.48136,28349.48136,27349.48136,29049.48136,27849.48136,27949.48136,28249.48136,28649.48136,28749.48136,28849.48136,29346.88621,30341.69591,30839.10076,31336.50561,31833.91047,31945.32915,31847.3404,31830.42863,29580.66649,35536.16359,31443.38326,34693.04904,30773.30851,28846.16264,31525.68257,30600.20245,29949.46525,29429.41039,27999.082,27075.76178,28091.51514,28638.53994,32402.8174,28891.91726,23912.87326,24041.16154,27179.44434,29524.8904,29267.73714,27381.08579,25874.01323,26918.25502,26927.04079,26547.32852
Non-Annex_I,Southern_Africa,ZAF,South Africa,3.C.1,Emissions from biomass burning,CO2bio,bio,9907.18372,12473.12488,13113.25876,9160.902508,13977.65472,12745.6791,12478.66723,13442.96129,13533.65626,12762.3512,13275.54349,17060.96966,13372.30412,9349.523477,11409.57137,12592.99475,13387.90146,14282.43872,14319.44884,15258.50235,12535.65984,12562.90619,7491.691995,12613.41055,15050.34996,9567.476206,14194.87187,14083.66315,11690.54208,11321.85536,14864.2233,11993.16131,13649.30725,12188.17185,12212.51989,13827.65157,10546.30579,10435.05317,14285.7448,13685.25583,13499.90126,12759.94922,13874.13607,14028.31098,15332.77427,12840.89778,11099.56569,17438.31296,15463.17219,14035.60105,17353.87691,18017.04143,17507.39729,18572.71645,20879.63367
Non-Annex_I,Southern_Africa,ZMB,Zambia,1.A.4,Residential and other sectors,CO2bio,bio,6289.1168,6289.1168,6468.5128,6653.7088,6847.1048,7050.9504,7262.996,7479.6416,7705.6368,7939.7816,8176.1768,8431.2712,8706.2656,8995.0592,9277.0032,9560.0472,9956.17584,10252.88384,10540.14176,10825.09968,11104.00752,11385.36544,11666.82336,11951.68128,12243.6392,12583.79456,12797.34992,13124.11552,13472.47888,13942.19456,14425.80656,14782.46304,15158.17632,15568.94352,16018.61456,16525.03968,17047.11344,17595.58848,18421.00064,19082.63888,19792.13376,20477.82608,21224.3288,21990.48304,22551.0592,23510.19232,24255.19264,24940.62812,25950.02428,27195.79364,28108.78828,29183.101,30328.0174,30328.11715,30328.11715
Non-Annex_I,Southern_Africa,ZMB,Zambia,1.A.1.a,Main Activity Electricity and Heat Production,CO2bio,bio,,,,,,,,,,,,,,,,,,,,,,,,,,,,,,,93.6,93.6,93.6,93.6,93.6,93.6,93.6,93.6,81.6,129.6,153.6,151.2,160.8,158.4,170.4,153.6,151.2,161.784,171.552,173.496,178.872,185.568,182.266,182.266,182.266
Non-Annex_I,Southern_Africa,ZMB,Zambia,1.B.1,Solid Fuels,CO2bio,bio,2307.8888,2307.8888,2372.0928,2436.9472,2510.7512,2582.456,2663.2104,2747.1648,2828.12,2912.3752,3000.5304,3093.236,3195.992,3296.6488,3401.9048,3504.4112,3506.86352,3607.30432,3707.39632,3809.5384,3910.07936,4009.92144,4106.01344,4208.15552,4311.44752,4421.29216,4498.43568,4550.62112,4617.40544,4756.49072,4817.78544,4891.37888,5069.11312,5295.94336,5534.97344,5792.45104,6068.27728,6362.45216,7091.83888,7539.25056,8060.25568,8562.91216,9175.85936,9807.1552,10101.33008,10493.59584,11082.0456,11578.42024,12632.2444,13921.92992,14639.16704,15774.97292,17135.63052,17135.63052,17135.63052
Non-Annex_I,Southern_Africa,ZMB,Zambia,1.A.2,Manufacturing Industries and Construction,CO2bio,bio,1188.6864,1188.6864,1218.6864,1253.336,1286.236,1324.0856,1360.0856,1397.1856,1438.8352,1478.0352,1521.8848,1564.6848,1615.0344,1666.884,1714.584,1765.9336,1819.65264,1872.70272,1924.45392,1972.15392,2023.004,2073.208,2127.0632,2174.7632,2230.81728,2280.81728,2316.51728,2370.47248,2428.82656,2518.33472,1124.232,1226.19008,1454.84656,1653.056,1670.268,1352.57728,1405.48928,1441.95648,1433.97248,1600.74256,1700.06656,1833.42976,1918.39984,1924.86976,2738.94944,2721.45984,2752.69504,2848.63816,2960.63572,3067.44972,3379.79928,3596.032413,3569.105413,3569.108041,3570.846028
Non-Annex_I,Southern_Africa,ZMB,Zambia,3.C.1,Emissions from biomass burning,CO2bio,bio,986.665178,1272.947932,1515.823521,1262.505967,1424.420514,1665.236594,1761.406723,1704.89511,1474.356044,1003.797818,1048.076737,1049.060663,892.2104815,1052.57175,1019.461451,1233.050339,1356.626556,1283.468669,1905.462853,1998.420224,1443.240839,1417.398052,1071.97621,1794.558731,1484.227141,1192.195003,1735.335608,1430.238774,1154.253626,1394.274201,1508.946467,1374.320476,1155.762731,1704.601996,1738.424195,1524.884129,1903.327903,1805.736402,1696.118231,2620.41039,3279.186063,3491.749061,3461.872876,3349.466908,3829.240907,3131.902362,3506.455514,4326.826705,3312.054604,2949.162378,4143.701058,4509.481987,4066.298314,5127.800536,5220.036397
Non-Annex_I,Southern_Africa,ZWE,Zimbabwe,1.A.2,Manufacturing Industries and Construction,CO2bio,bio,5168.2928,5168.2928,5173.1928,5177.8928,5182.6928,5187.5928,5192.3928,5197.5928,5203.2928,5209.5928,5216.3928,5223.6928,5231.6928,5240.1928,5248.8928,5257.7928,5266.3928,5274.9928,5283.5928,5291.9928,5300.1928,3837.7376,475.2952,902.4208,5641.5104,5521.8272,3774.3424,6154.8936,6141.312,6262.3576,6147.7056,5924.0456,6102.4984,5277.5536,5023.35216,4765.506784,482.4,487.1,491.8,496.5,501.3,505.8,510.4,515,519.7,524.4,528,531.597,535.219,538.866,542.537,546.233,549.955,553.7019964,553.7019964
Non-Annex_I,Southern_Africa,ZWE,Zimbabwe,1.A.1.a,Main Activity Electricity and Heat Production,CO2bio,bio,,,,,,,,,,,,,,,,,,,,,,,,,,,,,,,,,,,,,828.5,690.3,638.2,621.3,494.7,368.1,241.4,239,207.4,184.3,211.7,217.959,268.704,254.016,142.272,138.507,138.623,139.5674771,139.5674771
Non-Annex_I,Southern_Africa,ZWE,Zimbabwe,1.B.1,Solid Fuels,CO2bio,bio,15.6536,15.6536,16.5536,17.4536,18.3536,19.3536,20.2536,21.2536,22.3536,23.5536,21.404,19.3544,20.8544,22.4544,24.1544,25.8544,27.5544,29.2544,30.9544,32.5544,34.1544,35.6544,37.0544,38.3544,39.7544,40.7544,42.0544,43.3544,44.6544,45.8544,46.7544,38.2536,38.2536,38.2536,38.2536,38.2536,92.1056,88.1552,78.4048,54.9536,46.7544,46.7544,46.7544,46.7544,46.7544,51.0048,51.0048,50.00668,50.43172,50.85676,51.28544,51.71876,52.1566,52.44160478,52.44160478
Non-Annex_I,Southern_Africa,ZWE,Zimbabwe,1.A.3.b_noRES,Road Transportation no resuspension,CO2bio,bio,,,,,,,,,,,,,,,,,,,,,,,,,,,,,,,,,,,,,,,,,,,,60.727284,104.427168,98.85096,73.988832,117.838812,121.604664,135.052416,134.040684,137.1396,144.165792,126.7507828,128.095827
Non-Annex_I,Southern_Africa,ZWE,Zimbabwe,1.A.4,Residential and other sectors,CO2bio,bio,12523.3464,12523.3464,12777.5464,13023.2464,13272.8464,13529.8464,13780.2464,14050.7464,14347.0464,14672.9464,15032.096,15415.5456,15831.2456,16272.4456,16726.4456,17187.4456,17635.3456,18083.3456,18528.6456,18965.9456,19391.1456,19780.1456,20148.6456,20495.0456,20860.2456,21159.2456,21412.3456,21689.9456,22107.4456,22504.9456,8841.5456,8990.9464,9080.6464,9232.1464,9357.4464,9481.2464,9657.3944,9813.8448,9882.2952,9987.5488,10131.8456,10250.2496,10427.248,10624.148,10851.7968,11058.396,11256.396,11499.73812,11625.59692,11797.88504,11943.57228,12074.74844,12203.59452,12280.25768,12280.25768
Non-Annex_I,Southern_Africa,ZWE,Zimbabwe,1.B.2,Oil and Natural Gas,CO2bio,bio,,,,,,,,,,,,,,,,,,,,,,,,,,,,,,,,,,,,,,,,,,,,60.727284,104.427168,98.85096,73.988832,117.838812,121.604664,135.052416,134.040684,137.1396,144.165792,144.165792,148.6780176
Non-Annex_I,Southern_Africa,ZWE,Zimbabwe,3.C.1,Emissions from biomass burning,CO2bio,bio,1809.607408,2382.719093,2669.184868,1634.290967,2673.276953,2450.440717,2531.49393,2289.662349,2398.223322,1888.691219,2390.975612,3425.128362,2805.911311,2166.07609,2198.469331,3543.966967,3350.856945,2268.888588,3375.291834,2977.395646,2892.806884,2534.395433,1056.763978,2667.878985,3178.744051,1977.45941,3032.745222,2735.602194,2354.515464,2761.32268,2633.659181,2537.9546,1789.17042,2170.513344,3540.243175,2663.092585,3375.913795,2855.400297,1940.25786,1850.242639,2178.9617,2094.408298,2216.690386,2096.436121,2040.972803,1643.916187,1639.340517,2474.265639,2463.52671,2011.819016,2560.912114,2836.511656,2467.784217,2462.02611,1803.039904
