GAMS 45.7.0  64fbf3ce Jan 18, 2024          WEX-WEI x86 64bit/MS Windows - 06/10/26 20:29:37 Page 1
GUIDE_GLOBAL_CGE model GTAP11c
C o m p i l a t i o n


   2  *==============================================================================
   3  *           GUIDE_GLOBAL_CGE GTAP11c Model Code Manual
   4  *           Version: 1.0
   5  *           Author: Jintae Kim
   6  *           Original Code Authors: Veronique Robichaud, Andre Lemelin,
   7  *           Helene Maisonnave, Bernard Decaluwe (PEP-w-1)
   8  *
   9  *           Except where otherwise noted, this work is licensed under
  10  *           the Creative Commons Attribution-NonCommercial-ShareAlike 3.0
  11  *           (CC BY-NC-SA 3.0) License.
  12  *           https://creativecommons.org/licenses/by-nc-sa/3.0/
  13  *==============================================================================
  14   
  15  *==============================================================================
  16  * Set
  17  *==============================================================================
  18  SET
  19   J               All industries
  20   I               All commodities
  21   I1(I)           All commodities except agriculture (agr)
  22   I2(I)           Backstop technology
  23   PUB(J)          Public industries
  24   F               Production factors
  25   K(F)            Capital categories
  26   Z               Regions
  27   ZR(Z)           Reference country (USA)
  28   Z1(Z)           All regions except reference region
  29   Zrich(Z)        Rich regions
  30   Zother(Z)       Non-rich regions
  31   
  32  J Industries including backstop technologies
  33  /
  34  01_AGRICULT Agricultural forest and fishery goods
  35  02_COAL Coal
  36  03_OIL Crude petroleum
  37  04_GAS Natural gas Gas distribution
  38  05_MINING Mined and quarried goods
  39  06_FOODPRO Food beverages and tobacco products
  40  07_TEXTILES Textile and leather products
  41  08_WOODPRO Wood products
  42  09_PAPERPRO Paper products
  43  10_PETROLCOAL Petroleum and coal products
  44  11_CHEMICAL Chemical products
  45  12_NONMET Non-metallic mineral products
  46  13_IRONSTL Primary iron and steel products
  47  14_NONFERR Non-ferrous metal products
  48  15_MACHINE Fabricated metal products Electronic and electrical equipment Machinery and equipment
  49  16_TRANSEQ Motor vehicles Other transport equipment
  50  17_OTHERIND Other manufactured products Water supply
  51  18_TnD Transmission and Distribution
  52  19_eNuclear Nuclear generation
  53  20_eCoal Coal generation
  54  21_eGas Gas generation
  55  22_eOil Oil generation
  56  23_eWind Wind generation
  57  24_eSolar Solar generation
  58  25_eHydro Hydro generation
  59  26_eOther Other generation
  60  27_CONSTRUC Construction
  61  28_LTRP Land transport service(road rail)
  62  29_WTRP Water transport service
  63  30_ATRP Air transport service
  64  31_SER Service
  65  32_BSCHEMICAL Low-carbon chemical products (e.g. green ammonia)
  66  33_BSNONMET Low-carbon non-metallic minerals (e.g. green cement)
  67  34_BSIRONSTL Green steel products (e.g. hydrogen DRI)
  68  35_BS_LTRP Zero-emission land transport (e.g. EV and FCEV)
  69  36_BS_WTRP Zero-emission water transport (e.g. green methanol)
  70  37_BS_ATRP Zero-emission air transport (e.g. SAF)
  71  /
  72   
  73  BUS(J) Industries
  74  /
  75  01_AGRICULT Agricultural forest and fishery goods
  76  02_COAL Coal
  77  03_OIL Crude petroleum
  78  04_GAS Natural gas Gas distribution
  79  05_MINING Mined and quarried goods
  80  06_FOODPRO Food beverages and tobacco products
  81  07_TEXTILES Textile and leather products
  82  08_WOODPRO Wood products
  83  09_PAPERPRO Paper products
  84  10_PETROLCOAL Petroleum and coal products
  85  11_CHEMICAL Chemical products
  86  12_NONMET Non-metallic mineral products
  87  13_IRONSTL Primary iron and steel products
  88  14_NONFERR Non-ferrous metal products
  89  15_MACHINE Fabricated metal products Electronic and electrical equipment Machinery and equipment
  90  16_TRANSEQ Motor vehicles Other transport equipment
  91  17_OTHERIND Other manufactured products Water supply
  92  18_TnD Transmission and Distribution
  93  19_eNuclear Nuclear generation
  94  20_eCoal Coal generation
  95  21_eGas Gas generation
  96  22_eOil Oil generation
  97  23_eWind Wind generation
  98  24_eSolar Solar generation
  99  25_eHydro Hydro generation
 100  26_eOther Other generation
 101  27_CONSTRUC Construction
 102  28_LTRP Land transport service(road rail)
 103  29_WTRP Water transport service
 104  30_ATRP Air transport service
 105  31_SER Service
 106  32_BSCHEMICAL Low-carbon chemical products (e.g. green ammonia)
 107  33_BSNONMET Low-carbon non-metallic minerals (e.g. green cement)
 108  34_BSIRONSTL Green steel products (e.g. hydrogen DRI)
 109  35_BS_LTRP Zero-emission land transport (e.g. EV and FCEV)
 110  36_BS_WTRP Zero-emission water transport (e.g. green methanol)
 111  37_BS_ATRP Zero-emission air transport (e.g. SAF)
 112  /
 113   
GDXIN   C:\Users\kimc0\GUIDE_GLOBAL_CGE\10. NEA_Integrated Carbon Market(ICM)\S5_NEAICM_ALL_NZ\Input_CGE\DATA_AGG-2019_GTAP11c_Regen.gdx
--- LOAD  I = 2:I
--- LOAD  PUB = 4:PUB
--- LOAD  F = 5:F
--- LOAD  K = 7:K
--- LOAD  Z = 8:Z
--- LOAD  ZR = 9:ZR
--- LOAD  Z1 = 10:Z1
--- LOAD  Zrich = 11:Zrich
--- LOAD  Zother = 12:Zother
 116   
 117  I1(I) Commodities excluding agriculture LEON
 118  /
 119  * 01_AGRICULT    Agricultural forest and fishery goods
 120   02_COAL        Coal
 121   03_OIL         Crude petroleum
 122   04_GAS         Natural gas Gas distribution
 123   05_MINING      Mined and quarried goods
 124   06_FOODPRO     Food beverages and tobacco products
 125   07_TEXTILES    Textile and leather products
 126   08_WOODPRO     Wood products
 127   09_PAPERPRO    Paper products
 128   10_PETROLCOAL  Petroleum and coal products
 129   11_CHEMICAL    Chemical products
 130   12_NONMET      Non-metallic mineral products
 131   13_IRONSTL     Primary iron and steel products
 132   14_NONFERR     Non-ferrous metal products
 133   15_MACHINE     Fabricated metal products Electronic and electrical equipment Machinery and equipment
 134   16_TRANSEQ     Motor vehicles Other transport equipment
 135   17_OTHERIND    Other manufactured products Water supply
 136   18_ELEC        Electricity
 137   19_CONSTRUC    Construction
 138   20_LTRP        Land transport service(road rail)
 139   21_WTRP        Water transport service
 140   22_ATRP        Air transport service
 141   23_SER         Service
 142  /
 143   
 144  I2(I) Commodities excluding electricity and backstop technologies
 145  /
 146   01_AGRICULT    Agricultural forest and fishery goods
 147   02_COAL        Coal
 148   03_OIL         Crude petroleum
 149   04_GAS         Natural gas Gas distribution
 150   05_MINING      Mined and quarried goods
 151   06_FOODPRO     Food beverages and tobacco products
 152   07_TEXTILES    Textile and leather products
 153   08_WOODPRO     Wood products
 154   09_PAPERPRO    Paper products
 155   10_PETROLCOAL  Petroleum and coal products
 156  * 11_CHEMICAL    Chemical products
 157  * 12_NONMET      Non-metallic mineral products
 158  * 13_IRONSTL     Primary iron and steel products
 159   14_NONFERR     Non-ferrous metal products
 160   15_MACHINE     Fabricated metal products Electronic and electrical equipment Machinery and equipment
 161   16_TRANSEQ     Motor vehicles Other transport equipment
 162   17_OTHERIND    Other manufactured products Water supply
 163  * 18_ELEC        Electricity
 164   19_CONSTRUC    Construction
 165  * 20_LTRP        Land transport service(road rail)
 166  * 21_WTRP        Water transport service
 167  * 22_ATRP        Air transport service
 168   23_SER         Service
 169  /
 170   
 171  ENE(I) Energy commodities full list
 172  /
 173   02_COAL         Coal
 174   03_OIL          Crude petroleum
 175   04_GAS          Natural gas
 176   10_PETROLCOAL   Petroleum and coal products
 177   18_ELEC         Electricity
 178  /
 179   
 180  ENE1(I) Energy commodities exclduing electricity
 181  /
 182   02_COAL         Coal
 183   03_OIL          Crude petroleum
 184   04_GAS          Natural gas
 185   10_PETROLCOAL   Petroleum and coal products
 186  /
 187   
 188  ENE2(I) Energy commodities Only electricity
 189  /
 190   18_ELEC         Electricity
 191  /
 192   
 193  ENE3(ene) Energy commodities exclduing electricity
 194  /
 195   02_COAL         Coal
 196   03_OIL          Crude petroleum
 197   04_GAS          Natural gas
 198   10_PETROLCOAL   Petroleum and coal products
 199  /
 200   
 201  ENE4(ene) Energy commodities exclduing electricity
 202  /
 203  * 02_COAL         Coal
 204  * 03_OIL          Crude petroleum
 205  * 04_GAS          Natural gas
 206  * 10_PETROLCOAL   Petroleum and coal products
 207   18_ELEC         Electricity
 208  /
 209   
 210  ENE5(ene) Energy commodities exclduing electricity
 211  /
 212   02_COAL         Coal
 213   04_GAS          Natural gas
 214  /
 215   
 216  ENE6(ene) Energy commodities exclduing electricity
 217  /
 218   03_OIL          Crude petroleum
 219   10_PETROLCOAL   Petroleum and coal products
 220  /
 221   
 222  ENE7(ene) Energy commodities exclduing electricity
 223  /
 224   02_COAL         Coal
 225   04_GAS          Natural gas
 226  * 10_PETROLCOAL   Petroleum and coal products
 227  /
 228   
 229  NENE(I) Non-energy commodities
 230  /
 231   01_AGRICULT    Agricultural forest and fishery goods
 232   05_MINING      Mined and quarried goods
 233   06_FOODPRO     Food beverages and tobacco products
 234   07_TEXTILES    Textile and leather products
 235   08_WOODPRO     Wood products
 236   09_PAPERPRO    Paper products
 237   11_CHEMICAL    Chemical products
 238   12_NONMET      Non-metallic mineral products
 239   13_IRONSTL     Primary iron and steel products
 240   14_NONFERR     Non-ferrous metal products
 241   15_MACHINE     Fabricated metal products Electronic and electrical equipment Machinery and equipment
 242   16_TRANSEQ     Motor vehicles Other transport equipment
 243   17_OTHERIND    Other manufactured products Water supply
 244   19_CONSTRUC    Construction
 245   20_LTRP        Land transport service(road rail)
 246   21_WTRP        Water transport service
 247   22_ATRP        Air transport service
 248   23_SER         Service
 249  * 02_COAL        Coal
 250  * 03_OIL         Crude petroleum
 251  * 04_GAS         Natural gas Gas distribution
 252  * 10_PETROLCOAL  Petroleum and coal products
 253  * 18_ELEC        Electricity
 254  /
 255   
 256  I_BS(I)
 257  /
 258  11_CHEMICAL    Chemical products
 259  12_NONMET      Non-metallic mineral products
 260  13_IRONSTL     Primary iron and steel products
 261  20_LTRP        Land transport service(road rail)
 262  21_WTRP        Water transport service
 263  22_ATRP        Air transport service
 264  /
 265   
 266  J2(J) KLE Sectors
 267  /
 268   01_AGRICULT   Agricultural forest and fishery goods
 269   05_MINING      Mined and quarried goods
 270   06_FOODPRO   Food beverages and tobacco products
 271   07_TEXTILES   Textile and leather products
 272   08_WOODPRO  Wood products
 273   09_PAPERPRO  Paper products
 274   14_NONFERR     Non-ferrous metal products
 275   15_MACHINE   Fabricated metal products Electronic and electrical equipment Machinery and equipment
 276   16_TRANSEQ   Motor vehicles Other transport equipment
 277   17_OTHERIND Other manufactured products Water supply
 278   27_CONSTRUC    Construction
 279   28_LTRP          Land transport service(road rail)
 280   29_WTRP        Water transport service
 281   30_ATRP         Air transport service
 282   31_SER           Service
 283  /
 284   
 285  J3(J) Non-KLE Sectors
 286  /
 287   02_COAL Coal
 288   03_OIL Crude petroleum
 289   04_GAS Natural gas Gas distribution
 290   10_PETROLCOAL  Petroleum and coal products
 291   11_CHEMICAL    Chemical products
 292   12_NONMET      Non-metallic mineral products
 293   13_IRONSTL Primary iron and steel products
 294   18_TnD Transmission and Distribution
 295   19_eNuclear Nuclear generation
 296   20_eCoal Coal generation
 297   21_eGas Gas generation
 298   22_eOil Oil generation
 299   23_eWind Wind generation
 300   24_eSolar Solar generation
 301   25_eHydro Hydro generation
 302   26_eOther Other generation
 303   32_BSCHEMICAL Low-carbon chemical products (e.g. green ammonia)
 304   33_BSNONMET Low-carbon non-metallic minerals (e.g. green cement)
 305   34_BSIRONSTL Green steel products (e.g. hydrogen DRI)
 306   35_BS_LTRP Zero-emission land transport (e.g. EV and FCEV)
 307   36_BS_WTRP Zero-emission water transport (e.g. green methanol)
 308   37_BS_ATRP Zero-emission air transport (e.g. SAF)
 309  /
 310   
 311  J4(J) Industries excluding specified energy-related industries
 312  /
 313   01_AGRICULT    Agricultural forest and fishery goods
 314  * 02_COAL        Coal
 315  * 03_OIL         Crude petroleum
 316  * 04_GAS         Natural gas Gas distribution
 317   05_MINING      Mined and quarried goods
 318   06_FOODPRO     Food beverages and tobacco products
 319   07_TEXTILES    Textile and leather products
 320   08_WOODPRO     Wood products
 321   09_PAPERPRO    Paper products
 322  * 10_PETROLCOAL  Petroleum and coal products
 323   11_CHEMICAL    Chemical products
 324   12_NONMET      Non-metallic mineral products
 325   13_IRONSTL     Primary iron and steel products
 326   14_NONFERR     Non-ferrous metal products
 327   15_MACHINE     Fabricated metal products Electronic and electrical equipment Machinery and equipment
 328   16_TRANSEQ     Motor vehicles Other transport equipment
 329   17_OTHERIND    Other manufactured products Water supply
 330  * 18_TnD         Transmission and Distribution
 331  * 19_eNuclear    Nuclear generation
 332  * 20_eCoal       Coal generation
 333  * 21_eGas        Gas generation
 334  * 22_eOil        Oil generation
 335  * 23_eWind       Wind generation
 336  * 24_eSolar      Solar generation
 337  * 25_eHydro      Hydro generation
 338  * 26_eOther      Other generation
 339   27_CONSTRUC    Construction
 340   28_LTRP        Land transport service(road rail)
 341   29_WTRP        Water transport service
 342   30_ATRP        Air transport service
 343   31_SER         Service
 344   32_BSCHEMICAL Low-carbon chemical products (e.g. green ammonia)
 345   33_BSNONMET Low-carbon non-metallic minerals (e.g. green cement)
 346   34_BSIRONSTL Green steel products (e.g. hydrogen DRI)
 347   35_BS_LTRP Zero-emission land transport (e.g. EV and FCEV)
 348   36_BS_WTRP Zero-emission water transport (e.g. green methanol)
 349   37_BS_ATRP Zero-emission air transport (e.g. SAF)
 350  /
 351   
 352  J5(J) Fossil fuel power sector
 353  /
 354   20_eCoal       Coal generation
 355   21_eGas        Gas generation
 356   22_eOil        Oil generation
 357  /
 358   
 359  J6(J) Industries excluding specified energy-related industries
 360  /
 361   01_AGRICULT    Agricultural forest and fishery goods
 362   02_COAL        Coal
 363   03_OIL         Crude petroleum
 364   04_GAS         Natural gas Gas distribution
 365   05_MINING      Mined and quarried goods
 366   06_FOODPRO     Food beverages and tobacco products
 367   07_TEXTILES    Textile and leather products
 368   08_WOODPRO     Wood products
 369   09_PAPERPRO    Paper products
 370   10_PETROLCOAL  Petroleum and coal products
 371   11_CHEMICAL    Chemical products
 372   12_NONMET      Non-metallic mineral products
 373   13_IRONSTL     Primary iron and steel products
 374   14_NONFERR     Non-ferrous metal products
 375   15_MACHINE     Fabricated metal products Electronic and electrical equipment Machinery and equipment
 376   16_TRANSEQ     Motor vehicles Other transport equipment
 377   17_OTHERIND    Other manufactured products Water supply
 378  * 18_TnD         Transmission and Distribution
 379  * 19_eNuclear    Nuclear generation
 380  * 20_eCoal       Coal generation
 381  * 21_eGas        Gas generation
 382  * 22_eOil        Oil generation
 383  * 23_eWind       Wind generation
 384  * 24_eSolar      Solar generation
 385  * 25_eHydro      Hydro generation
 386  * 26_eOther      Other generation
 387   27_CONSTRUC    Construction
 388   28_LTRP        Land transport service(road rail)
 389   29_WTRP        Water transport service
 390   30_ATRP        Air transport service
 391   31_SER         Service
 392   32_BSCHEMICAL Low-carbon chemical products (e.g. green ammonia)
 393   33_BSNONMET Low-carbon non-metallic minerals (e.g. green cement)
 394   34_BSIRONSTL Green steel products (e.g. hydrogen DRI)
 395   35_BS_LTRP Zero-emission land transport (e.g. EV and FCEV)
 396   36_BS_WTRP Zero-emission water transport (e.g. green methanol)
 397   37_BS_ATRP Zero-emission air transport (e.g. SAF)
 398  /
 399   
 400  J7(J) Industries MAC
 401  /
 402   01_AGRICULT    Agricultural forest and fishery goods
 403  * 02_COAL        Coal
 404  * 03_OIL         Crude petroleum
 405  * 04_GAS         Natural gas Gas distribution
 406   05_MINING      Mined and quarried goods
 407   06_FOODPRO     Food beverages and tobacco products
 408   07_TEXTILES    Textile and leather products
 409   08_WOODPRO     Wood products
 410   09_PAPERPRO    Paper products
 411   10_PETROLCOAL  Petroleum and coal products
 412   11_CHEMICAL    Chemical products
 413   12_NONMET      Non-metallic mineral products
 414   13_IRONSTL     Primary iron and steel products
 415   14_NONFERR     Non-ferrous metal products
 416   15_MACHINE     Fabricated metal products Electronic and electrical equipment Machinery and equipment
 417   16_TRANSEQ     Motor vehicles Other transport equipment
 418   17_OTHERIND    Other manufactured products Water supply
 419  * 18_TnD         Transmission and Distribution
 420  * 19_eNuclear    Nuclear generation
 421  * 20_eCoal       Coal generation
 422  * 21_eGas        Gas generation
 423  * 22_eOil        Oil generation
 424  * 23_eWind       Wind generation
 425  * 24_eSolar      Solar generation
 426  * 25_eHydro      Hydro generation
 427  * 26_eOther      Other generation
 428   27_CONSTRUC    Construction
 429   28_LTRP        Land transport service(road rail)
 430   29_WTRP        Water transport service
 431   30_ATRP        Air transport service
 432   31_SER         Service
 433  /
 434   
 435  TND(J) Electricity Transmission and Distribution
 436  /
 437   18_TnD         Electricity Transmission and Distribution
 438  /
 439   
 440  POWER(J) Power sectors
 441  /
 442   19_eNuclear    Nuclear generation
 443   20_eCoal       Coal generation
 444   21_eGas        Gas generation
 445   22_eOil        Oil generation
 446   23_eWind       Wind generation
 447   24_eSolar      Solar generation
 448   25_eHydro      Hydro generation
 449   26_eOther      Other generation
 450  /
 451   
 452  Energy(J) Industries
 453  /
 454   02_COAL        Coal
 455   03_OIL         Crude petroleum
 456   04_GAS         Natural gas Gas distribution
 457   05_MINING      Mined and quarried goods
 458   10_PETROLCOAL  Petroleum and coal products
 459   18_TnD         Transmission and Distribution
 460   19_eNuclear    Nuclear generation
 461   20_eCoal       Coal generation
 462   21_eGas        Gas generation
 463   22_eOil        Oil generation
 464   23_eWind       Wind generation
 465   24_eSolar      Solar generation
 466   25_eHydro      Hydro generation
 467   26_eOther      Other generation
 468  /
 469   
 470  IndCon(J) Industries
 471  /
 472   06_FOODPRO     Food beverages and tobacco products
 473   07_TEXTILES    Textile and leather products
 474   08_WOODPRO     Wood products
 475   09_PAPERPRO    Paper products
 476   11_CHEMICAL    Chemical products
 477   12_NONMET      Non-metallic mineral products
 478   13_IRONSTL     Primary iron and steel products
 479   14_NONFERR     Non-ferrous metal products
 480   15_MACHINE     Fabricated metal products Electronic and electrical equipment Machinery and equipment
 481   16_TRANSEQ     Motor vehicles Other transport equipment
 482   17_OTHERIND    Other manufactured products Water supply
 483   27_CONSTRUC    Construction
 484  /
 485   
 486  Roadrail(J) Industries
 487  /
 488   28_LTRP        Land transport service(road rail)
 489  /
 490   
 491  Air(J) Industries
 492  /
 493   30_ATRP        Air transport service
 494  /
 495   
 496  Water(J) Industries
 497  /
 498   29_WTRP        Water transport service
 499  /
 500   
 501  Other(J) Industries
 502  /
 503   01_AGRICULT    Agricultural forest and fishery goods
 504   31_SER         Service
 505  /
 506   
 507  Elec(J) Industries
 508  /
 509   19_eNuclear    Nuclear generation
 510   20_eCoal       Coal generation
 511   21_eGas        Gas generation
 512   22_eOil        Oil generation
 513   23_eWind       Wind generation
 514   24_eSolar      Solar generation
 515   25_eHydro      Hydro generation
 516   26_eOther      Other generation
 517  /
 518   
 519  Conv(J)
 520  /
 521  11_CHEMICAL Chemical products
 522  12_NONMET Non-metallic mineral products
 523  13_IRONSTL Primary iron and steel products
 524  28_LTRP Land transport service(road rail)
 525  29_WTRP Water transport service
 526  30_ATRP Air transport service
 527  /
 528   
 529  BS(J) Backstop sectors
 530   /
 531  32_BSCHEMICAL
 532  33_BSNONMET
 533  34_BSIRONSTL
 534  35_BS_LTRP
 535  36_BS_WTRP
 536  37_BS_ATRP
 537  /
 538   
 539  MAP_BS(*, *, *) Mapping backstop to conventional industry and commodity
 540  /
 541    '32_BSCHEMICAL' . '11_CHEMICAL' . '11_CHEMICAL '
 542    '33_BSNONMET'   . '12_NONMET'   . '12_NONMET'
 543    '34_BSIRONSTL'  . '13_IRONSTL'  . '13_IRONSTL'
 544    '35_BS_LTRP'    . '28_LTRP'     . '20_LTRP'
 545    '36_BS_WTRP'    . '29_WTRP'     . '21_WTRP'
 546    '37_BS_ATRP'    . '30_ATRP'     . '22_ATRP'
 547  /
 548   
 549   
 550  MAP_Conv(*, *) Mapping backstop to conventional industry
 551  /
 552    '32_BSCHEMICAL' . '11_CHEMICAL'
 553    '33_BSNONMET'   . '12_NONMET'
 554    '34_BSIRONSTL'  . '13_IRONSTL'
 555    '35_BS_LTRP'    . '28_LTRP'
 556    '36_BS_WTRP'    . '29_WTRP'
 557    '37_BS_ATRP'    . '30_ATRP'
 558  /
 559   
 560  DIRTY(J)
 561  /
 562  11_CHEMICAL Chemical products
 563  12_NONMET Non-metallic mineral products
 564  13_IRONSTL Primary iron and steel products
 565  20_eCoal Coal generation
 566  21_eGas Gas generation
 567  22_eOil Oil generation
 568  28_LTRP Land transport service(road rail)
 569  29_WTRP Water transport service
 570  30_ATRP Air transport service
 571  /
 572   
 573  NEA(z) NorthEastAisa 6 Countires
 574  /
 575   01_KOR Korea
 576   02_CHN China
 577   03_JPN Japan
 578   04_RUS Russian Federation
 579   05_MNG Mongolia
 580   06_PRK Peoples Republic of Korea
 581  /
 582   
 583  PERMIT_Z(z)
 584  /
 585  01_KOR Korea
 586  02_CHN China
 587  03_JPN Japan
 588  04_RUS Russian Federation
 589  05_MNG Mongolia
 590  06_PRK Peoples Republic of Korea
 591  07_NAM North America
 592  08_LAM Latin America and the Caribbean
 593  09_WEU Western Europe
 594  10_EEU Central and Eastern Europe
 595  11_FSU Former Soviet Union
 596  12_MEA Middle East and North Africa
 597  13_AFR Sub-Saharan Africa
 598  14_CPA Centrally Planned Asia and China
 599  15_SAS South Asia
 600  16_PAS Other Pacific Asia
 601  17_PAO Pacific OECD
 602   /
 603   
 604  PERMITOTH(z)
 605  /
 606  *01_KOR Korea
 607  *02_CHN China
 608  *03_JPN Japan
 609  *04_RUS Russian Federation
 610  *05_MNG Mongolia
 611  *06_PRK Peoples Republic of Korea
 612  07_NAM North America
 613  08_LAM Latin America and the Caribbean
 614  09_WEU Western Europe
 615  10_EEU Central and Eastern Europe
 616  11_FSU Former Soviet Union
 617  12_MEA Middle East and North Africa
 618  13_AFR Sub-Saharan Africa
 619  14_CPA Centrally Planned Asia and China
 620  15_SAS South Asia
 621  16_PAS Other Pacific Asia
 622  17_PAO Pacific OECD
 623   /
 624   
 625  Z_GRN(z)
 626   /
 627   01_KOR Korea
 628  02_CHN China
 629  03_JPN Japan
 630  07_NAM North America
 631  09_WEU Western Europe
 632  10_EEU Central and Eastern Europe
 633  17_PAO Pacific OECD
 634   /
 635   
 636  Z_OTH(z)
 637  /
 638  04_RUS Russian Federation
 639  05_MNG Mongolia
 640  06_PRK Peoples Republic of Korea
 641  08_LAM Latin America and the Caribbean
 642  11_FSU Former Soviet Union
 643  12_MEA Middle East and North Africa
 644  13_AFR Sub-Saharan Africa
 645  14_CPA Centrally Planned Asia and China
 646  15_SAS South Asia
 647  16_PAS Other Pacific Asia
 648  /
 649   
 650  TIME Time periods
 651  /
 652  *2019
 653  *2019*2020
 654  *2019*2028
 655  *2019*2034
 656  *2019*2035
 657  *2019*2036
 658  *2019*2039
 659  *2019*2040
 660  *2019*2042
 661  *2019*2045
 662  *2019*2046
 663  *2019*2047
 664  *2019*2048
 665  2019*2050
 666  /
 667   
 668  T(time)
 669  T1(time)         First period;
 670  T1(time)         = yes$[ord(time) eq 1];
 671   
 672  Parameter EndTime /2050/;
 673   
 674  Alias (j,jj)
 675  Alias (j2,jj2)
 676  Alias (i,ii,ij)
 677  Alias (k,kj)
 678  Alias (z,zj,zjj)
 679  Alias (power, powerr)
 680  Alias (BS, BSS)
 681  Alias (ENE,ENEE)
 682  Alias (TIME, TIMEE)
 683  Alias (Elec, Elecc)
 684  Alias (ene1, enee1)
 685  Alias (ene3, enee3)
 686  Alias (ene4, enee4)
 687  Alias (ene5, enee5)
 688  Alias (ene6, enee6)
 689  Alias (ene7, enee7)
 690  ;
 691   
 692  *==============================================================================
 693  * Parameters (Grouped for Readability)
 694  *==============================================================================
 695  PARAMETER
 696  * --- [1] Scale Parameters (CES / CET) ---
 697   A_K(z)                       Scale parameter (investment function)
 698   B_KD(j,z)                    Scale parameter (CES - composite capital)
 699   B_LD(j,z)                    Scale parameter (CES - composite labor)
 700   B_M1(i,z)                    Scale parameter (CES - composite commodity)
 701   B_M2(i,z)                    Scale parameter (CES - composite import)
 702   B_VA(j,z)                    Scale parameter (CES - value added)
 703   B_VA_t(j,z,time)             Scale parameter (CES - value added)
 704   B_KLE(j,z)                   Scale parameter (CES - composite KLE)
 705   B_ENER_t(j,z,time)           Scale parameter (CES - composite ENER)
 706   B_ENER_elec(j,z)             Scale parameter (CES - composite ENER)
 707   B_ENER_nelec(j,z)            Scale parameter (CES - composite ENER)
 708   B_ENER_coalgas(j,z)          Scale parameter (CES - composite ENER)
 709   B_ENER_oilprod(j,z)          Scale parameter (CES - composite ENER)
 710   B_X1(i,z)                    Scale parameter (CET - total output)
 711   B_X2(i,z)                    Scale parameter (CET - composite export)
 712   B_X3(i,z)                    Scale parameter (CES - top level)
 713   B_X4(z)                      Scale parameter (CES - Aggregated Electricity)
 714   B_BS(j,Z_GRN)                Scale parameter for backstop nest
 715   B_VAT(BS,Z_GRN)              Scale parameter for VAT nest
 716   B_VAT_t(BS,Z_GRN,time)        Scale parameter for VAT nest over time
 717   
 718  * --- [2] Share Parameters ---
 719   beta_D_X1(i,z)             Share parameter (CET - total output - local sales)
 720   beta_EX_X1(i,z)            Share parameter (CET - total output - export)
 721   beta_X2(i,z,zj)              Share parameter (CET - composite export)
 722   beta_X3(j,i,z)               Share parameter (CES - top level)
 723   beta_X4(power,z)          Share parameter (CES - Aggregated Electricity)
 724   beta_BS(j, I_BS, z)           Share parameter for backstop nest
 725   beta_BS_t(j, I_BS, z, time) Share parameter for backstop nest over time
 726   beta_KD(k,j,z)               Share parameter (CES - composite capital)
 727   beta_M1(i,z)                 Share parameter (CES - composite commodity)
 728   beta_M2(i,zj,z)              Share parameter (CES - composite import)
 729   beta_VA(j,z)                 Share parameter (CES - value added)
 730   beta_KLE(j,z)                Share parameter (CES - KLE composite)
 731   beta_KLE2(j,z)               Share parameter (CES - KLE composite)
 732   beta_KLE2_t(j,z,time)        Share parameter (CES - KLE composite)
 733   beta_ENER_elec(j,z)          Share parameter (CES - ENER composite)
 734   beta_ENER_nelec(j,z)         Share parameter (CES - ENER composite)
 735   beta_ENER_coalgas(ene5,j,z)  Share parameter (CES - ENER composite)
 736   beta_ENER_oilprod(ene6,j,z)  Share parameter (CES - ENER composite)
 737   beta_VAT(BS,Z_GRN)          Share parameter for VA in VAT nest
 738   gamma_GVT(i,z)               Share of commodity i in total current public expenditures
 739   gamma_INV(i,z)               Share of commodity i in total investment expenditures
 740   gamma_LES(i,z)               Marginal share of commodity i in household consumption budget
 741   Cap_Share(j,z)               Capital Cost Share [Ratio]
 742   Lab_Share(j,z)               Labor Cost Share [Ratio]
 743   TnDShare(z)                  T&D share of Aggregated electricity [Ratio]
 744   PowerShare(z)                Power Industries share of Aggregated electricity [Ratio]
 745   theta2(j,i,z)                Export share of composite activity [Ratio]
 746   
 747  * --- [3] Elasticity Parameters (rho, sigma, elas) ---
 748   rho_KD(j,z)                  Elasticity parameter (CES - composite capital)
 749   rho_LD(j,z)                  Elasticity parameter (CES - composite labor)
 750   rho_M1(i,z)                  Elasticity parameter (CES - composite commodity)
 751   rho_M2(i,z)                  Elasticity parameter (CES - composite import)
 752   rho_VA(j,z)                  Elasticity parameter (CES - value added)
 753   rho_KLE(j,z)                 Elasticity parameter (CES - KLE)
 754   rho_ENER_elec(j,z)           Elasticity parameter (CES - ENER)
 755   rho_ENER_nelec(j,z)          Elasticity parameter (CES - ENER)
 756   rho_ENER_coalgas(j,z)        Elasticity parameter (CES - ENER)
 757   rho_ENER_oilprod(j,z)        Elasticity parameter (CES - ENER)
 758   rho_X1(i,z)                  Elasticity parameter (CET - composite export)
 759   rho_X2(i,z)                  Elasticity parameter (CET - composite export)
 760   rho_X3(i,z)                  Elasticity parameter (CES - top level)
 761   rho_X4(z)                    Elasticity parameter (CES - Aggregated Electricity)
 762   rho_BS(j, Z_GRN)      Substitution parameter for backstop nest
 763   rho_VAT(BS,Z_GRN)               Substitution parameter for VAT nest
 764   sigma_INV(k,j,z)             Elasticity (investment demand)
 765   sigma_KD(j,z)                Elasticity (CES - composite capital)
 766   sigma_LD(j,z)                Elasticity (CES - composite labor)
 767   sigma_M1(i,z)                Elasticity (CES - composite commodity)
 768   sigma_M2(i,z)                Elasticity (CES - composite import)
 769   sigma_VA(j,z)                Elasticity (CES - value added)
 770   sigma_KLE(j,z)               Elasticity (CES - kle)
 771   sigma_ENER_elec(j,z)         Elasticity (CES - within energy)
 772   sigma_ENER_nelec(j,z)        Elasticity (CES - within energy)
 773   sigma_ENER_coalgas(j,z)      Elasticity (CES - within energy)
 774   sigma_ENER_oilprod(j,z)      Elasticity (CES - within energy)
 775   sigma_X0(j,z)               Elasticity (CET - exports and local sales)
 776   sigma_X1(i,z)               Elasticity (CET - total output)
 777   sigma_X2(i,z)               Elasticity (CET - composite export)
 778   sigma_X3(i,z)               Elasticity (CES - top level)
 779   sigma_X4(z)                 Elasticity (CES - Aggregated Electricity)
 780   sigma_BS(BS, Z_GRN)   Substitution elasticity between conventional and backstop
 781   sigma_Y(i,z)                 Income elasticity of consumption
 782   sigma_VAT(BS,Z_GRN)  Elasticity of substitution between VA and TSF
 783   elasLS(z)                     Elasticity of labor supply
 784   eta                             Price elasticity of indexed transfers and parameters
 785   
 786  * --- [4] Tax Rates & Margins ---
 787   tticO(i,z)                   Tax rate on commodity i
 788   ttikO(k,j,z)                 Tax rate on capital k used in industry j
 789   ttimO(i,zj,z)                Rate of taxes and duties on imports of commodity i from country zj
 790   ttipO(j,z)                   Tax rate on the production of industry j
 791   ttiwO(j,z)                   Tax rate on type l worker compensation in industry j
 792   ttixO(i,z,zj)                Export tax rate on exported commodity x
 793   tmrg(i,ij,zj,z)              Rate of margin i applied to commodity ij imported from country zj
 794   
 795  * --- [5] Macro, Growth & Demographic Variables ---
 796   TOT_POP(z,time)              Total population [Millions]
 797   POPO(z)                      Population in 2019 [Millions]
 798   g_GDP(z,time)                GDP past and projected growth rate [%]
 799   g_LS(z,time)                 Active population past and projected growth rate [%]
 800   g_POP(z,time)                Population past and projected growth rate [%]
 801   g_SDR(z,time)                Growth rate of domestic savings rate [%]
 802   exogro(z,time)               Exogenous growth factor for exogenously growing variables except labor
 803   growthz(z)                   Steady state growth [%]
 804   EMPLOY(j,z)                  Employment by sector 2019 [Thousand Persons]
 805   delta(z)                     Depreciation rate of capital in country z
 806   frisch(z)                    Frisch parameter (LES function)
 807   CABXsur(z,time)              Current account balance surplus component
 808   CABXdef(z,time)              Current account balance deficit component
 809   Bal(time)                    Global current account balance check
 810   mu(time)                     Adjustment factor for CAB
 811   CABix(z,time)                Current account balance index
 812   
 813  * --- [6] Energy, Emissions & Policy Flags ---
 814   AEEI(z,time)                 Autonomous energy efficiency improvement (Reference)
 815   AEEI_low(z,time)             Autonomous energy efficiency improvement (Low)
 816   AEEI_medium(z,time)          Autonomous energy efficiency improvement (Medium)
 817   AEEI_high(z,time)            Autonomous energy efficiency improvement (High)
 818   PERMIT_NDC_old(z,time)       PERMIT
 819   PERMIT_NZ(z,time)            PERMIT
 820   recycle_gov(z,time)          Binary variable (0 if no use of CTAX Rebate)
 821   recycle_hou(z,time)          Binary variable (0 if no use of CTAX Rebate)
 822   recycle_labor(z,time)        Binary variable (0 if no use of CTAX Rebate)
 823   recycle_capital(z,time)      Binary variable (0 if no use of CTAX Rebate)
 824   recycle_ptax(z,time)         Binary variable (0 if no use of CTAX Rebate)
 825   
 826  * --- [7] Other Coefficients & Rescaling ---
 827   aij(i,j,z)                   Input-output coefficient
 828   aij_t(i,j,z,time)                   Input-output coefficient
 829   aij2(i,j,z)                  Input-output coefficient (intermediate energy)
 830   aij2_t(i,j,z,time)           Input-output coefficient (intermediate energy)
 831   io(j,z)                      Coefficient (Leontief - intermediate consumption)
 832   io2(j,z)                     Coefficient (Leontief - intermediate energy consumption)
 833   v(j,z)                       Value added Coefficient (Leontief)
 834   v2(j,z)                      KLE Share parameter (Leontief)
 835   kmob                         Flag parameter (1 if capital is mobile)
 836   RES                          Rescaling factor [Base = 10000 for 10G$]
 837   v_tsf(BS,Z_GRN)               Leontief input coefficient for TSF
 838   TSFS(BS,Z_GRN,time)             Supply of TSF
 839   VATO(BS,Z_GRN)                  Base year quantity of VAT composite
 840   PVATO(BS,Z_GRN)                 Base year price of VAT composite
 841   v_vat(BS,Z_GRN)                 Leontief coefficient for VAT composite to XST
 842  ;
 843   
 844  *==============================================================================
 845  * Volume
 846  *==============================================================================
 847  PARAMETER
 848   CABXO(z)            Current account balance of region z in terms of the international currency (pseudo-volume variable)
 849   CO(i,z)             Consumption of commodity i by households in region z
 850   CGO(i,z)            Public consumption of commodity i in region z
 851   CIO(j,z)            Total intermediate consumption of industry j in region z
 852   CEO(j,z)            Total energy intermediate consumption of industry j in region z
 853   CEelecO(j,z)        Total energy intermediate consumption of industry j in region z
 854   CEnelecO(j,z)       Total energy intermediate consumption of industry j in region z
 855   CMINO(i,z)          Minimum consumption of commodity i by households in region z
 856   CTH_REALO(z)        Real household consumption in region z
 857   DDO(i,z)            Domestic demand for commodity i produced locally in region z
 858   DIO(i,j,z)          Intermediate consumption of commodity i by industry j in region z
 859   DEO(ene,j,z)        Intermediate energy consumption of commodity i by industry j in region z
 860   DEelecO(j,z)        Intermediate energy consumption of commodity i by industry j in region z
 861   DEnelecO(j,z)       Intermediate energy consumption of commodity i by industry j in region z
 862   DEcoalgasO(j,z)     Intermediate energy consumption of commodity i by industry j in region z
 863   DEcoalO(j,z)        Intermediate energy consumption of commodity i by industry j in region z
 864   DEgasO(j,z)         Intermediate energy consumption of commodity i by industry j in region z
 865   DEoilpetrolO(j,z)   Intermediate energy consumption of commodity i by industry j in region z
 866   DEoilO(j,z)         Intermediate energy consumption of commodity i by industry j in region z
 867   DEpetrolO(j,z)      Intermediate energy consumption of commodity i by industry j in region z
 868   DITO(i,z)           Total intermediate demand of commodity i in region z
 869   DSO(j,i,z)          Supply of commodity i by sector j to the domestic market
 870   DSO_I(i,z)          Supply of commodity i to the domestic market of region z
 871   DSO_J(j,z)          Supply of activity j to the domestic market of region z
 872   EXO(i,z,zj)         Quantity of product i exported by country z to country zj
 873   EXTO(i,z)           Supply of composite commodity i by region z to the export market
 874   EXTTO(j,i,z)        Supply of activity j to the export market i of region z
 875   G_REALO(z)          Current real government expenditures on goods and services in region z
 876   GDP_BP_REALO(z)     Real GDP at basic prices
 877   GDP_MP_REALO(z)     Real GDP at market prices
 878   GDP_BP_W_REALO      Real GDP at basic prices
 879   IMO(i,zj,z)         Quantity of product i imported by country z from country zj
 880   IMTO(i,z)           Quantity demanded of composite imports of commodity i by region z
 881   INDO(k,j,z)         Volume of new type k capital investment to industry j in region z
 882   INVO(i,z)           Final demand of commodity i for investment purposes (GFCF) in region z
 883   IT_REALO(z)         Real gross fixed capital formation
 884   KDO(k,j,z)          Demand for type k capital by industry j in region z
 885   KDCO(j,z)           Demand for composite capital by industry j in region z
 886   KSO(k,z)            Supply of type k capital in region z
 887   KSTO(z)             Total supply of capital in region z
 888   LDO(j,z)            Demand for type l labor by industry j in region z
 889   LDCO(j,z)           Demand for composite labor by industry j in region z
 890   LSO(z)              Supply of type l labor in region z
 891   LSTO(z)             Supply of type l labor in region z (Trend)
 892   LSO_lag(z)          Supply of type l labor in region z (T-1)
 893   LSTO_lag(z)         Supply of type l labor in region z (Trend T-1)
 894   MRGNO(i,z)          Domestic production of commodity i in region z exported as international margin services
 895   QO(i,z)             Quantity demanded of composite commodity i in region z
 896   VAO(j,z)            Value added of industry j in region z
 897   KLEO(j,z)           KLE of industry j in region z
 898   XSO_I(i,z)          Commodity i total production
 899   XSO(j,i,z)          Total output of industry j in region z
 900   XSTO(j,z)           Total output of industry j
 901   QPOWERO(z)     Total power output in region z
 902   QBSO(BS, Z_GRN)               Base year total output of backstop nest
 903   OBJO
 904  ;
 905   
 906  *==============================================================================
 907  * Price
 908  *==============================================================================
 909  PARAMETER
 910   eO(z)               Exchange rate (price of international currency in terms of region z local currency)
 911   IRO(z)              Interest rate
 912   PO(i,z)             Basic price of commodity i in region z
 913   PO2(j,i,z)          Basic price of industry js production of commodity i
 914   PO3(i,j,z)          Basic price of power industry js production of commodity i
 915   PO4(i,j,z)          Basic energy commodity price of industry js production of commodity i
 916   PPOWERO(z)          Basic price of composite power commodity in region z
 917   PBSO(BS, Z_GRN)   Base year price of backstop nest composite
 918   PIO(i,z)            Basic price of composite activity commodity in region z
 919   PTO(j,z)            Basic price of industry js output
 920   PCO(i,z)            Purchaser price of composite commodity i (including all taxes and margins) in region z
 921   PCIO(j,z)           Intermediate consumption price index of industry j in region z
 922   PCEO(j,z)           Intermediate energy consumption price index of industry j in region z
 923   PCEelecO(j,z)       Intermediate energy consumption price index of industry j in region z
 924   PCEnelecO(j,z)      Intermediate energy consumption price index of industry j in region z
 925   PCEcoalgasO(j,z)    Intermediate energy consumption price index of industry j in region z
 926   PCEcoalO(j,z)       Intermediate energy consumption price index of industry j in region z
 927   PCEgasO(j,z)        Intermediate energy consumption price index of industry j in region z
 928   PCEoilpetrolO(j,z)  Intermediate energy consumption price index of industry j in region z
 929   PCEoilO(j,z)        Intermediate energy consumption price index of industry j in region z
 930   PCEpetrolO(j,z)     Intermediate energy consumption price index of industry j in region z
 931   PDO(i,z)            Price of local product i sold on region z domestic market (including all taxes)
 932   PEO(i,z,zj)         Price received for commodity i exported to region zj by region z (excluding export taxes)
 933   PETO(i,z)           Border price of composite commodity i exported by region z
 934   PIXCONO(z)          Consumer price index in region z
 935   PIXCONO_lag(z)      Consumer price index in region z
 936   PIXGDPO(z)          GDP deflator in region z
 937   PIXGDP_WO           World GDP deflator
 938   PIXGVTO(z)          Public expenditures price index in region z
 939   PIXINVO(z)          Investment price index in region z
 940   PKO(z)              Price of new capital in region z
 941   PLO(i,z)            Price of local product i (excluding all taxes on products) in region z
 942   PMO(i,zj,z)         Price of commodity i imported by region z from region zj (including all taxes duties and margins)
 943   PMTO(i,z)           Price of composite commodity i imported by region z (including all taxes duties and margins)
 944   PPO(j,z)            Unit cost of industry j in region z including taxes directly related to capital and labor
 945   PVAO(j,z)           Price of industry j value added in region z
 946   PKLEO(j,z)          Price of industry j KLE in region z
 947   PWMO(i,zj,z)        World price of commodity i imported from country zj by region z (expressed in international currency)
 948   PWMGO(i)            World price of margin i (expressed in international currency)
 949   PWXO(i,z,zj)        World price of commodity i exported to country zj by region z (expressed in international currency)
 950   RO(k,j,z)           Rental rate of type k capital in industry j of region z
 951   RCO(j,z)            Rental rate of industry j composite capital in region z
 952   RKO(k,z)            Rental rate of type k capital in region z
 953   RTIO(k,j,z)         Rental rate paid by industry j for type k capital in region z including capital taxes
 954   UO(z)               User cost of capital in region z
 955   WO(z)               Wage rate of type l labor in region z
 956   WO_lag(z)           Wage rate of type l labor in region z
 957   WCO(j,z)            Wage rate of industry j composite labor in region z
 958   WTIO(j,z)           Wage rate paid by industry j for type l labor in region z including payroll taxes
 959  ;
 960   
 961  *==============================================================================
 962  * Nominal (value)
 963  *==============================================================================
 964  PARAMETER
 965   CABO(z)             Current account balance of region z
 966   CTHO(z)             Consumption budget of households in region z
 967   DEPO(z)             Amount of depreciation (capital consumption allowance) in region z
 968   GO(z)               Current government expenditures on goods and services in region z
 969   GDP_BPO(z)          Region z GDP at basic prices
 970   GDP_BP_WO           World GDP at basic prices
 971   GDP_FDO(z)          Region z GDP at purchasers prices from the perspective of final demand
 972   GDP_IBO(z)          Region z GDP at market prices (income-based)
 973   GDP_MPO(z)          Region z GDP at market prices
 974   ITO(z)              Total investment expenditures in region z
 975   RKDO(k,j,z)         Type k capital income in industry j in region z
 976   SGO(z)              Government savings in region z
 977   SHO(z)              Household savings in region z
 978   SROWO(z)            Rest-of-the-world savings with respect to region z
 979   TDHO(z)             Household income taxes in region z
 980   TICO(i,z)           Government revenue from indirect taxes on commodity i in region z
 981   TICTO(z)            Total government receipts of indirect taxes on commodities in region z
 982   TIKO(k,j,z)         Government revenue from taxes on type k capital used by industry j in region z
 983   TIKTO(z)            Total government revenue from taxes on capital in region z
 984   TIMO(i,zj,z)        Government revenue from duties on commodity i imported from region zj by region z
 985   TIMTO(z)            Total government revenue from import duties in region z
 986   TIPO(j,z)           Government revenue from taxes on industry j production in region z
 987   TIPTO(z)            Total government revenue from production taxes in region z
 988   TIWO(j,z)           Government revenue from payroll taxes on type l labor in industry j of region z
 989   TIWTO(z)            Total government revenue from payroll taxes in region z
 990   TIXO(i,z,zj)        Government revenue from export taxes on commodity i exported by region z to region zj
 991   TIXTO(z)            Total government revenue from export taxes in region z
 992   TPRCTSO(z)          Total government revenue from taxes on products and imports in region z
 993   TPRODNO(z)          Total government revenue from other taxes on production in region z
 994   YDHO(z)             Household disposable income in region z
 995   YGO(z)              Total government income in region z
 996   YHO(z)              Household total income in region z
 997   YHKO(z)             Household capital income in region z
 998   YHLO(z)             Household labor income in region z
 999   YROWO(z)            Rest-of-the-world total income from region z
1000   TIWO_Share(j,z)     Government revenue from payroll taxes on type l labor in industry j of region z
1001   TIKO_Share(k,j,z)   Government revenue from taxes on type k capital used by industry j in region z
1002   TIPO_Share(j,z)
1003  ;
1004   
1005  *==============================================================================
1006  * Rates and intercepts
1007  *==============================================================================
1008  PARAMETER
1009   phiO(z)             Scale variable (allocation of investment to industries)
1010   sh0O(z)             Intercept (household savings)
1011   sh1O(z)             Slope (household savings)
1012   ttdh0O(z)           Intercept (household income tax)
1013   ttdh1O(z)           Slope (household income tax)
1014  ;
1015   
--- LOAD  CO = 13:CO
--- LOAD  CGO = 14:CGO
--- LOAD  DDO = 15:DDO
--- LOAD  DEPO = 16:DEPO
--- LOAD  DIO = 17:DIO
--- LOAD  DSO = 18:DSO
--- LOAD  DSO_I = 19:DSO_I
--- LOAD  EXO = 20:EXO
--- LOAD  IMO = 21:IMO
--- LOAD  INVO = 22:INVO
--- LOAD  KSTO = 23:KSTO
--- LOAD  LDO = 24:LDO
--- LOAD  MRGNO = 25:MRGNO
--- LOAD  XSO = 39:XSO
--- LOAD  XSO_I = 40:XSO_I
--- LOAD  XSTO = 41:XSTO
--- LOAD  TOT_POP = 56:TOT_POP
--- LOAD  g_GDP = 57:g_GDP
--- LOAD  g_POP = 58:g_POP
--- LOAD  g_SDR = 59:g_SDR
--- LOAD  EMPLOY = 55:EMPLOY
--- LOAD  AEEI_low = 60:AEEI_low
--- LOAD  AEEI_medium = 61:AEEI_medium
--- LOAD  AEEI_high = 62:AEEI_high
--- LOAD  PERMIT_NDC_old = 63:PERMIT_NDC_old
--- LOAD  PERMIT_NZ = 64:PERMIT_NZ
--- LOAD  RKDO = 27:RKDO
--- LOAD  TDHO = 28:TDHO
--- LOAD  TICO = 30:TICO
--- LOAD  TIKO = 31:TIKO
--- LOAD  TIMO = 32:TIMO
--- LOAD  TIPO = 33:TIPO
--- LOAD  TIWO = 34:TIWO
--- LOAD  TIXO = 35:TIXO
--- LOAD  tmrg = 38:tmrg
--- LOAD  sigma_M1 = 44:sigma_M1
--- LOAD  sigma_M2 = 45:sigma_M2
--- LOAD  sigma_VA = 46:sigma_VA
--- LOAD  sigma_KLE = 47:sigma_KLE
--- LOAD  POPO = 26:POPO
1020   
1021  * Other exogenous parameters can be defined if the Excel file VAL_PAR.XLS
1022  PARAMETER PARZ;
GDXIN   C:\Users\kimc0\GUIDE_GLOBAL_CGE\10. NEA_Integrated Carbon Market(ICM)\S5_NEAICM_ALL_NZ\Input_CGE\PAR.gdx
--- LOAD  sigma_KD = 1:sigma_KD
--- LOAD  sigma_LD = 2:sigma_LD
--- LOAD  sigma_X1 = 4:sigma_X1
--- LOAD  sigma_X2 = 5:sigma_X2
--- LOAD  sigma_X3 = 6:sigma_X3
--- LOAD  sigma_X0 = 7:sigma_X0
--- LOAD  sigma_Y = 8:sigma_y
--- LOAD  sigma_INV = 10:sigma_inv
--- LOAD  PARZ = 9:PARZ
1026   
1027  Parameter
1028  S3_EMISSIONS(z,time)
1029  ;
GDXIN   C:\Users\kimc0\GUIDE_GLOBAL_CGE\10. NEA_Integrated Carbon Market(ICM)\S5_NEAICM_ALL_NZ\Input_CGE\S3_EMISSIONS.gdx
--- LOAD  S3_EMISSIONS = 1:S3_EMISSIONS
1033   
1034  PARAMETER
1035  S4_PERMIT(time)
1036  ;
GDXIN   C:\Users\kimc0\GUIDE_GLOBAL_CGE\10. NEA_Integrated Carbon Market(ICM)\S5_NEAICM_ALL_NZ\Input_CGE\S4_PERMIT.gdx
--- LOAD  S4_PERMIT = 1:S4_PERMIT
1040   
1041  *===============================================================================
1042  * Elasticity Parameter Assignments
1043  *===============================================================================
1044  *CES - KLE(backstop)
1045   sigma_KLE(BS,z)          = 0.5;
1046   sigma_KLE('16_TRANSEQ','07_NAM') = 0.5 ;
1047   
1048  * CES - composite K-L
1049   sigma_VA('10_PETROLCOAL',z) = 0.2;
1050   sigma_VA('18_TnD',z)        = 0.2;
1051   sigma_VA('19_eNuclear',z)   = 0.2;
1052   sigma_VA('20_eCoal',z)      = 0.2;
1053   sigma_VA('21_eGas',z)       = 0.2;
1054   sigma_VA('22_eOil',z)       = 0.2;
1055   sigma_VA('23_eWind',z)      = 0.2;
1056   sigma_VA('24_eSolar',z)     = 0.2;
1057   sigma_VA('25_eHydro',z)     = 0.2;
1058   sigma_VA('26_eOther',z)     = 0.2;
1059   sigma_VA(BS,z)              = 0.5;
1060   
1061  * CES - composite capital
1062    sigma_KD(j,z)        = 2 * sigma_VA(j,z);
1063    sigma_KD(BS,Z)     = 0.5;
1064   
1065  * CES - composite labor
1066    sigma_LD(j,z)        = 2 * sigma_VA(j,z);
1067    sigma_LD(BS,Z)     = 0.5;
1068   
1069  * CES - composite ENER
1070   sigma_ENER_elec(j2,z)         = 1.5;
1071   sigma_ENER_nelec(j2,z)       = 0.5;
1072   sigma_ENER_coalgas(j2,z)    = 2.0;
1073   sigma_ENER_oilprod(j2,z)     = 0.5;
1074   
1075  * CES - DOM vs.IMP
1076   sigma_M1('03_OIL','06_PRK') = 0.5;
1077   sigma_M1('04_GAS',Z) = 6;
1078   sigma_M1('11_CHEMICAL','05_MNG') = 1.5;
1079   sigma_M1('13_IRONSTL','05_MNG') = 1.1;
1080   
1081  * CES - IMP sourcing
1082   sigma_M2('03_OIL',Z) = 2;
1083   sigma_M2('04_GAS',Z) = 2;
1084   
1085  *CET - exports and local sales
1086   sigma_X0(j,z)                 = 1.5;
1087   
1088  * CET - total output
1089   sigma_X2(i,z)                 = 2;
1090   
1091  * CES - composite Power sector
1092   sigma_X4(z)              = 2.5;
1093   sigma_X4('07_NAM')       = 1.5;
1094   sigma_X4('09_WEU')       = 1.5;
1095  * sigma_X4('16_PAS')      = 0.5;
1096   sigma_X4('06_PRK')       = 0.5;
1097   
1098  * CES - composite BS sector
1099   sigma_BS(BS, Z_GRN)       = 5;
1100   sigma_BS(BS, '07_NAM')    = 5;
1101   sigma_BS(BS, '09_WEU')    = 5;
1102   
1103  * sigma_VAT(BS,Z_GRN)   = 1.5;
1104  sigma_VAT('32_BSCHEMICAL',Z_GRN)   = 0.5;
1105  sigma_VAT('33_BSNONMET',Z_GRN)     = 0.5;
1106  sigma_VAT('34_BSIRONSTL',Z_GRN)     = 0.5;
1107  sigma_VAT('35_BS_LTRP',Z_GRN)         = 0.5;
1108  sigma_VAT('36_BS_WTRP',Z_GRN)        = 0.5;
1109  sigma_VAT('37_BS_ATRP',Z_GRN)         = 0.5;
1110   
1111  * Investment demand elasticity
1112   sigma_INV(k,j,z)              = 0.5;
1113   
1114  * LES parameters - Frisch all (1.1)
1115  * frisch(z)                     = PARZ(z,'frisch');
1116  frisch('01_KOR') = -1.30;
1117  frisch('02_CHN') = -1.45;
1118  frisch('03_JPN') = -1.25;
1119  frisch('04_RUS') = -1.45;
1120  frisch('05_MNG') = -1.70;
1121  frisch('06_PRK') = -2.00;
1122  frisch('07_NAM') = -1.20;
1123  frisch('08_LAM') = -1.50;
1124  frisch('09_WEU') = -1.20;
1125  frisch('10_EEU') = -1.40;
1126  frisch('11_FSU') = -1.60;
1127  frisch('12_MEA') = -1.60;
1128  frisch('13_AFR') = -1.90;
1129  frisch('14_CPA') = -1.70;
1130  frisch('15_SAS') = -1.80;
1131  frisch('16_PAS') = -1.50;
1132  frisch('17_PAO') = -1.20;
1133   
1134  * Labour supply
1135   elasLS(z)                     = 0.1;
1136   
1137  *==============================================================================
1138  * Rescaling
1139  *==============================================================================
1140  * GTAP data are in millions of US dollars With RES = 10000, model results are in tens of billions (10G$)
1141   RES = 10000;
1142   CO(i,z)          = CO(i,z) / RES;
1143   CGO(i,z)         = CGO(i,z) / RES;
1144   DDO(i,z)         = DDO(i,z) / RES;
1145   DEPO(z)          = DEPO(z) / RES;
1146   DIO(i,j,z)       = DIO(i,j,z) / RES;
1147   DSO(j,i,z)       = DSO(j,i,z) / RES;
1148   DSO_I(i,z)       = DSO_I(i,z) / RES;
1149   EXO(i,z,zj)      = EXO(i,z,zj) / RES;
1150   IMO(i,z,zj)      = IMO(i,z,zj) / RES;
1151   INVO(i,z)        = INVO(i,z) / RES;
1152   KSTO(z)          = KSTO(z) / RES;
1153   LDO(j,z)         = LDO(j,z) / RES;
1154   MRGNO(i,z)       = MRGNO(i,z) / RES;
1155   RKDO(k,j,z)      = RKDO(k,j,z) / RES;
1156   TDHO(z)          = TDHO(z) / RES;
1157   TICO(i,z)        = TICO(i,z) / RES;
1158   TIKO(k,j,z)      = TIKO(k,j,z) / RES;
1159   TIMO(i,z,zj)     = TIMO(i,z,zj) / RES;
1160   TIPO(j,z)        = TIPO(j,z) / RES;
1161   TIWO(j,z)        = TIWO(j,z) / RES;
1162   TIXO(i,z,zj)     = TIXO(i,z,zj) / RES;
1163   tmrg(i,ij,z,zj)  = tmrg(i,ij,z,zj) / RES;
1164   XSO_I(i,z)       = XSO_I(i,z) / RES;
1165   XSO(j,i,z)       = XSO(j,i,z) / RES;
1166   XSTO(j,z)        = XSTO(j,z) / RES;
1167   
1168  *==============================================================================
1169  * [NEW] Backstop Technology Split & TSF Initialization (Upstream Injection)
1170  *==============================================================================
1171  PARAMETER
1172   seed(j)                Initial share of the new technology
1173   TSFO(j, z)             Initial year TSF input for backstop (Value)
1174   PTSFO(j, z)            Initial year TSF price for backstop
1175   Green_Markup(j, z)     Initial efficiency penalty for backstop
1176   SHR_MRGN(j, i, z)      Share of international transport margin for sector j !! [Added] Margin distribution share
1177  ;
1178   
1179  seed(BS) = 0.01;
1180  PTSFO(BS, Z_GRN) = 1.0;
1181  Green_Markup(BS, Z_GRN) = 1.0;
1182   
1183  * [Added] Initialize default margin share to 1.0 (100%) for all industries before splitting
1184  SHR_MRGN(j, i, z)$XSO(j, i, z) = 1.0;
1185   
1186  LOOP(Z_GRN,
1187  *--------------------------------------------------------------------------
1188  * [1] Split raw data by seed share and preserve identities
1189  *--------------------------------------------------------------------------
1190    LOOP(MAP_BS(j, jj, i),
1191  * Allocate to backstop industry
1192      LDO(j, Z_GRN)       = LDO(jj, Z_GRN) * seed(j);
1193      RKDO(k, j, Z_GRN)   = RKDO(k, jj, Z_GRN) * seed(j);
1194      TIPO(j, Z_GRN)      = TIPO(jj, Z_GRN) * seed(j);
1195      TIWO(j, Z_GRN)      = TIWO(jj, Z_GRN) * seed(j);
1196      TIKO(k, j, Z_GRN)   = TIKO(k, jj, Z_GRN) * seed(j);
1197      DIO(ii, j, Z_GRN)   = DIO(ii, jj, Z_GRN) * seed(j);
1198      EMPLOY(j, Z_GRN)    = EMPLOY(jj, Z_GRN) * seed(j);
1199   
1200      XSO(j, i, Z_GRN)    = (XSO(jj, i, Z_GRN) * seed(j)) / Green_Markup(j, Z_GRN);
1201      XSTO(j, Z_GRN)      = (XSTO(jj, Z_GRN) * seed(j)) / Green_Markup(j, Z_GRN);
1202      DSO(j, i, Z_GRN)    = (DSO(jj, i, Z_GRN) * seed(j)) / Green_Markup(j, Z_GRN);
1203   
1204  * [Added] Allocate international margin share to backstop industry by seed share
1205      SHR_MRGN(j, i, Z_GRN) = seed(j);
1206   
1207  * Deduct exact share from conventional industry
1208      LDO(jj, Z_GRN)      = LDO(jj, Z_GRN) * (1 - seed(j));
1209      RKDO(k, jj, Z_GRN)  = RKDO(k, jj, Z_GRN) * (1 - seed(j));
1210      TIPO(jj, Z_GRN)     = TIPO(jj, Z_GRN) * (1 - seed(j));
1211      TIWO(jj, Z_GRN)     = TIWO(jj, Z_GRN) * (1 - seed(j));
1212      TIKO(k, jj, Z_GRN)  = TIKO(k, jj, Z_GRN) * (1 - seed(j));
1213      DIO(ii, jj, Z_GRN)  = DIO(ii, jj, Z_GRN) * (1 - seed(j));
1214      EMPLOY(jj, Z_GRN)   = EMPLOY(jj, Z_GRN) * (1 - seed(j));
1215   
1216      XSO(jj, i, Z_GRN)   = XSO(jj, i, Z_GRN) * (1 - seed(j));
1217      XSTO(jj, Z_GRN)     = XSTO(jj, Z_GRN) * (1 - seed(j));
1218      DSO(jj, i, Z_GRN)   = DSO(jj, i, Z_GRN) * (1 - seed(j));
1219   
1220  * [Added] Deduct international margin share from conventional industry (remaining share)
1221      SHR_MRGN(jj, i, Z_GRN) = 1.0 - seed(j);
1222    );
1223   
1224  *--------------------------------------------------------------------------
1225  * [2] Technology Specific Factor (TSF) Allocation
1226  *--------------------------------------------------------------------------
1227    LOOP(BS,
1228      TSFO(BS, Z_GRN) = (RKDO('cap', BS, Z_GRN) * 0.9) / PTSFO(BS, Z_GRN);
1229      RKDO('cap', BS, Z_GRN) = RKDO('cap', BS, Z_GRN) - (PTSFO(BS, Z_GRN) * TSFO(BS, Z_GRN));
1230    );
1231  );
1232   
1233  * Calculate initial values for TSF intensity and time series
1234  LOOP(BS,
1235    v_tsf(BS, Z_GRN)      = TSFO(BS, Z_GRN) / XSTO(BS, Z_GRN);
1236    TSFS(BS, Z_GRN, time) = TSFO(BS, Z_GRN);
1237  );
1238   
1239  *==============================================================================
1240  * 3.3 Exogenous prices and parameters
1241  *==============================================================================
1242   eta                = 1;
1243   ttdh0O(z)       = 0;
1244   eO(z)             = 1;
1245   PEO(i,z,zj)      = 1;
1246   PLO(i,z)          = 1;
1247   PWMGO(i)      = 1;
1248   WO(z)            = 1;
1249   WO_lag(z)      = WO(z);
1250   
1251  * -------------------------------------------------------------------
1252  * [동태 모형 고도화] 유령 산업에 초소형 정상 구조(Micro-Seed) 주입
1253  * -------------------------------------------------------------------
1254  SCALAR micro_tol / 0.01 /;
1255   
1256  * 1. 필터링을 위해 임시 PPO(가격 왜곡도)를 먼저 계산
1257  PARAMETER PPO_TEMP(j,z);
1258  PPO_TEMP(j,z)$XSTO(j,z) = ( TIWO(j,z) + WO(z)*LDO(j,z)
1259                            + SUM(k, TIKO(k,j,z) + RKDO(k,j,z))
1260                            + SUM(i, DIO(i,j,z)) ) / XSTO(j,z);
1261   
1262  * 2. [수정됨] 생산량이 적거나(XSTO < 0.01) OR 가격 왜곡이 극심한 경우(PPO > 2.0) 모두 포함
1263  LOOP((j,z)$( ( (XSTO(j,z) < micro_tol) or (PPO_TEMP(j,z) > 2.0) )
1264               and (PPO_TEMP(j,z) > 1.2 or PPO_TEMP(j,z) < 0.8)
1265               and not (BS(j) and Z_OTH(z)) ),
1266   
1267  * 3. 생산량(XSTO)이 너무 작으면 최소 Seed로 덮어쓰고, 어느 정도 있으면 그 규모 유지
1268      XSTO(j,z) = MAX(XSTO(j,z), 1E-5);
1269   
1270  * 4. 중국(02_CHN)의 동일 산업(j) 투입 구조 비율을 이식
1271      LDO(j,z)    = XSTO(j,z) * (LDO(j,'02_CHN') / XSTO(j,'02_CHN'));
1272      TIWO(j,z)   = XSTO(j,z) * (TIWO(j,'02_CHN') / XSTO(j,'02_CHN'));
1273      TIPO(j,z)   = XSTO(j,z) * (TIPO(j,'02_CHN') / XSTO(j,'02_CHN'));
1274   
1275      LOOP(k,
1276          RKDO(k,j,z) = XSTO(j,z) * (RKDO(k,j,'02_CHN') / XSTO(j,'02_CHN'));
1277          TIKO(k,j,z) = XSTO(j,z) * (TIKO(k,j,'02_CHN') / XSTO(j,'02_CHN'));
1278      );
1279   
1280      LOOP(i,
1281          DIO(i,j,z)  = XSTO(j,z) * (DIO(i,j,'02_CHN') / XSTO(j,'02_CHN'));
1282      );
1283  );
1284   
1285  *==============================================================================
1286  * Calibration
1287  *==============================================================================
1288   YHKO(z)          = SUM[(k,j), RKDO(k,j,z)];
1289   YHLO(z)          = SUM[(j), LDO(j,z)];
1290   YHO(z)           = YHLO(z) + YHKO(z) + SUM[BS, PTSFO(BS,z) * TSFO(BS,z)];
1291   YDHO(z)          = YHO(z) - TDHO(z);
1292   CTHO(z)          = SUM[i, CO(i,z)];
1293   SHO(z)           = YDHO(z) - CTHO(z);
1294   TICTO(z)         = SUM[i, TICO(i,z)];
1295   TIMTO(z)         = SUM[(i,zj), TIMO(i,zj,z)];
1296   TIWTO(z)         = SUM[(j), TIWO(j,z)];
1297   TIKTO(z)         = SUM[(k,j), TIKO(k,j,z)];
1298   TIPTO(z)         = SUM[j, TIPO(j,z)];
1299   TIXTO(z)         = SUM[(i,zj), TIXO(i,z,zj)];
1300   TPRODNO(z)       = TIKTO(z) + TIWTO(z) + TIPTO(z);
1301   TPRCTSO(z)       = TICTO(z) + TIMTO(z) + TIXTO(z);
1302   YGO(z)           = TDHO(z) + TPRCTSO(z) + TPRODNO(z);
1303   GO(z)            = SUM[i, CGO(i,z)];
1304   SGO(z)           = YGO(z) - GO(z);
1305   YROWO(z)         = SUM[(i,zj), IMO(i,zj,z)] + SUM[(i,ij,zj), tmrg(i,ij,zj,z)];
1306   SROWO(z)         = YROWO(z) - SUM[(i,zj), EXO(i,z,zj)] - SUM[i, MRGNO(i,z)];
1307   CABO(z)          = -SROWO(z);
1308   ITO(z)           = SHO(z) + SGO(z) + SROWO(z);
1309   
1310  *==============================================================================
1311  * Calibration of parameters and other variables
1312  *==============================================================================
1313   gamma_GVT(i,z)   = CGO(i,z) / SUM[ij, CGO(ij,z)];
1314   gamma_INV(i,z)   = INVO(i,z) / SUM[ij, INVO(ij,z)];
1315   
1316  *==============================================================================
1317  * Calibration of other prices and revised volumes (part 1)
1318  *==============================================================================
1319   LDO(j,z)         = LDO(j,z) / WO(z);
1320   LDCO(j,z)        = LDO(j,z);
1321   LSO(z)           = SUM[j, LDO(j,z)];
1322   LSTO(z)          = LSO(z);
1323   LSO_lag(z)       = LSO(z);
1324   LSTO_lag(z)      = LSO(z);
1325   EXO(i,z,zj)      = [EXO(i,z,zj) - TIXO(i,z,zj)] / PEO(i,z,zj);
1326   EXTO(i,z)        = SUM[zj, EXO(i,z,zj)];
1327   PWXO(i,z,zj)$EXO(i,z,zj)
1328                    = { [PEO(i,z,zj) * EXO(i,z,zj) + TIXO(i,z,zj)] / EXO(i,z,zj) } / eO(z);
1329   PETO(i,z)        = SUM[zj, PEO(i,z,zj) * EXO(i,z,zj)] / EXTO(i,z);
1330   PWMO(i,z,zj)     = PWXO(i,z,zj);
1331   IMO(i,zj,z)      = EXO(i,zj,z);
1332   IMTO(i,z)        = SUM[zj, IMO(i,zj,z)];
1333   
1334   DSO(j,i,z)       = DSO(j,i,z) / PLO(i,z);
1335   DSO_I(i,z)       = SUM(j, DSO(j,i,z));
1336   DSO_J(j,z)       = SUM(i, DSO(j,i,z));
1337   QO(i,z)          = IMTO(i,z) + DDO(i,z);
1338   MRGNO(i,z)$MRGNO(i,z)
1339                    = MRGNO(i,z) / [eO(z) * PWMGO(i)];
1340   XSO_I(i,z)       = EXTO(i,z) + DDO(i,z) + MRGNO(i,z);
1341   
1342   XSTO(j,z)        = SUM(i, XSO(j,i,z));
1343   PO(i,z)          = [ PETO(i,z) * EXTO(i,z) + PLO(i,z) * DSO_I(i,z)
1344                      + eO(z) * PWMGO(i) * MRGNO(i,z) ] / XSO_I(i,z);
1345   PO2(j,i,z)$XSO(j,i,z)                  = 1;
1346   PO2(BS,I_BS,Z_GRN) = Green_Markup(BS,Z_GRN);
1347   
1348   PO3(i,j,z)$XSO(j,i,z)                  = 1;
1349   
1350   PIO(i,z)         = SUM[j$XSO(j,i,z), PO2(J,I,z) * XSO(j,i,z)] / XSO_I(i,z);
1351   
1352   PTO(j,z)$XSTO(j,z) = SUM[i$XSO(j,i,z), PO2(j,i,z) * XSO(j,i,z)] / XSTO(j,z);
1353   
1354   PPO(j,z)$XSTO(j,z)
1355      = ( TIWO(j,z) + WO(z) * LDO(j,z)
1356        + SUM[k, TIKO(k,j,z) + RKDO(k,j,z)]
1357        + (PTSFO(j,z) * TSFO(j,z))$BS(j)
1358        + SUM[nene, DIO(nene,j,z)]
1359        + SUM[ene, DIO(ene,j,z)] ) / XSTO(j,z);
1360   
1361  * ==============================================================================
1362   
1363   theta2(j,i,z)    = DSO(j,i,z) / SUM(jj, DSO(jj,i,z));
1364   
1365   EXTTO(j,i,z)$DSO(j,i,z) = theta2(j,i,z) * EXTO(i,z);
1366   
1367  *==============================================================================
1368  * Calibration of tax rates, margins, prices and volumes
1369  *==============================================================================
1370   ttixO(i,z,zj)    = [eO(z) * PWXO(i,z,zj) / PEO(i,z,zj)] - 1;
1371   tticO(i,z)       = TICO(i,z) /
1372                      { PLO(i,z) * DDO(i,z)
1373                      + SUM[zj, IMO(i,zj,z) * eO(z) * PWMO(i,zj,z)
1374                      + TIMO(i,zj,z) + SUM[ij, tmrg(ij,i,zj,z)]] };
1375   tmrg(i,ij,zj,z)$IMO(ij,zj,z)
1376                    = tmrg(i,ij,zj,z) / (PWMGO(i) * eO(z) * IMO(ij,zj,z));
1377   ttimO(i,zj,z)$IMO(i,zj,z)
1378                    = TIMO(i,zj,z) /
1379                      { IMO(i,zj,z) * eO(z) * (PWMO(i,zj,z)
1380                      + SUM[ij, PWMGO(ij) * tmrg(ij,i,zj,z)]) };
1381   ttiwO(j,z)$LDO(j,z)
1382                    = TIWO(j,z) / [WO(z) * LDO(j,z)];
1383   ttikO(k,j,z)$RKDO(k,j,z)
1384                    = TIKO(k,j,z) / RKDO(k,j,z);
1385   ttipO(j,z)$XSTO(j,z) = [PTO(j,z) / PPO(j,z)] - 1;
1386   
1387   ttdh1O(z)        = [TDHO(z) - ttdh0O(z)] / YHO(z);
1388   
1389  *==============================================================================
1390  * Calibration of other prices and revised volumes (part 2)
1391  *==============================================================================
1392   PDO(i,z)         = PLO(i,z) * (1 + tticO(i,z));
1393   PMO(i,zj,z)      = eO(z) * (PWMO(i,zj,z) + SUM[ij, PWMGO(ij) * tmrg(ij,i,zj,z)])
1394                    * (1 + ttimO(i,zj,z)) * (1 + tticO(i,z));
1395   PMTO(i,z)        = SUM[zj, PMO(i,zj,z) * IMO(i,zj,z)] / IMTO(i,z);
1396   PCO(i,z)         = [PMTO(i,z) * IMTO(i,z) + PDO(i,z) * DDO(i,z)] / QO(i,z);
1397   CO(i,z)          = CO(i,z) / PCO(i,z);
1398   CGO(i,z)         = CGO(i,z) / PCO(i,z);
1399   DIO(nene,j,z)    = DIO(nene,j,z) / PCO(nene,z);
1400   DEO(ene,j,z)     = DIO(ene,j,z) / PCO(ene,z);
1401   
1402   DEelecO(j,z)     = DIO("18_ELEC",j,z) / PCO("18_ELEC",z);
1403   DEnelecO(j,z)    = SUM(ene3, DEO(ene3,j,z));
1404   
1405   DEcoalgasO(j,z)  = SUM(ene5, DEO(ene5,j,z));
1406   DEcoalO(j,z)     = DEO("02_COAL ",j,z);
1407   DEgasO(j,z)      = DEO("04_GAS",j,z);
1408   
1409   DEoilpetrolO(j,z)= SUM(ene6, DEO(ene6,j,z));
1410   DEoilO(j,z)      = DEO("03_OIL",j,z);
1411   DEpetrolO(j,z)   = DEO("10_PETROLCOAL",j,z);
1412   INVO(i,z)        = INVO(i,z) / PCO(i,z);
1413   
1414   CIO(j,z)         = SUM[nene, DIO(nene,j,z)];
1415   CEO(j3,z)        = SUM[ene, DEO(ene,j3,z)];
1416   CEO(j2,z)        = DEelecO(j2,z) + DEnelecO(j2,z);
1417   DITO(nene,z)     = SUM[j, DIO(nene,j,z)];
1418   DITO(ene,z)      = SUM[j, DEO(ene,j,z)];
1419   
1420   PO4(ene,j,z)     = PCO(ene,z);
1421   PCIO(j,z)$XSTO(j,z)
1422                    = SUM[nene, PCO(nene,z) * DIO(nene,j,z)] / CIO(j,z);
1423   
1424   PCEcoalO(j,z)$XSTO(j,z)   = PO4("02_COAL",j,z);
1425   PCEgasO(j,z)$XSTO(j,z)    = PO4("04_GAS",j,z);
1426   PCEoilO(j,z)$XSTO(j,z)    = PO4("03_OIL",j,z);
1427   PCEpetrolO(j,z)$XSTO(j,z) = PO4("10_PETROLCOAL",j,z);
1428   
1429   PCEoilpetrolO(j,z)$XSTO(j,z)
1430      = [ PCEoilO(j,z) * DEoilO(j,z) + PCEpetrolO(j,z) * DEpetrolO(j,z) ] / DEoilpetrolO(j,z);
1431   
1432   PCEcoalgasO(j,z)$XSTO(j,z)
1433      = [ PCEcoalO(j,z) * DEcoalO(j,z) + PCEgasO(j,z) * DEgasO(j,z) ] / DEcoalgasO(j,z);
1434   
1435   PCEnelecO(j,z)$XSTO(j,z)
1436      = [ PCEcoalgasO(j,z) * DEcoalgasO(j,z) + PCEoilpetrolO(j,z) * DEoilpetrolO(j,z) ] / DEnelecO(j,z);
1437   
1438   PCEelecO(j,z)$XSTO(j,z)
1439      = SUM[ene4, PCO(ene4,z) * DEO(ene4,j,z)] / DEelecO(j,z);
1440   
1441   PCEO(j,z)$XSTO(j,z)
1442      = [ PCEelecO(j,z) * DEelecO(j,z) + PCEnelecO(j,z) * DEnelecO(j,z) ] / CEO(j,z);
1443   
1444   PCEO(j3,z)$XSTO(j3,z)
1445      = SUM[ene, PCO(ene,z) * DEO(ene,j3,z)] / CEO(j3,z);
1446   
1447   WTIO(j,z)$XSTO(j,z)       = WO(z) * (1 + ttiwO(j,z));
1448   WCO(j,z)$LDCO(j,z)        = (WTIO(j,z) * LDO(j,z)) / LDCO(j,z);
1449   
1450  *==============================================================================
1451  * Calibration of dynamic parameters
1452  *==============================================================================
1453   PKO(z)           = 1;
1454   KSTO(z)          = KSTO(z) / PKO(z);
1455   KSTO(z)          = KSTO(z) - SUM((BS,Z_GRN)$sameas(z, Z_GRN), PTSFO(BS,Z_GRN) * TSFO(BS,Z_GRN));
1456   
1457   delta(z)         = DEPO(z) / [PKO(z) * KSTO(z)];
1458   
1459   RO(k,j,z)$RKDO(k,j,z)
1460                    = SUM[(kj,jj), RKDO(kj,jj,z)] / KSTO(z);
1461   
1462   KDO(k,j,z)$RKDO(k,j,z)
1463                    = RKDO(k,j,z) / RO(k,j,z);
1464   
1465   KSO(k,z)         = SUM[j, KDO(k,j,z)];
1466   IRO(z)           = { SUM[(k,j)$RKDO(k,j,z), RKDO(k,j,z)] - DEPO(z) } / [PKO(z) * KSTO(z)];
1467   UO(z)            = PKO(z) * (IRO(z) + delta(z));
1468   phiO(z)          = [ITO(z) / PKO(z)] / KSTO(z);
1469   
1470   INDO(k,j,z)$KDO(k,j,z)
1471                    = phiO(z) * KDO(k,j,z);
1472   
1473   A_K(z)           = 1 / PKO(z) * { PROD[i$gamma_INV(i,z), (PCO(i,z) / gamma_INV(i,z))**gamma_INV(i,z)] };
1474   KDCO(j,z)        = SUM[k, KDO(k,j,z)];
1475   RTIO(k,j,z)      = RO(k,j,z) * (1 + ttikO(k,j,z));
1476   
1477   RCO(j,z)$KDCO(j,z)
1478                    = SUM[k, RTIO(k,j,z) * KDO(k,j,z)] / KDCO(j,z);
1479   
1480  *==============================================================================
1481  * Calibration of other prices and revised volumes
1482  *==============================================================================
1483   VAO(j,z)       = LDCO(j,z) + KDCO(j,z);
1484   
1485   PVAO(j,z)$XSTO(j,z)
1486                     = [ WCO(j,z) * LDCO(j,z) + RCO(j,z) * KDCO(j,z) ] / VAO(j,z);
1487   
1488   KLEO(j,z)$XSTO(j,z)  = CEO(j,z) + VAO(j,z);
1489   
1490   PKLEO(j,z)$XSTO(j,z)
1491                      = [PCEO(j,z) * CEO(j,z) + PVAO(j,z) * VAO(j,z)] / KLEO(j,z);
1492   
1493   VATO(BS, Z_GRN)      = VAO(BS, Z_GRN) + TSFO(BS, Z_GRN);
1494   
1495   PVATO(BS, Z_GRN)
1496                      = [PVAO(BS, Z_GRN) * VAO(BS, Z_GRN) + PTSFO(BS, Z_GRN) * TSFO(BS, Z_GRN)] / VATO(BS, Z_GRN);
1497   
1498   PIXGDPO(z)           = 1;
1499   PIXGDP_WO          = 1;
1500   PIXCONO(z)           = 1;
1501   PIXCONO_lag(z)     = PIXCONO(z);
1502   PIXINVO(z)            = 1;
1503   PIXGVTO(z)           = 1;
1504   PPOWERO(z)         = 1;
1505   PBSO(BS, Z_GRN)  = 1.0;
1506   
1507  *==============================================================================
1508  * Calibration of LES parameters
1509  *==============================================================================
1510   sigma_Y(i,z)   = sigma_Y(i,z) / { SUM[ij, sigma_Y(ij,z) * PCO(ij,z) * CO(ij,z)] / CTHO(z) };
1511   gamma_LES(i,z) = PCO(i,z) * CO(i,z) * sigma_Y(i,z) / CTHO(z);
1512   CMINO(i,z)     = CO(i,z) + gamma_LES(i,z) * CTHO(z) / {PCO(i,z) * frisch(z)};
1513   
1514  *$Ontext
1515  * ==============================================================================
1516  * [ADDITION] Backup setup of initial values for tracking parameter changes
1517  * ==============================================================================
1518  SET eval_sig "Evaluation items for sigmas" / Initial "Initial value", Final "Final value", Diff "Difference (Change)" /;
1519  SET sig_type "Types of Industry Elasticities" /
1520      s_coalgas "sigma_ENER_coalgas",
1521      s_oilprod "sigma_ENER_oilprod",
1522      s_nelec   "sigma_ENER_nelec",
1523      s_elec    "sigma_ENER_elec",
1524      s_kle     "sigma_KLE"
1525  /;
1526   
1527  PARAMETER Init_sigma_M1(ene,z) "Backup for initial sigma_M1";
1528  PARAMETER Init_sigma_M2(ene,z) "Backup for initial sigma_M2";
1529  PARAMETER Init_sigma_IND(j,z,sig_type) "Backup for initial industry nest sigmas";
1530   
1531  * Store the current (initial) parameter values before entering the loop
1532  Init_sigma_M1(ene,z) = sigma_M1(ene,z);
1533  Init_sigma_M2(ene,z) = sigma_M2(ene,z);
1534  Init_sigma_IND(j,z,'s_coalgas') = sigma_ENER_coalgas(j,z);
1535  Init_sigma_IND(j,z,'s_oilprod') = sigma_ENER_oilprod(j,z);
1536  Init_sigma_IND(j,z,'s_nelec')   = sigma_ENER_nelec(j,z);
1537  Init_sigma_IND(j,z,'s_elec')    = sigma_ENER_elec(j,z);
1538  Init_sigma_IND(j,z,'s_kle')     = sigma_KLE(j,z);
1539   
1540  * ==============================================================================
1541  * Calculation of Economy-Wide Ex-ante Own-Price Elasticities for Energy
1542  * (Industries + Households + Government + Investment + Exports)
1543  * ==============================================================================
1544   
1545  PARAMETERS
1546  * 1. Industry Nest Shares
1547      S_E_KLE(j,z), S_NE_E(j,z), S_Elec_E(j,z)
1548      S_CG_NE(j,z), S_OP_NE(j,z)
1549      S_Coal_CG(j,z), S_Gas_CG(j,z), S_Oil_OP(j,z), S_Petrol_OP(j,z)
1550   
1551  * 2. Armington & Demand Shares
1552      S_DOM(i,z)           "Share of Domestic product in composite demand"
1553      W_IND(i,j,z)         "Share of Industry j in Total Composite Demand QO"
1554      W_HH(i,z)            "Share of Household in Total Composite Demand QO"
1555      W_INV(i,z)           "Share of Investment in Total Composite Demand QO"
1556      W_GOV(i,z)           "Share of Government in Total Composite Demand QO"
1557      W_DDO(i,z)           "Share of Domestic Sales in Total Output"
1558      W_EXTO(i,z)          "Share of Export Sales in Total Output"
1559      Val_Total(i,z)       "Total Value of Domestic and Export Sales"
1560   
1561  * 3. Composite Price Elasticities by Agent (Imported + Domestic)
1562      Elas_Comp_IND(ene,j,z) "Composite elasticity for Industry"
1563      Elas_Comp_HH(ene,z)    "Composite elasticity for Household (LES)"
1564      Elas_Comp_INV(ene,z)   "Composite elasticity for Investment (Cobb-Douglas = -1)"
1565      Elas_Comp_GOV(ene,z)   "Composite elasticity for Government (Cobb-Douglas = -1)"
1566   
1567  * 4. Domestic Price Elasticities by Agent
1568      Elas_Dom_IND(ene,j,z)  "Domestic elasticity for Industry"
1569      Elas_Dom_HH(ene,z)     "Domestic elasticity for Household"
1570      Elas_Dom_INV(ene,z)    "Domestic elasticity for Investment"
1571      Elas_Dom_GOV(ene,z)    "Domestic elasticity for Government"
1572      Elas_EXP(ene,z)        "Export elasticity (based on importer's sigma_M2)"
1573   
1574  * 5. Economy-Wide Price Elasticities
1575      Elas_Total_DDO(ene,z)  "Weighted elasticity of Total Domestic Demand (DDO)"
1576      Elas_Total_ECON(ene,z) "Economy-wide Ex-ante Price Elasticity of Energy Commodity"
1577  ;
1578   
1579  * ------------------------------------------------------------------------------
1580  * Step 1. Calculate Shares
1581  * ------------------------------------------------------------------------------
1582  * Industry nest shares
1583  S_E_KLE(j2,z)$(PKLEO(j2,z)*KLEO(j2,z)) = (PCEO(j2,z)*CEO(j2,z)) / (PKLEO(j2,z)*KLEO(j2,z));
1584  S_NE_E(j2,z)$(PCEO(j2,z)*CEO(j2,z))    = (PCEnelecO(j2,z)*DEnelecO(j2,z)) / (PCEO(j2,z)*CEO(j2,z));
1585  S_Elec_E(j2,z)$(PCEO(j2,z)*CEO(j2,z))  = (PCEelecO(j2,z)*DEelecO(j2,z)) / (PCEO(j2,z)*CEO(j2,z));
1586  S_CG_NE(j2,z)$(PCEnelecO(j2,z)*DEnelecO(j2,z)) = (PCEcoalgasO(j2,z)*DEcoalgasO(j2,z)) / (PCEnelecO(j2,z)*DEnelecO(j2,z));
1587  S_OP_NE(j2,z)$(PCEnelecO(j2,z)*DEnelecO(j2,z)) = (PCEoilpetrolO(j2,z)*DEoilpetrolO(j2,z)) / (PCEnelecO(j2,z)*DEnelecO(j2,z));
1588  S_Coal_CG(j2,z)$(PCEcoalgasO(j2,z)*DEcoalgasO(j2,z)) = (PCO('02_COAL',z)*DEO('02_COAL',j2,z)) / (PCEcoalgasO(j2,z)*DEcoalgasO(j2,z));
1589  S_Gas_CG(j2,z)$(PCEcoalgasO(j2,z)*DEcoalgasO(j2,z))  = (PCO('04_GAS',z)*DEO('04_GAS',j2,z)) / (PCEcoalgasO(j2,z)*DEcoalgasO(j2,z));
1590  S_Oil_OP(j2,z)$(PCEoilpetrolO(j2,z)*DEoilpetrolO(j2,z)) = (PCO('03_OIL',z)*DEO('03_OIL',j2,z)) / (PCEoilpetrolO(j2,z)*DEoilpetrolO(j2,z));
1591  S_Petrol_OP(j2,z)$(PCEoilpetrolO(j2,z)*DEoilpetrolO(j2,z)) = (PCO('10_PETROLCOAL',z)*DEO('10_PETROLCOAL',j2,z)) / (PCEoilpetrolO(j2,z)*DEoilpetrolO(j2,z));
1592   
1593  * Armington domestic shares (DDO relative to QO)
1594  S_DOM(ene,z)$(PCO(ene,z)*QO(ene,z)) = (PDO(ene,z)*DDO(ene,z)) / (PCO(ene,z)*QO(ene,z));
1595   
1596  * Consumption share of each agent in total domestic composite (QO)
1597  W_IND(ene,j,z)$QO(ene,z) = DEO(ene,j,z) / QO(ene,z);
1598  W_HH(ene,z)$QO(ene,z)    = CO(ene,z) / QO(ene,z);
1599  W_INV(ene,z)$QO(ene,z)   = INVO(ene,z) / QO(ene,z);
1600  W_GOV(ene,z)$QO(ene,z)   = CGO(ene,z) / QO(ene,z);
1601   
1602  * Share of domestic sales (DDO) and exports (EXTO) in total national output
1603  Val_Total(ene,z) = PDO(ene,z)*DDO(ene,z) + PETO(ene,z)*EXTO(ene,z);
1604  W_DDO(ene,z)$Val_Total(ene,z)  = (PDO(ene,z)*DDO(ene,z)) / Val_Total(ene,z);
1605  W_EXTO(ene,z)$Val_Total(ene,z) = (PETO(ene,z)*EXTO(ene,z)) / Val_Total(ene,z);
1606   
1607  * ------------------------------------------------------------------------------
1608  * Step 2. Calculate Composite Price Elasticities by Agent
1609  * ------------------------------------------------------------------------------
1610  * 1. Industry (Only KLE industries have elasticity, Non-KLE is Leontief so 0)
1611  Elas_Comp_IND('02_COAL',j2,z)$DEO('02_COAL',j2,z) =
1612      - (1 - S_Coal_CG(j2,z)) * sigma_ENER_coalgas(j2,z) - S_Coal_CG(j2,z) * (1 - S_CG_NE(j2,z)) * sigma_ENER_nelec(j2,z)
1613      - S_Coal_CG(j2,z) * S_CG_NE(j2,z) * (1 - S_NE_E(j2,z)) * sigma_ENER_elec(j2,z) - S_Coal_CG(j2,z) * S_CG_NE(j2,z) * S_NE_E(j2,z) * (1 - S_E_KLE(j2,z)) * sigma_KLE(j2,z);
1614   
1615  Elas_Comp_IND('04_GAS',j2,z)$DEO('04_GAS',j2,z) =
1616      - (1 - S_Gas_CG(j2,z)) * sigma_ENER_coalgas(j2,z) - S_Gas_CG(j2,z) * (1 - S_CG_NE(j2,z)) * sigma_ENER_nelec(j2,z)
1617      - S_Gas_CG(j2,z) * S_CG_NE(j2,z) * (1 - S_NE_E(j2,z)) * sigma_ENER_elec(j2,z) - S_Gas_CG(j2,z) * S_CG_NE(j2,z) * S_NE_E(j2,z) * (1 - S_E_KLE(j2,z)) * sigma_KLE(j2,z);
1618   
1619  Elas_Comp_IND('03_OIL',j2,z)$DEO('03_OIL',j2,z) =
1620      - (1 - S_Oil_OP(j2,z)) * sigma_ENER_oilprod(j2,z) - S_Oil_OP(j2,z) * (1 - S_OP_NE(j2,z)) * sigma_ENER_nelec(j2,z)
1621      - S_Oil_OP(j2,z) * S_OP_NE(j2,z) * (1 - S_NE_E(j2,z)) * sigma_ENER_elec(j2,z) - S_Oil_OP(j2,z) * S_OP_NE(j2,z) * S_NE_E(j2,z) * (1 - S_E_KLE(j2,z)) * sigma_KLE(j2,z);
1622   
1623  Elas_Comp_IND('10_PETROLCOAL',j2,z)$DEO('10_PETROLCOAL',j2,z) =
1624      - (1 - S_Petrol_OP(j2,z)) * sigma_ENER_oilprod(j2,z) - S_Petrol_OP(j2,z) * (1 - S_OP_NE(j2,z)) * sigma_ENER_nelec(j2,z)
1625      - S_Petrol_OP(j2,z) * S_OP_NE(j2,z) * (1 - S_NE_E(j2,z)) * sigma_ENER_elec(j2,z) - S_Petrol_OP(j2,z) * S_OP_NE(j2,z) * S_NE_E(j2,z) * (1 - S_E_KLE(j2,z)) * sigma_KLE(j2,z);
1626   
1627  Elas_Comp_IND('18_ELEC',j2,z)$DEO('18_ELEC',j2,z) =
1628      - (1 - S_Elec_E(j2,z)) * sigma_ENER_elec(j2,z) - S_Elec_E(j2,z) * (1 - S_E_KLE(j2,z)) * sigma_KLE(j2,z);
1629   
1630  Elas_Comp_IND(ene,j3,z)$DEO(ene,j3,z) = 0;
1631   
1632  * 2. Household (LES Function)
1633  Elas_Comp_HH(ene,z)$CO(ene,z) = CMINO(ene,z) / CO(ene,z) * (1 - gamma_LES(ene,z)) - 1;
1634   
1635  * 3. Investment & Government (Cobb-Douglas Expenditure)
1636  Elas_Comp_INV(ene,z)$INVO(ene,z) = -1.0;
1637  Elas_Comp_GOV(ene,z)$CGO(ene,z)  = -1.0;
1638   
1639  * ------------------------------------------------------------------------------
1640  * Step 3. Derive Domestic Energy Price Elasticities by Agent (incorporating Armington effect)
1641  * ------------------------------------------------------------------------------
1642  Elas_Dom_IND(ene,j,z)$DEO(ene,j,z) = - (1 - S_DOM(ene,z)) * sigma_M1(ene,z) + S_DOM(ene,z) * Elas_Comp_IND(ene,j,z);
1643  Elas_Dom_HH(ene,z)$CO(ene,z)       = - (1 - S_DOM(ene,z)) * sigma_M1(ene,z) + S_DOM(ene,z) * Elas_Comp_HH(ene,z);
1644  Elas_Dom_INV(ene,z)$INVO(ene,z)    = - (1 - S_DOM(ene,z)) * sigma_M1(ene,z) + S_DOM(ene,z) * Elas_Comp_INV(ene,z);
1645  Elas_Dom_GOV(ene,z)$CGO(ene,z)     = - (1 - S_DOM(ene,z)) * sigma_M1(ene,z) + S_DOM(ene,z) * Elas_Comp_GOV(ene,z);
1646   
1647  * Exports (Weighted average of trading partners' import substitution elasticity sigma_M2)
1648  Elas_EXP(ene,z)$EXTO(ene,z) = SUM(zj$EXO(ene,z,zj), (EXO(ene,z,zj)/EXTO(ene,z)) * (-sigma_M2(ene,zj)));
1649   
1650  * ------------------------------------------------------------------------------
1651  * Step 4. Derive Economy-Wide Energy Price Elasticity (Aggregation)
1652  * ------------------------------------------------------------------------------
1653  * Domestic demand aggregation (Weighted Average of Domestic Agents)
1654  Elas_Total_DDO(ene,z) =
1655      SUM(j, W_IND(ene,j,z) * Elas_Dom_IND(ene,j,z))
1656      + W_HH(ene,z)  * Elas_Dom_HH(ene,z)
1657      + W_INV(ene,z) * Elas_Dom_INV(ene,z)
1658      + W_GOV(ene,z) * Elas_Dom_GOV(ene,z);
1659   
1660  * Domestic + Export aggregation (Final Economy-Wide Elasticity)
1661  Elas_Total_ECON(ene,z) =
1662      W_DDO(ene,z) * Elas_Total_DDO(ene,z) + W_EXTO(ene,z) * Elas_EXP(ene,z);
1663   
1664  DISPLAY Elas_Total_ECON, Elas_Total_DDO, Elas_Dom_HH, Elas_EXP;
1665   
1666  * ==============================================================================
1667  * Set and Parameter Declaration for Comparison Report
1668  * ==============================================================================
1669  SET eval "Comparison Items" / Initial "Initial Value", Final "Final Value", Target "Target Value" /;
1670  PARAMETER Report_Elas(ene,z,eval) "Elasticity Comparison Report (Based on DDO)";
1671  PARAMETER Initial_Elas_ECON(ene,z) "Backup of initial elasticity";
1672   
1673  * Backup initially calculated DDO elasticity before entering the loop
1674  Initial_Elas_ECON(ene,z) = Elas_Total_ECON(ene,z);
1675   
1676  * ==============================================================================
1677  * Step 0. Set Target Elasticities and Iterative Algorithm Parameters
1678  * ==============================================================================
1679  TABLE Target_Elas(ene,z) "Target economy-wide elasticities by region and energy commodity"
1680                 01_KOR  02_CHN  03_JPN  04_RUS  05_MNG  06_PRK  07_NAM  08_LAM  09_WEU  10_EEU  11_FSU  12_MEA  13_AFR  14_CPA  15_SAS  16_PAS  17_PAO
1681  02_COAL         -0.88   -0.46   -0.74   -0.30   -0.58   -0.30   -0.97   -0.50   -1.03   -0.85   -0.67   -0.76   -0.82   -0.46   -0.71   -1.12   -0.80
1682  03_OIL          -0.52   -0.34   -0.54   -0.15   -0.66   -0.15   -0.92   -0.58   -0.74   -0.45   -0.15   -0.39   -0.95   -0.34   -0.98   -0.52   -0.99
1683  04_GAS          -0.74   -1.16   -0.52   -0.30   -0.67   -0.15   -0.73   -0.69   -0.85   -0.71   -0.57   -0.62   -0.69   -1.16   -0.18   -0.15   -1.25
1684  10_PETROLCOAL   -0.52   -0.34   -0.54   -0.15   -0.66   -0.15   -0.92   -0.58   -0.74   -0.45   -0.15   -0.39   -0.95   -0.34   -0.98   -0.52   -0.99
1685  18_ELEC         -0.48   -0.42   -0.45   -0.21   -0.35   -0.21   -0.49   -0.47   -0.30   -0.26   -0.21   -0.37   -0.57   -0.42   -0.29   -0.30   -0.29
1686  ;
1687   
1688  * Set targets based on DDO
1689  Parameter Target_ECON(ene,z);
1690  Target_ECON('02_COAL',z) = Target_Elas('02_COAL',z);
1691  Target_ECON('03_OIL',z) = Target_Elas('03_OIL',z);
1692  Target_ECON('04_GAS',z) = Target_Elas('04_GAS',z);
1693  Target_ECON('10_PETROLCOAL',z) = Target_Elas('10_PETROLCOAL',z);
1694  Target_ECON('18_ELEC',z) = Target_Elas('18_ELEC',z);
1695   
1696  SET iter "Maximum number of iterations" / 1*1000 /;
1697  SCALAR step "Update speed (Damping factor)" / 0.15 /;
1698  PARAMETER Adj_Ratio(ene,z) "Ratio to target";
1699  PARAMETER Ind_Total_Weight(ene,z) "Total industry weight";
1700   
1701  Ind_Total_Weight(ene,z) = SUM(j, W_IND(ene,j,z));
1702   
1703  * ==============================================================================
1704  * Declare temporary parameters before entering the loop (for calculating error weights by industry)
1705  * ==============================================================================
1706  PARAMETER Ind_Err_CG(j,z) "Weighted average error of Coal-Gas nest by industry";
1707  PARAMETER Ind_Err_OP(j,z) "Weighted average error of Oil products nest by industry";
1708  PARAMETER Ind_Err_NE(j,z) "Weighted average error of Non-Elec nest by industry";
1709  PARAMETER Ind_Err_Tot(j,z) "Weighted average error of total energy by industry";
1710   
1711  * ==============================================================================
1712  * Algorithm Start
1713  * ==============================================================================
1714  LOOP(iter,
1715  * --------------------------------------------------------------------------
1716  * 1. Recalculate elasticity based on currently updated sigma values
1717  * --------------------------------------------------------------------------
1718      Elas_Comp_IND('02_COAL',j2,z)$DEO('02_COAL',j2,z) =
1719          - (1 - S_Coal_CG(j2,z)) * sigma_ENER_coalgas(j2,z) - S_Coal_CG(j2,z) * (1 - S_CG_NE(j2,z)) * sigma_ENER_nelec(j2,z)
1720          - S_Coal_CG(j2,z) * S_CG_NE(j2,z) * (1 - S_NE_E(j2,z)) * sigma_ENER_elec(j2,z) - S_Coal_CG(j2,z) * S_CG_NE(j2,z) * S_NE_E(j2,z) * (1 - S_E_KLE(j2,z)) * sigma_KLE(j2,z);
1721   
1722      Elas_Comp_IND('04_GAS',j2,z)$DEO('04_GAS',j2,z) =
1723          - (1 - S_Gas_CG(j2,z)) * sigma_ENER_coalgas(j2,z) - S_Gas_CG(j2,z) * (1 - S_CG_NE(j2,z)) * sigma_ENER_nelec(j2,z)
1724          - S_Gas_CG(j2,z) * S_CG_NE(j2,z) * (1 - S_NE_E(j2,z)) * sigma_ENER_elec(j2,z) - S_Gas_CG(j2,z) * S_CG_NE(j2,z) * S_NE_E(j2,z) * (1 - S_E_KLE(j2,z)) * sigma_KLE(j2,z);
1725   
1726      Elas_Comp_IND('03_OIL',j2,z)$DEO('03_OIL',j2,z) =
1727          - (1 - S_Oil_OP(j2,z)) * sigma_ENER_oilprod(j2,z) - S_Oil_OP(j2,z) * (1 - S_OP_NE(j2,z)) * sigma_ENER_nelec(j2,z)
1728          - S_Oil_OP(j2,z) * S_OP_NE(j2,z) * (1 - S_NE_E(j2,z)) * sigma_ENER_elec(j2,z) - S_Oil_OP(j2,z) * S_OP_NE(j2,z) * S_NE_E(j2,z) * (1 - S_E_KLE(j2,z)) * sigma_KLE(j2,z);
1729   
1730      Elas_Comp_IND('10_PETROLCOAL',j2,z)$DEO('10_PETROLCOAL',j2,z) =
1731          - (1 - S_Petrol_OP(j2,z)) * sigma_ENER_oilprod(j2,z) - S_Petrol_OP(j2,z) * (1 - S_OP_NE(j2,z)) * sigma_ENER_nelec(j2,z)
1732          - S_Petrol_OP(j2,z) * S_OP_NE(j2,z) * (1 - S_NE_E(j2,z)) * sigma_ENER_elec(j2,z) - S_Petrol_OP(j2,z) * S_OP_NE(j2,z) * S_NE_E(j2,z) * (1 - S_E_KLE(j2,z)) * sigma_KLE(j2,z);
1733   
1734      Elas_Comp_IND('18_ELEC',j2,z)$DEO('18_ELEC',j2,z) =
1735          - (1 - S_Elec_E(j2,z)) * sigma_ENER_elec(j2,z) - S_Elec_E(j2,z) * (1 - S_E_KLE(j2,z)) * sigma_KLE(j2,z);
1736   
1737      Elas_Dom_IND(ene,j,z)$DEO(ene,j,z) = - (1 - S_DOM(ene,z)) * sigma_M1(ene,z) + S_DOM(ene,z) * Elas_Comp_IND(ene,j,z);
1738      Elas_Dom_HH(ene,z)$CO(ene,z)       = - (1 - S_DOM(ene,z)) * sigma_M1(ene,z) + S_DOM(ene,z) * Elas_Comp_HH(ene,z);
1739      Elas_Dom_INV(ene,z)$INVO(ene,z)    = - (1 - S_DOM(ene,z)) * sigma_M1(ene,z) + S_DOM(ene,z) * Elas_Comp_INV(ene,z);
1740      Elas_Dom_GOV(ene,z)$CGO(ene,z)     = - (1 - S_DOM(ene,z)) * sigma_M1(ene,z) + S_DOM(ene,z) * Elas_Comp_GOV(ene,z);
1741   
1742      Elas_Total_DDO(ene,z) =
1743          SUM(j, W_IND(ene,j,z) * Elas_Dom_IND(ene,j,z))
1744          + W_HH(ene,z)  * Elas_Dom_HH(ene,z)
1745          + W_INV(ene,z) * Elas_Dom_INV(ene,z)
1746          + W_GOV(ene,z) * Elas_Dom_GOV(ene,z);
1747   
1748      Elas_EXP(ene,z)$EXTO(ene,z) = SUM(zj$EXO(ene,z,zj), (EXO(ene,z,zj)/EXTO(ene,z)) * (-sigma_M2(ene,zj)));
1749      Elas_Total_ECON(ene,z) = W_DDO(ene,z) * Elas_Total_DDO(ene,z) + W_EXTO(ene,z) * Elas_EXP(ene,z);
1750   
1751  * --------------------------------------------------------------------------
1752  * 2. Calculate error ratio at the national level (Initialize first, keep 1.0 for fuels without target)
1753  * --------------------------------------------------------------------------
1754      Adj_Ratio(ene,z) = 1.0;
1755      Adj_Ratio(ene,z)$(Elas_Total_ECON(ene,z) ne 0 and Target_ECON(ene,z) ne 0) = Target_ECON(ene,z) / Elas_Total_ECON(ene,z);
1756      Adj_Ratio(ene,z) = max(0.2, min(5.0, Adj_Ratio(ene,z)));
1757   
1758  * --------------------------------------------------------------------------
1759  * 3. Parameter Update (Reflecting high-precision industry-specific nest weights)
1760  * --------------------------------------------------------------------------
1761      sigma_M1(ene,z)$(1 - S_DOM(ene,z) > 0.05) = sigma_M1(ene,z) * (1 + step * (Adj_Ratio(ene,z) - 1));
1762  *    sigma_M2(ene,z) = sigma_M2(ene,z) * (1 + step * (Adj_Ratio(ene,z) - 1));
1763      sigma_M2(ene,z) = sigma_M1(ene,z) * (Init_sigma_M2(ene,z) / Init_sigma_M1(ene,z));
1764   
1765      LOOP(j2,
1766  * A. Derive weighted average error by nest within each industry (j2) (Follow the error of the fuel heavily consumed by the industry)
1767          Ind_Err_CG(j2,z)  = S_Coal_CG(j2,z)*Adj_Ratio('02_COAL',z) + S_Gas_CG(j2,z)*Adj_Ratio('04_GAS',z);
1768          Ind_Err_OP(j2,z)  = S_Oil_OP(j2,z)*Adj_Ratio('03_OIL',z)   + S_Petrol_OP(j2,z)*Adj_Ratio('10_PETROLCOAL',z);
1769          Ind_Err_NE(j2,z)  = S_CG_NE(j2,z)*Ind_Err_CG(j2,z)         + S_OP_NE(j2,z)*Ind_Err_OP(j2,z);
1770          Ind_Err_Tot(j2,z) = S_Elec_E(j2,z)*Adj_Ratio('18_ELEC',z)  + S_NE_E(j2,z)*Ind_Err_NE(j2,z);
1771   
1772  * B. Parameter modification (Cross-application according to mathematical partial derivative structure)
1773  * Lower nests dominate the elasticity of "minority" fuels, so track errors inversely (Cross)
1774          sigma_ENER_coalgas(j2,z) = sigma_ENER_coalgas(j2,z) * (1 + step * ( S_Coal_CG(j2,z)*Adj_Ratio('04_GAS',z) + S_Gas_CG(j2,z)*Adj_Ratio('02_COAL',z) - 1 ));
1775          sigma_ENER_oilprod(j2,z) = sigma_ENER_oilprod(j2,z) * (1 + step * ( S_Oil_OP(j2,z)*Adj_Ratio('10_PETROLCOAL',z) + S_Petrol_OP(j2,z)*Adj_Ratio('03_OIL',z) - 1 ));
1776   
1777  * Upper nests dominate the elasticity of "majority" fuels, so track the weighted average of the nest
1778          sigma_ENER_nelec(j2,z) = sigma_ENER_nelec(j2,z) * (1 + step * (Ind_Err_NE(j2,z) - 1));
1779   
1780  * Cross nest (Cross-application of errors between electricity and non-electricity)
1781          sigma_ENER_elec(j2,z) = sigma_ENER_elec(j2,z) * (1 + step * ( S_NE_E(j2,z)*Adj_Ratio('18_ELEC',z) + S_Elec_E(j2,z)*Ind_Err_NE(j2,z) - 1 ));
1782   
1783  * Top KLE elasticity tracks the integrated energy error of the entire industry
1784          sigma_KLE(j2,z) = sigma_KLE(j2,z) * (1 + (step/2) * (Ind_Err_Tot(j2,z) - 1));
1785      );
1786   
1787  * --------------------------------------------------------------------------
1788  * 4. Logical Constraints for Parameters
1789  * --------------------------------------------------------------------------
1790  *    sigma_M1(ene,z) = max(0.5, min(15.0, sigma_M1(ene,z)));
1791  *    sigma_M2(ene,z) = max(0.5, min(30.0, sigma_M2(ene,z)));
1792   
1793  *    sigma_ENER_coalgas(j,z) = max(0.5, min(3.0, sigma_ENER_coalgas(j,z)));
1794  *    sigma_ENER_oilprod(j,z) = max(0.5, min(3.0, sigma_ENER_oilprod(j,z)));
1795  *    sigma_ENER_nelec(j,z)   = max(0.5, min(3.0, sigma_ENER_nelec(j,z)));
1796  *    sigma_ENER_elec(j,z)    = max(0.5, min(3.0, sigma_ENER_elec(j,z)));
1797  *    sigma_KLE(j,z)          = max(0.5, min(3.0, sigma_KLE(j,z)));
1798   
1799      sigma_M1(ene,z) = max(0.5, min(15.0, sigma_M1(ene,z)));
1800      sigma_M2(ene,z) = max(0.5, min(30.0, sigma_M2(ene,z)));
1801      sigma_ENER_coalgas(j,z) = max(0.5, min(3.0, sigma_ENER_coalgas(j,z)));
1802      sigma_ENER_oilprod(j,z) = max(0.5, min(3.0, sigma_ENER_oilprod(j,z)));
1803      sigma_ENER_nelec(j,z)   = max(0.5, min(3.0, sigma_ENER_nelec(j,z)));
1804      sigma_ENER_elec(j,z)    = max(0.5, min(3.0, sigma_ENER_elec(j,z)));
1805      sigma_KLE(j,z)          = max(0.5, min(3.0, sigma_KLE(j,z)));
1806   
1807  * [2단계] 대체탄력성 1.0 부근(0.9 ~ 1.1) 회피 조건 추가 (Deadzone 설정)
1808  * 값이 0.9 초과 1.0 이하인 경우 0.9로 고정
1809  * 값이 1.0 초과 1.1 미만인 경우 1.1로 고정
1810   
1811      sigma_M1(ene,z)$(sigma_M1(ene,z) > 0.9 and sigma_M1(ene,z) <= 1.0) = 0.9;
1812      sigma_M1(ene,z)$(sigma_M1(ene,z) > 1.0 and sigma_M1(ene,z) <  1.1) = 1.1;
1813   
1814      sigma_M2(ene,z)$(sigma_M2(ene,z) > 0.9 and sigma_M2(ene,z) <= 1.0) = 0.9;
1815      sigma_M2(ene,z)$(sigma_M2(ene,z) > 1.0 and sigma_M2(ene,z) <  1.1) = 1.1;
1816   
1817      sigma_ENER_coalgas(j,z)$(sigma_ENER_coalgas(j,z) > 0.9 and sigma_ENER_coalgas(j,z) <= 1.0) = 0.9;
1818      sigma_ENER_coalgas(j,z)$(sigma_ENER_coalgas(j,z) > 1.0 and sigma_ENER_coalgas(j,z) <  1.1) = 1.1;
1819   
1820      sigma_ENER_oilprod(j,z)$(sigma_ENER_oilprod(j,z) > 0.9 and sigma_ENER_oilprod(j,z) <= 1.0) = 0.9;
1821      sigma_ENER_oilprod(j,z)$(sigma_ENER_oilprod(j,z) > 1.0 and sigma_ENER_oilprod(j,z) <  1.1) = 1.1;
1822   
1823      sigma_ENER_nelec(j,z)$(sigma_ENER_nelec(j,z) > 0.9 and sigma_ENER_nelec(j,z) <= 1.0) = 0.9;
1824      sigma_ENER_nelec(j,z)$(sigma_ENER_nelec(j,z) > 1.0 and sigma_ENER_nelec(j,z) <  1.1) = 1.1;
1825   
1826      sigma_ENER_elec(j,z)$(sigma_ENER_elec(j,z) > 0.9 and sigma_ENER_elec(j,z) <= 1.0) = 0.9;
1827      sigma_ENER_elec(j,z)$(sigma_ENER_elec(j,z) > 1.0 and sigma_ENER_elec(j,z) <  1.1) = 1.1;
1828   
1829      sigma_KLE(j,z)$(sigma_KLE(j,z) > 0.9 and sigma_KLE(j,z) <= 1.0) = 0.9;
1830      sigma_KLE(j,z)$(sigma_KLE(j,z) > 1.0 and sigma_KLE(j,z) <  1.1) = 1.1;
1831   
1832  );
1833   
1834  * ==============================================================================
1835  * [ADDITION] Generate consolidated report for elasticity parameter changes
1836  * ==============================================================================
1837  PARAMETER Report_sigma_M1(ene,z,eval_sig) "Report for Armington sigma_M1 changes";
1838  PARAMETER Report_sigma_M2(ene,z,eval_sig) "Report for Armington sigma_M2 changes";
1839  PARAMETER Report_sigma_IND(j,z,sig_type,eval_sig) "Report for Industry nest sigma changes";
1840   
1841  * 1. Generate report for sigma_M1
1842  Report_sigma_M1(ene,z,'Initial') = Init_sigma_M1(ene,z);
1843  Report_sigma_M1(ene,z,'Final')   = sigma_M1(ene,z);
1844  Report_sigma_M1(ene,z,'Diff')    = sigma_M1(ene,z) - Init_sigma_M1(ene,z);
1845   
1846  Report_sigma_M2(ene,z,'Initial') = Init_sigma_M2(ene,z);
1847  Report_sigma_M2(ene,z,'Final')   = sigma_M2(ene,z);
1848  Report_sigma_M2(ene,z,'Diff')    = sigma_M2(ene,z) - Init_sigma_M2(ene,z);
1849   
1850  * 2. Generate consolidated report for industry-specific elasticities
1851  Report_sigma_IND(j,z,'s_coalgas','Initial') = Init_sigma_IND(j,z,'s_coalgas');
1852  Report_sigma_IND(j,z,'s_coalgas','Final')   = sigma_ENER_coalgas(j,z);
1853  Report_sigma_IND(j,z,'s_coalgas','Diff')    = sigma_ENER_coalgas(j,z) - Init_sigma_IND(j,z,'s_coalgas');
1854   
1855  Report_sigma_IND(j,z,'s_oilprod','Initial') = Init_sigma_IND(j,z,'s_oilprod');
1856  Report_sigma_IND(j,z,'s_oilprod','Final')   = sigma_ENER_oilprod(j,z);
1857  Report_sigma_IND(j,z,'s_oilprod','Diff')    = sigma_ENER_oilprod(j,z) - Init_sigma_IND(j,z,'s_oilprod');
1858   
1859  Report_sigma_IND(j,z,'s_nelec','Initial') = Init_sigma_IND(j,z,'s_nelec');
1860  Report_sigma_IND(j,z,'s_nelec','Final')   = sigma_ENER_nelec(j,z);
1861  Report_sigma_IND(j,z,'s_nelec','Diff')    = sigma_ENER_nelec(j,z) - Init_sigma_IND(j,z,'s_nelec');
1862   
1863  Report_sigma_IND(j,z,'s_elec','Initial') = Init_sigma_IND(j,z,'s_elec');
1864  Report_sigma_IND(j,z,'s_elec','Final')   = sigma_ENER_elec(j,z);
1865  Report_sigma_IND(j,z,'s_elec','Diff')    = sigma_ENER_elec(j,z) - Init_sigma_IND(j,z,'s_elec');
1866   
1867  Report_sigma_IND(j,z,'s_kle','Initial') = Init_sigma_IND(j,z,'s_kle');
1868  Report_sigma_IND(j,z,'s_kle','Final')   = sigma_KLE(j,z);
1869  Report_sigma_IND(j,z,'s_kle','Diff')    = sigma_KLE(j,z) - Init_sigma_IND(j,z,'s_kle');
1870   
1871  Report_Elas(ene,z,'Initial') = Initial_Elas_ECON(ene,z);
1872  Report_Elas(ene,z,'Final')   = Elas_Total_ECON(ene,z);
1873  Report_Elas(ene,z,'Target')  = Target_ECON(ene,z);
1874   
1875  * Display results in the .lst file
1876  DISPLAY Report_sigma_M1, Report_sigma_IND;
1877  *$Offtext
1878   
1879  *==============================================================================
1880  * Calibration of function parameters
1881  *==============================================================================
1882   io(j,z)$XSTO(j,z)         = CIO(j,z) / XSTO(j,z);
1883   io2(j,z)$XSTO(j,z)        = CEO(j,z) / XSTO(j,z);
1884   v(j,z)$XSTO(j,z)          = VAO(j,z) / XSTO(j,z);
1885   v2(j,z)$XSTO(j,z)         = (CEO(j,z) + VAO(j,z)) / XSTO(j,z);
1886   
1887   aij(nene,j,z)$XSTO(j,z)   = DIO(nene,j,z) / CIO(j,z);
1888   aij2(ene,j,z)$XSTO(j,z)   = DEO(ene,j,z) / CEO(j,z);
1889   aij_t(nene,j,z,time)        = aij(nene,j,z);
1890   aij2_t(ene,j,z,time)        = aij2(ene,j,z);
1891   
1892  *==============================================================================
1893  * Calibration of CET parameters
1894  *==============================================================================
1895   rho_X1(i,z) = (1 + sigma_X1(i,z)) / sigma_X1(i,z);
1896   
1897   beta_EX_X1(i,z)$MRGNO(i,z)
1898      = [ PETO(i,z) * EXTO(i,z)$EXTO(i,z)**(1 - rho_X1(i,z)) ] /
1899        [ PETO(i,z) * EXTO(i,z)$EXTO(i,z)**(1 - rho_X1(i,z))
1900        + PLO(i,z)  * DSO_I(i,z)**(1 - rho_X1(i,z))
1901        + eO(z)     * PWMGO(i) * MRGNO(i,z)$MRGNO(i,z)**(1 - rho_X1(i,z)) ];
1902   
1903   beta_EX_X1(i,z)$(MRGNO(i,z) eq 0)
1904      = [ PETO(i,z) * EXTO(i,z)$EXTO(i,z)**(1 - rho_X1(i,z)) ] /
1905        [ PETO(i,z) * EXTO(i,z)$EXTO(i,z)**(1 - rho_X1(i,z))
1906        + PLO(i,z)  * DSO_I(i,z)**(1 - rho_X1(i,z)) ];
1907   
1908   beta_D_X1(i,z)$MRGNO(i,z)
1909      = [ PLO(i,z) * DSO_I(i,z)**(1 - rho_X1(i,z)) ] /
1910        [ PETO(i,z) * EXTO(i,z)**(1 - rho_X1(i,z))
1911        + PLO(i,z)  * DSO_I(i,z)**(1 - rho_X1(i,z))
1912        + eO(z)     * PWMGO(i) * MRGNO(i,z)**(1 - rho_X1(i,z)) ];
1913   
1914   beta_D_X1(i,z)$(MRGNO(i,z) eq 0)
1915      = [ PLO(i,z) * DSO_I(i,z)**(1 - rho_X1(i,z)) ] /
1916        [ PETO(i,z) * EXTO(i,z)**(1 - rho_X1(i,z))
1917        + PLO(i,z)  * DSO_I(i,z)**(1 - rho_X1(i,z)) ];
1918   
1919   B_X1(i,z)
1920      = XSO_I(i,z) /
1921        [ beta_EX_X1(i,z) * EXTO(i,z)**rho_X1(i,z)
1922        + beta_D_X1(i,z)  * DSO_I(i,z)**rho_X1(i,z)
1923        + (1 - beta_EX_X1(i,z) - beta_D_X1(i,z)) * MRGNO(i,z)**rho_X1(i,z)
1924        ]**(1 / rho_X1(i,z));
1925   
1926  *==============================================================================
1927  * CET between exports to different trading partners
1928  *==============================================================================
1929   rho_X2(i,z) = (1 + sigma_X2(i,z)) / sigma_X2(i,z);
1930   
1931   beta_X2(i,z,zj)$EXO(i,z,zj)
1932      = [ PEO(i,z,zj) * EXO(i,z,zj)**(1 - rho_X2(i,z)) ] /
1933        SUM[zjj$EXO(i,z,zjj), PEO(i,z,zjj) * EXO(i,z,zjj)**(1 - rho_X2(i,z)) ];
1934   
1935   B_X2(i,z)
1936      = EXTO(i,z) /
1937        { SUM[zj, beta_X2(i,z,zj) * EXO(i,z,zj)**rho_X2(i,z)]**(1 / rho_X2(i,z)) };
1938   
1939  *==============================================================================
1940  * Calibration of CES parameters
1941  *==============================================================================
1942   rho_X3(i,z) = (1 - sigma_X3(i,z)) / sigma_X3(i,z);
1943   
1944   beta_X3(j,i,z)$XSO(j,i,z)
1945      = [ PO2(j,i,z) * XSO(j,i,z)**(1 + rho_X3(i,z)) ] /
1946        SUM[jj$XSO(jj,i,z), PO2(jj,i,z) * XSO(jj,i,z)**(1 + rho_X3(i,z)) ];
1947   
1948   B_X3(i,z)
1949      = XSO_I(i,z) /
1950        SUM[jj$XSO(jj,i,z), beta_X3(jj,i,z) * XSO(jj,i,z)**(-rho_X3(i,z))]**(-1 / rho_X3(i,z));
1951   
1952  * Electricity
1953   QPOWERO(z) = SUM(POWER, XSO(power,'18_ELEC',z));
1954   rho_X4(z)  = (1 - sigma_X4(z)) / sigma_X4(z);
1955   
1956   beta_X4(power,z)
1957      = [ PO2(power,'18_ELEC',z) * XSO(power,'18_ELEC',z)**(1 + rho_X4(z)) ] /
1958        SUM[powerr$XSO(powerr,'18_ELEC',z), PO2(powerr,'18_ELEC',z) * XSO(powerr,'18_ELEC',z)**(1 + rho_X4(z)) ];
1959   
1960   B_X4(z)
1961      = QPOWERO(z) /
1962        SUM[powerr$XSO(powerr,'18_ELEC',z), beta_X4(powerr,z) * XSO(powerr,'18_ELEC',z)**(-rho_X4(z))]**(-1 / rho_X4(z));
1963   
1964   TnDShare(z) = XSO('18_TnD','18_ELEC',z) / XSO_I('18_ELEC',z);
1965   
1966  *Backstop
1967  LOOP(MAP_BS(bs, conv, I_BS),
1968   
1969      QBSO(bs, Z_GRN) = XSO(conv, I_BS, Z_GRN) + XSO(bs, I_BS, Z_GRN);
1970   
1971      rho_BS(bs, Z_GRN) = (1 - sigma_BS(bs, Z_GRN)) / sigma_BS(bs, Z_GRN);
1972   
1973      beta_BS(conv, I_BS, Z_GRN)
1974          = [ PO2(conv, I_BS, Z_GRN) * XSO(conv, I_BS, Z_GRN)**(1 + rho_BS(bs, Z_GRN)) ] /
1975            ( [ PO2(conv, I_BS, Z_GRN) * XSO(conv, I_BS, Z_GRN)**(1 + rho_BS(bs, Z_GRN)) ] +
1976              [ PO2(bs, I_BS, Z_GRN) * XSO(bs, I_BS, Z_GRN)**(1 + rho_BS(bs, Z_GRN)) ] );
1977   
1978      beta_BS(bs, I_BS, Z_GRN)
1979          = [ PO2(bs, I_BS, Z_GRN) * XSO(bs, I_BS, Z_GRN)**(1 + rho_BS(bs, Z_GRN)) ] /
1980            ( [ PO2(conv, I_BS, Z_GRN) * XSO(conv, I_BS, Z_GRN)**(1 + rho_BS(bs, Z_GRN)) ] +
1981              [ PO2(bs, I_BS, Z_GRN) * XSO(bs, I_BS, Z_GRN)**(1 + rho_BS(bs, Z_GRN)) ] );
1982   
1983      B_BS(bs, Z_GRN)
1984          = QBSO(bs, Z_GRN) /
1985            ( beta_BS(conv, I_BS, Z_GRN) * XSO(conv, I_BS, Z_GRN)**(-rho_BS(bs, Z_GRN)) +
1986              beta_BS(bs, I_BS, Z_GRN) * XSO(bs, I_BS, Z_GRN)**(-rho_BS(bs, Z_GRN)) )**(-1 / rho_BS(bs, Z_GRN));
1987   
1988      beta_BS_t(conv, I_BS, Z_GRN, time) = beta_BS(conv, I_BS, Z_GRN);
1989      beta_BS_t(bs, I_BS, Z_GRN, time)   = beta_BS(bs, I_BS, Z_GRN);
1990  );
1991   
1992  *==============================================================================
1993  * Composite good
1994  *==============================================================================
1995   rho_M1(i,z) = (1 - sigma_M1(i,z)) / sigma_M1(i,z);
1996   
1997   beta_M1(i,z)
1998      = PMTO(i,z) * IMTO(i,z)**(rho_M1(i,z) + 1) /
1999        { PDO(i,z)  * DDO(i,z)**(rho_M1(i,z) + 1)
2000        + PMTO(i,z) * IMTO(i,z)**(rho_M1(i,z) + 1) };
2001   
2002   B_M1(i,z)
2003      = QO(i,z) /
2004        { beta_M1(i,z) * IMTO(i,z)**(-rho_M1(i,z))
2005        + (1 - beta_M1(i,z)) * DDO(i,z)**(-rho_M1(i,z)) }**(-1 / rho_M1(i,z));
2006   
2007  *==============================================================================
2008  * CES between imports from different trading partners
2009  *==============================================================================
2010   rho_M2(i,z) = (1 - sigma_M2(i,z)) / sigma_M2(i,z);
2011   
2012   beta_M2(i,zj,z)$IMO(i,zj,z)
2013      = [ PMO(i,zj,z) * IMO(i,zj,z)**(rho_M2(i,z) + 1) ] /
2014        SUM[zjj$IMO(i,zjj,z), PMO(i,zjj,z) * IMO(i,zjj,z)**(rho_M2(i,z) + 1) ];
2015   
2016   B_M2(i,z)
2017      = IMTO(i,z) /
2018        { SUM[zj$IMO(i,zj,z), beta_M2(i,zj,z) * IMO(i,zj,z)**(-rho_M2(i,z))]**(-1 / rho_M2(i,z)) };
2019   
2020  *==============================================================================
2021  * Composite capital
2022  *==============================================================================
2023   rho_KD(j,z) = (1 - sigma_KD(j,z)) / sigma_KD(j,z);
2024   
2025   beta_KD(k,j,z)$KDO(k,j,z)
2026      = [ RTIO(k,j,z) * KDO(k,j,z)**(1 + rho_KD(j,z)) ] /
2027        SUM[kj$KDO(kj,j,z), RTIO(kj,j,z) * KDO(kj,j,z)**(1 + rho_KD(j,z)) ];
2028   
2029   B_KD(j,z)$KDCO(j,z)
2030      = KDCO(j,z) /
2031        { SUM[k$KDO(k,j,z), beta_KD(k,j,z) * KDO(k,j,z)**(-rho_KD(j,z))]**(-1 / rho_KD(j,z)) };
2032   
2033  *===============================================================================
2034  * Composite E
2035  *===============================================================================
2036  * Level 5_1 (Coal/Gas)
2037   rho_ENER_coalgas(j2,z) = (1 - sigma_ENER_coalgas(j2,z)) / sigma_ENER_coalgas(j2,z);
2038   
2039   beta_ENER_coalgas(ene5,j2,z)
2040      = [ PO4(ene5,j2,z) * DEO(ene5,j2,z)**(1 + rho_ENER_coalgas(j2,z)) ] /
2041        SUM[enee5, PO4(enee5,j2,z) * DEO(enee5,j2,z)**(1 + rho_ENER_coalgas(j2,z)) ];
2042   
2043   B_ENER_coalgas(j2,z)
2044      = DEcoalgasO(j2,z) /
2045        { SUM[ene5, beta_ENER_coalgas(ene5,j2,z) * DEO(ene5,j2,z)**(-rho_ENER_coalgas(j2,z))] }**(-1 / rho_ENER_coalgas(j2,z));
2046   
2047  * Level 5_2 (Oil/Petrol)
2048   rho_ENER_oilprod(j2,z) = (1 - sigma_ENER_oilprod(j2,z)) / sigma_ENER_oilprod(j2,z);
2049   
2050   beta_ENER_oilprod(ene6,j2,z)
2051      = [ PO4(ene6,j2,z) * DEO(ene6,j2,z)**(1 + rho_ENER_oilprod(j2,z)) ] /
2052        SUM[enee6, PO4(enee6,j2,z) * DEO(enee6,j2,z)**(1 + rho_ENER_oilprod(j2,z)) ];
2053   
2054   B_ENER_oilprod(j2,z)
2055      = DEoilpetrolO(j2,z) /
2056        { SUM[ene6, beta_ENER_oilprod(ene6,j2,z) * DEO(ene6,j2,z)**(-rho_ENER_oilprod(j2,z))] }**(-1 / rho_ENER_oilprod(j2,z));
2057   
2058  * Level 4 (Coal-Gas / Oil-Petrol)
2059   rho_ENER_nelec(j2,z) = (1 - sigma_ENER_nelec(j2,z)) / sigma_ENER_nelec(j2,z);
2060   
2061   beta_ENER_nelec(j2,z)
2062      = PCEcoalgasO(j2,z) * DEcoalgasO(j2,z)**(rho_ENER_nelec(j2,z) + 1) /
2063        { PCEcoalgasO(j2,z) * DEcoalgasO(j2,z)**(rho_ENER_nelec(j2,z) + 1)
2064        + PCEoilpetrolO(j2,z) * DEoilpetrolO(j2,z)**(rho_ENER_nelec(j2,z) + 1) };
2065   
2066   B_ENER_nelec(j2,z)
2067      = DEnelecO(j2,z) /
2068        { [ beta_ENER_nelec(j2,z) * DEcoalgasO(j2,z)**(-rho_ENER_nelec(j2,z))
2069          + (1 - beta_ENER_nelec(j2,z)) * DEoilpetrolO(j2,z)**(-rho_ENER_nelec(j2,z)) ] }**(-1 / rho_ENER_nelec(j2,z));
2070   
2071  * Level 2 (Elec / Non-Elec)
2072   rho_ENER_elec(j2,z) = (1 - sigma_ENER_elec(j2,z)) / sigma_ENER_elec(j2,z);
2073   
2074   beta_ENER_elec(j2,z)
2075      = PCEelecO(j2,z) * DEelecO(j2,z)**(rho_ENER_elec(j2,z) + 1) /
2076        { PCEelecO(j2,z) * DEelecO(j2,z)**(rho_ENER_elec(j2,z) + 1)
2077        + PCEnelecO(j2,z) * DEnelecO(j2,z)**(rho_ENER_elec(j2,z) + 1) };
2078   
2079   B_ENER_elec(j2,z)
2080      = CEO(j2,z) /
2081        { [ beta_ENER_elec(j2,z) * DEelecO(j2,z)**(-rho_ENER_elec(j2,z))
2082          + (1 - beta_ENER_elec(j2,z)) * DEnelecO(j2,z)**(-rho_ENER_elec(j2,z)) ] }**(-1 / rho_ENER_elec(j2,z));
2083   
2084  *==============================================================================
2085  * Value added
2086  *==============================================================================
2087   rho_VA(j,z) = (1 - sigma_VA(j,z)) / sigma_VA(j,z);
2088   
2089   beta_VA(j,z)$KDCO(j,z)
2090      = WCO(j,z) * LDCO(j,z)**(rho_VA(j,z) + 1) /
2091        { WCO(j,z) * LDCO(j,z)**(rho_VA(j,z) + 1)
2092        + RCO(j,z) * KDCO(j,z)**(rho_VA(j,z) + 1) };
2093   
2094   B_VA(j,z)$KDCO(j,z)
2095      = VAO(j,z) /
2096        { [ beta_VA(j,z) * LDCO(j,z)**(-rho_VA(j,z))
2097          + (1 - beta_VA(j,z)) * KDCO(j,z)**(-rho_VA(j,z)) ] }**(-1 / rho_VA(j,z));
2098   
2099   B_VA_t(j,z,time) = B_VA(j,z);
2100   
2101  *==============================================================================
2102  * Calibration of VAT nest for ALL Backstop Sectors (BS)
2103  *==============================================================================
2104  rho_VAT(BS, Z_GRN)   = (1 - sigma_VAT(BS, Z_GRN)) / sigma_VAT(BS, Z_GRN);
2105   
2106   beta_VAT(BS, Z_GRN)
2107      = ( PVAO(BS, Z_GRN) * VAO(BS, Z_GRN)**(1 + rho_VAT(BS, Z_GRN)) ) /
2108        ( PVAO(BS, Z_GRN) * VAO(BS, Z_GRN)**(1 + rho_VAT(BS, Z_GRN))
2109        + PTSFO(BS, Z_GRN) * TSFO(BS, Z_GRN)**(1 + rho_VAT(BS, Z_GRN)) );
2110   
2111   B_VAT(BS, Z_GRN)
2112      = VATO(BS, Z_GRN) /
2113        ( beta_VAT(BS, Z_GRN) * VAO(BS, Z_GRN)**(-rho_VAT(BS, Z_GRN))
2114        + (1 - beta_VAT(BS, Z_GRN)) * TSFO(BS, Z_GRN)**(-rho_VAT(BS, Z_GRN)) )**(-1 / rho_VAT(BS, Z_GRN));
2115   
2116   v_vat(BS, Z_GRN)     = VATO(BS, Z_GRN) / XSTO(BS, Z_GRN);
2117   
2118   B_VAT_t(BS, Z_GRN, time) = B_VAT(BS, Z_GRN);
2119   
2120  *==============================================================================
2121  * Composite KLE
2122  *==============================================================================
2123   rho_KLE(j,z) = (1 - sigma_KLE(j,z)) / sigma_KLE(j,z);
2124   
2125   beta_KLE(j,z)$KLEO(j,z)
2126      = PVAO(j,z) * VAO(j,z)**(rho_KLE(j,z) + 1) /
2127        { PVAO(j,z) * VAO(j,z)**(rho_KLE(j,z) + 1)
2128        + PCEO(j,z) * CEO(j,z)**(rho_KLE(j,z) + 1) };
2129   
2130   beta_KLE2(j,z)$KLEO(j,z)
2131      = 1 - beta_KLE(j,z);
2132   
2133   B_KLE(j,z)$KLEO(j,z)
2134      = KLEO(j,z) /
2135        { [ beta_KLE(j,z) * VAO(j,z)**(-rho_KLE(j,z))
2136          + beta_KLE2(j,z) * CEO(j,z)**(-rho_KLE(j,z)) ] }**(-1 / rho_KLE(j,z));
2137   
2138  *==============================================================================
2139  * Calibration of gross domestic products
2140  *==============================================================================
2141  GDP_BPO(z)     = SUM[j, PVAO(j,z) * VAO(j,z)] + SUM[BS, PTSFO(BS,z) * TSFO(BS,z)] + TIPTO(z);
2142   GDP_MPO(z)     = GDP_BPO(z) + TPRCTSO(z);
2143   
2144  GDP_IBO(z)
2145      = SUM[(j), WO(z) * LDO(j,z)]
2146      + SUM[(k,j), RO(k,j,z) * KDO(k,j,z)]
2147      + SUM[BS, PTSFO(BS,z) * TSFO(BS,z)]
2148      + TPRODNO(z)
2149      + TPRCTSO(z);
2150   
2151   GDP_FDO(z)
2152      = SUM[i, PCO(i,z) * (CO(i,z) + CGO(i,z) + INVO(i,z))]
2153      + eO(z) * SUM[(i,zj), PWXO(i,z,zj) * EXO(i,z,zj)]
2154      + eO(z) * SUM[i, PWMGO(i) * MRGNO(i,z)]
2155      - eO(z) * SUM[(i,zj), IMO(i,zj,z) * (PWMO(i,zj,z) + SUM{ij, PWMGO(ij) * tmrg(ij,i,zj,z)})];
2156   
2157   GDP_BP_WO      = SUM[z, GDP_BPO(z) / eO(z)];
2158   
2159  *==============================================================================
2160  * Calibration of real (volume) variables computed from price indices
2161  *==============================================================================
2162   CABXO(z)       = CABO(z) / [PIXGDP_WO * eO(z)];
2163   
2164   CABXsur(z,T1)  = CABXO(z)$[CABXO(z) gt 0];
2165   CABXdef(z,T1)  = CABXO(z)$[CABXO(z) lt 0];
2166   
2167   CABXsur(z,time)$[ord(time) gt 1] = CABXO(z) * (1 + g_GDP(z,time))$[CABXO(z) gt 0];
2168   CABXdef(z,time)$[ord(time) gt 1] = CABXO(z) * (1 + g_GDP(z,time))$[CABXO(z) lt 0];
2169   
2170   Bal(time)      = SUM(zj, CABXsur(zj,time)) + SUM(zj, CABXdef(zj,time));
2171   
2172   mu(time)       = SUM(zj, CABXsur(zj,time)) /
2173                    { SUM(zj, CABXsur(zj,time)) + SUM(zj, ABS(CABXdef(zj,time))) };
2174   
2175   CABXsur(z,time) = CABXsur(z,time) * { 1 - mu(time) * Bal(time) / SUM(zj, CABXsur(zj,time)) };
2176   CABXdef(z,time) = CABXdef(z,time) * { 1 - [1 - mu(time)] * Bal(time) / SUM(zj, CABXdef(zj,time)) };
2177   CABix(z,time)   = [ CABXsur(z,time) + CABXdef(z,time) ] / CABXO(z);
2178   
2179   CTH_REALO(z)   = CTHO(z) / PIXCONO(z);
2180   G_REALO(z)     = GO(z) / PIXGVTO(z);
2181   GDP_BP_REALO(z)= GDP_BPO(z) / PIXGDPO(z);
2182   GDP_BP_W_REALO = GDP_BP_WO / PIXGDP_WO;
2183   GDP_MP_REALO(z)= GDP_MPO(z) / PIXCONO(z);
2184   IT_REALO(z)    = ITO(z) / PIXINVO(z);
2185   
2186   sh1O(z)        = [SHO(z) + SGO(z)] / GDP_IBO(z);
2187   sh0O(z)        = SHO(z) - sh1O(z) * YDHO(z);
2188   
2189   sh0O(z)        = sh0O(z) / PIXCONO(z)**eta;
2190   ttdh0O(z)      = ttdh0O(z) / PIXCONO(z)**eta;
2191   
2192   OBJO           = 1;
2193   growthz(z)    = 0.02;
2194   
2195  *==============================================================================
2196  * Energy & CO2 emission
2197  *==============================================================================
INCLUDE    C:\Users\kimc0\GUIDE_GLOBAL_CGE\10. NEA_Integrated Carbon Market(ICM)\S5_NEAICM_ALL_NZ\DATA_WEB_2024.gms
2199  Set flow, commodity
2200   
2201  flow flow
2202  /
2203  f1_INDPROD      Production
2204  f2_IMPORTS      Imports
2205  f3_EXPORTS      Exports
2206  f4_MARBUNK      International marine bunkers
2207  f5_AVBUNK       International aviation bunkers
2208  f6_STOCKCHA     Stock changes
2209  f7_TES          Total energy supply
2210  f8_TRANSFER     Transfers
2211  f9_STATDIFF     Statistical differences
2212  f10_TOTTRANF    Transformation process
2213  f11_MAINELEC    Main activity producer electricity plants
2214  f12_AUTOELEC    Autoproducer electricity plants
2215  f13_MAINCHP     Main activity producer CHP plants
2216  f14_AUTOCHP     Autoproducer CHP plants
2217  f15_MAINHEAT    Main activity producer heat plants
2218  f16_AUTOHEAT    Autoproducer heat plants
2219  f17_THEAT       Heat pumps
2220  f19_TBOILER     Electric boilers
2221  f18_TELE        Chemical heat for electricity production
2222  f20_TBLASTFUR   Blast furances
2223  f21_TGASWKS     Gas works
2224  f22_TCOKEOVS    Coke ovens
2225  f23_TPATFUEL    Patent fuel plants
2226  f24_TBKB        BKB peat briquettes
2227  f25_TREFINER    Oil refineries
2228  f26_TPETCHEM    Petrochemical plants
2229  f27_TCOALLIQ    Coal liquefaction
2230  f28_TGTL        Gas-to-liquids plants
2231  f29_TBLENDGAS   For blened natural gas
2232  f30_TCHARCOAL   Charocal production plants
2233  f31_TNONSPEC    Non-specific transformation
2234  f32_TOTENGY     Energy industry own use
2235  f33_EMINES      Coal mines
2236  f34_EOILGASEX   Oil and gas extraction
2237  f35_EBLASTFUR   Blast furances
2238  f36_EGASWKS     Gas works
2239  f37_EBIOGAS     Gasfication plants for biogases
2240  f38_ECOKEOVS    Coke ovens
2241  f39_EPATFUEL    Patent fuel plants
2242  f40_EBKB        BKB peat briquettes
2243  f41_EREFINER    Oil refineries
2244  f42_ECOALLIQ    Coal liquefaction plants
2245  f43_ELNG        Liqefaction regasification plants
2246  f44_EGTL        Gas to liquids plants
2247  f45_EPOWERPLT   Own use in electricity CHP and heat plants
2248  f46_EPUMPST     Pumped storage plants
2249  f47_ENUC        Nuclear industry
2250  f48_ECHARCOAL   Charcoal production plants
2251  f49_ENONSPEC    Non specified
2252  f50_DISTLOSS    Losses
2253  f51_TFC         Total final consumption
2254  f52_AGRICULT    Agriculture forestry
2255  f53_FISHING     Fishing
2256  f54_MINING      Mining and quarrying
2257  f55_FOODPRO     Food and tobacco
2258  f56_TEXTILES    Textile and leather
2259  f57_WOODPRO     Wood and wood products
2260  f58_PAPERPRO    Paper pulp and print
2261  f59_CHEMICAL    Chemical and petrochemical
2262  f60_NONMET      Non metallic minerals
2263  f61_IRONSTL     Iron and steel
2264  f62_NONFERR     Non ferrous metals
2265  f63_MACHINE     Machinery
2266  f64_TRANSEQ     Transport equipment
2267  f65_INONSPEC    Industry not elsewhere specified
2268  f66_CONSTRUC    Construction
2269  f67_COMMPUB     Commerical and public services
2270  f68_ONONSPEC    Final consumption not elsewhere specified
2271  f69_RESIDENT    Residential
2272  f70_ROAD        Road
2273  f71_RAIL        Rail
2274  f72_DOMESAIR    Domestic aviation
2275  f73_DOMESNAV    Domestic navigation
2276  f74_PIPELINE    Pipeline transport
2277  f75_TRNONSPE    Transport not elsewhere
2278  f76_NEMINING    Non energy use in mining and quarrying
2279  f77_NEFOODPRO   Non energy use in food beverages tobacco
2280  f78_NETEXTILES  Non energy use in textiles and leather
2281  f79_NEWOODPRO   Non energy use in wood and wood products
2282  f80_NEPAPERPRO  Non energy use in paper pulp and printing
2283  f81_NECHEM      Non energy use in chemical petrochemical
2284  f82_NENONMET    Non energy use in non metallic minerals
2285  f83_NEIRONSTL   Non energy use in iron and steel
2286  f84_NENONFERR   Non energy use in non ferrous metals
2287  f85_NEMACHINE   Non energy use in machinery
2288  f86_NETRANSEQ   Non energy use in transport equipment
2289  f87_NEINONSPEC  Non energy use in non specified industry
2290  f88_NECONSTRUC  Non energy use in construction
2291  f89_NEOTHER     Non energy use in other residential commerical public services agriculture forestry and fishing
2292  f90_NETRANS     Non energy use in transport
2293  f91_TOTIND      Industry
2294  f92_MANUFACT    Mnaufacturing
2295  f93_TOTTRANS    Transport
2296  f94_NONENUSE    Non energy use
2297  f95_NEINTREN    Non energy use industry transformation energy
2298  f96_NEIND       Non energy use in industry
2299  f97_WORLDAV     World aviation bunkers
2300  f98_WORLDMAR    World marine bunkers
2301  f99_ELOUTPUT    Electrictiy output GWh
2302  f100_ELMAINE    Electrictiy output GWh main activity producer electrictiy plants
2303  f101_ELAUTOE    Electrictiy output GWh autoproducer electricity plants
2304  f102_ELMAINC    Electrictiy output GWh main activty producer CHP plants
2305  f103_ELAUTOC    Electrictiy output GWh autoproducer CHP plants
2306  f104_HEATOUT    Heat output
2307  f105_HEMAINC    Heat output main activity producer CHP plants
2308  f106_HEAUTOC    Heat output autoproducer CHP plants
2309  f107_HEMAINH    Heat output main activity producer heat plants
2310  f108_HEAUTOH    Heat output autoproducer heat plants
2311  /
2312   
2313  product energy product
2314  /
2315  p1_HARDCOAL      Hard coal
2316  p2_BROWN         Brown coal
2317  p3_ANTCOAL       Anthracite
2318  p4_COKCOAL       Coking coal
2319  p5_BITCOAL       Other bittuminous coal
2320  p6_SUBCOAL       Sub-bituminous coal
2321  p7_LIGNITE       Lignite
2322  p8_PATFUEL       Patent fuel
2323  p9_OVENCOKE      Coke oven coke
2324  p10_GASCOKE      Gas coke
2325  p11_COALTAR      Coal tar
2326  p12_BKB          Brown coal briquettes
2327  p13_GASWKSGS     Gas works gas
2328  p14_COKEOVGS     Coke oven gas
2329  p15_BLFURGS      Blast furnace gas
2330  p16_OGASES       Other recovered gases
2331  p17_PEAT         Peat
2332  p18_PEATPROD     Peat products
2333  p19_OILSHALE     Oil shale and oil sands
2334  p20_NATGAS       Natural gas
2335  p21_CRNGFEED     Crude NGL feedstock
2336  p22_CRUDEOIL     Curde oil
2337  p23_NGL          Natural gas liquids
2338  p24_REFFEEDS     Refinery feedstocks
2339  p25_ADDITIVE     Addtitives blending components
2340  p26_NONCRUDE     Other hydrocarbons
2341  p27_REFINGAS     Refinery gas
2342  p28_ETHANE       Ethane
2343  p29_LPG          Liquefied petroleum gases(LPG)
2344  p30_NONBIOGASO   Motor gasoline (excl. biofuels)
2345  p31_AVGAS        Aviation gasoline
2346  p32_JETGAS       Jet fuel Gasoline tpye
2347  p33_NONBIOJETK   Jet fuel Kerosene type (excl. biofuels)
2348  p34_OTHKERO      Kerosene
2349  p35_NONBIODIES   Diesel oil (excl. biofuels)
2350  p36_RESFUEL      Fuel oil
2351  p37_NAPHTHA      Naphtha
2352  p38_WHITESP      Solvent (White spirit and industrial sprit SBP)
2353  p39_LUBRIC       Lubricants
2354  p40_BITUMEN      Bitumen (Asphalt)
2355  p41_PARWAX       Paraffin waxes
2356  p42_PETCOKE      Petroleum coke
2357  p43_ONONSPEC     Other oil products
2358  p44_INDWASTE     Industrial waste
2359  p45_MUNWASTER    Municipal waste(renewable)
2360  p46_MUNWASTEN    Municipal waste(non-renewable)
2361  p47_PRIMSBIO     Primary solid biofuels
2362  p48_BIOGASES     Biogases
2363  p49_BIOGASOL     Biogasoline
2364  p50_BIODIESEL    Biodiesels
2365  p51_BIOJETKERO   Bio jet kerosene
2366  p52_OBIOLIQ      Other liquid biofuels
2367  p53_RENEWNS      Non-specified primary biofuels and waste
2368  p54_CHARCOAL     Charcoal
2369  p55_NUCLEAR      Nuclear
2370  p56_HYDRO        Hydro
2371  p57_GEOTHERM     Geothermal
2372  p58_SOLARPV      Solar photovaltaics
2373  p59_SOLARTH      Solar thermal
2374  p60_TIDE         Tide wave and ocean
2375  p61_WIND         Wind
2376  p62_OTHER        Other sources includes production not included elsewhere such as fuel cells
2377  p63_ELECTR       Electricity
2378  p64_HEAT         Heat
2379  p65_HEATNS       Heat output from non-specified combustible fuels
2380  p66_TOTAL        Total
2381  p67_MANGAS       Elec heat output from non-specified manufactured gases
2382  p68_MRENEW       Memo Renewable
2383  /
2384   
2385  *===========================Products Mapping====================================
2386  p_coal(product)
2387  /
2388  p1_HARDCOAL      Hard coal
2389  p2_BROWN         Brown coal
2390  p3_ANTCOAL       Anthracite
2391  p4_COKCOAL       Coking coal
2392  p5_BITCOAL       Other bittuminous coal
2393  p6_SUBCOAL       Sub-bituminous coal
2394  p7_LIGNITE       Lignite
2395  p8_PATFUEL       Patent fuel
2396  *p9_OVENCOKE      Coke oven coke
2397  *p10_GASCOKE      Gas coke
2398  *p11_COALTAR      Coal tar
2399  *p12_BKB          Brown coal briquettes
2400  *p13_GASWKSGS     Gas works gas
2401  *p14_COKEOVGS     Coke oven gas
2402  *p15_BLFURGS      Blast furnace gas
2403  *p16_OGASES       Other recovered gases
2404  *p17_PEAT
2405  /
2406   
2407  p_coal3(product)
2408  /
2409  p1_HARDCOAL      Hard coal
2410  p2_BROWN         Brown coal
2411  p3_ANTCOAL       Anthracite
2412  p4_COKCOAL       Coking coal
2413  p5_BITCOAL       Other bittuminous coal
2414  p6_SUBCOAL       Sub-bituminous coal
2415  p7_LIGNITE       Lignite
2416  p8_PATFUEL       Patent fuel
2417  p9_OVENCOKE      Coke oven coke
2418  p10_GASCOKE      Gas coke
2419  p11_COALTAR      Coal tar
2420  p12_BKB          Brown coal briquettes
2421  p13_GASWKSGS     Gas works gas
2422  p14_COKEOVGS     Coke oven gas
2423  p15_BLFURGS      Blast furnace gas
2424  p16_OGASES       Other recovered gases
2425  /
2426   
2427  p_coal5(p_coal)
2428  /
2429  p1_HARDCOAL      Hard coal
2430  p2_BROWN         Brown coal
2431  p3_ANTCOAL       Anthracite
2432  p4_COKCOAL       Coking coal
2433  p5_BITCOAL       Other bittuminous coal
2434  p6_SUBCOAL       Sub-bituminous coal
2435  p7_LIGNITE       Lignite
2436  *p8_PATFUEL       Patent fuel
2437  *p9_OVENCOKE      Coke oven coke
2438  *p10_GASCOKE      Gas coke
2439  *p11_COALTAR      Coal tar
2440  *p12_BKB          Brown coal briquettes
2441  *p13_GASWKSGS     Gas works gas
2442  *p14_COKEOVGS     Coke oven gas
2443  *p15_BLFURGS      Blast furnace gas
2444  *p16_OGASES       Other recovered gases
2445  *p17_PEAT
2446  /
2447   
2448  p_coal_TES(product)
2449  /
2450  p1_HARDCOAL      Hard coal
2451  p2_BROWN         Brown coal
2452  p3_ANTCOAL       Anthracite
2453  p4_COKCOAL       Coking coal
2454  p5_BITCOAL       Other bittuminous coal
2455  p6_SUBCOAL       Sub-bituminous coal
2456  p7_LIGNITE       Lignite
2457  /
2458   
2459  p_oil(product)
2460  /
2461  p22_CRUDEOIL     Curde oil
2462  /
2463   
2464  p_gasoil(product)
2465  /
2466  p20_NATGAS       Natural gas
2467  p22_CRUDEOIL     Curde oil
2468  /
2469   
2470  p_gas(product)
2471  /
2472  p13_GASWKSGS     Gas works gas
2473  p20_NATGAS       Natural gas
2474  p23_NGL          Natural gas liquids
2475  /
2476   
2477  p_oilproduct(product)
2478  /
2479  p9_OVENCOKE      Coke oven coke
2480  p10_GASCOKE      Gas coke
2481  p14_COKEOVGS     Coke oven gas
2482  p24_REFFEEDS     Refinery feedstocks
2483  p27_REFINGAS     Refinery gas
2484  p28_ETHANE       Ethane
2485  p29_LPG          Liquefied petroleum gases(LPG)
2486  p30_NONBIOGASO   Motor gasoline (excl. biofuels)
2487  p31_AVGAS        Aviation gasoline
2488  p32_JETGAS       Jet fuel Gasoline tpye
2489  p33_NONBIOJETK   Jet fuel Kerosene type (excl. biofuels)
2490  p34_OTHKERO      Kerosene
2491  p35_NONBIODIES   Diesel oil (excl. biofuels)
2492  p36_RESFUEL      Fuel oil
2493  p37_NAPHTHA      Naphtha
2494  p38_WHITESP      Solvent (White spirit and industrial sprit SBP)
2495  p39_LUBRIC       Lubricants
2496  p40_BITUMEN      Bitumen (Asphalt)
2497  p41_PARWAX       Paraffin waxes
2498  p42_PETCOKE      Petroleum coke
2499  p43_ONONSPEC     Other oil products
2500  /
2501   
2502  p_liquids(product)
2503  /
2504  p22_CRUDEOIL
2505  p9_OVENCOKE      Coke oven coke
2506  p10_GASCOKE      Gas coke
2507  p14_COKEOVGS     Coke oven gas
2508  p24_REFFEEDS     Refinery feedstocks
2509  p27_REFINGAS     Refinery gas
2510  p28_ETHANE       Ethane
2511  p29_LPG          Liquefied petroleum gases(LPG)
2512  p30_NONBIOGASO   Motor gasoline (excl. biofuels)
2513  p31_AVGAS        Aviation gasoline
2514  p32_JETGAS       Jet fuel Gasoline tpye
2515  p33_NONBIOJETK   Jet fuel Kerosene type (excl. biofuels)
2516  p34_OTHKERO      Kerosene
2517  p35_NONBIODIES   Diesel oil (excl. biofuels)
2518  p36_RESFUEL      Fuel oil
2519  p37_NAPHTHA      Naphtha
2520  p38_WHITESP      Solvent (White spirit and industrial sprit SBP)
2521  p39_LUBRIC       Lubricants
2522  p40_BITUMEN      Bitumen (Asphalt)
2523  p41_PARWAX       Paraffin waxes
2524  p42_PETCOKE      Petroleum coke
2525  p43_ONONSPEC     Other oil products
2526  /
2527   
2528  p_liquid(p_oilproduct)
2529  /
2530  p29_LPG          Liquefied petroleum gases(LPG)
2531  p30_NONBIOGASO   Motor gasoline (excl. biofuels)
2532  p31_AVGAS        Aviation gasoline
2533  p32_JETGAS       Jet fuel Gasoline tpye
2534  p33_NONBIOJETK   Jet fuel Kerosene type (excl. biofuels)
2535  p34_OTHKERO      Kerosene
2536  p35_NONBIODIES   Diesel oil (excl. biofuels)
2537  p36_RESFUEL      Fuel oil
2538  /
2539   
2540  p_oilproduct_feed(product)
2541  /
2542  p37_NAPHTHA      Naphtha
2543  p38_WHITESP      Solvent (White spirit and industrial sprit SBP)
2544  p39_LUBRIC       Lubricants
2545  p40_BITUMEN      Bitumen (Asphalt)
2546  p41_PARWAX       Paraffin waxes
2547  p42_PETCOKE      Petroleum coke
2548  p43_ONONSPEC     Other oil products
2549  /
2550   
2551  p_waste(product)
2552  /
2553  p44_INDWASTE
2554  p45_MUNWASTER
2555  p46_MUNWASTEN
2556  /
2557   
2558  p_bio(product)
2559  /
2560  p47_PRIMSBIO     Primary solid biofuels
2561  p48_BIOGASES     Biogases
2562  p49_BIOGASOL     Biogasoline
2563  p50_BIODIESEL    Biodiesels
2564  p51_BIOJETKERO   Bio jet kerosene
2565  p52_OBIOLIQ      Other liquid biofuels
2566  /
2567   
2568  p_biowastecharcoal(product)
2569  /
2570  p44_INDWASTE
2571  p45_MUNWASTER
2572  p46_MUNWASTEN
2573  p47_PRIMSBIO     Primary solid biofuels
2574  p48_BIOGASES     Biogases
2575  p49_BIOGASOL     Biogasoline
2576  p50_BIODIESEL    Biodiesels
2577  p51_BIOJETKERO   Bio jet kerosene
2578  p52_OBIOLIQ      Other liquid biofuels
2579  p54_CHARCOAL
2580  /
2581   
2582  p_charcoal(product)
2583  /
2584  p54_CHARCOAL
2585  /
2586   
2587  p_nuclear(product)
2588  /
2589  p55_NUCLEAR      Nuclear
2590  /
2591   
2592  p_geo(product)
2593  /
2594  p57_GEOTHERM     Geothermal
2595  /
2596   
2597  p_solar(product)
2598  /
2599  p58_SOLARPV      Solar photovaltaics
2600  p59_SOLARTH      Solar thermal
2601  /
2602   
2603  p_wind(product)
2604  /
2605  p61_WIND         Wind
2606  /
2607   
2608  p_hydro(product)
2609  /
2610  p56_HYDRO        Hydro
2611  /
2612   
2613  p_elecother(product)
2614  /
2615  p44_INDWASTE     Industrial waste
2616  p45_MUNWASTER    Municipal waste(renewable)
2617  p46_MUNWASTEN    Municipal waste(non-renewable)
2618  p47_PRIMSBIO     Primary solid biofuels
2619  p48_BIOGASES     Biogases
2620  p49_BIOGASOL     Biogasoline
2621  p50_BIODIESEL    Biodiesels
2622  p51_BIOJETKERO   Bio jet kerosene
2623  p52_OBIOLIQ      Other liquid biofuels
2624  p54_CHARCOAL     Charcoal
2625  p57_GEOTHERM     Geothermal
2626  p60_TIDE         Tide wave and ocean
2627  p62_OTHER        Other sources includes production not included elsewhere such as fuel cells
2628  /
2629   
2630  p_elecwaste(product)
2631  /
2632  p44_INDWASTE     Industrial waste
2633  p45_MUNWASTER    Municipal waste(renewable)
2634  p46_MUNWASTEN    Municipal waste(non-renewable)
2635  /
2636   
2637  p_elecbio(product)
2638  /
2639  p47_PRIMSBIO     Primary solid biofuels
2640  p48_BIOGASES     Biogases
2641  p49_BIOGASOL     Biogasoline
2642  p50_BIODIESEL    Biodiesels
2643  p51_BIOJETKERO   Bio jet kerosene
2644  p52_OBIOLIQ      Other liquid biofuels
2645  p54_CHARCOAL     Charcoal
2646  /
2647   
2648  p_elecgeo(product)
2649  /
2650  p57_GEOTHERM     Geothermal
2651  /
2652   
2653  p_elecother2(product)
2654  /
2655  p60_TIDE         Tide wave and ocean
2656  p62_OTHER        Other sources includes production not included elsewhere such as fuel cells
2657  /
2658   
2659  p_elecheat(product)
2660  /
2661  p63_ELECTR    Electricity
2662  p64_HEAT      Heat
2663  /
2664   
2665  p_elec(product)
2666  /
2667  p63_ELECTR    Electricity
2668  /
2669   
2670  p_heat(product)
2671  /
2672  p64_HEAT      Heat
2673  /
2674   
2675  p_ftotal(product)
2676  /
2677  p1_HARDCOAL      Hard coal
2678  p2_BROWN         Brown coal
2679  p3_ANTCOAL       Anthracite
2680  p4_COKCOAL       Coking coal
2681  p5_BITCOAL       Other bittuminous coal
2682  p6_SUBCOAL       Sub-bituminous coal
2683  p7_LIGNITE       Lignite
2684  p8_PATFUEL       Patent fuel
2685  *p9_OVENCOKE      Coke oven coke
2686  *p10_GASCOKE      Gas coke
2687  *p11_COALTAR      Coal tar
2688  p12_BKB          Brown coal briquettes
2689  *p13_GASWKSGS     Gas works gas
2690  *p14_COKEOVGS     Coke oven gas
2691  *p15_BLFURGS      Blast furnace gas
2692  *p16_OGASES       Other recovered gases
2693   
2694  p13_GASWKSGS     Gas works gas
2695  p20_NATGAS       Natural gas
2696  p23_NGL          Natural gas liquids
2697   
2698  p29_LPG          Liquefied petroleum gases(LPG)
2699  p30_NONBIOGASO   Motor gasoline (excl. biofuels)
2700  p31_AVGAS        Aviation gasoline
2701  p32_JETGAS       Jet fuel Gasoline tpye
2702  p33_NONBIOJETK   Jet fuel Kerosene type (excl. biofuels)
2703  p34_OTHKERO      Kerosene
2704  p35_NONBIODIES   Diesel oil (excl. biofuels)
2705  p36_RESFUEL      Fuel oil
2706   
2707  p63_ELECTR    Electricity
2708  p64_HEAT      Heat
2709  /
2710   
2711  p_fuelcomb(product)
2712  /
2713  p1_HARDCOAL      Hard coal
2714  p2_BROWN         Brown coal
2715  p3_ANTCOAL       Anthracite
2716  p4_COKCOAL       Coking coal
2717  p5_BITCOAL       Other bittuminous coal
2718  p6_SUBCOAL       Sub-bituminous coal
2719  p7_LIGNITE       Lignite
2720  p8_PATFUEL       Patent fuel
2721  p9_OVENCOKE      Coke oven coke
2722  p10_GASCOKE      Gas coke
2723  p11_COALTAR      Coal tar
2724  p12_BKB          Brown coal briquettes
2725  p13_GASWKSGS     Gas works gas
2726  p14_COKEOVGS     Coke oven gas
2727  p15_BLFURGS      Blast furnace gas
2728  p16_OGASES       Other recovered gases
2729  p17_PEAT         Peat
2730  p18_PEATPROD     Peat products
2731  p19_OILSHALE     Oil shale and oil sands
2732  p20_NATGAS       Natural gas
2733  p21_CRNGFEED     Crude NGL feedstock
2734  p22_CRUDEOIL     Curde oil
2735  p23_NGL          Natural gas liquids
2736  p24_REFFEEDS     Refinery feedstocks
2737  p25_ADDITIVE     Addtitives blending components
2738  p26_NONCRUDE     Other hydrocarbons
2739  p27_REFINGAS     Refinery gas
2740  p28_ETHANE       Ethane
2741  p29_LPG          Liquefied petroleum gases(LPG)
2742  p30_NONBIOGASO   Motor gasoline (excl. biofuels)
2743  p31_AVGAS        Aviation gasoline
2744  p32_JETGAS       Jet fuel Gasoline tpye
2745  p33_NONBIOJETK   Jet fuel Kerosene type (excl. biofuels)
2746  p34_OTHKERO      Kerosene
2747  p35_NONBIODIES   Diesel oil (excl. biofuels)
2748  p36_RESFUEL      Fuel oil
2749  p37_NAPHTHA      Naphtha
2750  p38_WHITESP      Solvent (White spirit and industrial sprit SBP)
2751  p39_LUBRIC       Lubricants
2752  p40_BITUMEN      Bitumen (Asphalt)
2753  p41_PARWAX       Paraffin waxes
2754  p42_PETCOKE      Petroleum coke
2755  p43_ONONSPEC     Other oil products
2756  p63_ELECTR       Electricity
2757  p64_HEAT         Heat
2758   
2759  /
2760   
2761  *===========================Flows Mapping====================================
2762  f_balstfur(flow)
2763  /
2764  f20_TBLASTFUR   Blast furances
2765  /
2766   
2767  f_cokeoven(flow)
2768  /
2769  f22_TCOKEOVS    Coke ovens
2770  /
2771   
2772  f_eblastcoke(flow)
2773  /
2774  f35_EBLASTFUR   Blast furances
2775  f38_ECOKEOVS    Coke ovens
2776  /
2777   
2778  f_tpetrochem(flow)
2779  /
2780  f26_TPETCHEM    Petrochemical plants
2781  /
2782   
2783  f_prod(flow)
2784  /
2785  f1_INDPROD      Production
2786  /
2787   
2788  f_agri(flow)
2789  /
2790  f52_AGRICULT    Agriculture forestry
2791  f53_FISHING     Fishing
2792  /
2793   
2794  f_coa(flow)
2795  /
2796  f33_EMINES      Coal mines
2797  /
2798   
2799  f_oil(flow)
2800  /
2801  f34_EOILGASEX   Oil and gas extraction
2802  /
2803   
2804  f_gas(flow)
2805  /
2806  f21_TGASWKS     Includes the manufacture of town gas
2807  f29_TBLENDGAS   For blened natural gas
2808  f34_EOILGASEX   Oil and gas extraction
2809  f36_EGASWKS     Represents the energy which is used in gas works
2810  /
2811   
2812  f_mining(flow)
2813  /
2814  f54_MINING      Mining and quarrying
2815  /
2816   
2817  f_foodpro(flow)
2818  /
2819  f55_FOODPRO     Food and tobacco
2820  /
2821   
2822  f_textiles(flow)
2823  /
2824  f56_TEXTILES    Textile and leather
2825  /
2826   
2827  f_woodpro(flow)
2828  /
2829  f57_WOODPRO     Wood and wood products
2830  /
2831   
2832  f_paperpro(flow)
2833  /
2834  f58_PAPERPRO    Paper pulp and print
2835  /
2836   
2837  f_petrolcoal(flow)
2838  /
2839  *f20_TBLASTFUR   Blast furances
2840  *f22_TCOKEOVS    Coke ovens
2841  f23_TPATFUEL    Patent fuel plants
2842  f24_TBKB        BKB peat briquettes
2843  *f25_TREFINER    Oil refineries
2844  *f26_TPETCHEM    Petrochemical plants
2845  f27_TCOALLIQ    Coal liquefaction
2846  f28_TGTL        Gas-to-liquids plants
2847  *f33_EMINES      Coal mines
2848  *f34_EOILGASEX   Oil and gas extraction
2849  *f35_EBLASTFUR   Blast furances
2850  *f36_EGASWKS     Gas works
2851  *f37_EBIOGAS     Gasfication plants for biogases
2852  *f38_ECOKEOVS    Coke ovens
2853  *f39_EPATFUEL    Patent fuel plants
2854  *f40_EBKB        BKB peat briquettes
2855  f41_EREFINER    Oil refineries
2856  f42_ECOALLIQ    Coal liquefaction plants
2857  *f43_ELNG        Liqefaction regasification plants
2858  *f44_EGTL        Gas to liquids plants
2859  *f45_EPOWERPLT   Own use in electricity CHP and heat plants
2860  *f46_EPUMPST     Pumped storage plants
2861  *f47_ENUC        Nuclear industry
2862  *f48_ECHARCOAL   Charcoal production plants
2863  *f49_ENONSPEC    Non specified
2864  *f50_DISTLOSS    Losses
2865  /
2866   
2867  *https://www.gtap.agecon.purdue.edu/databases/contribute/concordinfo.asp
2868  *p_c Petroleum & Coke: manufacture of coke and refined petroleum products
2869  *1910 Manufacture of coke oven products
2870  *1920 Manufacture of refined petroleum products
2871   
2872  f_chemical(flow)
2873  /
2874  f59_CHEMICAL    Chemical and petrochemical
2875  /
2876   
2877  f_nonmet(flow)
2878  /
2879  f60_NONMET      Non metallic minerals
2880  /
2881   
2882  f_ironstl(flow)
2883  /
2884  f61_IRONSTL     Iron and steel
2885  /
2886   
2887  f_nonferr(flow)
2888  /
2889  f62_NONFERR     Non ferrous metals
2890  /
2891   
2892  f_machine(flow)
2893  /
2894  f63_MACHINE     Machinery
2895  /
2896   
2897  f_transeq(flow)
2898  /
2899  f64_TRANSEQ     Transport equipment
2900  /
2901   
2902  f_otherind(flow)
2903  /
2904  f65_INONSPEC    Industry not elsewhere specified
2905  /
2906   
2907  f_elec(flow)
2908  /
2909  f11_MAINELEC    Main activity producer electricity plants
2910  f12_AUTOELEC    Autoproducer electricity plants
2911  f13_MAINCHP     Main activity producer CHP plants
2912  f14_AUTOCHP     Autoproducer CHP plants
2913  f15_MAINHEAT    Main activity producer heat plants
2914  f16_AUTOHEAT    Autoproducer heat plants
2915  *f17_THEAT       Heat pumps
2916  *f19_TBOILER     Electric boilers
2917  *f45_EPOWERPLT   Own use in electricity CHP and heat plants
2918  *f46_EPUMPST     Pumped storage plants
2919  /
2920   
2921  f_construc(flow)
2922  /
2923  f66_CONSTRUC    Construction
2924  /
2925   
2926  f_ser(flow)
2927  /
2928  f67_COMMPUB     Commerical and public services
2929  f68_ONONSPEC    Final consumption not elsewhere specified
2930  /
2931   
2932  f_household(flow)
2933  /
2934  f69_RESIDENT    Residential
2935  /
2936   
2937  f_roadrail(flow)
2938  /
2939  f70_ROAD        Road
2940  f71_RAIL        Rail
2941  f74_PIPELINE    Pipeline transport
2942  f75_TRNONSPE    Transport not elsewhere
2943  /
2944   
2945  f_domeair(flow)
2946  /
2947  f72_DOMESAIR    Domestic aviation
2948  /
2949   
2950  f_domewater(flow)
2951  /
2952  f73_DOMESNAV    Domestic navigation
2953  /
2954   
2955  *Non-energy
2956  f_nemining(flow)
2957  /
2958  f76_NEMINING    Non energy use in mining and quarrying
2959  /
2960   
2961  f_nefoodpro(flow)
2962  /
2963  f77_NEFOODPRO   Non energy use in food beverages tobacco
2964  /
2965   
2966  f_netextiles(flow)
2967  /
2968  f78_NETEXTILES  Non energy use in textiles and leather
2969  /
2970   
2971  f_newoodpro(flow)
2972  /
2973  f79_NEWOODPRO   Non energy use in wood and wood products
2974  /
2975   
2976  f_nepaperpro(flow)
2977  /
2978  f80_NEPAPERPRO  Non energy use in paper pulp and printing
2979  /
2980   
2981  f_nechemical(flow)
2982  /
2983  f81_NECHEM      Non energy use in chemical petrochemical
2984  /
2985   
2986  f_nenonmet(flow)
2987  /
2988  f82_NENONMET    Non energy use in non metallic minerals
2989  /
2990   
2991  f_neironstl(flow)
2992  /
2993  f83_NEIRONSTL   Non energy use in iron and steel
2994  /
2995   
2996  f_nenonferr(flow)
2997  /
2998  f84_NENONFERR   Non energy use in non ferrous metals
2999  /
3000   
3001  f_nemachine(flow)
3002  /
3003  f85_NEMACHINE   Non energy use in machinery
3004  /
3005   
3006  f_netranseq(flow)
3007  /
3008  f86_NETRANSEQ   Non energy use in transport equipment
3009  /
3010   
3011  f_neotherind(flow)
3012  /
3013  f87_NEINONSPEC  Non energy use in non specified industry
3014  /
3015   
3016  f_neconstruc(flow)
3017  /
3018  f88_NECONSTRUC  Non energy use in construction
3019  /
3020   
3021  f_netransport(flow)
3022  /
3023  f90_NETRANS     Non energy use in transport
3024  /
3025   
3026  f_neother(flow)
3027  /
3028  f89_NEOTHER     Non energy use in other residential commerical public services agriculture forestry and fishing
3029  /
3030   
3031  f_elecoutput(flow)
3032  /
3033  f99_ELOUTPUT    Electrictiy output GWh
3034  /
3035   
3036  f_TES(flow)
3037  /
3038  f7_TES          Total energy supply
3039  /
3040   
3041  f_marine_bunker(flow)
3042  /
3043  f4_MARBUNK      International marine bunkers
3044  /
3045   
3046  f_aviation_bunker(flow)
3047  /
3048  f5_AVBUNK       International aviation bunkers
3049  /
3050   
3051  type
3052  /
3053  CO2EF
3054  Stored_rate
3055  CH4EF_Energy
3056  N2OEF_Energy
3057  CH4EF_Industry
3058  N2OEF_Industry
3059  CH4EF_LTRP
3060  N2OEF_LTRP
3061  CH4EF_ATRP
3062  N2OEF_ATRP
3063  CH4EF_WTRP
3064  N2OEF_WTRP
3065  CH4EF_Other
3066  N2OEF_Other
3067  /
3068   
3069  punit
3070  /
3071  physical
3072  /
3073   
3074  ;
3075   
3076  Alias(p_coal, p_coal2);
3077  Alias(p_coal3, p_coal4);
3078  Alias(p_gas, p_gas2);
3079  Alias(p_oil, p_oil2);
3080  Alias(p_oilproduct, p_oilproduct2);
3081  Alias(p_elecheat, p_elecheat2);
3082  Alias(p_waste, p_waste2);
3083  Alias(p_bio, p_bio2);
3084  Alias(p_charcoal, p_charcoal2);
3085  Alias(p_geo, p_geo2);
3086  Alias(p_solar, p_solar2);
3087   
3088  *=== Import from Excel using GDX utilities
3089  *Unit 2019 ktoe
3090  Parameter
3091  WEB_KOR(flow,product),
3092  WEB_CHN(flow,product),
3093  WEB_JPN(flow,product),
3094  WEB_RUS(flow,product),
3095  WEB_MNG(flow,product),
3096  WEB_PRK(flow,product),
3097  WEB_NAM(flow,product),
3098  WEB_LAM(flow,product),
3099  WEB_WEU(flow,product),
3100  WEB_EEU(flow,product),
3101  WEB_FSU(flow,product),
3102  WEB_MEA(flow,product),
3103  WEB_AFR(flow,product),
3104  WEB_CPA(flow,product),
3105  WEB_SAS(flow,product),
3106  WEB_PAS(flow,product),
3107  WEB_PAO(flow,product),
3108  GHGsEF(product,type) kgC per TJ,
3109  physical_unit(product,punit)
3110  ;
3111   
3133   
GDXIN   C:\Users\kimc0\GUIDE_GLOBAL_CGE\10. NEA_Integrated Carbon Market(ICM)\S5_NEAICM_ALL_NZ\Input_WEB\250328_WEB19.gdx
--- LOAD  WEB_KOR = 1:WEB_KOR
--- LOAD  WEB_CHN = 2:WEB_CHN
--- LOAD  WEB_JPN = 3:WEB_JPN
--- LOAD  WEB_RUS = 4:WEB_RUS
--- LOAD  WEB_MNG = 5:WEB_MNG
--- LOAD  WEB_PRK = 6:WEB_PRK
--- LOAD  WEB_NAM = 7:WEB_NAM
--- LOAD  WEB_LAM = 8:WEB_LAM
--- LOAD  WEB_WEU = 9:WEB_WEU
--- LOAD  WEB_EEU = 10:WEB_EEU
--- LOAD  WEB_FSU = 11:WEB_FSU
--- LOAD  WEB_MEA = 12:WEB_MEA
--- LOAD  WEB_AFR = 13:WEB_AFR
--- LOAD  WEB_CPA = 14:WEB_CPA
--- LOAD  WEB_SAS = 15:WEB_SAS
--- LOAD  WEB_PAS = 16:WEB_PAS
--- LOAD  WEB_PAO = 17:WEB_PAO
--- LOAD  GHGsEF = 18:GHGsEF
--- LOAD  physical_unit = 19:physical_unit
3137   
3138  Parameter WEB(flow,product,z);
3139  WEB(flow,product,'01_KOR') =  WEB_KOR(flow,product);
3140  WEB(flow,product,'02_CHN') =  WEB_CHN(flow,product);
3141  WEB(flow,product,'03_JPN') =  WEB_JPN(flow,product);
3142  WEB(flow,product,'04_RUS') =  WEB_RUS(flow,product);
3143  WEB(flow,product,'05_MNG') =  WEB_MNG(flow,product);
3144  WEB(flow,product,'06_PRK') =  WEB_PRK(flow,product);
3145  WEB(flow,product,'07_NAM') =  WEB_NAM(flow,product);
3146  WEB(flow,product,'08_LAM') =  WEB_LAM(flow,product);
3147  WEB(flow,product,'09_WEU') =  WEB_WEU(flow,product);
3148  WEB(flow,product,'10_EEU') =  WEB_EEU(flow,product);
3149  WEB(flow,product,'11_FSU') =  WEB_FSU(flow,product);
3150  WEB(flow,product,'12_MEA') =  WEB_MEA(flow,product);
3151  WEB(flow,product,'13_AFR') =  WEB_AFR(flow,product);
3152  WEB(flow,product,'14_CPA') =  WEB_CPA(flow,product);
3153  WEB(flow,product,'15_SAS') =  WEB_SAS(flow,product);
3154  WEB(flow,product,'16_PAS') =  WEB_PAS(flow,product);
3155  WEB(flow,product,'17_PAO') =  WEB_PAO(flow,product);
3156   
3157  execute_unload 'Input_WEB/WEB_2019.gdx',
3158  *Sets
3159  WEB, GHGsEF  ;
3160   
3161  Parameter
3162   TCoke_Share(f_cokeoven,product,z)
3163   TBlast_Share(f_balstfur,product,z)
3164  ;
3165   
3166  Parameter
3167   Coal_DIO(p_coal,j,z)            Intermediate consumption of coal products by industry j in region z
3168   Coal_CO(p_coal,z)               Household consumption of coal products in region z
3169   CoalR_DIO(p_coal,j,z)           Intermediate consumption ratio of coal products by industry j in region z
3170   CoalR_CO(p_coal,z)              Household consumption ratio of coal products in region z
3171   Coal_Marine(p_coal,z)           Marine Bunker consumption of coal products
3172   Coal_Aviation(p_coal,z)         Aviation Bunker consumption of coal products
3173   
3174   Gas_DIO(p_gas,j,z)              Intermediate consumption of gas products by industry j in region z
3175   Gas_CO(p_gas,z)                 Household consumption of gas products in region z
3176   GasR_DIO(p_gas,j,z)             Intermediate consumption ratio of gas products by industry j in region z
3177   GasR_CO(p_gas,z)                Household consumption ratio of gas products in region z
3178   Gas_Marine(p_gas,z)             Marine Bunker consumption of coal products
3179   Gas_Aviation(p_gas,z)           Aviation Bunker consumption of coal products
3180   
3181   Oil_DIO(p_oil,j,z)              Intermediate consumption of crudeoil by industry j in region z
3182   Oil_CO(p_oil,z)                 Household consumption of crudeoil in region z
3183   OilR_DIO(p_oil,j,z)             Intermediate consumption ratio of crudeoil by industry j in region z
3184   Oil_Marine(p_oil,z)             Marine Bunker consumption of crudeoil
3185   Oil_Aviation(p_oil,z)           Aviation Bunker consumption of crudeoil
3186   
3187   Oilp_DIO(p_oilproduct,j,z)      Intermediate consumption of petrolcoal by industry j in region z
3188   Oilp_CO(p_oilproduct,z)         Household consumption of petrolcoal products in region z
3189   OilpR_DIO(p_oilproduct,j,z)     Intermediate consumption ratio of petrolcoal products by industry j in region z
3190   OilpR_CO(p_oilproduct,z)        Household consumption ratio of petrolcoal products in region z
3191   Oilp_Marine(p_oilproduct,z)     Marine Bunker consumption of oil products
3192   Oilp_Aviation(p_oilproduct,z)   Aviation Bunker consumption of oil products
3193   
3194   Elec_DIO(p_elecheat,j,z)        Intermediate consumption of electricity by industry j in region z
3195   Elec_CO(p_elecheat,z)           Household consumption of electricity in region z
3196   ElecR_DIO(p_elecheat,j,z)       Intermediate consumption ratio of electricity by industry j in region z
3197   ElecR_CO(p_elecheat,z)          Household consumption ratio of electricity in region z
3198   
3199   NCoal_DIO(p_coal,j,z)           Intermediate consumption of non energy coal products by industry j in region z
3200   NCoalR_DIO(p_coal,j,z)          Intermediate consumption ratio of non energy coal products by industry j in region z
3201   
3202   NGas_DIO(p_gas,j,z)             Intermediate consumption of non energy gas products by industry j in region z
3203   NGasR_DIO(p_gas,j,z)            Intermediate consumption ratio of non energy gas products by industry j in region z
3204   
3205   NOil_DIO(p_oil,j,z)             Intermediate consumption of non energy oil by industry j in region z
3206   NOilR_DIO(p_oil,j,z)            Intermediate consumption ratio of non-energy oil by industry j in region z
3207   
3208   NOilp_DIO(p_oilproduct,j,z)     Intermediate consumption of non energy oilproducts by industry j in region z
3209   NOilpR_DIO(p_oilproduct,j,z)    Intermediate consumption ratio of non energy oilproducts by industry j in region z
3210   
3211   Waste_DIO(p_waste,j,z)          Intermediate consumption of waste energy by industry j in region z
3212   Waste_CO(p_waste,z)             Household consumption of waste energy in region z
3213   WasteR_DIO(p_waste,j,z)         Intermediate consumption ratio of waste energy by industry j in region z
3214   WasteR_CO(p_waste,z)            Household consumption ratio of waste energy in region z
3215   
3216   Bio_DIO(p_bio,j,z)              Intermediate consumption of bio energy by industry j in region z
3217   Bio_CO(p_bio,z)                 Household consumption of bio energy in region z
3218   BioR_DIO(p_bio,j,z)             Intermediate consumption ratio of bio energy by industry j in region z
3219   BioR_CO(p_bio,z)                Household consumption ratio of bio energy in region z
3220   Bio_Marine(p_bio,z)             Marine Bunker consumption of waste energy
3221   Bio_Aviation(p_bio,z)           Aviation Bunker consumption of waste energy
3222   
3223   Charcoal_DIO(p_charcoal,j,z)    Intermediate consumption of charcoal energy by industry j in region z
3224   Charcoal_CO(p_charcoal,z)       Household consumption of charcoal energy in region z
3225   CharcoalR_DIO(p_charcoal,j,z)   Intermediate consumption ratio of charcoal energy by industry j in region z
3226   CharcoalR_CO(p_charcoal,z)      Household consumption ratio of charcoal energy in region z
3227   
3228   Solar_DIO(p_solar,j,z)          Intermediate consumption of solar energy by industry j in region z
3229   Solar_CO(p_solar,z)             Household consumption of solar energy in region z
3230   SolarR_DIO(p_solar,j,z)         Intermediate consumption ratio of solar energy by industry j in region z
3231   SolarR_CO(p_solar,z)            Household consumption ratio of solar energy in region z
3232   
3233   Geo_DIO(p_geo,j,z)              Intermediate consumption of geothermal energy by industry j in region z
3234   Geo_CO(p_geo,z)                 Household consumption of geothermal energy in region z
3235   GeoR_DIO(p_geo,j,z)             Intermediate consumption ratio of geothermal energy by industry j in region z
3236   GeoR_CO(p_geo,z)                Household consumption ratio of geothermal energy in region z
3237   
3238   Coal_Total(p_coal,z)
3239   Gas_Total(p_gas,z)
3240   Oilp_Total(p_oilproduct,z)
3241   ELec_Total(p_elecheat,z)
3242   NCoal_Total(p_coal,z)
3243   NGas_Total(p_gas,z)
3244   NOilp_Total(p_oilproduct,z)
3245   Waste_Total(p_waste,z)
3246   Bio_Total(p_bio,z)
3247   Charcoal_Total(p_charcoal,z)
3248   Solar_Total(p_solar,z)
3249   Geo_Total(p_geo,z)
3250   
3251   TES_Coal(p_coal_TES,z)        Primary Energy Supply Coal
3252   TES_Gas(p_gas,z)              Primary Energy Supply Gas
3253   TES_Oil(p_oil,z)              Primary Energy Supply Oil
3254   
3255   ElecNucGWh(j,z)     Nuclear Output GWh
3256   ElecCoalGWh(j,z)    Coal Output GWh
3257   ElecGasGWh(j,z)     Gas Output GWh
3258   ElecOilGWh(j,z)     Oil Output GWh
3259   ElecSolarGWh(j,z)   Solar Output GWh
3260   ElecWindGWh(j,z)    Wind Output GWh
3261   ElecHydroGWh(j,z)   Hydro Output GWh
3262  * ElecOtherGWh(j,z)   Other Output GWh
3263   ElecwasteGWh(j,z)   waste Output GWh
3264   ElecbioGWh(j,z)     bio Output GWh
3265   ElecgeoGWh(j,z)     geothermal Output GWh
3266   ElecOtherGWh(j,z)   Other Output GWh
3267   
3268  ;
3269  *
3270   
3271  *f_balstfur(flow)
3272  *f_cokeoven(flow)
3273  * WEB(f_balstfur, 'p4_COKCOAL', z) = WEB(f_cokeoven, 'p66_TOTAL', z) ;
3274  * WEB(f_cokeoven, 'p4_COKCOAL', z) = WEB(f_cokeoven, 'p66_TOTAL', z) ;
3275   
3276   TCoke_Share(f_cokeoven,p_coal,z)$(WEB(f_cokeoven, p_coal, z) lt 0)  = WEB(f_cokeoven, p_coal, z)$(WEB(f_cokeoven, p_coal, z) lt 0)/sum(p_coal2, WEB(f_cokeoven, p_coal2, z)$(WEB(f_cokeoven, p_coal2, z) lt 0)) ;
3277   TBlast_Share(f_balstfur,p_coal,z)$(WEB(f_balstfur, p_coal, z) lt 0) = WEB(f_balstfur, p_coal, z)$(WEB(f_balstfur, p_coal, z) lt 0)/sum(p_coal2, WEB(f_balstfur, p_coal2, z)$(WEB(f_balstfur, p_coal2, z) lt 0)) ;
3278   
3279  *Coal
3280   Coal_DIO(p_coal,'01_AGRICULT',z) = sum((f_agri), WEB(f_agri, p_coal, z));
3281   Coal_DIO(p_coal,'02_COAL',z) = -1*sum((f_coa), WEB(f_coa, p_coal, z));
3282   Coal_DIO(p_coal,'03_OIL',z) = -1*sum((f_oil), WEB(f_oil, p_coal, z));
3283   Coal_DIO(p_coal,'04_GAS',z) = -1*sum((f_gas), WEB(f_gas, p_coal, z));
3284   Coal_DIO(p_coal,'05_MINING',z) = sum((f_mining), WEB(f_mining, p_coal, z));
3285   Coal_DIO(p_coal,'06_FOODPRO',z) = sum((f_foodpro), WEB(f_foodpro, p_coal, z));
3286   Coal_DIO(p_coal,'07_TEXTILES',z) = sum((f_textiles), WEB(f_textiles, p_coal, z));
3287   Coal_DIO(p_coal,'08_WOODPRO',z) = sum((f_woodpro), WEB(f_woodpro, p_coal, z));
3288   Coal_DIO(p_coal,'09_PAPERPRO',z) = sum((f_paperpro), WEB(f_paperpro, p_coal, z));
3289   Coal_DIO(p_coal5,'10_PETROLCOAL',z) = -1*sum((f_petrolcoal), WEB(f_petrolcoal, p_coal5, z));
3290   Coal_DIO(p_coal,'11_CHEMICAL',z) = sum((f_chemical), WEB(f_chemical, p_coal, z));
3291   Coal_DIO(p_coal,'12_NONMET',z) = sum((f_nonmet), WEB(f_nonmet, p_coal, z));
3292   Coal_DIO(p_coal,'13_IRONSTL',z) = sum((f_ironstl), WEB(f_ironstl, p_coal, z))
3293   + sum(f_cokeoven, -1*TCoke_Share(f_cokeoven,p_coal,z)*WEB(f_cokeoven, 'p66_TOTAL', z))
3294   + sum(f_balstfur, -1*TBlast_Share(f_balstfur,p_coal,z)*WEB(f_balstfur, 'p66_TOTAL', z))
3295   + sum((f_Eblastcoke), -1*WEB(f_Eblastcoke, p_coal, z))
3296  ;
3297   
3298   Coal_DIO(p_coal,'14_NONFERR',z) = sum((f_nonferr), WEB(f_nonferr, p_coal, z));
3299   Coal_DIO(p_coal,'15_MACHINE',z) = sum((f_machine), WEB(f_machine, p_coal, z));
3300   Coal_DIO(p_coal,'16_TRANSEQ',z) = sum((f_transeq), WEB(f_transeq, p_coal, z));
3301   Coal_DIO(p_coal,'17_OTHERIND',z) = sum((f_otherind), WEB(f_otherind, p_coal, z));
3302   Coal_DIO(p_coal,'18_TnD',z) = 0 ;
3303   Coal_DIO(p_coal,'19_eNuclear',z) = 0 ;
3304   Coal_DIO(p_coal,'20_eCoal',z) = -1*sum((f_elec), WEB(f_elec, p_coal, z));
3305   Coal_DIO(p_coal,'19_eNuclear',z) = 0 ;
3306   Coal_DIO(p_coal,'21_eGas',z) = 0 ;
3307   Coal_DIO(p_coal,'22_eOil',z) = 0 ;
3308   Coal_DIO(p_coal,'23_eWind',z) = 0 ;
3309   Coal_DIO(p_coal,'24_eSolar',z) = 0 ;
3310   Coal_DIO(p_coal,'25_eHydro',z) = 0 ;
3311   Coal_DIO(p_coal,'26_eOther',z) = 0 ;
3312   Coal_DIO(p_coal,'27_CONSTRUC',z) = sum((f_construc), WEB(f_construc, p_coal, z));
3313   Coal_DIO(p_coal,'28_LTRP',z) = sum((f_roadrail), WEB(f_roadrail, p_coal, z));
3314   Coal_DIO(p_coal,'29_WTRP',z) = sum((f_domewater), WEB(f_domewater, p_coal, z));
3315   Coal_DIO(p_coal,'30_ATRP',z) = sum((f_domeair), WEB(f_domeair, p_coal, z));
3316   Coal_DIO(p_coal,'31_SER',z) = sum((f_ser), WEB(f_ser, p_coal, z));
3317   Coal_CO(p_coal,z) = sum((f_household), WEB(f_household, p_coal, z));
3318   
3319   Coal_Marine(p_coal,z)   = -1*sum((f_marine_bunker), WEB(f_marine_bunker, p_coal, z));
3320   Coal_Aviation(p_coal,z) = -1*sum((f_aviation_bunker), WEB(f_aviation_bunker, p_coal, z));
3321   
3322  *Ratio
3323  Loop(j,
3324      CoalR_DIO(p_coal,j,z)$(Coal_DIO(p_coal,j,z) gt 0)
3325           = Coal_DIO(p_coal,j,z)/sum(p_coal2, Coal_DIO(p_coal2,j,z));
3326       );
3327   
3328   CoalR_CO(p_coal,z)$(Coal_CO(p_coal,z) gt 0)  = Coal_CO(p_coal,z)/ sum(p_coal2, Coal_CO(p_coal2,z));
3329   
3330  *Gas
3331   Gas_DIO(p_gas,'01_AGRICULT',z) = sum((f_agri), WEB(f_agri, p_gas, z));
3332   Gas_DIO(p_gas,'02_COAL',z) = -1*sum((f_coa), WEB(f_coa, p_gas, z));
3333   Gas_DIO(p_gas,'03_OIL',z) = 0;
3334   Gas_DIO(p_gas,'04_GAS',z) = -1*sum((f_gas), WEB(f_gas, p_gas, z));
3335   Gas_DIO(p_gas,'05_MINING',z) = sum((f_mining), WEB(f_mining, p_gas, z));
3336   Gas_DIO(p_gas,'06_FOODPRO',z) = sum((f_foodpro), WEB(f_foodpro, p_gas, z));
3337   Gas_DIO(p_gas,'07_TEXTILES',z) = sum((f_textiles), WEB(f_textiles, p_gas, z));
3338   Gas_DIO(p_gas,'08_WOODPRO',z) = sum((f_woodpro), WEB(f_woodpro, p_gas, z));
3339   Gas_DIO(p_gas,'09_PAPERPRO',z) = sum((f_paperpro), WEB(f_paperpro, p_gas, z));
3340   Gas_DIO(p_gas,'10_PETROLCOAL',z) = -1*sum((f_petrolcoal), WEB(f_petrolcoal, p_gas, z));
3341   Gas_DIO(p_gas,'11_CHEMICAL',z) = sum((f_chemical), WEB(f_chemical, p_gas, z));
3342   Gas_DIO(p_gas,'12_NONMET',z) = sum((f_nonmet), WEB(f_nonmet, p_gas, z));
3343   Gas_DIO(p_gas,'13_IRONSTL',z) = sum((f_ironstl), WEB(f_ironstl, p_gas, z));
3344   Gas_DIO(p_gas,'14_NONFERR',z) = sum((f_nonferr), WEB(f_nonferr, p_gas, z));
3345   Gas_DIO(p_gas,'15_MACHINE',z) = sum((f_machine), WEB(f_machine, p_gas, z));
3346   Gas_DIO(p_gas,'16_TRANSEQ',z) = sum((f_transeq), WEB(f_transeq, p_gas, z));
3347   Gas_DIO(p_gas,'17_OTHERIND',z) = sum((f_otherind), WEB(f_otherind, p_gas, z));
3348   Gas_DIO(p_gas,'18_TnD',z) = 0 ;
3349   Gas_DIO(p_gas,'19_eNuclear',z) = 0 ;
3350   Gas_DIO(p_gas,'20_eCoal',z) = 0;
3351   Gas_DIO(p_gas,'19_eNuclear',z) = 0 ;
3352   Gas_DIO(p_gas,'21_eGas',z) = -1*sum((f_elec), WEB(f_elec, p_gas, z)) ;
3353   Gas_DIO(p_gas,'22_eOil',z) = 0 ;
3354   Gas_DIO(p_gas,'23_eWind',z) = 0 ;
3355   Gas_DIO(p_gas,'24_eSolar',z) = 0 ;
3356   Gas_DIO(p_gas,'25_eHydro',z) = 0 ;
3357   Gas_DIO(p_gas,'26_eOther',z) = 0 ;
3358   Gas_DIO(p_gas,'27_CONSTRUC',z) = sum((f_construc), WEB(f_construc, p_gas, z));
3359   Gas_DIO(p_gas,'28_LTRP',z) = sum((f_roadrail), WEB(f_roadrail, p_gas, z));
3360   Gas_DIO(p_gas,'29_WTRP',z) = sum((f_domewater), WEB(f_domewater, p_gas, z));
3361   Gas_DIO(p_gas,'30_ATRP',z) = sum((f_domeair), WEB(f_domeair, p_gas, z));
3362   Gas_DIO(p_gas,'31_SER',z) = sum((f_ser), WEB(f_ser, p_gas, z));
3363   Gas_CO(p_gas,z) = sum((f_household), WEB(f_household, p_gas, z));
3364   
3365   Gas_Marine(p_gas,z)   = -1*sum((f_marine_bunker), WEB(f_marine_bunker, p_gas, z));
3366   Gas_Aviation(p_gas,z) = -1*sum((f_aviation_bunker), WEB(f_aviation_bunker, p_gas, z));
3367   
3368  *Ratio
3369  Loop(j,
3370      GasR_DIO(p_gas,j,z)$(Gas_DIO(p_gas,j,z) gt 0)
3371           = Gas_DIO(p_gas,j,z)/sum(p_gas2, Gas_DIO(p_gas2,j,z));
3372       );
3373   
3374   GasR_CO(p_gas,z)$(Gas_CO(p_gas,z) gt 0)  = Gas_CO(p_gas,z)/ sum(p_gas2, Gas_CO(p_gas2,z));
3375   
3376   
3377  *Oil
3378   Oil_DIO(p_oil,'01_AGRICULT',z) = sum((f_agri), WEB(f_agri, p_oil, z));
3379   Oil_DIO(p_oil,'02_COAL',z) = -1*sum((f_coa), WEB(f_coa, p_oil, z));
3380   Oil_DIO(p_oil,'03_OIL',z) = -1*sum((f_oil), WEB(f_oil, p_oil, z));
3381   Oil_DIO(p_oil,'04_GAS',z) = 0;
3382   Oil_DIO(p_oil,'05_MINING',z) = sum((f_mining), WEB(f_mining, p_oil, z));
3383   Oil_DIO(p_oil,'06_FOODPRO',z) = sum((f_foodpro), WEB(f_foodpro, p_oil, z));
3384   Oil_DIO(p_oil,'07_TEXTILES',z) = sum((f_textiles), WEB(f_textiles, p_oil, z));
3385   Oil_DIO(p_oil,'08_WOODPRO',z) = sum((f_woodpro), WEB(f_woodpro, p_oil, z));
3386   Oil_DIO(p_oil,'09_PAPERPRO',z) = sum((f_paperpro), WEB(f_paperpro, p_oil, z));
3387   Oil_DIO(p_oil,'10_PETROLCOAL',z) = -1*sum((f_petrolcoal), WEB(f_petrolcoal, p_oil, z));
3388   Oil_DIO(p_oil,'11_CHEMICAL',z) = sum((f_chemical), WEB(f_chemical, p_oil, z));
3389   Oil_DIO(p_oil,'12_NONMET',z) = sum((f_nonmet), WEB(f_nonmet, p_oil, z));
3390   Oil_DIO(p_oil,'13_IRONSTL',z) = sum((f_ironstl), WEB(f_ironstl, p_oil, z));
3391   Oil_DIO(p_oil,'14_NONFERR',z) = sum((f_nonferr), WEB(f_nonferr, p_oil, z));
3392   Oil_DIO(p_oil,'15_MACHINE',z) = sum((f_machine), WEB(f_machine, p_oil, z));
3393   Oil_DIO(p_oil,'16_TRANSEQ',z) = sum((f_transeq), WEB(f_transeq, p_oil, z));
3394   Oil_DIO(p_oil,'17_OTHERIND',z) = sum((f_otherind), WEB(f_otherind, p_oil, z));
3395   Oil_DIO(p_oil,'18_TnD',z) = 0 ;
3396   Oil_DIO(p_oil,'19_eNuclear',z) = 0 ;
3397   Oil_DIO(p_oil,'20_eCoal',z) = 0 ;
3398   Oil_DIO(p_oil,'19_eNuclear',z) = 0 ;
3399   Oil_DIO(p_oil,'21_eGas',z) = 0 ;
3400   Oil_DIO(p_oil,'22_eOil',z) = 0 ;
3401   Oil_DIO(p_oil,'23_eWind',z) = 0 ;
3402   Oil_DIO(p_oil,'24_eSolar',z) = 0 ;
3403   Oil_DIO(p_oil,'25_eHydro',z) = 0 ;
3404   Oil_DIO(p_oil,'26_eOther',z) = 0 ;
3405   Oil_DIO(p_oil,'27_CONSTRUC',z) = sum((f_construc), WEB(f_construc, p_oil, z));
3406   Oil_DIO(p_oil,'28_LTRP',z) = sum((f_roadrail), WEB(f_roadrail, p_oil, z));
3407   Oil_DIO(p_oil,'29_WTRP',z) = sum((f_domewater), WEB(f_domewater, p_oil, z));
3408   Oil_DIO(p_oil,'30_ATRP',z) = sum((f_domeair), WEB(f_domeair, p_oil, z));
3409   Oil_DIO(p_oil,'31_SER',z) = sum((f_ser), WEB(f_ser, p_oil, z));
3410   Oil_CO(p_oil,z) = sum((f_household), WEB(f_household, p_oil, z));
3411   
3412   Oil_Marine(p_oil,z)   = -1*sum((f_marine_bunker), WEB(f_marine_bunker, p_oil, z));
3413   Oil_Aviation(p_oil,z) = -1*sum((f_aviation_bunker), WEB(f_aviation_bunker, p_oil, z));
3414   
3415  *Ratio
3416  Loop(j,
3417      OilR_DIO(p_oil,j,z)$(Oil_DIO(p_oil,j,z) gt 0)
3418           = Oil_DIO(p_oil,j,z)/sum(p_oil2, Oil_DIO(p_oil2,j,z));
3419       );
3420   
3421  *Oilproducts
3422   Oilp_DIO(p_oilproduct,'01_AGRICULT',z) = sum((f_agri), WEB(f_agri, p_oilproduct, z));
3423   Oilp_DIO(p_oilproduct,'02_COAL',z) = -1*sum((f_coa), WEB(f_coa, p_oilproduct, z));
3424   Oilp_DIO(p_oilproduct,'03_OIL',z) = -1*sum((f_oil), WEB(f_oil, p_oilproduct, z));
3425   Oilp_DIO(p_oilproduct,'04_GAS',z) = 0;
3426   Oilp_DIO(p_oilproduct,'05_MINING',z) = sum((f_mining), WEB(f_mining, p_oilproduct, z));
3427   Oilp_DIO(p_oilproduct,'06_FOODPRO',z) = sum((f_foodpro), WEB(f_foodpro, p_oilproduct, z));
3428   Oilp_DIO(p_oilproduct,'07_TEXTILES',z) = sum((f_textiles), WEB(f_textiles, p_oilproduct, z));
3429   Oilp_DIO(p_oilproduct,'08_WOODPRO',z) = sum((f_woodpro), WEB(f_woodpro, p_oilproduct, z));
3430   Oilp_DIO(p_oilproduct,'09_PAPERPRO',z) = sum((f_paperpro), WEB(f_paperpro, p_oilproduct, z));
3431   Oilp_DIO(p_oilproduct,'10_PETROLCOAL',z) = -1*sum((f_petrolcoal), WEB(f_petrolcoal, p_oilproduct, z));
3432   
3433   Oilp_DIO(p_oilproduct,'11_CHEMICAL',z) = sum((f_chemical), WEB(f_chemical, p_oilproduct, z))
3434  * + sum(f_tpetrochem, -1*WEB(f_tpetrochem, p_oilproduct, z)$(WEB(f_tpetrochem, p_oilproduct, z) lt 0))
3435   ;
3436   
3437   Oilp_DIO(p_oilproduct,'12_NONMET',z) = sum((f_nonmet), WEB(f_nonmet, p_oilproduct, z));
3438   Oilp_DIO(p_oilproduct,'13_IRONSTL',z) = sum((f_ironstl), WEB(f_ironstl, p_oilproduct, z));
3439   Oilp_DIO(p_oilproduct,'14_NONFERR',z) = sum((f_nonferr), WEB(f_nonferr, p_oilproduct, z));
3440   Oilp_DIO(p_oilproduct,'15_MACHINE',z) = sum((f_machine), WEB(f_machine, p_oilproduct, z));
3441   Oilp_DIO(p_oilproduct,'16_TRANSEQ',z) = sum((f_transeq), WEB(f_transeq, p_oilproduct, z));
3442   Oilp_DIO(p_oilproduct,'17_OTHERIND',z) = sum((f_otherind), WEB(f_otherind, p_oilproduct, z));
3443   Oilp_DIO(p_oilproduct,'18_TnD',z) = 0 ;
3444   Oilp_DIO(p_oilproduct,'19_eNuclear',z) = 0 ;
3445   Oilp_DIO(p_oilproduct,'20_eCoal',z) = 0 ;
3446   Oilp_DIO(p_oilproduct,'19_eNuclear',z) = 0 ;
3447   Oilp_DIO(p_oilproduct,'21_eGas',z) = 0 ;
3448   Oilp_DIO(p_oilproduct,'22_eOil',z) = -1*sum((f_elec), WEB(f_elec, p_oilproduct, z)) ;
3449   Oilp_DIO(p_oilproduct,'23_eWind',z) = 0 ;
3450   Oilp_DIO(p_oilproduct,'24_eSolar',z) = 0 ;
3451   Oilp_DIO(p_oilproduct,'25_eHydro',z) = 0 ;
3452   Oilp_DIO(p_oilproduct,'26_eOther',z) = 0 ;
3453   Oilp_DIO(p_oilproduct,'27_CONSTRUC',z) = sum((f_construc), WEB(f_construc, p_oilproduct, z));
3454   Oilp_DIO(p_oilproduct,'28_LTRP',z) = sum((f_roadrail), WEB(f_roadrail, p_oilproduct, z));
3455   Oilp_DIO(p_oilproduct,'29_WTRP',z) = sum((f_domewater), WEB(f_domewater, p_oilproduct, z));
3456   Oilp_DIO(p_oilproduct,'30_ATRP',z) = sum((f_domeair), WEB(f_domeair, p_oilproduct, z));
3457   Oilp_DIO(p_oilproduct,'31_SER',z) = sum((f_ser), WEB(f_ser, p_oilproduct, z));
3458   Oilp_CO(p_oilproduct,z) = sum((f_household), WEB(f_household, p_oilproduct, z));
3459   
3460   Oilp_Marine(p_oilproduct,z)   = -1*sum((f_marine_bunker), WEB(f_marine_bunker, p_oilproduct, z));
3461   Oilp_Aviation(p_oilproduct,z) = -1*sum((f_aviation_bunker), WEB(f_aviation_bunker, p_oilproduct, z));
3462   
3463  *Ratio
3464  Loop(j,
3465      OilpR_DIO(p_oilproduct,j,z)$(Oilp_DIO(p_oilproduct,j,z) gt 0)
3466           = Oilp_DIO(p_oilproduct,j,z)/sum(p_oilproduct2, Oilp_DIO(p_oilproduct2,j,z));
3467       );
3468   
3469   OilpR_CO(p_oilproduct,z)$(Oilp_CO(p_oilproduct,z) gt 0)  = Oilp_CO(p_oilproduct,z)/ sum(p_oilproduct2, Oilp_CO(p_oilproduct2,z));
3470   
3471  *Electricity/Heat
3472   Elec_DIO(p_elecheat,'01_AGRICULT',z) = sum((f_agri), WEB(f_agri, p_elecheat, z));
3473   Elec_DIO(p_elecheat,'02_COAL',z) = -1*sum((f_coa), WEB(f_coa, p_elecheat, z));
3474   Elec_DIO(p_elecheat,'03_OIL',z) = 0;
3475   Elec_DIO(p_elecheat,'04_GAS',z) = -1*sum((f_gas), WEB(f_gas, p_elecheat, z));
3476   Elec_DIO(p_elecheat,'05_MINING',z) = sum((f_mining), WEB(f_mining, p_elecheat, z));
3477   Elec_DIO(p_elecheat,'06_FOODPRO',z) = sum((f_foodpro), WEB(f_foodpro, p_elecheat, z));
3478   Elec_DIO(p_elecheat,'07_TEXTILES',z) = sum((f_textiles), WEB(f_textiles, p_elecheat, z));
3479   Elec_DIO(p_elecheat,'08_WOODPRO',z) = sum((f_woodpro), WEB(f_woodpro, p_elecheat, z));
3480   Elec_DIO(p_elecheat,'09_PAPERPRO',z) = sum((f_paperpro), WEB(f_paperpro, p_elecheat, z));
3481   Elec_DIO(p_elecheat,'10_PETROLCOAL',z) = -1*sum((f_petrolcoal), WEB(f_petrolcoal, p_elecheat, z));
3482   Elec_DIO(p_elecheat,'11_CHEMICAL',z) = sum((f_chemical), WEB(f_chemical, p_elecheat, z));
3483   Elec_DIO(p_elecheat,'12_NONMET',z) = sum((f_nonmet), WEB(f_nonmet, p_elecheat, z));
3484   Elec_DIO(p_elecheat,'13_IRONSTL',z) = sum((f_ironstl), WEB(f_ironstl, p_elecheat, z));
3485   Elec_DIO(p_elecheat,'14_NONFERR',z) = sum((f_nonferr), WEB(f_nonferr, p_elecheat, z));
3486   Elec_DIO(p_elecheat,'15_MACHINE',z) = sum((f_machine), WEB(f_machine, p_elecheat, z));
3487   Elec_DIO(p_elecheat,'16_TRANSEQ',z) = sum((f_transeq), WEB(f_transeq, p_elecheat, z));
3488   Elec_DIO(p_elecheat,'17_OTHERIND',z) = sum((f_otherind), WEB(f_otherind, p_elecheat, z));
3489   Elec_DIO(p_elecheat,'18_TnD',z) = 0 ;
3490   Elec_DIO(p_elecheat,'19_eNuclear',z) = 0 ;
3491   Elec_DIO(p_elecheat,'20_eCoal',z) = 0;
3492   Elec_DIO(p_elecheat,'19_eNuclear',z) = 0 ;
3493   Elec_DIO(p_elecheat,'21_eGas',z) = 0 ;
3494   Elec_DIO(p_elecheat,'22_eOil',z) = 0 ;
3495   Elec_DIO(p_elecheat,'23_eWind',z) = 0 ;
3496   Elec_DIO(p_elecheat,'24_eSolar',z) = 0 ;
3497   Elec_DIO(p_elecheat,'25_eHydro',z) = 0 ;
3498   Elec_DIO(p_elecheat,'26_eOther',z) = 0 ;
3499   Elec_DIO(p_elecheat,'27_CONSTRUC',z) = sum((f_construc), WEB(f_construc, p_elecheat, z));
3500   Elec_DIO(p_elecheat,'28_LTRP',z) = sum((f_roadrail), WEB(f_roadrail, p_elecheat, z));
3501   Elec_DIO(p_elecheat,'29_WTRP',z) = sum((f_domewater), WEB(f_domewater, p_elecheat, z));
3502   Elec_DIO(p_elecheat,'30_ATRP',z) = sum((f_domeair), WEB(f_domeair, p_elecheat, z));
3503   Elec_DIO(p_elecheat,'31_SER',z) = sum((f_ser), WEB(f_ser, p_elecheat, z));
3504   Elec_CO(p_elecheat,z) = sum((f_household), WEB(f_household, p_elecheat, z));
3505   
3506  *Ratio
3507  Loop(j,
3508      ElecR_DIO(p_elecheat,j,z)$(Elec_DIO(p_elecheat,j,z) gt 0)
3509           = Elec_DIO(p_elecheat,j,z)/sum(p_elecheat2, Elec_DIO(p_elecheat2,j,z));
3510       );
3511   
3512   ElecR_CO(p_elecheat,z)$(Elec_CO(p_elecheat,z) gt 0)  = Elec_CO(p_elecheat,z)/ sum(p_elecheat2, Elec_CO(p_elecheat2,z));
3513   
3514  *Waste
3515   Waste_DIO(p_Waste,'01_AGRICULT',z)   = sum((f_agri), WEB(f_agri, p_waste, z));
3516   Waste_DIO(p_Waste,'02_COAL',z)       = sum((f_coa), WEB(f_coa, p_waste, z));
3517   Waste_DIO(p_Waste,'03_OIL',z)        = sum((f_oil), WEB(f_oil, p_waste, z));
3518   Waste_DIO(p_Waste,'04_GAS',z)        = sum((f_gas), WEB(f_gas, p_waste, z));
3519   Waste_DIO(p_Waste,'05_MINING',z)     = sum((f_mining), WEB(f_mining, p_waste, z));
3520   Waste_DIO(p_Waste,'06_FOODPRO',z)    = sum((f_foodpro), WEB(f_foodpro, p_waste, z));
3521   Waste_DIO(p_Waste,'07_TEXTILES',z)   = sum((f_textiles), WEB(f_textiles, p_waste, z));
3522   Waste_DIO(p_Waste,'08_WOODPRO',z)    = sum((f_woodpro), WEB(f_woodpro, p_waste, z));
3523   Waste_DIO(p_Waste,'09_PAPERPRO',z)   = sum((f_paperpro), WEB(f_paperpro, p_waste, z));
3524   Waste_DIO(p_Waste,'10_PETROLCOAL',z) = sum((f_petrolcoal), WEB(f_petrolcoal, p_waste, z));
3525   Waste_DIO(p_Waste,'11_CHEMICAL',z)   = sum((f_chemical), WEB(f_chemical, p_waste, z));
3526   Waste_DIO(p_Waste,'12_NONMET',z)     = sum((f_nonmet), WEB(f_nonmet, p_waste, z));
3527   Waste_DIO(p_Waste,'13_IRONSTL',z)    = sum((f_ironstl), WEB(f_ironstl, p_waste, z));
3528   Waste_DIO(p_Waste,'14_NONFERR',z)    = sum((f_nonferr), WEB(f_nonferr, p_waste, z));
3529   Waste_DIO(p_Waste,'15_MACHINE',z)    = sum((f_machine), WEB(f_machine, p_waste, z));
3530   Waste_DIO(p_Waste,'16_TRANSEQ',z)    = sum((f_transeq), WEB(f_transeq, p_waste, z));
3531   Waste_DIO(p_Waste,'17_OTHERIND',z)   = sum((f_otherind), WEB(f_otherind, p_waste, z));
3532   Waste_DIO(p_Waste,'18_TnD',z)        = 0 ;
3533   Waste_DIO(p_Waste,'19_eNuclear',z)   = 0 ;
3534   Waste_DIO(p_Waste,'20_eCoal',z)      = 0 ;
3535   Waste_DIO(p_Waste,'19_eNuclear',z)   = 0 ;
3536   Waste_DIO(p_Waste,'21_eGas',z)       = 0 ;
3537   Waste_DIO(p_Waste,'22_eOil',z)       = 0 ;
3538   Waste_DIO(p_Waste,'23_eWind',z)      = 0 ;
3539   Waste_DIO(p_Waste,'24_eSolar',z)     = 0 ;
3540   Waste_DIO(p_Waste,'25_eHydro',z)     = 0 ;
3541   Waste_DIO(p_Waste,'26_eOther',z)     = -1*sum((f_elec), WEB(f_elec, p_waste, z)) ;
3542   Waste_DIO(p_Waste,'27_CONSTRUC',z)   = sum((f_construc), WEB(f_construc, p_waste, z));
3543   Waste_DIO(p_Waste,'28_LTRP',z)       = sum((f_roadrail), WEB(f_roadrail, p_waste, z));
3544   Waste_DIO(p_Waste,'29_WTRP',z)       = sum((f_domewater), WEB(f_domewater, p_waste, z));
3545   Waste_DIO(p_Waste,'30_ATRP',z)       = sum((f_domeair), WEB(f_domeair, p_waste, z));
3546   Waste_DIO(p_Waste,'31_SER',z)        = sum((f_ser), WEB(f_ser, p_waste, z));
3547   Waste_CO(p_Waste,z)                  = sum((f_household), WEB(f_household, p_waste, z));
3548   
3549  *Ratio
3550  Loop(j,
3551      WasteR_DIO(p_waste,j,z)$(Waste_DIO(p_waste,j,z) gt 0)
3552           = Waste_DIO(p_waste,j,z)/sum(p_waste2, Waste_DIO(p_waste2,j,z));
3553       );
3554   
3555   WasteR_CO(p_waste,z)$(Waste_CO(p_waste,z) gt 0) = Waste_CO(p_waste,z)/ sum(p_waste2, Waste_CO(p_waste2,z));
3556   
3557  *Bio
3558   Bio_DIO(p_Bio,'01_AGRICULT',z)   = sum((f_agri), WEB(f_agri, p_Bio, z));
3559   Bio_DIO(p_Bio,'02_COAL',z)       = sum((f_coa), WEB(f_coa, p_Bio, z));
3560   Bio_DIO(p_Bio,'03_OIL',z)        = sum((f_oil), WEB(f_oil, p_Bio, z));
3561   Bio_DIO(p_Bio,'04_GAS',z)        = sum((f_gas), WEB(f_gas, p_Bio, z));
3562   Bio_DIO(p_Bio,'05_MINING',z)     = sum((f_mining), WEB(f_mining, p_Bio, z));
3563   Bio_DIO(p_Bio,'06_FOODPRO',z)    = sum((f_foodpro), WEB(f_foodpro, p_Bio, z));
3564   Bio_DIO(p_Bio,'07_TEXTILES',z)   = sum((f_textiles), WEB(f_textiles, p_Bio, z));
3565   Bio_DIO(p_Bio,'08_WOODPRO',z)    = sum((f_woodpro), WEB(f_woodpro, p_Bio, z));
3566   Bio_DIO(p_Bio,'09_PAPERPRO',z)   = sum((f_paperpro), WEB(f_paperpro, p_Bio, z));
3567   Bio_DIO(p_Bio,'10_PETROLCOAL',z) = sum((f_petrolcoal), WEB(f_petrolcoal, p_Bio, z));
3568   Bio_DIO(p_Bio,'11_CHEMICAL',z)   = sum((f_chemical), WEB(f_chemical, p_Bio, z));
3569   Bio_DIO(p_Bio,'12_NONMET',z)     = sum((f_nonmet), WEB(f_nonmet, p_Bio, z));
3570   Bio_DIO(p_Bio,'13_IRONSTL',z)    = sum((f_ironstl), WEB(f_ironstl, p_Bio, z));
3571   Bio_DIO(p_Bio,'14_NONFERR',z)    = sum((f_nonferr), WEB(f_nonferr, p_Bio, z));
3572   Bio_DIO(p_Bio,'15_MACHINE',z)    = sum((f_machine), WEB(f_machine, p_Bio, z));
3573   Bio_DIO(p_Bio,'16_TRANSEQ',z)    = sum((f_transeq), WEB(f_transeq, p_Bio, z));
3574   Bio_DIO(p_Bio,'17_OTHERIND',z)   = sum((f_otherind), WEB(f_otherind, p_Bio, z));
3575   Bio_DIO(p_Bio,'18_TnD',z)        = 0 ;
3576   Bio_DIO(p_Bio,'19_eNuclear',z)   = 0 ;
3577   Bio_DIO(p_Bio,'20_eCoal',z)      = 0 ;
3578   Bio_DIO(p_Bio,'19_eNuclear',z)   = 0 ;
3579   Bio_DIO(p_Bio,'21_eGas',z)       = 0 ;
3580   Bio_DIO(p_Bio,'22_eOil',z)       = 0 ;
3581   Bio_DIO(p_Bio,'23_eWind',z)      = 0 ;
3582   Bio_DIO(p_Bio,'24_eSolar',z)     = 0 ;
3583   Bio_DIO(p_Bio,'25_eHydro',z)     = 0 ;
3584   Bio_DIO(p_Bio,'26_eOther',z)     = -1*sum((f_elec), WEB(f_elec, p_Bio, z)) ;
3585   Bio_DIO(p_Bio,'27_CONSTRUC',z)   = sum((f_construc), WEB(f_construc, p_Bio, z));
3586   Bio_DIO(p_Bio,'28_LTRP',z)       = sum((f_roadrail), WEB(f_roadrail, p_Bio, z));
3587   Bio_DIO(p_Bio,'29_WTRP',z)       = sum((f_domewater), WEB(f_domewater, p_Bio, z));
3588   Bio_DIO(p_Bio,'30_ATRP',z)       = sum((f_domeair), WEB(f_domeair, p_Bio, z));
3589   Bio_DIO(p_Bio,'31_SER',z)        = sum((f_ser), WEB(f_ser, p_Bio, z));
3590   Bio_CO(p_Bio,z)                  = sum((f_household), WEB(f_household, p_Bio, z));
3591   
3592   Bio_Marine(p_Bio,z)              = -1*sum((f_marine_bunker), WEB(f_marine_bunker, p_Bio, z));
3593   Bio_Aviation(p_Bio,z)            = -1*sum((f_aviation_bunker), WEB(f_aviation_bunker, p_Bio, z));
3594   
3595  *Ratio
3596  Loop(j,
3597      BioR_DIO(p_Bio,j,z)$(Bio_DIO(p_Bio,j,z) gt 0)
3598           = Bio_DIO(p_Bio,j,z)/sum(p_Bio2, Bio_DIO(p_Bio2,j,z));
3599       );
3600   
3601   BioR_CO(p_Bio,z)$(Bio_CO(p_Bio,z) gt 0) = Bio_CO(p_Bio,z)/ sum(p_Bio2, Bio_CO(p_Bio2,z));
3602   
3603   
3604  *Charcoal
3605   Charcoal_DIO(p_Charcoal,'01_AGRICULT',z)   = sum((f_agri), WEB(f_agri, p_Charcoal, z));
3606   Charcoal_DIO(p_Charcoal,'02_COAL',z)       = sum((f_coa), WEB(f_coa, p_Charcoal, z));
3607   Charcoal_DIO(p_Charcoal,'03_OIL',z)        = sum((f_oil), WEB(f_oil, p_Charcoal, z));
3608   Charcoal_DIO(p_Charcoal,'04_GAS',z)        = sum((f_gas), WEB(f_gas, p_Charcoal, z));
3609   Charcoal_DIO(p_Charcoal,'05_MINING',z)     = sum((f_mining), WEB(f_mining, p_Charcoal, z));
3610   Charcoal_DIO(p_Charcoal,'06_FOODPRO',z)    = sum((f_foodpro), WEB(f_foodpro, p_Charcoal, z));
3611   Charcoal_DIO(p_Charcoal,'07_TEXTILES',z)   = sum((f_textiles), WEB(f_textiles, p_Charcoal, z));
3612   Charcoal_DIO(p_Charcoal,'08_WOODPRO',z)    = sum((f_woodpro), WEB(f_woodpro, p_Charcoal, z));
3613   Charcoal_DIO(p_Charcoal,'09_PAPERPRO',z)   = sum((f_paperpro), WEB(f_paperpro, p_Charcoal, z));
3614   Charcoal_DIO(p_Charcoal,'10_PETROLCOAL',z) = sum((f_petrolcoal), WEB(f_petrolcoal, p_Charcoal, z));
3615   Charcoal_DIO(p_Charcoal,'11_CHEMICAL',z)   = sum((f_chemical), WEB(f_chemical, p_Charcoal, z));
3616   Charcoal_DIO(p_Charcoal,'12_NONMET',z)     = sum((f_nonmet), WEB(f_nonmet, p_Charcoal, z));
3617   Charcoal_DIO(p_Charcoal,'13_IRONSTL',z)    = sum((f_ironstl), WEB(f_ironstl, p_Charcoal, z));
3618   Charcoal_DIO(p_Charcoal,'14_NONFERR',z)    = sum((f_nonferr), WEB(f_nonferr, p_Charcoal, z));
3619   Charcoal_DIO(p_Charcoal,'15_MACHINE',z)    = sum((f_machine), WEB(f_machine, p_Charcoal, z));
3620   Charcoal_DIO(p_Charcoal,'16_TRANSEQ',z)    = sum((f_transeq), WEB(f_transeq, p_Charcoal, z));
3621   Charcoal_DIO(p_Charcoal,'17_OTHERIND',z)   = sum((f_otherind), WEB(f_otherind, p_Charcoal, z));
3622   Charcoal_DIO(p_Charcoal,'18_TnD',z)        = 0 ;
3623   Charcoal_DIO(p_Charcoal,'19_eNuclear',z)   = 0 ;
3624   Charcoal_DIO(p_Charcoal,'20_eCoal',z)      = 0 ;
3625   Charcoal_DIO(p_Charcoal,'19_eNuclear',z)   = 0 ;
3626   Charcoal_DIO(p_Charcoal,'21_eGas',z)       = 0 ;
3627   Charcoal_DIO(p_Charcoal,'22_eOil',z)       = 0 ;
3628   Charcoal_DIO(p_Charcoal,'23_eWind',z)      = 0 ;
3629   Charcoal_DIO(p_Charcoal,'24_eSolar',z)     = 0 ;
3630   Charcoal_DIO(p_Charcoal,'25_eHydro',z)     = 0 ;
3631   Charcoal_DIO(p_Charcoal,'26_eOther',z)     = -1*sum((f_elec), WEB(f_elec, p_Charcoal, z)) ;
3632   Charcoal_DIO(p_Charcoal,'27_CONSTRUC',z)   = sum((f_construc), WEB(f_construc, p_Charcoal, z));
3633   Charcoal_DIO(p_Charcoal,'28_LTRP',z)       = sum((f_roadrail), WEB(f_roadrail, p_Charcoal, z));
3634   Charcoal_DIO(p_Charcoal,'29_WTRP',z)       = sum((f_domewater), WEB(f_domewater, p_Charcoal, z));
3635   Charcoal_DIO(p_Charcoal,'30_ATRP',z)       = sum((f_domeair), WEB(f_domeair, p_Charcoal, z));
3636   Charcoal_DIO(p_Charcoal,'31_SER',z)        = sum((f_ser), WEB(f_ser, p_Charcoal, z));
3637   Charcoal_CO(p_Charcoal,z)                  = sum((f_household), WEB(f_household, p_Charcoal, z));
3638   
3639  *Ratio
3640  Loop(j,
3641      CharcoalR_DIO(p_Charcoal,j,z)$(Charcoal_DIO(p_Charcoal,j,z) gt 0)
3642           = Charcoal_DIO(p_Charcoal,j,z)/sum(p_Charcoal2, Charcoal_DIO(p_Charcoal2,j,z));
3643       );
3644   
3645   CharcoalR_CO(p_Charcoal,z)$(Charcoal_CO(p_Charcoal,z) gt 0) = Charcoal_CO(p_Charcoal,z)/ sum(p_Charcoal2, Charcoal_CO(p_Charcoal2,z));
3646   
3647  *Geothermal
3648   Geo_DIO(p_Geo,'01_AGRICULT',z)   = sum((f_agri), WEB(f_agri, p_Geo, z));
3649   Geo_DIO(p_Geo,'02_COAL',z)       = sum((f_coa), WEB(f_coa, p_Geo, z));
3650   Geo_DIO(p_Geo,'03_OIL',z)        = sum((f_oil), WEB(f_oil, p_Geo, z));
3651   Geo_DIO(p_Geo,'04_GAS',z)        = sum((f_gas), WEB(f_gas, p_Geo, z));
3652   Geo_DIO(p_Geo,'05_MINING',z)     = sum((f_mining), WEB(f_mining, p_Geo, z));
3653   Geo_DIO(p_Geo,'06_FOODPRO',z)    = sum((f_foodpro), WEB(f_foodpro, p_Geo, z));
3654   Geo_DIO(p_Geo,'07_TEXTILES',z)   = sum((f_textiles), WEB(f_textiles, p_Geo, z));
3655   Geo_DIO(p_Geo,'08_WOODPRO',z)    = sum((f_woodpro), WEB(f_woodpro, p_Geo, z));
3656   Geo_DIO(p_Geo,'09_PAPERPRO',z)   = sum((f_paperpro), WEB(f_paperpro, p_Geo, z));
3657   Geo_DIO(p_Geo,'10_PETROLCOAL',z) = sum((f_petrolcoal), WEB(f_petrolcoal, p_Geo, z));
3658   Geo_DIO(p_Geo,'11_CHEMICAL',z)   = sum((f_chemical), WEB(f_chemical, p_Geo, z));
3659   Geo_DIO(p_Geo,'12_NONMET',z)     = sum((f_nonmet), WEB(f_nonmet, p_Geo, z));
3660   Geo_DIO(p_Geo,'13_IRONSTL',z)    = sum((f_ironstl), WEB(f_ironstl, p_Geo, z));
3661   Geo_DIO(p_Geo,'14_NONFERR',z)    = sum((f_nonferr), WEB(f_nonferr, p_Geo, z));
3662   Geo_DIO(p_Geo,'15_MACHINE',z)    = sum((f_machine), WEB(f_machine, p_Geo, z));
3663   Geo_DIO(p_Geo,'16_TRANSEQ',z)    = sum((f_transeq), WEB(f_transeq, p_Geo, z));
3664   Geo_DIO(p_Geo,'17_OTHERIND',z)   = sum((f_otherind), WEB(f_otherind, p_Geo, z));
3665   Geo_DIO(p_Geo,'18_TnD',z)        = 0 ;
3666   Geo_DIO(p_Geo,'19_eNuclear',z)   = 0 ;
3667   Geo_DIO(p_Geo,'20_eCoal',z)      = 0 ;
3668   Geo_DIO(p_Geo,'19_eNuclear',z)   = 0 ;
3669   Geo_DIO(p_Geo,'21_eGas',z)       = 0 ;
3670   Geo_DIO(p_Geo,'22_eOil',z)       = 0 ;
3671   Geo_DIO(p_Geo,'23_eWind',z)      = 0 ;
3672   Geo_DIO(p_Geo,'24_eSolar',z)     = 0 ;
3673   Geo_DIO(p_Geo,'25_eHydro',z)     = 0 ;
3674   Geo_DIO(p_Geo,'26_eOther',z)     = -1*sum((f_elec), WEB(f_elec, p_Geo, z)) ;
3675   Geo_DIO(p_Geo,'27_CONSTRUC',z)   = sum((f_construc), WEB(f_construc, p_Geo, z));
3676   Geo_DIO(p_Geo,'28_LTRP',z)       = sum((f_roadrail), WEB(f_roadrail, p_Geo, z));
3677   Geo_DIO(p_Geo,'29_WTRP',z)       = sum((f_domewater), WEB(f_domewater, p_Geo, z));
3678   Geo_DIO(p_Geo,'30_ATRP',z)       = sum((f_domeair), WEB(f_domeair, p_Geo, z));
3679   Geo_DIO(p_Geo,'31_SER',z)        = sum((f_ser), WEB(f_ser, p_Geo, z));
3680   Geo_CO(p_Geo,z)                  = sum((f_household), WEB(f_household, p_Geo, z));
3681   
3682  *Ratio
3683  Loop(j,
3684      GeoR_DIO(p_Geo,j,z)$(Geo_DIO(p_Geo,j,z) gt 0)
3685           = Geo_DIO(p_Geo,j,z)/sum(p_Geo2, Geo_DIO(p_Geo2,j,z));
3686       );
3687   
3688   GeoR_CO(p_Geo,z)$(Geo_CO(p_Geo,z) gt 0) = Geo_CO(p_Geo,z)/ sum(p_Geo2, Geo_CO(p_Geo2,z));
3689   
3690  *Solar
3691   Solar_DIO(p_Solar,'01_AGRICULT',z)   = sum((f_agri), WEB(f_agri, p_Solar, z));
3692   Solar_DIO(p_Solar,'02_COAL',z)       = sum((f_coa), WEB(f_coa, p_Solar, z));
3693   Solar_DIO(p_Solar,'03_OIL',z)        = sum((f_oil), WEB(f_oil, p_Solar, z));
3694   Solar_DIO(p_Solar,'04_GAS',z)        = sum((f_gas), WEB(f_gas, p_Solar, z));
3695   Solar_DIO(p_Solar,'05_MINING',z)     = sum((f_mining), WEB(f_mining, p_Solar, z));
3696   Solar_DIO(p_Solar,'06_FOODPRO',z)    = sum((f_foodpro), WEB(f_foodpro, p_Solar, z));
3697   Solar_DIO(p_Solar,'07_TEXTILES',z)   = sum((f_textiles), WEB(f_textiles, p_Solar, z));
3698   Solar_DIO(p_Solar,'08_WOODPRO',z)    = sum((f_woodpro), WEB(f_woodpro, p_Solar, z));
3699   Solar_DIO(p_Solar,'09_PAPERPRO',z)   = sum((f_paperpro), WEB(f_paperpro, p_Solar, z));
3700   Solar_DIO(p_Solar,'10_PETROLCOAL',z) = sum((f_petrolcoal), WEB(f_petrolcoal, p_Solar, z));
3701   Solar_DIO(p_Solar,'11_CHEMICAL',z)   = sum((f_chemical), WEB(f_chemical, p_Solar, z));
3702   Solar_DIO(p_Solar,'12_NONMET',z)     = sum((f_nonmet), WEB(f_nonmet, p_Solar, z));
3703   Solar_DIO(p_Solar,'13_IRONSTL',z)    = sum((f_ironstl), WEB(f_ironstl, p_Solar, z));
3704   Solar_DIO(p_Solar,'14_NONFERR',z)    = sum((f_nonferr), WEB(f_nonferr, p_Solar, z));
3705   Solar_DIO(p_Solar,'15_MACHINE',z)    = sum((f_machine), WEB(f_machine, p_Solar, z));
3706   Solar_DIO(p_Solar,'16_TRANSEQ',z)    = sum((f_transeq), WEB(f_transeq, p_Solar, z));
3707   Solar_DIO(p_Solar,'17_OTHERIND',z)   = sum((f_otherind), WEB(f_otherind, p_Solar, z));
3708   Solar_DIO(p_Solar,'27_CONSTRUC',z)   = sum((f_construc), WEB(f_construc, p_Solar, z));
3709   Solar_DIO(p_Solar,'28_LTRP',z)       = sum((f_roadrail), WEB(f_roadrail, p_Solar, z));
3710   Solar_DIO(p_Solar,'29_WTRP',z)       = sum((f_domewater), WEB(f_domewater, p_Solar, z));
3711   Solar_DIO(p_Solar,'30_ATRP',z)       = sum((f_domeair), WEB(f_domeair, p_Solar, z));
3712   Solar_DIO(p_Solar,'31_SER',z)        = sum((f_ser), WEB(f_ser, p_Solar, z));
3713   Solar_CO(p_Solar,z)                  = sum((f_household), WEB(f_household, p_Solar, z));
3714   
3715  *Ratio
3716  Loop(j,
3717      SolarR_DIO(p_Solar,j,z)$(Solar_DIO(p_Solar,j,z) gt 0)
3718           = Solar_DIO(p_Solar,j,z)/sum(p_Solar2, Solar_DIO(p_Solar2,j,z));
3719       );
3720   
3721   SolarR_CO(p_Solar,z)$(Solar_CO(p_Solar,z) gt 0) = Solar_CO(p_Solar,z)/ sum(p_Solar2, Solar_CO(p_Solar2,z));
3722   
3723  *Coal non-energy
3724   NCoal_DIO(p_coal,'05_MINING',z) = sum(f_nemining, WEB(f_nemining, p_coal, z));
3725   NCoal_DIO(p_coal,'06_FOODPRO',z) = sum(f_nefoodpro, WEB(f_nefoodpro, p_coal, z));
3726   NCoal_DIO(p_coal,'07_TEXTILES',z) = sum(f_netextiles, WEB(f_netextiles, p_coal, z));
3727   NCoal_DIO(p_coal,'08_WOODPRO',z) = sum(f_newoodpro, WEB(f_newoodpro, p_coal, z));
3728   NCoal_DIO(p_coal,'09_PAPERPRO',z) = sum(f_nepaperpro, WEB(f_nepaperpro, p_coal, z));
3729   NCoal_DIO(p_coal,'11_CHEMICAL',z) = sum(f_nechemical, WEB(f_nechemical, p_coal, z));
3730   NCoal_DIO(p_coal,'12_NONMET',z) = sum(f_nenonmet, WEB(f_nenonmet, p_coal, z));
3731   NCoal_DIO(p_coal,'13_IRONSTL',z) = sum(f_neironstl, WEB(f_neironstl, p_coal, z));
3732   NCoal_DIO(p_coal,'14_NONFERR',z) = sum(f_nenonferr, WEB(f_nenonferr, p_coal, z));
3733   NCoal_DIO(p_coal,'15_MACHINE',z) = sum(f_nemachine, WEB(f_nemachine, p_coal, z));
3734   NCoal_DIO(p_coal,'16_TRANSEQ',z) = sum(f_netranseq, WEB(f_netranseq, p_coal, z));
3735   NCoal_DIO(p_coal,'17_OTHERIND',z) = sum(f_neotherind, WEB(f_neotherind, p_coal, z));
3736   NCoal_DIO(p_coal,'27_CONSTRUC',z) = sum(f_neconstruc, WEB(f_neconstruc, p_coal, z));
3737   NCoal_DIO(p_coal,'28_LTRP',z) = sum(f_netransport, WEB(f_netransport, p_coal, z));
3738  * NEC_DIO(p_coal,'29_WTRP',z) = sum((f_domewater), domewater_fne_coal(f_domewater, p_coal, z));
3739  * NEC_DIO(p_coal,'30_ATRP',z) = sum((f_domeair), domeair_fne_coal(f_domeair, p_coal, z));
3740   NCoal_DIO(p_coal,'31_SER',z) = sum(f_neother, WEB(f_neother, p_coal, z));
3741  * NEC_CO(p_coal,z) = sum((f_household), household_fne_coal(f_household, p_coal, z));
3742   
3743  *Ratio
3744  Loop(j,
3745      NCoalR_DIO(p_coal,j,z)$(NCoal_DIO(p_coal,j,z) gt 0)
3746           = NCoal_DIO(p_coal,j,z)/sum(p_coal2, NCoal_DIO(p_coal2,j,z));
3747       );
3748   
3749  *Gas non-energy
3750   NGas_DIO(p_gas,'05_MINING',z) = sum(f_nemining, WEB(f_nemining, p_gas, z));
3751   NGas_DIO(p_gas,'06_FOODPRO',z) = sum(f_nefoodpro, WEB(f_nefoodpro, p_gas, z));
3752   NGas_DIO(p_gas,'07_TEXTILES',z) = sum(f_netextiles, WEB(f_netextiles, p_gas, z));
3753   NGas_DIO(p_gas,'08_WOODPRO',z) = sum(f_newoodpro, WEB(f_newoodpro, p_gas, z));
3754   NGas_DIO(p_gas,'09_PAPERPRO',z) = sum(f_nepaperpro, WEB(f_nepaperpro, p_gas, z));
3755   NGas_DIO(p_gas,'11_CHEMICAL',z) = sum(f_nechemical, WEB(f_nechemical, p_gas, z));
3756   NGas_DIO(p_gas,'12_NONMET',z) = sum(f_nenonmet, WEB(f_nenonmet, p_gas, z));
3757   NGas_DIO(p_gas,'13_IRONSTL',z) = sum(f_neironstl, WEB(f_neironstl, p_gas, z));
3758   NGas_DIO(p_gas,'14_NONFERR',z) = sum(f_nenonferr, WEB(f_nenonferr, p_gas, z));
3759   NGas_DIO(p_gas,'15_MACHINE',z) = sum(f_nemachine, WEB(f_nemachine, p_gas, z));
3760   NGas_DIO(p_gas,'16_TRANSEQ',z) = sum(f_netranseq, WEB(f_netranseq, p_gas, z));
3761   NGas_DIO(p_gas,'17_OTHERIND',z) = sum(f_neotherind, WEB(f_neotherind, p_gas, z));
3762   NGas_DIO(p_gas,'27_CONSTRUC',z) = sum(f_neconstruc, WEB(f_neconstruc, p_gas, z));
3763   NGas_DIO(p_gas,'28_LTRP',z) = sum(f_netransport, WEB(f_netransport, p_gas, z));
3764  * NEG_DIO(p_gas,'29_WTRP',z) = sum((f_domewater), domewater_fne_gas(f_domewater, p_gas, z));
3765  * NEG_DIO(p_gas,'30_ATRP',z) = sum((f_domeair), domeair_fne_gas(f_domeair, p_gas, z));
3766   NGas_DIO(p_gas,'31_SER',z) = sum(f_neother, WEB(f_neother, p_gas, z));
3767  * NEG_CO(p_gas,z) = sum((f_household), household_fne_gas(f_household, p_gas, z));
3768   
3769  *Ratio
3770  Loop(j,
3771      NGasR_DIO(p_gas,j,z)$(NGas_DIO(p_gas,j,z) gt 0)
3772           = NGas_DIO(p_gas,j,z)/sum(p_gas2, NGas_DIO(p_gas2,j,z));
3773       );
3774   
3775  *Oil non-energy
3776   NOil_DIO(p_oil,'05_MINING',z) = sum(f_nemining, WEB(f_nemining, p_oil, z));
3777   NOil_DIO(p_oil,'06_FOODPRO',z) = sum(f_nefoodpro, WEB(f_nefoodpro, p_oil, z));
3778   NOil_DIO(p_oil,'07_TEXTILES',z) = sum(f_netextiles, WEB(f_netextiles, p_oil, z));
3779   NOil_DIO(p_oil,'08_WOODPRO',z) = sum(f_newoodpro, WEB(f_newoodpro, p_oil, z));
3780   NOil_DIO(p_oil,'09_PAPERPRO',z) = sum(f_nepaperpro, WEB(f_nepaperpro, p_oil, z));
3781   NOil_DIO(p_oil,'11_CHEMICAL',z) = sum(f_nechemical, WEB(f_nechemical, p_oil, z));
3782   NOil_DIO(p_oil,'12_NONMET',z) = sum(f_nenonmet, WEB(f_nenonmet, p_oil, z));
3783   NOil_DIO(p_oil,'13_IRONSTL',z) = sum(f_neironstl, WEB(f_neironstl, p_oil, z));
3784   NOil_DIO(p_oil,'14_NONFERR',z) = sum(f_nenonferr, WEB(f_nenonferr, p_oil, z));
3785   NOil_DIO(p_oil,'15_MACHINE',z) = sum(f_nemachine, WEB(f_nemachine, p_oil, z));
3786   NOil_DIO(p_oil,'16_TRANSEQ',z) = sum(f_netranseq, WEB(f_netranseq, p_oil, z));
3787   NOil_DIO(p_oil,'17_OTHERIND',z) = sum(f_neotherind, WEB(f_neotherind, p_oil, z));
3788   NOil_DIO(p_oil,'27_CONSTRUC',z) = sum(f_neconstruc, WEB(f_neconstruc, p_oil, z));
3789   NOil_DIO(p_oil,'28_LTRP',z) = sum(f_netransport, WEB(f_netransport, p_oil, z));
3790  * NEP_DIO(p_oil,'29_WTRP',z) = sum((f_domewater), domewater_fne_oilproduct(f_domewater, p_oilproduct, z));
3791  * NEP_DIO(p_oil,'30_ATRP',z) = sum((f_domeair), domeair_fne_oilproduct(f_domeair, p_oilproduct, z));
3792   NOil_DIO(p_oil,'31_SER',z) = sum(f_neother, WEB(f_neother, p_oil, z) );
3793  * NEP_CO(p_oillz) = sum((f_household), household_fne_oilproduct(f_household, p_oilproduct, z));
3794   
3795  *Ratio
3796  Loop(j,
3797      NOilR_DIO(p_oil,j,z)$(NOil_DIO(p_oil,j,z) gt 0)
3798           = NOil_DIO(p_oil,j,z)/sum(p_oil2, NOil_DIO(p_oil2,j,z));
3799       );
3800   
3801  *Oilproducts non-energy
3802   NOilp_DIO(p_oilproduct,'05_MINING',z) = sum(f_nemining, WEB(f_nemining, p_oilproduct, z));
3803   NOilp_DIO(p_oilproduct,'06_FOODPRO',z) = sum(f_nefoodpro, WEB(f_nefoodpro, p_oilproduct, z));
3804   NOilp_DIO(p_oilproduct,'07_TEXTILES',z) = sum(f_netextiles, WEB(f_netextiles, p_oilproduct, z));
3805   NOilp_DIO(p_oilproduct,'08_WOODPRO',z) = sum(f_newoodpro, WEB(f_newoodpro, p_oilproduct, z));
3806   NOilp_DIO(p_oilproduct,'09_PAPERPRO',z) = sum(f_nepaperpro, WEB(f_nepaperpro, p_oilproduct, z));
3807   NOilp_DIO(p_oilproduct,'11_CHEMICAL',z) = sum(f_nechemical, WEB(f_nechemical, p_oilproduct, z));
3808   NOilp_DIO(p_oilproduct,'12_NONMET',z) = sum(f_nenonmet, WEB(f_nenonmet, p_oilproduct, z));
3809   NOilp_DIO(p_oilproduct,'13_IRONSTL',z) = sum(f_neironstl, WEB(f_neironstl, p_oilproduct, z));
3810   NOilp_DIO(p_oilproduct,'14_NONFERR',z) = sum(f_nenonferr, WEB(f_nenonferr, p_oilproduct, z));
3811   NOilp_DIO(p_oilproduct,'15_MACHINE',z) = sum(f_nemachine, WEB(f_nemachine, p_oilproduct, z));
3812   NOilp_DIO(p_oilproduct,'16_TRANSEQ',z) = sum(f_netranseq, WEB(f_netranseq, p_oilproduct, z));
3813   NOilp_DIO(p_oilproduct,'17_OTHERIND',z) = sum(f_neotherind, WEB(f_neotherind, p_oilproduct, z));
3814   NOilp_DIO(p_oilproduct,'27_CONSTRUC',z) = sum(f_neconstruc, WEB(f_neconstruc, p_oilproduct, z));
3815   NOilp_DIO(p_oilproduct,'28_LTRP',z) = sum(f_netransport, WEB(f_netransport, p_oilproduct, z));
3816  * NEP_DIO(p_oilproduct,'29_WTRP',z) = sum((f_domewater), domewater_fne_oilproduct(f_domewater, p_oilproductproduct, z));
3817  * NEP_DIO(p_oilproduct,'30_ATRP',z) = sum((f_domeair), domeair_fne_oilproduct(f_domeair, p_oilproductproduct, z));
3818   NOilp_DIO(p_oilproduct,'31_SER',z) = sum(f_neother, WEB(f_neother, p_oilproduct, z) );
3819  * NEP_CO(p_oilproductlz) = sum((f_household), household_fne_oilproduct(f_household, p_oilproductproduct, z));
3820   
3821  *Ratio
3822  Loop(j,
3823      NOilpR_DIO(p_oilproduct,j,z)$(NOilp_DIO(p_oilproduct,j,z) gt 0)
3824           = NOilp_DIO(p_oilproduct,j,z)/sum(p_oilproduct2, NOilp_DIO(p_oilproduct2,j,z));
3825       );
3826   
3827   Coal_Total(p_coal,z) = sum(j,Coal_DIO(p_coal,j,z)) + Coal_CO(p_coal,z) ;
3828   Gas_Total(p_gas,z) = sum(j, Gas_DIO(p_gas,j,z)) + Gas_CO(p_gas,z) ;
3829   Oilp_Total(p_oilproduct,z) = sum(j, Oilp_DIO(p_oilproduct,j,z)) + Oilp_CO(p_oilproduct,z) ;
3830   ELec_Total(p_elecheat,z) = sum(j, ELec_DIO(p_elecheat,j,z)) + ELec_CO(p_elecheat,z) ;
3831   NCoal_Total(p_coal,z) = sum(j, NCoal_DIO(p_coal,j,z)) ;
3832   NGas_Total(p_gas,z) = sum(j, NGas_DIO(p_gas,j,z)) ;
3833   NOilp_Total(p_oilproduct,z) = sum(j, NOilp_DIO(p_oilproduct,j,z)) ;
3834   
3835  *Total Energy Supply
3836   TES_Coal(p_coal_TES,z)    =  sum(f_TES, WEB(f_TES, p_coal_TES, z));
3837   TES_Gas(p_gas,z)          =  sum(f_TES, WEB(f_TES, p_gas, z));
3838   TES_Oil(p_oil,z)          =  sum(f_TES, WEB(f_TES, p_oil, z));
3839   
3840   
3841  *=============================Eelectricity============================================================
3842   ElecNucGWh('19_eNuclear',z)  = sum((f_elecoutput, p_nuclear), WEB(f_elecoutput, p_nuclear,z));
3843   ElecCoalGWh('20_eCoal',z)    = sum((f_elecoutput, p_coal), WEB(f_elecoutput, p_coal,z));
3844   ElecGasGWh('21_eGas',z)      = sum((f_elecoutput, p_gas), WEB(f_elecoutput, p_gas,z));
3845   ElecOilGWh('22_eOil',z)      = sum((f_elecoutput, p_oilproduct), WEB(f_elecoutput, p_oilproduct,z));
3846   ElecWindGWh('23_eWind',z)    = sum((f_elecoutput, p_wind), WEB(f_elecoutput, p_wind,z));
3847   ElecSolarGWh('24_eSolar',z)  = sum((f_elecoutput, p_solar), WEB(f_elecoutput, p_solar,z));
3848   ElecHydroGWh('25_eHydro',z)  = sum((f_elecoutput, p_hydro), WEB(f_elecoutput, p_Hydro,z));
3849  * ElecOtherGWh('26_eOther',z)  = sum((f_elecoutput, p_elecother), WEB(f_elecoutput, p_elecother,z));
3850   ElecwasteGWh('26_eOther',z)  = sum((f_elecoutput, p_elecwaste), WEB(f_elecoutput, p_elecwaste,z));
3851   ElecbioGWh('26_eOther',z)    = sum((f_elecoutput, p_elecbio), WEB(f_elecoutput, p_elecbio,z));
3852   ElecgeoGWh('26_eOther',z)    = sum((f_elecoutput, p_elecgeo), WEB(f_elecoutput, p_elecgeo,z));
3853   ElecOtherGWh('26_eOther',z)  = sum((f_elecoutput, p_elecother), WEB(f_elecoutput, p_elecother,z));
3854   
3855  execute_unload 'Input_WEB/DATA_WEB-2019_250328.gdx',
3856  *Sets
3857  product, p_coal, p_oil, p_oilproduct, p_gas, p_elecheat,
3858   
3859  flow, f_elec,  f_agri, f_mining, f_foodpro, f_textiles, f_woodpro,f_paperpro,
3860  f_chemical, f_nonmet, f_ironstl, f_nonferr, f_machine, f_transeq, f_otherind,
3861  f_construc, f_ser, f_household, f_roadrail, f_domeair,  f_domewater,
3862  f_nemining, f_nefoodpro, f_netextiles, f_newoodpro, f_nepaperpro,
3863  f_nechemical,f_nenonmet, f_neironstl, f_nenonferr, f_nemachine,
3864  f_netranseq, f_neotherind, f_neconstruc, f_netransport, f_neother,
3865   
3866  *WEB
3867  WEB,
3868  Coal_DIO, Coal_CO, CoalR_DIO, CoalR_CO,
3869  Gas_DIO, Gas_CO, GasR_DIO, GasR_CO,
3870  Oil_DIO, Oil_CO, OilR_DIO,
3871  Oilp_DIO, Oilp_CO, OilpR_DIO, OilpR_CO,
3872  Elec_DIO, Elec_CO, ElecR_DIO,ElecR_CO,
3873  Waste_DIO, Waste_CO, WasteR_DIO, WasteR_CO,
3874  Bio_DIO, Bio_CO, BioR_DIO, BioR_CO,
3875  Charcoal_DIO, Charcoal_CO, CharcoalR_DIO, CharcoalR_CO,
3876  Geo_DIO, Geo_CO, GeoR_DIO, GeoR_CO,
3877  Solar_DIO, Solar_CO, SolarR_DIO, SolarR_CO,
3878  NCoal_DIO, NCoalR_DIO, NGas_DIO, NGasR_DIO,
3879  NOil_DIO, NOilR_DIO, NOilp_DIO, NOilpR_DIO,
3880   
3881  Coal_Total, Gas_Total, Oilp_Total, Elec_Total, NCoal_Total, NGas_Total, NOilp_Total,
3882   
3883  ElecNucGWh, ElecCoalGWh, ElecGasGWh, ElecOilGWh, ElecSolarGWh, ElecWindGWh, ElecHydroGWh, ElecwasteGWh, ElecbioGWh, ElecgeoGWh, ElecOtherGWh
3884   
3885  Coal_Marine,Coal_Aviation, Gas_Marine, Gas_Aviation, Oilp_Marine, Oilp_Aviation, Bio_Marine, Bio_Aviation
3886  ;
3887   
EXIT C:\Users\kimc0\GUIDE_GLOBAL_CGE\10. NEA_Integrated Carbon Market(ICM)\S5_NEAICM_ALL_NZ\DATA_WEB_2024.gms
INCLUDE    C:\Users\kimc0\GUIDE_GLOBAL_CGE\10. NEA_Integrated Carbon Market(ICM)\S5_NEAICM_ALL_NZ\DATA_CO2coef.gms
3890  *==============================================================================
3891  *  4.9 CO2 emission
3892  *==============================================================================
3893   
3894  Parameter
3895   CO2IO(product,j,z) ktCO2 industry j sector
3896   CO2HO(product,z)   ktCO2 residendital sector
3897   CH4IO(product,j,z) tCO2eq industry j sector
3898   CH4HO(product,z)   tCO2eq residendital sector
3899   N2OIO(product,j,z) tCO2eq industry j sector
3900   N2OHO(product,z)   tCO2eq residendital sector
3901   Marinebunker_CO2(product,z) ktCO2 marine bunker
3902   Aviationbunker_CO2(product,z) ktCO2 aviation bunker
3903   Marinebunker_CH4(product,z) tCO2eq marine bunker
3904   Aviationbunker_CH4(product,z) tCO2eq aviation bunker
3905   Marinebunker_N2O(product,z) tCO2eq marine bunker
3906   Aviationbunker_N2O(product,z) tCO2eq aviation bunker
3907   
3908   GWP_CH4            GWP 100 AR5
3909   GWP_N2O            GWP 100 AR5
3910   ;
3911   GWP_CH4 = 28;
3912   GWP_N2O = 265;
3913   
3914   CO2IO(p_coal,j,z)        = Coal_DIO(p_coal,j,z)*41.868*GHGsEF(p_coal,'CO2EF')*1*(44/12)*0.001 ;
3915   CO2IO(p_oil,j,z)         = Oil_DIO(p_oil,j,z)*41.868*GHGsEF(p_oil,'CO2EF')*1*(44/12)*0.001 ;
3916   CO2IO(p_gas,j,z)         = Gas_DIO(p_gas,j,z)*41.868*GHGsEF(p_gas,'CO2EF')*1*(44/12)*0.001 ;
3917   CO2IO(p_oilproduct,j,z)  = Oilp_DIO(p_oilproduct,j,z)*41.868*GHGsEF(p_oilproduct,'CO2EF')*1*(44/12)*0.001 ;
3918   
3919   CO2HO(p_coal,z) = Coal_CO(p_coal,z)*41.868*GHGsEF(p_coal,'CO2EF')*1*(44/12)*0.001 ;
3920   CO2HO(p_gas,z) = Gas_CO(p_gas,z)*41.868*GHGsEF(p_gas,'CO2EF')*1*(44/12)*0.001 ;
3921   CO2HO(p_oilproduct,z) = Oilp_CO(p_oilproduct,z)*41.868*GHGsEF(p_oilproduct,'CO2EF')*1*(44/12)*0.001 ;
3922   
3923  *==============================================================================
3924  *  4.10 Energy
3925  *==============================================================================
3926  Parameter
3927   EEI(product,j,z)  Energy intensity by industry sector ktoe per 10 billion $
3928   NEI(product,j,z)  Non-Energy intensity by production sectos ktoe per 10 billion $
3929   EHI(product,z)    Energy intensity by household ktoe per 10 billion $
3930   
3931   EEO(product,j,z)  Initial Industry energy consumption in region z ktoe
3932   NEO(product,j,z)  Initial Industry non energy consumption in region z ktoe
3933   EHO(product,z)    Initial Household energy consumption in region z ktoe
3934   
3935   Marinebunker(product,z)
3936   Aviationbunker(product,z)
3937  ;
3938   
3939   EEI(p_coal,j,z)$(DIO('02_COAL',j,z) gt 0)               = Coal_DIO(p_coal,j,z)/DEO('02_COAL',j,z);
3940   EEI(p_oil,j,z)$(DIO('03_OIL',j,z) gt 0)                 = Oil_DIO(p_oil,j,z)/DEO('03_OIL',j,z);
3941   EEI(p_gas,j,z)$(DIO('04_GAS',j,z) gt 0)                 = Gas_DIO(p_gas,j,z)/DEO('04_GAS',j,z);
3942   EEI(p_oilproduct,j,z)$(DIO('10_PETROLCOAL',j,z) gt 0)   = Oilp_DIO(p_oilproduct,j,z)/DEO('10_PETROLCOAL',j,z);
3943   EEI(p_elecheat,j,z)$(DIO('18_ELEC',j,z) gt 0)           = Elec_DIO(p_elecheat,j,z)/DEO('18_ELEC',j,z);
3944   EEI(p_waste,j,z)$XSTO(j,z)                                        = Waste_DIO(p_waste,j,z)/XSTO(j,z);
3945   EEI(p_bio,j,z)$XSTO(j,z)                                          = Bio_DIO(p_bio,j,z)/XSTO(j,z);
3946   EEI(p_charcoal,j,z)$XSTO(j,z)                                     = Charcoal_DIO(p_charcoal,j,z)/XSTO(j,z);
3947   EEI(p_solar,j,z)$XSTO(j,z)                                        = Solar_DIO(p_solar,j,z)/XSTO(j,z);
3948   EEI(p_geo,j,z) $XSTO(j,z)                                         = Geo_DIO(p_geo,j,z)/XSTO(j,z);
3949   
3950   NEI(p_coal,j,z)$(DIO('02_COAL',j,z) gt 0)               = NCoal_DIO(p_coal,j,z)/DEO('02_COAL',j,z);
3951   NEI(p_oil,j,z)$(DIO('03_OIL',j,z) gt 0)                 = NOil_DIO(p_oil,j,z)/DEO('03_OIL',j,z);
3952   NEI(p_gas,j,z)$(DIO('04_GAS',j,z) gt 0)                 = NGas_DIO(p_gas,j,z)/DEO('04_GAS',j,z);
3953   NEI(p_oilproduct,j,z)$(DIO('10_PETROLCOAL',j,z) gt 0)   = NOilp_DIO(p_oilproduct,j,z)/DEO('10_PETROLCOAL',j,z);
3954   
3955   EHI(p_coal,z)$(CO('02_COAL',z) gt 0)                    = Coal_CO(p_coal,z)/CO('02_COAL',z);
3956   EHI(p_oil,z)$(CO('03_OIL',z) gt 0)                      = Oil_CO(p_oil,z)/CO('03_OIL',z);
3957   EHI(p_gas,z)$(CO('04_GAS',z) gt 0)                      = Gas_CO(p_gas,z)/CO('04_GAS',z);
3958   EHI(p_oilproduct,z)$(CO('10_PETROLCOAL',z) gt 0)        = Oilp_CO(p_oilproduct,z)/CO('10_PETROLCOAL',z);
3959   EHI(p_elecheat,z)$(CO('18_ELEC',z) gt 0)                = Elec_CO(p_elecheat,z)/CO('18_ELEC',z);
3960   EHI(p_waste,z)                                          = Waste_CO(p_waste,z)/TOT_POP(z,'2019');
3961   EHI(p_bio,z)                                            = Bio_CO(p_bio,z)/TOT_POP(z,'2019');
3962   EHI(p_charcoal,z)                                       = Charcoal_CO(p_charcoal,z)/TOT_POP(z,'2019');
3963   EHI(p_solar,z)                                          = Solar_CO(p_solar,z)/TOT_POP(z,'2019');
3964   EHI(p_geo,z)                                            = Geo_CO(p_geo,z)/TOT_POP(z,'2019');
3965   
3966   EEO(p_coal,j,z)       = Coal_DIO(p_coal,j,z) ;
3967   EEO(p_gas,j,z)        = Gas_DIO(p_gas,j,z) ;
3968   EEO(p_oil,j,z)        = Oil_DIO(p_oil,j,z) ;
3969   EEO(p_oilproduct,j,z) = Oilp_DIO(p_oilproduct,j,z) ;
3970   EEO(p_elecheat,j,z)   = Elec_DIO(p_elecheat,j,z) ;
3971   EEO(p_waste,j,z)      = Waste_DIO(p_waste,j,z) ;
3972   EEO(p_bio,j,z)        = Bio_DIO(p_bio,j,z) ;
3973   EEO(p_charcoal,j,z)   = Charcoal_DIO(p_charcoal,j,z) ;
3974   EEO(p_solar,j,z)      = Solar_DIO(p_solar,j,z) ;
3975   EEO(p_geo,j,z)        = Geo_DIO(p_geo,j,z) ;
3976   
3977   NEO(p_coal,j,z)       = NCoal_DIO(p_coal,j,z) ;
3978   NEO(p_gas,j,z)        = NGas_DIO(p_gas,j,z) ;
3979   NEO(p_oilproduct,j,z) = NOilp_DIO(p_oilproduct,j,z) ;
3980   
3981   EHO(p_coal,z)         = Coal_CO(p_coal,z) ;
3982   EHO(p_gas,z)          = Gas_CO(p_gas,z) ;
3983   EHO(p_oil,z)          = Oil_CO(p_oil,z) ;
3984   EHO(p_oilproduct,z)   = Oilp_CO(p_oilproduct,z) ;
3985   EHO(p_elecheat,z)     = Elec_CO(p_elecheat,z) ;
3986   EHO(p_waste,z)        = Waste_CO(p_waste,z);
3987   EHO(p_bio,z)          = Bio_CO(p_bio,z);
3988   EHO(p_charcoal,z)     = Charcoal_CO(p_charcoal,z);
3989   EHO(p_solar,z)        = Solar_CO(p_solar,z);
3990   EHO(p_geo,z)          = Geo_CO(p_geo,z);
3991   
3992   Marinebunker(p_gas,z)          = gas_Marine(p_gas,z);
3993   Marinebunker(p_oilproduct,z)   = Oilp_Marine(p_oilproduct,z);
3994   Marinebunker(p_Bio,z)          = Bio_Marine(p_Bio,z);
3995   
3996   Aviationbunker(p_oilproduct,z) = Oilp_Aviation(p_oilproduct,z);
3997   
3998  *==============================================================================
3999  *  4.12 CO2FACTOR and CTAX
4000  *==============================================================================
4001  Parameters
4002   CO2_Energy(ene,j,z)        CO2 emissions from Energy
4003  ;
4004   
4005   CO2_Energy('02_COAL',j,z) = sum(p_coal,CO2IO(p_coal,j,z));
4006   CO2_Energy('03_OIL',j,z)  = sum(p_oil,CO2IO(p_oil,j,z));
4007   CO2_Energy('04_GAS',j,z)  = sum(p_gas,CO2IO(p_gas,j,z));
4008   CO2_Energy('10_PETROLCOAL',j,z)  = sum(p_oilproduct,CO2IO(p_oilproduct,j,z));
4009   
4010  Parameters
4011   CO2FACTOR(ene,j,z)       CO2 emissions factor (tCO2 per 100$)
4012   CO2FACTOR2(ene,j,z,time) Time series CO2 emissions factor (tCO2 per 100$)
4013  ;
4014   
4015   CO2FACTOR('02_COAL',j,z)$DEO('02_COAL',j,z) = [sum(p_coal,CO2IO(p_coal,j,z))/DEO('02_COAL',j,z)]*(1000/(10**8));
4016   CO2FACTOR('03_OIL',j,z)$DEO('03_OIL',j,z)   = [sum(p_oil,CO2IO(p_oil,j,z))/DEO('03_OIL',j,z)]*(1000/(10**8));
4017   CO2FACTOR('04_GAS',j,z)$DEO('04_GAS',j,z)   = [sum(p_gas,CO2IO(p_gas,j,z))/DEO('04_GAS',j,z)]*(1000/(10**8));
4018   CO2FACTOR('10_PETROLCOAL',j,z)$DEO('10_PETROLCOAL',j,z) = [sum(p_oilproduct,CO2IO(p_oilproduct,j,z))/DEO('10_PETROLCOAL',j,z)]*(1000/(10**8));
4019   
4020  Parameters
4021  Global_CO2FACTOR(ene,j)       Global Average CO2 emissions factor (tCO2 per 100$)
4022  ;
4023   
4024   Global_CO2FACTOR('02_COAL',j)            = [sum((p_coal,z),CO2IO(p_coal,j,z))/sum(z,DEO('02_COAL',j,z))]*(1000/(10**8));
4025   Global_CO2FACTOR('03_OIL',j)               = [sum((p_oil,z),CO2IO(p_oil,j,z))/sum(z,DEO('03_OIL',j,z))]*(1000/(10**8));
4026   Global_CO2FACTOR('04_GAS',j)              = [sum((p_gas,z),CO2IO(p_gas,j,z))/sum(z,DEO('04_GAS',j,z))]*(1000/(10**8));
4027   Global_CO2FACTOR('10_PETROLCOAL',j) = [sum((p_oilproduct,z),CO2IO(p_oilproduct,j,z))/sum(z,DEO('10_PETROLCOAL',j,z))]*(1000/(10**8));
4028   
      *MNG
      CO2FACTOR('02_COAL','31_SER','05_MNG')        = 2;
       
      *PRK
       CO2FACTOR('02_COAL','01_AGRICULT','06_PRK')        = CO2FACTOR('02_COAL','01_AGRICULT','05_MNG');
       CO2FACTOR('10_PETROLCOAL','01_AGRICULT','06_PRK')  = CO2FACTOR('10_PETROLCOAL','01_AGRICULT','05_MNG');
       CO2FACTOR('02_COAL','28_LTRP','06_PRK')            = CO2FACTOR('02_COAL','28_LTRP','05_MNG');
       CO2FACTOR('02_COAL','17_OTHERIND','06_PRK')        = CO2FACTOR('02_COAL','17_OTHERIND','05_MNG');
       
      *RUS
       CO2FACTOR('02_COAL','08_WOODPRO','04_RUS')    = CO2FACTOR('02_COAL','08_WOODPRO','10_EEU');
       CO2FACTOR('04_GAS','17_OTHERIND','04_RUS')      = SMAX(j$(not sameas(j, '17_OTHERIND')), CO2FACTOR('04_GAS', j, '04_RUS'));
       
      *LAM
       CO2FACTOR('04_GAS','02_COAL','08_LAM')             = CO2FACTOR('04_GAS','02_COAL','07_NAM');
       
      * CO2FACTOR(ene,j,z)$(CO2FACTOR(ene,j,z) gt 10) = 10 ;
4048   
4049  CO2FACTOR(ene, j, z)$(
4050      not sameas(j, '13_IRONSTL') and
4051      not sameas(j, '20_eCoal') and
4052      not sameas(j, '21_eGas') and
4053      not sameas(j, '22_eOil')
4054  ) = MIN(CO2FACTOR(ene, j, z), Global_CO2FACTOR(ene, j));
4055   
4056  *Otherind Sector
4057   CO2FACTOR('02_COAL','17_OTHERIND',Z)$DEO('02_COAL','17_OTHERIND',z) = Global_CO2FACTOR('02_COAL','20_eCoal');
4058   CO2FACTOR('03_OIL','17_OTHERIND',Z)$DEO('03_OIL','17_OTHERIND',z) = Global_CO2FACTOR('03_OIL','03_OIL');
4059   CO2FACTOR('04_GAS','17_OTHERIND',Z)$DEO('04_GAS','17_OTHERIND',z) = Global_CO2FACTOR('04_Gas','21_eGas');
4060   CO2FACTOR('10_PETROLCOAL','17_OTHERIND',Z)$DEO('10_PETROLCOAL','17_OTHERIND',z) = Global_CO2FACTOR('10_PETROLCOAL','22_eOil');
4061   
4062   CO2FACTOR(ene,j,z)$(CO2FACTOR(ene,j,z) lt 0) = 0.1 ;
4063   
4064   CO2FACTOR('02_COAL','20_eCoal','06_PRK') = CO2FACTOR('02_COAL','20_eCoal','05_MNG') ;
4065   
4066   CO2FACTOR('10_PETROLCOAL','22_eOil','06_PRK') = CO2FACTOR('10_PETROLCOAL','22_eOil','05_MNG') ;
4067   
4068   CO2FACTOR2(ene,j,z,time) = CO2FACTOR(ene,j,z);
4069   
4070  *===========
4071  * Coal 2.7tCO2 per 100$
4072  * CO2FACTOR2('02_COAL',j,z,time)$CO2FACTOR('02_COAL',j,z)           = 2.7 ;
4073  * Gas 1.8tCO2 per 100$
4074  * CO2FACTOR2('04_GAS',j,z,time)$CO2FACTOR('04_GAS',j,z)             = 0.67;
4075  * Oilrproduct  0.6tCO2 per 100$
4076  * CO2FACTOR2('10_PETROLCOAL',j,z,time)$CO2FACTOR('10_PETROLCOAL',j,z) = 0.67;
4077   
4078   
4079   
4080  PARAMETER
4081   EGINucGWh(j,z)    Nuclear GWh per 10 billion $
4082   EGICoalGWh(j,z)   Coal GWh per 10 billion $
4083   EGIGasGWh(j,z)    Gas GWh per 10 billion $
4084   EGIOilGWh(j,z)    Oil GWh per 10 billion $
4085   EGIWindGWh(j,z)   Wind GWh per 10 billion $
4086   EGISolarGWh(j,z)  Solar GWh per 10 billion $
4087   EGIHydroGWh(j,z)  Hydro GWh per 10 billion $
4088   EGIWasteGWh(j,z)  Waste GWh per 10 billion $
4089   EGIBioGWh(j,z)    Bio GWh per 10 billion $
4090   EGIGeoGWh(j,z)    Geothermal GWh per 10 billion $
4091   EGIOtherGWh(j,z)  Other GWh per 10 billion $
4092  ;
4093   
4094   EGINucGWh('19_eNuclear',z) = ElecNucGWh('19_eNuclear',z) / DSO_J('19_eNuclear',z);
4095   EGICoalGWh('20_eCoal',z)   = ElecCoalGWh('20_eCoal',z) / DSO_J('20_eCoal',z);
4096   EGIGasGWh('21_eGas',z)     = ElecGasGWh('21_eGas',z) / DSO_J('21_eGas',z);
4097   EGIOilGWh('22_eOil',z)     = ElecOilGWh('22_eOil',z) / DSO_J('22_eOil',z);
4098   EGIWindGWh('23_eWind',z)   = ElecWindGWh('23_eWind',z) / DSO_J('23_eWind',z);
4099   EGISolarGWh('24_eSolar',z) = ElecSolarGWh('24_eSolar',z) / DSO_J('24_eSolar',z);
4100   EGIHydroGWh('25_eHydro',z) = ElecHydroGWh('25_eHydro',z) / DSO_J('25_eHydro',z);
4101   EGIWasteGWh('26_eOther',z) = ElecWasteGWh('26_eOther',z) / DSO_J('26_eOther',z);
4102   EGIBioGWh('26_eOther',z)   = ElecBioGWh('26_eOther',z) / DSO_J('26_eOther',z);
4103   EGIGeoGWh('26_eOther',z)   = ElecGeoGWh('26_eOther',z) / DSO_J('26_eOther',z);
4104   EGIOtherGWh('26_eOther',z) = ElecOtherGWh('26_eOther',z) / DSO_J('26_eOther',z);
4105   
4106  PARAMETER
4107   CTAXO(z)           Initial Carbon tax $ per ton CO2
4108   TCTAXO(z)          Initial Government Revenue from Carbon tax
4109   NEA_REGIONAL_CTAXO
4110   PERMITO(j,z)       CO2 emissions
4111   PERMIT_TOTALO(z)   Total CO2 emissions (billion ton)
4112  ;
4113   CTAXO(z)           = 0;
4114   TCTAXO(z)          = 0;
4115   NEA_REGIONAL_CTAXO = 0;
4116   PERMITO(j,z)       = SUM(ene, CO2FACTOR(ene,j,z) * DEO(ene,j,z));
4117   PERMIT_TOTALO(z)   = SUM(j, PERMITO(j,z));
4118   
4119  *==============================================================================
4120  * Marginal abatement curves for emissions
4121  *==============================================================================
4122  PARAMETER
4123   alpha_CO2(ene,j,z)             Emissions responsiveness parameter
4124   gamma_CO2(ene,j,z)             Adjustment speed parameter
4125   MINCO2FACTOR(ene,j,z)          Minimum CO2 emission factor
4126   CTAX_CO2(ene,j,z,time)
4127   CO2FACTOR2_Star(ene,j,z,time)
4128  ;
4129   alpha_CO2(ene,j,z)     = 0.15;
4130   gamma_CO2(ene,j,z)     = 1.5;
4131   MINCO2FACTOR(ene,j,z)  = CO2FACTOR(ene,j,z) * 0.01;
4132   
4133  SCALAR
4134   adjustment_factor
4135   trigger_price
4136   SolarWind_TFP_BAU
4137   SolarWind_TFP_NDC
4138   SolarWind_TFP_NZ
4139   residual_ratio
4140  ;
4141   
4142   adjustment_factor = 0.5;
4143   trigger_price     = 1.0;
4144   SolarWind_TFP_BAU = 0.02;
4145   SolarWind_TFP_NDC = 0.02;
4146   SolarWind_TFP_NZ  = 0.04;
4147   residual_ratio  = 0.05;
4148   
4149   TIWO_Share(j,z)   = LDO(j,z) / LSO(z);
4150   TIKO_Share(k,j,z) = KDO(k,j,z) / KSO(k,z);
4151   TIPO_Share(j,z)   = XSTO(j,z) / SUM(jj, XSTO(jj,z));
4152   
4153  *==============================================================================
4154  * Direct Air Capture
4155  *==============================================================================
4156  PARAMETER
4157   DAC_TRIGGER            DAC trigger Price (100$ per tCO2)
4158   DAC_MAX(z)                Maximum DAC yearly
4159   DAC_growth_rate(z,time)
4160   DAC_Max_Pen(z)         Maximum Penetration
4161   DAC_Logistic_Coeff(z)  Logistic Growth Rate
4162   DAC_Inflection(z)      Inflection Lapse
4163   DAC_Start_Year(z)      First Triggered Year
4164   DAC_Tech_Coeff(i)
4165   switchDAC(z,time)      Binary parameter
4166   ;
4167   
4168  SCALAR DAC_Unit_Scale       100MilliontCO2 to tCO2 / 100000000 /;
4169  SCALAR DAC_Elec_Intensity   MWh needed per ton CO2 / 2.5 /;
4170  SCALAR Price_USD_MWh        USD per MWh / 107.14 /;
4171   
4172   DAC_TRIGGER               = 5.0;
4173   DAC_MAX(z)                = sum(j,PERMITO(j,z))*0.3;
4174   DAC_MAX('09_WEU')         = sum(j,PERMITO(j,'09_WEU'))*0.5;
4175   DAC_MAX('03_JPN')         = sum(j,PERMITO(j,'03_JPN'))*0.5;
4176   DAC_growth_rate(z,time)   = 0;
4177   DAC_Max_Pen(z)             = 1.0;
4178   DAC_Logistic_Coeff(z)      = 0.2;
4179   DAC_Inflection(z)            = 15;
4180   DAC_Start_Year(z)           = 0;
4181   DAC_Tech_Coeff('18_ELEC') = (DAC_Unit_Scale * DAC_Elec_Intensity * Price_USD_MWh) / 10**10;
4182   switchDAC(z,time)           = 0;
4183   
4184  *==============================================================================
4185  * Labour Supply
4186  *==============================================================================
4187  PARAMETER
4188   W_lag(z,time)         Wage rate of type l labor in region z
4189   PIXCON_lag(z,time)    Consumer price index in region z
4190   LS_lag(z,time)        Supply of type l labor in region z (T-1)
4191   LST_lag(z,time)       Supply of type l labor in region z (Trend T-1)
4192  ;
4193   
4194  *==============================================================================
4195  * Residual
4196  *==============================================================================
4197  Parameter MRGN_RES(i) "글로벌 마진 수급의 초기 데이터 불일치 흡수 잔차";
4198  * 초기 총공급량 - 초기 총수요량의 차이를 고정값으로 계산
4199  MRGN_RES(i) = SUM(z$MRGNO(i,z), MRGNO(i,z))
4200              - SUM((z,zj,ij)$IMO(ij,zj,z), tmrg(i,ij,zj,z) * IMO(ij,zj,z));
4201   
4202  Parameter YROW_RES(z) "YROW 총수입액 계산의 초기 데이터 소수점 오차 잔차";
4203  * 초기 장부상 총수입액(YROWO)과 개별 무역액 총합의 미세한 차이를 고정값으로 계산
4204  YROW_RES(z) = YROWO(z)
4205              - { 1.0 * SUM((i,zj)$IMO(i,zj,z), IMO(i,zj,z) * [PWMO(i,zj,z) + SUM(ij, PWMGO(ij) * tmrg(ij,i,zj,z))]) };
4206   
4207  *==============================================================================
4208  *  [ToT Calibration] Base Year FOB / CIF Values and Weights
4209  *==============================================================================
4210  PARAMETER
4211    VFOB0(i,z,zj)   "Base year FOB value of exports"
4212    VCIF0(i,zj,z)   "Base year CIF value of imports"
4213    W_EXP(i,z,zj)   "Bilateral export weight (Laspeyres)"
4214    W_IMP(i,zj,z)   "Bilateral import weight (Laspeyres)"
4215    PWX0(i,z,zj)    "Base year World FOB price"
4216    PCIF0(i,zj,z)   "Base year World CIF price"
4217    PX_INDEXO(z)
4218    PM_INDEXO(z)
4219    TOTO(z)
4220  ;
4221   
4222  * FOB 가치 = 수출물량 * 국제수출가격 * 환율
4223   VFOB0(i,z,zj) = eO(z) * PWXO(i,z,zj) * EXO(i,z,zj);
4224   
4225  * CIF 가치 = 수입물량 * (국제수입가격 + 국제운송마진) * 환율
4226   VCIF0(i,zj,z) = eO(z) * IMO(i,zj,z) * (PWMO(i,zj,z) + SUM(ij, PWMGO(ij) * tmrg(ij,i,zj,z)));
4227   
4228  * 2. 가중치 도출 (국가 z의 총 수출/수입액 대비 각 경로의 비중)
4229   W_EXP(i,z,zj)$SUM((ii,zjj), VFOB0(ii,z,zjj)) = VFOB0(i,z,zj) / SUM((ii,zjj), VFOB0(ii,z,zjj));
4230   W_IMP(i,zj,z)$SUM((ii,zjj), VCIF0(ii,zjj,z))  = VCIF0(i,zj,z) / SUM((ii,zjj), VCIF0(ii,zjj,z));
4231   
4232  * 3. 기준연도 가격 저장 (지수 분모용)
4233   PWX0(i,z,zj) = PWXO(i,z,zj);
4234   
4235   PCIF0(i,zj,z) = PWMO(i,zj,z) + SUM(ij, PWMGO(ij) * tmrg(ij,i,zj,z));
4236   
4237   PX_INDEXO(z) = SUM((i,zj)$VFOB0(i,z,zj), W_EXP(i,z,zj) * (PWXO(i,z,zj) / PWX0(i,z,zj)));
4238   
4239   PM_INDEXO(z) = SUM((i,zj)$VCIF0(i,zj,z), W_IMP(i,zj,z) * ( (PWMO(i,zj,z) + SUM(ij, PWMGO(ij) * tmrg(ij,i,zj,z))) / PCIF0(i,zj,z) ));
4240   
4241   TOTO(z)$PM_INDEXO(z) = PX_INDEXO(z) / PM_INDEXO(z);
4242  *execute_unload 'Calibration_Check_GTAP11c';
4243  *$exit
4244   
4245  *==============================================================================
4246  * Variable
4247  *==============================================================================
4248  *==============================================================================
4249  * Variables (Grouped for Readability)
4250  *==============================================================================
4251  VARIABLES
4252  * --- [1] Volume Variables (Real Quantities) ---
4253   C(i,z,time)             Consumption of commodity i by households in region z
4254   CABX(z,time)            Current account balance of region z in terms of the international currency
4255   CG(i,z,time)            Public consumption of commodity i in region z
4256   CI(j,z,time)            Total intermediate consumption of industry j in region z
4257   CE(j,z,time)            Total intermediate consumption of industry j in region z
4258   CMIN(i,z,time)          Minimum consumption of commodity i by households in region z
4259   CTH_REAL(z,time)        Real household consumption in region z
4260   DD(i,z,time)            Domestic demand for commodity i produced locally in region z
4261   DI(i,j,z,time)          Intermediate consumption of commodity i by industry j in region z
4262   DE(i,j,z,time)          Intermediate energy consumption of commodity i by industry j in region z
4263   DEelec(j2,z,time)       Intermediate energy consumption of commodity i by industry j in region z
4264   DEnelec(j2,z,time)      Intermediate energy consumption of commodity i by industry j in region z
4265   DEcoalgas(j2,z,time)    Intermediate energy consumption of commodity i by industry j in region z
4266   DEoilpetrol(j2,z,time)  Intermediate energy consumption of commodity i by industry j in region z
4267   DIT(i,z,time)           Total intermediate demand of commodity i in region z
4268   DS(j,i,z,time)          Supply of commodity i by sector j to the domestic market
4269   DS_I(i,z,time)          Supply of commodity i to the domestic market of region z
4270   EX(i,z,zj,time)         Quantity of product i exported by country z to country zj
4271   EXT(i,z,time)           Supply of composite commodity i by region z to the export market
4272   EXTT(j,i,z,time)        Supply of activity j to the export market i of region z
4273   G_REAL(z,time)          Current real government expenditures on goods and services in region z
4274   GDP_BP_REAL(z,time)     Real GDP at basic prices
4275   GDP_BP_W_REAL(time)     Real world GDP at basic prices
4276   GDP_MP_REAL(z,time)     Real GDP at market prices
4277   IM(i,zj,z,time)         Quantity of product i imported by country z from country zj
4278   IMT(i,z,time)           Quantity demanded of composite imports of commodity i by region z
4279   IND(k,j,z,time)         Volume of new type k capital investment to industry j in region z
4280   INV(i,z,time)           Final demand of commodity i for investment purposes (GFCF) in region z
4281   IT_REAL(z,time)         Real gross fixed capital formation
4282   KD(k,j,z,time)          Demand for type k capital by industry j in region z
4283   KDC(j,z,time)           Demand for composite capital by industry j in region z
4284   KS(k,z,time)            Supply of type k capital in region z
4285   LD(j,z,time)            Demand for type l labor by industry j in region z
4286   LDC(j,z,time)           Demand for composite labor by industry j in region z
4287   LS(z,time)              Supply of type l labor in region z
4288   LST(z,time)             Supply of type l labor in region z (Trend)
4289   MRGN(i,z,time)          Domestic production of commodity i in region z exported as international margin services
4290   Q(i,z,time)             Quantity demanded of composite commodity i in region z
4291   VA(j,z,time)            Value added of industry j in region z
4292   KLE(j,z,time)           KLE of industry j in region z
4293   XS(j,i,z,time)          Total output of industry j by commodity in region z
4294   XS_I(i,z,time)          Total output of commodity i in region z
4295   XST(j,z,time)           Total aggregate output of industry j in region z
4296   QPOWER(z,time)          Total power output in region z
4297   QBS(BS,Z_GRN,time)    Total ironstl output in region z
4298   QDAC(z,time)           100ktCO2
4299   TSFD(j,Z_GRN,time)      Demand for TSF
4300   VAT(BS,Z_GRN,time)      Quantity of Value-Added and TSF composite
4301   
4302  * --- [2] Price Variables ---
4303   e(z,time)               Exchange rate (price of international currency in terms of region z local currency)
4304   IR(z,time)              Interest rate
4305   P(i,z,time)             Basic price of commodity i in region z
4306   P2(j,i,z,time)          Basic price of industry js production of commodity i
4307   P3(i,j,z,time)          Basic price of power industry js production of commodity i
4308   P4(ene,j,z,time)        Basic energy commodity price of industry js production of commodity i
4309   PPOWER(z,time)          Basic price of composite power commodity in region z
4310   PBS(BS,Z_GRN,time)    Basic price of composite BS commodity in region z
4311   PI(i,z,time)            Basic price of composite activity commodity in region z
4312   PT(j,z,time)            Basic price of industry js output
4313   PC(i,z,time)            Purchaser price of composite commodity i (including all taxes and margins) in region z
4314   PCI(j,z,time)           Intermediate consumption price index of industry j in region z
4315   PCE(j,z,time)           Intermediate energy consumption price index of industry j in region z
4316   PCEelec(j2,z,time)      Intermediate energy consumption price index of industry j in region z
4317   PCEnelec(j2,z,time)     Intermediate energy consumption price index of industry j in region z
4318   PCEcoalgas(j2,z,time)   Intermediate energy consumption price index of industry j in region z
4319   PCEoilpetrol(j2,z,time) Intermediate energy consumption price index of industry j in region z
4320   PD(i,z,time)            Price of local product i sold on region z domestic market (including all taxes)
4321   PE(i,z,zj,time)         Price received for commodity i exported to region zj by region z (excluding export taxes)
4322   PET(i,z,time)           Border price of composite commodity i exported by region z
4323   PIXCON(z,time)          Consumer price index in region z
4324   PIXGDP(z,time)          GDP deflator in region z
4325   PIXGDP_W(time)          World GDP deflator
4326   PIXGVT(z,time)          Public expenditures price index in region z
4327   PIXINV(z,time)          Investment price index in region z
4328   PK(z,time)              Price of new capital in region z
4329   PL(i,z,time)            Price of local product i (excluding all taxes on products) in region z
4330   PM(i,zj,z,time)         Price of commodity i imported by region z from region zj (including all taxes duties and margins)
4331   PMT(i,z,time)           Price of composite commodity i imported by region z (including all taxes duties and margins)
4332   PP(j,z,time)            Unit cost of industry j in region z including taxes directly related to capital and labor
4333   PVA(j,z,time)           Price of industry j value added in region z (including taxes on production directly related to capital and labor)
4334   PKLE(j,z,time)          Price of industry j KLE in region z
4335   PWM(i,zj,z,time)        World price of commodity i imported from country zj by region z (expressed in international currency)
4336   PWMG(i,time)            World price of margin i (expressed in international currency)
4337   PWX(i,z,zj,time)        World price of commodity i exported to country zj by region z (expressed in international currency)
4338   R(k,j,z,time)           Rental rate of type k capital in industry j of region z
4339   RC(j,z,time)            Rental rate of industry j composite capital in region z
4340   RTI(k,j,z,time)         Rental rate paid by industry j for type k capital in region z including capital taxes
4341   U(z,time)               User cost of capital in region z
4342   W(z,time)               Wage rate of type l labor in region z
4343   WC(j,z,time)            Wage rate of industry j composite labor in region z
4344   WTI(j,z,time)           Wage rate paid z by industry j for type l labor in region including payroll taxes
4345   PVAT(BS,Z_GRN,time)     Price of VAT composite
4346   PTSF(BS,Z_GRN,time)     Price of TSF
4347   PX_INDEX(z,time)        Export price index (World FOB base)
4348   PM_INDEX(z,time)       Import price index (World CIF base)
4349   TOT(z,time)             Terms of Trade (PX_INDEX  PM_INDEX)
4350   
4351  * --- [3] Nominal (Value) Variables ---
4352   CAB(z,time)             Current account balance of region z
4353   CTH(z,time)             Consumption budget of households in region z
4354   DEP(z,time)             Amount of depreciation (capital consumption allowance) in region z
4355   G(z,time)               Current government expenditures on goods and services in region z
4356   GDP_BP(z,time)          Region z GDP at basic prices
4357   GDP_BP_W(time)          World GDP at basic prices
4358   GDP_FD(z,time)          Region z GDP at purchasers prices from the perspective of final demand
4359   GDP_IB(z,time)          Region z GDP at market prices (income-based)
4360   GDP_MP(z,time)          Region z GDP at market prices
4361   IT(z,time)              Total investment expenditures in region z
4362   SG(z,time)              Government savings in region z
4363   SH(z,time)              Household savings in region z
4364   SROW(z,time)            Rest-of-the-world savings with respect to region z
4365   TDH(z,time)             Household income taxes in region z
4366   TIC(i,z,time)           Government revenue from indirect taxes on commodity i in region z
4367   TICT(z,time)            Total government receipts of indirect taxes on commodities in region z
4368   TIK(k,j,z,time)         Government revenue from taxes on type k capital used by industry j in region z
4369   TIKT(z,time)            Total government revenue from from taxes on capital in region z
4370   TIM(i,zj,z,time)        Government revenue from duties on commodity i imported from region zj by region z
4371   TIMT(z,time)            Total government revenue from import duties in region z
4372   TIP(j,z,time)           Government revenue from taxes on industry j production in region z
4373   TIPT(z,time)            Total government revenue from production taxes in region z
4374   TIW(j,z,time)           Government revenue from payroll taxes on type l labor in industry j of region z
4375   TIWT(z,time)            Total government revenue from payroll taxes in region z
4376   TIX(i,z,zj,time)        Government revenue from export taxes on commodity i exported by region z to region zj
4377   TIXT(z,time)            Total government revenue from export taxes in region z
4378   TPRCTS(z,time)          Total government revenue from taxes on products and imports in region z
4379   TPRODN(z,time)          Total government revenue from other taxes on production in region z
4380   YDH(z,time)             Household disposable income in region z
4381   YG(z,time)              Total government income in region z
4382   YH(z,time)              Household total income in region z
4383   YHK(z,time)             Household capital income in region z
4384   YHL(z,time)             Household labor income in region z
4385   YROW(z,time)            Rest-of-the-world total income from region z
4386   
4387  * --- [4] Policy & Other Variables ---
4388   CTAX(z,time)            Carbon tax in region z
4389   TCTAX(z,time)           Government revenue from Carbon tax
4390   NEA_REGIONAL_CTAX(time)
4391   PERMIT(j,z,time)        Permits by sector
4392   PERMIT_TOTAL(z,time)    Total permits
4393   deltatik(j,z,time)      Delta tax on capital
4394   deltatip(j,z,time)      Delta tax on production
4395   REBATE(z,time)          Carbon tax rebate
4396   TIW_Share(j,z,time)     Wage tax share
4397   LaborRebate(j,z,time)   Labor tax rebate
4398   phi(z,time)             Scale variable (allocation of investment to industries)
4399   sh0(z,time)             Intercept (household savings)
4400   sh1(z,time)             Slope (household savings)
4401   ttdh0(z,time)           Intercept (household income tax)
4402   ttdh1(z,time)           Slope (household income tax)
4403   ttic(i,z,time)          Tax rate on commodity i
4404   ttik(k,j,z,time)        Tax rate on capital k used in industry j
4405   ttim(i,zj,z,time)       Rate of taxes and duties on imports of commodity i from country zj
4406   ttip(j,z,time)          Tax rate on the production of industry j
4407   ttiw(j,z,time)          Tax rate on type l worker compensation in industry j
4408   ttix(i,z,zj,time)       Export tax rate on exported commodity i
4409   A_VA(z,time)            Multifactor productivity
4410   LEON(z,time)            Excess supply on the last market in region z
4411   OBJ                     Objective function value
4412  ;
4413   
4414  *==============================================================================
4415  * Equations Declaration
4416  *==============================================================================
4417  EQUATIONS
4418  * --- Production and Inputs ---
4419   EQ1(j,z,time)           Leontief - demand for value added
4420   EQ1_1(j,z,time)         Leontief - demand for KLE (Industries)
4421   EQ2(j,z,time)           Leontief - demand for intermediate consumption
4422   EQ2_1(j,z,time)         Leontief - demand for intermediate energy consumption (Energy Industries)
4423   EQ3(j,z,time)           CES - combination of labor and capital
4424   EQ3_1(j,z,time)         CES - combination of composite energy and value added
4425   EQ4(j,z,time)           CES - demand for composite labor
4426   EQ4_1(j,z,time)         Demand for value added relative to composite energy
4427   EQ5(j,z,time)           CES between labor categories
4428   EQ7(j,z,time)           CES between capital categories
4429   EQ8(k,j,z,time)         Demand for capital
4430   EQ9(i,j,z,time)         Leontief - demand for commodity i by sector j
4431   EQ9_1(ene,j3,z,time)    Energy nesting
4432   EQ9_2(j2,z,time)        Nested CES - Level 1
4433   EQ9_3(j2,z,time)        Nested CES - Level 2
4434   EQ9_4(j2,z,time)        Nested CES - Level 3
4435   EQ9_5(j2,z,time)        Nested CES - Level 4
4436   EQ9_6(ene2,j2,z,time)   Nested CES - Level 5
4437   EQ9_7(ene5,j2,z,time)   Nested CES - Level 6
4438   EQ9_8(ene6,j2,z,time)   Nested CES - Level 7
4439   
4440  * --- Income and Savings ---
4441   EQ10(z,time)            Household total income
4442   EQ11(z,time)            Household labor income
4443   EQ12(z,time)            Household capital income
4444   EQ13(z,time)            Household disposable income
4445   EQ14(z,time)            Household consumption budget
4446   EQ15(z,time)            Household savings
4447   EQ16(z,time)            Government total income
4448   EQ16_1(z,time)          Government revenue from Ctax
4449   EQ17(z,time)            Total government receipts of taxes on production
4450   EQ18(z,time)            Government receipts of indirect taxes on wages
4451   EQ19(z,time)            Government receipts of indirect taxes on capital
4452   EQ20(z,time)            Government receipts of indirect taxes on production
4453   EQ21(z,time)            Total government receipts of taxes on products and imports
4454   EQ22(z,time)            Government receipts of indirect taxes on consumption
4455   EQ23(z,time)            Government receipts of indirect taxes on imports
4456   EQ24(z,time)            Government receipts of indirect taxes on exports
4457   EQ25(z,time)            Household income taxes
4458   EQ26(j,z,time)          Government receipts of indirect taxes on wages
4459   EQ27(k,j,z,time)        Government receipts of indirect taxes on capital
4460   EQ28(j,z,time)          Government receipts of indirect taxes on production of industry j
4461   EQ29(i,z,time)          Government receipts of indirect taxes on commodity i
4462   EQ30(i,zj,z,time)       Government receipts of indirect taxes on imports of commodity i
4463   EQ31(i,z,zj,time)       Government receipts of indirect taxes on exports of commodity i
4464   EQ32(z,time)            Government savings
4465   EQ33(z,time)            Rest of the world total income
4466   EQ34(z,time)            Rest of the world savings
4467   EQ35(z,time)            Equivalence between current account balance and savings
4468   
4469  * --- Demand and Trade ---
4470   EQ36(i,z,time)          Household consumption of commodity i
4471   EQ37(i,z,time)          Final demand of commodity i for investment purposes
4472   EQ38(i,z,time)          Public final consumption of commodity i
4473   EQ39(i,z,time)          Total intermediate consumption of commodity i
4474   EQ39_1(i,z,time)        Total intermediate consumption of commodity i
4475   EQ39_2(i,z,time)        Total intermediate consumption of commodity i
4476   EQ40_3(i,z,time)        Domestic supply by commdities
4477   EQ40_4(j,z,time)        Total supply by commdities
4478   EQ40_5(i,z,time)        CET function between exports local production and margins
4479   EQ41(i,z,time)          Supply of composite exports
4480   EQ42(i,z,time)          Supply of margins
4481   EQ43(i,z,time)          CET function between exports by trading partner
4482   EQ44(i,z,zj,time)       Supply of exports by trading partner
4483   EQ45(i,z,time)          CES function between composite imports and local production
4484   EQ46(i,z,time)          Demand for composite imports
4485   EQ47(i,z,time)          CES function between imports by origin
4486   EQ48(i,zj,z,time)       Demand for imports by origin
4487   
4488  * --- Prices ---
4489   EQ49(j,z,time)          Producer price in energy industries j after production taxes
4490   EQ49_1(j,z,time)        Producer price in industry j after production taxes
4491   EQ50(j,z,time)          Basic price of industry j production
4492   EQ51(j,z,time)          Price index of industry j intermediate consumption
4493   EQ51_1(j2,z,time)       Price index nested CES
4494   EQ51_2(j3,z,time)       Price index nested CES
4495   EQ51_3(j2,z,time)       Price index nested CES
4496   EQ51_4(j2,z,time)       Price index nested CES
4497   EQ51_5(j2,z,time)       Price index nested CES
4498   EQ51_6(j2,z,time)       Price index nested CES
4499   EQ52(j,z,time)          Value added price
4500   EQ52_1(j,z,time)        KLE price
4501   EQ53(j,z,time)          Price of composite labor in industry j (redundant)
4502   EQ54(j,z,time)          Wages including taxes
4503   EQ54_1(ene,j,z,time)    Energy commodity prices
4504   EQ56(k,j,z,time)        Rental rate including taxes
4505   EQ58(i,z,time)          Producer price is a weighted sum of PE and PL
4506   EQ60(i,z,zj,time)       Border price of exported commodity i
4507   EQ61(i,z,time)          Price of local product i (including all taxes and margins)
4508   EQ62(i,zj,z,time)       Price of imported commodity i (including all taxes and duties)
4509   EQ64(i,z,time)          Consumer price is a weighted sum of PD and PM
4510   EQ66(z,time)            GDP deflator (Fischer index)
4511   EQ67(time)              World GDP deflator (Fischer index)
4512   EQ68(z,time)            Consumer price index (Laspeyres)
4513   EQ69(z,time)            Investment price index (derived from investment function)
4514   EQ70(z,time)            Public expenditure price index
4515   
4516  * --- Equilibrium and Macro ---
4517   EQ71(i1,z,time)         Domestic absorbtion
4518   EQ72(z,time)            Labor supply equals labor demand
4519   EQ73(k,z,time)          Capital supply equals capital demand
4520   EQ74(z,time)            Total investment equals total savings
4521   EQ75(z,time)            Depreciation
4522   EQ76(i,z,time)          Supply of domestic production equals demand
4523   EQ77(i,z,zj,time)       Exports supply equals imports demand
4524   EQ78(i,z,zj,time)       Exports price equals imports price
4525   EQ79(i,time)            World demand for margins equals world supply
4526   EQ81(z,time)            GDP at basic prices
4527   EQ82(z,time)            GDP at market prices
4528   EQ83(z,time)            GDP at market prices (income-based)
4529   EQ84(z,time)            GDP at market prices (expenditure-based)
4530   EQ85(time)              World GDP
4531   EQ86(z,time)            Real consumption budget of type h households
4532   EQ87(z,time)            Real current government expenditures on goods and services
4533   EQ88(z,time)            Real GDP at basic prices
4534   EQ89(time)              Real world GDP at basic prices
4535   EQ90(z,time)            Real GDP at market prices
4536   EQ91(z,time)            Real gross fixed capital formation
4537   EQ92(z,time)            Current account balance of region z in terms of the reference currency
4538   WALRAS(z,time)          Walras law verification
4539   
4540  * --- Nested Trade & Output ---
4541   EQA_1(z,time)           Top Nest - Leontief function Aggregated-Electricity
4542   EQA_2(Z,time)           Top Nest - Leontief function Aggregated-Electricity
4543   EQA_3(BS, Conv, I_BS, Z_GRN, time)       Top Nest - Other
4544   EQA_3_OTH(BS, Conv, I_BS, Z_OTH, time)  Top Nest - OTH IRONSTAL
4545   EQA_4(z,time)           Second Nest - CES function - Aggregated-Electricity
4546   EQA_5(POWER,i,z,time)   Second Nest - CES function - Aggregated-Electricity
4547   EQA_6(BS, Conv, I_BS, Z_GRN, time)       Second Nest - CES function - Aggregated-Backstop
4548   EQA_7_CONV(BS, Conv, I_BS, Z_GRN, time)
4549   EQA_7_BS(BS, Conv, I_BS, Z_GRN, time)
4550   EQB_1(i2,z,time)        Industry j production of commodity i (CES)
4551   EQB_2(j,i2,z,time)      Industry j production
4552   EQB_3(j,i,z,time)       Total producer price is equal to P if there is only one product
4553   EQB_4(j,i,z,time)       Basic price of industry js production of commodity i
4554   EQB_5(j,i,z,time)       Supply of exports for compsite activity
4555   
4556  * --- Dynamics and Labor ---
4557   EQ94(z,time)            Total investment expenditure constraint
4558   EQ95(z,time)            Aggregate price of capital
4559   EQ96(k,bus,z,time)      Investment demand by industry
4560   EQ97a(z,time)           Interest rate (weighted average rate of return on capital)
4561   EQ97b(z,time)           User cost of capital
4562   EQ106(z,time)           Labor supply
4563   
4564  * --- Climate Policy (CTAX, Permits, DAC) ---
4565   EQ107(j,z,time)         Permit calculation by sector
4566   EQ108(z,time)           Total permits
4567   EQ109(z,time)           Carbon tax rebate
4568   EQ110(j,z,time)         Wage share for rebate
4569   EQ111(j,z,time)         Labor rebate
4570   EQ118(z,time)           DAC volume
4571   EQ_OBJ                  Objective function
4572   EQ_NEA_Cap(time)
4573   EQ_NEA_Price_Sync(NEA, time)
4574   EQ_Independent_Cap(PERMITOTH, time)
4575   
4576  * --- Green Steel (VAT Nest) ---
4577   EQ_TSFMKT(BS,Z_GRN,time)   TSF Market clearing condition
4578   EQ_TSFD(BS,Z_GRN,time)     Demand function for TSF (Leontief)
4579   EQ_VAT_REQ(BS,Z_GRN, time) VAT composite requirement
4580   EQ_PVAT(BS,Z_GRN, time)    Price of VAT composite
4581   EQ_VA_GRN(BS,Z_GRN, time)  Value added for Green Steel
4582   EQ_PP_GRN(BS,Z_GRN, time)  Producer price for Green Steel
4583   
4584  * --- Terms of Trade ---
4585   EQ_PX_INDEX(z,time)     Export price index equation
4586   EQ_PM_INDEX(z,time)     Import price index equation
4587   EQ_TOT(z,time)          Terms of Trade equation
4588   
4589  ;
4590   
4591  *==============================================================================
4592  * 5.3 Equation Definitions
4593  *==============================================================================
4594   
4595  *==============================================================================
4596  * 5.3.1 Production
4597  *==============================================================================
4598  EQ1(j3,z,t)$[not BS(j3)]..
4599      VA(j3,z,t) =e= v(j3,z) * XST(j3,z,t);
4600   
4601   EQ1_1(j2,z,t)..
4602      KLE(j2,z,t) =e= v2(j2,z) * XST(j2,z,t);
4603   
4604   EQ2(j,z,t)..
4605      CI(j,z,t) =e= io(j,z) * XST(j,z,t);
4606   
4607   EQ2_1(j3,z,t)..
4608      CE(j3,z,t) =e= io2(j3,z) * XST(j3,z,t);
4609   
4610   EQ3(j,z,t)$[XSTO(j,z)]..
4611      VA(j,z,t) =e= A_VA(z,t) * B_VA_t(j,z,t) * {
4612                    [beta_VA(j,z) * LDC(j,z,t)**(-rho_VA(j,z))]$LDCO(j,z)
4613                  + [(1 - beta_VA(j,z)) * KDC(j,z,t)**(-rho_VA(j,z))]$KDCO(j,z)
4614                  }**(-1 / rho_VA(j,z));
4615   
4616   EQ3_1(j2,z,t)..
4617      KLE(j2,z,t) =e= B_KLE(j2,z) * {
4618                      [beta_KLE(j2,z) * VA(j2,z,t)**(-rho_KLE(j2,z))]$VAO(j2,z)
4619                    + [(1 - beta_KLE(j2,z)) * CE(j2,z,t)**(-rho_KLE(j2,z))]$CEO(j2,z)
4620                    }**(-1 / rho_KLE(j2,z));
4621   
4622  EQ4_1(j2,z,t)$[VAO(j2,z) and CEO(j2,z)]..
4623      VA(j2,z,t) * (beta_KLE2(j2,z)**sigma_KLE(j2,z)) * (PVA(j2,z,t)**sigma_KLE(j2,z))
4624      =e= ((1 - beta_KLE2(j2,z))**sigma_KLE(j2,z)) * (PCE(j2,z,t)**sigma_KLE(j2,z)) * CE(j2,z,t);
4625   
4626   EQ4(j,z,t)$[LDCO(j,z) and KDCO(j,z)]..
4627      LDC(j,z,t) =e= {[beta_VA(j,z) / (1 - beta_VA(j,z))]
4628                     *[RC(j,z,t) / WC(j,z,t)]}**sigma_VA(j,z) * KDC(j,z,t);
4629   
4630   EQ5(j,z,t)$LDCO(j,z)..
4631      LDC(j,z,t) =e= LD(j,z,t);
4632   
4633   EQ7(j,z,t)$KDCO(j,z)..
4634      KDC(j,z,t) =e= B_KD(j,z) * SUM[k$KDO(k,j,z), beta_KD(k,j,z)
4635                     * KD(k,j,z,t)**(-rho_KD(j,z))]**(-1 / rho_KD(j,z));
4636   
4637   EQ8(k,j,z,t)$KDO(k,j,z)..
4638      KD(k,j,z,t) =e= [beta_KD(k,j,z) * RC(j,z,t) / RTI(k,j,z,t)]**sigma_KD(j,z)
4639                    * B_KD(j,z)**(sigma_KD(j,z) - 1) * KDC(j,z,t);
4640   
4641   EQ9(nene,j,z,t)..
4642      DI(nene,j,z,t) =e= aij_t(nene,j,z,t) * CI(j,z,t);
4643   
4644   EQ9_1(ene,j3,z,t)..
4645      DE(ene,j3,z,t) =e= aij2_t(ene,j3,z,t) * CE(j3,z,t) * AEEI(z,t);
4646   
4647  *============================= Level 1, 2, 3 (CES Energy Nesting) =====================
4648   EQ9_2(j2,z,t)..
4649      CE(j2,z,t) =e= B_ENER_elec(j2,z) * {
4650                     [(beta_ENER_elec(j2,z)) * DEelec(j2,z,t)**(-rho_ENER_elec(j2,z))]
4651                   + [(1 - beta_ENER_elec(j2,z)) * DEnelec(j2,z,t)**(-rho_ENER_elec(j2,z))]
4652                   }**(-1 / rho_ENER_elec(j2,z));
4653   
4654   EQ9_3(j2,z,t)..
4655      DEnelec(j2,z,t) =e= {[(1 - beta_ENER_elec(j2,z)) / (beta_ENER_elec(j2,z))]
4656                          *[PCEelec(j2,z,t) / PCEnelec(j2,z,t)]}**sigma_ENER_elec(j2,z) * DEelec(j2,z,t);
4657   
4658   EQ9_4(j2,z,t)..
4659      DEnelec(j2,z,t) =e= B_ENER_nelec(j2,z) * {
4660                          [(beta_ENER_nelec(j2,z)) * DEcoalgas(j2,z,t)**(-rho_ENER_nelec(j2,z))]
4661                        + [(1 - beta_ENER_nelec(j2,z)) * DEoilpetrol(j2,z,t)**(-rho_ENER_nelec(j2,z))]
4662                        }**(-1 / rho_ENER_nelec(j2,z));
4663   
4664   EQ9_5(j2,z,t)..
4665      DEoilpetrol(j2,z,t) =e= {[(1 - beta_ENER_nelec(j2,z)) / (beta_ENER_nelec(j2,z))]
4666                              *[PCEcoalgas(j2,z,t) / PCEoilpetrol(j2,z,t)]}**sigma_ENER_nelec(j2,z) * DEcoalgas(j2,z,t);
4667   
4668   EQ9_6(ene2,j2,z,t)..
4669      DE(ene2,j2,z,t) =e= DEelec(j2,z,t) * AEEI(z,t);
4670   
4671   EQ9_7(ene5,j2,z,t)..
4672      DE(ene5,j2,z,t) =e= [beta_ENER_coalgas(ene5,j2,z) * PCEcoalgas(j2,z,t) / (P4(ene5,j2,z,t) + P4(ene5,j2,z,t) * CTAX(z,t) * CO2FACTOR2(ene5,j2,z,t))]
4673                          **sigma_ENER_coalgas(j2,z) * B_ENER_coalgas(j2,z)**(sigma_ENER_coalgas(j2,z) - 1)
4674                          * DEcoalgas(j2,z,t) * AEEI(z,t);
4675   
4676   EQ9_8(ene6,j2,z,t)..
4677      DE(ene6,j2,z,t) =e= [beta_ENER_oilprod(ene6,j2,z) * PCEoilpetrol(j2,z,t) / (P4(ene6,j2,z,t) + P4(ene6,j2,z,t) * CTAX(z,t) * CO2FACTOR2(ene6,j2,z,t))]
4678                          **sigma_ENER_oilprod(j2,z) * B_ENER_oilprod(j2,z)**(sigma_ENER_oilprod(j2,z) - 1)
4679                          * DEoilpetrol(j2,z,t) * AEEI(z,t);
4680   
4681  *==============================================================================
4682  * 5.3.2 Income and savings
4683  *==============================================================================
4684   EQ10(z,t)..
4685      YH(z,t) =e= YHL(z,t) + YHK(z,t) + REBATE(z,t) * recycle_hou(z,t)
4686                + SUM((BS, Z_GRN)$sameas(z, Z_GRN), PTSF(BS, Z_GRN, t) * TSFD(BS, Z_GRN, t));
4687   
4688   EQ11(z,t)..
4689      YHL(z,t) =e= SUM[(j)$LDO(j,z), W(z,t) * (LD(j,z,t))];
4690   
4691   EQ12(z,t)..
4692      YHK(z,t) =e= SUM[(k,j)$KDO(k,j,z), R(k,j,z,t) * (KD(k,j,z,t))];
4693   
4694   EQ13(z,t)..
4695      YDH(z,t) =e= YH(z,t) - TDH(z,t);
4696   
4697   EQ14(z,t)..
4698      CTH(z,t) =e= YDH(z,t) - SH(z,t);
4699   
4700   EQ15(z,t)..
4701      SH(z,t) =e= PIXCON(z,t)**eta * sh0(z,t) + sh1(z,t) * YDH(z,t);
4702   
4703  *==============================================================================
4704  * 5.3.2.2 Government
4705  *==============================================================================
4706   EQ16(z,t)..
4707      YG(z,t) =e= TDH(z,t) + TPRODN(z,t) + TPRCTS(z,t) + REBATE(z,t) * recycle_gov(z,t) - SUM(i1, PC(i1,z,t) * QDAC(z,t) * DAC_Tech_Coeff(i1));
4708   
4709   EQ16_1(z,t)..
4710      TCTAX(z,t) =e= SUM((ene,j), PC(ene,z,t) * CTAX(z,t) * CO2FACTOR2(ene,j,z,t) * DE(ene,j,z,t));
4711   
4712   EQ17(z,t)..
4713      TPRODN(z,t) =e= TIWT(z,t) + TIKT(z,t) + TIPT(z,t);
4714   
4715  EQ18(z,t)..
4716      TIWT(z,t) =e= SUM[(j)$LDO(j,z), TIW(j,z,t)] ;
4717   
4718   EQ19(z,t)..
4719      TIKT(z,t) =e= SUM[(k,j)$KDO(k,j,z), TIK(k,j,z,t)] ;
4720   
4721   EQ20(z,t)..
4722      TIPT(z,t) =e= SUM[j, TIP(j,z,t)] ;
4723   
4724   EQ21(z,t)..
4725      TPRCTS(z,t) =e= TICT(z,t) + TIMT(z,t) + TIXT(z,t);
4726   
4727   EQ22(z,t)..
4728      TICT(z,t) =e= SUM[i, TIC(i,z,t)];
4729   
4730   EQ23(z,t)..
4731      TIMT(z,t) =e= SUM[(i,zj)$IMO(i,zj,z), TIM(i,zj,z,t)];
4732   
4733   EQ24(z,t)..
4734      TIXT(z,t) =e= SUM[(i,zj)$EXO(i,z,zj), TIX(i,z,zj,t)];
4735   
4736   EQ25(z,t)..
4737      TDH(z,t) =e= PIXCON(z,t)**eta * ttdh0(z,t) + ttdh1(z,t) * YH(z,t);
4738   
4739   EQ26(j,z,t)$LDO(j,z)..
4740      TIW(j,z,t) =e= ttiw(j,z,t) * W(z,t) * (LD(j,z,t)) - LaborRebate(j,z,t);
4741   
4742   EQ27(k,j,z,t)$KDO(k,j,z)..
4743      TIK(k,j,z,t) =e= ttik(k,j,z,t) * R(k,j,z,t) * (KD(k,j,z,t));
4744   
4745   EQ28(j,z,t)..
4746      TIP(j,z,t) =e= ttip(j,z,t) * PP(j,z,t) * XST(j,z,t);
4747   
4748   EQ29(i,z,t)..
4749      TIC(i,z,t) =e= ttic(i,z,t) * {
4750                     [PL(i,z,t) * DD(i,z,t)]$DDO(i,z)
4751                   + [SUM[zj$IMO(i,zj,z), (1 + ttim(i,zj,z,t)) * IM(i,zj,z,t) * e(z,t)
4752                     *(PWM(i,zj,z,t) + SUM(ij, PWMG(ij,t) * tmrg(ij,i,zj,z)))]]
4753                   };
4754   
4755   EQ30(i,zj,z,t)$IMO(i,zj,z)..
4756      TIM(i,zj,z,t) =e= ttim(i,zj,z,t) * IM(i,zj,z,t) * e(z,t) * (PWM(i,zj,z,t) + SUM[ij, PWMG(ij,t) * tmrg(ij,i,zj,z)]);
4757   
4758   EQ31(i,z,zj,t)$EXO(i,z,zj)..
4759      TIX(i,z,zj,t) =e= ttix(i,z,zj,t) * PE(i,z,zj,t) * EX(i,z,zj,t);
4760   
4761   EQ32(z,t)..
4762      SG(z,t) =e= YG(z,t) - G(z,t);
4763   
4764  *==============================================================================
4765  * 5.3.2.4 Rest of the world
4766  *==============================================================================
4767   EQ33(z,t)..
4768      YROW(z,t) =e= e(z,t) * SUM{(i,zj)$IMO(i,zj,z), IM(i,zj,z,t) * [PWM(i,zj,z,t) + SUM(ij, PWMG(ij,t) * tmrg(ij,i,zj,z))]}+YROW_RES(z);
4769   
4770   EQ34(z,t)..
4771      SROW(z,t) =e= YROW(z,t) - e(z,t) * SUM[(i,zj)$EXO(i,z,zj), EX(i,z,zj,t) * PWX(i,z,zj,t)]
4772                    - e(z,t) * SUM[i$MRGNO(i,z), MRGN(i,z,t) * PWMG(i,t)]
4773                    - [(S3_EMISSIONS(z,t)/10000 - PERMIT_TOTAL(z,t)) * NEA_REGIONAL_CTAX(t)]$NEA(z);
4774   
4775   EQ35(z,t)..
4776      SROW(z,t) =e= -CAB(z,t);
4777   
4778  *==============================================================================
4779  * 5.3.3 Demand
4780  *==============================================================================
4781   EQ36(i,z,t)..
4782      PC(i,z,t) * C(i,z,t) =e= PC(i,z,t) * (CMIN(i,z,t))
4783                             + gamma_LES(i,z) * {CTH(z,t) - SUM[ij, PC(ij,z,t) * (CMIN(ij,z,t))]};
4784   
4785   EQ37(i,z,t)..
4786      PC(i,z,t) * INV(i,z,t) =e= gamma_INV(i,z) * IT(z,t);
4787   
4788   EQ38(i,z,t)..
4789      PC(i,z,t) * CG(i,z,t) =e= gamma_GVT(i,z) * G(z,t);
4790   
4791   EQ39(nene,z,t)..
4792      DIT(nene,z,t) =e= SUM[j, DI(nene,j,z,t)];
4793   
4794   EQ39_1(ene1,z,t)..
4795      DIT(ene1,z,t) =e= SUM[j, DE(ene1,j,z,t)];
4796   
4797   EQ39_2(ene2,z,t)..
4798      DIT(ene2,z,t) =e= SUM[j, DE(ene2,j,z,t)];
4799   
4800  *==============================================================================
4801  * 5.3.4 International trade
4802  *==============================================================================
4803   EQA_1(z,t)..
4804      XS('18_TnD','18_ELEC',z,t) =e= TnDShare(z) * XS_I('18_ELEC',z,t);
4805   
4806   EQA_2(z,t)..
4807      XS_I('18_ELEC',z,t) =e= XS('18_TnD','18_ELEC',z,t) + QPOWER(z,t);
4808   
4809   EQA_3(BS, Conv, I_BS, Z_GRN, t)$MAP_BS(BS, Conv, I_BS)..
4810      XS_I(I_BS, Z_GRN, t) =e= QBS(BS, Z_GRN, t);
4811   
4812   EQA_3_OTH(BS, Conv, I_BS, Z_OTH, t)$MAP_BS(BS, Conv, I_BS)..
4813      XS_I(I_BS, Z_OTH, t) =e= XS(Conv, I_BS, Z_OTH, t);
4814   
4815   EQA_4(z,t)..
4816      QPOWER(z,t) =e= B_X4(z) * SUM[POWER, beta_X4(power,z) * XS(POWER,'18_ELEC',z,t)**(-rho_X4(z))]**(-1 / rho_X4(z));
4817   
4818   EQA_5(power,'18_ELEC',z,t)..
4819      XS(POWER,'18_ELEC',z,t) =e= QPOWER(z,t) / B_X4(z)**(1 - sigma_X4(z)) *
4820                                  [beta_X4(power,z) * PPOWER(z,t) / P2(POWER,'18_ELEC',z,t)]**sigma_X4(z);
4821   
4822  EQA_6(BS, Conv, I_BS, Z_GRN, t)$MAP_BS(BS, Conv, I_BS)..
4823      QBS(BS, Z_GRN, t) =e= B_BS(BS, Z_GRN) * (
4824            beta_BS_t(Conv, I_BS, Z_GRN, t) * XS(Conv, I_BS, Z_GRN, t)**(-rho_BS(BS, Z_GRN))
4825          + beta_BS_t(BS, I_BS, Z_GRN, t) * XS(BS, I_BS, Z_GRN, t)**(-rho_BS(BS, Z_GRN))
4826      )**(-1 / rho_BS(BS, Z_GRN));
4827   
4828   EQA_7_CONV(BS, Conv, I_BS, Z_GRN, t)$MAP_BS(BS, Conv, I_BS)..
4829      XS(Conv, I_BS, Z_GRN, t) =e= QBS(BS, Z_GRN, t) / B_BS(BS, Z_GRN)**(1 - sigma_BS(BS, Z_GRN)) *
4830          [beta_BS_t(Conv, I_BS, Z_GRN, t) * PBS(BS, Z_GRN, t) / P2(Conv, I_BS, Z_GRN, t)]**sigma_BS(BS, Z_GRN);
4831   
4832   EQA_7_BS(BS, Conv, I_BS, Z_GRN, t)$MAP_BS(BS, Conv, I_BS)..
4833      XS(BS, I_BS, Z_GRN, t) =e= QBS(BS, Z_GRN, t) / B_BS(BS, Z_GRN)**(1 - sigma_BS(BS, Z_GRN)) *
4834          [beta_BS_t(BS, I_BS, Z_GRN, t) * PBS(BS, Z_GRN, t) / P2(BS, I_BS, Z_GRN, t)]**sigma_BS(BS, Z_GRN);
4835   
4836   EQB_1(i2,z,t)..
4837      XS_I(i2,z,t) =e= B_X3(i2,z) * SUM[j$XSO(j,i2,z), beta_X3(j,i2,z) * XS(j,i2,z,t)**(-rho_X3(i2,z))]**(-1 / rho_X3(i2,z));
4838   
4839   EQB_2(j,i2,z,t)${DSO(j,i2,z) and [DSO(j,i2,z) ne DSO_I(i2,z)]}..
4840      XS(j,i2,z,t) =e= XS_I(i2,z,t) / B_X3(i2,z)**(1 - sigma_X3(i2,z)) *[beta_X3(j,i2,z) * P(i2,z,t) / P2(j,i2,z,t)]**sigma_X3(i2,z);
4841   
4842   EQB_3(j,i,z,t)${DSO(j,i,z)}..
4843      P2(j,i,z,t) =e= PT(j,z,t);
4844   
4845   EQB_4(j,i,z,t)$DSO(j,i,z)..
4846  *    P2(j,i,z,t) * XS(j,i,z,t) =e= [PET(i,z,t) * EXTT(j,i,z,t)]$EXTTO(j,i,z)
4847  *                                + [e(z,t) * MRGN(i,z,t) * PWMG(i,t)]$MRGNO(i,z)
4848  *                                + [PL(i,z,t) * DS(j,i,z,t)]$DSO(j,i,z);
4849   
4850      P2(j,i,z,t) * XS(j,i,z,t) =e= [PET(i,z,t) * EXTT(j,i,z,t)]$EXTTO(j,i,z)
4851                                  + [e(z,t) * MRGN(i,z,t) * PWMG(i,t) * SHR_MRGN(j,i,z)]$MRGNO(i,z)
4852                                  + [PL(i,z,t) * DS(j,i,z,t)]$DSO(j,i,z);
4853   
4854   EQB_5(j,i,z,t)$DSO(j,i,z)..
4855      EXTT(j,i,z,t) =e= theta2(j,i,z) * EXT(i,z,t);
4856   
4857   EQ40_3(i,z,t)..
4858      DS_I(i,z,t) =e= SUM(j, DS(j,i,z,t)$DSO(j,i,z));
4859   
4860   EQ40_4(j,z,t)..
4861      XST(j,z,t)  =e= SUM(i, XS(j,i,z,t)$XSO(j,i,z));
4862   
4863   EQ40_5(i,z,t)..
4864      XS_I(i,z,t) =e= B_X1(i,z) * {
4865                      [beta_EX_X1(i,z) * EXT(i,z,t)**rho_X1(i,z)]$EXTO(i,z)
4866                    + [beta_D_X1(i,z) * DS_I(i,z,t)**rho_X1(i,z)]$DSO_I(i,z)
4867                    + [(1 - beta_EX_X1(i,z) - beta_D_X1(i,z)) * MRGN(i,z,t)**rho_X1(i,z)]$MRGNO(i,z)
4868                    }**(1 / rho_X1(i,z));
4869   
4870   EQ41(i,z,t)$[EXTO(i,z) and DSO_I(i,z)]..
4871      EXT(i,z,t) =e= {[beta_D_X1(i,z) / beta_EX_X1(i,z)] * [PET(i,z,t) / PL(i,z,t)]}**sigma_X1(i,z) * DS_I(i,z,t);
4872   
4873   EQ42(i,z,t)$[MRGNO(i,z) and DSO_I(i,z)]..
4874      MRGN(i,z,t) =e= {[beta_D_X1(i,z) / (1 - beta_EX_X1(i,z) - beta_D_X1(i,z))] * [e(z,t) * PWMG(i,t) / PL(i,z,t)]}**sigma_X1(i,z) * DS_I(i,z,t);
4875   
4876   EQ43(i,z,t)$EXTO(i,z)..
4877      EXT(i,z,t) =e= B_X2(i,z) * SUM[zj$EXO(i,z,zj), beta_X2(i,z,zj) * EX(i,z,zj,t)**rho_X2(i,z)]**(1 / rho_X2(i,z));
4878   
4879   EQ44(i,z,zj,t)$EXO(i,z,zj)..
4880      EX(i,z,zj,t) =e= EXT(i,z,t) / B_X2(i,z)**(1 + sigma_X2(i,z)) *
4881                       [PE(i,z,zj,t) / (beta_X2(i,z,zj) * PET(i,z,t))]**sigma_X2(i,z);
4882   
4883   EQ45(i,z,t)..
4884      Q(i,z,t) =e= B_M1(i,z) * {
4885                   [beta_M1(i,z) * IMT(i,z,t)**(-rho_M1(i,z))]$IMTO(i,z)
4886                 + [(1 - beta_M1(i,z)) * DD(i,z,t)**(-rho_M1(i,z))]$DDO(i,z)
4887                   }**(-1 / rho_M1(i,z));
4888   
4889   EQ46(i,z,t)$[IMTO(i,z) and DDO(i,z)]..
4890      IMT(i,z,t) =e= {[beta_M1(i,z) / (1 - beta_M1(i,z))] * [PD(i,z,t) / PMT(i,z,t)]}**sigma_M1(i,z) * DD(i,z,t);
4891   
4892   EQ47(i,z,t)$IMTO(i,z)..
4893      IMT(i,z,t) =e= B_M2(i,z) * SUM[zj$IMO(i,zj,z), beta_M2(i,zj,z) * IM(i,zj,z,t)**(-rho_M2(i,z))]**(-1 / rho_M2(i,z));
4894   
4895   EQ48(i,zj,z,t)$IMO(i,zj,z)..
4896      IM(i,zj,z,t) =e= IMT(i,z,t) / B_M2(i,z)**(1 - sigma_M2(i,z)) *
4897                       [beta_M2(i,zj,z) * PMT(i,z,t) / PM(i,zj,z,t)]**sigma_M2(i,z);
4898   
4899  *==============================================================================
4900  * 5.3.5 Prices
4901  *==============================================================================
4902   EQ49(j2,z,t)..
4903      PP(j2,z,t) * XST(j2,z,t) =e= PKLE(j2,z,t) * KLE(j2,z,t) + PCI(j2,z,t) * CI(j2,z,t);
4904   
4905  EQ49_1(j3,z,t)$[not BS(j3)]..
4906      PP(j3,z,t) * XST(j3,z,t) =e= PVA(j3,z,t) * VA(j3,z,t) + PCI(j3,z,t) * CI(j3,z,t) + PCE(j3,z,t) * CE(j3,z,t);
4907   
4908   EQ50(j,z,t)..
4909      PT(j,z,t) =e= (1 + ttip(j,z,t)) * PP(j,z,t);
4910   
4911   EQ51(j,z,t)..
4912      PCI(j,z,t) * CI(j,z,t) =e= SUM[nene, PC(nene,z,t) * DI(nene,j,z,t)];
4913   
4914   EQ51_2(j3,z,t)..
4915      PCE(j3,z,t) * CE(j3,z,t) =e= SUM[ene, PC(ene,z,t) * DE(ene,j3,z,t) + PC(ene,z,t) * CTAX(z,t) * CO2FACTOR2(ene,j3,z,t) * DE(ene,j3,z,t)];
4916   
4917   EQ51_1(j2,z,t)..
4918      PCE(j2,z,t) * CE(j2,z,t) =e= [PCEelec(j2,z,t) * DEelec(j2,z,t) + PCEnelec(j2,z,t) * DEnelec(j2,z,t)];
4919   
4920   EQ51_3(j2,z,t)..
4921      PCEelec(j2,z,t) * DEelec(j2,z,t) =e= PC("18_ELEC",z,t) * DE("18_ELEC",j2,z,t);
4922   
4923   EQ51_4(j2,z,t)..
4924      PCEnelec(j2,z,t) * DEnelec(j2,z,t) =e= [PCEcoalgas(j2,z,t) * DEcoalgas(j2,z,t) + PCEoilpetrol(j2,z,t) * DEoilpetrol(j2,z,t)];
4925   
4926   EQ51_5(j2,z,t)..
4927      PCEcoalgas(j2,z,t) * DEcoalgas(j2,z,t) =e= [PC("02_COAL",z,t) * DE("02_COAL",j2,z,t) + PC("02_COAL",z,t) * CTAX(z,t) * CO2FACTOR2("02_COAL",j2,z,t) * DE("02_COAL",j2,z,t)
4928                                               + PC("04_GAS",z,t) * DE("04_GAS",j2,z,t) + PC("04_GAS",z,t) * CTAX(z,t) * CO2FACTOR2("04_GAS",j2,z,t) * DE("04_GAS",j2,z,t)];
4929   
4930   EQ51_6(j2,z,t)..
4931      PCEoilpetrol(j2,z,t) * DEoilpetrol(j2,z,t) =e= [PC("03_OIL",z,t) * DE("03_OIL",j2,z,t) + PC("03_OIL",z,t) * CTAX(z,t) * CO2FACTOR2("03_OIL",j2,z,t) * DE("03_OIL",j2,z,t)
4932                                                   + PC("10_PETROLCOAL",z,t) * DE("10_PETROLCOAL",j2,z,t) + PC("10_PETROLCOAL",z,t) * CTAX(z,t) * CO2FACTOR2("10_PETROLCOAL",j2,z,t) * DE("10_PETROLCOAL",j2,z,t)];
4933   
4934  EQ52(j,z,t)..
4935      PVA(j,z,t) * VA(j,z,t) =e= [WC(j,z,t) * LDC(j,z,t)]$LDCO(j,z)
4936                               + [RC(j,z,t) * KDC(j,z,t)]$KDCO(j,z);
4937   
4938   EQ52_1(j2,z,t)..
4939      PKLE(j2,z,t) * KLE(j2,z,t) =e= [PVA(j2,z,t) * VA(j2,z,t)]$VAO(j2,z)
4940                                   + [PCE(j2,z,t) * CE(j2,z,t)]$CEO(j2,z);
4941   
4942   EQ53(j,z,t)..
4943      WC(j,z,t) * LDC(j,z,t) =e= WTI(j,z,t) * (LD(j,z,t));
4944   
4945   EQ54(j,z,t)$LDO(j,z)..
4946      WTI(j,z,t) * LD(j,z,t) =e= W(z,t) * (1 + ttiw(j,z,t)) * LD(j,z,t) - LaborRebate(j,z,t);
4947   
4948   EQ54_1(ene,j2,z,t)$DEO(ene,j2,z)..
4949      P4(ene,j2,z,t) =e= PC(ene,z,t);
4950   
4951   EQ56(k,j,z,t)$KDO(k,j,z)..
4952      RTI(k,j,z,t) =e= R(k,j,z,t) * (1 + ttik(k,j,z,t));
4953   
4954   EQ58(i,z,t)..
4955      P(i,z,t) * XS_I(i,z,t) =e= [PL(i,z,t) * DS_I(i,z,t)]$DSO_I(i,z)
4956                               + [PET(i,z,t) * EXT(i,z,t)]$EXTO(i,z)
4957                               + [e(z,t) * PWMG(i,t) * MRGN(i,z,t)]$MRGNO(i,z);
4958   
4959   EQ60(i,z,zj,t)$EXO(i,z,zj)..
4960      PE(i,z,zj,t) * (1 + ttix(i,z,zj,t)) =e= e(z,t) * PWX(i,z,zj,t);
4961   
4962   EQ61(i,z,t)$DDO(i,z)..
4963      PD(i,z,t) =e= (1 + ttic(i,z,t)) * PL(i,z,t);
4964   
4965   EQ62(i,zj,z,t)$IMO(i,zj,z)..
4966      PM(i,zj,z,t) =e= (1 + ttic(i,z,t)) * (1 + ttim(i,zj,z,t)) * e(z,t) * (PWM(i,zj,z,t) + SUM[ij, PWMG(ij,t) * tmrg(ij,i,zj,z)]);
4967   
4968   EQ64(i,z,t)..
4969      PC(i,z,t) * Q(i,z,t) =e= [PD(i,z,t) * DD(i,z,t)]$DDO(i,z) + [PMT(i,z,t) * IMT(i,z,t)]$IMTO(i,z);
4970   
4971  EQ66(z,t)..
4972      PIXGDP(z,t) =e= {
4973        ( SUM[j$XSTO(j,z), {(PVA(j,z,t) * VA(j,z,t) + TIP(j,z,t)) / VA(j,z,t)} * VAO(j,z)]
4974          + SUM[(BS, Z_GRN)$(sameas(z, Z_GRN) and XSTO(BS, Z_GRN)), PTSF(BS, Z_GRN, t) * TSFO(BS, Z_GRN)] )
4975        /
4976        ( SUM[j$XSTO(j,z), {(PVAO(j,z) * VAO(j,z) + TIPO(j,z)) / VAO(j,z)} * VAO(j,z)]
4977          + SUM[(BS, Z_GRN)$(sameas(z, Z_GRN) and XSTO(BS, Z_GRN)), PTSFO(BS, Z_GRN) * TSFO(BS, Z_GRN)] )
4978        * ( SUM[j$XSTO(j,z), {(PVA(j,z,t) * VA(j,z,t) + TIP(j,z,t)) / VA(j,z,t)} * VA(j,z,t)]
4979          + SUM[(BS, Z_GRN)$(sameas(z, Z_GRN) and XSTO(BS, Z_GRN)), PTSF(BS, Z_GRN, t) * TSFD(BS, Z_GRN, t)] )
4980        /
4981        ( SUM[j$XSTO(j,z), {(PVAO(j,z) * VAO(j,z) + TIPO(j,z)) / VAO(j,z)} * VA(j,z,t)]
4982          + SUM[(BS, Z_GRN)$(sameas(z, Z_GRN) and XSTO(BS, Z_GRN)), PTSFO(BS, Z_GRN) * TSFD(BS, Z_GRN, t)] )
4983      }**0.5;
4984   
4985   EQ67(t)..
4986      PIXGDP_W(t) =e= {
4987        ( SUM[(j,z)$XSTO(j,z), {(PVA(j,z,t) * VA(j,z,t) + TIP(j,z,t)) / VA(j,z,t)} * VAO(j,z) / e(z,t)]
4988          + SUM[(BS, Z_GRN)$XSTO(BS, Z_GRN), PTSF(BS, Z_GRN, t) * TSFO(BS, Z_GRN) / e(Z_GRN, t)] )
4989        /
4990        ( SUM[(j,z)$XSTO(j,z), {(PVAO(j,z) * VAO(j,z) + TIPO(j,z)) / VAO(j,z)} * VAO(j,z) / eO(z)]
4991          + SUM[(BS, Z_GRN)$XSTO(BS, Z_GRN), PTSFO(BS, Z_GRN) * TSFO(BS, Z_GRN) / eO(Z_GRN)] )
4992        * ( SUM[(j,z)$XSTO(j,z), {(PVA(j,z,t) * VA(j,z,t) + TIP(j,z,t)) / VA(j,z,t)} * VA(j,z,t) / e(z,t)]
4993          + SUM[(BS, Z_GRN)$XSTO(BS, Z_GRN), PTSF(BS, Z_GRN, t) * TSFD(BS, Z_GRN, t) / e(Z_GRN, t)] )
4994        /
4995        ( SUM[(j,z)$XSTO(j,z), {(PVAO(j,z) * VAO(j,z) + TIPO(j,z)) / VAO(j,z)} * VA(j,z,t) / eO(z)]
4996          + SUM[(BS, Z_GRN)$XSTO(BS, Z_GRN), PTSFO(BS, Z_GRN) * TSFD(BS, Z_GRN, t) / eO(Z_GRN)] )
4997      }**0.5;
4998   
4999   EQ68(z,t)..
5000      PIXCON(z,t) =e= SUM[i, PC(i,z,t) * CO(i,z)] / SUM[i, PCO(i,z) * CO(i,z)];
5001   
5002   EQ69(z,t)..
5003      PIXINV(z,t) =e= PROD[i$gamma_INV(i,z), (PC(i,z,t) / PCO(i,z))**gamma_INV(i,z)];
5004   
5005   EQ70(z,t)..
5006      PIXGVT(z,t) =e= PROD[i$gamma_GVT(i,z), (PC(i,z,t) / PCO(i,z))**gamma_GVT(i,z)];
5007   
5008  *==============================================================================
5009  * 5.3.6 Equilibrium
5010  *==============================================================================
5011  EQ71(i1,z,t)..
5012      Q(i1,z,t) =e= C(i1,z,t) + CG(i1,z,t) + INV(i1,z,t) + DIT(i1,z,t) + (QDAC(z,t) * DAC_Tech_Coeff(i1)) ;
5013   
5014   EQ72(z,t)..
5015      LS(z,t) =e= SUM[j$LDO(j,z), LD(j,z,t)] ;
5016   
5017   EQ73(k,z,t)$KSO(k,z)..
5018      KS(k,z,t) =e= SUM[j$KDO(k,j,z), KD(k,j,z,t)] ;
5019   
5020   EQ74(z,t)..
5021      IT(z,t) =e= SH(z,t) + SG(z,t) - CAB(z,t);
5022   
5023   EQ75(z,t)..
5024      DEP(z,t) =e= PK(z,t) * delta(z) * SUM[k$KSO(k,z), KS(k,z,t)];
5025   
5026   EQ76(i,z,t)$DDO(i,z)..
5027      SUM[j$DSO(j,i,z), DS(j,i,z,t)] =e= DD(i,z,t);
5028   
5029   EQ77(i,z,zj,t)$EXO(i,z,zj)..
5030      EX(i,z,zj,t) =e= IM(i,z,zj,t);
5031   
5032   EQ78(i,z,zj,t)$EXO(i,z,zj)..
5033      PWX(i,z,zj,t) =e= PWM(i,z,zj,t);
5034   
5035   EQ79(i,t)..
5036      SUM[z$MRGNO(i,z), MRGN(i,z,t)] =e= SUM[(z,zj,ij)$IMO(ij,zj,z), tmrg(i,ij,zj,z) * IM(ij,zj,z,t)]+MRGN_RES(i) ;
5037   
5038  *==============================================================================
5039  * 5.3.7 Gross domestic product
5040  *==============================================================================
5041   EQ81(z,t)..
5042      GDP_BP(z,t) =e= SUM[j, PVA(j,z,t) * VA(j,z,t)] + TIPT(z,t)
5043                    + SUM((BS, Z_GRN)$sameas(z, Z_GRN), PTSF(BS, Z_GRN, t) * TSFD(BS, Z_GRN, t));
5044   
5045   EQ82(z,t)..
5046      GDP_MP(z,t) =e= GDP_BP(z,t) + TPRCTS(z,t) + TCTAX(z,t);
5047   
5048   EQ83(z,t)..
5049      GDP_IB(z,t) =e= SUM[(j)$LDO(j,z), W(z,t) * (LD(j,z,t))]
5050                    + SUM[(k,j)$KDO(k,j,z), R(k,j,z,t) * (KD(k,j,z,t))]
5051                    + SUM((BS, Z_GRN)$sameas(z, Z_GRN), PTSF(BS, Z_GRN, t) * TSFD(BS, Z_GRN, t))
5052                    + TPRCTS(z,t) + TPRODN(z,t) + TCTAX(z,t);
5053   
5054   EQ84(z,t)..
5055      GDP_FD(z,t) =e= SUM[i, PC(i,z,t) * (C(i,z,t) + CG(i,z,t) + INV(i,z,t))]
5056                    + SUM[(i,zj)$EXO(i,z,zj), e(z,t) * PWX(i,z,zj,t) * EX(i,z,zj,t)]
5057                    + SUM[i$MRGNO(i,z), e(z,t) * PWMG(i,t) * MRGN(i,z,t)]
5058                    - SUM[(i,zj)$IMO(i,zj,z), e(z,t) * IM(i,zj,z,t) * (PWM(i,zj,z,t) + SUM[ij, PWMG(ij,t) * tmrg(ij,i,zj,z)])]
5059                    + SUM(i1, PC(i1,z,t) * QDAC(z,t) * DAC_Tech_Coeff(i1));
5060   
5061   EQ85(t)..
5062      GDP_BP_W(t) =e= SUM[z, GDP_BP(z,t) / e(z,t)];
5063   
5064  *==============================================================================
5065  * 5.3.8 Real (volume) variables computed from price indices
5066  *==============================================================================
5067   EQ86(z,t)..
5068      CTH_REAL(z,t) =e= CTH(z,t) / PIXCON(z,t);
5069   
5070   EQ87(z,t)..
5071      G_REAL(z,t) =e= G(z,t) / PIXGVT(z,t);
5072   
5073   EQ88(z,t)..
5074      GDP_BP_REAL(z,t) =e= GDP_BP(z,t) / PIXGDP(z,t);
5075   
5076   EQ89(t)..
5077      GDP_BP_W_REAL(t) =e= GDP_BP_W(t) / PIXGDP_W(t);
5078   
5079   EQ90(z,t)..
5080      GDP_MP_REAL(z,t) =e= GDP_MP(z,t) / PIXCON(z,t);
5081   
5082   EQ91(z,t)..
5083      IT_REAL(z,t) =e= IT(z,t) / PIXINV(z,t);
5084   
5085   EQ92(z,t)..
5086      CABX(z,t) =e= CAB(z,t) / [PIXGDP_W(t) * e(z,t)];
5087   
5088  *==============================================================================
5089  * 5.3.8 Dynamic equations
5090  *==============================================================================
5091   EQ94(z,t)..
5092      IT(z,t) =e= PK(z,t) * SUM[(k,j)$KDO(k,j,z), IND(k,j,z,t)];
5093   
5094   EQ95(z,t)..
5095      PK(z,t) =e= 1 / A_K(z) * PROD[i$gamma_INV(i,z), (PC(i,z,t) / gamma_INV(i,z))**gamma_INV(i,z)];
5096   
5097   EQ96(k,bus,z,t)$KDO(k,bus,z)..
5098      IND(k,bus,z,t) =e= phi(z,t) * [R(k,bus,z,t) / U(z,t)]**sigma_INV(k,bus,z) * (KD(k,bus,z,t));
5099   
5100   EQ97a(z,t)..
5101      IR(z,t) =e= {SUM[(k,j)$KDO(k,j,z), R(k,j,z,t) * (KD(k,j,z,t))] - DEP(z,t)} /
5102                  {PK(z,t) * SUM[(k,j)$KDO(k,j,z), (KD(k,j,z,t))]};
5103   
5104   EQ97b(z,t)..
5105      U(z,t) =e= PK(z,t) * (delta(z) + IR(z,t));
5106   
5107  *==============================================================================
5108  * 5.3.9 Other
5109  *==============================================================================
5110   WALRAS(z,t)..
5111      LEON(z,t) =e= Q('01_AGRICULT',z,t) - C('01_AGRICULT',z,t) - CG('01_AGRICULT',z,t) - INV('01_AGRICULT',z,t) - DIT('01_AGRICULT',z,t);
5112   
5113  *================================================================================
5114  * 6 Labour Supply
5115  *================================================================================
5116   EQ106(z,t)..
5117      LS(z,t) =e= LST(z,t) * ((W(z,t) / PIXCON(z,t)) / (W_lag(z,t) / PIXCON_lag(z,t)))**elasLS(z);
5118   
5119  *==============================================================================
5120  * 7 PERMIT
5121  *==============================================================================
5122   EQ107(j,z,t)..
5123      PERMIT(j,z,t) =e= SUM(ene, CO2FACTOR2(ene,j,z,t) * DE(ene,j,z,t));
5124   
5125   EQ108(z,t)..
5126      PERMIT_TOTAL(z,t) =e= SUM(j, PERMIT(j,z,t)) - QDAC(z,t) * switchDAC(z,t);
5127   
5128   EQ_NEA_Cap(t)..
5129      SUM(NEA, PERMIT_TOTAL(NEA, t)) =e= S4_PERMIT(t)/10000;
5130   
5131  EQ_NEA_Price_Sync(NEA, t)..
5132      CTAX(NEA, t) =e= NEA_REGIONAL_CTAX(t);
5133   
5134  EQ_Independent_Cap(PERMITOTH, t)..
5135      PERMIT_TOTAL(PERMITOTH, t) =e= S3_EMISSIONS(PERMITOTH, t)/10000;
5136   
5137  *==============================================================================
5138  * 8 Carbon Tax Revenue Recycling
5139  *==============================================================================
5140  EQ109(z,t)..
5141      REBATE(z,t) =e= TCTAX(z,t) + [(S3_EMISSIONS(z, t)/10000- PERMIT_TOTAL(z, t)) * NEA_REGIONAL_CTAX(t)]$NEA(Z);
5142   
5143   EQ110(j,z,t)..
5144      TIW_Share(j,z,t) =e= LD(j,z,t) / SUM(jj, LD(jj,z,t));
5145   
5146   EQ111(j,z,t)..
5147      LaborRebate(j,z,t) =e= TIW_Share(j,z,t) * TCTAX(z,t) * recycle_labor(z,t);
5148   
5149  *==============================================================================
5150  * 9 DAC
5151  *==============================================================================
5152   EQ118(z,t)..
5153      QDAC(z,t) =e= DAC_MAX(z) * DAC_growth_rate(z,t) * switchDAC(z,t);
5154   
5155   EQ_OBJ..
5156      OBJ =e= 1.0;
5157   
5158  *==============================================================================
5159  * 10 TSF Equations - CES
5160  *==============================================================================
5161   EQ_PP_GRN(BS, Z_GRN, t)..
5162      PP(BS, Z_GRN, t) * XST(BS, Z_GRN, t) =e= PVAT(BS, Z_GRN, t) * VAT(BS, Z_GRN, t)
5163                                             + PCI(BS, Z_GRN, t) * CI(BS, Z_GRN, t)
5164                                             + PCE(BS, Z_GRN, t) * CE(BS, Z_GRN, t);
5165   
5166   EQ_VA_GRN(BS, Z_GRN, t)..
5167      VA(BS, Z_GRN, t) =e= VAT(BS, Z_GRN, t)
5168                         * (beta_VAT(BS, Z_GRN) * PVAT(BS, Z_GRN, t) / PVA(BS, Z_GRN, t))**sigma_VAT(BS, Z_GRN)
5169                         * (B_VAT_t(BS, Z_GRN, t))**(sigma_VAT(BS, Z_GRN) - 1);
5170   
5171   EQ_VAT_REQ(BS, Z_GRN, t)..
5172      VAT(BS, Z_GRN, t) =e= v_vat(BS, Z_GRN) * XST(BS, Z_GRN, t);
5173   
5174  EQ_PVAT(BS, Z_GRN, t)..
5175      PVAT(BS, Z_GRN, t) * VAT(BS, Z_GRN, t) =e= PVA(BS, Z_GRN, t) * VA(BS, Z_GRN, t)
5176                                               + PTSF(BS, Z_GRN, t) * TSFD(BS, Z_GRN, t);
5177   
5178   EQ_TSFD(BS, Z_GRN, t)..
5179      TSFD(BS, Z_GRN, t) =e= VAT(BS, Z_GRN, t)
5180                           * ((1 - beta_VAT(BS, Z_GRN)) * PVAT(BS, Z_GRN, t) / PTSF(BS, Z_GRN, t))**sigma_VAT(BS, Z_GRN)
5181                           * (B_VAT_t(BS, Z_GRN, t))**(sigma_VAT(BS, Z_GRN) - 1);
5182   
5183   EQ_TSFMKT(BS, Z_GRN, t)..
5184      TSFS(BS, Z_GRN, t) =e= TSFD(BS, Z_GRN, t);
5185   
5186  * ===================================================================
5187  * 11. Terms of Trade (ToT) Equations (Bilateral World Prices)
5188  * ===================================================================
5189   EQ_PX_INDEX(z,t)..
5190      PX_INDEX(z,t) =e= SUM((i,zj)$VFOB0(i,z,zj), W_EXP(i,z,zj) * (PWX(i,z,zj,t) / PWX0(i,z,zj)));
5191   
5192   EQ_PM_INDEX(z,t)..
5193      PM_INDEX(z,t) =e= SUM((i,zj)$VCIF0(i,zj,z), W_IMP(i,zj,z) * ( (PWM(i,zj,z,t) + SUM(ij, PWMG(ij,t) * tmrg(ij,i,zj,z))) / PCIF0(i,zj,z) ));
5194   
5195   EQ_TOT(z,t)..
5196      TOT(z,t) * PM_INDEX(z,t) =e= PX_INDEX(z,t);
5197   
5198  *==============================================================================
5199  * 6 Numerical resolution to compute A_VA, sh0, G, G_REAL and IND
5200  *==============================================================================
5201  option cns = conopt4;
5202  *option cns = path;
5203  *option cns = minos;
5204  *option nlp = conopt4;
5205   
5206  *option iterlim = 0;
5207  *option limrow = 100, limcol = 100;
5208  *option conopt4.TolPiv = 1e-6;
5209  *option iterlim = 100;
5210  *option reslim = 1000;
5211  *option lmmxsf = t ;
5212  *Eliminating display of solution makes it easier to check whether model solves
5213  *and to identify year when it crashes.
5214  *option profile=1;
5215  *option profile=3;
5216  *option profiletol=10;
5217   
5218  *Fast solve option
5219  option profile=0;
5220  option limrow=0, limcol=0, solprint = off;
5359   K_idle.fx(k,j,z,time)        = 0;
****           $140
**** LINE    113 INCLUDE     C:\Users\kimc0\GUIDE_GLOBAL_CGE\10. NEA_Integrated Carbon Market(ICM)\S5_NEAICM_ALL_NZ\NEAICM_ALL_NZ_SOLVE.gms
**** LINE   3367 INPUT       C:\Users\kimc0\GUIDE_GLOBAL_CGE\10. NEA_Integrated Carbon Market(ICM)\S5_NEAICM_ALL_NZ\NEAICM_ALL_NZ_Model.gms
**** 140  Unknown symbol
6018  SOLVE CGE USING CNS ;
****                      $257
**** LINE    456 INCLUDE     C:\Users\kimc0\GUIDE_GLOBAL_CGE\10. NEA_Integrated Carbon Market(ICM)\S5_NEAICM_ALL_NZ\NEAICM_ALL_NZ_SOLVE.gms
**** LINE   3367 INPUT       C:\Users\kimc0\GUIDE_GLOBAL_CGE\10. NEA_Integrated Carbon Market(ICM)\S5_NEAICM_ALL_NZ\NEAICM_ALL_NZ_Model.gms
**** 257  Solve statement not checked because of previous errors
6309   valLEON(z,time,'NEAICM_ALL_NZ') = LEON.l(z,time);
****                                          $141
**** LINE    285 INCLUDE     C:\Users\kimc0\GUIDE_GLOBAL_CGE\10. NEA_Integrated Carbon Market(ICM)\S5_NEAICM_ALL_NZ\NEAICM_ALL_NZ_RESULTS.gms
**** LINE   3368 INPUT       C:\Users\kimc0\GUIDE_GLOBAL_CGE\10. NEA_Integrated Carbon Market(ICM)\S5_NEAICM_ALL_NZ\NEAICM_ALL_NZ_Model.gms
**** 141  Symbol declared but no values have been assigned. Check for missing
****         data definition, assignment, data loading or implicit assignment
****         via a solve statement. Suppress with $onImplicitAssign.
****         A wild shot: You may have spurious commas in the explanatory
****         text of a declaration. Check symbol reference list.

**** LIST OF STRAY NAMES - CHECK DECLARATIONS FOR SPURIOUS COMMAS
**** STRAY NAME commodity OF TYPE SET  

**** 3 ERROR(S)   0 WARNING(S)


COMPILATION TIME     =        8.156 SECONDS      6 MB  45.7.0 64fbf3ce WEX-WEI


USER: Medium MUD - 10 User License                   S220825|0002AO-WIN
      Konkuk University, Dept of Technology Fusion Engineering  DC16297
      License for teaching and research at degree granting institutions


**** FILE SUMMARY

Input      C:\Users\kimc0\GUIDE_GLOBAL_CGE\10. NEA_Integrated Carbon Market(ICM)\S5_NEAICM_ALL_NZ\NEAICM_ALL_NZ_Model.gms
Output     C:\Users\kimc0\GUIDE_GLOBAL_CGE\10. NEA_Integrated Carbon Market(ICM)\S5_NEAICM_ALL_NZ\NEAICM_ALL_NZ_Model.lst

**** USER ERROR(S) ENCOUNTERED
